                                                                                     
                              ABACUS v3.11.0-beta.5

               Atomic-orbital Based Ab-initio Computation at UStc                    

                     Website: http://abacus.ustc.edu.cn/                             
               Documentation: https://abacus.deepmodeling.com/                       
                  Repository: https://github.com/abacusmodeling/abacus-develop       
                              https://github.com/deepmodeling/abacus-develop         
                      Commit: unknown

    Start Time is Wed Aug  5 15:20:56 2026
                                                                                     
 ------------------------------------------------------------------------------------

 READING GENERAL INFORMATION
                           global_out_dir = OUT.s1_mg_ksdft_sigma0p00734986/
                           global_in_card = INPUT
                               pseudo_dir = ./
                              orbital_dir = 
                                    DRANK = 1
                                    DSIZE = 4
                                   DCOLOR = 1
                                    GRANK = 1
                                    GSIZE = 1


 >>>>>>>>>>>>>>>>>>>>>>>>>>>>>>>>>>>>>>>>>>>>>>>>>>>>>>>>>>>>>>>>>>>>>>
 |                                                                    |
 |                        #Setup Unitcell#                            |
 | From the input file and the structure file we know the number of   |
 | different elments in this unitcell, then we list the detail        |
 | information for each element, especially the zeta and polar atomic |
 | orbital number for each element. The total atom number is counted. |
 | We calculate the nearest atom distance for each atom and show the  |
 | Cartesian and Direct coordinates for each atom. We list the file   |
 | address for atomic orbitals. The volume and the lattice vectors    |
 | in real and reciprocal space is also shown.                        |
 |                                                                    |
 <<<<<<<<<<<<<<<<<<<<<<<<<<<<<<<<<<<<<<<<<<<<<<<<<<<<<<<<<<<<<<<<<<<<<<

 READING UNITCELL INFORMATION
                       Number of elements = 1
                  Lattice constant (Bohr) = 1.88973
              Lattice constant (Angstrom) = 1

 READING ATOM TYPE 1
                               Atom label = Mg
                      L=0, number of zeta = 1
                      L=1, number of zeta = 1
                      L=2, number of zeta = 1
            Number of atoms for this type = 2

                        TOTAL ATOM NUMBER = 2

 DIRECT COORDINATES
 atom                  x                  y                  z     mag
   Mg     0.000000000000     0.000000000000     0.000000000000  0.0000
   Mg     0.666666666666     0.333333333334     0.500000000000  0.0000

 ATOMIC VELOCITIES
 atom                 vx                 vy                 vz
   Mg                  0                  0                  0
   Mg                  0                  0                  0

                     Cell volume (Bohr^3) = 313.675
                        Cell volume (A^3) = 46.4817

 Lattice vectors: (Cartesian coordinate: in unit of a_0)
              +3.2094                  +0                  +0
              -1.6047            +2.77942                  +0
                   +0                  +0             +5.2108
 Reciprocal vectors: (Cartesian coordinate: in unit of 2 pi/a_0)
            +0.311585           +0.179894                  -0
                   +0           +0.359787                  -0
                   +0                  -0           +0.191909

 #ENERGY SOLVER# ksdft_pw
 RUNNING WITH DEVICE  : CPU / Intel(R) Xeon(R) Platinum 8368Q CPU @ 2.60GHz (x2)


 >>>>>>>>>>>>>>>>>>>>>>>>>>>>>>>>>>>>>>>>>>>>>>>>>>>>>>>>>>>>>>>>>>>>>>
 |                                                                    |
 |                 #Read Pseudopotentials Files#                      |
 | ABACUS supports norm-conserving (NC) pseudopotentials for both     |
 | plane wave basis and numerical atomic orbital basis sets.          |
 | In addition, ABACUS supports ultrasoft pseudopotentials (USPP)     |
 | for plane wave basis set.                                          |
 |                                                                    |
 <<<<<<<<<<<<<<<<<<<<<<<<<<<<<<<<<<<<<<<<<<<<<<<<<<<<<<<<<<<<<<<<<<<<<<

                PAO radial cut off (Bohr) = 16

                     Pseudopotential file = mg.lda.lps
                     Pseudopotential type = 
          Exchange-correlation functional = PZ
                 Nonlocal core correction = 0
                        Valence electrons = 2
                                     Lmax = 0
                           Number of zeta = 0
                     Number of projectors = 0
                    DFT functional set to = XC_LDA_X+XC_LDA_C_PZ
         Number of pseudo atomic orbitals = 0
            Electron number of element Mg = 2
      Total electron number of element Mg = 4
          Autoset the number of electrons = 4
               Occupied electronic states = 2
     Number of electronic states (NBANDS) = 12


 >>>>>>>>>>>>>>>>>>>>>>>>>>>>>>>>>>>>>>>>>>>>>>>>>>>>>>>>>>>>>>>>>>>>>>
 |                                                                    |
 |           #Setup Plane Waves of Charge/Potential#                  |
 | Use the kinetic energy cutoff and the lattice vectors to generate  |
 | the dimensions of FFT grid, which is used to represent the charge  |
 | density or potential. If USPP is used, a double grid technique     |
 | is applied.                                                        |
 |                                                                    |
 <<<<<<<<<<<<<<<<<<<<<<<<<<<<<<<<<<<<<<<<<<<<<<<<<<<<<<<<<<<<<<<<<<<<<

 SETUP PLANE WAVES FOR CHARGE/POTENTIAL
  Energy cutoff for charge/potential (Ry) = 160
            FFT grid for charge/potential = [ 25, 25, 40 ]
           Number of FFT grids this proc. = 6250
                Division for big FFT grid = [ 1, 1, 1 ]
      FFT (big) grid for charge/potential = [ 25, 25, 40 ]
     Number of FFT (big) grids this proc. = 6250
                    Number of plane waves = 10695
        Number of sticks on FFT x-y plane = 409

 PARALLEL PW FOR CHARGE/POTENTIAL
     PROC   COLUMNS(POT)             PW
        1            102           2674
        2            102           2674
        3            103           2675
        4            102           2672
 --------------- SUM -------------------
        4            409          10695

                            Number of |g| = 543
                                  Max |g| = 14.4603
                                  Min |g| = 0.129447
 DONE : SETUP UNITCELL Time : 0.0117645 (SEC)


 >>>>>>>>>>>>>>>>>>>>>>>>>>>>>>>>>>>>>>>>>>>>>>>>>>>>>>>>>>>>>>>>>>>>>>
 |                                                                    |
 |                       #Setup K-points#                             |
 | We setup the k-points according to input parameters.               |
 | The reduced k-points are set according to symmetry operations.     |
 | We treat the spin as another set of k-points.                      |
 |                                                                    |
 <<<<<<<<<<<<<<<<<<<<<<<<<<<<<<<<<<<<<<<<<<<<<<<<<<<<<<<<<<<<<<<<<<<<<<


 SETUP K-POINTS
                                    nspin = 1
                   Input type of k points = Monkhorst-Pack(Gamma)
                                   nkstot = 4800
           Number of irreducible k-points = 2404

 K-POINTS REDUCTION ACCORDING TO SYMMETRY
     IBZ    DIRECT_X    DIRECT_Y    DIRECT_Z  WEIGHT  ibz2bz
       1  0.00000000  0.00000000  0.00000000  0.0002       0
       2  0.05000000  0.00000000  0.00000000  0.0004       1
       3  0.10000000  0.00000000  0.00000000  0.0004       2
       4  0.15000000  0.00000000  0.00000000  0.0004       3
       5  0.20000000  0.00000000  0.00000000  0.0004       4
       6  0.25000000  0.00000000  0.00000000  0.0004       5
       7  0.30000000  0.00000000  0.00000000  0.0004       6
       8  0.35000000  0.00000000  0.00000000  0.0004       7
       9  0.40000000  0.00000000  0.00000000  0.0004       8
      10  0.45000000  0.00000000  0.00000000  0.0004       9
      11  0.50000000  0.00000000  0.00000000  0.0002      10
      12  0.00000000  0.05000000  0.00000000  0.0004      20
      13  0.05000000  0.05000000  0.00000000  0.0004      21
      14  0.10000000  0.05000000  0.00000000  0.0004      22
      15  0.15000000  0.05000000  0.00000000  0.0004      23
      16  0.20000000  0.05000000  0.00000000  0.0004      24
      17  0.25000000  0.05000000  0.00000000  0.0004      25
      18  0.30000000  0.05000000  0.00000000  0.0004      26
      19  0.35000000  0.05000000  0.00000000  0.0004      27
      20  0.40000000  0.05000000  0.00000000  0.0004      28
      21  0.45000000  0.05000000  0.00000000  0.0004      29
      22  0.50000000  0.05000000  0.00000000  0.0004      30
      23  0.45000000 -0.05000000  0.00000000  0.0004      31
      24  0.40000000 -0.05000000  0.00000000  0.0004      32
      25  0.35000000 -0.05000000  0.00000000  0.0004      33
      26  0.30000000 -0.05000000  0.00000000  0.0004      34
      27  0.25000000 -0.05000000  0.00000000  0.0004      35
      28  0.20000000 -0.05000000  0.00000000  0.0004      36
      29  0.15000000 -0.05000000  0.00000000  0.0004      37
      30  0.10000000 -0.05000000  0.00000000  0.0004      38
      31 -0.05000000  0.05000000  0.00000000  0.0004      39
      32  0.00000000  0.10000000  0.00000000  0.0004      40
      33  0.05000000  0.10000000  0.00000000  0.0004      41
      34  0.10000000  0.10000000  0.00000000  0.0004      42
      35  0.15000000  0.10000000  0.00000000  0.0004      43
      36  0.20000000  0.10000000  0.00000000  0.0004      44
      37  0.25000000  0.10000000  0.00000000  0.0004      45
      38  0.30000000  0.10000000  0.00000000  0.0004      46
      39  0.35000000  0.10000000  0.00000000  0.0004      47
      40  0.40000000  0.10000000  0.00000000  0.0004      48
      41  0.45000000  0.10000000  0.00000000  0.0004      49
      42  0.50000000  0.10000000  0.00000000  0.0004      50
      43  0.45000000 -0.10000000  0.00000000  0.0004      51
      44  0.40000000 -0.10000000  0.00000000  0.0004      52
      45  0.35000000 -0.10000000  0.00000000  0.0004      53
      46  0.30000000 -0.10000000  0.00000000  0.0004      54
      47  0.25000000 -0.10000000  0.00000000  0.0004      55
      48  0.20000000 -0.10000000  0.00000000  0.0004      56
      49  0.15000000 -0.10000000  0.00000000  0.0004      57
      50  0.10000000 -0.10000000  0.00000000  0.0004      58
      51 -0.05000000  0.10000000  0.00000000  0.0004      59
      52  0.00000000  0.15000000  0.00000000  0.0004      60
      53  0.05000000  0.15000000  0.00000000  0.0004      61
      54  0.10000000  0.15000000  0.00000000  0.0004      62
      55  0.15000000  0.15000000  0.00000000  0.0004      63
      56  0.20000000  0.15000000  0.00000000  0.0004      64
      57  0.25000000  0.15000000  0.00000000  0.0004      65
      58  0.30000000  0.15000000  0.00000000  0.0004      66
      59  0.35000000  0.15000000  0.00000000  0.0004      67
      60  0.40000000  0.15000000  0.00000000  0.0004      68
      61  0.45000000  0.15000000  0.00000000  0.0004      69
      62  0.50000000  0.15000000  0.00000000  0.0004      70
      63  0.45000000 -0.15000000  0.00000000  0.0004      71
      64  0.40000000 -0.15000000  0.00000000  0.0004      72
      65  0.35000000 -0.15000000  0.00000000  0.0004      73
      66  0.30000000 -0.15000000  0.00000000  0.0004      74
      67  0.25000000 -0.15000000  0.00000000  0.0004      75
      68  0.20000000 -0.15000000  0.00000000  0.0004      76
      69 -0.15000000  0.15000000  0.00000000  0.0004      77
      70 -0.10000000  0.15000000  0.00000000  0.0004      78
      71 -0.05000000  0.15000000  0.00000000  0.0004      79
      72  0.00000000  0.20000000  0.00000000  0.0004      80
      73  0.05000000  0.20000000  0.00000000  0.0004      81
      74  0.10000000  0.20000000  0.00000000  0.0004      82
      75  0.15000000  0.20000000  0.00000000  0.0004      83
      76  0.20000000  0.20000000  0.00000000  0.0004      84
      77  0.25000000  0.20000000  0.00000000  0.0004      85
      78  0.30000000  0.20000000  0.00000000  0.0004      86
      79  0.35000000  0.20000000  0.00000000  0.0004      87
      80  0.40000000  0.20000000  0.00000000  0.0004      88
      81  0.45000000  0.20000000  0.00000000  0.0004      89
      82  0.50000000  0.20000000  0.00000000  0.0004      90
      83  0.45000000 -0.20000000  0.00000000  0.0004      91
      84  0.40000000 -0.20000000  0.00000000  0.0004      92
      85  0.35000000 -0.20000000  0.00000000  0.0004      93
      86  0.30000000 -0.20000000  0.00000000  0.0004      94
      87  0.25000000 -0.20000000  0.00000000  0.0004      95
      88 -0.20000000  0.20000000  0.00000000  0.0004      96
      89 -0.15000000  0.20000000  0.00000000  0.0004      97
      90 -0.10000000  0.20000000  0.00000000  0.0004      98
      91 -0.05000000  0.20000000  0.00000000  0.0004      99
      92  0.00000000  0.25000000  0.00000000  0.0004     100
      93  0.05000000  0.25000000  0.00000000  0.0004     101
      94  0.10000000  0.25000000  0.00000000  0.0004     102
      95  0.15000000  0.25000000  0.00000000  0.0004     103
      96  0.20000000  0.25000000  0.00000000  0.0004     104
      97  0.25000000  0.25000000  0.00000000  0.0004     105
      98  0.30000000  0.25000000  0.00000000  0.0004     106
      99  0.35000000  0.25000000  0.00000000  0.0004     107
     100  0.40000000  0.25000000  0.00000000  0.0004     108
     101  0.45000000  0.25000000  0.00000000  0.0004     109
     102  0.50000000  0.25000000  0.00000000  0.0004     110
     103  0.45000000 -0.25000000  0.00000000  0.0004     111
     104  0.40000000 -0.25000000  0.00000000  0.0004     112
     105  0.35000000 -0.25000000  0.00000000  0.0004     113
     106  0.30000000 -0.25000000  0.00000000  0.0004     114
     107 -0.25000000  0.25000000  0.00000000  0.0004     115
     108 -0.20000000  0.25000000  0.00000000  0.0004     116
     109 -0.15000000  0.25000000  0.00000000  0.0004     117
     110 -0.10000000  0.25000000  0.00000000  0.0004     118
     111 -0.05000000  0.25000000  0.00000000  0.0004     119
     112  0.00000000  0.30000000  0.00000000  0.0004     120
     113  0.05000000  0.30000000  0.00000000  0.0004     121
     114  0.10000000  0.30000000  0.00000000  0.0004     122
     115  0.15000000  0.30000000  0.00000000  0.0004     123
     116  0.20000000  0.30000000  0.00000000  0.0004     124
     117  0.25000000  0.30000000  0.00000000  0.0004     125
     118  0.30000000  0.30000000  0.00000000  0.0004     126
     119  0.35000000  0.30000000  0.00000000  0.0004     127
     120  0.40000000  0.30000000  0.00000000  0.0004     128
     121  0.45000000  0.30000000  0.00000000  0.0004     129
     122  0.50000000  0.30000000  0.00000000  0.0004     130
     123  0.45000000 -0.30000000  0.00000000  0.0004     131
     124  0.40000000 -0.30000000  0.00000000  0.0004     132
     125  0.35000000 -0.30000000  0.00000000  0.0004     133
     126 -0.30000000  0.30000000  0.00000000  0.0004     134
     127 -0.25000000  0.30000000  0.00000000  0.0004     135
     128 -0.20000000  0.30000000  0.00000000  0.0004     136
     129 -0.15000000  0.30000000  0.00000000  0.0004     137
     130 -0.10000000  0.30000000  0.00000000  0.0004     138
     131 -0.05000000  0.30000000  0.00000000  0.0004     139
     132  0.00000000  0.35000000  0.00000000  0.0004     140
     133  0.05000000  0.35000000  0.00000000  0.0004     141
     134  0.10000000  0.35000000  0.00000000  0.0004     142
     135  0.15000000  0.35000000  0.00000000  0.0004     143
     136  0.20000000  0.35000000  0.00000000  0.0004     144
     137  0.25000000  0.35000000  0.00000000  0.0004     145
     138  0.30000000  0.35000000  0.00000000  0.0004     146
     139  0.35000000  0.35000000  0.00000000  0.0004     147
     140  0.40000000  0.35000000  0.00000000  0.0004     148
     141  0.45000000  0.35000000  0.00000000  0.0004     149
     142  0.50000000  0.35000000  0.00000000  0.0004     150
     143  0.45000000 -0.35000000  0.00000000  0.0004     151
     144  0.40000000 -0.35000000  0.00000000  0.0004     152
     145 -0.35000000  0.35000000  0.00000000  0.0004     153
     146 -0.30000000  0.35000000  0.00000000  0.0004     154
     147 -0.25000000  0.35000000  0.00000000  0.0004     155
     148 -0.20000000  0.35000000  0.00000000  0.0004     156
     149 -0.15000000  0.35000000  0.00000000  0.0004     157
     150 -0.10000000  0.35000000  0.00000000  0.0004     158
     151 -0.05000000  0.35000000  0.00000000  0.0004     159
     152  0.00000000  0.40000000  0.00000000  0.0004     160
     153  0.05000000  0.40000000  0.00000000  0.0004     161
     154  0.10000000  0.40000000  0.00000000  0.0004     162
     155  0.15000000  0.40000000  0.00000000  0.0004     163
     156  0.20000000  0.40000000  0.00000000  0.0004     164
     157  0.25000000  0.40000000  0.00000000  0.0004     165
     158  0.30000000  0.40000000  0.00000000  0.0004     166
     159  0.35000000  0.40000000  0.00000000  0.0004     167
     160  0.40000000  0.40000000  0.00000000  0.0004     168
     161  0.45000000  0.40000000  0.00000000  0.0004     169
     162  0.50000000  0.40000000  0.00000000  0.0004     170
     163  0.45000000 -0.40000000  0.00000000  0.0004     171
     164 -0.40000000  0.40000000  0.00000000  0.0004     172
     165 -0.35000000  0.40000000  0.00000000  0.0004     173
     166 -0.30000000  0.40000000  0.00000000  0.0004     174
     167 -0.25000000  0.40000000  0.00000000  0.0004     175
     168 -0.20000000  0.40000000  0.00000000  0.0004     176
     169 -0.15000000  0.40000000  0.00000000  0.0004     177
     170 -0.10000000  0.40000000  0.00000000  0.0004     178
     171 -0.05000000  0.40000000  0.00000000  0.0004     179
     172  0.00000000  0.45000000  0.00000000  0.0004     180
     173  0.05000000  0.45000000  0.00000000  0.0004     181
     174  0.10000000  0.45000000  0.00000000  0.0004     182
     175  0.15000000  0.45000000  0.00000000  0.0004     183
     176  0.20000000  0.45000000  0.00000000  0.0004     184
     177  0.25000000  0.45000000  0.00000000  0.0004     185
     178  0.30000000  0.45000000  0.00000000  0.0004     186
     179  0.35000000  0.45000000  0.00000000  0.0004     187
     180  0.40000000  0.45000000  0.00000000  0.0004     188
     181  0.45000000  0.45000000  0.00000000  0.0004     189
     182  0.50000000  0.45000000  0.00000000  0.0004     190
     183 -0.45000000  0.45000000  0.00000000  0.0004     191
     184 -0.40000000  0.45000000  0.00000000  0.0004     192
     185 -0.35000000  0.45000000  0.00000000  0.0004     193
     186 -0.30000000  0.45000000  0.00000000  0.0004     194
     187 -0.25000000  0.45000000  0.00000000  0.0004     195
     188 -0.20000000  0.45000000  0.00000000  0.0004     196
     189 -0.15000000  0.45000000  0.00000000  0.0004     197
     190 -0.10000000  0.45000000  0.00000000  0.0004     198
     191 -0.05000000  0.45000000  0.00000000  0.0004     199
     192  0.00000000  0.50000000  0.00000000  0.0002     200
     193  0.05000000  0.50000000  0.00000000  0.0004     201
     194  0.10000000  0.50000000  0.00000000  0.0004     202
     195  0.15000000  0.50000000  0.00000000  0.0004     203
     196  0.20000000  0.50000000  0.00000000  0.0004     204
     197  0.25000000  0.50000000  0.00000000  0.0004     205
     198  0.30000000  0.50000000  0.00000000  0.0004     206
     199  0.35000000  0.50000000  0.00000000  0.0004     207
     200  0.40000000  0.50000000  0.00000000  0.0004     208
     201  0.45000000  0.50000000  0.00000000  0.0004     209
     202  0.50000000  0.50000000  0.00000000  0.0002     210
     203  0.00000000  0.00000000  0.08333333  0.0004     400
     204  0.05000000  0.00000000  0.08333333  0.0004     401
     205  0.10000000  0.00000000  0.08333333  0.0004     402
     206  0.15000000  0.00000000  0.08333333  0.0004     403
     207  0.20000000  0.00000000  0.08333333  0.0004     404
     208  0.25000000  0.00000000  0.08333333  0.0004     405
     209  0.30000000  0.00000000  0.08333333  0.0004     406
     210  0.35000000  0.00000000  0.08333333  0.0004     407
     211  0.40000000  0.00000000  0.08333333  0.0004     408
     212  0.45000000  0.00000000  0.08333333  0.0004     409
     213  0.50000000  0.00000000  0.08333333  0.0004     410
     214  0.45000000  0.00000000 -0.08333333  0.0004     411
     215  0.40000000  0.00000000 -0.08333333  0.0004     412
     216  0.35000000  0.00000000 -0.08333333  0.0004     413
     217  0.30000000  0.00000000 -0.08333333  0.0004     414
     218  0.25000000  0.00000000 -0.08333333  0.0004     415
     219  0.20000000  0.00000000 -0.08333333  0.0004     416
     220  0.15000000  0.00000000 -0.08333333  0.0004     417
     221  0.10000000  0.00000000 -0.08333333  0.0004     418
     222 -0.05000000  0.00000000  0.08333333  0.0004     419
     223  0.00000000  0.05000000  0.08333333  0.0004     420
     224  0.05000000  0.05000000  0.08333333  0.0004     421
     225  0.10000000  0.05000000  0.08333333  0.0004     422
     226  0.15000000  0.05000000  0.08333333  0.0004     423
     227  0.20000000  0.05000000  0.08333333  0.0004     424
     228  0.25000000  0.05000000  0.08333333  0.0004     425
     229  0.30000000  0.05000000  0.08333333  0.0004     426
     230  0.35000000  0.05000000  0.08333333  0.0004     427
     231  0.40000000  0.05000000  0.08333333  0.0004     428
     232  0.45000000  0.05000000  0.08333333  0.0004     429
     233  0.50000000  0.05000000  0.08333333  0.0004     430
     234  0.45000000 -0.05000000 -0.08333333  0.0004     431
     235  0.40000000 -0.05000000 -0.08333333  0.0004     432
     236  0.35000000 -0.05000000 -0.08333333  0.0004     433
     237  0.30000000 -0.05000000 -0.08333333  0.0004     434
     238  0.25000000 -0.05000000 -0.08333333  0.0004     435
     239  0.20000000 -0.05000000 -0.08333333  0.0004     436
     240  0.15000000 -0.05000000 -0.08333333  0.0004     437
     241 -0.10000000  0.05000000  0.08333333  0.0004     438
     242 -0.05000000  0.05000000  0.08333333  0.0004     439
     243  0.00000000  0.10000000  0.08333333  0.0004     440
     244  0.05000000  0.10000000  0.08333333  0.0004     441
     245  0.10000000  0.10000000  0.08333333  0.0004     442
     246  0.15000000  0.10000000  0.08333333  0.0004     443
     247  0.20000000  0.10000000  0.08333333  0.0004     444
     248  0.25000000  0.10000000  0.08333333  0.0004     445
     249  0.30000000  0.10000000  0.08333333  0.0004     446
     250  0.35000000  0.10000000  0.08333333  0.0004     447
     251  0.40000000  0.10000000  0.08333333  0.0004     448
     252  0.45000000  0.10000000  0.08333333  0.0004     449
     253  0.50000000  0.10000000  0.08333333  0.0004     450
     254  0.45000000 -0.10000000 -0.08333333  0.0004     451
     255  0.40000000 -0.10000000 -0.08333333  0.0004     452
     256  0.35000000 -0.10000000 -0.08333333  0.0004     453
     257  0.30000000 -0.10000000 -0.08333333  0.0004     454
     258  0.25000000 -0.10000000 -0.08333333  0.0004     455
     259  0.20000000 -0.10000000 -0.08333333  0.0004     456
     260 -0.15000000  0.10000000  0.08333333  0.0004     457
     261 -0.10000000  0.10000000  0.08333333  0.0004     458
     262 -0.05000000  0.10000000  0.08333333  0.0004     459
     263  0.00000000  0.15000000  0.08333333  0.0004     460
     264  0.05000000  0.15000000  0.08333333  0.0004     461
     265  0.10000000  0.15000000  0.08333333  0.0004     462
     266  0.15000000  0.15000000  0.08333333  0.0004     463
     267  0.20000000  0.15000000  0.08333333  0.0004     464
     268  0.25000000  0.15000000  0.08333333  0.0004     465
     269  0.30000000  0.15000000  0.08333333  0.0004     466
     270  0.35000000  0.15000000  0.08333333  0.0004     467
     271  0.40000000  0.15000000  0.08333333  0.0004     468
     272  0.45000000  0.15000000  0.08333333  0.0004     469
     273  0.50000000  0.15000000  0.08333333  0.0004     470
     274  0.45000000 -0.15000000 -0.08333333  0.0004     471
     275  0.40000000 -0.15000000 -0.08333333  0.0004     472
     276  0.35000000 -0.15000000 -0.08333333  0.0004     473
     277  0.30000000 -0.15000000 -0.08333333  0.0004     474
     278  0.25000000 -0.15000000 -0.08333333  0.0004     475
     279 -0.20000000  0.15000000  0.08333333  0.0004     476
     280 -0.15000000  0.15000000  0.08333333  0.0004     477
     281 -0.10000000  0.15000000  0.08333333  0.0004     478
     282 -0.05000000  0.15000000  0.08333333  0.0004     479
     283  0.00000000  0.20000000  0.08333333  0.0004     480
     284  0.05000000  0.20000000  0.08333333  0.0004     481
     285  0.10000000  0.20000000  0.08333333  0.0004     482
     286  0.15000000  0.20000000  0.08333333  0.0004     483
     287  0.20000000  0.20000000  0.08333333  0.0004     484
     288  0.25000000  0.20000000  0.08333333  0.0004     485
     289  0.30000000  0.20000000  0.08333333  0.0004     486
     290  0.35000000  0.20000000  0.08333333  0.0004     487
     291  0.40000000  0.20000000  0.08333333  0.0004     488
     292  0.45000000  0.20000000  0.08333333  0.0004     489
     293  0.50000000  0.20000000  0.08333333  0.0004     490
     294  0.45000000 -0.20000000 -0.08333333  0.0004     491
     295  0.40000000 -0.20000000 -0.08333333  0.0004     492
     296  0.35000000 -0.20000000 -0.08333333  0.0004     493
     297  0.30000000 -0.20000000 -0.08333333  0.0004     494
     298 -0.25000000  0.20000000  0.08333333  0.0004     495
     299 -0.20000000  0.20000000  0.08333333  0.0004     496
     300 -0.15000000  0.20000000  0.08333333  0.0004     497
     301 -0.10000000  0.20000000  0.08333333  0.0004     498
     302 -0.05000000  0.20000000  0.08333333  0.0004     499
     303  0.00000000  0.25000000  0.08333333  0.0004     500
     304  0.05000000  0.25000000  0.08333333  0.0004     501
     305  0.10000000  0.25000000  0.08333333  0.0004     502
     306  0.15000000  0.25000000  0.08333333  0.0004     503
     307  0.20000000  0.25000000  0.08333333  0.0004     504
     308  0.25000000  0.25000000  0.08333333  0.0004     505
     309  0.30000000  0.25000000  0.08333333  0.0004     506
     310  0.35000000  0.25000000  0.08333333  0.0004     507
     311  0.40000000  0.25000000  0.08333333  0.0004     508
     312  0.45000000  0.25000000  0.08333333  0.0004     509
     313  0.50000000  0.25000000  0.08333333  0.0004     510
     314  0.45000000 -0.25000000 -0.08333333  0.0004     511
     315  0.40000000 -0.25000000 -0.08333333  0.0004     512
     316  0.35000000 -0.25000000 -0.08333333  0.0004     513
     317 -0.30000000  0.25000000  0.08333333  0.0004     514
     318 -0.25000000  0.25000000  0.08333333  0.0004     515
     319 -0.20000000  0.25000000  0.08333333  0.0004     516
     320 -0.15000000  0.25000000  0.08333333  0.0004     517
     321 -0.10000000  0.25000000  0.08333333  0.0004     518
     322 -0.05000000  0.25000000  0.08333333  0.0004     519
     323  0.00000000  0.30000000  0.08333333  0.0004     520
     324  0.05000000  0.30000000  0.08333333  0.0004     521
     325  0.10000000  0.30000000  0.08333333  0.0004     522
     326  0.15000000  0.30000000  0.08333333  0.0004     523
     327  0.20000000  0.30000000  0.08333333  0.0004     524
     328  0.25000000  0.30000000  0.08333333  0.0004     525
     329  0.30000000  0.30000000  0.08333333  0.0004     526
     330  0.35000000  0.30000000  0.08333333  0.0004     527
     331  0.40000000  0.30000000  0.08333333  0.0004     528
     332  0.45000000  0.30000000  0.08333333  0.0004     529
     333  0.50000000  0.30000000  0.08333333  0.0004     530
     334  0.45000000 -0.30000000 -0.08333333  0.0004     531
     335  0.40000000 -0.30000000 -0.08333333  0.0004     532
     336 -0.35000000  0.30000000  0.08333333  0.0004     533
     337 -0.30000000  0.30000000  0.08333333  0.0004     534
     338 -0.25000000  0.30000000  0.08333333  0.0004     535
     339 -0.20000000  0.30000000  0.08333333  0.0004     536
     340 -0.15000000  0.30000000  0.08333333  0.0004     537
     341 -0.10000000  0.30000000  0.08333333  0.0004     538
     342 -0.05000000  0.30000000  0.08333333  0.0004     539
     343  0.00000000  0.35000000  0.08333333  0.0004     540
     344  0.05000000  0.35000000  0.08333333  0.0004     541
     345  0.10000000  0.35000000  0.08333333  0.0004     542
     346  0.15000000  0.35000000  0.08333333  0.0004     543
     347  0.20000000  0.35000000  0.08333333  0.0004     544
     348  0.25000000  0.35000000  0.08333333  0.0004     545
     349  0.30000000  0.35000000  0.08333333  0.0004     546
     350  0.35000000  0.35000000  0.08333333  0.0004     547
     351  0.40000000  0.35000000  0.08333333  0.0004     548
     352  0.45000000  0.35000000  0.08333333  0.0004     549
     353  0.50000000  0.35000000  0.08333333  0.0004     550
     354  0.45000000 -0.35000000 -0.08333333  0.0004     551
     355 -0.40000000  0.35000000  0.08333333  0.0004     552
     356 -0.35000000  0.35000000  0.08333333  0.0004     553
     357 -0.30000000  0.35000000  0.08333333  0.0004     554
     358 -0.25000000  0.35000000  0.08333333  0.0004     555
     359 -0.20000000  0.35000000  0.08333333  0.0004     556
     360 -0.15000000  0.35000000  0.08333333  0.0004     557
     361 -0.10000000  0.35000000  0.08333333  0.0004     558
     362 -0.05000000  0.35000000  0.08333333  0.0004     559
     363  0.00000000  0.40000000  0.08333333  0.0004     560
     364  0.05000000  0.40000000  0.08333333  0.0004     561
     365  0.10000000  0.40000000  0.08333333  0.0004     562
     366  0.15000000  0.40000000  0.08333333  0.0004     563
     367  0.20000000  0.40000000  0.08333333  0.0004     564
     368  0.25000000  0.40000000  0.08333333  0.0004     565
     369  0.30000000  0.40000000  0.08333333  0.0004     566
     370  0.35000000  0.40000000  0.08333333  0.0004     567
     371  0.40000000  0.40000000  0.08333333  0.0004     568
     372  0.45000000  0.40000000  0.08333333  0.0004     569
     373  0.50000000  0.40000000  0.08333333  0.0004     570
     374 -0.45000000  0.40000000  0.08333333  0.0004     571
     375 -0.40000000  0.40000000  0.08333333  0.0004     572
     376 -0.35000000  0.40000000  0.08333333  0.0004     573
     377 -0.30000000  0.40000000  0.08333333  0.0004     574
     378 -0.25000000  0.40000000  0.08333333  0.0004     575
     379 -0.20000000  0.40000000  0.08333333  0.0004     576
     380 -0.15000000  0.40000000  0.08333333  0.0004     577
     381 -0.10000000  0.40000000  0.08333333  0.0004     578
     382 -0.05000000  0.40000000  0.08333333  0.0004     579
     383  0.00000000  0.45000000  0.08333333  0.0004     580
     384  0.05000000  0.45000000  0.08333333  0.0004     581
     385  0.10000000  0.45000000  0.08333333  0.0004     582
     386  0.15000000  0.45000000  0.08333333  0.0004     583
     387  0.20000000  0.45000000  0.08333333  0.0004     584
     388  0.25000000  0.45000000  0.08333333  0.0004     585
     389  0.30000000  0.45000000  0.08333333  0.0004     586
     390  0.35000000  0.45000000  0.08333333  0.0004     587
     391  0.40000000  0.45000000  0.08333333  0.0004     588
     392  0.45000000  0.45000000  0.08333333  0.0004     589
     393  0.50000000  0.45000000  0.08333333  0.0004     590
     394 -0.45000000  0.45000000  0.08333333  0.0004     591
     395 -0.40000000  0.45000000  0.08333333  0.0004     592
     396 -0.35000000  0.45000000  0.08333333  0.0004     593
     397 -0.30000000  0.45000000  0.08333333  0.0004     594
     398 -0.25000000  0.45000000  0.08333333  0.0004     595
     399 -0.20000000  0.45000000  0.08333333  0.0004     596
     400 -0.15000000  0.45000000  0.08333333  0.0004     597
     401 -0.10000000  0.45000000  0.08333333  0.0004     598
     402 -0.05000000  0.45000000  0.08333333  0.0004     599
     403  0.00000000  0.50000000  0.08333333  0.0004     600
     404  0.05000000  0.50000000  0.08333333  0.0004     601
     405  0.10000000  0.50000000  0.08333333  0.0004     602
     406  0.15000000  0.50000000  0.08333333  0.0004     603
     407  0.20000000  0.50000000  0.08333333  0.0004     604
     408  0.25000000  0.50000000  0.08333333  0.0004     605
     409  0.30000000  0.50000000  0.08333333  0.0004     606
     410  0.35000000  0.50000000  0.08333333  0.0004     607
     411  0.40000000  0.50000000  0.08333333  0.0004     608
     412  0.45000000  0.50000000  0.08333333  0.0004     609
     413  0.50000000  0.50000000  0.08333333  0.0004     610
     414  0.45000000  0.50000000 -0.08333333  0.0004     611
     415  0.40000000  0.50000000 -0.08333333  0.0004     612
     416  0.35000000  0.50000000 -0.08333333  0.0004     613
     417  0.30000000  0.50000000 -0.08333333  0.0004     614
     418  0.25000000  0.50000000 -0.08333333  0.0004     615
     419  0.20000000  0.50000000 -0.08333333  0.0004     616
     420  0.15000000  0.50000000 -0.08333333  0.0004     617
     421  0.10000000  0.50000000 -0.08333333  0.0004     618
     422 -0.05000000  0.50000000  0.08333333  0.0004     619
     423  0.00000000  0.45000000 -0.08333333  0.0004     620
     424 -0.05000000  0.45000000 -0.08333333  0.0004     621
     425 -0.10000000  0.45000000 -0.08333333  0.0004     622
     426 -0.15000000  0.45000000 -0.08333333  0.0004     623
     427 -0.20000000  0.45000000 -0.08333333  0.0004     624
     428 -0.25000000  0.45000000 -0.08333333  0.0004     625
     429 -0.30000000  0.45000000 -0.08333333  0.0004     626
     430 -0.35000000  0.45000000 -0.08333333  0.0004     627
     431  0.40000000 -0.45000000  0.08333333  0.0004     628
     432  0.45000000 -0.45000000  0.08333333  0.0004     629
     433  0.50000000  0.45000000 -0.08333333  0.0004     630
     434  0.45000000  0.45000000 -0.08333333  0.0004     631
     435  0.40000000  0.45000000 -0.08333333  0.0004     632
     436  0.35000000  0.45000000 -0.08333333  0.0004     633
     437  0.30000000  0.45000000 -0.08333333  0.0004     634
     438  0.25000000  0.45000000 -0.08333333  0.0004     635
     439  0.20000000  0.45000000 -0.08333333  0.0004     636
     440  0.15000000  0.45000000 -0.08333333  0.0004     637
     441  0.10000000  0.45000000 -0.08333333  0.0004     638
     442  0.05000000  0.45000000 -0.08333333  0.0004     639
     443  0.00000000  0.40000000 -0.08333333  0.0004     640
     444 -0.05000000  0.40000000 -0.08333333  0.0004     641
     445 -0.10000000  0.40000000 -0.08333333  0.0004     642
     446 -0.15000000  0.40000000 -0.08333333  0.0004     643
     447 -0.20000000  0.40000000 -0.08333333  0.0004     644
     448 -0.25000000  0.40000000 -0.08333333  0.0004     645
     449 -0.30000000  0.40000000 -0.08333333  0.0004     646
     450  0.35000000 -0.40000000  0.08333333  0.0004     647
     451  0.40000000 -0.40000000  0.08333333  0.0004     648
     452  0.45000000 -0.40000000  0.08333333  0.0004     649
     453  0.50000000  0.40000000 -0.08333333  0.0004     650
     454  0.45000000  0.40000000 -0.08333333  0.0004     651
     455  0.40000000  0.40000000 -0.08333333  0.0004     652
     456  0.35000000  0.40000000 -0.08333333  0.0004     653
     457  0.30000000  0.40000000 -0.08333333  0.0004     654
     458  0.25000000  0.40000000 -0.08333333  0.0004     655
     459  0.20000000  0.40000000 -0.08333333  0.0004     656
     460  0.15000000  0.40000000 -0.08333333  0.0004     657
     461  0.10000000  0.40000000 -0.08333333  0.0004     658
     462  0.05000000  0.40000000 -0.08333333  0.0004     659
     463  0.00000000  0.35000000 -0.08333333  0.0004     660
     464 -0.05000000  0.35000000 -0.08333333  0.0004     661
     465 -0.10000000  0.35000000 -0.08333333  0.0004     662
     466 -0.15000000  0.35000000 -0.08333333  0.0004     663
     467 -0.20000000  0.35000000 -0.08333333  0.0004     664
     468 -0.25000000  0.35000000 -0.08333333  0.0004     665
     469  0.30000000 -0.35000000  0.08333333  0.0004     666
     470  0.35000000 -0.35000000  0.08333333  0.0004     667
     471  0.40000000 -0.35000000  0.08333333  0.0004     668
     472  0.45000000 -0.35000000  0.08333333  0.0004     669
     473  0.50000000  0.35000000 -0.08333333  0.0004     670
     474  0.45000000  0.35000000 -0.08333333  0.0004     671
     475  0.40000000  0.35000000 -0.08333333  0.0004     672
     476  0.35000000  0.35000000 -0.08333333  0.0004     673
     477  0.30000000  0.35000000 -0.08333333  0.0004     674
     478  0.25000000  0.35000000 -0.08333333  0.0004     675
     479  0.20000000  0.35000000 -0.08333333  0.0004     676
     480  0.15000000  0.35000000 -0.08333333  0.0004     677
     481  0.10000000  0.35000000 -0.08333333  0.0004     678
     482  0.05000000  0.35000000 -0.08333333  0.0004     679
     483  0.00000000  0.30000000 -0.08333333  0.0004     680
     484 -0.05000000  0.30000000 -0.08333333  0.0004     681
     485 -0.10000000  0.30000000 -0.08333333  0.0004     682
     486 -0.15000000  0.30000000 -0.08333333  0.0004     683
     487 -0.20000000  0.30000000 -0.08333333  0.0004     684
     488  0.25000000 -0.30000000  0.08333333  0.0004     685
     489  0.30000000 -0.30000000  0.08333333  0.0004     686
     490  0.35000000 -0.30000000  0.08333333  0.0004     687
     491  0.40000000 -0.30000000  0.08333333  0.0004     688
     492  0.45000000 -0.30000000  0.08333333  0.0004     689
     493  0.50000000  0.30000000 -0.08333333  0.0004     690
     494  0.45000000  0.30000000 -0.08333333  0.0004     691
     495  0.40000000  0.30000000 -0.08333333  0.0004     692
     496  0.35000000  0.30000000 -0.08333333  0.0004     693
     497  0.30000000  0.30000000 -0.08333333  0.0004     694
     498  0.25000000  0.30000000 -0.08333333  0.0004     695
     499  0.20000000  0.30000000 -0.08333333  0.0004     696
     500  0.15000000  0.30000000 -0.08333333  0.0004     697
     501  0.10000000  0.30000000 -0.08333333  0.0004     698
     502  0.05000000  0.30000000 -0.08333333  0.0004     699
     503  0.00000000  0.25000000 -0.08333333  0.0004     700
     504 -0.05000000  0.25000000 -0.08333333  0.0004     701
     505 -0.10000000  0.25000000 -0.08333333  0.0004     702
     506 -0.15000000  0.25000000 -0.08333333  0.0004     703
     507  0.20000000 -0.25000000  0.08333333  0.0004     704
     508  0.25000000 -0.25000000  0.08333333  0.0004     705
     509  0.30000000 -0.25000000  0.08333333  0.0004     706
     510  0.35000000 -0.25000000  0.08333333  0.0004     707
     511  0.40000000 -0.25000000  0.08333333  0.0004     708
     512  0.45000000 -0.25000000  0.08333333  0.0004     709
     513  0.50000000  0.25000000 -0.08333333  0.0004     710
     514  0.45000000  0.25000000 -0.08333333  0.0004     711
     515  0.40000000  0.25000000 -0.08333333  0.0004     712
     516  0.35000000  0.25000000 -0.08333333  0.0004     713
     517  0.30000000  0.25000000 -0.08333333  0.0004     714
     518  0.25000000  0.25000000 -0.08333333  0.0004     715
     519  0.20000000  0.25000000 -0.08333333  0.0004     716
     520  0.15000000  0.25000000 -0.08333333  0.0004     717
     521  0.10000000  0.25000000 -0.08333333  0.0004     718
     522  0.05000000  0.25000000 -0.08333333  0.0004     719
     523  0.00000000  0.20000000 -0.08333333  0.0004     720
     524 -0.05000000  0.20000000 -0.08333333  0.0004     721
     525 -0.10000000  0.20000000 -0.08333333  0.0004     722
     526  0.15000000 -0.20000000  0.08333333  0.0004     723
     527  0.20000000 -0.20000000  0.08333333  0.0004     724
     528  0.25000000 -0.20000000  0.08333333  0.0004     725
     529  0.30000000 -0.20000000  0.08333333  0.0004     726
     530  0.35000000 -0.20000000  0.08333333  0.0004     727
     531  0.40000000 -0.20000000  0.08333333  0.0004     728
     532  0.45000000 -0.20000000  0.08333333  0.0004     729
     533  0.50000000  0.20000000 -0.08333333  0.0004     730
     534  0.45000000  0.20000000 -0.08333333  0.0004     731
     535  0.40000000  0.20000000 -0.08333333  0.0004     732
     536  0.35000000  0.20000000 -0.08333333  0.0004     733
     537  0.30000000  0.20000000 -0.08333333  0.0004     734
     538  0.25000000  0.20000000 -0.08333333  0.0004     735
     539  0.20000000  0.20000000 -0.08333333  0.0004     736
     540  0.15000000  0.20000000 -0.08333333  0.0004     737
     541  0.10000000  0.20000000 -0.08333333  0.0004     738
     542  0.05000000  0.20000000 -0.08333333  0.0004     739
     543  0.00000000  0.15000000 -0.08333333  0.0004     740
     544 -0.05000000  0.15000000 -0.08333333  0.0004     741
     545  0.10000000 -0.15000000  0.08333333  0.0004     742
     546  0.15000000 -0.15000000  0.08333333  0.0004     743
     547  0.20000000 -0.15000000  0.08333333  0.0004     744
     548  0.25000000 -0.15000000  0.08333333  0.0004     745
     549  0.30000000 -0.15000000  0.08333333  0.0004     746
     550  0.35000000 -0.15000000  0.08333333  0.0004     747
     551  0.40000000 -0.15000000  0.08333333  0.0004     748
     552  0.45000000 -0.15000000  0.08333333  0.0004     749
     553  0.50000000  0.15000000 -0.08333333  0.0004     750
     554  0.45000000  0.15000000 -0.08333333  0.0004     751
     555  0.40000000  0.15000000 -0.08333333  0.0004     752
     556  0.35000000  0.15000000 -0.08333333  0.0004     753
     557  0.30000000  0.15000000 -0.08333333  0.0004     754
     558  0.25000000  0.15000000 -0.08333333  0.0004     755
     559  0.20000000  0.15000000 -0.08333333  0.0004     756
     560  0.15000000  0.15000000 -0.08333333  0.0004     757
     561  0.10000000  0.15000000 -0.08333333  0.0004     758
     562  0.05000000  0.15000000 -0.08333333  0.0004     759
     563  0.00000000  0.10000000 -0.08333333  0.0004     760
     564  0.05000000 -0.10000000  0.08333333  0.0004     761
     565  0.10000000 -0.10000000  0.08333333  0.0004     762
     566  0.15000000 -0.10000000  0.08333333  0.0004     763
     567  0.20000000 -0.10000000  0.08333333  0.0004     764
     568  0.25000000 -0.10000000  0.08333333  0.0004     765
     569  0.30000000 -0.10000000  0.08333333  0.0004     766
     570  0.35000000 -0.10000000  0.08333333  0.0004     767
     571  0.40000000 -0.10000000  0.08333333  0.0004     768
     572  0.45000000 -0.10000000  0.08333333  0.0004     769
     573  0.50000000  0.10000000 -0.08333333  0.0004     770
     574  0.45000000  0.10000000 -0.08333333  0.0004     771
     575  0.40000000  0.10000000 -0.08333333  0.0004     772
     576  0.35000000  0.10000000 -0.08333333  0.0004     773
     577  0.30000000  0.10000000 -0.08333333  0.0004     774
     578  0.25000000  0.10000000 -0.08333333  0.0004     775
     579  0.20000000  0.10000000 -0.08333333  0.0004     776
     580  0.15000000  0.10000000 -0.08333333  0.0004     777
     581  0.10000000  0.10000000 -0.08333333  0.0004     778
     582  0.05000000  0.10000000 -0.08333333  0.0004     779
     583  0.00000000 -0.05000000  0.08333333  0.0004     780
     584  0.05000000 -0.05000000  0.08333333  0.0004     781
     585  0.10000000 -0.05000000  0.08333333  0.0004     782
     586  0.15000000 -0.05000000  0.08333333  0.0004     783
     587  0.20000000 -0.05000000  0.08333333  0.0004     784
     588  0.25000000 -0.05000000  0.08333333  0.0004     785
     589  0.30000000 -0.05000000  0.08333333  0.0004     786
     590  0.35000000 -0.05000000  0.08333333  0.0004     787
     591  0.40000000 -0.05000000  0.08333333  0.0004     788
     592  0.45000000 -0.05000000  0.08333333  0.0004     789
     593  0.50000000 -0.05000000  0.08333333  0.0004     790
     594  0.45000000  0.05000000 -0.08333333  0.0004     791
     595  0.40000000  0.05000000 -0.08333333  0.0004     792
     596  0.35000000  0.05000000 -0.08333333  0.0004     793
     597  0.30000000  0.05000000 -0.08333333  0.0004     794
     598  0.25000000  0.05000000 -0.08333333  0.0004     795
     599  0.20000000  0.05000000 -0.08333333  0.0004     796
     600  0.15000000  0.05000000 -0.08333333  0.0004     797
     601  0.10000000  0.05000000 -0.08333333  0.0004     798
     602  0.05000000  0.05000000 -0.08333333  0.0004     799
     603  0.00000000  0.00000000  0.16666667  0.0004     800
     604  0.05000000  0.00000000  0.16666667  0.0004     801
     605  0.10000000  0.00000000  0.16666667  0.0004     802
     606  0.15000000  0.00000000  0.16666667  0.0004     803
     607  0.20000000  0.00000000  0.16666667  0.0004     804
     608  0.25000000  0.00000000  0.16666667  0.0004     805
     609  0.30000000  0.00000000  0.16666667  0.0004     806
     610  0.35000000  0.00000000  0.16666667  0.0004     807
     611  0.40000000  0.00000000  0.16666667  0.0004     808
     612  0.45000000  0.00000000  0.16666667  0.0004     809
     613  0.50000000  0.00000000  0.16666667  0.0004     810
     614  0.45000000  0.00000000 -0.16666667  0.0004     811
     615  0.40000000  0.00000000 -0.16666667  0.0004     812
     616  0.35000000  0.00000000 -0.16666667  0.0004     813
     617  0.30000000  0.00000000 -0.16666667  0.0004     814
     618  0.25000000  0.00000000 -0.16666667  0.0004     815
     619  0.20000000  0.00000000 -0.16666667  0.0004     816
     620 -0.15000000  0.00000000  0.16666667  0.0004     817
     621 -0.10000000  0.00000000  0.16666667  0.0004     818
     622 -0.05000000  0.00000000  0.16666667  0.0004     819
     623  0.00000000  0.05000000  0.16666667  0.0004     820
     624  0.05000000  0.05000000  0.16666667  0.0004     821
     625  0.10000000  0.05000000  0.16666667  0.0004     822
     626  0.15000000  0.05000000  0.16666667  0.0004     823
     627  0.20000000  0.05000000  0.16666667  0.0004     824
     628  0.25000000  0.05000000  0.16666667  0.0004     825
     629  0.30000000  0.05000000  0.16666667  0.0004     826
     630  0.35000000  0.05000000  0.16666667  0.0004     827
     631  0.40000000  0.05000000  0.16666667  0.0004     828
     632  0.45000000  0.05000000  0.16666667  0.0004     829
     633  0.50000000  0.05000000  0.16666667  0.0004     830
     634  0.45000000 -0.05000000 -0.16666667  0.0004     831
     635  0.40000000 -0.05000000 -0.16666667  0.0004     832
     636  0.35000000 -0.05000000 -0.16666667  0.0004     833
     637  0.30000000 -0.05000000 -0.16666667  0.0004     834
     638  0.25000000 -0.05000000 -0.16666667  0.0004     835
     639 -0.20000000  0.05000000  0.16666667  0.0004     836
     640 -0.15000000  0.05000000  0.16666667  0.0004     837
     641 -0.10000000  0.05000000  0.16666667  0.0004     838
     642 -0.05000000  0.05000000  0.16666667  0.0004     839
     643  0.00000000  0.10000000  0.16666667  0.0004     840
     644  0.05000000  0.10000000  0.16666667  0.0004     841
     645  0.10000000  0.10000000  0.16666667  0.0004     842
     646  0.15000000  0.10000000  0.16666667  0.0004     843
     647  0.20000000  0.10000000  0.16666667  0.0004     844
     648  0.25000000  0.10000000  0.16666667  0.0004     845
     649  0.30000000  0.10000000  0.16666667  0.0004     846
     650  0.35000000  0.10000000  0.16666667  0.0004     847
     651  0.40000000  0.10000000  0.16666667  0.0004     848
     652  0.45000000  0.10000000  0.16666667  0.0004     849
     653  0.50000000  0.10000000  0.16666667  0.0004     850
     654  0.45000000 -0.10000000 -0.16666667  0.0004     851
     655  0.40000000 -0.10000000 -0.16666667  0.0004     852
     656  0.35000000 -0.10000000 -0.16666667  0.0004     853
     657  0.30000000 -0.10000000 -0.16666667  0.0004     854
     658 -0.25000000  0.10000000  0.16666667  0.0004     855
     659 -0.20000000  0.10000000  0.16666667  0.0004     856
     660 -0.15000000  0.10000000  0.16666667  0.0004     857
     661 -0.10000000  0.10000000  0.16666667  0.0004     858
     662 -0.05000000  0.10000000  0.16666667  0.0004     859
     663  0.00000000  0.15000000  0.16666667  0.0004     860
     664  0.05000000  0.15000000  0.16666667  0.0004     861
     665  0.10000000  0.15000000  0.16666667  0.0004     862
     666  0.15000000  0.15000000  0.16666667  0.0004     863
     667  0.20000000  0.15000000  0.16666667  0.0004     864
     668  0.25000000  0.15000000  0.16666667  0.0004     865
     669  0.30000000  0.15000000  0.16666667  0.0004     866
     670  0.35000000  0.15000000  0.16666667  0.0004     867
     671  0.40000000  0.15000000  0.16666667  0.0004     868
     672  0.45000000  0.15000000  0.16666667  0.0004     869
     673  0.50000000  0.15000000  0.16666667  0.0004     870
     674  0.45000000 -0.15000000 -0.16666667  0.0004     871
     675  0.40000000 -0.15000000 -0.16666667  0.0004     872
     676  0.35000000 -0.15000000 -0.16666667  0.0004     873
     677 -0.30000000  0.15000000  0.16666667  0.0004     874
     678 -0.25000000  0.15000000  0.16666667  0.0004     875
     679 -0.20000000  0.15000000  0.16666667  0.0004     876
     680 -0.15000000  0.15000000  0.16666667  0.0004     877
     681 -0.10000000  0.15000000  0.16666667  0.0004     878
     682 -0.05000000  0.15000000  0.16666667  0.0004     879
     683  0.00000000  0.20000000  0.16666667  0.0004     880
     684  0.05000000  0.20000000  0.16666667  0.0004     881
     685  0.10000000  0.20000000  0.16666667  0.0004     882
     686  0.15000000  0.20000000  0.16666667  0.0004     883
     687  0.20000000  0.20000000  0.16666667  0.0004     884
     688  0.25000000  0.20000000  0.16666667  0.0004     885
     689  0.30000000  0.20000000  0.16666667  0.0004     886
     690  0.35000000  0.20000000  0.16666667  0.0004     887
     691  0.40000000  0.20000000  0.16666667  0.0004     888
     692  0.45000000  0.20000000  0.16666667  0.0004     889
     693  0.50000000  0.20000000  0.16666667  0.0004     890
     694  0.45000000 -0.20000000 -0.16666667  0.0004     891
     695  0.40000000 -0.20000000 -0.16666667  0.0004     892
     696 -0.35000000  0.20000000  0.16666667  0.0004     893
     697 -0.30000000  0.20000000  0.16666667  0.0004     894
     698 -0.25000000  0.20000000  0.16666667  0.0004     895
     699 -0.20000000  0.20000000  0.16666667  0.0004     896
     700 -0.15000000  0.20000000  0.16666667  0.0004     897
     701 -0.10000000  0.20000000  0.16666667  0.0004     898
     702 -0.05000000  0.20000000  0.16666667  0.0004     899
     703  0.00000000  0.25000000  0.16666667  0.0004     900
     704  0.05000000  0.25000000  0.16666667  0.0004     901
     705  0.10000000  0.25000000  0.16666667  0.0004     902
     706  0.15000000  0.25000000  0.16666667  0.0004     903
     707  0.20000000  0.25000000  0.16666667  0.0004     904
     708  0.25000000  0.25000000  0.16666667  0.0004     905
     709  0.30000000  0.25000000  0.16666667  0.0004     906
     710  0.35000000  0.25000000  0.16666667  0.0004     907
     711  0.40000000  0.25000000  0.16666667  0.0004     908
     712  0.45000000  0.25000000  0.16666667  0.0004     909
     713  0.50000000  0.25000000  0.16666667  0.0004     910
     714  0.45000000 -0.25000000 -0.16666667  0.0004     911
     715 -0.40000000  0.25000000  0.16666667  0.0004     912
     716 -0.35000000  0.25000000  0.16666667  0.0004     913
     717 -0.30000000  0.25000000  0.16666667  0.0004     914
     718 -0.25000000  0.25000000  0.16666667  0.0004     915
     719 -0.20000000  0.25000000  0.16666667  0.0004     916
     720 -0.15000000  0.25000000  0.16666667  0.0004     917
     721 -0.10000000  0.25000000  0.16666667  0.0004     918
     722 -0.05000000  0.25000000  0.16666667  0.0004     919
     723  0.00000000  0.30000000  0.16666667  0.0004     920
     724  0.05000000  0.30000000  0.16666667  0.0004     921
     725  0.10000000  0.30000000  0.16666667  0.0004     922
     726  0.15000000  0.30000000  0.16666667  0.0004     923
     727  0.20000000  0.30000000  0.16666667  0.0004     924
     728  0.25000000  0.30000000  0.16666667  0.0004     925
     729  0.30000000  0.30000000  0.16666667  0.0004     926
     730  0.35000000  0.30000000  0.16666667  0.0004     927
     731  0.40000000  0.30000000  0.16666667  0.0004     928
     732  0.45000000  0.30000000  0.16666667  0.0004     929
     733  0.50000000  0.30000000  0.16666667  0.0004     930
     734 -0.45000000  0.30000000  0.16666667  0.0004     931
     735 -0.40000000  0.30000000  0.16666667  0.0004     932
     736 -0.35000000  0.30000000  0.16666667  0.0004     933
     737 -0.30000000  0.30000000  0.16666667  0.0004     934
     738 -0.25000000  0.30000000  0.16666667  0.0004     935
     739 -0.20000000  0.30000000  0.16666667  0.0004     936
     740 -0.15000000  0.30000000  0.16666667  0.0004     937
     741 -0.10000000  0.30000000  0.16666667  0.0004     938
     742 -0.05000000  0.30000000  0.16666667  0.0004     939
     743  0.00000000  0.35000000  0.16666667  0.0004     940
     744  0.05000000  0.35000000  0.16666667  0.0004     941
     745  0.10000000  0.35000000  0.16666667  0.0004     942
     746  0.15000000  0.35000000  0.16666667  0.0004     943
     747  0.20000000  0.35000000  0.16666667  0.0004     944
     748  0.25000000  0.35000000  0.16666667  0.0004     945
     749  0.30000000  0.35000000  0.16666667  0.0004     946
     750  0.35000000  0.35000000  0.16666667  0.0004     947
     751  0.40000000  0.35000000  0.16666667  0.0004     948
     752  0.45000000  0.35000000  0.16666667  0.0004     949
     753  0.50000000  0.35000000  0.16666667  0.0004     950
     754 -0.45000000  0.35000000  0.16666667  0.0004     951
     755 -0.40000000  0.35000000  0.16666667  0.0004     952
     756 -0.35000000  0.35000000  0.16666667  0.0004     953
     757 -0.30000000  0.35000000  0.16666667  0.0004     954
     758 -0.25000000  0.35000000  0.16666667  0.0004     955
     759 -0.20000000  0.35000000  0.16666667  0.0004     956
     760 -0.15000000  0.35000000  0.16666667  0.0004     957
     761 -0.10000000  0.35000000  0.16666667  0.0004     958
     762 -0.05000000  0.35000000  0.16666667  0.0004     959
     763  0.00000000  0.40000000  0.16666667  0.0004     960
     764  0.05000000  0.40000000  0.16666667  0.0004     961
     765  0.10000000  0.40000000  0.16666667  0.0004     962
     766  0.15000000  0.40000000  0.16666667  0.0004     963
     767  0.20000000  0.40000000  0.16666667  0.0004     964
     768  0.25000000  0.40000000  0.16666667  0.0004     965
     769  0.30000000  0.40000000  0.16666667  0.0004     966
     770  0.35000000  0.40000000  0.16666667  0.0004     967
     771  0.40000000  0.40000000  0.16666667  0.0004     968
     772  0.45000000  0.40000000  0.16666667  0.0004     969
     773  0.50000000  0.40000000  0.16666667  0.0004     970
     774 -0.45000000  0.40000000  0.16666667  0.0004     971
     775 -0.40000000  0.40000000  0.16666667  0.0004     972
     776 -0.35000000  0.40000000  0.16666667  0.0004     973
     777 -0.30000000  0.40000000  0.16666667  0.0004     974
     778 -0.25000000  0.40000000  0.16666667  0.0004     975
     779 -0.20000000  0.40000000  0.16666667  0.0004     976
     780 -0.15000000  0.40000000  0.16666667  0.0004     977
     781 -0.10000000  0.40000000  0.16666667  0.0004     978
     782 -0.05000000  0.40000000  0.16666667  0.0004     979
     783  0.00000000  0.45000000  0.16666667  0.0004     980
     784  0.05000000  0.45000000  0.16666667  0.0004     981
     785  0.10000000  0.45000000  0.16666667  0.0004     982
     786  0.15000000  0.45000000  0.16666667  0.0004     983
     787  0.20000000  0.45000000  0.16666667  0.0004     984
     788  0.25000000  0.45000000  0.16666667  0.0004     985
     789  0.30000000  0.45000000  0.16666667  0.0004     986
     790  0.35000000  0.45000000  0.16666667  0.0004     987
     791  0.40000000  0.45000000  0.16666667  0.0004     988
     792  0.45000000  0.45000000  0.16666667  0.0004     989
     793  0.50000000  0.45000000  0.16666667  0.0004     990
     794 -0.45000000  0.45000000  0.16666667  0.0004     991
     795 -0.40000000  0.45000000  0.16666667  0.0004     992
     796 -0.35000000  0.45000000  0.16666667  0.0004     993
     797 -0.30000000  0.45000000  0.16666667  0.0004     994
     798 -0.25000000  0.45000000  0.16666667  0.0004     995
     799 -0.20000000  0.45000000  0.16666667  0.0004     996
     800 -0.15000000  0.45000000  0.16666667  0.0004     997
     801 -0.10000000  0.45000000  0.16666667  0.0004     998
     802 -0.05000000  0.45000000  0.16666667  0.0004     999
     803  0.00000000  0.50000000  0.16666667  0.0004    1000
     804  0.05000000  0.50000000  0.16666667  0.0004    1001
     805  0.10000000  0.50000000  0.16666667  0.0004    1002
     806  0.15000000  0.50000000  0.16666667  0.0004    1003
     807  0.20000000  0.50000000  0.16666667  0.0004    1004
     808  0.25000000  0.50000000  0.16666667  0.0004    1005
     809  0.30000000  0.50000000  0.16666667  0.0004    1006
     810  0.35000000  0.50000000  0.16666667  0.0004    1007
     811  0.40000000  0.50000000  0.16666667  0.0004    1008
     812  0.45000000  0.50000000  0.16666667  0.0004    1009
     813  0.50000000  0.50000000  0.16666667  0.0004    1010
     814  0.45000000  0.50000000 -0.16666667  0.0004    1011
     815  0.40000000  0.50000000 -0.16666667  0.0004    1012
     816  0.35000000  0.50000000 -0.16666667  0.0004    1013
     817  0.30000000  0.50000000 -0.16666667  0.0004    1014
     818  0.25000000  0.50000000 -0.16666667  0.0004    1015
     819  0.20000000  0.50000000 -0.16666667  0.0004    1016
     820 -0.15000000  0.50000000  0.16666667  0.0004    1017
     821 -0.10000000  0.50000000  0.16666667  0.0004    1018
     822 -0.05000000  0.50000000  0.16666667  0.0004    1019
     823  0.00000000  0.45000000 -0.16666667  0.0004    1020
     824 -0.05000000  0.45000000 -0.16666667  0.0004    1021
     825 -0.10000000  0.45000000 -0.16666667  0.0004    1022
     826 -0.15000000  0.45000000 -0.16666667  0.0004    1023
     827 -0.20000000  0.45000000 -0.16666667  0.0004    1024
     828 -0.25000000  0.45000000 -0.16666667  0.0004    1025
     829  0.30000000 -0.45000000  0.16666667  0.0004    1026
     830  0.35000000 -0.45000000  0.16666667  0.0004    1027
     831  0.40000000 -0.45000000  0.16666667  0.0004    1028
     832  0.45000000 -0.45000000  0.16666667  0.0004    1029
     833  0.50000000  0.45000000 -0.16666667  0.0004    1030
     834  0.45000000  0.45000000 -0.16666667  0.0004    1031
     835  0.40000000  0.45000000 -0.16666667  0.0004    1032
     836  0.35000000  0.45000000 -0.16666667  0.0004    1033
     837  0.30000000  0.45000000 -0.16666667  0.0004    1034
     838  0.25000000  0.45000000 -0.16666667  0.0004    1035
     839  0.20000000  0.45000000 -0.16666667  0.0004    1036
     840  0.15000000  0.45000000 -0.16666667  0.0004    1037
     841  0.10000000  0.45000000 -0.16666667  0.0004    1038
     842  0.05000000  0.45000000 -0.16666667  0.0004    1039
     843  0.00000000  0.40000000 -0.16666667  0.0004    1040
     844 -0.05000000  0.40000000 -0.16666667  0.0004    1041
     845 -0.10000000  0.40000000 -0.16666667  0.0004    1042
     846 -0.15000000  0.40000000 -0.16666667  0.0004    1043
     847 -0.20000000  0.40000000 -0.16666667  0.0004    1044
     848  0.25000000 -0.40000000  0.16666667  0.0004    1045
     849  0.30000000 -0.40000000  0.16666667  0.0004    1046
     850  0.35000000 -0.40000000  0.16666667  0.0004    1047
     851  0.40000000 -0.40000000  0.16666667  0.0004    1048
     852  0.45000000 -0.40000000  0.16666667  0.0004    1049
     853  0.50000000  0.40000000 -0.16666667  0.0004    1050
     854  0.45000000  0.40000000 -0.16666667  0.0004    1051
     855  0.40000000  0.40000000 -0.16666667  0.0004    1052
     856  0.35000000  0.40000000 -0.16666667  0.0004    1053
     857  0.30000000  0.40000000 -0.16666667  0.0004    1054
     858  0.25000000  0.40000000 -0.16666667  0.0004    1055
     859  0.20000000  0.40000000 -0.16666667  0.0004    1056
     860  0.15000000  0.40000000 -0.16666667  0.0004    1057
     861  0.10000000  0.40000000 -0.16666667  0.0004    1058
     862  0.05000000  0.40000000 -0.16666667  0.0004    1059
     863  0.00000000  0.35000000 -0.16666667  0.0004    1060
     864 -0.05000000  0.35000000 -0.16666667  0.0004    1061
     865 -0.10000000  0.35000000 -0.16666667  0.0004    1062
     866 -0.15000000  0.35000000 -0.16666667  0.0004    1063
     867  0.20000000 -0.35000000  0.16666667  0.0004    1064
     868  0.25000000 -0.35000000  0.16666667  0.0004    1065
     869  0.30000000 -0.35000000  0.16666667  0.0004    1066
     870  0.35000000 -0.35000000  0.16666667  0.0004    1067
     871  0.40000000 -0.35000000  0.16666667  0.0004    1068
     872  0.45000000 -0.35000000  0.16666667  0.0004    1069
     873  0.50000000  0.35000000 -0.16666667  0.0004    1070
     874  0.45000000  0.35000000 -0.16666667  0.0004    1071
     875  0.40000000  0.35000000 -0.16666667  0.0004    1072
     876  0.35000000  0.35000000 -0.16666667  0.0004    1073
     877  0.30000000  0.35000000 -0.16666667  0.0004    1074
     878  0.25000000  0.35000000 -0.16666667  0.0004    1075
     879  0.20000000  0.35000000 -0.16666667  0.0004    1076
     880  0.15000000  0.35000000 -0.16666667  0.0004    1077
     881  0.10000000  0.35000000 -0.16666667  0.0004    1078
     882  0.05000000  0.35000000 -0.16666667  0.0004    1079
     883  0.00000000  0.30000000 -0.16666667  0.0004    1080
     884 -0.05000000  0.30000000 -0.16666667  0.0004    1081
     885 -0.10000000  0.30000000 -0.16666667  0.0004    1082
     886  0.15000000 -0.30000000  0.16666667  0.0004    1083
     887  0.20000000 -0.30000000  0.16666667  0.0004    1084
     888  0.25000000 -0.30000000  0.16666667  0.0004    1085
     889  0.30000000 -0.30000000  0.16666667  0.0004    1086
     890  0.35000000 -0.30000000  0.16666667  0.0004    1087
     891  0.40000000 -0.30000000  0.16666667  0.0004    1088
     892  0.45000000 -0.30000000  0.16666667  0.0004    1089
     893  0.50000000  0.30000000 -0.16666667  0.0004    1090
     894  0.45000000  0.30000000 -0.16666667  0.0004    1091
     895  0.40000000  0.30000000 -0.16666667  0.0004    1092
     896  0.35000000  0.30000000 -0.16666667  0.0004    1093
     897  0.30000000  0.30000000 -0.16666667  0.0004    1094
     898  0.25000000  0.30000000 -0.16666667  0.0004    1095
     899  0.20000000  0.30000000 -0.16666667  0.0004    1096
     900  0.15000000  0.30000000 -0.16666667  0.0004    1097
     901  0.10000000  0.30000000 -0.16666667  0.0004    1098
     902  0.05000000  0.30000000 -0.16666667  0.0004    1099
     903  0.00000000  0.25000000 -0.16666667  0.0004    1100
     904 -0.05000000  0.25000000 -0.16666667  0.0004    1101
     905  0.10000000 -0.25000000  0.16666667  0.0004    1102
     906  0.15000000 -0.25000000  0.16666667  0.0004    1103
     907  0.20000000 -0.25000000  0.16666667  0.0004    1104
     908  0.25000000 -0.25000000  0.16666667  0.0004    1105
     909  0.30000000 -0.25000000  0.16666667  0.0004    1106
     910  0.35000000 -0.25000000  0.16666667  0.0004    1107
     911  0.40000000 -0.25000000  0.16666667  0.0004    1108
     912  0.45000000 -0.25000000  0.16666667  0.0004    1109
     913  0.50000000  0.25000000 -0.16666667  0.0004    1110
     914  0.45000000  0.25000000 -0.16666667  0.0004    1111
     915  0.40000000  0.25000000 -0.16666667  0.0004    1112
     916  0.35000000  0.25000000 -0.16666667  0.0004    1113
     917  0.30000000  0.25000000 -0.16666667  0.0004    1114
     918  0.25000000  0.25000000 -0.16666667  0.0004    1115
     919  0.20000000  0.25000000 -0.16666667  0.0004    1116
     920  0.15000000  0.25000000 -0.16666667  0.0004    1117
     921  0.10000000  0.25000000 -0.16666667  0.0004    1118
     922  0.05000000  0.25000000 -0.16666667  0.0004    1119
     923  0.00000000  0.20000000 -0.16666667  0.0004    1120
     924  0.05000000 -0.20000000  0.16666667  0.0004    1121
     925  0.10000000 -0.20000000  0.16666667  0.0004    1122
     926  0.15000000 -0.20000000  0.16666667  0.0004    1123
     927  0.20000000 -0.20000000  0.16666667  0.0004    1124
     928  0.25000000 -0.20000000  0.16666667  0.0004    1125
     929  0.30000000 -0.20000000  0.16666667  0.0004    1126
     930  0.35000000 -0.20000000  0.16666667  0.0004    1127
     931  0.40000000 -0.20000000  0.16666667  0.0004    1128
     932  0.45000000 -0.20000000  0.16666667  0.0004    1129
     933  0.50000000  0.20000000 -0.16666667  0.0004    1130
     934  0.45000000  0.20000000 -0.16666667  0.0004    1131
     935  0.40000000  0.20000000 -0.16666667  0.0004    1132
     936  0.35000000  0.20000000 -0.16666667  0.0004    1133
     937  0.30000000  0.20000000 -0.16666667  0.0004    1134
     938  0.25000000  0.20000000 -0.16666667  0.0004    1135
     939  0.20000000  0.20000000 -0.16666667  0.0004    1136
     940  0.15000000  0.20000000 -0.16666667  0.0004    1137
     941  0.10000000  0.20000000 -0.16666667  0.0004    1138
     942  0.05000000  0.20000000 -0.16666667  0.0004    1139
     943  0.00000000 -0.15000000  0.16666667  0.0004    1140
     944  0.05000000 -0.15000000  0.16666667  0.0004    1141
     945  0.10000000 -0.15000000  0.16666667  0.0004    1142
     946  0.15000000 -0.15000000  0.16666667  0.0004    1143
     947  0.20000000 -0.15000000  0.16666667  0.0004    1144
     948  0.25000000 -0.15000000  0.16666667  0.0004    1145
     949  0.30000000 -0.15000000  0.16666667  0.0004    1146
     950  0.35000000 -0.15000000  0.16666667  0.0004    1147
     951  0.40000000 -0.15000000  0.16666667  0.0004    1148
     952  0.45000000 -0.15000000  0.16666667  0.0004    1149
     953  0.50000000 -0.15000000  0.16666667  0.0004    1150
     954  0.45000000  0.15000000 -0.16666667  0.0004    1151
     955  0.40000000  0.15000000 -0.16666667  0.0004    1152
     956  0.35000000  0.15000000 -0.16666667  0.0004    1153
     957  0.30000000  0.15000000 -0.16666667  0.0004    1154
     958  0.25000000  0.15000000 -0.16666667  0.0004    1155
     959  0.20000000  0.15000000 -0.16666667  0.0004    1156
     960  0.15000000  0.15000000 -0.16666667  0.0004    1157
     961  0.10000000  0.15000000 -0.16666667  0.0004    1158
     962  0.05000000  0.15000000 -0.16666667  0.0004    1159
     963  0.00000000 -0.10000000  0.16666667  0.0004    1160
     964  0.05000000 -0.10000000  0.16666667  0.0004    1161
     965  0.10000000 -0.10000000  0.16666667  0.0004    1162
     966  0.15000000 -0.10000000  0.16666667  0.0004    1163
     967  0.20000000 -0.10000000  0.16666667  0.0004    1164
     968  0.25000000 -0.10000000  0.16666667  0.0004    1165
     969  0.30000000 -0.10000000  0.16666667  0.0004    1166
     970  0.35000000 -0.10000000  0.16666667  0.0004    1167
     971  0.40000000 -0.10000000  0.16666667  0.0004    1168
     972  0.45000000 -0.10000000  0.16666667  0.0004    1169
     973  0.50000000 -0.10000000  0.16666667  0.0004    1170
     974  0.45000000  0.10000000 -0.16666667  0.0004    1171
     975  0.40000000  0.10000000 -0.16666667  0.0004    1172
     976  0.35000000  0.10000000 -0.16666667  0.0004    1173
     977  0.30000000  0.10000000 -0.16666667  0.0004    1174
     978  0.25000000  0.10000000 -0.16666667  0.0004    1175
     979  0.20000000  0.10000000 -0.16666667  0.0004    1176
     980  0.15000000  0.10000000 -0.16666667  0.0004    1177
     981  0.10000000  0.10000000 -0.16666667  0.0004    1178
     982 -0.05000000 -0.10000000  0.16666667  0.0004    1179
     983  0.00000000 -0.05000000  0.16666667  0.0004    1180
     984  0.05000000 -0.05000000  0.16666667  0.0004    1181
     985  0.10000000 -0.05000000  0.16666667  0.0004    1182
     986  0.15000000 -0.05000000  0.16666667  0.0004    1183
     987  0.20000000 -0.05000000  0.16666667  0.0004    1184
     988  0.25000000 -0.05000000  0.16666667  0.0004    1185
     989  0.30000000 -0.05000000  0.16666667  0.0004    1186
     990  0.35000000 -0.05000000  0.16666667  0.0004    1187
     991  0.40000000 -0.05000000  0.16666667  0.0004    1188
     992  0.45000000 -0.05000000  0.16666667  0.0004    1189
     993  0.50000000 -0.05000000  0.16666667  0.0004    1190
     994  0.45000000  0.05000000 -0.16666667  0.0004    1191
     995  0.40000000  0.05000000 -0.16666667  0.0004    1192
     996  0.35000000  0.05000000 -0.16666667  0.0004    1193
     997  0.30000000  0.05000000 -0.16666667  0.0004    1194
     998  0.25000000  0.05000000 -0.16666667  0.0004    1195
     999  0.20000000  0.05000000 -0.16666667  0.0004    1196
    1000  0.15000000  0.05000000 -0.16666667  0.0004    1197
    1001 -0.10000000 -0.05000000  0.16666667  0.0004    1198
    1002 -0.05000000 -0.05000000  0.16666667  0.0004    1199
    1003  0.00000000  0.00000000  0.25000000  0.0004    1200
    1004  0.05000000  0.00000000  0.25000000  0.0004    1201
    1005  0.10000000  0.00000000  0.25000000  0.0004    1202
    1006  0.15000000  0.00000000  0.25000000  0.0004    1203
    1007  0.20000000  0.00000000  0.25000000  0.0004    1204
    1008  0.25000000  0.00000000  0.25000000  0.0004    1205
    1009  0.30000000  0.00000000  0.25000000  0.0004    1206
    1010  0.35000000  0.00000000  0.25000000  0.0004    1207
    1011  0.40000000  0.00000000  0.25000000  0.0004    1208
    1012  0.45000000  0.00000000  0.25000000  0.0004    1209
    1013  0.50000000  0.00000000  0.25000000  0.0004    1210
    1014  0.45000000  0.00000000 -0.25000000  0.0004    1211
    1015  0.40000000  0.00000000 -0.25000000  0.0004    1212
    1016  0.35000000  0.00000000 -0.25000000  0.0004    1213
    1017  0.30000000  0.00000000 -0.25000000  0.0004    1214
    1018 -0.25000000  0.00000000  0.25000000  0.0004    1215
    1019 -0.20000000  0.00000000  0.25000000  0.0004    1216
    1020 -0.15000000  0.00000000  0.25000000  0.0004    1217
    1021 -0.10000000  0.00000000  0.25000000  0.0004    1218
    1022 -0.05000000  0.00000000  0.25000000  0.0004    1219
    1023  0.00000000  0.05000000  0.25000000  0.0004    1220
    1024  0.05000000  0.05000000  0.25000000  0.0004    1221
    1025  0.10000000  0.05000000  0.25000000  0.0004    1222
    1026  0.15000000  0.05000000  0.25000000  0.0004    1223
    1027  0.20000000  0.05000000  0.25000000  0.0004    1224
    1028  0.25000000  0.05000000  0.25000000  0.0004    1225
    1029  0.30000000  0.05000000  0.25000000  0.0004    1226
    1030  0.35000000  0.05000000  0.25000000  0.0004    1227
    1031  0.40000000  0.05000000  0.25000000  0.0004    1228
    1032  0.45000000  0.05000000  0.25000000  0.0004    1229
    1033  0.50000000  0.05000000  0.25000000  0.0004    1230
    1034  0.45000000 -0.05000000 -0.25000000  0.0004    1231
    1035  0.40000000 -0.05000000 -0.25000000  0.0004    1232
    1036  0.35000000 -0.05000000 -0.25000000  0.0004    1233
    1037 -0.30000000  0.05000000  0.25000000  0.0004    1234
    1038 -0.25000000  0.05000000  0.25000000  0.0004    1235
    1039 -0.20000000  0.05000000  0.25000000  0.0004    1236
    1040 -0.15000000  0.05000000  0.25000000  0.0004    1237
    1041 -0.10000000  0.05000000  0.25000000  0.0004    1238
    1042 -0.05000000  0.05000000  0.25000000  0.0004    1239
    1043  0.00000000  0.10000000  0.25000000  0.0004    1240
    1044  0.05000000  0.10000000  0.25000000  0.0004    1241
    1045  0.10000000  0.10000000  0.25000000  0.0004    1242
    1046  0.15000000  0.10000000  0.25000000  0.0004    1243
    1047  0.20000000  0.10000000  0.25000000  0.0004    1244
    1048  0.25000000  0.10000000  0.25000000  0.0004    1245
    1049  0.30000000  0.10000000  0.25000000  0.0004    1246
    1050  0.35000000  0.10000000  0.25000000  0.0004    1247
    1051  0.40000000  0.10000000  0.25000000  0.0004    1248
    1052  0.45000000  0.10000000  0.25000000  0.0004    1249
    1053  0.50000000  0.10000000  0.25000000  0.0004    1250
    1054  0.45000000 -0.10000000 -0.25000000  0.0004    1251
    1055  0.40000000 -0.10000000 -0.25000000  0.0004    1252
    1056  0.35000000 -0.10000000 -0.25000000  0.0004    1253
    1057 -0.30000000  0.10000000  0.25000000  0.0004    1254
    1058 -0.25000000  0.10000000  0.25000000  0.0004    1255
    1059 -0.20000000  0.10000000  0.25000000  0.0004    1256
    1060 -0.15000000  0.10000000  0.25000000  0.0004    1257
    1061 -0.10000000  0.10000000  0.25000000  0.0004    1258
    1062 -0.05000000  0.10000000  0.25000000  0.0004    1259
    1063  0.00000000  0.15000000  0.25000000  0.0004    1260
    1064  0.05000000  0.15000000  0.25000000  0.0004    1261
    1065  0.10000000  0.15000000  0.25000000  0.0004    1262
    1066  0.15000000  0.15000000  0.25000000  0.0004    1263
    1067  0.20000000  0.15000000  0.25000000  0.0004    1264
    1068  0.25000000  0.15000000  0.25000000  0.0004    1265
    1069  0.30000000  0.15000000  0.25000000  0.0004    1266
    1070  0.35000000  0.15000000  0.25000000  0.0004    1267
    1071  0.40000000  0.15000000  0.25000000  0.0004    1268
    1072  0.45000000  0.15000000  0.25000000  0.0004    1269
    1073  0.50000000  0.15000000  0.25000000  0.0004    1270
    1074  0.45000000 -0.15000000 -0.25000000  0.0004    1271
    1075  0.40000000 -0.15000000 -0.25000000  0.0004    1272
    1076 -0.35000000  0.15000000  0.25000000  0.0004    1273
    1077 -0.30000000  0.15000000  0.25000000  0.0004    1274
    1078 -0.25000000  0.15000000  0.25000000  0.0004    1275
    1079 -0.20000000  0.15000000  0.25000000  0.0004    1276
    1080 -0.15000000  0.15000000  0.25000000  0.0004    1277
    1081 -0.10000000  0.15000000  0.25000000  0.0004    1278
    1082 -0.05000000  0.15000000  0.25000000  0.0004    1279
    1083  0.00000000  0.20000000  0.25000000  0.0004    1280
    1084  0.05000000  0.20000000  0.25000000  0.0004    1281
    1085  0.10000000  0.20000000  0.25000000  0.0004    1282
    1086  0.15000000  0.20000000  0.25000000  0.0004    1283
    1087  0.20000000  0.20000000  0.25000000  0.0004    1284
    1088  0.25000000  0.20000000  0.25000000  0.0004    1285
    1089  0.30000000  0.20000000  0.25000000  0.0004    1286
    1090  0.35000000  0.20000000  0.25000000  0.0004    1287
    1091  0.40000000  0.20000000  0.25000000  0.0004    1288
    1092  0.45000000  0.20000000  0.25000000  0.0004    1289
    1093  0.50000000  0.20000000  0.25000000  0.0004    1290
    1094 -0.45000000  0.20000000  0.25000000  0.0004    1291
    1095 -0.40000000  0.20000000  0.25000000  0.0004    1292
    1096 -0.35000000  0.20000000  0.25000000  0.0004    1293
    1097 -0.30000000  0.20000000  0.25000000  0.0004    1294
    1098 -0.25000000  0.20000000  0.25000000  0.0004    1295
    1099 -0.20000000  0.20000000  0.25000000  0.0004    1296
    1100 -0.15000000  0.20000000  0.25000000  0.0004    1297
    1101 -0.10000000  0.20000000  0.25000000  0.0004    1298
    1102 -0.05000000  0.20000000  0.25000000  0.0004    1299
    1103  0.00000000  0.25000000  0.25000000  0.0004    1300
    1104  0.05000000  0.25000000  0.25000000  0.0004    1301
    1105  0.10000000  0.25000000  0.25000000  0.0004    1302
    1106  0.15000000  0.25000000  0.25000000  0.0004    1303
    1107  0.20000000  0.25000000  0.25000000  0.0004    1304
    1108  0.25000000  0.25000000  0.25000000  0.0004    1305
    1109  0.30000000  0.25000000  0.25000000  0.0004    1306
    1110  0.35000000  0.25000000  0.25000000  0.0004    1307
    1111  0.40000000  0.25000000  0.25000000  0.0004    1308
    1112  0.45000000  0.25000000  0.25000000  0.0004    1309
    1113  0.50000000  0.25000000  0.25000000  0.0004    1310
    1114 -0.45000000  0.25000000  0.25000000  0.0004    1311
    1115 -0.40000000  0.25000000  0.25000000  0.0004    1312
    1116 -0.35000000  0.25000000  0.25000000  0.0004    1313
    1117 -0.30000000  0.25000000  0.25000000  0.0004    1314
    1118 -0.25000000  0.25000000  0.25000000  0.0004    1315
    1119 -0.20000000  0.25000000  0.25000000  0.0004    1316
    1120 -0.15000000  0.25000000  0.25000000  0.0004    1317
    1121 -0.10000000  0.25000000  0.25000000  0.0004    1318
    1122 -0.05000000  0.25000000  0.25000000  0.0004    1319
    1123  0.00000000  0.30000000  0.25000000  0.0004    1320
    1124  0.05000000  0.30000000  0.25000000  0.0004    1321
    1125  0.10000000  0.30000000  0.25000000  0.0004    1322
    1126  0.15000000  0.30000000  0.25000000  0.0004    1323
    1127  0.20000000  0.30000000  0.25000000  0.0004    1324
    1128  0.25000000  0.30000000  0.25000000  0.0004    1325
    1129  0.30000000  0.30000000  0.25000000  0.0004    1326
    1130  0.35000000  0.30000000  0.25000000  0.0004    1327
    1131  0.40000000  0.30000000  0.25000000  0.0004    1328
    1132  0.45000000  0.30000000  0.25000000  0.0004    1329
    1133  0.50000000  0.30000000  0.25000000  0.0004    1330
    1134 -0.45000000  0.30000000  0.25000000  0.0004    1331
    1135 -0.40000000  0.30000000  0.25000000  0.0004    1332
    1136 -0.35000000  0.30000000  0.25000000  0.0004    1333
    1137 -0.30000000  0.30000000  0.25000000  0.0004    1334
    1138 -0.25000000  0.30000000  0.25000000  0.0004    1335
    1139 -0.20000000  0.30000000  0.25000000  0.0004    1336
    1140 -0.15000000  0.30000000  0.25000000  0.0004    1337
    1141 -0.10000000  0.30000000  0.25000000  0.0004    1338
    1142 -0.05000000  0.30000000  0.25000000  0.0004    1339
    1143  0.00000000  0.35000000  0.25000000  0.0004    1340
    1144  0.05000000  0.35000000  0.25000000  0.0004    1341
    1145  0.10000000  0.35000000  0.25000000  0.0004    1342
    1146  0.15000000  0.35000000  0.25000000  0.0004    1343
    1147  0.20000000  0.35000000  0.25000000  0.0004    1344
    1148  0.25000000  0.35000000  0.25000000  0.0004    1345
    1149  0.30000000  0.35000000  0.25000000  0.0004    1346
    1150  0.35000000  0.35000000  0.25000000  0.0004    1347
    1151  0.40000000  0.35000000  0.25000000  0.0004    1348
    1152  0.45000000  0.35000000  0.25000000  0.0004    1349
    1153  0.50000000  0.35000000  0.25000000  0.0004    1350
    1154 -0.45000000  0.35000000  0.25000000  0.0004    1351
    1155 -0.40000000  0.35000000  0.25000000  0.0004    1352
    1156 -0.35000000  0.35000000  0.25000000  0.0004    1353
    1157 -0.30000000  0.35000000  0.25000000  0.0004    1354
    1158 -0.25000000  0.35000000  0.25000000  0.0004    1355
    1159 -0.20000000  0.35000000  0.25000000  0.0004    1356
    1160 -0.15000000  0.35000000  0.25000000  0.0004    1357
    1161 -0.10000000  0.35000000  0.25000000  0.0004    1358
    1162 -0.05000000  0.35000000  0.25000000  0.0004    1359
    1163  0.00000000  0.40000000  0.25000000  0.0004    1360
    1164  0.05000000  0.40000000  0.25000000  0.0004    1361
    1165  0.10000000  0.40000000  0.25000000  0.0004    1362
    1166  0.15000000  0.40000000  0.25000000  0.0004    1363
    1167  0.20000000  0.40000000  0.25000000  0.0004    1364
    1168  0.25000000  0.40000000  0.25000000  0.0004    1365
    1169  0.30000000  0.40000000  0.25000000  0.0004    1366
    1170  0.35000000  0.40000000  0.25000000  0.0004    1367
    1171  0.40000000  0.40000000  0.25000000  0.0004    1368
    1172  0.45000000  0.40000000  0.25000000  0.0004    1369
    1173  0.50000000  0.40000000  0.25000000  0.0004    1370
    1174 -0.45000000  0.40000000  0.25000000  0.0004    1371
    1175 -0.40000000  0.40000000  0.25000000  0.0004    1372
    1176 -0.35000000  0.40000000  0.25000000  0.0004    1373
    1177 -0.30000000  0.40000000  0.25000000  0.0004    1374
    1178 -0.25000000  0.40000000  0.25000000  0.0004    1375
    1179 -0.20000000  0.40000000  0.25000000  0.0004    1376
    1180 -0.15000000  0.40000000  0.25000000  0.0004    1377
    1181 -0.10000000  0.40000000  0.25000000  0.0004    1378
    1182 -0.05000000  0.40000000  0.25000000  0.0004    1379
    1183  0.00000000  0.45000000  0.25000000  0.0004    1380
    1184  0.05000000  0.45000000  0.25000000  0.0004    1381
    1185  0.10000000  0.45000000  0.25000000  0.0004    1382
    1186  0.15000000  0.45000000  0.25000000  0.0004    1383
    1187  0.20000000  0.45000000  0.25000000  0.0004    1384
    1188  0.25000000  0.45000000  0.25000000  0.0004    1385
    1189  0.30000000  0.45000000  0.25000000  0.0004    1386
    1190  0.35000000  0.45000000  0.25000000  0.0004    1387
    1191  0.40000000  0.45000000  0.25000000  0.0004    1388
    1192  0.45000000  0.45000000  0.25000000  0.0004    1389
    1193  0.50000000  0.45000000  0.25000000  0.0004    1390
    1194 -0.45000000  0.45000000  0.25000000  0.0004    1391
    1195 -0.40000000  0.45000000  0.25000000  0.0004    1392
    1196 -0.35000000  0.45000000  0.25000000  0.0004    1393
    1197 -0.30000000  0.45000000  0.25000000  0.0004    1394
    1198 -0.25000000  0.45000000  0.25000000  0.0004    1395
    1199 -0.20000000  0.45000000  0.25000000  0.0004    1396
    1200 -0.15000000  0.45000000  0.25000000  0.0004    1397
    1201 -0.10000000  0.45000000  0.25000000  0.0004    1398
    1202 -0.05000000  0.45000000  0.25000000  0.0004    1399
    1203  0.00000000  0.50000000  0.25000000  0.0004    1400
    1204  0.05000000  0.50000000  0.25000000  0.0004    1401
    1205  0.10000000  0.50000000  0.25000000  0.0004    1402
    1206  0.15000000  0.50000000  0.25000000  0.0004    1403
    1207  0.20000000  0.50000000  0.25000000  0.0004    1404
    1208  0.25000000  0.50000000  0.25000000  0.0004    1405
    1209  0.30000000  0.50000000  0.25000000  0.0004    1406
    1210  0.35000000  0.50000000  0.25000000  0.0004    1407
    1211  0.40000000  0.50000000  0.25000000  0.0004    1408
    1212  0.45000000  0.50000000  0.25000000  0.0004    1409
    1213  0.50000000  0.50000000  0.25000000  0.0004    1410
    1214  0.45000000  0.50000000 -0.25000000  0.0004    1411
    1215  0.40000000  0.50000000 -0.25000000  0.0004    1412
    1216  0.35000000  0.50000000 -0.25000000  0.0004    1413
    1217  0.30000000  0.50000000 -0.25000000  0.0004    1414
    1218 -0.25000000  0.50000000  0.25000000  0.0004    1415
    1219 -0.20000000  0.50000000  0.25000000  0.0004    1416
    1220 -0.15000000  0.50000000  0.25000000  0.0004    1417
    1221 -0.10000000  0.50000000  0.25000000  0.0004    1418
    1222 -0.05000000  0.50000000  0.25000000  0.0004    1419
    1223  0.00000000  0.45000000 -0.25000000  0.0004    1420
    1224 -0.05000000  0.45000000 -0.25000000  0.0004    1421
    1225 -0.10000000  0.45000000 -0.25000000  0.0004    1422
    1226 -0.15000000  0.45000000 -0.25000000  0.0004    1423
    1227  0.20000000 -0.45000000  0.25000000  0.0004    1424
    1228  0.25000000 -0.45000000  0.25000000  0.0004    1425
    1229  0.30000000 -0.45000000  0.25000000  0.0004    1426
    1230  0.35000000 -0.45000000  0.25000000  0.0004    1427
    1231  0.40000000 -0.45000000  0.25000000  0.0004    1428
    1232  0.45000000 -0.45000000  0.25000000  0.0004    1429
    1233  0.50000000  0.45000000 -0.25000000  0.0004    1430
    1234  0.45000000  0.45000000 -0.25000000  0.0004    1431
    1235  0.40000000  0.45000000 -0.25000000  0.0004    1432
    1236  0.35000000  0.45000000 -0.25000000  0.0004    1433
    1237  0.30000000  0.45000000 -0.25000000  0.0004    1434
    1238  0.25000000  0.45000000 -0.25000000  0.0004    1435
    1239  0.20000000  0.45000000 -0.25000000  0.0004    1436
    1240  0.15000000  0.45000000 -0.25000000  0.0004    1437
    1241  0.10000000  0.45000000 -0.25000000  0.0004    1438
    1242  0.05000000  0.45000000 -0.25000000  0.0004    1439
    1243  0.00000000  0.40000000 -0.25000000  0.0004    1440
    1244 -0.05000000  0.40000000 -0.25000000  0.0004    1441
    1245 -0.10000000  0.40000000 -0.25000000  0.0004    1442
    1246 -0.15000000  0.40000000 -0.25000000  0.0004    1443
    1247  0.20000000 -0.40000000  0.25000000  0.0004    1444
    1248  0.25000000 -0.40000000  0.25000000  0.0004    1445
    1249  0.30000000 -0.40000000  0.25000000  0.0004    1446
    1250  0.35000000 -0.40000000  0.25000000  0.0004    1447
    1251  0.40000000 -0.40000000  0.25000000  0.0004    1448
    1252  0.45000000 -0.40000000  0.25000000  0.0004    1449
    1253  0.50000000  0.40000000 -0.25000000  0.0004    1450
    1254  0.45000000  0.40000000 -0.25000000  0.0004    1451
    1255  0.40000000  0.40000000 -0.25000000  0.0004    1452
    1256  0.35000000  0.40000000 -0.25000000  0.0004    1453
    1257  0.30000000  0.40000000 -0.25000000  0.0004    1454
    1258  0.25000000  0.40000000 -0.25000000  0.0004    1455
    1259  0.20000000  0.40000000 -0.25000000  0.0004    1456
    1260  0.15000000  0.40000000 -0.25000000  0.0004    1457
    1261  0.10000000  0.40000000 -0.25000000  0.0004    1458
    1262  0.05000000  0.40000000 -0.25000000  0.0004    1459
    1263  0.00000000  0.35000000 -0.25000000  0.0004    1460
    1264 -0.05000000  0.35000000 -0.25000000  0.0004    1461
    1265 -0.10000000  0.35000000 -0.25000000  0.0004    1462
    1266  0.15000000 -0.35000000  0.25000000  0.0004    1463
    1267  0.20000000 -0.35000000  0.25000000  0.0004    1464
    1268  0.25000000 -0.35000000  0.25000000  0.0004    1465
    1269  0.30000000 -0.35000000  0.25000000  0.0004    1466
    1270  0.35000000 -0.35000000  0.25000000  0.0004    1467
    1271  0.40000000 -0.35000000  0.25000000  0.0004    1468
    1272  0.45000000 -0.35000000  0.25000000  0.0004    1469
    1273  0.50000000  0.35000000 -0.25000000  0.0004    1470
    1274  0.45000000  0.35000000 -0.25000000  0.0004    1471
    1275  0.40000000  0.35000000 -0.25000000  0.0004    1472
    1276  0.35000000  0.35000000 -0.25000000  0.0004    1473
    1277  0.30000000  0.35000000 -0.25000000  0.0004    1474
    1278  0.25000000  0.35000000 -0.25000000  0.0004    1475
    1279  0.20000000  0.35000000 -0.25000000  0.0004    1476
    1280  0.15000000  0.35000000 -0.25000000  0.0004    1477
    1281  0.10000000  0.35000000 -0.25000000  0.0004    1478
    1282  0.05000000  0.35000000 -0.25000000  0.0004    1479
    1283  0.00000000  0.30000000 -0.25000000  0.0004    1480
    1284 -0.05000000  0.30000000 -0.25000000  0.0004    1481
    1285  0.10000000 -0.30000000  0.25000000  0.0004    1482
    1286  0.15000000 -0.30000000  0.25000000  0.0004    1483
    1287  0.20000000 -0.30000000  0.25000000  0.0004    1484
    1288  0.25000000 -0.30000000  0.25000000  0.0004    1485
    1289  0.30000000 -0.30000000  0.25000000  0.0004    1486
    1290  0.35000000 -0.30000000  0.25000000  0.0004    1487
    1291  0.40000000 -0.30000000  0.25000000  0.0004    1488
    1292  0.45000000 -0.30000000  0.25000000  0.0004    1489
    1293  0.50000000  0.30000000 -0.25000000  0.0004    1490
    1294  0.45000000  0.30000000 -0.25000000  0.0004    1491
    1295  0.40000000  0.30000000 -0.25000000  0.0004    1492
    1296  0.35000000  0.30000000 -0.25000000  0.0004    1493
    1297  0.30000000  0.30000000 -0.25000000  0.0004    1494
    1298  0.25000000  0.30000000 -0.25000000  0.0004    1495
    1299  0.20000000  0.30000000 -0.25000000  0.0004    1496
    1300  0.15000000  0.30000000 -0.25000000  0.0004    1497
    1301  0.10000000  0.30000000 -0.25000000  0.0004    1498
    1302  0.05000000  0.30000000 -0.25000000  0.0004    1499
    1303  0.00000000 -0.25000000  0.25000000  0.0004    1500
    1304  0.05000000 -0.25000000  0.25000000  0.0004    1501
    1305  0.10000000 -0.25000000  0.25000000  0.0004    1502
    1306  0.15000000 -0.25000000  0.25000000  0.0004    1503
    1307  0.20000000 -0.25000000  0.25000000  0.0004    1504
    1308  0.25000000 -0.25000000  0.25000000  0.0004    1505
    1309  0.30000000 -0.25000000  0.25000000  0.0004    1506
    1310  0.35000000 -0.25000000  0.25000000  0.0004    1507
    1311  0.40000000 -0.25000000  0.25000000  0.0004    1508
    1312  0.45000000 -0.25000000  0.25000000  0.0004    1509
    1313  0.50000000 -0.25000000  0.25000000  0.0004    1510
    1314  0.45000000  0.25000000 -0.25000000  0.0004    1511
    1315  0.40000000  0.25000000 -0.25000000  0.0004    1512
    1316  0.35000000  0.25000000 -0.25000000  0.0004    1513
    1317  0.30000000  0.25000000 -0.25000000  0.0004    1514
    1318  0.25000000  0.25000000 -0.25000000  0.0004    1515
    1319  0.20000000  0.25000000 -0.25000000  0.0004    1516
    1320  0.15000000  0.25000000 -0.25000000  0.0004    1517
    1321  0.10000000  0.25000000 -0.25000000  0.0004    1518
    1322  0.05000000  0.25000000 -0.25000000  0.0004    1519
    1323  0.00000000 -0.20000000  0.25000000  0.0004    1520
    1324  0.05000000 -0.20000000  0.25000000  0.0004    1521
    1325  0.10000000 -0.20000000  0.25000000  0.0004    1522
    1326  0.15000000 -0.20000000  0.25000000  0.0004    1523
    1327  0.20000000 -0.20000000  0.25000000  0.0004    1524
    1328  0.25000000 -0.20000000  0.25000000  0.0004    1525
    1329  0.30000000 -0.20000000  0.25000000  0.0004    1526
    1330  0.35000000 -0.20000000  0.25000000  0.0004    1527
    1331  0.40000000 -0.20000000  0.25000000  0.0004    1528
    1332  0.45000000 -0.20000000  0.25000000  0.0004    1529
    1333  0.50000000 -0.20000000  0.25000000  0.0004    1530
    1334  0.45000000  0.20000000 -0.25000000  0.0004    1531
    1335  0.40000000  0.20000000 -0.25000000  0.0004    1532
    1336  0.35000000  0.20000000 -0.25000000  0.0004    1533
    1337  0.30000000  0.20000000 -0.25000000  0.0004    1534
    1338  0.25000000  0.20000000 -0.25000000  0.0004    1535
    1339  0.20000000  0.20000000 -0.25000000  0.0004    1536
    1340  0.15000000  0.20000000 -0.25000000  0.0004    1537
    1341  0.10000000  0.20000000 -0.25000000  0.0004    1538
    1342 -0.05000000 -0.20000000  0.25000000  0.0004    1539
    1343  0.00000000 -0.15000000  0.25000000  0.0004    1540
    1344  0.05000000 -0.15000000  0.25000000  0.0004    1541
    1345  0.10000000 -0.15000000  0.25000000  0.0004    1542
    1346  0.15000000 -0.15000000  0.25000000  0.0004    1543
    1347  0.20000000 -0.15000000  0.25000000  0.0004    1544
    1348  0.25000000 -0.15000000  0.25000000  0.0004    1545
    1349  0.30000000 -0.15000000  0.25000000  0.0004    1546
    1350  0.35000000 -0.15000000  0.25000000  0.0004    1547
    1351  0.40000000 -0.15000000  0.25000000  0.0004    1548
    1352  0.45000000 -0.15000000  0.25000000  0.0004    1549
    1353  0.50000000 -0.15000000  0.25000000  0.0004    1550
    1354  0.45000000  0.15000000 -0.25000000  0.0004    1551
    1355  0.40000000  0.15000000 -0.25000000  0.0004    1552
    1356  0.35000000  0.15000000 -0.25000000  0.0004    1553
    1357  0.30000000  0.15000000 -0.25000000  0.0004    1554
    1358  0.25000000  0.15000000 -0.25000000  0.0004    1555
    1359  0.20000000  0.15000000 -0.25000000  0.0004    1556
    1360  0.15000000  0.15000000 -0.25000000  0.0004    1557
    1361 -0.10000000 -0.15000000  0.25000000  0.0004    1558
    1362 -0.05000000 -0.15000000  0.25000000  0.0004    1559
    1363  0.00000000 -0.10000000  0.25000000  0.0004    1560
    1364  0.05000000 -0.10000000  0.25000000  0.0004    1561
    1365  0.10000000 -0.10000000  0.25000000  0.0004    1562
    1366  0.15000000 -0.10000000  0.25000000  0.0004    1563
    1367  0.20000000 -0.10000000  0.25000000  0.0004    1564
    1368  0.25000000 -0.10000000  0.25000000  0.0004    1565
    1369  0.30000000 -0.10000000  0.25000000  0.0004    1566
    1370  0.35000000 -0.10000000  0.25000000  0.0004    1567
    1371  0.40000000 -0.10000000  0.25000000  0.0004    1568
    1372  0.45000000 -0.10000000  0.25000000  0.0004    1569
    1373  0.50000000 -0.10000000  0.25000000  0.0004    1570
    1374  0.45000000  0.10000000 -0.25000000  0.0004    1571
    1375  0.40000000  0.10000000 -0.25000000  0.0004    1572
    1376  0.35000000  0.10000000 -0.25000000  0.0004    1573
    1377  0.30000000  0.10000000 -0.25000000  0.0004    1574
    1378  0.25000000  0.10000000 -0.25000000  0.0004    1575
    1379  0.20000000  0.10000000 -0.25000000  0.0004    1576
    1380 -0.15000000 -0.10000000  0.25000000  0.0004    1577
    1381 -0.10000000 -0.10000000  0.25000000  0.0004    1578
    1382 -0.05000000 -0.10000000  0.25000000  0.0004    1579
    1383  0.00000000 -0.05000000  0.25000000  0.0004    1580
    1384  0.05000000 -0.05000000  0.25000000  0.0004    1581
    1385  0.10000000 -0.05000000  0.25000000  0.0004    1582
    1386  0.15000000 -0.05000000  0.25000000  0.0004    1583
    1387  0.20000000 -0.05000000  0.25000000  0.0004    1584
    1388  0.25000000 -0.05000000  0.25000000  0.0004    1585
    1389  0.30000000 -0.05000000  0.25000000  0.0004    1586
    1390  0.35000000 -0.05000000  0.25000000  0.0004    1587
    1391  0.40000000 -0.05000000  0.25000000  0.0004    1588
    1392  0.45000000 -0.05000000  0.25000000  0.0004    1589
    1393  0.50000000 -0.05000000  0.25000000  0.0004    1590
    1394  0.45000000  0.05000000 -0.25000000  0.0004    1591
    1395  0.40000000  0.05000000 -0.25000000  0.0004    1592
    1396  0.35000000  0.05000000 -0.25000000  0.0004    1593
    1397  0.30000000  0.05000000 -0.25000000  0.0004    1594
    1398  0.25000000  0.05000000 -0.25000000  0.0004    1595
    1399 -0.20000000 -0.05000000  0.25000000  0.0004    1596
    1400 -0.15000000 -0.05000000  0.25000000  0.0004    1597
    1401 -0.10000000 -0.05000000  0.25000000  0.0004    1598
    1402 -0.05000000 -0.05000000  0.25000000  0.0004    1599
    1403  0.00000000  0.00000000  0.33333333  0.0004    1600
    1404  0.05000000  0.00000000  0.33333333  0.0004    1601
    1405  0.10000000  0.00000000  0.33333333  0.0004    1602
    1406  0.15000000  0.00000000  0.33333333  0.0004    1603
    1407  0.20000000  0.00000000  0.33333333  0.0004    1604
    1408  0.25000000  0.00000000  0.33333333  0.0004    1605
    1409  0.30000000  0.00000000  0.33333333  0.0004    1606
    1410  0.35000000  0.00000000  0.33333333  0.0004    1607
    1411  0.40000000  0.00000000  0.33333333  0.0004    1608
    1412  0.45000000  0.00000000  0.33333333  0.0004    1609
    1413  0.50000000  0.00000000  0.33333333  0.0004    1610
    1414  0.45000000  0.00000000 -0.33333333  0.0004    1611
    1415  0.40000000  0.00000000 -0.33333333  0.0004    1612
    1416  0.35000000  0.00000000 -0.33333333  0.0004    1613
    1417 -0.30000000  0.00000000  0.33333333  0.0004    1614
    1418 -0.25000000  0.00000000  0.33333333  0.0004    1615
    1419 -0.20000000  0.00000000  0.33333333  0.0004    1616
    1420 -0.15000000  0.00000000  0.33333333  0.0004    1617
    1421 -0.10000000  0.00000000  0.33333333  0.0004    1618
    1422 -0.05000000  0.00000000  0.33333333  0.0004    1619
    1423  0.00000000  0.05000000  0.33333333  0.0004    1620
    1424  0.05000000  0.05000000  0.33333333  0.0004    1621
    1425  0.10000000  0.05000000  0.33333333  0.0004    1622
    1426  0.15000000  0.05000000  0.33333333  0.0004    1623
    1427  0.20000000  0.05000000  0.33333333  0.0004    1624
    1428  0.25000000  0.05000000  0.33333333  0.0004    1625
    1429  0.30000000  0.05000000  0.33333333  0.0004    1626
    1430  0.35000000  0.05000000  0.33333333  0.0004    1627
    1431  0.40000000  0.05000000  0.33333333  0.0004    1628
    1432  0.45000000  0.05000000  0.33333333  0.0004    1629
    1433  0.50000000  0.05000000  0.33333333  0.0004    1630
    1434  0.45000000 -0.05000000 -0.33333333  0.0004    1631
    1435  0.40000000 -0.05000000 -0.33333333  0.0004    1632
    1436 -0.35000000  0.05000000  0.33333333  0.0004    1633
    1437 -0.30000000  0.05000000  0.33333333  0.0004    1634
    1438 -0.25000000  0.05000000  0.33333333  0.0004    1635
    1439 -0.20000000  0.05000000  0.33333333  0.0004    1636
    1440 -0.15000000  0.05000000  0.33333333  0.0004    1637
    1441 -0.10000000  0.05000000  0.33333333  0.0004    1638
    1442 -0.05000000  0.05000000  0.33333333  0.0004    1639
    1443  0.00000000  0.10000000  0.33333333  0.0004    1640
    1444  0.05000000  0.10000000  0.33333333  0.0004    1641
    1445  0.10000000  0.10000000  0.33333333  0.0004    1642
    1446  0.15000000  0.10000000  0.33333333  0.0004    1643
    1447  0.20000000  0.10000000  0.33333333  0.0004    1644
    1448  0.25000000  0.10000000  0.33333333  0.0004    1645
    1449  0.30000000  0.10000000  0.33333333  0.0004    1646
    1450  0.35000000  0.10000000  0.33333333  0.0004    1647
    1451  0.40000000  0.10000000  0.33333333  0.0004    1648
    1452  0.45000000  0.10000000  0.33333333  0.0004    1649
    1453  0.50000000  0.10000000  0.33333333  0.0004    1650
    1454  0.45000000 -0.10000000 -0.33333333  0.0004    1651
    1455 -0.40000000  0.10000000  0.33333333  0.0004    1652
    1456 -0.35000000  0.10000000  0.33333333  0.0004    1653
    1457 -0.30000000  0.10000000  0.33333333  0.0004    1654
    1458 -0.25000000  0.10000000  0.33333333  0.0004    1655
    1459 -0.20000000  0.10000000  0.33333333  0.0004    1656
    1460 -0.15000000  0.10000000  0.33333333  0.0004    1657
    1461 -0.10000000  0.10000000  0.33333333  0.0004    1658
    1462 -0.05000000  0.10000000  0.33333333  0.0004    1659
    1463  0.00000000  0.15000000  0.33333333  0.0004    1660
    1464  0.05000000  0.15000000  0.33333333  0.0004    1661
    1465  0.10000000  0.15000000  0.33333333  0.0004    1662
    1466  0.15000000  0.15000000  0.33333333  0.0004    1663
    1467  0.20000000  0.15000000  0.33333333  0.0004    1664
    1468  0.25000000  0.15000000  0.33333333  0.0004    1665
    1469  0.30000000  0.15000000  0.33333333  0.0004    1666
    1470  0.35000000  0.15000000  0.33333333  0.0004    1667
    1471  0.40000000  0.15000000  0.33333333  0.0004    1668
    1472  0.45000000  0.15000000  0.33333333  0.0004    1669
    1473  0.50000000  0.15000000  0.33333333  0.0004    1670
    1474 -0.45000000  0.15000000  0.33333333  0.0004    1671
    1475 -0.40000000  0.15000000  0.33333333  0.0004    1672
    1476 -0.35000000  0.15000000  0.33333333  0.0004    1673
    1477 -0.30000000  0.15000000  0.33333333  0.0004    1674
    1478 -0.25000000  0.15000000  0.33333333  0.0004    1675
    1479 -0.20000000  0.15000000  0.33333333  0.0004    1676
    1480 -0.15000000  0.15000000  0.33333333  0.0004    1677
    1481 -0.10000000  0.15000000  0.33333333  0.0004    1678
    1482 -0.05000000  0.15000000  0.33333333  0.0004    1679
    1483  0.00000000  0.20000000  0.33333333  0.0004    1680
    1484  0.05000000  0.20000000  0.33333333  0.0004    1681
    1485  0.10000000  0.20000000  0.33333333  0.0004    1682
    1486  0.15000000  0.20000000  0.33333333  0.0004    1683
    1487  0.20000000  0.20000000  0.33333333  0.0004    1684
    1488  0.25000000  0.20000000  0.33333333  0.0004    1685
    1489  0.30000000  0.20000000  0.33333333  0.0004    1686
    1490  0.35000000  0.20000000  0.33333333  0.0004    1687
    1491  0.40000000  0.20000000  0.33333333  0.0004    1688
    1492  0.45000000  0.20000000  0.33333333  0.0004    1689
    1493  0.50000000  0.20000000  0.33333333  0.0004    1690
    1494 -0.45000000  0.20000000  0.33333333  0.0004    1691
    1495 -0.40000000  0.20000000  0.33333333  0.0004    1692
    1496 -0.35000000  0.20000000  0.33333333  0.0004    1693
    1497 -0.30000000  0.20000000  0.33333333  0.0004    1694
    1498 -0.25000000  0.20000000  0.33333333  0.0004    1695
    1499 -0.20000000  0.20000000  0.33333333  0.0004    1696
    1500 -0.15000000  0.20000000  0.33333333  0.0004    1697
    1501 -0.10000000  0.20000000  0.33333333  0.0004    1698
    1502 -0.05000000  0.20000000  0.33333333  0.0004    1699
    1503  0.00000000  0.25000000  0.33333333  0.0004    1700
    1504  0.05000000  0.25000000  0.33333333  0.0004    1701
    1505  0.10000000  0.25000000  0.33333333  0.0004    1702
    1506  0.15000000  0.25000000  0.33333333  0.0004    1703
    1507  0.20000000  0.25000000  0.33333333  0.0004    1704
    1508  0.25000000  0.25000000  0.33333333  0.0004    1705
    1509  0.30000000  0.25000000  0.33333333  0.0004    1706
    1510  0.35000000  0.25000000  0.33333333  0.0004    1707
    1511  0.40000000  0.25000000  0.33333333  0.0004    1708
    1512  0.45000000  0.25000000  0.33333333  0.0004    1709
    1513  0.50000000  0.25000000  0.33333333  0.0004    1710
    1514 -0.45000000  0.25000000  0.33333333  0.0004    1711
    1515 -0.40000000  0.25000000  0.33333333  0.0004    1712
    1516 -0.35000000  0.25000000  0.33333333  0.0004    1713
    1517 -0.30000000  0.25000000  0.33333333  0.0004    1714
    1518 -0.25000000  0.25000000  0.33333333  0.0004    1715
    1519 -0.20000000  0.25000000  0.33333333  0.0004    1716
    1520 -0.15000000  0.25000000  0.33333333  0.0004    1717
    1521 -0.10000000  0.25000000  0.33333333  0.0004    1718
    1522 -0.05000000  0.25000000  0.33333333  0.0004    1719
    1523  0.00000000  0.30000000  0.33333333  0.0004    1720
    1524  0.05000000  0.30000000  0.33333333  0.0004    1721
    1525  0.10000000  0.30000000  0.33333333  0.0004    1722
    1526  0.15000000  0.30000000  0.33333333  0.0004    1723
    1527  0.20000000  0.30000000  0.33333333  0.0004    1724
    1528  0.25000000  0.30000000  0.33333333  0.0004    1725
    1529  0.30000000  0.30000000  0.33333333  0.0004    1726
    1530  0.35000000  0.30000000  0.33333333  0.0004    1727
    1531  0.40000000  0.30000000  0.33333333  0.0004    1728
    1532  0.45000000  0.30000000  0.33333333  0.0004    1729
    1533  0.50000000  0.30000000  0.33333333  0.0004    1730
    1534 -0.45000000  0.30000000  0.33333333  0.0004    1731
    1535 -0.40000000  0.30000000  0.33333333  0.0004    1732
    1536 -0.35000000  0.30000000  0.33333333  0.0004    1733
    1537 -0.30000000  0.30000000  0.33333333  0.0004    1734
    1538 -0.25000000  0.30000000  0.33333333  0.0004    1735
    1539 -0.20000000  0.30000000  0.33333333  0.0004    1736
    1540 -0.15000000  0.30000000  0.33333333  0.0004    1737
    1541 -0.10000000  0.30000000  0.33333333  0.0004    1738
    1542 -0.05000000  0.30000000  0.33333333  0.0004    1739
    1543  0.00000000  0.35000000  0.33333333  0.0004    1740
    1544  0.05000000  0.35000000  0.33333333  0.0004    1741
    1545  0.10000000  0.35000000  0.33333333  0.0004    1742
    1546  0.15000000  0.35000000  0.33333333  0.0004    1743
    1547  0.20000000  0.35000000  0.33333333  0.0004    1744
    1548  0.25000000  0.35000000  0.33333333  0.0004    1745
    1549  0.30000000  0.35000000  0.33333333  0.0004    1746
    1550  0.35000000  0.35000000  0.33333333  0.0004    1747
    1551  0.40000000  0.35000000  0.33333333  0.0004    1748
    1552  0.45000000  0.35000000  0.33333333  0.0004    1749
    1553  0.50000000  0.35000000  0.33333333  0.0004    1750
    1554 -0.45000000  0.35000000  0.33333333  0.0004    1751
    1555 -0.40000000  0.35000000  0.33333333  0.0004    1752
    1556 -0.35000000  0.35000000  0.33333333  0.0004    1753
    1557 -0.30000000  0.35000000  0.33333333  0.0004    1754
    1558 -0.25000000  0.35000000  0.33333333  0.0004    1755
    1559 -0.20000000  0.35000000  0.33333333  0.0004    1756
    1560 -0.15000000  0.35000000  0.33333333  0.0004    1757
    1561 -0.10000000  0.35000000  0.33333333  0.0004    1758
    1562 -0.05000000  0.35000000  0.33333333  0.0004    1759
    1563  0.00000000  0.40000000  0.33333333  0.0004    1760
    1564  0.05000000  0.40000000  0.33333333  0.0004    1761
    1565  0.10000000  0.40000000  0.33333333  0.0004    1762
    1566  0.15000000  0.40000000  0.33333333  0.0004    1763
    1567  0.20000000  0.40000000  0.33333333  0.0004    1764
    1568  0.25000000  0.40000000  0.33333333  0.0004    1765
    1569  0.30000000  0.40000000  0.33333333  0.0004    1766
    1570  0.35000000  0.40000000  0.33333333  0.0004    1767
    1571  0.40000000  0.40000000  0.33333333  0.0004    1768
    1572  0.45000000  0.40000000  0.33333333  0.0004    1769
    1573  0.50000000  0.40000000  0.33333333  0.0004    1770
    1574 -0.45000000  0.40000000  0.33333333  0.0004    1771
    1575 -0.40000000  0.40000000  0.33333333  0.0004    1772
    1576 -0.35000000  0.40000000  0.33333333  0.0004    1773
    1577 -0.30000000  0.40000000  0.33333333  0.0004    1774
    1578 -0.25000000  0.40000000  0.33333333  0.0004    1775
    1579 -0.20000000  0.40000000  0.33333333  0.0004    1776
    1580 -0.15000000  0.40000000  0.33333333  0.0004    1777
    1581 -0.10000000  0.40000000  0.33333333  0.0004    1778
    1582 -0.05000000  0.40000000  0.33333333  0.0004    1779
    1583  0.00000000  0.45000000  0.33333333  0.0004    1780
    1584  0.05000000  0.45000000  0.33333333  0.0004    1781
    1585  0.10000000  0.45000000  0.33333333  0.0004    1782
    1586  0.15000000  0.45000000  0.33333333  0.0004    1783
    1587  0.20000000  0.45000000  0.33333333  0.0004    1784
    1588  0.25000000  0.45000000  0.33333333  0.0004    1785
    1589  0.30000000  0.45000000  0.33333333  0.0004    1786
    1590  0.35000000  0.45000000  0.33333333  0.0004    1787
    1591  0.40000000  0.45000000  0.33333333  0.0004    1788
    1592  0.45000000  0.45000000  0.33333333  0.0004    1789
    1593  0.50000000  0.45000000  0.33333333  0.0004    1790
    1594 -0.45000000  0.45000000  0.33333333  0.0004    1791
    1595 -0.40000000  0.45000000  0.33333333  0.0004    1792
    1596 -0.35000000  0.45000000  0.33333333  0.0004    1793
    1597 -0.30000000  0.45000000  0.33333333  0.0004    1794
    1598 -0.25000000  0.45000000  0.33333333  0.0004    1795
    1599 -0.20000000  0.45000000  0.33333333  0.0004    1796
    1600 -0.15000000  0.45000000  0.33333333  0.0004    1797
    1601 -0.10000000  0.45000000  0.33333333  0.0004    1798
    1602 -0.05000000  0.45000000  0.33333333  0.0004    1799
    1603  0.00000000  0.50000000  0.33333333  0.0004    1800
    1604  0.05000000  0.50000000  0.33333333  0.0004    1801
    1605  0.10000000  0.50000000  0.33333333  0.0004    1802
    1606  0.15000000  0.50000000  0.33333333  0.0004    1803
    1607  0.20000000  0.50000000  0.33333333  0.0004    1804
    1608  0.25000000  0.50000000  0.33333333  0.0004    1805
    1609  0.30000000  0.50000000  0.33333333  0.0004    1806
    1610  0.35000000  0.50000000  0.33333333  0.0004    1807
    1611  0.40000000  0.50000000  0.33333333  0.0004    1808
    1612  0.45000000  0.50000000  0.33333333  0.0004    1809
    1613  0.50000000  0.50000000  0.33333333  0.0004    1810
    1614  0.45000000  0.50000000 -0.33333333  0.0004    1811
    1615  0.40000000  0.50000000 -0.33333333  0.0004    1812
    1616  0.35000000  0.50000000 -0.33333333  0.0004    1813
    1617 -0.30000000  0.50000000  0.33333333  0.0004    1814
    1618 -0.25000000  0.50000000  0.33333333  0.0004    1815
    1619 -0.20000000  0.50000000  0.33333333  0.0004    1816
    1620 -0.15000000  0.50000000  0.33333333  0.0004    1817
    1621 -0.10000000  0.50000000  0.33333333  0.0004    1818
    1622 -0.05000000  0.50000000  0.33333333  0.0004    1819
    1623  0.00000000  0.45000000 -0.33333333  0.0004    1820
    1624 -0.05000000  0.45000000 -0.33333333  0.0004    1821
    1625 -0.10000000  0.45000000 -0.33333333  0.0004    1822
    1626  0.15000000 -0.45000000  0.33333333  0.0004    1823
    1627  0.20000000 -0.45000000  0.33333333  0.0004    1824
    1628  0.25000000 -0.45000000  0.33333333  0.0004    1825
    1629  0.30000000 -0.45000000  0.33333333  0.0004    1826
    1630  0.35000000 -0.45000000  0.33333333  0.0004    1827
    1631  0.40000000 -0.45000000  0.33333333  0.0004    1828
    1632  0.45000000 -0.45000000  0.33333333  0.0004    1829
    1633  0.50000000  0.45000000 -0.33333333  0.0004    1830
    1634  0.45000000  0.45000000 -0.33333333  0.0004    1831
    1635  0.40000000  0.45000000 -0.33333333  0.0004    1832
    1636  0.35000000  0.45000000 -0.33333333  0.0004    1833
    1637  0.30000000  0.45000000 -0.33333333  0.0004    1834
    1638  0.25000000  0.45000000 -0.33333333  0.0004    1835
    1639  0.20000000  0.45000000 -0.33333333  0.0004    1836
    1640  0.15000000  0.45000000 -0.33333333  0.0004    1837
    1641  0.10000000  0.45000000 -0.33333333  0.0004    1838
    1642  0.05000000  0.45000000 -0.33333333  0.0004    1839
    1643  0.00000000  0.40000000 -0.33333333  0.0004    1840
    1644 -0.05000000  0.40000000 -0.33333333  0.0004    1841
    1645  0.10000000 -0.40000000  0.33333333  0.0004    1842
    1646  0.15000000 -0.40000000  0.33333333  0.0004    1843
    1647  0.20000000 -0.40000000  0.33333333  0.0004    1844
    1648  0.25000000 -0.40000000  0.33333333  0.0004    1845
    1649  0.30000000 -0.40000000  0.33333333  0.0004    1846
    1650  0.35000000 -0.40000000  0.33333333  0.0004    1847
    1651  0.40000000 -0.40000000  0.33333333  0.0004    1848
    1652  0.45000000 -0.40000000  0.33333333  0.0004    1849
    1653  0.50000000  0.40000000 -0.33333333  0.0004    1850
    1654  0.45000000  0.40000000 -0.33333333  0.0004    1851
    1655  0.40000000  0.40000000 -0.33333333  0.0004    1852
    1656  0.35000000  0.40000000 -0.33333333  0.0004    1853
    1657  0.30000000  0.40000000 -0.33333333  0.0004    1854
    1658  0.25000000  0.40000000 -0.33333333  0.0004    1855
    1659  0.20000000  0.40000000 -0.33333333  0.0004    1856
    1660  0.15000000  0.40000000 -0.33333333  0.0004    1857
    1661  0.10000000  0.40000000 -0.33333333  0.0004    1858
    1662  0.05000000  0.40000000 -0.33333333  0.0004    1859
    1663  0.00000000  0.35000000 -0.33333333  0.0004    1860
    1664  0.05000000 -0.35000000  0.33333333  0.0004    1861
    1665  0.10000000 -0.35000000  0.33333333  0.0004    1862
    1666  0.15000000 -0.35000000  0.33333333  0.0004    1863
    1667  0.20000000 -0.35000000  0.33333333  0.0004    1864
    1668  0.25000000 -0.35000000  0.33333333  0.0004    1865
    1669  0.30000000 -0.35000000  0.33333333  0.0004    1866
    1670  0.35000000 -0.35000000  0.33333333  0.0004    1867
    1671  0.40000000 -0.35000000  0.33333333  0.0004    1868
    1672  0.45000000 -0.35000000  0.33333333  0.0004    1869
    1673  0.50000000  0.35000000 -0.33333333  0.0004    1870
    1674  0.45000000  0.35000000 -0.33333333  0.0004    1871
    1675  0.40000000  0.35000000 -0.33333333  0.0004    1872
    1676  0.35000000  0.35000000 -0.33333333  0.0004    1873
    1677  0.30000000  0.35000000 -0.33333333  0.0004    1874
    1678  0.25000000  0.35000000 -0.33333333  0.0004    1875
    1679  0.20000000  0.35000000 -0.33333333  0.0004    1876
    1680  0.15000000  0.35000000 -0.33333333  0.0004    1877
    1681  0.10000000  0.35000000 -0.33333333  0.0004    1878
    1682  0.05000000  0.35000000 -0.33333333  0.0004    1879
    1683  0.00000000 -0.30000000  0.33333333  0.0004    1880
    1684  0.05000000 -0.30000000  0.33333333  0.0004    1881
    1685  0.10000000 -0.30000000  0.33333333  0.0004    1882
    1686  0.15000000 -0.30000000  0.33333333  0.0004    1883
    1687  0.20000000 -0.30000000  0.33333333  0.0004    1884
    1688  0.25000000 -0.30000000  0.33333333  0.0004    1885
    1689  0.30000000 -0.30000000  0.33333333  0.0004    1886
    1690  0.35000000 -0.30000000  0.33333333  0.0004    1887
    1691  0.40000000 -0.30000000  0.33333333  0.0004    1888
    1692  0.45000000 -0.30000000  0.33333333  0.0004    1889
    1693  0.50000000 -0.30000000  0.33333333  0.0004    1890
    1694  0.45000000  0.30000000 -0.33333333  0.0004    1891
    1695  0.40000000  0.30000000 -0.33333333  0.0004    1892
    1696  0.35000000  0.30000000 -0.33333333  0.0004    1893
    1697  0.30000000  0.30000000 -0.33333333  0.0004    1894
    1698  0.25000000  0.30000000 -0.33333333  0.0004    1895
    1699  0.20000000  0.30000000 -0.33333333  0.0004    1896
    1700  0.15000000  0.30000000 -0.33333333  0.0004    1897
    1701  0.10000000  0.30000000 -0.33333333  0.0004    1898
    1702  0.05000000  0.30000000 -0.33333333  0.0004    1899
    1703  0.00000000 -0.25000000  0.33333333  0.0004    1900
    1704  0.05000000 -0.25000000  0.33333333  0.0004    1901
    1705  0.10000000 -0.25000000  0.33333333  0.0004    1902
    1706  0.15000000 -0.25000000  0.33333333  0.0004    1903
    1707  0.20000000 -0.25000000  0.33333333  0.0004    1904
    1708  0.25000000 -0.25000000  0.33333333  0.0004    1905
    1709  0.30000000 -0.25000000  0.33333333  0.0004    1906
    1710  0.35000000 -0.25000000  0.33333333  0.0004    1907
    1711  0.40000000 -0.25000000  0.33333333  0.0004    1908
    1712  0.45000000 -0.25000000  0.33333333  0.0004    1909
    1713  0.50000000 -0.25000000  0.33333333  0.0004    1910
    1714  0.45000000  0.25000000 -0.33333333  0.0004    1911
    1715  0.40000000  0.25000000 -0.33333333  0.0004    1912
    1716  0.35000000  0.25000000 -0.33333333  0.0004    1913
    1717  0.30000000  0.25000000 -0.33333333  0.0004    1914
    1718  0.25000000  0.25000000 -0.33333333  0.0004    1915
    1719  0.20000000  0.25000000 -0.33333333  0.0004    1916
    1720  0.15000000  0.25000000 -0.33333333  0.0004    1917
    1721  0.10000000  0.25000000 -0.33333333  0.0004    1918
    1722 -0.05000000 -0.25000000  0.33333333  0.0004    1919
    1723  0.00000000 -0.20000000  0.33333333  0.0004    1920
    1724  0.05000000 -0.20000000  0.33333333  0.0004    1921
    1725  0.10000000 -0.20000000  0.33333333  0.0004    1922
    1726  0.15000000 -0.20000000  0.33333333  0.0004    1923
    1727  0.20000000 -0.20000000  0.33333333  0.0004    1924
    1728  0.25000000 -0.20000000  0.33333333  0.0004    1925
    1729  0.30000000 -0.20000000  0.33333333  0.0004    1926
    1730  0.35000000 -0.20000000  0.33333333  0.0004    1927
    1731  0.40000000 -0.20000000  0.33333333  0.0004    1928
    1732  0.45000000 -0.20000000  0.33333333  0.0004    1929
    1733  0.50000000 -0.20000000  0.33333333  0.0004    1930
    1734  0.45000000  0.20000000 -0.33333333  0.0004    1931
    1735  0.40000000  0.20000000 -0.33333333  0.0004    1932
    1736  0.35000000  0.20000000 -0.33333333  0.0004    1933
    1737  0.30000000  0.20000000 -0.33333333  0.0004    1934
    1738  0.25000000  0.20000000 -0.33333333  0.0004    1935
    1739  0.20000000  0.20000000 -0.33333333  0.0004    1936
    1740  0.15000000  0.20000000 -0.33333333  0.0004    1937
    1741 -0.10000000 -0.20000000  0.33333333  0.0004    1938
    1742 -0.05000000 -0.20000000  0.33333333  0.0004    1939
    1743  0.00000000 -0.15000000  0.33333333  0.0004    1940
    1744  0.05000000 -0.15000000  0.33333333  0.0004    1941
    1745  0.10000000 -0.15000000  0.33333333  0.0004    1942
    1746  0.15000000 -0.15000000  0.33333333  0.0004    1943
    1747  0.20000000 -0.15000000  0.33333333  0.0004    1944
    1748  0.25000000 -0.15000000  0.33333333  0.0004    1945
    1749  0.30000000 -0.15000000  0.33333333  0.0004    1946
    1750  0.35000000 -0.15000000  0.33333333  0.0004    1947
    1751  0.40000000 -0.15000000  0.33333333  0.0004    1948
    1752  0.45000000 -0.15000000  0.33333333  0.0004    1949
    1753  0.50000000 -0.15000000  0.33333333  0.0004    1950
    1754  0.45000000  0.15000000 -0.33333333  0.0004    1951
    1755  0.40000000  0.15000000 -0.33333333  0.0004    1952
    1756  0.35000000  0.15000000 -0.33333333  0.0004    1953
    1757  0.30000000  0.15000000 -0.33333333  0.0004    1954
    1758  0.25000000  0.15000000 -0.33333333  0.0004    1955
    1759  0.20000000  0.15000000 -0.33333333  0.0004    1956
    1760 -0.15000000 -0.15000000  0.33333333  0.0004    1957
    1761 -0.10000000 -0.15000000  0.33333333  0.0004    1958
    1762 -0.05000000 -0.15000000  0.33333333  0.0004    1959
    1763  0.00000000 -0.10000000  0.33333333  0.0004    1960
    1764  0.05000000 -0.10000000  0.33333333  0.0004    1961
    1765  0.10000000 -0.10000000  0.33333333  0.0004    1962
    1766  0.15000000 -0.10000000  0.33333333  0.0004    1963
    1767  0.20000000 -0.10000000  0.33333333  0.0004    1964
    1768  0.25000000 -0.10000000  0.33333333  0.0004    1965
    1769  0.30000000 -0.10000000  0.33333333  0.0004    1966
    1770  0.35000000 -0.10000000  0.33333333  0.0004    1967
    1771  0.40000000 -0.10000000  0.33333333  0.0004    1968
    1772  0.45000000 -0.10000000  0.33333333  0.0004    1969
    1773  0.50000000 -0.10000000  0.33333333  0.0004    1970
    1774  0.45000000  0.10000000 -0.33333333  0.0004    1971
    1775  0.40000000  0.10000000 -0.33333333  0.0004    1972
    1776  0.35000000  0.10000000 -0.33333333  0.0004    1973
    1777  0.30000000  0.10000000 -0.33333333  0.0004    1974
    1778  0.25000000  0.10000000 -0.33333333  0.0004    1975
    1779 -0.20000000 -0.10000000  0.33333333  0.0004    1976
    1780 -0.15000000 -0.10000000  0.33333333  0.0004    1977
    1781 -0.10000000 -0.10000000  0.33333333  0.0004    1978
    1782 -0.05000000 -0.10000000  0.33333333  0.0004    1979
    1783  0.00000000 -0.05000000  0.33333333  0.0004    1980
    1784  0.05000000 -0.05000000  0.33333333  0.0004    1981
    1785  0.10000000 -0.05000000  0.33333333  0.0004    1982
    1786  0.15000000 -0.05000000  0.33333333  0.0004    1983
    1787  0.20000000 -0.05000000  0.33333333  0.0004    1984
    1788  0.25000000 -0.05000000  0.33333333  0.0004    1985
    1789  0.30000000 -0.05000000  0.33333333  0.0004    1986
    1790  0.35000000 -0.05000000  0.33333333  0.0004    1987
    1791  0.40000000 -0.05000000  0.33333333  0.0004    1988
    1792  0.45000000 -0.05000000  0.33333333  0.0004    1989
    1793  0.50000000 -0.05000000  0.33333333  0.0004    1990
    1794  0.45000000  0.05000000 -0.33333333  0.0004    1991
    1795  0.40000000  0.05000000 -0.33333333  0.0004    1992
    1796  0.35000000  0.05000000 -0.33333333  0.0004    1993
    1797  0.30000000  0.05000000 -0.33333333  0.0004    1994
    1798 -0.25000000 -0.05000000  0.33333333  0.0004    1995
    1799 -0.20000000 -0.05000000  0.33333333  0.0004    1996
    1800 -0.15000000 -0.05000000  0.33333333  0.0004    1997
    1801 -0.10000000 -0.05000000  0.33333333  0.0004    1998
    1802 -0.05000000 -0.05000000  0.33333333  0.0004    1999
    1803  0.00000000  0.00000000  0.41666667  0.0004    2000
    1804  0.05000000  0.00000000  0.41666667  0.0004    2001
    1805  0.10000000  0.00000000  0.41666667  0.0004    2002
    1806  0.15000000  0.00000000  0.41666667  0.0004    2003
    1807  0.20000000  0.00000000  0.41666667  0.0004    2004
    1808  0.25000000  0.00000000  0.41666667  0.0004    2005
    1809  0.30000000  0.00000000  0.41666667  0.0004    2006
    1810  0.35000000  0.00000000  0.41666667  0.0004    2007
    1811  0.40000000  0.00000000  0.41666667  0.0004    2008
    1812  0.45000000  0.00000000  0.41666667  0.0004    2009
    1813  0.50000000  0.00000000  0.41666667  0.0004    2010
    1814  0.45000000  0.00000000 -0.41666667  0.0004    2011
    1815 -0.40000000  0.00000000  0.41666667  0.0004    2012
    1816 -0.35000000  0.00000000  0.41666667  0.0004    2013
    1817 -0.30000000  0.00000000  0.41666667  0.0004    2014
    1818 -0.25000000  0.00000000  0.41666667  0.0004    2015
    1819 -0.20000000  0.00000000  0.41666667  0.0004    2016
    1820 -0.15000000  0.00000000  0.41666667  0.0004    2017
    1821 -0.10000000  0.00000000  0.41666667  0.0004    2018
    1822 -0.05000000  0.00000000  0.41666667  0.0004    2019
    1823  0.00000000  0.05000000  0.41666667  0.0004    2020
    1824  0.05000000  0.05000000  0.41666667  0.0004    2021
    1825  0.10000000  0.05000000  0.41666667  0.0004    2022
    1826  0.15000000  0.05000000  0.41666667  0.0004    2023
    1827  0.20000000  0.05000000  0.41666667  0.0004    2024
    1828  0.25000000  0.05000000  0.41666667  0.0004    2025
    1829  0.30000000  0.05000000  0.41666667  0.0004    2026
    1830  0.35000000  0.05000000  0.41666667  0.0004    2027
    1831  0.40000000  0.05000000  0.41666667  0.0004    2028
    1832  0.45000000  0.05000000  0.41666667  0.0004    2029
    1833  0.50000000  0.05000000  0.41666667  0.0004    2030
    1834 -0.45000000  0.05000000  0.41666667  0.0004    2031
    1835 -0.40000000  0.05000000  0.41666667  0.0004    2032
    1836 -0.35000000  0.05000000  0.41666667  0.0004    2033
    1837 -0.30000000  0.05000000  0.41666667  0.0004    2034
    1838 -0.25000000  0.05000000  0.41666667  0.0004    2035
    1839 -0.20000000  0.05000000  0.41666667  0.0004    2036
    1840 -0.15000000  0.05000000  0.41666667  0.0004    2037
    1841 -0.10000000  0.05000000  0.41666667  0.0004    2038
    1842 -0.05000000  0.05000000  0.41666667  0.0004    2039
    1843  0.00000000  0.10000000  0.41666667  0.0004    2040
    1844  0.05000000  0.10000000  0.41666667  0.0004    2041
    1845  0.10000000  0.10000000  0.41666667  0.0004    2042
    1846  0.15000000  0.10000000  0.41666667  0.0004    2043
    1847  0.20000000  0.10000000  0.41666667  0.0004    2044
    1848  0.25000000  0.10000000  0.41666667  0.0004    2045
    1849  0.30000000  0.10000000  0.41666667  0.0004    2046
    1850  0.35000000  0.10000000  0.41666667  0.0004    2047
    1851  0.40000000  0.10000000  0.41666667  0.0004    2048
    1852  0.45000000  0.10000000  0.41666667  0.0004    2049
    1853  0.50000000  0.10000000  0.41666667  0.0004    2050
    1854 -0.45000000  0.10000000  0.41666667  0.0004    2051
    1855 -0.40000000  0.10000000  0.41666667  0.0004    2052
    1856 -0.35000000  0.10000000  0.41666667  0.0004    2053
    1857 -0.30000000  0.10000000  0.41666667  0.0004    2054
    1858 -0.25000000  0.10000000  0.41666667  0.0004    2055
    1859 -0.20000000  0.10000000  0.41666667  0.0004    2056
    1860 -0.15000000  0.10000000  0.41666667  0.0004    2057
    1861 -0.10000000  0.10000000  0.41666667  0.0004    2058
    1862 -0.05000000  0.10000000  0.41666667  0.0004    2059
    1863  0.00000000  0.15000000  0.41666667  0.0004    2060
    1864  0.05000000  0.15000000  0.41666667  0.0004    2061
    1865  0.10000000  0.15000000  0.41666667  0.0004    2062
    1866  0.15000000  0.15000000  0.41666667  0.0004    2063
    1867  0.20000000  0.15000000  0.41666667  0.0004    2064
    1868  0.25000000  0.15000000  0.41666667  0.0004    2065
    1869  0.30000000  0.15000000  0.41666667  0.0004    2066
    1870  0.35000000  0.15000000  0.41666667  0.0004    2067
    1871  0.40000000  0.15000000  0.41666667  0.0004    2068
    1872  0.45000000  0.15000000  0.41666667  0.0004    2069
    1873  0.50000000  0.15000000  0.41666667  0.0004    2070
    1874 -0.45000000  0.15000000  0.41666667  0.0004    2071
    1875 -0.40000000  0.15000000  0.41666667  0.0004    2072
    1876 -0.35000000  0.15000000  0.41666667  0.0004    2073
    1877 -0.30000000  0.15000000  0.41666667  0.0004    2074
    1878 -0.25000000  0.15000000  0.41666667  0.0004    2075
    1879 -0.20000000  0.15000000  0.41666667  0.0004    2076
    1880 -0.15000000  0.15000000  0.41666667  0.0004    2077
    1881 -0.10000000  0.15000000  0.41666667  0.0004    2078
    1882 -0.05000000  0.15000000  0.41666667  0.0004    2079
    1883  0.00000000  0.20000000  0.41666667  0.0004    2080
    1884  0.05000000  0.20000000  0.41666667  0.0004    2081
    1885  0.10000000  0.20000000  0.41666667  0.0004    2082
    1886  0.15000000  0.20000000  0.41666667  0.0004    2083
    1887  0.20000000  0.20000000  0.41666667  0.0004    2084
    1888  0.25000000  0.20000000  0.41666667  0.0004    2085
    1889  0.30000000  0.20000000  0.41666667  0.0004    2086
    1890  0.35000000  0.20000000  0.41666667  0.0004    2087
    1891  0.40000000  0.20000000  0.41666667  0.0004    2088
    1892  0.45000000  0.20000000  0.41666667  0.0004    2089
    1893  0.50000000  0.20000000  0.41666667  0.0004    2090
    1894 -0.45000000  0.20000000  0.41666667  0.0004    2091
    1895 -0.40000000  0.20000000  0.41666667  0.0004    2092
    1896 -0.35000000  0.20000000  0.41666667  0.0004    2093
    1897 -0.30000000  0.20000000  0.41666667  0.0004    2094
    1898 -0.25000000  0.20000000  0.41666667  0.0004    2095
    1899 -0.20000000  0.20000000  0.41666667  0.0004    2096
    1900 -0.15000000  0.20000000  0.41666667  0.0004    2097
    1901 -0.10000000  0.20000000  0.41666667  0.0004    2098
    1902 -0.05000000  0.20000000  0.41666667  0.0004    2099
    1903  0.00000000  0.25000000  0.41666667  0.0004    2100
    1904  0.05000000  0.25000000  0.41666667  0.0004    2101
    1905  0.10000000  0.25000000  0.41666667  0.0004    2102
    1906  0.15000000  0.25000000  0.41666667  0.0004    2103
    1907  0.20000000  0.25000000  0.41666667  0.0004    2104
    1908  0.25000000  0.25000000  0.41666667  0.0004    2105
    1909  0.30000000  0.25000000  0.41666667  0.0004    2106
    1910  0.35000000  0.25000000  0.41666667  0.0004    2107
    1911  0.40000000  0.25000000  0.41666667  0.0004    2108
    1912  0.45000000  0.25000000  0.41666667  0.0004    2109
    1913  0.50000000  0.25000000  0.41666667  0.0004    2110
    1914 -0.45000000  0.25000000  0.41666667  0.0004    2111
    1915 -0.40000000  0.25000000  0.41666667  0.0004    2112
    1916 -0.35000000  0.25000000  0.41666667  0.0004    2113
    1917 -0.30000000  0.25000000  0.41666667  0.0004    2114
    1918 -0.25000000  0.25000000  0.41666667  0.0004    2115
    1919 -0.20000000  0.25000000  0.41666667  0.0004    2116
    1920 -0.15000000  0.25000000  0.41666667  0.0004    2117
    1921 -0.10000000  0.25000000  0.41666667  0.0004    2118
    1922 -0.05000000  0.25000000  0.41666667  0.0004    2119
    1923  0.00000000  0.30000000  0.41666667  0.0004    2120
    1924  0.05000000  0.30000000  0.41666667  0.0004    2121
    1925  0.10000000  0.30000000  0.41666667  0.0004    2122
    1926  0.15000000  0.30000000  0.41666667  0.0004    2123
    1927  0.20000000  0.30000000  0.41666667  0.0004    2124
    1928  0.25000000  0.30000000  0.41666667  0.0004    2125
    1929  0.30000000  0.30000000  0.41666667  0.0004    2126
    1930  0.35000000  0.30000000  0.41666667  0.0004    2127
    1931  0.40000000  0.30000000  0.41666667  0.0004    2128
    1932  0.45000000  0.30000000  0.41666667  0.0004    2129
    1933  0.50000000  0.30000000  0.41666667  0.0004    2130
    1934 -0.45000000  0.30000000  0.41666667  0.0004    2131
    1935 -0.40000000  0.30000000  0.41666667  0.0004    2132
    1936 -0.35000000  0.30000000  0.41666667  0.0004    2133
    1937 -0.30000000  0.30000000  0.41666667  0.0004    2134
    1938 -0.25000000  0.30000000  0.41666667  0.0004    2135
    1939 -0.20000000  0.30000000  0.41666667  0.0004    2136
    1940 -0.15000000  0.30000000  0.41666667  0.0004    2137
    1941 -0.10000000  0.30000000  0.41666667  0.0004    2138
    1942 -0.05000000  0.30000000  0.41666667  0.0004    2139
    1943  0.00000000  0.35000000  0.41666667  0.0004    2140
    1944  0.05000000  0.35000000  0.41666667  0.0004    2141
    1945  0.10000000  0.35000000  0.41666667  0.0004    2142
    1946  0.15000000  0.35000000  0.41666667  0.0004    2143
    1947  0.20000000  0.35000000  0.41666667  0.0004    2144
    1948  0.25000000  0.35000000  0.41666667  0.0004    2145
    1949  0.30000000  0.35000000  0.41666667  0.0004    2146
    1950  0.35000000  0.35000000  0.41666667  0.0004    2147
    1951  0.40000000  0.35000000  0.41666667  0.0004    2148
    1952  0.45000000  0.35000000  0.41666667  0.0004    2149
    1953  0.50000000  0.35000000  0.41666667  0.0004    2150
    1954 -0.45000000  0.35000000  0.41666667  0.0004    2151
    1955 -0.40000000  0.35000000  0.41666667  0.0004    2152
    1956 -0.35000000  0.35000000  0.41666667  0.0004    2153
    1957 -0.30000000  0.35000000  0.41666667  0.0004    2154
    1958 -0.25000000  0.35000000  0.41666667  0.0004    2155
    1959 -0.20000000  0.35000000  0.41666667  0.0004    2156
    1960 -0.15000000  0.35000000  0.41666667  0.0004    2157
    1961 -0.10000000  0.35000000  0.41666667  0.0004    2158
    1962 -0.05000000  0.35000000  0.41666667  0.0004    2159
    1963  0.00000000  0.40000000  0.41666667  0.0004    2160
    1964  0.05000000  0.40000000  0.41666667  0.0004    2161
    1965  0.10000000  0.40000000  0.41666667  0.0004    2162
    1966  0.15000000  0.40000000  0.41666667  0.0004    2163
    1967  0.20000000  0.40000000  0.41666667  0.0004    2164
    1968  0.25000000  0.40000000  0.41666667  0.0004    2165
    1969  0.30000000  0.40000000  0.41666667  0.0004    2166
    1970  0.35000000  0.40000000  0.41666667  0.0004    2167
    1971  0.40000000  0.40000000  0.41666667  0.0004    2168
    1972  0.45000000  0.40000000  0.41666667  0.0004    2169
    1973  0.50000000  0.40000000  0.41666667  0.0004    2170
    1974 -0.45000000  0.40000000  0.41666667  0.0004    2171
    1975 -0.40000000  0.40000000  0.41666667  0.0004    2172
    1976 -0.35000000  0.40000000  0.41666667  0.0004    2173
    1977 -0.30000000  0.40000000  0.41666667  0.0004    2174
    1978 -0.25000000  0.40000000  0.41666667  0.0004    2175
    1979 -0.20000000  0.40000000  0.41666667  0.0004    2176
    1980 -0.15000000  0.40000000  0.41666667  0.0004    2177
    1981 -0.10000000  0.40000000  0.41666667  0.0004    2178
    1982 -0.05000000  0.40000000  0.41666667  0.0004    2179
    1983  0.00000000  0.45000000  0.41666667  0.0004    2180
    1984  0.05000000  0.45000000  0.41666667  0.0004    2181
    1985  0.10000000  0.45000000  0.41666667  0.0004    2182
    1986  0.15000000  0.45000000  0.41666667  0.0004    2183
    1987  0.20000000  0.45000000  0.41666667  0.0004    2184
    1988  0.25000000  0.45000000  0.41666667  0.0004    2185
    1989  0.30000000  0.45000000  0.41666667  0.0004    2186
    1990  0.35000000  0.45000000  0.41666667  0.0004    2187
    1991  0.40000000  0.45000000  0.41666667  0.0004    2188
    1992  0.45000000  0.45000000  0.41666667  0.0004    2189
    1993  0.50000000  0.45000000  0.41666667  0.0004    2190
    1994 -0.45000000  0.45000000  0.41666667  0.0004    2191
    1995 -0.40000000  0.45000000  0.41666667  0.0004    2192
    1996 -0.35000000  0.45000000  0.41666667  0.0004    2193
    1997 -0.30000000  0.45000000  0.41666667  0.0004    2194
    1998 -0.25000000  0.45000000  0.41666667  0.0004    2195
    1999 -0.20000000  0.45000000  0.41666667  0.0004    2196
    2000 -0.15000000  0.45000000  0.41666667  0.0004    2197
    2001 -0.10000000  0.45000000  0.41666667  0.0004    2198
    2002 -0.05000000  0.45000000  0.41666667  0.0004    2199
    2003  0.00000000  0.50000000  0.41666667  0.0004    2200
    2004  0.05000000  0.50000000  0.41666667  0.0004    2201
    2005  0.10000000  0.50000000  0.41666667  0.0004    2202
    2006  0.15000000  0.50000000  0.41666667  0.0004    2203
    2007  0.20000000  0.50000000  0.41666667  0.0004    2204
    2008  0.25000000  0.50000000  0.41666667  0.0004    2205
    2009  0.30000000  0.50000000  0.41666667  0.0004    2206
    2010  0.35000000  0.50000000  0.41666667  0.0004    2207
    2011  0.40000000  0.50000000  0.41666667  0.0004    2208
    2012  0.45000000  0.50000000  0.41666667  0.0004    2209
    2013  0.50000000  0.50000000  0.41666667  0.0004    2210
    2014  0.45000000  0.50000000 -0.41666667  0.0004    2211
    2015 -0.40000000  0.50000000  0.41666667  0.0004    2212
    2016 -0.35000000  0.50000000  0.41666667  0.0004    2213
    2017 -0.30000000  0.50000000  0.41666667  0.0004    2214
    2018 -0.25000000  0.50000000  0.41666667  0.0004    2215
    2019 -0.20000000  0.50000000  0.41666667  0.0004    2216
    2020 -0.15000000  0.50000000  0.41666667  0.0004    2217
    2021 -0.10000000  0.50000000  0.41666667  0.0004    2218
    2022 -0.05000000  0.50000000  0.41666667  0.0004    2219
    2023  0.00000000  0.45000000 -0.41666667  0.0004    2220
    2024  0.05000000 -0.45000000  0.41666667  0.0004    2221
    2025  0.10000000 -0.45000000  0.41666667  0.0004    2222
    2026  0.15000000 -0.45000000  0.41666667  0.0004    2223
    2027  0.20000000 -0.45000000  0.41666667  0.0004    2224
    2028  0.25000000 -0.45000000  0.41666667  0.0004    2225
    2029  0.30000000 -0.45000000  0.41666667  0.0004    2226
    2030  0.35000000 -0.45000000  0.41666667  0.0004    2227
    2031  0.40000000 -0.45000000  0.41666667  0.0004    2228
    2032  0.45000000 -0.45000000  0.41666667  0.0004    2229
    2033  0.50000000  0.45000000 -0.41666667  0.0004    2230
    2034  0.45000000  0.45000000 -0.41666667  0.0004    2231
    2035  0.40000000  0.45000000 -0.41666667  0.0004    2232
    2036  0.35000000  0.45000000 -0.41666667  0.0004    2233
    2037  0.30000000  0.45000000 -0.41666667  0.0004    2234
    2038  0.25000000  0.45000000 -0.41666667  0.0004    2235
    2039  0.20000000  0.45000000 -0.41666667  0.0004    2236
    2040  0.15000000  0.45000000 -0.41666667  0.0004    2237
    2041  0.10000000  0.45000000 -0.41666667  0.0004    2238
    2042  0.05000000  0.45000000 -0.41666667  0.0004    2239
    2043  0.00000000 -0.40000000  0.41666667  0.0004    2240
    2044  0.05000000 -0.40000000  0.41666667  0.0004    2241
    2045  0.10000000 -0.40000000  0.41666667  0.0004    2242
    2046  0.15000000 -0.40000000  0.41666667  0.0004    2243
    2047  0.20000000 -0.40000000  0.41666667  0.0004    2244
    2048  0.25000000 -0.40000000  0.41666667  0.0004    2245
    2049  0.30000000 -0.40000000  0.41666667  0.0004    2246
    2050  0.35000000 -0.40000000  0.41666667  0.0004    2247
    2051  0.40000000 -0.40000000  0.41666667  0.0004    2248
    2052  0.45000000 -0.40000000  0.41666667  0.0004    2249
    2053  0.50000000 -0.40000000  0.41666667  0.0004    2250
    2054  0.45000000  0.40000000 -0.41666667  0.0004    2251
    2055  0.40000000  0.40000000 -0.41666667  0.0004    2252
    2056  0.35000000  0.40000000 -0.41666667  0.0004    2253
    2057  0.30000000  0.40000000 -0.41666667  0.0004    2254
    2058  0.25000000  0.40000000 -0.41666667  0.0004    2255
    2059  0.20000000  0.40000000 -0.41666667  0.0004    2256
    2060  0.15000000  0.40000000 -0.41666667  0.0004    2257
    2061  0.10000000  0.40000000 -0.41666667  0.0004    2258
    2062  0.05000000  0.40000000 -0.41666667  0.0004    2259
    2063  0.00000000 -0.35000000  0.41666667  0.0004    2260
    2064  0.05000000 -0.35000000  0.41666667  0.0004    2261
    2065  0.10000000 -0.35000000  0.41666667  0.0004    2262
    2066  0.15000000 -0.35000000  0.41666667  0.0004    2263
    2067  0.20000000 -0.35000000  0.41666667  0.0004    2264
    2068  0.25000000 -0.35000000  0.41666667  0.0004    2265
    2069  0.30000000 -0.35000000  0.41666667  0.0004    2266
    2070  0.35000000 -0.35000000  0.41666667  0.0004    2267
    2071  0.40000000 -0.35000000  0.41666667  0.0004    2268
    2072  0.45000000 -0.35000000  0.41666667  0.0004    2269
    2073  0.50000000 -0.35000000  0.41666667  0.0004    2270
    2074  0.45000000  0.35000000 -0.41666667  0.0004    2271
    2075  0.40000000  0.35000000 -0.41666667  0.0004    2272
    2076  0.35000000  0.35000000 -0.41666667  0.0004    2273
    2077  0.30000000  0.35000000 -0.41666667  0.0004    2274
    2078  0.25000000  0.35000000 -0.41666667  0.0004    2275
    2079  0.20000000  0.35000000 -0.41666667  0.0004    2276
    2080  0.15000000  0.35000000 -0.41666667  0.0004    2277
    2081  0.10000000  0.35000000 -0.41666667  0.0004    2278
    2082 -0.05000000 -0.35000000  0.41666667  0.0004    2279
    2083  0.00000000 -0.30000000  0.41666667  0.0004    2280
    2084  0.05000000 -0.30000000  0.41666667  0.0004    2281
    2085  0.10000000 -0.30000000  0.41666667  0.0004    2282
    2086  0.15000000 -0.30000000  0.41666667  0.0004    2283
    2087  0.20000000 -0.30000000  0.41666667  0.0004    2284
    2088  0.25000000 -0.30000000  0.41666667  0.0004    2285
    2089  0.30000000 -0.30000000  0.41666667  0.0004    2286
    2090  0.35000000 -0.30000000  0.41666667  0.0004    2287
    2091  0.40000000 -0.30000000  0.41666667  0.0004    2288
    2092  0.45000000 -0.30000000  0.41666667  0.0004    2289
    2093  0.50000000 -0.30000000  0.41666667  0.0004    2290
    2094  0.45000000  0.30000000 -0.41666667  0.0004    2291
    2095  0.40000000  0.30000000 -0.41666667  0.0004    2292
    2096  0.35000000  0.30000000 -0.41666667  0.0004    2293
    2097  0.30000000  0.30000000 -0.41666667  0.0004    2294
    2098  0.25000000  0.30000000 -0.41666667  0.0004    2295
    2099  0.20000000  0.30000000 -0.41666667  0.0004    2296
    2100  0.15000000  0.30000000 -0.41666667  0.0004    2297
    2101 -0.10000000 -0.30000000  0.41666667  0.0004    2298
    2102 -0.05000000 -0.30000000  0.41666667  0.0004    2299
    2103  0.00000000 -0.25000000  0.41666667  0.0004    2300
    2104  0.05000000 -0.25000000  0.41666667  0.0004    2301
    2105  0.10000000 -0.25000000  0.41666667  0.0004    2302
    2106  0.15000000 -0.25000000  0.41666667  0.0004    2303
    2107  0.20000000 -0.25000000  0.41666667  0.0004    2304
    2108  0.25000000 -0.25000000  0.41666667  0.0004    2305
    2109  0.30000000 -0.25000000  0.41666667  0.0004    2306
    2110  0.35000000 -0.25000000  0.41666667  0.0004    2307
    2111  0.40000000 -0.25000000  0.41666667  0.0004    2308
    2112  0.45000000 -0.25000000  0.41666667  0.0004    2309
    2113  0.50000000 -0.25000000  0.41666667  0.0004    2310
    2114  0.45000000  0.25000000 -0.41666667  0.0004    2311
    2115  0.40000000  0.25000000 -0.41666667  0.0004    2312
    2116  0.35000000  0.25000000 -0.41666667  0.0004    2313
    2117  0.30000000  0.25000000 -0.41666667  0.0004    2314
    2118  0.25000000  0.25000000 -0.41666667  0.0004    2315
    2119  0.20000000  0.25000000 -0.41666667  0.0004    2316
    2120 -0.15000000 -0.25000000  0.41666667  0.0004    2317
    2121 -0.10000000 -0.25000000  0.41666667  0.0004    2318
    2122 -0.05000000 -0.25000000  0.41666667  0.0004    2319
    2123  0.00000000 -0.20000000  0.41666667  0.0004    2320
    2124  0.05000000 -0.20000000  0.41666667  0.0004    2321
    2125  0.10000000 -0.20000000  0.41666667  0.0004    2322
    2126  0.15000000 -0.20000000  0.41666667  0.0004    2323
    2127  0.20000000 -0.20000000  0.41666667  0.0004    2324
    2128  0.25000000 -0.20000000  0.41666667  0.0004    2325
    2129  0.30000000 -0.20000000  0.41666667  0.0004    2326
    2130  0.35000000 -0.20000000  0.41666667  0.0004    2327
    2131  0.40000000 -0.20000000  0.41666667  0.0004    2328
    2132  0.45000000 -0.20000000  0.41666667  0.0004    2329
    2133  0.50000000 -0.20000000  0.41666667  0.0004    2330
    2134  0.45000000  0.20000000 -0.41666667  0.0004    2331
    2135  0.40000000  0.20000000 -0.41666667  0.0004    2332
    2136  0.35000000  0.20000000 -0.41666667  0.0004    2333
    2137  0.30000000  0.20000000 -0.41666667  0.0004    2334
    2138  0.25000000  0.20000000 -0.41666667  0.0004    2335
    2139 -0.20000000 -0.20000000  0.41666667  0.0004    2336
    2140 -0.15000000 -0.20000000  0.41666667  0.0004    2337
    2141 -0.10000000 -0.20000000  0.41666667  0.0004    2338
    2142 -0.05000000 -0.20000000  0.41666667  0.0004    2339
    2143  0.00000000 -0.15000000  0.41666667  0.0004    2340
    2144  0.05000000 -0.15000000  0.41666667  0.0004    2341
    2145  0.10000000 -0.15000000  0.41666667  0.0004    2342
    2146  0.15000000 -0.15000000  0.41666667  0.0004    2343
    2147  0.20000000 -0.15000000  0.41666667  0.0004    2344
    2148  0.25000000 -0.15000000  0.41666667  0.0004    2345
    2149  0.30000000 -0.15000000  0.41666667  0.0004    2346
    2150  0.35000000 -0.15000000  0.41666667  0.0004    2347
    2151  0.40000000 -0.15000000  0.41666667  0.0004    2348
    2152  0.45000000 -0.15000000  0.41666667  0.0004    2349
    2153  0.50000000 -0.15000000  0.41666667  0.0004    2350
    2154  0.45000000  0.15000000 -0.41666667  0.0004    2351
    2155  0.40000000  0.15000000 -0.41666667  0.0004    2352
    2156  0.35000000  0.15000000 -0.41666667  0.0004    2353
    2157  0.30000000  0.15000000 -0.41666667  0.0004    2354
    2158 -0.25000000 -0.15000000  0.41666667  0.0004    2355
    2159 -0.20000000 -0.15000000  0.41666667  0.0004    2356
    2160 -0.15000000 -0.15000000  0.41666667  0.0004    2357
    2161 -0.10000000 -0.15000000  0.41666667  0.0004    2358
    2162 -0.05000000 -0.15000000  0.41666667  0.0004    2359
    2163  0.00000000 -0.10000000  0.41666667  0.0004    2360
    2164  0.05000000 -0.10000000  0.41666667  0.0004    2361
    2165  0.10000000 -0.10000000  0.41666667  0.0004    2362
    2166  0.15000000 -0.10000000  0.41666667  0.0004    2363
    2167  0.20000000 -0.10000000  0.41666667  0.0004    2364
    2168  0.25000000 -0.10000000  0.41666667  0.0004    2365
    2169  0.30000000 -0.10000000  0.41666667  0.0004    2366
    2170  0.35000000 -0.10000000  0.41666667  0.0004    2367
    2171  0.40000000 -0.10000000  0.41666667  0.0004    2368
    2172  0.45000000 -0.10000000  0.41666667  0.0004    2369
    2173  0.50000000 -0.10000000  0.41666667  0.0004    2370
    2174  0.45000000  0.10000000 -0.41666667  0.0004    2371
    2175  0.40000000  0.10000000 -0.41666667  0.0004    2372
    2176  0.35000000  0.10000000 -0.41666667  0.0004    2373
    2177 -0.30000000 -0.10000000  0.41666667  0.0004    2374
    2178 -0.25000000 -0.10000000  0.41666667  0.0004    2375
    2179 -0.20000000 -0.10000000  0.41666667  0.0004    2376
    2180 -0.15000000 -0.10000000  0.41666667  0.0004    2377
    2181 -0.10000000 -0.10000000  0.41666667  0.0004    2378
    2182 -0.05000000 -0.10000000  0.41666667  0.0004    2379
    2183  0.00000000 -0.05000000  0.41666667  0.0004    2380
    2184  0.05000000 -0.05000000  0.41666667  0.0004    2381
    2185  0.10000000 -0.05000000  0.41666667  0.0004    2382
    2186  0.15000000 -0.05000000  0.41666667  0.0004    2383
    2187  0.20000000 -0.05000000  0.41666667  0.0004    2384
    2188  0.25000000 -0.05000000  0.41666667  0.0004    2385
    2189  0.30000000 -0.05000000  0.41666667  0.0004    2386
    2190  0.35000000 -0.05000000  0.41666667  0.0004    2387
    2191  0.40000000 -0.05000000  0.41666667  0.0004    2388
    2192  0.45000000 -0.05000000  0.41666667  0.0004    2389
    2193  0.50000000 -0.05000000  0.41666667  0.0004    2390
    2194  0.45000000  0.05000000 -0.41666667  0.0004    2391
    2195  0.40000000  0.05000000 -0.41666667  0.0004    2392
    2196 -0.35000000 -0.05000000  0.41666667  0.0004    2393
    2197 -0.30000000 -0.05000000  0.41666667  0.0004    2394
    2198 -0.25000000 -0.05000000  0.41666667  0.0004    2395
    2199 -0.20000000 -0.05000000  0.41666667  0.0004    2396
    2200 -0.15000000 -0.05000000  0.41666667  0.0004    2397
    2201 -0.10000000 -0.05000000  0.41666667  0.0004    2398
    2202 -0.05000000 -0.05000000  0.41666667  0.0004    2399
    2203  0.00000000  0.00000000  0.50000000  0.0002    2400
    2204  0.05000000  0.00000000  0.50000000  0.0004    2401
    2205  0.10000000  0.00000000  0.50000000  0.0004    2402
    2206  0.15000000  0.00000000  0.50000000  0.0004    2403
    2207  0.20000000  0.00000000  0.50000000  0.0004    2404
    2208  0.25000000  0.00000000  0.50000000  0.0004    2405
    2209  0.30000000  0.00000000  0.50000000  0.0004    2406
    2210  0.35000000  0.00000000  0.50000000  0.0004    2407
    2211  0.40000000  0.00000000  0.50000000  0.0004    2408
    2212  0.45000000  0.00000000  0.50000000  0.0004    2409
    2213  0.50000000  0.00000000  0.50000000  0.0002    2410
    2214  0.00000000  0.05000000  0.50000000  0.0004    2420
    2215  0.05000000  0.05000000  0.50000000  0.0004    2421
    2216  0.10000000  0.05000000  0.50000000  0.0004    2422
    2217  0.15000000  0.05000000  0.50000000  0.0004    2423
    2218  0.20000000  0.05000000  0.50000000  0.0004    2424
    2219  0.25000000  0.05000000  0.50000000  0.0004    2425
    2220  0.30000000  0.05000000  0.50000000  0.0004    2426
    2221  0.35000000  0.05000000  0.50000000  0.0004    2427
    2222  0.40000000  0.05000000  0.50000000  0.0004    2428
    2223  0.45000000  0.05000000  0.50000000  0.0004    2429
    2224  0.50000000  0.05000000  0.50000000  0.0004    2430
    2225  0.45000000 -0.05000000  0.50000000  0.0004    2431
    2226  0.40000000 -0.05000000  0.50000000  0.0004    2432
    2227  0.35000000 -0.05000000  0.50000000  0.0004    2433
    2228  0.30000000 -0.05000000  0.50000000  0.0004    2434
    2229  0.25000000 -0.05000000  0.50000000  0.0004    2435
    2230  0.20000000 -0.05000000  0.50000000  0.0004    2436
    2231  0.15000000 -0.05000000  0.50000000  0.0004    2437
    2232  0.10000000 -0.05000000  0.50000000  0.0004    2438
    2233 -0.05000000  0.05000000  0.50000000  0.0004    2439
    2234  0.00000000  0.10000000  0.50000000  0.0004    2440
    2235  0.05000000  0.10000000  0.50000000  0.0004    2441
    2236  0.10000000  0.10000000  0.50000000  0.0004    2442
    2237  0.15000000  0.10000000  0.50000000  0.0004    2443
    2238  0.20000000  0.10000000  0.50000000  0.0004    2444
    2239  0.25000000  0.10000000  0.50000000  0.0004    2445
    2240  0.30000000  0.10000000  0.50000000  0.0004    2446
    2241  0.35000000  0.10000000  0.50000000  0.0004    2447
    2242  0.40000000  0.10000000  0.50000000  0.0004    2448
    2243  0.45000000  0.10000000  0.50000000  0.0004    2449
    2244  0.50000000  0.10000000  0.50000000  0.0004    2450
    2245  0.45000000 -0.10000000  0.50000000  0.0004    2451
    2246  0.40000000 -0.10000000  0.50000000  0.0004    2452
    2247  0.35000000 -0.10000000  0.50000000  0.0004    2453
    2248  0.30000000 -0.10000000  0.50000000  0.0004    2454
    2249  0.25000000 -0.10000000  0.50000000  0.0004    2455
    2250  0.20000000 -0.10000000  0.50000000  0.0004    2456
    2251  0.15000000 -0.10000000  0.50000000  0.0004    2457
    2252 -0.10000000  0.10000000  0.50000000  0.0004    2458
    2253 -0.05000000  0.10000000  0.50000000  0.0004    2459
    2254  0.00000000  0.15000000  0.50000000  0.0004    2460
    2255  0.05000000  0.15000000  0.50000000  0.0004    2461
    2256  0.10000000  0.15000000  0.50000000  0.0004    2462
    2257  0.15000000  0.15000000  0.50000000  0.0004    2463
    2258  0.20000000  0.15000000  0.50000000  0.0004    2464
    2259  0.25000000  0.15000000  0.50000000  0.0004    2465
    2260  0.30000000  0.15000000  0.50000000  0.0004    2466
    2261  0.35000000  0.15000000  0.50000000  0.0004    2467
    2262  0.40000000  0.15000000  0.50000000  0.0004    2468
    2263  0.45000000  0.15000000  0.50000000  0.0004    2469
    2264  0.50000000  0.15000000  0.50000000  0.0004    2470
    2265  0.45000000 -0.15000000  0.50000000  0.0004    2471
    2266  0.40000000 -0.15000000  0.50000000  0.0004    2472
    2267  0.35000000 -0.15000000  0.50000000  0.0004    2473
    2268  0.30000000 -0.15000000  0.50000000  0.0004    2474
    2269  0.25000000 -0.15000000  0.50000000  0.0004    2475
    2270  0.20000000 -0.15000000  0.50000000  0.0004    2476
    2271 -0.15000000  0.15000000  0.50000000  0.0004    2477
    2272 -0.10000000  0.15000000  0.50000000  0.0004    2478
    2273 -0.05000000  0.15000000  0.50000000  0.0004    2479
    2274  0.00000000  0.20000000  0.50000000  0.0004    2480
    2275  0.05000000  0.20000000  0.50000000  0.0004    2481
    2276  0.10000000  0.20000000  0.50000000  0.0004    2482
    2277  0.15000000  0.20000000  0.50000000  0.0004    2483
    2278  0.20000000  0.20000000  0.50000000  0.0004    2484
    2279  0.25000000  0.20000000  0.50000000  0.0004    2485
    2280  0.30000000  0.20000000  0.50000000  0.0004    2486
    2281  0.35000000  0.20000000  0.50000000  0.0004    2487
    2282  0.40000000  0.20000000  0.50000000  0.0004    2488
    2283  0.45000000  0.20000000  0.50000000  0.0004    2489
    2284  0.50000000  0.20000000  0.50000000  0.0004    2490
    2285  0.45000000 -0.20000000  0.50000000  0.0004    2491
    2286  0.40000000 -0.20000000  0.50000000  0.0004    2492
    2287  0.35000000 -0.20000000  0.50000000  0.0004    2493
    2288  0.30000000 -0.20000000  0.50000000  0.0004    2494
    2289  0.25000000 -0.20000000  0.50000000  0.0004    2495
    2290 -0.20000000  0.20000000  0.50000000  0.0004    2496
    2291 -0.15000000  0.20000000  0.50000000  0.0004    2497
    2292 -0.10000000  0.20000000  0.50000000  0.0004    2498
    2293 -0.05000000  0.20000000  0.50000000  0.0004    2499
    2294  0.00000000  0.25000000  0.50000000  0.0004    2500
    2295  0.05000000  0.25000000  0.50000000  0.0004    2501
    2296  0.10000000  0.25000000  0.50000000  0.0004    2502
    2297  0.15000000  0.25000000  0.50000000  0.0004    2503
    2298  0.20000000  0.25000000  0.50000000  0.0004    2504
    2299  0.25000000  0.25000000  0.50000000  0.0004    2505
    2300  0.30000000  0.25000000  0.50000000  0.0004    2506
    2301  0.35000000  0.25000000  0.50000000  0.0004    2507
    2302  0.40000000  0.25000000  0.50000000  0.0004    2508
    2303  0.45000000  0.25000000  0.50000000  0.0004    2509
    2304  0.50000000  0.25000000  0.50000000  0.0004    2510
    2305  0.45000000 -0.25000000  0.50000000  0.0004    2511
    2306  0.40000000 -0.25000000  0.50000000  0.0004    2512
    2307  0.35000000 -0.25000000  0.50000000  0.0004    2513
    2308  0.30000000 -0.25000000  0.50000000  0.0004    2514
    2309 -0.25000000  0.25000000  0.50000000  0.0004    2515
    2310 -0.20000000  0.25000000  0.50000000  0.0004    2516
    2311 -0.15000000  0.25000000  0.50000000  0.0004    2517
    2312 -0.10000000  0.25000000  0.50000000  0.0004    2518
    2313 -0.05000000  0.25000000  0.50000000  0.0004    2519
    2314  0.00000000  0.30000000  0.50000000  0.0004    2520
    2315  0.05000000  0.30000000  0.50000000  0.0004    2521
    2316  0.10000000  0.30000000  0.50000000  0.0004    2522
    2317  0.15000000  0.30000000  0.50000000  0.0004    2523
    2318  0.20000000  0.30000000  0.50000000  0.0004    2524
    2319  0.25000000  0.30000000  0.50000000  0.0004    2525
    2320  0.30000000  0.30000000  0.50000000  0.0004    2526
    2321  0.35000000  0.30000000  0.50000000  0.0004    2527
    2322  0.40000000  0.30000000  0.50000000  0.0004    2528
    2323  0.45000000  0.30000000  0.50000000  0.0004    2529
    2324  0.50000000  0.30000000  0.50000000  0.0004    2530
    2325  0.45000000 -0.30000000  0.50000000  0.0004    2531
    2326  0.40000000 -0.30000000  0.50000000  0.0004    2532
    2327  0.35000000 -0.30000000  0.50000000  0.0004    2533
    2328 -0.30000000  0.30000000  0.50000000  0.0004    2534
    2329 -0.25000000  0.30000000  0.50000000  0.0004    2535
    2330 -0.20000000  0.30000000  0.50000000  0.0004    2536
    2331 -0.15000000  0.30000000  0.50000000  0.0004    2537
    2332 -0.10000000  0.30000000  0.50000000  0.0004    2538
    2333 -0.05000000  0.30000000  0.50000000  0.0004    2539
    2334  0.00000000  0.35000000  0.50000000  0.0004    2540
    2335  0.05000000  0.35000000  0.50000000  0.0004    2541
    2336  0.10000000  0.35000000  0.50000000  0.0004    2542
    2337  0.15000000  0.35000000  0.50000000  0.0004    2543
    2338  0.20000000  0.35000000  0.50000000  0.0004    2544
    2339  0.25000000  0.35000000  0.50000000  0.0004    2545
    2340  0.30000000  0.35000000  0.50000000  0.0004    2546
    2341  0.35000000  0.35000000  0.50000000  0.0004    2547
    2342  0.40000000  0.35000000  0.50000000  0.0004    2548
    2343  0.45000000  0.35000000  0.50000000  0.0004    2549
    2344  0.50000000  0.35000000  0.50000000  0.0004    2550
    2345  0.45000000 -0.35000000  0.50000000  0.0004    2551
    2346  0.40000000 -0.35000000  0.50000000  0.0004    2552
    2347 -0.35000000  0.35000000  0.50000000  0.0004    2553
    2348 -0.30000000  0.35000000  0.50000000  0.0004    2554
    2349 -0.25000000  0.35000000  0.50000000  0.0004    2555
    2350 -0.20000000  0.35000000  0.50000000  0.0004    2556
    2351 -0.15000000  0.35000000  0.50000000  0.0004    2557
    2352 -0.10000000  0.35000000  0.50000000  0.0004    2558
    2353 -0.05000000  0.35000000  0.50000000  0.0004    2559
    2354  0.00000000  0.40000000  0.50000000  0.0004    2560
    2355  0.05000000  0.40000000  0.50000000  0.0004    2561
    2356  0.10000000  0.40000000  0.50000000  0.0004    2562
    2357  0.15000000  0.40000000  0.50000000  0.0004    2563
    2358  0.20000000  0.40000000  0.50000000  0.0004    2564
    2359  0.25000000  0.40000000  0.50000000  0.0004    2565
    2360  0.30000000  0.40000000  0.50000000  0.0004    2566
    2361  0.35000000  0.40000000  0.50000000  0.0004    2567
    2362  0.40000000  0.40000000  0.50000000  0.0004    2568
    2363  0.45000000  0.40000000  0.50000000  0.0004    2569
    2364  0.50000000  0.40000000  0.50000000  0.0004    2570
    2365  0.45000000 -0.40000000  0.50000000  0.0004    2571
    2366 -0.40000000  0.40000000  0.50000000  0.0004    2572
    2367 -0.35000000  0.40000000  0.50000000  0.0004    2573
    2368 -0.30000000  0.40000000  0.50000000  0.0004    2574
    2369 -0.25000000  0.40000000  0.50000000  0.0004    2575
    2370 -0.20000000  0.40000000  0.50000000  0.0004    2576
    2371 -0.15000000  0.40000000  0.50000000  0.0004    2577
    2372 -0.10000000  0.40000000  0.50000000  0.0004    2578
    2373 -0.05000000  0.40000000  0.50000000  0.0004    2579
    2374  0.00000000  0.45000000  0.50000000  0.0004    2580
    2375  0.05000000  0.45000000  0.50000000  0.0004    2581
    2376  0.10000000  0.45000000  0.50000000  0.0004    2582
    2377  0.15000000  0.45000000  0.50000000  0.0004    2583
    2378  0.20000000  0.45000000  0.50000000  0.0004    2584
    2379  0.25000000  0.45000000  0.50000000  0.0004    2585
    2380  0.30000000  0.45000000  0.50000000  0.0004    2586
    2381  0.35000000  0.45000000  0.50000000  0.0004    2587
    2382  0.40000000  0.45000000  0.50000000  0.0004    2588
    2383  0.45000000  0.45000000  0.50000000  0.0004    2589
    2384  0.50000000  0.45000000  0.50000000  0.0004    2590
    2385 -0.45000000  0.45000000  0.50000000  0.0004    2591
    2386 -0.40000000  0.45000000  0.50000000  0.0004    2592
    2387 -0.35000000  0.45000000  0.50000000  0.0004    2593
    2388 -0.30000000  0.45000000  0.50000000  0.0004    2594
    2389 -0.25000000  0.45000000  0.50000000  0.0004    2595
    2390 -0.20000000  0.45000000  0.50000000  0.0004    2596
    2391 -0.15000000  0.45000000  0.50000000  0.0004    2597
    2392 -0.10000000  0.45000000  0.50000000  0.0004    2598
    2393 -0.05000000  0.45000000  0.50000000  0.0004    2599
    2394  0.00000000  0.50000000  0.50000000  0.0002    2600
    2395  0.05000000  0.50000000  0.50000000  0.0004    2601
    2396  0.10000000  0.50000000  0.50000000  0.0004    2602
    2397  0.15000000  0.50000000  0.50000000  0.0004    2603
    2398  0.20000000  0.50000000  0.50000000  0.0004    2604
    2399  0.25000000  0.50000000  0.50000000  0.0004    2605
    2400  0.30000000  0.50000000  0.50000000  0.0004    2606
    2401  0.35000000  0.50000000  0.50000000  0.0004    2607
    2402  0.40000000  0.50000000  0.50000000  0.0004    2608
    2403  0.45000000  0.50000000  0.50000000  0.0004    2609
    2404  0.50000000  0.50000000  0.50000000  0.0002    2610

                               nkstot now = 2404
 K-POINTS DIRECT COORDINATES
 KPOINTS    DIRECT_X    DIRECT_Y    DIRECT_Z  WEIGHT
       1  0.00000000  0.00000000  0.00000000  0.0002
       2  0.05000000  0.00000000  0.00000000  0.0004
       3  0.10000000  0.00000000  0.00000000  0.0004
       4  0.15000000  0.00000000  0.00000000  0.0004
       5  0.20000000  0.00000000  0.00000000  0.0004
       6  0.25000000  0.00000000  0.00000000  0.0004
       7  0.30000000  0.00000000  0.00000000  0.0004
       8  0.35000000  0.00000000  0.00000000  0.0004
       9  0.40000000  0.00000000  0.00000000  0.0004
      10  0.45000000  0.00000000  0.00000000  0.0004
      11  0.50000000  0.00000000  0.00000000  0.0002
      12  0.00000000  0.05000000  0.00000000  0.0004
      13  0.05000000  0.05000000  0.00000000  0.0004
      14  0.10000000  0.05000000  0.00000000  0.0004
      15  0.15000000  0.05000000  0.00000000  0.0004
      16  0.20000000  0.05000000  0.00000000  0.0004
      17  0.25000000  0.05000000  0.00000000  0.0004
      18  0.30000000  0.05000000  0.00000000  0.0004
      19  0.35000000  0.05000000  0.00000000  0.0004
      20  0.40000000  0.05000000  0.00000000  0.0004
      21  0.45000000  0.05000000  0.00000000  0.0004
      22  0.50000000  0.05000000  0.00000000  0.0004
      23  0.45000000 -0.05000000  0.00000000  0.0004
      24  0.40000000 -0.05000000  0.00000000  0.0004
      25  0.35000000 -0.05000000  0.00000000  0.0004
      26  0.30000000 -0.05000000  0.00000000  0.0004
      27  0.25000000 -0.05000000  0.00000000  0.0004
      28  0.20000000 -0.05000000  0.00000000  0.0004
      29  0.15000000 -0.05000000  0.00000000  0.0004
      30  0.10000000 -0.05000000  0.00000000  0.0004
      31 -0.05000000  0.05000000  0.00000000  0.0004
      32  0.00000000  0.10000000  0.00000000  0.0004
      33  0.05000000  0.10000000  0.00000000  0.0004
      34  0.10000000  0.10000000  0.00000000  0.0004
      35  0.15000000  0.10000000  0.00000000  0.0004
      36  0.20000000  0.10000000  0.00000000  0.0004
      37  0.25000000  0.10000000  0.00000000  0.0004
      38  0.30000000  0.10000000  0.00000000  0.0004
      39  0.35000000  0.10000000  0.00000000  0.0004
      40  0.40000000  0.10000000  0.00000000  0.0004
      41  0.45000000  0.10000000  0.00000000  0.0004
      42  0.50000000  0.10000000  0.00000000  0.0004
      43  0.45000000 -0.10000000  0.00000000  0.0004
      44  0.40000000 -0.10000000  0.00000000  0.0004
      45  0.35000000 -0.10000000  0.00000000  0.0004
      46  0.30000000 -0.10000000  0.00000000  0.0004
      47  0.25000000 -0.10000000  0.00000000  0.0004
      48  0.20000000 -0.10000000  0.00000000  0.0004
      49  0.15000000 -0.10000000  0.00000000  0.0004
      50  0.10000000 -0.10000000  0.00000000  0.0004
      51 -0.05000000  0.10000000  0.00000000  0.0004
      52  0.00000000  0.15000000  0.00000000  0.0004
      53  0.05000000  0.15000000  0.00000000  0.0004
      54  0.10000000  0.15000000  0.00000000  0.0004
      55  0.15000000  0.15000000  0.00000000  0.0004
      56  0.20000000  0.15000000  0.00000000  0.0004
      57  0.25000000  0.15000000  0.00000000  0.0004
      58  0.30000000  0.15000000  0.00000000  0.0004
      59  0.35000000  0.15000000  0.00000000  0.0004
      60  0.40000000  0.15000000  0.00000000  0.0004
      61  0.45000000  0.15000000  0.00000000  0.0004
      62  0.50000000  0.15000000  0.00000000  0.0004
      63  0.45000000 -0.15000000  0.00000000  0.0004
      64  0.40000000 -0.15000000  0.00000000  0.0004
      65  0.35000000 -0.15000000  0.00000000  0.0004
      66  0.30000000 -0.15000000  0.00000000  0.0004
      67  0.25000000 -0.15000000  0.00000000  0.0004
      68  0.20000000 -0.15000000  0.00000000  0.0004
      69 -0.15000000  0.15000000  0.00000000  0.0004
      70 -0.10000000  0.15000000  0.00000000  0.0004
      71 -0.05000000  0.15000000  0.00000000  0.0004
      72  0.00000000  0.20000000  0.00000000  0.0004
      73  0.05000000  0.20000000  0.00000000  0.0004
      74  0.10000000  0.20000000  0.00000000  0.0004
      75  0.15000000  0.20000000  0.00000000  0.0004
      76  0.20000000  0.20000000  0.00000000  0.0004
      77  0.25000000  0.20000000  0.00000000  0.0004
      78  0.30000000  0.20000000  0.00000000  0.0004
      79  0.35000000  0.20000000  0.00000000  0.0004
      80  0.40000000  0.20000000  0.00000000  0.0004
      81  0.45000000  0.20000000  0.00000000  0.0004
      82  0.50000000  0.20000000  0.00000000  0.0004
      83  0.45000000 -0.20000000  0.00000000  0.0004
      84  0.40000000 -0.20000000  0.00000000  0.0004
      85  0.35000000 -0.20000000  0.00000000  0.0004
      86  0.30000000 -0.20000000  0.00000000  0.0004
      87  0.25000000 -0.20000000  0.00000000  0.0004
      88 -0.20000000  0.20000000  0.00000000  0.0004
      89 -0.15000000  0.20000000  0.00000000  0.0004
      90 -0.10000000  0.20000000  0.00000000  0.0004
      91 -0.05000000  0.20000000  0.00000000  0.0004
      92  0.00000000  0.25000000  0.00000000  0.0004
      93  0.05000000  0.25000000  0.00000000  0.0004
      94  0.10000000  0.25000000  0.00000000  0.0004
      95  0.15000000  0.25000000  0.00000000  0.0004
      96  0.20000000  0.25000000  0.00000000  0.0004
      97  0.25000000  0.25000000  0.00000000  0.0004
      98  0.30000000  0.25000000  0.00000000  0.0004
      99  0.35000000  0.25000000  0.00000000  0.0004
     100  0.40000000  0.25000000  0.00000000  0.0004
     101  0.45000000  0.25000000  0.00000000  0.0004
     102  0.50000000  0.25000000  0.00000000  0.0004
     103  0.45000000 -0.25000000  0.00000000  0.0004
     104  0.40000000 -0.25000000  0.00000000  0.0004
     105  0.35000000 -0.25000000  0.00000000  0.0004
     106  0.30000000 -0.25000000  0.00000000  0.0004
     107 -0.25000000  0.25000000  0.00000000  0.0004
     108 -0.20000000  0.25000000  0.00000000  0.0004
     109 -0.15000000  0.25000000  0.00000000  0.0004
     110 -0.10000000  0.25000000  0.00000000  0.0004
     111 -0.05000000  0.25000000  0.00000000  0.0004
     112  0.00000000  0.30000000  0.00000000  0.0004
     113  0.05000000  0.30000000  0.00000000  0.0004
     114  0.10000000  0.30000000  0.00000000  0.0004
     115  0.15000000  0.30000000  0.00000000  0.0004
     116  0.20000000  0.30000000  0.00000000  0.0004
     117  0.25000000  0.30000000  0.00000000  0.0004
     118  0.30000000  0.30000000  0.00000000  0.0004
     119  0.35000000  0.30000000  0.00000000  0.0004
     120  0.40000000  0.30000000  0.00000000  0.0004
     121  0.45000000  0.30000000  0.00000000  0.0004
     122  0.50000000  0.30000000  0.00000000  0.0004
     123  0.45000000 -0.30000000  0.00000000  0.0004
     124  0.40000000 -0.30000000  0.00000000  0.0004
     125  0.35000000 -0.30000000  0.00000000  0.0004
     126 -0.30000000  0.30000000  0.00000000  0.0004
     127 -0.25000000  0.30000000  0.00000000  0.0004
     128 -0.20000000  0.30000000  0.00000000  0.0004
     129 -0.15000000  0.30000000  0.00000000  0.0004
     130 -0.10000000  0.30000000  0.00000000  0.0004
     131 -0.05000000  0.30000000  0.00000000  0.0004
     132  0.00000000  0.35000000  0.00000000  0.0004
     133  0.05000000  0.35000000  0.00000000  0.0004
     134  0.10000000  0.35000000  0.00000000  0.0004
     135  0.15000000  0.35000000  0.00000000  0.0004
     136  0.20000000  0.35000000  0.00000000  0.0004
     137  0.25000000  0.35000000  0.00000000  0.0004
     138  0.30000000  0.35000000  0.00000000  0.0004
     139  0.35000000  0.35000000  0.00000000  0.0004
     140  0.40000000  0.35000000  0.00000000  0.0004
     141  0.45000000  0.35000000  0.00000000  0.0004
     142  0.50000000  0.35000000  0.00000000  0.0004
     143  0.45000000 -0.35000000  0.00000000  0.0004
     144  0.40000000 -0.35000000  0.00000000  0.0004
     145 -0.35000000  0.35000000  0.00000000  0.0004
     146 -0.30000000  0.35000000  0.00000000  0.0004
     147 -0.25000000  0.35000000  0.00000000  0.0004
     148 -0.20000000  0.35000000  0.00000000  0.0004
     149 -0.15000000  0.35000000  0.00000000  0.0004
     150 -0.10000000  0.35000000  0.00000000  0.0004
     151 -0.05000000  0.35000000  0.00000000  0.0004
     152  0.00000000  0.40000000  0.00000000  0.0004
     153  0.05000000  0.40000000  0.00000000  0.0004
     154  0.10000000  0.40000000  0.00000000  0.0004
     155  0.15000000  0.40000000  0.00000000  0.0004
     156  0.20000000  0.40000000  0.00000000  0.0004
     157  0.25000000  0.40000000  0.00000000  0.0004
     158  0.30000000  0.40000000  0.00000000  0.0004
     159  0.35000000  0.40000000  0.00000000  0.0004
     160  0.40000000  0.40000000  0.00000000  0.0004
     161  0.45000000  0.40000000  0.00000000  0.0004
     162  0.50000000  0.40000000  0.00000000  0.0004
     163  0.45000000 -0.40000000  0.00000000  0.0004
     164 -0.40000000  0.40000000  0.00000000  0.0004
     165 -0.35000000  0.40000000  0.00000000  0.0004
     166 -0.30000000  0.40000000  0.00000000  0.0004
     167 -0.25000000  0.40000000  0.00000000  0.0004
     168 -0.20000000  0.40000000  0.00000000  0.0004
     169 -0.15000000  0.40000000  0.00000000  0.0004
     170 -0.10000000  0.40000000  0.00000000  0.0004
     171 -0.05000000  0.40000000  0.00000000  0.0004
     172  0.00000000  0.45000000  0.00000000  0.0004
     173  0.05000000  0.45000000  0.00000000  0.0004
     174  0.10000000  0.45000000  0.00000000  0.0004
     175  0.15000000  0.45000000  0.00000000  0.0004
     176  0.20000000  0.45000000  0.00000000  0.0004
     177  0.25000000  0.45000000  0.00000000  0.0004
     178  0.30000000  0.45000000  0.00000000  0.0004
     179  0.35000000  0.45000000  0.00000000  0.0004
     180  0.40000000  0.45000000  0.00000000  0.0004
     181  0.45000000  0.45000000  0.00000000  0.0004
     182  0.50000000  0.45000000  0.00000000  0.0004
     183 -0.45000000  0.45000000  0.00000000  0.0004
     184 -0.40000000  0.45000000  0.00000000  0.0004
     185 -0.35000000  0.45000000  0.00000000  0.0004
     186 -0.30000000  0.45000000  0.00000000  0.0004
     187 -0.25000000  0.45000000  0.00000000  0.0004
     188 -0.20000000  0.45000000  0.00000000  0.0004
     189 -0.15000000  0.45000000  0.00000000  0.0004
     190 -0.10000000  0.45000000  0.00000000  0.0004
     191 -0.05000000  0.45000000  0.00000000  0.0004
     192  0.00000000  0.50000000  0.00000000  0.0002
     193  0.05000000  0.50000000  0.00000000  0.0004
     194  0.10000000  0.50000000  0.00000000  0.0004
     195  0.15000000  0.50000000  0.00000000  0.0004
     196  0.20000000  0.50000000  0.00000000  0.0004
     197  0.25000000  0.50000000  0.00000000  0.0004
     198  0.30000000  0.50000000  0.00000000  0.0004
     199  0.35000000  0.50000000  0.00000000  0.0004
     200  0.40000000  0.50000000  0.00000000  0.0004
     201  0.45000000  0.50000000  0.00000000  0.0004
     202  0.50000000  0.50000000  0.00000000  0.0002
     203  0.00000000  0.00000000  0.08333333  0.0004
     204  0.05000000  0.00000000  0.08333333  0.0004
     205  0.10000000  0.00000000  0.08333333  0.0004
     206  0.15000000  0.00000000  0.08333333  0.0004
     207  0.20000000  0.00000000  0.08333333  0.0004
     208  0.25000000  0.00000000  0.08333333  0.0004
     209  0.30000000  0.00000000  0.08333333  0.0004
     210  0.35000000  0.00000000  0.08333333  0.0004
     211  0.40000000  0.00000000  0.08333333  0.0004
     212  0.45000000  0.00000000  0.08333333  0.0004
     213  0.50000000  0.00000000  0.08333333  0.0004
     214  0.45000000  0.00000000 -0.08333333  0.0004
     215  0.40000000  0.00000000 -0.08333333  0.0004
     216  0.35000000  0.00000000 -0.08333333  0.0004
     217  0.30000000  0.00000000 -0.08333333  0.0004
     218  0.25000000  0.00000000 -0.08333333  0.0004
     219  0.20000000  0.00000000 -0.08333333  0.0004
     220  0.15000000  0.00000000 -0.08333333  0.0004
     221  0.10000000  0.00000000 -0.08333333  0.0004
     222 -0.05000000  0.00000000  0.08333333  0.0004
     223  0.00000000  0.05000000  0.08333333  0.0004
     224  0.05000000  0.05000000  0.08333333  0.0004
     225  0.10000000  0.05000000  0.08333333  0.0004
     226  0.15000000  0.05000000  0.08333333  0.0004
     227  0.20000000  0.05000000  0.08333333  0.0004
     228  0.25000000  0.05000000  0.08333333  0.0004
     229  0.30000000  0.05000000  0.08333333  0.0004
     230  0.35000000  0.05000000  0.08333333  0.0004
     231  0.40000000  0.05000000  0.08333333  0.0004
     232  0.45000000  0.05000000  0.08333333  0.0004
     233  0.50000000  0.05000000  0.08333333  0.0004
     234  0.45000000 -0.05000000 -0.08333333  0.0004
     235  0.40000000 -0.05000000 -0.08333333  0.0004
     236  0.35000000 -0.05000000 -0.08333333  0.0004
     237  0.30000000 -0.05000000 -0.08333333  0.0004
     238  0.25000000 -0.05000000 -0.08333333  0.0004
     239  0.20000000 -0.05000000 -0.08333333  0.0004
     240  0.15000000 -0.05000000 -0.08333333  0.0004
     241 -0.10000000  0.05000000  0.08333333  0.0004
     242 -0.05000000  0.05000000  0.08333333  0.0004
     243  0.00000000  0.10000000  0.08333333  0.0004
     244  0.05000000  0.10000000  0.08333333  0.0004
     245  0.10000000  0.10000000  0.08333333  0.0004
     246  0.15000000  0.10000000  0.08333333  0.0004
     247  0.20000000  0.10000000  0.08333333  0.0004
     248  0.25000000  0.10000000  0.08333333  0.0004
     249  0.30000000  0.10000000  0.08333333  0.0004
     250  0.35000000  0.10000000  0.08333333  0.0004
     251  0.40000000  0.10000000  0.08333333  0.0004
     252  0.45000000  0.10000000  0.08333333  0.0004
     253  0.50000000  0.10000000  0.08333333  0.0004
     254  0.45000000 -0.10000000 -0.08333333  0.0004
     255  0.40000000 -0.10000000 -0.08333333  0.0004
     256  0.35000000 -0.10000000 -0.08333333  0.0004
     257  0.30000000 -0.10000000 -0.08333333  0.0004
     258  0.25000000 -0.10000000 -0.08333333  0.0004
     259  0.20000000 -0.10000000 -0.08333333  0.0004
     260 -0.15000000  0.10000000  0.08333333  0.0004
     261 -0.10000000  0.10000000  0.08333333  0.0004
     262 -0.05000000  0.10000000  0.08333333  0.0004
     263  0.00000000  0.15000000  0.08333333  0.0004
     264  0.05000000  0.15000000  0.08333333  0.0004
     265  0.10000000  0.15000000  0.08333333  0.0004
     266  0.15000000  0.15000000  0.08333333  0.0004
     267  0.20000000  0.15000000  0.08333333  0.0004
     268  0.25000000  0.15000000  0.08333333  0.0004
     269  0.30000000  0.15000000  0.08333333  0.0004
     270  0.35000000  0.15000000  0.08333333  0.0004
     271  0.40000000  0.15000000  0.08333333  0.0004
     272  0.45000000  0.15000000  0.08333333  0.0004
     273  0.50000000  0.15000000  0.08333333  0.0004
     274  0.45000000 -0.15000000 -0.08333333  0.0004
     275  0.40000000 -0.15000000 -0.08333333  0.0004
     276  0.35000000 -0.15000000 -0.08333333  0.0004
     277  0.30000000 -0.15000000 -0.08333333  0.0004
     278  0.25000000 -0.15000000 -0.08333333  0.0004
     279 -0.20000000  0.15000000  0.08333333  0.0004
     280 -0.15000000  0.15000000  0.08333333  0.0004
     281 -0.10000000  0.15000000  0.08333333  0.0004
     282 -0.05000000  0.15000000  0.08333333  0.0004
     283  0.00000000  0.20000000  0.08333333  0.0004
     284  0.05000000  0.20000000  0.08333333  0.0004
     285  0.10000000  0.20000000  0.08333333  0.0004
     286  0.15000000  0.20000000  0.08333333  0.0004
     287  0.20000000  0.20000000  0.08333333  0.0004
     288  0.25000000  0.20000000  0.08333333  0.0004
     289  0.30000000  0.20000000  0.08333333  0.0004
     290  0.35000000  0.20000000  0.08333333  0.0004
     291  0.40000000  0.20000000  0.08333333  0.0004
     292  0.45000000  0.20000000  0.08333333  0.0004
     293  0.50000000  0.20000000  0.08333333  0.0004
     294  0.45000000 -0.20000000 -0.08333333  0.0004
     295  0.40000000 -0.20000000 -0.08333333  0.0004
     296  0.35000000 -0.20000000 -0.08333333  0.0004
     297  0.30000000 -0.20000000 -0.08333333  0.0004
     298 -0.25000000  0.20000000  0.08333333  0.0004
     299 -0.20000000  0.20000000  0.08333333  0.0004
     300 -0.15000000  0.20000000  0.08333333  0.0004
     301 -0.10000000  0.20000000  0.08333333  0.0004
     302 -0.05000000  0.20000000  0.08333333  0.0004
     303  0.00000000  0.25000000  0.08333333  0.0004
     304  0.05000000  0.25000000  0.08333333  0.0004
     305  0.10000000  0.25000000  0.08333333  0.0004
     306  0.15000000  0.25000000  0.08333333  0.0004
     307  0.20000000  0.25000000  0.08333333  0.0004
     308  0.25000000  0.25000000  0.08333333  0.0004
     309  0.30000000  0.25000000  0.08333333  0.0004
     310  0.35000000  0.25000000  0.08333333  0.0004
     311  0.40000000  0.25000000  0.08333333  0.0004
     312  0.45000000  0.25000000  0.08333333  0.0004
     313  0.50000000  0.25000000  0.08333333  0.0004
     314  0.45000000 -0.25000000 -0.08333333  0.0004
     315  0.40000000 -0.25000000 -0.08333333  0.0004
     316  0.35000000 -0.25000000 -0.08333333  0.0004
     317 -0.30000000  0.25000000  0.08333333  0.0004
     318 -0.25000000  0.25000000  0.08333333  0.0004
     319 -0.20000000  0.25000000  0.08333333  0.0004
     320 -0.15000000  0.25000000  0.08333333  0.0004
     321 -0.10000000  0.25000000  0.08333333  0.0004
     322 -0.05000000  0.25000000  0.08333333  0.0004
     323  0.00000000  0.30000000  0.08333333  0.0004
     324  0.05000000  0.30000000  0.08333333  0.0004
     325  0.10000000  0.30000000  0.08333333  0.0004
     326  0.15000000  0.30000000  0.08333333  0.0004
     327  0.20000000  0.30000000  0.08333333  0.0004
     328  0.25000000  0.30000000  0.08333333  0.0004
     329  0.30000000  0.30000000  0.08333333  0.0004
     330  0.35000000  0.30000000  0.08333333  0.0004
     331  0.40000000  0.30000000  0.08333333  0.0004
     332  0.45000000  0.30000000  0.08333333  0.0004
     333  0.50000000  0.30000000  0.08333333  0.0004
     334  0.45000000 -0.30000000 -0.08333333  0.0004
     335  0.40000000 -0.30000000 -0.08333333  0.0004
     336 -0.35000000  0.30000000  0.08333333  0.0004
     337 -0.30000000  0.30000000  0.08333333  0.0004
     338 -0.25000000  0.30000000  0.08333333  0.0004
     339 -0.20000000  0.30000000  0.08333333  0.0004
     340 -0.15000000  0.30000000  0.08333333  0.0004
     341 -0.10000000  0.30000000  0.08333333  0.0004
     342 -0.05000000  0.30000000  0.08333333  0.0004
     343  0.00000000  0.35000000  0.08333333  0.0004
     344  0.05000000  0.35000000  0.08333333  0.0004
     345  0.10000000  0.35000000  0.08333333  0.0004
     346  0.15000000  0.35000000  0.08333333  0.0004
     347  0.20000000  0.35000000  0.08333333  0.0004
     348  0.25000000  0.35000000  0.08333333  0.0004
     349  0.30000000  0.35000000  0.08333333  0.0004
     350  0.35000000  0.35000000  0.08333333  0.0004
     351  0.40000000  0.35000000  0.08333333  0.0004
     352  0.45000000  0.35000000  0.08333333  0.0004
     353  0.50000000  0.35000000  0.08333333  0.0004
     354  0.45000000 -0.35000000 -0.08333333  0.0004
     355 -0.40000000  0.35000000  0.08333333  0.0004
     356 -0.35000000  0.35000000  0.08333333  0.0004
     357 -0.30000000  0.35000000  0.08333333  0.0004
     358 -0.25000000  0.35000000  0.08333333  0.0004
     359 -0.20000000  0.35000000  0.08333333  0.0004
     360 -0.15000000  0.35000000  0.08333333  0.0004
     361 -0.10000000  0.35000000  0.08333333  0.0004
     362 -0.05000000  0.35000000  0.08333333  0.0004
     363  0.00000000  0.40000000  0.08333333  0.0004
     364  0.05000000  0.40000000  0.08333333  0.0004
     365  0.10000000  0.40000000  0.08333333  0.0004
     366  0.15000000  0.40000000  0.08333333  0.0004
     367  0.20000000  0.40000000  0.08333333  0.0004
     368  0.25000000  0.40000000  0.08333333  0.0004
     369  0.30000000  0.40000000  0.08333333  0.0004
     370  0.35000000  0.40000000  0.08333333  0.0004
     371  0.40000000  0.40000000  0.08333333  0.0004
     372  0.45000000  0.40000000  0.08333333  0.0004
     373  0.50000000  0.40000000  0.08333333  0.0004
     374 -0.45000000  0.40000000  0.08333333  0.0004
     375 -0.40000000  0.40000000  0.08333333  0.0004
     376 -0.35000000  0.40000000  0.08333333  0.0004
     377 -0.30000000  0.40000000  0.08333333  0.0004
     378 -0.25000000  0.40000000  0.08333333  0.0004
     379 -0.20000000  0.40000000  0.08333333  0.0004
     380 -0.15000000  0.40000000  0.08333333  0.0004
     381 -0.10000000  0.40000000  0.08333333  0.0004
     382 -0.05000000  0.40000000  0.08333333  0.0004
     383  0.00000000  0.45000000  0.08333333  0.0004
     384  0.05000000  0.45000000  0.08333333  0.0004
     385  0.10000000  0.45000000  0.08333333  0.0004
     386  0.15000000  0.45000000  0.08333333  0.0004
     387  0.20000000  0.45000000  0.08333333  0.0004
     388  0.25000000  0.45000000  0.08333333  0.0004
     389  0.30000000  0.45000000  0.08333333  0.0004
     390  0.35000000  0.45000000  0.08333333  0.0004
     391  0.40000000  0.45000000  0.08333333  0.0004
     392  0.45000000  0.45000000  0.08333333  0.0004
     393  0.50000000  0.45000000  0.08333333  0.0004
     394 -0.45000000  0.45000000  0.08333333  0.0004
     395 -0.40000000  0.45000000  0.08333333  0.0004
     396 -0.35000000  0.45000000  0.08333333  0.0004
     397 -0.30000000  0.45000000  0.08333333  0.0004
     398 -0.25000000  0.45000000  0.08333333  0.0004
     399 -0.20000000  0.45000000  0.08333333  0.0004
     400 -0.15000000  0.45000000  0.08333333  0.0004
     401 -0.10000000  0.45000000  0.08333333  0.0004
     402 -0.05000000  0.45000000  0.08333333  0.0004
     403  0.00000000  0.50000000  0.08333333  0.0004
     404  0.05000000  0.50000000  0.08333333  0.0004
     405  0.10000000  0.50000000  0.08333333  0.0004
     406  0.15000000  0.50000000  0.08333333  0.0004
     407  0.20000000  0.50000000  0.08333333  0.0004
     408  0.25000000  0.50000000  0.08333333  0.0004
     409  0.30000000  0.50000000  0.08333333  0.0004
     410  0.35000000  0.50000000  0.08333333  0.0004
     411  0.40000000  0.50000000  0.08333333  0.0004
     412  0.45000000  0.50000000  0.08333333  0.0004
     413  0.50000000  0.50000000  0.08333333  0.0004
     414  0.45000000  0.50000000 -0.08333333  0.0004
     415  0.40000000  0.50000000 -0.08333333  0.0004
     416  0.35000000  0.50000000 -0.08333333  0.0004
     417  0.30000000  0.50000000 -0.08333333  0.0004
     418  0.25000000  0.50000000 -0.08333333  0.0004
     419  0.20000000  0.50000000 -0.08333333  0.0004
     420  0.15000000  0.50000000 -0.08333333  0.0004
     421  0.10000000  0.50000000 -0.08333333  0.0004
     422 -0.05000000  0.50000000  0.08333333  0.0004
     423  0.00000000  0.45000000 -0.08333333  0.0004
     424 -0.05000000  0.45000000 -0.08333333  0.0004
     425 -0.10000000  0.45000000 -0.08333333  0.0004
     426 -0.15000000  0.45000000 -0.08333333  0.0004
     427 -0.20000000  0.45000000 -0.08333333  0.0004
     428 -0.25000000  0.45000000 -0.08333333  0.0004
     429 -0.30000000  0.45000000 -0.08333333  0.0004
     430 -0.35000000  0.45000000 -0.08333333  0.0004
     431  0.40000000 -0.45000000  0.08333333  0.0004
     432  0.45000000 -0.45000000  0.08333333  0.0004
     433  0.50000000  0.45000000 -0.08333333  0.0004
     434  0.45000000  0.45000000 -0.08333333  0.0004
     435  0.40000000  0.45000000 -0.08333333  0.0004
     436  0.35000000  0.45000000 -0.08333333  0.0004
     437  0.30000000  0.45000000 -0.08333333  0.0004
     438  0.25000000  0.45000000 -0.08333333  0.0004
     439  0.20000000  0.45000000 -0.08333333  0.0004
     440  0.15000000  0.45000000 -0.08333333  0.0004
     441  0.10000000  0.45000000 -0.08333333  0.0004
     442  0.05000000  0.45000000 -0.08333333  0.0004
     443  0.00000000  0.40000000 -0.08333333  0.0004
     444 -0.05000000  0.40000000 -0.08333333  0.0004
     445 -0.10000000  0.40000000 -0.08333333  0.0004
     446 -0.15000000  0.40000000 -0.08333333  0.0004
     447 -0.20000000  0.40000000 -0.08333333  0.0004
     448 -0.25000000  0.40000000 -0.08333333  0.0004
     449 -0.30000000  0.40000000 -0.08333333  0.0004
     450  0.35000000 -0.40000000  0.08333333  0.0004
     451  0.40000000 -0.40000000  0.08333333  0.0004
     452  0.45000000 -0.40000000  0.08333333  0.0004
     453  0.50000000  0.40000000 -0.08333333  0.0004
     454  0.45000000  0.40000000 -0.08333333  0.0004
     455  0.40000000  0.40000000 -0.08333333  0.0004
     456  0.35000000  0.40000000 -0.08333333  0.0004
     457  0.30000000  0.40000000 -0.08333333  0.0004
     458  0.25000000  0.40000000 -0.08333333  0.0004
     459  0.20000000  0.40000000 -0.08333333  0.0004
     460  0.15000000  0.40000000 -0.08333333  0.0004
     461  0.10000000  0.40000000 -0.08333333  0.0004
     462  0.05000000  0.40000000 -0.08333333  0.0004
     463  0.00000000  0.35000000 -0.08333333  0.0004
     464 -0.05000000  0.35000000 -0.08333333  0.0004
     465 -0.10000000  0.35000000 -0.08333333  0.0004
     466 -0.15000000  0.35000000 -0.08333333  0.0004
     467 -0.20000000  0.35000000 -0.08333333  0.0004
     468 -0.25000000  0.35000000 -0.08333333  0.0004
     469  0.30000000 -0.35000000  0.08333333  0.0004
     470  0.35000000 -0.35000000  0.08333333  0.0004
     471  0.40000000 -0.35000000  0.08333333  0.0004
     472  0.45000000 -0.35000000  0.08333333  0.0004
     473  0.50000000  0.35000000 -0.08333333  0.0004
     474  0.45000000  0.35000000 -0.08333333  0.0004
     475  0.40000000  0.35000000 -0.08333333  0.0004
     476  0.35000000  0.35000000 -0.08333333  0.0004
     477  0.30000000  0.35000000 -0.08333333  0.0004
     478  0.25000000  0.35000000 -0.08333333  0.0004
     479  0.20000000  0.35000000 -0.08333333  0.0004
     480  0.15000000  0.35000000 -0.08333333  0.0004
     481  0.10000000  0.35000000 -0.08333333  0.0004
     482  0.05000000  0.35000000 -0.08333333  0.0004
     483  0.00000000  0.30000000 -0.08333333  0.0004
     484 -0.05000000  0.30000000 -0.08333333  0.0004
     485 -0.10000000  0.30000000 -0.08333333  0.0004
     486 -0.15000000  0.30000000 -0.08333333  0.0004
     487 -0.20000000  0.30000000 -0.08333333  0.0004
     488  0.25000000 -0.30000000  0.08333333  0.0004
     489  0.30000000 -0.30000000  0.08333333  0.0004
     490  0.35000000 -0.30000000  0.08333333  0.0004
     491  0.40000000 -0.30000000  0.08333333  0.0004
     492  0.45000000 -0.30000000  0.08333333  0.0004
     493  0.50000000  0.30000000 -0.08333333  0.0004
     494  0.45000000  0.30000000 -0.08333333  0.0004
     495  0.40000000  0.30000000 -0.08333333  0.0004
     496  0.35000000  0.30000000 -0.08333333  0.0004
     497  0.30000000  0.30000000 -0.08333333  0.0004
     498  0.25000000  0.30000000 -0.08333333  0.0004
     499  0.20000000  0.30000000 -0.08333333  0.0004
     500  0.15000000  0.30000000 -0.08333333  0.0004
     501  0.10000000  0.30000000 -0.08333333  0.0004
     502  0.05000000  0.30000000 -0.08333333  0.0004
     503  0.00000000  0.25000000 -0.08333333  0.0004
     504 -0.05000000  0.25000000 -0.08333333  0.0004
     505 -0.10000000  0.25000000 -0.08333333  0.0004
     506 -0.15000000  0.25000000 -0.08333333  0.0004
     507  0.20000000 -0.25000000  0.08333333  0.0004
     508  0.25000000 -0.25000000  0.08333333  0.0004
     509  0.30000000 -0.25000000  0.08333333  0.0004
     510  0.35000000 -0.25000000  0.08333333  0.0004
     511  0.40000000 -0.25000000  0.08333333  0.0004
     512  0.45000000 -0.25000000  0.08333333  0.0004
     513  0.50000000  0.25000000 -0.08333333  0.0004
     514  0.45000000  0.25000000 -0.08333333  0.0004
     515  0.40000000  0.25000000 -0.08333333  0.0004
     516  0.35000000  0.25000000 -0.08333333  0.0004
     517  0.30000000  0.25000000 -0.08333333  0.0004
     518  0.25000000  0.25000000 -0.08333333  0.0004
     519  0.20000000  0.25000000 -0.08333333  0.0004
     520  0.15000000  0.25000000 -0.08333333  0.0004
     521  0.10000000  0.25000000 -0.08333333  0.0004
     522  0.05000000  0.25000000 -0.08333333  0.0004
     523  0.00000000  0.20000000 -0.08333333  0.0004
     524 -0.05000000  0.20000000 -0.08333333  0.0004
     525 -0.10000000  0.20000000 -0.08333333  0.0004
     526  0.15000000 -0.20000000  0.08333333  0.0004
     527  0.20000000 -0.20000000  0.08333333  0.0004
     528  0.25000000 -0.20000000  0.08333333  0.0004
     529  0.30000000 -0.20000000  0.08333333  0.0004
     530  0.35000000 -0.20000000  0.08333333  0.0004
     531  0.40000000 -0.20000000  0.08333333  0.0004
     532  0.45000000 -0.20000000  0.08333333  0.0004
     533  0.50000000  0.20000000 -0.08333333  0.0004
     534  0.45000000  0.20000000 -0.08333333  0.0004
     535  0.40000000  0.20000000 -0.08333333  0.0004
     536  0.35000000  0.20000000 -0.08333333  0.0004
     537  0.30000000  0.20000000 -0.08333333  0.0004
     538  0.25000000  0.20000000 -0.08333333  0.0004
     539  0.20000000  0.20000000 -0.08333333  0.0004
     540  0.15000000  0.20000000 -0.08333333  0.0004
     541  0.10000000  0.20000000 -0.08333333  0.0004
     542  0.05000000  0.20000000 -0.08333333  0.0004
     543  0.00000000  0.15000000 -0.08333333  0.0004
     544 -0.05000000  0.15000000 -0.08333333  0.0004
     545  0.10000000 -0.15000000  0.08333333  0.0004
     546  0.15000000 -0.15000000  0.08333333  0.0004
     547  0.20000000 -0.15000000  0.08333333  0.0004
     548  0.25000000 -0.15000000  0.08333333  0.0004
     549  0.30000000 -0.15000000  0.08333333  0.0004
     550  0.35000000 -0.15000000  0.08333333  0.0004
     551  0.40000000 -0.15000000  0.08333333  0.0004
     552  0.45000000 -0.15000000  0.08333333  0.0004
     553  0.50000000  0.15000000 -0.08333333  0.0004
     554  0.45000000  0.15000000 -0.08333333  0.0004
     555  0.40000000  0.15000000 -0.08333333  0.0004
     556  0.35000000  0.15000000 -0.08333333  0.0004
     557  0.30000000  0.15000000 -0.08333333  0.0004
     558  0.25000000  0.15000000 -0.08333333  0.0004
     559  0.20000000  0.15000000 -0.08333333  0.0004
     560  0.15000000  0.15000000 -0.08333333  0.0004
     561  0.10000000  0.15000000 -0.08333333  0.0004
     562  0.05000000  0.15000000 -0.08333333  0.0004
     563  0.00000000  0.10000000 -0.08333333  0.0004
     564  0.05000000 -0.10000000  0.08333333  0.0004
     565  0.10000000 -0.10000000  0.08333333  0.0004
     566  0.15000000 -0.10000000  0.08333333  0.0004
     567  0.20000000 -0.10000000  0.08333333  0.0004
     568  0.25000000 -0.10000000  0.08333333  0.0004
     569  0.30000000 -0.10000000  0.08333333  0.0004
     570  0.35000000 -0.10000000  0.08333333  0.0004
     571  0.40000000 -0.10000000  0.08333333  0.0004
     572  0.45000000 -0.10000000  0.08333333  0.0004
     573  0.50000000  0.10000000 -0.08333333  0.0004
     574  0.45000000  0.10000000 -0.08333333  0.0004
     575  0.40000000  0.10000000 -0.08333333  0.0004
     576  0.35000000  0.10000000 -0.08333333  0.0004
     577  0.30000000  0.10000000 -0.08333333  0.0004
     578  0.25000000  0.10000000 -0.08333333  0.0004
     579  0.20000000  0.10000000 -0.08333333  0.0004
     580  0.15000000  0.10000000 -0.08333333  0.0004
     581  0.10000000  0.10000000 -0.08333333  0.0004
     582  0.05000000  0.10000000 -0.08333333  0.0004
     583  0.00000000 -0.05000000  0.08333333  0.0004
     584  0.05000000 -0.05000000  0.08333333  0.0004
     585  0.10000000 -0.05000000  0.08333333  0.0004
     586  0.15000000 -0.05000000  0.08333333  0.0004
     587  0.20000000 -0.05000000  0.08333333  0.0004
     588  0.25000000 -0.05000000  0.08333333  0.0004
     589  0.30000000 -0.05000000  0.08333333  0.0004
     590  0.35000000 -0.05000000  0.08333333  0.0004
     591  0.40000000 -0.05000000  0.08333333  0.0004
     592  0.45000000 -0.05000000  0.08333333  0.0004
     593  0.50000000 -0.05000000  0.08333333  0.0004
     594  0.45000000  0.05000000 -0.08333333  0.0004
     595  0.40000000  0.05000000 -0.08333333  0.0004
     596  0.35000000  0.05000000 -0.08333333  0.0004
     597  0.30000000  0.05000000 -0.08333333  0.0004
     598  0.25000000  0.05000000 -0.08333333  0.0004
     599  0.20000000  0.05000000 -0.08333333  0.0004
     600  0.15000000  0.05000000 -0.08333333  0.0004
     601  0.10000000  0.05000000 -0.08333333  0.0004
     602  0.05000000  0.05000000 -0.08333333  0.0004
     603  0.00000000  0.00000000  0.16666667  0.0004
     604  0.05000000  0.00000000  0.16666667  0.0004
     605  0.10000000  0.00000000  0.16666667  0.0004
     606  0.15000000  0.00000000  0.16666667  0.0004
     607  0.20000000  0.00000000  0.16666667  0.0004
     608  0.25000000  0.00000000  0.16666667  0.0004
     609  0.30000000  0.00000000  0.16666667  0.0004
     610  0.35000000  0.00000000  0.16666667  0.0004
     611  0.40000000  0.00000000  0.16666667  0.0004
     612  0.45000000  0.00000000  0.16666667  0.0004
     613  0.50000000  0.00000000  0.16666667  0.0004
     614  0.45000000  0.00000000 -0.16666667  0.0004
     615  0.40000000  0.00000000 -0.16666667  0.0004
     616  0.35000000  0.00000000 -0.16666667  0.0004
     617  0.30000000  0.00000000 -0.16666667  0.0004
     618  0.25000000  0.00000000 -0.16666667  0.0004
     619  0.20000000  0.00000000 -0.16666667  0.0004
     620 -0.15000000  0.00000000  0.16666667  0.0004
     621 -0.10000000  0.00000000  0.16666667  0.0004
     622 -0.05000000  0.00000000  0.16666667  0.0004
     623  0.00000000  0.05000000  0.16666667  0.0004
     624  0.05000000  0.05000000  0.16666667  0.0004
     625  0.10000000  0.05000000  0.16666667  0.0004
     626  0.15000000  0.05000000  0.16666667  0.0004
     627  0.20000000  0.05000000  0.16666667  0.0004
     628  0.25000000  0.05000000  0.16666667  0.0004
     629  0.30000000  0.05000000  0.16666667  0.0004
     630  0.35000000  0.05000000  0.16666667  0.0004
     631  0.40000000  0.05000000  0.16666667  0.0004
     632  0.45000000  0.05000000  0.16666667  0.0004
     633  0.50000000  0.05000000  0.16666667  0.0004
     634  0.45000000 -0.05000000 -0.16666667  0.0004
     635  0.40000000 -0.05000000 -0.16666667  0.0004
     636  0.35000000 -0.05000000 -0.16666667  0.0004
     637  0.30000000 -0.05000000 -0.16666667  0.0004
     638  0.25000000 -0.05000000 -0.16666667  0.0004
     639 -0.20000000  0.05000000  0.16666667  0.0004
     640 -0.15000000  0.05000000  0.16666667  0.0004
     641 -0.10000000  0.05000000  0.16666667  0.0004
     642 -0.05000000  0.05000000  0.16666667  0.0004
     643  0.00000000  0.10000000  0.16666667  0.0004
     644  0.05000000  0.10000000  0.16666667  0.0004
     645  0.10000000  0.10000000  0.16666667  0.0004
     646  0.15000000  0.10000000  0.16666667  0.0004
     647  0.20000000  0.10000000  0.16666667  0.0004
     648  0.25000000  0.10000000  0.16666667  0.0004
     649  0.30000000  0.10000000  0.16666667  0.0004
     650  0.35000000  0.10000000  0.16666667  0.0004
     651  0.40000000  0.10000000  0.16666667  0.0004
     652  0.45000000  0.10000000  0.16666667  0.0004
     653  0.50000000  0.10000000  0.16666667  0.0004
     654  0.45000000 -0.10000000 -0.16666667  0.0004
     655  0.40000000 -0.10000000 -0.16666667  0.0004
     656  0.35000000 -0.10000000 -0.16666667  0.0004
     657  0.30000000 -0.10000000 -0.16666667  0.0004
     658 -0.25000000  0.10000000  0.16666667  0.0004
     659 -0.20000000  0.10000000  0.16666667  0.0004
     660 -0.15000000  0.10000000  0.16666667  0.0004
     661 -0.10000000  0.10000000  0.16666667  0.0004
     662 -0.05000000  0.10000000  0.16666667  0.0004
     663  0.00000000  0.15000000  0.16666667  0.0004
     664  0.05000000  0.15000000  0.16666667  0.0004
     665  0.10000000  0.15000000  0.16666667  0.0004
     666  0.15000000  0.15000000  0.16666667  0.0004
     667  0.20000000  0.15000000  0.16666667  0.0004
     668  0.25000000  0.15000000  0.16666667  0.0004
     669  0.30000000  0.15000000  0.16666667  0.0004
     670  0.35000000  0.15000000  0.16666667  0.0004
     671  0.40000000  0.15000000  0.16666667  0.0004
     672  0.45000000  0.15000000  0.16666667  0.0004
     673  0.50000000  0.15000000  0.16666667  0.0004
     674  0.45000000 -0.15000000 -0.16666667  0.0004
     675  0.40000000 -0.15000000 -0.16666667  0.0004
     676  0.35000000 -0.15000000 -0.16666667  0.0004
     677 -0.30000000  0.15000000  0.16666667  0.0004
     678 -0.25000000  0.15000000  0.16666667  0.0004
     679 -0.20000000  0.15000000  0.16666667  0.0004
     680 -0.15000000  0.15000000  0.16666667  0.0004
     681 -0.10000000  0.15000000  0.16666667  0.0004
     682 -0.05000000  0.15000000  0.16666667  0.0004
     683  0.00000000  0.20000000  0.16666667  0.0004
     684  0.05000000  0.20000000  0.16666667  0.0004
     685  0.10000000  0.20000000  0.16666667  0.0004
     686  0.15000000  0.20000000  0.16666667  0.0004
     687  0.20000000  0.20000000  0.16666667  0.0004
     688  0.25000000  0.20000000  0.16666667  0.0004
     689  0.30000000  0.20000000  0.16666667  0.0004
     690  0.35000000  0.20000000  0.16666667  0.0004
     691  0.40000000  0.20000000  0.16666667  0.0004
     692  0.45000000  0.20000000  0.16666667  0.0004
     693  0.50000000  0.20000000  0.16666667  0.0004
     694  0.45000000 -0.20000000 -0.16666667  0.0004
     695  0.40000000 -0.20000000 -0.16666667  0.0004
     696 -0.35000000  0.20000000  0.16666667  0.0004
     697 -0.30000000  0.20000000  0.16666667  0.0004
     698 -0.25000000  0.20000000  0.16666667  0.0004
     699 -0.20000000  0.20000000  0.16666667  0.0004
     700 -0.15000000  0.20000000  0.16666667  0.0004
     701 -0.10000000  0.20000000  0.16666667  0.0004
     702 -0.05000000  0.20000000  0.16666667  0.0004
     703  0.00000000  0.25000000  0.16666667  0.0004
     704  0.05000000  0.25000000  0.16666667  0.0004
     705  0.10000000  0.25000000  0.16666667  0.0004
     706  0.15000000  0.25000000  0.16666667  0.0004
     707  0.20000000  0.25000000  0.16666667  0.0004
     708  0.25000000  0.25000000  0.16666667  0.0004
     709  0.30000000  0.25000000  0.16666667  0.0004
     710  0.35000000  0.25000000  0.16666667  0.0004
     711  0.40000000  0.25000000  0.16666667  0.0004
     712  0.45000000  0.25000000  0.16666667  0.0004
     713  0.50000000  0.25000000  0.16666667  0.0004
     714  0.45000000 -0.25000000 -0.16666667  0.0004
     715 -0.40000000  0.25000000  0.16666667  0.0004
     716 -0.35000000  0.25000000  0.16666667  0.0004
     717 -0.30000000  0.25000000  0.16666667  0.0004
     718 -0.25000000  0.25000000  0.16666667  0.0004
     719 -0.20000000  0.25000000  0.16666667  0.0004
     720 -0.15000000  0.25000000  0.16666667  0.0004
     721 -0.10000000  0.25000000  0.16666667  0.0004
     722 -0.05000000  0.25000000  0.16666667  0.0004
     723  0.00000000  0.30000000  0.16666667  0.0004
     724  0.05000000  0.30000000  0.16666667  0.0004
     725  0.10000000  0.30000000  0.16666667  0.0004
     726  0.15000000  0.30000000  0.16666667  0.0004
     727  0.20000000  0.30000000  0.16666667  0.0004
     728  0.25000000  0.30000000  0.16666667  0.0004
     729  0.30000000  0.30000000  0.16666667  0.0004
     730  0.35000000  0.30000000  0.16666667  0.0004
     731  0.40000000  0.30000000  0.16666667  0.0004
     732  0.45000000  0.30000000  0.16666667  0.0004
     733  0.50000000  0.30000000  0.16666667  0.0004
     734 -0.45000000  0.30000000  0.16666667  0.0004
     735 -0.40000000  0.30000000  0.16666667  0.0004
     736 -0.35000000  0.30000000  0.16666667  0.0004
     737 -0.30000000  0.30000000  0.16666667  0.0004
     738 -0.25000000  0.30000000  0.16666667  0.0004
     739 -0.20000000  0.30000000  0.16666667  0.0004
     740 -0.15000000  0.30000000  0.16666667  0.0004
     741 -0.10000000  0.30000000  0.16666667  0.0004
     742 -0.05000000  0.30000000  0.16666667  0.0004
     743  0.00000000  0.35000000  0.16666667  0.0004
     744  0.05000000  0.35000000  0.16666667  0.0004
     745  0.10000000  0.35000000  0.16666667  0.0004
     746  0.15000000  0.35000000  0.16666667  0.0004
     747  0.20000000  0.35000000  0.16666667  0.0004
     748  0.25000000  0.35000000  0.16666667  0.0004
     749  0.30000000  0.35000000  0.16666667  0.0004
     750  0.35000000  0.35000000  0.16666667  0.0004
     751  0.40000000  0.35000000  0.16666667  0.0004
     752  0.45000000  0.35000000  0.16666667  0.0004
     753  0.50000000  0.35000000  0.16666667  0.0004
     754 -0.45000000  0.35000000  0.16666667  0.0004
     755 -0.40000000  0.35000000  0.16666667  0.0004
     756 -0.35000000  0.35000000  0.16666667  0.0004
     757 -0.30000000  0.35000000  0.16666667  0.0004
     758 -0.25000000  0.35000000  0.16666667  0.0004
     759 -0.20000000  0.35000000  0.16666667  0.0004
     760 -0.15000000  0.35000000  0.16666667  0.0004
     761 -0.10000000  0.35000000  0.16666667  0.0004
     762 -0.05000000  0.35000000  0.16666667  0.0004
     763  0.00000000  0.40000000  0.16666667  0.0004
     764  0.05000000  0.40000000  0.16666667  0.0004
     765  0.10000000  0.40000000  0.16666667  0.0004
     766  0.15000000  0.40000000  0.16666667  0.0004
     767  0.20000000  0.40000000  0.16666667  0.0004
     768  0.25000000  0.40000000  0.16666667  0.0004
     769  0.30000000  0.40000000  0.16666667  0.0004
     770  0.35000000  0.40000000  0.16666667  0.0004
     771  0.40000000  0.40000000  0.16666667  0.0004
     772  0.45000000  0.40000000  0.16666667  0.0004
     773  0.50000000  0.40000000  0.16666667  0.0004
     774 -0.45000000  0.40000000  0.16666667  0.0004
     775 -0.40000000  0.40000000  0.16666667  0.0004
     776 -0.35000000  0.40000000  0.16666667  0.0004
     777 -0.30000000  0.40000000  0.16666667  0.0004
     778 -0.25000000  0.40000000  0.16666667  0.0004
     779 -0.20000000  0.40000000  0.16666667  0.0004
     780 -0.15000000  0.40000000  0.16666667  0.0004
     781 -0.10000000  0.40000000  0.16666667  0.0004
     782 -0.05000000  0.40000000  0.16666667  0.0004
     783  0.00000000  0.45000000  0.16666667  0.0004
     784  0.05000000  0.45000000  0.16666667  0.0004
     785  0.10000000  0.45000000  0.16666667  0.0004
     786  0.15000000  0.45000000  0.16666667  0.0004
     787  0.20000000  0.45000000  0.16666667  0.0004
     788  0.25000000  0.45000000  0.16666667  0.0004
     789  0.30000000  0.45000000  0.16666667  0.0004
     790  0.35000000  0.45000000  0.16666667  0.0004
     791  0.40000000  0.45000000  0.16666667  0.0004
     792  0.45000000  0.45000000  0.16666667  0.0004
     793  0.50000000  0.45000000  0.16666667  0.0004
     794 -0.45000000  0.45000000  0.16666667  0.0004
     795 -0.40000000  0.45000000  0.16666667  0.0004
     796 -0.35000000  0.45000000  0.16666667  0.0004
     797 -0.30000000  0.45000000  0.16666667  0.0004
     798 -0.25000000  0.45000000  0.16666667  0.0004
     799 -0.20000000  0.45000000  0.16666667  0.0004
     800 -0.15000000  0.45000000  0.16666667  0.0004
     801 -0.10000000  0.45000000  0.16666667  0.0004
     802 -0.05000000  0.45000000  0.16666667  0.0004
     803  0.00000000  0.50000000  0.16666667  0.0004
     804  0.05000000  0.50000000  0.16666667  0.0004
     805  0.10000000  0.50000000  0.16666667  0.0004
     806  0.15000000  0.50000000  0.16666667  0.0004
     807  0.20000000  0.50000000  0.16666667  0.0004
     808  0.25000000  0.50000000  0.16666667  0.0004
     809  0.30000000  0.50000000  0.16666667  0.0004
     810  0.35000000  0.50000000  0.16666667  0.0004
     811  0.40000000  0.50000000  0.16666667  0.0004
     812  0.45000000  0.50000000  0.16666667  0.0004
     813  0.50000000  0.50000000  0.16666667  0.0004
     814  0.45000000  0.50000000 -0.16666667  0.0004
     815  0.40000000  0.50000000 -0.16666667  0.0004
     816  0.35000000  0.50000000 -0.16666667  0.0004
     817  0.30000000  0.50000000 -0.16666667  0.0004
     818  0.25000000  0.50000000 -0.16666667  0.0004
     819  0.20000000  0.50000000 -0.16666667  0.0004
     820 -0.15000000  0.50000000  0.16666667  0.0004
     821 -0.10000000  0.50000000  0.16666667  0.0004
     822 -0.05000000  0.50000000  0.16666667  0.0004
     823  0.00000000  0.45000000 -0.16666667  0.0004
     824 -0.05000000  0.45000000 -0.16666667  0.0004
     825 -0.10000000  0.45000000 -0.16666667  0.0004
     826 -0.15000000  0.45000000 -0.16666667  0.0004
     827 -0.20000000  0.45000000 -0.16666667  0.0004
     828 -0.25000000  0.45000000 -0.16666667  0.0004
     829  0.30000000 -0.45000000  0.16666667  0.0004
     830  0.35000000 -0.45000000  0.16666667  0.0004
     831  0.40000000 -0.45000000  0.16666667  0.0004
     832  0.45000000 -0.45000000  0.16666667  0.0004
     833  0.50000000  0.45000000 -0.16666667  0.0004
     834  0.45000000  0.45000000 -0.16666667  0.0004
     835  0.40000000  0.45000000 -0.16666667  0.0004
     836  0.35000000  0.45000000 -0.16666667  0.0004
     837  0.30000000  0.45000000 -0.16666667  0.0004
     838  0.25000000  0.45000000 -0.16666667  0.0004
     839  0.20000000  0.45000000 -0.16666667  0.0004
     840  0.15000000  0.45000000 -0.16666667  0.0004
     841  0.10000000  0.45000000 -0.16666667  0.0004
     842  0.05000000  0.45000000 -0.16666667  0.0004
     843  0.00000000  0.40000000 -0.16666667  0.0004
     844 -0.05000000  0.40000000 -0.16666667  0.0004
     845 -0.10000000  0.40000000 -0.16666667  0.0004
     846 -0.15000000  0.40000000 -0.16666667  0.0004
     847 -0.20000000  0.40000000 -0.16666667  0.0004
     848  0.25000000 -0.40000000  0.16666667  0.0004
     849  0.30000000 -0.40000000  0.16666667  0.0004
     850  0.35000000 -0.40000000  0.16666667  0.0004
     851  0.40000000 -0.40000000  0.16666667  0.0004
     852  0.45000000 -0.40000000  0.16666667  0.0004
     853  0.50000000  0.40000000 -0.16666667  0.0004
     854  0.45000000  0.40000000 -0.16666667  0.0004
     855  0.40000000  0.40000000 -0.16666667  0.0004
     856  0.35000000  0.40000000 -0.16666667  0.0004
     857  0.30000000  0.40000000 -0.16666667  0.0004
     858  0.25000000  0.40000000 -0.16666667  0.0004
     859  0.20000000  0.40000000 -0.16666667  0.0004
     860  0.15000000  0.40000000 -0.16666667  0.0004
     861  0.10000000  0.40000000 -0.16666667  0.0004
     862  0.05000000  0.40000000 -0.16666667  0.0004
     863  0.00000000  0.35000000 -0.16666667  0.0004
     864 -0.05000000  0.35000000 -0.16666667  0.0004
     865 -0.10000000  0.35000000 -0.16666667  0.0004
     866 -0.15000000  0.35000000 -0.16666667  0.0004
     867  0.20000000 -0.35000000  0.16666667  0.0004
     868  0.25000000 -0.35000000  0.16666667  0.0004
     869  0.30000000 -0.35000000  0.16666667  0.0004
     870  0.35000000 -0.35000000  0.16666667  0.0004
     871  0.40000000 -0.35000000  0.16666667  0.0004
     872  0.45000000 -0.35000000  0.16666667  0.0004
     873  0.50000000  0.35000000 -0.16666667  0.0004
     874  0.45000000  0.35000000 -0.16666667  0.0004
     875  0.40000000  0.35000000 -0.16666667  0.0004
     876  0.35000000  0.35000000 -0.16666667  0.0004
     877  0.30000000  0.35000000 -0.16666667  0.0004
     878  0.25000000  0.35000000 -0.16666667  0.0004
     879  0.20000000  0.35000000 -0.16666667  0.0004
     880  0.15000000  0.35000000 -0.16666667  0.0004
     881  0.10000000  0.35000000 -0.16666667  0.0004
     882  0.05000000  0.35000000 -0.16666667  0.0004
     883  0.00000000  0.30000000 -0.16666667  0.0004
     884 -0.05000000  0.30000000 -0.16666667  0.0004
     885 -0.10000000  0.30000000 -0.16666667  0.0004
     886  0.15000000 -0.30000000  0.16666667  0.0004
     887  0.20000000 -0.30000000  0.16666667  0.0004
     888  0.25000000 -0.30000000  0.16666667  0.0004
     889  0.30000000 -0.30000000  0.16666667  0.0004
     890  0.35000000 -0.30000000  0.16666667  0.0004
     891  0.40000000 -0.30000000  0.16666667  0.0004
     892  0.45000000 -0.30000000  0.16666667  0.0004
     893  0.50000000  0.30000000 -0.16666667  0.0004
     894  0.45000000  0.30000000 -0.16666667  0.0004
     895  0.40000000  0.30000000 -0.16666667  0.0004
     896  0.35000000  0.30000000 -0.16666667  0.0004
     897  0.30000000  0.30000000 -0.16666667  0.0004
     898  0.25000000  0.30000000 -0.16666667  0.0004
     899  0.20000000  0.30000000 -0.16666667  0.0004
     900  0.15000000  0.30000000 -0.16666667  0.0004
     901  0.10000000  0.30000000 -0.16666667  0.0004
     902  0.05000000  0.30000000 -0.16666667  0.0004
     903  0.00000000  0.25000000 -0.16666667  0.0004
     904 -0.05000000  0.25000000 -0.16666667  0.0004
     905  0.10000000 -0.25000000  0.16666667  0.0004
     906  0.15000000 -0.25000000  0.16666667  0.0004
     907  0.20000000 -0.25000000  0.16666667  0.0004
     908  0.25000000 -0.25000000  0.16666667  0.0004
     909  0.30000000 -0.25000000  0.16666667  0.0004
     910  0.35000000 -0.25000000  0.16666667  0.0004
     911  0.40000000 -0.25000000  0.16666667  0.0004
     912  0.45000000 -0.25000000  0.16666667  0.0004
     913  0.50000000  0.25000000 -0.16666667  0.0004
     914  0.45000000  0.25000000 -0.16666667  0.0004
     915  0.40000000  0.25000000 -0.16666667  0.0004
     916  0.35000000  0.25000000 -0.16666667  0.0004
     917  0.30000000  0.25000000 -0.16666667  0.0004
     918  0.25000000  0.25000000 -0.16666667  0.0004
     919  0.20000000  0.25000000 -0.16666667  0.0004
     920  0.15000000  0.25000000 -0.16666667  0.0004
     921  0.10000000  0.25000000 -0.16666667  0.0004
     922  0.05000000  0.25000000 -0.16666667  0.0004
     923  0.00000000  0.20000000 -0.16666667  0.0004
     924  0.05000000 -0.20000000  0.16666667  0.0004
     925  0.10000000 -0.20000000  0.16666667  0.0004
     926  0.15000000 -0.20000000  0.16666667  0.0004
     927  0.20000000 -0.20000000  0.16666667  0.0004
     928  0.25000000 -0.20000000  0.16666667  0.0004
     929  0.30000000 -0.20000000  0.16666667  0.0004
     930  0.35000000 -0.20000000  0.16666667  0.0004
     931  0.40000000 -0.20000000  0.16666667  0.0004
     932  0.45000000 -0.20000000  0.16666667  0.0004
     933  0.50000000  0.20000000 -0.16666667  0.0004
     934  0.45000000  0.20000000 -0.16666667  0.0004
     935  0.40000000  0.20000000 -0.16666667  0.0004
     936  0.35000000  0.20000000 -0.16666667  0.0004
     937  0.30000000  0.20000000 -0.16666667  0.0004
     938  0.25000000  0.20000000 -0.16666667  0.0004
     939  0.20000000  0.20000000 -0.16666667  0.0004
     940  0.15000000  0.20000000 -0.16666667  0.0004
     941  0.10000000  0.20000000 -0.16666667  0.0004
     942  0.05000000  0.20000000 -0.16666667  0.0004
     943  0.00000000 -0.15000000  0.16666667  0.0004
     944  0.05000000 -0.15000000  0.16666667  0.0004
     945  0.10000000 -0.15000000  0.16666667  0.0004
     946  0.15000000 -0.15000000  0.16666667  0.0004
     947  0.20000000 -0.15000000  0.16666667  0.0004
     948  0.25000000 -0.15000000  0.16666667  0.0004
     949  0.30000000 -0.15000000  0.16666667  0.0004
     950  0.35000000 -0.15000000  0.16666667  0.0004
     951  0.40000000 -0.15000000  0.16666667  0.0004
     952  0.45000000 -0.15000000  0.16666667  0.0004
     953  0.50000000 -0.15000000  0.16666667  0.0004
     954  0.45000000  0.15000000 -0.16666667  0.0004
     955  0.40000000  0.15000000 -0.16666667  0.0004
     956  0.35000000  0.15000000 -0.16666667  0.0004
     957  0.30000000  0.15000000 -0.16666667  0.0004
     958  0.25000000  0.15000000 -0.16666667  0.0004
     959  0.20000000  0.15000000 -0.16666667  0.0004
     960  0.15000000  0.15000000 -0.16666667  0.0004
     961  0.10000000  0.15000000 -0.16666667  0.0004
     962  0.05000000  0.15000000 -0.16666667  0.0004
     963  0.00000000 -0.10000000  0.16666667  0.0004
     964  0.05000000 -0.10000000  0.16666667  0.0004
     965  0.10000000 -0.10000000  0.16666667  0.0004
     966  0.15000000 -0.10000000  0.16666667  0.0004
     967  0.20000000 -0.10000000  0.16666667  0.0004
     968  0.25000000 -0.10000000  0.16666667  0.0004
     969  0.30000000 -0.10000000  0.16666667  0.0004
     970  0.35000000 -0.10000000  0.16666667  0.0004
     971  0.40000000 -0.10000000  0.16666667  0.0004
     972  0.45000000 -0.10000000  0.16666667  0.0004
     973  0.50000000 -0.10000000  0.16666667  0.0004
     974  0.45000000  0.10000000 -0.16666667  0.0004
     975  0.40000000  0.10000000 -0.16666667  0.0004
     976  0.35000000  0.10000000 -0.16666667  0.0004
     977  0.30000000  0.10000000 -0.16666667  0.0004
     978  0.25000000  0.10000000 -0.16666667  0.0004
     979  0.20000000  0.10000000 -0.16666667  0.0004
     980  0.15000000  0.10000000 -0.16666667  0.0004
     981  0.10000000  0.10000000 -0.16666667  0.0004
     982 -0.05000000 -0.10000000  0.16666667  0.0004
     983  0.00000000 -0.05000000  0.16666667  0.0004
     984  0.05000000 -0.05000000  0.16666667  0.0004
     985  0.10000000 -0.05000000  0.16666667  0.0004
     986  0.15000000 -0.05000000  0.16666667  0.0004
     987  0.20000000 -0.05000000  0.16666667  0.0004
     988  0.25000000 -0.05000000  0.16666667  0.0004
     989  0.30000000 -0.05000000  0.16666667  0.0004
     990  0.35000000 -0.05000000  0.16666667  0.0004
     991  0.40000000 -0.05000000  0.16666667  0.0004
     992  0.45000000 -0.05000000  0.16666667  0.0004
     993  0.50000000 -0.05000000  0.16666667  0.0004
     994  0.45000000  0.05000000 -0.16666667  0.0004
     995  0.40000000  0.05000000 -0.16666667  0.0004
     996  0.35000000  0.05000000 -0.16666667  0.0004
     997  0.30000000  0.05000000 -0.16666667  0.0004
     998  0.25000000  0.05000000 -0.16666667  0.0004
     999  0.20000000  0.05000000 -0.16666667  0.0004
    1000  0.15000000  0.05000000 -0.16666667  0.0004
    1001 -0.10000000 -0.05000000  0.16666667  0.0004
    1002 -0.05000000 -0.05000000  0.16666667  0.0004
    1003  0.00000000  0.00000000  0.25000000  0.0004
    1004  0.05000000  0.00000000  0.25000000  0.0004
    1005  0.10000000  0.00000000  0.25000000  0.0004
    1006  0.15000000  0.00000000  0.25000000  0.0004
    1007  0.20000000  0.00000000  0.25000000  0.0004
    1008  0.25000000  0.00000000  0.25000000  0.0004
    1009  0.30000000  0.00000000  0.25000000  0.0004
    1010  0.35000000  0.00000000  0.25000000  0.0004
    1011  0.40000000  0.00000000  0.25000000  0.0004
    1012  0.45000000  0.00000000  0.25000000  0.0004
    1013  0.50000000  0.00000000  0.25000000  0.0004
    1014  0.45000000  0.00000000 -0.25000000  0.0004
    1015  0.40000000  0.00000000 -0.25000000  0.0004
    1016  0.35000000  0.00000000 -0.25000000  0.0004
    1017  0.30000000  0.00000000 -0.25000000  0.0004
    1018 -0.25000000  0.00000000  0.25000000  0.0004
    1019 -0.20000000  0.00000000  0.25000000  0.0004
    1020 -0.15000000  0.00000000  0.25000000  0.0004
    1021 -0.10000000  0.00000000  0.25000000  0.0004
    1022 -0.05000000  0.00000000  0.25000000  0.0004
    1023  0.00000000  0.05000000  0.25000000  0.0004
    1024  0.05000000  0.05000000  0.25000000  0.0004
    1025  0.10000000  0.05000000  0.25000000  0.0004
    1026  0.15000000  0.05000000  0.25000000  0.0004
    1027  0.20000000  0.05000000  0.25000000  0.0004
    1028  0.25000000  0.05000000  0.25000000  0.0004
    1029  0.30000000  0.05000000  0.25000000  0.0004
    1030  0.35000000  0.05000000  0.25000000  0.0004
    1031  0.40000000  0.05000000  0.25000000  0.0004
    1032  0.45000000  0.05000000  0.25000000  0.0004
    1033  0.50000000  0.05000000  0.25000000  0.0004
    1034  0.45000000 -0.05000000 -0.25000000  0.0004
    1035  0.40000000 -0.05000000 -0.25000000  0.0004
    1036  0.35000000 -0.05000000 -0.25000000  0.0004
    1037 -0.30000000  0.05000000  0.25000000  0.0004
    1038 -0.25000000  0.05000000  0.25000000  0.0004
    1039 -0.20000000  0.05000000  0.25000000  0.0004
    1040 -0.15000000  0.05000000  0.25000000  0.0004
    1041 -0.10000000  0.05000000  0.25000000  0.0004
    1042 -0.05000000  0.05000000  0.25000000  0.0004
    1043  0.00000000  0.10000000  0.25000000  0.0004
    1044  0.05000000  0.10000000  0.25000000  0.0004
    1045  0.10000000  0.10000000  0.25000000  0.0004
    1046  0.15000000  0.10000000  0.25000000  0.0004
    1047  0.20000000  0.10000000  0.25000000  0.0004
    1048  0.25000000  0.10000000  0.25000000  0.0004
    1049  0.30000000  0.10000000  0.25000000  0.0004
    1050  0.35000000  0.10000000  0.25000000  0.0004
    1051  0.40000000  0.10000000  0.25000000  0.0004
    1052  0.45000000  0.10000000  0.25000000  0.0004
    1053  0.50000000  0.10000000  0.25000000  0.0004
    1054  0.45000000 -0.10000000 -0.25000000  0.0004
    1055  0.40000000 -0.10000000 -0.25000000  0.0004
    1056  0.35000000 -0.10000000 -0.25000000  0.0004
    1057 -0.30000000  0.10000000  0.25000000  0.0004
    1058 -0.25000000  0.10000000  0.25000000  0.0004
    1059 -0.20000000  0.10000000  0.25000000  0.0004
    1060 -0.15000000  0.10000000  0.25000000  0.0004
    1061 -0.10000000  0.10000000  0.25000000  0.0004
    1062 -0.05000000  0.10000000  0.25000000  0.0004
    1063  0.00000000  0.15000000  0.25000000  0.0004
    1064  0.05000000  0.15000000  0.25000000  0.0004
    1065  0.10000000  0.15000000  0.25000000  0.0004
    1066  0.15000000  0.15000000  0.25000000  0.0004
    1067  0.20000000  0.15000000  0.25000000  0.0004
    1068  0.25000000  0.15000000  0.25000000  0.0004
    1069  0.30000000  0.15000000  0.25000000  0.0004
    1070  0.35000000  0.15000000  0.25000000  0.0004
    1071  0.40000000  0.15000000  0.25000000  0.0004
    1072  0.45000000  0.15000000  0.25000000  0.0004
    1073  0.50000000  0.15000000  0.25000000  0.0004
    1074  0.45000000 -0.15000000 -0.25000000  0.0004
    1075  0.40000000 -0.15000000 -0.25000000  0.0004
    1076 -0.35000000  0.15000000  0.25000000  0.0004
    1077 -0.30000000  0.15000000  0.25000000  0.0004
    1078 -0.25000000  0.15000000  0.25000000  0.0004
    1079 -0.20000000  0.15000000  0.25000000  0.0004
    1080 -0.15000000  0.15000000  0.25000000  0.0004
    1081 -0.10000000  0.15000000  0.25000000  0.0004
    1082 -0.05000000  0.15000000  0.25000000  0.0004
    1083  0.00000000  0.20000000  0.25000000  0.0004
    1084  0.05000000  0.20000000  0.25000000  0.0004
    1085  0.10000000  0.20000000  0.25000000  0.0004
    1086  0.15000000  0.20000000  0.25000000  0.0004
    1087  0.20000000  0.20000000  0.25000000  0.0004
    1088  0.25000000  0.20000000  0.25000000  0.0004
    1089  0.30000000  0.20000000  0.25000000  0.0004
    1090  0.35000000  0.20000000  0.25000000  0.0004
    1091  0.40000000  0.20000000  0.25000000  0.0004
    1092  0.45000000  0.20000000  0.25000000  0.0004
    1093  0.50000000  0.20000000  0.25000000  0.0004
    1094 -0.45000000  0.20000000  0.25000000  0.0004
    1095 -0.40000000  0.20000000  0.25000000  0.0004
    1096 -0.35000000  0.20000000  0.25000000  0.0004
    1097 -0.30000000  0.20000000  0.25000000  0.0004
    1098 -0.25000000  0.20000000  0.25000000  0.0004
    1099 -0.20000000  0.20000000  0.25000000  0.0004
    1100 -0.15000000  0.20000000  0.25000000  0.0004
    1101 -0.10000000  0.20000000  0.25000000  0.0004
    1102 -0.05000000  0.20000000  0.25000000  0.0004
    1103  0.00000000  0.25000000  0.25000000  0.0004
    1104  0.05000000  0.25000000  0.25000000  0.0004
    1105  0.10000000  0.25000000  0.25000000  0.0004
    1106  0.15000000  0.25000000  0.25000000  0.0004
    1107  0.20000000  0.25000000  0.25000000  0.0004
    1108  0.25000000  0.25000000  0.25000000  0.0004
    1109  0.30000000  0.25000000  0.25000000  0.0004
    1110  0.35000000  0.25000000  0.25000000  0.0004
    1111  0.40000000  0.25000000  0.25000000  0.0004
    1112  0.45000000  0.25000000  0.25000000  0.0004
    1113  0.50000000  0.25000000  0.25000000  0.0004
    1114 -0.45000000  0.25000000  0.25000000  0.0004
    1115 -0.40000000  0.25000000  0.25000000  0.0004
    1116 -0.35000000  0.25000000  0.25000000  0.0004
    1117 -0.30000000  0.25000000  0.25000000  0.0004
    1118 -0.25000000  0.25000000  0.25000000  0.0004
    1119 -0.20000000  0.25000000  0.25000000  0.0004
    1120 -0.15000000  0.25000000  0.25000000  0.0004
    1121 -0.10000000  0.25000000  0.25000000  0.0004
    1122 -0.05000000  0.25000000  0.25000000  0.0004
    1123  0.00000000  0.30000000  0.25000000  0.0004
    1124  0.05000000  0.30000000  0.25000000  0.0004
    1125  0.10000000  0.30000000  0.25000000  0.0004
    1126  0.15000000  0.30000000  0.25000000  0.0004
    1127  0.20000000  0.30000000  0.25000000  0.0004
    1128  0.25000000  0.30000000  0.25000000  0.0004
    1129  0.30000000  0.30000000  0.25000000  0.0004
    1130  0.35000000  0.30000000  0.25000000  0.0004
    1131  0.40000000  0.30000000  0.25000000  0.0004
    1132  0.45000000  0.30000000  0.25000000  0.0004
    1133  0.50000000  0.30000000  0.25000000  0.0004
    1134 -0.45000000  0.30000000  0.25000000  0.0004
    1135 -0.40000000  0.30000000  0.25000000  0.0004
    1136 -0.35000000  0.30000000  0.25000000  0.0004
    1137 -0.30000000  0.30000000  0.25000000  0.0004
    1138 -0.25000000  0.30000000  0.25000000  0.0004
    1139 -0.20000000  0.30000000  0.25000000  0.0004
    1140 -0.15000000  0.30000000  0.25000000  0.0004
    1141 -0.10000000  0.30000000  0.25000000  0.0004
    1142 -0.05000000  0.30000000  0.25000000  0.0004
    1143  0.00000000  0.35000000  0.25000000  0.0004
    1144  0.05000000  0.35000000  0.25000000  0.0004
    1145  0.10000000  0.35000000  0.25000000  0.0004
    1146  0.15000000  0.35000000  0.25000000  0.0004
    1147  0.20000000  0.35000000  0.25000000  0.0004
    1148  0.25000000  0.35000000  0.25000000  0.0004
    1149  0.30000000  0.35000000  0.25000000  0.0004
    1150  0.35000000  0.35000000  0.25000000  0.0004
    1151  0.40000000  0.35000000  0.25000000  0.0004
    1152  0.45000000  0.35000000  0.25000000  0.0004
    1153  0.50000000  0.35000000  0.25000000  0.0004
    1154 -0.45000000  0.35000000  0.25000000  0.0004
    1155 -0.40000000  0.35000000  0.25000000  0.0004
    1156 -0.35000000  0.35000000  0.25000000  0.0004
    1157 -0.30000000  0.35000000  0.25000000  0.0004
    1158 -0.25000000  0.35000000  0.25000000  0.0004
    1159 -0.20000000  0.35000000  0.25000000  0.0004
    1160 -0.15000000  0.35000000  0.25000000  0.0004
    1161 -0.10000000  0.35000000  0.25000000  0.0004
    1162 -0.05000000  0.35000000  0.25000000  0.0004
    1163  0.00000000  0.40000000  0.25000000  0.0004
    1164  0.05000000  0.40000000  0.25000000  0.0004
    1165  0.10000000  0.40000000  0.25000000  0.0004
    1166  0.15000000  0.40000000  0.25000000  0.0004
    1167  0.20000000  0.40000000  0.25000000  0.0004
    1168  0.25000000  0.40000000  0.25000000  0.0004
    1169  0.30000000  0.40000000  0.25000000  0.0004
    1170  0.35000000  0.40000000  0.25000000  0.0004
    1171  0.40000000  0.40000000  0.25000000  0.0004
    1172  0.45000000  0.40000000  0.25000000  0.0004
    1173  0.50000000  0.40000000  0.25000000  0.0004
    1174 -0.45000000  0.40000000  0.25000000  0.0004
    1175 -0.40000000  0.40000000  0.25000000  0.0004
    1176 -0.35000000  0.40000000  0.25000000  0.0004
    1177 -0.30000000  0.40000000  0.25000000  0.0004
    1178 -0.25000000  0.40000000  0.25000000  0.0004
    1179 -0.20000000  0.40000000  0.25000000  0.0004
    1180 -0.15000000  0.40000000  0.25000000  0.0004
    1181 -0.10000000  0.40000000  0.25000000  0.0004
    1182 -0.05000000  0.40000000  0.25000000  0.0004
    1183  0.00000000  0.45000000  0.25000000  0.0004
    1184  0.05000000  0.45000000  0.25000000  0.0004
    1185  0.10000000  0.45000000  0.25000000  0.0004
    1186  0.15000000  0.45000000  0.25000000  0.0004
    1187  0.20000000  0.45000000  0.25000000  0.0004
    1188  0.25000000  0.45000000  0.25000000  0.0004
    1189  0.30000000  0.45000000  0.25000000  0.0004
    1190  0.35000000  0.45000000  0.25000000  0.0004
    1191  0.40000000  0.45000000  0.25000000  0.0004
    1192  0.45000000  0.45000000  0.25000000  0.0004
    1193  0.50000000  0.45000000  0.25000000  0.0004
    1194 -0.45000000  0.45000000  0.25000000  0.0004
    1195 -0.40000000  0.45000000  0.25000000  0.0004
    1196 -0.35000000  0.45000000  0.25000000  0.0004
    1197 -0.30000000  0.45000000  0.25000000  0.0004
    1198 -0.25000000  0.45000000  0.25000000  0.0004
    1199 -0.20000000  0.45000000  0.25000000  0.0004
    1200 -0.15000000  0.45000000  0.25000000  0.0004
    1201 -0.10000000  0.45000000  0.25000000  0.0004
    1202 -0.05000000  0.45000000  0.25000000  0.0004
    1203  0.00000000  0.50000000  0.25000000  0.0004
    1204  0.05000000  0.50000000  0.25000000  0.0004
    1205  0.10000000  0.50000000  0.25000000  0.0004
    1206  0.15000000  0.50000000  0.25000000  0.0004
    1207  0.20000000  0.50000000  0.25000000  0.0004
    1208  0.25000000  0.50000000  0.25000000  0.0004
    1209  0.30000000  0.50000000  0.25000000  0.0004
    1210  0.35000000  0.50000000  0.25000000  0.0004
    1211  0.40000000  0.50000000  0.25000000  0.0004
    1212  0.45000000  0.50000000  0.25000000  0.0004
    1213  0.50000000  0.50000000  0.25000000  0.0004
    1214  0.45000000  0.50000000 -0.25000000  0.0004
    1215  0.40000000  0.50000000 -0.25000000  0.0004
    1216  0.35000000  0.50000000 -0.25000000  0.0004
    1217  0.30000000  0.50000000 -0.25000000  0.0004
    1218 -0.25000000  0.50000000  0.25000000  0.0004
    1219 -0.20000000  0.50000000  0.25000000  0.0004
    1220 -0.15000000  0.50000000  0.25000000  0.0004
    1221 -0.10000000  0.50000000  0.25000000  0.0004
    1222 -0.05000000  0.50000000  0.25000000  0.0004
    1223  0.00000000  0.45000000 -0.25000000  0.0004
    1224 -0.05000000  0.45000000 -0.25000000  0.0004
    1225 -0.10000000  0.45000000 -0.25000000  0.0004
    1226 -0.15000000  0.45000000 -0.25000000  0.0004
    1227  0.20000000 -0.45000000  0.25000000  0.0004
    1228  0.25000000 -0.45000000  0.25000000  0.0004
    1229  0.30000000 -0.45000000  0.25000000  0.0004
    1230  0.35000000 -0.45000000  0.25000000  0.0004
    1231  0.40000000 -0.45000000  0.25000000  0.0004
    1232  0.45000000 -0.45000000  0.25000000  0.0004
    1233  0.50000000  0.45000000 -0.25000000  0.0004
    1234  0.45000000  0.45000000 -0.25000000  0.0004
    1235  0.40000000  0.45000000 -0.25000000  0.0004
    1236  0.35000000  0.45000000 -0.25000000  0.0004
    1237  0.30000000  0.45000000 -0.25000000  0.0004
    1238  0.25000000  0.45000000 -0.25000000  0.0004
    1239  0.20000000  0.45000000 -0.25000000  0.0004
    1240  0.15000000  0.45000000 -0.25000000  0.0004
    1241  0.10000000  0.45000000 -0.25000000  0.0004
    1242  0.05000000  0.45000000 -0.25000000  0.0004
    1243  0.00000000  0.40000000 -0.25000000  0.0004
    1244 -0.05000000  0.40000000 -0.25000000  0.0004
    1245 -0.10000000  0.40000000 -0.25000000  0.0004
    1246 -0.15000000  0.40000000 -0.25000000  0.0004
    1247  0.20000000 -0.40000000  0.25000000  0.0004
    1248  0.25000000 -0.40000000  0.25000000  0.0004
    1249  0.30000000 -0.40000000  0.25000000  0.0004
    1250  0.35000000 -0.40000000  0.25000000  0.0004
    1251  0.40000000 -0.40000000  0.25000000  0.0004
    1252  0.45000000 -0.40000000  0.25000000  0.0004
    1253  0.50000000  0.40000000 -0.25000000  0.0004
    1254  0.45000000  0.40000000 -0.25000000  0.0004
    1255  0.40000000  0.40000000 -0.25000000  0.0004
    1256  0.35000000  0.40000000 -0.25000000  0.0004
    1257  0.30000000  0.40000000 -0.25000000  0.0004
    1258  0.25000000  0.40000000 -0.25000000  0.0004
    1259  0.20000000  0.40000000 -0.25000000  0.0004
    1260  0.15000000  0.40000000 -0.25000000  0.0004
    1261  0.10000000  0.40000000 -0.25000000  0.0004
    1262  0.05000000  0.40000000 -0.25000000  0.0004
    1263  0.00000000  0.35000000 -0.25000000  0.0004
    1264 -0.05000000  0.35000000 -0.25000000  0.0004
    1265 -0.10000000  0.35000000 -0.25000000  0.0004
    1266  0.15000000 -0.35000000  0.25000000  0.0004
    1267  0.20000000 -0.35000000  0.25000000  0.0004
    1268  0.25000000 -0.35000000  0.25000000  0.0004
    1269  0.30000000 -0.35000000  0.25000000  0.0004
    1270  0.35000000 -0.35000000  0.25000000  0.0004
    1271  0.40000000 -0.35000000  0.25000000  0.0004
    1272  0.45000000 -0.35000000  0.25000000  0.0004
    1273  0.50000000  0.35000000 -0.25000000  0.0004
    1274  0.45000000  0.35000000 -0.25000000  0.0004
    1275  0.40000000  0.35000000 -0.25000000  0.0004
    1276  0.35000000  0.35000000 -0.25000000  0.0004
    1277  0.30000000  0.35000000 -0.25000000  0.0004
    1278  0.25000000  0.35000000 -0.25000000  0.0004
    1279  0.20000000  0.35000000 -0.25000000  0.0004
    1280  0.15000000  0.35000000 -0.25000000  0.0004
    1281  0.10000000  0.35000000 -0.25000000  0.0004
    1282  0.05000000  0.35000000 -0.25000000  0.0004
    1283  0.00000000  0.30000000 -0.25000000  0.0004
    1284 -0.05000000  0.30000000 -0.25000000  0.0004
    1285  0.10000000 -0.30000000  0.25000000  0.0004
    1286  0.15000000 -0.30000000  0.25000000  0.0004
    1287  0.20000000 -0.30000000  0.25000000  0.0004
    1288  0.25000000 -0.30000000  0.25000000  0.0004
    1289  0.30000000 -0.30000000  0.25000000  0.0004
    1290  0.35000000 -0.30000000  0.25000000  0.0004
    1291  0.40000000 -0.30000000  0.25000000  0.0004
    1292  0.45000000 -0.30000000  0.25000000  0.0004
    1293  0.50000000  0.30000000 -0.25000000  0.0004
    1294  0.45000000  0.30000000 -0.25000000  0.0004
    1295  0.40000000  0.30000000 -0.25000000  0.0004
    1296  0.35000000  0.30000000 -0.25000000  0.0004
    1297  0.30000000  0.30000000 -0.25000000  0.0004
    1298  0.25000000  0.30000000 -0.25000000  0.0004
    1299  0.20000000  0.30000000 -0.25000000  0.0004
    1300  0.15000000  0.30000000 -0.25000000  0.0004
    1301  0.10000000  0.30000000 -0.25000000  0.0004
    1302  0.05000000  0.30000000 -0.25000000  0.0004
    1303  0.00000000 -0.25000000  0.25000000  0.0004
    1304  0.05000000 -0.25000000  0.25000000  0.0004
    1305  0.10000000 -0.25000000  0.25000000  0.0004
    1306  0.15000000 -0.25000000  0.25000000  0.0004
    1307  0.20000000 -0.25000000  0.25000000  0.0004
    1308  0.25000000 -0.25000000  0.25000000  0.0004
    1309  0.30000000 -0.25000000  0.25000000  0.0004
    1310  0.35000000 -0.25000000  0.25000000  0.0004
    1311  0.40000000 -0.25000000  0.25000000  0.0004
    1312  0.45000000 -0.25000000  0.25000000  0.0004
    1313  0.50000000 -0.25000000  0.25000000  0.0004
    1314  0.45000000  0.25000000 -0.25000000  0.0004
    1315  0.40000000  0.25000000 -0.25000000  0.0004
    1316  0.35000000  0.25000000 -0.25000000  0.0004
    1317  0.30000000  0.25000000 -0.25000000  0.0004
    1318  0.25000000  0.25000000 -0.25000000  0.0004
    1319  0.20000000  0.25000000 -0.25000000  0.0004
    1320  0.15000000  0.25000000 -0.25000000  0.0004
    1321  0.10000000  0.25000000 -0.25000000  0.0004
    1322  0.05000000  0.25000000 -0.25000000  0.0004
    1323  0.00000000 -0.20000000  0.25000000  0.0004
    1324  0.05000000 -0.20000000  0.25000000  0.0004
    1325  0.10000000 -0.20000000  0.25000000  0.0004
    1326  0.15000000 -0.20000000  0.25000000  0.0004
    1327  0.20000000 -0.20000000  0.25000000  0.0004
    1328  0.25000000 -0.20000000  0.25000000  0.0004
    1329  0.30000000 -0.20000000  0.25000000  0.0004
    1330  0.35000000 -0.20000000  0.25000000  0.0004
    1331  0.40000000 -0.20000000  0.25000000  0.0004
    1332  0.45000000 -0.20000000  0.25000000  0.0004
    1333  0.50000000 -0.20000000  0.25000000  0.0004
    1334  0.45000000  0.20000000 -0.25000000  0.0004
    1335  0.40000000  0.20000000 -0.25000000  0.0004
    1336  0.35000000  0.20000000 -0.25000000  0.0004
    1337  0.30000000  0.20000000 -0.25000000  0.0004
    1338  0.25000000  0.20000000 -0.25000000  0.0004
    1339  0.20000000  0.20000000 -0.25000000  0.0004
    1340  0.15000000  0.20000000 -0.25000000  0.0004
    1341  0.10000000  0.20000000 -0.25000000  0.0004
    1342 -0.05000000 -0.20000000  0.25000000  0.0004
    1343  0.00000000 -0.15000000  0.25000000  0.0004
    1344  0.05000000 -0.15000000  0.25000000  0.0004
    1345  0.10000000 -0.15000000  0.25000000  0.0004
    1346  0.15000000 -0.15000000  0.25000000  0.0004
    1347  0.20000000 -0.15000000  0.25000000  0.0004
    1348  0.25000000 -0.15000000  0.25000000  0.0004
    1349  0.30000000 -0.15000000  0.25000000  0.0004
    1350  0.35000000 -0.15000000  0.25000000  0.0004
    1351  0.40000000 -0.15000000  0.25000000  0.0004
    1352  0.45000000 -0.15000000  0.25000000  0.0004
    1353  0.50000000 -0.15000000  0.25000000  0.0004
    1354  0.45000000  0.15000000 -0.25000000  0.0004
    1355  0.40000000  0.15000000 -0.25000000  0.0004
    1356  0.35000000  0.15000000 -0.25000000  0.0004
    1357  0.30000000  0.15000000 -0.25000000  0.0004
    1358  0.25000000  0.15000000 -0.25000000  0.0004
    1359  0.20000000  0.15000000 -0.25000000  0.0004
    1360  0.15000000  0.15000000 -0.25000000  0.0004
    1361 -0.10000000 -0.15000000  0.25000000  0.0004
    1362 -0.05000000 -0.15000000  0.25000000  0.0004
    1363  0.00000000 -0.10000000  0.25000000  0.0004
    1364  0.05000000 -0.10000000  0.25000000  0.0004
    1365  0.10000000 -0.10000000  0.25000000  0.0004
    1366  0.15000000 -0.10000000  0.25000000  0.0004
    1367  0.20000000 -0.10000000  0.25000000  0.0004
    1368  0.25000000 -0.10000000  0.25000000  0.0004
    1369  0.30000000 -0.10000000  0.25000000  0.0004
    1370  0.35000000 -0.10000000  0.25000000  0.0004
    1371  0.40000000 -0.10000000  0.25000000  0.0004
    1372  0.45000000 -0.10000000  0.25000000  0.0004
    1373  0.50000000 -0.10000000  0.25000000  0.0004
    1374  0.45000000  0.10000000 -0.25000000  0.0004
    1375  0.40000000  0.10000000 -0.25000000  0.0004
    1376  0.35000000  0.10000000 -0.25000000  0.0004
    1377  0.30000000  0.10000000 -0.25000000  0.0004
    1378  0.25000000  0.10000000 -0.25000000  0.0004
    1379  0.20000000  0.10000000 -0.25000000  0.0004
    1380 -0.15000000 -0.10000000  0.25000000  0.0004
    1381 -0.10000000 -0.10000000  0.25000000  0.0004
    1382 -0.05000000 -0.10000000  0.25000000  0.0004
    1383  0.00000000 -0.05000000  0.25000000  0.0004
    1384  0.05000000 -0.05000000  0.25000000  0.0004
    1385  0.10000000 -0.05000000  0.25000000  0.0004
    1386  0.15000000 -0.05000000  0.25000000  0.0004
    1387  0.20000000 -0.05000000  0.25000000  0.0004
    1388  0.25000000 -0.05000000  0.25000000  0.0004
    1389  0.30000000 -0.05000000  0.25000000  0.0004
    1390  0.35000000 -0.05000000  0.25000000  0.0004
    1391  0.40000000 -0.05000000  0.25000000  0.0004
    1392  0.45000000 -0.05000000  0.25000000  0.0004
    1393  0.50000000 -0.05000000  0.25000000  0.0004
    1394  0.45000000  0.05000000 -0.25000000  0.0004
    1395  0.40000000  0.05000000 -0.25000000  0.0004
    1396  0.35000000  0.05000000 -0.25000000  0.0004
    1397  0.30000000  0.05000000 -0.25000000  0.0004
    1398  0.25000000  0.05000000 -0.25000000  0.0004
    1399 -0.20000000 -0.05000000  0.25000000  0.0004
    1400 -0.15000000 -0.05000000  0.25000000  0.0004
    1401 -0.10000000 -0.05000000  0.25000000  0.0004
    1402 -0.05000000 -0.05000000  0.25000000  0.0004
    1403  0.00000000  0.00000000  0.33333333  0.0004
    1404  0.05000000  0.00000000  0.33333333  0.0004
    1405  0.10000000  0.00000000  0.33333333  0.0004
    1406  0.15000000  0.00000000  0.33333333  0.0004
    1407  0.20000000  0.00000000  0.33333333  0.0004
    1408  0.25000000  0.00000000  0.33333333  0.0004
    1409  0.30000000  0.00000000  0.33333333  0.0004
    1410  0.35000000  0.00000000  0.33333333  0.0004
    1411  0.40000000  0.00000000  0.33333333  0.0004
    1412  0.45000000  0.00000000  0.33333333  0.0004
    1413  0.50000000  0.00000000  0.33333333  0.0004
    1414  0.45000000  0.00000000 -0.33333333  0.0004
    1415  0.40000000  0.00000000 -0.33333333  0.0004
    1416  0.35000000  0.00000000 -0.33333333  0.0004
    1417 -0.30000000  0.00000000  0.33333333  0.0004
    1418 -0.25000000  0.00000000  0.33333333  0.0004
    1419 -0.20000000  0.00000000  0.33333333  0.0004
    1420 -0.15000000  0.00000000  0.33333333  0.0004
    1421 -0.10000000  0.00000000  0.33333333  0.0004
    1422 -0.05000000  0.00000000  0.33333333  0.0004
    1423  0.00000000  0.05000000  0.33333333  0.0004
    1424  0.05000000  0.05000000  0.33333333  0.0004
    1425  0.10000000  0.05000000  0.33333333  0.0004
    1426  0.15000000  0.05000000  0.33333333  0.0004
    1427  0.20000000  0.05000000  0.33333333  0.0004
    1428  0.25000000  0.05000000  0.33333333  0.0004
    1429  0.30000000  0.05000000  0.33333333  0.0004
    1430  0.35000000  0.05000000  0.33333333  0.0004
    1431  0.40000000  0.05000000  0.33333333  0.0004
    1432  0.45000000  0.05000000  0.33333333  0.0004
    1433  0.50000000  0.05000000  0.33333333  0.0004
    1434  0.45000000 -0.05000000 -0.33333333  0.0004
    1435  0.40000000 -0.05000000 -0.33333333  0.0004
    1436 -0.35000000  0.05000000  0.33333333  0.0004
    1437 -0.30000000  0.05000000  0.33333333  0.0004
    1438 -0.25000000  0.05000000  0.33333333  0.0004
    1439 -0.20000000  0.05000000  0.33333333  0.0004
    1440 -0.15000000  0.05000000  0.33333333  0.0004
    1441 -0.10000000  0.05000000  0.33333333  0.0004
    1442 -0.05000000  0.05000000  0.33333333  0.0004
    1443  0.00000000  0.10000000  0.33333333  0.0004
    1444  0.05000000  0.10000000  0.33333333  0.0004
    1445  0.10000000  0.10000000  0.33333333  0.0004
    1446  0.15000000  0.10000000  0.33333333  0.0004
    1447  0.20000000  0.10000000  0.33333333  0.0004
    1448  0.25000000  0.10000000  0.33333333  0.0004
    1449  0.30000000  0.10000000  0.33333333  0.0004
    1450  0.35000000  0.10000000  0.33333333  0.0004
    1451  0.40000000  0.10000000  0.33333333  0.0004
    1452  0.45000000  0.10000000  0.33333333  0.0004
    1453  0.50000000  0.10000000  0.33333333  0.0004
    1454  0.45000000 -0.10000000 -0.33333333  0.0004
    1455 -0.40000000  0.10000000  0.33333333  0.0004
    1456 -0.35000000  0.10000000  0.33333333  0.0004
    1457 -0.30000000  0.10000000  0.33333333  0.0004
    1458 -0.25000000  0.10000000  0.33333333  0.0004
    1459 -0.20000000  0.10000000  0.33333333  0.0004
    1460 -0.15000000  0.10000000  0.33333333  0.0004
    1461 -0.10000000  0.10000000  0.33333333  0.0004
    1462 -0.05000000  0.10000000  0.33333333  0.0004
    1463  0.00000000  0.15000000  0.33333333  0.0004
    1464  0.05000000  0.15000000  0.33333333  0.0004
    1465  0.10000000  0.15000000  0.33333333  0.0004
    1466  0.15000000  0.15000000  0.33333333  0.0004
    1467  0.20000000  0.15000000  0.33333333  0.0004
    1468  0.25000000  0.15000000  0.33333333  0.0004
    1469  0.30000000  0.15000000  0.33333333  0.0004
    1470  0.35000000  0.15000000  0.33333333  0.0004
    1471  0.40000000  0.15000000  0.33333333  0.0004
    1472  0.45000000  0.15000000  0.33333333  0.0004
    1473  0.50000000  0.15000000  0.33333333  0.0004
    1474 -0.45000000  0.15000000  0.33333333  0.0004
    1475 -0.40000000  0.15000000  0.33333333  0.0004
    1476 -0.35000000  0.15000000  0.33333333  0.0004
    1477 -0.30000000  0.15000000  0.33333333  0.0004
    1478 -0.25000000  0.15000000  0.33333333  0.0004
    1479 -0.20000000  0.15000000  0.33333333  0.0004
    1480 -0.15000000  0.15000000  0.33333333  0.0004
    1481 -0.10000000  0.15000000  0.33333333  0.0004
    1482 -0.05000000  0.15000000  0.33333333  0.0004
    1483  0.00000000  0.20000000  0.33333333  0.0004
    1484  0.05000000  0.20000000  0.33333333  0.0004
    1485  0.10000000  0.20000000  0.33333333  0.0004
    1486  0.15000000  0.20000000  0.33333333  0.0004
    1487  0.20000000  0.20000000  0.33333333  0.0004
    1488  0.25000000  0.20000000  0.33333333  0.0004
    1489  0.30000000  0.20000000  0.33333333  0.0004
    1490  0.35000000  0.20000000  0.33333333  0.0004
    1491  0.40000000  0.20000000  0.33333333  0.0004
    1492  0.45000000  0.20000000  0.33333333  0.0004
    1493  0.50000000  0.20000000  0.33333333  0.0004
    1494 -0.45000000  0.20000000  0.33333333  0.0004
    1495 -0.40000000  0.20000000  0.33333333  0.0004
    1496 -0.35000000  0.20000000  0.33333333  0.0004
    1497 -0.30000000  0.20000000  0.33333333  0.0004
    1498 -0.25000000  0.20000000  0.33333333  0.0004
    1499 -0.20000000  0.20000000  0.33333333  0.0004
    1500 -0.15000000  0.20000000  0.33333333  0.0004
    1501 -0.10000000  0.20000000  0.33333333  0.0004
    1502 -0.05000000  0.20000000  0.33333333  0.0004
    1503  0.00000000  0.25000000  0.33333333  0.0004
    1504  0.05000000  0.25000000  0.33333333  0.0004
    1505  0.10000000  0.25000000  0.33333333  0.0004
    1506  0.15000000  0.25000000  0.33333333  0.0004
    1507  0.20000000  0.25000000  0.33333333  0.0004
    1508  0.25000000  0.25000000  0.33333333  0.0004
    1509  0.30000000  0.25000000  0.33333333  0.0004
    1510  0.35000000  0.25000000  0.33333333  0.0004
    1511  0.40000000  0.25000000  0.33333333  0.0004
    1512  0.45000000  0.25000000  0.33333333  0.0004
    1513  0.50000000  0.25000000  0.33333333  0.0004
    1514 -0.45000000  0.25000000  0.33333333  0.0004
    1515 -0.40000000  0.25000000  0.33333333  0.0004
    1516 -0.35000000  0.25000000  0.33333333  0.0004
    1517 -0.30000000  0.25000000  0.33333333  0.0004
    1518 -0.25000000  0.25000000  0.33333333  0.0004
    1519 -0.20000000  0.25000000  0.33333333  0.0004
    1520 -0.15000000  0.25000000  0.33333333  0.0004
    1521 -0.10000000  0.25000000  0.33333333  0.0004
    1522 -0.05000000  0.25000000  0.33333333  0.0004
    1523  0.00000000  0.30000000  0.33333333  0.0004
    1524  0.05000000  0.30000000  0.33333333  0.0004
    1525  0.10000000  0.30000000  0.33333333  0.0004
    1526  0.15000000  0.30000000  0.33333333  0.0004
    1527  0.20000000  0.30000000  0.33333333  0.0004
    1528  0.25000000  0.30000000  0.33333333  0.0004
    1529  0.30000000  0.30000000  0.33333333  0.0004
    1530  0.35000000  0.30000000  0.33333333  0.0004
    1531  0.40000000  0.30000000  0.33333333  0.0004
    1532  0.45000000  0.30000000  0.33333333  0.0004
    1533  0.50000000  0.30000000  0.33333333  0.0004
    1534 -0.45000000  0.30000000  0.33333333  0.0004
    1535 -0.40000000  0.30000000  0.33333333  0.0004
    1536 -0.35000000  0.30000000  0.33333333  0.0004
    1537 -0.30000000  0.30000000  0.33333333  0.0004
    1538 -0.25000000  0.30000000  0.33333333  0.0004
    1539 -0.20000000  0.30000000  0.33333333  0.0004
    1540 -0.15000000  0.30000000  0.33333333  0.0004
    1541 -0.10000000  0.30000000  0.33333333  0.0004
    1542 -0.05000000  0.30000000  0.33333333  0.0004
    1543  0.00000000  0.35000000  0.33333333  0.0004
    1544  0.05000000  0.35000000  0.33333333  0.0004
    1545  0.10000000  0.35000000  0.33333333  0.0004
    1546  0.15000000  0.35000000  0.33333333  0.0004
    1547  0.20000000  0.35000000  0.33333333  0.0004
    1548  0.25000000  0.35000000  0.33333333  0.0004
    1549  0.30000000  0.35000000  0.33333333  0.0004
    1550  0.35000000  0.35000000  0.33333333  0.0004
    1551  0.40000000  0.35000000  0.33333333  0.0004
    1552  0.45000000  0.35000000  0.33333333  0.0004
    1553  0.50000000  0.35000000  0.33333333  0.0004
    1554 -0.45000000  0.35000000  0.33333333  0.0004
    1555 -0.40000000  0.35000000  0.33333333  0.0004
    1556 -0.35000000  0.35000000  0.33333333  0.0004
    1557 -0.30000000  0.35000000  0.33333333  0.0004
    1558 -0.25000000  0.35000000  0.33333333  0.0004
    1559 -0.20000000  0.35000000  0.33333333  0.0004
    1560 -0.15000000  0.35000000  0.33333333  0.0004
    1561 -0.10000000  0.35000000  0.33333333  0.0004
    1562 -0.05000000  0.35000000  0.33333333  0.0004
    1563  0.00000000  0.40000000  0.33333333  0.0004
    1564  0.05000000  0.40000000  0.33333333  0.0004
    1565  0.10000000  0.40000000  0.33333333  0.0004
    1566  0.15000000  0.40000000  0.33333333  0.0004
    1567  0.20000000  0.40000000  0.33333333  0.0004
    1568  0.25000000  0.40000000  0.33333333  0.0004
    1569  0.30000000  0.40000000  0.33333333  0.0004
    1570  0.35000000  0.40000000  0.33333333  0.0004
    1571  0.40000000  0.40000000  0.33333333  0.0004
    1572  0.45000000  0.40000000  0.33333333  0.0004
    1573  0.50000000  0.40000000  0.33333333  0.0004
    1574 -0.45000000  0.40000000  0.33333333  0.0004
    1575 -0.40000000  0.40000000  0.33333333  0.0004
    1576 -0.35000000  0.40000000  0.33333333  0.0004
    1577 -0.30000000  0.40000000  0.33333333  0.0004
    1578 -0.25000000  0.40000000  0.33333333  0.0004
    1579 -0.20000000  0.40000000  0.33333333  0.0004
    1580 -0.15000000  0.40000000  0.33333333  0.0004
    1581 -0.10000000  0.40000000  0.33333333  0.0004
    1582 -0.05000000  0.40000000  0.33333333  0.0004
    1583  0.00000000  0.45000000  0.33333333  0.0004
    1584  0.05000000  0.45000000  0.33333333  0.0004
    1585  0.10000000  0.45000000  0.33333333  0.0004
    1586  0.15000000  0.45000000  0.33333333  0.0004
    1587  0.20000000  0.45000000  0.33333333  0.0004
    1588  0.25000000  0.45000000  0.33333333  0.0004
    1589  0.30000000  0.45000000  0.33333333  0.0004
    1590  0.35000000  0.45000000  0.33333333  0.0004
    1591  0.40000000  0.45000000  0.33333333  0.0004
    1592  0.45000000  0.45000000  0.33333333  0.0004
    1593  0.50000000  0.45000000  0.33333333  0.0004
    1594 -0.45000000  0.45000000  0.33333333  0.0004
    1595 -0.40000000  0.45000000  0.33333333  0.0004
    1596 -0.35000000  0.45000000  0.33333333  0.0004
    1597 -0.30000000  0.45000000  0.33333333  0.0004
    1598 -0.25000000  0.45000000  0.33333333  0.0004
    1599 -0.20000000  0.45000000  0.33333333  0.0004
    1600 -0.15000000  0.45000000  0.33333333  0.0004
    1601 -0.10000000  0.45000000  0.33333333  0.0004
    1602 -0.05000000  0.45000000  0.33333333  0.0004
    1603  0.00000000  0.50000000  0.33333333  0.0004
    1604  0.05000000  0.50000000  0.33333333  0.0004
    1605  0.10000000  0.50000000  0.33333333  0.0004
    1606  0.15000000  0.50000000  0.33333333  0.0004
    1607  0.20000000  0.50000000  0.33333333  0.0004
    1608  0.25000000  0.50000000  0.33333333  0.0004
    1609  0.30000000  0.50000000  0.33333333  0.0004
    1610  0.35000000  0.50000000  0.33333333  0.0004
    1611  0.40000000  0.50000000  0.33333333  0.0004
    1612  0.45000000  0.50000000  0.33333333  0.0004
    1613  0.50000000  0.50000000  0.33333333  0.0004
    1614  0.45000000  0.50000000 -0.33333333  0.0004
    1615  0.40000000  0.50000000 -0.33333333  0.0004
    1616  0.35000000  0.50000000 -0.33333333  0.0004
    1617 -0.30000000  0.50000000  0.33333333  0.0004
    1618 -0.25000000  0.50000000  0.33333333  0.0004
    1619 -0.20000000  0.50000000  0.33333333  0.0004
    1620 -0.15000000  0.50000000  0.33333333  0.0004
    1621 -0.10000000  0.50000000  0.33333333  0.0004
    1622 -0.05000000  0.50000000  0.33333333  0.0004
    1623  0.00000000  0.45000000 -0.33333333  0.0004
    1624 -0.05000000  0.45000000 -0.33333333  0.0004
    1625 -0.10000000  0.45000000 -0.33333333  0.0004
    1626  0.15000000 -0.45000000  0.33333333  0.0004
    1627  0.20000000 -0.45000000  0.33333333  0.0004
    1628  0.25000000 -0.45000000  0.33333333  0.0004
    1629  0.30000000 -0.45000000  0.33333333  0.0004
    1630  0.35000000 -0.45000000  0.33333333  0.0004
    1631  0.40000000 -0.45000000  0.33333333  0.0004
    1632  0.45000000 -0.45000000  0.33333333  0.0004
    1633  0.50000000  0.45000000 -0.33333333  0.0004
    1634  0.45000000  0.45000000 -0.33333333  0.0004
    1635  0.40000000  0.45000000 -0.33333333  0.0004
    1636  0.35000000  0.45000000 -0.33333333  0.0004
    1637  0.30000000  0.45000000 -0.33333333  0.0004
    1638  0.25000000  0.45000000 -0.33333333  0.0004
    1639  0.20000000  0.45000000 -0.33333333  0.0004
    1640  0.15000000  0.45000000 -0.33333333  0.0004
    1641  0.10000000  0.45000000 -0.33333333  0.0004
    1642  0.05000000  0.45000000 -0.33333333  0.0004
    1643  0.00000000  0.40000000 -0.33333333  0.0004
    1644 -0.05000000  0.40000000 -0.33333333  0.0004
    1645  0.10000000 -0.40000000  0.33333333  0.0004
    1646  0.15000000 -0.40000000  0.33333333  0.0004
    1647  0.20000000 -0.40000000  0.33333333  0.0004
    1648  0.25000000 -0.40000000  0.33333333  0.0004
    1649  0.30000000 -0.40000000  0.33333333  0.0004
    1650  0.35000000 -0.40000000  0.33333333  0.0004
    1651  0.40000000 -0.40000000  0.33333333  0.0004
    1652  0.45000000 -0.40000000  0.33333333  0.0004
    1653  0.50000000  0.40000000 -0.33333333  0.0004
    1654  0.45000000  0.40000000 -0.33333333  0.0004
    1655  0.40000000  0.40000000 -0.33333333  0.0004
    1656  0.35000000  0.40000000 -0.33333333  0.0004
    1657  0.30000000  0.40000000 -0.33333333  0.0004
    1658  0.25000000  0.40000000 -0.33333333  0.0004
    1659  0.20000000  0.40000000 -0.33333333  0.0004
    1660  0.15000000  0.40000000 -0.33333333  0.0004
    1661  0.10000000  0.40000000 -0.33333333  0.0004
    1662  0.05000000  0.40000000 -0.33333333  0.0004
    1663  0.00000000  0.35000000 -0.33333333  0.0004
    1664  0.05000000 -0.35000000  0.33333333  0.0004
    1665  0.10000000 -0.35000000  0.33333333  0.0004
    1666  0.15000000 -0.35000000  0.33333333  0.0004
    1667  0.20000000 -0.35000000  0.33333333  0.0004
    1668  0.25000000 -0.35000000  0.33333333  0.0004
    1669  0.30000000 -0.35000000  0.33333333  0.0004
    1670  0.35000000 -0.35000000  0.33333333  0.0004
    1671  0.40000000 -0.35000000  0.33333333  0.0004
    1672  0.45000000 -0.35000000  0.33333333  0.0004
    1673  0.50000000  0.35000000 -0.33333333  0.0004
    1674  0.45000000  0.35000000 -0.33333333  0.0004
    1675  0.40000000  0.35000000 -0.33333333  0.0004
    1676  0.35000000  0.35000000 -0.33333333  0.0004
    1677  0.30000000  0.35000000 -0.33333333  0.0004
    1678  0.25000000  0.35000000 -0.33333333  0.0004
    1679  0.20000000  0.35000000 -0.33333333  0.0004
    1680  0.15000000  0.35000000 -0.33333333  0.0004
    1681  0.10000000  0.35000000 -0.33333333  0.0004
    1682  0.05000000  0.35000000 -0.33333333  0.0004
    1683  0.00000000 -0.30000000  0.33333333  0.0004
    1684  0.05000000 -0.30000000  0.33333333  0.0004
    1685  0.10000000 -0.30000000  0.33333333  0.0004
    1686  0.15000000 -0.30000000  0.33333333  0.0004
    1687  0.20000000 -0.30000000  0.33333333  0.0004
    1688  0.25000000 -0.30000000  0.33333333  0.0004
    1689  0.30000000 -0.30000000  0.33333333  0.0004
    1690  0.35000000 -0.30000000  0.33333333  0.0004
    1691  0.40000000 -0.30000000  0.33333333  0.0004
    1692  0.45000000 -0.30000000  0.33333333  0.0004
    1693  0.50000000 -0.30000000  0.33333333  0.0004
    1694  0.45000000  0.30000000 -0.33333333  0.0004
    1695  0.40000000  0.30000000 -0.33333333  0.0004
    1696  0.35000000  0.30000000 -0.33333333  0.0004
    1697  0.30000000  0.30000000 -0.33333333  0.0004
    1698  0.25000000  0.30000000 -0.33333333  0.0004
    1699  0.20000000  0.30000000 -0.33333333  0.0004
    1700  0.15000000  0.30000000 -0.33333333  0.0004
    1701  0.10000000  0.30000000 -0.33333333  0.0004
    1702  0.05000000  0.30000000 -0.33333333  0.0004
    1703  0.00000000 -0.25000000  0.33333333  0.0004
    1704  0.05000000 -0.25000000  0.33333333  0.0004
    1705  0.10000000 -0.25000000  0.33333333  0.0004
    1706  0.15000000 -0.25000000  0.33333333  0.0004
    1707  0.20000000 -0.25000000  0.33333333  0.0004
    1708  0.25000000 -0.25000000  0.33333333  0.0004
    1709  0.30000000 -0.25000000  0.33333333  0.0004
    1710  0.35000000 -0.25000000  0.33333333  0.0004
    1711  0.40000000 -0.25000000  0.33333333  0.0004
    1712  0.45000000 -0.25000000  0.33333333  0.0004
    1713  0.50000000 -0.25000000  0.33333333  0.0004
    1714  0.45000000  0.25000000 -0.33333333  0.0004
    1715  0.40000000  0.25000000 -0.33333333  0.0004
    1716  0.35000000  0.25000000 -0.33333333  0.0004
    1717  0.30000000  0.25000000 -0.33333333  0.0004
    1718  0.25000000  0.25000000 -0.33333333  0.0004
    1719  0.20000000  0.25000000 -0.33333333  0.0004
    1720  0.15000000  0.25000000 -0.33333333  0.0004
    1721  0.10000000  0.25000000 -0.33333333  0.0004
    1722 -0.05000000 -0.25000000  0.33333333  0.0004
    1723  0.00000000 -0.20000000  0.33333333  0.0004
    1724  0.05000000 -0.20000000  0.33333333  0.0004
    1725  0.10000000 -0.20000000  0.33333333  0.0004
    1726  0.15000000 -0.20000000  0.33333333  0.0004
    1727  0.20000000 -0.20000000  0.33333333  0.0004
    1728  0.25000000 -0.20000000  0.33333333  0.0004
    1729  0.30000000 -0.20000000  0.33333333  0.0004
    1730  0.35000000 -0.20000000  0.33333333  0.0004
    1731  0.40000000 -0.20000000  0.33333333  0.0004
    1732  0.45000000 -0.20000000  0.33333333  0.0004
    1733  0.50000000 -0.20000000  0.33333333  0.0004
    1734  0.45000000  0.20000000 -0.33333333  0.0004
    1735  0.40000000  0.20000000 -0.33333333  0.0004
    1736  0.35000000  0.20000000 -0.33333333  0.0004
    1737  0.30000000  0.20000000 -0.33333333  0.0004
    1738  0.25000000  0.20000000 -0.33333333  0.0004
    1739  0.20000000  0.20000000 -0.33333333  0.0004
    1740  0.15000000  0.20000000 -0.33333333  0.0004
    1741 -0.10000000 -0.20000000  0.33333333  0.0004
    1742 -0.05000000 -0.20000000  0.33333333  0.0004
    1743  0.00000000 -0.15000000  0.33333333  0.0004
    1744  0.05000000 -0.15000000  0.33333333  0.0004
    1745  0.10000000 -0.15000000  0.33333333  0.0004
    1746  0.15000000 -0.15000000  0.33333333  0.0004
    1747  0.20000000 -0.15000000  0.33333333  0.0004
    1748  0.25000000 -0.15000000  0.33333333  0.0004
    1749  0.30000000 -0.15000000  0.33333333  0.0004
    1750  0.35000000 -0.15000000  0.33333333  0.0004
    1751  0.40000000 -0.15000000  0.33333333  0.0004
    1752  0.45000000 -0.15000000  0.33333333  0.0004
    1753  0.50000000 -0.15000000  0.33333333  0.0004
    1754  0.45000000  0.15000000 -0.33333333  0.0004
    1755  0.40000000  0.15000000 -0.33333333  0.0004
    1756  0.35000000  0.15000000 -0.33333333  0.0004
    1757  0.30000000  0.15000000 -0.33333333  0.0004
    1758  0.25000000  0.15000000 -0.33333333  0.0004
    1759  0.20000000  0.15000000 -0.33333333  0.0004
    1760 -0.15000000 -0.15000000  0.33333333  0.0004
    1761 -0.10000000 -0.15000000  0.33333333  0.0004
    1762 -0.05000000 -0.15000000  0.33333333  0.0004
    1763  0.00000000 -0.10000000  0.33333333  0.0004
    1764  0.05000000 -0.10000000  0.33333333  0.0004
    1765  0.10000000 -0.10000000  0.33333333  0.0004
    1766  0.15000000 -0.10000000  0.33333333  0.0004
    1767  0.20000000 -0.10000000  0.33333333  0.0004
    1768  0.25000000 -0.10000000  0.33333333  0.0004
    1769  0.30000000 -0.10000000  0.33333333  0.0004
    1770  0.35000000 -0.10000000  0.33333333  0.0004
    1771  0.40000000 -0.10000000  0.33333333  0.0004
    1772  0.45000000 -0.10000000  0.33333333  0.0004
    1773  0.50000000 -0.10000000  0.33333333  0.0004
    1774  0.45000000  0.10000000 -0.33333333  0.0004
    1775  0.40000000  0.10000000 -0.33333333  0.0004
    1776  0.35000000  0.10000000 -0.33333333  0.0004
    1777  0.30000000  0.10000000 -0.33333333  0.0004
    1778  0.25000000  0.10000000 -0.33333333  0.0004
    1779 -0.20000000 -0.10000000  0.33333333  0.0004
    1780 -0.15000000 -0.10000000  0.33333333  0.0004
    1781 -0.10000000 -0.10000000  0.33333333  0.0004
    1782 -0.05000000 -0.10000000  0.33333333  0.0004
    1783  0.00000000 -0.05000000  0.33333333  0.0004
    1784  0.05000000 -0.05000000  0.33333333  0.0004
    1785  0.10000000 -0.05000000  0.33333333  0.0004
    1786  0.15000000 -0.05000000  0.33333333  0.0004
    1787  0.20000000 -0.05000000  0.33333333  0.0004
    1788  0.25000000 -0.05000000  0.33333333  0.0004
    1789  0.30000000 -0.05000000  0.33333333  0.0004
    1790  0.35000000 -0.05000000  0.33333333  0.0004
    1791  0.40000000 -0.05000000  0.33333333  0.0004
    1792  0.45000000 -0.05000000  0.33333333  0.0004
    1793  0.50000000 -0.05000000  0.33333333  0.0004
    1794  0.45000000  0.05000000 -0.33333333  0.0004
    1795  0.40000000  0.05000000 -0.33333333  0.0004
    1796  0.35000000  0.05000000 -0.33333333  0.0004
    1797  0.30000000  0.05000000 -0.33333333  0.0004
    1798 -0.25000000 -0.05000000  0.33333333  0.0004
    1799 -0.20000000 -0.05000000  0.33333333  0.0004
    1800 -0.15000000 -0.05000000  0.33333333  0.0004
    1801 -0.10000000 -0.05000000  0.33333333  0.0004
    1802 -0.05000000 -0.05000000  0.33333333  0.0004
    1803  0.00000000  0.00000000  0.41666667  0.0004
    1804  0.05000000  0.00000000  0.41666667  0.0004
    1805  0.10000000  0.00000000  0.41666667  0.0004
    1806  0.15000000  0.00000000  0.41666667  0.0004
    1807  0.20000000  0.00000000  0.41666667  0.0004
    1808  0.25000000  0.00000000  0.41666667  0.0004
    1809  0.30000000  0.00000000  0.41666667  0.0004
    1810  0.35000000  0.00000000  0.41666667  0.0004
    1811  0.40000000  0.00000000  0.41666667  0.0004
    1812  0.45000000  0.00000000  0.41666667  0.0004
    1813  0.50000000  0.00000000  0.41666667  0.0004
    1814  0.45000000  0.00000000 -0.41666667  0.0004
    1815 -0.40000000  0.00000000  0.41666667  0.0004
    1816 -0.35000000  0.00000000  0.41666667  0.0004
    1817 -0.30000000  0.00000000  0.41666667  0.0004
    1818 -0.25000000  0.00000000  0.41666667  0.0004
    1819 -0.20000000  0.00000000  0.41666667  0.0004
    1820 -0.15000000  0.00000000  0.41666667  0.0004
    1821 -0.10000000  0.00000000  0.41666667  0.0004
    1822 -0.05000000  0.00000000  0.41666667  0.0004
    1823  0.00000000  0.05000000  0.41666667  0.0004
    1824  0.05000000  0.05000000  0.41666667  0.0004
    1825  0.10000000  0.05000000  0.41666667  0.0004
    1826  0.15000000  0.05000000  0.41666667  0.0004
    1827  0.20000000  0.05000000  0.41666667  0.0004
    1828  0.25000000  0.05000000  0.41666667  0.0004
    1829  0.30000000  0.05000000  0.41666667  0.0004
    1830  0.35000000  0.05000000  0.41666667  0.0004
    1831  0.40000000  0.05000000  0.41666667  0.0004
    1832  0.45000000  0.05000000  0.41666667  0.0004
    1833  0.50000000  0.05000000  0.41666667  0.0004
    1834 -0.45000000  0.05000000  0.41666667  0.0004
    1835 -0.40000000  0.05000000  0.41666667  0.0004
    1836 -0.35000000  0.05000000  0.41666667  0.0004
    1837 -0.30000000  0.05000000  0.41666667  0.0004
    1838 -0.25000000  0.05000000  0.41666667  0.0004
    1839 -0.20000000  0.05000000  0.41666667  0.0004
    1840 -0.15000000  0.05000000  0.41666667  0.0004
    1841 -0.10000000  0.05000000  0.41666667  0.0004
    1842 -0.05000000  0.05000000  0.41666667  0.0004
    1843  0.00000000  0.10000000  0.41666667  0.0004
    1844  0.05000000  0.10000000  0.41666667  0.0004
    1845  0.10000000  0.10000000  0.41666667  0.0004
    1846  0.15000000  0.10000000  0.41666667  0.0004
    1847  0.20000000  0.10000000  0.41666667  0.0004
    1848  0.25000000  0.10000000  0.41666667  0.0004
    1849  0.30000000  0.10000000  0.41666667  0.0004
    1850  0.35000000  0.10000000  0.41666667  0.0004
    1851  0.40000000  0.10000000  0.41666667  0.0004
    1852  0.45000000  0.10000000  0.41666667  0.0004
    1853  0.50000000  0.10000000  0.41666667  0.0004
    1854 -0.45000000  0.10000000  0.41666667  0.0004
    1855 -0.40000000  0.10000000  0.41666667  0.0004
    1856 -0.35000000  0.10000000  0.41666667  0.0004
    1857 -0.30000000  0.10000000  0.41666667  0.0004
    1858 -0.25000000  0.10000000  0.41666667  0.0004
    1859 -0.20000000  0.10000000  0.41666667  0.0004
    1860 -0.15000000  0.10000000  0.41666667  0.0004
    1861 -0.10000000  0.10000000  0.41666667  0.0004
    1862 -0.05000000  0.10000000  0.41666667  0.0004
    1863  0.00000000  0.15000000  0.41666667  0.0004
    1864  0.05000000  0.15000000  0.41666667  0.0004
    1865  0.10000000  0.15000000  0.41666667  0.0004
    1866  0.15000000  0.15000000  0.41666667  0.0004
    1867  0.20000000  0.15000000  0.41666667  0.0004
    1868  0.25000000  0.15000000  0.41666667  0.0004
    1869  0.30000000  0.15000000  0.41666667  0.0004
    1870  0.35000000  0.15000000  0.41666667  0.0004
    1871  0.40000000  0.15000000  0.41666667  0.0004
    1872  0.45000000  0.15000000  0.41666667  0.0004
    1873  0.50000000  0.15000000  0.41666667  0.0004
    1874 -0.45000000  0.15000000  0.41666667  0.0004
    1875 -0.40000000  0.15000000  0.41666667  0.0004
    1876 -0.35000000  0.15000000  0.41666667  0.0004
    1877 -0.30000000  0.15000000  0.41666667  0.0004
    1878 -0.25000000  0.15000000  0.41666667  0.0004
    1879 -0.20000000  0.15000000  0.41666667  0.0004
    1880 -0.15000000  0.15000000  0.41666667  0.0004
    1881 -0.10000000  0.15000000  0.41666667  0.0004
    1882 -0.05000000  0.15000000  0.41666667  0.0004
    1883  0.00000000  0.20000000  0.41666667  0.0004
    1884  0.05000000  0.20000000  0.41666667  0.0004
    1885  0.10000000  0.20000000  0.41666667  0.0004
    1886  0.15000000  0.20000000  0.41666667  0.0004
    1887  0.20000000  0.20000000  0.41666667  0.0004
    1888  0.25000000  0.20000000  0.41666667  0.0004
    1889  0.30000000  0.20000000  0.41666667  0.0004
    1890  0.35000000  0.20000000  0.41666667  0.0004
    1891  0.40000000  0.20000000  0.41666667  0.0004
    1892  0.45000000  0.20000000  0.41666667  0.0004
    1893  0.50000000  0.20000000  0.41666667  0.0004
    1894 -0.45000000  0.20000000  0.41666667  0.0004
    1895 -0.40000000  0.20000000  0.41666667  0.0004
    1896 -0.35000000  0.20000000  0.41666667  0.0004
    1897 -0.30000000  0.20000000  0.41666667  0.0004
    1898 -0.25000000  0.20000000  0.41666667  0.0004
    1899 -0.20000000  0.20000000  0.41666667  0.0004
    1900 -0.15000000  0.20000000  0.41666667  0.0004
    1901 -0.10000000  0.20000000  0.41666667  0.0004
    1902 -0.05000000  0.20000000  0.41666667  0.0004
    1903  0.00000000  0.25000000  0.41666667  0.0004
    1904  0.05000000  0.25000000  0.41666667  0.0004
    1905  0.10000000  0.25000000  0.41666667  0.0004
    1906  0.15000000  0.25000000  0.41666667  0.0004
    1907  0.20000000  0.25000000  0.41666667  0.0004
    1908  0.25000000  0.25000000  0.41666667  0.0004
    1909  0.30000000  0.25000000  0.41666667  0.0004
    1910  0.35000000  0.25000000  0.41666667  0.0004
    1911  0.40000000  0.25000000  0.41666667  0.0004
    1912  0.45000000  0.25000000  0.41666667  0.0004
    1913  0.50000000  0.25000000  0.41666667  0.0004
    1914 -0.45000000  0.25000000  0.41666667  0.0004
    1915 -0.40000000  0.25000000  0.41666667  0.0004
    1916 -0.35000000  0.25000000  0.41666667  0.0004
    1917 -0.30000000  0.25000000  0.41666667  0.0004
    1918 -0.25000000  0.25000000  0.41666667  0.0004
    1919 -0.20000000  0.25000000  0.41666667  0.0004
    1920 -0.15000000  0.25000000  0.41666667  0.0004
    1921 -0.10000000  0.25000000  0.41666667  0.0004
    1922 -0.05000000  0.25000000  0.41666667  0.0004
    1923  0.00000000  0.30000000  0.41666667  0.0004
    1924  0.05000000  0.30000000  0.41666667  0.0004
    1925  0.10000000  0.30000000  0.41666667  0.0004
    1926  0.15000000  0.30000000  0.41666667  0.0004
    1927  0.20000000  0.30000000  0.41666667  0.0004
    1928  0.25000000  0.30000000  0.41666667  0.0004
    1929  0.30000000  0.30000000  0.41666667  0.0004
    1930  0.35000000  0.30000000  0.41666667  0.0004
    1931  0.40000000  0.30000000  0.41666667  0.0004
    1932  0.45000000  0.30000000  0.41666667  0.0004
    1933  0.50000000  0.30000000  0.41666667  0.0004
    1934 -0.45000000  0.30000000  0.41666667  0.0004
    1935 -0.40000000  0.30000000  0.41666667  0.0004
    1936 -0.35000000  0.30000000  0.41666667  0.0004
    1937 -0.30000000  0.30000000  0.41666667  0.0004
    1938 -0.25000000  0.30000000  0.41666667  0.0004
    1939 -0.20000000  0.30000000  0.41666667  0.0004
    1940 -0.15000000  0.30000000  0.41666667  0.0004
    1941 -0.10000000  0.30000000  0.41666667  0.0004
    1942 -0.05000000  0.30000000  0.41666667  0.0004
    1943  0.00000000  0.35000000  0.41666667  0.0004
    1944  0.05000000  0.35000000  0.41666667  0.0004
    1945  0.10000000  0.35000000  0.41666667  0.0004
    1946  0.15000000  0.35000000  0.41666667  0.0004
    1947  0.20000000  0.35000000  0.41666667  0.0004
    1948  0.25000000  0.35000000  0.41666667  0.0004
    1949  0.30000000  0.35000000  0.41666667  0.0004
    1950  0.35000000  0.35000000  0.41666667  0.0004
    1951  0.40000000  0.35000000  0.41666667  0.0004
    1952  0.45000000  0.35000000  0.41666667  0.0004
    1953  0.50000000  0.35000000  0.41666667  0.0004
    1954 -0.45000000  0.35000000  0.41666667  0.0004
    1955 -0.40000000  0.35000000  0.41666667  0.0004
    1956 -0.35000000  0.35000000  0.41666667  0.0004
    1957 -0.30000000  0.35000000  0.41666667  0.0004
    1958 -0.25000000  0.35000000  0.41666667  0.0004
    1959 -0.20000000  0.35000000  0.41666667  0.0004
    1960 -0.15000000  0.35000000  0.41666667  0.0004
    1961 -0.10000000  0.35000000  0.41666667  0.0004
    1962 -0.05000000  0.35000000  0.41666667  0.0004
    1963  0.00000000  0.40000000  0.41666667  0.0004
    1964  0.05000000  0.40000000  0.41666667  0.0004
    1965  0.10000000  0.40000000  0.41666667  0.0004
    1966  0.15000000  0.40000000  0.41666667  0.0004
    1967  0.20000000  0.40000000  0.41666667  0.0004
    1968  0.25000000  0.40000000  0.41666667  0.0004
    1969  0.30000000  0.40000000  0.41666667  0.0004
    1970  0.35000000  0.40000000  0.41666667  0.0004
    1971  0.40000000  0.40000000  0.41666667  0.0004
    1972  0.45000000  0.40000000  0.41666667  0.0004
    1973  0.50000000  0.40000000  0.41666667  0.0004
    1974 -0.45000000  0.40000000  0.41666667  0.0004
    1975 -0.40000000  0.40000000  0.41666667  0.0004
    1976 -0.35000000  0.40000000  0.41666667  0.0004
    1977 -0.30000000  0.40000000  0.41666667  0.0004
    1978 -0.25000000  0.40000000  0.41666667  0.0004
    1979 -0.20000000  0.40000000  0.41666667  0.0004
    1980 -0.15000000  0.40000000  0.41666667  0.0004
    1981 -0.10000000  0.40000000  0.41666667  0.0004
    1982 -0.05000000  0.40000000  0.41666667  0.0004
    1983  0.00000000  0.45000000  0.41666667  0.0004
    1984  0.05000000  0.45000000  0.41666667  0.0004
    1985  0.10000000  0.45000000  0.41666667  0.0004
    1986  0.15000000  0.45000000  0.41666667  0.0004
    1987  0.20000000  0.45000000  0.41666667  0.0004
    1988  0.25000000  0.45000000  0.41666667  0.0004
    1989  0.30000000  0.45000000  0.41666667  0.0004
    1990  0.35000000  0.45000000  0.41666667  0.0004
    1991  0.40000000  0.45000000  0.41666667  0.0004
    1992  0.45000000  0.45000000  0.41666667  0.0004
    1993  0.50000000  0.45000000  0.41666667  0.0004
    1994 -0.45000000  0.45000000  0.41666667  0.0004
    1995 -0.40000000  0.45000000  0.41666667  0.0004
    1996 -0.35000000  0.45000000  0.41666667  0.0004
    1997 -0.30000000  0.45000000  0.41666667  0.0004
    1998 -0.25000000  0.45000000  0.41666667  0.0004
    1999 -0.20000000  0.45000000  0.41666667  0.0004
    2000 -0.15000000  0.45000000  0.41666667  0.0004
    2001 -0.10000000  0.45000000  0.41666667  0.0004
    2002 -0.05000000  0.45000000  0.41666667  0.0004
    2003  0.00000000  0.50000000  0.41666667  0.0004
    2004  0.05000000  0.50000000  0.41666667  0.0004
    2005  0.10000000  0.50000000  0.41666667  0.0004
    2006  0.15000000  0.50000000  0.41666667  0.0004
    2007  0.20000000  0.50000000  0.41666667  0.0004
    2008  0.25000000  0.50000000  0.41666667  0.0004
    2009  0.30000000  0.50000000  0.41666667  0.0004
    2010  0.35000000  0.50000000  0.41666667  0.0004
    2011  0.40000000  0.50000000  0.41666667  0.0004
    2012  0.45000000  0.50000000  0.41666667  0.0004
    2013  0.50000000  0.50000000  0.41666667  0.0004
    2014  0.45000000  0.50000000 -0.41666667  0.0004
    2015 -0.40000000  0.50000000  0.41666667  0.0004
    2016 -0.35000000  0.50000000  0.41666667  0.0004
    2017 -0.30000000  0.50000000  0.41666667  0.0004
    2018 -0.25000000  0.50000000  0.41666667  0.0004
    2019 -0.20000000  0.50000000  0.41666667  0.0004
    2020 -0.15000000  0.50000000  0.41666667  0.0004
    2021 -0.10000000  0.50000000  0.41666667  0.0004
    2022 -0.05000000  0.50000000  0.41666667  0.0004
    2023  0.00000000  0.45000000 -0.41666667  0.0004
    2024  0.05000000 -0.45000000  0.41666667  0.0004
    2025  0.10000000 -0.45000000  0.41666667  0.0004
    2026  0.15000000 -0.45000000  0.41666667  0.0004
    2027  0.20000000 -0.45000000  0.41666667  0.0004
    2028  0.25000000 -0.45000000  0.41666667  0.0004
    2029  0.30000000 -0.45000000  0.41666667  0.0004
    2030  0.35000000 -0.45000000  0.41666667  0.0004
    2031  0.40000000 -0.45000000  0.41666667  0.0004
    2032  0.45000000 -0.45000000  0.41666667  0.0004
    2033  0.50000000  0.45000000 -0.41666667  0.0004
    2034  0.45000000  0.45000000 -0.41666667  0.0004
    2035  0.40000000  0.45000000 -0.41666667  0.0004
    2036  0.35000000  0.45000000 -0.41666667  0.0004
    2037  0.30000000  0.45000000 -0.41666667  0.0004
    2038  0.25000000  0.45000000 -0.41666667  0.0004
    2039  0.20000000  0.45000000 -0.41666667  0.0004
    2040  0.15000000  0.45000000 -0.41666667  0.0004
    2041  0.10000000  0.45000000 -0.41666667  0.0004
    2042  0.05000000  0.45000000 -0.41666667  0.0004
    2043  0.00000000 -0.40000000  0.41666667  0.0004
    2044  0.05000000 -0.40000000  0.41666667  0.0004
    2045  0.10000000 -0.40000000  0.41666667  0.0004
    2046  0.15000000 -0.40000000  0.41666667  0.0004
    2047  0.20000000 -0.40000000  0.41666667  0.0004
    2048  0.25000000 -0.40000000  0.41666667  0.0004
    2049  0.30000000 -0.40000000  0.41666667  0.0004
    2050  0.35000000 -0.40000000  0.41666667  0.0004
    2051  0.40000000 -0.40000000  0.41666667  0.0004
    2052  0.45000000 -0.40000000  0.41666667  0.0004
    2053  0.50000000 -0.40000000  0.41666667  0.0004
    2054  0.45000000  0.40000000 -0.41666667  0.0004
    2055  0.40000000  0.40000000 -0.41666667  0.0004
    2056  0.35000000  0.40000000 -0.41666667  0.0004
    2057  0.30000000  0.40000000 -0.41666667  0.0004
    2058  0.25000000  0.40000000 -0.41666667  0.0004
    2059  0.20000000  0.40000000 -0.41666667  0.0004
    2060  0.15000000  0.40000000 -0.41666667  0.0004
    2061  0.10000000  0.40000000 -0.41666667  0.0004
    2062  0.05000000  0.40000000 -0.41666667  0.0004
    2063  0.00000000 -0.35000000  0.41666667  0.0004
    2064  0.05000000 -0.35000000  0.41666667  0.0004
    2065  0.10000000 -0.35000000  0.41666667  0.0004
    2066  0.15000000 -0.35000000  0.41666667  0.0004
    2067  0.20000000 -0.35000000  0.41666667  0.0004
    2068  0.25000000 -0.35000000  0.41666667  0.0004
    2069  0.30000000 -0.35000000  0.41666667  0.0004
    2070  0.35000000 -0.35000000  0.41666667  0.0004
    2071  0.40000000 -0.35000000  0.41666667  0.0004
    2072  0.45000000 -0.35000000  0.41666667  0.0004
    2073  0.50000000 -0.35000000  0.41666667  0.0004
    2074  0.45000000  0.35000000 -0.41666667  0.0004
    2075  0.40000000  0.35000000 -0.41666667  0.0004
    2076  0.35000000  0.35000000 -0.41666667  0.0004
    2077  0.30000000  0.35000000 -0.41666667  0.0004
    2078  0.25000000  0.35000000 -0.41666667  0.0004
    2079  0.20000000  0.35000000 -0.41666667  0.0004
    2080  0.15000000  0.35000000 -0.41666667  0.0004
    2081  0.10000000  0.35000000 -0.41666667  0.0004
    2082 -0.05000000 -0.35000000  0.41666667  0.0004
    2083  0.00000000 -0.30000000  0.41666667  0.0004
    2084  0.05000000 -0.30000000  0.41666667  0.0004
    2085  0.10000000 -0.30000000  0.41666667  0.0004
    2086  0.15000000 -0.30000000  0.41666667  0.0004
    2087  0.20000000 -0.30000000  0.41666667  0.0004
    2088  0.25000000 -0.30000000  0.41666667  0.0004
    2089  0.30000000 -0.30000000  0.41666667  0.0004
    2090  0.35000000 -0.30000000  0.41666667  0.0004
    2091  0.40000000 -0.30000000  0.41666667  0.0004
    2092  0.45000000 -0.30000000  0.41666667  0.0004
    2093  0.50000000 -0.30000000  0.41666667  0.0004
    2094  0.45000000  0.30000000 -0.41666667  0.0004
    2095  0.40000000  0.30000000 -0.41666667  0.0004
    2096  0.35000000  0.30000000 -0.41666667  0.0004
    2097  0.30000000  0.30000000 -0.41666667  0.0004
    2098  0.25000000  0.30000000 -0.41666667  0.0004
    2099  0.20000000  0.30000000 -0.41666667  0.0004
    2100  0.15000000  0.30000000 -0.41666667  0.0004
    2101 -0.10000000 -0.30000000  0.41666667  0.0004
    2102 -0.05000000 -0.30000000  0.41666667  0.0004
    2103  0.00000000 -0.25000000  0.41666667  0.0004
    2104  0.05000000 -0.25000000  0.41666667  0.0004
    2105  0.10000000 -0.25000000  0.41666667  0.0004
    2106  0.15000000 -0.25000000  0.41666667  0.0004
    2107  0.20000000 -0.25000000  0.41666667  0.0004
    2108  0.25000000 -0.25000000  0.41666667  0.0004
    2109  0.30000000 -0.25000000  0.41666667  0.0004
    2110  0.35000000 -0.25000000  0.41666667  0.0004
    2111  0.40000000 -0.25000000  0.41666667  0.0004
    2112  0.45000000 -0.25000000  0.41666667  0.0004
    2113  0.50000000 -0.25000000  0.41666667  0.0004
    2114  0.45000000  0.25000000 -0.41666667  0.0004
    2115  0.40000000  0.25000000 -0.41666667  0.0004
    2116  0.35000000  0.25000000 -0.41666667  0.0004
    2117  0.30000000  0.25000000 -0.41666667  0.0004
    2118  0.25000000  0.25000000 -0.41666667  0.0004
    2119  0.20000000  0.25000000 -0.41666667  0.0004
    2120 -0.15000000 -0.25000000  0.41666667  0.0004
    2121 -0.10000000 -0.25000000  0.41666667  0.0004
    2122 -0.05000000 -0.25000000  0.41666667  0.0004
    2123  0.00000000 -0.20000000  0.41666667  0.0004
    2124  0.05000000 -0.20000000  0.41666667  0.0004
    2125  0.10000000 -0.20000000  0.41666667  0.0004
    2126  0.15000000 -0.20000000  0.41666667  0.0004
    2127  0.20000000 -0.20000000  0.41666667  0.0004
    2128  0.25000000 -0.20000000  0.41666667  0.0004
    2129  0.30000000 -0.20000000  0.41666667  0.0004
    2130  0.35000000 -0.20000000  0.41666667  0.0004
    2131  0.40000000 -0.20000000  0.41666667  0.0004
    2132  0.45000000 -0.20000000  0.41666667  0.0004
    2133  0.50000000 -0.20000000  0.41666667  0.0004
    2134  0.45000000  0.20000000 -0.41666667  0.0004
    2135  0.40000000  0.20000000 -0.41666667  0.0004
    2136  0.35000000  0.20000000 -0.41666667  0.0004
    2137  0.30000000  0.20000000 -0.41666667  0.0004
    2138  0.25000000  0.20000000 -0.41666667  0.0004
    2139 -0.20000000 -0.20000000  0.41666667  0.0004
    2140 -0.15000000 -0.20000000  0.41666667  0.0004
    2141 -0.10000000 -0.20000000  0.41666667  0.0004
    2142 -0.05000000 -0.20000000  0.41666667  0.0004
    2143  0.00000000 -0.15000000  0.41666667  0.0004
    2144  0.05000000 -0.15000000  0.41666667  0.0004
    2145  0.10000000 -0.15000000  0.41666667  0.0004
    2146  0.15000000 -0.15000000  0.41666667  0.0004
    2147  0.20000000 -0.15000000  0.41666667  0.0004
    2148  0.25000000 -0.15000000  0.41666667  0.0004
    2149  0.30000000 -0.15000000  0.41666667  0.0004
    2150  0.35000000 -0.15000000  0.41666667  0.0004
    2151  0.40000000 -0.15000000  0.41666667  0.0004
    2152  0.45000000 -0.15000000  0.41666667  0.0004
    2153  0.50000000 -0.15000000  0.41666667  0.0004
    2154  0.45000000  0.15000000 -0.41666667  0.0004
    2155  0.40000000  0.15000000 -0.41666667  0.0004
    2156  0.35000000  0.15000000 -0.41666667  0.0004
    2157  0.30000000  0.15000000 -0.41666667  0.0004
    2158 -0.25000000 -0.15000000  0.41666667  0.0004
    2159 -0.20000000 -0.15000000  0.41666667  0.0004
    2160 -0.15000000 -0.15000000  0.41666667  0.0004
    2161 -0.10000000 -0.15000000  0.41666667  0.0004
    2162 -0.05000000 -0.15000000  0.41666667  0.0004
    2163  0.00000000 -0.10000000  0.41666667  0.0004
    2164  0.05000000 -0.10000000  0.41666667  0.0004
    2165  0.10000000 -0.10000000  0.41666667  0.0004
    2166  0.15000000 -0.10000000  0.41666667  0.0004
    2167  0.20000000 -0.10000000  0.41666667  0.0004
    2168  0.25000000 -0.10000000  0.41666667  0.0004
    2169  0.30000000 -0.10000000  0.41666667  0.0004
    2170  0.35000000 -0.10000000  0.41666667  0.0004
    2171  0.40000000 -0.10000000  0.41666667  0.0004
    2172  0.45000000 -0.10000000  0.41666667  0.0004
    2173  0.50000000 -0.10000000  0.41666667  0.0004
    2174  0.45000000  0.10000000 -0.41666667  0.0004
    2175  0.40000000  0.10000000 -0.41666667  0.0004
    2176  0.35000000  0.10000000 -0.41666667  0.0004
    2177 -0.30000000 -0.10000000  0.41666667  0.0004
    2178 -0.25000000 -0.10000000  0.41666667  0.0004
    2179 -0.20000000 -0.10000000  0.41666667  0.0004
    2180 -0.15000000 -0.10000000  0.41666667  0.0004
    2181 -0.10000000 -0.10000000  0.41666667  0.0004
    2182 -0.05000000 -0.10000000  0.41666667  0.0004
    2183  0.00000000 -0.05000000  0.41666667  0.0004
    2184  0.05000000 -0.05000000  0.41666667  0.0004
    2185  0.10000000 -0.05000000  0.41666667  0.0004
    2186  0.15000000 -0.05000000  0.41666667  0.0004
    2187  0.20000000 -0.05000000  0.41666667  0.0004
    2188  0.25000000 -0.05000000  0.41666667  0.0004
    2189  0.30000000 -0.05000000  0.41666667  0.0004
    2190  0.35000000 -0.05000000  0.41666667  0.0004
    2191  0.40000000 -0.05000000  0.41666667  0.0004
    2192  0.45000000 -0.05000000  0.41666667  0.0004
    2193  0.50000000 -0.05000000  0.41666667  0.0004
    2194  0.45000000  0.05000000 -0.41666667  0.0004
    2195  0.40000000  0.05000000 -0.41666667  0.0004
    2196 -0.35000000 -0.05000000  0.41666667  0.0004
    2197 -0.30000000 -0.05000000  0.41666667  0.0004
    2198 -0.25000000 -0.05000000  0.41666667  0.0004
    2199 -0.20000000 -0.05000000  0.41666667  0.0004
    2200 -0.15000000 -0.05000000  0.41666667  0.0004
    2201 -0.10000000 -0.05000000  0.41666667  0.0004
    2202 -0.05000000 -0.05000000  0.41666667  0.0004
    2203  0.00000000  0.00000000  0.50000000  0.0002
    2204  0.05000000  0.00000000  0.50000000  0.0004
    2205  0.10000000  0.00000000  0.50000000  0.0004
    2206  0.15000000  0.00000000  0.50000000  0.0004
    2207  0.20000000  0.00000000  0.50000000  0.0004
    2208  0.25000000  0.00000000  0.50000000  0.0004
    2209  0.30000000  0.00000000  0.50000000  0.0004
    2210  0.35000000  0.00000000  0.50000000  0.0004
    2211  0.40000000  0.00000000  0.50000000  0.0004
    2212  0.45000000  0.00000000  0.50000000  0.0004
    2213  0.50000000  0.00000000  0.50000000  0.0002
    2214  0.00000000  0.05000000  0.50000000  0.0004
    2215  0.05000000  0.05000000  0.50000000  0.0004
    2216  0.10000000  0.05000000  0.50000000  0.0004
    2217  0.15000000  0.05000000  0.50000000  0.0004
    2218  0.20000000  0.05000000  0.50000000  0.0004
    2219  0.25000000  0.05000000  0.50000000  0.0004
    2220  0.30000000  0.05000000  0.50000000  0.0004
    2221  0.35000000  0.05000000  0.50000000  0.0004
    2222  0.40000000  0.05000000  0.50000000  0.0004
    2223  0.45000000  0.05000000  0.50000000  0.0004
    2224  0.50000000  0.05000000  0.50000000  0.0004
    2225  0.45000000 -0.05000000  0.50000000  0.0004
    2226  0.40000000 -0.05000000  0.50000000  0.0004
    2227  0.35000000 -0.05000000  0.50000000  0.0004
    2228  0.30000000 -0.05000000  0.50000000  0.0004
    2229  0.25000000 -0.05000000  0.50000000  0.0004
    2230  0.20000000 -0.05000000  0.50000000  0.0004
    2231  0.15000000 -0.05000000  0.50000000  0.0004
    2232  0.10000000 -0.05000000  0.50000000  0.0004
    2233 -0.05000000  0.05000000  0.50000000  0.0004
    2234  0.00000000  0.10000000  0.50000000  0.0004
    2235  0.05000000  0.10000000  0.50000000  0.0004
    2236  0.10000000  0.10000000  0.50000000  0.0004
    2237  0.15000000  0.10000000  0.50000000  0.0004
    2238  0.20000000  0.10000000  0.50000000  0.0004
    2239  0.25000000  0.10000000  0.50000000  0.0004
    2240  0.30000000  0.10000000  0.50000000  0.0004
    2241  0.35000000  0.10000000  0.50000000  0.0004
    2242  0.40000000  0.10000000  0.50000000  0.0004
    2243  0.45000000  0.10000000  0.50000000  0.0004
    2244  0.50000000  0.10000000  0.50000000  0.0004
    2245  0.45000000 -0.10000000  0.50000000  0.0004
    2246  0.40000000 -0.10000000  0.50000000  0.0004
    2247  0.35000000 -0.10000000  0.50000000  0.0004
    2248  0.30000000 -0.10000000  0.50000000  0.0004
    2249  0.25000000 -0.10000000  0.50000000  0.0004
    2250  0.20000000 -0.10000000  0.50000000  0.0004
    2251  0.15000000 -0.10000000  0.50000000  0.0004
    2252 -0.10000000  0.10000000  0.50000000  0.0004
    2253 -0.05000000  0.10000000  0.50000000  0.0004
    2254  0.00000000  0.15000000  0.50000000  0.0004
    2255  0.05000000  0.15000000  0.50000000  0.0004
    2256  0.10000000  0.15000000  0.50000000  0.0004
    2257  0.15000000  0.15000000  0.50000000  0.0004
    2258  0.20000000  0.15000000  0.50000000  0.0004
    2259  0.25000000  0.15000000  0.50000000  0.0004
    2260  0.30000000  0.15000000  0.50000000  0.0004
    2261  0.35000000  0.15000000  0.50000000  0.0004
    2262  0.40000000  0.15000000  0.50000000  0.0004
    2263  0.45000000  0.15000000  0.50000000  0.0004
    2264  0.50000000  0.15000000  0.50000000  0.0004
    2265  0.45000000 -0.15000000  0.50000000  0.0004
    2266  0.40000000 -0.15000000  0.50000000  0.0004
    2267  0.35000000 -0.15000000  0.50000000  0.0004
    2268  0.30000000 -0.15000000  0.50000000  0.0004
    2269  0.25000000 -0.15000000  0.50000000  0.0004
    2270  0.20000000 -0.15000000  0.50000000  0.0004
    2271 -0.15000000  0.15000000  0.50000000  0.0004
    2272 -0.10000000  0.15000000  0.50000000  0.0004
    2273 -0.05000000  0.15000000  0.50000000  0.0004
    2274  0.00000000  0.20000000  0.50000000  0.0004
    2275  0.05000000  0.20000000  0.50000000  0.0004
    2276  0.10000000  0.20000000  0.50000000  0.0004
    2277  0.15000000  0.20000000  0.50000000  0.0004
    2278  0.20000000  0.20000000  0.50000000  0.0004
    2279  0.25000000  0.20000000  0.50000000  0.0004
    2280  0.30000000  0.20000000  0.50000000  0.0004
    2281  0.35000000  0.20000000  0.50000000  0.0004
    2282  0.40000000  0.20000000  0.50000000  0.0004
    2283  0.45000000  0.20000000  0.50000000  0.0004
    2284  0.50000000  0.20000000  0.50000000  0.0004
    2285  0.45000000 -0.20000000  0.50000000  0.0004
    2286  0.40000000 -0.20000000  0.50000000  0.0004
    2287  0.35000000 -0.20000000  0.50000000  0.0004
    2288  0.30000000 -0.20000000  0.50000000  0.0004
    2289  0.25000000 -0.20000000  0.50000000  0.0004
    2290 -0.20000000  0.20000000  0.50000000  0.0004
    2291 -0.15000000  0.20000000  0.50000000  0.0004
    2292 -0.10000000  0.20000000  0.50000000  0.0004
    2293 -0.05000000  0.20000000  0.50000000  0.0004
    2294  0.00000000  0.25000000  0.50000000  0.0004
    2295  0.05000000  0.25000000  0.50000000  0.0004
    2296  0.10000000  0.25000000  0.50000000  0.0004
    2297  0.15000000  0.25000000  0.50000000  0.0004
    2298  0.20000000  0.25000000  0.50000000  0.0004
    2299  0.25000000  0.25000000  0.50000000  0.0004
    2300  0.30000000  0.25000000  0.50000000  0.0004
    2301  0.35000000  0.25000000  0.50000000  0.0004
    2302  0.40000000  0.25000000  0.50000000  0.0004
    2303  0.45000000  0.25000000  0.50000000  0.0004
    2304  0.50000000  0.25000000  0.50000000  0.0004
    2305  0.45000000 -0.25000000  0.50000000  0.0004
    2306  0.40000000 -0.25000000  0.50000000  0.0004
    2307  0.35000000 -0.25000000  0.50000000  0.0004
    2308  0.30000000 -0.25000000  0.50000000  0.0004
    2309 -0.25000000  0.25000000  0.50000000  0.0004
    2310 -0.20000000  0.25000000  0.50000000  0.0004
    2311 -0.15000000  0.25000000  0.50000000  0.0004
    2312 -0.10000000  0.25000000  0.50000000  0.0004
    2313 -0.05000000  0.25000000  0.50000000  0.0004
    2314  0.00000000  0.30000000  0.50000000  0.0004
    2315  0.05000000  0.30000000  0.50000000  0.0004
    2316  0.10000000  0.30000000  0.50000000  0.0004
    2317  0.15000000  0.30000000  0.50000000  0.0004
    2318  0.20000000  0.30000000  0.50000000  0.0004
    2319  0.25000000  0.30000000  0.50000000  0.0004
    2320  0.30000000  0.30000000  0.50000000  0.0004
    2321  0.35000000  0.30000000  0.50000000  0.0004
    2322  0.40000000  0.30000000  0.50000000  0.0004
    2323  0.45000000  0.30000000  0.50000000  0.0004
    2324  0.50000000  0.30000000  0.50000000  0.0004
    2325  0.45000000 -0.30000000  0.50000000  0.0004
    2326  0.40000000 -0.30000000  0.50000000  0.0004
    2327  0.35000000 -0.30000000  0.50000000  0.0004
    2328 -0.30000000  0.30000000  0.50000000  0.0004
    2329 -0.25000000  0.30000000  0.50000000  0.0004
    2330 -0.20000000  0.30000000  0.50000000  0.0004
    2331 -0.15000000  0.30000000  0.50000000  0.0004
    2332 -0.10000000  0.30000000  0.50000000  0.0004
    2333 -0.05000000  0.30000000  0.50000000  0.0004
    2334  0.00000000  0.35000000  0.50000000  0.0004
    2335  0.05000000  0.35000000  0.50000000  0.0004
    2336  0.10000000  0.35000000  0.50000000  0.0004
    2337  0.15000000  0.35000000  0.50000000  0.0004
    2338  0.20000000  0.35000000  0.50000000  0.0004
    2339  0.25000000  0.35000000  0.50000000  0.0004
    2340  0.30000000  0.35000000  0.50000000  0.0004
    2341  0.35000000  0.35000000  0.50000000  0.0004
    2342  0.40000000  0.35000000  0.50000000  0.0004
    2343  0.45000000  0.35000000  0.50000000  0.0004
    2344  0.50000000  0.35000000  0.50000000  0.0004
    2345  0.45000000 -0.35000000  0.50000000  0.0004
    2346  0.40000000 -0.35000000  0.50000000  0.0004
    2347 -0.35000000  0.35000000  0.50000000  0.0004
    2348 -0.30000000  0.35000000  0.50000000  0.0004
    2349 -0.25000000  0.35000000  0.50000000  0.0004
    2350 -0.20000000  0.35000000  0.50000000  0.0004
    2351 -0.15000000  0.35000000  0.50000000  0.0004
    2352 -0.10000000  0.35000000  0.50000000  0.0004
    2353 -0.05000000  0.35000000  0.50000000  0.0004
    2354  0.00000000  0.40000000  0.50000000  0.0004
    2355  0.05000000  0.40000000  0.50000000  0.0004
    2356  0.10000000  0.40000000  0.50000000  0.0004
    2357  0.15000000  0.40000000  0.50000000  0.0004
    2358  0.20000000  0.40000000  0.50000000  0.0004
    2359  0.25000000  0.40000000  0.50000000  0.0004
    2360  0.30000000  0.40000000  0.50000000  0.0004
    2361  0.35000000  0.40000000  0.50000000  0.0004
    2362  0.40000000  0.40000000  0.50000000  0.0004
    2363  0.45000000  0.40000000  0.50000000  0.0004
    2364  0.50000000  0.40000000  0.50000000  0.0004
    2365  0.45000000 -0.40000000  0.50000000  0.0004
    2366 -0.40000000  0.40000000  0.50000000  0.0004
    2367 -0.35000000  0.40000000  0.50000000  0.0004
    2368 -0.30000000  0.40000000  0.50000000  0.0004
    2369 -0.25000000  0.40000000  0.50000000  0.0004
    2370 -0.20000000  0.40000000  0.50000000  0.0004
    2371 -0.15000000  0.40000000  0.50000000  0.0004
    2372 -0.10000000  0.40000000  0.50000000  0.0004
    2373 -0.05000000  0.40000000  0.50000000  0.0004
    2374  0.00000000  0.45000000  0.50000000  0.0004
    2375  0.05000000  0.45000000  0.50000000  0.0004
    2376  0.10000000  0.45000000  0.50000000  0.0004
    2377  0.15000000  0.45000000  0.50000000  0.0004
    2378  0.20000000  0.45000000  0.50000000  0.0004
    2379  0.25000000  0.45000000  0.50000000  0.0004
    2380  0.30000000  0.45000000  0.50000000  0.0004
    2381  0.35000000  0.45000000  0.50000000  0.0004
    2382  0.40000000  0.45000000  0.50000000  0.0004
    2383  0.45000000  0.45000000  0.50000000  0.0004
    2384  0.50000000  0.45000000  0.50000000  0.0004
    2385 -0.45000000  0.45000000  0.50000000  0.0004
    2386 -0.40000000  0.45000000  0.50000000  0.0004
    2387 -0.35000000  0.45000000  0.50000000  0.0004
    2388 -0.30000000  0.45000000  0.50000000  0.0004
    2389 -0.25000000  0.45000000  0.50000000  0.0004
    2390 -0.20000000  0.45000000  0.50000000  0.0004
    2391 -0.15000000  0.45000000  0.50000000  0.0004
    2392 -0.10000000  0.45000000  0.50000000  0.0004
    2393 -0.05000000  0.45000000  0.50000000  0.0004
    2394  0.00000000  0.50000000  0.50000000  0.0002
    2395  0.05000000  0.50000000  0.50000000  0.0004
    2396  0.10000000  0.50000000  0.50000000  0.0004
    2397  0.15000000  0.50000000  0.50000000  0.0004
    2398  0.20000000  0.50000000  0.50000000  0.0004
    2399  0.25000000  0.50000000  0.50000000  0.0004
    2400  0.30000000  0.50000000  0.50000000  0.0004
    2401  0.35000000  0.50000000  0.50000000  0.0004
    2402  0.40000000  0.50000000  0.50000000  0.0004
    2403  0.45000000  0.50000000  0.50000000  0.0004
    2404  0.50000000  0.50000000  0.50000000  0.0002


       Number of k-points in this process = 2404
       Minimum distributed k-point number = 2404

 K-POINTS CARTESIAN COORDINATES
 KPOINTS CARTESIAN_X CARTESIAN_Y CARTESIAN_Z  WEIGHT
       1  0.00000000  0.00000000  0.00000000  0.0004
       2  0.01557924  0.00899468  0.00000000  0.0008
       3  0.03115847  0.01798935  0.00000000  0.0008
       4  0.04673771  0.02698403  0.00000000  0.0008
       5  0.06231694  0.03597870  0.00000000  0.0008
       6  0.07789618  0.04497338  0.00000000  0.0008
       7  0.09347542  0.05396806  0.00000000  0.0008
       8  0.10905465  0.06296273  0.00000000  0.0008
       9  0.12463389  0.07195741  0.00000000  0.0008
      10  0.14021312  0.08095208  0.00000000  0.0008
      11  0.15579236  0.08994676  0.00000000  0.0004
      12  0.00000000  0.01798935  0.00000000  0.0008
      13  0.01557924  0.02698403  0.00000000  0.0008
      14  0.03115847  0.03597870  0.00000000  0.0008
      15  0.04673771  0.04497338  0.00000000  0.0008
      16  0.06231694  0.05396806  0.00000000  0.0008
      17  0.07789618  0.06296273  0.00000000  0.0008
      18  0.09347542  0.07195741  0.00000000  0.0008
      19  0.10905465  0.08095208  0.00000000  0.0008
      20  0.12463389  0.08994676  0.00000000  0.0008
      21  0.14021312  0.09894144  0.00000000  0.0008
      22  0.15579236  0.10793611  0.00000000  0.0008
      23  0.14021312  0.06296273  0.00000000  0.0008
      24  0.12463389  0.05396806  0.00000000  0.0008
      25  0.10905465  0.04497338  0.00000000  0.0008
      26  0.09347542  0.03597870  0.00000000  0.0008
      27  0.07789618  0.02698403  0.00000000  0.0008
      28  0.06231694  0.01798935  0.00000000  0.0008
      29  0.04673771  0.00899468  0.00000000  0.0008
      30  0.03115847  0.00000000  0.00000000  0.0008
      31 -0.01557924  0.00899468  0.00000000  0.0008
      32  0.00000000  0.03597870  0.00000000  0.0008
      33  0.01557924  0.04497338  0.00000000  0.0008
      34  0.03115847  0.05396806  0.00000000  0.0008
      35  0.04673771  0.06296273  0.00000000  0.0008
      36  0.06231694  0.07195741  0.00000000  0.0008
      37  0.07789618  0.08095208  0.00000000  0.0008
      38  0.09347542  0.08994676  0.00000000  0.0008
      39  0.10905465  0.09894144  0.00000000  0.0008
      40  0.12463389  0.10793611  0.00000000  0.0008
      41  0.14021312  0.11693079  0.00000000  0.0008
      42  0.15579236  0.12592547  0.00000000  0.0008
      43  0.14021312  0.04497338  0.00000000  0.0008
      44  0.12463389  0.03597870  0.00000000  0.0008
      45  0.10905465  0.02698403  0.00000000  0.0008
      46  0.09347542  0.01798935  0.00000000  0.0008
      47  0.07789618  0.00899468  0.00000000  0.0008
      48  0.06231694  0.00000000  0.00000000  0.0008
      49  0.04673771 -0.00899468  0.00000000  0.0008
      50  0.03115847 -0.01798935  0.00000000  0.0008
      51 -0.01557924  0.02698403  0.00000000  0.0008
      52  0.00000000  0.05396806  0.00000000  0.0008
      53  0.01557924  0.06296273  0.00000000  0.0008
      54  0.03115847  0.07195741  0.00000000  0.0008
      55  0.04673771  0.08095208  0.00000000  0.0008
      56  0.06231694  0.08994676  0.00000000  0.0008
      57  0.07789618  0.09894144  0.00000000  0.0008
      58  0.09347542  0.10793611  0.00000000  0.0008
      59  0.10905465  0.11693079  0.00000000  0.0008
      60  0.12463389  0.12592547  0.00000000  0.0008
      61  0.14021312  0.13492014  0.00000000  0.0008
      62  0.15579236  0.14391482  0.00000000  0.0008
      63  0.14021312  0.02698403  0.00000000  0.0008
      64  0.12463389  0.01798935  0.00000000  0.0008
      65  0.10905465  0.00899468  0.00000000  0.0008
      66  0.09347542  0.00000000  0.00000000  0.0008
      67  0.07789618 -0.00899468  0.00000000  0.0008
      68  0.06231694 -0.01798935  0.00000000  0.0008
      69 -0.04673771  0.02698403  0.00000000  0.0008
      70 -0.03115847  0.03597870  0.00000000  0.0008
      71 -0.01557924  0.04497338  0.00000000  0.0008
      72  0.00000000  0.07195741  0.00000000  0.0008
      73  0.01557924  0.08095208  0.00000000  0.0008
      74  0.03115847  0.08994676  0.00000000  0.0008
      75  0.04673771  0.09894144  0.00000000  0.0008
      76  0.06231694  0.10793611  0.00000000  0.0008
      77  0.07789618  0.11693079  0.00000000  0.0008
      78  0.09347542  0.12592547  0.00000000  0.0008
      79  0.10905465  0.13492014  0.00000000  0.0008
      80  0.12463389  0.14391482  0.00000000  0.0008
      81  0.14021312  0.15290949  0.00000000  0.0008
      82  0.15579236  0.16190417  0.00000000  0.0008
      83  0.14021312  0.00899468  0.00000000  0.0008
      84  0.12463389  0.00000000  0.00000000  0.0008
      85  0.10905465 -0.00899468  0.00000000  0.0008
      86  0.09347542 -0.01798935  0.00000000  0.0008
      87  0.07789618 -0.02698403  0.00000000  0.0008
      88 -0.06231694  0.03597870  0.00000000  0.0008
      89 -0.04673771  0.04497338  0.00000000  0.0008
      90 -0.03115847  0.05396806  0.00000000  0.0008
      91 -0.01557924  0.06296273  0.00000000  0.0008
      92  0.00000000  0.08994676  0.00000000  0.0008
      93  0.01557924  0.09894144  0.00000000  0.0008
      94  0.03115847  0.10793611  0.00000000  0.0008
      95  0.04673771  0.11693079  0.00000000  0.0008
      96  0.06231694  0.12592547  0.00000000  0.0008
      97  0.07789618  0.13492014  0.00000000  0.0008
      98  0.09347542  0.14391482  0.00000000  0.0008
      99  0.10905465  0.15290949  0.00000000  0.0008
     100  0.12463389  0.16190417  0.00000000  0.0008
     101  0.14021312  0.17089885  0.00000000  0.0008
     102  0.15579236  0.17989352  0.00000000  0.0008
     103  0.14021312 -0.00899468  0.00000000  0.0008
     104  0.12463389 -0.01798935  0.00000000  0.0008
     105  0.10905465 -0.02698403  0.00000000  0.0008
     106  0.09347542 -0.03597870  0.00000000  0.0008
     107 -0.07789618  0.04497338  0.00000000  0.0008
     108 -0.06231694  0.05396806  0.00000000  0.0008
     109 -0.04673771  0.06296273  0.00000000  0.0008
     110 -0.03115847  0.07195741  0.00000000  0.0008
     111 -0.01557924  0.08095208  0.00000000  0.0008
     112  0.00000000  0.10793611  0.00000000  0.0008
     113  0.01557924  0.11693079  0.00000000  0.0008
     114  0.03115847  0.12592547  0.00000000  0.0008
     115  0.04673771  0.13492014  0.00000000  0.0008
     116  0.06231694  0.14391482  0.00000000  0.0008
     117  0.07789618  0.15290949  0.00000000  0.0008
     118  0.09347542  0.16190417  0.00000000  0.0008
     119  0.10905465  0.17089885  0.00000000  0.0008
     120  0.12463389  0.17989352  0.00000000  0.0008
     121  0.14021312  0.18888820  0.00000000  0.0008
     122  0.15579236  0.19788287  0.00000000  0.0008
     123  0.14021312 -0.02698403  0.00000000  0.0008
     124  0.12463389 -0.03597870  0.00000000  0.0008
     125  0.10905465 -0.04497338  0.00000000  0.0008
     126 -0.09347542  0.05396806  0.00000000  0.0008
     127 -0.07789618  0.06296273  0.00000000  0.0008
     128 -0.06231694  0.07195741  0.00000000  0.0008
     129 -0.04673771  0.08095208  0.00000000  0.0008
     130 -0.03115847  0.08994676  0.00000000  0.0008
     131 -0.01557924  0.09894144  0.00000000  0.0008
     132  0.00000000  0.12592547  0.00000000  0.0008
     133  0.01557924  0.13492014  0.00000000  0.0008
     134  0.03115847  0.14391482  0.00000000  0.0008
     135  0.04673771  0.15290949  0.00000000  0.0008
     136  0.06231694  0.16190417  0.00000000  0.0008
     137  0.07789618  0.17089885  0.00000000  0.0008
     138  0.09347542  0.17989352  0.00000000  0.0008
     139  0.10905465  0.18888820  0.00000000  0.0008
     140  0.12463389  0.19788287  0.00000000  0.0008
     141  0.14021312  0.20687755  0.00000000  0.0008
     142  0.15579236  0.21587223  0.00000000  0.0008
     143  0.14021312 -0.04497338  0.00000000  0.0008
     144  0.12463389 -0.05396806  0.00000000  0.0008
     145 -0.10905465  0.06296273  0.00000000  0.0008
     146 -0.09347542  0.07195741  0.00000000  0.0008
     147 -0.07789618  0.08095208  0.00000000  0.0008
     148 -0.06231694  0.08994676  0.00000000  0.0008
     149 -0.04673771  0.09894144  0.00000000  0.0008
     150 -0.03115847  0.10793611  0.00000000  0.0008
     151 -0.01557924  0.11693079  0.00000000  0.0008
     152  0.00000000  0.14391482  0.00000000  0.0008
     153  0.01557924  0.15290949  0.00000000  0.0008
     154  0.03115847  0.16190417  0.00000000  0.0008
     155  0.04673771  0.17089885  0.00000000  0.0008
     156  0.06231694  0.17989352  0.00000000  0.0008
     157  0.07789618  0.18888820  0.00000000  0.0008
     158  0.09347542  0.19788287  0.00000000  0.0008
     159  0.10905465  0.20687755  0.00000000  0.0008
     160  0.12463389  0.21587223  0.00000000  0.0008
     161  0.14021312  0.22486690  0.00000000  0.0008
     162  0.15579236  0.23386158  0.00000000  0.0008
     163  0.14021312 -0.06296273  0.00000000  0.0008
     164 -0.12463389  0.07195741  0.00000000  0.0008
     165 -0.10905465  0.08095208  0.00000000  0.0008
     166 -0.09347542  0.08994676  0.00000000  0.0008
     167 -0.07789618  0.09894144  0.00000000  0.0008
     168 -0.06231694  0.10793611  0.00000000  0.0008
     169 -0.04673771  0.11693079  0.00000000  0.0008
     170 -0.03115847  0.12592547  0.00000000  0.0008
     171 -0.01557924  0.13492014  0.00000000  0.0008
     172  0.00000000  0.16190417  0.00000000  0.0008
     173  0.01557924  0.17089885  0.00000000  0.0008
     174  0.03115847  0.17989352  0.00000000  0.0008
     175  0.04673771  0.18888820  0.00000000  0.0008
     176  0.06231694  0.19788287  0.00000000  0.0008
     177  0.07789618  0.20687755  0.00000000  0.0008
     178  0.09347542  0.21587223  0.00000000  0.0008
     179  0.10905465  0.22486690  0.00000000  0.0008
     180  0.12463389  0.23386158  0.00000000  0.0008
     181  0.14021312  0.24285625  0.00000000  0.0008
     182  0.15579236  0.25185093  0.00000000  0.0008
     183 -0.14021312  0.08095208  0.00000000  0.0008
     184 -0.12463389  0.08994676  0.00000000  0.0008
     185 -0.10905465  0.09894144  0.00000000  0.0008
     186 -0.09347542  0.10793611  0.00000000  0.0008
     187 -0.07789618  0.11693079  0.00000000  0.0008
     188 -0.06231694  0.12592547  0.00000000  0.0008
     189 -0.04673771  0.13492014  0.00000000  0.0008
     190 -0.03115847  0.14391482  0.00000000  0.0008
     191 -0.01557924  0.15290949  0.00000000  0.0008
     192  0.00000000  0.17989352  0.00000000  0.0004
     193  0.01557924  0.18888820  0.00000000  0.0008
     194  0.03115847  0.19788287  0.00000000  0.0008
     195  0.04673771  0.20687755  0.00000000  0.0008
     196  0.06231694  0.21587223  0.00000000  0.0008
     197  0.07789618  0.22486690  0.00000000  0.0008
     198  0.09347542  0.23386158  0.00000000  0.0008
     199  0.10905465  0.24285625  0.00000000  0.0008
     200  0.12463389  0.25185093  0.00000000  0.0008
     201  0.14021312  0.26084561  0.00000000  0.0008
     202  0.15579236  0.26984028  0.00000000  0.0004
     203  0.00000000  0.00000000  0.01599243  0.0008
     204  0.01557924  0.00899468  0.01599243  0.0008
     205  0.03115847  0.01798935  0.01599243  0.0008
     206  0.04673771  0.02698403  0.01599243  0.0008
     207  0.06231694  0.03597870  0.01599243  0.0008
     208  0.07789618  0.04497338  0.01599243  0.0008
     209  0.09347542  0.05396806  0.01599243  0.0008
     210  0.10905465  0.06296273  0.01599243  0.0008
     211  0.12463389  0.07195741  0.01599243  0.0008
     212  0.14021312  0.08095208  0.01599243  0.0008
     213  0.15579236  0.08994676  0.01599243  0.0008
     214  0.14021312  0.08095208 -0.01599243  0.0008
     215  0.12463389  0.07195741 -0.01599243  0.0008
     216  0.10905465  0.06296273 -0.01599243  0.0008
     217  0.09347542  0.05396806 -0.01599243  0.0008
     218  0.07789618  0.04497338 -0.01599243  0.0008
     219  0.06231694  0.03597870 -0.01599243  0.0008
     220  0.04673771  0.02698403 -0.01599243  0.0008
     221  0.03115847  0.01798935 -0.01599243  0.0008
     222 -0.01557924 -0.00899468  0.01599243  0.0008
     223  0.00000000  0.01798935  0.01599243  0.0008
     224  0.01557924  0.02698403  0.01599243  0.0008
     225  0.03115847  0.03597870  0.01599243  0.0008
     226  0.04673771  0.04497338  0.01599243  0.0008
     227  0.06231694  0.05396806  0.01599243  0.0008
     228  0.07789618  0.06296273  0.01599243  0.0008
     229  0.09347542  0.07195741  0.01599243  0.0008
     230  0.10905465  0.08095208  0.01599243  0.0008
     231  0.12463389  0.08994676  0.01599243  0.0008
     232  0.14021312  0.09894144  0.01599243  0.0008
     233  0.15579236  0.10793611  0.01599243  0.0008
     234  0.14021312  0.06296273 -0.01599243  0.0008
     235  0.12463389  0.05396806 -0.01599243  0.0008
     236  0.10905465  0.04497338 -0.01599243  0.0008
     237  0.09347542  0.03597870 -0.01599243  0.0008
     238  0.07789618  0.02698403 -0.01599243  0.0008
     239  0.06231694  0.01798935 -0.01599243  0.0008
     240  0.04673771  0.00899468 -0.01599243  0.0008
     241 -0.03115847  0.00000000  0.01599243  0.0008
     242 -0.01557924  0.00899468  0.01599243  0.0008
     243  0.00000000  0.03597870  0.01599243  0.0008
     244  0.01557924  0.04497338  0.01599243  0.0008
     245  0.03115847  0.05396806  0.01599243  0.0008
     246  0.04673771  0.06296273  0.01599243  0.0008
     247  0.06231694  0.07195741  0.01599243  0.0008
     248  0.07789618  0.08095208  0.01599243  0.0008
     249  0.09347542  0.08994676  0.01599243  0.0008
     250  0.10905465  0.09894144  0.01599243  0.0008
     251  0.12463389  0.10793611  0.01599243  0.0008
     252  0.14021312  0.11693079  0.01599243  0.0008
     253  0.15579236  0.12592547  0.01599243  0.0008
     254  0.14021312  0.04497338 -0.01599243  0.0008
     255  0.12463389  0.03597870 -0.01599243  0.0008
     256  0.10905465  0.02698403 -0.01599243  0.0008
     257  0.09347542  0.01798935 -0.01599243  0.0008
     258  0.07789618  0.00899468 -0.01599243  0.0008
     259  0.06231694  0.00000000 -0.01599243  0.0008
     260 -0.04673771  0.00899468  0.01599243  0.0008
     261 -0.03115847  0.01798935  0.01599243  0.0008
     262 -0.01557924  0.02698403  0.01599243  0.0008
     263  0.00000000  0.05396806  0.01599243  0.0008
     264  0.01557924  0.06296273  0.01599243  0.0008
     265  0.03115847  0.07195741  0.01599243  0.0008
     266  0.04673771  0.08095208  0.01599243  0.0008
     267  0.06231694  0.08994676  0.01599243  0.0008
     268  0.07789618  0.09894144  0.01599243  0.0008
     269  0.09347542  0.10793611  0.01599243  0.0008
     270  0.10905465  0.11693079  0.01599243  0.0008
     271  0.12463389  0.12592547  0.01599243  0.0008
     272  0.14021312  0.13492014  0.01599243  0.0008
     273  0.15579236  0.14391482  0.01599243  0.0008
     274  0.14021312  0.02698403 -0.01599243  0.0008
     275  0.12463389  0.01798935 -0.01599243  0.0008
     276  0.10905465  0.00899468 -0.01599243  0.0008
     277  0.09347542  0.00000000 -0.01599243  0.0008
     278  0.07789618 -0.00899468 -0.01599243  0.0008
     279 -0.06231694  0.01798935  0.01599243  0.0008
     280 -0.04673771  0.02698403  0.01599243  0.0008
     281 -0.03115847  0.03597870  0.01599243  0.0008
     282 -0.01557924  0.04497338  0.01599243  0.0008
     283  0.00000000  0.07195741  0.01599243  0.0008
     284  0.01557924  0.08095208  0.01599243  0.0008
     285  0.03115847  0.08994676  0.01599243  0.0008
     286  0.04673771  0.09894144  0.01599243  0.0008
     287  0.06231694  0.10793611  0.01599243  0.0008
     288  0.07789618  0.11693079  0.01599243  0.0008
     289  0.09347542  0.12592547  0.01599243  0.0008
     290  0.10905465  0.13492014  0.01599243  0.0008
     291  0.12463389  0.14391482  0.01599243  0.0008
     292  0.14021312  0.15290949  0.01599243  0.0008
     293  0.15579236  0.16190417  0.01599243  0.0008
     294  0.14021312  0.00899468 -0.01599243  0.0008
     295  0.12463389  0.00000000 -0.01599243  0.0008
     296  0.10905465 -0.00899468 -0.01599243  0.0008
     297  0.09347542 -0.01798935 -0.01599243  0.0008
     298 -0.07789618  0.02698403  0.01599243  0.0008
     299 -0.06231694  0.03597870  0.01599243  0.0008
     300 -0.04673771  0.04497338  0.01599243  0.0008
     301 -0.03115847  0.05396806  0.01599243  0.0008
     302 -0.01557924  0.06296273  0.01599243  0.0008
     303  0.00000000  0.08994676  0.01599243  0.0008
     304  0.01557924  0.09894144  0.01599243  0.0008
     305  0.03115847  0.10793611  0.01599243  0.0008
     306  0.04673771  0.11693079  0.01599243  0.0008
     307  0.06231694  0.12592547  0.01599243  0.0008
     308  0.07789618  0.13492014  0.01599243  0.0008
     309  0.09347542  0.14391482  0.01599243  0.0008
     310  0.10905465  0.15290949  0.01599243  0.0008
     311  0.12463389  0.16190417  0.01599243  0.0008
     312  0.14021312  0.17089885  0.01599243  0.0008
     313  0.15579236  0.17989352  0.01599243  0.0008
     314  0.14021312 -0.00899468 -0.01599243  0.0008
     315  0.12463389 -0.01798935 -0.01599243  0.0008
     316  0.10905465 -0.02698403 -0.01599243  0.0008
     317 -0.09347542  0.03597870  0.01599243  0.0008
     318 -0.07789618  0.04497338  0.01599243  0.0008
     319 -0.06231694  0.05396806  0.01599243  0.0008
     320 -0.04673771  0.06296273  0.01599243  0.0008
     321 -0.03115847  0.07195741  0.01599243  0.0008
     322 -0.01557924  0.08095208  0.01599243  0.0008
     323  0.00000000  0.10793611  0.01599243  0.0008
     324  0.01557924  0.11693079  0.01599243  0.0008
     325  0.03115847  0.12592547  0.01599243  0.0008
     326  0.04673771  0.13492014  0.01599243  0.0008
     327  0.06231694  0.14391482  0.01599243  0.0008
     328  0.07789618  0.15290949  0.01599243  0.0008
     329  0.09347542  0.16190417  0.01599243  0.0008
     330  0.10905465  0.17089885  0.01599243  0.0008
     331  0.12463389  0.17989352  0.01599243  0.0008
     332  0.14021312  0.18888820  0.01599243  0.0008
     333  0.15579236  0.19788287  0.01599243  0.0008
     334  0.14021312 -0.02698403 -0.01599243  0.0008
     335  0.12463389 -0.03597870 -0.01599243  0.0008
     336 -0.10905465  0.04497338  0.01599243  0.0008
     337 -0.09347542  0.05396806  0.01599243  0.0008
     338 -0.07789618  0.06296273  0.01599243  0.0008
     339 -0.06231694  0.07195741  0.01599243  0.0008
     340 -0.04673771  0.08095208  0.01599243  0.0008
     341 -0.03115847  0.08994676  0.01599243  0.0008
     342 -0.01557924  0.09894144  0.01599243  0.0008
     343  0.00000000  0.12592547  0.01599243  0.0008
     344  0.01557924  0.13492014  0.01599243  0.0008
     345  0.03115847  0.14391482  0.01599243  0.0008
     346  0.04673771  0.15290949  0.01599243  0.0008
     347  0.06231694  0.16190417  0.01599243  0.0008
     348  0.07789618  0.17089885  0.01599243  0.0008
     349  0.09347542  0.17989352  0.01599243  0.0008
     350  0.10905465  0.18888820  0.01599243  0.0008
     351  0.12463389  0.19788287  0.01599243  0.0008
     352  0.14021312  0.20687755  0.01599243  0.0008
     353  0.15579236  0.21587223  0.01599243  0.0008
     354  0.14021312 -0.04497338 -0.01599243  0.0008
     355 -0.12463389  0.05396806  0.01599243  0.0008
     356 -0.10905465  0.06296273  0.01599243  0.0008
     357 -0.09347542  0.07195741  0.01599243  0.0008
     358 -0.07789618  0.08095208  0.01599243  0.0008
     359 -0.06231694  0.08994676  0.01599243  0.0008
     360 -0.04673771  0.09894144  0.01599243  0.0008
     361 -0.03115847  0.10793611  0.01599243  0.0008
     362 -0.01557924  0.11693079  0.01599243  0.0008
     363  0.00000000  0.14391482  0.01599243  0.0008
     364  0.01557924  0.15290949  0.01599243  0.0008
     365  0.03115847  0.16190417  0.01599243  0.0008
     366  0.04673771  0.17089885  0.01599243  0.0008
     367  0.06231694  0.17989352  0.01599243  0.0008
     368  0.07789618  0.18888820  0.01599243  0.0008
     369  0.09347542  0.19788287  0.01599243  0.0008
     370  0.10905465  0.20687755  0.01599243  0.0008
     371  0.12463389  0.21587223  0.01599243  0.0008
     372  0.14021312  0.22486690  0.01599243  0.0008
     373  0.15579236  0.23386158  0.01599243  0.0008
     374 -0.14021312  0.06296273  0.01599243  0.0008
     375 -0.12463389  0.07195741  0.01599243  0.0008
     376 -0.10905465  0.08095208  0.01599243  0.0008
     377 -0.09347542  0.08994676  0.01599243  0.0008
     378 -0.07789618  0.09894144  0.01599243  0.0008
     379 -0.06231694  0.10793611  0.01599243  0.0008
     380 -0.04673771  0.11693079  0.01599243  0.0008
     381 -0.03115847  0.12592547  0.01599243  0.0008
     382 -0.01557924  0.13492014  0.01599243  0.0008
     383  0.00000000  0.16190417  0.01599243  0.0008
     384  0.01557924  0.17089885  0.01599243  0.0008
     385  0.03115847  0.17989352  0.01599243  0.0008
     386  0.04673771  0.18888820  0.01599243  0.0008
     387  0.06231694  0.19788287  0.01599243  0.0008
     388  0.07789618  0.20687755  0.01599243  0.0008
     389  0.09347542  0.21587223  0.01599243  0.0008
     390  0.10905465  0.22486690  0.01599243  0.0008
     391  0.12463389  0.23386158  0.01599243  0.0008
     392  0.14021312  0.24285625  0.01599243  0.0008
     393  0.15579236  0.25185093  0.01599243  0.0008
     394 -0.14021312  0.08095208  0.01599243  0.0008
     395 -0.12463389  0.08994676  0.01599243  0.0008
     396 -0.10905465  0.09894144  0.01599243  0.0008
     397 -0.09347542  0.10793611  0.01599243  0.0008
     398 -0.07789618  0.11693079  0.01599243  0.0008
     399 -0.06231694  0.12592547  0.01599243  0.0008
     400 -0.04673771  0.13492014  0.01599243  0.0008
     401 -0.03115847  0.14391482  0.01599243  0.0008
     402 -0.01557924  0.15290949  0.01599243  0.0008
     403  0.00000000  0.17989352  0.01599243  0.0008
     404  0.01557924  0.18888820  0.01599243  0.0008
     405  0.03115847  0.19788287  0.01599243  0.0008
     406  0.04673771  0.20687755  0.01599243  0.0008
     407  0.06231694  0.21587223  0.01599243  0.0008
     408  0.07789618  0.22486690  0.01599243  0.0008
     409  0.09347542  0.23386158  0.01599243  0.0008
     410  0.10905465  0.24285625  0.01599243  0.0008
     411  0.12463389  0.25185093  0.01599243  0.0008
     412  0.14021312  0.26084561  0.01599243  0.0008
     413  0.15579236  0.26984028  0.01599243  0.0008
     414  0.14021312  0.26084561 -0.01599243  0.0008
     415  0.12463389  0.25185093 -0.01599243  0.0008
     416  0.10905465  0.24285625 -0.01599243  0.0008
     417  0.09347542  0.23386158 -0.01599243  0.0008
     418  0.07789618  0.22486690 -0.01599243  0.0008
     419  0.06231694  0.21587223 -0.01599243  0.0008
     420  0.04673771  0.20687755 -0.01599243  0.0008
     421  0.03115847  0.19788287 -0.01599243  0.0008
     422 -0.01557924  0.17089885  0.01599243  0.0008
     423  0.00000000  0.16190417 -0.01599243  0.0008
     424 -0.01557924  0.15290949 -0.01599243  0.0008
     425 -0.03115847  0.14391482 -0.01599243  0.0008
     426 -0.04673771  0.13492014 -0.01599243  0.0008
     427 -0.06231694  0.12592547 -0.01599243  0.0008
     428 -0.07789618  0.11693079 -0.01599243  0.0008
     429 -0.09347542  0.10793611 -0.01599243  0.0008
     430 -0.10905465  0.09894144 -0.01599243  0.0008
     431  0.12463389 -0.08994676  0.01599243  0.0008
     432  0.14021312 -0.08095208  0.01599243  0.0008
     433  0.15579236  0.25185093 -0.01599243  0.0008
     434  0.14021312  0.24285625 -0.01599243  0.0008
     435  0.12463389  0.23386158 -0.01599243  0.0008
     436  0.10905465  0.22486690 -0.01599243  0.0008
     437  0.09347542  0.21587223 -0.01599243  0.0008
     438  0.07789618  0.20687755 -0.01599243  0.0008
     439  0.06231694  0.19788287 -0.01599243  0.0008
     440  0.04673771  0.18888820 -0.01599243  0.0008
     441  0.03115847  0.17989352 -0.01599243  0.0008
     442  0.01557924  0.17089885 -0.01599243  0.0008
     443  0.00000000  0.14391482 -0.01599243  0.0008
     444 -0.01557924  0.13492014 -0.01599243  0.0008
     445 -0.03115847  0.12592547 -0.01599243  0.0008
     446 -0.04673771  0.11693079 -0.01599243  0.0008
     447 -0.06231694  0.10793611 -0.01599243  0.0008
     448 -0.07789618  0.09894144 -0.01599243  0.0008
     449 -0.09347542  0.08994676 -0.01599243  0.0008
     450  0.10905465 -0.08095208  0.01599243  0.0008
     451  0.12463389 -0.07195741  0.01599243  0.0008
     452  0.14021312 -0.06296273  0.01599243  0.0008
     453  0.15579236  0.23386158 -0.01599243  0.0008
     454  0.14021312  0.22486690 -0.01599243  0.0008
     455  0.12463389  0.21587223 -0.01599243  0.0008
     456  0.10905465  0.20687755 -0.01599243  0.0008
     457  0.09347542  0.19788287 -0.01599243  0.0008
     458  0.07789618  0.18888820 -0.01599243  0.0008
     459  0.06231694  0.17989352 -0.01599243  0.0008
     460  0.04673771  0.17089885 -0.01599243  0.0008
     461  0.03115847  0.16190417 -0.01599243  0.0008
     462  0.01557924  0.15290949 -0.01599243  0.0008
     463  0.00000000  0.12592547 -0.01599243  0.0008
     464 -0.01557924  0.11693079 -0.01599243  0.0008
     465 -0.03115847  0.10793611 -0.01599243  0.0008
     466 -0.04673771  0.09894144 -0.01599243  0.0008
     467 -0.06231694  0.08994676 -0.01599243  0.0008
     468 -0.07789618  0.08095208 -0.01599243  0.0008
     469  0.09347542 -0.07195741  0.01599243  0.0008
     470  0.10905465 -0.06296273  0.01599243  0.0008
     471  0.12463389 -0.05396806  0.01599243  0.0008
     472  0.14021312 -0.04497338  0.01599243  0.0008
     473  0.15579236  0.21587223 -0.01599243  0.0008
     474  0.14021312  0.20687755 -0.01599243  0.0008
     475  0.12463389  0.19788287 -0.01599243  0.0008
     476  0.10905465  0.18888820 -0.01599243  0.0008
     477  0.09347542  0.17989352 -0.01599243  0.0008
     478  0.07789618  0.17089885 -0.01599243  0.0008
     479  0.06231694  0.16190417 -0.01599243  0.0008
     480  0.04673771  0.15290949 -0.01599243  0.0008
     481  0.03115847  0.14391482 -0.01599243  0.0008
     482  0.01557924  0.13492014 -0.01599243  0.0008
     483  0.00000000  0.10793611 -0.01599243  0.0008
     484 -0.01557924  0.09894144 -0.01599243  0.0008
     485 -0.03115847  0.08994676 -0.01599243  0.0008
     486 -0.04673771  0.08095208 -0.01599243  0.0008
     487 -0.06231694  0.07195741 -0.01599243  0.0008
     488  0.07789618 -0.06296273  0.01599243  0.0008
     489  0.09347542 -0.05396806  0.01599243  0.0008
     490  0.10905465 -0.04497338  0.01599243  0.0008
     491  0.12463389 -0.03597870  0.01599243  0.0008
     492  0.14021312 -0.02698403  0.01599243  0.0008
     493  0.15579236  0.19788287 -0.01599243  0.0008
     494  0.14021312  0.18888820 -0.01599243  0.0008
     495  0.12463389  0.17989352 -0.01599243  0.0008
     496  0.10905465  0.17089885 -0.01599243  0.0008
     497  0.09347542  0.16190417 -0.01599243  0.0008
     498  0.07789618  0.15290949 -0.01599243  0.0008
     499  0.06231694  0.14391482 -0.01599243  0.0008
     500  0.04673771  0.13492014 -0.01599243  0.0008
     501  0.03115847  0.12592547 -0.01599243  0.0008
     502  0.01557924  0.11693079 -0.01599243  0.0008
     503  0.00000000  0.08994676 -0.01599243  0.0008
     504 -0.01557924  0.08095208 -0.01599243  0.0008
     505 -0.03115847  0.07195741 -0.01599243  0.0008
     506 -0.04673771  0.06296273 -0.01599243  0.0008
     507  0.06231694 -0.05396806  0.01599243  0.0008
     508  0.07789618 -0.04497338  0.01599243  0.0008
     509  0.09347542 -0.03597870  0.01599243  0.0008
     510  0.10905465 -0.02698403  0.01599243  0.0008
     511  0.12463389 -0.01798935  0.01599243  0.0008
     512  0.14021312 -0.00899468  0.01599243  0.0008
     513  0.15579236  0.17989352 -0.01599243  0.0008
     514  0.14021312  0.17089885 -0.01599243  0.0008
     515  0.12463389  0.16190417 -0.01599243  0.0008
     516  0.10905465  0.15290949 -0.01599243  0.0008
     517  0.09347542  0.14391482 -0.01599243  0.0008
     518  0.07789618  0.13492014 -0.01599243  0.0008
     519  0.06231694  0.12592547 -0.01599243  0.0008
     520  0.04673771  0.11693079 -0.01599243  0.0008
     521  0.03115847  0.10793611 -0.01599243  0.0008
     522  0.01557924  0.09894144 -0.01599243  0.0008
     523  0.00000000  0.07195741 -0.01599243  0.0008
     524 -0.01557924  0.06296273 -0.01599243  0.0008
     525 -0.03115847  0.05396806 -0.01599243  0.0008
     526  0.04673771 -0.04497338  0.01599243  0.0008
     527  0.06231694 -0.03597870  0.01599243  0.0008
     528  0.07789618 -0.02698403  0.01599243  0.0008
     529  0.09347542 -0.01798935  0.01599243  0.0008
     530  0.10905465 -0.00899468  0.01599243  0.0008
     531  0.12463389  0.00000000  0.01599243  0.0008
     532  0.14021312  0.00899468  0.01599243  0.0008
     533  0.15579236  0.16190417 -0.01599243  0.0008
     534  0.14021312  0.15290949 -0.01599243  0.0008
     535  0.12463389  0.14391482 -0.01599243  0.0008
     536  0.10905465  0.13492014 -0.01599243  0.0008
     537  0.09347542  0.12592547 -0.01599243  0.0008
     538  0.07789618  0.11693079 -0.01599243  0.0008
     539  0.06231694  0.10793611 -0.01599243  0.0008
     540  0.04673771  0.09894144 -0.01599243  0.0008
     541  0.03115847  0.08994676 -0.01599243  0.0008
     542  0.01557924  0.08095208 -0.01599243  0.0008
     543  0.00000000  0.05396806 -0.01599243  0.0008
     544 -0.01557924  0.04497338 -0.01599243  0.0008
     545  0.03115847 -0.03597870  0.01599243  0.0008
     546  0.04673771 -0.02698403  0.01599243  0.0008
     547  0.06231694 -0.01798935  0.01599243  0.0008
     548  0.07789618 -0.00899468  0.01599243  0.0008
     549  0.09347542  0.00000000  0.01599243  0.0008
     550  0.10905465  0.00899468  0.01599243  0.0008
     551  0.12463389  0.01798935  0.01599243  0.0008
     552  0.14021312  0.02698403  0.01599243  0.0008
     553  0.15579236  0.14391482 -0.01599243  0.0008
     554  0.14021312  0.13492014 -0.01599243  0.0008
     555  0.12463389  0.12592547 -0.01599243  0.0008
     556  0.10905465  0.11693079 -0.01599243  0.0008
     557  0.09347542  0.10793611 -0.01599243  0.0008
     558  0.07789618  0.09894144 -0.01599243  0.0008
     559  0.06231694  0.08994676 -0.01599243  0.0008
     560  0.04673771  0.08095208 -0.01599243  0.0008
     561  0.03115847  0.07195741 -0.01599243  0.0008
     562  0.01557924  0.06296273 -0.01599243  0.0008
     563  0.00000000  0.03597870 -0.01599243  0.0008
     564  0.01557924 -0.02698403  0.01599243  0.0008
     565  0.03115847 -0.01798935  0.01599243  0.0008
     566  0.04673771 -0.00899468  0.01599243  0.0008
     567  0.06231694  0.00000000  0.01599243  0.0008
     568  0.07789618  0.00899468  0.01599243  0.0008
     569  0.09347542  0.01798935  0.01599243  0.0008
     570  0.10905465  0.02698403  0.01599243  0.0008
     571  0.12463389  0.03597870  0.01599243  0.0008
     572  0.14021312  0.04497338  0.01599243  0.0008
     573  0.15579236  0.12592547 -0.01599243  0.0008
     574  0.14021312  0.11693079 -0.01599243  0.0008
     575  0.12463389  0.10793611 -0.01599243  0.0008
     576  0.10905465  0.09894144 -0.01599243  0.0008
     577  0.09347542  0.08994676 -0.01599243  0.0008
     578  0.07789618  0.08095208 -0.01599243  0.0008
     579  0.06231694  0.07195741 -0.01599243  0.0008
     580  0.04673771  0.06296273 -0.01599243  0.0008
     581  0.03115847  0.05396806 -0.01599243  0.0008
     582  0.01557924  0.04497338 -0.01599243  0.0008
     583  0.00000000 -0.01798935  0.01599243  0.0008
     584  0.01557924 -0.00899468  0.01599243  0.0008
     585  0.03115847  0.00000000  0.01599243  0.0008
     586  0.04673771  0.00899468  0.01599243  0.0008
     587  0.06231694  0.01798935  0.01599243  0.0008
     588  0.07789618  0.02698403  0.01599243  0.0008
     589  0.09347542  0.03597870  0.01599243  0.0008
     590  0.10905465  0.04497338  0.01599243  0.0008
     591  0.12463389  0.05396806  0.01599243  0.0008
     592  0.14021312  0.06296273  0.01599243  0.0008
     593  0.15579236  0.07195741  0.01599243  0.0008
     594  0.14021312  0.09894144 -0.01599243  0.0008
     595  0.12463389  0.08994676 -0.01599243  0.0008
     596  0.10905465  0.08095208 -0.01599243  0.0008
     597  0.09347542  0.07195741 -0.01599243  0.0008
     598  0.07789618  0.06296273 -0.01599243  0.0008
     599  0.06231694  0.05396806 -0.01599243  0.0008
     600  0.04673771  0.04497338 -0.01599243  0.0008
     601  0.03115847  0.03597870 -0.01599243  0.0008
     602  0.01557924  0.02698403 -0.01599243  0.0008
     603  0.00000000  0.00000000  0.03198485  0.0008
     604  0.01557924  0.00899468  0.03198485  0.0008
     605  0.03115847  0.01798935  0.03198485  0.0008
     606  0.04673771  0.02698403  0.03198485  0.0008
     607  0.06231694  0.03597870  0.03198485  0.0008
     608  0.07789618  0.04497338  0.03198485  0.0008
     609  0.09347542  0.05396806  0.03198485  0.0008
     610  0.10905465  0.06296273  0.03198485  0.0008
     611  0.12463389  0.07195741  0.03198485  0.0008
     612  0.14021312  0.08095208  0.03198485  0.0008
     613  0.15579236  0.08994676  0.03198485  0.0008
     614  0.14021312  0.08095208 -0.03198485  0.0008
     615  0.12463389  0.07195741 -0.03198485  0.0008
     616  0.10905465  0.06296273 -0.03198485  0.0008
     617  0.09347542  0.05396806 -0.03198485  0.0008
     618  0.07789618  0.04497338 -0.03198485  0.0008
     619  0.06231694  0.03597870 -0.03198485  0.0008
     620 -0.04673771 -0.02698403  0.03198485  0.0008
     621 -0.03115847 -0.01798935  0.03198485  0.0008
     622 -0.01557924 -0.00899468  0.03198485  0.0008
     623  0.00000000  0.01798935  0.03198485  0.0008
     624  0.01557924  0.02698403  0.03198485  0.0008
     625  0.03115847  0.03597870  0.03198485  0.0008
     626  0.04673771  0.04497338  0.03198485  0.0008
     627  0.06231694  0.05396806  0.03198485  0.0008
     628  0.07789618  0.06296273  0.03198485  0.0008
     629  0.09347542  0.07195741  0.03198485  0.0008
     630  0.10905465  0.08095208  0.03198485  0.0008
     631  0.12463389  0.08994676  0.03198485  0.0008
     632  0.14021312  0.09894144  0.03198485  0.0008
     633  0.15579236  0.10793611  0.03198485  0.0008
     634  0.14021312  0.06296273 -0.03198485  0.0008
     635  0.12463389  0.05396806 -0.03198485  0.0008
     636  0.10905465  0.04497338 -0.03198485  0.0008
     637  0.09347542  0.03597870 -0.03198485  0.0008
     638  0.07789618  0.02698403 -0.03198485  0.0008
     639 -0.06231694 -0.01798935  0.03198485  0.0008
     640 -0.04673771 -0.00899468  0.03198485  0.0008
     641 -0.03115847  0.00000000  0.03198485  0.0008
     642 -0.01557924  0.00899468  0.03198485  0.0008
     643  0.00000000  0.03597870  0.03198485  0.0008
     644  0.01557924  0.04497338  0.03198485  0.0008
     645  0.03115847  0.05396806  0.03198485  0.0008
     646  0.04673771  0.06296273  0.03198485  0.0008
     647  0.06231694  0.07195741  0.03198485  0.0008
     648  0.07789618  0.08095208  0.03198485  0.0008
     649  0.09347542  0.08994676  0.03198485  0.0008
     650  0.10905465  0.09894144  0.03198485  0.0008
     651  0.12463389  0.10793611  0.03198485  0.0008
     652  0.14021312  0.11693079  0.03198485  0.0008
     653  0.15579236  0.12592547  0.03198485  0.0008
     654  0.14021312  0.04497338 -0.03198485  0.0008
     655  0.12463389  0.03597870 -0.03198485  0.0008
     656  0.10905465  0.02698403 -0.03198485  0.0008
     657  0.09347542  0.01798935 -0.03198485  0.0008
     658 -0.07789618 -0.00899468  0.03198485  0.0008
     659 -0.06231694  0.00000000  0.03198485  0.0008
     660 -0.04673771  0.00899468  0.03198485  0.0008
     661 -0.03115847  0.01798935  0.03198485  0.0008
     662 -0.01557924  0.02698403  0.03198485  0.0008
     663  0.00000000  0.05396806  0.03198485  0.0008
     664  0.01557924  0.06296273  0.03198485  0.0008
     665  0.03115847  0.07195741  0.03198485  0.0008
     666  0.04673771  0.08095208  0.03198485  0.0008
     667  0.06231694  0.08994676  0.03198485  0.0008
     668  0.07789618  0.09894144  0.03198485  0.0008
     669  0.09347542  0.10793611  0.03198485  0.0008
     670  0.10905465  0.11693079  0.03198485  0.0008
     671  0.12463389  0.12592547  0.03198485  0.0008
     672  0.14021312  0.13492014  0.03198485  0.0008
     673  0.15579236  0.14391482  0.03198485  0.0008
     674  0.14021312  0.02698403 -0.03198485  0.0008
     675  0.12463389  0.01798935 -0.03198485  0.0008
     676  0.10905465  0.00899468 -0.03198485  0.0008
     677 -0.09347542  0.00000000  0.03198485  0.0008
     678 -0.07789618  0.00899468  0.03198485  0.0008
     679 -0.06231694  0.01798935  0.03198485  0.0008
     680 -0.04673771  0.02698403  0.03198485  0.0008
     681 -0.03115847  0.03597870  0.03198485  0.0008
     682 -0.01557924  0.04497338  0.03198485  0.0008
     683  0.00000000  0.07195741  0.03198485  0.0008
     684  0.01557924  0.08095208  0.03198485  0.0008
     685  0.03115847  0.08994676  0.03198485  0.0008
     686  0.04673771  0.09894144  0.03198485  0.0008
     687  0.06231694  0.10793611  0.03198485  0.0008
     688  0.07789618  0.11693079  0.03198485  0.0008
     689  0.09347542  0.12592547  0.03198485  0.0008
     690  0.10905465  0.13492014  0.03198485  0.0008
     691  0.12463389  0.14391482  0.03198485  0.0008
     692  0.14021312  0.15290949  0.03198485  0.0008
     693  0.15579236  0.16190417  0.03198485  0.0008
     694  0.14021312  0.00899468 -0.03198485  0.0008
     695  0.12463389  0.00000000 -0.03198485  0.0008
     696 -0.10905465  0.00899468  0.03198485  0.0008
     697 -0.09347542  0.01798935  0.03198485  0.0008
     698 -0.07789618  0.02698403  0.03198485  0.0008
     699 -0.06231694  0.03597870  0.03198485  0.0008
     700 -0.04673771  0.04497338  0.03198485  0.0008
     701 -0.03115847  0.05396806  0.03198485  0.0008
     702 -0.01557924  0.06296273  0.03198485  0.0008
     703  0.00000000  0.08994676  0.03198485  0.0008
     704  0.01557924  0.09894144  0.03198485  0.0008
     705  0.03115847  0.10793611  0.03198485  0.0008
     706  0.04673771  0.11693079  0.03198485  0.0008
     707  0.06231694  0.12592547  0.03198485  0.0008
     708  0.07789618  0.13492014  0.03198485  0.0008
     709  0.09347542  0.14391482  0.03198485  0.0008
     710  0.10905465  0.15290949  0.03198485  0.0008
     711  0.12463389  0.16190417  0.03198485  0.0008
     712  0.14021312  0.17089885  0.03198485  0.0008
     713  0.15579236  0.17989352  0.03198485  0.0008
     714  0.14021312 -0.00899468 -0.03198485  0.0008
     715 -0.12463389  0.01798935  0.03198485  0.0008
     716 -0.10905465  0.02698403  0.03198485  0.0008
     717 -0.09347542  0.03597870  0.03198485  0.0008
     718 -0.07789618  0.04497338  0.03198485  0.0008
     719 -0.06231694  0.05396806  0.03198485  0.0008
     720 -0.04673771  0.06296273  0.03198485  0.0008
     721 -0.03115847  0.07195741  0.03198485  0.0008
     722 -0.01557924  0.08095208  0.03198485  0.0008
     723  0.00000000  0.10793611  0.03198485  0.0008
     724  0.01557924  0.11693079  0.03198485  0.0008
     725  0.03115847  0.12592547  0.03198485  0.0008
     726  0.04673771  0.13492014  0.03198485  0.0008
     727  0.06231694  0.14391482  0.03198485  0.0008
     728  0.07789618  0.15290949  0.03198485  0.0008
     729  0.09347542  0.16190417  0.03198485  0.0008
     730  0.10905465  0.17089885  0.03198485  0.0008
     731  0.12463389  0.17989352  0.03198485  0.0008
     732  0.14021312  0.18888820  0.03198485  0.0008
     733  0.15579236  0.19788287  0.03198485  0.0008
     734 -0.14021312  0.02698403  0.03198485  0.0008
     735 -0.12463389  0.03597870  0.03198485  0.0008
     736 -0.10905465  0.04497338  0.03198485  0.0008
     737 -0.09347542  0.05396806  0.03198485  0.0008
     738 -0.07789618  0.06296273  0.03198485  0.0008
     739 -0.06231694  0.07195741  0.03198485  0.0008
     740 -0.04673771  0.08095208  0.03198485  0.0008
     741 -0.03115847  0.08994676  0.03198485  0.0008
     742 -0.01557924  0.09894144  0.03198485  0.0008
     743  0.00000000  0.12592547  0.03198485  0.0008
     744  0.01557924  0.13492014  0.03198485  0.0008
     745  0.03115847  0.14391482  0.03198485  0.0008
     746  0.04673771  0.15290949  0.03198485  0.0008
     747  0.06231694  0.16190417  0.03198485  0.0008
     748  0.07789618  0.17089885  0.03198485  0.0008
     749  0.09347542  0.17989352  0.03198485  0.0008
     750  0.10905465  0.18888820  0.03198485  0.0008
     751  0.12463389  0.19788287  0.03198485  0.0008
     752  0.14021312  0.20687755  0.03198485  0.0008
     753  0.15579236  0.21587223  0.03198485  0.0008
     754 -0.14021312  0.04497338  0.03198485  0.0008
     755 -0.12463389  0.05396806  0.03198485  0.0008
     756 -0.10905465  0.06296273  0.03198485  0.0008
     757 -0.09347542  0.07195741  0.03198485  0.0008
     758 -0.07789618  0.08095208  0.03198485  0.0008
     759 -0.06231694  0.08994676  0.03198485  0.0008
     760 -0.04673771  0.09894144  0.03198485  0.0008
     761 -0.03115847  0.10793611  0.03198485  0.0008
     762 -0.01557924  0.11693079  0.03198485  0.0008
     763  0.00000000  0.14391482  0.03198485  0.0008
     764  0.01557924  0.15290949  0.03198485  0.0008
     765  0.03115847  0.16190417  0.03198485  0.0008
     766  0.04673771  0.17089885  0.03198485  0.0008
     767  0.06231694  0.17989352  0.03198485  0.0008
     768  0.07789618  0.18888820  0.03198485  0.0008
     769  0.09347542  0.19788287  0.03198485  0.0008
     770  0.10905465  0.20687755  0.03198485  0.0008
     771  0.12463389  0.21587223  0.03198485  0.0008
     772  0.14021312  0.22486690  0.03198485  0.0008
     773  0.15579236  0.23386158  0.03198485  0.0008
     774 -0.14021312  0.06296273  0.03198485  0.0008
     775 -0.12463389  0.07195741  0.03198485  0.0008
     776 -0.10905465  0.08095208  0.03198485  0.0008
     777 -0.09347542  0.08994676  0.03198485  0.0008
     778 -0.07789618  0.09894144  0.03198485  0.0008
     779 -0.06231694  0.10793611  0.03198485  0.0008
     780 -0.04673771  0.11693079  0.03198485  0.0008
     781 -0.03115847  0.12592547  0.03198485  0.0008
     782 -0.01557924  0.13492014  0.03198485  0.0008
     783  0.00000000  0.16190417  0.03198485  0.0008
     784  0.01557924  0.17089885  0.03198485  0.0008
     785  0.03115847  0.17989352  0.03198485  0.0008
     786  0.04673771  0.18888820  0.03198485  0.0008
     787  0.06231694  0.19788287  0.03198485  0.0008
     788  0.07789618  0.20687755  0.03198485  0.0008
     789  0.09347542  0.21587223  0.03198485  0.0008
     790  0.10905465  0.22486690  0.03198485  0.0008
     791  0.12463389  0.23386158  0.03198485  0.0008
     792  0.14021312  0.24285625  0.03198485  0.0008
     793  0.15579236  0.25185093  0.03198485  0.0008
     794 -0.14021312  0.08095208  0.03198485  0.0008
     795 -0.12463389  0.08994676  0.03198485  0.0008
     796 -0.10905465  0.09894144  0.03198485  0.0008
     797 -0.09347542  0.10793611  0.03198485  0.0008
     798 -0.07789618  0.11693079  0.03198485  0.0008
     799 -0.06231694  0.12592547  0.03198485  0.0008
     800 -0.04673771  0.13492014  0.03198485  0.0008
     801 -0.03115847  0.14391482  0.03198485  0.0008
     802 -0.01557924  0.15290949  0.03198485  0.0008
     803  0.00000000  0.17989352  0.03198485  0.0008
     804  0.01557924  0.18888820  0.03198485  0.0008
     805  0.03115847  0.19788287  0.03198485  0.0008
     806  0.04673771  0.20687755  0.03198485  0.0008
     807  0.06231694  0.21587223  0.03198485  0.0008
     808  0.07789618  0.22486690  0.03198485  0.0008
     809  0.09347542  0.23386158  0.03198485  0.0008
     810  0.10905465  0.24285625  0.03198485  0.0008
     811  0.12463389  0.25185093  0.03198485  0.0008
     812  0.14021312  0.26084561  0.03198485  0.0008
     813  0.15579236  0.26984028  0.03198485  0.0008
     814  0.14021312  0.26084561 -0.03198485  0.0008
     815  0.12463389  0.25185093 -0.03198485  0.0008
     816  0.10905465  0.24285625 -0.03198485  0.0008
     817  0.09347542  0.23386158 -0.03198485  0.0008
     818  0.07789618  0.22486690 -0.03198485  0.0008
     819  0.06231694  0.21587223 -0.03198485  0.0008
     820 -0.04673771  0.15290949  0.03198485  0.0008
     821 -0.03115847  0.16190417  0.03198485  0.0008
     822 -0.01557924  0.17089885  0.03198485  0.0008
     823  0.00000000  0.16190417 -0.03198485  0.0008
     824 -0.01557924  0.15290949 -0.03198485  0.0008
     825 -0.03115847  0.14391482 -0.03198485  0.0008
     826 -0.04673771  0.13492014 -0.03198485  0.0008
     827 -0.06231694  0.12592547 -0.03198485  0.0008
     828 -0.07789618  0.11693079 -0.03198485  0.0008
     829  0.09347542 -0.10793611  0.03198485  0.0008
     830  0.10905465 -0.09894144  0.03198485  0.0008
     831  0.12463389 -0.08994676  0.03198485  0.0008
     832  0.14021312 -0.08095208  0.03198485  0.0008
     833  0.15579236  0.25185093 -0.03198485  0.0008
     834  0.14021312  0.24285625 -0.03198485  0.0008
     835  0.12463389  0.23386158 -0.03198485  0.0008
     836  0.10905465  0.22486690 -0.03198485  0.0008
     837  0.09347542  0.21587223 -0.03198485  0.0008
     838  0.07789618  0.20687755 -0.03198485  0.0008
     839  0.06231694  0.19788287 -0.03198485  0.0008
     840  0.04673771  0.18888820 -0.03198485  0.0008
     841  0.03115847  0.17989352 -0.03198485  0.0008
     842  0.01557924  0.17089885 -0.03198485  0.0008
     843  0.00000000  0.14391482 -0.03198485  0.0008
     844 -0.01557924  0.13492014 -0.03198485  0.0008
     845 -0.03115847  0.12592547 -0.03198485  0.0008
     846 -0.04673771  0.11693079 -0.03198485  0.0008
     847 -0.06231694  0.10793611 -0.03198485  0.0008
     848  0.07789618 -0.09894144  0.03198485  0.0008
     849  0.09347542 -0.08994676  0.03198485  0.0008
     850  0.10905465 -0.08095208  0.03198485  0.0008
     851  0.12463389 -0.07195741  0.03198485  0.0008
     852  0.14021312 -0.06296273  0.03198485  0.0008
     853  0.15579236  0.23386158 -0.03198485  0.0008
     854  0.14021312  0.22486690 -0.03198485  0.0008
     855  0.12463389  0.21587223 -0.03198485  0.0008
     856  0.10905465  0.20687755 -0.03198485  0.0008
     857  0.09347542  0.19788287 -0.03198485  0.0008
     858  0.07789618  0.18888820 -0.03198485  0.0008
     859  0.06231694  0.17989352 -0.03198485  0.0008
     860  0.04673771  0.17089885 -0.03198485  0.0008
     861  0.03115847  0.16190417 -0.03198485  0.0008
     862  0.01557924  0.15290949 -0.03198485  0.0008
     863  0.00000000  0.12592547 -0.03198485  0.0008
     864 -0.01557924  0.11693079 -0.03198485  0.0008
     865 -0.03115847  0.10793611 -0.03198485  0.0008
     866 -0.04673771  0.09894144 -0.03198485  0.0008
     867  0.06231694 -0.08994676  0.03198485  0.0008
     868  0.07789618 -0.08095208  0.03198485  0.0008
     869  0.09347542 -0.07195741  0.03198485  0.0008
     870  0.10905465 -0.06296273  0.03198485  0.0008
     871  0.12463389 -0.05396806  0.03198485  0.0008
     872  0.14021312 -0.04497338  0.03198485  0.0008
     873  0.15579236  0.21587223 -0.03198485  0.0008
     874  0.14021312  0.20687755 -0.03198485  0.0008
     875  0.12463389  0.19788287 -0.03198485  0.0008
     876  0.10905465  0.18888820 -0.03198485  0.0008
     877  0.09347542  0.17989352 -0.03198485  0.0008
     878  0.07789618  0.17089885 -0.03198485  0.0008
     879  0.06231694  0.16190417 -0.03198485  0.0008
     880  0.04673771  0.15290949 -0.03198485  0.0008
     881  0.03115847  0.14391482 -0.03198485  0.0008
     882  0.01557924  0.13492014 -0.03198485  0.0008
     883  0.00000000  0.10793611 -0.03198485  0.0008
     884 -0.01557924  0.09894144 -0.03198485  0.0008
     885 -0.03115847  0.08994676 -0.03198485  0.0008
     886  0.04673771 -0.08095208  0.03198485  0.0008
     887  0.06231694 -0.07195741  0.03198485  0.0008
     888  0.07789618 -0.06296273  0.03198485  0.0008
     889  0.09347542 -0.05396806  0.03198485  0.0008
     890  0.10905465 -0.04497338  0.03198485  0.0008
     891  0.12463389 -0.03597870  0.03198485  0.0008
     892  0.14021312 -0.02698403  0.03198485  0.0008
     893  0.15579236  0.19788287 -0.03198485  0.0008
     894  0.14021312  0.18888820 -0.03198485  0.0008
     895  0.12463389  0.17989352 -0.03198485  0.0008
     896  0.10905465  0.17089885 -0.03198485  0.0008
     897  0.09347542  0.16190417 -0.03198485  0.0008
     898  0.07789618  0.15290949 -0.03198485  0.0008
     899  0.06231694  0.14391482 -0.03198485  0.0008
     900  0.04673771  0.13492014 -0.03198485  0.0008
     901  0.03115847  0.12592547 -0.03198485  0.0008
     902  0.01557924  0.11693079 -0.03198485  0.0008
     903  0.00000000  0.08994676 -0.03198485  0.0008
     904 -0.01557924  0.08095208 -0.03198485  0.0008
     905  0.03115847 -0.07195741  0.03198485  0.0008
     906  0.04673771 -0.06296273  0.03198485  0.0008
     907  0.06231694 -0.05396806  0.03198485  0.0008
     908  0.07789618 -0.04497338  0.03198485  0.0008
     909  0.09347542 -0.03597870  0.03198485  0.0008
     910  0.10905465 -0.02698403  0.03198485  0.0008
     911  0.12463389 -0.01798935  0.03198485  0.0008
     912  0.14021312 -0.00899468  0.03198485  0.0008
     913  0.15579236  0.17989352 -0.03198485  0.0008
     914  0.14021312  0.17089885 -0.03198485  0.0008
     915  0.12463389  0.16190417 -0.03198485  0.0008
     916  0.10905465  0.15290949 -0.03198485  0.0008
     917  0.09347542  0.14391482 -0.03198485  0.0008
     918  0.07789618  0.13492014 -0.03198485  0.0008
     919  0.06231694  0.12592547 -0.03198485  0.0008
     920  0.04673771  0.11693079 -0.03198485  0.0008
     921  0.03115847  0.10793611 -0.03198485  0.0008
     922  0.01557924  0.09894144 -0.03198485  0.0008
     923  0.00000000  0.07195741 -0.03198485  0.0008
     924  0.01557924 -0.06296273  0.03198485  0.0008
     925  0.03115847 -0.05396806  0.03198485  0.0008
     926  0.04673771 -0.04497338  0.03198485  0.0008
     927  0.06231694 -0.03597870  0.03198485  0.0008
     928  0.07789618 -0.02698403  0.03198485  0.0008
     929  0.09347542 -0.01798935  0.03198485  0.0008
     930  0.10905465 -0.00899468  0.03198485  0.0008
     931  0.12463389  0.00000000  0.03198485  0.0008
     932  0.14021312  0.00899468  0.03198485  0.0008
     933  0.15579236  0.16190417 -0.03198485  0.0008
     934  0.14021312  0.15290949 -0.03198485  0.0008
     935  0.12463389  0.14391482 -0.03198485  0.0008
     936  0.10905465  0.13492014 -0.03198485  0.0008
     937  0.09347542  0.12592547 -0.03198485  0.0008
     938  0.07789618  0.11693079 -0.03198485  0.0008
     939  0.06231694  0.10793611 -0.03198485  0.0008
     940  0.04673771  0.09894144 -0.03198485  0.0008
     941  0.03115847  0.08994676 -0.03198485  0.0008
     942  0.01557924  0.08095208 -0.03198485  0.0008
     943  0.00000000 -0.05396806  0.03198485  0.0008
     944  0.01557924 -0.04497338  0.03198485  0.0008
     945  0.03115847 -0.03597870  0.03198485  0.0008
     946  0.04673771 -0.02698403  0.03198485  0.0008
     947  0.06231694 -0.01798935  0.03198485  0.0008
     948  0.07789618 -0.00899468  0.03198485  0.0008
     949  0.09347542  0.00000000  0.03198485  0.0008
     950  0.10905465  0.00899468  0.03198485  0.0008
     951  0.12463389  0.01798935  0.03198485  0.0008
     952  0.14021312  0.02698403  0.03198485  0.0008
     953  0.15579236  0.03597870  0.03198485  0.0008
     954  0.14021312  0.13492014 -0.03198485  0.0008
     955  0.12463389  0.12592547 -0.03198485  0.0008
     956  0.10905465  0.11693079 -0.03198485  0.0008
     957  0.09347542  0.10793611 -0.03198485  0.0008
     958  0.07789618  0.09894144 -0.03198485  0.0008
     959  0.06231694  0.08994676 -0.03198485  0.0008
     960  0.04673771  0.08095208 -0.03198485  0.0008
     961  0.03115847  0.07195741 -0.03198485  0.0008
     962  0.01557924  0.06296273 -0.03198485  0.0008
     963  0.00000000 -0.03597870  0.03198485  0.0008
     964  0.01557924 -0.02698403  0.03198485  0.0008
     965  0.03115847 -0.01798935  0.03198485  0.0008
     966  0.04673771 -0.00899468  0.03198485  0.0008
     967  0.06231694  0.00000000  0.03198485  0.0008
     968  0.07789618  0.00899468  0.03198485  0.0008
     969  0.09347542  0.01798935  0.03198485  0.0008
     970  0.10905465  0.02698403  0.03198485  0.0008
     971  0.12463389  0.03597870  0.03198485  0.0008
     972  0.14021312  0.04497338  0.03198485  0.0008
     973  0.15579236  0.05396806  0.03198485  0.0008
     974  0.14021312  0.11693079 -0.03198485  0.0008
     975  0.12463389  0.10793611 -0.03198485  0.0008
     976  0.10905465  0.09894144 -0.03198485  0.0008
     977  0.09347542  0.08994676 -0.03198485  0.0008
     978  0.07789618  0.08095208 -0.03198485  0.0008
     979  0.06231694  0.07195741 -0.03198485  0.0008
     980  0.04673771  0.06296273 -0.03198485  0.0008
     981  0.03115847  0.05396806 -0.03198485  0.0008
     982 -0.01557924 -0.04497338  0.03198485  0.0008
     983  0.00000000 -0.01798935  0.03198485  0.0008
     984  0.01557924 -0.00899468  0.03198485  0.0008
     985  0.03115847  0.00000000  0.03198485  0.0008
     986  0.04673771  0.00899468  0.03198485  0.0008
     987  0.06231694  0.01798935  0.03198485  0.0008
     988  0.07789618  0.02698403  0.03198485  0.0008
     989  0.09347542  0.03597870  0.03198485  0.0008
     990  0.10905465  0.04497338  0.03198485  0.0008
     991  0.12463389  0.05396806  0.03198485  0.0008
     992  0.14021312  0.06296273  0.03198485  0.0008
     993  0.15579236  0.07195741  0.03198485  0.0008
     994  0.14021312  0.09894144 -0.03198485  0.0008
     995  0.12463389  0.08994676 -0.03198485  0.0008
     996  0.10905465  0.08095208 -0.03198485  0.0008
     997  0.09347542  0.07195741 -0.03198485  0.0008
     998  0.07789618  0.06296273 -0.03198485  0.0008
     999  0.06231694  0.05396806 -0.03198485  0.0008
    1000  0.04673771  0.04497338 -0.03198485  0.0008
    1001 -0.03115847 -0.03597870  0.03198485  0.0008
    1002 -0.01557924 -0.02698403  0.03198485  0.0008
    1003  0.00000000  0.00000000  0.04797728  0.0008
    1004  0.01557924  0.00899468  0.04797728  0.0008
    1005  0.03115847  0.01798935  0.04797728  0.0008
    1006  0.04673771  0.02698403  0.04797728  0.0008
    1007  0.06231694  0.03597870  0.04797728  0.0008
    1008  0.07789618  0.04497338  0.04797728  0.0008
    1009  0.09347542  0.05396806  0.04797728  0.0008
    1010  0.10905465  0.06296273  0.04797728  0.0008
    1011  0.12463389  0.07195741  0.04797728  0.0008
    1012  0.14021312  0.08095208  0.04797728  0.0008
    1013  0.15579236  0.08994676  0.04797728  0.0008
    1014  0.14021312  0.08095208 -0.04797728  0.0008
    1015  0.12463389  0.07195741 -0.04797728  0.0008
    1016  0.10905465  0.06296273 -0.04797728  0.0008
    1017  0.09347542  0.05396806 -0.04797728  0.0008
    1018 -0.07789618 -0.04497338  0.04797728  0.0008
    1019 -0.06231694 -0.03597870  0.04797728  0.0008
    1020 -0.04673771 -0.02698403  0.04797728  0.0008
    1021 -0.03115847 -0.01798935  0.04797728  0.0008
    1022 -0.01557924 -0.00899468  0.04797728  0.0008
    1023  0.00000000  0.01798935  0.04797728  0.0008
    1024  0.01557924  0.02698403  0.04797728  0.0008
    1025  0.03115847  0.03597870  0.04797728  0.0008
    1026  0.04673771  0.04497338  0.04797728  0.0008
    1027  0.06231694  0.05396806  0.04797728  0.0008
    1028  0.07789618  0.06296273  0.04797728  0.0008
    1029  0.09347542  0.07195741  0.04797728  0.0008
    1030  0.10905465  0.08095208  0.04797728  0.0008
    1031  0.12463389  0.08994676  0.04797728  0.0008
    1032  0.14021312  0.09894144  0.04797728  0.0008
    1033  0.15579236  0.10793611  0.04797728  0.0008
    1034  0.14021312  0.06296273 -0.04797728  0.0008
    1035  0.12463389  0.05396806 -0.04797728  0.0008
    1036  0.10905465  0.04497338 -0.04797728  0.0008
    1037 -0.09347542 -0.03597870  0.04797728  0.0008
    1038 -0.07789618 -0.02698403  0.04797728  0.0008
    1039 -0.06231694 -0.01798935  0.04797728  0.0008
    1040 -0.04673771 -0.00899468  0.04797728  0.0008
    1041 -0.03115847  0.00000000  0.04797728  0.0008
    1042 -0.01557924  0.00899468  0.04797728  0.0008
    1043  0.00000000  0.03597870  0.04797728  0.0008
    1044  0.01557924  0.04497338  0.04797728  0.0008
    1045  0.03115847  0.05396806  0.04797728  0.0008
    1046  0.04673771  0.06296273  0.04797728  0.0008
    1047  0.06231694  0.07195741  0.04797728  0.0008
    1048  0.07789618  0.08095208  0.04797728  0.0008
    1049  0.09347542  0.08994676  0.04797728  0.0008
    1050  0.10905465  0.09894144  0.04797728  0.0008
    1051  0.12463389  0.10793611  0.04797728  0.0008
    1052  0.14021312  0.11693079  0.04797728  0.0008
    1053  0.15579236  0.12592547  0.04797728  0.0008
    1054  0.14021312  0.04497338 -0.04797728  0.0008
    1055  0.12463389  0.03597870 -0.04797728  0.0008
    1056  0.10905465  0.02698403 -0.04797728  0.0008
    1057 -0.09347542 -0.01798935  0.04797728  0.0008
    1058 -0.07789618 -0.00899468  0.04797728  0.0008
    1059 -0.06231694  0.00000000  0.04797728  0.0008
    1060 -0.04673771  0.00899468  0.04797728  0.0008
    1061 -0.03115847  0.01798935  0.04797728  0.0008
    1062 -0.01557924  0.02698403  0.04797728  0.0008
    1063  0.00000000  0.05396806  0.04797728  0.0008
    1064  0.01557924  0.06296273  0.04797728  0.0008
    1065  0.03115847  0.07195741  0.04797728  0.0008
    1066  0.04673771  0.08095208  0.04797728  0.0008
    1067  0.06231694  0.08994676  0.04797728  0.0008
    1068  0.07789618  0.09894144  0.04797728  0.0008
    1069  0.09347542  0.10793611  0.04797728  0.0008
    1070  0.10905465  0.11693079  0.04797728  0.0008
    1071  0.12463389  0.12592547  0.04797728  0.0008
    1072  0.14021312  0.13492014  0.04797728  0.0008
    1073  0.15579236  0.14391482  0.04797728  0.0008
    1074  0.14021312  0.02698403 -0.04797728  0.0008
    1075  0.12463389  0.01798935 -0.04797728  0.0008
    1076 -0.10905465 -0.00899468  0.04797728  0.0008
    1077 -0.09347542  0.00000000  0.04797728  0.0008
    1078 -0.07789618  0.00899468  0.04797728  0.0008
    1079 -0.06231694  0.01798935  0.04797728  0.0008
    1080 -0.04673771  0.02698403  0.04797728  0.0008
    1081 -0.03115847  0.03597870  0.04797728  0.0008
    1082 -0.01557924  0.04497338  0.04797728  0.0008
    1083  0.00000000  0.07195741  0.04797728  0.0008
    1084  0.01557924  0.08095208  0.04797728  0.0008
    1085  0.03115847  0.08994676  0.04797728  0.0008
    1086  0.04673771  0.09894144  0.04797728  0.0008
    1087  0.06231694  0.10793611  0.04797728  0.0008
    1088  0.07789618  0.11693079  0.04797728  0.0008
    1089  0.09347542  0.12592547  0.04797728  0.0008
    1090  0.10905465  0.13492014  0.04797728  0.0008
    1091  0.12463389  0.14391482  0.04797728  0.0008
    1092  0.14021312  0.15290949  0.04797728  0.0008
    1093  0.15579236  0.16190417  0.04797728  0.0008
    1094 -0.14021312 -0.00899468  0.04797728  0.0008
    1095 -0.12463389  0.00000000  0.04797728  0.0008
    1096 -0.10905465  0.00899468  0.04797728  0.0008
    1097 -0.09347542  0.01798935  0.04797728  0.0008
    1098 -0.07789618  0.02698403  0.04797728  0.0008
    1099 -0.06231694  0.03597870  0.04797728  0.0008
    1100 -0.04673771  0.04497338  0.04797728  0.0008
    1101 -0.03115847  0.05396806  0.04797728  0.0008
    1102 -0.01557924  0.06296273  0.04797728  0.0008
    1103  0.00000000  0.08994676  0.04797728  0.0008
    1104  0.01557924  0.09894144  0.04797728  0.0008
    1105  0.03115847  0.10793611  0.04797728  0.0008
    1106  0.04673771  0.11693079  0.04797728  0.0008
    1107  0.06231694  0.12592547  0.04797728  0.0008
    1108  0.07789618  0.13492014  0.04797728  0.0008
    1109  0.09347542  0.14391482  0.04797728  0.0008
    1110  0.10905465  0.15290949  0.04797728  0.0008
    1111  0.12463389  0.16190417  0.04797728  0.0008
    1112  0.14021312  0.17089885  0.04797728  0.0008
    1113  0.15579236  0.17989352  0.04797728  0.0008
    1114 -0.14021312  0.00899468  0.04797728  0.0008
    1115 -0.12463389  0.01798935  0.04797728  0.0008
    1116 -0.10905465  0.02698403  0.04797728  0.0008
    1117 -0.09347542  0.03597870  0.04797728  0.0008
    1118 -0.07789618  0.04497338  0.04797728  0.0008
    1119 -0.06231694  0.05396806  0.04797728  0.0008
    1120 -0.04673771  0.06296273  0.04797728  0.0008
    1121 -0.03115847  0.07195741  0.04797728  0.0008
    1122 -0.01557924  0.08095208  0.04797728  0.0008
    1123  0.00000000  0.10793611  0.04797728  0.0008
    1124  0.01557924  0.11693079  0.04797728  0.0008
    1125  0.03115847  0.12592547  0.04797728  0.0008
    1126  0.04673771  0.13492014  0.04797728  0.0008
    1127  0.06231694  0.14391482  0.04797728  0.0008
    1128  0.07789618  0.15290949  0.04797728  0.0008
    1129  0.09347542  0.16190417  0.04797728  0.0008
    1130  0.10905465  0.17089885  0.04797728  0.0008
    1131  0.12463389  0.17989352  0.04797728  0.0008
    1132  0.14021312  0.18888820  0.04797728  0.0008
    1133  0.15579236  0.19788287  0.04797728  0.0008
    1134 -0.14021312  0.02698403  0.04797728  0.0008
    1135 -0.12463389  0.03597870  0.04797728  0.0008
    1136 -0.10905465  0.04497338  0.04797728  0.0008
    1137 -0.09347542  0.05396806  0.04797728  0.0008
    1138 -0.07789618  0.06296273  0.04797728  0.0008
    1139 -0.06231694  0.07195741  0.04797728  0.0008
    1140 -0.04673771  0.08095208  0.04797728  0.0008
    1141 -0.03115847  0.08994676  0.04797728  0.0008
    1142 -0.01557924  0.09894144  0.04797728  0.0008
    1143  0.00000000  0.12592547  0.04797728  0.0008
    1144  0.01557924  0.13492014  0.04797728  0.0008
    1145  0.03115847  0.14391482  0.04797728  0.0008
    1146  0.04673771  0.15290949  0.04797728  0.0008
    1147  0.06231694  0.16190417  0.04797728  0.0008
    1148  0.07789618  0.17089885  0.04797728  0.0008
    1149  0.09347542  0.17989352  0.04797728  0.0008
    1150  0.10905465  0.18888820  0.04797728  0.0008
    1151  0.12463389  0.19788287  0.04797728  0.0008
    1152  0.14021312  0.20687755  0.04797728  0.0008
    1153  0.15579236  0.21587223  0.04797728  0.0008
    1154 -0.14021312  0.04497338  0.04797728  0.0008
    1155 -0.12463389  0.05396806  0.04797728  0.0008
    1156 -0.10905465  0.06296273  0.04797728  0.0008
    1157 -0.09347542  0.07195741  0.04797728  0.0008
    1158 -0.07789618  0.08095208  0.04797728  0.0008
    1159 -0.06231694  0.08994676  0.04797728  0.0008
    1160 -0.04673771  0.09894144  0.04797728  0.0008
    1161 -0.03115847  0.10793611  0.04797728  0.0008
    1162 -0.01557924  0.11693079  0.04797728  0.0008
    1163  0.00000000  0.14391482  0.04797728  0.0008
    1164  0.01557924  0.15290949  0.04797728  0.0008
    1165  0.03115847  0.16190417  0.04797728  0.0008
    1166  0.04673771  0.17089885  0.04797728  0.0008
    1167  0.06231694  0.17989352  0.04797728  0.0008
    1168  0.07789618  0.18888820  0.04797728  0.0008
    1169  0.09347542  0.19788287  0.04797728  0.0008
    1170  0.10905465  0.20687755  0.04797728  0.0008
    1171  0.12463389  0.21587223  0.04797728  0.0008
    1172  0.14021312  0.22486690  0.04797728  0.0008
    1173  0.15579236  0.23386158  0.04797728  0.0008
    1174 -0.14021312  0.06296273  0.04797728  0.0008
    1175 -0.12463389  0.07195741  0.04797728  0.0008
    1176 -0.10905465  0.08095208  0.04797728  0.0008
    1177 -0.09347542  0.08994676  0.04797728  0.0008
    1178 -0.07789618  0.09894144  0.04797728  0.0008
    1179 -0.06231694  0.10793611  0.04797728  0.0008
    1180 -0.04673771  0.11693079  0.04797728  0.0008
    1181 -0.03115847  0.12592547  0.04797728  0.0008
    1182 -0.01557924  0.13492014  0.04797728  0.0008
    1183  0.00000000  0.16190417  0.04797728  0.0008
    1184  0.01557924  0.17089885  0.04797728  0.0008
    1185  0.03115847  0.17989352  0.04797728  0.0008
    1186  0.04673771  0.18888820  0.04797728  0.0008
    1187  0.06231694  0.19788287  0.04797728  0.0008
    1188  0.07789618  0.20687755  0.04797728  0.0008
    1189  0.09347542  0.21587223  0.04797728  0.0008
    1190  0.10905465  0.22486690  0.04797728  0.0008
    1191  0.12463389  0.23386158  0.04797728  0.0008
    1192  0.14021312  0.24285625  0.04797728  0.0008
    1193  0.15579236  0.25185093  0.04797728  0.0008
    1194 -0.14021312  0.08095208  0.04797728  0.0008
    1195 -0.12463389  0.08994676  0.04797728  0.0008
    1196 -0.10905465  0.09894144  0.04797728  0.0008
    1197 -0.09347542  0.10793611  0.04797728  0.0008
    1198 -0.07789618  0.11693079  0.04797728  0.0008
    1199 -0.06231694  0.12592547  0.04797728  0.0008
    1200 -0.04673771  0.13492014  0.04797728  0.0008
    1201 -0.03115847  0.14391482  0.04797728  0.0008
    1202 -0.01557924  0.15290949  0.04797728  0.0008
    1203  0.00000000  0.17989352  0.04797728  0.0008
    1204  0.01557924  0.18888820  0.04797728  0.0008
    1205  0.03115847  0.19788287  0.04797728  0.0008
    1206  0.04673771  0.20687755  0.04797728  0.0008
    1207  0.06231694  0.21587223  0.04797728  0.0008
    1208  0.07789618  0.22486690  0.04797728  0.0008
    1209  0.09347542  0.23386158  0.04797728  0.0008
    1210  0.10905465  0.24285625  0.04797728  0.0008
    1211  0.12463389  0.25185093  0.04797728  0.0008
    1212  0.14021312  0.26084561  0.04797728  0.0008
    1213  0.15579236  0.26984028  0.04797728  0.0008
    1214  0.14021312  0.26084561 -0.04797728  0.0008
    1215  0.12463389  0.25185093 -0.04797728  0.0008
    1216  0.10905465  0.24285625 -0.04797728  0.0008
    1217  0.09347542  0.23386158 -0.04797728  0.0008
    1218 -0.07789618  0.13492014  0.04797728  0.0008
    1219 -0.06231694  0.14391482  0.04797728  0.0008
    1220 -0.04673771  0.15290949  0.04797728  0.0008
    1221 -0.03115847  0.16190417  0.04797728  0.0008
    1222 -0.01557924  0.17089885  0.04797728  0.0008
    1223  0.00000000  0.16190417 -0.04797728  0.0008
    1224 -0.01557924  0.15290949 -0.04797728  0.0008
    1225 -0.03115847  0.14391482 -0.04797728  0.0008
    1226 -0.04673771  0.13492014 -0.04797728  0.0008
    1227  0.06231694 -0.12592547  0.04797728  0.0008
    1228  0.07789618 -0.11693079  0.04797728  0.0008
    1229  0.09347542 -0.10793611  0.04797728  0.0008
    1230  0.10905465 -0.09894144  0.04797728  0.0008
    1231  0.12463389 -0.08994676  0.04797728  0.0008
    1232  0.14021312 -0.08095208  0.04797728  0.0008
    1233  0.15579236  0.25185093 -0.04797728  0.0008
    1234  0.14021312  0.24285625 -0.04797728  0.0008
    1235  0.12463389  0.23386158 -0.04797728  0.0008
    1236  0.10905465  0.22486690 -0.04797728  0.0008
    1237  0.09347542  0.21587223 -0.04797728  0.0008
    1238  0.07789618  0.20687755 -0.04797728  0.0008
    1239  0.06231694  0.19788287 -0.04797728  0.0008
    1240  0.04673771  0.18888820 -0.04797728  0.0008
    1241  0.03115847  0.17989352 -0.04797728  0.0008
    1242  0.01557924  0.17089885 -0.04797728  0.0008
    1243  0.00000000  0.14391482 -0.04797728  0.0008
    1244 -0.01557924  0.13492014 -0.04797728  0.0008
    1245 -0.03115847  0.12592547 -0.04797728  0.0008
    1246 -0.04673771  0.11693079 -0.04797728  0.0008
    1247  0.06231694 -0.10793611  0.04797728  0.0008
    1248  0.07789618 -0.09894144  0.04797728  0.0008
    1249  0.09347542 -0.08994676  0.04797728  0.0008
    1250  0.10905465 -0.08095208  0.04797728  0.0008
    1251  0.12463389 -0.07195741  0.04797728  0.0008
    1252  0.14021312 -0.06296273  0.04797728  0.0008
    1253  0.15579236  0.23386158 -0.04797728  0.0008
    1254  0.14021312  0.22486690 -0.04797728  0.0008
    1255  0.12463389  0.21587223 -0.04797728  0.0008
    1256  0.10905465  0.20687755 -0.04797728  0.0008
    1257  0.09347542  0.19788287 -0.04797728  0.0008
    1258  0.07789618  0.18888820 -0.04797728  0.0008
    1259  0.06231694  0.17989352 -0.04797728  0.0008
    1260  0.04673771  0.17089885 -0.04797728  0.0008
    1261  0.03115847  0.16190417 -0.04797728  0.0008
    1262  0.01557924  0.15290949 -0.04797728  0.0008
    1263  0.00000000  0.12592547 -0.04797728  0.0008
    1264 -0.01557924  0.11693079 -0.04797728  0.0008
    1265 -0.03115847  0.10793611 -0.04797728  0.0008
    1266  0.04673771 -0.09894144  0.04797728  0.0008
    1267  0.06231694 -0.08994676  0.04797728  0.0008
    1268  0.07789618 -0.08095208  0.04797728  0.0008
    1269  0.09347542 -0.07195741  0.04797728  0.0008
    1270  0.10905465 -0.06296273  0.04797728  0.0008
    1271  0.12463389 -0.05396806  0.04797728  0.0008
    1272  0.14021312 -0.04497338  0.04797728  0.0008
    1273  0.15579236  0.21587223 -0.04797728  0.0008
    1274  0.14021312  0.20687755 -0.04797728  0.0008
    1275  0.12463389  0.19788287 -0.04797728  0.0008
    1276  0.10905465  0.18888820 -0.04797728  0.0008
    1277  0.09347542  0.17989352 -0.04797728  0.0008
    1278  0.07789618  0.17089885 -0.04797728  0.0008
    1279  0.06231694  0.16190417 -0.04797728  0.0008
    1280  0.04673771  0.15290949 -0.04797728  0.0008
    1281  0.03115847  0.14391482 -0.04797728  0.0008
    1282  0.01557924  0.13492014 -0.04797728  0.0008
    1283  0.00000000  0.10793611 -0.04797728  0.0008
    1284 -0.01557924  0.09894144 -0.04797728  0.0008
    1285  0.03115847 -0.08994676  0.04797728  0.0008
    1286  0.04673771 -0.08095208  0.04797728  0.0008
    1287  0.06231694 -0.07195741  0.04797728  0.0008
    1288  0.07789618 -0.06296273  0.04797728  0.0008
    1289  0.09347542 -0.05396806  0.04797728  0.0008
    1290  0.10905465 -0.04497338  0.04797728  0.0008
    1291  0.12463389 -0.03597870  0.04797728  0.0008
    1292  0.14021312 -0.02698403  0.04797728  0.0008
    1293  0.15579236  0.19788287 -0.04797728  0.0008
    1294  0.14021312  0.18888820 -0.04797728  0.0008
    1295  0.12463389  0.17989352 -0.04797728  0.0008
    1296  0.10905465  0.17089885 -0.04797728  0.0008
    1297  0.09347542  0.16190417 -0.04797728  0.0008
    1298  0.07789618  0.15290949 -0.04797728  0.0008
    1299  0.06231694  0.14391482 -0.04797728  0.0008
    1300  0.04673771  0.13492014 -0.04797728  0.0008
    1301  0.03115847  0.12592547 -0.04797728  0.0008
    1302  0.01557924  0.11693079 -0.04797728  0.0008
    1303  0.00000000 -0.08994676  0.04797728  0.0008
    1304  0.01557924 -0.08095208  0.04797728  0.0008
    1305  0.03115847 -0.07195741  0.04797728  0.0008
    1306  0.04673771 -0.06296273  0.04797728  0.0008
    1307  0.06231694 -0.05396806  0.04797728  0.0008
    1308  0.07789618 -0.04497338  0.04797728  0.0008
    1309  0.09347542 -0.03597870  0.04797728  0.0008
    1310  0.10905465 -0.02698403  0.04797728  0.0008
    1311  0.12463389 -0.01798935  0.04797728  0.0008
    1312  0.14021312 -0.00899468  0.04797728  0.0008
    1313  0.15579236  0.00000000  0.04797728  0.0008
    1314  0.14021312  0.17089885 -0.04797728  0.0008
    1315  0.12463389  0.16190417 -0.04797728  0.0008
    1316  0.10905465  0.15290949 -0.04797728  0.0008
    1317  0.09347542  0.14391482 -0.04797728  0.0008
    1318  0.07789618  0.13492014 -0.04797728  0.0008
    1319  0.06231694  0.12592547 -0.04797728  0.0008
    1320  0.04673771  0.11693079 -0.04797728  0.0008
    1321  0.03115847  0.10793611 -0.04797728  0.0008
    1322  0.01557924  0.09894144 -0.04797728  0.0008
    1323  0.00000000 -0.07195741  0.04797728  0.0008
    1324  0.01557924 -0.06296273  0.04797728  0.0008
    1325  0.03115847 -0.05396806  0.04797728  0.0008
    1326  0.04673771 -0.04497338  0.04797728  0.0008
    1327  0.06231694 -0.03597870  0.04797728  0.0008
    1328  0.07789618 -0.02698403  0.04797728  0.0008
    1329  0.09347542 -0.01798935  0.04797728  0.0008
    1330  0.10905465 -0.00899468  0.04797728  0.0008
    1331  0.12463389  0.00000000  0.04797728  0.0008
    1332  0.14021312  0.00899468  0.04797728  0.0008
    1333  0.15579236  0.01798935  0.04797728  0.0008
    1334  0.14021312  0.15290949 -0.04797728  0.0008
    1335  0.12463389  0.14391482 -0.04797728  0.0008
    1336  0.10905465  0.13492014 -0.04797728  0.0008
    1337  0.09347542  0.12592547 -0.04797728  0.0008
    1338  0.07789618  0.11693079 -0.04797728  0.0008
    1339  0.06231694  0.10793611 -0.04797728  0.0008
    1340  0.04673771  0.09894144 -0.04797728  0.0008
    1341  0.03115847  0.08994676 -0.04797728  0.0008
    1342 -0.01557924 -0.08095208  0.04797728  0.0008
    1343  0.00000000 -0.05396806  0.04797728  0.0008
    1344  0.01557924 -0.04497338  0.04797728  0.0008
    1345  0.03115847 -0.03597870  0.04797728  0.0008
    1346  0.04673771 -0.02698403  0.04797728  0.0008
    1347  0.06231694 -0.01798935  0.04797728  0.0008
    1348  0.07789618 -0.00899468  0.04797728  0.0008
    1349  0.09347542  0.00000000  0.04797728  0.0008
    1350  0.10905465  0.00899468  0.04797728  0.0008
    1351  0.12463389  0.01798935  0.04797728  0.0008
    1352  0.14021312  0.02698403  0.04797728  0.0008
    1353  0.15579236  0.03597870  0.04797728  0.0008
    1354  0.14021312  0.13492014 -0.04797728  0.0008
    1355  0.12463389  0.12592547 -0.04797728  0.0008
    1356  0.10905465  0.11693079 -0.04797728  0.0008
    1357  0.09347542  0.10793611 -0.04797728  0.0008
    1358  0.07789618  0.09894144 -0.04797728  0.0008
    1359  0.06231694  0.08994676 -0.04797728  0.0008
    1360  0.04673771  0.08095208 -0.04797728  0.0008
    1361 -0.03115847 -0.07195741  0.04797728  0.0008
    1362 -0.01557924 -0.06296273  0.04797728  0.0008
    1363  0.00000000 -0.03597870  0.04797728  0.0008
    1364  0.01557924 -0.02698403  0.04797728  0.0008
    1365  0.03115847 -0.01798935  0.04797728  0.0008
    1366  0.04673771 -0.00899468  0.04797728  0.0008
    1367  0.06231694  0.00000000  0.04797728  0.0008
    1368  0.07789618  0.00899468  0.04797728  0.0008
    1369  0.09347542  0.01798935  0.04797728  0.0008
    1370  0.10905465  0.02698403  0.04797728  0.0008
    1371  0.12463389  0.03597870  0.04797728  0.0008
    1372  0.14021312  0.04497338  0.04797728  0.0008
    1373  0.15579236  0.05396806  0.04797728  0.0008
    1374  0.14021312  0.11693079 -0.04797728  0.0008
    1375  0.12463389  0.10793611 -0.04797728  0.0008
    1376  0.10905465  0.09894144 -0.04797728  0.0008
    1377  0.09347542  0.08994676 -0.04797728  0.0008
    1378  0.07789618  0.08095208 -0.04797728  0.0008
    1379  0.06231694  0.07195741 -0.04797728  0.0008
    1380 -0.04673771 -0.06296273  0.04797728  0.0008
    1381 -0.03115847 -0.05396806  0.04797728  0.0008
    1382 -0.01557924 -0.04497338  0.04797728  0.0008
    1383  0.00000000 -0.01798935  0.04797728  0.0008
    1384  0.01557924 -0.00899468  0.04797728  0.0008
    1385  0.03115847  0.00000000  0.04797728  0.0008
    1386  0.04673771  0.00899468  0.04797728  0.0008
    1387  0.06231694  0.01798935  0.04797728  0.0008
    1388  0.07789618  0.02698403  0.04797728  0.0008
    1389  0.09347542  0.03597870  0.04797728  0.0008
    1390  0.10905465  0.04497338  0.04797728  0.0008
    1391  0.12463389  0.05396806  0.04797728  0.0008
    1392  0.14021312  0.06296273  0.04797728  0.0008
    1393  0.15579236  0.07195741  0.04797728  0.0008
    1394  0.14021312  0.09894144 -0.04797728  0.0008
    1395  0.12463389  0.08994676 -0.04797728  0.0008
    1396  0.10905465  0.08095208 -0.04797728  0.0008
    1397  0.09347542  0.07195741 -0.04797728  0.0008
    1398  0.07789618  0.06296273 -0.04797728  0.0008
    1399 -0.06231694 -0.05396806  0.04797728  0.0008
    1400 -0.04673771 -0.04497338  0.04797728  0.0008
    1401 -0.03115847 -0.03597870  0.04797728  0.0008
    1402 -0.01557924 -0.02698403  0.04797728  0.0008
    1403  0.00000000  0.00000000  0.06396970  0.0008
    1404  0.01557924  0.00899468  0.06396970  0.0008
    1405  0.03115847  0.01798935  0.06396970  0.0008
    1406  0.04673771  0.02698403  0.06396970  0.0008
    1407  0.06231694  0.03597870  0.06396970  0.0008
    1408  0.07789618  0.04497338  0.06396970  0.0008
    1409  0.09347542  0.05396806  0.06396970  0.0008
    1410  0.10905465  0.06296273  0.06396970  0.0008
    1411  0.12463389  0.07195741  0.06396970  0.0008
    1412  0.14021312  0.08095208  0.06396970  0.0008
    1413  0.15579236  0.08994676  0.06396970  0.0008
    1414  0.14021312  0.08095208 -0.06396970  0.0008
    1415  0.12463389  0.07195741 -0.06396970  0.0008
    1416  0.10905465  0.06296273 -0.06396970  0.0008
    1417 -0.09347542 -0.05396806  0.06396970  0.0008
    1418 -0.07789618 -0.04497338  0.06396970  0.0008
    1419 -0.06231694 -0.03597870  0.06396970  0.0008
    1420 -0.04673771 -0.02698403  0.06396970  0.0008
    1421 -0.03115847 -0.01798935  0.06396970  0.0008
    1422 -0.01557924 -0.00899468  0.06396970  0.0008
    1423  0.00000000  0.01798935  0.06396970  0.0008
    1424  0.01557924  0.02698403  0.06396970  0.0008
    1425  0.03115847  0.03597870  0.06396970  0.0008
    1426  0.04673771  0.04497338  0.06396970  0.0008
    1427  0.06231694  0.05396806  0.06396970  0.0008
    1428  0.07789618  0.06296273  0.06396970  0.0008
    1429  0.09347542  0.07195741  0.06396970  0.0008
    1430  0.10905465  0.08095208  0.06396970  0.0008
    1431  0.12463389  0.08994676  0.06396970  0.0008
    1432  0.14021312  0.09894144  0.06396970  0.0008
    1433  0.15579236  0.10793611  0.06396970  0.0008
    1434  0.14021312  0.06296273 -0.06396970  0.0008
    1435  0.12463389  0.05396806 -0.06396970  0.0008
    1436 -0.10905465 -0.04497338  0.06396970  0.0008
    1437 -0.09347542 -0.03597870  0.06396970  0.0008
    1438 -0.07789618 -0.02698403  0.06396970  0.0008
    1439 -0.06231694 -0.01798935  0.06396970  0.0008
    1440 -0.04673771 -0.00899468  0.06396970  0.0008
    1441 -0.03115847  0.00000000  0.06396970  0.0008
    1442 -0.01557924  0.00899468  0.06396970  0.0008
    1443  0.00000000  0.03597870  0.06396970  0.0008
    1444  0.01557924  0.04497338  0.06396970  0.0008
    1445  0.03115847  0.05396806  0.06396970  0.0008
    1446  0.04673771  0.06296273  0.06396970  0.0008
    1447  0.06231694  0.07195741  0.06396970  0.0008
    1448  0.07789618  0.08095208  0.06396970  0.0008
    1449  0.09347542  0.08994676  0.06396970  0.0008
    1450  0.10905465  0.09894144  0.06396970  0.0008
    1451  0.12463389  0.10793611  0.06396970  0.0008
    1452  0.14021312  0.11693079  0.06396970  0.0008
    1453  0.15579236  0.12592547  0.06396970  0.0008
    1454  0.14021312  0.04497338 -0.06396970  0.0008
    1455 -0.12463389 -0.03597870  0.06396970  0.0008
    1456 -0.10905465 -0.02698403  0.06396970  0.0008
    1457 -0.09347542 -0.01798935  0.06396970  0.0008
    1458 -0.07789618 -0.00899468  0.06396970  0.0008
    1459 -0.06231694  0.00000000  0.06396970  0.0008
    1460 -0.04673771  0.00899468  0.06396970  0.0008
    1461 -0.03115847  0.01798935  0.06396970  0.0008
    1462 -0.01557924  0.02698403  0.06396970  0.0008
    1463  0.00000000  0.05396806  0.06396970  0.0008
    1464  0.01557924  0.06296273  0.06396970  0.0008
    1465  0.03115847  0.07195741  0.06396970  0.0008
    1466  0.04673771  0.08095208  0.06396970  0.0008
    1467  0.06231694  0.08994676  0.06396970  0.0008
    1468  0.07789618  0.09894144  0.06396970  0.0008
    1469  0.09347542  0.10793611  0.06396970  0.0008
    1470  0.10905465  0.11693079  0.06396970  0.0008
    1471  0.12463389  0.12592547  0.06396970  0.0008
    1472  0.14021312  0.13492014  0.06396970  0.0008
    1473  0.15579236  0.14391482  0.06396970  0.0008
    1474 -0.14021312 -0.02698403  0.06396970  0.0008
    1475 -0.12463389 -0.01798935  0.06396970  0.0008
    1476 -0.10905465 -0.00899468  0.06396970  0.0008
    1477 -0.09347542  0.00000000  0.06396970  0.0008
    1478 -0.07789618  0.00899468  0.06396970  0.0008
    1479 -0.06231694  0.01798935  0.06396970  0.0008
    1480 -0.04673771  0.02698403  0.06396970  0.0008
    1481 -0.03115847  0.03597870  0.06396970  0.0008
    1482 -0.01557924  0.04497338  0.06396970  0.0008
    1483  0.00000000  0.07195741  0.06396970  0.0008
    1484  0.01557924  0.08095208  0.06396970  0.0008
    1485  0.03115847  0.08994676  0.06396970  0.0008
    1486  0.04673771  0.09894144  0.06396970  0.0008
    1487  0.06231694  0.10793611  0.06396970  0.0008
    1488  0.07789618  0.11693079  0.06396970  0.0008
    1489  0.09347542  0.12592547  0.06396970  0.0008
    1490  0.10905465  0.13492014  0.06396970  0.0008
    1491  0.12463389  0.14391482  0.06396970  0.0008
    1492  0.14021312  0.15290949  0.06396970  0.0008
    1493  0.15579236  0.16190417  0.06396970  0.0008
    1494 -0.14021312 -0.00899468  0.06396970  0.0008
    1495 -0.12463389  0.00000000  0.06396970  0.0008
    1496 -0.10905465  0.00899468  0.06396970  0.0008
    1497 -0.09347542  0.01798935  0.06396970  0.0008
    1498 -0.07789618  0.02698403  0.06396970  0.0008
    1499 -0.06231694  0.03597870  0.06396970  0.0008
    1500 -0.04673771  0.04497338  0.06396970  0.0008
    1501 -0.03115847  0.05396806  0.06396970  0.0008
    1502 -0.01557924  0.06296273  0.06396970  0.0008
    1503  0.00000000  0.08994676  0.06396970  0.0008
    1504  0.01557924  0.09894144  0.06396970  0.0008
    1505  0.03115847  0.10793611  0.06396970  0.0008
    1506  0.04673771  0.11693079  0.06396970  0.0008
    1507  0.06231694  0.12592547  0.06396970  0.0008
    1508  0.07789618  0.13492014  0.06396970  0.0008
    1509  0.09347542  0.14391482  0.06396970  0.0008
    1510  0.10905465  0.15290949  0.06396970  0.0008
    1511  0.12463389  0.16190417  0.06396970  0.0008
    1512  0.14021312  0.17089885  0.06396970  0.0008
    1513  0.15579236  0.17989352  0.06396970  0.0008
    1514 -0.14021312  0.00899468  0.06396970  0.0008
    1515 -0.12463389  0.01798935  0.06396970  0.0008
    1516 -0.10905465  0.02698403  0.06396970  0.0008
    1517 -0.09347542  0.03597870  0.06396970  0.0008
    1518 -0.07789618  0.04497338  0.06396970  0.0008
    1519 -0.06231694  0.05396806  0.06396970  0.0008
    1520 -0.04673771  0.06296273  0.06396970  0.0008
    1521 -0.03115847  0.07195741  0.06396970  0.0008
    1522 -0.01557924  0.08095208  0.06396970  0.0008
    1523  0.00000000  0.10793611  0.06396970  0.0008
    1524  0.01557924  0.11693079  0.06396970  0.0008
    1525  0.03115847  0.12592547  0.06396970  0.0008
    1526  0.04673771  0.13492014  0.06396970  0.0008
    1527  0.06231694  0.14391482  0.06396970  0.0008
    1528  0.07789618  0.15290949  0.06396970  0.0008
    1529  0.09347542  0.16190417  0.06396970  0.0008
    1530  0.10905465  0.17089885  0.06396970  0.0008
    1531  0.12463389  0.17989352  0.06396970  0.0008
    1532  0.14021312  0.18888820  0.06396970  0.0008
    1533  0.15579236  0.19788287  0.06396970  0.0008
    1534 -0.14021312  0.02698403  0.06396970  0.0008
    1535 -0.12463389  0.03597870  0.06396970  0.0008
    1536 -0.10905465  0.04497338  0.06396970  0.0008
    1537 -0.09347542  0.05396806  0.06396970  0.0008
    1538 -0.07789618  0.06296273  0.06396970  0.0008
    1539 -0.06231694  0.07195741  0.06396970  0.0008
    1540 -0.04673771  0.08095208  0.06396970  0.0008
    1541 -0.03115847  0.08994676  0.06396970  0.0008
    1542 -0.01557924  0.09894144  0.06396970  0.0008
    1543  0.00000000  0.12592547  0.06396970  0.0008
    1544  0.01557924  0.13492014  0.06396970  0.0008
    1545  0.03115847  0.14391482  0.06396970  0.0008
    1546  0.04673771  0.15290949  0.06396970  0.0008
    1547  0.06231694  0.16190417  0.06396970  0.0008
    1548  0.07789618  0.17089885  0.06396970  0.0008
    1549  0.09347542  0.17989352  0.06396970  0.0008
    1550  0.10905465  0.18888820  0.06396970  0.0008
    1551  0.12463389  0.19788287  0.06396970  0.0008
    1552  0.14021312  0.20687755  0.06396970  0.0008
    1553  0.15579236  0.21587223  0.06396970  0.0008
    1554 -0.14021312  0.04497338  0.06396970  0.0008
    1555 -0.12463389  0.05396806  0.06396970  0.0008
    1556 -0.10905465  0.06296273  0.06396970  0.0008
    1557 -0.09347542  0.07195741  0.06396970  0.0008
    1558 -0.07789618  0.08095208  0.06396970  0.0008
    1559 -0.06231694  0.08994676  0.06396970  0.0008
    1560 -0.04673771  0.09894144  0.06396970  0.0008
    1561 -0.03115847  0.10793611  0.06396970  0.0008
    1562 -0.01557924  0.11693079  0.06396970  0.0008
    1563  0.00000000  0.14391482  0.06396970  0.0008
    1564  0.01557924  0.15290949  0.06396970  0.0008
    1565  0.03115847  0.16190417  0.06396970  0.0008
    1566  0.04673771  0.17089885  0.06396970  0.0008
    1567  0.06231694  0.17989352  0.06396970  0.0008
    1568  0.07789618  0.18888820  0.06396970  0.0008
    1569  0.09347542  0.19788287  0.06396970  0.0008
    1570  0.10905465  0.20687755  0.06396970  0.0008
    1571  0.12463389  0.21587223  0.06396970  0.0008
    1572  0.14021312  0.22486690  0.06396970  0.0008
    1573  0.15579236  0.23386158  0.06396970  0.0008
    1574 -0.14021312  0.06296273  0.06396970  0.0008
    1575 -0.12463389  0.07195741  0.06396970  0.0008
    1576 -0.10905465  0.08095208  0.06396970  0.0008
    1577 -0.09347542  0.08994676  0.06396970  0.0008
    1578 -0.07789618  0.09894144  0.06396970  0.0008
    1579 -0.06231694  0.10793611  0.06396970  0.0008
    1580 -0.04673771  0.11693079  0.06396970  0.0008
    1581 -0.03115847  0.12592547  0.06396970  0.0008
    1582 -0.01557924  0.13492014  0.06396970  0.0008
    1583  0.00000000  0.16190417  0.06396970  0.0008
    1584  0.01557924  0.17089885  0.06396970  0.0008
    1585  0.03115847  0.17989352  0.06396970  0.0008
    1586  0.04673771  0.18888820  0.06396970  0.0008
    1587  0.06231694  0.19788287  0.06396970  0.0008
    1588  0.07789618  0.20687755  0.06396970  0.0008
    1589  0.09347542  0.21587223  0.06396970  0.0008
    1590  0.10905465  0.22486690  0.06396970  0.0008
    1591  0.12463389  0.23386158  0.06396970  0.0008
    1592  0.14021312  0.24285625  0.06396970  0.0008
    1593  0.15579236  0.25185093  0.06396970  0.0008
    1594 -0.14021312  0.08095208  0.06396970  0.0008
    1595 -0.12463389  0.08994676  0.06396970  0.0008
    1596 -0.10905465  0.09894144  0.06396970  0.0008
    1597 -0.09347542  0.10793611  0.06396970  0.0008
    1598 -0.07789618  0.11693079  0.06396970  0.0008
    1599 -0.06231694  0.12592547  0.06396970  0.0008
    1600 -0.04673771  0.13492014  0.06396970  0.0008
    1601 -0.03115847  0.14391482  0.06396970  0.0008
    1602 -0.01557924  0.15290949  0.06396970  0.0008
    1603  0.00000000  0.17989352  0.06396970  0.0008
    1604  0.01557924  0.18888820  0.06396970  0.0008
    1605  0.03115847  0.19788287  0.06396970  0.0008
    1606  0.04673771  0.20687755  0.06396970  0.0008
    1607  0.06231694  0.21587223  0.06396970  0.0008
    1608  0.07789618  0.22486690  0.06396970  0.0008
    1609  0.09347542  0.23386158  0.06396970  0.0008
    1610  0.10905465  0.24285625  0.06396970  0.0008
    1611  0.12463389  0.25185093  0.06396970  0.0008
    1612  0.14021312  0.26084561  0.06396970  0.0008
    1613  0.15579236  0.26984028  0.06396970  0.0008
    1614  0.14021312  0.26084561 -0.06396970  0.0008
    1615  0.12463389  0.25185093 -0.06396970  0.0008
    1616  0.10905465  0.24285625 -0.06396970  0.0008
    1617 -0.09347542  0.12592547  0.06396970  0.0008
    1618 -0.07789618  0.13492014  0.06396970  0.0008
    1619 -0.06231694  0.14391482  0.06396970  0.0008
    1620 -0.04673771  0.15290949  0.06396970  0.0008
    1621 -0.03115847  0.16190417  0.06396970  0.0008
    1622 -0.01557924  0.17089885  0.06396970  0.0008
    1623  0.00000000  0.16190417 -0.06396970  0.0008
    1624 -0.01557924  0.15290949 -0.06396970  0.0008
    1625 -0.03115847  0.14391482 -0.06396970  0.0008
    1626  0.04673771 -0.13492014  0.06396970  0.0008
    1627  0.06231694 -0.12592547  0.06396970  0.0008
    1628  0.07789618 -0.11693079  0.06396970  0.0008
    1629  0.09347542 -0.10793611  0.06396970  0.0008
    1630  0.10905465 -0.09894144  0.06396970  0.0008
    1631  0.12463389 -0.08994676  0.06396970  0.0008
    1632  0.14021312 -0.08095208  0.06396970  0.0008
    1633  0.15579236  0.25185093 -0.06396970  0.0008
    1634  0.14021312  0.24285625 -0.06396970  0.0008
    1635  0.12463389  0.23386158 -0.06396970  0.0008
    1636  0.10905465  0.22486690 -0.06396970  0.0008
    1637  0.09347542  0.21587223 -0.06396970  0.0008
    1638  0.07789618  0.20687755 -0.06396970  0.0008
    1639  0.06231694  0.19788287 -0.06396970  0.0008
    1640  0.04673771  0.18888820 -0.06396970  0.0008
    1641  0.03115847  0.17989352 -0.06396970  0.0008
    1642  0.01557924  0.17089885 -0.06396970  0.0008
    1643  0.00000000  0.14391482 -0.06396970  0.0008
    1644 -0.01557924  0.13492014 -0.06396970  0.0008
    1645  0.03115847 -0.12592547  0.06396970  0.0008
    1646  0.04673771 -0.11693079  0.06396970  0.0008
    1647  0.06231694 -0.10793611  0.06396970  0.0008
    1648  0.07789618 -0.09894144  0.06396970  0.0008
    1649  0.09347542 -0.08994676  0.06396970  0.0008
    1650  0.10905465 -0.08095208  0.06396970  0.0008
    1651  0.12463389 -0.07195741  0.06396970  0.0008
    1652  0.14021312 -0.06296273  0.06396970  0.0008
    1653  0.15579236  0.23386158 -0.06396970  0.0008
    1654  0.14021312  0.22486690 -0.06396970  0.0008
    1655  0.12463389  0.21587223 -0.06396970  0.0008
    1656  0.10905465  0.20687755 -0.06396970  0.0008
    1657  0.09347542  0.19788287 -0.06396970  0.0008
    1658  0.07789618  0.18888820 -0.06396970  0.0008
    1659  0.06231694  0.17989352 -0.06396970  0.0008
    1660  0.04673771  0.17089885 -0.06396970  0.0008
    1661  0.03115847  0.16190417 -0.06396970  0.0008
    1662  0.01557924  0.15290949 -0.06396970  0.0008
    1663  0.00000000  0.12592547 -0.06396970  0.0008
    1664  0.01557924 -0.11693079  0.06396970  0.0008
    1665  0.03115847 -0.10793611  0.06396970  0.0008
    1666  0.04673771 -0.09894144  0.06396970  0.0008
    1667  0.06231694 -0.08994676  0.06396970  0.0008
    1668  0.07789618 -0.08095208  0.06396970  0.0008
    1669  0.09347542 -0.07195741  0.06396970  0.0008
    1670  0.10905465 -0.06296273  0.06396970  0.0008
    1671  0.12463389 -0.05396806  0.06396970  0.0008
    1672  0.14021312 -0.04497338  0.06396970  0.0008
    1673  0.15579236  0.21587223 -0.06396970  0.0008
    1674  0.14021312  0.20687755 -0.06396970  0.0008
    1675  0.12463389  0.19788287 -0.06396970  0.0008
    1676  0.10905465  0.18888820 -0.06396970  0.0008
    1677  0.09347542  0.17989352 -0.06396970  0.0008
    1678  0.07789618  0.17089885 -0.06396970  0.0008
    1679  0.06231694  0.16190417 -0.06396970  0.0008
    1680  0.04673771  0.15290949 -0.06396970  0.0008
    1681  0.03115847  0.14391482 -0.06396970  0.0008
    1682  0.01557924  0.13492014 -0.06396970  0.0008
    1683  0.00000000 -0.10793611  0.06396970  0.0008
    1684  0.01557924 -0.09894144  0.06396970  0.0008
    1685  0.03115847 -0.08994676  0.06396970  0.0008
    1686  0.04673771 -0.08095208  0.06396970  0.0008
    1687  0.06231694 -0.07195741  0.06396970  0.0008
    1688  0.07789618 -0.06296273  0.06396970  0.0008
    1689  0.09347542 -0.05396806  0.06396970  0.0008
    1690  0.10905465 -0.04497338  0.06396970  0.0008
    1691  0.12463389 -0.03597870  0.06396970  0.0008
    1692  0.14021312 -0.02698403  0.06396970  0.0008
    1693  0.15579236 -0.01798935  0.06396970  0.0008
    1694  0.14021312  0.18888820 -0.06396970  0.0008
    1695  0.12463389  0.17989352 -0.06396970  0.0008
    1696  0.10905465  0.17089885 -0.06396970  0.0008
    1697  0.09347542  0.16190417 -0.06396970  0.0008
    1698  0.07789618  0.15290949 -0.06396970  0.0008
    1699  0.06231694  0.14391482 -0.06396970  0.0008
    1700  0.04673771  0.13492014 -0.06396970  0.0008
    1701  0.03115847  0.12592547 -0.06396970  0.0008
    1702  0.01557924  0.11693079 -0.06396970  0.0008
    1703  0.00000000 -0.08994676  0.06396970  0.0008
    1704  0.01557924 -0.08095208  0.06396970  0.0008
    1705  0.03115847 -0.07195741  0.06396970  0.0008
    1706  0.04673771 -0.06296273  0.06396970  0.0008
    1707  0.06231694 -0.05396806  0.06396970  0.0008
    1708  0.07789618 -0.04497338  0.06396970  0.0008
    1709  0.09347542 -0.03597870  0.06396970  0.0008
    1710  0.10905465 -0.02698403  0.06396970  0.0008
    1711  0.12463389 -0.01798935  0.06396970  0.0008
    1712  0.14021312 -0.00899468  0.06396970  0.0008
    1713  0.15579236  0.00000000  0.06396970  0.0008
    1714  0.14021312  0.17089885 -0.06396970  0.0008
    1715  0.12463389  0.16190417 -0.06396970  0.0008
    1716  0.10905465  0.15290949 -0.06396970  0.0008
    1717  0.09347542  0.14391482 -0.06396970  0.0008
    1718  0.07789618  0.13492014 -0.06396970  0.0008
    1719  0.06231694  0.12592547 -0.06396970  0.0008
    1720  0.04673771  0.11693079 -0.06396970  0.0008
    1721  0.03115847  0.10793611 -0.06396970  0.0008
    1722 -0.01557924 -0.09894144  0.06396970  0.0008
    1723  0.00000000 -0.07195741  0.06396970  0.0008
    1724  0.01557924 -0.06296273  0.06396970  0.0008
    1725  0.03115847 -0.05396806  0.06396970  0.0008
    1726  0.04673771 -0.04497338  0.06396970  0.0008
    1727  0.06231694 -0.03597870  0.06396970  0.0008
    1728  0.07789618 -0.02698403  0.06396970  0.0008
    1729  0.09347542 -0.01798935  0.06396970  0.0008
    1730  0.10905465 -0.00899468  0.06396970  0.0008
    1731  0.12463389  0.00000000  0.06396970  0.0008
    1732  0.14021312  0.00899468  0.06396970  0.0008
    1733  0.15579236  0.01798935  0.06396970  0.0008
    1734  0.14021312  0.15290949 -0.06396970  0.0008
    1735  0.12463389  0.14391482 -0.06396970  0.0008
    1736  0.10905465  0.13492014 -0.06396970  0.0008
    1737  0.09347542  0.12592547 -0.06396970  0.0008
    1738  0.07789618  0.11693079 -0.06396970  0.0008
    1739  0.06231694  0.10793611 -0.06396970  0.0008
    1740  0.04673771  0.09894144 -0.06396970  0.0008
    1741 -0.03115847 -0.08994676  0.06396970  0.0008
    1742 -0.01557924 -0.08095208  0.06396970  0.0008
    1743  0.00000000 -0.05396806  0.06396970  0.0008
    1744  0.01557924 -0.04497338  0.06396970  0.0008
    1745  0.03115847 -0.03597870  0.06396970  0.0008
    1746  0.04673771 -0.02698403  0.06396970  0.0008
    1747  0.06231694 -0.01798935  0.06396970  0.0008
    1748  0.07789618 -0.00899468  0.06396970  0.0008
    1749  0.09347542  0.00000000  0.06396970  0.0008
    1750  0.10905465  0.00899468  0.06396970  0.0008
    1751  0.12463389  0.01798935  0.06396970  0.0008
    1752  0.14021312  0.02698403  0.06396970  0.0008
    1753  0.15579236  0.03597870  0.06396970  0.0008
    1754  0.14021312  0.13492014 -0.06396970  0.0008
    1755  0.12463389  0.12592547 -0.06396970  0.0008
    1756  0.10905465  0.11693079 -0.06396970  0.0008
    1757  0.09347542  0.10793611 -0.06396970  0.0008
    1758  0.07789618  0.09894144 -0.06396970  0.0008
    1759  0.06231694  0.08994676 -0.06396970  0.0008
    1760 -0.04673771 -0.08095208  0.06396970  0.0008
    1761 -0.03115847 -0.07195741  0.06396970  0.0008
    1762 -0.01557924 -0.06296273  0.06396970  0.0008
    1763  0.00000000 -0.03597870  0.06396970  0.0008
    1764  0.01557924 -0.02698403  0.06396970  0.0008
    1765  0.03115847 -0.01798935  0.06396970  0.0008
    1766  0.04673771 -0.00899468  0.06396970  0.0008
    1767  0.06231694  0.00000000  0.06396970  0.0008
    1768  0.07789618  0.00899468  0.06396970  0.0008
    1769  0.09347542  0.01798935  0.06396970  0.0008
    1770  0.10905465  0.02698403  0.06396970  0.0008
    1771  0.12463389  0.03597870  0.06396970  0.0008
    1772  0.14021312  0.04497338  0.06396970  0.0008
    1773  0.15579236  0.05396806  0.06396970  0.0008
    1774  0.14021312  0.11693079 -0.06396970  0.0008
    1775  0.12463389  0.10793611 -0.06396970  0.0008
    1776  0.10905465  0.09894144 -0.06396970  0.0008
    1777  0.09347542  0.08994676 -0.06396970  0.0008
    1778  0.07789618  0.08095208 -0.06396970  0.0008
    1779 -0.06231694 -0.07195741  0.06396970  0.0008
    1780 -0.04673771 -0.06296273  0.06396970  0.0008
    1781 -0.03115847 -0.05396806  0.06396970  0.0008
    1782 -0.01557924 -0.04497338  0.06396970  0.0008
    1783  0.00000000 -0.01798935  0.06396970  0.0008
    1784  0.01557924 -0.00899468  0.06396970  0.0008
    1785  0.03115847  0.00000000  0.06396970  0.0008
    1786  0.04673771  0.00899468  0.06396970  0.0008
    1787  0.06231694  0.01798935  0.06396970  0.0008
    1788  0.07789618  0.02698403  0.06396970  0.0008
    1789  0.09347542  0.03597870  0.06396970  0.0008
    1790  0.10905465  0.04497338  0.06396970  0.0008
    1791  0.12463389  0.05396806  0.06396970  0.0008
    1792  0.14021312  0.06296273  0.06396970  0.0008
    1793  0.15579236  0.07195741  0.06396970  0.0008
    1794  0.14021312  0.09894144 -0.06396970  0.0008
    1795  0.12463389  0.08994676 -0.06396970  0.0008
    1796  0.10905465  0.08095208 -0.06396970  0.0008
    1797  0.09347542  0.07195741 -0.06396970  0.0008
    1798 -0.07789618 -0.06296273  0.06396970  0.0008
    1799 -0.06231694 -0.05396806  0.06396970  0.0008
    1800 -0.04673771 -0.04497338  0.06396970  0.0008
    1801 -0.03115847 -0.03597870  0.06396970  0.0008
    1802 -0.01557924 -0.02698403  0.06396970  0.0008
    1803  0.00000000  0.00000000  0.07996213  0.0008
    1804  0.01557924  0.00899468  0.07996213  0.0008
    1805  0.03115847  0.01798935  0.07996213  0.0008
    1806  0.04673771  0.02698403  0.07996213  0.0008
    1807  0.06231694  0.03597870  0.07996213  0.0008
    1808  0.07789618  0.04497338  0.07996213  0.0008
    1809  0.09347542  0.05396806  0.07996213  0.0008
    1810  0.10905465  0.06296273  0.07996213  0.0008
    1811  0.12463389  0.07195741  0.07996213  0.0008
    1812  0.14021312  0.08095208  0.07996213  0.0008
    1813  0.15579236  0.08994676  0.07996213  0.0008
    1814  0.14021312  0.08095208 -0.07996213  0.0008
    1815 -0.12463389 -0.07195741  0.07996213  0.0008
    1816 -0.10905465 -0.06296273  0.07996213  0.0008
    1817 -0.09347542 -0.05396806  0.07996213  0.0008
    1818 -0.07789618 -0.04497338  0.07996213  0.0008
    1819 -0.06231694 -0.03597870  0.07996213  0.0008
    1820 -0.04673771 -0.02698403  0.07996213  0.0008
    1821 -0.03115847 -0.01798935  0.07996213  0.0008
    1822 -0.01557924 -0.00899468  0.07996213  0.0008
    1823  0.00000000  0.01798935  0.07996213  0.0008
    1824  0.01557924  0.02698403  0.07996213  0.0008
    1825  0.03115847  0.03597870  0.07996213  0.0008
    1826  0.04673771  0.04497338  0.07996213  0.0008
    1827  0.06231694  0.05396806  0.07996213  0.0008
    1828  0.07789618  0.06296273  0.07996213  0.0008
    1829  0.09347542  0.07195741  0.07996213  0.0008
    1830  0.10905465  0.08095208  0.07996213  0.0008
    1831  0.12463389  0.08994676  0.07996213  0.0008
    1832  0.14021312  0.09894144  0.07996213  0.0008
    1833  0.15579236  0.10793611  0.07996213  0.0008
    1834 -0.14021312 -0.06296273  0.07996213  0.0008
    1835 -0.12463389 -0.05396806  0.07996213  0.0008
    1836 -0.10905465 -0.04497338  0.07996213  0.0008
    1837 -0.09347542 -0.03597870  0.07996213  0.0008
    1838 -0.07789618 -0.02698403  0.07996213  0.0008
    1839 -0.06231694 -0.01798935  0.07996213  0.0008
    1840 -0.04673771 -0.00899468  0.07996213  0.0008
    1841 -0.03115847  0.00000000  0.07996213  0.0008
    1842 -0.01557924  0.00899468  0.07996213  0.0008
    1843  0.00000000  0.03597870  0.07996213  0.0008
    1844  0.01557924  0.04497338  0.07996213  0.0008
    1845  0.03115847  0.05396806  0.07996213  0.0008
    1846  0.04673771  0.06296273  0.07996213  0.0008
    1847  0.06231694  0.07195741  0.07996213  0.0008
    1848  0.07789618  0.08095208  0.07996213  0.0008
    1849  0.09347542  0.08994676  0.07996213  0.0008
    1850  0.10905465  0.09894144  0.07996213  0.0008
    1851  0.12463389  0.10793611  0.07996213  0.0008
    1852  0.14021312  0.11693079  0.07996213  0.0008
    1853  0.15579236  0.12592547  0.07996213  0.0008
    1854 -0.14021312 -0.04497338  0.07996213  0.0008
    1855 -0.12463389 -0.03597870  0.07996213  0.0008
    1856 -0.10905465 -0.02698403  0.07996213  0.0008
    1857 -0.09347542 -0.01798935  0.07996213  0.0008
    1858 -0.07789618 -0.00899468  0.07996213  0.0008
    1859 -0.06231694  0.00000000  0.07996213  0.0008
    1860 -0.04673771  0.00899468  0.07996213  0.0008
    1861 -0.03115847  0.01798935  0.07996213  0.0008
    1862 -0.01557924  0.02698403  0.07996213  0.0008
    1863  0.00000000  0.05396806  0.07996213  0.0008
    1864  0.01557924  0.06296273  0.07996213  0.0008
    1865  0.03115847  0.07195741  0.07996213  0.0008
    1866  0.04673771  0.08095208  0.07996213  0.0008
    1867  0.06231694  0.08994676  0.07996213  0.0008
    1868  0.07789618  0.09894144  0.07996213  0.0008
    1869  0.09347542  0.10793611  0.07996213  0.0008
    1870  0.10905465  0.11693079  0.07996213  0.0008
    1871  0.12463389  0.12592547  0.07996213  0.0008
    1872  0.14021312  0.13492014  0.07996213  0.0008
    1873  0.15579236  0.14391482  0.07996213  0.0008
    1874 -0.14021312 -0.02698403  0.07996213  0.0008
    1875 -0.12463389 -0.01798935  0.07996213  0.0008
    1876 -0.10905465 -0.00899468  0.07996213  0.0008
    1877 -0.09347542  0.00000000  0.07996213  0.0008
    1878 -0.07789618  0.00899468  0.07996213  0.0008
    1879 -0.06231694  0.01798935  0.07996213  0.0008
    1880 -0.04673771  0.02698403  0.07996213  0.0008
    1881 -0.03115847  0.03597870  0.07996213  0.0008
    1882 -0.01557924  0.04497338  0.07996213  0.0008
    1883  0.00000000  0.07195741  0.07996213  0.0008
    1884  0.01557924  0.08095208  0.07996213  0.0008
    1885  0.03115847  0.08994676  0.07996213  0.0008
    1886  0.04673771  0.09894144  0.07996213  0.0008
    1887  0.06231694  0.10793611  0.07996213  0.0008
    1888  0.07789618  0.11693079  0.07996213  0.0008
    1889  0.09347542  0.12592547  0.07996213  0.0008
    1890  0.10905465  0.13492014  0.07996213  0.0008
    1891  0.12463389  0.14391482  0.07996213  0.0008
    1892  0.14021312  0.15290949  0.07996213  0.0008
    1893  0.15579236  0.16190417  0.07996213  0.0008
    1894 -0.14021312 -0.00899468  0.07996213  0.0008
    1895 -0.12463389  0.00000000  0.07996213  0.0008
    1896 -0.10905465  0.00899468  0.07996213  0.0008
    1897 -0.09347542  0.01798935  0.07996213  0.0008
    1898 -0.07789618  0.02698403  0.07996213  0.0008
    1899 -0.06231694  0.03597870  0.07996213  0.0008
    1900 -0.04673771  0.04497338  0.07996213  0.0008
    1901 -0.03115847  0.05396806  0.07996213  0.0008
    1902 -0.01557924  0.06296273  0.07996213  0.0008
    1903  0.00000000  0.08994676  0.07996213  0.0008
    1904  0.01557924  0.09894144  0.07996213  0.0008
    1905  0.03115847  0.10793611  0.07996213  0.0008
    1906  0.04673771  0.11693079  0.07996213  0.0008
    1907  0.06231694  0.12592547  0.07996213  0.0008
    1908  0.07789618  0.13492014  0.07996213  0.0008
    1909  0.09347542  0.14391482  0.07996213  0.0008
    1910  0.10905465  0.15290949  0.07996213  0.0008
    1911  0.12463389  0.16190417  0.07996213  0.0008
    1912  0.14021312  0.17089885  0.07996213  0.0008
    1913  0.15579236  0.17989352  0.07996213  0.0008
    1914 -0.14021312  0.00899468  0.07996213  0.0008
    1915 -0.12463389  0.01798935  0.07996213  0.0008
    1916 -0.10905465  0.02698403  0.07996213  0.0008
    1917 -0.09347542  0.03597870  0.07996213  0.0008
    1918 -0.07789618  0.04497338  0.07996213  0.0008
    1919 -0.06231694  0.05396806  0.07996213  0.0008
    1920 -0.04673771  0.06296273  0.07996213  0.0008
    1921 -0.03115847  0.07195741  0.07996213  0.0008
    1922 -0.01557924  0.08095208  0.07996213  0.0008
    1923  0.00000000  0.10793611  0.07996213  0.0008
    1924  0.01557924  0.11693079  0.07996213  0.0008
    1925  0.03115847  0.12592547  0.07996213  0.0008
    1926  0.04673771  0.13492014  0.07996213  0.0008
    1927  0.06231694  0.14391482  0.07996213  0.0008
    1928  0.07789618  0.15290949  0.07996213  0.0008
    1929  0.09347542  0.16190417  0.07996213  0.0008
    1930  0.10905465  0.17089885  0.07996213  0.0008
    1931  0.12463389  0.17989352  0.07996213  0.0008
    1932  0.14021312  0.18888820  0.07996213  0.0008
    1933  0.15579236  0.19788287  0.07996213  0.0008
    1934 -0.14021312  0.02698403  0.07996213  0.0008
    1935 -0.12463389  0.03597870  0.07996213  0.0008
    1936 -0.10905465  0.04497338  0.07996213  0.0008
    1937 -0.09347542  0.05396806  0.07996213  0.0008
    1938 -0.07789618  0.06296273  0.07996213  0.0008
    1939 -0.06231694  0.07195741  0.07996213  0.0008
    1940 -0.04673771  0.08095208  0.07996213  0.0008
    1941 -0.03115847  0.08994676  0.07996213  0.0008
    1942 -0.01557924  0.09894144  0.07996213  0.0008
    1943  0.00000000  0.12592547  0.07996213  0.0008
    1944  0.01557924  0.13492014  0.07996213  0.0008
    1945  0.03115847  0.14391482  0.07996213  0.0008
    1946  0.04673771  0.15290949  0.07996213  0.0008
    1947  0.06231694  0.16190417  0.07996213  0.0008
    1948  0.07789618  0.17089885  0.07996213  0.0008
    1949  0.09347542  0.17989352  0.07996213  0.0008
    1950  0.10905465  0.18888820  0.07996213  0.0008
    1951  0.12463389  0.19788287  0.07996213  0.0008
    1952  0.14021312  0.20687755  0.07996213  0.0008
    1953  0.15579236  0.21587223  0.07996213  0.0008
    1954 -0.14021312  0.04497338  0.07996213  0.0008
    1955 -0.12463389  0.05396806  0.07996213  0.0008
    1956 -0.10905465  0.06296273  0.07996213  0.0008
    1957 -0.09347542  0.07195741  0.07996213  0.0008
    1958 -0.07789618  0.08095208  0.07996213  0.0008
    1959 -0.06231694  0.08994676  0.07996213  0.0008
    1960 -0.04673771  0.09894144  0.07996213  0.0008
    1961 -0.03115847  0.10793611  0.07996213  0.0008
    1962 -0.01557924  0.11693079  0.07996213  0.0008
    1963  0.00000000  0.14391482  0.07996213  0.0008
    1964  0.01557924  0.15290949  0.07996213  0.0008
    1965  0.03115847  0.16190417  0.07996213  0.0008
    1966  0.04673771  0.17089885  0.07996213  0.0008
    1967  0.06231694  0.17989352  0.07996213  0.0008
    1968  0.07789618  0.18888820  0.07996213  0.0008
    1969  0.09347542  0.19788287  0.07996213  0.0008
    1970  0.10905465  0.20687755  0.07996213  0.0008
    1971  0.12463389  0.21587223  0.07996213  0.0008
    1972  0.14021312  0.22486690  0.07996213  0.0008
    1973  0.15579236  0.23386158  0.07996213  0.0008
    1974 -0.14021312  0.06296273  0.07996213  0.0008
    1975 -0.12463389  0.07195741  0.07996213  0.0008
    1976 -0.10905465  0.08095208  0.07996213  0.0008
    1977 -0.09347542  0.08994676  0.07996213  0.0008
    1978 -0.07789618  0.09894144  0.07996213  0.0008
    1979 -0.06231694  0.10793611  0.07996213  0.0008
    1980 -0.04673771  0.11693079  0.07996213  0.0008
    1981 -0.03115847  0.12592547  0.07996213  0.0008
    1982 -0.01557924  0.13492014  0.07996213  0.0008
    1983  0.00000000  0.16190417  0.07996213  0.0008
    1984  0.01557924  0.17089885  0.07996213  0.0008
    1985  0.03115847  0.17989352  0.07996213  0.0008
    1986  0.04673771  0.18888820  0.07996213  0.0008
    1987  0.06231694  0.19788287  0.07996213  0.0008
    1988  0.07789618  0.20687755  0.07996213  0.0008
    1989  0.09347542  0.21587223  0.07996213  0.0008
    1990  0.10905465  0.22486690  0.07996213  0.0008
    1991  0.12463389  0.23386158  0.07996213  0.0008
    1992  0.14021312  0.24285625  0.07996213  0.0008
    1993  0.15579236  0.25185093  0.07996213  0.0008
    1994 -0.14021312  0.08095208  0.07996213  0.0008
    1995 -0.12463389  0.08994676  0.07996213  0.0008
    1996 -0.10905465  0.09894144  0.07996213  0.0008
    1997 -0.09347542  0.10793611  0.07996213  0.0008
    1998 -0.07789618  0.11693079  0.07996213  0.0008
    1999 -0.06231694  0.12592547  0.07996213  0.0008
    2000 -0.04673771  0.13492014  0.07996213  0.0008
    2001 -0.03115847  0.14391482  0.07996213  0.0008
    2002 -0.01557924  0.15290949  0.07996213  0.0008
    2003  0.00000000  0.17989352  0.07996213  0.0008
    2004  0.01557924  0.18888820  0.07996213  0.0008
    2005  0.03115847  0.19788287  0.07996213  0.0008
    2006  0.04673771  0.20687755  0.07996213  0.0008
    2007  0.06231694  0.21587223  0.07996213  0.0008
    2008  0.07789618  0.22486690  0.07996213  0.0008
    2009  0.09347542  0.23386158  0.07996213  0.0008
    2010  0.10905465  0.24285625  0.07996213  0.0008
    2011  0.12463389  0.25185093  0.07996213  0.0008
    2012  0.14021312  0.26084561  0.07996213  0.0008
    2013  0.15579236  0.26984028  0.07996213  0.0008
    2014  0.14021312  0.26084561 -0.07996213  0.0008
    2015 -0.12463389  0.10793611  0.07996213  0.0008
    2016 -0.10905465  0.11693079  0.07996213  0.0008
    2017 -0.09347542  0.12592547  0.07996213  0.0008
    2018 -0.07789618  0.13492014  0.07996213  0.0008
    2019 -0.06231694  0.14391482  0.07996213  0.0008
    2020 -0.04673771  0.15290949  0.07996213  0.0008
    2021 -0.03115847  0.16190417  0.07996213  0.0008
    2022 -0.01557924  0.17089885  0.07996213  0.0008
    2023  0.00000000  0.16190417 -0.07996213  0.0008
    2024  0.01557924 -0.15290949  0.07996213  0.0008
    2025  0.03115847 -0.14391482  0.07996213  0.0008
    2026  0.04673771 -0.13492014  0.07996213  0.0008
    2027  0.06231694 -0.12592547  0.07996213  0.0008
    2028  0.07789618 -0.11693079  0.07996213  0.0008
    2029  0.09347542 -0.10793611  0.07996213  0.0008
    2030  0.10905465 -0.09894144  0.07996213  0.0008
    2031  0.12463389 -0.08994676  0.07996213  0.0008
    2032  0.14021312 -0.08095208  0.07996213  0.0008
    2033  0.15579236  0.25185093 -0.07996213  0.0008
    2034  0.14021312  0.24285625 -0.07996213  0.0008
    2035  0.12463389  0.23386158 -0.07996213  0.0008
    2036  0.10905465  0.22486690 -0.07996213  0.0008
    2037  0.09347542  0.21587223 -0.07996213  0.0008
    2038  0.07789618  0.20687755 -0.07996213  0.0008
    2039  0.06231694  0.19788287 -0.07996213  0.0008
    2040  0.04673771  0.18888820 -0.07996213  0.0008
    2041  0.03115847  0.17989352 -0.07996213  0.0008
    2042  0.01557924  0.17089885 -0.07996213  0.0008
    2043  0.00000000 -0.14391482  0.07996213  0.0008
    2044  0.01557924 -0.13492014  0.07996213  0.0008
    2045  0.03115847 -0.12592547  0.07996213  0.0008
    2046  0.04673771 -0.11693079  0.07996213  0.0008
    2047  0.06231694 -0.10793611  0.07996213  0.0008
    2048  0.07789618 -0.09894144  0.07996213  0.0008
    2049  0.09347542 -0.08994676  0.07996213  0.0008
    2050  0.10905465 -0.08095208  0.07996213  0.0008
    2051  0.12463389 -0.07195741  0.07996213  0.0008
    2052  0.14021312 -0.06296273  0.07996213  0.0008
    2053  0.15579236 -0.05396806  0.07996213  0.0008
    2054  0.14021312  0.22486690 -0.07996213  0.0008
    2055  0.12463389  0.21587223 -0.07996213  0.0008
    2056  0.10905465  0.20687755 -0.07996213  0.0008
    2057  0.09347542  0.19788287 -0.07996213  0.0008
    2058  0.07789618  0.18888820 -0.07996213  0.0008
    2059  0.06231694  0.17989352 -0.07996213  0.0008
    2060  0.04673771  0.17089885 -0.07996213  0.0008
    2061  0.03115847  0.16190417 -0.07996213  0.0008
    2062  0.01557924  0.15290949 -0.07996213  0.0008
    2063  0.00000000 -0.12592547  0.07996213  0.0008
    2064  0.01557924 -0.11693079  0.07996213  0.0008
    2065  0.03115847 -0.10793611  0.07996213  0.0008
    2066  0.04673771 -0.09894144  0.07996213  0.0008
    2067  0.06231694 -0.08994676  0.07996213  0.0008
    2068  0.07789618 -0.08095208  0.07996213  0.0008
    2069  0.09347542 -0.07195741  0.07996213  0.0008
    2070  0.10905465 -0.06296273  0.07996213  0.0008
    2071  0.12463389 -0.05396806  0.07996213  0.0008
    2072  0.14021312 -0.04497338  0.07996213  0.0008
    2073  0.15579236 -0.03597870  0.07996213  0.0008
    2074  0.14021312  0.20687755 -0.07996213  0.0008
    2075  0.12463389  0.19788287 -0.07996213  0.0008
    2076  0.10905465  0.18888820 -0.07996213  0.0008
    2077  0.09347542  0.17989352 -0.07996213  0.0008
    2078  0.07789618  0.17089885 -0.07996213  0.0008
    2079  0.06231694  0.16190417 -0.07996213  0.0008
    2080  0.04673771  0.15290949 -0.07996213  0.0008
    2081  0.03115847  0.14391482 -0.07996213  0.0008
    2082 -0.01557924 -0.13492014  0.07996213  0.0008
    2083  0.00000000 -0.10793611  0.07996213  0.0008
    2084  0.01557924 -0.09894144  0.07996213  0.0008
    2085  0.03115847 -0.08994676  0.07996213  0.0008
    2086  0.04673771 -0.08095208  0.07996213  0.0008
    2087  0.06231694 -0.07195741  0.07996213  0.0008
    2088  0.07789618 -0.06296273  0.07996213  0.0008
    2089  0.09347542 -0.05396806  0.07996213  0.0008
    2090  0.10905465 -0.04497338  0.07996213  0.0008
    2091  0.12463389 -0.03597870  0.07996213  0.0008
    2092  0.14021312 -0.02698403  0.07996213  0.0008
    2093  0.15579236 -0.01798935  0.07996213  0.0008
    2094  0.14021312  0.18888820 -0.07996213  0.0008
    2095  0.12463389  0.17989352 -0.07996213  0.0008
    2096  0.10905465  0.17089885 -0.07996213  0.0008
    2097  0.09347542  0.16190417 -0.07996213  0.0008
    2098  0.07789618  0.15290949 -0.07996213  0.0008
    2099  0.06231694  0.14391482 -0.07996213  0.0008
    2100  0.04673771  0.13492014 -0.07996213  0.0008
    2101 -0.03115847 -0.12592547  0.07996213  0.0008
    2102 -0.01557924 -0.11693079  0.07996213  0.0008
    2103  0.00000000 -0.08994676  0.07996213  0.0008
    2104  0.01557924 -0.08095208  0.07996213  0.0008
    2105  0.03115847 -0.07195741  0.07996213  0.0008
    2106  0.04673771 -0.06296273  0.07996213  0.0008
    2107  0.06231694 -0.05396806  0.07996213  0.0008
    2108  0.07789618 -0.04497338  0.07996213  0.0008
    2109  0.09347542 -0.03597870  0.07996213  0.0008
    2110  0.10905465 -0.02698403  0.07996213  0.0008
    2111  0.12463389 -0.01798935  0.07996213  0.0008
    2112  0.14021312 -0.00899468  0.07996213  0.0008
    2113  0.15579236  0.00000000  0.07996213  0.0008
    2114  0.14021312  0.17089885 -0.07996213  0.0008
    2115  0.12463389  0.16190417 -0.07996213  0.0008
    2116  0.10905465  0.15290949 -0.07996213  0.0008
    2117  0.09347542  0.14391482 -0.07996213  0.0008
    2118  0.07789618  0.13492014 -0.07996213  0.0008
    2119  0.06231694  0.12592547 -0.07996213  0.0008
    2120 -0.04673771 -0.11693079  0.07996213  0.0008
    2121 -0.03115847 -0.10793611  0.07996213  0.0008
    2122 -0.01557924 -0.09894144  0.07996213  0.0008
    2123  0.00000000 -0.07195741  0.07996213  0.0008
    2124  0.01557924 -0.06296273  0.07996213  0.0008
    2125  0.03115847 -0.05396806  0.07996213  0.0008
    2126  0.04673771 -0.04497338  0.07996213  0.0008
    2127  0.06231694 -0.03597870  0.07996213  0.0008
    2128  0.07789618 -0.02698403  0.07996213  0.0008
    2129  0.09347542 -0.01798935  0.07996213  0.0008
    2130  0.10905465 -0.00899468  0.07996213  0.0008
    2131  0.12463389  0.00000000  0.07996213  0.0008
    2132  0.14021312  0.00899468  0.07996213  0.0008
    2133  0.15579236  0.01798935  0.07996213  0.0008
    2134  0.14021312  0.15290949 -0.07996213  0.0008
    2135  0.12463389  0.14391482 -0.07996213  0.0008
    2136  0.10905465  0.13492014 -0.07996213  0.0008
    2137  0.09347542  0.12592547 -0.07996213  0.0008
    2138  0.07789618  0.11693079 -0.07996213  0.0008
    2139 -0.06231694 -0.10793611  0.07996213  0.0008
    2140 -0.04673771 -0.09894144  0.07996213  0.0008
    2141 -0.03115847 -0.08994676  0.07996213  0.0008
    2142 -0.01557924 -0.08095208  0.07996213  0.0008
    2143  0.00000000 -0.05396806  0.07996213  0.0008
    2144  0.01557924 -0.04497338  0.07996213  0.0008
    2145  0.03115847 -0.03597870  0.07996213  0.0008
    2146  0.04673771 -0.02698403  0.07996213  0.0008
    2147  0.06231694 -0.01798935  0.07996213  0.0008
    2148  0.07789618 -0.00899468  0.07996213  0.0008
    2149  0.09347542  0.00000000  0.07996213  0.0008
    2150  0.10905465  0.00899468  0.07996213  0.0008
    2151  0.12463389  0.01798935  0.07996213  0.0008
    2152  0.14021312  0.02698403  0.07996213  0.0008
    2153  0.15579236  0.03597870  0.07996213  0.0008
    2154  0.14021312  0.13492014 -0.07996213  0.0008
    2155  0.12463389  0.12592547 -0.07996213  0.0008
    2156  0.10905465  0.11693079 -0.07996213  0.0008
    2157  0.09347542  0.10793611 -0.07996213  0.0008
    2158 -0.07789618 -0.09894144  0.07996213  0.0008
    2159 -0.06231694 -0.08994676  0.07996213  0.0008
    2160 -0.04673771 -0.08095208  0.07996213  0.0008
    2161 -0.03115847 -0.07195741  0.07996213  0.0008
    2162 -0.01557924 -0.06296273  0.07996213  0.0008
    2163  0.00000000 -0.03597870  0.07996213  0.0008
    2164  0.01557924 -0.02698403  0.07996213  0.0008
    2165  0.03115847 -0.01798935  0.07996213  0.0008
    2166  0.04673771 -0.00899468  0.07996213  0.0008
    2167  0.06231694  0.00000000  0.07996213  0.0008
    2168  0.07789618  0.00899468  0.07996213  0.0008
    2169  0.09347542  0.01798935  0.07996213  0.0008
    2170  0.10905465  0.02698403  0.07996213  0.0008
    2171  0.12463389  0.03597870  0.07996213  0.0008
    2172  0.14021312  0.04497338  0.07996213  0.0008
    2173  0.15579236  0.05396806  0.07996213  0.0008
    2174  0.14021312  0.11693079 -0.07996213  0.0008
    2175  0.12463389  0.10793611 -0.07996213  0.0008
    2176  0.10905465  0.09894144 -0.07996213  0.0008
    2177 -0.09347542 -0.08994676  0.07996213  0.0008
    2178 -0.07789618 -0.08095208  0.07996213  0.0008
    2179 -0.06231694 -0.07195741  0.07996213  0.0008
    2180 -0.04673771 -0.06296273  0.07996213  0.0008
    2181 -0.03115847 -0.05396806  0.07996213  0.0008
    2182 -0.01557924 -0.04497338  0.07996213  0.0008
    2183  0.00000000 -0.01798935  0.07996213  0.0008
    2184  0.01557924 -0.00899468  0.07996213  0.0008
    2185  0.03115847  0.00000000  0.07996213  0.0008
    2186  0.04673771  0.00899468  0.07996213  0.0008
    2187  0.06231694  0.01798935  0.07996213  0.0008
    2188  0.07789618  0.02698403  0.07996213  0.0008
    2189  0.09347542  0.03597870  0.07996213  0.0008
    2190  0.10905465  0.04497338  0.07996213  0.0008
    2191  0.12463389  0.05396806  0.07996213  0.0008
    2192  0.14021312  0.06296273  0.07996213  0.0008
    2193  0.15579236  0.07195741  0.07996213  0.0008
    2194  0.14021312  0.09894144 -0.07996213  0.0008
    2195  0.12463389  0.08994676 -0.07996213  0.0008
    2196 -0.10905465 -0.08095208  0.07996213  0.0008
    2197 -0.09347542 -0.07195741  0.07996213  0.0008
    2198 -0.07789618 -0.06296273  0.07996213  0.0008
    2199 -0.06231694 -0.05396806  0.07996213  0.0008
    2200 -0.04673771 -0.04497338  0.07996213  0.0008
    2201 -0.03115847 -0.03597870  0.07996213  0.0008
    2202 -0.01557924 -0.02698403  0.07996213  0.0008
    2203  0.00000000  0.00000000  0.09595456  0.0004
    2204  0.01557924  0.00899468  0.09595456  0.0008
    2205  0.03115847  0.01798935  0.09595456  0.0008
    2206  0.04673771  0.02698403  0.09595456  0.0008
    2207  0.06231694  0.03597870  0.09595456  0.0008
    2208  0.07789618  0.04497338  0.09595456  0.0008
    2209  0.09347542  0.05396806  0.09595456  0.0008
    2210  0.10905465  0.06296273  0.09595456  0.0008
    2211  0.12463389  0.07195741  0.09595456  0.0008
    2212  0.14021312  0.08095208  0.09595456  0.0008
    2213  0.15579236  0.08994676  0.09595456  0.0004
    2214  0.00000000  0.01798935  0.09595456  0.0008
    2215  0.01557924  0.02698403  0.09595456  0.0008
    2216  0.03115847  0.03597870  0.09595456  0.0008
    2217  0.04673771  0.04497338  0.09595456  0.0008
    2218  0.06231694  0.05396806  0.09595456  0.0008
    2219  0.07789618  0.06296273  0.09595456  0.0008
    2220  0.09347542  0.07195741  0.09595456  0.0008
    2221  0.10905465  0.08095208  0.09595456  0.0008
    2222  0.12463389  0.08994676  0.09595456  0.0008
    2223  0.14021312  0.09894144  0.09595456  0.0008
    2224  0.15579236  0.10793611  0.09595456  0.0008
    2225  0.14021312  0.06296273  0.09595456  0.0008
    2226  0.12463389  0.05396806  0.09595456  0.0008
    2227  0.10905465  0.04497338  0.09595456  0.0008
    2228  0.09347542  0.03597870  0.09595456  0.0008
    2229  0.07789618  0.02698403  0.09595456  0.0008
    2230  0.06231694  0.01798935  0.09595456  0.0008
    2231  0.04673771  0.00899468  0.09595456  0.0008
    2232  0.03115847  0.00000000  0.09595456  0.0008
    2233 -0.01557924  0.00899468  0.09595456  0.0008
    2234  0.00000000  0.03597870  0.09595456  0.0008
    2235  0.01557924  0.04497338  0.09595456  0.0008
    2236  0.03115847  0.05396806  0.09595456  0.0008
    2237  0.04673771  0.06296273  0.09595456  0.0008
    2238  0.06231694  0.07195741  0.09595456  0.0008
    2239  0.07789618  0.08095208  0.09595456  0.0008
    2240  0.09347542  0.08994676  0.09595456  0.0008
    2241  0.10905465  0.09894144  0.09595456  0.0008
    2242  0.12463389  0.10793611  0.09595456  0.0008
    2243  0.14021312  0.11693079  0.09595456  0.0008
    2244  0.15579236  0.12592547  0.09595456  0.0008
    2245  0.14021312  0.04497338  0.09595456  0.0008
    2246  0.12463389  0.03597870  0.09595456  0.0008
    2247  0.10905465  0.02698403  0.09595456  0.0008
    2248  0.09347542  0.01798935  0.09595456  0.0008
    2249  0.07789618  0.00899468  0.09595456  0.0008
    2250  0.06231694  0.00000000  0.09595456  0.0008
    2251  0.04673771 -0.00899468  0.09595456  0.0008
    2252 -0.03115847  0.01798935  0.09595456  0.0008
    2253 -0.01557924  0.02698403  0.09595456  0.0008
    2254  0.00000000  0.05396806  0.09595456  0.0008
    2255  0.01557924  0.06296273  0.09595456  0.0008
    2256  0.03115847  0.07195741  0.09595456  0.0008
    2257  0.04673771  0.08095208  0.09595456  0.0008
    2258  0.06231694  0.08994676  0.09595456  0.0008
    2259  0.07789618  0.09894144  0.09595456  0.0008
    2260  0.09347542  0.10793611  0.09595456  0.0008
    2261  0.10905465  0.11693079  0.09595456  0.0008
    2262  0.12463389  0.12592547  0.09595456  0.0008
    2263  0.14021312  0.13492014  0.09595456  0.0008
    2264  0.15579236  0.14391482  0.09595456  0.0008
    2265  0.14021312  0.02698403  0.09595456  0.0008
    2266  0.12463389  0.01798935  0.09595456  0.0008
    2267  0.10905465  0.00899468  0.09595456  0.0008
    2268  0.09347542  0.00000000  0.09595456  0.0008
    2269  0.07789618 -0.00899468  0.09595456  0.0008
    2270  0.06231694 -0.01798935  0.09595456  0.0008
    2271 -0.04673771  0.02698403  0.09595456  0.0008
    2272 -0.03115847  0.03597870  0.09595456  0.0008
    2273 -0.01557924  0.04497338  0.09595456  0.0008
    2274  0.00000000  0.07195741  0.09595456  0.0008
    2275  0.01557924  0.08095208  0.09595456  0.0008
    2276  0.03115847  0.08994676  0.09595456  0.0008
    2277  0.04673771  0.09894144  0.09595456  0.0008
    2278  0.06231694  0.10793611  0.09595456  0.0008
    2279  0.07789618  0.11693079  0.09595456  0.0008
    2280  0.09347542  0.12592547  0.09595456  0.0008
    2281  0.10905465  0.13492014  0.09595456  0.0008
    2282  0.12463389  0.14391482  0.09595456  0.0008
    2283  0.14021312  0.15290949  0.09595456  0.0008
    2284  0.15579236  0.16190417  0.09595456  0.0008
    2285  0.14021312  0.00899468  0.09595456  0.0008
    2286  0.12463389  0.00000000  0.09595456  0.0008
    2287  0.10905465 -0.00899468  0.09595456  0.0008
    2288  0.09347542 -0.01798935  0.09595456  0.0008
    2289  0.07789618 -0.02698403  0.09595456  0.0008
    2290 -0.06231694  0.03597870  0.09595456  0.0008
    2291 -0.04673771  0.04497338  0.09595456  0.0008
    2292 -0.03115847  0.05396806  0.09595456  0.0008
    2293 -0.01557924  0.06296273  0.09595456  0.0008
    2294  0.00000000  0.08994676  0.09595456  0.0008
    2295  0.01557924  0.09894144  0.09595456  0.0008
    2296  0.03115847  0.10793611  0.09595456  0.0008
    2297  0.04673771  0.11693079  0.09595456  0.0008
    2298  0.06231694  0.12592547  0.09595456  0.0008
    2299  0.07789618  0.13492014  0.09595456  0.0008
    2300  0.09347542  0.14391482  0.09595456  0.0008
    2301  0.10905465  0.15290949  0.09595456  0.0008
    2302  0.12463389  0.16190417  0.09595456  0.0008
    2303  0.14021312  0.17089885  0.09595456  0.0008
    2304  0.15579236  0.17989352  0.09595456  0.0008
    2305  0.14021312 -0.00899468  0.09595456  0.0008
    2306  0.12463389 -0.01798935  0.09595456  0.0008
    2307  0.10905465 -0.02698403  0.09595456  0.0008
    2308  0.09347542 -0.03597870  0.09595456  0.0008
    2309 -0.07789618  0.04497338  0.09595456  0.0008
    2310 -0.06231694  0.05396806  0.09595456  0.0008
    2311 -0.04673771  0.06296273  0.09595456  0.0008
    2312 -0.03115847  0.07195741  0.09595456  0.0008
    2313 -0.01557924  0.08095208  0.09595456  0.0008
    2314  0.00000000  0.10793611  0.09595456  0.0008
    2315  0.01557924  0.11693079  0.09595456  0.0008
    2316  0.03115847  0.12592547  0.09595456  0.0008
    2317  0.04673771  0.13492014  0.09595456  0.0008
    2318  0.06231694  0.14391482  0.09595456  0.0008
    2319  0.07789618  0.15290949  0.09595456  0.0008
    2320  0.09347542  0.16190417  0.09595456  0.0008
    2321  0.10905465  0.17089885  0.09595456  0.0008
    2322  0.12463389  0.17989352  0.09595456  0.0008
    2323  0.14021312  0.18888820  0.09595456  0.0008
    2324  0.15579236  0.19788287  0.09595456  0.0008
    2325  0.14021312 -0.02698403  0.09595456  0.0008
    2326  0.12463389 -0.03597870  0.09595456  0.0008
    2327  0.10905465 -0.04497338  0.09595456  0.0008
    2328 -0.09347542  0.05396806  0.09595456  0.0008
    2329 -0.07789618  0.06296273  0.09595456  0.0008
    2330 -0.06231694  0.07195741  0.09595456  0.0008
    2331 -0.04673771  0.08095208  0.09595456  0.0008
    2332 -0.03115847  0.08994676  0.09595456  0.0008
    2333 -0.01557924  0.09894144  0.09595456  0.0008
    2334  0.00000000  0.12592547  0.09595456  0.0008
    2335  0.01557924  0.13492014  0.09595456  0.0008
    2336  0.03115847  0.14391482  0.09595456  0.0008
    2337  0.04673771  0.15290949  0.09595456  0.0008
    2338  0.06231694  0.16190417  0.09595456  0.0008
    2339  0.07789618  0.17089885  0.09595456  0.0008
    2340  0.09347542  0.17989352  0.09595456  0.0008
    2341  0.10905465  0.18888820  0.09595456  0.0008
    2342  0.12463389  0.19788287  0.09595456  0.0008
    2343  0.14021312  0.20687755  0.09595456  0.0008
    2344  0.15579236  0.21587223  0.09595456  0.0008
    2345  0.14021312 -0.04497338  0.09595456  0.0008
    2346  0.12463389 -0.05396806  0.09595456  0.0008
    2347 -0.10905465  0.06296273  0.09595456  0.0008
    2348 -0.09347542  0.07195741  0.09595456  0.0008
    2349 -0.07789618  0.08095208  0.09595456  0.0008
    2350 -0.06231694  0.08994676  0.09595456  0.0008
    2351 -0.04673771  0.09894144  0.09595456  0.0008
    2352 -0.03115847  0.10793611  0.09595456  0.0008
    2353 -0.01557924  0.11693079  0.09595456  0.0008
    2354  0.00000000  0.14391482  0.09595456  0.0008
    2355  0.01557924  0.15290949  0.09595456  0.0008
    2356  0.03115847  0.16190417  0.09595456  0.0008
    2357  0.04673771  0.17089885  0.09595456  0.0008
    2358  0.06231694  0.17989352  0.09595456  0.0008
    2359  0.07789618  0.18888820  0.09595456  0.0008
    2360  0.09347542  0.19788287  0.09595456  0.0008
    2361  0.10905465  0.20687755  0.09595456  0.0008
    2362  0.12463389  0.21587223  0.09595456  0.0008
    2363  0.14021312  0.22486690  0.09595456  0.0008
    2364  0.15579236  0.23386158  0.09595456  0.0008
    2365  0.14021312 -0.06296273  0.09595456  0.0008
    2366 -0.12463389  0.07195741  0.09595456  0.0008
    2367 -0.10905465  0.08095208  0.09595456  0.0008
    2368 -0.09347542  0.08994676  0.09595456  0.0008
    2369 -0.07789618  0.09894144  0.09595456  0.0008
    2370 -0.06231694  0.10793611  0.09595456  0.0008
    2371 -0.04673771  0.11693079  0.09595456  0.0008
    2372 -0.03115847  0.12592547  0.09595456  0.0008
    2373 -0.01557924  0.13492014  0.09595456  0.0008
    2374  0.00000000  0.16190417  0.09595456  0.0008
    2375  0.01557924  0.17089885  0.09595456  0.0008
    2376  0.03115847  0.17989352  0.09595456  0.0008
    2377  0.04673771  0.18888820  0.09595456  0.0008
    2378  0.06231694  0.19788287  0.09595456  0.0008
    2379  0.07789618  0.20687755  0.09595456  0.0008
    2380  0.09347542  0.21587223  0.09595456  0.0008
    2381  0.10905465  0.22486690  0.09595456  0.0008
    2382  0.12463389  0.23386158  0.09595456  0.0008
    2383  0.14021312  0.24285625  0.09595456  0.0008
    2384  0.15579236  0.25185093  0.09595456  0.0008
    2385 -0.14021312  0.08095208  0.09595456  0.0008
    2386 -0.12463389  0.08994676  0.09595456  0.0008
    2387 -0.10905465  0.09894144  0.09595456  0.0008
    2388 -0.09347542  0.10793611  0.09595456  0.0008
    2389 -0.07789618  0.11693079  0.09595456  0.0008
    2390 -0.06231694  0.12592547  0.09595456  0.0008
    2391 -0.04673771  0.13492014  0.09595456  0.0008
    2392 -0.03115847  0.14391482  0.09595456  0.0008
    2393 -0.01557924  0.15290949  0.09595456  0.0008
    2394  0.00000000  0.17989352  0.09595456  0.0004
    2395  0.01557924  0.18888820  0.09595456  0.0008
    2396  0.03115847  0.19788287  0.09595456  0.0008
    2397  0.04673771  0.20687755  0.09595456  0.0008
    2398  0.06231694  0.21587223  0.09595456  0.0008
    2399  0.07789618  0.22486690  0.09595456  0.0008
    2400  0.09347542  0.23386158  0.09595456  0.0008
    2401  0.10905465  0.24285625  0.09595456  0.0008
    2402  0.12463389  0.25185093  0.09595456  0.0008
    2403  0.14021312  0.26084561  0.09595456  0.0008
    2404  0.15579236  0.26984028  0.09595456  0.0004


 K-POINTS DIRECT COORDINATES
 KPOINTS    DIRECT_X    DIRECT_Y    DIRECT_Z  WEIGHT
       1  0.00000000  0.00000000  0.00000000  0.0004
       2  0.05000000  0.00000000  0.00000000  0.0008
       3  0.10000000  0.00000000  0.00000000  0.0008
       4  0.15000000  0.00000000  0.00000000  0.0008
       5  0.20000000  0.00000000  0.00000000  0.0008
       6  0.25000000  0.00000000  0.00000000  0.0008
       7  0.30000000  0.00000000  0.00000000  0.0008
       8  0.35000000  0.00000000  0.00000000  0.0008
       9  0.40000000  0.00000000  0.00000000  0.0008
      10  0.45000000  0.00000000  0.00000000  0.0008
      11  0.50000000  0.00000000  0.00000000  0.0004
      12  0.00000000  0.05000000  0.00000000  0.0008
      13  0.05000000  0.05000000  0.00000000  0.0008
      14  0.10000000  0.05000000  0.00000000  0.0008
      15  0.15000000  0.05000000  0.00000000  0.0008
      16  0.20000000  0.05000000  0.00000000  0.0008
      17  0.25000000  0.05000000  0.00000000  0.0008
      18  0.30000000  0.05000000  0.00000000  0.0008
      19  0.35000000  0.05000000  0.00000000  0.0008
      20  0.40000000  0.05000000  0.00000000  0.0008
      21  0.45000000  0.05000000  0.00000000  0.0008
      22  0.50000000  0.05000000  0.00000000  0.0008
      23  0.45000000 -0.05000000  0.00000000  0.0008
      24  0.40000000 -0.05000000  0.00000000  0.0008
      25  0.35000000 -0.05000000  0.00000000  0.0008
      26  0.30000000 -0.05000000  0.00000000  0.0008
      27  0.25000000 -0.05000000  0.00000000  0.0008
      28  0.20000000 -0.05000000  0.00000000  0.0008
      29  0.15000000 -0.05000000  0.00000000  0.0008
      30  0.10000000 -0.05000000  0.00000000  0.0008
      31 -0.05000000  0.05000000  0.00000000  0.0008
      32  0.00000000  0.10000000  0.00000000  0.0008
      33  0.05000000  0.10000000  0.00000000  0.0008
      34  0.10000000  0.10000000  0.00000000  0.0008
      35  0.15000000  0.10000000  0.00000000  0.0008
      36  0.20000000  0.10000000  0.00000000  0.0008
      37  0.25000000  0.10000000  0.00000000  0.0008
      38  0.30000000  0.10000000  0.00000000  0.0008
      39  0.35000000  0.10000000  0.00000000  0.0008
      40  0.40000000  0.10000000  0.00000000  0.0008
      41  0.45000000  0.10000000  0.00000000  0.0008
      42  0.50000000  0.10000000  0.00000000  0.0008
      43  0.45000000 -0.10000000  0.00000000  0.0008
      44  0.40000000 -0.10000000  0.00000000  0.0008
      45  0.35000000 -0.10000000  0.00000000  0.0008
      46  0.30000000 -0.10000000  0.00000000  0.0008
      47  0.25000000 -0.10000000  0.00000000  0.0008
      48  0.20000000 -0.10000000  0.00000000  0.0008
      49  0.15000000 -0.10000000  0.00000000  0.0008
      50  0.10000000 -0.10000000  0.00000000  0.0008
      51 -0.05000000  0.10000000  0.00000000  0.0008
      52  0.00000000  0.15000000  0.00000000  0.0008
      53  0.05000000  0.15000000  0.00000000  0.0008
      54  0.10000000  0.15000000  0.00000000  0.0008
      55  0.15000000  0.15000000  0.00000000  0.0008
      56  0.20000000  0.15000000  0.00000000  0.0008
      57  0.25000000  0.15000000  0.00000000  0.0008
      58  0.30000000  0.15000000  0.00000000  0.0008
      59  0.35000000  0.15000000  0.00000000  0.0008
      60  0.40000000  0.15000000  0.00000000  0.0008
      61  0.45000000  0.15000000  0.00000000  0.0008
      62  0.50000000  0.15000000  0.00000000  0.0008
      63  0.45000000 -0.15000000  0.00000000  0.0008
      64  0.40000000 -0.15000000  0.00000000  0.0008
      65  0.35000000 -0.15000000  0.00000000  0.0008
      66  0.30000000 -0.15000000  0.00000000  0.0008
      67  0.25000000 -0.15000000  0.00000000  0.0008
      68  0.20000000 -0.15000000  0.00000000  0.0008
      69 -0.15000000  0.15000000  0.00000000  0.0008
      70 -0.10000000  0.15000000  0.00000000  0.0008
      71 -0.05000000  0.15000000  0.00000000  0.0008
      72  0.00000000  0.20000000  0.00000000  0.0008
      73  0.05000000  0.20000000  0.00000000  0.0008
      74  0.10000000  0.20000000  0.00000000  0.0008
      75  0.15000000  0.20000000  0.00000000  0.0008
      76  0.20000000  0.20000000  0.00000000  0.0008
      77  0.25000000  0.20000000  0.00000000  0.0008
      78  0.30000000  0.20000000  0.00000000  0.0008
      79  0.35000000  0.20000000  0.00000000  0.0008
      80  0.40000000  0.20000000  0.00000000  0.0008
      81  0.45000000  0.20000000  0.00000000  0.0008
      82  0.50000000  0.20000000  0.00000000  0.0008
      83  0.45000000 -0.20000000  0.00000000  0.0008
      84  0.40000000 -0.20000000  0.00000000  0.0008
      85  0.35000000 -0.20000000  0.00000000  0.0008
      86  0.30000000 -0.20000000  0.00000000  0.0008
      87  0.25000000 -0.20000000  0.00000000  0.0008
      88 -0.20000000  0.20000000  0.00000000  0.0008
      89 -0.15000000  0.20000000  0.00000000  0.0008
      90 -0.10000000  0.20000000  0.00000000  0.0008
      91 -0.05000000  0.20000000  0.00000000  0.0008
      92  0.00000000  0.25000000  0.00000000  0.0008
      93  0.05000000  0.25000000  0.00000000  0.0008
      94  0.10000000  0.25000000  0.00000000  0.0008
      95  0.15000000  0.25000000  0.00000000  0.0008
      96  0.20000000  0.25000000  0.00000000  0.0008
      97  0.25000000  0.25000000  0.00000000  0.0008
      98  0.30000000  0.25000000  0.00000000  0.0008
      99  0.35000000  0.25000000  0.00000000  0.0008
     100  0.40000000  0.25000000  0.00000000  0.0008
     101  0.45000000  0.25000000  0.00000000  0.0008
     102  0.50000000  0.25000000  0.00000000  0.0008
     103  0.45000000 -0.25000000  0.00000000  0.0008
     104  0.40000000 -0.25000000  0.00000000  0.0008
     105  0.35000000 -0.25000000  0.00000000  0.0008
     106  0.30000000 -0.25000000  0.00000000  0.0008
     107 -0.25000000  0.25000000  0.00000000  0.0008
     108 -0.20000000  0.25000000  0.00000000  0.0008
     109 -0.15000000  0.25000000  0.00000000  0.0008
     110 -0.10000000  0.25000000  0.00000000  0.0008
     111 -0.05000000  0.25000000  0.00000000  0.0008
     112  0.00000000  0.30000000  0.00000000  0.0008
     113  0.05000000  0.30000000  0.00000000  0.0008
     114  0.10000000  0.30000000  0.00000000  0.0008
     115  0.15000000  0.30000000  0.00000000  0.0008
     116  0.20000000  0.30000000  0.00000000  0.0008
     117  0.25000000  0.30000000  0.00000000  0.0008
     118  0.30000000  0.30000000  0.00000000  0.0008
     119  0.35000000  0.30000000  0.00000000  0.0008
     120  0.40000000  0.30000000  0.00000000  0.0008
     121  0.45000000  0.30000000  0.00000000  0.0008
     122  0.50000000  0.30000000  0.00000000  0.0008
     123  0.45000000 -0.30000000  0.00000000  0.0008
     124  0.40000000 -0.30000000  0.00000000  0.0008
     125  0.35000000 -0.30000000  0.00000000  0.0008
     126 -0.30000000  0.30000000  0.00000000  0.0008
     127 -0.25000000  0.30000000  0.00000000  0.0008
     128 -0.20000000  0.30000000  0.00000000  0.0008
     129 -0.15000000  0.30000000  0.00000000  0.0008
     130 -0.10000000  0.30000000  0.00000000  0.0008
     131 -0.05000000  0.30000000  0.00000000  0.0008
     132  0.00000000  0.35000000  0.00000000  0.0008
     133  0.05000000  0.35000000  0.00000000  0.0008
     134  0.10000000  0.35000000  0.00000000  0.0008
     135  0.15000000  0.35000000  0.00000000  0.0008
     136  0.20000000  0.35000000  0.00000000  0.0008
     137  0.25000000  0.35000000  0.00000000  0.0008
     138  0.30000000  0.35000000  0.00000000  0.0008
     139  0.35000000  0.35000000  0.00000000  0.0008
     140  0.40000000  0.35000000  0.00000000  0.0008
     141  0.45000000  0.35000000  0.00000000  0.0008
     142  0.50000000  0.35000000  0.00000000  0.0008
     143  0.45000000 -0.35000000  0.00000000  0.0008
     144  0.40000000 -0.35000000  0.00000000  0.0008
     145 -0.35000000  0.35000000  0.00000000  0.0008
     146 -0.30000000  0.35000000  0.00000000  0.0008
     147 -0.25000000  0.35000000  0.00000000  0.0008
     148 -0.20000000  0.35000000  0.00000000  0.0008
     149 -0.15000000  0.35000000  0.00000000  0.0008
     150 -0.10000000  0.35000000  0.00000000  0.0008
     151 -0.05000000  0.35000000  0.00000000  0.0008
     152  0.00000000  0.40000000  0.00000000  0.0008
     153  0.05000000  0.40000000  0.00000000  0.0008
     154  0.10000000  0.40000000  0.00000000  0.0008
     155  0.15000000  0.40000000  0.00000000  0.0008
     156  0.20000000  0.40000000  0.00000000  0.0008
     157  0.25000000  0.40000000  0.00000000  0.0008
     158  0.30000000  0.40000000  0.00000000  0.0008
     159  0.35000000  0.40000000  0.00000000  0.0008
     160  0.40000000  0.40000000  0.00000000  0.0008
     161  0.45000000  0.40000000  0.00000000  0.0008
     162  0.50000000  0.40000000  0.00000000  0.0008
     163  0.45000000 -0.40000000  0.00000000  0.0008
     164 -0.40000000  0.40000000  0.00000000  0.0008
     165 -0.35000000  0.40000000  0.00000000  0.0008
     166 -0.30000000  0.40000000  0.00000000  0.0008
     167 -0.25000000  0.40000000  0.00000000  0.0008
     168 -0.20000000  0.40000000  0.00000000  0.0008
     169 -0.15000000  0.40000000  0.00000000  0.0008
     170 -0.10000000  0.40000000  0.00000000  0.0008
     171 -0.05000000  0.40000000  0.00000000  0.0008
     172  0.00000000  0.45000000  0.00000000  0.0008
     173  0.05000000  0.45000000  0.00000000  0.0008
     174  0.10000000  0.45000000  0.00000000  0.0008
     175  0.15000000  0.45000000  0.00000000  0.0008
     176  0.20000000  0.45000000  0.00000000  0.0008
     177  0.25000000  0.45000000  0.00000000  0.0008
     178  0.30000000  0.45000000  0.00000000  0.0008
     179  0.35000000  0.45000000  0.00000000  0.0008
     180  0.40000000  0.45000000  0.00000000  0.0008
     181  0.45000000  0.45000000  0.00000000  0.0008
     182  0.50000000  0.45000000  0.00000000  0.0008
     183 -0.45000000  0.45000000  0.00000000  0.0008
     184 -0.40000000  0.45000000  0.00000000  0.0008
     185 -0.35000000  0.45000000  0.00000000  0.0008
     186 -0.30000000  0.45000000  0.00000000  0.0008
     187 -0.25000000  0.45000000  0.00000000  0.0008
     188 -0.20000000  0.45000000  0.00000000  0.0008
     189 -0.15000000  0.45000000  0.00000000  0.0008
     190 -0.10000000  0.45000000  0.00000000  0.0008
     191 -0.05000000  0.45000000  0.00000000  0.0008
     192  0.00000000  0.50000000  0.00000000  0.0004
     193  0.05000000  0.50000000  0.00000000  0.0008
     194  0.10000000  0.50000000  0.00000000  0.0008
     195  0.15000000  0.50000000  0.00000000  0.0008
     196  0.20000000  0.50000000  0.00000000  0.0008
     197  0.25000000  0.50000000  0.00000000  0.0008
     198  0.30000000  0.50000000  0.00000000  0.0008
     199  0.35000000  0.50000000  0.00000000  0.0008
     200  0.40000000  0.50000000  0.00000000  0.0008
     201  0.45000000  0.50000000  0.00000000  0.0008
     202  0.50000000  0.50000000  0.00000000  0.0004
     203  0.00000000  0.00000000  0.08333333  0.0008
     204  0.05000000  0.00000000  0.08333333  0.0008
     205  0.10000000  0.00000000  0.08333333  0.0008
     206  0.15000000  0.00000000  0.08333333  0.0008
     207  0.20000000  0.00000000  0.08333333  0.0008
     208  0.25000000  0.00000000  0.08333333  0.0008
     209  0.30000000  0.00000000  0.08333333  0.0008
     210  0.35000000  0.00000000  0.08333333  0.0008
     211  0.40000000  0.00000000  0.08333333  0.0008
     212  0.45000000  0.00000000  0.08333333  0.0008
     213  0.50000000  0.00000000  0.08333333  0.0008
     214  0.45000000  0.00000000 -0.08333333  0.0008
     215  0.40000000  0.00000000 -0.08333333  0.0008
     216  0.35000000  0.00000000 -0.08333333  0.0008
     217  0.30000000  0.00000000 -0.08333333  0.0008
     218  0.25000000  0.00000000 -0.08333333  0.0008
     219  0.20000000  0.00000000 -0.08333333  0.0008
     220  0.15000000  0.00000000 -0.08333333  0.0008
     221  0.10000000  0.00000000 -0.08333333  0.0008
     222 -0.05000000  0.00000000  0.08333333  0.0008
     223  0.00000000  0.05000000  0.08333333  0.0008
     224  0.05000000  0.05000000  0.08333333  0.0008
     225  0.10000000  0.05000000  0.08333333  0.0008
     226  0.15000000  0.05000000  0.08333333  0.0008
     227  0.20000000  0.05000000  0.08333333  0.0008
     228  0.25000000  0.05000000  0.08333333  0.0008
     229  0.30000000  0.05000000  0.08333333  0.0008
     230  0.35000000  0.05000000  0.08333333  0.0008
     231  0.40000000  0.05000000  0.08333333  0.0008
     232  0.45000000  0.05000000  0.08333333  0.0008
     233  0.50000000  0.05000000  0.08333333  0.0008
     234  0.45000000 -0.05000000 -0.08333333  0.0008
     235  0.40000000 -0.05000000 -0.08333333  0.0008
     236  0.35000000 -0.05000000 -0.08333333  0.0008
     237  0.30000000 -0.05000000 -0.08333333  0.0008
     238  0.25000000 -0.05000000 -0.08333333  0.0008
     239  0.20000000 -0.05000000 -0.08333333  0.0008
     240  0.15000000 -0.05000000 -0.08333333  0.0008
     241 -0.10000000  0.05000000  0.08333333  0.0008
     242 -0.05000000  0.05000000  0.08333333  0.0008
     243  0.00000000  0.10000000  0.08333333  0.0008
     244  0.05000000  0.10000000  0.08333333  0.0008
     245  0.10000000  0.10000000  0.08333333  0.0008
     246  0.15000000  0.10000000  0.08333333  0.0008
     247  0.20000000  0.10000000  0.08333333  0.0008
     248  0.25000000  0.10000000  0.08333333  0.0008
     249  0.30000000  0.10000000  0.08333333  0.0008
     250  0.35000000  0.10000000  0.08333333  0.0008
     251  0.40000000  0.10000000  0.08333333  0.0008
     252  0.45000000  0.10000000  0.08333333  0.0008
     253  0.50000000  0.10000000  0.08333333  0.0008
     254  0.45000000 -0.10000000 -0.08333333  0.0008
     255  0.40000000 -0.10000000 -0.08333333  0.0008
     256  0.35000000 -0.10000000 -0.08333333  0.0008
     257  0.30000000 -0.10000000 -0.08333333  0.0008
     258  0.25000000 -0.10000000 -0.08333333  0.0008
     259  0.20000000 -0.10000000 -0.08333333  0.0008
     260 -0.15000000  0.10000000  0.08333333  0.0008
     261 -0.10000000  0.10000000  0.08333333  0.0008
     262 -0.05000000  0.10000000  0.08333333  0.0008
     263  0.00000000  0.15000000  0.08333333  0.0008
     264  0.05000000  0.15000000  0.08333333  0.0008
     265  0.10000000  0.15000000  0.08333333  0.0008
     266  0.15000000  0.15000000  0.08333333  0.0008
     267  0.20000000  0.15000000  0.08333333  0.0008
     268  0.25000000  0.15000000  0.08333333  0.0008
     269  0.30000000  0.15000000  0.08333333  0.0008
     270  0.35000000  0.15000000  0.08333333  0.0008
     271  0.40000000  0.15000000  0.08333333  0.0008
     272  0.45000000  0.15000000  0.08333333  0.0008
     273  0.50000000  0.15000000  0.08333333  0.0008
     274  0.45000000 -0.15000000 -0.08333333  0.0008
     275  0.40000000 -0.15000000 -0.08333333  0.0008
     276  0.35000000 -0.15000000 -0.08333333  0.0008
     277  0.30000000 -0.15000000 -0.08333333  0.0008
     278  0.25000000 -0.15000000 -0.08333333  0.0008
     279 -0.20000000  0.15000000  0.08333333  0.0008
     280 -0.15000000  0.15000000  0.08333333  0.0008
     281 -0.10000000  0.15000000  0.08333333  0.0008
     282 -0.05000000  0.15000000  0.08333333  0.0008
     283  0.00000000  0.20000000  0.08333333  0.0008
     284  0.05000000  0.20000000  0.08333333  0.0008
     285  0.10000000  0.20000000  0.08333333  0.0008
     286  0.15000000  0.20000000  0.08333333  0.0008
     287  0.20000000  0.20000000  0.08333333  0.0008
     288  0.25000000  0.20000000  0.08333333  0.0008
     289  0.30000000  0.20000000  0.08333333  0.0008
     290  0.35000000  0.20000000  0.08333333  0.0008
     291  0.40000000  0.20000000  0.08333333  0.0008
     292  0.45000000  0.20000000  0.08333333  0.0008
     293  0.50000000  0.20000000  0.08333333  0.0008
     294  0.45000000 -0.20000000 -0.08333333  0.0008
     295  0.40000000 -0.20000000 -0.08333333  0.0008
     296  0.35000000 -0.20000000 -0.08333333  0.0008
     297  0.30000000 -0.20000000 -0.08333333  0.0008
     298 -0.25000000  0.20000000  0.08333333  0.0008
     299 -0.20000000  0.20000000  0.08333333  0.0008
     300 -0.15000000  0.20000000  0.08333333  0.0008
     301 -0.10000000  0.20000000  0.08333333  0.0008
     302 -0.05000000  0.20000000  0.08333333  0.0008
     303  0.00000000  0.25000000  0.08333333  0.0008
     304  0.05000000  0.25000000  0.08333333  0.0008
     305  0.10000000  0.25000000  0.08333333  0.0008
     306  0.15000000  0.25000000  0.08333333  0.0008
     307  0.20000000  0.25000000  0.08333333  0.0008
     308  0.25000000  0.25000000  0.08333333  0.0008
     309  0.30000000  0.25000000  0.08333333  0.0008
     310  0.35000000  0.25000000  0.08333333  0.0008
     311  0.40000000  0.25000000  0.08333333  0.0008
     312  0.45000000  0.25000000  0.08333333  0.0008
     313  0.50000000  0.25000000  0.08333333  0.0008
     314  0.45000000 -0.25000000 -0.08333333  0.0008
     315  0.40000000 -0.25000000 -0.08333333  0.0008
     316  0.35000000 -0.25000000 -0.08333333  0.0008
     317 -0.30000000  0.25000000  0.08333333  0.0008
     318 -0.25000000  0.25000000  0.08333333  0.0008
     319 -0.20000000  0.25000000  0.08333333  0.0008
     320 -0.15000000  0.25000000  0.08333333  0.0008
     321 -0.10000000  0.25000000  0.08333333  0.0008
     322 -0.05000000  0.25000000  0.08333333  0.0008
     323  0.00000000  0.30000000  0.08333333  0.0008
     324  0.05000000  0.30000000  0.08333333  0.0008
     325  0.10000000  0.30000000  0.08333333  0.0008
     326  0.15000000  0.30000000  0.08333333  0.0008
     327  0.20000000  0.30000000  0.08333333  0.0008
     328  0.25000000  0.30000000  0.08333333  0.0008
     329  0.30000000  0.30000000  0.08333333  0.0008
     330  0.35000000  0.30000000  0.08333333  0.0008
     331  0.40000000  0.30000000  0.08333333  0.0008
     332  0.45000000  0.30000000  0.08333333  0.0008
     333  0.50000000  0.30000000  0.08333333  0.0008
     334  0.45000000 -0.30000000 -0.08333333  0.0008
     335  0.40000000 -0.30000000 -0.08333333  0.0008
     336 -0.35000000  0.30000000  0.08333333  0.0008
     337 -0.30000000  0.30000000  0.08333333  0.0008
     338 -0.25000000  0.30000000  0.08333333  0.0008
     339 -0.20000000  0.30000000  0.08333333  0.0008
     340 -0.15000000  0.30000000  0.08333333  0.0008
     341 -0.10000000  0.30000000  0.08333333  0.0008
     342 -0.05000000  0.30000000  0.08333333  0.0008
     343  0.00000000  0.35000000  0.08333333  0.0008
     344  0.05000000  0.35000000  0.08333333  0.0008
     345  0.10000000  0.35000000  0.08333333  0.0008
     346  0.15000000  0.35000000  0.08333333  0.0008
     347  0.20000000  0.35000000  0.08333333  0.0008
     348  0.25000000  0.35000000  0.08333333  0.0008
     349  0.30000000  0.35000000  0.08333333  0.0008
     350  0.35000000  0.35000000  0.08333333  0.0008
     351  0.40000000  0.35000000  0.08333333  0.0008
     352  0.45000000  0.35000000  0.08333333  0.0008
     353  0.50000000  0.35000000  0.08333333  0.0008
     354  0.45000000 -0.35000000 -0.08333333  0.0008
     355 -0.40000000  0.35000000  0.08333333  0.0008
     356 -0.35000000  0.35000000  0.08333333  0.0008
     357 -0.30000000  0.35000000  0.08333333  0.0008
     358 -0.25000000  0.35000000  0.08333333  0.0008
     359 -0.20000000  0.35000000  0.08333333  0.0008
     360 -0.15000000  0.35000000  0.08333333  0.0008
     361 -0.10000000  0.35000000  0.08333333  0.0008
     362 -0.05000000  0.35000000  0.08333333  0.0008
     363  0.00000000  0.40000000  0.08333333  0.0008
     364  0.05000000  0.40000000  0.08333333  0.0008
     365  0.10000000  0.40000000  0.08333333  0.0008
     366  0.15000000  0.40000000  0.08333333  0.0008
     367  0.20000000  0.40000000  0.08333333  0.0008
     368  0.25000000  0.40000000  0.08333333  0.0008
     369  0.30000000  0.40000000  0.08333333  0.0008
     370  0.35000000  0.40000000  0.08333333  0.0008
     371  0.40000000  0.40000000  0.08333333  0.0008
     372  0.45000000  0.40000000  0.08333333  0.0008
     373  0.50000000  0.40000000  0.08333333  0.0008
     374 -0.45000000  0.40000000  0.08333333  0.0008
     375 -0.40000000  0.40000000  0.08333333  0.0008
     376 -0.35000000  0.40000000  0.08333333  0.0008
     377 -0.30000000  0.40000000  0.08333333  0.0008
     378 -0.25000000  0.40000000  0.08333333  0.0008
     379 -0.20000000  0.40000000  0.08333333  0.0008
     380 -0.15000000  0.40000000  0.08333333  0.0008
     381 -0.10000000  0.40000000  0.08333333  0.0008
     382 -0.05000000  0.40000000  0.08333333  0.0008
     383  0.00000000  0.45000000  0.08333333  0.0008
     384  0.05000000  0.45000000  0.08333333  0.0008
     385  0.10000000  0.45000000  0.08333333  0.0008
     386  0.15000000  0.45000000  0.08333333  0.0008
     387  0.20000000  0.45000000  0.08333333  0.0008
     388  0.25000000  0.45000000  0.08333333  0.0008
     389  0.30000000  0.45000000  0.08333333  0.0008
     390  0.35000000  0.45000000  0.08333333  0.0008
     391  0.40000000  0.45000000  0.08333333  0.0008
     392  0.45000000  0.45000000  0.08333333  0.0008
     393  0.50000000  0.45000000  0.08333333  0.0008
     394 -0.45000000  0.45000000  0.08333333  0.0008
     395 -0.40000000  0.45000000  0.08333333  0.0008
     396 -0.35000000  0.45000000  0.08333333  0.0008
     397 -0.30000000  0.45000000  0.08333333  0.0008
     398 -0.25000000  0.45000000  0.08333333  0.0008
     399 -0.20000000  0.45000000  0.08333333  0.0008
     400 -0.15000000  0.45000000  0.08333333  0.0008
     401 -0.10000000  0.45000000  0.08333333  0.0008
     402 -0.05000000  0.45000000  0.08333333  0.0008
     403  0.00000000  0.50000000  0.08333333  0.0008
     404  0.05000000  0.50000000  0.08333333  0.0008
     405  0.10000000  0.50000000  0.08333333  0.0008
     406  0.15000000  0.50000000  0.08333333  0.0008
     407  0.20000000  0.50000000  0.08333333  0.0008
     408  0.25000000  0.50000000  0.08333333  0.0008
     409  0.30000000  0.50000000  0.08333333  0.0008
     410  0.35000000  0.50000000  0.08333333  0.0008
     411  0.40000000  0.50000000  0.08333333  0.0008
     412  0.45000000  0.50000000  0.08333333  0.0008
     413  0.50000000  0.50000000  0.08333333  0.0008
     414  0.45000000  0.50000000 -0.08333333  0.0008
     415  0.40000000  0.50000000 -0.08333333  0.0008
     416  0.35000000  0.50000000 -0.08333333  0.0008
     417  0.30000000  0.50000000 -0.08333333  0.0008
     418  0.25000000  0.50000000 -0.08333333  0.0008
     419  0.20000000  0.50000000 -0.08333333  0.0008
     420  0.15000000  0.50000000 -0.08333333  0.0008
     421  0.10000000  0.50000000 -0.08333333  0.0008
     422 -0.05000000  0.50000000  0.08333333  0.0008
     423  0.00000000  0.45000000 -0.08333333  0.0008
     424 -0.05000000  0.45000000 -0.08333333  0.0008
     425 -0.10000000  0.45000000 -0.08333333  0.0008
     426 -0.15000000  0.45000000 -0.08333333  0.0008
     427 -0.20000000  0.45000000 -0.08333333  0.0008
     428 -0.25000000  0.45000000 -0.08333333  0.0008
     429 -0.30000000  0.45000000 -0.08333333  0.0008
     430 -0.35000000  0.45000000 -0.08333333  0.0008
     431  0.40000000 -0.45000000  0.08333333  0.0008
     432  0.45000000 -0.45000000  0.08333333  0.0008
     433  0.50000000  0.45000000 -0.08333333  0.0008
     434  0.45000000  0.45000000 -0.08333333  0.0008
     435  0.40000000  0.45000000 -0.08333333  0.0008
     436  0.35000000  0.45000000 -0.08333333  0.0008
     437  0.30000000  0.45000000 -0.08333333  0.0008
     438  0.25000000  0.45000000 -0.08333333  0.0008
     439  0.20000000  0.45000000 -0.08333333  0.0008
     440  0.15000000  0.45000000 -0.08333333  0.0008
     441  0.10000000  0.45000000 -0.08333333  0.0008
     442  0.05000000  0.45000000 -0.08333333  0.0008
     443  0.00000000  0.40000000 -0.08333333  0.0008
     444 -0.05000000  0.40000000 -0.08333333  0.0008
     445 -0.10000000  0.40000000 -0.08333333  0.0008
     446 -0.15000000  0.40000000 -0.08333333  0.0008
     447 -0.20000000  0.40000000 -0.08333333  0.0008
     448 -0.25000000  0.40000000 -0.08333333  0.0008
     449 -0.30000000  0.40000000 -0.08333333  0.0008
     450  0.35000000 -0.40000000  0.08333333  0.0008
     451  0.40000000 -0.40000000  0.08333333  0.0008
     452  0.45000000 -0.40000000  0.08333333  0.0008
     453  0.50000000  0.40000000 -0.08333333  0.0008
     454  0.45000000  0.40000000 -0.08333333  0.0008
     455  0.40000000  0.40000000 -0.08333333  0.0008
     456  0.35000000  0.40000000 -0.08333333  0.0008
     457  0.30000000  0.40000000 -0.08333333  0.0008
     458  0.25000000  0.40000000 -0.08333333  0.0008
     459  0.20000000  0.40000000 -0.08333333  0.0008
     460  0.15000000  0.40000000 -0.08333333  0.0008
     461  0.10000000  0.40000000 -0.08333333  0.0008
     462  0.05000000  0.40000000 -0.08333333  0.0008
     463  0.00000000  0.35000000 -0.08333333  0.0008
     464 -0.05000000  0.35000000 -0.08333333  0.0008
     465 -0.10000000  0.35000000 -0.08333333  0.0008
     466 -0.15000000  0.35000000 -0.08333333  0.0008
     467 -0.20000000  0.35000000 -0.08333333  0.0008
     468 -0.25000000  0.35000000 -0.08333333  0.0008
     469  0.30000000 -0.35000000  0.08333333  0.0008
     470  0.35000000 -0.35000000  0.08333333  0.0008
     471  0.40000000 -0.35000000  0.08333333  0.0008
     472  0.45000000 -0.35000000  0.08333333  0.0008
     473  0.50000000  0.35000000 -0.08333333  0.0008
     474  0.45000000  0.35000000 -0.08333333  0.0008
     475  0.40000000  0.35000000 -0.08333333  0.0008
     476  0.35000000  0.35000000 -0.08333333  0.0008
     477  0.30000000  0.35000000 -0.08333333  0.0008
     478  0.25000000  0.35000000 -0.08333333  0.0008
     479  0.20000000  0.35000000 -0.08333333  0.0008
     480  0.15000000  0.35000000 -0.08333333  0.0008
     481  0.10000000  0.35000000 -0.08333333  0.0008
     482  0.05000000  0.35000000 -0.08333333  0.0008
     483  0.00000000  0.30000000 -0.08333333  0.0008
     484 -0.05000000  0.30000000 -0.08333333  0.0008
     485 -0.10000000  0.30000000 -0.08333333  0.0008
     486 -0.15000000  0.30000000 -0.08333333  0.0008
     487 -0.20000000  0.30000000 -0.08333333  0.0008
     488  0.25000000 -0.30000000  0.08333333  0.0008
     489  0.30000000 -0.30000000  0.08333333  0.0008
     490  0.35000000 -0.30000000  0.08333333  0.0008
     491  0.40000000 -0.30000000  0.08333333  0.0008
     492  0.45000000 -0.30000000  0.08333333  0.0008
     493  0.50000000  0.30000000 -0.08333333  0.0008
     494  0.45000000  0.30000000 -0.08333333  0.0008
     495  0.40000000  0.30000000 -0.08333333  0.0008
     496  0.35000000  0.30000000 -0.08333333  0.0008
     497  0.30000000  0.30000000 -0.08333333  0.0008
     498  0.25000000  0.30000000 -0.08333333  0.0008
     499  0.20000000  0.30000000 -0.08333333  0.0008
     500  0.15000000  0.30000000 -0.08333333  0.0008
     501  0.10000000  0.30000000 -0.08333333  0.0008
     502  0.05000000  0.30000000 -0.08333333  0.0008
     503  0.00000000  0.25000000 -0.08333333  0.0008
     504 -0.05000000  0.25000000 -0.08333333  0.0008
     505 -0.10000000  0.25000000 -0.08333333  0.0008
     506 -0.15000000  0.25000000 -0.08333333  0.0008
     507  0.20000000 -0.25000000  0.08333333  0.0008
     508  0.25000000 -0.25000000  0.08333333  0.0008
     509  0.30000000 -0.25000000  0.08333333  0.0008
     510  0.35000000 -0.25000000  0.08333333  0.0008
     511  0.40000000 -0.25000000  0.08333333  0.0008
     512  0.45000000 -0.25000000  0.08333333  0.0008
     513  0.50000000  0.25000000 -0.08333333  0.0008
     514  0.45000000  0.25000000 -0.08333333  0.0008
     515  0.40000000  0.25000000 -0.08333333  0.0008
     516  0.35000000  0.25000000 -0.08333333  0.0008
     517  0.30000000  0.25000000 -0.08333333  0.0008
     518  0.25000000  0.25000000 -0.08333333  0.0008
     519  0.20000000  0.25000000 -0.08333333  0.0008
     520  0.15000000  0.25000000 -0.08333333  0.0008
     521  0.10000000  0.25000000 -0.08333333  0.0008
     522  0.05000000  0.25000000 -0.08333333  0.0008
     523  0.00000000  0.20000000 -0.08333333  0.0008
     524 -0.05000000  0.20000000 -0.08333333  0.0008
     525 -0.10000000  0.20000000 -0.08333333  0.0008
     526  0.15000000 -0.20000000  0.08333333  0.0008
     527  0.20000000 -0.20000000  0.08333333  0.0008
     528  0.25000000 -0.20000000  0.08333333  0.0008
     529  0.30000000 -0.20000000  0.08333333  0.0008
     530  0.35000000 -0.20000000  0.08333333  0.0008
     531  0.40000000 -0.20000000  0.08333333  0.0008
     532  0.45000000 -0.20000000  0.08333333  0.0008
     533  0.50000000  0.20000000 -0.08333333  0.0008
     534  0.45000000  0.20000000 -0.08333333  0.0008
     535  0.40000000  0.20000000 -0.08333333  0.0008
     536  0.35000000  0.20000000 -0.08333333  0.0008
     537  0.30000000  0.20000000 -0.08333333  0.0008
     538  0.25000000  0.20000000 -0.08333333  0.0008
     539  0.20000000  0.20000000 -0.08333333  0.0008
     540  0.15000000  0.20000000 -0.08333333  0.0008
     541  0.10000000  0.20000000 -0.08333333  0.0008
     542  0.05000000  0.20000000 -0.08333333  0.0008
     543  0.00000000  0.15000000 -0.08333333  0.0008
     544 -0.05000000  0.15000000 -0.08333333  0.0008
     545  0.10000000 -0.15000000  0.08333333  0.0008
     546  0.15000000 -0.15000000  0.08333333  0.0008
     547  0.20000000 -0.15000000  0.08333333  0.0008
     548  0.25000000 -0.15000000  0.08333333  0.0008
     549  0.30000000 -0.15000000  0.08333333  0.0008
     550  0.35000000 -0.15000000  0.08333333  0.0008
     551  0.40000000 -0.15000000  0.08333333  0.0008
     552  0.45000000 -0.15000000  0.08333333  0.0008
     553  0.50000000  0.15000000 -0.08333333  0.0008
     554  0.45000000  0.15000000 -0.08333333  0.0008
     555  0.40000000  0.15000000 -0.08333333  0.0008
     556  0.35000000  0.15000000 -0.08333333  0.0008
     557  0.30000000  0.15000000 -0.08333333  0.0008
     558  0.25000000  0.15000000 -0.08333333  0.0008
     559  0.20000000  0.15000000 -0.08333333  0.0008
     560  0.15000000  0.15000000 -0.08333333  0.0008
     561  0.10000000  0.15000000 -0.08333333  0.0008
     562  0.05000000  0.15000000 -0.08333333  0.0008
     563  0.00000000  0.10000000 -0.08333333  0.0008
     564  0.05000000 -0.10000000  0.08333333  0.0008
     565  0.10000000 -0.10000000  0.08333333  0.0008
     566  0.15000000 -0.10000000  0.08333333  0.0008
     567  0.20000000 -0.10000000  0.08333333  0.0008
     568  0.25000000 -0.10000000  0.08333333  0.0008
     569  0.30000000 -0.10000000  0.08333333  0.0008
     570  0.35000000 -0.10000000  0.08333333  0.0008
     571  0.40000000 -0.10000000  0.08333333  0.0008
     572  0.45000000 -0.10000000  0.08333333  0.0008
     573  0.50000000  0.10000000 -0.08333333  0.0008
     574  0.45000000  0.10000000 -0.08333333  0.0008
     575  0.40000000  0.10000000 -0.08333333  0.0008
     576  0.35000000  0.10000000 -0.08333333  0.0008
     577  0.30000000  0.10000000 -0.08333333  0.0008
     578  0.25000000  0.10000000 -0.08333333  0.0008
     579  0.20000000  0.10000000 -0.08333333  0.0008
     580  0.15000000  0.10000000 -0.08333333  0.0008
     581  0.10000000  0.10000000 -0.08333333  0.0008
     582  0.05000000  0.10000000 -0.08333333  0.0008
     583  0.00000000 -0.05000000  0.08333333  0.0008
     584  0.05000000 -0.05000000  0.08333333  0.0008
     585  0.10000000 -0.05000000  0.08333333  0.0008
     586  0.15000000 -0.05000000  0.08333333  0.0008
     587  0.20000000 -0.05000000  0.08333333  0.0008
     588  0.25000000 -0.05000000  0.08333333  0.0008
     589  0.30000000 -0.05000000  0.08333333  0.0008
     590  0.35000000 -0.05000000  0.08333333  0.0008
     591  0.40000000 -0.05000000  0.08333333  0.0008
     592  0.45000000 -0.05000000  0.08333333  0.0008
     593  0.50000000 -0.05000000  0.08333333  0.0008
     594  0.45000000  0.05000000 -0.08333333  0.0008
     595  0.40000000  0.05000000 -0.08333333  0.0008
     596  0.35000000  0.05000000 -0.08333333  0.0008
     597  0.30000000  0.05000000 -0.08333333  0.0008
     598  0.25000000  0.05000000 -0.08333333  0.0008
     599  0.20000000  0.05000000 -0.08333333  0.0008
     600  0.15000000  0.05000000 -0.08333333  0.0008
     601  0.10000000  0.05000000 -0.08333333  0.0008
     602  0.05000000  0.05000000 -0.08333333  0.0008
     603  0.00000000  0.00000000  0.16666667  0.0008
     604  0.05000000  0.00000000  0.16666667  0.0008
     605  0.10000000  0.00000000  0.16666667  0.0008
     606  0.15000000  0.00000000  0.16666667  0.0008
     607  0.20000000  0.00000000  0.16666667  0.0008
     608  0.25000000  0.00000000  0.16666667  0.0008
     609  0.30000000  0.00000000  0.16666667  0.0008
     610  0.35000000  0.00000000  0.16666667  0.0008
     611  0.40000000  0.00000000  0.16666667  0.0008
     612  0.45000000  0.00000000  0.16666667  0.0008
     613  0.50000000  0.00000000  0.16666667  0.0008
     614  0.45000000  0.00000000 -0.16666667  0.0008
     615  0.40000000  0.00000000 -0.16666667  0.0008
     616  0.35000000  0.00000000 -0.16666667  0.0008
     617  0.30000000  0.00000000 -0.16666667  0.0008
     618  0.25000000  0.00000000 -0.16666667  0.0008
     619  0.20000000  0.00000000 -0.16666667  0.0008
     620 -0.15000000  0.00000000  0.16666667  0.0008
     621 -0.10000000  0.00000000  0.16666667  0.0008
     622 -0.05000000  0.00000000  0.16666667  0.0008
     623  0.00000000  0.05000000  0.16666667  0.0008
     624  0.05000000  0.05000000  0.16666667  0.0008
     625  0.10000000  0.05000000  0.16666667  0.0008
     626  0.15000000  0.05000000  0.16666667  0.0008
     627  0.20000000  0.05000000  0.16666667  0.0008
     628  0.25000000  0.05000000  0.16666667  0.0008
     629  0.30000000  0.05000000  0.16666667  0.0008
     630  0.35000000  0.05000000  0.16666667  0.0008
     631  0.40000000  0.05000000  0.16666667  0.0008
     632  0.45000000  0.05000000  0.16666667  0.0008
     633  0.50000000  0.05000000  0.16666667  0.0008
     634  0.45000000 -0.05000000 -0.16666667  0.0008
     635  0.40000000 -0.05000000 -0.16666667  0.0008
     636  0.35000000 -0.05000000 -0.16666667  0.0008
     637  0.30000000 -0.05000000 -0.16666667  0.0008
     638  0.25000000 -0.05000000 -0.16666667  0.0008
     639 -0.20000000  0.05000000  0.16666667  0.0008
     640 -0.15000000  0.05000000  0.16666667  0.0008
     641 -0.10000000  0.05000000  0.16666667  0.0008
     642 -0.05000000  0.05000000  0.16666667  0.0008
     643  0.00000000  0.10000000  0.16666667  0.0008
     644  0.05000000  0.10000000  0.16666667  0.0008
     645  0.10000000  0.10000000  0.16666667  0.0008
     646  0.15000000  0.10000000  0.16666667  0.0008
     647  0.20000000  0.10000000  0.16666667  0.0008
     648  0.25000000  0.10000000  0.16666667  0.0008
     649  0.30000000  0.10000000  0.16666667  0.0008
     650  0.35000000  0.10000000  0.16666667  0.0008
     651  0.40000000  0.10000000  0.16666667  0.0008
     652  0.45000000  0.10000000  0.16666667  0.0008
     653  0.50000000  0.10000000  0.16666667  0.0008
     654  0.45000000 -0.10000000 -0.16666667  0.0008
     655  0.40000000 -0.10000000 -0.16666667  0.0008
     656  0.35000000 -0.10000000 -0.16666667  0.0008
     657  0.30000000 -0.10000000 -0.16666667  0.0008
     658 -0.25000000  0.10000000  0.16666667  0.0008
     659 -0.20000000  0.10000000  0.16666667  0.0008
     660 -0.15000000  0.10000000  0.16666667  0.0008
     661 -0.10000000  0.10000000  0.16666667  0.0008
     662 -0.05000000  0.10000000  0.16666667  0.0008
     663  0.00000000  0.15000000  0.16666667  0.0008
     664  0.05000000  0.15000000  0.16666667  0.0008
     665  0.10000000  0.15000000  0.16666667  0.0008
     666  0.15000000  0.15000000  0.16666667  0.0008
     667  0.20000000  0.15000000  0.16666667  0.0008
     668  0.25000000  0.15000000  0.16666667  0.0008
     669  0.30000000  0.15000000  0.16666667  0.0008
     670  0.35000000  0.15000000  0.16666667  0.0008
     671  0.40000000  0.15000000  0.16666667  0.0008
     672  0.45000000  0.15000000  0.16666667  0.0008
     673  0.50000000  0.15000000  0.16666667  0.0008
     674  0.45000000 -0.15000000 -0.16666667  0.0008
     675  0.40000000 -0.15000000 -0.16666667  0.0008
     676  0.35000000 -0.15000000 -0.16666667  0.0008
     677 -0.30000000  0.15000000  0.16666667  0.0008
     678 -0.25000000  0.15000000  0.16666667  0.0008
     679 -0.20000000  0.15000000  0.16666667  0.0008
     680 -0.15000000  0.15000000  0.16666667  0.0008
     681 -0.10000000  0.15000000  0.16666667  0.0008
     682 -0.05000000  0.15000000  0.16666667  0.0008
     683  0.00000000  0.20000000  0.16666667  0.0008
     684  0.05000000  0.20000000  0.16666667  0.0008
     685  0.10000000  0.20000000  0.16666667  0.0008
     686  0.15000000  0.20000000  0.16666667  0.0008
     687  0.20000000  0.20000000  0.16666667  0.0008
     688  0.25000000  0.20000000  0.16666667  0.0008
     689  0.30000000  0.20000000  0.16666667  0.0008
     690  0.35000000  0.20000000  0.16666667  0.0008
     691  0.40000000  0.20000000  0.16666667  0.0008
     692  0.45000000  0.20000000  0.16666667  0.0008
     693  0.50000000  0.20000000  0.16666667  0.0008
     694  0.45000000 -0.20000000 -0.16666667  0.0008
     695  0.40000000 -0.20000000 -0.16666667  0.0008
     696 -0.35000000  0.20000000  0.16666667  0.0008
     697 -0.30000000  0.20000000  0.16666667  0.0008
     698 -0.25000000  0.20000000  0.16666667  0.0008
     699 -0.20000000  0.20000000  0.16666667  0.0008
     700 -0.15000000  0.20000000  0.16666667  0.0008
     701 -0.10000000  0.20000000  0.16666667  0.0008
     702 -0.05000000  0.20000000  0.16666667  0.0008
     703  0.00000000  0.25000000  0.16666667  0.0008
     704  0.05000000  0.25000000  0.16666667  0.0008
     705  0.10000000  0.25000000  0.16666667  0.0008
     706  0.15000000  0.25000000  0.16666667  0.0008
     707  0.20000000  0.25000000  0.16666667  0.0008
     708  0.25000000  0.25000000  0.16666667  0.0008
     709  0.30000000  0.25000000  0.16666667  0.0008
     710  0.35000000  0.25000000  0.16666667  0.0008
     711  0.40000000  0.25000000  0.16666667  0.0008
     712  0.45000000  0.25000000  0.16666667  0.0008
     713  0.50000000  0.25000000  0.16666667  0.0008
     714  0.45000000 -0.25000000 -0.16666667  0.0008
     715 -0.40000000  0.25000000  0.16666667  0.0008
     716 -0.35000000  0.25000000  0.16666667  0.0008
     717 -0.30000000  0.25000000  0.16666667  0.0008
     718 -0.25000000  0.25000000  0.16666667  0.0008
     719 -0.20000000  0.25000000  0.16666667  0.0008
     720 -0.15000000  0.25000000  0.16666667  0.0008
     721 -0.10000000  0.25000000  0.16666667  0.0008
     722 -0.05000000  0.25000000  0.16666667  0.0008
     723  0.00000000  0.30000000  0.16666667  0.0008
     724  0.05000000  0.30000000  0.16666667  0.0008
     725  0.10000000  0.30000000  0.16666667  0.0008
     726  0.15000000  0.30000000  0.16666667  0.0008
     727  0.20000000  0.30000000  0.16666667  0.0008
     728  0.25000000  0.30000000  0.16666667  0.0008
     729  0.30000000  0.30000000  0.16666667  0.0008
     730  0.35000000  0.30000000  0.16666667  0.0008
     731  0.40000000  0.30000000  0.16666667  0.0008
     732  0.45000000  0.30000000  0.16666667  0.0008
     733  0.50000000  0.30000000  0.16666667  0.0008
     734 -0.45000000  0.30000000  0.16666667  0.0008
     735 -0.40000000  0.30000000  0.16666667  0.0008
     736 -0.35000000  0.30000000  0.16666667  0.0008
     737 -0.30000000  0.30000000  0.16666667  0.0008
     738 -0.25000000  0.30000000  0.16666667  0.0008
     739 -0.20000000  0.30000000  0.16666667  0.0008
     740 -0.15000000  0.30000000  0.16666667  0.0008
     741 -0.10000000  0.30000000  0.16666667  0.0008
     742 -0.05000000  0.30000000  0.16666667  0.0008
     743  0.00000000  0.35000000  0.16666667  0.0008
     744  0.05000000  0.35000000  0.16666667  0.0008
     745  0.10000000  0.35000000  0.16666667  0.0008
     746  0.15000000  0.35000000  0.16666667  0.0008
     747  0.20000000  0.35000000  0.16666667  0.0008
     748  0.25000000  0.35000000  0.16666667  0.0008
     749  0.30000000  0.35000000  0.16666667  0.0008
     750  0.35000000  0.35000000  0.16666667  0.0008
     751  0.40000000  0.35000000  0.16666667  0.0008
     752  0.45000000  0.35000000  0.16666667  0.0008
     753  0.50000000  0.35000000  0.16666667  0.0008
     754 -0.45000000  0.35000000  0.16666667  0.0008
     755 -0.40000000  0.35000000  0.16666667  0.0008
     756 -0.35000000  0.35000000  0.16666667  0.0008
     757 -0.30000000  0.35000000  0.16666667  0.0008
     758 -0.25000000  0.35000000  0.16666667  0.0008
     759 -0.20000000  0.35000000  0.16666667  0.0008
     760 -0.15000000  0.35000000  0.16666667  0.0008
     761 -0.10000000  0.35000000  0.16666667  0.0008
     762 -0.05000000  0.35000000  0.16666667  0.0008
     763  0.00000000  0.40000000  0.16666667  0.0008
     764  0.05000000  0.40000000  0.16666667  0.0008
     765  0.10000000  0.40000000  0.16666667  0.0008
     766  0.15000000  0.40000000  0.16666667  0.0008
     767  0.20000000  0.40000000  0.16666667  0.0008
     768  0.25000000  0.40000000  0.16666667  0.0008
     769  0.30000000  0.40000000  0.16666667  0.0008
     770  0.35000000  0.40000000  0.16666667  0.0008
     771  0.40000000  0.40000000  0.16666667  0.0008
     772  0.45000000  0.40000000  0.16666667  0.0008
     773  0.50000000  0.40000000  0.16666667  0.0008
     774 -0.45000000  0.40000000  0.16666667  0.0008
     775 -0.40000000  0.40000000  0.16666667  0.0008
     776 -0.35000000  0.40000000  0.16666667  0.0008
     777 -0.30000000  0.40000000  0.16666667  0.0008
     778 -0.25000000  0.40000000  0.16666667  0.0008
     779 -0.20000000  0.40000000  0.16666667  0.0008
     780 -0.15000000  0.40000000  0.16666667  0.0008
     781 -0.10000000  0.40000000  0.16666667  0.0008
     782 -0.05000000  0.40000000  0.16666667  0.0008
     783  0.00000000  0.45000000  0.16666667  0.0008
     784  0.05000000  0.45000000  0.16666667  0.0008
     785  0.10000000  0.45000000  0.16666667  0.0008
     786  0.15000000  0.45000000  0.16666667  0.0008
     787  0.20000000  0.45000000  0.16666667  0.0008
     788  0.25000000  0.45000000  0.16666667  0.0008
     789  0.30000000  0.45000000  0.16666667  0.0008
     790  0.35000000  0.45000000  0.16666667  0.0008
     791  0.40000000  0.45000000  0.16666667  0.0008
     792  0.45000000  0.45000000  0.16666667  0.0008
     793  0.50000000  0.45000000  0.16666667  0.0008
     794 -0.45000000  0.45000000  0.16666667  0.0008
     795 -0.40000000  0.45000000  0.16666667  0.0008
     796 -0.35000000  0.45000000  0.16666667  0.0008
     797 -0.30000000  0.45000000  0.16666667  0.0008
     798 -0.25000000  0.45000000  0.16666667  0.0008
     799 -0.20000000  0.45000000  0.16666667  0.0008
     800 -0.15000000  0.45000000  0.16666667  0.0008
     801 -0.10000000  0.45000000  0.16666667  0.0008
     802 -0.05000000  0.45000000  0.16666667  0.0008
     803  0.00000000  0.50000000  0.16666667  0.0008
     804  0.05000000  0.50000000  0.16666667  0.0008
     805  0.10000000  0.50000000  0.16666667  0.0008
     806  0.15000000  0.50000000  0.16666667  0.0008
     807  0.20000000  0.50000000  0.16666667  0.0008
     808  0.25000000  0.50000000  0.16666667  0.0008
     809  0.30000000  0.50000000  0.16666667  0.0008
     810  0.35000000  0.50000000  0.16666667  0.0008
     811  0.40000000  0.50000000  0.16666667  0.0008
     812  0.45000000  0.50000000  0.16666667  0.0008
     813  0.50000000  0.50000000  0.16666667  0.0008
     814  0.45000000  0.50000000 -0.16666667  0.0008
     815  0.40000000  0.50000000 -0.16666667  0.0008
     816  0.35000000  0.50000000 -0.16666667  0.0008
     817  0.30000000  0.50000000 -0.16666667  0.0008
     818  0.25000000  0.50000000 -0.16666667  0.0008
     819  0.20000000  0.50000000 -0.16666667  0.0008
     820 -0.15000000  0.50000000  0.16666667  0.0008
     821 -0.10000000  0.50000000  0.16666667  0.0008
     822 -0.05000000  0.50000000  0.16666667  0.0008
     823  0.00000000  0.45000000 -0.16666667  0.0008
     824 -0.05000000  0.45000000 -0.16666667  0.0008
     825 -0.10000000  0.45000000 -0.16666667  0.0008
     826 -0.15000000  0.45000000 -0.16666667  0.0008
     827 -0.20000000  0.45000000 -0.16666667  0.0008
     828 -0.25000000  0.45000000 -0.16666667  0.0008
     829  0.30000000 -0.45000000  0.16666667  0.0008
     830  0.35000000 -0.45000000  0.16666667  0.0008
     831  0.40000000 -0.45000000  0.16666667  0.0008
     832  0.45000000 -0.45000000  0.16666667  0.0008
     833  0.50000000  0.45000000 -0.16666667  0.0008
     834  0.45000000  0.45000000 -0.16666667  0.0008
     835  0.40000000  0.45000000 -0.16666667  0.0008
     836  0.35000000  0.45000000 -0.16666667  0.0008
     837  0.30000000  0.45000000 -0.16666667  0.0008
     838  0.25000000  0.45000000 -0.16666667  0.0008
     839  0.20000000  0.45000000 -0.16666667  0.0008
     840  0.15000000  0.45000000 -0.16666667  0.0008
     841  0.10000000  0.45000000 -0.16666667  0.0008
     842  0.05000000  0.45000000 -0.16666667  0.0008
     843  0.00000000  0.40000000 -0.16666667  0.0008
     844 -0.05000000  0.40000000 -0.16666667  0.0008
     845 -0.10000000  0.40000000 -0.16666667  0.0008
     846 -0.15000000  0.40000000 -0.16666667  0.0008
     847 -0.20000000  0.40000000 -0.16666667  0.0008
     848  0.25000000 -0.40000000  0.16666667  0.0008
     849  0.30000000 -0.40000000  0.16666667  0.0008
     850  0.35000000 -0.40000000  0.16666667  0.0008
     851  0.40000000 -0.40000000  0.16666667  0.0008
     852  0.45000000 -0.40000000  0.16666667  0.0008
     853  0.50000000  0.40000000 -0.16666667  0.0008
     854  0.45000000  0.40000000 -0.16666667  0.0008
     855  0.40000000  0.40000000 -0.16666667  0.0008
     856  0.35000000  0.40000000 -0.16666667  0.0008
     857  0.30000000  0.40000000 -0.16666667  0.0008
     858  0.25000000  0.40000000 -0.16666667  0.0008
     859  0.20000000  0.40000000 -0.16666667  0.0008
     860  0.15000000  0.40000000 -0.16666667  0.0008
     861  0.10000000  0.40000000 -0.16666667  0.0008
     862  0.05000000  0.40000000 -0.16666667  0.0008
     863  0.00000000  0.35000000 -0.16666667  0.0008
     864 -0.05000000  0.35000000 -0.16666667  0.0008
     865 -0.10000000  0.35000000 -0.16666667  0.0008
     866 -0.15000000  0.35000000 -0.16666667  0.0008
     867  0.20000000 -0.35000000  0.16666667  0.0008
     868  0.25000000 -0.35000000  0.16666667  0.0008
     869  0.30000000 -0.35000000  0.16666667  0.0008
     870  0.35000000 -0.35000000  0.16666667  0.0008
     871  0.40000000 -0.35000000  0.16666667  0.0008
     872  0.45000000 -0.35000000  0.16666667  0.0008
     873  0.50000000  0.35000000 -0.16666667  0.0008
     874  0.45000000  0.35000000 -0.16666667  0.0008
     875  0.40000000  0.35000000 -0.16666667  0.0008
     876  0.35000000  0.35000000 -0.16666667  0.0008
     877  0.30000000  0.35000000 -0.16666667  0.0008
     878  0.25000000  0.35000000 -0.16666667  0.0008
     879  0.20000000  0.35000000 -0.16666667  0.0008
     880  0.15000000  0.35000000 -0.16666667  0.0008
     881  0.10000000  0.35000000 -0.16666667  0.0008
     882  0.05000000  0.35000000 -0.16666667  0.0008
     883  0.00000000  0.30000000 -0.16666667  0.0008
     884 -0.05000000  0.30000000 -0.16666667  0.0008
     885 -0.10000000  0.30000000 -0.16666667  0.0008
     886  0.15000000 -0.30000000  0.16666667  0.0008
     887  0.20000000 -0.30000000  0.16666667  0.0008
     888  0.25000000 -0.30000000  0.16666667  0.0008
     889  0.30000000 -0.30000000  0.16666667  0.0008
     890  0.35000000 -0.30000000  0.16666667  0.0008
     891  0.40000000 -0.30000000  0.16666667  0.0008
     892  0.45000000 -0.30000000  0.16666667  0.0008
     893  0.50000000  0.30000000 -0.16666667  0.0008
     894  0.45000000  0.30000000 -0.16666667  0.0008
     895  0.40000000  0.30000000 -0.16666667  0.0008
     896  0.35000000  0.30000000 -0.16666667  0.0008
     897  0.30000000  0.30000000 -0.16666667  0.0008
     898  0.25000000  0.30000000 -0.16666667  0.0008
     899  0.20000000  0.30000000 -0.16666667  0.0008
     900  0.15000000  0.30000000 -0.16666667  0.0008
     901  0.10000000  0.30000000 -0.16666667  0.0008
     902  0.05000000  0.30000000 -0.16666667  0.0008
     903  0.00000000  0.25000000 -0.16666667  0.0008
     904 -0.05000000  0.25000000 -0.16666667  0.0008
     905  0.10000000 -0.25000000  0.16666667  0.0008
     906  0.15000000 -0.25000000  0.16666667  0.0008
     907  0.20000000 -0.25000000  0.16666667  0.0008
     908  0.25000000 -0.25000000  0.16666667  0.0008
     909  0.30000000 -0.25000000  0.16666667  0.0008
     910  0.35000000 -0.25000000  0.16666667  0.0008
     911  0.40000000 -0.25000000  0.16666667  0.0008
     912  0.45000000 -0.25000000  0.16666667  0.0008
     913  0.50000000  0.25000000 -0.16666667  0.0008
     914  0.45000000  0.25000000 -0.16666667  0.0008
     915  0.40000000  0.25000000 -0.16666667  0.0008
     916  0.35000000  0.25000000 -0.16666667  0.0008
     917  0.30000000  0.25000000 -0.16666667  0.0008
     918  0.25000000  0.25000000 -0.16666667  0.0008
     919  0.20000000  0.25000000 -0.16666667  0.0008
     920  0.15000000  0.25000000 -0.16666667  0.0008
     921  0.10000000  0.25000000 -0.16666667  0.0008
     922  0.05000000  0.25000000 -0.16666667  0.0008
     923  0.00000000  0.20000000 -0.16666667  0.0008
     924  0.05000000 -0.20000000  0.16666667  0.0008
     925  0.10000000 -0.20000000  0.16666667  0.0008
     926  0.15000000 -0.20000000  0.16666667  0.0008
     927  0.20000000 -0.20000000  0.16666667  0.0008
     928  0.25000000 -0.20000000  0.16666667  0.0008
     929  0.30000000 -0.20000000  0.16666667  0.0008
     930  0.35000000 -0.20000000  0.16666667  0.0008
     931  0.40000000 -0.20000000  0.16666667  0.0008
     932  0.45000000 -0.20000000  0.16666667  0.0008
     933  0.50000000  0.20000000 -0.16666667  0.0008
     934  0.45000000  0.20000000 -0.16666667  0.0008
     935  0.40000000  0.20000000 -0.16666667  0.0008
     936  0.35000000  0.20000000 -0.16666667  0.0008
     937  0.30000000  0.20000000 -0.16666667  0.0008
     938  0.25000000  0.20000000 -0.16666667  0.0008
     939  0.20000000  0.20000000 -0.16666667  0.0008
     940  0.15000000  0.20000000 -0.16666667  0.0008
     941  0.10000000  0.20000000 -0.16666667  0.0008
     942  0.05000000  0.20000000 -0.16666667  0.0008
     943  0.00000000 -0.15000000  0.16666667  0.0008
     944  0.05000000 -0.15000000  0.16666667  0.0008
     945  0.10000000 -0.15000000  0.16666667  0.0008
     946  0.15000000 -0.15000000  0.16666667  0.0008
     947  0.20000000 -0.15000000  0.16666667  0.0008
     948  0.25000000 -0.15000000  0.16666667  0.0008
     949  0.30000000 -0.15000000  0.16666667  0.0008
     950  0.35000000 -0.15000000  0.16666667  0.0008
     951  0.40000000 -0.15000000  0.16666667  0.0008
     952  0.45000000 -0.15000000  0.16666667  0.0008
     953  0.50000000 -0.15000000  0.16666667  0.0008
     954  0.45000000  0.15000000 -0.16666667  0.0008
     955  0.40000000  0.15000000 -0.16666667  0.0008
     956  0.35000000  0.15000000 -0.16666667  0.0008
     957  0.30000000  0.15000000 -0.16666667  0.0008
     958  0.25000000  0.15000000 -0.16666667  0.0008
     959  0.20000000  0.15000000 -0.16666667  0.0008
     960  0.15000000  0.15000000 -0.16666667  0.0008
     961  0.10000000  0.15000000 -0.16666667  0.0008
     962  0.05000000  0.15000000 -0.16666667  0.0008
     963  0.00000000 -0.10000000  0.16666667  0.0008
     964  0.05000000 -0.10000000  0.16666667  0.0008
     965  0.10000000 -0.10000000  0.16666667  0.0008
     966  0.15000000 -0.10000000  0.16666667  0.0008
     967  0.20000000 -0.10000000  0.16666667  0.0008
     968  0.25000000 -0.10000000  0.16666667  0.0008
     969  0.30000000 -0.10000000  0.16666667  0.0008
     970  0.35000000 -0.10000000  0.16666667  0.0008
     971  0.40000000 -0.10000000  0.16666667  0.0008
     972  0.45000000 -0.10000000  0.16666667  0.0008
     973  0.50000000 -0.10000000  0.16666667  0.0008
     974  0.45000000  0.10000000 -0.16666667  0.0008
     975  0.40000000  0.10000000 -0.16666667  0.0008
     976  0.35000000  0.10000000 -0.16666667  0.0008
     977  0.30000000  0.10000000 -0.16666667  0.0008
     978  0.25000000  0.10000000 -0.16666667  0.0008
     979  0.20000000  0.10000000 -0.16666667  0.0008
     980  0.15000000  0.10000000 -0.16666667  0.0008
     981  0.10000000  0.10000000 -0.16666667  0.0008
     982 -0.05000000 -0.10000000  0.16666667  0.0008
     983  0.00000000 -0.05000000  0.16666667  0.0008
     984  0.05000000 -0.05000000  0.16666667  0.0008
     985  0.10000000 -0.05000000  0.16666667  0.0008
     986  0.15000000 -0.05000000  0.16666667  0.0008
     987  0.20000000 -0.05000000  0.16666667  0.0008
     988  0.25000000 -0.05000000  0.16666667  0.0008
     989  0.30000000 -0.05000000  0.16666667  0.0008
     990  0.35000000 -0.05000000  0.16666667  0.0008
     991  0.40000000 -0.05000000  0.16666667  0.0008
     992  0.45000000 -0.05000000  0.16666667  0.0008
     993  0.50000000 -0.05000000  0.16666667  0.0008
     994  0.45000000  0.05000000 -0.16666667  0.0008
     995  0.40000000  0.05000000 -0.16666667  0.0008
     996  0.35000000  0.05000000 -0.16666667  0.0008
     997  0.30000000  0.05000000 -0.16666667  0.0008
     998  0.25000000  0.05000000 -0.16666667  0.0008
     999  0.20000000  0.05000000 -0.16666667  0.0008
    1000  0.15000000  0.05000000 -0.16666667  0.0008
    1001 -0.10000000 -0.05000000  0.16666667  0.0008
    1002 -0.05000000 -0.05000000  0.16666667  0.0008
    1003  0.00000000  0.00000000  0.25000000  0.0008
    1004  0.05000000  0.00000000  0.25000000  0.0008
    1005  0.10000000  0.00000000  0.25000000  0.0008
    1006  0.15000000  0.00000000  0.25000000  0.0008
    1007  0.20000000  0.00000000  0.25000000  0.0008
    1008  0.25000000  0.00000000  0.25000000  0.0008
    1009  0.30000000  0.00000000  0.25000000  0.0008
    1010  0.35000000  0.00000000  0.25000000  0.0008
    1011  0.40000000  0.00000000  0.25000000  0.0008
    1012  0.45000000  0.00000000  0.25000000  0.0008
    1013  0.50000000  0.00000000  0.25000000  0.0008
    1014  0.45000000  0.00000000 -0.25000000  0.0008
    1015  0.40000000  0.00000000 -0.25000000  0.0008
    1016  0.35000000  0.00000000 -0.25000000  0.0008
    1017  0.30000000  0.00000000 -0.25000000  0.0008
    1018 -0.25000000  0.00000000  0.25000000  0.0008
    1019 -0.20000000  0.00000000  0.25000000  0.0008
    1020 -0.15000000  0.00000000  0.25000000  0.0008
    1021 -0.10000000  0.00000000  0.25000000  0.0008
    1022 -0.05000000  0.00000000  0.25000000  0.0008
    1023  0.00000000  0.05000000  0.25000000  0.0008
    1024  0.05000000  0.05000000  0.25000000  0.0008
    1025  0.10000000  0.05000000  0.25000000  0.0008
    1026  0.15000000  0.05000000  0.25000000  0.0008
    1027  0.20000000  0.05000000  0.25000000  0.0008
    1028  0.25000000  0.05000000  0.25000000  0.0008
    1029  0.30000000  0.05000000  0.25000000  0.0008
    1030  0.35000000  0.05000000  0.25000000  0.0008
    1031  0.40000000  0.05000000  0.25000000  0.0008
    1032  0.45000000  0.05000000  0.25000000  0.0008
    1033  0.50000000  0.05000000  0.25000000  0.0008
    1034  0.45000000 -0.05000000 -0.25000000  0.0008
    1035  0.40000000 -0.05000000 -0.25000000  0.0008
    1036  0.35000000 -0.05000000 -0.25000000  0.0008
    1037 -0.30000000  0.05000000  0.25000000  0.0008
    1038 -0.25000000  0.05000000  0.25000000  0.0008
    1039 -0.20000000  0.05000000  0.25000000  0.0008
    1040 -0.15000000  0.05000000  0.25000000  0.0008
    1041 -0.10000000  0.05000000  0.25000000  0.0008
    1042 -0.05000000  0.05000000  0.25000000  0.0008
    1043  0.00000000  0.10000000  0.25000000  0.0008
    1044  0.05000000  0.10000000  0.25000000  0.0008
    1045  0.10000000  0.10000000  0.25000000  0.0008
    1046  0.15000000  0.10000000  0.25000000  0.0008
    1047  0.20000000  0.10000000  0.25000000  0.0008
    1048  0.25000000  0.10000000  0.25000000  0.0008
    1049  0.30000000  0.10000000  0.25000000  0.0008
    1050  0.35000000  0.10000000  0.25000000  0.0008
    1051  0.40000000  0.10000000  0.25000000  0.0008
    1052  0.45000000  0.10000000  0.25000000  0.0008
    1053  0.50000000  0.10000000  0.25000000  0.0008
    1054  0.45000000 -0.10000000 -0.25000000  0.0008
    1055  0.40000000 -0.10000000 -0.25000000  0.0008
    1056  0.35000000 -0.10000000 -0.25000000  0.0008
    1057 -0.30000000  0.10000000  0.25000000  0.0008
    1058 -0.25000000  0.10000000  0.25000000  0.0008
    1059 -0.20000000  0.10000000  0.25000000  0.0008
    1060 -0.15000000  0.10000000  0.25000000  0.0008
    1061 -0.10000000  0.10000000  0.25000000  0.0008
    1062 -0.05000000  0.10000000  0.25000000  0.0008
    1063  0.00000000  0.15000000  0.25000000  0.0008
    1064  0.05000000  0.15000000  0.25000000  0.0008
    1065  0.10000000  0.15000000  0.25000000  0.0008
    1066  0.15000000  0.15000000  0.25000000  0.0008
    1067  0.20000000  0.15000000  0.25000000  0.0008
    1068  0.25000000  0.15000000  0.25000000  0.0008
    1069  0.30000000  0.15000000  0.25000000  0.0008
    1070  0.35000000  0.15000000  0.25000000  0.0008
    1071  0.40000000  0.15000000  0.25000000  0.0008
    1072  0.45000000  0.15000000  0.25000000  0.0008
    1073  0.50000000  0.15000000  0.25000000  0.0008
    1074  0.45000000 -0.15000000 -0.25000000  0.0008
    1075  0.40000000 -0.15000000 -0.25000000  0.0008
    1076 -0.35000000  0.15000000  0.25000000  0.0008
    1077 -0.30000000  0.15000000  0.25000000  0.0008
    1078 -0.25000000  0.15000000  0.25000000  0.0008
    1079 -0.20000000  0.15000000  0.25000000  0.0008
    1080 -0.15000000  0.15000000  0.25000000  0.0008
    1081 -0.10000000  0.15000000  0.25000000  0.0008
    1082 -0.05000000  0.15000000  0.25000000  0.0008
    1083  0.00000000  0.20000000  0.25000000  0.0008
    1084  0.05000000  0.20000000  0.25000000  0.0008
    1085  0.10000000  0.20000000  0.25000000  0.0008
    1086  0.15000000  0.20000000  0.25000000  0.0008
    1087  0.20000000  0.20000000  0.25000000  0.0008
    1088  0.25000000  0.20000000  0.25000000  0.0008
    1089  0.30000000  0.20000000  0.25000000  0.0008
    1090  0.35000000  0.20000000  0.25000000  0.0008
    1091  0.40000000  0.20000000  0.25000000  0.0008
    1092  0.45000000  0.20000000  0.25000000  0.0008
    1093  0.50000000  0.20000000  0.25000000  0.0008
    1094 -0.45000000  0.20000000  0.25000000  0.0008
    1095 -0.40000000  0.20000000  0.25000000  0.0008
    1096 -0.35000000  0.20000000  0.25000000  0.0008
    1097 -0.30000000  0.20000000  0.25000000  0.0008
    1098 -0.25000000  0.20000000  0.25000000  0.0008
    1099 -0.20000000  0.20000000  0.25000000  0.0008
    1100 -0.15000000  0.20000000  0.25000000  0.0008
    1101 -0.10000000  0.20000000  0.25000000  0.0008
    1102 -0.05000000  0.20000000  0.25000000  0.0008
    1103  0.00000000  0.25000000  0.25000000  0.0008
    1104  0.05000000  0.25000000  0.25000000  0.0008
    1105  0.10000000  0.25000000  0.25000000  0.0008
    1106  0.15000000  0.25000000  0.25000000  0.0008
    1107  0.20000000  0.25000000  0.25000000  0.0008
    1108  0.25000000  0.25000000  0.25000000  0.0008
    1109  0.30000000  0.25000000  0.25000000  0.0008
    1110  0.35000000  0.25000000  0.25000000  0.0008
    1111  0.40000000  0.25000000  0.25000000  0.0008
    1112  0.45000000  0.25000000  0.25000000  0.0008
    1113  0.50000000  0.25000000  0.25000000  0.0008
    1114 -0.45000000  0.25000000  0.25000000  0.0008
    1115 -0.40000000  0.25000000  0.25000000  0.0008
    1116 -0.35000000  0.25000000  0.25000000  0.0008
    1117 -0.30000000  0.25000000  0.25000000  0.0008
    1118 -0.25000000  0.25000000  0.25000000  0.0008
    1119 -0.20000000  0.25000000  0.25000000  0.0008
    1120 -0.15000000  0.25000000  0.25000000  0.0008
    1121 -0.10000000  0.25000000  0.25000000  0.0008
    1122 -0.05000000  0.25000000  0.25000000  0.0008
    1123  0.00000000  0.30000000  0.25000000  0.0008
    1124  0.05000000  0.30000000  0.25000000  0.0008
    1125  0.10000000  0.30000000  0.25000000  0.0008
    1126  0.15000000  0.30000000  0.25000000  0.0008
    1127  0.20000000  0.30000000  0.25000000  0.0008
    1128  0.25000000  0.30000000  0.25000000  0.0008
    1129  0.30000000  0.30000000  0.25000000  0.0008
    1130  0.35000000  0.30000000  0.25000000  0.0008
    1131  0.40000000  0.30000000  0.25000000  0.0008
    1132  0.45000000  0.30000000  0.25000000  0.0008
    1133  0.50000000  0.30000000  0.25000000  0.0008
    1134 -0.45000000  0.30000000  0.25000000  0.0008
    1135 -0.40000000  0.30000000  0.25000000  0.0008
    1136 -0.35000000  0.30000000  0.25000000  0.0008
    1137 -0.30000000  0.30000000  0.25000000  0.0008
    1138 -0.25000000  0.30000000  0.25000000  0.0008
    1139 -0.20000000  0.30000000  0.25000000  0.0008
    1140 -0.15000000  0.30000000  0.25000000  0.0008
    1141 -0.10000000  0.30000000  0.25000000  0.0008
    1142 -0.05000000  0.30000000  0.25000000  0.0008
    1143  0.00000000  0.35000000  0.25000000  0.0008
    1144  0.05000000  0.35000000  0.25000000  0.0008
    1145  0.10000000  0.35000000  0.25000000  0.0008
    1146  0.15000000  0.35000000  0.25000000  0.0008
    1147  0.20000000  0.35000000  0.25000000  0.0008
    1148  0.25000000  0.35000000  0.25000000  0.0008
    1149  0.30000000  0.35000000  0.25000000  0.0008
    1150  0.35000000  0.35000000  0.25000000  0.0008
    1151  0.40000000  0.35000000  0.25000000  0.0008
    1152  0.45000000  0.35000000  0.25000000  0.0008
    1153  0.50000000  0.35000000  0.25000000  0.0008
    1154 -0.45000000  0.35000000  0.25000000  0.0008
    1155 -0.40000000  0.35000000  0.25000000  0.0008
    1156 -0.35000000  0.35000000  0.25000000  0.0008
    1157 -0.30000000  0.35000000  0.25000000  0.0008
    1158 -0.25000000  0.35000000  0.25000000  0.0008
    1159 -0.20000000  0.35000000  0.25000000  0.0008
    1160 -0.15000000  0.35000000  0.25000000  0.0008
    1161 -0.10000000  0.35000000  0.25000000  0.0008
    1162 -0.05000000  0.35000000  0.25000000  0.0008
    1163  0.00000000  0.40000000  0.25000000  0.0008
    1164  0.05000000  0.40000000  0.25000000  0.0008
    1165  0.10000000  0.40000000  0.25000000  0.0008
    1166  0.15000000  0.40000000  0.25000000  0.0008
    1167  0.20000000  0.40000000  0.25000000  0.0008
    1168  0.25000000  0.40000000  0.25000000  0.0008
    1169  0.30000000  0.40000000  0.25000000  0.0008
    1170  0.35000000  0.40000000  0.25000000  0.0008
    1171  0.40000000  0.40000000  0.25000000  0.0008
    1172  0.45000000  0.40000000  0.25000000  0.0008
    1173  0.50000000  0.40000000  0.25000000  0.0008
    1174 -0.45000000  0.40000000  0.25000000  0.0008
    1175 -0.40000000  0.40000000  0.25000000  0.0008
    1176 -0.35000000  0.40000000  0.25000000  0.0008
    1177 -0.30000000  0.40000000  0.25000000  0.0008
    1178 -0.25000000  0.40000000  0.25000000  0.0008
    1179 -0.20000000  0.40000000  0.25000000  0.0008
    1180 -0.15000000  0.40000000  0.25000000  0.0008
    1181 -0.10000000  0.40000000  0.25000000  0.0008
    1182 -0.05000000  0.40000000  0.25000000  0.0008
    1183  0.00000000  0.45000000  0.25000000  0.0008
    1184  0.05000000  0.45000000  0.25000000  0.0008
    1185  0.10000000  0.45000000  0.25000000  0.0008
    1186  0.15000000  0.45000000  0.25000000  0.0008
    1187  0.20000000  0.45000000  0.25000000  0.0008
    1188  0.25000000  0.45000000  0.25000000  0.0008
    1189  0.30000000  0.45000000  0.25000000  0.0008
    1190  0.35000000  0.45000000  0.25000000  0.0008
    1191  0.40000000  0.45000000  0.25000000  0.0008
    1192  0.45000000  0.45000000  0.25000000  0.0008
    1193  0.50000000  0.45000000  0.25000000  0.0008
    1194 -0.45000000  0.45000000  0.25000000  0.0008
    1195 -0.40000000  0.45000000  0.25000000  0.0008
    1196 -0.35000000  0.45000000  0.25000000  0.0008
    1197 -0.30000000  0.45000000  0.25000000  0.0008
    1198 -0.25000000  0.45000000  0.25000000  0.0008
    1199 -0.20000000  0.45000000  0.25000000  0.0008
    1200 -0.15000000  0.45000000  0.25000000  0.0008
    1201 -0.10000000  0.45000000  0.25000000  0.0008
    1202 -0.05000000  0.45000000  0.25000000  0.0008
    1203  0.00000000  0.50000000  0.25000000  0.0008
    1204  0.05000000  0.50000000  0.25000000  0.0008
    1205  0.10000000  0.50000000  0.25000000  0.0008
    1206  0.15000000  0.50000000  0.25000000  0.0008
    1207  0.20000000  0.50000000  0.25000000  0.0008
    1208  0.25000000  0.50000000  0.25000000  0.0008
    1209  0.30000000  0.50000000  0.25000000  0.0008
    1210  0.35000000  0.50000000  0.25000000  0.0008
    1211  0.40000000  0.50000000  0.25000000  0.0008
    1212  0.45000000  0.50000000  0.25000000  0.0008
    1213  0.50000000  0.50000000  0.25000000  0.0008
    1214  0.45000000  0.50000000 -0.25000000  0.0008
    1215  0.40000000  0.50000000 -0.25000000  0.0008
    1216  0.35000000  0.50000000 -0.25000000  0.0008
    1217  0.30000000  0.50000000 -0.25000000  0.0008
    1218 -0.25000000  0.50000000  0.25000000  0.0008
    1219 -0.20000000  0.50000000  0.25000000  0.0008
    1220 -0.15000000  0.50000000  0.25000000  0.0008
    1221 -0.10000000  0.50000000  0.25000000  0.0008
    1222 -0.05000000  0.50000000  0.25000000  0.0008
    1223  0.00000000  0.45000000 -0.25000000  0.0008
    1224 -0.05000000  0.45000000 -0.25000000  0.0008
    1225 -0.10000000  0.45000000 -0.25000000  0.0008
    1226 -0.15000000  0.45000000 -0.25000000  0.0008
    1227  0.20000000 -0.45000000  0.25000000  0.0008
    1228  0.25000000 -0.45000000  0.25000000  0.0008
    1229  0.30000000 -0.45000000  0.25000000  0.0008
    1230  0.35000000 -0.45000000  0.25000000  0.0008
    1231  0.40000000 -0.45000000  0.25000000  0.0008
    1232  0.45000000 -0.45000000  0.25000000  0.0008
    1233  0.50000000  0.45000000 -0.25000000  0.0008
    1234  0.45000000  0.45000000 -0.25000000  0.0008
    1235  0.40000000  0.45000000 -0.25000000  0.0008
    1236  0.35000000  0.45000000 -0.25000000  0.0008
    1237  0.30000000  0.45000000 -0.25000000  0.0008
    1238  0.25000000  0.45000000 -0.25000000  0.0008
    1239  0.20000000  0.45000000 -0.25000000  0.0008
    1240  0.15000000  0.45000000 -0.25000000  0.0008
    1241  0.10000000  0.45000000 -0.25000000  0.0008
    1242  0.05000000  0.45000000 -0.25000000  0.0008
    1243  0.00000000  0.40000000 -0.25000000  0.0008
    1244 -0.05000000  0.40000000 -0.25000000  0.0008
    1245 -0.10000000  0.40000000 -0.25000000  0.0008
    1246 -0.15000000  0.40000000 -0.25000000  0.0008
    1247  0.20000000 -0.40000000  0.25000000  0.0008
    1248  0.25000000 -0.40000000  0.25000000  0.0008
    1249  0.30000000 -0.40000000  0.25000000  0.0008
    1250  0.35000000 -0.40000000  0.25000000  0.0008
    1251  0.40000000 -0.40000000  0.25000000  0.0008
    1252  0.45000000 -0.40000000  0.25000000  0.0008
    1253  0.50000000  0.40000000 -0.25000000  0.0008
    1254  0.45000000  0.40000000 -0.25000000  0.0008
    1255  0.40000000  0.40000000 -0.25000000  0.0008
    1256  0.35000000  0.40000000 -0.25000000  0.0008
    1257  0.30000000  0.40000000 -0.25000000  0.0008
    1258  0.25000000  0.40000000 -0.25000000  0.0008
    1259  0.20000000  0.40000000 -0.25000000  0.0008
    1260  0.15000000  0.40000000 -0.25000000  0.0008
    1261  0.10000000  0.40000000 -0.25000000  0.0008
    1262  0.05000000  0.40000000 -0.25000000  0.0008
    1263  0.00000000  0.35000000 -0.25000000  0.0008
    1264 -0.05000000  0.35000000 -0.25000000  0.0008
    1265 -0.10000000  0.35000000 -0.25000000  0.0008
    1266  0.15000000 -0.35000000  0.25000000  0.0008
    1267  0.20000000 -0.35000000  0.25000000  0.0008
    1268  0.25000000 -0.35000000  0.25000000  0.0008
    1269  0.30000000 -0.35000000  0.25000000  0.0008
    1270  0.35000000 -0.35000000  0.25000000  0.0008
    1271  0.40000000 -0.35000000  0.25000000  0.0008
    1272  0.45000000 -0.35000000  0.25000000  0.0008
    1273  0.50000000  0.35000000 -0.25000000  0.0008
    1274  0.45000000  0.35000000 -0.25000000  0.0008
    1275  0.40000000  0.35000000 -0.25000000  0.0008
    1276  0.35000000  0.35000000 -0.25000000  0.0008
    1277  0.30000000  0.35000000 -0.25000000  0.0008
    1278  0.25000000  0.35000000 -0.25000000  0.0008
    1279  0.20000000  0.35000000 -0.25000000  0.0008
    1280  0.15000000  0.35000000 -0.25000000  0.0008
    1281  0.10000000  0.35000000 -0.25000000  0.0008
    1282  0.05000000  0.35000000 -0.25000000  0.0008
    1283  0.00000000  0.30000000 -0.25000000  0.0008
    1284 -0.05000000  0.30000000 -0.25000000  0.0008
    1285  0.10000000 -0.30000000  0.25000000  0.0008
    1286  0.15000000 -0.30000000  0.25000000  0.0008
    1287  0.20000000 -0.30000000  0.25000000  0.0008
    1288  0.25000000 -0.30000000  0.25000000  0.0008
    1289  0.30000000 -0.30000000  0.25000000  0.0008
    1290  0.35000000 -0.30000000  0.25000000  0.0008
    1291  0.40000000 -0.30000000  0.25000000  0.0008
    1292  0.45000000 -0.30000000  0.25000000  0.0008
    1293  0.50000000  0.30000000 -0.25000000  0.0008
    1294  0.45000000  0.30000000 -0.25000000  0.0008
    1295  0.40000000  0.30000000 -0.25000000  0.0008
    1296  0.35000000  0.30000000 -0.25000000  0.0008
    1297  0.30000000  0.30000000 -0.25000000  0.0008
    1298  0.25000000  0.30000000 -0.25000000  0.0008
    1299  0.20000000  0.30000000 -0.25000000  0.0008
    1300  0.15000000  0.30000000 -0.25000000  0.0008
    1301  0.10000000  0.30000000 -0.25000000  0.0008
    1302  0.05000000  0.30000000 -0.25000000  0.0008
    1303  0.00000000 -0.25000000  0.25000000  0.0008
    1304  0.05000000 -0.25000000  0.25000000  0.0008
    1305  0.10000000 -0.25000000  0.25000000  0.0008
    1306  0.15000000 -0.25000000  0.25000000  0.0008
    1307  0.20000000 -0.25000000  0.25000000  0.0008
    1308  0.25000000 -0.25000000  0.25000000  0.0008
    1309  0.30000000 -0.25000000  0.25000000  0.0008
    1310  0.35000000 -0.25000000  0.25000000  0.0008
    1311  0.40000000 -0.25000000  0.25000000  0.0008
    1312  0.45000000 -0.25000000  0.25000000  0.0008
    1313  0.50000000 -0.25000000  0.25000000  0.0008
    1314  0.45000000  0.25000000 -0.25000000  0.0008
    1315  0.40000000  0.25000000 -0.25000000  0.0008
    1316  0.35000000  0.25000000 -0.25000000  0.0008
    1317  0.30000000  0.25000000 -0.25000000  0.0008
    1318  0.25000000  0.25000000 -0.25000000  0.0008
    1319  0.20000000  0.25000000 -0.25000000  0.0008
    1320  0.15000000  0.25000000 -0.25000000  0.0008
    1321  0.10000000  0.25000000 -0.25000000  0.0008
    1322  0.05000000  0.25000000 -0.25000000  0.0008
    1323  0.00000000 -0.20000000  0.25000000  0.0008
    1324  0.05000000 -0.20000000  0.25000000  0.0008
    1325  0.10000000 -0.20000000  0.25000000  0.0008
    1326  0.15000000 -0.20000000  0.25000000  0.0008
    1327  0.20000000 -0.20000000  0.25000000  0.0008
    1328  0.25000000 -0.20000000  0.25000000  0.0008
    1329  0.30000000 -0.20000000  0.25000000  0.0008
    1330  0.35000000 -0.20000000  0.25000000  0.0008
    1331  0.40000000 -0.20000000  0.25000000  0.0008
    1332  0.45000000 -0.20000000  0.25000000  0.0008
    1333  0.50000000 -0.20000000  0.25000000  0.0008
    1334  0.45000000  0.20000000 -0.25000000  0.0008
    1335  0.40000000  0.20000000 -0.25000000  0.0008
    1336  0.35000000  0.20000000 -0.25000000  0.0008
    1337  0.30000000  0.20000000 -0.25000000  0.0008
    1338  0.25000000  0.20000000 -0.25000000  0.0008
    1339  0.20000000  0.20000000 -0.25000000  0.0008
    1340  0.15000000  0.20000000 -0.25000000  0.0008
    1341  0.10000000  0.20000000 -0.25000000  0.0008
    1342 -0.05000000 -0.20000000  0.25000000  0.0008
    1343  0.00000000 -0.15000000  0.25000000  0.0008
    1344  0.05000000 -0.15000000  0.25000000  0.0008
    1345  0.10000000 -0.15000000  0.25000000  0.0008
    1346  0.15000000 -0.15000000  0.25000000  0.0008
    1347  0.20000000 -0.15000000  0.25000000  0.0008
    1348  0.25000000 -0.15000000  0.25000000  0.0008
    1349  0.30000000 -0.15000000  0.25000000  0.0008
    1350  0.35000000 -0.15000000  0.25000000  0.0008
    1351  0.40000000 -0.15000000  0.25000000  0.0008
    1352  0.45000000 -0.15000000  0.25000000  0.0008
    1353  0.50000000 -0.15000000  0.25000000  0.0008
    1354  0.45000000  0.15000000 -0.25000000  0.0008
    1355  0.40000000  0.15000000 -0.25000000  0.0008
    1356  0.35000000  0.15000000 -0.25000000  0.0008
    1357  0.30000000  0.15000000 -0.25000000  0.0008
    1358  0.25000000  0.15000000 -0.25000000  0.0008
    1359  0.20000000  0.15000000 -0.25000000  0.0008
    1360  0.15000000  0.15000000 -0.25000000  0.0008
    1361 -0.10000000 -0.15000000  0.25000000  0.0008
    1362 -0.05000000 -0.15000000  0.25000000  0.0008
    1363  0.00000000 -0.10000000  0.25000000  0.0008
    1364  0.05000000 -0.10000000  0.25000000  0.0008
    1365  0.10000000 -0.10000000  0.25000000  0.0008
    1366  0.15000000 -0.10000000  0.25000000  0.0008
    1367  0.20000000 -0.10000000  0.25000000  0.0008
    1368  0.25000000 -0.10000000  0.25000000  0.0008
    1369  0.30000000 -0.10000000  0.25000000  0.0008
    1370  0.35000000 -0.10000000  0.25000000  0.0008
    1371  0.40000000 -0.10000000  0.25000000  0.0008
    1372  0.45000000 -0.10000000  0.25000000  0.0008
    1373  0.50000000 -0.10000000  0.25000000  0.0008
    1374  0.45000000  0.10000000 -0.25000000  0.0008
    1375  0.40000000  0.10000000 -0.25000000  0.0008
    1376  0.35000000  0.10000000 -0.25000000  0.0008
    1377  0.30000000  0.10000000 -0.25000000  0.0008
    1378  0.25000000  0.10000000 -0.25000000  0.0008
    1379  0.20000000  0.10000000 -0.25000000  0.0008
    1380 -0.15000000 -0.10000000  0.25000000  0.0008
    1381 -0.10000000 -0.10000000  0.25000000  0.0008
    1382 -0.05000000 -0.10000000  0.25000000  0.0008
    1383  0.00000000 -0.05000000  0.25000000  0.0008
    1384  0.05000000 -0.05000000  0.25000000  0.0008
    1385  0.10000000 -0.05000000  0.25000000  0.0008
    1386  0.15000000 -0.05000000  0.25000000  0.0008
    1387  0.20000000 -0.05000000  0.25000000  0.0008
    1388  0.25000000 -0.05000000  0.25000000  0.0008
    1389  0.30000000 -0.05000000  0.25000000  0.0008
    1390  0.35000000 -0.05000000  0.25000000  0.0008
    1391  0.40000000 -0.05000000  0.25000000  0.0008
    1392  0.45000000 -0.05000000  0.25000000  0.0008
    1393  0.50000000 -0.05000000  0.25000000  0.0008
    1394  0.45000000  0.05000000 -0.25000000  0.0008
    1395  0.40000000  0.05000000 -0.25000000  0.0008
    1396  0.35000000  0.05000000 -0.25000000  0.0008
    1397  0.30000000  0.05000000 -0.25000000  0.0008
    1398  0.25000000  0.05000000 -0.25000000  0.0008
    1399 -0.20000000 -0.05000000  0.25000000  0.0008
    1400 -0.15000000 -0.05000000  0.25000000  0.0008
    1401 -0.10000000 -0.05000000  0.25000000  0.0008
    1402 -0.05000000 -0.05000000  0.25000000  0.0008
    1403  0.00000000  0.00000000  0.33333333  0.0008
    1404  0.05000000  0.00000000  0.33333333  0.0008
    1405  0.10000000  0.00000000  0.33333333  0.0008
    1406  0.15000000  0.00000000  0.33333333  0.0008
    1407  0.20000000  0.00000000  0.33333333  0.0008
    1408  0.25000000  0.00000000  0.33333333  0.0008
    1409  0.30000000  0.00000000  0.33333333  0.0008
    1410  0.35000000  0.00000000  0.33333333  0.0008
    1411  0.40000000  0.00000000  0.33333333  0.0008
    1412  0.45000000  0.00000000  0.33333333  0.0008
    1413  0.50000000  0.00000000  0.33333333  0.0008
    1414  0.45000000  0.00000000 -0.33333333  0.0008
    1415  0.40000000  0.00000000 -0.33333333  0.0008
    1416  0.35000000  0.00000000 -0.33333333  0.0008
    1417 -0.30000000  0.00000000  0.33333333  0.0008
    1418 -0.25000000  0.00000000  0.33333333  0.0008
    1419 -0.20000000  0.00000000  0.33333333  0.0008
    1420 -0.15000000  0.00000000  0.33333333  0.0008
    1421 -0.10000000  0.00000000  0.33333333  0.0008
    1422 -0.05000000  0.00000000  0.33333333  0.0008
    1423  0.00000000  0.05000000  0.33333333  0.0008
    1424  0.05000000  0.05000000  0.33333333  0.0008
    1425  0.10000000  0.05000000  0.33333333  0.0008
    1426  0.15000000  0.05000000  0.33333333  0.0008
    1427  0.20000000  0.05000000  0.33333333  0.0008
    1428  0.25000000  0.05000000  0.33333333  0.0008
    1429  0.30000000  0.05000000  0.33333333  0.0008
    1430  0.35000000  0.05000000  0.33333333  0.0008
    1431  0.40000000  0.05000000  0.33333333  0.0008
    1432  0.45000000  0.05000000  0.33333333  0.0008
    1433  0.50000000  0.05000000  0.33333333  0.0008
    1434  0.45000000 -0.05000000 -0.33333333  0.0008
    1435  0.40000000 -0.05000000 -0.33333333  0.0008
    1436 -0.35000000  0.05000000  0.33333333  0.0008
    1437 -0.30000000  0.05000000  0.33333333  0.0008
    1438 -0.25000000  0.05000000  0.33333333  0.0008
    1439 -0.20000000  0.05000000  0.33333333  0.0008
    1440 -0.15000000  0.05000000  0.33333333  0.0008
    1441 -0.10000000  0.05000000  0.33333333  0.0008
    1442 -0.05000000  0.05000000  0.33333333  0.0008
    1443  0.00000000  0.10000000  0.33333333  0.0008
    1444  0.05000000  0.10000000  0.33333333  0.0008
    1445  0.10000000  0.10000000  0.33333333  0.0008
    1446  0.15000000  0.10000000  0.33333333  0.0008
    1447  0.20000000  0.10000000  0.33333333  0.0008
    1448  0.25000000  0.10000000  0.33333333  0.0008
    1449  0.30000000  0.10000000  0.33333333  0.0008
    1450  0.35000000  0.10000000  0.33333333  0.0008
    1451  0.40000000  0.10000000  0.33333333  0.0008
    1452  0.45000000  0.10000000  0.33333333  0.0008
    1453  0.50000000  0.10000000  0.33333333  0.0008
    1454  0.45000000 -0.10000000 -0.33333333  0.0008
    1455 -0.40000000  0.10000000  0.33333333  0.0008
    1456 -0.35000000  0.10000000  0.33333333  0.0008
    1457 -0.30000000  0.10000000  0.33333333  0.0008
    1458 -0.25000000  0.10000000  0.33333333  0.0008
    1459 -0.20000000  0.10000000  0.33333333  0.0008
    1460 -0.15000000  0.10000000  0.33333333  0.0008
    1461 -0.10000000  0.10000000  0.33333333  0.0008
    1462 -0.05000000  0.10000000  0.33333333  0.0008
    1463  0.00000000  0.15000000  0.33333333  0.0008
    1464  0.05000000  0.15000000  0.33333333  0.0008
    1465  0.10000000  0.15000000  0.33333333  0.0008
    1466  0.15000000  0.15000000  0.33333333  0.0008
    1467  0.20000000  0.15000000  0.33333333  0.0008
    1468  0.25000000  0.15000000  0.33333333  0.0008
    1469  0.30000000  0.15000000  0.33333333  0.0008
    1470  0.35000000  0.15000000  0.33333333  0.0008
    1471  0.40000000  0.15000000  0.33333333  0.0008
    1472  0.45000000  0.15000000  0.33333333  0.0008
    1473  0.50000000  0.15000000  0.33333333  0.0008
    1474 -0.45000000  0.15000000  0.33333333  0.0008
    1475 -0.40000000  0.15000000  0.33333333  0.0008
    1476 -0.35000000  0.15000000  0.33333333  0.0008
    1477 -0.30000000  0.15000000  0.33333333  0.0008
    1478 -0.25000000  0.15000000  0.33333333  0.0008
    1479 -0.20000000  0.15000000  0.33333333  0.0008
    1480 -0.15000000  0.15000000  0.33333333  0.0008
    1481 -0.10000000  0.15000000  0.33333333  0.0008
    1482 -0.05000000  0.15000000  0.33333333  0.0008
    1483  0.00000000  0.20000000  0.33333333  0.0008
    1484  0.05000000  0.20000000  0.33333333  0.0008
    1485  0.10000000  0.20000000  0.33333333  0.0008
    1486  0.15000000  0.20000000  0.33333333  0.0008
    1487  0.20000000  0.20000000  0.33333333  0.0008
    1488  0.25000000  0.20000000  0.33333333  0.0008
    1489  0.30000000  0.20000000  0.33333333  0.0008
    1490  0.35000000  0.20000000  0.33333333  0.0008
    1491  0.40000000  0.20000000  0.33333333  0.0008
    1492  0.45000000  0.20000000  0.33333333  0.0008
    1493  0.50000000  0.20000000  0.33333333  0.0008
    1494 -0.45000000  0.20000000  0.33333333  0.0008
    1495 -0.40000000  0.20000000  0.33333333  0.0008
    1496 -0.35000000  0.20000000  0.33333333  0.0008
    1497 -0.30000000  0.20000000  0.33333333  0.0008
    1498 -0.25000000  0.20000000  0.33333333  0.0008
    1499 -0.20000000  0.20000000  0.33333333  0.0008
    1500 -0.15000000  0.20000000  0.33333333  0.0008
    1501 -0.10000000  0.20000000  0.33333333  0.0008
    1502 -0.05000000  0.20000000  0.33333333  0.0008
    1503  0.00000000  0.25000000  0.33333333  0.0008
    1504  0.05000000  0.25000000  0.33333333  0.0008
    1505  0.10000000  0.25000000  0.33333333  0.0008
    1506  0.15000000  0.25000000  0.33333333  0.0008
    1507  0.20000000  0.25000000  0.33333333  0.0008
    1508  0.25000000  0.25000000  0.33333333  0.0008
    1509  0.30000000  0.25000000  0.33333333  0.0008
    1510  0.35000000  0.25000000  0.33333333  0.0008
    1511  0.40000000  0.25000000  0.33333333  0.0008
    1512  0.45000000  0.25000000  0.33333333  0.0008
    1513  0.50000000  0.25000000  0.33333333  0.0008
    1514 -0.45000000  0.25000000  0.33333333  0.0008
    1515 -0.40000000  0.25000000  0.33333333  0.0008
    1516 -0.35000000  0.25000000  0.33333333  0.0008
    1517 -0.30000000  0.25000000  0.33333333  0.0008
    1518 -0.25000000  0.25000000  0.33333333  0.0008
    1519 -0.20000000  0.25000000  0.33333333  0.0008
    1520 -0.15000000  0.25000000  0.33333333  0.0008
    1521 -0.10000000  0.25000000  0.33333333  0.0008
    1522 -0.05000000  0.25000000  0.33333333  0.0008
    1523  0.00000000  0.30000000  0.33333333  0.0008
    1524  0.05000000  0.30000000  0.33333333  0.0008
    1525  0.10000000  0.30000000  0.33333333  0.0008
    1526  0.15000000  0.30000000  0.33333333  0.0008
    1527  0.20000000  0.30000000  0.33333333  0.0008
    1528  0.25000000  0.30000000  0.33333333  0.0008
    1529  0.30000000  0.30000000  0.33333333  0.0008
    1530  0.35000000  0.30000000  0.33333333  0.0008
    1531  0.40000000  0.30000000  0.33333333  0.0008
    1532  0.45000000  0.30000000  0.33333333  0.0008
    1533  0.50000000  0.30000000  0.33333333  0.0008
    1534 -0.45000000  0.30000000  0.33333333  0.0008
    1535 -0.40000000  0.30000000  0.33333333  0.0008
    1536 -0.35000000  0.30000000  0.33333333  0.0008
    1537 -0.30000000  0.30000000  0.33333333  0.0008
    1538 -0.25000000  0.30000000  0.33333333  0.0008
    1539 -0.20000000  0.30000000  0.33333333  0.0008
    1540 -0.15000000  0.30000000  0.33333333  0.0008
    1541 -0.10000000  0.30000000  0.33333333  0.0008
    1542 -0.05000000  0.30000000  0.33333333  0.0008
    1543  0.00000000  0.35000000  0.33333333  0.0008
    1544  0.05000000  0.35000000  0.33333333  0.0008
    1545  0.10000000  0.35000000  0.33333333  0.0008
    1546  0.15000000  0.35000000  0.33333333  0.0008
    1547  0.20000000  0.35000000  0.33333333  0.0008
    1548  0.25000000  0.35000000  0.33333333  0.0008
    1549  0.30000000  0.35000000  0.33333333  0.0008
    1550  0.35000000  0.35000000  0.33333333  0.0008
    1551  0.40000000  0.35000000  0.33333333  0.0008
    1552  0.45000000  0.35000000  0.33333333  0.0008
    1553  0.50000000  0.35000000  0.33333333  0.0008
    1554 -0.45000000  0.35000000  0.33333333  0.0008
    1555 -0.40000000  0.35000000  0.33333333  0.0008
    1556 -0.35000000  0.35000000  0.33333333  0.0008
    1557 -0.30000000  0.35000000  0.33333333  0.0008
    1558 -0.25000000  0.35000000  0.33333333  0.0008
    1559 -0.20000000  0.35000000  0.33333333  0.0008
    1560 -0.15000000  0.35000000  0.33333333  0.0008
    1561 -0.10000000  0.35000000  0.33333333  0.0008
    1562 -0.05000000  0.35000000  0.33333333  0.0008
    1563  0.00000000  0.40000000  0.33333333  0.0008
    1564  0.05000000  0.40000000  0.33333333  0.0008
    1565  0.10000000  0.40000000  0.33333333  0.0008
    1566  0.15000000  0.40000000  0.33333333  0.0008
    1567  0.20000000  0.40000000  0.33333333  0.0008
    1568  0.25000000  0.40000000  0.33333333  0.0008
    1569  0.30000000  0.40000000  0.33333333  0.0008
    1570  0.35000000  0.40000000  0.33333333  0.0008
    1571  0.40000000  0.40000000  0.33333333  0.0008
    1572  0.45000000  0.40000000  0.33333333  0.0008
    1573  0.50000000  0.40000000  0.33333333  0.0008
    1574 -0.45000000  0.40000000  0.33333333  0.0008
    1575 -0.40000000  0.40000000  0.33333333  0.0008
    1576 -0.35000000  0.40000000  0.33333333  0.0008
    1577 -0.30000000  0.40000000  0.33333333  0.0008
    1578 -0.25000000  0.40000000  0.33333333  0.0008
    1579 -0.20000000  0.40000000  0.33333333  0.0008
    1580 -0.15000000  0.40000000  0.33333333  0.0008
    1581 -0.10000000  0.40000000  0.33333333  0.0008
    1582 -0.05000000  0.40000000  0.33333333  0.0008
    1583  0.00000000  0.45000000  0.33333333  0.0008
    1584  0.05000000  0.45000000  0.33333333  0.0008
    1585  0.10000000  0.45000000  0.33333333  0.0008
    1586  0.15000000  0.45000000  0.33333333  0.0008
    1587  0.20000000  0.45000000  0.33333333  0.0008
    1588  0.25000000  0.45000000  0.33333333  0.0008
    1589  0.30000000  0.45000000  0.33333333  0.0008
    1590  0.35000000  0.45000000  0.33333333  0.0008
    1591  0.40000000  0.45000000  0.33333333  0.0008
    1592  0.45000000  0.45000000  0.33333333  0.0008
    1593  0.50000000  0.45000000  0.33333333  0.0008
    1594 -0.45000000  0.45000000  0.33333333  0.0008
    1595 -0.40000000  0.45000000  0.33333333  0.0008
    1596 -0.35000000  0.45000000  0.33333333  0.0008
    1597 -0.30000000  0.45000000  0.33333333  0.0008
    1598 -0.25000000  0.45000000  0.33333333  0.0008
    1599 -0.20000000  0.45000000  0.33333333  0.0008
    1600 -0.15000000  0.45000000  0.33333333  0.0008
    1601 -0.10000000  0.45000000  0.33333333  0.0008
    1602 -0.05000000  0.45000000  0.33333333  0.0008
    1603  0.00000000  0.50000000  0.33333333  0.0008
    1604  0.05000000  0.50000000  0.33333333  0.0008
    1605  0.10000000  0.50000000  0.33333333  0.0008
    1606  0.15000000  0.50000000  0.33333333  0.0008
    1607  0.20000000  0.50000000  0.33333333  0.0008
    1608  0.25000000  0.50000000  0.33333333  0.0008
    1609  0.30000000  0.50000000  0.33333333  0.0008
    1610  0.35000000  0.50000000  0.33333333  0.0008
    1611  0.40000000  0.50000000  0.33333333  0.0008
    1612  0.45000000  0.50000000  0.33333333  0.0008
    1613  0.50000000  0.50000000  0.33333333  0.0008
    1614  0.45000000  0.50000000 -0.33333333  0.0008
    1615  0.40000000  0.50000000 -0.33333333  0.0008
    1616  0.35000000  0.50000000 -0.33333333  0.0008
    1617 -0.30000000  0.50000000  0.33333333  0.0008
    1618 -0.25000000  0.50000000  0.33333333  0.0008
    1619 -0.20000000  0.50000000  0.33333333  0.0008
    1620 -0.15000000  0.50000000  0.33333333  0.0008
    1621 -0.10000000  0.50000000  0.33333333  0.0008
    1622 -0.05000000  0.50000000  0.33333333  0.0008
    1623  0.00000000  0.45000000 -0.33333333  0.0008
    1624 -0.05000000  0.45000000 -0.33333333  0.0008
    1625 -0.10000000  0.45000000 -0.33333333  0.0008
    1626  0.15000000 -0.45000000  0.33333333  0.0008
    1627  0.20000000 -0.45000000  0.33333333  0.0008
    1628  0.25000000 -0.45000000  0.33333333  0.0008
    1629  0.30000000 -0.45000000  0.33333333  0.0008
    1630  0.35000000 -0.45000000  0.33333333  0.0008
    1631  0.40000000 -0.45000000  0.33333333  0.0008
    1632  0.45000000 -0.45000000  0.33333333  0.0008
    1633  0.50000000  0.45000000 -0.33333333  0.0008
    1634  0.45000000  0.45000000 -0.33333333  0.0008
    1635  0.40000000  0.45000000 -0.33333333  0.0008
    1636  0.35000000  0.45000000 -0.33333333  0.0008
    1637  0.30000000  0.45000000 -0.33333333  0.0008
    1638  0.25000000  0.45000000 -0.33333333  0.0008
    1639  0.20000000  0.45000000 -0.33333333  0.0008
    1640  0.15000000  0.45000000 -0.33333333  0.0008
    1641  0.10000000  0.45000000 -0.33333333  0.0008
    1642  0.05000000  0.45000000 -0.33333333  0.0008
    1643  0.00000000  0.40000000 -0.33333333  0.0008
    1644 -0.05000000  0.40000000 -0.33333333  0.0008
    1645  0.10000000 -0.40000000  0.33333333  0.0008
    1646  0.15000000 -0.40000000  0.33333333  0.0008
    1647  0.20000000 -0.40000000  0.33333333  0.0008
    1648  0.25000000 -0.40000000  0.33333333  0.0008
    1649  0.30000000 -0.40000000  0.33333333  0.0008
    1650  0.35000000 -0.40000000  0.33333333  0.0008
    1651  0.40000000 -0.40000000  0.33333333  0.0008
    1652  0.45000000 -0.40000000  0.33333333  0.0008
    1653  0.50000000  0.40000000 -0.33333333  0.0008
    1654  0.45000000  0.40000000 -0.33333333  0.0008
    1655  0.40000000  0.40000000 -0.33333333  0.0008
    1656  0.35000000  0.40000000 -0.33333333  0.0008
    1657  0.30000000  0.40000000 -0.33333333  0.0008
    1658  0.25000000  0.40000000 -0.33333333  0.0008
    1659  0.20000000  0.40000000 -0.33333333  0.0008
    1660  0.15000000  0.40000000 -0.33333333  0.0008
    1661  0.10000000  0.40000000 -0.33333333  0.0008
    1662  0.05000000  0.40000000 -0.33333333  0.0008
    1663  0.00000000  0.35000000 -0.33333333  0.0008
    1664  0.05000000 -0.35000000  0.33333333  0.0008
    1665  0.10000000 -0.35000000  0.33333333  0.0008
    1666  0.15000000 -0.35000000  0.33333333  0.0008
    1667  0.20000000 -0.35000000  0.33333333  0.0008
    1668  0.25000000 -0.35000000  0.33333333  0.0008
    1669  0.30000000 -0.35000000  0.33333333  0.0008
    1670  0.35000000 -0.35000000  0.33333333  0.0008
    1671  0.40000000 -0.35000000  0.33333333  0.0008
    1672  0.45000000 -0.35000000  0.33333333  0.0008
    1673  0.50000000  0.35000000 -0.33333333  0.0008
    1674  0.45000000  0.35000000 -0.33333333  0.0008
    1675  0.40000000  0.35000000 -0.33333333  0.0008
    1676  0.35000000  0.35000000 -0.33333333  0.0008
    1677  0.30000000  0.35000000 -0.33333333  0.0008
    1678  0.25000000  0.35000000 -0.33333333  0.0008
    1679  0.20000000  0.35000000 -0.33333333  0.0008
    1680  0.15000000  0.35000000 -0.33333333  0.0008
    1681  0.10000000  0.35000000 -0.33333333  0.0008
    1682  0.05000000  0.35000000 -0.33333333  0.0008
    1683  0.00000000 -0.30000000  0.33333333  0.0008
    1684  0.05000000 -0.30000000  0.33333333  0.0008
    1685  0.10000000 -0.30000000  0.33333333  0.0008
    1686  0.15000000 -0.30000000  0.33333333  0.0008
    1687  0.20000000 -0.30000000  0.33333333  0.0008
    1688  0.25000000 -0.30000000  0.33333333  0.0008
    1689  0.30000000 -0.30000000  0.33333333  0.0008
    1690  0.35000000 -0.30000000  0.33333333  0.0008
    1691  0.40000000 -0.30000000  0.33333333  0.0008
    1692  0.45000000 -0.30000000  0.33333333  0.0008
    1693  0.50000000 -0.30000000  0.33333333  0.0008
    1694  0.45000000  0.30000000 -0.33333333  0.0008
    1695  0.40000000  0.30000000 -0.33333333  0.0008
    1696  0.35000000  0.30000000 -0.33333333  0.0008
    1697  0.30000000  0.30000000 -0.33333333  0.0008
    1698  0.25000000  0.30000000 -0.33333333  0.0008
    1699  0.20000000  0.30000000 -0.33333333  0.0008
    1700  0.15000000  0.30000000 -0.33333333  0.0008
    1701  0.10000000  0.30000000 -0.33333333  0.0008
    1702  0.05000000  0.30000000 -0.33333333  0.0008
    1703  0.00000000 -0.25000000  0.33333333  0.0008
    1704  0.05000000 -0.25000000  0.33333333  0.0008
    1705  0.10000000 -0.25000000  0.33333333  0.0008
    1706  0.15000000 -0.25000000  0.33333333  0.0008
    1707  0.20000000 -0.25000000  0.33333333  0.0008
    1708  0.25000000 -0.25000000  0.33333333  0.0008
    1709  0.30000000 -0.25000000  0.33333333  0.0008
    1710  0.35000000 -0.25000000  0.33333333  0.0008
    1711  0.40000000 -0.25000000  0.33333333  0.0008
    1712  0.45000000 -0.25000000  0.33333333  0.0008
    1713  0.50000000 -0.25000000  0.33333333  0.0008
    1714  0.45000000  0.25000000 -0.33333333  0.0008
    1715  0.40000000  0.25000000 -0.33333333  0.0008
    1716  0.35000000  0.25000000 -0.33333333  0.0008
    1717  0.30000000  0.25000000 -0.33333333  0.0008
    1718  0.25000000  0.25000000 -0.33333333  0.0008
    1719  0.20000000  0.25000000 -0.33333333  0.0008
    1720  0.15000000  0.25000000 -0.33333333  0.0008
    1721  0.10000000  0.25000000 -0.33333333  0.0008
    1722 -0.05000000 -0.25000000  0.33333333  0.0008
    1723  0.00000000 -0.20000000  0.33333333  0.0008
    1724  0.05000000 -0.20000000  0.33333333  0.0008
    1725  0.10000000 -0.20000000  0.33333333  0.0008
    1726  0.15000000 -0.20000000  0.33333333  0.0008
    1727  0.20000000 -0.20000000  0.33333333  0.0008
    1728  0.25000000 -0.20000000  0.33333333  0.0008
    1729  0.30000000 -0.20000000  0.33333333  0.0008
    1730  0.35000000 -0.20000000  0.33333333  0.0008
    1731  0.40000000 -0.20000000  0.33333333  0.0008
    1732  0.45000000 -0.20000000  0.33333333  0.0008
    1733  0.50000000 -0.20000000  0.33333333  0.0008
    1734  0.45000000  0.20000000 -0.33333333  0.0008
    1735  0.40000000  0.20000000 -0.33333333  0.0008
    1736  0.35000000  0.20000000 -0.33333333  0.0008
    1737  0.30000000  0.20000000 -0.33333333  0.0008
    1738  0.25000000  0.20000000 -0.33333333  0.0008
    1739  0.20000000  0.20000000 -0.33333333  0.0008
    1740  0.15000000  0.20000000 -0.33333333  0.0008
    1741 -0.10000000 -0.20000000  0.33333333  0.0008
    1742 -0.05000000 -0.20000000  0.33333333  0.0008
    1743  0.00000000 -0.15000000  0.33333333  0.0008
    1744  0.05000000 -0.15000000  0.33333333  0.0008
    1745  0.10000000 -0.15000000  0.33333333  0.0008
    1746  0.15000000 -0.15000000  0.33333333  0.0008
    1747  0.20000000 -0.15000000  0.33333333  0.0008
    1748  0.25000000 -0.15000000  0.33333333  0.0008
    1749  0.30000000 -0.15000000  0.33333333  0.0008
    1750  0.35000000 -0.15000000  0.33333333  0.0008
    1751  0.40000000 -0.15000000  0.33333333  0.0008
    1752  0.45000000 -0.15000000  0.33333333  0.0008
    1753  0.50000000 -0.15000000  0.33333333  0.0008
    1754  0.45000000  0.15000000 -0.33333333  0.0008
    1755  0.40000000  0.15000000 -0.33333333  0.0008
    1756  0.35000000  0.15000000 -0.33333333  0.0008
    1757  0.30000000  0.15000000 -0.33333333  0.0008
    1758  0.25000000  0.15000000 -0.33333333  0.0008
    1759  0.20000000  0.15000000 -0.33333333  0.0008
    1760 -0.15000000 -0.15000000  0.33333333  0.0008
    1761 -0.10000000 -0.15000000  0.33333333  0.0008
    1762 -0.05000000 -0.15000000  0.33333333  0.0008
    1763  0.00000000 -0.10000000  0.33333333  0.0008
    1764  0.05000000 -0.10000000  0.33333333  0.0008
    1765  0.10000000 -0.10000000  0.33333333  0.0008
    1766  0.15000000 -0.10000000  0.33333333  0.0008
    1767  0.20000000 -0.10000000  0.33333333  0.0008
    1768  0.25000000 -0.10000000  0.33333333  0.0008
    1769  0.30000000 -0.10000000  0.33333333  0.0008
    1770  0.35000000 -0.10000000  0.33333333  0.0008
    1771  0.40000000 -0.10000000  0.33333333  0.0008
    1772  0.45000000 -0.10000000  0.33333333  0.0008
    1773  0.50000000 -0.10000000  0.33333333  0.0008
    1774  0.45000000  0.10000000 -0.33333333  0.0008
    1775  0.40000000  0.10000000 -0.33333333  0.0008
    1776  0.35000000  0.10000000 -0.33333333  0.0008
    1777  0.30000000  0.10000000 -0.33333333  0.0008
    1778  0.25000000  0.10000000 -0.33333333  0.0008
    1779 -0.20000000 -0.10000000  0.33333333  0.0008
    1780 -0.15000000 -0.10000000  0.33333333  0.0008
    1781 -0.10000000 -0.10000000  0.33333333  0.0008
    1782 -0.05000000 -0.10000000  0.33333333  0.0008
    1783  0.00000000 -0.05000000  0.33333333  0.0008
    1784  0.05000000 -0.05000000  0.33333333  0.0008
    1785  0.10000000 -0.05000000  0.33333333  0.0008
    1786  0.15000000 -0.05000000  0.33333333  0.0008
    1787  0.20000000 -0.05000000  0.33333333  0.0008
    1788  0.25000000 -0.05000000  0.33333333  0.0008
    1789  0.30000000 -0.05000000  0.33333333  0.0008
    1790  0.35000000 -0.05000000  0.33333333  0.0008
    1791  0.40000000 -0.05000000  0.33333333  0.0008
    1792  0.45000000 -0.05000000  0.33333333  0.0008
    1793  0.50000000 -0.05000000  0.33333333  0.0008
    1794  0.45000000  0.05000000 -0.33333333  0.0008
    1795  0.40000000  0.05000000 -0.33333333  0.0008
    1796  0.35000000  0.05000000 -0.33333333  0.0008
    1797  0.30000000  0.05000000 -0.33333333  0.0008
    1798 -0.25000000 -0.05000000  0.33333333  0.0008
    1799 -0.20000000 -0.05000000  0.33333333  0.0008
    1800 -0.15000000 -0.05000000  0.33333333  0.0008
    1801 -0.10000000 -0.05000000  0.33333333  0.0008
    1802 -0.05000000 -0.05000000  0.33333333  0.0008
    1803  0.00000000  0.00000000  0.41666667  0.0008
    1804  0.05000000  0.00000000  0.41666667  0.0008
    1805  0.10000000  0.00000000  0.41666667  0.0008
    1806  0.15000000  0.00000000  0.41666667  0.0008
    1807  0.20000000  0.00000000  0.41666667  0.0008
    1808  0.25000000  0.00000000  0.41666667  0.0008
    1809  0.30000000  0.00000000  0.41666667  0.0008
    1810  0.35000000  0.00000000  0.41666667  0.0008
    1811  0.40000000  0.00000000  0.41666667  0.0008
    1812  0.45000000  0.00000000  0.41666667  0.0008
    1813  0.50000000  0.00000000  0.41666667  0.0008
    1814  0.45000000  0.00000000 -0.41666667  0.0008
    1815 -0.40000000  0.00000000  0.41666667  0.0008
    1816 -0.35000000  0.00000000  0.41666667  0.0008
    1817 -0.30000000  0.00000000  0.41666667  0.0008
    1818 -0.25000000  0.00000000  0.41666667  0.0008
    1819 -0.20000000  0.00000000  0.41666667  0.0008
    1820 -0.15000000  0.00000000  0.41666667  0.0008
    1821 -0.10000000  0.00000000  0.41666667  0.0008
    1822 -0.05000000  0.00000000  0.41666667  0.0008
    1823  0.00000000  0.05000000  0.41666667  0.0008
    1824  0.05000000  0.05000000  0.41666667  0.0008
    1825  0.10000000  0.05000000  0.41666667  0.0008
    1826  0.15000000  0.05000000  0.41666667  0.0008
    1827  0.20000000  0.05000000  0.41666667  0.0008
    1828  0.25000000  0.05000000  0.41666667  0.0008
    1829  0.30000000  0.05000000  0.41666667  0.0008
    1830  0.35000000  0.05000000  0.41666667  0.0008
    1831  0.40000000  0.05000000  0.41666667  0.0008
    1832  0.45000000  0.05000000  0.41666667  0.0008
    1833  0.50000000  0.05000000  0.41666667  0.0008
    1834 -0.45000000  0.05000000  0.41666667  0.0008
    1835 -0.40000000  0.05000000  0.41666667  0.0008
    1836 -0.35000000  0.05000000  0.41666667  0.0008
    1837 -0.30000000  0.05000000  0.41666667  0.0008
    1838 -0.25000000  0.05000000  0.41666667  0.0008
    1839 -0.20000000  0.05000000  0.41666667  0.0008
    1840 -0.15000000  0.05000000  0.41666667  0.0008
    1841 -0.10000000  0.05000000  0.41666667  0.0008
    1842 -0.05000000  0.05000000  0.41666667  0.0008
    1843  0.00000000  0.10000000  0.41666667  0.0008
    1844  0.05000000  0.10000000  0.41666667  0.0008
    1845  0.10000000  0.10000000  0.41666667  0.0008
    1846  0.15000000  0.10000000  0.41666667  0.0008
    1847  0.20000000  0.10000000  0.41666667  0.0008
    1848  0.25000000  0.10000000  0.41666667  0.0008
    1849  0.30000000  0.10000000  0.41666667  0.0008
    1850  0.35000000  0.10000000  0.41666667  0.0008
    1851  0.40000000  0.10000000  0.41666667  0.0008
    1852  0.45000000  0.10000000  0.41666667  0.0008
    1853  0.50000000  0.10000000  0.41666667  0.0008
    1854 -0.45000000  0.10000000  0.41666667  0.0008
    1855 -0.40000000  0.10000000  0.41666667  0.0008
    1856 -0.35000000  0.10000000  0.41666667  0.0008
    1857 -0.30000000  0.10000000  0.41666667  0.0008
    1858 -0.25000000  0.10000000  0.41666667  0.0008
    1859 -0.20000000  0.10000000  0.41666667  0.0008
    1860 -0.15000000  0.10000000  0.41666667  0.0008
    1861 -0.10000000  0.10000000  0.41666667  0.0008
    1862 -0.05000000  0.10000000  0.41666667  0.0008
    1863  0.00000000  0.15000000  0.41666667  0.0008
    1864  0.05000000  0.15000000  0.41666667  0.0008
    1865  0.10000000  0.15000000  0.41666667  0.0008
    1866  0.15000000  0.15000000  0.41666667  0.0008
    1867  0.20000000  0.15000000  0.41666667  0.0008
    1868  0.25000000  0.15000000  0.41666667  0.0008
    1869  0.30000000  0.15000000  0.41666667  0.0008
    1870  0.35000000  0.15000000  0.41666667  0.0008
    1871  0.40000000  0.15000000  0.41666667  0.0008
    1872  0.45000000  0.15000000  0.41666667  0.0008
    1873  0.50000000  0.15000000  0.41666667  0.0008
    1874 -0.45000000  0.15000000  0.41666667  0.0008
    1875 -0.40000000  0.15000000  0.41666667  0.0008
    1876 -0.35000000  0.15000000  0.41666667  0.0008
    1877 -0.30000000  0.15000000  0.41666667  0.0008
    1878 -0.25000000  0.15000000  0.41666667  0.0008
    1879 -0.20000000  0.15000000  0.41666667  0.0008
    1880 -0.15000000  0.15000000  0.41666667  0.0008
    1881 -0.10000000  0.15000000  0.41666667  0.0008
    1882 -0.05000000  0.15000000  0.41666667  0.0008
    1883  0.00000000  0.20000000  0.41666667  0.0008
    1884  0.05000000  0.20000000  0.41666667  0.0008
    1885  0.10000000  0.20000000  0.41666667  0.0008
    1886  0.15000000  0.20000000  0.41666667  0.0008
    1887  0.20000000  0.20000000  0.41666667  0.0008
    1888  0.25000000  0.20000000  0.41666667  0.0008
    1889  0.30000000  0.20000000  0.41666667  0.0008
    1890  0.35000000  0.20000000  0.41666667  0.0008
    1891  0.40000000  0.20000000  0.41666667  0.0008
    1892  0.45000000  0.20000000  0.41666667  0.0008
    1893  0.50000000  0.20000000  0.41666667  0.0008
    1894 -0.45000000  0.20000000  0.41666667  0.0008
    1895 -0.40000000  0.20000000  0.41666667  0.0008
    1896 -0.35000000  0.20000000  0.41666667  0.0008
    1897 -0.30000000  0.20000000  0.41666667  0.0008
    1898 -0.25000000  0.20000000  0.41666667  0.0008
    1899 -0.20000000  0.20000000  0.41666667  0.0008
    1900 -0.15000000  0.20000000  0.41666667  0.0008
    1901 -0.10000000  0.20000000  0.41666667  0.0008
    1902 -0.05000000  0.20000000  0.41666667  0.0008
    1903  0.00000000  0.25000000  0.41666667  0.0008
    1904  0.05000000  0.25000000  0.41666667  0.0008
    1905  0.10000000  0.25000000  0.41666667  0.0008
    1906  0.15000000  0.25000000  0.41666667  0.0008
    1907  0.20000000  0.25000000  0.41666667  0.0008
    1908  0.25000000  0.25000000  0.41666667  0.0008
    1909  0.30000000  0.25000000  0.41666667  0.0008
    1910  0.35000000  0.25000000  0.41666667  0.0008
    1911  0.40000000  0.25000000  0.41666667  0.0008
    1912  0.45000000  0.25000000  0.41666667  0.0008
    1913  0.50000000  0.25000000  0.41666667  0.0008
    1914 -0.45000000  0.25000000  0.41666667  0.0008
    1915 -0.40000000  0.25000000  0.41666667  0.0008
    1916 -0.35000000  0.25000000  0.41666667  0.0008
    1917 -0.30000000  0.25000000  0.41666667  0.0008
    1918 -0.25000000  0.25000000  0.41666667  0.0008
    1919 -0.20000000  0.25000000  0.41666667  0.0008
    1920 -0.15000000  0.25000000  0.41666667  0.0008
    1921 -0.10000000  0.25000000  0.41666667  0.0008
    1922 -0.05000000  0.25000000  0.41666667  0.0008
    1923  0.00000000  0.30000000  0.41666667  0.0008
    1924  0.05000000  0.30000000  0.41666667  0.0008
    1925  0.10000000  0.30000000  0.41666667  0.0008
    1926  0.15000000  0.30000000  0.41666667  0.0008
    1927  0.20000000  0.30000000  0.41666667  0.0008
    1928  0.25000000  0.30000000  0.41666667  0.0008
    1929  0.30000000  0.30000000  0.41666667  0.0008
    1930  0.35000000  0.30000000  0.41666667  0.0008
    1931  0.40000000  0.30000000  0.41666667  0.0008
    1932  0.45000000  0.30000000  0.41666667  0.0008
    1933  0.50000000  0.30000000  0.41666667  0.0008
    1934 -0.45000000  0.30000000  0.41666667  0.0008
    1935 -0.40000000  0.30000000  0.41666667  0.0008
    1936 -0.35000000  0.30000000  0.41666667  0.0008
    1937 -0.30000000  0.30000000  0.41666667  0.0008
    1938 -0.25000000  0.30000000  0.41666667  0.0008
    1939 -0.20000000  0.30000000  0.41666667  0.0008
    1940 -0.15000000  0.30000000  0.41666667  0.0008
    1941 -0.10000000  0.30000000  0.41666667  0.0008
    1942 -0.05000000  0.30000000  0.41666667  0.0008
    1943  0.00000000  0.35000000  0.41666667  0.0008
    1944  0.05000000  0.35000000  0.41666667  0.0008
    1945  0.10000000  0.35000000  0.41666667  0.0008
    1946  0.15000000  0.35000000  0.41666667  0.0008
    1947  0.20000000  0.35000000  0.41666667  0.0008
    1948  0.25000000  0.35000000  0.41666667  0.0008
    1949  0.30000000  0.35000000  0.41666667  0.0008
    1950  0.35000000  0.35000000  0.41666667  0.0008
    1951  0.40000000  0.35000000  0.41666667  0.0008
    1952  0.45000000  0.35000000  0.41666667  0.0008
    1953  0.50000000  0.35000000  0.41666667  0.0008
    1954 -0.45000000  0.35000000  0.41666667  0.0008
    1955 -0.40000000  0.35000000  0.41666667  0.0008
    1956 -0.35000000  0.35000000  0.41666667  0.0008
    1957 -0.30000000  0.35000000  0.41666667  0.0008
    1958 -0.25000000  0.35000000  0.41666667  0.0008
    1959 -0.20000000  0.35000000  0.41666667  0.0008
    1960 -0.15000000  0.35000000  0.41666667  0.0008
    1961 -0.10000000  0.35000000  0.41666667  0.0008
    1962 -0.05000000  0.35000000  0.41666667  0.0008
    1963  0.00000000  0.40000000  0.41666667  0.0008
    1964  0.05000000  0.40000000  0.41666667  0.0008
    1965  0.10000000  0.40000000  0.41666667  0.0008
    1966  0.15000000  0.40000000  0.41666667  0.0008
    1967  0.20000000  0.40000000  0.41666667  0.0008
    1968  0.25000000  0.40000000  0.41666667  0.0008
    1969  0.30000000  0.40000000  0.41666667  0.0008
    1970  0.35000000  0.40000000  0.41666667  0.0008
    1971  0.40000000  0.40000000  0.41666667  0.0008
    1972  0.45000000  0.40000000  0.41666667  0.0008
    1973  0.50000000  0.40000000  0.41666667  0.0008
    1974 -0.45000000  0.40000000  0.41666667  0.0008
    1975 -0.40000000  0.40000000  0.41666667  0.0008
    1976 -0.35000000  0.40000000  0.41666667  0.0008
    1977 -0.30000000  0.40000000  0.41666667  0.0008
    1978 -0.25000000  0.40000000  0.41666667  0.0008
    1979 -0.20000000  0.40000000  0.41666667  0.0008
    1980 -0.15000000  0.40000000  0.41666667  0.0008
    1981 -0.10000000  0.40000000  0.41666667  0.0008
    1982 -0.05000000  0.40000000  0.41666667  0.0008
    1983  0.00000000  0.45000000  0.41666667  0.0008
    1984  0.05000000  0.45000000  0.41666667  0.0008
    1985  0.10000000  0.45000000  0.41666667  0.0008
    1986  0.15000000  0.45000000  0.41666667  0.0008
    1987  0.20000000  0.45000000  0.41666667  0.0008
    1988  0.25000000  0.45000000  0.41666667  0.0008
    1989  0.30000000  0.45000000  0.41666667  0.0008
    1990  0.35000000  0.45000000  0.41666667  0.0008
    1991  0.40000000  0.45000000  0.41666667  0.0008
    1992  0.45000000  0.45000000  0.41666667  0.0008
    1993  0.50000000  0.45000000  0.41666667  0.0008
    1994 -0.45000000  0.45000000  0.41666667  0.0008
    1995 -0.40000000  0.45000000  0.41666667  0.0008
    1996 -0.35000000  0.45000000  0.41666667  0.0008
    1997 -0.30000000  0.45000000  0.41666667  0.0008
    1998 -0.25000000  0.45000000  0.41666667  0.0008
    1999 -0.20000000  0.45000000  0.41666667  0.0008
    2000 -0.15000000  0.45000000  0.41666667  0.0008
    2001 -0.10000000  0.45000000  0.41666667  0.0008
    2002 -0.05000000  0.45000000  0.41666667  0.0008
    2003  0.00000000  0.50000000  0.41666667  0.0008
    2004  0.05000000  0.50000000  0.41666667  0.0008
    2005  0.10000000  0.50000000  0.41666667  0.0008
    2006  0.15000000  0.50000000  0.41666667  0.0008
    2007  0.20000000  0.50000000  0.41666667  0.0008
    2008  0.25000000  0.50000000  0.41666667  0.0008
    2009  0.30000000  0.50000000  0.41666667  0.0008
    2010  0.35000000  0.50000000  0.41666667  0.0008
    2011  0.40000000  0.50000000  0.41666667  0.0008
    2012  0.45000000  0.50000000  0.41666667  0.0008
    2013  0.50000000  0.50000000  0.41666667  0.0008
    2014  0.45000000  0.50000000 -0.41666667  0.0008
    2015 -0.40000000  0.50000000  0.41666667  0.0008
    2016 -0.35000000  0.50000000  0.41666667  0.0008
    2017 -0.30000000  0.50000000  0.41666667  0.0008
    2018 -0.25000000  0.50000000  0.41666667  0.0008
    2019 -0.20000000  0.50000000  0.41666667  0.0008
    2020 -0.15000000  0.50000000  0.41666667  0.0008
    2021 -0.10000000  0.50000000  0.41666667  0.0008
    2022 -0.05000000  0.50000000  0.41666667  0.0008
    2023  0.00000000  0.45000000 -0.41666667  0.0008
    2024  0.05000000 -0.45000000  0.41666667  0.0008
    2025  0.10000000 -0.45000000  0.41666667  0.0008
    2026  0.15000000 -0.45000000  0.41666667  0.0008
    2027  0.20000000 -0.45000000  0.41666667  0.0008
    2028  0.25000000 -0.45000000  0.41666667  0.0008
    2029  0.30000000 -0.45000000  0.41666667  0.0008
    2030  0.35000000 -0.45000000  0.41666667  0.0008
    2031  0.40000000 -0.45000000  0.41666667  0.0008
    2032  0.45000000 -0.45000000  0.41666667  0.0008
    2033  0.50000000  0.45000000 -0.41666667  0.0008
    2034  0.45000000  0.45000000 -0.41666667  0.0008
    2035  0.40000000  0.45000000 -0.41666667  0.0008
    2036  0.35000000  0.45000000 -0.41666667  0.0008
    2037  0.30000000  0.45000000 -0.41666667  0.0008
    2038  0.25000000  0.45000000 -0.41666667  0.0008
    2039  0.20000000  0.45000000 -0.41666667  0.0008
    2040  0.15000000  0.45000000 -0.41666667  0.0008
    2041  0.10000000  0.45000000 -0.41666667  0.0008
    2042  0.05000000  0.45000000 -0.41666667  0.0008
    2043  0.00000000 -0.40000000  0.41666667  0.0008
    2044  0.05000000 -0.40000000  0.41666667  0.0008
    2045  0.10000000 -0.40000000  0.41666667  0.0008
    2046  0.15000000 -0.40000000  0.41666667  0.0008
    2047  0.20000000 -0.40000000  0.41666667  0.0008
    2048  0.25000000 -0.40000000  0.41666667  0.0008
    2049  0.30000000 -0.40000000  0.41666667  0.0008
    2050  0.35000000 -0.40000000  0.41666667  0.0008
    2051  0.40000000 -0.40000000  0.41666667  0.0008
    2052  0.45000000 -0.40000000  0.41666667  0.0008
    2053  0.50000000 -0.40000000  0.41666667  0.0008
    2054  0.45000000  0.40000000 -0.41666667  0.0008
    2055  0.40000000  0.40000000 -0.41666667  0.0008
    2056  0.35000000  0.40000000 -0.41666667  0.0008
    2057  0.30000000  0.40000000 -0.41666667  0.0008
    2058  0.25000000  0.40000000 -0.41666667  0.0008
    2059  0.20000000  0.40000000 -0.41666667  0.0008
    2060  0.15000000  0.40000000 -0.41666667  0.0008
    2061  0.10000000  0.40000000 -0.41666667  0.0008
    2062  0.05000000  0.40000000 -0.41666667  0.0008
    2063  0.00000000 -0.35000000  0.41666667  0.0008
    2064  0.05000000 -0.35000000  0.41666667  0.0008
    2065  0.10000000 -0.35000000  0.41666667  0.0008
    2066  0.15000000 -0.35000000  0.41666667  0.0008
    2067  0.20000000 -0.35000000  0.41666667  0.0008
    2068  0.25000000 -0.35000000  0.41666667  0.0008
    2069  0.30000000 -0.35000000  0.41666667  0.0008
    2070  0.35000000 -0.35000000  0.41666667  0.0008
    2071  0.40000000 -0.35000000  0.41666667  0.0008
    2072  0.45000000 -0.35000000  0.41666667  0.0008
    2073  0.50000000 -0.35000000  0.41666667  0.0008
    2074  0.45000000  0.35000000 -0.41666667  0.0008
    2075  0.40000000  0.35000000 -0.41666667  0.0008
    2076  0.35000000  0.35000000 -0.41666667  0.0008
    2077  0.30000000  0.35000000 -0.41666667  0.0008
    2078  0.25000000  0.35000000 -0.41666667  0.0008
    2079  0.20000000  0.35000000 -0.41666667  0.0008
    2080  0.15000000  0.35000000 -0.41666667  0.0008
    2081  0.10000000  0.35000000 -0.41666667  0.0008
    2082 -0.05000000 -0.35000000  0.41666667  0.0008
    2083  0.00000000 -0.30000000  0.41666667  0.0008
    2084  0.05000000 -0.30000000  0.41666667  0.0008
    2085  0.10000000 -0.30000000  0.41666667  0.0008
    2086  0.15000000 -0.30000000  0.41666667  0.0008
    2087  0.20000000 -0.30000000  0.41666667  0.0008
    2088  0.25000000 -0.30000000  0.41666667  0.0008
    2089  0.30000000 -0.30000000  0.41666667  0.0008
    2090  0.35000000 -0.30000000  0.41666667  0.0008
    2091  0.40000000 -0.30000000  0.41666667  0.0008
    2092  0.45000000 -0.30000000  0.41666667  0.0008
    2093  0.50000000 -0.30000000  0.41666667  0.0008
    2094  0.45000000  0.30000000 -0.41666667  0.0008
    2095  0.40000000  0.30000000 -0.41666667  0.0008
    2096  0.35000000  0.30000000 -0.41666667  0.0008
    2097  0.30000000  0.30000000 -0.41666667  0.0008
    2098  0.25000000  0.30000000 -0.41666667  0.0008
    2099  0.20000000  0.30000000 -0.41666667  0.0008
    2100  0.15000000  0.30000000 -0.41666667  0.0008
    2101 -0.10000000 -0.30000000  0.41666667  0.0008
    2102 -0.05000000 -0.30000000  0.41666667  0.0008
    2103  0.00000000 -0.25000000  0.41666667  0.0008
    2104  0.05000000 -0.25000000  0.41666667  0.0008
    2105  0.10000000 -0.25000000  0.41666667  0.0008
    2106  0.15000000 -0.25000000  0.41666667  0.0008
    2107  0.20000000 -0.25000000  0.41666667  0.0008
    2108  0.25000000 -0.25000000  0.41666667  0.0008
    2109  0.30000000 -0.25000000  0.41666667  0.0008
    2110  0.35000000 -0.25000000  0.41666667  0.0008
    2111  0.40000000 -0.25000000  0.41666667  0.0008
    2112  0.45000000 -0.25000000  0.41666667  0.0008
    2113  0.50000000 -0.25000000  0.41666667  0.0008
    2114  0.45000000  0.25000000 -0.41666667  0.0008
    2115  0.40000000  0.25000000 -0.41666667  0.0008
    2116  0.35000000  0.25000000 -0.41666667  0.0008
    2117  0.30000000  0.25000000 -0.41666667  0.0008
    2118  0.25000000  0.25000000 -0.41666667  0.0008
    2119  0.20000000  0.25000000 -0.41666667  0.0008
    2120 -0.15000000 -0.25000000  0.41666667  0.0008
    2121 -0.10000000 -0.25000000  0.41666667  0.0008
    2122 -0.05000000 -0.25000000  0.41666667  0.0008
    2123  0.00000000 -0.20000000  0.41666667  0.0008
    2124  0.05000000 -0.20000000  0.41666667  0.0008
    2125  0.10000000 -0.20000000  0.41666667  0.0008
    2126  0.15000000 -0.20000000  0.41666667  0.0008
    2127  0.20000000 -0.20000000  0.41666667  0.0008
    2128  0.25000000 -0.20000000  0.41666667  0.0008
    2129  0.30000000 -0.20000000  0.41666667  0.0008
    2130  0.35000000 -0.20000000  0.41666667  0.0008
    2131  0.40000000 -0.20000000  0.41666667  0.0008
    2132  0.45000000 -0.20000000  0.41666667  0.0008
    2133  0.50000000 -0.20000000  0.41666667  0.0008
    2134  0.45000000  0.20000000 -0.41666667  0.0008
    2135  0.40000000  0.20000000 -0.41666667  0.0008
    2136  0.35000000  0.20000000 -0.41666667  0.0008
    2137  0.30000000  0.20000000 -0.41666667  0.0008
    2138  0.25000000  0.20000000 -0.41666667  0.0008
    2139 -0.20000000 -0.20000000  0.41666667  0.0008
    2140 -0.15000000 -0.20000000  0.41666667  0.0008
    2141 -0.10000000 -0.20000000  0.41666667  0.0008
    2142 -0.05000000 -0.20000000  0.41666667  0.0008
    2143  0.00000000 -0.15000000  0.41666667  0.0008
    2144  0.05000000 -0.15000000  0.41666667  0.0008
    2145  0.10000000 -0.15000000  0.41666667  0.0008
    2146  0.15000000 -0.15000000  0.41666667  0.0008
    2147  0.20000000 -0.15000000  0.41666667  0.0008
    2148  0.25000000 -0.15000000  0.41666667  0.0008
    2149  0.30000000 -0.15000000  0.41666667  0.0008
    2150  0.35000000 -0.15000000  0.41666667  0.0008
    2151  0.40000000 -0.15000000  0.41666667  0.0008
    2152  0.45000000 -0.15000000  0.41666667  0.0008
    2153  0.50000000 -0.15000000  0.41666667  0.0008
    2154  0.45000000  0.15000000 -0.41666667  0.0008
    2155  0.40000000  0.15000000 -0.41666667  0.0008
    2156  0.35000000  0.15000000 -0.41666667  0.0008
    2157  0.30000000  0.15000000 -0.41666667  0.0008
    2158 -0.25000000 -0.15000000  0.41666667  0.0008
    2159 -0.20000000 -0.15000000  0.41666667  0.0008
    2160 -0.15000000 -0.15000000  0.41666667  0.0008
    2161 -0.10000000 -0.15000000  0.41666667  0.0008
    2162 -0.05000000 -0.15000000  0.41666667  0.0008
    2163  0.00000000 -0.10000000  0.41666667  0.0008
    2164  0.05000000 -0.10000000  0.41666667  0.0008
    2165  0.10000000 -0.10000000  0.41666667  0.0008
    2166  0.15000000 -0.10000000  0.41666667  0.0008
    2167  0.20000000 -0.10000000  0.41666667  0.0008
    2168  0.25000000 -0.10000000  0.41666667  0.0008
    2169  0.30000000 -0.10000000  0.41666667  0.0008
    2170  0.35000000 -0.10000000  0.41666667  0.0008
    2171  0.40000000 -0.10000000  0.41666667  0.0008
    2172  0.45000000 -0.10000000  0.41666667  0.0008
    2173  0.50000000 -0.10000000  0.41666667  0.0008
    2174  0.45000000  0.10000000 -0.41666667  0.0008
    2175  0.40000000  0.10000000 -0.41666667  0.0008
    2176  0.35000000  0.10000000 -0.41666667  0.0008
    2177 -0.30000000 -0.10000000  0.41666667  0.0008
    2178 -0.25000000 -0.10000000  0.41666667  0.0008
    2179 -0.20000000 -0.10000000  0.41666667  0.0008
    2180 -0.15000000 -0.10000000  0.41666667  0.0008
    2181 -0.10000000 -0.10000000  0.41666667  0.0008
    2182 -0.05000000 -0.10000000  0.41666667  0.0008
    2183  0.00000000 -0.05000000  0.41666667  0.0008
    2184  0.05000000 -0.05000000  0.41666667  0.0008
    2185  0.10000000 -0.05000000  0.41666667  0.0008
    2186  0.15000000 -0.05000000  0.41666667  0.0008
    2187  0.20000000 -0.05000000  0.41666667  0.0008
    2188  0.25000000 -0.05000000  0.41666667  0.0008
    2189  0.30000000 -0.05000000  0.41666667  0.0008
    2190  0.35000000 -0.05000000  0.41666667  0.0008
    2191  0.40000000 -0.05000000  0.41666667  0.0008
    2192  0.45000000 -0.05000000  0.41666667  0.0008
    2193  0.50000000 -0.05000000  0.41666667  0.0008
    2194  0.45000000  0.05000000 -0.41666667  0.0008
    2195  0.40000000  0.05000000 -0.41666667  0.0008
    2196 -0.35000000 -0.05000000  0.41666667  0.0008
    2197 -0.30000000 -0.05000000  0.41666667  0.0008
    2198 -0.25000000 -0.05000000  0.41666667  0.0008
    2199 -0.20000000 -0.05000000  0.41666667  0.0008
    2200 -0.15000000 -0.05000000  0.41666667  0.0008
    2201 -0.10000000 -0.05000000  0.41666667  0.0008
    2202 -0.05000000 -0.05000000  0.41666667  0.0008
    2203  0.00000000  0.00000000  0.50000000  0.0004
    2204  0.05000000  0.00000000  0.50000000  0.0008
    2205  0.10000000  0.00000000  0.50000000  0.0008
    2206  0.15000000  0.00000000  0.50000000  0.0008
    2207  0.20000000  0.00000000  0.50000000  0.0008
    2208  0.25000000  0.00000000  0.50000000  0.0008
    2209  0.30000000  0.00000000  0.50000000  0.0008
    2210  0.35000000  0.00000000  0.50000000  0.0008
    2211  0.40000000  0.00000000  0.50000000  0.0008
    2212  0.45000000  0.00000000  0.50000000  0.0008
    2213  0.50000000  0.00000000  0.50000000  0.0004
    2214  0.00000000  0.05000000  0.50000000  0.0008
    2215  0.05000000  0.05000000  0.50000000  0.0008
    2216  0.10000000  0.05000000  0.50000000  0.0008
    2217  0.15000000  0.05000000  0.50000000  0.0008
    2218  0.20000000  0.05000000  0.50000000  0.0008
    2219  0.25000000  0.05000000  0.50000000  0.0008
    2220  0.30000000  0.05000000  0.50000000  0.0008
    2221  0.35000000  0.05000000  0.50000000  0.0008
    2222  0.40000000  0.05000000  0.50000000  0.0008
    2223  0.45000000  0.05000000  0.50000000  0.0008
    2224  0.50000000  0.05000000  0.50000000  0.0008
    2225  0.45000000 -0.05000000  0.50000000  0.0008
    2226  0.40000000 -0.05000000  0.50000000  0.0008
    2227  0.35000000 -0.05000000  0.50000000  0.0008
    2228  0.30000000 -0.05000000  0.50000000  0.0008
    2229  0.25000000 -0.05000000  0.50000000  0.0008
    2230  0.20000000 -0.05000000  0.50000000  0.0008
    2231  0.15000000 -0.05000000  0.50000000  0.0008
    2232  0.10000000 -0.05000000  0.50000000  0.0008
    2233 -0.05000000  0.05000000  0.50000000  0.0008
    2234  0.00000000  0.10000000  0.50000000  0.0008
    2235  0.05000000  0.10000000  0.50000000  0.0008
    2236  0.10000000  0.10000000  0.50000000  0.0008
    2237  0.15000000  0.10000000  0.50000000  0.0008
    2238  0.20000000  0.10000000  0.50000000  0.0008
    2239  0.25000000  0.10000000  0.50000000  0.0008
    2240  0.30000000  0.10000000  0.50000000  0.0008
    2241  0.35000000  0.10000000  0.50000000  0.0008
    2242  0.40000000  0.10000000  0.50000000  0.0008
    2243  0.45000000  0.10000000  0.50000000  0.0008
    2244  0.50000000  0.10000000  0.50000000  0.0008
    2245  0.45000000 -0.10000000  0.50000000  0.0008
    2246  0.40000000 -0.10000000  0.50000000  0.0008
    2247  0.35000000 -0.10000000  0.50000000  0.0008
    2248  0.30000000 -0.10000000  0.50000000  0.0008
    2249  0.25000000 -0.10000000  0.50000000  0.0008
    2250  0.20000000 -0.10000000  0.50000000  0.0008
    2251  0.15000000 -0.10000000  0.50000000  0.0008
    2252 -0.10000000  0.10000000  0.50000000  0.0008
    2253 -0.05000000  0.10000000  0.50000000  0.0008
    2254  0.00000000  0.15000000  0.50000000  0.0008
    2255  0.05000000  0.15000000  0.50000000  0.0008
    2256  0.10000000  0.15000000  0.50000000  0.0008
    2257  0.15000000  0.15000000  0.50000000  0.0008
    2258  0.20000000  0.15000000  0.50000000  0.0008
    2259  0.25000000  0.15000000  0.50000000  0.0008
    2260  0.30000000  0.15000000  0.50000000  0.0008
    2261  0.35000000  0.15000000  0.50000000  0.0008
    2262  0.40000000  0.15000000  0.50000000  0.0008
    2263  0.45000000  0.15000000  0.50000000  0.0008
    2264  0.50000000  0.15000000  0.50000000  0.0008
    2265  0.45000000 -0.15000000  0.50000000  0.0008
    2266  0.40000000 -0.15000000  0.50000000  0.0008
    2267  0.35000000 -0.15000000  0.50000000  0.0008
    2268  0.30000000 -0.15000000  0.50000000  0.0008
    2269  0.25000000 -0.15000000  0.50000000  0.0008
    2270  0.20000000 -0.15000000  0.50000000  0.0008
    2271 -0.15000000  0.15000000  0.50000000  0.0008
    2272 -0.10000000  0.15000000  0.50000000  0.0008
    2273 -0.05000000  0.15000000  0.50000000  0.0008
    2274  0.00000000  0.20000000  0.50000000  0.0008
    2275  0.05000000  0.20000000  0.50000000  0.0008
    2276  0.10000000  0.20000000  0.50000000  0.0008
    2277  0.15000000  0.20000000  0.50000000  0.0008
    2278  0.20000000  0.20000000  0.50000000  0.0008
    2279  0.25000000  0.20000000  0.50000000  0.0008
    2280  0.30000000  0.20000000  0.50000000  0.0008
    2281  0.35000000  0.20000000  0.50000000  0.0008
    2282  0.40000000  0.20000000  0.50000000  0.0008
    2283  0.45000000  0.20000000  0.50000000  0.0008
    2284  0.50000000  0.20000000  0.50000000  0.0008
    2285  0.45000000 -0.20000000  0.50000000  0.0008
    2286  0.40000000 -0.20000000  0.50000000  0.0008
    2287  0.35000000 -0.20000000  0.50000000  0.0008
    2288  0.30000000 -0.20000000  0.50000000  0.0008
    2289  0.25000000 -0.20000000  0.50000000  0.0008
    2290 -0.20000000  0.20000000  0.50000000  0.0008
    2291 -0.15000000  0.20000000  0.50000000  0.0008
    2292 -0.10000000  0.20000000  0.50000000  0.0008
    2293 -0.05000000  0.20000000  0.50000000  0.0008
    2294  0.00000000  0.25000000  0.50000000  0.0008
    2295  0.05000000  0.25000000  0.50000000  0.0008
    2296  0.10000000  0.25000000  0.50000000  0.0008
    2297  0.15000000  0.25000000  0.50000000  0.0008
    2298  0.20000000  0.25000000  0.50000000  0.0008
    2299  0.25000000  0.25000000  0.50000000  0.0008
    2300  0.30000000  0.25000000  0.50000000  0.0008
    2301  0.35000000  0.25000000  0.50000000  0.0008
    2302  0.40000000  0.25000000  0.50000000  0.0008
    2303  0.45000000  0.25000000  0.50000000  0.0008
    2304  0.50000000  0.25000000  0.50000000  0.0008
    2305  0.45000000 -0.25000000  0.50000000  0.0008
    2306  0.40000000 -0.25000000  0.50000000  0.0008
    2307  0.35000000 -0.25000000  0.50000000  0.0008
    2308  0.30000000 -0.25000000  0.50000000  0.0008
    2309 -0.25000000  0.25000000  0.50000000  0.0008
    2310 -0.20000000  0.25000000  0.50000000  0.0008
    2311 -0.15000000  0.25000000  0.50000000  0.0008
    2312 -0.10000000  0.25000000  0.50000000  0.0008
    2313 -0.05000000  0.25000000  0.50000000  0.0008
    2314  0.00000000  0.30000000  0.50000000  0.0008
    2315  0.05000000  0.30000000  0.50000000  0.0008
    2316  0.10000000  0.30000000  0.50000000  0.0008
    2317  0.15000000  0.30000000  0.50000000  0.0008
    2318  0.20000000  0.30000000  0.50000000  0.0008
    2319  0.25000000  0.30000000  0.50000000  0.0008
    2320  0.30000000  0.30000000  0.50000000  0.0008
    2321  0.35000000  0.30000000  0.50000000  0.0008
    2322  0.40000000  0.30000000  0.50000000  0.0008
    2323  0.45000000  0.30000000  0.50000000  0.0008
    2324  0.50000000  0.30000000  0.50000000  0.0008
    2325  0.45000000 -0.30000000  0.50000000  0.0008
    2326  0.40000000 -0.30000000  0.50000000  0.0008
    2327  0.35000000 -0.30000000  0.50000000  0.0008
    2328 -0.30000000  0.30000000  0.50000000  0.0008
    2329 -0.25000000  0.30000000  0.50000000  0.0008
    2330 -0.20000000  0.30000000  0.50000000  0.0008
    2331 -0.15000000  0.30000000  0.50000000  0.0008
    2332 -0.10000000  0.30000000  0.50000000  0.0008
    2333 -0.05000000  0.30000000  0.50000000  0.0008
    2334  0.00000000  0.35000000  0.50000000  0.0008
    2335  0.05000000  0.35000000  0.50000000  0.0008
    2336  0.10000000  0.35000000  0.50000000  0.0008
    2337  0.15000000  0.35000000  0.50000000  0.0008
    2338  0.20000000  0.35000000  0.50000000  0.0008
    2339  0.25000000  0.35000000  0.50000000  0.0008
    2340  0.30000000  0.35000000  0.50000000  0.0008
    2341  0.35000000  0.35000000  0.50000000  0.0008
    2342  0.40000000  0.35000000  0.50000000  0.0008
    2343  0.45000000  0.35000000  0.50000000  0.0008
    2344  0.50000000  0.35000000  0.50000000  0.0008
    2345  0.45000000 -0.35000000  0.50000000  0.0008
    2346  0.40000000 -0.35000000  0.50000000  0.0008
    2347 -0.35000000  0.35000000  0.50000000  0.0008
    2348 -0.30000000  0.35000000  0.50000000  0.0008
    2349 -0.25000000  0.35000000  0.50000000  0.0008
    2350 -0.20000000  0.35000000  0.50000000  0.0008
    2351 -0.15000000  0.35000000  0.50000000  0.0008
    2352 -0.10000000  0.35000000  0.50000000  0.0008
    2353 -0.05000000  0.35000000  0.50000000  0.0008
    2354  0.00000000  0.40000000  0.50000000  0.0008
    2355  0.05000000  0.40000000  0.50000000  0.0008
    2356  0.10000000  0.40000000  0.50000000  0.0008
    2357  0.15000000  0.40000000  0.50000000  0.0008
    2358  0.20000000  0.40000000  0.50000000  0.0008
    2359  0.25000000  0.40000000  0.50000000  0.0008
    2360  0.30000000  0.40000000  0.50000000  0.0008
    2361  0.35000000  0.40000000  0.50000000  0.0008
    2362  0.40000000  0.40000000  0.50000000  0.0008
    2363  0.45000000  0.40000000  0.50000000  0.0008
    2364  0.50000000  0.40000000  0.50000000  0.0008
    2365  0.45000000 -0.40000000  0.50000000  0.0008
    2366 -0.40000000  0.40000000  0.50000000  0.0008
    2367 -0.35000000  0.40000000  0.50000000  0.0008
    2368 -0.30000000  0.40000000  0.50000000  0.0008
    2369 -0.25000000  0.40000000  0.50000000  0.0008
    2370 -0.20000000  0.40000000  0.50000000  0.0008
    2371 -0.15000000  0.40000000  0.50000000  0.0008
    2372 -0.10000000  0.40000000  0.50000000  0.0008
    2373 -0.05000000  0.40000000  0.50000000  0.0008
    2374  0.00000000  0.45000000  0.50000000  0.0008
    2375  0.05000000  0.45000000  0.50000000  0.0008
    2376  0.10000000  0.45000000  0.50000000  0.0008
    2377  0.15000000  0.45000000  0.50000000  0.0008
    2378  0.20000000  0.45000000  0.50000000  0.0008
    2379  0.25000000  0.45000000  0.50000000  0.0008
    2380  0.30000000  0.45000000  0.50000000  0.0008
    2381  0.35000000  0.45000000  0.50000000  0.0008
    2382  0.40000000  0.45000000  0.50000000  0.0008
    2383  0.45000000  0.45000000  0.50000000  0.0008
    2384  0.50000000  0.45000000  0.50000000  0.0008
    2385 -0.45000000  0.45000000  0.50000000  0.0008
    2386 -0.40000000  0.45000000  0.50000000  0.0008
    2387 -0.35000000  0.45000000  0.50000000  0.0008
    2388 -0.30000000  0.45000000  0.50000000  0.0008
    2389 -0.25000000  0.45000000  0.50000000  0.0008
    2390 -0.20000000  0.45000000  0.50000000  0.0008
    2391 -0.15000000  0.45000000  0.50000000  0.0008
    2392 -0.10000000  0.45000000  0.50000000  0.0008
    2393 -0.05000000  0.45000000  0.50000000  0.0008
    2394  0.00000000  0.50000000  0.50000000  0.0004
    2395  0.05000000  0.50000000  0.50000000  0.0008
    2396  0.10000000  0.50000000  0.50000000  0.0008
    2397  0.15000000  0.50000000  0.50000000  0.0008
    2398  0.20000000  0.50000000  0.50000000  0.0008
    2399  0.25000000  0.50000000  0.50000000  0.0008
    2400  0.30000000  0.50000000  0.50000000  0.0008
    2401  0.35000000  0.50000000  0.50000000  0.0008
    2402  0.40000000  0.50000000  0.50000000  0.0008
    2403  0.45000000  0.50000000  0.50000000  0.0008
    2404  0.50000000  0.50000000  0.50000000  0.0004

 DONE : INIT K-POINTS Time : 0.0660034 (SEC)

 Libxc v7.0.0
	S. Lehtola, C. Steigemann, M. J.T. Oliveira, and M. A.L. Marques.,  SoftwareX 7, 1–5 (2018)
 XC: Slater exchange
	P. A. M. Dirac.,  Math. Proc. Cambridge Philos. Soc. 26, 376 (1930)
	F. Bloch.,  Z. Phys. 57, 545 (1929)
 XC: Perdew & Zunger
	J. P. Perdew and A. Zunger.,  Phys. Rev. B 23, 5048 (1981)


 >>>>>>>>>>>>>>>>>>>>>>>>>>>>>>>>>>>>>>>>>>>>>>>>>>>>>>>>>>>>>>>>>>>>>>
 |                                                                    |
 | Setup charge mixing parameters                                     |
 |                                                                    |
 <<<<<<<<<<<<<<<<<<<<<<<<<<<<<<<<<<<<<<<<<<<<<<<<<<<<<<<<<<<<<<<<<<<<<<

                              mixing_type = broyden
                              mixing_beta = 0.4
                               mixing_gg0 = 1
                           mixing_gg0_min = 0.1
                              mixing_ndim = 8


 >>>>>>>>>>>>>>>>>>>>>>>>>>>>>>>>>>>>>>>>>>>>>>>>>>>>>>>>>>>>>>>>>>>>>>
 |                                                                    |
 |              #Setup Plane Waves of Wave Functions#                 |
 | Use the kinetic energy cutoff and the lattice vectors to generate  |
 | the dimensions of FFT grid, which is used to represent the wave    |
 | functions of electrons.                                            |
 |                                                                    |
 <<<<<<<<<<<<<<<<<<<<<<<<<<<<<<<<<<<<<<<<<<<<<<<<<<<<<<<<<<<<<<<<<<<<<

 SETUP PLANE WAVES FOR WAVE FUNCTIONS
     Energy cutoff for wavefunc (unit:Ry) = 40
              FFT grid for wave functions = [ 25, 25, 40 ]
              Number of total plane waves = 2165
        Number of sticks on FFT x-y plane = 139

 PARALLEL PW FOR WAVE FUNCTIONS
     PROC   COLUMNS(POT)             PW
        1             35            541
        2             35            541
        3             34            542
        4             35            541
 --------------- sum -------------------
        4            139           2165
 DONE : INIT PLANEWAVE Time : 0.111244 (SEC)

                                 init_chg = atomic
 DONE : LOCAL POTENTIAL Time : 0.133855 (SEC)


 SETUP NONLOCAL PSEUDOPOTENTIALS IN PLANE WAVE BASIS
 Mg non-local projectors:
      TOTAL NUMBER OF NONLOCAL PROJECTORS = 0

 nhm = 0, not allocate some matrix.
 Init Non-Local PseudoPotential table : 
 Init Non-Local-Pseudopotential done.
 DONE : NON-LOCAL POTENTIAL Time : 0.133895 (SEC)

                                     npwx = 343

 *** Memory Allocation Warning ***  Psi_PW 150.984 MB

 Using RANDOM starting wave functions for all 12 bands

 WARNING:
 init_wfc = atomic requires atomic pseudo wavefunctions(PP_PSWFC), but none available. 
 Automatically switch to random initialization.
 Note: Random starting wavefunctions may slow down convergence.
      For faster convergence, consider using:
      1) A pseudopotential file that includes atomic wavefunctions (with PP_PSWFC), or
      2) Numerical atomic orbitals with 'init_wfc = nao' or 'nao+random' if available.

 DONE : INIT BASIS Time : 0.133935 (SEC)

 ================================================================
 SELF-CONSISTENT
 ================================================================
 DONE : INIT SCF Time : 4.01332 (SEC)


 ++++++++++++++++++++++++++++++++++++++++++++++++++++++++++++++++++++++
 --> #ION MOVE#         1  #ELEC ITER#         1
 ++++++++++++++++++++++++++++++++++++++++++++++++++++++++++++++++++++++
 Average iterative diagonalization steps for k-points is 8.14725
 current threshold of diagonalizaiton is 0.01
 Electron density deviation 0.0911265
                          Diago Threshold = 0.01
 ----------------------------------------------------------
      Energy           Rydberg                 eV          
 ----------------------------------------------------------
  E_KohnSham     -3.6054166905        -49.0542106546       
  E_Harris       -3.5612029301        -48.4526515834       
  E_Fermi        0.2520783787         3.4297022935         
  E_gap(k)       0.0002725768         0.0037085975         
 ----------------------------------------------------------


 ++++++++++++++++++++++++++++++++++++++++++++++++++++++++++++++++++++++
 --> #ION MOVE#         1  #ELEC ITER#         2
 ++++++++++++++++++++++++++++++++++++++++++++++++++++++++++++++++++++++
 Average iterative diagonalization steps for k-points is 2.01747
 current threshold of diagonalizaiton is 0.00227816
 Electron density deviation 0.0367584
                          Diago Threshold = 0.00227816
 ----------------------------------------------------------
      Energy           Rydberg                 eV          
 ----------------------------------------------------------
  E_KohnSham     -3.6237057071        -49.3030454910       
  E_Harris       -3.5928264555        -48.8829117202       
  E_Fermi        0.2482325442         3.3773770301         
  E_gap(k)       0.0004045400         0.0055040494         
 ----------------------------------------------------------


 ++++++++++++++++++++++++++++++++++++++++++++++++++++++++++++++++++++++
 --> #ION MOVE#         1  #ELEC ITER#         3
 ++++++++++++++++++++++++++++++++++++++++++++++++++++++++++++++++++++++
 Average iterative diagonalization steps for k-points is 2.00541
 current threshold of diagonalizaiton is 0.000918959
 Electron density deviation 3.86348e-05
                          Diago Threshold = 0.000918959
 ----------------------------------------------------------
      Energy           Rydberg                 eV          
 ----------------------------------------------------------
  E_KohnSham     -3.6245412436        -49.3144135492       
  E_Harris       -3.6230168820        -49.2936735459       
  E_Fermi        0.2463593049         3.3518903014         
  E_gap(k)       0.0005038622         0.0068553966         
 ----------------------------------------------------------


 ++++++++++++++++++++++++++++++++++++++++++++++++++++++++++++++++++++++
 --> #ION MOVE#         1  #ELEC ITER#         4
 ++++++++++++++++++++++++++++++++++++++++++++++++++++++++++++++++++++++
 Average iterative diagonalization steps for k-points is 5.16972
 current threshold of diagonalizaiton is 9.65869e-07
 Electron density deviation 7.98531e-06
                          Diago Threshold = 9.65869e-07
 ----------------------------------------------------------
      Energy           Rydberg                 eV          
 ----------------------------------------------------------
  E_KohnSham     -3.6247225710        -49.3168806354       
  E_Harris       -3.6241926092        -49.3096701350       
  E_Fermi        0.2464048180         3.3525095396         
  E_gap(k)       0.0005153328         0.0070114630         
 ----------------------------------------------------------


 ++++++++++++++++++++++++++++++++++++++++++++++++++++++++++++++++++++++
 --> #ION MOVE#         1  #ELEC ITER#         5
 ++++++++++++++++++++++++++++++++++++++++++++++++++++++++++++++++++++++
 Average iterative diagonalization steps for k-points is 2.01997
 current threshold of diagonalizaiton is 1.99633e-07
 Electron density deviation 3.62605e-07
                          Diago Threshold = 1.99633e-07
 ----------------------------------------------------------
      Energy           Rydberg                 eV          
 ----------------------------------------------------------
  E_KohnSham     -3.6247244512        -49.3169062159       
  E_Harris       -3.6247940820        -49.3178535925       
  E_Fermi        0.2464276660         3.3528204030         
  E_gap(k)       0.0005187337         0.0070577345         
 ----------------------------------------------------------


 ++++++++++++++++++++++++++++++++++++++++++++++++++++++++++++++++++++++
 --> #ION MOVE#         1  #ELEC ITER#         6
 ++++++++++++++++++++++++++++++++++++++++++++++++++++++++++++++++++++++
 Average iterative diagonalization steps for k-points is 2.85316
 current threshold of diagonalizaiton is 9.06512e-09
 Electron density deviation 2.1298e-08
                          Diago Threshold = 9.06512e-09
 ----------------------------------------------------------
      Energy           Rydberg                 eV          
 ----------------------------------------------------------
  E_KohnSham     -3.6247246117        -49.3169083997       
  E_Harris       -3.6247275597        -49.3169485093       
  E_Fermi        0.2464392257         3.3529776805         
  E_gap(k)       0.0005175853         0.0070421093         
 ----------------------------------------------------------


 ++++++++++++++++++++++++++++++++++++++++++++++++++++++++++++++++++++++
 --> #ION MOVE#         1  #ELEC ITER#         7
 ++++++++++++++++++++++++++++++++++++++++++++++++++++++++++++++++++++++
 Average iterative diagonalization steps for k-points is 2.47005
 current threshold of diagonalizaiton is 5.3245e-10
 Electron density deviation 1.89216e-09
                          Diago Threshold = 5.3245e-10
 ----------------------------------------------------------
      Energy           Rydberg                 eV          
 ----------------------------------------------------------
  E_KohnSham     -3.6247246156        -49.3169084537       
  E_Harris       -3.6247202453        -49.3168489918       
  E_Fermi        0.2464384733         3.3529674426         
  E_gap(k)       0.0005183392         0.0070523664         
 ----------------------------------------------------------


 ++++++++++++++++++++++++++++++++++++++++++++++++++++++++++++++++++++++
 --> #ION MOVE#         1  #ELEC ITER#         8
 ++++++++++++++++++++++++++++++++++++++++++++++++++++++++++++++++++++++
 Average iterative diagonalization steps for k-points is 2.54534
 current threshold of diagonalizaiton is 4.73041e-11
 Electron density deviation 6.98209e-11
                          Diago Threshold = 4.73041e-11
 ----------------------------------------------------------
      Energy           Rydberg                 eV          
 ----------------------------------------------------------
  E_KohnSham     -3.6247246161        -49.3169084595       
  E_KS(sigma->0) -3.6237695413        -49.3039140010       
  E_Harris       -3.6247256929        -49.3169231098       
  E_band         0.1551741527         2.1112526588         
  E_one_elec     2.3614910161         32.1297335949        
  E_Hartree      0.0083088365         0.1130475207         
  E_xc           -1.7081868418        -23.2410742972       
  E_Ewald        -4.2844274774        -58.2926263609       
  E_entropy(-TS) -0.0019101495        -0.0259889171        
  E_descf        0.0000000000         0.0000000000         
  E_localpp      1.0007970014         13.6165417608        
  E_exx          0.0000000000         0.0000000000         
  E_Fermi        0.2464374690         3.3529537792         
  E_gap(k)       0.0005185792         0.0070556320         
 ----------------------------------------------------------

 #SCF IS CONVERGED#
 #TOTAL ENERGY# -49.31690846 eV
 Write eigenvalues and occupations to file: OUT.s1_mg_ksdft_sigma0p00734986/eig_occ.txt



 #TOTAL-FORCE (eV/Angstrom)#
 -------------------------------------------------------------------------
     Atoms              Force_x              Force_y              Force_z 
 -------------------------------------------------------------------------
       Mg1         0.0000000000         0.0000000000        -0.0000047786 
       Mg2         0.0000000000         0.0000000000         0.0000047786 
 -------------------------------------------------------------------------

 #TOTAL-STRESS (kbar)#
 ----------------------------------------------------------------
              Stress_x             Stress_y             Stress_z 
 ----------------------------------------------------------------
        -30.9005001417         0.0000018633         0.0000006028 
          0.0000018633       -30.9004975921        -0.0000000225 
          0.0000006028        -0.0000000225       -26.8154329872 
 ----------------------------------------------------------------
 #TOTAL-PRESSURE# (EXCLUDE KINETIC PART OF IONS): -29.538810 kbar

 --------------------------------------------
 !FINAL_ETOT_IS -49.3169084595395333 eV
 --------------------------------------------



 TIME STATISTICS
-------------------------------------------------------------------
   CLASS_NAME           NAME         TIME/s  CALLS   AVG/s  PER/%  
-------------------------------------------------------------------
                 total               128.01 15       8.53   100.00 
 Driver          atomic_world        128.01 1        128.01 100.00 
 Relax_Driver    relax_driver        127.86 1        127.86 99.88  
 ESolver_KS      runner              127.71 1        127.71 99.77  
 ESolver_KS_PW   before_scf          3.88   1        3.88   3.03   
 PSIPrepare      initialize_psi      3.88   1        3.88   3.03   
 DiagoIterAssist diag_subspace       20.48  19232    0.00   16.00  
 Operator        hPsi                91.55  891563   0.00   71.52  
 Operator        veff_pw             90.28  891563   0.00   70.53  
 PW_Basis_K      recip2real          53.90  1333899  0.00   42.11  
 PW_Basis_K      gathers_copy_pack   2.13   1333899  0.00   1.67   
 PW_Basis_K      gathers_zero_mpi    4.30   1333899  0.00   3.36   
 PW_Basis_K      gathers_copy_unpack 2.06   1333899  0.00   1.61   
 PW_Basis_K      real2recip          41.12  1103115  0.00   32.12  
 PW_Basis_K      gatherp_copy_pack   1.69   1103115  0.00   1.32   
 PW_Basis_K      gatherp_copy_unpack 3.11   1103115  0.00   2.43   
 ESolver_KS_PW   hamilt2rho_single   123.75 8        15.47  96.67  
 HSolverPW       solve               123.75 8        15.47  96.67  
 HSolverPW       solve_psik          112.77 19232    0.01   88.09  
 DiagoCG         diag_once           94.52  19232    0.00   73.84  
 ElecStatePW     psiToRho            10.80  8        1.35   8.43   
-------------------------------------------------------------------


 NAME-------------------------|MEMORY(MB)------------------
                         total       737.6462
                        Psi_PW       629.0251
                  PW_B_K::gcar        78.6281
                   PW_B_K::gk2        26.2094
 -------------   < 1.0 MB has been ignored ----------------
 ----------------------------------------------------------

 Start  Time  : Wed Aug  5 15:20:56 2026
 Finish Time  : Wed Aug  5 15:23:04 2026
 Total  Time  : 0 h 2 mins 8 secs 
