1     # ionic step
 Electronic state energy (eV) and occupations
 Spin number 1
 spin=1 k-point=1/1284 Cartesian=0.0000000 0.0000000 0.0000000 (2479 plane wave)
 1 -3.673771594163601 0.0007812500000000184
 2 1.592905419596458 0.0007812499824952916
 3 2.035159223568746 0.0007812485417268915
 4 14.83012402957407 0.000000000000000
 5 14.83012404246723 0.000000000000000
 6 15.30341031568760 0.000000000000000
 7 15.30341032860444 0.000000000000000
 8 16.19526914885910 0.000000000000000
 9 17.09804512015760 0.000000000000000
 10 18.02598076549402 0.000000000000000
 11 18.63831207501585 0.000000000000000
 12 20.33426719696657 0.000000000000000

 spin=1 k-point=2/1284 Cartesian=0.01947404499283394 0.01124334511882356 0.000000000000000 (2485 plane wave)
 1 -3.598427335554737 0.001562500000000037
 2 1.668536915215278 0.001562499925415497
 3 2.108269194243278 0.001562493941283402
 4 13.15474301201836 0.000000000000000
 5 13.90557608962812 0.000000000000000
 6 14.86332820541178 0.000000000000000
 7 16.37938312658223 0.000000000000000
 8 17.26014895755306 0.000000000000000
 9 18.03421033342040 0.000000000000000
 10 18.04178013119736 0.000000000000000
 11 18.37698872976696 0.000000000000000
 12 18.58740281458858 0.000000000000000

 spin=1 k-point=3/1284 Cartesian=0.03894808998566748 0.02248669023764690 0.000000000000000 (2463 plane wave)
 1 -3.372427424253194 0.001562500000000037
 2 1.895378647783902 0.001562499279207963
 3 2.327032823228731 0.001562445993514607
 4 11.06695413882050 0.000000000000000
 5 12.93016646282389 0.000000000000000
 6 14.01000390498799 0.000000000000000
 7 16.38464808656850 0.000000000000000
 8 16.52994109316543 0.000000000000000
 9 17.80768383638087 0.000000000000000
 10 18.23887298198857 0.000000000000000
 11 18.34545043671313 0.000000000000000
 12 18.34720243938928 0.000000000000000

 spin=1 k-point=4/1284 Cartesian=0.05842213497850103 0.03373003535647023 0.000000000000000 (2479 plane wave)
 1 -2.995877658698171 0.001562500000000037
 2 2.273247119672124 0.001562468459849594
 3 2.689133926400650 0.001560484022306019
 4 9.079069762945837 0.000000000000000
 5 12.09891354443068 0.000000000000000
 6 13.15371678641006 0.000000000000000
 7 14.38510973562132 0.000000000000000
 8 14.79963464495601 0.000000000000000
 9 17.40311859168996 0.000000000000000
 10 17.84441081437709 0.000000000000000
 11 18.35347995387705 0.000000000000000
 12 18.39384482200182 0.000000000000000

 spin=1 k-point=5/1284 Cartesian=0.07789617997133459 0.04497338047529358 0.000000000000000 (2467 plane wave)
 1 -2.468982062872334 0.001562500000000037
 2 2.801724233193583 0.001556301398553635
 3 3.186675904941466 0.001316256482355545
 4 7.235012892059062 0.000000000000000
 5 11.41748172540912 0.000000000000000
 6 12.17833712400393 0.000000000000000
 7 12.51284833999843 0.000000000000000
 8 13.36459543263920 0.000000000000000
 9 16.72127820624000 0.000000000000000
 10 17.16878270837939 0.000000000000000
 11 17.72891718112553 0.000000000000000
 12 18.17840348758956 0.000000000000000

 spin=1 k-point=6/1284 Cartesian=0.09737022496416814 0.05621672559411691 0.000000000000000 (2473 plane wave)
 1 -1.792102289073554 0.001562500000000037
 2 3.479825959729870 0.0003465442291818379
 3 3.772739971992596 2.344154884944950e-05
 4 5.590118572303322 3.046311467222945e-13
 5 10.78446124872606 0.000000000000000
 6 10.85729927460408 0.000000000000000
 7 10.88704586199856 0.000000000000000
 8 12.52630792796314 0.000000000000000
 9 16.19077433244857 0.000000000000000
 10 16.64144163258868 0.000000000000000
 11 17.20099147040851 0.000000000000000
 12 17.91577798916902 0.000000000000000

 spin=1 k-point=7/1284 Cartesian=0.1168442699570017 0.06746007071294025 0.000000000000000 (2457 plane wave)
 1 -0.9658984108276303 0.001562500000000037
 2 3.661416536604871 6.923713821703480e-05
 3 4.304690573529430 1.164893337198851e-07
 4 4.930970508947180 2.220335545726245e-10
 5 9.207586447627113 0.000000000000000
 6 9.435442346414451 0.000000000000000
 7 10.50800678380016 0.000000000000000
 8 12.06645471590244 0.000000000000000
 9 15.81178880148915 0.000000000000000
 10 16.26411464388540 0.000000000000000
 11 16.82099077309593 0.000000000000000
 12 17.68924393314545 0.000000000000000

 spin=1 k-point=8/1284 Cartesian=0.1363183149498352 0.07870341583176359 0.000000000000000 (2449 plane wave)
 1 0.008289882647189785 0.001562500000000032
 2 2.378731054786388 0.001562409435420355
 3 5.262876651200302 8.034673940838574e-12
 4 5.720975976277880 8.231285806517366e-14
 5 7.797635960639131 0.000000000000000
 6 8.106584159946898 0.000000000000000
 7 10.28053434050932 0.000000000000000
 8 11.81475538744932 0.000000000000000
 9 15.58437975357931 0.000000000000000
 10 16.03751696260528 0.000000000000000
 11 16.59258191676749 0.000000000000000
 12 17.54087130077669 0.000000000000000

 spin=1 k-point=9/1284 Cartesian=0.1557923599426688 0.08994676095058692 0.000000000000000 (2460 plane wave)
 1 1.126764779872638 0.0007812499998345436
 2 1.127520635232413 0.0007812499998332882
 3 6.083865855481471 1.092512913464148e-15
 4 6.512418683699962 0.000000000000000
 5 6.825977941746513 0.000000000000000
 6 7.162600419941998 0.000000000000000
 7 10.20470304616525 0.000000000000000
 8 11.73317014652522 0.000000000000000
 9 15.50857401846647 0.000000000000000
 10 15.96195538093423 0.000000000000000
 11 16.51640801995407 0.000000000000000
 12 17.48961104530954 0.000000000000000

 spin=1 k-point=10/1284 Cartesian=0.000000000000000 0.02248669023764713 0.000000000000000 (2485 plane wave)
 1 -3.598427335553480 0.001562500000000037
 2 1.668536915211559 0.001562499925415497
 3 2.108269194254190 0.001562493941283401
 4 13.15474301342988 0.000000000000000
 5 13.90557608639120 0.000000000000000
 6 14.86332820791100 0.000000000000000
 7 16.37938312578637 0.000000000000000
 8 17.26014895536278 0.000000000000000
 9 18.03421033631654 0.000000000000000
 10 18.04178013090144 0.000000000000000
 11 18.37698873005827 0.000000000000000
 12 18.58740281744269 0.000000000000000

 spin=1 k-point=11/1284 Cartesian=0.01947404499283394 0.03373003535647069 0.000000000000000 (2465 plane wave)
 1 -3.447755029808429 0.001562500000000037
 2 1.819774253374524 0.001562499661573574
 3 2.254222256680105 0.001562473923978630
 4 12.13753298776834 0.000000000000000
 5 12.14819164980616 0.000000000000000
 6 15.55969061221007 0.000000000000000
 7 16.04858740836482 0.000000000000000
 8 17.19604978408413 0.000000000000000
 9 17.46412341776568 0.000000000000000
 10 17.50028322105176 0.000000000000000
 11 17.96119733730177 0.000000000000000
 12 18.32102642039530 0.000000000000000

 spin=1 k-point=12/1284 Cartesian=0.03894808998566748 0.04497338047529403 0.000000000000000 (2473 plane wave)
 1 -3.146478272624940 0.001562500000000037
 2 2.122136209868266 0.001562493040082579
 3 2.544840071301637 0.001562023290839522
 4 10.10749396647907 0.000000000000000
 5 11.25104677048853 0.000000000000000
 6 14.84795593834465 0.000000000000000
 7 15.37930641365034 0.000000000000000
 8 15.74243261232416 0.000000000000000
 9 16.64873473063647 0.000000000000000
 10 16.81600870870347 0.000000000000000
 11 17.38676687224507 0.000000000000000
 12 18.59763375911712 0.000000000000000

 spin=1 k-point=13/1284 Cartesian=0.05842213497850103 0.05621672559411736 0.000000000000000 (2472 plane wave)
 1 -2.694747980258124 0.001562500000000037
 2 2.575340524064539 0.001561853351816508
 3 2.975935965456268 0.001527758635002139
 4 8.190464503896226 0.000000000000000
 5 10.49576418405791 0.000000000000000
 6 13.47224006854633 0.000000000000000
 7 13.55247395221786 0.000000000000000
 8 14.55632609111124 0.000000000000000
 9 15.99553045437103 0.000000000000000
 10 16.01902272099987 0.000000000000000
 11 18.84828821643236 0.000000000000000
 12 19.02384735037140 0.000000000000000

 spin=1 k-point=14/1284 Cartesian=0.07789617997133459 0.06746007071294070 0.000000000000000 (2469 plane wave)
 1 -2.092837295126967 0.001562500000000037
 2 3.178752050895565 0.001332251128194386
 3 3.530427617332564 0.0002291072001971070
 4 6.432905996897543 0.000000000000000
 5 9.873201765640228 0.000000000000000
 6 11.67958503340432 0.000000000000000
 7 11.96372079937939 0.000000000000000
 8 13.88342282640554 0.000000000000000
 9 15.39982705498047 0.000000000000000
 10 15.43097852287083 0.000000000000000
 11 19.01719940503727 0.000000000000000
 12 19.03097581983952 0.000000000000000

 spin=1 k-point=15/1284 Cartesian=0.09737022496416814 0.07870341583176405 0.000000000000000 (2459 plane wave)
 1 -1.341231913928937 0.001562500000000037
 2 3.930752680969736 4.885965511277567e-06
 3 4.016313821017819 2.080388978646629e-06
 4 5.031572958958034 8.119095592674482e-11
 5 9.341193848227572 0.000000000000000
 6 10.02933551663560 0.000000000000000
 7 10.48762078908726 0.000000000000000
 8 13.42014507261722 0.000000000000000
 9 14.93916233568312 0.000000000000000
 10 14.99953936626159 0.000000000000000
 11 18.60049121107392 0.000000000000000
 12 18.82248823845255 0.000000000000000

 spin=1 k-point=16/1284 Cartesian=0.1168442699570017 0.08994676095058737 0.000000000000000 (2457 plane wave)
 1 -0.4408561273465428 0.001562500000000037
 2 3.093669815424495 0.001455101743516931
 3 4.825680660077637 6.363361736736509e-10
 4 5.323128755905538 4.398419299121236e-12
 5 8.533754273710954 0.000000000000000
 6 8.604881264039591 0.000000000000000
 7 9.493488422946673 0.000000000000000
 8 13.11716054315386 0.000000000000000
 9 14.63299694566144 0.000000000000000
 10 14.70941293850920 0.000000000000000
 11 18.30162176964497 0.000000000000000
 12 18.64927275623431 0.000000000000000

 spin=1 k-point=17/1284 Cartesian=0.1363183149498352 0.1011901060694107 0.000000000000000 (2454 plane wave)
 1 0.6062503511135341 0.001562499999998220
 2 1.794198402595618 0.001562499737946635
 3 5.819719979046825 3.066393045196452e-14
 4 6.241040728293020 0.000000000000000
 5 7.238977257145344 0.000000000000000
 6 7.505012115873076 0.000000000000000
 7 9.194532278159928 0.000000000000000
 8 12.96653660691905 0.000000000000000
 9 14.48011008047719 0.000000000000000
 10 14.56375234440530 0.000000000000000
 11 18.15124309845501 0.000000000000000
 12 18.55301947044822 0.000000000000000

 spin=1 k-point=18/1284 Cartesian=0.1557923599426688 0.1124334511882340 0.000000000000000 (2454 plane wave)
 1 0.6062503510942355 0.001562499999998220
 2 1.794198402627007 0.001562499737946635
 3 5.819719978906231 3.066393049507639e-14
 4 6.241040728242726 0.000000000000000
 5 7.238977257346943 0.000000000000000
 6 7.505012115987405 0.000000000000000
 7 9.194532278053682 0.000000000000000
 8 12.96653660694974 0.000000000000000
 9 14.48011008039134 0.000000000000000
 10 14.56375234442371 0.000000000000000
 11 18.15124309848126 0.000000000000000
 12 18.55301947038935 0.000000000000000

 spin=1 k-point=19/1284 Cartesian=0.1363183149498352 0.05621672559411737 0.000000000000000 (2457 plane wave)
 1 -0.4408561273598718 0.001562500000000037
 2 3.093669815490264 0.001455101743451151
 3 4.825680659953679 6.363361744624373e-10
 4 5.323128755827153 4.398419302568919e-12
 5 8.533754274025299 0.000000000000000
 6 8.604881264380882 0.000000000000000
 7 9.493488422515272 0.000000000000000
 8 13.11716054325444 0.000000000000000
 9 14.63299694535028 0.000000000000000
 10 14.70941293857512 0.000000000000000
 11 18.30162176976699 0.000000000000000
 12 18.64927275599530 0.000000000000000

 spin=1 k-point=20/1284 Cartesian=0.1168442699570017 0.04497338047529403 0.000000000000000 (2459 plane wave)
 1 -1.341231913938605 0.001562500000000037
 2 3.930752680874466 4.885965515917846e-06
 3 4.016313821169103 2.080388975503539e-06
 4 5.031572958799978 8.119095605507254e-11
 5 9.341193848548178 0.000000000000000
 6 10.02933551711283 0.000000000000000
 7 10.48762078858487 0.000000000000000
 8 13.42014507281139 0.000000000000000
 9 14.93916233510086 0.000000000000000
 10 14.99953936641677 0.000000000000000
 11 18.60049121134776 0.000000000000000
 12 18.82248823789064 0.000000000000000

 spin=1 k-point=21/1284 Cartesian=0.09737022496416814 0.03373003535647069 0.000000000000000 (2469 plane wave)
 1 -2.092837295134030 0.001562500000000037
 2 3.178752050819561 0.001332251128343597
 3 3.530427617388175 0.0002291072000883781
 4 6.432905996838028 0.000000000000000
 5 9.873201765772238 0.000000000000000
 6 11.67958503414982 0.000000000000000
 7 11.96372079894656 0.000000000000000
 8 13.88342282666379 0.000000000000000
 9 15.39982705398277 0.000000000000000
 10 15.43097852315375 0.000000000000000
 11 19.01719940402071 0.000000000000000
 12 19.03097582011156 0.000000000000000

 spin=1 k-point=22/1284 Cartesian=0.07789617997133459 0.02248669023764736 0.000000000000000 (2472 plane wave)
 1 -2.694747980263260 0.001562500000000037
 2 2.575340524012329 0.001561853351816846
 3 2.975935965485373 0.001527758634992252
 4 8.190464503850865 0.000000000000000
 5 10.49576418408913 0.000000000000000
 6 13.47224006984855 0.000000000000000
 7 13.55247395180001 0.000000000000000
 8 14.55632609153138 0.000000000000000
 9 15.99553045478979 0.000000000000000
 10 16.01902271930016 0.000000000000000
 11 18.84828821709192 0.000000000000000
 12 19.02384735033383 0.000000000000000

 spin=1 k-point=23/1284 Cartesian=0.05842213497850103 0.01124334511882402 0.000000000000000 (2473 plane wave)
 1 -3.146478272628427 0.001562500000000037
 2 2.122136209819249 0.001562493040082583
 3 2.544840071319218 0.001562023290839438
 4 10.10749396646382 0.000000000000000
 5 11.25104677045582 0.000000000000000
 6 14.84795593866280 0.000000000000000
 7 15.37930641643106 0.000000000000000
 8 15.74243261221711 0.000000000000000
 9 16.64873473138189 0.000000000000000
 10 16.81600870516717 0.000000000000000
 11 17.38676687166292 0.000000000000000
 12 18.59763375931352 0.000000000000000

 spin=1 k-point=24/1284 Cartesian=0.03894808998566748 0.000000000000000 0.000000000000000 (2465 plane wave)
 1 -3.447755029810422 0.001562500000000037
 2 1.819774253360476 0.001562499661573574
 3 2.254222256689798 0.001562473923978627
 4 12.13753298193937 0.000000000000000
 5 12.14819165551567 0.000000000000000
 6 15.55969061414462 0.000000000000000
 7 16.04858740661366 0.000000000000000
 8 17.19604979040955 0.000000000000000
 9 17.46412342041272 0.000000000000000
 10 17.50028321898384 0.000000000000000
 11 17.96119732990173 0.000000000000000
 12 18.32102642034360 0.000000000000000

 spin=1 k-point=25/1284 Cartesian=-0.01947404499283316 0.01124334511882402 0.000000000000000 (2485 plane wave)
 1 -3.598427335554205 0.001562500000000037
 2 1.668536915204810 0.001562499925415497
 3 2.108269194257332 0.001562493941283400
 4 13.15474301285185 0.000000000000000
 5 13.90557608782207 0.000000000000000
 6 14.86332820637734 0.000000000000000
 7 16.37938312891683 0.000000000000000
 8 17.26014895119175 0.000000000000000
 9 18.03421033893547 0.000000000000000
 10 18.04178013133892 0.000000000000000
 11 18.37698873023662 0.000000000000000
 12 18.58740281998928 0.000000000000000

 spin=1 k-point=26/1284 Cartesian=0.000000000000000 0.04497338047529380 0.000000000000000 (2463 plane wave)
 1 -3.372427424248137 0.001562500000000037
 2 1.895378647767464 0.001562499279207963
 3 2.327032823274907 0.001562445993514582
 4 11.06695413948640 0.000000000000000
 5 12.93016646019006 0.000000000000000
 6 14.01000390736686 0.000000000000000
 7 16.38464808765255 0.000000000000000
 8 16.52994109149765 0.000000000000000
 9 17.80768383505780 0.000000000000000
 10 18.23887297854404 0.000000000000000
 11 18.34545043773669 0.000000000000000
 12 18.34720243861796 0.000000000000000

 spin=1 k-point=27/1284 Cartesian=0.01947404499283394 0.05621672559411736 0.000000000000000 (2473 plane wave)
 1 -3.146478272621152 0.001562500000000037
 2 2.122136209841566 0.001562493040082581
 3 2.544840071338895 0.001562023290839344
 4 10.10749396710461 0.000000000000000
 5 11.25104676944484 0.000000000000000
 6 14.84795593896051 0.000000000000000
 7 15.37930641420628 0.000000000000000
 8 15.74243261172156 0.000000000000000
 9 16.64873473051174 0.000000000000000
 10 16.81600870821734 0.000000000000000
 11 17.38676687166895 0.000000000000000
 12 18.59763375919980 0.000000000000000

 spin=1 k-point=28/1284 Cartesian=0.03894808998566748 0.06746007071294069 0.000000000000000 (2467 plane wave)
 1 -2.770015712902213 0.001562500000000037
 2 2.499854549746622 0.001562195959234924
 3 2.905141974865431 0.001545189113825042
 4 9.255280089233173 0.000000000000000
 5 9.320421475605334 0.000000000000000
 6 14.27572288392593 0.000000000000000
 7 14.58696676873215 0.000000000000000
 8 15.01525477041596 0.000000000000000
 9 15.07308696531241 0.000000000000000
 10 16.28343079252022 0.000000000000000
 11 16.93537850838567 0.000000000000000
 12 18.97386415681868 0.000000000000000

 spin=1 k-point=29/1284 Cartesian=0.05842213497850103 0.07870341583176403 0.000000000000000 (2465 plane wave)
 1 -2.243247735866394 0.001562500000000037
 2 3.028100048456645 0.001504845931611342
 3 3.399760113162871 0.0006066620268024639
 4 7.448272968096186 0.000000000000000
 5 8.613553408421463 0.000000000000000
 6 12.66436997217345 0.000000000000000
 7 12.98895097032267 0.000000000000000
 8 14.12179926106174 0.000000000000000
 9 14.24966884833141 0.000000000000000
 10 15.93673989747880 0.000000000000000
 11 18.27523953195585 0.000000000000000
 12 19.49894294383061 0.000000000000000

 spin=1 k-point=30/1284 Cartesian=0.07789617997133459 0.08994676095058737 0.000000000000000 (2463 plane wave)
 1 -1.566541377541919 0.001562500000000037
 2 3.705868408985639 4.510749434755139e-05
 3 3.982808593498706 2.906871590452334e-06
 4 5.803222683698194 3.616385190980915e-14
 5 8.080133294026524 0.000000000000000
 6 10.98177372909642 0.000000000000000
 7 11.36981299241752 0.000000000000000
 8 13.54053485327130 0.000000000000000
 9 13.73703273000065 0.000000000000000
 10 15.45763269054206 0.000000000000000
 11 19.97784610204130 0.000000000000000
 12 20.15591807123831 0.000000000000000

 spin=1 k-point=31/1284 Cartesian=0.09737022496416814 0.1011901060694107 0.000000000000000 (2463 plane wave)
 1 -0.7405625447621870 0.001562500000000037
 2 3.885130760516707 7.696611326632600e-06
 3 4.530294936111002 1.220471410521460e-08
 4 5.119041874803844 3.385594183792782e-11
 5 7.680197705138845 0.000000000000000
 6 9.419089771353875 0.000000000000000
 7 9.896059017883708 0.000000000000000
 8 13.14460205909552 0.000000000000000
 9 13.37247267417653 0.000000000000000
 10 15.10232512562837 0.000000000000000
 11 20.31798225346268 0.000000000000000
 12 20.38213663448488 0.000000000000000

 spin=1 k-point=32/1284 Cartesian=0.1168442699570017 0.1124334511882340 0.000000000000000 (2450 plane wave)
 1 0.2333467444371718 0.001562499999999993
 2 2.603242144175368 0.001561645355606257
 3 5.488160839146063 8.444447161874145e-13
 4 5.880856935203135 1.663846774767861e-14
 5 7.353767048208365 0.000000000000000
 6 8.014593604031576 0.000000000000000
 7 8.666616060994984 0.000000000000000
 8 12.91033379944252 0.000000000000000
 9 13.15344168080120 0.000000000000000
 10 14.88652949423840 0.000000000000000
 11 20.17836255619841 0.000000000000000
 12 20.28024061316259 0.000000000000000

 spin=1 k-point=33/1284 Cartesian=0.1363183149498352 0.1236767963070574 0.000000000000000 (2456 plane wave)
 1 1.349526569497941 0.001562499996929572
 2 1.354253549498856 0.001562499996780946
 3 6.311693205787544 0.000000000000000
 4 6.727467797762063 0.000000000000000
 5 6.832328188946576 0.000000000000000
 6 7.041769994453637 0.000000000000000
 7 8.106317046955063 0.000000000000000
 8 12.83260366396356 0.000000000000000
 9 13.08035839755925 0.000000000000000
 10 14.81427455617693 0.000000000000000
 11 20.10564669615718 0.000000000000000
 12 20.25584509014847 0.000000000000000

 spin=1 k-point=34/1284 Cartesian=0.1557923599426688 0.1349201414258807 0.000000000000000 (2450 plane wave)
 1 0.2333467444047678 0.001562499999999993
 2 2.603242144270716 0.001561645355605443
 3 5.488160838837043 8.444447187969117e-13
 4 5.880856934922175 1.663846779442604e-14
 5 7.353767048842095 0.000000000000000
 6 8.014593604648100 0.000000000000000
 7 8.666616060431405 0.000000000000000
 8 12.91033379908515 0.000000000000000
 9 13.15344168094258 0.000000000000000
 10 14.88652949429419 0.000000000000000
 11 20.17836255627652 0.000000000000000
 12 20.28024061277690 0.000000000000000

 spin=1 k-point=35/1284 Cartesian=0.1363183149498352 0.03373003535647069 0.000000000000000 (2463 plane wave)
 1 -0.7405625447849962 0.001562500000000037
 2 3.885130760813436 7.696611303906960e-06
 3 4.530294935873153 1.220471413424317e-08
 4 5.119041874398667 3.385594197510445e-11
 5 7.680197705579956 0.000000000000000
 6 9.419089772302756 0.000000000000000
 7 9.896059017280871 0.000000000000000
 8 13.14460205829477 0.000000000000000
 9 13.37247267449169 0.000000000000000
 10 15.10232512577751 0.000000000000000
 11 20.31798225259203 0.000000000000000
 12 20.38213663447884 0.000000000000000

 spin=1 k-point=36/1284 Cartesian=0.1168442699570017 0.02248669023764735 0.000000000000000 (2463 plane wave)
 1 -1.566541377558432 0.001562500000000037
 2 3.705868408805121 4.510749442662789e-05
 3 3.982808593701822 2.906871584559002e-06
 4 5.803222683382129 3.616385202411083e-14
 5 8.080133294362492 0.000000000000000
 6 10.98177373072413 0.000000000000000
 7 11.36981299166202 0.000000000000000
 8 13.54053485170110 0.000000000000000
 9 13.73703273059584 0.000000000000000
 10 15.45763269086608 0.000000000000000
 11 19.97784610335626 0.000000000000000
 12 20.15591807084302 0.000000000000000

 spin=1 k-point=37/1284 Cartesian=0.09737022496416814 0.01124334511882402 0.000000000000000 (2465 plane wave)
 1 -2.243247735878454 0.001562500000000037
 2 3.028100048325443 0.001504845931684195
 3 3.399760113248767 0.0006066620264836867
 4 7.448272967782316 0.000000000000000
 5 8.613553408813178 0.000000000000000
 6 12.66436997536267 0.000000000000000
 7 12.98895096903966 0.000000000000000
 8 14.12179925775897 0.000000000000000
 9 14.24966884959352 0.000000000000000
 10 15.93673989810570 0.000000000000000
 11 18.27523953140217 0.000000000000000
 12 19.49894294361667 0.000000000000000

 spin=1 k-point=38/1284 Cartesian=0.07789617997133459 0.000000000000000 0.000000000000000 (2467 plane wave)
 1 -2.770015712910660 0.001562500000000037
 2 2.499854549659323 0.001562195959235189
 3 2.905141974914739 0.001545189113816601
 4 9.255280083535544 0.000000000000000
 5 9.320421481381112 0.000000000000000
 6 14.27572289064976 0.000000000000000
 7 14.58696676508891 0.000000000000000
 8 15.01525477408448 0.000000000000000
 9 15.07308695841673 0.000000000000000
 10 16.28343079496077 0.000000000000000
 11 16.93537850593183 0.000000000000000
 12 18.97386415677025 0.000000000000000

 spin=1 k-point=39/1284 Cartesian=0.05842213497850103 -0.01124334511882266 0.000000000000000 (2473 plane wave)
 1 -3.146478272626457 0.001562500000000037
 2 2.122136209797667 0.001562493040082584
 3 2.544840071367776 0.001562023290839207
 4 10.10749396666928 0.000000000000000
 5 11.25104677010337 0.000000000000000
 6 14.84795593852657 0.000000000000000
 7 15.37930641830878 0.000000000000000
 8 15.74243261129364 0.000000000000000
 9 16.64873473239402 0.000000000000000
 10 16.81600870380037 0.000000000000000
 11 17.38676687112205 0.000000000000000
 12 18.59763375899139 0.000000000000000

 spin=1 k-point=40/1284 Cartesian=-0.03894808998566670 0.02248669023764735 0.000000000000000 (2463 plane wave)
 1 -3.372427424250777 0.001562500000000037
 2 1.895378647740806 0.001562499279207963
 3 2.327032823288500 0.001562445993514575
 4 11.06695413905576 0.000000000000000
 5 12.93016646201973 0.000000000000000
 6 14.01000390563992 0.000000000000000
 7 16.38464809005820 0.000000000000000
 8 16.52994109154864 0.000000000000000
 9 17.80768383744108 0.000000000000000
 10 18.23887298226970 0.000000000000000
 11 18.34545043725674 0.000000000000000
 12 18.34720243599718 0.000000000000000

 spin=1 k-point=41/1284 Cartesian=-0.01947404499283316 0.03373003535647068 0.000000000000000 (2465 plane wave)
 1 -3.447755029806725 0.001562500000000037
 2 1.819774253337123 0.001562499661573574
 3 2.254222256723285 0.001562473923978618
 4 12.13753297498212 0.000000000000000
 5 12.14819166277853 0.000000000000000
 6 15.55969061223296 0.000000000000000
 7 16.04858740733284 0.000000000000000
 8 17.19604979354019 0.000000000000000
 9 17.46412342626836 0.000000000000000
 10 17.50028320941376 0.000000000000000
 11 17.96119732559362 0.000000000000000
 12 18.32102642169647 0.000000000000000

 spin=1 k-point=42/1284 Cartesian=0.000000000000000 0.06746007071294047 0.000000000000000 (2479 plane wave)
 1 -2.995877658686588 0.001562500000000037
 2 2.273247119636923 0.001562468459849605
 3 2.689133926515182 0.001560484022303713
 4 9.079069763350136 0.000000000000000
 5 12.09891354198212 0.000000000000000
 6 13.15371678857210 0.000000000000000
 7 14.38510973662419 0.000000000000000
 8 14.79963464326326 0.000000000000000
 9 17.40311858833669 0.000000000000000
 10 17.84441081323154 0.000000000000000
 11 18.35347995485830 0.000000000000000
 12 18.39384482610152 0.000000000000000

 spin=1 k-point=43/1284 Cartesian=0.01947404499283394 0.07870341583176403 0.000000000000000 (2472 plane wave)
 1 -2.694747980247544 0.001562500000000037
 2 2.575340524023317 0.001561853351816774
 3 2.975935965569670 0.001527758634963617
 4 8.190464504286554 0.000000000000000
 5 10.49576418311930 0.000000000000000
 6 13.47224006928153 0.000000000000000
 7 13.55247395157989 0.000000000000000
 8 14.55632609119100 0.000000000000000
 9 15.99553045408337 0.000000000000000
 10 16.01902272050204 0.000000000000000
 11 18.84828821609858 0.000000000000000
 12 19.02384735118483 0.000000000000000

 spin=1 k-point=44/1284 Cartesian=0.03894808998566748 0.08994676095058736 0.000000000000000 (2465 plane wave)
 1 -2.243247735859512 0.001562500000000037
 2 3.028100048426625 0.001504845931628012
 3 3.399760113246713 0.0006066620264913107
 4 7.448272968452668 0.000000000000000
 5 8.613553407919872 0.000000000000000
 6 12.66436997272437 0.000000000000000
 7 12.98895096931947 0.000000000000000
 8 14.12179926057545 0.000000000000000
 9 14.24966884882398 0.000000000000000
 10 15.93673989781352 0.000000000000000
 11 18.27523953160586 0.000000000000000
 12 19.49894294379184 0.000000000000000

 spin=1 k-point=45/1284 Cartesian=0.05842213497850103 0.1011901060694107 0.000000000000000 (2465 plane wave)
 1 -1.641661705574966 0.001562500000000037
 2 3.630834152713386 9.253929935969291e-05
 3 3.940998912348121 4.411475240611593e-06
 4 6.783350743839189 0.000000000000000
 5 6.942388038817440 0.000000000000000
 6 11.77627698009799 0.000000000000000
 7 12.20503046628927 0.000000000000000
 8 12.59590841276981 0.000000000000000
 9 12.77457047970060 0.000000000000000
 10 17.40313883315021 0.000000000000000
 11 18.00774573733526 0.000000000000000
 12 20.10630211844051 0.000000000000000

 spin=1 k-point=46/1284 Cartesian=0.07789617997133459 0.1124334511882340 0.000000000000000 (2445 plane wave)
 1 -0.8904908714161199 0.001562500000000037
 2 4.381854285610362 5.385000488270247e-08
 3 4.426299916487228 3.452758063408619e-08
 4 5.408812714659731 1.867135485247494e-12
 5 6.462678473106219 0.000000000000000
 6 10.39564097074111 0.000000000000000
 7 10.83381312243606 0.000000000000000
 8 11.86469025901649 0.000000000000000
 9 12.13971097961433 0.000000000000000
 10 17.25646143382104 0.000000000000000
 11 19.60902897707561 0.000000000000000
 12 20.85906447603580 0.000000000000000

 spin=1 k-point=47/1284 Cartesian=0.09737022496416814 0.1236767963070574 0.000000000000000 (2446 plane wave)
 1 0.009324557588884312 0.001562500000000032
 2 3.541624125701364 0.0002080707890504192
 3 5.275551180243472 7.078210330957567e-12
 4 5.480522367208351 9.114748563158187e-13
 5 6.324527954578651 0.000000000000000
 6 8.949502366675492 0.000000000000000
 7 9.444086090905222 0.000000000000000
 8 11.50917095776784 0.000000000000000
 9 11.82158687423284 0.000000000000000
 10 16.99402051591111 0.000000000000000
 11 21.51878548991089 0.000000000000000
 12 21.74091834827822 0.000000000000000

 spin=1 k-point=48/1284 Cartesian=0.1168442699570017 0.1349201414258807 0.000000000000000 (2456 plane wave)
 1 1.055735800002099 0.001562499999837375
 2 2.242994356193455 0.001562476693345737
 3 5.691674672470331 1.103371236457429e-13
 4 6.270287817211879 0.000000000000000
 5 6.793928035264851 0.000000000000000
 6 7.666759757700071 0.000000000000000
 7 8.286973991715335 0.000000000000000
 8 11.34302235072100 0.000000000000000
 9 11.66848850741144 0.000000000000000
 10 16.85699116732118 0.000000000000000
 11 22.01353224138243 0.000000000000000
 12 22.18662425525126 0.000000000000000

 spin=1 k-point=49/1284 Cartesian=0.1363183149498352 0.1461634865447040 0.000000000000000 (2456 plane wave)
 1 1.055735799938324 0.001562499999837375
 2 2.242994356310201 0.001562476693345710
 3 5.691674672067387 1.103371240903403e-13
 4 6.270287816623804 0.000000000000000
 5 6.793928036051876 0.000000000000000
 6 7.666759758643987 0.000000000000000
 7 8.286973991127113 0.000000000000000
 8 11.34302235036583 0.000000000000000
 9 11.66848850757760 0.000000000000000
 10 16.85699116737209 0.000000000000000
 11 22.01353224095347 0.000000000000000
 12 22.18662425524431 0.000000000000000

 spin=1 k-point=50/1284 Cartesian=0.1557923599426688 0.1574068316635274 0.000000000000000 (2446 plane wave)
 1 0.009324557547108932 0.001562500000000032
 2 3.541624126029959 0.0002080707884577537
 3 5.275551179756517 7.078210365425253e-12
 4 5.480522365906880 9.114748681784088e-13
 5 6.324527956011860 0.000000000000000
 6 8.949502368369190 0.000000000000000
 7 9.444086089951055 0.000000000000000
 8 11.50917095651442 0.000000000000000
 9 11.82158687481012 0.000000000000000
 10 16.99402051610239 0.000000000000000
 11 21.51878549204690 0.000000000000000
 12 21.74091834847306 0.000000000000000

 spin=1 k-point=51/1284 Cartesian=0.1363183149498352 0.01124334511882402 0.000000000000000 (2445 plane wave)
 1 -0.8904908714454908 0.001562500000000037
 2 4.381854285251519 5.385000507593274e-08
 3 4.426299917398787 3.452758031935345e-08
 4 5.408812712752788 1.867135520852708e-12
 5 6.462678474460658 0.000000000000000
 6 10.39564097410260 0.000000000000000
 7 10.83381312073476 0.000000000000000
 8 11.86469025595700 0.000000000000000
 9 12.13971098108081 0.000000000000000
 10 17.25646143434303 0.000000000000000
 11 19.60902897693398 0.000000000000000
 12 20.85906447577665 0.000000000000000

 spin=1 k-point=52/1284 Cartesian=0.1168442699570017 0.000000000000000 0.000000000000000 (2465 plane wave)
 1 -1.641661705596319 0.001562500000000037
 2 3.630834152451514 9.253929958767565e-05
 3 3.940998912588231 4.411475230049090e-06
 4 6.783350738220605 0.000000000000000
 5 6.942388044495019 0.000000000000000
 6 11.77627698684629 0.000000000000000
 7 12.20503046225098 0.000000000000000
 8 12.59590840614929 0.000000000000000
 9 12.77457048364774 0.000000000000000
 10 17.40313883547924 0.000000000000000
 11 18.00774573491184 0.000000000000000
 12 20.10630211836927 0.000000000000000

 spin=1 k-point=53/1284 Cartesian=0.09737022496416814 -0.01124334511882265 0.000000000000000 (2465 plane wave)
 1 -2.243247735874726 0.001562500000000037
 2 3.028100048240983 0.001504845931731092
 3 3.399760113361002 0.0006066620260671657
 4 7.448272967847792 0.000000000000000
 5 8.613553408698779 0.000000000000000
 6 12.66436997697997 0.000000000000000
 7 12.98895096735615 0.000000000000000
 8 14.12179925638127 0.000000000000000
 9 14.24966885092964 0.000000000000000
 10 15.93673989820554 0.000000000000000
 11 18.27523953092050 0.000000000000000
 12 19.49894294359279 0.000000000000000

 spin=1 k-point=54/1284 Cartesian=0.07789617997133459 -0.02248669023764599 0.000000000000000 (2472 plane wave)
 1 -2.694747980257846 0.001562500000000037
 2 2.575340523897574 0.001561853351817587
 3 2.975935965635303 0.001527758634941322
 4 8.190464503969354 0.000000000000000
 5 10.49576418382381 0.000000000000000
 6 13.47224007192186 0.000000000000000
 7 13.55247395057578 0.000000000000000
 8 14.55632609095475 0.000000000000000
 9 15.99553045585886 0.000000000000000
 10 16.01902271790458 0.000000000000000
 11 18.84828821600057 0.000000000000000
 12 19.02384735017410 0.000000000000000

 spin=1 k-point=55/1284 Cartesian=-0.05842213497850025 0.03373003535647068 0.000000000000000 (2479 plane wave)
 1 -2.995877658692546 0.001562500000000037
 2 2.273247119569761 0.001562468459849626
 3 2.689133926550660 0.001560484022302999
 4 9.079069763027194 0.000000000000000
 5 12.09891354396286 0.000000000000000
 6 13.15371678674758 0.000000000000000
 7 14.38510973852481 0.000000000000000
 8 14.79963464265390 0.000000000000000
 9 17.40311859172887 0.000000000000000
 10 17.84441081319448 0.000000000000000
 11 18.35347995121570 0.000000000000000
 12 18.39384482227342 0.000000000000000

 spin=1 k-point=56/1284 Cartesian=-0.03894808998566670 0.04497338047529402 0.000000000000000 (2473 plane wave)
 1 -3.146478272620149 0.001562500000000037
 2 2.122136209766761 0.001562493040082586
 3 2.544840071426114 0.001562023290838929
 4 10.10749396630507 0.000000000000000
 5 11.25104677086647 0.000000000000000
 6 14.84795593753188 0.000000000000000
 7 15.37930641986774 0.000000000000000
 8 15.74243260856859 0.000000000000000
 9 16.64873473432615 0.000000000000000
 10 16.81600870164002 0.000000000000000
 11 17.38676686893391 0.000000000000000
 12 18.59763375995984 0.000000000000000

 spin=1 k-point=57/1284 Cartesian=-0.01947404499283316 0.05621672559411735 0.000000000000000 (2473 plane wave)
 1 -3.146478272618203 0.001562500000000037
 2 2.122136209795374 0.001562493040082584
 3 2.544840071414805 0.001562023290838982
 4 10.10749396671890 0.000000000000000
 5 11.25104677017958 0.000000000000000
 6 14.84795593836235 0.000000000000000
 7 15.37930641858909 0.000000000000000
 8 15.74243260873161 0.000000000000000
 9 16.64873473317039 0.000000000000000
 10 16.81600870260470 0.000000000000000
 11 17.38676686902136 0.000000000000000
 12 18.59763375972689 0.000000000000000

 spin=1 k-point=58/1284 Cartesian=0.000000000000000 0.08994676095058715 0.000000000000000 (2467 plane wave)
 1 -2.468982062851041 0.001562500000000037
 2 2.801724233116023 0.001556301398558423
 3 3.186675905179563 0.001316256481861645
 4 7.235012892303631 0.000000000000000
 5 11.41748172302889 0.000000000000000
 6 12.17833712517393 0.000000000000000
 7 12.51284834091333 0.000000000000000
 8 13.36459543177491 0.000000000000000
 9 16.72127820275687 0.000000000000000
 10 17.16878270732638 0.000000000000000
 11 17.72891718116054 0.000000000000000
 12 18.17840349286595 0.000000000000000

 spin=1 k-point=59/1284 Cartesian=0.01947404499283394 0.1011901060694107 0.000000000000000 (2469 plane wave)
 1 -2.092837295106284 0.001562500000000037
 2 3.178752050795250 0.001332251128391323
 3 3.530427617593796 0.0002291071996863628
 4 6.432905997137457 0.000000000000000
 5 9.873201764848170 0.000000000000000
 6 11.67958503416993 0.000000000000000
 7 11.96372079802803 0.000000000000000
 8 13.88342282675887 0.000000000000000
 9 15.39982705445513 0.000000000000000
 10 15.43097852234395 0.000000000000000
 11 19.01719940624517 0.000000000000000
 12 19.03097581940090 0.000000000000000

 spin=1 k-point=60/1284 Cartesian=0.03894808998566748 0.1124334511882340 0.000000000000000 (2463 plane wave)
 1 -1.566541377524463 0.001562500000000037
 2 3.705868408886170 4.510749439112400e-05
 3 3.982808593770462 2.906871582567429e-06
 4 5.803222683881545 3.616385184350252e-14
 5 8.080133293634244 0.000000000000000
 6 10.98177372985401 0.000000000000000
 7 11.36981299096376 0.000000000000000
 8 13.54053485272068 0.000000000000000
 9 13.73703273043375 0.000000000000000
 10 15.45763269081396 0.000000000000000
 11 19.97784610137110 0.000000000000000
 12 20.15591807105003 0.000000000000000

 spin=1 k-point=61/1284 Cartesian=0.05842213497850103 0.1236767963070574 0.000000000000000 (2445 plane wave)
 1 -0.8904908714054193 0.001562500000000037
 2 4.381854285529005 5.385000492651188e-08
 3 4.426299916783238 3.452758053188312e-08
 4 5.408812714584527 1.867135486651645e-12
 5 6.462678473040691 0.000000000000000
 6 10.39564097139059 0.000000000000000
 7 10.83381312101481 0.000000000000000
 8 11.86469025846625 0.000000000000000
 9 12.13971098055115 0.000000000000000
 10 17.25646143390608 0.000000000000000
 11 19.60902897690421 0.000000000000000
 12 20.85906447587393 0.000000000000000

 spin=1 k-point=62/1284 Cartesian=0.07789617997133459 0.1349201414258807 0.000000000000000 (2441 plane wave)
 1 -0.06539170071204652 0.001562500000000035
 2 4.433096790197869 3.225880862524372e-08
 3 4.751439643465398 1.336937591848870e-09
 4 5.203538573604733 1.454354620849995e-11
 5 5.966168007242183 7.089440470494051e-15
 6 9.728042461834141 0.000000000000000
 7 10.23551981544196 0.000000000000000
 8 10.57608446187660 0.000000000000000
 9 10.87244152839116 0.000000000000000
 10 18.99075896876360 0.000000000000000
 11 19.52064277836893 0.000000000000000
 12 21.69293436146165 0.000000000000000

 spin=1 k-point=63/1284 Cartesian=0.09737022496416814 0.1461634865447041 0.000000000000000 (2450 plane wave)
 1 0.9073640749636454 0.001562499999963146
 2 3.273697147464096 0.001080092707561414
 3 4.442475012450149 2.937108668320458e-08
 4 6.158155522409734 1.039490612309114e-15
 5 6.689349251734227 0.000000000000000
 6 8.591535102401334 0.000000000000000
 7 9.133496174129318 0.000000000000000
 8 10.07682070022195 0.000000000000000
 9 10.42766013106369 0.000000000000000
 10 19.02992014162292 0.000000000000000
 11 21.35123992449061 0.000000000000000
 12 22.66950991540732 0.000000000000000

 spin=1 k-point=64/1284 Cartesian=0.1168442699570017 0.1574068316635274 0.000000000000000 (2448 plane wave)
 1 2.014906113012753 0.001562497618169528
 2 2.034137121342881 0.001562497113111993
 3 4.381385560707579 5.410299704327958e-08
 4 6.995132466928411 0.000000000000000
 5 7.342649114225399 0.000000000000000
 6 7.640676306783962 0.000000000000000
 7 8.330702968128753 0.000000000000000
 8 9.963591226218869 0.000000000000000
 9 10.32962325024358 0.000000000000000
 10 18.97251078651544 0.000000000000000
 11 23.17649192102441 0.000000000000000
 12 23.53669293907004 0.000000000000000

 spin=1 k-point=65/1284 Cartesian=0.1363183149498352 0.1686501767823507 0.000000000000000 (2450 plane wave)
 1 0.9073640748892061 0.001562499999963146
 2 3.273697147924973 0.001080092706024535
 3 4.442475011755587 2.937108688720134e-08
 4 6.158155521388509 1.039490622924656e-15
 5 6.689349252719788 0.000000000000000
 6 8.591535105740563 0.000000000000000
 7 9.133496172188181 0.000000000000000
 8 10.07682069788378 0.000000000000000
 9 10.42766013238358 0.000000000000000
 10 19.02992014192552 0.000000000000000
 11 21.35123992486870 0.000000000000000
 12 22.66950991519104 0.000000000000000

 spin=1 k-point=66/1284 Cartesian=0.1557923599426688 0.1798935219011741 0.000000000000000 (2441 plane wave)
 1 -0.06539170076006343 0.001562500000000035
 2 4.433096794356683 3.225880728368739e-08
 3 4.751439637900143 1.336937666252817e-09
 4 5.203538572892108 1.454354631214100e-11
 5 5.966168009238806 7.089440328944606e-15
 6 9.728042468630370 0.000000000000000
 7 10.23551981100573 0.000000000000000
 8 10.57608445577609 0.000000000000000
 9 10.87244153241275 0.000000000000000
 10 18.99075897102237 0.000000000000000
 11 19.52064277618634 0.000000000000000
 12 21.69293436126483 0.000000000000000

 spin=1 k-point=67/1284 Cartesian=0.1363183149498352 -0.01124334511882266 0.000000000000000 (2445 plane wave)
 1 -0.8904908714392251 0.001562500000000037
 2 4.381854285028187 5.385000519619333e-08
 3 4.426299917770446 3.452758019103161e-08
 4 5.408812712426409 1.867135526946638e-12
 5 6.462678474698721 0.000000000000000
 6 10.39564097594083 0.000000000000000
 7 10.83381311852385 0.000000000000000
 8 11.86469025439999 0.000000000000000
 9 12.13971098284238 0.000000000000000
 10 17.25646143441335 0.000000000000000
 11 19.60902897635002 0.000000000000000
 12 20.85906447571733 0.000000000000000

 spin=1 k-point=68/1284 Cartesian=0.1168442699570017 -0.02248669023764600 0.000000000000000 (2463 plane wave)
 1 -1.566541377548656 0.001562500000000037
 2 3.705868408531838 4.510749454634042e-05
 3 3.982808594068873 2.906871573909146e-06
 4 5.803222683337507 3.616385204024764e-14
 5 8.080133294339545 0.000000000000000
 6 10.98177373271668 0.000000000000000
 7 11.36981298947831 0.000000000000000
 8 13.54053485015935 0.000000000000000
 9 13.73703273203482 0.000000000000000
 10 15.45763269083587 0.000000000000000
 11 19.97784610189773 0.000000000000000
 12 20.15591807097567 0.000000000000000

 spin=1 k-point=69/1284 Cartesian=0.09737022496416814 -0.03373003535646934 0.000000000000000 (2469 plane wave)
 1 -2.092837295123124 0.001562500000000037
 2 3.178752050553486 0.001332251128865954
 3 3.530427617725607 0.0002291071994286546
 4 6.432905996846215 0.000000000000000
 5 9.873201765609197 0.000000000000000
 6 11.67958503631914 0.000000000000000
 7 11.96372079707495 0.000000000000000
 8 13.88342282631806 0.000000000000000
 9 15.39982705263163 0.000000000000000
 10 15.43097852416812 0.000000000000000
 11 19.01719940368275 0.000000000000000
 12 19.03097581793374 0.000000000000000

 spin=1 k-point=70/1284 Cartesian=-0.07789617997133380 0.04497338047529403 0.000000000000000 (2467 plane wave)
 1 -2.468982062861699 0.001562500000000037
 2 2.801724232956277 0.001556301398568286
 3 3.186675905258985 0.001316256481696894
 4 7.235012892049832 0.000000000000000
 5 11.41748172510099 0.000000000000000
 6 12.17833712368906 0.000000000000000
 7 12.51284834261157 0.000000000000000
 8 13.36459543057103 0.000000000000000
 9 16.72127820628608 0.000000000000000
 10 17.16878270763232 0.000000000000000
 11 17.72891717803066 0.000000000000000
 12 18.17840348912969 0.000000000000000

 spin=1 k-point=71/1284 Cartesian=-0.05842213497850025 0.05621672559411737 0.000000000000000 (2472 plane wave)
 1 -2.694747980248910 0.001562500000000037
 2 2.575340523866206 0.001561853351817790
 3 2.975935965723850 0.001527758634911244
 4 8.190464503742543 0.000000000000000
 5 10.49576418441432 0.000000000000000
 6 13.47224007261297 0.000000000000000
 7 13.55247394952202 0.000000000000000
 8 14.55632608980205 0.000000000000000
 9 15.99553045634659 0.000000000000000
 10 16.01902271683117 0.000000000000000
 11 18.84828821348866 0.000000000000000
 12 19.02384735188631 0.000000000000000

 spin=1 k-point=72/1284 Cartesian=-0.03894808998566670 0.06746007071294070 0.000000000000000 (2467 plane wave)
 1 -2.770015712895276 0.001562500000000037
 2 2.499854549600835 0.001562195959235367
 3 2.905141975067913 0.001545189113790379
 4 9.255280076749532 0.000000000000000
 5 9.320421488382916 0.000000000000000
 6 14.27572289436244 0.000000000000000
 7 14.58696675562726 0.000000000000000
 8 15.01525478267474 0.000000000000000
 9 15.07308695446417 0.000000000000000
 10 16.28343079343302 0.000000000000000
 11 16.93537850473581 0.000000000000000
 12 18.97386415766848 0.000000000000000

 spin=1 k-point=73/1284 Cartesian=-0.01947404499283316 0.07870341583176405 0.000000000000000 (2472 plane wave)
 1 -2.694747980243689 0.001562500000000037
 2 2.575340523942014 0.001561853351817300
 3 2.975935965687304 0.001527758634923658
 4 8.190464504034276 0.000000000000000
 5 10.49576418372991 0.000000000000000
 6 13.47224007123863 0.000000000000000
 7 13.55247395014909 0.000000000000000
 8 14.55632609041412 0.000000000000000
 9 15.99553045494300 0.000000000000000
 10 16.01902271770820 0.000000000000000
 11 18.84828821409706 0.000000000000000
 12 19.02384735179752 0.000000000000000

 spin=1 k-point=74/1284 Cartesian=0.000000000000000 0.1124334511882338 0.000000000000000 (2473 plane wave)
 1 -1.792102289038757 0.001562500000000037
 2 3.479825959558306 0.0003465442296445191
 3 3.772739972469442 2.344154873934638e-05
 4 5.590118572418595 3.046311463711400e-13
 5 10.78446124965452 0.000000000000000
 6 10.85729927412336 0.000000000000000
 7 10.88704585964804 0.000000000000000
 8 12.52630792850722 0.000000000000000
 9 16.19077432903487 0.000000000000000
 10 16.64144163156497 0.000000000000000
 11 17.20099147029980 0.000000000000000
 12 17.91577799506438 0.000000000000000

 spin=1 k-point=75/1284 Cartesian=0.01947404499283394 0.1236767963070574 0.000000000000000 (2459 plane wave)
 1 -1.341231913893995 0.001562500000000037
 2 3.930752680758363 4.885965521572852e-06
 3 4.016313821537728 2.080388967844911e-06
 4 5.031572959104505 8.119095580782397e-11
 5 9.341193847714210 0.000000000000000
 6 10.02933551751590 0.000000000000000
 7 10.48762078707718 0.000000000000000
 8 13.42014507302278 0.000000000000000
 9 14.93916233510905 0.000000000000000
 10 14.99953936556083 0.000000000000000
 11 18.60049121059068 0.000000000000000
 12 18.82248824088654 0.000000000000000

 spin=1 k-point=76/1284 Cartesian=0.03894808998566748 0.1349201414258807 0.000000000000000 (2463 plane wave)
 1 -0.7405625447298555 0.001562500000000037
 2 3.885130760896625 7.696611297535825e-06
 3 4.530294935852600 1.220471413675151e-08
 4 5.119041875087037 3.385594174204998e-11
 5 7.680197705001021 0.000000000000000
 6 9.419089772269908 0.000000000000000
 7 9.896059015755066 0.000000000000000
 8 13.14460205850516 0.000000000000000
 9 13.37247267459337 0.000000000000000
 10 15.10232512577390 0.000000000000000
 11 20.31798225417681 0.000000000000000
 12 20.38213663400582 0.000000000000000

 spin=1 k-point=77/1284 Cartesian=0.05842213497850103 0.1461634865447041 0.000000000000000 (2446 plane wave)
 1 0.009324557614702392 0.001562500000000032
 2 3.541624126017223 0.0002080707884807262
 3 5.275551179913903 7.078210354285146e-12
 4 5.480522366775081 9.114748602649672e-13
 5 6.324527955490574 0.000000000000000
 6 8.949502367726176 0.000000000000000
 7 9.444086088427765 0.000000000000000
 8 11.50917095707958 0.000000000000000
 9 11.82158687537015 0.000000000000000
 10 16.99402051587508 0.000000000000000
 11 21.51878548920355 0.000000000000000
 12 21.74091834813942 0.000000000000000

 spin=1 k-point=78/1284 Cartesian=0.07789617997133459 0.1574068316635274 0.000000000000000 (2450 plane wave)
 1 0.9073640749745272 0.001562499999963146
 2 3.273697147790459 0.001080092706473094
 3 4.442475011940838 2.937108683279179e-08
 4 6.158155522014883 1.039490616413557e-15
 5 6.689349252911739 0.000000000000000
 6 8.591535103637986 0.000000000000000
 7 9.133496171056391 0.000000000000000
 8 10.07682069937987 0.000000000000000
 9 10.42766013294115 0.000000000000000
 10 19.02992014133894 0.000000000000000
 11 21.35123992452915 0.000000000000000
 12 22.66950991517090 0.000000000000000

 spin=1 k-point=79/1284 Cartesian=0.09737022496416814 0.1686501767823507 0.000000000000000 (2442 plane wave)
 1 1.951199951288934 0.001562498740382341
 2 3.105781355686565 0.001442337098087175
 3 3.168017476708115 0.001352537784890754
 4 7.139128039034906 0.000000000000000
 5 7.495738784998879 0.000000000000000
 6 8.134033118741295 0.000000000000000
 7 8.898763562520902 0.000000000000000
 8 9.099248525726285 0.000000000000000
 9 9.376642613127615 0.000000000000000
 10 21.02479425776526 0.000000000000000
 11 21.39128473970182 0.000000000000000
 12 23.31212320701944 0.000000000000000

 spin=1 k-point=80/1284 Cartesian=0.1168442699570017 0.1798935219011741 0.000000000000000 (2442 plane wave)
 1 1.951199951093724 0.001562498740382344
 2 3.105781361207181 0.001442337091963604
 3 3.168017471305193 0.001352537794710478
 4 7.139128035945335 0.000000000000000
 5 7.495738786375116 0.000000000000000
 6 8.134033125534362 0.000000000000000
 7 8.898763557237679 0.000000000000000
 8 9.099248522021874 0.000000000000000
 9 9.376642617153973 0.000000000000000
 10 21.02479425983493 0.000000000000000
 11 21.39128473821673 0.000000000000000
 12 23.31212320393029 0.000000000000000

 spin=1 k-point=81/1284 Cartesian=0.1363183149498352 0.1911368670199974 0.000000000000000 (2450 plane wave)
 1 0.9073640748904629 0.001562499999963146
 2 3.273697148239735 0.001080092704974901
 3 4.442475011207425 2.937108704819930e-08
 4 6.158155520296715 1.039490634273756e-15
 5 6.689349254373176 0.000000000000000
 6 8.591535109200015 0.000000000000000
 7 9.133496167725609 0.000000000000000
 8 10.07682069554139 0.000000000000000
 9 10.42766013532537 0.000000000000000
 10 19.02992014193090 0.000000000000000
 11 21.35123992412229 0.000000000000000
 12 22.66950991468852 0.000000000000000

 spin=1 k-point=82/1284 Cartesian=0.1557923599426688 0.2023802121388207 0.000000000000000 (2446 plane wave)
 1 0.009324557562462019 0.001562500000000032
 2 3.541624126305113 0.0002080707879614790
 3 5.275551178853900 7.078210429314434e-12
 4 5.480522365346096 9.114748732898121e-13
 5 6.324527957485748 0.000000000000000
 6 8.949502371314702 0.000000000000000
 7 9.444086086362439 0.000000000000000
 8 11.50917095457054 0.000000000000000
 9 11.82158687694306 0.000000000000000
 10 16.99402051602360 0.000000000000000
 11 21.51878548976132 0.000000000000000
 12 21.74091834943865 0.000000000000000

 spin=1 k-point=83/1284 Cartesian=0.1363183149498352 -0.03373003535646932 0.000000000000000 (2463 plane wave)
 1 -0.7405625447656492 0.001562500000000037
 2 3.885130761202459 7.696611274112822e-06
 3 4.530294935152851 1.220471422215331e-08
 4 5.119041874695379 3.385594187464945e-11
 5 7.680197705790183 0.000000000000000
 6 9.419089774883812 0.000000000000000
 7 9.896059014309524 0.000000000000000
 8 13.14460205666497 0.000000000000000
 9 13.37247267602351 0.000000000000000
 10 15.10232512568589 0.000000000000000
 11 20.31798225206007 0.000000000000000
 12 20.38213663275970 0.000000000000000

 spin=1 k-point=84/1284 Cartesian=0.1168442699570017 -0.04497338047529265 0.000000000000000 (2459 plane wave)
 1 -1.341231913919161 0.001562500000000037
 2 3.930752680291297 4.885965544322220e-06
 3 4.016313821858710 2.080388961176110e-06
 4 5.031572958771574 8.119095607813397e-11
 5 9.341193848354672 0.000000000000000
 6 10.02933551955074 0.000000000000000
 7 10.48762078623066 0.000000000000000
 8 13.42014507247775 0.000000000000000
 9 14.93916233370009 0.000000000000000
 10 14.99953936742274 0.000000000000000
 11 18.60049120931408 0.000000000000000
 12 18.82248823863161 0.000000000000000

 spin=1 k-point=85/1284 Cartesian=-0.09737022496416733 0.05621672559411737 0.000000000000000 (2473 plane wave)
 1 -1.792102289055645 0.001562500000000037
 2 3.479825959257988 0.0003465442304544331
 3 3.772739972646435 2.344154869847903e-05
 4 5.590118572181160 3.046311470944419e-13
 5 10.78446125133239 0.000000000000000
 6 10.85729927304672 0.000000000000000
 7 10.88704586175524 0.000000000000000
 8 12.52630792679546 0.000000000000000
 9 16.19077433252300 0.000000000000000
 10 16.64144163197746 0.000000000000000
 11 17.20099146738776 0.000000000000000
 12 17.91577799136046 0.000000000000000

 spin=1 k-point=86/1284 Cartesian=-0.07789617997133380 0.06746007071294070 0.000000000000000 (2469 plane wave)
 1 -2.092837295111480 0.001562500000000037
 2 3.178752050513064 0.001332251128945310
 3 3.530427617871976 0.0002291071991424825
 4 6.432905996669643 0.000000000000000
 5 9.873201766090212 0.000000000000000
 6 11.67958503671772 0.000000000000000
 7 11.96372079616333 0.000000000000000
 8 13.88342282572653 0.000000000000000
 9 15.39982705199263 0.000000000000000
 10 15.43097852444793 0.000000000000000
 11 19.01719940609514 0.000000000000000
 12 19.03097581894706 0.000000000000000

 spin=1 k-point=87/1284 Cartesian=-0.05842213497850025 0.07870341583176403 0.000000000000000 (2465 plane wave)
 1 -2.243247735853941 0.001562500000000037
 2 3.028100048164780 0.001504845931773406
 3 3.399760113592318 0.0006066620252087123
 4 7.448272967202210 0.000000000000000
 5 8.613553409568063 0.000000000000000
 6 12.66436997875821 0.000000000000000
 7 12.98895096360307 0.000000000000000
 8 14.12179925445850 0.000000000000000
 9 14.24966885395713 0.000000000000000
 10 15.93673989694501 0.000000000000000
 11 18.27523952941333 0.000000000000000
 12 19.49894294415970 0.000000000000000

 spin=1 k-point=88/1284 Cartesian=-0.03894808998566670 0.08994676095058737 0.000000000000000 (2465 plane wave)
 1 -2.243247735850793 0.001562500000000037
 2 3.028100048219693 0.001504845931742914
 3 3.399760113563950 0.0006066620253139904
 4 7.448272967482112 0.000000000000000
 5 8.613553409187377 0.000000000000000
 6 12.66436997771247 0.000000000000000
 7 12.98895096431249 0.000000000000000
 8 14.12179925535118 0.000000000000000
 9 14.24966885304118 0.000000000000000
 10 15.93673989717471 0.000000000000000
 11 18.27523952957575 0.000000000000000
 12 19.49894294417098 0.000000000000000

 spin=1 k-point=89/1284 Cartesian=-0.01947404499283316 0.1011901060694107 0.000000000000000 (2469 plane wave)
 1 -2.092837295101729 0.001562500000000037
 2 3.178752050682498 0.001332251128612678
 3 3.530427617780159 0.0002291071993219961
 4 6.432905996902303 0.000000000000000
 5 9.873201765473508 0.000000000000000
 6 11.67958503529714 0.000000000000000
 7 11.96372079671862 0.000000000000000
 8 13.88342282645642 0.000000000000000
 9 15.39982705284377 0.000000000000000
 10 15.43097852286183 0.000000000000000
 11 19.01719940770119 0.000000000000000
 12 19.03097582071477 0.000000000000000

 spin=1 k-point=90/1284 Cartesian=0.000000000000000 0.1349201414258805 0.000000000000000 (2457 plane wave)
 1 -0.9658984107744292 0.001562500000000037
 2 3.661416537003921 6.923713795298665e-05
 3 4.304690573172847 1.164893341352355e-07
 4 4.930970509479987 2.220335533896111e-10
 5 9.207586448694270 0.000000000000000
 6 9.435442344989749 0.000000000000000
 7 10.50800678150295 0.000000000000000
 8 12.06645471700707 0.000000000000000
 9 15.81178879805673 0.000000000000000
 10 16.26411464289106 0.000000000000000
 11 16.82099077301672 0.000000000000000
 12 17.68924393921100 0.000000000000000

 spin=1 k-point=91/1284 Cartesian=0.01947404499283394 0.1461634865447040 0.000000000000000 (2457 plane wave)
 1 -0.4408561272917044 0.001562500000000037
 2 3.093669815678374 0.001455101743263011
 3 4.825680659575686 6.363361768677465e-10
 4 5.323128756856605 4.398419257289269e-12
 5 8.533754274878291 0.000000000000000
 6 8.604881263126318 0.000000000000000
 7 9.493488420664155 0.000000000000000
 8 13.11716054353476 0.000000000000000
 9 14.63299694507807 0.000000000000000
 10 14.70941293770414 0.000000000000000
 11 18.30162176922209 0.000000000000000
 12 18.64927275925647 0.000000000000000

 spin=1 k-point=92/1284 Cartesian=0.03894808998566748 0.1574068316635274 0.000000000000000 (2450 plane wave)
 1 0.2333467444891524 0.001562499999999993
 2 2.603242144397565 0.001561645355604359
 3 5.488160838350868 8.444447229023939e-13
 4 5.880856936303900 1.663846756452812e-14
 5 7.353767048767535 0.000000000000000
 6 8.014593605533022 0.000000000000000
 7 8.666616057326628 0.000000000000000
 8 12.91033379878793 0.000000000000000
 9 13.15344168127240 0.000000000000000
 10 14.88652949429212 0.000000000000000
 11 20.17836255589037 0.000000000000000
 12 20.28024061462035 0.000000000000000

 spin=1 k-point=93/1284 Cartesian=0.05842213497850103 0.1686501767823507 0.000000000000000 (2456 plane wave)
 1 1.055735800028992 0.001562499999837375
 2 2.242994356443521 0.001562476693345679
 3 5.691674671415188 1.103371248099571e-13
 4 6.270287815626600 0.000000000000000
 5 6.793928039800458 0.000000000000000
 6 7.666759760159193 0.000000000000000
 7 8.286973985958285 0.000000000000000
 8 11.34302234989069 0.000000000000000
 9 11.66848850878597 0.000000000000000
 10 16.85699116710670 0.000000000000000
 11 22.01353224110302 0.000000000000000
 12 22.18662425512895 0.000000000000000

 spin=1 k-point=94/1284 Cartesian=0.07789617997133459 0.1798935219011741 0.000000000000000 (2448 plane wave)
 1 2.014906106444447 0.001562497618169684
 2 2.034137128256018 0.001562497113111793
 3 4.381385560067304 5.410299738967508e-08
 4 6.995132463085461 0.000000000000000
 5 7.342649120779656 0.000000000000000
 6 7.640676311942633 0.000000000000000
 7 8.330702958682647 0.000000000000000
 8 9.963591224907383 0.000000000000000
 9 10.32962325316236 0.000000000000000
 10 18.97251078600649 0.000000000000000
 11 23.17649191696379 0.000000000000000
 12 23.53669294120735 0.000000000000000

 spin=1 k-point=95/1284 Cartesian=0.09737022496416814 0.1911368670199974 0.000000000000000 (2442 plane wave)
 1 1.951199951085924 0.001562498740382344
 2 3.105781367649424 0.001442337084817746
 3 3.168017464746501 0.001352537806630796
 4 7.139128034198977 0.000000000000000
 5 7.495738789774801 0.000000000000000
 6 8.134033129387117 0.000000000000000
 7 8.898763544254111 0.000000000000000
 8 9.099248519928752 0.000000000000000
 9 9.376642626758830 0.000000000000000
 10 21.02479425813499 0.000000000000000
 11 21.39128473880373 0.000000000000000
 12 23.31212320490410 0.000000000000000

 spin=1 k-point=96/1284 Cartesian=0.1168442699570017 0.2023802121388207 0.000000000000000 (2448 plane wave)
 1 2.014906100795152 0.001562497618169819
 2 2.034137133944237 0.001562497113111629
 3 4.381385559891381 5.410299748485146e-08
 4 6.995132456270237 0.000000000000000
 5 7.342649123430347 0.000000000000000
 6 7.640676321111438 0.000000000000000
 7 8.330702954788908 0.000000000000000
 8 9.963591222573875 0.000000000000000
 9 10.32962325467702 0.000000000000000
 10 18.97251078634677 0.000000000000000
 11 23.17649191627215 0.000000000000000
 12 23.53669294038475 0.000000000000000

 spin=1 k-point=97/1284 Cartesian=0.1363183149498352 0.2136235572576441 0.000000000000000 (2456 plane wave)
 1 1.055735799931128 0.001562499999837375
 2 2.242994356547234 0.001562476693345655
 3 5.691674670731716 1.103371255640806e-13
 4 6.270287812227262 0.000000000000000
 5 6.793928042406383 0.000000000000000
 6 7.666759765433715 0.000000000000000
 7 8.286973983073612 0.000000000000000
 8 11.34302234805087 0.000000000000000
 9 11.66848851006700 0.000000000000000
 10 16.85699116718134 0.000000000000000
 11 22.01353223926548 0.000000000000000
 12 22.18662425367980 0.000000000000000

 spin=1 k-point=98/1284 Cartesian=0.1557923599426688 0.2248669023764674 0.000000000000000 (2450 plane wave)
 1 0.2333467444361265 0.001562499999999993
 2 2.603242144442875 0.001561645355603972
 3 5.488160836636670 8.444447373778563e-13
 4 5.880856936430326 1.663846754349281e-14
 5 7.353767049733475 0.000000000000000
 6 8.014593608829932 0.000000000000000
 7 8.666616055616103 0.000000000000000
 8 12.91033379731062 0.000000000000000
 9 13.15344168260940 0.000000000000000
 10 14.88652949410672 0.000000000000000
 11 20.17836255473683 0.000000000000000
 12 20.28024061289428 0.000000000000000

 spin=1 k-point=99/1284 Cartesian=0.1363183149498352 -0.05621672559411599 0.000000000000000 (2457 plane wave)
 1 -0.4408561273274315 0.001562500000000037
 2 3.093669815709684 0.001455101743231695
 3 4.825680658560509 6.363361833276830e-10
 4 5.323128757075676 4.398419247653641e-12
 5 8.533754277291195 0.000000000000000
 6 8.604881262731602 0.000000000000000
 7 9.493488420709580 0.000000000000000
 8 13.11716054290958 0.000000000000000
 9 14.63299694390692 0.000000000000000
 10 14.70941293957796 0.000000000000000
 11 18.30162176797059 0.000000000000000
 12 18.64927275717617 0.000000000000000

 spin=1 k-point=100/1284 Cartesian=-0.1168442699570009 0.06746007071294070 0.000000000000000 (2457 plane wave)
 1 -0.9658984107988999 0.001562500000000037
 2 3.661416537075512 6.923713790561594e-05
 3 4.304690572545507 1.164893348659662e-07
 4 4.930970509531321 2.220335532756323e-10
 5 9.207586450600004 0.000000000000000
 6 9.435442343922016 0.000000000000000
 7 10.50800678363060 0.000000000000000
 8 12.06645471509263 0.000000000000000
 9 15.81178880155220 0.000000000000000
 10 16.26411464335376 0.000000000000000
 11 16.82099077021999 0.000000000000000
 12 17.68924393568168 0.000000000000000

 spin=1 k-point=101/1284 Cartesian=-0.09737022496416733 0.07870341583176403 0.000000000000000 (2459 plane wave)
 1 -1.341231913904811 0.001562500000000037
 2 3.930752680237377 4.885965546948498e-06
 3 4.016313822069037 2.080388956806315e-06
 4 5.031572958576420 8.119095623658117e-11
 5 9.341193848808679 0.000000000000000
 6 10.02933551981628 0.000000000000000
 7 10.48762078547974 0.000000000000000
 8 13.42014507211109 0.000000000000000
 9 14.93916233332962 0.000000000000000
 10 14.99953936758982 0.000000000000000
 11 18.60049120965380 0.000000000000000
 12 18.82248823983420 0.000000000000000

 spin=1 k-point=102/1284 Cartesian=-0.07789617997133380 0.08994676095058737 0.000000000000000 (2463 plane wave)
 1 -1.566541377522378 0.001562500000000037
 2 3.705868408430562 4.510749459070442e-05
 3 3.982808594455514 2.906871562690884e-06
 4 5.803222682810034 3.616385223100226e-14
 5 8.080133295000776 0.000000000000000
 6 10.98177373360714 0.000000000000000
 7 11.36981298737170 0.000000000000000
 8 13.54053484929376 0.000000000000000
 9 13.73703273347970 0.000000000000000
 10 15.45763268998692 0.000000000000000
 11 19.97784609934188 0.000000000000000
 12 20.15591807172018 0.000000000000000

 spin=1 k-point=103/1284 Cartesian=-0.05842213497850025 0.1011901060694107 0.000000000000000 (2465 plane wave)
 1 -1.641661705560380 0.001562500000000037
 2 3.630834152302358 9.253929971752917e-05
 3 3.940998913105419 4.411475207297887e-06
 4 6.783350731464365 0.000000000000000
 5 6.942388051292334 0.000000000000000
 6 11.77627699061627 0.000000000000000
 7 12.20503045183236 0.000000000000000
 8 12.59590840241142 0.000000000000000
 9 12.77457049300783 0.000000000000000
 10 17.40313883365504 0.000000000000000
 11 18.00774573432529 0.000000000000000
 12 20.10630211886576 0.000000000000000

 spin=1 k-point=104/1284 Cartesian=-0.03894808998566670 0.1124334511882340 0.000000000000000 (2463 plane wave)
 1 -1.566541377514795 0.001562500000000037
 2 3.705868408604748 4.510749451440173e-05
 3 3.982808594359790 2.906871565468288e-06
 4 5.803222683040349 3.616385214771162e-14
 5 8.080133294633510 0.000000000000000
 6 10.98177373230536 0.000000000000000
 7 11.36981298812109 0.000000000000000
 8 13.54053485021288 0.000000000000000
 9 13.73703273245312 0.000000000000000
 10 15.45763269022212 0.000000000000000
 11 19.97784610062311 0.000000000000000
 12 20.15591807191619 0.000000000000000

 spin=1 k-point=105/1284 Cartesian=-0.01947404499283316 0.1236767963070574 0.000000000000000 (2459 plane wave)
 1 -1.341231913889277 0.001562500000000037
 2 3.930752680607618 4.885965528915191e-06
 3 4.016313821897284 2.080388960374709e-06
 4 5.031572958753006 8.119095609320914e-11
 5 9.341193848458156 0.000000000000000
 6 10.02933551824506 0.000000000000000
 7 10.48762078584639 0.000000000000000
 8 13.42014507283552 0.000000000000000
 9 14.93916233413808 0.000000000000000
 10 14.99953936589269 0.000000000000000
 11 18.60049121114143 0.000000000000000
 12 18.82248824165775 0.000000000000000

 spin=1 k-point=106/1284 Cartesian=0.000000000000000 0.1574068316635272 0.000000000000000 (2449 plane wave)
 1 0.008289882725254280 0.001562500000000032
 2 2.378731054972870 0.001562409435420186
 3 5.262876650279667 8.034674014808650e-12
 4 5.720975978151205 8.231285652318665e-14
 5 7.797635962238162 0.000000000000000
 6 8.106584157165548 0.000000000000000
 7 10.28053433821050 0.000000000000000
 8 11.81475538873381 0.000000000000000
 9 15.58437975012100 0.000000000000000
 10 16.03751696160958 0.000000000000000
 11 16.59258191675540 0.000000000000000
 12 17.54087130691961 0.000000000000000

 spin=1 k-point=107/1284 Cartesian=0.01947404499283394 0.1686501767823507 0.000000000000000 (2454 plane wave)
 1 0.6062503511930124 0.001562499999998220
 2 1.794198402760997 0.001562499737946635
 3 5.819719977234850 3.066393100758758e-14
 4 6.241040731855344 0.000000000000000
 5 7.238977259651413 0.000000000000000
 6 7.505012111879190 0.000000000000000
 7 9.194532276336540 0.000000000000000
 8 12.96653660725597 0.000000000000000
 9 14.48011007987578 0.000000000000000
 10 14.56375234359257 0.000000000000000
 11 18.15124309808930 0.000000000000000
 12 18.55301947383325 0.000000000000000

 spin=1 k-point=108/1284 Cartesian=0.03894808998566748 0.1798935219011741 0.000000000000000 (2456 plane wave)
 1 1.349526562898760 0.001562499996929572
 2 1.354253556349765 0.001562499996780946
 3 6.311693201942714 0.000000000000000
 4 6.727467805870714 0.000000000000000
 5 6.832328184314875 0.000000000000000
 6 7.041769999062010 0.000000000000000
 7 8.106317041334625 0.000000000000000
 8 12.83260366324060 0.000000000000000
 9 13.08035839816086 0.000000000000000
 10 14.81427455611475 0.000000000000000
 11 20.10564669591386 0.000000000000000
 12 20.25584509212807 0.000000000000000

 spin=1 k-point=109/1284 Cartesian=0.05842213497850103 0.1911368670199974 0.000000000000000 (2456 plane wave)
 1 1.055735800014842 0.001562499999837375
 2 2.242994356541422 0.001562476693345656
 3 5.691674670632819 1.103371256732017e-13
 4 6.270287814706949 0.000000000000000
 5 6.793928041898251 0.000000000000000
 6 7.666759761602020 0.000000000000000
 7 8.286973983955837 0.000000000000000
 8 11.34302234931687 0.000000000000000
 9 11.66848850936417 0.000000000000000
 10 16.85699116699209 0.000000000000000
 11 22.01353224198524 0.000000000000000
 12 22.18662425563680 0.000000000000000

 spin=1 k-point=110/1284 Cartesian=0.07789617997133459 0.2023802121388208 0.000000000000000 (2450 plane wave)
 1 0.9073640749642374 0.001562499999963146
 2 3.273697148551733 0.001080092703934485
 3 4.442475010498923 2.937108725629015e-08
 4 6.158155520409289 1.039490633103559e-15
 5 6.689349255946003 0.000000000000000
 6 8.591535108865019 0.000000000000000
 7 9.133496164067688 0.000000000000000
 8 10.07682069572008 0.000000000000000
 9 10.42766013749826 0.000000000000000
 10 19.02992014107192 0.000000000000000
 11 21.35123992368597 0.000000000000000
 12 22.66950991523125 0.000000000000000

 spin=1 k-point=111/1284 Cartesian=0.09737022496416814 0.2136235572576441 0.000000000000000 (2450 plane wave)
 1 0.9073640749548963 0.001562499999963146
 2 3.273697148540410 0.001080092703972244
 3 4.442475010460218 2.937108726765829e-08
 4 6.158155519713433 1.039490640336915e-15
 5 6.689349256423485 0.000000000000000
 6 8.591535111080665 0.000000000000000
 7 9.133496162675407 0.000000000000000
 8 10.07682069422974 0.000000000000000
 9 10.42766013856479 0.000000000000000
 10 19.02992014133713 0.000000000000000
 11 21.35123992286371 0.000000000000000
 12 22.66950991514674 0.000000000000000

 spin=1 k-point=112/1284 Cartesian=0.1168442699570017 0.2248669023764674 0.000000000000000 (2456 plane wave)
 1 1.055735799980945 0.001562499999837375
 2 2.242994356528395 0.001562476693345659
 3 5.691674670350515 1.103371259846878e-13
 4 6.270287811894023 0.000000000000000
 5 6.793928043724947 0.000000000000000
 6 7.666759765957685 0.000000000000000
 7 8.286973981655109 0.000000000000000
 8 11.34302234785518 0.000000000000000
 9 11.66848851048404 0.000000000000000
 10 16.85699116702297 0.000000000000000
 11 22.01353224044517 0.000000000000000
 12 22.18662425434824 0.000000000000000

 spin=1 k-point=113/1284 Cartesian=0.1363183149498352 0.2361102474952907 0.000000000000000 (2456 plane wave)
 1 1.349526557215018 0.001562499996929572
 2 1.354253561975375 0.001562499996780946
 3 6.311693195117499 0.000000000000000
 4 6.727467809172030 0.000000000000000
 5 6.832328182157068 0.000000000000000
 6 7.041770007288320 0.000000000000000
 7 8.106317039704082 0.000000000000000
 8 12.83260366197705 0.000000000000000
 9 13.08035839941497 0.000000000000000
 10 14.81427455589440 0.000000000000000
 11 20.10564669481481 0.000000000000000
 12 20.25584509061506 0.000000000000000

 spin=1 k-point=114/1284 Cartesian=0.1557923599426688 0.2473535926141141 0.000000000000000 (2454 plane wave)
 1 0.6062503511415153 0.001562499999998220
 2 1.794198402748412 0.001562499737946635
 3 5.819719973877056 3.066393203721957e-14
 4 6.241040733207895 0.000000000000000
 5 7.238977264286946 0.000000000000000
 6 7.505012109924196 0.000000000000000
 7 9.194532276933874 0.000000000000000
 8 12.96653660657971 0.000000000000000
 9 14.48011007886500 0.000000000000000
 10 14.56375234545986 0.000000000000000
 11 18.15124309682183 0.000000000000000
 12 18.55301947185751 0.000000000000000

 spin=1 k-point=115/1284 Cartesian=-0.1363183149498344 0.07870341583176405 0.000000000000000 (2449 plane wave)
 1 0.008289882691738509 0.001562500000000032
 2 2.378731054940406 0.001562409435420216
 3 5.262876648653273 8.034674145484131e-12
 4 5.720975978802739 8.231285598688958e-14
 5 7.797635965097407 0.000000000000000
 6 8.106584155676886 0.000000000000000
 7 10.28053434036008 0.000000000000000
 8 11.81475538676053 0.000000000000000
 9 15.58437975363222 0.000000000000000
 10 16.03751696214279 0.000000000000000
 11 16.59258191399922 0.000000000000000
 12 17.54087130335765 0.000000000000000

 spin=1 k-point=116/1284 Cartesian=-0.1168442699570009 0.08994676095058739 0.000000000000000 (2457 plane wave)
 1 -0.4408561273107129 0.001562500000000037
 2 3.093669815726004 0.001455101743215373
 3 4.825680658489632 6.363361837787011e-10
 4 5.323128757117186 4.398419245827814e-12
 5 8.533754277467203 0.000000000000000
 6 8.604881262878315 0.000000000000000
 7 9.493488420342622 0.000000000000000
 8 13.11716054270896 0.000000000000000
 9 14.63299694369855 0.000000000000000
 10 14.70941293968390 0.000000000000000
 11 18.30162176816081 0.000000000000000
 12 18.64927275773044 0.000000000000000

 spin=1 k-point=117/1284 Cartesian=-0.09737022496416733 0.1011901060694107 0.000000000000000 (2463 plane wave)
 1 -0.7405625447342481 0.001562500000000037
 2 3.885130761448012 7.696611255306671e-06
 3 4.530294935019259 1.220471423845770e-08
 4 5.119041874426959 3.385594196552579e-11
 5 7.680197706424869 0.000000000000000
 6 9.419089775411411 0.000000000000000
 7 9.896059012848859 0.000000000000000
 8 13.14460205616840 0.000000000000000
 9 13.37247267679261 0.000000000000000
 10 15.10232512517677 0.000000000000000
 11 20.31798225416432 0.000000000000000
 12 20.38213663371958 0.000000000000000

 spin=1 k-point=118/1284 Cartesian=-0.07789617997133380 0.1124334511882341 0.000000000000000 (2445 plane wave)
 1 -0.8904908713952927 0.001562500000000037
 2 4.381854284824373 5.385000530594323e-08
 3 4.426299918971655 3.452757977629253e-08
 4 5.408812710131175 1.867135569801772e-12
 5 6.462678476513449 0.000000000000000
 6 10.39564097780884 0.000000000000000
 7 10.83381311386653 0.000000000000000
 8 11.86469025265178 0.000000000000000
 9 12.13971098648120 0.000000000000000
 10 17.25646143342466 0.000000000000000
 11 19.60902897490203 0.000000000000000
 12 20.85906447624540 0.000000000000000

 spin=1 k-point=119/1284 Cartesian=-0.05842213497850025 0.1236767963070574 0.000000000000000 (2445 plane wave)
 1 -0.8904908713910994 0.001562500000000037
 2 4.381854284966798 5.385000522924975e-08
 3 4.426299918893970 3.452757980311428e-08
 4 5.408812710388581 1.867135564995657e-12
 5 6.462678476204550 0.000000000000000
 6 10.39564097661854 0.000000000000000
 7 10.83381311466588 0.000000000000000
 8 11.86469025365684 0.000000000000000
 9 12.13971098564079 0.000000000000000
 10 17.25646143341757 0.000000000000000
 11 19.60902897525099 0.000000000000000
 12 20.85906447648865 0.000000000000000

 spin=1 k-point=120/1284 Cartesian=-0.03894808998566670 0.1349201414258807 0.000000000000000 (2463 plane wave)
 1 -0.7405625447212092 0.001562500000000037
 2 3.885130761438007 7.696611256072982e-06
 3 4.530294935476229 1.220471418268619e-08
 4 5.119041874417033 3.385594196888618e-11
 5 7.680197706067914 0.000000000000000
 6 9.419089773748134 0.000000000000000
 7 9.896059013701347 0.000000000000000
 8 13.14460205720547 0.000000000000000
 9 13.37247267567602 0.000000000000000
 10 15.10232512541966 0.000000000000000
 11 20.31798225532257 0.000000000000000
 12 20.38213663515352 0.000000000000000

 spin=1 k-point=121/1284 Cartesian=-0.01947404499283316 0.1461634865447041 0.000000000000000 (2457 plane wave)
 1 -0.4408561272882482 0.001562500000000037
 2 3.093669815759974 0.001455101743181398
 3 4.825680659378670 6.363361781214318e-10
 4 5.323128756821258 4.398419258844011e-12
 5 8.533754275369281 0.000000000000000
 6 8.604881263599200 0.000000000000000
 7 9.493488419883592 0.000000000000000
 8 13.11716054343477 0.000000000000000
 9 14.63299694455719 0.000000000000000
 10 14.70941293790177 0.000000000000000
 11 18.30162176955984 0.000000000000000
 12 18.64927275967211 0.000000000000000

 spin=1 k-point=122/1284 Cartesian=0.000000000000000 0.1798935219011738 0.000000000000000 (2460 plane wave)
 1 1.126764773262013 0.0007812499998345436
 2 1.127520642079182 0.0007812499998332880
 3 6.083865851635196 1.092512955485205e-15
 4 6.512418692064663 0.000000000000000
 5 6.825977946260807 0.000000000000000
 6 7.162600410647458 0.000000000000000
 7 10.20470304388462 0.000000000000000
 8 11.73317014785652 0.000000000000000
 9 15.50857401502327 0.000000000000000
 10 15.96195537999772 0.000000000000000
 11 16.51640801994802 0.000000000000000
 12 17.48961105147373 0.000000000000000

 spin=1 k-point=123/1284 Cartesian=0.01947404499283394 0.1911368670199974 0.000000000000000 (2454 plane wave)
 1 0.6062503511917073 0.001562499999998220
 2 1.794198402777801 0.001562499737946635
 3 5.819719977010765 3.066393107630083e-14
 4 6.241040731893528 0.000000000000000
 5 7.238977259969052 0.000000000000000
 6 7.505012111903226 0.000000000000000
 7 9.194532276176997 0.000000000000000
 8 12.96653660722267 0.000000000000000
 9 14.48011007969413 0.000000000000000
 10 14.56375234366139 0.000000000000000
 11 18.15124309818777 0.000000000000000
 12 18.55301947393293 0.000000000000000

 spin=1 k-point=124/1284 Cartesian=0.03894808998566748 0.2023802121388207 0.000000000000000 (2450 plane wave)
 1 0.2333467444917323 0.001562499999999993
 2 2.603242144490321 0.001561645355603567
 3 5.488160837868590 8.444447269749653e-13
 4 5.880856936019465 1.663846761185385e-14
 5 7.353767050081188 0.000000000000000
 6 8.014593606494019 0.000000000000000
 7 8.666616055710369 0.000000000000000
 8 12.91033379820660 0.000000000000000
 9 13.15344168175979 0.000000000000000
 10 14.88652949411153 0.000000000000000
 11 20.17836255613763 0.000000000000000
 12 20.28024061516239 0.000000000000000

 spin=1 k-point=125/1284 Cartesian=0.05842213497850103 0.2136235572576441 0.000000000000000 (2446 plane wave)
 1 0.009324557623131183 0.001562500000000032
 2 3.541624126541953 0.0002080707875343074
 3 5.275551179156373 7.078210407904779e-12
 4 5.480522364288854 9.114748829263115e-13
 5 6.324527958827280 0.000000000000000
 6 8.949502370375908 0.000000000000000
 7 9.444086084935233 0.000000000000000
 8 11.50917095509601 0.000000000000000
 9 11.82158687740542 0.000000000000000
 10 16.99402051550166 0.000000000000000
 11 21.51878548865713 0.000000000000000
 12 21.74091834898449 0.000000000000000

 spin=1 k-point=126/1284 Cartesian=0.07789617997133459 0.2248669023764674 0.000000000000000 (2441 plane wave)
 1 -0.06539170069602275 0.001562500000000035
 2 4.433096799304570 3.225880568759057e-08
 3 4.751439631171245 1.336937756213922e-09
 4 5.203538572490477 1.454354637055230e-11
 5 5.966168012228346 7.089440117002930e-15
 6 9.728042472465328 0.000000000000000
 7 10.23551979987185 0.000000000000000
 8 10.57608445232832 0.000000000000000
 9 10.87244154196972 0.000000000000000
 10 18.99075896920380 0.000000000000000
 11 19.52064277596260 0.000000000000000
 12 21.69293436156253 0.000000000000000

 spin=1 k-point=127/1284 Cartesian=0.09737022496416814 0.2361102474952907 0.000000000000000 (2446 plane wave)
 1 0.009324557612883708 0.001562500000000032
 2 3.541624126501887 0.0002080707876065707
 3 5.275551178584199 7.078210448404393e-12
 4 5.480522364154398 9.114748841518410e-13
 5 6.324527959398259 0.000000000000000
 6 8.949502372267148 0.000000000000000
 7 9.444086083817282 0.000000000000000
 8 11.50917095385327 0.000000000000000
 9 11.82158687839581 0.000000000000000
 10 16.99402051553546 0.000000000000000
 11 21.51878548750859 0.000000000000000
 12 21.74091834882886 0.000000000000000

 spin=1 k-point=128/1284 Cartesian=0.1168442699570017 0.2473535926141141 0.000000000000000 (2450 plane wave)
 1 0.2333467444711589 0.001562499999999993
 2 2.603242144440473 0.001561645355603993
 3 5.488160836461559 8.444447388565669e-13
 4 5.880856936422164 1.663846754485072e-14
 5 7.353767050410624 0.000000000000000
 6 8.014593609175980 0.000000000000000
 7 8.666616054552600 0.000000000000000
 8 12.91033379709200 0.000000000000000
 9 13.15344168295402 0.000000000000000
 10 14.88652949385851 0.000000000000000
 11 20.17836255495055 0.000000000000000
 12 20.28024061383107 0.000000000000000

 spin=1 k-point=129/1284 Cartesian=0.1363183149498352 0.2585969377329374 0.000000000000000 (2454 plane wave)
 1 0.6062503511594665 0.001562499999998220
 2 1.794198402734346 0.001562499737946635
 3 5.819719973797329 3.066393206166673e-14
 4 6.241040733314869 0.000000000000000
 5 7.238977264400022 0.000000000000000
 6 7.505012109838928 0.000000000000000
 7 9.194532276876402 0.000000000000000
 8 12.96653660651660 0.000000000000000
 9 14.48011007878005 0.000000000000000
 10 14.56375234550064 0.000000000000000
 11 18.15124309688338 0.000000000000000
 12 18.55301947199687 0.000000000000000

 spin=1 k-point=130/1284 Cartesian=0.1557923599426688 0.2698402828517608 0.000000000000000 (2460 plane wave)
 1 1.126764767582912 0.0007812499998345436
 2 1.127520647680570 0.0007812499998332880
 3 6.083865844807489 1.092513030078811e-15
 4 6.512418695487229 0.000000000000000
 5 6.825977954301589 0.000000000000000
 6 7.162600406419881 0.000000000000000
 7 10.20470304603259 0.000000000000000
 8 11.73317014586749 0.000000000000000
 9 15.50857401853109 0.000000000000000
 10 15.96195538052341 0.000000000000000
 11 16.51640801720710 0.000000000000000
 12 17.48961104788871 0.000000000000000

 spin=1 k-point=131/1284 Cartesian=0.000000000000000 0.000000000000000 0.01919091118446219 (2485 plane wave)
 1 -3.618885578818788 0.001562500000000037
 2 0.7514067039764672 0.001562499999992281
 3 2.985037328843535 0.001524528785469027
 4 14.88537877639971 0.000000000000000
 5 14.88537878929612 0.000000000000000
 6 15.35848190053794 0.000000000000000
 7 15.35848191353480 0.000000000000000
 8 15.55865071525425 0.000000000000000
 9 17.11091770594829 0.000000000000000
 10 17.12954115182793 0.000000000000000
 11 19.30400971840871 0.000000000000000
 12 19.30400973041106 0.000000000000000

 spin=1 k-point=132/1284 Cartesian=0.01947404499283394 0.01124334511882356 0.01919091118446219 (2471 plane wave)
 1 -3.543546393128365 0.001562500000000037
 2 0.8262799221239822 0.001562499999983639
 3 3.058804248400973 0.001485150914030362
 4 13.20351117517130 0.000000000000000
 5 13.96078344164483 0.000000000000000
 6 14.84719431650079 0.000000000000000
 7 16.08883427946193 0.000000000000000
 8 16.43446245020262 0.000000000000000
 9 17.50925591528566 0.000000000000000
 10 17.72829410829901 0.000000000000000
 11 18.35821461889593 0.000000000000000
 12 18.42430284527196 0.000000000000000

 spin=1 k-point=133/1284 Cartesian=0.03894808998566748 0.02248669023764690 0.01919091118446219 (2477 plane wave)
 1 -3.317562604378515 0.001562500000000037
 2 1.050725561063734 0.001562499999845323
 3 3.279598123958571 0.001060196018231861
 4 11.11878157557149 0.000000000000000
 5 12.98538301243783 0.000000000000000
 6 14.02235980872211 0.000000000000000
 7 15.47247581200969 0.000000000000000
 8 16.35595463966366 0.000000000000000
 9 17.38318943742101 0.000000000000000
 10 17.55721198304303 0.000000000000000
 11 17.86538202301519 0.000000000000000
 12 18.46102497306651 0.000000000000000

 spin=1 k-point=134/1284 Cartesian=0.05842213497850103 0.03373003535647023 0.01919091118446219 (2480 plane wave)
 1 -2.941043102824731 0.001562500000000037
 2 1.424081483140053 0.001562499993528728
 3 3.645254231270425 8.075480799279541e-05
 4 9.132662159691479 0.000000000000000
 5 12.15413945721888 0.000000000000000
 6 13.04177429752350 0.000000000000000
 7 13.75869177489507 0.000000000000000
 8 15.56028925306919 0.000000000000000
 9 16.55414725828572 0.000000000000000
 10 16.84109609715963 0.000000000000000
 11 17.84183110111577 0.000000000000000
 12 18.80141336140439 0.000000000000000

 spin=1 k-point=135/1284 Cartesian=0.07789617997133459 0.04497338047529358 0.01919091118446219 (2468 plane wave)
 1 -2.414199085314628 0.001562500000000037
 2 1.944451742997896 0.001562498822579322
 3 4.147348874220663 5.616798959681865e-07
 4 7.291738658080673 0.000000000000000
 5 11.47271488925469 0.000000000000000
 6 11.50733037422044 0.000000000000000
 7 12.73016087119479 0.000000000000000
 8 13.93284570846851 0.000000000000000
 9 15.87376650316113 0.000000000000000
 10 16.90715414381545 0.000000000000000
 11 17.51165124071117 0.000000000000000
 12 18.12577451311076 0.000000000000000

 spin=1 k-point=136/1284 Cartesian=0.09737022496416814 0.05621672559411691 0.01919091118446219 (2472 plane wave)
 1 -1.737408810481025 0.001562500000000037
 2 2.604288295093226 0.001561636372770614
 3 4.701407839775382 2.204937630975459e-09
 4 5.694840891498949 1.068983348671684e-13
 5 9.856976781340942 0.000000000000000
 6 10.94228428286229 0.000000000000000
 7 11.74596481758302 0.000000000000000
 8 12.70551456706132 0.000000000000000
 9 15.34401781881472 0.000000000000000
 10 16.53846607530508 0.000000000000000
 11 17.59810556880306 0.000000000000000
 12 17.82806687479682 0.000000000000000

 spin=1 k-point=137/1284 Cartesian=0.1168442699570017 0.06746007071294025 0.01919091118446219 (2462 plane wave)
 1 -0.9113760464610623 0.001562500000000037
 2 3.294783221723671 0.001007103931485272
 3 4.024730282648586 1.912665327513101e-06
 4 5.725159874463189 7.894002109508030e-14
 5 8.328740486734420 0.000000000000000
 6 10.39934262667282 0.000000000000000
 7 10.56324874692056 0.000000000000000
 8 12.14181585114520 0.000000000000000
 9 14.96541809206574 0.000000000000000
 10 16.19704475035269 0.000000000000000
 11 17.22057592864561 0.000000000000000
 12 18.07685818004647 0.000000000000000

 spin=1 k-point=138/1284 Cartesian=0.1363183149498352 0.07870341583176359 0.01919091118446219 (2458 plane wave)
 1 0.06241678646884034 0.001562500000000029
 2 2.423061837863282 0.001562358918351571
 3 4.476607835847517 2.087783066942741e-08
 4 6.428737483212064 0.000000000000000
 5 7.136992494514578 0.000000000000000
 6 9.054894421964864 0.000000000000000
 7 10.33577834692633 0.000000000000000
 8 11.87387998242179 0.000000000000000
 9 14.73819190976127 0.000000000000000
 10 15.98422988172869 0.000000000000000
 11 16.99387677354858 0.000000000000000
 12 18.10042029957517 0.000000000000000

 spin=1 k-point=139/1284 Cartesian=0.1557923599426688 0.08994676095058692 0.01919091118446219 (2448 plane wave)
 1 1.179260166439315 0.001562499999440606
 2 1.180707485427470 0.001562499999432450
 3 5.478107890107290 9.337500459872097e-13
 4 5.626134105115008 2.125009105828184e-13
 5 7.817537683140533 0.000000000000000
 6 7.868999524130791 0.000000000000000
 7 10.25994772208804 0.000000000000000
 8 11.78952647510028 0.000000000000000
 9 14.66244007600132 0.000000000000000
 10 15.91254474708482 0.000000000000000
 11 16.91828487120180 0.000000000000000
 12 18.08536846052541 0.000000000000000

 spin=1 k-point=140/1284 Cartesian=0.1363183149498352 0.07870341583176359 -0.01919091118446170 (2458 plane wave)
 1 0.06241678674991482 0.001562500000000029
 2 2.423061833591478 0.001562358918357597
 3 4.476607857226827 2.087782620595037e-08
 4 6.428737412244736 0.000000000000000
 5 7.136992548701829 0.000000000000000
 6 9.054894427550305 0.000000000000000
 7 10.33577834693339 0.000000000000000
 8 11.87387997465987 0.000000000000000
 9 14.73819190972642 0.000000000000000
 10 15.98422987878069 0.000000000000000
 11 16.99387677362075 0.000000000000000
 12 18.10042031590273 0.000000000000000

 spin=1 k-point=141/1284 Cartesian=0.1168442699570017 0.06746007071294025 -0.01919091118446170 (2462 plane wave)
 1 -0.9113760463745811 0.001562500000000037
 2 3.294783200390548 0.001007104007853306
 3 4.024730324712081 1.912664523964025e-06
 4 5.725159841898089 7.894004680198757e-14
 5 8.328740494799749 0.000000000000000
 6 10.39934264904639 0.000000000000000
 7 10.56324874693116 0.000000000000000
 8 12.14181582900618 0.000000000000000
 9 14.96541809198147 0.000000000000000
 10 16.19704474337964 0.000000000000000
 11 17.22057592880098 0.000000000000000
 12 18.07685821818743 0.000000000000000

 spin=1 k-point=142/1284 Cartesian=0.09737022496416814 0.05621672559411691 -0.01919091118446170 (2472 plane wave)
 1 -1.737408810464022 0.001562500000000037
 2 2.604288292571767 0.001561636372792378
 3 4.701407859438258 2.204937197421864e-09
 4 5.694840869387174 1.068983585042954e-13
 5 9.856976776610631 0.000000000000000
 6 10.94228428286049 0.000000000000000
 7 11.74596488059231 0.000000000000000
 8 12.70551450798478 0.000000000000000
 9 15.34401781867070 0.000000000000000
 10 16.53846606007355 0.000000000000000
 11 17.59810556915511 0.000000000000000
 12 17.82806692734129 0.000000000000000

 spin=1 k-point=143/1284 Cartesian=0.07789617997133459 0.04497338047529358 -0.01919091118446170 (2468 plane wave)
 1 -2.414199085322319 0.001562500000000037
 2 1.944451742632995 0.001562498822579326
 3 4.147348876178031 5.616798849779960e-07
 4 7.291738653897853 0.000000000000000
 5 11.47271488927829 0.000000000000000
 6 11.50733035282001 0.000000000000000
 7 12.73016095158772 0.000000000000000
 8 13.93284564338201 0.000000000000000
 9 15.87376650299180 0.000000000000000
 10 16.90715410587955 0.000000000000000
 11 17.51165130915471 0.000000000000000
 12 18.12577451375424 0.000000000000000

 spin=1 k-point=144/1284 Cartesian=0.05842213497850103 0.03373003535647023 -0.01919091118446170 (2480 plane wave)
 1 -2.941043102838790 0.001562500000000037
 2 1.424081483218797 0.001562499993528728
 3 3.645254231351027 8.075480793106933e-05
 4 9.132662158227927 0.000000000000000
 5 12.15413945721503 0.000000000000000
 6 13.04177425673215 0.000000000000000
 7 13.75869185410382 0.000000000000000
 8 15.56028920764770 0.000000000000000
 9 16.55414725781059 0.000000000000000
 10 16.84109607661582 0.000000000000000
 11 17.84183114698028 0.000000000000000
 12 18.80141336349796 0.000000000000000

 spin=1 k-point=145/1284 Cartesian=0.03894808998566748 0.02248669023764690 -0.01919091118446170 (2477 plane wave)
 1 -3.317562604390810 0.001562500000000037
 2 1.050725561207576 0.001562499999845323
 3 3.279598123760370 0.001060196018907380
 4 11.11878157538520 0.000000000000000
 5 12.98538301245482 0.000000000000000
 6 14.02235979854744 0.000000000000000
 7 15.47247584237981 0.000000000000000
 8 16.35595464544965 0.000000000000000
 9 17.38318943557658 0.000000000000000
 10 17.55721194520234 0.000000000000000
 11 17.86538202486689 0.000000000000000
 12 18.46102500586980 0.000000000000000

 spin=1 k-point=146/1284 Cartesian=-0.01947404499283316 -0.01124334511882311 0.01919091118446219 (2471 plane wave)
 1 -3.543546393135217 0.001562500000000037
 2 0.8262799222145357 0.001562499999983639
 3 3.058804248242390 0.001485150914146951
 4 13.20351117623809 0.000000000000000
 5 13.96078344168431 0.000000000000000
 6 14.84719431432112 0.000000000000000
 7 16.08883427884006 0.000000000000000
 8 16.43446244998163 0.000000000000000
 9 17.50925590081823 0.000000000000000
 10 17.72829412969010 0.000000000000000
 11 18.35821461842320 0.000000000000000
 12 18.42430290315082 0.000000000000000

 spin=1 k-point=147/1284 Cartesian=0.000000000000000 0.02248669023764713 0.01919091118446219 (2471 plane wave)
 1 -3.543546393128154 0.001562500000000037
 2 0.8262799221343534 0.001562499999983639
 3 3.058804248399979 0.001485150914031093
 4 13.20351117684160 0.000000000000000
 5 13.96078343841227 0.000000000000000
 6 14.84719431325618 0.000000000000000
 7 16.08883428774847 0.000000000000000
 8 16.43446244930974 0.000000000000000
 9 17.50925590536125 0.000000000000000
 10 17.72829412656866 0.000000000000000
 11 18.35821461602350 0.000000000000000
 12 18.42430289730638 0.000000000000000

 spin=1 k-point=148/1284 Cartesian=0.01947404499283394 0.03373003535647069 0.01919091118446219 (2474 plane wave)
 1 -3.392884673789180 0.001562500000000037
 2 0.9759430852641521 0.001562499999926796
 3 3.206101125834617 0.001273235191995216
 4 12.18533759247975 0.000000000000000
 5 12.20172873496537 0.000000000000000
 6 15.47743435333894 0.000000000000000
 7 16.04856152336913 0.000000000000000
 8 16.20970490614832 0.000000000000000
 9 16.67879042653125 0.000000000000000
 10 16.74856619928980 0.000000000000000
 11 18.62338437891808 0.000000000000000
 12 18.82876464687207 0.000000000000000

 spin=1 k-point=149/1284 Cartesian=0.03894808998566748 0.04497338047529403 0.01919091118446219 (2471 plane wave)
 1 -3.091630982808906 0.001562500000000037
 2 1.274883768645429 0.001562499998544462
 3 3.499524087593152 0.0002963351908578207
 4 10.16008176160764 0.000000000000000
 5 11.30216080103223 0.000000000000000
 6 14.42159128170091 0.000000000000000
 7 15.05655392787800 0.000000000000000
 8 15.64255624470115 0.000000000000000
 9 16.26558667886227 0.000000000000000
 10 17.17529345539383 0.000000000000000
 11 17.40559067569207 0.000000000000000
 12 18.01268316514116 0.000000000000000

 spin=1 k-point=150/1284 Cartesian=0.05842213497850103 0.05621672559411736 0.01919091118446219 (2478 plane wave)
 1 -2.639941049752349 0.001562500000000037
 2 1.721983224000849 0.001562499872719140
 3 3.934974108809799 4.684606361468477e-06
 4 8.244943822789729 0.000000000000000
 5 10.54383399096773 0.000000000000000
 6 12.57805969312529 0.000000000000000
 7 14.19965421974749 0.000000000000000
 8 14.75230920551388 0.000000000000000
 9 15.14172310072350 0.000000000000000
 10 16.91323534233188 0.000000000000000
 11 17.43154057129858 0.000000000000000
 12 18.65734451876676 0.000000000000000

 spin=1 k-point=151/1284 Cartesian=0.07789617997133459 0.06746007071294070 0.01919091118446219 (2472 plane wave)
 1 -2.038098881036139 0.001562500000000037
 2 2.313702614332668 0.001562452733285799
 3 4.491168607817046 1.804884904055358e-08
 4 6.496134265803958 0.000000000000000
 5 9.897901752604549 0.000000000000000
 6 10.85867441154366 0.000000000000000
 7 12.85306649383809 0.000000000000000
 8 13.95241302850235 0.000000000000000
 9 14.42725485338645 0.000000000000000
 10 16.47433186960698 0.000000000000000
 11 17.68197542731588 0.000000000000000
 12 18.42330656971702 0.000000000000000

 spin=1 k-point=152/1284 Cartesian=0.09737022496416814 0.07870341583176405 0.01919091118446219 (2463 plane wave)
 1 -1.286616631740501 0.001562500000000037
 2 3.028917905040186 0.001504390078610852
 3 4.626653533862743 4.656391987078812e-09
 4 5.477281016245523 9.415029923160245e-13
 5 9.019206687815901 0.000000000000000
 6 9.648982320512031 0.000000000000000
 7 11.33349675374609 0.000000000000000
 8 13.47389933085382 0.000000000000000
 9 13.96171353026054 0.000000000000000
 10 16.05234611408336 0.000000000000000
 11 17.69784229981010 0.000000000000000
 12 18.62226048874499 0.000000000000000

 spin=1 k-point=153/1284 Cartesian=0.1168442699570017 0.08994676095058737 0.01919091118446219 (2457 plane wave)
 1 -0.3864949616620133 0.001562500000000037
 2 3.102291943430331 0.001446150927463302
 3 4.089976222918685 9.966306637035427e-07
 4 6.173988520199011 0.000000000000000
 5 7.668004109467660 0.000000000000000
 6 9.174924009169702 0.000000000000000
 7 9.975885051929215 0.000000000000000
 8 13.16895053785620 0.000000000000000
 9 13.65697716464251 0.000000000000000
 10 15.76148736799294 0.000000000000000
 11 17.48956759523914 0.000000000000000
 12 19.11135270053500 0.000000000000000

 spin=1 k-point=154/1284 Cartesian=0.1363183149498352 0.1011901060694107 0.01919091118446219 (2453 plane wave)
 1 0.6599356597762379 0.001562499999996930
 2 1.844991999918049 0.001562499564504612
 3 5.045311532090868 7.076879128346829e-11
 4 6.170470606035531 0.000000000000000
 5 7.352176794873826 0.000000000000000
 6 8.392845743169730 0.000000000000000
 7 9.302894072319866 0.000000000000000
 8 13.01806105209411 0.000000000000000
 9 13.50529086887696 0.000000000000000
 10 15.61463208799521 0.000000000000000
 11 17.36529817522658 0.000000000000000
 12 19.28332618754873 0.000000000000000

 spin=1 k-point=155/1284 Cartesian=0.1557923599426688 0.1124334511882340 0.01919091118446219 (2453 plane wave)
 1 0.6599356602457608 0.001562499999996930
 2 1.844991998129937 0.001562499564504620
 3 5.045311553322465 7.076877625812216e-11
 4 6.170470563335398 0.000000000000000
 5 7.352176812676909 0.000000000000000
 6 8.392845764282207 0.000000000000000
 7 9.302894056397118 0.000000000000000
 8 13.01806105077465 0.000000000000000
 9 13.50529086927870 0.000000000000000
 10 15.61463208902776 0.000000000000000
 11 17.36529817280683 0.000000000000000
 12 19.28332619957847 0.000000000000000

 spin=1 k-point=156/1284 Cartesian=0.1363183149498352 0.05621672559411737 -0.01919091118446170 (2457 plane wave)
 1 -0.3864949615245243 0.001562500000000037
 2 3.102291930132661 0.001446150941782945
 3 4.089976253632884 9.966303577916463e-07
 4 6.173988479794813 0.000000000000000
 5 7.668004122131168 0.000000000000000
 6 9.174924055137661 0.000000000000000
 7 9.975885017028869 0.000000000000000
 8 13.16895053322707 0.000000000000000
 9 13.65697716610772 0.000000000000000
 10 15.76148737132957 0.000000000000000
 11 17.48956758676846 0.000000000000000
 12 19.11135273604060 0.000000000000000

 spin=1 k-point=157/1284 Cartesian=0.1168442699570017 0.04497338047529403 -0.01919091118446170 (2463 plane wave)
 1 -1.286616631712610 0.001562500000000037
 2 3.028917898602753 0.001504390082212518
 3 4.626653572152038 4.656390204184409e-09
 4 5.477280976821873 9.415033634910368e-13
 5 9.019206666037908 0.000000000000000
 6 9.648982369292900 0.000000000000000
 7 11.33349673769364 0.000000000000000
 8 13.47389931986312 0.000000000000000
 9 13.96171353379777 0.000000000000000
 10 16.05234612085993 0.000000000000000
 11 17.69784228012962 0.000000000000000
 12 18.62226052580874 0.000000000000000

 spin=1 k-point=158/1284 Cartesian=0.09737022496416814 0.03373003535647069 -0.01919091118446170 (2472 plane wave)
 1 -2.038098881045831 0.001562500000000037
 2 2.313702613408501 0.001562452733286235
 3 4.491168613176349 1.804884807327205e-08
 4 6.496134257681855 0.000000000000000
 5 9.897901741184947 0.000000000000000
 6 10.85867443867266 0.000000000000000
 7 12.85306649692204 0.000000000000000
 8 13.95241299832547 0.000000000000000
 9 14.42725486208257 0.000000000000000
 10 16.47433188394157 0.000000000000000
 11 17.68197540215006 0.000000000000000
 12 18.42330659652027 0.000000000000000

 spin=1 k-point=159/1284 Cartesian=0.07789617997133459 0.02248669023764736 -0.01919091118446170 (2478 plane wave)
 1 -2.639941049772494 0.001562500000000037
 2 1.721983223996178 0.001562499872719140
 3 3.934974109241891 4.684606341287358e-06
 4 8.244943820467867 0.000000000000000
 5 10.54383398858235 0.000000000000000
 6 12.57805970248668 0.000000000000000
 7 14.19965426951717 0.000000000000000
 8 14.75230912881067 0.000000000000000
 9 15.14172311327440 0.000000000000000
 10 16.91323538140399 0.000000000000000
 11 17.43154053357900 0.000000000000000
 12 18.65734452773132 0.000000000000000

 spin=1 k-point=160/1284 Cartesian=0.05842213497850103 0.01124334511882402 -0.01919091118446170 (2471 plane wave)
 1 -3.091630982827939 0.001562500000000037
 2 1.274883768814035 0.001562499998544462
 3 3.499524087352369 0.0002963351914360211
 4 10.16008176100156 0.000000000000000
 5 11.30216080063683 0.000000000000000
 6 14.42159126965184 0.000000000000000
 7 15.05655397339219 0.000000000000000
 8 15.64255622244084 0.000000000000000
 9 16.26558668064031 0.000000000000000
 10 17.17529345484028 0.000000000000000
 11 17.40559064710744 0.000000000000000
 12 18.01268317323630 0.000000000000000

 spin=1 k-point=161/1284 Cartesian=-0.03894808998566670 0.000000000000000 0.01919091118446219 (2474 plane wave)
 1 -3.392884673802044 0.001562500000000037
 2 0.9759430854043479 0.001562499999926796
 3 3.206101125570197 0.001273235192618487
 4 12.18533758749081 0.000000000000000
 5 12.20172874068444 0.000000000000000
 6 15.47743435777544 0.000000000000000
 7 16.04856151812544 0.000000000000000
 8 16.20970490834033 0.000000000000000
 9 16.67879042120273 0.000000000000000
 10 16.74856619946301 0.000000000000000
 11 18.62338438663244 0.000000000000000
 12 18.82876464389534 0.000000000000000

 spin=1 k-point=162/1284 Cartesian=-0.01947404499283316 0.01124334511882402 0.01919091118446219 (2471 plane wave)
 1 -3.543546393132655 0.001562500000000037
 2 0.8262799221853764 0.001562499999983639
 3 3.058804248307367 0.001485150914099180
 4 13.20351117637514 0.000000000000000
 5 13.96078343987785 0.000000000000000
 6 14.84719431939911 0.000000000000000
 7 16.08883427283402 0.000000000000000
 8 16.43446245255738 0.000000000000000
 9 17.50925591704260 0.000000000000000
 10 17.72829410780860 0.000000000000000
 11 18.35821461706142 0.000000000000000
 12 18.42430284989451 0.000000000000000

 spin=1 k-point=163/1284 Cartesian=0.000000000000000 0.04497338047529380 0.01919091118446219 (2477 plane wave)
 1 -3.317562604374068 0.001562500000000037
 2 1.050725561047922 0.001562499999845323
 3 3.279598124065716 0.001060196017866682
 4 11.11878157560808 0.000000000000000
 5 12.98538300978014 0.000000000000000
 6 14.02235979931605 0.000000000000000
 7 15.47247584344981 0.000000000000000
 8 16.35595465017786 0.000000000000000
 9 17.38318943330890 0.000000000000000
 10 17.55721193844154 0.000000000000000
 11 17.86538202345207 0.000000000000000
 12 18.46102501777318 0.000000000000000

 spin=1 k-point=164/1284 Cartesian=0.01947404499283394 0.05621672559411736 0.01919091118446219 (2471 plane wave)
 1 -3.091630982803589 0.001562500000000037
 2 1.274883768589050 0.001562499998544462
 3 3.499524087784830 0.0002963351903975369
 4 10.16008176136853 0.000000000000000
 5 11.30216079934796 0.000000000000000
 6 14.42159127045796 0.000000000000000
 7 15.05655397151414 0.000000000000000
 8 15.64255621911761 0.000000000000000
 9 16.26558668120499 0.000000000000000
 10 17.17529346296926 0.000000000000000
 11 17.40559064688280 0.000000000000000
 12 18.01268317171122 0.000000000000000

 spin=1 k-point=165/1284 Cartesian=0.03894808998566748 0.06746007071294069 0.01919091118446219 (2474 plane wave)
 1 -2.715201208109662 0.001562500000000037
 2 1.647705205223267 0.001562499939441158
 3 3.863530095454982 9.541015078750091e-06
 4 9.307173496647062 0.000000000000000
 5 9.374067893871548 0.000000000000000
 6 13.58805799501542 0.000000000000000
 7 13.77926954101041 0.000000000000000
 8 15.68792708834752 0.000000000000000
 9 15.96486623573428 0.000000000000000
 10 16.16558970356566 0.000000000000000
 11 17.01153991872813 0.000000000000000
 12 17.54927141859281 0.000000000000000

 spin=1 k-point=166/1284 Cartesian=0.05842213497850103 0.07870341583176403 0.01919091118446219 (2470 plane wave)
 1 -2.188488690175754 0.001562500000000037
 2 2.167194586624956 0.001562489078329293
 3 4.362974993346525 6.503907882182895e-08
 4 7.504088925162484 0.000000000000000
 5 8.665406074412925 0.000000000000000
 6 11.85202068368160 0.000000000000000
 7 12.98262860988363 0.000000000000000
 8 14.11799930156382 0.000000000000000
 9 15.23491846175427 0.000000000000000
 10 15.94715855829140 0.000000000000000
 11 17.70418133772841 0.000000000000000
 12 18.48235447690911 0.000000000000000

 spin=1 k-point=167/1284 Cartesian=0.07789617997133459 0.08994676095058737 0.01919091118446219 (2462 plane wave)
 1 -1.511877460470655 0.001562500000000037
 2 2.825667482225596 0.001554632946428265
 3 4.917109407218537 2.550448844933227e-10
 4 5.903731455253435 1.323641961544057e-14
 5 8.126667818198257 0.000000000000000
 6 10.17593245164671 0.000000000000000
 7 12.10936430701716 0.000000000000000
 8 12.80821490637853 0.000000000000000
 9 14.73573992998229 0.000000000000000
 10 15.49401004202105 0.000000000000000
 11 18.34921220818275 0.000000000000000
 12 19.74938416874663 0.000000000000000

 spin=1 k-point=168/1284 Cartesian=0.09737022496416814 0.1011901060694107 0.01919091118446219 (2457 plane wave)
 1 -0.6860775427331189 0.001562500000000037
 2 3.516018851690082 0.0002587356256999281
 3 4.245936128527299 2.096175538945069e-07
 4 5.913898860124039 1.195677446433003e-14
 5 7.688127771737001 0.000000000000000
 6 8.702837030999889 0.000000000000000
 7 10.74423698095812 0.000000000000000
 8 12.27486495088194 0.000000000000000
 9 14.37402576652756 0.000000000000000
 10 15.14627943414997 0.000000000000000
 11 19.01913230096610 0.000000000000000
 12 19.67512584404679 0.000000000000000

 spin=1 k-point=169/1284 Cartesian=0.1168442699570017 0.1124334511882340 0.01919091118446219 (2447 plane wave)
 1 0.2874263799661909 0.001562499999999962
 2 2.647567263306943 0.001561169071984742
 3 4.688772371254243 2.501908271571289e-09
 4 6.638747512504382 0.000000000000000
 5 7.046624003900734 0.000000000000000
 6 7.872578262585755 0.000000000000000
 7 9.417602099614031 0.000000000000000
 8 12.02222018719937 0.000000000000000
 9 14.15535961732939 0.000000000000000
 10 14.93326136137726 0.000000000000000
 11 19.20885635221050 0.000000000000000
 12 20.16380975833659 0.000000000000000

 spin=1 k-point=170/1284 Cartesian=0.1363183149498352 0.1236767963070574 0.01919091118446219 (2447 plane wave)
 1 1.401919809496936 0.001562499994815079
 2 1.407437194176965 0.001562499994520966
 3 5.666486529179239 1.419424840998590e-13
 4 5.846518115646575 2.345551452824693e-14
 5 7.238786527641762 0.000000000000000
 6 8.018889013274389 0.000000000000000
 7 8.506612767998590 0.000000000000000
 8 11.94138313061088 0.000000000000000
 9 14.08224477656555 0.000000000000000
 10 14.86174476671016 0.000000000000000
 11 19.17780814254582 0.000000000000000
 12 20.73830938261531 0.000000000000000

 spin=1 k-point=171/1284 Cartesian=0.1557923599426688 0.1349201414258807 0.01919091118446219 (2447 plane wave)
 1 0.2874263801741615 0.001562499999999962
 2 2.647567259278972 0.001561169072038305
 3 4.688772393813656 2.501907707156299e-09
 4 6.638747444794548 0.000000000000000
 5 7.046623990457224 0.000000000000000
 6 7.872578359390435 0.000000000000000
 7 9.417602060970973 0.000000000000000
 8 12.02222019188292 0.000000000000000
 9 14.15535961711081 0.000000000000000
 10 14.93326136179976 0.000000000000000
 11 19.20885633875266 0.000000000000000
 12 20.16380979199699 0.000000000000000

 spin=1 k-point=172/1284 Cartesian=0.1363183149498352 0.03373003535647069 -0.01919091118446170 (2457 plane wave)
 1 -0.6860775426972225 0.001562500000000037
 2 3.516018831827652 0.0002587356685812160
 3 4.245936169806023 2.096174673786618e-07
 4 5.913898824995236 1.195677866460349e-14
 5 7.688127755542991 0.000000000000000
 6 8.702837085866934 0.000000000000000
 7 10.74423694365335 0.000000000000000
 8 12.27486496419905 0.000000000000000
 9 14.37402576605482 0.000000000000000
 10 15.14627943490845 0.000000000000000
 11 19.01913228243096 0.000000000000000
 12 19.67512587152623 0.000000000000000

 spin=1 k-point=173/1284 Cartesian=0.1168442699570017 0.02248669023764735 -0.01919091118446170 (2462 plane wave)
 1 -1.511877460489687 0.001562500000000037
 2 2.825667480393709 0.001554632946571655
 3 4.917109424439740 2.550448405715255e-10
 4 5.903731433781410 1.323642245756889e-14
 5 8.126667816020431 0.000000000000000
 6 10.17593248094064 0.000000000000000
 7 12.10936425256250 0.000000000000000
 8 12.80821494196238 0.000000000000000
 9 14.73573992921702 0.000000000000000
 10 15.49401004286447 0.000000000000000
 11 18.34921220312527 0.000000000000000
 12 19.74938417763737 0.000000000000000

 spin=1 k-point=174/1284 Cartesian=0.09737022496416814 0.01124334511882402 -0.01919091118446170 (2470 plane wave)
 1 -2.188488690209095 0.001562500000000037
 2 2.167194586640007 0.001562489078329291
 3 4.362974994060544 6.503907835745722e-08
 4 7.504088921377995 0.000000000000000
 5 8.665406075096765 0.000000000000000
 6 11.85202070564947 0.000000000000000
 7 12.98262857711048 0.000000000000000
 8 14.11799931937769 0.000000000000000
 9 15.23491846054549 0.000000000000000
 10 15.94715855841057 0.000000000000000
 11 17.70418133445170 0.000000000000000
 12 18.48235447249714 0.000000000000000

 spin=1 k-point=175/1284 Cartesian=0.07789617997133459 0.000000000000000 -0.01919091118446170 (2474 plane wave)
 1 -2.715201208141298 0.001562500000000037
 2 1.647705205526848 0.001562499939441158
 3 3.863530094864133 9.541015134778888e-06
 4 9.307173491331479 0.000000000000000
 5 9.374067899646290 0.000000000000000
 6 13.58805800123385 0.000000000000000
 7 13.77926953612051 0.000000000000000
 8 15.68792709164974 0.000000000000000
 9 15.96486623315958 0.000000000000000
 10 16.16558970658797 0.000000000000000
 11 17.01153991329453 0.000000000000000
 12 17.54927141612975 0.000000000000000

 spin=1 k-point=176/1284 Cartesian=-0.05842213497850025 0.01124334511882401 0.01919091118446219 (2471 plane wave)
 1 -3.091630982826894 0.001562500000000037
 2 1.274883768858251 0.001562499998544462
 3 3.499524087246910 0.0002963351916892654
 4 10.16008176200581 0.000000000000000
 5 11.30216080094191 0.000000000000000
 6 14.42159128408632 0.000000000000000
 7 15.05655392763459 0.000000000000000
 8 15.64255624391348 0.000000000000000
 9 16.26558667892666 0.000000000000000
 10 17.17529345662921 0.000000000000000
 11 17.40559067498877 0.000000000000000
 12 18.01268315964135 0.000000000000000

 spin=1 k-point=177/1284 Cartesian=-0.03894808998566670 0.02248669023764735 0.01919091118446219 (2477 plane wave)
 1 -3.317562604386243 0.001562500000000037
 2 1.050725561190308 0.001562499999845323
 3 3.279598123766818 0.001060196018885407
 4 11.11878157607572 0.000000000000000
 5 12.98538301162827 0.000000000000000
 6 14.02235980967704 0.000000000000000
 7 15.47247581489857 0.000000000000000
 8 16.35595463465100 0.000000000000000
 9 17.38318943667648 0.000000000000000
 10 17.55721198665669 0.000000000000000
 11 17.86538202417768 0.000000000000000
 12 18.46102496490447 0.000000000000000

 spin=1 k-point=178/1284 Cartesian=-0.01947404499283316 0.03373003535647068 0.01919091118446219 (2474 plane wave)
 1 -3.392884673792418 0.001562500000000037
 2 0.9759430853268575 0.001562499999926796
 3 3.206101125727008 0.001273235192248865
 4 12.18533758005446 0.000000000000000
 5 12.20172874793029 0.000000000000000
 6 15.47743435343323 0.000000000000000
 7 16.04856151951001 0.000000000000000
 8 16.20970491277190 0.000000000000000
 9 16.67879042936264 0.000000000000000
 10 16.74856619037012 0.000000000000000
 11 18.62338439104204 0.000000000000000
 12 18.82876463805276 0.000000000000000

 spin=1 k-point=179/1284 Cartesian=0.000000000000000 0.06746007071294047 0.01919091118446219 (2480 plane wave)
 1 -2.941043102809323 0.001562500000000037
 2 1.424081482971704 0.001562499993528728
 3 3.645254231864465 8.075480753787310e-05
 4 9.132662158377663 0.000000000000000
 5 12.15413945472826 0.000000000000000
 6 13.04177425775646 0.000000000000000
 7 13.75869185510273 0.000000000000000
 8 15.56028920384681 0.000000000000000
 9 16.55414725551891 0.000000000000000
 10 16.84109607886696 0.000000000000000
 11 17.84183115550642 0.000000000000000
 12 18.80141336098096 0.000000000000000

 spin=1 k-point=180/1284 Cartesian=0.01947404499283394 0.07870341583176403 0.01919091118446219 (2478 plane wave)
 1 -2.639941049733117 0.001562500000000037
 2 1.721983223677135 0.001562499872719141
 3 3.934974109917846 4.684606309716422e-06
 4 8.244943820719575 0.000000000000000
 5 10.54383398727687 0.000000000000000
 6 12.57805970312766 0.000000000000000
 7 14.19965426854436 0.000000000000000
 8 14.75230912216396 0.000000000000000
 9 15.14172311582379 0.000000000000000
 10 16.91323539046884 0.000000000000000
 11 17.43154052951197 0.000000000000000
 12 18.65734453522034 0.000000000000000

 spin=1 k-point=181/1284 Cartesian=0.03894808998566748 0.08994676095058736 0.01919091118446219 (2470 plane wave)
 1 -2.188488690159640 0.001562500000000037
 2 2.167194586227546 0.001562489078329336
 3 4.362974994934727 6.503907778891994e-08
 4 7.504088921985654 0.000000000000000
 5 8.665406073971214 0.000000000000000
 6 11.85202070529283 0.000000000000000
 7 12.98262857399413 0.000000000000000
 8 14.11799932065869 0.000000000000000
 9 15.23491846096618 0.000000000000000
 10 15.94715855763755 0.000000000000000
 11 17.70418133905569 0.000000000000000
 12 18.48235447330217 0.000000000000000

 spin=1 k-point=182/1284 Cartesian=0.05842213497850103 0.1011901060694107 0.01919091118446219 (2462 plane wave)
 1 -1.586982620962326 0.001562500000000037
 2 2.755562017965114 0.001558587528385404
 3 4.904720965664290 2.886814905885504e-10
 4 6.836232936200462 0.000000000000000
 5 7.009430739386280 0.000000000000000
 6 11.14874361054010 0.000000000000000
 7 11.35665063251828 0.000000000000000
 8 13.48652265167577 0.000000000000000
 9 13.55922232101507 0.000000000000000
 10 17.30006663521636 0.000000000000000
 11 18.05428976069663 0.000000000000000
 12 18.55981664198742 0.000000000000000

 spin=1 k-point=183/1284 Cartesian=0.07789617997133459 0.1124334511882340 0.01919091118446219 (2455 plane wave)
 1 -0.8359517088134516 0.001562500000000037
 2 3.464919175280341 0.0003884041113724810
 3 5.071795302278828 5.430304736223383e-11
 4 5.778260976579881 4.641752984333955e-14
 5 6.564325119340960 0.000000000000000
 6 9.640155445381295 0.000000000000000
 7 10.76310574823349 0.000000000000000
 8 11.97221867075497 0.000000000000000
 9 13.07716708928845 0.000000000000000
 10 17.26515681503680 0.000000000000000
 11 19.01120197864317 0.000000000000000
 12 19.81692583707940 0.000000000000000

 spin=1 k-point=184/1284 Cartesian=0.09737022496416814 0.1236767963070574 0.01919091118446219 (2450 plane wave)
 1 0.06358573464652330 0.001562500000000029
 2 3.549718864933068 0.0001938994191324716
 3 4.505670025359668 1.561245926052537e-08
 4 5.974201088068263 6.542213679922707e-15
 5 6.738727313917878 0.000000000000000
 6 8.244529716652494 0.000000000000000
 7 10.11934110910614 0.000000000000000
 8 10.85781639905783 0.000000000000000
 9 12.77998921547994 0.000000000000000
 10 17.02765217101128 0.000000000000000
 11 19.90331508627444 0.000000000000000
 12 21.31731877574555 0.000000000000000

 spin=1 k-point=185/1284 Cartesian=0.1168442699570017 0.1349201414258807 0.01919091118446219 (2449 plane wave)
 1 1.109289464017590 0.001562499999722150
 2 2.293653320136015 0.001562461320148337
 3 5.360515563226987 3.026409890038415e-12
 4 5.962031126062983 7.388873157263097e-15
 5 6.656337197806272 0.000000000000000
 6 7.928326155103733 0.000000000000000
 7 9.021204625294480 0.000000000000000
 8 10.53666616381297 0.000000000000000
 9 12.63142772776869 0.000000000000000
 10 16.89709356307451 0.000000000000000
 11 20.78269415154072 0.000000000000000
 12 21.41261622706019 0.000000000000000

 spin=1 k-point=186/1284 Cartesian=0.1363183149498352 0.1461634865447040 0.01919091118446219 (2449 plane wave)
 1 1.109289464323987 0.001562499999722150
 2 2.293653318645799 0.001562461320148913
 3 5.360515593902926 3.026408961658673e-12
 4 5.962031097500286 7.388875267725330e-15
 5 6.656337161070961 0.000000000000000
 6 7.928326231202133 0.000000000000000
 7 9.021204575339935 0.000000000000000
 8 10.53666617405237 0.000000000000000
 9 12.63142772739955 0.000000000000000
 10 16.89709356317613 0.000000000000000
 11 20.78269413817215 0.000000000000000
 12 21.41261626085598 0.000000000000000

 spin=1 k-point=187/1284 Cartesian=0.1557923599426688 0.1574068316635274 0.01919091118446219 (2450 plane wave)
 1 0.06358573467790014 0.001562500000000029
 2 3.549718852763756 0.0001938994398005151
 3 4.505670059780437 1.561245388665009e-08
 4 5.974201053632856 6.542215932761518e-15
 5 6.738727295881705 0.000000000000000
 6 8.244529778315602 0.000000000000000
 7 10.11934103866466 0.000000000000000
 8 10.85781643987130 0.000000000000000
 9 12.77998921417723 0.000000000000000
 10 17.02765217135583 0.000000000000000
 11 19.90331508353394 0.000000000000000
 12 21.31731878352920 0.000000000000000

 spin=1 k-point=188/1284 Cartesian=0.1363183149498352 0.01124334511882402 -0.01919091118446170 (2455 plane wave)
 1 -0.8359517088580970 0.001562500000000037
 2 3.464919171940063 0.0003884041211212578
 3 5.071795338114015 5.430302790263465e-11
 4 5.778260925593477 4.641755350998085e-14
 5 6.564325131946679 0.000000000000000
 6 9.640155479508046 0.000000000000000
 7 10.76310570408079 0.000000000000000
 8 11.97221869051370 0.000000000000000
 9 13.07716708630903 0.000000000000000
 10 17.26515681578448 0.000000000000000
 11 19.01120197984255 0.000000000000000
 12 19.81692583064744 0.000000000000000

 spin=1 k-point=189/1284 Cartesian=0.1168442699570017 0.000000000000000 -0.01919091118446170 (2462 plane wave)
 1 -1.586982621022808 0.001562500000000037
 2 2.755562018541576 0.001558587528362907
 3 4.904720964548191 2.886814938105211e-10
 4 6.836232930790320 0.000000000000000
 5 7.009430744971306 0.000000000000000
 6 11.14874361669397 0.000000000000000
 7 11.35665062881839 0.000000000000000
 8 13.48652265627063 0.000000000000000
 9 13.55922231499058 0.000000000000000
 10 17.30006663851931 0.000000000000000
 11 18.05428975757492 0.000000000000000
 12 18.55981663848483 0.000000000000000

 spin=1 k-point=190/1284 Cartesian=0.09737022496416814 -0.01124334511882265 -0.01919091118446170 (2470 plane wave)
 1 -2.188488690214829 0.001562500000000037
 2 2.167194587048269 0.001562489078329246
 3 4.362974992518217 6.503907936053084e-08
 4 7.504088925129992 0.000000000000000
 5 8.665406074700908 0.000000000000000
 6 11.85202068684047 0.000000000000000
 7 12.98262860706044 0.000000000000000
 8 14.11799930317364 0.000000000000000
 9 15.23491846128740 0.000000000000000
 10 15.94715855748582 0.000000000000000
 11 17.70418134029403 0.000000000000000
 12 18.48235447050757 0.000000000000000

 spin=1 k-point=191/1284 Cartesian=-0.07789617997133380 0.02248669023764735 0.01919091118446219 (2478 plane wave)
 1 -2.639941049775079 0.001562500000000037
 2 1.721983224307657 0.001562499872719140
 3 3.934974108271951 4.684606386588979e-06
 4 8.244943823040664 0.000000000000000
 5 10.54383399074805 0.000000000000000
 6 12.57805969536822 0.000000000000000
 7 14.19965421770037 0.000000000000000
 8 14.75230920594948 0.000000000000000
 9 15.14172310164947 0.000000000000000
 10 16.91323534158461 0.000000000000000
 11 17.43154057118139 0.000000000000000
 12 18.65734451542111 0.000000000000000

 spin=1 k-point=192/1284 Cartesian=-0.05842213497850025 0.03373003535647068 0.01919091118446219 (2480 plane wave)
 1 -2.941043102835196 0.001562500000000037
 2 1.424081483351392 0.001562499993528728
 3 3.645254230950865 8.075480823751817e-05
 4 9.132662159966898 0.000000000000000
 5 12.15413945671690 0.000000000000000
 6 13.04177429693715 0.000000000000000
 7 13.75869177816853 0.000000000000000
 8 15.56028925173566 0.000000000000000
 9 16.55414725778897 0.000000000000000
 10 16.84109609689069 0.000000000000000
 11 17.84183109607849 0.000000000000000
 12 18.80141336070034 0.000000000000000

 spin=1 k-point=193/1284 Cartesian=-0.03894808998566670 0.04497338047529402 0.01919091118446219 (2471 plane wave)
 1 -3.091630982814658 0.001562500000000037
 2 1.274883768778779 0.001562499998544462
 3 3.499524087404868 0.0002963351913099540
 4 10.16008176168265 0.000000000000000
 5 11.30216080131531 0.000000000000000
 6 14.42159128312722 0.000000000000000
 7 15.05655393015231 0.000000000000000
 8 15.64255624325989 0.000000000000000
 9 16.26558667501608 0.000000000000000
 10 17.17529345124387 0.000000000000000
 11 17.40559067729603 0.000000000000000
 12 18.01268316537237 0.000000000000000

 spin=1 k-point=194/1284 Cartesian=-0.01947404499283316 0.05621672559411735 0.01919091118446219 (2471 plane wave)
 1 -3.091630982805933 0.001562500000000037
 2 1.274883768654323 0.001562499998544462
 3 3.499524087697676 0.0002963351906068218
 4 10.16008176091663 0.000000000000000
 5 11.30216080043713 0.000000000000000
 6 14.42159127049577 0.000000000000000
 7 15.05655397263335 0.000000000000000
 8 15.64255621390749 0.000000000000000
 9 16.26558668550635 0.000000000000000
 10 17.17529346412264 0.000000000000000
 11 17.40559064407623 0.000000000000000
 12 18.01268316937787 0.000000000000000

 spin=1 k-point=195/1284 Cartesian=0.000000000000000 0.08994676095058715 0.01919091118446219 (2468 plane wave)
 1 -2.414199085276653 0.001562500000000037
 2 1.944451742292503 0.001562498822579330
 3 4.147348876968448 5.616798805399712e-07
 4 7.291738653998085 0.000000000000000
 5 11.47271488688712 0.000000000000000
 6 11.50733035280150 0.000000000000000
 7 12.73016095367056 0.000000000000000
 8 13.93284564010454 0.000000000000000
 9 15.87376650058319 0.000000000000000
 10 16.90715410693370 0.000000000000000
 11 17.51165131645756 0.000000000000000
 12 18.12577451140287 0.000000000000000

 spin=1 k-point=196/1284 Cartesian=0.01947404499283394 0.1011901060694107 0.01919091118446219 (2472 plane wave)
 1 -2.038098880987204 0.001562500000000037
 2 2.313702612985044 0.001562452733286435
 3 4.491168614152438 1.804884789710102e-08
 4 6.496134257970083 0.000000000000000
 5 9.897901739488917 0.000000000000000
 6 10.85867443932112 0.000000000000000
 7 12.85306649452637 0.000000000000000
 8 13.95241299664288 0.000000000000000
 9 14.42725486243705 0.000000000000000
 10 16.47433188661814 0.000000000000000
 11 17.68197540291815 0.000000000000000
 12 18.42330659965885 0.000000000000000

 spin=1 k-point=197/1284 Cartesian=0.03894808998566748 0.1124334511882340 0.01919091118446219 (2462 plane wave)
 1 -1.511877460417194 0.001562500000000037
 2 2.825667479861209 0.001554632946613336
 3 4.917109425304842 2.550448383651271e-10
 4 5.903731434777918 1.323642232566687e-14
 5 8.126667814958365 0.000000000000000
 6 10.17593248045760 0.000000000000000
 7 12.10936424710932 0.000000000000000
 8 12.80821494559280 0.000000000000000
 9 14.73573992957962 0.000000000000000
 10 15.49401004277054 0.000000000000000
 11 18.34921220556605 0.000000000000000
 12 19.74938418402538 0.000000000000000

 spin=1 k-point=198/1284 Cartesian=0.05842213497850103 0.1236767963070574 0.01919091118446219 (2455 plane wave)
 1 -0.8359517087692714 0.001562500000000037
 2 3.464919171172572 0.0003884041233612209
 3 5.071795337524580 5.430302822271607e-11
 4 5.778260929836549 4.641755154045050e-14
 5 6.564325130114774 0.000000000000000
 6 9.640155477973199 0.000000000000000
 7 10.76310570047703 0.000000000000000
 8 11.97221869310993 0.000000000000000
 9 13.07716708711867 0.000000000000000
 10 17.26515681384139 0.000000000000000
 11 19.01120198419584 0.000000000000000
 12 19.81692583191453 0.000000000000000

 spin=1 k-point=199/1284 Cartesian=0.07789617997133459 0.1349201414258807 0.01919091118446219 (2452 plane wave)
 1 -0.01107725103804818 0.001562500000000033
 2 4.097055687592934 9.285546014432061e-07
 3 4.804607208876351 7.856107704252636e-10
 4 4.974108338860003 1.442359012281823e-10
 5 6.658448474701402 0.000000000000000
 6 9.134719471523036 0.000000000000000
 7 9.406646440716768 0.000000000000000
 8 11.54897864556479 0.000000000000000
 9 11.56640024379890 0.000000000000000
 10 18.89195492169523 0.000000000000000
 11 19.55351964149686 0.000000000000000
 12 20.11391629026071 0.000000000000000

 spin=1 k-point=200/1284 Cartesian=0.09737022496416814 0.1461634865447041 0.01919091118446219 (2450 plane wave)
 1 0.9612020588155893 0.001562499999936834
 2 3.317325196642820 0.0009240537670347903
 3 4.460577198857136 2.450781260186881e-08
 4 5.465966211311125 1.054292920128317e-12
 5 7.291618688886257 0.000000000000000
 6 8.065520582710670 0.000000000000000
 7 9.069566437825616 0.000000000000000
 8 10.22675325577922 0.000000000000000
 9 11.32353727205784 0.000000000000000
 10 19.03738312163201 0.000000000000000
 11 20.76751445429528 0.000000000000000
 12 21.54766576480180 0.000000000000000

 spin=1 k-point=201/1284 Cartesian=0.1168442699570017 0.1574068316635274 0.01919091118446219 (2456 plane wave)
 1 2.066662376281606 0.001562496003451833
 2 2.087285608240864 0.001562495088090255
 3 4.420020852536796 3.676505002068887e-08
 4 6.472206828465495 0.000000000000000
 5 6.497670056626550 0.000000000000000
 6 8.308426309605306 0.000000000000000
 7 8.976698998144341 0.000000000000000
 8 9.439713665920522 0.000000000000000
 9 11.24637272811922 0.000000000000000
 10 18.99516701539721 0.000000000000000
 11 21.67901607388921 0.000000000000000
 12 22.14171068075647 0.000000000000000

 spin=1 k-point=202/1284 Cartesian=0.1363183149498352 0.1686501767823507 0.01919091118446219 (2450 plane wave)
 1 0.9612020587943330 0.001562499999936834
 2 3.317325193690018 0.0009240537781837904
 3 4.460577209274239 2.450781004890432e-08
 4 5.465966205517210 1.054292981213162e-12
 5 7.291618637186287 0.000000000000000
 6 8.065520679642267 0.000000000000000
 7 9.069566374813522 0.000000000000000
 8 10.22675327534161 0.000000000000000
 9 11.32353726884580 0.000000000000000
 10 19.03738312221332 0.000000000000000
 11 20.76751445586220 0.000000000000000
 12 21.54766575766945 0.000000000000000

 spin=1 k-point=203/1284 Cartesian=0.1557923599426688 0.1798935219011741 0.01919091118446219 (2452 plane wave)
 1 -0.01107725114994868 0.001562500000000033
 2 4.097055690191031 9.285545773327822e-07
 3 4.804607203443436 7.856108131068138e-10
 4 4.974108341791066 1.442358970005380e-10
 5 6.658448472379791 0.000000000000000
 6 9.134719477738141 0.000000000000000
 7 9.406646439378752 0.000000000000000
 8 11.54897863870046 0.000000000000000
 9 11.56640024846310 0.000000000000000
 10 18.89195492502222 0.000000000000000
 11 19.55351963836063 0.000000000000000
 12 20.11391628661972 0.000000000000000

 spin=1 k-point=204/1284 Cartesian=0.1363183149498352 -0.01124334511882266 -0.01919091118446170 (2455 plane wave)
 1 -0.8359517088877035 0.001562500000000037
 2 3.464919176381819 0.0003884041081577637
 3 5.071795301101154 5.430304800174695e-11
 4 5.778260974627982 4.641753074936332e-14
 5 6.564325120510509 0.000000000000000
 6 9.640155449100611 0.000000000000000
 7 10.76310574611809 0.000000000000000
 8 11.97221867144229 0.000000000000000
 9 13.07716708828067 0.000000000000000
 10 17.26515681466013 0.000000000000000
 11 19.01120198082660 0.000000000000000
 12 19.81692583144563 0.000000000000000

 spin=1 k-point=205/1284 Cartesian=0.1168442699570017 -0.02248669023764600 -0.01919091118446170 (2462 plane wave)
 1 -1.511877460518037 0.001562500000000037
 2 2.825667482908069 0.001554632946374845
 3 4.917109405744133 2.550448882537147e-10
 4 5.903731455458910 1.323641958824302e-14
 5 8.126667818253555 0.000000000000000
 6 10.17593245454506 0.000000000000000
 7 12.10936430271422 0.000000000000000
 8 12.80821490947800 0.000000000000000
 9 14.73573992964388 0.000000000000000
 10 15.49401004117043 0.000000000000000
 11 18.34921220849986 0.000000000000000
 12 19.74938416581192 0.000000000000000

 spin=1 k-point=206/1284 Cartesian=-0.09737022496416733 0.03373003535647070 0.01919091118446219 (2472 plane wave)
 1 -2.038098881063751 0.001562500000000037
 2 2.313702614805647 0.001562452733285575
 3 4.491168606910192 1.804884920422830e-08
 4 6.496134266083887 0.000000000000000
 5 9.897901751922918 0.000000000000000
 6 10.85867441429603 0.000000000000000
 7 12.85306649183197 0.000000000000000
 8 13.95241302866096 0.000000000000000
 9 14.42725485410046 0.000000000000000
 10 16.47433186890500 0.000000000000000
 11 17.68197542762748 0.000000000000000
 12 18.42330656587453 0.000000000000000

 spin=1 k-point=207/1284 Cartesian=-0.07789617997133380 0.04497338047529403 0.01919091118446219 (2468 plane wave)
 1 -2.414199085327479 0.001562500000000037
 2 1.944451743335546 0.001562498822579318
 3 4.147348873679443 5.616798990070125e-07
 4 7.291738658304248 0.000000000000000
 5 11.47271488895589 0.000000000000000
 6 11.50733037426285 0.000000000000000
 7 12.73016087393379 0.000000000000000
 8 13.93284570659249 0.000000000000000
 9 15.87376650286875 0.000000000000000
 10 16.90715414434149 0.000000000000000
 11 17.51165123552638 0.000000000000000
 12 18.12577451272182 0.000000000000000

 spin=1 k-point=208/1284 Cartesian=-0.05842213497850025 0.05621672559411737 0.01919091118446219 (2478 plane wave)
 1 -2.639941049760107 0.001562500000000037
 2 1.721983224230190 0.001562499872719140
 3 3.934974108477493 4.684606376989027e-06
 4 8.244943822847292 0.000000000000000
 5 10.54383399107656 0.000000000000000
 6 12.57805969465038 0.000000000000000
 7 14.19965422019302 0.000000000000000
 8 14.75230920708037 0.000000000000000
 9 15.14172309683432 0.000000000000000
 10 16.91323533721774 0.000000000000000
 11 17.43154057418960 0.000000000000000
 12 18.65734451489100 0.000000000000000

 spin=1 k-point=209/1284 Cartesian=-0.03894808998566670 0.06746007071294070 0.01919091118446219 (2474 plane wave)
 1 -2.715201208113861 0.001562500000000037
 2 1.647705205368967 0.001562499939441158
 3 3.863530095262899 9.541015096964834e-06
 4 9.307173484324037 0.000000000000000
 5 9.374067906650406 0.000000000000000
 6 13.58805800701671 0.000000000000000
 7 13.77926952829635 0.000000000000000
 8 15.68792709691276 0.000000000000000
 9 15.96486622670554 0.000000000000000
 10 16.16558970355585 0.000000000000000
 11 17.01153991290845 0.000000000000000
 12 17.54927142263243 0.000000000000000

 spin=1 k-point=210/1284 Cartesian=-0.01947404499283316 0.07870341583176405 0.01919091118446219 (2478 plane wave)
 1 -2.639941049734839 0.001562500000000037
 2 1.721983223751308 0.001562499872719140
 3 3.934974109832495 4.684606313702810e-06
 4 8.244943820430588 0.000000000000000
 5 10.54383398831816 0.000000000000000
 6 12.57805970278021 0.000000000000000
 7 14.19965426958529 0.000000000000000
 8 14.75230911454928 0.000000000000000
 9 15.14172312342023 0.000000000000000
 10 16.91323538302612 0.000000000000000
 11 17.43154053635559 0.000000000000000
 12 18.65734453128162 0.000000000000000

 spin=1 k-point=211/1284 Cartesian=0.000000000000000 0.1124334511882338 0.01919091118446219 (2472 plane wave)
 1 -1.737408810397891 0.001562500000000037
 2 2.604288292150152 0.001561636372796017
 3 4.701407860390246 2.204937176431149e-09
 4 5.694840869781792 1.068983580824548e-13
 5 9.856976775864016 0.000000000000000
 6 10.94228428056124 0.000000000000000
 7 11.74596488191680 0.000000000000000
 8 12.70551450648657 0.000000000000000
 9 15.34401781628798 0.000000000000000
 10 16.53846606215238 0.000000000000000
 11 17.59810556694630 0.000000000000000
 12 17.82806693197990 0.000000000000000

 spin=1 k-point=212/1284 Cartesian=0.01947404499283394 0.1236767963070574 0.01919091118446219 (2463 plane wave)
 1 -1.286616631629271 0.001562500000000037
 2 3.028917898147139 0.001504390082467429
 3 4.626653571999812 4.656390211272615e-09
 4 5.477280978906978 9.415033438596892e-13
 5 9.019206663502182 0.000000000000000
 6 9.648982370270911 0.000000000000000
 7 11.33349673554262 0.000000000000000
 8 13.47389931937564 0.000000000000000
 9 13.96171353317370 0.000000000000000
 10 16.05234612209972 0.000000000000000
 11 17.69784228265094 0.000000000000000
 12 18.62226052611274 0.000000000000000

 spin=1 k-point=213/1284 Cartesian=0.03894808998566748 0.1349201414258807 0.01919091118446219 (2457 plane wave)
 1 -0.6860775425947599 0.001562500000000037
 2 3.516018831530331 0.0002587356692231084
 3 4.245936169100053 2.096174688583005e-07
 4 5.913898828391966 1.195677825846392e-14
 5 7.688127754366270 0.000000000000000
 6 8.702837084521581 0.000000000000000
 7 10.74423694074794 0.000000000000000
 8 12.27486496515791 0.000000000000000
 9 14.37402576658823 0.000000000000000
 10 15.14627943487217 0.000000000000000
 11 19.01913228389454 0.000000000000000
 12 19.67512587442370 0.000000000000000

 spin=1 k-point=214/1284 Cartesian=0.05842213497850103 0.1461634865447041 0.01919091118446219 (2450 plane wave)
 1 0.06358573480428971 0.001562500000000029
 2 3.549718852798903 0.0001938994397408222
 3 4.505670058333163 1.561245411260298e-08
 4 5.974201055012936 6.542215842473678e-15
 5 6.738727299964195 0.000000000000000
 6 8.244529774175415 0.000000000000000
 7 10.11934103278655 0.000000000000000
 8 10.85781644421234 0.000000000000000
 9 12.77998921510436 0.000000000000000
 10 17.02765217043502 0.000000000000000
 11 19.90331508567285 0.000000000000000
 12 21.31731878974804 0.000000000000000

 spin=1 k-point=215/1284 Cartesian=0.07789617997133459 0.1574068316635274 0.01919091118446219 (2450 plane wave)
 1 0.9612020589576461 0.001562499999936834
 2 3.317325193568583 0.0009240537786422969
 3 4.460577208667027 2.450781019771623e-08
 4 5.465966204920325 1.054292987506083e-12
 5 7.291618647796701 0.000000000000000
 6 8.065520670961039 0.000000000000000
 7 9.069566369340574 0.000000000000000
 8 10.22675327877435 0.000000000000000
 9 11.32353726980630 0.000000000000000
 10 19.03738312034487 0.000000000000000
 11 20.76751445885110 0.000000000000000
 12 21.54766576113616 0.000000000000000

 spin=1 k-point=216/1284 Cartesian=0.09737022496416814 0.1686501767823507 0.01919091118446219 (2445 plane wave)
 1 2.004047939583349 0.001562497863246348
 2 3.152167209278856 0.001379713618023940
 3 3.221352980571881 0.001235547660648246
 4 6.418329511565419 0.000000000000000
 5 7.440353931355828 0.000000000000000
 6 7.566238386722748 0.000000000000000
 7 8.987235579973648 0.000000000000000
 8 10.01046486707266 0.000000000000000
 9 10.05135926498224 0.000000000000000
 10 20.93661542655883 0.000000000000000
 11 21.31451972273635 0.000000000000000
 12 22.02687802539555 0.000000000000000

 spin=1 k-point=217/1284 Cartesian=0.1168442699570017 0.1798935219011741 0.01919091118446219 (2445 plane wave)
 1 2.004047939272245 0.001562497863246355
 2 3.152167214874805 0.001379713608991884
 3 3.221352975270130 0.001235547674355278
 4 6.418329513165216 0.000000000000000
 5 7.440353920856226 0.000000000000000
 6 7.566238393032341 0.000000000000000
 7 8.987235586217730 0.000000000000000
 8 10.01046485895703 0.000000000000000
 9 10.05135926956302 0.000000000000000
 10 20.93661542987162 0.000000000000000
 11 21.31451971868729 0.000000000000000
 12 22.02687801994728 0.000000000000000

 spin=1 k-point=218/1284 Cartesian=0.1363183149498352 0.1911368670199974 0.01919091118446219 (2450 plane wave)
 1 0.9612020586519197 0.001562499999936834
 2 3.317325197905652 0.0009240537622666688
 3 4.460577196740712 2.450781312055004e-08
 4 5.465966212911108 1.054292903259798e-12
 5 7.291618684143615 0.000000000000000
 6 8.065520587436133 0.000000000000000
 7 9.069566438324777 0.000000000000000
 8 10.22675325593057 0.000000000000000
 9 11.32353727100794 0.000000000000000
 10 19.03738312063628 0.000000000000000
 11 20.76751445516944 0.000000000000000
 12 21.54766576120192 0.000000000000000

 spin=1 k-point=219/1284 Cartesian=0.1557923599426688 0.2023802121388207 0.01919091118446219 (2450 plane wave)
 1 0.06358573454965565 0.001562500000000029
 2 3.549718866643804 0.0001938994162270017
 3 4.505670023398581 1.561245956669621e-08
 4 5.974201087791157 6.542213698051502e-15
 5 6.738727312482731 0.000000000000000
 6 8.244529720983593 0.000000000000000
 7 10.11934110441266 0.000000000000000
 8 10.85781640249062 0.000000000000000
 9 12.77998921468854 0.000000000000000
 10 17.02765217021051 0.000000000000000
 11 19.90331508619780 0.000000000000000
 12 21.31731877266827 0.000000000000000

 spin=1 k-point=220/1284 Cartesian=0.1363183149498352 -0.03373003535646932 -0.01919091118446170 (2457 plane wave)
 1 -0.6860775427921144 0.001562500000000037
 2 3.516018853812898 0.0002587356211169490
 3 4.245936126222920 2.096175587242450e-07
 4 5.913898859260381 1.195677456759566e-14
 5 7.688127771308485 0.000000000000000
 6 8.702837034863409 0.000000000000000
 7 10.74423697751449 0.000000000000000
 8 12.27486495281829 0.000000000000000
 9 14.37402576613109 0.000000000000000
 10 15.14627943333292 0.000000000000000
 11 19.01913230116110 0.000000000000000
 12 19.67512584118813 0.000000000000000

 spin=1 k-point=221/1284 Cartesian=-0.1168442699570009 0.04497338047529403 0.01919091118446219 (2463 plane wave)
 1 -1.286616631774294 0.001562500000000037
 2 3.028917906024868 0.001504390078059933
 3 4.626653532010857 4.656392073309691e-09
 4 5.477281016711460 9.415029879292107e-13
 5 9.019206687171346 0.000000000000000
 6 9.648982323792172 0.000000000000000
 7 11.33349675146451 0.000000000000000
 8 13.47389933055442 0.000000000000000
 9 13.96171353101052 0.000000000000000
 10 16.05234611344020 0.000000000000000
 11 17.69784230019134 0.000000000000000
 12 18.62226048383926 0.000000000000000

 spin=1 k-point=222/1284 Cartesian=-0.09737022496416733 0.05621672559411737 0.01919091118446219 (2472 plane wave)
 1 -1.737408810496462 0.001562500000000037
 2 2.604288295696207 0.001561636372765410
 3 4.701407838369466 2.204937661975000e-09
 4 5.694840892167123 1.068983341529002e-13
 5 9.856976781918208 0.000000000000000
 6 10.94228428263489 0.000000000000000
 7 11.74596481959796 0.000000000000000
 8 12.70551456494945 0.000000000000000
 9 15.34401781860308 0.000000000000000
 10 16.53846607457568 0.000000000000000
 11 17.59810556847217 0.000000000000000
 12 17.82806687146124 0.000000000000000

 spin=1 k-point=223/1284 Cartesian=-0.07789617997133380 0.06746007071294070 0.01919091118446219 (2472 plane wave)
 1 -2.038098881045879 0.001562500000000037
 2 2.313702614732160 0.001562452733285610
 3 4.491168607147202 1.804884916145137e-08
 4 6.496134265937735 0.000000000000000
 5 9.897901752315876 0.000000000000000
 6 10.85867441357929 0.000000000000000
 7 12.85306649335685 0.000000000000000
 8 13.95241302877441 0.000000000000000
 9 14.42725485103899 0.000000000000000
 10 16.47433186842153 0.000000000000000
 11 17.68197542856536 0.000000000000000
 12 18.42330656769220 0.000000000000000

 spin=1 k-point=224/1284 Cartesian=-0.05842213497850025 0.07870341583176403 0.01919091118446219 (2470 plane wave)
 1 -2.188488690181645 0.001562500000000037
 2 2.167194586894907 0.001562489078329263
 3 4.362974992989368 6.503907905411101e-08
 4 7.504088924508972 0.000000000000000
 5 8.665406075396927 0.000000000000000
 6 11.85202068615350 0.000000000000000
 7 12.98262860772558 0.000000000000000
 8 14.11799930016938 0.000000000000000
 9 15.23491846264096 0.000000000000000
 10 15.94715855750228 0.000000000000000
 11 17.70418133349702 0.000000000000000
 12 18.48235447877931 0.000000000000000

 spin=1 k-point=225/1284 Cartesian=-0.03894808998566670 0.08994676095058737 0.01919091118446219 (2470 plane wave)
 1 -2.188488690162939 0.001562500000000037
 2 2.167194586399989 0.001562489078329317
 3 4.362974994760167 6.503907790244785e-08
 4 7.504088920883995 0.000000000000000
 5 8.665406075586999 0.000000000000000
 6 11.85202070661528 0.000000000000000
 7 12.98262857016995 0.000000000000000
 8 14.11799932593770 0.000000000000000
 9 15.23491845698005 0.000000000000000
 10 15.94715855521393 0.000000000000000
 11 17.70418134443372 0.000000000000000
 12 18.48235446835782 0.000000000000000

 spin=1 k-point=226/1284 Cartesian=-0.01947404499283316 0.1011901060694107 0.01919091118446219 (2472 plane wave)
 1 -2.038098880988720 0.001562500000000037
 2 2.313702613073048 0.001562452733286394
 3 4.491168614103684 1.804884790590047e-08
 4 6.496134257664384 0.000000000000000
 5 9.897901741054204 0.000000000000000
 6 10.85867443818026 0.000000000000000
 7 12.85306649434232 0.000000000000000
 8 13.95241299446521 0.000000000000000
 9 14.42725486607979 0.000000000000000
 10 16.47433188228372 0.000000000000000
 11 17.68197540448238 0.000000000000000
 12 18.42330660150234 0.000000000000000

 spin=1 k-point=227/1284 Cartesian=0.000000000000000 0.1349201414258805 0.01919091118446219 (2462 plane wave)
 1 -0.9113760462831151 0.001562500000000037
 2 3.294783200348718 0.001007104008003048
 3 4.024730323929997 1.912664538904342e-06
 4 5.725159844788424 7.894004452035546e-14
 5 8.328740492711724 0.000000000000000
 6 10.39934264924350 0.000000000000000
 7 10.56324874461730 0.000000000000000
 8 12.14181582932956 0.000000000000000
 9 14.96541808958850 0.000000000000000
 10 16.19704474551614 0.000000000000000
 11 17.22057592676990 0.000000000000000
 12 18.07685822197728 0.000000000000000

 spin=1 k-point=228/1284 Cartesian=0.01947404499283394 0.1461634865447040 0.01919091118446219 (2457 plane wave)
 1 -0.3864949614104728 0.001562500000000037
 2 3.102291930395796 0.001446150941499586
 3 4.089976252275282 9.966303713132902e-07
 4 6.173988484927261 0.000000000000000
 5 7.668004117732474 0.000000000000000
 6 9.174924056278428 0.000000000000000
 7 9.975885014283264 0.000000000000000
 8 13.16895053319241 0.000000000000000
 9 13.65697716503325 0.000000000000000
 10 15.76148737205764 0.000000000000000
 11 17.48956758923537 0.000000000000000
 12 19.11135273457147 0.000000000000000

 spin=1 k-point=229/1284 Cartesian=0.03894808998566748 0.1574068316635274 0.01919091118446219 (2447 plane wave)
 1 0.2874263803144299 0.001562499999999962
 2 2.647567259412932 0.001561169072036524
 3 4.688772392137525 2.501907749091466e-09
 4 6.638747455424564 0.000000000000000
 5 7.046623984601553 0.000000000000000
 6 7.872578356508471 0.000000000000000
 7 9.417602058591513 0.000000000000000
 8 12.02222019174258 0.000000000000000
 9 14.15535961783683 0.000000000000000
 10 14.93326136173254 0.000000000000000
 11 19.20885634078009 0.000000000000000
 12 20.16380979192784 0.000000000000000

 spin=1 k-point=230/1284 Cartesian=0.05842213497850103 0.1686501767823507 0.01919091118446219 (2449 plane wave)
 1 1.109289464481947 0.001562499999722150
 2 2.293653318774762 0.001562461320148864
 3 5.360515590457967 3.026409065917227e-12
 4 5.962031097718749 7.388875251583389e-15
 5 6.656337169769466 0.000000000000000
 6 7.928326226758170 0.000000000000000
 7 9.021204571323327 0.000000000000000
 8 10.53666617506061 0.000000000000000
 9 12.63142772851302 0.000000000000000
 10 16.89709356262181 0.000000000000000
 11 20.78269413833600 0.000000000000000
 12 21.41261626431109 0.000000000000000

 spin=1 k-point=231/1284 Cartesian=0.07789617997133459 0.1798935219011741 0.01919091118446219 (2456 plane wave)
 1 2.066662369823951 0.001562496003452091
 2 2.087285615142442 0.001562495088089916
 3 4.420020851123508 3.676505054027267e-08
 4 6.472206825036869 0.000000000000000
 5 6.497670063025035 0.000000000000000
 6 8.308426311529669 0.000000000000000
 7 8.976698989020596 0.000000000000000
 8 9.439713669356275 0.000000000000000
 9 11.24637272964854 0.000000000000000
 10 18.99516701452232 0.000000000000000
 11 21.67901606888896 0.000000000000000
 12 22.14171068828337 0.000000000000000

 spin=1 k-point=232/1284 Cartesian=0.09737022496416814 0.1911368670199974 0.01919091118446219 (2445 plane wave)
 1 2.004047939385970 0.001562497863246352
 2 3.152167220924037 0.001379713599228214
 3 3.221352968747769 0.001235547691218045
 4 6.418329514844086 0.000000000000000
 5 7.440353916634840 0.000000000000000
 6 7.566238397415490 0.000000000000000
 7 8.987235582485084 0.000000000000000
 8 10.01046485215271 0.000000000000000
 9 10.05135927853620 0.000000000000000
 10 20.93661542650424 0.000000000000000
 11 21.31451971938058 0.000000000000000
 12 22.02687802412120 0.000000000000000

 spin=1 k-point=233/1284 Cartesian=0.1168442699570017 0.2023802121388207 0.01919091118446219 (2456 plane wave)
 1 2.066662364151018 0.001562496003452318
 2 2.087285620783085 0.001562495088089639
 3 4.420020851154849 3.676505052875055e-08
 4 6.472206818557419 0.000000000000000
 5 6.497670069864705 0.000000000000000
 6 8.308426308875482 0.000000000000000
 7 8.976698984687031 0.000000000000000
 8 9.439713678815808 0.000000000000000
 9 11.24637272708337 0.000000000000000
 10 18.99516701347391 0.000000000000000
 11 21.67901606724782 0.000000000000000
 12 22.14171069461064 0.000000000000000

 spin=1 k-point=234/1284 Cartesian=0.1363183149498352 0.2136235572576441 0.01919091118446219 (2449 plane wave)
 1 1.109289463834163 0.001562499999722150
 2 2.293653320721933 0.001562461320148111
 3 5.360515559846190 3.026409992355207e-12
 4 5.962031129310786 7.388872917286970e-15
 5 6.656337197421421 0.000000000000000
 6 7.928326159028969 0.000000000000000
 7 9.021204618612467 0.000000000000000
 8 10.53666616754973 0.000000000000000
 9 12.63142772700862 0.000000000000000
 10 16.89709356198143 0.000000000000000
 11 20.78269414924214 0.000000000000000
 12 21.41261622586178 0.000000000000000

 spin=1 k-point=235/1284 Cartesian=0.1557923599426688 0.2248669023764674 0.01919091118446219 (2447 plane wave)
 1 0.2874263798828395 0.001562499999999962
 2 2.647567263971458 0.001561169071975905
 3 4.688772370378416 2.501908293483644e-09
 4 6.638747510171942 0.000000000000000
 5 7.046624004264828 0.000000000000000
 6 7.872578268268965 0.000000000000000
 7 9.417602095186165 0.000000000000000
 8 12.02222018893055 0.000000000000000
 9 14.15535961683510 0.000000000000000
 10 14.93326136052861 0.000000000000000
 11 19.20885635208829 0.000000000000000
 12 20.16380975375329 0.000000000000000

 spin=1 k-point=236/1284 Cartesian=-0.1363183149498344 0.05621672559411736 0.01919091118446219 (2457 plane wave)
 1 -0.3864949617059216 0.001562500000000037
 2 3.102291944754068 0.001446150926037831
 3 4.089976221444439 9.966306783869700e-07
 4 6.173988519238957 0.000000000000000
 5 7.668004110886693 0.000000000000000
 6 9.174924012464036 0.000000000000000
 7 9.975885048184916 0.000000000000000
 8 13.16895053734407 0.000000000000000
 9 13.65697716543088 0.000000000000000
 10 15.76148736741834 0.000000000000000
 11 17.48956759478296 0.000000000000000
 12 19.11135269549778 0.000000000000000

 spin=1 k-point=237/1284 Cartesian=-0.1168442699570009 0.06746007071294070 0.01919091118446219 (2462 plane wave)
 1 -0.9113760464810557 0.001562500000000037
 2 3.294783223739040 0.001007103924270680
 3 4.024730280241326 1.912665373499571e-06
 4 5.725159874400195 7.894002114480768e-14
 5 8.328740487881481 0.000000000000000
 6 10.39934262710801 0.000000000000000
 7 10.56324874674475 0.000000000000000
 8 12.14181585002417 0.000000000000000
 9 14.96541809189604 0.000000000000000
 10 16.19704474937093 0.000000000000000
 11 17.22057592835447 0.000000000000000
 12 18.07685817827938 0.000000000000000

 spin=1 k-point=238/1284 Cartesian=-0.09737022496416733 0.07870341583176403 0.01919091118446219 (2463 plane wave)
 1 -1.286616631753533 0.001562500000000037
 2 3.028917905978205 0.001504390078086041
 3 4.626653532015860 4.656392073076737e-09
 4 5.477281016833261 9.415029867824550e-13
 5 9.019206687389486 0.000000000000000
 6 9.648982323341551 0.000000000000000
 7 11.33349675212443 0.000000000000000
 8 13.47389933080114 0.000000000000000
 9 13.96171352858170 0.000000000000000
 10 16.05234611384670 0.000000000000000
 11 17.69784230133257 0.000000000000000
 12 18.62226048591569 0.000000000000000

 spin=1 k-point=239/1284 Cartesian=-0.07789617997133380 0.08994676095058737 0.01919091118446219 (2462 plane wave)
 1 -1.511877460479047 0.001562500000000037
 2 2.825667482775208 0.001554632946385244
 3 4.917109406292216 2.550448868558572e-10
 4 5.903731455028326 1.323641964523697e-14
 5 8.126667818798328 0.000000000000000
 6 10.17593245374064 0.000000000000000
 7 12.10936430639710 0.000000000000000
 8 12.80821490347832 0.000000000000000
 9 14.73573993130871 0.000000000000000
 10 15.49401004137984 0.000000000000000
 11 18.34921220671558 0.000000000000000
 12 19.74938416509971 0.000000000000000

 spin=1 k-point=240/1284 Cartesian=-0.05842213497850025 0.1011901060694107 0.01919091118446219 (2462 plane wave)
 1 -1.586982620967927 0.001562500000000037
 2 2.755562018321552 0.001558587528371494
 3 4.904720965446337 2.886814912177385e-10
 4 6.836232923923587 0.000000000000000
 5 7.009430751856492 0.000000000000000
 6 11.14874362236279 0.000000000000000
 7 11.35665061999129 0.000000000000000
 8 13.48652266338429 0.000000000000000
 9 13.55922230913782 0.000000000000000
 10 17.30006663508210 0.000000000000000
 11 18.05428975739092 0.000000000000000
 12 18.55981664377819 0.000000000000000

 spin=1 k-point=241/1284 Cartesian=-0.03894808998566670 0.1124334511882340 0.01919091118446219 (2462 plane wave)
 1 -1.511877460420849 0.001562500000000037
 2 2.825667480090369 0.001554632946595399
 3 4.917109425490952 2.550448378904629e-10
 4 5.903731433508209 1.323642249373105e-14
 5 8.126667816512752 0.000000000000000
 6 10.17593248051360 0.000000000000000
 7 12.10936424218722 0.000000000000000
 8 12.80821495201233 0.000000000000000
 9 14.73573992700310 0.000000000000000
 10 15.49401004106103 0.000000000000000
 11 18.34921220894748 0.000000000000000
 12 19.74938418039611 0.000000000000000

 spin=1 k-point=242/1284 Cartesian=-0.01947404499283316 0.1236767963070574 0.01919091118446219 (2463 plane wave)
 1 -1.286616631631391 0.001562500000000037
 2 3.028917898273396 0.001504390082396790
 3 4.626653572129150 4.656390205250145e-09
 4 5.477280978369918 9.415033489161320e-13
 5 9.019206665528037 0.000000000000000
 6 9.648982368421104 0.000000000000000
 7 11.33349673555842 0.000000000000000
 8 13.47389931842750 0.000000000000000
 9 13.96171353565629 0.000000000000000
 10 16.05234611912344 0.000000000000000
 11 17.69784228063115 0.000000000000000
 12 18.62226053100122 0.000000000000000

 spin=1 k-point=243/1284 Cartesian=0.000000000000000 0.1574068316635272 0.01919091118446219 (2458 plane wave)
 1 0.06241678687243741 0.001562500000000029
 2 2.423061833770014 0.001562358918357345
 3 4.476607855674342 2.087782653007126e-08
 4 6.428737422754440 0.000000000000000
 5 7.136992539215077 0.000000000000000
 6 9.054894427695855 0.000000000000000
 7 10.33577834464404 0.000000000000000
 8 11.87387997562376 0.000000000000000
 9 14.73819190729685 0.000000000000000
 10 15.98422988073229 0.000000000000000
 11 16.99387677159542 0.000000000000000
 12 18.10042031987854 0.000000000000000

 spin=1 k-point=244/1284 Cartesian=0.01947404499283394 0.1686501767823507 0.01919091118446219 (2453 plane wave)
 1 0.6599356603958536 0.001562499999996930
 2 1.844991998238261 0.001562499564504619
 3 5.045311551096915 7.076877783311777e-11
 4 6.170470569904730 0.000000000000000
 5 7.352176807927714 0.000000000000000
 6 8.392845766006474 0.000000000000000
 7 9.302894053231880 0.000000000000000
 8 13.01806105098577 0.000000000000000
 9 13.50529086792286 0.000000000000000
 10 15.61463208952474 0.000000000000000
 11 17.36529817518814 0.000000000000000
 12 19.28332619831849 0.000000000000000

 spin=1 k-point=245/1284 Cartesian=0.03894808998566748 0.1798935219011741 0.01919091118446219 (2447 plane wave)
 1 1.401919802946678 0.001562499994815080
 2 1.407437201013106 0.001562499994520966
 3 5.666486522771014 1.419424931958557e-13
 4 5.846518122365822 2.345551295221252e-14
 5 7.238786528620564 0.000000000000000
 6 8.018889019082593 0.000000000000000
 7 8.506612759289233 0.000000000000000
 8 11.94138312986252 0.000000000000000
 9 14.08224477754717 0.000000000000000
 10 14.86174476656082 0.000000000000000
 11 19.17780814484244 0.000000000000000
 12 20.73830937730128 0.000000000000000

 spin=1 k-point=246/1284 Cartesian=0.05842213497850103 0.1911368670199974 0.01919091118446219 (2449 plane wave)
 1 1.109289464000793 0.001562499999722150
 2 2.293653320571381 0.001562461320148169
 3 5.360515559725510 3.026409996007478e-12
 4 5.962031131904010 7.388872725676859e-15
 5 6.656337194122435 0.000000000000000
 6 7.928326159915582 0.000000000000000
 7 9.021204620268700 0.000000000000000
 8 10.53666616311788 0.000000000000000
 9 12.63142772911944 0.000000000000000
 10 16.89709356269728 0.000000000000000
 11 20.78269415069463 0.000000000000000
 12 21.41261622631655 0.000000000000000

 spin=1 k-point=247/1284 Cartesian=0.07789617997133459 0.2023802121388208 0.01919091118446219 (2450 plane wave)
 1 0.9612020587998917 0.001562499999936834
 2 3.317325197924691 0.0009240537621947834
 3 4.460577195027891 2.450781354031847e-08
 4 5.465966216039604 1.054292870276289e-12
 5 7.291618681109957 0.000000000000000
 6 8.065520590860723 0.000000000000000
 7 9.069566436608447 0.000000000000000
 8 10.22675325212394 0.000000000000000
 9 11.32353727427622 0.000000000000000
 10 19.03738312146773 0.000000000000000
 11 20.76751444905166 0.000000000000000
 12 21.54766576723044 0.000000000000000

 spin=1 k-point=248/1284 Cartesian=0.09737022496416814 0.2136235572576441 0.01919091118446219 (2450 plane wave)
 1 0.9612020589384562 0.001562499999936834
 2 3.317325194004796 0.0009240537769952734
 3 4.460577206616953 2.450781070013701e-08
 4 5.465966208537617 1.054292949369216e-12
 5 7.291618640113022 0.000000000000000
 6 8.065520678558849 0.000000000000000
 7 9.069566365927065 0.000000000000000
 8 10.22675328259665 0.000000000000000
 9 11.32353726771301 0.000000000000000
 10 19.03738311882545 0.000000000000000
 11 20.76751446149803 0.000000000000000
 12 21.54766575589414 0.000000000000000

 spin=1 k-point=249/1284 Cartesian=0.1168442699570017 0.2248669023764674 0.01919091118446219 (2449 plane wave)
 1 1.109289464458679 0.001562499999722150
 2 2.293653318672336 0.001562461320148903
 3 5.360515589427057 3.026409097116806e-12
 4 5.962031102009864 7.388874934518155e-15
 5 6.656337164228249 0.000000000000000
 6 7.928326230738997 0.000000000000000
 7 9.021204567802881 0.000000000000000
 8 10.53666617952660 0.000000000000000
 9 12.63142772656781 0.000000000000000
 10 16.89709356172194 0.000000000000000
 11 20.78269413717299 0.000000000000000
 12 21.41261626476884 0.000000000000000

 spin=1 k-point=250/1284 Cartesian=0.1363183149498352 0.2361102474952907 0.01919091118446219 (2447 plane wave)
 1 1.401919797259305 0.001562499994815080
 2 1.407437206610047 0.001562499994520966
 3 5.666486517260633 1.419425010174292e-13
 4 5.846518128265658 2.345551156837544e-14
 5 7.238786526108507 0.000000000000000
 6 8.018889023702755 0.000000000000000
 7 8.506612756915022 0.000000000000000
 8 11.94138313259351 0.000000000000000
 9 14.08224477593869 0.000000000000000
 10 14.86174476578504 0.000000000000000
 11 19.17780814191253 0.000000000000000
 12 20.73830937656821 0.000000000000000

 spin=1 k-point=251/1284 Cartesian=0.1557923599426688 0.2473535926141141 0.01919091118446219 (2453 plane wave)
 1 0.6599356597000585 0.001562499999996930
 2 1.844992000288239 0.001562499564504610
 3 5.045311531002086 7.076879205398665e-11
 4 6.170470606473905 0.000000000000000
 5 7.352176796003878 0.000000000000000
 6 8.392845744932135 0.000000000000000
 7 9.302894069508095 0.000000000000000
 8 13.01806105139098 0.000000000000000
 9 13.50529086980048 0.000000000000000
 10 15.61463208741862 0.000000000000000
 11 17.36529817444934 0.000000000000000
 12 19.28332618501823 0.000000000000000

 spin=1 k-point=252/1284 Cartesian=-0.1363183149498344 0.07870341583176405 0.01919091118446219 (2458 plane wave)
 1 0.06241678643762058 0.001562500000000029
 2 2.423061838414716 0.001562358918350793
 3 4.476607835064848 2.087783083282962e-08
 4 6.428737481383155 0.000000000000000
 5 7.136992497739985 0.000000000000000
 6 9.054894421432346 0.000000000000000
 7 10.33577834678433 0.000000000000000
 8 11.87387998160546 0.000000000000000
 9 14.73819190961721 0.000000000000000
 10 15.98422988062613 0.000000000000000
 11 16.99387677329466 0.000000000000000
 12 18.10042029922307 0.000000000000000

 spin=1 k-point=253/1284 Cartesian=-0.1168442699570009 0.08994676095058739 0.01919091118446219 (2457 plane wave)
 1 -0.3864949616824418 0.001562500000000037
 2 3.102291944802237 0.001446150925985961
 3 4.089976221248553 9.966306803379880e-07
 4 6.173988519463999 0.000000000000000
 5 7.668004110830716 0.000000000000000
 6 9.174924012548336 0.000000000000000
 7 9.975885048331472 0.000000000000000
 8 13.16895053770016 0.000000000000000
 9 13.65697716324061 0.000000000000000
 10 15.76148736818142 0.000000000000000
 11 17.48956759619617 0.000000000000000
 12 19.11135269746424 0.000000000000000

 spin=1 k-point=254/1284 Cartesian=-0.09737022496416733 0.1011901060694107 0.01919091118446219 (2457 plane wave)
 1 -0.6860775427476080 0.001562500000000037
 2 3.516018853914685 0.0002587356208972018
 3 4.245936125848334 2.096175595093374e-07
 4 5.913898859602861 1.195677452664621e-14
 5 7.688127771912342 0.000000000000000
 6 8.702837034211155 0.000000000000000
 7 10.74423697904768 0.000000000000000
 8 12.27486494888363 0.000000000000000
 9 14.37402576775998 0.000000000000000
 10 15.14627943368217 0.000000000000000
 11 19.01913230131400 0.000000000000000
 12 19.67512584172845 0.000000000000000

 spin=1 k-point=255/1284 Cartesian=-0.07789617997133380 0.1124334511882341 0.01919091118446219 (2455 plane wave)
 1 -0.8359517088241341 0.001562500000000037
 2 3.464919176296672 0.0003884041084062664
 3 5.071795301531010 5.430304776832188e-11
 4 5.778260972834387 4.641753158190615e-14
 5 6.564325122911075 0.000000000000000
 6 9.640155448477985 0.000000000000000
 7 10.76310574570362 0.000000000000000
 8 11.97221866818635 0.000000000000000
 9 13.07716709078666 0.000000000000000
 10 17.26515681554965 0.000000000000000
 11 19.01120197352661 0.000000000000000
 12 19.81692583941268 0.000000000000000

 spin=1 k-point=256/1284 Cartesian=-0.05842213497850025 0.1236767963070574 0.01919091118446219 (2455 plane wave)
 1 -0.8359517087776881 0.001562500000000037
 2 3.464919171796418 0.0003884041215404959
 3 5.071795338663276 5.430302760436935e-11
 4 5.778260923710392 4.641755438406334e-14
 5 6.564325134886798 0.000000000000000
 6 9.640155479637444 0.000000000000000
 7 10.76310569626550 0.000000000000000
 8 11.97221869740584 0.000000000000000
 9 13.07716708463761 0.000000000000000
 10 17.26515681195355 0.000000000000000
 11 19.01120198902378 0.000000000000000
 12 19.81692582708361 0.000000000000000

 spin=1 k-point=257/1284 Cartesian=-0.03894808998566670 0.1349201414258807 0.01919091118446219 (2457 plane wave)
 1 -0.6860775426011827 0.001562500000000037
 2 3.516018831993014 0.0002587356682242148
 3 4.245936168938661 2.096174691965605e-07
 4 5.913898827046647 1.195677841932084e-14
 5 7.688127756637446 0.000000000000000
 6 8.702837083635737 0.000000000000000
 7 10.74423693888635 0.000000000000000
 8 12.27486496867139 0.000000000000000
 9 14.37402576447032 0.000000000000000
 10 15.14627943376403 0.000000000000000
 11 19.01913228476478 0.000000000000000
 12 19.67512587524184 0.000000000000000

 spin=1 k-point=258/1284 Cartesian=-0.01947404499283316 0.1461634865447041 0.01919091118446219 (2457 plane wave)
 1 -0.3864949614145996 0.001562500000000037
 2 3.102291930490483 0.001446150941397623
 3 4.089976252282638 9.966303712400215e-07
 4 6.173988484505824 0.000000000000000
 5 7.668004118486285 0.000000000000000
 6 9.174924055188505 0.000000000000000
 7 9.975885014891210 0.000000000000000
 8 13.16895053261083 0.000000000000000
 9 13.65697716714985 0.000000000000000
 10 15.76148736969670 0.000000000000000
 11 17.48956758743779 0.000000000000000
 12 19.11135273957977 0.000000000000000

 spin=1 k-point=259/1284 Cartesian=0.000000000000000 0.1798935219011738 0.01919091118446219 (2448 plane wave)
 1 1.179260159850666 0.001562499999440606
 2 1.180707492258234 0.001562499999432450
 3 5.478107884702828 9.337500964513903e-13
 4 5.626134111903646 2.125008961568970e-13
 5 7.817537689170295 0.000000000000000
 6 7.868999516466806 0.000000000000000
 7 10.25994771980282 0.000000000000000
 8 11.78952647634118 0.000000000000000
 9 14.66244007353716 0.000000000000000
 10 15.91254474886067 0.000000000000000
 11 16.91828486923728 0.000000000000000
 12 18.08536846450285 0.000000000000000

 spin=1 k-point=260/1284 Cartesian=0.01947404499283394 0.1911368670199974 0.01919091118446219 (2453 plane wave)
 1 0.6599356598110406 0.001562499999996930
 2 1.844992000157868 0.001562499564504611
 3 5.045311533249533 7.076879046349463e-11
 4 6.170470603441196 0.000000000000000
 5 7.352176797526070 0.000000000000000
 6 8.392845744205717 0.000000000000000
 7 9.302894068458000 0.000000000000000
 8 13.01806105249880 0.000000000000000
 9 13.50529086726000 0.000000000000000
 10 15.61463208835734 0.000000000000000
 11 17.36529817768681 0.000000000000000
 12 19.28332618639511 0.000000000000000

 spin=1 k-point=261/1284 Cartesian=0.03894808998566748 0.2023802121388207 0.01919091118446219 (2447 plane wave)
 1 0.2874263799855499 0.001562499999999962
 2 2.647567263680263 0.001561169071979777
 3 4.688772371865239 2.501908256284731e-09
 4 6.638747507193087 0.000000000000000
 5 7.046624006316673 0.000000000000000
 6 7.872578267465252 0.000000000000000
 7 9.417602095778681 0.000000000000000
 8 12.02222018594265 0.000000000000000
 9 14.15535961858675 0.000000000000000
 10 14.93326136113596 0.000000000000000
 11 19.20885635477163 0.000000000000000
 12 20.16380975464258 0.000000000000000

 spin=1 k-point=262/1284 Cartesian=0.05842213497850103 0.2136235572576441 0.01919091118446219 (2450 plane wave)
 1 0.06358573465426932 0.001562500000000029
 2 3.549718865896941 0.0001938994174954549
 3 4.505670024519194 1.561245939174280e-08
 4 5.974201089307491 6.542213598849710e-15
 5 6.738727310446473 0.000000000000000
 6 8.244529720732739 0.000000000000000
 7 10.11934110787306 0.000000000000000
 8 10.85781639634967 0.000000000000000
 9 12.77998921708657 0.000000000000000
 10 17.02765217086804 0.000000000000000
 11 19.90331508402364 0.000000000000000
 12 21.31731877261901 0.000000000000000

 spin=1 k-point=263/1284 Cartesian=0.07789617997133459 0.2248669023764674 0.01919091118446219 (2452 plane wave)
 1 -0.01107725103886387 0.001562500000000033
 2 4.097055689517175 9.285545835861869e-07
 3 4.804607196741889 7.856108657548798e-10
 4 4.974108350215645 1.442358848492694e-10
 5 6.658448472179029 0.000000000000000
 6 9.134719482271860 0.000000000000000
 7 9.406646431417611 0.000000000000000
 8 11.54897863201171 0.000000000000000
 9 11.56640025735448 0.000000000000000
 10 18.89195492170678 0.000000000000000
 11 19.55351963812973 0.000000000000000
 12 20.11391629048267 0.000000000000000

 spin=1 k-point=264/1284 Cartesian=0.09737022496416814 0.2361102474952907 0.01919091118446219 (2450 plane wave)
 1 0.06358573479922640 0.001562500000000029
 2 3.549718852349815 0.0001938994405035422
 3 4.505670059440609 1.561245393970512e-08
 4 5.974201054646801 6.542215866427080e-15
 5 6.738727297831991 0.000000000000000
 6 8.244529777354494 0.000000000000000
 7 10.11934102707660 0.000000000000000
 8 10.85781645099951 0.000000000000000
 9 12.77998921317396 0.000000000000000
 10 17.02765216916053 0.000000000000000
 11 19.90331508716259 0.000000000000000
 12 21.31731878530301 0.000000000000000

 spin=1 k-point=265/1284 Cartesian=0.1168442699570017 0.2473535926141141 0.01919091118446219 (2447 plane wave)
 1 0.2874263803104299 0.001562499999999962
 2 2.647567259091224 0.001561169072040802
 3 4.688772393186913 2.501907722836799e-09
 4 6.638747448613672 0.000000000000000
 5 7.046623989466602 0.000000000000000
 6 7.872578358841639 0.000000000000000
 7 9.417602057380590 0.000000000000000
 8 12.02222019457895 0.000000000000000
 9 14.15535961630078 0.000000000000000
 10 14.93326136069860 0.000000000000000
 11 19.20885633786090 0.000000000000000
 12 20.16380979412639 0.000000000000000

 spin=1 k-point=266/1284 Cartesian=0.1363183149498352 0.2585969377329374 0.01919091118446219 (2453 plane wave)
 1 0.6599356604010076 0.001562499999996930
 2 1.844991998043196 0.001562499564504620
 3 5.045311551709974 7.076877739926260e-11
 4 6.170470567156275 0.000000000000000
 5 7.352176810604398 0.000000000000000
 6 8.392845765628032 0.000000000000000
 7 9.302894054371391 0.000000000000000
 8 13.01806104988416 0.000000000000000
 9 13.50529087037868 0.000000000000000
 10 15.61463208843405 0.000000000000000
 11 17.36529817185026 0.000000000000000
 12 19.28332619901673 0.000000000000000

 spin=1 k-point=267/1284 Cartesian=0.1557923599426688 0.2698402828517608 0.01919091118446219 (2448 plane wave)
 1 1.179260154177346 0.001562499999440606
 2 1.180707497856879 0.001562499999432450
 3 5.478107878578481 9.337501536375003e-13
 4 5.626134117255040 2.125008847851348e-13
 5 7.817537695305084 0.000000000000000
 6 7.868999511571181 0.000000000000000
 7 10.25994772194493 0.000000000000000
 8 11.78952647437557 0.000000000000000
 9 14.66244007587201 0.000000000000000
 10 15.91254474592311 0.000000000000000
 11 16.91828487092229 0.000000000000000
 12 18.08536846095484 0.000000000000000

 spin=1 k-point=268/1284 Cartesian=0.1363183149498352 0.2585969377329374 -0.01919091118446170 (2453 plane wave)
 1 0.6599356597245897 0.001562499999996930
 2 1.844992000282989 0.001562499564504610
 3 5.045311530862458 7.076879215279948e-11
 4 6.170470606280776 0.000000000000000
 5 7.352176796380309 0.000000000000000
 6 8.392845745358668 0.000000000000000
 7 9.302894069234965 0.000000000000000
 8 13.01806105188096 0.000000000000000
 9 13.50529086764243 0.000000000000000
 10 15.61463208842027 0.000000000000000
 11 17.36529817598389 0.000000000000000
 12 19.28332618509345 0.000000000000000

 spin=1 k-point=269/1284 Cartesian=0.1168442699570017 0.2473535926141141 -0.01919091118446170 (2447 plane wave)
 1 0.2874263799312371 0.001562499999999962
 2 2.647567263997711 0.001561169071975556
 3 4.688772370027410 2.501908302265486e-09
 4 6.638747510195431 0.000000000000000
 5 7.046624004382776 0.000000000000000
 6 7.872578268928796 0.000000000000000
 7 9.417602095746759 0.000000000000000
 8 12.02222018563671 0.000000000000000
 9 14.15535961843456 0.000000000000000
 10 14.93326136109785 0.000000000000000
 11 19.20885635314534 0.000000000000000
 12 20.16380975481873 0.000000000000000

 spin=1 k-point=270/1284 Cartesian=0.09737022496416814 0.2361102474952907 -0.01919091118446170 (2450 plane wave)
 1 0.06358573462001037 0.001562500000000029
 2 3.549718866985850 0.0001938994156460801
 3 4.505670022459252 1.561245971334727e-08
 4 5.974201087104904 6.542213742947746e-15
 5 6.738727314792133 0.000000000000000
 6 8.244529720723527 0.000000000000000
 7 10.11934110700786 0.000000000000000
 8 10.85781639622434 0.000000000000000
 9 12.77998921696326 0.000000000000000
 10 17.02765217115014 0.000000000000000
 11 19.90331508382730 0.000000000000000
 12 21.31731877226200 0.000000000000000

 spin=1 k-point=271/1284 Cartesian=0.07789617997133459 0.2248669023764674 -0.01919091118446170 (2452 plane wave)
 1 -0.01107725105950383 0.001562500000000033
 2 4.097055691884916 9.285545616134809e-07
 3 4.804607196657583 7.856108664171972e-10
 4 4.974108345368426 1.442358918406999e-10
 5 6.658448476057869 0.000000000000000
 6 9.134719483261753 0.000000000000000
 7 9.406646428806633 0.000000000000000
 8 11.54897863324310 0.000000000000000
 9 11.56640025614078 0.000000000000000
 10 18.89195492155100 0.000000000000000
 11 19.55351963898744 0.000000000000000
 12 20.11391629150437 0.000000000000000

 spin=1 k-point=272/1284 Cartesian=0.05842213497850103 0.2136235572576441 -0.01919091118446170 (2450 plane wave)
 1 0.06358573478633246 0.001562500000000029
 2 3.549718853450536 0.0001938994386341054
 3 4.505670058026493 1.561245416048109e-08
 4 5.974201052326285 6.542216018240252e-15
 5 6.738727302677498 0.000000000000000
 6 8.244529774683189 0.000000000000000
 7 10.11934102724309 0.000000000000000
 8 10.85781645079168 0.000000000000000
 9 12.77998921304333 0.000000000000000
 10 17.02765216921236 0.000000000000000
 11 19.90331508870687 0.000000000000000
 12 21.31731878616268 0.000000000000000

 spin=1 k-point=273/1284 Cartesian=0.03894808998566748 0.2023802121388207 -0.01919091118446170 (2447 plane wave)
 1 0.2874263802995480 0.001562499999999962
 2 2.647567259491565 0.001561169072035478
 3 4.688772392295301 2.501907745144076e-09
 4 6.638747454256907 0.000000000000000
 5 7.046623985653810 0.000000000000000
 6 7.872578356371311 0.000000000000000
 7 9.417602057873362 0.000000000000000
 8 12.02222019441367 0.000000000000000
 9 14.15535961591600 0.000000000000000
 10 14.93326136104519 0.000000000000000
 11 19.20885633869564 0.000000000000000
 12 20.16380979621099 0.000000000000000

 spin=1 k-point=274/1284 Cartesian=-0.01947404499283316 0.1686501767823507 0.01919091118446219 (2453 plane wave)
 1 0.6599356603850504 0.001562499999996930
 2 1.844991998246001 0.001562499564504619
 3 5.045311551196876 7.076877776237639e-11
 4 6.170470570217140 0.000000000000000
 5 7.352176807335504 0.000000000000000
 6 8.392845765167111 0.000000000000000
 7 9.302894054203112 0.000000000000000
 8 13.01806105060888 0.000000000000000
 9 13.50529086990263 0.000000000000000
 10 15.61463208747638 0.000000000000000
 11 17.36529817343998 0.000000000000000
 12 19.28332620161720 0.000000000000000

 spin=1 k-point=275/1284 Cartesian=0.000000000000000 0.1574068316635272 -0.01919091118446170 (2458 plane wave)
 1 0.06241678650184857 0.001562500000000029
 2 2.423061838079740 0.001562358918351266
 3 4.476607837157810 2.087783039587019e-08
 4 6.428737477779238 0.000000000000000
 5 7.136992499692728 0.000000000000000
 6 9.054894420829088 0.000000000000000
 7 10.33577834465880 0.000000000000000
 8 11.87387998380895 0.000000000000000
 9 14.73819190725816 0.000000000000000
 10 15.98422988338252 0.000000000000000
 11 16.99387677167470 0.000000000000000
 12 18.10042030325789 0.000000000000000

 spin=1 k-point=276/1284 Cartesian=-0.01947404499283316 0.1461634865447041 -0.01919091118446170 (2457 plane wave)
 1 -0.3864949616412283 0.001562500000000037
 2 3.102291943765302 0.001446150927102588
 3 4.089976223832113 9.966306546058521e-07
 4 6.173988517439153 0.000000000000000
 5 7.668004111373719 0.000000000000000
 6 9.174924011761092 0.000000000000000
 7 9.975885047813399 0.000000000000000
 8 13.16895053847979 0.000000000000000
 9 13.65697716273798 0.000000000000000
 10 15.76148736826168 0.000000000000000
 11 17.48956759786911 0.000000000000000
 12 19.11135269808351 0.000000000000000

 spin=1 k-point=277/1284 Cartesian=-0.03894808998566670 0.1349201414258807 -0.01919091118446170 (2457 plane wave)
 1 -0.6860775427223338 0.001562500000000037
 2 3.516018852335347 0.0002587356243068569
 3 4.245936129007206 2.096175528886738e-07
 4 5.913898858130929 1.195677470264170e-14
 5 7.688127771286799 0.000000000000000
 6 8.702837033973005 0.000000000000000
 7 10.74423697911256 0.000000000000000
 8 12.27486494897590 0.000000000000000
 9 14.37402576812432 0.000000000000000
 10 15.14627943374355 0.000000000000000
 11 19.01913230171778 0.000000000000000
 12 19.67512584194120 0.000000000000000

 spin=1 k-point=278/1284 Cartesian=-0.05842213497850025 0.1236767963070574 -0.01919091118446170 (2455 plane wave)
 1 -0.8359517088108173 0.001562500000000037
 2 3.464919175698530 0.0003884041101519751
 3 5.071795304280204 5.430304627542565e-11
 4 5.778260972059269 4.641753194169676e-14
 5 6.564325120969981 0.000000000000000
 6 9.640155448073031 0.000000000000000
 7 10.76310574666639 0.000000000000000
 8 11.97221866816672 0.000000000000000
 9 13.07716709105496 0.000000000000000
 10 17.26515681532538 0.000000000000000
 11 19.01120197381421 0.000000000000000
 12 19.81692583793890 0.000000000000000

 spin=1 k-point=279/1284 Cartesian=-0.07789617997133380 0.1124334511882341 -0.01919091118446170 (2455 plane wave)
 1 -0.8359517087731626 0.001562500000000037
 2 3.464919171148645 0.0003884041234310528
 3 5.071795341166609 5.430302624498361e-11
 4 5.778260922610238 4.641755489472772e-14
 5 6.564325133468053 0.000000000000000
 6 9.640155480430398 0.000000000000000
 7 10.76310569634056 0.000000000000000
 8 11.97221869769005 0.000000000000000
 9 13.07716708483404 0.000000000000000
 10 17.26515681216975 0.000000000000000
 11 19.01120198696754 0.000000000000000
 12 19.81692582707878 0.000000000000000

 spin=1 k-point=280/1284 Cartesian=-0.09737022496416733 0.1011901060694107 -0.01919091118446170 (2457 plane wave)
 1 -0.6860775426029712 0.001562500000000037
 2 3.516018830351351 0.0002587356717684242
 3 4.245936171617714 2.096174635815489e-07
 4 5.913898825069113 1.195677865577015e-14
 5 7.688127756520835 0.000000000000000
 6 8.702837085369508 0.000000000000000
 7 10.74423693888967 0.000000000000000
 8 12.27486496879375 0.000000000000000
 9 14.37402576496828 0.000000000000000
 10 15.14627943354094 0.000000000000000
 11 19.01913228356869 0.000000000000000
 12 19.67512587343126 0.000000000000000

 spin=1 k-point=281/1284 Cartesian=0.1168442699570017 -0.08994676095058601 0.01919091118446219 (2457 plane wave)
 1 -0.3864949614200254 0.001562500000000037
 2 3.102291929422933 0.001446150942547218
 3 4.089976254142124 9.966303527196321e-07
 4 6.173988481364832 0.000000000000000
 5 7.668004120927128 0.000000000000000
 6 9.174924056321398 0.000000000000000
 7 9.975885014852929 0.000000000000000
 8 13.16895053205799 0.000000000000000
 9 13.65697716753236 0.000000000000000
 10 15.76148737073073 0.000000000000000
 11 17.48956758571140 0.000000000000000
 12 19.11135273747935 0.000000000000000

 spin=1 k-point=282/1284 Cartesian=0.1363183149498352 -0.07870341583176267 0.01919091118446219 (2458 plane wave)
 1 0.06241678686679405 0.001562500000000029
 2 2.423061833385988 0.001562358918357887
 3 4.476607856709154 2.087782631402777e-08
 4 6.428737416620211 0.000000000000000
 5 7.136992545108843 0.000000000000000
 6 9.054894427578862 0.000000000000000
 7 10.33577834679151 0.000000000000000
 8 11.87387997394431 0.000000000000000
 9 14.73819190959108 0.000000000000000
 10 15.98422987758308 0.000000000000000
 11 16.99387677333312 0.000000000000000
 12 18.10042031680837 0.000000000000000

 spin=1 k-point=283/1284 Cartesian=0.1557923599426688 0.2473535926141141 -0.01919091118446170 (2453 plane wave)
 1 0.6599356603900109 0.001562499999996930
 2 1.844991998064791 0.001562499564504620
 3 5.045311551595415 7.076877748033462e-11
 4 6.170470566983149 0.000000000000000
 5 7.352176810895081 0.000000000000000
 6 8.392845765899169 0.000000000000000
 7 9.302894054400467 0.000000000000000
 8 13.01806105053655 0.000000000000000
 9 13.50529086812425 0.000000000000000
 10 15.61463208961015 0.000000000000000
 11 17.36529817330321 0.000000000000000
 12 19.28332619758282 0.000000000000000

 spin=1 k-point=284/1284 Cartesian=0.1363183149498352 0.2361102474952907 -0.01919091118446170 (2447 plane wave)
 1 1.401919797262205 0.001562499994815080
 2 1.407437206636795 0.001562499994520966
 3 5.666486517388207 1.419425008363480e-13
 4 5.846518127520876 2.345551174306787e-14
 5 7.238786525581545 0.000000000000000
 6 8.018889025824501 0.000000000000000
 7 8.506612757097939 0.000000000000000
 8 11.94138312927117 0.000000000000000
 9 14.08224477753242 0.000000000000000
 10 14.86174476663278 0.000000000000000
 11 19.17780814292373 0.000000000000000
 12 20.73830937594192 0.000000000000000

 spin=1 k-point=285/1284 Cartesian=0.1168442699570017 0.2248669023764674 -0.01919091118446170 (2449 plane wave)
 1 1.109289463905170 0.001562499999722150
 2 2.293653320732211 0.001562461320148107
 3 5.360515559332245 3.026410007909294e-12
 4 5.962031129345090 7.388872914752272e-15
 5 6.656337196204690 0.000000000000000
 6 7.928326162928985 0.000000000000000
 7 9.021204619299805 0.000000000000000
 8 10.53666616207042 0.000000000000000
 9 12.63142772912773 0.000000000000000
 10 16.89709356317445 0.000000000000000
 11 20.78269414889786 0.000000000000000
 12 21.41261622580098 0.000000000000000

 spin=1 k-point=286/1284 Cartesian=0.09737022496416814 0.2136235572576441 -0.01919091118446170 (2450 plane wave)
 1 0.9612020587432587 0.001562499999936834
 2 3.317325198312717 0.0009240537607296978
 3 4.460577195675778 2.450781338153801e-08
 4 5.465966212541396 1.054292907157654e-12
 5 7.291618685556867 0.000000000000000
 6 8.065520592363500 0.000000000000000
 7 9.069566432561077 0.000000000000000
 8 10.22675325259969 0.000000000000000
 9 11.32353727434318 0.000000000000000
 10 19.03738312242452 0.000000000000000
 11 20.76751444787010 0.000000000000000
 12 21.54766576913861 0.000000000000000

 spin=1 k-point=287/1284 Cartesian=0.07789617997133459 0.2023802121388208 -0.01919091118446170 (2450 plane wave)
 1 0.9612020589014119 0.001562499999936834
 2 3.317325194379445 0.0009240537755806970
 3 4.460577207572825 2.450781046587703e-08
 4 5.465966205010033 1.054292986560300e-12
 5 7.291618646774298 0.000000000000000
 6 8.065520674575978 0.000000000000000
 7 9.069566364869946 0.000000000000000
 8 10.22675328275954 0.000000000000000
 9 11.32353726785482 0.000000000000000
 10 19.03738311857473 0.000000000000000
 11 20.76751446395870 0.000000000000000
 12 21.54766575649395 0.000000000000000

 spin=1 k-point=288/1284 Cartesian=0.05842213497850103 0.1911368670199974 -0.01919091118446170 (2449 plane wave)
 1 1.109289464435912 0.001562499999722150
 2 2.293653318841334 0.001562461320148838
 3 5.360515591352869 3.026409038833823e-12
 4 5.962031097576824 7.388875262069963e-15
 5 6.656337168330164 0.000000000000000
 6 7.928326227471194 0.000000000000000
 7 9.021204569211095 0.000000000000000
 8 10.53666617907739 0.000000000000000
 9 12.63142772656755 0.000000000000000
 10 16.89709356188118 0.000000000000000
 11 20.78269413873447 0.000000000000000
 12 21.41261626493350 0.000000000000000

 spin=1 k-point=289/1284 Cartesian=0.03894808998566748 0.1798935219011741 -0.01919091118446170 (2447 plane wave)
 1 1.401919802917192 0.001562499994815080
 2 1.407437201001306 0.001562499994520966
 3 5.666486523718912 1.419424918503859e-13
 4 5.846518122738335 2.345551286483760e-14
 5 7.238786526028086 0.000000000000000
 6 8.018889018064673 0.000000000000000
 7 8.506612761099342 0.000000000000000
 8 11.94138313231706 0.000000000000000
 9 14.08224477575019 0.000000000000000
 10 14.86174476618061 0.000000000000000
 11 19.17780814263226 0.000000000000000
 12 20.73830938110699 0.000000000000000

 spin=1 k-point=290/1284 Cartesian=0.01947404499283394 0.1686501767823507 -0.01919091118446170 (2453 plane wave)
 1 0.6599356598034094 0.001562499999996930
 2 1.844992000128243 0.001562499564504611
 3 5.045311533560740 7.076879024325742e-11
 4 6.170470603579608 0.000000000000000
 5 7.352176797106318 0.000000000000000
 6 8.392845742540793 0.000000000000000
 7 9.302894070065339 0.000000000000000
 8 13.01806105221599 0.000000000000000
 9 13.50529086924129 0.000000000000000
 10 15.61463208660604 0.000000000000000
 11 17.36529817590635 0.000000000000000
 12 19.28332618825062 0.000000000000000

 spin=1 k-point=291/1284 Cartesian=0.000000000000000 0.1349201414258805 -0.01919091118446170 (2462 plane wave)
 1 -0.9113760464461080 0.001562500000000037
 2 3.294783222220130 0.001007103929708056
 3 4.024730283432914 1.912665312529899e-06
 4 5.725159872632680 7.894002254008429e-14
 5 8.328740487993612 0.000000000000000
 6 10.39934262647315 0.000000000000000
 7 10.56324874463138 0.000000000000000
 8 12.14181585255517 0.000000000000000
 9 14.96541808955801 0.000000000000000
 10 16.19704475190559 0.000000000000000
 11 17.22057592684144 0.000000000000000
 12 18.07685818211431 0.000000000000000

 spin=1 k-point=292/1284 Cartesian=-0.01947404499283316 0.1236767963070574 -0.01919091118446170 (2463 plane wave)
 1 -1.286616631732114 0.001562500000000037
 2 3.028917905597199 0.001504390078299209
 3 4.626653534552938 4.656391954940761e-09
 4 5.477281014714691 9.415030067288502e-13
 5 9.019206687241324 0.000000000000000
 6 9.648982322651504 0.000000000000000
 7 11.33349675165350 0.000000000000000
 8 13.47389933185975 0.000000000000000
 9 13.96171352798966 0.000000000000000
 10 16.05234611419370 0.000000000000000
 11 17.69784230305051 0.000000000000000
 12 18.62226048496444 0.000000000000000

 spin=1 k-point=293/1284 Cartesian=-0.03894808998566670 0.1124334511882340 -0.01919091118446170 (2462 plane wave)
 1 -1.511877460468244 0.001562500000000037
 2 2.825667482641894 0.001554632946395680
 3 4.917109407442706 2.550448839215895e-10
 4 5.903731454172704 1.323641975849074e-14
 5 8.126667818308910 0.000000000000000
 6 10.17593245336012 0.000000000000000
 7 12.10936430665321 0.000000000000000
 8 12.80821490340793 0.000000000000000
 9 14.73573993193562 0.000000000000000
 10 15.49401004142450 0.000000000000000
 11 18.34921220619550 0.000000000000000
 12 19.74938416533599 0.000000000000000

 spin=1 k-point=294/1284 Cartesian=-0.05842213497850025 0.1011901060694107 -0.01919091118446170 (2462 plane wave)
 1 -1.586982620965510 0.001562500000000037
 2 2.755562018206859 0.001558587528375970
 3 4.904720965924168 2.886814898383288e-10
 4 6.836232924066870 0.000000000000000
 5 7.009430751091825 0.000000000000000
 6 11.14874362122084 0.000000000000000
 7 11.35665062131069 0.000000000000000
 8 13.48652266503410 0.000000000000000
 9 13.55922230824339 0.000000000000000
 10 17.30006663522657 0.000000000000000
 11 18.05428975704281 0.000000000000000
 12 18.55981664222248 0.000000000000000

 spin=1 k-point=295/1284 Cartesian=-0.07789617997133380 0.08994676095058737 -0.01919091118446170 (2462 plane wave)
 1 -1.511877460425465 0.001562500000000037
 2 2.825667479866327 0.001554632946612936
 3 4.917109426547814 2.550448351949919e-10
 4 5.903731432179734 1.323642266957349e-14
 5 8.126667816731961 0.000000000000000
 6 10.17593248125604 0.000000000000000
 7 12.10936424213069 0.000000000000000
 8 12.80821495236165 0.000000000000000
 9 14.73573992758651 0.000000000000000
 10 15.49401004100796 0.000000000000000
 11 18.34921220703134 0.000000000000000
 12 19.74938417926622 0.000000000000000

 spin=1 k-point=296/1284 Cartesian=0.09737022496416814 -0.07870341583176266 0.01919091118446219 (2463 plane wave)
 1 -1.286616631642098 0.001562500000000037
 2 3.028917897728413 0.001504390082701701
 3 4.626653574407407 4.656390099165916e-09
 4 5.477280975820304 9.415033729208390e-13
 5 9.019206665930595 0.000000000000000
 6 9.648982369937519 0.000000000000000
 7 11.33349673558089 0.000000000000000
 8 13.47389931816922 0.000000000000000
 9 13.96171353598738 0.000000000000000
 10 16.05234612022982 0.000000000000000
 11 17.69784227903139 0.000000000000000
 12 18.62226052853631 0.000000000000000

 spin=1 k-point=297/1284 Cartesian=0.1168442699570017 -0.06746007071293933 0.01919091118446219 (2462 plane wave)
 1 -0.9113760462987099 0.001562500000000037
 2 3.294783198752722 0.001007104013716373
 3 4.024730326603867 1.912664487824788e-06
 4 5.725159842361414 7.894004643623857e-14
 5 8.328740494276470 0.000000000000000
 6 10.39934264903579 0.000000000000000
 7 10.56324874675930 0.000000000000000
 8 12.14181582823583 0.000000000000000
 9 14.96541809184420 0.000000000000000
 10 16.19704474197685 0.000000000000000
 11 17.22057592848882 0.000000000000000
 12 18.07685821960546 0.000000000000000

 spin=1 k-point=298/1284 Cartesian=0.1363183149498352 -0.05621672559411599 0.01919091118446219 (2457 plane wave)
 1 -0.3864949614302548 0.001562500000000037
 2 3.102291929402208 0.001446150942569535
 3 4.089976254057355 9.966303535639351e-07
 4 6.173988481609181 0.000000000000000
 5 7.668004120791632 0.000000000000000
 6 9.174924055650736 0.000000000000000
 7 9.975885016038555 0.000000000000000
 8 13.16895053295873 0.000000000000000
 9 13.65697716497119 0.000000000000000
 10 15.76148737216980 0.000000000000000
 11 17.48956758703820 0.000000000000000
 12 19.11135273445218 0.000000000000000

 spin=1 k-point=299/1284 Cartesian=0.1557923599426688 0.2248669023764674 -0.01919091118446170 (2447 plane wave)
 1 0.2874263802888172 0.001562499999999962
 2 2.647567259106257 0.001561169072040602
 3 4.688772392979105 2.501907728035941e-09
 4 6.638747448895193 0.000000000000000
 5 7.046623989241345 0.000000000000000
 6 7.872578358288047 0.000000000000000
 7 9.417602059875513 0.000000000000000
 8 12.02222019066066 0.000000000000000
 9 14.15535961793633 0.000000000000000
 10 14.93326136193955 0.000000000000000
 11 19.20885633828713 0.000000000000000
 12 20.16380979141190 0.000000000000000

 spin=1 k-point=300/1284 Cartesian=0.1363183149498352 0.2136235572576441 -0.01919091118446170 (2449 plane wave)
 1 1.109289464430015 0.001562499999722150
 2 2.293653318713035 0.001562461320148887
 3 5.360515589892435 3.026409083032560e-12
 4 5.962031100528146 7.388875044000462e-15
 5 6.656337163893952 0.000000000000000
 6 7.928326232036287 0.000000000000000
 7 9.021204572209344 0.000000000000000
 8 10.53666617282087 0.000000000000000
 9 12.63142772863665 0.000000000000000
 10 16.89709356327945 0.000000000000000
 11 20.78269413454472 0.000000000000000
 12 21.41261626421256 0.000000000000000

 spin=1 k-point=301/1284 Cartesian=0.1168442699570017 0.2023802121388207 -0.01919091118446170 (2456 plane wave)
 1 2.066662364149212 0.001562496003452318
 2 2.087285620841887 0.001562495088089636
 3 4.420020851154347 3.676505052893498e-08
 4 6.472206818187936 0.000000000000000
 5 6.497670067785253 0.000000000000000
 6 8.308426319518508 0.000000000000000
 7 8.976698984973135 0.000000000000000
 8 9.439713667267933 0.000000000000000
 9 11.24637272991199 0.000000000000000
 10 18.99516701585494 0.000000000000000
 11 21.67901606332373 0.000000000000000
 12 22.14171069175463 0.000000000000000

 spin=1 k-point=302/1284 Cartesian=0.09737022496416814 0.1911368670199974 -0.01919091118446170 (2445 plane wave)
 1 2.004047939287350 0.001562497863246354
 2 3.152167221279182 0.001379713598654997
 3 3.221352968699764 0.001235547691342156
 4 6.418329511877394 0.000000000000000
 5 7.440353920863120 0.000000000000000
 6 7.566238398431362 0.000000000000000
 7 8.987235578757739 0.000000000000000
 8 10.01046485435008 0.000000000000000
 9 10.05135927750670 0.000000000000000
 10 20.93661542640780 0.000000000000000
 11 21.31451972241177 0.000000000000000
 12 22.02687802341933 0.000000000000000

 spin=1 k-point=303/1284 Cartesian=0.07789617997133459 0.1798935219011741 -0.01919091118446170 (2456 plane wave)
 1 2.066662369740376 0.001562496003452094
 2 2.087285615117542 0.001562495088089917
 3 4.420020851767062 3.676505030367496e-08
 4 6.472206823670650 0.000000000000000
 5 6.497670064045124 0.000000000000000
 6 8.308426306795912 0.000000000000000
 7 8.976698989839001 0.000000000000000
 8 9.439713675336421 0.000000000000000
 9 11.24637272743567 0.000000000000000
 10 18.99516701357924 0.000000000000000
 11 21.67901606991272 0.000000000000000
 12 22.14171068957287 0.000000000000000

 spin=1 k-point=304/1284 Cartesian=0.05842213497850103 0.1686501767823507 -0.01919091118446170 (2449 plane wave)
 1 1.109289463984570 0.001562499999722150
 2 2.293653320427403 0.001562461320148225
 3 5.360515562875902 3.026409900663681e-12
 4 5.962031129082909 7.388872934124493e-15
 5 6.656337193921525 0.000000000000000
 6 7.928326157316275 0.000000000000000
 7 9.021204621591666 0.000000000000000
 8 10.53666616649586 0.000000000000000
 9 12.63142772718929 0.000000000000000
 10 16.89709356227506 0.000000000000000
 11 20.78269414880997 0.000000000000000
 12 21.41261622679331 0.000000000000000

 spin=1 k-point=305/1284 Cartesian=0.03894808998566748 0.1574068316635274 -0.01919091118446170 (2447 plane wave)
 1 0.2874263799658646 0.001562499999999962
 2 2.647567263548508 0.001561169071981530
 3 4.688772372613471 2.501908237564681e-09
 4 6.638747506875355 0.000000000000000
 5 7.046624006572177 0.000000000000000
 6 7.872578265181794 0.000000000000000
 7 9.417602097006370 0.000000000000000
 8 12.02222018845428 0.000000000000000
 9 14.15535961678520 0.000000000000000
 10 14.93326136100153 0.000000000000000
 11 19.20885635226002 0.000000000000000
 12 20.16380975541288 0.000000000000000

 spin=1 k-point=306/1284 Cartesian=0.01947404499283394 0.1461634865447040 -0.01919091118446170 (2457 plane wave)
 1 -0.3864949616521465 0.001562500000000037
 2 3.102291943645529 0.001446150927231567
 3 4.089976224147488 9.966306514647249e-07
 4 6.173988517222784 0.000000000000000
 5 7.668004111697749 0.000000000000000
 6 9.174924009309649 0.000000000000000
 7 9.975885049886930 0.000000000000000
 8 13.16895053827693 0.000000000000000
 9 13.65697716479284 0.000000000000000
 10 15.76148736680162 0.000000000000000
 11 17.48956759591768 0.000000000000000
 12 19.11135269840213 0.000000000000000

 spin=1 k-point=307/1284 Cartesian=0.000000000000000 0.1124334511882338 -0.01919091118446170 (2472 plane wave)
 1 -1.737408810477200 0.001562500000000037
 2 2.604288295625971 0.001561636372766016
 3 4.701407839447312 2.204937638209196e-09
 4 5.694840891296449 1.068983350836368e-13
 5 9.856976781901654 0.000000000000000
 6 10.94228428054542 0.000000000000000
 7 11.74596481844377 0.000000000000000
 8 12.70551456807808 0.000000000000000
 9 15.34401781619345 0.000000000000000
 10 16.53846607691289 0.000000000000000
 11 17.59810556702716 0.000000000000000
 12 17.82806687352949 0.000000000000000

 spin=1 k-point=308/1284 Cartesian=-0.01947404499283316 0.1011901060694107 -0.01919091118446170 (2472 plane wave)
 1 -2.038098881035668 0.001562500000000037
 2 2.313702614743927 0.001562452733285604
 3 4.491168607395455 1.804884911664496e-08
 4 6.496134265862768 0.000000000000000
 5 9.897901751750149 0.000000000000000
 6 10.85867441322158 0.000000000000000
 7 12.85306649237106 0.000000000000000
 8 13.95241303053584 0.000000000000000
 9 14.42725485040594 0.000000000000000
 10 16.47433186926133 0.000000000000000
 11 17.68197542855038 0.000000000000000
 12 18.42330656740922 0.000000000000000

 spin=1 k-point=309/1284 Cartesian=-0.03894808998566670 0.08994676095058737 -0.01919091118446170 (2470 plane wave)
 1 -2.188488690178938 0.001562500000000037
 2 2.167194586912054 0.001562489078329261
 3 4.362974993024745 6.503907903110330e-08
 4 7.504088924724915 0.000000000000000
 5 8.665406074999833 0.000000000000000
 6 11.85202068557845 0.000000000000000
 7 12.98262860795396 0.000000000000000
 8 14.11799930037319 0.000000000000000
 9 15.23491846357798 0.000000000000000
 10 15.94715855741453 0.000000000000000
 11 17.70418133342265 0.000000000000000
 12 18.48235447697063 0.000000000000000

 spin=1 k-point=310/1284 Cartesian=-0.05842213497850025 0.07870341583176403 -0.01919091118446170 (2470 plane wave)
 1 -2.188488690166763 0.001562500000000037
 2 2.167194586384122 0.001562489078329319
 3 4.362974994767113 6.503907789793083e-08
 4 7.504088920532133 0.000000000000000
 5 8.665406075962316 0.000000000000000
 6 11.85202070679973 0.000000000000000
 7 12.98262856991021 0.000000000000000
 8 14.11799932683362 0.000000000000000
 9 15.23491845747514 0.000000000000000
 10 15.94715855546831 0.000000000000000
 11 17.70418134163934 0.000000000000000
 12 18.48235446882692 0.000000000000000

 spin=1 k-point=311/1284 Cartesian=0.07789617997133459 -0.06746007071293933 0.01919091118446219 (2472 plane wave)
 1 -2.038098880998430 0.001562500000000037
 2 2.313702612985751 0.001562452733286435
 3 4.491168614272291 1.804884787546936e-08
 4 6.496134257108457 0.000000000000000
 5 9.897901741562331 0.000000000000000
 6 10.85867443919048 0.000000000000000
 7 12.85306649383883 0.000000000000000
 8 13.95241299514261 0.000000000000000
 9 14.42725486632746 0.000000000000000
 10 16.47433188334137 0.000000000000000
 11 17.68197540291631 0.000000000000000
 12 18.42330659824265 0.000000000000000

 spin=1 k-point=312/1284 Cartesian=0.09737022496416814 -0.05621672559411599 0.01919091118446219 (2472 plane wave)
 1 -1.737408810413129 0.001562500000000037
 2 2.604288291921659 0.001561636372797989
 3 4.701407861387309 2.204937154446574e-09
 4 5.694840868372299 1.068983595891801e-13
 5 9.856976776708981 0.000000000000000
 6 10.94228428264747 0.000000000000000
 7 11.74596488037294 0.000000000000000
 8 12.70551450719883 0.000000000000000
 9 15.34401781847553 0.000000000000000
 10 16.53846605826367 0.000000000000000
 11 17.59810556870789 0.000000000000000
 12 17.82806692986077 0.000000000000000

 spin=1 k-point=313/1284 Cartesian=0.1168442699570017 -0.04497338047529265 0.01919091118446219 (2463 plane wave)
 1 -1.286616631649959 0.001562500000000037
 2 3.028917897603546 0.001504390082771563
 3 4.626653574331910 4.656390102681321e-09
 4 5.477280976176025 9.415033695717158e-13
 5 9.019206665748513 0.000000000000000
 6 9.648982369075631 0.000000000000000
 7 11.33349673737192 0.000000000000000
 8 13.47389931953702 0.000000000000000
 9 13.96171353269754 0.000000000000000
 10 16.05234612205974 0.000000000000000
 11 17.69784227967732 0.000000000000000
 12 18.62226052586502 0.000000000000000

 spin=1 k-point=314/1284 Cartesian=0.1363183149498352 -0.03373003535646932 0.01919091118446219 (2457 plane wave)
 1 -0.6860775426215387 0.001562500000000037
 2 3.516018830057637 0.0002587356724025290
 3 4.245936171653671 2.096174635061872e-07
 4 5.913898825744305 1.195677857503900e-14
 5 7.688127755875437 0.000000000000000
 6 8.702837084681372 0.000000000000000
 7 10.74423694342377 0.000000000000000
 8 12.27486496302891 0.000000000000000
 9 14.37402576673960 0.000000000000000
 10 15.14627943531938 0.000000000000000
 11 19.01913228077493 0.000000000000000
 12 19.67512587331775 0.000000000000000

 spin=1 k-point=315/1284 Cartesian=0.1557923599426688 0.2023802121388207 -0.01919091118446170 (2450 plane wave)
 1 0.06358573476867127 0.001562500000000029
 2 3.549718852098528 0.0001938994409303210
 3 4.505670059569258 1.561245391961998e-08
 4 5.974201054672733 6.542215864730486e-15
 5 6.738727297842453 0.000000000000000
 6 8.244529776441071 0.000000000000000
 7 10.11934103755586 0.000000000000000
 8 10.85781643926711 0.000000000000000
 9 12.77998921530905 0.000000000000000
 10 17.02765217155730 0.000000000000000
 11 19.90331508210096 0.000000000000000
 12 21.31731878452348 0.000000000000000

 spin=1 k-point=316/1284 Cartesian=0.1363183149498352 0.1911368670199974 -0.01919091118446170 (2450 plane wave)
 1 0.9612020589005297 0.001562499999936834
 2 3.317325193680006 0.0009240537782215924
 3 4.460577207761153 2.450781041972279e-08
 4 5.465966206661188 1.054292969152290e-12
 5 7.291618641406651 0.000000000000000
 6 8.065520677912813 0.000000000000000
 7 9.069566370700727 0.000000000000000
 8 10.22675327563307 0.000000000000000
 9 11.32353727032628 0.000000000000000
 10 19.03738312281274 0.000000000000000
 11 20.76751445276902 0.000000000000000
 12 21.54766576131164 0.000000000000000

 spin=1 k-point=317/1284 Cartesian=0.1168442699570017 0.1798935219011741 -0.01919091118446170 (2445 plane wave)
 1 2.004047939431516 0.001562497863246351
 2 3.152167214571040 0.001379713609482172
 3 3.221352975221708 0.001235547674480466
 4 6.418329512671428 0.000000000000000
 5 7.440353924523838 0.000000000000000
 6 7.566238392303287 0.000000000000000
 7 8.987235581443560 0.000000000000000
 8 10.01046486081463 0.000000000000000
 9 10.05135927021228 0.000000000000000
 10 20.93661542953909 0.000000000000000
 11 21.31451972026105 0.000000000000000
 12 22.02687802143830 0.000000000000000

 spin=1 k-point=318/1284 Cartesian=0.09737022496416814 0.1686501767823507 -0.01919091118446170 (2445 plane wave)
 1 2.004047939521786 0.001562497863246349
 2 3.152167209229286 0.001379713618103948
 3 3.221352980668049 0.001235547660399619
 4 6.418329515020493 0.000000000000000
 5 7.440353923461254 0.000000000000000
 6 7.566238386415224 0.000000000000000
 7 8.987235588482598 0.000000000000000
 8 10.01046486301533 0.000000000000000
 9 10.05135926538978 0.000000000000000
 10 20.93661542704269 0.000000000000000
 11 21.31451971772766 0.000000000000000
 12 22.02687802427672 0.000000000000000

 spin=1 k-point=319/1284 Cartesian=0.07789617997133459 0.1574068316635274 -0.01919091118446170 (2450 plane wave)
 1 0.9612020587671978 0.001562499999936834
 2 3.317325196979198 0.0009240537657647148
 3 4.460577198168428 2.450781277065341e-08
 4 5.465966214049110 1.054292891261927e-12
 5 7.291618681335517 0.000000000000000
 6 8.065520584748505 0.000000000000000
 7 9.069566443188588 0.000000000000000
 8 10.22675325405901 0.000000000000000
 9 11.32353727165047 0.000000000000000
 10 19.03738312087876 0.000000000000000
 11 20.76751445105240 0.000000000000000
 12 21.54766576503061 0.000000000000000

 spin=1 k-point=320/1284 Cartesian=0.05842213497850103 0.1461634865447041 -0.01919091118446170 (2450 plane wave)
 1 0.06358573461979286 0.001562500000000029
 2 3.549718865181642 0.0001938994187103004
 3 4.505670026535300 1.561245907698210e-08
 4 5.974201088249606 6.542213668058864e-15
 5 6.738727309808980 0.000000000000000
 6 8.244529719204792 0.000000000000000
 7 10.11934110865896 0.000000000000000
 8 10.85781639976206 0.000000000000000
 9 12.77998921513366 0.000000000000000
 10 17.02765217060862 0.000000000000000
 11 19.90331508401212 0.000000000000000
 12 21.31731877487886 0.000000000000000

 spin=1 k-point=321/1284 Cartesian=0.03894808998566748 0.1349201414258807 -0.01919091118446170 (2457 plane wave)
 1 -0.6860775427459102 0.001562500000000037
 2 3.516018852187012 0.0002587356246270986
 3 4.245936129466829 2.096175519253527e-07
 4 5.913898857940982 1.195677472535322e-14
 5 7.688127771317430 0.000000000000000
 6 8.702837032542948 0.000000000000000
 7 10.74423697958906 0.000000000000000
 8 12.27486495186882 0.000000000000000
 9 14.37402576634834 0.000000000000000
 10 15.14627943386098 0.000000000000000
 11 19.01913229965803 0.000000000000000
 12 19.67512584268314 0.000000000000000

 spin=1 k-point=322/1284 Cartesian=0.01947404499283394 0.1236767963070574 -0.01919091118446170 (2463 plane wave)
 1 -1.286616631743521 0.001562500000000037
 2 3.028917905666563 0.001504390078260401
 3 4.626653534448203 4.656391959817596e-09
 4 5.477281014768134 9.415030062256853e-13
 5 9.019206688258961 0.000000000000000
 6 9.648982320424906 0.000000000000000
 7 11.33349675269039 0.000000000000000
 8 13.47389933169105 0.000000000000000
 9 13.96171353020344 0.000000000000000
 10 16.05234611309378 0.000000000000000
 11 17.69784230062423 0.000000000000000
 12 18.62226048507283 0.000000000000000

 spin=1 k-point=323/1284 Cartesian=0.000000000000000 0.08994676095058715 -0.01919091118446170 (2468 plane wave)
 1 -2.414199085317510 0.001562500000000037
 2 1.944451743397022 0.001562498822579317
 3 4.147348873709110 5.616798988404396e-07
 4 7.291738658480937 0.000000000000000
 5 11.47271488689710 0.000000000000000
 6 11.50733037473256 0.000000000000000
 7 12.73016087287938 0.000000000000000
 8 13.93284570925255 0.000000000000000
 9 15.87376650052202 0.000000000000000
 10 16.90715414589809 0.000000000000000
 11 17.51165123660836 0.000000000000000
 12 18.12577451148029 0.000000000000000

 spin=1 k-point=324/1284 Cartesian=-0.01947404499283316 0.07870341583176405 -0.01919091118446170 (2478 plane wave)
 1 -2.639941049756440 0.001562500000000037
 2 1.721983224288539 0.001562499872719140
 3 3.934974108423615 4.684606379505423e-06
 4 8.244943823177371 0.000000000000000
 5 10.54383399049232 0.000000000000000
 6 12.57805969441183 0.000000000000000
 7 14.19965421777004 0.000000000000000
 8 14.75230920952955 0.000000000000000
 9 15.14172309702904 0.000000000000000
 10 16.91323533918245 0.000000000000000
 11 17.43154057195177 0.000000000000000
 12 18.65734451499259 0.000000000000000

 spin=1 k-point=325/1284 Cartesian=-0.03894808998566670 0.06746007071294070 -0.01919091118446170 (2474 plane wave)
 1 -2.715201208115752 0.001562500000000037
 2 1.647705205411045 0.001562499939441158
 3 3.863530095173856 9.541015105408571e-06
 4 9.307173484578254 0.000000000000000
 5 9.374067906559379 0.000000000000000
 6 13.58805800558274 0.000000000000000
 7 13.77926952918182 0.000000000000000
 8 15.68792709957462 0.000000000000000
 9 15.96486622560551 0.000000000000000
 10 16.16558970330073 0.000000000000000
 11 17.01153991316758 0.000000000000000
 12 17.54927142049575 0.000000000000000

 spin=1 k-point=326/1284 Cartesian=0.05842213497850103 -0.05621672559411602 0.01919091118446219 (2478 plane wave)
 1 -2.639941049741787 0.001562500000000037
 2 1.721983223763099 0.001562499872719140
 3 3.934974109744636 4.684606317806313e-06
 4 8.244943820155754 0.000000000000000
 5 10.54383398910709 0.000000000000000
 6 12.57805970343931 0.000000000000000
 7 14.19965426649879 0.000000000000000
 8 14.75230911727707 0.000000000000000
 9 15.14172312475981 0.000000000000000
 10 16.91323538292463 0.000000000000000
 11 17.43154053446895 0.000000000000000
 12 18.65734452928109 0.000000000000000

 spin=1 k-point=327/1284 Cartesian=0.07789617997133459 -0.04497338047529267 0.01919091118446219 (2468 plane wave)
 1 -2.414199085288477 0.001562500000000037
 2 1.944451742259830 0.001562498822579330
 3 4.147348876938075 5.616798807105137e-07
 4 7.291738653648044 0.000000000000000
 5 11.47271488895667 0.000000000000000
 6 11.50733035350262 0.000000000000000
 7 12.73016095067048 0.000000000000000
 8 13.93284564299906 0.000000000000000
 9 15.87376650267034 0.000000000000000
 10 16.90715410287757 0.000000000000000
 11 17.51165131329184 0.000000000000000
 12 18.12577451321116 0.000000000000000

 spin=1 k-point=328/1284 Cartesian=0.09737022496416814 -0.03373003535646934 0.01919091118446219 (2472 plane wave)
 1 -2.038098881003898 0.001562500000000037
 2 2.313702612874648 0.001562452733286488
 3 4.491168614337993 1.804884786361099e-08
 4 6.496134257335744 0.000000000000000
 5 9.897901740942123 0.000000000000000
 6 10.85867443855457 0.000000000000000
 7 12.85306649680861 0.000000000000000
 8 13.95241299780874 0.000000000000000
 9 14.42725486106659 0.000000000000000
 10 16.47433188602613 0.000000000000000
 11 17.68197539987555 0.000000000000000
 12 18.42330659807921 0.000000000000000

 spin=1 k-point=329/1284 Cartesian=0.1168442699570017 -0.02248669023764600 0.01919091118446219 (2462 plane wave)
 1 -1.511877460439224 0.001562500000000037
 2 2.825667479622726 0.001554632946632003
 3 4.917109426454511 2.550448354329558e-10
 4 5.903731432990296 1.323642256228418e-14
 5 8.126667815912331 0.000000000000000
 6 10.17593248036737 0.000000000000000
 7 12.10936425251061 0.000000000000000
 8 12.80821494087678 0.000000000000000
 9 14.73573992968987 0.000000000000000
 10 15.49401004365494 0.000000000000000
 11 18.34921220200602 0.000000000000000
 12 19.74938417869350 0.000000000000000

 spin=1 k-point=330/1284 Cartesian=0.1363183149498352 -0.01124334511882266 0.01919091118446219 (2455 plane wave)
 1 -0.8359517087978267 0.001562500000000037
 2 3.464919170697641 0.0003884041247473309
 3 5.071795340447727 5.430302663535849e-11
 4 5.778260925467900 4.641755356827065e-14
 5 6.564325131631936 0.000000000000000
 6 9.640155478741899 0.000000000000000
 7 10.76310570291801 0.000000000000000
 8 11.97221869051718 0.000000000000000
 9 13.07716708730557 0.000000000000000
 10 17.26515681620492 0.000000000000000
 11 19.01120197826016 0.000000000000000
 12 19.81692583241035 0.000000000000000

 spin=1 k-point=331/1284 Cartesian=0.1557923599426688 0.1798935219011741 -0.01919091118446170 (2452 plane wave)
 1 -0.01107725107659705 0.001562500000000033
 2 4.097055687715885 9.285546003022119e-07
 3 4.804607203367764 7.856108137013002e-10
 4 4.974108344943023 1.442358924542842e-10
 5 6.658448473016016 0.000000000000000
 6 9.134719477080305 0.000000000000000
 7 9.406646437179877 0.000000000000000
 8 11.54897863947975 0.000000000000000
 9 11.56640024914110 0.000000000000000
 10 18.89195492476326 0.000000000000000
 11 19.55351963891501 0.000000000000000
 12 20.11391628748526 0.000000000000000

 spin=1 k-point=332/1284 Cartesian=0.1363183149498352 0.1686501767823507 -0.01919091118446170 (2450 plane wave)
 1 0.9612020587570288 0.001562499999936834
 2 3.317325197181779 0.0009240537649998223
 3 4.460577196780475 2.450781311080506e-08
 4 5.465966213669234 1.054292895266929e-12
 5 7.291618687249628 0.000000000000000
 6 8.065520583887976 0.000000000000000
 7 9.069566437002972 0.000000000000000
 8 10.22675325718379 0.000000000000000
 9 11.32353727137280 0.000000000000000
 10 19.03738312035282 0.000000000000000
 11 20.76751445936968 0.000000000000000
 12 21.54766575906984 0.000000000000000

 spin=1 k-point=333/1284 Cartesian=0.1168442699570017 0.1574068316635274 -0.01919091118446170 (2456 plane wave)
 1 2.066662376369399 0.001562496003451829
 2 2.087285608207354 0.001562495088090257
 3 4.420020851894141 3.676505025695561e-08
 4 6.472206830190793 0.000000000000000
 5 6.497670057687442 0.000000000000000
 6 8.308426303691395 0.000000000000000
 7 8.976698997056765 0.000000000000000
 8 9.439713671478378 0.000000000000000
 9 11.24637272752580 0.000000000000000
 10 18.99516701388603 0.000000000000000
 11 21.67901607652700 0.000000000000000
 12 22.14171068224771 0.000000000000000

 spin=1 k-point=334/1284 Cartesian=0.09737022496416814 0.1461634865447041 -0.01919091118446170 (2450 plane wave)
 1 0.9612020588883246 0.001562499999936834
 2 3.317325193203021 0.0009240537800225619
 3 4.460577209226028 2.450781006071942e-08
 4 5.465966207299371 1.054292962423965e-12
 5 7.291618636911447 0.000000000000000
 6 8.065520676661567 0.000000000000000
 7 9.069566374510106 0.000000000000000
 8 10.22675327832773 0.000000000000000
 9 11.32353726819452 0.000000000000000
 10 19.03738311993440 0.000000000000000
 11 20.76751445954693 0.000000000000000
 12 21.54766575672712 0.000000000000000

 spin=1 k-point=335/1284 Cartesian=0.07789617997133459 0.1349201414258807 -0.01919091118446170 (2452 plane wave)
 1 -0.01107725109057857 0.001562500000000033
 2 4.097055687700236 9.285546004474359e-07
 3 4.804607209036370 7.856107691681292e-10
 4 4.974108340554233 1.442358987844949e-10
 5 6.658448470191076 0.000000000000000
 6 9.134719471167479 0.000000000000000
 7 9.406646445529882 0.000000000000000
 8 11.54897864353206 0.000000000000000
 9 11.56640024437781 0.000000000000000
 10 18.89195492210660 0.000000000000000
 11 19.55351963998046 0.000000000000000
 12 20.11391628841332 0.000000000000000

 spin=1 k-point=336/1284 Cartesian=0.05842213497850103 0.1236767963070574 -0.01919091118446170 (2455 plane wave)
 1 -0.8359517088477226 0.001562500000000037
 2 3.464919175945437 0.0003884041094313666
 3 5.071795303040978 5.430304694836307e-11
 4 5.778260975053040 4.641753055206155e-14
 5 6.564325118378343 0.000000000000000
 6 9.640155446277086 0.000000000000000
 7 10.76310574957318 0.000000000000000
 8 11.97221867000746 0.000000000000000
 9 13.07716708921214 0.000000000000000
 10 17.26515681507139 0.000000000000000
 11 19.01120197632528 0.000000000000000
 12 19.81692583634206 0.000000000000000

 spin=1 k-point=337/1284 Cartesian=0.03894808998566748 0.1124334511882340 -0.01919091118446170 (2462 plane wave)
 1 -1.511877460490999 0.001562500000000037
 2 2.825667482835152 0.001554632946380553
 3 4.917109406667541 2.550448858986078e-10
 4 5.903731455020166 1.323641964631709e-14
 5 8.126667817800493 0.000000000000000
 6 10.17593245236858 0.000000000000000
 7 12.10936430635761 0.000000000000000
 8 12.80821490705526 0.000000000000000
 9 14.73573993033692 0.000000000000000
 10 15.49401004176016 0.000000000000000
 11 18.34921220582955 0.000000000000000
 12 19.74938416785922 0.000000000000000

 spin=1 k-point=338/1284 Cartesian=0.01947404499283394 0.1011901060694107 -0.01919091118446170 (2472 plane wave)
 1 -2.038098881046229 0.001562500000000037
 2 2.313702614834653 0.001562452733285561
 3 4.491168607154032 1.804884916021854e-08
 4 6.496134266073132 0.000000000000000
 5 9.897901751963186 0.000000000000000
 6 10.85867441193871 0.000000000000000
 7 12.85306649288063 0.000000000000000
 8 13.95241303044376 0.000000000000000
 9 14.42725485289442 0.000000000000000
 10 16.47433186907325 0.000000000000000
 11 17.68197542588151 0.000000000000000
 12 18.42330656743918 0.000000000000000

 spin=1 k-point=339/1284 Cartesian=0.000000000000000 0.06746007071294047 -0.01919091118446170 (2480 plane wave)
 1 -2.941043102830906 0.001562500000000037
 2 1.424081483411475 0.001562499993528728
 3 3.645254230887335 8.075480828617026e-05
 4 9.132662160386385 0.000000000000000
 5 12.15413945473367 0.000000000000000
 6 13.04177429963670 0.000000000000000
 7 13.75869177520136 0.000000000000000
 8 15.56028925394657 0.000000000000000
 9 16.55414725544913 0.000000000000000
 10 16.84109609671254 0.000000000000000
 11 17.84183109800991 0.000000000000000
 12 18.80141336004899 0.000000000000000

 spin=1 k-point=340/1284 Cartesian=-0.01947404499283316 0.05621672559411735 -0.01919091118446170 (2471 plane wave)
 1 -3.091630982814713 0.001562500000000037
 2 1.274883768830814 0.001562499998544462
 3 3.499524087338064 0.0002963351914703717
 4 10.16008176224936 0.000000000000000
 5 11.30216080079033 0.000000000000000
 6 14.42159128386087 0.000000000000000
 7 15.05655392746588 0.000000000000000
 8 15.64255624366909 0.000000000000000
 9 16.26558667637910 0.000000000000000
 10 17.17529345261476 0.000000000000000
 11 17.40559067416943 0.000000000000000
 12 18.01268316558386 0.000000000000000

 spin=1 k-point=341/1284 Cartesian=0.03894808998566748 -0.04497338047529267 0.01919091118446219 (2471 plane wave)
 1 -3.091630982810006 0.001562500000000037
 2 1.274883768689724 0.001562499998544462
 3 3.499524087600315 0.0002963351908406200
 4 10.16008176065329 0.000000000000000
 5 11.30216080135827 0.000000000000000
 6 14.42159127152289 0.000000000000000
 7 15.05655396957509 0.000000000000000
 8 15.64255621473353 0.000000000000000
 9 16.26558668757265 0.000000000000000
 10 17.17529346238024 0.000000000000000
 11 17.40559064297522 0.000000000000000
 12 18.01268317096708 0.000000000000000

 spin=1 k-point=342/1284 Cartesian=0.05842213497850103 -0.03373003535646933 0.01919091118446219 (2480 plane wave)
 1 -2.941043102817166 0.001562500000000037
 2 1.424081482987963 0.001562499993528728
 3 3.645254231769421 8.075480761065810e-05
 4 9.132662158130165 0.000000000000000
 5 12.15413945673770 0.000000000000000
 6 13.04177425809399 0.000000000000000
 7 13.75869185264967 0.000000000000000
 8 15.56028920807782 0.000000000000000
 9 16.55414725747566 0.000000000000000
 10 16.84109607488729 0.000000000000000
 11 17.84183114994094 0.000000000000000
 12 18.80141336286918 0.000000000000000

 spin=1 k-point=343/1284 Cartesian=0.07789617997133459 -0.02248669023764599 0.01919091118446219 (2478 plane wave)
 1 -2.639941049744742 0.001562500000000037
 2 1.721983223660416 0.001562499872719141
 3 3.934974109846839 4.684606313032861e-06
 4 8.244943820393814 0.000000000000000
 5 10.54383398818456 0.000000000000000
 6 12.57805970266424 0.000000000000000
 7 14.19965426969490 0.000000000000000
 8 14.75230912751942 0.000000000000000
 9 15.14172311282157 0.000000000000000
 10 16.91323538645916 0.000000000000000
 11 17.43154052841792 0.000000000000000
 12 18.65734452931619 0.000000000000000

 spin=1 k-point=344/1284 Cartesian=0.09737022496416814 -0.01124334511882265 0.01919091118446219 (2470 plane wave)
 1 -2.188488690175356 0.001562500000000037
 2 2.167194586167819 0.001562489078329343
 3 4.362974994945310 6.503907778203726e-08
 4 7.504088921258424 0.000000000000000
 5 8.665406074857462 0.000000000000000
 6 11.85202070529196 0.000000000000000
 7 12.98262857658149 0.000000000000000
 8 14.11799931904256 0.000000000000000
 9 15.23491846064621 0.000000000000000
 10 15.94715855971671 0.000000000000000
 11 17.70418133287438 0.000000000000000
 12 18.48235447403562 0.000000000000000

 spin=1 k-point=345/1284 Cartesian=0.1168442699570017 0.000000000000000 0.01919091118446219 (2462 plane wave)
 1 -1.586982620982730 0.001562500000000037
 2 2.755562017844881 0.001558587528390097
 3 4.904720966009961 2.886814895906622e-10
 4 6.836232930662907 0.000000000000000
 5 7.009430744580887 0.000000000000000
 6 11.14874361593934 0.000000000000000
 7 11.35665062811891 0.000000000000000
 8 13.48652265717486 0.000000000000000
 9 13.55922231502035 0.000000000000000
 10 17.30006663826510 0.000000000000000
 11 18.05428975805928 0.000000000000000
 12 18.55981663926580 0.000000000000000

 spin=1 k-point=346/1284 Cartesian=0.1363183149498352 0.01124334511882402 0.01919091118446219 (2455 plane wave)
 1 -0.8359517088399464 0.001562500000000037
 2 3.464919175117446 0.0003884041118479022
 3 5.071795303089158 5.430304692219981e-11
 4 5.778260975374421 4.641753040288477e-14
 5 6.564325119541349 0.000000000000000
 6 9.640155447788738 0.000000000000000
 7 10.76310574571148 0.000000000000000
 8 11.97221867218624 0.000000000000000
 9 13.07716708866413 0.000000000000000
 10 17.26515681435245 0.000000000000000
 11 19.01120198332925 0.000000000000000
 12 19.81692583082940 0.000000000000000

 spin=1 k-point=347/1284 Cartesian=0.1557923599426688 0.1574068316635274 -0.01919091118446170 (2450 plane wave)
 1 0.06358573461076589 0.001562500000000029
 2 3.549718865307862 0.0001938994184959310
 3 4.505670024279423 1.561245942917650e-08
 4 5.974201089809013 6.542213566039045e-15
 5 6.738727312255661 0.000000000000000
 6 8.244529718431174 0.000000000000000
 7 10.11934110573289 0.000000000000000
 8 10.85781640189975 0.000000000000000
 9 12.77998921519800 0.000000000000000
 10 17.02765217028055 0.000000000000000
 11 19.90331508857162 0.000000000000000
 12 21.31731877383187 0.000000000000000

 spin=1 k-point=348/1284 Cartesian=0.1363183149498352 0.1461634865447040 -0.01919091118446170 (2449 plane wave)
 1 1.109289463963815 0.001562499999722150
 2 2.293653320273709 0.001562461320148284
 3 5.360515560583609 3.026409970037873e-12
 4 5.962031128873078 7.388872949628672e-15
 5 6.656337199221629 0.000000000000000
 6 7.928326153806945 0.000000000000000
 7 9.021204623288542 0.000000000000000
 8 10.53666616589956 0.000000000000000
 9 12.63142772761983 0.000000000000000
 10 16.89709356233142 0.000000000000000
 11 20.78269415357433 0.000000000000000
 12 21.41261622642433 0.000000000000000

 spin=1 k-point=349/1284 Cartesian=0.1168442699570017 0.1349201414258807 -0.01919091118446170 (2449 plane wave)
 1 1.109289464399792 0.001562499999722150
 2 2.293653318539862 0.001562461320148954
 3 5.360515592543069 3.026409002813516e-12
 4 5.962031099117378 7.388875148240376e-15
 5 6.656337162844686 0.000000000000000
 6 7.928326229187059 0.000000000000000
 7 9.021204573060569 0.000000000000000
 8 10.53666617673593 0.000000000000000
 9 12.63142772731329 0.000000000000000
 10 16.89709356231910 0.000000000000000
 11 20.78269414052784 0.000000000000000
 12 21.41261626064703 0.000000000000000

 spin=1 k-point=350/1284 Cartesian=0.09737022496416814 0.1236767963070574 -0.01919091118446170 (2450 plane wave)
 1 0.06358573472658170 0.001562500000000029
 2 3.549718852362564 0.0001938994404818897
 3 4.505670059958844 1.561245385879675e-08
 4 5.974201056294819 6.542215758610099e-15
 5 6.738727293149744 0.000000000000000
 6 8.244529778713938 0.000000000000000
 7 10.11934103374894 0.000000000000000
 8 10.85781644499915 0.000000000000000
 9 12.77998921413503 0.000000000000000
 10 17.02765217009626 0.000000000000000
 11 19.90331508563019 0.000000000000000
 12 21.31731878760610 0.000000000000000

 spin=1 k-point=351/1284 Cartesian=0.07789617997133459 0.1124334511882340 -0.01919091118446170 (2455 plane wave)
 1 -0.8359517088249800 0.001562500000000037
 2 3.464919171766545 0.0003884041216276798
 3 5.071795337693971 5.430302813073131e-11
 4 5.778260928866406 4.641755199076667e-14
 5 6.564325129007415 0.000000000000000
 6 9.640155479528209 0.000000000000000
 7 10.76310570170402 0.000000000000000
 8 11.97221869340196 0.000000000000000
 9 13.07716708634353 0.000000000000000
 10 17.26515681360523 0.000000000000000
 11 19.01120198373489 0.000000000000000
 12 19.81692583006169 0.000000000000000

 spin=1 k-point=352/1284 Cartesian=0.05842213497850103 0.1011901060694107 -0.01919091118446170 (2462 plane wave)
 1 -1.586982620999963 0.001562500000000037
 2 2.755562018546446 0.001558587528362717
 3 4.904720964682356 2.886814934232095e-10
 4 6.836232936469823 0.000000000000000
 5 7.009430739015169 0.000000000000000
 6 11.14874361012773 0.000000000000000
 7 11.35665063453682 0.000000000000000
 8 13.48652265245839 0.000000000000000
 9 13.55922232008710 0.000000000000000
 10 17.30006663558071 0.000000000000000
 11 18.05428975975929 0.000000000000000
 12 18.55981663974370 0.000000000000000

 spin=1 k-point=353/1284 Cartesian=0.03894808998566748 0.08994676095058736 -0.01919091118446170 (2470 plane wave)
 1 -2.188488690199530 0.001562500000000037
 2 2.167194587099572 0.001562489078329241
 3 4.362974992570636 6.503907932643962e-08
 4 7.504088925644275 0.000000000000000
 5 8.665406074032253 0.000000000000000
 6 11.85202068401495 0.000000000000000
 7 12.98262861002424 0.000000000000000
 8 14.11799930174613 0.000000000000000
 9 15.23491846290329 0.000000000000000
 10 15.94715855794658 0.000000000000000
 11 17.70418133532255 0.000000000000000
 12 18.48235447546650 0.000000000000000

 spin=1 k-point=354/1284 Cartesian=0.01947404499283394 0.07870341583176403 -0.01919091118446170 (2478 plane wave)
 1 -2.639941049765829 0.001562500000000037
 2 1.721983224371649 0.001562499872719140
 3 3.934974108248638 4.684606387677855e-06
 4 8.244943823388938 0.000000000000000
 5 10.54383399026138 0.000000000000000
 6 12.57805969339392 0.000000000000000
 7 14.19965421745860 0.000000000000000
 8 14.75230921037673 0.000000000000000
 9 15.14172309936079 0.000000000000000
 10 16.91323534207342 0.000000000000000
 11 17.43154056811678 0.000000000000000
 12 18.65734451746038 0.000000000000000

 spin=1 k-point=355/1284 Cartesian=0.000000000000000 0.04497338047529380 -0.01919091118446170 (2477 plane wave)
 1 -3.317562604385149 0.001562500000000037
 2 1.050725561235938 0.001562499999845323
 3 3.279598123705662 0.001060196019093841
 4 11.11878157674826 0.000000000000000
 5 12.98538300978556 0.000000000000000
 6 14.02235981231069 0.000000000000000
 7 15.47247581140428 0.000000000000000
 8 16.35595463397070 0.000000000000000
 9 17.38318943433891 0.000000000000000
 10 17.55721198977739 0.000000000000000
 11 17.86538202154187 0.000000000000000
 12 18.46102496725578 0.000000000000000

 spin=1 k-point=356/1284 Cartesian=0.01947404499283394 -0.03373003535646933 0.01919091118446219 (2474 plane wave)
 1 -3.392884673794122 0.001562500000000037
 2 0.9759430853609714 0.001562499999926796
 3 3.206101125657109 0.001273235192413625
 4 12.18533758067434 0.000000000000000
 5 12.20172874794691 0.000000000000000
 6 15.47743435469765 0.000000000000000
 7 16.04856152025206 0.000000000000000
 8 16.20970490975979 0.000000000000000
 9 16.67879042649611 0.000000000000000
 10 16.74856618932645 0.000000000000000
 11 18.62338439372491 0.000000000000000
 12 18.82876463965508 0.000000000000000

 spin=1 k-point=357/1284 Cartesian=0.03894808998566748 -0.02248669023764600 0.01919091118446219 (2477 plane wave)
 1 -3.317562604378309 0.001562500000000037
 2 1.050725561069821 0.001562499999845323
 3 3.279598123991894 0.001060196018118290
 4 11.11878157537462 0.000000000000000
 5 12.98538301167110 0.000000000000000
 6 14.02235979909577 0.000000000000000
 7 15.47247584199856 0.000000000000000
 8 16.35595464843967 0.000000000000000
 9 17.38318943468964 0.000000000000000
 10 17.55721194084300 0.000000000000000
 11 17.86538202651199 0.000000000000000
 12 18.46102501104561 0.000000000000000

 spin=1 k-point=358/1284 Cartesian=0.05842213497850103 -0.01124334511882266 0.01919091118446219 (2471 plane wave)
 1 -3.091630982810423 0.001562500000000037
 2 1.274883768597877 0.001562499998544462
 3 3.499524087711922 0.0002963351905726127
 4 10.16008176103472 0.000000000000000
 5 11.30216080008600 0.000000000000000
 6 14.42159127026845 0.000000000000000
 7 15.05655397311661 0.000000000000000
 8 15.64255622122354 0.000000000000000
 9 16.26558668168344 0.000000000000000
 10 17.17529345659512 0.000000000000000
 11 17.40559064513252 0.000000000000000
 12 18.01268317322686 0.000000000000000

 spin=1 k-point=359/1284 Cartesian=0.07789617997133459 0.000000000000000 0.01919091118446219 (2474 plane wave)
 1 -2.715201208119197 0.001562500000000037
 2 1.647705205213956 0.001562499939441158
 3 3.863530095394986 9.541015084439317e-06
 4 9.307173491092355 0.000000000000000
 5 9.374067899590132 0.000000000000000
 6 13.58805800007102 0.000000000000000
 7 13.77926953658998 0.000000000000000
 8 15.68792709381604 0.000000000000000
 9 15.96486622971019 0.000000000000000
 10 16.16558970641134 0.000000000000000
 11 17.01153991632210 0.000000000000000
 12 17.54927141615707 0.000000000000000

 spin=1 k-point=360/1284 Cartesian=0.09737022496416814 0.01124334511882402 0.01919091118446219 (2470 plane wave)
 1 -2.188488690188286 0.001562500000000037
 2 2.167194586591126 0.001562489078329296
 3 4.362974993332586 6.503907883089453e-08
 4 7.504088924860751 0.000000000000000
 5 8.665406074704899 0.000000000000000
 6 11.85202068592511 0.000000000000000
 7 12.98262860709828 0.000000000000000
 8 14.11799930324041 0.000000000000000
 9 15.23491846111849 0.000000000000000
 10 15.94715855784615 0.000000000000000
 11 17.70418134237057 0.000000000000000
 12 18.48235447035710 0.000000000000000

 spin=1 k-point=361/1284 Cartesian=0.1168442699570017 0.02248669023764735 0.01919091118446219 (2462 plane wave)
 1 -1.511877460486793 0.001562500000000037
 2 2.825667482165489 0.001554632946432970
 3 4.917109407447117 2.550448839103403e-10
 4 5.903731454834453 1.323641967089881e-14
 5 8.126667818172841 0.000000000000000
 6 10.17593245342862 0.000000000000000
 7 12.10936430360339 0.000000000000000
 8 12.80821490872098 0.000000000000000
 9 14.73573992998946 0.000000000000000
 10 15.49401004155336 0.000000000000000
 11 18.34921221037289 0.000000000000000
 12 19.74938416669706 0.000000000000000

 spin=1 k-point=362/1284 Cartesian=0.1363183149498352 0.03373003535647069 0.01919091118446219 (2457 plane wave)
 1 -0.6860775427542786 0.001562500000000037
 2 3.516018851736908 0.0002587356255988334
 3 4.245936128441655 2.096175540740085e-07
 4 5.913898859968780 1.195677448289399e-14
 5 7.688127771091972 0.000000000000000
 6 8.702837033075776 0.000000000000000
 7 10.74423697894290 0.000000000000000
 8 12.27486495191447 0.000000000000000
 9 14.37402576671449 0.000000000000000
 10 15.14627943372018 0.000000000000000
 11 19.01913230295067 0.000000000000000
 12 19.67512584266364 0.000000000000000

 spin=1 k-point=363/1284 Cartesian=0.1557923599426688 0.1349201414258807 -0.01919091118446170 (2447 plane wave)
 1 0.2874263799376418 0.001562499999999962
 2 2.647567263414433 0.001561169071983312
 3 4.688772370855972 2.501908281535647e-09
 4 6.638747512796200 0.000000000000000
 5 7.046624003527734 0.000000000000000
 6 7.872578264214701 0.000000000000000
 7 9.417602097826379 0.000000000000000
 8 12.02222018795580 0.000000000000000
 9 14.15535961761139 0.000000000000000
 10 14.93326136094492 0.000000000000000
 11 19.20885635354098 0.000000000000000
 12 20.16380975638001 0.000000000000000

 spin=1 k-point=364/1284 Cartesian=0.1363183149498352 0.1236767963070574 -0.01919091118446170 (2447 plane wave)
 1 1.401919809524300 0.001562499994815079
 2 1.407437194161926 0.001562499994520966
 3 5.666486528102716 1.419424856279026e-13
 4 5.846518116022114 2.345551444016194e-14
 5 7.238786530757710 0.000000000000000
 6 8.018889012169209 0.000000000000000
 7 8.506612766015822 0.000000000000000
 8 11.94138313145420 0.000000000000000
 9 14.08224477688616 0.000000000000000
 10 14.86174476623620 0.000000000000000
 11 19.17780814362676 0.000000000000000
 12 20.73830937943298 0.000000000000000

 spin=1 k-point=365/1284 Cartesian=0.1168442699570017 0.1124334511882340 -0.01919091118446170 (2447 plane wave)
 1 0.2874263802112421 0.001562499999999962
 2 2.647567259185796 0.001561169072039545
 3 4.688772393844996 2.501907706372187e-09
 4 6.638747445682121 0.000000000000000
 5 7.046623989627819 0.000000000000000
 6 7.872578360073905 0.000000000000000
 7 9.417602059211649 0.000000000000000
 8 12.02222019309128 0.000000000000000
 9 14.15535961747802 0.000000000000000
 10 14.93326136122742 0.000000000000000
 11 19.20885634029879 0.000000000000000
 12 20.16380979009439 0.000000000000000

 spin=1 k-point=366/1284 Cartesian=0.09737022496416814 0.1011901060694107 -0.01919091118446170 (2457 plane wave)
 1 -0.6860775426723471 0.001562500000000037
 2 3.516018831657488 0.0002587356689485874
 3 4.245936169931277 2.096174671161436e-07
 4 5.913898825662995 1.195677858476096e-14
 5 7.688127753929941 0.000000000000000
 6 8.702837087435649 0.000000000000000
 7 10.74423694099564 0.000000000000000
 8 12.27486496641595 0.000000000000000
 9 14.37402576649492 0.000000000000000
 10 15.14627943417489 0.000000000000000
 11 19.01913228452922 0.000000000000000
 12 19.67512587074035 0.000000000000000

 spin=1 k-point=367/1284 Cartesian=0.07789617997133459 0.08994676095058737 -0.01919091118446170 (2462 plane wave)
 1 -1.511877460472262 0.001562500000000037
 2 2.825667480409359 0.001554632946570430
 3 4.917109424347379 2.550448408070856e-10
 4 5.903731434245104 1.323642239619242e-14
 5 8.126667815280280 0.000000000000000
 6 10.17593248176407 0.000000000000000
 7 12.10936424711916 0.000000000000000
 8 12.80821494701099 0.000000000000000
 9 14.73573992978248 0.000000000000000
 10 15.49401004179267 0.000000000000000
 11 18.34921220488029 0.000000000000000
 12 19.74938418180821 0.000000000000000

 spin=1 k-point=368/1284 Cartesian=0.05842213497850103 0.07870341583176403 -0.01919091118446170 (2470 plane wave)
 1 -2.188488690197204 0.001562500000000037
 2 2.167194586684707 0.001562489078329286
 3 4.362974994050653 6.503907836389004e-08
 4 7.504088921756169 0.000000000000000
 5 8.665406074587107 0.000000000000000
 6 11.85202070584465 0.000000000000000
 7 12.98262857426835 0.000000000000000
 8 14.11799932188476 0.000000000000000
 9 15.23491846149600 0.000000000000000
 10 15.94715855640650 0.000000000000000
 11 17.70418133801950 0.000000000000000
 12 18.48235447218117 0.000000000000000

 spin=1 k-point=369/1284 Cartesian=0.03894808998566748 0.06746007071294069 -0.01919091118446170 (2474 plane wave)
 1 -2.715201208133661 0.001562500000000037
 2 1.647705205578641 0.001562499939441157
 3 3.863530094837194 9.541015137333438e-06
 4 9.307173497149043 0.000000000000000
 5 9.374067893839975 0.000000000000000
 6 13.58805799468965 0.000000000000000
 7 13.77926954153917 0.000000000000000
 8 15.68792708891774 0.000000000000000
 9 15.96486623799859 0.000000000000000
 10 16.16558970348870 0.000000000000000
 11 17.01153991600557 0.000000000000000
 12 17.54927141650505 0.000000000000000

 spin=1 k-point=370/1284 Cartesian=0.01947404499283394 0.05621672559411736 -0.01919091118446170 (2471 plane wave)
 1 -3.091630982822761 0.001562500000000037
 2 1.274883768906613 0.001562499998544462
 3 3.499524087197515 0.0002963351918078783
 4 10.16008176261222 0.000000000000000
 5 11.30216080035166 0.000000000000000
 6 14.42159128239720 0.000000000000000
 7 15.05655392624569 0.000000000000000
 8 15.64255624695260 0.000000000000000
 9 16.26558667782908 0.000000000000000
 10 17.17529345348497 0.000000000000000
 11 17.40559067646463 0.000000000000000
 12 18.01268316255055 0.000000000000000

 spin=1 k-point=371/1284 Cartesian=0.000000000000000 -0.02248669023764622 0.01919091118446219 (2471 plane wave)
 1 -3.543546393132878 0.001562500000000037
 2 0.8262799222071794 0.001562499999983639
 3 3.058804248272103 0.001485150914125107
 4 13.20351117753385 0.000000000000000
 5 13.96078343844580 0.000000000000000
 6 14.84719432166581 0.000000000000000
 7 16.08883427043989 0.000000000000000
 8 16.43446244941859 0.000000000000000
 9 17.50925591255248 0.000000000000000
 10 17.72829411350465 0.000000000000000
 11 18.35821461520646 0.000000000000000
 12 18.42430285082760 0.000000000000000

 spin=1 k-point=372/1284 Cartesian=0.01947404499283394 -0.01124334511882265 0.01919091118446219 (2471 plane wave)
 1 -3.543546393129736 0.001562500000000037
 2 0.8262799221502927 0.001562499999983639
 3 3.058804248361578 0.001485150914059325
 4 13.20351117659951 0.000000000000000
 5 13.96078343984814 0.000000000000000
 6 14.84719431459323 0.000000000000000
 7 16.08883428029477 0.000000000000000
 8 16.43446245236308 0.000000000000000
 9 17.50925590549980 0.000000000000000
 10 17.72829412509145 0.000000000000000
 11 18.35821461724723 0.000000000000000
 12 18.42430290092550 0.000000000000000

 spin=1 k-point=373/1284 Cartesian=0.03894808998566748 0.000000000000000 0.01919091118446219 (2474 plane wave)
 1 -3.392884673792032 0.001562500000000037
 2 0.9759430852745204 0.001562499999926796
 3 3.206101125776367 0.001273235192132517
 4 12.18533758693728 0.000000000000000
 5 12.20172874068057 0.000000000000000
 6 15.47743435688560 0.000000000000000
 7 16.04856152164724 0.000000000000000
 8 16.20970490598653 0.000000000000000
 9 16.67879042736296 0.000000000000000
 10 16.74856619466183 0.000000000000000
 11 18.62338438449098 0.000000000000000
 12 18.82876464324811 0.000000000000000

 spin=1 k-point=374/1284 Cartesian=0.05842213497850103 0.01124334511882402 0.01919091118446219 (2471 plane wave)
 1 -3.091630982813081 0.001562500000000037
 2 1.274883768648837 0.001562499998544462
 3 3.499524087574427 0.0002963351909027849
 4 10.16008176159247 0.000000000000000
 5 11.30216080110400 0.000000000000000
 6 14.42159128409287 0.000000000000000
 7 15.05655392649817 0.000000000000000
 8 15.64255624226392 0.000000000000000
 9 16.26558668142163 0.000000000000000
 10 17.17529345974981 0.000000000000000
 11 17.40559067098427 0.000000000000000
 12 18.01268316274306 0.000000000000000

 spin=1 k-point=375/1284 Cartesian=0.07789617997133459 0.02248669023764736 0.01919091118446219 (2478 plane wave)
 1 -2.639941049757968 0.001562500000000037
 2 1.721983223994172 0.001562499872719140
 3 3.934974108778410 4.684606362934516e-06
 4 8.244943822767635 0.000000000000000
 5 10.54383399088814 0.000000000000000
 6 12.57805969483957 0.000000000000000
 7 14.19965421742635 0.000000000000000
 8 14.75230920373562 0.000000000000000
 9 15.14172310309613 0.000000000000000
 10 16.91323534388586 0.000000000000000
 11 17.43154057239621 0.000000000000000
 12 18.65734451656321 0.000000000000000

 spin=1 k-point=376/1284 Cartesian=0.09737022496416814 0.03373003535647069 0.01919091118446219 (2472 plane wave)
 1 -2.038098881043383 0.001562500000000037
 2 2.313702614319853 0.001562452733285804
 3 4.491168607821399 1.804884903976787e-08
 4 6.496134265738821 0.000000000000000
 5 9.897901752008760 0.000000000000000
 6 10.85867441352704 0.000000000000000
 7 12.85306649178565 0.000000000000000
 8 13.95241302851591 0.000000000000000
 9 14.42725485388487 0.000000000000000
 10 16.47433187053349 0.000000000000000
 11 17.68197542905626 0.000000000000000
 12 18.42330656762675 0.000000000000000

 spin=1 k-point=377/1284 Cartesian=0.1168442699570017 0.04497338047529403 0.01919091118446219 (2463 plane wave)
 1 -1.286616631750047 0.001562500000000037
 2 3.028917905020041 0.001504390078622122
 3 4.626653533961376 4.656391982486133e-09
 4 5.477281016070689 9.415029939620921e-13
 5 9.019206686610097 0.000000000000000
 6 9.648982323190607 0.000000000000000
 7 11.33349675203108 0.000000000000000
 8 13.47389933078373 0.000000000000000
 9 13.96171353040145 0.000000000000000
 10 16.05234611495788 0.000000000000000
 11 17.69784230093026 0.000000000000000
 12 18.62226048640458 0.000000000000000

 spin=1 k-point=378/1284 Cartesian=0.1363183149498352 0.05621672559411737 0.01919091118446219 (2457 plane wave)
 1 -0.3864949616741882 0.001562500000000037
 2 3.102291943502312 0.001446150927385790
 3 4.089976222800961 9.966306648760789e-07
 4 6.173988520155626 0.000000000000000
 5 7.668004109196893 0.000000000000000
 6 9.174924011556895 0.000000000000000
 7 9.975885049699157 0.000000000000000
 8 13.16895053771058 0.000000000000000
 9 13.65697716471584 0.000000000000000
 10 15.76148736893796 0.000000000000000
 11 17.48956759550036 0.000000000000000
 12 19.11135269798395 0.000000000000000

 spin=1 k-point=379/1284 Cartesian=0.1557923599426688 0.06746007071294069 0.01919091118446219 (2453 plane wave)
 1 0.6599356597588123 0.001562499999996930
 2 1.844991999952308 0.001562499564504612
 3 5.045311531919108 7.076879140502089e-11
 4 6.170470606076804 0.000000000000000
 5 7.352176794914048 0.000000000000000
 6 8.392845744394789 0.000000000000000
 7 9.302894070982823 0.000000000000000
 8 13.01806105188180 0.000000000000000
 9 13.50529086900045 0.000000000000000
 10 15.61463208901230 0.000000000000000
 11 17.36529817522777 0.000000000000000
 12 19.28332618560304 0.000000000000000

 spin=1 k-point=380/1284 Cartesian=0.1363183149498352 0.1011901060694107 -0.01919091118446170 (2453 plane wave)
 1 0.6599356602671137 0.001562499999996930
 2 1.844991998102089 0.001562499564504620
 3 5.045311553323027 7.076877625772440e-11
 4 6.170470563206761 0.000000000000000
 5 7.352176813002847 0.000000000000000
 6 8.392845764841692 0.000000000000000
 7 9.302894055410736 0.000000000000000
 8 13.01806105050631 0.000000000000000
 9 13.50529086949653 0.000000000000000
 10 15.61463209007976 0.000000000000000
 11 17.36529817272963 0.000000000000000
 12 19.28332619777803 0.000000000000000

 spin=1 k-point=381/1284 Cartesian=0.1168442699570017 0.08994676095058737 -0.01919091118446170 (2457 plane wave)
 1 -0.3864949615100292 0.001562500000000037
 2 3.102291930058584 0.001446150941862714
 3 4.089976253709916 9.966303570244039e-07
 4 6.173988480012375 0.000000000000000
 5 7.668004121519145 0.000000000000000
 6 9.174924056878204 0.000000000000000
 7 9.975885015262607 0.000000000000000
 8 13.16895053287926 0.000000000000000
 9 13.65697716650005 0.000000000000000
 10 15.76148737250190 0.000000000000000
 11 17.48956758696828 0.000000000000000
 12 19.11135273376576 0.000000000000000

 spin=1 k-point=382/1284 Cartesian=0.09737022496416814 0.07870341583176405 -0.01919091118446170 (2463 plane wave)
 1 -1.286616631702405 0.001562500000000037
 2 3.028917898617562 0.001504390082204233
 3 4.626653572097501 4.656390206723832e-09
 4 5.477280977005685 9.415033617604366e-13
 5 9.019206664192607 0.000000000000000
 6 9.648982371983315 0.000000000000000
 7 11.33349673590797 0.000000000000000
 8 13.47389931942989 0.000000000000000
 9 13.96171353457189 0.000000000000000
 10 16.05234612221453 0.000000000000000
 11 17.69784228129603 0.000000000000000
 12 18.62226052332790 0.000000000000000

 spin=1 k-point=383/1284 Cartesian=0.07789617997133459 0.06746007071294070 -0.01919091118446170 (2472 plane wave)
 1 -2.038098881038767 0.001562500000000037
 2 2.313702613428380 0.001562452733286226
 3 4.491168613160615 1.804884807611177e-08
 4 6.496134257761780 0.000000000000000
 5 9.897901740244968 0.000000000000000
 6 10.85867444045975 0.000000000000000
 7 12.85306649414250 0.000000000000000
 8 13.95241299777424 0.000000000000000
 9 14.42725486371552 0.000000000000000
 10 16.47433188577736 0.000000000000000
 11 17.68197540375262 0.000000000000000
 12 18.42330659453516 0.000000000000000

 spin=1 k-point=384/1284 Cartesian=0.05842213497850103 0.05621672559411736 -0.01919091118446170 (2478 plane wave)
 1 -2.639941049767781 0.001562500000000037
 2 1.721983224021930 0.001562499872719140
 3 3.934974109223647 4.684606342139469e-06
 4 8.244943820530796 0.000000000000000
 5 10.54383398842785 0.000000000000000
 6 12.57805970361525 0.000000000000000
 7 14.19965426544801 0.000000000000000
 8 14.75230912592152 0.000000000000000
 9 15.14172311767430 0.000000000000000
 10 16.91323538528374 0.000000000000000
 11 17.43154053319699 0.000000000000000
 12 18.65734453143481 0.000000000000000

 spin=1 k-point=385/1284 Cartesian=0.03894808998566748 0.04497338047529403 -0.01919091118446170 (2471 plane wave)
 1 -3.091630982825135 0.001562500000000037
 2 1.274883768840288 0.001562499998544462
 3 3.499524087328056 0.0002963351914944063
 4 10.16008176107036 0.000000000000000
 5 11.30216080080184 0.000000000000000
 6 14.42159127088511 0.000000000000000
 7 15.05655396878369 0.000000000000000
 8 15.64255622085754 0.000000000000000
 9 16.26558668225267 0.000000000000000
 10 17.17529345965301 0.000000000000000
 11 17.40559064767489 0.000000000000000
 12 18.01268317360071 0.000000000000000

 spin=1 k-point=386/1284 Cartesian=0.01947404499283394 0.03373003535647069 -0.01919091118446170 (2474 plane wave)
 1 -3.392884673800811 0.001562500000000037
 2 0.9759430854287583 0.001562499999926796
 3 3.206101125558793 0.001273235192645369
 4 12.18533759361619 0.000000000000000
 5 12.20172873498642 0.000000000000000
 6 15.47743435547234 0.000000000000000
 7 16.04856152064970 0.000000000000000
 8 16.20970490543045 0.000000000000000
 9 16.67879041731805 0.000000000000000
 10 16.74856620292070 0.000000000000000
 11 18.62338438406068 0.000000000000000
 12 18.82876464884443 0.000000000000000

 spin=1 k-point=387/1284 Cartesian=0.000000000000000 0.000000000000000 0.03838182236892686 (2460 plane wave)
 1 -3.454241745988207 0.001562500000000037
 2 -0.1693446179005671 0.001562500000000036
 3 4.230753002459591 2.439818896862816e-07
 4 13.87545431112919 0.000000000000000
 5 15.05113798511407 0.000000000000000
 6 15.05113799801506 0.000000000000000
 7 15.52366033210425 0.000000000000000
 8 15.52366034496467 0.000000000000000
 9 16.99882226696164 0.000000000000000
 10 17.21774888450350 0.000000000000000
 11 18.36563376877158 0.000000000000000
 12 18.36563378149700 0.000000000000000

 spin=1 k-point=388/1284 Cartesian=0.01947404499283394 0.01124334511882356 0.03838182236892686 (2461 plane wave)
 1 -3.378918038544308 0.001562500000000037
 2 -0.09439981215823226 0.001562500000000035
 3 4.304119818033029 1.171560541681981e-07
 4 13.30442752358520 0.000000000000000
 5 13.99697454529138 0.000000000000000
 6 14.12639413519323 0.000000000000000
 7 15.25725881642109 0.000000000000000
 8 16.59954750696022 0.000000000000000
 9 16.68532612163101 0.000000000000000
 10 17.43184992670134 0.000000000000000
 11 17.64740122038889 0.000000000000000
 12 18.54855643881725 0.000000000000000

 spin=1 k-point=389/1284 Cartesian=0.03894808998566748 0.02248669023764690 0.03838182236892686 (2470 plane wave)
 1 -3.152983427553683 0.001562500000000037
 2 0.1303013762489545 0.001562500000000021
 3 4.523457241782353 1.306842070089300e-08
 4 11.27037978069251 0.000000000000000
 5 13.15102245378994 0.000000000000000
 6 13.86688564415661 0.000000000000000
 7 14.28171446337491 0.000000000000000
 8 15.11447680774942 0.000000000000000
 9 16.45678291621034 0.000000000000000
 10 17.35948727528835 0.000000000000000
 11 18.02991214585705 0.000000000000000
 12 19.05932637217956 0.000000000000000

 spin=1 k-point=390/1284 Cartesian=0.05842213497850103 0.03373003535647023 0.03838182236892686 (2481 plane wave)
 1 -2.776556505670369 0.001562500000000037
 2 0.5042698904329042 0.001562499999999382
 3 4.885228300481828 3.508120575433262e-10
 4 9.292616263192235 0.000000000000000
 5 12.31980790286838 0.000000000000000
 6 12.44523940332284 0.000000000000000
 7 13.49297542241719 0.000000000000000
 8 14.88825115534759 0.000000000000000
 9 15.62670667113331 0.000000000000000
 10 16.42185099133468 0.000000000000000
 11 17.55718546943452 0.000000000000000
 12 19.61701717303907 0.000000000000000

 spin=1 k-point=391/1284 Cartesian=0.07789617997133459 0.04497338047529358 0.03838182236892686 (2471 plane wave)
 1 -2.249871016572411 0.001562500000000037
 2 1.026227021703038 0.001562499999878940
 3 5.371465661462116 2.712514469628100e-12
 4 7.464451808486740 0.000000000000000
 5 10.65158019992117 0.000000000000000
 6 11.63840570173136 0.000000000000000
 7 12.87723142711340 0.000000000000000
 8 14.75803988818497 0.000000000000000
 9 14.94604096389829 0.000000000000000
 10 15.45972727023632 0.000000000000000
 11 16.65262968076385 0.000000000000000
 12 19.38128265693612 0.000000000000000

 spin=1 k-point=392/1284 Cartesian=0.09737022496416814 0.05621672559411691 0.03838182236892686 (2473 plane wave)
 1 -1.573358394429888 0.001562500000000037
 2 1.692082246770821 0.001562499905614618
 3 5.505672396128078 7.087930954820547e-13
 4 6.269933123763779 0.000000000000000
 5 8.975277045565324 0.000000000000000
 6 11.10799126227633 0.000000000000000
 7 12.28860070426614 0.000000000000000
 8 13.42895479344189 0.000000000000000
 9 14.41612028787753 0.000000000000000
 10 15.50693066831860 0.000000000000000
 11 16.46381458190284 0.000000000000000
 12 18.85550961980359 0.000000000000000

 spin=1 k-point=393/1284 Cartesian=0.1168442699570017 0.06746007071294025 0.03838182236892686 (2469 plane wave)
 1 -0.7478663699743556 0.001562500000000037
 2 2.475905327221426 0.001562260701686685
 3 4.124290359187486 7.072782080675166e-07
 4 6.776419337700614 0.000000000000000
 5 7.571370264596417 0.000000000000000
 6 10.72896660131974 0.000000000000000
 7 11.44756690112057 0.000000000000000
 8 12.42616700508500 0.000000000000000
 9 14.03741364168320 0.000000000000000
 10 15.31348571778040 0.000000000000000
 11 16.99360652956504 0.000000000000000
 12 18.47874996837832 0.000000000000000

 spin=1 k-point=394/1284 Cartesian=0.1363183149498352 0.07870341583176359 0.03838182236892686 (2455 plane wave)
 1 0.2246252668345569 0.001562499999999997
 2 2.532203194700922 0.001562079865877363
 3 3.630311174478898 9.299564815306694e-05
 4 5.899298165159617 1.383643048432735e-14
 5 7.974513752329268 0.000000000000000
 6 10.22907236693021 0.000000000000000
 7 10.50150246415601 0.000000000000000
 8 12.05742485426304 0.000000000000000
 9 13.81012816207222 0.000000000000000
 10 15.12901125848159 0.000000000000000
 11 17.77318599976262 0.000000000000000
 12 18.25239111088101 0.000000000000000

 spin=1 k-point=395/1284 Cartesian=0.1557923599426688 0.08994676095058692 0.03838182236892686 (2456 plane wave)
 1 1.335729935206996 0.001562499997325269
 2 1.339254255865560 0.001562499997229320
 3 4.629508086828553 4.525352360140840e-09
 4 4.709790224185962 2.027645914380180e-09
 5 9.015570162021810 0.000000000000000
 6 9.046966550208385 0.000000000000000
 7 10.42567388461867 0.000000000000000
 8 11.95976340206589 0.000000000000000
 9 13.73435725979997 0.000000000000000
 10 15.06292813577043 0.000000000000000
 11 18.17689812834389 0.000000000000000
 12 18.33199730423722 0.000000000000000

 spin=1 k-point=396/1284 Cartesian=0.1363183149498352 0.07870341583176359 -0.03838182236892639 (2455 plane wave)
 1 0.2246252674628130 0.001562499999999997
 2 2.532203181544795 0.001562079865932621
 3 3.630311201284909 9.299562470831049e-05
 4 5.899298136296841 1.383643447790689e-14
 5 7.974513763166197 0.000000000000000
 6 10.22907239009940 0.000000000000000
 7 10.50150246414545 0.000000000000000
 8 12.05742483076503 0.000000000000000
 9 13.81012816203846 0.000000000000000
 10 15.12901125253346 0.000000000000000
 11 17.77318604191201 0.000000000000000
 12 18.25239111101483 0.000000000000000

 spin=1 k-point=397/1284 Cartesian=0.1168442699570017 0.06746007071294025 -0.03838182236892639 (2469 plane wave)
 1 -0.7478663697841731 0.001562500000000037
 2 2.475905319933302 0.001562260701704122
 3 4.124290382919014 7.072780402955453e-07
 4 6.776419264577321 0.000000000000000
 5 7.571370317423041 0.000000000000000
 6 10.72896660135162 0.000000000000000
 7 11.44756696869039 0.000000000000000
 8 12.42616693243356 0.000000000000000
 9 14.03741364160949 0.000000000000000
 10 15.31348569980695 0.000000000000000
 11 16.99360658056660 0.000000000000000
 12 18.47874996864530 0.000000000000000

 spin=1 k-point=398/1284 Cartesian=0.09737022496416814 0.05621672559411691 -0.03838182236892639 (2473 plane wave)
 1 -1.573358394391170 0.001562500000000037
 2 1.692082245517844 0.001562499905614619
 3 5.505672437834573 7.087927998692867e-13
 4 6.269933068597389 0.000000000000000
 5 8.975277054976683 0.000000000000000
 6 11.10799126229002 0.000000000000000
 7 12.28860078369086 0.000000000000000
 8 13.42895470542902 0.000000000000000
 9 14.41612028771778 0.000000000000000
 10 15.50693061754733 0.000000000000000
 11 16.46381466435125 0.000000000000000
 12 18.85550962043187 0.000000000000000

 spin=1 k-point=399/1284 Cartesian=0.07789617997133459 0.04497338047529358 -0.03838182236892639 (2471 plane wave)
 1 -2.249871016586852 0.001562500000000037
 2 1.026227021536547 0.001562499999878940
 3 5.371465666761879 2.712514325871214e-12
 4 7.464451796487484 0.000000000000000
 5 10.65158019719792 0.000000000000000
 6 11.63840570175605 0.000000000000000
 7 12.87723148585686 0.000000000000000
 8 14.75803984707489 0.000000000000000
 9 14.94604096368163 0.000000000000000
 10 15.45972718508693 0.000000000000000
 11 16.65262977137447 0.000000000000000
 12 19.38128265827013 0.000000000000000

 spin=1 k-point=400/1284 Cartesian=-0.05842213497850025 -0.03373003535646978 0.03838182236892686 (2481 plane wave)
 1 -2.776556505698580 0.001562500000000037
 2 0.5042698905261405 0.001562499999999382
 3 4.885228300871703 3.508120561755961e-10
 4 9.292616259161097 0.000000000000000
 5 12.31980790290550 0.000000000000000
 6 12.44523938417823 0.000000000000000
 7 13.49297547800052 0.000000000000000
 8 14.88825115066649 0.000000000000000
 9 15.62670667083293 0.000000000000000
 10 16.42185090573287 0.000000000000000
 11 17.55718553771457 0.000000000000000
 12 19.61701717595689 0.000000000000000

 spin=1 k-point=401/1284 Cartesian=-0.03894808998566670 -0.02248669023764645 0.03838182236892686 (2470 plane wave)
 1 -3.152983427578522 0.001562500000000037
 2 0.1303013763722021 0.001562500000000021
 3 4.523457241556627 1.306842073039150e-08
 4 11.27037977964169 0.000000000000000
 5 13.15102245385174 0.000000000000000
 6 13.86688563624123 0.000000000000000
 7 14.28171446235534 0.000000000000000
 8 15.11447683749619 0.000000000000000
 9 16.45678291555942 0.000000000000000
 10 17.35948726184464 0.000000000000000
 11 18.02991214644107 0.000000000000000
 12 19.05932632909888 0.000000000000000

 spin=1 k-point=402/1284 Cartesian=-0.01947404499283316 -0.01124334511882311 0.03838182236892686 (2461 plane wave)
 1 -3.378918038558199 0.001562500000000037
 2 -0.09439981208405286 0.001562500000000035
 3 4.304119817849608 1.171560543830711e-07
 4 13.30442752730386 0.000000000000000
 5 13.99697454371330 0.000000000000000
 6 14.12639413529102 0.000000000000000
 7 15.25725880566048 0.000000000000000
 8 16.59954750625015 0.000000000000000
 9 16.68532613244294 0.000000000000000
 10 17.43184992696564 0.000000000000000
 11 17.64740125670451 0.000000000000000
 12 18.54855646177643 0.000000000000000

 spin=1 k-point=403/1284 Cartesian=0.000000000000000 0.02248669023764713 0.03838182236892686 (2461 plane wave)
 1 -3.378918038545178 0.001562500000000037
 2 -0.09439981214783373 0.001562500000000035
 3 4.304119818037263 1.171560541632379e-07
 4 13.30442752437816 0.000000000000000
 5 13.99697454529738 0.000000000000000
 6 14.12639413199132 0.000000000000000
 7 15.25725881337242 0.000000000000000
 8 16.59954750561437 0.000000000000000
 9 16.68532613536597 0.000000000000000
 10 17.43184992415511 0.000000000000000
 11 17.64740125737719 0.000000000000000
 12 18.54855645660853 0.000000000000000

 spin=1 k-point=404/1284 Cartesian=0.01947404499283394 0.03373003535647069 0.03838182236892686 (2466 plane wave)
 1 -3.228288603578152 0.001562500000000037
 2 0.05542565834065908 0.001562500000000029
 3 4.450501823658947 2.710570066527711e-08
 4 12.31142270342782 0.000000000000000
 5 12.36183848018616 0.000000000000000
 6 14.18155014850596 0.000000000000000
 7 15.49986765706223 0.000000000000000
 8 15.63889569625257 0.000000000000000
 9 16.12538372378694 0.000000000000000
 10 16.40666371043686 0.000000000000000
 11 19.10784181301947 0.000000000000000
 12 19.11780586483724 0.000000000000000

 spin=1 k-point=405/1284 Cartesian=0.03894808998566748 0.04497338047529403 0.03838182236892686 (2470 plane wave)
 1 -2.927105386396350 0.001562500000000037
 2 0.3547858322491550 0.001562499999999890
 3 4.741450256374768 1.477387647005329e-09
 4 10.31599736019361 0.000000000000000
 5 11.45146424315455 0.000000000000000
 6 13.55351894240895 0.000000000000000
 7 14.36618333854784 0.000000000000000
 8 14.82847468482771 0.000000000000000
 9 15.48458527181484 0.000000000000000
 10 17.54241956566808 0.000000000000000
 11 17.89997764908917 0.000000000000000
 12 18.71374968933654 0.000000000000000

 spin=1 k-point=406/1284 Cartesian=0.05842213497850103 0.05621672559411736 0.03838182236892686 (2479 plane wave)
 1 -2.475539189458406 0.001562500000000037
 2 0.8028849438109689 0.001562499999987060
 3 5.169630095844547 2.041422971174585e-11
 4 8.408326789191031 0.000000000000000
 5 10.67401952050212 0.000000000000000
 6 11.71282573119310 0.000000000000000
 7 13.95559458758863 0.000000000000000
 8 14.39779896977550 0.000000000000000
 9 15.08127633137241 0.000000000000000
 10 16.34107541541423 0.000000000000000
 11 17.80320347205347 0.000000000000000
 12 18.51829949359150 0.000000000000000

 spin=1 k-point=407/1284 Cartesian=0.07789617997133459 0.06746007071294070 0.03838182236892686 (2472 plane wave)
 1 -1.873908473198090 0.001562500000000037
 2 1.397527778641002 0.001562499995037876
 3 5.669103841561825 1.382756012048847e-13
 4 6.708046183192981 0.000000000000000
 5 9.717896706011667 0.000000000000000
 6 10.30835093825489 0.000000000000000
 7 13.31898326242856 0.000000000000000
 8 13.84948825929866 0.000000000000000
 9 14.32411327995015 0.000000000000000
 10 15.93513180174481 0.000000000000000
 11 17.19299291432275 0.000000000000000
 12 18.12445512202756 0.000000000000000

 spin=1 k-point=408/1284 Cartesian=0.09737022496416814 0.07870341583176405 0.03838182236892686 (2468 plane wave)
 1 -1.122811126455228 0.001562500000000037
 2 2.129762680341833 0.001562492488524031
 3 4.892052846820508 3.276693976795883e-10
 4 6.554508620817816 0.000000000000000
 5 8.231451067062823 0.000000000000000
 6 9.747109125768766 0.000000000000000
 7 12.37941688134159 0.000000000000000
 8 13.13254439628021 0.000000000000000
 9 13.63678066911117 0.000000000000000
 10 16.37907501101061 0.000000000000000
 11 16.77323233165384 0.000000000000000
 12 17.82192335206121 0.000000000000000

 spin=1 k-point=409/1284 Cartesian=0.1168442699570017 0.08994676095058737 0.03838182236892686 (2454 plane wave)
 1 -0.2235052868137725 0.001562500000000036
 2 2.860909728838001 0.001551332797680372
 3 3.597118980582577 0.0001266359393821678
 4 6.569903414676745 0.000000000000000
 5 7.578932993214177 0.000000000000000
 6 9.423638433960869 0.000000000000000
 7 11.06432577542729 0.000000000000000
 8 12.76461430853480 0.000000000000000
 9 13.32081616841421 0.000000000000000
 10 16.37950001892199 0.000000000000000
 11 16.89167785233630 0.000000000000000
 12 17.93455617003439 0.000000000000000

 spin=1 k-point=410/1284 Cartesian=0.1363183149498352 0.1011901060694107 0.03838182236892686 (2449 plane wave)
 1 0.8206143150528372 0.001562499999984543
 2 1.993636566569861 0.001562498074522344
 3 4.164690353263479 4.722811706253204e-07
 4 5.324190073553750 4.351984931542247e-12
 5 8.451139570600249 0.000000000000000
 6 9.218481000981074 0.000000000000000
 7 9.892283100324081 0.000000000000000
 8 12.60101112620343 0.000000000000000
 9 13.16977987257557 0.000000000000000
 10 16.24192774453080 0.000000000000000
 11 16.95363208492100 0.000000000000000
 12 18.66062866542248 0.000000000000000

 spin=1 k-point=411/1284 Cartesian=0.1557923599426688 0.1124334511882340 0.03838182236892686 (2449 plane wave)
 1 0.8206143161549545 0.001562499999984543
 2 1.993636561877496 0.001562498074522434
 3 4.164690372358212 4.722810804717372e-07
 4 5.324190052399072 4.351985852190957e-12
 5 8.451139550663514 0.000000000000000
 6 9.218481071095109 0.000000000000000
 7 9.892283055409084 0.000000000000000
 8 12.60101112787269 0.000000000000000
 9 13.16977986999621 0.000000000000000
 10 16.24192774195139 0.000000000000000
 11 16.95363208760569 0.000000000000000
 12 18.66062868619255 0.000000000000000

 spin=1 k-point=412/1284 Cartesian=0.1363183149498352 0.05621672559411737 -0.03838182236892639 (2454 plane wave)
 1 -0.2235052864938591 0.001562500000000036
 2 2.860909706987023 0.001551332800103075
 3 3.597119016754012 0.0001266358972885691
 4 6.569903362580415 0.000000000000000
 5 7.578933018307551 0.000000000000000
 6 9.423638472753389 0.000000000000000
 7 11.06432574773210 0.000000000000000
 8 12.76461431511897 0.000000000000000
 9 13.32081615896305 0.000000000000000
 10 16.37950000472046 0.000000000000000
 11 16.89167787125107 0.000000000000000
 12 17.93455618295502 0.000000000000000

 spin=1 k-point=413/1284 Cartesian=0.1168442699570017 0.04497338047529403 -0.03838182236892639 (2468 plane wave)
 1 -1.122811126381030 0.001562500000000037
 2 2.129762677583459 0.001562492488524238
 3 4.892052872287288 3.276693142327492e-10
 4 6.554508572363607 0.000000000000000
 5 8.231451079186884 0.000000000000000
 6 9.747109157821802 0.000000000000000
 7 12.37941685885589 0.000000000000000
 8 13.13254441878669 0.000000000000000
 9 13.63678064309084 0.000000000000000
 10 16.37907497958967 0.000000000000000
 11 16.77323237789350 0.000000000000000
 12 17.82192335347952 0.000000000000000

 spin=1 k-point=414/1284 Cartesian=0.09737022496416814 0.03373003535647069 -0.03838182236892639 (2472 plane wave)
 1 -1.873908473208513 0.001562500000000037
 2 1.397527778182555 0.001562499995037876
 3 5.669103860436347 1.382755751060237e-13
 4 6.708046154878086 0.000000000000000
 5 9.717896683568744 0.000000000000000
 6 10.30835098528581 0.000000000000000
 7 13.31898324347292 0.000000000000000
 8 13.84948830505481 0.000000000000000
 9 14.32411322974765 0.000000000000000
 10 15.93513179233475 0.000000000000000
 11 17.19299294039376 0.000000000000000
 12 18.12445511785141 0.000000000000000

 spin=1 k-point=415/1284 Cartesian=-0.07789617997133380 -0.02248669023764599 0.03838182236892686 (2479 plane wave)
 1 -2.475539189493553 0.001562500000000037
 2 0.8028849438590644 0.001562499999987060
 3 5.169630097140200 2.041422944724813e-11
 4 8.408326782937289 0.000000000000000
 5 10.67401951136637 0.000000000000000
 6 11.71282575762115 0.000000000000000
 7 13.95559457570756 0.000000000000000
 8 14.39779897746578 0.000000000000000
 9 15.08127634100802 0.000000000000000
 10 16.34107537620625 0.000000000000000
 11 17.80320350382644 0.000000000000000
 12 18.51829946550474 0.000000000000000

 spin=1 k-point=416/1284 Cartesian=-0.05842213497850025 -0.01124334511882266 0.03838182236892686 (2470 plane wave)
 1 -2.927105386431400 0.001562500000000037
 2 0.3547858323945048 0.001562499999999890
 3 4.741450256119229 1.477387650780627e-09
 4 10.31599735823572 0.000000000000000
 5 11.45146424239692 0.000000000000000
 6 13.55351895933850 0.000000000000000
 7 14.36618331996364 0.000000000000000
 8 14.82847468154444 0.000000000000000
 9 15.48458529936829 0.000000000000000
 10 17.54241956797977 0.000000000000000
 11 17.89997757095046 0.000000000000000
 12 18.71374972049516 0.000000000000000

 spin=1 k-point=417/1284 Cartesian=-0.03894808998566670 0.000000000000000 0.03838182236892686 (2466 plane wave)
 1 -3.228288603602236 0.001562500000000037
 2 0.05542565845623925 0.001562500000000029
 3 4.450501823329119 2.710570075467792e-08
 4 12.31142270020263 0.000000000000000
 5 12.36183848587875 0.000000000000000
 6 14.18155014700236 0.000000000000000
 7 15.49986766502646 0.000000000000000
 8 15.63889568865961 0.000000000000000
 9 16.12538371767203 0.000000000000000
 10 16.40666371217317 0.000000000000000
 11 19.10784181990870 0.000000000000000
 12 19.11780586955981 0.000000000000000

 spin=1 k-point=418/1284 Cartesian=-0.01947404499283316 0.01124334511882402 0.03838182236892686 (2461 plane wave)
 1 -3.378918038553625 0.001562500000000037
 2 -0.09439981210564749 0.001562500000000035
 3 4.304119817910725 1.171560543114734e-07
 4 13.30442752597876 0.000000000000000
 5 13.99697454614417 0.000000000000000
 6 14.12639413338879 0.000000000000000
 7 15.25725881238104 0.000000000000000
 8 16.59954750923703 0.000000000000000
 9 16.68532612372055 0.000000000000000
 10 17.43184992475206 0.000000000000000
 11 17.64740121668883 0.000000000000000
 12 18.54855644078331 0.000000000000000

 spin=1 k-point=419/1284 Cartesian=0.000000000000000 0.04497338047529380 0.03838182236892686 (2470 plane wave)
 1 -3.152983427549629 0.001562500000000037
 2 0.1303013762448217 0.001562500000000021
 3 4.523457241968336 1.306842067658813e-08
 4 11.27037977918050 0.000000000000000
 5 13.15102245115221 0.000000000000000
 6 13.86688563208128 0.000000000000000
 7 14.28171446611988 0.000000000000000
 8 15.11447684462292 0.000000000000000
 9 16.45678291324213 0.000000000000000
 10 17.35948725900446 0.000000000000000
 11 18.02991214527509 0.000000000000000
 12 19.05932633441592 0.000000000000000

 spin=1 k-point=420/1284 Cartesian=0.01947404499283394 0.05621672559411736 0.03838182236892686 (2470 plane wave)
 1 -2.927105386389305 0.001562500000000037
 2 0.3547858322138930 0.001562499999999890
 3 4.741450256711664 1.477387642028068e-09
 4 10.31599735824856 0.000000000000000
 5 11.45146424062860 0.000000000000000
 6 13.55351895953680 0.000000000000000
 7 14.36618331829191 0.000000000000000
 8 14.82847467903296 0.000000000000000
 9 15.48458530540364 0.000000000000000
 10 17.54241956932094 0.000000000000000
 11 17.89997756559928 0.000000000000000
 12 18.71374972816604 0.000000000000000

 spin=1 k-point=421/1284 Cartesian=0.03894808998566748 0.06746007071294069 0.03838182236892686 (2470 plane wave)
 1 -2.550776043520890 0.001562500000000037
 2 0.7283593404840928 0.001562499999993878
 3 5.100594481234782 4.071467101937009e-11
 4 9.461012854437485 0.000000000000000
 5 9.534214367033837 0.000000000000000
 6 12.69817584389823 0.000000000000000
 7 12.87705388707025 0.000000000000000
 8 14.85006184554090 0.000000000000000
 9 16.53689271845892 0.000000000000000
 10 16.88790197076492 0.000000000000000
 11 17.38951060747640 0.000000000000000
 12 17.47025672146599 0.000000000000000

 spin=1 k-point=422/1284 Cartesian=0.05842213497850103 0.07870341583176403 0.03838182236892686 (2470 plane wave)
 1 -2.024234200358844 0.001562500000000037
 2 1.249685497915305 0.001562499998868680
 3 5.582804821277921 3.277460982417740e-13
 4 7.673264730315823 0.000000000000000
 5 8.817765023114784 0.000000000000000
 6 10.96691129199680 0.000000000000000
 7 12.12825789508631 0.000000000000000
 8 14.96996960435770 0.000000000000000
 9 15.50890378895820 0.000000000000000
 10 16.41625248966347 0.000000000000000
 11 16.75684366049250 0.000000000000000
 12 18.51643902951378 0.000000000000000

 spin=1 k-point=423/1284 Cartesian=0.07789617997133459 0.08994676095058737 0.03838182236892686 (2468 plane wave)
 1 -1.347918295778755 0.001562500000000037
 2 1.914593696306586 0.001562499126506138
 3 5.728747311325530 7.615829171767134e-14
 4 6.458695027543526 0.000000000000000
 5 8.241964992405475 0.000000000000000
 6 9.343876397541907 0.000000000000000
 7 11.58989591857286 0.000000000000000
 8 13.59260770550628 0.000000000000000
 9 15.41232662847968 0.000000000000000
 10 15.90690373876139 0.000000000000000
 11 16.74654137700774 0.000000000000000
 12 19.01266247467814 0.000000000000000

 spin=1 k-point=424/1284 Cartesian=0.09737022496416814 0.1011901060694107 0.03838182236892686 (2462 plane wave)
 1 -0.5226836757006602 0.001562500000000037
 2 2.697350654530284 0.001560311620968337
 3 4.345940396977058 7.711721807309664e-08
 4 6.975207761236227 0.000000000000000
 5 7.482390519310844 0.000000000000000
 6 8.308793189573336 0.000000000000000
 7 11.14977903437410 0.000000000000000
 8 12.15937210438989 0.000000000000000
 9 15.23046564113702 0.000000000000000
 10 15.55868860739828 0.000000000000000
 11 17.28218071529896 0.000000000000000
 12 18.75306477104984 0.000000000000000

 spin=1 k-point=425/1284 Cartesian=0.1168442699570017 0.1124334511882340 0.03838182236892686 (2456 plane wave)
 1 0.4494881880859466 0.001562499999999658
 2 2.756762836753138 0.001558540383241151
 3 3.846085536470376 1.134619477556732e-05
 4 6.100943248452106 1.842003203622444e-15
 5 7.537768433322023 0.000000000000000
 6 8.413797414486492 0.000000000000000
 7 10.45817126035915 0.000000000000000
 8 11.26389555526277 0.000000000000000
 9 15.05956275975897 0.000000000000000
 10 15.34861325049709 0.000000000000000
 11 17.94785255778178 0.000000000000000
 12 18.74307782479690 0.000000000000000

 spin=1 k-point=426/1284 Cartesian=0.1363183149498352 0.1236767963070574 0.03838182236892686 (2448 plane wave)
 1 1.558082271873640 0.001562499975285624
 2 1.565976535135394 0.001562499973255527
 3 4.829266675579848 6.139213645565738e-10
 4 4.932461819526382 2.187469122768682e-10
 5 7.557565672948876 0.000000000000000
 6 9.185448445117176 0.000000000000000
 7 9.509449857315047 0.000000000000000
 8 11.09749360445171 0.000000000000000
 9 14.99714504032505 0.000000000000000
 10 15.27808812869887 0.000000000000000
 11 18.15179127942048 0.000000000000000
 12 19.46189046075962 0.000000000000000

 spin=1 k-point=427/1284 Cartesian=0.1557923599426688 0.1349201414258807 0.03838182236892686 (2456 plane wave)
 1 0.4494881885948945 0.001562499999999658
 2 2.756762824075409 0.001558540383741868
 3 3.846085563687031 1.134619170993640e-05
 4 6.100943218761112 1.842003750531720e-15
 5 7.537768395952661 0.000000000000000
 6 8.413797501871475 0.000000000000000
 7 10.45817119096330 0.000000000000000
 8 11.26389558945357 0.000000000000000
 9 15.05956275123932 0.000000000000000
 10 15.34861326415760 0.000000000000000
 11 17.94785251998269 0.000000000000000
 12 18.74307787154883 0.000000000000000

 spin=1 k-point=428/1284 Cartesian=0.1363183149498352 0.03373003535647069 -0.03838182236892639 (2462 plane wave)
 1 -0.5226836755922036 0.001562500000000037
 2 2.697350648053402 0.001560311621109877
 3 4.345940420333490 7.711720006215275e-08
 4 6.975207691090647 0.000000000000000
 5 7.482390501252109 0.000000000000000
 6 8.308793288020627 0.000000000000000
 7 11.14977898157155 0.000000000000000
 8 12.15937213031832 0.000000000000000
 9 15.23046562631846 0.000000000000000
 10 15.55868863638634 0.000000000000000
 11 17.28218068074993 0.000000000000000
 12 18.75306479850488 0.000000000000000

 spin=1 k-point=429/1284 Cartesian=0.1168442699570017 0.02248669023764735 -0.03838182236892639 (2468 plane wave)
 1 -1.347918295797709 0.001562500000000037
 2 1.914593695484625 0.001562499126506145
 3 5.728747351957623 7.615826077296224e-14
 4 6.458694970834651 0.000000000000000
 5 8.241964980423777 0.000000000000000
 6 9.343876449793243 0.000000000000000
 7 11.58989588737936 0.000000000000000
 8 13.59260771299893 0.000000000000000
 9 15.41232662485441 0.000000000000000
 10 15.90690377920833 0.000000000000000
 11 16.74654132688859 0.000000000000000
 12 19.01266248952140 0.000000000000000

 spin=1 k-point=430/1284 Cartesian=-0.09737022496416733 -0.01124334511882266 0.03838182236892686 (2470 plane wave)
 1 -2.024234200413839 0.001562500000000037
 2 1.249685498002814 0.001562499998868680
 3 5.582804824055668 3.277460891378141e-13
 4 7.673264719966943 0.000000000000000
 5 8.817765023648208 0.000000000000000
 6 10.96691132090449 0.000000000000000
 7 12.12825787117067 0.000000000000000
 8 14.96996958353172 0.000000000000000
 9 15.50890384047806 0.000000000000000
 10 16.41625251430582 0.000000000000000
 11 16.75684359162443 0.000000000000000
 12 18.51643903393092 0.000000000000000

 spin=1 k-point=431/1284 Cartesian=-0.07789617997133380 0.000000000000000 0.03838182236892686 (2470 plane wave)
 1 -2.550776043576714 0.001562500000000037
 2 0.7283593407304371 0.001562499999993878
 3 5.100594480404778 4.071467135730325e-11
 4 9.461012849615599 0.000000000000000
 5 9.534214372759553 0.000000000000000
 6 12.69817584997007 0.000000000000000
 7 12.87705388261453 0.000000000000000
 8 14.85006184559918 0.000000000000000
 9 16.53689271607842 0.000000000000000
 10 16.88790197385321 0.000000000000000
 11 17.38951061450619 0.000000000000000
 12 17.47025670988536 0.000000000000000

 spin=1 k-point=432/1284 Cartesian=-0.05842213497850025 0.01124334511882401 0.03838182236892686 (2470 plane wave)
 1 -2.927105386431376 0.001562500000000037
 2 0.3547858324248183 0.001562499999999890
 3 4.741450255870187 1.477387654459940e-09
 4 10.31599736087419 0.000000000000000
 5 11.45146424348593 0.000000000000000
 6 13.55351894556393 0.000000000000000
 7 14.36618333497784 0.000000000000000
 8 14.82847468563425 0.000000000000000
 9 15.48458527008477 0.000000000000000
 10 17.54241956510042 0.000000000000000
 11 17.89997765249851 0.000000000000000
 12 18.71374968474645 0.000000000000000

 spin=1 k-point=433/1284 Cartesian=-0.03894808998566670 0.02248669023764735 0.03838182236892686 (2470 plane wave)
 1 -3.152983427571834 0.001562500000000037
 2 0.1303013763591451 0.001562500000000021
 3 4.523457241522764 1.306842073481685e-08
 4 11.27037978159327 0.000000000000000
 5 13.15102245299610 0.000000000000000
 6 13.86688564660261 0.000000000000000
 7 14.28171446364480 0.000000000000000
 8 15.11447680425982 0.000000000000000
 9 16.45678291545228 0.000000000000000
 10 17.35948727489401 0.000000000000000
 11 18.02991214717164 0.000000000000000
 12 19.05932636809661 0.000000000000000

 spin=1 k-point=434/1284 Cartesian=-0.01947404499283316 0.03373003535647068 0.03838182236892686 (2466 plane wave)
 1 -3.228288603586581 0.001562500000000037
 2 0.05542565839445229 0.001562500000000029
 3 4.450501823538857 2.710570069782799e-08
 4 12.31142269223918 0.000000000000000
 5 12.36183849307756 0.000000000000000
 6 14.18155014687319 0.000000000000000
 7 15.49986766725913 0.000000000000000
 8 15.63889568373291 0.000000000000000
 9 16.12538372467738 0.000000000000000
 10 16.40666370958931 0.000000000000000
 11 19.10784181742228 0.000000000000000
 12 19.11780586924315 0.000000000000000

 spin=1 k-point=435/1284 Cartesian=0.000000000000000 0.06746007071294047 0.03838182236892686 (2481 plane wave)
 1 -2.776556505650551 0.001562500000000037
 2 0.5042698903329309 0.001562499999999382
 3 4.885228301582453 3.508120536822018e-10
 4 9.292616258990993 0.000000000000000
 5 12.31980790040841 0.000000000000000
 6 12.44523938438167 0.000000000000000
 7 13.49297547625276 0.000000000000000
 8 14.88825115664988 0.000000000000000
 9 15.62670666854684 0.000000000000000
 10 16.42185089751289 0.000000000000000
 11 17.55718555015988 0.000000000000000
 12 19.61701717445263 0.000000000000000

 spin=1 k-point=436/1284 Cartesian=0.01947404499283394 0.07870341583176403 0.03838182236892686 (2479 plane wave)
 1 -2.475539189429476 0.001562500000000037
 2 0.8028849436088531 0.001562499999987060
 3 5.169630098096194 2.041422925208932e-11
 4 8.408326783025075 0.000000000000000
 5 10.67401950944298 0.000000000000000
 6 11.71282575797773 0.000000000000000
 7 13.95559457388623 0.000000000000000
 8 14.39779897237984 0.000000000000000
 9 15.08127634519928 0.000000000000000
 10 16.34107537764800 0.000000000000000
 11 17.80320351065382 0.000000000000000
 12 18.51829946528990 0.000000000000000

 spin=1 k-point=437/1284 Cartesian=0.03894808998566748 0.08994676095058736 0.03838182236892686 (2470 plane wave)
 1 -2.024234200332482 0.001562500000000037
 2 1.249685497676000 0.001562499998868680
 3 5.582804825303723 3.277460850473632e-13
 4 7.673264720607713 0.000000000000000
 5 8.817765022219918 0.000000000000000
 6 10.96691132004140 0.000000000000000
 7 12.12825786944337 0.000000000000000
 8 14.96996958129834 0.000000000000000
 9 15.50890383863058 0.000000000000000
 10 16.41625252596965 0.000000000000000
 11 16.75684358639856 0.000000000000000
 12 18.51643903818404 0.000000000000000

 spin=1 k-point=438/1284 Cartesian=0.05842213497850103 0.1011901060694107 0.03838182236892686 (2453 plane wave)
 1 -1.422975699884988 0.001562500000000037
 2 1.842176743147876 0.001562499576593954
 3 6.050744177935212 3.043001930084099e-15
 4 6.993972595555777 0.000000000000000
 5 7.235856991957598 0.000000000000000
 6 10.28634056472077 0.000000000000000
 7 10.46542622537570 0.000000000000000
 8 14.51921233897754 0.000000000000000
 9 14.80147185548209 0.000000000000000
 10 16.25163547200792 0.000000000000000
 11 17.95868481526966 0.000000000000000
 12 18.19003595402569 0.000000000000000

 spin=1 k-point=439/1284 Cartesian=0.07789617997133459 0.1124334511882340 0.03838182236892686 (2456 plane wave)
 1 -0.6723830043386987 0.001562500000000037
 2 2.570912331989321 0.001561881350809749
 3 5.335608721848564 3.882369008464831e-12
 4 6.419956286252152 0.000000000000000
 5 7.114826659469000 0.000000000000000
 6 8.806259456607306 0.000000000000000
 7 9.940184657158524 0.000000000000000
 8 13.10516235917881 0.000000000000000
 9 14.26741887951997 0.000000000000000
 10 16.80829336090856 0.000000000000000
 11 17.79151970116693 0.000000000000000
 12 19.83792309871027 0.000000000000000

 spin=1 k-point=440/1284 Cartesian=0.09737022496416814 0.1236767963070574 0.03838182236892686 (2451 plane wave)
 1 0.2262623889246277 0.001562499999999996
 2 3.301920195556642 0.0009812998368004320
 3 4.032331581931726 1.772825002328909e-06
 4 6.180752833223138 0.000000000000000
 5 7.049758076664666 0.000000000000000
 6 8.150071046861067 0.000000000000000
 7 9.653280703475094 0.000000000000000
 8 11.67330683261332 0.000000000000000
 9 13.98582823473630 0.000000000000000
 10 17.03845397605242 0.000000000000000
 11 18.13445940693536 0.000000000000000
 12 20.50988562482566 0.000000000000000

 spin=1 k-point=441/1284 Cartesian=0.1168442699570017 0.1349201414258807 0.03838182236892686 (2451 plane wave)
 1 1.269555379045702 0.001562499998619991
 2 2.441914022642769 0.001562329652247345
 3 4.570058895635981 8.200418169706513e-09
 4 5.648450203708616 1.699977553046282e-13
 5 6.270055266161327 0.000000000000000
 6 8.830533022193370 0.000000000000000
 7 9.612344835350809 0.000000000000000
 8 10.44250003461146 0.000000000000000
 9 13.84387811134676 0.000000000000000
 10 16.99110417584680 0.000000000000000
 11 18.99754027639479 0.000000000000000
 12 20.09417806641930 0.000000000000000

 spin=1 k-point=442/1284 Cartesian=0.1363183149498352 0.1461634865447040 0.03838182236892686 (2451 plane wave)
 1 1.269555379845193 0.001562499998619991
 2 2.441914018522329 0.001562329652254363
 3 4.570058919019373 8.200416252180399e-09
 4 5.648450170586850 1.699978116109095e-13
 5 6.270055268128468 0.000000000000000
 6 8.830533088453391 0.000000000000000
 7 9.612344753186154 0.000000000000000
 8 10.44250006162983 0.000000000000000
 9 13.84387811189674 0.000000000000000
 10 16.99110417818565 0.000000000000000
 11 18.99754025632850 0.000000000000000
 12 20.09417811082830 0.000000000000000

 spin=1 k-point=443/1284 Cartesian=0.1557923599426688 0.1574068316635274 0.03838182236892686 (2451 plane wave)
 1 0.2262623890505339 0.001562499999999996
 2 3.301920176816112 0.0009812999052056766
 3 4.032331617354370 1.772824375059885e-06
 4 6.180752808891216 0.000000000000000
 5 7.049758023711585 0.000000000000000
 6 8.150071152099766 0.000000000000000
 7 9.653280650048046 0.000000000000000
 8 11.67330684123791 0.000000000000000
 9 13.98582823647828 0.000000000000000
 10 17.03845398511019 0.000000000000000
 11 18.13445938538741 0.000000000000000
 12 20.50988564978223 0.000000000000000

 spin=1 k-point=444/1284 Cartesian=0.1363183149498352 0.01124334511882402 -0.03838182236892639 (2456 plane wave)
 1 -0.6723830043965946 0.001562500000000037
 2 2.570912330865204 0.001561881350816700
 3 5.335608746391763 3.882368055607132e-12
 4 6.419956244138000 0.000000000000000
 5 7.114826653948906 0.000000000000000
 6 8.806259515252181 0.000000000000000
 7 9.940184620794641 0.000000000000000
 8 13.10516236050924 0.000000000000000
 9 14.26741888284479 0.000000000000000
 10 16.80829336991819 0.000000000000000
 11 17.79151968141629 0.000000000000000
 12 19.83792309832370 0.000000000000000

 spin=1 k-point=445/1284 Cartesian=-0.1168442699570009 0.000000000000000 0.03838182236892686 (2453 plane wave)
 1 -1.422975699986707 0.001562500000000037
 2 1.842176743592028 0.001562499576593952
 3 6.050744176790166 3.043001964927893e-15
 4 6.993972590407574 0.000000000000000
 5 7.235856996644433 0.000000000000000
 6 10.28634057068343 0.000000000000000
 7 10.46542622260288 0.000000000000000
 8 14.51921234297757 0.000000000000000
 9 14.80147184999041 0.000000000000000
 10 16.25163547365552 0.000000000000000
 11 17.95868481422745 0.000000000000000
 12 18.19003594982783 0.000000000000000

 spin=1 k-point=446/1284 Cartesian=-0.09737022496416733 0.01124334511882401 0.03838182236892686 (2470 plane wave)
 1 -2.024234200430026 0.001562500000000037
 2 1.249685498255091 0.001562499998868679
 3 5.582804820055335 3.277461022487512e-13
 4 7.673264730489095 0.000000000000000
 5 8.817765023345412 0.000000000000000
 6 10.96691129492934 0.000000000000000
 7 12.12825789412281 0.000000000000000
 8 14.96996960315031 0.000000000000000
 9 15.50890379158388 0.000000000000000
 10 16.41625248448452 0.000000000000000
 11 16.75684366395469 0.000000000000000
 12 18.51643902493613 0.000000000000000

 spin=1 k-point=447/1284 Cartesian=-0.07789617997133380 0.02248669023764735 0.03838182236892686 (2479 plane wave)
 1 -2.475539189505142 0.001562500000000037
 2 0.8028849440651619 0.001562499999987060
 3 5.169630095069645 2.041422986993611e-11
 4 8.408326789688122 0.000000000000000
 5 10.67401952001889 0.000000000000000
 6 11.71282573400247 0.000000000000000
 7 13.95559458389965 0.000000000000000
 8 14.39779897299348 0.000000000000000
 9 15.08127632855563 0.000000000000000
 10 16.34107541881222 0.000000000000000
 11 17.80320346749944 0.000000000000000
 12 18.51829949378175 0.000000000000000

 spin=1 k-point=448/1284 Cartesian=-0.05842213497850025 0.03373003535647068 0.03838182236892686 (2481 plane wave)
 1 -2.776556505697516 0.001562500000000037
 2 0.5042698906124766 0.001562499999999382
 3 4.885228300032940 3.508120591180829e-10
 4 9.292616263713157 0.000000000000000
 5 12.31980790241583 0.000000000000000
 6 12.44523940342766 0.000000000000000
 7 13.49297542603091 0.000000000000000
 8 14.88825115085822 0.000000000000000
 9 15.62670667064780 0.000000000000000
 10 16.42185099368880 0.000000000000000
 11 17.55718546486423 0.000000000000000
 12 19.61701717374826 0.000000000000000

 spin=1 k-point=449/1284 Cartesian=-0.03894808998566670 0.04497338047529402 0.03838182236892686 (2470 plane wave)
 1 -2.927105386412954 0.001562500000000037
 2 0.3547858323641249 0.001562499999999890
 3 4.741450256131963 1.477387650592500e-09
 4 10.31599736052443 0.000000000000000
 5 11.45146424342464 0.000000000000000
 6 13.55351894553959 0.000000000000000
 7 14.36618333637130 0.000000000000000
 8 14.82847468495502 0.000000000000000
 9 15.48458526773039 0.000000000000000
 10 17.54241956484138 0.000000000000000
 11 17.89997765322183 0.000000000000000
 12 18.71374968384375 0.000000000000000

 spin=1 k-point=450/1284 Cartesian=-0.01947404499283316 0.05621672559411735 0.03838182236892686 (2470 plane wave)
 1 -2.927105386397111 0.001562500000000037
 2 0.3547858322712511 0.001562499999999890
 3 4.741450256588152 1.477387643852818e-09
 4 10.31599735767792 0.000000000000000
 5 11.45146424245792 0.000000000000000
 6 13.55351896082676 0.000000000000000
 7 14.36618331498854 0.000000000000000
 8 14.82847467596349 0.000000000000000
 9 15.48458530889969 0.000000000000000
 10 17.54241956759438 0.000000000000000
 11 17.89997757071241 0.000000000000000
 12 18.71374972072536 0.000000000000000

 spin=1 k-point=451/1284 Cartesian=0.000000000000000 0.08994676095058715 0.03838182236892686 (2471 plane wave)
 1 -2.249871016515760 0.001562500000000037
 2 1.026227021278293 0.001562499999878940
 3 5.371465667906198 2.712514294831394e-12
 4 7.464451796458902 0.000000000000000
 5 10.65158019655086 0.000000000000000
 6 11.63840569935859 0.000000000000000
 7 12.87723148647389 0.000000000000000
 8 14.75803984393012 0.000000000000000
 9 14.94604096140641 0.000000000000000
 10 15.45972718363111 0.000000000000000
 11 16.65262978306328 0.000000000000000
 12 19.38128265557223 0.000000000000000

 spin=1 k-point=452/1284 Cartesian=0.01947404499283394 0.1011901060694107 0.03838182236892686 (2472 plane wave)
 1 -1.873908473117645 0.001562500000000037
 2 1.397527777857868 0.001562499995037876
 3 5.669103861687408 1.382755733761098e-13
 4 6.708046155457052 0.000000000000000
 5 9.717896681018663 0.000000000000000
 6 10.30835098568574 0.000000000000000
 7 13.31898324033487 0.000000000000000
 8 13.84948830348471 0.000000000000000
 9 14.32411322761341 0.000000000000000
 10 15.93513179890882 0.000000000000000
 11 17.19299294475452 0.000000000000000
 12 18.12445511696981 0.000000000000000

 spin=1 k-point=453/1284 Cartesian=0.03894808998566748 0.1124334511882340 0.03838182236892686 (2468 plane wave)
 1 -1.347918295684624 0.001562500000000037
 2 1.914593695071330 0.001562499126506149
 3 5.728747351746327 7.615826093388229e-14
 4 6.458694974068248 0.000000000000000
 5 8.241964978966875 0.000000000000000
 6 9.343876448230464 0.000000000000000
 7 11.58989588464004 0.000000000000000
 8 13.59260771300872 0.000000000000000
 9 15.41232661841555 0.000000000000000
 10 15.90690378926870 0.000000000000000
 11 16.74654132633127 0.000000000000000
 12 19.01266249410590 0.000000000000000

 spin=1 k-point=454/1284 Cartesian=0.05842213497850103 0.1236767963070574 0.03838182236892686 (2456 plane wave)
 1 -0.6723830042563866 0.001562500000000037
 2 2.570912330296415 0.001561881350820218
 3 5.335608746002897 3.882368070704362e-12
 4 6.419956246048888 0.000000000000000
 5 7.114826656874995 0.000000000000000
 6 8.806259511083832 0.000000000000000
 7 9.940184618503141 0.000000000000000
 8 13.10516236043045 0.000000000000000
 9 14.26741888473149 0.000000000000000
 10 16.80829336641806 0.000000000000000
 11 17.79151968625724 0.000000000000000
 12 19.83792310282960 0.000000000000000

 spin=1 k-point=455/1284 Cartesian=0.07789617997133459 0.1349201414258807 0.03838182236892686 (2448 plane wave)
 1 0.1517771381407433 0.001562500000000017
 2 3.333616269510841 0.0008617530964061478
 3 4.963275170113724 1.607389894008552e-10
 4 5.043100191095303 7.235116221948302e-11
 5 7.552496474997693 0.000000000000000
 6 8.286720421178474 0.000000000000000
 7 8.776917408176368 0.000000000000000
 8 12.70766606797519 0.000000000000000
 9 12.79049740227075 0.000000000000000
 10 17.72611507304728 0.000000000000000
 11 19.51318758224268 0.000000000000000
 12 19.62677081258397 0.000000000000000

 spin=1 k-point=456/1284 Cartesian=0.09737022496416814 0.1461634865447041 0.03838182236892686 (2451 plane wave)
 1 1.122489251837760 0.001562499999682939
 2 3.422968046677359 0.0005230757425810506
 3 4.321077739712571 9.888319246977521e-08
 4 4.929930073906194 2.243557291251836e-10
 5 6.835594878105741 0.000000000000000
 6 7.933460361705833 0.000000000000000
 7 9.156731890450329 0.000000000000000
 8 11.36694682567177 0.000000000000000
 9 12.53100686002557 0.000000000000000
 10 18.57999112883395 0.000000000000000
 11 19.46527142140344 0.000000000000000
 12 21.09263272639355 0.000000000000000

 spin=1 k-point=457/1284 Cartesian=0.1168442699570017 0.1574068316635274 0.03838182236892686 (2450 plane wave)
 1 2.220776041308203 0.001562481336706533
 2 2.245701609995025 0.001562476053766513
 3 4.505666649856257 1.561298626337788e-08
 4 5.596436069098876 2.859813807187573e-13
 5 5.729555475861568 7.554528763981986e-14
 6 7.905231840686693 0.000000000000000
 7 10.11837314159694 0.000000000000000
 8 10.17712987754678 0.000000000000000
 9 12.45755742611970 0.000000000000000
 10 18.94497284328087 0.000000000000000
 11 19.82730798622973 0.000000000000000
 12 20.33694582967710 0.000000000000000

 spin=1 k-point=458/1284 Cartesian=0.1363183149498352 0.1686501767823507 0.03838182236892686 (2451 plane wave)
 1 1.122489251898430 0.001562499999682939
 2 3.422968036486257 0.0005230757780426798
 3 4.321077776127598 9.888315646371047e-08
 4 4.929930046830278 2.243557898715652e-10
 5 6.835594858517204 0.000000000000000
 6 7.933460398193891 0.000000000000000
 7 9.156731872850521 0.000000000000000
 8 11.36694682807721 0.000000000000000
 9 12.53100685958963 0.000000000000000
 10 18.57999113601187 0.000000000000000
 11 19.46527140510181 0.000000000000000
 12 21.09263273438802 0.000000000000000

 spin=1 k-point=459/1284 Cartesian=0.1557923599426688 0.1798935219011741 0.03838182236892686 (2448 plane wave)
 1 0.1517771379605485 0.001562500000000017
 2 3.333616270642118 0.0008617530920340192
 3 4.963275164859881 1.607389978458314e-10
 4 5.043100195894954 7.235115874687911e-11
 5 7.552496465343042 0.000000000000000
 6 8.286720427144406 0.000000000000000
 7 8.776917413485567 0.000000000000000
 8 12.70766607281753 0.000000000000000
 9 12.79049739582370 0.000000000000000
 10 17.72611507410747 0.000000000000000
 11 19.51318758094452 0.000000000000000
 12 19.62677080821905 0.000000000000000

 spin=1 k-point=460/1284 Cartesian=-0.1363183149498344 0.01124334511882402 0.03838182236892686 (2456 plane wave)
 1 -0.6723830044674447 0.001562500000000037
 2 2.570912332702989 0.001561881350805335
 3 5.335608721326565 3.882369028730751e-12
 4 6.419956285376666 0.000000000000000
 5 7.114826657288805 0.000000000000000
 6 8.806259460448457 0.000000000000000
 7 9.940184657908105 0.000000000000000
 8 13.10516235914315 0.000000000000000
 9 14.26741887872367 0.000000000000000
 10 16.80829336030753 0.000000000000000
 11 17.79151970037642 0.000000000000000
 12 19.83792309538023 0.000000000000000

 spin=1 k-point=461/1284 Cartesian=-0.1168442699570009 0.02248669023764736 0.03838182236892686 (2468 plane wave)
 1 -1.347918295869145 0.001562500000000037
 2 1.914593696814337 0.001562499126506133
 3 5.728747310084317 7.615829266295852e-14
 4 6.458695027121115 0.000000000000000
 5 8.241964991792630 0.000000000000000
 6 9.343876400986467 0.000000000000000
 7 11.58989591786358 0.000000000000000
 8 13.59260770589788 0.000000000000000
 9 15.41232663031785 0.000000000000000
 10 15.90690373452258 0.000000000000000
 11 16.74654137801691 0.000000000000000
 12 19.01266247207126 0.000000000000000

 spin=1 k-point=462/1284 Cartesian=-0.09737022496416733 0.03373003535647070 0.03838182236892686 (2472 plane wave)
 1 -1.873908473258820 0.001562500000000037
 2 1.397527779017331 0.001562499995037876
 3 5.669103840036529 1.382756033139986e-13
 4 6.708046183925878 0.000000000000000
 5 9.717896704976537 0.000000000000000
 6 10.30835094151948 0.000000000000000
 7 13.31898325798771 0.000000000000000
 8 13.84948826462685 0.000000000000000
 9 14.32411327786097 0.000000000000000
 10 15.93513180246074 0.000000000000000
 11 17.19299291161500 0.000000000000000
 12 18.12445512067465 0.000000000000000

 spin=1 k-point=463/1284 Cartesian=-0.07789617997133380 0.04497338047529403 0.03838182236892686 (2471 plane wave)
 1 -2.249871016609799 0.001562500000000037
 2 1.026227021982686 0.001562499999878940
 3 5.371465660613400 2.712514492649642e-12
 4 7.464451809009351 0.000000000000000
 5 10.65158020046213 0.000000000000000
 6 11.63840570145571 0.000000000000000
 7 12.87723142937568 0.000000000000000
 8 14.75803988527146 0.000000000000000
 9 14.94604096351989 0.000000000000000
 10 15.45972727226800 0.000000000000000
 11 16.65262967616063 0.000000000000000
 12 19.38128265660754 0.000000000000000

 spin=1 k-point=464/1284 Cartesian=-0.05842213497850025 0.05621672559411737 0.03838182236892686 (2479 plane wave)
 1 -2.475539189483801 0.001562500000000037
 2 0.8028849440065168 0.001562499999987060
 3 5.169630095346387 2.041422981344133e-11
 4 8.408326789506269 0.000000000000000
 5 10.67401952013886 0.000000000000000
 6 11.71282573336121 0.000000000000000
 7 13.95559458545370 0.000000000000000
 8 14.39779897367401 0.000000000000000
 9 15.08127632624054 0.000000000000000
 10 16.34107541550128 0.000000000000000
 11 17.80320346788604 0.000000000000000
 12 18.51829949540420 0.000000000000000

 spin=1 k-point=465/1284 Cartesian=-0.03894808998566670 0.06746007071294070 0.03838182236892686 (2470 plane wave)
 1 -2.550776043536648 0.001562500000000037
 2 0.7283593406106637 0.001562499999993878
 3 5.100594480955354 4.071467113313830e-11
 4 9.461012842418857 0.000000000000000
 5 9.534214379737284 0.000000000000000
 6 12.69817585625213 0.000000000000000
 7 12.87705387451776 0.000000000000000
 8 14.85006184385943 0.000000000000000
 9 16.53689271983636 0.000000000000000
 10 16.88790196997029 0.000000000000000
 11 17.38951061972464 0.000000000000000
 12 17.47025670734790 0.000000000000000

 spin=1 k-point=466/1284 Cartesian=-0.01947404499283316 0.07870341583176405 0.03838182236892686 (2479 plane wave)
 1 -2.475539189437035 0.001562500000000037
 2 0.8028849436732141 0.001562499999987060
 3 5.169630097978373 2.041422927614174e-11
 4 8.408326782664206 0.000000000000000
 5 10.67401951127327 0.000000000000000
 6 11.71282575740262 0.000000000000000
 7 13.95559457410114 0.000000000000000
 8 14.39779896711405 0.000000000000000
 9 15.08127634825673 0.000000000000000
 10 16.34107538189896 0.000000000000000
 11 17.80320350440544 0.000000000000000
 12 18.51829946659062 0.000000000000000

 spin=1 k-point=467/1284 Cartesian=0.000000000000000 0.1124334511882338 0.03838182236892686 (2473 plane wave)
 1 -1.573358394292665 0.001562500000000037
 2 1.692082245193260 0.001562499905614619
 3 5.505672437956353 7.087927990061245e-13
 4 6.269933070815945 0.000000000000000
 5 8.975277052994700 0.000000000000000
 6 11.10799125994252 0.000000000000000
 7 12.28860078562064 0.000000000000000
 8 13.42895470090081 0.000000000000000
 9 14.41612028543049 0.000000000000000
 10 15.50693061859986 0.000000000000000
 11 16.46381467302167 0.000000000000000
 12 18.85550961811866 0.000000000000000

 spin=1 k-point=468/1284 Cartesian=0.01947404499283394 0.1236767963070574 0.03838182236892686 (2468 plane wave)
 1 -1.122811126257728 0.001562500000000037
 2 2.129762677194070 0.001562492488524268
 3 4.892052871998124 3.276693151802537e-10
 4 6.554508576914500 0.000000000000000
 5 8.231451075155116 0.000000000000000
 6 9.747109157439334 0.000000000000000
 7 12.37941685492052 0.000000000000000
 8 13.13254441901071 0.000000000000000
 9 13.63678064204346 0.000000000000000
 10 16.37907498288365 0.000000000000000
 11 16.77323238329762 0.000000000000000
 12 17.82192335190201 0.000000000000000

 spin=1 k-point=469/1284 Cartesian=0.03894808998566748 0.1349201414258807 0.03838182236892686 (2462 plane wave)
 1 -0.5226836754403827 0.001562500000000037
 2 2.697350647612343 0.001560311621119515
 3 4.345940419970055 7.711720034240979e-08
 4 6.975207700450643 0.000000000000000
 5 7.482390496299297 0.000000000000000
 6 8.308793284198652 0.000000000000000
 7 11.14977897691799 0.000000000000000
 8 12.15937213249847 0.000000000000000
 9 15.23046562128968 0.000000000000000
 10 15.55868864262053 0.000000000000000
 11 17.28218068181004 0.000000000000000
 12 18.75306480169159 0.000000000000000

 spin=1 k-point=470/1284 Cartesian=0.05842213497850103 0.1461634865447041 0.03838182236892686 (2451 plane wave)
 1 0.2262623892391273 0.001562499999999996
 2 3.301920176489292 0.0009812999063986082
 3 4.032331616672781 1.772824387129571e-06
 4 6.180752807826814 0.000000000000000
 5 7.049758033569358 0.000000000000000
 6 8.150071144799796 0.000000000000000
 7 9.653280646135844 0.000000000000000
 8 11.67330684252095 0.000000000000000
 9 13.98582823784416 0.000000000000000
 10 17.03845398209875 0.000000000000000
 11 18.13445938924074 0.000000000000000
 12 20.50988565378455 0.000000000000000

 spin=1 k-point=471/1284 Cartesian=0.07789617997133459 0.1574068316635274 0.03838182236892686 (2451 plane wave)
 1 1.122489252144236 0.001562499999682939
 2 3.422968036299748 0.0005230757786916682
 3 4.321077774810712 9.888315776580597e-08
 4 4.929930046897129 2.243557897215826e-10
 5 6.835594864246002 0.000000000000000
 6 7.933460396450724 0.000000000000000
 7 9.156731867350425 0.000000000000000
 8 11.36694682908979 0.000000000000000
 9 12.53100686094167 0.000000000000000
 10 18.57999113307717 0.000000000000000
 11 19.46527140839828 0.000000000000000
 12 21.09263273694420 0.000000000000000

 spin=1 k-point=472/1284 Cartesian=0.09737022496416814 0.1686501767823507 0.03838182236892686 (2450 plane wave)
 1 2.161909986888605 0.001562489640506941
 2 3.284858459758377 0.001042101667300445
 3 3.380589017444098 0.0006791399844412010
 4 5.565141540529409 3.910643281635595e-13
 5 6.675751596957509 0.000000000000000
 6 6.733768137142390 0.000000000000000
 7 10.06247879274305 0.000000000000000
 8 11.20320998220378 0.000000000000000
 9 11.22825772600230 0.000000000000000
 10 19.72945761145490 0.000000000000000
 11 20.59668359322103 0.000000000000000
 12 21.04469882188059 0.000000000000000

 spin=1 k-point=473/1284 Cartesian=0.1168442699570017 0.1798935219011741 0.03838182236892686 (2450 plane wave)
 1 2.161909986434531 0.001562489640506988
 2 3.284858465309654 0.001042101648033229
 3 3.380589012317520 0.0006791400041248070
 4 5.565141541813927 3.910643231402688e-13
 5 6.675751588656389 0.000000000000000
 6 6.733768143157032 0.000000000000000
 7 10.06247879628519 0.000000000000000
 8 11.20320998704352 0.000000000000000
 9 11.22825771879706 0.000000000000000
 10 19.72945761218558 0.000000000000000
 11 20.59668359121385 0.000000000000000
 12 21.04469881729444 0.000000000000000

 spin=1 k-point=474/1284 Cartesian=0.1363183149498352 0.1911368670199974 0.03838182236892686 (2451 plane wave)
 1 1.122489251574552 0.001562499999682939
 2 3.422968049029675 0.0005230757343957800
 3 4.321077735287643 9.888319684500934e-08
 4 4.929930076849053 2.243557225227096e-10
 5 6.835594877950267 0.000000000000000
 6 7.933460356434907 0.000000000000000
 7 9.156731897159032 0.000000000000000
 8 11.36694682510852 0.000000000000000
 9 12.53100685904788 0.000000000000000
 10 18.57999112874599 0.000000000000000
 11 19.46527141620352 0.000000000000000
 12 21.09263273602507 0.000000000000000

 spin=1 k-point=475/1284 Cartesian=0.1557923599426688 0.2023802121388207 0.03838182236892686 (2451 plane wave)
 1 0.2262623887507046 0.001562499999999996
 2 3.301920197923042 0.0009812998281627820
 3 4.032331579615159 1.772825043351000e-06
 4 6.180752833336328 0.000000000000000
 5 7.049758075057540 0.000000000000000
 6 8.150071047469767 0.000000000000000
 7 9.653280705623892 0.000000000000000
 8 11.67330683264211 0.000000000000000
 9 13.98582823420697 0.000000000000000
 10 17.03845397434904 0.000000000000000
 11 18.13445940603414 0.000000000000000
 12 20.50988562317280 0.000000000000000

 spin=1 k-point=476/1284 Cartesian=-0.1363183149498344 0.03373003535647069 0.03838182236892686 (2462 plane wave)
 1 -0.5226836758196662 0.001562500000000037
 2 2.697350655585623 0.001560311620945274
 3 4.345940395975908 7.711721884511779e-08
 4 6.975207758647493 0.000000000000000
 5 7.482390519033177 0.000000000000000
 6 8.308793193701076 0.000000000000000
 7 11.14977903258728 0.000000000000000
 8 12.15937210617076 0.000000000000000
 9 15.23046564193416 0.000000000000000
 10 15.55868860478639 0.000000000000000
 11 17.28218071518334 0.000000000000000
 12 18.75306476882586 0.000000000000000

 spin=1 k-point=477/1284 Cartesian=-0.1168442699570009 0.04497338047529403 0.03838182236892686 (2468 plane wave)
 1 -1.122811126535159 0.001562500000000037
 2 2.129762680991705 0.001562492488523982
 3 4.892052845934256 3.276694005835665e-10
 4 6.554508619883930 0.000000000000000
 5 8.231451067997073 0.000000000000000
 6 9.747109127684141 0.000000000000000
 7 12.37941687735853 0.000000000000000
 8 13.13254440113933 0.000000000000000
 9 13.63678066718432 0.000000000000000
 10 16.37907501184181 0.000000000000000
 11 16.77323232940108 0.000000000000000
 12 17.82192334960488 0.000000000000000

 spin=1 k-point=478/1284 Cartesian=-0.09737022496416733 0.05621672559411737 0.03838182236892686 (2473 plane wave)
 1 -1.573358394480835 0.001562500000000037
 2 1.692082247224175 0.001562499905614617
 3 5.505672394548958 7.087931066747542e-13
 4 6.269933124431438 0.000000000000000
 5 8.975277046500048 0.000000000000000
 6 11.10799126205482 0.000000000000000
 7 12.28860070648360 0.000000000000000
 8 13.42895479161410 0.000000000000000
 9 14.41612028758623 0.000000000000000
 10 15.50693066885072 0.000000000000000
 11 16.46381457754930 0.000000000000000
 12 18.85550961964940 0.000000000000000

 spin=1 k-point=479/1284 Cartesian=-0.07789617997133380 0.06746007071294070 0.03838182236892686 (2472 plane wave)
 1 -1.873908473234373 0.001562500000000037
 2 1.397527778963085 0.001562499995037876
 3 5.669103840346400 1.382756028855223e-13
 4 6.708046183827508 0.000000000000000
 5 9.717896705352056 0.000000000000000
 6 10.30835094065115 0.000000000000000
 7 13.31898326132143 0.000000000000000
 8 13.84948826145242 0.000000000000000
 9 14.32411327735992 0.000000000000000
 10 15.93513179998228 0.000000000000000
 11 17.19299291173071 0.000000000000000
 12 18.12445512434302 0.000000000000000

 spin=1 k-point=480/1284 Cartesian=-0.05842213497850025 0.07870341583176403 0.03838182236892686 (2470 plane wave)
 1 -2.024234200383894 0.001562500000000037
 2 1.249685498140061 0.001562499998868679
 3 5.582804820725244 3.277461000531496e-13
 4 7.673264729873890 0.000000000000000
 5 8.817765023880112 0.000000000000000
 6 10.96691129475725 0.000000000000000
 7 12.12825789272735 0.000000000000000
 8 14.96996960307962 0.000000000000000
 9 15.50890379170414 0.000000000000000
 10 16.41625247919968 0.000000000000000
 11 16.75684366716916 0.000000000000000
 12 18.51643902712615 0.000000000000000

 spin=1 k-point=481/1284 Cartesian=-0.03894808998566670 0.08994676095058737 0.03838182236892686 (2470 plane wave)
 1 -2.024234200348324 0.001562500000000037
 2 1.249685497822075 0.001562499998868680
 3 5.582804825086868 3.277460857580940e-13
 4 7.673264719223737 0.000000000000000
 5 8.817765024342904 0.000000000000000
 6 10.96691132086322 0.000000000000000
 7 12.12825786798428 0.000000000000000
 8 14.96996958389478 0.000000000000000
 9 15.50890383447380 0.000000000000000
 10 16.41625251893316 0.000000000000000
 11 16.75684359634114 0.000000000000000
 12 18.51643903340422 0.000000000000000

 spin=1 k-point=482/1284 Cartesian=-0.01947404499283316 0.1011901060694107 0.03838182236892686 (2472 plane wave)
 1 -1.873908473125554 0.001562500000000037
 2 1.397527777932229 0.001562499995037876
 3 5.669103861718883 1.382755733325896e-13
 4 6.708046154948443 0.000000000000000
 5 9.717896683123916 0.000000000000000
 6 10.30835098436064 0.000000000000000
 7 13.31898323863662 0.000000000000000
 8 13.84948830325316 0.000000000000000
 9 14.32411322967091 0.000000000000000
 10 15.93513179977774 0.000000000000000
 11 17.19299294029750 0.000000000000000
 12 18.12445511983508 0.000000000000000

 spin=1 k-point=483/1284 Cartesian=0.000000000000000 0.1349201414258805 0.03838182236892686 (2469 plane wave)
 1 -0.7478663696530344 0.001562500000000037
 2 2.475905319635141 0.001562260701704835
 3 4.124290382517816 7.072780431318493e-07
 4 6.776419273764398 0.000000000000000
 5 7.571370308829478 0.000000000000000
 6 10.72896659901620 0.000000000000000
 7 11.44756696978052 0.000000000000000
 8 12.42616693039439 0.000000000000000
 9 14.03741363931307 0.000000000000000
 10 15.31348570225998 0.000000000000000
 11 16.99360658577707 0.000000000000000
 12 18.47874996640212 0.000000000000000

 spin=1 k-point=484/1284 Cartesian=0.01947404499283394 0.1461634865447040 0.03838182236892686 (2454 plane wave)
 1 -0.2235052863309750 0.001562500000000036
 2 2.860909706984673 0.001551332800103336
 3 3.597119015908106 0.0001266358982729710
 4 6.569903369573670 0.000000000000000
 5 7.578933012353479 0.000000000000000
 6 9.423638472351170 0.000000000000000
 7 11.06432574484658 0.000000000000000
 8 12.76461431446785 0.000000000000000
 9 13.32081615857487 0.000000000000000
 10 16.37950000551697 0.000000000000000
 11 16.89167787723992 0.000000000000000
 12 17.93455618152495 0.000000000000000

 spin=1 k-point=485/1284 Cartesian=0.03894808998566748 0.1574068316635274 0.03838182236892686 (2456 plane wave)
 1 0.4494881887925089 0.001562499999999658
 2 2.756762824277024 0.001558540383733905
 3 3.846085562387813 1.134619185627777e-05
 4 6.100943221593687 1.842003698355569e-15
 5 7.537768398548160 0.000000000000000
 6 8.413797497788115 0.000000000000000
 7 10.45817118533565 0.000000000000000
 8 11.26389559235331 0.000000000000000
 9 15.05956274874493 0.000000000000000
 10 15.34861326750021 0.000000000000000
 11 17.94785252095991 0.000000000000000
 12 18.74307787472416 0.000000000000000

 spin=1 k-point=486/1284 Cartesian=0.05842213497850103 0.1686501767823507 0.03838182236892686 (2451 plane wave)
 1 1.269555380070003 0.001562499998619991
 2 2.441914018681159 0.001562329652254093
 3 4.570058916887221 8.200416427024842e-09
 4 5.648450170737873 1.699978113541731e-13
 5 6.270055272406021 0.000000000000000
 6 8.830533088516043 0.000000000000000
 7 9.612344744823115 0.000000000000000
 8 10.44250006550727 0.000000000000000
 9 13.84387811316216 0.000000000000000
 10 16.99110417691621 0.000000000000000
 11 18.99754025689771 0.000000000000000
 12 20.09417811540453 0.000000000000000

 spin=1 k-point=487/1284 Cartesian=0.07789617997133459 0.1798935219011741 0.03838182236892686 (2450 plane wave)
 1 2.220776035039086 0.001562481336707703
 2 2.245701616856942 0.001562476053764870
 3 4.505666646607553 1.561298677059257e-08
 4 5.596436075501521 2.859813624083808e-13
 5 5.729555473671732 7.554528929413824e-14
 6 7.905231839304856 0.000000000000000
 7 10.11837313306059 0.000000000000000
 8 10.17712988443587 0.000000000000000
 9 12.45755742742805 0.000000000000000
 10 18.94497284253842 0.000000000000000
 11 19.82730798067606 0.000000000000000
 12 20.33694583632070 0.000000000000000

 spin=1 k-point=488/1284 Cartesian=0.09737022496416814 0.1911368670199974 0.03838182236892686 (2450 plane wave)
 1 2.161909986684428 0.001562489640506962
 2 3.284858470630686 0.001042101629565141
 3 3.380589005920171 0.0006791400286875679
 4 5.565141544335615 3.910643132788409e-13
 5 6.675751582446003 0.000000000000000
 6 6.733768147911158 0.000000000000000
 7 10.06247879425963 0.000000000000000
 8 11.20320999544921 0.000000000000000
 9 11.22825771212239 0.000000000000000
 10 19.72945761035519 0.000000000000000
 11 20.59668359493866 0.000000000000000
 12 21.04469881294473 0.000000000000000

 spin=1 k-point=489/1284 Cartesian=0.1168442699570017 0.2023802121388207 0.03838182236892686 (2450 plane wave)
 1 2.220776029377157 0.001562481336708760
 2 2.245701622434125 0.001562476053763534
 3 4.505666646422887 1.561298679942418e-08
 4 5.596436081858430 2.859813442288015e-13
 5 5.729555467888550 7.554529366306229e-14
 6 7.905231836820446 0.000000000000000
 7 10.11837312841188 0.000000000000000
 8 10.17712989387440 0.000000000000000
 9 12.45755742517976 0.000000000000000
 10 18.94497283936885 0.000000000000000
 11 19.82730797737399 0.000000000000000
 12 20.33694584435698 0.000000000000000

 spin=1 k-point=490/1284 Cartesian=0.1363183149498352 0.2136235572576441 0.03838182236892686 (2451 plane wave)
 1 1.269555378726284 0.001562499998619991
 2 2.441914023595422 0.001562329652245722
 3 4.570058893638267 8.200418333526600e-09
 4 5.648450205406869 1.699977524176352e-13
 5 6.270055266944407 0.000000000000000
 6 8.830533017109154 0.000000000000000
 7 9.612344837487717 0.000000000000000
 8 10.44250003750606 0.000000000000000
 9 13.84387811075840 0.000000000000000
 10 16.99110417353254 0.000000000000000
 11 18.99754027319410 0.000000000000000
 12 20.09417807337271 0.000000000000000

 spin=1 k-point=491/1284 Cartesian=0.1557923599426688 0.2248669023764674 0.03838182236892686 (2456 plane wave)
 1 0.4494881879081928 0.001562499999999658
 2 2.756762838213306 0.001558540383183480
 3 3.846085535006806 1.134619494042105e-05
 4 6.100943248341339 1.842003205662786e-15
 5 7.537768432763825 0.000000000000000
 6 8.413797416494294 0.000000000000000
 7 10.45817125548251 0.000000000000000
 8 11.26389556005501 0.000000000000000
 9 15.05956275928205 0.000000000000000
 10 15.34861324911166 0.000000000000000
 11 17.94785255728978 0.000000000000000
 12 18.74307782256734 0.000000000000000

 spin=1 k-point=492/1284 Cartesian=-0.1363183149498344 0.05621672559411736 0.03838182236892686 (2454 plane wave)
 1 -0.2235052869264404 0.001562500000000036
 2 2.860909730955101 0.001551332797445641
 3 3.597118978489687 0.0001266359418177161
 4 6.569903413439588 0.000000000000000
 5 7.578932994302326 0.000000000000000
 6 9.423638436131842 0.000000000000000
 7 11.06432577255315 0.000000000000000
 8 12.76461431107930 0.000000000000000
 9 13.32081616707004 0.000000000000000
 10 16.37950001811546 0.000000000000000
 11 16.89167785248317 0.000000000000000
 12 17.93455616640673 0.000000000000000

 spin=1 k-point=493/1284 Cartesian=-0.1168442699570009 0.06746007071294070 0.03838182236892686 (2469 plane wave)
 1 -0.7478663700465713 0.001562500000000037
 2 2.475905328228930 0.001562260701684274
 3 4.124290358073333 7.072782159441144e-07
 4 6.776419335707424 0.000000000000000
 5 7.571370267173110 0.000000000000000
 6 10.72896660115189 0.000000000000000
 7 11.44756690298884 0.000000000000000
 8 12.42616700310278 0.000000000000000
 9 14.03741364148894 0.000000000000000
 10 15.31348571754336 0.000000000000000
 11 16.99360652602198 0.000000000000000
 12 18.47874996810530 0.000000000000000

 spin=1 k-point=494/1284 Cartesian=-0.09737022496416733 0.07870341583176403 0.03838182236892686 (2468 plane wave)
 1 -1.122811126507722 0.001562500000000037
 2 2.129762680942604 0.001562492488523986
 3 4.892052845882906 3.276694007518225e-10
 4 6.554508620195101 0.000000000000000
 5 8.231451068054518 0.000000000000000
 6 9.747109127255435 0.000000000000000
 7 12.37941688082922 0.000000000000000
 8 13.13254439511574 0.000000000000000
 9 13.63678066867325 0.000000000000000
 10 16.37907501121369 0.000000000000000
 11 16.77323232813554 0.000000000000000
 12 17.82192335424360 0.000000000000000

 spin=1 k-point=495/1284 Cartesian=-0.07789617997133380 0.08994676095058737 0.03838182236892686 (2468 plane wave)
 1 -1.347918295816730 0.001562500000000037
 2 1.914593696712104 0.001562499126506134
 3 5.728747310317674 7.615829248523823e-14
 4 6.458695027259980 0.000000000000000
 5 8.241964992299897 0.000000000000000
 6 9.343876400496233 0.000000000000000
 7 11.58989591724636 0.000000000000000
 8 13.59260770382601 0.000000000000000
 9 15.41232663354876 0.000000000000000
 10 15.90690373125155 0.000000000000000
 11 16.74654137899987 0.000000000000000
 12 19.01266247297277 0.000000000000000

 spin=1 k-point=496/1284 Cartesian=-0.05842213497850025 0.1011901060694107 0.03838182236892686 (2453 plane wave)
 1 -1.422975699911833 0.001562500000000037
 2 1.842176743424256 0.001562499576593953
 3 6.050744178390765 3.043001916221598e-15
 4 6.993972583474130 0.000000000000000
 5 7.235857003395679 0.000000000000000
 6 10.28634057688107 0.000000000000000
 7 10.46542621333482 0.000000000000000
 8 14.51921234787419 0.000000000000000
 9 14.80147184383321 0.000000000000000
 10 16.25163547360665 0.000000000000000
 11 17.95868481761975 0.000000000000000
 12 18.19003595031222 0.000000000000000

 spin=1 k-point=497/1284 Cartesian=-0.03894808998566670 0.1124334511882340 0.03838182236892686 (2468 plane wave)
 1 -1.347918295702207 0.001562500000000037
 2 1.914593695250056 0.001562499126506147
 3 5.728747352358701 7.615826046750853e-14
 4 6.458694971917459 0.000000000000000
 5 8.241964981391137 0.000000000000000
 6 9.343876447733861 0.000000000000000
 7 11.58989588332393 0.000000000000000
 8 13.59260771680638 0.000000000000000
 9 15.41232661407740 0.000000000000000
 10 15.90690378323324 0.000000000000000
 11 16.74654133452813 0.000000000000000
 12 19.01266249189593 0.000000000000000

 spin=1 k-point=498/1284 Cartesian=-0.01947404499283316 0.1236767963070574 0.03838182236892686 (2468 plane wave)
 1 -1.122811126266767 0.001562500000000037
 2 2.129762677288381 0.001562492488524260
 3 4.892052872027443 3.276693150841829e-10
 4 6.554508576317682 0.000000000000000
 5 8.231451075934666 0.000000000000000
 6 9.747109157248504 0.000000000000000
 7 12.37941685247948 0.000000000000000
 8 13.13254442350407 0.000000000000000
 9 13.63678064109800 0.000000000000000
 10 16.37907498223337 0.000000000000000
 11 16.77323237838190 0.000000000000000
 12 17.82192335649636 0.000000000000000

 spin=1 k-point=499/1284 Cartesian=0.000000000000000 0.1574068316635272 0.03838182236892686 (2455 plane wave)
 1 0.2246252676304462 0.001562499999999997
 2 2.532203181796130 0.001562079865931565
 3 3.630311200062901 9.299562577708891e-05
 4 5.899298140179256 1.383643394071908e-14
 5 7.974513760023814 0.000000000000000
 6 10.22907239018969 0.000000000000000
 7 10.50150246184714 0.000000000000000
 8 12.05742483089497 0.000000000000000
 9 13.81012815973577 0.000000000000000
 10 15.12901125507400 0.000000000000000
 11 17.77318604516381 0.000000000000000
 12 18.25239110887543 0.000000000000000

 spin=1 k-point=500/1284 Cartesian=0.01947404499283394 0.1686501767823507 0.03838182236892686 (2449 plane wave)
 1 0.8206143163526535 0.001562499999984543
 2 1.993636561990273 0.001562498074522432
 3 4.164690370878394 4.722810874585254e-07
 4 5.324190055068454 4.351985736019837e-12
 5 8.451139550083058 0.000000000000000
 6 9.218481072349105 0.000000000000000
 7 9.892283051104494 0.000000000000000
 8 12.60101112679884 0.000000000000000
 9 13.16977987001018 0.000000000000000
 10 16.24192774301027 0.000000000000000
 11 16.95363209104188 0.000000000000000
 12 18.66062868495726 0.000000000000000

 spin=1 k-point=501/1284 Cartesian=0.03894808998566748 0.1798935219011741 0.03838182236892686 (2448 plane wave)
 1 1.558082265428576 0.001562499975285626
 2 1.565976541918932 0.001562499973255525
 3 4.829266669005282 6.139214049192297e-10
 4 4.932461826131185 2.187468978290639e-10
 5 7.557565674366474 0.000000000000000
 6 9.185448450024436 0.000000000000000
 7 9.509449848338274 0.000000000000000
 8 11.09749360466420 0.000000000000000
 9 14.99714504000787 0.000000000000000
 10 15.27808812996561 0.000000000000000
 11 18.15179128108782 0.000000000000000
 12 19.46189046763970 0.000000000000000

 spin=1 k-point=502/1284 Cartesian=0.05842213497850103 0.1911368670199974 0.03838182236892686 (2451 plane wave)
 1 1.269555378995413 0.001562499998619991
 2 2.441914023198489 0.001562329652246398
 3 4.570058894671256 8.200418248817599e-09
 4 5.648450204203978 1.699977544625234e-13
 5 6.270055266882433 0.000000000000000
 6 8.830533021520118 0.000000000000000
 7 9.612344835685706 0.000000000000000
 8 10.44250003261774 0.000000000000000
 9 13.84387811264681 0.000000000000000
 10 16.99110417541224 0.000000000000000
 11 18.99754027378523 0.000000000000000
 12 20.09417807093896 0.000000000000000

 spin=1 k-point=503/1284 Cartesian=0.07789617997133459 0.2023802121388208 0.03838182236892686 (2451 plane wave)
 1 1.122489251805828 0.001562499999682939
 2 3.422968048453459 0.0005230757364008157
 3 4.321077733260190 9.888319884969357e-08
 4 4.929930080728100 2.243557138198448e-10
 5 6.835594874873852 0.000000000000000
 6 7.933460361005163 0.000000000000000
 7 9.156731893046642 0.000000000000000
 8 11.36694682379060 0.000000000000000
 9 12.53100686117863 0.000000000000000
 10 18.57999112989433 0.000000000000000
 11 19.46527141587055 0.000000000000000
 12 21.09263273338627 0.000000000000000

 spin=1 k-point=504/1284 Cartesian=0.09737022496416814 0.2136235572576441 0.03838182236892686 (2451 plane wave)
 1 1.122489252126895 0.001562499999682939
 2 3.422968036456300 0.0005230757781469199
 3 4.321077771615488 9.888316092514586e-08
 4 4.929930052437309 2.243557772918660e-10
 5 6.835594859894640 0.000000000000000
 6 7.933460395611547 0.000000000000000
 7 9.156731870136687 0.000000000000000
 8 11.36694683195896 0.000000000000000
 9 12.53100685833082 0.000000000000000
 10 18.57999112974843 0.000000000000000
 11 19.46527141081163 0.000000000000000
 12 21.09263273758856 0.000000000000000

 spin=1 k-point=505/1284 Cartesian=0.1168442699570017 0.2248669023764674 0.03838182236892686 (2451 plane wave)
 1 1.269555380075815 0.001562499998619991
 2 2.441914018337874 0.001562329652254677
 3 4.570058917149825 8.200416405490364e-09
 4 5.648450173866851 1.699978060349766e-13
 5 6.270055268763533 0.000000000000000
 6 8.830533086544344 0.000000000000000
 7 9.612344743725515 0.000000000000000
 8 10.44250007193458 0.000000000000000
 9 13.84387811113977 0.000000000000000
 10 16.99110417468494 0.000000000000000
 11 18.99754025709464 0.000000000000000
 12 20.09417811792857 0.000000000000000

 spin=1 k-point=506/1284 Cartesian=0.1363183149498352 0.2361102474952907 0.03838182236892686 (2448 plane wave)
 1 1.558082259773311 0.001562499975285627
 2 1.565976547456642 0.001562499973255523
 3 4.829266663479796 6.139214388413674e-10
 4 4.932461831958391 2.187468850822296e-10
 5 7.557565673505714 0.000000000000000
 6 9.185448452174496 0.000000000000000
 7 9.509449844631044 0.000000000000000
 8 11.09749360999053 0.000000000000000
 9 14.99714503853592 0.000000000000000
 10 15.27808812825801 0.000000000000000
 11 18.15179127783200 0.000000000000000
 12 19.46189047257414 0.000000000000000

 spin=1 k-point=507/1284 Cartesian=0.1557923599426688 0.2473535926141141 0.03838182236892686 (2449 plane wave)
 1 0.8206143148491264 0.001562499999984543
 2 1.993636567270454 0.001562498074522331
 3 4.164690352255447 4.722811753846279e-07
 4 5.324190074264187 4.351984900624127e-12
 5 8.451139569203281 0.000000000000000
 6 9.218481006622437 0.000000000000000
 7 9.892283094984393 0.000000000000000
 8 12.60101112834276 0.000000000000000
 9 13.16977987128250 0.000000000000000
 10 16.24192774347619 0.000000000000000
 11 16.95363208482912 0.000000000000000
 12 18.66062866068681 0.000000000000000

 spin=1 k-point=508/1284 Cartesian=-0.1363183149498344 0.07870341583176405 0.03838182236892686 (2455 plane wave)
 1 0.2246252667169768 0.001562499999999997
 2 2.532203196024309 0.001562079865871804
 3 3.630311173114159 9.299564934667895e-05
 4 5.899298164969826 1.383643051058769e-14
 5 7.974513753078998 0.000000000000000
 6 10.22907236757710 0.000000000000000
 7 10.50150246401628 0.000000000000000
 8 12.05742485311363 0.000000000000000
 9 13.81012816191372 0.000000000000000
 10 15.12901125795632 0.000000000000000
 11 17.77318599549448 0.000000000000000
 12 18.25239111065634 0.000000000000000

 spin=1 k-point=509/1284 Cartesian=-0.1168442699570009 0.08994676095058739 0.03838182236892686 (2454 plane wave)
 1 -0.2235052868960786 0.001562500000000036
 2 2.860909730988678 0.001551332797441918
 3 3.597118978347618 0.0001266359419830453
 4 6.569903413310446 0.000000000000000
 5 7.578932994856245 0.000000000000000
 6 9.423638435916267 0.000000000000000
 7 11.06432577371738 0.000000000000000
 8 12.76461430723682 0.000000000000000
 9 13.32081616833099 0.000000000000000
 10 16.37950001946332 0.000000000000000
 11 16.89167785040780 0.000000000000000
 12 17.93455617070688 0.000000000000000

 spin=1 k-point=510/1284 Cartesian=-0.09737022496416733 0.1011901060694107 0.03838182236892686 (2462 plane wave)
 1 -0.5226836757609850 0.001562500000000037
 2 2.697350655536174 0.001560311620946355
 3 4.345940395796617 7.711721898337566e-08
 4 6.975207758942767 0.000000000000000
 5 7.482390519314052 0.000000000000000
 6 8.308793194077037 0.000000000000000
 7 11.14977903345279 0.000000000000000
 8 12.15937210215791 0.000000000000000
 9 15.23046564485696 0.000000000000000
 10 15.55868860367409 0.000000000000000
 11 17.28218071536191 0.000000000000000
 12 18.75306477038291 0.000000000000000

 spin=1 k-point=511/1284 Cartesian=-0.07789617997133380 0.1124334511882341 0.03838182236892686 (2456 plane wave)
 1 -0.6723830043834408 0.001562500000000037
 2 2.570912332580853 0.001561881350806090
 3 5.335608721213232 3.882369033130742e-12
 4 6.419956284060636 0.000000000000000
 5 7.114826660463157 0.000000000000000
 6 8.806259461153905 0.000000000000000
 7 9.940184654331555 0.000000000000000
 8 13.10516235814643 0.000000000000000
 9 14.26741887922955 0.000000000000000
 10 16.80829336292443 0.000000000000000
 11 17.79151969785761 0.000000000000000
 12 19.83792309740903 0.000000000000000

 spin=1 k-point=512/1284 Cartesian=-0.05842213497850025 0.1236767963070574 0.03838182236892686 (2456 plane wave)
 1 -0.6723830042886939 0.001562500000000037
 2 2.570912330687366 0.001561881350817800
 3 5.335608746217061 3.882368062389729e-12
 4 6.419956242310783 0.000000000000000
 5 7.114826659856581 0.000000000000000
 6 8.806259512688928 0.000000000000000
 7 9.940184616902645 0.000000000000000
 8 13.10516236372526 0.000000000000000
 9 14.26741888064822 0.000000000000000
 10 16.80829336340631 0.000000000000000
 11 17.79151969150944 0.000000000000000
 12 19.83792309891196 0.000000000000000

 spin=1 k-point=513/1284 Cartesian=-0.03894808998566670 0.1349201414258807 0.03838182236892686 (2462 plane wave)
 1 -0.5226836754625031 0.001562500000000037
 2 2.697350647874996 0.001560311621113776
 3 4.345940419861197 7.711720042635415e-08
 4 6.975207698607092 0.000000000000000
 5 7.482390497990765 0.000000000000000
 6 8.308793284362228 0.000000000000000
 7 11.14977897386004 0.000000000000000
 8 12.15937213782729 0.000000000000000
 9 15.23046561971784 0.000000000000000
 10 15.55868863804821 0.000000000000000
 11 17.28218068589660 0.000000000000000
 12 18.75306480112018 0.000000000000000

 spin=1 k-point=514/1284 Cartesian=-0.01947404499283316 0.1461634865447041 0.03838182236892686 (2454 plane wave)
 1 -0.2235052863437904 0.001562500000000036
 2 2.860909707129485 0.001551332800087280
 3 3.597119015829307 0.0001266358983646709
 4 6.569903369794913 0.000000000000000
 5 7.578933011829736 0.000000000000000
 6 9.423638472417229 0.000000000000000
 7 11.06432574430608 0.000000000000000
 8 12.76461431755764 0.000000000000000
 9 13.32081615765713 0.000000000000000
 10 16.37950000381042 0.000000000000000
 11 16.89167787177956 0.000000000000000
 12 17.93455618789299 0.000000000000000

 spin=1 k-point=515/1284 Cartesian=0.000000000000000 0.1798935219011738 0.03838182236892686 (2456 plane wave)
 1 1.335729928691734 0.001562499997325269
 2 1.339254262641105 0.001562499997229320
 3 4.629508080849127 4.525352630730234e-09
 4 4.709790230861534 2.027645779023370e-09
 5 9.015570155218283 0.000000000000000
 6 9.046966556124344 0.000000000000000
 7 10.42567388237738 0.000000000000000
 8 11.95976340298617 0.000000000000000
 9 13.73435725743529 0.000000000000000
 10 15.06292813822446 0.000000000000000
 11 18.17689812607533 0.000000000000000
 12 18.33199730313416 0.000000000000000

 spin=1 k-point=516/1284 Cartesian=0.01947404499283394 0.1911368670199974 0.03838182236892686 (2449 plane wave)
 1 0.8206143150398708 0.001562499999984543
 2 1.993636566877606 0.001562498074522338
 3 4.164690354075328 4.722811667922657e-07
 4 5.324190072558998 4.351984974833751e-12
 5 8.451139570909820 0.000000000000000
 6 9.218481004366502 0.000000000000000
 7 9.892283095006878 0.000000000000000
 8 12.60101112483415 0.000000000000000
 9 13.16977987295989 0.000000000000000
 10 16.24192774557376 0.000000000000000
 11 16.95363208745717 0.000000000000000
 12 18.66062866205543 0.000000000000000

 spin=1 k-point=517/1284 Cartesian=0.03894808998566748 0.2023802121388207 0.03838182236892686 (2456 plane wave)
 1 0.4494881880678323 0.001562499999999658
 2 2.756762837198994 0.001558540383223541
 3 3.846085536986798 1.134619471739854e-05
 4 6.100943246545686 1.842003238738773e-15
 5 7.537768433920530 0.000000000000000
 6 8.413797416075511 0.000000000000000
 7 10.45817125882730 0.000000000000000
 8 11.26389555370047 0.000000000000000
 9 15.05956276157295 0.000000000000000
 10 15.34861324967322 0.000000000000000
 11 17.94785255889903 0.000000000000000
 12 18.74307782329300 0.000000000000000

 spin=1 k-point=518/1284 Cartesian=0.05842213497850103 0.2136235572576441 0.03838182236892686 (2451 plane wave)
 1 0.2262623889048578 0.001562499999999996
 2 3.301920196275041 0.0009812998341781876
 3 4.032331581800892 1.772825004645728e-06
 4 6.180752834446865 0.000000000000000
 5 7.049758071655856 0.000000000000000
 6 8.150071050603559 0.000000000000000
 7 9.653280703676160 0.000000000000000
 8 11.67330683062211 0.000000000000000
 9 13.98582823601706 0.000000000000000
 10 17.03845397652010 0.000000000000000
 11 18.13445940396148 0.000000000000000
 12 20.50988562473131 0.000000000000000

 spin=1 k-point=519/1284 Cartesian=0.07789617997133459 0.2248669023764674 0.03838182236892686 (2448 plane wave)
 1 0.1517771381230399 0.001562500000000017
 2 3.333616269720370 0.0008617530955963638
 3 4.963275158246151 1.607390084766774e-10
 4 5.043100204614853 7.235115243792982e-11
 5 7.552496464301014 0.000000000000000
 6 8.286720432165671 0.000000000000000
 7 8.776917406385476 0.000000000000000
 8 12.70766608115970 0.000000000000000
 9 12.79049738904583 0.000000000000000
 10 17.72611507210583 0.000000000000000
 11 19.51318758360850 0.000000000000000
 12 19.62677080810166 0.000000000000000

 spin=1 k-point=520/1284 Cartesian=0.09737022496416814 0.2361102474952907 0.03838182236892686 (2451 plane wave)
 1 0.2262623892312302 0.001562499999999996
 2 3.301920175438799 0.0009812999102330375
 3 4.032331618308999 1.772824358155196e-06
 4 6.180752810150018 0.000000000000000
 5 7.049758026676825 0.000000000000000
 6 8.150071148537240 0.000000000000000
 7 9.653280645648888 0.000000000000000
 8 11.67330684633763 0.000000000000000
 9 13.98582823542914 0.000000000000000
 10 17.03845397861130 0.000000000000000
 11 18.13445939216705 0.000000000000000
 12 20.50988565140107 0.000000000000000

 spin=1 k-point=521/1284 Cartesian=0.1168442699570017 0.2473535926141141 0.03838182236892686 (2456 plane wave)
 1 0.4494881888053847 0.001562499999999658
 2 2.756762823283097 0.001558540383773161
 3 3.846085564035110 1.134619167072949e-05
 4 6.100943220416765 1.842003720034523e-15
 5 7.537768396988392 0.000000000000000
 6 8.413797500115916 0.000000000000000
 7 10.45817118092233 0.000000000000000
 8 11.26389559981214 0.000000000000000
 9 15.05956274777601 0.000000000000000
 10 15.34861326463045 0.000000000000000
 11 17.94785251956940 0.000000000000000
 12 18.74307787516436 0.000000000000000

 spin=1 k-point=522/1284 Cartesian=0.1363183149498352 0.2585969377329374 0.03838182236892686 (2449 plane wave)
 1 0.8206143164040479 0.001562499999984543
 2 1.993636561549468 0.001562498074522441
 3 4.164690371818292 4.722810830209069e-07
 4 5.324190053931812 4.351985785486339e-12
 5 8.451139549455418 0.000000000000000
 6 9.218481073956509 0.000000000000000
 7 9.892283051437216 0.000000000000000
 8 12.60101113026636 0.000000000000000
 9 13.16977986855658 0.000000000000000
 10 16.24192774078976 0.000000000000000
 11 16.95363208716854 0.000000000000000
 12 18.66062868799791 0.000000000000000

 spin=1 k-point=523/1284 Cartesian=0.1557923599426688 0.2698402828517608 0.03838182236892686 (2456 plane wave)
 1 1.335729923060577 0.001562499997325269
 2 1.339254268201817 0.001562499997229320
 3 4.629508075009412 4.525352894997181e-09
 4 4.709790236299989 2.027645668750887e-09
 5 9.015570150126608 0.000000000000000
 6 9.046966562136930 0.000000000000000
 7 10.42567388448517 0.000000000000000
 8 11.95976340112276 0.000000000000000
 9 13.73435725965326 0.000000000000000
 10 15.06292813520352 0.000000000000000
 11 18.17689812807036 0.000000000000000
 12 18.33199729844359 0.000000000000000

 spin=1 k-point=524/1284 Cartesian=0.1363183149498352 0.2585969377329374 -0.03838182236892639 (2449 plane wave)
 1 0.8206143148813613 0.001562499999984543
 2 1.993636567276025 0.001562498074522330
 3 4.164690352152006 4.722811758730151e-07
 4 5.324190074126058 4.351984906635502e-12
 5 8.451139569616934 0.000000000000000
 6 9.218481007311821 0.000000000000000
 7 9.892283094999620 0.000000000000000
 8 12.60101112495037 0.000000000000000
 9 13.16977987252063 0.000000000000000
 10 16.24192774457266 0.000000000000000
 11 16.95363208541194 0.000000000000000
 12 18.66062866334043 0.000000000000000

 spin=1 k-point=525/1284 Cartesian=0.1168442699570017 0.2473535926141141 -0.03838182236892639 (2456 plane wave)
 1 0.4494881879712607 0.001562499999999658
 2 2.756762838292187 0.001558540383180365
 3 3.846085534699007 1.134619497509092e-05
 4 6.100943248146694 1.842003209248147e-15
 5 7.537768432028019 0.000000000000000
 6 8.413797419306782 0.000000000000000
 7 10.45817125804222 0.000000000000000
 8 11.26389555342056 0.000000000000000
 9 15.05956276150019 0.000000000000000
 10 15.34861324938835 0.000000000000000
 11 17.94785255777712 0.000000000000000
 12 18.74307782397758 0.000000000000000

 spin=1 k-point=526/1284 Cartesian=0.09737022496416814 0.2361102474952907 -0.03838182236892639 (2451 plane wave)
 1 0.2262623888422189 0.001562499999999996
 2 3.301920198189096 0.0009812998271916530
 3 4.032331578913781 1.772825055771102e-06
 4 6.180752833325830 0.000000000000000
 5 7.049758074011374 0.000000000000000
 6 8.150071053129262 0.000000000000000
 7 9.653280700979204 0.000000000000000
 8 11.67330683068474 0.000000000000000
 9 13.98582823542061 0.000000000000000
 10 17.03845397785683 0.000000000000000
 11 18.13445940383097 0.000000000000000
 12 20.50988562344259 0.000000000000000

 spin=1 k-point=527/1284 Cartesian=0.07789617997133459 0.2248669023764674 -0.03838182236892639 (2448 plane wave)
 1 0.1517771380786241 0.001562500000000017
 2 3.333616270792452 0.0008617530914530100
 3 4.963275158070512 1.607390087589978e-10
 4 5.043100201623122 7.235115460248234e-11
 5 7.552496470503631 0.000000000000000
 6 8.286720433231135 0.000000000000000
 7 8.776917401123283 0.000000000000000
 8 12.70766607952096 0.000000000000000
 9 12.79049739006249 0.000000000000000
 10 17.72611507281863 0.000000000000000
 11 19.51318758398530 0.000000000000000
 12 19.62677081035126 0.000000000000000

 spin=1 k-point=528/1284 Cartesian=-0.05842213497850025 0.1461634865447040 0.03838182236892686 (2451 plane wave)
 1 0.2262623891930076 0.001562499999999996
 2 3.301920177304251 0.0009812999034239100
 3 4.032331615998743 1.772824399065515e-06
 4 6.180752808341913 0.000000000000000
 5 7.049758031511020 0.000000000000000
 6 8.150071146469475 0.000000000000000
 7 9.653280644930575 0.000000000000000
 8 11.67330684573066 0.000000000000000
 9 13.98582823519930 0.000000000000000
 10 17.03845397815506 0.000000000000000
 11 18.13445939467798 0.000000000000000
 12 20.50988565168141 0.000000000000000

 spin=1 k-point=529/1284 Cartesian=-0.03894808998566670 0.1574068316635274 0.03838182236892686 (2456 plane wave)
 1 0.4494881887579660 0.001562499999999658
 2 2.756762824392791 0.001558540383729333
 3 3.846085562415154 1.134619185319817e-05
 4 6.100943222479544 1.842003682038055e-15
 5 7.537768395566157 0.000000000000000
 6 8.413797499533569 0.000000000000000
 7 10.45817118134291 0.000000000000000
 8 11.26389559878230 0.000000000000000
 9 15.05956274786341 0.000000000000000
 10 15.34861326429250 0.000000000000000
 11 17.94785252085304 0.000000000000000
 12 18.74307787663459 0.000000000000000

 spin=1 k-point=530/1284 Cartesian=-0.01947404499283316 0.1686501767823507 0.03838182236892686 (2449 plane wave)
 1 0.8206143163325331 0.001562499999984543
 2 1.993636561991300 0.001562498074522432
 3 4.164690370958664 4.722810870795400e-07
 4 5.324190055322215 4.351985724976191e-12
 5 8.451139548404166 0.000000000000000
 6 9.218481072392535 0.000000000000000
 7 9.892283052109157 0.000000000000000
 8 12.60101112941914 0.000000000000000
 9 13.16977986924712 0.000000000000000
 10 16.24192774098321 0.000000000000000
 11 16.95363208768897 0.000000000000000
 12 18.66062869014695 0.000000000000000

 spin=1 k-point=531/1284 Cartesian=0.000000000000000 0.1574068316635272 -0.03838182236892639 (2455 plane wave)
 1 0.2246252668194939 0.001562499999999997
 2 2.532203194928917 0.001562079865876405
 3 3.630311175524842 9.299564723827619e-05
 4 5.899298163315946 1.383643073942587e-14
 5 7.974513753411434 0.000000000000000
 6 10.22907236684662 0.000000000000000
 7 10.50150246184889 0.000000000000000
 8 12.05742485561701 0.000000000000000
 9 13.81012815967896 0.000000000000000
 10 15.12901126066393 0.000000000000000
 11 17.77318599739732 0.000000000000000
 12 18.25239110897104 0.000000000000000

 spin=1 k-point=532/1284 Cartesian=-0.01947404499283316 0.1461634865447041 -0.03838182236892639 (2454 plane wave)
 1 -0.2235052868320742 0.001562500000000036
 2 2.860909729250147 0.001551332797634676
 3 3.597118981315713 0.0001266359385289995
 4 6.569903410800101 0.000000000000000
 5 7.578932996176961 0.000000000000000
 6 9.423638434841392 0.000000000000000
 7 11.06432577333350 0.000000000000000
 8 12.76461430693125 0.000000000000000
 9 13.32081616916054 0.000000000000000
 10 16.37950002030134 0.000000000000000
 11 16.89167785307064 0.000000000000000
 12 17.93455616801524 0.000000000000000

 spin=1 k-point=533/1284 Cartesian=-0.03894808998566670 0.1349201414258807 -0.03838182236892639 (2462 plane wave)
 1 -0.5226836757212578 0.001562500000000037
 2 2.697350654977638 0.001560311620958561
 3 4.345940397612405 7.711721758315926e-08
 4 6.975207756257332 0.000000000000000
 5 7.482390520553528 0.000000000000000
 6 8.308793193158806 0.000000000000000
 7 11.14977903410914 0.000000000000000
 8 12.15937210211116 0.000000000000000
 9 15.23046564560772 0.000000000000000
 10 15.55868860376756 0.000000000000000
 11 17.28218071476884 0.000000000000000
 12 18.75306477078737 0.000000000000000

 spin=1 k-point=534/1284 Cartesian=-0.05842213497850025 0.1236767963070574 -0.03838182236892639 (2456 plane wave)
 1 -0.6723830043594655 0.001562500000000037
 2 2.570912332286093 0.001561881350807913
 3 5.335608722994731 3.882368963966362e-12
 4 6.419956285710709 0.000000000000000
 5 7.114826655741536 0.000000000000000
 6 8.806259461084585 0.000000000000000
 7 9.940184655874154 0.000000000000000
 8 13.10516235852463 0.000000000000000
 9 14.26741888003549 0.000000000000000
 10 16.80829336124671 0.000000000000000
 11 17.79151969818177 0.000000000000000
 12 19.83792309617824 0.000000000000000

 spin=1 k-point=535/1284 Cartesian=0.07789617997133459 -0.1124334511882327 0.03838182236892686 (2456 plane wave)
 1 -0.6723830042746157 0.001562500000000037
 2 2.570912330356420 0.001561881350819847
 3 5.335608747623905 3.882368007770864e-12
 4 6.419956244309198 0.000000000000000
 5 7.114826654602981 0.000000000000000
 6 8.806259514523310 0.000000000000000
 7 9.940184617385491 0.000000000000000
 8 13.10516236472889 0.000000000000000
 9 14.26741888090259 0.000000000000000
 10 16.80829336336578 0.000000000000000
 11 17.79151968929040 0.000000000000000
 12 19.83792309812531 0.000000000000000

 spin=1 k-point=536/1284 Cartesian=0.09737022496416814 -0.1011901060694093 0.03838182236892686 (2462 plane wave)
 1 -0.5226836754524308 0.001562500000000037
 2 2.697350647219616 0.001560311621128098
 3 4.345940421322667 7.711719929936416e-08
 4 6.975207693721880 0.000000000000000
 5 7.482390500547625 0.000000000000000
 6 8.308793286254724 0.000000000000000
 7 11.14977897375254 0.000000000000000
 8 12.15937213881749 0.000000000000000
 9 15.23046562026963 0.000000000000000
 10 15.55868863822077 0.000000000000000
 11 17.28218068399518 0.000000000000000
 12 18.75306479931038 0.000000000000000

 spin=1 k-point=537/1284 Cartesian=0.1168442699570017 -0.08994676095058601 0.03838182236892686 (2454 plane wave)
 1 -0.2235052863308361 0.001562500000000036
 2 2.860909705337554 0.001551332800285959
 3 3.597119018321389 0.0001266358954645734
 4 6.569903365421948 0.000000000000000
 5 7.578933015460307 0.000000000000000
 6 9.423638473426562 0.000000000000000
 7 11.06432574436390 0.000000000000000
 8 12.76461431843641 0.000000000000000
 9 13.32081615735163 0.000000000000000
 10 16.37950000320949 0.000000000000000
 11 16.89167787177478 0.000000000000000
 12 17.93455618549538 0.000000000000000

 spin=1 k-point=538/1284 Cartesian=0.1363183149498352 -0.07870341583176267 0.03838182236892686 (2455 plane wave)
 1 0.2246252676573338 0.001562499999999997
 2 2.532203180702737 0.001562079865936158
 3 3.630311201774715 9.299562427992318e-05
 4 5.899298137940932 1.383643425042321e-14
 5 7.974513761639272 0.000000000000000
 6 10.22907239035534 0.000000000000000
 7 10.50150246399794 0.000000000000000
 8 12.05742482982184 0.000000000000000
 9 13.81012816193539 0.000000000000000
 10 15.12901125167922 0.000000000000000
 11 17.77318604294738 0.000000000000000
 12 18.25239111076197 0.000000000000000

 spin=1 k-point=539/1284 Cartesian=0.1557923599426688 0.2473535926141141 -0.03838182236892639 (2449 plane wave)
 1 0.8206143163988456 0.001562499999984543
 2 1.993636561576416 0.001562498074522440
 3 4.164690371721722 4.722810834768511e-07
 4 5.324190053822624 4.351985790238171e-12
 5 8.451139549857263 0.000000000000000
 6 9.218481073676021 0.000000000000000
 7 9.892283052661744 0.000000000000000
 8 12.60101112657270 0.000000000000000
 9 13.16977986995581 0.000000000000000
 10 16.24192774184086 0.000000000000000
 11 16.95363208913903 0.000000000000000
 12 18.66062868500130 0.000000000000000

 spin=1 k-point=540/1284 Cartesian=0.1363183149498352 0.2361102474952907 -0.03838182236892639 (2448 plane wave)
 1 1.558082259778459 0.001562499975285627
 2 1.565976547511408 0.001562499973255523
 3 4.829266663557927 6.139214383617041e-10
 4 4.932461831437619 2.187468862214033e-10
 5 7.557565672823228 0.000000000000000
 6 9.185448457421787 0.000000000000000
 7 9.509449844780541 0.000000000000000
 8 11.09749360329324 0.000000000000000
 9 14.99714504062305 0.000000000000000
 10 15.27808812944968 0.000000000000000
 11 18.15179127841793 0.000000000000000
 12 19.46189047989402 0.000000000000000

 spin=1 k-point=541/1284 Cartesian=0.1168442699570017 0.2248669023764674 -0.03838182236892639 (2451 plane wave)
 1 1.269555378817950 0.001562499998619991
 2 2.441914023644550 0.001562329652245639
 3 4.570058893195583 8.200418369828329e-09
 4 5.648450205623087 1.699977520500692e-13
 5 6.270055265592934 0.000000000000000
 6 8.830533028642149 0.000000000000000
 7 9.612344829397550 0.000000000000000
 8 10.44250003315158 0.000000000000000
 9 13.84387811222408 0.000000000000000
 10 16.99110417684318 0.000000000000000
 11 18.99754027263853 0.000000000000000
 12 20.09417807000529 0.000000000000000

 spin=1 k-point=542/1284 Cartesian=0.09737022496416814 0.2136235572576441 -0.03838182236892639 (2451 plane wave)
 1 1.122489251691450 0.001562499999682939
 2 3.422968049752756 0.0005230757318796984
 3 4.321077733095462 9.888319901257068e-08
 4 4.929930077727097 2.243557205527669e-10
 5 6.835594876263436 0.000000000000000
 6 7.933460365313671 0.000000000000000
 7 9.156731889113793 0.000000000000000
 8 11.36694682397832 0.000000000000000
 9 12.53100686087084 0.000000000000000
 10 18.57999113142935 0.000000000000000
 11 19.46527141631903 0.000000000000000
 12 21.09263273314027 0.000000000000000

 spin=1 k-point=543/1284 Cartesian=0.07789617997133459 0.2023802121388208 -0.03838182236892639 (2451 plane wave)
 1 1.122489252036323 0.001562499999682939
 2 3.422968037578555 0.0005230757742418452
 3 4.321077772664236 9.888315988817708e-08
 4 4.929930048343615 2.243557864763069e-10
 5 6.835594862660752 0.000000000000000
 6 7.933460397026667 0.000000000000000
 7 9.156731867682625 0.000000000000000
 8 11.36694683157749 0.000000000000000
 9 12.53100685845871 0.000000000000000
 10 18.57999112910962 0.000000000000000
 11 19.46527141408622 0.000000000000000
 12 21.09263273763651 0.000000000000000

 spin=1 k-point=544/1284 Cartesian=0.05842213497850103 0.1911368670199974 -0.03838182236892639 (2451 plane wave)
 1 1.269555379986585 0.001562499998619991
 2 2.441914018736499 0.001562329652253999
 3 4.570058917175135 8.200416403414801e-09
 4 5.648450173387510 1.699978068498471e-13
 5 6.270055268781844 0.000000000000000
 6 8.830533087188629 0.000000000000000
 7 9.612344743489926 0.000000000000000
 8 10.44250007089728 0.000000000000000
 9 13.84387811107432 0.000000000000000
 10 16.99110417484616 0.000000000000000
 11 18.99754025953013 0.000000000000000
 12 20.09417811430686 0.000000000000000

 spin=1 k-point=545/1284 Cartesian=0.03894808998566748 0.1798935219011741 -0.03838182236892639 (2448 plane wave)
 1 1.558082265366336 0.001562499975285626
 2 1.565976541895852 0.001562499973255525
 3 4.829266669576785 6.139214014106559e-10
 4 4.932461826397773 2.187468972459098e-10
 5 7.557565672504656 0.000000000000000
 6 9.185448447556427 0.000000000000000
 7 9.509449849984021 0.000000000000000
 8 11.09749360866835 0.000000000000000
 9 14.99714503905297 0.000000000000000
 10 15.27808812792870 0.000000000000000
 11 18.15179127857378 0.000000000000000
 12 19.46189046813331 0.000000000000000

 spin=1 k-point=546/1284 Cartesian=0.01947404499283394 0.1686501767823507 -0.03838182236892639 (2449 plane wave)
 1 0.8206143150237806 0.001562499999984543
 2 1.993636566832332 0.001562498074522339
 3 4.164690354280386 4.722811658241139e-07
 4 5.324190072671612 4.351984969932764e-12
 5 8.451139569839279 0.000000000000000
 6 9.218481002378658 0.000000000000000
 7 9.892283097531564 0.000000000000000
 8 12.60101112739418 0.000000000000000
 9 13.16977987221706 0.000000000000000
 10 16.24192774349447 0.000000000000000
 11 16.95363208546445 0.000000000000000
 12 18.66062866177528 0.000000000000000

 spin=1 k-point=547/1284 Cartesian=0.000000000000000 0.1349201414258805 -0.03838182236892639 (2469 plane wave)
 1 -0.7478663699987961 0.001562500000000037
 2 2.475905327738779 0.001562260701685447
 3 4.124290359866798 7.072782032650633e-07
 4 6.776419332510743 0.000000000000000
 5 7.571370269019747 0.000000000000000
 6 10.72896659902802 0.000000000000000
 7 11.44756690191051 0.000000000000000
 8 12.42616700654808 0.000000000000000
 9 14.03741363925185 0.000000000000000
 10 15.31348571992229 0.000000000000000
 11 16.99360652655870 0.000000000000000
 12 18.47874996651617 0.000000000000000

 spin=1 k-point=548/1284 Cartesian=-0.01947404499283316 0.1236767963070574 -0.03838182236892639 (2468 plane wave)
 1 -1.122811126478985 0.001562500000000037
 2 2.129762680782861 0.001562492488523998
 3 4.892052847606427 3.276693951043696e-10
 4 6.554508617983792 0.000000000000000
 5 8.231451068608200 0.000000000000000
 6 9.747109126507866 0.000000000000000
 7 12.37941688006175 0.000000000000000
 8 13.13254439461995 0.000000000000000
 9 13.63678067027758 0.000000000000000
 10 16.37907501242176 0.000000000000000
 11 16.77323232919658 0.000000000000000
 12 17.82192335246518 0.000000000000000

 spin=1 k-point=549/1284 Cartesian=-0.03894808998566670 0.1124334511882340 -0.03838182236892639 (2468 plane wave)
 1 -1.347918295801805 0.001562500000000037
 2 1.914593696640964 0.001562499126506135
 3 5.728747312694874 7.615829067480282e-14
 4 6.458695024896496 0.000000000000000
 5 8.241964991695667 0.000000000000000
 6 9.343876400376084 0.000000000000000
 7 11.58989591757956 0.000000000000000
 8 13.59260770413144 0.000000000000000
 9 15.41232663472019 0.000000000000000
 10 15.90690373115657 0.000000000000000
 11 16.74654137789836 0.000000000000000
 12 19.01266247352462 0.000000000000000

 spin=1 k-point=550/1284 Cartesian=0.05842213497850103 -0.1011901060694093 0.03838182236892686 (2453 plane wave)
 1 -1.422975699906800 0.001562500000000037
 2 1.842176743355653 0.001562499576593954
 3 6.050744179741130 3.043001875129961e-15
 4 6.993972583780804 0.000000000000000
 5 7.235857001107680 0.000000000000000
 6 10.28634057569960 0.000000000000000
 7 10.46542621517863 0.000000000000000
 8 14.51921235075843 0.000000000000000
 9 14.80147184304594 0.000000000000000
 10 16.25163547175335 0.000000000000000
 11 17.95868481730532 0.000000000000000
 12 18.19003594949853 0.000000000000000

 spin=1 k-point=551/1284 Cartesian=0.07789617997133459 -0.08994676095058600 0.03838182236892686 (2468 plane wave)
 1 -1.347918295704007 0.001562500000000037
 2 1.914593695124452 0.001562499126506148
 3 5.728747354448660 7.615825887583148e-14
 4 6.458694969062281 0.000000000000000
 5 8.241964981280674 0.000000000000000
 6 9.343876449093486 0.000000000000000
 7 11.58989588325563 0.000000000000000
 8 13.59260771810797 0.000000000000000
 9 15.41232661535336 0.000000000000000
 10 15.90690378289509 0.000000000000000
 11 16.74654133204645 0.000000000000000
 12 19.01266248996664 0.000000000000000

 spin=1 k-point=552/1284 Cartesian=0.09737022496416814 -0.07870341583176266 0.03838182236892686 (2468 plane wave)
 1 -1.122811126272356 0.001562500000000037
 2 2.129762677015699 0.001562492488524281
 3 4.892052873448839 3.276693104267036e-10
 4 6.554508573065978 0.000000000000000
 5 8.231451077842253 0.000000000000000
 6 9.747109158445811 0.000000000000000
 7 12.37941685185664 0.000000000000000
 8 13.13254442477801 0.000000000000000
 9 13.63678064176653 0.000000000000000
 10 16.37907498066479 0.000000000000000
 11 16.77323237835092 0.000000000000000
 12 17.82192335426778 0.000000000000000

 spin=1 k-point=553/1284 Cartesian=0.1168442699570017 -0.06746007071293933 0.03838182236892686 (2469 plane wave)
 1 -0.7478663696589678 0.001562500000000037
 2 2.475905318997422 0.001562260701706361
 3 4.124290384003440 7.072780326291092e-07
 4 6.776419267859502 0.000000000000000
 5 7.571370313889841 0.000000000000000
 6 10.72896660116649 0.000000000000000
 7 11.44756696866532 0.000000000000000
 8 12.42616693135601 0.000000000000000
 9 14.03741364145164 0.000000000000000
 10 15.31348569844305 0.000000000000000
 11 16.99360658367648 0.000000000000000
 12 18.47874996833955 0.000000000000000

 spin=1 k-point=554/1284 Cartesian=0.1363183149498352 -0.05621672559411599 0.03838182236892686 (2454 plane wave)
 1 -0.2235052863339659 0.001562500000000036
 2 2.860909705242880 0.001551332800296456
 3 3.597119018347045 0.0001266358954347181
 4 6.569903365368973 0.000000000000000
 5 7.578933015825991 0.000000000000000
 6 9.423638472467724 0.000000000000000
 7 11.06432574737445 0.000000000000000
 8 12.76461431354351 0.000000000000000
 9 13.32081615904824 0.000000000000000
 10 16.37950000396756 0.000000000000000
 11 16.89167787444006 0.000000000000000
 12 17.93455618238711 0.000000000000000

 spin=1 k-point=555/1284 Cartesian=0.1557923599426688 0.2248669023764674 -0.03838182236892639 (2456 plane wave)
 1 0.4494881887968472 0.001562499999999658
 2 2.756762823277163 0.001558540383773395
 3 3.846085563931647 1.134619168238332e-05
 4 6.100943220178717 1.842003724419385e-15
 5 7.537768396838463 0.000000000000000
 6 8.413797500604307 0.000000000000000
 7 10.45817118969050 0.000000000000000
 8 11.26389558859621 0.000000000000000
 9 15.05956275033882 0.000000000000000
 10 15.34861326659451 0.000000000000000
 11 17.94785251720131 0.000000000000000
 12 18.74307787503373 0.000000000000000

 spin=1 k-point=556/1284 Cartesian=0.1363183149498352 0.2136235572576441 -0.03838182236892639 (2451 plane wave)
 1 1.269555380068849 0.001562499998619991
 2 2.441914018385934 0.001562329652254595
 3 4.570058917141692 8.200416406157275e-09
 4 5.648450173092908 1.699978073506653e-13
 5 6.270055268265633 0.000000000000000
 6 8.830533092700211 0.000000000000000
 7 9.612344745683441 0.000000000000000
 8 10.44250006273164 0.000000000000000
 9 13.84387811282815 0.000000000000000
 10 16.99110417918797 0.000000000000000
 11 18.99754025215081 0.000000000000000
 12 20.09417811727471 0.000000000000000

 spin=1 k-point=557/1284 Cartesian=0.1168442699570017 0.2023802121388207 -0.03838182236892639 (2450 plane wave)
 1 2.220776029376534 0.001562481336708760
 2 2.245701622551784 0.001562476053763506
 3 4.505666646536407 1.561298678170052e-08
 4 5.596436080548928 2.859813479737325e-13
 5 5.729555467268876 7.554529413119623e-14
 6 7.905231842204697 0.000000000000000
 7 10.11837312873906 0.000000000000000
 8 10.17712988747894 0.000000000000000
 9 12.45755742719818 0.000000000000000
 10 18.94497284753188 0.000000000000000
 11 19.82730797515630 0.000000000000000
 12 20.33694583616279 0.000000000000000

 spin=1 k-point=558/1284 Cartesian=0.09737022496416814 0.1911368670199974 -0.03838182236892639 (2450 plane wave)
 1 2.161909986462162 0.001562489640506985
 2 3.284858471487108 0.001042101626592694
 3 3.380589005825007 0.0006791400290529512
 4 5.565141541597455 3.910643239868129e-13
 5 6.675751584166660 0.000000000000000
 6 6.733768149120982 0.000000000000000
 7 10.06247879310177 0.000000000000000
 8 11.20320999420568 0.000000000000000
 9 11.22825771363082 0.000000000000000
 10 19.72945761035682 0.000000000000000
 11 20.59668359967855 0.000000000000000
 12 21.04469881156587 0.000000000000000

 spin=1 k-point=559/1284 Cartesian=0.07789617997133459 0.1798935219011741 -0.03838182236892639 (2450 plane wave)
 1 2.220776034856408 0.001562481336707738
 2 2.245701616808943 0.001562476053764881
 3 4.505666648292634 1.561298650750361e-08
 4 5.596436076156531 2.859813605351715e-13
 5 5.729555471326711 7.554529106569266e-14
 6 7.905231837621296 0.000000000000000
 7 10.11837313392724 0.000000000000000
 8 10.17712988749619 0.000000000000000
 9 12.45755742547597 0.000000000000000
 10 18.94497283909849 0.000000000000000
 11 19.82730798106468 0.000000000000000
 12 20.33694584028297 0.000000000000000

 spin=1 k-point=560/1284 Cartesian=0.05842213497850103 0.1686501767823507 -0.03838182236892639 (2451 plane wave)
 1 1.269555378948678 0.001562499998619991
 2 2.441914022984350 0.001562329652246763
 3 4.570058896164547 8.200418126362061e-09
 4 5.648450204577077 1.699977538282625e-13
 5 6.270055264912005 0.000000000000000
 6 8.830533015452700 0.000000000000000
 7 9.612344841932114 0.000000000000000
 8 10.44250003476240 0.000000000000000
 9 13.84387811090126 0.000000000000000
 10 16.99110417418381 0.000000000000000
 11 18.99754027246130 0.000000000000000
 12 20.09417807195493 0.000000000000000

 spin=1 k-point=561/1284 Cartesian=0.03894808998566748 0.1574068316635274 -0.03838182236892639 (2456 plane wave)
 1 0.4494881880313861 0.001562499999999658
 2 2.756762836993809 0.001558540383231645
 3 3.846085537563847 1.134619465240087e-05
 4 6.100943246996612 1.842003230432714e-15
 5 7.537768432479153 0.000000000000000
 6 8.413797414733496 0.000000000000000
 7 10.45817125919923 0.000000000000000
 8 11.26389555737973 0.000000000000000
 9 15.05956276017163 0.000000000000000
 10 15.34861324887605 0.000000000000000
 11 17.94785255610113 0.000000000000000
 12 18.74307782396985 0.000000000000000

 spin=1 k-point=562/1284 Cartesian=0.01947404499283394 0.1461634865447040 -0.03838182236892639 (2454 plane wave)
 1 -0.2235052868504544 0.001562500000000036
 2 2.860909729197617 0.001551332797640500
 3 3.597118981494306 0.0001266359383211656
 4 6.569903411013914 0.000000000000000
 5 7.578932995662548 0.000000000000000
 6 9.423638433756064 0.000000000000000
 7 11.06432577420329 0.000000000000000
 8 12.76461430987724 0.000000000000000
 9 13.32081616825884 0.000000000000000
 10 16.37950001793395 0.000000000000000
 11 16.89167785280486 0.000000000000000
 12 17.93455616685257 0.000000000000000

 spin=1 k-point=563/1284 Cartesian=0.000000000000000 0.1124334511882338 -0.03838182236892639 (2473 plane wave)
 1 -1.573358394458226 0.001562500000000037
 2 1.692082247197753 0.001562499905614617
 3 5.505672396774001 7.087930909037936e-13
 4 6.269933122039810 0.000000000000000
 5 8.975277046707706 0.000000000000000
 6 11.10799125997835 0.000000000000000
 7 12.28860070629278 0.000000000000000
 8 13.42895479469787 0.000000000000000
 9 14.41612028534832 0.000000000000000
 10 15.50693067037927 0.000000000000000
 11 16.46381457788802 0.000000000000000
 12 18.85550961812532 0.000000000000000

 spin=1 k-point=564/1284 Cartesian=-0.01947404499283316 0.1011901060694107 -0.03838182236892639 (2472 plane wave)
 1 -1.873908473223232 0.001562500000000037
 2 1.397527778975447 0.001562499995037876
 3 5.669103841172174 1.382756017436784e-13
 4 6.708046182999730 0.000000000000000
 5 9.717896705197305 0.000000000000000
 6 10.30835094012859 0.000000000000000
 7 13.31898326024580 0.000000000000000
 8 13.84948826027644 0.000000000000000
 9 14.32411328004601 0.000000000000000
 10 15.93513180063118 0.000000000000000
 11 17.19299291226454 0.000000000000000
 12 18.12445512363182 0.000000000000000

 spin=1 k-point=565/1284 Cartesian=0.03894808998566748 -0.08994676095058601 0.03838182236892686 (2470 plane wave)
 1 -2.024234200381665 0.001562500000000037
 2 1.249685498153873 0.001562499998868679
 3 5.582804820842512 3.277460996688108e-13
 4 7.673264729963433 0.000000000000000
 5 8.817765023468091 0.000000000000000
 6 10.96691129433989 0.000000000000000
 7 12.12825789295272 0.000000000000000
 8 14.96996960530675 0.000000000000000
 9 15.50890379002741 0.000000000000000
 10 16.41625247904199 0.000000000000000
 11 16.75684366747189 0.000000000000000
 12 18.51643902611833 0.000000000000000

 spin=1 k-point=566/1284 Cartesian=0.05842213497850103 -0.07870341583176267 0.03838182236892686 (2470 plane wave)
 1 -2.024234200352904 0.001562500000000037
 2 1.249685497814982 0.001562499998868680
 3 5.582804825136726 3.277460855946850e-13
 4 7.673264718717558 0.000000000000000
 5 8.817765024681306 0.000000000000000
 6 10.96691132123725 0.000000000000000
 7 12.12825786786929 0.000000000000000
 8 14.96996958739445 0.000000000000000
 9 15.50890383280067 0.000000000000000
 10 16.41625251805948 0.000000000000000
 11 16.75684359494250 0.000000000000000
 12 18.51643903351387 0.000000000000000

 spin=1 k-point=567/1284 Cartesian=0.07789617997133459 -0.06746007071293933 0.03838182236892686 (2472 plane wave)
 1 -1.873908473135506 0.001562500000000037
 2 1.397527777880762 0.001562499995037876
 3 5.669103862361289 1.382755724442976e-13
 4 6.708046153559768 0.000000000000000
 5 9.717896683352381 0.000000000000000
 6 10.30835098598550 0.000000000000000
 7 13.31898323730119 0.000000000000000
 8 13.84948830288237 0.000000000000000
 9 14.32411323372801 0.000000000000000
 10 15.93513179746233 0.000000000000000
 11 17.19299293931427 0.000000000000000
 12 18.12445511783396 0.000000000000000

 spin=1 k-point=568/1284 Cartesian=0.09737022496416814 -0.05621672559411599 0.03838182236892686 (2473 plane wave)
 1 -1.573358394306380 0.001562500000000037
 2 1.692082245065076 0.001562499905614619
 3 5.505672440017273 7.087927843984622e-13
 4 6.269933067621182 0.000000000000000
 5 8.975277054284804 0.000000000000000
 6 11.10799126207052 0.000000000000000
 7 12.28860078311251 0.000000000000000
 8 13.42895470455328 0.000000000000000
 9 14.41612028750946 0.000000000000000
 10 15.50693061465512 0.000000000000000
 11 16.46381466960135 0.000000000000000
 12 18.85550961989278 0.000000000000000

 spin=1 k-point=569/1284 Cartesian=0.1168442699570017 -0.04497338047529265 0.03838182236892686 (2468 plane wave)
 1 -1.122811126274157 0.001562500000000037
 2 2.129762676915917 0.001562492488524288
 3 4.892052873446797 3.276693104333955e-10
 4 6.554508573446785 0.000000000000000
 5 8.231451077775933 0.000000000000000
 6 9.747109157239530 0.000000000000000
 7 12.37941685928297 0.000000000000000
 8 13.13254441612989 0.000000000000000
 9 13.63678064362661 0.000000000000000
 10 16.37907497871781 0.000000000000000
 11 16.77323238169724 0.000000000000000
 12 17.82192335283819 0.000000000000000

 spin=1 k-point=570/1284 Cartesian=0.1363183149498352 -0.03373003535646932 0.03838182236892686 (2462 plane wave)
 1 -0.5226836754580138 0.001562500000000037
 2 2.697350646993229 0.001560311621133045
 3 4.345940421401644 7.711719923846245e-08
 4 6.975207694487679 0.000000000000000
 5 7.482390500324761 0.000000000000000
 6 8.308793285306454 0.000000000000000
 7 11.14977898061192 0.000000000000000
 8 12.15937212986354 0.000000000000000
 9 15.23046562441025 0.000000000000000
 10 15.55868864081845 0.000000000000000
 11 17.28218067801373 0.000000000000000
 12 18.75306480081167 0.000000000000000

 spin=1 k-point=571/1284 Cartesian=0.1557923599426688 0.2023802121388207 -0.03838182236892639 (2451 plane wave)
 1 0.2262623892206565 0.001562499999999996
 2 3.301920175001391 0.0009812999118296336
 3 4.032331618659201 1.772824351953760e-06
 4 6.180752809450912 0.000000000000000
 5 7.049758026949736 0.000000000000000
 6 8.150071149673209 0.000000000000000
 7 9.653280647516688 0.000000000000000
 8 11.67330684145834 0.000000000000000
 9 13.98582823748215 0.000000000000000
 10 17.03845398659471 0.000000000000000
 11 18.13445938287524 0.000000000000000
 12 20.50988565212546 0.000000000000000

 spin=1 k-point=572/1284 Cartesian=0.1363183149498352 0.1911368670199974 -0.03838182236892639 (2451 plane wave)
 1 1.122489252117155 0.001562499999682939
 2 3.422968035894272 0.0005230757801025899
 3 4.321077773727405 9.888315883694770e-08
 4 4.929930049780026 2.243557832536358e-10
 5 6.835594859882607 0.000000000000000
 6 7.933460399687878 0.000000000000000
 7 9.156731868087501 0.000000000000000
 8 11.36694682857434 0.000000000000000
 9 12.53100686065940 0.000000000000000
 10 18.57999113807264 0.000000000000000
 11 19.46527140165799 0.000000000000000
 12 21.09263273696750 0.000000000000000

 spin=1 k-point=573/1284 Cartesian=0.1168442699570017 0.1798935219011741 -0.03838182236892639 (2450 plane wave)
 1 2.161909986778922 0.001562489640506953
 2 3.284858464579337 0.001042101650567993
 3 3.380589012218308 0.0006791400045057335
 4 5.565141542250502 3.910643214329790e-13
 5 6.675751590384853 0.000000000000000
 6 6.733768142256601 0.000000000000000
 7 10.06247879351846 0.000000000000000
 8 11.20320998779713 0.000000000000000
 9 11.22825772002686 0.000000000000000
 10 19.72945761244619 0.000000000000000
 11 20.59668359336426 0.000000000000000
 12 21.04469881719937 0.000000000000000

 spin=1 k-point=574/1284 Cartesian=0.09737022496416814 0.1686501767823507 -0.03838182236892639 (2450 plane wave)
 1 2.161909986767279 0.001562489640506953
 2 3.284858459634848 0.001042101667729185
 3 3.380589017637646 0.0006791399836980694
 4 5.565141542827696 3.910643191757787e-13
 5 6.675751593508805 0.000000000000000
 6 6.733768136835807 0.000000000000000
 7 10.06247879667938 0.000000000000000
 8 11.20320998273166 0.000000000000000
 9 11.22825772326229 0.000000000000000
 10 19.72945761114030 0.000000000000000
 11 20.59668358551317 0.000000000000000
 12 21.04469882360195 0.000000000000000

 spin=1 k-point=575/1284 Cartesian=0.07789617997133459 0.1574068316635274 -0.03838182236892639 (2451 plane wave)
 1 1.122489251728827 0.001562499999682939
 2 3.422968047016348 0.0005230757414014842
 3 4.321077739376773 9.888319280180239e-08
 4 4.929930075883044 2.243557246900061e-10
 5 6.835594875696819 0.000000000000000
 6 7.933460355939102 0.000000000000000
 7 9.156731898645374 0.000000000000000
 8 11.36694682443682 0.000000000000000
 9 12.53100685970438 0.000000000000000
 10 18.57999112894424 0.000000000000000
 11 19.46527141466884 0.000000000000000
 12 21.09263273216755 0.000000000000000

 spin=1 k-point=576/1284 Cartesian=0.05842213497850103 0.1461634865447041 -0.03838182236892639 (2451 plane wave)
 1 0.2262623888438503 0.001562499999999996
 2 3.301920195929128 0.0009812998354408119
 3 4.032331582881379 1.772824985512325e-06
 4 6.180752833829517 0.000000000000000
 5 7.049758071987000 0.000000000000000
 6 8.150071046526586 0.000000000000000
 7 9.653280708015629 0.000000000000000
 8 11.67330683178512 0.000000000000000
 9 13.98582823467138 0.000000000000000
 10 17.03845397556602 0.000000000000000
 11 18.13445940363829 0.000000000000000
 12 20.50988562464994 0.000000000000000

 spin=1 k-point=577/1284 Cartesian=0.03894808998566748 0.1349201414258807 -0.03838182236892639 (2462 plane wave)
 1 -0.5226836757600182 0.001562500000000037
 2 2.697350655081019 0.001560311620956301
 3 4.345940397734060 7.711721748934649e-08
 4 6.975207755992321 0.000000000000000
 5 7.482390521137565 0.000000000000000
 6 8.308793191224325 0.000000000000000
 7 11.14977903528980 0.000000000000000
 8 12.15937210441210 0.000000000000000
 9 15.23046564346415 0.000000000000000
 10 15.55868860469475 0.000000000000000
 11 17.28218071285303 0.000000000000000
 12 18.75306477060518 0.000000000000000

 spin=1 k-point=578/1284 Cartesian=0.01947404499283394 0.1236767963070574 -0.03838182236892639 (2468 plane wave)
 1 -1.122811126497335 0.001562500000000037
 2 2.129762680851645 0.001562492488523993
 3 4.892052847580567 3.276693951891061e-10
 4 6.554508617862066 0.000000000000000
 5 8.231451068879258 0.000000000000000
 6 9.747109125458779 0.000000000000000
 7 12.37941687961217 0.000000000000000
 8 13.13254439922309 0.000000000000000
 9 13.63678066872928 0.000000000000000
 10 16.37907501059032 0.000000000000000
 11 16.77323232969576 0.000000000000000
 12 17.82192335050852 0.000000000000000

 spin=1 k-point=579/1284 Cartesian=0.000000000000000 0.08994676095058715 -0.03838182236892639 (2471 plane wave)
 1 -2.249871016600217 0.001562500000000037
 2 1.026227022023960 0.001562499999878940
 3 5.371465660738195 2.712514489264576e-12
 4 7.464451809049963 0.000000000000000
 5 10.65158020050662 0.000000000000000
 6 11.63840569937448 0.000000000000000
 7 12.87723142993440 0.000000000000000
 8 14.75803988727596 0.000000000000000
 9 14.94604096129585 0.000000000000000
 10 15.45972727347531 0.000000000000000
 11 16.65262967675845 0.000000000000000
 12 19.38128265546084 0.000000000000000

 spin=1 k-point=580/1284 Cartesian=0.01947404499283394 -0.07870341583176269 0.03838182236892686 (2479 plane wave)
 1 -2.475539189481675 0.001562500000000037
 2 0.8028849440473920 0.001562499999987060
 3 5.169630095278023 2.041422982739727e-11
 4 8.408326789887809 0.000000000000000
 5 10.67401951973270 0.000000000000000
 6 11.71282573299877 0.000000000000000
 7 13.95559458413901 0.000000000000000
 8 14.39779897406544 0.000000000000000
 9 15.08127632630980 0.000000000000000
 10 16.34107541761890 0.000000000000000
 11 17.80320346800012 0.000000000000000
 12 18.51829949476085 0.000000000000000

 spin=1 k-point=581/1284 Cartesian=0.03894808998566748 -0.06746007071293936 0.03838182236892686 (2470 plane wave)
 1 -2.550776043540569 0.001562500000000037
 2 0.7283593406407898 0.001562499999993878
 3 5.100594480812563 4.071467119127519e-11
 4 9.461012843030515 0.000000000000000
 5 9.534214379530406 0.000000000000000
 6 12.69817585459267 0.000000000000000
 7 12.87705387561899 0.000000000000000
 8 14.85006184503075 0.000000000000000
 9 16.53689271763901 0.000000000000000
 10 16.88790196830808 0.000000000000000
 11 17.38951062232238 0.000000000000000
 12 17.47025670797968 0.000000000000000

 spin=1 k-point=582/1284 Cartesian=0.05842213497850103 -0.05621672559411602 0.03838182236892686 (2479 plane wave)
 1 -2.475539189446020 0.001562500000000037
 2 0.8028849436828391 0.001562499999987060
 3 5.169630097829534 2.041422930652611e-11
 4 8.408326782378222 0.000000000000000
 5 10.67401951209790 0.000000000000000
 6 11.71282575811038 0.000000000000000
 7 13.95559457261475 0.000000000000000
 8 14.39779896872056 0.000000000000000
 9 15.08127634754467 0.000000000000000
 10 16.34107538313789 0.000000000000000
 11 17.80320350222935 0.000000000000000
 12 18.51829946444596 0.000000000000000

 spin=1 k-point=583/1284 Cartesian=0.07789617997133459 -0.04497338047529267 0.03838182236892686 (2471 plane wave)
 1 -2.249871016529113 0.001562500000000037
 2 1.026227021255708 0.001562499999878940
 3 5.371465667885455 2.712514295394047e-12
 4 7.464451795910281 0.000000000000000
 5 10.65158019719913 0.000000000000000
 6 11.63840570143425 0.000000000000000
 7 12.87723148475701 0.000000000000000
 8 14.75803984822366 0.000000000000000
 9 14.94604096340362 0.000000000000000
 10 15.45972718026880 0.000000000000000
 11 16.65262977728710 0.000000000000000
 12 19.38128265759616 0.000000000000000

 spin=1 k-point=584/1284 Cartesian=0.09737022496416814 -0.03373003535646934 0.03838182236892686 (2472 plane wave)
 1 -1.873908473134708 0.001562500000000037
 2 1.397527777790528 0.001562499995037876
 3 5.669103862383874 1.382755724130677e-13
 4 6.708046153923330 0.000000000000000
 5 9.717896683278548 0.000000000000000
 6 10.30835098441327 0.000000000000000
 7 13.31898324422631 0.000000000000000
 8 13.84948830190756 0.000000000000000
 9 14.32411323062579 0.000000000000000
 10 15.93513179273355 0.000000000000000
 11 17.19299294277742 0.000000000000000
 12 18.12445511728657 0.000000000000000

 spin=1 k-point=585/1284 Cartesian=0.1168442699570017 -0.02248669023764600 0.03838182236892686 (2468 plane wave)
 1 -1.347918295705071 0.001562500000000037
 2 1.914593694926868 0.001562499126506150
 3 5.728747354095920 7.615825914447243e-14
 4 6.458694970378586 0.000000000000000
 5 8.241964980389730 0.000000000000000
 6 9.343876448252418 0.000000000000000
 7 11.58989588647293 0.000000000000000
 8 13.59260771273259 0.000000000000000
 9 15.41232662337182 0.000000000000000
 10 15.90690378572009 0.000000000000000
 11 16.74654132205936 0.000000000000000
 12 19.01266249124854 0.000000000000000

 spin=1 k-point=586/1284 Cartesian=0.1363183149498352 -0.01124334511882266 0.03838182236892686 (2456 plane wave)
 1 -0.6723830042801201 0.001562500000000037
 2 2.570912330025075 0.001561881350821895
 3 5.335608747510911 3.882368012157723e-12
 4 6.419956245039046 0.000000000000000
 5 7.114826654866712 0.000000000000000
 6 8.806259513185475 0.000000000000000
 7 9.940184619219799 0.000000000000000
 8 13.10516236076385 0.000000000000000
 9 14.26741888389283 0.000000000000000
 10 16.80829337101616 0.000000000000000
 11 17.79151967960454 0.000000000000000
 12 19.83792309985418 0.000000000000000

 spin=1 k-point=587/1284 Cartesian=0.1557923599426688 0.1798935219011741 -0.03838182236892639 (2448 plane wave)
 1 0.1517771381121036 0.001562500000000017
 2 3.333616269106078 0.0008617530979704661
 3 4.963275164705601 1.607389980938197e-10
 4 5.043100197896862 7.235115729847480e-11
 5 7.552496469514574 0.000000000000000
 6 8.286720426370962 0.000000000000000
 7 8.776917408089927 0.000000000000000
 8 12.70766607372337 0.000000000000000
 9 12.79049739637590 0.000000000000000
 10 17.72611507428528 0.000000000000000
 11 19.51318758106590 0.000000000000000
 12 19.62677080960540 0.000000000000000

 spin=1 k-point=588/1284 Cartesian=0.1363183149498352 0.1686501767823507 -0.03838182236892639 (2451 plane wave)
 1 1.122489251797205 0.001562499999682939
 2 3.422968047391734 0.0005230757400952654
 3 4.321077735783600 9.888319635462184e-08
 4 4.929930077873900 2.243557202234062e-10
 5 6.835594878962658 0.000000000000000
 6 7.933460357885726 0.000000000000000
 7 9.156731892902217 0.000000000000000
 8 11.36694682618179 0.000000000000000
 9 12.53100685971407 0.000000000000000
 10 18.57999112708781 0.000000000000000
 11 19.46527142226473 0.000000000000000
 12 21.09263272999762 0.000000000000000

 spin=1 k-point=589/1284 Cartesian=0.1168442699570017 0.1574068316635274 -0.03838182236892639 (2450 plane wave)
 1 2.220776041497654 0.001562481336706498
 2 2.245701609925160 0.001562476053766529
 3 4.505666648058133 1.561298654411595e-08
 4 5.596436069752663 2.859813788490470e-13
 5 5.729555478817461 7.554528540678234e-14
 6 7.905231837028501 0.000000000000000
 7 10.11837314042723 0.000000000000000
 8 10.17712988087878 0.000000000000000
 9 12.45755742608816 0.000000000000000
 10 18.94497283847219 0.000000000000000
 11 19.82730798790744 0.000000000000000
 12 20.33694583374733 0.000000000000000

 spin=1 k-point=590/1284 Cartesian=0.09737022496416814 0.1461634865447041 -0.03838182236892639 (2451 plane wave)
 1 1.122489252015629 0.001562499999682939
 2 3.422968035771701 0.0005230757805290957
 3 4.321077776162951 9.888315642875480e-08
 4 4.929930048035248 2.243557871681461e-10
 5 6.835594860110862 0.000000000000000
 6 7.933460393482489 0.000000000000000
 7 9.156731874574934 0.000000000000000
 8 11.36694682898487 0.000000000000000
 9 12.53100685978580 0.000000000000000
 10 18.57999113162929 0.000000000000000
 11 19.46527140852324 0.000000000000000
 12 21.09263273391916 0.000000000000000

 spin=1 k-point=591/1284 Cartesian=0.07789617997133459 0.1349201414258807 -0.03838182236892639 (2448 plane wave)
 1 0.1517771380343110 0.001562500000000017
 2 3.333616269974025 0.0008617530946160436
 3 4.963275170442719 1.607389888720324e-10
 4 5.043100192087438 7.235116150166154e-11
 5 7.552496464625126 0.000000000000000
 6 8.286720420866155 0.000000000000000
 7 8.776917418837817 0.000000000000000
 8 12.70766606877242 0.000000000000000
 9 12.79049740069703 0.000000000000000
 10 17.72611507219751 0.000000000000000
 11 19.51318758172987 0.000000000000000
 12 19.62677080878096 0.000000000000000

 spin=1 k-point=592/1284 Cartesian=0.05842213497850103 0.1236767963070574 -0.03838182236892639 (2456 plane wave)
 1 -0.6723830044195003 0.001562500000000037
 2 2.570912332539422 0.001561881350806347
 3 5.335608722744315 3.882368973688471e-12
 4 6.419956286284822 0.000000000000000
 5 7.114826654677143 0.000000000000000
 6 8.806259458334413 0.000000000000000
 7 9.940184660140506 0.000000000000000
 8 13.10516235865087 0.000000000000000
 9 14.26741887990042 0.000000000000000
 10 16.80829336018038 0.000000000000000
 11 17.79151969859111 0.000000000000000
 12 19.83792309751796 0.000000000000000

 spin=1 k-point=593/1284 Cartesian=0.03894808998566748 0.1124334511882340 -0.03838182236892639 (2468 plane wave)
 1 -1.347918295838095 0.001562500000000037
 2 1.914593696791873 0.001562499126506134
 3 5.728747312020642 7.615829118828575e-14
 4 6.458695025393195 0.000000000000000
 5 8.241964991922254 0.000000000000000
 6 9.343876398842713 0.000000000000000
 7 11.58989591953207 0.000000000000000
 8 13.59260770534591 0.000000000000000
 9 15.41232663247355 0.000000000000000
 10 15.90690373459425 0.000000000000000
 11 16.74654137493325 0.000000000000000
 12 19.01266247405652 0.000000000000000

 spin=1 k-point=594/1284 Cartesian=0.01947404499283394 0.1011901060694107 -0.03838182236892639 (2472 plane wave)
 1 -1.873908473239902 0.001562500000000037
 2 1.397527779042424 0.001562499995037876
 3 5.669103840822497 1.382756022271962e-13
 4 6.708046183227701 0.000000000000000
 5 9.717896706273875 0.000000000000000
 6 10.30835093832836 0.000000000000000
 7 13.31898325955146 0.000000000000000
 8 13.84948826448837 0.000000000000000
 9 14.32411327904344 0.000000000000000
 10 15.93513180031474 0.000000000000000
 11 17.19299291197025 0.000000000000000
 12 18.12445512174853 0.000000000000000

 spin=1 k-point=595/1284 Cartesian=0.000000000000000 -0.06746007071293957 0.03838182236892686 (2481 plane wave)
 1 -2.776556505694864 0.001562500000000037
 2 0.5042698906557989 0.001562499999999382
 3 4.885228299943956 3.508120594302448e-10
 4 9.292616264315681 0.000000000000000
 5 12.31980790042512 0.000000000000000
 6 12.44523940392841 0.000000000000000
 7 13.49297542614849 0.000000000000000
 8 14.88825114998542 0.000000000000000
 9 15.62670666843231 0.000000000000000
 10 16.42185099845539 0.000000000000000
 11 17.55718546447674 0.000000000000000
 12 19.61701717146886 0.000000000000000

 spin=1 k-point=596/1284 Cartesian=0.01947404499283394 -0.05621672559411600 0.03838182236892686 (2470 plane wave)
 1 -2.927105386415117 0.001562500000000037
 2 0.3547858324018037 0.001562499999999890
 3 4.741450255978690 1.477387652856928e-09
 4 10.31599736142749 0.000000000000000
 5 11.45146424314911 0.000000000000000
 6 13.55351894446891 0.000000000000000
 7 14.36618333535307 0.000000000000000
 8 14.82847468586858 0.000000000000000
 9 15.48458526706930 0.000000000000000
 10 17.54241956306601 0.000000000000000
 11 17.89997765634330 0.000000000000000
 12 18.71374968219107 0.000000000000000

 spin=1 k-point=597/1284 Cartesian=0.03894808998566748 -0.04497338047529267 0.03838182236892686 (2470 plane wave)
 1 -2.927105386403425 0.001562500000000037
 2 0.3547858322988456 0.001562499999999890
 3 4.741450256434184 1.477387646127534e-09
 4 10.31599735759872 0.000000000000000
 5 11.45146424375198 0.000000000000000
 6 13.55351896043836 0.000000000000000
 7 14.36618331431310 0.000000000000000
 8 14.82847467794209 0.000000000000000
 9 15.48458530481832 0.000000000000000
 10 17.54241956844830 0.000000000000000
 11 17.89997757505465 0.000000000000000
 12 18.71374971642756 0.000000000000000

 spin=1 k-point=598/1284 Cartesian=0.05842213497850103 -0.03373003535646933 0.03838182236892686 (2481 plane wave)
 1 -2.776556505660538 0.001562500000000037
 2 0.5042698903446767 0.001562499999999382
 3 4.885228301424810 3.508120542352309e-10
 4 9.292616258816626 0.000000000000000
 5 12.31980790241641 0.000000000000000
 6 12.44523938491069 0.000000000000000
 7 13.49297547613891 0.000000000000000
 8 14.88825115296717 0.000000000000000
 9 15.62670667040313 0.000000000000000
 10 16.42185090028008 0.000000000000000
 11 17.55718554416254 0.000000000000000
 12 19.61701717702431 0.000000000000000

 spin=1 k-point=599/1284 Cartesian=0.07789617997133459 -0.02248669023764599 0.03838182236892686 (2479 plane wave)
 1 -2.475539189442860 0.001562500000000037
 2 0.8028849435994395 0.001562499999987060
 3 5.169630097973850 2.041422927706499e-11
 4 8.408326782657779 0.000000000000000
 5 10.67401951083751 0.000000000000000
 6 11.71282575710632 0.000000000000000
 7 13.95559457590310 0.000000000000000
 8 14.39779897618782 0.000000000000000
 9 15.08127634262867 0.000000000000000
 10 16.34107537401713 0.000000000000000
 11 17.80320350741205 0.000000000000000
 12 18.51829946362884 0.000000000000000

 spin=1 k-point=600/1284 Cartesian=0.09737022496416814 -0.01124334511882265 0.03838182236892686 (2470 plane wave)
 1 -2.024234200349074 0.001562500000000037
 2 1.249685497637300 0.001562499998868680
 3 5.582804825368139 3.277460848362399e-13
 4 7.673264719597187 0.000000000000000
 5 8.817765023287251 0.000000000000000
 6 10.96691132005514 0.000000000000000
 7 12.12825787030080 0.000000000000000
 8 14.96996958522148 0.000000000000000
 9 15.50890383927129 0.000000000000000
 10 16.41625252086767 0.000000000000000
 11 16.75684358441309 0.000000000000000
 12 18.51643903551006 0.000000000000000

 spin=1 k-point=601/1284 Cartesian=0.1168442699570017 0.000000000000000 0.03838182236892686 (2453 plane wave)
 1 -1.422975699904927 0.001562500000000037
 2 1.842176743067588 0.001562499576593955
 3 6.050744179195319 3.043001891739006e-15
 4 6.993972590139617 0.000000000000000
 5 7.235856995727622 0.000000000000000
 6 10.28634056980271 0.000000000000000
 7 10.46542622129815 0.000000000000000
 8 14.51921234483843 0.000000000000000
 9 14.80147184965488 0.000000000000000
 10 16.25163547326096 0.000000000000000
 11 17.95868481408508 0.000000000000000
 12 18.19003595107935 0.000000000000000

 spin=1 k-point=602/1284 Cartesian=0.1363183149498352 0.01124334511882402 0.03838182236892686 (2456 plane wave)
 1 -0.6723830043625953 0.001562500000000037
 2 2.570912331856920 0.001561881350810567
 3 5.335608722212878 3.882368994320800e-12
 4 6.419956286991275 0.000000000000000
 5 7.114826657367169 0.000000000000000
 6 8.806259458651329 0.000000000000000
 7 9.940184656453427 0.000000000000000
 8 13.10516236006461 0.000000000000000
 9 14.26741887917001 0.000000000000000
 10 16.80829335945699 0.000000000000000
 11 17.79151970295069 0.000000000000000
 12 19.83792309542277 0.000000000000000

 spin=1 k-point=603/1284 Cartesian=0.1557923599426688 0.02248669023764735 0.03838182236892686 (2451 plane wave)
 1 0.2262623888945076 0.001562499999999996
 2 3.301920195636471 0.0009812998365090469
 3 4.032331581562644 1.772825008864653e-06
 4 6.180752833854780 0.000000000000000
 5 7.049758077390273 0.000000000000000
 6 8.150071045284255 0.000000000000000
 7 9.653280703754438 0.000000000000000
 8 11.67330683342946 0.000000000000000
 9 13.98582823490339 0.000000000000000
 10 17.03845397357859 0.000000000000000
 11 18.13445940928282 0.000000000000000
 12 20.50988562449859 0.000000000000000

 spin=1 k-point=604/1284 Cartesian=0.1363183149498352 0.1461634865447040 -0.03838182236892639 (2451 plane wave)
 1 1.269555379001474 0.001562499998619991
 2 2.441914022804058 0.001562329652247070
 3 4.570058894581856 8.200418256148701e-09
 4 5.648450203117730 1.699977563091204e-13
 5 6.270055269492264 0.000000000000000
 6 8.830533016713375 0.000000000000000
 7 9.612344837185853 0.000000000000000
 8 10.44250003682812 0.000000000000000
 9 13.84387811167105 0.000000000000000
 10 16.99110417370252 0.000000000000000
 11 18.99754027811767 0.000000000000000
 12 20.09417806873330 0.000000000000000

 spin=1 k-point=605/1284 Cartesian=0.1168442699570017 0.1349201414258807 -0.03838182236892639 (2451 plane wave)
 1 1.269555379935632 0.001562499998619991
 2 2.441914018419304 0.001562329652254539
 3 4.570058918740002 8.200416275089836e-09
 4 5.648450168707229 1.699978148062236e-13
 5 6.270055272210951 0.000000000000000
 6 8.830533083618791 0.000000000000000
 7 9.612344752570896 0.000000000000000
 8 10.44250006544412 0.000000000000000
 9 13.84387811233112 0.000000000000000
 10 16.99110417567088 0.000000000000000
 11 18.99754025865921 0.000000000000000
 12 20.09417811243551 0.000000000000000

 spin=1 k-point=606/1284 Cartesian=0.09737022496416814 0.1236767963070574 -0.03838182236892639 (2451 plane wave)
 1 0.2262623891078436 0.001562499999999996
 2 3.301920176436817 0.0009812999065901521
 3 4.032331617691359 1.772824369092447e-06
 4 6.180752809087290 0.000000000000000
 5 7.049758025480211 0.000000000000000
 6 8.150071149289065 0.000000000000000
 7 9.653280649376596 0.000000000000000
 8 11.67330684291093 0.000000000000000
 9 13.98582823711396 0.000000000000000
 10 17.03845398092196 0.000000000000000
 11 18.13445938929744 0.000000000000000
 12 20.50988565127104 0.000000000000000

 spin=1 k-point=607/1284 Cartesian=0.07789617997133459 0.1124334511882340 -0.03838182236892639 (2456 plane wave)
 1 -0.6723830043585894 0.001562500000000037
 2 2.570912330804838 0.001561881350817073
 3 5.335608746286549 3.882368059691967e-12
 4 6.419956247149682 0.000000000000000
 5 7.114826650706235 0.000000000000000
 6 8.806259514980717 0.000000000000000
 7 9.940184620563548 0.000000000000000
 8 13.10516236120641 0.000000000000000
 9 14.26741888401369 0.000000000000000
 10 16.80829336522979 0.000000000000000
 11 17.79151968593728 0.000000000000000
 12 19.83792310048798 0.000000000000000

 spin=1 k-point=608/1284 Cartesian=0.05842213497850103 0.1011901060694107 -0.03838182236892639 (2453 plane wave)
 1 -1.422975699961669 0.001562500000000037
 2 1.842176743604154 0.001562499576593952
 3 6.050744176881559 3.043001962146795e-15
 4 6.993972596126856 0.000000000000000
 5 7.235856990593299 0.000000000000000
 6 10.28634056438854 0.000000000000000
 7 10.46542622852877 0.000000000000000
 8 14.51921234005733 0.000000000000000
 9 14.80147185499734 0.000000000000000
 10 16.25163547059087 0.000000000000000
 11 17.95868481507005 0.000000000000000
 12 18.19003595183463 0.000000000000000

 spin=1 k-point=609/1284 Cartesian=0.03894808998566748 0.08994676095058736 -0.03838182236892639 (2470 plane wave)
 1 -2.024234200414280 0.001562500000000037
 2 1.249685498292287 0.001562499998868679
 3 5.582804820182906 3.277461018306427e-13
 4 7.673264730917015 0.000000000000000
 5 8.817765022832011 0.000000000000000
 6 10.96691129260232 0.000000000000000
 7 12.12825789590116 0.000000000000000
 8 14.96996960322706 0.000000000000000
 9 15.50890379204291 0.000000000000000
 10 16.41625248521754 0.000000000000000
 11 16.75684366170241 0.000000000000000
 12 18.51643902771081 0.000000000000000

 spin=1 k-point=610/1284 Cartesian=0.01947404499283394 0.07870341583176403 -0.03838182236892639 (2479 plane wave)
 1 -2.475539189496641 0.001562500000000037
 2 0.8028849441097590 0.001562499999987060
 3 5.169630095049794 2.041422987398864e-11
 4 8.408326790086040 0.000000000000000
 5 10.67401952007890 0.000000000000000
 6 11.71282573168851 0.000000000000000
 7 13.95559458478974 0.000000000000000
 8 14.39779897483226 0.000000000000000
 9 15.08127632734906 0.000000000000000
 10 16.34107541771361 0.000000000000000
 11 17.80320346846502 0.000000000000000
 12 18.51829949418745 0.000000000000000

 spin=1 k-point=611/1284 Cartesian=0.000000000000000 -0.04497338047529290 0.03838182236892686 (2470 plane wave)
 1 -3.152983427572323 0.001562500000000037
 2 0.1303013763900446 0.001562500000000021
 3 4.523457241433240 1.306842074651605e-08
 4 11.27037978281833 0.000000000000000
 5 13.15102245118836 0.000000000000000
 6 13.86688564876186 0.000000000000000
 7 14.28171446130995 0.000000000000000
 8 15.11447680308663 0.000000000000000
 9 16.45678291328830 0.000000000000000
 10 17.35948728021431 0.000000000000000
 11 18.02991214452329 0.000000000000000
 12 19.05932636846405 0.000000000000000

 spin=1 k-point=612/1284 Cartesian=0.01947404499283394 -0.03373003535646933 0.03838182236892686 (2466 plane wave)
 1 -3.228288603590025 0.001562500000000037
 2 0.05542565841947884 0.001562500000000029
 3 4.450501823432657 2.710570072661365e-08
 4 12.31142269421111 0.000000000000000
 5 12.36183849310978 0.000000000000000
 6 14.18155014396409 0.000000000000000
 7 15.49986766891212 0.000000000000000
 8 15.63889568496045 0.000000000000000
 9 16.12538372061025 0.000000000000000
 10 16.40666370830109 0.000000000000000
 11 19.10784182033978 0.000000000000000
 12 19.11780587361107 0.000000000000000

 spin=1 k-point=613/1284 Cartesian=0.03894808998566748 -0.02248669023764600 0.03838182236892686 (2470 plane wave)
 1 -3.152983427555731 0.001562500000000037
 2 0.1303013762620538 0.001562500000000021
 3 4.523457241852073 1.306842069178173e-08
 4 11.27037977922259 0.000000000000000
 5 13.15102245301962 0.000000000000000
 6 13.86688563621891 0.000000000000000
 7 14.28171446291196 0.000000000000000
 8 15.11447683907928 0.000000000000000
 9 16.45678291481117 0.000000000000000
 10 17.35948725872629 0.000000000000000
 11 18.02991214793774 0.000000000000000
 12 19.05932633346921 0.000000000000000

 spin=1 k-point=614/1284 Cartesian=0.05842213497850103 -0.01124334511882266 0.03838182236892686 (2470 plane wave)
 1 -2.927105386397812 0.001562500000000037
 2 0.3547858322214034 0.001562499999999890
 3 4.741450256591275 1.477387643806689e-09
 4 10.31599735802899 0.000000000000000
 5 11.45146424154374 0.000000000000000
 6 13.55351895872217 0.000000000000000
 7 14.36618332158592 0.000000000000000
 8 14.82847468145214 0.000000000000000
 9 15.48458529952908 0.000000000000000
 10 17.54241956649560 0.000000000000000
 11 17.89997756845689 0.000000000000000
 12 18.71374972478703 0.000000000000000

 spin=1 k-point=615/1284 Cartesian=0.07789617997133459 0.000000000000000 0.03838182236892686 (2470 plane wave)
 1 -2.550776043531772 0.001562500000000037
 2 0.7283593404781654 0.001562499999993878
 3 5.100594481129126 4.071467106238755e-11
 4 9.461012849073002 0.000000000000000
 5 9.534214372646616 0.000000000000000
 6 12.69817584854126 0.000000000000000
 7 12.87705388253609 0.000000000000000
 8 14.85006184771180 0.000000000000000
 9 16.53689271915733 0.000000000000000
 10 16.88790196632727 0.000000000000000
 11 17.38951061096670 0.000000000000000
 12 17.47025671750982 0.000000000000000

 spin=1 k-point=616/1284 Cartesian=0.09737022496416814 0.01124334511882402 0.03838182236892686 (2470 plane wave)
 1 -2.024234200372239 0.001562500000000037
 2 1.249685497892170 0.001562499998868680
 3 5.582804821268431 3.277460982728748e-13
 4 7.673264729976422 0.000000000000000
 5 8.817765023228514 0.000000000000000
 6 10.96691129389741 0.000000000000000
 7 12.12825789350461 0.000000000000000
 8 14.96996960655840 0.000000000000000
 9 15.50890378683973 0.000000000000000
 10 16.41625248916109 0.000000000000000
 11 16.75684366280830 0.000000000000000
 12 18.51643902568027 0.000000000000000

 spin=1 k-point=617/1284 Cartesian=0.1168442699570017 0.02248669023764735 0.03838182236892686 (2468 plane wave)
 1 -1.347918295794827 0.001562500000000037
 2 1.914593696260073 0.001562499126506138
 3 5.728747311770957 7.615829137844191e-14
 4 6.458695026904001 0.000000000000000
 5 8.241964991681725 0.000000000000000
 6 9.343876399566899 0.000000000000000
 7 11.58989591721284 0.000000000000000
 8 13.59260770637942 0.000000000000000
 9 15.41232662733180 0.000000000000000
 10 15.90690373898134 0.000000000000000
 11 16.74654137892963 0.000000000000000
 12 19.01266247306281 0.000000000000000

 spin=1 k-point=618/1284 Cartesian=0.1363183149498352 0.03373003535647069 0.03838182236892686 (2462 plane wave)
 1 -0.5226836757203395 0.001562500000000037
 2 2.697350654476309 0.001560311620969516
 3 4.345940397033999 7.711721802918740e-08
 4 6.975207761221252 0.000000000000000
 5 7.482390518459614 0.000000000000000
 6 8.308793191136793 0.000000000000000
 7 11.14977903230483 0.000000000000000
 8 12.15937210612334 0.000000000000000
 9 15.23046564019386 0.000000000000000
 10 15.55868860793900 0.000000000000000
 11 17.28218071702894 0.000000000000000
 12 18.75306476952123 0.000000000000000

 spin=1 k-point=619/1284 Cartesian=0.1557923599426688 0.04497338047529402 0.03838182236892686 (2456 plane wave)
 1 0.4494881880603159 0.001562499999999658
 2 2.756762836879757 0.001558540383236150
 3 3.846085536197772 1.134619480627284e-05
 4 6.100943248202324 1.842003208223437e-15
 5 7.537768435491216 0.000000000000000
 6 8.413797413033221 0.000000000000000
 7 10.45817125740949 0.000000000000000
 8 11.26389555821669 0.000000000000000
 9 15.05956275878346 0.000000000000000
 10 15.34861325126943 0.000000000000000
 11 17.94785256005153 0.000000000000000
 12 18.74307782255089 0.000000000000000

 spin=1 k-point=620/1284 Cartesian=0.1363183149498352 0.1236767963070574 -0.03838182236892639 (2448 plane wave)
 1 1.558082271931524 0.001562499975285624
 2 1.565976535104276 0.001562499973255527
 3 4.829266674928595 6.139213685547508e-10
 4 4.932461819783160 2.187469117151718e-10
 5 7.557565675512755 0.000000000000000
 6 9.185448442321126 0.000000000000000
 7 9.509449855535729 0.000000000000000
 8 11.09749360711471 0.000000000000000
 9 14.99714503917350 0.000000000000000
 10 15.27808812972199 0.000000000000000
 11 18.15179128124888 0.000000000000000
 12 19.46189046022042 0.000000000000000

 spin=1 k-point=621/1284 Cartesian=0.1168442699570017 0.1124334511882340 -0.03838182236892639 (2456 plane wave)
 1 0.4494881886365189 0.001562499999999658
 2 2.756762823965328 0.001558540383746216
 3 3.846085563773778 1.134619170016539e-05
 4 6.100943218102290 1.842003762667246e-15
 5 7.537768399070340 0.000000000000000
 6 8.413797499630199 0.000000000000000
 7 10.45817118621330 0.000000000000000
 8 11.26389559420697 0.000000000000000
 9 15.05956274964633 0.000000000000000
 10 15.34861326544086 0.000000000000000
 11 17.94785252246799 0.000000000000000
 12 18.74307786950677 0.000000000000000

 spin=1 k-point=622/1284 Cartesian=0.09737022496416814 0.1011901060694107 -0.03838182236892639 (2462 plane wave)
 1 -0.5226836755643796 0.001562500000000037
 2 2.697350648015862 0.001560311621110697
 3 4.345940420362638 7.711720003967623e-08
 4 6.975207692174197 0.000000000000000
 5 7.482390499778230 0.000000000000000
 6 8.308793288800732 0.000000000000000
 7 11.14977897777570 0.000000000000000
 8 12.15937213392961 0.000000000000000
 9 15.23046562388202 0.000000000000000
 10 15.55868863830408 0.000000000000000
 11 17.28218068283689 0.000000000000000
 12 18.75306479742030 0.000000000000000

 spin=1 k-point=623/1284 Cartesian=0.07789617997133459 0.08994676095058737 -0.03838182236892639 (2468 plane wave)
 1 -1.347918295778966 0.001562500000000037
 2 1.914593695501827 0.001562499126506145
 3 5.728747351696962 7.615826097147726e-14
 4 6.458694971692391 0.000000000000000
 5 8.241964978885523 0.000000000000000
 6 9.343876451125029 0.000000000000000
 7 11.58989588546007 0.000000000000000
 8 13.59260771457493 0.000000000000000
 9 15.41232662130571 0.000000000000000
 10 15.90690378209145 0.000000000000000
 11 16.74654132899883 0.000000000000000
 12 19.01266249019298 0.000000000000000

 spin=1 k-point=624/1284 Cartesian=0.05842213497850103 0.07870341583176403 -0.03838182236892639 (2470 plane wave)
 1 -2.024234200401725 0.001562500000000037
 2 1.249685498033949 0.001562499998868680
 3 5.582804824041935 3.277460891828212e-13
 4 7.673264720478092 0.000000000000000
 5 8.817765022911468 0.000000000000000
 6 10.96691132124308 0.000000000000000
 7 12.12825787019847 0.000000000000000
 8 14.96996958313950 0.000000000000000
 9 15.50890383823469 0.000000000000000
 10 16.41625251828023 0.000000000000000
 11 16.75684359265042 0.000000000000000
 12 18.51643903666592 0.000000000000000

 spin=1 k-point=625/1284 Cartesian=0.03894808998566748 0.06746007071294069 -0.03838182236892639 (2470 plane wave)
 1 -2.550776043569729 0.001562500000000037
 2 0.7283593407663999 0.001562499999993878
 3 5.100594480367984 4.071467137228426e-11
 4 9.461012855596270 0.000000000000000
 5 9.534214366947564 0.000000000000000
 6 12.69817584362818 0.000000000000000
 7 12.87705388825892 0.000000000000000
 8 14.85006184455048 0.000000000000000
 9 16.53689271322722 0.000000000000000
 10 16.88790197664285 0.000000000000000
 11 17.38951061396185 0.000000000000000
 12 17.47025671463181 0.000000000000000

 spin=1 k-point=626/1284 Cartesian=-0.01947404499283316 -0.05621672559411601 0.03838182236892686 (2470 plane wave)
 1 -2.927105386428488 0.001562500000000037
 2 0.3547858324592101 0.001562499999999890
 3 4.741450255802861 1.477387655454609e-09
 4 10.31599736180011 0.000000000000000
 5 11.45146424294293 0.000000000000000
 6 13.55351894263646 0.000000000000000
 7 14.36618333640209 0.000000000000000
 8 14.82847468647838 0.000000000000000
 9 15.48458526870166 0.000000000000000
 10 17.54241956703420 0.000000000000000
 11 17.89997765101318 0.000000000000000
 12 18.71374968499490 0.000000000000000

 spin=1 k-point=627/1284 Cartesian=0.000000000000000 -0.02248669023764622 0.03838182236892686 (2461 plane wave)
 1 -3.378918038554815 0.001562500000000037
 2 -0.09439981209060255 0.001562500000000035
 3 4.304119817859921 1.171560543709887e-07
 4 13.30442753044027 0.000000000000000
 5 13.99697454190076 0.000000000000000
 6 14.12639413201711 0.000000000000000
 7 15.25725881414356 0.000000000000000
 8 16.59954750610089 0.000000000000000
 9 16.68532612084892 0.000000000000000
 10 17.43184992308504 0.000000000000000
 11 17.64740122249224 0.000000000000000
 12 18.54855644168079 0.000000000000000

 spin=1 k-point=628/1284 Cartesian=0.01947404499283394 -0.01124334511882265 0.03838182236892686 (2461 plane wave)
 1 -3.378918038547710 0.001562500000000037
 2 -0.09439981213617239 0.001562500000000035
 3 4.304119817980249 1.171560542300280e-07
 4 13.30442752523870 0.000000000000000
 5 13.99697454675180 0.000000000000000
 6 14.12639413344083 0.000000000000000
 7 15.25725880641126 0.000000000000000
 8 16.59954750849020 0.000000000000000
 9 16.68532613491903 0.000000000000000
 10 17.43184992554575 0.000000000000000
 11 17.64740125464402 0.000000000000000
 12 18.54855645867346 0.000000000000000

 spin=1 k-point=629/1284 Cartesian=0.03894808998566748 0.000000000000000 0.03838182236892686 (2466 plane wave)
 1 -3.228288603581995 0.001562500000000037
 2 0.05542565834831448 0.001562500000000029
 3 4.450501823596722 2.710570068214335e-08
 4 12.31142269851743 0.000000000000000
 5 12.36183848588219 0.000000000000000
 6 14.18155014839401 0.000000000000000
 7 15.49986766253547 0.000000000000000
 8 15.63889569237240 0.000000000000000
 9 16.12538372197239 0.000000000000000
 10 16.40666370756519 0.000000000000000
 11 19.10784181642923 0.000000000000000
 12 19.11780586791577 0.000000000000000

 spin=1 k-point=630/1284 Cartesian=0.05842213497850103 0.01124334511882402 0.03838182236892686 (2470 plane wave)
 1 -2.927105386401419 0.001562500000000037
 2 0.3547858322515356 0.001562499999999890
 3 4.741450256311368 1.477387647941996e-09
 4 10.31599736016487 0.000000000000000
 5 11.45146424341870 0.000000000000000
 6 13.55351894427507 0.000000000000000
 7 14.36618333597046 0.000000000000000
 8 14.82847468504583 0.000000000000000
 9 15.48458527250987 0.000000000000000
 10 17.54241956197942 0.000000000000000
 11 17.89997765356156 0.000000000000000
 12 18.71374968783217 0.000000000000000

 spin=1 k-point=631/1284 Cartesian=0.07789617997133459 0.02248669023764736 0.03838182236892686 (2479 plane wave)
 1 -2.475539189464720 0.001562500000000037
 2 0.8028849438068603 0.001562499999987060
 3 5.169630095790971 2.041422972268290e-11
 4 8.408326789173703 0.000000000000000
 5 10.67401952003178 0.000000000000000
 6 11.71282573312858 0.000000000000000
 7 13.95559458518494 0.000000000000000
 8 14.39779896850429 0.000000000000000
 9 15.08127633266792 0.000000000000000
 10 16.34107541862241 0.000000000000000
 11 17.80320347167072 0.000000000000000
 12 18.51829949199284 0.000000000000000

 spin=1 k-point=632/1284 Cartesian=0.09737022496416814 0.03373003535647069 0.03838182236892686 (2472 plane wave)
 1 -1.873908473205776 0.001562500000000037
 2 1.397527778628265 0.001562499995037876
 3 5.669103841603812 1.382756011468274e-13
 4 6.708046183062796 0.000000000000000
 5 9.717896704588625 0.000000000000000
 6 10.30835094092313 0.000000000000000
 7 13.31898325963633 0.000000000000000
 8 13.84948825849314 0.000000000000000
 9 14.32411328140776 0.000000000000000
 10 15.93513180448920 0.000000000000000
 11 17.19299291509175 0.000000000000000
 12 18.12445511960948 0.000000000000000

 spin=1 k-point=633/1284 Cartesian=0.1168442699570017 0.04497338047529403 0.03838182236892686 (2468 plane wave)
 1 -1.122811126464472 0.001562500000000037
 2 2.129762680321217 0.001562492488524033
 3 4.892052846896179 3.276693974316346e-10
 4 6.554508620645162 0.000000000000000
 5 8.231451066736639 0.000000000000000
 6 9.747109127268395 0.000000000000000
 7 12.37941687824239 0.000000000000000
 8 13.13254439780601 0.000000000000000
 9 13.63678066911628 0.000000000000000
 10 16.37907501334771 0.000000000000000
 11 16.77323233303712 0.000000000000000
 12 17.82192334878211 0.000000000000000

 spin=1 k-point=634/1284 Cartesian=0.1363183149498352 0.05621672559411737 0.03838182236892686 (2454 plane wave)
 1 -0.2235052868248176 0.001562500000000036
 2 2.860909728857469 0.001551332797678213
 3 3.597118980546143 0.0001266359394245671
 4 6.569903414592168 0.000000000000000
 5 7.578932993195082 0.000000000000000
 6 9.423638435268517 0.000000000000000
 7 11.06432577337545 0.000000000000000
 8 12.76461430943458 0.000000000000000
 9 13.32081616803009 0.000000000000000
 10 16.37950002037481 0.000000000000000
 11 16.89167785451368 0.000000000000000
 12 17.93455616658865 0.000000000000000

 spin=1 k-point=635/1284 Cartesian=0.1557923599426688 0.06746007071294069 0.03838182236892686 (2449 plane wave)
 1 0.8206143150379978 0.001562499999984543
 2 1.993636566609105 0.001562498074522343
 3 4.164690353145011 4.722811711846554e-07
 4 5.324190073578362 4.351984930471161e-12
 5 8.451139571250367 0.000000000000000
 6 9.218481002316043 0.000000000000000
 7 9.892283097775289 0.000000000000000
 8 12.60101112699939 0.000000000000000
 9 13.16977987206088 0.000000000000000
 10 16.24192774599885 0.000000000000000
 11 16.95363208584238 0.000000000000000
 12 18.66062866285889 0.000000000000000

 spin=1 k-point=636/1284 Cartesian=0.1363183149498352 0.1011901060694107 -0.03838182236892639 (2449 plane wave)
 1 0.8206143161789177 0.001562499999984543
 2 1.993636561849576 0.001562498074522435
 3 4.164690372374068 4.722810803968744e-07
 4 5.324190052279298 4.351985857403538e-12
 5 8.451139551940347 0.000000000000000
 6 9.218481071295638 0.000000000000000
 7 9.892283053210283 0.000000000000000
 8 12.60101112891040 0.000000000000000
 9 13.16977986936196 0.000000000000000
 10 16.24192774349791 0.000000000000000
 11 16.95363208863334 0.000000000000000
 12 18.66062868383354 0.000000000000000

 spin=1 k-point=637/1284 Cartesian=0.1168442699570017 0.08994676095058737 -0.03838182236892639 (2454 plane wave)
 1 -0.2235052864778535 0.001562500000000036
 2 2.860909706935610 0.001551332800108776
 3 3.597119016808310 0.0001266358972253816
 4 6.569903362439814 0.000000000000000
 5 7.578933018508969 0.000000000000000
 6 9.423638473643960 0.000000000000000
 7 11.06432574529286 0.000000000000000
 8 12.76461431685437 0.000000000000000
 9 13.32081615817724 0.000000000000000
 10 16.37950000620804 0.000000000000000
 11 16.89167787377432 0.000000000000000
 12 17.93455617946933 0.000000000000000

 spin=1 k-point=638/1284 Cartesian=0.09737022496416814 0.07870341583176405 -0.03838182236892639 (2468 plane wave)
 1 -1.122811126370172 0.001562500000000037
 2 2.129762677590576 0.001562492488524238
 3 4.892052872261395 3.276693143175945e-10
 4 6.554508572560174 0.000000000000000
 5 8.231451078469194 0.000000000000000
 6 9.747109159239605 0.000000000000000
 7 12.37941685393895 0.000000000000000
 8 13.13254442277481 0.000000000000000
 9 13.63678064223180 0.000000000000000
 10 16.37907498215221 0.000000000000000
 11 16.77323237998812 0.000000000000000
 12 17.82192334985000 0.000000000000000

 spin=1 k-point=639/1284 Cartesian=0.07789617997133459 0.06746007071294070 -0.03838182236892639 (2472 plane wave)
 1 -1.873908473201293 0.001562500000000037
 2 1.397527778200306 0.001562499995037876
 3 5.669103860383303 1.382755751793703e-13
 4 6.708046155026827 0.000000000000000
 5 9.717896681520518 0.000000000000000
 6 10.30835098818479 0.000000000000000
 7 13.31898323839837 0.000000000000000
 8 13.84948830597667 0.000000000000000
 9 14.32411323087602 0.000000000000000
 10 15.93513179616693 0.000000000000000
 11 17.19299294195828 0.000000000000000
 12 18.12445511504812 0.000000000000000

 spin=1 k-point=640/1284 Cartesian=0.05842213497850103 0.05621672559411736 -0.03838182236892639 (2479 plane wave)
 1 -2.475539189489143 0.001562500000000037
 2 0.8028849438786227 0.001562499999987060
 3 5.169630097116669 2.041422945205189e-11
 4 8.408326783033697 0.000000000000000
 5 10.67401951077460 0.000000000000000
 6 11.71282575918876 0.000000000000000
 7 13.95559457231505 0.000000000000000
 8 14.39779897504158 0.000000000000000
 9 15.08127634283959 0.000000000000000
 10 16.34107538120908 0.000000000000000
 11 17.80320350534446 0.000000000000000
 12 18.51829946467592 0.000000000000000

 spin=1 k-point=641/1284 Cartesian=-0.03894808998566670 -0.04497338047529267 0.03838182236892686 (2470 plane wave)
 1 -2.927105386429201 0.001562500000000037
 2 0.3547858324137974 0.001562499999999890
 3 4.741450256085415 1.477387651280204e-09
 4 10.31599735838808 0.000000000000000
 5 11.45146424280359 0.000000000000000
 6 13.55351895975648 0.000000000000000
 7 14.36618331616506 0.000000000000000
 8 14.82847468097895 0.000000000000000
 9 15.48458530117255 0.000000000000000
 10 17.54241957148141 0.000000000000000
 11 17.89997757290499 0.000000000000000
 12 18.71374971960526 0.000000000000000

 spin=1 k-point=642/1284 Cartesian=-0.01947404499283316 -0.03373003535646933 0.03838182236892686 (2466 plane wave)
 1 -3.228288603601855 0.001562500000000037
 2 0.05542565847341102 0.001562500000000029
 3 4.450501823285776 2.710570076642626e-08
 4 12.31142270706529 0.000000000000000
 5 12.36183848022253 0.000000000000000
 6 14.18155014423335 0.000000000000000
 7 15.49986766115780 0.000000000000000
 8 15.63889569381821 0.000000000000000
 9 16.12538371534127 0.000000000000000
 10 16.40666371377885 0.000000000000000
 11 19.10784181927911 0.000000000000000
 12 19.11780587165551 0.000000000000000

 spin=1 k-point=643/1284 Cartesian=0.000000000000000 0.000000000000000 0.05757273355338881 (2448 plane wave)
 1 -3.179885109392395 0.001562500000000037
 2 -0.9882687819385920 0.001562500000000037
 3 5.590657736312475 3.029931046523090e-13
 4 12.05936390124368 0.000000000000000
 5 15.32738331861940 0.000000000000000
 6 15.32738333150994 0.000000000000000
 7 15.79881422804455 0.000000000000000
 8 15.79881424094227 0.000000000000000
 9 17.13413348964841 0.000000000000000
 10 17.33975476251705 0.000000000000000
 11 17.53741329120010 0.000000000000000
 12 17.53741330314391 0.000000000000000

 spin=1 k-point=644/1284 Cartesian=0.01947404499283394 0.01124334511882356 0.05757273355338881 (2466 plane wave)
 1 -3.104588018207668 0.001562500000000037
 2 -0.9132214937479348 0.001562500000000037
 3 5.663277207905440 1.465717624499754e-13
 4 12.10043683921020 0.000000000000000
 5 13.69249864535912 0.000000000000000
 6 14.40237103559040 0.000000000000000
 7 15.34965705028185 0.000000000000000
 8 15.99007714320896 0.000000000000000
 9 16.60604457960235 0.000000000000000
 10 16.87686785029675 0.000000000000000
 11 17.33596042632734 0.000000000000000
 12 18.58418551821946 0.000000000000000

 spin=1 k-point=645/1284 Cartesian=0.03894808998566748 0.02248669023764690 0.05757273355338881 (2471 plane wave)
 1 -2.878738168908243 0.001562500000000037
 2 -0.6881797366920728 0.001562500000000037
 3 5.879848298282001 1.680713872672221e-14
 4 11.47091118826891 0.000000000000000
 5 12.41949945468082 0.000000000000000
 6 13.42705162215321 0.000000000000000
 7 13.64168428051652 0.000000000000000
 8 14.87834131798576 0.000000000000000
 9 15.63254584717312 0.000000000000000
 10 16.71623931629658 0.000000000000000
 11 18.30496383289574 0.000000000000000
 12 19.70769200839748 0.000000000000000

 spin=1 k-point=646/1284 Cartesian=0.05842213497850103 0.03373003535647023 0.05757273355338881 (2467 plane wave)
 1 -2.502471636606994 0.001562500000000037
 2 -0.3135000013324827 0.001562500000000036
 3 6.233639692876083 0.000000000000000
 4 9.554155558309040 0.000000000000000
 5 11.67972241179361 0.000000000000000
 6 12.59588870204538 0.000000000000000
 7 12.65430646104048 0.000000000000000
 8 14.15551086464315 0.000000000000000
 9 14.80202841424739 0.000000000000000
 10 15.96767876753122 0.000000000000000
 11 18.53594119194268 0.000000000000000
 12 19.89216297806435 0.000000000000000

 spin=1 k-point=647/1284 Cartesian=0.07789617997133459 0.04497338047529358 0.05757273355338881 (2472 plane wave)
 1 -1.976063569821329 0.001562500000000037
 2 0.2099510554526998 0.001562500000000002
 3 6.669349872492815 0.000000000000000
 4 7.771006277725130 0.000000000000000
 5 9.870746678229590 0.000000000000000
 6 11.91452593462562 0.000000000000000
 7 12.78102269379789 0.000000000000000
 8 13.80409217510755 0.000000000000000
 9 14.12111374283120 0.000000000000000
 10 15.23661484003003 0.000000000000000
 11 16.90742697649638 0.000000000000000
 12 20.74854007506253 0.000000000000000

 spin=1 k-point=648/1284 Cartesian=0.09737022496416814 0.05621672559411691 0.05757273355338881 (2469 plane wave)
 1 -1.300046313519151 0.001562500000000037
 2 0.8797969440502782 0.001562499999972034
 3 5.898362213359542 1.396654077136105e-14
 4 7.381258713113944 0.000000000000000
 5 8.280714619952247 0.000000000000000
 6 11.38413983108204 0.000000000000000
 7 12.53843681943149 0.000000000000000
 8 13.59103434115715 0.000000000000000
 9 13.94799855207241 0.000000000000000
 10 14.42768297196328 0.000000000000000
 11 15.77910253579889 0.000000000000000
 12 20.22879969115939 0.000000000000000

 spin=1 k-point=649/1284 Cartesian=0.1168442699570017 0.06746007071294025 0.05757273355338881 (2468 plane wave)
 1 -0.4755575580332102 0.001562500000000037
 2 1.685982558655597 0.001562499911199765
 3 4.383772032137238 5.282717196783004e-08
 4 6.498266396299685 0.000000000000000
 5 8.368328953762685 0.000000000000000
 6 11.00513415451518 0.000000000000000
 7 12.14011411130875 0.000000000000000
 8 13.13912188915006 0.000000000000000
 9 13.21222824329252 0.000000000000000
 10 14.36827686314928 0.000000000000000
 11 15.57794881600576 0.000000000000000
 12 19.67055489262864 0.000000000000000

 spin=1 k-point=650/1284 Cartesian=0.1363183149498352 0.07870341583176359 0.05757273355338881 (2453 plane wave)
 1 0.4942976347311814 0.001562499999999444
 2 2.455786768506754 0.001562304305803176
 3 3.171533122993058 0.001346065626600848
 4 5.120023228520703 3.352532015791780e-11
 5 9.265692138108845 0.000000000000000
 6 10.77768092357542 0.000000000000000
 7 11.40113933152168 0.000000000000000
 8 12.40642849323143 0.000000000000000
 9 12.98488773469761 0.000000000000000
 10 14.31817396627356 0.000000000000000
 11 16.20871636619673 0.000000000000000
 12 18.39387183177223 0.000000000000000

 spin=1 k-point=651/1284 Cartesian=0.1557923599426688 0.08994676095058692 0.05757273355338881 (2442 plane wave)
 1 1.591508818122831 0.001562499965476127
 2 1.598407391042601 0.001562499963010398
 3 3.855454917733986 1.033812237909930e-05
 4 3.905849461205394 6.262098137625394e-06
 5 10.26747391197647 0.000000000000000
 6 10.35881530910732 0.000000000000000
 7 10.70185590148494 0.000000000000000
 8 12.24896659289945 0.000000000000000
 9 12.90909918736343 0.000000000000000
 10 14.27149261260350 0.000000000000000
 11 17.06538130052336 0.000000000000000
 12 17.35638866518936 0.000000000000000

 spin=1 k-point=652/1284 Cartesian=0.1363183149498352 0.07870341583176359 -0.05757273355338832 (2453 plane wave)
 1 0.4942976358780165 0.001562499999999444
 2 2.455786745672092 0.001562304305847856
 3 3.171533157826104 0.001346065561653106
 4 5.120023210452803 3.352532621524082e-11
 5 9.265692132842778 0.000000000000000
 6 10.77768092357015 0.000000000000000
 7 11.40113940851558 0.000000000000000
 8 12.40642841738645 0.000000000000000
 9 12.98488773467727 0.000000000000000
 10 14.31817394584419 0.000000000000000
 11 16.20871642155605 0.000000000000000
 12 18.39387179847813 0.000000000000000

 spin=1 k-point=653/1284 Cartesian=0.1168442699570017 0.06746007071294025 -0.05757273355338832 (2468 plane wave)
 1 -0.4755575576987111 0.001562500000000037
 2 1.685982555447092 0.001562499911199768
 3 4.383772049878059 5.282716259617114e-08
 4 6.498266361984737 0.000000000000000
 5 8.368328967927420 0.000000000000000
 6 11.00513415453487 0.000000000000000
 7 12.14011422134485 0.000000000000000
 8 13.13912177052428 0.000000000000000
 9 13.21222824328960 0.000000000000000
 10 14.36827679166180 0.000000000000000
 11 15.57794892066732 0.000000000000000
 12 19.67055485630785 0.000000000000000

 spin=1 k-point=654/1284 Cartesian=0.09737022496416814 0.05621672559411691 -0.05757273355338832 (2469 plane wave)
 1 -1.300046313447516 0.001562500000000037
 2 0.8797969433834973 0.001562499999972034
 3 5.898362242324570 1.396653672594824e-14
 4 7.381258624963898 0.000000000000000
 5 8.280714676304482 0.000000000000000
 6 11.38413983108897 0.000000000000000
 7 12.53843689607523 0.000000000000000
 8 13.59103434107440 0.000000000000000
 9 13.94799853891913 0.000000000000000
 10 14.42768280517833 0.000000000000000
 11 15.77910265718880 0.000000000000000
 12 20.22879969218505 0.000000000000000

 spin=1 k-point=655/1284 Cartesian=-0.07789617997133380 -0.04497338047529312 0.05757273355338881 (2472 plane wave)
 1 -1.976063569839927 0.001562500000000037
 2 0.2099510553881335 0.001562500000000002
 3 6.669349892476691 0.000000000000000
 4 7.771006239551228 0.000000000000000
 5 9.870746693799378 0.000000000000000
 6 11.91452593467550 0.000000000000000
 7 12.78102274006977 0.000000000000000
 8 13.80409216171978 0.000000000000000
 9 14.12111374271398 0.000000000000000
 10 15.23661475739605 0.000000000000000
 11 16.90742703993146 0.000000000000000
 12 20.74854007854942 0.000000000000000

 spin=1 k-point=656/1284 Cartesian=-0.05842213497850025 -0.03373003535646978 0.05757273355338881 (2467 plane wave)
 1 -2.502471636649301 0.001562500000000037
 2 -0.3135000012413369 0.001562500000000036
 3 6.233639694153126 0.000000000000000
 4 9.554155547022942 0.000000000000000
 5 11.67972242477603 0.000000000000000
 6 12.59588870210036 0.000000000000000
 7 12.65430646385184 0.000000000000000
 8 14.15551088164126 0.000000000000000
 9 14.80202841405722 0.000000000000000
 10 15.96767872921071 0.000000000000000
 11 18.53594121316520 0.000000000000000
 12 19.89216297887837 0.000000000000000

 spin=1 k-point=657/1284 Cartesian=-0.03894808998566670 -0.02248669023764645 0.05757273355338881 (2471 plane wave)
 1 -2.878738168946423 0.001562500000000037
 2 -0.6881797365901962 0.001562500000000037
 3 5.879848298055603 1.680713876477319e-14
 4 11.47091118048935 0.000000000000000
 5 12.41949947296512 0.000000000000000
 6 13.42705162218093 0.000000000000000
 7 13.64168425504067 0.000000000000000
 8 14.87834134941025 0.000000000000000
 9 15.63254584677918 0.000000000000000
 10 16.71623930577725 0.000000000000000
 11 18.30496383318864 0.000000000000000
 12 19.70769190630640 0.000000000000000

 spin=1 k-point=658/1284 Cartesian=-0.01947404499283316 -0.01124334511882311 0.05757273355338881 (2466 plane wave)
 1 -3.104588018228978 0.001562500000000037
 2 -0.9132214936876947 0.001562500000000037
 3 5.663277207664601 1.465717628029787e-13
 4 12.10043684088967 0.000000000000000
 5 13.69249864642187 0.000000000000000
 6 14.40237103571380 0.000000000000000
 7 15.34965702328742 0.000000000000000
 8 15.99007717135595 0.000000000000000
 9 16.60604457708683 0.000000000000000
 10 16.87686785257147 0.000000000000000
 11 17.33596045489037 0.000000000000000
 12 18.58418548803376 0.000000000000000

 spin=1 k-point=659/1284 Cartesian=0.000000000000000 0.02248669023764713 0.05757273355338881 (2466 plane wave)
 1 -3.104588018209583 0.001562500000000037
 2 -0.9132214937387931 0.001562500000000037
 3 5.663277207923233 1.465717624238964e-13
 4 12.10043683848916 0.000000000000000
 5 13.69249864962268 0.000000000000000
 6 14.40237103239890 0.000000000000000
 7 15.34965702649557 0.000000000000000
 8 15.99007717496267 0.000000000000000
 9 16.60604457433850 0.000000000000000
 10 16.87686785174455 0.000000000000000
 11 17.33596045657085 0.000000000000000
 12 18.58418548421592 0.000000000000000

 spin=1 k-point=660/1284 Cartesian=0.01947404499283394 0.03373003535647069 0.05757273355338881 (2475 plane wave)
 1 -2.954014192494820 0.001562500000000037
 2 -0.7631753762196097 0.001562500000000037
 3 5.807935378977081 3.449909492282945e-14
 4 12.06700322253538 0.000000000000000
 5 12.62629311201971 0.000000000000000
 6 12.88088777239681 0.000000000000000
 7 14.80273422661279 0.000000000000000
 8 14.88736975532404 0.000000000000000
 9 16.25814558290697 0.000000000000000
 10 16.59878527012899 0.000000000000000
 11 18.43525209400020 0.000000000000000
 12 18.64087134184408 0.000000000000000

 spin=1 k-point=661/1284 Cartesian=0.03894808998566748 0.04497338047529403 0.05757273355338881 (2474 plane wave)
 1 -2.652952785618218 0.001562500000000037
 2 -0.4632988559218490 0.001562500000000037
 3 6.094063055597524 1.973198090068638e-15
 4 10.56214570242375 0.000000000000000
 5 11.66389317958180 0.000000000000000
 6 12.48693431913584 0.000000000000000
 7 13.03846299490503 0.000000000000000
 8 14.00543960931384 0.000000000000000
 9 15.62964841028916 0.000000000000000
 10 17.46606497709304 0.000000000000000
 11 18.09414010807152 0.000000000000000
 12 19.37496068882139 0.000000000000000

 spin=1 k-point=662/1284 Cartesian=0.05842213497850103 0.05621672559411736 0.05757273355338881 (2477 plane wave)
 1 -2.201601995702636 0.001562500000000037
 2 -0.01415445071944007 0.001562500000000033
 3 6.505576565750963 0.000000000000000
 4 8.680310600559455 0.000000000000000
 5 10.67026663419807 0.000000000000000
 6 11.16054319571916 0.000000000000000
 7 12.95367878390382 0.000000000000000
 8 13.39358305635950 0.000000000000000
 9 14.93601615086209 0.000000000000000
 10 16.77741471549089 0.000000000000000
 11 17.83393198607134 0.000000000000000
 12 19.42418749577715 0.000000000000000

 spin=1 k-point=663/1284 Cartesian=0.07789617997133459 0.06746007071294070 0.05757273355338881 (2466 plane wave)
 1 -1.600344451072761 0.001562500000000037
 2 0.5828595706215113 0.001562499999998599
 3 6.648932922910773 0.000000000000000
 4 7.311107417325934 0.000000000000000
 5 9.049696656761887 0.000000000000000
 6 10.46393538088202 0.000000000000000
 7 12.57682554745459 0.000000000000000
 8 13.56910615196167 0.000000000000000
 9 14.37247256984643 0.000000000000000
 10 15.69494248499406 0.000000000000000
 11 16.76046373576121 0.000000000000000
 12 19.25723842601970 0.000000000000000

 spin=1 k-point=664/1284 Cartesian=0.09737022496416814 0.07870341583176405 0.05757273355338881 (2472 plane wave)
 1 -0.8499448819831688 0.001562500000000037
 2 1.323236976678280 0.001562499997639396
 3 5.183421395360742 1.778435548168689e-11
 4 7.220787779637067 0.000000000000000
 5 8.076535755187324 0.000000000000000
 6 10.01265442663924 0.000000000000000
 7 12.13451695748273 0.000000000000000
 8 13.56708538373479 0.000000000000000
 9 13.80831044614941 0.000000000000000
 10 15.00932268599870 0.000000000000000
 11 16.23819526639952 0.000000000000000
 12 18.82482145417761 0.000000000000000

 spin=1 k-point=665/1284 Cartesian=0.1168442699570017 0.08994676095058737 0.05757273355338881 (2460 plane wave)
 1 0.04779489555447602 0.001562500000000030
 2 2.176827553409133 0.001562487973916225
 3 3.746871166354071 3.022830471832823e-05
 4 5.849936367540801 2.266729419163413e-14
 5 8.776235547757812 0.000000000000000
 6 9.749983007290341 0.000000000000000
 7 11.76230441793295 0.000000000000000
 8 12.50557525855167 0.000000000000000
 9 13.53726560087364 0.000000000000000
 10 15.34758917440407 0.000000000000000
 11 16.11082180020914 0.000000000000000
 12 18.43711722279818 0.000000000000000

 spin=1 k-point=666/1284 Cartesian=0.1363183149498352 0.1011901060694107 0.05757273355338881 (2449 plane wave)
 1 1.086804877714870 0.001562499999778106
 2 2.215572396696773 0.001562482283031985
 3 3.409670679560363 0.0005703144504307655
 4 4.532902541013731 1.189057922477832e-08
 5 9.335930919720983 0.000000000000000
 6 9.997706951905888 0.000000000000000
 7 11.01988697377728 0.000000000000000
 8 11.88718609525391 0.000000000000000
 9 13.40520434182798 0.000000000000000
 10 15.47265505494076 0.000000000000000
 11 16.70044044350463 0.000000000000000
 12 17.75322256140211 0.000000000000000

 spin=1 k-point=667/1284 Cartesian=0.1557923599426688 0.1124334511882340 0.05757273355338881 (2449 plane wave)
 1 1.086804879842025 0.001562499999778106
 2 2.215572384855567 0.001562482283034083
 3 3.409670703527713 0.0005703143636332367
 4 4.532902524546102 1.189058118286048e-08
 5 9.335930883644902 0.000000000000000
 6 9.997707033936919 0.000000000000000
 7 11.01988691313510 0.000000000000000
 8 11.88718611603232 0.000000000000000
 9 13.40520433710108 0.000000000000000
 10 15.47265503302051 0.000000000000000
 11 16.70044049866510 0.000000000000000
 12 17.75322252295074 0.000000000000000

 spin=1 k-point=668/1284 Cartesian=0.1363183149498352 0.05621672559411737 -0.05757273355338832 (2460 plane wave)
 1 0.04779489613572421 0.001562500000000030
 2 2.176827545561941 0.001562487973917169
 3 3.746871187033422 3.022829858824285e-05
 4 5.849936344648079 2.266729938079658e-14
 5 8.776235526519059 0.000000000000000
 6 9.749983068357068 0.000000000000000
 7 11.76230435967439 0.000000000000000
 8 12.50557530554537 0.000000000000000
 9 13.53726558162523 0.000000000000000
 10 15.34758909718803 0.000000000000000
 11 16.11082190080686 0.000000000000000
 12 18.43711719757479 0.000000000000000

 spin=1 k-point=669/1284 Cartesian=0.1168442699570017 0.04497338047529403 -0.05757273355338832 (2472 plane wave)
 1 -0.8499448818428097 0.001562500000000037
 2 1.323236975291088 0.001562499997639396
 3 5.183421415269632 1.778435194101859e-11
 4 7.220787709880629 0.000000000000000
 5 8.076535792622215 0.000000000000000
 6 10.01265446502056 0.000000000000000
 7 12.13451692359414 0.000000000000000
 8 13.56708547052829 0.000000000000000
 9 13.80831039164515 0.000000000000000
 10 15.00932259590960 0.000000000000000
 11 16.23819535042014 0.000000000000000
 12 18.82482144034180 0.000000000000000

 spin=1 k-point=670/1284 Cartesian=-0.09737022496416733 -0.03373003535646932 0.05757273355338881 (2466 plane wave)
 1 -1.600344451079275 0.001562500000000037
 2 0.5828595703908765 0.001562499999998599
 3 6.648932977958260 0.000000000000000
 4 7.311107333349264 0.000000000000000
 5 9.049696672457879 0.000000000000000
 6 10.46393541735681 0.000000000000000
 7 12.57682551611054 0.000000000000000
 8 13.56910616092470 0.000000000000000
 9 14.37247260774944 0.000000000000000
 10 15.69494237067735 0.000000000000000
 11 16.76046382421613 0.000000000000000
 12 19.25723841180715 0.000000000000000

 spin=1 k-point=671/1284 Cartesian=-0.07789617997133380 -0.02248669023764599 0.05757273355338881 (2477 plane wave)
 1 -2.201601995752471 0.001562500000000037
 2 -0.01415445065268043 0.001562500000000033
 3 6.505576570000348 0.000000000000000
 4 8.680310583646872 0.000000000000000
 5 10.67026661134311 0.000000000000000
 6 11.16054325734417 0.000000000000000
 7 12.95367873759561 0.000000000000000
 8 13.39358307396984 0.000000000000000
 9 14.93601617692096 0.000000000000000
 10 16.77741464469676 0.000000000000000
 11 17.83393204002499 0.000000000000000
 12 19.42418743590784 0.000000000000000

 spin=1 k-point=672/1284 Cartesian=-0.05842213497850025 -0.01124334511882266 0.05757273355338881 (2474 plane wave)
 1 -2.652952785670059 0.001562500000000037
 2 -0.4632988558002327 0.001562500000000037
 3 6.094063055405749 1.973198093852762e-15
 4 10.56214569505097 0.000000000000000
 5 11.66389318153631 0.000000000000000
 6 12.48693435633463 0.000000000000000
 7 13.03846296072430 0.000000000000000
 8 14.00543960906199 0.000000000000000
 9 15.62964842869937 0.000000000000000
 10 17.46606498034859 0.000000000000000
 11 18.09414004188456 0.000000000000000
 12 19.37496073239904 0.000000000000000

 spin=1 k-point=673/1284 Cartesian=-0.03894808998566670 0.000000000000000 0.05757273355338881 (2475 plane wave)
 1 -2.954014192530813 0.001562500000000037
 2 -0.7631753761266272 0.001562500000000037
 3 5.807935378522792 3.449909507955519e-14
 4 12.06700322703081 0.000000000000000
 5 12.62629311768313 0.000000000000000
 6 12.88088776246628 0.000000000000000
 7 14.80273423307341 0.000000000000000
 8 14.88736974954791 0.000000000000000
 9 16.25814557994872 0.000000000000000
 10 16.59878526922910 0.000000000000000
 11 18.43525209964094 0.000000000000000
 12 18.64087134041482 0.000000000000000

 spin=1 k-point=674/1284 Cartesian=-0.01947404499283316 0.01124334511882402 0.05757273355338881 (2466 plane wave)
 1 -3.104588018222278 0.001562500000000037
 2 -0.9132214937053982 0.001562500000000037
 3 5.663277207744809 1.465717626854161e-13
 4 12.10043684047981 0.000000000000000
 5 13.69249864583743 0.000000000000000
 6 14.40237103376364 0.000000000000000
 7 15.34965704864273 0.000000000000000
 8 15.99007714491547 0.000000000000000
 9 16.60604457772255 0.000000000000000
 10 16.87686785251333 0.000000000000000
 11 17.33596042249889 0.000000000000000
 12 18.58418552085501 0.000000000000000

 spin=1 k-point=675/1284 Cartesian=0.000000000000000 0.04497338047529380 0.05757273355338881 (2471 plane wave)
 1 -2.878738168904624 0.001562500000000037
 2 -0.6881797366911060 0.001562500000000037
 3 5.879848298637913 1.680713866690348e-14
 4 11.47091117730856 0.000000000000000
 5 12.41949947531501 0.000000000000000
 6 13.42705161946688 0.000000000000000
 7 13.64168425500881 0.000000000000000
 8 14.87834135553419 0.000000000000000
 9 15.63254584437339 0.000000000000000
 10 16.71623930563998 0.000000000000000
 11 18.30496383214052 0.000000000000000
 12 19.70769190513491 0.000000000000000

 spin=1 k-point=676/1284 Cartesian=0.01947404499283394 0.05621672559411736 0.05757273355338881 (2474 plane wave)
 1 -2.652952785608961 0.001562500000000037
 2 -0.4632988559437699 0.001562500000000037
 3 6.094063056257378 1.973198077048418e-15
 4 10.56214569425944 0.000000000000000
 5 11.66389317822497 0.000000000000000
 6 12.48693435702792 0.000000000000000
 7 13.03846296283077 0.000000000000000
 8 14.00543960764302 0.000000000000000
 9 15.62964843151884 0.000000000000000
 10 17.46606498291479 0.000000000000000
 11 18.09414003638275 0.000000000000000
 12 19.37496073331765 0.000000000000000

 spin=1 k-point=677/1284 Cartesian=0.03894808998566748 0.06746007071294069 0.05757273355338881 (2475 plane wave)
 1 -2.276797983183721 0.001562500000000037
 2 -0.08890811681862754 0.001562500000000035
 3 6.443142558731060 0.000000000000000
 4 9.707618944201970 0.000000000000000
 5 9.796765938125080 0.000000000000000
 6 11.84416217871786 0.000000000000000
 7 12.08595089442468 0.000000000000000
 8 13.18382863479857 0.000000000000000
 9 16.89706685605114 0.000000000000000
 10 17.25177615477553 0.000000000000000
 11 18.22332008343601 0.000000000000000
 12 18.69131229418912 0.000000000000000

 spin=1 k-point=678/1284 Cartesian=0.05842213497850103 0.07870341583176403 0.05757273355338881 (2469 plane wave)
 1 -1.750555568174997 0.001562500000000037
 2 0.4340910098312252 0.001562499999999712
 3 6.874672959262901 0.000000000000000
 4 7.968481294711359 0.000000000000000
 5 9.048495348888869 0.000000000000000
 6 10.20759954756806 0.000000000000000
 7 11.33144585067512 0.000000000000000
 8 13.59625437268703 0.000000000000000
 9 16.25516478065245 0.000000000000000
 10 16.96657005373245 0.000000000000000
 11 17.79077090708493 0.000000000000000
 12 18.48113990091866 0.000000000000000

 spin=1 k-point=679/1284 Cartesian=0.07789617997133459 0.08994676095058737 0.05757273355338881 (2469 plane wave)
 1 -1.074767272056634 0.001562500000000037
 2 1.103271806043545 0.001562499999738379
 3 6.119458562873125 1.530662253949081e-15
 4 7.565022741989523 0.000000000000000
 5 8.190457055710326 0.000000000000000
 6 8.955433794352814 0.000000000000000
 7 10.81887329057724 0.000000000000000
 8 14.07750092031851 0.000000000000000
 9 15.02668727415877 0.000000000000000
 10 16.20165359803147 0.000000000000000
 11 17.28511936881465 0.000000000000000
 12 18.35988599287975 0.000000000000000

 spin=1 k-point=680/1284 Cartesian=0.09737022496416814 0.1011901060694107 0.05757273355338881 (2459 plane wave)
 1 -0.2505809152845405 0.001562500000000036
 2 1.908583247508954 0.001562499177460397
 3 4.604647655084781 5.802558869698083e-09
 4 6.698737223800075 0.000000000000000
 5 8.015253877082106 0.000000000000000
 6 8.812506186743979 0.000000000000000
 7 10.46490696207911 0.000000000000000
 8 13.33020280884113 0.000000000000000
 9 14.91908994210023 0.000000000000000
 10 15.92080323551096 0.000000000000000
 11 16.92710571170666 0.000000000000000
 12 18.03942427355685 0.000000000000000

 spin=1 k-point=681/1284 Cartesian=0.1168442699570017 0.1124334511882340 0.05757273355338881 (2455 plane wave)
 1 0.7188997097890685 0.001562499999994434
 2 2.679419238685201 0.001560670437554483
 3 3.390466082068129 0.0006414904011392878
 4 5.330671783141821 4.078849386546979e-12
 5 7.929994660453994 0.000000000000000
 6 9.462645228498165 0.000000000000000
 7 10.33150727612828 0.000000000000000
 8 12.02244284127777 0.000000000000000
 9 15.16738903922702 0.000000000000000
 10 16.15746267738597 0.000000000000000
 11 16.78690071393146 0.000000000000000
 12 17.81138481022276 0.000000000000000

 spin=1 k-point=682/1284 Cartesian=0.1363183149498352 0.1236767963070574 0.05757273355338881 (2449 plane wave)
 1 1.813377374734007 0.001562499682544414
 2 1.825123355823805 0.001562499642977877
 3 4.064041808324490 1.291469024795608e-06
 4 4.129473030582449 6.715713261011011e-07
 5 7.872629886409975 0.000000000000000
 6 9.823564720823194 0.000000000000000
 7 10.76654209667231 0.000000000000000
 8 10.98921111660217 0.000000000000000
 9 15.17551598310048 0.000000000000000
 10 16.36589235545942 0.000000000000000
 11 16.99211411499181 0.000000000000000
 12 17.65393418543916 0.000000000000000

 spin=1 k-point=683/1284 Cartesian=0.1557923599426688 0.1349201414258807 0.05757273355338881 (2455 plane wave)
 1 0.7188997107579383 0.001562499999994434
 2 2.679419216697381 0.001560670437956293
 3 3.390466116693128 0.0006414902702138108
 4 5.330671763989495 4.078850167741799e-12
 5 7.929994642099327 0.000000000000000
 6 9.462645321026235 0.000000000000000
 7 10.33150719542285 0.000000000000000
 8 12.02244285243000 0.000000000000000
 9 15.16738904939772 0.000000000000000
 10 16.15746269626234 0.000000000000000
 11 16.78690064283904 0.000000000000000
 12 17.81138487564025 0.000000000000000

 spin=1 k-point=684/1284 Cartesian=0.1363183149498352 0.03373003535647069 -0.05757273355338832 (2459 plane wave)
 1 -0.2505809150699356 0.001562500000000036
 2 1.908583244767295 0.001562499177460420
 3 4.604647672766117 5.802557843731773e-09
 4 6.698737190279193 0.000000000000000
 5 8.015253818392880 0.000000000000000
 6 8.812506309977795 0.000000000000000
 7 10.46490691101197 0.000000000000000
 8 13.33020280717536 0.000000000000000
 9 14.91908997622397 0.000000000000000
 10 15.92080321159118 0.000000000000000
 11 16.92710567636153 0.000000000000000
 12 18.03942431475900 0.000000000000000

 spin=1 k-point=685/1284 Cartesian=-0.1168442699570009 -0.02248669023764599 0.05757273355338881 (2469 plane wave)
 1 -1.074767272068743 0.001562500000000037
 2 1.103271805649210 0.001562499999738379
 3 6.119458591289253 1.530661818994097e-15
 4 7.565022657555001 0.000000000000000
 5 8.190457033577172 0.000000000000000
 6 8.955433909418636 0.000000000000000
 7 10.81887325176829 0.000000000000000
 8 14.07750090102230 0.000000000000000
 9 15.02668733729086 0.000000000000000
 10 16.20165354863601 0.000000000000000
 11 17.28511934983563 0.000000000000000
 12 18.35988601912837 0.000000000000000

 spin=1 k-point=686/1284 Cartesian=-0.09737022496416733 -0.01124334511882266 0.05757273355338881 (2469 plane wave)
 1 -1.750555568251805 0.001562500000000037
 2 0.4340910099358086 0.001562499999999712
 3 6.874672972889740 0.000000000000000
 4 7.968481262355991 0.000000000000000
 5 9.048495344487698 0.000000000000000
 6 10.20759960500297 0.000000000000000
 7 11.33144581521054 0.000000000000000
 8 13.59625437080504 0.000000000000000
 9 16.25516485158933 0.000000000000000
 10 16.96656996756178 0.000000000000000
 11 17.79077088937767 0.000000000000000
 12 18.48113989573399 0.000000000000000

 spin=1 k-point=687/1284 Cartesian=-0.07789617997133380 0.000000000000000 0.05757273355338881 (2475 plane wave)
 1 -2.276797983265417 0.001562500000000037
 2 -0.08890811662266268 0.001562500000000035
 3 6.443142557498047 0.000000000000000
 4 9.707618940277984 0.000000000000000
 5 9.796765943655171 0.000000000000000
 6 11.84416218465281 0.000000000000000
 7 12.08595089073143 0.000000000000000
 8 13.18382863292233 0.000000000000000
 9 16.89706685382675 0.000000000000000
 10 17.25177615411424 0.000000000000000
 11 18.22332009218072 0.000000000000000
 12 18.69131228567822 0.000000000000000

 spin=1 k-point=688/1284 Cartesian=-0.05842213497850025 0.01124334511882401 0.05757273355338881 (2474 plane wave)
 1 -2.652952785671413 0.001562500000000037
 2 -0.4632988557805716 0.001562500000000037
 3 6.094063054884781 1.973198104132475e-15
 4 10.56214570373015 0.000000000000000
 5 11.66389318163921 0.000000000000000
 6 12.48693432002253 0.000000000000000
 7 13.03846299166485 0.000000000000000
 8 14.00543960890134 0.000000000000000
 9 15.62964840940076 0.000000000000000
 10 17.46606497633990 0.000000000000000
 11 18.09414010923894 0.000000000000000
 12 19.37496069116837 0.000000000000000

 spin=1 k-point=689/1284 Cartesian=-0.03894808998566670 0.02248669023764735 0.05757273355338881 (2471 plane wave)
 1 -2.878738168937656 0.001562500000000037
 2 -0.6881797366026067 0.001562500000000037
 3 5.879848297933433 1.680713878530630e-14
 4 11.47091119067584 0.000000000000000
 5 12.41949945395425 0.000000000000000
 6 13.42705162131175 0.000000000000000
 7 13.64168428050478 0.000000000000000
 8 14.87834131681467 0.000000000000000
 9 15.63254584631505 0.000000000000000
 10 16.71623931525535 0.000000000000000
 11 18.30496383418438 0.000000000000000
 12 19.70769200878766 0.000000000000000

 spin=1 k-point=690/1284 Cartesian=-0.01947404499283316 0.03373003535647068 0.05757273355338881 (2475 plane wave)
 1 -2.954014192508705 0.001562500000000037
 2 -0.7631753761752181 0.001562500000000037
 3 5.807935378815622 3.449909497853163e-14
 4 12.06700322208991 0.000000000000000
 5 12.62629312477840 0.000000000000000
 6 12.88088776007782 0.000000000000000
 7 14.80273423839781 0.000000000000000
 8 14.88736974239108 0.000000000000000
 9 16.25814558274509 0.000000000000000
 10 16.59878526891188 0.000000000000000
 11 18.43525209771362 0.000000000000000
 12 18.64087134135908 0.000000000000000

 spin=1 k-point=691/1284 Cartesian=0.000000000000000 0.06746007071294047 0.05757273355338881 (2467 plane wave)
 1 -2.502471636581406 0.001562500000000037
 2 -0.3135000013921790 0.001562500000000036
 3 6.233639695215441 0.000000000000000
 4 9.554155546305807 0.000000000000000
 5 11.67972242467351 0.000000000000000
 6 12.59588869959160 0.000000000000000
 7 12.65430646087272 0.000000000000000
 8 14.15551088916121 0.000000000000000
 9 14.80202841172086 0.000000000000000
 10 15.96767872709515 0.000000000000000
 11 18.53594121919895 0.000000000000000
 12 19.89216297779614 0.000000000000000

 spin=1 k-point=692/1284 Cartesian=0.01947404499283394 0.07870341583176403 0.05757273355338881 (2477 plane wave)
 1 -2.201601995661797 0.001562500000000037
 2 -0.01415445084876008 0.001562500000000033
 3 6.505576571450454 0.000000000000000
 4 8.680310583522477 0.000000000000000
 5 10.67026660883797 0.000000000000000
 6 11.16054325684365 0.000000000000000
 7 12.95367873681709 0.000000000000000
 8 13.39358307273782 0.000000000000000
 9 14.93601618035283 0.000000000000000
 10 16.77741463899949 0.000000000000000
 11 17.83393205044570 0.000000000000000
 12 19.42418743492998 0.000000000000000

 spin=1 k-point=693/1284 Cartesian=0.03894808998566748 0.08994676095058736 0.05757273355338881 (2469 plane wave)
 1 -1.750555568135856 0.001562500000000037
 2 0.4340910096811504 0.001562499999999712
 3 6.874672974653802 0.000000000000000
 4 7.968481263454636 0.000000000000000
 5 9.048495342681131 0.000000000000000
 6 10.20759960302944 0.000000000000000
 7 11.33144581355458 0.000000000000000
 8 13.59625437156564 0.000000000000000
 9 16.25516485101101 0.000000000000000
 10 16.96656996865394 0.000000000000000
 11 17.79077088894698 0.000000000000000
 12 18.48113990354002 0.000000000000000

 spin=1 k-point=694/1284 Cartesian=0.05842213497850103 0.1011901060694107 0.05757273355338881 (2471 plane wave)
 1 -1.149736841193346 0.001562500000000037
 2 1.029679771153813 0.001562499999874686
 3 7.014294424563189 0.000000000000000
 4 7.252676315225036 0.000000000000000
 5 7.797159900969079 0.000000000000000
 6 9.494544142827701 0.000000000000000
 7 9.746084640572608 0.000000000000000
 8 14.09877649192593 0.000000000000000
 9 16.15339349602365 0.000000000000000
 10 16.18006108809686 0.000000000000000
 11 18.12866351774399 0.000000000000000
 12 18.39791378589178 0.000000000000000

 spin=1 k-point=695/1284 Cartesian=0.07789617997133459 0.1124334511882340 0.05757273355338881 (2464 plane wave)
 1 -0.3999414859342342 0.001562500000000037
 2 1.767847132481965 0.001562499798651871
 3 5.621821074294505 2.218666647535105e-13
 4 6.752109677119442 0.000000000000000
 5 7.674727409970523 0.000000000000000
 6 8.521418974355935 0.000000000000000
 7 9.320647189461271 0.000000000000000
 8 14.19505787198306 0.000000000000000
 9 15.06637551488569 0.000000000000000
 10 15.88518410728476 0.000000000000000
 11 17.85477552820558 0.000000000000000
 12 19.78541660138927 0.000000000000000

 spin=1 k-point=696/1284 Cartesian=0.09737022496416814 0.1236767963070574 0.05757273355338881 (2457 plane wave)
 1 0.4969940815251747 0.001562499999999427
 2 2.618690712587011 0.001561502671884223
 3 4.186470138927070 3.798725327713015e-07
 4 6.133997912695203 1.323536014179995e-15
 5 6.710047911486040 0.000000000000000
 6 8.588326639085944 0.000000000000000
 7 9.622717154614506 0.000000000000000
 8 12.94426815570850 0.000000000000000
 9 15.14787843717974 0.000000000000000
 10 16.13094860896119 0.000000000000000
 11 17.59029276393026 0.000000000000000
 12 19.46100562716380 0.000000000000000

 spin=1 k-point=697/1284 Cartesian=0.1168442699570017 0.1349201414258807 0.05757273355338881 (2451 plane wave)
 1 1.534998812670520 0.001562499980379988
 2 2.663370587156951 0.001560941437517156
 3 3.836146748830848 1.252230957454149e-05
 4 4.941810699622920 1.992233582285243e-10
 5 6.459140568636377 0.000000000000000
 6 8.523235279382481 0.000000000000000
 7 10.52288392131676 0.000000000000000
 8 11.65982975353058 0.000000000000000
 9 15.10359183840002 0.000000000000000
 10 16.77862524406076 0.000000000000000
 11 17.55338310380000 0.000000000000000
 12 18.47920466067501 0.000000000000000

 spin=1 k-point=698/1284 Cartesian=0.1363183149498352 0.1461634865447040 0.05757273355338881 (2451 plane wave)
 1 1.534998814308986 0.001562499980379988
 2 2.663370576353737 0.001560941437685363
 3 3.836146774376306 1.252230640129645e-05
 4 4.941810678596774 1.992234001175288e-10
 5 6.459140567866916 0.000000000000000
 6 8.523235292002269 0.000000000000000
 7 10.52288391016195 0.000000000000000
 8 11.65982975659242 0.000000000000000
 9 15.10359184217053 0.000000000000000
 10 16.77862526746617 0.000000000000000
 11 17.55338303766813 0.000000000000000
 12 18.47920471238147 0.000000000000000

 spin=1 k-point=699/1284 Cartesian=0.1557923599426688 0.1574068316635274 0.05757273355338881 (2457 plane wave)
 1 0.4969940818000076 0.001562499999999427
 2 2.618690706559356 0.001561502671944300
 3 4.186470159437381 3.798724548771962e-07
 4 6.133997881251772 1.323536430345288e-15
 5 6.710047906008907 0.000000000000000
 6 8.588326697142030 0.000000000000000
 7 9.622717117409669 0.000000000000000
 8 12.94426815295182 0.000000000000000
 9 15.14787845451353 0.000000000000000
 10 16.13094861150400 0.000000000000000
 11 17.59029271922233 0.000000000000000
 12 19.46100570236532 0.000000000000000

 spin=1 k-point=700/1284 Cartesian=-0.1363183149498344 -0.01124334511882266 0.05757273355338881 (2464 plane wave)
 1 -0.3999414859988610 0.001562500000000037
 2 1.767847132053402 0.001562499798651872
 3 5.621821094030028 2.218666209669569e-13
 4 6.752109651157492 0.000000000000000
 5 7.674727338465141 0.000000000000000
 6 8.521419120317615 0.000000000000000
 7 9.320647122147042 0.000000000000000
 8 14.19505785392641 0.000000000000000
 9 15.06637555681892 0.000000000000000
 10 15.88518409217165 0.000000000000000
 11 17.85477549792435 0.000000000000000
 12 19.78541659798956 0.000000000000000

 spin=1 k-point=701/1284 Cartesian=-0.1168442699570009 0.000000000000000 0.05757273355338881 (2471 plane wave)
 1 -1.149736841340079 0.001562500000000037
 2 1.029679771494681 0.001562499999874686
 3 7.014294426780039 0.000000000000000
 4 7.252676310462062 0.000000000000000
 5 7.797159899417039 0.000000000000000
 6 9.494544148749577 0.000000000000000
 7 9.746084640747544 0.000000000000000
 8 14.09877649095815 0.000000000000000
 9 16.15339349126481 0.000000000000000
 10 16.18006109354355 0.000000000000000
 11 18.12866351808550 0.000000000000000
 12 18.39791378018689 0.000000000000000

 spin=1 k-point=702/1284 Cartesian=-0.09737022496416733 0.01124334511882401 0.05757273355338881 (2469 plane wave)
 1 -1.750555568280874 0.001562500000000037
 2 0.4340910100989707 0.001562499999999712
 3 6.874672957393689 0.000000000000000
 4 7.968481295035238 0.000000000000000
 5 9.048495348647849 0.000000000000000
 6 10.20759955143418 0.000000000000000
 7 11.33144585058039 0.000000000000000
 8 13.59625437077749 0.000000000000000
 9 16.25516478110790 0.000000000000000
 10 16.96657005500493 0.000000000000000
 11 17.79077090659372 0.000000000000000
 12 18.48113989546429 0.000000000000000

 spin=1 k-point=703/1284 Cartesian=-0.07789617997133380 0.02248669023764735 0.05757273355338881 (2477 plane wave)
 1 -2.201601995775147 0.001562500000000037
 2 -0.01415445051580170 0.001562500000000033
 3 6.505576564579142 0.000000000000000
 4 8.680310601396158 0.000000000000000
 5 10.67026663282128 0.000000000000000
 6 11.16054320066176 0.000000000000000
 7 12.95367878016141 0.000000000000000
 8 13.39358305656315 0.000000000000000
 9 14.93601615005590 0.000000000000000
 10 16.77741471953945 0.000000000000000
 11 17.83393198050608 0.000000000000000
 12 19.42418749757825 0.000000000000000

 spin=1 k-point=704/1284 Cartesian=-0.05842213497850025 0.03373003535647068 0.05757273355338881 (2467 plane wave)
 1 -2.502471636651918 0.001562500000000037
 2 -0.3135000011857190 0.001562500000000036
 3 6.233639692234610 0.000000000000000
 4 9.554155559281263 0.000000000000000
 5 11.67972241289148 0.000000000000000
 6 12.59588870157786 0.000000000000000
 7 12.65430646169476 0.000000000000000
 8 14.15551086222128 0.000000000000000
 9 14.80202841374129 0.000000000000000
 10 15.96767876762024 0.000000000000000
 11 18.53594119032060 0.000000000000000
 12 19.89216297890668 0.000000000000000

 spin=1 k-point=705/1284 Cartesian=-0.03894808998566670 0.04497338047529402 0.05757273355338881 (2474 plane wave)
 1 -2.652952785646362 0.001562500000000037
 2 -0.4632988558269874 0.001562500000000037
 3 6.094063055228562 1.973198097348991e-15
 4 10.56214570325536 0.000000000000000
 5 11.66389318036884 0.000000000000000
 6 12.48693432178542 0.000000000000000
 7 13.03846299154125 0.000000000000000
 8 14.00543960822022 0.000000000000000
 9 15.62964840862345 0.000000000000000
 10 17.46606497420257 0.000000000000000
 11 18.09414011302907 0.000000000000000
 12 19.37496069066779 0.000000000000000

 spin=1 k-point=706/1284 Cartesian=-0.01947404499283316 0.05621672559411735 0.05757273355338881 (2474 plane wave)
 1 -2.652952785622538 0.001562500000000037
 2 -0.4632988558963512 0.001562500000000037
 3 6.094063056088341 1.973198080383847e-15
 4 10.56214569334407 0.000000000000000
 5 11.66389318270057 0.000000000000000
 6 12.48693435806770 0.000000000000000
 7 13.03846295722038 0.000000000000000
 8 14.00543960703607 0.000000000000000
 9 15.62964843296462 0.000000000000000
 10 17.46606498121940 0.000000000000000
 11 18.09414003847246 0.000000000000000
 12 19.37496073623081 0.000000000000000

 spin=1 k-point=707/1284 Cartesian=0.000000000000000 0.08994676095058715 0.05757273355338881 (2472 plane wave)
 1 -1.976063569741531 0.001562500000000037
 2 0.2099510551869845 0.001562500000000002
 3 6.669349894266121 0.000000000000000
 4 7.771006239594433 0.000000000000000
 5 9.870746692085765 0.000000000000000
 6 11.91452593225403 0.000000000000000
 7 12.78102273597456 0.000000000000000
 8 13.80409216974071 0.000000000000000
 9 14.12111374041605 0.000000000000000
 10 15.23661475170009 0.000000000000000
 11 16.90742704935839 0.000000000000000
 12 20.74854007559830 0.000000000000000

 spin=1 k-point=708/1284 Cartesian=0.01947404499283394 0.1011901060694107 0.05757273355338881 (2466 plane wave)
 1 -1.600344450953459 0.001562500000000037
 2 0.5828595701403029 0.001562499999998599
 3 6.648932978160400 0.000000000000000
 4 7.311107336819420 0.000000000000000
 5 9.049696668845311 0.000000000000000
 6 10.46393541634459 0.000000000000000
 7 12.57682551384268 0.000000000000000
 8 13.56910615733853 0.000000000000000
 9 14.37247261204147 0.000000000000000
 10 15.69494236635288 0.000000000000000
 11 16.76046383472652 0.000000000000000
 12 19.25723841045103 0.000000000000000

 spin=1 k-point=709/1284 Cartesian=0.03894808998566748 0.1124334511882340 0.05757273355338881 (2469 plane wave)
 1 -1.074767271911780 0.001562500000000037
 2 1.103271805330070 0.001562499999738379
 3 6.119458590887557 1.530661825142695e-15
 4 7.565022665806901 0.000000000000000
 5 8.190457029599459 0.000000000000000
 6 8.955433905339657 0.000000000000000
 7 10.81887324945501 0.000000000000000
 8 14.07750089988614 0.000000000000000
 9 15.02668733608397 0.000000000000000
 10 16.20165355439757 0.000000000000000
 11 17.28511934867135 0.000000000000000
 12 18.35988602280910 0.000000000000000

 spin=1 k-point=710/1284 Cartesian=0.05842213497850103 0.1236767963070574 0.05757273355338881 (2464 plane wave)
 1 -0.3999414858025457 0.001562500000000037
 2 1.767847131627062 0.001562499798651873
 3 5.621821093749672 2.218666215889726e-13
 4 6.752109650130648 0.000000000000000
 5 7.674727349736890 0.000000000000000
 6 8.521419112358542 0.000000000000000
 7 9.320647118066962 0.000000000000000
 8 14.19505785182909 0.000000000000000
 9 15.06637556238598 0.000000000000000
 10 15.88518408935380 0.000000000000000
 11 17.85477549936854 0.000000000000000
 12 19.78541660563558 0.000000000000000

 spin=1 k-point=711/1284 Cartesian=0.07789617997133459 0.1349201414258807 0.05757273355338881 (2452 plane wave)
 1 0.4228776794081944 0.001562499999999746
 2 2.564290961777346 0.001561920972469384
 3 5.223698862518244 1.188817726166564e-11
 4 5.282551565750758 6.599654015224221e-12
 5 7.369575478441099 0.000000000000000
 6 7.507606553736032 0.000000000000000
 7 9.481714182199289 0.000000000000000
 8 13.89400391446189 0.000000000000000
 9 14.14587955042667 0.000000000000000
 10 16.05846959170053 0.000000000000000
 11 19.55214694925233 0.000000000000000
 12 19.68841307358433 0.000000000000000

 spin=1 k-point=712/1284 Cartesian=0.09737022496416814 0.1461634865447041 0.05757273355338881 (2452 plane wave)
 1 1.390421649642529 0.001562499995378257
 2 3.330049998097535 0.0008755091964247415
 3 4.021273520765718 1.979852412280552e-06
 4 5.019564957051506 9.154987471242948e-11
 5 6.115631251026424 1.590381008184572e-15
 6 7.236209051957597 0.000000000000000
 7 10.36042841074397 0.000000000000000
 8 12.66935529547204 0.000000000000000
 9 13.83551772969795 0.000000000000000
 10 16.93381474670966 0.000000000000000
 11 19.01663299106047 0.000000000000000
 12 19.81773281614827 0.000000000000000

 spin=1 k-point=713/1284 Cartesian=0.1168442699570017 0.1574068316635274 0.05757273355338881 (2446 plane wave)
 1 2.472217778983931 0.001562269363933207
 2 2.504516635434769 0.001562181451936369
 3 4.425859909518283 3.467983578140423e-08
 4 4.797913056921476 8.400009038868879e-10
 5 5.317390063149500 4.658214255083219e-12
 6 7.165518021504655 0.000000000000000
 7 11.41653727866160 0.000000000000000
 8 11.46204133039702 0.000000000000000
 9 13.76746659701027 0.000000000000000
 10 17.90678813085714 0.000000000000000
 11 18.04308532767708 0.000000000000000
 12 19.61241938347363 0.000000000000000

 spin=1 k-point=714/1284 Cartesian=0.1363183149498352 0.1686501767823507 0.05757273355338881 (2452 plane wave)
 1 1.390421649860584 0.001562499995378257
 2 3.330049982916365 0.0008755092548629584
 3 4.021273555541542 1.979851724642932e-06
 4 5.019564931435847 9.154989816354061e-11
 5 6.115631249297161 1.590381035686450e-15
 6 7.236209060834176 0.000000000000000
 7 10.36042841030429 0.000000000000000
 8 12.66935529325815 0.000000000000000
 9 13.83551773236147 0.000000000000000
 10 16.93381474836923 0.000000000000000
 11 19.01663296714415 0.000000000000000
 12 19.81773283993843 0.000000000000000

 spin=1 k-point=715/1284 Cartesian=0.1557923599426688 0.1798935219011741 0.05757273355338881 (2452 plane wave)
 1 0.4228776791522915 0.001562499999999746
 2 2.564290962463776 0.001561920972465411
 3 5.223698857547547 1.188817785259100e-11
 4 5.282551571055533 6.599653665127323e-12
 5 7.369575468553276 0.000000000000000
 6 7.507606559555310 0.000000000000000
 7 9.481714187544199 0.000000000000000
 8 13.89400391859199 0.000000000000000
 9 14.14587954431203 0.000000000000000
 10 16.05846959244890 0.000000000000000
 11 19.55214694420925 0.000000000000000
 12 19.68841307297720 0.000000000000000

 spin=1 k-point=716/1284 Cartesian=-0.1363183149498344 0.01124334511882402 0.05757273355338881 (2464 plane wave)
 1 -0.3999414861238125 0.001562500000000037
 2 1.767847132985384 0.001562499798651870
 3 5.621821074200669 2.218666649616983e-13
 4 6.752109676968029 0.000000000000000
 5 7.674727406509981 0.000000000000000
 6 8.521418972839099 0.000000000000000
 7 9.320647196305124 0.000000000000000
 8 14.19505787078998 0.000000000000000
 9 15.06637551549500 0.000000000000000
 10 15.88518410661765 0.000000000000000
 11 17.85477552552744 0.000000000000000
 12 19.78541659664650 0.000000000000000

 spin=1 k-point=717/1284 Cartesian=-0.1168442699570009 0.02248669023764736 0.05757273355338881 (2469 plane wave)
 1 -1.074767272194184 0.001562500000000037
 2 1.103271806428308 0.001562499999738379
 3 6.119458562594705 1.530662258210763e-15
 4 7.565022739271127 0.000000000000000
 5 8.190457054915413 0.000000000000000
 6 8.955433798727842 0.000000000000000
 7 10.81887329157224 0.000000000000000
 8 14.07750091756554 0.000000000000000
 9 15.02668727715979 0.000000000000000
 10 16.20165359592894 0.000000000000000
 11 17.28511936839903 0.000000000000000
 12 18.35988599077951 0.000000000000000

 spin=1 k-point=718/1284 Cartesian=-0.09737022496416733 0.03373003535647070 0.05757273355338881 (2466 plane wave)
 1 -1.600344451169460 0.001562500000000037
 2 0.5828595709164283 0.001562499999998599
 3 6.648932921480307 0.000000000000000
 4 7.311107417425180 0.000000000000000
 5 9.049696657533312 0.000000000000000
 6 10.46393538327429 0.000000000000000
 7 12.57682554634310 0.000000000000000
 8 13.56910615102115 0.000000000000000
 9 14.37247256874864 0.000000000000000
 10 15.69494248951765 0.000000000000000
 11 16.76046372994690 0.000000000000000
 12 19.25723842626376 0.000000000000000

 spin=1 k-point=719/1284 Cartesian=-0.07789617997133380 0.04497338047529403 0.05757273355338881 (2472 plane wave)
 1 -1.976063569885098 0.001562500000000037
 2 0.2099510556764948 0.001562500000000002
 3 6.669349871047413 0.000000000000000
 4 7.771006278739454 0.000000000000000
 5 9.870746679230603 0.000000000000000
 6 11.91452593429991 0.000000000000000
 7 12.78102269649694 0.000000000000000
 8 13.80409217119273 0.000000000000000
 9 14.12111374249139 0.000000000000000
 10 15.23661484122248 0.000000000000000
 11 16.90742697360779 0.000000000000000
 12 20.74854007478222 0.000000000000000

 spin=1 k-point=720/1284 Cartesian=-0.05842213497850025 0.05621672559411737 0.05757273355338881 (2477 plane wave)
 1 -2.201601995746942 0.001562500000000037
 2 -0.01415445055986706 0.001562500000000033
 3 6.505576565013314 0.000000000000000
 4 8.680310601236204 0.000000000000000
 5 10.67026663335487 0.000000000000000
 6 11.16054319899654 0.000000000000000
 7 12.95367878088153 0.000000000000000
 8 13.39358305725156 0.000000000000000
 9 14.93601614879198 0.000000000000000
 10 16.77741471705173 0.000000000000000
 11 17.83393198248838 0.000000000000000
 12 19.42418749774225 0.000000000000000

 spin=1 k-point=721/1284 Cartesian=-0.03894808998566670 0.06746007071294070 0.05757273355338881 (2475 plane wave)
 1 -2.276797983211805 0.001562500000000037
 2 -0.08890811671469058 0.001562500000000035
 3 6.443142558335987 0.000000000000000
 4 9.707618932859422 0.000000000000000
 5 9.796765950545309 0.000000000000000
 6 11.84416219074011 0.000000000000000
 7 12.08595088225089 0.000000000000000
 8 13.18382863308493 0.000000000000000
 9 16.89706685621577 0.000000000000000
 10 17.25177615322176 0.000000000000000
 11 18.22332009394392 0.000000000000000
 12 18.69131228056720 0.000000000000000

 spin=1 k-point=722/1284 Cartesian=-0.01947404499283316 0.07870341583176405 0.05757273355338881 (2477 plane wave)
 1 -2.201601995675579 0.001562500000000037
 2 -0.01415445079646532 0.001562500000000033
 3 6.505576571322366 0.000000000000000
 4 8.680310583013174 0.000000000000000
 5 10.67026661096607 0.000000000000000
 6 11.16054325734649 0.000000000000000
 7 12.95367873504341 0.000000000000000
 8 13.39358306979310 0.000000000000000
 9 14.93601618254772 0.000000000000000
 10 16.77741464290379 0.000000000000000
 11 17.83393204567977 0.000000000000000
 12 19.42418743462982 0.000000000000000

 spin=1 k-point=723/1284 Cartesian=0.000000000000000 0.1124334511882338 0.05757273355338881 (2469 plane wave)
 1 -1.300046313313731 0.001562500000000037
 2 0.8797969431336728 0.001562499999972034
 3 5.898362242007753 1.396653677019662e-14
 4 7.381258632792401 0.000000000000000
 5 8.280714668989814 0.000000000000000
 6 11.38413982876342 0.000000000000000
 7 12.53843689555562 0.000000000000000
 8 13.59103433879851 0.000000000000000
 9 13.94799854121324 0.000000000000000
 10 14.42768279745834 0.000000000000000
 11 15.77910267036803 0.000000000000000
 12 20.22879968959066 0.000000000000000

 spin=1 k-point=724/1284 Cartesian=0.01947404499283394 0.1236767963070574 0.05757273355338881 (2472 plane wave)
 1 -0.8499448816760103 0.001562500000000037
 2 1.323236974987053 0.001562499997639396
 3 5.183421414919055 1.778435200336647e-11
 4 7.220787718018943 0.000000000000000
 5 8.076535785481774 0.000000000000000
 6 10.01265446387051 0.000000000000000
 7 12.13451692070021 0.000000000000000
 8 13.56708546907564 0.000000000000000
 9 13.80831038807264 0.000000000000000
 10 15.00932259996289 0.000000000000000
 11 16.23819535826222 0.000000000000000
 12 18.82482143941881 0.000000000000000

 spin=1 k-point=725/1284 Cartesian=0.03894808998566748 0.1349201414258807 0.05757273355338881 (2459 plane wave)
 1 -0.2505809148643939 0.001562500000000036
 2 1.908583244399486 0.001562499177460423
 3 4.604647672433712 5.802557863019726e-09
 4 6.698737193265574 0.000000000000000
 5 8.015253821153221 0.000000000000000
 6 8.812506305006218 0.000000000000000
 7 10.46490690787120 0.000000000000000
 8 13.33020280648400 0.000000000000000
 9 14.91908997251998 0.000000000000000
 10 15.92080322096949 0.000000000000000
 11 16.92710567409567 0.000000000000000
 12 18.03942431797142 0.000000000000000

 spin=1 k-point=726/1284 Cartesian=0.05842213497850103 0.1461634865447041 0.05757273355338881 (2457 plane wave)
 1 0.4969940820567262 0.001562499999999427
 2 2.618690706110449 0.001561502671948774
 3 4.186470159100637 3.798724561560828e-07
 4 6.133997879867076 1.323536448672254e-15
 5 6.710047911251630 0.000000000000000
 6 8.588326696275718 0.000000000000000
 7 9.622717112502910 0.000000000000000
 8 12.94426815270066 0.000000000000000
 9 15.14787845783194 0.000000000000000
 10 16.13094860901701 0.000000000000000
 11 17.59029272082954 0.000000000000000
 12 19.46100570573859 0.000000000000000

 spin=1 k-point=727/1284 Cartesian=0.07789617997133459 0.1574068316635274 0.05757273355338881 (2452 plane wave)
 1 1.390421650198497 0.001562499995378257
 2 3.330049982352008 0.0008755092570353890
 3 4.021273555137679 1.979851732628690e-06
 4 5.019564930359726 9.154989914872847e-11
 5 6.115631253543709 1.590380968150135e-15
 6 7.236209059352377 0.000000000000000
 7 10.36042840702207 0.000000000000000
 8 12.66935529318039 0.000000000000000
 9 13.83551773455073 0.000000000000000
 10 16.93381474772351 0.000000000000000
 11 19.01663296718000 0.000000000000000
 12 19.81773283854833 0.000000000000000

 spin=1 k-point=728/1284 Cartesian=0.09737022496416814 0.1686501767823507 0.05757273355338881 (2452 plane wave)
 1 2.422100286218882 0.001562360268302856
 2 3.467964429163651 0.0003795845864920233
 3 3.642296934442035 8.304980040061047e-05
 4 4.839081491036904 5.565286808523426e-10
 5 5.907980806927961 1.268574046964057e-14
 6 5.970691051953485 6.775925489900112e-15
 7 11.36507748688800 0.000000000000000
 8 12.49044560772639 0.000000000000000
 9 12.57480081176299 0.000000000000000
 10 17.95758528412005 0.000000000000000
 11 19.03405674081775 0.000000000000000
 12 19.17977452831124 0.000000000000000

 spin=1 k-point=729/1284 Cartesian=0.1168442699570017 0.1798935219011741 0.05757273355338881 (2452 plane wave)
 1 2.422100285584952 0.001562360268303742
 2 3.467964434251287 0.0003795845718716531
 3 3.642296929644120 8.304980417347840e-05
 4 4.839081492577971 5.565286722758647e-10
 5 5.907980799502441 1.268574141162295e-14
 6 5.970691057738823 6.775925097889876e-15
 7 11.36507748928919 0.000000000000000
 8 12.49044561252336 0.000000000000000
 9 12.57480080515203 0.000000000000000
 10 17.95758528402230 0.000000000000000
 11 19.03405674295786 0.000000000000000
 12 19.17977452486124 0.000000000000000

 spin=1 k-point=730/1284 Cartesian=0.1363183149498352 0.1911368670199974 0.05757273355338881 (2452 plane wave)
 1 1.390421649258998 0.001562499995378257
 2 3.330050000902887 0.0008755091856258518
 3 4.021273517367478 1.979852479475467e-06
 4 5.019564958401512 9.154987347650111e-11
 5 6.115631251901166 1.590380994272835e-15
 6 7.236209048946589 0.000000000000000
 7 10.36042841438740 0.000000000000000
 8 12.66935529501302 0.000000000000000
 9 13.83551772872666 0.000000000000000
 10 16.93381474657809 0.000000000000000
 11 19.01663298238609 0.000000000000000
 12 19.81773282336074 0.000000000000000

 spin=1 k-point=731/1284 Cartesian=0.1557923599426688 0.2023802121388207 0.05757273355338881 (2457 plane wave)
 1 0.4969940812612176 0.001562499999999427
 2 2.618690713682373 0.001561502671873305
 3 4.186470138059043 3.798725360678942e-07
 4 6.133997911945693 1.323536024100030e-15
 5 6.710047913027307 0.000000000000000
 6 8.588326632253731 0.000000000000000
 7 9.622717162411430 0.000000000000000
 8 12.94426815513913 0.000000000000000
 9 15.14787843742934 0.000000000000000
 10 16.13094860760900 0.000000000000000
 11 17.59029275993529 0.000000000000000
 12 19.46100563091144 0.000000000000000

 spin=1 k-point=732/1284 Cartesian=-0.1363183149498344 0.03373003535647069 0.05757273355338881 (2459 plane wave)
 1 -0.2505809154713454 0.001562500000000036
 2 1.908583248166901 0.001562499177460392
 3 4.604647654637862 5.802558895630741e-09
 4 6.698737223108632 0.000000000000000
 5 8.015253876491258 0.000000000000000
 6 8.812506187147065 0.000000000000000
 7 10.46490696437299 0.000000000000000
 8 13.33020280837160 0.000000000000000
 9 14.91908994283153 0.000000000000000
 10 15.92080323227128 0.000000000000000
 11 16.92710571181644 0.000000000000000
 12 18.03942427216395 0.000000000000000

 spin=1 k-point=733/1284 Cartesian=-0.1168442699570009 0.04497338047529403 0.05757273355338881 (2472 plane wave)
 1 -0.8499448821147666 0.001562500000000037
 2 1.323236977144425 0.001562499997639396
 3 5.183421394963491 1.778435555233528e-11
 4 7.220787777881407 0.000000000000000
 5 8.076535756495003 0.000000000000000
 6 10.01265442850868 0.000000000000000
 7 12.13451695650915 0.000000000000000
 8 13.56708538678035 0.000000000000000
 9 13.80831044270313 0.000000000000000
 10 15.00932268766935 0.000000000000000
 11 16.23819526211511 0.000000000000000
 12 18.82482145436287 0.000000000000000

 spin=1 k-point=734/1284 Cartesian=-0.09737022496416733 0.05621672559411737 0.05757273355338881 (2469 plane wave)
 1 -1.300046313608684 0.001562500000000037
 2 0.8797969443980398 0.001562499999972034
 3 5.898362212757606 1.396654085543078e-14
 4 7.381258711562161 0.000000000000000
 5 8.280714622284302 0.000000000000000
 6 11.38413983085313 0.000000000000000
 7 12.53843682170440 0.000000000000000
 8 13.59103434091404 0.000000000000000
 9 13.94799854786024 0.000000000000000
 10 14.42768297503980 0.000000000000000
 11 15.77910253178687 0.000000000000000
 12 20.22879969088305 0.000000000000000

 spin=1 k-point=735/1284 Cartesian=-0.07789617997133380 0.06746007071294070 0.05757273355338881 (2466 plane wave)
 1 -1.600344451137896 0.001562500000000037
 2 0.5828595708745079 0.001562499999998599
 3 6.648932921601652 0.000000000000000
 4 7.311107417695857 0.000000000000000
 5 9.049696657731854 0.000000000000000
 6 10.46393538223837 0.000000000000000
 7 12.57682554575869 0.000000000000000
 8 13.56910615405267 0.000000000000000
 9 14.37247256643734 0.000000000000000
 10 15.69494248649631 0.000000000000000
 11 16.76046373214571 0.000000000000000
 12 19.25723842846307 0.000000000000000

 spin=1 k-point=736/1284 Cartesian=-0.05842213497850025 0.07870341583176403 0.05757273355338881 (2469 plane wave)
 1 -1.750555568220585 0.001562500000000037
 2 0.4340910100112569 0.001562499999999712
 3 6.874672958452535 0.000000000000000
 4 7.968481294420700 0.000000000000000
 5 9.048495349064375 0.000000000000000
 6 10.20759955170675 0.000000000000000
 7 11.33144584785030 0.000000000000000
 8 13.59625437141658 0.000000000000000
 9 16.25516478087134 0.000000000000000
 10 16.96657005289900 0.000000000000000
 11 17.79077090651158 0.000000000000000
 12 18.48113989682544 0.000000000000000

 spin=1 k-point=737/1284 Cartesian=-0.03894808998566670 0.08994676095058737 0.05757273355338881 (2469 plane wave)
 1 -1.750555568165245 0.001562500000000037
 2 0.4340910097988513 0.001562499999999712
 3 6.874672974618878 0.000000000000000
 4 7.968481261295237 0.000000000000000
 5 9.048495345562838 0.000000000000000
 6 10.20759960402349 0.000000000000000
 7 11.33144581257083 0.000000000000000
 8 13.59625436906674 0.000000000000000
 9 16.25516485316668 0.000000000000000
 10 16.96656997169833 0.000000000000000
 11 17.79077088604328 0.000000000000000
 12 18.48113989789368 0.000000000000000

 spin=1 k-point=738/1284 Cartesian=-0.01947404499283316 0.1011901060694107 0.05757273355338881 (2466 plane wave)
 1 -1.600344450968214 0.001562500000000037
 2 0.5828595702001986 0.001562499999998599
 3 6.648932978440659 0.000000000000000
 4 7.311107335870675 0.000000000000000
 5 9.049696669642728 0.000000000000000
 6 10.46393541708232 0.000000000000000
 7 12.57682551405171 0.000000000000000
 8 13.56910615168271 0.000000000000000
 9 14.37247261565764 0.000000000000000
 10 15.69494237164141 0.000000000000000
 11 16.76046382930182 0.000000000000000
 12 19.25723841126465 0.000000000000000

 spin=1 k-point=739/1284 Cartesian=0.000000000000000 0.1349201414258805 0.05757273355338881 (2468 plane wave)
 1 -0.4755575575241898 0.001562500000000037
 2 1.685982555173009 0.001562499911199768
 3 4.383772049490885 5.282716280069765e-08
 4 6.498266366068043 0.000000000000000
 5 8.368328964432022 0.000000000000000
 6 11.00513415221109 0.000000000000000
 7 12.14011422329451 0.000000000000000
 8 13.13912176413367 0.000000000000000
 9 13.21222824095911 0.000000000000000
 10 14.36827679284995 0.000000000000000
 11 15.57794893077902 0.000000000000000
 12 19.67055485706339 0.000000000000000

 spin=1 k-point=740/1284 Cartesian=0.01947404499283394 0.1461634865447040 0.05757273355338881 (2460 plane wave)
 1 0.04779489635032906 0.001562500000000030
 2 2.176827545298649 0.001562487973917201
 3 3.746871186568153 3.022829872616496e-05
 4 5.849936347114833 2.266729882165009e-14
 5 8.776235526050232 0.000000000000000
 6 9.749983066685289 0.000000000000000
 7 11.76230435492884 0.000000000000000
 8 12.50557530630531 0.000000000000000
 9 13.53726557953076 0.000000000000000
 10 15.34758909865293 0.000000000000000
 11 16.11082190907531 0.000000000000000
 12 18.43711719755619 0.000000000000000

 spin=1 k-point=741/1284 Cartesian=0.03894808998566748 0.1574068316635274 0.05757273355338881 (2455 plane wave)
 1 0.7188997110149832 0.001562499999994434
 2 2.679419216758775 0.001560670437955171
 3 3.390466115765315 0.0006414902737220972
 4 5.330671765527622 4.078850105003870e-12
 5 7.929994643733150 0.000000000000000
 6 9.462645320213509 0.000000000000000
 7 10.33150719011763 0.000000000000000
 8 12.02244285319230 0.000000000000000
 9 15.16738904546237 0.000000000000000
 10 16.15746270650262 0.000000000000000
 11 16.78690063894727 0.000000000000000
 12 17.81138488008323 0.000000000000000

 spin=1 k-point=742/1284 Cartesian=0.05842213497850103 0.1686501767823507 0.05757273355338881 (2451 plane wave)
 1 1.534998814601395 0.001562499980379988
 2 2.663370576619326 0.001560941437681228
 3 3.836146772808908 1.252230659599795e-05
 4 4.941810679503527 1.992233983110633e-10
 5 6.459140569763744 0.000000000000000
 6 8.523235290815732 0.000000000000000
 7 10.52288390659936 0.000000000000000
 8 11.65982975752987 0.000000000000000
 9 15.10359184420208 0.000000000000000
 10 16.77862526577202 0.000000000000000
 11 17.55338303760405 0.000000000000000
 12 18.47920471513885 0.000000000000000

 spin=1 k-point=743/1284 Cartesian=0.07789617997133459 0.1798935219011741 0.05757273355338881 (2446 plane wave)
 1 2.472217773069077 0.001562269363946847
 2 2.504516642164469 0.001562181451914936
 3 4.425859902387478 3.467983825430148e-08
 4 4.797913063171037 8.400008513905336e-10
 5 5.317390064643623 4.658214185483792e-12
 6 7.165518020054367 0.000000000000000
 7 11.41653727041869 0.000000000000000
 8 11.46204133721155 0.000000000000000
 9 13.76746659847025 0.000000000000000
 10 17.90678813557980 0.000000000000000
 11 18.04308532144426 0.000000000000000
 12 19.61241938188261 0.000000000000000

 spin=1 k-point=744/1284 Cartesian=0.09737022496416814 0.1911368670199974 0.05757273355338881 (2452 plane wave)
 1 2.422100286023733 0.001562360268303129
 2 3.467964437775192 0.0003795845617449862
 3 3.642296923549500 8.304980896601753e-05
 4 4.839081496809767 5.565286487247063e-10
 5 5.907980792904687 1.268574224859732e-14
 6 5.970691062304605 6.775924788515816e-15
 7 11.36507748728980 0.000000000000000
 8 12.49044562066910 0.000000000000000
 9 12.57480079892868 0.000000000000000
 10 17.95758528354821 0.000000000000000
 11 19.03405674840925 0.000000000000000
 12 19.17977451903521 0.000000000000000

 spin=1 k-point=745/1284 Cartesian=0.1168442699570017 0.2023802121388207 0.05757273355338881 (2446 plane wave)
 1 2.472217767526818 0.001562269363959627
 2 2.504516647612226 0.001562181451897586
 3 4.425859899705098 3.467983918452596e-08
 4 4.797913069080030 8.400008017549587e-10
 5 5.317390061716935 4.658214321815200e-12
 6 7.165518018987348 0.000000000000000
 7 11.41653726572589 0.000000000000000
 8 11.46204134544879 0.000000000000000
 9 13.76746659612313 0.000000000000000
 10 17.90678813583303 0.000000000000000
 11 18.04308531792672 0.000000000000000
 12 19.61241938598137 0.000000000000000

 spin=1 k-point=746/1284 Cartesian=0.1363183149498352 0.2136235572576441 0.05757273355338881 (2451 plane wave)
 1 1.534998812174526 0.001562499980379988
 2 2.663370588874479 0.001560941437490414
 3 3.836146746764809 1.252230983118387e-05
 4 4.941810700609452 1.992233562631239e-10
 5 6.459140569851905 0.000000000000000
 6 8.523235275099774 0.000000000000000
 7 10.52288392544303 0.000000000000000
 8 11.65982975350940 0.000000000000000
 9 15.10359183806254 0.000000000000000
 10 16.77862524252457 0.000000000000000
 11 17.55338309501991 0.000000000000000
 12 18.47920467202133 0.000000000000000

 spin=1 k-point=747/1284 Cartesian=0.1557923599426688 0.2248669023764674 0.05757273355338881 (2455 plane wave)
 1 0.7188997094986770 0.001562499999994434
 2 2.679419240946171 0.001560670437513166
 3 3.390466079932415 0.0006414904092149359
 4 5.330671783390042 4.078849376422448e-12
 5 7.929994661176378 0.000000000000000
 6 9.462645223196995 0.000000000000000
 7 10.33150728135919 0.000000000000000
 8 12.02244284192655 0.000000000000000
 9 15.16738903814636 0.000000000000000
 10 16.15746267363512 0.000000000000000
 11 16.78690071454965 0.000000000000000
 12 17.81138481141757 0.000000000000000

 spin=1 k-point=748/1284 Cartesian=-0.1363183149498344 0.05621672559411736 0.05757273355338881 (2460 plane wave)
 1 0.04779489536130870 0.001562500000000030
 2 2.176827554448684 0.001562487973916100
 3 3.746871165448396 3.022830498680213e-05
 4 5.849936367426062 2.266729421764231e-14
 5 8.776235546840271 0.000000000000000
 6 9.749983009277317 0.000000000000000
 7 11.76230441508996 0.000000000000000
 8 12.50557526279949 0.000000000000000
 9 13.53726559887804 0.000000000000000
 10 15.34758917461812 0.000000000000000
 11 16.11082179640482 0.000000000000000
 12 18.43711722510067 0.000000000000000

 spin=1 k-point=749/1284 Cartesian=-0.1168442699570009 0.06746007071294070 0.05757273355338881 (2468 plane wave)
 1 -0.4755575581648745 0.001562500000000037
 2 1.685982559286131 0.001562499911199764
 3 4.383772031566473 5.282717226933892e-08
 4 6.498266395742395 0.000000000000000
 5 8.368328954633194 0.000000000000000
 6 11.00513415435385 0.000000000000000
 7 12.14011411359862 0.000000000000000
 8 13.13912188731505 0.000000000000000
 9 13.21222824312551 0.000000000000000
 10 14.36827686346969 0.000000000000000
 11 15.57794881215139 0.000000000000000
 12 19.67055489760829 0.000000000000000

 spin=1 k-point=750/1284 Cartesian=-0.09737022496416733 0.07870341583176403 0.05757273355338881 (2472 plane wave)
 1 -0.8499448820796920 0.001562500000000037
 2 1.323236977105864 0.001562499997639396
 3 5.183421394918441 1.778435556034717e-11
 4 7.220787777776661 0.000000000000000
 5 8.076535757348417 0.000000000000000
 6 10.01265442780097 0.000000000000000
 7 12.13451695623969 0.000000000000000
 8 13.56708538592363 0.000000000000000
 9 13.80831044379008 0.000000000000000
 10 15.00932268549931 0.000000000000000
 11 16.23819526341237 0.000000000000000
 12 18.82482145762945 0.000000000000000

 spin=1 k-point=751/1284 Cartesian=-0.07789617997133380 0.08994676095058737 0.05757273355338881 (2469 plane wave)
 1 -1.074767272127116 0.001562500000000037
 2 1.103271806347235 0.001562499999738379
 3 6.119458562519241 1.530662259365850e-15
 4 7.565022739873897 0.000000000000000
 5 8.190457055292601 0.000000000000000
 6 8.955433799264387 0.000000000000000
 7 10.81887328875513 0.000000000000000
 8 14.07750091841180 0.000000000000000
 9 15.02668727642413 0.000000000000000
 10 16.20165359403285 0.000000000000000
 11 17.28511936976125 0.000000000000000
 12 18.35988599344235 0.000000000000000

 spin=1 k-point=752/1284 Cartesian=-0.05842213497850025 0.1011901060694107 0.05757273355338881 (2471 plane wave)
 1 -1.149736841243405 0.001562500000000037
 2 1.029679771366479 0.001562499999874686
 3 7.014294430813956 0.000000000000000
 4 7.252676303545892 0.000000000000000
 5 7.797159905063502 0.000000000000000
 6 9.494544154990912 0.000000000000000
 7 9.746084630069767 0.000000000000000
 8 14.09877649033618 0.000000000000000
 9 16.15339348501590 0.000000000000000
 10 16.18006109994981 0.000000000000000
 11 18.12866351965681 0.000000000000000
 12 18.39791378176450 0.000000000000000

 spin=1 k-point=753/1284 Cartesian=-0.03894808998566670 0.1124334511882340 0.05757273355338881 (2469 plane wave)
 1 -1.074767271944353 0.001562500000000037
 2 1.103271805470321 0.001562499999738379
 3 6.119458591031339 1.530661822941881e-15
 4 7.565022663232852 0.000000000000000
 5 8.190457031649233 0.000000000000000
 6 8.955433906194447 0.000000000000000
 7 10.81887324931677 0.000000000000000
 8 14.07750089826969 0.000000000000000
 9 15.02668733676032 0.000000000000000
 10 16.20165355580115 0.000000000000000
 11 17.28511934739305 0.000000000000000
 12 18.35988602215553 0.000000000000000

 spin=1 k-point=754/1284 Cartesian=-0.01947404499283316 0.1236767963070574 0.05757273355338881 (2472 plane wave)
 1 -0.8499448816928317 0.001562500000000037
 2 1.323236975058351 0.001562499997639396
 3 5.183421414894553 1.778435200772381e-11
 4 7.220787718009833 0.000000000000000
 5 8.076535785039340 0.000000000000000
 6 10.01265446465363 0.000000000000000
 7 12.13451692014999 0.000000000000000
 8 13.56708546937779 0.000000000000000
 9 13.80831038715475 0.000000000000000
 10 15.00932260328892 0.000000000000000
 11 16.23819535441264 0.000000000000000
 12 18.82482144075487 0.000000000000000

 spin=1 k-point=755/1284 Cartesian=0.000000000000000 0.1574068316635272 0.05757273355338881 (2453 plane wave)
 1 0.4942976360925851 0.001562499999999444
 2 2.455786745842952 0.001562304305847522
 3 3.171533156863095 0.001346065563448679
 4 5.120023212448307 3.352532554624142e-11
 5 9.265692131524554 0.000000000000000
 6 10.77768092125662 0.000000000000000
 7 11.40113940942600 0.000000000000000
 8 12.40642841470646 0.000000000000000
 9 12.98488773239372 0.000000000000000
 10 14.31817394841159 0.000000000000000
 11 16.20871642733536 0.000000000000000
 12 18.39387179865646 0.000000000000000

 spin=1 k-point=756/1284 Cartesian=0.01947404499283394 0.1686501767823507 0.05757273355338881 (2449 plane wave)
 1 1.086804880085813 0.001562499999778106
 2 2.215572385047236 0.001562482283034049
 3 3.409670702328689 0.0005703143679754909
 4 4.532902526182641 1.189058098826794e-08
 5 9.335930885130175 0.000000000000000
 6 9.997707032786309 0.000000000000000
 7 11.01988690762668 0.000000000000000
 8 11.88718611674138 0.000000000000000
 9 13.40520433656837 0.000000000000000
 10 15.47265503439546 0.000000000000000
 11 16.70044050428945 0.000000000000000
 12 17.75322252443953 0.000000000000000

 spin=1 k-point=757/1284 Cartesian=0.03894808998566748 0.1798935219011741 0.05757273355338881 (2449 plane wave)
 1 1.813377368525529 0.001562499682544434
 2 1.825123362446949 0.001562499642977853
 3 4.064041801849958 1.291469108343089e-06
 4 4.129473037017900 6.715712829010238e-07
 5 7.872629887469605 0.000000000000000
 6 9.823564720100922 0.000000000000000
 7 10.76654208806633 0.000000000000000
 8 10.98921112220588 0.000000000000000
 9 15.17551598241938 0.000000000000000
 10 16.36589235763689 0.000000000000000
 11 16.99211411331605 0.000000000000000
 12 17.65393419339117 0.000000000000000

 spin=1 k-point=758/1284 Cartesian=0.05842213497850103 0.1911368670199974 0.05757273355338881 (2451 plane wave)
 1 1.534998812588781 0.001562499980379988
 2 2.663370587847036 0.001560941437506411
 3 3.836146748533749 1.252230961144689e-05
 4 4.941810699136827 1.992233591969362e-10
 5 6.459140569857965 0.000000000000000
 6 8.523235277544172 0.000000000000000
 7 10.52288392230085 0.000000000000000
 8 11.65982975179814 0.000000000000000
 9 15.10359184015385 0.000000000000000
 10 16.77862524498519 0.000000000000000
 11 17.55338309773306 0.000000000000000
 12 18.47920466620956 0.000000000000000

 spin=1 k-point=759/1284 Cartesian=0.07789617997133459 0.2023802121388208 0.05757273355338881 (2452 plane wave)
 1 1.390421649599896 0.001562499995378257
 2 3.330049999186387 0.0008755091922333289
 3 4.021273518532191 1.979852456445065e-06
 4 5.019564960192001 9.154987183730999e-11
 5 6.115631249520288 1.590381032137879e-15
 6 7.236209050585876 0.000000000000000
 7 10.36042841202619 0.000000000000000
 8 12.66935529477404 0.000000000000000
 9 13.83551773017360 0.000000000000000
 10 16.93381474671713 0.000000000000000
 11 19.01663298767446 0.000000000000000
 12 19.81773281584616 0.000000000000000

 spin=1 k-point=760/1284 Cartesian=0.09737022496416814 0.2136235572576441 0.05757273355338881 (2452 plane wave)
 1 1.390421650195717 0.001562499995378257
 2 3.330049981821480 0.0008755092590775949
 3 4.021273554661643 1.979851742041563e-06
 4 5.019564934684554 9.154989518935265e-11
 5 6.115631249547304 1.590381031708223e-15
 6 7.236209058804024 0.000000000000000
 7 10.36042840851512 0.000000000000000
 8 12.66935529685547 0.000000000000000
 9 13.83551773081901 0.000000000000000
 10 16.93381474696424 0.000000000000000
 11 19.01663296595145 0.000000000000000
 12 19.81773284033230 0.000000000000000

 spin=1 k-point=761/1284 Cartesian=0.1168442699570017 0.2248669023764674 0.05757273355338881 (2451 plane wave)
 1 1.534998814665635 0.001562499980379988
 2 2.663370575751976 0.001560941437694732
 3 3.836146773908034 1.252230645946499e-05
 4 4.941810679886741 1.992233975476114e-10
 5 6.459140569019817 0.000000000000000
 6 8.523235288815386 0.000000000000000
 7 10.52288390832974 0.000000000000000
 8 11.65982976114158 0.000000000000000
 9 15.10359184123393 0.000000000000000
 10 16.77862526178626 0.000000000000000
 11 17.55338303866887 0.000000000000000
 12 18.47920471904409 0.000000000000000

 spin=1 k-point=762/1284 Cartesian=0.1363183149498352 0.2361102474952907 0.05757273355338881 (2449 plane wave)
 1 1.813377362997355 0.001562499682544451
 2 1.825123367838384 0.001562499642977834
 3 4.064041796384482 1.291469178869694e-06
 4 4.129473042631350 6.715712452188966e-07
 5 7.872629887463343 0.000000000000000
 6 9.823564715745038 0.000000000000000
 7 10.76654208395417 0.000000000000000
 8 10.98921113432864 0.000000000000000
 9 15.17551597978790 0.000000000000000
 10 16.36589235386408 0.000000000000000
 11 16.99211411089112 0.000000000000000
 12 17.65393419984424 0.000000000000000

 spin=1 k-point=763/1284 Cartesian=0.1557923599426688 0.2473535926141141 0.05757273355338881 (2449 plane wave)
 1 1.086804877342511 0.001562499999778106
 2 2.215572398076460 0.001562482283031740
 3 3.409670678097783 0.0005703144557274831
 4 4.532902541702499 1.189057914288040e-08
 5 9.335930919186172 0.000000000000000
 6 9.997706953389798 0.000000000000000
 7 11.01988696832450 0.000000000000000
 8 11.88718610140841 0.000000000000000
 9 13.40520433980750 0.000000000000000
 10 15.47265505359458 0.000000000000000
 11 16.70044043951444 0.000000000000000
 12 17.75322257000935 0.000000000000000

 spin=1 k-point=764/1284 Cartesian=-0.1363183149498344 0.07870341583176405 0.05757273355338881 (2453 plane wave)
 1 0.4942976345083592 0.001562499999999444
 2 2.455786770668640 0.001562304305798946
 3 3.171533120901437 0.001346065630500767
 4 5.120023228701919 3.352532009716405e-11
 5 9.265692138026537 0.000000000000000
 6 10.77768092340221 0.000000000000000
 7 11.40113933361881 0.000000000000000
 8 12.40642849125941 0.000000000000000
 9 12.98488773454465 0.000000000000000
 10 14.31817396599889 0.000000000000000
 11 16.20871636267965 0.000000000000000
 12 18.39387183715720 0.000000000000000

 spin=1 k-point=765/1284 Cartesian=-0.1168442699570009 0.08994676095058739 0.05757273355338881 (2460 plane wave)
 1 0.04779489539971256 0.001562500000000030
 2 2.176827554430002 0.001562487973916102
 3 3.746871165392530 3.022830500336267e-05
 4 5.849936367310993 2.266729424372554e-14
 5 8.776235547820010 0.000000000000000
 6 9.749983009105122 0.000000000000000
 7 11.76230441670732 0.000000000000000
 8 12.50557525709478 0.000000000000000
 9 13.53726560148843 0.000000000000000
 10 15.34758917506334 0.000000000000000
 11 16.11082179589217 0.000000000000000
 12 18.43711722927607 0.000000000000000

 spin=1 k-point=766/1284 Cartesian=-0.09737022496416733 0.1011901060694107 0.05757273355338881 (2459 plane wave)
 1 -0.2505809153974198 0.001562500000000036
 2 1.908583248104293 0.001562499177460393
 3 4.604647654527604 5.802558902028458e-09
 4 6.698737222970577 0.000000000000000
 5 8.015253875871903 0.000000000000000
 6 8.812506191136370 0.000000000000000
 7 10.46490696023048 0.000000000000000
 8 13.33020280671374 0.000000000000000
 9 14.91908994593504 0.000000000000000
 10 15.92080322912597 0.000000000000000
 11 16.92710571397600 0.000000000000000
 12 18.03942427503653 0.000000000000000

 spin=1 k-point=767/1284 Cartesian=-0.07789617997133380 0.1124334511882341 0.05757273355338881 (2464 plane wave)
 1 -0.3999414860168786 0.001562500000000037
 2 1.767847132877671 0.001562499798651870
 3 5.621821073992575 2.218666654233907e-13
 4 6.752109676668823 0.000000000000000
 5 7.674727405741534 0.000000000000000
 6 8.521418983647155 0.000000000000000
 7 9.320647185289300 0.000000000000000
 8 14.19505787105904 0.000000000000000
 9 15.06637551184277 0.000000000000000
 10 15.88518411102728 0.000000000000000
 11 17.85477552662944 0.000000000000000
 12 19.78541659711738 0.000000000000000

 spin=1 k-point=768/1284 Cartesian=-0.05842213497850025 0.1236767963070574 0.05757273355338881 (2464 plane wave)
 1 -0.3999414858615714 0.001562500000000037
 2 1.767847131898729 0.001562499798651872
 3 5.621821093601854 2.218666219169308e-13
 4 6.752109650428689 0.000000000000000
 5 7.674727346404548 0.000000000000000
 6 8.521419116670311 0.000000000000000
 7 9.320647117105047 0.000000000000000
 8 14.19505785513033 0.000000000000000
 9 15.06637555385381 0.000000000000000
 10 15.88518409323116 0.000000000000000
 11 17.85477550144621 0.000000000000000
 12 19.78541660103405 0.000000000000000

 spin=1 k-point=769/1284 Cartesian=-0.03894808998566670 0.1349201414258807 0.05757273355338881 (2459 plane wave)
 1 -0.2505809149031422 0.001562500000000036
 2 1.908583244578309 0.001562499177460422
 3 4.604647672309105 5.802557870250102e-09
 4 6.698737194019340 0.000000000000000
 5 8.015253818078302 0.000000000000000
 6 8.812506307262444 0.000000000000000
 7 10.46490690786267 0.000000000000000
 8 13.33020280960562 0.000000000000000
 9 14.91908996688482 0.000000000000000
 10 15.92080322257886 0.000000000000000
 11 16.92710567438068 0.000000000000000
 12 18.03942431830545 0.000000000000000

 spin=1 k-point=770/1284 Cartesian=-0.01947404499283316 0.1461634865447041 0.05757273355338881 (2460 plane wave)
 1 0.04779489632953200 0.001562500000000030
 2 2.176827545393692 0.001562487973917190
 3 3.746871186503128 3.022829874544082e-05
 4 5.849936347313260 2.266729877667200e-14
 5 8.776235524491728 0.000000000000000
 6 9.749983068031632 0.000000000000000
 7 11.76230435198590 0.000000000000000
 8 12.50557531253454 0.000000000000000
 9 13.53726557704554 0.000000000000000
 10 15.34758909863487 0.000000000000000
 11 16.11082190652465 0.000000000000000
 12 18.43711719967756 0.000000000000000

 spin=1 k-point=771/1284 Cartesian=0.000000000000000 0.1798935219011738 0.05757273355338881 (2442 plane wave)
 1 1.591508811807135 0.001562499965476129
 2 1.598407397655425 0.001562499963010395
 3 3.855454911657505 1.033812300313716e-05
 4 3.905849467686788 6.262097733380689e-06
 5 10.26747390608809 0.000000000000000
 6 10.35881531457724 0.000000000000000
 7 10.70185589920414 0.000000000000000
 8 12.24896659298996 0.000000000000000
 9 12.90909918506083 0.000000000000000
 10 14.27149261520432 0.000000000000000
 11 17.06538129602535 0.000000000000000
 12 17.35638867311547 0.000000000000000

 spin=1 k-point=772/1284 Cartesian=0.01947404499283394 0.1911368670199974 0.05757273355338881 (2449 plane wave)
 1 1.086804877653977 0.001562499999778106
 2 2.215572397048178 0.001562482283031923
 3 3.409670680264581 0.0005703144478804471
 4 4.532902540341463 1.189057930471418e-08
 5 9.335930920424829 0.000000000000000
 6 9.997706951680799 0.000000000000000
 7 11.01988697083940 0.000000000000000
 8 11.88718609425426 0.000000000000000
 9 13.40520434225133 0.000000000000000
 10 15.47265505714579 0.000000000000000
 11 16.70044043963147 0.000000000000000
 12 17.75322257098041 0.000000000000000

 spin=1 k-point=773/1284 Cartesian=0.03894808998566748 0.2023802121388207 0.05757273355338881 (2455 plane wave)
 1 0.7188997097339581 0.001562499999994434
 2 2.679419239065464 0.001560670437547534
 3 3.390466082700506 0.0006414903987481185
 4 5.330671782067846 4.078849430352848e-12
 5 7.929994661294023 0.000000000000000
 6 9.462645226555431 0.000000000000000
 7 10.33150727736938 0.000000000000000
 8 12.02244283941584 0.000000000000000
 9 15.16738904161391 0.000000000000000
 10 16.15746267222564 0.000000000000000
 11 16.78690071646476 0.000000000000000
 12 17.81138481325352 0.000000000000000

 spin=1 k-point=774/1284 Cartesian=0.05842213497850103 0.2136235572576441 0.05757273355338881 (2457 plane wave)
 1 0.4969940814771698 0.001562499999999427
 2 2.618690712903758 0.001561502671881066
 3 4.186470139478805 3.798725306759192e-07
 4 6.133997911755302 1.323536026619923e-15
 5 6.710047911659824 0.000000000000000
 6 8.588326636720993 0.000000000000000
 7 9.622717157227967 0.000000000000000
 8 12.94426815450966 0.000000000000000
 9 15.14787843845327 0.000000000000000
 10 16.13094860875378 0.000000000000000
 11 17.59029276108312 0.000000000000000
 12 19.46100563007219 0.000000000000000

 spin=1 k-point=775/1284 Cartesian=0.07789617997133459 0.2248669023764674 0.05757273355338881 (2452 plane wave)
 1 0.4228776793765154 0.001562499999999746
 2 2.564290961866166 0.001561920972468869
 3 5.223698851155104 1.188817861253620e-11
 4 5.282551579234990 6.599653125311389e-12
 5 7.369575463344078 0.000000000000000
 6 7.507606564592089 0.000000000000000
 7 9.481714184675520 0.000000000000000
 8 13.89400392630729 0.000000000000000
 9 14.14587953780337 0.000000000000000
 10 16.05846959208263 0.000000000000000
 11 19.55214694553040 0.000000000000000
 12 19.68841307449859 0.000000000000000

 spin=1 k-point=776/1284 Cartesian=0.09737022496416814 0.2361102474952907 0.05757273355338881 (2457 plane wave)
 1 0.4969940820503880 0.001562499999999427
 2 2.618690705722072 0.001561502671952645
 3 4.186470160002369 3.798724527314806e-07
 4 6.133997882214207 1.323536417607108e-15
 5 6.710047907416237 0.000000000000000
 6 8.588326694289913 0.000000000000000
 7 9.622717115785864 0.000000000000000
 8 12.94426815663918 0.000000000000000
 9 15.14787845219519 0.000000000000000
 10 16.13094860902671 0.000000000000000
 11 17.59029272208191 0.000000000000000
 12 19.46100570638743 0.000000000000000

 spin=1 k-point=777/1284 Cartesian=0.1168442699570017 0.2473535926141141 0.05757273355338881 (2455 plane wave)
 1 0.7188997110552360 0.001562499999994434
 2 2.679419215062667 0.001560670437986166
 3 3.390466118066765 0.0006414902650197617
 4 5.330671764676623 4.078850139714883e-12
 5 7.929994643451304 0.000000000000000
 6 9.462645318475495 0.000000000000000
 7 10.33150719162537 0.000000000000000
 8 12.02244285818092 0.000000000000000
 9 15.16738904219885 0.000000000000000
 10 16.15746270122987 0.000000000000000
 11 16.78690064191476 0.000000000000000
 12 17.81138488095336 0.000000000000000

 spin=1 k-point=778/1284 Cartesian=0.1363183149498352 0.2585969377329374 0.05757273355338881 (2449 plane wave)
 1 1.086804880212300 0.001562499999778106
 2 2.215572384027105 0.001562482283034230
 3 3.409670703864662 0.0005703143624129785
 4 4.532902525204249 1.189058110460360e-08
 5 9.335930884313907 0.000000000000000
 6 9.997707034098758 0.000000000000000
 7 11.01988690484081 0.000000000000000
 8 11.88718612465917 0.000000000000000
 9 13.40520433453268 0.000000000000000
 10 15.47265503089038 0.000000000000000
 11 16.70044050015382 0.000000000000000
 12 17.75322252873891 0.000000000000000

 spin=1 k-point=779/1284 Cartesian=0.1557923599426688 0.2698402828517608 0.05757273355338881 (2442 plane wave)
 1 1.591508806317980 0.001562499965476132
 2 1.598407403082449 0.001562499963010393
 3 3.855454906033212 1.033812358073658e-05
 4 3.905849473015753 6.262097401013005e-06
 5 10.26747390106711 0.000000000000000
 6 10.35881532058655 0.000000000000000
 7 10.70185590135326 0.000000000000000
 8 12.24896659136120 0.000000000000000
 9 12.90909918721633 0.000000000000000
 10 14.27149261204753 0.000000000000000
 11 17.06538129079340 0.000000000000000
 12 17.35638867720353 0.000000000000000

 spin=1 k-point=780/1284 Cartesian=0.1363183149498352 0.2585969377329374 -0.05757273355338832 (2449 plane wave)
 1 1.086804877382504 0.001562499999778106
 2 2.215572398096732 0.001562482283031737
 3 3.409670678013876 0.0005703144560313524
 4 4.532902541597903 1.189057915531733e-08
 5 9.335930918452876 0.000000000000000
 6 9.997706956631141 0.000000000000000
 7 11.01988697000342 0.000000000000000
 8 11.88718609395320 0.000000000000000
 9 13.40520434225619 0.000000000000000
 10 15.47265505538047 0.000000000000000
 11 16.70044043785596 0.000000000000000
 12 17.75322257168628 0.000000000000000

 spin=1 k-point=781/1284 Cartesian=0.1168442699570017 0.2473535926141141 -0.05757273355338832 (2455 plane wave)
 1 0.7188997095771161 0.001562499999994434
 2 2.679419241018786 0.001560670437511839
 3 3.390466079708663 0.0006414904100609989
 4 5.330671783199609 4.078849384189934e-12
 5 7.929994660185608 0.000000000000000
 6 9.462645232712511 0.000000000000000
 7 10.33150727280364 0.000000000000000
 8 12.02244283943230 0.000000000000000
 9 15.16738904252545 0.000000000000000
 10 16.15746266999272 0.000000000000000
 11 16.78690071733578 0.000000000000000
 12 17.81138481321463 0.000000000000000

 spin=1 k-point=782/1284 Cartesian=-0.09737022496416733 0.1236767963070574 0.05757273355338881 (2457 plane wave)
 1 0.4969940813764352 0.001562499999999427
 2 2.618690713662065 0.001561502671873508
 3 4.186470137761212 3.798725371989976e-07
 4 6.133997912343505 1.323536018834846e-15
 5 6.710047911308989 0.000000000000000
 6 8.588326641711742 0.000000000000000
 7 9.622717153188246 0.000000000000000
 8 12.94426815418437 0.000000000000000
 9 15.14787843619933 0.000000000000000
 10 16.13094861214321 0.000000000000000
 11 17.59029276191532 0.000000000000000
 12 19.46100562739809 0.000000000000000

 spin=1 k-point=783/1284 Cartesian=-0.07789617997133380 0.1349201414258807 0.05757273355338881 (2452 plane wave)
 1 0.4228776793016230 0.001562499999999746
 2 2.564290962397929 0.001561920972465792
 3 5.223698850877383 1.188817864555216e-11
 4 5.282551577163536 6.599653262020200e-12
 5 7.369575466334643 0.000000000000000
 6 7.507606565684320 0.000000000000000
 7 9.481714182433208 0.000000000000000
 8 13.89400392369569 0.000000000000000
 9 14.14587953857619 0.000000000000000
 10 16.05846959392815 0.000000000000000
 11 19.55214695035887 0.000000000000000
 12 19.68841307470416 0.000000000000000

 spin=1 k-point=784/1284 Cartesian=-0.05842213497850025 0.1461634865447040 0.05757273355338881 (2457 plane wave)
 1 0.4969940819789517 0.001562499999999427
 2 2.618690706525840 0.001561502671944634
 3 4.186470158697611 3.798724576866956e-07
 4 6.133997882638118 1.323536411996494e-15
 5 6.710047907572682 0.000000000000000
 6 8.588326696127810 0.000000000000000
 7 9.622717113712566 0.000000000000000
 8 12.94426815535138 0.000000000000000
 9 15.14787845178143 0.000000000000000
 10 16.13094860982734 0.000000000000000
 11 17.59029272445457 0.000000000000000
 12 19.46100570390324 0.000000000000000

 spin=1 k-point=785/1284 Cartesian=-0.03894808998566670 0.1574068316635274 0.05757273355338881 (2455 plane wave)
 1 0.7188997109610994 0.001562499999994434
 2 2.679419217003120 0.001560670437950706
 3 3.390466115593513 0.0006414902743717231
 4 5.330671766027556 4.078850084612355e-12
 5 7.929994642076362 0.000000000000000
 6 9.462645319948344 0.000000000000000
 7 10.33150719047863 0.000000000000000
 8 12.02244285687885 0.000000000000000
 9 15.16738904156403 0.000000000000000
 10 16.15746270332110 0.000000000000000
 11 16.78690064184938 0.000000000000000
 12 17.81138488115086 0.000000000000000

 spin=1 k-point=786/1284 Cartesian=-0.01947404499283316 0.1686501767823507 0.05757273355338881 (2449 plane wave)
 1 1.086804880055355 0.001562499999778106
 2 2.215572385052039 0.001562482283034048
 3 3.409670702369470 0.0005703143678278014
 4 4.532902526350576 1.189058096829960e-08
 5 9.335930882733487 0.000000000000000
 6 9.997707034132738 0.000000000000000
 7 11.01988690574954 0.000000000000000
 8 11.88718612249403 0.000000000000000
 9 13.40520433492250 0.000000000000000
 10 15.47265503232816 0.000000000000000
 11 16.70044050218343 0.000000000000000
 12 17.75322252645378 0.000000000000000

 spin=1 k-point=787/1284 Cartesian=0.000000000000000 0.1574068316635272 -0.05757273355338832 (2453 plane wave)
 1 0.4942976346684095 0.001562499999999444
 2 2.455786768774476 0.001562304305802652
 3 3.171533123899241 0.001346065624911232
 4 5.120023227564525 3.352532047847920e-11
 5 9.265692137876174 0.000000000000000
 6 10.77768092128349 0.000000000000000
 7 11.40113933237135 0.000000000000000
 8 12.40642849458521 0.000000000000000
 9 12.98488773236485 0.000000000000000
 10 14.31817396854360 0.000000000000000
 11 16.20871636294912 0.000000000000000
 12 18.39387183711512 0.000000000000000

 spin=1 k-point=788/1284 Cartesian=-0.01947404499283316 0.1461634865447041 -0.05757273355338832 (2460 plane wave)
 1 0.04779489549515426 0.001562500000000030
 2 2.176827553812984 0.001562487973916177
 3 3.746871167090862 3.022830449991749e-05
 4 5.849936366093418 2.266729451971686e-14
 5 8.776235548228582 0.000000000000000
 6 9.749983007260830 0.000000000000000
 7 11.76230441688343 0.000000000000000
 8 12.50557525660756 0.000000000000000
 9 13.53726560237103 0.000000000000000
 10 15.34758917652146 0.000000000000000
 11 16.11082179611346 0.000000000000000
 12 18.43711722892293 0.000000000000000

 spin=1 k-point=789/1284 Cartesian=-0.03894808998566670 0.1349201414258807 -0.05757273355338832 (2459 plane wave)
 1 -0.2505809153381524 0.001562500000000036
 2 1.908583247848094 0.001562499177460395
 3 4.604647655902262 5.802558822263442e-09
 4 6.698737221463984 0.000000000000000
 5 8.015253877441397 0.000000000000000
 6 8.812506187647617 0.000000000000000
 7 10.46490696205176 0.000000000000000
 8 13.33020280724009 0.000000000000000
 9 14.91908994538910 0.000000000000000
 10 15.92080322975133 0.000000000000000
 11 16.92710571356685 0.000000000000000
 12 18.03942427528674 0.000000000000000

 spin=1 k-point=790/1284 Cartesian=0.05842213497850103 -0.1236767963070560 0.05757273355338881 (2464 plane wave)
 1 -0.3999414859800458 0.001562500000000037
 2 1.767847132710376 0.001562499798651871
 3 5.621821075396304 2.218666623089831e-13
 4 6.752109677722871 0.000000000000000
 5 7.674727402634586 0.000000000000000
 6 8.521418979508999 0.000000000000000
 7 9.320647190150627 0.000000000000000
 8 14.19505787296701 0.000000000000000
 9 15.06637551208899 0.000000000000000
 10 15.88518410866686 0.000000000000000
 11 17.85477552630122 0.000000000000000
 12 19.78541659645947 0.000000000000000

 spin=1 k-point=791/1284 Cartesian=0.07789617997133459 -0.1124334511882327 0.05757273355338881 (2464 plane wave)
 1 -0.3999414858356506 0.001562500000000037
 2 1.767847131706039 0.001562499798651872
 3 5.621821094585672 2.218666197341667e-13
 4 6.752109652101725 0.000000000000000
 5 7.674727340773826 0.000000000000000
 6 8.521419117507230 0.000000000000000
 7 9.320647119599894 0.000000000000000
 8 14.19505785829242 0.000000000000000
 9 15.06637555213727 0.000000000000000
 10 15.88518409234575 0.000000000000000
 11 17.85477550001591 0.000000000000000
 12 19.78541659917115 0.000000000000000

 spin=1 k-point=792/1284 Cartesian=0.09737022496416814 -0.1011901060694093 0.05757273355338881 (2459 plane wave)
 1 -0.2505809148786474 0.001562500000000036
 2 1.908583244242396 0.001562499177460425
 3 4.604647673344913 5.802557810146975e-09
 4 6.698737191564429 0.000000000000000
 5 8.015253819801933 0.000000000000000
 6 8.812506307137598 0.000000000000000
 7 10.46490690845701 0.000000000000000
 8 13.33020281145593 0.000000000000000
 9 14.91908996729299 0.000000000000000
 10 15.92080322009414 0.000000000000000
 11 16.92710567504838 0.000000000000000
 12 18.03942431625254 0.000000000000000

 spin=1 k-point=793/1284 Cartesian=0.1168442699570017 -0.08994676095058601 0.05757273355338881 (2460 plane wave)
 1 0.04779489636536796 0.001562500000000030
 2 2.176827544654351 0.001562487973917278
 3 3.746871187888863 3.022829833466025e-05
 4 5.849936345539659 2.266729917869969e-14
 5 8.776235525777519 0.000000000000000
 6 9.749983068689740 0.000000000000000
 7 11.76230435150073 0.000000000000000
 8 12.50557531450278 0.000000000000000
 9 13.53726557783470 0.000000000000000
 10 15.34758909686234 0.000000000000000
 11 16.11082190423130 0.000000000000000
 12 18.43711720022907 0.000000000000000

 spin=1 k-point=794/1284 Cartesian=0.1363183149498352 -0.07870341583176267 0.05757273355338881 (2453 plane wave)
 1 0.4942976361603417 0.001562499999999444
 2 2.455786743920620 0.001562304305851284
 3 3.171533159379998 0.001346065558755802
 4 5.120023211081449 3.352532600448522e-11
 5 9.265692132049038 0.000000000000000
 6 10.77768092341728 0.000000000000000
 7 11.40113940909739 0.000000000000000
 8 12.40642841552786 0.000000000000000
 9 12.98488773452639 0.000000000000000
 10 14.31817394464647 0.000000000000000
 11 16.20871642478274 0.000000000000000
 12 18.39387179895482 0.000000000000000

 spin=1 k-point=795/1284 Cartesian=0.1557923599426688 0.2473535926141141 -0.05757273355338832 (2449 plane wave)
 1 1.086804880215677 0.001562499999778106
 2 2.215572384051962 0.001562482283034225
 3 3.409670703798870 0.0005703143626512469
 4 4.532902525117160 1.189058111495884e-08
 5 9.335930883708748 0.000000000000000
 6 9.997707035306870 0.000000000000000
 7 11.01988691081980 0.000000000000000
 8 11.88718611459800 0.000000000000000
 9 13.40520433747072 0.000000000000000
 10 15.47265503213389 0.000000000000000
 11 16.70044050098483 0.000000000000000
 12 17.75322252519281 0.000000000000000

 spin=1 k-point=796/1284 Cartesian=0.1363183149498352 0.2361102474952907 -0.05757273355338832 (2449 plane wave)
 1 1.813377363007548 0.001562499682544451
 2 1.825123367918418 0.001562499642977834
 3 4.064041796447116 1.291469178061479e-06
 4 4.129473042242517 6.715712478290666e-07
 5 7.872629886512261 0.000000000000000
 6 9.823564725597508 0.000000000000000
 7 10.76654208402425 0.000000000000000
 8 10.98921112270018 0.000000000000000
 9 15.17551598459725 0.000000000000000
 10 16.36589235445712 0.000000000000000
 11 16.99211411074646 0.000000000000000
 12 17.65393419581198 0.000000000000000

 spin=1 k-point=797/1284 Cartesian=0.1168442699570017 0.2248669023764674 -0.05757273355338832 (2451 plane wave)
 1 1.534998812287774 0.001562499980379988
 2 2.663370588986651 0.001560941437488668
 3 3.836146746405586 1.252230987580646e-05
 4 4.941810700468343 1.992233565442445e-10
 5 6.459140568814209 0.000000000000000
 6 8.523235280438694 0.000000000000000
 7 10.52288392046357 0.000000000000000
 8 11.65982975201256 0.000000000000000
 9 15.10359183864832 0.000000000000000
 10 16.77862524906758 0.000000000000000
 11 17.55338309775195 0.000000000000000
 12 18.47920466255289 0.000000000000000

 spin=1 k-point=798/1284 Cartesian=0.09737022496416814 0.2136235572576441 -0.05757273355338832 (2452 plane wave)
 1 1.390421649405870 0.001562499995378257
 2 3.330050001556674 0.0008755091831091714
 3 4.021273515845105 1.979852509578011e-06
 4 5.019564959092564 9.154987284384373e-11
 5 6.115631250230797 1.590381020838068e-15
 6 7.236209052576720 0.000000000000000
 7 10.36042841096673 0.000000000000000
 8 12.66935529466476 0.000000000000000
 9 13.83551772933258 0.000000000000000
 10 16.93381474819817 0.000000000000000
 11 19.01663299214159 0.000000000000000
 12 19.81773281156049 0.000000000000000

 spin=1 k-point=799/1284 Cartesian=0.07789617997133459 0.2023802121388208 -0.05757273355338832 (2452 plane wave)
 1 1.390421650033848 0.001562499995378257
 2 3.330049983941886 0.0008755092509153301
 3 4.021273552952054 1.979851775845998e-06
 4 5.019564932601730 9.154989709617596e-11
 5 6.115631251152409 1.590381006180938e-15
 6 7.236209059764835 0.000000000000000
 7 10.36042840772164 0.000000000000000
 8 12.66935529587072 0.000000000000000
 9 13.83551773090043 0.000000000000000
 10 16.93381474771607 0.000000000000000
 11 19.01663296883779 0.000000000000000
 12 19.81773283782880 0.000000000000000

 spin=1 k-point=800/1284 Cartesian=0.05842213497850103 0.1911368670199974 -0.05757273355338832 (2451 plane wave)
 1 1.534998814477555 0.001562499980379988
 2 2.663370576715716 0.001560941437679727
 3 3.836146772856798 1.252230659004907e-05
 4 4.941810680661332 1.992233960044450e-10
 5 6.459140567988466 0.000000000000000
 6 8.523235289881745 0.000000000000000
 7 10.52288390774238 0.000000000000000
 8 11.65982976017827 0.000000000000000
 9 15.10359184106865 0.000000000000000
 10 16.77862526085714 0.000000000000000
 11 17.55338304334173 0.000000000000000
 12 18.47920471513575 0.000000000000000

 spin=1 k-point=801/1284 Cartesian=0.03894808998566748 0.1798935219011741 -0.05757273355338832 (2449 plane wave)
 1 1.813377368430426 0.001562499682544434
 2 1.825123362416394 0.001562499642977854
 3 4.064041802205997 1.291469103748750e-06
 4 4.129473037218722 6.715712815529355e-07
 5 7.872629886296513 0.000000000000000
 6 9.823564716041137 0.000000000000000
 7 10.76654208948545 0.000000000000000
 8 10.98921112803583 0.000000000000000
 9 15.17551598027645 0.000000000000000
 10 16.36589235443780 0.000000000000000
 11 16.99211411163636 0.000000000000000
 12 17.65393419527902 0.000000000000000

 spin=1 k-point=802/1284 Cartesian=0.01947404499283394 0.1686501767823507 -0.05757273355338832 (2449 plane wave)
 1 1.086804877627894 0.001562499999778106
 2 2.215572396984367 0.001562482283031934
 3 3.409670680432927 0.0005703144472707828
 4 4.532902540440481 1.189057929294056e-08
 5 9.335930918757677 0.000000000000000
 6 9.997706950737717 0.000000000000000
 7 11.01988697180485 0.000000000000000
 8 11.88718609867355 0.000000000000000
 9 13.40520434089149 0.000000000000000
 10 15.47265505440863 0.000000000000000
 11 16.70044044048699 0.000000000000000
 12 17.75322256753051 0.000000000000000

 spin=1 k-point=803/1284 Cartesian=0.000000000000000 0.1349201414258805 -0.05757273355338832 (2468 plane wave)
 1 -0.4755575580994200 0.001562500000000037
 2 1.685982559083859 0.001562499911199764
 3 4.383772032905055 5.282717156222741e-08
 4 6.498266394186508 0.000000000000000
 5 8.368328954869087 0.000000000000000
 6 11.00513415223564 0.000000000000000
 7 12.14011411313768 0.000000000000000
 8 13.13912189109322 0.000000000000000
 9 13.21222824090795 0.000000000000000
 10 14.36827686509485 0.000000000000000
 11 15.57794881198422 0.000000000000000
 12 19.67055489811178 0.000000000000000

 spin=1 k-point=804/1284 Cartesian=-0.01947404499283316 0.1236767963070574 -0.05757273355338832 (2472 plane wave)
 1 -0.8499448820412518 0.001562500000000037
 2 1.323236977029944 0.001562499997639396
 3 5.183421396284229 1.778435531745061e-11
 4 7.220787775020131 0.000000000000000
 5 8.076535758665806 0.000000000000000
 6 10.01265442694675 0.000000000000000
 7 12.13451695593210 0.000000000000000
 8 13.56708538389674 0.000000000000000
 9 13.80831044613598 0.000000000000000
 10 15.00932268710289 0.000000000000000
 11 16.23819526330389 0.000000000000000
 12 18.82482145741482 0.000000000000000

 spin=1 k-point=805/1284 Cartesian=0.03894808998566748 -0.1124334511882327 0.05757273355338881 (2469 plane wave)
 1 -1.074767272107026 0.001562500000000037
 2 1.103271806308771 0.001562499999738379
 3 6.119458564216733 1.530662233382977e-15
 4 7.565022737064156 0.000000000000000
 5 8.190457056032564 0.000000000000000
 6 8.955433798445288 0.000000000000000
 7 10.81887328964917 0.000000000000000
 8 14.07750091975070 0.000000000000000
 9 15.02668727462511 0.000000000000000
 10 16.20165359514604 0.000000000000000
 11 17.28511936970320 0.000000000000000
 12 18.35988599378581 0.000000000000000

 spin=1 k-point=806/1284 Cartesian=0.05842213497850103 -0.1011901060694093 0.05757273355338881 (2471 plane wave)
 1 -1.149736841235333 0.001562500000000037
 2 1.029679771323670 0.001562499999874686
 3 7.014294433959402 0.000000000000000
 4 7.252676304071890 0.000000000000000
 5 7.797159899557085 0.000000000000000
 6 9.494544153790111 0.000000000000000
 7 9.746084633254830 0.000000000000000
 8 14.09877649163034 0.000000000000000
 9 16.15339348432327 0.000000000000000
 10 16.18006109960964 0.000000000000000
 11 18.12866351996881 0.000000000000000
 12 18.39791378020820 0.000000000000000

 spin=1 k-point=807/1284 Cartesian=0.07789617997133459 -0.08994676095058600 0.05757273355338881 (2469 plane wave)
 1 -1.074767271943042 0.001562500000000037
 2 1.103271805389652 0.001562499999738379
 3 6.119458592312736 1.530661803328026e-15
 4 7.565022658847412 0.000000000000000
 5 8.190457033194505 0.000000000000000
 6 8.955433908075312 0.000000000000000
 7 10.81887324956536 0.000000000000000
 8 14.07750090056778 0.000000000000000
 9 15.02668733564155 0.000000000000000
 10 16.20165355461581 0.000000000000000
 11 17.28511934811755 0.000000000000000
 12 18.35988601932227 0.000000000000000

 spin=1 k-point=808/1284 Cartesian=0.09737022496416814 -0.07870341583176266 0.05757273355338881 (2472 plane wave)
 1 -0.8499448816926806 0.001562500000000037
 2 1.323236974898004 0.001562499997639396
 3 5.183421415935863 1.778435182253370e-11
 4 7.220787712851068 0.000000000000000
 5 8.076535789152111 0.000000000000000
 6 10.01265446590118 0.000000000000000
 7 12.13451691996086 0.000000000000000
 8 13.56708546833862 0.000000000000000
 9 13.80831039143478 0.000000000000000
 10 15.00932260154051 0.000000000000000
 11 16.23819535096932 0.000000000000000
 12 18.82482144083865 0.000000000000000

 spin=1 k-point=809/1284 Cartesian=0.1168442699570017 -0.06746007071293933 0.05757273355338881 (2468 plane wave)
 1 -0.4755575575193017 0.001562500000000037
 2 1.685982554845331 0.001562499911199768
 3 4.383772050555129 5.282716223850601e-08
 4 6.498266363475842 0.000000000000000
 5 8.368328966169875 0.000000000000000
 6 11.00513415436597 0.000000000000000
 7 12.14011422123325 0.000000000000000
 8 13.13912176865460 0.000000000000000
 9 13.21222824305998 0.000000000000000
 10 14.36827678871830 0.000000000000000
 11 15.57794892673656 0.000000000000000
 12 19.67055485608975 0.000000000000000

 spin=1 k-point=810/1284 Cartesian=0.1363183149498352 -0.05621672559411599 0.05757273355338881 (2460 plane wave)
 1 0.04779489636857030 0.001562500000000030
 2 2.176827544566232 0.001562487973917289
 3 3.746871187942832 3.022829831866212e-05
 4 5.849936345483572 2.266729919141294e-14
 5 8.776235526457416 0.000000000000000
 6 9.749983067360530 0.000000000000000
 7 11.76230435923272 0.000000000000000
 8 12.50557530354718 0.000000000000000
 9 13.53726558217176 0.000000000000000
 10 15.34758909430036 0.000000000000000
 11 16.11082190700562 0.000000000000000
 12 18.43711719708364 0.000000000000000

 spin=1 k-point=811/1284 Cartesian=0.1557923599426688 0.2248669023764674 -0.05757273355338832 (2455 plane wave)
 1 0.7188997110616769 0.001562499999994434
 2 2.679419214921245 0.001560670437988751
 3 3.390466118140869 0.0006414902647395570
 4 5.330671764536384 4.078850145434983e-12
 5 7.929994642597539 0.000000000000000
 6 9.462645322654430 0.000000000000000
 7 10.33150719116419 0.000000000000000
 8 12.02244285235654 0.000000000000000
 9 15.16738905011310 0.000000000000000
 10 16.15746269935178 0.000000000000000
 11 16.78690063799292 0.000000000000000
 12 17.81138488060962 0.000000000000000

 spin=1 k-point=812/1284 Cartesian=0.1363183149498352 0.2136235572576441 -0.05757273355338832 (2451 plane wave)
 1 1.534998814682874 0.001562499980379988
 2 2.663370575775431 0.001560941437694367
 3 3.836146773863667 1.252230646497629e-05
 4 4.941810679556644 1.992233982052426e-10
 5 6.459140568164872 0.000000000000000
 6 8.523235293026723 0.000000000000000
 7 10.52288390665318 0.000000000000000
 8 11.65982975725251 0.000000000000000
 9 15.10359184303143 0.000000000000000
 10 16.77862527225272 0.000000000000000
 11 17.55338303042469 0.000000000000000
 12 18.47920471571903 0.000000000000000

 spin=1 k-point=813/1284 Cartesian=0.1168442699570017 0.2023802121388207 -0.05757273355338832 (2446 plane wave)
 1 2.472217767520921 0.001562269363959641
 2 2.504516647788594 0.001562181451897024
 3 4.425859900108979 3.467983904446373e-08
 4 4.797913068168717 8.400008094099865e-10
 5 5.317390060671161 4.658214370529609e-12
 6 7.165518021736821 0.000000000000000
 7 11.41653726606816 0.000000000000000
 8 11.46204134153327 0.000000000000000
 9 13.76746659767545 0.000000000000000
 10 17.90678814348727 0.000000000000000
 11 18.04308531629097 0.000000000000000
 12 19.61241937985588 0.000000000000000

 spin=1 k-point=814/1284 Cartesian=0.09737022496416814 0.1911368670199974 -0.05757273355338832 (2452 plane wave)
 1 2.422100285610686 0.001562360268303706
 2 3.467964439580506 0.0003795845565570447
 3 3.642296923418132 8.304980906931973e-05
 4 4.839081493549831 5.565286668671816e-10
 5 5.907980793793704 1.268574213581894e-14
 6 5.970691063699994 6.775924693965279e-15
 7 11.36507748704182 0.000000000000000
 8 12.49044561915179 0.000000000000000
 9 12.57480080007024 0.000000000000000
 10 17.95758528414102 0.000000000000000
 11 19.03405675091763 0.000000000000000
 12 19.17977451739544 0.000000000000000

 spin=1 k-point=815/1284 Cartesian=0.07789617997133459 0.1798935219011741 -0.05757273355338832 (2446 plane wave)
 1 2.472217772765030 0.001562269363947548
 2 2.504516642103825 0.001562181451915129
 3 4.425859904925631 3.467983737409331e-08
 4 4.797913063629046 8.400008475432493e-10
 5 5.317390061553661 4.658214329420846e-12
 6 7.165518019767582 0.000000000000000
 7 11.41653727131409 0.000000000000000
 8 11.46204133905373 0.000000000000000
 9 13.76746659641527 0.000000000000000
 10 17.90678813228990 0.000000000000000
 11 18.04308532199411 0.000000000000000
 12 19.61241938597476 0.000000000000000

 spin=1 k-point=816/1284 Cartesian=0.05842213497850103 0.1686501767823507 -0.05757273355338832 (2451 plane wave)
 1 1.534998812510421 0.001562499980379988
 2 2.663370587541612 0.001560941437511167
 3 3.836146749455255 1.252230949697790e-05
 4 4.941810699517243 1.992233584390580e-10
 5 6.459140568498592 0.000000000000000
 6 8.523235275656328 0.000000000000000
 7 10.52288392560939 0.000000000000000
 8 11.65982975279799 0.000000000000000
 9 15.10359183842099 0.000000000000000
 10 16.77862524261813 0.000000000000000
 11 17.55338309446075 0.000000000000000
 12 18.47920467147947 0.000000000000000

 spin=1 k-point=817/1284 Cartesian=0.03894808998566748 0.1574068316635274 -0.05757273355338832 (2455 plane wave)
 1 0.7188997096773191 0.001562499999994434
 2 2.679419238959584 0.001560670437549469
 3 3.390466083008679 0.0006414903975828400
 4 5.330671782358592 4.078849418493745e-12
 5 7.929994660219299 0.000000000000000
 6 9.462645221894123 0.000000000000000
 7 10.33150728332483 0.000000000000000
 8 12.02244284104099 0.000000000000000
 9 15.16738903973206 0.000000000000000
 10 16.15746267316972 0.000000000000000
 11 16.78690071237059 0.000000000000000
 12 17.81138481192130 0.000000000000000

 spin=1 k-point=818/1284 Cartesian=0.01947404499283394 0.1461634865447040 -0.05757273355338832 (2460 plane wave)
 1 0.04779489546823651 0.001562500000000030
 2 2.176827553853907 0.001562487973916172
 3 3.746871167118595 3.022830449169632e-05
 4 5.849936366250183 2.266729448418250e-14
 5 8.776235547055370 0.000000000000000
 6 9.749983007007245 0.000000000000000
 7 11.76230441742703 0.000000000000000
 8 12.50557526058520 0.000000000000000
 9 13.53726560077034 0.000000000000000
 10 15.34758917367619 0.000000000000000
 11 16.11082179744428 0.000000000000000
 12 18.43711722366792 0.000000000000000

 spin=1 k-point=819/1284 Cartesian=0.000000000000000 0.1124334511882338 -0.05757273355338832 (2469 plane wave)
 1 -1.300046313581482 0.001562500000000037
 2 0.8797969443932665 0.001562499999972034
 3 5.898362214362849 1.396654063123378e-14
 4 7.381258708446443 0.000000000000000
 5 8.280714623754040 0.000000000000000
 6 11.38413982876997 0.000000000000000
 7 12.53843682259968 0.000000000000000
 8 13.59103433872711 0.000000000000000
 9 13.94799854793530 0.000000000000000
 10 14.42768297942893 0.000000000000000
 11 15.77910253116758 0.000000000000000
 12 20.22879968967351 0.000000000000000

 spin=1 k-point=820/1284 Cartesian=0.01947404499283394 -0.1011901060694093 0.05757273355338881 (2466 plane wave)
 1 -1.600344451125177 0.001562500000000037
 2 0.5828595708875226 0.001562499999998599
 3 6.648932923913509 0.000000000000000
 4 7.311107414902970 0.000000000000000
 5 9.049696658128182 0.000000000000000
 6 10.46393538176916 0.000000000000000
 7 12.57682554498624 0.000000000000000
 8 13.56910615439569 0.000000000000000
 9 14.37247256546050 0.000000000000000
 10 15.69494249024888 0.000000000000000
 11 16.76046373105226 0.000000000000000
 12 19.25723842862632 0.000000000000000

 spin=1 k-point=821/1284 Cartesian=0.03894808998566748 -0.08994676095058601 0.05757273355338881 (2469 plane wave)
 1 -1.750555568218543 0.001562500000000037
 2 0.4340910100230511 0.001562499999999712
 3 6.874672958925370 0.000000000000000
 4 7.968481294047106 0.000000000000000
 5 9.048495348615909 0.000000000000000
 6 10.20759955133698 0.000000000000000
 7 11.33144584838956 0.000000000000000
 8 13.59625437169236 0.000000000000000
 9 16.25516477888098 0.000000000000000
 10 16.96657005594303 0.000000000000000
 11 17.79077090646675 0.000000000000000
 12 18.48113989610197 0.000000000000000

 spin=1 k-point=822/1284 Cartesian=0.05842213497850103 -0.07870341583176267 0.05757273355338881 (2469 plane wave)
 1 -1.750555568170780 0.001562500000000037
 2 0.4340910097947910 0.001562499999999712
 3 6.874672974929497 0.000000000000000
 4 7.968481260279294 0.000000000000000
 5 9.048495345739646 0.000000000000000
 6 10.20759960490272 0.000000000000000
 7 11.33144581260780 0.000000000000000
 8 13.59625436961577 0.000000000000000
 9 16.25516485154234 0.000000000000000
 10 16.96656997372458 0.000000000000000
 11 17.79077088617102 0.000000000000000
 12 18.48113989554982 0.000000000000000

 spin=1 k-point=823/1284 Cartesian=0.07789617997133459 -0.06746007071293933 0.05757273355338881 (2466 plane wave)
 1 -1.600344450978619 0.001562500000000037
 2 0.5828595701655227 0.001562499999998599
 3 6.648932980398640 0.000000000000000
 4 7.311107332120496 0.000000000000000
 5 9.049696671116164 0.000000000000000
 6 10.46393541878470 0.000000000000000
 7 12.57682551346205 0.000000000000000
 8 13.56910615372596 0.000000000000000
 9 14.37247261284162 0.000000000000000
 10 15.69494237581793 0.000000000000000
 11 16.76046382368610 0.000000000000000
 12 19.25723841123762 0.000000000000000

 spin=1 k-point=824/1284 Cartesian=0.09737022496416814 -0.05621672559411599 0.05757273355338881 (2469 plane wave)
 1 -1.300046313326425 0.001562500000000037
 2 0.8797969430469319 0.001562499999972034
 3 5.898362243325841 1.396653658610537e-14
 4 7.381258627230054 0.000000000000000
 5 8.280714673226067 0.000000000000000
 6 11.38413983087004 0.000000000000000
 7 12.53843689508252 0.000000000000000
 8 13.59103434085786 0.000000000000000
 9 13.94799854111641 0.000000000000000
 10 14.42768279821657 0.000000000000000
 11 15.77910266438747 0.000000000000000
 12 20.22879969159528 0.000000000000000

 spin=1 k-point=825/1284 Cartesian=0.1168442699570017 -0.04497338047529265 0.05757273355338881 (2472 plane wave)
 1 -0.8499448816874119 0.001562500000000037
 2 1.323236974815408 0.001562499997639396
 3 5.183421415971059 1.778435181627438e-11
 4 7.220787712920278 0.000000000000000
 5 8.076535789630409 0.000000000000000
 6 10.01265446401220 0.000000000000000
 7 12.13451692296771 0.000000000000000
 8 13.56708546866967 0.000000000000000
 9 13.80831039314467 0.000000000000000
 10 15.00932259313077 0.000000000000000
 11 16.23819535605915 0.000000000000000
 12 18.82482143957867 0.000000000000000

 spin=1 k-point=826/1284 Cartesian=0.1363183149498352 -0.03373003535646932 0.05757273355338881 (2459 plane wave)
 1 -0.2505809148704059 0.001562500000000036
 2 1.908583244069367 0.001562499177460426
 3 4.604647673450463 5.802557804022384e-09
 4 6.698737191490845 0.000000000000000
 5 8.015253819763341 0.000000000000000
 6 8.812506307572834 0.000000000000000
 7 10.46490690909160 0.000000000000000
 8 13.33020280707062 0.000000000000000
 9 14.91908997695220 0.000000000000000
 10 15.92080321330667 0.000000000000000
 11 16.92710567387056 0.000000000000000
 12 18.03942431755455 0.000000000000000

 spin=1 k-point=827/1284 Cartesian=0.1557923599426688 0.2023802121388207 -0.05757273355338832 (2457 plane wave)
 1 0.4969940820604663 0.001562499999999427
 2 2.618690705424255 0.001561502671955614
 3 4.186470160252502 3.798724517815264e-07
 4 6.133997881742787 1.323536423846527e-15
 5 6.710047906895936 0.000000000000000
 6 8.588326698712978 0.000000000000000
 7 9.622717112908447 0.000000000000000
 8 12.94426815330606 0.000000000000000
 9 15.14787845629294 0.000000000000000
 10 16.13094861202125 0.000000000000000
 11 17.59029271692091 0.000000000000000
 12 19.46100570612998 0.000000000000000

 spin=1 k-point=828/1284 Cartesian=0.1363183149498352 0.1911368670199974 -0.05757273355338832 (2452 plane wave)
 1 1.390421650213808 0.001562499995378256
 2 3.330049981100704 0.0008755092618521431
 3 4.021273555959060 1.979851716387164e-06
 4 5.019564932938625 9.154989678774899e-11
 5 6.115631249588873 1.590381031047125e-15
 6 7.236209061112256 0.000000000000000
 7 10.36042840756239 0.000000000000000
 8 12.66935529395717 0.000000000000000
 9 13.83551773337291 0.000000000000000
 10 16.93381474893679 0.000000000000000
 11 19.01663296715540 0.000000000000000
 12 19.81773283718908 0.000000000000000

 spin=1 k-point=829/1284 Cartesian=0.1168442699570017 0.1798935219011741 -0.05757273355338832 (2452 plane wave)
 1 2.422100286173469 0.001562360268302919
 2 3.467964432714571 0.0003795845762877247
 3 3.642296929486915 8.304980429709706e-05
 4 4.839081494001469 5.565286643536866e-10
 5 5.907980800624205 1.268574126931896e-14
 6 5.970691056631419 6.775925172926764e-15
 7 11.36507748713167 0.000000000000000
 8 12.49044561344364 0.000000000000000
 9 12.57480080610005 0.000000000000000
 10 17.95758528433884 0.000000000000000
 11 19.03405674394676 0.000000000000000
 12 19.17977452405856 0.000000000000000

 spin=1 k-point=830/1284 Cartesian=0.09737022496416814 0.1686501767823507 -0.05757273355338832 (2452 plane wave)
 1 2.422100286047092 0.001562360268303096
 2 3.467964428901005 0.0003795845872467906
 3 3.642296934728088 8.304980017567091e-05
 4 4.839081492872157 5.565286706386359e-10
 5 5.907980804917483 1.268574072468462e-14
 6 5.970691051653913 6.775925510198929e-15
 7 11.36507748931874 0.000000000000000
 8 12.49044560836912 0.000000000000000
 9 12.57480080965845 0.000000000000000
 10 17.95758528316627 0.000000000000000
 11 19.03405673700347 0.000000000000000
 12 19.17977453078025 0.000000000000000

 spin=1 k-point=831/1284 Cartesian=0.07789617997133459 0.1574068316635274 -0.05757273355338832 (2452 plane wave)
 1 1.390421649469742 0.001562499995378257
 2 3.330049998385869 0.0008755091953148318
 3 4.021273521377062 1.979852400192176e-06
 4 5.019564957984041 9.154987385869447e-11
 5 6.115631249748087 1.590381028515020e-15
 6 7.236209049465477 0.000000000000000
 7 10.36042841445559 0.000000000000000
 8 12.66935529463425 0.000000000000000
 9 13.83551772962121 0.000000000000000
 10 16.93381474561552 0.000000000000000
 11 19.01663298094037 0.000000000000000
 12 19.81773282521335 0.000000000000000

 spin=1 k-point=832/1284 Cartesian=0.05842213497850103 0.1461634865447041 -0.05757273355338832 (2457 plane wave)
 1 0.4969940813860664 0.001562499999999427
 2 2.618690713048377 0.001561502671879625
 3 4.186470139716409 3.798725297735454e-07
 4 6.133997912532509 1.323536016333305e-15
 5 6.710047910410728 0.000000000000000
 6 8.588326631974610 0.000000000000000
 7 9.622717163235007 0.000000000000000
 8 12.94426815499765 0.000000000000000
 9 15.14787843866216 0.000000000000000
 10 16.13094860637857 0.000000000000000
 11 17.59029275917424 0.000000000000000
 12 19.46100563085978 0.000000000000000

 spin=1 k-point=833/1284 Cartesian=0.03894808998566748 0.1349201414258807 -0.05757273355338832 (2459 plane wave)
 1 -0.2505809153934259 0.001562500000000036
 2 1.908583247966846 0.001562499177460394
 3 4.604647655902017 5.802558822277635e-09
 4 6.698737222016153 0.000000000000000
 5 8.015253876314555 0.000000000000000
 6 8.812506185478448 0.000000000000000
 7 10.46490696570792 0.000000000000000
 8 13.33020280831251 0.000000000000000
 9 14.91908994415601 0.000000000000000
 10 15.92080323080710 0.000000000000000
 11 16.92710571058782 0.000000000000000
 12 18.03942427397771 0.000000000000000

 spin=1 k-point=834/1284 Cartesian=0.01947404499283394 0.1236767963070574 -0.05757273355338832 (2472 plane wave)
 1 -0.8499448820670458 0.001562500000000037
 2 1.323236977085303 0.001562499997639396
 3 5.183421396253864 1.778435532285083e-11
 4 7.220787775295847 0.000000000000000
 5 8.076535757982063 0.000000000000000
 6 10.01265442652299 0.000000000000000
 7 12.13451695738766 0.000000000000000
 8 13.56708538639242 0.000000000000000
 9 13.80831044489663 0.000000000000000
 10 15.00932268558774 0.000000000000000
 11 16.23819526335945 0.000000000000000
 12 18.82482145413993 0.000000000000000

 spin=1 k-point=835/1284 Cartesian=0.000000000000000 -0.08994676095058625 0.05757273355338881 (2472 plane wave)
 1 -1.976063569875636 0.001562500000000037
 2 0.2099510557085121 0.001562500000000002
 3 6.669349871539473 0.000000000000000
 4 7.771006278300553 0.000000000000000
 5 9.870746679300995 0.000000000000000
 6 11.91452593226544 0.000000000000000
 7 12.78102269766557 0.000000000000000
 8 13.80409217034363 0.000000000000000
 9 14.12111374032558 0.000000000000000
 10 15.23661484623492 0.000000000000000
 11 16.90742697298341 0.000000000000000
 12 20.74854007436607 0.000000000000000

 spin=1 k-point=836/1284 Cartesian=0.01947404499283394 -0.07870341583176269 0.05757273355338881 (2477 plane wave)
 1 -2.201601995746314 0.001562500000000037
 2 -0.01415445052920922 0.001562500000000033
 3 6.505576564924585 0.000000000000000
 4 8.680310601715872 0.000000000000000
 5 10.67026663319322 0.000000000000000
 6 11.16054319866473 0.000000000000000
 7 12.95367877897513 0.000000000000000
 8 13.39358305816724 0.000000000000000
 9 14.93601614824492 0.000000000000000
 10 16.77741472097453 0.000000000000000
 11 17.83393198122484 0.000000000000000
 12 19.42418749535033 0.000000000000000

 spin=1 k-point=837/1284 Cartesian=0.03894808998566748 -0.06746007071293936 0.05757273355338881 (2475 plane wave)
 1 -2.276797983217980 0.001562500000000037
 2 -0.08890811669247362 0.001562500000000035
 3 6.443142558084305 0.000000000000000
 4 9.707618934151867 0.000000000000000
 5 9.796765950155374 0.000000000000000
 6 11.84416218850878 0.000000000000000
 7 12.08595088365247 0.000000000000000
 8 13.18382863335049 0.000000000000000
 9 16.89706685453318 0.000000000000000
 10 17.25177615209612 0.000000000000000
 11 18.22332009886009 0.000000000000000
 12 18.69131228048018 0.000000000000000

 spin=1 k-point=838/1284 Cartesian=0.05842213497850103 -0.05621672559411602 0.05757273355338881 (2477 plane wave)
 1 -2.201601995687059 0.001562500000000037
 2 -0.01415445078905161 0.001562500000000033
 3 6.505576571062893 0.000000000000000
 4 8.680310582689522 0.000000000000000
 5 10.67026661105979 0.000000000000000
 6 11.16054325957634 0.000000000000000
 7 12.95367873276015 0.000000000000000
 8 13.39358307210874 0.000000000000000
 9 14.93601617953542 0.000000000000000
 10 16.77741464764443 0.000000000000000
 11 17.83393204048268 0.000000000000000
 12 19.42418743334931 0.000000000000000

 spin=1 k-point=839/1284 Cartesian=0.07789617997133459 -0.04497338047529267 0.05757273355338881 (2472 plane wave)
 1 -1.976063569756914 0.001562500000000037
 2 0.2099510551717824 0.001562500000000002
 3 6.669349894454883 0.000000000000000
 4 7.771006238364665 0.000000000000000
 5 9.870746693091842 0.000000000000000
 6 11.91452593432470 0.000000000000000
 7 12.78102273859653 0.000000000000000
 8 13.80409216347643 0.000000000000000
 9 14.12111374240211 0.000000000000000
 10 15.23661475350609 0.000000000000000
 11 16.90742704528301 0.000000000000000
 12 20.74854007762107 0.000000000000000

 spin=1 k-point=840/1284 Cartesian=0.09737022496416814 -0.03373003535646934 0.05757273355338881 (2466 plane wave)
 1 -1.600344450971453 0.001562500000000037
 2 0.5828595700915246 0.001562499999998599
 3 6.648932980247091 0.000000000000000
 4 7.311107332807326 0.000000000000000
 5 9.049696671161422 0.000000000000000
 6 10.46393541610371 0.000000000000000
 7 12.57682551528612 0.000000000000000
 8 13.56910616269636 0.000000000000000
 9 14.37247260739020 0.000000000000000
 10 15.69494236525586 0.000000000000000
 11 16.76046383148378 0.000000000000000
 12 19.25723841054933 0.000000000000000

 spin=1 k-point=841/1284 Cartesian=0.1168442699570017 -0.02248669023764600 0.05757273355338881 (2469 plane wave)
 1 -1.074767271930577 0.001562500000000037
 2 1.103271805232031 0.001562499999738379
 3 6.119458592247215 1.530661804330930e-15
 4 7.565022660201718 0.000000000000000
 5 8.190457032973242 0.000000000000000
 6 8.955433906323112 0.000000000000000
 7 10.81887325038728 0.000000000000000
 8 14.07750090336921 0.000000000000000
 9 15.02668733563563 0.000000000000000
 10 16.20165354948081 0.000000000000000
 11 17.28511934833168 0.000000000000000
 12 18.35988602137308 0.000000000000000

 spin=1 k-point=842/1284 Cartesian=0.1363183149498352 -0.01124334511882266 0.05757273355338881 (2464 plane wave)
 1 -0.3999414858206238 0.001562500000000037
 2 1.767847131449707 0.001562499798651873
 3 5.621821094660623 2.218666195678749e-13
 4 6.752109651387263 0.000000000000000
 5 7.674727342327642 0.000000000000000
 6 8.521419118398658 0.000000000000000
 7 9.320647118121684 0.000000000000000
 8 14.19505785539460 0.000000000000000
 9 15.06637555828922 0.000000000000000
 10 15.88518409088836 0.000000000000000
 11 17.85477549674752 0.000000000000000
 12 19.78541659983095 0.000000000000000

 spin=1 k-point=843/1284 Cartesian=0.1557923599426688 0.000000000000000 0.05757273355338881 (2452 plane wave)
 1 0.4228776793924788 0.001562499999999746
 2 2.564290961481511 0.001561920972471096
 3 5.223698857313384 1.188817788042875e-11
 4 5.282551572368247 6.599653578492780e-12
 5 7.369575471442460 0.000000000000000
 6 7.507606558665204 0.000000000000000
 7 9.481714183607385 0.000000000000000
 8 13.89400392031597 0.000000000000000
 9 14.14587954469366 0.000000000000000
 10 16.05846959194392 0.000000000000000
 11 19.55214694671351 0.000000000000000
 12 19.68841307296001 0.000000000000000

 spin=1 k-point=844/1284 Cartesian=0.1363183149498352 0.1686501767823507 -0.05757273355338832 (2452 plane wave)
 1 1.390421649624258 0.001562499995378257
 2 3.330049998244601 0.0008755091958586284
 3 4.021273519440434 1.979852438485975e-06
 4 5.019564958575577 9.154987331714496e-11
 5 6.115631252463007 1.590380985337422e-15
 6 7.236209049440541 0.000000000000000
 7 10.36042841174028 0.000000000000000
 8 12.66935529596926 0.000000000000000
 9 13.83551772966706 0.000000000000000
 10 16.93381474615360 0.000000000000000
 11 19.01663298770327 0.000000000000000
 12 19.81773281843751 0.000000000000000

 spin=1 k-point=845/1284 Cartesian=0.1168442699570017 0.1574068316635274 -0.05757273355338832 (2446 plane wave)
 1 2.472217779296322 0.001562269363932487
 2 2.504516635317712 0.001562181451936742
 3 4.425859906573360 3.467983680267619e-08
 4 4.797913057372449 8.400009000987086e-10
 5 5.317390067282864 4.658214062542229e-12
 6 7.165518019034480 0.000000000000000
 7 11.41653727746220 0.000000000000000
 8 11.46204133247134 0.000000000000000
 9 13.76746659758872 0.000000000000000
 10 17.90678812656035 0.000000000000000
 11 18.04308532866924 0.000000000000000
 12 19.61241938493703 0.000000000000000

 spin=1 k-point=846/1284 Cartesian=0.09737022496416814 0.1461634865447041 -0.05757273355338832 (2452 plane wave)
 1 1.390421650009311 0.001562499995378257
 2 3.330049982054344 0.0008755092581812100
 3 4.021273556430655 1.979851707062104e-06
 4 5.019564930937890 9.154989861942025e-11
 5 6.115631251628970 1.590380998601808e-15
 6 7.236209058104631 0.000000000000000
 7 10.36042841056968 0.000000000000000
 8 12.66935529349385 0.000000000000000
 9 13.83551773346742 0.000000000000000
 10 16.93381474641065 0.000000000000000
 11 19.01663296405676 0.000000000000000
 12 19.81773284324159 0.000000000000000

 spin=1 k-point=847/1284 Cartesian=0.07789617997133459 0.1349201414258807 -0.05757273355338832 (2452 plane wave)
 1 0.4228776792439870 0.001562499999999746
 2 2.564290962226888 0.001561920972466782
 3 5.223698863028799 1.188817720096994e-11
 4 5.282551566514321 6.599653964831654e-12
 5 7.369575472562105 0.000000000000000
 6 7.507606553517299 0.000000000000000
 7 9.481714188385590 0.000000000000000
 8 13.89400391542972 0.000000000000000
 9 14.14587954918970 0.000000000000000
 10 16.05846959039286 0.000000000000000
 11 19.55214694135115 0.000000000000000
 12 19.68841307355016 0.000000000000000

 spin=1 k-point=848/1284 Cartesian=0.05842213497850103 0.1236767963070574 -0.05757273355338832 (2464 plane wave)
 1 -0.3999414860650828 0.001562500000000037
 2 1.767847132920552 0.001562499798651870
 3 5.621821075278343 2.218666625706987e-13
 4 6.752109677626071 0.000000000000000
 5 7.674727404144940 0.000000000000000
 6 8.521418970465687 0.000000000000000
 7 9.320647198922599 0.000000000000000
 8 14.19505787080109 0.000000000000000
 9 15.06637551690966 0.000000000000000
 10 15.88518410495459 0.000000000000000
 11 17.85477552551425 0.000000000000000
 12 19.78541659908849 0.000000000000000

 spin=1 k-point=849/1284 Cartesian=0.03894808998566748 0.1124334511882340 -0.05757273355338832 (2469 plane wave)
 1 -1.074767272157653 0.001562500000000037
 2 1.103271806426556 0.001562499999738379
 3 6.119458563966321 1.530662237215938e-15
 4 7.565022736975982 0.000000000000000
 5 8.190457056797843 0.000000000000000
 6 8.955433795911331 0.000000000000000
 7 10.81887329283914 0.000000000000000
 8 14.07750091830937 0.000000000000000
 9 15.02668727654516 0.000000000000000
 10 16.20165359551924 0.000000000000000
 11 17.28511936785361 0.000000000000000
 12 18.35988599298408 0.000000000000000

 spin=1 k-point=850/1284 Cartesian=0.01947404499283394 0.1011901060694107 -0.05757273355338832 (2466 plane wave)
 1 -1.600344451148409 0.001562500000000037
 2 0.5828595709398415 0.001562499999998599
 3 6.648932923586762 0.000000000000000
 4 7.311107414997643 0.000000000000000
 5 9.049696658306088 0.000000000000000
 6 10.46393538108019 0.000000000000000
 7 12.57682554706879 0.000000000000000
 8 13.56910615240017 0.000000000000000
 9 14.37247256757915 0.000000000000000
 10 15.69494248963754 0.000000000000000
 11 16.76046373086800 0.000000000000000
 12 19.25723842661493 0.000000000000000

 spin=1 k-point=851/1284 Cartesian=0.000000000000000 -0.06746007071293957 0.05757273355338881 (2467 plane wave)
 1 -2.502471636650891 0.001562500000000037
 2 -0.3135000011522032 0.001562500000000036
 3 6.233639692092405 0.000000000000000
 4 9.554155560306404 0.000000000000000
 5 11.67972241218874 0.000000000000000
 6 12.59588869962798 0.000000000000000
 7 12.65430646203958 0.000000000000000
 8 14.15551086218873 0.000000000000000
 9 14.80202841161936 0.000000000000000
 10 15.96767877227100 0.000000000000000
 11 18.53594119027156 0.000000000000000
 12 19.89216297638633 0.000000000000000

 spin=1 k-point=852/1284 Cartesian=0.01947404499283394 -0.05621672559411600 0.05757273355338881 (2474 plane wave)
 1 -2.652952785650845 0.001562500000000037
 2 -0.4632988557984684 0.001562500000000037
 3 6.094063055016106 1.973198101541187e-15
 4 10.56214570509402 0.000000000000000
 5 11.66389318089845 0.000000000000000
 6 12.48693431751160 0.000000000000000
 7 13.03846299245461 0.000000000000000
 8 14.00543960851937 0.000000000000000
 9 15.62964840842524 0.000000000000000
 10 17.46606497557819 0.000000000000000
 11 18.09414011251355 0.000000000000000
 12 19.37496069178955 0.000000000000000

 spin=1 k-point=853/1284 Cartesian=0.03894808998566748 -0.04497338047529267 0.05757273355338881 (2474 plane wave)
 1 -2.652952785631486 0.001562500000000037
 2 -0.4632988558762429 0.001562500000000037
 3 6.094063055854795 1.973198084992189e-15
 4 10.56214569373983 0.000000000000000
 5 11.66389318562216 0.000000000000000
 6 12.48693435446227 0.000000000000000
 7 13.03846295777752 0.000000000000000
 8 14.00543960796420 0.000000000000000
 9 15.62964843000839 0.000000000000000
 10 17.46606498256561 0.000000000000000
 11 18.09414003925727 0.000000000000000
 12 19.37496073482173 0.000000000000000

 spin=1 k-point=854/1284 Cartesian=0.05842213497850103 -0.03373003535646933 0.05757273355338881 (2467 plane wave)
 1 -2.502471636594028 0.001562500000000037
 2 -0.3135000013836536 0.001562500000000036
 3 6.233639694938602 0.000000000000000
 4 9.554155546302550 0.000000000000000
 5 11.67972242453862 0.000000000000000
 6 12.59588870160969 0.000000000000000
 7 12.65430646378831 0.000000000000000
 8 14.15551088254930 0.000000000000000
 9 14.80202841360041 0.000000000000000
 10 15.96767872693789 0.000000000000000
 11 18.53594121747428 0.000000000000000
 12 19.89216297996071 0.000000000000000

 spin=1 k-point=855/1284 Cartesian=0.07789617997133459 -0.02248669023764599 0.05757273355338881 (2477 plane wave)
 1 -2.201601995677482 0.001562500000000037
 2 -0.01415445085680217 0.001562500000000033
 3 6.505576571256168 0.000000000000000
 4 8.680310583038770 0.000000000000000
 5 10.67026661112565 0.000000000000000
 6 11.16054325526481 0.000000000000000
 7 12.95367873798935 0.000000000000000
 8 13.39358307559723 0.000000000000000
 9 14.93601617637593 0.000000000000000
 10 16.77741463920755 0.000000000000000
 11 17.83393204759406 0.000000000000000
 12 19.42418743383120 0.000000000000000

 spin=1 k-point=856/1284 Cartesian=0.09737022496416814 -0.01124334511882265 0.05757273355338881 (2469 plane wave)
 1 -1.750555568153801 0.001562500000000037
 2 0.4340910096509095 0.001562499999999712
 3 6.874672975079829 0.000000000000000
 4 7.968481261579309 0.000000000000000
 5 9.048495344119031 0.000000000000000
 6 10.20759960329937 0.000000000000000
 7 11.33144581396194 0.000000000000000
 8 13.59625437338358 0.000000000000000
 9 16.25516485044382 0.000000000000000
 10 16.96656996678967 0.000000000000000
 11 17.79077088774526 0.000000000000000
 12 18.48113989821450 0.000000000000000

 spin=1 k-point=857/1284 Cartesian=0.1168442699570017 0.000000000000000 0.05757273355338881 (2471 plane wave)
 1 -1.149736841213340 0.001562500000000037
 2 1.029679771092842 0.001562499999874686
 3 7.014294429571135 0.000000000000000
 4 7.252676310028284 0.000000000000000
 5 7.797159899521822 0.000000000000000
 6 9.494544147687291 0.000000000000000
 7 9.746084637881495 0.000000000000000
 8 14.09877649359975 0.000000000000000
 9 16.15339349037368 0.000000000000000
 10 16.18006109270715 0.000000000000000
 11 18.12866351732216 0.000000000000000
 12 18.39791378259213 0.000000000000000

 spin=1 k-point=858/1284 Cartesian=0.1363183149498352 0.01124334511882402 0.05757273355338881 (2464 plane wave)
 1 -0.3999414859554482 0.001562500000000037
 2 1.767847132379073 0.001562499798651871
 3 5.621821074604013 2.218666640668135e-13
 4 6.752109677518088 0.000000000000000
 5 7.674727409244733 0.000000000000000
 6 8.521418972592627 0.000000000000000
 7 9.320647191697841 0.000000000000000
 8 14.19505787390434 0.000000000000000
 9 15.06637551364188 0.000000000000000
 10 15.88518410675223 0.000000000000000
 11 17.85477552763658 0.000000000000000
 12 19.78541659825587 0.000000000000000

 spin=1 k-point=859/1284 Cartesian=0.1557923599426688 0.02248669023764735 0.05757273355338881 (2457 plane wave)
 1 0.4969940815009940 0.001562499999999427
 2 2.618690712461824 0.001561502671885471
 3 4.186470138973452 3.798725325951494e-07
 4 6.133997911515063 1.323536029799570e-15
 5 6.710047914458518 0.000000000000000
 6 8.588326634365982 0.000000000000000
 7 9.622717157828838 0.000000000000000
 8 12.94426815620349 0.000000000000000
 9 15.14787843827637 0.000000000000000
 10 16.13094860699323 0.000000000000000
 11 17.59029276360882 0.000000000000000
 12 19.46100562991897 0.000000000000000

 spin=1 k-point=860/1284 Cartesian=0.1363183149498352 0.1461634865447040 -0.05757273355338832 (2451 plane wave)
 1 1.534998812638442 0.001562499980379988
 2 2.663370587351792 0.001560941437514123
 3 3.836146748265902 1.252230964471888e-05
 4 4.941810699381108 1.992233587102717e-10
 5 6.459140571001448 0.000000000000000
 6 8.523235275873658 0.000000000000000
 7 10.52288392298607 0.000000000000000
 8 11.65982975401361 0.000000000000000
 9 15.10359183963206 0.000000000000000
 10 16.77862523996173 0.000000000000000
 11 17.55338310412667 0.000000000000000
 12 18.47920466476949 0.000000000000000

 spin=1 k-point=861/1284 Cartesian=0.1168442699570017 0.1349201414258807 -0.05757273355338832 (2451 plane wave)
 1 1.534998814418608 0.001562499980379988
 2 2.663370576234671 0.001560941437687217
 3 3.836146774371056 1.252230640194868e-05
 4 4.941810677764601 1.992234017754110e-10
 5 6.459140570497073 0.000000000000000
 6 8.523235288711867 0.000000000000000
 7 10.52288391069587 0.000000000000000
 8 11.65982975785602 0.000000000000000
 9 15.10359184363743 0.000000000000000
 10 16.77862526174350 0.000000000000000
 11 17.55338304039423 0.000000000000000
 12 18.47920471540546 0.000000000000000

 spin=1 k-point=862/1284 Cartesian=0.09737022496416814 0.1236767963070574 -0.05757273355338832 (2457 plane wave)
 1 0.4969940818682778 0.001562499999999427
 2 2.618690706441027 0.001561502671945479
 3 4.186470159592180 3.798724542892977e-07
 4 6.133997878949558 1.323536460815937e-15
 5 6.710047910213105 0.000000000000000
 6 8.588326692848050 0.000000000000000
 7 9.622717119087682 0.000000000000000
 8 12.94426815366480 0.000000000000000
 9 15.14787845661128 0.000000000000000
 10 16.13094860767919 0.000000000000000
 11 17.59029272089981 0.000000000000000
 12 19.46100570441040 0.000000000000000

 spin=1 k-point=863/1284 Cartesian=0.07789617997133459 0.1124334511882340 -0.05757273355338832 (2464 plane wave)
 1 -0.3999414859545116 0.001562500000000037
 2 1.767847132036653 0.001562499798651872
 3 5.621821094106005 2.218666207983895e-13
 4 6.752109651579818 0.000000000000000
 5 7.674727340282485 0.000000000000000
 6 8.521419115100079 0.000000000000000
 7 9.320647124588154 0.000000000000000
 8 14.19505785355542 0.000000000000000
 9 15.06637555918697 0.000000000000000
 10 15.88518408985337 0.000000000000000
 11 17.85477549913810 0.000000000000000
 12 19.78541660183132 0.000000000000000

 spin=1 k-point=864/1284 Cartesian=0.05842213497850103 0.1011901060694107 -0.05757273355338832 (2471 plane wave)
 1 -1.149736841311754 0.001562500000000037
 2 1.029679771512270 0.001562499999874686
 3 7.014294424915651 0.000000000000000
 4 7.252676316181301 0.000000000000000
 5 7.797159895365644 0.000000000000000
 6 9.494544142666033 0.000000000000000
 7 9.746084646630523 0.000000000000000
 8 14.09877649056587 0.000000000000000
 9 16.15339349617994 0.000000000000000
 10 16.18006108873281 0.000000000000000
 11 18.12866351882609 0.000000000000000
 12 18.39791378192912 0.000000000000000

 spin=1 k-point=865/1284 Cartesian=0.03894808998566748 0.08994676095058736 -0.05757273355338832 (2469 plane wave)
 1 -1.750555568264215 0.001562500000000037
 2 0.4340910101294291 0.001562499999999712
 3 6.874672957776546 0.000000000000000
 4 7.968481295211597 0.000000000000000
 5 9.048495348616568 0.000000000000000
 6 10.20759954872435 0.000000000000000
 7 11.33144585238671 0.000000000000000
 8 13.59625437049126 0.000000000000000
 9 16.25516478038626 0.000000000000000
 10 16.96657005551968 0.000000000000000
 11 17.79077090705761 0.000000000000000
 12 18.48113989806282 0.000000000000000

 spin=1 k-point=866/1284 Cartesian=-0.01947404499283316 -0.07870341583176267 0.05757273355338881 (2477 plane wave)
 1 -2.201601995767214 0.001562500000000037
 2 -0.01415445048136753 0.001562500000000033
 3 6.505576564597732 0.000000000000000
 4 8.680310601904933 0.000000000000000
 5 10.67026663430475 0.000000000000000
 6 11.16054319684362 0.000000000000000
 7 12.95367878157299 0.000000000000000
 8 13.39358305617118 0.000000000000000
 9 14.93601614965377 0.000000000000000
 10 16.77741472094193 0.000000000000000
 11 17.83393198103715 0.000000000000000
 12 19.42418749608533 0.000000000000000

 spin=1 k-point=867/1284 Cartesian=0.000000000000000 -0.04497338047529290 0.05757273355338881 (2471 plane wave)
 1 -2.878738168939844 0.001562500000000037
 2 -0.6881797365785650 0.001562500000000037
 3 5.879848297794756 1.680713880861411e-14
 4 11.47091119461198 0.000000000000000
 5 12.41949944939862 0.000000000000000
 6 13.42705161951169 0.000000000000000
 7 13.64168428173475 0.000000000000000
 8 14.87834131682031 0.000000000000000
 9 15.63254584431630 0.000000000000000
 10 16.71623932009425 0.000000000000000
 11 18.30496383146960 0.000000000000000
 12 19.70769201060829 0.000000000000000

 spin=1 k-point=868/1284 Cartesian=0.01947404499283394 -0.03373003535646933 0.05757273355338881 (2475 plane wave)
 1 -2.954014192514149 0.001562500000000037
 2 -0.7631753761562881 0.001562500000000037
 3 5.807935378651244 3.449909503524056e-14
 4 12.06700322725107 0.000000000000000
 5 12.62629312482047 0.000000000000000
 6 12.88088775399311 0.000000000000000
 7 14.80273423880804 0.000000000000000
 8 14.88736974331276 0.000000000000000
 9 16.25814558058200 0.000000000000000
 10 16.59878526804582 0.000000000000000
 11 18.43525209948343 0.000000000000000
 12 18.64087134316813 0.000000000000000

 spin=1 k-point=869/1284 Cartesian=0.03894808998566748 -0.02248669023764600 0.05757273355338881 (2471 plane wave)
 1 -2.878738168912799 0.001562500000000037
 2 -0.6881797366779946 0.001562500000000037
 3 5.879848298450928 1.680713869833031e-14
 4 11.47091117838658 0.000000000000000
 5 12.41949947473853 0.000000000000000
 6 13.42705162137219 0.000000000000000
 7 13.64168425616692 0.000000000000000
 8 14.87834134953249 0.000000000000000
 9 15.63254584600783 0.000000000000000
 10 16.71623930417504 0.000000000000000
 11 18.30496383474363 0.000000000000000
 12 19.70769190296138 0.000000000000000

 spin=1 k-point=870/1284 Cartesian=0.05842213497850103 -0.01124334511882266 0.05757273355338881 (2474 plane wave)
 1 -2.652952785619523 0.001562500000000037
 2 -0.4632988559390027 0.001562500000000037
 3 6.094063056054110 1.973198081059301e-15
 4 10.56214569428778 0.000000000000000
 5 11.66389317961647 0.000000000000000
 6 12.48693435573498 0.000000000000000
 7 13.03846296393311 0.000000000000000
 8 14.00543960899702 0.000000000000000
 9 15.62964842817992 0.000000000000000
 10 17.46606497865123 0.000000000000000
 11 18.09414004094965 0.000000000000000
 12 19.37496073604103 0.000000000000000

 spin=1 k-point=871/1284 Cartesian=0.07789617997133459 0.000000000000000 0.05757273355338881 (2475 plane wave)
 1 -2.276797983196271 0.001562500000000037
 2 -0.08890811682405338 0.001562500000000035
 3 6.443142558543585 0.000000000000000
 4 9.707618939240589 0.000000000000000
 5 9.796765943502262 0.000000000000000
 6 11.84416218257960 0.000000000000000
 7 12.08595089013500 0.000000000000000
 8 13.18382863626294 0.000000000000000
 9 16.89706685558804 0.000000000000000
 10 17.25177615121981 0.000000000000000
 11 18.22332008866487 0.000000000000000
 12 18.69131228929726 0.000000000000000

 spin=1 k-point=872/1284 Cartesian=0.09737022496416814 0.01124334511882402 0.05757273355338881 (2469 plane wave)
 1 -1.750555568189462 0.001562500000000037
 2 0.4340910098121320 0.001562499999999712
 3 6.874672959367334 0.000000000000000
 4 7.968481294164754 0.000000000000000
 5 9.048495348482662 0.000000000000000
 6 10.20759954989130 0.000000000000000
 7 11.33144584940974 0.000000000000000
 8 13.59625437325580 0.000000000000000
 9 16.25516477946714 0.000000000000000
 10 16.96657005624417 0.000000000000000
 11 17.79077090693844 0.000000000000000
 12 18.48113989751777 0.000000000000000

 spin=1 k-point=873/1284 Cartesian=0.1168442699570017 0.02248669023764735 0.05757273355338881 (2469 plane wave)
 1 -1.074767272072906 0.001562500000000037
 2 1.103271806006760 0.001562499999738379
 3 6.119458563179359 1.530662249261673e-15
 4 7.565022741448458 0.000000000000000
 5 8.190457054553729 0.000000000000000
 6 8.955433796357134 0.000000000000000
 7 10.81887329017695 0.000000000000000
 8 14.07750092089995 0.000000000000000
 9 15.02668727300340 0.000000000000000
 10 16.20165359954030 0.000000000000000
 11 17.28511936969344 0.000000000000000
 12 18.35988599062399 0.000000000000000

 spin=1 k-point=874/1284 Cartesian=0.1363183149498352 0.03373003535647069 0.05757273355338881 (2459 plane wave)
 1 -0.2505809153030234 0.001562500000000036
 2 1.908583247449693 0.001562499177460398
 3 4.604647655196150 5.802558863235863e-09
 4 6.698737223413230 0.000000000000000
 5 8.015253878817047 0.000000000000000
 6 8.812506184944397 0.000000000000000
 7 10.46490696253964 0.000000000000000
 8 13.33020280943549 0.000000000000000
 9 14.91908994017896 0.000000000000000
 10 15.92080323763341 0.000000000000000
 11 16.92710571297274 0.000000000000000
 12 18.03942427164610 0.000000000000000

 spin=1 k-point=875/1284 Cartesian=0.1557923599426688 0.04497338047529402 0.05757273355338881 (2455 plane wave)
 1 0.7188997097670751 0.001562499999994434
 2 2.679419238714850 0.001560670437553942
 3 3.390466081982971 0.0006414904014612907
 4 5.330671783036584 4.078849390839455e-12
 5 7.929994662532028 0.000000000000000
 6 9.462645223666108 0.000000000000000
 7 10.33150727868759 0.000000000000000
 8 12.02244284214739 0.000000000000000
 9 15.16738903666237 0.000000000000000
 10 16.15746268019343 0.000000000000000
 11 16.78690071556527 0.000000000000000
 12 17.81138480936186 0.000000000000000

 spin=1 k-point=876/1284 Cartesian=0.1363183149498352 0.1236767963070574 -0.05757273355338832 (2449 plane wave)
 1 1.813377374823739 0.001562499682544414
 2 1.825123355774495 0.001562499642977877
 3 4.064041807904978 1.291469030209001e-06
 4 4.129473030765650 6.715713248713051e-07
 5 7.872629888527699 0.000000000000000
 6 9.823564715024389 0.000000000000000
 7 10.76654209521280 0.000000000000000
 8 10.98921112239775 0.000000000000000
 9 15.17551598039007 0.000000000000000
 10 16.36589235820528 0.000000000000000
 11 16.99211411723093 0.000000000000000
 12 17.65393418765800 0.000000000000000

 spin=1 k-point=877/1284 Cartesian=0.1168442699570017 0.1124334511882340 -0.05757273355338832 (2455 plane wave)
 1 0.7188997108058284 0.001562499999994434
 2 2.679419216598024 0.001560670437958109
 3 3.390466116791072 0.0006414902698434641
 4 5.330671763613432 4.078850183080856e-12
 5 7.929994644619814 0.000000000000000
 6 9.462645317082007 0.000000000000000
 7 10.33150719550772 0.000000000000000
 8 12.02244285458052 0.000000000000000
 9 15.16738904537614 0.000000000000000
 10 16.15746270112145 0.000000000000000
 11 16.78690064431863 0.000000000000000
 12 17.81138487458731 0.000000000000000

 spin=1 k-point=878/1284 Cartesian=0.09737022496416814 0.1011901060694107 -0.05757273355338832 (2459 plane wave)
 1 -0.2505809150382385 0.001562500000000036
 2 1.908583244763785 0.001562499177460420
 3 4.604647672789032 5.802557842402131e-09
 4 6.698737189593708 0.000000000000000
 5 8.015253821530294 0.000000000000000
 6 8.812506307279470 0.000000000000000
 7 10.46490691037898 0.000000000000000
 8 13.33020280842620 0.000000000000000
 9 14.91908997215595 0.000000000000000
 10 15.92080321655179 0.000000000000000
 11 16.92710567788289 0.000000000000000
 12 18.03942431268571 0.000000000000000

 spin=1 k-point=879/1284 Cartesian=0.07789617997133459 0.08994676095058737 -0.05757273355338832 (2469 plane wave)
 1 -1.074767272048127 0.001562500000000037
 2 1.103271805666267 0.001562499999738379
 3 6.119458591211609 1.530661820182551e-15
 4 7.565022658778601 0.000000000000000
 5 8.190457031738893 0.000000000000000
 6 8.955433910312298 0.000000000000000
 7 10.81887325108290 0.000000000000000
 8 14.07750089983621 0.000000000000000
 9 15.02668733663608 0.000000000000000
 10 16.20165355223953 0.000000000000000
 11 17.28511935144031 0.000000000000000
 12 18.35988601731592 0.000000000000000

 spin=1 k-point=880/1284 Cartesian=0.05842213497850103 0.07870341583176403 -0.05757273355338832 (2469 plane wave)
 1 -1.750555568239146 0.001562500000000037
 2 0.4340910099616146 0.001562499999999712
 3 6.874672972759444 0.000000000000000
 4 7.968481263224016 0.000000000000000
 5 9.048495343225605 0.000000000000000
 6 10.20759960561933 0.000000000000000
 7 11.33144581484158 0.000000000000000
 8 13.59625436956625 0.000000000000000
 9 16.25516485051113 0.000000000000000
 10 16.96656997151715 0.000000000000000
 11 17.79077089088179 0.000000000000000
 12 18.48113989843674 0.000000000000000

 spin=1 k-point=881/1284 Cartesian=-0.03894808998566670 -0.06746007071293934 0.05757273355338881 (2475 plane wave)
 1 -2.276797983258946 0.001562500000000037
 2 -0.08890811659514676 0.001562500000000035
 3 6.443142557434766 0.000000000000000
 4 9.707618946553076 0.000000000000000
 5 9.796765937907413 0.000000000000000
 6 11.84416217852463 0.000000000000000
 7 12.08595089643151 0.000000000000000
 8 13.18382863170305 0.000000000000000
 9 16.89706685263738 0.000000000000000
 10 17.25177615654115 0.000000000000000
 11 18.22332009230983 0.000000000000000
 12 18.69131229066083 0.000000000000000

 spin=1 k-point=882/1284 Cartesian=-0.01947404499283316 -0.05621672559411601 0.05757273355338881 (2474 plane wave)
 1 -2.652952785669745 0.001562500000000037
 2 -0.4632988557536780 0.001562500000000037
 3 6.094063054777897 1.973198106241510e-15
 4 10.56214570569183 0.000000000000000
 5 11.66389318085889 0.000000000000000
 6 12.48693431601524 0.000000000000000
 7 13.03846299308485 0.000000000000000
 8 14.00543960919274 0.000000000000000
 9 15.62964840945202 0.000000000000000
 10 17.46606497933843 0.000000000000000
 11 18.09414010702672 0.000000000000000
 12 19.37496069225066 0.000000000000000

 spin=1 k-point=883/1284 Cartesian=0.000000000000000 -0.02248669023764622 0.05757273355338881 (2466 plane wave)
 1 -3.104588018224465 0.001562500000000037
 2 -0.9132214936937126 0.001562500000000037
 3 5.663277207667878 1.465717627981740e-13
 4 12.10043684218583 0.000000000000000
 5 13.69249864368869 0.000000000000000
 6 14.40237103242315 0.000000000000000
 7 15.34965705184372 0.000000000000000
 8 15.99007714254983 0.000000000000000
 9 16.60604457599325 0.000000000000000
 10 16.87686784949157 0.000000000000000
 11 17.33596042850987 0.000000000000000
 12 18.58418552098405 0.000000000000000

 spin=1 k-point=884/1284 Cartesian=0.01947404499283394 -0.01124334511882265 0.05757273355338881 (2466 plane wave)
 1 -3.104588018213251 0.001562500000000037
 2 -0.9132214937299836 0.001562500000000037
 3 5.663277207835064 1.465717625531285e-13
 4 12.10043683955155 0.000000000000000
 5 13.69249864894016 0.000000000000000
 6 14.40237103389872 0.000000000000000
 7 15.34965702394046 0.000000000000000
 8 15.99007717236464 0.000000000000000
 9 16.60604457494376 0.000000000000000
 10 16.87686785532506 0.000000000000000
 11 17.33596045360833 0.000000000000000
 12 18.58418548297562 0.000000000000000

 spin=1 k-point=885/1284 Cartesian=0.03894808998566748 0.000000000000000 0.05757273355338881 (2475 plane wave)
 1 -2.954014192499787 0.001562500000000037
 2 -0.7631753762143048 0.001562500000000037
 3 5.807935378878868 3.449909495671229e-14
 4 12.06700322262938 0.000000000000000
 5 12.62629311766554 0.000000000000000
 6 12.88088776676062 0.000000000000000
 7 14.80273423235490 0.000000000000000
 8 14.88736975085564 0.000000000000000
 9 16.25814558147751 0.000000000000000
 10 16.59878526742387 0.000000000000000
 11 18.43525209696162 0.000000000000000
 12 18.64087134246282 0.000000000000000

 spin=1 k-point=886/1284 Cartesian=0.05842213497850103 0.01124334511882402 0.05757273355338881 (2474 plane wave)
 1 -2.652952785624356 0.001562500000000037
 2 -0.4632988559204654 0.001562500000000037
 3 6.094063055491296 1.973198092164732e-15
 4 10.56214570230819 0.000000000000000
 5 11.66389318091621 0.000000000000000
 6 12.48693431882982 0.000000000000000
 7 13.03846299435599 0.000000000000000
 8 14.00543960931558 0.000000000000000
 9 15.62964841002037 0.000000000000000
 10 17.46606497560104 0.000000000000000
 11 18.09414010975435 0.000000000000000
 12 19.37496068928447 0.000000000000000

 spin=1 k-point=887/1284 Cartesian=0.07789617997133459 0.02248669023764736 0.05757273355338881 (2477 plane wave)
 1 -2.201601995709832 0.001562500000000037
 2 -0.01415445072346414 0.001562500000000033
 3 6.505576565682929 0.000000000000000
 4 8.680310600526621 0.000000000000000
 5 10.67026663255114 0.000000000000000
 6 11.16054319921411 0.000000000000000
 7 12.95367878051735 0.000000000000000
 8 13.39358305767746 0.000000000000000
 9 14.93601615077099 0.000000000000000
 10 16.77741471807068 0.000000000000000
 11 17.83393198441947 0.000000000000000
 12 19.42418749497243 0.000000000000000

 spin=1 k-point=888/1284 Cartesian=0.09737022496416814 0.03373003535647069 0.05757273355338881 (2466 plane wave)
 1 -1.600344451081039 0.001562500000000037
 2 0.5828595706106051 0.001562499999998599
 3 6.648932923117862 0.000000000000000
 4 7.311107416958305 0.000000000000000
 5 9.049696656385201 0.000000000000000
 6 10.46393538260904 0.000000000000000
 7 12.57682554589187 0.000000000000000
 8 13.56910615095845 0.000000000000000
 9 14.37247257007382 0.000000000000000
 10 15.69494248857427 0.000000000000000
 11 16.76046373393547 0.000000000000000
 12 19.25723842546611 0.000000000000000

 spin=1 k-point=889/1284 Cartesian=0.1168442699570017 0.04497338047529403 0.05757273355338881 (2472 plane wave)
 1 -0.8499448819926669 0.001562500000000037
 2 1.323236976659839 0.001562499997639396
 3 5.183421395440238 1.778435546754900e-11
 4 7.220787779465821 0.000000000000000
 5 8.076535755015209 0.000000000000000
 6 10.01265442780097 0.000000000000000
 7 12.13451695622291 0.000000000000000
 8 13.56708538216022 0.000000000000000
 9 13.80831044632598 0.000000000000000
 10 15.00932268954283 0.000000000000000
 11 16.23819526528285 0.000000000000000
 12 18.82482145389035 0.000000000000000

 spin=1 k-point=890/1284 Cartesian=0.1363183149498352 0.05621672559411737 0.05757273355338881 (2460 plane wave)
 1 0.04779489554360621 0.001562500000000030
 2 2.176827553386826 0.001562487973916228
 3 3.746871166382566 3.022830470988139e-05
 4 5.849936367474445 2.266729420667536e-14
 5 8.776235547923930 0.000000000000000
 6 9.749983007759198 0.000000000000000
 7 11.76230441566202 0.000000000000000
 8 12.50557526032381 0.000000000000000
 9 13.53726559983352 0.000000000000000
 10 15.34758917669895 0.000000000000000
 11 16.11082179956476 0.000000000000000
 12 18.43711722373676 0.000000000000000

 spin=1 k-point=891/1284 Cartesian=0.1557923599426688 0.06746007071294069 0.05757273355338881 (2449 plane wave)
 1 1.086804877700689 0.001562499999778106
 2 2.215572396740222 0.001562482283031977
 3 3.409670679478594 0.0005703144507268887
 4 4.532902541036094 1.189057922211920e-08
 5 9.335930922121387 0.000000000000000
 6 9.997706949642273 0.000000000000000
 7 11.01988697108424 0.000000000000000
 8 11.88718609829928 0.000000000000000
 9 13.40520434074202 0.000000000000000
 10 15.47265505591316 0.000000000000000
 11 16.70044044446555 0.000000000000000
 12 17.75322256301487 0.000000000000000

 spin=1 k-point=892/1284 Cartesian=0.1363183149498352 0.1011901060694107 -0.05757273355338832 (2449 plane wave)
 1 1.086804879869474 0.001562499999778106
 2 2.215572384826372 0.001562482283034088
 3 3.409670703552719 0.0005703143635426798
 4 4.532902524453455 1.189058119387668e-08
 5 9.335930886657533 0.000000000000000
 6 9.997707031349904 0.000000000000000
 7 11.01988690910906 0.000000000000000
 8 11.88718612031917 0.000000000000000
 9 13.40520433579068 0.000000000000000
 10 15.47265503396875 0.000000000000000
 11 16.70044049993982 0.000000000000000
 12 17.75322252440686 0.000000000000000

 spin=1 k-point=893/1284 Cartesian=0.1168442699570017 0.08994676095058737 -0.05757273355338832 (2460 plane wave)
 1 0.04779489615296848 0.001562500000000030
 2 2.176827545555029 0.001562487973917170
 3 3.746871187045222 3.022829858474482e-05
 4 5.849936344500244 2.266729941430707e-14
 5 8.776235527396468 0.000000000000000
 6 9.749983068320470 0.000000000000000
 7 11.76230435491370 0.000000000000000
 8 12.50557531020847 0.000000000000000
 9 13.53726557973166 0.000000000000000
 10 15.34758909982381 0.000000000000000
 11 16.11082190059044 0.000000000000000
 12 18.43711719844491 0.000000000000000

 spin=1 k-point=894/1284 Cartesian=0.09737022496416814 0.07870341583176405 -0.05757273355338832 (2472 plane wave)
 1 -0.8499448818313055 0.001562500000000037
 2 1.323236975298901 0.001562499997639396
 3 5.183421415260756 1.778435194259709e-11
 4 7.220787709807404 0.000000000000000
 5 8.076535792590031 0.000000000000000
 6 10.01265446608899 0.000000000000000
 7 12.13451692117259 0.000000000000000
 8 13.56708546979018 0.000000000000000
 9 13.80831039087808 0.000000000000000
 10 15.00932260098706 0.000000000000000
 11 16.23819534924085 0.000000000000000
 12 18.82482144023133 0.000000000000000

 spin=1 k-point=895/1284 Cartesian=0.07789617997133459 0.06746007071294070 -0.05757273355338832 (2466 plane wave)
 1 -1.600344451071704 0.001562500000000037
 2 0.5828595704047251 0.001562499999998599
 3 6.648932977828409 0.000000000000000
 4 7.311107333632043 0.000000000000000
 5 9.049696671609675 0.000000000000000
 6 10.46393541928787 0.000000000000000
 7 12.57682551411191 0.000000000000000
 8 13.56910615754020 0.000000000000000
 9 14.37247260957305 0.000000000000000
 10 15.69494237610706 0.000000000000000
 11 16.76046382205360 0.000000000000000
 12 19.25723841153907 0.000000000000000

 spin=1 k-point=896/1284 Cartesian=-0.05842213497850025 -0.05621672559411600 0.05757273355338881 (2477 plane wave)
 1 -2.201601995748284 0.001562500000000037
 2 -0.01415445063729109 0.001562500000000033
 3 6.505576569932952 0.000000000000000
 4 8.680310583800290 0.000000000000000
 5 10.67026660911899 0.000000000000000
 6 11.16054326113293 0.000000000000000
 7 12.95367873422520 0.000000000000000
 8 13.39358307328021 0.000000000000000
 9 14.93601617791117 0.000000000000000
 10 16.77741464931706 0.000000000000000
 11 17.83393203777970 0.000000000000000
 12 19.42418743604400 0.000000000000000

 spin=1 k-point=897/1284 Cartesian=-0.03894808998566670 -0.04497338047529267 0.05757273355338881 (2474 plane wave)
 1 -2.652952785668422 0.001562500000000037
 2 -0.4632988557852059 0.001562500000000037
 3 6.094063055351886 1.973198094915580e-15
 4 10.56214569543767 0.000000000000000
 5 11.66389318305190 0.000000000000000
 6 12.48693435401310 0.000000000000000
 7 13.03846296016920 0.000000000000000
 8 14.00543960860984 0.000000000000000
 9 15.62964842905235 0.000000000000000
 10 17.46606498596811 0.000000000000000
 11 18.09414003835743 0.000000000000000
 12 19.37496072858982 0.000000000000000

 spin=1 k-point=898/1284 Cartesian=-0.01947404499283316 -0.03373003535646933 0.05757273355338881 (2475 plane wave)
 1 -2.954014192531273 0.001562500000000037
 2 -0.7631753761132317 0.001562500000000037
 3 5.807935378456885 3.449909510229278e-14
 4 12.06700323205590 0.000000000000000
 5 12.62629311209502 0.000000000000000
 6 12.88088776200535 0.000000000000000
 7 14.80273422772917 0.000000000000000
 8 14.88736975496351 0.000000000000000
 9 16.25814557918602 0.000000000000000
 10 16.59878527105155 0.000000000000000
 11 18.43525209841588 0.000000000000000
 12 18.64087134177556 0.000000000000000

 spin=1 k-point=899/1284 Cartesian=0.000000000000000 0.000000000000000 0.07676364473785349 (2454 plane wave)
 1 -2.795899743258647 0.001562500000000037
 2 -1.699720231151830 0.001562500000000037
 3 7.057969440917785 0.000000000000000
 4 10.29983760333001 0.000000000000000
 5 15.71406114246773 0.000000000000000
 6 15.71406115541841 0.000000000000000
 7 16.18349991149727 0.000000000000000
 8 16.18349992426175 0.000000000000000
 9 16.81974770867119 0.000000000000000
 10 16.81974772127934 0.000000000000000
 11 17.28177451430603 0.000000000000000
 12 17.28177452745858 0.000000000000000

 spin=1 k-point=900/1284 Cartesian=0.01947404499283394 0.01124334511882356 0.07676364473785349 (2470 plane wave)
 1 -2.720641675467614 0.001562500000000037
 2 -1.624585091515083 0.001562500000000037
 3 7.129317920962654 0.000000000000000
 4 10.36318242998725 0.000000000000000
 5 14.04852752044214 0.000000000000000
 6 14.78864009107026 0.000000000000000
 7 15.05914577465111 0.000000000000000
 8 15.89134236320516 0.000000000000000
 9 15.92986118021222 0.000000000000000
 10 16.82691863072557 0.000000000000000
 11 17.26112019454853 0.000000000000000
 12 18.35951888472305 0.000000000000000

 spin=1 k-point=901/1284 Cartesian=0.03894808998566748 0.02248669023764690 0.07676364473785349 (2474 plane wave)
 1 -2.494916537125520 0.001562500000000037
 2 -1.399256333315877 0.001562500000000037
 3 7.340889324871873 0.000000000000000
 4 10.52515642785490 0.000000000000000
 5 12.00879640142089 0.000000000000000
 6 13.01750483196433 0.000000000000000
 7 13.81340535582488 0.000000000000000
 8 14.91650540235474 0.000000000000000
 9 15.13014979579897 0.000000000000000
 10 16.09481926800236 0.000000000000000
 11 18.68972265126915 0.000000000000000
 12 19.78377589727487 0.000000000000000

 spin=1 k-point=902/1284 Cartesian=0.05842213497850103 0.03373003535647023 0.07676364473785349 (2473 plane wave)
 1 -2.118887926816820 0.001562500000000037
 2 -1.024000044349825 0.001562500000000037
 3 7.676889460163273 0.000000000000000
 4 9.870777700266494 0.000000000000000
 5 10.84033884739419 0.000000000000000
 6 11.25001403882809 0.000000000000000
 7 12.98232252514922 0.000000000000000
 8 14.08571813505121 0.000000000000000
 9 14.38291296010975 0.000000000000000
 10 15.35552564914037 0.000000000000000
 11 19.87190961304752 0.000000000000000
 12 20.27564756835264 0.000000000000000

 spin=1 k-point=903/1284 Cartesian=0.07789617997133459 0.04497338047529358 0.07676364473785349 (2476 plane wave)
 1 -1.592898000976813 0.001562500000000037
 2 -0.4994257308520577 0.001562500000000037
 3 7.812496943328378 0.000000000000000
 4 8.363284145421954 0.000000000000000
 5 9.252740191831826 0.000000000000000
 6 11.47560353443622 0.000000000000000
 7 12.30101994732236 0.000000000000000
 8 13.40462677910202 0.000000000000000
 9 13.76841483684106 0.000000000000000
 10 14.70920014243831 0.000000000000000
 11 18.15708849653812 0.000000000000000
 12 21.16134302849901 0.000000000000000

 spin=1 k-point=904/1284 Cartesian=0.09737022496416814 0.05621672559411691 0.07676364473785349 (2461 plane wave)
 1 -0.9176509988398087 0.001562500000000037
 2 0.1729800313735779 0.001562500000000013
 3 6.301796916383538 0.000000000000000
 4 7.351309663579173 0.000000000000000
 5 9.023274907819761 0.000000000000000
 6 11.77067666883104 0.000000000000000
 7 11.97953361420835 0.000000000000000
 8 12.87442975396152 0.000000000000000
 9 13.34144950357260 0.000000000000000
 10 14.16740709767020 0.000000000000000
 11 16.58685845474215 0.000000000000000
 12 19.58452478690667 0.000000000000000

 spin=1 k-point=905/1284 Cartesian=0.1168442699570017 0.06746007071294025 0.07676364473785349 (2463 plane wave)
 1 -0.09482685353632284 0.001562500000000035
 2 0.9883355847041277 0.001562499999917134
 3 4.758804973850353 1.242006675311443e-09
 4 5.829043328388551 2.793425025815521e-14
 5 9.755985817768387 0.000000000000000
 6 11.39169950413582 0.000000000000000
 7 12.31973950783952 0.000000000000000
 8 12.49554835750232 0.000000000000000
 9 13.26972297423228 0.000000000000000
 10 13.67170066997465 0.000000000000000
 11 15.35394987207796 0.000000000000000
 12 18.09640131785510 0.000000000000000

 spin=1 k-point=906/1284 Cartesian=0.1363183149498352 0.07870341583176359 0.07676364473785349 (2459 plane wave)
 1 0.8699246390002164 0.001562499999974667
 2 1.911838073733144 0.001562499150247709
 3 3.392048608096943 0.0006355150711099442
 4 4.429093278628667 3.357646663453429e-08
 5 10.64391809799638 0.000000000000000
 6 11.16426259058269 0.000000000000000
 7 12.22000281391307 0.000000000000000
 8 12.26816572003843 0.000000000000000
 9 13.01842528375586 0.000000000000000
 10 13.52745883065589 0.000000000000000
 11 14.97520697943866 0.000000000000000
 12 16.76286552851876 0.000000000000000

 spin=1 k-point=907/1284 Cartesian=0.1557923599426688 0.08994676095058692 0.07676364473785349 (2454 plane wave)
 1 1.926006426368263 0.001562499020905301
 2 1.936373344854789 0.001562498913955458
 3 3.207811963883444 0.001269180775115349
 4 3.238310605862734 0.001189547983019393
 5 11.08844288073261 0.000000000000000
 6 11.50915037190312 0.000000000000000
 7 11.66798429969198 0.000000000000000
 8 12.19236359908297 0.000000000000000
 9 12.67004413485242 0.000000000000000
 10 13.57412853111076 0.000000000000000
 11 15.58570638057596 0.000000000000000
 12 15.70094918227005 0.000000000000000

 spin=1 k-point=908/1284 Cartesian=0.1363183149498352 0.07870341583176359 -0.07676364473785301 (2459 plane wave)
 1 0.8699246410495001 0.001562499999974667
 2 1.911838064948520 0.001562499150247784
 3 3.392048628312820 0.0006355149948895515
 4 4.429093263324309 3.357647177308786e-08
 5 10.64391807169562 0.000000000000000
 6 11.16426259058128 0.000000000000000
 7 12.22000300733942 0.000000000000000
 8 12.26816571999108 0.000000000000000
 9 13.01842511903713 0.000000000000000
 10 13.52745873408604 0.000000000000000
 11 14.97520711194038 0.000000000000000
 12 16.76286549030026 0.000000000000000

 spin=1 k-point=909/1284 Cartesian=-0.1168442699570009 -0.06746007071293979 0.07676364473785349 (2463 plane wave)
 1 -0.09482685297681430 0.001562500000000035
 2 0.9883355830403329 0.001562499999917134
 3 4.758804989769160 1.242006477598921e-09
 4 5.829043308112543 2.793425592210801e-14
 5 9.755985812867367 0.000000000000000
 6 11.39169950415982 0.000000000000000
 7 12.31973963135834 0.000000000000000
 8 12.49554835746922 0.000000000000000
 9 13.26972292454544 0.000000000000000
 10 13.67170051886970 0.000000000000000
 11 15.35394998337972 0.000000000000000
 12 18.09640129070439 0.000000000000000

 spin=1 k-point=910/1284 Cartesian=-0.09737022496416733 -0.05621672559411645 0.07676364473785349 (2461 plane wave)
 1 -0.9176509987151593 0.001562500000000037
 2 0.1729800309991100 0.001562500000000013
 3 6.301796941616476 0.000000000000000
 4 7.351309615486062 0.000000000000000
 5 9.023274927986668 0.000000000000000
 6 11.77067666885304 0.000000000000000
 7 11.97953365232972 0.000000000000000
 8 12.87442975389507 0.000000000000000
 9 13.34144950107319 0.000000000000000
 10 14.16740703016835 0.000000000000000
 11 16.58685850616271 0.000000000000000
 12 19.58452476582853 0.000000000000000

 spin=1 k-point=911/1284 Cartesian=-0.07789617997133380 -0.04497338047529312 0.07676364473785349 (2476 plane wave)
 1 -1.592898000994921 0.001562500000000037
 2 -0.4994257308663352 0.001562500000000037
 3 7.812497032339426 0.000000000000000
 4 8.363283974978803 0.000000000000000
 5 9.252740278129407 0.000000000000000
 6 11.47560353804414 0.000000000000000
 7 12.30101994738245 0.000000000000000
 8 13.40462677901957 0.000000000000000
 9 13.76841485399470 0.000000000000000
 10 14.70920010320382 0.000000000000000
 11 18.15708852111764 0.000000000000000
 12 21.16134302039307 0.000000000000000

 spin=1 k-point=912/1284 Cartesian=-0.05842213497850025 -0.03373003535646978 0.07676364473785349 (2473 plane wave)
 1 -2.118887926873073 0.001562500000000037
 2 -1.024000044267882 0.001562500000000037
 3 7.676889464672394 0.000000000000000
 4 9.870777649084822 0.000000000000000
 5 10.84033897304181 0.000000000000000
 6 11.25001395977123 0.000000000000000
 7 12.98232252521105 0.000000000000000
 8 14.08571813484454 0.000000000000000
 9 14.38291298112528 0.000000000000000
 10 15.35552562398437 0.000000000000000
 11 19.87190961456376 0.000000000000000
 12 20.27564756859661 0.000000000000000

 spin=1 k-point=913/1284 Cartesian=-0.03894808998566670 -0.02248669023764645 0.07676364473785349 (2474 plane wave)
 1 -2.494916537177368 0.001562500000000037
 2 -1.399256333232333 0.001562500000000037
 3 7.340889324729288 0.000000000000000
 4 10.52515642436403 0.000000000000000
 5 12.00879641437153 0.000000000000000
 6 13.01750481692017 0.000000000000000
 7 13.81340535593071 0.000000000000000
 8 14.91650540212697 0.000000000000000
 9 15.13014981643767 0.000000000000000
 10 16.09481925569662 0.000000000000000
 11 18.68972265133199 0.000000000000000
 12 19.78377589828328 0.000000000000000

 spin=1 k-point=914/1284 Cartesian=-0.01947404499283316 -0.01124334511882311 0.07676364473785349 (2470 plane wave)
 1 -2.720641675496955 0.001562500000000037
 2 -1.624585091466921 0.001562500000000037
 3 7.129317920633950 0.000000000000000
 4 10.36318243075893 0.000000000000000
 5 14.04852752397660 0.000000000000000
 6 14.78864009128965 0.000000000000000
 7 15.05914575635614 0.000000000000000
 8 15.89134236264465 0.000000000000000
 9 15.92986119810253 0.000000000000000
 10 16.82691863986377 0.000000000000000
 11 17.26112019485430 0.000000000000000
 12 18.35951888508466 0.000000000000000

 spin=1 k-point=915/1284 Cartesian=0.000000000000000 0.02248669023764713 0.07676364473785349 (2470 plane wave)
 1 -2.720641675470563 0.001562500000000037
 2 -1.624585091507300 0.001562500000000037
 3 7.129317921011444 0.000000000000000
 4 10.36318242978445 0.000000000000000
 5 14.04852752605901 0.000000000000000
 6 14.78864008792960 0.000000000000000
 7 15.05914575695080 0.000000000000000
 8 15.89134235965307 0.000000000000000
 9 15.92986120293107 0.000000000000000
 10 16.82691864131433 0.000000000000000
 11 17.26112019430237 0.000000000000000
 12 18.35951888396012 0.000000000000000

 spin=1 k-point=916/1284 Cartesian=0.01947404499283394 0.03373003535647069 0.07676364473785349 (2479 plane wave)
 1 -2.570149583401533 0.001562500000000037
 2 -1.474352096752156 0.001562500000000037
 3 7.270936543560253 0.000000000000000
 4 10.48108892869986 0.000000000000000
 5 12.98538150536911 0.000000000000000
 6 13.06705693860762 0.000000000000000
 7 14.14685403956008 0.000000000000000
 8 14.21398666528824 0.000000000000000
 9 16.58397479531646 0.000000000000000
 10 16.88904902815253 0.000000000000000
 11 17.82305080293465 0.000000000000000
 12 18.06913047084161 0.000000000000000

 spin=1 k-point=917/1284 Cartesian=0.03894808998566748 0.04497338047529403 0.07676364473785349 (2484 plane wave)
 1 -2.269268205566955 0.001562500000000037
 2 -1.174049516667468 0.001562500000000037
 3 7.547660432841787 0.000000000000000
 4 10.55136088672632 0.000000000000000
 5 11.17758098877809 0.000000000000000
 6 11.87430683516907 0.000000000000000
 7 12.47548007424798 0.000000000000000
 8 13.30852440086672 0.000000000000000
 9 15.97300061500275 0.000000000000000
 10 16.96021882443969 0.000000000000000
 11 18.35812925134292 0.000000000000000
 12 19.30428095742235 0.000000000000000

 spin=1 k-point=918/1284 Cartesian=0.05842213497850103 0.05621672559411736 0.07676364473785349 (2470 plane wave)
 1 -1.818239385782413 0.001562500000000037
 2 -0.7240866261156790 0.001562500000000037
 3 7.910513193511691 0.000000000000000
 4 9.056054499796955 0.000000000000000
 5 10.10582963743947 0.000000000000000
 6 11.06382343143726 0.000000000000000
 7 11.75130916784382 0.000000000000000
 8 12.59041991065383 0.000000000000000
 9 15.27367936176682 0.000000000000000
 10 16.27733199065657 0.000000000000000
 11 19.03746549747721 0.000000000000000
 12 19.89342643763139 0.000000000000000

 spin=1 k-point=919/1284 Cartesian=0.07789617997133459 0.06746007071294070 0.07676364473785349 (2468 plane wave)
 1 -1.217551916531698 0.001562500000000037
 2 -0.1253999325549771 0.001562500000000036
 3 7.164313646291567 0.000000000000000
 4 8.117676750016182 0.000000000000000
 5 8.850097429339099 0.000000000000000
 6 10.76958746346370 0.000000000000000
 7 11.74756006530676 0.000000000000000
 8 12.21031065696257 0.000000000000000
 9 14.68648132792964 0.000000000000000
 10 15.64842658499545 0.000000000000000
 11 17.43667615641953 0.000000000000000
 12 20.23184918403954 0.000000000000000

 spin=1 k-point=920/1284 Cartesian=0.09737022496416814 0.07870341583176405 0.07676364473785349 (2466 plane wave)
 1 -0.4682660580502768 0.001562500000000037
 2 0.6194558702542877 0.001562499999997964
 3 5.568204554427793 3.792675611613693e-13
 4 6.633270115500817 0.000000000000000
 5 9.349161905102388 0.000000000000000
 6 10.39644217289922 0.000000000000000
 7 11.46015540066626 0.000000000000000
 8 12.66788305973344 0.000000000000000
 9 14.19803742451740 0.000000000000000
 10 15.02553368854775 0.000000000000000
 11 16.13279745147242 0.000000000000000
 12 18.83399072810335 0.000000000000000

 spin=1 k-point=921/1284 Cartesian=0.1168442699570017 0.08994676095058737 0.07676364473785349 (2462 plane wave)
 1 0.4267196256806297 0.001562499999999735
 2 1.499367781170024 0.001562499986260995
 3 4.100723959178291 8.951290207650414e-07
 4 5.164309515935685 2.152979961278027e-11
 5 9.846423164919765 0.000000000000000
 6 10.39074625696313 0.000000000000000
 7 11.23646698664688 0.000000000000000
 8 13.28710826653452 0.000000000000000
 9 13.56667365498600 0.000000000000000
 10 14.45751997378689 0.000000000000000
 11 15.48358063130164 0.000000000000000
 12 17.45786812149077 0.000000000000000

 spin=1 k-point=922/1284 Cartesian=0.1363183149498352 0.1011901060694107 0.07676364473785349 (2452 plane wave)
 1 1.454055020694496 0.001562499991266994
 2 2.302666616576452 0.001562457671971147
 3 3.000414437032842 0.001518395222360294
 4 3.846811747028013 1.126468784030029e-05
 5 9.823761981661530 0.000000000000000
 6 10.78255176261364 0.000000000000000
 7 11.53848000500558 0.000000000000000
 8 12.52295806477889 0.000000000000000
 9 13.60476693255938 0.000000000000000
 10 14.51073445653840 0.000000000000000
 11 15.49943558553362 0.000000000000000
 12 16.26919078240995 0.000000000000000

 spin=1 k-point=923/1284 Cartesian=0.1557923599426688 0.1124334511882340 0.07676364473785349 (2452 plane wave)
 1 1.454055024882692 0.001562499991266994
 2 2.302666593384421 0.001562457671980963
 3 3.000414471425416 0.001518395207619690
 4 3.846811730788914 1.126468965639653e-05
 5 9.823761964323607 0.000000000000000
 6 10.78255182486932 0.000000000000000
 7 11.53847994118672 0.000000000000000
 8 12.52295809596143 0.000000000000000
 9 13.60476695345482 0.000000000000000
 10 14.51073433992574 0.000000000000000
 11 15.49943573783498 0.000000000000000
 12 16.26919071324740 0.000000000000000

 spin=1 k-point=924/1284 Cartesian=-0.1363183149498344 -0.05621672559411600 0.07676364473785349 (2462 plane wave)
 1 0.4267196266866889 0.001562499999999735
 2 1.499367777693930 0.001562499986260996
 3 4.100723975155232 8.951288778327094e-07
 4 5.164309499218561 2.152980321194459e-11
 5 9.846423082089979 0.000000000000000
 6 10.39074642460023 0.000000000000000
 7 11.23646689509541 0.000000000000000
 8 13.28710826510753 0.000000000000000
 9 13.56667376940243 0.000000000000000
 10 14.45751973545781 0.000000000000000
 11 15.48358080096636 0.000000000000000
 12 17.45786808357938 0.000000000000000

 spin=1 k-point=925/1284 Cartesian=-0.1168442699570009 -0.04497338047529266 0.07676364473785349 (2466 plane wave)
 1 -0.4682660578060835 0.001562500000000037
 2 0.6194558694898236 0.001562499999997964
 3 5.568204572983877 3.792674907841540e-13
 4 6.633270087496546 0.000000000000000
 5 9.349161881020471 0.000000000000000
 6 10.39644226828417 0.000000000000000
 7 11.46015532457369 0.000000000000000
 8 12.66788307661332 0.000000000000000
 9 14.19803749789964 0.000000000000000
 10 15.02553351568608 0.000000000000000
 11 16.13279757021640 0.000000000000000
 12 18.83399070029620 0.000000000000000

 spin=1 k-point=926/1284 Cartesian=-0.09737022496416733 -0.03373003535646932 0.07676364473785349 (2468 plane wave)
 1 -1.217551916525378 0.001562500000000037
 2 -0.1253999326690951 0.001562500000000036
 3 7.164313689288323 0.000000000000000
 4 8.117676632393211 0.000000000000000
 5 8.850097493147517 0.000000000000000
 6 10.76958753969645 0.000000000000000
 7 11.74755994485414 0.000000000000000
 8 12.21031071224554 0.000000000000000
 9 14.68648136497823 0.000000000000000
 10 15.64842651353161 0.000000000000000
 11 17.43667620453568 0.000000000000000
 12 20.23184916735444 0.000000000000000

 spin=1 k-point=927/1284 Cartesian=-0.07789617997133380 -0.02248669023764599 0.07676364473785349 (2470 plane wave)
 1 -1.818239385846272 0.001562500000000037
 2 -0.7240866260468045 0.001562500000000037
 3 7.910513213391493 0.000000000000000
 4 9.056054431090764 0.000000000000000
 5 10.10582968870764 0.000000000000000
 6 11.06382348620526 0.000000000000000
 7 11.75130909759877 0.000000000000000
 8 12.59041992319883 0.000000000000000
 9 15.27367938467506 0.000000000000000
 10 16.27733195803020 0.000000000000000
 11 19.03746550119174 0.000000000000000
 12 19.89342643077769 0.000000000000000

 spin=1 k-point=928/1284 Cartesian=-0.05842213497850025 -0.01124334511882266 0.07676364473785349 (2484 plane wave)
 1 -2.269268205636742 0.001562500000000037
 2 -1.174049516567373 0.001562500000000037
 3 7.547660433023864 0.000000000000000
 4 10.55136085759792 0.000000000000000
 5 11.17758104251052 0.000000000000000
 6 11.87430681205863 0.000000000000000
 7 12.47548007309291 0.000000000000000
 8 13.30852439958864 0.000000000000000
 9 15.97300062888453 0.000000000000000
 10 16.96021881547228 0.000000000000000
 11 18.35812921530077 0.000000000000000
 12 19.30428099264534 0.000000000000000

 spin=1 k-point=929/1284 Cartesian=-0.03894808998566670 0.000000000000000 0.07676364473785349 (2479 plane wave)
 1 -2.570149583450607 0.001562500000000037
 2 -1.474352096677946 0.001562500000000037
 3 7.270936542894691 0.000000000000000
 4 10.48108893049738 0.000000000000000
 5 12.98538151082878 0.000000000000000
 6 13.06705693171441 0.000000000000000
 7 14.14685404519948 0.000000000000000
 8 14.21398666053186 0.000000000000000
 9 16.58397479342492 0.000000000000000
 10 16.88904902431894 0.000000000000000
 11 17.82305081027097 0.000000000000000
 12 18.06913046868901 0.000000000000000

 spin=1 k-point=930/1284 Cartesian=-0.01947404499283316 0.01124334511882402 0.07676364473785349 (2470 plane wave)
 1 -2.720641675487952 0.001562500000000037
 2 -1.624585091480473 0.001562500000000037
 3 7.129317920743312 0.000000000000000
 4 10.36318243054725 0.000000000000000
 5 14.04852752145020 0.000000000000000
 6 14.78864008934464 0.000000000000000
 7 15.05914577554218 0.000000000000000
 8 15.89134236133788 0.000000000000000
 9 15.92986117983052 0.000000000000000
 10 16.82691862836876 0.000000000000000
 11 17.26112019677056 0.000000000000000
 12 18.35951888729861 0.000000000000000

 spin=1 k-point=931/1284 Cartesian=0.000000000000000 0.04497338047529380 0.07676364473785349 (2474 plane wave)
 1 -2.494916537121309 0.001562500000000037
 2 -1.399256333311491 0.001562500000000037
 3 7.340889325621180 0.000000000000000
 4 10.52515642150928 0.000000000000000
 5 12.00879641722746 0.000000000000000
 6 13.01750481632927 0.000000000000000
 7 13.81340535320273 0.000000000000000
 8 14.91650539963875 0.000000000000000
 9 15.13014982133546 0.000000000000000
 10 16.09481925631897 0.000000000000000
 11 18.68972265030148 0.000000000000000
 12 19.78377589616139 0.000000000000000

 spin=1 k-point=932/1284 Cartesian=0.01947404499283394 0.05621672559411736 0.07676364473785349 (2484 plane wave)
 1 -2.269268205554726 0.001562500000000037
 2 -1.174049516680778 0.001562500000000037
 3 7.547660434379553 0.000000000000000
 4 10.55136085245296 0.000000000000000
 5 11.17758104612219 0.000000000000000
 6 11.87430680964755 0.000000000000000
 7 12.47548007575677 0.000000000000000
 8 13.30852439804132 0.000000000000000
 9 15.97300063089633 0.000000000000000
 10 16.96021881656261 0.000000000000000
 11 18.35812921342837 0.000000000000000
 12 19.30428099060443 0.000000000000000

 spin=1 k-point=933/1284 Cartesian=0.03894808998566748 0.06746007071294069 0.07676364473785349 (2472 plane wave)
 1 -1.893373565712733 0.001562500000000037
 2 -0.7990097312191354 0.001562500000000037
 3 7.874115583153587 0.000000000000000
 4 9.989508220398077 0.000000000000000
 5 10.13980703253408 0.000000000000000
 6 10.89003370131143 0.000000000000000
 7 11.44659474785001 0.000000000000000
 8 11.79836034466978 0.000000000000000
 9 17.26382132548271 0.000000000000000
 10 17.55532825458285 0.000000000000000
 11 18.51126351186896 0.000000000000000
 12 18.55522850442327 0.000000000000000

 spin=1 k-point=934/1284 Cartesian=0.05842213497850103 0.07870341583176403 0.07676364473785349 (2469 plane wave)
 1 -1.367584192019051 0.001562500000000037
 2 -0.2747681969844329 0.001562500000000036
 3 8.032061263029664 0.000000000000000
 4 8.521641277213433 0.000000000000000
 5 9.161576536543258 0.000000000000000
 6 9.789065342469639 0.000000000000000
 7 10.66225623303962 0.000000000000000
 8 11.96091999084132 0.000000000000000
 9 16.77479750105188 0.000000000000000
 10 17.61301313860740 0.000000000000000
 11 18.46648536532324 0.000000000000000
 12 19.02234732916562 0.000000000000000

 spin=1 k-point=935/1284 Cartesian=0.07789617997133459 0.08994676095058737 0.07676364473785349 (2468 plane wave)
 1 -0.6926178064765819 0.001562500000000037
 2 0.3971568482365552 0.001562499999999812
 3 6.519120975073140 0.000000000000000
 4 7.552643205192092 0.000000000000000
 5 8.728952156078597 0.000000000000000
 6 9.391765966845195 0.000000000000000
 7 10.23958613078374 0.000000000000000
 8 12.53173474455729 0.000000000000000
 9 16.04444207504586 0.000000000000000
 10 16.65237624278756 0.000000000000000
 11 17.57286259433063 0.000000000000000
 12 18.82180983711893 0.000000000000000

 spin=1 k-point=936/1284 Cartesian=0.09737022496416814 0.1011901060694107 0.07676364473785349 (2462 plane wave)
 1 0.1298316205247601 0.001562500000000021
 2 1.211863012254542 0.001562499999224971
 3 4.978015017170418 1.387097156788621e-10
 4 6.039316016786663 3.411411532058671e-15
 5 8.530065349187417 0.000000000000000
 6 9.484933348907692 0.000000000000000
 7 10.35790712396020 0.000000000000000
 8 13.23759126370642 0.000000000000000
 9 14.86204532923739 0.000000000000000
 10 16.07006345185673 0.000000000000000
 11 17.10538362938188 0.000000000000000
 12 18.06205202489085 0.000000000000000

 spin=1 k-point=937/1284 Cartesian=0.1168442699570017 0.1124334511882340 0.07676364473785349 (2460 plane wave)
 1 1.094128146022985 0.001562499999761243
 2 2.134888083988995 0.001562492093495488
 3 3.612299238165756 0.0001100565385880978
 4 4.645220459117810 3.867359999155629e-09
 5 8.335109850991774 0.000000000000000
 6 9.376041933725723 0.000000000000000
 7 11.14355150709521 0.000000000000000
 8 13.28305241192668 0.000000000000000
 9 14.37231961400263 0.000000000000000
 10 15.72911813331027 0.000000000000000
 11 16.77781385065490 0.000000000000000
 12 17.09765379394727 0.000000000000000

 spin=1 k-point=938/1284 Cartesian=0.1363183149498352 0.1236767963070574 0.07676364473785349 (2450 plane wave)
 1 2.147557355805070 0.001562491025584176
 2 2.163016368485436 0.001562489525255773
 3 3.421601791310166 0.0005278405367035297
 4 3.461698943651206 0.0003978784140719811
 5 8.266215218554951 0.000000000000000
 6 9.320297340698579 0.000000000000000
 7 12.14827924381163 0.000000000000000
 8 12.20706159672733 0.000000000000000
 9 15.02800957168492 0.000000000000000
 10 15.32432071372623 0.000000000000000
 11 16.40356884900683 0.000000000000000
 12 16.85643497592353 0.000000000000000

 spin=1 k-point=939/1284 Cartesian=0.1557923599426688 0.1349201414258807 0.07676364473785349 (2460 plane wave)
 1 1.094128147812064 0.001562499999761243
 2 2.134888075750327 0.001562492093496139
 3 3.612299258431728 0.0001100565178550776
 4 4.645220443235073 3.867360613396922e-09
 5 8.335109838010551 0.000000000000000
 6 9.376041962846443 0.000000000000000
 7 11.14355149058484 0.000000000000000
 8 13.28305239636947 0.000000000000000
 9 14.37231967139117 0.000000000000000
 10 15.72911802375253 0.000000000000000
 11 16.77781404953644 0.000000000000000
 12 17.09765366428628 0.000000000000000

 spin=1 k-point=940/1284 Cartesian=-0.1363183149498344 -0.03373003535646933 0.07676364473785349 (2462 plane wave)
 1 0.1298316209136627 0.001562500000000021
 2 1.211863010880649 0.001562499999224971
 3 4.978015033305966 1.387096932972881e-10
 4 6.039315995869325 3.411412245635392e-15
 5 8.530065310071684 0.000000000000000
 6 9.484933456705058 0.000000000000000
 7 10.35790705862121 0.000000000000000
 8 13.23759125490858 0.000000000000000
 9 14.86204539249993 0.000000000000000
 10 16.07006332617615 0.000000000000000
 11 17.10538373768738 0.000000000000000
 12 18.06205199039345 0.000000000000000

 spin=1 k-point=941/1284 Cartesian=-0.1168442699570009 -0.02248669023764599 0.07676364473785349 (2468 plane wave)
 1 -0.6926178064687090 0.001562500000000037
 2 0.3971568480416900 0.001562499999999812
 3 6.519120999999983 0.000000000000000
 4 7.552643161571524 0.000000000000000
 5 8.728952057625326 0.000000000000000
 6 9.391766187690576 0.000000000000000
 7 10.23958602336934 0.000000000000000
 8 12.53173474629462 0.000000000000000
 9 16.04444219097760 0.000000000000000
 10 16.65237603945695 0.000000000000000
 11 17.57286269906807 0.000000000000000
 12 18.82180982022672 0.000000000000000

 spin=1 k-point=942/1284 Cartesian=-0.09737022496416733 -0.01124334511882266 0.07676364473785349 (2469 plane wave)
 1 -1.367584192117708 0.001562500000000037
 2 -0.2747681968834506 0.001562500000000036
 3 8.032061344980468 0.000000000000000
 4 8.521641126802898 0.000000000000000
 5 9.161576510479900 0.000000000000000
 6 9.789065525379325 0.000000000000000
 7 10.66225613531991 0.000000000000000
 8 11.96091999995791 0.000000000000000
 9 16.77479755416131 0.000000000000000
 10 17.61301303935286 0.000000000000000
 11 18.46648539002630 0.000000000000000
 12 19.02234725086785 0.000000000000000

 spin=1 k-point=943/1284 Cartesian=-0.07789617997133380 0.000000000000000 0.07676364473785349 (2472 plane wave)
 1 -1.893373565823298 0.001562500000000037
 2 -0.7990097310644747 0.001562500000000037
 3 7.874115581047167 0.000000000000000
 4 9.989508219546442 0.000000000000000
 5 10.13980703720164 0.000000000000000
 6 10.89003370415201 0.000000000000000
 7 11.44659474601504 0.000000000000000
 8 11.79836034267143 0.000000000000000
 9 17.26382132375113 0.000000000000000
 10 17.55532825091901 0.000000000000000
 11 18.51126351564847 0.000000000000000
 12 18.55522851039997 0.000000000000000

 spin=1 k-point=944/1284 Cartesian=-0.05842213497850025 0.01124334511882401 0.07676364473785349 (2484 plane wave)
 1 -2.269268205640095 0.001562500000000037
 2 -1.174049516554123 0.001562500000000037
 3 7.547660431750416 0.000000000000000
 4 10.55136089115325 0.000000000000000
 5 11.17758098804729 0.000000000000000
 6 11.87430683348872 0.000000000000000
 7 12.47548007364914 0.000000000000000
 8 13.30852440064927 0.000000000000000
 9 15.97300061374632 0.000000000000000
 10 16.96021882388527 0.000000000000000
 11 18.35812925176851 0.000000000000000
 12 19.30428096063260 0.000000000000000

 spin=1 k-point=945/1284 Cartesian=-0.03894808998566670 0.02248669023764735 0.07676364473785349 (2474 plane wave)
 1 -2.494916537166661 0.001562500000000037
 2 -1.399256333242973 0.001562500000000037
 3 7.340889324377441 0.000000000000000
 4 10.52515642973977 0.000000000000000
 5 12.00879640063187 0.000000000000000
 6 13.01750483227846 0.000000000000000
 7 13.81340535501730 0.000000000000000
 8 14.91650540150978 0.000000000000000
 9 15.13014979510888 0.000000000000000
 10 16.09481926715823 0.000000000000000
 11 18.68972265246736 0.000000000000000
 12 19.78377589902633 0.000000000000000

 spin=1 k-point=946/1284 Cartesian=-0.01947404499283316 0.03373003535647068 0.07676364473785349 (2479 plane wave)
 1 -2.570149583421387 0.001562500000000037
 2 -1.474352096715788 0.001562500000000037
 3 7.270936543334411 0.000000000000000
 4 10.48108892939433 0.000000000000000
 5 12.98538151751436 0.000000000000000
 6 13.06705692618651 0.000000000000000
 7 14.14685405080728 0.000000000000000
 8 14.21398665291412 0.000000000000000
 9 16.58397479474886 0.000000000000000
 10 16.88904902507917 0.000000000000000
 11 17.82305080814980 0.000000000000000
 12 18.06913047043785 0.000000000000000

 spin=1 k-point=947/1284 Cartesian=0.000000000000000 0.06746007071294047 0.07676364473785349 (2473 plane wave)
 1 -2.118887926783208 0.001562500000000037
 2 -1.024000044384839 0.001562500000000037
 3 7.676889466509545 0.000000000000000
 4 9.870777646284647 0.000000000000000
 5 10.84033897452139 0.000000000000000
 6 11.25001395847929 0.000000000000000
 7 12.98232252267267 0.000000000000000
 8 14.08571813249856 0.000000000000000
 9 14.38291298637223 0.000000000000000
 10 15.35552562370691 0.000000000000000
 11 19.87190961857168 0.000000000000000
 12 20.27564756760198 0.000000000000000

 spin=1 k-point=948/1284 Cartesian=0.01947404499283394 0.07870341583176403 0.07676364473785349 (2470 plane wave)
 1 -1.818239385726137 0.001562500000000037
 2 -0.7240866261994170 0.001562500000000037
 3 7.910513216097954 0.000000000000000
 4 9.056054430734982 0.000000000000000
 5 10.10582968583808 0.000000000000000
 6 11.06382348211261 0.000000000000000
 7 11.75130910147896 0.000000000000000
 8 12.59041992170043 0.000000000000000
 9 15.27367938689705 0.000000000000000
 10 16.27733195674185 0.000000000000000
 11 19.03746550578146 0.000000000000000
 12 19.89342643059270 0.000000000000000

 spin=1 k-point=949/1284 Cartesian=0.03894808998566748 0.08994676095058736 0.07676364473785349 (2469 plane wave)
 1 -1.367584191963150 0.001562500000000037
 2 -0.2747681970823821 0.001562500000000036
 3 8.032061345578635 0.000000000000000
 4 8.521641132912462 0.000000000000000
 5 9.161576507256713 0.000000000000000
 6 9.789065520346842 0.000000000000000
 7 10.66225613310316 0.000000000000000
 8 11.96092000248306 0.000000000000000
 9 16.77479755527113 0.000000000000000
 10 17.61301303344770 0.000000000000000
 11 18.46648540044051 0.000000000000000
 12 19.02234725026439 0.000000000000000

 spin=1 k-point=950/1284 Cartesian=0.05842213497850103 0.1011901060694107 0.07676364473785349 (2467 plane wave)
 1 -0.7674440893073751 0.001562500000000037
 2 0.3229297199220448 0.001562499999999930
 3 7.569702562430735 0.000000000000000
 4 7.597339444059275 0.000000000000000
 5 8.437978088083572 0.000000000000000
 6 8.807786642331406 0.000000000000000
 7 9.677746486671879 0.000000000000000
 8 12.47153623392047 0.000000000000000
 9 17.39492112626060 0.000000000000000
 10 17.59491731905946 0.000000000000000
 11 18.44232960812027 0.000000000000000
 12 18.61526402503375 0.000000000000000

 spin=1 k-point=951/1284 Cartesian=0.07789617997133459 0.1124334511882340 0.07676364473785349 (2461 plane wave)
 1 -0.01892784861345692 0.001562500000000033
 2 1.066311242931096 0.001562499999819230
 3 5.997224271463455 5.196803375153346e-15
 4 6.887273984096400 0.000000000000000
 5 7.409403518871544 0.000000000000000
 6 8.286721946730335 0.000000000000000
 7 10.10496859811401 0.000000000000000
 8 13.15042724836292 0.000000000000000
 9 15.96771451362492 0.000000000000000
 10 17.09652553852287 0.000000000000000
 11 18.08078261926109 0.000000000000000
 12 19.13759873859726 0.000000000000000

 spin=1 k-point=952/1284 Cartesian=0.09737022496416814 0.1236767963070574 0.07676364473785349 (2454 plane wave)
 1 0.8750122470227708 0.001562499999973343
 2 1.944180213965135 0.001562498825772022
 3 4.537228270144329 1.138719461963027e-08
 4 5.568712327243242 3.773466242429367e-13
 5 6.982718454208408 0.000000000000000
 6 8.014876045371361 0.000000000000000
 7 10.91365338580108 0.000000000000000
 8 13.77737697662303 0.000000000000000
 9 14.74593563659646 0.000000000000000
 10 16.72859240332456 0.000000000000000
 11 17.53027250139817 0.000000000000000
 12 18.29850010752460 0.000000000000000

 spin=1 k-point=953/1284 Cartesian=0.1168442699570017 0.1349201414258807 0.07676364473785349 (2449 plane wave)
 1 1.901098163752158 0.001562499236780394
 2 2.749074378803237 0.001558832720166173
 3 3.435006008435526 0.0004820531488189328
 4 4.275451973297921 1.560475029939380e-07
 5 6.819447360724745 0.000000000000000
 6 7.874072939442109 0.000000000000000
 7 11.90688296406975 0.000000000000000
 8 13.02671489565848 0.000000000000000
 9 15.14701608916950 0.000000000000000
 10 16.12277780046494 0.000000000000000
 11 16.98801110601261 0.000000000000000
 12 17.95743439488539 0.000000000000000

 spin=1 k-point=954/1284 Cartesian=0.1363183149498352 0.1461634865447040 0.07676364473785349 (2449 plane wave)
 1 1.901098167168042 0.001562499236780368
 2 2.749074357349162 0.001558832720951107
 3 3.435006042991763 0.0004820530336315715
 4 4.275451955157503 1.560475312987906e-07
 5 6.819447358934967 0.000000000000000
 6 7.874072944014999 0.000000000000000
 7 11.90688296446413 0.000000000000000
 8 13.02671488821364 0.000000000000000
 9 15.14701611873414 0.000000000000000
 10 16.12277777441559 0.000000000000000
 11 16.98801108651653 0.000000000000000
 12 17.95743442582049 0.000000000000000

 spin=1 k-point=955/1284 Cartesian=0.1557923599426688 0.1574068316635274 0.07676364473785349 (2454 plane wave)
 1 0.8750122475684066 0.001562499999973343
 2 1.944180211520894 0.001562498825772051
 3 4.537228286803658 1.138719272261357e-08
 4 5.568712306367007 3.773467030187308e-13
 5 6.982718447927486 0.000000000000000
 6 8.014876061992373 0.000000000000000
 7 10.91365338234389 0.000000000000000
 8 13.77737695407685 0.000000000000000
 9 14.74593567862826 0.000000000000000
 10 16.72859239729390 0.000000000000000
 11 17.53027240190086 0.000000000000000
 12 18.29850022730196 0.000000000000000

 spin=1 k-point=956/1284 Cartesian=-0.1363183149498344 -0.01124334511882266 0.07676364473785349 (2461 plane wave)
 1 -0.01892784867150380 0.001562500000000033
 2 1.066311242766992 0.001562499999819230
 3 5.997224290870679 5.196802366597955e-15
 4 6.887273954066571 0.000000000000000
 5 7.409403496502407 0.000000000000000
 6 8.286721990215947 0.000000000000000
 7 10.10496858889199 0.000000000000000
 8 13.15042724484945 0.000000000000000
 9 15.96771453837026 0.000000000000000
 10 17.09652553323970 0.000000000000000
 11 18.08078253011549 0.000000000000000
 12 19.13759887716150 0.000000000000000

 spin=1 k-point=957/1284 Cartesian=-0.1168442699570009 0.000000000000000 0.07676364473785349 (2467 plane wave)
 1 -0.7674440895048202 0.001562500000000037
 2 0.3229297201837120 0.001562499999999930
 3 7.569702567685956 0.000000000000000
 4 7.597339440054674 0.000000000000000
 5 8.437978076185018 0.000000000000000
 6 8.807786648132987 0.000000000000000
 7 9.677746494266556 0.000000000000000
 8 12.47153623198371 0.000000000000000
 9 17.39492113204800 0.000000000000000
 10 17.59491731589343 0.000000000000000
 11 18.44232960825597 0.000000000000000
 12 18.61526401667864 0.000000000000000

 spin=1 k-point=958/1284 Cartesian=-0.09737022496416733 0.01124334511882401 0.07676364473785349 (2469 plane wave)
 1 -1.367584192163845 0.001562500000000037
 2 -0.2747681967748611 0.001562500000000036
 3 8.032061261809043 0.000000000000000
 4 8.521641275405070 0.000000000000000
 5 9.161576535336184 0.000000000000000
 6 9.789065348330899 0.000000000000000
 7 10.66225623470051 0.000000000000000
 8 11.96091998794651 0.000000000000000
 9 16.77479749915993 0.000000000000000
 10 17.61301314334510 0.000000000000000
 11 18.46648535751264 0.000000000000000
 12 19.02234733136825 0.000000000000000

 spin=1 k-point=959/1284 Cartesian=-0.07789617997133380 0.02248669023764735 0.07676364473785349 (2470 plane wave)
 1 -1.818239385883546 0.001562500000000037
 2 -0.7240866259532540 0.001562500000000037
 3 7.910513191514911 0.000000000000000
 4 9.056054501362818 0.000000000000000
 5 10.10582963847565 0.000000000000000
 6 11.06382343648330 0.000000000000000
 7 11.75130916168836 0.000000000000000
 8 12.59041991118696 0.000000000000000
 9 15.27367936064066 0.000000000000000
 10 16.27733199129730 0.000000000000000
 11 19.03746549531478 0.000000000000000
 12 19.89342643948887 0.000000000000000

 spin=1 k-point=960/1284 Cartesian=-0.05842213497850025 0.03373003535647068 0.07676364473785349 (2473 plane wave)
 1 -2.118887926881199 0.001562500000000037
 2 -1.024000044230982 0.001562500000000037
 3 7.676889459154201 0.000000000000000
 4 9.870777702812997 0.000000000000000
 5 10.84033884892387 0.000000000000000
 6 11.25001403642603 0.000000000000000
 7 12.98232252468790 0.000000000000000
 8 14.08571813449554 0.000000000000000
 9 14.38291295910583 0.000000000000000
 10 15.35552564896488 0.000000000000000
 11 19.87190961243042 0.000000000000000
 12 20.27564756912527 0.000000000000000

 spin=1 k-point=961/1284 Cartesian=-0.03894808998566670 0.04497338047529402 0.07676364473785349 (2484 plane wave)
 1 -2.269268205607721 0.001562500000000037
 2 -1.174049516589772 0.001562500000000037
 3 7.547660432290456 0.000000000000000
 4 10.55136088959576 0.000000000000000
 5 11.17758098853729 0.000000000000000
 6 11.87430683413573 0.000000000000000
 7 12.47548007395119 0.000000000000000
 8 13.30852439940227 0.000000000000000
 9 15.97300061372058 0.000000000000000
 10 16.96021882315336 0.000000000000000
 11 18.35812925426025 0.000000000000000
 12 19.30428095917502 0.000000000000000

 spin=1 k-point=962/1284 Cartesian=-0.01947404499283316 0.05621672559411735 0.07676364473785349 (2484 plane wave)
 1 -2.269268205574671 0.001562500000000037
 2 -1.174049516641849 0.001562500000000037
 3 7.547660434133785 0.000000000000000
 4 10.55136085186725 0.000000000000000
 5 11.17758104916431 0.000000000000000
 6 11.87430681175076 0.000000000000000
 7 12.47548007040875 0.000000000000000
 8 13.30852439801041 0.000000000000000
 9 15.97300063162505 0.000000000000000
 10 16.96021881569519 0.000000000000000
 11 18.35812921375762 0.000000000000000
 12 19.30428099238159 0.000000000000000

 spin=1 k-point=963/1284 Cartesian=0.000000000000000 0.08994676095058715 0.07676364473785349 (2476 plane wave)
 1 -1.592898000866296 0.001562500000000037
 2 -0.4994257310209235 0.001562500000000037
 3 7.812497033500357 0.000000000000000
 4 8.363283979543544 0.000000000000000
 5 9.252740272119931 0.000000000000000
 6 11.47560353651025 0.000000000000000
 7 12.30101994494189 0.000000000000000
 8 13.40462677672685 0.000000000000000
 9 13.76841485995189 0.000000000000000
 10 14.70920010165223 0.000000000000000
 11 18.15708852611007 0.000000000000000
 12 21.16134302143691 0.000000000000000

 spin=1 k-point=964/1284 Cartesian=0.01947404499283394 0.1011901060694107 0.07676364473785349 (2468 plane wave)
 1 -1.217551916360808 0.001562500000000037
 2 -0.1253999328620026 0.001562500000000036
 3 7.164313688721150 0.000000000000000
 4 8.117676641449519 0.000000000000000
 5 8.850097484978724 0.000000000000000
 6 10.76958753686083 0.000000000000000
 7 11.74755994400150 0.000000000000000
 8 12.21031071247287 0.000000000000000
 9 14.68648136749663 0.000000000000000
 10 15.64842650997554 0.000000000000000
 11 17.43667621172818 0.000000000000000
 12 20.23184916761713 0.000000000000000

 spin=1 k-point=965/1284 Cartesian=0.03894808998566748 0.1124334511882340 0.07676364473785349 (2468 plane wave)
 1 -0.6926178062619891 0.001562500000000037
 2 0.3971568477983426 0.001562499999999812
 3 6.519120999521805 0.000000000000000
 4 7.552643164943722 0.000000000000000
 5 8.728952060111119 0.000000000000000
 6 9.391766182881458 0.000000000000000
 7 10.23958601974114 0.000000000000000
 8 12.53173474747961 0.000000000000000
 9 16.04444218946580 0.000000000000000
 10 16.65237603738922 0.000000000000000
 11 17.57286270814887 0.000000000000000
 12 18.82180981920298 0.000000000000000

 spin=1 k-point=966/1284 Cartesian=0.05842213497850103 0.1236767963070574 0.07676364473785349 (2461 plane wave)
 1 -0.01892784841090010 0.001562500000000033
 2 1.066311242447803 0.001562499999819230
 3 5.997224290675622 5.196802376734688e-15
 4 6.887273952203024 0.000000000000000
 5 7.409403502343991 0.000000000000000
 6 8.286721988592948 0.000000000000000
 7 10.10496858430372 0.000000000000000
 8 13.15042724591894 0.000000000000000
 9 15.96771453773182 0.000000000000000
 10 17.09652553412744 0.000000000000000
 11 18.08078252929739 0.000000000000000
 12 19.13759888094683 0.000000000000000

 spin=1 k-point=967/1284 Cartesian=0.07789617997133459 0.1349201414258807 0.07676364473785349 (2459 plane wave)
 1 0.8016270585303609 0.001562499999987222
 2 1.876284373023414 0.001562499404496102
 3 5.569812722429694 3.732170814572984e-13
 4 5.617841282555885 2.308745569112427e-13
 5 6.781494447969120 0.000000000000000
 6 6.845176879192758 0.000000000000000
 7 10.83758082598776 0.000000000000000
 8 13.84654511659735 0.000000000000000
 9 15.59622026341100 0.000000000000000
 10 15.75266007407203 0.000000000000000
 11 18.64530320038984 0.000000000000000
 12 18.96483537386813 0.000000000000000

 spin=1 k-point=968/1284 Cartesian=0.09737022496416814 0.1461634865447041 0.07676364473785349 (2458 plane wave)
 1 1.763087898474355 0.001562499808010048
 2 2.791612915356376 0.001556895375409050
 3 4.255792662152021 1.899445011740152e-07
 4 5.091074001434199 4.478141965408174e-11
 5 5.710913870651765 9.102629405777640e-14
 6 6.568286159680987 0.000000000000000
 7 11.76732108839110 0.000000000000000
 8 13.93249993369659 0.000000000000000
 9 14.89736273978426 0.000000000000000
 10 15.69745756835057 0.000000000000000
 11 17.53262253250000 0.000000000000000
 12 18.63463610455380 0.000000000000000

 spin=1 k-point=969/1284 Cartesian=0.1168442699570017 0.1574068316635274 0.07676364473785349 (2442 plane wave)
 1 2.800953433960562 0.001556348806299913
 2 2.840774577148541 0.001553357500299637
 3 3.993132767665878 2.622211868506365e-06
 4 4.128711651300174 6.767018243176678e-07
 5 5.487934515550507 8.463580586552766e-13
 6 6.489613385081571 0.000000000000000
 7 12.80432356640360 0.000000000000000
 8 12.87768931011385 0.000000000000000
 9 15.00636164510521 0.000000000000000
 10 16.24925637077262 0.000000000000000
 11 16.54438867337753 0.000000000000000
 12 18.56186775458700 0.000000000000000

 spin=1 k-point=970/1284 Cartesian=0.1363183149498352 0.1686501767823507 0.07676364473785349 (2458 plane wave)
 1 1.763087899046793 0.001562499808010046
 2 2.791612910855934 0.001556895375660378
 3 4.255792684042871 1.899444595985991e-07
 4 5.091073968843480 4.478143424867389e-11
 5 5.710913882532774 9.102628324293236e-14
 6 6.568286162534938 0.000000000000000
 7 11.76732109033266 0.000000000000000
 8 13.93249991880559 0.000000000000000
 9 14.89736277318795 0.000000000000000
 10 15.69745754730857 0.000000000000000
 11 17.53262252841050 0.000000000000000
 12 18.63463610658996 0.000000000000000

 spin=1 k-point=971/1284 Cartesian=0.1557923599426688 0.1798935219011741 0.07676364473785349 (2459 plane wave)
 1 0.8016270581858136 0.001562499999987222
 2 1.876284373491480 0.001562499404496099
 3 5.569812718144086 3.732170974519236e-13
 4 5.617841287790339 2.308745448262173e-13
 5 6.781494440378556 0.000000000000000
 6 6.845176884589205 0.000000000000000
 7 10.83758082930434 0.000000000000000
 8 13.84654511554458 0.000000000000000
 9 15.59622025767478 0.000000000000000
 10 15.75266007967586 0.000000000000000
 11 18.64530320075909 0.000000000000000
 12 18.96483536859011 0.000000000000000

 spin=1 k-point=972/1284 Cartesian=-0.1363183149498344 0.01124334511882402 0.07676364473785349 (2461 plane wave)
 1 -0.01892784887256217 0.001562500000000033
 2 1.066311243301220 0.001562499999819230
 3 5.997224271819388 5.196803356656252e-15
 4 6.887273982820789 0.000000000000000
 5 7.409403520667097 0.000000000000000
 6 8.286721942417723 0.000000000000000
 7 10.10496860379914 0.000000000000000
 8 13.15042724645889 0.000000000000000
 9 15.96771451541584 0.000000000000000
 10 17.09652553752331 0.000000000000000
 11 18.08078261349745 0.000000000000000
 12 19.13759874137999 0.000000000000000

 spin=1 k-point=973/1284 Cartesian=-0.1168442699570009 0.02248669023764736 0.07676364473785349 (2468 plane wave)
 1 -0.6926178066679487 0.001562500000000037
 2 0.3971568485297925 0.001562499999999812
 3 6.519120975271578 0.000000000000000
 4 7.552643204254565 0.000000000000000
 5 8.728952154867425 0.000000000000000
 6 9.391765965266432 0.000000000000000
 7 10.23958613685592 0.000000000000000
 8 12.53173474212373 0.000000000000000
 9 16.04444207584508 0.000000000000000
 10 16.65237624372199 0.000000000000000
 11 17.57286258800884 0.000000000000000
 12 18.82180984001013 0.000000000000000

 spin=1 k-point=974/1284 Cartesian=-0.09737022496416733 0.03373003535647070 0.07676364473785349 (2468 plane wave)
 1 -1.217551916668860 0.001562500000000037
 2 -0.1253999323235207 0.001562500000000036
 3 7.164313646174725 0.000000000000000
 4 8.117676748055203 0.000000000000000
 5 8.850097430867914 0.000000000000000
 6 10.76958746742655 0.000000000000000
 7 11.74756006260187 0.000000000000000
 8 12.21031065619442 0.000000000000000
 9 14.68648132670175 0.000000000000000
 10 15.64842658675710 0.000000000000000
 11 17.43667615313827 0.000000000000000
 12 20.23184918880649 0.000000000000000

 spin=1 k-point=975/1284 Cartesian=-0.07789617997133380 0.04497338047529403 0.07676364473785349 (2476 plane wave)
 1 -1.592898001069935 0.001562500000000037
 2 -0.4994257306728296 0.001562500000000037
 3 7.812496941675549 0.000000000000000
 4 8.363284145794376 0.000000000000000
 5 9.252740194210494 0.000000000000000
 6 11.47560353411025 0.000000000000000
 7 12.30101994703122 0.000000000000000
 8 13.40462677879227 0.000000000000000
 9 13.76841483543554 0.000000000000000
 10 14.70920014263295 0.000000000000000
 11 18.15708849505757 0.000000000000000
 12 21.16134303295595 0.000000000000000

 spin=1 k-point=976/1284 Cartesian=-0.05842213497850025 0.05621672559411737 0.07676364473785349 (2470 plane wave)
 1 -1.818239385847735 0.001562500000000037
 2 -0.7240866259867638 0.001562500000000037
 3 7.910513192156730 0.000000000000000
 4 9.056054501223095 0.000000000000000
 5 10.10582963913646 0.000000000000000
 6 11.06382343247276 0.000000000000000
 7 11.75130916512635 0.000000000000000
 8 12.59041991003954 0.000000000000000
 9 15.27367936046824 0.000000000000000
 10 16.27733199091183 0.000000000000000
 11 19.03746549649640 0.000000000000000
 12 19.89342643951999 0.000000000000000

 spin=1 k-point=977/1284 Cartesian=-0.03894808998566670 0.06746007071294070 0.07676364473785349 (2472 plane wave)
 1 -1.893373565754508 0.001562500000000037
 2 -0.7990097311343823 0.001562500000000037
 3 7.874115582515512 0.000000000000000
 4 9.989508211578841 0.000000000000000
 5 10.13980704355028 0.000000000000000
 6 10.89003370881489 0.000000000000000
 7 11.44659473722535 0.000000000000000
 8 11.79836034530884 0.000000000000000
 9 17.26382132528576 0.000000000000000
 10 17.55532825120126 0.000000000000000
 11 18.51126351491775 0.000000000000000
 12 18.55522850937887 0.000000000000000

 spin=1 k-point=978/1284 Cartesian=-0.01947404499283316 0.07870341583176405 0.07676364473785349 (2470 plane wave)
 1 -1.818239385746716 0.001562500000000037
 2 -0.7240866261567716 0.001562500000000037
 3 7.910513215967960 0.000000000000000
 4 9.056054429903849 0.000000000000000
 5 10.10582968657844 0.000000000000000
 6 11.06382348891848 0.000000000000000
 7 11.75130909381239 0.000000000000000
 8 12.59041992145034 0.000000000000000
 9 15.27367938801842 0.000000000000000
 10 16.27733195722950 0.000000000000000
 11 19.03746550480966 0.000000000000000
 12 19.89342643085868 0.000000000000000

 spin=1 k-point=979/1284 Cartesian=0.000000000000000 0.1124334511882338 0.07676364473785349 (2461 plane wave)
 1 -0.9176509985417861 0.001562500000000037
 2 0.1729800308083052 0.001562500000000013
 3 6.301796941058396 0.000000000000000
 4 7.351309619876816 0.000000000000000
 5 9.023274924207287 0.000000000000000
 6 11.77067666649146 0.000000000000000
 7 11.97953364909908 0.000000000000000
 8 12.87442975162924 0.000000000000000
 9 13.34144950819089 0.000000000000000
 10 14.16740702633704 0.000000000000000
 11 16.58685851341313 0.000000000000000
 12 19.58452476548662 0.000000000000000

 spin=1 k-point=980/1284 Cartesian=0.01947404499283394 0.1236767963070574 0.07676364473785349 (2466 plane wave)
 1 -0.4682660575899379 0.001562500000000037
 2 0.6194558692575878 0.001562499999997964
 3 5.568204572528802 3.792674925101038e-13
 4 6.633270090062126 0.000000000000000
 5 9.349161880385770 0.000000000000000
 6 10.39644226587300 0.000000000000000
 7 11.46015532191606 0.000000000000000
 8 12.66788307576518 0.000000000000000
 9 14.19803750041545 0.000000000000000
 10 15.02553350925955 0.000000000000000
 11 16.13279758164552 0.000000000000000
 12 18.83399069996108 0.000000000000000

 spin=1 k-point=981/1284 Cartesian=0.03894808998566748 0.1349201414258807 0.07676364473785349 (2462 plane wave)
 1 0.1298316211804112 0.001562500000000021
 2 1.211863010596209 0.001562499999224971
 3 4.978015032919179 1.387096938338003e-10
 4 6.039315997402350 3.411412193337587e-15
 5 8.530065311576614 0.000000000000000
 6 9.484933455929440 0.000000000000000
 7 10.35790705400709 0.000000000000000
 8 13.23759125479095 0.000000000000000
 9 14.86204539072958 0.000000000000000
 10 16.07006332863259 0.000000000000000
 11 17.10538374389078 0.000000000000000
 12 18.06205198957292 0.000000000000000

 spin=1 k-point=982/1284 Cartesian=0.05842213497850103 0.1461634865447041 0.07676364473785349 (2454 plane wave)
 1 0.8750122479020054 0.001562499999973343
 2 1.944180211160287 0.001562498825772055
 3 4.537228286519776 1.138719275493962e-08
 4 5.568712306827355 3.773467012816234e-13
 5 6.982718449762777 0.000000000000000
 6 8.014876060733776 0.000000000000000
 7 10.91365337928618 0.000000000000000
 8 13.77737695310769 0.000000000000000
 9 14.74593568067143 0.000000000000000
 10 16.72859239978176 0.000000000000000
 11 17.53027239895050 0.000000000000000
 12 18.29850022902024 0.000000000000000

 spin=1 k-point=983/1284 Cartesian=0.07789617997133459 0.1574068316635274 0.07676364473785349 (2458 plane wave)
 1 1.763087899491235 0.001562499808010046
 2 2.791612910328472 0.001556895375689835
 3 4.255792683970467 1.899444597361080e-07
 4 5.091073966861077 4.478143513642263e-11
 5 5.710913886693110 9.102627945593217e-14
 6 6.568286160875395 0.000000000000000
 7 11.76732108786381 0.000000000000000
 8 13.93249991712882 0.000000000000000
 9 14.89736277958519 0.000000000000000
 10 15.69745754450543 0.000000000000000
 11 17.53262252783086 0.000000000000000
 12 18.63463610620363 0.000000000000000

 spin=1 k-point=984/1284 Cartesian=0.09737022496416814 0.1686501767823507 0.07676364473785349 (2448 plane wave)
 1 2.776591632163296 0.001557674667592256
 2 3.520780377803856 0.0002486188982723985
 3 3.992504829139323 2.638701662751772e-06
 4 4.415167383009869 3.859339713608355e-08
 5 5.260866126839887 8.197847886297189e-12
 6 5.335249569518218 3.896337700044061e-12
 7 12.77372022539840 0.000000000000000
 8 13.79945558811225 0.000000000000000
 9 14.02226822499979 0.000000000000000
 10 16.29927898017293 0.000000000000000
 11 17.40100117151133 0.000000000000000
 12 17.41749269970908 0.000000000000000

 spin=1 k-point=985/1284 Cartesian=0.1168442699570017 0.1798935219011741 0.07676364473785349 (2448 plane wave)
 1 2.776591631305287 0.001557674667633530
 2 3.520780380622404 0.0002486188923799506
 3 3.992504825201574 2.638701766481790e-06
 4 4.415167386384987 3.859339583354300e-08
 5 5.260866120142884 8.197848435307479e-12
 6 5.335249574655293 3.896337499886188e-12
 7 12.77372022724075 0.000000000000000
 8 13.79945559206059 0.000000000000000
 9 14.02226821908849 0.000000000000000
 10 16.29927898075205 0.000000000000000
 11 17.40100117455891 0.000000000000000
 12 17.41749269609143 0.000000000000000

 spin=1 k-point=986/1284 Cartesian=0.1363183149498352 0.1911368670199974 0.07676364473785349 (2458 plane wave)
 1 1.763087897940314 0.001562499808010049
 2 2.791612916451218 0.001556895375347908
 3 4.255792661304432 1.899445027837682e-07
 4 5.091074001251732 4.478141973579306e-11
 5 5.710913872780078 9.102629212045085e-14
 6 6.568286157350489 0.000000000000000
 7 11.76732109100582 0.000000000000000
 8 13.93249993266312 0.000000000000000
 9 14.89736273851024 0.000000000000000
 10 15.69745756968747 0.000000000000000
 11 17.53262253004947 0.000000000000000
 12 18.63463610298938 0.000000000000000

 spin=1 k-point=987/1284 Cartesian=0.1557923599426688 0.2023802121388207 0.07676364473785349 (2454 plane wave)
 1 0.8750122466510339 0.001562499999973343
 2 1.944180214605862 0.001562498825772015
 3 4.537228269942776 1.138719464258145e-08
 4 5.568712327105049 3.773466247644023e-13
 5 6.982718455778262 0.000000000000000
 6 8.014876042053634 0.000000000000000
 7 10.91365338970385 0.000000000000000
 8 13.77737697365602 0.000000000000000
 9 14.74593563902932 0.000000000000000
 10 16.72859240165510 0.000000000000000
 11 17.53027249406622 0.000000000000000
 12 18.29850011565169 0.000000000000000

 spin=1 k-point=988/1284 Cartesian=-0.1363183149498344 0.03373003535647069 0.07676364473785349 (2462 plane wave)
 1 0.1298316202579269 0.001562500000000021
 2 1.211863012710543 0.001562499999224971
 3 4.978015017091596 1.387097157881972e-10
 4 6.039316016721017 3.411411534298137e-15
 5 8.530065350151967 0.000000000000000
 6 9.484933341418001 0.000000000000000
 7 10.35790713267390 0.000000000000000
 8 13.23759126088621 0.000000000000000
 9 14.86204533227734 0.000000000000000
 10 16.07006344757532 0.000000000000000
 11 17.10538362549958 0.000000000000000
 12 18.06205203182474 0.000000000000000

 spin=1 k-point=989/1284 Cartesian=-0.1168442699570009 0.04497338047529403 0.07676364473785349 (2466 plane wave)
 1 -0.4682660582417644 0.001562500000000037
 2 0.6194558706013424 0.001562499999997964
 3 5.568204554375707 3.792675613589159e-13
 4 6.633270115290490 0.000000000000000
 5 9.349161903612298 0.000000000000000
 6 10.39644217529600 0.000000000000000
 7 11.46015540201598 0.000000000000000
 8 12.66788305751087 0.000000000000000
 9 14.19803742348868 0.000000000000000
 10 15.02553369185078 0.000000000000000
 11 16.13279744605029 0.000000000000000
 12 18.83399073278472 0.000000000000000

 spin=1 k-point=990/1284 Cartesian=-0.09737022496416733 0.05621672559411737 0.07676364473785349 (2461 plane wave)
 1 -0.9176509989735818 0.001562500000000037
 2 0.1729800316435953 0.001562500000000013
 3 6.301796916265867 0.000000000000000
 4 7.351309662954952 0.000000000000000
 5 9.023274908892189 0.000000000000000
 6 11.77067666859912 0.000000000000000
 7 11.97953361523917 0.000000000000000
 8 12.87442975372395 0.000000000000000
 9 13.34144950136320 0.000000000000000
 10 14.16740709827882 0.000000000000000
 11 16.58685845261768 0.000000000000000
 12 19.58452479060163 0.000000000000000

 spin=1 k-point=991/1284 Cartesian=-0.07789617997133380 0.06746007071294070 0.07676364473785349 (2468 plane wave)
 1 -1.217551916629296 0.001562500000000037
 2 -0.1253999323548916 0.001562500000000036
 3 7.164313646135515 0.000000000000000
 4 8.117676747978047 0.000000000000000
 5 8.850097432245994 0.000000000000000
 6 10.76958746494351 0.000000000000000
 7 11.74756006210408 0.000000000000000
 8 12.21031065760123 0.000000000000000
 9 14.68648132643806 0.000000000000000
 10 15.64842658609874 0.000000000000000
 11 17.43667615418541 0.000000000000000
 12 20.23184919054140 0.000000000000000

 spin=1 k-point=992/1284 Cartesian=-0.05842213497850025 0.07870341583176403 0.07676364473785349 (2469 plane wave)
 1 -1.367584192087920 0.001562500000000037
 2 -0.2747681968401948 0.001562500000000036
 3 8.032061262595313 0.000000000000000
 4 8.521641275735908 0.000000000000000
 5 9.161576535739975 0.000000000000000
 6 9.789065350095365 0.000000000000000
 7 10.66225622888207 0.000000000000000
 8 11.96091998927515 0.000000000000000
 9 16.77479749976956 0.000000000000000
 10 17.61301314082213 0.000000000000000
 11 18.46648536102856 0.000000000000000
 12 19.02234732950524 0.000000000000000

 spin=1 k-point=993/1284 Cartesian=-0.03894808998566670 0.08994676095058737 0.07676364473785349 (2469 plane wave)
 1 -1.367584192007638 0.001562500000000037
 2 -0.2747681969868981 0.001562500000000036
 3 8.032061346697422 0.000000000000000
 4 8.521641128378114 0.000000000000000
 5 9.161576509559247 0.000000000000000
 6 9.789065524495941 0.000000000000000
 7 10.66225613177331 0.000000000000000
 8 11.96091999960482 0.000000000000000
 9 16.77479755617127 0.000000000000000
 10 17.61301303807690 0.000000000000000
 11 18.46648539390541 0.000000000000000
 12 19.02234724888322 0.000000000000000

 spin=1 k-point=994/1284 Cartesian=-0.01947404499283316 0.1011901060694107 0.07676364473785349 (2468 plane wave)
 1 -1.217551916383127 0.001562500000000037
 2 -0.1253999328135567 0.001562500000000036
 3 7.164313688762024 0.000000000000000
 4 8.117676641152464 0.000000000000000
 5 8.850097484681013 0.000000000000000
 6 10.76958754050066 0.000000000000000
 7 11.74755994279498 0.000000000000000
 8 12.21031070875625 0.000000000000000
 9 14.68648136908759 0.000000000000000
 10 15.64842651165383 0.000000000000000
 11 17.43667620973977 0.000000000000000
 12 20.23184916848433 0.000000000000000

 spin=1 k-point=995/1284 Cartesian=0.000000000000000 0.1349201414258805 0.07676364473785349 (2463 plane wave)
 1 -0.09482685275396191 0.001562500000000035
 2 0.9883355828220785 0.001562499999917134
 3 4.758804989294655 1.242006483492297e-09
 4 5.829043310114941 2.793425536275286e-14
 5 9.755985811638292 0.000000000000000
 6 11.39169950182949 0.000000000000000
 7 12.31973962916422 0.000000000000000
 8 12.49554835518302 0.000000000000000
 9 13.26972293051758 0.000000000000000
 10 13.67170051056472 0.000000000000000
 11 15.35394999497152 0.000000000000000
 12 18.09640128974267 0.000000000000000

 spin=1 k-point=996/1284 Cartesian=0.01947404499283394 0.1461634865447040 0.07676364473785349 (2462 plane wave)
 1 0.4267196269584465 0.001562499999999735
 2 1.499367777450196 0.001562499986260996
 3 4.100723974720865 8.951288817186243e-07
 4 5.164309500678282 2.152980289766933e-11
 5 9.846423083947085 0.000000000000000
 6 10.39074642207213 0.000000000000000
 7 11.23646689139748 0.000000000000000
 8 13.28710826198626 0.000000000000000
 9 13.56667376848571 0.000000000000000
 10 14.45751973460619 0.000000000000000
 11 15.48358081255458 0.000000000000000
 12 17.45786808221860 0.000000000000000

 spin=1 k-point=997/1284 Cartesian=0.03894808998566748 0.1574068316635274 0.07676364473785349 (2460 plane wave)
 1 1.094128148135342 0.001562499999761243
 2 2.134888075526634 0.001562492093496157
 3 3.612299257924019 0.0001100565183744875
 4 4.645220444308658 3.867360571877568e-09
 5 8.335109838911139 0.000000000000000
 6 9.376041961727516 0.000000000000000
 7 11.14355148742797 0.000000000000000
 8 13.28305239509088 0.000000000000000
 9 14.37231967051923 0.000000000000000
 10 15.72911802758640 0.000000000000000
 11 16.77781405705275 0.000000000000000
 12 17.09765366036245 0.000000000000000

 spin=1 k-point=998/1284 Cartesian=0.05842213497850103 0.1686501767823507 0.07676364473785349 (2449 plane wave)
 1 1.901098167527096 0.001562499236780365
 2 2.749074357548921 0.001558832720943799
 3 3.435006041872704 0.0004820530373617661
 4 4.275451955990068 1.560475299997228e-07
 5 6.819447360103596 0.000000000000000
 6 7.874072942603357 0.000000000000000
 7 11.90688296197550 0.000000000000000
 8 13.02671488792349 0.000000000000000
 9 15.14701612033113 0.000000000000000
 10 16.12277777806533 0.000000000000000
 11 16.98801108248382 0.000000000000000
 12 17.95743442656423 0.000000000000000

 spin=1 k-point=999/1284 Cartesian=0.07789617997133459 0.1798935219011741 0.07676364473785349 (2442 plane wave)
 1 2.800953429035526 0.001556348806601670
 2 2.840774583162111 0.001553357499753063
 3 3.993132760719727 2.622212050343537e-06
 4 4.128711656832010 6.767017868998348e-07
 5 5.487934517366216 8.463580432878817e-13
 6 6.489613383520609 0.000000000000000
 7 12.80432355842162 0.000000000000000
 8 12.87768931640024 0.000000000000000
 9 15.00636164714478 0.000000000000000
 10 16.24925637671904 0.000000000000000
 11 16.54438866662015 0.000000000000000
 12 18.56186775237952 0.000000000000000

 spin=1 k-point=1000/1284 Cartesian=0.09737022496416814 0.1911368670199974 0.07676364473785349 (2448 plane wave)
 1 2.776591632094590 0.001557674667595561
 2 3.520780379998447 0.0002486188936843932
 3 3.992504819999687 2.638701903512305e-06
 4 4.415167394011585 3.859339289025148e-08
 5 5.260866114059564 8.197848934009034e-12
 6 5.335249578165485 3.896337363117210e-12
 7 12.77372022466356 0.000000000000000
 8 13.79945559963026 0.000000000000000
 9 14.02226821397275 0.000000000000000
 10 16.29927898139086 0.000000000000000
 11 17.40100118019876 0.000000000000000
 12 17.41749268940553 0.000000000000000

 spin=1 k-point=1001/1284 Cartesian=0.1168442699570017 0.2023802121388207 0.07676364473785349 (2442 plane wave)
 1 2.800953424087403 0.001556348806904840
 2 2.840774588067184 0.001553357499307241
 3 3.993132756306291 2.622212165878988e-06
 4 4.128711661897453 6.767017526367281e-07
 5 5.487934516899118 8.463580472411944e-13
 6 6.489613383094386 0.000000000000000
 7 12.80432355406007 0.000000000000000
 8 12.87768932417694 0.000000000000000
 9 15.00636164314458 0.000000000000000
 10 16.24925637867061 0.000000000000000
 11 16.54438866473749 0.000000000000000
 12 18.56186775318181 0.000000000000000

 spin=1 k-point=1002/1284 Cartesian=0.1363183149498352 0.2136235572576441 0.07676364473785349 (2449 plane wave)
 1 1.901098163006068 0.001562499236780400
 2 2.749074381294969 0.001558832720075009
 3 3.435006006030417 0.0004820531568359551
 4 4.275451974159797 1.560475016491368e-07
 5 6.819447362097533 0.000000000000000
 6 7.874072936842004 0.000000000000000
 7 11.90688296679817 0.000000000000000
 8 13.02671489495840 0.000000000000000
 9 15.14701608911905 0.000000000000000
 10 16.12277779868453 0.000000000000000
 11 16.98801110249596 0.000000000000000
 12 17.95743439991351 0.000000000000000

 spin=1 k-point=1003/1284 Cartesian=0.1557923599426688 0.2248669023764674 0.07676364473785349 (2460 plane wave)
 1 1.094128145583920 0.001562499999761243
 2 2.134888085049500 0.001562492093495404
 3 3.612299237369359 0.0001100565394028484
 4 4.645220459505683 3.867359984155186e-09
 5 8.335109852269071 0.000000000000000
 6 9.376041929161183 0.000000000000000
 7 11.14355151213497 0.000000000000000
 8 13.28305241022941 0.000000000000000
 9 14.37231961591293 0.000000000000000
 10 15.72911812446489 0.000000000000000
 11 16.77781385247310 0.000000000000000
 12 17.09765380048746 0.000000000000000

 spin=1 k-point=1004/1284 Cartesian=-0.1363183149498344 0.05621672559411736 0.07676364473785349 (2462 plane wave)
 1 0.4267196253855858 0.001562499999999735
 2 1.499367781796050 0.001562499986260995
 3 4.100723958807230 8.951290240846067e-07
 4 5.164309516123293 2.152979957238846e-11
 5 9.846423164331233 0.000000000000000
 6 10.39074625457002 0.000000000000000
 7 11.23646699117675 0.000000000000000
 8 13.28710826349188 0.000000000000000
 9 13.56667365697857 0.000000000000000
 10 14.45751997408923 0.000000000000000
 11 15.48358062621301 0.000000000000000
 12 17.45786812664421 0.000000000000000

 spin=1 k-point=1005/1284 Cartesian=-0.1168442699570009 0.06746007071294070 0.07676364473785349 (2463 plane wave)
 1 -0.09482685373911531 0.001562500000000035
 2 0.9883355851462132 0.001562499999917134
 3 4.758804973625243 1.242006678107312e-09
 4 5.829043328387322 2.793425025849869e-14
 5 9.755985817804962 0.000000000000000
 6 11.39169950395920 0.000000000000000
 7 12.31973951011145 0.000000000000000
 8 12.49554835729925 0.000000000000000
 9 13.26972297091470 0.000000000000000
 10 13.67170067140036 0.000000000000000
 11 15.35394986892379 0.000000000000000
 12 18.09640132149655 0.000000000000000

 spin=1 k-point=1006/1284 Cartesian=-0.09737022496416733 0.07870341583176403 0.07676364473785349 (2466 plane wave)
 1 -0.4682660581982428 0.001562500000000037
 2 0.6194558705736875 0.001562499999997964
 3 5.568204554342711 3.792675614840598e-13
 4 6.633270115185545 0.000000000000000
 5 9.349161905645158 0.000000000000000
 6 10.39644217436677 0.000000000000000
 7 11.46015539846340 0.000000000000000
 8 12.66788306028723 0.000000000000000
 9 14.19803742270699 0.000000000000000
 10 15.02553369046236 0.000000000000000
 11 16.13279744815985 0.000000000000000
 12 18.83399073300474 0.000000000000000

 spin=1 k-point=1007/1284 Cartesian=-0.07789617997133380 0.08994676095058737 0.07676364473785349 (2468 plane wave)
 1 -0.6926178065842469 0.001562500000000037
 2 0.3971568484696429 0.001562499999999812
 3 6.519120975172477 0.000000000000000
 4 7.552643204112245 0.000000000000000
 5 8.728952154917055 0.000000000000000
 6 9.391765972295811 0.000000000000000
 7 10.23958612777657 0.000000000000000
 8 12.53173474336320 0.000000000000000
 9 16.04444207534921 0.000000000000000
 10 16.65237624304538 0.000000000000000
 11 17.57286258989186 0.000000000000000
 12 18.82180984287592 0.000000000000000

 spin=1 k-point=1008/1284 Cartesian=-0.05842213497850025 0.1011901060694107 0.07676364473785349 (2467 plane wave)
 1 -0.7674440893838383 0.001562500000000037
 2 0.3229297200878413 0.001562499999999930
 3 7.569702573124780 0.000000000000000
 4 7.597339433569061 0.000000000000000
 5 8.437978078909330 0.000000000000000
 6 8.807786653806234 0.000000000000000
 7 9.677746484957222 0.000000000000000
 8 12.47153623202756 0.000000000000000
 9 17.39492113749845 0.000000000000000
 10 17.59491730952566 0.000000000000000
 11 18.44232960901002 0.000000000000000
 12 18.61526402057068 0.000000000000000

 spin=1 k-point=1009/1284 Cartesian=-0.03894808998566670 0.1124334511882340 0.07676364473785349 (2468 plane wave)
 1 -0.6926178063118006 0.001562500000000037
 2 0.3971568479072160 0.001562499999999812
 3 6.519120999420812 0.000000000000000
 4 7.552643165465871 0.000000000000000
 5 8.728952056999185 0.000000000000000
 6 9.391766186003665 0.000000000000000
 7 10.23958602053992 0.000000000000000
 8 12.53173474476106 0.000000000000000
 9 16.04444219214676 0.000000000000000
 10 16.65237604085888 0.000000000000000
 11 17.57286270125146 0.000000000000000
 12 18.82180982098090 0.000000000000000

 spin=1 k-point=1010/1284 Cartesian=-0.01947404499283316 0.1236767963070574 0.07676364473785349 (2466 plane wave)
 1 -0.4682660576151759 0.001562500000000037
 2 0.6194558693131452 0.001562499999997964
 3 5.568204572466650 3.792674927458285e-13
 4 6.633270090218033 0.000000000000000
 5 9.349161878889928 0.000000000000000
 6 10.39644226830851 0.000000000000000
 7 11.46015532276765 0.000000000000000
 8 12.66788307112337 0.000000000000000
 9 14.19803750283756 0.000000000000000
 10 15.02553351275948 0.000000000000000
 11 16.13279757785533 0.000000000000000
 12 18.83399070046802 0.000000000000000

 spin=1 k-point=1011/1284 Cartesian=0.000000000000000 0.1574068316635272 0.07676364473785349 (2459 plane wave)
 1 0.8699246413141882 0.001562499999974667
 2 1.911838064808686 0.001562499150247785
 3 3.392048627739432 0.0006355149970514071
 4 4.429093264669675 3.357647132137145e-08
 5 10.64391807132666 0.000000000000000
 6 11.16426258829565 0.000000000000000
 7 12.22000300976495 0.000000000000000
 8 12.26816571771131 0.000000000000000
 9 13.01842510986044 0.000000000000000
 10 13.52745873579020 0.000000000000000
 11 14.97520712391682 0.000000000000000
 12 16.76286548882754 0.000000000000000

 spin=1 k-point=1012/1284 Cartesian=0.01947404499283394 0.1686501767823507 0.07676364473785349 (2452 plane wave)
 1 1.454055025167833 0.001562499991266994
 2 2.302666593589213 0.001562457671980876
 3 3.000414470419622 0.001518395208050771
 4 3.846811731964976 1.126468952487198e-05
 5 9.823761965022216 0.000000000000000
 6 10.78255182423561 0.000000000000000
 7 11.53847993665743 0.000000000000000
 8 12.52295809519206 0.000000000000000
 9 13.60476695127733 0.000000000000000
 10 14.51073434029406 0.000000000000000
 11 15.49943574833023 0.000000000000000
 12 16.26919071083758 0.000000000000000

 spin=1 k-point=1013/1284 Cartesian=0.03894808998566748 0.1798935219011741 0.07676364473785349 (2450 plane wave)
 1 2.147557350406113 0.001562491025584661
 2 2.163016374369188 0.001562489525255156
 3 3.421601785550652 0.0005278405568345621
 4 3.461698949370397 0.0003978783971110420
 5 8.266215219326302 0.000000000000000
 6 9.320297339042844 0.000000000000000
 7 12.14827923557283 0.000000000000000
 8 12.20706160252819 0.000000000000000
 9 15.02800957279722 0.000000000000000
 10 15.32432071101235 0.000000000000000
 11 16.40356885502571 0.000000000000000
 12 16.85643497666191 0.000000000000000

 spin=1 k-point=1014/1284 Cartesian=0.05842213497850103 0.1911368670199974 0.07676364473785349 (2449 plane wave)
 1 1.901098163663061 0.001562499236780395
 2 2.749074379210025 0.001558832720151290
 3 3.435006008887726 0.0004820531473116004
 4 4.275451972716262 1.560475039015120e-07
 5 6.819447361762291 0.000000000000000
 6 7.874072937800229 0.000000000000000
 7 11.90688296395675 0.000000000000000
 8 13.02671489432673 0.000000000000000
 9 15.14701608980500 0.000000000000000
 10 16.12277780315079 0.000000000000000
 11 16.98801110297094 0.000000000000000
 12 17.95743439551747 0.000000000000000

 spin=1 k-point=1015/1284 Cartesian=0.07789617997133459 0.2023802121388208 0.07676364473785349 (2458 plane wave)
 1 1.763087898439075 0.001562499808010048
 2 2.791612915456941 0.001556895375403434
 3 4.255792662463209 1.899445005830014e-07
 4 5.091074001611434 4.478141957471373e-11
 5 5.710913871267564 9.102629349723743e-14
 6 6.568286158114972 0.000000000000000
 7 11.76732108873285 0.000000000000000
 8 13.93249993445486 0.000000000000000
 9 14.89736273640880 0.000000000000000
 10 15.69745757236103 0.000000000000000
 11 17.53262253142716 0.000000000000000
 12 18.63463610063145 0.000000000000000

 spin=1 k-point=1016/1284 Cartesian=0.09737022496416814 0.2136235572576441 0.07676364473785349 (2458 plane wave)
 1 1.763087899539621 0.001562499808010046
 2 2.791612909920429 0.001556895375712622
 3 4.255792684028442 1.899444596260022e-07
 4 5.091073970328911 4.478143358347654e-11
 5 5.710913883147590 9.102628268328762e-14
 6 6.568286160834007 0.000000000000000
 7 11.76732108846054 0.000000000000000
 8 13.93249992325750 0.000000000000000
 9 14.89736276903720 0.000000000000000
 10 15.69745754951841 0.000000000000000
 11 17.53262252689599 0.000000000000000
 12 18.63463610517354 0.000000000000000

 spin=1 k-point=1017/1284 Cartesian=0.1168442699570017 0.2248669023764674 0.07676364473785349 (2449 plane wave)
 1 1.901098167742577 0.001562499236780364
 2 2.749074355814095 0.001558832721007271
 3 3.435006043975203 0.0004820530303534395
 4 4.275451955463483 1.560475308213637e-07
 5 6.819447360297985 0.000000000000000
 6 7.874072941779722 0.000000000000000
 7 11.90688296272732 0.000000000000000
 8 13.02671489212524 0.000000000000000
 9 15.14701611484243 0.000000000000000
 10 16.12277777781894 0.000000000000000
 11 16.98801108234732 0.000000000000000
 12 17.95743442971051 0.000000000000000

 spin=1 k-point=1018/1284 Cartesian=0.1363183149498352 0.2361102474952907 0.07676364473785349 (2450 plane wave)
 1 2.147557345487983 0.001562491025585102
 2 2.163016379151880 0.001562489525254655
 3 3.421601780620698 0.0005278405740660648
 4 3.461698954304015 0.0003978783824798156
 5 8.266215219959649 0.000000000000000
 6 9.320297337401710 0.000000000000000
 7 12.14827923163667 0.000000000000000
 8 12.20706161231366 0.000000000000000
 9 15.02800956931928 0.000000000000000
 10 15.32432070611693 0.000000000000000
 11 16.40356886145918 0.000000000000000
 12 16.85643497335850 0.000000000000000

 spin=1 k-point=1019/1284 Cartesian=0.1557923599426688 0.2473535926141141 0.07676364473785349 (2452 plane wave)
 1 1.454055020072070 0.001562499991266994
 2 2.302666618805979 0.001562457671970203
 3 3.000414434922173 0.001518395223264923
 4 3.846811747787350 1.126468775537995e-05
 5 9.823761982923457 0.000000000000000
 6 10.78255175554153 0.000000000000000
 7 11.53848001089371 0.000000000000000
 8 12.52295806726417 0.000000000000000
 9 13.60476693009178 0.000000000000000
 10 14.51073445323444 0.000000000000000
 11 15.49943558241185 0.000000000000000
 12 16.26919078922759 0.000000000000000

 spin=1 k-point=1020/1284 Cartesian=-0.1363183149498344 0.07870341583176405 0.07676364473785349 (2459 plane wave)
 1 0.8699246386348963 0.001562499999974667
 2 1.911838074782537 0.001562499150247700
 3 3.392048607239067 0.0006355150743444129
 4 4.429093278977845 3.357646651729496e-08
 5 10.64391809733100 0.000000000000000
 6 11.16426259042807 0.000000000000000
 7 12.22000281657873 0.000000000000000
 8 12.26816571986840 0.000000000000000
 9 13.01842528213450 0.000000000000000
 10 13.52745883009353 0.000000000000000
 11 14.97520697580680 0.000000000000000
 12 16.76286553285559 0.000000000000000

 spin=1 k-point=1021/1284 Cartesian=-0.1168442699570009 0.08994676095058739 0.07676364473785349 (2462 plane wave)
 1 0.4267196254333369 0.001562499999999735
 2 1.499367781772317 0.001562499986260995
 3 4.100723958784403 8.951290242888229e-07
 4 5.164309516031149 2.152979959222693e-11
 5 9.846423164206941 0.000000000000000
 6 10.39074626008592 0.000000000000000
 7 11.23646698363328 0.000000000000000
 8 13.28710826685670 0.000000000000000
 9 13.56667365490555 0.000000000000000
 10 14.45751997395749 0.000000000000000
 11 15.48358062781967 0.000000000000000
 12 17.45786812604360 0.000000000000000

 spin=1 k-point=1022/1284 Cartesian=-0.09737022496416733 0.1011901060694107 0.07676364473785349 (2462 plane wave)
 1 0.1298316203499004 0.001562500000000021
 2 1.211863012659583 0.001562499999224971
 3 4.978015017025491 1.387097158798898e-10
 4 6.039316016557803 3.411411539866020e-15
 5 8.530065348886291 0.000000000000000
 6 9.484933351260651 0.000000000000000
 7 10.35790712222097 0.000000000000000
 8 13.23759126216645 0.000000000000000
 9 14.86204533088093 0.000000000000000
 10 16.07006344966688 0.000000000000000
 11 17.10538362651740 0.000000000000000
 12 18.06205203282155 0.000000000000000

 spin=1 k-point=1023/1284 Cartesian=-0.07789617997133380 0.1124334511882341 0.07676364473785349 (2461 plane wave)
 1 -0.01892784873973773 0.001562500000000033
 2 1.066311243216273 0.001562499999819230
 3 5.997224271606860 5.196803367700911e-15
 4 6.887273983258305 0.000000000000000
 5 7.409403518536402 0.000000000000000
 6 8.286721948008294 0.000000000000000
 7 10.10496859821346 0.000000000000000
 8 13.15042724670896 0.000000000000000
 9 15.96771451436562 0.000000000000000
 10 17.09652553936896 0.000000000000000
 11 18.08078261946461 0.000000000000000
 12 19.13759873688933 0.000000000000000

 spin=1 k-point=1024/1284 Cartesian=-0.05842213497850025 0.1236767963070574 0.07676364473785349 (2461 plane wave)
 1 -0.01892784849996734 0.001562500000000033
 2 1.066311242647466 0.001562499999819230
 3 5.997224290266084 5.196802398017570e-15
 4 6.887273954948229 0.000000000000000
 5 7.409403498497007 0.000000000000000
 6 8.286721989687333 0.000000000000000
 7 10.10496858533669 0.000000000000000
 8 13.15042724397245 0.000000000000000
 9 15.96771454027314 0.000000000000000
 10 17.09652553272779 0.000000000000000
 11 18.08078253100238 0.000000000000000
 12 19.13759887869767 0.000000000000000

 spin=1 k-point=1025/1284 Cartesian=-0.03894808998566670 0.1349201414258807 0.07676364473785349 (2462 plane wave)
 1 0.1298316211218930 0.001562500000000021
 2 1.211863010726714 0.001562499999224971
 3 4.978015032756146 1.387096940599419e-10
 4 6.039315997793413 3.411412179996823e-15
 5 8.530065310258172 0.000000000000000
 6 9.484933455695097 0.000000000000000
 7 10.35790705612105 0.000000000000000
 8 13.23759125229124 0.000000000000000
 9 14.86204539329664 0.000000000000000
 10 16.07006333000002 0.000000000000000
 11 17.10538373921450 0.000000000000000
 12 18.06205199160659 0.000000000000000

 spin=1 k-point=1026/1284 Cartesian=-0.01947404499283316 0.1461634865447041 0.07676364473785349 (2462 plane wave)
 1 0.4267196269280001 0.001562499999999735
 2 1.499367777517342 0.001562499986260996
 3 4.100723974652505 8.951288823301916e-07
 4 5.164309500793576 2.152980287284697e-11
 5 9.846423081627520 0.000000000000000
 6 10.39074642380931 0.000000000000000
 7 11.23646689279934 0.000000000000000
 8 13.28710825717017 0.000000000000000
 9 13.56667377178898 0.000000000000000
 10 14.45751973775778 0.000000000000000
 11 15.48358080913342 0.000000000000000
 12 17.45786808280205 0.000000000000000

 spin=1 k-point=1027/1284 Cartesian=0.000000000000000 0.1798935219011738 0.07676364473785349 (2454 plane wave)
 1 1.926006420826402 0.001562499020905355
 2 1.936373350734429 0.001562498913955395
 3 3.207811958391280 0.001269180788200766
 4 3.238310611604233 0.001189547966717416
 5 11.08844287845154 0.000000000000000
 6 11.50915036827037 0.000000000000000
 7 11.66798430378223 0.000000000000000
 8 12.19236359678298 0.000000000000000
 9 12.67004413264465 0.000000000000000
 10 13.57412853322783 0.000000000000000
 11 15.58570637720894 0.000000000000000
 12 15.70094919044835 0.000000000000000

 spin=1 k-point=1028/1284 Cartesian=0.01947404499283394 0.1911368670199974 0.07676364473785349 (2452 plane wave)
 1 1.454055020597876 0.001562499991266994
 2 2.302666616807963 0.001562457671971048
 3 3.000414437916605 0.001518395221981515
 4 3.846811746445590 1.126468790543531e-05
 5 9.823761982271771 0.000000000000000
 6 10.78255176001539 0.000000000000000
 7 11.53848000407564 0.000000000000000
 8 12.52295806340788 0.000000000000000
 9 13.60476693371159 0.000000000000000
 10 14.51073445730962 0.000000000000000
 11 15.49943558125472 0.000000000000000
 12 16.26919079028470 0.000000000000000

 spin=1 k-point=1029/1284 Cartesian=0.03894808998566748 0.2023802121388207 0.07676364473785349 (2460 plane wave)
 1 1.094128145935186 0.001562499999761243
 2 2.134888084272093 0.001562492093495465
 3 3.612299239028834 0.0001100565377051294
 4 4.645220458345931 3.867360029006857e-09
 5 8.335109851783422 0.000000000000000
 6 9.376041931396278 0.000000000000000
 7 11.14355150769171 0.000000000000000
 8 13.28305240995784 0.000000000000000
 9 14.37231961644389 0.000000000000000
 10 15.72911812766064 0.000000000000000
 11 16.77781385042594 0.000000000000000
 12 17.09765380283898 0.000000000000000

 spin=1 k-point=1030/1284 Cartesian=0.05842213497850103 0.2136235572576441 0.07676364473785349 (2454 plane wave)
 1 0.8750122469500475 0.001562499999973343
 2 1.944180214182597 0.001562498825772020
 3 4.537228271121764 1.138719450832870e-08
 4 5.568712326141146 3.773466284016594e-13
 5 6.982718455217985 0.000000000000000
 6 8.014876043437665 0.000000000000000
 7 10.91365338673067 0.000000000000000
 8 13.77737697554248 0.000000000000000
 9 14.74593563674658 0.000000000000000
 10 16.72859240457237 0.000000000000000
 11 17.53027249905987 0.000000000000000
 12 18.29850010913664 0.000000000000000

 spin=1 k-point=1031/1284 Cartesian=0.07789617997133459 0.2248669023764674 0.07676364473785349 (2459 plane wave)
 1 0.8016270584875764 0.001562499999987222
 2 1.876284373101532 0.001562499404496101
 3 5.569812712495743 3.732171185325151e-13
 4 5.617841295055642 2.308745280524786e-13
 5 6.781494434809126 0.000000000000000
 6 6.845176888995119 0.000000000000000
 7 10.83758082718813 0.000000000000000
 8 13.84654511680973 0.000000000000000
 9 15.59622025180464 0.000000000000000
 10 15.75266008606779 0.000000000000000
 11 18.64530320481242 0.000000000000000
 12 18.96483536302430 0.000000000000000

 spin=1 k-point=1032/1284 Cartesian=0.09737022496416814 0.2361102474952907 0.07676364473785349 (2454 plane wave)
 1 0.8750122479096789 0.001562499999973343
 2 1.944180210999578 0.001562498825772057
 3 4.537228287124243 1.138719268610815e-08
 4 5.568712306676996 3.773467018489969e-13
 5 6.982718449424838 0.000000000000000
 6 8.014876059937846 0.000000000000000
 7 10.91365338085634 0.000000000000000
 8 13.77737695568238 0.000000000000000
 9 14.74593567802799 0.000000000000000
 10 16.72859239907436 0.000000000000000
 11 17.53027239828147 0.000000000000000
 12 18.29850023104557 0.000000000000000

 spin=1 k-point=1033/1284 Cartesian=0.1168442699570017 0.2473535926141141 0.07676364473785349 (2460 plane wave)
 1 1.094128148234585 0.001562499999761243
 2 2.134888074842120 0.001562492093496211
 3 3.612299259178217 0.0001100565170913854
 4 4.645220443392857 3.867360607294840e-09
 5 8.335109839613683 0.000000000000000
 6 9.376041959947766 0.000000000000000
 7 11.14355148969510 0.000000000000000
 8 13.28305240020356 0.000000000000000
 9 14.37231966596655 0.000000000000000
 10 15.72911802542371 0.000000000000000
 11 16.77781405531271 0.000000000000000
 12 17.09765366232244 0.000000000000000

 spin=1 k-point=1034/1284 Cartesian=0.1363183149498352 0.2585969377329374 0.07676364473785349 (2452 plane wave)
 1 1.454055025453560 0.001562499991266994
 2 2.302666591616954 0.001562457671981711
 3 3.000414472944628 0.001518395206968558
 4 3.846811730830916 1.126468965169925e-05
 5 9.823761966041570 0.000000000000000
 6 10.78255182052553 0.000000000000000
 7 11.53847993988747 0.000000000000000
 8 12.52295810241572 0.000000000000000
 9 13.60476694799915 0.000000000000000
 10 14.51073433716287 0.000000000000000
 11 15.49943574444659 0.000000000000000
 12 16.26919071272457 0.000000000000000

 spin=1 k-point=1035/1284 Cartesian=0.1557923599426688 0.2698402828517608 0.07676364473785349 (2454 plane wave)
 1 1.926006415961794 0.001562499020905403
 2 1.936373355539849 0.001562498913955343
 3 3.207811953427469 0.001269180800027350
 4 3.238310616322353 0.001189547953321143
 5 11.08844288060948 0.000000000000000
 6 11.50915036383909 0.000000000000000
 7 11.66798430956979 0.000000000000000
 8 12.19236359894115 0.000000000000000
 9 12.67004413160909 0.000000000000000
 10 13.57412853004601 0.000000000000000
 11 15.58570637220156 0.000000000000000
 12 15.70094919341549 0.000000000000000

 spin=1 k-point=1036/1284 Cartesian=0.1363183149498352 0.2585969377329374 -0.07676364473785301 (2452 plane wave)
 1 1.454055020119954 0.001562499991266994
 2 2.302666618820969 0.001562457671970196
 3 3.000414434874999 0.001518395223285142
 4 3.846811747705219 1.126468776456505e-05
 5 9.823761981398418 0.000000000000000
 6 10.78255176599546 0.000000000000000
 7 11.53848000047903 0.000000000000000
 8 12.52295806366154 0.000000000000000
 9 13.60476693516249 0.000000000000000
 10 14.51073445484711 0.000000000000000
 11 15.49943558185444 0.000000000000000
 12 16.26919078810250 0.000000000000000

 spin=1 k-point=1037/1284 Cartesian=-0.1168442699570009 0.1124334511882340 0.07676364473785349 (2460 plane wave)
 1 1.094128145683090 0.001562499999761243
 2 2.134888085025482 0.001562492093495406
 3 3.612299237307336 0.0001100565394663004
 4 4.645220459352681 3.867359990072317e-09
 5 8.335109850965347 0.000000000000000
 6 9.376041934518719 0.000000000000000
 7 11.14355150621044 0.000000000000000
 8 13.28305240899074 0.000000000000000
 9 14.37231961774995 0.000000000000000
 10 15.72911812958188 0.000000000000000
 11 16.77781384831783 0.000000000000000
 12 17.09765380078588 0.000000000000000

 spin=1 k-point=1038/1284 Cartesian=-0.09737022496416733 0.1236767963070574 0.07676364473785349 (2454 plane wave)
 1 0.8750122467935318 0.001562499999973343
 2 1.944180214548201 0.001562498825772015
 3 4.537228269811739 1.138719465750266e-08
 4 5.568712327013399 3.773466251102421e-13
 5 6.982718454466896 0.000000000000000
 6 8.014876045536729 0.000000000000000
 7 10.91365338586385 0.000000000000000
 8 13.77737697386808 0.000000000000000
 9 14.74593563784673 0.000000000000000
 10 16.72859240620165 0.000000000000000
 11 17.53027250205242 0.000000000000000
 12 18.29850010393044 0.000000000000000

 spin=1 k-point=1039/1284 Cartesian=-0.07789617997133380 0.1349201414258807 0.07676364473785349 (2459 plane wave)
 1 0.8016270583697848 0.001562499999987222
 2 1.876284373404612 0.001562499404496100
 3 5.569812712142150 3.732171198521823e-13
 4 5.617841293523996 2.308745315886622e-13
 5 6.781494436104794 0.000000000000000
 6 6.845176890071998 0.000000000000000
 7 10.83758082654882 0.000000000000000
 8 13.84654511511774 0.000000000000000
 9 15.59622025240165 0.000000000000000
 10 15.75266008695537 0.000000000000000
 11 18.64530320867962 0.000000000000000
 12 18.96483536164408 0.000000000000000

 spin=1 k-point=1040/1284 Cartesian=-0.05842213497850025 0.1461634865447040 0.07676364473785349 (2454 plane wave)
 1 0.8750122477898632 0.001562499999973343
 2 1.944180211416939 0.001562498825772052
 3 4.537228286164797 1.138719279536147e-08
 4 5.568712307846746 3.773466974349833e-13
 5 6.982718448300159 0.000000000000000
 6 8.014876060922267 0.000000000000000
 7 10.91365338030280 0.000000000000000
 8 13.77737695288205 0.000000000000000
 9 14.74593568002341 0.000000000000000
 10 16.72859239932361 0.000000000000000
 11 17.53027240013891 0.000000000000000
 12 18.29850022841640 0.000000000000000

 spin=1 k-point=1041/1284 Cartesian=-0.03894808998566670 0.1574068316635274 0.07676364473785349 (2460 plane wave)
 1 1.094128148060317 0.001562499999761243
 2 2.134888075690751 0.001562492093496144
 3 3.612299257764905 0.0001100565185372682
 4 4.645220444607110 3.867360560335391e-09
 5 8.335109838140609 0.000000000000000
 6 9.376041961136609 0.000000000000000
 7 11.14355148908989 0.000000000000000
 8 13.28305239749347 0.000000000000000
 9 14.37231966685365 0.000000000000000
 10 15.72911802844579 0.000000000000000
 11 16.77781405414684 0.000000000000000
 12 17.09765366219414 0.000000000000000

 spin=1 k-point=1042/1284 Cartesian=-0.01947404499283316 0.1686501767823507 0.07676364473785349 (2452 plane wave)
 1 1.454055025126287 0.001562499991266994
 2 2.302666593639780 0.001562457671980855
 3 3.000414470386010 0.001518395208065177
 4 3.846811732073819 1.126468951269952e-05
 5 9.823761964177876 0.000000000000000
 6 10.78255182200731 0.000000000000000
 7 11.53847993938887 0.000000000000000
 8 12.52295809985269 0.000000000000000
 9 13.60476694713504 0.000000000000000
 10 14.51073433952058 0.000000000000000
 11 15.49943574751399 0.000000000000000
 12 16.26919071185992 0.000000000000000

 spin=1 k-point=1043/1284 Cartesian=0.000000000000000 0.1574068316635272 -0.07676364473785301 (2459 plane wave)
 1 0.8699246388869988 0.001562499999974667
 2 1.911838074086778 0.001562499150247706
 3 3.392048608933726 0.0006355150679550036
 4 4.429093277962266 3.357646685828315e-08
 5 10.64391809688368 0.000000000000000
 6 11.16426258830897 0.000000000000000
 7 12.22000281496829 0.000000000000000
 8 12.26816571769448 0.000000000000000
 9 13.01842528694385 0.000000000000000
 10 13.52745883166435 0.000000000000000
 11 14.97520697502709 0.000000000000000
 12 16.76286553415965 0.000000000000000

 spin=1 k-point=1044/1284 Cartesian=0.01947404499283394 -0.1461634865447027 0.07676364473785349 (2462 plane wave)
 1 0.4267196255776656 0.001562499999999735
 2 1.499367781505538 0.001562499986260995
 3 4.100723960082256 8.951290126780217e-07
 4 5.164309515071551 2.152979979882659e-11
 5 9.846423165628886 0.000000000000000
 6 10.39074625464423 0.000000000000000
 7 11.23646698618939 0.000000000000000
 8 13.28710826753228 0.000000000000000
 9 13.56667365315966 0.000000000000000
 10 14.45751997686342 0.000000000000000
 11 15.48358062680139 0.000000000000000
 12 17.45786812763872 0.000000000000000

 spin=1 k-point=1045/1284 Cartesian=0.03894808998566748 -0.1349201414258794 0.07676364473785349 (2462 plane wave)
 1 0.1298316204352880 0.001562500000000021
 2 1.211863012523387 0.001562499999224971
 3 4.978015018258584 1.387097141694702e-10
 4 6.039316015593544 3.411411572760889e-15
 5 8.530065349973073 0.000000000000000
 6 9.484933345651887 0.000000000000000
 7 10.35790712613803 0.000000000000000
 8 13.23759126275384 0.000000000000000
 9 14.86204532984916 0.000000000000000
 10 16.07006344956215 0.000000000000000
 11 17.10538362647137 0.000000000000000
 12 18.06205203490848 0.000000000000000

 spin=1 k-point=1046/1284 Cartesian=0.05842213497850103 -0.1236767963070560 0.07676364473785349 (2461 plane wave)
 1 -0.01892784868512279 0.001562500000000033
 2 1.066311243114965 0.001562499999819230
 3 5.997224272906236 5.196803300174847e-15
 4 6.887273982971350 0.000000000000000
 5 7.409403518585618 0.000000000000000
 6 8.286721945031294 0.000000000000000
 7 10.10496860020378 0.000000000000000
 8 13.15042724719988 0.000000000000000
 9 15.96771451415862 0.000000000000000
 10 17.09652553908058 0.000000000000000
 11 18.08078261713806 0.000000000000000
 12 19.13759873987846 0.000000000000000

 spin=1 k-point=1047/1284 Cartesian=0.07789617997133459 -0.1124334511882327 0.07676364473785349 (2461 plane wave)
 1 -0.01892784845853636 0.001562500000000033
 2 1.066311242525312 0.001562499999819230
 3 5.997224291100715 5.196802354643399e-15
 4 6.887273954590800 0.000000000000000
 5 7.409403498233782 0.000000000000000
 6 8.286721988361682 0.000000000000000
 7 10.10496858684343 0.000000000000000
 8 13.15042724461173 0.000000000000000
 9 15.96771454040222 0.000000000000000
 10 17.09652553284482 0.000000000000000
 11 18.08078252930907 0.000000000000000
 12 19.13759888045854 0.000000000000000

 spin=1 k-point=1048/1284 Cartesian=0.09737022496416814 -0.1011901060694093 0.07676364473785349 (2462 plane wave)
 1 0.1298316211672152 0.001562500000000021
 2 1.211863010526102 0.001562499999224971
 3 4.978015033638078 1.387096928366158e-10
 4 6.039315996288896 3.411412231322100e-15
 5 8.530065312024275 0.000000000000000
 6 9.484933453508690 0.000000000000000
 7 10.35790705798041 0.000000000000000
 8 13.23759125342382 0.000000000000000
 9 14.86204539348651 0.000000000000000
 10 16.07006332880842 0.000000000000000
 11 17.10538373741040 0.000000000000000
 12 18.06205199284912 0.000000000000000

 spin=1 k-point=1049/1284 Cartesian=0.1168442699570017 -0.08994676095058601 0.07676364473785349 (2462 plane wave)
 1 0.4267196269999378 0.001562499999999735
 2 1.499367777143306 0.001562499986260996
 3 4.100723975672921 8.951288732013890e-07
 4 5.164309499490983 2.152980315329265e-11
 5 9.846423083827144 0.000000000000000
 6 10.39074642233388 0.000000000000000
 7 11.23646689388145 0.000000000000000
 8 13.28710825958314 0.000000000000000
 9 13.56667377180301 0.000000000000000
 10 14.45751973774809 0.000000000000000
 11 15.48358080412967 0.000000000000000
 12 17.45786808335439 0.000000000000000

 spin=1 k-point=1050/1284 Cartesian=0.1363183149498352 -0.07870341583176267 0.07676364473785349 (2459 plane wave)
 1 0.8699246414547890 0.001562499999974667
 2 1.911838063970611 0.001562499150247792
 3 3.392048629184339 0.0006355149916036439
 4 4.429093263477728 3.357647172157629e-08
 5 10.64391807139597 0.000000000000000
 6 11.16426259043637 0.000000000000000
 7 12.22000300843290 0.000000000000000
 8 12.26816571988175 0.000000000000000
 9 13.01842511512765 0.000000000000000
 10 13.52745873130258 0.000000000000000
 11 14.97520711892241 0.000000000000000
 12 16.76286548927370 0.000000000000000

 spin=1 k-point=1051/1284 Cartesian=0.1557923599426688 0.2473535926141141 -0.07676364473785301 (2452 plane wave)
 1 1.454055025465233 0.001562499991266994
 2 2.302666591586333 0.001562457671981724
 3 3.000414472959383 0.001518395206962234
 4 3.846811730791283 1.126468965613165e-05
 5 9.823761964382808 0.000000000000000
 6 10.78255182754191 0.000000000000000
 7 11.53847993639281 0.000000000000000
 8 12.52295809486509 0.000000000000000
 9 13.60476695562025 0.000000000000000
 10 14.51073433529457 0.000000000000000
 11 15.49943574551802 0.000000000000000
 12 16.26919071125011 0.000000000000000

 spin=1 k-point=1052/1284 Cartesian=0.1363183149498352 0.2361102474952907 -0.07676364473785301 (2450 plane wave)
 1 2.147557345496388 0.001562491025585101
 2 2.163016379243869 0.001562489525254646
 3 3.421601780694911 0.0005278405738066719
 4 3.461698954002347 0.0003978783833744466
 5 8.266215218616207 0.000000000000000
 6 9.320297341237348 0.000000000000000
 7 12.14827923144681 0.000000000000000
 8 12.20706160628368 0.000000000000000
 9 15.02800958001624 0.000000000000000
 10 15.32432070475493 0.000000000000000
 11 16.40356885241093 0.000000000000000
 12 16.85643497592942 0.000000000000000

 spin=1 k-point=1053/1284 Cartesian=0.1168442699570017 0.2248669023764674 -0.07676364473785301 (2449 plane wave)
 1 1.901098163144028 0.001562499236780399
 2 2.749074381392888 0.001558832720071426
 3 3.435006005808417 0.0004820531575759561
 4 4.275451973972037 1.560475019421018e-07
 5 6.819447360941460 0.000000000000000
 6 7.874072939477049 0.000000000000000
 7 11.90688296368391 0.000000000000000
 8 13.02671489405692 0.000000000000000
 9 15.14701608844780 0.000000000000000
 10 16.12277780681806 0.000000000000000
 11 16.98801110314600 0.000000000000000
 12 17.95743439246489 0.000000000000000

 spin=1 k-point=1054/1284 Cartesian=0.09737022496416814 0.2136235572576441 -0.07676364473785301 (2458 plane wave)
 1 1.763087898122025 0.001562499808010048
 2 2.791612916495556 0.001556895375345432
 3 4.255792660798883 1.899445037439147e-07
 4 5.091074001925534 4.478141943405497e-11
 5 5.710913870897169 9.102629383439354e-14
 6 6.568286159532620 0.000000000000000
 7 11.76732108860413 0.000000000000000
 8 13.93249993319578 0.000000000000000
 9 14.89736273453483 0.000000000000000
 10 15.69745757581776 0.000000000000000
 11 17.53262253240111 0.000000000000000
 12 18.63463610069918 0.000000000000000

 spin=1 k-point=1055/1284 Cartesian=0.07789617997133459 0.2023802121388208 -0.07676364473785301 (2458 plane wave)
 1 1.763087899257072 0.001562499808010046
 2 2.791612910956589 0.001556895375654757
 3 4.255792682866088 1.899444618335621e-07
 4 5.091073970168776 4.478143365518729e-11
 5 5.710913883135480 9.102628269431071e-14
 6 6.568286161629585 0.000000000000000
 7 11.76732108841232 0.000000000000000
 8 13.93249992030678 0.000000000000000
 9 14.89736277054829 0.000000000000000
 10 15.69745755067088 0.000000000000000
 11 17.53262252735506 0.000000000000000
 12 18.63463610541492 0.000000000000000

 spin=1 k-point=1056/1284 Cartesian=0.05842213497850103 0.1911368670199974 -0.07676364473785301 (2449 plane wave)
 1 1.901098167362013 0.001562499236780367
 2 2.749074357819960 0.001558832720933883
 3 3.435006041633407 0.0004820530381594189
 4 4.275451956585056 1.560475290713514e-07
 5 6.819447359136462 0.000000000000000
 6 7.874072942563891 0.000000000000000
 7 11.90688296284064 0.000000000000000
 8 13.02671489022725 0.000000000000000
 9 15.14701611588040 0.000000000000000
 10 16.12277777782667 0.000000000000000
 11 16.98801108261305 0.000000000000000
 12 17.95743442878387 0.000000000000000

 spin=1 k-point=1057/1284 Cartesian=0.03894808998566748 0.1798935219011741 -0.07676364473785301 (2450 plane wave)
 1 2.147557350264304 0.001562491025584673
 2 2.163016374350938 0.001562489525255158
 3 3.421601785747511 0.0005278405561464872
 4 3.461698949527598 0.0003978783966448424
 5 8.266215218687515 0.000000000000000
 6 9.320297338146901 0.000000000000000
 7 12.14827923693649 0.000000000000000
 8 12.20706160553386 0.000000000000000
 9 15.02800956811134 0.000000000000000
 10 15.32432070927495 0.000000000000000
 11 16.40356885926763 0.000000000000000
 12 16.85643497459288 0.000000000000000

 spin=1 k-point=1058/1284 Cartesian=0.01947404499283394 0.1686501767823507 -0.07676364473785301 (2452 plane wave)
 1 1.454055020560946 0.001562499991266994
 2 2.302666616787154 0.001562457671971058
 3 3.000414437980489 0.001518395221954134
 4 3.846811746537511 1.126468789515539e-05
 5 9.823761981520867 0.000000000000000
 6 10.78255175557741 0.000000000000000
 7 11.53848001059466 0.000000000000000
 8 12.52295806611957 0.000000000000000
 9 13.60476693124152 0.000000000000000
 10 14.51073445377753 0.000000000000000
 11 15.49943558245689 0.000000000000000
 12 16.26919079049037 0.000000000000000

 spin=1 k-point=1059/1284 Cartesian=0.000000000000000 -0.1349201414258796 0.07676364473785349 (2463 plane wave)
 1 -0.09482685364802396 0.001562500000000035
 2 0.9883355850506870 0.001562499999917134
 3 4.758804974814491 1.242006663336780e-09
 4 5.829043327373893 2.793425054159258e-14
 5 9.755985817340443 0.000000000000000
 6 11.39169950185228 0.000000000000000
 7 12.31973951066412 0.000000000000000
 8 12.49554835515703 0.000000000000000
 9 13.26972297001915 0.000000000000000
 10 13.67170067726484 0.000000000000000
 11 15.35394986791029 0.000000000000000
 12 18.09640132221674 0.000000000000000

 spin=1 k-point=1060/1284 Cartesian=0.01947404499283394 -0.1236767963070560 0.07676364473785349 (2466 plane wave)
 1 -0.4682660581459662 0.001562500000000037
 2 0.6194558705338999 0.001562499999997964
 3 5.568204555624077 3.792675566242511e-13
 4 6.633270113999157 0.000000000000000
 5 9.349161905302010 0.000000000000000
 6 10.39644217304742 0.000000000000000
 7 11.46015539887877 0.000000000000000
 8 12.66788306027246 0.000000000000000
 9 14.19803742113461 0.000000000000000
 10 15.02553369479052 0.000000000000000
 11 16.13279744660791 0.000000000000000
 12 18.83399073416004 0.000000000000000

 spin=1 k-point=1061/1284 Cartesian=0.03894808998566748 -0.1124334511882327 0.07676364473785349 (2468 plane wave)
 1 -0.6926178065565497 0.001562500000000037
 2 0.3971568484475166 0.001562499999999812
 3 6.519120976685576 0.000000000000000
 4 7.552643202535723 0.000000000000000
 5 8.728952156143622 0.000000000000000
 6 9.391765967469231 0.000000000000000
 7 10.23958613132062 0.000000000000000
 8 12.53173474329043 0.000000000000000
 9 16.04444207333867 0.000000000000000
 10 16.65237624616298 0.000000000000000
 11 17.57286258883437 0.000000000000000
 12 18.82180984430022 0.000000000000000

 spin=1 k-point=1062/1284 Cartesian=0.05842213497850103 -0.1011901060694093 0.07676364473785349 (2467 plane wave)
 1 -0.7674440893710109 0.001562500000000037
 2 0.3229297200599084 0.001562499999999930
 3 7.569702575472760 0.000000000000000
 4 7.597339434394787 0.000000000000000
 5 8.437978073178893 0.000000000000000
 6 8.807786652624078 0.000000000000000
 7 9.677746489080445 0.000000000000000
 8 12.47153623198083 0.000000000000000
 9 17.39492113854962 0.000000000000000
 10 17.59491730904333 0.000000000000000
 11 18.44232960975062 0.000000000000000
 12 18.61526401756540 0.000000000000000

 spin=1 k-point=1063/1284 Cartesian=0.07789617997133459 -0.08994676095058600 0.07676364473785349 (2468 plane wave)
 1 -0.6926178063058672 0.001562500000000037
 2 0.3971568478529032 0.001562499999999812
 3 6.519121000428870 0.000000000000000
 4 7.552643162655687 0.000000000000000
 5 8.728952059015842 0.000000000000000
 6 9.391766185153662 0.000000000000000
 7 10.23958602203902 0.000000000000000
 8 12.53173474483620 0.000000000000000
 9 16.04444219133389 0.000000000000000
 10 16.65237604389295 0.000000000000000
 11 17.57286269722329 0.000000000000000
 12 18.82180982121004 0.000000000000000

 spin=1 k-point=1064/1284 Cartesian=0.09737022496416814 -0.07870341583176266 0.07676364473785349 (2466 plane wave)
 1 -0.4682660576076474 0.001562500000000037
 2 0.6194558692080362 0.001562499999997964
 3 5.568204573376209 3.792674892961614e-13
 4 6.633270088282980 0.000000000000000
 5 9.349161879963095 0.000000000000000
 6 10.39644226968303 0.000000000000000
 7 11.46015532284971 0.000000000000000
 8 12.66788307197177 0.000000000000000
 9 14.19803750023962 0.000000000000000
 10 15.02553351743435 0.000000000000000
 11 16.13279757214334 0.000000000000000
 12 18.83399070073651 0.000000000000000

 spin=1 k-point=1065/1284 Cartesian=0.1168442699570017 -0.06746007071293933 0.07676364473785349 (2463 plane wave)
 1 -0.09482685273331591 0.001562500000000035
 2 0.9883355826244460 0.001562499999917134
 3 4.758804990202230 1.242006472220159e-09
 4 5.829043308632712 2.793425577680293e-14
 5 9.755985812154709 0.000000000000000
 6 11.39169950398026 0.000000000000000
 7 12.31973963067032 0.000000000000000
 8 12.49554835727434 0.000000000000000
 9 13.26972292526830 0.000000000000000
 10 13.67170051382352 0.000000000000000
 11 15.35394998995759 0.000000000000000
 12 18.09640128970174 0.000000000000000

 spin=1 k-point=1066/1284 Cartesian=0.1363183149498352 -0.05621672559411599 0.07676364473785349 (2462 plane wave)
 1 0.4267196270101551 0.001562499999999735
 2 1.499367777070453 0.001562499986260996
 3 4.100723975737021 8.951288726279304e-07
 4 5.164309499484681 2.152980315464942e-11
 5 9.846423083205558 0.000000000000000
 6 10.39074642374521 0.000000000000000
 7 11.23646689259098 0.000000000000000
 8 13.28710826758696 0.000000000000000
 9 13.56667376759608 0.000000000000000
 10 14.45751972989794 0.000000000000000
 11 15.48358080947180 0.000000000000000
 12 17.45786808202104 0.000000000000000

 spin=1 k-point=1067/1284 Cartesian=0.1557923599426688 -0.04497338047529266 0.07676364473785349 (2460 plane wave)
 1 1.094128148253938 0.001562499999761243
 2 2.134888074695169 0.001562492093496222
 3 3.612299259305295 0.0001100565169613784
 4 4.645220443328696 3.867360609776190e-09
 5 8.335109838183387 0.000000000000000
 6 9.376041963563818 0.000000000000000
 7 11.14355148745559 0.000000000000000
 8 13.28305239680645 0.000000000000000
 9 14.37231967190501 0.000000000000000
 10 15.72911802318584 0.000000000000000
 11 16.77781405654891 0.000000000000000
 12 17.09765365939852 0.000000000000000

 spin=1 k-point=1068/1284 Cartesian=0.1363183149498352 0.2136235572576441 -0.07676364473785301 (2449 plane wave)
 1 1.901098167776419 0.001562499236780363
 2 2.749074355678581 0.001558832721012228
 3 3.435006044108877 0.0004820530299078621
 4 4.275451955305281 1.560475310682087e-07
 5 6.819447359127413 0.000000000000000
 6 7.874072944083163 0.000000000000000
 7 11.90688296181767 0.000000000000000
 8 13.02671488909501 0.000000000000000
 9 15.14701611907717 0.000000000000000
 10 16.12277777887589 0.000000000000000
 11 16.98801108312389 0.000000000000000
 12 17.95743442473010 0.000000000000000

 spin=1 k-point=1069/1284 Cartesian=0.1168442699570017 0.2023802121388207 -0.07676364473785301 (2442 plane wave)
 1 2.800953424081838 0.001556348806905181
 2 2.840774588276840 0.001553357499288185
 3 3.993132756645546 2.622212156997947e-06
 4 4.128711661217410 6.767017572366007e-07
 5 5.487934515769631 8.463580568007127e-13
 6 6.489613384884699 0.000000000000000
 7 12.80432355434866 0.000000000000000
 8 12.87768932116998 0.000000000000000
 9 15.00636164396454 0.000000000000000
 10 16.24925638329497 0.000000000000000
 11 16.54438866364594 0.000000000000000
 12 18.56186775230118 0.000000000000000

 spin=1 k-point=1070/1284 Cartesian=0.09737022496416814 0.1911368670199974 -0.07676364473785301 (2448 plane wave)
 1 2.776591631322991 0.001557674667632678
 2 3.520780382847402 0.0002486188877283765
 3 3.992504819918079 2.638701905662066e-06
 4 4.415167390167236 3.859339437388041e-08
 5 5.260866114358408 8.197848909510227e-12
 6 5.335249579822674 3.896337298547569e-12
 7 12.77372022513702 0.000000000000000
 8 13.79945559740106 0.000000000000000
 9 14.02226821473823 0.000000000000000
 10 16.29927898303391 0.000000000000000
 11 17.40100118158542 0.000000000000000
 12 17.41749268763467 0.000000000000000

 spin=1 k-point=1071/1284 Cartesian=0.07789617997133459 0.1798935219011741 -0.07676364473785301 (2442 plane wave)
 1 2.800953428572486 0.001556348806630040
 2 2.840774583147036 0.001553357499754433
 3 3.993132761981937 2.622212017301256e-06
 4 4.128711657150032 6.767017847487047e-07
 5 5.487934515606190 8.463580581839983e-13
 6 6.489613383887308 0.000000000000000
 7 12.80432355942824 0.000000000000000
 8 12.87768931783003 0.000000000000000
 9 15.00636164409523 0.000000000000000
 10 16.24925637485973 0.000000000000000
 11 16.54438866825503 0.000000000000000
 12 18.56186775350686 0.000000000000000

 spin=1 k-point=1072/1284 Cartesian=0.05842213497850103 0.1686501767823507 -0.07676364473785301 (2449 plane wave)
 1 1.901098163538466 0.001562499236780396
 2 2.749074379085792 0.001558832720155835
 3 3.435006009250859 0.0004820531461011585
 4 4.275451973003125 1.560475034539145e-07
 5 6.819447360886373 0.000000000000000
 6 7.874072937506247 0.000000000000000
 7 11.90688296623557 0.000000000000000
 8 13.02671489494093 0.000000000000000
 9 15.14701608978289 0.000000000000000
 10 16.12277779653623 0.000000000000000
 11 16.98801110333374 0.000000000000000
 12 17.95743440017278 0.000000000000000

 spin=1 k-point=1073/1284 Cartesian=0.03894808998566748 0.1574068316635274 -0.07676364473785301 (2460 plane wave)
 1 1.094128145855086 0.001562499999761243
 2 2.134888084358321 0.001562492093495459
 3 3.612299239013565 0.0001100565377207498
 4 4.645220458570507 3.867360020321720e-09
 5 8.335109851131103 0.000000000000000
 6 9.376041929601307 0.000000000000000
 7 11.14355151152943 0.000000000000000
 8 13.28305241076741 0.000000000000000
 9 14.37231961569016 0.000000000000000
 10 15.72911812385454 0.000000000000000
 11 16.77781385259785 0.000000000000000
 12 17.09765380071147 0.000000000000000

 spin=1 k-point=1074/1284 Cartesian=0.01947404499283394 0.1461634865447040 -0.07676364473785301 (2462 plane wave)
 1 0.4267196255401559 0.001562499999999735
 2 1.499367781553192 0.001562499986260995
 3 4.100723960051743 8.951290129509943e-07
 4 5.164309515181941 2.152979977505978e-11
 5 9.846423163907938 0.000000000000000
 6 10.39074625272468 0.000000000000000
 7 11.23646699148067 0.000000000000000
 8 13.28710826536149 0.000000000000000
 9 13.56667365606043 0.000000000000000
 10 14.45751997407222 0.000000000000000
 11 15.48358062679332 0.000000000000000
 12 17.45786812714716 0.000000000000000

 spin=1 k-point=1075/1284 Cartesian=0.000000000000000 -0.1124334511882329 0.07676364473785349 (2461 plane wave)
 1 -0.9176509989392927 0.001562500000000037
 2 0.1729800316478973 0.001562500000000013
 3 6.301796917703910 0.000000000000000
 4 7.351309661329366 0.000000000000000
 5 9.023274908944096 0.000000000000000
 6 11.77067666652018 0.000000000000000
 7 11.97953361571803 0.000000000000000
 8 12.87442975158564 0.000000000000000
 9 13.34144950096668 0.000000000000000
 10 14.16740710336503 0.000000000000000
 11 16.58685845215457 0.000000000000000
 12 19.58452479082949 0.000000000000000

 spin=1 k-point=1076/1284 Cartesian=0.01947404499283394 -0.1011901060694093 0.07676364473785349 (2468 plane wave)
 1 -1.217551916614070 0.001562500000000037
 2 -0.1253999323422514 0.001562500000000036
 3 7.164313648065939 0.000000000000000
 4 8.117676744842015 0.000000000000000
 5 8.850097433275238 0.000000000000000
 6 10.76958746496832 0.000000000000000
 7 11.74756006044094 0.000000000000000
 8 12.21031065818052 0.000000000000000
 9 14.68648132558264 0.000000000000000
 10 15.64842658939079 0.000000000000000
 11 17.43667615350910 0.000000000000000
 12 20.23184919192838 0.000000000000000

 spin=1 k-point=1077/1284 Cartesian=0.03894808998566748 -0.08994676095058601 0.07676364473785349 (2469 plane wave)
 1 -1.367584192085908 0.001562500000000037
 2 -0.2747681968312041 0.001562500000000036
 3 8.032061264990226 0.000000000000000
 4 8.521641272757316 0.000000000000000
 5 9.161576536165688 0.000000000000000
 6 9.789065348738189 0.000000000000000
 7 10.66225623060124 0.000000000000000
 8 11.96091998882032 0.000000000000000
 9 16.77479749830317 0.000000000000000
 10 17.61301314455995 0.000000000000000
 11 18.46648535987997 0.000000000000000
 12 19.02234732802546 0.000000000000000

 spin=1 k-point=1078/1284 Cartesian=0.05842213497850103 -0.07870341583176267 0.07676364473785349 (2469 plane wave)
 1 -1.367584192014478 0.001562500000000037
 2 -0.2747681969896835 0.001562500000000036
 3 8.032061348365271 0.000000000000000
 4 8.521641124422203 0.000000000000000
 5 9.161576510469871 0.000000000000000
 6 9.789065526309393 0.000000000000000
 7 10.66225613224409 0.000000000000000
 8 11.96091999917304 0.000000000000000
 9 16.77479755417188 0.000000000000000
 10 17.61301304355100 0.000000000000000
 11 18.46648538909825 0.000000000000000
 12 19.02234724702940 0.000000000000000

 spin=1 k-point=1079/1284 Cartesian=0.07789617997133459 -0.06746007071293933 0.07676364473785349 (2468 plane wave)
 1 -1.217551916394269 0.001562500000000037
 2 -0.1253999328387887 0.001562500000000036
 3 7.164313690160292 0.000000000000000
 4 8.117676635194805 0.000000000000000
 5 8.850097488983897 0.000000000000000
 6 10.76958754360599 0.000000000000000
 7 11.74755994014944 0.000000000000000
 8 12.21031071029924 0.000000000000000
 9 14.68648136640786 0.000000000000000
 10 15.64842651446939 0.000000000000000
 11 17.43667620649589 0.000000000000000
 12 20.23184916910302 0.000000000000000

 spin=1 k-point=1080/1284 Cartesian=0.09737022496416814 -0.05621672559411599 0.07676364473785349 (2461 plane wave)
 1 -0.9176509985530245 0.001562500000000037
 2 0.1729800307484396 0.001562500000000013
 3 6.301796942086328 0.000000000000000
 4 7.351309616944526 0.000000000000000
 5 9.023274926012014 0.000000000000000
 6 11.77067666862902 0.000000000000000
 7 11.97953365150316 0.000000000000000
 8 12.87442975368275 0.000000000000000
 9 13.34144950186082 0.000000000000000
 10 14.16740702761446 0.000000000000000
 11 16.58685851060427 0.000000000000000
 12 19.58452476501266 0.000000000000000

 spin=1 k-point=1081/1284 Cartesian=0.1168442699570017 -0.04497338047529265 0.07676364473785349 (2466 plane wave)
 1 -0.4682660575954060 0.001562500000000037
 2 0.6194558691425393 0.001562499999997964
 3 5.568204573431525 3.792674890863668e-13
 4 6.633270088266189 0.000000000000000
 5 9.349161881067950 0.000000000000000
 6 10.39644226627552 0.000000000000000
 7 11.46015532310629 0.000000000000000
 8 12.66788307912435 0.000000000000000
 9 14.19803749722784 0.000000000000000
 10 15.02553350972247 0.000000000000000
 11 16.13279757834776 0.000000000000000
 12 18.83399069909824 0.000000000000000

 spin=1 k-point=1082/1284 Cartesian=0.1363183149498352 -0.03373003535646932 0.07676364473785349 (2462 plane wave)
 1 0.1298316211893052 0.001562500000000021
 2 1.211863010388015 0.001562499999224971
 3 4.978015033764314 1.387096926615151e-10
 4 6.039315996264770 3.411412232145142e-15
 5 8.530065310545444 0.000000000000000
 6 9.484933457888827 0.000000000000000
 7 10.35790705430339 0.000000000000000
 8 13.23759125724431 0.000000000000000
 9 14.86204539039268 0.000000000000000
 10 16.07006332562111 0.000000000000000
 11 17.10538374265850 0.000000000000000
 12 18.06205198829942 0.000000000000000

 spin=1 k-point=1083/1284 Cartesian=0.1557923599426688 -0.02248669023764599 0.07676364473785349 (2454 plane wave)
 1 0.8750122479405482 0.001562499999973343
 2 1.944180210777336 0.001562498825772060
 3 4.537228287342371 1.138719266126972e-08
 4 5.568712306581905 3.773467022078205e-13
 5 6.982718448175888 0.000000000000000
 6 8.014876062183603 0.000000000000000
 7 10.91365337963904 0.000000000000000
 8 13.77737695629824 0.000000000000000
 9 14.74593567809493 0.000000000000000
 10 16.72859239902663 0.000000000000000
 11 17.53027239950554 0.000000000000000
 12 18.29850022791657 0.000000000000000

 spin=1 k-point=1084/1284 Cartesian=0.1363183149498352 0.1911368670199974 -0.07676364473785301 (2458 plane wave)
 1 1.763087899581571 0.001562499808010046
 2 2.791612909582135 0.001556895375731514
 3 4.255792684598201 1.899444585439078e-07
 4 5.091073969451652 4.478143397632575e-11
 5 5.710913882614437 9.102628316859658e-14
 6 6.568286162409564 0.000000000000000
 7 11.76732108805491 0.000000000000000
 8 13.93249992053727 0.000000000000000
 9 14.89736277446949 0.000000000000000
 10 15.69745754651303 0.000000000000000
 11 17.53262252877531 0.000000000000000
 12 18.63463610524880 0.000000000000000

 spin=1 k-point=1085/1284 Cartesian=0.1168442699570017 0.1798935219011741 -0.07676364473785301 (2448 plane wave)
 1 2.776591632273915 0.001557674667586935
 2 3.520780378059326 0.0002486188977383118
 3 3.992504824961840 2.638701772796978e-06
 4 4.415167388750483 3.859339492064003e-08
 5 5.260866121173650 8.197848350806855e-12
 6 5.335249573227697 3.896337555510140e-12
 7 12.77372022514676 0.000000000000000
 8 13.79945559364598 0.000000000000000
 9 14.02226821991745 0.000000000000000
 10 16.29927898043956 0.000000000000000
 11 17.40100117532648 0.000000000000000
 12 17.41749269534140 0.000000000000000

 spin=1 k-point=1086/1284 Cartesian=0.09737022496416814 0.1686501767823507 -0.07676364473785301 (2448 plane wave)
 1 2.776591631967857 0.001557674667601658
 2 3.520780377532494 0.0002486188988397065
 3 3.992504829454868 2.638701654439541e-06
 4 4.415167384492110 3.859339656405060e-08
 5 5.260866125510090 8.197847995311959e-12
 6 5.335249569280145 3.896337709320162e-12
 7 12.77372022703257 0.000000000000000
 8 13.79945558882225 0.000000000000000
 9 14.02226822337117 0.000000000000000
 10 16.29927897883100 0.000000000000000
 11 17.40100116919865 0.000000000000000
 12 17.41749270220356 0.000000000000000

 spin=1 k-point=1087/1284 Cartesian=0.07789617997133459 0.1574068316635274 -0.07676364473785301 (2458 plane wave)
 1 1.763087898238989 0.001562499808010048
 2 2.791612915702010 0.001556895375389748
 3 4.255792662905467 1.899444997430592e-07
 4 5.091074001688123 4.478141954037089e-11
 5 5.710913870199562 9.102629446939993e-14
 6 6.568286158191808 0.000000000000000
 7 11.76732109064653 0.000000000000000
 8 13.93249993270210 0.000000000000000
 9 14.89736274061286 0.000000000000000
 10 15.69745756672578 0.000000000000000
 11 17.53262253043082 0.000000000000000
 12 18.63463610353093 0.000000000000000

 spin=1 k-point=1088/1284 Cartesian=0.05842213497850103 0.1461634865447041 -0.07676364473785301 (2454 plane wave)
 1 0.8750122468222381 0.001562499999973343
 2 1.944180214362230 0.001562498825772018
 3 4.537228271026303 1.138719451919881e-08
 4 5.568712326694449 3.773466263137886e-13
 5 6.982718454296543 0.000000000000000
 6 8.014876042654814 0.000000000000000
 7 10.91365338936236 0.000000000000000
 8 13.77737697446844 0.000000000000000
 9 14.74593563830478 0.000000000000000
 10 16.72859240033830 0.000000000000000
 11 17.53027249399493 0.000000000000000
 12 18.29850011674879 0.000000000000000

 spin=1 k-point=1089/1284 Cartesian=0.03894808998566748 0.1349201414258807 -0.07676364473785301 (2462 plane wave)
 1 0.1298316203610723 0.001562500000000021
 2 1.211863012625064 0.001562499999224971
 3 4.978015018157140 1.387097143101837e-10
 4 6.039316015903677 3.411411562180986e-15
 5 8.530065349212675 0.000000000000000
 6 9.484933341134697 0.000000000000000
 7 10.35790713277417 0.000000000000000
 8 13.23759126146916 0.000000000000000
 9 14.86204533159690 0.000000000000000
 10 16.07006344736909 0.000000000000000
 11 17.10538362622970 0.000000000000000
 12 18.06205203085664 0.000000000000000

 spin=1 k-point=1090/1284 Cartesian=-0.01947404499283316 -0.1236767963070560 0.07676364473785349 (2466 plane wave)
 1 -0.4682660581799774 0.001562500000000037
 2 0.6194558705789925 0.001562499999997964
 3 5.568204555564076 3.792675568518170e-13
 4 6.633270114169843 0.000000000000000
 5 9.349161903699358 0.000000000000000
 6 10.39644217314919 0.000000000000000
 7 11.46015540249042 0.000000000000000
 8 12.66788305800731 0.000000000000000
 9 14.19803742273223 0.000000000000000
 10 15.02553369366733 0.000000000000000
 11 16.13279744614298 0.000000000000000
 12 18.83399073249513 0.000000000000000

 spin=1 k-point=1091/1284 Cartesian=0.000000000000000 -0.08994676095058625 0.07676364473785349 (2476 plane wave)
 1 -1.592898001060086 0.001562500000000037
 2 -0.4994257306469450 0.001562500000000037
 3 7.812496943863440 0.000000000000000
 4 8.363284143031809 0.000000000000000
 5 9.252740194983550 0.000000000000000
 6 11.47560353393100 0.000000000000000
 7 12.30101994499080 0.000000000000000
 8 13.40462677663225 0.000000000000000
 9 13.76841483577570 0.000000000000000
 10 14.70920014723412 0.000000000000000
 11 18.15708849510160 0.000000000000000
 12 21.16134303236769 0.000000000000000

 spin=1 k-point=1092/1284 Cartesian=0.01947404499283394 -0.07870341583176269 0.07676364473785349 (2470 plane wave)
 1 -1.818239385848647 0.001562500000000037
 2 -0.7240866259631329 0.001562500000000037
 3 7.910513192078260 0.000000000000000
 4 9.056054501996906 0.000000000000000
 5 10.10582963861708 0.000000000000000
 6 11.06382343324965 0.000000000000000
 7 11.75130916252210 0.000000000000000
 8 12.59041991051880 0.000000000000000
 9 15.27367936006228 0.000000000000000
 10 16.27733199363430 0.000000000000000
 11 19.03746549682247 0.000000000000000
 12 19.89342643722251 0.000000000000000

 spin=1 k-point=1093/1284 Cartesian=0.03894808998566748 -0.06746007071293936 0.07676364473785349 (2472 plane wave)
 1 -1.893373565763396 0.001562500000000037
 2 -0.7990097311177906 0.001562500000000037
 3 7.874115581992269 0.000000000000000
 4 9.989508215220560 0.000000000000000
 5 10.13980704287882 0.000000000000000
 6 10.89003370455976 0.000000000000000
 7 11.44659473922341 0.000000000000000
 8 11.79836034512483 0.000000000000000
 9 17.26382132418278 0.000000000000000
 10 17.55532825005532 0.000000000000000
 11 18.51126351857746 0.000000000000000
 12 18.55522851015771 0.000000000000000

 spin=1 k-point=1094/1284 Cartesian=0.05842213497850103 -0.05621672559411602 0.07676364473785349 (2470 plane wave)
 1 -1.818239385761254 0.001562500000000037
 2 -0.7240866261519802 0.001562500000000037
 3 7.910513215421061 0.000000000000000
 4 9.056054429342398 0.000000000000000
 5 10.10582968700170 0.000000000000000
 6 11.06382349374820 0.000000000000000
 7 11.75130908957832 0.000000000000000
 8 12.59041992277649 0.000000000000000
 9 15.27367938546134 0.000000000000000
 10 16.27733195859899 0.000000000000000
 11 19.03746550328863 0.000000000000000
 12 19.89342643001793 0.000000000000000

 spin=1 k-point=1095/1284 Cartesian=0.07789617997133459 -0.04497338047529267 0.07676364473785349 (2476 plane wave)
 1 -1.592898000884223 0.001562500000000037
 2 -0.4994257310330139 0.001562500000000037
 3 7.812497035085163 0.000000000000000
 4 8.363283974584224 0.000000000000000
 5 9.252740275398216 0.000000000000000
 6 11.47560353813124 0.000000000000000
 7 12.30101994705324 0.000000000000000
 8 13.40462677869964 0.000000000000000
 9 13.76841485444584 0.000000000000000
 10 14.70920010158318 0.000000000000000
 11 18.15708852475573 0.000000000000000
 12 21.16134302007021 0.000000000000000

 spin=1 k-point=1096/1284 Cartesian=0.09737022496416814 -0.03373003535646934 0.07676364473785349 (2468 plane wave)
 1 -1.217551916379834 0.001562500000000037
 2 -0.1253999328987328 0.001562500000000036
 3 7.164313690125390 0.000000000000000
 4 8.117676635458661 0.000000000000000
 5 8.850097489651443 0.000000000000000
 6 10.76958753682970 0.000000000000000
 7 11.74755994478369 0.000000000000000
 8 12.21031071489206 0.000000000000000
 9 14.68648136444224 0.000000000000000
 10 15.64842651025175 0.000000000000000
 11 17.43667620999000 0.000000000000000
 12 20.23184916622859 0.000000000000000

 spin=1 k-point=1097/1284 Cartesian=0.1168442699570017 -0.02248669023764600 0.07676364473785349 (2468 plane wave)
 1 -0.6926178062793482 0.001562500000000037
 2 0.3971568477258853 0.001562499999999812
 3 6.519121000488977 0.000000000000000
 4 7.552643162805551 0.000000000000000
 5 8.728952059073562 0.000000000000000
 6 9.391766185432383 0.000000000000000
 7 10.23958602015120 0.000000000000000
 8 12.53173474889472 0.000000000000000
 9 16.04444218912137 0.000000000000000
 10 16.65237603647288 0.000000000000000
 11 17.57286270562132 0.000000000000000
 12 18.82180981875393 0.000000000000000

 spin=1 k-point=1098/1284 Cartesian=0.1363183149498352 -0.01124334511882266 0.07676364473785349 (2461 plane wave)
 1 -0.01892784842178804 0.001562500000000033
 2 1.066311242321643 0.001562499999819230
 3 5.997224291262723 5.196802346224163e-15
 4 6.887273954233208 0.000000000000000
 5 7.409403497492471 0.000000000000000
 6 8.286721990573229 0.000000000000000
 7 10.10496858520785 0.000000000000000
 8 13.15042724718697 0.000000000000000
 9 15.96771453748277 0.000000000000000
 10 17.09652553339700 0.000000000000000
 11 18.08078252863417 0.000000000000000
 12 19.13759888084676 0.000000000000000

 spin=1 k-point=1099/1284 Cartesian=0.1557923599426688 0.000000000000000 0.07676364473785349 (2459 plane wave)
 1 0.8016270585316478 0.001562499999987222
 2 1.876284372813582 0.001562499404496103
 3 5.569812717855840 3.732170985277091e-13
 4 5.617841288620100 2.308745429105125e-13
 5 6.781494442066895 0.000000000000000
 6 6.845176883486351 0.000000000000000
 7 10.83758082670593 0.000000000000000
 8 13.84654511832987 0.000000000000000
 9 15.59622025802888 0.000000000000000
 10 15.75266007812746 0.000000000000000
 11 18.64530320211711 0.000000000000000
 12 18.96483536948660 0.000000000000000

 spin=1 k-point=1100/1284 Cartesian=0.1363183149498352 0.1686501767823507 -0.07676364473785301 (2458 plane wave)
 1 1.763087898492850 0.001562499808010048
 2 2.791612915065985 0.001556895375425267
 3 4.255792662204976 1.899445010734427e-07
 4 5.091074000683015 4.478141999047243e-11
 5 5.710913873602188 9.102629137211522e-14
 6 6.568286157415934 0.000000000000000
 7 11.76732108888636 0.000000000000000
 8 13.93249993494447 0.000000000000000
 9 14.89736273949722 0.000000000000000
 10 15.69745756789613 0.000000000000000
 11 17.53262253112881 0.000000000000000
 12 18.63463610348343 0.000000000000000

 spin=1 k-point=1101/1284 Cartesian=0.1168442699570017 0.1574068316635274 -0.07676364473785301 (2442 plane wave)
 1 2.800953434436743 0.001556348806270738
 2 2.840774576951742 0.001553357500317524
 3 3.993132766058638 2.622211910580896e-06
 4 4.128711651664509 6.767018218532718e-07
 5 5.487934518442632 8.463580341775385e-13
 6 6.489613382917798 0.000000000000000
 7 12.80432356512244 0.000000000000000
 8 12.87768931168062 0.000000000000000
 9 15.00636164734747 0.000000000000000
 10 16.24925636799954 0.000000000000000
 11 16.54438867287425 0.000000000000000
 12 18.56186775399151 0.000000000000000

 spin=1 k-point=1102/1284 Cartesian=0.09737022496416814 0.1461634865447041 -0.07676364473785301 (2458 plane wave)
 1 1.763087899239810 0.001562499808010046
 2 2.791612910565234 0.001556895375676613
 3 4.255792684579480 1.899444585794640e-07
 4 5.091073966409723 4.478143533854549e-11
 5 5.710913886624646 9.102627951825207e-14
 6 6.568286160198915 0.000000000000000
 7 11.76732109019468 0.000000000000000
 8 13.93249991835567 0.000000000000000
 9 14.89736277680384 0.000000000000000
 10 15.69745754417792 0.000000000000000
 11 17.53262252704712 0.000000000000000
 12 18.63463610682182 0.000000000000000

 spin=1 k-point=1103/1284 Cartesian=0.07789617997133459 0.1349201414258807 -0.07676364473785301 (2459 plane wave)
 1 0.8016270583029829 0.001562499999987222
 2 1.876284373398752 0.001562499404496100
 3 5.569812723069796 3.732170790683296e-13
 4 5.617841283264918 2.308745552742645e-13
 5 6.781494445028914 0.000000000000000
 6 6.845176879206149 0.000000000000000
 7 10.83758082922630 0.000000000000000
 8 13.84654511545795 0.000000000000000
 9 15.59622026250893 0.000000000000000
 10 15.75266007486304 0.000000000000000
 11 18.64530319465044 0.000000000000000
 12 18.96483537426494 0.000000000000000

 spin=1 k-point=1104/1284 Cartesian=0.05842213497850103 0.1236767963070574 -0.07676364473785301 (2461 plane wave)
 1 -0.01892784879890844 0.001562500000000033
 2 1.066311243279565 0.001562499999819230
 3 5.997224272644530 5.196803313775213e-15
 4 6.887273983899625 0.000000000000000
 5 7.409403517875787 0.000000000000000
 6 8.286721942638538 0.000000000000000
 7 10.10496860397163 0.000000000000000
 8 13.15042724635036 0.000000000000000
 9 15.96771451514177 0.000000000000000
 10 17.09652553743447 0.000000000000000
 11 18.08078261352151 0.000000000000000
 12 19.13759874211434 0.000000000000000

 spin=1 k-point=1105/1284 Cartesian=-0.03894808998566670 -0.1124334511882327 0.07676364473785349 (2468 plane wave)
 1 -0.6926178066234060 0.001562500000000037
 2 0.3971568485389101 0.001562499999999812
 3 6.519120976474169 0.000000000000000
 4 7.552643203210432 0.000000000000000
 5 8.728952154960533 0.000000000000000
 6 9.391765962998372 0.000000000000000
 7 10.23958613825121 0.000000000000000
 8 12.53173474194374 0.000000000000000
 9 16.04444207518416 0.000000000000000
 10 16.65237624445454 0.000000000000000
 11 17.57286258895054 0.000000000000000
 12 18.82180984057607 0.000000000000000

 spin=1 k-point=1106/1284 Cartesian=-0.01947404499283316 -0.1011901060694094 0.07676364473785349 (2468 plane wave)
 1 -1.217551916644535 0.001562500000000037
 2 -0.1253999323014729 0.001562500000000036
 3 7.164313647925914 0.000000000000000
 4 8.117676745213453 0.000000000000000
 5 8.850097432238474 0.000000000000000
 6 10.76958746522566 0.000000000000000
 7 11.74756006386160 0.000000000000000
 8 12.21031065548150 0.000000000000000
 9 14.68648132651480 0.000000000000000
 10 15.64842658878098 0.000000000000000
 11 17.43667615330918 0.000000000000000
 12 20.23184918792659 0.000000000000000

 spin=1 k-point=1107/1284 Cartesian=0.000000000000000 -0.06746007071293957 0.07676364473785349 (2473 plane wave)
 1 -2.118887926881888 0.001562500000000037
 2 -1.024000044205569 0.001562500000000037
 3 7.676889458895968 0.000000000000000
 4 9.870777705914834 0.000000000000000
 5 10.84033884429133 0.000000000000000
 6 11.25001403808550 0.000000000000000
 7 12.98232252273416 0.000000000000000
 8 14.08571813241403 0.000000000000000
 9 14.38291295987553 0.000000000000000
 10 15.35552565342170 0.000000000000000
 11 19.87190961327433 0.000000000000000
 12 20.27564756658376 0.000000000000000

 spin=1 k-point=1108/1284 Cartesian=0.01947404499283394 -0.05621672559411600 0.07676364473785349 (2484 plane wave)
 1 -2.269268205614821 0.001562500000000037
 2 -1.174049516568594 0.001562500000000037
 3 7.547660431905939 0.000000000000000
 4 10.55136089519272 0.000000000000000
 5 11.17758098281234 0.000000000000000
 6 11.87430683393758 0.000000000000000
 7 12.47548007349542 0.000000000000000
 8 13.30852439964124 0.000000000000000
 9 15.97300061365873 0.000000000000000
 10 16.96021882546729 0.000000000000000
 11 18.35812925235527 0.000000000000000
 12 19.30428096033121 0.000000000000000

 spin=1 k-point=1109/1284 Cartesian=0.03894808998566748 -0.04497338047529267 0.07676364473785349 (2484 plane wave)
 1 -2.269268205586737 0.001562500000000037
 2 -1.174049516627227 0.001562500000000037
 3 7.547660433651417 0.000000000000000
 4 10.55136085484520 0.000000000000000
 5 11.17758104700634 0.000000000000000
 6 11.87430681178087 0.000000000000000
 7 12.47548006995296 0.000000000000000
 8 13.30852439887409 0.000000000000000
 9 15.97300062904742 0.000000000000000
 10 16.96021881617297 0.000000000000000
 11 18.35812921390179 0.000000000000000
 12 19.30428099466457 0.000000000000000

 spin=1 k-point=1110/1284 Cartesian=0.05842213497850103 -0.03373003535646933 0.07676364473785349 (2473 plane wave)
 1 -2.118887926799099 0.001562500000000037
 2 -1.024000044379758 0.001562500000000037
 3 7.676889465935876 0.000000000000000
 4 9.870777647012810 0.000000000000000
 5 10.84033897235803 0.000000000000000
 6 11.25001396151642 0.000000000000000
 7 12.98232252472291 0.000000000000000
 8 14.08571813439397 0.000000000000000
 9 14.38291298125161 0.000000000000000
 10 15.35552562278309 0.000000000000000
 11 19.87190961851796 0.000000000000000
 12 20.27564756979567 0.000000000000000

 spin=1 k-point=1111/1284 Cartesian=0.07789617997133459 -0.02248669023764599 0.07676364473785349 (2470 plane wave)
 1 -1.818239385744607 0.001562500000000037
 2 -0.7240866262069455 0.001562500000000037
 3 7.910513215654547 0.000000000000000
 4 9.056054429839794 0.000000000000000
 5 10.10582968741211 0.000000000000000
 6 11.06382348236613 0.000000000000000
 7 11.75130910183255 0.000000000000000
 8 12.59041992322187 0.000000000000000
 9 15.27367938415803 0.000000000000000
 10 16.27733195620088 0.000000000000000
 11 19.03746550585344 0.000000000000000
 12 19.89342643063350 0.000000000000000

 spin=1 k-point=1112/1284 Cartesian=0.09737022496416814 -0.01124334511882265 0.07676364473785349 (2469 plane wave)
 1 -1.367584191983083 0.001562500000000037
 2 -0.2747681971060854 0.001562500000000036
 3 8.032061347753425 0.000000000000000
 4 8.521641127092689 0.000000000000000
 5 9.161576510141177 0.000000000000000
 6 9.789065521546769 0.000000000000000
 7 10.66225613316195 0.000000000000000
 8 11.96092000347552 0.000000000000000
 9 16.77479755361853 0.000000000000000
 10 17.61301303384159 0.000000000000000
 11 18.46648539847628 0.000000000000000
 12 19.02234724784302 0.000000000000000

 spin=1 k-point=1113/1284 Cartesian=0.1168442699570017 0.000000000000000 0.07676364473785349 (2467 plane wave)
 1 -0.7674440893275377 0.001562500000000037
 2 0.3229297198740582 0.001562499999999930
 3 7.569702568857996 0.000000000000000
 4 7.597339439460979 0.000000000000000
 5 8.437978080782434 0.000000000000000
 6 8.807786646666122 0.000000000000000
 7 9.677746488380148 0.000000000000000
 8 12.47153623454610 0.000000000000000
 9 17.39492113170521 0.000000000000000
 10 17.59491731353541 0.000000000000000
 11 18.44232960727109 0.000000000000000
 12 18.61526402089235 0.000000000000000

 spin=1 k-point=1114/1284 Cartesian=0.1363183149498352 0.01124334511882402 0.07676364473785349 (2461 plane wave)
 1 -0.01892784863157731 0.001562500000000033
 2 1.066311242850627 0.001562499999819230
 3 5.997224271939388 5.196803350420087e-15
 4 6.887273982733320 0.000000000000000
 5 7.409403521721626 0.000000000000000
 6 8.286721943533800 0.000000000000000
 7 10.10496859993633 0.000000000000000
 8 13.15042724893661 0.000000000000000
 9 15.96771451372413 0.000000000000000
 10 17.09652553849383 0.000000000000000
 11 18.08078261653882 0.000000000000000
 12 19.13759874105158 0.000000000000000

 spin=1 k-point=1115/1284 Cartesian=0.1557923599426688 0.02248669023764735 0.07676364473785349 (2454 plane wave)
 1 0.8750122470101669 0.001562499999973343
 2 1.944180213843675 0.001562498825772024
 3 4.537228270373571 1.138719459352625e-08
 4 5.568712326786903 3.773466259649164e-13
 5 6.982718456444158 0.000000000000000
 6 8.014876042669773 0.000000000000000
 7 10.91365338701903 0.000000000000000
 8 13.77737697737408 0.000000000000000
 9 14.74593563622745 0.000000000000000
 10 16.72859240336417 0.000000000000000
 11 17.53027249822052 0.000000000000000
 12 18.29850011159244 0.000000000000000

 spin=1 k-point=1116/1284 Cartesian=0.1363183149498352 0.1461634865447040 -0.07676364473785301 (2449 plane wave)
 1 1.901098163739621 0.001562499236780394
 2 2.749074378826209 0.001558832720165333
 3 3.435006008293696 0.0004820531492917000
 4 4.275451973201410 1.560475031445264e-07
 5 6.819447362743897 0.000000000000000
 6 7.874072937081541 0.000000000000000
 7 11.90688296489884 0.000000000000000
 8 13.02671489594719 0.000000000000000
 9 15.14701608985415 0.000000000000000
 10 16.12277779890993 0.000000000000000
 11 16.98801110515607 0.000000000000000
 12 17.95743439739067 0.000000000000000

 spin=1 k-point=1117/1284 Cartesian=0.1168442699570017 0.1349201414258807 -0.07676364473785301 (2449 plane wave)
 1 1.901098167300183 0.001562499236780367
 2 2.749074357217165 0.001558832720955937
 3 3.435006043097721 0.0004820530332783783
 4 4.275451954719592 1.560475319820710e-07
 5 6.819447361092446 0.000000000000000
 6 7.874072941743753 0.000000000000000
 7 11.90688296454147 0.000000000000000
 8 13.02671488894651 0.000000000000000
 9 15.14701611893536 0.000000000000000
 10 16.12277777347033 0.000000000000000
 11 16.98801108599887 0.000000000000000
 12 17.95743442831953 0.000000000000000

 spin=1 k-point=1118/1284 Cartesian=0.09737022496416814 0.1236767963070574 -0.07676364473785301 (2454 plane wave)
 1 0.8750122476510873 0.001562499999973343
 2 1.944180211485342 0.001562498825772051
 3 4.537228286942501 1.138719270680344e-08
 4 5.568712305435858 3.773467065323917e-13
 5 6.982718450644861 0.000000000000000
 6 8.014876059536881 0.000000000000000
 7 10.91365338255010 0.000000000000000
 8 13.77737695366725 0.000000000000000
 9 14.74593567922706 0.000000000000000
 10 16.72859239777597 0.000000000000000
 11 17.53027239981974 0.000000000000000
 12 18.29850023081091 0.000000000000000

 spin=1 k-point=1119/1284 Cartesian=0.07789617997133459 0.1124334511882340 -0.07676364473785301 (2461 plane wave)
 1 -0.01892784861882235 0.001562500000000033
 2 1.066311242770291 0.001562499999819230
 3 5.997224291120387 5.196802353621116e-15
 4 6.887273951678698 0.000000000000000
 5 7.409403501091124 0.000000000000000
 6 8.286721986901268 0.000000000000000
 7 10.10496858950869 0.000000000000000
 8 13.15042724420427 0.000000000000000
 9 15.96771453875735 0.000000000000000
 10 17.09652553424949 0.000000000000000
 11 18.08078252897029 0.000000000000000
 12 19.13759887932699 0.000000000000000

 spin=1 k-point=1120/1284 Cartesian=-0.05842213497850025 -0.1011901060694094 0.07676364473785349 (2467 plane wave)
 1 -0.7674440894724887 0.001562500000000037
 2 0.3229297202025755 0.001562499999999930
 3 7.569702563618944 0.000000000000000
 4 7.597339445471106 0.000000000000000
 5 8.437978077753055 0.000000000000000
 6 8.807786642600277 0.000000000000000
 7 9.677746496697115 0.000000000000000
 8 12.47153623128229 0.000000000000000
 9 17.39492112810098 0.000000000000000
 10 17.59491732082170 0.000000000000000
 11 18.44232961004261 0.000000000000000
 12 18.61526401735247 0.000000000000000

 spin=1 k-point=1121/1284 Cartesian=-0.03894808998566670 -0.08994676095058601 0.07676364473785349 (2469 plane wave)
 1 -1.367584192145634 0.001562500000000037
 2 -0.2747681967490854 0.001562500000000036
 3 8.032061263412780 0.000000000000000
 4 8.521641273979871 0.000000000000000
 5 9.161576537128754 0.000000000000000
 6 9.789065343810744 0.000000000000000
 7 10.66225623722882 0.000000000000000
 8 11.96091998703717 0.000000000000000
 9 16.77479749917713 0.000000000000000
 10 17.61301314436332 0.000000000000000
 11 18.46648535897548 0.000000000000000
 12 19.02234733095958 0.000000000000000

 spin=1 k-point=1122/1284 Cartesian=-0.01947404499283316 -0.07870341583176267 0.07676364473785349 (2470 plane wave)
 1 -1.818239385875988 0.001562500000000037
 2 -0.7240866259259133 0.001562500000000037
 3 7.910513191606279 0.000000000000000
 4 9.056054502252982 0.000000000000000
 5 10.10582963830988 0.000000000000000
 6 11.06382343413157 0.000000000000000
 7 11.75130916201003 0.000000000000000
 8 12.59041991093249 0.000000000000000
 9 15.27367936084657 0.000000000000000
 10 16.27733199329680 0.000000000000000
 11 19.03746549607554 0.000000000000000
 12 19.89342643759909 0.000000000000000

 spin=1 k-point=1123/1284 Cartesian=0.000000000000000 -0.04497338047529290 0.07676364473785349 (2474 plane wave)
 1 -2.494916537170812 0.001562500000000037
 2 -1.399256333224871 0.001562500000000037
 3 7.340889324145000 0.000000000000000
 4 10.52515643190342 0.000000000000000
 5 12.00879639778823 0.000000000000000
 6 13.01750483307428 0.000000000000000
 7 13.81340535325485 0.000000000000000
 8 14.91650539955213 0.000000000000000
 9 15.13014979611027 0.000000000000000
 10 16.09481927185966 0.000000000000000
 11 18.68972264971627 0.000000000000000
 12 19.78377589709309 0.000000000000000

 spin=1 k-point=1124/1284 Cartesian=0.01947404499283394 -0.03373003535646933 0.07676364473785349 (2479 plane wave)
 1 -2.570149583429163 0.001562500000000037
 2 -1.474352096701528 0.001562500000000037
 3 7.270936543057944 0.000000000000000
 4 10.48108893064382 0.000000000000000
 5 12.98538151758335 0.000000000000000
 6 13.06705692413059 0.000000000000000
 7 14.14685405081040 0.000000000000000
 8 14.21398665387638 0.000000000000000
 9 16.58397479339137 0.000000000000000
 10 16.88904902429107 0.000000000000000
 11 17.82305080962015 0.000000000000000
 12 18.06913047123975 0.000000000000000

 spin=1 k-point=1125/1284 Cartesian=0.03894808998566748 -0.02248669023764600 0.07676364473785349 (2474 plane wave)
 1 -2.494916537132052 0.001562500000000037
 2 -1.399256333302216 0.001562500000000037
 3 7.340889325292486 0.000000000000000
 4 10.52515642262937 0.000000000000000
 5 12.00879641599092 0.000000000000000
 6 13.01750481753190 0.000000000000000
 7 13.81340535510135 0.000000000000000
 8 14.91650540132026 0.000000000000000
 9 15.13014981623747 0.000000000000000
 10 16.09481925476293 0.000000000000000
 11 18.68972265280853 0.000000000000000
 12 19.78377589903695 0.000000000000000

 spin=1 k-point=1126/1284 Cartesian=0.05842213497850103 -0.01124334511882266 0.07676364473785349 (2484 plane wave)
 1 -2.269268205567874 0.001562500000000037
 2 -1.174049516678066 0.001562500000000037
 3 7.547660433988908 0.000000000000000
 4 10.55136085388040 0.000000000000000
 5 11.17758104428042 0.000000000000000
 6 11.87430681195811 0.000000000000000
 7 12.47548007475790 0.000000000000000
 8 13.30852439921597 0.000000000000000
 9 15.97300062832307 0.000000000000000
 10 16.96021881436526 0.000000000000000
 11 18.35812921562939 0.000000000000000
 12 19.30428099334022 0.000000000000000

 spin=1 k-point=1127/1284 Cartesian=0.07789617997133459 0.000000000000000 0.07676364473785349 (2472 plane wave)
 1 -1.893373565727620 0.001562500000000037
 2 -0.7990097312247124 0.001562500000000037
 3 7.874115582726874 0.000000000000000
 4 9.989508216788971 0.000000000000000
 5 10.13980703708999 0.000000000000000
 6 10.89003370247957 0.000000000000000
 7 11.44659474456992 0.000000000000000
 8 11.79836034723312 0.000000000000000
 9 17.26382132445896 0.000000000000000
 10 17.55532825021780 0.000000000000000
 11 18.51126351501522 0.000000000000000
 12 18.55522850804561 0.000000000000000

 spin=1 k-point=1128/1284 Cartesian=0.09737022496416814 0.01124334511882402 0.07676364473785349 (2469 plane wave)
 1 -1.367584192035003 0.001562500000000037
 2 -0.2747681970009280 0.001562500000000036
 3 8.032061263829542 0.000000000000000
 4 8.521641275662594 0.000000000000000
 5 9.161576535175268 0.000000000000000
 6 9.789065345643873 0.000000000000000
 7 10.66225623221574 0.000000000000000
 8 11.96091999130267 0.000000000000000
 9 16.77479749953181 0.000000000000000
 10 17.61301314154005 0.000000000000000
 11 18.46648536286833 0.000000000000000
 12 19.02234732768975 0.000000000000000

 spin=1 k-point=1129/1284 Cartesian=0.1168442699570017 0.02248669023764735 0.07676364473785349 (2468 plane wave)
 1 -0.6926178064932461 0.001562500000000037
 2 0.3971568482054200 0.001562499999999812
 3 6.519120975385163 0.000000000000000
 4 7.552643204657866 0.000000000000000
 5 8.728952157191456 0.000000000000000
 6 9.391765964307508 0.000000000000000
 7 10.23958613292233 0.000000000000000
 8 12.53173474465116 0.000000000000000
 9 16.04444207371678 0.000000000000000
 10 16.65237624510045 0.000000000000000
 11 17.57286259263934 0.000000000000000
 12 18.82180983768773 0.000000000000000

 spin=1 k-point=1130/1284 Cartesian=0.1363183149498352 0.03373003535647069 0.07676364473785349 (2462 plane wave)
 1 0.1298316205080354 0.001562500000000021
 2 1.211863012204501 0.001562499999224971
 3 4.978015017334302 1.387097154515388e-10
 4 6.039316016619418 3.411411537764088e-15
 5 8.530065351218239 0.000000000000000
 6 9.484933343589711 0.000000000000000
 7 10.35790712777930 0.000000000000000
 8 13.23759126369509 0.000000000000000
 9 14.86204532891293 0.000000000000000
 10 16.07006345172594 0.000000000000000
 11 17.10538362915769 0.000000000000000
 12 18.06205202783334 0.000000000000000

 spin=1 k-point=1131/1284 Cartesian=0.1557923599426688 0.04497338047529402 0.07676364473785349 (2460 plane wave)
 1 1.094128146006260 0.001562499999761243
 2 2.134888083925438 0.001562492093495492
 3 3.612299238242763 0.0001100565385093160
 4 4.645220459070912 3.867360000969330e-09
 5 8.335109852958404 0.000000000000000
 6 9.376041930169373 0.000000000000000
 7 11.14355150923681 0.000000000000000
 8 13.28305241237669 0.000000000000000
 9 14.37231961289217 0.000000000000000
 10 15.72911813198959 0.000000000000000
 11 16.77781385277502 0.000000000000000
 12 17.09765379600088 0.000000000000000

 spin=1 k-point=1132/1284 Cartesian=0.1363183149498352 0.1236767963070574 -0.07676364473785301 (2450 plane wave)
 1 2.147557355923261 0.001562491025584165
 2 2.163016368411447 0.001562489525255781
 3 3.421601791027753 0.0005278405376906378
 4 3.461698943797112 0.0003978784136392805
 5 8.266215220561994 0.000000000000000
 6 9.320297337753559 0.000000000000000
 7 12.14827924266260 0.000000000000000
 8 12.20706159979066 0.000000000000000
 9 15.02800956569765 0.000000000000000
 10 15.32432071672451 0.000000000000000
 11 16.40356885393950 0.000000000000000
 12 16.85643497586937 0.000000000000000

 spin=1 k-point=1133/1284 Cartesian=0.1168442699570017 0.1124334511882340 -0.07676364473785301 (2460 plane wave)
 1 1.094128147868268 0.001562499999761243
 2 2.134888075731820 0.001562492093496140
 3 3.612299258465195 0.0001100565178208389
 4 4.645220442995468 3.867360622663259e-09
 5 8.335109840249313 0.000000000000000
 6 9.376041959801672 0.000000000000000
 7 11.14355149119066 0.000000000000000
 8 13.28305239736038 0.000000000000000
 9 14.37231966912880 0.000000000000000
 10 15.72911802493794 0.000000000000000
 11 16.77781405131545 0.000000000000000
 12 17.09765366582149 0.000000000000000

 spin=1 k-point=1134/1284 Cartesian=0.09737022496416814 0.1011901060694107 -0.07676364473785301 (2462 plane wave)
 1 0.1298316209508037 0.001562500000000021
 2 1.211863010888897 0.001562499999224971
 3 4.978015033342152 1.387096932470939e-10
 4 6.039315995460411 3.411412259585151e-15
 5 8.530065312880955 0.000000000000000
 6 9.484933452535518 0.000000000000000
 7 10.35790706019455 0.000000000000000
 8 13.23759125357707 0.000000000000000
 9 14.86204539306435 0.000000000000000
 10 16.07006332789055 0.000000000000000
 11 17.10538373745223 0.000000000000000
 12 18.06205199290502 0.000000000000000

 spin=1 k-point=1135/1284 Cartesian=-0.07789617997133380 -0.08994676095058601 0.07676364473785349 (2468 plane wave)
 1 -0.6926178064454891 0.001562500000000037
 2 0.3971568480593209 0.001562499999999812
 3 6.519121000042514 0.000000000000000
 4 7.552643160895818 0.000000000000000
 5 8.728952060673928 0.000000000000000
 6 9.391766184277055 0.000000000000000
 7 10.23958602446416 0.000000000000000
 8 12.53173474493962 0.000000000000000
 9 16.04444219037597 0.000000000000000
 10 16.65237604355415 0.000000000000000
 11 17.57286269775843 0.000000000000000
 12 18.82180982090300 0.000000000000000

 spin=1 k-point=1136/1284 Cartesian=-0.05842213497850025 -0.07870341583176269 0.07676364473785349 (2469 plane wave)
 1 -1.367584192104306 0.001562500000000037
 2 -0.2747681968627683 0.001562500000000036
 3 8.032061344474542 0.000000000000000
 4 8.521641128682534 0.000000000000000
 5 9.161576508487853 0.000000000000000
 6 9.789065525982760 0.000000000000000
 7 10.66225613574219 0.000000000000000
 8 11.96091999851502 0.000000000000000
 9 16.77479755361018 0.000000000000000
 10 17.61301304464380 0.000000000000000
 11 18.46648538733224 0.000000000000000
 12 19.02234725159188 0.000000000000000

 spin=1 k-point=1137/1284 Cartesian=-0.03894808998566670 -0.06746007071293934 0.07676364473785349 (2472 plane wave)
 1 -1.893373565817165 0.001562500000000037
 2 -0.7990097310427049 0.001562500000000037
 3 7.874115580913981 0.000000000000000
 4 9.989508226778094 0.000000000000000
 5 10.13980703198462 0.000000000000000
 6 10.89003369872160 0.000000000000000
 7 11.44659475130762 0.000000000000000
 8 11.79836033991844 0.000000000000000
 9 17.26382132376692 0.000000000000000
 10 17.55532825396704 0.000000000000000
 11 18.51126351693020 0.000000000000000
 12 18.55522850737054 0.000000000000000

 spin=1 k-point=1138/1284 Cartesian=-0.01947404499283316 -0.05621672559411601 0.07676364473785349 (2484 plane wave)
 1 -2.269268205639714 0.001562500000000037
 2 -1.174049516533429 0.001562500000000037
 3 7.547660431563191 0.000000000000000
 4 10.55136089694075 0.000000000000000
 5 11.17758098042612 0.000000000000000
 6 11.87430683515390 0.000000000000000
 7 12.47548007233366 0.000000000000000
 8 13.30852440098148 0.000000000000000
 9 15.97300061441095 0.000000000000000
 10 16.96021882632985 0.000000000000000
 11 18.35812924997922 0.000000000000000
 12 19.30428096108234 0.000000000000000

 spin=1 k-point=1139/1284 Cartesian=0.000000000000000 -0.02248669023764622 0.07676364473785349 (2470 plane wave)
 1 -2.720641675491336 0.001562500000000037
 2 -1.624585091471772 0.001562500000000037
 3 7.129317920619086 0.000000000000000
 4 10.36318243109422 0.000000000000000
 5 14.04852752039414 0.000000000000000
 6 14.78864008800079 0.000000000000000
 7 15.05914577647098 0.000000000000000
 8 15.89134235975554 0.000000000000000
 9 15.92986118054407 0.000000000000000
 10 16.82691863380085 0.000000000000000
 11 17.26112019359882 0.000000000000000
 12 18.35951888466040 0.000000000000000

 spin=1 k-point=1140/1284 Cartesian=0.01947404499283394 -0.01124334511882265 0.07676364473785349 (2470 plane wave)
 1 -2.720641675475572 0.001562500000000037
 2 -1.624585091500605 0.001562500000000037
 3 7.129317920867303 0.000000000000000
 4 10.36318243021571 0.000000000000000
 5 14.04852752566045 0.000000000000000
 6 14.78864008945669 0.000000000000000
 7 15.05914575789068 0.000000000000000
 8 15.89134236080475 0.000000000000000
 9 15.92986119736226 0.000000000000000
 10 16.82691863882152 0.000000000000000
 11 17.26112019732594 0.000000000000000
 12 18.35951888723037 0.000000000000000

 spin=1 k-point=1141/1284 Cartesian=0.03894808998566748 0.000000000000000 0.07676364473785349 (2479 plane wave)
 1 -2.570149583407931 0.001562500000000037
 2 -1.474352096748343 0.001562500000000037
 3 7.270936543391391 0.000000000000000
 4 10.48108892907986 0.000000000000000
 5 12.98538151071718 0.000000000000000
 6 13.06705693297828 0.000000000000000
 7 14.14685404482070 0.000000000000000
 8 14.21398666100339 0.000000000000000
 9 16.58397479375963 0.000000000000000
 10 16.88904902441150 0.000000000000000
 11 17.82305080659893 0.000000000000000
 12 18.06913047180045 0.000000000000000

 spin=1 k-point=1142/1284 Cartesian=0.05842213497850103 0.01124334511882402 0.07676364473785349 (2484 plane wave)
 1 -2.269268205574393 0.001562500000000037
 2 -1.174049516666827 0.001562500000000037
 3 7.547660432645022 0.000000000000000
 4 10.55136088653038 0.000000000000000
 5 11.17758099068221 0.000000000000000
 6 11.87430683331910 0.000000000000000
 7 12.47548007509018 0.000000000000000
 8 13.30852440078418 0.000000000000000
 9 15.97300061430520 0.000000000000000
 10 16.96021882434177 0.000000000000000
 11 18.35812925111145 0.000000000000000
 12 19.30428095847621 0.000000000000000

 spin=1 k-point=1143/1284 Cartesian=0.07789617997133459 0.02248669023764736 0.07676364473785349 (2470 plane wave)
 1 -1.818239385790781 0.001562500000000037
 2 -0.7240866261195278 0.001562500000000037
 3 7.910513193361583 0.000000000000000
 4 9.056054499687971 0.000000000000000
 5 10.10582963708847 0.000000000000000
 6 11.06382343456631 0.000000000000000
 7 11.75130916489897 0.000000000000000
 8 12.59041991136488 0.000000000000000
 9 15.27367936116481 0.000000000000000
 10 16.27733199143580 0.000000000000000
 11 19.03746549719602 0.000000000000000
 12 19.89342643712156 0.000000000000000

 spin=1 k-point=1144/1284 Cartesian=0.09737022496416814 0.03373003535647069 0.07676364473785349 (2468 plane wave)
 1 -1.217551916540694 0.001562500000000037
 2 -0.1253999325646566 0.001562500000000036
 3 7.164313646470997 0.000000000000000
 4 8.117676749721570 0.000000000000000
 5 8.850097428987024 0.000000000000000
 6 10.76958746571392 0.000000000000000
 7 11.74756006232425 0.000000000000000
 8 12.21031065829768 0.000000000000000
 9 14.68648132727782 0.000000000000000
 10 15.64842658639315 0.000000000000000
 11 17.43667615556157 0.000000000000000
 12 20.23184918612637 0.000000000000000

 spin=1 k-point=1145/1284 Cartesian=0.1168442699570017 0.04497338047529403 0.07676364473785349 (2466 plane wave)
 1 -0.4682660580598173 0.001562500000000037
 2 0.6194558702379075 0.001562499999997964
 3 5.568204554518960 3.792675608156029e-13
 4 6.633270115433620 0.000000000000000
 5 9.349161904674210 0.000000000000000
 6 10.39644217377367 0.000000000000000
 7 11.46015540054749 0.000000000000000
 8 12.66788305921597 0.000000000000000
 9 14.19803742370616 0.000000000000000
 10 15.02553369103918 0.000000000000000
 11 16.13279744990529 0.000000000000000
 12 18.83399072938481 0.000000000000000

 spin=1 k-point=1146/1284 Cartesian=0.1363183149498352 0.05621672559411737 0.07676364473785349 (2462 plane wave)
 1 0.4267196256700620 0.001562499999999735
 2 1.499367781145770 0.001562499986260995
 3 4.100723959231722 8.951290202870418e-07
 4 5.164309515916560 2.152979961689783e-11
 5 9.846423166752755 0.000000000000000
 6 10.39074625342766 0.000000000000000
 7 11.23646698884136 0.000000000000000
 8 13.28710826534345 0.000000000000000
 9 13.56667365424667 0.000000000000000
 10 14.45751997659583 0.000000000000000
 11 15.48358062981211 0.000000000000000
 12 17.45786812254905 0.000000000000000

 spin=1 k-point=1147/1284 Cartesian=0.1557923599426688 0.06746007071294069 0.07676364473785349 (2452 plane wave)
 1 1.454055020683831 0.001562499991266994
 2 2.302666616582730 0.001562457671971144
 3 3.000414437016465 0.001518395222367313
 4 3.846811747033064 1.126468783973538e-05
 5 9.823761983951988 0.000000000000000
 6 10.78255175661130 0.000000000000000
 7 11.53848000886520 0.000000000000000
 8 12.52295806573456 0.000000000000000
 9 13.60476692995641 0.000000000000000
 10 14.51073445843627 0.000000000000000
 11 15.49943558499719 0.000000000000000
 12 16.26919078333265 0.000000000000000

 spin=1 k-point=1148/1284 Cartesian=0.1363183149498352 0.1011901060694107 -0.07676364473785301 (2452 plane wave)
 1 1.454055024913586 0.001562499991266994
 2 2.302666593364318 0.001562457671980972
 3 3.000414471445207 0.001518395207611208
 4 3.846811730716218 1.126468966452648e-05
 5 9.823761966858335 0.000000000000000
 6 10.78255182004848 0.000000000000000
 7 11.53847994199177 0.000000000000000
 8 12.52295809885562 0.000000000000000
 9 13.60476694991342 0.000000000000000
 10 14.51073434259653 0.000000000000000
 11 15.49943573759852 0.000000000000000
 12 16.26919071373716 0.000000000000000

 spin=1 k-point=1149/1284 Cartesian=0.1168442699570017 0.08994676095058737 -0.07676364473785301 (2462 plane wave)
 1 0.4267196267070207 0.001562499999999735
 2 1.499367777699422 0.001562499986260996
 3 4.100723975171827 8.951288776842495e-07
 4 5.164309499109101 2.152980323551100e-11
 5 9.846423085027142 0.000000000000000
 6 10.39074642141833 0.000000000000000
 7 11.23646689501049 0.000000000000000
 8 13.28710826195831 0.000000000000000
 9 13.56667377034125 0.000000000000000
 10 14.45751974022060 0.000000000000000
 11 15.48358079900576 0.000000000000000
 12 17.45786808433431 0.000000000000000

 spin=1 k-point=1150/1284 Cartesian=-0.09737022496416733 -0.07870341583176267 0.07676364473785349 (2466 plane wave)
 1 -0.4682660577928935 0.001562500000000037
 2 0.6194558694989050 0.001562499999997964
 3 5.568204573008310 3.792674906914872e-13
 4 6.633270087337638 0.000000000000000
 5 9.349161881418322 0.000000000000000
 6 10.39644226926548 0.000000000000000
 7 11.46015532348519 0.000000000000000
 8 12.66788307410090 0.000000000000000
 9 14.19803749846025 0.000000000000000
 10 15.02553351999752 0.000000000000000
 11 16.13279756787904 0.000000000000000
 12 18.83399070143587 0.000000000000000

 spin=1 k-point=1151/1284 Cartesian=-0.07789617997133380 -0.06746007071293934 0.07676364473785349 (2468 plane wave)
 1 -1.217551916517432 0.001562500000000037
 2 -0.1253999326573008 0.001562500000000036
 3 7.164313689263629 0.000000000000000
 4 8.117676632428232 0.000000000000000
 5 8.850097492776943 0.000000000000000
 6 10.76958754280878 0.000000000000000
 7 11.74755994146401 0.000000000000000
 8 12.21031071129203 0.000000000000000
 9 14.68648136528451 0.000000000000000
 10 15.64842651624310 0.000000000000000
 11 17.43667620318204 0.000000000000000
 12 20.23184916950444 0.000000000000000

 spin=1 k-point=1152/1284 Cartesian=-0.05842213497850025 -0.05621672559411600 0.07676364473785349 (2470 plane wave)
 1 -1.818239385842285 0.001562500000000037
 2 -0.7240866260348290 0.001562500000000037
 3 7.910513213314117 0.000000000000000
 4 9.056054431424728 0.000000000000000
 5 10.10582968757182 0.000000000000000
 6 11.06382349076124 0.000000000000000
 7 11.75130909303543 0.000000000000000
 8 12.59041992295226 0.000000000000000
 9 15.27367938484326 0.000000000000000
 10 16.27733196008503 0.000000000000000
 11 19.03746549978806 0.000000000000000
 12 19.89342642995769 0.000000000000000

 spin=1 k-point=1153/1284 Cartesian=-0.03894808998566670 -0.04497338047529267 0.07676364473785349 (2484 plane wave)
 1 -2.269268205635715 0.001562500000000037
 2 -1.174049516555899 0.001562500000000037
 3 7.547660432932113 0.000000000000000
 4 10.55136085915959 0.000000000000000
 5 11.17758104218954 0.000000000000000
 6 11.87430680979739 0.000000000000000
 7 12.47548007365753 0.000000000000000
 8 13.30852439923136 0.000000000000000
 9 15.97300062888924 0.000000000000000
 10 16.96021881821916 0.000000000000000
 11 18.35812921327840 0.000000000000000
 12 19.30428099240054 0.000000000000000

 spin=1 k-point=1154/1284 Cartesian=-0.01947404499283316 -0.03373003535646933 0.07676364473785349 (2479 plane wave)
 1 -2.570149583452014 0.001562500000000037
 2 -1.474352096667614 0.001562500000000037
 3 7.270936542787058 0.000000000000000
 4 10.48108893136531 0.000000000000000
 5 12.98538150551726 0.000000000000000
 6 13.06705693529506 0.000000000000000
 7 14.14685403989453 0.000000000000000
 8 14.21398666579943 0.000000000000000
 9 16.58397479363891 0.000000000000000
 10 16.88904902722042 0.000000000000000
 11 17.82305080796884 0.000000000000000
 12 18.06913046875856 0.000000000000000

 spin=1 k-point=1155/1284 Cartesian=0.000000000000000 0.000000000000000 0.09595455592231543 (2484 plane wave)
 1 -2.302429212503728 0.0007812500000000184
 2 -2.302427551150242 0.0007812500000000184
 3 8.629282489406091 0.000000000000000
 4 8.629282583642459 0.000000000000000
 5 16.21075557171753 0.000000000000000
 6 16.21075558412461 0.000000000000000
 7 16.21075724307756 0.000000000000000
 8 16.21075725773529 0.000000000000000
 9 16.67928134192413 0.000000000000000
 10 16.67928136270941 0.000000000000000
 11 16.67928318349560 0.000000000000000
 12 16.67928319008805 0.000000000000000

 spin=1 k-point=1156/1284 Cartesian=0.01947404499283394 0.01124334511882356 0.09595455592231543 (2472 plane wave)
 1 -2.227224389204198 0.001562500000000037
 2 -2.227222727564236 0.001562500000000037
 3 8.698241921312894 0.000000000000000
 4 8.698242018700315 0.000000000000000
 5 14.51794719247537 0.000000000000000
 6 14.51794890816274 0.000000000000000
 7 15.28506082530362 0.000000000000000
 8 15.28506256591157 0.000000000000000
 9 16.32397429679203 0.000000000000000
 10 16.32397595893347 0.000000000000000
 11 17.75592866316083 0.000000000000000
 12 17.75593043495505 0.000000000000000

 spin=1 k-point=1157/1284 Cartesian=0.03894808998566748 0.02248669023764690 0.09595455592231543 (2480 plane wave)
 1 -2.001670263072343 0.001562500000000037
 2 -2.001668600540524 0.001562500000000037
 3 8.899073740039341 0.000000000000000
 4 8.899073853173093 0.000000000000000
 5 12.45280988057337 0.000000000000000
 6 12.45281156666117 0.000000000000000
 7 14.30996405521280 0.000000000000000
 8 14.30996580333836 0.000000000000000
 9 15.55642557198835 0.000000000000000
 10 15.55642713178272 0.000000000000000
 11 19.18340090035560 0.000000000000000
 12 19.18340266352373 0.000000000000000

 spin=1 k-point=1158/1284 Cartesian=0.05842213497850103 0.03373003535647023 0.09595455592231543 (2468 plane wave)
 1 -1.625971755037552 0.001562500000000037
 2 -1.625970090894873 0.001562500000000037
 3 9.170214683615983 0.000000000000000
 4 9.170214937844602 0.000000000000000
 5 10.55584239425368 0.000000000000000
 6 10.55584392962038 0.000000000000000
 7 13.47900019652104 0.000000000000000
 8 13.47900194706432 0.000000000000000
 9 14.81294034929709 0.000000000000000
 10 14.81294185283957 0.000000000000000
 11 20.76560075704652 0.000000000000000
 12 20.76560251349396 0.000000000000000

 spin=1 k-point=1159/1284 Cartesian=0.07789617997133459 0.04497338047529358 0.09595455592231543 (2470 plane wave)
 1 -1.100575570473463 0.001562500000000037
 2 -1.100573903741743 0.001562500000000037
 3 8.426673213376146 0.000000000000000
 4 8.426674750322288 0.000000000000000
 5 9.943699924854556 0.000000000000000
 6 9.943700181894135 0.000000000000000
 7 12.79778474989396 0.000000000000000
 8 12.79778650153572 0.000000000000000
 9 14.17945270982224 0.000000000000000
 10 14.17945416696793 0.000000000000000
 11 19.63164929075315 0.000000000000000
 12 19.63164936635083 0.000000000000000

 spin=1 k-point=1160/1284 Cartesian=0.09737022496416814 0.05621672559411691 0.09595455592231543 (2462 plane wave)
 1 -0.4264740486495771 0.001562500000000037
 2 -0.4264723777439572 0.001562500000000037
 3 6.790281114617795 0.000000000000000
 4 6.790282757344633 0.000000000000000
 5 10.49655797154871 0.000000000000000
 6 10.49655814968154 0.000000000000000
 7 12.26750255682433 0.000000000000000
 8 12.26750430905451 0.000000000000000
 9 13.67980237083691 0.000000000000000
 10 13.67980376452679 0.000000000000000
 11 18.01053841521279 0.000000000000000
 12 18.01053848343942 0.000000000000000

 spin=1 k-point=1161/1284 Cartesian=0.1168442699570017 0.06746007071294025 0.09595455592231543 (2476 plane wave)
 1 0.3936129777165620 0.001562499999999820
 2 0.3936146561103012 0.001562499999999820
 3 5.242361858934361 9.864223169515605e-12
 4 5.242363502534114 9.864061042461673e-12
 5 11.21442885497186 0.000000000000000
 6 11.21442911525084 0.000000000000000
 7 11.88856569203639 0.000000000000000
 8 11.88856744463537 0.000000000000000
 9 13.32541242082335 0.000000000000000
 10 13.32541367762907 0.000000000000000
 11 16.54588766385892 0.000000000000000
 12 16.54588776058495 0.000000000000000

 spin=1 k-point=1162/1284 Cartesian=0.1363183149498352 0.07870341583176359 0.09595455592231543 (2460 plane wave)
 1 1.347456945081803 0.001562499996992466
 2 1.347458641675578 0.001562499996992414
 3 3.847039811239726 1.123921097118836e-05
 4 3.847041432781007 1.123903003507465e-05
 5 11.66115171785476 0.000000000000000
 6 11.66115347061322 0.000000000000000
 7 11.95400857334726 0.000000000000000
 8 11.95400915709965 0.000000000000000
 9 13.13302576501020 0.000000000000000
 10 13.13302659446423 0.000000000000000
 11 15.33767757217487 0.000000000000000
 12 15.33767776213921 0.000000000000000

 spin=1 k-point=1163/1284 Cartesian=0.1557923599426688 0.08994676095058692 0.09595455592231543 (2456 plane wave)
 1 2.176733710840172 0.0007812439925982169
 2 2.176735472636430 0.0007812439924923787
 3 2.870113407822814 0.0007751323258816168
 4 2.870114878825621 0.0007751322365944774
 5 11.58533945560941 0.000000000000000
 6 11.58534120841522 0.000000000000000
 7 12.33917567337377 0.000000000000000
 8 12.33917685543834 0.000000000000000
 9 13.10875581679739 0.000000000000000
 10 13.10875590751509 0.000000000000000
 11 14.75625916504060 0.000000000000000
 12 14.75625950720279 0.000000000000000

 spin=1 k-point=1164/1284 Cartesian=0.000000000000000 0.02248669023764713 0.09595455592231543 (2472 plane wave)
 1 -2.227224389210398 0.001562500000000037
 2 -2.227222727555258 0.001562500000000037
 3 8.698241921349128 0.000000000000000
 4 8.698242018726258 0.000000000000000
 5 14.51794719594648 0.000000000000000
 6 14.51794890688090 0.000000000000000
 7 15.28506082372264 0.000000000000000
 8 15.28506256101271 0.000000000000000
 9 16.32397429073360 0.000000000000000
 10 16.32397596992871 0.000000000000000
 11 17.75592866334302 0.000000000000000
 12 17.75593043314635 0.000000000000000

 spin=1 k-point=1165/1284 Cartesian=0.01947404499283394 0.03373003535647069 0.09595455592231543 (2478 plane wave)
 1 -2.076844211550982 0.001562500000000037
 2 -2.076842549259224 0.001562500000000037
 3 8.833708281164503 0.000000000000000
 4 8.833708387126284 0.000000000000000
 5 13.32190963708995 0.000000000000000
 6 13.32191133452748 0.000000000000000
 7 13.77310031239233 0.000000000000000
 8 13.77310191741834 0.000000000000000
 9 16.94359700831310 0.000000000000000
 10 16.94359873241253 0.000000000000000
 11 17.64151120080125 0.000000000000000
 12 17.64151274001838 0.000000000000000

 spin=1 k-point=1166/1284 Cartesian=0.03894808998566748 0.04497338047529403 0.09595455592231543 (2484 plane wave)
 1 -1.776211285069848 0.001562500000000037
 2 -1.776209621480630 0.001562500000000037
 3 9.086495611207486 0.000000000000000
 4 9.086495756877939 0.000000000000000
 5 11.48007305745312 0.000000000000000
 6 11.48007472544496 0.000000000000000
 7 12.74591358265788 0.000000000000000
 8 12.74591520906469 0.000000000000000
 9 16.42633258900122 0.000000000000000
 10 16.42633422360388 0.000000000000000
 11 18.79449433002303 0.000000000000000
 12 18.79449593976125 0.000000000000000

 spin=1 k-point=1167/1284 Cartesian=0.05842213497850103 0.05621672559411736 0.09595455592231543 (2464 plane wave)
 1 -1.325634087769719 0.001562500000000037
 2 -1.325632422045588 0.001562500000000037
 3 9.139333211399473 0.000000000000000
 4 9.139334159406376 0.000000000000000
 5 9.941791719953681 0.000000000000000
 6 9.941792598156219 0.000000000000000
 7 12.00502878531564 0.000000000000000
 8 12.00503038803884 0.000000000000000
 9 15.73264449722283 0.000000000000000
 10 15.73264608341239 0.000000000000000
 11 20.13331715536289 0.000000000000000
 12 20.13331822285827 0.000000000000000

 spin=1 k-point=1168/1284 Cartesian=0.07789617997133459 0.06746007071294070 0.09595455592231543 (2466 plane wave)
 1 -0.7257721741289592 0.001562500000000037
 2 -0.7257705050376924 0.001562500000000037
 3 7.661264567804981 0.000000000000000
 4 7.661266194551605 0.000000000000000
 5 10.15424474636887 0.000000000000000
 6 10.15424507493376 0.000000000000000
 7 11.46820003714599 0.000000000000000
 8 11.46820150909528 0.000000000000000
 9 15.14239876242217 0.000000000000000
 10 15.14240030869687 0.000000000000000
 11 18.85058631146375 0.000000000000000
 12 18.85058638855358 0.000000000000000

 spin=1 k-point=1169/1284 Cartesian=0.09737022496416814 0.07870341583176405 0.09595455592231543 (2462 plane wave)
 1 0.02179052185202316 0.001562500000000032
 2 0.02179219653327589 0.001562500000000032
 3 6.053559093558539 2.958538339216397e-15
 4 6.053560740587910 2.958489611610320e-15
 5 10.50579905062559 0.000000000000000
 6 10.50580009568215 0.000000000000000
 7 11.35180511394529 0.000000000000000
 8 11.35180585369985 0.000000000000000
 9 14.66541396542087 0.000000000000000
 10 14.66541544734255 0.000000000000000
 11 17.32634921488834 0.000000000000000
 12 17.32634931538832 0.000000000000000

 spin=1 k-point=1170/1284 Cartesian=0.1168442699570017 0.08994676095058737 0.09595455592231543 (2464 plane wave)
 1 0.9117969931121764 0.001562499999961474
 2 0.9117986789217104 0.001562499999961473
 3 4.577708369880972 7.596524002537686e-09
 4 4.577710007042122 7.596399636790121e-09
 5 10.42956954149828 0.000000000000000
 6 10.42957109822235 0.000000000000000
 7 11.95580777348086 0.000000000000000
 8 11.95580802895539 0.000000000000000
 9 14.25282272952072 0.000000000000000
 10 14.25282403218820 0.000000000000000
 11 16.03072726405697 0.000000000000000
 12 16.03072750202417 0.000000000000000

 spin=1 k-point=1171/1284 Cartesian=0.1363183149498352 0.1011901060694107 0.09595455592231543 (2448 plane wave)
 1 1.904492609559071 0.001562499210428605
 2 1.904494331805420 0.001562499210415007
 3 3.290311666079144 0.001023005717358246
 4 3.290313247924297 0.001023000129954959
 5 10.32128328451721 0.000000000000000
 6 10.32128491093294 0.000000000000000
 7 12.81840671353152 0.000000000000000
 8 12.81840695198905 0.000000000000000
 9 13.70873294365623 0.000000000000000
 10 13.70873380313847 0.000000000000000
 11 15.22925412311356 0.000000000000000
 12 15.22925474545898 0.000000000000000

 spin=1 k-point=1172/1284 Cartesian=0.1557923599426688 0.1124334511882340 0.09595455592231543 (2448 plane wave)
 1 1.904492610027591 0.001562499210428601
 2 1.904494331301106 0.001562499210415010
 3 3.290311665422889 0.001023005719676269
 4 3.290313248632050 0.001023000127455025
 5 10.32128328370969 0.000000000000000
 6 10.32128491147713 0.000000000000000
 7 12.81840672111466 0.000000000000000
 8 12.81840694620504 0.000000000000000
 9 13.70873293594589 0.000000000000000
 10 13.70873380886844 0.000000000000000
 11 15.22925412391985 0.000000000000000
 12 15.22925474511902 0.000000000000000

 spin=1 k-point=1173/1284 Cartesian=0.1363183149498352 0.05621672559411737 0.09595455592231543 (2464 plane wave)
 1 0.9117969935221057 0.001562499999961474
 2 0.9117986784790569 0.001562499999961473
 3 4.577708368913198 7.596524076054470e-09
 4 4.577710008079105 7.596399558017124e-09
 5 10.42956953819826 0.000000000000000
 6 10.42957110055770 0.000000000000000
 7 11.95580778222464 0.000000000000000
 8 11.95580802230340 0.000000000000000
 9 14.25282272336845 0.000000000000000
 10 14.25282403661207 0.000000000000000
 11 16.03072726388864 0.000000000000000
 12 16.03072750276462 0.000000000000000

 spin=1 k-point=1174/1284 Cartesian=0.1168442699570017 0.04497338047529403 0.09595455592231543 (2462 plane wave)
 1 0.02179052216987013 0.001562500000000032
 2 0.02179219619084948 0.001562500000000032
 3 6.053559092250381 2.958538377918737e-15
 4 6.053560741989162 2.958489570154424e-15
 5 10.50579904198876 0.000000000000000
 6 10.50580010221048 0.000000000000000
 7 11.35180512735892 0.000000000000000
 8 11.35180584320791 0.000000000000000
 9 14.66541396125828 0.000000000000000
 10 14.66541545028561 0.000000000000000
 11 17.32634921315555 0.000000000000000
 12 17.32634931748912 0.000000000000000

 spin=1 k-point=1175/1284 Cartesian=0.09737022496416814 0.03373003535647069 0.09595455592231543 (2466 plane wave)
 1 -0.7257721738884215 0.001562500000000037
 2 -0.7257705052970393 0.001562500000000037
 3 7.661264566172314 0.000000000000000
 4 7.661266196297758 0.000000000000000
 5 10.15424474002915 0.000000000000000
 6 10.15424508018511 0.000000000000000
 7 11.46820004810857 0.000000000000000
 8 11.46820149987190 0.000000000000000
 9 15.14239875941565 0.000000000000000
 10 15.14240031075714 0.000000000000000
 11 18.85058630853478 0.000000000000000
 12 18.85058639198526 0.000000000000000

 spin=1 k-point=1176/1284 Cartesian=0.07789617997133459 0.02248669023764736 0.09595455592231543 (2464 plane wave)
 1 -1.325634087594068 0.001562500000000037
 2 -1.325632422235051 0.001562500000000037
 3 9.139333211941240 0.000000000000000
 4 9.139334158643042 0.000000000000000
 5 9.941791711961310 0.000000000000000
 6 9.941792606193538 0.000000000000000
 7 12.00502879528053 0.000000000000000
 8 12.00503037891405 0.000000000000000
 9 15.73264449505170 0.000000000000000
 10 15.73264608467093 0.000000000000000
 11 20.13331715842298 0.000000000000000
 12 20.13331822302906 0.000000000000000

 spin=1 k-point=1177/1284 Cartesian=0.05842213497850103 0.01124334511882402 0.09595455592231543 (2484 plane wave)
 1 -1.776211284950056 0.001562500000000037
 2 -1.776209621609925 0.001562500000000037
 3 9.086495611175634 0.000000000000000
 4 9.086495756618248 0.000000000000000
 5 11.48007304592994 0.000000000000000
 6 11.48007473767264 0.000000000000000
 7 12.74591359653755 0.000000000000000
 8 12.74591519538700 0.000000000000000
 9 16.42633258791586 0.000000000000000
 10 16.42633422335088 0.000000000000000
 11 18.79449433438246 0.000000000000000
 12 18.79449593623794 0.000000000000000

 spin=1 k-point=1178/1284 Cartesian=0.03894808998566748 0.000000000000000 0.09595455592231543 (2478 plane wave)
 1 -2.076844211481292 0.001562500000000037
 2 -2.076842549334521 0.001562500000000037
 3 8.833708281070953 0.000000000000000
 4 8.833708387076925 0.000000000000000
 5 13.32190960704874 0.000000000000000
 6 13.32191136656129 0.000000000000000
 7 13.77310034399107 0.000000000000000
 8 13.77310188486851 0.000000000000000
 9 16.94359701231555 0.000000000000000
 10 16.94359872247350 0.000000000000000
 11 17.64151120451906 0.000000000000000
 12 17.64151274154149 0.000000000000000

 spin=1 k-point=1179/1284 Cartesian=-0.01947404499283316 0.01124334511882402 0.09595455592231543 (2472 plane wave)
 1 -2.227224389187449 0.001562500000000037
 2 -2.227222727580079 0.001562500000000037
 3 8.698241921316331 0.000000000000000
 4 8.698242018716419 0.000000000000000
 5 14.51794718722786 0.000000000000000
 6 14.51794891613252 0.000000000000000
 7 15.28506082584533 0.000000000000000
 8 15.28506256170501 0.000000000000000
 9 16.32397430607107 0.000000000000000
 10 16.32397594732548 0.000000000000000
 11 17.75592866895887 0.000000000000000
 12 17.75593043355074 0.000000000000000

 spin=1 k-point=1180/1284 Cartesian=0.000000000000000 0.04497338047529380 0.09595455592231543 (2480 plane wave)
 1 -2.001670263098910 0.001562500000000037
 2 -2.001668600502760 0.001562500000000037
 3 8.899073740263862 0.000000000000000
 4 8.899073853284063 0.000000000000000
 5 12.45280988267778 0.000000000000000
 6 12.45281156475936 0.000000000000000
 7 14.30996405403134 0.000000000000000
 8 14.30996579920294 0.000000000000000
 9 15.55642556731347 0.000000000000000
 10 15.55642714143736 0.000000000000000
 11 19.18340090017836 0.000000000000000
 12 19.18340266118965 0.000000000000000

 spin=1 k-point=1181/1284 Cartesian=0.01947404499283394 0.05621672559411736 0.09595455592231543 (2484 plane wave)
 1 -1.776211285091980 0.001562500000000037
 2 -1.776209621449905 0.001562500000000037
 3 9.086495611546971 0.000000000000000
 4 9.086495757010804 0.000000000000000
 5 11.48007305783831 0.000000000000000
 6 11.48007472451958 0.000000000000000
 7 12.74591358188585 0.000000000000000
 8 12.74591520900112 0.000000000000000
 9 16.42633258601369 0.000000000000000
 10 16.42633422755668 0.000000000000000
 11 18.79449433241946 0.000000000000000
 12 18.79449593709698 0.000000000000000

 spin=1 k-point=1182/1284 Cartesian=0.03894808998566748 0.06746007071294069 0.09595455592231543 (2492 plane wave)
 1 -1.400680080190049 0.001562500000000037
 2 -1.400678414736691 0.001562500000000037
 3 9.336214694056395 0.000000000000000
 4 9.336214987826105 0.000000000000000
 5 10.39082210254499 0.000000000000000
 6 10.39082380521407 0.000000000000000
 7 11.18639498690575 0.000000000000000
 8 11.18639632458313 0.000000000000000
 9 17.62301320618680 0.000000000000000
 10 17.62301492630409 0.000000000000000
 11 18.29688533622134 0.000000000000000
 12 18.29688674229047 0.000000000000000

 spin=1 k-point=1183/1284 Cartesian=0.05842213497850103 0.07870341583176403 0.09595455592231543 (2466 plane wave)
 1 -0.8755373619936310 0.001562500000000037
 2 -0.8755356936930814 0.001562500000000037
 3 8.638697206505366 0.000000000000000
 4 8.638698783047854 0.000000000000000
 5 9.605133957365702 0.000000000000000
 6 9.605135021629247 0.000000000000000
 7 10.66604334986959 0.000000000000000
 8 10.66604409152548 0.000000000000000
 9 17.24034420816287 0.000000000000000
 10 17.24034580368172 0.000000000000000
 11 19.35065569584934 0.000000000000000
 12 19.35065673370740 0.000000000000000

 spin=1 k-point=1184/1284 Cartesian=0.07789617997133459 0.08994676095058737 0.09595455592231543 (2470 plane wave)
 1 -0.2017958089805134 0.001562500000000036
 2 -0.2017941361784157 0.001562500000000036
 3 7.001450699639244 0.000000000000000
 4 7.001452353486213 0.000000000000000
 5 9.337343404803377 0.000000000000000
 6 9.337344901318898 0.000000000000000
 7 10.99548543075191 0.000000000000000
 8 10.99548566515363 0.000000000000000
 9 16.65861456635762 0.000000000000000
 10 16.65861602063191 0.000000000000000
 11 18.25736912512297 0.000000000000000
 12 18.25736930985027 0.000000000000000

 spin=1 k-point=1185/1284 Cartesian=0.09737022496416814 0.1011901060694107 0.09595455592231543 (2458 plane wave)
 1 0.6178058117150267 0.001562499999997998
 2 0.6178074923863580 0.001562499999997998
 3 5.458486839689248 1.136171251881355e-12
 4 5.458488489413709 1.136152508336329e-12
 5 9.026753407411450 0.000000000000000
 6 9.026755001124675 0.000000000000000
 7 11.70717728962503 0.000000000000000
 8 11.70717742472998 0.000000000000000
 9 15.96675905069909 0.000000000000000
 10 15.96675998232502 0.000000000000000
 11 17.10227669931820 0.000000000000000
 12 17.10227737276287 0.000000000000000

 spin=1 k-point=1186/1284 Cartesian=0.1168442699570017 0.1124334511882340 0.09595455592231543 (2448 plane wave)
 1 1.571106661559955 0.001562499971847696
 2 1.571108360636828 0.001562499971847218
 3 4.066054796070632 1.265752667008351e-06
 4 4.066056422476040 1.265732097577059e-06
 5 8.822367579577843 0.000000000000000
 6 8.822369196979663 0.000000000000000
 7 12.58997781540304 0.000000000000000
 8 12.58997792834722 0.000000000000000
 9 14.93872918742684 0.000000000000000
 10 14.93872956138944 0.000000000000000
 11 16.57403832138494 0.000000000000000
 12 16.57403954255756 0.000000000000000

 spin=1 k-point=1187/1284 Cartesian=0.1363183149498352 0.1236767963070574 0.09595455592231543 (2438 plane wave)
 1 2.401070229752490 0.001562386767811086
 2 2.401071990974998 0.001562386765816941
 3 3.089146160697040 0.001459538815205279
 4 3.089147640622492 0.001459537391854673
 5 8.752590901323259 0.000000000000000
 6 8.752592523907255 0.000000000000000
 7 13.32224212082628 0.000000000000000
 8 13.32224219464351 0.000000000000000
 9 14.11371488035320 0.000000000000000
 10 14.11371518419647 0.000000000000000
 11 16.44294332287871 0.000000000000000
 12 16.44294465547779 0.000000000000000

 spin=1 k-point=1188/1284 Cartesian=0.1557923599426688 0.1349201414258807 0.09595455592231543 (2448 plane wave)
 1 1.571106662583143 0.001562499971847696
 2 1.571108359542438 0.001562499971847218
 3 4.066054794095471 1.265752691988767e-06
 4 4.066056424569902 1.265732071095831e-06
 5 8.822367579505691 0.000000000000000
 6 8.822369196801134 0.000000000000000
 7 12.58997782103273 0.000000000000000
 8 12.58997792384170 0.000000000000000
 9 14.93872918027740 0.000000000000000
 10 14.93872956719766 0.000000000000000
 11 16.57403832200287 0.000000000000000
 12 16.57403954226181 0.000000000000000

 spin=1 k-point=1189/1284 Cartesian=0.1363183149498352 0.03373003535647069 0.09595455592231543 (2458 plane wave)
 1 0.6178058125120096 0.001562499999997998
 2 0.6178074915332133 0.001562499999997998
 3 5.458486836814151 1.136171284547383e-12
 4 5.458488492458600 1.136152473741708e-12
 5 9.026753406924040 0.000000000000000
 6 9.026755001003012 0.000000000000000
 7 11.70717729592633 0.000000000000000
 8 11.70717741977824 0.000000000000000
 9 15.96675904353310 0.000000000000000
 10 15.96675998774700 0.000000000000000
 11 17.10227669845587 0.000000000000000
 12 17.10227737447211 0.000000000000000

 spin=1 k-point=1190/1284 Cartesian=0.1168442699570017 0.02248669023764735 0.09595455592231543 (2470 plane wave)
 1 -0.2017958083782627 0.001562500000000036
 2 -0.2017941368240792 0.001562500000000036
 3 7.001450695305334 0.000000000000000
 4 7.001452358048349 0.000000000000000
 5 9.337343402458112 0.000000000000000
 6 9.337344902484455 0.000000000000000
 7 10.99548544004161 0.000000000000000
 8 10.99548565765870 0.000000000000000
 9 16.65861456273599 0.000000000000000
 10 16.65861602283583 0.000000000000000
 11 18.25736911864386 0.000000000000000
 12 18.25736931705564 0.000000000000000

 spin=1 k-point=1191/1284 Cartesian=0.09737022496416814 0.01124334511882402 0.09595455592231543 (2466 plane wave)
 1 -0.8755373615490802 0.001562500000000037
 2 -0.8755356941708337 0.001562500000000037
 3 8.638697201020067 0.000000000000000
 4 8.638698788655098 0.000000000000000
 5 9.605133946435888 0.000000000000000
 6 9.605135031075669 0.000000000000000
 7 10.66604336893433 0.000000000000000
 8 10.66604407460628 0.000000000000000
 9 17.24034420683449 0.000000000000000
 10 17.24034580328411 0.000000000000000
 11 19.35065569725296 0.000000000000000
 12 19.35065673572662 0.000000000000000

 spin=1 k-point=1192/1284 Cartesian=0.07789617997133459 0.000000000000000 0.09595455592231543 (2492 plane wave)
 1 -1.400680079876093 0.001562500000000037
 2 -1.400678415074229 0.001562500000000037
 3 9.336214694515037 0.000000000000000
 4 9.336214985975511 0.000000000000000
 5 10.39082207220075 0.000000000000000
 6 10.39082383740456 0.000000000000000
 7 11.18639501917843 0.000000000000000
 8 11.18639629280244 0.000000000000000
 9 17.62301321069249 0.000000000000000
 10 17.62301491573461 0.000000000000000
 11 18.29688533498932 0.000000000000000
 12 18.29688674911302 0.000000000000000

 spin=1 k-point=1193/1284 Cartesian=0.05842213497850103 -0.01124334511882266 0.09595455592231543 (2484 plane wave)
 1 -1.776211284891490 0.001562500000000037
 2 -1.776209621665664 0.001562500000000037
 3 9.086495611017545 0.000000000000000
 4 9.086495756934442 0.000000000000000
 5 11.48007304352413 0.000000000000000
 6 11.48007474017590 0.000000000000000
 7 12.74591359815364 0.000000000000000
 8 12.74591519343697 0.000000000000000
 9 16.42633259188489 0.000000000000000
 10 16.42633421805487 0.000000000000000
 11 18.79449433262020 0.000000000000000
 12 18.79449593964874 0.000000000000000

 spin=1 k-point=1194/1284 Cartesian=-0.03894808998566670 0.02248669023764735 0.09595455592231543 (2480 plane wave)
 1 -2.001670263001148 0.001562500000000037
 2 -2.001668600607990 0.001562500000000037
 3 8.899073740011344 0.000000000000000
 4 8.899073853294842 0.000000000000000
 5 12.45280987591961 0.000000000000000
 6 12.45281157213928 0.000000000000000
 7 14.30996405704925 0.000000000000000
 8 14.30996579984569 0.000000000000000
 9 15.55642557848472 0.000000000000000
 10 15.55642712411823 0.000000000000000
 11 19.18340090493326 0.000000000000000
 12 19.18340266168057 0.000000000000000

 spin=1 k-point=1195/1284 Cartesian=-0.01947404499283316 0.03373003535647068 0.09595455592231543 (2478 plane wave)
 1 -2.076844211500119 0.001562500000000037
 2 -2.076842549307343 0.001562500000000037
 3 8.833708281194316 0.000000000000000
 4 8.833708387155655 0.000000000000000
 5 13.32190961765856 0.000000000000000
 6 13.32191135859389 0.000000000000000
 7 13.77310033222147 0.000000000000000
 8 13.77310189218035 0.000000000000000
 9 16.94359700801708 0.000000000000000
 10 16.94359872727675 0.000000000000000
 11 17.64151120708993 0.000000000000000
 12 17.64151274027722 0.000000000000000

 spin=1 k-point=1196/1284 Cartesian=0.000000000000000 0.06746007071294047 0.09595455592231543 (2468 plane wave)
 1 -1.625971755105526 0.001562500000000037
 2 -1.625970090801002 0.001562500000000037
 3 9.170214685002273 0.000000000000000
 4 9.170214938280457 0.000000000000000
 5 10.55584239455169 0.000000000000000
 6 10.55584392740963 0.000000000000000
 7 13.47900019547486 0.000000000000000
 8 13.47900194318264 0.000000000000000
 9 14.81294034536386 0.000000000000000
 10 14.81294186138784 0.000000000000000
 11 20.76560075674904 0.000000000000000
 12 20.76560251091963 0.000000000000000

 spin=1 k-point=1197/1284 Cartesian=0.01947404499283394 0.07870341583176403 0.09595455592231543 (2464 plane wave)
 1 -1.325634087840134 0.001562500000000037
 2 -1.325632421951753 0.001562500000000037
 3 9.139333214990536 0.000000000000000
 4 9.139334159623482 0.000000000000000
 5 9.941791716111275 0.000000000000000
 6 9.941792597361101 0.000000000000000
 7 12.00502878498736 0.000000000000000
 8 12.00503038792835 0.000000000000000
 9 15.73264449412797 0.000000000000000
 10 15.73264608708224 0.000000000000000
 11 20.13331715798618 0.000000000000000
 12 20.13331822483571 0.000000000000000

 spin=1 k-point=1198/1284 Cartesian=0.03894808998566748 0.08994676095058736 0.09595455592231543 (2466 plane wave)
 1 -0.8755373620485963 0.001562500000000037
 2 -0.8755356936235181 0.001562500000000037
 3 8.638697209709960 0.000000000000000
 4 8.638698782359011 0.000000000000000
 5 9.605133952970581 0.000000000000000
 6 9.605135021664061 0.000000000000000
 7 10.66604335001518 0.000000000000000
 8 10.66604409281667 0.000000000000000
 9 17.24034420514699 0.000000000000000
 10 17.24034580529872 0.000000000000000
 11 19.35065569825883 0.000000000000000
 12 19.35065673633420 0.000000000000000

 spin=1 k-point=1199/1284 Cartesian=0.05842213497850103 0.1011901060694107 0.09595455592231543 (2466 plane wave)
 1 -0.2763938976678011 0.001562500000000036
 2 -0.2763922253266646 0.001562500000000036
 3 7.894649438760905 0.000000000000000
 4 7.894651159535204 0.000000000000000
 5 8.335992601697640 0.000000000000000
 6 8.335994006237327 0.000000000000000
 7 10.89950864032340 0.000000000000000
 8 10.89950880979765 0.000000000000000
 9 18.49417857181216 0.000000000000000
 10 18.49417924907936 0.000000000000000
 11 18.72956255068274 0.000000000000000
 12 18.72956406721994 0.000000000000000

 spin=1 k-point=1200/1284 Cartesian=0.07789617997133459 0.1124334511882340 0.09595455592231543 (2468 plane wave)
 1 0.4701316282362754 0.001562499999999571
 2 0.4701333068872044 0.001562499999999571
 3 6.457230836586104 0.000000000000000
 4 6.457232516348579 0.000000000000000
 5 7.754175345245822 0.000000000000000
 6 7.754176909735862 0.000000000000000
 7 11.56780021995343 0.000000000000000
 8 11.56780032940409 0.000000000000000
 9 17.33618540087704 0.000000000000000
 10 17.33618565050277 0.000000000000000
 11 18.44700630918721 0.000000000000000
 12 18.44700702025880 0.000000000000000

 spin=1 k-point=1201/1284 Cartesian=0.09737022496416814 0.1236767963070574 0.09595455592231543 (2462 plane wave)
 1 1.358701911141223 0.001562499996634517
 2 1.358703601703537 0.001562499996634460
 3 5.005622538413347 1.052468048493352e-10
 4 5.005624193049510 1.052450634117395e-10
 5 7.446466789875180 0.000000000000000
 6 7.446468387650789 0.000000000000000
 7 12.40841187184156 0.000000000000000
 8 12.40841196587611 0.000000000000000
 9 15.99484793965958 0.000000000000000
 10 15.99484807183665 0.000000000000000
 11 18.11365448511058 0.000000000000000
 12 18.11365527684832 0.000000000000000

 spin=1 k-point=1202/1284 Cartesian=0.1168442699570017 0.1349201414258807 0.09595455592231543 (2454 plane wave)
 1 2.350132013267280 0.001562431960588721
 2 2.350133739280694 0.001562431959414393
 3 3.726068608920444 3.705267849933751e-05
 4 3.726070206769112 3.705210049746811e-05
 5 7.295686435567104 0.000000000000000
 6 7.295688041663780 0.000000000000000
 7 13.32788934957098 0.000000000000000
 8 13.32788943761214 0.000000000000000
 9 14.80753849895998 0.000000000000000
 10 14.80753860686424 0.000000000000000
 11 17.95325240042370 0.000000000000000
 12 17.95325321479862 0.000000000000000

 spin=1 k-point=1203/1284 Cartesian=0.1363183149498352 0.1461634865447040 0.09595455592231543 (2454 plane wave)
 1 2.350132015260583 0.001562431960587365
 2 2.350133737174361 0.001562431959415826
 3 3.726068605770457 3.705267963881479e-05
 4 3.726070210072340 3.705209930257565e-05
 5 7.295686436362921 0.000000000000000
 6 7.295688040780260 0.000000000000000
 7 13.32788935458888 0.000000000000000
 8 13.32788943327706 0.000000000000000
 9 14.80753849314784 0.000000000000000
 10 14.80753861205895 0.000000000000000
 11 17.95325240028118 0.000000000000000
 12 17.95325321513806 0.000000000000000

 spin=1 k-point=1204/1284 Cartesian=0.1557923599426688 0.1574068316635274 0.09595455592231543 (2462 plane wave)
 1 1.358701912783344 0.001562499996634517
 2 1.358703599964403 0.001562499996634460
 3 5.005622532862158 1.052468106917859e-10
 4 5.005624198796596 1.052450573632143e-10
 5 7.446466792727288 0.000000000000000
 6 7.446468384524169 0.000000000000000
 7 12.40841187726110 0.000000000000000
 8 12.40841196135470 0.000000000000000
 9 15.99484792980059 0.000000000000000
 10 15.99484808096708 0.000000000000000
 11 18.11365448374641 0.000000000000000
 12 18.11365527743220 0.000000000000000

 spin=1 k-point=1205/1284 Cartesian=0.1363183149498352 0.01124334511882402 0.09595455592231543 (2468 plane wave)
 1 0.4701316294504260 0.001562499999999571
 2 0.4701333055952189 0.001562499999999571
 3 6.457230825676857 0.000000000000000
 4 6.457232527606016 0.000000000000000
 5 7.754175352754496 0.000000000000000
 6 7.754176901685503 0.000000000000000
 7 11.56780022565558 0.000000000000000
 8 11.56780032475448 0.000000000000000
 9 17.33618538742529 0.000000000000000
 10 17.33618566413477 0.000000000000000
 11 18.44700630463262 0.000000000000000
 12 18.44700702207677 0.000000000000000

 spin=1 k-point=1206/1284 Cartesian=0.1168442699570017 0.000000000000000 0.09595455592231543 (2466 plane wave)
 1 -0.2763938967762103 0.001562500000000036
 2 -0.2763922262769488 0.001562500000000036
 3 7.894649407907163 0.000000000000000
 4 7.894651190516332 0.000000000000000
 5 8.335992626778932 0.000000000000000
 6 8.335993980663384 0.000000000000000
 7 10.89950864825127 0.000000000000000
 8 10.89950880318346 0.000000000000000
 9 18.49417856726663 0.000000000000000
 10 18.49417925888914 0.000000000000000
 11 18.72956254668967 0.000000000000000
 12 18.72956406380271 0.000000000000000

 spin=1 k-point=1207/1284 Cartesian=0.09737022496416814 -0.01124334511882265 0.09595455592231543 (2466 plane wave)
 1 -0.8755373614108783 0.001562500000000037
 2 -0.8755356943041476 0.001562500000000037
 3 8.638697197231547 0.000000000000000
 4 8.638698793425361 0.000000000000000
 5 9.605133950118175 0.000000000000000
 6 9.605135025842529 0.000000000000000
 7 10.66604336811767 0.000000000000000
 8 10.66604407599374 0.000000000000000
 9 17.24034420976912 0.000000000000000
 10 17.24034579861124 0.000000000000000
 11 19.35065569855407 0.000000000000000
 12 19.35065673802966 0.000000000000000

 spin=1 k-point=1208/1284 Cartesian=0.07789617997133459 -0.02248669023764599 0.09595455592231543 (2464 plane wave)
 1 -1.325634087411667 0.001562500000000037
 2 -1.325632422409826 0.001562500000000037
 3 9.139333208546734 0.000000000000000
 4 9.139334163404813 0.000000000000000
 5 9.941791712521900 0.000000000000000
 6 9.941792604141577 0.000000000000000
 7 12.00502879663484 0.000000000000000
 8 12.00503037758101 0.000000000000000
 9 15.73264449882951 0.000000000000000
 10 15.73264607961720 0.000000000000000
 11 20.13331715989130 0.000000000000000
 12 20.13331822513785 0.000000000000000

 spin=1 k-point=1209/1284 Cartesian=-0.05842213497850025 0.03373003535647068 0.09595455592231543 (2468 plane wave)
 1 -1.625971754858372 0.001562500000000037
 2 -1.625970091065485 0.001562500000000037
 3 9.170214682892100 0.000000000000000
 4 9.170214939153196 0.000000000000000
 5 10.55584239103167 0.000000000000000
 6 10.55584393264494 0.000000000000000
 7 13.47900019880386 0.000000000000000
 8 13.47900194381358 0.000000000000000
 9 14.81294035385733 0.000000000000000
 10 14.81294184732277 0.000000000000000
 11 20.76560076098360 0.000000000000000
 12 20.76560251107676 0.000000000000000

 spin=1 k-point=1210/1284 Cartesian=-0.03894808998566670 0.04497338047529402 0.09595455592231543 (2484 plane wave)
 1 -1.776211284923936 0.001562500000000037
 2 -1.776209621619115 0.001562500000000037
 3 9.086495611249759 0.000000000000000
 4 9.086495757064098 0.000000000000000
 5 11.48007304765355 0.000000000000000
 6 11.48007473663773 0.000000000000000
 7 12.74591359294216 0.000000000000000
 8 12.74591519638204 0.000000000000000
 9 16.42633259173970 0.000000000000000
 10 16.42633421893515 0.000000000000000
 11 18.79449433176345 0.000000000000000
 12 18.79449594104585 0.000000000000000

 spin=1 k-point=1211/1284 Cartesian=-0.01947404499283316 0.05621672559411735 0.09595455592231543 (2484 plane wave)
 1 -1.776211285004689 0.001562500000000037
 2 -1.776209621532658 0.001562500000000037
 3 9.086495611746747 0.000000000000000
 4 9.086495756881204 0.000000000000000
 5 11.48007305044826 0.000000000000000
 6 11.48007473322015 0.000000000000000
 7 12.74591359055085 0.000000000000000
 8 12.74591519827433 0.000000000000000
 9 16.42633258482642 0.000000000000000
 10 16.42633422818287 0.000000000000000
 11 18.79449433579228 0.000000000000000
 12 18.79449593497482 0.000000000000000

 spin=1 k-point=1212/1284 Cartesian=0.000000000000000 0.08994676095058715 0.09595455592231543 (2470 plane wave)
 1 -1.100575570619966 0.001562500000000037
 2 -1.100573903547821 0.001562500000000037
 3 8.426673216686590 0.000000000000000
 4 8.426674749424016 0.000000000000000
 5 9.943699922546307 0.000000000000000
 6 9.943700181309895 0.000000000000000
 7 12.79778474889048 0.000000000000000
 8 12.79778649776584 0.000000000000000
 9 14.17945270624342 0.000000000000000
 10 14.17945417484681 0.000000000000000
 11 19.63164929323947 0.000000000000000
 12 19.63164936739873 0.000000000000000

 spin=1 k-point=1213/1284 Cartesian=0.01947404499283394 0.1011901060694107 0.09595455592231543 (2466 plane wave)
 1 -0.7257721742982661 0.001562500000000037
 2 -0.7257705048225679 0.001562500000000037
 3 7.661264570466951 0.000000000000000
 4 7.661266193473625 0.000000000000000
 5 10.15424474247116 0.000000000000000
 6 10.15424507529448 0.000000000000000
 7 11.46820003756305 0.000000000000000
 8 11.46820150913954 0.000000000000000
 9 15.14239875906803 0.000000000000000
 10 15.14240031201379 0.000000000000000
 11 18.85058631330107 0.000000000000000
 12 18.85058639043823 0.000000000000000

 spin=1 k-point=1214/1284 Cartesian=0.03894808998566748 0.1124334511882340 0.09595455592231543 (2470 plane wave)
 1 -0.2017958091598865 0.001562500000000036
 2 -0.2017941359609831 0.001562500000000036
 3 7.001450701965045 0.000000000000000
 4 7.001452352325024 0.000000000000000
 5 9.337343402110694 0.000000000000000
 6 9.337344901374918 0.000000000000000
 7 10.99548543069404 0.000000000000000
 8 10.99548566607162 0.000000000000000
 9 16.65861456247427 0.000000000000000
 10 16.65861602155628 0.000000000000000
 11 18.25736912698406 0.000000000000000
 12 18.25736931294990 0.000000000000000

 spin=1 k-point=1215/1284 Cartesian=0.05842213497850103 0.1236767963070574 0.09595455592231543 (2468 plane wave)
 1 0.4701316280815784 0.001562499999999571
 2 0.4701333070638827 0.001562499999999571
 3 6.457230838680387 0.000000000000000
 4 6.457232515121738 0.000000000000000
 5 7.754175343405990 0.000000000000000
 6 7.754176910358254 0.000000000000000
 7 11.56780021974905 0.000000000000000
 8 11.56780032966224 0.000000000000000
 9 17.33618540054341 0.000000000000000
 10 17.33618564905468 0.000000000000000
 11 18.44700630527532 0.000000000000000
 12 18.44700702214645 0.000000000000000

 spin=1 k-point=1216/1284 Cartesian=0.07789617997133459 0.1349201414258807 0.09595455592231543 (2456 plane wave)
 1 1.286876652700775 0.001562499998358997
 2 1.286878341367144 0.001562499998358970
 3 5.858024426969909 2.090613145390104e-14
 4 5.858026149119079 2.090577142214359e-14
 5 6.448173950997863 0.000000000000000
 6 6.448175398849616 0.000000000000000
 7 12.34427493724097 0.000000000000000
 8 12.34427502758992 0.000000000000000
 9 16.79425304888572 0.000000000000000
 10 16.79425307713717 0.000000000000000
 11 17.58063593874556 0.000000000000000
 12 17.58063613577304 0.000000000000000

 spin=1 k-point=1217/1284 Cartesian=0.09737022496416814 0.1461634865447041 0.09595455592231543 (2452 plane wave)
 1 2.235625771317191 0.001562478348946730
 2 2.235627480129637 0.001562478348576756
 3 4.682100887140219 2.674516179052201e-09
 4 4.682102559632185 2.674471448423628e-09
 5 6.015249912372385 4.339622000955307e-15
 6 6.015251457950312 4.339554929217420e-15
 7 13.24710408354050 0.000000000000000
 8 13.24710417103855 0.000000000000000
 9 15.71719420310335 0.000000000000000
 10 15.71719423794692 0.000000000000000
 11 17.14049980224348 0.000000000000000
 12 17.14049994811564 0.000000000000000

 spin=1 k-point=1218/1284 Cartesian=0.1168442699570017 0.1574068316635274 0.09595455592231543 (2448 plane wave)
 1 3.062442222102375 0.001482432013513634
 2 3.062443980519778 0.001482430677720604
 3 3.729381480557390 3.587300103016195e-05
 4 3.729383019205929 3.587246174686384e-05
 5 5.920348480117159 1.120995029178475e-14
 6 5.920350042612355 1.120977513817546e-14
 7 13.95515594441273 0.000000000000000
 8 13.95515604069071 0.000000000000000
 9 14.90068267585985 0.000000000000000
 10 14.90068271665818 0.000000000000000
 11 17.03787771746308 0.000000000000000
 12 17.03787784316958 0.000000000000000

 spin=1 k-point=1219/1284 Cartesian=0.1363183149498352 0.1686501767823507 0.09595455592231543 (2452 plane wave)
 1 2.235625774849670 0.001562478348945965
 2 2.235627476441482 0.001562478348577555
 3 4.682100874921159 2.674516505852490e-09
 4 4.682102572162925 2.674471113293121e-09
 5 6.015249920493070 4.339621648548199e-15
 6 6.015251449660925 4.339555288940043e-15
 7 13.24710409055187 0.000000000000000
 8 13.24710416475359 0.000000000000000
 9 15.71719419035068 0.000000000000000
 10 15.71719425035770 0.000000000000000
 11 17.14049981166339 0.000000000000000
 12 17.14049993834174 0.000000000000000

 spin=1 k-point=1220/1284 Cartesian=0.1557923599426688 0.1798935219011741 0.09595455592231543 (2456 plane wave)
 1 1.286876655167752 0.001562499998358997
 2 1.286878338778411 0.001562499998358970
 3 5.858024395468552 2.090613803961872e-14
 4 5.858026180965738 2.090576476435336e-14
 5 6.448173978980867 0.000000000000000
 6 6.448175370619952 0.000000000000000
 7 12.34427494338565 0.000000000000000
 8 12.34427502230601 0.000000000000000
 9 16.79425302370139 0.000000000000000
 10 16.79425310299637 0.000000000000000
 11 17.58063596184947 0.000000000000000
 12 17.58063611133867 0.000000000000000

 spin=1 k-point=1221/1284 Cartesian=0.1363183149498352 -0.01124334511882266 0.09595455592231543 (2468 plane wave)
 1 0.4701316298187188 0.001562499999999571
 2 0.4701333052331434 0.001562499999999571
 3 6.457230822111045 0.000000000000000
 4 6.457232531531946 0.000000000000000
 5 7.754175356109431 0.000000000000000
 6 7.754176897886452 0.000000000000000
 7 11.56780022592087 0.000000000000000
 8 11.56780032450656 0.000000000000000
 9 17.33618538626027 0.000000000000000
 10 17.33618566496610 0.000000000000000
 11 18.44700630629650 0.000000000000000
 12 18.44700701807547 0.000000000000000

 spin=1 k-point=1222/1284 Cartesian=0.1168442699570017 -0.02248669023764600 0.09595455592231543 (2470 plane wave)
 1 -0.2017958079357301 0.001562500000000036
 2 -0.2017941372549988 0.001562500000000036
 3 7.001450691516178 0.000000000000000
 4 7.001452362327874 0.000000000000000
 5 9.337343406112254 0.000000000000000
 6 9.337344897892670 0.000000000000000
 7 10.99548543957674 0.000000000000000
 8 10.99548565846480 0.000000000000000
 9 16.65861456623839 0.000000000000000
 10 16.65861601701078 0.000000000000000
 11 18.25736911398064 0.000000000000000
 12 18.25736932423300 0.000000000000000

 spin=1 k-point=1223/1284 Cartesian=0.09737022496416814 -0.03373003535646934 0.09595455592231543 (2466 plane wave)
 1 -0.7257721734609398 0.001562500000000037
 2 -0.7257705057097721 0.001562500000000037
 3 7.661264562138561 0.000000000000000
 4 7.661266200998615 0.000000000000000
 5 10.15424474187176 0.000000000000000
 6 10.15424507710576 0.000000000000000
 7 11.46820004872196 0.000000000000000
 8 11.46820149974643 0.000000000000000
 9 15.14239876319670 0.000000000000000
 10 15.14240030545690 0.000000000000000
 11 18.85058630414231 0.000000000000000
 12 18.85058639883683 0.000000000000000

 spin=1 k-point=1224/1284 Cartesian=-0.07789617997133380 0.04497338047529403 0.09595455592231543 (2470 plane wave)
 1 -1.100575570095665 0.001562500000000037
 2 -1.100573904104248 0.001562500000000037
 3 8.426673208899880 0.000000000000000
 4 8.426674755758251 0.000000000000000
 5 9.943699925459134 0.000000000000000
 6 9.943700180455041 0.000000000000000
 7 12.79778475240667 0.000000000000000
 8 12.79778649840124 0.000000000000000
 9 14.17945271344809 0.000000000000000
 10 14.17945416240361 0.000000000000000
 11 19.63164928634852 0.000000000000000
 12 19.63164937341729 0.000000000000000

 spin=1 k-point=1225/1284 Cartesian=-0.05842213497850025 0.05621672559411737 0.09595455592231543 (2464 plane wave)
 1 -1.325634087459569 0.001562500000000037
 2 -1.325632422341719 0.001562500000000037
 3 9.139333208385512 0.000000000000000
 4 9.139334163515397 0.000000000000000
 5 9.941791716095342 0.000000000000000
 6 9.941792601785441 0.000000000000000
 7 12.00502879260755 0.000000000000000
 8 12.00503037906541 0.000000000000000
 9 15.73264449959892 0.000000000000000
 10 15.73264608011033 0.000000000000000
 11 20.13331715760249 0.000000000000000
 12 20.13331822558415 0.000000000000000

 spin=1 k-point=1226/1284 Cartesian=-0.03894808998566670 0.06746007071294070 0.09595455592231543 (2492 plane wave)
 1 -1.400680079961977 0.001562500000000037
 2 -1.400678414953809 0.001562500000000037
 3 9.336214695267001 0.000000000000000
 4 9.336214986594396 0.000000000000000
 5 10.39082208263905 0.000000000000000
 6 10.39082382876979 0.000000000000000
 7 11.18639500658097 0.000000000000000
 8 11.18639630057422 0.000000000000000
 9 17.62301320639990 0.000000000000000
 10 17.62301492101603 0.000000000000000
 11 18.29688533890868 0.000000000000000
 12 18.29688674605105 0.000000000000000

 spin=1 k-point=1227/1284 Cartesian=-0.01947404499283316 0.07870341583176405 0.09595455592231543 (2464 plane wave)
 1 -1.325634087712379 0.001562500000000037
 2 -1.325632422073188 0.001562500000000037
 3 9.139333215350375 0.000000000000000
 4 9.139334158977233 0.000000000000000
 5 9.941791711699253 0.000000000000000
 6 9.941792603047972 0.000000000000000
 7 12.00502879091411 0.000000000000000
 8 12.00503038029581 0.000000000000000
 9 15.73264449280042 0.000000000000000
 10 15.73264608883110 0.000000000000000
 11 20.13331715888927 0.000000000000000
 12 20.13331822562153 0.000000000000000

 spin=1 k-point=1228/1284 Cartesian=0.000000000000000 0.1124334511882338 0.09595455592231543 (2462 plane wave)
 1 -0.4264740489526570 0.001562500000000037
 2 -0.4264723773635499 0.001562500000000037
 3 6.790281117201041 0.000000000000000
 4 6.790282755846689 0.000000000000000
 5 10.49655796953684 0.000000000000000
 6 10.49655814985106 0.000000000000000
 7 12.26750255585513 0.000000000000000
 8 12.26750430536432 0.000000000000000
 9 13.67980236723710 0.000000000000000
 10 13.67980377196392 0.000000000000000
 11 18.01053841719852 0.000000000000000
 12 18.01053848478213 0.000000000000000

 spin=1 k-point=1229/1284 Cartesian=0.01947404499283394 0.1236767963070574 0.09595455592231543 (2462 plane wave)
 1 0.02179052146526555 0.001562500000000032
 2 0.02179219699705875 0.001562500000000032
 3 6.053559095946737 2.958538268560620e-15
 4 6.053560739070873 2.958489656491719e-15
 5 10.50579904668142 0.000000000000000
 6 10.50580009539656 0.000000000000000
 7 11.35180511495106 0.000000000000000
 8 11.35180585440022 0.000000000000000
 9 14.66541396146776 0.000000000000000
 10 14.66541545027092 0.000000000000000
 11 17.32634921675384 0.000000000000000
 12 17.32634931768463 0.000000000000000

 spin=1 k-point=1230/1284 Cartesian=0.03894808998566748 0.1349201414258807 0.09595455592231543 (2458 plane wave)
 1 0.6178058112194622 0.001562499999997998
 2 0.6178074929523497 0.001562499999997998
 3 5.458486842089392 1.136171224611608e-12
 4 5.458488487742891 1.136152527319363e-12
 5 9.026753405323390 0.000000000000000
 6 9.026755001394234 0.000000000000000
 7 11.70717728910439 0.000000000000000
 8 11.70717742547655 0.000000000000000
 9 15.96675904671156 0.000000000000000
 10 15.96675998182771 0.000000000000000
 11 17.10227670227299 0.000000000000000
 12 17.10227737592662 0.000000000000000

 spin=1 k-point=1231/1284 Cartesian=0.05842213497850103 0.1461634865447041 0.09595455592231543 (2462 plane wave)
 1 1.358701910500653 0.001562499996634517
 2 1.358703602398909 0.001562499996634460
 3 5.005622541027634 1.052468020978807e-10
 4 5.005624191059164 1.052450655064803e-10
 5 7.446466787967089 0.000000000000000
 6 7.446468388529346 0.000000000000000
 7 12.40841187095994 0.000000000000000
 8 12.40841196649824 0.000000000000000
 9 15.99484794105666 0.000000000000000
 10 15.99484806986409 0.000000000000000
 11 18.11365448165670 0.000000000000000
 12 18.11365527725320 0.000000000000000

 spin=1 k-point=1232/1284 Cartesian=0.07789617997133459 0.1574068316635274 0.09595455592231543 (2452 plane wave)
 1 2.235625770523404 0.001562478348946902
 2 2.235627480953205 0.001562478348576578
 3 4.682100890175943 2.674516097861392e-09
 4 4.682102557094256 2.674471516299741e-09
 5 6.015249910245350 4.339622093260628e-15
 6 6.015251459445906 4.339554864315296e-15
 7 13.24710408242195 0.000000000000000
 8 13.24710417166366 0.000000000000000
 9 15.71719420531034 0.000000000000000
 10 15.71719423681005 0.000000000000000
 11 17.14049980004808 0.000000000000000
 12 17.14049994882872 0.000000000000000

 spin=1 k-point=1233/1284 Cartesian=0.09737022496416814 0.1686501767823507 0.09595455592231543 (2448 plane wave)
 1 3.195102590879919 0.001298268068175418
 2 3.195104339746279 0.001298264228549690
 3 4.332526711752985 8.818671933072282e-08
 4 4.332528454093873 8.818518291718145e-08
 5 4.963843512618904 1.598280324019826e-10
 6 4.963844868547726 1.598258652620105e-10
 7 14.11297822514768 0.000000000000000
 8 14.11297833946126 0.000000000000000
 9 15.38136412106246 0.000000000000000
 10 15.38136424325010 0.000000000000000
 11 16.20990644816148 0.000000000000000
 12 16.20990666528538 0.000000000000000

 spin=1 k-point=1234/1284 Cartesian=0.1168442699570017 0.1798935219011741 0.09595455592231543 (2448 plane wave)
 1 3.195102601261585 0.001298268045382664
 2 3.195104329132735 0.001298264251851799
 3 4.332526679344763 8.818674790886899e-08
 4 4.332528486814147 8.818515406437370e-08
 5 4.963843534376921 1.598279976265722e-10
 6 4.963844846731901 1.598259001293490e-10
 7 14.11297823778020 0.000000000000000
 8 14.11297832741990 0.000000000000000
 9 15.38136414886013 0.000000000000000
 10 15.38136421509916 0.000000000000000
 11 16.20990646587001 0.000000000000000
 12 16.20990664746494 0.000000000000000

 spin=1 k-point=1235/1284 Cartesian=0.1363183149498352 0.1911368670199974 0.09595455592231543 (2452 plane wave)
 1 2.235625776655092 0.001562478348945574
 2 2.235627474631413 0.001562478348577946
 3 4.682100868740950 2.674516671142980e-09
 4 4.682102578597284 2.674470941208272e-09
 5 6.015249924932323 4.339621455901425e-15
 6 6.015251444961290 4.339555492883376e-15
 7 13.24710409258671 0.000000000000000
 8 13.24710416232546 0.000000000000000
 9 15.71719418524510 0.000000000000000
 10 15.71719425675846 0.000000000000000
 11 17.14049981551706 0.000000000000000
 12 17.14049993302802 0.000000000000000

 spin=1 k-point=1236/1284 Cartesian=0.1557923599426688 0.2023802121388207 0.09595455592231543 (2462 plane wave)
 1 1.358701914271198 0.001562499996634517
 2 1.358703598486126 0.001562499996634460
 3 5.005622527753386 1.052468160686061e-10
 4 5.005624204233397 1.052450516412491e-10
 5 7.446466796326800 0.000000000000000
 6 7.446468380558645 0.000000000000000
 7 12.40841187885776 0.000000000000000
 8 12.40841195955460 0.000000000000000
 9 15.99484792620130 0.000000000000000
 10 15.99484808499079 0.000000000000000
 11 18.11365448409650 0.000000000000000
 12 18.11365527376977 0.000000000000000

 spin=1 k-point=1237/1284 Cartesian=0.1363183149498352 -0.03373003535646932 0.09595455592231543 (2458 plane wave)
 1 0.6178058136950916 0.001562499999997998
 2 0.6178074903695207 0.001562499999997998
 3 5.458486832288936 1.136171335961594e-12
 4 5.458488497315225 1.136152418563029e-12
 5 9.026753410254994 0.000000000000000
 6 9.026754997072116 0.000000000000000
 7 11.70717729673115 0.000000000000000
 8 11.70717741905826 0.000000000000000
 9 15.96675904642100 0.000000000000000
 10 15.96675998247827 0.000000000000000
 11 17.10227669247558 0.000000000000000
 12 17.10227738286155 0.000000000000000

 spin=1 k-point=1238/1284 Cartesian=0.1168442699570017 -0.04497338047529265 0.09595455592231543 (2462 plane wave)
 1 0.02179052311681906 0.001562500000000032
 2 0.02179219526745887 0.001562500000000032
 3 6.053559087932642 2.958538505660770e-15
 4 6.053560746725263 2.958489430037333e-15
 5 10.50579904562484 0.000000000000000
 6 10.50580009712084 0.000000000000000
 7 11.35180512667985 0.000000000000000
 8 11.35180584485045 0.000000000000000
 9 14.66541396552077 0.000000000000000
 10 14.66541544406567 0.000000000000000
 11 17.32634920695702 0.000000000000000
 12 17.32634932607244 0.000000000000000

 spin=1 k-point=1239/1284 Cartesian=-0.09737022496416733 0.05621672559411737 0.09595455592231543 (2462 plane wave)
 1 -0.4264740478901823 0.001562500000000037
 2 -0.4264723784792136 0.001562500000000037
 3 6.790281110139382 0.000000000000000
 4 6.790282762321302 0.000000000000000
 5 10.49655797238670 0.000000000000000
 6 10.49655814831475 0.000000000000000
 7 12.26750255941952 0.000000000000000
 8 12.26750430598618 0.000000000000000
 9 13.67980237418620 0.000000000000000
 10 13.67980376006299 0.000000000000000
 11 18.01053840968771 0.000000000000000
 12 18.01053849110595 0.000000000000000

 spin=1 k-point=1240/1284 Cartesian=-0.07789617997133380 0.06746007071294070 0.09595455592231543 (2466 plane wave)
 1 -0.7257721735268173 0.001562500000000037
 2 -0.7257705056173515 0.001562500000000037
 3 7.661264562591111 0.000000000000000
 4 7.661266200410035 0.000000000000000
 5 10.15424474513973 0.000000000000000
 6 10.15424507641609 0.000000000000000
 7 11.46820004386966 0.000000000000000
 8 11.46820150056441 0.000000000000000
 9 15.14239876456378 0.000000000000000
 10 15.14240030593595 0.000000000000000
 11 18.85058630542112 0.000000000000000
 12 18.85058639718724 0.000000000000000

 spin=1 k-point=1241/1284 Cartesian=-0.05842213497850025 0.07870341583176403 0.09595455592231543 (2466 plane wave)
 1 -0.8755373615329780 0.001562500000000037
 2 -0.8755356941346534 0.001562500000000037
 3 8.638697198587295 0.000000000000000
 4 8.638698791540765 0.000000000000000
 5 9.605133955591551 0.000000000000000
 6 9.605135025102998 0.000000000000000
 7 10.66604335983767 0.000000000000000
 8 10.66604407843753 0.000000000000000
 9 17.24034421015767 0.000000000000000
 10 17.24034580029504 0.000000000000000
 11 19.35065569807701 0.000000000000000
 12 19.35065673878318 0.000000000000000

 spin=1 k-point=1242/1284 Cartesian=-0.03894808998566670 0.08994676095058737 0.09595455592231543 (2466 plane wave)
 1 -0.8755373617261030 0.001562500000000037
 2 -0.8755356939317823 0.001562500000000037
 3 8.638697205582368 0.000000000000000
 4 8.638698786084623 0.000000000000000
 5 9.605133947579910 0.000000000000000
 6 9.605135030395044 0.000000000000000
 7 10.66604336076335 0.000000000000000
 8 10.66604407840637 0.000000000000000
 9 17.24034420431173 0.000000000000000
 10 17.24034580645726 0.000000000000000
 11 19.35065569869091 0.000000000000000
 12 19.35065673984555 0.000000000000000

 spin=1 k-point=1243/1284 Cartesian=-0.01947404499283316 0.1011901060694107 0.09595455592231543 (2466 plane wave)
 1 -0.7257721741237206 0.001562500000000037
 2 -0.7257705049893189 0.001562500000000037
 3 7.661264569286353 0.000000000000000
 4 7.661266194631183 0.000000000000000
 5 10.15424473940804 0.000000000000000
 6 10.15424507985404 0.000000000000000
 7 11.46820004365260 0.000000000000000
 8 11.46820150074762 0.000000000000000
 9 15.14239875749010 0.000000000000000
 10 15.14240031450293 0.000000000000000
 11 18.85058631166278 0.000000000000000
 12 18.85058639227098 0.000000000000000

 spin=1 k-point=1244/1284 Cartesian=0.000000000000000 0.1349201414258805 0.09595455592231543 (2476 plane wave)
 1 0.3936129770545908 0.001562499999999820
 2 0.3936146568886380 0.001562499999999820
 3 5.242361861550769 9.864222911427210e-12
 4 5.242363500575441 9.864061235666394e-12
 5 11.21442885276663 0.000000000000000
 6 11.21442911587623 0.000000000000000
 7 11.88856569110139 0.000000000000000
 8 11.88856744097152 0.000000000000000
 9 13.32541241659526 0.000000000000000
 10 13.32541368474806 0.000000000000000
 11 16.54588766620824 0.000000000000000
 12 16.54588776219601 0.000000000000000

 spin=1 k-point=1245/1284 Cartesian=0.01947404499283394 0.1461634865447040 0.09595455592231543 (2464 plane wave)
 1 0.9117969921395606 0.001562499999961474
 2 0.9117986800105652 0.001562499999961473
 3 4.577708372684224 7.596523789588932e-09
 4 4.577710004813529 7.596399806082195e-09
 5 10.42956953914913 0.000000000000000
 6 10.42957109769052 0.000000000000000
 7 11.95580777312776 0.000000000000000
 8 11.95580802977809 0.000000000000000
 9 14.25282272428972 0.000000000000000
 10 14.25282403441780 0.000000000000000
 11 16.03072726769763 0.000000000000000
 12 16.03072750433302 0.000000000000000

 spin=1 k-point=1246/1284 Cartesian=0.03894808998566748 0.1574068316635274 0.09595455592231543 (2448 plane wave)
 1 1.571106659968653 0.001562499971847697
 2 1.571108362333190 0.001562499971847217
 3 4.066054799518833 1.265752623398015e-06
 4 4.066056419536654 1.265732134751671e-06
 5 8.822367577753546 0.000000000000000
 6 8.822369197380898 0.000000000000000
 7 12.58997781347428 0.000000000000000
 8 12.58997792970439 0.000000000000000
 9 14.93872918712769 0.000000000000000
 10 14.93872955929035 0.000000000000000
 11 16.57403832288409 0.000000000000000
 12 16.57403954534971 0.000000000000000

 spin=1 k-point=1247/1284 Cartesian=0.05842213497850103 0.1686501767823507 0.09595455592231543 (2454 plane wave)
 1 2.350132009997115 0.001562431960590946
 2 2.350133742633631 0.001562431959412111
 3 3.726068614308544 3.705267655024469e-05
 4 3.726070201851218 3.705210227644159e-05
 5 7.295686433578561 0.000000000000000
 6 7.295688042771781 0.000000000000000
 7 13.32788934533571 0.000000000000000
 8 13.32788944003050 0.000000000000000
 9 14.80753850465934 0.000000000000000
 10 14.80753860276271 0.000000000000000
 11 17.95325239701268 0.000000000000000
 12 17.95325321459615 0.000000000000000

 spin=1 k-point=1248/1284 Cartesian=0.07789617997133459 0.1798935219011741 0.09595455592231543 (2448 plane wave)
 1 3.062442214406097 0.001482432019360114
 2 3.062443988318624 0.001482430671796114
 3 3.729381491438553 3.587299721637887e-05
 4 3.729383008709898 3.587246542560723e-05
 5 5.920348477202499 1.120995061851667e-14
 6 5.920350044935831 1.120977487771897e-14
 7 13.95515593595885 0.000000000000000
 8 13.95515604518068 0.000000000000000
 9 14.90068267997463 0.000000000000000
 10 14.90068271767846 0.000000000000000
 11 17.03787771390063 0.000000000000000
 12 17.03787784436201 0.000000000000000

 spin=1 k-point=1249/1284 Cartesian=0.09737022496416814 0.1911368670199974 0.09595455592231543 (2448 plane wave)
 1 3.195102598126328 0.001298268052266061
 2 3.195104332472221 0.001298264244519934
 3 4.332526689322952 8.818673910992321e-08
 4 4.332528476872005 8.818516283137463e-08
 5 4.963843527572657 1.598280085016924e-10
 6 4.963844853290944 1.598258896462985e-10
 7 14.11297823261909 0.000000000000000
 8 14.11297832994021 0.000000000000000
 9 15.38136414326981 0.000000000000000
 10 15.38136422655299 0.000000000000000
 11 16.20990645913791 0.000000000000000
 12 16.20990665069487 0.000000000000000

 spin=1 k-point=1250/1284 Cartesian=0.1168442699570017 0.2023802121388207 0.09595455592231543 (2448 plane wave)
 1 3.062442239434524 0.001482432000347259
 2 3.062443963030669 0.001482430691006421
 3 3.729381456771404 3.587300936701106e-05
 4 3.729383043427784 3.587245325737208e-05
 5 5.920348486315584 1.120994959694418e-14
 6 5.920350036146287 1.120977586300736e-14
 7 13.95515595855254 0.000000000000000
 8 13.95515602334374 0.000000000000000
 9 14.90068266233476 0.000000000000000
 10 14.90068273504124 0.000000000000000
 11 17.03787772351867 0.000000000000000
 12 17.03787783484099 0.000000000000000

 spin=1 k-point=1251/1284 Cartesian=0.1363183149498352 0.2136235572576441 0.09595455592231543 (2454 plane wave)
 1 2.350132022646929 0.001562431960582340
 2 2.350133729750850 0.001562431959420876
 3 3.726068594275953 3.705268379684078e-05
 4 3.726070221859084 3.705209503890070e-05
 5 7.295686440285901 0.000000000000000
 6 7.295688036550739 0.000000000000000
 7 13.32788936243795 0.000000000000000
 8 13.32788942398924 0.000000000000000
 9 14.80753848297668 0.000000000000000
 10 14.80753862426388 0.000000000000000
 11 17.95325240039261 0.000000000000000
 12 17.95325321125232 0.000000000000000

 spin=1 k-point=1252/1284 Cartesian=0.1557923599426688 0.2248669023764674 0.09595455592231543 (2448 plane wave)
 1 1.571106666248329 0.001562499971847695
 2 1.571108355892676 0.001562499971847219
 3 4.066054786977979 1.265752782005648e-06
 4 4.066056431962341 1.265731977603138e-06
 5 8.822367582704903 0.000000000000000
 6 8.822369193169745 0.000000000000000
 7 12.58997782476648 0.000000000000000
 8 12.58997791971153 0.000000000000000
 9 14.93872917782218 0.000000000000000
 10 14.93872956892748 0.000000000000000
 11 16.57403831830998 0.000000000000000
 12 16.57403954693942 0.000000000000000

 spin=1 k-point=1253/1284 Cartesian=0.1363183149498352 -0.05621672559411599 0.09595455592231543 (2464 plane wave)
 1 0.9117969958193046 0.001562499999961474
 2 0.9117986762108423 0.001562499999961473
 3 4.577708363317856 7.596524501104050e-09
 4 4.577710013963328 7.596399111030093e-09
 5 10.42956954144548 0.000000000000000
 6 10.42957109653500 0.000000000000000
 7 11.95580778330594 0.000000000000000
 8 11.95580802161902 0.000000000000000
 9 14.25282272878549 0.000000000000000
 10 14.25282402836956 0.000000000000000
 11 16.03072725496090 0.000000000000000
 12 16.03072751479200 0.000000000000000

 spin=1 k-point=1254/1284 Cartesian=-0.1168442699570009 0.06746007071294070 0.09595455592231543 (2476 plane wave)
 1 0.3936129793194943 0.001562499999999820
 2 0.3936146545398211 0.001562499999999820
 3 5.242361853867163 9.864223669355531e-12
 4 5.242363507931715 9.864060510038897e-12
 5 11.21442885619895 0.000000000000000
 6 11.21442911363865 0.000000000000000
 7 11.88856569472884 0.000000000000000
 8 11.88856744159480 0.000000000000000
 9 13.32541242488760 0.000000000000000
 10 13.32541367195157 0.000000000000000
 11 16.54588765677981 0.000000000000000
 12 16.54588777002340 0.000000000000000

 spin=1 k-point=1255/1284 Cartesian=-0.09737022496416733 0.07870341583176403 0.09595455592231543 (2462 plane wave)
 1 0.02179052302901463 0.001562500000000032
 2 0.02179219538881533 0.001562500000000032
 3 6.053559088311165 2.958538494461995e-15
 4 6.053560746230954 2.958489444661421e-15
 5 10.50579905009963 0.000000000000000
 6 10.50580009704451 0.000000000000000
 7 11.35180512036580 0.000000000000000
 8 11.35180584489282 0.000000000000000
 9 14.66541396760731 0.000000000000000
 10 14.66541544463684 0.000000000000000
 11 17.32634920782931 0.000000000000000
 12 17.32634932445146 0.000000000000000

 spin=1 k-point=1256/1284 Cartesian=-0.07789617997133380 0.08994676095058737 0.09595455592231543 (2470 plane wave)
 1 -0.2017958081024208 0.001562500000000036
 2 -0.2017941370273006 0.001562500000000036
 3 7.001450692774036 0.000000000000000
 4 7.001452360842038 0.000000000000000
 5 9.337343407835492 0.000000000000000
 6 9.337344898662783 0.000000000000000
 7 10.99548543540165 0.000000000000000
 8 10.99548565867149 0.000000000000000
 9 16.65861456836220 0.000000000000000
 10 16.65861601849125 0.000000000000000
 11 18.25736911626083 0.000000000000000
 12 18.25736932051814 0.000000000000000

 spin=1 k-point=1257/1284 Cartesian=-0.05842213497850025 0.1011901060694107 0.09595455592231543 (2466 plane wave)
 1 -0.2763938970248143 0.001562500000000036
 2 -0.2763922259461898 0.001562500000000036
 3 7.894649417336448 0.000000000000000
 4 7.894651181124702 0.000000000000000
 5 8.335992619983838 0.000000000000000
 6 8.335993988676265 0.000000000000000
 7 10.89950864454426 0.000000000000000
 8 10.89950880382958 0.000000000000000
 9 18.49417857268194 0.000000000000000
 10 18.49417926263282 0.000000000000000
 11 18.72956254612373 0.000000000000000
 12 18.72956406599851 0.000000000000000

 spin=1 k-point=1258/1284 Cartesian=-0.03894808998566670 0.1124334511882340 0.09595455592231543 (2470 plane wave)
 1 -0.2017958087248099 0.001562500000000036
 2 -0.2017941363790572 0.001562500000000036
 3 7.001450698889133 0.000000000000000
 4 7.001452355401070 0.000000000000000
 5 9.337343401501293 0.000000000000000
 6 9.337344903313694 0.000000000000000
 7 10.99548543571938 0.000000000000000
 8 10.99548565885155 0.000000000000000
 9 16.65861456104894 0.000000000000000
 10 16.65861602505962 0.000000000000000
 11 18.25736912262104 0.000000000000000
 12 18.25736931646802 0.000000000000000

 spin=1 k-point=1259/1284 Cartesian=-0.01947404499283316 0.1236767963070574 0.09595455592231543 (2462 plane wave)
 1 0.02179052169556790 0.001562500000000032
 2 0.02179219677572899 0.001562500000000032
 3 6.053559095017563 2.958538296050607e-15
 4 6.053560739997781 2.958489629069210e-15
 5 10.50579904252984 0.000000000000000
 6 10.50580010185432 0.000000000000000
 7 11.35180512197866 0.000000000000000
 8 11.35180584401656 0.000000000000000
 9 14.66541395944187 0.000000000000000
 10 14.66541545374383 0.000000000000000
 11 17.32634921597836 0.000000000000000
 12 17.32634931807961 0.000000000000000

 spin=1 k-point=1260/1284 Cartesian=0.000000000000000 0.1574068316635272 0.09595455592231543 (2460 plane wave)
 1 1.347456943267885 0.001562499996992466
 2 1.347458643652803 0.001562499996992414
 3 3.847039814867743 1.123921056636082e-05
 4 3.847041429607214 1.123903038921253e-05
 5 11.66115171692073 0.000000000000000
 6 11.66115346696968 0.000000000000000
 7 11.95400857137102 0.000000000000000
 8 11.95400915832565 0.000000000000000
 9 13.13302575817927 0.000000000000000
 10 13.13302660115513 0.000000000000000
 11 15.33767757654747 0.000000000000000
 12 15.33767776382257 0.000000000000000

 spin=1 k-point=1261/1284 Cartesian=0.01947404499283394 0.1686501767823507 0.09595455592231543 (2448 plane wave)
 1 1.904492605808320 0.001562499210428635
 2 1.904494335706457 0.001562499210414976
 3 3.290311671622122 0.001023005697779352
 4 3.290313242807931 0.001023000148027064
 5 10.32128328289080 0.000000000000000
 6 10.32128491045706 0.000000000000000
 7 12.81840671094162 0.000000000000000
 8 12.81840695412485 0.000000000000000
 9 13.70873293859524 0.000000000000000
 10 13.70873380325796 0.000000000000000
 11 15.22925412886461 0.000000000000000
 12 15.22925474771599 0.000000000000000

 spin=1 k-point=1262/1284 Cartesian=0.03894808998566748 0.1798935219011741 0.09595455592231543 (2438 plane wave)
 1 2.401070221261580 0.001562386767820700
 2 2.401071999598333 0.001562386765807178
 3 3.089146171278613 0.001459538805028285
 4 3.089147630464537 0.001459537401624371
 5 8.752590899634949 0.000000000000000
 6 8.752592524438201 0.000000000000000
 7 13.32224211145994 0.000000000000000
 8 13.32224219972276 0.000000000000000
 9 14.11371488897970 0.000000000000000
 10 14.11371517793175 0.000000000000000
 11 16.44294332352660 0.000000000000000
 12 16.44294465790552 0.000000000000000

 spin=1 k-point=1263/1284 Cartesian=0.05842213497850103 0.1911368670199974 0.09595455592231543 (2454 plane wave)
 1 2.350132011426287 0.001562431960589974
 2 2.350133741227697 0.001562431959413068
 3 3.726068612100868 3.705267734884985e-05
 4 3.726070204047981 3.705210148179580e-05
 5 7.295686434181438 0.000000000000000
 6 7.295688042219958 0.000000000000000
 7 13.32788934771473 0.000000000000000
 8 13.32788943650691 0.000000000000000
 9 14.80753850095996 0.000000000000000
 10 14.80753860804829 0.000000000000000
 11 17.95325239664286 0.000000000000000
 12 17.95325321430402 0.000000000000000

 spin=1 k-point=1264/1284 Cartesian=0.07789617997133459 0.2023802121388208 0.09595455592231543 (2452 plane wave)
 1 2.235625773024810 0.001562478348946360
 2 2.235627478481455 0.001562478348577113
 3 4.682100881662508 2.674516325554251e-09
 4 4.682102565692048 2.674471286354586e-09
 5 6.015249915900796 4.339621847835563e-15
 6 6.015251453749695 4.339555111505573e-15
 7 13.24710408632750 0.000000000000000
 8 13.24710416638700 0.000000000000000
 9 15.71719419836786 0.000000000000000
 10 15.71719424751372 0.000000000000000
 11 17.14049980578065 0.000000000000000
 12 17.14049994042001 0.000000000000000

 spin=1 k-point=1265/1284 Cartesian=0.09737022496416814 0.2136235572576441 0.09595455592231543 (2452 plane wave)
 1 2.235625775625010 0.001562478348945798
 2 2.235627475846488 0.001562478348577683
 3 4.682100872443623 2.674516572114492e-09
 4 4.682102574664743 2.674471046382791e-09
 5 6.015249922464401 4.339621562999885e-15
 6 6.015251447556000 4.339555380284425e-15
 7 13.24710408952705 0.000000000000000
 8 13.24710416327837 0.000000000000000
 9 15.71719419103655 0.000000000000000
 10 15.71719425510093 0.000000000000000
 11 17.14049981182263 0.000000000000000
 12 17.14049993438691 0.000000000000000

 spin=1 k-point=1266/1284 Cartesian=0.1168442699570017 0.2248669023764674 0.09595455592231543 (2454 plane wave)
 1 2.350132022080961 0.001562431960582725
 2 2.350133730451781 0.001562431959420400
 3 3.726068595211787 3.705268345831172e-05
 4 3.726070220753984 3.705209543865342e-05
 5 7.295686440091902 0.000000000000000
 6 7.295688036885981 0.000000000000000
 7 13.32788935978247 0.000000000000000
 8 13.32788942480227 0.000000000000000
 9 14.80753848535938 0.000000000000000
 10 14.80753862413490 0.000000000000000
 11 17.95325240031179 0.000000000000000
 12 17.95325321082521 0.000000000000000

 spin=1 k-point=1267/1284 Cartesian=0.1363183149498352 0.2361102474952907 0.09595455592231543 (2438 plane wave)
 1 2.401070248916284 0.001562386767789388
 2 2.401071971679496 0.001562386765838789
 3 3.089146137735142 0.001459538837289241
 4 3.089147663986175 0.001459537369383995
 5 8.752590904558504 0.000000000000000
 6 8.752592520373971 0.000000000000000
 7 13.32224213638437 0.000000000000000
 8 13.32224217602506 0.000000000000000
 9 14.11371486459081 0.000000000000000
 10 14.11371520264216 0.000000000000000
 11 16.44294332010116 0.000000000000000
 12 16.44294465843696 0.000000000000000

 spin=1 k-point=1268/1284 Cartesian=0.1557923599426688 0.2473535926141141 0.09595455592231543 (2448 plane wave)
 1 1.904492618570258 0.001562499210428534
 2 1.904494322744422 0.001562499210415078
 3 3.290311653562934 0.001023005761567971
 4 3.290313260783828 0.001023000084532333
 5 10.32128328651748 0.000000000000000
 6 10.32128490827646 0.000000000000000
 7 12.81840672654752 0.000000000000000
 8 12.81840694106635 0.000000000000000
 9 13.70873293966991 0.000000000000000
 10 13.70873380139269 0.000000000000000
 11 15.22925411277182 0.000000000000000
 12 15.22925475999663 0.000000000000000

 spin=1 k-point=1269/1284 Cartesian=-0.1363183149498344 0.07870341583176405 0.09595455592231543 (2460 plane wave)
 1 1.347456949309787 0.001562499996992466
 2 1.347458637476337 0.001562499996992415
 3 3.847039803688689 1.123921181376087e-05
 4 3.847041440598381 1.123902916279720e-05
 5 11.66115172059052 0.000000000000000
 6 11.66115346761099 0.000000000000000
 7 11.95400857442951 0.000000000000000
 8 11.95400915626766 0.000000000000000
 9 13.13302577265045 0.000000000000000
 10 13.13302658345548 0.000000000000000
 11 15.33767756133108 0.000000000000000
 12 15.33767777629751 0.000000000000000

 spin=1 k-point=1270/1284 Cartesian=-0.1168442699570009 0.08994676095058739 0.09595455592231543 (2464 plane wave)
 1 0.9117969957048785 0.001562499999961474
 2 0.9117986763658595 0.001562499999961473
 3 4.577708363600347 7.596524479644615e-09
 4 4.577710013608715 7.596399137967826e-09
 5 10.42956954323527 0.000000000000000
 6 10.42957109671486 0.000000000000000
 7 11.95580777888454 0.000000000000000
 8 11.95580802158895 0.000000000000000
 9 14.25282273202903 0.000000000000000
 10 14.25282402903787 0.000000000000000
 11 16.03072725516790 0.000000000000000
 12 16.03072751315883 0.000000000000000

 spin=1 k-point=1271/1284 Cartesian=-0.09737022496416733 0.1011901060694107 0.09595455592231543 (2458 plane wave)
 1 0.6178058134733871 0.001562499999997998
 2 0.6178074906665645 0.001562499999997998
 3 5.458486833132814 1.136171326373696e-12
 4 5.458488496302071 1.136152430074007e-12
 5 9.026753410873972 0.000000000000000
 6 9.026754997650041 0.000000000000000
 7 11.70717729380917 0.000000000000000
 8 11.70717741903494 0.000000000000000
 9 15.96675905053577 0.000000000000000
 10 15.96675998350431 0.000000000000000
 11 17.10227669223280 0.000000000000000
 12 17.10227737998353 0.000000000000000

 spin=1 k-point=1272/1284 Cartesian=-0.07789617997133380 0.1124334511882341 0.09595455592231543 (2468 plane wave)
 1 0.4701316294757789 0.001562499999999571
 2 0.4701333056803043 0.001562499999999571
 3 6.457230825374215 0.000000000000000
 4 6.457232528002651 0.000000000000000
 5 7.754175354134374 0.000000000000000
 6 7.754176900713220 0.000000000000000
 7 11.56780022335738 0.000000000000000
 8 11.56780032465297 0.000000000000000
 9 17.33618539276787 0.000000000000000
 10 17.33618566478502 0.000000000000000
 11 18.44700630681822 0.000000000000000
 12 18.44700701411858 0.000000000000000

 spin=1 k-point=1273/1284 Cartesian=-0.05842213497850025 0.1236767963070574 0.09595455592231543 (2468 plane wave)
 1 0.4701316289545593 0.001562499999999571
 2 0.4701333062182001 0.001562499999999571
 3 6.457230831034548 0.000000000000000
 4 6.457232522849030 0.000000000000000
 5 7.754175348952979 0.000000000000000
 6 7.754176905127950 0.000000000000000
 7 11.56780022286219 0.000000000000000
 8 11.56780032520454 0.000000000000000
 9 17.33618539372895 0.000000000000000
 10 17.33618566235162 0.000000000000000
 11 18.44700630087562 0.000000000000000
 12 18.44700702058337 0.000000000000000

 spin=1 k-point=1274/1284 Cartesian=-0.03894808998566670 0.1349201414258807 0.09595455592231543 (2458 plane wave)
 1 0.6178058117933993 0.001562499999997998
 2 0.6178074923970345 0.001562499999997998
 3 5.458486840058493 1.136171247686105e-12
 4 5.458488489773757 1.136152504245626e-12
 5 9.026753405454219 0.000000000000000
 6 9.026755001844109 0.000000000000000
 7 11.70717729239434 0.000000000000000
 8 11.70717742059185 0.000000000000000
 9 15.96675904377402 0.000000000000000
 10 15.96675998815256 0.000000000000000
 11 17.10227670085119 0.000000000000000
 12 17.10227737498692 0.000000000000000

 spin=1 k-point=1275/1284 Cartesian=-0.01947404499283316 0.1461634865447041 0.09595455592231543 (2464 plane wave)
 1 0.9117969924364413 0.001562499999961474
 2 0.9117986797230195 0.001562499999961473
 3 4.577708371998450 7.596523841683685e-09
 4 4.577710005492872 7.596399754476878e-09
 5 10.42956953764839 0.000000000000000
 6 10.42957110020208 0.000000000000000
 7 11.95580777734147 0.000000000000000
 8 11.95580802318765 0.000000000000000
 9 14.25282272146619 0.000000000000000
 10 14.25282403944138 0.000000000000000
 11 16.03072726776113 0.000000000000000
 12 16.03072750340617 0.000000000000000

 spin=1 k-point=1276/1284 Cartesian=0.000000000000000 0.1798935219011738 0.09595455592231543 (2456 plane wave)
 1 2.176733702240111 0.0007812439925987336
 2 2.176735481381630 0.0007812439924918532
 3 2.870113418343712 0.0007751323252430225
 4 2.870114868733927 0.0007751322372070290
 5 11.58533945466706 0.000000000000000
 6 11.58534120477417 0.000000000000000
 7 12.33917567317231 0.000000000000000
 8 12.33917685748369 0.000000000000000
 9 13.10875580628732 0.000000000000000
 10 13.10875591229451 0.000000000000000
 11 14.75625917241862 0.000000000000000
 12 14.75625950884296 0.000000000000000

 spin=1 k-point=1277/1284 Cartesian=0.01947404499283394 0.1911368670199974 0.09595455592231543 (2448 plane wave)
 1 1.904492606146788 0.001562499210428632
 2 1.904494335376170 0.001562499210414979
 3 3.290311671168829 0.001023005699380475
 4 3.290313243264094 0.001023000146415796
 5 10.32128328253961 0.000000000000000
 6 10.32128491106851 0.000000000000000
 7 12.81840671414868 0.000000000000000
 8 12.81840694877071 0.000000000000000
 9 13.70873293513526 0.000000000000000
 10 13.70873380927954 0.000000000000000
 11 15.22925412928573 0.000000000000000
 12 15.22925474660986 0.000000000000000

 spin=1 k-point=1278/1284 Cartesian=0.03894808998566748 0.2023802121388207 0.09595455592231543 (2448 plane wave)
 1 1.571106660704701 0.001562499971847696
 2 1.571108361615631 0.001562499971847218
 3 4.066054798111962 1.265752641191097e-06
 4 4.066056420903041 1.265732117470877e-06
 5 8.822367577888642 0.000000000000000
 6 8.822369197484411 0.000000000000000
 7 12.58997781612758 0.000000000000000
 8 12.58997792560888 0.000000000000000
 9 14.93872918373777 0.000000000000000
 10 14.93872956513848 0.000000000000000
 11 16.57403832274539 0.000000000000000
 12 16.57403954418508 0.000000000000000

 spin=1 k-point=1279/1284 Cartesian=0.05842213497850103 0.2136235572576441 0.09595455592231543 (2462 plane wave)
 1 1.358701911674544 0.001562499996634517
 2 1.358703601253156 0.001562499996634460
 3 5.005622537148198 1.052468061808648e-10
 4 5.005624194931884 1.052450614306335e-10
 5 7.446466790105066 0.000000000000000
 6 7.446468386548149 0.000000000000000
 7 12.40841187384751 0.000000000000000
 8 12.40841196232547 0.000000000000000
 9 15.99484793553413 0.000000000000000
 10 15.99484807844686 0.000000000000000
 11 18.11365448000213 0.000000000000000
 12 18.11365527623679 0.000000000000000

 spin=1 k-point=1280/1284 Cartesian=0.07789617997133459 0.2248669023764674 0.09595455592231543 (2456 plane wave)
 1 1.286876654455148 0.001562499998358997
 2 1.286878339648087 0.001562499998358970
 3 5.858024405205041 2.090613600409456e-14
 4 5.858026171320274 2.090576678081187e-14
 5 6.448173970422670 0.000000000000000
 6 6.448175379116198 0.000000000000000
 7 12.34427494071056 0.000000000000000
 8 12.34427502283505 0.000000000000000
 9 16.79425303504689 0.000000000000000
 10 16.79425309940689 0.000000000000000
 11 17.58063595265748 0.000000000000000
 12 17.58063611391249 0.000000000000000

 spin=1 k-point=1281/1284 Cartesian=0.09737022496416814 0.2361102474952907 0.09595455592231543 (2462 plane wave)
 1 1.358701913805355 0.001562499996634517
 2 1.358703599079059 0.001562499996634460
 3 5.005622529381498 1.052468143550701e-10
 4 5.005624202341801 1.052450536320604e-10
 5 7.446466795612291 0.000000000000000
 6 7.446468381706308 0.000000000000000
 7 12.40841187637464 0.000000000000000
 8 12.40841195986513 0.000000000000000
 9 15.99484793052616 0.000000000000000
 10 15.99484808437083 0.000000000000000
 11 18.11365448433041 0.000000000000000
 12 18.11365527212392 0.000000000000000

 spin=1 k-point=1282/1284 Cartesian=0.1168442699570017 0.2473535926141141 0.09595455592231543 (2448 plane wave)
 1 1.571106665959880 0.001562499971847695
 2 1.571108356267150 0.001562499971847219
 3 4.066054787553705 1.265752774724286e-06
 4 4.066056431252401 1.265731986581796e-06
 5 8.822367582928655 0.000000000000000
 6 8.822369193447997 0.000000000000000
 7 12.58997782189264 0.000000000000000
 8 12.58997791997727 0.000000000000000
 9 14.93872918155607 0.000000000000000
 10 14.93872956905862 0.000000000000000
 11 16.57403831765415 0.000000000000000
 12 16.57403954592194 0.000000000000000

 spin=1 k-point=1283/1284 Cartesian=0.1363183149498352 0.2585969377329374 0.09595455592231543 (2448 plane wave)
 1 1.904492618440913 0.001562499210428535
 2 1.904494322917523 0.001562499210415077
 3 3.290311653752084 0.001023005760899859
 4 3.290313260536849 0.001023000085404715
 5 10.32128328698275 0.000000000000000
 6 10.32128490834846 0.000000000000000
 7 12.81840672228548 0.000000000000000
 8 12.81840694137575 0.000000000000000
 9 13.70873294384873 0.000000000000000
 10 13.70873380178269 0.000000000000000
 11 15.22925411240688 0.000000000000000
 12 15.22925475920720 0.000000000000000

 spin=1 k-point=1284/1284 Cartesian=0.1557923599426688 0.2698402828517608 0.09595455592231543 (2456 plane wave)
 1 2.176733730268927 0.0007812439925970497
 2 2.176735453092307 0.0007812439924935527
 3 2.870113385026595 0.0007751323272652948
 4 2.870114902011142 0.0007751322351871490
 5 11.58533945836403 0.000000000000000
 6 11.58534120539328 0.000000000000000
 7 12.33917567225191 0.000000000000000
 8 12.33917685831190 0.000000000000000
 9 13.10875583245714 0.000000000000000
 10 13.10875588533483 0.000000000000000
 11 14.75625914941221 0.000000000000000
 12 14.75625952772792 0.000000000000000

