1     # ionic step
 Electronic state energy (eV) and occupations
 Spin number 1
 spin=1 k-point=1/1284 Cartesian=0.0000000 0.0000000 0.0000000 (3791 plane wave)
 1 -3.673770056411151 0.0007812500000000184
 2 1.592906463681858 0.0007812499824953209
 3 2.035160801596790 0.0007812485417215420
 4 14.83012334085503 0.000000000000000
 5 14.83012338321405 0.000000000000000
 6 15.30341024807193 0.000000000000000
 7 15.30341027790998 0.000000000000000
 8 16.19526991235307 0.000000000000000
 9 17.09804935702617 0.000000000000000
 10 18.02598064509681 0.000000000000000
 11 18.63831502492851 0.000000000000000
 12 20.33426671575675 0.000000000000000

 spin=1 k-point=2/1284 Cartesian=0.01947404499283394 0.01124334511882356 0.000000000000000 (3805 plane wave)
 1 -3.598425795874671 0.001562500000000037
 2 1.668537959322166 0.001562499925415622
 3 2.108270762578974 0.001562493941261763
 4 13.15474333370705 0.000000000000000
 5 13.90557567171809 0.000000000000000
 6 14.86332927737676 0.000000000000000
 7 16.37938279469712 0.000000000000000
 8 17.26014941573331 0.000000000000000
 9 18.03421125275318 0.000000000000000
 10 18.04177950713976 0.000000000000000
 11 18.37699022871539 0.000000000000000
 12 18.58740394448527 0.000000000000000

 spin=1 k-point=3/1284 Cartesian=0.03894808998566748 0.02248669023764690 0.000000000000000 (3813 plane wave)
 1 -3.372425895426247 0.001562500000000037
 2 1.895379683610546 0.001562499279209226
 3 2.327034359902273 0.001562445993338830
 4 11.06695486374124 0.000000000000000
 5 12.93016608336180 0.000000000000000
 6 14.01000563665867 0.000000000000000
 7 16.38464857339356 0.000000000000000
 8 16.52994085643126 0.000000000000000
 9 17.80768336388939 0.000000000000000
 10 18.23887185938155 0.000000000000000
 11 18.34545058576532 0.000000000000000
 12 18.34720255272502 0.000000000000000

 spin=1 k-point=4/1284 Cartesian=0.05842213497850103 0.03373003535647023 0.000000000000000 (3811 plane wave)
 1 -2.995876142238715 0.001562500000000037
 2 2.273248146685607 0.001562468459907682
 3 2.689135408582198 0.001560484016849893
 4 9.079070725202776 0.000000000000000
 5 12.09891318347547 0.000000000000000
 6 13.15371867179462 0.000000000000000
 7 14.38511048810120 0.000000000000000
 8 14.79963510245964 0.000000000000000
 9 17.40311735772850 0.000000000000000
 10 17.84441119192071 0.000000000000000
 11 18.35348077154684 0.000000000000000
 12 18.39384586038147 0.000000000000000

 spin=1 k-point=5/1284 Cartesian=0.07789617997133459 0.04497338047529358 0.000000000000000 (3815 plane wave)
 1 -2.468980569700509 0.001562500000000037
 2 2.801725245556242 0.001556301410829134
 3 3.186677291487233 0.001316256118599460
 4 7.235014041865804 0.000000000000000
 5 11.41748137638405 0.000000000000000
 6 12.17833852199251 0.000000000000000
 7 12.51284921831693 0.000000000000000
 8 13.36459699417865 0.000000000000000
 9 16.72127699312167 0.000000000000000
 10 17.16878312225417 0.000000000000000
 11 17.72891883081126 0.000000000000000
 12 18.17840506242501 0.000000000000000

 spin=1 k-point=6/1284 Cartesian=0.09737022496416814 0.05621672559411691 0.000000000000000 (3797 plane wave)
 1 -1.792100823668086 0.001562500000000037
 2 3.479826948497169 0.0003465448290175596
 3 3.772741148049750 2.344155696115588e-05
 4 5.590119957941278 3.046306152942313e-13
 5 10.78446221403026 0.000000000000000
 6 10.85730026674385 0.000000000000000
 7 10.88704552127417 0.000000000000000
 8 12.52631036281157 0.000000000000000
 9 16.19077313147494 0.000000000000000
 10 16.64144206752301 0.000000000000000
 11 17.20099323631792 0.000000000000000
 12 17.91578009553393 0.000000000000000

 spin=1 k-point=7/1284 Cartesian=0.1168442699570017 0.06746007071294025 0.000000000000000 (3783 plane wave)
 1 -0.9658969835356847 0.001562500000000037
 2 3.661417501520799 6.923730117342515e-05
 3 4.304691518876206 1.164896433741489e-07
 4 4.930972061046067 2.220327976376405e-10
 5 9.207587493086644 0.000000000000000
 6 9.435443454518843 0.000000000000000
 7 10.50800644797418 0.000000000000000
 8 12.06645741335521 0.000000000000000
 9 15.81178760776754 0.000000000000000
 10 16.26411509094228 0.000000000000000
 11 16.82099257628558 0.000000000000000
 12 17.68924644172206 0.000000000000000

 spin=1 k-point=8/1284 Cartesian=0.1363183149498352 0.07870341583176359 0.000000000000000 (3789 plane wave)
 1 0.008291261028837390 0.001562500000000032
 2 2.378732262824172 0.001562409435423208
 3 5.262877490985519 8.034703781917014e-12
 4 5.720977110296470 8.231292158569632e-14
 5 7.797637131079254 0.000000000000000
 6 8.106585566520144 0.000000000000000
 7 10.28053400864397 0.000000000000000
 8 11.81475817708017 0.000000000000000
 9 15.58437856191206 0.000000000000000
 10 16.03751741619180 0.000000000000000
 11 16.59258373460957 0.000000000000000
 12 17.54087405149201 0.000000000000000

 spin=1 k-point=9/1284 Cartesian=0.1557923599426688 0.08994676095058692 0.000000000000000 (3774 plane wave)
 1 1.126766345561160 0.0007812499998345431
 2 1.127521693158889 0.0007812499998332883
 3 6.083866225420368 1.092522104261944e-15
 4 6.512418876369844 0.000000000000000
 5 6.825979590143127 0.000000000000000
 6 7.162602768814415 0.000000000000000
 7 10.20470271814581 0.000000000000000
 8 11.73317296869390 0.000000000000000
 9 15.50857283064237 0.000000000000000
 10 15.96195583765483 0.000000000000000
 11 16.51640984188778 0.000000000000000
 12 17.48961387204287 0.000000000000000

 spin=1 k-point=10/1284 Cartesian=0.000000000000000 0.02248669023764713 0.000000000000000 (3805 plane wave)
 1 -3.598425795879164 0.001562500000000037
 2 1.668537959353178 0.001562499925415622
 3 2.108270762528359 0.001562493941261766
 4 13.15474333072184 0.000000000000000
 5 13.90557568378218 0.000000000000000
 6 14.86332926413363 0.000000000000000
 7 16.37938279542524 0.000000000000000
 8 17.26014942683393 0.000000000000000
 9 18.03421124681701 0.000000000000000
 10 18.04177950673743 0.000000000000000
 11 18.37699022183165 0.000000000000000
 12 18.58740392752491 0.000000000000000

 spin=1 k-point=11/1284 Cartesian=0.01947404499283394 0.03373003535647069 0.000000000000000 (3811 plane wave)
 1 -3.447753496560524 0.001562500000000037
 2 1.819775290711837 0.001562499661574162
 3 2.254223803097286 0.001562473923891217
 4 12.13753335699034 0.000000000000000
 5 12.14819227010242 0.000000000000000
 6 15.55969072209573 0.000000000000000
 7 16.04858858156976 0.000000000000000
 8 17.19604961148328 0.000000000000000
 9 17.46412344271780 0.000000000000000
 10 17.50028242627629 0.000000000000000
 11 17.96119869913393 0.000000000000000
 12 18.32102704001801 0.000000000000000

 spin=1 k-point=12/1284 Cartesian=0.03894808998566748 0.04497338047529403 0.000000000000000 (3815 plane wave)
 1 -3.146476750863767 0.001562500000000037
 2 2.122137239874631 0.001562493040095189
 3 2.544841576144989 0.001562023289440065
 4 10.10749479713105 0.000000000000000
 5 11.25104735128895 0.000000000000000
 6 14.84795678566713 0.000000000000000
 7 15.37930690818927 0.000000000000000
 8 15.74243254766039 0.000000000000000
 9 16.64873491641962 0.000000000000000
 10 16.81600991190044 0.000000000000000
 11 17.38676712134133 0.000000000000000
 12 18.59763409495408 0.000000000000000

 spin=1 k-point=13/1284 Cartesian=0.05842213497850103 0.05621672559411736 0.000000000000000 (3798 plane wave)
 1 -2.694746477177564 0.001562500000000037
 2 2.575341543185738 0.001561853353057991
 3 2.975937397919535 0.001527758559837303
 4 8.190465546115977 0.000000000000000
 5 10.49576481103491 0.000000000000000
 6 13.47224083188203 0.000000000000000
 7 13.55247454291171 0.000000000000000
 8 14.55632708997972 0.000000000000000
 9 15.99553044244842 0.000000000000000
 10 16.01902384366393 0.000000000000000
 11 18.84828843060362 0.000000000000000
 12 19.02384741543972 0.000000000000000

 spin=1 k-point=14/1284 Cartesian=0.07789617997133459 0.06746007071294070 0.000000000000000 (3793 plane wave)
 1 -2.092835817828288 0.001562500000000037
 2 3.178753051441891 0.001332251541725322
 3 3.530428915962449 0.0002291070292367232
 4 6.432907232582795 0.000000000000000
 5 9.873202409508309 0.000000000000000
 6 11.67958592883161 0.000000000000000
 7 11.96372155379558 0.000000000000000
 8 13.88342422899961 0.000000000000000
 9 15.39982815696379 0.000000000000000
 10 15.43097853420455 0.000000000000000
 11 19.01720000615648 0.000000000000000
 12 19.03097660524247 0.000000000000000

 spin=1 k-point=15/1284 Cartesian=0.09737022496416814 0.07870341583176405 0.000000000000000 (3778 plane wave)
 1 -1.341230470185521 0.001562500000000037
 2 3.930753650350558 4.885977288973474e-06
 3 4.016314751653415 2.080394807469816e-06
 4 5.031574554235841 8.119064408123191e-11
 5 9.341194482537837 0.000000000000000
 6 10.02933650406746 0.000000000000000
 7 10.48762183296154 0.000000000000000
 8 13.42014663622486 0.000000000000000
 9 14.93916343147650 0.000000000000000
 10 14.99953940530943 0.000000000000000
 11 18.60049230618539 0.000000000000000
 12 18.82248924632537 0.000000000000000

 spin=1 k-point=16/1284 Cartesian=0.1168442699570017 0.08994676095058737 0.000000000000000 (3783 plane wave)
 1 -0.4408547256676611 0.001562500000000037
 2 3.093670933923995 0.001455101836220643
 3 4.825681565706423 6.363381180611675e-10
 4 5.323130070725766 4.398414740949846e-12
 5 8.533755357345701 0.000000000000000
 6 8.604882141935677 0.000000000000000
 7 9.493489521917573 0.000000000000000
 8 13.11716219158963 0.000000000000000
 9 14.63299803937957 0.000000000000000
 10 14.70941300032536 0.000000000000000
 11 18.30162292737605 0.000000000000000
 12 18.64927408794785 0.000000000000000

 spin=1 k-point=17/1284 Cartesian=0.1363183149498352 0.1011901060694107 0.000000000000000 (3771 plane wave)
 1 0.6062516970842137 0.001562499999998220
 2 1.794199667145306 0.001562499737946496
 3 5.819720661897895 3.066409246135171e-14
 4 6.241041530354928 0.000000000000000
 5 7.238978579627553 0.000000000000000
 6 7.505013640659132 0.000000000000000
 7 9.194533238650202 0.000000000000000
 8 12.96653829115832 0.000000000000000
 9 14.48011117375287 0.000000000000000
 10 14.56375241607023 0.000000000000000
 11 18.15124427602760 0.000000000000000
 12 18.55302096532509 0.000000000000000

 spin=1 k-point=18/1284 Cartesian=0.1557923599426688 0.1124334511882340 0.000000000000000 (3771 plane wave)
 1 0.6062516970895760 0.001562499999998220
 2 1.794199667173888 0.001562499737946496
 3 5.819720661265488 3.066409265527364e-14
 4 6.241041530720574 0.000000000000000
 5 7.238978580523086 0.000000000000000
 6 7.505013639999254 0.000000000000000
 7 9.194533238702853 0.000000000000000
 8 12.96653829122965 0.000000000000000
 9 14.48011117327359 0.000000000000000
 10 14.56375241620746 0.000000000000000
 11 18.15124427630954 0.000000000000000
 12 18.55302096543912 0.000000000000000

 spin=1 k-point=19/1284 Cartesian=0.1363183149498352 0.05621672559411737 0.000000000000000 (3783 plane wave)
 1 -0.4408547256536192 0.001562500000000037
 2 3.093670934109908 0.001455101836034701
 3 4.825681565149471 6.363381216052696e-10
 4 5.323130070789142 4.398414738162300e-12
 5 8.533755358744113 0.000000000000000
 6 8.604882140924451 0.000000000000000
 7 9.493489522020310 0.000000000000000
 8 13.11716219180917 0.000000000000000
 9 14.63299803785871 0.000000000000000
 10 14.70941300073681 0.000000000000000
 11 18.30162292825798 0.000000000000000
 12 18.64927408833332 0.000000000000000

 spin=1 k-point=20/1284 Cartesian=0.1168442699570017 0.04497338047529403 0.000000000000000 (3778 plane wave)
 1 -1.341230470170500 0.001562500000000037
 2 3.930753649921453 4.885977309873843e-06
 3 4.016314752568833 2.080394788450891e-06
 4 5.031574553394959 8.119064476394983e-11
 5 9.341194481911062 0.000000000000000
 6 10.02933650611942 0.000000000000000
 7 10.48762183233867 0.000000000000000
 8 13.42014663660679 0.000000000000000
 9 14.93916342867127 0.000000000000000
 10 14.99953940603919 0.000000000000000
 11 18.60049230777580 0.000000000000000
 12 18.82248924702602 0.000000000000000

 spin=1 k-point=21/1284 Cartesian=0.09737022496416814 0.03373003535647069 0.000000000000000 (3793 plane wave)
 1 -2.092835817814956 0.001562500000000037
 2 3.178753051115624 0.001332251542365846
 3 3.530428916457804 0.0002291070282682383
 4 6.432907231970758 0.000000000000000
 5 9.873202409119418 0.000000000000000
 6 11.67958593202203 0.000000000000000
 7 11.96372155248823 0.000000000000000
 8 13.88342422953717 0.000000000000000
 9 15.39982815230565 0.000000000000000
 10 15.43097853532039 0.000000000000000
 11 19.01720000722003 0.000000000000000
 12 19.03097660837429 0.000000000000000

 spin=1 k-point=22/1284 Cartesian=0.07789617997133459 0.02248669023764736 0.000000000000000 (3798 plane wave)
 1 -2.694746477166885 0.001562500000000037
 2 2.575341542950774 0.001561853353059510
 3 2.975937398228568 0.001527758559732327
 4 8.190465545432369 0.000000000000000
 5 10.49576481075186 0.000000000000000
 6 13.47224083747087 0.000000000000000
 7 13.55247454130269 0.000000000000000
 8 14.55632709018787 0.000000000000000
 9 15.99553044409866 0.000000000000000
 10 16.01902383572114 0.000000000000000
 11 18.84828843581595 0.000000000000000
 12 19.02384741768810 0.000000000000000

 spin=1 k-point=23/1284 Cartesian=0.05842213497850103 0.01124334511882402 0.000000000000000 (3815 plane wave)
 1 -3.146476750856060 0.001562500000000037
 2 2.122137239714541 0.001562493040095200
 3 2.544841576341974 0.001562023289439127
 4 10.10749479606813 0.000000000000000
 5 11.25104735119956 0.000000000000000
 6 14.84795678668090 0.000000000000000
 7 15.37930692036943 0.000000000000000
 8 15.74243254383253 0.000000000000000
 9 16.64873491985068 0.000000000000000
 10 16.81600989611138 0.000000000000000
 11 17.38676712353874 0.000000000000000
 12 18.59763409616286 0.000000000000000

 spin=1 k-point=24/1284 Cartesian=0.03894808998566748 0.000000000000000 0.000000000000000 (3811 plane wave)
 1 -3.447753496555911 0.001562500000000037
 2 1.819775290618954 0.001562499661574162
 3 2.254223803208304 0.001562473923891188
 4 12.13753332730772 0.000000000000000
 5 12.14819229790069 0.000000000000000
 6 15.55969073002197 0.000000000000000
 7 16.04858857813132 0.000000000000000
 8 17.19604963855625 0.000000000000000
 9 17.46412345931548 0.000000000000000
 10 17.50028240558484 0.000000000000000
 11 17.96119866584625 0.000000000000000
 12 18.32102704256287 0.000000000000000

 spin=1 k-point=25/1284 Cartesian=-0.01947404499283316 0.01124334511882402 0.000000000000000 (3805 plane wave)
 1 -3.598425795877629 0.001562500000000037
 2 1.668537959322504 0.001562499925415622
 3 2.108270762564325 0.001562493941261764
 4 13.15474333082553 0.000000000000000
 5 13.90557567801976 0.000000000000000
 6 14.86332927273043 0.000000000000000
 7 16.37938279840068 0.000000000000000
 8 17.26014941593411 0.000000000000000
 9 18.03421124801406 0.000000000000000
 10 18.04177950802926 0.000000000000000
 11 18.37699022644069 0.000000000000000
 12 18.58740394146843 0.000000000000000

 spin=1 k-point=26/1284 Cartesian=0.000000000000000 0.04497338047529380 0.000000000000000 (3813 plane wave)
 1 -3.372425895444739 0.001562500000000037
 2 1.895379683742396 0.001562499279209226
 3 2.327034359684040 0.001562445993338947
 4 11.06695486335682 0.000000000000000
 5 12.93016609267468 0.000000000000000
 6 14.01000562593321 0.000000000000000
 7 16.38464856289817 0.000000000000000
 8 16.52994085845555 0.000000000000000
 9 17.80768336765476 0.000000000000000
 10 18.23887186668071 0.000000000000000
 11 18.34545058399164 0.000000000000000
 12 18.34720256148182 0.000000000000000

 spin=1 k-point=27/1284 Cartesian=0.01947404499283394 0.05621672559411736 0.000000000000000 (3815 plane wave)
 1 -3.146476750878190 0.001562500000000037
 2 2.122137239982592 0.001562493040095182
 3 2.544841575963309 0.001562023289440931
 4 10.10749479668136 0.000000000000000
 5 11.25104735335741 0.000000000000000
 6 14.84795678521149 0.000000000000000
 7 15.37930690233957 0.000000000000000
 8 15.74243254559195 0.000000000000000
 9 16.64873491491828 0.000000000000000
 10 16.81600991648693 0.000000000000000
 11 17.38676712714591 0.000000000000000
 12 18.59763409526029 0.000000000000000

 spin=1 k-point=28/1284 Cartesian=0.03894808998566748 0.06746007071294069 0.000000000000000 (3801 plane wave)
 1 -2.770014206421240 0.001562500000000037
 2 2.499855570996411 0.001562195959812302
 3 2.905143420255609 0.001545189073731711
 4 9.255280764740451 0.000000000000000
 5 9.320422605067561 0.000000000000000
 6 14.27572311150935 0.000000000000000
 7 14.58696674773130 0.000000000000000
 8 15.01525563283152 0.000000000000000
 9 15.07308867325063 0.000000000000000
 10 16.28343062950690 0.000000000000000
 11 16.93537980774665 0.000000000000000
 12 18.97386445828233 0.000000000000000

 spin=1 k-point=29/1284 Cartesian=0.05842213497850103 0.07870341583176403 0.000000000000000 (3788 plane wave)
 1 -2.243246251262706 0.001562500000000037
 2 3.028101053736803 0.001504846045945211
 3 3.399761459419490 0.0006066615255401709
 4 7.448274051893377 0.000000000000000
 5 8.613554368544587 0.000000000000000
 6 12.66437059496737 0.000000000000000
 7 12.98895150708846 0.000000000000000
 8 14.12180069323143 0.000000000000000
 9 14.24966956282220 0.000000000000000
 10 15.93674057385236 0.000000000000000
 11 18.27524008206962 0.000000000000000
 12 19.49894318178098 0.000000000000000

 spin=1 k-point=30/1284 Cartesian=0.07789617997133459 0.08994676095058737 0.000000000000000 (3777 plane wave)
 1 -1.566539922159503 0.001562500000000037
 2 3.705869389822365 4.510759525381374e-05
 3 3.982809735256498 2.906873604950551e-06
 4 5.803224003276680 3.616381271170582e-14
 5 8.080134257173754 0.000000000000000
 6 10.98177457969244 0.000000000000000
 7 11.36981392180823 0.000000000000000
 8 13.54053614119350 0.000000000000000
 9 13.73703345873979 0.000000000000000
 10 15.45763365198895 0.000000000000000
 11 19.97784629162668 0.000000000000000
 12 20.15591807949363 0.000000000000000

 spin=1 k-point=31/1284 Cartesian=0.09737022496416814 0.1011901060694107 0.000000000000000 (3783 plane wave)
 1 -0.7405611269878623 0.001562500000000037
 2 3.885131721522407 7.696630487383243e-06
 3 4.530295872563606 1.220474763569678e-08
 4 5.119043319809974 3.385586267672855e-11
 5 7.680198624501679 0.000000000000000
 6 9.419090751772719 0.000000000000000
 7 9.896060326335093 0.000000000000000
 8 13.14460329672299 0.000000000000000
 9 13.37247343803887 0.000000000000000
 10 15.10232622558674 0.000000000000000
 11 20.31798259603104 0.000000000000000
 12 20.38213733620645 0.000000000000000

 spin=1 k-point=32/1284 Cartesian=0.1168442699570017 0.1124334511882340 0.000000000000000 (3772 plane wave)
 1 0.2333481128686958 0.001562499999999993
 2 2.603243342548922 0.001561645355715717
 3 5.488161671178415 8.444479179554936e-13
 4 5.880857976159654 1.663849607164715e-14
 5 7.353767793665853 0.000000000000000
 6 8.014594729438688 0.000000000000000
 7 8.666617897077888 0.000000000000000
 8 12.91033501650724 0.000000000000000
 9 13.15344246558070 0.000000000000000
 10 14.88653066565676 0.000000000000000
 11 20.17836354394821 0.000000000000000
 12 20.28024116159011 0.000000000000000

 spin=1 k-point=33/1284 Cartesian=0.1363183149498352 0.1236767963070574 0.000000000000000 (3754 plane wave)
 1 1.349528119309905 0.001562499996929561
 2 1.354254602344331 0.001562499996780951
 3 6.311693573593685 0.000000000000000
 4 6.727467924893229 0.000000000000000
 5 6.832329426439643 0.000000000000000
 6 7.041771596359814 0.000000000000000
 7 8.106319316527207 0.000000000000000
 8 12.83260487558575 0.000000000000000
 9 13.08035919321065 0.000000000000000
 10 14.81427575025828 0.000000000000000
 11 20.10564772280635 0.000000000000000
 12 20.25584573254880 0.000000000000000

 spin=1 k-point=34/1284 Cartesian=0.1557923599426688 0.1349201414258807 0.000000000000000 (3772 plane wave)
 1 0.2333481128912148 0.001562499999999993
 2 2.603243342738228 0.001561645355714100
 3 5.488161669798966 8.444479296042228e-13
 4 5.880857976421205 1.663849602812904e-14
 5 7.353767793534066 0.000000000000000
 6 8.014594732169625 0.000000000000000
 7 8.666617895728436 0.000000000000000
 8 12.91033501485839 0.000000000000000
 9 13.15344246640598 0.000000000000000
 10 14.88653066588870 0.000000000000000
 11 20.17836354465049 0.000000000000000
 12 20.28024116212927 0.000000000000000

 spin=1 k-point=35/1284 Cartesian=0.1363183149498352 0.03373003535647069 0.000000000000000 (3783 plane wave)
 1 -0.7405611269562921 0.001562500000000037
 2 3.885131722809317 7.696630388822396e-06
 3 4.530295871497890 1.220474776576378e-08
 4 5.119043318592719 3.385586308884069e-11
 5 7.680198624649539 0.000000000000000
 6 9.419090755973937 0.000000000000000
 7 9.896060323836410 0.000000000000000
 8 13.14460329298633 0.000000000000000
 9 13.37247343988661 0.000000000000000
 10 15.10232622612963 0.000000000000000
 11 20.31798259698991 0.000000000000000
 12 20.38213733825872 0.000000000000000

 spin=1 k-point=36/1284 Cartesian=0.1168442699570017 0.02248669023764735 0.000000000000000 (3777 plane wave)
 1 -1.566539922129217 0.001562500000000037
 2 3.705869389020425 4.510759560510699e-05
 3 3.982809736833373 2.906873559198077e-06
 4 5.803224001252853 3.616381344359889e-14
 5 8.080134257594507 0.000000000000000
 6 10.98177458669641 0.000000000000000
 7 11.36981391761192 0.000000000000000
 8 13.54053613404125 0.000000000000000
 9 13.73703346220490 0.000000000000000
 10 15.45763365302028 0.000000000000000
 11 19.97784629661642 0.000000000000000
 12 20.15591808191814 0.000000000000000

 spin=1 k-point=37/1284 Cartesian=0.09737022496416814 0.01124334511882402 0.000000000000000 (3788 plane wave)
 1 -2.243246251237293 0.001562500000000037
 2 3.028101053151078 0.001504846046270444
 3 3.399761460280047 0.0006066615223464969
 4 7.448274049534863 0.000000000000000
 5 8.613554369725977 0.000000000000000
 6 12.66437060909744 0.000000000000000
 7 12.98895149879990 0.000000000000000
 8 14.12180067833832 0.000000000000000
 9 14.24966957009288 0.000000000000000
 10 15.93674057608004 0.000000000000000
 11 18.27524008400751 0.000000000000000
 12 19.49894318257434 0.000000000000000

 spin=1 k-point=38/1284 Cartesian=0.07789617997133459 0.000000000000000 0.000000000000000 (3801 plane wave)
 1 -2.770014206401890 0.001562500000000037
 2 2.499855570579808 0.001562195959813568
 3 2.905143420796677 0.001545189073639085
 4 9.255280736464186 0.000000000000000
 5 9.320422632092031 0.000000000000000
 6 14.27572314103848 0.000000000000000
 7 14.58696672434569 0.000000000000000
 8 15.01525565434555 0.000000000000000
 9 15.07308864228972 0.000000000000000
 10 16.28343063915111 0.000000000000000
 11 16.93537980218458 0.000000000000000
 12 18.97386445899814 0.000000000000000

 spin=1 k-point=39/1284 Cartesian=0.05842213497850103 -0.01124334511882266 0.000000000000000 (3815 plane wave)
 1 -3.146476750865260 0.001562500000000037
 2 2.122137239716496 0.001562493040095200
 3 2.544841576291132 0.001562023289439369
 4 10.10749479476716 0.000000000000000
 5 11.25104735344494 0.000000000000000
 6 14.84795678604887 0.000000000000000
 7 15.37930692005029 0.000000000000000
 8 15.74243254241425 0.000000000000000
 9 16.64873492061773 0.000000000000000
 10 16.81600989661189 0.000000000000000
 11 17.38676712551030 0.000000000000000
 12 18.59763409629066 0.000000000000000

 spin=1 k-point=40/1284 Cartesian=-0.03894808998566670 0.02248669023764735 0.000000000000000 (3813 plane wave)
 1 -3.372425895438283 0.001562500000000037
 2 1.895379683612732 0.001562499279209226
 3 2.327034359839989 0.001562445993338863
 4 11.06695486231889 0.000000000000000
 5 12.93016608904946 0.000000000000000
 6 14.01000563206185 0.000000000000000
 7 16.38464857300619 0.000000000000000
 8 16.52994085721079 0.000000000000000
 9 17.80768336846268 0.000000000000000
 10 18.23887186483259 0.000000000000000
 11 18.34545058410421 0.000000000000000
 12 18.34720255014540 0.000000000000000

 spin=1 k-point=41/1284 Cartesian=-0.01947404499283316 0.03373003535647068 0.000000000000000 (3811 plane wave)
 1 -3.447753496569475 0.001562500000000037
 2 1.819775290713396 0.001562499661574162
 3 2.254223803052391 0.001562473923891228
 4 12.13753336211709 0.000000000000000
 5 12.14819226437912 0.000000000000000
 6 15.55969072874826 0.000000000000000
 7 16.04858857755472 0.000000000000000
 8 17.19604961079297 0.000000000000000
 9 17.46412343690979 0.000000000000000
 10 17.50028243453526 0.000000000000000
 11 17.96119870086682 0.000000000000000
 12 18.32102703869233 0.000000000000000

 spin=1 k-point=42/1284 Cartesian=0.000000000000000 0.06746007071294047 0.000000000000000 (3811 plane wave)
 1 -2.995876142282249 0.001562500000000037
 2 2.273248147011170 0.001562468459907579
 3 2.689135408017381 0.001560484016861265
 4 9.079070725616905 0.000000000000000
 5 12.09891319186633 0.000000000000000
 6 13.15371866417116 0.000000000000000
 7 14.38511047950946 0.000000000000000
 8 14.79963510390299 0.000000000000000
 9 17.40311736545970 0.000000000000000
 10 17.84441120124131 0.000000000000000
 11 18.35348077345971 0.000000000000000
 12 18.39384585598099 0.000000000000000

 spin=1 k-point=43/1284 Cartesian=0.01947404499283394 0.07870341583176403 0.000000000000000 (3798 plane wave)
 1 -2.694746477218554 0.001562500000000037
 2 2.575341543518340 0.001561853353055841
 3 2.975937397326819 0.001527758560038642
 4 8.190465546486655 0.000000000000000
 5 10.49576481293377 0.000000000000000
 6 13.47224082565246 0.000000000000000
 7 13.55247454783842 0.000000000000000
 8 14.55632708436170 0.000000000000000
 9 15.99553044288396 0.000000000000000
 10 16.01902384842548 0.000000000000000
 11 18.84828843505442 0.000000000000000
 12 19.02384741599737 0.000000000000000

 spin=1 k-point=44/1284 Cartesian=0.03894808998566748 0.08994676095058736 0.000000000000000 (3788 plane wave)
 1 -2.243246251290467 0.001562500000000037
 2 3.028101053986446 0.001504846045806592
 3 3.399761458932078 0.0006066615273490413
 4 7.448274052415364 0.000000000000000
 5 8.613554368805426 0.000000000000000
 6 12.66437059012065 0.000000000000000
 7 12.98895151106301 0.000000000000000
 8 14.12180069747750 0.000000000000000
 9 14.24966956080432 0.000000000000000
 10 15.93674057010654 0.000000000000000
 11 18.27524008555248 0.000000000000000
 12 19.49894318195773 0.000000000000000

 spin=1 k-point=45/1284 Cartesian=0.05842213497850103 0.1011901060694107 0.000000000000000 (3785 plane wave)
 1 -1.641660246924884 0.001562500000000037
 2 3.630835136709115 9.253949715059762e-05
 3 3.941000111673658 4.411475762451159e-06
 4 6.783351569334476 0.000000000000000
 5 6.942389511865587 0.000000000000000
 6 11.77627728283625 0.000000000000000
 7 12.20503075376719 0.000000000000000
 8 12.59591025923232 0.000000000000000
 9 12.77457197529242 0.000000000000000
 10 17.40313876352305 0.000000000000000
 11 18.00774700307529 0.000000000000000
 12 20.10630236304420 0.000000000000000

 spin=1 k-point=46/1284 Cartesian=0.07789617997133459 0.1124334511882340 0.000000000000000 (3780 plane wave)
 1 -0.8904894474856272 0.001562500000000037
 2 4.381855234622697 5.385014605975354e-08
 3 4.426300813141968 3.452768923266561e-08
 4 5.408814015054928 1.867133819631675e-12
 5 6.462679761910957 0.000000000000000
 6 10.39564165007146 0.000000000000000
 7 10.83381402052954 0.000000000000000
 8 11.86469180578439 0.000000000000000
 9 12.13971229304101 0.000000000000000
 10 17.25646203807823 0.000000000000000
 11 19.60902941019664 0.000000000000000
 12 20.85906466307815 0.000000000000000

 spin=1 k-point=47/1284 Cartesian=0.09737022496416814 0.1236767963070574 0.000000000000000 (3778 plane wave)
 1 0.009325938464308899 0.001562500000000032
 2 3.541625230284772 0.0002080709813260566
 3 5.275552063113603 7.078233570042351e-12
 4 5.480523301125031 9.114773835798127e-13
 5 6.324529241446089 0.000000000000000
 6 8.949503295299595 0.000000000000000
 7 9.444087494969777 0.000000000000000
 8 11.50917234655679 0.000000000000000
 9 11.82158812755712 0.000000000000000
 10 16.99402130033682 0.000000000000000
 11 21.51878547429575 0.000000000000000
 12 21.74091829341103 0.000000000000000

 spin=1 k-point=48/1284 Cartesian=0.1168442699570017 0.1349201414258807 0.000000000000000 (3767 plane wave)
 1 1.055737126102703 0.001562499999837374
 2 2.242995597853835 0.001562476693338635
 3 5.691675601553460 1.103374349128417e-13
 4 6.270288485047872 0.000000000000000
 5 6.793928582726967 0.000000000000000
 6 7.666760962691968 0.000000000000000
 7 8.286976184866498 0.000000000000000
 8 11.34302369151385 0.000000000000000
 9 11.66848975625417 0.000000000000000
 10 16.85699201965391 0.000000000000000
 11 22.01353223920418 0.000000000000000
 12 22.18662478525116 0.000000000000000

 spin=1 k-point=49/1284 Cartesian=0.1363183149498352 0.1461634865447040 0.000000000000000 (3767 plane wave)
 1 1.055737126106603 0.001562499999837374
 2 2.242995598029882 0.001562476693338594
 3 5.691675600875669 1.103374356606973e-13
 4 6.270288482425630 0.000000000000000
 5 6.793928584686155 0.000000000000000
 6 7.666760966828992 0.000000000000000
 7 8.286976182295577 0.000000000000000
 8 11.34302368990797 0.000000000000000
 9 11.66848975723554 0.000000000000000
 10 16.85699201989544 0.000000000000000
 11 22.01353223972250 0.000000000000000
 12 22.18662478635720 0.000000000000000

 spin=1 k-point=50/1284 Cartesian=0.1557923599426688 0.1574068316635274 0.000000000000000 (3778 plane wave)
 1 0.009325938510186897 0.001562500000000032
 2 3.541625231449244 0.0002080709792257778
 3 5.275552060945101 7.078233723533975e-12
 4 5.480523297934571 9.114774126601459e-13
 5 6.324529244673372 0.000000000000000
 6 8.949503302823155 0.000000000000000
 7 9.444087489863794 0.000000000000000
 8 11.50917234092049 0.000000000000000
 9 11.82158813100438 0.000000000000000
 10 16.99402130117517 0.000000000000000
 11 21.51878547959106 0.000000000000000
 12 21.74091829485701 0.000000000000000

 spin=1 k-point=51/1284 Cartesian=0.1363183149498352 0.01124334511882402 0.000000000000000 (3780 plane wave)
 1 -0.8904894474339669 0.001562500000000037
 2 4.381855233026106 5.385014691949086e-08
 3 4.426300818556602 3.452768736315857e-08
 4 5.408814006018258 1.867133988358432e-12
 5 6.462679766201740 0.000000000000000
 6 10.39564166489973 0.000000000000000
 7 10.83381401039928 0.000000000000000
 8 11.86469179208728 0.000000000000000
 9 12.13971230167057 0.000000000000000
 10 17.25646204015171 0.000000000000000
 11 19.60902941214290 0.000000000000000
 12 20.85906466354934 0.000000000000000

 spin=1 k-point=52/1284 Cartesian=0.1168442699570017 0.000000000000000 0.000000000000000 (3785 plane wave)
 1 -1.641660246878873 0.001562500000000037
 2 3.630835135539833 9.253949816856069e-05
 3 3.941000113851657 4.411475666640490e-06
 4 6.783351541710383 0.000000000000000
 5 6.942389537489693 0.000000000000000
 6 11.77627731275487 0.000000000000000
 7 12.20503072959341 0.000000000000000
 8 12.59591022979431 0.000000000000000
 9 12.77457199789759 0.000000000000000
 10 17.40313877271529 0.000000000000000
 11 18.00774699739956 0.000000000000000
 12 20.10630236343932 0.000000000000000

 spin=1 k-point=53/1284 Cartesian=0.09737022496416814 -0.01124334511882265 0.000000000000000 (3788 plane wave)
 1 -2.243246251253788 0.001562500000000037
 2 3.028101053150721 0.001504846046270643
 3 3.399761460154294 0.0006066615228131902
 4 7.448274048896468 0.000000000000000
 5 8.613554370745065 0.000000000000000
 6 12.66437060884170 0.000000000000000
 7 12.98895149952720 0.000000000000000
 8 14.12180067868475 0.000000000000000
 9 14.24966957031320 0.000000000000000
 10 15.93674057485520 0.000000000000000
 11 18.27524008477046 0.000000000000000
 12 19.49894318265342 0.000000000000000

 spin=1 k-point=54/1284 Cartesian=0.07789617997133459 -0.02248669023764599 0.000000000000000 (3798 plane wave)
 1 -2.694746477192259 0.001562500000000037
 2 2.575341542956698 0.001561853353059471
 3 2.975937398068819 0.001527758559786592
 4 8.190465544683599 0.000000000000000
 5 10.49576481276505 0.000000000000000
 6 13.47224083717040 0.000000000000000
 7 13.55247454232553 0.000000000000000
 8 14.55632708803537 0.000000000000000
 9 15.99553044559869 0.000000000000000
 10 16.01902383636566 0.000000000000000
 11 18.84828843647588 0.000000000000000
 12 19.02384741724486 0.000000000000000

 spin=1 k-point=55/1284 Cartesian=-0.05842213497850025 0.03373003535647068 0.000000000000000 (3811 plane wave)
 1 -2.995876142266534 0.001562500000000037
 2 2.273248146686991 0.001562468459907681
 3 2.689135408425483 0.001560484016853048
 4 9.079070724379982 0.000000000000000
 5 12.09891318897955 0.000000000000000
 6 13.15371866759210 0.000000000000000
 7 14.38511048774366 0.000000000000000
 8 14.79963510288365 0.000000000000000
 9 17.40311736364317 0.000000000000000
 10 17.84441119670301 0.000000000000000
 11 18.35348076598147 0.000000000000000
 12 18.39384585442073 0.000000000000000

 spin=1 k-point=56/1284 Cartesian=-0.03894808998566670 0.04497338047529402 0.000000000000000 (3815 plane wave)
 1 -3.146476750888093 0.001562500000000037
 2 2.122137239884319 0.001562493040095189
 3 2.544841576016122 0.001562023289440679
 4 10.10749479635261 0.000000000000000
 5 11.25104735242214 0.000000000000000
 6 14.84795678608289 0.000000000000000
 7 15.37930690754582 0.000000000000000
 8 15.74243255135219 0.000000000000000
 9 16.64873491414165 0.000000000000000
 10 16.81600991312883 0.000000000000000
 11 17.38676712452416 0.000000000000000
 12 18.59763409406053 0.000000000000000

 spin=1 k-point=57/1284 Cartesian=-0.01947404499283316 0.05621672559411735 0.000000000000000 (3815 plane wave)
 1 -3.146476750893328 0.001562500000000037
 2 2.122137239985169 0.001562493040095182
 3 2.544841575885283 0.001562023289441303
 4 10.10749479720958 0.000000000000000
 5 11.25104735220407 0.000000000000000
 6 14.84795678691496 0.000000000000000
 7 15.37930690199539 0.000000000000000
 8 15.74243254942334 0.000000000000000
 9 16.64873491206921 0.000000000000000
 10 16.81600991719037 0.000000000000000
 11 17.38676712898630 0.000000000000000
 12 18.59763409429345 0.000000000000000

 spin=1 k-point=58/1284 Cartesian=0.000000000000000 0.08994676095058715 0.000000000000000 (3815 plane wave)
 1 -2.468980569783280 0.001562500000000037
 2 2.801725246244680 0.001556301410786630
 3 3.186677290205546 0.001316256121258151
 4 7.235014042952597 0.000000000000000
 5 11.41748138432411 0.000000000000000
 6 12.17833852068764 0.000000000000000
 7 12.51284921061065 0.000000000000000
 8 13.36459699068112 0.000000000000000
 9 16.72127700081611 0.000000000000000
 10 17.16878313058084 0.000000000000000
 11 17.72891883385474 0.000000000000000
 12 18.17840505216689 0.000000000000000

 spin=1 k-point=59/1284 Cartesian=0.01947404499283394 0.1011901060694107 0.000000000000000 (3793 plane wave)
 1 -2.092835817912250 0.001562500000000037
 2 3.178753052214850 0.001332251540207853
 3 3.530428914374711 0.0002291070323409645
 4 6.432907233890131 0.000000000000000
 5 9.873202411165895 0.000000000000000
 6 11.67958592238471 0.000000000000000
 7 11.96372155978309 0.000000000000000
 8 13.88342422381669 0.000000000000000
 9 15.39982816165611 0.000000000000000
 10 15.43097853520083 0.000000000000000
 11 19.01720000436699 0.000000000000000
 12 19.03097661059379 0.000000000000000

 spin=1 k-point=60/1284 Cartesian=0.03894808998566748 0.1124334511882340 0.000000000000000 (3777 plane wave)
 1 -1.566539922234000 0.001562500000000037
 2 3.705869390614034 4.510759490702002e-05
 3 3.982809733179121 2.906873665224978e-06
 4 5.803224005393052 3.616381194634459e-14
 5 8.080134257139147 0.000000000000000
 6 10.98177457368445 0.000000000000000
 7 11.36981392709920 0.000000000000000
 8 13.54053614596904 0.000000000000000
 9 13.73703345679909 0.000000000000000
 10 15.45763364867314 0.000000000000000
 11 19.97784629591039 0.000000000000000
 12 20.15591808053210 0.000000000000000

 spin=1 k-point=61/1284 Cartesian=0.05842213497850103 0.1236767963070574 0.000000000000000 (3780 plane wave)
 1 -0.8904894475350791 0.001562500000000037
 2 4.381855235275439 5.385014570826312e-08
 3 4.426300810114491 3.452769027796048e-08
 4 5.408814019701284 1.867133732877976e-12
 5 6.462679759896880 0.000000000000000
 6 10.39564164458564 0.000000000000000
 7 10.83381402551883 0.000000000000000
 8 11.86469181047219 0.000000000000000
 9 12.13971228961205 0.000000000000000
 10 17.25646203549335 0.000000000000000
 11 19.60902941320599 0.000000000000000
 12 20.85906466343724 0.000000000000000

 spin=1 k-point=62/1284 Cartesian=0.07789617997133459 0.1349201414258807 0.000000000000000 (3783 plane wave)
 1 -0.06539031620726030 0.001562500000000035
 2 4.433097788387967 3.225887733455403e-08
 3 4.751440558232721 1.336941554813993e-09
 4 5.203539471624400 1.454359175438728e-11
 5 5.966169511082409 7.089419723125660e-15
 6 9.728042798094828 0.000000000000000
 7 10.23552046313184 0.000000000000000
 8 10.57608643377412 0.000000000000000
 9 10.87244354938028 0.000000000000000
 10 18.99075889003259 0.000000000000000
 11 19.52064375210077 0.000000000000000
 12 21.69293455188829 0.000000000000000

 spin=1 k-point=63/1284 Cartesian=0.09737022496416814 0.1461634865447041 0.000000000000000 (3769 plane wave)
 1 0.9073654101842276 0.001562499999963146
 2 3.273698321823855 0.001080092830372586
 3 4.442476045703640 2.937113894362874e-08
 4 6.158156309783131 1.039495017834256e-15
 5 6.689350146348483 0.000000000000000
 6 8.591535842399594 0.000000000000000
 7 9.133497637386524 0.000000000000000
 8 10.07682239784606 0.000000000000000
 9 10.42766190042817 0.000000000000000
 10 19.02992058753390 0.000000000000000
 11 21.35124005275352 0.000000000000000
 12 22.66951003919717 0.000000000000000

 spin=1 k-point=64/1284 Cartesian=0.1168442699570017 0.1574068316635274 0.000000000000000 (3782 plane wave)
 1 2.014907609047971 0.001562497618162743
 2 2.034138160312621 0.001562497113116964
 3 4.381386629088698 5.410307430357035e-08
 4 6.995132825396622 0.000000000000000
 5 7.342648921155274 0.000000000000000
 6 7.640677591467737 0.000000000000000
 7 8.330705599819106 0.000000000000000
 8 9.963592813995939 0.000000000000000
 9 10.32962493931398 0.000000000000000
 10 18.97251130439891 0.000000000000000
 11 23.17649122697455 0.000000000000000
 12 23.53669280182016 0.000000000000000

 spin=1 k-point=65/1284 Cartesian=0.1363183149498352 0.1686501767823507 0.000000000000000 (3769 plane wave)
 1 0.9073654102169155 0.001562499999963146
 2 3.273698323441375 0.001080092824978666
 3 4.442476043079122 2.937113971446535e-08
 4 6.158156305233297 1.039495065129565e-15
 5 6.689350150355756 0.000000000000000
 6 8.591535857238130 0.000000000000000
 7 9.133497626426035 0.000000000000000
 8 10.07682238746325 0.000000000000000
 9 10.42766190802147 0.000000000000000
 10 19.02992058893752 0.000000000000000
 11 21.35124005544101 0.000000000000000
 12 22.66951003893230 0.000000000000000

 spin=1 k-point=66/1284 Cartesian=0.1557923599426688 0.1798935219011741 0.000000000000000 (3783 plane wave)
 1 -0.06539031613217156 0.001562500000000035
 2 4.433097809883310 3.225887040053991e-08
 3 4.751440531037369 1.336941918399780e-09
 4 5.203539468453807 1.454359221550560e-11
 5 5.966169518699208 7.089419183138710e-15
 6 9.728042828191549 0.000000000000000
 7 10.23552043773145 0.000000000000000
 8 10.57608640666183 0.000000000000000
 9 10.87244357205542 0.000000000000000
 10 18.99075889911124 0.000000000000000
 11 19.52064374631490 0.000000000000000
 12 21.69293455183540 0.000000000000000

 spin=1 k-point=67/1284 Cartesian=0.1363183149498352 -0.01124334511882266 0.000000000000000 (3780 plane wave)
 1 -0.8904894474601354 0.001562500000000037
 2 4.381855233041484 5.385014691121040e-08
 3 4.426300817821935 3.452768761681665e-08
 4 5.408814006611165 1.867133977288070e-12
 5 6.462679766289212 0.000000000000000
 6 10.39564166465377 0.000000000000000
 7 10.83381401152934 0.000000000000000
 8 11.86469179235435 0.000000000000000
 9 12.13971230121747 0.000000000000000
 10 17.25646203975343 0.000000000000000
 11 19.60902941232315 0.000000000000000
 12 20.85906466352991 0.000000000000000

 spin=1 k-point=68/1284 Cartesian=0.1168442699570017 -0.02248669023764600 0.000000000000000 (3777 plane wave)
 1 -1.566539922171201 0.001562500000000037
 2 3.705869389037684 4.510759559754644e-05
 3 3.982809736334723 2.906873573666212e-06
 4 5.803224001144409 3.616381348281654e-14
 5 8.080134258405153 0.000000000000000
 6 10.98177458642896 0.000000000000000
 7 11.36981391886883 0.000000000000000
 8 13.54053613442557 0.000000000000000
 9 13.73703346255750 0.000000000000000
 10 15.45763365200968 0.000000000000000
 11 19.97784629675188 0.000000000000000
 12 20.15591808104549 0.000000000000000

 spin=1 k-point=69/1284 Cartesian=0.09737022496416814 -0.03373003535646934 0.000000000000000 (3793 plane wave)
 1 -2.092835817864861 0.001562500000000037
 2 3.178753051131025 0.001332251542335610
 3 3.530428916055950 0.0002291070290539168
 4 6.432907231634716 0.000000000000000
 5 9.873202410824439 0.000000000000000
 6 11.67958593173894 0.000000000000000
 7 11.96372155409938 0.000000000000000
 8 13.88342422755505 0.000000000000000
 9 15.39982815299503 0.000000000000000
 10 15.43097853719964 0.000000000000000
 11 19.01720000497065 0.000000000000000
 12 19.03097660764281 0.000000000000000

 spin=1 k-point=70/1284 Cartesian=-0.07789617997133380 0.04497338047529403 0.000000000000000 (3815 plane wave)
 1 -2.468980569751861 0.001562500000000037
 2 2.801725245568631 0.001556301410828369
 3 3.186677291148572 0.001316256119301967
 4 7.235014041433076 0.000000000000000
 5 11.41748138179445 0.000000000000000
 6 12.17833851963471 0.000000000000000
 7 12.51284921800056 0.000000000000000
 8 13.36459699294252 0.000000000000000
 9 16.72127699900780 0.000000000000000
 10 17.16878312694562 0.000000000000000
 11 17.72891882587027 0.000000000000000
 12 18.17840505508604 0.000000000000000

 spin=1 k-point=71/1284 Cartesian=-0.05842213497850025 0.05621672559411737 0.000000000000000 (3798 plane wave)
 1 -2.694746477224593 0.001562500000000037
 2 2.575341543195619 0.001561853353057927
 3 2.975937397642655 0.001527758559931356
 4 8.190465545678029 0.000000000000000
 5 10.49576481238230 0.000000000000000
 6 13.47224083143236 0.000000000000000
 7 13.55247454390315 0.000000000000000
 8 14.55632709092259 0.000000000000000
 9 15.99553044286023 0.000000000000000
 10 16.01902384464414 0.000000000000000
 11 18.84828843413073 0.000000000000000
 12 19.02384741380117 0.000000000000000

 spin=1 k-point=72/1284 Cartesian=-0.03894808998566670 0.06746007071294070 0.000000000000000 (3801 plane wave)
 1 -2.770014206458399 0.001562500000000037
 2 2.499855571008375 0.001562195959812265
 3 2.905143420049886 0.001545189073766929
 4 9.255280769619398 0.000000000000000
 5 9.320422600145646 0.000000000000000
 6 14.27572311055063 0.000000000000000
 7 14.58696675634390 0.000000000000000
 8 15.01525562400525 0.000000000000000
 9 15.07308867443298 0.000000000000000
 10 16.28343063675783 0.000000000000000
 11 16.93537980494372 0.000000000000000
 12 18.97386445760113 0.000000000000000

 spin=1 k-point=73/1284 Cartesian=-0.01947404499283316 0.07870341583176405 0.000000000000000 (3798 plane wave)
 1 -2.694746477240206 0.001562500000000037
 2 2.575341543522092 0.001561853353055817
 3 2.975937397209610 0.001527758560078457
 4 8.190465546804663 0.000000000000000
 5 10.49576481222957 0.000000000000000
 6 13.47224082551053 0.000000000000000
 7 13.55247454817262 0.000000000000000
 8 14.55632708710164 0.000000000000000
 9 15.99553044151174 0.000000000000000
 10 16.01902384874633 0.000000000000000
 11 18.84828843873361 0.000000000000000
 12 19.02384741447909 0.000000000000000

 spin=1 k-point=74/1284 Cartesian=0.000000000000000 0.1124334511882338 0.000000000000000 (3797 plane wave)
 1 -1.792100823810122 0.001562500000000037
 2 3.479826949868579 0.0003465448253190714
 3 3.772741144829999 2.344155770459251e-05
 4 5.590119960524691 3.046306074243603e-13
 5 10.78446220637652 0.000000000000000
 6 10.85730027109259 0.000000000000000
 7 10.88704552897213 0.000000000000000
 8 12.52631035481360 0.000000000000000
 9 16.19077313916489 0.000000000000000
 10 16.64144207532511 0.000000000000000
 11 17.20099323867135 0.000000000000000
 12 17.91578008250241 0.000000000000000

 spin=1 k-point=75/1284 Cartesian=0.01947404499283394 0.1236767963070574 0.000000000000000 (3778 plane wave)
 1 -1.341230470336895 0.001562500000000037
 2 3.930753652042303 4.885977206573614e-06
 3 4.016314746784691 2.080394908623678e-06
 4 5.031574558273620 8.119064080293293e-11
 5 9.341194483941297 0.000000000000000
 6 10.02933649684986 0.000000000000000
 7 10.48762184003581 0.000000000000000
 8 13.42014663152461 0.000000000000000
 9 14.93916343619425 0.000000000000000
 10 14.99953940650693 0.000000000000000
 11 18.60049231083269 0.000000000000000
 12 18.82248924091937 0.000000000000000

 spin=1 k-point=76/1284 Cartesian=0.03894808998566748 0.1349201414258807 0.000000000000000 (3783 plane wave)
 1 -0.7405611271385866 0.001562500000000037
 2 3.885131717868390 7.696630767234142e-06
 3 4.530295874654861 1.220474738046628e-08
 4 5.119043323018050 3.385586159060644e-11
 5 7.680198623786570 0.000000000000000
 6 9.419090744188603 0.000000000000000
 7 9.896060333511896 0.000000000000000
 8 13.14460330178928 0.000000000000000
 9 13.37247343601502 0.000000000000000
 10 15.10232622257549 0.000000000000000
 11 20.31798259634970 0.000000000000000
 12 20.38213734038805 0.000000000000000

 spin=1 k-point=77/1284 Cartesian=0.05842213497850103 0.1461634865447041 0.000000000000000 (3778 plane wave)
 1 0.009325938332792579 0.001562500000000032
 2 3.541625228079554 0.0002080709853034572
 3 5.275552065729835 7.078233384859228e-12
 4 5.480523307043937 9.114773296303193e-13
 5 6.324529235483205 0.000000000000000
 6 8.949503286640155 0.000000000000000
 7 9.444087503258631 0.000000000000000
 8 11.50917235241709 0.000000000000000
 9 11.82158812337901 0.000000000000000
 10 16.99402129798048 0.000000000000000
 11 21.51878548031099 0.000000000000000
 12 21.74091829510497 0.000000000000000

 spin=1 k-point=78/1284 Cartesian=0.07789617997133459 0.1574068316635274 0.000000000000000 (3769 plane wave)
 1 0.9073654101144891 0.001562499999963146
 2 3.273698320037405 0.001080092836329836
 3 4.442476048562948 2.937113810383327e-08
 4 6.158156312965519 1.039494984753484e-15
 5 6.689350142277625 0.000000000000000
 6 8.591535832251306 0.000000000000000
 7 9.133497647590721 0.000000000000000
 8 10.07682240476221 0.000000000000000
 9 10.42766189391885 0.000000000000000
 10 19.02992058539999 0.000000000000000
 11 21.35124005606569 0.000000000000000
 12 22.66951004028666 0.000000000000000

 spin=1 k-point=79/1284 Cartesian=0.09737022496416814 0.1686501767823507 0.000000000000000 (3775 plane wave)
 1 1.951201233760958 0.001562498740381444
 2 3.105782748745111 0.001442336896352955
 3 3.168018438896015 0.001352538237444378
 4 7.139128615051019 0.000000000000000
 5 7.495738683963385 0.000000000000000
 6 8.134033475758526 0.000000000000000
 7 8.898765432506595 0.000000000000000
 8 9.099250828819237 0.000000000000000
 9 9.376645007526784 0.000000000000000
 10 21.02479413598368 0.000000000000000
 11 21.39128508986056 0.000000000000000
 12 23.31212277199641 0.000000000000000

 spin=1 k-point=80/1284 Cartesian=0.1168442699570017 0.1798935219011741 0.000000000000000 (3775 plane wave)
 1 1.951201233430181 0.001562498740381448
 2 3.105782775011203 0.001442336867218062
 3 3.168018412595077 0.001352538285245824
 4 7.139128601306014 0.000000000000000
 5 7.495738691247226 0.000000000000000
 6 8.134033505949807 0.000000000000000
 7 8.898765402935162 0.000000000000000
 8 9.099250812364874 0.000000000000000
 9 9.376645029977206 0.000000000000000
 10 21.02479414438965 0.000000000000000
 11 21.39128508457707 0.000000000000000
 12 23.31212276490817 0.000000000000000

 spin=1 k-point=81/1284 Cartesian=0.1363183149498352 0.1911368670199974 0.000000000000000 (3769 plane wave)
 1 0.9073654101789346 0.001562499999963146
 2 3.273698322781000 0.001080092827180808
 3 4.442476044033171 2.937113943425568e-08
 4 6.158156305319060 1.039495064238072e-15
 5 6.689350149204434 0.000000000000000
 6 8.591535856891834 0.000000000000000
 7 9.133497629146843 0.000000000000000
 8 10.07682238774815 0.000000000000000
 9 10.42766190651117 0.000000000000000
 10 19.02992058940249 0.000000000000000
 11 21.35124005494439 0.000000000000000
 12 22.66951003900502 0.000000000000000

 spin=1 k-point=82/1284 Cartesian=0.1557923599426688 0.2023802121388207 0.000000000000000 (3778 plane wave)
 1 0.009325938444937787 0.001562500000000032
 2 3.541625230680462 0.0002080709806123786
 3 5.275552061011995 7.078233718799059e-12
 4 5.480523299283749 9.114774003626946e-13
 5 6.324529243483048 0.000000000000000
 6 8.949503302505009 0.000000000000000
 7 9.444087492066192 0.000000000000000
 8 11.50917234123800 0.000000000000000
 9 11.82158813038616 0.000000000000000
 10 16.99402130102354 0.000000000000000
 11 21.51878547975263 0.000000000000000
 12 21.74091829477012 0.000000000000000

 spin=1 k-point=83/1284 Cartesian=0.1363183149498352 -0.03373003535646932 0.000000000000000 (3783 plane wave)
 1 -0.7405611270356557 0.001562500000000037
 2 3.885131721776510 7.696630467922254e-06
 3 4.530295871548275 1.220474775961442e-08
 4 5.119043318971628 3.385586296055779e-11
 5 7.680198625072397 0.000000000000000
 6 9.419090755686330 0.000000000000000
 7 9.896060325862738 0.000000000000000
 8 13.14460329339161 0.000000000000000
 9 13.37247344024529 0.000000000000000
 10 15.10232622534975 0.000000000000000
 11 20.31798259586817 0.000000000000000
 12 20.38213733785379 0.000000000000000

 spin=1 k-point=84/1284 Cartesian=0.1168442699570017 -0.04497338047529265 0.000000000000000 (3778 plane wave)
 1 -1.341230470255619 0.001562500000000037
 2 3.930753649958057 4.885977308091005e-06
 3 4.016314751422064 2.080394812276449e-06
 4 5.031574553761412 8.119064446642416e-11
 5 9.341194482967063 0.000000000000000
 6 10.02933650583442 0.000000000000000
 7 10.48762183485303 0.000000000000000
 8 13.42014663481767 0.000000000000000
 9 14.93916342937771 0.000000000000000
 10 14.99953940808316 0.000000000000000
 11 18.60049230707422 0.000000000000000
 12 18.82248924346474 0.000000000000000

 spin=1 k-point=85/1284 Cartesian=-0.09737022496416733 0.05621672559411737 0.000000000000000 (3797 plane wave)
 1 -1.792100823752631 0.001562500000000037
 2 3.479826948521734 0.0003465448289513131
 3 3.772741147271705 2.344155714080561e-05
 4 5.590119957955598 3.046306152506084e-13
 5 10.78446221374246 0.000000000000000
 6 10.85730026677602 0.000000000000000
 7 10.88704552663896 0.000000000000000
 8 12.52631035942905 0.000000000000000
 9 16.19077313736873 0.000000000000000
 10 16.64144207218037 0.000000000000000
 11 17.20099323157186 0.000000000000000
 12 17.91578008758245 0.000000000000000

 spin=1 k-point=86/1284 Cartesian=-0.07789617997133380 0.06746007071294070 0.000000000000000 (3793 plane wave)
 1 -2.092835817906812 0.001562500000000037
 2 3.178753051463059 0.001332251541683763
 3 3.530428915392145 0.0002291070303517449
 4 6.432907232477202 0.000000000000000
 5 9.873202410956484 0.000000000000000
 6 11.67958592848125 0.000000000000000
 7 11.96372155541568 0.000000000000000
 8 13.88342422875055 0.000000000000000
 9 15.39982815783636 0.000000000000000
 10 15.43097853534503 0.000000000000000
 11 19.01720000202948 0.000000000000000
 12 19.03097660336296 0.000000000000000

 spin=1 k-point=87/1284 Cartesian=-0.05842213497850025 0.07870341583176403 0.000000000000000 (3788 plane wave)
 1 -2.243246251330007 0.001562500000000037
 2 3.028101053751733 0.001504846045936921
 3 3.399761458989574 0.0006066615271356655
 4 7.448274051982124 0.000000000000000
 5 8.613554368867776 0.000000000000000
 6 12.66437059432761 0.000000000000000
 7 12.98895151099056 0.000000000000000
 8 14.12180069406110 0.000000000000000
 9 14.24966955963257 0.000000000000000
 10 15.93674057615924 0.000000000000000
 11 18.27524008376981 0.000000000000000
 12 19.49894318099660 0.000000000000000

 spin=1 k-point=88/1284 Cartesian=-0.03894808998566670 0.08994676095058737 0.000000000000000 (3788 plane wave)
 1 -2.243246251341266 0.001562500000000037
 2 3.028101053996676 0.001504846045800913
 3 3.399761458627731 0.0006066615284785263
 4 7.448274053155164 0.000000000000000
 5 8.613554368083335 0.000000000000000
 6 12.66437058973754 0.000000000000000
 7 12.98895151434813 0.000000000000000
 8 14.12180069796988 0.000000000000000
 9 14.24966955735591 0.000000000000000
 10 15.93674057337163 0.000000000000000
 11 18.27524008685783 0.000000000000000
 12 19.49894318119889 0.000000000000000

 spin=1 k-point=89/1284 Cartesian=-0.01947404499283316 0.1011901060694107 0.000000000000000 (3793 plane wave)
 1 -2.092835817940878 0.001562500000000037
 2 3.178753052219007 0.001332251540199692
 3 3.530428914205735 0.0002291070326713355
 4 6.432907234126393 0.000000000000000
 5 9.873202410853459 0.000000000000000
 6 11.67958592231475 0.000000000000000
 7 11.96372155996187 0.000000000000000
 8 13.88342422546105 0.000000000000000
 9 15.39982816182312 0.000000000000000
 10 15.43097853427684 0.000000000000000
 11 19.01720000285890 0.000000000000000
 12 19.03097660943715 0.000000000000000

 spin=1 k-point=90/1284 Cartesian=0.000000000000000 0.1349201414258805 0.000000000000000 (3783 plane wave)
 1 -0.9658969837681893 0.001562500000000037
 2 3.661417497623263 6.923730375239691e-05
 3 4.304691521738913 1.164896400396393e-07
 4 4.930972063139825 2.220327929888132e-10
 5 9.207587484379568 0.000000000000000
 6 9.435443461336455 0.000000000000000
 7 10.50800645553151 0.000000000000000
 8 12.06645740448509 0.000000000000000
 9 15.81178761546373 0.000000000000000
 10 16.26411509844425 0.000000000000000
 11 16.82099257814338 0.000000000000000
 12 17.68924642745726 0.000000000000000

 spin=1 k-point=91/1284 Cartesian=0.01947404499283394 0.1461634865447040 0.000000000000000 (3783 plane wave)
 1 -0.4408547259265790 0.001562500000000037
 2 3.093670931878155 0.001455101838266816
 3 4.825681569763016 6.363380922475269e-10
 4 5.323130070225958 4.398414762933468e-12
 5 8.533755347779307 0.000000000000000
 6 8.604882146373631 0.000000000000000
 7 9.493489527948553 0.000000000000000
 8 13.11716218719063 0.000000000000000
 9 14.63299804427783 0.000000000000000
 10 14.70941300155681 0.000000000000000
 11 18.30162293144678 0.000000000000000
 12 18.64927408082854 0.000000000000000

 spin=1 k-point=92/1284 Cartesian=0.03894808998566748 0.1574068316635274 0.000000000000000 (3772 plane wave)
 1 0.2333481125967782 0.001562499999999993
 2 2.603243341143116 0.001561645355727725
 3 5.488161677589961 8.444478638133215e-13
 4 5.880857975409693 1.663849619642953e-14
 5 7.353767791360322 0.000000000000000
 6 8.014594717192049 0.000000000000000
 7 8.666617908227877 0.000000000000000
 8 12.91033502199311 0.000000000000000
 9 13.15344246327012 0.000000000000000
 10 14.88653066286677 0.000000000000000
 11 20.17836354760456 0.000000000000000
 12 20.28024115945762 0.000000000000000

 spin=1 k-point=93/1284 Cartesian=0.05842213497850103 0.1686501767823507 0.000000000000000 (3767 plane wave)
 1 1.055737125915517 0.001562499999837374
 2 2.242995596548774 0.001562476693338940
 3 5.691675607294922 1.103374285778580e-13
 4 6.270288497874479 0.000000000000000
 5 6.793928567361480 0.000000000000000
 6 7.666760942796642 0.000000000000000
 7 8.286976203086132 0.000000000000000
 8 11.34302369843884 0.000000000000000
 9 11.66848975120349 0.000000000000000
 10 16.85699201748806 0.000000000000000
 11 22.01353224330400 0.000000000000000
 12 22.18662478892061 0.000000000000000

 spin=1 k-point=94/1284 Cartesian=0.07789617997133459 0.1798935219011741 0.000000000000000 (3782 plane wave)
 1 2.014907639881225 0.001562497618162009
 2 2.034138127751056 0.001562497113117904
 3 4.381386632115964 5.410307266578240e-08
 4 6.995132856500980 0.000000000000000
 5 7.342648900789114 0.000000000000000
 6 7.640677549607075 0.000000000000000
 7 8.330705629827293 0.000000000000000
 8 9.963592824725227 0.000000000000000
 9 10.32962492933562 0.000000000000000
 10 18.97251130243291 0.000000000000000
 11 23.17649123939360 0.000000000000000
 12 23.53669280331600 0.000000000000000

 spin=1 k-point=95/1284 Cartesian=0.09737022496416814 0.1911368670199974 0.000000000000000 (3775 plane wave)
 1 1.951201233528414 0.001562498740381447
 2 3.105782744353796 0.001442336901223892
 3 3.168018443607914 0.001352538228880591
 4 7.139128615415432 0.000000000000000
 5 7.495738680986140 0.000000000000000
 6 8.134033474888447 0.000000000000000
 7 8.898765444269575 0.000000000000000
 8 9.099250829337853 0.000000000000000
 9 9.376644998787055 0.000000000000000
 10 21.02479414254990 0.000000000000000
 11 21.39128508484857 0.000000000000000
 12 23.31212277022158 0.000000000000000

 spin=1 k-point=96/1284 Cartesian=0.1168442699570017 0.2023802121388207 0.000000000000000 (3782 plane wave)
 1 2.014907613405891 0.001562497618162639
 2 2.034138155352003 0.001562497113117107
 3 4.381386630003553 5.410307380862212e-08
 4 6.995132826255072 0.000000000000000
 5 7.342648915282492 0.000000000000000
 6 7.640677590244436 0.000000000000000
 7 8.330705608312176 0.000000000000000
 8 9.963592814399728 0.000000000000000
 9 10.32962493682892 0.000000000000000
 10 18.97251130543333 0.000000000000000
 11 23.17649123216228 0.000000000000000
 12 23.53669279427105 0.000000000000000

 spin=1 k-point=97/1284 Cartesian=0.1363183149498352 0.2136235572576441 0.000000000000000 (3767 plane wave)
 1 1.055737125994923 0.001562499999837374
 2 2.242995597527496 0.001562476693338711
 3 5.691675602528504 1.103374338370020e-13
 4 6.270288482775089 0.000000000000000
 5 6.793928580304675 0.000000000000000
 6 7.666760966212556 0.000000000000000
 7 8.286976187550568 0.000000000000000
 8 11.34302369025953 0.000000000000000
 9 11.66848975636123 0.000000000000000
 10 16.85699202005570 0.000000000000000
 11 22.01353223934954 0.000000000000000
 12 22.18662478584168 0.000000000000000

 spin=1 k-point=98/1284 Cartesian=0.1557923599426688 0.2248669023764674 0.000000000000000 (3772 plane wave)
 1 0.2333481127579705 0.001562499999999993
 2 2.603243342189621 0.001561645355718786
 3 5.488161669969285 8.444479281659686e-13
 4 5.880857975896032 1.663849611550989e-14
 5 7.353767793024613 0.000000000000000
 6 8.014594731767421 0.000000000000000
 7 8.666617899361700 0.000000000000000
 8 12.91033501527399 0.000000000000000
 9 13.15344246667954 0.000000000000000
 10 14.88653066534187 0.000000000000000
 11 20.17836354417860 0.000000000000000
 12 20.28024116017994 0.000000000000000

 spin=1 k-point=99/1284 Cartesian=0.1363183149498352 -0.05621672559411599 0.000000000000000 (3783 plane wave)
 1 -0.4408547257888514 0.001562500000000037
 2 3.093670933429336 0.001455101836715383
 3 4.825681565252743 6.363381209481081e-10
 4 5.323130070276249 4.398414760721486e-12
 5 8.533755358414798 0.000000000000000
 6 8.604882141572054 0.000000000000000
 7 9.493489525500555 0.000000000000000
 8 13.11716219017993 0.000000000000000
 9 14.63299803858614 0.000000000000000
 10 14.70941300284685 0.000000000000000
 11 18.30162292751524 0.000000000000000
 12 18.64927408418701 0.000000000000000

 spin=1 k-point=100/1284 Cartesian=-0.1168442699570009 0.06746007071294070 0.000000000000000 (3783 plane wave)
 1 -0.9658969836663278 0.001562500000000037
 2 3.661417500506982 6.923730184426084e-05
 3 4.304691518941111 1.164896432985472e-07
 4 4.930972061047119 2.220327976353060e-10
 5 9.207587492788184 0.000000000000000
 6 9.435443455669025 0.000000000000000
 7 10.50800645331259 0.000000000000000
 8 12.06645740928037 0.000000000000000
 9 15.81178761365618 0.000000000000000
 10 16.26411509556773 0.000000000000000
 11 16.82099257164279 0.000000000000000
 12 17.68924643356166 0.000000000000000

 spin=1 k-point=101/1284 Cartesian=-0.09737022496416733 0.07870341583176403 0.000000000000000 (3778 plane wave)
 1 -1.341230470306820 0.001562500000000037
 2 3.930753650394037 4.885977286855730e-06
 3 4.016314750311015 2.080394835359885e-06
 4 5.031574554759855 8.119064365578166e-11
 5 9.341194483878370 0.000000000000000
 6 10.02933650374484 0.000000000000000
 7 10.48762183515054 0.000000000000000
 8 13.42014663546155 0.000000000000000
 9 14.93916343227507 0.000000000000000
 10 14.99953940684710 0.000000000000000
 11 18.60049230514844 0.000000000000000
 12 18.82248924204694 0.000000000000000

 spin=1 k-point=102/1284 Cartesian=-0.07789617997133380 0.08994676095058737 0.000000000000000 (3777 plane wave)
 1 -1.566539922266984 0.001562500000000037
 2 3.705869389853509 4.510759524017087e-05
 3 3.982809734304952 2.906873632559366e-06
 4 5.803224003702275 3.616381255779437e-14
 5 8.080134257673491 0.000000000000000
 6 10.98177457925934 0.000000000000000
 7 11.36981392465379 0.000000000000000
 8 13.54053614180459 0.000000000000000
 9 13.73703345735030 0.000000000000000
 10 15.45763365302893 0.000000000000000
 11 19.97784629490556 0.000000000000000
 12 20.15591807787752 0.000000000000000

 spin=1 k-point=103/1284 Cartesian=-0.05842213497850025 0.1011901060694107 0.000000000000000 (3785 plane wave)
 1 -1.641660247013924 0.001562500000000037
 2 3.630835136730607 9.253949713188701e-05
 3 3.941000111003717 4.411475791921998e-06
 4 6.783351574182762 0.000000000000000
 5 6.942389507443155 0.000000000000000
 6 11.77627728191812 0.000000000000000
 7 12.20503076324574 0.000000000000000
 8 12.59591026023354 0.000000000000000
 9 12.77457196634191 0.000000000000000
 10 17.40313877073900 0.000000000000000
 11 18.00774699946622 0.000000000000000
 12 20.10630236238787 0.000000000000000

 spin=1 k-point=104/1284 Cartesian=-0.03894808998566670 0.1124334511882340 0.000000000000000 (3777 plane wave)
 1 -1.566539922299497 0.001562500000000037
 2 3.705869390627934 4.510759490093110e-05
 3 3.982809732723866 2.906873678434031e-06
 4 5.803224005940153 3.616381174849194e-14
 5 8.080134256792565 0.000000000000000
 6 10.98177457351722 0.000000000000000
 7 11.36981392876095 0.000000000000000
 8 13.54053614619238 0.000000000000000
 9 13.73703345505003 0.000000000000000
 10 15.45763365051852 0.000000000000000
 11 19.97784629959393 0.000000000000000
 12 20.15591807935231 0.000000000000000

 spin=1 k-point=105/1284 Cartesian=-0.01947404499283316 0.1236767963070574 0.000000000000000 (3778 plane wave)
 1 -1.341230470373051 0.001562500000000037
 2 3.930753652048780 4.885977206258128e-06
 3 4.016314746585178 2.080394912768812e-06
 4 5.031574558440119 8.119064066775133e-11
 5 9.341194484129366 0.000000000000000
 6 10.02933649680006 0.000000000000000
 7 10.48762183985537 0.000000000000000
 8 13.42014663252642 0.000000000000000
 9 14.93916343629089 0.000000000000000
 10 14.99953940589324 0.000000000000000
 11 18.60049231054189 0.000000000000000
 12 18.82248924043939 0.000000000000000

 spin=1 k-point=106/1284 Cartesian=0.000000000000000 0.1574068316635272 0.000000000000000 (3789 plane wave)
 1 0.008291260652022122 0.001562500000000032
 2 2.378732261520641 0.001562409435424388
 3 5.262877498405271 8.034703185761777e-12
 4 5.720977106082691 8.231292505418176e-14
 5 7.797637118038745 0.000000000000000
 6 8.106585577486335 0.000000000000000
 7 10.28053401612954 0.000000000000000
 8 11.81475816809011 0.000000000000000
 9 15.58437856961553 0.000000000000000
 10 16.03751742354827 0.000000000000000
 11 16.59258373618332 0.000000000000000
 12 17.54087403670776 0.000000000000000

 spin=1 k-point=107/1284 Cartesian=0.01947404499283394 0.1686501767823507 0.000000000000000 (3771 plane wave)
 1 0.6062516966552970 0.001562499999998220
 2 1.794199666176850 0.001562499737946498
 3 5.819720676560549 3.066408796518106e-14
 4 6.241041520518015 0.000000000000000
 5 7.238978559345859 0.000000000000000
 6 7.505013655681054 0.000000000000000
 7 9.194533242696901 0.000000000000000
 8 12.96653828694555 0.000000000000000
 9 14.48011117897288 0.000000000000000
 10 14.56375241719957 0.000000000000000
 11 18.15124427967713 0.000000000000000
 12 18.55302095746743 0.000000000000000

 spin=1 k-point=108/1284 Cartesian=0.03894808998566748 0.1798935219011741 0.000000000000000 (3754 plane wave)
 1 1.349528150130016 0.001562499996929560
 2 1.354254570152786 0.001562499996780952
 3 6.311693604720298 0.000000000000000
 4 6.727467899646357 0.000000000000000
 5 6.832329445076492 0.000000000000000
 6 7.041771558874170 0.000000000000000
 7 8.106319331504420 0.000000000000000
 8 12.83260488172748 0.000000000000000
 9 13.08035919041044 0.000000000000000
 10 14.81427574763093 0.000000000000000
 11 20.10564772609742 0.000000000000000
 12 20.25584572939517 0.000000000000000

 spin=1 k-point=109/1284 Cartesian=0.05842213497850103 0.1911368670199974 0.000000000000000 (3767 plane wave)
 1 1.055737125753977 0.001562499999837374
 2 2.242995596716951 0.001562476693338900
 3 5.691675607212701 1.103374286685791e-13
 4 6.270288497928614 0.000000000000000
 5 6.793928566823338 0.000000000000000
 6 7.666760942705070 0.000000000000000
 7 8.286976204132586 0.000000000000000
 8 11.34302369848575 0.000000000000000
 9 11.66848975076381 0.000000000000000
 10 16.85699201786598 0.000000000000000
 11 22.01353224217913 0.000000000000000
 12 22.18662478810250 0.000000000000000

 spin=1 k-point=110/1284 Cartesian=0.07789617997133459 0.2023802121388208 0.000000000000000 (3769 plane wave)
 1 0.9073654099101347 0.001562499999963146
 2 3.273698320062772 0.001080092836245242
 3 4.442476048866175 2.937113801477342e-08
 4 6.158156313068084 1.039494983687322e-15
 5 6.689350140813831 0.000000000000000
 6 8.591535831855367 0.000000000000000
 7 9.133497652122539 0.000000000000000
 8 10.07682240508104 0.000000000000000
 9 10.42766189085461 0.000000000000000
 10 19.02992058699054 0.000000000000000
 11 21.35124005739206 0.000000000000000
 12 22.66951003962213 0.000000000000000

 spin=1 k-point=111/1284 Cartesian=0.09737022496416814 0.2136235572576441 0.000000000000000 (3769 plane wave)
 1 0.9073654099418167 0.001562499999963146
 2 3.273698321190798 0.001080092832483630
 3 4.442476046955832 2.937113857585251e-08
 4 6.158156309978580 1.039495015802581e-15
 5 6.689350143742296 0.000000000000000
 6 8.591535841657358 0.000000000000000
 7 9.133497644625882 0.000000000000000
 8 10.07682239844533 0.000000000000000
 9 10.42766189586122 0.000000000000000
 10 19.02992058965389 0.000000000000000
 11 21.35124005347291 0.000000000000000
 12 22.66951003879682 0.000000000000000

 spin=1 k-point=112/1284 Cartesian=0.1168442699570017 0.2248669023764674 0.000000000000000 (3767 plane wave)
 1 1.055737125829287 0.001562499999837374
 2 2.242995597520426 0.001562476693338713
 3 5.691675603109076 1.103374331964141e-13
 4 6.270288485451400 0.000000000000000
 5 6.793928577839861 0.000000000000000
 6 7.666760961983826 0.000000000000000
 7 8.286976191144872 0.000000000000000
 8 11.34302369191517 0.000000000000000
 9 11.66848975494332 0.000000000000000
 10 16.85699202021979 0.000000000000000
 11 22.01353223774564 0.000000000000000
 12 22.18662478400747 0.000000000000000

 spin=1 k-point=113/1284 Cartesian=0.1363183149498352 0.2361102474952907 0.000000000000000 (3754 plane wave)
 1 1.349528123638370 0.001562499996929561
 2 1.354254597427379 0.001562499996780952
 3 6.311693574452653 0.000000000000000
 4 6.727467917610176 0.000000000000000
 5 6.832329431121305 0.000000000000000
 6 7.041771595265237 0.000000000000000
 7 8.106319321783875 0.000000000000000
 8 12.83260487602261 0.000000000000000
 9 13.08035919331377 0.000000000000000
 10 14.81427574996107 0.000000000000000
 11 20.10564772230321 0.000000000000000
 12 20.25584573020783 0.000000000000000

 spin=1 k-point=114/1284 Cartesian=0.1557923599426688 0.2473535926141141 0.000000000000000 (3771 plane wave)
 1 0.6062516968828532 0.001562499999998220
 2 1.794199666767998 0.001562499737946497
 3 5.819720661657000 3.066409253522018e-14
 4 6.241041527692357 0.000000000000000
 5 7.238978579907957 0.000000000000000
 6 7.505013643523427 0.000000000000000
 7 9.194533241651698 0.000000000000000
 8 12.96653828976448 0.000000000000000
 9 14.48011117400882 0.000000000000000
 10 14.56375241829317 0.000000000000000
 11 18.15124427557583 0.000000000000000
 12 18.55302096107133 0.000000000000000

 spin=1 k-point=115/1284 Cartesian=-0.1363183149498344 0.07870341583176405 0.000000000000000 (3789 plane wave)
 1 0.008291260833310601 0.001562500000000032
 2 2.378732262347429 0.001562409435423640
 3 5.262877491171158 8.034703767001479e-12
 4 5.720977108768314 8.231292284356684e-14
 5 7.797637130667527 0.000000000000000
 6 8.106585569010038 0.000000000000000
 7 10.28053401396923 0.000000000000000
 8 11.81475817279184 0.000000000000000
 9 15.58437856781074 0.000000000000000
 10 16.03751742081612 0.000000000000000
 11 16.59258372999195 0.000000000000000
 12 17.54087404321494 0.000000000000000

 spin=1 k-point=116/1284 Cartesian=-0.1168442699570009 0.08994676095058739 0.000000000000000 (3783 plane wave)
 1 -0.4408547258472336 0.001562500000000037
 2 3.093670933285935 0.001455101836858807
 3 4.825681565819070 6.363381173443535e-10
 4 5.323130070036389 4.398414771271509e-12
 5 8.533755356990067 0.000000000000000
 6 8.604882143369633 0.000000000000000
 7 9.493489524726371 0.000000000000000
 8 13.11716219051275 0.000000000000000
 9 14.63299804014646 0.000000000000000
 10 14.70941300213934 0.000000000000000
 11 18.30162292653899 0.000000000000000
 12 18.64927408358173 0.000000000000000

 spin=1 k-point=117/1284 Cartesian=-0.09737022496416733 0.1011901060694107 0.000000000000000 (3783 plane wave)
 1 -0.7405611271486890 0.001562500000000037
 2 3.885131720392502 7.696630573919505e-06
 3 4.530295872631671 1.220474762738973e-08
 4 5.119043320133949 3.385586256704384e-11
 5 7.680198624942958 0.000000000000000
 6 9.419090751394455 0.000000000000000
 7 9.896060329230998 0.000000000000000
 8 13.14460329723421 0.000000000000000
 9 13.37247343741499 0.000000000000000
 10 15.10232622600361 0.000000000000000
 11 20.31798259304493 0.000000000000000
 12 20.38213733471292 0.000000000000000

 spin=1 k-point=118/1284 Cartesian=-0.07789617997133380 0.1124334511882341 0.000000000000000 (3780 plane wave)
 1 -0.8904894476243639 0.001562500000000037
 2 4.381855234668370 5.385014603515961e-08
 3 4.426300811293034 3.452768987104575e-08
 4 5.408814017225589 1.867133779102513e-12
 5 6.462679761168241 0.000000000000000
 6 10.39564164943468 0.000000000000000
 7 10.83381402580857 0.000000000000000
 8 11.86469180647614 0.000000000000000
 9 12.13971228894664 0.000000000000000
 10 17.25646204036118 0.000000000000000
 11 19.60902941150027 0.000000000000000
 12 20.85906466235269 0.000000000000000

 spin=1 k-point=119/1284 Cartesian=-0.05842213497850025 0.1236767963070574 0.000000000000000 (3780 plane wave)
 1 -0.8904894476476564 0.001562500000000037
 2 4.381855235305653 5.385014569199356e-08
 3 4.426300808991917 3.452769066555098e-08
 4 5.408814021308320 1.867133702872447e-12
 5 6.462679759037122 0.000000000000000
 6 10.39564164418848 0.000000000000000
 7 10.83381402970431 0.000000000000000
 8 11.86469181089656 0.000000000000000
 9 12.13971228594723 0.000000000000000
 10 17.25646203806283 0.000000000000000
 11 19.60902941456670 0.000000000000000
 12 20.85906466259752 0.000000000000000

 spin=1 k-point=120/1284 Cartesian=-0.03894808998566670 0.1349201414258807 0.000000000000000 (3783 plane wave)
 1 -0.7405611272200378 0.001562500000000037
 2 3.885131717765094 7.696630775145334e-06
 3 4.530295874673800 1.220474737815481e-08
 4 5.119043322982283 3.385586160271541e-11
 5 7.680198623756548 0.000000000000000
 6 9.419090744094424 0.000000000000000
 7 9.896060334444423 0.000000000000000
 8 13.14460330189750 0.000000000000000
 9 13.37247343503205 0.000000000000000
 10 15.10232622367366 0.000000000000000
 11 20.31798259473328 0.000000000000000
 12 20.38213733922577 0.000000000000000

 spin=1 k-point=121/1284 Cartesian=-0.01947404499283316 0.1461634865447041 0.000000000000000 (3783 plane wave)
 1 -0.4408547259709012 0.001562500000000037
 2 3.093670931919377 0.001455101838225586
 3 4.825681569776161 6.363380921638822e-10
 4 5.323130070057355 4.398414770349323e-12
 5 8.533755347751255 0.000000000000000
 6 8.604882147074333 0.000000000000000
 7 9.493489527380206 0.000000000000000
 8 13.11716218774113 0.000000000000000
 9 14.63299804432537 0.000000000000000
 10 14.70941300120524 0.000000000000000
 11 18.30162293133219 0.000000000000000
 12 18.64927408068583 0.000000000000000

 spin=1 k-point=122/1284 Cartesian=0.000000000000000 0.1798935219011738 0.000000000000000 (3774 plane wave)
 1 1.126766376372446 0.0007812499998345429
 2 1.127521661029663 0.0007812499998332883
 3 6.083866256554034 1.092521764119729e-15
 4 6.512418850328932 0.000000000000000
 5 6.825979553462616 0.000000000000000
 6 7.162602801306245 0.000000000000000
 7 10.20470272560968 0.000000000000000
 8 11.73317295969520 0.000000000000000
 9 15.50857283834185 0.000000000000000
 10 15.96195584496231 0.000000000000000
 11 16.51640984336950 0.000000000000000
 12 17.48961385711601 0.000000000000000

 spin=1 k-point=123/1284 Cartesian=0.01947404499283394 0.1911368670199974 0.000000000000000 (3771 plane wave)
 1 0.6062516966025914 0.001562499999998220
 2 1.794199666235332 0.001562499737946498
 3 5.819720676577950 3.066408795984503e-14
 4 6.241041520252701 0.000000000000000
 5 7.238978559329442 0.000000000000000
 6 7.505013656114379 0.000000000000000
 7 9.194533242508806 0.000000000000000
 8 12.96653828711706 0.000000000000000
 9 14.48011117898672 0.000000000000000
 10 14.56375241708072 0.000000000000000
 11 18.15124427964777 0.000000000000000
 12 18.55302095744423 0.000000000000000

 spin=1 k-point=124/1284 Cartesian=0.03894808998566748 0.2023802121388207 0.000000000000000 (3772 plane wave)
 1 0.2333481124985057 0.001562499999999993
 2 2.603243341251950 0.001561645355726795
 3 5.488161677615147 8.444478636006338e-13
 4 5.880857974935215 1.663849627537543e-14
 5 7.353767791743914 0.000000000000000
 6 8.014594717136561 0.000000000000000
 7 8.666617908603801 0.000000000000000
 8 12.91033502204275 0.000000000000000
 9 13.15344246282594 0.000000000000000
 10 14.88653066336589 0.000000000000000
 11 20.17836354736604 0.000000000000000
 12 20.28024115894805 0.000000000000000

 spin=1 k-point=125/1284 Cartesian=0.05842213497850103 0.2136235572576441 0.000000000000000 (3778 plane wave)
 1 0.009325938195101188 0.001562500000000032
 2 3.541625228111152 0.0002080709852464672
 3 5.275552065772339 7.078233381850723e-12
 4 5.480523307033207 9.114773297281167e-13
 5 6.324529234973599 0.000000000000000
 6 8.949503286466845 0.000000000000000
 7 9.444087505396087 0.000000000000000
 8 11.50917235258230 0.000000000000000
 9 11.82158812185884 0.000000000000000
 10 16.99402129917795 0.000000000000000
 11 21.51878548321874 0.000000000000000
 12 21.74091829323888 0.000000000000000

 spin=1 k-point=126/1284 Cartesian=0.07789617997133459 0.2248669023764674 0.000000000000000 (3783 plane wave)
 1 -0.06539031637941607 0.001562500000000035
 2 4.433097784557780 3.225887857010428e-08
 3 4.751440563062684 1.336941490240255e-09
 4 5.203539471692141 1.454359174453526e-11
 5 5.966169509315059 7.089419848420547e-15
 6 9.728042797207237 0.000000000000000
 7 10.23552047324247 0.000000000000000
 8 10.57608643464789 0.000000000000000
 9 10.87244354051896 0.000000000000000
 10 18.99075889714840 0.000000000000000
 11 19.52064374798614 0.000000000000000
 12 21.69293455132556 0.000000000000000

 spin=1 k-point=127/1284 Cartesian=0.09737022496416814 0.2361102474952907 0.000000000000000 (3778 plane wave)
 1 0.009325938261317040 0.001562500000000032
 2 3.541625229551383 0.0002080709826488209
 3 5.275552063216023 7.078233562792816e-12
 4 5.480523302425051 9.114773717304214e-13
 5 6.324529239796440 0.000000000000000
 6 8.949503294805453 0.000000000000000
 7 9.444087499276883 0.000000000000000
 8 11.50917234704187 0.000000000000000
 9 11.82158812542861 0.000000000000000
 10 16.99402130145857 0.000000000000000
 11 21.51878547730580 0.000000000000000
 12 21.74091829198558 0.000000000000000

 spin=1 k-point=128/1284 Cartesian=0.1168442699570017 0.2473535926141141 0.000000000000000 (3772 plane wave)
 1 0.2333481126370853 0.001562499999999993
 2 2.603243342110304 0.001561645355719463
 3 5.488161671370094 8.444479163368746e-13
 4 5.880857975136015 1.663849624196531e-14
 5 7.353767793611689 0.000000000000000
 6 8.014594728980160 0.000000000000000
 7 8.666617901024971 0.000000000000000
 8 12.91033501697090 0.000000000000000
 9 13.15344246540319 0.000000000000000
 10 14.88653066565035 0.000000000000000
 11 20.17836354326842 0.000000000000000
 12 20.28024115901777 0.000000000000000

 spin=1 k-point=129/1284 Cartesian=0.1363183149498352 0.2585969377329374 0.000000000000000 (3771 plane wave)
 1 0.6062516968246976 0.001562499999998220
 2 1.794199666798218 0.001562499737946497
 3 5.819720662300338 3.066409233794614e-14
 4 6.241041527051069 0.000000000000000
 5 7.238978578996097 0.000000000000000
 6 7.505013644643119 0.000000000000000
 7 9.194533241388504 0.000000000000000
 8 12.96653828986848 0.000000000000000
 9 14.48011117450249 0.000000000000000
 10 14.56375241806318 0.000000000000000
 11 18.15124427526978 0.000000000000000
 12 18.55302096090016 0.000000000000000

 spin=1 k-point=130/1284 Cartesian=0.1557923599426688 0.2698402828517608 0.000000000000000 (3774 plane wave)
 1 1.126766349879132 0.0007812499998345429
 2 1.127521688248481 0.0007812499998332883
 3 6.083866226270094 1.092522094978496e-15
 4 6.512418868855373 0.000000000000000
 5 6.825979589073737 0.000000000000000
 6 7.162602777285053 0.000000000000000
 7 10.20470272346977 0.000000000000000
 8 11.73317296435397 0.000000000000000
 9 15.50857283654088 0.000000000000000
 10 15.96195584228206 0.000000000000000
 11 16.51640983728066 0.000000000000000
 12 17.48961386373820 0.000000000000000

 spin=1 k-point=131/1284 Cartesian=0.000000000000000 0.000000000000000 0.01919091118446219 (3802 plane wave)
 1 -3.618884039888715 0.001562500000000037
 2 0.7514080141112607 0.001562499999992281
 3 2.985038629412727 0.001524528752354717
 4 14.88537808700323 0.000000000000000
 5 14.88537812936257 0.000000000000000
 6 15.35848183136375 0.000000000000000
 7 15.35848186120543 0.000000000000000
 8 15.55865039867962 0.000000000000000
 9 17.11092113225955 0.000000000000000
 10 17.12954531873802 0.000000000000000
 11 19.30400898394107 0.000000000000000
 12 19.30400902633106 0.000000000000000

 spin=1 k-point=132/1284 Cartesian=0.01947404499283394 0.01124334511882356 0.01919091118446219 (3798 plane wave)
 1 -3.543544857459298 0.001562500000000037
 2 0.8262812276184334 0.001562499999983639
 3 3.058805542553404 0.001485150853034960
 4 13.20351147540524 0.000000000000000
 5 13.96078302230588 0.000000000000000
 6 14.84719506610069 0.000000000000000
 7 16.08883490929000 0.000000000000000
 8 16.43446211433030 0.000000000000000
 9 17.50925575690909 0.000000000000000
 10 17.72829684624589 0.000000000000000
 11 18.35821401917953 0.000000000000000
 12 18.42430413428313 0.000000000000000

 spin=1 k-point=133/1284 Cartesian=0.03894808998566748 0.02248669023764690 0.01919091118446219 (3808 plane wave)
 1 -3.317561075654541 0.001562500000000037
 2 1.050726854721464 0.001562499999845323
 3 3.279599394091969 0.001060195817331092
 4 11.11878228609169 0.000000000000000
 5 12.98538263338048 0.000000000000000
 6 14.02236137428362 0.000000000000000
 7 15.47247636352296 0.000000000000000
 8 16.35595497038222 0.000000000000000
 9 17.38318880820696 0.000000000000000
 10 17.55721224198105 0.000000000000000
 11 17.86538170104928 0.000000000000000
 12 18.46102684015192 0.000000000000000

 spin=1 k-point=134/1284 Cartesian=0.05842213497850103 0.03373003535647023 0.01919091118446219 (3810 plane wave)
 1 -2.941041589564524 0.001562500000000037
 2 1.424082755140592 0.001562499993528724
 3 3.645255457680330 8.075479633580972e-05
 4 9.132663109685090 0.000000000000000
 5 12.15413909614198 0.000000000000000
 6 13.04177570323652 0.000000000000000
 7 13.75869314392277 0.000000000000000
 8 15.56028911782185 0.000000000000000
 9 16.55414669524912 0.000000000000000
 10 16.84109737727745 0.000000000000000
 11 17.84183302393857 0.000000000000000
 12 18.80141304240681 0.000000000000000

 spin=1 k-point=135/1284 Cartesian=0.07789617997133459 0.04497338047529358 0.01919091118446219 (3807 plane wave)
 1 -2.414197593514079 0.001562500000000037
 2 1.944452978007446 0.001562498822579041
 3 4.147350022442865 5.616802495084066e-07
 4 7.291739792192147 0.000000000000000
 5 11.47271454016097 0.000000000000000
 6 11.50733131959813 0.000000000000000
 7 12.73016295703144 0.000000000000000
 8 13.93284630196220 0.000000000000000
 9 15.87376595928975 0.000000000000000
 10 16.90715607469222 0.000000000000000
 11 17.51165228320701 0.000000000000000
 12 18.12577425123180 0.000000000000000

 spin=1 k-point=136/1284 Cartesian=0.09737022496416814 0.05621672559411691 0.01919091118446219 (3799 plane wave)
 1 -1.737407348134890 0.001562500000000037
 2 2.604289463593563 0.001561636373139074
 3 4.701408808292357 2.204942981724108e-09
 4 5.694842261614032 1.068981649770316e-13
 5 9.856977843948181 0.000000000000000
 6 10.94228394143168 0.000000000000000
 7 11.74596614646205 0.000000000000000
 8 12.70551645489823 0.000000000000000
 9 15.34401728720236 0.000000000000000
 10 16.53846840041720 0.000000000000000
 11 17.59810533090297 0.000000000000000
 12 17.82806737425641 0.000000000000000

 spin=1 k-point=137/1284 Cartesian=0.1168442699570017 0.06746007071294025 0.01919091118446219 (3778 plane wave)
 1 -0.9113746218781842 0.001562500000000037
 2 3.294784148430605 0.001007104949867034
 3 4.024731686125483 1.912661654177894e-06
 4 5.725160908728138 7.894016075846180e-14
 5 8.328741765295479 0.000000000000000
 6 10.39934361714189 0.000000000000000
 7 10.56324841099214 0.000000000000000
 8 12.14181841839398 0.000000000000000
 9 14.96541756711587 0.000000000000000
 10 16.19704714012721 0.000000000000000
 11 17.22057570389175 0.000000000000000
 12 18.07685906038069 0.000000000000000

 spin=1 k-point=138/1284 Cartesian=0.1363183149498352 0.07870341583176359 0.01919091118446219 (3779 plane wave)
 1 0.06241816166078894 0.001562500000000029
 2 2.423063016234389 0.001562358918397866
 3 4.476609041574787 2.087783180952903e-08
 4 6.428737699153547 0.000000000000000
 5 7.136994534485656 0.000000000000000
 6 9.054895512995127 0.000000000000000
 7 10.33577801413629 0.000000000000000
 8 11.87388271439111 0.000000000000000
 9 14.73819138929457 0.000000000000000
 10 15.98423229921309 0.000000000000000
 11 16.99387655431853 0.000000000000000
 12 18.10042182530421 0.000000000000000

 spin=1 k-point=139/1284 Cartesian=0.1557923599426688 0.08994676095058692 0.01919091118446219 (3792 plane wave)
 1 1.179261722905145 0.001562499999440604
 2 1.180708538285361 0.001562499999432451
 3 5.478108885511491 9.337520608727383e-13
 4 5.626134999989374 2.125015827537476e-13
 5 7.817538601450305 0.000000000000000
 6 7.869001233167362 0.000000000000000
 7 10.25994739033916 0.000000000000000
 8 11.78952925306633 0.000000000000000
 9 14.66243955421305 0.000000000000000
 10 15.91254717442627 0.000000000000000
 11 16.91828465446083 0.000000000000000
 12 18.08537017975618 0.000000000000000

 spin=1 k-point=140/1284 Cartesian=0.1363183149498352 0.07870341583176359 -0.01919091118446170 (3779 plane wave)
 1 0.06241816081029378 0.001562500000000029
 2 2.423063027112960 0.001562358918382519
 3 4.476608991494455 2.087784226508196e-08
 4 6.428737860016110 0.000000000000000
 5 7.136994411720161 0.000000000000000
 6 9.054895500591238 0.000000000000000
 7 10.33577801413203 0.000000000000000
 8 11.87388273407078 0.000000000000000
 9 14.73819138935711 0.000000000000000
 10 15.98423230606944 0.000000000000000
 11 16.99387655416881 0.000000000000000
 12 18.10042178100181 0.000000000000000

 spin=1 k-point=141/1284 Cartesian=0.1168442699570017 0.06746007071294025 -0.01919091118446170 (3778 plane wave)
 1 -0.9113746222134628 0.001562500000000037
 2 3.294784202942826 0.001007104754725048
 3 4.024731582501989 1.912663633720095e-06
 4 5.725160984367921 7.894010104830394e-14
 5 8.328741746788321 0.000000000000000
 6 10.39934356501272 0.000000000000000
 7 10.56324841098630 0.000000000000000
 8 12.14181847425031 0.000000000000000
 9 14.96541756726120 0.000000000000000
 10 16.19704715654075 0.000000000000000
 11 17.22057570358217 0.000000000000000
 12 18.07685895631299 0.000000000000000

 spin=1 k-point=142/1284 Cartesian=0.09737022496416814 0.05621672559411691 -0.01919091118446170 (3799 plane wave)
 1 -1.737407348271715 0.001562500000000037
 2 2.604289471314259 0.001561636373072433
 3 4.701408757560860 2.204944100323667e-09
 4 5.694842315778441 1.068981070762742e-13
 5 9.856977854866777 0.000000000000000
 6 10.94228394141998 0.000000000000000
 7 11.74596599554171 0.000000000000000
 8 12.70551660317092 0.000000000000000
 9 15.34401728749097 0.000000000000000
 10 16.53846843712782 0.000000000000000
 11 17.59810533031216 0.000000000000000
 12 17.82806722721360 0.000000000000000

 spin=1 k-point=143/1284 Cartesian=0.07789617997133459 0.04497338047529358 -0.01919091118446170 (3807 plane wave)
 1 -2.414197593567317 0.001562500000000037
 2 1.944452979993760 0.001562498822579018
 3 4.147350015788118 5.616802868733831e-07
 4 7.291739802767648 0.000000000000000
 5 11.47271454014187 0.000000000000000
 6 11.50733137024079 0.000000000000000
 7 12.73016276368454 0.000000000000000
 8 13.93284646857892 0.000000000000000
 9 15.87376595976141 0.000000000000000
 10 16.90715616810094 0.000000000000000
 11 17.51165209163254 0.000000000000000
 12 18.12577424995258 0.000000000000000

 spin=1 k-point=144/1284 Cartesian=0.05842213497850103 0.03373003535647023 -0.01919091118446170 (3810 plane wave)
 1 -2.941041589582200 0.001562500000000037
 2 1.424082755693550 0.001562499993528724
 3 3.645255456218391 8.075479745537954e-05
 4 9.132663113747681 0.000000000000000
 5 12.15413909611807 0.000000000000000
 6 13.04177580296906 0.000000000000000
 7 13.75869295261272 0.000000000000000
 8 15.56028923808911 0.000000000000000
 9 16.55414669621716 0.000000000000000
 10 16.84109742004916 0.000000000000000
 11 17.84183289054879 0.000000000000000
 12 18.80141303713472 0.000000000000000

 spin=1 k-point=145/1284 Cartesian=0.03894808998566748 0.02248669023764690 -0.01919091118446170 (3808 plane wave)
 1 -3.317561075658348 0.001562500000000037
 2 1.050726854845242 0.001562499999845323
 3 3.279599393790892 0.001060195818357241
 4 11.11878228734551 0.000000000000000
 5 12.98538263334588 0.000000000000000
 6 14.02236140511958 0.000000000000000
 7 15.47247628854682 0.000000000000000
 8 16.35595493229131 0.000000000000000
 9 17.38318881291493 0.000000000000000
 10 17.55721236704445 0.000000000000000
 11 17.86538169555440 0.000000000000000
 12 18.46102672387363 0.000000000000000

 spin=1 k-point=146/1284 Cartesian=-0.01947404499283316 -0.01124334511882311 0.01919091118446219 (3798 plane wave)
 1 -3.543544857459216 0.001562500000000037
 2 0.8262812276296340 0.001562499999983639
 3 3.058805542521570 0.001485150853058365
 4 13.20351147434452 0.000000000000000
 5 13.96078302222880 0.000000000000000
 6 14.84719508426646 0.000000000000000
 7 16.08883487795218 0.000000000000000
 8 16.43446211486454 0.000000000000000
 9 17.50925577995462 0.000000000000000
 10 17.72829681852221 0.000000000000000
 11 18.35821401946384 0.000000000000000
 12 18.42430400535026 0.000000000000000

 spin=1 k-point=147/1284 Cartesian=0.000000000000000 0.02248669023764713 0.01919091118446219 (3798 plane wave)
 1 -3.543544857462796 0.001562500000000037
 2 0.8262812276159228 0.001562499999983639
 3 3.058805542523507 0.001485150853056941
 4 13.20351147161202 0.000000000000000
 5 13.96078303428466 0.000000000000000
 6 14.84719506937376 0.000000000000000
 7 16.08883488424157 0.000000000000000
 8 16.43446211561281 0.000000000000000
 9 17.50925577415375 0.000000000000000
 10 17.72829681521685 0.000000000000000
 11 18.35821403091934 0.000000000000000
 12 18.42430400278549 0.000000000000000

 spin=1 k-point=148/1284 Cartesian=0.01947404499283394 0.03373003535647069 0.01919091118446219 (3812 plane wave)
 1 -3.392883143289680 0.001562500000000037
 2 0.9759443832855351 0.001562499999926796
 3 3.206102404526250 0.001273235032880447
 4 12.18533793618684 0.000000000000000
 5 12.20172935212750 0.000000000000000
 6 15.47743401921434 0.000000000000000
 7 16.04856264868072 0.000000000000000
 8 16.20970609083823 0.000000000000000
 9 16.67879031555700 0.000000000000000
 10 16.74856634379085 0.000000000000000
 11 18.62338412796236 0.000000000000000
 12 18.82876503878776 0.000000000000000

 spin=1 k-point=149/1284 Cartesian=0.03894808998566748 0.04497338047529403 0.01919091118446219 (3811 plane wave)
 1 -3.091629463702950 0.001562500000000037
 2 1.274885049329835 0.001562499998544461
 3 3.499525331862220 0.0002963351114193534
 4 10.16008257939604 0.000000000000000
 5 11.30216137206789 0.000000000000000
 6 14.42159194092539 0.000000000000000
 7 15.05655456511093 0.000000000000000
 8 15.64255651922211 0.000000000000000
 9 16.26558667242371 0.000000000000000
 10 17.17529459988913 0.000000000000000
 11 17.40559144329803 0.000000000000000
 12 18.01268347438827 0.000000000000000

 spin=1 k-point=150/1284 Cartesian=0.05842213497850103 0.05621672559411736 0.01919091118446219 (3798 plane wave)
 1 -2.639939548515009 0.001562500000000037
 2 1.721984476565054 0.001562499872719088
 3 3.934975294653624 4.684607545191813e-06
 4 8.244944853572544 0.000000000000000
 5 10.54383460533872 0.000000000000000
 6 12.57806053182687 0.000000000000000
 7 14.19965509927936 0.000000000000000
 8 14.75230938338639 0.000000000000000
 9 15.14172394224287 0.000000000000000
 10 16.91323584186442 0.000000000000000
 11 17.43154162218088 0.000000000000000
 12 18.65734518296413 0.000000000000000

 spin=1 k-point=151/1284 Cartesian=0.07789617997133459 0.06746007071294070 0.01919091118446219 (3797 plane wave)
 1 -2.038097405132063 0.001562500000000037
 2 2.313703818250484 0.001562452733289235
 3 4.491169681759342 1.804887381159023e-08
 4 6.496135486698359 0.000000000000000
 5 9.897902369593789 0.000000000000000
 6 10.85867546039412 0.000000000000000
 7 12.85306706957965 0.000000000000000
 8 13.95241423201194 0.000000000000000
 9 14.42725564698011 0.000000000000000
 10 16.47433218520994 0.000000000000000
 11 17.68197642077159 0.000000000000000
 12 18.42330791058238 0.000000000000000

 spin=1 k-point=152/1284 Cartesian=0.09737022496416814 0.07870341583176405 0.01919091118446219 (3787 plane wave)
 1 -1.286615189553302 0.001562500000000037
 2 3.028919001023713 0.001504390143066437
 3 4.626654611560713 4.656398202892773e-09
 4 5.477282275250947 9.415025421150931e-13
 5 9.019207590888673 0.000000000000000
 6 9.648983283905324 0.000000000000000
 7 11.33349752477207 0.000000000000000
 8 13.47390081474559 0.000000000000000
 9 13.96171427747162 0.000000000000000
 10 16.05234645230318 0.000000000000000
 11 17.69784366860707 0.000000000000000
 12 18.62226124577420 0.000000000000000

 spin=1 k-point=153/1284 Cartesian=0.1168442699570017 0.08994676095058737 0.01919091118446219 (3790 plane wave)
 1 -0.3864935632430599 0.001562500000000037
 2 3.102292967843569 0.001446151128592379
 3 4.089977563889538 9.966293710750277e-07
 4 6.173989279393168 0.000000000000000
 5 7.668005517436007 0.000000000000000
 6 9.174924804213914 0.000000000000000
 7 9.975886051318662 0.000000000000000
 8 13.16895213711279 0.000000000000000
 9 13.65697790135352 0.000000000000000
 10 15.76148771886007 0.000000000000000
 11 17.48956918295041 0.000000000000000
 12 19.11135288660206 0.000000000000000

 spin=1 k-point=154/1284 Cartesian=0.1363183149498352 0.1011901060694107 0.01919091118446219 (3778 plane wave)
 1 0.6599370016374109 0.001562499999996930
 2 1.844993250102933 0.001562499564504442
 3 5.045312636599871 7.076886677907790e-11
 4 6.170471210263220 0.000000000000000
 5 7.352178322812280 0.000000000000000
 6 8.392846747965427 0.000000000000000
 7 9.302895070313054 0.000000000000000
 8 13.01806269822709 0.000000000000000
 9 13.50529160319989 0.000000000000000
 10 15.61463244260583 0.000000000000000
 11 17.36529983830485 0.000000000000000
 12 19.28332658816768 0.000000000000000

 spin=1 k-point=155/1284 Cartesian=0.1557923599426688 0.1124334511882340 0.01919091118446219 (3778 plane wave)
 1 0.6599370002546482 0.001562499999996930
 2 1.844993254879135 0.001562499564504421
 3 5.045312587346075 7.076890163544627e-11
 4 6.170471307333141 0.000000000000000
 5 7.352178282808798 0.000000000000000
 6 8.392846698587302 0.000000000000000
 7 9.302895108657857 0.000000000000000
 8 13.01806270199802 0.000000000000000
 9 13.50529160153337 0.000000000000000
 10 15.61463243967838 0.000000000000000
 11 17.36529984447151 0.000000000000000
 12 19.28332655578483 0.000000000000000

 spin=1 k-point=156/1284 Cartesian=0.1363183149498352 0.05621672559411737 -0.01919091118446170 (3790 plane wave)
 1 -0.3864935637400972 0.001562500000000037
 2 3.102293001726418 0.001446151092105566
 3 4.089977489356081 9.966301134240043e-07
 4 6.173989371000957 0.000000000000000
 5 7.668005490101875 0.000000000000000
 6 9.174924694695715 0.000000000000000
 7 9.975886137567452 0.000000000000000
 8 13.16895215022531 0.000000000000000
 9 13.65697789556787 0.000000000000000
 10 15.76148770920615 0.000000000000000
 11 17.48956920410842 0.000000000000000
 12 19.11135279001982 0.000000000000000

 spin=1 k-point=157/1284 Cartesian=0.1168442699570017 0.04497338047529403 -0.01919091118446170 (3787 plane wave)
 1 -1.286615189740427 0.001562500000000037
 2 3.028919018706131 0.001504390133173345
 3 4.626654517059353 4.656402603242434e-09
 4 5.477282368362761 9.415016654652013e-13
 5 9.019207643729716 0.000000000000000
 6 9.648983167245003 0.000000000000000
 7 11.33349756833793 0.000000000000000
 8 13.47390084528026 0.000000000000000
 9 13.96171426429819 0.000000000000000
 10 16.05234643246267 0.000000000000000
 11 17.69784371714265 0.000000000000000
 12 18.62226114393390 0.000000000000000

 spin=1 k-point=158/1284 Cartesian=0.09737022496416814 0.03373003535647069 -0.01919091118446170 (3797 plane wave)
 1 -2.038097405196626 0.001562500000000037
 2 2.313703821769268 0.001562452733287572
 3 4.491169666571421 1.804887655280807e-08
 4 6.496135506001353 0.000000000000000
 5 9.897902397092279 0.000000000000000
 6 10.85867539545381 0.000000000000000
 7 12.85306707002674 0.000000000000000
 8 13.95241431380882 0.000000000000000
 9 14.42725561626650 0.000000000000000
 10 16.47433214257542 0.000000000000000
 11 17.68197647762534 0.000000000000000
 12 18.42330783950243 0.000000000000000

 spin=1 k-point=159/1284 Cartesian=0.07789617997133459 0.02248669023764736 -0.01919091118446170 (3798 plane wave)
 1 -2.639939548530153 0.001562500000000037
 2 1.721984477440918 0.001562499872719086
 3 3.934975292097247 4.684607664589078e-06
 4 8.244944858853762 0.000000000000000
 5 10.54383461126162 0.000000000000000
 6 12.57806050961687 0.000000000000000
 7 14.19965498541502 0.000000000000000
 8 14.75230959555858 0.000000000000000
 9 15.14172389102747 0.000000000000000
 10 16.91323571937921 0.000000000000000
 11 17.43154171884512 0.000000000000000
 12 18.65734515205657 0.000000000000000

 spin=1 k-point=160/1284 Cartesian=0.05842213497850103 0.01124334511882402 -0.01919091118446170 (3811 plane wave)
 1 -3.091629463700476 0.001562500000000037
 2 1.274885049492286 0.001562499998544461
 3 3.499525331451688 0.0002963351124051798
 4 10.16008258029371 0.000000000000000
 5 11.30216137356544 0.000000000000000
 6 14.42159197222263 0.000000000000000
 7 15.05655446778044 0.000000000000000
 8 15.64255658012122 0.000000000000000
 9 16.26558665768827 0.000000000000000
 10 17.17529457425901 0.000000000000000
 11 17.40559151695651 0.000000000000000
 12 18.01268345436789 0.000000000000000

 spin=1 k-point=161/1284 Cartesian=-0.03894808998566670 0.000000000000000 0.01919091118446219 (3812 plane wave)
 1 -3.392883143284034 0.001562500000000037
 2 0.9759443832697696 0.001562499999926796
 3 3.206102404552893 0.001273235032817646
 4 12.18533790674712 0.000000000000000
 5 12.20172937983148 0.000000000000000
 6 15.47743402875756 0.000000000000000
 7 16.04856264247684 0.000000000000000
 8 16.20970610079414 0.000000000000000
 9 16.67879032735780 0.000000000000000
 10 16.74856632123127 0.000000000000000
 11 18.62338414691199 0.000000000000000
 12 18.82876501338366 0.000000000000000

 spin=1 k-point=162/1284 Cartesian=-0.01947404499283316 0.01124334511882402 0.01919091118446219 (3798 plane wave)
 1 -3.543544857460319 0.001562500000000037
 2 0.8262812275964823 0.001562499999983639
 3 3.058805542562607 0.001485150853028194
 4 13.20351147259297 0.000000000000000
 5 13.96078302859930 0.000000000000000
 6 14.84719506343892 0.000000000000000
 7 16.08883490468239 0.000000000000000
 8 16.43446211803684 0.000000000000000
 9 17.50925575609649 0.000000000000000
 10 17.72829684507796 0.000000000000000
 11 18.35821402489327 0.000000000000000
 12 18.42430413395314 0.000000000000000

 spin=1 k-point=163/1284 Cartesian=0.000000000000000 0.04497338047529380 0.01919091118446219 (3808 plane wave)
 1 -3.317561075674925 0.001562500000000037
 2 1.050726854813629 0.001562499999845323
 3 3.279599393752213 0.001060195818489069
 4 11.11878228697347 0.000000000000000
 5 12.98538264263268 0.000000000000000
 6 14.02236139454437 0.000000000000000
 7 15.47247628172167 0.000000000000000
 8 16.35595493612302 0.000000000000000
 9 17.38318882217110 0.000000000000000
 10 17.55721236500979 0.000000000000000
 11 17.86538169894267 0.000000000000000
 12 18.46102671649854 0.000000000000000

 spin=1 k-point=164/1284 Cartesian=0.01947404499283394 0.05621672559411736 0.01919091118446219 (3811 plane wave)
 1 -3.091629463722674 0.001562500000000037
 2 1.274885049495694 0.001562499998544461
 3 3.499525331352313 0.0002963351126438132
 4 10.16008258090828 0.000000000000000
 5 11.30216137572551 0.000000000000000
 6 14.42159196825865 0.000000000000000
 7 15.05655445651596 0.000000000000000
 8 15.64255658688980 0.000000000000000
 9 16.26558665789234 0.000000000000000
 10 17.17529457391202 0.000000000000000
 11 17.40559152171350 0.000000000000000
 12 18.01268346389277 0.000000000000000

 spin=1 k-point=165/1284 Cartesian=0.03894808998566748 0.06746007071294069 0.01919091118446219 (3796 plane wave)
 1 -2.715199704054407 0.001562500000000037
 2 1.647706462777631 0.001562499939441129
 3 3.863531292136672 9.541016454364095e-06
 4 9.307174160962324 0.000000000000000
 5 9.374069016635740 0.000000000000000
 6 13.58805860765359 0.000000000000000
 7 13.77927023817395 0.000000000000000
 8 15.68792719319452 0.000000000000000
 9 15.96486726160957 0.000000000000000
 10 16.16558947767627 0.000000000000000
 11 17.01154115522082 0.000000000000000
 12 17.54927303504124 0.000000000000000

 spin=1 k-point=166/1284 Cartesian=0.05842213497850103 0.07870341583176403 0.01919091118446219 (3787 plane wave)
 1 -2.188487207987392 0.001562500000000037
 2 2.167195806926698 0.001562489078328297
 3 4.362976108117294 6.503914152825141e-08
 4 7.504089995866063 0.000000000000000
 5 8.665407024687720 0.000000000000000
 6 11.85202161125480 0.000000000000000
 7 12.98262909565929 0.000000000000000
 8 14.11800037594766 0.000000000000000
 9 15.23491910315450 0.000000000000000
 10 15.94715906863277 0.000000000000000
 11 17.70418249000890 0.000000000000000
 12 18.48235535402814 0.000000000000000

 spin=1 k-point=167/1284 Cartesian=0.07789617997133459 0.08994676095058737 0.01919091118446219 (3786 plane wave)
 1 -1.511876008062654 0.001562500000000037
 2 2.825668634445485 0.001554632951043974
 3 4.917110353716994 2.550455595718305e-10
 4 5.903732747506968 1.323640888529009e-14
 5 8.126668755126573 0.000000000000000
 6 10.17593361679492 0.000000000000000
 7 12.10936452147057 0.000000000000000
 8 12.80821654275576 0.000000000000000
 9 14.73574063894911 0.000000000000000
 10 15.49401091566400 0.000000000000000
 11 18.34921327922186 0.000000000000000
 12 19.74938467689660 0.000000000000000

 spin=1 k-point=168/1284 Cartesian=0.09737022496416814 0.1011901060694107 0.01919091118446219 (3783 plane wave)
 1 -0.6860761288247692 0.001562500000000037
 2 3.516019771275921 0.0002587362552450012
 3 4.245937505447389 2.096172065381106e-07
 4 5.913899805743460 1.195680621783576e-14
 5 7.688128587858480 0.000000000000000
 6 8.702838547428890 0.000000000000000
 7 10.74423774715282 0.000000000000000
 8 12.27486628861116 0.000000000000000
 9 14.37402652652588 0.000000000000000
 10 15.14628047670201 0.000000000000000
 11 19.01913318661019 0.000000000000000
 12 19.67512691089124 0.000000000000000

 spin=1 k-point=169/1284 Cartesian=0.1168442699570017 0.1124334511882340 0.01919091118446219 (3784 plane wave)
 1 0.2874277436388198 0.001562499999999962
 2 2.647568432417618 0.001561169072544286
 3 4.688773541574144 2.501909294056582e-09
 4 6.638747725890176 0.000000000000000
 5 7.046625191922262 0.000000000000000
 6 7.872580004271158 0.000000000000000
 7 9.417603270410147 0.000000000000000
 8 12.02222142304352 0.000000000000000
 9 14.15536040698608 0.000000000000000
 10 14.93326248618064 0.000000000000000
 11 19.20885743104017 0.000000000000000
 12 20.16381036204901 0.000000000000000

 spin=1 k-point=170/1284 Cartesian=0.1363183149498352 0.1236767963070574 0.01919091118446219 (3771 plane wave)
 1 1.401921349853543 0.001562499994815062
 2 1.407438241271962 0.001562499994520976
 3 5.666487492954441 1.419428352844858e-13
 4 5.846518974840176 2.345559709054833e-14
 5 7.238787335667671 0.000000000000000
 6 8.018889819726898 0.000000000000000
 7 8.506614844606066 0.000000000000000
 8 11.94138433932899 0.000000000000000
 9 14.08224557639764 0.000000000000000
 10 14.86174591704328 0.000000000000000
 11 19.17780931103252 0.000000000000000
 12 20.73830908326751 0.000000000000000

 spin=1 k-point=171/1284 Cartesian=0.1557923599426688 0.1349201414258807 0.01919091118446219 (3784 plane wave)
 1 0.2874277429045150 0.001562499999999962
 2 2.647568443169196 0.001561169072401312
 3 4.688773487678827 2.501910642467070e-09
 4 6.638747877675459 0.000000000000000
 5 7.046625228539729 0.000000000000000
 6 7.872579776502489 0.000000000000000
 7 9.417603367343050 0.000000000000000
 8 12.02222140809887 0.000000000000000
 9 14.15536040773109 0.000000000000000
 10 14.93326248604198 0.000000000000000
 11 19.20885746397987 0.000000000000000
 12 20.16381026865634 0.000000000000000

 spin=1 k-point=172/1284 Cartesian=0.1363183149498352 0.03373003535647069 -0.01919091118446170 (3783 plane wave)
 1 -0.6860761290653795 0.001562500000000037
 2 3.516019823268797 0.0002587361429966337
 3 4.245937402862159 2.096174215457181e-07
 4 5.913899885292527 1.195679670630933e-14
 5 7.688128627347622 0.000000000000000
 6 8.702838418489842 0.000000000000000
 7 10.74423784688744 0.000000000000000
 8 12.27486624672920 0.000000000000000
 9 14.37402652798858 0.000000000000000
 10 15.14628047688899 0.000000000000000
 11 19.01913322437458 0.000000000000000
 12 19.67512683857716 0.000000000000000

 spin=1 k-point=173/1284 Cartesian=0.1168442699570017 0.02248669023764735 -0.01919091118446170 (3786 plane wave)
 1 -1.511876008125673 0.001562500000000037
 2 2.825668640516728 0.001554632950568751
 3 4.917110310311299 2.550456702761614e-10
 4 5.903732796409754 1.323640241231734e-14
 5 8.126668761540119 0.000000000000000
 6 10.17593354835688 0.000000000000000
 7 12.10936467670580 0.000000000000000
 8 12.80821643260795 0.000000000000000
 9 14.73574064090714 0.000000000000000
 10 15.49401091761456 0.000000000000000
 11 18.34921327719135 0.000000000000000
 12 19.74938464801756 0.000000000000000

 spin=1 k-point=174/1284 Cartesian=0.09737022496416814 0.01124334511882402 -0.01919091118446170 (3787 plane wave)
 1 -2.188487207985263 0.001562500000000037
 2 2.167195807923649 0.001562489078328188
 3 4.362976104633955 6.503914379369090e-08
 4 7.504090002177878 0.000000000000000
 5 8.665407025378034 0.000000000000000
 6 11.85202156233665 0.000000000000000
 7 12.98262918541699 0.000000000000000
 8 14.11800032120545 0.000000000000000
 9 15.23491910394376 0.000000000000000
 10 15.94715907707542 0.000000000000000
 11 17.70418247355558 0.000000000000000
 12 18.48235537190757 0.000000000000000

 spin=1 k-point=175/1284 Cartesian=0.07789617997133459 0.000000000000000 -0.01919091118446170 (3796 plane wave)
 1 -2.715199704032728 0.001562500000000037
 2 1.647706462728391 0.001562499939441129
 3 3.863531292303766 9.541016438518978e-06
 4 9.307174132797339 0.000000000000000
 5 9.374069043517739 0.000000000000000
 6 13.58805863534919 0.000000000000000
 7 13.77927021230044 0.000000000000000
 8 15.68792721237041 0.000000000000000
 9 15.96486723410160 0.000000000000000
 10 16.16558948774181 0.000000000000000
 11 17.01154114885155 0.000000000000000
 12 17.54927303718616 0.000000000000000

 spin=1 k-point=176/1284 Cartesian=-0.05842213497850025 0.01124334511882401 0.01919091118446219 (3811 plane wave)
 1 -3.091629463701294 0.001562500000000037
 2 1.274885049271846 0.001562499998544461
 3 3.499525331902930 0.0002963351113215938
 4 10.16008257694290 0.000000000000000
 5 11.30216137439931 0.000000000000000
 6 14.42159194331425 0.000000000000000
 7 15.05655457001730 0.000000000000000
 8 15.64255651490357 0.000000000000000
 9 16.26558667439991 0.000000000000000
 10 17.17529459490473 0.000000000000000
 11 17.40559143892405 0.000000000000000
 12 18.01268347839724 0.000000000000000

 spin=1 k-point=177/1284 Cartesian=-0.03894808998566670 0.02248669023764735 0.01919091118446219 (3808 plane wave)
 1 -3.317561075662562 0.001562500000000037
 2 1.050726854665177 0.001562499999845323
 3 3.279599394090558 0.001060195817335901
 4 11.11878228467767 0.000000000000000
 5 12.98538263908093 0.000000000000000
 6 14.02236137070560 0.000000000000000
 7 15.47247636240243 0.000000000000000
 8 16.35595496857107 0.000000000000000
 9 17.38318881387302 0.000000000000000
 10 17.55721224272869 0.000000000000000
 11 17.86538170506021 0.000000000000000
 12 18.46102683471905 0.000000000000000

 spin=1 k-point=178/1284 Cartesian=-0.01947404499283316 0.03373003535647068 0.01919091118446219 (3812 plane wave)
 1 -3.392883143296668 0.001562500000000037
 2 0.9759443832536809 0.001562499999926796
 3 3.206102404515009 0.001273235032906944
 4 12.18533794131945 0.000000000000000
 5 12.20172934636306 0.000000000000000
 6 15.47743402740455 0.000000000000000
 7 16.04856264580478 0.000000000000000
 8 16.20970608536847 0.000000000000000
 9 16.67879031328120 0.000000000000000
 10 16.74856634922233 0.000000000000000
 11 18.62338412102260 0.000000000000000
 12 18.82876504047620 0.000000000000000

 spin=1 k-point=179/1284 Cartesian=0.000000000000000 0.06746007071294047 0.01919091118446219 (3810 plane wave)
 1 -2.941041589622692 0.001562500000000037
 2 1.424082755631784 0.001562499993528724
 3 3.645255456069469 8.075479756942590e-05
 4 9.132663114147551 0.000000000000000
 5 12.15413910449339 0.000000000000000
 6 13.04177579885337 0.000000000000000
 7 13.75869294258777 0.000000000000000
 8 15.56028923741068 0.000000000000000
 9 16.55414670457142 0.000000000000000
 10 16.84109742286147 0.000000000000000
 11 17.84183288595039 0.000000000000000
 12 18.80141304580484 0.000000000000000

 spin=1 k-point=180/1284 Cartesian=0.01947404499283394 0.07870341583176403 0.01919091118446219 (3798 plane wave)
 1 -2.639939548580871 0.001562500000000037
 2 1.721984477410688 0.001562499872719086
 3 3.934975291808883 4.684607678057245e-06
 4 8.244944859895451 0.000000000000000
 5 10.54383461366734 0.000000000000000
 6 12.57806050597756 0.000000000000000
 7 14.19965498086831 0.000000000000000
 8 14.75230959472468 0.000000000000000
 9 15.14172389364569 0.000000000000000
 10 16.91323572798811 0.000000000000000
 11 17.43154171906824 0.000000000000000
 12 18.65734514994925 0.000000000000000

 spin=1 k-point=181/1284 Cartesian=0.03894808998566748 0.08994676095058736 0.01919091118446219 (3787 plane wave)
 1 -2.188487208039887 0.001562500000000037
 2 2.167195807921549 0.001562489078328189
 3 4.362976104089723 6.503914414764035e-08
 4 7.504090005115568 0.000000000000000
 5 8.665407024630923 0.000000000000000
 6 11.85202155554798 0.000000000000000
 7 12.98262919003654 0.000000000000000
 8 14.11800032108569 0.000000000000000
 9 15.23491911044161 0.000000000000000
 10 15.94715907070424 0.000000000000000
 11 17.70418247291363 0.000000000000000
 12 18.48235537549805 0.000000000000000

 spin=1 k-point=182/1284 Cartesian=0.05842213497850103 0.1011901060694107 0.01919091118446219 (3787 plane wave)
 1 -1.586981164922592 0.001562500000000037
 2 2.755563186129105 0.001558587530064498
 3 4.904721948411812 2.886821500551970e-10
 4 6.836233755194828 0.000000000000000
 5 7.009432200405739 0.000000000000000
 6 11.14874438894609 0.000000000000000
 7 11.35665165565782 0.000000000000000
 8 13.48652357353588 0.000000000000000
 9 13.55922345106823 0.000000000000000
 10 17.30006629427285 0.000000000000000
 11 18.05429098270310 0.000000000000000
 12 18.55981826667245 0.000000000000000

 spin=1 k-point=183/1284 Cartesian=0.07789617997133459 0.1124334511882340 0.01919091118446219 (3777 plane wave)
 1 -0.8359502869191885 0.001562500000000037
 2 3.464920235586403 0.0003884045517299446
 3 5.071796370821774 5.430312482300633e-11
 4 5.778261889665775 4.641766821529039e-14
 5 6.564326423227834 0.000000000000000
 6 9.640156635857988 0.000000000000000
 7 10.76310645375498 0.000000000000000
 8 11.97222017361242 0.000000000000000
 9 13.07716812894241 0.000000000000000
 10 17.26515723442012 0.000000000000000
 11 19.01120294428632 0.000000000000000
 12 19.81692668183931 0.000000000000000

 spin=1 k-point=184/1284 Cartesian=0.09737022496416814 0.1236767963070574 0.01919091118446219 (3779 plane wave)
 1 0.06358711238170987 0.001562500000000029
 2 3.549719881360767 0.0001938997499088083
 3 4.505671272232891 1.561245368926559e-08
 4 5.974201986400816 6.542234147642391e-15
 5 6.738728049817531 0.000000000000000
 6 8.244531386742370 0.000000000000000
 7 10.11934156309708 0.000000000000000
 8 10.85781841988477 0.000000000000000
 9 12.77999027903411 0.000000000000000
 10 17.02765286072502 0.000000000000000
 11 19.90331600399310 0.000000000000000
 12 21.31731918699160 0.000000000000000

 spin=1 k-point=185/1284 Cartesian=0.1168442699570017 0.1349201414258807 0.01919091118446219 (3775 plane wave)
 1 1.109290785477924 0.001562499999722150
 2 2.293654547610133 0.001562461320142038
 3 5.360516531459088 3.026417242895471e-12
 4 5.962032133202881 7.388888234149835e-15
 5 6.656337722898468 0.000000000000000
 6 7.928327712726499 0.000000000000000
 7 9.021205869628778 0.000000000000000
 8 10.53666785193467 0.000000000000000
 9 12.63142880463302 0.000000000000000
 10 16.89709434657492 0.000000000000000
 11 20.78269481470547 0.000000000000000
 12 21.41261713772302 0.000000000000000

 spin=1 k-point=186/1284 Cartesian=0.1363183149498352 0.1461634865447040 0.01919091118446219 (3775 plane wave)
 1 1.109290784368635 0.001562499999722150
 2 2.293654552051950 0.001562461320140320
 3 5.360516456285082 3.026419517975952e-12
 4 5.962032206025801 7.388882853346289e-15
 5 6.656337802891510 0.000000000000000
 6 7.928327532485185 0.000000000000000
 7 9.021205997838464 0.000000000000000
 8 10.53666782130265 0.000000000000000
 9 12.63142880574835 0.000000000000000
 10 16.89709434754440 0.000000000000000
 11 20.78269483929176 0.000000000000000
 12 21.41261705024502 0.000000000000000

 spin=1 k-point=187/1284 Cartesian=0.1557923599426688 0.1574068316635274 0.01919091118446219 (3779 plane wave)
 1 0.06358711209492254 0.001562500000000029
 2 3.549719914559125 0.0001938996935255062
 3 4.505671185833648 1.561246717818162e-08
 4 5.974202067221170 6.542228860186420e-15
 5 6.738728087718057 0.000000000000000
 6 8.244531244837008 0.000000000000000
 7 10.11934175711344 0.000000000000000
 8 10.85781829707463 0.000000000000000
 9 12.77999028274863 0.000000000000000
 10 17.02765286425130 0.000000000000000
 11 19.90331599553852 0.000000000000000
 12 21.31731916094666 0.000000000000000

 spin=1 k-point=188/1284 Cartesian=0.1363183149498352 0.01124334511882402 -0.01919091118446170 (3777 plane wave)
 1 -0.8359502869489883 0.001562500000000037
 2 3.464920246469044 0.0003884045199683658
 3 5.071796286071474 5.430317084509696e-11
 4 5.778261997328728 4.641761824067310e-14
 5 6.564326400234573 0.000000000000000
 6 9.640156559646883 0.000000000000000
 7 10.76310657323807 0.000000000000000
 8 11.97222010915899 0.000000000000000
 9 13.07716813659161 0.000000000000000
 10 17.26515724323037 0.000000000000000
 11 19.01120291541215 0.000000000000000
 12 19.81692670610027 0.000000000000000

 spin=1 k-point=189/1284 Cartesian=0.1168442699570017 0.000000000000000 -0.01919091118446170 (3787 plane wave)
 1 -1.586981164871905 0.001562500000000037
 2 2.755563186122187 0.001558587530064768
 3 4.904721949921147 2.886821456980159e-10
 4 6.836233727651919 0.000000000000000
 5 7.009432225230778 0.000000000000000
 6 11.14874441702316 0.000000000000000
 7 11.35665163018972 0.000000000000000
 8 13.48652359724221 0.000000000000000
 9 13.55922342324813 0.000000000000000
 10 17.30006630403678 0.000000000000000
 11 18.05429097702417 0.000000000000000
 12 18.55981826519503 0.000000000000000

 spin=1 k-point=190/1284 Cartesian=0.09737022496416814 -0.01124334511882265 -0.01919091118446170 (3787 plane wave)
 1 -2.188487207973287 0.001562500000000037
 2 2.167195806810996 0.001562489078328310
 3 4.362976108438807 6.503914131915074e-08
 4 7.504089992614862 0.000000000000000
 5 8.665407027040883 0.000000000000000
 6 11.85202161552921 0.000000000000000
 7 12.98262909482312 0.000000000000000
 8 14.11800037589832 0.000000000000000
 9 15.23491909827899 0.000000000000000
 10 15.94715906978382 0.000000000000000
 11 17.70418249086190 0.000000000000000
 12 18.48235535525490 0.000000000000000

 spin=1 k-point=191/1284 Cartesian=-0.07789617997133380 0.02248669023764735 0.01919091118446219 (3798 plane wave)
 1 -2.639939548523963 0.001562500000000037
 2 1.721984476441995 0.001562499872719088
 3 3.934975294705608 4.684607542763887e-06
 4 8.244944852039188 0.000000000000000
 5 10.54383460726398 0.000000000000000
 6 12.57806053339341 0.000000000000000
 7 14.19965510304393 0.000000000000000
 8 14.75230938113767 0.000000000000000
 9 15.14172394219876 0.000000000000000
 10 16.91323582909629 0.000000000000000
 11 17.43154163037848 0.000000000000000
 12 18.65734518639097 0.000000000000000

 spin=1 k-point=192/1284 Cartesian=-0.05842213497850025 0.03373003535647068 0.01919091118446219 (3810 plane wave)
 1 -2.941041589585877 0.001562500000000037
 2 1.424082755029471 0.001562499993528724
 3 3.645255457646798 8.075479636148920e-05
 4 9.132663108838095 0.000000000000000
 5 12.15413910164314 0.000000000000000
 6 13.04177570132553 0.000000000000000
 7 13.75869314139704 0.000000000000000
 8 15.56028911857645 0.000000000000000
 9 16.55414670068562 0.000000000000000
 10 16.84109737476037 0.000000000000000
 11 17.84183301806858 0.000000000000000
 12 18.80141304776236 0.000000000000000

 spin=1 k-point=193/1284 Cartesian=-0.03894808998566670 0.04497338047529402 0.01919091118446219 (3811 plane wave)
 1 -3.091629463723131 0.001562500000000037
 2 1.274885049250665 0.001562499998544461
 3 3.499525331817919 0.0002963351115257351
 4 10.16008257858774 0.000000000000000
 5 11.30216137322721 0.000000000000000
 6 14.42159194054803 0.000000000000000
 7 15.05655456661999 0.000000000000000
 8 15.64255652426807 0.000000000000000
 9 16.26558666999432 0.000000000000000
 10 17.17529459475062 0.000000000000000
 11 17.40559144401690 0.000000000000000
 12 18.01268347799075 0.000000000000000

 spin=1 k-point=194/1284 Cartesian=-0.01947404499283316 0.05621672559411735 0.01919091118446219 (3811 plane wave)
 1 -3.091629463735768 0.001562500000000037
 2 1.274885049452119 0.001562499998544461
 3 3.499525331320114 0.0002963351127211328
 4 10.16008258147170 0.000000000000000
 5 11.30216137450345 0.000000000000000
 6 14.42159196895336 0.000000000000000
 7 15.05655445820064 0.000000000000000
 8 15.64255658950413 0.000000000000000
 9 16.26558665678612 0.000000000000000
 10 17.17529457633720 0.000000000000000
 11 17.40559151968122 0.000000000000000
 12 18.01268346042815 0.000000000000000

 spin=1 k-point=195/1284 Cartesian=0.000000000000000 0.08994676095058715 0.01919091118446219 (3807 plane wave)
 1 -2.414197593645662 0.001562500000000037
 2 1.944452979861410 0.001562498822579019
 3 4.147350015342467 5.616802893756140e-07
 4 7.291739803874181 0.000000000000000
 5 11.47271454808037 0.000000000000000
 6 11.50733136915333 0.000000000000000
 7 12.73016275290055 0.000000000000000
 8 13.93284646775769 0.000000000000000
 9 15.87376596774836 0.000000000000000
 10 16.90715616793988 0.000000000000000
 11 17.51165209012025 0.000000000000000
 12 18.12577425795345 0.000000000000000

 spin=1 k-point=196/1284 Cartesian=0.01947404499283394 0.1011901060694107 0.01919091118446219 (3797 plane wave)
 1 -2.038097405291666 0.001562500000000037
 2 2.313703821620246 0.001562452733287642
 3 4.491169665639774 1.804887672095803e-08
 4 6.496135508047946 0.000000000000000
 5 9.897902399840302 0.000000000000000
 6 10.85867539164127 0.000000000000000
 7 12.85306707052816 0.000000000000000
 8 13.95241430841631 0.000000000000000
 9 14.42725562015952 0.000000000000000
 10 16.47433214936300 0.000000000000000
 11 17.68197647940102 0.000000000000000
 12 18.42330783453059 0.000000000000000

 spin=1 k-point=197/1284 Cartesian=0.03894808998566748 0.1124334511882340 0.01919091118446219 (3786 plane wave)
 1 -1.511876008230843 0.001562500000000037
 2 2.825668640243403 0.001554632950590145
 3 4.917110307704616 2.550456769243958e-10
 4 5.903732801435567 1.323640174708039e-14
 5 8.126668761507371 0.000000000000000
 6 10.17593354342906 0.000000000000000
 7 12.10936467797063 0.000000000000000
 8 12.80821643580968 0.000000000000000
 9 14.73574064463844 0.000000000000000
 10 15.49401091304570 0.000000000000000
 11 18.34921327771791 0.000000000000000
 12 19.74938464752358 0.000000000000000

 spin=1 k-point=198/1284 Cartesian=0.05842213497850103 0.1236767963070574 0.01919091118446219 (3777 plane wave)
 1 -0.8359502870542425 0.001562500000000037
 2 3.464920245554804 0.0003884045226366241
 3 5.071796282030307 5.430317303957916e-11
 4 5.778262010388770 4.641761217851159e-14
 5 6.564326393878333 0.000000000000000
 6 9.640156551628476 0.000000000000000
 7 10.76310657832731 0.000000000000000
 8 11.97222011072944 0.000000000000000
 9 13.07716813893239 0.000000000000000
 10 17.26515723792556 0.000000000000000
 11 19.01120291652510 0.000000000000000
 12 19.81692670823771 0.000000000000000

 spin=1 k-point=199/1284 Cartesian=0.07789617997133459 0.1349201414258807 0.01919091118446219 (3784 plane wave)
 1 -0.01107586919509512 0.001562500000000033
 2 4.097056589254684 9.285574738621007e-07
 3 4.804608119475080 7.856131318911803e-10
 4 4.974109774376110 1.442355776670676e-10
 5 6.658449376206810 0.000000000000000
 6 9.134720362231226 0.000000000000000
 7 9.406647928444082 0.000000000000000
 8 11.54897991747710 0.000000000000000
 9 11.56640166974221 0.000000000000000
 10 18.89195455323608 0.000000000000000
 11 19.55352052489640 0.000000000000000
 12 20.11391783632829 0.000000000000000

 spin=1 k-point=200/1284 Cartesian=0.09737022496416814 0.1461634865447041 0.01919091118446219 (3779 plane wave)
 1 0.9612033900328887 0.001562499999936834
 2 3.317326344425326 0.0009240540064378226
 3 4.460578196131517 2.450786502670481e-08
 4 5.465967389510846 1.054293267923294e-12
 5 7.291618671921531 0.000000000000000
 6 8.065522319813224 0.000000000000000
 7 9.069567752613322 0.000000000000000
 8 10.22675506400164 0.000000000000000
 9 11.32353859766625 0.000000000000000
 10 19.03738338971549 0.000000000000000
 11 20.76751508202304 0.000000000000000
 12 21.54766639993811 0.000000000000000

 spin=1 k-point=201/1284 Cartesian=0.1168442699570017 0.1574068316635274 0.01919091118446219 (3778 plane wave)
 1 2.066663863312962 0.001562496003440809
 2 2.087286642532915 0.001562495088098944
 3 4.420021892838061 3.676511284593387e-08
 4 6.472207841958691 0.000000000000000
 5 6.497670760990507 0.000000000000000
 6 8.308426272777972 0.000000000000000
 7 8.976700979278080 0.000000000000000
 8 9.439716010099621 0.000000000000000
 9 11.24637405608773 0.000000000000000
 10 18.99516740710239 0.000000000000000
 11 21.67901625686591 0.000000000000000
 12 22.14171201343081 0.000000000000000

 spin=1 k-point=202/1284 Cartesian=0.1363183149498352 0.1686501767823507 0.01919091118446219 (3779 plane wave)
 1 0.9612033897427268 0.001562499999936834
 2 3.317326355240174 0.0009240539656038128
 3 4.460578164862028 2.450787269007193e-08
 4 5.465967407514736 1.054293078109462e-12
 5 7.291618777226469 0.000000000000000
 6 8.065522101547490 0.000000000000000
 7 9.069567924138711 0.000000000000000
 8 10.22675499771356 0.000000000000000
 9 11.32353860746040 0.000000000000000
 10 19.03738339603322 0.000000000000000
 11 20.76751505367740 0.000000000000000
 12 21.54766642699068 0.000000000000000

 spin=1 k-point=203/1284 Cartesian=0.1557923599426688 0.1798935219011741 0.01919091118446219 (3784 plane wave)
 1 -0.01107586910968338 0.001562500000000033
 2 4.097056596572327 9.285574059539433e-07
 3 4.804608092360738 7.856133449049954e-10
 4 4.974109791857313 1.442355524529524e-10
 5 6.658449375959290 0.000000000000000
 6 9.134720390400815 0.000000000000000
 7 9.406647904585554 0.000000000000000
 8 11.54897989027041 0.000000000000000
 9 11.56640169400681 0.000000000000000
 10 18.89195456287894 0.000000000000000
 11 19.55352051911417 0.000000000000000
 12 20.11391783412553 0.000000000000000

 spin=1 k-point=204/1284 Cartesian=0.1363183149498352 -0.01124334511882266 -0.01919091118446170 (3777 plane wave)
 1 -0.8359502868840414 0.001562500000000037
 2 3.464920235679304 0.0003884045514588081
 3 5.071796374230995 5.430312297169270e-11
 4 5.778261879869273 4.641767276259962e-14
 5 6.564326428097436 0.000000000000000
 6 9.640156641498610 0.000000000000000
 7 10.76310645233818 0.000000000000000
 8 11.97222017157692 0.000000000000000
 9 13.07716812723230 0.000000000000000
 10 17.26515723687252 0.000000000000000
 11 19.01120294464507 0.000000000000000
 12 19.81692668146577 0.000000000000000

 spin=1 k-point=205/1284 Cartesian=0.1168442699570017 -0.02248669023764600 -0.01919091118446170 (3786 plane wave)
 1 -1.511876008065065 0.001562500000000037
 2 2.825668634199905 0.001554632951063196
 3 4.917110355088853 2.550455560729667e-10
 4 5.903732744233706 1.323640931855252e-14
 5 8.126668756581623 0.000000000000000
 6 10.17593361924887 0.000000000000000
 7 12.10936452480780 0.000000000000000
 8 12.80821653926276 0.000000000000000
 9 14.73574063728974 0.000000000000000
 10 15.49401091565412 0.000000000000000
 11 18.34921327953760 0.000000000000000
 12 19.74938468038251 0.000000000000000

 spin=1 k-point=206/1284 Cartesian=-0.09737022496416733 0.03373003535647070 0.01919091118446219 (3797 plane wave)
 1 -2.038097405159371 0.001562500000000037
 2 2.313703818006061 0.001562452733289350
 3 4.491169681929690 1.804887378084475e-08
 4 6.496135485451010 0.000000000000000
 5 9.897902371291185 0.000000000000000
 6 10.85867546163220 0.000000000000000
 7 12.85306707213803 0.000000000000000
 8 13.95241423021277 0.000000000000000
 9 14.42725564719074 0.000000000000000
 10 16.47433218146953 0.000000000000000
 11 17.68197642030755 0.000000000000000
 12 18.42330791437089 0.000000000000000

 spin=1 k-point=207/1284 Cartesian=-0.07789617997133380 0.04497338047529403 0.01919091118446219 (3807 plane wave)
 1 -2.414197593555843 0.001562500000000037
 2 1.944452977798252 0.001562498822579044
 3 4.147350022361176 5.616802499670684e-07
 4 7.291739791649807 0.000000000000000
 5 11.47271454557840 0.000000000000000
 6 11.50733132000313 0.000000000000000
 7 12.73016295244162 0.000000000000000
 8 13.93284630264139 0.000000000000000
 9 15.87376596468985 0.000000000000000
 10 16.90715606997917 0.000000000000000
 11 17.51165227895184 0.000000000000000
 12 18.12577425646264 0.000000000000000

 spin=1 k-point=208/1284 Cartesian=-0.05842213497850025 0.05621672559411737 0.01919091118446219 (3798 plane wave)
 1 -2.639939548555228 0.001562500000000037
 2 1.721984476409597 0.001562499872719088
 3 3.934975294551319 4.684607549970060e-06
 4 8.244944853068052 0.000000000000000
 5 10.54383460682487 0.000000000000000
 6 12.57806053179845 0.000000000000000
 7 14.19965509983555 0.000000000000000
 8 14.75230938992114 0.000000000000000
 9 15.14172393707223 0.000000000000000
 10 16.91323584281468 0.000000000000000
 11 17.43154161926306 0.000000000000000
 12 18.65734518699132 0.000000000000000

 spin=1 k-point=209/1284 Cartesian=-0.03894808998566670 0.06746007071294070 0.01919091118446219 (3796 plane wave)
 1 -2.715199704087162 0.001562500000000037
 2 1.647706462669880 0.001562499939441129
 3 3.863531292046484 9.541016462916416e-06
 4 9.307174165866137 0.000000000000000
 5 9.374069011666773 0.000000000000000
 6 13.58805860388348 0.000000000000000
 7 13.77927024458540 0.000000000000000
 8 15.68792718743287 0.000000000000000
 9 15.96486726430884 0.000000000000000
 10 16.16558948552154 0.000000000000000
 11 17.01154115310523 0.000000000000000
 12 17.54927303117593 0.000000000000000

 spin=1 k-point=210/1284 Cartesian=-0.01947404499283316 0.07870341583176405 0.01919091118446219 (3798 plane wave)
 1 -2.639939548600297 0.001562500000000037
 2 1.721984477352376 0.001562499872719087
 3 3.934975291752552 4.684607680688218e-06
 4 8.244944860233675 0.000000000000000
 5 10.54383461281542 0.000000000000000
 6 12.57806050660472 0.000000000000000
 7 14.19965498047644 0.000000000000000
 8 14.75230959884111 0.000000000000000
 9 15.14172389156168 0.000000000000000
 10 16.91323572925337 0.000000000000000
 11 17.43154171752175 0.000000000000000
 12 18.65734514975218 0.000000000000000

 spin=1 k-point=211/1284 Cartesian=0.000000000000000 0.1124334511882338 0.01919091118446219 (3799 plane wave)
 1 -1.737407348407512 0.001562500000000037
 2 2.604289470922525 0.001561636373075814
 3 4.701408755703386 2.204944141279889e-09
 4 5.694842318845601 1.068981037975375e-13
 5 9.856977853557233 0.000000000000000
 6 10.94228394911724 0.000000000000000
 7 11.74596599068079 0.000000000000000
 8 12.70551659785065 0.000000000000000
 9 15.34401729522841 0.000000000000000
 10 16.53846843442305 0.000000000000000
 11 17.59810533801022 0.000000000000000
 12 17.82806722713292 0.000000000000000

 spin=1 k-point=212/1284 Cartesian=0.01947404499283394 0.1236767963070574 0.01919091118446219 (3787 plane wave)
 1 -1.286615189902879 0.001562500000000037
 2 3.028919017854790 0.001504390133649660
 3 4.626654515618174 4.656402670349301e-09
 4 5.477282371986080 9.415016313515808e-13
 5 9.019207644542295 0.000000000000000
 6 9.648983164681344 0.000000000000000
 7 11.33349757044347 0.000000000000000
 8 13.47390084019719 0.000000000000000
 9 13.96171426771207 0.000000000000000
 10 16.05234643821242 0.000000000000000
 11 17.69784371661562 0.000000000000000
 12 18.62226114247026 0.000000000000000

 spin=1 k-point=213/1284 Cartesian=0.03894808998566748 0.1349201414258807 0.01919091118446219 (3783 plane wave)
 1 -0.6860761292466045 0.001562500000000037
 2 3.516019819922869 0.0002587361502202167
 3 4.245937405949882 2.096174150741801e-07
 4 5.913899888423353 1.195679633196278e-14
 5 7.688128627691361 0.000000000000000
 6 8.702838412735527 0.000000000000000
 7 10.74423784921959 0.000000000000000
 8 12.27486624922913 0.000000000000000
 9 14.37402653087513 0.000000000000000
 10 15.14628047320580 0.000000000000000
 11 19.01913322681941 0.000000000000000
 12 19.67512683564144 0.000000000000000

 spin=1 k-point=214/1284 Cartesian=0.05842213497850103 0.1461634865447041 0.01919091118446219 (3779 plane wave)
 1 0.06358711191441349 0.001562500000000029
 2 3.549719909927248 0.0001938997013921750
 3 4.505671192630046 1.561246611710681e-08
 4 5.974202069840222 6.542228688842022e-15
 5 6.738728086138606 0.000000000000000
 6 8.244531237073057 0.000000000000000
 7 10.11934176113705 0.000000000000000
 8 10.85781829890789 0.000000000000000
 9 12.77999028416817 0.000000000000000
 10 17.02765286083031 0.000000000000000
 11 19.90331599779236 0.000000000000000
 12 21.31731916099223 0.000000000000000

 spin=1 k-point=215/1284 Cartesian=0.07789617997133459 0.1574068316635274 0.01919091118446219 (3779 plane wave)
 1 0.9612033896310136 0.001562499999936834
 2 3.317326351197448 0.0009240539808680778
 3 4.460578173367169 2.450787060567482e-08
 4 5.465967404944284 1.054293105209564e-12
 5 7.291618782681353 0.000000000000000
 6 8.065522084037116 0.000000000000000
 7 9.069567933428944 0.000000000000000
 8 10.22675499985032 0.000000000000000
 9 11.32353860746267 0.000000000000000
 10 19.03738339168098 0.000000000000000
 11 20.76751505844244 0.000000000000000
 12 21.54766642486295 0.000000000000000

 spin=1 k-point=216/1284 Cartesian=0.09737022496416814 0.1686501767823507 0.01919091118446219 (3777 plane wave)
 1 2.004049216080924 0.001562497863244953
 2 3.152168582817747 0.001379713355984073
 3 3.221353936046942 0.001235548321762765
 4 6.418330438991362 0.000000000000000
 5 7.440353934482608 0.000000000000000
 6 7.566239349723676 0.000000000000000
 7 8.987237781481642 0.000000000000000
 8 10.01046637261215 0.000000000000000
 9 10.05136103058652 0.000000000000000
 10 20.93661502620556 0.000000000000000
 11 21.31451971243969 0.000000000000000
 12 22.02687902173916 0.000000000000000

 spin=1 k-point=217/1284 Cartesian=0.1168442699570017 0.1798935219011741 0.01919091118446219 (3777 plane wave)
 1 2.004049215757659 0.001562497863244960
 2 3.152168608779364 0.001379713314081066
 3 3.221353909872521 0.001235548389433430
 4 6.418330438122117 0.000000000000000
 5 7.440353911362308 0.000000000000000
 6 7.566239377798396 0.000000000000000
 7 8.987237779550428 0.000000000000000
 8 10.01046634644617 0.000000000000000
 9 10.05136105488794 0.000000000000000
 10 20.93661503553099 0.000000000000000
 11 21.31451970913317 0.000000000000000
 12 22.02687901331391 0.000000000000000

 spin=1 k-point=218/1284 Cartesian=0.1363183149498352 0.1911368670199974 0.01919091118446219 (3779 plane wave)
 1 0.9612033900497282 0.001562499999936834
 2 3.317326345295810 0.0009240540031511045
 3 4.460578193902642 2.450786557294589e-08
 4 5.465967390092652 1.054293261789357e-12
 5 7.291618664083820 0.000000000000000
 6 8.065522334387701 0.000000000000000
 7 9.069567749348344 0.000000000000000
 8 10.22675506162047 0.000000000000000
 9 11.32353859718272 0.000000000000000
 10 19.03738339212688 0.000000000000000
 11 20.76751508445698 0.000000000000000
 12 21.54766639657823 0.000000000000000

 spin=1 k-point=219/1284 Cartesian=0.1557923599426688 0.2023802121388207 0.01919091118446219 (3779 plane wave)
 1 0.06358711238111472 0.001562500000000029
 2 3.549719881311366 0.0001938997499927091
 3 4.505671271751942 1.561245376435272e-08
 4 5.974201985552469 6.542234203143249e-15
 5 6.738728047837941 0.000000000000000
 6 8.244531392002555 0.000000000000000
 7 10.11934156581413 0.000000000000000
 8 10.85781841621813 0.000000000000000
 9 12.77999027826358 0.000000000000000
 10 17.02765286170869 0.000000000000000
 11 19.90331600421576 0.000000000000000
 12 21.31731919060810 0.000000000000000

 spin=1 k-point=220/1284 Cartesian=0.1363183149498352 -0.03373003535646932 -0.01919091118446170 (3783 plane wave)
 1 -0.6860761288564150 0.001562500000000037
 2 3.516019770328797 0.0002587362572897650
 3 4.245937506402952 2.096172045353532e-07
 4 5.913899803402783 1.195680649770598e-14
 5 7.688128588890853 0.000000000000000
 6 8.702838549792403 0.000000000000000
 7 10.74423774928171 0.000000000000000
 8 12.27486628718957 0.000000000000000
 9 14.37402652593599 0.000000000000000
 10 15.14628047644555 0.000000000000000
 11 19.01913318512581 0.000000000000000
 12 19.67512691385839 0.000000000000000

 spin=1 k-point=221/1284 Cartesian=-0.1168442699570009 0.04497338047529403 0.01919091118446219 (3787 plane wave)
 1 -1.286615189608721 0.001562500000000037
 2 3.028919000392179 0.001504390143419773
 3 4.626654612628602 4.656398153167705e-09
 4 5.477282273346083 9.415025600494448e-13
 5 9.019207592654784 0.000000000000000
 6 9.648983284769011 0.000000000000000
 7 11.33349752692733 0.000000000000000
 8 13.47390081328690 0.000000000000000
 9 13.96171427820466 0.000000000000000
 10 16.05234645136676 0.000000000000000
 11 17.69784366562017 0.000000000000000
 12 18.62226124963603 0.000000000000000

 spin=1 k-point=222/1284 Cartesian=-0.09737022496416733 0.05621672559411737 0.01919091118446219 (3799 plane wave)
 1 -1.737407348205349 0.001562500000000037
 2 2.604289463147976 0.001561636373142920
 3 4.701408808415339 2.204942979012433e-09
 4 5.694842261017167 1.068981656150703e-13
 5 9.856977844830752 0.000000000000000
 6 10.94228394679823 0.000000000000000
 7 11.74596614392044 0.000000000000000
 8 12.70551645332620 0.000000000000000
 9 15.34401729259820 0.000000000000000
 10 16.53846839484237 0.000000000000000
 11 17.59810533608067 0.000000000000000
 12 17.82806736917113 0.000000000000000

 spin=1 k-point=223/1284 Cartesian=-0.07789617997133380 0.06746007071294070 0.01919091118446219 (3797 plane wave)
 1 -2.038097405200185 0.001562500000000037
 2 2.313703817945833 0.001562452733289379
 3 4.491169681610923 1.804887383837795e-08
 4 6.496135486371093 0.000000000000000
 5 9.897902371428810 0.000000000000000
 6 10.85867546045159 0.000000000000000
 7 12.85306707114178 0.000000000000000
 8 13.95241423291067 0.000000000000000
 9 14.42725564582594 0.000000000000000
 10 16.47433218735228 0.000000000000000
 11 17.68197641763096 0.000000000000000
 12 18.42330790929959 0.000000000000000

 spin=1 k-point=224/1284 Cartesian=-0.05842213497850025 0.07870341583176403 0.01919091118446219 (3787 plane wave)
 1 -2.188487208047276 0.001562500000000037
 2 2.167195806710173 0.001562489078328321
 3 4.362976107941203 6.503914164277458e-08
 4 7.504089995844235 0.000000000000000
 5 8.665407025079794 0.000000000000000
 6 11.85202161110101 0.000000000000000
 7 12.98262910035136 0.000000000000000
 8 14.11800037149932 0.000000000000000
 9 15.23491910385278 0.000000000000000
 10 15.94715907246507 0.000000000000000
 11 17.70418248561047 0.000000000000000
 12 18.48235535639891 0.000000000000000

 spin=1 k-point=225/1284 Cartesian=-0.03894808998566670 0.08994676095058737 0.01919091118446219 (3787 plane wave)
 1 -2.188487208085846 0.001562500000000037
 2 2.167195807775205 0.001562489078328205
 3 4.362976103942645 6.503914424329459e-08
 4 7.504090005909479 0.000000000000000
 5 8.665407023758656 0.000000000000000
 6 11.85202155611977 0.000000000000000
 7 12.98262919222863 0.000000000000000
 8 14.11800031906613 0.000000000000000
 9 15.23491910941298 0.000000000000000
 10 15.94715907429810 0.000000000000000
 11 17.70418247470730 0.000000000000000
 12 18.48235537208952 0.000000000000000

 spin=1 k-point=226/1284 Cartesian=-0.01947404499283316 0.1011901060694107 0.01919091118446219 (3797 plane wave)
 1 -2.038097405317844 0.001562500000000037
 2 2.313703821541836 0.001562452733287679
 3 4.491169665549839 1.804887673718997e-08
 4 6.496135508305619 0.000000000000000
 5 9.897902399105284 0.000000000000000
 6 10.85867539246061 0.000000000000000
 7 12.85306706987828 0.000000000000000
 8 13.95241431063103 0.000000000000000
 9 14.42725561974265 0.000000000000000
 10 16.47433214871845 0.000000000000000
 11 17.68197647986123 0.000000000000000
 12 18.42330783250610 0.000000000000000

 spin=1 k-point=227/1284 Cartesian=0.000000000000000 0.1349201414258805 0.01919091118446219 (3778 plane wave)
 1 -0.9113746224371974 0.001562500000000037
 2 3.294784200017440 0.001007104765197297
 3 4.024731585060227 1.912663584849501e-06
 4 5.725160986035333 7.894009973204655e-14
 5 8.328741744942491 0.000000000000000
 6 10.39934356407112 0.000000000000000
 7 10.56324841854164 0.000000000000000
 8 12.14181846596599 0.000000000000000
 9 14.96541757489752 0.000000000000000
 10 16.19704715340355 0.000000000000000
 11 17.22057571116612 0.000000000000000
 12 18.07685895271885 0.000000000000000

 spin=1 k-point=228/1284 Cartesian=0.01947404499283394 0.1461634865447040 0.01919091118446219 (3790 plane wave)
 1 -0.3864935640065407 0.001562500000000037
 2 3.102292998572896 0.001446151095501442
 3 4.089977493139613 9.966300757402342e-07
 4 6.173989372657509 0.000000000000000
 5 7.668005488090900 0.000000000000000
 6 9.174924691557408 0.000000000000000
 7 9.975886142729527 0.000000000000000
 8 13.16895214557465 0.000000000000000
 9 13.65697789858066 0.000000000000000
 10 15.76148771442259 0.000000000000000
 11 17.48956920249035 0.000000000000000
 12 19.11135279048614 0.000000000000000

 spin=1 k-point=229/1284 Cartesian=0.03894808998566748 0.1574068316635274 0.01919091118446219 (3784 plane wave)
 1 0.2874277426143773 0.001562499999999962
 2 2.647568441243184 0.001561169072426924
 3 4.688773491692852 2.501910542039873e-09
 4 6.638747880559034 0.000000000000000
 5 7.046625228880243 0.000000000000000
 6 7.872579766601064 0.000000000000000
 7 9.417603372706568 0.000000000000000
 8 12.02222140986913 0.000000000000000
 9 14.15536041019536 0.000000000000000
 10 14.93326248296014 0.000000000000000
 11 19.20885746531596 0.000000000000000
 12 20.16381026942231 0.000000000000000

 spin=1 k-point=230/1284 Cartesian=0.05842213497850103 0.1686501767823507 0.01919091118446219 (3775 plane wave)
 1 1.109290784184102 0.001562499999722150
 2 2.293654550372967 0.001562461320140969
 3 5.360516467901775 3.026419166406065e-12
 4 5.962032198671049 7.388883396780385e-15
 5 6.656337803936042 0.000000000000000
 6 7.928327519339886 0.000000000000000
 7 9.021206008347809 0.000000000000000
 8 10.53666782178334 0.000000000000000
 9 12.63142880683266 0.000000000000000
 10 16.89709434507318 0.000000000000000
 11 20.78269484818125 0.000000000000000
 12 21.41261704501107 0.000000000000000

 spin=1 k-point=231/1284 Cartesian=0.07789617997133459 0.1798935219011741 0.01919091118446219 (3778 plane wave)
 1 2.066663893949437 0.001562496003439584
 2 2.087286609981827 0.001562495088100543
 3 4.420021897133003 3.676511126693059e-08
 4 6.472207870663952 0.000000000000000
 5 6.497670730969373 0.000000000000000
 6 8.308426252881597 0.000000000000000
 7 8.976701010309688 0.000000000000000
 8 9.439715998973405 0.000000000000000
 9 11.24637405607537 0.000000000000000
 10 18.99516740491159 0.000000000000000
 11 21.67901628157821 0.000000000000000
 12 22.14171198135384 0.000000000000000

 spin=1 k-point=232/1284 Cartesian=0.09737022496416814 0.1911368670199974 0.01919091118446219 (3777 plane wave)
 1 2.004049215765670 0.001562497863244959
 2 3.152168578666153 0.001379713362684897
 3 3.221353940739706 0.001235548309630215
 4 6.418330437727224 0.000000000000000
 5 7.440353936779662 0.000000000000000
 6 7.566239347245598 0.000000000000000
 7 8.987237784864799 0.000000000000000
 8 10.01046637759174 0.000000000000000
 9 10.05136102361722 0.000000000000000
 10 20.93661503411720 0.000000000000000
 11 21.31451970729242 0.000000000000000
 12 22.02687901776293 0.000000000000000

 spin=1 k-point=233/1284 Cartesian=0.1168442699570017 0.2023802121388207 0.01919091118446219 (3778 plane wave)
 1 2.066663867592700 0.001562496003440638
 2 2.087286637574738 0.001562495088099187
 3 4.420021894246344 3.676511232818900e-08
 4 6.472207843640150 0.000000000000000
 5 6.497670756522695 0.000000000000000
 6 8.308426272929434 0.000000000000000
 7 8.976700986437336 0.000000000000000
 8 9.439716006257326 0.000000000000000
 9 11.24637405521075 0.000000000000000
 10 18.99516740838275 0.000000000000000
 11 21.67901626065259 0.000000000000000
 12 22.14171200689089 0.000000000000000

 spin=1 k-point=234/1284 Cartesian=0.1363183149498352 0.2136235572576441 0.01919091118446219 (3775 plane wave)
 1 1.109290785409430 0.001562499999722150
 2 2.293654547128287 0.001562461320142224
 3 5.360516532599219 3.026417208390334e-12
 4 5.962032133311401 7.388888226131404e-15
 5 6.656337718167501 0.000000000000000
 6 7.928327716852872 0.000000000000000
 7 9.021205872427046 0.000000000000000
 8 10.53666785042094 0.000000000000000
 9 12.63142880418509 0.000000000000000
 10 16.89709434713043 0.000000000000000
 11 20.78269481419954 0.000000000000000
 12 21.41261714027523 0.000000000000000

 spin=1 k-point=235/1284 Cartesian=0.1557923599426688 0.2248669023764674 0.01919091118446219 (3784 plane wave)
 1 0.2874277435580589 0.001562499999999962
 2 2.647568431784511 0.001561169072552705
 3 4.688773541984430 2.501909283791619e-09
 4 6.638747719870334 0.000000000000000
 5 7.046625196195066 0.000000000000000
 6 7.872580006387059 0.000000000000000
 7 9.417603272732514 0.000000000000000
 8 12.02222142267292 0.000000000000000
 9 14.15536040691059 0.000000000000000
 10 14.93326248587741 0.000000000000000
 11 19.20885742913372 0.000000000000000
 12 20.16381036487028 0.000000000000000

 spin=1 k-point=236/1284 Cartesian=-0.1363183149498344 0.05621672559411736 0.01919091118446219 (3790 plane wave)
 1 -0.3864935633397387 0.001562500000000037
 2 3.102292966596253 0.001446151129935553
 3 4.089977564981293 9.966293602012147e-07
 4 6.173989276614272 0.000000000000000
 5 7.668005520549202 0.000000000000000
 6 9.174924803634735 0.000000000000000
 7 9.975886054778881 0.000000000000000
 8 13.16895213570359 0.000000000000000
 9 13.65697790246264 0.000000000000000
 10 15.76148771916057 0.000000000000000
 11 17.48956918041490 0.000000000000000
 12 19.11135288782434 0.000000000000000

 spin=1 k-point=237/1284 Cartesian=-0.1168442699570009 0.06746007071294070 0.01919091118446219 (3778 plane wave)
 1 -0.9113746219872706 0.001562500000000037
 2 3.294784146583854 0.001007104956478004
 3 4.024731687916738 1.912661619959169e-06
 4 5.725160907227052 7.894016194342194e-14
 5 8.328741766915828 0.000000000000000
 6 10.39934361658498 0.000000000000000
 7 10.56324841633160 0.000000000000000
 8 12.14181841484641 0.000000000000000
 9 14.96541757250759 0.000000000000000
 10 16.19704713452418 0.000000000000000
 11 17.22057570904024 0.000000000000000
 12 18.07685905314971 0.000000000000000

 spin=1 k-point=238/1284 Cartesian=-0.09737022496416733 0.07870341583176403 0.01919091118446219 (3787 plane wave)
 1 -1.286615189658656 0.001562500000000037
 2 3.028919000225990 0.001504390143512754
 3 4.626654612385908 4.656398164468506e-09
 4 5.477282274124814 9.415025527176686e-13
 5 9.019207592836558 0.000000000000000
 6 9.648983284201353 0.000000000000000
 7 11.33349752639820 0.000000000000000
 8 13.47390081437896 0.000000000000000
 9 13.96171427752661 0.000000000000000
 10 16.05234645450971 0.000000000000000
 11 17.69784366634058 0.000000000000000
 12 18.62226124222334 0.000000000000000

 spin=1 k-point=239/1284 Cartesian=-0.07789617997133380 0.08994676095058737 0.01919091118446219 (3786 plane wave)
 1 -1.511876008158407 0.001562500000000037
 2 2.825668633975503 0.001554632951080761
 3 4.917110353634483 2.550455597822721e-10
 4 5.903732747377845 1.323640890238139e-14
 5 8.126668755784525 0.000000000000000
 6 10.17593361714208 0.000000000000000
 7 12.10936452785615 0.000000000000000
 8 12.80821653703489 0.000000000000000
 9 14.73574063953335 0.000000000000000
 10 15.49401091740696 0.000000000000000
 11 18.34921327585308 0.000000000000000
 12 19.74938468148800 0.000000000000000

 spin=1 k-point=240/1284 Cartesian=-0.05842213497850025 0.1011901060694107 0.01919091118446219 (3787 plane wave)
 1 -1.586981165003276 0.001562500000000037
 2 2.755563185816657 0.001558587530076692
 3 4.904721948115855 2.886821509095699e-10
 4 6.836233760056990 0.000000000000000
 5 7.009432195821157 0.000000000000000
 6 11.14874438563275 0.000000000000000
 7 11.35665166227957 0.000000000000000
 8 13.48652356686195 0.000000000000000
 9 13.55922345501622 0.000000000000000
 10 17.30006630234039 0.000000000000000
 11 18.05429097905696 0.000000000000000
 12 18.55981826329812 0.000000000000000

 spin=1 k-point=241/1284 Cartesian=-0.03894808998566670 0.1124334511882340 0.01919091118446219 (3786 plane wave)
 1 -1.511876008290875 0.001562500000000037
 2 2.825668640037756 0.001554632950606242
 3 4.917110307449255 2.550456775756816e-10
 4 5.903732802072545 1.323640166276740e-14
 5 8.126668760882483 0.000000000000000
 6 10.17593354417004 0.000000000000000
 7 12.10936467989424 0.000000000000000
 8 12.80821643423830 0.000000000000000
 9 14.73574064339851 0.000000000000000
 10 15.49401091499129 0.000000000000000
 11 18.34921327827500 0.000000000000000
 12 19.74938464710198 0.000000000000000

 spin=1 k-point=242/1284 Cartesian=-0.01947404499283316 0.1236767963070574 0.01919091118446219 (3787 plane wave)
 1 -1.286615189936262 0.001562500000000037
 2 3.028919017744347 0.001504390133711451
 3 4.626654515636463 4.656402669497744e-09
 4 5.477282372070726 9.415016305546383e-13
 5 9.019207643940133 0.000000000000000
 6 9.648983165737450 0.000000000000000
 7 11.33349756973370 0.000000000000000
 8 13.47390084137652 0.000000000000000
 9 13.96171426785401 0.000000000000000
 10 16.05234643730533 0.000000000000000
 11 17.69784371676525 0.000000000000000
 12 18.62226114079986 0.000000000000000

 spin=1 k-point=243/1284 Cartesian=0.000000000000000 0.1574068316635272 0.01919091118446219 (3779 plane wave)
 1 0.06241816044679992 0.001562500000000029
 2 2.423063025524720 0.001562358918384760
 3 4.476608994493199 2.087784163901703e-08
 4 6.428737861342141 0.000000000000000
 5 7.136994408135241 0.000000000000000
 6 9.054895501008524 0.000000000000000
 7 10.33577802161813 0.000000000000000
 8 11.87388272528536 0.000000000000000
 9 14.73819139692954 0.000000000000000
 10 15.98423230278262 0.000000000000000
 11 16.99387656167703 0.000000000000000
 12 18.10042177423267 0.000000000000000

 spin=1 k-point=244/1284 Cartesian=0.01947404499283394 0.1686501767823507 0.01919091118446219 (3778 plane wave)
 1 0.6599369998365695 0.001562499999996930
 2 1.844993253733177 0.001562499564504426
 3 5.045312592339950 7.076889810133591e-11
 4 6.170471304610026 0.000000000000000
 5 7.352178281975118 0.000000000000000
 6 8.392846694429608 0.000000000000000
 7 9.302895115223706 0.000000000000000
 8 13.01806269767632 0.000000000000000
 9 13.50529160421901 0.000000000000000
 10 15.61463244456055 0.000000000000000
 11 17.36529984277526 0.000000000000000
 12 19.28332655527221 0.000000000000000

 spin=1 k-point=245/1284 Cartesian=0.03894808998566748 0.1798935219011741 0.01919091118446219 (3771 plane wave)
 1 1.401921380543363 0.001562499994815061
 2 1.407438209111130 0.001562499994520977
 3 5.666487525050213 1.419427897268331e-13
 4 5.846518944439927 2.345560422111127e-14
 5 7.238787343934840 0.000000000000000
 6 8.018889787953437 0.000000000000000
 7 8.506614868925292 0.000000000000000
 8 11.94138434049585 0.000000000000000
 9 14.08224557860806 0.000000000000000
 10 14.86174591440518 0.000000000000000
 11 19.17780931187375 0.000000000000000
 12 20.73830909476916 0.000000000000000

 spin=1 k-point=246/1284 Cartesian=0.05842213497850103 0.1911368670199974 0.01919091118446219 (3775 plane wave)
 1 1.109290785087158 0.001562499999722150
 2 2.293654546392511 0.001562461320142509
 3 5.360516541867430 3.026416927895569e-12
 4 5.962032125988918 7.388888767181631e-15
 5 6.656337723283573 0.000000000000000
 6 7.928327701404617 0.000000000000000
 7 9.021205881602258 0.000000000000000
 8 10.53666785055630 0.000000000000000
 9 12.63142880553667 0.000000000000000
 10 16.89709434484011 0.000000000000000
 11 20.78269482211852 0.000000000000000
 12 21.41261713423264 0.000000000000000

 spin=1 k-point=247/1284 Cartesian=0.07789617997133459 0.2023802121388208 0.01919091118446219 (3779 plane wave)
 1 0.9612033897100539 0.001562499999936834
 2 3.317326342438831 0.0009240540139383035
 3 4.460578201433335 2.450786372736251e-08
 4 5.465967386646435 1.054293298122597e-12
 5 7.291618672460969 0.000000000000000
 6 8.065522311950351 0.000000000000000
 7 9.069567764369724 0.000000000000000
 8 10.22675506046650 0.000000000000000
 9 11.32353859748630 0.000000000000000
 10 19.03738338948189 0.000000000000000
 11 20.76751508728546 0.000000000000000
 12 21.54766639526983 0.000000000000000

 spin=1 k-point=248/1284 Cartesian=0.09737022496416814 0.2136235572576441 0.01919091118446219 (3779 plane wave)
 1 0.9612033894004711 0.001562499999936834
 2 3.317326352884869 0.0009240539744968211
 3 4.460578171010543 2.450787118322483e-08
 4 5.465967404167986 1.054293113394018e-12
 5 7.291618780229904 0.000000000000000
 6 8.065522091450630 0.000000000000000
 7 9.069567932099092 0.000000000000000
 8 10.22675499924353 0.000000000000000
 9 11.32353860604627 0.000000000000000
 10 19.03738339695972 0.000000000000000
 11 20.76751505168124 0.000000000000000
 12 21.54766642587654 0.000000000000000

 spin=1 k-point=249/1284 Cartesian=0.1168442699570017 0.2248669023764674 0.01919091118446219 (3775 plane wave)
 1 1.109290784019360 0.001562499999722150
 2 2.293654551619077 0.001562461320140487
 3 5.360516459940152 3.026419407358196e-12
 4 5.962032202649281 7.388883102833405e-15
 5 6.656337802191502 0.000000000000000
 6 7.928327530797345 0.000000000000000
 7 9.021206002849134 0.000000000000000
 8 10.53666782094332 0.000000000000000
 9 12.63142880547852 0.000000000000000
 10 16.89709434794846 0.000000000000000
 11 20.78269483933656 0.000000000000000
 12 21.41261704587086 0.000000000000000

 spin=1 k-point=250/1284 Cartesian=0.1363183149498352 0.2361102474952907 0.01919091118446219 (3771 plane wave)
 1 1.401921354142381 0.001562499994815062
 2 1.407438236359699 0.001562499994520976
 3 5.666487496752242 1.419428298937777e-13
 4 5.846518970063109 2.345559821103818e-14
 5 7.238787335751391 0.000000000000000
 6 8.018889816343751 0.000000000000000
 7 8.506614851535808 0.000000000000000
 8 11.94138433956006 0.000000000000000
 9 14.08224557665024 0.000000000000000
 10 14.86174591678551 0.000000000000000
 11 19.17780930949099 0.000000000000000
 12 20.73830908343479 0.000000000000000

 spin=1 k-point=251/1284 Cartesian=0.1557923599426688 0.2473535926141141 0.01919091118446219 (3778 plane wave)
 1 0.6599370014831458 0.001562499999996930
 2 1.844993249576494 0.001562499564504444
 3 5.045312637184413 7.076886636540353e-11
 4 6.170471206674510 0.000000000000000
 5 7.352178326382178 0.000000000000000
 6 8.392846746692815 0.000000000000000
 7 9.302895074510714 0.000000000000000
 8 13.01806269683123 0.000000000000000
 9 13.50529160457660 0.000000000000000
 10 15.61463244366702 0.000000000000000
 11 17.36529983581384 0.000000000000000
 12 19.28332658645494 0.000000000000000

 spin=1 k-point=252/1284 Cartesian=-0.1363183149498344 0.07870341583176405 0.01919091118446219 (3779 plane wave)
 1 0.06241816150160866 0.001562500000000029
 2 2.423063015466644 0.001562358918398949
 3 4.476609042289241 2.087783166036832e-08
 4 6.428737693292857 0.000000000000000
 5 7.136994540406379 0.000000000000000
 6 9.054895513118366 0.000000000000000
 7 10.33577801946241 0.000000000000000
 8 11.87388271032120 0.000000000000000
 9 14.73819139470754 0.000000000000000
 10 15.98423229360176 0.000000000000000
 11 16.99387655945112 0.000000000000000
 12 18.10042181781453 0.000000000000000

 spin=1 k-point=253/1284 Cartesian=-0.1168442699570009 0.08994676095058739 0.01919091118446219 (3790 plane wave)
 1 -0.3864935633967071 0.001562500000000037
 2 3.102292966372053 0.001446151130176983
 3 4.089977565310659 9.966293569207465e-07
 4 6.173989276780930 0.000000000000000
 5 7.668005520341945 0.000000000000000
 6 9.174924804258499 0.000000000000000
 7 9.975886053892543 0.000000000000000
 8 13.16895213622635 0.000000000000000
 9 13.65697790186750 0.000000000000000
 10 15.76148772111412 0.000000000000000
 11 17.48956918072556 0.000000000000000
 12 19.11135288140430 0.000000000000000

 spin=1 k-point=254/1284 Cartesian=-0.09737022496416733 0.1011901060694107 0.01919091118446219 (3783 plane wave)
 1 -0.6860761289667113 0.001562500000000037
 2 3.516019769326840 0.0002587362594529078
 3 4.245937507401692 2.096172024421044e-07
 4 5.913899804470589 1.195680637003055e-14
 5 7.688128588711522 0.000000000000000
 6 8.702838548206776 0.000000000000000
 7 10.74423775040510 0.000000000000000
 8 12.27486628644676 0.000000000000000
 9 14.37402652722300 0.000000000000000
 10 15.14628047748468 0.000000000000000
 11 19.01913318369390 0.000000000000000
 12 19.67512691090904 0.000000000000000

 spin=1 k-point=255/1284 Cartesian=-0.07789617997133380 0.1124334511882341 0.01919091118446219 (3777 plane wave)
 1 -0.8359502870441974 0.001562500000000037
 2 3.464920234727064 0.0003884045542379733
 3 5.071796371329089 5.430312454751839e-11
 4 5.778261890586239 4.641766778803277e-14
 5 6.564326422024386 0.000000000000000
 6 9.640156636208735 0.000000000000000
 7 10.76310645878374 0.000000000000000
 8 11.97222016967142 0.000000000000000
 9 13.07716812894760 0.000000000000000
 10 17.26515723798116 0.000000000000000
 11 19.01120294061992 0.000000000000000
 12 19.81692668309233 0.000000000000000

 spin=1 k-point=256/1284 Cartesian=-0.05842213497850025 0.1236767963070574 0.01919091118446219 (3777 plane wave)
 1 -0.8359502871570708 0.001562500000000037
 2 3.464920245047042 0.0003884045241185555
 3 5.071796281854417 5.430317313509294e-11
 4 5.778262012370344 4.641761125871210e-14
 5 6.564326392014025 0.000000000000000
 6 9.640156552177997 0.000000000000000
 7 10.76310658116140 0.000000000000000
 8 11.97222010947097 0.000000000000000
 9 13.07716813742907 0.000000000000000
 10 17.26515724063954 0.000000000000000
 11 19.01120291819210 0.000000000000000
 12 19.81692670510899 0.000000000000000

 spin=1 k-point=257/1284 Cartesian=-0.03894808998566670 0.1349201414258807 0.01919091118446219 (3783 plane wave)
 1 -0.6860761293216752 0.001562500000000037
 2 3.516019819630677 0.0002587361508510353
 3 4.245937406162239 2.096174146291020e-07
 4 5.913899888543709 1.195679631757219e-14
 5 7.688128627010110 0.000000000000000
 6 8.702838413646221 0.000000000000000
 7 10.74423784965368 0.000000000000000
 8 12.27486624923300 0.000000000000000
 9 14.37402652971259 0.000000000000000
 10 15.14628047428074 0.000000000000000
 11 19.01913322761501 0.000000000000000
 12 19.67512683358970 0.000000000000000

 spin=1 k-point=258/1284 Cartesian=-0.01947404499283316 0.1461634865447041 0.01919091118446219 (3790 plane wave)
 1 -0.3864935640475894 0.001562500000000037
 2 3.102292998595011 0.001446151095477629
 3 4.089977493080827 9.966300763257347e-07
 4 6.173989372630004 0.000000000000000
 5 7.668005487951691 0.000000000000000
 6 9.174924692947176 0.000000000000000
 7 9.975886141376256 0.000000000000000
 8 13.16895214618466 0.000000000000000
 9 13.65697789901833 0.000000000000000
 10 15.76148771346459 0.000000000000000
 11 17.48956920210572 0.000000000000000
 12 19.11135279006895 0.000000000000000

 spin=1 k-point=259/1284 Cartesian=0.000000000000000 0.1798935219011738 0.01919091118446219 (3792 plane wave)
 1 1.179261753616056 0.001562499999440604
 2 1.180708506186830 0.001562499999432451
 3 5.478108917115351 9.337517657710166e-13
 4 5.626134969624276 2.125016472800874e-13
 5 7.817538569217279 0.000000000000000
 6 7.869001265001477 0.000000000000000
 7 10.25994739779346 0.000000000000000
 8 11.78952924417502 0.000000000000000
 9 14.66243956174618 0.000000000000000
 10 15.91254717110843 0.000000000000000
 11 16.91828466191899 0.000000000000000
 12 18.08537017207510 0.000000000000000

 spin=1 k-point=260/1284 Cartesian=0.01947404499283394 0.1911368670199974 0.01919091118446219 (3778 plane wave)
 1 0.6599370011270370 0.001562499999996930
 2 1.844993249146504 0.001562499564504446
 3 5.045312641392594 7.076886338732112e-11
 4 6.170471207000997 0.000000000000000
 5 7.352178322510923 0.000000000000000
 6 8.392846744400090 0.000000000000000
 7 9.302895076510472 0.000000000000000
 8 13.01806269414427 0.000000000000000
 9 13.50529160557292 0.000000000000000
 10 15.61463244731045 0.000000000000000
 11 17.36529983681919 0.000000000000000
 12 19.28332658755436 0.000000000000000

 spin=1 k-point=261/1284 Cartesian=0.03894808998566748 0.2023802121388207 0.01919091118446219 (3784 plane wave)
 1 0.2874277432384432 0.001562499999999962
 2 2.647568431002008 0.001561169072563110
 3 4.688773544785554 2.501909213710129e-09
 4 6.638747726699059 0.000000000000000
 5 7.046625192633579 0.000000000000000
 6 7.872579997174343 0.000000000000000
 7 9.417603276170343 0.000000000000000
 8 12.02222142345906 0.000000000000000
 9 14.15536040903139 0.000000000000000
 10 14.93326248396985 0.000000000000000
 11 19.20885743235718 0.000000000000000
 12 20.16381036254297 0.000000000000000

 spin=1 k-point=262/1284 Cartesian=0.05842213497850103 0.2136235572576441 0.01919091118446219 (3779 plane wave)
 1 0.06358711208114042 0.001562500000000029
 2 3.549719878721885 0.0001938997543906234
 3 4.505671276335850 1.561245304869934e-08
 4 5.974201987218257 6.542234094163437e-15
 5 6.738728047906154 0.000000000000000
 6 8.244531383402430 0.000000000000000
 7 10.11934157302253 0.000000000000000
 8 10.85781841426375 0.000000000000000
 9 12.77999027981102 0.000000000000000
 10 17.02765285984050 0.000000000000000
 11 19.90331600503568 0.000000000000000
 12 21.31731919224207 0.000000000000000

 spin=1 k-point=263/1284 Cartesian=0.07789617997133459 0.2248669023764674 0.01919091118446219 (3784 plane wave)
 1 -0.01107586940227117 0.001562500000000033
 2 4.097056589057338 9.285574756934783e-07
 3 4.804608124290142 7.856130940634370e-10
 4 4.974109769213697 1.442355851131059e-10
 5 6.658449375899378 0.000000000000000
 6 9.134720359427281 0.000000000000000
 7 9.406647934926101 0.000000000000000
 8 11.54897992210316 0.000000000000000
 9 11.56640166298806 0.000000000000000
 10 18.89195456128668 0.000000000000000
 11 19.55352052082063 0.000000000000000
 12 20.11391783240249 0.000000000000000

 spin=1 k-point=264/1284 Cartesian=0.09737022496416814 0.2361102474952907 0.01919091118446219 (3779 plane wave)
 1 0.06358711180112935 0.001562500000000029
 2 3.549719912802946 0.0001938996965081588
 3 4.505671188245020 1.561246680171074e-08
 4 5.974202067776656 6.542228823845232e-15
 5 6.738728087367964 0.000000000000000
 6 8.244531241975425 0.000000000000000
 7 10.11934176116115 0.000000000000000
 8 10.85781829735631 0.000000000000000
 9 12.77999028270555 0.000000000000000
 10 17.02765286464541 0.000000000000000
 11 19.90331599368675 0.000000000000000
 12 21.31731916049548 0.000000000000000

 spin=1 k-point=265/1284 Cartesian=0.1168442699570017 0.2473535926141141 0.01919091118446219 (3784 plane wave)
 1 0.2874277426013112 0.001562499999999962
 2 2.647568442713769 0.001561169072407368
 3 4.688773487879788 2.501910637439194e-09
 4 6.638747877127281 0.000000000000000
 5 7.046625229274288 0.000000000000000
 6 7.872579775544332 0.000000000000000
 7 9.417603370417908 0.000000000000000
 8 12.02222140877323 0.000000000000000
 9 14.15536040827708 0.000000000000000
 10 14.93326248590924 0.000000000000000
 11 19.20885746287329 0.000000000000000
 12 20.16381026410134 0.000000000000000

 spin=1 k-point=266/1284 Cartesian=0.1363183149498352 0.2585969377329374 0.01919091118446219 (3778 plane wave)
 1 0.6599369999305265 0.001562499999996930
 2 1.844993254607370 0.001562499564504423
 3 5.045312586990673 7.076890188696042e-11
 4 6.170471306369739 0.000000000000000
 5 7.352178283192647 0.000000000000000
 6 8.392846699201272 0.000000000000000
 7 9.302895112242696 0.000000000000000
 8 13.01806270063017 0.000000000000000
 9 13.50529160314097 0.000000000000000
 10 15.61463244135006 0.000000000000000
 11 17.36529984189786 0.000000000000000
 12 19.28332655238536 0.000000000000000

 spin=1 k-point=267/1284 Cartesian=0.1557923599426688 0.2698402828517608 0.01919091118446219 (3792 plane wave)
 1 1.179261727203683 0.001562499999440604
 2 1.180708533378797 0.001562499999432451
 3 5.478108888505215 9.337520329187758e-13
 4 5.626134995160553 2.125015930150713e-13
 5 7.817538597771273 0.000000000000000
 6 7.869001239432699 0.000000000000000
 7 10.25994739566021 0.000000000000000
 8 11.78952924883674 0.000000000000000
 9 14.66243955960985 0.000000000000000
 10 15.91254716879977 0.000000000000000
 11 16.91828465955978 0.000000000000000
 12 18.08537017279676 0.000000000000000

 spin=1 k-point=268/1284 Cartesian=0.1363183149498352 0.2585969377329374 -0.01919091118446170 (3778 plane wave)
 1 0.6599370014269358 0.001562499999996930
 2 1.844993249605704 0.001562499564504444
 3 5.045312637267502 7.076886630660258e-11
 4 6.170471206595513 0.000000000000000
 5 7.352178326258595 0.000000000000000
 6 8.392846747452802 0.000000000000000
 7 9.302895073837197 0.000000000000000
 8 13.01806269702232 0.000000000000000
 9 13.50529160395837 0.000000000000000
 10 15.61463244488383 0.000000000000000
 11 17.36529983599051 0.000000000000000
 12 19.28332658400181 0.000000000000000

 spin=1 k-point=269/1284 Cartesian=0.1168442699570017 0.2473535926141141 -0.01919091118446170 (3784 plane wave)
 1 0.2874277434405106 0.001562499999999962
 2 2.647568431673589 0.001561169072554180
 3 4.688773542382813 2.501909273824458e-09
 4 6.638747720372514 0.000000000000000
 5 7.046625196299027 0.000000000000000
 6 7.872580005165472 0.000000000000000
 7 9.417603273327984 0.000000000000000
 8 12.02222142205337 0.000000000000000
 9 14.15536040779727 0.000000000000000
 10 14.93326248638702 0.000000000000000
 11 19.20885742986887 0.000000000000000
 12 20.16381035896184 0.000000000000000

 spin=1 k-point=270/1284 Cartesian=0.09737022496416814 0.2361102474952907 -0.01919091118446170 (3779 plane wave)
 1 0.06358711220226425 0.001562500000000029
 2 3.549719879699219 0.0001938997527307409
 3 4.505671274100538 1.561245339768279e-08
 4 5.974201987419974 6.542234080966635e-15
 5 6.738728046395789 0.000000000000000
 6 8.244531388794146 0.000000000000000
 7 10.11934157039147 0.000000000000000
 8 10.85781841384188 0.000000000000000
 9 12.77999027912922 0.000000000000000
 10 17.02765286240470 0.000000000000000
 11 19.90331600113542 0.000000000000000
 12 21.31731919156646 0.000000000000000

 spin=1 k-point=271/1284 Cartesian=0.07789617997133459 0.2248669023764674 -0.01919091118446170 (3784 plane wave)
 1 -0.01107586935044770 0.001562500000000033
 2 4.097056586765632 9.285574969606501e-07
 3 4.804608124309679 7.856130939099499e-10
 4 4.974109772959443 1.442355797104072e-10
 5 6.658449374053002 0.000000000000000
 6 9.134720359138896 0.000000000000000
 7 9.406647935883122 0.000000000000000
 8 11.54897992155960 0.000000000000000
 9 11.56640166299468 0.000000000000000
 10 18.89195456127801 0.000000000000000
 11 19.55352052050884 0.000000000000000
 12 20.11391783285814 0.000000000000000

 spin=1 k-point=272/1284 Cartesian=0.05842213497850103 0.2136235572576441 -0.01919091118446170 (3779 plane wave)
 1 0.06358711178851033 0.001562500000000029
 2 3.549719909856289 0.0001938997015126900
 3 4.505671192374674 1.561246615697618e-08
 4 5.974202071232037 6.542228597786254e-15
 5 6.738728084376653 0.000000000000000
 6 8.244531237535867 0.000000000000000
 7 10.11934176376806 0.000000000000000
 8 10.85781829777589 0.000000000000000
 9 12.77999028290180 0.000000000000000
 10 17.02765286195158 0.000000000000000
 11 19.90331599837885 0.000000000000000
 12 21.31731916040117 0.000000000000000

 spin=1 k-point=273/1284 Cartesian=0.03894808998566748 0.2023802121388207 -0.01919091118446170 (3784 plane wave)
 1 0.2874277425237935 0.001562499999999962
 2 2.647568441356509 0.001561169072425417
 3 4.688773491391455 2.501910549580552e-09
 4 6.638747880802110 0.000000000000000
 5 7.046625228704990 0.000000000000000
 6 7.872579767039779 0.000000000000000
 7 9.417603372549054 0.000000000000000
 8 12.02222141046912 0.000000000000000
 9 14.15536040913359 0.000000000000000
 10 14.93326248339829 0.000000000000000
 11 19.20885746531601 0.000000000000000
 12 20.16381026788061 0.000000000000000

 spin=1 k-point=274/1284 Cartesian=-0.01947404499283316 0.1686501767823507 0.01919091118446219 (3778 plane wave)
 1 0.6599369997879017 0.001562499999996930
 2 1.844993253796206 0.001562499564504426
 3 5.045312592169893 7.076889822168264e-11
 4 6.170471304637374 0.000000000000000
 5 7.352178281914481 0.000000000000000
 6 8.392846695517445 0.000000000000000
 7 9.302895114154103 0.000000000000000
 8 13.01806269785923 0.000000000000000
 9 13.50529160490415 0.000000000000000
 10 15.61463244357793 0.000000000000000
 11 17.36529984210303 0.000000000000000
 12 19.28332655666902 0.000000000000000

 spin=1 k-point=275/1284 Cartesian=0.000000000000000 0.1574068316635272 -0.01919091118446170 (3779 plane wave)
 1 0.06241816126432160 0.001562500000000029
 2 2.423063014834255 0.001562358918399841
 3 4.476609044441701 2.087783121098737e-08
 4 6.428737699086198 0.000000000000000
 5 7.136994532500817 0.000000000000000
 6 9.054895513324041 0.000000000000000
 7 10.33577802162350 0.000000000000000
 8 11.87388270549540 0.000000000000000
 9 14.73819139684480 0.000000000000000
 10 15.98423229593447 0.000000000000000
 11 16.99387656185043 0.000000000000000
 12 18.10042181838266 0.000000000000000

 spin=1 k-point=276/1284 Cartesian=-0.01947404499283316 0.1461634865447041 -0.01919091118446170 (3790 plane wave)
 1 -0.3864935635658041 0.001562500000000037
 2 3.102292965463351 0.001446151131155520
 3 4.089977566740283 9.966293426817777e-07
 4 6.173989280164840 0.000000000000000
 5 7.668005516441649 0.000000000000000
 6 9.174924801879861 0.000000000000000
 7 9.975886056178066 0.000000000000000
 8 13.16895213319288 0.000000000000000
 9 13.65697790338873 0.000000000000000
 10 15.76148772342824 0.000000000000000
 11 17.48956918191172 0.000000000000000
 12 19.11135288675983 0.000000000000000

 spin=1 k-point=277/1284 Cartesian=-0.03894808998566670 0.1349201414258807 -0.01919091118446170 (3783 plane wave)
 1 -0.6860761290774124 0.001562500000000037
 2 3.516019769389521 0.0002587362593175842
 3 4.245937506866952 2.096172035628620e-07
 4 5.913899807512182 1.195680600635297e-14
 5 7.688128587981030 0.000000000000000
 6 8.702838544412153 0.000000000000000
 7 10.74423775165581 0.000000000000000
 8 12.27486628759907 0.000000000000000
 9 14.37402652847820 0.000000000000000
 10 15.14628047495058 0.000000000000000
 11 19.01913318748353 0.000000000000000
 12 19.67512691053755 0.000000000000000

 spin=1 k-point=278/1284 Cartesian=-0.05842213497850025 0.1236767963070574 -0.01919091118446170 (3777 plane wave)
 1 -0.8359502871040025 0.001562500000000037
 2 3.464920235398734 0.0003884045522776668
 3 5.071796368033118 5.430312633733405e-11
 4 5.778261894945921 4.641766576436977e-14
 5 6.564326420862114 0.000000000000000
 6 9.640156633645418 0.000000000000000
 7 10.76310646060224 0.000000000000000
 8 11.97222016981251 0.000000000000000
 9 13.07716812969672 0.000000000000000
 10 17.26515723516620 0.000000000000000
 11 19.01120294484849 0.000000000000000
 12 19.81692668192600 0.000000000000000

 spin=1 k-point=279/1284 Cartesian=-0.07789617997133380 0.1124334511882341 -0.01919091118446170 (3777 plane wave)
 1 -0.8359502871700644 0.001562500000000037
 2 3.464920246205716 0.0003884045207369049
 3 5.071796280663888 5.430317378158810e-11
 4 5.778262008637163 4.641761299156585e-14
 5 6.564326395536089 0.000000000000000
 6 9.640156554351005 0.000000000000000
 7 10.76310657883796 0.000000000000000
 8 11.97222010993467 0.000000000000000
 9 13.07716813731973 0.000000000000000
 10 17.26515724357251 0.000000000000000
 11 19.01120291311519 0.000000000000000
 12 19.81692670629063 0.000000000000000

 spin=1 k-point=280/1284 Cartesian=-0.09737022496416733 0.1011901060694107 -0.01919091118446170 (3783 plane wave)
 1 -0.6860761292888572 0.001562500000000037
 2 3.516019822912371 0.0002587361437661282
 3 4.245937402104758 2.096174231331497e-07
 4 5.913899886638876 1.195679654532918e-14
 5 7.688128628207313 0.000000000000000
 6 8.702838416726085 0.000000000000000
 7 10.74423784913623 0.000000000000000
 8 12.27486624782339 0.000000000000000
 9 14.37402652893456 0.000000000000000
 10 15.14628047697054 0.000000000000000
 11 19.01913322317262 0.000000000000000
 12 19.67512683388530 0.000000000000000

 spin=1 k-point=281/1284 Cartesian=0.1168442699570017 -0.08994676095058601 0.01919091118446219 (3790 plane wave)
 1 -0.3864935639676836 0.001562500000000037
 2 3.102293001418335 0.001446151092437326
 3 4.089977488798684 9.966301189756472e-07
 4 6.173989371022124 0.000000000000000
 5 7.668005490401831 0.000000000000000
 6 9.174924695217110 0.000000000000000
 7 9.975886140277630 0.000000000000000
 8 13.16895214893867 0.000000000000000
 9 13.65697789737764 0.000000000000000
 10 15.76148771156062 0.000000000000000
 11 17.48956920159625 0.000000000000000
 12 19.11135278488654 0.000000000000000

 spin=1 k-point=282/1284 Cartesian=0.1363183149498352 -0.07870341583176267 0.01919091118446219 (3779 plane wave)
 1 0.06241816057464413 0.001562500000000029
 2 2.423063026854834 0.001562358918382884
 3 4.476608990757097 2.087784241902429e-08
 4 6.428737859046646 0.000000000000000
 5 7.136994412698870 0.000000000000000
 6 9.054895501924884 0.000000000000000
 7 10.33577801945712 0.000000000000000
 8 11.87388272985037 0.000000000000000
 9 14.73819139477041 0.000000000000000
 10 15.98423230042549 0.000000000000000
 11 16.99387655928980 0.000000000000000
 12 18.10042177502053 0.000000000000000

 spin=1 k-point=283/1284 Cartesian=0.1557923599426688 0.2473535926141141 -0.01919091118446170 (3778 plane wave)
 1 0.6599369999907243 0.001562499999996930
 2 1.844993254583136 0.001562499564504423
 3 5.045312586804643 7.076890201861184e-11
 4 6.170471306339594 0.000000000000000
 5 7.352178283559148 0.000000000000000
 6 8.392846699075346 0.000000000000000
 7 9.302895112286537 0.000000000000000
 8 13.01806270055211 0.000000000000000
 9 13.50529160245802 0.000000000000000
 10 15.61463244193015 0.000000000000000
 11 17.36529984209898 0.000000000000000
 12 19.28332655352367 0.000000000000000

 spin=1 k-point=284/1284 Cartesian=0.1363183149498352 0.2361102474952907 -0.01919091118446170 (3771 plane wave)
 1 1.401921354149610 0.001562499994815062
 2 1.407438236361923 0.001562499994520976
 3 5.666487496501435 1.419428302497818e-13
 4 5.846518969989468 2.345559822831120e-14
 5 7.238787336431325 0.000000000000000
 6 8.018889816569265 0.000000000000000
 7 8.506614851083153 0.000000000000000
 8 11.94138433883863 0.000000000000000
 9 14.08224557730420 0.000000000000000
 10 14.86174591684151 0.000000000000000
 11 19.17780931004483 0.000000000000000
 12 20.73830908242704 0.000000000000000

 spin=1 k-point=285/1284 Cartesian=0.1168442699570017 0.2248669023764674 -0.01919091118446170 (3775 plane wave)
 1 1.109290785251193 0.001562499999722150
 2 2.293654547110931 0.001562461320142231
 3 5.360516533213240 3.026417189807502e-12
 4 5.962032133340734 7.388888223964022e-15
 5 6.656337718548079 0.000000000000000
 6 7.928327714453930 0.000000000000000
 7 9.021205874700607 0.000000000000000
 8 10.53666784932533 0.000000000000000
 9 12.63142880484621 0.000000000000000
 10 16.89709434738742 0.000000000000000
 11 20.78269481309293 0.000000000000000
 12 21.41261713743312 0.000000000000000

 spin=1 k-point=286/1284 Cartesian=0.09737022496416814 0.2136235572576441 -0.01919091118446170 (3779 plane wave)
 1 0.9612033898217248 0.001562499999936834
 2 3.317326343409255 0.0009240540102742383
 3 4.460578197883219 2.450786459740668e-08
 4 5.465967389439966 1.054293268670582e-12
 5 7.291618666843230 0.000000000000000
 6 8.065522322583963 0.000000000000000
 7 9.069567759063599 0.000000000000000
 8 10.22675506036315 0.000000000000000
 9 11.32353859720600 0.000000000000000
 10 19.03738339292488 0.000000000000000
 11 20.76751507937609 0.000000000000000
 12 21.54766639885214 0.000000000000000

 spin=1 k-point=287/1284 Cartesian=0.07789617997133459 0.2023802121388208 -0.01919091118446170 (3779 plane wave)
 1 0.9612033894483747 0.001562499999936834
 2 3.317326351203817 0.0009240539808440323
 3 4.460578173108392 2.450787066909468e-08
 4 5.465967405658411 1.054293097680571e-12
 5 7.291618781867126 0.000000000000000
 6 8.065522081508121 0.000000000000000
 7 9.069567939160370 0.000000000000000
 8 10.22675499883251 0.000000000000000
 9 11.32353860589421 0.000000000000000
 10 19.03738339325738 0.000000000000000
 11 20.76751505988009 0.000000000000000
 12 21.54766642159556 0.000000000000000

 spin=1 k-point=288/1284 Cartesian=0.05842213497850103 0.1911368670199974 -0.01919091118446170 (3775 plane wave)
 1 1.109290784037737 0.001562499999722150
 2 2.293654550557998 0.001562461320140898
 3 5.360516466332538 3.026419213897760e-12
 4 5.962032200103847 7.388883290912609e-15
 5 6.656337805020629 0.000000000000000
 6 7.928327517385344 0.000000000000000
 7 9.021206009286898 0.000000000000000
 8 10.53666782271369 0.000000000000000
 9 12.63142880577602 0.000000000000000
 10 16.89709434525606 0.000000000000000
 11 20.78269484947346 0.000000000000000
 12 21.41261704250517 0.000000000000000

 spin=1 k-point=289/1284 Cartesian=0.03894808998566748 0.1798935219011741 -0.01919091118446170 (3771 plane wave)
 1 1.401921380569525 0.001562499994815061
 2 1.407438209105220 0.001562499994520977
 3 5.666487524254085 1.419427908568799e-13
 4 5.846518944623708 2.345560417800429e-14
 5 7.238787345966039 0.000000000000000
 6 8.018889787375509 0.000000000000000
 7 8.506614867711090 0.000000000000000
 8 11.94138434156260 0.000000000000000
 9 14.08224557761257 0.000000000000000
 10 14.86174591429477 0.000000000000000
 11 19.17780931140188 0.000000000000000
 12 20.73830909736781 0.000000000000000

 spin=1 k-point=290/1284 Cartesian=0.01947404499283394 0.1686501767823507 -0.01919091118446170 (3778 plane wave)
 1 0.6599370011842228 0.001562499999996930
 2 1.844993249093666 0.001562499564504446
 3 5.045312641370020 7.076886340329593e-11
 4 6.170471206836545 0.000000000000000
 5 7.352178322930670 0.000000000000000
 6 8.392846744622258 0.000000000000000
 7 9.302895075877235 0.000000000000000
 8 13.01806269393742 0.000000000000000
 9 13.50529160651119 0.000000000000000
 10 15.61463244623583 0.000000000000000
 11 17.36529983598266 0.000000000000000
 12 19.28332659067767 0.000000000000000

 spin=1 k-point=291/1284 Cartesian=0.000000000000000 0.1349201414258805 -0.01919091118446170 (3778 plane wave)
 1 -0.9113746221223291 0.001562500000000037
 2 3.294784146418429 0.001007104957070189
 3 4.024731687547403 1.912661627014653e-06
 4 5.725160910333098 7.894015949150402e-14
 5 8.328741763868324 0.000000000000000
 6 10.39934361648791 0.000000000000000
 7 10.56324841854999 0.000000000000000
 8 12.14181840975555 0.000000000000000
 9 14.96541757471669 0.000000000000000
 10 16.19704713700262 0.000000000000000
 11 17.22057571152351 0.000000000000000
 12 18.07685905645529 0.000000000000000

 spin=1 k-point=292/1284 Cartesian=-0.01947404499283316 0.1236767963070574 -0.01919091118446170 (3787 plane wave)
 1 -1.286615189753835 0.001562500000000037
 2 3.028919000626613 0.001504390143288610
 3 4.626654609317387 4.656398307350665e-09
 4 5.477282278629672 9.415025103043099e-13
 5 9.019207591745449 0.000000000000000
 6 9.648983282196186 0.000000000000000
 7 11.33349752765207 0.000000000000000
 8 13.47390081089846 0.000000000000000
 9 13.96171427902294 0.000000000000000
 10 16.05234645679370 0.000000000000000
 11 17.69784366851558 0.000000000000000
 12 18.62226124464000 0.000000000000000

 spin=1 k-point=293/1284 Cartesian=-0.03894808998566670 0.1124334511882340 -0.01919091118446170 (3786 plane wave)
 1 -1.511876008217571 0.001562500000000037
 2 2.825668634392621 0.001554632951048112
 3 4.917110351065618 2.550455663340507e-10
 4 5.903732750992615 1.323640842391557e-14
 5 8.126668755065483 0.000000000000000
 6 10.17593361479140 0.000000000000000
 7 12.10936452917764 0.000000000000000
 8 12.80821653758347 0.000000000000000
 9 14.73574064089867 0.000000000000000
 10 15.49401091457295 0.000000000000000
 11 18.34921327847927 0.000000000000000
 12 19.74938468201949 0.000000000000000

 spin=1 k-point=294/1284 Cartesian=-0.05842213497850025 0.1011901060694107 -0.01919091118446170 (3787 plane wave)
 1 -1.586981165029181 0.001562500000000037
 2 2.755563186239705 0.001558587530060182
 3 4.904721947186814 2.886821535915471e-10
 4 6.836233760020882 0.000000000000000
 5 7.009432196434860 0.000000000000000
 6 11.14874438577405 0.000000000000000
 7 11.35665166171751 0.000000000000000
 8 13.48652356725708 0.000000000000000
 9 13.55922345548959 0.000000000000000
 10 17.30006630236755 0.000000000000000
 11 18.05429097920855 0.000000000000000
 12 18.55981826244825 0.000000000000000

 spin=1 k-point=295/1284 Cartesian=-0.07789617997133380 0.08994676095058737 -0.01919091118446170 (3786 plane wave)
 1 -1.511876008284899 0.001562500000000037
 2 2.825668640578087 0.001554632950563948
 3 4.917110307223287 2.550456781520051e-10
 4 5.903732800179174 1.323640191338161e-14
 5 8.126668761886220 0.000000000000000
 6 10.17593354595024 0.000000000000000
 7 12.10936467916423 0.000000000000000
 8 12.80821643376884 0.000000000000000
 9 14.73574064269611 0.000000000000000
 10 15.49401091806283 0.000000000000000
 11 18.34921327421836 0.000000000000000
 12 19.74938464724521 0.000000000000000

 spin=1 k-point=296/1284 Cartesian=0.09737022496416814 -0.07870341583176266 0.01919091118446219 (3787 plane wave)
 1 -1.286615189898635 0.001562500000000037
 2 3.028919018787100 0.001504390133128044
 3 4.626654514542879 4.656402720419287e-09
 4 5.477282370421858 9.415016460787583e-13
 5 9.019207644700693 0.000000000000000
 6 9.648983167183030 0.000000000000000
 7 11.33349757002604 0.000000000000000
 8 13.47390084420740 0.000000000000000
 9 13.96171426627815 0.000000000000000
 10 16.05234643582048 0.000000000000000
 11 17.69784371527501 0.000000000000000
 12 18.62226113748278 0.000000000000000

 spin=1 k-point=297/1284 Cartesian=0.1168442699570017 -0.06746007071293933 0.01919091118446219 (3778 plane wave)
 1 -0.9113746223677127 0.001562500000000037
 2 3.294784203374262 0.001007104753180599
 3 4.024731580728708 1.912663667595498e-06
 4 5.725160984860460 7.894010065949318e-14
 5 8.328741746795966 0.000000000000000
 6 10.39934356578616 0.000000000000000
 7 10.56324841632447 0.000000000000000
 8 12.14181847031643 0.000000000000000
 9 14.96541757269338 0.000000000000000
 10 16.19704715088564 0.000000000000000
 11 17.22057570867192 0.000000000000000
 12 18.07685895227165 0.000000000000000

 spin=1 k-point=298/1284 Cartesian=0.1363183149498352 -0.05621672559411599 0.01919091118446219 (3790 plane wave)
 1 -0.3864935639073634 0.001562500000000037
 2 3.102293001646239 0.001446151092191907
 3 4.089977488396181 9.966301229845601e-07
 4 6.173989371010224 0.000000000000000
 5 7.668005490328121 0.000000000000000
 6 9.174924695542414 0.000000000000000
 7 9.975886140461190 0.000000000000000
 8 13.16895214855785 0.000000000000000
 9 13.65697789661802 0.000000000000000
 10 15.76148771142435 0.000000000000000
 11 17.48956920177589 0.000000000000000
 12 19.11135278994985 0.000000000000000

 spin=1 k-point=299/1284 Cartesian=0.1557923599426688 0.2248669023764674 -0.01919091118446170 (3784 plane wave)
 1 0.2874277427265754 0.001562499999999962
 2 2.647568442836700 0.001561169072405733
 3 4.688773487263348 2.501910652861967e-09
 4 6.638747877011109 0.000000000000000
 5 7.046625228821005 0.000000000000000
 6 7.872579777407148 0.000000000000000
 7 9.417603369667638 0.000000000000000
 8 12.02222140788965 0.000000000000000
 9 14.15536040871058 0.000000000000000
 10 14.93326248552768 0.000000000000000
 11 19.20885746332864 0.000000000000000
 12 20.16381026871127 0.000000000000000

 spin=1 k-point=300/1284 Cartesian=0.1363183149498352 0.2136235572576441 -0.01919091118446170 (3775 plane wave)
 1 1.109290784192049 0.001562499999722150
 2 2.293654551654666 0.001562461320140474
 3 5.360516458290147 3.026419457294287e-12
 4 5.962032203413462 7.388883046369024e-15
 5 6.656337802267407 0.000000000000000
 6 7.928327533604123 0.000000000000000
 7 9.021206000739609 0.000000000000000
 8 10.53666782006438 0.000000000000000
 9 12.63142880604469 0.000000000000000
 10 16.89709434784542 0.000000000000000
 11 20.78269484081240 0.000000000000000
 12 21.41261704866601 0.000000000000000

 spin=1 k-point=301/1284 Cartesian=0.1168442699570017 0.2023802121388207 -0.01919091118446170 (3778 plane wave)
 1 2.066663867614139 0.001562496003440637
 2 2.087286637579300 0.001562495088099187
 3 4.420021894084134 3.676511238782447e-08
 4 6.472207843985114 0.000000000000000
 5 6.497670756310558 0.000000000000000
 6 8.308426274012781 0.000000000000000
 7 8.976700986241287 0.000000000000000
 8 9.439716004748476 0.000000000000000
 9 11.24637405585956 0.000000000000000
 10 18.99516740849590 0.000000000000000
 11 21.67901626008484 0.000000000000000
 12 22.14171200659793 0.000000000000000

 spin=1 k-point=302/1284 Cartesian=0.09737022496416814 0.1911368670199974 -0.01919091118446170 (3777 plane wave)
 1 2.004049215896094 0.001562497863244956
 2 3.152168578341839 0.001379713363208353
 3 3.221353940748099 0.001235548309608517
 4 6.418330439062754 0.000000000000000
 5 7.440353935384723 0.000000000000000
 6 7.566239346741765 0.000000000000000
 7 8.987237786151685 0.000000000000000
 8 10.01046637676615 0.000000000000000
 9 10.05136102387687 0.000000000000000
 10 20.93661503414204 0.000000000000000
 11 21.31451970621897 0.000000000000000
 12 22.02687901784937 0.000000000000000

 spin=1 k-point=303/1284 Cartesian=0.07789617997133459 0.1798935219011741 -0.01919091118446170 (3778 plane wave)
 1 2.066663894022537 0.001562496003439581
 2 2.087286609967978 0.001562495088100543
 3 4.420021896686482 3.676511143109048e-08
 4 6.472207871544074 0.000000000000000
 5 6.497670731508109 0.000000000000000
 6 8.308426249781629 0.000000000000000
 7 8.976701009966373 0.000000000000000
 8 9.439716002361392 0.000000000000000
 9 11.24637405501861 0.000000000000000
 10 18.99516740440115 0.000000000000000
 11 21.67901628369711 0.000000000000000
 12 22.14171198173748 0.000000000000000

 spin=1 k-point=304/1284 Cartesian=0.05842213497850103 0.1686501767823507 -0.01919091118446170 (3775 plane wave)
 1 1.109290785265425 0.001562499999722150
 2 2.293654546246578 0.001562461320142565
 3 5.360516540659016 3.026416964467215e-12
 4 5.962032127285726 7.388888671361879e-15
 5 6.656337724054588 0.000000000000000
 6 7.928327701630807 0.000000000000000
 7 9.021205878519726 0.000000000000000
 8 10.53666785324335 0.000000000000000
 9 12.63142880463652 0.000000000000000
 10 16.89709434415654 0.000000000000000
 11 20.78269482569046 0.000000000000000
 12 21.41261713240916 0.000000000000000

 spin=1 k-point=305/1284 Cartesian=0.03894808998566748 0.1574068316635274 -0.01919091118446170 (3784 plane wave)
 1 0.2874277433455492 0.001562499999999962
 2 2.647568430912650 0.001561169072564299
 3 4.688773544685095 2.501909216223537e-09
 4 6.638747727340720 0.000000000000000
 5 7.046625192012272 0.000000000000000
 6 7.872579998120825 0.000000000000000
 7 9.417603274367814 0.000000000000000
 8 12.02222142516491 0.000000000000000
 9 14.15536040805178 0.000000000000000
 10 14.93326248329329 0.000000000000000
 11 19.20885743226146 0.000000000000000
 12 20.16381036574698 0.000000000000000

 spin=1 k-point=306/1284 Cartesian=0.01947404499283394 0.1461634865447040 -0.01919091118446170 (3790 plane wave)
 1 -0.3864935635177342 0.001562500000000037
 2 3.102292965447593 0.001446151131172489
 3 4.089977566690029 9.966293431823047e-07
 4 6.173989280414785 0.000000000000000
 5 7.668005515948617 0.000000000000000
 6 9.174924803095271 0.000000000000000
 7 9.975886054977789 0.000000000000000
 8 13.16895213257327 0.000000000000000
 9 13.65697790467420 0.000000000000000
 10 15.76148772217408 0.000000000000000
 11 17.48956918092348 0.000000000000000
 12 19.11135289183440 0.000000000000000

 spin=1 k-point=307/1284 Cartesian=0.000000000000000 0.1124334511882338 -0.01919091118446170 (3799 plane wave)
 1 -1.737407348284310 0.001562500000000037
 2 2.604289463491883 0.001561636373139952
 3 4.701408805603892 2.204943041003171e-09
 4 5.694842265114819 1.068981612347544e-13
 5 9.856977842734512 0.000000000000000
 6 10.94228394912922 0.000000000000000
 7 11.74596614277820 0.000000000000000
 8 12.70551644853265 0.000000000000000
 9 15.34401729491081 0.000000000000000
 10 16.53846839772660 0.000000000000000
 11 17.59810533873578 0.000000000000000
 12 17.82806737356277 0.000000000000000

 spin=1 k-point=308/1284 Cartesian=-0.01947404499283316 0.1011901060694107 -0.01919091118446170 (3797 plane wave)
 1 -2.038097405253939 0.001562500000000037
 2 2.313703818253115 0.001562452733289233
 3 4.491169680465003 1.804887404520122e-08
 4 6.496135488493080 0.000000000000000
 5 9.897902371438118 0.000000000000000
 6 10.85867545810925 0.000000000000000
 7 12.85306707275036 0.000000000000000
 8 13.95241422814990 0.000000000000000
 9 14.42725564750778 0.000000000000000
 10 16.47433218966558 0.000000000000000
 11 17.68197642131073 0.000000000000000
 12 18.42330790901582 0.000000000000000

 spin=1 k-point=309/1284 Cartesian=-0.03894808998566670 0.08994676095058737 -0.01919091118446170 (3787 plane wave)
 1 -2.188487208077429 0.001562500000000037
 2 2.167195806976754 0.001562489078328292
 3 4.362976107356668 6.503914202293535e-08
 4 7.504089997200380 0.000000000000000
 5 8.665407024361212 0.000000000000000
 6 11.85202160922270 0.000000000000000
 7 12.98262910179876 0.000000000000000
 8 14.11800037172108 0.000000000000000
 9 15.23491910541861 0.000000000000000
 10 15.94715906906142 0.000000000000000
 11 17.70418248920307 0.000000000000000
 12 18.48235535547073 0.000000000000000

 spin=1 k-point=310/1284 Cartesian=-0.05842213497850025 0.07870341583176403 -0.01919091118446170 (3787 plane wave)
 1 -2.188487208093514 0.001562500000000037
 2 2.167195808024015 0.001562489078328177
 3 4.362976103641893 6.503914443889318e-08
 4 7.504090004814766 0.000000000000000
 5 8.665407024639464 0.000000000000000
 6 11.85202155749171 0.000000000000000
 7 12.98262919052890 0.000000000000000
 8 14.11800032017231 0.000000000000000
 9 15.23491910880198 0.000000000000000
 10 15.94715907807966 0.000000000000000
 11 17.70418246927400 0.000000000000000
 12 18.48235537267084 0.000000000000000

 spin=1 k-point=311/1284 Cartesian=0.07789617997133459 -0.06746007071293933 0.01919091118446219 (3797 plane wave)
 1 -2.038097405303557 0.001562500000000037
 2 2.313703821824932 0.001562452733287545
 3 4.491169665477973 1.804887675016097e-08
 4 6.496135506827123 0.000000000000000
 5 9.897902399245911 0.000000000000000
 6 10.85867539372343 0.000000000000000
 7 12.85306707100577 0.000000000000000
 8 13.95241431359169 0.000000000000000
 9 14.42725561825024 0.000000000000000
 10 16.47433214810711 0.000000000000000
 11 17.68197647510973 0.000000000000000
 12 18.42330783205585 0.000000000000000

 spin=1 k-point=312/1284 Cartesian=0.09737022496416814 -0.05621672559411599 0.01919091118446219 (3799 plane wave)
 1 -1.737407348371492 0.001562500000000037
 2 2.604289471370013 0.001561636373071952
 3 4.701408755961660 2.204944135585089e-09
 4 5.694842316633900 1.068981061618047e-13
 5 9.856977854511571 0.000000000000000
 6 10.94228394678423 0.000000000000000
 7 11.74596599481853 0.000000000000000
 8 12.70551660081610 0.000000000000000
 9 15.34401729291461 0.000000000000000
 10 16.53846843166165 0.000000000000000
 11 17.59810533535041 0.000000000000000
 12 17.82806722504211 0.000000000000000

 spin=1 k-point=313/1284 Cartesian=0.1168442699570017 -0.04497338047529265 0.01919091118446219 (3787 plane wave)
 1 -1.286615189845836 0.001562500000000037
 2 3.028919018907129 0.001504390133060889
 3 4.626654514786781 4.656402709062204e-09
 4 5.477282369753880 9.415016523677891e-13
 5 9.019207643710816 0.000000000000000
 6 9.648983168878742 0.000000000000000
 7 11.33349757025445 0.000000000000000
 8 13.47390084334015 0.000000000000000
 9 13.96171426549741 0.000000000000000
 10 16.05234643451079 0.000000000000000
 11 17.69784371538243 0.000000000000000
 12 18.62226114351691 0.000000000000000

 spin=1 k-point=314/1284 Cartesian=0.1363183149498352 -0.03373003535646932 0.01919091118446219 (3783 plane wave)
 1 -0.6860761291720988 0.001562500000000037
 2 3.516019823837115 0.0002587361417696817
 3 4.245937401047366 2.096174253493303e-07
 4 5.913899885945434 1.195679662824264e-14
 5 7.688128627793038 0.000000000000000
 6 8.702838418933915 0.000000000000000
 7 10.74423784832488 0.000000000000000
 8 12.27486624675993 0.000000000000000
 9 14.37402652900912 0.000000000000000
 10 15.14628047610553 0.000000000000000
 11 19.01913322494992 0.000000000000000
 12 19.67512683661543 0.000000000000000

 spin=1 k-point=315/1284 Cartesian=0.1557923599426688 0.2023802121388207 -0.01919091118446170 (3779 plane wave)
 1 0.06358711199164720 0.001562500000000029
 2 3.549719914424670 0.0001938996937538627
 3 4.505671185485382 1.561246723255402e-08
 4 5.974202066877653 6.542228882660077e-15
 5 6.738728088256194 0.000000000000000
 6 8.244531245449743 0.000000000000000
 7 10.11934175767219 0.000000000000000
 8 10.85781829715878 0.000000000000000
 9 12.77999028310474 0.000000000000000
 10 17.02765286418296 0.000000000000000
 11 19.90331599596507 0.000000000000000
 12 21.31731916032879 0.000000000000000

 spin=1 k-point=316/1284 Cartesian=0.1363183149498352 0.1911368670199974 -0.01919091118446170 (3779 plane wave)
 1 0.9612033896488758 0.001562499999936834
 2 3.317326354802360 0.0009240539672568818
 3 4.460578166510941 2.450787228596464e-08
 4 5.465967405353631 1.054293100893855e-12
 5 7.291618777663523 0.000000000000000
 6 8.065522103819291 0.000000000000000
 7 9.069567921752236 0.000000000000000
 8 10.22675499902210 0.000000000000000
 9 11.32353860736053 0.000000000000000
 10 19.03738339653070 0.000000000000000
 11 20.76751505483636 0.000000000000000
 12 21.54766642511946 0.000000000000000

 spin=1 k-point=317/1284 Cartesian=0.1168442699570017 0.1798935219011741 -0.01919091118446170 (3777 plane wave)
 1 2.004049215665779 0.001562497863244961
 2 3.152168609028705 0.001379713313678620
 3 3.221353909854642 0.001235548389479653
 4 6.418330436717794 0.000000000000000
 5 7.440353913595575 0.000000000000000
 6 7.566239378080644 0.000000000000000
 7 8.987237777049199 0.000000000000000
 8 10.01046634779041 0.000000000000000
 9 10.05136105485880 0.000000000000000
 10 20.93661503537716 0.000000000000000
 11 21.31451970970135 0.000000000000000
 12 22.02687901336684 0.000000000000000

 spin=1 k-point=318/1284 Cartesian=0.09737022496416814 0.1686501767823507 -0.01919091118446170 (3777 plane wave)
 1 2.004049216043717 0.001562497863244953
 2 3.152168582896763 0.001379713355856538
 3 3.221353936056573 0.001235548321737865
 4 6.418330439042045 0.000000000000000
 5 7.440353933651299 0.000000000000000
 6 7.566239349892497 0.000000000000000
 7 8.987237782721555 0.000000000000000
 8 10.01046637208963 0.000000000000000
 9 10.05136103044633 0.000000000000000
 10 20.93661502630297 0.000000000000000
 11 21.31451971175570 0.000000000000000
 12 22.02687902099707 0.000000000000000

 spin=1 k-point=319/1284 Cartesian=0.07789617997133459 0.1574068316635274 -0.01919091118446170 (3779 plane wave)
 1 0.9612033899388548 0.001562499999936834
 2 3.317326342495152 0.0009240540137256472
 3 4.460578200252525 2.450786401674940e-08
 4 5.465967388234366 1.054293281381141e-12
 5 7.291618672314862 0.000000000000000
 6 8.065522313514554 0.000000000000000
 7 9.069567758714989 0.000000000000000
 8 10.22675506441339 0.000000000000000
 9 11.32353859684055 0.000000000000000
 10 19.03738338664769 0.000000000000000
 11 20.76751509109602 0.000000000000000
 12 21.54766639351163 0.000000000000000

 spin=1 k-point=320/1284 Cartesian=0.05842213497850103 0.1461634865447041 -0.01919091118446170 (3779 plane wave)
 1 0.06358711223238434 0.001562500000000029
 2 3.549719878799562 0.0001938997542586973
 3 4.505671275765608 1.561245313772708e-08
 4 5.974201988664360 6.542233999555996e-15
 5 6.738728047098915 0.000000000000000
 6 8.244531384083098 0.000000000000000
 7 10.11934156623839 0.000000000000000
 8 10.85781842063944 0.000000000000000
 9 12.77999027900866 0.000000000000000
 10 17.02765285807289 0.000000000000000
 11 19.90331600866102 0.000000000000000
 12 21.31731918598307 0.000000000000000

 spin=1 k-point=321/1284 Cartesian=0.03894808998566748 0.1349201414258807 -0.01919091118446170 (3783 plane wave)
 1 -0.6860761289886442 0.001562500000000037
 2 3.516019769532956 0.0002587362590079209
 3 4.245937506597967 2.096172041266234e-07
 4 5.913899807985480 1.195680594976166e-14
 5 7.688128587109388 0.000000000000000
 6 8.702838545621596 0.000000000000000
 7 10.74423774873569 0.000000000000000
 8 12.27486629062383 0.000000000000000
 9 14.37402652741357 0.000000000000000
 10 15.14628047360106 0.000000000000000
 11 19.01913319092847 0.000000000000000
 12 19.67512690848135 0.000000000000000

 spin=1 k-point=322/1284 Cartesian=0.01947404499283394 0.1236767963070574 -0.01919091118446170 (3787 plane wave)
 1 -1.286615189714494 0.001562500000000037
 2 3.028919000665959 0.001504390143266596
 3 4.626654609311136 4.656398307641711e-09
 4 5.477282278668850 9.415025099354422e-13
 5 9.019207590320120 0.000000000000000
 6 9.648983284423284 0.000000000000000
 7 11.33349752627211 0.000000000000000
 8 13.47390080974942 0.000000000000000
 9 13.96171428087368 0.000000000000000
 10 16.05234645511621 0.000000000000000
 11 17.69784366792415 0.000000000000000
 12 18.62226124870217 0.000000000000000

 spin=1 k-point=323/1284 Cartesian=0.000000000000000 0.08994676095058715 -0.01919091118446170 (3807 plane wave)
 1 -2.414197593601718 0.001562500000000037
 2 1.944452978032553 0.001562498822579041
 3 4.147350021693074 5.616802537183200e-07
 4 7.291739793404902 0.000000000000000
 5 11.47271454810286 0.000000000000000
 6 11.50733131821360 0.000000000000000
 7 12.73016294804627 0.000000000000000
 8 13.93284629981884 0.000000000000000
 9 15.87376596718942 0.000000000000000
 10 16.90715607442280 0.000000000000000
 11 17.51165228107149 0.000000000000000
 12 18.12577425941627 0.000000000000000

 spin=1 k-point=324/1284 Cartesian=-0.01947404499283316 0.07870341583176405 -0.01919091118446170 (3798 plane wave)
 1 -2.639939548584575 0.001562500000000037
 2 1.721984476604915 0.001562499872719087
 3 3.934975294152874 4.684607568579667e-06
 4 8.244944854314424 0.000000000000000
 5 10.54383460666564 0.000000000000000
 6 12.57806052984574 0.000000000000000
 7 14.19965510184723 0.000000000000000
 8 14.75230938411647 0.000000000000000
 9 15.14172393868826 0.000000000000000
 10 16.91323584514762 0.000000000000000
 11 17.43154162225731 0.000000000000000
 12 18.65734518745022 0.000000000000000

 spin=1 k-point=325/1284 Cartesian=-0.03894808998566670 0.06746007071294070 -0.01919091118446170 (3796 plane wave)
 1 -2.715199704100712 0.001562500000000037
 2 1.647706462833154 0.001562499939441129
 3 3.863531291803689 9.541016485940026e-06
 4 9.307174165798166 0.000000000000000
 5 9.374069011810075 0.000000000000000
 6 13.58805860385201 0.000000000000000
 7 13.77927024410180 0.000000000000000
 8 15.68792718925761 0.000000000000000
 9 15.96486726471279 0.000000000000000
 10 16.16558948580191 0.000000000000000
 11 17.01154115333292 0.000000000000000
 12 17.54927302879804 0.000000000000000

 spin=1 k-point=326/1284 Cartesian=0.05842213497850103 -0.05621672559411602 0.01919091118446219 (3798 plane wave)
 1 -2.639939548598541 0.001562500000000037
 2 1.721984477498084 0.001562499872719086
 3 3.934975291625867 4.684607686605151e-06
 4 8.244944859144766 0.000000000000000
 5 10.54383461302115 0.000000000000000
 6 12.57806050721325 0.000000000000000
 7 14.19965498354794 0.000000000000000
 8 14.75230960033918 0.000000000000000
 9 15.14172389138895 0.000000000000000
 10 16.91323573041025 0.000000000000000
 11 17.43154171006594 0.000000000000000
 12 18.65734515035633 0.000000000000000

 spin=1 k-point=327/1284 Cartesian=0.07789617997133459 -0.04497338047529267 0.01919091118446219 (3807 plane wave)
 1 -2.414197593628883 0.001562500000000037
 2 1.944452980016727 0.001562498822579017
 3 4.147350015338486 5.616802893979625e-07
 4 7.291739802443054 0.000000000000000
 5 11.47271454554994 0.000000000000000
 6 11.50733136920536 0.000000000000000
 7 12.73016276067327 0.000000000000000
 8 13.93284646921323 0.000000000000000
 9 15.87376596524557 0.000000000000000
 10 16.90715616486498 0.000000000000000
 11 17.51165208722943 0.000000000000000
 12 18.12577425497229 0.000000000000000

 spin=1 k-point=328/1284 Cartesian=0.09737022496416814 -0.03373003535646934 0.01919091118446219 (3797 plane wave)
 1 -2.038097405260250 0.001562500000000037
 2 2.313703821844898 0.001562452733287536
 3 4.491169665865542 1.804887668020994e-08
 4 6.496135505929147 0.000000000000000
 5 9.897902398642556 0.000000000000000
 6 10.85867539559202 0.000000000000000
 7 12.85306707184236 0.000000000000000
 8 13.95241431142457 0.000000000000000
 9 14.42725561777954 0.000000000000000
 10 16.47433214409980 0.000000000000000
 11 17.68197647819298 0.000000000000000
 12 18.42330783637982 0.000000000000000

 spin=1 k-point=329/1284 Cartesian=0.1168442699570017 -0.02248669023764600 0.01919091118446219 (3786 plane wave)
 1 -1.511876008186025 0.001562500000000037
 2 2.825668640704223 0.001554632950554074
 3 4.917110308825035 2.550456740668157e-10
 4 5.903732797129798 1.323640231700941e-14
 5 8.126668762428874 0.000000000000000
 6 10.17593354830259 0.000000000000000
 7 12.10936467732778 0.000000000000000
 8 12.80821643332298 0.000000000000000
 9 14.73574064188848 0.000000000000000
 10 15.49401091657159 0.000000000000000
 11 18.34921327717568 0.000000000000000
 12 19.74938464694170 0.000000000000000

 spin=1 k-point=330/1284 Cartesian=0.1363183149498352 -0.01124334511882266 0.01919091118446219 (3777 plane wave)
 1 -0.8359502870001683 0.001562500000000037
 2 3.464920246946370 0.0003884045185752630
 3 5.071796283615463 5.430317217878890e-11
 4 5.778261998685834 4.641761761073661e-14
 5 6.564326401058659 0.000000000000000
 6 9.640156559680360 0.000000000000000
 7 10.76310657253937 0.000000000000000
 8 11.97222011030634 0.000000000000000
 9 13.07716813696253 0.000000000000000
 10 17.26515724286964 0.000000000000000
 11 19.01120291529080 0.000000000000000
 12 19.81692670635130 0.000000000000000

 spin=1 k-point=331/1284 Cartesian=0.1557923599426688 0.1798935219011741 -0.01919091118446170 (3784 plane wave)
 1 -0.01107586914520816 0.001562500000000033
 2 4.097056598229472 9.285573905755371e-07
 3 4.804608092321049 7.856133452167886e-10
 4 4.974109788968144 1.442355566201615e-10
 5 6.658449377908613 0.000000000000000
 6 9.134720390481199 0.000000000000000
 7 9.406647902990773 0.000000000000000
 8 11.54897989112147 0.000000000000000
 9 11.56640169425687 0.000000000000000
 10 18.89195456275671 0.000000000000000
 11 19.55352051926102 0.000000000000000
 12 20.11391783398851 0.000000000000000

 spin=1 k-point=332/1284 Cartesian=0.1363183149498352 0.1686501767823507 -0.01919091118446170 (3779 plane wave)
 1 0.9612033900328766 0.001562499999936834
 2 3.317326346259895 0.0009240539995109764
 3 4.460578193326766 2.450786571407882e-08
 4 5.465967388568957 1.054293277853566e-12
 5 7.291618669309189 0.000000000000000
 6 8.065522330051245 0.000000000000000
 7 9.069567748502692 0.000000000000000
 8 10.22675506136042 0.000000000000000
 9 11.32353859835872 0.000000000000000
 10 19.03738339172927 0.000000000000000
 11 20.76751508295444 0.000000000000000
 12 21.54766639877257 0.000000000000000

 spin=1 k-point=333/1284 Cartesian=0.1168442699570017 0.1574068316635274 -0.01919091118446170 (3778 plane wave)
 1 2.066663863221011 0.001562496003440812
 2 2.087286642541580 0.001562495088098943
 3 4.420021893449452 3.676511262116052e-08
 4 6.472207840698854 0.000000000000000
 5 6.497670760666057 0.000000000000000
 6 8.308426274779032 0.000000000000000
 7 8.976700979874970 0.000000000000000
 8 9.439716008190498 0.000000000000000
 9 11.24637405656953 0.000000000000000
 10 18.99516740734747 0.000000000000000
 11 21.67901625435332 0.000000000000000
 12 22.14171201315124 0.000000000000000

 spin=1 k-point=334/1284 Cartesian=0.09737022496416814 0.1461634865447041 -0.01919091118446170 (3779 plane wave)
 1 0.9612033896778734 0.001562499999936834
 2 3.317326353316095 0.0009240539728686244
 3 4.460578169635152 2.450787152029877e-08
 4 5.465967405594767 1.054293098351573e-12
 5 7.291618780625641 0.000000000000000
 6 8.065522091648539 0.000000000000000
 7 9.069567928778996 0.000000000000000
 8 10.22675499896251 0.000000000000000
 9 11.32353860779116 0.000000000000000
 10 19.03738339468454 0.000000000000000
 11 20.76751504885773 0.000000000000000
 12 21.54766643064216 0.000000000000000

 spin=1 k-point=335/1284 Cartesian=0.07789617997133459 0.1349201414258807 -0.01919091118446170 (3784 plane wave)
 1 -0.01107586921086210 0.001562500000000033
 2 4.097056589889852 9.285574679677017e-07
 3 4.804608119494542 7.856131317382863e-10
 4 4.974109773513063 1.442355789118896e-10
 5 6.658449376119684 0.000000000000000
 6 9.134720362362547 0.000000000000000
 7 9.406647929089118 0.000000000000000
 8 11.54897991715439 0.000000000000000
 9 11.56640166962284 0.000000000000000
 10 18.89195455334572 0.000000000000000
 11 19.55352052473861 0.000000000000000
 12 20.11391783596257 0.000000000000000

 spin=1 k-point=336/1284 Cartesian=0.05842213497850103 0.1236767963070574 -0.01919091118446170 (3777 plane wave)
 1 -0.8359502869802927 0.001562500000000037
 2 3.464920235514045 0.0003884045519411245
 3 5.071796368419299 5.430312612762511e-11
 4 5.778261894600397 4.641766592475351e-14
 5 6.564326420925522 0.000000000000000
 6 9.640156634324622 0.000000000000000
 7 10.76310645592441 0.000000000000000
 8 11.97222017394076 0.000000000000000
 9 13.07716812885954 0.000000000000000
 10 17.26515723142386 0.000000000000000
 11 19.01120294868749 0.000000000000000
 12 19.81692668064790 0.000000000000000

 spin=1 k-point=337/1284 Cartesian=0.03894808998566748 0.1124334511882340 -0.01919091118446170 (3786 plane wave)
 1 -1.511876008145872 0.001562500000000037
 2 2.825668634445752 0.001554632951043953
 3 4.917110351537042 2.550455651317032e-10
 4 5.903732750475444 1.323640849237030e-14
 5 8.126668755080050 0.000000000000000
 6 10.17593361547696 0.000000000000000
 7 12.10936452274780 0.000000000000000
 8 12.80821654426056 0.000000000000000
 9 14.73574063955368 0.000000000000000
 10 15.49401091223586 0.000000000000000
 11 18.34921328258381 0.000000000000000
 12 19.74938467543502 0.000000000000000

 spin=1 k-point=338/1284 Cartesian=0.01947404499283394 0.1011901060694107 -0.01919091118446170 (3797 plane wave)
 1 -2.038097405222577 0.001562500000000037
 2 2.313703818273758 0.001562452733289224
 3 4.491169680630949 1.804887401525017e-08
 4 6.496135488266360 0.000000000000000
 5 9.897902371072004 0.000000000000000
 6 10.85867545954641 0.000000000000000
 7 12.85306707057425 0.000000000000000
 8 13.95241422605040 0.000000000000000
 9 14.42725565062649 0.000000000000000
 10 16.47433218680500 0.000000000000000
 11 17.68197642524688 0.000000000000000
 12 18.42330790797043 0.000000000000000

 spin=1 k-point=339/1284 Cartesian=0.000000000000000 0.06746007071294047 -0.01919091118446170 (3810 plane wave)
 1 -2.941041589611263 0.001562500000000037
 2 1.424082755174422 0.001562499993528724
 3 3.645255457365717 8.075479657674392e-05
 4 9.132663110175747 0.000000000000000
 5 12.15413910452635 0.000000000000000
 6 13.04177569821753 0.000000000000000
 7 13.75869313613646 0.000000000000000
 8 15.56028911586882 0.000000000000000
 9 16.55414670351601 0.000000000000000
 10 16.84109737968985 0.000000000000000
 11 17.84183301900991 0.000000000000000
 12 18.80141305121629 0.000000000000000

 spin=1 k-point=340/1284 Cartesian=-0.01947404499283316 0.05621672559411735 -0.01919091118446170 (3811 plane wave)
 1 -3.091629463737767 0.001562500000000037
 2 1.274885049368421 0.001562499998544461
 3 3.499525331632671 0.0002963351119705774
 4 10.16008257951500 0.000000000000000
 5 11.30216137294383 0.000000000000000
 6 14.42159193885202 0.000000000000000
 7 15.05655456527174 0.000000000000000
 8 15.64255652264059 0.000000000000000
 9 16.26558667276686 0.000000000000000
 10 17.17529459604041 0.000000000000000
 11 17.40559144396655 0.000000000000000
 12 18.01268347979044 0.000000000000000

 spin=1 k-point=341/1284 Cartesian=0.03894808998566748 -0.04497338047529267 0.01919091118446219 (3811 plane wave)
 1 -3.091629463739991 0.001562500000000037
 2 1.274885049547937 0.001562499998544461
 3 3.499525331205493 0.0002963351129963766
 4 10.16008258055812 0.000000000000000
 5 11.30216137477172 0.000000000000000
 6 14.42159196788420 0.000000000000000
 7 15.05655446441703 0.000000000000000
 8 15.64255658847420 0.000000000000000
 9 16.26558665846624 0.000000000000000
 10 17.17529457182989 0.000000000000000
 11 17.40559152211042 0.000000000000000
 12 18.01268345594966 0.000000000000000

 spin=1 k-point=342/1284 Cartesian=0.05842213497850103 -0.03373003535646933 0.01919091118446219 (3810 plane wave)
 1 -2.941041589616761 0.001562500000000037
 2 1.424082755714558 0.001562499993528724
 3 3.645255456019489 8.075479760770161e-05
 4 9.132663112914521 0.000000000000000
 5 12.15413910161226 0.000000000000000
 6 13.04177579934629 0.000000000000000
 7 13.75869295137086 0.000000000000000
 8 15.56028924066718 0.000000000000000
 9 16.55414670177386 0.000000000000000
 10 16.84109741812062 0.000000000000000
 11 17.84183288264752 0.000000000000000
 12 18.80141304213667 0.000000000000000

 spin=1 k-point=343/1284 Cartesian=0.07789617997133459 -0.02248669023764599 0.01919091118446219 (3798 plane wave)
 1 -2.639939548565041 0.001562500000000037
 2 1.721984477496284 0.001562499872719086
 3 3.934975291839325 4.684607676635443e-06
 4 8.244944858135685 0.000000000000000
 5 10.54383461326558 0.000000000000000
 6 12.57806050921466 0.000000000000000
 7 14.19965498631422 0.000000000000000
 8 14.75230959318733 0.000000000000000
 9 15.14172389394089 0.000000000000000
 10 16.91323571804829 0.000000000000000
 11 17.43154172110734 0.000000000000000
 12 18.65734515020036 0.000000000000000

 spin=1 k-point=344/1284 Cartesian=0.09737022496416814 -0.01124334511882265 0.01919091118446219 (3787 plane wave)
 1 -2.188487208014676 0.001562500000000037
 2 2.167195808044069 0.001562489078328175
 3 4.362976104287577 6.503914401896283e-08
 4 7.504090001631702 0.000000000000000
 5 8.665407026453391 0.000000000000000
 6 11.85202156199325 0.000000000000000
 7 12.98262918523359 0.000000000000000
 8 14.11800032286035 0.000000000000000
 9 15.23491910480872 0.000000000000000
 10 15.94715907585346 0.000000000000000
 11 17.70418247259602 0.000000000000000
 12 18.48235537332038 0.000000000000000

 spin=1 k-point=345/1284 Cartesian=0.1168442699570017 0.000000000000000 0.01919091118446219 (3787 plane wave)
 1 -1.586981164889469 0.001562500000000037
 2 2.755563186383391 0.001558587530054574
 3 4.904721949349359 2.886821473486648e-10
 4 6.836233727589675 0.000000000000000
 5 7.009432225748107 0.000000000000000
 6 11.14874441695112 0.000000000000000
 7 11.35665162927240 0.000000000000000
 8 13.48652359795171 0.000000000000000
 9 13.55922342399588 0.000000000000000
 10 17.30006630390174 0.000000000000000
 11 18.05429097708390 0.000000000000000
 12 18.55981826475996 0.000000000000000

 spin=1 k-point=346/1284 Cartesian=0.1363183149498352 0.01124334511882402 0.01919091118446219 (3777 plane wave)
 1 -0.8359502868824251 0.001562500000000037
 2 3.464920236421563 0.0003884045492924842
 3 5.071796373340289 5.430312345537375e-11
 4 5.778261879262739 4.641767304413885e-14
 5 6.564326429283148 0.000000000000000
 6 9.640156640432121 0.000000000000000
 7 10.76310645190054 0.000000000000000
 8 11.97222017148195 0.000000000000000
 9 13.07716812815756 0.000000000000000
 10 17.26515723720496 0.000000000000000
 11 19.01120294410493 0.000000000000000
 12 19.81692668140100 0.000000000000000

 spin=1 k-point=347/1284 Cartesian=0.1557923599426688 0.1574068316635274 -0.01919091118446170 (3779 plane wave)
 1 0.06358711240979677 0.001562500000000029
 2 3.549719882900776 0.0001938997472932926
 3 4.505671270437885 1.561245396950735e-08
 4 5.974201983069163 6.542234365606992e-15
 5 6.738728052109568 0.000000000000000
 6 8.244531389250319 0.000000000000000
 7 10.11934156523533 0.000000000000000
 8 10.85781841591527 0.000000000000000
 9 12.77999027908160 0.000000000000000
 10 17.02765286182850 0.000000000000000
 11 19.90331600330531 0.000000000000000
 12 21.31731919163475 0.000000000000000

 spin=1 k-point=348/1284 Cartesian=0.1363183149498352 0.1461634865447040 -0.01919091118446170 (3775 plane wave)
 1 1.109290785458453 0.001562499999722150
 2 2.293654547775399 0.001562461320141974
 3 5.360516532032228 3.026417225549871e-12
 4 5.962032131902803 7.388888330211112e-15
 5 6.656337721713804 0.000000000000000
 6 7.928327714939642 0.000000000000000
 7 9.021205870429794 0.000000000000000
 8 10.53666785029417 0.000000000000000
 9 12.63142880499607 0.000000000000000
 10 16.89709434695111 0.000000000000000
 11 20.78269481216090 0.000000000000000
 12 21.41261714195060 0.000000000000000

 spin=1 k-point=349/1284 Cartesian=0.1168442699570017 0.1349201414258807 -0.01919091118446170 (3775 plane wave)
 1 1.109290784343311 0.001562499999722150
 2 2.293654551831607 0.001562461320140405
 3 5.360516459517300 3.026419420155476e-12
 4 5.962032203796091 7.388883018096961e-15
 5 6.656337801739468 0.000000000000000
 6 7.928327531602952 0.000000000000000
 7 9.021205999084714 0.000000000000000
 8 10.53666782116580 0.000000000000000
 9 12.63142880636113 0.000000000000000
 10 16.89709434738061 0.000000000000000
 11 20.78269483663746 0.000000000000000
 12 21.41261704964150 0.000000000000000

 spin=1 k-point=350/1284 Cartesian=0.09737022496416814 0.1236767963070574 -0.01919091118446170 (3779 plane wave)
 1 0.06358711203088185 0.001562500000000029
 2 3.549719913005696 0.0001938996961638128
 3 4.505671188852173 1.561246670691998e-08
 4 5.974202066733711 6.542228892077100e-15
 5 6.738728088581222 0.000000000000000
 6 8.244531240865157 0.000000000000000
 7 10.11934175806996 0.000000000000000
 8 10.85781829830472 0.000000000000000
 9 12.77999028374559 0.000000000000000
 10 17.02765286344952 0.000000000000000
 11 19.90331599266721 0.000000000000000
 12 21.31731916202079 0.000000000000000

 spin=1 k-point=351/1284 Cartesian=0.07789617997133459 0.1124334511882340 -0.01919091118446170 (3777 plane wave)
 1 -0.8359502870157117 0.001562500000000037
 2 3.464920246232663 0.0003884045206582558
 3 5.071796283286515 5.430317235741803e-11
 4 5.778262005336251 4.641761452377088e-14
 5 6.564326396551730 0.000000000000000
 6 9.640156553719278 0.000000000000000
 7 10.76310657671599 0.000000000000000
 8 11.97222011005446 0.000000000000000
 9 13.07716813857414 0.000000000000000
 10 17.26515724098765 0.000000000000000
 11 19.01120291181979 0.000000000000000
 12 19.81692670913741 0.000000000000000

 spin=1 k-point=352/1284 Cartesian=0.05842213497850103 0.1011901060694107 -0.01919091118446170 (3787 plane wave)
 1 -1.586981164930722 0.001562500000000037
 2 2.755563186288952 0.001558587530058260
 3 4.904721948055930 2.886821510825654e-10
 4 6.836233755219709 0.000000000000000
 5 7.009432200512270 0.000000000000000
 6 11.14874438905443 0.000000000000000
 7 11.35665165602681 0.000000000000000
 8 13.48652357343865 0.000000000000000
 9 13.55922345076751 0.000000000000000
 10 17.30006629443724 0.000000000000000
 11 18.05429098267390 0.000000000000000
 12 18.55981826631052 0.000000000000000

 spin=1 k-point=353/1284 Cartesian=0.03894808998566748 0.08994676095058736 -0.01919091118446170 (3787 plane wave)
 1 -2.188487208021232 0.001562500000000037
 2 2.167195807005858 0.001562489078328289
 3 4.362976107672695 6.503914181740275e-08
 4 7.504089996486730 0.000000000000000
 5 8.665407024955206 0.000000000000000
 6 11.85202160995123 0.000000000000000
 7 12.98262909762033 0.000000000000000
 8 14.11800037632466 0.000000000000000
 9 15.23491910316239 0.000000000000000
 10 15.94715906491268 0.000000000000000
 11 17.70418249360761 0.000000000000000
 12 18.48235535461950 0.000000000000000

 spin=1 k-point=354/1284 Cartesian=0.01947404499283394 0.07870341583176403 -0.01919091118446170 (3798 plane wave)
 1 -2.639939548560497 0.001562500000000037
 2 1.721984476615833 0.001562499872719087
 3 3.934975294268362 4.684607563185729e-06
 4 8.244944854010862 0.000000000000000
 5 10.54383460722176 0.000000000000000
 6 12.57806053085101 0.000000000000000
 7 14.19965509860437 0.000000000000000
 8 14.75230937836510 0.000000000000000
 9 15.14172394543842 0.000000000000000
 10 16.91323583934491 0.000000000000000
 11 17.43154163069945 0.000000000000000
 12 18.65734518050024 0.000000000000000

 spin=1 k-point=355/1284 Cartesian=0.000000000000000 0.04497338047529380 -0.01919091118446170 (3808 plane wave)
 1 -3.317561075674994 0.001562500000000037
 2 1.050726854746081 0.001562499999845323
 3 3.279599393960078 0.001060195817780611
 4 11.11878228581848 0.000000000000000
 5 12.98538264269551 0.000000000000000
 6 14.02236136364696 0.000000000000000
 7 15.47247635833580 0.000000000000000
 8 16.35595497224607 0.000000000000000
 9 17.38318881735299 0.000000000000000
 10 17.55721223982090 0.000000000000000
 11 17.86538170426308 0.000000000000000
 12 18.46102683283368 0.000000000000000

 spin=1 k-point=356/1284 Cartesian=0.01947404499283394 -0.03373003535646933 0.01919091118446219 (3812 plane wave)
 1 -3.392883143302613 0.001562500000000037
 2 0.9759443833180116 0.001562499999926796
 3 3.206102404427961 0.001273235033112127
 4 12.18533794113713 0.000000000000000
 5 12.20172934646016 0.000000000000000
 6 15.47743402675224 0.000000000000000
 7 16.04856264590996 0.000000000000000
 8 16.20970608737389 0.000000000000000
 9 16.67879031389407 0.000000000000000
 10 16.74856634840286 0.000000000000000
 11 18.62338411994529 0.000000000000000
 12 18.82876504198258 0.000000000000000

 spin=1 k-point=357/1284 Cartesian=0.03894808998566748 -0.02248669023764600 0.01919091118446219 (3808 plane wave)
 1 -3.317561075674538 0.001562500000000037
 2 1.050726854864799 0.001562499999845323
 3 3.279599393702208 0.001060195818659498
 4 11.11878228582294 0.000000000000000
 5 12.98538263902982 0.000000000000000
 6 14.02236140042312 0.000000000000000
 7 15.47247628839794 0.000000000000000
 8 16.35595493461134 0.000000000000000
 9 17.38318881874797 0.000000000000000
 10 17.55721236369032 0.000000000000000
 11 17.86538169968942 0.000000000000000
 12 18.46102671679665 0.000000000000000

 spin=1 k-point=358/1284 Cartesian=0.05842213497850103 -0.01124334511882266 0.01919091118446219 (3811 plane wave)
 1 -3.091629463716115 0.001562500000000037
 2 1.274885049539100 0.001562499998544461
 3 3.499525331340911 0.0002963351126711920
 4 10.16008257894024 0.000000000000000
 5 11.30216137579282 0.000000000000000
 6 14.42159197125455 0.000000000000000
 7 15.05655446725044 0.000000000000000
 8 15.64255657914317 0.000000000000000
 9 16.26558666234704 0.000000000000000
 10 17.17529456975576 0.000000000000000
 11 17.40559151856658 0.000000000000000
 12 18.01268345833002 0.000000000000000

 spin=1 k-point=359/1284 Cartesian=0.07789617997133459 0.000000000000000 0.01919091118446219 (3796 plane wave)
 1 -2.715199704041900 0.001562500000000037
 2 1.647706462823258 0.001562499939441129
 3 3.863531292181190 9.541016450142512e-06
 4 9.307174132674509 0.000000000000000
 5 9.374069043657860 0.000000000000000
 6 13.58805863509530 0.000000000000000
 7 13.77927021148784 0.000000000000000
 8 15.68792721469505 0.000000000000000
 9 15.96486723501628 0.000000000000000
 10 16.16558948756529 0.000000000000000
 11 17.01154114878739 0.000000000000000
 12 17.54927303546935 0.000000000000000

 spin=1 k-point=360/1284 Cartesian=0.09737022496416814 0.01124334511882402 0.01919091118446219 (3787 plane wave)
 1 -2.188487207969489 0.001562500000000037
 2 2.167195806997289 0.001562489078328290
 3 4.362976108300357 6.503914140919342e-08
 4 7.504089993339678 0.000000000000000
 5 8.665407026088431 0.000000000000000
 6 11.85202161491033 0.000000000000000
 7 12.98262909412096 0.000000000000000
 8 14.11800037598394 0.000000000000000
 9 15.23491909957356 0.000000000000000
 10 15.94715907087321 0.000000000000000
 11 17.70418249017363 0.000000000000000
 12 18.48235535387980 0.000000000000000

 spin=1 k-point=361/1284 Cartesian=0.1168442699570017 0.02248669023764735 0.01919091118446219 (3786 plane wave)
 1 -1.511876008040839 0.001562500000000037
 2 2.825668634615253 0.001554632951030685
 3 4.917110354703201 2.550455570565550e-10
 4 5.903732744866480 1.323640923479594e-14
 5 8.126668755950982 0.000000000000000
 6 10.17593361817031 0.000000000000000
 7 12.10936452466363 0.000000000000000
 8 12.80821653844865 0.000000000000000
 9 14.73574063804205 0.000000000000000
 10 15.49401091665322 0.000000000000000
 11 18.34921327859425 0.000000000000000
 12 19.74938468177750 0.000000000000000

 spin=1 k-point=362/1284 Cartesian=0.1363183149498352 0.03373003535647069 0.01919091118446219 (3783 plane wave)
 1 -0.6860761288029632 0.001562500000000037
 2 3.516019772139446 0.0002587362533807208
 3 4.245937504711513 2.096172080804258e-07
 4 5.913899804190455 1.195680640352554e-14
 5 7.688128588967867 0.000000000000000
 6 8.702838547771051 0.000000000000000
 7 10.74423774889474 0.000000000000000
 8 12.27486628628772 0.000000000000000
 9 14.37402652640278 0.000000000000000
 10 15.14628047723550 0.000000000000000
 11 19.01913318452931 0.000000000000000
 12 19.67512691535519 0.000000000000000

 spin=1 k-point=363/1284 Cartesian=0.1557923599426688 0.1349201414258807 -0.01919091118446170 (3784 plane wave)
 1 0.2874277436495869 0.001562499999999962
 2 2.647568432620163 0.001561169072541592
 3 4.688773541266411 2.501909301755794e-09
 4 6.638747724727146 0.000000000000000
 5 7.046625192456181 0.000000000000000
 6 7.872580004586213 0.000000000000000
 7 9.417603271584042 0.000000000000000
 8 12.02222142187050 0.000000000000000
 9 14.15536040726054 0.000000000000000
 10 14.93326248642625 0.000000000000000
 11 19.20885743017128 0.000000000000000
 12 20.16381036438971 0.000000000000000

 spin=1 k-point=364/1284 Cartesian=0.1363183149498352 0.1236767963070574 -0.01919091118446170 (3771 plane wave)
 1 1.401921349821435 0.001562499994815062
 2 1.407438241276113 0.001562499994520976
 3 5.666487493989643 1.419428338150906e-13
 4 5.846518974730810 2.345559711620070e-14
 5 7.238787332947993 0.000000000000000
 6 8.018889820078059 0.000000000000000
 7 8.506614846309906 0.000000000000000
 8 11.94138433886469 0.000000000000000
 9 14.08224557698426 0.000000000000000
 10 14.86174591704955 0.000000000000000
 11 19.17780931067232 0.000000000000000
 12 20.73830908140660 0.000000000000000

 spin=1 k-point=365/1284 Cartesian=0.1168442699570017 0.1124334511882340 -0.01919091118446170 (3784 plane wave)
 1 0.2874277428703316 0.001562499999999962
 2 2.647568442932558 0.001561169072404459
 3 4.688773488595781 2.501910619525724e-09
 4 6.638747877571112 0.000000000000000
 5 7.046625229151531 0.000000000000000
 6 7.872579774154353 0.000000000000000
 7 9.417603368339840 0.000000000000000
 8 12.02222140824949 0.000000000000000
 9 14.15536040867476 0.000000000000000
 10 14.93326248583293 0.000000000000000
 11 19.20885746338160 0.000000000000000
 12 20.16381026541277 0.000000000000000

 spin=1 k-point=366/1284 Cartesian=0.09737022496416814 0.1011901060694107 -0.01919091118446170 (3783 plane wave)
 1 -0.6860761291067622 0.001562500000000037
 2 3.516019822632178 0.0002587361443710404
 3 4.245937403708032 2.096174197728586e-07
 4 5.913899885886064 1.195679663534141e-14
 5 7.688128628399719 0.000000000000000
 6 8.702838415359318 0.000000000000000
 7 10.74423784738681 0.000000000000000
 8 12.27486624762502 0.000000000000000
 9 14.37402652945238 0.000000000000000
 10 15.14628047641082 0.000000000000000
 11 19.01913322207956 0.000000000000000
 12 19.67512683747655 0.000000000000000

 spin=1 k-point=367/1284 Cartesian=0.07789617997133459 0.08994676095058737 -0.01919091118446170 (3786 plane wave)
 1 -1.511876008164322 0.001562500000000037
 2 2.825668640594230 0.001554632950562684
 3 4.917110308958962 2.550456737252403e-10
 4 5.903732798842385 1.323640209032450e-14
 5 8.126668761593624 0.000000000000000
 6 10.17593354522962 0.000000000000000
 7 12.10936467683135 0.000000000000000
 8 12.80821643437356 0.000000000000000
 9 14.73574064337636 0.000000000000000
 10 15.49401091669979 0.000000000000000
 11 18.34921327400827 0.000000000000000
 12 19.74938464892079 0.000000000000000

 spin=1 k-point=368/1284 Cartesian=0.05842213497850103 0.07870341583176403 -0.01919091118446170 (3787 plane wave)
 1 -2.188487208018026 0.001562500000000037
 2 2.167195808048783 0.001562489078328175
 3 4.362976104136233 6.503914411739228e-08
 4 7.504090004583979 0.000000000000000
 5 8.665407024415019 0.000000000000000
 6 11.85202155720934 0.000000000000000
 7 12.98262918861549 0.000000000000000
 8 14.11800032043300 0.000000000000000
 9 15.23491910953276 0.000000000000000
 10 15.94715907490351 0.000000000000000
 11 17.70418246915143 0.000000000000000
 12 18.48235537462407 0.000000000000000

 spin=1 k-point=369/1284 Cartesian=0.03894808998566748 0.06746007071294069 -0.01919091118446170 (3796 plane wave)
 1 -2.715199704058725 0.001562500000000037
 2 1.647706462845424 0.001562499939441129
 3 3.863531292017033 9.541016465709176e-06
 4 9.307174161003671 0.000000000000000
 5 9.374069016648187 0.000000000000000
 6 13.58805860770895 0.000000000000000
 7 13.77927023853948 0.000000000000000
 8 15.68792719296897 0.000000000000000
 9 15.96486726099166 0.000000000000000
 10 16.16558947813554 0.000000000000000
 11 17.01154115552036 0.000000000000000
 12 17.54927303454575 0.000000000000000

 spin=1 k-point=370/1284 Cartesian=0.01947404499283394 0.05621672559411736 -0.01919091118446170 (3811 plane wave)
 1 -3.091629463720418 0.001562500000000037
 2 1.274885049371207 0.001562499998544461
 3 3.499525331713091 0.0002963351117774632
 4 10.16008257900876 0.000000000000000
 5 11.30216137413758 0.000000000000000
 6 14.42159194021453 0.000000000000000
 7 15.05655456047408 0.000000000000000
 8 15.64255651955331 0.000000000000000
 9 16.26558667423233 0.000000000000000
 10 17.17529459912843 0.000000000000000
 11 17.40559144276837 0.000000000000000
 12 18.01268348191094 0.000000000000000

 spin=1 k-point=371/1284 Cartesian=0.000000000000000 -0.02248669023764622 0.01919091118446219 (3798 plane wave)
 1 -3.543544857464736 0.001562500000000037
 2 0.8262812276309542 0.001562499999983639
 3 3.058805542512776 0.001485150853064831
 4 13.20351147285280 0.000000000000000
 5 13.96078303436942 0.000000000000000
 6 14.84719505173033 0.000000000000000
 7 16.08883491375557 0.000000000000000
 8 16.43446211507217 0.000000000000000
 9 17.50925575242490 0.000000000000000
 10 17.72829684288885 0.000000000000000
 11 18.35821403027988 0.000000000000000
 12 18.42430413203548 0.000000000000000

 spin=1 k-point=372/1284 Cartesian=0.01947404499283394 -0.01124334511882265 0.01919091118446219 (3798 plane wave)
 1 -3.543544857464159 0.001562500000000037
 2 0.8262812276428315 0.001562499999983639
 3 3.058805542491541 0.001485150853080443
 4 13.20351147119477 0.000000000000000
 5 13.96078302851392 0.000000000000000
 6 14.84719507991097 0.000000000000000
 7 16.08883487989522 0.000000000000000
 8 16.43446211855960 0.000000000000000
 9 17.50925577539391 0.000000000000000
 10 17.72829681390611 0.000000000000000
 11 18.35821402565785 0.000000000000000
 12 18.42430400715247 0.000000000000000

 spin=1 k-point=373/1284 Cartesian=0.03894808998566748 0.000000000000000 0.01919091118446219 (3812 plane wave)
 1 -3.392883143288055 0.001562500000000037
 2 0.9759443833066463 0.001562499999926796
 3 3.206102404511027 0.001273235032916330
 4 12.18533790645288 0.000000000000000
 5 12.20172937993867 0.000000000000000
 6 15.47743402817187 0.000000000000000
 7 16.04856264220517 0.000000000000000
 8 16.20970610327728 0.000000000000000
 9 16.67879032734797 0.000000000000000
 10 16.74856632073039 0.000000000000000
 11 18.62338414684834 0.000000000000000
 12 18.82876501473095 0.000000000000000

 spin=1 k-point=374/1284 Cartesian=0.05842213497850103 0.01124334511882402 0.01919091118446219 (3811 plane wave)
 1 -3.091629463698424 0.001562500000000037
 2 1.274885049348033 0.001562499998544461
 3 3.499525331867093 0.0002963351114076517
 4 10.16008257824706 0.000000000000000
 5 11.30216137208118 0.000000000000000
 6 14.42159194217240 0.000000000000000
 7 15.05655457248955 0.000000000000000
 8 15.64255651410597 0.000000000000000
 9 16.26558667601032 0.000000000000000
 10 17.17529459542126 0.000000000000000
 11 17.40559143944626 0.000000000000000
 12 18.01268347366961 0.000000000000000

 spin=1 k-point=375/1284 Cartesian=0.07789617997133459 0.02248669023764736 0.01919091118446219 (3798 plane wave)
 1 -2.639939548507752 0.001562500000000037
 2 1.721984476586088 0.001562499872719087
 3 3.934975294693042 4.684607543350796e-06
 4 8.244944852841650 0.000000000000000
 5 10.54383460527844 0.000000000000000
 6 12.57806053234481 0.000000000000000
 7 14.19965510462961 0.000000000000000
 8 14.75230938217912 0.000000000000000
 9 15.14172393996831 0.000000000000000
 10 16.91323583452549 0.000000000000000
 11 17.43154162477859 0.000000000000000
 12 18.65734518848384 0.000000000000000

 spin=1 k-point=376/1284 Cartesian=0.09737022496416814 0.03373003535647069 0.01919091118446219 (3797 plane wave)
 1 -2.038097405122532 0.001562500000000037
 2 2.313703818289432 0.001562452733289216
 3 4.491169681913679 1.804887378373436e-08
 4 6.496135486000140 0.000000000000000
 5 9.897902369895458 0.000000000000000
 6 10.85867546007868 0.000000000000000
 7 12.85306707244679 0.000000000000000
 8 13.95241423190253 0.000000000000000
 9 14.42725564491793 0.000000000000000
 10 16.47433218300946 0.000000000000000
 11 17.68197641940628 0.000000000000000
 12 18.42330791564850 0.000000000000000

 spin=1 k-point=377/1284 Cartesian=0.1168442699570017 0.04497338047529403 0.01919091118446219 (3787 plane wave)
 1 -1.286615189542592 0.001562500000000037
 2 3.028919001150042 0.001504390142995758
 3 4.626654611811520 4.656398191214193e-09
 4 5.477282274427234 9.415025498703789e-13
 5 9.019207592178383 0.000000000000000
 6 9.648983282242035 0.000000000000000
 7 11.33349752656835 0.000000000000000
 8 13.47390081492892 0.000000000000000
 9 13.96171427610806 0.000000000000000
 10 16.05234645167970 0.000000000000000
 11 17.69784366787668 0.000000000000000
 12 18.62226124871706 0.000000000000000

 spin=1 k-point=378/1284 Cartesian=0.1363183149498352 0.05621672559411737 0.01919091118446219 (3790 plane wave)
 1 -0.3864935632340193 0.001562500000000037
 2 3.102292968085013 0.001446151128332379
 3 4.089977563605505 9.966293739039852e-07
 4 6.173989278971529 0.000000000000000
 5 7.668005518142853 0.000000000000000
 6 9.174924802455724 0.000000000000000
 7 9.975886053305073 0.000000000000000
 8 13.16895213724453 0.000000000000000
 9 13.65697790047779 0.000000000000000
 10 15.76148771899004 0.000000000000000
 11 17.48956918281967 0.000000000000000
 12 19.11135288784981 0.000000000000000

 spin=1 k-point=379/1284 Cartesian=0.1557923599426688 0.06746007071294069 0.01919091118446219 (3778 plane wave)
 1 0.6599370016366677 0.001562499999996930
 2 1.844993250127200 0.001562499564504442
 3 5.045312636534304 7.076886682547825e-11
 4 6.170471210505784 0.000000000000000
 5 7.352178322505689 0.000000000000000
 6 8.392846747032879 0.000000000000000
 7 9.302895071591113 0.000000000000000
 8 13.01806269823292 0.000000000000000
 9 13.50529160267305 0.000000000000000
 10 15.61463244327663 0.000000000000000
 11 17.36529983809626 0.000000000000000
 12 19.28332658769567 0.000000000000000

 spin=1 k-point=380/1284 Cartesian=0.1363183149498352 0.1011901060694107 -0.01919091118446170 (3778 plane wave)
 1 0.6599370002435124 0.001562499999996930
 2 1.844993254840309 0.001562499564504421
 3 5.045312587700767 7.076890138443445e-11
 4 6.170471307332065 0.000000000000000
 5 7.352178282514990 0.000000000000000
 6 8.392846697573493 0.000000000000000
 7 9.302895109754445 0.000000000000000
 8 13.01806270186291 0.000000000000000
 9 13.50529160133874 0.000000000000000
 10 15.61463244085161 0.000000000000000
 11 17.36529984407536 0.000000000000000
 12 19.28332655351423 0.000000000000000

 spin=1 k-point=381/1284 Cartesian=0.1168442699570017 0.08994676095058737 -0.01919091118446170 (3790 plane wave)
 1 -0.3864935637591270 0.001562500000000037
 2 3.102293001475270 0.001446151092376015
 3 4.089977489817062 9.966301088326610e-07
 4 6.173989371050906 0.000000000000000
 5 7.668005490297143 0.000000000000000
 6 9.174924692891306 0.000000000000000
 7 9.975886138884292 0.000000000000000
 8 13.16895214992589 0.000000000000000
 9 13.65697789569831 0.000000000000000
 10 15.76148771103027 0.000000000000000
 11 17.48956920353014 0.000000000000000
 12 19.11135278549092 0.000000000000000

 spin=1 k-point=382/1284 Cartesian=0.09737022496416814 0.07870341583176405 -0.01919091118446170 (3787 plane wave)
 1 -1.286615189759696 0.001562500000000037
 2 3.028919018695083 0.001504390133179526
 3 4.626654516790393 4.656402615766256e-09
 4 5.477282368957721 9.415016598636346e-13
 5 9.019207645272310 0.000000000000000
 6 9.648983164483079 0.000000000000000
 7 11.33349756897510 0.000000000000000
 8 13.47390084480243 0.000000000000000
 9 13.96171426479028 0.000000000000000
 10 16.05234643528425 0.000000000000000
 11 17.69784371643128 0.000000000000000
 12 18.62226113930992 0.000000000000000

 spin=1 k-point=383/1284 Cartesian=0.07789617997133459 0.06746007071294070 -0.01919091118446170 (3797 plane wave)
 1 -2.038097405213671 0.001562500000000037
 2 2.313703821826904 0.001562452733287544
 3 4.491169666273775 1.804887660652934e-08
 4 6.496135506649221 0.000000000000000
 5 9.897902398371741 0.000000000000000
 6 10.85867539278279 0.000000000000000
 7 12.85306707020822 0.000000000000000
 8 13.95241431324629 0.000000000000000
 9 14.42725561716015 0.000000000000000
 10 16.47433214754872 0.000000000000000
 11 17.68197647463666 0.000000000000000
 12 18.42330783639582 0.000000000000000

 spin=1 k-point=384/1284 Cartesian=0.05842213497850103 0.05621672559411736 -0.01919091118446170 (3798 plane wave)
 1 -2.639939548544174 0.001562500000000037
 2 1.721984477500621 0.001562499872719086
 3 3.934975291940589 4.684607671905875e-06
 4 8.244944859533385 0.000000000000000
 5 10.54383461183258 0.000000000000000
 6 12.57806050701115 0.000000000000000
 7 14.19965498412329 0.000000000000000
 8 14.75230959672617 0.000000000000000
 9 15.14172389110874 0.000000000000000
 10 16.91323572987453 0.000000000000000
 11 17.43154171090780 0.000000000000000
 12 18.65734515254899 0.000000000000000

 spin=1 k-point=385/1284 Cartesian=0.03894808998566748 0.04497338047529403 -0.01919091118446170 (3811 plane wave)
 1 -3.091629463711249 0.001562500000000037
 2 1.274885049544507 0.001562499998544461
 3 3.499525331349026 0.0002963351126517062
 4 10.16008258137251 0.000000000000000
 5 11.30216137372803 0.000000000000000
 6 14.42159196824537 0.000000000000000
 7 15.05655446397568 0.000000000000000
 8 15.64255658555205 0.000000000000000
 9 16.26558665438942 0.000000000000000
 10 17.17529457554437 0.000000000000000
 11 17.40559152208645 0.000000000000000
 12 18.01268345622096 0.000000000000000

 spin=1 k-point=386/1284 Cartesian=0.01947404499283394 0.03373003535647069 -0.01919091118446170 (3812 plane wave)
 1 -3.392883143291586 0.001562500000000037
 2 0.9759443833129589 0.001562499999926796
 3 3.206102404481142 0.001273235032986771
 4 12.18533793629932 0.000000000000000
 5 12.20172935212983 0.000000000000000
 6 15.47743401914963 0.000000000000000
 7 16.04856264911834 0.000000000000000
 8 16.20970609027302 0.000000000000000
 9 16.67879031593243 0.000000000000000
 10 16.74856634352868 0.000000000000000
 11 18.62338412796065 0.000000000000000
 12 18.82876503828876 0.000000000000000

 spin=1 k-point=387/1284 Cartesian=0.000000000000000 0.000000000000000 0.03838182236892686 (3796 plane wave)
 1 -3.454240214809555 0.001562500000000037
 2 -0.1693432397541371 0.001562500000000036
 3 4.230754206360481 2.439819074631428e-07
 4 13.87545439725060 0.000000000000000
 5 15.05113729089432 0.000000000000000
 6 15.05113733325807 0.000000000000000
 7 15.52366025461854 0.000000000000000
 8 15.52366028442374 0.000000000000000
 9 16.99882581354241 0.000000000000000
 10 17.21775282797266 0.000000000000000
 11 18.36563304754993 0.000000000000000
 12 18.36563308996303 0.000000000000000

 spin=1 k-point=388/1284 Cartesian=0.01947404499283394 0.01124334511882356 0.03838182236892686 (3806 plane wave)
 1 -3.378916509885025 0.001562500000000037
 2 -0.09439843836649155 0.001562500000000035
 3 4.304121012446180 1.171560738196766e-07
 4 13.30442761242999 0.000000000000000
 5 13.99697482716288 0.000000000000000
 6 14.12639370975766 0.000000000000000
 7 15.25726062933877 0.000000000000000
 8 16.59954715130082 0.000000000000000
 9 16.68532606045550 0.000000000000000
 10 17.43184943135554 0.000000000000000
 11 17.64740335209344 0.000000000000000
 12 18.54855800374594 0.000000000000000

 spin=1 k-point=389/1284 Cartesian=0.03894808998566748 0.02248669023764690 0.03838182236892686 (3803 plane wave)
 1 -3.152981907537345 0.001562500000000037
 2 0.1303027389462711 0.001562500000000021
 3 4.523458409724777 1.306842635238377e-08
 4 11.27038043118703 0.000000000000000
 5 13.15102207175359 0.000000000000000
 6 13.86688606700399 0.000000000000000
 7 14.28171571247645 0.000000000000000
 8 15.11447833861816 0.000000000000000
 9 16.45678241949064 0.000000000000000
 10 17.35948824935041 0.000000000000000
 11 18.02991178077466 0.000000000000000
 12 19.05932713450350 0.000000000000000

 spin=1 k-point=390/1284 Cartesian=0.05842213497850103 0.03373003535647023 0.03838182236892686 (3796 plane wave)
 1 -2.776554999903028 0.001562500000000037
 2 0.5042712330140288 0.001562499999999382
 3 4.885229418187468 3.508123854914581e-10
 4 9.292617177979363 0.000000000000000
 5 12.31980754026901 0.000000000000000
 6 12.44524033690911 0.000000000000000
 7 13.49297678481355 0.000000000000000
 8 14.88825248722732 0.000000000000000
 9 15.62670620508260 0.000000000000000
 10 16.42185148538380 0.000000000000000
 11 17.55718787818791 0.000000000000000
 12 19.61701672561270 0.000000000000000

 spin=1 k-point=391/1284 Cartesian=0.07789617997133459 0.04497338047529358 0.03838182236892686 (3792 plane wave)
 1 -2.249869532067473 0.001562500000000037
 2 1.026228329562092 0.001562499999878940
 3 5.371466680109084 2.712519692342206e-12
 4 7.464452913670388 0.000000000000000
 5 10.65158123515841 0.000000000000000
 6 11.63840535018217 0.000000000000000
 7 12.87723346755436 0.000000000000000
 8 14.75803959462218 0.000000000000000
 9 14.94604051381408 0.000000000000000
 10 15.45972897670456 0.000000000000000
 11 16.65263259864669 0.000000000000000
 12 19.38128227720192 0.000000000000000

 spin=1 k-point=392/1284 Cartesian=0.09737022496416814 0.05621672559411691 0.03838182236892686 (3789 plane wave)
 1 -1.573356939470405 0.001562500000000037
 2 1.692083499195410 0.001562499905614579
 3 5.505673408559545 7.087945042575527e-13
 4 6.269934218806767 0.000000000000000
 5 8.975278292954606 0.000000000000000
 6 11.10799091859824 0.000000000000000
 7 12.28860281397897 0.000000000000000
 8 13.42895528388880 0.000000000000000
 9 14.41611984811684 0.000000000000000
 10 15.50693274539962 0.000000000000000
 11 16.46381666907369 0.000000000000000
 12 18.85550927423688 0.000000000000000

 spin=1 k-point=393/1284 Cartesian=0.1168442699570017 0.06746007071294025 0.03838182236892686 (3793 plane wave)
 1 -0.7478649544781502 0.001562500000000037
 2 2.475906451732761 0.001562260701894068
 3 4.124291696986722 7.072773129807021e-07
 4 6.776419618113114 0.000000000000000
 5 7.571372204682846 0.000000000000000
 6 10.72896626262522 0.000000000000000
 7 11.44756810998935 0.000000000000000
 8 12.42616892907625 0.000000000000000
 9 14.03741320975263 0.000000000000000
 10 15.31348832022305 0.000000000000000
 11 16.99360769519802 0.000000000000000
 12 18.47874963994792 0.000000000000000

 spin=1 k-point=394/1284 Cartesian=0.1363183149498352 0.07870341583176359 0.03838182236892686 (3790 plane wave)
 1 0.2246266297110352 0.001562499999999997
 2 2.532204258533159 0.001562079866496288
 3 3.630312606249281 9.299545523022155e-05
 4 5.899299030563785 1.383647832858418e-14
 5 7.974515084970982 0.000000000000000
 6 10.22907330584419 0.000000000000000
 7 10.50150212848034 0.000000000000000
 8 12.05742738007230 0.000000000000000
 9 13.81012773361579 0.000000000000000
 10 15.12901398995786 0.000000000000000
 11 17.77318655237782 0.000000000000000
 12 18.25239079174536 0.000000000000000

 spin=1 k-point=395/1284 Cartesian=0.1557923599426688 0.08994676095058692 0.03838182236892686 (3784 plane wave)
 1 1.335731464707563 0.001562499997325260
 2 1.339255292044235 0.001562499997229325
 3 4.629509379604188 4.525348668031659e-09
 4 4.709791244972825 2.027649775044010e-09
 5 9.015571548779436 0.000000000000000
 6 9.046967260375368 0.000000000000000
 7 10.42567354972234 0.000000000000000
 8 11.95976604416744 0.000000000000000
 9 13.73435683228983 0.000000000000000
 10 15.06293090192109 0.000000000000000
 11 18.17689781334357 0.000000000000000
 12 18.33199707922494 0.000000000000000

 spin=1 k-point=396/1284 Cartesian=0.1363183149498352 0.07870341583176359 -0.03838182236892639 (3790 plane wave)
 1 0.2246266278366897 0.001562499999999997
 2 2.532204291836246 0.001562079866356409
 3 3.630312541616224 9.299551175873447e-05
 4 5.899299096352767 1.383646922570687e-14
 5 7.974515059708390 0.000000000000000
 6 10.22907325264225 0.000000000000000
 7 10.50150212847550 0.000000000000000
 8 12.05742743955262 0.000000000000000
 9 13.81012773366282 0.000000000000000
 10 15.12901400340232 0.000000000000000
 11 17.77318643216694 0.000000000000000
 12 18.25239079147818 0.000000000000000

 spin=1 k-point=397/1284 Cartesian=0.1168442699570017 0.06746007071294025 -0.03838182236892639 (3793 plane wave)
 1 -0.7478649551965565 0.001562500000000037
 2 2.475906471317655 0.001562260701847210
 3 4.124291638811848 7.072777242523589e-07
 4 6.776419785188617 0.000000000000000
 5 7.571372084223660 0.000000000000000
 6 10.72896626260552 0.000000000000000
 7 11.44756794900135 0.000000000000000
 8 12.42616911232484 0.000000000000000
 9 14.03741320987445 0.000000000000000
 10 15.31348836236513 0.000000000000000
 11 16.99360755049146 0.000000000000000
 12 18.47874963946077 0.000000000000000

 spin=1 k-point=398/1284 Cartesian=0.09737022496416814 0.05621672559411691 -0.03838182236892639 (3789 plane wave)
 1 -1.573356939759464 0.001562500000000037
 2 1.692083503443645 0.001562499905614575
 3 5.505673305525348 7.087952345588358e-13
 4 6.269934350796998 0.000000000000000
 5 8.975278271263981 0.000000000000000
 6 11.10799091857258 0.000000000000000
 7 12.28860262453488 0.000000000000000
 8 13.42895551019146 0.000000000000000
 9 14.41611984831528 0.000000000000000
 10 15.50693286805231 0.000000000000000
 11 16.46381644163773 0.000000000000000
 12 18.85550927318639 0.000000000000000

 spin=1 k-point=399/1284 Cartesian=0.07789617997133459 0.04497338047529358 -0.03838182236892639 (3792 plane wave)
 1 -2.249869532179129 0.001562500000000037
 2 1.026228330828067 0.001562499999878940
 3 5.371466664539301 2.712520114675801e-12
 4 7.464452943688177 0.000000000000000
 5 10.65158124141261 0.000000000000000
 6 11.63840535014298 0.000000000000000
 7 12.87723333293872 0.000000000000000
 8 14.75803969946573 0.000000000000000
 9 14.94604051414240 0.000000000000000
 10 15.45972919144706 0.000000000000000
 11 16.65263234565453 0.000000000000000
 12 19.38128227457307 0.000000000000000

 spin=1 k-point=400/1284 Cartesian=-0.05842213497850025 -0.03373003535646978 0.03838182236892686 (3796 plane wave)
 1 -2.776554999939997 0.001562500000000037
 2 0.5042712333887399 0.001562499999999382
 3 4.885229415517355 3.508123948585440e-10
 4 9.292617188948848 0.000000000000000
 5 12.31980754021131 0.000000000000000
 6 12.44524038212287 0.000000000000000
 7 13.49297666677969 0.000000000000000
 8 14.88825247056570 0.000000000000000
 9 15.62670620566401 0.000000000000000
 10 16.42185173062305 0.000000000000000
 11 17.55718767290955 0.000000000000000
 12 19.61701671756162 0.000000000000000

 spin=1 k-point=401/1284 Cartesian=-0.03894808998566670 -0.02248669023764645 0.03838182236892686 (3803 plane wave)
 1 -3.152981907545363 0.001562500000000037
 2 0.1303027390313853 0.001562500000000021
 3 4.523458409221812 1.306842641811281e-08
 4 11.27038043587942 0.000000000000000
 5 13.15102207165621 0.000000000000000
 6 13.86688610915718 0.000000000000000
 7 14.28171570422726 0.000000000000000
 8 15.11447823821389 0.000000000000000
 9 16.45678242097986 0.000000000000000
 10 17.35948830425002 0.000000000000000
 11 18.02991177878482 0.000000000000000
 12 19.05932721687264 0.000000000000000

 spin=1 k-point=402/1284 Cartesian=-0.01947404499283316 -0.01124334511882311 0.03838182236892686 (3806 plane wave)
 1 -3.378916509884934 0.001562500000000037
 2 -0.09439843835980441 0.001562500000000035
 3 4.304121012391994 1.171560738831538e-07
 4 13.30442761202110 0.000000000000000
 5 13.99697483351492 0.000000000000000
 6 14.12639370959763 0.000000000000000
 7 15.25726063483710 0.000000000000000
 8 16.59954715316852 0.000000000000000
 9 16.68532602753671 0.000000000000000
 10 17.43184942977408 0.000000000000000
 11 17.64740327272526 0.000000000000000
 12 18.54855796036854 0.000000000000000

 spin=1 k-point=403/1284 Cartesian=0.000000000000000 0.02248669023764713 0.03838182236892686 (3806 plane wave)
 1 -3.378916509887560 0.001562500000000037
 2 -0.09439843837408804 0.001562500000000035
 3 4.304121012402431 1.171560738709263e-07
 4 13.30442761224409 0.000000000000000
 5 13.99697482394102 0.000000000000000
 6 14.12639372165110 0.000000000000000
 7 15.25726063180035 0.000000000000000
 8 16.59954715395617 0.000000000000000
 9 16.68532602088671 0.000000000000000
 10 17.43184944163381 0.000000000000000
 11 17.64740326850289 0.000000000000000
 12 18.54855796127617 0.000000000000000

 spin=1 k-point=404/1284 Cartesian=0.01947404499283394 0.03373003535647069 0.03838182236892686 (3801 plane wave)
 1 -3.228287080928439 0.001562500000000037
 2 0.05542702496187975 0.001562500000000029
 3 4.450503000763848 2.710570990362825e-08
 4 12.31142291135202 0.000000000000000
 5 12.36183908624139 0.000000000000000
 6 14.18155057225217 0.000000000000000
 7 15.49986816280693 0.000000000000000
 8 15.63889625667605 0.000000000000000
 9 16.12538425360193 0.000000000000000
 10 16.40666452658076 0.000000000000000
 11 19.10784223018868 0.000000000000000
 12 19.11780561694710 0.000000000000000

 spin=1 k-point=405/1284 Cartesian=0.03894808998566748 0.04497338047529403 0.03838182236892686 (3804 plane wave)
 1 -2.927103875157978 0.001562500000000037
 2 0.3547871827037215 0.001562499999999890
 3 4.741451395223300 1.477388715741771e-09
 4 10.31599813397255 0.000000000000000
 5 11.45146477741036 0.000000000000000
 6 13.55351974991575 0.000000000000000
 7 14.36618347446392 0.000000000000000
 8 14.82847493027587 0.000000000000000
 9 15.48458690343383 0.000000000000000
 10 17.54241999502608 0.000000000000000
 11 17.89997773760280 0.000000000000000
 12 18.71375105666319 0.000000000000000

 spin=1 k-point=406/1284 Cartesian=0.05842213497850103 0.05621672559411736 0.03838182236892686 (3795 plane wave)
 1 -2.475537695761012 0.001562500000000037
 2 0.8028862677803892 0.001562499999987060
 3 5.169631164336617 2.041425884208212e-11
 4 8.408327787220498 0.000000000000000
 5 10.67402010142901 0.000000000000000
 6 11.71282670992683 0.000000000000000
 7 13.95559502357972 0.000000000000000
 8 14.39779942868022 0.000000000000000
 9 15.08127716849491 0.000000000000000
 10 16.34107662734791 0.000000000000000
 11 17.80320449940371 0.000000000000000
 12 18.51830039019125 0.000000000000000

 spin=1 k-point=407/1284 Cartesian=0.07789617997133459 0.06746007071294070 0.03838182236892686 (3795 plane wave)
 1 -1.873907005181317 0.001562500000000037
 2 1.397529059037095 0.001562499995037873
 3 5.669104763990516 1.382760004894590e-13
 4 6.708047372187806 0.000000000000000
 5 9.717897558762690 0.000000000000000
 6 10.30835188564753 0.000000000000000
 7 13.31898354892210 0.000000000000000
 8 13.84948956564043 0.000000000000000
 9 14.32411345260445 0.000000000000000
 10 15.93513345792340 0.000000000000000
 11 17.19299384307466 0.000000000000000
 12 18.12445657127935 0.000000000000000

 spin=1 k-point=408/1284 Cartesian=0.09737022496416814 0.07870341583176405 0.03838182236892686 (3791 plane wave)
 1 -1.122809692656452 0.001562500000000037
 2 2.129763883687237 0.001562492488524620
 3 4.892054048888276 3.276694275643399e-10
 4 6.554509395443686 0.000000000000000
 5 8.231452417393546 0.000000000000000
 6 9.747109928405401 0.000000000000000
 7 12.37941717769610 0.000000000000000
 8 13.13254550806131 0.000000000000000
 9 13.63678182996669 0.000000000000000
 10 16.37907615612502 0.000000000000000
 11 16.77323302492057 0.000000000000000
 12 17.82192517044273 0.000000000000000

 spin=1 k-point=409/1284 Cartesian=0.1168442699570017 0.08994676095058737 0.03838182236892686 (3790 plane wave)
 1 -0.2235038987020894 0.001562500000000036
 2 2.860910651836479 0.001551332829633050
 3 3.597120533782004 0.0001266355413756661
 4 6.569903913106730 0.000000000000000
 5 7.578934595979851 0.000000000000000
 6 9.423639234617117 0.000000000000000
 7 11.06432645084846 0.000000000000000
 8 12.76461521889622 0.000000000000000
 9 13.32081760177762 0.000000000000000
 10 16.37950112290789 0.000000000000000
 11 16.89167823869760 0.000000000000000
 12 17.93455804743138 0.000000000000000

 spin=1 k-point=410/1284 Cartesian=0.1363183149498352 0.1011901060694107 0.03838182236892686 (3781 plane wave)
 1 0.8206156423262830 0.001562499999984543
 2 1.993637771983978 0.001562498074522455
 3 4.164691631063458 4.722808561253832e-07
 4 5.324191081234808 4.351993788152045e-12
 5 8.451140559940177 0.000000000000000
 6 9.218481797689460 0.000000000000000
 7 9.892284096613283 0.000000000000000
 8 12.60101198653407 0.000000000000000
 9 13.16978139788985 0.000000000000000
 10 16.24192879188525 0.000000000000000
 11 16.95363278489221 0.000000000000000
 12 18.66062984939613 0.000000000000000

 spin=1 k-point=411/1284 Cartesian=0.1557923599426688 0.1124334511882340 0.03838182236892686 (3781 plane wave)
 1 0.8206156391889980 0.001562499999984543
 2 1.993637784238381 0.001562498074522219
 3 4.164691585823331 4.722810697213660e-07
 4 5.324191129935586 4.351991668697216e-12
 5 8.451140606067339 0.000000000000000
 6 9.218481630247068 0.000000000000000
 7 9.892284208133749 0.000000000000000
 8 12.60101198115034 0.000000000000000
 9 13.16978140522685 0.000000000000000
 10 16.24192879809985 0.000000000000000
 11 16.95363277539200 0.000000000000000
 12 18.66062979085199 0.000000000000000

 spin=1 k-point=412/1284 Cartesian=0.1363183149498352 0.05621672559411737 -0.03838182236892639 (3790 plane wave)
 1 -0.2235038997966524 0.001562500000000036
 2 2.860910707846492 0.001551332823423015
 3 3.597120444505614 0.0001266356452685787
 4 6.569904031611122 0.000000000000000
 5 7.578934539085447 0.000000000000000
 6 9.423639141873959 0.000000000000000
 7 11.06432652578272 0.000000000000000
 8 12.76461519815809 0.000000000000000
 9 13.32081762818719 0.000000000000000
 10 16.37950115824828 0.000000000000000
 11 16.89167817858944 0.000000000000000
 12 17.93455801509045 0.000000000000000

 spin=1 k-point=413/1284 Cartesian=0.1168442699570017 0.04497338047529403 -0.03838182236892639 (3791 plane wave)
 1 -1.122809693071414 0.001562500000000037
 2 2.129763891876012 0.001562492488524005
 3 4.892053986691266 3.276696313649962e-10
 4 6.554509506673304 0.000000000000000
 5 8.231452391057694 0.000000000000000
 6 9.747109852005357 0.000000000000000
 7 12.37941724892201 0.000000000000000
 8 13.13254544121738 0.000000000000000
 9 13.63678189969169 0.000000000000000
 10 16.37907622255867 0.000000000000000
 11 16.77323289769376 0.000000000000000
 12 17.82192517250345 0.000000000000000

 spin=1 k-point=414/1284 Cartesian=0.09737022496416814 0.03373003535647069 -0.03838182236892639 (3795 plane wave)
 1 -1.873907005332026 0.001562500000000037
 2 1.397529061154370 0.001562499995037872
 3 5.669104715277035 1.382760678485457e-13
 4 6.708047440364739 0.000000000000000
 5 9.717897613068603 0.000000000000000
 6 10.30835177391623 0.000000000000000
 7 13.31898360876553 0.000000000000000
 8 13.84948945629964 0.000000000000000
 9 14.32411357753855 0.000000000000000
 10 15.93513345801768 0.000000000000000
 11 17.19299376865605 0.000000000000000
 12 18.12445658722091 0.000000000000000

 spin=1 k-point=415/1284 Cartesian=-0.07789617997133380 -0.02248669023764599 0.03838182236892686 (3795 plane wave)
 1 -2.475537695804642 0.001562500000000037
 2 0.8028862683680783 0.001562499999987060
 3 5.169631159033139 2.041425992474812e-11
 4 8.408327802471284 0.000000000000000
 5 10.67402012394635 0.000000000000000
 6 11.71282664787510 0.000000000000000
 7 13.95559505747573 0.000000000000000
 8 14.39779943378481 0.000000000000000
 9 15.08127712061751 0.000000000000000
 10 16.34107671797192 0.000000000000000
 11 17.80320440382000 0.000000000000000
 12 18.51830046341719 0.000000000000000

 spin=1 k-point=416/1284 Cartesian=-0.05842213497850025 -0.01124334511882266 0.03838182236892686 (3804 plane wave)
 1 -2.927103875161410 0.001562500000000037
 2 0.3547871828232004 0.001562499999999890
 3 4.741451394443034 1.477388727269322e-09
 4 10.31599813873231 0.000000000000000
 5 11.45146478099332 0.000000000000000
 6 13.55351971330419 0.000000000000000
 7 14.36618352609830 0.000000000000000
 8 14.82847494668837 0.000000000000000
 9 15.48458680990345 0.000000000000000
 10 17.54241999195121 0.000000000000000
 11 17.89997794725027 0.000000000000000
 12 18.71375094986864 0.000000000000000

 spin=1 k-point=417/1284 Cartesian=-0.03894808998566670 0.000000000000000 0.03838182236892686 (3801 plane wave)
 1 -3.228287080921859 0.001562500000000037
 2 0.05542702495468507 0.001562500000000029
 3 4.450503000770022 2.710570990195490e-08
 4 12.31142288287193 0.000000000000000
 5 12.36183911375690 0.000000000000000
 6 14.18155057409851 0.000000000000000
 7 15.49986818524085 0.000000000000000
 8 15.63889623215043 0.000000000000000
 9 16.12538425969093 0.000000000000000
 10 16.40666452162258 0.000000000000000
 11 19.10784223874970 0.000000000000000
 12 19.11780562133967 0.000000000000000

 spin=1 k-point=418/1284 Cartesian=-0.01947404499283316 0.01124334511882402 0.03838182236892686 (3806 plane wave)
 1 -3.378916509884116 0.001562500000000037
 2 -0.09439843838678560 0.001562500000000035
 3 4.304121012451897 1.171560738129788e-07
 4 13.30442760976263 0.000000000000000
 5 13.99697482829292 0.000000000000000
 6 14.12639371605096 0.000000000000000
 7 15.25726062142903 0.000000000000000
 8 16.59954715504321 0.000000000000000
 9 16.68532605852209 0.000000000000000
 10 17.43184943719573 0.000000000000000
 11 17.64740335190269 0.000000000000000
 12 18.54855800341359 0.000000000000000

 spin=1 k-point=419/1284 Cartesian=0.000000000000000 0.04497338047529380 0.03838182236892686 (3803 plane wave)
 1 -3.152981907560000 0.001562500000000037
 2 0.1303027389929406 0.001562500000000021
 3 4.523458409203980 1.306842642044314e-08
 4 11.27038043570083 0.000000000000000
 5 13.15102208095750 0.000000000000000
 6 13.86688609908363 0.000000000000000
 7 14.28171570170949 0.000000000000000
 8 15.11447823801497 0.000000000000000
 9 16.45678243026816 0.000000000000000
 10 17.35948829845535 0.000000000000000
 11 18.02991178227079 0.000000000000000
 12 19.05932721171925 0.000000000000000

 spin=1 k-point=420/1284 Cartesian=0.01947404499283394 0.05621672559411736 0.03838182236892686 (3804 plane wave)
 1 -2.927103875183581 0.001562500000000037
 2 0.3547871828057839 0.001562499999999890
 3 4.741451394379978 1.477388728200901e-09
 4 10.31599813954103 0.000000000000000
 5 11.45146478297051 0.000000000000000
 6 13.55351970667375 0.000000000000000
 7 14.36618352826611 0.000000000000000
 8 14.82847494765171 0.000000000000000
 9 15.48458680915869 0.000000000000000
 10 17.54241999547521 0.000000000000000
 11 17.89997794167265 0.000000000000000
 12 18.71375095984390 0.000000000000000

 spin=1 k-point=421/1284 Cartesian=0.03894808998566748 0.06746007071294069 0.03838182236892686 (3808 plane wave)
 1 -2.550774548491360 0.001562500000000037
 2 0.7283606692112843 0.001562499999993878
 3 5.100595562427084 4.071472394680408e-11
 4 9.461013477694134 0.000000000000000
 5 9.534215464945536 0.000000000000000
 6 12.69817663071865 0.000000000000000
 7 12.87705473805718 0.000000000000000
 8 14.85006180585709 0.000000000000000
 9 16.53689338572012 0.000000000000000
 10 16.88790314914096 0.000000000000000
 11 17.38951143286398 0.000000000000000
 12 17.47025755987865 0.000000000000000

 spin=1 k-point=422/1284 Cartesian=0.05842213497850103 0.07870341583176403 0.03838182236892686 (3794 plane wave)
 1 -2.024232726610490 0.001562500000000037
 2 1.249686791352660 0.001562499998868678
 3 5.582805799489013 3.277468618161150e-13
 4 7.673265765815605 0.000000000000000
 5 8.817765935462070 0.000000000000000
 6 10.96691239456244 0.000000000000000
 7 12.12825871057276 0.000000000000000
 8 14.96996933833129 0.000000000000000
 9 15.50890457993309 0.000000000000000
 10 16.41625354106138 0.000000000000000
 11 16.75684532854241 0.000000000000000
 12 18.51643954266094 0.000000000000000

 spin=1 k-point=423/1284 Cartesian=0.07789617997133459 0.08994676095058737 0.03838182236892686 (3783 plane wave)
 1 -1.347916851101205 0.001562500000000037
 2 1.914594933859544 0.001562499126505907
 3 5.728748319763704 7.615844612879619e-14
 4 6.458696016707388 0.000000000000000
 5 8.241965821883161 0.000000000000000
 6 9.343877858917425 0.000000000000000
 7 11.58989669165530 0.000000000000000
 8 13.59260857451561 0.000000000000000
 9 15.41232660583032 0.000000000000000
 10 15.90690461707254 0.000000000000000
 11 16.74654340687452 0.000000000000000
 12 19.01266364985634 0.000000000000000

 spin=1 k-point=424/1284 Cartesian=0.09737022496416814 0.1011901060694107 0.03838182236892686 (3791 plane wave)
 1 -0.5226822707905487 0.001562500000000037
 2 2.697351765693797 0.001560311623154189
 3 4.345941711576221 7.711713832936995e-08
 4 6.975208044339443 0.000000000000000
 5 7.482391590805328 0.000000000000000
 6 8.308795019300597 0.000000000000000
 7 11.14977958344811 0.000000000000000
 8 12.15937353056148 0.000000000000000
 9 15.23046620267191 0.000000000000000
 10 15.55868926247236 0.000000000000000
 11 17.28218224781299 0.000000000000000
 12 18.75306638893786 0.000000000000000

 spin=1 k-point=425/1284 Cartesian=0.1168442699570017 0.1124334511882340 0.03838182236892686 (3788 plane wave)
 1 0.4494895411833695 0.001562499999999658
 2 2.756763894481602 0.001558540389302165
 3 3.846086931001414 1.134617412419974e-05
 4 6.100944079781815 1.842010200642386e-15
 5 7.537769168579016 0.000000000000000
 6 8.413798952121871 0.000000000000000
 7 10.45817175117859 0.000000000000000
 8 11.26389733647583 0.000000000000000
 9 15.05956365084824 0.000000000000000
 10 15.34861381928858 0.000000000000000
 11 17.94785355410062 0.000000000000000
 12 18.74307970388778 0.000000000000000

 spin=1 k-point=426/1284 Cartesian=0.1363183149498352 0.1236767963070574 0.03838182236892686 (3780 plane wave)
 1 1.558083785190607 0.001562499975285550
 2 1.565977565939098 0.001562499973255575
 3 4.829267913112654 6.139212028212412e-10
 4 4.932462812944594 2.187473886424848e-10
 5 7.557566563870104 0.000000000000000
 6 9.185448823954628 0.000000000000000
 7 9.509451510860620 0.000000000000000
 8 11.09749514173694 0.000000000000000
 9 14.99714603202897 0.000000000000000
 10 15.27808866160713 0.000000000000000
 11 18.15179235416061 0.000000000000000
 12 19.46189207914524 0.000000000000000

 spin=1 k-point=427/1284 Cartesian=0.1557923599426688 0.1349201414258807 0.03838182236892686 (3788 plane wave)
 1 0.4494895395313673 0.001562499999999658
 2 2.756763927260200 0.001558540388007549
 3 3.846086864546241 1.134618160957068e-05
 4 6.100944148227688 1.842008939862541e-15
 5 7.537769256043494 0.000000000000000
 6 8.413798742169636 0.000000000000000
 7 10.45817194060729 0.000000000000000
 8 11.26389723653926 0.000000000000000
 9 15.05956367941744 0.000000000000000
 10 15.34861377964015 0.000000000000000
 11 17.94785364094999 0.000000000000000
 12 18.74307958385198 0.000000000000000

 spin=1 k-point=428/1284 Cartesian=0.1363183149498352 0.03373003535647069 -0.03838182236892639 (3791 plane wave)
 1 -0.5226822713441813 0.001562500000000037
 2 2.697351783565181 0.001560311622763643
 3 4.345941654113357 7.711718264092214e-08
 4 6.975208201515173 0.000000000000000
 5 7.482391637458967 0.000000000000000
 6 8.308794787697297 0.000000000000000
 7 11.14977973121606 0.000000000000000
 8 12.15937345111527 0.000000000000000
 9 15.23046625664920 0.000000000000000
 10 15.55868917645813 0.000000000000000
 11 17.28218232141221 0.000000000000000
 12 18.75306631972168 0.000000000000000

 spin=1 k-point=429/1284 Cartesian=0.1168442699570017 0.02248669023764735 -0.03838182236892639 (3783 plane wave)
 1 -1.347916851268854 0.001562500000000037
 2 1.914594937101106 0.001562499126505879
 3 5.728748221744300 7.615852077890574e-14
 4 6.458696147015608 0.000000000000000
 5 8.241965851395301 0.000000000000000
 6 9.343877737135630 0.000000000000000
 7 11.58989677699760 0.000000000000000
 8 13.59260854957139 0.000000000000000
 9 15.41232664130991 0.000000000000000
 10 15.90690449009310 0.000000000000000
 11 16.74654352058821 0.000000000000000
 12 19.01266360992546 0.000000000000000

 spin=1 k-point=430/1284 Cartesian=-0.09737022496416733 -0.01124334511882266 0.03838182236892686 (3794 plane wave)
 1 -2.024232726634438 0.001562500000000037
 2 1.249686791992943 0.001562499998868678
 3 5.582805790233494 3.277468921507966e-13
 4 7.673265787871608 0.000000000000000
 5 8.817765936701838 0.000000000000000
 6 10.96691232975787 0.000000000000000
 7 12.12825877169480 0.000000000000000
 8 14.96996939386599 0.000000000000000
 9 15.50890446464617 0.000000000000000
 10 16.41625344363287 0.000000000000000
 11 16.75684550503827 0.000000000000000
 12 18.51643952803372 0.000000000000000

 spin=1 k-point=431/1284 Cartesian=-0.07789617997133380 0.000000000000000 0.03838182236892686 (3808 plane wave)
 1 -2.550774548467590 0.001562500000000037
 2 0.7283606691969177 0.001562499999993878
 3 5.100595562556605 4.071472389406999e-11
 4 9.461013449767863 0.000000000000000
 5 9.534215491457260 0.000000000000000
 6 12.69817665761975 0.000000000000000
 7 12.87705471200601 0.000000000000000
 8 14.85006180835208 0.000000000000000
 9 16.53689339535680 0.000000000000000
 10 16.88790313601799 0.000000000000000
 11 17.38951145098557 0.000000000000000
 12 17.47025753982123 0.000000000000000

 spin=1 k-point=432/1284 Cartesian=-0.05842213497850025 0.01124334511882401 0.03838182236892686 (3804 plane wave)
 1 -2.927103875153346 0.001562500000000037
 2 0.3547871826633660 0.001562499999999890
 3 4.741451395227004 1.477388715687050e-09
 4 10.31599813123743 0.000000000000000
 5 11.45146478013670 0.000000000000000
 6 13.55351975259492 0.000000000000000
 7 14.36618347631369 0.000000000000000
 8 14.82847492959506 0.000000000000000
 9 15.48458689947408 0.000000000000000
 10 17.54241999674236 0.000000000000000
 11 17.89997774501799 0.000000000000000
 12 18.71375104048998 0.000000000000000

 spin=1 k-point=433/1284 Cartesian=-0.03894808998566670 0.02248669023764735 0.03838182236892686 (3803 plane wave)
 1 -3.152981907541435 0.001562500000000037
 2 0.1303027388944008 0.001562500000000021
 3 4.523458409710474 1.306842635425278e-08
 4 11.27038042970819 0.000000000000000
 5 13.15102207744857 0.000000000000000
 6 13.86688606826379 0.000000000000000
 7 14.28171570909565 0.000000000000000
 8 15.11447833377870 0.000000000000000
 9 16.45678242507746 0.000000000000000
 10 17.35948824859409 0.000000000000000
 11 18.02991178485842 0.000000000000000
 12 19.05932712970912 0.000000000000000

 spin=1 k-point=434/1284 Cartesian=-0.01947404499283316 0.03373003535647068 0.03838182236892686 (3801 plane wave)
 1 -3.228287080933539 0.001562500000000037
 2 0.05542702493219772 0.001562500000000029
 3 4.450503000744140 2.710570990897014e-08
 4 12.31142291601542 0.000000000000000
 5 12.36183908047848 0.000000000000000
 6 14.18155057466697 0.000000000000000
 7 15.49986816038131 0.000000000000000
 8 15.63889626155167 0.000000000000000
 9 16.12538425381564 0.000000000000000
 10 16.40666452420460 0.000000000000000
 11 19.10784223232978 0.000000000000000
 12 19.11780561312965 0.000000000000000

 spin=1 k-point=435/1284 Cartesian=0.000000000000000 0.06746007071294047 0.03838182236892686 (3796 plane wave)
 1 -2.776554999977467 0.001562500000000037
 2 0.5042712333095244 0.001562499999999382
 3 4.885229415393303 3.508123952937363e-10
 4 9.292617189403703 0.000000000000000
 5 12.31980754858645 0.000000000000000
 6 12.44524038080501 0.000000000000000
 7 13.49297665334404 0.000000000000000
 8 14.88825247478702 0.000000000000000
 9 15.62670621407779 0.000000000000000
 10 16.42185172728446 0.000000000000000
 11 17.55718766739357 0.000000000000000
 12 19.61701672221890 0.000000000000000

 spin=1 k-point=436/1284 Cartesian=0.01947404499283394 0.07870341583176403 0.03838182236892686 (3795 plane wave)
 1 -2.475537695854332 0.001562500000000037
 2 0.8028862683032657 0.001562499999987060
 3 5.169631158750060 2.041425998253663e-11
 4 8.408327803619786 0.000000000000000
 5 10.67402012681921 0.000000000000000
 6 11.71282664389208 0.000000000000000
 7 13.95559506011885 0.000000000000000
 8 14.39779942821943 0.000000000000000
 9 15.08127712389930 0.000000000000000
 10 16.34107671718791 0.000000000000000
 11 17.80320440935870 0.000000000000000
 12 18.51830045929766 0.000000000000000

 spin=1 k-point=437/1284 Cartesian=0.03894808998566748 0.08994676095058736 0.03838182236892686 (3794 plane wave)
 1 -2.024232726690439 0.001562500000000037
 2 1.249686791946540 0.001562499998868678
 3 5.582805789470196 3.277468946524822e-13
 4 7.673265791301947 0.000000000000000
 5 8.817765936203843 0.000000000000000
 6 10.96691232379676 0.000000000000000
 7 12.12825877620263 0.000000000000000
 8 14.96996939052770 0.000000000000000
 9 15.50890446523519 0.000000000000000
 10 16.41625345146754 0.000000000000000
 11 16.75684549985138 0.000000000000000
 12 18.51643953121786 0.000000000000000

 spin=1 k-point=438/1284 Cartesian=0.05842213497850103 0.1011901060694107 0.03838182236892686 (3789 plane wave)
 1 -1.422974252737335 0.001562500000000037
 2 1.842177990357732 0.001562499576593802
 3 6.050745002816284 3.043013685441986e-15
 4 6.993973390998182 0.000000000000000
 5 7.235858378215591 0.000000000000000
 6 10.28634156978216 0.000000000000000
 7 10.46542747305605 0.000000000000000
 8 14.51921248988270 0.000000000000000
 9 14.80147284671908 0.000000000000000
 10 16.25163635780327 0.000000000000000
 11 17.95868600307475 0.000000000000000
 12 18.19003702745688 0.000000000000000

 spin=1 k-point=439/1284 Cartesian=0.07789617997133459 0.1124334511882340 0.03838182236892686 (3783 plane wave)
 1 -0.6723815917425727 0.001562500000000037
 2 2.570913500756203 0.001561881351072084
 3 5.335609890906742 3.882370644107129e-12
 4 6.419957116655409 0.000000000000000
 5 7.114827437833558 0.000000000000000
 6 8.806261038142225 0.000000000000000
 7 9.940185812860580 0.000000000000000
 8 13.10516331939836 0.000000000000000
 9 14.26741964059884 0.000000000000000
 10 16.80829369408736 0.000000000000000
 11 17.79152143480474 0.000000000000000
 12 19.83792351026423 0.000000000000000

 spin=1 k-point=440/1284 Cartesian=0.09737022496416814 0.1236767963070574 0.03838182236892686 (3788 plane wave)
 1 0.2262637552440599 0.001562499999999996
 2 3.301921108960172 0.0009813009237506533
 3 4.032333048173584 1.772820485808229e-06
 4 6.180753808956773 0.000000000000000
 5 7.049758450429270 0.000000000000000
 6 8.150072775510054 0.000000000000000
 7 9.653281927015430 0.000000000000000
 8 11.67330814963187 0.000000000000000
 9 13.98582905462854 0.000000000000000
 10 17.03845419600966 0.000000000000000
 11 18.13446116298141 0.000000000000000
 12 20.50988665588724 0.000000000000000

 spin=1 k-point=441/1284 Cartesian=0.1168442699570017 0.1349201414258807 0.03838182236892686 (3782 plane wave)
 1 1.269556685697658 0.001562499998619989
 2 2.441915208145010 0.001562329652291096
 3 4.570060073040799 8.200420940068879e-09
 4 5.648451044329708 1.699983852616533e-13
 5 6.270056474234496 0.000000000000000
 6 8.830533433175500 0.000000000000000
 7 9.612346374365895 0.000000000000000
 8 10.44250186641128 0.000000000000000
 9 13.84387896254603 0.000000000000000
 10 16.99110466595967 0.000000000000000
 11 18.99754145168808 0.000000000000000
 12 20.09417944978805 0.000000000000000

 spin=1 k-point=442/1284 Cartesian=0.1363183149498352 0.1461634865447040 0.03838182236892686 (3782 plane wave)
 1 1.269556683154142 0.001562499998619989
 2 2.441915219474204 0.001562329652271799
 3 4.570060016152075 8.200425605161674e-09
 4 5.648451124895263 1.699982483015340e-13
 5 6.270056466873156 0.000000000000000
 6 8.830533259969702 0.000000000000000
 7 9.612346606357240 0.000000000000000
 8 10.44250178270060 0.000000000000000
 9 13.84387896085277 0.000000000000000
 10 16.99110466441188 0.000000000000000
 11 18.99754148684407 0.000000000000000
 12 20.09417934827195 0.000000000000000

 spin=1 k-point=443/1284 Cartesian=0.1557923599426688 0.1574068316635274 0.03838182236892686 (3788 plane wave)
 1 0.2262637545623671 0.001562499999999996
 2 3.301921159133342 0.0009813007406125260
 3 4.032332958597497 1.772822072030761e-06
 4 6.180753868874992 0.000000000000000
 5 7.049758565974690 0.000000000000000
 6 8.150072524955428 0.000000000000000
 7 9.653282074190248 0.000000000000000
 8 11.67330811868803 0.000000000000000
 9 13.98582904883118 0.000000000000000
 10 17.03845419075415 0.000000000000000
 11 18.13446118965931 0.000000000000000
 12 20.50988659313384 0.000000000000000

 spin=1 k-point=444/1284 Cartesian=0.1363183149498352 0.01124334511882402 -0.03838182236892639 (3783 plane wave)
 1 -0.6723815918655817 0.001562500000000037
 2 2.570913505260783 0.001561881351044227
 3 5.335609832028183 3.882372929992248e-12
 4 6.419957211674627 0.000000000000000
 5 7.114827445535865 0.000000000000000
 6 8.806260906409712 0.000000000000000
 7 9.940185908575440 0.000000000000000
 8 13.10516331250646 0.000000000000000
 9 14.26741962702093 0.000000000000000
 10 16.80829369365681 0.000000000000000
 11 17.79152145341292 0.000000000000000
 12 19.83792350975927 0.000000000000000

 spin=1 k-point=445/1284 Cartesian=-0.1168442699570009 0.000000000000000 0.03838182236892686 (3789 plane wave)
 1 -1.422974252682009 0.001562500000000037
 2 1.842177990381031 0.001562499576593802
 3 6.050745007300163 3.043013548996888e-15
 4 6.993973363653498 0.000000000000000
 5 7.235858399105767 0.000000000000000
 6 10.28634159706968 0.000000000000000
 7 10.46542744829514 0.000000000000000
 8 14.51921250991623 0.000000000000000
 9 14.80147281925608 0.000000000000000
 10 16.25163636599987 0.000000000000000
 11 17.95868600687675 0.000000000000000
 12 18.19003702185821 0.000000000000000

 spin=1 k-point=446/1284 Cartesian=-0.09737022496416733 0.01124334511882401 0.03838182236892686 (3794 plane wave)
 1 -2.024232726591575 0.001562500000000037
 2 1.249686791287723 0.001562499998868678
 3 5.582805799934238 3.277468603569052e-13
 4 7.673265761953524 0.000000000000000
 5 8.817765937974395 0.000000000000000
 6 10.96691239811508 0.000000000000000
 7 12.12825870921268 0.000000000000000
 8 14.96996934322826 0.000000000000000
 9 15.50890457785709 0.000000000000000
 10 16.41625352587684 0.000000000000000
 11 16.75684533813335 0.000000000000000
 12 18.51643954546426 0.000000000000000

 spin=1 k-point=447/1284 Cartesian=-0.07789617997133380 0.02248669023764735 0.03838182236892686 (3795 plane wave)
 1 -2.475537695764577 0.001562500000000037
 2 0.8028862676880396 0.001562499999987060
 3 5.169631164341826 2.041425884101860e-11
 4 8.408327785493235 0.000000000000000
 5 10.67402010349452 0.000000000000000
 6 11.71282671126395 0.000000000000000
 7 13.95559502712543 0.000000000000000
 8 14.39779942788409 0.000000000000000
 9 15.08127716665860 0.000000000000000
 10 16.34107662569635 0.000000000000000
 11 17.80320449387327 0.000000000000000
 12 18.51830039358219 0.000000000000000

 spin=1 k-point=448/1284 Cartesian=-0.05842213497850025 0.03373003535647068 0.03838182236892686 (3796 plane wave)
 1 -2.776554999918145 0.001562500000000037
 2 0.5042712329133817 0.001562499999999382
 3 4.885229418120056 3.508123857279491e-10
 4 9.292617177061420 0.000000000000000
 5 12.31980754577067 0.000000000000000
 6 12.44524033696283 0.000000000000000
 7 13.49297678226623 0.000000000000000
 8 14.88825248351259 0.000000000000000
 9 15.62670621050507 0.000000000000000
 10 16.42185148664866 0.000000000000000
 11 17.55718787077223 0.000000000000000
 12 19.61701673002039 0.000000000000000

 spin=1 k-point=449/1284 Cartesian=-0.03894808998566670 0.04497338047529402 0.03838182236892686 (3804 plane wave)
 1 -2.927103875174246 0.001562500000000037
 2 0.3547871826307898 0.001562499999999890
 3 4.741451395153010 1.477388716780222e-09
 4 10.31599813311749 0.000000000000000
 5 11.45146477853455 0.000000000000000
 6 13.55351974828545 0.000000000000000
 7 14.36618347952437 0.000000000000000
 8 14.82847493387014 0.000000000000000
 9 15.48458689799383 0.000000000000000
 10 17.54241999925046 0.000000000000000
 11 17.89997773256703 0.000000000000000
 12 18.71375105716735 0.000000000000000

 spin=1 k-point=450/1284 Cartesian=-0.01947404499283316 0.05621672559411735 0.03838182236892686 (3804 plane wave)
 1 -2.927103875194732 0.001562500000000037
 2 0.3547871827653453 0.001562499999999890
 3 4.741451394332644 1.477388728900211e-09
 4 10.31599814014882 0.000000000000000
 5 11.45146478152297 0.000000000000000
 6 13.55351970643652 0.000000000000000
 7 14.36618353009828 0.000000000000000
 8 14.82847495032674 0.000000000000000
 9 15.48458680903227 0.000000000000000
 10 17.54241999336330 0.000000000000000
 11 17.89997794019688 0.000000000000000
 12 18.71375096303697 0.000000000000000

 spin=1 k-point=451/1284 Cartesian=0.000000000000000 0.08994676095058715 0.03838182236892686 (3792 plane wave)
 1 -2.249869532253287 0.001562500000000037
 2 1.026228330672379 0.001562499999878940
 3 5.371466663983360 2.712520129755805e-12
 4 7.464452945011169 0.000000000000000
 5 10.65158124024114 0.000000000000000
 6 11.63840535807742 0.000000000000000
 7 12.87723332119368 0.000000000000000
 8 14.75803970029059 0.000000000000000
 9 14.94604052212842 0.000000000000000
 10 15.45972919334131 0.000000000000000
 11 16.65263233876926 0.000000000000000
 12 19.38128228252575 0.000000000000000

 spin=1 k-point=452/1284 Cartesian=0.01947404499283394 0.1011901060694107 0.03838182236892686 (3795 plane wave)
 1 -1.873907005425193 0.001562500000000037
 2 1.397529060982791 0.001562499995037873
 3 5.669104713562666 1.382760702191088e-13
 4 6.708047443368526 0.000000000000000
 5 9.717897614539531 0.000000000000000
 6 10.30835177191416 0.000000000000000
 7 13.31898360944325 0.000000000000000
 8 13.84948945588585 0.000000000000000
 9 14.32411357574487 0.000000000000000
 10 15.93513346050239 0.000000000000000
 11 17.19299377361447 0.000000000000000
 12 18.12445658160431 0.000000000000000

 spin=1 k-point=453/1284 Cartesian=0.03894808998566748 0.1124334511882340 0.03838182236892686 (3783 plane wave)
 1 -1.347916851374996 0.001562500000000037
 2 1.914594936878097 0.001562499126505881
 3 5.728748218355660 7.615852335964424e-14
 4 6.458696153220322 0.000000000000000
 5 8.241965852293909 0.000000000000000
 6 9.343877731986526 0.000000000000000
 7 11.58989677928602 0.000000000000000
 8 13.59260855023024 0.000000000000000
 9 15.41232663757951 0.000000000000000
 10 15.90690449578213 0.000000000000000
 11 16.74654352000722 0.000000000000000
 12 19.01266360638959 0.000000000000000

 spin=1 k-point=454/1284 Cartesian=0.05842213497850103 0.1236767963070574 0.03838182236892686 (3783 plane wave)
 1 -0.6723815919760804 0.001562500000000037
 2 2.570913504859433 0.001561881351046709
 3 5.335609831114867 3.882372965450623e-12
 4 6.419957217285533 0.000000000000000
 5 7.114827445232364 0.000000000000000
 6 8.806260897876923 0.000000000000000
 7 9.940185912762130 0.000000000000000
 8 13.10516331138737 0.000000000000000
 9 14.26741963265085 0.000000000000000
 10 16.80829368701782 0.000000000000000
 11 17.79152145557022 0.000000000000000
 12 19.83792351118472 0.000000000000000

 spin=1 k-point=455/1284 Cartesian=0.07789617997133459 0.1349201414258807 0.03838182236892686 (3781 plane wave)
 1 0.1517785093629491 0.001562500000000017
 2 3.333617311090739 0.0008617537519037389
 3 4.963276061629124 1.607395032405236e-10
 4 5.043101677714047 7.235096294249312e-11
 5 7.552496405739934 0.000000000000000
 6 8.286721594361854 0.000000000000000
 7 8.776919752519214 0.000000000000000
 8 12.70766704087025 0.000000000000000
 9 12.79049851435016 0.000000000000000
 10 17.72611560799229 0.000000000000000
 11 19.51318867030016 0.000000000000000
 12 19.62677135064170 0.000000000000000

 spin=1 k-point=456/1284 Cartesian=0.09737022496416814 0.1461634865447041 0.03838182236892686 (3776 plane wave)
 1 1.122490569639638 0.001562499999682939
 2 3.422969093099821 0.0005230763159107564
 3 4.321078780373747 9.888336108181964e-08
 4 4.929931427575098 2.243554094616790e-10
 5 6.835595668622853 0.000000000000000
 6 7.933460998024892 0.000000000000000
 7 9.156733913197968 0.000000000000000
 8 11.36694812727593 0.000000000000000
 9 12.53100793483610 0.000000000000000
 10 18.57999126854541 0.000000000000000
 11 19.46527259995957 0.000000000000000
 12 21.09263337818253 0.000000000000000

 spin=1 k-point=457/1284 Cartesian=0.1168442699570017 0.1574068316635274 0.03838182236892686 (3776 plane wave)
 1 2.220777498651664 0.001562481336660593
 2 2.245702628280713 0.001562476053812705
 3 4.505667589232407 1.561302870099459e-08
 4 5.596436961936873 2.859822911426366e-13
 5 5.729556945949278 7.554509205362012e-14
 6 7.905232476723954 0.000000000000000
 7 10.11837469207464 0.000000000000000
 8 10.17713149411688 0.000000000000000
 9 12.45755851085582 0.000000000000000
 10 18.94497266495183 0.000000000000000
 11 19.82730872235031 0.000000000000000
 12 20.33694786004175 0.000000000000000

 spin=1 k-point=458/1284 Cartesian=0.1363183149498352 0.1686501767823507 0.03838182236892686 (3776 plane wave)
 1 1.122490568944452 0.001562499999682939
 2 3.422969123949641 0.0005230762085636459
 3 4.321078680407303 9.888345992581712e-08
 4 4.929931501338382 2.243552439698045e-10
 5 6.835595707563627 0.000000000000000
 6 7.933460906206285 0.000000000000000
 7 9.156733974295614 0.000000000000000
 8 11.36694811389414 0.000000000000000
 9 12.53100793476553 0.000000000000000
 10 18.57999127071587 0.000000000000000
 11 19.46527260536033 0.000000000000000
 12 21.09263337991851 0.000000000000000

 spin=1 k-point=459/1284 Cartesian=0.1557923599426688 0.1798935219011741 0.03838182236892686 (3781 plane wave)
 1 0.1517785094607292 0.001562500000000017
 2 3.333617312437140 0.0008617537467002037
 3 4.963276034734104 1.607395464714566e-10
 4 5.043101702683404 7.235094487692182e-11
 5 7.552496393522242 0.000000000000000
 6 8.286721621552520 0.000000000000000
 7 8.776919739096414 0.000000000000000
 8 12.70766706511282 0.000000000000000
 9 12.79049848731788 0.000000000000000
 10 17.72611561242459 0.000000000000000
 11 19.51318867381476 0.000000000000000
 12 19.62677134556842 0.000000000000000

 spin=1 k-point=460/1284 Cartesian=-0.1363183149498344 0.01124334511882402 0.03838182236892686 (3783 plane wave)
 1 -0.6723815916975587 0.001562500000000037
 2 2.570913500743301 0.001561881351072164
 3 5.335609891516282 3.882370620442507e-12
 4 6.419957113263665 0.000000000000000
 5 7.114827436865087 0.000000000000000
 6 8.806261045354937 0.000000000000000
 7 9.940185810767369 0.000000000000000
 8 13.10516332075636 0.000000000000000
 9 14.26741963554587 0.000000000000000
 10 16.80829369941815 0.000000000000000
 11 17.79152143267321 0.000000000000000
 12 19.83792351163220 0.000000000000000

 spin=1 k-point=461/1284 Cartesian=-0.1168442699570009 0.02248669023764736 0.03838182236892686 (3783 plane wave)
 1 -1.347916851094785 0.001562500000000037
 2 1.914594933697252 0.001562499126505909
 3 5.728748321649733 7.615844469242493e-14
 4 6.458696012037593 0.000000000000000
 5 8.241965823387767 0.000000000000000
 6 9.343877861666185 0.000000000000000
 7 11.58989669262604 0.000000000000000
 8 13.59260857488385 0.000000000000000
 9 15.41232660791842 0.000000000000000
 10 15.90690460760687 0.000000000000000
 11 16.74654341168913 0.000000000000000
 12 19.01266365155069 0.000000000000000

 spin=1 k-point=462/1284 Cartesian=-0.09737022496416733 0.03373003535647070 0.03838182236892686 (3795 plane wave)
 1 -1.873907005199905 0.001562500000000037
 2 1.397529058853283 0.001562499995037873
 3 5.669104764428944 1.382759998832178e-13
 4 6.708047370227334 0.000000000000000
 5 9.717897560398308 0.000000000000000
 6 10.30835188723875 0.000000000000000
 7 13.31898355373300 0.000000000000000
 8 13.84948956236871 0.000000000000000
 9 14.32411345416615 0.000000000000000
 10 15.93513345289344 0.000000000000000
 11 17.19299383890373 0.000000000000000
 12 18.12445657686493 0.000000000000000

 spin=1 k-point=463/1284 Cartesian=-0.07789617997133380 0.04497338047529403 0.03838182236892686 (3792 plane wave)
 1 -2.249869532100095 0.001562500000000037
 2 1.026228329381145 0.001562499999878940
 3 5.371466679968102 2.712519696166398e-12
 4 7.464452912974071 0.000000000000000
 5 10.65158123580250 0.000000000000000
 6 11.63840535559260 0.000000000000000
 7 12.87723346344504 0.000000000000000
 8 14.75803959536807 0.000000000000000
 9 14.94604051920447 0.000000000000000
 10 15.45972897491187 0.000000000000000
 11 16.65263259149261 0.000000000000000
 12 19.38128228245636 0.000000000000000

 spin=1 k-point=464/1284 Cartesian=-0.05842213497850025 0.05621672559411737 0.03838182236892686 (3795 plane wave)
 1 -2.475537695794872 0.001562500000000037
 2 0.8028862676415196 0.001562499999987060
 3 5.169631164174508 2.041425887517552e-11
 4 8.408327786621115 0.000000000000000
 5 10.67402010315703 0.000000000000000
 6 11.71282670951990 0.000000000000000
 7 13.95559502634918 0.000000000000000
 8 14.39779943333740 0.000000000000000
 9 15.08127716418145 0.000000000000000
 10 16.34107662375595 0.000000000000000
 11 17.80320450165654 0.000000000000000
 12 18.51830038924899 0.000000000000000

 spin=1 k-point=465/1284 Cartesian=-0.03894808998566670 0.06746007071294070 0.03838182236892686 (3808 plane wave)
 1 -2.550774548520054 0.001562500000000037
 2 0.7283606691132943 0.001562499999993878
 3 5.100595562292946 4.071472400141829e-11
 4 9.461013482557465 0.000000000000000
 5 9.534215459965161 0.000000000000000
 6 12.69817662599156 0.000000000000000
 7 12.87705474425554 0.000000000000000
 8 14.85006180878996 0.000000000000000
 9 16.53689338650297 0.000000000000000
 10 16.88790314666024 0.000000000000000
 11 17.38951142837382 0.000000000000000
 12 17.47025756321178 0.000000000000000

 spin=1 k-point=466/1284 Cartesian=-0.01947404499283316 0.07870341583176405 0.03838182236892686 (3795 plane wave)
 1 -2.475537695871749 0.001562500000000037
 2 0.8028862682499273 0.001562499999987060
 3 5.169631158668103 2.041425999926759e-11
 4 8.408327803987619 0.000000000000000
 5 10.67402012573741 0.000000000000000
 6 11.71282664434764 0.000000000000000
 7 13.95559506037724 0.000000000000000
 8 14.39779943146181 0.000000000000000
 9 15.08127712261400 0.000000000000000
 10 16.34107671679684 0.000000000000000
 11 17.80320441064466 0.000000000000000
 12 18.51830045749519 0.000000000000000

 spin=1 k-point=467/1284 Cartesian=0.000000000000000 0.1124334511882338 0.03838182236892686 (3789 plane wave)
 1 -1.573356939889962 0.001562500000000037
 2 1.692083503103674 0.001562499905614575
 3 5.505673303484830 7.087952490219340e-13
 4 6.269934354226545 0.000000000000000
 5 8.975278269990616 0.000000000000000
 6 11.10799092626689 0.000000000000000
 7 12.28860261446185 0.000000000000000
 8 13.42895550953457 0.000000000000000
 9 14.41611985605326 0.000000000000000
 10 15.50693286817813 0.000000000000000
 11 16.46381643763203 0.000000000000000
 12 18.85550928097189 0.000000000000000

 spin=1 k-point=468/1284 Cartesian=0.01947404499283394 0.1236767963070574 0.03838182236892686 (3791 plane wave)
 1 -1.122809693231398 0.001562500000000037
 2 2.129763891357630 0.001562492488524044
 3 4.892053986373798 3.276696324052422e-10
 4 6.554509509362276 0.000000000000000
 5 8.231452389938298 0.000000000000000
 6 9.747109852033212 0.000000000000000
 7 12.37941724902322 0.000000000000000
 8 13.13254544591119 0.000000000000000
 9 13.63678189401946 0.000000000000000
 10 16.37907622549212 0.000000000000000
 11 16.77323290309392 0.000000000000000
 12 17.82192516603789 0.000000000000000

 spin=1 k-point=469/1284 Cartesian=0.03894808998566748 0.1349201414258807 0.03838182236892686 (3791 plane wave)
 1 -0.5226822715267779 0.001562500000000037
 2 2.697351782435035 0.001560311622788341
 3 4.345941655225207 7.711718178353721e-08
 4 6.975208205669416 0.000000000000000
 5 7.482391638350698 0.000000000000000
 6 8.308794781494441 0.000000000000000
 7 11.14977973280014 0.000000000000000
 8 12.15937345274929 0.000000000000000
 9 15.23046625256252 0.000000000000000
 10 15.55868918104149 0.000000000000000
 11 17.28218232347708 0.000000000000000
 12 18.75306631476250 0.000000000000000

 spin=1 k-point=470/1284 Cartesian=0.05842213497850103 0.1461634865447041 0.03838182236892686 (3788 plane wave)
 1 0.2262637543747525 0.001562499999999996
 2 3.301921154816574 0.0009813007563692488
 3 4.032332964196196 1.772821972888389e-06
 4 6.180753868868916 0.000000000000000
 5 7.049758569409489 0.000000000000000
 6 8.150072517297930 0.000000000000000
 7 9.653282076937680 0.000000000000000
 8 11.67330811937353 0.000000000000000
 9 13.98582905184894 0.000000000000000
 10 17.03845418495587 0.000000000000000
 11 18.13446119406838 0.000000000000000
 12 20.50988659028965 0.000000000000000

 spin=1 k-point=471/1284 Cartesian=0.07789617997133459 0.1574068316635274 0.03838182236892686 (3776 plane wave)
 1 1.122490568819227 0.001562499999682939
 2 3.422969117608953 0.0005230762306271281
 3 4.321078696925285 9.888344359329583e-08
 4 4.929931491444165 2.243552661680026e-10
 5 6.835595709790493 0.000000000000000
 6 7.933460902160117 0.000000000000000
 7 9.156733975083521 0.000000000000000
 8 11.36694811399134 0.000000000000000
 9 12.53100793704142 0.000000000000000
 10 18.57999126362310 0.000000000000000
 11 19.46527261399903 0.000000000000000
 12 21.09263336454908 0.000000000000000

 spin=1 k-point=472/1284 Cartesian=0.09737022496416814 0.1686501767823507 0.03838182236892686 (3773 plane wave)
 1 2.161911244676177 0.001562489640502114
 2 3.284859768785428 0.001042101327723938
 3 3.380589952135417 0.0006791410460570140
 4 5.565142712078141 3.910644831793132e-13
 5 6.675752235554556 0.000000000000000
 6 6.733769438091071 0.000000000000000
 7 10.06248034986984 0.000000000000000
 8 11.20321133379475 0.000000000000000
 9 11.22825896893865 0.000000000000000
 10 19.72945800567886 0.000000000000000
 11 20.59668335659360 0.000000000000000
 12 21.04469935203569 0.000000000000000

 spin=1 k-point=473/1284 Cartesian=0.1168442699570017 0.1798935219011741 0.03838182236892686 (3773 plane wave)
 1 2.161911244329028 0.001562489640502150
 2 3.284859793689872 0.001042101241286262
 3 3.380589926378417 0.0006791411449516095
 4 5.565142714091921 3.910644753041331e-13
 5 6.675752208127897 0.000000000000000
 6 6.733769464876252 0.000000000000000
 7 10.06248035068760 0.000000000000000
 8 11.20321135866385 0.000000000000000
 9 11.22825894273162 0.000000000000000
 10 19.72945800822773 0.000000000000000
 11 20.59668336972969 0.000000000000000
 12 21.04469932702768 0.000000000000000

 spin=1 k-point=474/1284 Cartesian=0.1363183149498352 0.1911368670199974 0.03838182236892686 (3776 plane wave)
 1 1.122490569681128 0.001562499999682939
 2 3.422969094380515 0.0005230763114543660
 3 4.321078775461022 9.888336593938114e-08
 4 4.929931431492973 2.243554006717129e-10
 5 6.835595664036735 0.000000000000000
 6 7.933461003807755 0.000000000000000
 7 9.156733913144873 0.000000000000000
 8 11.36694812725728 0.000000000000000
 9 12.53100793302192 0.000000000000000
 10 18.57999127178207 0.000000000000000
 11 19.46527260123904 0.000000000000000
 12 21.09263337795949 0.000000000000000

 spin=1 k-point=475/1284 Cartesian=0.1557923599426688 0.2023802121388207 0.03838182236892686 (3788 plane wave)
 1 0.2262637552629794 0.001562499999999996
 2 3.301921108605994 0.0009813009250434468
 3 4.032333047981673 1.772820489206601e-06
 4 6.180753810327876 0.000000000000000
 5 7.049758443527123 0.000000000000000
 6 8.150072783491346 0.000000000000000
 7 9.653281927185745 0.000000000000000
 8 11.67330814906368 0.000000000000000
 9 13.98582905276341 0.000000000000000
 10 17.03845419852171 0.000000000000000
 11 18.13446116248803 0.000000000000000
 12 20.50988665739963 0.000000000000000

 spin=1 k-point=476/1284 Cartesian=-0.1363183149498344 0.03373003535647069 0.03838182236892686 (3791 plane wave)
 1 -0.5226822708064456 0.001562500000000037
 2 2.697351765196907 0.001560311623165048
 3 4.345941711858868 7.711713811141143e-08
 4 6.975208038327753 0.000000000000000
 5 7.482391594391220 0.000000000000000
 6 8.308795022920481 0.000000000000000
 7 11.14977958624908 0.000000000000000
 8 12.15937352902067 0.000000000000000
 9 15.23046620478329 0.000000000000000
 10 15.55868925762799 0.000000000000000
 11 17.28218224903389 0.000000000000000
 12 18.75306639001238 0.000000000000000

 spin=1 k-point=477/1284 Cartesian=-0.1168442699570009 0.04497338047529403 0.03838182236892686 (3791 plane wave)
 1 -1.122809692697943 0.001562500000000037
 2 2.129763883284202 0.001562492488524651
 3 4.892054049284941 3.276694262645893e-10
 4 6.554509392601611 0.000000000000000
 5 8.231452420171632 0.000000000000000
 6 9.747109929906795 0.000000000000000
 7 12.37941718181444 0.000000000000000
 8 13.13254550632410 0.000000000000000
 9 13.63678182983362 0.000000000000000
 10 16.37907615219207 0.000000000000000
 11 16.77323301993181 0.000000000000000
 12 17.82192517774895 0.000000000000000

 spin=1 k-point=478/1284 Cartesian=-0.09737022496416733 0.05621672559411737 0.03838182236892686 (3789 plane wave)
 1 -1.573356939527536 0.001562500000000037
 2 1.692083498855466 0.001562499905614579
 3 5.505673408995989 7.087945011640634e-13
 4 6.269934217228808 0.000000000000000
 5 8.975278294383390 0.000000000000000
 6 11.10799092396125 0.000000000000000
 7 12.28860280949915 0.000000000000000
 8 13.42895528524328 0.000000000000000
 9 14.41611985347158 0.000000000000000
 10 15.50693274049717 0.000000000000000
 11 16.46381666480524 0.000000000000000
 12 18.85550927944676 0.000000000000000

 spin=1 k-point=479/1284 Cartesian=-0.07789617997133380 0.06746007071294070 0.03838182236892686 (3795 plane wave)
 1 -1.873907005239787 0.001562500000000037
 2 1.397529058784439 0.001562499995037873
 3 5.669104763857104 1.382760006739361e-13
 4 6.708047371477045 0.000000000000000
 5 9.717897560723236 0.000000000000000
 6 10.30835188586170 0.000000000000000
 7 13.31898355342197 0.000000000000000
 8 13.84948956500766 0.000000000000000
 9 14.32411345196948 0.000000000000000
 10 15.93513345399256 0.000000000000000
 11 17.19299384460438 0.000000000000000
 12 18.12445656956648 0.000000000000000

 spin=1 k-point=480/1284 Cartesian=-0.05842213497850025 0.07870341583176403 0.03838182236892686 (3794 plane wave)
 1 -2.024232726663615 0.001562500000000037
 2 1.249686791165031 0.001562499998868678
 3 5.582805799217582 3.277468627057224e-13
 4 7.673265765681026 0.000000000000000
 5 8.817765935943790 0.000000000000000
 6 10.96691239433577 0.000000000000000
 7 12.12825871311333 0.000000000000000
 8 14.96996933724181 0.000000000000000
 9 15.50890458373809 0.000000000000000
 10 16.41625354285823 0.000000000000000
 11 16.75684532175947 0.000000000000000
 12 18.51643954682230 0.000000000000000

 spin=1 k-point=481/1284 Cartesian=-0.03894808998566670 0.08994676095058737 0.03838182236892686 (3794 plane wave)
 1 -2.024232726732039 0.001562500000000037
 2 1.249686791816996 0.001562499998868678
 3 5.582805789241275 3.277468954027668e-13
 4 7.673265792197662 0.000000000000000
 5 8.817765935135785 0.000000000000000
 6 10.96691232407206 0.000000000000000
 7 12.12825877766865 0.000000000000000
 8 14.96996938979615 0.000000000000000
 9 15.50890446709726 0.000000000000000
 10 16.41625345403667 0.000000000000000
 11 16.75684549731001 0.000000000000000
 12 18.51643952987390 0.000000000000000

 spin=1 k-point=482/1284 Cartesian=-0.01947404499283316 0.1011901060694107 0.03838182236892686 (3795 plane wave)
 1 -1.873907005449189 0.001562500000000037
 2 1.397529060913136 0.001562499995037873
 3 5.669104713423782 1.382760704111508e-13
 4 6.708047443663934 0.000000000000000
 5 9.717897613859328 0.000000000000000
 6 10.30835177236530 0.000000000000000
 7 13.31898361065663 0.000000000000000
 8 13.84948945564718 0.000000000000000
 9 14.32411357589371 0.000000000000000
 10 15.93513346102586 0.000000000000000
 11 17.19299377396791 0.000000000000000
 12 18.12445657896348 0.000000000000000

 spin=1 k-point=483/1284 Cartesian=0.000000000000000 0.1349201414258805 0.03838182236892686 (3793 plane wave)
 1 -0.7478649554142731 0.001562500000000037
 2 2.475906470160120 0.001562260701849979
 3 4.124291639798337 7.072777172783007e-07
 4 6.776419787761758 0.000000000000000
 5 7.571372081833573 0.000000000000000
 6 10.72896627016329 0.000000000000000
 7 11.44756794438494 0.000000000000000
 8 12.42616910696647 0.000000000000000
 9 14.03741321747167 0.000000000000000
 10 15.31348835901801 0.000000000000000
 11 16.99360755056283 0.000000000000000
 12 18.47874964704981 0.000000000000000

 spin=1 k-point=484/1284 Cartesian=0.01947404499283394 0.1461634865447040 0.03838182236892686 (3790 plane wave)
 1 -0.2235039000609433 0.001562500000000036
 2 2.860910704475489 0.001551332823796771
 3 3.597120448202620 0.0001266356409662889
 4 6.569904032698859 0.000000000000000
 5 7.578934538599253 0.000000000000000
 6 9.423639140977798 0.000000000000000
 7 11.06432652796249 0.000000000000000
 8 12.76461520144933 0.000000000000000
 9 13.32081762322246 0.000000000000000
 10 16.37950116124972 0.000000000000000
 11 16.89167818389277 0.000000000000000
 12 17.93455800906199 0.000000000000000

 spin=1 k-point=485/1284 Cartesian=0.03894808998566748 0.1574068316635274 0.03838182236892686 (3788 plane wave)
 1 0.4494895392390590 0.001562499999999658
 2 2.756763924170091 0.001558540388129595
 3 3.846086868805377 1.134618112983043e-05
 4 6.100944147891079 1.842008946062915e-15
 5 7.537769259745527 0.000000000000000
 6 8.413798735402585 0.000000000000000
 7 10.45817194453059 0.000000000000000
 8 11.26389723715598 0.000000000000000
 9 15.05956367601091 0.000000000000000
 10 15.34861378353050 0.000000000000000
 11 17.94785364650204 0.000000000000000
 12 18.74307957614404 0.000000000000000

 spin=1 k-point=486/1284 Cartesian=0.05842213497850103 0.1686501767823507 0.03838182236892686 (3782 plane wave)
 1 1.269556682976306 0.001562499998619989
 2 2.441915217253177 0.001562329652275582
 3 4.570060023250464 8.200425023066504e-09
 4 5.648451119325416 1.699982577701799e-13
 5 6.270056468722389 0.000000000000000
 6 8.830533251971001 0.000000000000000
 7 9.612346615892523 0.000000000000000
 8 10.44250178086576 0.000000000000000
 9 13.84387896311697 0.000000000000000
 10 16.99110466086576 0.000000000000000
 11 18.99754149629300 0.000000000000000
 12 20.09417933286185 0.000000000000000

 spin=1 k-point=487/1284 Cartesian=0.07789617997133459 0.1798935219011741 0.03838182236892686 (3776 plane wave)
 1 2.220777528769527 0.001562481336654972
 2 2.245702595771943 0.001562476053820489
 3 4.505667598558600 1.561302724490755e-08
 4 5.596436931929827 2.859823769575057e-13
 5 5.729556969214054 7.554507447822164e-14
 6 7.905232475312194 0.000000000000000
 7 10.11837472325884 0.000000000000000
 8 10.17713146407791 0.000000000000000
 9 12.45755851224982 0.000000000000000
 10 18.94497265730165 0.000000000000000
 11 19.82730874951940 0.000000000000000
 12 20.33694783542718 0.000000000000000

 spin=1 k-point=488/1284 Cartesian=0.09737022496416814 0.1911368670199974 0.03838182236892686 (3773 plane wave)
 1 2.161911244265377 0.001562489640502156
 2 3.284859765070068 0.001042101340619107
 3 3.380589956758212 0.0006791410283076832
 4 5.565142710485997 3.910644894056243e-13
 5 6.675752239627938 0.000000000000000
 6 6.733769434920466 0.000000000000000
 7 10.06248035147109 0.000000000000000
 8 11.20321132778305 0.000000000000000
 9 11.22825897375520 0.000000000000000
 10 19.72945800846391 0.000000000000000
 11 20.59668335130748 0.000000000000000
 12 21.04469935519782 0.000000000000000

 spin=1 k-point=489/1284 Cartesian=0.1168442699570017 0.2023802121388207 0.03838182236892686 (3776 plane wave)
 1 2.220777502791040 0.001562481336659820
 2 2.245702623329702 0.001562476053813890
 3 4.505667591855270 1.561302829149003e-08
 4 5.596436957534783 2.859823037318370e-13
 5 5.729556947267474 7.554509105778718e-14
 6 7.905232478223556 0.000000000000000
 7 10.11837469835744 0.000000000000000
 8 10.17713148875945 0.000000000000000
 9 12.45755851031871 0.000000000000000
 10 18.94497266667688 0.000000000000000
 11 19.82730872641202 0.000000000000000
 12 20.33694785320471 0.000000000000000

 spin=1 k-point=490/1284 Cartesian=0.1363183149498352 0.2136235572576441 0.03838182236892686 (3782 plane wave)
 1 1.269556685671492 0.001562499998619989
 2 2.441915207440564 0.001562329652292295
 3 4.570060073734437 8.200420883187924e-09
 4 5.648451044963513 1.699983841841959e-13
 5 6.270056471796460 0.000000000000000
 6 8.830533435832756 0.000000000000000
 7 9.612346377223343 0.000000000000000
 8 10.44250186424670 0.000000000000000
 9 13.84387896190441 0.000000000000000
 10 16.99110466707209 0.000000000000000
 11 18.99754145268054 0.000000000000000
 12 20.09417944699493 0.000000000000000

 spin=1 k-point=491/1284 Cartesian=0.1557923599426688 0.2248669023764674 0.03838182236892686 (3788 plane wave)
 1 0.4494895411329735 0.001562499999999658
 2 2.756763893325099 0.001558540389347842
 3 3.846086931925191 1.134617402014744e-05
 4 6.100944078237990 1.842010229079813e-15
 5 7.537769167987895 0.000000000000000
 6 8.413798955050982 0.000000000000000
 7 10.45817175525330 0.000000000000000
 8 11.26389733417092 0.000000000000000
 9 15.05956365177887 0.000000000000000
 10 15.34861381748603 0.000000000000000
 11 17.94785355280640 0.000000000000000
 12 18.74307970609986 0.000000000000000

 spin=1 k-point=492/1284 Cartesian=-0.1363183149498344 0.05621672559411736 0.03838182236892686 (3790 plane wave)
 1 -0.2235038987749742 0.001562500000000036
 2 2.860910650137833 0.001551332829821385
 3 3.597120535277152 0.0001266355396357299
 4 6.569903909010243 0.000000000000000
 5 7.578934600264859 0.000000000000000
 6 9.423639235639229 0.000000000000000
 7 11.06432645367271 0.000000000000000
 8 12.76461521937098 0.000000000000000
 9 13.32081760088982 0.000000000000000
 10 16.37950112174604 0.000000000000000
 11 16.89167823194662 0.000000000000000
 12 17.93455805489744 0.000000000000000

 spin=1 k-point=493/1284 Cartesian=-0.1168442699570009 0.06746007071294070 0.03838182236892686 (3793 plane wave)
 1 -0.7478649545667688 0.001562500000000037
 2 2.475906450858839 0.001562260701896160
 3 4.124291697715053 7.072773078317160e-07
 4 6.776419613022245 0.000000000000000
 5 7.571372210045798 0.000000000000000
 6 10.72896626796608 0.000000000000000
 7 11.44756810787967 0.000000000000000
 8 12.42616892763610 0.000000000000000
 9 14.03741321510446 0.000000000000000
 10 15.31348831421483 0.000000000000000
 11 16.99360769224853 0.000000000000000
 12 18.47874964516582 0.000000000000000

 spin=1 k-point=494/1284 Cartesian=-0.09737022496416733 0.07870341583176403 0.03838182236892686 (3791 plane wave)
 1 -1.122809692747012 0.001562500000000037
 2 2.129763883166961 0.001562492488524659
 3 4.892054049342106 3.276694260772779e-10
 4 6.554509393162473 0.000000000000000
 5 8.231452420014518 0.000000000000000
 6 9.747109929496789 0.000000000000000
 7 12.37941718192882 0.000000000000000
 8 13.13254550568111 0.000000000000000
 9 13.63678183010496 0.000000000000000
 10 16.37907615321053 0.000000000000000
 11 16.77323302677543 0.000000000000000
 12 17.82192516818800 0.000000000000000

 spin=1 k-point=495/1284 Cartesian=-0.07789617997133380 0.08994676095058737 0.03838182236892686 (3783 plane wave)
 1 -1.347916851186300 0.001562500000000037
 2 1.914594933501196 0.001562499126505911
 3 5.728748320057791 7.615844590482337e-14
 4 6.458696015603547 0.000000000000000
 5 8.241965822802271 0.000000000000000
 6 9.343877859479599 0.000000000000000
 7 11.58989669469711 0.000000000000000
 8 13.59260857182673 0.000000000000000
 9 15.41232661018698 0.000000000000000
 10 15.90690461837519 0.000000000000000
 11 16.74654340103361 0.000000000000000
 12 19.01266365140459 0.000000000000000

 spin=1 k-point=496/1284 Cartesian=-0.05842213497850025 0.1011901060694107 0.03838182236892686 (3789 plane wave)
 1 -1.422974252810538 0.001562500000000037
 2 1.842177990102403 0.001562499576593803
 3 6.050745002180614 3.043013704785512e-15
 4 6.993973395839901 0.000000000000000
 5 7.235858373665598 0.000000000000000
 6 10.28634156557740 0.000000000000000
 7 10.46542747966893 0.000000000000000
 8 14.51921248482565 0.000000000000000
 9 14.80147285085089 0.000000000000000
 10 16.25163636042327 0.000000000000000
 11 17.95868600430920 0.000000000000000
 12 18.19003702380245 0.000000000000000

 spin=1 k-point=497/1284 Cartesian=-0.03894808998566670 0.1124334511882340 0.03838182236892686 (3783 plane wave)
 1 -1.347916851430221 0.001562500000000037
 2 1.914594936705686 0.001562499126505883
 3 5.728748218288233 7.615852341099588e-14
 4 6.458696153685303 0.000000000000000
 5 8.241965851319298 0.000000000000000
 6 9.343877732597038 0.000000000000000
 7 11.58989678095251 0.000000000000000
 8 13.59260854863394 0.000000000000000
 9 15.41232663995273 0.000000000000000
 10 15.90690449607354 0.000000000000000
 11 16.74654351845253 0.000000000000000
 12 19.01266360606174 0.000000000000000

 spin=1 k-point=498/1284 Cartesian=-0.01947404499283316 0.1236767963070574 0.03838182236892686 (3791 plane wave)
 1 -1.122809693262379 0.001562500000000037
 2 2.129763891265738 0.001562492488524051
 3 4.892053986480400 3.276696320559410e-10
 4 6.554509509347000 0.000000000000000
 5 8.231452389797591 0.000000000000000
 6 9.747109852224735 0.000000000000000
 7 12.37941724954236 0.000000000000000
 8 13.13254544477957 0.000000000000000
 9 13.63678189536868 0.000000000000000
 10 16.37907622631082 0.000000000000000
 11 16.77323290304964 0.000000000000000
 12 17.82192516310013 0.000000000000000

 spin=1 k-point=499/1284 Cartesian=0.000000000000000 0.1574068316635272 0.03838182236892686 (3790 plane wave)
 1 0.2246266274795613 0.001562499999999997
 2 2.532204289221340 0.001562079866367391
 3 3.630312544935507 9.299550885566579e-05
 4 5.899299096138083 1.383646925541147e-14
 5 7.974515059539855 0.000000000000000
 6 10.22907325096422 0.000000000000000
 7 10.50150213596171 0.000000000000000
 8 12.05742743156165 0.000000000000000
 9 13.81012774120670 0.000000000000000
 10 15.12901399909823 0.000000000000000
 11 17.77318643598197 0.000000000000000
 12 18.25239079903840 0.000000000000000

 spin=1 k-point=500/1284 Cartesian=0.01947404499283394 0.1686501767823507 0.03838182236892686 (3781 plane wave)
 1 0.8206156387824449 0.001562499999984543
 2 1.993637782676363 0.001562498074522250
 3 4.164691589401096 4.722810528293571e-07
 4 5.324191128385917 4.351991736138721e-12
 5 8.451140609851679 0.000000000000000
 6 9.218481619605534 0.000000000000000
 7 9.892284217410715 0.000000000000000
 8 12.60101198368023 0.000000000000000
 9 13.16978140078024 0.000000000000000
 10 16.24192880129302 0.000000000000000
 11 16.95363277810514 0.000000000000000
 12 18.66062979053829 0.000000000000000

 spin=1 k-point=501/1284 Cartesian=0.03894808998566748 0.1798935219011741 0.03838182236892686 (3780 plane wave)
 1 1.558083815468913 0.001562499975285542
 2 1.565977533901090 0.001562499973255583
 3 4.829267945350014 6.139210049093103e-10
 4 4.932462782638538 2.187474549362075e-10
 5 7.557566566135823 0.000000000000000
 6 9.185448794733295 0.000000000000000
 7 9.509451540798242 0.000000000000000
 8 11.09749514054177 0.000000000000000
 9 14.99714602923986 0.000000000000000
 10 15.27808866510424 0.000000000000000
 11 18.15179235906340 0.000000000000000
 12 19.46189204708891 0.000000000000000

 spin=1 k-point=502/1284 Cartesian=0.05842213497850103 0.1911368670199974 0.03838182236892686 (3782 plane wave)
 1 1.269556685255137 0.001562499998619989
 2 2.441915206579000 0.001562329652293763
 3 4.570060079021190 8.200420449654075e-09
 4 5.648451039428192 1.699983935941552e-13
 5 6.270056475688211 0.000000000000000
 6 8.830533422104718 0.000000000000000
 7 9.612346393180719 0.000000000000000
 8 10.44250185883043 0.000000000000000
 9 13.84387896450276 0.000000000000000
 10 16.99110466387388 0.000000000000000
 11 18.99754145857235 0.000000000000000
 12 20.09417943637901 0.000000000000000

 spin=1 k-point=503/1284 Cartesian=0.07789617997133459 0.2023802121388208 0.03838182236892686 (3776 plane wave)
 1 1.122490569257524 0.001562499999682939
 2 3.422969090069937 0.0005230763264537462
 3 4.321078790165030 9.888335140048049e-08
 4 4.929931420639064 2.243554250230475e-10
 5 6.835595669546870 0.000000000000000
 6 7.933460994540793 0.000000000000000
 7 9.156733918410918 0.000000000000000
 8 11.36694812503784 0.000000000000000
 9 12.53100793605612 0.000000000000000
 10 18.57999126874144 0.000000000000000
 11 19.46527260186627 0.000000000000000
 12 21.09263336870423 0.000000000000000

 spin=1 k-point=504/1284 Cartesian=0.09737022496416814 0.2136235572576441 0.03838182236892686 (3776 plane wave)
 1 1.122490568522848 0.001562499999682939
 2 3.422969120637529 0.0005230762200886909
 3 4.321078691340112 9.888344911575964e-08
 4 4.929931493336530 2.243552619223827e-10
 5 6.835595709314598 0.000000000000000
 6 7.933460903692270 0.000000000000000
 7 9.156733976233612 0.000000000000000
 8 11.36694811419802 0.000000000000000
 9 12.53100793554807 0.000000000000000
 10 18.57999127101161 0.000000000000000
 11 19.46527260359246 0.000000000000000
 12 21.09263337332070 0.000000000000000

 spin=1 k-point=505/1284 Cartesian=0.1168442699570017 0.2248669023764674 0.03838182236892686 (3782 plane wave)
 1 1.269556682719038 0.001562499998619989
 2 2.441915219073647 0.001562329652272481
 3 4.570060017621381 8.200425484672956e-09
 4 5.648451123821299 1.699982501272541e-13
 5 6.270056466372464 0.000000000000000
 6 8.830533260380999 0.000000000000000
 7 9.612346608774365 0.000000000000000
 8 10.44250178239597 0.000000000000000
 9 13.84387896109634 0.000000000000000
 10 16.99110466528702 0.000000000000000
 11 18.99754148585595 0.000000000000000
 12 20.09417934297743 0.000000000000000

 spin=1 k-point=506/1284 Cartesian=0.1363183149498352 0.2361102474952907 0.03838182236892686 (3780 plane wave)
 1 1.558083789386546 0.001562499975285549
 2 1.565977561043119 0.001562499973255576
 3 4.829267917385520 6.139211765892120e-10
 4 4.932462808366820 2.187473986562476e-10
 5 7.557566563677066 0.000000000000000
 6 9.185448821427002 0.000000000000000
 7 9.509451517617620 0.000000000000000
 8 11.09749514110101 0.000000000000000
 9 14.99714603203211 0.000000000000000
 10 15.27808866194628 0.000000000000000
 11 18.15179235311985 0.000000000000000
 12 19.46189207227391 0.000000000000000

 spin=1 k-point=507/1284 Cartesian=0.1557923599426688 0.2473535926141141 0.03838182236892686 (3781 plane wave)
 1 0.8206156422218158 0.001562499999984543
 2 1.993637771212012 0.001562498074522470
 3 4.164691631792572 4.722808526829624e-07
 4 5.324191079786663 4.351993851175290e-12
 5 8.451140561497539 0.000000000000000
 6 9.218481796352167 0.000000000000000
 7 9.892284101245313 0.000000000000000
 8 12.60101198772716 0.000000000000000
 9 13.16978139672019 0.000000000000000
 10 16.24192879071409 0.000000000000000
 11 16.95363278277370 0.000000000000000
 12 18.66062985370229 0.000000000000000

 spin=1 k-point=508/1284 Cartesian=-0.1363183149498344 0.07870341583176405 0.03838182236892686 (3790 plane wave)
 1 0.2246266295877966 0.001562499999999997
 2 2.532204257112385 0.001562079866502256
 3 3.630312607543289 9.299545409847352e-05
 4 5.899299028434786 1.383647862316280e-14
 5 7.974515087440256 0.000000000000000
 6 10.22907330547488 0.000000000000000
 7 10.50150213380744 0.000000000000000
 8 12.05742737671162 0.000000000000000
 9 13.81012773895520 0.000000000000000
 10 15.12901398388385 0.000000000000000
 11 17.77318654922588 0.000000000000000
 12 18.25239079685949 0.000000000000000

 spin=1 k-point=509/1284 Cartesian=-0.1168442699570009 0.08994676095058739 0.03838182236892686 (3790 plane wave)
 1 -0.2235038988310891 0.001562500000000036
 2 2.860910649813481 0.001551332829857347
 3 3.597120535683455 0.0001266355391629069
 4 6.569903909207987 0.000000000000000
 5 7.578934600153070 0.000000000000000
 6 9.423639235743147 0.000000000000000
 7 11.06432645341393 0.000000000000000
 8 12.76461521861220 0.000000000000000
 9 13.32081760126713 0.000000000000000
 10 16.37950112262989 0.000000000000000
 11 16.89167823891383 0.000000000000000
 12 17.93455804430427 0.000000000000000

 spin=1 k-point=510/1284 Cartesian=-0.09737022496416733 0.1011901060694107 0.03838182236892686 (3791 plane wave)
 1 -0.5226822709150712 0.001562500000000037
 2 2.697351764775793 0.001560311623174250
 3 4.345941712420563 7.711713767826887e-08
 4 6.975208039856887 0.000000000000000
 5 7.482391594438276 0.000000000000000
 6 8.308795020727533 0.000000000000000
 7 11.14977958865698 0.000000000000000
 8 12.15937352617859 0.000000000000000
 9 15.23046620452759 0.000000000000000
 10 15.55868926386321 0.000000000000000
 11 17.28218224407432 0.000000000000000
 12 18.75306638833390 0.000000000000000

 spin=1 k-point=511/1284 Cartesian=-0.07789617997133380 0.1124334511882341 0.03838182236892686 (3783 plane wave)
 1 -0.6723815918551892 0.001562500000000037
 2 2.570913500211474 0.001561881351075452
 3 5.335609891363793 3.882370626362676e-12
 4 6.419957118052018 0.000000000000000
 5 7.114827434863767 0.000000000000000
 6 8.806261039362854 0.000000000000000
 7 9.940185815716594 0.000000000000000
 8 13.10516331716211 0.000000000000000
 9 14.26741964136023 0.000000000000000
 10 16.80829369956608 0.000000000000000
 11 17.79152142875944 0.000000000000000
 12 19.83792351285344 0.000000000000000

 spin=1 k-point=512/1284 Cartesian=-0.05842213497850025 0.1236767963070574 0.03838182236892686 (3783 plane wave)
 1 -0.6723815920702865 0.001562500000000037
 2 2.570913504495770 0.001561881351048958
 3 5.335609831446474 3.882372952576358e-12
 4 6.419957218741422 0.000000000000000
 5 7.114827442873600 0.000000000000000
 6 8.806260897685421 0.000000000000000
 7 9.940185915636279 0.000000000000000
 8 13.10516331024450 0.000000000000000
 9 14.26741963213437 0.000000000000000
 10 16.80829368981620 0.000000000000000
 11 17.79152145465839 0.000000000000000
 12 19.83792350979469 0.000000000000000

 spin=1 k-point=513/1284 Cartesian=-0.03894808998566670 0.1349201414258807 0.03838182236892686 (3791 plane wave)
 1 -0.5226822715962928 0.001562500000000037
 2 2.697351782197920 0.001560311622793522
 3 4.345941655482125 7.711718158541905e-08
 4 6.975208205897514 0.000000000000000
 5 7.482391637883500 0.000000000000000
 6 8.308794781438728 0.000000000000000
 7 11.14977973530884 0.000000000000000
 8 12.15937345082387 0.000000000000000
 9 15.23046625381950 0.000000000000000
 10 15.55868918033053 0.000000000000000
 11 17.28218232318525 0.000000000000000
 12 18.75306631358411 0.000000000000000

 spin=1 k-point=514/1284 Cartesian=-0.01947404499283316 0.1461634865447041 0.03838182236892686 (3790 plane wave)
 1 -0.2235039000991992 0.001562500000000036
 2 2.860910704381963 0.001551332823807140
 3 3.597120448289389 0.0001266356408653148
 4 6.569904032719322 0.000000000000000
 5 7.578934538491048 0.000000000000000
 6 9.423639141388518 0.000000000000000
 7 11.06432652753495 0.000000000000000
 8 12.76461520153632 0.000000000000000
 9 13.32081762391577 0.000000000000000
 10 16.37950116115478 0.000000000000000
 11 16.89167818398234 0.000000000000000
 12 17.93455800646858 0.000000000000000

 spin=1 k-point=515/1284 Cartesian=0.000000000000000 0.1798935219011738 0.03838182236892686 (3784 plane wave)
 1 1.335731495043494 0.001562499997325259
 2 1.339255260078497 0.001562499997229326
 3 4.629509411310332 4.525347233222106e-09
 4 4.709791214698097 2.027650388908929e-09
 5 9.015571579741195 0.000000000000000
 6 9.046967228532729 0.000000000000000
 7 10.42567355718621 0.000000000000000
 8 11.95976603571188 0.000000000000000
 9 13.73435683978039 0.000000000000000
 10 15.06293089740145 0.000000000000000
 11 18.17689782087292 0.000000000000000
 12 18.33199709256580 0.000000000000000

 spin=1 k-point=516/1284 Cartesian=0.01947404499283394 0.1911368670199974 0.03838182236892686 (3781 plane wave)
 1 0.8206156417750115 0.001562499999984543
 2 1.993637770761459 0.001562498074522479
 3 4.164691634272439 4.722808409745581e-07
 4 5.324191079706031 4.351993854684345e-12
 5 8.451140563019139 0.000000000000000
 6 9.218481788297911 0.000000000000000
 7 9.892284105925182 0.000000000000000
 8 12.60101198838436 0.000000000000000
 9 13.16978139379462 0.000000000000000
 10 16.24192879510993 0.000000000000000
 11 16.95363278730893 0.000000000000000
 12 18.66062984866016 0.000000000000000

 spin=1 k-point=517/1284 Cartesian=0.03894808998566748 0.2023802121388207 0.03838182236892686 (3788 plane wave)
 1 0.4494895407417084 0.001562499999999658
 2 2.756763892351812 0.001558540389386283
 3 3.846086934129910 1.134617377181258e-05
 4 6.100944079388288 1.842010207891186e-15
 5 7.537769170921043 0.000000000000000
 6 8.413798946542748 0.000000000000000
 7 10.45817176119186 0.000000000000000
 8 11.26389733129748 0.000000000000000
 9 15.05956364872526 0.000000000000000
 10 15.34861382258575 0.000000000000000
 11 17.94785355802622 0.000000000000000
 12 18.74307969735479 0.000000000000000

 spin=1 k-point=518/1284 Cartesian=0.05842213497850103 0.2136235572576441 0.03838182236892686 (3788 plane wave)
 1 0.2262637549046364 0.001562499999999996
 2 3.301921106703099 0.0009813009319892415
 3 4.032333051286230 1.772820430689190e-06
 4 6.180753808648908 0.000000000000000
 5 7.049758451368071 0.000000000000000
 6 8.150072770463163 0.000000000000000
 7 9.653281934188412 0.000000000000000
 8 11.67330814681515 0.000000000000000
 9 13.98582905651772 0.000000000000000
 10 17.03845419589695 0.000000000000000
 11 18.13446116235790 0.000000000000000
 12 20.50988665623215 0.000000000000000

 spin=1 k-point=519/1284 Cartesian=0.07789617997133459 0.2248669023764674 0.03838182236892686 (3781 plane wave)
 1 0.1517785091157907 0.001562500000000017
 2 3.333617311329896 0.0008617537509794508
 3 4.963276066395934 1.607394955783757e-10
 4 5.043101672227362 7.235096691216342e-11
 5 7.552496405327921 0.000000000000000
 6 8.286721590802161 0.000000000000000
 7 8.776919758817666 0.000000000000000
 8 12.70766703527897 0.000000000000000
 9 12.79049851910159 0.000000000000000
 10 17.72611561052777 0.000000000000000
 11 19.51318867135208 0.000000000000000
 12 19.62677134647581 0.000000000000000

 spin=1 k-point=520/1284 Cartesian=0.09737022496416814 0.2361102474952907 0.03838182236892686 (3788 plane wave)
 1 0.2262637542162701 0.001562499999999996
 2 3.301921158106331 0.0009813007443612381
 3 4.032332959859751 1.772822049678635e-06
 4 6.180753868687656 0.000000000000000
 5 7.049758567032587 0.000000000000000
 6 8.150072522874320 0.000000000000000
 7 9.653282076322100 0.000000000000000
 8 11.67330811927759 0.000000000000000
 9 13.98582905026350 0.000000000000000
 10 17.03845419174825 0.000000000000000
 11 18.13446118642072 0.000000000000000
 12 20.50988659037427 0.000000000000000

 spin=1 k-point=521/1284 Cartesian=0.1168442699570017 0.2473535926141141 0.03838182236892686 (3788 plane wave)
 1 0.4494895391696257 0.001562499999999658
 2 2.756763926975410 0.001558540388018797
 3 3.846086864493721 1.134618161548640e-05
 4 6.100944148137663 1.842008941520811e-15
 5 7.537769255924980 0.000000000000000
 6 8.413798742920113 0.000000000000000
 7 10.45817194326463 0.000000000000000
 8 11.26389723649429 0.000000000000000
 9 15.05956367869549 0.000000000000000
 10 15.34861378201870 0.000000000000000
 11 17.94785364042901 0.000000000000000
 12 18.74307957753797 0.000000000000000

 spin=1 k-point=522/1284 Cartesian=0.1363183149498352 0.2585969377329374 0.03838182236892686 (3781 plane wave)
 1 0.8206156387916380 0.001562499999984543
 2 1.993637784073661 0.001562498074522222
 3 4.164691585458246 4.722810714450698e-07
 4 5.324191129652070 4.351991681035800e-12
 5 8.451140606130728 0.000000000000000
 6 9.218481630611549 0.000000000000000
 7 9.892284211916760 0.000000000000000
 8 12.60101198275071 0.000000000000000
 9 13.16978140394397 0.000000000000000
 10 16.24192879697681 0.000000000000000
 11 16.95363277668512 0.000000000000000
 12 18.66062978520533 0.000000000000000

 spin=1 k-point=523/1284 Cartesian=0.1557923599426688 0.2698402828517608 0.03838182236892686 (3784 plane wave)
 1 1.335731468934855 0.001562499997325260
 2 1.339255287154763 0.001562499997229325
 3 4.629509383407366 4.525348495925014e-09
 4 4.709791240364129 2.027649868492137e-09
 5 9.015571553995258 0.000000000000000
 6 9.046967256748712 0.000000000000000
 7 10.42567355504261 0.000000000000000
 8 11.95976604034201 0.000000000000000
 9 13.73435683762308 0.000000000000000
 10 15.06293089596630 0.000000000000000
 11 18.17689781852584 0.000000000000000
 12 18.33199707741483 0.000000000000000

 spin=1 k-point=524/1284 Cartesian=0.1363183149498352 0.2585969377329374 -0.03838182236892639 (3781 plane wave)
 1 0.8206156421674063 0.001562499999984543
 2 1.993637771230534 0.001562498074522470
 3 4.164691631831698 4.722808524982267e-07
 4 5.324191079769895 4.351993851904991e-12
 5 8.451140561543230 0.000000000000000
 6 9.218481797171972 0.000000000000000
 7 9.892284100417614 0.000000000000000
 8 12.60101198699637 0.000000000000000
 9 13.16978139693806 0.000000000000000
 10 16.24192879199888 0.000000000000000
 11 16.95363278472458 0.000000000000000
 12 18.66062984629728 0.000000000000000

 spin=1 k-point=525/1284 Cartesian=0.1168442699570017 0.2473535926141141 -0.03838182236892639 (3788 plane wave)
 1 0.4494895410175413 0.001562499999999658
 2 2.756763893043058 0.001558540389358981
 3 3.846086932401370 1.134617396651173e-05
 4 6.100944078263565 1.842010228608720e-15
 5 7.537769168871620 0.000000000000000
 6 8.413798953673725 0.000000000000000
 7 10.45817175754659 0.000000000000000
 8 11.26389733155137 0.000000000000000
 9 15.05956365151780 0.000000000000000
 10 15.34861382058892 0.000000000000000
 11 17.94785355214854 0.000000000000000
 12 18.74307970180618 0.000000000000000

 spin=1 k-point=526/1284 Cartesian=0.09737022496416814 0.2361102474952907 -0.03838182236892639 (3788 plane wave)
 1 0.2262637550865745 0.001562499999999996
 2 3.301921106754530 0.0009813009318015134
 3 4.032333050433366 1.772820445791781e-06
 4 6.180753810294084 0.000000000000000
 5 7.049758445756171 0.000000000000000
 6 8.150072778505024 0.000000000000000
 7 9.653281930655204 0.000000000000000
 8 11.67330814711610 0.000000000000000
 9 13.98582905508739 0.000000000000000
 10 17.03845420056984 0.000000000000000
 11 18.13446115746408 0.000000000000000
 12 20.50988665731473 0.000000000000000

 spin=1 k-point=527/1284 Cartesian=0.07789617997133459 0.2248669023764674 -0.03838182236892639 (3781 plane wave)
 1 0.1517785092228273 0.001562500000000017
 2 3.333617310072952 0.0008617537558372552
 3 4.963276066433344 1.607394955182430e-10
 4 5.043101674527488 7.235096524799937e-11
 5 7.552496403087613 0.000000000000000
 6 8.286721590385913 0.000000000000000
 7 8.776919760563491 0.000000000000000
 8 12.70766703501770 0.000000000000000
 9 12.79049851861811 0.000000000000000
 10 17.72611561103961 0.000000000000000
 11 19.51318867164963 0.000000000000000
 12 19.62677134565647 0.000000000000000

 spin=1 k-point=528/1284 Cartesian=-0.05842213497850025 0.1461634865447040 0.03838182236892686 (3788 plane wave)
 1 0.2262637542593748 0.001562499999999996
 2 3.301921154326152 0.0009813007581593509
 3 4.032332964613593 1.772821965497072e-06
 4 6.180753869035267 0.000000000000000
 5 7.049758570409829 0.000000000000000
 6 8.150072514079303 0.000000000000000
 7 9.653282080996235 0.000000000000000
 8 11.67330811827576 0.000000000000000
 9 13.98582905089141 0.000000000000000
 10 17.03845418674182 0.000000000000000
 11 18.13446119289834 0.000000000000000
 12 20.50988659004329 0.000000000000000

 spin=1 k-point=529/1284 Cartesian=-0.03894808998566670 0.1574068316635274 0.03838182236892686 (3788 plane wave)
 1 0.4494895391553557 0.001562499999999658
 2 2.756763924246107 0.001558540388126592
 3 3.846086868641819 1.134618114825324e-05
 4 6.100944147810658 1.842008947544277e-15
 5 7.537769261139158 0.000000000000000
 6 8.413798733573122 0.000000000000000
 7 10.45817194637293 0.000000000000000
 8 11.26389723646013 0.000000000000000
 9 15.05956367643374 0.000000000000000
 10 15.34861378239634 0.000000000000000
 11 17.94785364733938 0.000000000000000
 12 18.74307957397648 0.000000000000000

 spin=1 k-point=530/1284 Cartesian=-0.01947404499283316 0.1686501767823507 0.03838182236892686 (3781 plane wave)
 1 0.8206156387374279 0.001562499999984543
 2 1.993637782741854 0.001562498074522248
 3 4.164691589270725 4.722810534448897e-07
 4 5.324191128412282 4.351991734991318e-12
 5 8.451140610143643 0.000000000000000
 6 9.218481620452694 0.000000000000000
 7 9.892284215998689 0.000000000000000
 8 12.60101198438429 0.000000000000000
 9 13.16978140095632 0.000000000000000
 10 16.24192880096502 0.000000000000000
 11 16.95363277677932 0.000000000000000
 12 18.66062978922330 0.000000000000000

 spin=1 k-point=531/1284 Cartesian=0.000000000000000 0.1574068316635272 -0.03838182236892639 (3790 plane wave)
 1 0.2246266292843330 0.001562499999999997
 2 2.532204256462010 0.001562079866504987
 3 3.630312609035260 9.299545279358553e-05
 4 5.899299029978966 1.383647840950258e-14
 5 7.974515085331714 0.000000000000000
 6 10.22907330446949 0.000000000000000
 7 10.50150213596733 0.000000000000000
 8 12.05742737175329 0.000000000000000
 9 13.81012774114522 0.000000000000000
 10 15.12901398560837 0.000000000000000
 11 17.77318655547424 0.000000000000000
 12 18.25239079924821 0.000000000000000

 spin=1 k-point=532/1284 Cartesian=-0.01947404499283316 0.1461634865447041 -0.03838182236892639 (3790 plane wave)
 1 -0.2235038990513253 0.001562500000000036
 2 2.860910649590082 0.001551332829882116
 3 3.597120536259374 0.0001266355384926974
 4 6.569903913271120 0.000000000000000
 5 7.578934596184368 0.000000000000000
 6 9.423639234086314 0.000000000000000
 7 11.06432645482563 0.000000000000000
 8 12.76461521963827 0.000000000000000
 9 13.32081759799089 0.000000000000000
 10 16.37950112595598 0.000000000000000
 11 16.89167824256444 0.000000000000000
 12 17.93455804199964 0.000000000000000

 spin=1 k-point=533/1284 Cartesian=-0.03894808998566670 0.1349201414258807 -0.03838182236892639 (3791 plane wave)
 1 -0.5226822710684088 0.001562500000000037
 2 2.697351765103052 0.001560311623167099
 3 4.345941712019291 7.711713798770354e-08
 4 6.975208045638742 0.000000000000000
 5 7.482391591943342 0.000000000000000
 6 8.308795015909288 0.000000000000000
 7 11.14977959089143 0.000000000000000
 8 12.15937352594046 0.000000000000000
 9 15.23046620169817 0.000000000000000
 10 15.55868926556683 0.000000000000000
 11 17.28218224735690 0.000000000000000
 12 18.75306638654159 0.000000000000000

 spin=1 k-point=534/1284 Cartesian=-0.05842213497850025 0.1236767963070574 -0.03838182236892639 (3783 plane wave)
 1 -0.6723815919535402 0.001562500000000037
 2 2.570913500685368 0.001561881351072522
 3 5.335609890136404 3.882370674014481e-12
 4 6.419957118111853 0.000000000000000
 5 7.114827437325334 0.000000000000000
 6 8.806261035614625 0.000000000000000
 7 9.940185817681241 0.000000000000000
 8 13.10516331705990 0.000000000000000
 9 14.26741964284108 0.000000000000000
 10 16.80829369617388 0.000000000000000
 11 17.79152143147715 0.000000000000000
 12 19.83792351336382 0.000000000000000

 spin=1 k-point=535/1284 Cartesian=0.07789617997133459 -0.1124334511882327 0.03838182236892686 (3783 plane wave)
 1 -0.6723815921209649 0.001562500000000037
 2 2.570913505188727 0.001561881351044672
 3 5.335609830253992 3.882372998872964e-12
 4 6.419957215720809 0.000000000000000
 5 7.114827445633436 0.000000000000000
 6 8.806260900821773 0.000000000000000
 7 9.940185912909371 0.000000000000000
 8 13.10516331140790 0.000000000000000
 9 14.26741963179729 0.000000000000000
 10 16.80829369236229 0.000000000000000
 11 17.79152145090071 0.000000000000000
 12 19.83792351030393 0.000000000000000

 spin=1 k-point=536/1284 Cartesian=0.09737022496416814 -0.1011901060694093 0.03838182236892686 (3791 plane wave)
 1 -0.5226822716030569 0.001562500000000037
 2 2.697351783525451 0.001560311622764512
 3 4.345941653396566 7.711718319366449e-08
 4 6.975208202304136 0.000000000000000
 5 7.482391638352517 0.000000000000000
 6 8.308794786850790 0.000000000000000
 7 11.14977973298038 0.000000000000000
 8 12.15937345191162 0.000000000000000
 9 15.23046625558969 0.000000000000000
 10 15.55868918152623 0.000000000000000
 11 17.28218231734923 0.000000000000000
 12 18.75306631526662 0.000000000000000

 spin=1 k-point=537/1284 Cartesian=0.1168442699570017 -0.08994676095058601 0.03838182236892686 (3790 plane wave)
 1 -0.2235039000638798 0.001562500000000036
 2 2.860910708082268 0.001551332823396874
 3 3.597120443534098 0.0001266356463991542
 4 6.569904031149330 0.000000000000000
 5 7.578934539848753 0.000000000000000
 6 9.423639143408604 0.000000000000000
 7 11.06432652769405 0.000000000000000
 8 12.76461520019502 0.000000000000000
 9 13.32081762682338 0.000000000000000
 10 16.37950115684823 0.000000000000000
 11 16.89167818419719 0.000000000000000
 12 17.93455800566004 0.000000000000000

 spin=1 k-point=538/1284 Cartesian=0.1363183149498352 -0.07870341583176267 0.03838182236892686 (3790 plane wave)
 1 0.2246266275525519 0.001562499999999997
 2 2.532204291916535 0.001562079866356071
 3 3.630312540730379 9.299551253350053e-05
 4 5.899299095943768 1.383646928229784e-14
 5 7.974515060399215 0.000000000000000
 6 10.22907325349454 0.000000000000000
 7 10.50150213380219 0.000000000000000
 8 12.05742743580442 0.000000000000000
 9 13.81012773902779 0.000000000000000
 10 15.12901399764761 0.000000000000000
 11 17.77318643123526 0.000000000000000
 12 18.25239079660891 0.000000000000000

 spin=1 k-point=539/1284 Cartesian=0.1557923599426688 0.2473535926141141 -0.03838182236892639 (3781 plane wave)
 1 0.8206156388542316 0.001562499999984543
 2 1.993637784065087 0.001562498074522222
 3 4.164691585347351 4.722810719686456e-07
 4 5.324191129576708 4.351991684315545e-12
 5 8.451140606775070 0.000000000000000
 6 9.218481630317521 0.000000000000000
 7 9.892284211858486 0.000000000000000
 8 12.60101198198117 0.000000000000000
 9 13.16978140399714 0.000000000000000
 10 16.24192879821490 0.000000000000000
 11 16.95363277510656 0.000000000000000
 12 18.66062979119673 0.000000000000000

 spin=1 k-point=540/1284 Cartesian=0.1363183149498352 0.2361102474952907 -0.03838182236892639 (3780 plane wave)
 1 1.558083789401449 0.001562499975285549
 2 1.565977561045270 0.001562499973255576
 3 4.829267917231059 6.139211775374826e-10
 4 4.932462808317274 2.187473987646273e-10
 5 7.557566564176647 0.000000000000000
 6 9.185448821992196 0.000000000000000
 7 9.509451517214661 0.000000000000000
 8 11.09749514003610 0.000000000000000
 9 14.99714603217856 0.000000000000000
 10 15.27808866271656 0.000000000000000
 11 18.15179235375876 0.000000000000000
 12 19.46189207278758 0.000000000000000

 spin=1 k-point=541/1284 Cartesian=0.1168442699570017 0.2248669023764674 -0.03838182236892639 (3782 plane wave)
 1 1.269556685520499 0.001562499998619989
 2 2.441915207360675 0.001562329652292432
 3 4.570060074265768 8.200420839616754e-09
 4 5.648451044155134 1.699983855584268e-13
 5 6.270056472804137 0.000000000000000
 6 8.830533433557260 0.000000000000000
 7 9.612346381253436 0.000000000000000
 8 10.44250186141662 0.000000000000000
 9 13.84387896298901 0.000000000000000
 10 16.99110466782405 0.000000000000000
 11 18.99754144955336 0.000000000000000
 12 20.09417944749275 0.000000000000000

 spin=1 k-point=542/1284 Cartesian=0.09737022496416814 0.2136235572576441 -0.03838182236892639 (3776 plane wave)
 1 1.122490569459061 0.001562499999682939
 2 3.422969091145066 0.0005230763227126513
 3 4.321078783600737 9.888335789106505e-08
 4 4.929931426902074 2.243554109716444e-10
 5 6.835595666357414 0.000000000000000
 6 7.933460998564272 0.000000000000000
 7 9.156733916744056 0.000000000000000
 8 11.36694812545919 0.000000000000000
 9 12.53100793495192 0.000000000000000
 10 18.57999127373837 0.000000000000000
 11 19.46527259464614 0.000000000000000
 12 21.09263337596110 0.000000000000000

 spin=1 k-point=543/1284 Cartesian=0.07789617997133459 0.2023802121388208 -0.03838182236892639 (3776 plane wave)
 1 1.122490568657134 0.001562499999682939
 2 3.422969117365591 0.0005230762314739483
 3 4.321078696571254 9.888344394335270e-08
 4 4.929931492251321 2.243552643571049e-10
 5 6.835595711056917 0.000000000000000
 6 7.933460897603392 0.000000000000000
 7 9.156733980066171 0.000000000000000
 8 11.36694811323831 0.000000000000000
 9 12.53100793606839 0.000000000000000
 10 18.57999126634340 0.000000000000000
 11 19.46527261055099 0.000000000000000
 12 21.09263336562051 0.000000000000000

 spin=1 k-point=544/1284 Cartesian=0.05842213497850103 0.1911368670199974 -0.03838182236892639 (3782 plane wave)
 1 1.269556682844379 0.001562499998619989
 2 2.441915217445857 0.001562329652275253
 3 4.570060022564037 8.200425079356132e-09
 4 5.648451118786911 1.699982586856285e-13
 5 6.270056470874868 0.000000000000000
 6 8.830533246190534 0.000000000000000
 7 9.612346622796352 0.000000000000000
 8 10.44250177948758 0.000000000000000
 9 13.84387896202615 0.000000000000000
 10 16.99110466084428 0.000000000000000
 11 18.99754149628563 0.000000000000000
 12 20.09417933514517 0.000000000000000

 spin=1 k-point=545/1284 Cartesian=0.03894808998566748 0.1798935219011741 -0.03838182236892639 (3780 plane wave)
 1 1.558083815522552 0.001562499975285542
 2 1.565977533888903 0.001562499973255583
 3 4.829267944839885 6.139210080410993e-10
 4 4.932462782761932 2.187474546662857e-10
 5 7.557566567711205 0.000000000000000
 6 9.185448793246069 0.000000000000000
 7 9.509451539794394 0.000000000000000
 8 11.09749514244675 0.000000000000000
 9 14.99714602890589 0.000000000000000
 10 15.27808866371044 0.000000000000000
 11 18.15179235979425 0.000000000000000
 12 19.46189205582012 0.000000000000000

 spin=1 k-point=546/1284 Cartesian=0.01947404499283394 0.1686501767823507 -0.03838182236892639 (3781 plane wave)
 1 0.8206156418372863 0.001562499999984543
 2 1.993637770716019 0.001562498074522479
 3 4.164691634270447 4.722808409839648e-07
 4 5.324191079527842 4.351993862439113e-12
 5 8.451140564219392 0.000000000000000
 6 9.218481788367365 0.000000000000000
 7 9.892284104190733 0.000000000000000
 8 12.60101198971065 0.000000000000000
 9 13.16978139349659 0.000000000000000
 10 16.24192879471504 0.000000000000000
 11 16.95363278457568 0.000000000000000
 12 18.66062985364291 0.000000000000000

 spin=1 k-point=547/1284 Cartesian=0.000000000000000 0.1349201414258805 -0.03838182236892639 (3793 plane wave)
 1 -0.7478649547380636 0.001562500000000037
 2 2.475906451043500 0.001562260701895718
 3 4.124291697379459 7.072773102042238e-07
 4 6.776419619501928 0.000000000000000
 5 7.571372203747902 0.000000000000000
 6 10.72896627018370 0.000000000000000
 7 11.44756810653391 0.000000000000000
 8 12.42616892261514 0.000000000000000
 9 14.03741321734334 0.000000000000000
 10 15.31348831676858 0.000000000000000
 11 16.99360769455760 0.000000000000000
 12 18.47874964762720 0.000000000000000

 spin=1 k-point=548/1284 Cartesian=-0.01947404499283316 0.1236767963070574 -0.03838182236892639 (3791 plane wave)
 1 -1.122809692872842 0.001562500000000037
 2 2.129763883436616 0.001562492488524639
 3 4.892054048131948 3.276694300425967e-10
 4 6.554509397157138 0.000000000000000
 5 8.231452417232372 0.000000000000000
 6 9.747109928466610 0.000000000000000
 7 12.37941718394437 0.000000000000000
 8 13.13254550560407 0.000000000000000
 9 13.63678182644908 0.000000000000000
 10 16.37907615713472 0.000000000000000
 11 16.77323302959010 0.000000000000000
 12 17.82192516561047 0.000000000000000

 spin=1 k-point=549/1284 Cartesian=-0.03894808998566670 0.1124334511882340 -0.03838182236892639 (3783 plane wave)
 1 -1.347916851273225 0.001562500000000037
 2 1.914594933789506 0.001562499126505908
 3 5.728748316757422 7.615844841833453e-14
 4 6.458696020425211 0.000000000000000
 5 8.241965822449146 0.000000000000000
 6 9.343877856679965 0.000000000000000
 7 11.58989669633866 0.000000000000000
 8 13.59260857207091 0.000000000000000
 9 15.41232660737806 0.000000000000000
 10 15.90690461947529 0.000000000000000
 11 16.74654340338605 0.000000000000000
 12 19.01266365105012 0.000000000000000

 spin=1 k-point=550/1284 Cartesian=0.05842213497850103 -0.1011901060694093 0.03838182236892686 (3789 plane wave)
 1 -1.422974252863259 0.001562500000000037
 2 1.842177990423238 0.001562499576593802
 3 6.050745000439552 3.043013757766269e-15
 4 6.993973395759172 0.000000000000000
 5 7.235858375354715 0.000000000000000
 6 10.28634156589675 0.000000000000000
 7 10.46542747896294 0.000000000000000
 8 14.51921248621202 0.000000000000000
 9 14.80147285131040 0.000000000000000
 10 16.25163635924990 0.000000000000000
 11 17.95868600352435 0.000000000000000
 12 18.19003702417933 0.000000000000000

 spin=1 k-point=551/1284 Cartesian=0.07789617997133459 -0.08994676095058600 0.03838182236892686 (3783 plane wave)
 1 -1.347916851451604 0.001562500000000037
 2 1.914594937113845 0.001562499126505879
 3 5.728748217720095 7.615852384368185e-14
 4 6.458696151830134 0.000000000000000
 5 8.241965852248828 0.000000000000000
 6 9.343877734853214 0.000000000000000
 7 11.58989677914765 0.000000000000000
 8 13.59260855009134 0.000000000000000
 9 15.41232664206850 0.000000000000000
 10 15.90690449904765 0.000000000000000
 11 16.74654351112341 0.000000000000000
 12 19.01266360688422 0.000000000000000

 spin=1 k-point=552/1284 Cartesian=0.09737022496416814 -0.07870341583176266 0.03838182236892686 (3791 plane wave)
 1 -1.122809693254135 0.001562500000000037
 2 2.129763891899936 0.001562492488524003
 3 4.892053985263072 3.276696360447581e-10
 4 6.554509507581015 0.000000000000000
 5 8.231452391350922 0.000000000000000
 6 9.747109853266100 0.000000000000000
 7 12.37941725008079 0.000000000000000
 8 13.13254544430613 0.000000000000000
 9 13.63678189825711 0.000000000000000
 10 16.37907622273644 0.000000000000000
 11 16.77323290118341 0.000000000000000
 12 17.82192516373060 0.000000000000000

 spin=1 k-point=553/1284 Cartesian=0.1168442699570017 -0.06746007071293933 0.03838182236892686 (3793 plane wave)
 1 -0.7478649553778571 0.001562500000000037
 2 2.475906471471419 0.001562260701846842
 3 4.124291637624316 7.072777326477084e-07
 4 6.776419784661691 0.000000000000000
 5 7.571372085187700 0.000000000000000
 6 10.72896626794495 0.000000000000000
 7 11.44756794852945 0.000000000000000
 8 12.42616910996019 0.000000000000000
 9 14.03741321523412 0.000000000000000
 10 15.31348835720110 0.000000000000000
 11 16.99360754848637 0.000000000000000
 12 18.47874964455208 0.000000000000000

 spin=1 k-point=554/1284 Cartesian=0.1363183149498352 -0.05621672559411599 0.03838182236892686 (3790 plane wave)
 1 -0.2235039000009373 0.001562500000000036
 2 2.860910708381481 0.001551332823363699
 3 3.597120443108778 0.0001266356468941087
 4 6.569904030853332 0.000000000000000
 5 7.578934540201935 0.000000000000000
 6 9.423639143637015 0.000000000000000
 7 11.06432652783823 0.000000000000000
 8 12.76461519924694 0.000000000000000
 9 13.32081762679542 0.000000000000000
 10 16.37950115830341 0.000000000000000
 11 16.89167817825869 0.000000000000000
 12 17.93455801441869 0.000000000000000

 spin=1 k-point=555/1284 Cartesian=0.1557923599426688 0.2248669023764674 -0.03838182236892639 (3788 plane wave)
 1 0.4494895393009471 0.001562499999999658
 2 2.756763927276623 0.001558540388006900
 3 3.846086863876288 1.134618168503279e-05
 4 6.100944147780901 1.842008948092387e-15
 5 7.537769256196274 0.000000000000000
 6 8.413798744175635 0.000000000000000
 7 10.45817194178702 0.000000000000000
 8 11.26389723651296 0.000000000000000
 9 15.05956367935653 0.000000000000000
 10 15.34861378046297 0.000000000000000
 11 17.94785364189969 0.000000000000000
 12 18.74307958094993 0.000000000000000

 spin=1 k-point=556/1284 Cartesian=0.1363183149498352 0.2136235572576441 -0.03838182236892639 (3782 plane wave)
 1 1.269556682899984 0.001562499998619989
 2 2.441915219190331 0.001562329652272282
 3 4.570060016644023 8.200425564820027e-09
 4 5.648451123869034 1.699982500461066e-13
 5 6.270056466853609 0.000000000000000
 6 8.830533264337447 0.000000000000000
 7 9.612346603475837 0.000000000000000
 8 10.44250178336021 0.000000000000000
 9 13.84387896130344 0.000000000000000
 10 16.99110466507454 0.000000000000000
 11 18.99754148860396 0.000000000000000
 12 20.09417934266281 0.000000000000000

 spin=1 k-point=557/1284 Cartesian=0.1168442699570017 0.2023802121388207 -0.03838182236892639 (3776 plane wave)
 1 2.220777502836444 0.001562481336659812
 2 2.245702623339218 0.001562476053813888
 3 4.505667591424478 1.561302835874916e-08
 4 5.596436957408574 2.859823040927706e-13
 5 5.729556947872441 7.554509060076451e-14
 6 7.905232478553954 0.000000000000000
 7 10.11837469815305 0.000000000000000
 8 10.17713148797840 0.000000000000000
 9 12.45755851092270 0.000000000000000
 10 18.94497266730436 0.000000000000000
 11 19.82730872612385 0.000000000000000
 12 20.33694785224379 0.000000000000000

 spin=1 k-point=558/1284 Cartesian=0.09737022496416814 0.1911368670199974 -0.03838182236892639 (3773 plane wave)
 1 2.161911244548463 0.001562489640502127
 2 3.284859764297810 0.001042101343299441
 3 3.380589956771825 0.0006791410282554160
 4 5.565142712003711 3.910644834703827e-13
 5 6.675752239107082 0.000000000000000
 6 6.733769434228609 0.000000000000000
 7 10.06248035202802 0.000000000000000
 8 11.20321132793206 0.000000000000000
 9 11.22825897314967 0.000000000000000
 10 19.72945800874302 0.000000000000000
 11 20.59668334924985 0.000000000000000
 12 21.04469935620287 0.000000000000000

 spin=1 k-point=559/1284 Cartesian=0.07789617997133459 0.1798935219011741 -0.03838182236892639 (3776 plane wave)
 1 2.220777528923029 0.001562481336654944
 2 2.245702595742651 0.001562476053820496
 3 4.505667597341359 1.561302743495388e-08
 4 5.596436932251962 2.859823760362547e-13
 5 5.729556970879217 7.554507322027227e-14
 6 7.905232473565620 0.000000000000000
 7 10.11837472301413 0.000000000000000
 8 10.17713146602263 0.000000000000000
 9 12.45755851119495 0.000000000000000
 10 18.94497265513053 0.000000000000000
 11 19.82730875143549 0.000000000000000
 12 20.33694783769067 0.000000000000000

 spin=1 k-point=560/1284 Cartesian=0.05842213497850103 0.1686501767823507 -0.03838182236892639 (3782 plane wave)
 1 1.269556685452905 0.001562499998619989
 2 2.441915206464238 0.001562329652293958
 3 4.570060078652173 8.200420479914935e-09
 4 5.648451038233091 1.699983956258088e-13
 5 6.270056478037416 0.000000000000000
 6 8.830533422523704 0.000000000000000
 7 9.612346387537050 0.000000000000000
 8 10.44250186392534 0.000000000000000
 9 13.84387896325734 0.000000000000000
 10 16.99110466215217 0.000000000000000
 11 18.99754146317606 0.000000000000000
 12 20.09417943648343 0.000000000000000

 spin=1 k-point=561/1284 Cartesian=0.03894808998566748 0.1574068316635274 -0.03838182236892639 (3788 plane wave)
 1 0.4494895408591315 0.001562499999999658
 2 2.756763892311801 0.001558540389387863
 3 3.846086934041612 1.134617378175832e-05
 4 6.100944078765472 1.842010219363533e-15
 5 7.537769172929951 0.000000000000000
 6 8.413798946156060 0.000000000000000
 7 10.45817175533120 0.000000000000000
 8 11.26389733700799 0.000000000000000
 9 15.05956364735954 0.000000000000000
 10 15.34861382090486 0.000000000000000
 11 17.94785356116514 0.000000000000000
 12 18.74307969721681 0.000000000000000

 spin=1 k-point=562/1284 Cartesian=0.01947404499283394 0.1461634865447040 -0.03838182236892639 (3790 plane wave)
 1 -0.2235038989988629 0.001562500000000036
 2 2.860910649637622 0.001551332829876845
 3 3.597120536154355 0.0001266355386149097
 4 6.569903913051582 0.000000000000000
 5 7.578934596565414 0.000000000000000
 6 9.423639234798827 0.000000000000000
 7 11.06432645259187 0.000000000000000
 8 12.76461522201278 0.000000000000000
 9 13.32081759718775 0.000000000000000
 10 16.37950112601890 0.000000000000000
 11 16.89167823780663 0.000000000000000
 12 17.93455804767468 0.000000000000000

 spin=1 k-point=563/1284 Cartesian=0.000000000000000 0.1124334511882338 -0.03838182236892639 (3789 plane wave)
 1 -1.573356939628808 0.001562500000000037
 2 1.692083499060961 0.001562499905614579
 3 5.505673405539911 7.087945256605577e-13
 4 6.269934222707501 0.000000000000000
 5 8.975278292087690 0.000000000000000
 6 11.10799092629751 0.000000000000000
 7 12.28860280548543 0.000000000000000
 8 13.42895528185559 0.000000000000000
 9 14.41611985581963 0.000000000000000
 10 15.50693274523209 0.000000000000000
 11 16.46381666442856 0.000000000000000
 12 18.85550928212546 0.000000000000000

 spin=1 k-point=564/1284 Cartesian=-0.01947404499283316 0.1011901060694107 -0.03838182236892639 (3795 plane wave)
 1 -1.873907005313758 0.001562500000000037
 2 1.397529058986071 0.001562499995037873
 3 5.669104761711256 1.382760036411293e-13
 4 6.708047374968072 0.000000000000000
 5 9.717897560101319 0.000000000000000
 6 10.30835188418283 0.000000000000000
 7 13.31898355685922 0.000000000000000
 8 13.84948956163198 0.000000000000000
 9 14.32411345000293 0.000000000000000
 10 15.93513345638291 0.000000000000000
 11 17.19299384788106 0.000000000000000
 12 18.12445656785936 0.000000000000000

 spin=1 k-point=565/1284 Cartesian=0.03894808998566748 -0.08994676095058601 0.03838182236892686 (3794 plane wave)
 1 -2.024232726713158 0.001562500000000037
 2 1.249686791365717 0.001562499998868678
 3 5.582805798384666 3.277468654355783e-13
 4 7.673265767418472 0.000000000000000
 5 8.817765935284214 0.000000000000000
 6 10.96691239254577 0.000000000000000
 7 12.12825871459880 0.000000000000000
 8 14.96996933848413 0.000000000000000
 9 15.50890458170073 0.000000000000000
 10 16.41625354250385 0.000000000000000
 11 16.75684532336304 0.000000000000000
 12 18.51643954761467 0.000000000000000

 spin=1 k-point=566/1284 Cartesian=0.05842213497850103 -0.07870341583176267 0.03838182236892686 (3794 plane wave)
 1 -2.024232726759178 0.001562500000000037
 2 1.249686792031716 0.001562499998868678
 3 5.582805788792728 3.277468968728673e-13
 4 7.673265791093947 0.000000000000000
 5 8.817765936136524 0.000000000000000
 6 10.96691232558876 0.000000000000000
 7 12.12825877599553 0.000000000000000
 8 14.96996939230413 0.000000000000000
 9 15.50890446862750 0.000000000000000
 10 16.41625345787400 0.000000000000000
 11 16.75684548942274 0.000000000000000
 12 18.51643952953430 0.000000000000000

 spin=1 k-point=567/1284 Cartesian=0.07789617997133459 -0.06746007071293933 0.03838182236892686 (3795 plane wave)
 1 -1.873907005455301 0.001562500000000037
 2 1.397529061171205 0.001562499995037872
 3 5.669104713252207 1.382760706483991e-13
 4 6.708047442121702 0.000000000000000
 5 9.717897614278403 0.000000000000000
 6 10.30835177355565 0.000000000000000
 7 13.31898360943448 0.000000000000000
 8 13.84948945898421 0.000000000000000
 9 14.32411357845537 0.000000000000000
 10 15.93513345704823 0.000000000000000
 11 17.19299377074475 0.000000000000000
 12 18.12445658024878 0.000000000000000

 spin=1 k-point=568/1284 Cartesian=0.09737022496416814 -0.05621672559411599 0.03838182236892686 (3789 plane wave)
 1 -1.573356939876101 0.001562500000000037
 2 1.692083503466334 0.001562499905614575
 3 5.505673303206409 7.087952509953651e-13
 4 6.269934352325590 0.000000000000000
 5 8.975278271204875 0.000000000000000
 6 11.10799092393358 0.000000000000000
 7 12.28860262110883 0.000000000000000
 8 13.42895551133568 0.000000000000000
 9 14.41611985370080 0.000000000000000
 10 15.50693286511069 0.000000000000000
 11 16.46381643649272 0.000000000000000
 12 18.85550927822787 0.000000000000000

 spin=1 k-point=569/1284 Cartesian=0.1168442699570017 -0.04497338047529265 0.03838182236892686 (3791 plane wave)
 1 -1.122809693199245 0.001562500000000037
 2 2.129763891980120 0.001562492488523997
 3 4.892053985209729 3.276696362195473e-10
 4 6.554509507196070 0.000000000000000
 5 8.231452391214685 0.000000000000000
 6 9.747109854093084 0.000000000000000
 7 12.37941725058328 0.000000000000000
 8 13.13254544250790 0.000000000000000
 9 13.63678189853963 0.000000000000000
 10 16.37907622210179 0.000000000000000
 11 16.77323289716541 0.000000000000000
 12 17.82192517158336 0.000000000000000

 spin=1 k-point=570/1284 Cartesian=0.1363183149498352 -0.03373003535646932 0.03838182236892686 (3791 plane wave)
 1 -0.5226822714811598 0.001562500000000037
 2 2.697351783859443 0.001560311622757213
 3 4.345941652838932 7.711718362367499e-08
 4 6.975208201314689 0.000000000000000
 5 7.482391637685152 0.000000000000000
 6 8.308794789560366 0.000000000000000
 7 11.14977973084922 0.000000000000000
 8 12.15937345286827 0.000000000000000
 9 15.23046625660201 0.000000000000000
 10 15.55868917670451 0.000000000000000
 11 17.28218232193528 0.000000000000000
 12 18.75306631694377 0.000000000000000

 spin=1 k-point=571/1284 Cartesian=0.1557923599426688 0.2023802121388207 -0.03838182236892639 (3788 plane wave)
 1 0.2262637544167605 0.001562499999999996
 2 3.301921159836813 0.0009813007380447692
 3 4.032332957321972 1.772822094617904e-06
 4 6.180753868768784 0.000000000000000
 5 7.049758565276457 0.000000000000000
 6 8.150072528385607 0.000000000000000
 7 9.653282071940371 0.000000000000000
 8 11.67330812015113 0.000000000000000
 9 13.98582904926722 0.000000000000000
 10 17.03845419069268 0.000000000000000
 11 18.13446119020377 0.000000000000000
 12 20.50988659147055 0.000000000000000

 spin=1 k-point=572/1284 Cartesian=0.1363183149498352 0.1911368670199974 -0.03838182236892639 (3776 plane wave)
 1 1.122490568787571 0.001562499999682939
 2 3.422969123907127 0.0005230762087115806
 3 4.321078682190857 9.888345816228927e-08
 4 4.929931498848833 2.243552495552387e-10
 5 6.835595707225789 0.000000000000000
 6 7.933460909864420 0.000000000000000
 7 9.156733971149523 0.000000000000000
 8 11.36694811522088 0.000000000000000
 9 12.53100793484706 0.000000000000000
 10 18.57999127009466 0.000000000000000
 11 19.46527260860652 0.000000000000000
 12 21.09263337450474 0.000000000000000

 spin=1 k-point=573/1284 Cartesian=0.1168442699570017 0.1798935219011741 -0.03838182236892639 (3773 plane wave)
 1 2.161911244129214 0.001562489640502170
 2 3.284859794280190 0.001042101239237404
 3 3.380589926344557 0.0006791411450816164
 4 5.565142712738357 3.910644805974426e-13
 5 6.675752209015107 0.000000000000000
 6 6.733769465306150 0.000000000000000
 7 10.06248034940634 0.000000000000000
 8 11.20321135880080 0.000000000000000
 9 11.22825894370677 0.000000000000000
 10 19.72945800783118 0.000000000000000
 11 20.59668337106043 0.000000000000000
 12 21.04469932629447 0.000000000000000

 spin=1 k-point=574/1284 Cartesian=0.09737022496416814 0.1686501767823507 -0.03838182236892639 (3773 plane wave)
 1 2.161911244595616 0.001562489640502122
 2 3.284859768975142 0.001042101327065483
 3 3.380589952155634 0.0006791410459793903
 4 5.565142711900401 3.910644838743917e-13
 5 6.675752235189591 0.000000000000000
 6 6.733769438306150 0.000000000000000
 7 10.06248035063399 0.000000000000000
 8 11.20321133363480 0.000000000000000
 9 11.22825896855778 0.000000000000000
 10 19.72945800551605 0.000000000000000
 11 20.59668335540780 0.000000000000000
 12 21.04469935245182 0.000000000000000

 spin=1 k-point=575/1284 Cartesian=0.07789617997133459 0.1574068316635274 -0.03838182236892639 (3776 plane wave)
 1 1.122490569515795 0.001562499999682939
 2 3.422969090361402 0.0005230763254395434
 3 4.321078787841237 9.888335369818046e-08
 4 4.929931422892228 2.243554199679521e-10
 5 6.835595669521340 0.000000000000000
 6 7.933460994959214 0.000000000000000
 7 9.156733916214339 0.000000000000000
 8 11.36694812713211 0.000000000000000
 9 12.53100793485971 0.000000000000000
 10 18.57999126349721 0.000000000000000
 11 19.46527260930929 0.000000000000000
 12 21.09263336661592 0.000000000000000

 spin=1 k-point=576/1284 Cartesian=0.05842213497850103 0.1461634865447041 -0.03838182236892639 (3788 plane wave)
 1 0.2262637550719540 0.001562499999999996
 2 3.301921106925970 0.0009813009311757375
 3 4.032333050753421 1.772820440124238e-06
 4 6.180753808867991 0.000000000000000
 5 7.049758451821437 0.000000000000000
 6 8.150072771409320 0.000000000000000
 7 9.653281930638947 0.000000000000000
 8 11.67330814967368 0.000000000000000
 9 13.98582905496785 0.000000000000000
 10 17.03845419146244 0.000000000000000
 11 18.13446116902344 0.000000000000000
 12 20.50988665326082 0.000000000000000

 spin=1 k-point=577/1284 Cartesian=0.03894808998566748 0.1349201414258807 -0.03838182236892639 (3791 plane wave)
 1 -0.5226822709710578 0.001562500000000037
 2 2.697351765184695 0.001560311623165314
 3 4.345941711805124 7.711713815285472e-08
 4 6.975208046322222 0.000000000000000
 5 7.482391590884130 0.000000000000000
 6 8.308795017199815 0.000000000000000
 7 11.14977958593285 0.000000000000000
 8 12.15937353108770 0.000000000000000
 9 15.23046619847412 0.000000000000000
 10 15.55868926349626 0.000000000000000
 11 17.28218225321242 0.000000000000000
 12 18.75306638428943 0.000000000000000

 spin=1 k-point=578/1284 Cartesian=0.01947404499283394 0.1236767963070574 -0.03838182236892639 (3791 plane wave)
 1 -1.122809692829825 0.001562500000000037
 2 2.129763883467835 0.001562492488524637
 3 4.892054048050882 3.276694303082251e-10
 4 6.554509397348257 0.000000000000000
 5 8.231452416670141 0.000000000000000
 6 9.747109929790383 0.000000000000000
 7 12.37941717900374 0.000000000000000
 8 13.13254551059321 0.000000000000000
 9 13.63678182525131 0.000000000000000
 10 16.37907615862225 0.000000000000000
 11 16.77323302496636 0.000000000000000
 12 17.82192516932628 0.000000000000000

 spin=1 k-point=579/1284 Cartesian=0.000000000000000 0.08994676095058715 -0.03838182236892639 (3792 plane wave)
 1 -2.249869532160628 0.001562500000000037
 2 1.026228329527610 0.001562499999878940
 3 5.371466679083097 2.712519720172337e-12
 4 7.464452915246569 0.000000000000000
 5 10.65158123411832 0.000000000000000
 6 11.63840535812577 0.000000000000000
 7 12.87723345730821 0.000000000000000
 8 14.75803959399881 0.000000000000000
 9 14.94604052173642 0.000000000000000
 10 15.45972897841890 0.000000000000000
 11 16.65263259119734 0.000000000000000
 12 19.38128228541095 0.000000000000000

 spin=1 k-point=580/1284 Cartesian=0.01947404499283394 -0.07870341583176269 0.03838182236892686 (3795 plane wave)
 1 -2.475537695838164 0.001562500000000037
 2 0.8028862677805357 0.001562499999987060
 3 5.169631163712824 2.041425896942475e-11
 4 8.408327788105909 0.000000000000000
 5 10.67402010297329 0.000000000000000
 6 11.71282670759325 0.000000000000000
 7 13.95559503045054 0.000000000000000
 8 14.39779942606555 0.000000000000000
 9 15.08127716900018 0.000000000000000
 10 16.34107662129723 0.000000000000000
 11 17.80320450540919 0.000000000000000
 12 18.51830038917234 0.000000000000000

 spin=1 k-point=581/1284 Cartesian=0.03894808998566748 -0.06746007071293936 0.03838182236892686 (3808 plane wave)
 1 -2.550774548547437 0.001562500000000037
 2 0.7283606692501066 0.001562499999993878
 3 5.100595561990725 4.071472412446653e-11
 4 9.461013482380443 0.000000000000000
 5 9.534215460265580 0.000000000000000
 6 12.69817662649528 0.000000000000000
 7 12.87705474374100 0.000000000000000
 8 14.85006180899097 0.000000000000000
 9 16.53689338979115 0.000000000000000
 10 16.88790314671930 0.000000000000000
 11 17.38951142409277 0.000000000000000
 12 17.47025756399955 0.000000000000000

 spin=1 k-point=582/1284 Cartesian=0.05842213497850103 -0.05621672559411602 0.03838182236892686 (3795 plane wave)
 1 -2.475537695884256 0.001562500000000037
 2 0.8028862683942649 0.001562499999987060
 3 5.169631158450833 2.041426004362153e-11
 4 8.408327802840066 0.000000000000000
 5 10.67402012598010 0.000000000000000
 6 11.71282664558079 0.000000000000000
 7 13.95559505894772 0.000000000000000
 8 14.39779943617933 0.000000000000000
 9 15.08127712285787 0.000000000000000
 10 16.34107671423910 0.000000000000000
 11 17.80320440729324 0.000000000000000
 12 18.51830045928684 0.000000000000000

 spin=1 k-point=583/1284 Cartesian=0.07789617997133459 -0.04497338047529267 0.03838182236892686 (3792 plane wave)
 1 -2.249869532251668 0.001562500000000037
 2 1.026228330841202 0.001562499999878940
 3 5.371466663872713 2.712520132757121e-12
 4 7.464452943528552 0.000000000000000
 5 10.65158124091963 0.000000000000000
 6 11.63840535554839 0.000000000000000
 7 12.87723332910482 0.000000000000000
 8 14.75803970396027 0.000000000000000
 9 14.94604051958829 0.000000000000000
 10 15.45972918799644 0.000000000000000
 11 16.65263233773013 0.000000000000000
 12 19.38128227947344 0.000000000000000

 spin=1 k-point=584/1284 Cartesian=0.09737022496416814 -0.03373003535646934 0.03838182236892686 (3795 plane wave)
 1 -1.873907005410368 0.001562500000000037
 2 1.397529061208576 0.001562499995037872
 3 5.669104713903856 1.382760697473235e-13
 4 6.708047440936526 0.000000000000000
 5 9.717897613069283 0.000000000000000
 6 10.30835177588713 0.000000000000000
 7 13.31898361010924 0.000000000000000
 8 13.84948945509577 0.000000000000000
 9 14.32411358054285 0.000000000000000
 10 15.93513345566865 0.000000000000000
 11 17.19299376795801 0.000000000000000
 12 18.12445658631504 0.000000000000000

 spin=1 k-point=585/1284 Cartesian=0.1168442699570017 -0.02248669023764600 0.03838182236892686 (3783 plane wave)
 1 -1.347916851348752 0.001562500000000037
 2 1.914594937234879 0.001562499126505878
 3 5.728748219344773 7.615852260635054e-14
 4 6.458696148656491 0.000000000000000
 5 8.241965852166558 0.000000000000000
 6 9.343877737599314 0.000000000000000
 7 11.58989677671409 0.000000000000000
 8 13.59260855193110 0.000000000000000
 9 15.41232664124506 0.000000000000000
 10 15.90690448930874 0.000000000000000
 11 16.74654352076426 0.000000000000000
 12 19.01266360757011 0.000000000000000

 spin=1 k-point=586/1284 Cartesian=0.1363183149498352 -0.01124334511882266 0.03838182236892686 (3783 plane wave)
 1 -0.6723815919432897 0.001562500000000037
 2 2.570913505568385 0.001561881351042325
 3 5.335609830431522 3.882372991980580e-12
 4 6.419957211752233 0.000000000000000
 5 7.114827447120146 0.000000000000000
 6 8.806260907102137 0.000000000000000
 7 9.940185907145862 0.000000000000000
 8 13.10516331418413 0.000000000000000
 9 14.26741962736066 0.000000000000000
 10 16.80829369308793 0.000000000000000
 11 17.79152145325786 0.000000000000000
 12 19.83792350985803 0.000000000000000

 spin=1 k-point=587/1284 Cartesian=0.1557923599426688 0.1798935219011741 -0.03838182236892639 (3781 plane wave)
 1 0.1517785093875029 0.001562500000000017
 2 3.333617313313734 0.0008617537433123656
 3 4.963276034660583 1.607395465896338e-10
 4 5.043101700936919 7.235094614052012e-11
 5 7.552496396729590 0.000000000000000
 6 8.286721621741613 0.000000000000000
 7 8.776919735941016 0.000000000000000
 8 12.70766706573254 0.000000000000000
 9 12.79049848808077 0.000000000000000
 10 17.72611561186717 0.000000000000000
 11 19.51318867374547 0.000000000000000
 12 19.62677134596461 0.000000000000000

 spin=1 k-point=588/1284 Cartesian=0.1363183149498352 0.1686501767823507 -0.03838182236892639 (3776 plane wave)
 1 1.122490569605064 0.001562499999682939
 2 3.422969096051290 0.0005230763056406244
 3 4.321078774539784 9.888336685027501e-08
 4 4.929931429924538 2.243554041905810e-10
 5 6.835595666297884 0.000000000000000
 6 7.933461002841749 0.000000000000000
 7 9.156733911797041 0.000000000000000
 8 11.36694812705523 0.000000000000000
 9 12.53100793418888 0.000000000000000
 10 18.57999127187124 0.000000000000000
 11 19.46527259852229 0.000000000000000
 12 21.09263338043511 0.000000000000000

 spin=1 k-point=589/1284 Cartesian=0.1168442699570017 0.1574068316635274 -0.03838182236892639 (3776 plane wave)
 1 2.220777498457953 0.001562481336660629
 2 2.245702628300289 0.001562476053812700
 3 4.505667590882594 1.561302844335277e-08
 4 5.596436961743118 2.859822916967407e-13
 5 5.729556943649224 7.554509379119820e-14
 6 7.905232478108489 0.000000000000000
 7 10.11837469260210 0.000000000000000
 8 10.17713149294173 0.000000000000000
 9 12.45755851140114 0.000000000000000
 10 18.94497266625917 0.000000000000000
 11 19.82730872021798 0.000000000000000
 12 20.33694785846993 0.000000000000000

 spin=1 k-point=590/1284 Cartesian=0.09737022496416814 0.1461634865447041 -0.03838182236892639 (3776 plane wave)
 1 1.122490568843574 0.001562499999682939
 2 3.422969120926995 0.0005230762190814472
 3 4.321078689920684 9.888345051925050e-08
 4 4.929931495003583 2.243552581822610e-10
 5 6.835595708379427 0.000000000000000
 6 7.933460904534468 0.000000000000000
 7 9.156733974443968 0.000000000000000
 8 11.36694811367224 0.000000000000000
 9 12.53100793653883 0.000000000000000
 10 18.57999126861534 0.000000000000000
 11 19.46527260350773 0.000000000000000
 12 21.09263337587016 0.000000000000000

 spin=1 k-point=591/1284 Cartesian=0.07789617997133459 0.1349201414258807 -0.03838182236892639 (3781 plane wave)
 1 0.1517785093302430 0.001562500000000017
 2 3.333617311467143 0.0008617537504490211
 3 4.963276061660065 1.607395031907881e-10
 4 5.043101677165835 7.235096333912935e-11
 5 7.552496404786414 0.000000000000000
 6 8.286721594522810 0.000000000000000
 7 8.776919753940676 0.000000000000000
 8 12.70766704070228 0.000000000000000
 9 12.79049851405476 0.000000000000000
 10 17.72611560801847 0.000000000000000
 11 19.51318867011846 0.000000000000000
 12 19.62677135023521 0.000000000000000

 spin=1 k-point=592/1284 Cartesian=0.05842213497850103 0.1236767963070574 -0.03838182236892639 (3783 plane wave)
 1 -0.6723815918168005 0.001562500000000037
 2 2.570913500768119 0.001561881351072010
 3 5.335609889949066 3.882370681287643e-12
 4 6.419957119045530 0.000000000000000
 5 7.114827436561897 0.000000000000000
 6 8.806261036748756 0.000000000000000
 7 9.940185815041241 0.000000000000000
 8 13.10516331944291 0.000000000000000
 9 14.26741964045259 0.000000000000000
 10 16.80829369187510 0.000000000000000
 11 17.79152143741709 0.000000000000000
 12 19.83792350978964 0.000000000000000

 spin=1 k-point=593/1284 Cartesian=0.03894808998566748 0.1124334511882340 -0.03838182236892639 (3783 plane wave)
 1 -1.347916851194375 0.001562500000000037
 2 1.914594933837863 0.001562499126505908
 3 5.728748316933500 7.615844828423560e-14
 4 6.458696020416716 0.000000000000000
 5 8.241965821770489 0.000000000000000
 6 9.343877857966580 0.000000000000000
 7 11.58989669377133 0.000000000000000
 8 13.59260857513975 0.000000000000000
 9 15.41232660060194 0.000000000000000
 10 15.90690461710746 0.000000000000000
 11 16.74654341237086 0.000000000000000
 12 19.01266364639646 0.000000000000000

 spin=1 k-point=594/1284 Cartesian=0.01947404499283394 0.1011901060694107 -0.03838182236892639 (3795 plane wave)
 1 -1.873907005279281 0.001562500000000037
 2 1.397529059006204 0.001562499995037873
 3 5.669104761924870 1.382760033457524e-13
 4 6.708047374747396 0.000000000000000
 5 9.717897558527705 0.000000000000000
 6 10.30835188687972 0.000000000000000
 7 13.31898355210667 0.000000000000000
 8 13.84948956219797 0.000000000000000
 9 14.32411345148745 0.000000000000000
 10 15.93513345910949 0.000000000000000
 11 17.19299384416800 0.000000000000000
 12 18.12445656958177 0.000000000000000

 spin=1 k-point=595/1284 Cartesian=0.000000000000000 -0.06746007071293957 0.03838182236892686 (3796 plane wave)
 1 -2.776554999953241 0.001562500000000037
 2 0.5042712330106497 0.001562499999999382
 3 4.885229417833617 3.508123867328103e-10
 4 9.292617178621221 0.000000000000000
 5 12.31980754865806 0.000000000000000
 6 12.44524033529909 0.000000000000000
 7 13.49297677338767 0.000000000000000
 8 14.88825248966859 0.000000000000000
 9 15.62670621339421 0.000000000000000
 10 16.42185148234555 0.000000000000000
 11 17.55718787169742 0.000000000000000
 12 19.61701672999073 0.000000000000000

 spin=1 k-point=596/1284 Cartesian=0.01947404499283394 -0.05621672559411600 0.03838182236892686 (3804 plane wave)
 1 -2.927103875198400 0.001562500000000037
 2 0.3547871827226817 0.001562499999999890
 3 4.741451394952299 1.477388719745503e-09
 4 10.31599813424376 0.000000000000000
 5 11.45146477791025 0.000000000000000
 6 13.55351974662289 0.000000000000000
 7 14.36618348177783 0.000000000000000
 8 14.82847493004054 0.000000000000000
 9 15.48458690140503 0.000000000000000
 10 17.54241999802340 0.000000000000000
 11 17.89997773208842 0.000000000000000
 12 18.71375106089899 0.000000000000000

 spin=1 k-point=597/1284 Cartesian=0.03894808998566748 -0.04497338047529267 0.03838182236892686 (3804 plane wave)
 1 -2.927103875208656 0.001562500000000037
 2 0.3547871828557569 0.001562499999999890
 3 4.741451394177653 1.477388731190037e-09
 4 10.31599813900045 0.000000000000000
 5 11.45146478201488 0.000000000000000
 6 13.55351970859586 0.000000000000000
 7 14.36618353034195 0.000000000000000
 8 14.82847494997980 0.000000000000000
 9 15.48458680909004 0.000000000000000
 10 17.54241999453492 0.000000000000000
 11 17.89997793857603 0.000000000000000
 12 18.71375096041412 0.000000000000000

 spin=1 k-point=598/1284 Cartesian=0.05842213497850103 -0.03373003535646933 0.03838182236892686 (3796 plane wave)
 1 -2.776554999981700 0.001562500000000037
 2 0.5042712334047214 0.001562499999999382
 3 4.885229415274308 3.508123957111821e-10
 4 9.292617188027325 0.000000000000000
 5 12.31980754570294 0.000000000000000
 6 12.44524038087471 0.000000000000000
 7 13.49297666404957 0.000000000000000
 8 14.88825247208522 0.000000000000000
 9 15.62670621118905 0.000000000000000
 10 16.42185172721709 0.000000000000000
 11 17.55718766663405 0.000000000000000
 12 19.61701672220246 0.000000000000000

 spin=1 k-point=599/1284 Cartesian=0.07789617997133459 -0.02248669023764599 0.03838182236892686 (3795 plane wave)
 1 -2.475537695849408 0.001562500000000037
 2 0.8028862684136798 0.001562499999987060
 3 5.169631158699056 2.041425999294854e-11
 4 8.408327801756661 0.000000000000000
 5 10.67402012575927 0.000000000000000
 6 11.71282664790393 0.000000000000000
 7 13.95559505928309 0.000000000000000
 8 14.39779943151796 0.000000000000000
 9 15.08127712443667 0.000000000000000
 10 16.34107671517616 0.000000000000000
 11 17.80320440237053 0.000000000000000
 12 18.51830046296159 0.000000000000000

 spin=1 k-point=600/1284 Cartesian=0.09737022496416814 -0.01124334511882265 0.03838182236892686 (3794 plane wave)
 1 -2.024232726677189 0.001562500000000037
 2 1.249686792091862 0.001562499998868678
 3 5.582805789720128 3.277468938333390e-13
 4 7.673265787475127 0.000000000000000
 5 8.817765937820745 0.000000000000000
 6 10.96691232961673 0.000000000000000
 7 12.12825877150754 0.000000000000000
 8 14.96996939854154 0.000000000000000
 9 15.50890446266104 0.000000000000000
 10 16.41625344160411 0.000000000000000
 11 16.75684550507258 0.000000000000000
 12 18.51643952918112 0.000000000000000

 spin=1 k-point=601/1284 Cartesian=0.1168442699570017 0.000000000000000 0.03838182236892686 (3789 plane wave)
 1 -1.422974252717571 0.001562500000000037
 2 1.842177990582560 0.001562499576593801
 3 6.050745006165491 3.043013583525135e-15
 4 6.993973363516039 0.000000000000000
 5 7.235858400560915 0.000000000000000
 6 10.28634159714493 0.000000000000000
 7 10.46542744710728 0.000000000000000
 8 14.51921251198805 0.000000000000000
 9 14.80147281999475 0.000000000000000
 10 16.25163636441279 0.000000000000000
 11 17.95868600653688 0.000000000000000
 12 18.19003702201436 0.000000000000000

 spin=1 k-point=602/1284 Cartesian=0.1363183149498352 0.01124334511882402 0.03838182236892686 (3783 plane wave)
 1 -0.6723815917209962 0.001562500000000037
 2 2.570913501202757 0.001561881351069322
 3 5.335609891249283 3.882370630808407e-12
 4 6.419957110910247 0.000000000000000
 5 7.114827440637545 0.000000000000000
 6 8.806261042988291 0.000000000000000
 7 9.940185810474963 0.000000000000000
 8 13.10516332074816 0.000000000000000
 9 14.26741963721817 0.000000000000000
 10 16.80829369865974 0.000000000000000
 11 17.79152143225076 0.000000000000000
 12 19.83792351205301 0.000000000000000

 spin=1 k-point=603/1284 Cartesian=0.1557923599426688 0.02248669023764735 0.03838182236892686 (3788 plane wave)
 1 0.2262637552541835 0.001562499999999996
 2 3.301921110591025 0.0009813009177978428
 3 4.032333046245571 1.772820519949646e-06
 4 6.180753808786230 0.000000000000000
 5 7.049758447707460 0.000000000000000
 6 8.150072779613115 0.000000000000000
 7 9.653281926987475 0.000000000000000
 8 11.67330814879824 0.000000000000000
 9 13.98582905398082 0.000000000000000
 10 17.03845419862316 0.000000000000000
 11 18.13446116096170 0.000000000000000
 12 20.50988665858188 0.000000000000000

 spin=1 k-point=604/1284 Cartesian=0.1363183149498352 0.1461634865447040 -0.03838182236892639 (3782 plane wave)
 1 1.269556685652221 0.001562499998619989
 2 2.441915208342970 0.001562329652290758
 3 4.570060072863717 8.200420954590242e-09
 4 5.648451046350997 1.699983818254939e-13
 5 6.270056470851836 0.000000000000000
 6 8.830533435091246 0.000000000000000
 7 9.612346375862682 0.000000000000000
 8 10.44250186422798 0.000000000000000
 9 13.84387896287044 0.000000000000000
 10 16.99110466683788 0.000000000000000
 11 18.99754145001262 0.000000000000000
 12 20.09417944913499 0.000000000000000

 spin=1 k-point=605/1284 Cartesian=0.1168442699570017 0.1349201414258807 -0.03838182236892639 (3782 plane wave)
 1 1.269556683106950 0.001562499998619989
 2 2.441915219166064 0.001562329652272323
 3 4.570060017815013 8.200425468794336e-09
 4 5.648451125364894 1.699982475031682e-13
 5 6.270056464249758 0.000000000000000
 6 8.830533261718706 0.000000000000000
 7 9.612346604874137 0.000000000000000
 8 10.44250178307473 0.000000000000000
 9 13.84387896193171 0.000000000000000
 10 16.99110466442258 0.000000000000000
 11 18.99754148417414 0.000000000000000
 12 20.09417934627936 0.000000000000000

 spin=1 k-point=606/1284 Cartesian=0.09737022496416814 0.1236767963070574 -0.03838182236892639 (3788 plane wave)
 1 0.2262637544784025 0.001562499999999996
 2 3.301921157889754 0.0009813007451517726
 3 4.032332960723052 1.772822034391197e-06
 4 6.180753868621741 0.000000000000000
 5 7.049758566746916 0.000000000000000
 6 8.150072522604074 0.000000000000000
 7 9.653282074544149 0.000000000000000
 8 11.67330811892762 0.000000000000000
 9 13.98582905099726 0.000000000000000
 10 17.03845418963144 0.000000000000000
 11 18.13446118737184 0.000000000000000
 12 20.50988659232510 0.000000000000000

 spin=1 k-point=607/1284 Cartesian=0.07789617997133459 0.1124334511882340 -0.03838182236892639 (3783 plane wave)
 1 -0.6723815919483167 0.001562500000000037
 2 2.570913505241777 0.001561881351044345
 3 5.335609831519715 3.882372949732856e-12
 4 6.419957214204413 0.000000000000000
 5 7.114827446405605 0.000000000000000
 6 8.806260900264688 0.000000000000000
 7 9.940185911472124 0.000000000000000
 8 13.10516331091654 0.000000000000000
 9 14.26741963218653 0.000000000000000
 10 16.80829368970698 0.000000000000000
 11 17.79152145224663 0.000000000000000
 12 19.83792351155019 0.000000000000000

 spin=1 k-point=608/1284 Cartesian=0.05842213497850103 0.1011901060694107 -0.03838182236892639 (3789 plane wave)
 1 -1.422974252754005 0.001562500000000037
 2 1.842177990475279 0.001562499576593801
 3 6.050745002209120 3.043013703918084e-15
 4 6.993973391052179 0.000000000000000
 5 7.235858378471453 0.000000000000000
 6 10.28634156993557 0.000000000000000
 7 10.46542747355657 0.000000000000000
 8 14.51921248945041 0.000000000000000
 9 14.80147284640429 0.000000000000000
 10 16.25163635830823 0.000000000000000
 11 17.95868600272080 0.000000000000000
 12 18.19003702737618 0.000000000000000

 spin=1 k-point=609/1284 Cartesian=0.03894808998566748 0.08994676095058736 -0.03838182236892639 (3794 plane wave)
 1 -2.024232726650876 0.001562500000000037
 2 1.249686791396073 0.001562499998868678
 3 5.582805798818176 3.277468640147666e-13
 4 7.673265766705952 0.000000000000000
 5 8.817765935696452 0.000000000000000
 6 10.96691239349022 0.000000000000000
 7 12.12825871266927 0.000000000000000
 8 14.96996933872408 0.000000000000000
 9 15.50890457643016 0.000000000000000
 10 16.41625353949233 0.000000000000000
 11 16.75684533249841 0.000000000000000
 12 18.51643954396480 0.000000000000000

 spin=1 k-point=610/1284 Cartesian=0.01947404499283394 0.07870341583176403 -0.03838182236892639 (3795 plane wave)
 1 -2.475537695811370 0.001562500000000037
 2 0.8028862677923013 0.001562499999987060
 3 5.169631163855923 2.041425894021214e-11
 4 8.408327787813583 0.000000000000000
 5 10.67402010312780 0.000000000000000
 6 11.71282670913946 0.000000000000000
 7 13.95559502766708 0.000000000000000
 8 14.39779942161504 0.000000000000000
 9 15.08127717117032 0.000000000000000
 10 16.34107662697386 0.000000000000000
 11 17.80320449972566 0.000000000000000
 12 18.51830038858976 0.000000000000000

 spin=1 k-point=611/1284 Cartesian=0.000000000000000 -0.04497338047529290 0.03838182236892686 (3803 plane wave)
 1 -3.152981907559867 0.001562500000000037
 2 0.1303027389530670 0.001562500000000021
 3 4.523458409582508 1.306842637097586e-08
 4 11.27038043128160 0.000000000000000
 5 13.15102208105650 0.000000000000000
 6 13.86688605746866 0.000000000000000
 7 14.28171570981921 0.000000000000000
 8 15.11447833777775 0.000000000000000
 9 16.45678242868457 0.000000000000000
 10 17.35948824379022 0.000000000000000
 11 18.02991178410768 0.000000000000000
 12 19.05932712952165 0.000000000000000

 spin=1 k-point=612/1284 Cartesian=0.01947404499283394 -0.03373003535646933 0.03838182236892686 (3801 plane wave)
 1 -3.228287080945502 0.001562500000000037
 2 0.05542702498781264 0.001562500000000029
 3 4.450503000643821 2.710570993616191e-08
 4 12.31142291537952 0.000000000000000
 5 12.36183908066790 0.000000000000000
 6 14.18155057663700 0.000000000000000
 7 15.49986815745327 0.000000000000000
 8 15.63889626116555 0.000000000000000
 9 16.12538425649220 0.000000000000000
 10 16.40666452416254 0.000000000000000
 11 19.10784222967403 0.000000000000000
 12 19.11780561127391 0.000000000000000

 spin=1 k-point=613/1284 Cartesian=0.03894808998566748 -0.02248669023764600 0.03838182236892686 (3803 plane wave)
 1 -3.152981907565858 0.001562500000000037
 2 0.1303027390480163 0.001562500000000021
 3 4.523458409122163 1.306842643113520e-08
 4 11.27038043399014 0.000000000000000
 5 13.15102207734749 0.000000000000000
 6 13.86688610729711 0.000000000000000
 7 14.28171570456792 0.000000000000000
 8 15.11447823577014 0.000000000000000
 9 16.45678242669198 0.000000000000000
 10 17.35948829805424 0.000000000000000
 11 18.02991178300602 0.000000000000000
 12 19.05932721491558 0.000000000000000

 spin=1 k-point=614/1284 Cartesian=0.05842213497850103 -0.01124334511882266 0.03838182236892686 (3804 plane wave)
 1 -2.927103875183645 0.001562500000000037
 2 0.3547871828642673 0.001562499999999890
 3 4.741451394319809 1.477388729089832e-09
 4 10.31599813718364 0.000000000000000
 5 11.45146478324576 0.000000000000000
 6 13.55351971305919 0.000000000000000
 7 14.36618352780214 0.000000000000000
 8 14.82847494591861 0.000000000000000
 9 15.48458680906338 0.000000000000000
 10 17.54241999358775 0.000000000000000
 11 17.89997794849514 0.000000000000000
 12 18.71375094733077 0.000000000000000

 spin=1 k-point=615/1284 Cartesian=0.07789617997133459 0.000000000000000 0.03838182236892686 (3808 plane wave)
 1 -2.550774548486025 0.001562500000000037
 2 0.7283606692798098 0.001562499999993878
 3 5.100595562423141 4.071472394840923e-11
 4 9.461013449468620 0.000000000000000
 5 9.534215491753674 0.000000000000000
 6 12.69817665779916 0.000000000000000
 7 12.87705471114614 0.000000000000000
 8 14.85006180946378 0.000000000000000
 9 16.53689339717459 0.000000000000000
 10 16.88790313678745 0.000000000000000
 11 17.38951144832585 0.000000000000000
 12 17.47025754000637 0.000000000000000

 spin=1 k-point=616/1284 Cartesian=0.09737022496416814 0.01124334511882402 0.03838182236892686 (3794 plane wave)
 1 -2.024232726600466 0.001562500000000037
 2 1.249686791444058 0.001562499998868678
 3 5.582805799773617 3.277468608833367e-13
 4 7.673265762788962 0.000000000000000
 5 8.817765937121706 0.000000000000000
 6 10.96691239737088 0.000000000000000
 7 12.12825870847868 0.000000000000000
 8 14.96996934423971 0.000000000000000
 9 15.50890457888719 0.000000000000000
 10 16.41625352972803 0.000000000000000
 11 16.75684533388681 0.000000000000000
 12 18.51643954475927 0.000000000000000

 spin=1 k-point=617/1284 Cartesian=0.1168442699570017 0.02248669023764735 0.03838182236892686 (3783 plane wave)
 1 -1.347916851088169 0.001562500000000037
 2 1.914594934005720 0.001562499126505906
 3 5.728748321187616 7.615844504436611e-14
 4 6.458696013131006 0.000000000000000
 5 8.241965823201150 0.000000000000000
 6 9.343877859796319 0.000000000000000
 7 11.58989669199235 0.000000000000000
 8 13.59260857469016 0.000000000000000
 9 15.41232660903767 0.000000000000000
 10 15.90690461114698 0.000000000000000
 11 16.74654340769768 0.000000000000000
 12 19.01266365391499 0.000000000000000

 spin=1 k-point=618/1284 Cartesian=0.1363183149498352 0.03373003535647069 0.03838182236892686 (3791 plane wave)
 1 -0.5226822707786850 0.001562500000000037
 2 2.697351766032026 0.001560311623146798
 3 4.345941711227923 7.711713859795408e-08
 4 6.975208042100141 0.000000000000000
 5 7.482391591835677 0.000000000000000
 6 8.308795020247414 0.000000000000000
 7 11.14977958577745 0.000000000000000
 8 12.15937352844124 0.000000000000000
 9 15.23046620502526 0.000000000000000
 10 15.55868926001624 0.000000000000000
 11 17.28218224671446 0.000000000000000
 12 18.75306639207897 0.000000000000000

 spin=1 k-point=619/1284 Cartesian=0.1557923599426688 0.04497338047529402 0.03838182236892686 (3788 plane wave)
 1 0.4494895411821671 0.001562499999999658
 2 2.756763894807357 0.001558540389289299
 3 3.846086930604820 1.134617416887126e-05
 4 6.100944080378015 1.842010189660333e-15
 5 7.537769165644434 0.000000000000000
 6 8.413798953990609 0.000000000000000
 7 10.45817175458083 0.000000000000000
 8 11.26389733346241 0.000000000000000
 9 15.05956365189274 0.000000000000000
 10 15.34861381889052 0.000000000000000
 11 17.94785355158095 0.000000000000000
 12 18.74307970756390 0.000000000000000

 spin=1 k-point=620/1284 Cartesian=0.1363183149498352 0.1236767963070574 -0.03838182236892639 (3780 plane wave)
 1 1.558083785124663 0.001562499975285550
 2 1.565977565944491 0.001562499973255575
 3 4.829267913765172 6.139211988152939e-10
 4 4.932462812871480 2.187473888024208e-10
 5 7.557566561796660 0.000000000000000
 6 9.185448824872118 0.000000000000000
 7 9.509451512322615 0.000000000000000
 8 11.09749514081784 0.000000000000000
 9 14.99714603213793 0.000000000000000
 10 15.27808866263817 0.000000000000000
 11 18.15179235262417 0.000000000000000
 12 19.46189207895421 0.000000000000000

 spin=1 k-point=621/1284 Cartesian=0.1168442699570017 0.1124334511882340 -0.03838182236892639 (3788 plane wave)
 1 0.4494895394847597 0.001562499999999658
 2 2.756763926882833 0.001558540388022453
 3 3.846086865326540 1.134618152167940e-05
 4 6.100944148653150 1.842008932025494e-15
 5 7.537769254417785 0.000000000000000
 6 8.413798742674627 0.000000000000000
 7 10.45817194044255 0.000000000000000
 8 11.26389723702505 0.000000000000000
 9 15.05956367874616 0.000000000000000
 10 15.34861378211612 0.000000000000000
 11 17.94785363891425 0.000000000000000
 12 18.74307958198000 0.000000000000000

 spin=1 k-point=622/1284 Cartesian=0.09737022496416814 0.1011901060694107 -0.03838182236892639 (3791 plane wave)
 1 -0.5226822713959263 0.001562500000000037
 2 2.697351783465396 0.001560311622765824
 3 4.345941654416341 7.711718240728154e-08
 4 6.975208202307014 0.000000000000000
 5 7.482391638569169 0.000000000000000
 6 8.308794785004824 0.000000000000000
 7 11.14977973095388 0.000000000000000
 8 12.15937345195788 0.000000000000000
 9 15.23046625537101 0.000000000000000
 10 15.55868918091666 0.000000000000000
 11 17.28218231772824 0.000000000000000
 12 18.75306631855151 0.000000000000000

 spin=1 k-point=623/1284 Cartesian=0.07789617997133459 0.08994676095058737 -0.03838182236892639 (3783 plane wave)
 1 -1.347916851316079 0.001562500000000037
 2 1.914594937150748 0.001562499126505879
 3 5.728748220178067 7.615852197172564e-14
 4 6.458696149754700 0.000000000000000
 5 8.241965852423965 0.000000000000000
 6 9.343877733753390 0.000000000000000
 7 11.58989677781072 0.000000000000000
 8 13.59260854926831 0.000000000000000
 9 15.41232664094106 0.000000000000000
 10 15.90690449742511 0.000000000000000
 11 16.74654351395466 0.000000000000000
 12 19.01266360926981 0.000000000000000

 spin=1 k-point=624/1284 Cartesian=0.05842213497850103 0.07870341583176403 -0.03838182236892639 (3794 plane wave)
 1 -2.024232726674554 0.001562500000000037
 2 1.249686792061405 0.001562499998868678
 3 5.582805789535030 3.277468944399925e-13
 4 7.673265790617900 0.000000000000000
 5 8.817765936069689 0.000000000000000
 6 10.96691232540568 0.000000000000000
 7 12.12825877474249 0.000000000000000
 8 14.96996938829752 0.000000000000000
 9 15.50890446914861 0.000000000000000
 10 16.41625345476375 0.000000000000000
 11 16.75684549465719 0.000000000000000
 12 18.51643953000555 0.000000000000000

 spin=1 k-point=625/1284 Cartesian=0.03894808998566748 0.06746007071294069 -0.03838182236892639 (3808 plane wave)
 1 -2.550774548500160 0.001562500000000037
 2 0.7283606692647376 0.001562499999993878
 3 5.100595562259342 4.071472401509980e-11
 4 9.461013477804951 0.000000000000000
 5 9.534215464968140 0.000000000000000
 6 12.69817663093318 0.000000000000000
 7 12.87705473843757 0.000000000000000
 8 14.85006180491265 0.000000000000000
 9 16.53689338726875 0.000000000000000
 10 16.88790314818245 0.000000000000000
 11 17.38951143206900 0.000000000000000
 12 17.47025756054579 0.000000000000000

 spin=1 k-point=626/1284 Cartesian=-0.01947404499283316 -0.05621672559411601 0.03838182236892686 (3804 plane wave)
 1 -2.927103875178678 0.001562500000000037
 2 0.3547871827265940 0.001562499999999890
 3 4.741451395047450 1.477388718339766e-09
 4 10.31599813373576 0.000000000000000
 5 11.45146477939040 0.000000000000000
 6 13.55351974814247 0.000000000000000
 7 14.36618347549409 0.000000000000000
 8 14.82847492933960 0.000000000000000
 9 15.48458690303559 0.000000000000000
 10 17.54241999591331 0.000000000000000
 11 17.89997773963960 0.000000000000000
 12 18.71375105498561 0.000000000000000

 spin=1 k-point=627/1284 Cartesian=0.000000000000000 -0.02248669023764622 0.03838182236892686 (3806 plane wave)
 1 -3.378916509891436 0.001562500000000037
 2 -0.09439843835950834 0.001562500000000035
 3 4.304121012400632 1.171560738730337e-07
 4 13.30442761366729 0.000000000000000
 5 13.99697481715201 0.000000000000000
 6 14.12639372183037 0.000000000000000
 7 15.25726062476391 0.000000000000000
 8 16.59954715213083 0.000000000000000
 9 16.68532605476046 0.000000000000000
 10 17.43184944283751 0.000000000000000
 11 17.64740334801008 0.000000000000000
 12 18.54855800519359 0.000000000000000

 spin=1 k-point=628/1284 Cartesian=0.01947404499283394 -0.01124334511882265 0.03838182236892686 (3806 plane wave)
 1 -3.378916509891883 0.001562500000000037
 2 -0.09439843834799956 0.001562500000000035
 3 4.304121012360335 1.171560739202401e-07
 4 13.30442760679905 0.000000000000000
 5 13.99697483667761 0.000000000000000
 6 14.12639371587999 0.000000000000000
 7 15.25726063084821 0.000000000000000
 8 16.59954715690158 0.000000000000000
 9 16.68532602333222 0.000000000000000
 10 17.43184943591575 0.000000000000000
 11 17.64740326706244 0.000000000000000
 12 18.54855796089159 0.000000000000000

 spin=1 k-point=629/1284 Cartesian=0.03894808998566748 0.000000000000000 0.03838182236892686 (3801 plane wave)
 1 -3.228287080929926 0.001562500000000037
 2 0.05542702498811776 0.001562500000000029
 3 4.450503000729586 2.710570991291505e-08
 4 12.31142288186230 0.000000000000000
 5 12.36183911397754 0.000000000000000
 6 14.18155057625884 0.000000000000000
 7 15.49986818381133 0.000000000000000
 8 15.63889623117254 0.000000000000000
 9 16.12538426091546 0.000000000000000
 10 16.40666452194782 0.000000000000000
 11 19.10784223670750 0.000000000000000
 12 19.11780561979421 0.000000000000000

 spin=1 k-point=630/1284 Cartesian=0.05842213497850103 0.01124334511882402 0.03838182236892686 (3804 plane wave)
 1 -2.927103875156784 0.001562500000000037
 2 0.3547871827321996 0.001562499999999890
 3 4.741451395202411 1.477388716050386e-09
 4 10.31599813259482 0.000000000000000
 5 11.45146477758859 0.000000000000000
 6 13.55351975271321 0.000000000000000
 7 14.36618347660508 0.000000000000000
 8 14.82847492759912 0.000000000000000
 9 15.48458690331927 0.000000000000000
 10 17.54241999523876 0.000000000000000
 11 17.89997774084573 0.000000000000000
 12 18.71375104832730 0.000000000000000

 spin=1 k-point=631/1284 Cartesian=0.07789617997133459 0.02248669023764736 0.03838182236892686 (3795 plane wave)
 1 -2.475537695757392 0.001562500000000037
 2 0.8028862678148052 0.001562499999987060
 3 5.169631164361303 2.041425883704251e-11
 4 8.408327786379804 0.000000000000000
 5 10.67402010168500 0.000000000000000
 6 11.71282671009167 0.000000000000000
 7 13.95559502580396 0.000000000000000
 8 14.39779942903482 0.000000000000000
 9 15.08127716895580 0.000000000000000
 10 16.34107662332307 0.000000000000000
 11 17.80320449887241 0.000000000000000
 12 18.51830039336734 0.000000000000000

 spin=1 k-point=632/1284 Cartesian=0.09737022496416814 0.03373003535647069 0.03838182236892686 (3795 plane wave)
 1 -1.873907005175758 0.001562500000000037
 2 1.397529059085162 0.001562499995037873
 3 5.669104764351299 1.382759999905836e-13
 4 6.708047371152838 0.000000000000000
 5 9.717897560055823 0.000000000000000
 6 10.30835188433248 0.000000000000000
 7 13.31898355270688 0.000000000000000
 8 13.84948956415616 0.000000000000000
 9 14.32411345291200 0.000000000000000
 10 15.93513345379916 0.000000000000000
 11 17.19299384300360 0.000000000000000
 12 18.12445657477931 0.000000000000000

 spin=1 k-point=633/1284 Cartesian=0.1168442699570017 0.04497338047529403 0.03838182236892686 (3791 plane wave)
 1 -1.122809692650165 0.001562500000000037
 2 2.129763883772390 0.001562492488524614
 3 4.892054048913238 3.276694274825485e-10
 4 6.554509394684980 0.000000000000000
 5 8.231452418120995 0.000000000000000
 6 9.747109927549639 0.000000000000000
 7 12.37941718190540 0.000000000000000
 8 13.13254550460012 0.000000000000000
 9 13.63678183050720 0.000000000000000
 10 16.37907615321041 0.000000000000000
 11 16.77323302481470 0.000000000000000
 12 17.82192517426979 0.000000000000000

 spin=1 k-point=634/1284 Cartesian=0.1363183149498352 0.05621672559411737 0.03838182236892686 (3790 plane wave)
 1 -0.2235038986981001 0.001562500000000036
 2 2.860910652111493 0.001551332829602558
 3 3.597120533477938 0.0001266355417295148
 4 6.569903913123798 0.000000000000000
 5 7.578934595703102 0.000000000000000
 6 9.423639233893597 0.000000000000000
 7 11.06432645316940 0.000000000000000
 8 12.76461521742084 0.000000000000000
 9 13.32081760203225 0.000000000000000
 10 16.37950112328103 0.000000000000000
 11 16.89167823612803 0.000000000000000
 12 17.93455805112481 0.000000000000000

 spin=1 k-point=635/1284 Cartesian=0.1557923599426688 0.06746007071294069 0.03838182236892686 (3781 plane wave)
 1 0.8206156423189011 0.001562499999984543
 2 1.993637772011916 0.001562498074522454
 3 4.164691631022428 4.722808563191054e-07
 4 5.324191081427982 4.351993779745147e-12
 5 8.451140558648911 0.000000000000000
 6 9.218481796966465 0.000000000000000
 7 9.892284099062259 0.000000000000000
 8 12.60101198587003 0.000000000000000
 9 13.16978139788515 0.000000000000000
 10 16.24192879260042 0.000000000000000
 11 16.95363278429813 0.000000000000000
 12 18.66062985132097 0.000000000000000

 spin=1 k-point=636/1284 Cartesian=0.1363183149498352 0.1011901060694107 -0.03838182236892639 (3781 plane wave)
 1 0.8206156391720846 0.001562499999984543
 2 1.993637784181709 0.001562498074522220
 3 4.164691586063482 4.722810685875211e-07
 4 5.324191129979853 4.351991666770697e-12
 5 8.451140605172338 0.000000000000000
 6 9.218481629546973 0.000000000000000
 7 9.892284209786348 0.000000000000000
 8 12.60101198102747 0.000000000000000
 9 13.16978140497920 0.000000000000000
 10 16.24192879884422 0.000000000000000
 11 16.95363277679288 0.000000000000000
 12 18.66062978606238 0.000000000000000

 spin=1 k-point=637/1284 Cartesian=0.1168442699570017 0.08994676095058737 -0.03838182236892639 (3790 plane wave)
 1 -0.2235038998209478 0.001562500000000036
 2 2.860910707639004 0.001551332823446020
 3 3.597120444845622 0.0001266356448729037
 4 6.569904031884796 0.000000000000000
 5 7.578934538846835 0.000000000000000
 6 9.423639141166383 0.000000000000000
 7 11.06432652629360 0.000000000000000
 8 12.76461519864573 0.000000000000000
 9 13.32081762759325 0.000000000000000
 10 16.37950115838811 0.000000000000000
 11 16.89167818345440 0.000000000000000
 12 17.93455800829892 0.000000000000000

 spin=1 k-point=638/1284 Cartesian=0.09737022496416814 0.07870341583176405 -0.03838182236892639 (3791 plane wave)
 1 -1.122809693095078 0.001562500000000037
 2 2.129763891886572 0.001562492488524004
 3 4.892053986637944 3.276696315397212e-10
 4 6.554509507085243 0.000000000000000
 5 8.231452391314656 0.000000000000000
 6 9.747109850953182 0.000000000000000
 7 12.37941724852930 0.000000000000000
 8 13.13254544307504 0.000000000000000
 9 13.63678189837007 0.000000000000000
 10 16.37907622218417 0.000000000000000
 11 16.77323290333279 0.000000000000000
 12 17.82192516615682 0.000000000000000

 spin=1 k-point=639/1284 Cartesian=0.07789617997133459 0.06746007071294070 -0.03838182236892639 (3795 plane wave)
 1 -1.873907005352799 0.001562500000000037
 2 1.397529061185969 0.001562499995037872
 3 5.669104714761843 1.382760685609336e-13
 4 6.708047441266859 0.000000000000000
 5 9.717897614910552 0.000000000000000
 6 10.30835177113197 0.000000000000000
 7 13.31898360800482 0.000000000000000
 8 13.84948945863018 0.000000000000000
 9 14.32411357574678 0.000000000000000
 10 15.93513345885927 0.000000000000000
 11 17.19299377282439 0.000000000000000
 12 18.12445658224166 0.000000000000000

 spin=1 k-point=640/1284 Cartesian=0.05842213497850103 0.05621672559411736 -0.03838182236892639 (3795 plane wave)
 1 -2.475537695821929 0.001562500000000037
 2 0.8028862684016848 0.001562499999987060
 3 5.169631158866835 2.041425995869791e-11
 4 8.408327803198352 0.000000000000000
 5 10.67402012520339 0.000000000000000
 6 11.71282664509271 0.000000000000000
 7 13.95559505807135 0.000000000000000
 8 14.39779943373984 0.000000000000000
 9 15.08127712013741 0.000000000000000
 10 16.34107671779668 0.000000000000000
 11 17.80320440914454 0.000000000000000
 12 18.51830046076074 0.000000000000000

 spin=1 k-point=641/1284 Cartesian=-0.03894808998566670 -0.04497338047529267 0.03838182236892686 (3804 plane wave)
 1 -2.927103875175219 0.001562500000000037
 2 0.3547871828549307 0.001562499999999890
 3 4.741451394348496 1.477388728666020e-09
 4 10.31599813997275 0.000000000000000
 5 11.45146478117311 0.000000000000000
 6 13.55351970900930 0.000000000000000
 7 14.36618352777695 0.000000000000000
 8 14.82847494697335 0.000000000000000
 9 15.48458680990830 0.000000000000000
 10 17.54241999404102 0.000000000000000
 11 17.89997794148642 0.000000000000000
 12 18.71375096060608 0.000000000000000

 spin=1 k-point=642/1284 Cartesian=-0.01947404499283316 -0.03373003535646933 0.03838182236892686 (3801 plane wave)
 1 -3.228287080932334 0.001562500000000037
 2 0.05542702498398796 0.001562500000000029
 3 4.450503000703957 2.710570991986194e-08
 4 12.31142291171506 0.000000000000000
 5 12.36183908624598 0.000000000000000
 6 14.18155057206496 0.000000000000000
 7 15.49986816117291 0.000000000000000
 8 15.63889625734005 0.000000000000000
 9 16.12538425499075 0.000000000000000
 10 16.40666452613869 0.000000000000000
 11 19.10784222890221 0.000000000000000
 12 19.11780561856045 0.000000000000000

 spin=1 k-point=643/1284 Cartesian=0.000000000000000 0.000000000000000 0.05757273355338881 (3814 plane wave)
 1 -3.179883589605257 0.001562500000000037
 2 -0.9882673605814121 0.001562500000000037
 3 5.590658846344666 3.029934111481651e-13
 4 12.05936436530649 0.000000000000000
 5 15.32738261738914 0.000000000000000
 6 15.32738265976653 0.000000000000000
 7 15.79881413335570 0.000000000000000
 8 15.79881416314544 0.000000000000000
 9 17.13413679511744 0.000000000000000
 10 17.33975833083970 0.000000000000000
 11 17.53741258432422 0.000000000000000
 12 17.53741262665850 0.000000000000000

 spin=1 k-point=644/1284 Cartesian=0.01947404499283394 0.01124334511882356 0.05757273355338881 (3788 plane wave)
 1 -3.104586500577460 0.001562500000000037
 2 -0.9132200744740845 0.001562500000000037
 3 5.663278308454995 1.465719246150671e-13
 4 12.10043718683267 0.000000000000000
 5 13.69249914049054 0.000000000000000
 6 14.40237060450953 0.000000000000000
 7 15.34965857040931 0.000000000000000
 8 15.99007726815045 0.000000000000000
 9 16.60604401147664 0.000000000000000
 10 16.87686759950774 0.000000000000000
 11 17.33596173460127 0.000000000000000
 12 18.58418792672970 0.000000000000000

 spin=1 k-point=645/1284 Cartesian=0.03894808998566748 0.02248669023764690 0.05757273355338881 (3792 plane wave)
 1 -2.878736660160186 0.001562500000000037
 2 -0.6881783285600108 0.001562500000000037
 3 5.879849364262737 1.680716313195982e-14
 4 11.47091152352559 0.000000000000000
 5 12.41950033687046 0.000000000000000
 6 13.42705123460888 0.000000000000000
 7 13.64168508361197 0.000000000000000
 8 14.87834345550146 0.000000000000000
 9 15.63254539680443 0.000000000000000
 10 16.71624076689934 0.000000000000000
 11 18.30496345321277 0.000000000000000
 12 19.70769428169420 0.000000000000000

 spin=1 k-point=646/1284 Cartesian=0.05842213497850103 0.03373003535647023 0.05757273355338881 (3800 plane wave)
 1 -2.502470144335527 0.001562500000000037
 2 -0.3134986122054913 0.001562500000000036
 3 6.233640690492061 0.000000000000000
 4 9.554156379842420 0.000000000000000
 5 11.67972343346925 0.000000000000000
 6 12.59588833437218 0.000000000000000
 7 12.65430679196158 0.000000000000000
 8 14.15551365725874 0.000000000000000
 9 14.80202798819196 0.000000000000000
 10 15.96768031790132 0.000000000000000
 11 18.53594244448796 0.000000000000000
 12 19.89216254608881 0.000000000000000

 spin=1 k-point=647/1284 Cartesian=0.07789617997133459 0.04497338047529358 0.05757273355338881 (3794 plane wave)
 1 -1.976062099074244 0.001562500000000037
 2 0.2099524145895987 0.001562500000000002
 3 6.669350734793055 0.000000000000000
 4 7.771007299155519 0.000000000000000
 5 9.870747874776560 0.000000000000000
 6 11.91452557891194 0.000000000000000
 7 12.78102339073022 0.000000000000000
 8 13.80409467355690 0.000000000000000
 9 14.12111333057796 0.000000000000000
 10 15.23661601720152 0.000000000000000
 11 16.90742932405131 0.000000000000000
 12 20.74853959359744 0.000000000000000

 spin=1 k-point=648/1284 Cartesian=0.09737022496416814 0.05621672559411691 0.05757273355338881 (3799 plane wave)
 1 -1.300044872513663 0.001562500000000037
 2 0.8797982565295079 0.001562499999972034
 3 5.898363339352027 1.396655267025851e-14
 4 7.381259050959248 0.000000000000000
 5 8.280716422098703 0.000000000000000
 6 11.38413948197084 0.000000000000000
 7 12.53843859623100 0.000000000000000
 8 13.59103393899250 0.000000000000000
 9 13.94799913490614 0.000000000000000
 10 14.42768419399708 0.000000000000000
 11 15.77910611879768 0.000000000000000
 12 20.22879927945138 0.000000000000000

 spin=1 k-point=649/1284 Cartesian=0.1168442699570017 0.06746007071294025 0.05757273355338881 (3792 plane wave)
 1 -0.4755561576216923 0.001562500000000037
 2 1.685983787241315 0.001562499911199750
 3 4.383773325880163 5.282712835796726e-08
 4 6.498267203492022 0.000000000000000
 5 8.368330268442657 0.000000000000000
 6 11.00513381063909 0.000000000000000
 7 12.14011609036925 0.000000000000000
 8 13.13912211506181 0.000000000000000
 9 13.21222784781054 0.000000000000000
 10 14.36827907772291 0.000000000000000
 11 15.57795179285240 0.000000000000000
 12 19.67055540306234 0.000000000000000

 spin=1 k-point=650/1284 Cartesian=0.1363183149498352 0.07870341583176359 0.05757273355338881 (3803 plane wave)
 1 0.4942989773152666 0.001562499999999444
 2 2.455787686443245 0.001562304306376980
 3 3.171534757234950 0.001346064837797511
 4 5.120024320278126 3.352536019748910e-11
 5 9.265693140805137 0.000000000000000
 6 10.77768058258487 0.000000000000000
 7 11.40114036027551 0.000000000000000
 8 12.40643029339772 0.000000000000000
 9 12.98488734197807 0.000000000000000
 10 14.31817674642567 0.000000000000000
 11 16.20871818713640 0.000000000000000
 12 18.39387275384108 0.000000000000000

 spin=1 k-point=651/1284 Cartesian=0.1557923599426688 0.08994676095058692 0.05757273355338881 (3794 plane wave)
 1 1.591510289380518 0.001562499965476037
 2 1.598408391589779 0.001562499963010476
 3 3.855456375869095 1.033809701836127e-05
 4 3.905850576035917 6.262104147457088e-06
 5 10.26747513279962 0.000000000000000
 6 10.35881574124404 0.000000000000000
 7 10.70185556121048 0.000000000000000
 8 12.24896888700535 0.000000000000000
 9 12.90909879516171 0.000000000000000
 10 14.27149553227028 0.000000000000000
 11 17.06538193599256 0.000000000000000
 12 17.35639059445367 0.000000000000000

 spin=1 k-point=652/1284 Cartesian=0.1363183149498352 0.07870341583176359 -0.05757273355338832 (3803 plane wave)
 1 0.4942989739804776 0.001562499999999444
 2 2.455787744463045 0.001562304306263453
 3 3.171534671736481 0.001346064997213575
 4 5.120024362036438 3.352534619786424e-11
 5 9.265693151291716 0.000000000000000
 6 10.77768058257642 0.000000000000000
 7 11.40114017781253 0.000000000000000
 8 12.40643048545729 0.000000000000000
 9 12.98488734201458 0.000000000000000
 10 14.31817679379432 0.000000000000000
 11 16.20871803130479 0.000000000000000
 12 18.39387285130321 0.000000000000000

 spin=1 k-point=653/1284 Cartesian=0.1168442699570017 0.06746007071294025 -0.05757273355338832 (3792 plane wave)
 1 -0.4755561588346164 0.001562500000000037
 2 1.685983796389728 0.001562499911199741
 3 4.383773282870053 5.282715107821474e-08
 4 6.498267282238350 0.000000000000000
 5 8.368330235059751 0.000000000000000
 6 11.00513381061734 0.000000000000000
 7 12.14011582780421 0.000000000000000
 8 13.13912242133724 0.000000000000000
 9 13.21222784789032 0.000000000000000
 10 14.36827924843854 0.000000000000000
 11 15.57795150828164 0.000000000000000
 12 19.67055550911749 0.000000000000000

 spin=1 k-point=654/1284 Cartesian=0.09737022496416814 0.05621672559411691 -0.05757273355338832 (3799 plane wave)
 1 -1.300044872989506 0.001562500000000037
 2 0.8797982590897606 0.001562499999972034
 3 5.898363269043807 1.396656248989882e-14
 4 7.381259255722530 0.000000000000000
 5 8.280716292058003 0.000000000000000
 6 11.38413948192897 0.000000000000000
 7 12.53843842356751 0.000000000000000
 8 13.59103393913913 0.000000000000000
 9 13.94799915000828 0.000000000000000
 10 14.42768463113456 0.000000000000000
 11 15.77910578490932 0.000000000000000
 12 20.22879927747899 0.000000000000000

 spin=1 k-point=655/1284 Cartesian=-0.07789617997133380 -0.04497338047529312 0.05757273355338881 (3794 plane wave)
 1 -1.976062099255659 0.001562500000000037
 2 0.2099524154260685 0.001562500000000002
 3 6.669350682283689 0.000000000000000
 4 7.771007393075892 0.000000000000000
 5 9.870747838150535 0.000000000000000
 6 11.91452557885322 0.000000000000000
 7 12.78102330340136 0.000000000000000
 8 13.80409467137873 0.000000000000000
 9 14.12111333080323 0.000000000000000
 10 15.23661624741754 0.000000000000000
 11 16.90742913946551 0.000000000000000
 12 20.74853958584310 0.000000000000000

 spin=1 k-point=656/1284 Cartesian=-0.05842213497850025 -0.03373003535646978 0.05757273355338881 (3800 plane wave)
 1 -2.502470144395302 0.001562500000000037
 2 -0.3134986119476171 0.001562500000000036
 3 6.233640684946340 0.000000000000000
 4 9.554156409574437 0.000000000000000
 5 11.67972340139773 0.000000000000000
 6 12.59588833428068 0.000000000000000
 7 12.65430680052601 0.000000000000000
 8 14.15551358982137 0.000000000000000
 9 14.80202798857366 0.000000000000000
 10 15.96768042992530 0.000000000000000
 11 18.53594237289345 0.000000000000000
 12 19.89216254371168 0.000000000000000

 spin=1 k-point=657/1284 Cartesian=-0.03894808998566670 -0.02248669023764645 0.05757273355338881 (3792 plane wave)
 1 -2.878736660173312 0.001562500000000037
 2 -0.6881783285012495 0.001562500000000037
 3 5.879849363368562 1.680716328224533e-14
 4 11.47091155004069 0.000000000000000
 5 12.41950029194257 0.000000000000000
 6 13.42705123446114 0.000000000000000
 7 13.64168514595395 0.000000000000000
 8 14.87834336135337 0.000000000000000
 9 15.63254539760100 0.000000000000000
 10 16.71624080510836 0.000000000000000
 11 18.30496345216112 0.000000000000000
 12 19.70769453875570 0.000000000000000

 spin=1 k-point=658/1284 Cartesian=-0.01947404499283316 -0.01124334511882311 0.05757273355338881 (3788 plane wave)
 1 -3.104586500577457 0.001562500000000037
 2 -0.9132200744703067 0.001562500000000037
 3 5.663278308360600 1.465719247534235e-13
 4 12.10043718908183 0.000000000000000
 5 13.69249913418669 0.000000000000000
 6 14.40237060426071 0.000000000000000
 7 15.34965863082828 0.000000000000000
 8 15.99007719160952 0.000000000000000
 9 16.60604401808588 0.000000000000000
 10 16.87686759303996 0.000000000000000
 11 17.33596167131759 0.000000000000000
 12 18.58418801709600 0.000000000000000

 spin=1 k-point=659/1284 Cartesian=0.000000000000000 0.02248669023764713 0.05757273355338881 (3788 plane wave)
 1 -3.104586500579073 0.001562500000000037
 2 -0.9132200744831794 0.001562500000000037
 3 5.663278308379814 1.465719247252615e-13
 4 12.10043718927741 0.000000000000000
 5 13.69249912819335 0.000000000000000
 6 14.40237061628625 0.000000000000000
 7 15.34965862580641 0.000000000000000
 8 15.99007718339336 0.000000000000000
 9 16.60604403015888 0.000000000000000
 10 16.87686759369814 0.000000000000000
 11 17.33596166468553 0.000000000000000
 12 18.58418801890477 0.000000000000000

 spin=1 k-point=660/1284 Cartesian=0.01947404499283394 0.03373003535647069 0.05757273355338881 (3800 plane wave)
 1 -2.954012680269129 0.001562500000000037
 2 -0.7631739643506361 0.001562500000000037
 3 5.807936456629985 3.449914099132820e-14
 4 12.06700311330300 0.000000000000000
 5 12.62629370413285 0.000000000000000
 6 12.88088892550934 0.000000000000000
 7 14.80273459720476 0.000000000000000
 8 14.88737023862564 0.000000000000000
 9 16.25814616720836 0.000000000000000
 10 16.59878612844728 0.000000000000000
 11 18.43525274150807 0.000000000000000
 12 18.64087187215986 0.000000000000000

 spin=1 k-point=661/1284 Cartesian=0.03894808998566748 0.04497338047529403 0.05757273355338881 (3791 plane wave)
 1 -2.652951285856060 0.001562500000000037
 2 -0.4632974591286190 0.001562500000000037
 3 6.094064082706522 1.973201722319504e-15
 4 10.56214633541390 0.000000000000000
 5 11.66389357746877 0.000000000000000
 6 12.48693534263125 0.000000000000000
 7 13.03846366808437 0.000000000000000
 8 14.00544009710314 0.000000000000000
 9 15.62964978178162 0.000000000000000
 10 17.46606520317738 0.000000000000000
 11 18.09414108606895 0.000000000000000
 12 19.37496133382023 0.000000000000000

 spin=1 k-point=662/1284 Cartesian=0.05842213497850103 0.05621672559411736 0.05757273355338881 (3802 plane wave)
 1 -2.201600514896342 0.001562500000000037
 2 -0.01415307834156853 0.001562500000000033
 3 6.505577495679146 0.000000000000000
 4 8.680311522167337 0.000000000000000
 5 10.67026742477467 0.000000000000000
 6 11.16054401791231 0.000000000000000
 7 12.95367935557228 0.000000000000000
 8 13.39358350978424 0.000000000000000
 9 14.93601787336270 0.000000000000000
 10 16.77741489099098 0.000000000000000
 11 17.83393386088524 0.000000000000000
 12 19.42418811587113 0.000000000000000

 spin=1 k-point=663/1284 Cartesian=0.07789617997133459 0.06746007071294070 0.05757273355338881 (3794 plane wave)
 1 -1.600342997013491 0.001562500000000037
 2 0.5828609051096965 0.001562499999998599
 3 6.648933875524358 0.000000000000000
 4 7.311108239829387 0.000000000000000
 5 9.049697939840188 0.000000000000000
 6 10.46393609928408 0.000000000000000
 7 12.57682612274914 0.000000000000000
 8 13.56910620760590 0.000000000000000
 9 14.37247428404152 0.000000000000000
 10 15.69494307096786 0.000000000000000
 11 16.76046618671884 0.000000000000000
 12 19.25723904899817 0.000000000000000

 spin=1 k-point=664/1284 Cartesian=0.09737022496416814 0.07870341583176405 0.05757273355338881 (3793 plane wave)
 1 -0.8499434627137005 0.001562500000000037
 2 1.323238251941959 0.001562499997639394
 3 5.183422603396044 1.778435604240317e-11
 4 7.220788133771577 0.000000000000000
 5 8.076537420368778 0.000000000000000
 6 10.01265518552378 0.000000000000000
 7 12.13451749165452 0.000000000000000
 8 13.56708652432814 0.000000000000000
 9 13.80831018635249 0.000000000000000
 10 15.00932465610123 0.000000000000000
 11 16.23819755939087 0.000000000000000
 12 18.82482214676202 0.000000000000000

 spin=1 k-point=665/1284 Cartesian=0.1168442699570017 0.08994676095058737 0.05757273355338881 (3795 plane wave)
 1 0.04779626669338184 0.001562500000000030
 2 2.176828686178066 0.001562487973925656
 3 3.746872565772118 3.022824892043150e-05
 4 5.849937346649456 2.266734679785345e-14
 5 8.776236488734405 0.000000000000000
 6 9.749983849500756 0.000000000000000
 7 11.76230473170760 0.000000000000000
 8 12.50557636117884 0.000000000000000
 9 13.53726650946162 0.000000000000000
 10 15.34759044433971 0.000000000000000
 11 16.11082397712383 0.000000000000000
 12 18.43711781720634 0.000000000000000

 spin=1 k-point=666/1284 Cartesian=0.1363183149498352 0.1011901060694107 0.05757273355338881 (3803 plane wave)
 1 1.086806178736670 0.001562499999778106
 2 2.215573486766762 0.001562482283053443
 3 3.409672136730162 0.0005703135596109033
 4 4.532903701713470 1.189058522810191e-08
 5 9.335931526599630 0.000000000000000
 6 9.997707798476739 0.000000000000000
 7 11.01988748488725 0.000000000000000
 8 11.88718730387580 0.000000000000000
 9 13.40520556129313 0.000000000000000
 10 15.47265653417477 0.000000000000000
 11 16.70044160113814 0.000000000000000
 12 17.75322362313460 0.000000000000000

 spin=1 k-point=667/1284 Cartesian=0.1557923599426688 0.1124334511882340 0.05757273355338881 (3803 plane wave)
 1 1.086806172848102 0.001562499999778106
 2 2.215573517137069 0.001562482283048062
 3 3.409672078623992 0.0005703137700417257
 4 4.532903740259556 1.189058064478127e-08
 5 9.335931612219953 0.000000000000000
 6 9.997707595301417 0.000000000000000
 7 11.01988764769693 0.000000000000000
 8 11.88718724510720 0.000000000000000
 9 13.40520557569298 0.000000000000000
 10 15.47265658775682 0.000000000000000
 11 16.70044144511371 0.000000000000000
 12 17.75322373786324 0.000000000000000

 spin=1 k-point=668/1284 Cartesian=0.1363183149498352 0.05621672559411737 -0.05757273355338832 (3795 plane wave)
 1 0.04779626479354759 0.001562500000000030
 2 2.176828707077923 0.001562487973923143
 3 3.746872515221427 3.022826390540827e-05
 4 5.849937399324096 2.266733485791043e-14
 5 8.776236536985300 0.000000000000000
 6 9.749983702718058 0.000000000000000
 7 11.76230489324785 0.000000000000000
 8 12.50557623293333 0.000000000000000
 9 13.53726656685309 0.000000000000000
 10 15.34759062612537 0.000000000000000
 11 16.11082370931724 0.000000000000000
 12 18.43711789393597 0.000000000000000

 spin=1 k-point=669/1284 Cartesian=0.1168442699570017 0.04497338047529403 -0.05757273355338832 (3793 plane wave)
 1 -0.8499434634150271 0.001562500000000037
 2 1.323238256427412 0.001562499997639394
 3 5.183422555341129 1.778436458866465e-11
 4 7.220788293457661 0.000000000000000
 5 8.076537334578104 0.000000000000000
 6 10.01265509420764 0.000000000000000
 7 12.13451758347814 0.000000000000000
 8 13.56708631874102 0.000000000000000
 9 13.80831032791552 0.000000000000000
 10 15.00932485749292 0.000000000000000
 11 16.23819733623290 0.000000000000000
 12 18.82482218860901 0.000000000000000

 spin=1 k-point=670/1284 Cartesian=-0.09737022496416733 -0.03373003535646932 0.05757273355338881 (3794 plane wave)
 1 -1.600342997268699 0.001562500000000037
 2 0.5828609064562078 0.001562499999998599
 3 6.648933741162334 0.000000000000000
 4 7.311108438408211 0.000000000000000
 5 9.049697904737693 0.000000000000000
 6 10.46393601354613 0.000000000000000
 7 12.57682620359200 0.000000000000000
 8 13.56910620653987 0.000000000000000
 9 14.37247416758906 0.000000000000000
 10 15.69494336207034 0.000000000000000
 11 16.76046594365624 0.000000000000000
 12 19.25723908929662 0.000000000000000

 spin=1 k-point=671/1284 Cartesian=-0.07789617997133380 -0.02248669023764599 0.05757273355338881 (3802 plane wave)
 1 -2.201600514973920 0.001562500000000037
 2 -0.01415307794075689 0.001562500000000033
 3 6.505577482237324 0.000000000000000
 4 8.680311563720412 0.000000000000000
 5 10.67026747990419 0.000000000000000
 6 11.16054387489537 0.000000000000000
 7 12.95367946629289 0.000000000000000
 8 13.39358347638536 0.000000000000000
 9 14.93601779370137 0.000000000000000
 10 16.77741508654824 0.000000000000000
 11 17.83393369829001 0.000000000000000
 12 19.42418826512063 0.000000000000000

 spin=1 k-point=672/1284 Cartesian=-0.05842213497850025 -0.01124334511882266 0.05757273355338881 (3791 plane wave)
 1 -2.652951285866710 0.001562500000000037
 2 -0.4632974590431151 0.001562500000000037
 3 6.094064081152899 1.973201752975613e-15
 4 10.56214635436719 0.000000000000000
 5 11.66389357982863 0.000000000000000
 6 12.48693525586065 0.000000000000000
 7 13.03846374248934 0.000000000000000
 8 14.00544010090286 0.000000000000000
 9 15.62964972567067 0.000000000000000
 10 17.46606520008913 0.000000000000000
 11 18.09414125962516 0.000000000000000
 12 19.37496122449685 0.000000000000000

 spin=1 k-point=673/1284 Cartesian=-0.03894808998566670 0.000000000000000 0.05757273355338881 (3800 plane wave)
 1 -2.954012680261709 0.001562500000000037
 2 -0.7631739643549381 0.001562500000000037
 3 5.807936456608375 3.449914099878338e-14
 4 12.06700310525193 0.000000000000000
 5 12.62629373121847 0.000000000000000
 6 12.88088890554954 0.000000000000000
 7 14.80273462363641 0.000000000000000
 8 14.88737021169528 0.000000000000000
 9 16.25814617101047 0.000000000000000
 10 16.59878612597105 0.000000000000000
 11 18.43525274704314 0.000000000000000
 12 18.64087186963033 0.000000000000000

 spin=1 k-point=674/1284 Cartesian=-0.01947404499283316 0.01124334511882402 0.05757273355338881 (3788 plane wave)
 1 -3.104586500574641 0.001562500000000037
 2 -0.9132200744920750 0.001562500000000037
 3 5.663278308450533 1.465719246216074e-13
 4 12.10043718691301 0.000000000000000
 5 13.69249913791936 0.000000000000000
 6 14.40237061081234 0.000000000000000
 7 15.34965856560648 0.000000000000000
 8 15.99007726384858 0.000000000000000
 9 16.60604401788811 0.000000000000000
 10 16.87686760279020 0.000000000000000
 11 17.33596173342238 0.000000000000000
 12 18.58418792092968 0.000000000000000

 spin=1 k-point=675/1284 Cartesian=0.000000000000000 0.04497338047529380 0.05757273355338881 (3792 plane wave)
 1 -2.878736660185901 0.001562500000000037
 2 -0.6881783285376504 0.001562500000000037
 3 5.879849363365018 1.680716328284095e-14
 4 11.47091155105501 0.000000000000000
 5 12.41950028727055 0.000000000000000
 6 13.42705124374702 0.000000000000000
 7 13.64168514431614 0.000000000000000
 8 14.87834335397389 0.000000000000000
 9 15.63254540692780 0.000000000000000
 10 16.71624079769413 0.000000000000000
 11 18.30496345568730 0.000000000000000
 12 19.70769453618836 0.000000000000000

 spin=1 k-point=676/1284 Cartesian=0.01947404499283394 0.05621672559411736 0.05757273355338881 (3791 plane wave)
 1 -2.652951285888682 0.001562500000000037
 2 -0.4632974590643049 0.001562500000000037
 3 6.094064081123717 1.973201753551433e-15
 4 10.56214635599305 0.000000000000000
 5 11.66389358006884 0.000000000000000
 6 12.48693524906882 0.000000000000000
 7 13.03846374799262 0.000000000000000
 8 14.00544010303991 0.000000000000000
 9 15.62964972185402 0.000000000000000
 10 17.46606520070410 0.000000000000000
 11 18.09414126002240 0.000000000000000
 12 19.37496121366623 0.000000000000000

 spin=1 k-point=677/1284 Cartesian=0.03894808998566748 0.06746007071294069 0.05757273355338881 (3798 plane wave)
 1 -2.276796499378760 0.001562500000000037
 2 -0.08890673978527221 0.001562500000000035
 3 6.443143505956366 0.000000000000000
 4 9.707619468181393 0.000000000000000
 5 9.796766983562373 0.000000000000000
 6 11.84416303806677 0.000000000000000
 7 12.08595186790063 0.000000000000000
 8 13.18382933371506 0.000000000000000
 9 16.89706757104952 0.000000000000000
 10 17.25177722543611 0.000000000000000
 11 18.22331979599877 0.000000000000000
 12 18.69131294971065 0.000000000000000

 spin=1 k-point=678/1284 Cartesian=0.05842213497850103 0.07870341583176403 0.05757273355338881 (3801 plane wave)
 1 -1.750554107648276 0.001562500000000037
 2 0.4340923553171028 0.001562499999999712
 3 6.874673775226894 0.000000000000000
 4 7.968482225446116 0.000000000000000
 5 9.048496159613837 0.000000000000000
 6 10.20760085988859 0.000000000000000
 7 11.33144679673840 0.000000000000000
 8 13.59625486317036 0.000000000000000
 9 16.25516573675431 0.000000000000000
 10 16.96657090586796 0.000000000000000
 11 17.79077143327166 0.000000000000000
 12 18.48114044230585 0.000000000000000

 spin=1 k-point=679/1284 Cartesian=0.07789617997133459 0.08994676095058737 0.05757273355338881 (3790 plane wave)
 1 -1.074765841836034 0.001562500000000037
 2 1.103273104352056 0.001562499999738379
 3 6.119459674610617 1.530663776204122e-15
 4 7.565023047013376 0.000000000000000
 5 8.190458010815133 0.000000000000000
 6 8.955435534696287 0.000000000000000
 7 10.81887429582656 0.000000000000000
 8 14.07750086168410 0.000000000000000
 9 15.02668842410954 0.000000000000000
 10 16.20165520285514 0.000000000000000
 11 17.28511984051456 0.000000000000000
 12 18.35988778344278 0.000000000000000

 spin=1 k-point=680/1284 Cartesian=0.09737022496416814 0.1011901060694107 0.05757273355338881 (3792 plane wave)
 1 -0.2505795265727999 0.001562500000000036
 2 1.908584461680378 0.001562499177460373
 3 4.604648924632412 5.802555483368437e-09
 4 6.698738005191527 0.000000000000000
 5 8.015254523539527 0.000000000000000
 6 8.812507704473946 0.000000000000000
 7 10.46490804833098 0.000000000000000
 8 13.33020345203374 0.000000000000000
 9 14.91909017921736 0.000000000000000
 10 15.92080510866016 0.000000000000000
 11 16.92710625233945 0.000000000000000
 12 18.03942636325268 0.000000000000000

 spin=1 k-point=681/1284 Cartesian=0.1168442699570017 0.1124334511882340 0.05757273355338881 (3790 plane wave)
 1 0.7189010416750852 0.001562499999994434
 2 2.679420153661767 0.001560670442967507
 3 3.390467679389378 0.0006414889410774062
 4 5.330672834215104 4.078855917398713e-12
 5 7.929995525858510 0.000000000000000
 6 9.462645903532195 0.000000000000000
 7 10.33150862417320 0.000000000000000
 8 12.02244397539833 0.000000000000000
 9 15.16738932314547 0.000000000000000
 10 16.15746355278428 0.000000000000000
 11 16.78690161257592 0.000000000000000
 12 17.81138700099973 0.000000000000000

 spin=1 k-point=682/1284 Cartesian=0.1363183149498352 0.1236767963070574 0.05757273355338881 (3790 plane wave)
 1 1.813378830688502 0.001562499682543637
 2 1.825124352425967 0.001562499642978643
 3 4.064043217401472 1.291466471237099e-06
 4 4.129474123155201 6.715721223464927e-07
 5 7.872630820915478 0.000000000000000
 6 9.823564766654700 0.000000000000000
 7 10.76654341898655 0.000000000000000
 8 10.98921286507305 0.000000000000000
 9 15.17551653545552 0.000000000000000
 10 16.36589220470953 0.000000000000000
 11 16.99211508364961 0.000000000000000
 12 17.65393635894787 0.000000000000000

 spin=1 k-point=683/1284 Cartesian=0.1557923599426688 0.1349201414258807 0.05757273355338881 (3790 plane wave)
 1 0.7189010386985258 0.001562499999994434
 2 2.679420210214171 0.001560670441934060
 3 3.390467593713134 0.0006414892650397638
 4 5.330672878860255 4.078854096387326e-12
 5 7.929995569337058 0.000000000000000
 6 9.462645665358172 0.000000000000000
 7 10.33150884636560 0.000000000000000
 8 12.02244393899342 0.000000000000000
 9 15.16738931639966 0.000000000000000
 10 16.15746346980869 0.000000000000000
 11 16.78690179428027 0.000000000000000
 12 17.81138684453003 0.000000000000000

 spin=1 k-point=684/1284 Cartesian=0.1363183149498352 0.03373003535647069 -0.05757273355338832 (3792 plane wave)
 1 -0.2505795275349343 0.001562500000000036
 2 1.908584469770811 0.001562499177460307
 3 4.604648881751721 5.802557971536277e-09
 4 6.698738082277782 0.000000000000000
 5 8.015254661194330 0.000000000000000
 6 8.812507407055088 0.000000000000000
 7 10.46490818615820 0.000000000000000
 8 13.33020345136133 0.000000000000000
 9 14.91909011866588 0.000000000000000
 10 15.92080512660204 0.000000000000000
 11 16.92710634422721 0.000000000000000
 12 18.03942626435570 0.000000000000000

 spin=1 k-point=685/1284 Cartesian=-0.1168442699570009 -0.02248669023764599 0.05757273355338881 (3790 plane wave)
 1 -1.074765842133670 0.001562500000000037
 2 1.103273106263031 0.001562499999738379
 3 6.119459606651065 1.530664816436975e-15
 4 7.565023237404442 0.000000000000000
 5 8.190458066202950 0.000000000000000
 6 8.955435265061816 0.000000000000000
 7 10.81887439788373 0.000000000000000
 8 14.07750091167184 0.000000000000000
 9 15.02668827640790 0.000000000000000
 10 16.20165529820056 0.000000000000000
 11 17.28511988814907 0.000000000000000
 12 18.35988771925336 0.000000000000000

 spin=1 k-point=686/1284 Cartesian=-0.09737022496416733 -0.01124334511882266 0.05757273355338881 (3801 plane wave)
 1 -1.750554107704133 0.001562500000000037
 2 0.4340923557395181 0.001562499999999712
 3 6.874673739107152 0.000000000000000
 4 7.968482299167956 0.000000000000000
 5 9.048496172337124 0.000000000000000
 6 10.20760072956426 0.000000000000000
 7 11.33144688486271 0.000000000000000
 8 13.59625486794570 0.000000000000000
 9 16.25516556353376 0.000000000000000
 10 16.96657111040524 0.000000000000000
 11 17.79077147149132 0.000000000000000
 12 18.48114044487367 0.000000000000000

 spin=1 k-point=687/1284 Cartesian=-0.07789617997133380 0.000000000000000 0.05757273355338881 (3798 plane wave)
 1 -2.276796499353154 0.001562500000000037
 2 -0.08890673978933857 0.001562500000000035
 3 6.443143506057206 0.000000000000000
 4 9.707619440836796 0.000000000000000
 5 9.796767009118827 0.000000000000000
 6 11.84416306297481 0.000000000000000
 7 12.08595184260932 0.000000000000000
 8 13.18382933604883 0.000000000000000
 9 16.89706757685901 0.000000000000000
 10 17.25177721976145 0.000000000000000
 11 18.22331981229475 0.000000000000000
 12 18.69131292305424 0.000000000000000

 spin=1 k-point=688/1284 Cartesian=-0.05842213497850025 0.01124334511882401 0.05757273355338881 (3791 plane wave)
 1 -2.652951285848686 0.001562500000000037
 2 -0.4632974591604596 0.001562500000000037
 3 6.094064082646718 1.973201723499548e-15
 4 10.56214633178936 0.000000000000000
 5 11.66389358212629 0.000000000000000
 6 12.48693534481737 0.000000000000000
 7 13.03846366612874 0.000000000000000
 8 14.00544009810803 0.000000000000000
 9 15.62964977900346 0.000000000000000
 10 17.46606520710088 0.000000000000000
 11 18.09414108645120 0.000000000000000
 12 19.37496133126822 0.000000000000000

 spin=1 k-point=689/1284 Cartesian=-0.03894808998566670 0.02248669023764735 0.05757273355338881 (3792 plane wave)
 1 -2.878736660160433 0.001562500000000037
 2 -0.6881783286059704 0.001562500000000037
 3 5.879849364211746 1.680716314052996e-14
 4 11.47091152182663 0.000000000000000
 5 12.41950033750397 0.000000000000000
 6 13.42705124030367 0.000000000000000
 7 13.64168508376322 0.000000000000000
 8 14.87834344794831 0.000000000000000
 9 15.63254540242171 0.000000000000000
 10 16.71624076412125 0.000000000000000
 11 18.30496345733469 0.000000000000000
 12 19.70769427636267 0.000000000000000

 spin=1 k-point=690/1284 Cartesian=-0.01947404499283316 0.03373003535647068 0.05757273355338881 (3800 plane wave)
 1 -2.954012680272403 0.001562500000000037
 2 -0.7631739643771233 0.001562500000000037
 3 5.807936456588468 3.449914100565134e-14
 4 12.06700311349911 0.000000000000000
 5 12.62629369841937 0.000000000000000
 6 12.88088893130432 0.000000000000000
 7 14.80273459289891 0.000000000000000
 8 14.88737024470679 0.000000000000000
 9 16.25814617020416 0.000000000000000
 10 16.59878612525203 0.000000000000000
 11 18.43525274411839 0.000000000000000
 12 18.64087186800549 0.000000000000000

 spin=1 k-point=691/1284 Cartesian=0.000000000000000 0.06746007071294047 0.05757273355338881 (3800 plane wave)
 1 -2.502470144429676 0.001562500000000037
 2 -0.3134986120232663 0.001562500000000036
 3 6.233640684811642 0.000000000000000
 4 9.554156410217848 0.000000000000000
 5 11.67972339910310 0.000000000000000
 6 12.59588834265288 0.000000000000000
 7 12.65430679667384 0.000000000000000
 8 14.15551358553691 0.000000000000000
 9 14.80202799698922 0.000000000000000
 10 15.96768042306761 0.000000000000000
 11 18.53594236892527 0.000000000000000
 12 19.89216254824182 0.000000000000000

 spin=1 k-point=692/1284 Cartesian=0.01947404499283394 0.07870341583176403 0.05757273355338881 (3802 plane wave)
 1 -2.201600515022510 0.001562500000000037
 2 -0.01415307800717213 0.001562500000000033
 3 6.505577481854198 0.000000000000000
 4 8.680311565206667 0.000000000000000
 5 10.67026748182336 0.000000000000000
 6 11.16054387092403 0.000000000000000
 7 12.95367947213962 0.000000000000000
 8 13.39358347396484 0.000000000000000
 9 14.93601779191965 0.000000000000000
 10 16.77741508608365 0.000000000000000
 11 17.83393369515569 0.000000000000000
 12 19.42418826656212 0.000000000000000

 spin=1 k-point=693/1284 Cartesian=0.03894808998566748 0.08994676095058736 0.05757273355338881 (3801 plane wave)
 1 -1.750554107761428 0.001562500000000037
 2 0.4340923556893517 0.001562499999999712
 3 6.874673737280035 0.000000000000000
 4 7.968482304314027 0.000000000000000
 5 9.048496172716195 0.000000000000000
 6 10.20760072193458 0.000000000000000
 7 11.33144689003081 0.000000000000000
 8 13.59625486702843 0.000000000000000
 9 16.25516556234484 0.000000000000000
 10 16.96657110690378 0.000000000000000
 11 17.79077148080672 0.000000000000000
 12 18.48114044344683 0.000000000000000

 spin=1 k-point=694/1284 Cartesian=0.05842213497850103 0.1011901060694107 0.05757273355338881 (3789 plane wave)
 1 -1.149735407788657 0.001562500000000037
 2 1.029681077480337 0.001562499999874686
 3 7.014295381281994 0.000000000000000
 4 7.252677068383049 0.000000000000000
 5 7.797160676350500 0.000000000000000
 6 9.494545266123588 0.000000000000000
 7 9.746086294837593 0.000000000000000
 8 14.09877668380743 0.000000000000000
 9 16.15339439072542 0.000000000000000
 10 16.18006223356614 0.000000000000000
 11 18.12866425245364 0.000000000000000
 12 18.39791454787245 0.000000000000000

 spin=1 k-point=695/1284 Cartesian=0.07789617997133459 0.1124334511882340 0.05757273355338881 (3787 plane wave)
 1 -0.3999400889318417 0.001562500000000037
 2 1.767848375925959 0.001562499798651806
 3 5.621822234413509 2.218667780590104e-13
 4 6.752110619745621 0.000000000000000
 5 7.674727552082552 0.000000000000000
 6 8.521420423969207 0.000000000000000
 7 9.320649031266868 0.000000000000000
 8 14.19505782233987 0.000000000000000
 9 15.06637655684314 0.000000000000000
 10 15.88518556369299 0.000000000000000
 11 17.85477651824673 0.000000000000000
 12 19.78541687511275 0.000000000000000

 spin=1 k-point=696/1284 Cartesian=0.09737022496416814 0.1236767963070574 0.05757273355338881 (3785 plane wave)
 1 0.4969954293677769 0.001562499999999427
 2 2.618691818474257 0.001561502672933748
 3 4.186471476958599 3.798720510455339e-07
 4 6.133998741710373 1.323541072388124e-15
 5 6.710049045266330 0.000000000000000
 6 8.588327217910010 0.000000000000000
 7 9.622719030925760 0.000000000000000
 8 12.94426900358182 0.000000000000000
 9 15.14787867237693 0.000000000000000
 10 16.13094988692782 0.000000000000000
 11 17.59029393060526 0.000000000000000
 12 19.46100702911840 0.000000000000000

 spin=1 k-point=697/1284 Cartesian=0.1168442699570017 0.1349201414258807 0.05757273355338881 (3785 plane wave)
 1 1.535000091860190 0.001562499980379975
 2 2.663371662276781 0.001560941439635750
 3 3.836148123331859 1.252228928790897e-05
 4 4.941811742089963 1.992236943607328e-10
 5 6.459141753189463 0.000000000000000
 6 8.523235964468808 0.000000000000000
 7 10.52288537495970 0.000000000000000
 8 11.65983093949028 0.000000000000000
 9 15.10359225052624 0.000000000000000
 10 16.77862538386863 0.000000000000000
 11 17.55338451569779 0.000000000000000
 12 18.47920677934665 0.000000000000000

 spin=1 k-point=698/1284 Cartesian=0.1363183149498352 0.1461634865447040 0.05757273355338881 (3785 plane wave)
 1 1.535000087000355 0.001562499980379976
 2 2.663371690766899 0.001560941439192157
 3 3.836148060495136 1.252229709344854e-05
 4 4.941811792306807 1.992235943168951e-10
 5 6.459141754574236 0.000000000000000
 6 8.523235930732518 0.000000000000000
 7 10.52288541416351 0.000000000000000
 8 11.65983092438688 0.000000000000000
 9 15.10359223948166 0.000000000000000
 10 16.77862534509406 0.000000000000000
 11 17.55338464381871 0.000000000000000
 12 18.47920666889052 0.000000000000000

 spin=1 k-point=699/1284 Cartesian=0.1557923599426688 0.1574068316635274 0.05757273355338881 (3785 plane wave)
 1 0.4969954281397082 0.001562499999999427
 2 2.618691835397307 0.001561502672765077
 3 4.186471426167623 3.798722439394438e-07
 4 6.133998817771527 1.323540065687647e-15
 5 6.710049054619594 0.000000000000000
 6 8.588327066365460 0.000000000000000
 7 9.622719142125497 0.000000000000000
 8 12.94426900620904 0.000000000000000
 9 15.14787862189787 0.000000000000000
 10 16.13094989786265 0.000000000000000
 11 17.59029401620871 0.000000000000000
 12 19.46100685260517 0.000000000000000

 spin=1 k-point=700/1284 Cartesian=-0.1363183149498344 -0.01124334511882266 0.05757273355338881 (3787 plane wave)
 1 -0.3999400891751377 0.001562500000000037
 2 1.767848378213564 0.001562499798651801
 3 5.621822187060211 2.218668831202983e-13
 4 6.752110682757134 0.000000000000000
 5 7.674727704849799 0.000000000000000
 6 8.521420078158110 0.000000000000000
 7 9.320649211689645 0.000000000000000
 8 14.19505787049200 0.000000000000000
 9 15.06637643569265 0.000000000000000
 10 15.88518561564486 0.000000000000000
 11 17.85477657661795 0.000000000000000
 12 19.78541687535182 0.000000000000000

 spin=1 k-point=701/1284 Cartesian=-0.1168442699570009 0.000000000000000 0.05757273355338881 (3789 plane wave)
 1 -1.149735407728493 0.001562500000000037
 2 1.029681077502305 0.001562499999874686
 3 7.014295399756105 0.000000000000000
 4 7.252677041544951 0.000000000000000
 5 7.797160679586717 0.000000000000000
 6 9.494545292692665 0.000000000000000
 7 9.746086273682376 0.000000000000000
 8 14.09877668475175 0.000000000000000
 9 16.15339436369533 0.000000000000000
 10 16.18006225834425 0.000000000000000
 11 18.12866425795043 0.000000000000000
 12 18.39791454269510 0.000000000000000

 spin=1 k-point=702/1284 Cartesian=-0.09737022496416733 0.01124334511882401 0.05757273355338881 (3801 plane wave)
 1 -1.750554107624854 0.001562500000000037
 2 0.4340923552713426 0.001562499999999712
 3 6.874673776328686 0.000000000000000
 4 7.968482219907256 0.000000000000000
 5 9.048496162058703 0.000000000000000
 6 10.20760086461227 0.000000000000000
 7 11.33144679492310 0.000000000000000
 8 13.59625486392801 0.000000000000000
 9 16.25516573877884 0.000000000000000
 10 16.96657090380435 0.000000000000000
 11 17.79077142772095 0.000000000000000
 12 18.48114044608620 0.000000000000000

 spin=1 k-point=703/1284 Cartesian=-0.07789617997133380 0.02248669023764735 0.05757273355338881 (3802 plane wave)
 1 -2.201600514894849 0.001562500000000037
 2 -0.01415307841654851 0.001562500000000033
 3 6.505577495587765 0.000000000000000
 4 8.680311520040005 0.000000000000000
 5 10.67026742628191 0.000000000000000
 6 11.16054402044353 0.000000000000000
 7 12.95367935621172 0.000000000000000
 8 13.39358351131646 0.000000000000000
 9 14.93601787014363 0.000000000000000
 10 16.77741489505612 0.000000000000000
 11 17.83393385358531 0.000000000000000
 12 19.42418811325249 0.000000000000000

 spin=1 k-point=704/1284 Cartesian=-0.05842213497850025 0.03373003535647068 0.05757273355338881 (3800 plane wave)
 1 -2.502470144344654 0.001562500000000037
 2 -0.3134986122936446 0.001562500000000036
 3 6.233640690324534 0.000000000000000
 4 9.554156378771115 0.000000000000000
 5 11.67972343321291 0.000000000000000
 6 12.59588833987352 0.000000000000000
 7 12.65430679414387 0.000000000000000
 8 14.15551364932083 0.000000000000000
 9 14.80202799362644 0.000000000000000
 10 15.96768031555065 0.000000000000000
 11 18.53594244002500 0.000000000000000
 12 19.89216255034376 0.000000000000000

 spin=1 k-point=705/1284 Cartesian=-0.03894808998566670 0.04497338047529402 0.05757273355338881 (3791 plane wave)
 1 -2.652951285868610 0.001562500000000037
 2 -0.4632974591932548 0.001562500000000037
 3 6.094064082567558 1.973201725061524e-15
 4 10.56214633445295 0.000000000000000
 5 11.66389357812536 0.000000000000000
 6 12.48693534094706 0.000000000000000
 7 13.03846367217868 0.000000000000000
 8 14.00544009926493 0.000000000000000
 9 15.62964977874550 0.000000000000000
 10 17.46606520884820 0.000000000000000
 11 18.09414108054689 0.000000000000000
 12 19.37496133085189 0.000000000000000

 spin=1 k-point=706/1284 Cartesian=-0.01947404499283316 0.05621672559411735 0.05757273355338881 (3791 plane wave)
 1 -2.652951285898059 0.001562500000000037
 2 -0.4632974591003659 0.001562500000000037
 3 6.094064081038967 1.973201755223728e-15
 4 10.56214635671564 0.000000000000000
 5 11.66389357774572 0.000000000000000
 6 12.48693524860373 0.000000000000000
 7 13.03846375057763 0.000000000000000
 8 14.00544010418243 0.000000000000000
 9 15.62964972315981 0.000000000000000
 10 17.46606519994990 0.000000000000000
 11 18.09414125828133 0.000000000000000
 12 19.37496121544675 0.000000000000000

 spin=1 k-point=707/1284 Cartesian=0.000000000000000 0.08994676095058715 0.05757273355338881 (3794 plane wave)
 1 -1.976062099325766 0.001562500000000037
 2 0.2099524152827776 0.001562500000000002
 3 6.669350681167246 0.000000000000000
 4 7.771007395161912 0.000000000000000
 5 9.870747836637094 0.000000000000000
 6 11.91452558678940 0.000000000000000
 7 12.78102329358206 0.000000000000000
 8 13.80409467350237 0.000000000000000
 9 14.12111333879042 0.000000000000000
 10 15.23661624195980 0.000000000000000
 11 16.90742913543375 0.000000000000000
 12 20.74853959371026 0.000000000000000

 spin=1 k-point=708/1284 Cartesian=0.01947404499283394 0.1011901060694107 0.05757273355338881 (3794 plane wave)
 1 -1.600342997360216 0.001562500000000037
 2 0.5828609063031391 0.001562499999998599
 3 6.648933738287230 0.000000000000000
 4 7.311108443081976 0.000000000000000
 5 9.049697903581414 0.000000000000000
 6 10.46393601366985 0.000000000000000
 7 12.57682620723770 0.000000000000000
 8 13.56910620243558 0.000000000000000
 9 14.37247416921602 0.000000000000000
 10 15.69494336230621 0.000000000000000
 11 16.76046594108649 0.000000000000000
 12 19.25723908976381 0.000000000000000

 spin=1 k-point=709/1284 Cartesian=0.03894808998566748 0.1124334511882340 0.05757273355338881 (3790 plane wave)
 1 -1.074765842241562 0.001562500000000037
 2 1.103273106091038 0.001562499999738379
 3 6.119459605405777 1.530664835498176e-15
 4 7.565023243004430 0.000000000000000
 5 8.190458067653529 0.000000000000000
 6 8.955435258058506 0.000000000000000
 7 10.81887440040420 0.000000000000000
 8 14.07750091119683 0.000000000000000
 9 15.02668827575702 0.000000000000000
 10 16.20165529827173 0.000000000000000
 11 17.28511989478783 0.000000000000000
 12 18.35988771082976 0.000000000000000

 spin=1 k-point=710/1284 Cartesian=0.05842213497850103 0.1236767963070574 0.05757273355338881 (3787 plane wave)
 1 -0.3999400892928628 0.001562500000000037
 2 1.767848377993390 0.001562499798651802
 3 5.621822186909298 2.218668834551240e-13
 4 6.752110684052184 0.000000000000000
 5 7.674727712087082 0.000000000000000
 6 8.521420065730647 0.000000000000000
 7 9.320649215903693 0.000000000000000
 8 14.19505786692769 0.000000000000000
 9 15.06637644645544 0.000000000000000
 10 15.88518560942072 0.000000000000000
 11 17.85477657650868 0.000000000000000
 12 19.78541687553652 0.000000000000000

 spin=1 k-point=711/1284 Cartesian=0.07789617997133459 0.1349201414258807 0.05757273355338881 (3788 plane wave)
 1 0.4228790313726322 0.001562499999999746
 2 2.564292115743157 0.001561920972800594
 3 5.223699717062112 1.188821966025758e-11
 4 5.282553009074734 6.599638695077944e-12
 5 7.369575827458513 0.000000000000000
 6 7.507607881832312 0.000000000000000
 7 9.481716019921759 0.000000000000000
 8 13.89400417633602 0.000000000000000
 9 14.14588053510957 0.000000000000000
 10 16.05847112888891 0.000000000000000
 11 19.55214670879471 0.000000000000000
 12 19.68841376007031 0.000000000000000

 spin=1 k-point=712/1284 Cartesian=0.09737022496416814 0.1461634865447041 0.05757273355338881 (3782 plane wave)
 1 1.390422943455477 0.001562499995378253
 2 3.330050906538821 0.0008755103618148072
 3 4.021274903418703 1.979849021833749e-06
 4 5.019566072469818 9.154996238966873e-11
 5 6.115632434265254 1.590381452685673e-15
 6 7.236210036920554 0.000000000000000
 7 10.36042986200446 0.000000000000000
 8 12.66935625275346 0.000000000000000
 9 13.83551850079898 0.000000000000000
 10 16.93381589788719 0.000000000000000
 11 19.01663313163278 0.000000000000000
 12 19.81773423314741 0.000000000000000

 spin=1 k-point=713/1284 Cartesian=0.1168442699570017 0.1574068316635274 0.05757273355338881 (3779 plane wave)
 1 2.472219174907474 0.001562269363507203
 2 2.504517621624526 0.001562181452652950
 3 4.425860846462197 3.467993088690275e-08
 4 4.797914064510539 8.400026141224246e-10
 5 5.317391711936732 4.658193870820779e-12
 6 7.165519006696023 0.000000000000000
 7 11.41653850519403 0.000000000000000
 8 11.46204252848294 0.000000000000000
 9 13.76746738228913 0.000000000000000
 10 17.90678848524487 0.000000000000000
 11 18.04308658918814 0.000000000000000
 12 19.61242051820398 0.000000000000000

 spin=1 k-point=714/1284 Cartesian=0.1363183149498352 0.1686501767823507 0.05757273355338881 (3782 plane wave)
 1 1.390422942143873 0.001562499995378253
 2 3.330050950191110 0.0008755101937802568
 3 4.021274810606203 1.979850857054068e-06
 4 5.019566139646853 9.154990088912731e-11
 5 6.115632433244790 1.590381468914945e-15
 6 7.236210014446723 0.000000000000000
 7 10.36042987291063 0.000000000000000
 8 12.66935625521757 0.000000000000000
 9 13.83551848953129 0.000000000000000
 10 16.93381590096453 0.000000000000000
 11 19.01663317037336 0.000000000000000
 12 19.81773418510245 0.000000000000000

 spin=1 k-point=715/1284 Cartesian=0.1557923599426688 0.1798935219011741 0.05757273355338881 (3788 plane wave)
 1 0.4228790314877682 0.001562499999999746
 2 2.564292116128626 0.001561920972798363
 3 5.223699690773529 1.188822278550327e-11
 4 5.282553035060582 6.599636980105709e-12
 5 7.369575801037589 0.000000000000000
 6 7.507607908120923 0.000000000000000
 7 9.481716020660901 0.000000000000000
 8 13.89400419704436 0.000000000000000
 9 14.14588050846197 0.000000000000000
 10 16.05847113512108 0.000000000000000
 11 19.55214670968232 0.000000000000000
 12 19.68841376519700 0.000000000000000

 spin=1 k-point=716/1284 Cartesian=-0.1363183149498344 0.01124334511882402 0.05757273355338881 (3787 plane wave)
 1 -0.3999400888758552 0.001562500000000037
 2 1.767848375888537 0.001562499798651806
 3 5.621822234025051 2.218667789208712e-13
 4 6.752110620743797 0.000000000000000
 5 7.674727541212964 0.000000000000000
 6 8.521420439133157 0.000000000000000
 7 9.320649027452076 0.000000000000000
 8 14.19505782742067 0.000000000000000
 9 15.06637654270893 0.000000000000000
 10 15.88518557295960 0.000000000000000
 11 17.85477651816812 0.000000000000000
 12 19.78541687840277 0.000000000000000

 spin=1 k-point=717/1284 Cartesian=-0.1168442699570009 0.02248669023764736 0.05757273355338881 (3790 plane wave)
 1 -1.074765841820935 0.001562500000000037
 2 1.103273104229605 0.001562499999738379
 3 6.119459674926434 1.530663771370030e-15
 4 7.565023040346666 0.000000000000000
 5 8.190458013631389 0.000000000000000
 6 8.955435539744888 0.000000000000000
 7 10.81887429622123 0.000000000000000
 8 14.07750086310237 0.000000000000000
 9 15.02668842441327 0.000000000000000
 10 16.20165519800138 0.000000000000000
 11 17.28511984062280 0.000000000000000
 12 18.35988778559354 0.000000000000000

 spin=1 k-point=718/1284 Cartesian=-0.09737022496416733 0.03373003535647070 0.05757273355338881 (3794 plane wave)
 1 -1.600342997023847 0.001562500000000037
 2 0.5828609049627123 0.001562499999998599
 3 6.648933876418468 0.000000000000000
 4 7.311108236102380 0.000000000000000
 5 9.049697942278444 0.000000000000000
 6 10.46393610139819 0.000000000000000
 7 12.57682612514502 0.000000000000000
 8 13.56910620932540 0.000000000000000
 9 14.37247428066156 0.000000000000000
 10 15.69494307304750 0.000000000000000
 11 16.76046617964742 0.000000000000000
 12 19.25723905212877 0.000000000000000

 spin=1 k-point=719/1284 Cartesian=-0.07789617997133380 0.04497338047529403 0.05757273355338881 (3794 plane wave)
 1 -1.976062099098150 0.001562500000000037
 2 0.2099524144355678 0.001562500000000002
 3 6.669350734487703 0.000000000000000
 4 7.771007298075835 0.000000000000000
 5 9.870747875801339 0.000000000000000
 6 11.91452558432765 0.000000000000000
 7 12.78102339126071 0.000000000000000
 8 13.80409466676913 0.000000000000000
 9 14.12111333595676 0.000000000000000
 10 15.23661601659877 0.000000000000000
 11 16.90742931854578 0.000000000000000
 12 20.74853959876124 0.000000000000000

 spin=1 k-point=720/1284 Cartesian=-0.05842213497850025 0.05621672559411737 0.05757273355338881 (3802 plane wave)
 1 -2.201600514924256 0.001562500000000037
 2 -0.01415307846232077 0.001562500000000033
 3 6.505577495343894 0.000000000000000
 4 8.680311521400482 0.000000000000000
 5 10.67026742673105 0.000000000000000
 6 11.16054401697466 0.000000000000000
 7 12.95367935864291 0.000000000000000
 8 13.39358351290636 0.000000000000000
 9 14.93601786915801 0.000000000000000
 10 16.77741489165872 0.000000000000000
 11 17.83393385823277 0.000000000000000
 12 19.42418811455117 0.000000000000000

 spin=1 k-point=721/1284 Cartesian=-0.03894808998566670 0.06746007071294070 0.05757273355338881 (3798 plane wave)
 1 -2.276796499403738 0.001562500000000037
 2 -0.08890673987149963 0.001562500000000035
 3 6.443143505705310 0.000000000000000
 4 9.707619472854310 0.000000000000000
 5 9.796766978658614 0.000000000000000
 6 11.84416303292671 0.000000000000000
 7 12.08595187411872 0.000000000000000
 8 13.18382933582138 0.000000000000000
 9 16.89706757423870 0.000000000000000
 10 17.25177722199629 0.000000000000000
 11 18.22331979141523 0.000000000000000
 12 18.69131295446177 0.000000000000000

 spin=1 k-point=722/1284 Cartesian=-0.01947404499283316 0.07870341583176405 0.05757273355338881 (3802 plane wave)
 1 -2.201600515038136 0.001562500000000037
 2 -0.01415307805433408 0.001562500000000033
 3 6.505577481709306 0.000000000000000
 4 8.680311565619959 0.000000000000000
 5 10.67026748108877 0.000000000000000
 6 11.16054387043438 0.000000000000000
 7 12.95367947234062 0.000000000000000
 8 13.39358347676975 0.000000000000000
 9 14.93601779173013 0.000000000000000
 10 16.77741508429560 0.000000000000000
 11 17.83393369750233 0.000000000000000
 12 19.42418826623365 0.000000000000000

 spin=1 k-point=723/1284 Cartesian=0.000000000000000 0.1124334511882338 0.05757273355338881 (3799 plane wave)
 1 -1.300044873115582 0.001562500000000037
 2 0.8797982588114956 0.001562499999972034
 3 5.898363268331779 1.396656258934478e-14
 4 7.381259258771809 0.000000000000000
 5 8.280716289821733 0.000000000000000
 6 11.38413948962382 0.000000000000000
 7 12.53843841182675 0.000000000000000
 8 13.59103394687105 0.000000000000000
 9 13.94799915374346 0.000000000000000
 10 14.42768462992219 0.000000000000000
 11 15.77910577810626 0.000000000000000
 12 20.22879928519170 0.000000000000000

 spin=1 k-point=724/1284 Cartesian=0.01947404499283394 0.1236767963070574 0.05757273355338881 (3793 plane wave)
 1 -0.8499434635743404 0.001562500000000037
 2 1.323238256065201 0.001562499997639394
 3 5.183422555262963 1.778436460256594e-11
 4 7.220788295494304 0.000000000000000
 5 8.076537333706938 0.000000000000000
 6 10.01265509462383 0.000000000000000
 7 12.13451758589314 0.000000000000000
 8 13.56708631641794 0.000000000000000
 9 13.80831032704078 0.000000000000000
 10 15.00932486067243 0.000000000000000
 11 16.23819733367656 0.000000000000000
 12 18.82482218799377 0.000000000000000

 spin=1 k-point=725/1284 Cartesian=0.03894808998566748 0.1349201414258807 0.05757273355338881 (3792 plane wave)
 1 -0.2505795277226697 0.001562500000000036
 2 1.908584469202089 0.001562499177460311
 3 4.604648882300111 5.802557939715689e-09
 4 6.698738083149645 0.000000000000000
 5 8.015254664464608 0.000000000000000
 6 8.812507402400152 0.000000000000000
 7 10.46490818780712 0.000000000000000
 8 13.33020345249521 0.000000000000000
 9 14.91909011471649 0.000000000000000
 10 15.92080513118682 0.000000000000000
 11 16.92710634935922 0.000000000000000
 12 18.03942625524086 0.000000000000000

 spin=1 k-point=726/1284 Cartesian=0.05842213497850103 0.1461634865447041 0.05757273355338881 (3785 plane wave)
 1 0.4969954279369035 0.001562499999999427
 2 2.618691834088377 0.001561502672778123
 3 4.186471428220782 3.798722361419600e-07
 4 6.133998818057545 1.323540061902080e-15
 5 6.710049054935243 0.000000000000000
 6 8.588327065628084 0.000000000000000
 7 9.622719141619962 0.000000000000000
 8 12.94426900604781 0.000000000000000
 9 15.14787862932370 0.000000000000000
 10 16.13094989019495 0.000000000000000
 11 17.59029402006973 0.000000000000000
 12 19.46100684583137 0.000000000000000

 spin=1 k-point=727/1284 Cartesian=0.07789617997133459 0.1574068316635274 0.05757273355338881 (3782 plane wave)
 1 1.390422941988665 0.001562499995378253
 2 3.330050944163262 0.0008755102169837767
 3 4.021274821507817 1.979850641491799e-06
 4 5.019566134314789 9.154990577062845e-11
 5 6.115632434608528 1.590381447226310e-15
 6 7.236210014110173 0.000000000000000
 7 10.36042987193914 0.000000000000000
 8 12.66935625345990 0.000000000000000
 9 13.83551849459932 0.000000000000000
 10 16.93381589653694 0.000000000000000
 11 19.01663317309933 0.000000000000000
 12 19.81773418673446 0.000000000000000

 spin=1 k-point=728/1284 Cartesian=0.09737022496416814 0.1686501767823507 0.05757273355338881 (3776 plane wave)
 1 2.422101509948853 0.001562360268285333
 2 3.467965585762912 0.0003795847433645085
 3 3.642297828231183 8.305004998948208e-05
 4 4.839082855922287 5.565278254839922e-10
 5 5.907981716581291 1.268577872163427e-14
 6 5.970692550092031 6.775906046379282e-15
 7 11.36507871412785 0.000000000000000
 8 12.49044657784561 0.000000000000000
 9 12.57480187725000 0.000000000000000
 10 17.95758630489540 0.000000000000000
 11 19.03405740421573 0.000000000000000
 12 19.17977540742952 0.000000000000000

 spin=1 k-point=729/1284 Cartesian=0.1168442699570017 0.1798935219011741 0.05757273355338881 (3776 plane wave)
 1 2.422101509576399 0.001562360268285853
 2 3.467965607019853 0.0003795846822782945
 3 3.642297803525830 8.305006941673355e-05
 4 4.839082862035483 5.565277914623587e-10
 5 5.907981688825526 1.268578224267059e-14
 6 5.970692575482873 6.775904325919532e-15
 7 11.36507871451919 0.000000000000000
 8 12.49044660222508 0.000000000000000
 9 12.57480185190590 0.000000000000000
 10 17.95758630724293 0.000000000000000
 11 19.03405742562743 0.000000000000000
 12 19.17977538227118 0.000000000000000

 spin=1 k-point=730/1284 Cartesian=0.1363183149498352 0.1911368670199974 0.05757273355338881 (3782 plane wave)
 1 1.390422943533561 0.001562499995378253
 2 3.330050907657225 0.0008755103575096383
 3 4.021274900042116 1.979849088600385e-06
 4 5.019566075962008 9.154995919256969e-11
 5 6.115632430449099 1.590381513377105e-15
 6 7.236210039435987 0.000000000000000
 7 10.36042986314503 0.000000000000000
 8 12.66935625420170 0.000000000000000
 9 13.83551849688004 0.000000000000000
 10 16.93381590121206 0.000000000000000
 11 19.01663313757439 0.000000000000000
 12 19.81773422345711 0.000000000000000

 spin=1 k-point=731/1284 Cartesian=0.1557923599426688 0.2023802121388207 0.05757273355338881 (3785 plane wave)
 1 0.4969954294101595 0.001562499999999427
 2 2.618691818184022 0.001561502672936641
 3 4.186471476662404 3.798720521704219e-07
 4 6.133998743005251 1.323541055249875e-15
 5 6.710049041941407 0.000000000000000
 6 8.588327221562350 0.000000000000000
 7 9.622719031433149 0.000000000000000
 8 12.94426900428616 0.000000000000000
 9 15.14787866537315 0.000000000000000
 10 16.13094989420983 0.000000000000000
 11 17.59029393109287 0.000000000000000
 12 19.46100702720488 0.000000000000000

 spin=1 k-point=732/1284 Cartesian=-0.1363183149498344 0.03373003535647069 0.05757273355338881 (3792 plane wave)
 1 -0.2505795265721564 0.001562500000000036
 2 1.908584461360518 0.001562499177460376
 3 4.604648924599738 5.802555485264385e-09
 4 6.698738003199901 0.000000000000000
 5 8.015254522561971 0.000000000000000
 6 8.812507708996653 0.000000000000000
 7 10.46490804951525 0.000000000000000
 8 13.33020345262166 0.000000000000000
 9 14.91909018045341 0.000000000000000
 10 15.92080510194821 0.000000000000000
 11 16.92710625517020 0.000000000000000
 12 18.03942636516622 0.000000000000000

 spin=1 k-point=733/1284 Cartesian=-0.1168442699570009 0.04497338047529403 0.05757273355338881 (3793 plane wave)
 1 -0.8499434627415758 0.001562500000000037
 2 1.323238251649232 0.001562499997639394
 3 5.183422603454652 1.778435603198023e-11
 4 7.220788128666387 0.000000000000000
 5 8.076537425408194 0.000000000000000
 6 10.01265518742729 0.000000000000000
 7 12.13451749472496 0.000000000000000
 8 13.56708652384233 0.000000000000000
 9 13.80831018801477 0.000000000000000
 10 15.00932465298052 0.000000000000000
 11 16.23819755434537 0.000000000000000
 12 18.82482215178734 0.000000000000000

 spin=1 k-point=734/1284 Cartesian=-0.09737022496416733 0.05621672559411737 0.05757273355338881 (3799 plane wave)
 1 -1.300044872557981 0.001562500000000037
 2 0.8797982562597307 0.001562499999972034
 3 5.898363339461024 1.396655265503535e-14
 4 7.381259046560339 0.000000000000000
 5 8.280716426571502 0.000000000000000
 6 11.38413948733185 0.000000000000000
 7 12.53843859335779 0.000000000000000
 8 13.59103394434347 0.000000000000000
 9 13.94799913260870 0.000000000000000
 10 14.42768419426368 0.000000000000000
 11 15.77910611159302 0.000000000000000
 12 20.22879928467445 0.000000000000000

 spin=1 k-point=735/1284 Cartesian=-0.07789617997133380 0.06746007071294070 0.05757273355338881 (3794 plane wave)
 1 -1.600342997062961 0.001562500000000037
 2 0.5828609048994857 0.001562499999998599
 3 6.648933875656585 0.000000000000000
 4 7.311108237730523 0.000000000000000
 5 9.049697942054054 0.000000000000000
 6 10.46393610011537 0.000000000000000
 7 12.57682612547364 0.000000000000000
 8 13.56910621275911 0.000000000000000
 9 14.37247427852027 0.000000000000000
 10 15.69494306933734 0.000000000000000
 11 16.76046618488383 0.000000000000000
 12 19.25723904883138 0.000000000000000

 spin=1 k-point=736/1284 Cartesian=-0.05842213497850025 0.07870341583176403 0.05757273355338881 (3801 plane wave)
 1 -1.750554107695266 0.001562500000000037
 2 0.4340923551567458 0.001562499999999712
 3 6.874673774690022 0.000000000000000
 4 7.968482225109266 0.000000000000000
 5 9.048496160333070 0.000000000000000
 6 10.20760085947493 0.000000000000000
 7 11.33144679904366 0.000000000000000
 8 13.59625486513872 0.000000000000000
 9 16.25516573591341 0.000000000000000
 10 16.96657090285878 0.000000000000000
 11 17.79077143411073 0.000000000000000
 12 18.48114044695774 0.000000000000000

 spin=1 k-point=737/1284 Cartesian=-0.03894808998566670 0.08994676095058737 0.05757273355338881 (3801 plane wave)
 1 -1.750554107799191 0.001562500000000037
 2 0.4340923555771038 0.001562499999999712
 3 6.874673736826925 0.000000000000000
 4 7.968482305404670 0.000000000000000
 5 9.048496171380872 0.000000000000000
 6 10.20760072182954 0.000000000000000
 7 11.33144689161082 0.000000000000000
 8 13.59625486872763 0.000000000000000
 9 16.25516556095600 0.000000000000000
 10 16.96657110820307 0.000000000000000
 11 17.79077148041438 0.000000000000000
 12 18.48114044405222 0.000000000000000

 spin=1 k-point=738/1284 Cartesian=-0.01947404499283316 0.1011901060694107 0.05757273355338881 (3794 plane wave)
 1 -1.600342997382330 0.001562500000000037
 2 0.5828609062425530 0.001562499999998599
 3 6.648933738252969 0.000000000000000
 4 7.311108443228489 0.000000000000000
 5 9.049697903443281 0.000000000000000
 6 10.46393601319673 0.000000000000000
 7 12.57682620780328 0.000000000000000
 8 13.56910620541172 0.000000000000000
 9 14.37247416748123 0.000000000000000
 10 15.69494336096127 0.000000000000000
 11 16.76046594260671 0.000000000000000
 12 19.25723908709951 0.000000000000000

 spin=1 k-point=739/1284 Cartesian=0.000000000000000 0.1349201414258805 0.05757273355338881 (3792 plane wave)
 1 -0.4755561590498527 0.001562500000000037
 2 1.685983795722006 0.001562499911199742
 3 4.383773283418520 5.282715078848520e-08
 4 6.498267282744552 0.000000000000000
 5 8.368330234889637 0.000000000000000
 6 11.00513381817287 0.000000000000000
 7 12.14011581706143 0.000000000000000
 8 13.13912242122318 0.000000000000000
 9 13.21222785548478 0.000000000000000
 10 14.36827924951514 0.000000000000000
 11 15.57795150299282 0.000000000000000
 12 19.67055550121965 0.000000000000000

 spin=1 k-point=740/1284 Cartesian=0.01947404499283394 0.1461634865447040 0.05757273355338881 (3795 plane wave)
 1 0.04779626452437612 0.001562500000000030
 2 2.176828705779865 0.001562487973923299
 3 3.746872516678910 3.022826347335973e-05
 4 5.849937399514854 2.266733481467067e-14
 5 8.776236538507799 0.000000000000000
 6 9.749983701868821 0.000000000000000
 7 11.76230489509240 0.000000000000000
 8 12.50557623574476 0.000000000000000
 9 13.53726656124805 0.000000000000000
 10 15.34759063102978 0.000000000000000
 11 16.11082370726142 0.000000000000000
 12 18.43711788986943 0.000000000000000

 spin=1 k-point=741/1284 Cartesian=0.03894808998566748 0.1574068316635274 0.05757273355338881 (3790 plane wave)
 1 0.7189010383898191 0.001562499999994434
 2 2.679420206377253 0.001560670442004176
 3 3.390467598213057 0.0006414892480244790
 4 5.330672878730423 4.078854101682917e-12
 5 7.929995570667900 0.000000000000000
 6 9.462645662477293 0.000000000000000
 7 10.33150884880664 0.000000000000000
 8 12.02244393990468 0.000000000000000
 9 15.16738931072798 0.000000000000000
 10 16.15746348064959 0.000000000000000
 11 16.78690179834689 0.000000000000000
 12 17.81138683094378 0.000000000000000

 spin=1 k-point=742/1284 Cartesian=0.05842213497850103 0.1686501767823507 0.05757273355338881 (3785 plane wave)
 1 1.535000086804647 0.001562499980379976
 2 2.663371687232062 0.001560941439247194
 3 3.836148066572536 1.252229633851745e-05
 4 4.941811790370732 1.992235981740138e-10
 5 6.459141754450728 0.000000000000000
 6 8.523235930831913 0.000000000000000
 7 10.52288541440335 0.000000000000000
 8 11.65983092411373 0.000000000000000
 9 15.10359224430920 0.000000000000000
 10 16.77862533380289 0.000000000000000
 11 17.55338466111736 0.000000000000000
 12 18.47920665490928 0.000000000000000

 spin=1 k-point=743/1284 Cartesian=0.07789617997133459 0.1798935219011741 0.05757273355338881 (3779 plane wave)
 1 2.472219203740322 0.001562269363440714
 2 2.504517589409430 0.001562181452755550
 3 4.425860872055818 3.467992201124887e-08
 4 4.797914035686586 8.400028562443461e-10
 5 5.317391718483535 4.658193565858001e-12
 6 7.165519006916710 0.000000000000000
 7 11.41653853604587 0.000000000000000
 8 11.46204249665454 0.000000000000000
 9 13.76746738518850 0.000000000000000
 10 17.90678845729236 0.000000000000000
 11 18.04308661649661 0.000000000000000
 12 19.61242051950230 0.000000000000000

 spin=1 k-point=744/1284 Cartesian=0.09737022496416814 0.1911368670199974 0.05757273355338881 (3776 plane wave)
 1 2.422101509402354 0.001562360268286096
 2 3.467965583107157 0.0003795847509963692
 3 3.642297832684581 8.305004648751724e-05
 4 4.839082853441087 5.565278392925605e-10
 5 5.907981721000160 1.268577816106623e-14
 6 5.970692546863564 6.775906265137231e-15
 7 11.36507871546349 0.000000000000000
 8 12.49044657243728 0.000000000000000
 9 12.57480188168361 0.000000000000000
 10 17.95758630526705 0.000000000000000
 11 19.03405739944204 0.000000000000000
 12 19.17977541190046 0.000000000000000

 spin=1 k-point=745/1284 Cartesian=0.1168442699570017 0.2023802121388207 0.05757273355338881 (3779 plane wave)
 1 2.472219178770328 0.001562269363498295
 2 2.504517616716964 0.001562181452668580
 3 4.425860851592763 3.467992910766529e-08
 4 4.797914060258480 8.400026498398216e-10
 5 5.317391711093690 4.658193910091322e-12
 6 7.165519007913894 0.000000000000000
 7 11.41653851105057 0.000000000000000
 8 11.46204252353608 0.000000000000000
 9 13.76746738192391 0.000000000000000
 10 17.90678848254353 0.000000000000000
 11 18.04308659335172 0.000000000000000
 12 19.61242051690346 0.000000000000000

 spin=1 k-point=746/1284 Cartesian=0.1363183149498352 0.2136235572576441 0.05757273355338881 (3785 plane wave)
 1 1.535000091891075 0.001562499980379975
 2 2.663371661113854 0.001560941439653856
 3 3.836148124310215 1.252228916637822e-05
 4 4.941811741760250 1.992236950176008e-10
 5 6.459141752458335 0.000000000000000
 6 8.523235966269604 0.000000000000000
 7 10.52288537642506 0.000000000000000
 8 11.65983093919154 0.000000000000000
 9 15.10359224883122 0.000000000000000
 10 16.77862538672873 0.000000000000000
 11 17.55338451876378 0.000000000000000
 12 18.47920677285903 0.000000000000000

 spin=1 k-point=747/1284 Cartesian=0.1557923599426688 0.2248669023764674 0.05757273355338881 (3790 plane wave)
 1 0.7189010416601687 0.001562499999994434
 2 2.679420152034802 0.001560670442997238
 3 3.390467680740971 0.0006414889359667111
 4 5.330672833299986 4.078855954725041e-12
 5 7.929995525716730 0.000000000000000
 6 9.462645905840603 0.000000000000000
 7 10.33150862630429 0.000000000000000
 8 12.02244397497999 0.000000000000000
 9 15.16738932497423 0.000000000000000
 10 16.15746354469000 0.000000000000000
 11 16.78690161763806 0.000000000000000
 12 17.81138700312804 0.000000000000000

 spin=1 k-point=748/1284 Cartesian=-0.1363183149498344 0.05621672559411736 0.05757273355338881 (3795 plane wave)
 1 0.04779626664552202 0.001562500000000030
 2 2.176828685365679 0.001562487973925754
 3 3.746872566328192 3.022824875559206e-05
 4 5.849937345185333 2.266734712973146e-14
 5 8.776236490130641 0.000000000000000
 6 9.749983851312789 0.000000000000000
 7 11.76230473631489 0.000000000000000
 8 12.50557635990522 0.000000000000000
 9 13.53726650956126 0.000000000000000
 10 15.34759044193627 0.000000000000000
 11 16.11082397241362 0.000000000000000
 12 18.43711782428637 0.000000000000000

 spin=1 k-point=749/1284 Cartesian=-0.1168442699570009 0.06746007071294070 0.05757273355338881 (3792 plane wave)
 1 -0.4755561576900048 0.001562500000000037
 2 1.685983786692567 0.001562499911199750
 3 4.383773326214670 5.282712818126213e-08
 4 6.498267201164132 0.000000000000000
 5 8.368330271148800 0.000000000000000
 6 11.00513381597801 0.000000000000000
 7 12.14011608634932 0.000000000000000
 8 13.13912211726103 0.000000000000000
 9 13.21222785315303 0.000000000000000
 10 14.36827907249414 0.000000000000000
 11 15.57795178801736 0.000000000000000
 12 19.67055540108854 0.000000000000000

 spin=1 k-point=750/1284 Cartesian=-0.09737022496416733 0.07870341583176403 0.05757273355338881 (3793 plane wave)
 1 -0.8499434627901939 0.001562500000000037
 2 1.323238251558145 0.001562499997639394
 3 5.183422603598244 1.778435600644341e-11
 4 7.220788129210010 0.000000000000000
 5 8.076537425162565 0.000000000000000
 6 10.01265518683315 0.000000000000000
 7 12.13451749525077 0.000000000000000
 8 13.56708652408943 0.000000000000000
 9 13.80831018798605 0.000000000000000
 10 15.00932465121748 0.000000000000000
 11 16.23819755792755 0.000000000000000
 12 18.82482214644294 0.000000000000000

 spin=1 k-point=751/1284 Cartesian=-0.07789617997133380 0.08994676095058737 0.05757273355338881 (3790 plane wave)
 1 -1.074765841911332 0.001562500000000037
 2 1.103273104066718 0.001562499999738379
 3 6.119459674744223 1.530663774159071e-15
 4 7.565023043455385 0.000000000000000
 5 8.190458013742269 0.000000000000000
 6 8.955435535596427 0.000000000000000
 7 10.81887429806983 0.000000000000000
 8 14.07750086300362 0.000000000000000
 9 15.02668842461412 0.000000000000000
 10 16.20165519906791 0.000000000000000
 11 17.28511984182281 0.000000000000000
 12 18.35988778237160 0.000000000000000

 spin=1 k-point=752/1284 Cartesian=-0.05842213497850025 0.1011901060694107 0.05757273355338881 (3789 plane wave)
 1 -1.149735407855215 0.001562500000000037
 2 1.029681077268982 0.001562499999874686
 3 7.014295378952755 0.000000000000000
 4 7.252677073142440 0.000000000000000
 5 7.797160672842294 0.000000000000000
 6 9.494545261566641 0.000000000000000
 7 9.746086302073033 0.000000000000000
 8 14.09877668488513 0.000000000000000
 9 16.15339439466530 0.000000000000000
 10 16.18006222854972 0.000000000000000
 11 18.12866425566768 0.000000000000000
 12 18.39791454431463 0.000000000000000

 spin=1 k-point=753/1284 Cartesian=-0.03894808998566670 0.1124334511882340 0.05757273355338881 (3790 plane wave)
 1 -1.074765842292609 0.001562500000000037
 2 1.103273105945806 0.001562499999738379
 3 6.119459605669948 1.530664831454594e-15
 4 7.565023243186906 0.000000000000000
 5 8.190458067020232 0.000000000000000
 6 8.955435257444947 0.000000000000000
 7 10.81887440232892 0.000000000000000
 8 14.07750091220987 0.000000000000000
 9 15.02668827494550 0.000000000000000
 10 16.20165529893847 0.000000000000000
 11 17.28511989362081 0.000000000000000
 12 18.35988771035674 0.000000000000000

 spin=1 k-point=754/1284 Cartesian=-0.01947404499283316 0.1236767963070574 0.05757273355338881 (3793 plane wave)
 1 -0.8499434636032611 0.001562500000000037
 2 1.323238255987627 0.001562499997639394
 3 5.183422555402053 1.778436457782963e-11
 4 7.220788295534406 0.000000000000000
 5 8.076537333474548 0.000000000000000
 6 10.01265509433999 0.000000000000000
 7 12.13451758732396 0.000000000000000
 8 13.56708631551765 0.000000000000000
 9 13.80831032789380 0.000000000000000
 10 15.00932486030722 0.000000000000000
 11 16.23819733396128 0.000000000000000
 12 18.82482218446202 0.000000000000000

 spin=1 k-point=755/1284 Cartesian=0.000000000000000 0.1574068316635272 0.05757273355338881 (3803 plane wave)
 1 0.4942989736165019 0.001562499999999444
 2 2.455787740969090 0.001562304306270290
 3 3.171534675611888 0.001346064989987692
 4 5.120024361925776 3.352534623496407e-11
 5 9.265693151886214 0.000000000000000
 6 10.77768059006340 0.000000000000000
 7 11.40114017211812 0.000000000000000
 8 12.40643048059960 0.000000000000000
 9 12.98488734953950 0.000000000000000
 10 14.31817679110602 0.000000000000000
 11 16.20871803109874 0.000000000000000
 12 18.39387284334136 0.000000000000000

 spin=1 k-point=756/1284 Cartesian=0.01947404499283394 0.1686501767823507 0.05757273355338881 (3803 plane wave)
 1 1.086806172428991 0.001562499999778106
 2 2.215573514524802 0.001562482283048525
 3 3.409672082371654 0.0005703137564696092
 4 4.532903739521930 1.189058073248867e-08
 5 9.335931616931918 0.000000000000000
 6 9.997707587743504 0.000000000000000
 7 11.01988765464064 0.000000000000000
 8 11.88718724609365 0.000000000000000
 9 13.40520557086848 0.000000000000000
 10 15.47265659028946 0.000000000000000
 11 16.70044145177231 0.000000000000000
 12 17.75322372272469 0.000000000000000

 spin=1 k-point=757/1284 Cartesian=0.03894808998566748 0.1798935219011741 0.05757273355338881 (3790 plane wave)
 1 1.813378859864576 0.001562499682543544
 2 1.825124320861706 0.001562499642978756
 3 4.064043249217674 1.291466060681102e-06
 4 4.129474093870660 6.715723189288536e-07
 5 7.872630821707681 0.000000000000000
 6 9.823564760021107 0.000000000000000
 7 10.76654345003943 0.000000000000000
 8 10.98921284161035 0.000000000000000
 9 15.17551653149533 0.000000000000000
 10 16.36589221546377 0.000000000000000
 11 16.99211509631509 0.000000000000000
 12 17.65393632887036 0.000000000000000

 spin=1 k-point=758/1284 Cartesian=0.05842213497850103 0.1911368670199974 0.05757273355338881 (3785 plane wave)
 1 1.535000091323696 0.001562499980379975
 2 2.663371659807446 0.001560941439674198
 3 3.836148128100343 1.252228869557099e-05
 4 4.941811740686707 1.992236971563520e-10
 5 6.459141752886691 0.000000000000000
 6 8.523235963699802 0.000000000000000
 7 10.52288537929042 0.000000000000000
 8 11.65983093625782 0.000000000000000
 9 15.10359225470186 0.000000000000000
 10 16.77862537803387 0.000000000000000
 11 17.55338452484099 0.000000000000000
 12 18.47920676884793 0.000000000000000

 spin=1 k-point=759/1284 Cartesian=0.07789617997133459 0.2023802121388208 0.05757273355338881 (3782 plane wave)
 1 1.390422942990078 0.001562499995378253
 2 3.330050903871420 0.0008755103720826655
 3 4.021274909145496 1.979848908595553e-06
 4 5.019566069130518 9.154996544679818e-11
 5 6.115632434869589 1.590381443074435e-15
 6 7.236210036698107 0.000000000000000
 7 10.36042986404719 0.000000000000000
 8 12.66935625019926 0.000000000000000
 9 13.83551850348266 0.000000000000000
 10 16.93381589705203 0.000000000000000
 11 19.01663313115538 0.000000000000000
 12 19.81773423446036 0.000000000000000

 spin=1 k-point=760/1284 Cartesian=0.09737022496416814 0.2136235572576441 0.05757273355338881 (3782 plane wave)
 1 1.390422941612439 0.001562499995378253
 2 3.330050947607314 0.0008755102037262874
 3 4.021274816545406 1.979850739615693e-06
 4 5.019566135539167 9.154990464971087e-11
 5 6.115632434732225 1.590381445259045e-15
 6 7.236210014370656 0.000000000000000
 7 10.36042987323930 0.000000000000000
 8 12.66935625420580 0.000000000000000
 9 13.83551849292379 0.000000000000000
 10 16.93381589779827 0.000000000000000
 11 19.01663316764841 0.000000000000000
 12 19.81773419151118 0.000000000000000

 spin=1 k-point=761/1284 Cartesian=0.1168442699570017 0.2248669023764674 0.05757273355338881 (3785 plane wave)
 1 1.535000086440659 0.001562499980379976
 2 2.663371690406215 0.001560941439197772
 3 3.836148061165376 1.252229701019172e-05
 4 4.941811792193585 1.992235945424603e-10
 5 6.459141754197964 0.000000000000000
 6 8.523235932192263 0.000000000000000
 7 10.52288541434473 0.000000000000000
 8 11.65983092513500 0.000000000000000
 9 15.10359224100442 0.000000000000000
 10 16.77862534485582 0.000000000000000
 11 17.55338464297158 0.000000000000000
 12 18.47920666584729 0.000000000000000

 spin=1 k-point=762/1284 Cartesian=0.1363183149498352 0.2361102474952907 0.05757273355338881 (3790 plane wave)
 1 1.813378834674045 0.001562499682543624
 2 1.825124347593182 0.001562499642978660
 3 4.064043221782954 1.291466414698489e-06
 4 4.129474118759297 6.715721518554795e-07
 5 7.872630821004871 0.000000000000000
 6 9.823564768424440 0.000000000000000
 7 10.76654342533888 0.000000000000000
 8 10.98921286042336 0.000000000000000
 9 15.17551653618451 0.000000000000000
 10 16.36589220530777 0.000000000000000
 11 16.99211508473308 0.000000000000000
 12 17.65393635153259 0.000000000000000

 spin=1 k-point=763/1284 Cartesian=0.1557923599426688 0.2473535926141141 0.05757273355338881 (3803 plane wave)
 1 1.086806178694106 0.001562499999778106
 2 2.215573485441625 0.001562482283053678
 3 3.409672137928828 0.0005703135552699481
 4 4.532903700727786 1.189058534530460e-08
 5 9.335931527333862 0.000000000000000
 6 9.997707799404084 0.000000000000000
 7 11.01988748965951 0.000000000000000
 8 11.88718730352146 0.000000000000000
 9 13.40520556066142 0.000000000000000
 10 15.47265653198702 0.000000000000000
 11 16.70044159737082 0.000000000000000
 12 17.75322362539286 0.000000000000000

 spin=1 k-point=764/1284 Cartesian=-0.1363183149498344 0.07870341583176405 0.05757273355338881 (3803 plane wave)
 1 0.4942989772313141 0.001562499999999444
 2 2.455787684343486 0.001562304306381089
 3 3.171534759158264 0.001346064834211398
 4 5.120024319130084 3.352536058237443e-11
 5 9.265693142456392 0.000000000000000
 6 10.77768058791074 0.000000000000000
 7 11.40114035865602 0.000000000000000
 8 12.40643029230105 0.000000000000000
 9 12.98488734730962 0.000000000000000
 10 14.31817674028330 0.000000000000000
 11 16.20871818442913 0.000000000000000
 12 18.39387275175446 0.000000000000000

 spin=1 k-point=765/1284 Cartesian=-0.1168442699570009 0.08994676095058739 0.05757273355338881 (3795 plane wave)
 1 0.04779626658942676 0.001562500000000030
 2 2.176828685205967 0.001562487973925773
 3 3.746872566569240 3.022824868413701e-05
 4 5.849937345288809 2.266734710627612e-14
 5 8.776236490200235 0.000000000000000
 6 9.749983851099239 0.000000000000000
 7 11.76230473777056 0.000000000000000
 8 12.50557635708873 0.000000000000000
 9 13.53726651072554 0.000000000000000
 10 15.34759044152051 0.000000000000000
 11 16.11082397557390 0.000000000000000
 12 18.43711781576967 0.000000000000000

 spin=1 k-point=766/1284 Cartesian=-0.09737022496416733 0.1011901060694107 0.05757273355338881 (3792 plane wave)
 1 -0.2505795266806099 0.001562500000000036
 2 1.908584461103092 0.001562499177460378
 3 4.604648925061865 5.802555458449286e-09
 4 6.698738003614166 0.000000000000000
 5 8.015254523829357 0.000000000000000
 6 8.812507706236513 0.000000000000000
 7 10.46490805114211 0.000000000000000
 8 13.33020345013225 0.000000000000000
 9 14.91909018434853 0.000000000000000
 10 15.92080510349326 0.000000000000000
 11 16.92710625335324 0.000000000000000
 12 18.03942636091868 0.000000000000000

 spin=1 k-point=767/1284 Cartesian=-0.07789617997133380 0.1124334511882341 0.05757273355338881 (3787 plane wave)
 1 -0.3999400890331111 0.001562500000000037
 2 1.767848375528442 0.001562499798651807
 3 5.621822234683663 2.218667774596300e-13
 4 6.752110621157718 0.000000000000000
 5 7.674727547427190 0.000000000000000
 6 8.521420425385745 0.000000000000000
 7 9.320649035117649 0.000000000000000
 8 14.19505782049892 0.000000000000000
 9 15.06637655979483 0.000000000000000
 10 15.88518556340276 0.000000000000000
 11 17.85477651575517 0.000000000000000
 12 19.78541687995796 0.000000000000000

 spin=1 k-point=768/1284 Cartesian=-0.05842213497850025 0.1236767963070574 0.05757273355338881 (3787 plane wave)
 1 -0.3999400893794936 0.001562500000000037
 2 1.767848377710669 0.001562499798651802
 3 5.621822187451563 2.218668822520162e-13
 4 6.752110684080802 0.000000000000000
 5 7.674727712948093 0.000000000000000
 6 8.521420059283487 0.000000000000000
 7 9.320649222605624 0.000000000000000
 8 14.19505786561717 0.000000000000000
 9 15.06637644923544 0.000000000000000
 10 15.88518560732448 0.000000000000000
 11 17.85477657638850 0.000000000000000
 12 19.78541687542262 0.000000000000000

 spin=1 k-point=769/1284 Cartesian=-0.03894808998566670 0.1349201414258807 0.05757273355338881 (3792 plane wave)
 1 -0.2505795277874430 0.001562500000000036
 2 1.908584469012480 0.001562499177460313
 3 4.604648882585238 5.802557923171155e-09
 4 6.698738083089486 0.000000000000000
 5 8.015254665521644 0.000000000000000
 6 8.812507399546160 0.000000000000000
 7 10.46490819093089 0.000000000000000
 8 13.33020345111409 0.000000000000000
 9 14.91909011699643 0.000000000000000
 10 15.92080513025401 0.000000000000000
 11 16.92710634787939 0.000000000000000
 12 18.03942625393283 0.000000000000000

 spin=1 k-point=770/1284 Cartesian=-0.01947404499283316 0.1461634865447041 0.05757273355338881 (3795 plane wave)
 1 0.04779626448848882 0.001562500000000030
 2 2.176828705682083 0.001562487973923311
 3 3.746872516798008 3.022826343805488e-05
 4 5.849937399550882 2.266733480650415e-14
 5 8.776236538418084 0.000000000000000
 6 9.749983701447306 0.000000000000000
 7 11.76230489768434 0.000000000000000
 8 12.50557623308334 0.000000000000000
 9 13.53726656242536 0.000000000000000
 10 15.34759063140817 0.000000000000000
 11 16.11082370677705 0.000000000000000
 12 18.43711788442605 0.000000000000000

 spin=1 k-point=771/1284 Cartesian=0.000000000000000 0.1798935219011738 0.05757273355338881 (3794 plane wave)
 1 1.591510318659649 0.001562499965476027
 2 1.598408360125319 0.001562499963010487
 3 3.855456407184672 1.033809380234633e-05
 4 3.905850546752107 6.262105973891126e-06
 5 10.26747516162603 0.000000000000000
 6 10.35881570984324 0.000000000000000
 7 10.70185556868286 0.000000000000000
 8 12.24896887997879 0.000000000000000
 9 12.90909880265345 0.000000000000000
 10 14.27149552863587 0.000000000000000
 11 17.06538196018063 0.000000000000000
 12 17.35639056333433 0.000000000000000

 spin=1 k-point=772/1284 Cartesian=0.01947404499283394 0.1911368670199974 0.05757273355338881 (3803 plane wave)
 1 1.086806178102763 0.001562499999778106
 2 2.215573484810816 0.001562482283053790
 3 3.409672139799709 0.0005703135484945774
 4 4.532903701157883 1.189058529416400e-08
 5 9.335931530457179 0.000000000000000
 6 9.997707790379632 0.000000000000000
 7 11.01988749669209 0.000000000000000
 8 11.88718730113303 0.000000000000000
 9 13.40520555711492 0.000000000000000
 10 15.47265653653374 0.000000000000000
 11 16.70044160651203 0.000000000000000
 12 17.75322360935360 0.000000000000000

 spin=1 k-point=773/1284 Cartesian=0.03894808998566748 0.2023802121388207 0.05757273355338881 (3790 plane wave)
 1 0.7189010411689832 0.001562499999994434
 2 2.679420151128314 0.001560670443013804
 3 3.390467682498773 0.0006414889293200437
 4 5.330672834260660 4.078855915540531e-12
 5 7.929995526522935 0.000000000000000
 6 9.462645896900284 0.000000000000000
 7 10.33150863506357 0.000000000000000
 8 12.02244397207394 0.000000000000000
 9 15.16738932143852 0.000000000000000
 10 16.15746355863023 0.000000000000000
 11 16.78690161563105 0.000000000000000
 12 17.81138698960490 0.000000000000000

 spin=1 k-point=774/1284 Cartesian=0.05842213497850103 0.2136235572576441 0.05757273355338881 (3785 plane wave)
 1 0.4969954289760450 0.001562499999999427
 2 2.618691817830479 0.001561502672940165
 3 4.186471478113064 3.798720466611097e-07
 4 6.133998742243143 1.323541065336686e-15
 5 6.710049044636501 0.000000000000000
 6 8.588327214561943 0.000000000000000
 7 9.622719036503637 0.000000000000000
 8 12.94426900155592 0.000000000000000
 9 15.14787867703536 0.000000000000000
 10 16.13094988492502 0.000000000000000
 11 17.59029392946070 0.000000000000000
 12 19.46100702466011 0.000000000000000

 spin=1 k-point=775/1284 Cartesian=0.07789617997133459 0.2248669023764674 0.05757273355338881 (3788 plane wave)
 1 0.4228790310768148 0.001562499999999746
 2 2.564292115891446 0.001561920972799736
 3 5.223699721716002 1.188821910699280e-11
 4 5.282553003929117 6.599639034670240e-12
 5 7.369575830513624 0.000000000000000
 6 7.507607878086413 0.000000000000000
 7 9.481716022561756 0.000000000000000
 8 13.89400417257445 0.000000000000000
 9 14.14588053969894 0.000000000000000
 10 16.05847112790574 0.000000000000000
 11 19.55214670385372 0.000000000000000
 12 19.68841376316340 0.000000000000000

 spin=1 k-point=776/1284 Cartesian=0.09737022496416814 0.2361102474952907 0.05757273355338881 (3785 plane wave)
 1 0.4969954277270750 0.001562499999999427
 2 2.618691835223883 0.001561502672766806
 3 4.186471426334470 3.798722433057952e-07
 4 6.133998818119943 1.323540061076226e-15
 5 6.710049054492428 0.000000000000000
 6 8.588327066766665 0.000000000000000
 7 9.622719142692008 0.000000000000000
 8 12.94426900665947 0.000000000000000
 9 15.14787862875724 0.000000000000000
 10 16.13094989168412 0.000000000000000
 11 17.59029401473951 0.000000000000000
 12 19.46100684880644 0.000000000000000

 spin=1 k-point=777/1284 Cartesian=0.1168442699570017 0.2473535926141141 0.05757273355338881 (3790 plane wave)
 1 0.7189010382588618 0.001562499999994434
 2 2.679420210302785 0.001560670441932440
 3 3.390467593215739 0.0006414892669205343
 4 5.330672878980613 4.078854091478036e-12
 5 7.929995569383915 0.000000000000000
 6 9.462645667247466 0.000000000000000
 7 10.33150884677590 0.000000000000000
 8 12.02244394018210 0.000000000000000
 9 15.16738931702374 0.000000000000000
 10 16.15746347551834 0.000000000000000
 11 16.78690178972899 0.000000000000000
 12 17.81138683463630 0.000000000000000

 spin=1 k-point=778/1284 Cartesian=0.1363183149498352 0.2585969377329374 0.05757273355338881 (3803 plane wave)
 1 1.086806172343540 0.001562499999778106
 2 2.215573517180909 0.001562482283048055
 3 3.409672078049452 0.0005703137721224155
 4 4.532903740296526 1.189058064038549e-08
 5 9.335931612260808 0.000000000000000
 6 9.997707597295316 0.000000000000000
 7 11.01988765055688 0.000000000000000
 8 11.88718724628387 0.000000000000000
 9 13.40520557488533 0.000000000000000
 10 15.47265658585792 0.000000000000000
 11 16.70044144700139 0.000000000000000
 12 17.75322372745785 0.000000000000000

 spin=1 k-point=779/1284 Cartesian=0.1557923599426688 0.2698402828517608 0.05757273355338881 (3794 plane wave)
 1 1.591510293421725 0.001562499965476036
 2 1.598408386768973 0.001562499963010477
 3 3.855456379932076 1.033809660110541e-05
 4 3.905850571616995 6.262104423065636e-06
 5 10.26747513702453 0.000000000000000
 6 10.35881573808513 0.000000000000000
 7 10.70185556653634 0.000000000000000
 8 12.24896888427515 0.000000000000000
 9 12.90909880049806 0.000000000000000
 10 14.27149552636657 0.000000000000000
 11 17.06538193803310 0.000000000000000
 12 17.35639058749257 0.000000000000000

 spin=1 k-point=780/1284 Cartesian=0.1363183149498352 0.2585969377329374 -0.05757273355338832 (3803 plane wave)
 1 1.086806178640589 0.001562499999778106
 2 2.215573485423068 0.001562482283053682
 3 3.409672137989476 0.0005703135550503121
 4 4.532903700748446 1.189058534284808e-08
 5 9.335931527601067 0.000000000000000
 6 9.997707799438848 0.000000000000000
 7 11.01988749032949 0.000000000000000
 8 11.88718730159777 0.000000000000000
 9 13.40520556116788 0.000000000000000
 10 15.47265653257732 0.000000000000000
 11 16.70044160062945 0.000000000000000
 12 17.75322361906625 0.000000000000000

 spin=1 k-point=781/1284 Cartesian=0.1168442699570017 0.2473535926141141 -0.05757273355338832 (3790 plane wave)
 1 0.7189010415443257 0.001562499999994434
 2 2.679420151483329 0.001560670443007316
 3 3.390467681454492 0.0006414889332687168
 4 5.330672833390032 4.078855951052194e-12
 5 7.929995526114009 0.000000000000000
 6 9.462645904178896 0.000000000000000
 7 10.33150862855410 0.000000000000000
 8 12.02244397282632 0.000000000000000
 9 15.16738932666336 0.000000000000000
 10 16.15746355083815 0.000000000000000
 11 16.78690161221442 0.000000000000000
 12 17.81138699742738 0.000000000000000

 spin=1 k-point=782/1284 Cartesian=-0.09737022496416733 0.1236767963070574 0.05757273355338881 (3785 plane wave)
 1 0.4969954292321307 0.001562499999999427
 2 2.618691817452119 0.001561502672943935
 3 4.186471477921255 3.798720473895629e-07
 4 6.133998742643919 1.323541060032261e-15
 5 6.710049043182168 0.000000000000000
 6 8.588327218442391 0.000000000000000
 7 9.622719033988771 0.000000000000000
 8 12.94426900184899 0.000000000000000
 9 15.14787867393654 0.000000000000000
 10 16.13094988909294 0.000000000000000
 11 17.59029392671065 0.000000000000000
 12 19.46100702830637 0.000000000000000

 spin=1 k-point=783/1284 Cartesian=-0.07789617997133380 0.1349201414258807 0.05757273355338881 (3788 plane wave)
 1 0.4228790312467441 0.001562499999999746
 2 2.564292115142071 0.001561920972804073
 3 5.223699721781681 1.188821909918465e-11
 4 5.282553005453423 6.599638934071523e-12
 5 7.369575829585830 0.000000000000000
 6 7.507607877553078 0.000000000000000
 7 9.481716023291982 0.000000000000000
 8 13.89400417141493 0.000000000000000
 9 14.14588053925501 0.000000000000000
 10 16.05847112939464 0.000000000000000
 11 19.55214670190256 0.000000000000000
 12 19.68841376336799 0.000000000000000

 spin=1 k-point=784/1284 Cartesian=-0.05842213497850025 0.1461634865447040 0.05757273355338881 (3785 plane wave)
 1 0.4969954278308745 0.001562499999999427
 2 2.618691833696492 0.001561502672782029
 3 4.186471428694056 3.798722343445557e-07
 4 6.133998817277928 1.323540072220634e-15
 5 6.710049056816787 0.000000000000000
 6 8.588327060421022 0.000000000000000
 7 9.622719147183121 0.000000000000000
 8 12.94426900508846 0.000000000000000
 9 15.14787862952789 0.000000000000000
 10 16.13094989016201 0.000000000000000
 11 17.59029401785877 0.000000000000000
 12 19.46100684886441 0.000000000000000

 spin=1 k-point=785/1284 Cartesian=-0.03894808998566670 0.1574068316635274 0.05757273355338881 (3790 plane wave)
 1 0.7189010383120854 0.001562499999994434
 2 2.679420206225549 0.001560670442006948
 3 3.390467598351746 0.0006414892475000650
 4 5.330672878753487 4.078854100742220e-12
 5 7.929995571748006 0.000000000000000
 6 9.462645657066489 0.000000000000000
 7 10.33150885502292 0.000000000000000
 8 12.02244393840476 0.000000000000000
 9 15.16738931182392 0.000000000000000
 10 16.15746347955639 0.000000000000000
 11 16.78690179709759 0.000000000000000
 12 17.81138682918533 0.000000000000000

 spin=1 k-point=786/1284 Cartesian=-0.01947404499283316 0.1686501767823507 0.05757273355338881 (3803 plane wave)
 1 1.086806172387377 0.001562499999778106
 2 2.215573514578730 0.001562482283048516
 3 3.409672082284409 0.0005703137567855680
 4 4.532903739555254 1.189058072852629e-08
 5 9.335931618292282 0.000000000000000
 6 9.997707585588159 0.000000000000000
 7 11.01988765537614 0.000000000000000
 8 11.88718724640207 0.000000000000000
 9 13.40520557104197 0.000000000000000
 10 15.47265659053804 0.000000000000000
 11 16.70044145120191 0.000000000000000
 12 17.75322371913823 0.000000000000000

 spin=1 k-point=787/1284 Cartesian=0.000000000000000 0.1574068316635272 -0.05757273355338832 (3803 plane wave)
 1 0.4942989768364630 0.001562499999999444
 2 2.455787683936807 0.001562304306381884
 3 3.171534760124173 0.001346064832410412
 4 5.120024320117514 3.352536025133490e-11
 5 9.265693141497570 0.000000000000000
 6 10.77768059007563 0.000000000000000
 7 11.40114035583008 0.000000000000000
 8 12.40643028757371 0.000000000000000
 9 12.98488734949599 0.000000000000000
 10 14.31817674353340 0.000000000000000
 11 16.20871818620587 0.000000000000000
 12 18.39387274671911 0.000000000000000

 spin=1 k-point=788/1284 Cartesian=-0.01947404499283316 0.1461634865447041 -0.05757273355338832 (3795 plane wave)
 1 0.04779626630536595 0.001562500000000030
 2 2.176828685369345 0.001562487973925753
 3 3.746872566693524 3.022824864729497e-05
 4 5.849937346753348 2.266734677430397e-14
 5 8.776236489302317 0.000000000000000
 6 9.749983848924181 0.000000000000000
 7 11.76230474150153 0.000000000000000
 8 12.50557635608670 0.000000000000000
 9 13.53726650605195 0.000000000000000
 10 15.34759044704211 0.000000000000000
 11 16.11082397512466 0.000000000000000
 12 18.43711781383641 0.000000000000000

 spin=1 k-point=789/1284 Cartesian=-0.03894808998566670 0.1349201414258807 -0.05757273355338832 (3792 plane wave)
 1 -0.2505795268835141 0.001562500000000036
 2 1.908584461378152 0.001562499177460376
 3 4.604648924864809 5.802555469883582e-09
 4 6.698738005702292 0.000000000000000
 5 8.015254524579499 0.000000000000000
 6 8.812507700920955 0.000000000000000
 7 10.46490805410495 0.000000000000000
 8 13.33020345034455 0.000000000000000
 9 14.91909018078365 0.000000000000000
 10 15.92080510662377 0.000000000000000
 11 16.92710625640868 0.000000000000000
 12 18.03942635736997 0.000000000000000

 spin=1 k-point=790/1284 Cartesian=0.05842213497850103 -0.1236767963070560 0.05757273355338881 (3787 plane wave)
 1 -0.3999400891743462 0.001562500000000037
 2 1.767848375876603 0.001562499798651806
 3 5.621822234180731 2.218667785754684e-13
 4 6.752110620093182 0.000000000000000
 5 7.674727553122352 0.000000000000000
 6 8.521420417680599 0.000000000000000
 7 9.320649038406877 0.000000000000000
 8 14.19505782160983 0.000000000000000
 9 15.06637655987469 0.000000000000000
 10 15.88518556220728 0.000000000000000
 11 17.85477651635412 0.000000000000000
 12 19.78541688146637 0.000000000000000

 spin=1 k-point=791/1284 Cartesian=0.07789617997133459 -0.1124334511882327 0.05757273355338881 (3787 plane wave)
 1 -0.3999400894709731 0.001562500000000037
 2 1.767848378181366 0.001562499798651801
 3 5.621822186350129 2.218668846957350e-13
 4 6.752110683407160 0.000000000000000
 5 7.674727710125437 0.000000000000000
 6 8.521420068703829 0.000000000000000
 7 9.320649217040328 0.000000000000000
 8 14.19505786815412 0.000000000000000
 9 15.06637644899091 0.000000000000000
 10 15.88518560577006 0.000000000000000
 11 17.85477657548581 0.000000000000000
 12 19.78541687570880 0.000000000000000

 spin=1 k-point=792/1284 Cartesian=0.09737022496416814 -0.1011901060694093 0.05757273355338881 (3792 plane wave)
 1 -0.2505795278364584 0.001562500000000036
 2 1.908584469752767 0.001562499177460307
 3 4.604648881118513 5.802558008278390e-09
 4 6.698738082565744 0.000000000000000
 5 8.015254661572907 0.000000000000000
 6 8.812507407653705 0.000000000000000
 7 10.46490818731011 0.000000000000000
 8 13.33020345297606 0.000000000000000
 9 14.91909012016535 0.000000000000000
 10 15.92080512788362 0.000000000000000
 11 16.92710634264730 0.000000000000000
 12 18.03942625680742 0.000000000000000

 spin=1 k-point=793/1284 Cartesian=0.1168442699570017 -0.08994676095058601 0.05757273355338881 (3795 plane wave)
 1 0.04779626447657521 0.001562500000000030
 2 2.176828707176528 0.001562487973923131
 3 3.746872514436730 3.022826413801947e-05
 4 5.849937399245553 2.266733487571412e-14
 5 8.776236537169776 0.000000000000000
 6 9.749983705026768 0.000000000000000
 7 11.76230489482218 0.000000000000000
 8 12.50557623529800 0.000000000000000
 9 13.53726656636180 0.000000000000000
 10 15.34759062511860 0.000000000000000
 11 16.11082370776235 0.000000000000000
 12 18.43711788491262 0.000000000000000

 spin=1 k-point=794/1284 Cartesian=0.1363183149498352 -0.07870341583176267 0.05757273355338881 (3803 plane wave)
 1 0.4942989736314653 0.001562499999999444
 2 2.455787745006409 0.001562304306262390
 3 3.171534670470148 0.001346064999574715
 4 5.120024361930501 3.352534623337996e-11
 5 9.265693151870426 0.000000000000000
 6 10.77768058789951 0.000000000000000
 7 11.40114017760154 0.000000000000000
 8 12.40643048348899 0.000000000000000
 9 12.98488734735752 0.000000000000000
 10 14.31817678875356 0.000000000000000
 11 16.20871802886764 0.000000000000000
 12 18.39387284713105 0.000000000000000

 spin=1 k-point=795/1284 Cartesian=0.1557923599426688 0.2473535926141141 -0.05757273355338832 (3803 plane wave)
 1 1.086806172409756 0.001562499999778106
 2 2.215573517215224 0.001562482283048049
 3 3.409672077940665 0.0005703137725163875
 4 4.532903740211878 1.189058065045047e-08
 5 9.335931613089805 0.000000000000000
 6 9.997707597145522 0.000000000000000
 7 11.01988765005760 0.000000000000000
 8 11.88718724560455 0.000000000000000
 9 13.40520557495757 0.000000000000000
 10 15.47265658679752 0.000000000000000
 11 16.70044144437669 0.000000000000000
 12 17.75322373415393 0.000000000000000

 spin=1 k-point=796/1284 Cartesian=0.1363183149498352 0.2361102474952907 -0.05757273355338832 (3790 plane wave)
 1 1.813378834697431 0.001562499682543624
 2 1.825124347599774 0.001562499642978660
 3 4.064043221683334 1.291466415983983e-06
 4 4.129474118725200 6.715721520843586e-07
 5 7.872630821340628 0.000000000000000
 6 9.823564769320448 0.000000000000000
 7 10.76654342499673 0.000000000000000
 8 10.98921285899201 0.000000000000000
 9 15.17551653656923 0.000000000000000
 10 16.36589220638467 0.000000000000000
 11 16.99211508557832 0.000000000000000
 12 17.65393635106540 0.000000000000000

 spin=1 k-point=797/1284 Cartesian=0.1168442699570017 0.2248669023764674 -0.05757273355338832 (3785 plane wave)
 1 1.535000091743485 0.001562499980379975
 2 2.663371660841106 0.001560941439658103
 3 3.836148124891781 1.252228909413654e-05
 4 4.941811741547417 1.992236954416144e-10
 5 6.459141752891536 0.000000000000000
 6 8.523235965861312 0.000000000000000
 7 10.52288537734795 0.000000000000000
 8 11.65983093750551 0.000000000000000
 9 15.10359225135818 0.000000000000000
 10 16.77862538834122 0.000000000000000
 11 17.55338451173927 0.000000000000000
 12 18.47920677651971 0.000000000000000

 spin=1 k-point=798/1284 Cartesian=0.09737022496416814 0.2136235572576441 -0.05757273355338832 (3782 plane wave)
 1 1.390422943307682 0.001562499995378253
 2 3.330050903973333 0.0008755103716903635
 3 4.021274906471022 1.979848961479004e-06
 4 5.019566072783759 9.154996210225600e-11
 5 6.115632432608585 1.590381479033026e-15
 6 7.236210037726443 0.000000000000000
 7 10.36042986405540 0.000000000000000
 8 12.66935625096145 0.000000000000000
 9 13.83551850144485 0.000000000000000
 10 16.93381589917453 0.000000000000000
 11 19.01663312970244 0.000000000000000
 12 19.81773423351332 0.000000000000000

 spin=1 k-point=799/1284 Cartesian=0.07789617997133459 0.2023802121388208 -0.05757273355338832 (3782 plane wave)
 1 1.390422941846976 0.001562499995378253
 2 3.330050943267602 0.0008755102204315193
 3 4.021274822395924 1.979850623930902e-06
 4 5.019566134157284 9.154990591482439e-11
 5 6.115632436129546 1.590381423036299e-15
 6 7.236210012138129 0.000000000000000
 7 10.36042987423193 0.000000000000000
 8 12.66935625259632 0.000000000000000
 9 13.83551849391683 0.000000000000000
 10 16.93381589737027 0.000000000000000
 11 19.01663316690737 0.000000000000000
 12 19.81773419465728 0.000000000000000

 spin=1 k-point=800/1284 Cartesian=0.05842213497850103 0.1911368670199974 -0.05757273355338832 (3785 plane wave)
 1 1.535000086687006 0.001562499980379976
 2 2.663371687387830 0.001560941439244769
 3 3.836148066226717 1.252229638147490e-05
 4 4.941811790248353 1.992235984178218e-10
 5 6.459141755776197 0.000000000000000
 6 8.523235928516291 0.000000000000000
 7 10.52288541746648 0.000000000000000
 8 11.65983092315447 0.000000000000000
 9 15.10359224293312 0.000000000000000
 10 16.77862533419403 0.000000000000000
 11 17.55338465765576 0.000000000000000
 12 18.47920666082570 0.000000000000000

 spin=1 k-point=801/1284 Cartesian=0.03894808998566748 0.1798935219011741 -0.05757273355338832 (3790 plane wave)
 1 1.813378859947861 0.001562499682543544
 2 1.825124320841144 0.001562499642978756
 3 4.064043248872973 1.291466065129123e-06
 4 4.129474093958990 6.715723183359078e-07
 5 7.872630822909138 0.000000000000000
 6 9.823564757079911 0.000000000000000
 7 10.76654344932117 0.000000000000000
 8 10.98921284492685 0.000000000000000
 9 15.17551653042975 0.000000000000000
 10 16.36589221223585 0.000000000000000
 11 16.99211509907583 0.000000000000000
 12 17.65393633003517 0.000000000000000

 spin=1 k-point=802/1284 Cartesian=0.01947404499283394 0.1686501767823507 -0.05757273355338832 (3803 plane wave)
 1 1.086806178170997 0.001562499999778106
 2 2.215573484779942 0.001562482283053795
 3 3.409672139797840 0.0005703135485013443
 4 4.532903701010623 1.189058531167384e-08
 5 9.335931532560377 0.000000000000000
 6 9.997707789479767 0.000000000000000
 7 11.01988749207500 0.000000000000000
 8 11.88718730545075 0.000000000000000
 9 13.40520555638255 0.000000000000000
 10 15.47265653701129 0.000000000000000
 11 16.70044160384378 0.000000000000000
 12 17.75322361115014 0.000000000000000

 spin=1 k-point=803/1284 Cartesian=0.000000000000000 0.1349201414258805 -0.05757273355338832 (3792 plane wave)
 1 -0.4755561579040719 0.001562500000000037
 2 1.685983786860879 0.001562499911199750
 3 4.383773326072375 5.282712825643016e-08
 4 6.498267203579966 0.000000000000000
 5 8.368330268877187 0.000000000000000
 6 11.00513381821021 0.000000000000000
 7 12.14011608155916 0.000000000000000
 8 13.13912211349333 0.000000000000000
 9 13.21222785538311 0.000000000000000
 10 14.36827907817506 0.000000000000000
 11 15.57795178698922 0.000000000000000
 12 19.67055539652445 0.000000000000000

 spin=1 k-point=804/1284 Cartesian=-0.01947404499283316 0.1236767963070574 -0.05757273355338832 (3793 plane wave)
 1 -0.8499434629503108 0.001562500000000037
 2 1.323238251753980 0.001562499997639394
 3 5.183422603078955 1.778435609879565e-11
 4 7.220788134446363 0.000000000000000
 5 8.076537420461301 0.000000000000000
 6 10.01265518564754 0.000000000000000
 7 12.13451749799951 0.000000000000000
 8 13.56708652174239 0.000000000000000
 9 13.80831018616370 0.000000000000000
 10 15.00932465371456 0.000000000000000
 11 16.23819755853285 0.000000000000000
 12 18.82482214636284 0.000000000000000

 spin=1 k-point=805/1284 Cartesian=0.03894808998566748 -0.1124334511882327 0.05757273355338881 (3790 plane wave)
 1 -1.074765842028395 0.001562500000000037
 2 1.103273104281851 0.001562499999738379
 3 6.119459673527877 1.530663792777236e-15
 4 7.565023048600642 0.000000000000000
 5 8.190458012267699 0.000000000000000
 6 8.955435531184978 0.000000000000000
 7 10.81887430021915 0.000000000000000
 8 14.07750086367612 0.000000000000000
 9 15.02668842288561 0.000000000000000
 10 16.20165519872922 0.000000000000000
 11 17.28511984496327 0.000000000000000
 12 18.35988778044459 0.000000000000000

 spin=1 k-point=806/1284 Cartesian=0.05842213497850103 -0.1011901060694093 0.05757273355338881 (3789 plane wave)
 1 -1.149735407936560 0.001562500000000037
 2 1.029681077516927 0.001562499999874686
 3 7.014295376205630 0.000000000000000
 4 7.252677072995856 0.000000000000000
 5 7.797160675960615 0.000000000000000
 6 9.494545262067140 0.000000000000000
 7 9.746086301023377 0.000000000000000
 8 14.09877668601994 0.000000000000000
 9 16.15339439512025 0.000000000000000
 10 16.18006222759176 0.000000000000000
 11 18.12866425483838 0.000000000000000
 12 18.39791454507465 0.000000000000000

 spin=1 k-point=807/1284 Cartesian=0.07789617997133459 -0.08994676095058600 0.05757273355338881 (3790 plane wave)
 1 -1.074765842343121 0.001562500000000037
 2 1.103273106257046 0.001562499999738379
 3 6.119459604775763 1.530664845141586e-15
 4 7.565023240345286 0.000000000000000
 5 8.190458067254117 0.000000000000000
 6 8.955435262514561 0.000000000000000
 7 10.81887439993809 0.000000000000000
 8 14.07750091426061 0.000000000000000
 9 15.02668827644175 0.000000000000000
 10 16.20165529786780 0.000000000000000
 11 17.28511988924395 0.000000000000000
 12 18.35988771269169 0.000000000000000

 spin=1 k-point=808/1284 Cartesian=0.09737022496416814 -0.07870341583176266 0.05757273355338881 (3793 plane wave)
 1 -0.8499434636262424 0.001562500000000037
 2 1.323238256425602 0.001562499997639394
 3 5.183422554284971 1.778436477649561e-11
 4 7.220788293233686 0.000000000000000
 5 8.076537335539346 0.000000000000000
 6 10.01265509588909 0.000000000000000
 7 12.13451758525022 0.000000000000000
 8 13.56708631960549 0.000000000000000
 9 13.80831033129522 0.000000000000000
 10 15.00932485403691 0.000000000000000
 11 16.23819733400263 0.000000000000000
 12 18.82482218392165 0.000000000000000

 spin=1 k-point=809/1284 Cartesian=0.1168442699570017 -0.06746007071293933 0.05757273355338881 (3792 plane wave)
 1 -0.4755561590484690 0.001562500000000037
 2 1.685983796442639 0.001562499911199741
 3 4.383773281911613 5.282715158451486e-08
 4 6.498267281781134 0.000000000000000
 5 8.368330235986686 0.000000000000000
 6 11.00513381595185 0.000000000000000
 7 12.14011582453122 0.000000000000000
 8 13.13912242306801 0.000000000000000
 9 13.21222785324143 0.000000000000000
 10 14.36827924565609 0.000000000000000
 11 15.57795150237781 0.000000000000000
 12 19.67055550371023 0.000000000000000

 spin=1 k-point=810/1284 Cartesian=0.1363183149498352 -0.05621672559411599 0.05757273355338881 (3795 plane wave)
 1 0.04779626454333637 0.001562500000000030
 2 2.176828707304290 0.001562487973923116
 3 3.746872514206915 3.022826420614491e-05
 4 5.849937399051932 2.266733491960271e-14
 5 8.776236537759827 0.000000000000000
 6 9.749983705069166 0.000000000000000
 7 11.76230489375377 0.000000000000000
 8 12.50557623562332 0.000000000000000
 9 13.53726656605442 0.000000000000000
 10 15.34759062623946 0.000000000000000
 11 16.11082370552061 0.000000000000000
 12 18.43711789416494 0.000000000000000

 spin=1 k-point=811/1284 Cartesian=0.1557923599426688 0.2248669023764674 -0.05757273355338832 (3790 plane wave)
 1 0.7189010383996451 0.001562499999994434
 2 2.679420210818467 0.001560670441923017
 3 3.390467592474903 0.0006414892697218138
 4 5.330672878693192 4.078854103201546e-12
 5 7.929995569750525 0.000000000000000
 6 9.462645670019278 0.000000000000000
 7 10.33150884287541 0.000000000000000
 8 12.02244394104265 0.000000000000000
 9 15.16738931650377 0.000000000000000
 10 16.15746346985136 0.000000000000000
 11 16.78690179696369 0.000000000000000
 12 17.81138683962801 0.000000000000000

 spin=1 k-point=812/1284 Cartesian=0.1363183149498352 0.2136235572576441 -0.05757273355338832 (3785 plane wave)
 1 1.535000086635824 0.001562499980379976
 2 2.663371690727448 0.001560941439192771
 3 3.836148060346381 1.252229711192675e-05
 4 4.941811792023674 1.992235948809635e-10
 5 6.459141754637958 0.000000000000000
 6 8.523235933119373 0.000000000000000
 7 10.52288541232793 0.000000000000000
 8 11.65983092592368 0.000000000000000
 9 15.10359224007261 0.000000000000000
 10 16.77862534484184 0.000000000000000
 11 17.55338464924224 0.000000000000000
 12 18.47920666093192 0.000000000000000

 spin=1 k-point=813/1284 Cartesian=0.1168442699570017 0.2023802121388207 -0.05757273355338832 (3779 plane wave)
 1 2.472219178845189 0.001562269363498123
 2 2.504517616730124 0.001562181452668538
 3 4.425860850921916 3.467992934030947e-08
 4 4.797914060179053 8.400026505070097e-10
 5 5.317391711914428 4.658193871859773e-12
 6 7.165519007912669 0.000000000000000
 7 11.41653851084510 0.000000000000000
 8 11.46204252305588 0.000000000000000
 9 13.76746738257520 0.000000000000000
 10 17.90678848334237 0.000000000000000
 11 18.04308659308201 0.000000000000000
 12 19.61242051515856 0.000000000000000

 spin=1 k-point=814/1284 Cartesian=0.09737022496416814 0.1911368670199974 -0.05757273355338832 (3776 plane wave)
 1 2.422101509896385 0.001562360268285406
 2 3.467965581505876 0.0003795847555979825
 3 3.642297832693246 8.305004648070389e-05
 4 4.839082855614304 5.565278271980046e-10
 5 5.907981720777185 1.268577818935230e-14
 6 5.970692545964732 6.775906326041288e-15
 7 11.36507871595256 0.000000000000000
 8 12.49044657232489 0.000000000000000
 9 12.57480188118782 0.000000000000000
 10 17.95758630585214 0.000000000000000
 11 19.03405739781300 0.000000000000000
 12 19.17977541273884 0.000000000000000

 spin=1 k-point=815/1284 Cartesian=0.07789617997133459 0.1798935219011741 -0.05757273355338832 (3779 plane wave)
 1 2.472219203990142 0.001562269363440138
 2 2.504517589358289 0.001562181452755712
 3 4.425860870082873 3.467992269544937e-08
 4 4.797914035905185 8.400028544081107e-10
 5 5.317391720907404 4.658193452949455e-12
 6 7.165519005783906 0.000000000000000
 7 11.41653853598188 0.000000000000000
 8 11.46204249787984 0.000000000000000
 9 13.76746738379083 0.000000000000000
 10 17.90678845479738 0.000000000000000
 11 18.04308661860069 0.000000000000000
 12 19.61242052191214 0.000000000000000

 spin=1 k-point=816/1284 Cartesian=0.05842213497850103 0.1686501767823507 -0.05757273355338832 (3785 plane wave)
 1 1.535000091545413 0.001562499980379975
 2 2.663371659751049 0.001560941439675076
 3 3.836148127924650 1.252228871739551e-05
 4 4.941811739977704 1.992236985688545e-10
 5 6.459141754426300 0.000000000000000
 6 8.523235962816386 0.000000000000000
 7 10.52288537785261 0.000000000000000
 8 11.65983093860350 0.000000000000000
 9 15.10359225202513 0.000000000000000
 10 16.77862537378787 0.000000000000000
 11 17.55338453362259 0.000000000000000
 12 18.47920676808474 0.000000000000000

 spin=1 k-point=817/1284 Cartesian=0.03894808998566748 0.1574068316635274 -0.05757273355338832 (3790 plane wave)
 1 0.7189010412989980 0.001562499999994434
 2 2.679420151204442 0.001560670443012412
 3 3.390467682329667 0.0006414889299594737
 4 5.330672833827857 4.078855933193969e-12
 5 7.929995528103089 0.000000000000000
 6 9.462645897611798 0.000000000000000
 7 10.33150863084063 0.000000000000000
 8 12.02244397539029 0.000000000000000
 9 15.16738931716729 0.000000000000000
 10 16.15746355766955 0.000000000000000
 11 16.78690162056382 0.000000000000000
 12 17.81138699035527 0.000000000000000

 spin=1 k-point=818/1284 Cartesian=0.01947404499283394 0.1461634865447040 -0.05757273355338832 (3795 plane wave)
 1 0.04779626636308353 0.001562500000000030
 2 2.176828685408512 0.001562487973925749
 3 3.746872566606599 3.022824867306264e-05
 4 5.849937346537265 2.266734682328405e-14
 5 8.776236490384516 0.000000000000000
 6 9.749983849090466 0.000000000000000
 7 11.76230473561042 0.000000000000000
 8 12.50557636218394 0.000000000000000
 9 13.53726650410426 0.000000000000000
 10 15.34759044982574 0.000000000000000
 11 16.11082397166599 0.000000000000000
 12 18.43711781638379 0.000000000000000

 spin=1 k-point=819/1284 Cartesian=0.000000000000000 0.1124334511882338 -0.05757273355338832 (3799 plane wave)
 1 -1.300044872683469 0.001562500000000037
 2 0.8797982564020308 0.001562499999972034
 3 5.898363338191880 1.396655283229117e-14
 4 7.381259053165109 0.000000000000000
 5 8.280716421172739 0.000000000000000
 6 11.38413948967258 0.000000000000000
 7 12.53843858626052 0.000000000000000
 8 13.59103394669950 0.000000000000000
 9 13.94799913694398 0.000000000000000
 10 14.42768419251941 0.000000000000000
 11 15.77910611136802 0.000000000000000
 12 20.22879928744253 0.000000000000000

 spin=1 k-point=820/1284 Cartesian=0.01947404499283394 -0.1011901060694093 0.05757273355338881 (3794 plane wave)
 1 -1.600342997158412 0.001562500000000037
 2 0.5828609050468234 0.001562499999998599
 3 6.648933872306283 0.000000000000000
 4 7.311108243527120 0.000000000000000
 5 9.049697939753303 0.000000000000000
 6 10.46393609871874 0.000000000000000
 7 12.57682612872143 0.000000000000000
 8 13.56910620846067 0.000000000000000
 9 14.37247428221855 0.000000000000000
 10 15.69494306587433 0.000000000000000
 11 16.76046618689085 0.000000000000000
 12 19.25723904940746 0.000000000000000

 spin=1 k-point=821/1284 Cartesian=0.03894808998566748 -0.08994676095058601 0.05757273355338881 (3801 plane wave)
 1 -1.750554107765177 0.001562500000000037
 2 0.4340923553137781 0.001562499999999712
 3 6.874673773174172 0.000000000000000
 4 7.968482227832098 0.000000000000000
 5 9.048496159870927 0.000000000000000
 6 10.20760085693130 0.000000000000000
 7 11.33144680108918 0.000000000000000
 8 13.59625486504664 0.000000000000000
 9 16.25516573717121 0.000000000000000
 10 16.96657089899162 0.000000000000000
 11 17.79077143725042 0.000000000000000
 12 18.48114044857021 0.000000000000000

 spin=1 k-point=822/1284 Cartesian=0.05842213497850103 -0.07870341583176267 0.05757273355338881 (3801 plane wave)
 1 -1.750554107846842 0.001562500000000037
 2 0.4340923557540434 0.001562499999999712
 3 6.874673736160060 0.000000000000000
 4 7.968482304162474 0.000000000000000
 5 9.048496172362183 0.000000000000000
 6 10.20760072436760 0.000000000000000
 7 11.33144688955699 0.000000000000000
 8 13.59625486942904 0.000000000000000
 9 16.25516556353885 0.000000000000000
 10 16.96657110717672 0.000000000000000
 11 17.79077147735285 0.000000000000000
 12 18.48114044456266 0.000000000000000

 spin=1 k-point=823/1284 Cartesian=0.07789617997133459 -0.06746007071293933 0.05757273355338881 (3794 plane wave)
 1 -1.600342997410064 0.001562500000000037
 2 0.5828609064570386 0.001562499999998599
 3 6.648933737819561 0.000000000000000
 4 7.311108441371927 0.000000000000000
 5 9.049697904826465 0.000000000000000
 6 10.46393601454026 0.000000000000000
 7 12.57682620595322 0.000000000000000
 8 13.56910620857303 0.000000000000000
 9 14.37247416828386 0.000000000000000
 10 15.69494335888517 0.000000000000000
 11 16.76046594211295 0.000000000000000
 12 19.25723908663523 0.000000000000000

 spin=1 k-point=824/1284 Cartesian=0.09737022496416814 -0.05621672559411599 0.05757273355338881 (3799 plane wave)
 1 -1.300044873125312 0.001562500000000037
 2 0.8797982590959281 0.001562499999972034
 3 5.898363267519589 1.396656270277977e-14
 4 7.381259255752131 0.000000000000000
 5 8.280716292824129 0.000000000000000
 6 11.38413948728580 0.000000000000000
 7 12.53843842004019 0.000000000000000
 8 13.59103394450987 0.000000000000000
 9 13.94799915435047 0.000000000000000
 10 14.42768462721212 0.000000000000000
 11 15.77910577748937 0.000000000000000
 12 20.22879928241025 0.000000000000000

 spin=1 k-point=825/1284 Cartesian=0.1168442699570017 -0.04497338047529265 0.05757273355338881 (3793 plane wave)
 1 -0.8499434635685732 0.001562500000000037
 2 1.323238256487818 0.001562499997639394
 3 5.183422554158720 1.778436479894849e-11
 4 7.220788292623944 0.000000000000000
 5 8.076537336024135 0.000000000000000
 6 10.01265509651618 0.000000000000000
 7 12.13451758429709 0.000000000000000
 8 13.56708631848293 0.000000000000000
 9 13.80831033190515 0.000000000000000
 10 15.00932485530568 0.000000000000000
 11 16.23819733203070 0.000000000000000
 12 18.82482218962839 0.000000000000000

 spin=1 k-point=826/1284 Cartesian=0.1363183149498352 -0.03373003535646932 0.05757273355338881 (3792 plane wave)
 1 -0.2505795277072185 0.001562500000000036
 2 1.908584469941401 0.001562499177460305
 3 4.604648880692655 5.802558032988952e-09
 4 6.698738081818168 0.000000000000000
 5 8.015254661402938 0.000000000000000
 6 8.812507410389390 0.000000000000000
 7 10.46490818463132 0.000000000000000
 8 13.33020345447663 0.000000000000000
 9 14.91909011776433 0.000000000000000
 10 15.92080512551024 0.000000000000000
 11 16.92710634672388 0.000000000000000
 12 18.03942626045635 0.000000000000000

 spin=1 k-point=827/1284 Cartesian=0.1557923599426688 0.2023802121388207 -0.05757273355338832 (3785 plane wave)
 1 0.4969954279432388 0.001562499999999427
 2 2.618691835820484 0.001561502672760860
 3 4.186471425123640 3.798722479042814e-07
 4 6.133998817565068 1.323540068420213e-15
 5 6.710049054600741 0.000000000000000
 6 8.588327070915753 0.000000000000000
 7 9.622719138350572 0.000000000000000
 8 12.94426900834913 0.000000000000000
 9 15.14787862191369 0.000000000000000
 10 16.13094989732996 0.000000000000000
 11 17.59029401828581 0.000000000000000
 12 19.46100684820069 0.000000000000000

 spin=1 k-point=828/1284 Cartesian=0.1363183149498352 0.1911368670199974 -0.05757273355338832 (3782 plane wave)
 1 1.390422941907373 0.001562499995378253
 2 3.330050951088864 0.0008755101903244551
 3 4.021274809957964 1.979850869871972e-06
 4 5.019566138750607 9.154990170964017e-11
 5 6.115632433169631 1.590381470110272e-15
 6 7.236210016108260 0.000000000000000
 7 10.36042987152737 0.000000000000000
 8 12.66935625682873 0.000000000000000
 9 13.83551848969036 0.000000000000000
 10 16.93381590010303 0.000000000000000
 11 19.01663317613012 0.000000000000000
 12 19.81773417831470 0.000000000000000

 spin=1 k-point=829/1284 Cartesian=0.1168442699570017 0.1798935219011741 -0.05757273355338832 (3776 plane wave)
 1 2.422101509226152 0.001562360268286343
 2 3.467965608231308 0.0003795846787969303
 3 3.642297803480454 8.305006945241574e-05
 4 4.839082860282842 5.565278012162958e-10
 5 5.907981689267851 1.268578218655808e-14
 6 5.970692576079088 6.775904285520478e-15
 7 11.36507871345526 0.000000000000000
 8 12.49044660269952 0.000000000000000
 9 12.57480185270915 0.000000000000000
 10 17.95758630665879 0.000000000000000
 11 19.03405742695002 0.000000000000000
 12 19.17977538104484 0.000000000000000

 spin=1 k-point=830/1284 Cartesian=0.09737022496416814 0.1686501767823507 -0.05757273355338832 (3776 plane wave)
 1 2.422101509809195 0.001562360268285528
 2 3.467965586162327 0.0003795847422167086
 3 3.642297828265708 8.305004996233322e-05
 4 4.839082855494881 5.565278278626258e-10
 5 5.907981716361603 1.268577874950337e-14
 6 5.970692550357260 6.775906028407621e-15
 7 11.36507871475905 0.000000000000000
 8 12.49044657764243 0.000000000000000
 9 12.57480187693856 0.000000000000000
 10 17.95758630472755 0.000000000000000
 11 19.03405740356794 0.000000000000000
 12 19.17977540783800 0.000000000000000

 spin=1 k-point=831/1284 Cartesian=0.07789617997133459 0.1574068316635274 -0.05757273355338832 (3782 plane wave)
 1 1.390422943286989 0.001562499995378253
 2 3.330050904242353 0.0008755103706547998
 3 4.021274907916681 1.979848932893412e-06
 4 5.019566069709264 9.154996491695552e-11
 5 6.115632435439937 1.590381434003726e-15
 6 7.236210036235828 0.000000000000000
 7 10.36042986307115 0.000000000000000
 8 12.66935625219825 0.000000000000000
 9 13.83551850122907 0.000000000000000
 10 16.93381589670626 0.000000000000000
 11 19.01663313534549 0.000000000000000
 12 19.81773423216591 0.000000000000000

 spin=1 k-point=832/1284 Cartesian=0.05842213497850103 0.1461634865447041 -0.05757273355338832 (3785 plane wave)
 1 0.4969954291632503 0.001562499999999427
 2 2.618691817944989 0.001561502672939023
 3 4.186471477785087 3.798720479066981e-07
 4 6.133998740668567 1.323541086176858e-15
 5 6.710049046992131 0.000000000000000
 6 8.588327215304991 0.000000000000000
 7 9.622719034013027 0.000000000000000
 8 12.94426900362167 0.000000000000000
 9 15.14787867142691 0.000000000000000
 10 16.13094988655204 0.000000000000000
 11 17.59029393444620 0.000000000000000
 12 19.46100702460417 0.000000000000000

 spin=1 k-point=833/1284 Cartesian=0.03894808998566748 0.1349201414258807 -0.05757273355338832 (3792 plane wave)
 1 -0.2505795267758960 0.001562500000000036
 2 1.908584461441538 0.001562499177460375
 3 4.604648924681824 5.802555480501338e-09
 4 6.698738004964010 0.000000000000000
 5 8.015254526646398 0.000000000000000
 6 8.812507701026432 0.000000000000000
 7 10.46490805152962 0.000000000000000
 8 13.33020345282412 0.000000000000000
 9 14.91909017423025 0.000000000000000
 10 15.92080511085282 0.000000000000000
 11 16.92710625834468 0.000000000000000
 12 18.03942635637896 0.000000000000000

 spin=1 k-point=834/1284 Cartesian=0.01947404499283394 0.1236767963070574 -0.05757273355338832 (3793 plane wave)
 1 -0.8499434629030099 0.001562500000000037
 2 1.323238251781367 0.001562499997639394
 3 5.183422602990073 1.778435611460264e-11
 4 7.220788134209971 0.000000000000000
 5 8.076537420800635 0.000000000000000
 6 10.01265518679174 0.000000000000000
 7 12.13451749523297 0.000000000000000
 8 13.56708652137860 0.000000000000000
 9 13.80831018513246 0.000000000000000
 10 15.00932465955714 0.000000000000000
 11 16.23819755424114 0.000000000000000
 12 18.82482214809459 0.000000000000000

 spin=1 k-point=835/1284 Cartesian=0.000000000000000 -0.08994676095058625 0.05757273355338881 (3794 plane wave)
 1 -1.976062099173897 0.001562500000000037
 2 0.2099524145397404 0.001562500000000002
 3 6.669350732839971 0.000000000000000
 4 7.771007301763873 0.000000000000000
 5 9.870747873720729 0.000000000000000
 6 11.91452558686186 0.000000000000000
 7 12.78102338258335 0.000000000000000
 8 13.80409467387945 0.000000000000000
 9 14.12111333850207 0.000000000000000
 10 15.23661601191960 0.000000000000000
 11 16.90742931902482 0.000000000000000
 12 20.74853960196463 0.000000000000000

 spin=1 k-point=836/1284 Cartesian=0.01947404499283394 -0.07870341583176269 0.05757273355338881 (3802 plane wave)
 1 -2.201600514981956 0.001562500000000037
 2 -0.01415307835583554 0.001562500000000033
 3 6.505577494754284 0.000000000000000
 4 8.680311523379185 0.000000000000000
 5 10.67026742640308 0.000000000000000
 6 11.16054401411378 0.000000000000000
 7 12.95367936406478 0.000000000000000
 8 13.39358350887420 0.000000000000000
 9 14.93601787062133 0.000000000000000
 10 16.77741488848551 0.000000000000000
 11 17.83393385971045 0.000000000000000
 12 19.42418811619338 0.000000000000000

 spin=1 k-point=837/1284 Cartesian=0.03894808998566748 -0.06746007071293936 0.05757273355338881 (3798 plane wave)
 1 -2.276796499445523 0.001562500000000037
 2 -0.08890673975857499 0.001562500000000035
 3 6.443143505329635 0.000000000000000
 4 9.707619472441447 0.000000000000000
 5 9.796766979141342 0.000000000000000
 6 11.84416303436000 0.000000000000000
 7 12.08595187357037 0.000000000000000
 8 13.18382933514929 0.000000000000000
 9 16.89706757596399 0.000000000000000
 10 17.25177722228423 0.000000000000000
 11 18.22331978870529 0.000000000000000
 12 18.69131295528133 0.000000000000000

 spin=1 k-point=838/1284 Cartesian=0.05842213497850103 -0.05621672559411602 0.05757273355338881 (3802 plane wave)
 1 -2.201600515065636 0.001562500000000037
 2 -0.01415307792823001 0.001562500000000033
 3 6.505577481382985 0.000000000000000
 4 8.680311564225203 0.000000000000000
 5 10.67026748134292 0.000000000000000
 6 11.16054387306482 0.000000000000000
 7 12.95367947109626 0.000000000000000
 8 13.39358347682217 0.000000000000000
 9 14.93601779292418 0.000000000000000
 10 16.77741508346227 0.000000000000000
 11 17.83393369782451 0.000000000000000
 12 19.42418826700440 0.000000000000000

 spin=1 k-point=839/1284 Cartesian=0.07789617997133459 -0.04497338047529267 0.05757273355338881 (3794 plane wave)
 1 -1.976062099340261 0.001562500000000037
 2 0.2099524154328539 0.001562500000000002
 3 6.669350680982553 0.000000000000000
 4 7.771007393343314 0.000000000000000
 5 9.870747837973655 0.000000000000000
 6 11.91452558425834 0.000000000000000
 7 12.78102330215290 0.000000000000000
 8 13.80409467061429 0.000000000000000
 9 14.12111333623510 0.000000000000000
 10 15.23661624294328 0.000000000000000
 11 16.90742913514831 0.000000000000000
 12 20.74853959036887 0.000000000000000

 spin=1 k-point=840/1284 Cartesian=0.09737022496416814 -0.03373003535646934 0.05757273355338881 (3794 plane wave)
 1 -1.600342997363086 0.001562500000000037
 2 0.5828609064957522 0.001562499999998599
 3 6.648933738602010 0.000000000000000
 4 7.311108439947976 0.000000000000000
 5 9.049697904754956 0.000000000000000
 6 10.46393601597345 0.000000000000000
 7 12.57682620486906 0.000000000000000
 8 13.56910620688894 0.000000000000000
 9 14.37247416890824 0.000000000000000
 10 15.69494336166006 0.000000000000000
 11 16.76046593875558 0.000000000000000
 12 19.25723909025216 0.000000000000000

 spin=1 k-point=841/1284 Cartesian=0.1168442699570017 -0.02248669023764600 0.05757273355338881 (3790 plane wave)
 1 -1.074765842235033 0.001562500000000037
 2 1.103273106362548 0.001562499999738379
 3 6.119459604997136 1.530664841753100e-15
 4 7.565023237909693 0.000000000000000
 5 8.190458066357669 0.000000000000000
 6 8.955435267196059 0.000000000000000
 7 10.81887439715994 0.000000000000000
 8 14.07750091520770 0.000000000000000
 9 15.02668827539373 0.000000000000000
 10 16.20165529619716 0.000000000000000
 11 17.28511989033325 0.000000000000000
 12 18.35988771552388 0.000000000000000

 spin=1 k-point=842/1284 Cartesian=0.1363183149498352 -0.01124334511882266 0.05757273355338881 (3787 plane wave)
 1 -0.3999400892822105 0.001562500000000037
 2 1.767848378430219 0.001562499798651801
 3 5.621822185776909 2.218668859675196e-13
 4 6.752110682966312 0.000000000000000
 5 7.674727704413926 0.000000000000000
 6 8.521420083514979 0.000000000000000
 7 9.320649207360153 0.000000000000000
 8 14.19505787498356 0.000000000000000
 9 15.06637643263419 0.000000000000000
 10 15.88518561576297 0.000000000000000
 11 17.85477657712145 0.000000000000000
 12 19.78541687504999 0.000000000000000

 spin=1 k-point=843/1284 Cartesian=0.1557923599426688 0.000000000000000 0.05757273355338881 (3788 plane wave)
 1 0.4228790313719282 0.001562499999999746
 2 2.564292116640489 0.001561920972795400
 3 5.223699690660927 1.188822279888958e-11
 4 5.282553033918454 6.599637055482045e-12
 5 7.369575802597915 0.000000000000000
 6 7.507607908412807 0.000000000000000
 7 9.481716018903308 0.000000000000000
 8 13.89400419884318 0.000000000000000
 9 14.14588050915634 0.000000000000000
 10 16.05847113344139 0.000000000000000
 11 19.55214671078037 0.000000000000000
 12 19.68841376518914 0.000000000000000

 spin=1 k-point=844/1284 Cartesian=0.1363183149498352 0.1686501767823507 -0.05757273355338832 (3782 plane wave)
 1 1.390422943386952 0.001562499995378253
 2 3.330050909854254 0.0008755103490524231
 3 4.021274898209039 1.979849124846578e-06
 4 5.019566075086150 9.154995999441791e-11
 5 6.115632431509920 1.590381496506002e-15
 6 7.236210039072691 0.000000000000000
 7 10.36042986209693 0.000000000000000
 8 12.66935625409762 0.000000000000000
 9 13.83551849856440 0.000000000000000
 10 16.93381590029749 0.000000000000000
 11 19.01663313466475 0.000000000000000
 12 19.81773422399155 0.000000000000000

 spin=1 k-point=845/1284 Cartesian=0.1168442699570017 0.1574068316635274 -0.05757273355338832 (3779 plane wave)
 1 2.472219174590472 0.001562269363507934
 2 2.504517621663341 0.001562181452652827
 3 4.425860849094892 3.467992997390599e-08
 4 4.797914064373814 8.400026152709156e-10
 5 5.317391708682694 4.658194022400251e-12
 6 7.165519007803429 0.000000000000000
 7 11.41653850556800 0.000000000000000
 8 11.46204252774188 0.000000000000000
 9 13.76746738314529 0.000000000000000
 10 17.90678848690133 0.000000000000000
 11 18.04308658703786 0.000000000000000
 12 19.61242051593647 0.000000000000000

 spin=1 k-point=846/1284 Cartesian=0.09737022496416814 0.1461634865447041 -0.05757273355338832 (3782 plane wave)
 1 1.390422941993298 0.001562499995378253
 2 3.330050947602565 0.0008755102037445683
 3 4.021274816311998 1.979850744230938e-06
 4 5.019566136590275 9.154990368742255e-11
 5 6.115632433279950 1.590381468355753e-15
 6 7.236210014647604 0.000000000000000
 7 10.36042987237318 0.000000000000000
 8 12.66935625352563 0.000000000000000
 9 13.83551849357544 0.000000000000000
 10 16.93381589772323 0.000000000000000
 11 19.01663316754365 0.000000000000000
 12 19.81773418906596 0.000000000000000

 spin=1 k-point=847/1284 Cartesian=0.07789617997133459 0.1349201414258807 -0.05757273355338832 (3788 plane wave)
 1 0.4228790313203057 0.001562499999999746
 2 2.564292115976944 0.001561920972799241
 3 5.223699717112900 1.188821965421973e-11
 4 5.282553008706826 6.599638719358636e-12
 5 7.369575826830501 0.000000000000000
 6 7.507607882021358 0.000000000000000
 7 9.481716020974197 0.000000000000000
 8 13.89400417590522 0.000000000000000
 9 14.14588053483883 0.000000000000000
 10 16.05847112912524 0.000000000000000
 11 19.55214670771176 0.000000000000000
 12 19.68841375994982 0.000000000000000

 spin=1 k-point=848/1284 Cartesian=0.05842213497850103 0.1236767963070574 -0.05757273355338832 (3787 plane wave)
 1 -0.3999400890218999 0.001562500000000037
 2 1.767848375949828 0.001562499798651806
 3 5.621822233910419 2.218667791752004e-13
 4 6.752110620370571 0.000000000000000
 5 7.674727552924731 0.000000000000000
 6 8.521420420545940 0.000000000000000
 7 9.320649034771241 0.000000000000000
 8 14.19505782289317 0.000000000000000
 9 15.06637655314490 0.000000000000000
 10 15.88518556685122 0.000000000000000
 11 17.85477651891681 0.000000000000000
 12 19.78541687430101 0.000000000000000

 spin=1 k-point=849/1284 Cartesian=0.03894808998566748 0.1124334511882340 -0.05757273355338832 (3790 plane wave)
 1 -1.074765841941174 0.001562500000000037
 2 1.103273104326572 0.001562499999738379
 3 6.119459673407710 1.530663794616599e-15
 4 7.565023049197509 0.000000000000000
 5 8.190458010951486 0.000000000000000
 6 8.955435533233448 0.000000000000000
 7 10.81887429836227 0.000000000000000
 8 14.07750086132442 0.000000000000000
 9 15.02668842262728 0.000000000000000
 10 16.20165520205711 0.000000000000000
 11 17.28511984570187 0.000000000000000
 12 18.35988777726547 0.000000000000000

 spin=1 k-point=850/1284 Cartesian=0.01947404499283394 0.1011901060694107 -0.05757273355338832 (3794 plane wave)
 1 -1.600342997120337 0.001562500000000037
 2 0.5828609050659045 0.001562499999998599
 3 6.648933872389103 0.000000000000000
 4 7.311108243517760 0.000000000000000
 5 9.049697939117721 0.000000000000000
 6 10.46393610089021 0.000000000000000
 7 12.57682612671758 0.000000000000000
 8 13.56910620350874 0.000000000000000
 9 14.37247428495602 0.000000000000000
 10 15.69494307260567 0.000000000000000
 11 16.76046618089036 0.000000000000000
 12 19.25723905043291 0.000000000000000

 spin=1 k-point=851/1284 Cartesian=0.000000000000000 -0.06746007071293957 0.05757273355338881 (3800 plane wave)
 1 -2.502470144389623 0.001562500000000037
 2 -0.3134986122213791 0.001562500000000036
 3 6.233640690022622 0.000000000000000
 4 9.554156380845564 0.000000000000000
 5 11.67972343155387 0.000000000000000
 6 12.59588834276636 0.000000000000000
 7 12.65430678842124 0.000000000000000
 8 14.15551365223315 0.000000000000000
 9 14.80202799652385 0.000000000000000
 10 15.96768031124691 0.000000000000000
 11 18.53594243938730 0.000000000000000
 12 19.89216255040967 0.000000000000000

 spin=1 k-point=852/1284 Cartesian=0.01947404499283394 -0.05621672559411600 0.05757273355338881 (3791 plane wave)
 1 -2.652951285902555 0.001562500000000037
 2 -0.4632974591193186 0.001562500000000037
 3 6.094064082353214 1.973201729290986e-15
 4 10.56214633615915 0.000000000000000
 5 11.66389357559274 0.000000000000000
 6 12.48693534113035 0.000000000000000
 7 13.03846367360739 0.000000000000000
 8 14.00544009854350 0.000000000000000
 9 15.62964977940912 0.000000000000000
 10 17.46606520746103 0.000000000000000
 11 18.09414108205243 0.000000000000000
 12 19.37496132586552 0.000000000000000

 spin=1 k-point=853/1284 Cartesian=0.03894808998566748 -0.04497338047529267 0.05757273355338881 (3791 plane wave)
 1 -2.652951285922080 0.001562500000000037
 2 -0.4632974590218090 0.001562500000000037
 3 6.094064080843328 1.973201759084067e-15
 4 10.56214635460445 0.000000000000000
 5 11.66389357929558 0.000000000000000
 6 12.48693525444091 0.000000000000000
 7 13.03846374613290 0.000000000000000
 8 14.00544010283982 0.000000000000000
 9 15.62964972464659 0.000000000000000
 10 17.46606519983842 0.000000000000000
 11 18.09414125696824 0.000000000000000
 12 19.37496121917210 0.000000000000000

 spin=1 k-point=854/1284 Cartesian=0.05842213497850103 -0.03373003535646933 0.05757273355338881 (3800 plane wave)
 1 -2.502470144444633 0.001562500000000037
 2 -0.3134986119356869 0.001562500000000036
 3 6.233640684619744 0.000000000000000
 4 9.554156408329765 0.000000000000000
 5 11.67972340101713 0.000000000000000
 6 12.59588833976890 0.000000000000000
 7 12.65430680160234 0.000000000000000
 8 14.15551358608313 0.000000000000000
 9 14.80202799408064 0.000000000000000
 10 15.96768042394793 0.000000000000000
 11 18.53594237028093 0.000000000000000
 12 19.89216254814951 0.000000000000000

 spin=1 k-point=855/1284 Cartesian=0.07789617997133459 -0.02248669023764599 0.05757273355338881 (3802 plane wave)
 1 -2.201600515029233 0.001562500000000037
 2 -0.01415307790375178 0.001562500000000033
 3 6.505577481740168 0.000000000000000
 4 8.680311562946416 0.000000000000000
 5 10.67026747993131 0.000000000000000
 6 11.16054387712371 0.000000000000000
 7 12.95367946843514 0.000000000000000
 8 13.39358347620403 0.000000000000000
 9 14.93601779279855 0.000000000000000
 10 16.77741508673404 0.000000000000000
 11 17.83393369414874 0.000000000000000
 12 19.42418826620653 0.000000000000000

 spin=1 k-point=856/1284 Cartesian=0.09737022496416814 -0.01124334511882265 0.05757273355338881 (3801 plane wave)
 1 -1.750554107761001 0.001562500000000037
 2 0.4340923558201460 0.001562499999999712
 3 6.874673738092511 0.000000000000000
 4 7.968482299205524 0.000000000000000
 5 9.048496173372477 0.000000000000000
 6 10.20760072996086 0.000000000000000
 7 11.33144688450773 0.000000000000000
 8 13.59625486918940 0.000000000000000
 9 16.25516556499086 0.000000000000000
 10 16.96657110786945 0.000000000000000
 11 17.79077147289842 0.000000000000000
 12 18.48114044414643 0.000000000000000

 spin=1 k-point=857/1284 Cartesian=0.1168442699570017 0.000000000000000 0.05757273355338881 (3789 plane wave)
 1 -1.149735407783059 0.001562500000000037
 2 1.029681077660784 0.001562499999874686
 3 7.014295397753544 0.000000000000000
 4 7.252677041300827 0.000000000000000
 5 7.797160682696802 0.000000000000000
 6 9.494545292920119 0.000000000000000
 7 9.746086271769490 0.000000000000000
 8 14.09877668671767 0.000000000000000
 9 16.15339436442521 0.000000000000000
 10 16.18006225695520 0.000000000000000
 11 18.12866425757283 0.000000000000000
 12 18.39791454304995 0.000000000000000

 spin=1 k-point=858/1284 Cartesian=0.1363183149498352 0.01124334511882402 0.05757273355338881 (3787 plane wave)
 1 -0.3999400889259280 0.001562500000000037
 2 1.767848376210429 0.001562499798651806
 3 5.621822234028964 2.218667789121881e-13
 4 6.752110619064533 0.000000000000000
 5 7.674727546024102 0.000000000000000
 6 8.521420434924831 0.000000000000000
 7 9.320649027158890 0.000000000000000
 8 14.19505782813540 0.000000000000000
 9 15.06637654605943 0.000000000000000
 10 15.88518556948938 0.000000000000000
 11 17.85477651760801 0.000000000000000
 12 19.78541688001008 0.000000000000000

 spin=1 k-point=859/1284 Cartesian=0.1557923599426688 0.02248669023764735 0.05757273355338881 (3785 plane wave)
 1 0.4969954293602166 0.001562499999999427
 2 2.618691819089205 0.001561502672927619
 3 4.186471476027565 3.798720545814124e-07
 4 6.133998743664352 1.323541046526400e-15
 5 6.710049041641991 0.000000000000000
 6 8.588327220309740 0.000000000000000
 7 9.622719030821532 0.000000000000000
 8 12.94426900406517 0.000000000000000
 9 15.14787866919460 0.000000000000000
 10 16.13094989125834 0.000000000000000
 11 17.59029392929180 0.000000000000000
 12 19.46100702780005 0.000000000000000

 spin=1 k-point=860/1284 Cartesian=0.1363183149498352 0.1461634865447040 -0.05757273355338832 (3785 plane wave)
 1 1.535000091788169 0.001562499980379975
 2 2.663371662610550 0.001560941439630553
 3 3.836148122915045 1.252228933968537e-05
 4 4.941811743009933 1.992236925279358e-10
 5 6.459141751217603 0.000000000000000
 6 8.523235965732866 0.000000000000000
 7 10.52288537547556 0.000000000000000
 8 11.65983093889891 0.000000000000000
 9 15.10359225079492 0.000000000000000
 10 16.77862538699732 0.000000000000000
 11 17.55338451319555 0.000000000000000
 12 18.47920677649479 0.000000000000000

 spin=1 k-point=861/1284 Cartesian=0.1168442699570017 0.1349201414258807 -0.05757273355338832 (3785 plane wave)
 1 1.535000086925405 0.001562499980379976
 2 2.663371690291320 0.001560941439199562
 3 3.836148061657569 1.252229694905179e-05
 4 4.941811792587542 1.992235937576054e-10
 5 6.459141752819718 0.000000000000000
 6 8.523235932070472 0.000000000000000
 7 10.52288541318468 0.000000000000000
 8 11.65983092456965 0.000000000000000
 9 15.10359224206903 0.000000000000000
 10 16.77862534413352 0.000000000000000
 11 17.55338464153234 0.000000000000000
 12 18.47920666760555 0.000000000000000

 spin=1 k-point=862/1284 Cartesian=0.09737022496416814 0.1236767963070574 -0.05757273355338832 (3785 plane wave)
 1 0.4969954280312577 0.001562499999999427
 2 2.618691835188566 0.001561502672767158
 3 4.186471426911012 3.798722411162005e-07
 4 6.133998819088344 1.323540048259039e-15
 5 6.710049052650606 0.000000000000000
 6 8.588327067339272 0.000000000000000
 7 9.622719140981415 0.000000000000000
 8 12.94426900551073 0.000000000000000
 9 15.14787862893622 0.000000000000000
 10 16.13094989177986 0.000000000000000
 11 17.59029401504557 0.000000000000000
 12 19.46100685007583 0.000000000000000

 spin=1 k-point=863/1284 Cartesian=0.07789617997133459 0.1124334511882340 -0.05757273355338832 (3787 plane wave)
 1 -0.3999400892761563 0.001562500000000037
 2 1.767848378244899 0.001562499798651801
 3 5.621822187096845 2.218668830390200e-13
 4 6.752110683172211 0.000000000000000
 5 7.674727709727455 0.000000000000000
 6 8.521420069680003 0.000000000000000
 7 9.320649214731453 0.000000000000000
 8 14.19505786496461 0.000000000000000
 9 15.06637644954481 0.000000000000000
 10 15.88518560767620 0.000000000000000
 11 17.85477657504400 0.000000000000000
 12 19.78541687664061 0.000000000000000

 spin=1 k-point=864/1284 Cartesian=0.05842213497850103 0.1011901060694107 -0.05757273355338832 (3789 plane wave)
 1 -1.149735407814740 0.001562500000000037
 2 1.029681077568247 0.001562499999874686
 3 7.014295380541436 0.000000000000000
 4 7.252677068475888 0.000000000000000
 5 7.797160676385860 0.000000000000000
 6 9.494545266327622 0.000000000000000
 7 9.746086295714473 0.000000000000000
 8 14.09877668293283 0.000000000000000
 9 16.15339439037932 0.000000000000000
 10 16.18006223460026 0.000000000000000
 11 18.12866425208253 0.000000000000000
 12 18.39791454776502 0.000000000000000

 spin=1 k-point=865/1284 Cartesian=0.03894808998566748 0.08994676095058736 -0.05757273355338832 (3801 plane wave)
 1 -1.750554107695985 0.001562500000000037
 2 0.4340923553433800 0.001562499999999712
 3 6.874673773860235 0.000000000000000
 4 7.968482227095059 0.000000000000000
 5 9.048496159786660 0.000000000000000
 6 10.20760085868102 0.000000000000000
 7 11.33144679925142 0.000000000000000
 8 13.59625486211348 0.000000000000000
 9 16.25516573721436 0.000000000000000
 10 16.96657090340284 0.000000000000000
 11 17.79077143705002 0.000000000000000
 12 18.48114044071551 0.000000000000000

 spin=1 k-point=866/1284 Cartesian=-0.01947404499283316 -0.07870341583176267 0.05757273355338881 (3802 plane wave)
 1 -2.201600514952174 0.001562500000000037
 2 -0.01415307834427843 0.001562500000000033
 3 6.505577494949014 0.000000000000000
 4 8.680311523098279 0.000000000000000
 5 10.67026742469482 0.000000000000000
 6 11.16054401848197 0.000000000000000
 7 12.95367935932479 0.000000000000000
 8 13.39358350814202 0.000000000000000
 9 14.93601787176338 0.000000000000000
 10 16.77741489231780 0.000000000000000
 11 17.83393385458803 0.000000000000000
 12 19.42418811667322 0.000000000000000

 spin=1 k-point=867/1284 Cartesian=0.000000000000000 -0.04497338047529290 0.05757273355338881 (3792 plane wave)
 1 -2.878736660184968 0.001562500000000037
 2 -0.6881783285603704 0.001562500000000037
 3 5.879849364088419 1.680716316125787e-14
 4 11.47091152554006 0.000000000000000
 5 12.41950033173479 0.000000000000000
 6 13.42705124393296 0.000000000000000
 7 13.64168508146584 0.000000000000000
 8 14.87834344822897 0.000000000000000
 9 15.63254540603978 0.000000000000000
 10 16.71624075966428 0.000000000000000
 11 18.30496345659949 0.000000000000000
 12 19.70769428025474 0.000000000000000

 spin=1 k-point=868/1284 Cartesian=0.01947404499283394 -0.03373003535646933 0.05757273355338881 (3800 plane wave)
 1 -2.954012680290593 0.001562500000000037
 2 -0.7631739643301819 0.001562500000000037
 3 5.807936456477037 3.449914104409391e-14
 4 12.06700311195247 0.000000000000000
 5 12.62629369871610 0.000000000000000
 6 12.88088893398450 0.000000000000000
 7 14.80273459106100 0.000000000000000
 8 14.88737024425865 0.000000000000000
 9 16.25814617173143 0.000000000000000
 10 16.59878612557058 0.000000000000000
 11 18.43525274192333 0.000000000000000
 12 18.64087186730091 0.000000000000000

 spin=1 k-point=869/1284 Cartesian=0.03894808998566748 -0.02248669023764600 0.05757273355338881 (3792 plane wave)
 1 -2.878736660198291 0.001562500000000037
 2 -0.6881783284874734 0.001562500000000037
 3 5.879849363253168 1.680716330163984e-14
 4 11.47091154600036 0.000000000000000
 5 12.41950029618532 0.000000000000000
 6 13.42705124013707 0.000000000000000
 7 13.64168514399521 0.000000000000000
 8 14.87834335697288 0.000000000000000
 9 15.63254540330520 0.000000000000000
 10 16.71624079820868 0.000000000000000
 11 18.30496345637713 0.000000000000000
 12 19.70769453668361 0.000000000000000

 spin=1 k-point=870/1284 Cartesian=0.05842213497850103 -0.01124334511882266 0.05757273355338881 (3791 plane wave)
 1 -2.652951285895775 0.001562500000000037
 2 -0.4632974590080978 0.001562500000000037
 3 6.094064081017431 1.973201755648666e-15
 4 10.56214635203700 0.000000000000000
 5 11.66389358226109 0.000000000000000
 6 12.48693525820675 0.000000000000000
 7 13.03846374165290 0.000000000000000
 8 14.00544010133570 0.000000000000000
 9 15.62964972392298 0.000000000000000
 10 17.46606519946054 0.000000000000000
 11 18.09414126180638 0.000000000000000
 12 19.37496122134696 0.000000000000000

 spin=1 k-point=871/1284 Cartesian=0.07789617997133459 0.000000000000000 0.05757273355338881 (3798 plane wave)
 1 -2.276796499381092 0.001562500000000037
 2 -0.08890673971873914 0.001562500000000035
 3 6.443143505930919 0.000000000000000
 4 9.707619440181857 0.000000000000000
 5 9.796767009608230 0.000000000000000
 6 11.84416306385578 0.000000000000000
 7 12.08595184162942 0.000000000000000
 8 13.18382933644554 0.000000000000000
 9 16.89706757786091 0.000000000000000
 10 17.25177722011346 0.000000000000000
 11 18.22331981076591 0.000000000000000
 12 18.69131292387891 0.000000000000000

 spin=1 k-point=872/1284 Cartesian=0.09737022496416814 0.01124334511882402 0.05757273355338881 (3801 plane wave)
 1 -1.750554107646684 0.001562500000000037
 2 0.4340923554013182 0.001562499999999712
 3 6.874673776182559 0.000000000000000
 4 7.968482220965456 0.000000000000000
 5 9.048496161472361 0.000000000000000
 6 10.20760086327551 0.000000000000000
 7 11.33144679435906 0.000000000000000
 8 13.59625486485183 0.000000000000000
 9 16.25516573986433 0.000000000000000
 10 16.96657090258023 0.000000000000000
 11 17.79077142815578 0.000000000000000
 12 18.48114044814288 0.000000000000000

 spin=1 k-point=873/1284 Cartesian=0.1168442699570017 0.02248669023764735 0.05757273355338881 (3790 plane wave)
 1 -1.074765841832240 0.001562500000000037
 2 1.103273104468871 0.001562499999738379
 3 6.119459674918515 1.530663771491254e-15
 4 7.565023043275681 0.000000000000000
 5 8.190458012046717 0.000000000000000
 6 8.955435536858003 0.000000000000000
 7 10.81887429569961 0.000000000000000
 8 14.07750086412018 0.000000000000000
 9 15.02668842426954 0.000000000000000
 10 16.20165519861770 0.000000000000000
 11 17.28511983983611 0.000000000000000
 12 18.35988778806602 0.000000000000000

 spin=1 k-point=874/1284 Cartesian=0.1363183149498352 0.03373003535647069 0.05757273355338881 (3792 plane wave)
 1 -0.2505795265710719 0.001562500000000036
 2 1.908584461872536 0.001562499177460371
 3 4.604648924355183 5.802555499454821e-09
 4 6.698738005510411 0.000000000000000
 5 8.015254520153228 0.000000000000000
 6 8.812507707266871 0.000000000000000
 7 10.46490804911771 0.000000000000000
 8 13.33020345217661 0.000000000000000
 9 14.91909018150860 0.000000000000000
 10 15.92080510339903 0.000000000000000
 11 16.92710625345542 0.000000000000000
 12 18.03942636677383 0.000000000000000

 spin=1 k-point=875/1284 Cartesian=0.1557923599426688 0.04497338047529402 0.05757273355338881 (3790 plane wave)
 1 0.7189010416621672 0.001562499999994434
 2 2.679420154138592 0.001560670442958793
 3 3.390467678840646 0.0006414889431522943
 4 5.330672834553207 4.078855903607969e-12
 5 7.929995523869017 0.000000000000000
 6 9.462645904616464 0.000000000000000
 7 10.33150862592244 0.000000000000000
 8 12.02244397435001 0.000000000000000
 9 15.16738932531542 0.000000000000000
 10 16.15746354831593 0.000000000000000
 11 16.78690161402227 0.000000000000000
 12 17.81138700440329 0.000000000000000

 spin=1 k-point=876/1284 Cartesian=0.1363183149498352 0.1236767963070574 -0.05757273355338832 (3790 plane wave)
 1 1.813378830585680 0.001562499682543637
 2 1.825124352438994 0.001562499642978643
 3 4.064043217835344 1.291466465638408e-06
 4 4.129474123101767 6.715721227051843e-07
 5 7.872630819387552 0.000000000000000
 6 9.823564768653284 0.000000000000000
 7 10.76654342010938 0.000000000000000
 8 10.98921286317354 0.000000000000000
 9 15.17551653598770 0.000000000000000
 10 16.36589220720050 0.000000000000000
 11 16.99211508098296 0.000000000000000
 12 17.65393635819534 0.000000000000000

 spin=1 k-point=877/1284 Cartesian=0.1168442699570017 0.1124334511882340 -0.05757273355338832 (3790 plane wave)
 1 0.7189010386369096 0.001562499999994434
 2 2.679420209847498 0.001560670441940760
 3 3.390467594317753 0.0006414892627535537
 4 5.330672879116668 4.078854085928591e-12
 5 7.929995567912638 0.000000000000000
 6 9.462645667859068 0.000000000000000
 7 10.33150884421901 0.000000000000000
 8 12.02244393958669 0.000000000000000
 9 15.16738931598291 0.000000000000000
 10 16.15746347533290 0.000000000000000
 11 16.78690179063866 0.000000000000000
 12 17.81138684033970 0.000000000000000

 spin=1 k-point=878/1284 Cartesian=0.09737022496416814 0.1011901060694107 -0.05757273355338832 (3792 plane wave)
 1 -0.2505795275984659 0.001562500000000036
 2 1.908584469769512 0.001562499177460307
 3 4.604648881896293 5.802557963147445e-09
 4 6.698738083075564 0.000000000000000
 5 8.015254660355801 0.000000000000000
 6 8.812507407078741 0.000000000000000
 7 10.46490818577678 0.000000000000000
 8 13.33020345121409 0.000000000000000
 9 14.91909011899220 0.000000000000000
 10 15.92080512899416 0.000000000000000
 11 16.92710634371376 0.000000000000000
 12 18.03942626072192 0.000000000000000

 spin=1 k-point=879/1284 Cartesian=0.07789617997133459 0.08994676095058737 -0.05757273355338832 (3790 plane wave)
 1 -1.074765842190077 0.001562500000000037
 2 1.103273106301394 0.001562499999738379
 3 6.119459606166544 1.530664823853366e-15
 4 7.565023239694732 0.000000000000000
 5 8.190458067708336 0.000000000000000
 6 8.955435260944444 0.000000000000000
 7 10.81887439877683 0.000000000000000
 8 14.07750090969034 0.000000000000000
 9 15.02668827827479 0.000000000000000
 10 16.20165529875614 0.000000000000000
 11 17.28511988997718 0.000000000000000
 12 18.35988771573113 0.000000000000000

 spin=1 k-point=880/1284 Cartesian=0.05842213497850103 0.07870341583176403 -0.05757273355338832 (3801 plane wave)
 1 -1.750554107751845 0.001562500000000037
 2 0.4340923557848614 0.001562499999999712
 3 6.874673737623545 0.000000000000000
 4 7.968482303064879 0.000000000000000
 5 9.048496172640728 0.000000000000000
 6 10.20760072402273 0.000000000000000
 7 11.33144688838614 0.000000000000000
 8 13.59625486643444 0.000000000000000
 9 16.25516556317433 0.000000000000000
 10 16.96657110865202 0.000000000000000
 11 17.79077147740151 0.000000000000000
 12 18.48114044540729 0.000000000000000

 spin=1 k-point=881/1284 Cartesian=-0.03894808998566670 -0.06746007071293934 0.05757273355338881 (3798 plane wave)
 1 -2.276796499392445 0.001562500000000037
 2 -0.08890673974338957 0.001562500000000035
 3 6.443143505708192 0.000000000000000
 4 9.707619468414107 0.000000000000000
 5 9.796766983587155 0.000000000000000
 6 11.84416303855106 0.000000000000000
 7 12.08595186836044 0.000000000000000
 8 13.18382933261680 0.000000000000000
 9 16.89706757181335 0.000000000000000
 10 17.25177722503416 0.000000000000000
 11 18.22331979664797 0.000000000000000
 12 18.69131294995623 0.000000000000000

 spin=1 k-point=882/1284 Cartesian=-0.01947404499283316 -0.05621672559411601 0.05757273355338881 (3791 plane wave)
 1 -2.652951285880220 0.001562500000000037
 2 -0.4632974591149395 0.001562500000000037
 3 6.094064082475040 1.973201726887111e-15
 4 10.56214633563304 0.000000000000000
 5 11.66389357898363 0.000000000000000
 6 12.48693533999747 0.000000000000000
 7 13.03846366991178 0.000000000000000
 8 14.00544009881489 0.000000000000000
 9 15.62964977909626 0.000000000000000
 10 17.46606520293598 0.000000000000000
 11 18.09414108908100 0.000000000000000
 12 19.37496132524196 0.000000000000000

 spin=1 k-point=883/1284 Cartesian=0.000000000000000 -0.02248669023764622 0.05757273355338881 (3788 plane wave)
 1 -3.104586500584913 0.001562500000000037
 2 -0.9132200744699260 0.001562500000000037
 3 5.663278308398847 1.465719246973645e-13
 4 12.10043718762985 0.000000000000000
 5 13.69249913401408 0.000000000000000
 6 14.40237061658102 0.000000000000000
 7 15.34965856394713 0.000000000000000
 8 15.99007726128523 0.000000000000000
 9 16.60604402360076 0.000000000000000
 10 16.87686759989302 0.000000000000000
 11 17.33596172816208 0.000000000000000
 12 18.58418792946771 0.000000000000000

 spin=1 k-point=884/1284 Cartesian=0.01947404499283394 -0.01124334511882265 0.05757273355338881 (3788 plane wave)
 1 -3.104586500586478 0.001562500000000037
 2 -0.9132200744601302 0.001562500000000037
 3 5.663278308328791 1.465719248000463e-13
 4 12.10043718797798 0.000000000000000
 5 13.69249913377167 0.000000000000000
 6 14.40237061052232 0.000000000000000
 7 15.34965862696338 0.000000000000000
 8 15.99007718711903 0.000000000000000
 9 16.60604402452884 0.000000000000000
 10 16.87686759649196 0.000000000000000
 11 17.33596166413747 0.000000000000000
 12 18.58418801499637 0.000000000000000

 spin=1 k-point=885/1284 Cartesian=0.03894808998566748 0.000000000000000 0.05757273355338881 (3800 plane wave)
 1 -2.954012680273890 0.001562500000000037
 2 -0.7631739643257016 0.001562500000000037
 3 5.807936456578509 3.449914100908710e-14
 4 12.06700310267756 0.000000000000000
 5 12.62629373154906 0.000000000000000
 6 12.88088890918795 0.000000000000000
 7 14.80273462245519 0.000000000000000
 8 14.88737021080684 0.000000000000000
 9 16.25814617194058 0.000000000000000
 10 16.59878612632466 0.000000000000000
 11 18.43525274577341 0.000000000000000
 12 18.64087186853514 0.000000000000000

 spin=1 k-point=886/1284 Cartesian=0.05842213497850103 0.01124334511882402 0.05757273355338881 (3791 plane wave)
 1 -2.652951285858417 0.001562500000000037
 2 -0.4632974591003720 0.001562500000000037
 3 6.094064082664391 1.973201723150818e-15
 4 10.56214633325392 0.000000000000000
 5 11.66389357818123 0.000000000000000
 6 12.48693534767706 0.000000000000000
 7 13.03846366547184 0.000000000000000
 8 14.00544009573571 0.000000000000000
 9 15.62964978238865 0.000000000000000
 10 17.46606520644762 0.000000000000000
 11 18.09414108407638 0.000000000000000
 12 19.37496133744654 0.000000000000000

 spin=1 k-point=887/1284 Cartesian=0.07789617997133459 0.02248669023764736 0.05757273355338881 (3802 plane wave)
 1 -2.201600514896589 0.001562500000000037
 2 -0.01415307830768721 0.001562500000000033
 3 6.505577495728980 0.000000000000000
 4 8.680311521082007 0.000000000000000
 5 10.67026742607167 0.000000000000000
 6 11.16054401707123 0.000000000000000
 7 12.95367935725385 0.000000000000000
 8 13.39358350936174 0.000000000000000
 9 14.93601787328180 0.000000000000000
 10 16.77741489089566 0.000000000000000
 11 17.83393386140243 0.000000000000000
 12 19.42418811410188 0.000000000000000

 spin=1 k-point=888/1284 Cartesian=0.09737022496416814 0.03373003535647069 0.05757273355338881 (3794 plane wave)
 1 -1.600342997012192 0.001562500000000037
 2 0.5828609051533343 0.001562499999998599
 3 6.648933876212432 0.000000000000000
 4 7.311108238199055 0.000000000000000
 5 9.049697940704787 0.000000000000000
 6 10.46393609848035 0.000000000000000
 7 12.57682612396388 0.000000000000000
 8 13.56910620938857 0.000000000000000
 9 14.37247428363598 0.000000000000000
 10 15.69494306776151 0.000000000000000
 11 16.76046618805892 0.000000000000000
 12 19.25723905046782 0.000000000000000

 spin=1 k-point=889/1284 Cartesian=0.1168442699570017 0.04497338047529403 0.05757273355338881 (3793 plane wave)
 1 -0.8499434627120419 0.001562500000000037
 2 1.323238252004821 0.001562499997639394
 3 5.183422603343020 1.778435605183319e-11
 4 7.220788133456010 0.000000000000000
 5 8.076537420271737 0.000000000000000
 6 10.01265518507951 0.000000000000000
 7 12.13451749345215 0.000000000000000
 8 13.56708652507681 0.000000000000000
 9 13.80831018729216 0.000000000000000
 10 15.00932465161917 0.000000000000000
 11 16.23819756088693 0.000000000000000
 12 18.82482214951143 0.000000000000000

 spin=1 k-point=890/1284 Cartesian=0.1363183149498352 0.05621672559411737 0.05757273355338881 (3795 plane wave)
 1 0.04779626669229577 0.001562500000000030
 2 2.176828686297781 0.001562487973925642
 3 3.746872565618181 3.022824896606382e-05
 4 5.849937346758701 2.266734677309054e-14
 5 8.776236487544089 0.000000000000000
 6 9.749983849722080 0.000000000000000
 7 11.76230473552474 0.000000000000000
 8 12.50557635850403 0.000000000000000
 9 13.53726651010486 0.000000000000000
 10 15.34759044172096 0.000000000000000
 11 16.11082397828911 0.000000000000000
 12 18.43711782233858 0.000000000000000

 spin=1 k-point=891/1284 Cartesian=0.1557923599426688 0.06746007071294069 0.05757273355338881 (3803 plane wave)
 1 1.086806178722631 0.001562499999778106
 2 2.215573486817613 0.001562482283053434
 3 3.409672136668019 0.0005703135598359551
 4 4.532903701838096 1.189058521328318e-08
 5 9.335931524161762 0.000000000000000
 6 9.997707799591476 0.000000000000000
 7 11.01988748850548 0.000000000000000
 8 11.88718730163106 0.000000000000000
 9 13.40520556141773 0.000000000000000
 10 15.47265653330357 0.000000000000000
 11 16.70044160106492 0.000000000000000
 12 17.75322362730486 0.000000000000000

 spin=1 k-point=892/1284 Cartesian=0.1363183149498352 0.1011901060694107 -0.05757273355338832 (3803 plane wave)
 1 1.086806172824476 0.001562499999778106
 2 2.215573517049174 0.001562482283048078
 3 3.409672078818967 0.0005703137693356243
 4 4.532903740307058 1.189058063913306e-08
 5 9.335931610112953 0.000000000000000
 6 9.997707597406045 0.000000000000000
 7 11.01988764783946 0.000000000000000
 8 11.88718724518565 0.000000000000000
 9 13.40520557539624 0.000000000000000
 10 15.47265658689508 0.000000000000000
 11 16.70044144843841 0.000000000000000
 12 17.75322373504226 0.000000000000000

 spin=1 k-point=893/1284 Cartesian=0.1168442699570017 0.08994676095058737 -0.05757273355338832 (3795 plane wave)
 1 0.04779626476323113 0.001562500000000030
 2 2.176828707046424 0.001562487973923147
 3 3.746872515333995 3.022826387203916e-05
 4 5.849937399477433 2.266733482315288e-14
 5 8.776236536518756 0.000000000000000
 6 9.749983702991544 0.000000000000000
 7 11.76230489221453 0.000000000000000
 8 12.50557623470413 0.000000000000000
 9 13.53726656597276 0.000000000000000
 10 15.34759062476171 0.000000000000000
 11 16.11082371238781 0.000000000000000
 12 18.43711789004838 0.000000000000000

 spin=1 k-point=894/1284 Cartesian=0.09737022496416814 0.07870341583176405 -0.05757273355338832 (3793 plane wave)
 1 -0.8499434634433936 0.001562500000000037
 2 1.323238256441813 0.001562499997639394
 3 5.183422555329665 1.778436459070331e-11
 4 7.220788294029355 0.000000000000000
 5 8.076537334321879 0.000000000000000
 6 10.01265509381187 0.000000000000000
 7 12.13451758330670 0.000000000000000
 8 13.56708632007849 0.000000000000000
 9 13.80831032657525 0.000000000000000
 10 15.00932485683814 0.000000000000000
 11 16.23819733836412 0.000000000000000
 12 18.82482218598187 0.000000000000000

 spin=1 k-point=895/1284 Cartesian=0.07789617997133459 0.06746007071294070 -0.05757273355338832 (3794 plane wave)
 1 -1.600342997293269 0.001562500000000037
 2 0.5828609064775607 0.001562499999998599
 3 6.648933740401344 0.000000000000000
 4 7.311108439706053 0.000000000000000
 5 9.049697904924807 0.000000000000000
 6 10.46393601255102 0.000000000000000
 7 12.57682620445999 0.000000000000000
 8 13.56910620484092 0.000000000000000
 9 14.37247416842530 0.000000000000000
 10 15.69494336096055 0.000000000000000
 11 16.76046594596131 0.000000000000000
 12 19.25723908790210 0.000000000000000

 spin=1 k-point=896/1284 Cartesian=-0.05842213497850025 -0.05621672559411600 0.05757273355338881 (3802 plane wave)
 1 -2.201600514994554 0.001562500000000037
 2 -0.01415307791838585 0.001562500000000033
 3 6.505577482024386 0.000000000000000
 4 8.680311564601217 0.000000000000000
 5 10.67026748201117 0.000000000000000
 6 11.16054387128862 0.000000000000000
 7 12.95367946940733 0.000000000000000
 8 13.39358347355488 0.000000000000000
 9 14.93601779382488 0.000000000000000
 10 16.77741508535243 0.000000000000000
 11 17.83393370031762 0.000000000000000
 12 19.42418826635313 0.000000000000000

 spin=1 k-point=897/1284 Cartesian=-0.03894808998566670 -0.04497338047529267 0.05757273355338881 (3791 plane wave)
 1 -2.652951285883567 0.001562500000000037
 2 -0.4632974590209313 0.001562500000000037
 3 6.094064081063988 1.973201754730019e-15
 4 10.56214635624296 0.000000000000000
 5 11.66389357911857 0.000000000000000
 6 12.48693525250803 0.000000000000000
 7 13.03846374462756 0.000000000000000
 8 14.00544010104403 0.000000000000000
 9 15.62964972494829 0.000000000000000
 10 17.46606520094246 0.000000000000000
 11 18.09414125780300 0.000000000000000
 12 19.37496122127579 0.000000000000000

 spin=1 k-point=898/1284 Cartesian=-0.01947404499283316 -0.03373003535646933 0.05757273355338881 (3800 plane wave)
 1 -2.954012680275129 0.001562500000000037
 2 -0.7631739643329825 0.001562500000000037
 3 5.807936456548702 3.449914101937035e-14
 4 12.06700311432876 0.000000000000000
 5 12.62629370412869 0.000000000000000
 6 12.88088892453885 0.000000000000000
 7 14.80273459643228 0.000000000000000
 8 14.88737023913587 0.000000000000000
 9 16.25814616779961 0.000000000000000
 10 16.59878612829704 0.000000000000000
 11 18.43525274041623 0.000000000000000
 12 18.64087187340753 0.000000000000000

 spin=1 k-point=899/1284 Cartesian=0.000000000000000 0.000000000000000 0.07676364473785349 (3790 plane wave)
 1 -2.795898238388163 0.001562500000000037
 2 -1.699718775902996 0.001562500000000037
 3 7.057970445059621 0.000000000000000
 4 10.29983830632609 0.000000000000000
 5 15.71406043143409 0.000000000000000
 6 15.71406047379322 0.000000000000000
 7 16.18349978070751 0.000000000000000
 8 16.18349981040954 0.000000000000000
 9 16.81974703362664 0.000000000000000
 10 16.81974707585678 0.000000000000000
 11 17.28177437272211 0.000000000000000
 12 17.28177439447485 0.000000000000000

 spin=1 k-point=900/1284 Cartesian=0.01947404499283394 0.01124334511882356 0.07676364473785349 (3784 plane wave)
 1 -2.720640173751458 0.001562500000000037
 2 -1.624583637945485 0.001562500000000037
 3 7.129318911372924 0.000000000000000
 4 10.36318309247350 0.000000000000000
 5 14.04852795584216 0.000000000000000
 6 14.78863965205793 0.000000000000000
 7 15.05914635787663 0.000000000000000
 8 15.89134188619286 0.000000000000000
 9 15.92986220893603 0.000000000000000
 10 16.82691976829146 0.000000000000000
 11 17.26111986263515 0.000000000000000
 12 18.35951849231994 0.000000000000000

 spin=1 k-point=901/1284 Cartesian=0.03894808998566748 0.02248669023764690 0.07676364473785349 (3791 plane wave)
 1 -2.494915044912426 0.001562500000000037
 2 -1.399254890226403 0.001562500000000037
 3 7.340890267085555 0.000000000000000
 4 10.52515687033397 0.000000000000000
 5 12.00879743464590 0.000000000000000
 6 13.01750558283132 0.000000000000000
 7 13.81340496061322 0.000000000000000
 8 14.91650497810169 0.000000000000000
 9 15.13015189321922 0.000000000000000
 10 16.09482098400899 0.000000000000000
 11 18.68972225264159 0.000000000000000
 12 19.78377542909207 0.000000000000000

 spin=1 k-point=902/1284 Cartesian=0.05842213497850103 0.03373003535647023 0.07676364473785349 (3794 plane wave)
 1 -2.118886451277702 0.001562500000000037
 2 -1.023998618988961 0.001562500000000037
 3 7.676890297702760 0.000000000000000
 4 9.870778124903936 0.000000000000000
 5 10.84034027315466 0.000000000000000
 6 11.25001478030270 0.000000000000000
 7 12.98232215014252 0.000000000000000
 8 14.08571773272257 0.000000000000000
 9 14.38291552900180 0.000000000000000
 10 15.35552765675703 0.000000000000000
 11 19.87191029097918 0.000000000000000
 12 20.27564711868083 0.000000000000000

 spin=1 k-point=903/1284 Cartesian=0.07789617997133459 0.04497338047529358 0.07676364473785349 (3804 plane wave)
 1 -1.592896548443839 0.001562500000000037
 2 -0.4994243329217370 0.001562500000000037
 3 7.812497814056120 0.000000000000000
 4 8.363284490572681 0.000000000000000
 5 9.252741891902405 0.000000000000000
 6 11.47560413572954 0.000000000000000
 7 12.30101958427118 0.000000000000000
 8 13.40462639033754 0.000000000000000
 9 13.76841768038399 0.000000000000000
 10 14.70920220125205 0.000000000000000
 11 18.15708987606753 0.000000000000000
 12 21.16134334614149 0.000000000000000

 spin=1 k-point=904/1284 Cartesian=0.09737022496416814 0.05621672559411691 0.07676364473785349 (3795 plane wave)
 1 -0.9176495781141144 0.001562500000000037
 2 0.1729813887008411 0.001562500000000013
 3 6.301798034547370 0.000000000000000
 4 7.351310374611819 0.000000000000000
 5 9.023276180340506 0.000000000000000
 6 11.77067631205677 0.000000000000000
 7 11.97953403845376 0.000000000000000
 8 12.87442937359628 0.000000000000000
 9 13.34145243847906 0.000000000000000
 10 14.16740890248401 0.000000000000000
 11 16.58686061286054 0.000000000000000
 12 19.58452555319759 0.000000000000000

 spin=1 k-point=905/1284 Cartesian=0.1168442699570017 0.06746007071294025 0.07676364473785349 (3788 plane wave)
 1 -0.09482547688309689 0.001562500000000035
 2 0.9883368783726204 0.001562499999917134
 3 4.758806226167627 1.242006164485547e-09
 4 5.829044373129706 2.793429675392967e-14
 5 9.755986735291257 0.000000000000000
 6 11.39169915320141 0.000000000000000
 7 12.31974052563810 0.000000000000000
 8 12.49554798358115 0.000000000000000
 9 13.26972500081835 0.000000000000000
 10 13.67170173957276 0.000000000000000
 11 15.35395330799236 0.000000000000000
 12 18.09640246837438 0.000000000000000

 spin=1 k-point=906/1284 Cartesian=0.1363183149498352 0.07870341583176359 0.07676364473785349 (3796 plane wave)
 1 0.8699259491898771 0.001562499999974667
 2 1.911839210676214 0.001562499150248340
 3 3.392050051591323 0.0006355141952405679
 4 4.429094482247423 3.357646917602037e-08
 5 10.64391880606259 0.000000000000000
 6 11.16426224302641 0.000000000000000
 7 12.22000446374629 0.000000000000000
 8 12.26816534869764 0.000000000000000
 9 13.01842522800899 0.000000000000000
 10 13.52746105407117 0.000000000000000
 11 14.97521070841786 0.000000000000000
 12 16.76286710360729 0.000000000000000

 spin=1 k-point=907/1284 Cartesian=0.1557923599426688 0.08994676095058692 0.07676364473785349 (3800 plane wave)
 1 1.926007764196087 0.001562499020904061
 2 1.936374275881227 0.001562498913958501
 3 3.207813567924938 0.001269179839117041
 4 3.238311863583302 0.001189547850898796
 5 11.08844253376758 0.000000000000000
 6 11.50915167573893 0.000000000000000
 7 11.66798427543088 0.000000000000000
 8 12.19236322859130 0.000000000000000
 9 12.67004541227967 0.000000000000000
 10 13.57413127635823 0.000000000000000
 11 15.58570829170336 0.000000000000000
 12 15.70095186784962 0.000000000000000

 spin=1 k-point=908/1284 Cartesian=0.1363183149498352 0.07870341583176359 -0.07676364473785301 (3796 plane wave)
 1 0.8699259434142825 0.001562499999974667
 2 1.911839233694446 0.001562499150248145
 3 3.392050002438191 0.0006355143805637011
 4 4.429094518164318 3.357645711665368e-08
 5 10.64391886378324 0.000000000000000
 6 11.16426224301156 0.000000000000000
 7 12.22000400020169 0.000000000000000
 8 12.26816534872515 0.000000000000000
 9 13.01842565479070 0.000000000000000
 10 13.52746128006890 0.000000000000000
 11 14.97521035125105 0.000000000000000
 12 16.76286721442502 0.000000000000000

 spin=1 k-point=909/1284 Cartesian=-0.1168442699570009 -0.06746007071293979 0.07676364473785349 (3788 plane wave)
 1 -0.09482547880653479 0.001562500000000035
 2 0.9883368834267996 0.001562499999917134
 3 4.758806188113224 1.242006637123404e-09
 4 5.829044420192985 2.793428360713373e-14
 5 9.755986743845257 0.000000000000000
 6 11.39169915316913 0.000000000000000
 7 12.31974024652264 0.000000000000000
 8 12.49554798364092 0.000000000000000
 9 13.26972509034511 0.000000000000000
 10 13.67170214215502 0.000000000000000
 11 15.35395300235019 0.000000000000000
 12 18.09640254959174 0.000000000000000

 spin=1 k-point=910/1284 Cartesian=-0.09737022496416733 -0.05621672559411645 0.07676364473785349 (3795 plane wave)
 1 -0.9176495788393196 0.001562500000000037
 2 0.1729813903382409 0.001562500000000013
 3 6.301797974218302 0.000000000000000
 4 7.351310486575181 0.000000000000000
 5 9.023276132258237 0.000000000000000
 6 11.77067631200436 0.000000000000000
 7 11.97953396342859 0.000000000000000
 8 12.87442937370272 0.000000000000000
 9 13.34145241669115 0.000000000000000
 10 14.16740909050371 0.000000000000000
 11 16.58686046425158 0.000000000000000
 12 19.58452561884779 0.000000000000000

 spin=1 k-point=911/1284 Cartesian=-0.07789617997133380 -0.04497338047529312 0.07676364473785349 (3804 plane wave)
 1 -1.592896548714757 0.001562500000000037
 2 -0.4994243323527272 0.001562500000000037
 3 7.812497595477494 0.000000000000000
 4 8.363284899890409 0.000000000000000
 5 9.252741688314778 0.000000000000000
 6 11.47560413538794 0.000000000000000
 7 12.30101958418392 0.000000000000000
 8 13.40462639050618 0.000000000000000
 9 13.76841761926290 0.000000000000000
 10 14.70920231371862 0.000000000000000
 11 18.15708979932976 0.000000000000000
 12 21.16134338030148 0.000000000000000

 spin=1 k-point=912/1284 Cartesian=-0.05842213497850025 -0.03373003535646978 0.07676364473785349 (3794 plane wave)
 1 -2.118886451366258 0.001562500000000037
 2 -1.023998618808651 0.001562500000000037
 3 7.676890282936723 0.000000000000000
 4 9.870778255773200 0.000000000000000
 5 10.84033996727756 0.000000000000000
 6 11.25001497410822 0.000000000000000
 7 12.98232215000324 0.000000000000000
 8 14.08571773300129 0.000000000000000
 9 14.38291546304846 0.000000000000000
 10 15.35552773105896 0.000000000000000
 11 19.87191027395772 0.000000000000000
 12 20.27564711769964 0.000000000000000

 spin=1 k-point=913/1284 Cartesian=-0.03894808998566670 -0.02248669023764645 0.07676364473785349 (3791 plane wave)
 1 -2.494915044932081 0.001562500000000037
 2 -1.399254890185510 0.001562500000000037
 3 7.340890265316524 0.000000000000000
 4 10.52515688612191 0.000000000000000
 5 12.00879739904750 0.000000000000000
 6 13.01750562009018 0.000000000000000
 7 13.81340496037870 0.000000000000000
 8 14.91650497859621 0.000000000000000
 9 15.13015183097549 0.000000000000000
 10 16.09482102398628 0.000000000000000
 11 18.68972225213754 0.000000000000000
 12 19.78377542795301 0.000000000000000

 spin=1 k-point=914/1284 Cartesian=-0.01947404499283316 -0.01124334511882311 0.07676364473785349 (3784 plane wave)
 1 -2.720640173751754 0.001562500000000037
 2 -1.624583637943504 0.001562500000000037
 3 7.129318911200669 0.000000000000000
 4 10.36318309325050 0.000000000000000
 5 14.04852794580488 0.000000000000000
 6 14.78863965163954 0.000000000000000
 7 15.05914640320492 0.000000000000000
 8 15.89134188753504 0.000000000000000
 9 15.92986215554263 0.000000000000000
 10 16.82691975281503 0.000000000000000
 11 17.26111986145218 0.000000000000000
 12 18.35951849212730 0.000000000000000

 spin=1 k-point=915/1284 Cartesian=0.000000000000000 0.02248669023764713 0.07676364473785349 (3784 plane wave)
 1 -2.720640173752280 0.001562500000000037
 2 -1.624583637954810 0.001562500000000037
 3 7.129318911233708 0.000000000000000
 4 10.36318309314809 0.000000000000000
 5 14.04852794080379 0.000000000000000
 6 14.78863966366619 0.000000000000000
 7 15.05914639908885 0.000000000000000
 8 15.89134189958430 0.000000000000000
 9 15.92986214604204 0.000000000000000
 10 16.82691974489381 0.000000000000000
 11 17.26111986222185 0.000000000000000
 12 18.35951849289755 0.000000000000000

 spin=1 k-point=916/1284 Cartesian=0.01947404499283394 0.03373003535647069 0.07676364473785349 (3782 plane wave)
 1 -2.570148087545754 0.001562500000000037
 2 -1.474350649916830 0.001562500000000037
 3 7.270937502931085 0.000000000000000
 4 10.48108948335956 0.000000000000000
 5 12.98538208331522 0.000000000000000
 6 13.06705765336829 0.000000000000000
 7 14.14685445706396 0.000000000000000
 8 14.21398716192080 0.000000000000000
 9 16.58397527172800 0.000000000000000
 10 16.88904964601250 0.000000000000000
 11 17.82305174315320 0.000000000000000
 12 18.06913137430251 0.000000000000000

 spin=1 k-point=917/1284 Cartesian=0.03894808998566748 0.04497338047529403 0.07676364473785349 (3797 plane wave)
 1 -2.269266722044461 0.001562500000000037
 2 -1.174048083717665 0.001562500000000037
 3 7.547661317418155 0.000000000000000
 4 10.55136086910148 0.000000000000000
 5 11.17758244236703 0.000000000000000
 6 11.87430754384880 0.000000000000000
 7 12.47548095374532 0.000000000000000
 8 13.30852498758636 0.000000000000000
 9 15.97300182401892 0.000000000000000
 10 16.96021953857383 0.000000000000000
 11 18.35813012613453 0.000000000000000
 12 19.30428144773327 0.000000000000000

 spin=1 k-point=918/1284 Cartesian=0.05842213497850103 0.05621672559411736 0.07676364473785349 (3806 plane wave)
 1 -1.818237923045035 0.001562500000000037
 2 -0.7240852167153923 0.001562500000000037
 3 7.910513928595583 0.000000000000000
 4 9.056055151772124 0.000000000000000
 5 10.10583091949847 0.000000000000000
 6 11.06382382035194 0.000000000000000
 7 11.75131027804762 0.000000000000000
 8 12.59042059518396 0.000000000000000
 9 15.27368087798388 0.000000000000000
 10 16.27733292719437 0.000000000000000
 11 19.03746638889960 0.000000000000000
 12 19.89342707980901 0.000000000000000

 spin=1 k-point=919/1284 Cartesian=0.07789617997133459 0.06746007071294070 0.07676364473785349 (3798 plane wave)
 1 -1.217550481607760 0.001562500000000037
 2 -0.1253985556287973 0.001562500000000036
 3 7.164314687645018 0.000000000000000
 4 8.117676897496104 0.000000000000000
 5 8.850099140597406 0.000000000000000
 6 10.76958801116244 0.000000000000000
 7 11.74756076060984 0.000000000000000
 8 12.21031148936042 0.000000000000000
 9 14.68648298932576 0.000000000000000
 10 15.64842735534748 0.000000000000000
 11 17.43667798783441 0.000000000000000
 12 20.23184928421994 0.000000000000000

 spin=1 k-point=920/1284 Cartesian=0.09737022496416814 0.07870341583176405 0.07676364473785349 (3793 plane wave)
 1 -0.4682646605680263 0.001562500000000037
 2 0.6194571972463795 0.001562499999997964
 3 5.568205734427612 3.792676794486971e-13
 4 6.633271034346254 0.000000000000000
 5 9.349162759127848 0.000000000000000
 6 10.39644291316034 0.000000000000000
 7 11.46015610308049 0.000000000000000
 8 12.66788352533794 0.000000000000000
 9 14.19803900678280 0.000000000000000
 10 15.02553401984547 0.000000000000000
 11 16.13280042135871 0.000000000000000
 12 18.83399150826117 0.000000000000000

 spin=1 k-point=921/1284 Cartesian=0.1168442699570017 0.08994676095058737 0.07676364473785349 (3798 plane wave)
 1 0.4267209700488301 0.001562499999999735
 2 1.499369018168313 0.001562499986260992
 3 4.100725279918374 8.951280406961129e-07
 4 5.164310638855615 2.152981861676703e-11
 5 9.846423614515331 0.000000000000000
 6 10.39074705630846 0.000000000000000
 7 11.23646784322004 0.000000000000000
 8 13.28710816387597 0.000000000000000
 9 13.56667454602737 0.000000000000000
 10 14.45752120174959 0.000000000000000
 11 15.48358403124874 0.000000000000000
 12 17.45786940080838 0.000000000000000

 spin=1 k-point=922/1284 Cartesian=0.1363183149498352 0.1011901060694107 0.07676364473785349 (3801 plane wave)
 1 1.454056275169477 0.001562499991266991
 2 2.302667527848416 0.001562457672098092
 3 3.000416103542805 0.001518395027209681
 4 3.846813015144118 1.126468147377786e-05
 5 9.823762564471675 0.000000000000000
 6 10.78255198731242 0.000000000000000
 7 11.53848102074912 0.000000000000000
 8 12.52295875946309 0.000000000000000
 9 13.60476730190032 0.000000000000000
 10 14.51073555316431 0.000000000000000
 11 15.49943870656512 0.000000000000000
 12 16.26919265344328 0.000000000000000

 spin=1 k-point=923/1284 Cartesian=0.1557923599426688 0.1124334511882340 0.07676364473785349 (3801 plane wave)
 1 1.454056263928341 0.001562499991266992
 2 2.302667586836161 0.001562457672073124
 3 3.000416019009666 0.001518395063440590
 4 3.846813053812676 1.126467714929108e-05
 5 9.823762606233453 0.000000000000000
 6 10.78255182580016 0.000000000000000
 7 11.53848119294051 0.000000000000000
 8 12.52295867862220 0.000000000000000
 9 13.60476726298460 0.000000000000000
 10 14.51073582911730 0.000000000000000
 11 15.49943830712024 0.000000000000000
 12 16.26919284555377 0.000000000000000

 spin=1 k-point=924/1284 Cartesian=-0.1363183149498344 -0.05621672559411600 0.07676364473785349 (3798 plane wave)
 1 0.4267209669163018 0.001562499999999735
 2 1.499369027862556 0.001562499986260991
 3 4.100725241458909 8.951283847604972e-07
 4 5.164310677907888 2.152981020888313e-11
 5 9.846423811421650 0.000000000000000
 6 10.39074664168622 0.000000000000000
 7 11.23646808260757 0.000000000000000
 8 13.28710818305326 0.000000000000000
 9 13.56667426594509 0.000000000000000
 10 14.45752177473277 0.000000000000000
 11 15.48358358915037 0.000000000000000
 12 17.45786951223917 0.000000000000000

 spin=1 k-point=925/1284 Cartesian=-0.1168442699570009 -0.04497338047529266 0.07676364473785349 (3793 plane wave)
 1 -0.4682646616649563 0.001562500000000037
 2 0.6194571999512947 0.001562499999997964
 3 5.568205690206324 3.792678471658273e-13
 4 6.633271099306409 0.000000000000000
 5 9.349162812545739 0.000000000000000
 6 10.39644268473720 0.000000000000000
 7 11.46015629600166 0.000000000000000
 8 12.66788349295832 0.000000000000000
 9 14.19803881265622 0.000000000000000
 10 15.02553446124612 0.000000000000000
 11 16.13280009970338 0.000000000000000
 12 18.83399159389186 0.000000000000000

 spin=1 k-point=926/1284 Cartesian=-0.09737022496416733 -0.03373003535646932 0.07676364473785349 (3798 plane wave)
 1 -1.217550481999799 0.001562500000000037
 2 -0.1253985547351522 0.001562500000000036
 3 7.164314584589678 0.000000000000000
 4 8.117677171642878 0.000000000000000
 5 8.850098991929300 0.000000000000000
 6 10.76958783320613 0.000000000000000
 7 11.74756105098581 0.000000000000000
 8 12.21031136103840 0.000000000000000
 9 14.68648288578777 0.000000000000000
 10 15.64842754569774 0.000000000000000
 11 17.43667784783143 0.000000000000000
 12 20.23184934442690 0.000000000000000

 spin=1 k-point=927/1284 Cartesian=-0.07789617997133380 -0.02248669023764599 0.07676364473785349 (3806 plane wave)
 1 -1.818237923166095 0.001562500000000037
 2 -0.7240852164356969 0.001562500000000037
 3 7.910513875150474 0.000000000000000
 4 9.056055319459839 0.000000000000000
 5 10.10583079858058 0.000000000000000
 6 11.06382370088607 0.000000000000000
 7 11.75131043415480 0.000000000000000
 8 12.59042057034084 0.000000000000000
 9 15.27368081170409 0.000000000000000
 10 16.27733301786918 0.000000000000000
 11 19.03746636542986 0.000000000000000
 12 19.89342709996464 0.000000000000000

 spin=1 k-point=928/1284 Cartesian=-0.05842213497850025 -0.01124334511882266 0.07676364473785349 (3797 plane wave)
 1 -2.269266722064575 0.001562500000000037
 2 -1.174048083655764 0.001562500000000037
 3 7.547661313799750 0.000000000000000
 4 10.55136094852584 0.000000000000000
 5 11.17758231259744 0.000000000000000
 6 11.87430759922593 0.000000000000000
 7 12.47548094968513 0.000000000000000
 8 13.30852499355379 0.000000000000000
 9 15.97300178202152 0.000000000000000
 10 16.96021956719038 0.000000000000000
 11 18.35813021804228 0.000000000000000
 12 19.30428136334535 0.000000000000000

 spin=1 k-point=929/1284 Cartesian=-0.03894808998566670 0.000000000000000 0.07676364473785349 (3782 plane wave)
 1 -2.570148087537691 0.001562500000000037
 2 -1.474350649919441 0.001562500000000037
 3 7.270937502846913 0.000000000000000
 4 10.48108948306975 0.000000000000000
 5 12.98538210880079 0.000000000000000
 6 13.06705762701220 0.000000000000000
 7 14.14685448226931 0.000000000000000
 8 14.21398713608519 0.000000000000000
 9 16.58397527558346 0.000000000000000
 10 16.88904964468209 0.000000000000000
 11 17.82305174643952 0.000000000000000
 12 18.06913137178656 0.000000000000000

 spin=1 k-point=930/1284 Cartesian=-0.01947404499283316 0.01124334511882402 0.07676364473785349 (3784 plane wave)
 1 -2.720640173746739 0.001562500000000037
 2 -1.624583637961144 0.001562500000000037
 3 7.129318911344284 0.000000000000000
 4 10.36318309249410 0.000000000000000
 5 14.04852795308222 0.000000000000000
 6 14.78863965835701 0.000000000000000
 7 15.05914635683521 0.000000000000000
 8 15.89134189241798 0.000000000000000
 9 15.92986220097662 0.000000000000000
 10 16.82691976526099 0.000000000000000
 11 17.26111986616713 0.000000000000000
 12 18.35951849585481 0.000000000000000

 spin=1 k-point=931/1284 Cartesian=0.000000000000000 0.04497338047529380 0.07676364473785349 (3791 plane wave)
 1 -2.494915044942465 0.001562500000000037
 2 -1.399254890218699 0.001562500000000037
 3 7.340890265341448 0.000000000000000
 4 10.52515688611916 0.000000000000000
 5 12.00879739676128 0.000000000000000
 6 13.01750561869295 0.000000000000000
 7 13.81340496966627 0.000000000000000
 8 14.91650498794083 0.000000000000000
 9 15.13015182222776 0.000000000000000
 10 16.09482101568736 0.000000000000000
 11 18.68972225569485 0.000000000000000
 12 19.78377543130829 0.000000000000000

 spin=1 k-point=932/1284 Cartesian=0.01947404499283394 0.05621672559411736 0.07676364473785349 (3797 plane wave)
 1 -2.269266722086031 0.001562500000000037
 2 -1.174048083677614 0.001562500000000037
 3 7.547661313868115 0.000000000000000
 4 10.55136095198219 0.000000000000000
 5 11.17758230507095 0.000000000000000
 6 11.87430760154215 0.000000000000000
 7 12.47548095203313 0.000000000000000
 8 13.30852499631613 0.000000000000000
 9 15.97300177768024 0.000000000000000
 10 16.96021956508993 0.000000000000000
 11 18.35813021997598 0.000000000000000
 12 19.30428136271994 0.000000000000000

 spin=1 k-point=933/1284 Cartesian=0.03894808998566748 0.06746007071294069 0.07676364473785349 (3802 plane wave)
 1 -1.893372100360705 0.001562500000000037
 2 -0.7990083174681337 0.001562500000000037
 3 7.874116338101818 0.000000000000000
 4 9.989508389627868 0.000000000000000
 5 10.13980795847980 0.000000000000000
 6 10.89003470276884 0.000000000000000
 7 11.44659591733807 0.000000000000000
 8 11.79836162057466 0.000000000000000
 9 17.26382189633563 0.000000000000000
 10 17.55532891723602 0.000000000000000
 11 18.51126371642183 0.000000000000000
 12 18.55522975764875 0.000000000000000

 spin=1 k-point=934/1284 Cartesian=0.05842213497850103 0.07870341583176403 0.07676364473785349 (3792 plane wave)
 1 -1.367582749888124 0.001562500000000037
 2 -0.2747668111072674 0.001562500000000036
 3 8.032062134761539 0.000000000000000
 4 8.521641530631264 0.000000000000000
 5 9.161577380883971 0.000000000000000
 6 9.789066819515417 0.000000000000000
 7 10.66225734495342 0.000000000000000
 8 11.96092109743591 0.000000000000000
 9 16.77479852978587 0.000000000000000
 10 17.61301300489292 0.000000000000000
 11 18.46648657190817 0.000000000000000
 12 19.02234795869340 0.000000000000000

 spin=1 k-point=935/1284 Cartesian=0.07789617997133459 0.08994676095058737 0.07676364473785349 (3794 plane wave)
 1 -0.6926163975639612 0.001562500000000037
 2 0.3971581934948902 0.001562499999999812
 3 6.519122071604279 0.000000000000000
 4 7.552643904243654 0.000000000000000
 5 8.728952634346051 0.000000000000000
 6 9.391767245974457 0.000000000000000
 7 10.23958753761334 0.000000000000000
 8 12.53173556077887 0.000000000000000
 9 16.04444293326880 0.000000000000000
 10 16.65237663798388 0.000000000000000
 11 17.57286440230766 0.000000000000000
 12 18.82181046117744 0.000000000000000

 spin=1 k-point=936/1284 Cartesian=0.09737022496416814 0.1011901060694107 0.07676364473785349 (3799 plane wave)
 1 0.1298329850202624 0.001562500000000021
 2 1.211864292909670 0.001562499999224970
 3 4.978016242724444 1.387096957520153e-10
 4 6.039317024715584 3.411418466076732e-15
 5 8.530066106347070 0.000000000000000
 6 9.484933913030888 0.000000000000000
 7 10.35790875800357 0.000000000000000
 8 13.23759164481571 0.000000000000000
 9 14.86204632635595 0.000000000000000
 10 16.07006438612176 0.000000000000000
 11 17.10538531179106 0.000000000000000
 12 18.06205264456964 0.000000000000000

 spin=1 k-point=937/1284 Cartesian=0.1168442699570017 0.1124334511882340 0.07676364473785349 (3792 plane wave)
 1 1.094129444785713 0.001562499999761243
 2 2.134889211407841 0.001562492093502111
 3 3.612300653153799 0.0001100563300916286
 4 4.645221627667249 3.867361648145309e-09
 5 8.335110729472961 0.000000000000000
 6 9.376042591156411 0.000000000000000
 7 11.14355275287178 0.000000000000000
 8 13.28305269384045 0.000000000000000
 9 14.37232062390515 0.000000000000000
 10 15.72911876827093 0.000000000000000
 11 16.77781616603913 0.000000000000000
 12 17.09765474298480 0.000000000000000

 spin=1 k-point=938/1284 Cartesian=0.1363183149498352 0.1236767963070574 0.07676364473785349 (3796 plane wave)
 1 2.147558680118724 0.001562491025574024
 2 2.163017296337795 0.001562489525285451
 3 3.421603353067206 0.0005278393113726939
 4 3.461700176043225 0.0003978783511894428
 5 8.266216136898041 0.000000000000000
 6 9.320298011052072 0.000000000000000
 7 12.14828020992783 0.000000000000000
 8 12.20706245864668 0.000000000000000
 9 15.02800938192854 0.000000000000000
 10 15.32432146826096 0.000000000000000
 11 16.40357188959583 0.000000000000000
 12 16.85643606435224 0.000000000000000

 spin=1 k-point=939/1284 Cartesian=0.1557923599426688 0.1349201414258807 0.07676364473785349 (3792 plane wave)
 1 1.094129439563884 0.001562499999761243
 2 2.134889233209829 0.001562492093500387
 3 3.612300603795787 0.0001100563805870680
 4 4.645221665147409 3.867360198655520e-09
 5 8.335110760831565 0.000000000000000
 6 9.376042515248018 0.000000000000000
 7 11.14355280433445 0.000000000000000
 8 13.28305272778972 0.000000000000000
 9 14.37232049773662 0.000000000000000
 10 15.72911900119445 0.000000000000000
 11 16.77781567603647 0.000000000000000
 12 17.09765508503923 0.000000000000000

 spin=1 k-point=940/1284 Cartesian=-0.1363183149498344 -0.03373003535646933 0.07676364473785349 (3799 plane wave)
 1 0.1298329834628803 0.001562500000000021
 2 1.211864297280658 0.001562499999224970
 3 4.978016204232429 1.387097491441914e-10
 4 6.039317073409332 3.411416804929175e-15
 5 8.530066200049079 0.000000000000000
 6 9.484933637593274 0.000000000000000
 7 10.35790893827919 0.000000000000000
 8 13.23759166718458 0.000000000000000
 9 14.86204617833558 0.000000000000000
 10 16.07006467093760 0.000000000000000
 11 17.10538503421667 0.000000000000000
 12 18.06205275523341 0.000000000000000

 spin=1 k-point=941/1284 Cartesian=-0.1168442699570009 -0.02248669023764599 0.07676364473785349 (3794 plane wave)
 1 -0.6926163980377846 0.001562500000000037
 2 0.3971581947007842 0.001562499999999812
 3 6.519122012528688 0.000000000000000
 4 7.552644004907513 0.000000000000000
 5 8.728952866140352 0.000000000000000
 6 9.391766710183282 0.000000000000000
 7 10.23958781507277 0.000000000000000
 8 12.53173555514693 0.000000000000000
 9 16.04444265293085 0.000000000000000
 10 16.65237713309786 0.000000000000000
 11 17.57286412230398 0.000000000000000
 12 18.82181051800255 0.000000000000000

 spin=1 k-point=942/1284 Cartesian=-0.09737022496416733 -0.01124334511882266 0.07676364473785349 (3792 plane wave)
 1 -1.367582749986100 0.001562500000000037
 2 -0.2747668108181448 0.001562500000000036
 3 8.032061937905313 0.000000000000000
 4 8.521641878406317 0.000000000000000
 5 9.161577444871215 0.000000000000000
 6 9.789066394085054 0.000000000000000
 7 10.66225758533289 0.000000000000000
 8 11.96092107096933 0.000000000000000
 9 16.77479839255553 0.000000000000000
 10 17.61301326983089 0.000000000000000
 11 18.46648648175553 0.000000000000000
 12 19.02234814658806 0.000000000000000

 spin=1 k-point=943/1284 Cartesian=-0.07789617997133380 0.000000000000000 0.07676364473785349 (3802 plane wave)
 1 -1.893372100333657 0.001562500000000037
 2 -0.7990083174669057 0.001562500000000037
 3 7.874116338045599 0.000000000000000
 4 9.989508365012254 0.000000000000000
 5 10.13980798037520 0.000000000000000
 6 10.89003471821298 0.000000000000000
 7 11.44659589576564 0.000000000000000
 8 11.79836162930994 0.000000000000000
 9 17.26382190177793 0.000000000000000
 10 17.55532891377955 0.000000000000000
 11 18.51126371694249 0.000000000000000
 12 18.55522976088714 0.000000000000000

 spin=1 k-point=944/1284 Cartesian=-0.05842213497850025 0.01124334511882401 0.07676364473785349 (3797 plane wave)
 1 -2.269266722034657 0.001562500000000037
 2 -1.174048083743443 0.001562500000000037
 3 7.547661317183096 0.000000000000000
 4 10.55136086457776 0.000000000000000
 5 11.17758244759445 0.000000000000000
 6 11.87430754523066 0.000000000000000
 7 12.47548095230416 0.000000000000000
 8 13.30852498889866 0.000000000000000
 9 15.97300182164414 0.000000000000000
 10 16.96021954007780 0.000000000000000
 11 18.35813012616126 0.000000000000000
 12 19.30428144877751 0.000000000000000

 spin=1 k-point=945/1284 Cartesian=-0.03894808998566670 0.02248669023764735 0.07676364473785349 (3791 plane wave)
 1 -2.494915044908922 0.001562500000000037
 2 -1.399254890266604 0.001562500000000037
 3 7.340890266943945 0.000000000000000
 4 10.52515686998338 0.000000000000000
 5 12.00879743359429 0.000000000000000
 6 13.01750558331384 0.000000000000000
 7 13.81340496629655 0.000000000000000
 8 14.91650498373368 0.000000000000000
 9 15.13015188570501 0.000000000000000
 10 16.09482098024915 0.000000000000000
 11 18.68972225665725 0.000000000000000
 12 19.78377543320149 0.000000000000000

 spin=1 k-point=946/1284 Cartesian=-0.01947404499283316 0.03373003535647068 0.07676364473785349 (3782 plane wave)
 1 -2.570148087547304 0.001562500000000037
 2 -1.474350649940255 0.001562500000000037
 3 7.270937502839620 0.000000000000000
 4 10.48108948316161 0.000000000000000
 5 12.98538207793554 0.000000000000000
 6 13.06705765899665 0.000000000000000
 7 14.14685445246109 0.000000000000000
 8 14.21398716796941 0.000000000000000
 9 16.58397527565484 0.000000000000000
 10 16.88904964445397 0.000000000000000
 11 17.82305174380499 0.000000000000000
 12 18.06913136927049 0.000000000000000

 spin=1 k-point=947/1284 Cartesian=0.000000000000000 0.06746007071294047 0.07676364473785349 (3794 plane wave)
 1 -2.118886451397318 0.001562500000000037
 2 -1.023998618878175 0.001562500000000037
 3 7.676890282799137 0.000000000000000
 4 9.870778257024947 0.000000000000000
 5 10.84033996190048 0.000000000000000
 6 11.25001497623228 0.000000000000000
 7 12.98232215837413 0.000000000000000
 8 14.08571774140352 0.000000000000000
 9 14.38291545539564 0.000000000000000
 10 15.35552772318319 0.000000000000000
 11 19.87191026896880 0.000000000000000
 12 20.27564712224398 0.000000000000000

 spin=1 k-point=948/1284 Cartesian=0.01947404499283394 0.07870341583176403 0.07676364473785349 (3806 plane wave)
 1 -1.818237923213288 0.001562500000000037
 2 -0.7240852164991424 0.001562500000000037
 3 7.910513874491862 0.000000000000000
 4 9.056055321976705 0.000000000000000
 5 10.10583079587390 0.000000000000000
 6 11.06382369852376 0.000000000000000
 7 11.75131044023953 0.000000000000000
 8 12.59042057122828 0.000000000000000
 9 15.27368080873901 0.000000000000000
 10 16.27733301604130 0.000000000000000
 11 19.03746636025300 0.000000000000000
 12 19.89342710093600 0.000000000000000

 spin=1 k-point=949/1284 Cartesian=0.03894808998566748 0.08994676095058736 0.07676364473785349 (3792 plane wave)
 1 -1.367582750044571 0.001562500000000037
 2 -0.2747668108674396 0.001562500000000036
 3 8.032061932833228 0.000000000000000
 4 8.521641888730139 0.000000000000000
 5 9.161577446762706 0.000000000000000
 6 9.789066381866563 0.000000000000000
 7 10.66225759228747 0.000000000000000
 8 11.96092106992607 0.000000000000000
 9 16.77479839104596 0.000000000000000
 10 17.61301326879412 0.000000000000000
 11 18.46648647810596 0.000000000000000
 12 19.02234815223872 0.000000000000000

 spin=1 k-point=950/1284 Cartesian=0.05842213497850103 0.1011901060694107 0.07676364473785349 (3796 plane wave)
 1 -0.7674426756036652 0.001562500000000037
 2 0.3229310701568994 0.001562499999999930
 3 7.569703751604176 0.000000000000000
 4 7.597340123458646 0.000000000000000
 5 8.437977941208594 0.000000000000000
 6 8.807787815582303 0.000000000000000
 7 9.677748696423066 0.000000000000000
 8 12.47153712447284 0.000000000000000
 9 17.39492148501060 0.000000000000000
 10 17.59491811245053 0.000000000000000
 11 18.44233001175691 0.000000000000000
 12 18.61526415999952 0.000000000000000

 spin=1 k-point=951/1284 Cartesian=0.07789617997133459 0.1124334511882340 0.07676364473785349 (3798 plane wave)
 1 -0.01892647523992922 0.001562500000000033
 2 1.066312541938305 0.001562499999819230
 3 5.997225388860738 5.196808249284623e-15
 4 6.887274798787634 0.000000000000000
 5 7.409404500430041 0.000000000000000
 6 8.286722815217924 0.000000000000000
 7 10.10497022384356 0.000000000000000
 8 13.15042785891993 0.000000000000000
 9 15.96771551268990 0.000000000000000
 10 17.09652610178996 0.000000000000000
 11 18.08078290788227 0.000000000000000
 12 19.13760029187089 0.000000000000000

 spin=1 k-point=952/1284 Cartesian=0.09737022496416814 0.1236767963070574 0.07676364473785349 (3788 plane wave)
 1 0.8750135663607506 0.001562499999973343
 2 1.944181423356041 0.001562498825772044
 3 4.537229528946935 1.138718919772069e-08
 4 5.568713338511238 3.773473786358843e-13
 5 6.982719566609854 0.000000000000000
 6 8.014876967405138 0.000000000000000
 7 10.91365468434657 0.000000000000000
 8 13.77737687993272 0.000000000000000
 9 14.74593735658015 0.000000000000000
 10 16.72859269166997 0.000000000000000
 11 17.53027296434286 0.000000000000000
 12 18.29850223834383 0.000000000000000

 spin=1 k-point=953/1284 Cartesian=0.1168442699570017 0.1349201414258807 0.07676364473785349 (3778 plane wave)
 1 1.901099395937336 0.001562499236780234
 2 2.749075285683647 0.001558832731299783
 3 3.435007588957714 0.0004820519177073372
 4 4.275453155051306 1.560475489216083e-07
 5 6.819448491674022 0.000000000000000
 6 7.874073885751018 0.000000000000000
 7 11.90688400667647 0.000000000000000
 8 13.02671555070469 0.000000000000000
 9 15.14701690351287 0.000000000000000
 10 16.12277792285876 0.000000000000000
 11 16.98801260773361 0.000000000000000
 12 17.95743616957656 0.000000000000000

 spin=1 k-point=954/1284 Cartesian=0.1363183149498352 0.1461634865447040 0.07676364473785349 (3778 plane wave)
 1 1.901099386411791 0.001562499236780306
 2 2.749075341014215 0.001558832729275424
 3 3.435007503453503 0.0004820522027207971
 4 4.275453198491901 1.560474811403933e-07
 5 6.819448495987537 0.000000000000000
 6 7.874073873690842 0.000000000000000
 7 11.90688401234705 0.000000000000000
 8 13.02671556455626 0.000000000000000
 9 15.14701683088867 0.000000000000000
 10 16.12277798702368 0.000000000000000
 11 16.98801264942358 0.000000000000000
 12 17.95743609808749 0.000000000000000

 spin=1 k-point=955/1284 Cartesian=0.1557923599426688 0.1574068316635274 0.07676364473785349 (3788 plane wave)
 1 0.8750135642675058 0.001562499999973343
 2 1.944181430686394 0.001562498825771958
 3 4.537229488675341 1.138719378349197e-08
 4 5.568713387778405 3.773471927275225e-13
 5 6.982719581451556 0.000000000000000
 6 8.014876924038685 0.000000000000000
 7 10.91365470239796 0.000000000000000
 8 13.77737693395792 0.000000000000000
 9 14.74593725081854 0.000000000000000
 10 16.72859271010839 0.000000000000000
 11 17.53027318648848 0.000000000000000
 12 18.29850196021506 0.000000000000000

 spin=1 k-point=956/1284 Cartesian=-0.1363183149498344 -0.01124334511882266 0.07676364473785349 (3798 plane wave)
 1 -0.01892647565492782 0.001562500000000033
 2 1.066312543250855 0.001562499999819230
 3 5.997225342709022 5.196810647701917e-15
 4 6.887274871299236 0.000000000000000
 5 7.409404549281490 0.000000000000000
 6 8.286722705776706 0.000000000000000
 7 10.10497026079964 0.000000000000000
 8 13.15042786494584 0.000000000000000
 9 15.96771545323060 0.000000000000000
 10 17.09652611531804 0.000000000000000
 11 18.08078310841871 0.000000000000000
 12 19.13759995935345 0.000000000000000

 spin=1 k-point=957/1284 Cartesian=-0.1168442699570009 0.000000000000000 0.07676364473785349 (3796 plane wave)
 1 -0.7674426755381382 0.001562500000000037
 2 0.3229310701784925 0.001562499999999930
 3 7.569703776869901 0.000000000000000
 4 7.597340098596209 0.000000000000000
 5 8.437977919442497 0.000000000000000
 6 8.807787840096466 0.000000000000000
 7 9.677748693492589 0.000000000000000
 8 12.47153712454433 0.000000000000000
 9 17.39492150768212 0.000000000000000
 10 17.59491808661852 0.000000000000000
 11 18.44233001721951 0.000000000000000
 12 18.61526415660668 0.000000000000000

 spin=1 k-point=958/1284 Cartesian=-0.09737022496416733 0.01124334511882401 0.07676364473785349 (3792 plane wave)
 1 -1.367582749860538 0.001562500000000037
 2 -0.2747668111409735 0.001562500000000036
 3 8.032062137657913 0.000000000000000
 4 8.521641519726465 0.000000000000000
 5 9.161577383105232 0.000000000000000
 6 9.789066829405668 0.000000000000000
 7 10.66225734154244 0.000000000000000
 8 11.96092109791626 0.000000000000000
 9 16.77479852992029 0.000000000000000
 10 17.61301301084776 0.000000000000000
 11 18.46648656705537 0.000000000000000
 12 19.02234794995148 0.000000000000000

 spin=1 k-point=959/1284 Cartesian=-0.07789617997133380 0.02248669023764735 0.07676364473785349 (3806 plane wave)
 1 -1.818237923038951 0.001562500000000037
 2 -0.7240852167775432 0.001562500000000037
 3 7.910513928138037 0.000000000000000
 4 9.056055148465726 0.000000000000000
 5 10.10583092163766 0.000000000000000
 6 11.06382382507708 0.000000000000000
 7 11.75131027623510 0.000000000000000
 8 12.59042059715186 0.000000000000000
 9 15.27368087543775 0.000000000000000
 10 16.27733292798285 0.000000000000000
 11 19.03746638585561 0.000000000000000
 12 19.89342707785198 0.000000000000000

 spin=1 k-point=960/1284 Cartesian=-0.05842213497850025 0.03373003535647068 0.07676364473785349 (3794 plane wave)
 1 -2.118886451281046 0.001562500000000037
 2 -1.023998619065768 0.001562500000000037
 3 7.676890297237284 0.000000000000000
 4 9.870778123342971 0.000000000000000
 5 10.84034027198887 0.000000000000000
 6 11.25001478363929 0.000000000000000
 7 12.98232215564468 0.000000000000000
 8 14.08571773817956 0.000000000000000
 9 14.38291552167726 0.000000000000000
 10 15.35552765314157 0.000000000000000
 11 19.87191028695420 0.000000000000000
 12 20.27564712274499 0.000000000000000

 spin=1 k-point=961/1284 Cartesian=-0.03894808998566670 0.04497338047529402 0.07676364473785349 (3797 plane wave)
 1 -2.269266722053542 0.001562500000000037
 2 -1.174048083774654 0.001562500000000037
 3 7.547661317105451 0.000000000000000
 4 10.55136086792740 0.000000000000000
 5 11.17758244144325 0.000000000000000
 6 11.87430754578990 0.000000000000000
 7 12.47548095546785 0.000000000000000
 8 13.30852498966918 0.000000000000000
 9 15.97300182152378 0.000000000000000
 10 16.96021954088205 0.000000000000000
 11 18.35813012349388 0.000000000000000
 12 19.30428144774568 0.000000000000000

 spin=1 k-point=962/1284 Cartesian=-0.01947404499283316 0.05621672559411735 0.07676364473785349 (3797 plane wave)
 1 -2.269266722093801 0.001562500000000037
 2 -1.174048083709618 0.001562500000000037
 3 7.547661313696552 0.000000000000000
 4 10.55136095219412 0.000000000000000
 5 11.17758230431692 0.000000000000000
 6 11.87430760076463 0.000000000000000
 7 12.47548095375324 0.000000000000000
 8 13.30852499712863 0.000000000000000
 9 15.97300177946606 0.000000000000000
 10 16.96021956532796 0.000000000000000
 11 18.35813021791329 0.000000000000000
 12 19.30428136171746 0.000000000000000

 spin=1 k-point=963/1284 Cartesian=0.000000000000000 0.08994676095058715 0.07676364473785349 (3804 plane wave)
 1 -1.592896548780810 0.001562500000000037
 2 -0.4994243324818508 0.001562500000000037
 3 7.812497593193932 0.000000000000000
 4 8.363284903974558 0.000000000000000
 5 9.252741685678894 0.000000000000000
 6 11.47560413416269 0.000000000000000
 7 12.30101959211889 0.000000000000000
 8 13.40462639847648 0.000000000000000
 9 13.76841761304597 0.000000000000000
 10 14.70920230636305 0.000000000000000
 11 18.15708979626665 0.000000000000000
 12 21.16134337320163 0.000000000000000

 spin=1 k-point=964/1284 Cartesian=0.01947404499283394 0.1011901060694107 0.07676364473785349 (3798 plane wave)
 1 -1.217550482090056 0.001562500000000037
 2 -0.1253985548711216 0.001562500000000036
 3 7.164314583428866 0.000000000000000
 4 8.117677174506923 0.000000000000000
 5 8.850098990504316 0.000000000000000
 6 10.76958783287282 0.000000000000000
 7 11.74756105698365 0.000000000000000
 8 12.21031135877809 0.000000000000000
 9 14.68648288404196 0.000000000000000
 10 15.64842754477340 0.000000000000000
 11 17.43667784450534 0.000000000000000
 12 20.23184934074218 0.000000000000000

 spin=1 k-point=965/1284 Cartesian=0.03894808998566748 0.1124334511882340 0.07676364473785349 (3794 plane wave)
 1 -0.6926163981487531 0.001562500000000037
 2 0.3971581945593075 0.001562499999999812
 3 6.519122011926467 0.000000000000000
 4 7.552644006260978 0.000000000000000
 5 8.728952869849749 0.000000000000000
 6 9.391766705305981 0.000000000000000
 7 10.23958781702878 0.000000000000000
 8 12.53173555482313 0.000000000000000
 9 16.04444265292358 0.000000000000000
 10 16.65237713204965 0.000000000000000
 11 17.57286412417182 0.000000000000000
 12 18.82181051366162 0.000000000000000

 spin=1 k-point=966/1284 Cartesian=0.05842213497850103 0.1236767963070574 0.07676364473785349 (3798 plane wave)
 1 -0.01892647578395024 0.001562500000000033
 2 1.066312543104744 0.001562499999819230
 3 5.997225342667340 5.196810649868025e-15
 4 6.887274872792957 0.000000000000000
 5 7.409404549774973 0.000000000000000
 6 8.286722705460669 0.000000000000000
 7 10.10497025936668 0.000000000000000
 8 13.15042786509137 0.000000000000000
 9 15.96771545185757 0.000000000000000
 10 17.09652611883449 0.000000000000000
 11 18.08078310959490 0.000000000000000
 12 19.13759995447988 0.000000000000000

 spin=1 k-point=967/1284 Cartesian=0.07789617997133459 0.1349201414258807 0.07676364473785349 (3782 plane wave)
 1 0.8016283833663650 0.001562499999987222
 2 1.876285605894836 0.001562499404495973
 3 5.569813515043135 3.732186436533221e-13
 4 5.617842611086890 2.308742859965746e-13
 5 6.781495246002891 0.000000000000000
 6 6.845178317401241 0.000000000000000
 7 10.83758214631323 0.000000000000000
 8 13.84654526845470 0.000000000000000
 9 15.59622106862946 0.000000000000000
 10 15.75266165614460 0.000000000000000
 11 18.64530343251080 0.000000000000000
 12 18.96483639340427 0.000000000000000

 spin=1 k-point=968/1284 Cartesian=0.09737022496416814 0.1461634865447041 0.07676364473785349 (3783 plane wave)
 1 1.763089155055567 0.001562499808009960
 2 2.791614001629035 0.001556895382384980
 3 4.255793931652445 1.899443904265558e-07
 4 5.091074870273687 4.478157296297539e-11
 5 5.710915357458937 9.102604317229250e-14
 6 6.568287314997034 0.000000000000000
 7 11.76732218580335 0.000000000000000
 8 13.93250001776141 0.000000000000000
 9 14.89736341610388 0.000000000000000
 10 15.69745938012752 0.000000000000000
 11 17.53262371079198 0.000000000000000
 12 18.63463687611246 0.000000000000000

 spin=1 k-point=969/1284 Cartesian=0.1168442699570017 0.1574068316635274 0.07676364473785349 (3780 plane wave)
 1 2.800954703027471 0.001556348802753694
 2 2.840775500493729 0.001553357526461669
 3 3.993134045091185 2.622210134543169e-06
 4 4.128712782264201 6.767023669611106e-07
 5 5.487935939624880 8.463562568771805e-13
 6 6.489614536518851 0.000000000000000
 7 12.80432437328332 0.000000000000000
 8 12.87769015619418 0.000000000000000
 9 15.00636172072098 0.000000000000000
 10 16.24925739077386 0.000000000000000
 11 16.54439090056749 0.000000000000000
 12 18.56186851405413 0.000000000000000

 spin=1 k-point=970/1284 Cartesian=0.1363183149498352 0.1686501767823507 0.07676364473785349 (3783 plane wave)
 1 1.763089152626666 0.001562499808009965
 2 2.791614015080579 0.001556895381633776
 3 4.255793876371016 1.899444954178188e-07
 4 5.091074951439563 4.478153661562654e-11
 5 5.710915326051803 9.102607176097511e-14
 6 6.568287307775605 0.000000000000000
 7 11.76732218804587 0.000000000000000
 8 13.93250005643390 0.000000000000000
 9 14.89736331149799 0.000000000000000
 10 15.69745945282309 0.000000000000000
 11 17.53262371383113 0.000000000000000
 12 18.63463686596677 0.000000000000000

 spin=1 k-point=971/1284 Cartesian=0.1557923599426688 0.1798935219011741 0.07676364473785349 (3782 plane wave)
 1 0.8016283835105578 0.001562499999987222
 2 1.876285606041036 0.001562499404495972
 3 5.569813491192975 3.732187326665985e-13
 4 5.617842635147327 2.308742304472063e-13
 5 6.781495221270691 0.000000000000000
 6 6.845178341088940 0.000000000000000
 7 10.83758214760394 0.000000000000000
 8 13.84654526906414 0.000000000000000
 9 15.59622104327812 0.000000000000000
 10 15.75266168156338 0.000000000000000
 11 18.64530344897227 0.000000000000000
 12 18.96483636765183 0.000000000000000

 spin=1 k-point=972/1284 Cartesian=-0.1363183149498344 0.01124334511882402 0.07676364473785349 (3798 plane wave)
 1 -0.01892647517019684 0.001562500000000033
 2 1.066312541901224 0.001562499999819230
 3 5.997225387920557 5.196808298144003e-15
 4 6.887274800129497 0.000000000000000
 5 7.409404495775083 0.000000000000000
 6 8.286722819306886 0.000000000000000
 7 10.10497022506740 0.000000000000000
 8 13.15042785890148 0.000000000000000
 9 15.96771551296963 0.000000000000000
 10 17.09652610167443 0.000000000000000
 11 18.08078291075950 0.000000000000000
 12 19.13760028910947 0.000000000000000

 spin=1 k-point=973/1284 Cartesian=-0.1168442699570009 0.02248669023764736 0.07676364473785349 (3794 plane wave)
 1 -0.6926163975399406 0.001562500000000037
 2 0.3971581933990588 0.001562499999999812
 3 6.519122071244829 0.000000000000000
 4 7.552643901460246 0.000000000000000
 5 8.728952633054361 0.000000000000000
 6 9.391767252673006 0.000000000000000
 7 10.23958753723625 0.000000000000000
 8 12.53173556087104 0.000000000000000
 9 16.04444293531857 0.000000000000000
 10 16.65237663865617 0.000000000000000
 11 17.57286439519559 0.000000000000000
 12 18.82181046610620 0.000000000000000

 spin=1 k-point=974/1284 Cartesian=-0.09737022496416733 0.03373003535647070 0.07676364473785349 (3798 plane wave)
 1 -1.217550481610289 0.001562500000000037
 2 -0.1253985557495254 0.001562500000000036
 3 7.164314687579726 0.000000000000000
 4 8.117676891107036 0.000000000000000
 5 8.850099146360904 0.000000000000000
 6 10.76958801412303 0.000000000000000
 7 11.74756076167311 0.000000000000000
 8 12.21031149029043 0.000000000000000
 9 14.68648298673527 0.000000000000000
 10 15.64842735684362 0.000000000000000
 11 17.43667798270697 0.000000000000000
 12 20.23184928829181 0.000000000000000

 spin=1 k-point=975/1284 Cartesian=-0.07789617997133380 0.04497338047529403 0.07676364473785349 (3804 plane wave)
 1 -1.592896548459365 0.001562500000000037
 2 -0.4994243330536944 0.001562500000000037
 3 7.812497813703434 0.000000000000000
 4 8.363284486878920 0.000000000000000
 5 9.252741895330651 0.000000000000000
 6 11.47560413733551 0.000000000000000
 7 12.30101958968420 0.000000000000000
 8 13.40462639572916 0.000000000000000
 9 13.76841767295640 0.000000000000000
 10 14.70920219816436 0.000000000000000
 11 18.15708987253135 0.000000000000000
 12 21.16134334478350 0.000000000000000

 spin=1 k-point=976/1284 Cartesian=-0.05842213497850025 0.05621672559411737 0.07676364473785349 (3806 plane wave)
 1 -1.818237923067461 0.001562500000000037
 2 -0.7240852168206554 0.001562500000000037
 3 7.910513927711018 0.000000000000000
 4 9.056055150463527 0.000000000000000
 5 10.10583092077793 0.000000000000000
 6 11.06382381971138 0.000000000000000
 7 11.75131028199359 0.000000000000000
 8 12.59042059748993 0.000000000000000
 9 15.27368087485216 0.000000000000000
 10 16.27733292746308 0.000000000000000
 11 19.03746638570811 0.000000000000000
 12 19.89342707889231 0.000000000000000

 spin=1 k-point=977/1284 Cartesian=-0.03894808998566670 0.06746007071294070 0.07676364473785349 (3802 plane wave)
 1 -1.893372100382357 0.001562500000000037
 2 -0.7990083175440986 0.001562500000000037
 3 7.874116337539379 0.000000000000000
 4 9.989508393387871 0.000000000000000
 5 10.13980795409055 0.000000000000000
 6 10.89003469908897 0.000000000000000
 7 11.44659592343104 0.000000000000000
 8 11.79836162152891 0.000000000000000
 9 17.26382190042234 0.000000000000000
 10 17.55532891552669 0.000000000000000
 11 18.51126371186318 0.000000000000000
 12 18.55522975806303 0.000000000000000

 spin=1 k-point=978/1284 Cartesian=-0.01947404499283316 0.07870341583176405 0.07676364473785349 (3806 plane wave)
 1 -1.818237923227372 0.001562500000000037
 2 -0.7240852165409027 0.001562500000000037
 3 7.910513874212919 0.000000000000000
 4 9.056055322463846 0.000000000000000
 5 10.10583079572460 0.000000000000000
 6 11.06382369568802 0.000000000000000
 7 11.75131044287960 0.000000000000000
 8 12.59042057275228 0.000000000000000
 9 15.27368080909499 0.000000000000000
 10 16.27733301541559 0.000000000000000
 11 19.03746636170193 0.000000000000000
 12 19.89342709995038 0.000000000000000

 spin=1 k-point=979/1284 Cartesian=0.000000000000000 0.1124334511882338 0.07676364473785349 (3795 plane wave)
 1 -0.9176495789621444 0.001562500000000037
 2 0.1729813901031653 0.001562500000000013
 3 6.301797973915939 0.000000000000000
 4 7.351310487155432 0.000000000000000
 5 9.023276131938603 0.000000000000000
 6 11.77067631969865 0.000000000000000
 7 11.97953395939976 0.000000000000000
 8 12.87442938142384 0.000000000000000
 9 13.34145241367830 0.000000000000000
 10 14.16740908411204 0.000000000000000
 11 16.58686046104796 0.000000000000000
 12 19.58452561412550 0.000000000000000

 spin=1 k-point=980/1284 Cartesian=0.01947404499283394 0.1236767963070574 0.07676364473785349 (3793 plane wave)
 1 -0.4682646618264417 0.001562500000000037
 2 0.6194571996701613 0.001562499999997964
 3 5.568205690163207 3.792678473293554e-13
 4 6.633271099654849 0.000000000000000
 5 9.349162813728114 0.000000000000000
 6 10.39644268483312 0.000000000000000
 7 11.46015629912285 0.000000000000000
 8 12.66788349134023 0.000000000000000
 9 14.19803881261917 0.000000000000000
 10 15.02553446232651 0.000000000000000
 11 16.13280009512365 0.000000000000000
 12 18.83399158957273 0.000000000000000

 spin=1 k-point=981/1284 Cartesian=0.03894808998566748 0.1349201414258807 0.07676364473785349 (3799 plane wave)
 1 0.1298329832629019 0.001562500000000021
 2 1.211864296916697 0.001562499999224970
 3 4.978016204487142 1.387097487908804e-10
 4 6.039317073795853 3.411416791743355e-15
 5 8.530066201202331 0.000000000000000
 6 9.484933638951869 0.000000000000000
 7 10.35790893685829 0.000000000000000
 8 13.23759166733278 0.000000000000000
 9 14.86204617779827 0.000000000000000
 10 16.07006467289273 0.000000000000000
 11 17.10538503493879 0.000000000000000
 12 18.06205274943581 0.000000000000000

 spin=1 k-point=982/1284 Cartesian=0.05842213497850103 0.1461634865447041 0.07676364473785349 (3788 plane wave)
 1 0.8750135640310978 0.001562499999973343
 2 1.944181430123242 0.001562498825771964
 3 4.537229489542758 1.138719368471815e-08
 4 5.568713388317348 3.773471906938371e-13
 5 6.982719581004691 0.000000000000000
 6 8.014876925178962 0.000000000000000
 7 10.91365470115753 0.000000000000000
 8 13.77737693432571 0.000000000000000
 9 14.74593725109655 0.000000000000000
 10 16.72859270947344 0.000000000000000
 11 17.53027319264157 0.000000000000000
 12 18.29850195453802 0.000000000000000

 spin=1 k-point=983/1284 Cartesian=0.07789617997133459 0.1574068316635274 0.07676364473785349 (3783 plane wave)
 1 1.763089152389288 0.001562499808009965
 2 2.791614013715423 0.001556895381710014
 3 4.255793879892095 1.899444887305351e-07
 4 5.091074950073279 4.478153722746909e-11
 5 5.710915325626323 9.102607214827292e-14
 6 6.568287308157079 0.000000000000000
 7 11.76732218720269 0.000000000000000
 8 13.93250005220229 0.000000000000000
 9 14.89736332688833 0.000000000000000
 10 15.69745943955697 0.000000000000000
 11 17.53262371433996 0.000000000000000
 12 18.63463687406394 0.000000000000000

 spin=1 k-point=984/1284 Cartesian=0.09737022496416814 0.1686501767823507 0.07676364473785349 (3782 plane wave)
 1 2.776592793486678 0.001557674669990967
 2 3.520781322797244 0.0002486194547788555
 3 3.992505649952185 2.638711946218173e-06
 4 4.415168833842955 3.859330465134015e-08
 5 5.260867309249058 8.197850245556290e-12
 6 5.335251245569353 3.896319587450616e-12
 7 12.77372109282032 0.000000000000000
 8 13.79945586512520 0.000000000000000
 9 14.02226909235469 0.000000000000000
 10 16.29928059288876 0.000000000000000
 11 17.40100255694438 0.000000000000000
 12 17.41749387848447 0.000000000000000

 spin=1 k-point=985/1284 Cartesian=0.1168442699570017 0.1798935219011741 0.07676364473785349 (3782 plane wave)
 1 2.776592793231597 0.001557674670003237
 2 3.520781331412824 0.0002486194367671187
 3 3.992505628629004 2.638712507925497e-06
 4 4.415168850519130 3.859329821561122e-08
 5 5.260867283763291 8.197852334842031e-12
 6 5.335251267250985 3.896318742664794e-12
 7 12.77372109253298 0.000000000000000
 8 13.79945588572146 0.000000000000000
 9 14.02226906949486 0.000000000000000
 10 16.29928059977484 0.000000000000000
 11 17.40100257847707 0.000000000000000
 12 17.41749385179906 0.000000000000000

 spin=1 k-point=986/1284 Cartesian=0.1363183149498352 0.1911368670199974 0.07676364473785349 (3783 plane wave)
 1 1.763089155206427 0.001562499808009960
 2 2.791614001671363 0.001556895382382616
 3 4.255793930018954 1.899443935289029e-07
 4 5.091074872884720 4.478157179371324e-11
 5 5.710915354181331 9.102604615576836e-14
 6 6.568287317057921 0.000000000000000
 7 11.76732218697901 0.000000000000000
 8 13.93250002174211 0.000000000000000
 9 14.89736340159211 0.000000000000000
 10 15.69745939296632 0.000000000000000
 11 17.53262370969155 0.000000000000000
 12 18.63463687272756 0.000000000000000

 spin=1 k-point=987/1284 Cartesian=0.1557923599426688 0.2023802121388207 0.07676364473785349 (3788 plane wave)
 1 0.8750135664369314 0.001562499999973343
 2 1.944181423140911 0.001562498825772046
 3 4.537229528511975 1.138718924725011e-08
 4 5.568713338046066 3.773473803912003e-13
 5 6.982719565953389 0.000000000000000
 6 8.014876969291894 0.000000000000000
 7 10.91365468574262 0.000000000000000
 8 13.77737688104390 0.000000000000000
 9 14.74593735388475 0.000000000000000
 10 16.72859269582802 0.000000000000000
 11 17.53027296722306 0.000000000000000
 12 18.29850223064674 0.000000000000000

 spin=1 k-point=988/1284 Cartesian=-0.1363183149498344 0.03373003535647069 0.07676364473785349 (3799 plane wave)
 1 0.1298329850402619 0.001562500000000021
 2 1.211864292678523 0.001562499999224970
 3 4.978016242488399 1.387096960794333e-10
 4 6.039317023545725 3.411418505985513e-15
 5 8.530066106227265 0.000000000000000
 6 9.484933915885003 0.000000000000000
 7 10.35790875923417 0.000000000000000
 8 13.23759164503755 0.000000000000000
 9 14.86204632768861 0.000000000000000
 10 16.07006438493824 0.000000000000000
 11 17.10538530746417 0.000000000000000
 12 18.06205264932057 0.000000000000000

 spin=1 k-point=989/1284 Cartesian=-0.1168442699570009 0.04497338047529403 0.07676364473785349 (3793 plane wave)
 1 -0.4682646605819595 0.001562500000000037
 2 0.6194571970190892 0.001562499999997964
 3 5.568205734276344 3.792676800224084e-13
 4 6.633271032596559 0.000000000000000
 5 9.349162760647731 0.000000000000000
 6 10.39644291564006 0.000000000000000
 7 11.46015610559254 0.000000000000000
 8 12.66788352601561 0.000000000000000
 9 14.19803900458271 0.000000000000000
 10 15.02553402253952 0.000000000000000
 11 16.13280041443667 0.000000000000000
 12 18.83399150890401 0.000000000000000

 spin=1 k-point=990/1284 Cartesian=-0.09737022496416733 0.05621672559411737 0.07676364473785349 (3795 plane wave)
 1 -0.9176495781459505 0.001562500000000037
 2 0.1729813884793044 0.001562500000000013
 3 6.301798034450002 0.000000000000000
 4 7.351310371916375 0.000000000000000
 5 9.023276183228703 0.000000000000000
 6 11.77067631742490 0.000000000000000
 7 11.97953404002815 0.000000000000000
 8 12.87442937895087 0.000000000000000
 9 13.34145243080251 0.000000000000000
 10 14.16740890061089 0.000000000000000
 11 16.58686060877395 0.000000000000000
 12 19.58452555181687 0.000000000000000

 spin=1 k-point=991/1284 Cartesian=-0.07789617997133380 0.06746007071294070 0.07676364473785349 (3798 plane wave)
 1 -1.217550481648862 0.001562500000000037
 2 -0.1253985558070345 0.001562500000000036
 3 7.164314687536165 0.000000000000000
 4 8.117676892238476 0.000000000000000
 5 8.850099145784943 0.000000000000000
 6 10.76958801148884 0.000000000000000
 7 11.74756076353935 0.000000000000000
 8 12.21031149223493 0.000000000000000
 9 14.68648298572664 0.000000000000000
 10 15.64842735528136 0.000000000000000
 11 17.43667798475878 0.000000000000000
 12 20.23184928280488 0.000000000000000

 spin=1 k-point=992/1284 Cartesian=-0.05842213497850025 0.07870341583176403 0.07676364473785349 (3792 plane wave)
 1 -1.367582749929626 0.001562500000000037
 2 -0.2747668112459029 0.001562500000000036
 3 8.032062134033763 0.000000000000000
 4 8.521641528437753 0.000000000000000
 5 9.161577383266307 0.000000000000000
 6 9.789066818330195 0.000000000000000
 7 10.66225734799512 0.000000000000000
 8 11.96092109917461 0.000000000000000
 9 16.77479852868714 0.000000000000000
 10 17.61301300597328 0.000000000000000
 11 18.46648657109986 0.000000000000000
 12 19.02234795723323 0.000000000000000

 spin=1 k-point=993/1284 Cartesian=-0.03894808998566670 0.08994676095058737 0.07676364473785349 (3792 plane wave)
 1 -1.367582750079019 0.001562500000000037
 2 -0.2747668109655670 0.001562500000000036
 3 8.032061932453251 0.000000000000000
 4 8.521641889586290 0.000000000000000
 5 9.161577445995579 0.000000000000000
 6 9.789066379290071 0.000000000000000
 7 10.66225759535419 0.000000000000000
 8 11.96092107180641 0.000000000000000
 9 16.77479839117505 0.000000000000000
 10 17.61301326674792 0.000000000000000
 11 18.46648648205417 0.000000000000000
 12 19.02234815240875 0.000000000000000

 spin=1 k-point=994/1284 Cartesian=-0.01947404499283316 0.1011901060694107 0.07676364473785349 (3798 plane wave)
 1 -1.217550482110618 0.001562500000000037
 2 -0.1253985549243015 0.001562500000000036
 3 7.164314583603230 0.000000000000000
 4 8.117677174593791 0.000000000000000
 5 8.850098990050533 0.000000000000000
 6 10.76958783117873 0.000000000000000
 7 11.74756105766317 0.000000000000000
 8 12.21031136192382 0.000000000000000
 9 14.68648288340625 0.000000000000000
 10 15.64842754344651 0.000000000000000
 11 17.43667784580077 0.000000000000000
 12 20.23184933616984 0.000000000000000

 spin=1 k-point=995/1284 Cartesian=0.000000000000000 0.1349201414258805 0.07676364473785349 (3788 plane wave)
 1 -0.09482547902537217 0.001562500000000035
 2 0.9883368829564746 0.001562499999917134
 3 4.758806188455469 1.242006632872700e-09
 4 5.829044420347977 2.793428356383800e-14
 5 9.755986744001852 0.000000000000000
 6 11.39169916072948 0.000000000000000
 7 12.31974023563237 0.000000000000000
 8 12.49554799122592 0.000000000000000
 9 13.26972509449225 0.000000000000000
 10 13.67170213867055 0.000000000000000
 11 15.35395299687204 0.000000000000000
 12 18.09640254535531 0.000000000000000

 spin=1 k-point=996/1284 Cartesian=0.01947404499283394 0.1461634865447040 0.07676364473785349 (3798 plane wave)
 1 0.4267209666280916 0.001562499999999735
 2 1.499369027162317 0.001562499986260991
 3 4.100725242167758 8.951283784190207e-07
 4 5.164310678082895 2.152981017120460e-11
 5 9.846423814255553 0.000000000000000
 6 10.39074664088992 0.000000000000000
 7 11.23646808443265 0.000000000000000
 8 13.28710818015407 0.000000000000000
 9 13.56667426633644 0.000000000000000
 10 14.45752178015714 0.000000000000000
 11 15.48358358306929 0.000000000000000
 12 17.45786950762825 0.000000000000000

 spin=1 k-point=997/1284 Cartesian=0.03894808998566748 0.1574068316635274 0.07676364473785349 (3792 plane wave)
 1 1.094129439202280 0.001562499999761243
 2 2.134889231816207 0.001562492093500497
 3 3.612300605458679 0.0001100563788858557
 4 4.645221665313798 3.867360192220632e-09
 5 8.335110761345353 0.000000000000000
 6 9.376042516836540 0.000000000000000
 7 11.14355280337586 0.000000000000000
 8 13.28305272941260 0.000000000000000
 9 14.37232049442373 0.000000000000000
 10 15.72911900952078 0.000000000000000
 11 16.77781566818377 0.000000000000000
 12 17.09765508364194 0.000000000000000

 spin=1 k-point=998/1284 Cartesian=0.05842213497850103 0.1686501767823507 0.07676364473785349 (3778 plane wave)
 1 1.901099386086964 0.001562499236780309
 2 2.749075336603991 0.001558832729436779
 3 3.435007509010346 0.0004820521841980209
 4 4.275453198066352 1.560474818043844e-07
 5 6.819448495502004 0.000000000000000
 6 7.874073874735006 0.000000000000000
 7 11.90688401223331 0.000000000000000
 8 13.02671556393279 0.000000000000000
 9 15.14701683525144 0.000000000000000
 10 16.12277797963745 0.000000000000000
 11 16.98801265735068 0.000000000000000
 12 17.95743609404875 0.000000000000000

 spin=1 k-point=999/1284 Cartesian=0.07789617997133459 0.1798935219011741 0.07676364473785349 (3780 plane wave)
 1 2.800954727454847 0.001556348801257032
 2 2.840775470741609 0.001553357529165834
 3 3.993134075517095 2.622209338050749e-06
 4 4.128712757721632 6.767025329693844e-07
 5 5.487935938770423 8.463562641089348e-13
 6 6.489614537153712 0.000000000000000
 7 12.80432440258693 0.000000000000000
 8 12.87769012479083 0.000000000000000
 9 15.00636173102396 0.000000000000000
 10 16.24925736145589 0.000000000000000
 11 16.54439092072306 0.000000000000000
 12 18.56186851948368 0.000000000000000

 spin=1 k-point=1000/1284 Cartesian=0.09737022496416814 0.1911368670199974 0.07676364473785349 (3782 plane wave)
 1 2.776592792691264 0.001557674670029230
 2 3.520781322633390 0.0002486194551214085
 3 3.992505653899080 2.638711842246857e-06
 4 4.415168829513352 3.859330632223648e-08
 5 5.260867313283260 8.197849914838405e-12
 6 5.335251242883023 3.896319692118622e-12
 7 12.77372109425375 0.000000000000000
 8 13.79945586111164 0.000000000000000
 9 14.02226909590592 0.000000000000000
 10 16.29928059102704 0.000000000000000
 11 17.40100255281541 0.000000000000000
 12 17.41749388378490 0.000000000000000

 spin=1 k-point=1001/1284 Cartesian=0.1168442699570017 0.2023802121388207 0.07676364473785349 (3780 plane wave)
 1 2.800954706122854 0.001556348802564040
 2 2.840775495944046 0.001553357526875189
 3 3.993134050121158 2.622210002868032e-06
 4 4.128712778609329 6.767023916830077e-07
 5 5.487935938757272 8.463562642202368e-13
 6 6.489614537682041 0.000000000000000
 7 12.80432437877011 0.000000000000000
 8 12.87769015189597 0.000000000000000
 9 15.00636172092789 0.000000000000000
 10 16.24925738641536 0.000000000000000
 11 16.54439090395834 0.000000000000000
 12 18.56186851508315 0.000000000000000

 spin=1 k-point=1002/1284 Cartesian=0.1363183149498352 0.2136235572576441 0.07676364473785349 (3778 plane wave)
 1 1.901099396069703 0.001562499236780233
 2 2.749075283981784 0.001558832731362049
 3 3.435007590371884 0.0004820519129934483
 4 4.275453154432985 1.560475498863876e-07
 5 6.819448491479421 0.000000000000000
 6 7.874073887223821 0.000000000000000
 7 11.90688400825989 0.000000000000000
 8 13.02671555099363 0.000000000000000
 9 15.14701690055485 0.000000000000000
 10 16.12277792758113 0.000000000000000
 11 16.98801260754190 0.000000000000000
 12 17.95743616547614 0.000000000000000

 spin=1 k-point=1003/1284 Cartesian=0.1557923599426688 0.2248669023764674 0.07676364473785349 (3792 plane wave)
 1 1.094129444820915 0.001562499999761243
 2 2.134889210634592 0.001562492093502172
 3 3.612300653600121 0.0001100563296350209
 4 4.645221626862628 3.867361679262866e-09
 5 8.335110729748280 0.000000000000000
 6 9.376042593035949 0.000000000000000
 7 11.14355275462297 0.000000000000000
 8 13.28305269437372 0.000000000000000
 9 14.37232062429728 0.000000000000000
 10 15.72911876831027 0.000000000000000
 11 16.77781616117576 0.000000000000000
 12 17.09765474421047 0.000000000000000

 spin=1 k-point=1004/1284 Cartesian=-0.1363183149498344 0.05621672559411736 0.07676364473785349 (3798 plane wave)
 1 0.4267209700304076 0.001562499999999735
 2 1.499369017670201 0.001562499986260992
 3 4.100725280105922 8.951280390182782e-07
 4 5.164310637860479 2.152981883101817e-11
 5 9.846423615167886 0.000000000000000
 6 10.39074705868223 0.000000000000000
 7 11.23646784629545 0.000000000000000
 8 13.28710816515994 0.000000000000000
 9 13.56667454629634 0.000000000000000
 10 14.45752120117844 0.000000000000000
 11 15.48358402485891 0.000000000000000
 12 17.45786939992048 0.000000000000000

 spin=1 k-point=1005/1284 Cartesian=-0.1168442699570009 0.06746007071294070 0.07676364473785349 (3788 plane wave)
 1 -0.09482547693025281 0.001562500000000035
 2 0.9883368779736924 0.001562499999917134
 3 4.758806226292820 1.242006162930641e-09
 4 5.829044371895907 2.793429709858300e-14
 5 9.755986736989771 0.000000000000000
 6 11.39169915854343 0.000000000000000
 7 12.31974052531088 0.000000000000000
 8 12.49554798891511 0.000000000000000
 9 13.26972499481040 0.000000000000000
 10 13.67170174017578 0.000000000000000
 11 15.35395330211095 0.000000000000000
 12 18.09640246672004 0.000000000000000

 spin=1 k-point=1006/1284 Cartesian=-0.09737022496416733 0.07870341583176403 0.07676364473785349 (3793 plane wave)
 1 -0.4682646606308314 0.001562500000000037
 2 0.6194571969427739 0.001562499999997964
 3 5.568205734461054 3.792676793218623e-13
 4 6.633271032815304 0.000000000000000
 5 9.349162760637698 0.000000000000000
 6 10.39644291441030 0.000000000000000
 7 11.46015610611871 0.000000000000000
 8 12.66788352862643 0.000000000000000
 9 14.19803900291721 0.000000000000000
 10 15.02553401960607 0.000000000000000
 11 16.13280041771563 0.000000000000000
 12 18.83399150668433 0.000000000000000

 spin=1 k-point=1007/1284 Cartesian=-0.07789617997133380 0.08994676095058737 0.07676364473785349 (3794 plane wave)
 1 -0.6926163976302828 0.001562500000000037
 2 0.3971581932587118 0.001562499999999812
 3 6.519122071562822 0.000000000000000
 4 7.552643902409792 0.000000000000000
 5 8.728952634823713 0.000000000000000
 6 9.391767246714643 0.000000000000000
 7 10.23958754055529 0.000000000000000
 8 12.53173556235707 0.000000000000000
 9 16.04444293252240 0.000000000000000
 10 16.65237663577259 0.000000000000000
 11 17.57286440302492 0.000000000000000
 12 18.82181045913390 0.000000000000000

 spin=1 k-point=1008/1284 Cartesian=-0.05842213497850025 0.1011901060694107 0.07676364473785349 (3796 plane wave)
 1 -0.7674426756644507 0.001562500000000037
 2 0.3229310699774462 0.001562499999999930
 3 7.569703748161175 0.000000000000000
 4 7.597340127906733 0.000000000000000
 5 8.437977940235008 0.000000000000000
 6 8.807787810983150 0.000000000000000
 7 9.677748702337739 0.000000000000000
 8 12.47153712575610 0.000000000000000
 9 17.39492147965173 0.000000000000000
 10 17.59491811578107 0.000000000000000
 11 18.44233001577900 0.000000000000000
 12 18.61526415634268 0.000000000000000

 spin=1 k-point=1009/1284 Cartesian=-0.03894808998566670 0.1124334511882340 0.07676364473785349 (3794 plane wave)
 1 -0.6926163981963561 0.001562500000000037
 2 0.3971581944343529 0.001562499999999812
 3 6.519122012340444 0.000000000000000
 4 7.552644006282430 0.000000000000000
 5 8.728952870282651 0.000000000000000
 6 9.391766700056056 0.000000000000000
 7 10.23958782219041 0.000000000000000
 8 12.53173555631761 0.000000000000000
 9 16.04444265059267 0.000000000000000
 10 16.65237713176038 0.000000000000000
 11 17.57286412657967 0.000000000000000
 12 18.82181050981321 0.000000000000000

 spin=1 k-point=1010/1284 Cartesian=-0.01947404499283316 0.1236767963070574 0.07676364473785349 (3793 plane wave)
 1 -0.4682646618537552 0.001562500000000037
 2 0.6194571996032113 0.001562499999997964
 3 5.568205690329433 3.792678466989158e-13
 4 6.633271099715984 0.000000000000000
 5 9.349162813038154 0.000000000000000
 6 10.39644268355351 0.000000000000000
 7 11.46015630116402 0.000000000000000
 8 12.66788349377002 0.000000000000000
 9 14.19803881085687 0.000000000000000
 10 15.02553446050065 0.000000000000000
 11 16.13280009664126 0.000000000000000
 12 18.83399158792743 0.000000000000000

 spin=1 k-point=1011/1284 Cartesian=0.000000000000000 0.1574068316635272 0.07676364473785349 (3796 plane wave)
 1 0.8699259430114559 0.001562499999974667
 2 1.911839232239434 0.001562499150248157
 3 3.392050004032273 0.0006355143745534978
 4 4.429094518298263 3.357645707168057e-08
 5 10.64391886446496 0.000000000000000
 6 11.16426225050123 0.000000000000000
 7 12.22000398666921 0.000000000000000
 8 12.26816535623290 0.000000000000000
 9 13.01842565589744 0.000000000000000
 10 13.52746128400224 0.000000000000000
 11 14.97521034509424 0.000000000000000
 12 16.76286720938092 0.000000000000000

 spin=1 k-point=1012/1284 Cartesian=0.01947404499283394 0.1686501767823507 0.07676364473785349 (3801 plane wave)
 1 1.454056263406166 0.001562499991266992
 2 2.302667583119046 0.001562457672074697
 3 3.000416023224153 0.001518395061634261
 4 3.846813053778694 1.126467715309151e-05
 5 9.823762608230744 0.000000000000000
 6 10.78255182577226 0.000000000000000
 7 11.53848119567848 0.000000000000000
 8 12.52295867944729 0.000000000000000
 9 13.60476725530325 0.000000000000000
 10 14.51073584061555 0.000000000000000
 11 15.49943830101572 0.000000000000000
 12 16.26919283891006 0.000000000000000

 spin=1 k-point=1013/1284 Cartesian=0.03894808998566748 0.1798935219011741 0.07676364473785349 (3796 plane wave)
 1 2.147558705145508 0.001562491025571778
 2 2.163017267515758 0.001562489525288470
 3 3.421603382134407 0.0005278392097752117
 4 3.461700150855560 0.0003978784258864479
 5 8.266216137130248 0.000000000000000
 6 9.320298011998659 0.000000000000000
 7 12.14828024047310 0.000000000000000
 8 12.20706242894864 0.000000000000000
 9 15.02800936630549 0.000000000000000
 10 15.32432149349975 0.000000000000000
 11 16.40357187238018 0.000000000000000
 12 16.85643606880654 0.000000000000000

 spin=1 k-point=1014/1284 Cartesian=0.05842213497850103 0.1911368670199974 0.07676364473785349 (3778 plane wave)
 1 1.901099395164392 0.001562499236780240
 2 2.749075282675033 0.001558832731409858
 3 3.435007593042556 0.0004820519040912251
 4 4.275453155123798 1.560475488084975e-07
 5 6.819448491056439 0.000000000000000
 6 7.874073886488144 0.000000000000000
 7 11.90688400942699 0.000000000000000
 8 13.02671554781895 0.000000000000000
 9 15.14701690878512 0.000000000000000
 10 16.12277791495603 0.000000000000000
 11 16.98801261362543 0.000000000000000
 12 17.95743616688517 0.000000000000000

 spin=1 k-point=1015/1284 Cartesian=0.07789617997133459 0.2023802121388208 0.07676364473785349 (3783 plane wave)
 1 1.763089154451376 0.001562499808009961
 2 2.791614001124862 0.001556895382413136
 3 4.255793933510256 1.899443868981758e-07
 4 5.091074870062755 4.478157305743377e-11
 5 5.710915356490410 9.102604405390426e-14
 6 6.568287315468351 0.000000000000000
 7 11.76732218746711 0.000000000000000
 8 13.93250001521643 0.000000000000000
 9 14.89736342315540 0.000000000000000
 10 15.69745937359502 0.000000000000000
 11 17.53262370966389 0.000000000000000
 12 18.63463688088992 0.000000000000000

 spin=1 k-point=1016/1284 Cartesian=0.09737022496416814 0.2136235572576441 0.07676364473785349 (3783 plane wave)
 1 1.763089151911924 0.001562499808009966
 2 2.791614014766410 0.001556895381651321
 3 4.255793878127005 1.899444920828193e-07
 4 5.091074950398833 4.478153708168101e-11
 5 5.710915326363022 9.102607147768487e-14
 6 6.568287308070775 0.000000000000000
 7 11.76732218834989 0.000000000000000
 8 13.93250005437980 0.000000000000000
 9 14.89736332591031 0.000000000000000
 10 15.69745943677352 0.000000000000000
 11 17.53262371543673 0.000000000000000
 12 18.63463687138155 0.000000000000000

 spin=1 k-point=1017/1284 Cartesian=0.1168442699570017 0.2248669023764674 0.07676364473785349 (3778 plane wave)
 1 1.901099385622205 0.001562499236780313
 2 2.749075341045342 0.001558832729274285
 3 3.435007503298725 0.0004820522032367248
 4 4.275453198920615 1.560474804714622e-07
 5 6.819448495829024 0.000000000000000
 6 7.874073874994981 0.000000000000000
 7 11.90688401271708 0.000000000000000
 8 13.02671556590162 0.000000000000000
 9 15.14701683385348 0.000000000000000
 10 16.12277798038819 0.000000000000000
 11 16.98801265279585 0.000000000000000
 12 17.95743609636200 0.000000000000000

 spin=1 k-point=1018/1284 Cartesian=0.1363183149498352 0.2361102474952907 0.07676364473785349 (3796 plane wave)
 1 2.147558683424382 0.001562491025573727
 2 2.163017291886082 0.001562489525285918
 3 3.421603357155263 0.0005278392970838628
 4 3.461700172256826 0.0003978783624184553
 5 8.266216137216759 0.000000000000000
 6 9.320298012880912 0.000000000000000
 7 12.14828021600628 0.000000000000000
 8 12.20706245472247 0.000000000000000
 9 15.02800938253066 0.000000000000000
 10 15.32432147092980 0.000000000000000
 11 16.40357188211282 0.000000000000000
 12 16.85643606363625 0.000000000000000

 spin=1 k-point=1019/1284 Cartesian=0.1557923599426688 0.2473535926141141 0.07676364473785349 (3801 plane wave)
 1 1.454056275222222 0.001562499991266991
 2 2.302667525772311 0.001562457672098970
 3 3.000416105414217 0.001518395026407593
 4 3.846813014277461 1.126468157070014e-05
 5 9.823762565517846 0.000000000000000
 6 10.78255198922868 0.000000000000000
 7 11.53848102440939 0.000000000000000
 8 12.52295875968966 0.000000000000000
 9 13.60476730273646 0.000000000000000
 10 14.51073555228332 0.000000000000000
 11 15.49943870137846 0.000000000000000
 12 16.26919265091111 0.000000000000000

 spin=1 k-point=1020/1284 Cartesian=-0.1363183149498344 0.07870341583176405 0.07676364473785349 (3796 plane wave)
 1 0.8699259491548780 0.001562499999974667
 2 1.911839209650333 0.001562499150248349
 3 3.392050052391233 0.0006355141922246485
 4 4.429094481378318 3.357646946782898e-08
 5 10.64391880746089 0.000000000000000
 6 11.16426224835407 0.000000000000000
 7 12.22000446065331 0.000000000000000
 8 12.26816535402615 0.000000000000000
 9 13.01842523129415 0.000000000000000
 10 13.52746104871630 0.000000000000000
 11 14.97521070281154 0.000000000000000
 12 16.76286710122449 0.000000000000000

 spin=1 k-point=1021/1284 Cartesian=-0.1168442699570009 0.08994676095058739 0.07676364473785349 (3798 plane wave)
 1 0.4267209699725752 0.001562499999999735
 2 1.499369017564746 0.001562499986260992
 3 4.100725280293871 8.951280373368622e-07
 4 5.164310637969561 2.152981880753305e-11
 5 9.846423615179360 0.000000000000000
 6 10.39074705780370 0.000000000000000
 7 11.23646784726174 0.000000000000000
 8 13.28710816776423 0.000000000000000
 9 13.56667454428932 0.000000000000000
 10 14.45752119838887 0.000000000000000
 11 15.48358402752568 0.000000000000000
 12 17.45786939887849 0.000000000000000

 spin=1 k-point=1022/1284 Cartesian=-0.09737022496416733 0.1011901060694107 0.07676364473785349 (3799 plane wave)
 1 0.1298329849292436 0.001562500000000021
 2 1.211864292487038 0.001562499999224970
 3 4.978016242925156 1.387096954736098e-10
 4 6.039317023870596 3.411418494902811e-15
 5 8.530066106496557 0.000000000000000
 6 9.484933913590428 0.000000000000000
 7 10.35790876110871 0.000000000000000
 8 13.23759164626785 0.000000000000000
 9 14.86204632599543 0.000000000000000
 10 16.07006438333221 0.000000000000000
 11 17.10538531225431 0.000000000000000
 12 18.06205264214540 0.000000000000000

 spin=1 k-point=1023/1284 Cartesian=-0.07789617997133380 0.1124334511882341 0.07676364473785349 (3798 plane wave)
 1 -0.01892647533070337 0.001562500000000033
 2 1.066312541624240 0.001562499999819230
 3 5.997225388934763 5.196808245437683e-15
 4 6.887274800099294 0.000000000000000
 5 7.409404497898469 0.000000000000000
 6 8.286722815667366 0.000000000000000
 7 10.10497022662099 0.000000000000000
 8 13.15042785996679 0.000000000000000
 9 15.96771551120208 0.000000000000000
 10 17.09652610242602 0.000000000000000
 11 18.08078290571578 0.000000000000000
 12 19.13760029178404 0.000000000000000

 spin=1 k-point=1024/1284 Cartesian=-0.05842213497850025 0.1236767963070574 0.07676364473785349 (3798 plane wave)
 1 -0.01892647586406907 0.001562500000000033
 2 1.066312542872771 0.001562499999819230
 3 5.997225343404224 5.196810611573598e-15
 4 6.887274871960450 0.000000000000000
 5 7.409404551570297 0.000000000000000
 6 8.286722701788827 0.000000000000000
 7 10.10497026286053 0.000000000000000
 8 13.15042786610381 0.000000000000000
 9 15.96771545096605 0.000000000000000
 10 17.09652611650590 0.000000000000000
 11 18.08078310725761 0.000000000000000
 12 19.13759995926292 0.000000000000000

 spin=1 k-point=1025/1284 Cartesian=-0.03894808998566670 0.1349201414258807 0.07676364473785349 (3799 plane wave)
 1 0.1298329832019186 0.001562500000000021
 2 1.211864296758234 0.001562499999224970
 3 4.978016204812783 1.387097483391841e-10
 4 6.039317073862321 3.411416789475840e-15
 5 8.530066201933463 0.000000000000000
 6 9.484933633060537 0.000000000000000
 7 10.35790894291782 0.000000000000000
 8 13.23759166859614 0.000000000000000
 9 14.86204617623348 0.000000000000000
 10 16.07006467136382 0.000000000000000
 11 17.10538503620896 0.000000000000000
 12 18.06205274556937 0.000000000000000

 spin=1 k-point=1026/1284 Cartesian=-0.01947404499283316 0.1461634865447041 0.07676364473785349 (3798 plane wave)
 1 0.4267209665940109 0.001562499999999735
 2 1.499369027078919 0.001562499986260991
 3 4.100725242298900 8.951283772458058e-07
 4 5.164310678133305 2.152981016035147e-11
 5 9.846423814823998 0.000000000000000
 6 10.39074663660943 0.000000000000000
 7 11.23646808934499 0.000000000000000
 8 13.28710818243963 0.000000000000000
 9 13.56667426386634 0.000000000000000
 10 14.45752177856851 0.000000000000000
 11 15.48358358363816 0.000000000000000
 12 17.45786950705298 0.000000000000000

 spin=1 k-point=1027/1284 Cartesian=0.000000000000000 0.1798935219011738 0.07676364473785349 (3800 plane wave)
 1 1.926007789361095 0.001562499020903814
 2 1.936374247205434 0.001562498913958813
 3 3.207813596508903 0.001269179771013818
 4 3.238311838386887 0.001189547922439601
 5 11.08844254123834 0.000000000000000
 6 11.50915169643294 0.000000000000000
 7 11.66798424599957 0.000000000000000
 8 12.19236323607263 0.000000000000000
 9 12.67004541072865 0.000000000000000
 10 13.57413127691152 0.000000000000000
 11 15.58570831110433 0.000000000000000
 12 15.70095183945864 0.000000000000000

 spin=1 k-point=1028/1284 Cartesian=0.01947404499283394 0.1911368670199974 0.07676364473785349 (3801 plane wave)
 1 1.454056274322202 0.001562499991266991
 2 2.302667525208851 0.001562457672099209
 3 3.000416106681554 0.001518395025864412
 4 3.846813015422700 1.126468144262271e-05
 5 9.823762566036194 0.000000000000000
 6 10.78255198334858 0.000000000000000
 7 11.53848103248843 0.000000000000000
 8 12.52295875511040 0.000000000000000
 9 13.60476729688981 0.000000000000000
 10 14.51073556151197 0.000000000000000
 11 15.49943870010081 0.000000000000000
 12 16.26919264836334 0.000000000000000

 spin=1 k-point=1029/1284 Cartesian=0.03894808998566748 0.2023802121388207 0.07676364473785349 (3792 plane wave)
 1 1.094129444163271 0.001562499999761243
 2 2.134889210512198 0.001562492093502181
 3 3.612300654311706 0.0001100563289070382
 4 4.645221628093964 3.867361631642757e-09
 5 8.335110729487257 0.000000000000000
 6 9.376042590996892 0.000000000000000
 7 11.14355275670636 0.000000000000000
 8 13.28305269276537 0.000000000000000
 9 14.37232062405614 0.000000000000000
 10 15.72911876931503 0.000000000000000
 11 16.77781616102896 0.000000000000000
 12 17.09765474302633 0.000000000000000

 spin=1 k-point=1030/1284 Cartesian=0.05842213497850103 0.2136235572576441 0.07676364473785349 (3788 plane wave)
 1 0.8750135658911173 0.001562499999973343
 2 1.944181423062982 0.001562498825772047
 3 4.537229529486842 1.138718913624097e-08
 4 5.568713339232103 3.773473759157226e-13
 5 6.982719565676300 0.000000000000000
 6 8.014876967638681 0.000000000000000
 7 10.91365468659658 0.000000000000000
 8 13.77737688119799 0.000000000000000
 9 14.74593735490059 0.000000000000000
 10 16.72859269147979 0.000000000000000
 11 17.53027296470094 0.000000000000000
 12 18.29850223659330 0.000000000000000

 spin=1 k-point=1031/1284 Cartesian=0.07789617997133459 0.2248669023764674 0.07676364473785349 (3782 plane wave)
 1 0.8016283830071838 0.001562499999987222
 2 1.876285605962959 0.001562499404495972
 3 5.569813519303946 3.732186277511784e-13
 4 5.617842606654189 2.308742962305439e-13
 5 6.781495249516396 0.000000000000000
 6 6.845178313890568 0.000000000000000
 7 10.83758214800915 0.000000000000000
 8 13.84654527041893 0.000000000000000
 9 15.59622107263030 0.000000000000000
 10 15.75266164885935 0.000000000000000
 11 18.64530342742469 0.000000000000000
 12 18.96483639837749 0.000000000000000

 spin=1 k-point=1032/1284 Cartesian=0.09737022496416814 0.2361102474952907 0.07676364473785349 (3788 plane wave)
 1 0.8750135637608584 0.001562499999973343
 2 1.944181430632799 0.001562498825771958
 3 4.537229488509698 1.138719380235386e-08
 4 5.568713388346586 3.773471905835079e-13
 5 6.982719581218544 0.000000000000000
 6 8.014876925069789 0.000000000000000
 7 10.91365470260186 0.000000000000000
 8 13.77737693691658 0.000000000000000
 9 14.74593725055897 0.000000000000000
 10 16.72859270532730 0.000000000000000
 11 17.53027318726813 0.000000000000000
 12 18.29850196080763 0.000000000000000

 spin=1 k-point=1033/1284 Cartesian=0.1168442699570017 0.2473535926141141 0.07676364473785349 (3792 plane wave)
 1 1.094129439005481 0.001562499999761243
 2 2.134889233282955 0.001562492093500381
 3 3.612300603215191 0.0001100563811810433
 4 4.645221665472063 3.867360186099974e-09
 5 8.335110761085160 0.000000000000000
 6 9.376042517248862 0.000000000000000
 7 11.14355280450826 0.000000000000000
 8 13.28305273090825 0.000000000000000
 9 14.37232049726279 0.000000000000000
 10 15.72911900230383 0.000000000000000
 11 16.77781567297691 0.000000000000000
 12 17.09765507942764 0.000000000000000

 spin=1 k-point=1034/1284 Cartesian=0.1363183149498352 0.2585969377329374 0.07676364473785349 (3801 plane wave)
 1 1.454056263230554 0.001562499991266992
 2 2.302667587317315 0.001562457672072920
 3 3.000416017943057 0.001518395063897739
 4 3.846813054170563 1.126467710926693e-05
 5 9.823762607065724 0.000000000000000
 6 10.78255182892639 0.000000000000000
 7 11.53848119378082 0.000000000000000
 8 12.52295868095346 0.000000000000000
 9 13.60476726363725 0.000000000000000
 10 14.51073582865445 0.000000000000000
 11 15.49943830272396 0.000000000000000
 12 16.26919284120623 0.000000000000000

 spin=1 k-point=1035/1284 Cartesian=0.1557923599426688 0.2698402828517608 0.07676364473785349 (3800 plane wave)
 1 1.926007767580281 0.001562499020904028
 2 1.936374271439373 0.001562498913958550
 3 3.207813571779091 0.001269179829934261
 4 3.238311859783305 0.001189547861688220
 5 11.08844253909063 0.000000000000000
 6 11.50915167753939 0.000000000000000
 7 11.66798427342979 0.000000000000000
 8 12.19236323392104 0.000000000000000
 9 12.67004541276455 0.000000000000000
 10 13.57413127148731 0.000000000000000
 11 15.58570829235093 0.000000000000000
 12 15.70095185987579 0.000000000000000

 spin=1 k-point=1036/1284 Cartesian=0.1363183149498352 0.2585969377329374 -0.07676364473785301 (3801 plane wave)
 1 1.454056275166519 0.001562499991266991
 2 2.302667525656326 0.001562457672099019
 3 3.000416105563963 0.001518395026343412
 4 3.846813014328997 1.126468156493674e-05
 5 9.823762565620589 0.000000000000000
 6 10.78255198901126 0.000000000000000
 7 11.53848102557594 0.000000000000000
 8 12.52295875718445 0.000000000000000
 9 13.60476730447139 0.000000000000000
 10 14.51073555163622 0.000000000000000
 11 15.49943870246067 0.000000000000000
 12 16.26919265022628 0.000000000000000

 spin=1 k-point=1037/1284 Cartesian=-0.1168442699570009 0.1124334511882340 0.07676364473785349 (3792 plane wave)
 1 1.094129444698384 0.001562499999761243
 2 2.134889210343377 0.001562492093502195
 3 3.612300654035048 0.0001100563291900712
 4 4.645221627024772 3.867361672992191e-09
 5 8.335110729862045 0.000000000000000
 6 9.376042592479481 0.000000000000000
 7 11.14355275546205 0.000000000000000
 8 13.28305269249138 0.000000000000000
 9 14.37232062703313 0.000000000000000
 10 15.72911876588124 0.000000000000000
 11 16.77781616434557 0.000000000000000
 12 17.09765474124395 0.000000000000000

 spin=1 k-point=1038/1284 Cartesian=-0.09737022496416733 0.1236767963070574 0.07676364473785349 (3788 plane wave)
 1 0.8750135662484709 0.001562499999973343
 2 1.944181422728879 0.001562498825772051
 3 4.537229529405540 1.138718914549886e-08
 4 5.568713338350312 3.773473792431365e-13
 5 6.982719566150183 0.000000000000000
 6 8.014876968331544 0.000000000000000
 7 10.91365468648432 0.000000000000000
 8 13.77737687984573 0.000000000000000
 9 14.74593735670562 0.000000000000000
 10 16.72859269187284 0.000000000000000
 11 17.53027296305726 0.000000000000000
 12 18.29850223717235 0.000000000000000

 spin=1 k-point=1039/1284 Cartesian=-0.07789617997133380 0.1349201414258807 0.07676364473785349 (3782 plane wave)
 1 0.8016283832539600 0.001562499999987222
 2 1.876285605464756 0.001562499404495975
 3 5.569813519381001 3.732186274635929e-13
 4 5.617842607709814 2.308742937933782e-13
 5 6.781495249194692 0.000000000000000
 6 6.845178313253589 0.000000000000000
 7 10.83758214844429 0.000000000000000
 8 13.84654526884921 0.000000000000000
 9 15.59622107225820 0.000000000000000
 10 15.75266165074911 0.000000000000000
 11 18.64530342574089 0.000000000000000
 12 18.96483639915454 0.000000000000000

 spin=1 k-point=1040/1284 Cartesian=-0.05842213497850025 0.1461634865447040 0.07676364473785349 (3788 plane wave)
 1 0.8750135639330731 0.001562499999973343
 2 1.944181429820578 0.001562498825771968
 3 4.537229490060196 1.138719362579699e-08
 4 5.568713388225812 3.773471910392431e-13
 5 6.982719581985621 0.000000000000000
 6 8.014876923087737 0.000000000000000
 7 10.91365470363523 0.000000000000000
 8 13.77737693444011 0.000000000000000
 9 14.74593725144303 0.000000000000000
 10 16.72859270421933 0.000000000000000
 11 17.53027318986322 0.000000000000000
 12 18.29850196288896 0.000000000000000

 spin=1 k-point=1041/1284 Cartesian=-0.03894808998566670 0.1574068316635274 0.07676364473785349 (3792 plane wave)
 1 1.094129439129394 0.001562499999761243
 2 2.134889231624305 0.001562492093500512
 3 3.612300605700088 0.0001100563786388832
 4 4.645221665386195 3.867360189420785e-09
 5 8.335110762152558 0.000000000000000
 6 9.376042514067684 0.000000000000000
 7 11.14355280684002 0.000000000000000
 8 13.28305272834846 0.000000000000000
 9 14.37232049587750 0.000000000000000
 10 15.72911900518024 0.000000000000000
 11 16.77781567182237 0.000000000000000
 12 17.09765508104604 0.000000000000000

 spin=1 k-point=1042/1284 Cartesian=-0.01947404499283316 0.1686501767823507 0.07676364473785349 (3801 plane wave)
 1 1.454056263367557 0.001562499991266992
 2 2.302667583086086 0.001562457672074711
 3 3.000416023254217 0.001518395061621376
 4 3.846813053819029 1.126467714858056e-05
 5 9.823762609298941 0.000000000000000
 6 10.78255182069721 0.000000000000000
 7 11.53848120193999 0.000000000000000
 8 12.52295867726036 0.000000000000000
 9 13.60476725584270 0.000000000000000
 10 14.51073584032412 0.000000000000000
 11 15.49943830046696 0.000000000000000
 12 16.26919283876979 0.000000000000000

 spin=1 k-point=1043/1284 Cartesian=0.000000000000000 0.1574068316635272 -0.07676364473785301 (3796 plane wave)
 1 0.8699259486090941 0.001562499999974667
 2 1.911839209715673 0.001562499150248348
 3 3.392050052697079 0.0006355141910715115
 4 4.429094482488618 3.357646909503742e-08
 5 10.64391880634424 0.000000000000000
 6 11.16426225052155 0.000000000000000
 7 12.22000445313844 0.000000000000000
 8 12.26816535620215 0.000000000000000
 9 13.01842522759697 0.000000000000000
 10 13.52746105678544 0.000000000000000
 11 14.97521070178436 0.000000000000000
 12 16.76286709936290 0.000000000000000

 spin=1 k-point=1044/1284 Cartesian=0.01947404499283394 -0.1461634865447027 0.07676364473785349 (3798 plane wave)
 1 0.4267209695987115 0.001562499999999735
 2 1.499369017729215 0.001562499986260992
 3 4.100725280370312 8.951280366530121e-07
 4 5.164310639132848 2.152981855707915e-11
 5 9.846423615357256 0.000000000000000
 6 10.39074705270595 0.000000000000000
 7 11.23646785242850 0.000000000000000
 8 13.28710816512484 0.000000000000000
 9 13.56667454366154 0.000000000000000
 10 14.45752120035942 0.000000000000000
 11 15.48358402715365 0.000000000000000
 12 17.45786939763486 0.000000000000000

 spin=1 k-point=1045/1284 Cartesian=0.03894808998566748 -0.1349201414258794 0.07676364473785349 (3799 plane wave)
 1 0.1298329846636944 0.001562500000000021
 2 1.211864292695316 0.001562499999224970
 3 4.978016242866889 1.387096955544323e-10
 4 6.039317025146594 3.411418451373169e-15
 5 8.530066106158321 0.000000000000000
 6 9.484933909993877 0.000000000000000
 7 10.35790876410058 0.000000000000000
 8 13.23759164687121 0.000000000000000
 9 14.86204632419898 0.000000000000000
 10 16.07006438318588 0.000000000000000
 11 17.10538531404409 0.000000000000000
 12 18.06205264084131 0.000000000000000

 spin=1 k-point=1046/1284 Cartesian=0.05842213497850103 -0.1236767963070560 0.07676364473785349 (3798 plane wave)
 1 -0.01892647552238282 0.001562500000000033
 2 1.066312541883660 0.001562499999819230
 3 5.997225388768105 5.196808254098551e-15
 4 6.887274800202843 0.000000000000000
 5 7.409404498889002 0.000000000000000
 6 8.286722814274068 0.000000000000000
 7 10.10497022689134 0.000000000000000
 8 13.15042786070630 0.000000000000000
 9 15.96771550951646 0.000000000000000
 10 17.09652610376807 0.000000000000000
 11 18.08078290634237 0.000000000000000
 12 19.13760029076675 0.000000000000000

 spin=1 k-point=1047/1284 Cartesian=0.07789617997133459 -0.1124334511882327 0.07676364473785349 (3798 plane wave)
 1 -0.01892647600163206 0.001562500000000033
 2 1.066312543214034 0.001562499999819230
 3 5.997225342338456 5.196810666959538e-15
 4 6.887274872160984 0.000000000000000
 5 7.409404550074196 0.000000000000000
 6 8.286722704880622 0.000000000000000
 7 10.10497026157743 0.000000000000000
 8 13.15042786695581 0.000000000000000
 9 15.96771545191929 0.000000000000000
 10 17.09652611520033 0.000000000000000
 11 18.08078310668989 0.000000000000000
 12 19.13759995686108 0.000000000000000

 spin=1 k-point=1048/1284 Cartesian=0.09737022496416814 -0.1011901060694093 0.07676364473785349 (3799 plane wave)
 1 0.1298329831063198 0.001562500000000021
 2 1.211864297247583 0.001562499999224970
 3 4.978016203596686 1.387097500260301e-10
 4 6.039317073677328 3.411416795786759e-15
 5 8.530066200254332 0.000000000000000
 6 9.484933639668183 0.000000000000000
 7 10.35790893833818 0.000000000000000
 8 13.23759166987335 0.000000000000000
 9 14.86204617790117 0.000000000000000
 10 16.07006467028019 0.000000000000000
 11 17.10538503481781 0.000000000000000
 12 18.06205274456421 0.000000000000000

 spin=1 k-point=1049/1284 Cartesian=0.1168442699570017 -0.08994676095058601 0.07676364473785349 (3798 plane wave)
 1 0.4267209665313055 0.001562499999999735
 2 1.499369027878415 0.001562499986260991
 3 4.100725240736956 8.951283912192035e-07
 4 5.164310677999687 2.152981018911907e-11
 5 9.846423811296701 0.000000000000000
 6 10.39074664527970 0.000000000000000
 7 11.23646808365148 0.000000000000000
 8 13.28710818616460 0.000000000000000
 9 13.56667426783798 0.000000000000000
 10 14.45752177174633 0.000000000000000
 11 15.48358358458836 0.000000000000000
 12 17.45786950810516 0.000000000000000

 spin=1 k-point=1050/1284 Cartesian=0.1363183149498352 -0.07870341583176267 0.07676364473785349 (3796 plane wave)
 1 0.8699259429671382 0.001562499999974667
 2 1.911839233887169 0.001562499150248143
 3 3.392050001533368 0.0006355143839751757
 4 4.429094518263067 3.357645708349771e-08
 5 10.64391886437773 0.000000000000000
 6 11.16426224833989 0.000000000000000
 7 12.22000399745035 0.000000000000000
 8 12.26816535406202 0.000000000000000
 9 13.01842565671512 0.000000000000000
 10 13.52746127817457 0.000000000000000
 11 14.97521034446971 0.000000000000000
 12 16.76286721120655 0.000000000000000

 spin=1 k-point=1051/1284 Cartesian=0.1557923599426688 0.2473535926141141 -0.07676364473785301 (3801 plane wave)
 1 1.454056263303997 0.001562499991266992
 2 2.302667587425657 0.001562457672072874
 3 3.000416017787258 0.001518395063964514
 4 3.846813054074823 1.126467711997390e-05
 5 9.823762607473974 0.000000000000000
 6 10.78255183057784 0.000000000000000
 7 11.53848119038368 0.000000000000000
 8 12.52295868170374 0.000000000000000
 9 13.60476726329303 0.000000000000000
 10 14.51073583038933 0.000000000000000
 11 15.49943830180666 0.000000000000000
 12 16.26919284170017 0.000000000000000

 spin=1 k-point=1052/1284 Cartesian=0.1363183149498352 0.2361102474952907 -0.07676364473785301 (3796 plane wave)
 1 2.147558683456056 0.001562491025573724
 2 2.163017291889711 0.001562489525285917
 3 3.421603357091857 0.0005278392973054843
 4 3.461700172235096 0.0003978783624828999
 5 8.266216137431304 0.000000000000000
 6 9.320298013015407 0.000000000000000
 7 12.14828021568757 0.000000000000000
 8 12.20706245399989 0.000000000000000
 9 15.02800938357876 0.000000000000000
 10 15.32432147126795 0.000000000000000
 11 16.40357188105405 0.000000000000000
 12 16.85643606481715 0.000000000000000

 spin=1 k-point=1053/1284 Cartesian=0.1168442699570017 0.2248669023764674 -0.07676364473785301 (3778 plane wave)
 1 1.901099395908157 0.001562499236780234
 2 2.749075283359020 0.001558832731384834
 3 3.435007591206421 0.0004820519102116614
 4 4.275453154505487 1.560475497732602e-07
 5 6.819448491679325 0.000000000000000
 6 7.874073886952299 0.000000000000000
 7 11.90688400897966 0.000000000000000
 8 13.02671554906011 0.000000000000000
 9 15.14701690578511 0.000000000000000
 10 16.12277792134065 0.000000000000000
 11 16.98801260902729 0.000000000000000
 12 17.95743616648567 0.000000000000000

 spin=1 k-point=1054/1284 Cartesian=0.09737022496416814 0.2136235572576441 -0.07676364473785301 (3783 plane wave)
 1 1.763089154946400 0.001562499808009961
 2 2.791614000513167 0.001556895382447296
 3 4.255793932804059 1.899443882393941e-07
 4 5.091074871257130 4.478157252257384e-11
 5 5.710915355729870 9.102604474619383e-14
 6 6.568287315847657 0.000000000000000
 7 11.76732218776487 0.000000000000000
 8 13.93250001560135 0.000000000000000
 9 14.89736341889704 0.000000000000000
 10 15.69745937829985 0.000000000000000
 11 17.53262371010037 0.000000000000000
 12 18.63463687686247 0.000000000000000

 spin=1 k-point=1055/1284 Cartesian=0.07789617997133459 0.2023802121388208 -0.07676364473785301 (3783 plane wave)
 1 1.763089152268108 0.001562499808009966
 2 2.791614013093510 0.001556895381744745
 3 4.255793880802102 1.899444870022361e-07
 4 5.091074949185584 4.478153762499266e-11
 5 5.710915327619719 9.102607033376318e-14
 6 6.568287306612151 0.000000000000000
 7 11.76732218911542 0.000000000000000
 8 13.93250005098225 0.000000000000000
 9 14.89736332883893 0.000000000000000
 10 15.69745943622799 0.000000000000000
 11 17.53262371432712 0.000000000000000
 12 18.63463687472717 0.000000000000000

 spin=1 k-point=1056/1284 Cartesian=0.05842213497850103 0.1911368670199974 -0.07676364473785301 (3778 plane wave)
 1 1.901099385983353 0.001562499236780310
 2 2.749075336439980 0.001558832729442780
 3 3.435007509144996 0.0004820521837491913
 4 4.275453198101257 1.560474817499230e-07
 5 6.819448496483401 0.000000000000000
 6 7.874073873410453 0.000000000000000
 7 11.90688401431393 0.000000000000000
 8 13.02671556305956 0.000000000000000
 9 15.14701683675647 0.000000000000000
 10 16.12277797218259 0.000000000000000
 11 16.98801266037006 0.000000000000000
 12 17.95743609818419 0.000000000000000

 spin=1 k-point=1057/1284 Cartesian=0.03894808998566748 0.1798935219011741 -0.07676364473785301 (3796 plane wave)
 1 2.147558705257990 0.001562491025571768
 2 2.163017267482045 0.001562489525288474
 3 3.421603381895295 0.0005278392106109701
 4 3.461700150929027 0.0003978784256685699
 5 8.266216138162036 0.000000000000000
 6 9.320298010621649 0.000000000000000
 7 12.14828024004314 0.000000000000000
 8 12.20706243061932 0.000000000000000
 9 15.02800936315497 0.000000000000000
 10 15.32432149442478 0.000000000000000
 11 16.40357187557273 0.000000000000000
 12 16.85643606637786 0.000000000000000

 spin=1 k-point=1058/1284 Cartesian=0.01947404499283394 0.1686501767823507 -0.07676364473785301 (3801 plane wave)
 1 1.454056274397217 0.001562499991266991
 2 2.302667525224437 0.001562457672099202
 3 3.000416106643522 0.001518395025880713
 4 3.846813015299190 1.126468145643547e-05
 5 9.823762567598706 0.000000000000000
 6 10.78255198289115 0.000000000000000
 7 11.53848102860753 0.000000000000000
 8 12.52295875913375 0.000000000000000
 9 13.60476729388082 0.000000000000000
 10 14.51073556487068 0.000000000000000
 11 15.49943869862588 0.000000000000000
 12 16.26919264790481 0.000000000000000

 spin=1 k-point=1059/1284 Cartesian=0.000000000000000 -0.1349201414258796 0.07676364473785349 (3788 plane wave)
 1 -0.09482547719956021 0.001562500000000035
 2 0.9883368780970806 0.001562499999917134
 3 4.758806226296510 1.242006162884808e-09
 4 5.829044373222700 2.793429672795273e-14
 5 9.755986735530911 0.000000000000000
 6 11.39169916077693 0.000000000000000
 7 12.31974051720284 0.000000000000000
 8 12.49554799114827 0.000000000000000
 9 13.26972500294102 0.000000000000000
 10 13.67170173566935 0.000000000000000
 11 15.35395330182141 0.000000000000000
 12 18.09640246498063 0.000000000000000

 spin=1 k-point=1060/1284 Cartesian=0.01947404499283394 -0.1236767963070560 0.07676364473785349 (3793 plane wave)
 1 -0.4682646608318535 0.001562500000000037
 2 0.6194571970834969 0.001562499999997964
 3 5.568205734286936 3.792676799822360e-13
 4 6.633271034550618 0.000000000000000
 5 9.349162758886651 0.000000000000000
 6 10.39644291206247 0.000000000000000
 7 11.46015611014154 0.000000000000000
 8 12.66788352732981 0.000000000000000
 9 14.19803900448062 0.000000000000000
 10 15.02553401620660 0.000000000000000
 11 16.13280041878939 0.000000000000000
 12 18.83399150534836 0.000000000000000

 spin=1 k-point=1061/1284 Cartesian=0.03894808998566748 -0.1124334511882327 0.07676364473785349 (3794 plane wave)
 1 -0.6926163977814723 0.001562500000000037
 2 0.3971581934203784 0.001562499999999812
 3 6.519122071137745 0.000000000000000
 4 7.552643904893388 0.000000000000000
 5 8.728952634447564 0.000000000000000
 6 9.391767241329042 0.000000000000000
 7 10.23958754450124 0.000000000000000
 8 12.53173556254461 0.000000000000000
 9 16.04444293297078 0.000000000000000
 10 16.65237663217778 0.000000000000000
 11 17.57286440616041 0.000000000000000
 12 18.82181045853951 0.000000000000000

 spin=1 k-point=1062/1284 Cartesian=0.05842213497850103 -0.1011901060694093 0.07676364473785349 (3796 plane wave)
 1 -0.7674426757774870 0.001562500000000037
 2 0.3229310701705048 0.001562499999999930
 3 7.569703746538413 0.000000000000000
 4 7.597340127650751 0.000000000000000
 5 8.437977942181291 0.000000000000000
 6 8.807787811684124 0.000000000000000
 7 9.677748701371883 0.000000000000000
 8 12.47153712611615 0.000000000000000
 9 17.39492147963707 0.000000000000000
 10 17.59491811607662 0.000000000000000
 11 18.44233001474913 0.000000000000000
 12 18.61526415807299 0.000000000000000

 spin=1 k-point=1063/1284 Cartesian=0.07789617997133459 -0.08994676095058600 0.07676364473785349 (3794 plane wave)
 1 -0.6926163982788374 0.001562500000000037
 2 0.3971581946773015 0.001562499999999812
 3 6.519122011295914 0.000000000000000
 4 7.552644005595776 0.000000000000000
 5 8.728952867481812 0.000000000000000
 6 9.391766709086053 0.000000000000000
 7 10.23958781714263 0.000000000000000
 8 12.53173555677445 0.000000000000000
 9 16.04444265359183 0.000000000000000
 10 16.65237713008885 0.000000000000000
 11 17.57286412516543 0.000000000000000
 12 18.82181050887743 0.000000000000000

 spin=1 k-point=1064/1284 Cartesian=0.09737022496416814 -0.07870341583176266 0.07676364473785349 (3793 plane wave)
 1 -0.4682646619109350 0.001562500000000037
 2 0.6194571999292409 0.001562499999997964
 3 5.568205689241813 3.792678508239114e-13
 4 6.633271099235436 0.000000000000000
 5 9.349162813147169 0.000000000000000
 6 10.39644268688728 0.000000000000000
 7 11.46015629798170 0.000000000000000
 8 12.66788349497716 0.000000000000000
 9 14.19803881311320 0.000000000000000
 10 15.02553445891545 0.000000000000000
 11 16.13280009652983 0.000000000000000
 12 18.83399158849519 0.000000000000000

 spin=1 k-point=1065/1284 Cartesian=0.1168442699570017 -0.06746007071293933 0.07676364473785349 (3788 plane wave)
 1 -0.09482547906196037 0.001562500000000035
 2 0.9883368834332557 0.001562499999917134
 3 4.758806187220171 1.242006648215177e-09
 4 5.829044420009736 2.793428365832312e-14
 5 9.755986744644868 0.000000000000000
 6 11.39169915850426 0.000000000000000
 7 12.31974024465870 0.000000000000000
 8 12.49554798899298 0.000000000000000
 9 13.26972509148970 0.000000000000000
 10 13.67170213867242 0.000000000000000
 11 15.35395299640431 0.000000000000000
 12 18.09640254648974 0.000000000000000

 spin=1 k-point=1066/1284 Cartesian=0.1363183149498352 -0.05621672559411599 0.07676364473785349 (3798 plane wave)
 1 0.4267209666041889 0.001562499999999735
 2 1.499369027957714 0.001562499986260990
 3 4.100725240574563 8.951283926719992e-07
 4 5.164310677829539 2.152981022575169e-11
 5 9.846423812324367 0.000000000000000
 6 10.39074664620952 0.000000000000000
 7 11.23646808094069 0.000000000000000
 8 13.28710818517191 0.000000000000000
 9 13.56667426830135 0.000000000000000
 10 14.45752177445361 0.000000000000000
 11 15.48358358302838 0.000000000000000
 12 17.45786950918900 0.000000000000000

 spin=1 k-point=1067/1284 Cartesian=0.1557923599426688 -0.04497338047529266 0.07676364473785349 (3792 plane wave)
 1 1.094129439163511 0.001562499999761243
 2 2.134889233515176 0.001562492093500363
 3 3.612300602824701 0.0001100563815805321
 4 4.645221665184761 3.867360197210968e-09
 5 8.335110761434377 0.000000000000000
 6 9.376042518217538 0.000000000000000
 7 11.14355280234442 0.000000000000000
 8 13.28305273205134 0.000000000000000
 9 14.37232049548691 0.000000000000000
 10 15.72911900510837 0.000000000000000
 11 16.77781567041156 0.000000000000000
 12 17.09765508333106 0.000000000000000

 spin=1 k-point=1068/1284 Cartesian=0.1363183149498352 0.2136235572576441 -0.07676364473785301 (3778 plane wave)
 1 1.901099385851906 0.001562499236780311
 2 2.749075341630717 0.001558832729252868
 3 3.435007502435611 0.0004820522061137667
 4 4.275453198631516 1.560474809225481e-07
 5 6.819448496186211 0.000000000000000
 6 7.874073875203560 0.000000000000000
 7 11.90688401122454 0.000000000000000
 8 13.02671556714562 0.000000000000000
 9 15.14701682965511 0.000000000000000
 10 16.12277798835421 0.000000000000000
 11 16.98801265203355 0.000000000000000
 12 17.95743609299684 0.000000000000000

 spin=1 k-point=1069/1284 Cartesian=0.1168442699570017 0.2023802121388207 -0.07676364473785301 (3780 plane wave)
 1 2.800954706233275 0.001556348802557274
 2 2.840775495950384 0.001553357526874613
 3 3.993134049767057 2.622210012137733e-06
 4 4.128712778567711 6.767023919645175e-07
 5 5.487935939249808 8.463562600516264e-13
 6 6.489614537528064 0.000000000000000
 7 12.80432437853248 0.000000000000000
 8 12.87769015152545 0.000000000000000
 9 15.00636172181220 0.000000000000000
 10 16.24925738693570 0.000000000000000
 11 16.54439090351797 0.000000000000000
 12 18.56186851427266 0.000000000000000

 spin=1 k-point=1070/1284 Cartesian=0.09737022496416814 0.1911368670199974 -0.07676364473785301 (3782 plane wave)
 1 2.776592793537072 0.001557674669988543
 2 3.520781320068135 0.0002486194604843333
 3 3.992505653836087 2.638711843906236e-06
 4 4.415168832399393 3.859330520844470e-08
 5 5.260867313342106 8.197849910014291e-12
 6 5.335251241706301 3.896319737967515e-12
 7 12.77372109499006 0.000000000000000
 8 13.79945586019322 0.000000000000000
 9 14.02226909548358 0.000000000000000
 10 16.29928059233761 0.000000000000000
 11 17.40100255111924 0.000000000000000
 12 17.41749388469142 0.000000000000000

 spin=1 k-point=1071/1284 Cartesian=0.07789617997133459 0.1798935219011741 -0.07676364473785301 (3780 plane wave)
 1 2.800954727819882 0.001556348801234667
 2 2.840775470640754 0.001553357529175000
 3 3.993134074397331 2.622209367364017e-06
 4 4.128712757908580 6.767025317048572e-07
 5 5.487935940385626 8.463562504385639e-13
 6 6.489614536119938 0.000000000000000
 7 12.80432440287607 0.000000000000000
 8 12.87769012568521 0.000000000000000
 9 15.00636172811587 0.000000000000000
 10 16.24925735977675 0.000000000000000
 11 16.54439092437648 0.000000000000000
 12 18.56186851924897 0.000000000000000

 spin=1 k-point=1072/1284 Cartesian=0.05842213497850103 0.1686501767823507 -0.07676364473785301 (3778 plane wave)
 1 1.901099395416712 0.001562499236780238
 2 2.749075282748226 0.001558832731407180
 3 3.435007592855073 0.0004820519047161676
 4 4.275453154628106 1.560475495819347e-07
 5 6.819448492269865 0.000000000000000
 6 7.874073885670640 0.000000000000000
 7 11.90688400843452 0.000000000000000
 8 13.02671554980095 0.000000000000000
 9 15.14701690422182 0.000000000000000
 10 16.12277791668019 0.000000000000000
 11 16.98801261611107 0.000000000000000
 12 17.95743616799396 0.000000000000000

 spin=1 k-point=1073/1284 Cartesian=0.03894808998566748 0.1574068316635274 -0.07676364473785301 (3792 plane wave)
 1 1.094129444309142 0.001562499999761243
 2 2.134889210586123 0.001562492093502175
 3 3.612300654173829 0.0001100563290480927
 4 4.645221627759113 3.867361644592628e-09
 5 8.335110730872616 0.000000000000000
 6 9.376042590591531 0.000000000000000
 7 11.14355275491818 0.000000000000000
 8 13.28305269469168 0.000000000000000
 9 14.37232062026470 0.000000000000000
 10 15.72911877434626 0.000000000000000
 11 16.77781615951527 0.000000000000000
 12 17.09765474206730 0.000000000000000

 spin=1 k-point=1074/1284 Cartesian=0.01947404499283394 0.1461634865447040 -0.07676364473785301 (3798 plane wave)
 1 0.4267209696629153 0.001562499999999735
 2 1.499369017763326 0.001562499986260992
 3 4.100725280297185 8.951280373072134e-07
 4 5.164310638957430 2.152981859484650e-11
 5 9.846423617863916 0.000000000000000
 6 10.39074705273868 0.000000000000000
 7 11.23646784898352 0.000000000000000
 8 13.28710816076459 0.000000000000000
 9 13.56667454584505 0.000000000000000
 10 14.45752120710172 0.000000000000000
 11 15.48358402341715 0.000000000000000
 12 17.45786939737516 0.000000000000000

 spin=1 k-point=1075/1284 Cartesian=0.000000000000000 -0.1124334511882329 0.07676364473785349 (3795 plane wave)
 1 -0.9176495782990040 0.001562500000000037
 2 0.1729813885782944 0.001562500000000013
 3 6.301798034043220 0.000000000000000
 4 7.351310374766483 0.000000000000000
 5 9.023276180725734 0.000000000000000
 6 11.77067631976935 0.000000000000000
 7 11.97953403542398 0.000000000000000
 8 12.87442938129539 0.000000000000000
 9 13.34145243439352 0.000000000000000
 10 14.16740889615742 0.000000000000000
 11 16.58686060874410 0.000000000000000
 12 19.58452554940843 0.000000000000000

 spin=1 k-point=1076/1284 Cartesian=0.01947404499283394 -0.1011901060694093 0.07676364473785349 (3798 plane wave)
 1 -1.217550481767820 0.001562500000000037
 2 -0.1253985556982850 0.001562500000000036
 3 7.164314686462992 0.000000000000000
 4 8.117676898480230 0.000000000000000
 5 8.850099140556722 0.000000000000000
 6 10.76958800808937 0.000000000000000
 7 11.74756077039524 0.000000000000000
 8 12.21031148948227 0.000000000000000
 9 14.68648298648599 0.000000000000000
 10 15.64842735267240 0.000000000000000
 11 17.43667798497297 0.000000000000000
 12 20.23184928172214 0.000000000000000

 spin=1 k-point=1077/1284 Cartesian=0.03894808998566748 -0.08994676095058601 0.07676364473785349 (3792 plane wave)
 1 -1.367582750021570 0.001562500000000037
 2 -0.2747668111229362 0.001562500000000036
 3 8.032062131245736 0.000000000000000
 4 8.521641533955064 0.000000000000000
 5 9.161577382477079 0.000000000000000
 6 9.789066813383696 0.000000000000000
 7 10.66225735156301 0.000000000000000
 8 11.96092109883567 0.000000000000000
 9 16.77479852965711 0.000000000000000
 10 17.61301300242679 0.000000000000000
 11 18.46648657313795 0.000000000000000
 12 19.02234795919419 0.000000000000000

 spin=1 k-point=1078/1284 Cartesian=0.05842213497850103 -0.07870341583176267 0.07676364473785349 (3792 plane wave)
 1 -1.367582750148875 0.001562500000000037
 2 -0.2747668108212353 0.001562500000000036
 3 8.032061931257815 0.000000000000000
 4 8.521641887808290 0.000000000000000
 5 9.161577446057912 0.000000000000000
 6 9.789066385598728 0.000000000000000
 7 10.66225759185895 0.000000000000000
 8 11.96092107174613 0.000000000000000
 9 16.77479839293472 0.000000000000000
 10 17.61301326551402 0.000000000000000
 11 18.46648648273936 0.000000000000000
 12 19.02234815289578 0.000000000000000

 spin=1 k-point=1079/1284 Cartesian=0.07789617997133459 -0.06746007071293933 0.07676364473785349 (3798 plane wave)
 1 -1.217550482161921 0.001562500000000037
 2 -0.1253985547473876 0.001562500000000036
 3 7.164314582570569 0.000000000000000
 4 8.117677171972831 0.000000000000000
 5 8.850098993007702 0.000000000000000
 6 10.76958783423763 0.000000000000000
 7 11.74756105495738 0.000000000000000
 8 12.21031136159256 0.000000000000000
 9 14.68648288514131 0.000000000000000
 10 15.64842754308330 0.000000000000000
 11 17.43667784618415 0.000000000000000
 12 20.23184933553652 0.000000000000000

 spin=1 k-point=1080/1284 Cartesian=0.09737022496416814 -0.05621672559411599 0.07676364473785349 (3795 plane wave)
 1 -0.9176495789976903 0.001562500000000037
 2 0.1729813903312260 0.001562500000000013
 3 6.301797972898055 0.000000000000000
 4 7.351310486014938 0.000000000000000
 5 9.023276133480024 0.000000000000000
 6 11.77067631735982 0.000000000000000
 7 11.97953396427688 0.000000000000000
 8 12.87442937907345 0.000000000000000
 9 13.34145241388440 0.000000000000000
 10 14.16740908523820 0.000000000000000
 11 16.58686046105411 0.000000000000000
 12 19.58452561534142 0.000000000000000

 spin=1 k-point=1081/1284 Cartesian=0.1168442699570017 -0.04497338047529265 0.07676364473785349 (3793 plane wave)
 1 -0.4682646618493565 0.001562500000000037
 2 0.6194571999832561 0.001562499999997964
 3 5.568205689090053 3.792678513994849e-13
 4 6.633271098933418 0.000000000000000
 5 9.349162813887743 0.000000000000000
 6 10.39644268764585 0.000000000000000
 7 11.46015629622393 0.000000000000000
 8 12.66788349398059 0.000000000000000
 9 14.19803881360417 0.000000000000000
 10 15.02553446156415 0.000000000000000
 11 16.13280009439251 0.000000000000000
 12 18.83399159113799 0.000000000000000

 spin=1 k-point=1082/1284 Cartesian=0.1363183149498352 -0.03373003535646932 0.07676364473785349 (3799 plane wave)
 1 0.1298329832467543 0.001562500000000021
 2 1.211864297386403 0.001562499999224970
 3 4.978016203229402 1.387097505354886e-10
 4 6.039317073162134 3.411416813362172e-15
 5 8.530066200601969 0.000000000000000
 6 9.484933642966613 0.000000000000000
 7 10.35790893432304 0.000000000000000
 8 13.23759166956153 0.000000000000000
 9 14.86204617850928 0.000000000000000
 10 16.07006467172915 0.000000000000000
 11 17.10538503223992 0.000000000000000
 12 18.06205275255010 0.000000000000000

 spin=1 k-point=1083/1284 Cartesian=0.1557923599426688 -0.02248669023764599 0.07676364473785349 (3788 plane wave)
 1 0.8750135640042284 0.001562499999973343
 2 1.944181430941982 0.001562498825771954
 3 4.537229487733281 1.138719389076534e-08
 4 5.568713387636630 3.773471932625036e-13
 5 6.982719581728970 0.000000000000000
 6 8.014876926029331 0.000000000000000
 7 10.91365470094870 0.000000000000000
 8 13.77737693851402 0.000000000000000
 9 14.74593724740116 0.000000000000000
 10 16.72859271109324 0.000000000000000
 11 17.53027319218801 0.000000000000000
 12 18.29850195223391 0.000000000000000

 spin=1 k-point=1084/1284 Cartesian=0.1363183149498352 0.1911368670199974 -0.07676364473785301 (3783 plane wave)
 1 1.763089152274954 0.001562499808009966
 2 2.791614015709331 0.001556895381598664
 3 4.255793875512618 1.899444970481013e-07
 4 5.091074951165761 4.478153673823894e-11
 5 5.710915326084419 9.102607173128634e-14
 6 6.568287308945052 0.000000000000000
 7 11.76732218691888 0.000000000000000
 8 13.93250006026971 0.000000000000000
 9 14.89736330983840 0.000000000000000
 10 15.69745945159318 0.000000000000000
 11 17.53262371527958 0.000000000000000
 12 18.63463686567740 0.000000000000000

 spin=1 k-point=1085/1284 Cartesian=0.1168442699570017 0.1798935219011741 -0.07676364473785301 (3782 plane wave)
 1 2.776592792626716 0.001557674670032335
 2 3.520781333314296 0.0002486194327919011
 3 3.992505628624584 2.638712508041927e-06
 4 4.415168848311187 3.859329906770834e-08
 5 5.260867283898158 8.197852323785859e-12
 6 5.335251268059976 3.896318711143944e-12
 7 12.77372109122848 0.000000000000000
 8 13.79945588722631 0.000000000000000
 9 14.02226907016372 0.000000000000000
 10 16.29928059838050 0.000000000000000
 11 17.40100258013978 0.000000000000000
 12 17.41749385053567 0.000000000000000

 spin=1 k-point=1086/1284 Cartesian=0.09737022496416814 0.1686501767823507 -0.07676364473785301 (3782 plane wave)
 1 2.776592793251184 0.001557674670002295
 2 3.520781323453912 0.0002486194534060255
 3 3.992505650013867 2.638711944593331e-06
 4 4.415168833174000 3.859330490950542e-08
 5 5.260867309054301 8.197850261522257e-12
 6 5.335251245909756 3.896319574187389e-12
 7 12.77372109346519 0.000000000000000
 8 13.79945586471964 0.000000000000000
 9 14.02226909207184 0.000000000000000
 10 16.29928059293338 0.000000000000000
 11 17.40100255645011 0.000000000000000
 12 17.41749387886536 0.000000000000000

 spin=1 k-point=1087/1284 Cartesian=0.07789617997133459 0.1574068316635274 -0.07676364473785301 (3783 plane wave)
 1 1.763089154804144 0.001562499808009961
 2 2.791614001242551 0.001556895382406563
 3 4.255793933045378 1.899443877810783e-07
 4 5.091074868773667 4.478157363470793e-11
 5 5.710915358531285 9.102604219617667e-14
 6 6.568287314786208 0.000000000000000
 7 11.76732218667910 0.000000000000000
 8 13.93250001696585 0.000000000000000
 9 14.89736341634480 0.000000000000000
 10 15.69745937940479 0.000000000000000
 11 17.53262371071410 0.000000000000000
 12 18.63463687987143 0.000000000000000

 spin=1 k-point=1088/1284 Cartesian=0.05842213497850103 0.1461634865447041 -0.07676364473785301 (3788 plane wave)
 1 0.8750135661041769 0.001562499999973343
 2 1.944181423155696 0.001562498825772046
 3 4.537229529261579 1.138718916189193e-08
 4 5.568713338326615 3.773473793325576e-13
 5 6.982719567379410 0.000000000000000
 6 8.014876967292150 0.000000000000000
 7 10.91365468540993 0.000000000000000
 8 13.77737688025181 0.000000000000000
 9 14.74593735454670 0.000000000000000
 10 16.72859269278689 0.000000000000000
 11 17.53027296891617 0.000000000000000
 12 18.29850223493744 0.000000000000000

 spin=1 k-point=1089/1284 Cartesian=0.03894808998566748 0.1349201414258807 -0.07676364473785301 (3799 plane wave)
 1 0.1298329847840267 0.001562500000000021
 2 1.211864292753873 0.001562499999224970
 3 4.978016242711014 1.387096957706440e-10
 4 6.039317024641093 3.411418468617913e-15
 5 8.530066108111102 0.000000000000000
 6 9.484933911006891 0.000000000000000
 7 10.35790876116102 0.000000000000000
 8 13.23759164432894 0.000000000000000
 9 14.86204632592822 0.000000000000000
 10 16.07006438732644 0.000000000000000
 11 17.10538531024834 0.000000000000000
 12 18.06205264198364 0.000000000000000

 spin=1 k-point=1090/1284 Cartesian=-0.01947404499283316 -0.1236767963070560 0.07676364473785349 (3793 plane wave)
 1 -0.4682646607793594 0.001562500000000037
 2 0.6194571971095929 0.001562499999997964
 3 5.568205734202174 3.792676803037125e-13
 4 6.633271034302241 0.000000000000000
 5 9.349162760000521 0.000000000000000
 6 10.39644291367429 0.000000000000000
 7 11.46015610771160 0.000000000000000
 8 12.66788352353982 0.000000000000000
 9 14.19803900625837 0.000000000000000
 10 15.02553402151823 0.000000000000000
 11 16.13280041479634 0.000000000000000
 12 18.83399150528976 0.000000000000000

 spin=1 k-point=1091/1284 Cartesian=0.000000000000000 -0.08994676095058625 0.07676364473785349 (3804 plane wave)
 1 -1.592896548551329 0.001562500000000037
 2 -0.4994243329786963 0.001562500000000037
 3 7.812497810645324 0.000000000000000
 4 8.363284494866372 0.000000000000000
 5 9.252741890551375 0.000000000000000
 6 11.47560413454740 0.000000000000000
 7 12.30101959222645 0.000000000000000
 8 13.40462639827278 0.000000000000000
 9 13.76841767371195 0.000000000000000
 10 14.70920219402609 0.000000000000000
 11 18.15708987199050 0.000000000000000
 12 21.16134334028916 0.000000000000000

 spin=1 k-point=1092/1284 Cartesian=0.01947404499283394 -0.07870341583176269 0.07676364473785349 (3806 plane wave)
 1 -1.818237923140398 0.001562500000000037
 2 -0.7240852167387527 0.001562500000000037
 3 7.910513926968540 0.000000000000000
 4 9.056055153812409 0.000000000000000
 5 10.10583091880029 0.000000000000000
 6 11.06382381374432 0.000000000000000
 7 11.75131028869021 0.000000000000000
 8 12.59042059682388 0.000000000000000
 9 15.27368087518937 0.000000000000000
 10 16.27733292563440 0.000000000000000
 11 19.03746638474585 0.000000000000000
 12 19.89342707862431 0.000000000000000

 spin=1 k-point=1093/1284 Cartesian=0.03894808998566748 -0.06746007071293936 0.07676364473785349 (3802 plane wave)
 1 -1.893372100439458 0.001562500000000037
 2 -0.7990083174519892 0.001562500000000037
 3 7.874116337095209 0.000000000000000
 4 9.989508392094006 0.000000000000000
 5 10.13980795472789 0.000000000000000
 6 10.89003470228257 0.000000000000000
 7 11.44659592285613 0.000000000000000
 8 11.79836161995083 0.000000000000000
 9 17.26382190129478 0.000000000000000
 10 17.55532891617584 0.000000000000000
 11 18.51126371092453 0.000000000000000
 12 18.55522975665091 0.000000000000000

 spin=1 k-point=1094/1284 Cartesian=0.05842213497850103 -0.05621672559411602 0.07676364473785349 (3806 plane wave)
 1 -1.818237923271020 0.001562500000000037
 2 -0.7240852164338449 0.001562500000000037
 3 7.910513873579717 0.000000000000000
 4 9.056055320136949 0.000000000000000
 5 10.10583079814469 0.000000000000000
 6 11.06382370064207 0.000000000000000
 7 11.75131043897290 0.000000000000000
 8 12.59042057137850 0.000000000000000
 9 15.27368081071763 0.000000000000000
 10 16.27733301508770 0.000000000000000
 11 19.03746636352273 0.000000000000000
 12 19.89342710125129 0.000000000000000

 spin=1 k-point=1095/1284 Cartesian=0.07789617997133459 -0.04497338047529267 0.07676364473785349 (3804 plane wave)
 1 -1.592896548812884 0.001562500000000037
 2 -0.4994243323527906 0.001562500000000037
 3 7.812497592578093 0.000000000000000
 4 8.363284900720489 0.000000000000000
 5 9.252741689053201 0.000000000000000
 6 11.47560413702392 0.000000000000000
 7 12.30101958958235 0.000000000000000
 8 13.40462639592394 0.000000000000000
 9 13.76841761530130 0.000000000000000
 10 14.70920230760043 0.000000000000000
 11 18.15708979722126 0.000000000000000
 12 21.16134337559030 0.000000000000000

 spin=1 k-point=1096/1284 Cartesian=0.09737022496416814 -0.03373003535646934 0.07676364473785349 (3798 plane wave)
 1 -1.217550482112330 0.001562500000000037
 2 -0.1253985547089384 0.001562500000000036
 3 7.164314582644871 0.000000000000000
 4 8.117677170839643 0.000000000000000
 5 8.850098993846226 0.000000000000000
 6 10.76958783609517 0.000000000000000
 7 11.74756105247357 0.000000000000000
 8 12.21031136107850 0.000000000000000
 9 14.68648288529737 0.000000000000000
 10 15.64842754486423 0.000000000000000
 11 17.43667784465557 0.000000000000000
 12 20.23184934235735 0.000000000000000

 spin=1 k-point=1097/1284 Cartesian=0.1168442699570017 -0.02248669023764600 0.07676364473785349 (3794 plane wave)
 1 -0.6926163981635957 0.001562500000000037
 2 0.3971581947736978 0.001562499999999812
 3 6.519122011066340 0.000000000000000
 4 7.552644004335711 0.000000000000000
 5 8.728952866808065 0.000000000000000
 6 9.391766715381793 0.000000000000000
 7 10.23958781182064 0.000000000000000
 8 12.53173555629921 0.000000000000000
 9 16.04444265504530 0.000000000000000
 10 16.65237713256889 0.000000000000000
 11 17.57286411982537 0.000000000000000
 12 18.82181051650546 0.000000000000000

 spin=1 k-point=1098/1284 Cartesian=0.1363183149498352 -0.01124334511882266 0.07676364473785349 (3798 plane wave)
 1 -0.01892647579621881 0.001562500000000033
 2 1.066312543408550 0.001562499999819230
 3 5.997225341506824 5.196810710177861e-15
 4 6.887274871221012 0.000000000000000
 5 7.409404549235929 0.000000000000000
 6 8.286722708686206 0.000000000000000
 7 10.10497025880933 0.000000000000000
 8 13.15042786662374 0.000000000000000
 9 15.96771545279010 0.000000000000000
 10 17.09652611600331 0.000000000000000
 11 18.08078311139926 0.000000000000000
 12 19.13759995491169 0.000000000000000

 spin=1 k-point=1099/1284 Cartesian=0.1557923599426688 0.000000000000000 0.07676364473785349 (3782 plane wave)
 1 0.8016283833428490 0.001562499999987222
 2 1.876285606379085 0.001562499404495970
 3 5.569813491037729 3.732187332460088e-13
 4 5.617842634369375 2.308742322432961e-13
 5 6.781495221919022 0.000000000000000
 6 6.845178341459341 0.000000000000000
 7 10.83758214647226 0.000000000000000
 8 13.84654527145474 0.000000000000000
 9 15.59622104388263 0.000000000000000
 10 15.75266167945028 0.000000000000000
 11 18.64530345023659 0.000000000000000
 12 18.96483636659124 0.000000000000000

 spin=1 k-point=1100/1284 Cartesian=0.1363183149498352 0.1686501767823507 -0.07676364473785301 (3783 plane wave)
 1 1.763089154966194 0.001562499808009961
 2 2.791614002665579 0.001556895382327094
 3 4.255793929334126 1.899443948295390e-07
 4 5.091074873197374 4.478157165370183e-11
 5 5.710915353861078 9.102604644728230e-14
 6 6.568287316872230 0.000000000000000
 7 11.76732218583637 0.000000000000000
 8 13.93250002229080 0.000000000000000
 9 14.89736340539360 0.000000000000000
 10 15.69745938941922 0.000000000000000
 11 17.53262370908068 0.000000000000000
 12 18.63463687194126 0.000000000000000

 spin=1 k-point=1101/1284 Cartesian=0.1168442699570017 0.1574068316635274 -0.07676364473785301 (3780 plane wave)
 1 2.800954702561477 0.001556348802782245
 2 2.840775500588832 0.001553357526453025
 3 3.993134046548815 2.622210096385200e-06
 4 4.128712782122461 6.767023679198504e-07
 5 5.487935937524369 8.463562746549994e-13
 6 6.489614537686133 0.000000000000000
 7 12.80432437336152 0.000000000000000
 8 12.87769015568201 0.000000000000000
 9 15.00636172274817 0.000000000000000
 10 16.24925739194278 0.000000000000000
 11 16.54439089736455 0.000000000000000
 12 18.56186851399126 0.000000000000000

 spin=1 k-point=1102/1284 Cartesian=0.09737022496416814 0.1461634865447041 -0.07676364473785301 (3783 plane wave)
 1 1.763089152388329 0.001562499808009965
 2 2.791614014754698 0.001556895381651975
 3 4.255793878082920 1.899444921665460e-07
 4 5.091074951553724 4.478153656450312e-11
 5 5.710915324342506 9.102607331688256e-14
 6 6.568287308422871 0.000000000000000
 7 11.76732218762076 0.000000000000000
 8 13.93250005182176 0.000000000000000
 9 14.89736332569323 0.000000000000000
 10 15.69745944140083 0.000000000000000
 11 17.53262371387055 0.000000000000000
 12 18.63463687005309 0.000000000000000

 spin=1 k-point=1103/1284 Cartesian=0.07789617997133459 0.1349201414258807 -0.07676364473785301 (3782 plane wave)
 1 0.8016283832896539 0.001562499999987222
 2 1.876285606051616 0.001562499404495972
 3 5.569813515118372 3.732186433725254e-13
 4 5.617842610831109 2.308742865871067e-13
 5 6.781495245679553 0.000000000000000
 6 6.845178317629802 0.000000000000000
 7 10.83758214704283 0.000000000000000
 8 13.84654526758414 0.000000000000000
 9 15.59622106837357 0.000000000000000
 10 15.75266165683785 0.000000000000000
 11 18.64530343141111 0.000000000000000
 12 18.96483639386676 0.000000000000000

 spin=1 k-point=1104/1284 Cartesian=0.05842213497850103 0.1236767963070574 -0.07676364473785301 (3798 plane wave)
 1 -0.01892647535044758 0.001562500000000033
 2 1.066312541955836 0.001562499999819230
 3 5.997225388540043 5.196808265950506e-15
 4 6.887274798505442 0.000000000000000
 5 7.409404501376678 0.000000000000000
 6 8.286722814744651 0.000000000000000
 7 10.10497022515611 0.000000000000000
 8 13.15042785832160 0.000000000000000
 9 15.96771551165170 0.000000000000000
 10 17.09652610426524 0.000000000000000
 11 18.08078290976241 0.000000000000000
 12 19.13760028923368 0.000000000000000

 spin=1 k-point=1105/1284 Cartesian=-0.03894808998566670 -0.1124334511882327 0.07676364473785349 (3794 plane wave)
 1 -0.6926163976843116 0.001562500000000037
 2 0.3971581934642324 0.001562499999999812
 3 6.519122070976502 0.000000000000000
 4 7.552643904028628 0.000000000000000
 5 8.728952636777803 0.000000000000000
 6 9.391767243000887 0.000000000000000
 7 10.23958754143998 0.000000000000000
 8 12.53173555991968 0.000000000000000
 9 16.04444293397670 0.000000000000000
 10 16.65237663818085 0.000000000000000
 11 17.57286439972418 0.000000000000000
 12 18.82181045981811 0.000000000000000

 spin=1 k-point=1106/1284 Cartesian=-0.01947404499283316 -0.1011901060694094 0.07676364473785349 (3798 plane wave)
 1 -1.217550481725612 0.001562500000000037
 2 -0.1253985556794517 0.001562500000000036
 3 7.164314686390878 0.000000000000000
 4 8.117676898233336 0.000000000000000
 5 8.850099140865387 0.000000000000000
 6 10.76958801215100 0.000000000000000
 7 11.74756076559715 0.000000000000000
 8 12.21031148777619 0.000000000000000
 9 14.68648298758208 0.000000000000000
 10 15.64842735487370 0.000000000000000
 11 17.43667798291565 0.000000000000000
 12 20.23184928223992 0.000000000000000

 spin=1 k-point=1107/1284 Cartesian=0.000000000000000 -0.06746007071293957 0.07676364473785349 (3794 plane wave)
 1 -2.118886451336232 0.001562500000000037
 2 -1.023998619011592 0.001562500000000037
 3 7.676890297022622 0.000000000000000
 4 9.870778127173050 0.000000000000000
 5 10.84034026855609 0.000000000000000
 6 11.25001478130067 0.000000000000000
 7 12.98232215853675 0.000000000000000
 8 14.08571774108662 0.000000000000000
 9 14.38291552117810 0.000000000000000
 10 15.35552764901952 0.000000000000000
 11 19.87191028472128 0.000000000000000
 12 20.27564712298355 0.000000000000000

 spin=1 k-point=1108/1284 Cartesian=0.01947404499283394 -0.05621672559411600 0.07676364473785349 (3797 plane wave)
 1 -2.269266722097704 0.001562500000000037
 2 -1.174048083715473 0.001562500000000037
 3 7.547661316924467 0.000000000000000
 4 10.55136087058853 0.000000000000000
 5 11.17758243774670 0.000000000000000
 6 11.87430754566330 0.000000000000000
 7 12.47548095724463 0.000000000000000
 8 13.30852498971978 0.000000000000000
 9 15.97300182174814 0.000000000000000
 10 16.96021953961647 0.000000000000000
 11 18.35813012431631 0.000000000000000
 12 19.30428144533895 0.000000000000000

 spin=1 k-point=1109/1284 Cartesian=0.03894808998566748 -0.04497338047529267 0.07676364473785349 (3797 plane wave)
 1 -2.269266722128544 0.001562500000000037
 2 -1.174048083643192 0.001562500000000037
 3 7.547661313440401 0.000000000000000
 4 10.55136094733706 0.000000000000000
 5 11.17758231220312 0.000000000000000
 6 11.87430760090695 0.000000000000000
 7 12.47548095145330 0.000000000000000
 8 13.30852499563490 0.000000000000000
 9 15.97300178100154 0.000000000000000
 10 16.96021956490971 0.000000000000000
 11 18.35813021800940 0.000000000000000
 12 19.30428136207038 0.000000000000000

 spin=1 k-point=1110/1284 Cartesian=0.05842213497850103 -0.03373003535646933 0.07676364473785349 (3794 plane wave)
 1 -2.118886451423855 0.001562500000000037
 2 -1.023998618801337 0.001562500000000037
 3 7.676890282429619 0.000000000000000
 4 9.870778252628563 0.000000000000000
 5 10.84033997045930 0.000000000000000
 6 11.25001497427765 0.000000000000000
 7 12.98232215548341 0.000000000000000
 8 14.08571773849801 0.000000000000000
 9 14.38291545870055 0.000000000000000
 10 15.35552772445251 0.000000000000000
 11 19.87191027224405 0.000000000000000
 12 20.27564712200261 0.000000000000000

 spin=1 k-point=1111/1284 Cartesian=0.07789617997133459 -0.02248669023764599 0.07676364473785349 (3806 plane wave)
 1 -1.818237923232759 0.001562500000000037
 2 -0.7240852164073910 0.001562500000000037
 3 7.910513874160293 0.000000000000000
 4 9.056055318296339 0.000000000000000
 5 10.10583079879186 0.000000000000000
 6 11.06382370426245 0.000000000000000
 7 11.75131043531258 0.000000000000000
 8 12.59042057077736 0.000000000000000
 9 15.27368081052505 0.000000000000000
 10 16.27733301615403 0.000000000000000
 11 19.03746636355943 0.000000000000000
 12 19.89342710082265 0.000000000000000

 spin=1 k-point=1112/1284 Cartesian=0.09737022496416814 -0.01124334511882265 0.07676364473785349 (3792 plane wave)
 1 -1.367582750058171 0.001562500000000037
 2 -0.2747668107538413 0.001562500000000036
 3 8.032061935016952 0.000000000000000
 4 8.521641879937254 0.000000000000000
 5 9.161577444971917 0.000000000000000
 6 9.789066397023376 0.000000000000000
 7 10.66225758393087 0.000000000000000
 8 11.96092107167180 0.000000000000000
 9 16.77479839316317 0.000000000000000
 10 17.61301327063010 0.000000000000000
 11 18.46648647928924 0.000000000000000
 12 19.02234814666483 0.000000000000000

 spin=1 k-point=1113/1284 Cartesian=0.1168442699570017 0.000000000000000 0.07676364473785349 (3796 plane wave)
 1 -0.7674426756133266 0.001562500000000037
 2 0.3229310703038881 0.001562499999999930
 3 7.569703775620737 0.000000000000000
 4 7.597340098193361 0.000000000000000
 5 8.437977922456266 0.000000000000000
 6 8.807787840454941 0.000000000000000
 7 9.677748690946270 0.000000000000000
 8 12.47153712563258 0.000000000000000
 9 17.39492150748153 0.000000000000000
 10 17.59491808718984 0.000000000000000
 11 18.44233001679689 0.000000000000000
 12 18.61526415746503 0.000000000000000

 spin=1 k-point=1114/1284 Cartesian=0.1363183149498352 0.01124334511882402 0.07676364473785349 (3798 plane wave)
 1 -0.01892647524987308 0.001562500000000033
 2 1.066312542141004 0.001562499999819230
 3 5.997225388079975 5.196808289859389e-15
 4 6.887274800523989 0.000000000000000
 5 7.409404495797296 0.000000000000000
 6 8.286722818385829 0.000000000000000
 7 10.10497022403276 0.000000000000000
 8 13.15042786018957 0.000000000000000
 9 15.96771551251914 0.000000000000000
 10 17.09652610148423 0.000000000000000
 11 18.08078290865660 0.000000000000000
 12 19.13760029010273 0.000000000000000

 spin=1 k-point=1115/1284 Cartesian=0.1557923599426688 0.02248669023764735 0.07676364473785349 (3788 plane wave)
 1 0.8750135663383387 0.001562499999973343
 2 1.944181423672393 0.001562498825772040
 3 4.537229528282546 1.138718927337546e-08
 4 5.568713339106218 3.773473763907400e-13
 5 6.982719564715079 0.000000000000000
 6 8.014876968695347 0.000000000000000
 7 10.91365468481419 0.000000000000000
 8 13.77737688208021 0.000000000000000
 9 14.74593735407872 0.000000000000000
 10 16.72859269550405 0.000000000000000
 11 17.53027296331141 0.000000000000000
 12 18.29850223307835 0.000000000000000

 spin=1 k-point=1116/1284 Cartesian=0.1363183149498352 0.1461634865447040 -0.07676364473785301 (3778 plane wave)
 1 1.901099395849438 0.001562499236780235
 2 2.749075286236398 0.001558832731279560
 3 3.435007588307196 0.0004820519198757269
 4 4.275453155469635 1.560475482688808e-07
 5 6.819448490272180 0.000000000000000
 6 7.874073886808979 0.000000000000000
 7 11.90688400697596 0.000000000000000
 8 13.02671555075097 0.000000000000000
 9 15.14701690253963 0.000000000000000
 10 16.12277792787956 0.000000000000000
 11 16.98801260415565 0.000000000000000
 12 17.95743616677724 0.000000000000000

 spin=1 k-point=1117/1284 Cartesian=0.1168442699570017 0.1349201414258807 -0.07676364473785301 (3778 plane wave)
 1 1.901099386289034 0.001562499236780308
 2 2.749075340590682 0.001558832729290920
 3 3.435007504183933 0.0004820522002860342
 4 4.275453198738065 1.560474807562981e-07
 5 6.819448494663582 0.000000000000000
 6 7.874073874776117 0.000000000000000
 7 11.90688401182038 0.000000000000000
 8 13.02671556422321 0.000000000000000
 9 15.14701683362714 0.000000000000000
 10 16.12277798586340 0.000000000000000
 11 16.98801264857648 0.000000000000000
 12 17.95743609649156 0.000000000000000

 spin=1 k-point=1118/1284 Cartesian=0.09737022496416814 0.1236767963070574 -0.07676364473785301 (3788 plane wave)
 1 0.8750135641244127 0.001562499999973343
 2 1.944181430676576 0.001562498825771958
 3 4.537229488941126 1.138719375322675e-08
 4 5.568713388568526 3.773471897460243e-13
 5 6.982719579978167 0.000000000000000
 6 8.014876925131034 0.000000000000000
 7 10.91365470161916 0.000000000000000
 8 13.77737693221392 0.000000000000000
 9 14.74593725373292 0.000000000000000
 10 16.72859270921287 0.000000000000000
 11 17.53027318544312 0.000000000000000
 12 18.29850195972402 0.000000000000000

 spin=1 k-point=1119/1284 Cartesian=0.07789617997133459 0.1124334511882340 -0.07676364473785301 (3798 plane wave)
 1 -0.01892647577871926 0.001562500000000033
 2 1.066312543286189 0.001562499999819230
 3 5.997225342812793 5.196810642309142e-15
 4 6.887274873061389 0.000000000000000
 5 7.409404548343204 0.000000000000000
 6 8.286722705590725 0.000000000000000
 7 10.10497026011441 0.000000000000000
 8 13.15042786423148 0.000000000000000
 9 15.96771545343345 0.000000000000000
 10 17.09652611704934 0.000000000000000
 11 18.08078310592639 0.000000000000000
 12 19.13759995706831 0.000000000000000

 spin=1 k-point=1120/1284 Cartesian=-0.05842213497850025 -0.1011901060694094 0.07676364473785349 (3796 plane wave)
 1 -0.7674426756406355 0.001562500000000037
 2 0.3229310702232164 0.001562499999999930
 3 7.569703751253756 0.000000000000000
 4 7.597340123604862 0.000000000000000
 5 8.437977940154642 0.000000000000000
 6 8.807787815876072 0.000000000000000
 7 9.677748698026999 0.000000000000000
 8 12.47153712370710 0.000000000000000
 9 17.39492148623805 0.000000000000000
 10 17.59491811207366 0.000000000000000
 11 18.44233001142388 0.000000000000000
 12 18.61526415981620 0.000000000000000

 spin=1 k-point=1121/1284 Cartesian=-0.03894808998566670 -0.08994676095058601 0.07676364473785349 (3792 plane wave)
 1 -1.367582749944396 0.001562500000000037
 2 -0.2747668110928765 0.001562500000000036
 3 8.032062131845510 0.000000000000000
 4 8.521641533768213 0.000000000000000
 5 9.161577381048716 0.000000000000000
 6 9.789066817823636 0.000000000000000
 7 10.66225734850918 0.000000000000000
 8 11.96092109619426 0.000000000000000
 9 16.77479852951863 0.000000000000000
 10 17.61301300699599 0.000000000000000
 11 18.46648656661696 0.000000000000000
 12 19.02234795894760 0.000000000000000

 spin=1 k-point=1122/1284 Cartesian=-0.01947404499283316 -0.07870341583176267 0.07676364473785349 (3806 plane wave)
 1 -1.818237923107194 0.001562500000000037
 2 -0.7240852167268286 0.001562500000000037
 3 7.910513927241865 0.000000000000000
 4 9.056055153562754 0.000000000000000
 5 10.10583091808240 0.000000000000000
 6 11.06382382025674 0.000000000000000
 7 11.75131028129816 0.000000000000000
 8 12.59042059682017 0.000000000000000
 9 15.27368087557838 0.000000000000000
 10 16.27733292573944 0.000000000000000
 11 19.03746638374893 0.000000000000000
 12 19.89342707967609 0.000000000000000

 spin=1 k-point=1123/1284 Cartesian=0.000000000000000 -0.04497338047529290 0.07676364473785349 (3791 plane wave)
 1 -2.494915044939694 0.001562500000000037
 2 -1.399254890231085 0.001562500000000037
 3 7.340890266863470 0.000000000000000
 4 10.52515687120178 0.000000000000000
 5 12.00879743179988 0.000000000000000
 6 13.01750558131915 0.000000000000000
 7 13.81340496991858 0.000000000000000
 8 14.91650498735445 0.000000000000000
 9 15.13015188452465 0.000000000000000
 10 16.09482097582551 0.000000000000000
 11 18.68972225601235 0.000000000000000
 12 19.78377543286462 0.000000000000000

 spin=1 k-point=1124/1284 Cartesian=0.01947404499283394 -0.03373003535646933 0.07676364473785349 (3782 plane wave)
 1 -2.570148087571986 0.001562500000000037
 2 -1.474350649901313 0.001562500000000037
 3 7.270937502725302 0.000000000000000
 4 10.48108948306481 0.000000000000000
 5 12.98538207827748 0.000000000000000
 6 13.06705766009823 0.000000000000000
 7 14.14685445119488 0.000000000000000
 8 14.21398716759753 0.000000000000000
 9 16.58397527657082 0.000000000000000
 10 16.88904964513048 0.000000000000000
 11 17.82305174177647 0.000000000000000
 12 18.06913136931173 0.000000000000000

 spin=1 k-point=1125/1284 Cartesian=0.03894808998566748 -0.02248669023764600 0.07676364473785349 (3791 plane wave)
 1 -2.494915044961821 0.001562500000000037
 2 -1.399254890174899 0.001562500000000037
 3 7.340890265178619 0.000000000000000
 4 10.52515688446785 0.000000000000000
 5 12.00879740091163 0.000000000000000
 6 13.01750561852353 0.000000000000000
 7 13.81340496604932 0.000000000000000
 8 14.91650498429045 0.000000000000000
 9 15.13015182638425 0.000000000000000
 10 16.09482101683570 0.000000000000000
 11 18.68972225633564 0.000000000000000
 12 19.78377543153939 0.000000000000000

 spin=1 k-point=1126/1284 Cartesian=0.05842213497850103 -0.01124334511882266 0.07676364473785349 (3797 plane wave)
 1 -2.269266722100753 0.001562500000000037
 2 -1.174048083627011 0.001562500000000037
 3 7.547661313658063 0.000000000000000
 4 10.55136094370387 0.000000000000000
 5 11.17758231823965 0.000000000000000
 6 11.87430759929066 0.000000000000000
 7 12.47548095030102 0.000000000000000
 8 13.30852499426365 0.000000000000000
 9 15.97300178030777 0.000000000000000
 10 16.96021956500556 0.000000000000000
 11 18.35813022038841 0.000000000000000
 12 19.30428136346974 0.000000000000000

 spin=1 k-point=1127/1284 Cartesian=0.07789617997133459 0.000000000000000 0.07676364473785349 (3802 plane wave)
 1 -1.893372100371442 0.001562500000000037
 2 -0.7990083174078981 0.001562500000000037
 3 7.874116338007481 0.000000000000000
 4 9.989508363078587 0.000000000000000
 5 10.13980798108815 0.000000000000000
 6 10.89003472082769 0.000000000000000
 7 11.44659589453000 0.000000000000000
 8 11.79836162914569 0.000000000000000
 9 17.26382190235615 0.000000000000000
 10 17.55532891408010 0.000000000000000
 11 18.51126371616557 0.000000000000000
 12 18.55522976053538 0.000000000000000

 spin=1 k-point=1128/1284 Cartesian=0.09737022496416814 0.01124334511882402 0.07676364473785349 (3792 plane wave)
 1 -1.367582749895749 0.001562500000000037
 2 -0.2747668110331091 0.001562500000000036
 3 8.032062137801566 0.000000000000000
 4 8.521641522067823 0.000000000000000
 5 9.161577382162660 0.000000000000000
 6 9.789066826249702 0.000000000000000
 7 10.66225734144249 0.000000000000000
 8 11.96092109879451 0.000000000000000
 9 16.77479853116257 0.000000000000000
 10 17.61301300602918 0.000000000000000
 11 18.46648657396569 0.000000000000000
 12 19.02234795232068 0.000000000000000

 spin=1 k-point=1129/1284 Cartesian=0.1168442699570017 0.02248669023764735 0.07676364473785349 (3794 plane wave)
 1 -0.6926163975699988 0.001562500000000037
 2 0.3971581935901778 0.001562499999999812
 3 6.519122071453001 0.000000000000000
 4 7.552643904146914 0.000000000000000
 5 8.728952630192961 0.000000000000000
 6 9.391767250429657 0.000000000000000
 7 10.23958753721719 0.000000000000000
 8 12.53173556188367 0.000000000000000
 9 16.04444293533522 0.000000000000000
 10 16.65237663481862 0.000000000000000
 11 17.57286440184552 0.000000000000000
 12 18.82181046551572 0.000000000000000

 spin=1 k-point=1130/1284 Cartesian=0.1363183149498352 0.03373003535647069 0.07676364473785349 (3799 plane wave)
 1 0.1298329850121690 0.001562500000000021
 2 1.211864293040911 0.001562499999224970
 3 4.978016242447113 1.387096961367006e-10
 4 6.039317024889369 3.411418460148178e-15
 5 8.530066104113043 0.000000000000000
 6 9.484933914384348 0.000000000000000
 7 10.35790875897885 0.000000000000000
 8 13.23759164605602 0.000000000000000
 9 14.86204632650248 0.000000000000000
 10 16.07006438344897 0.000000000000000
 11 17.10538531191122 0.000000000000000
 12 18.06205264974201 0.000000000000000

 spin=1 k-point=1131/1284 Cartesian=0.1557923599426688 0.04497338047529402 0.07676364473785349 (3792 plane wave)
 1 1.094129444764152 0.001562499999761243
 2 2.134889211623275 0.001562492093502094
 3 3.612300652858196 0.0001100563303940433
 4 4.645221627835200 3.867361641650066e-09
 5 8.335110727976481 0.000000000000000
 6 9.376042592107940 0.000000000000000
 7 11.14355275379663 0.000000000000000
 8 13.28305269389185 0.000000000000000
 9 14.37232062483856 0.000000000000000
 10 15.72911876570044 0.000000000000000
 11 16.77781616495534 0.000000000000000
 12 17.09765474707608 0.000000000000000

 spin=1 k-point=1132/1284 Cartesian=0.1363183149498352 0.1236767963070574 -0.07676364473785301 (3796 plane wave)
 1 2.147558679979436 0.001562491025574036
 2 2.163017296365697 0.001562489525285448
 3 3.421603353360983 0.0005278393103458676
 4 3.461700175992565 0.0003978783513396820
 5 8.266216135664324 0.000000000000000
 6 9.320298012258691 0.000000000000000
 7 12.14828021076696 0.000000000000000
 8 12.20706245770727 0.000000000000000
 9 15.02800938397776 0.000000000000000
 10 15.32432146674706 0.000000000000000
 11 16.40357188728950 0.000000000000000
 12 16.85643606695335 0.000000000000000

 spin=1 k-point=1133/1284 Cartesian=0.1168442699570017 0.1124334511882340 -0.07676364473785301 (3792 plane wave)
 1 1.094129439480593 0.001562499999761243
 2 2.134889233166924 0.001562492093500390
 3 3.612300603948414 0.0001100563804309232
 4 4.645221665356410 3.867360190572665e-09
 5 8.335110759695951 0.000000000000000
 6 9.376042516977915 0.000000000000000
 7 11.14355280313085 0.000000000000000
 8 13.28305272769830 0.000000000000000
 9 14.37232049807148 0.000000000000000
 10 15.72911900220233 0.000000000000000
 11 16.77781567507127 0.000000000000000
 12 17.09765508518340 0.000000000000000

 spin=1 k-point=1134/1284 Cartesian=0.09737022496416814 0.1011901060694107 -0.07676364473785301 (3799 plane wave)
 1 0.1298329833846844 0.001562500000000021
 2 1.211864297298464 0.001562499999224970
 3 4.978016204278892 1.387097490797436e-10
 4 6.039317073850236 3.411416789888143e-15
 5 8.530066199006756 0.000000000000000
 6 9.484933640051592 0.000000000000000
 7 10.35790893636391 0.000000000000000
 8 13.23759166621256 0.000000000000000
 9 14.86204617928385 0.000000000000000
 10 16.07006467066644 0.000000000000000
 11 17.10538503638126 0.000000000000000
 12 18.06205275173703 0.000000000000000

 spin=1 k-point=1135/1284 Cartesian=-0.07789617997133380 -0.08994676095058601 0.07676364473785349 (3794 plane wave)
 1 -0.6926163981046515 0.001562500000000037
 2 0.3971581947281008 0.001562499999999812
 3 6.519122012350287 0.000000000000000
 4 7.552644006140332 0.000000000000000
 5 8.728952866425876 0.000000000000000
 6 9.391766709000652 0.000000000000000
 7 10.23958781534805 0.000000000000000
 8 12.53173555409959 0.000000000000000
 9 16.04444265355661 0.000000000000000
 10 16.65237713092220 0.000000000000000
 11 17.57286412626157 0.000000000000000
 12 18.82181051424404 0.000000000000000

 spin=1 k-point=1136/1284 Cartesian=-0.05842213497850025 -0.07870341583176269 0.07676364473785349 (3792 plane wave)
 1 -1.367582750041901 0.001562500000000037
 2 -0.2747668107881229 0.001562500000000036
 3 8.032061934521103 0.000000000000000
 4 8.521641885481309 0.000000000000000
 5 9.161577446705316 0.000000000000000
 6 9.789066385147027 0.000000000000000
 7 10.66225759029221 0.000000000000000
 8 11.96092106910715 0.000000000000000
 9 16.77479839186812 0.000000000000000
 10 17.61301326707853 0.000000000000000
 11 18.46648648324404 0.000000000000000
 12 19.02234815230021 0.000000000000000

 spin=1 k-point=1137/1284 Cartesian=-0.03894808998566670 -0.06746007071293934 0.07676364473785349 (3802 plane wave)
 1 -1.893372100379786 0.001562500000000037
 2 -0.7990083174354140 0.001562500000000037
 3 7.874116337695344 0.000000000000000
 4 9.989508390259534 0.000000000000000
 5 10.13980795844488 0.000000000000000
 6 10.89003470332819 0.000000000000000
 7 11.44659591802314 0.000000000000000
 8 11.79836161908286 0.000000000000000
 9 17.26382189662888 0.000000000000000
 10 17.55532891716223 0.000000000000000
 11 18.51126371800953 0.000000000000000
 12 18.55522975648754 0.000000000000000

 spin=1 k-point=1138/1284 Cartesian=-0.01947404499283316 -0.05621672559411601 0.07676364473785349 (3797 plane wave)
 1 -2.269266722072508 0.001562500000000037
 2 -1.174048083710275 0.001562500000000037
 3 7.547661317092061 0.000000000000000
 4 10.55136087104710 0.000000000000000
 5 11.17758243920249 0.000000000000000
 6 11.87430754389008 0.000000000000000
 7 12.47548095578265 0.000000000000000
 8 13.30852498990029 0.000000000000000
 9 15.97300182116622 0.000000000000000
 10 16.96021953669306 0.000000000000000
 11 18.35813012820467 0.000000000000000
 12 19.30428144733549 0.000000000000000

 spin=1 k-point=1139/1284 Cartesian=0.000000000000000 -0.02248669023764622 0.07676364473785349 (3784 plane wave)
 1 -2.720640173760041 0.001562500000000037
 2 -1.624583637943257 0.001562500000000037
 3 7.129318911301119 0.000000000000000
 4 10.36318309263903 0.000000000000000
 5 14.04852795066975 0.000000000000000
 6 14.78863966413696 0.000000000000000
 7 15.05914635324861 0.000000000000000
 8 15.89134189818359 0.000000000000000
 9 15.92986219995337 0.000000000000000
 10 16.82691976049005 0.000000000000000
 11 17.26111986325749 0.000000000000000
 12 18.35951849322022 0.000000000000000

 spin=1 k-point=1140/1284 Cartesian=0.01947404499283394 -0.01124334511882265 0.07676364473785349 (3784 plane wave)
 1 -2.720640173762893 0.001562500000000037
 2 -1.624583637935088 0.001562500000000037
 3 7.129318911172150 0.000000000000000
 4 10.36318309298151 0.000000000000000
 5 14.04852794464491 0.000000000000000
 6 14.78863965789591 0.000000000000000
 7 15.05914640030049 0.000000000000000
 8 15.89134189383189 0.000000000000000
 9 15.92986215059883 0.000000000000000
 10 16.82691974523934 0.000000000000000
 11 17.26111986504830 0.000000000000000
 12 18.35951849543870 0.000000000000000

 spin=1 k-point=1141/1284 Cartesian=0.03894808998566748 0.000000000000000 0.07676364473785349 (3782 plane wave)
 1 -2.570148087554020 0.001562500000000037
 2 -1.474350649894531 0.001562500000000037
 3 7.270937502849400 0.000000000000000
 4 10.48108948263758 0.000000000000000
 5 12.98538210923921 0.000000000000000
 6 13.06705762831734 0.000000000000000
 7 14.14685448151165 0.000000000000000
 8 14.21398713523743 0.000000000000000
 9 16.58397527628368 0.000000000000000
 10 16.88904964503700 0.000000000000000
 11 17.82305174558877 0.000000000000000
 12 18.06913137113719 0.000000000000000

 spin=1 k-point=1142/1284 Cartesian=0.05842213497850103 0.01124334511882402 0.07676364473785349 (3797 plane wave)
 1 -2.269266722050693 0.001562500000000037
 2 -1.174048083691785 0.001562500000000037
 3 7.547661317328583 0.000000000000000
 4 10.55136086527124 0.000000000000000
 5 11.17758244711933 0.000000000000000
 6 11.87430754509026 0.000000000000000
 7 12.47548095195008 0.000000000000000
 8 13.30852498663032 0.000000000000000
 9 15.97300182468899 0.000000000000000
 10 16.96021954089861 0.000000000000000
 11 18.35813012445337 0.000000000000000
 12 19.30428144780808 0.000000000000000

 spin=1 k-point=1143/1284 Cartesian=0.07789617997133459 0.02248669023764736 0.07676364473785349 (3806 plane wave)
 1 -1.818237923049555 0.001562500000000037
 2 -0.7240852166844746 0.001562500000000037
 3 7.910513928750555 0.000000000000000
 4 9.056055150013556 0.000000000000000
 5 10.10583092107577 0.000000000000000
 6 11.06382381936552 0.000000000000000
 7 11.75131027944373 0.000000000000000
 8 12.59042059487336 0.000000000000000
 9 15.27368087816370 0.000000000000000
 10 16.27733292786736 0.000000000000000
 11 19.03746639015313 0.000000000000000
 12 19.89342707784588 0.000000000000000

 spin=1 k-point=1144/1284 Cartesian=0.09737022496416814 0.03373003535647069 0.07676364473785349 (3798 plane wave)
 1 -1.217550481611080 0.001562500000000037
 2 -0.1253985555905989 0.001562500000000036
 3 7.164314687764975 0.000000000000000
 4 8.117676896594990 0.000000000000000
 5 8.850099140868199 0.000000000000000
 6 10.76958800992443 0.000000000000000
 7 11.74756076309570 0.000000000000000
 8 12.21031148930780 0.000000000000000
 9 14.68648298926081 0.000000000000000
 10 15.64842735494828 0.000000000000000
 11 17.43667798791826 0.000000000000000
 12 20.23184928830695 0.000000000000000

 spin=1 k-point=1145/1284 Cartesian=0.1168442699570017 0.04497338047529403 0.07676364473785349 (3793 plane wave)
 1 -0.4682646605711773 0.001562500000000037
 2 0.6194571972958496 0.001562499999997964
 3 5.568205734329918 3.792676798192187e-13
 4 6.633271034370381 0.000000000000000
 5 9.349162757996481 0.000000000000000
 6 10.39644291299062 0.000000000000000
 7 11.46015610466234 0.000000000000000
 8 12.66788352655822 0.000000000000000
 9 14.19803900679244 0.000000000000000
 10 15.02553401748900 0.000000000000000
 11 16.13280042223030 0.000000000000000
 12 18.83399151021865 0.000000000000000

 spin=1 k-point=1146/1284 Cartesian=0.1363183149498352 0.05621672559411737 0.07676364473785349 (3798 plane wave)
 1 0.4267209700432109 0.001562499999999735
 2 1.499369018238716 0.001562499986260992
 3 4.100725279804767 8.951280417124624e-07
 4 5.164310638918111 2.152981860331188e-11
 5 9.846423611885639 0.000000000000000
 6 10.39074705752511 0.000000000000000
 7 11.23646784530814 0.000000000000000
 8 13.28710816557111 0.000000000000000
 9 13.56667454623316 0.000000000000000
 10 14.45752119746926 0.000000000000000
 11 15.48358403268339 0.000000000000000
 12 17.45786940200051 0.000000000000000

 spin=1 k-point=1147/1284 Cartesian=0.1557923599426688 0.06746007071294069 0.07676364473785349 (3801 plane wave)
 1 1.454056275151142 0.001562499991266991
 2 2.302667527948048 0.001562457672098049
 3 3.000416103430065 0.001518395027258001
 4 3.846813015214095 1.126468146595199e-05
 5 9.823762562811334 0.000000000000000
 6 10.78255198812827 0.000000000000000
 7 11.53848102315217 0.000000000000000
 8 12.52295875818482 0.000000000000000
 9 13.60476730308193 0.000000000000000
 10 14.51073555028153 0.000000000000000
 11 15.49943870734316 0.000000000000000
 12 16.26919265453705 0.000000000000000

 spin=1 k-point=1148/1284 Cartesian=0.1363183149498352 0.1011901060694107 -0.07676364473785301 (3801 plane wave)
 1 1.454056263894686 0.001562499991266992
 2 2.302667586761981 0.001562457672073155
 3 3.000416019135901 0.001518395063386486
 4 3.846813053865475 1.126467714338630e-05
 5 9.823762604802891 0.000000000000000
 6 10.78255182899176 0.000000000000000
 7 11.53848119043776 0.000000000000000
 8 12.52295867989661 0.000000000000000
 9 13.60476726266768 0.000000000000000
 10 14.51073582775860 0.000000000000000
 11 15.49943830860620 0.000000000000000
 12 16.26919284539038 0.000000000000000

 spin=1 k-point=1149/1284 Cartesian=0.1168442699570017 0.08994676095058737 -0.07676364473785301 (3798 plane wave)
 1 0.4267209668782998 0.001562499999999735
 2 1.499369027865555 0.001562499986260991
 3 4.100725241492347 8.951283844613624e-07
 4 5.164310678023726 2.152981018394358e-11
 5 9.846423809928387 0.000000000000000
 6 10.39074664473929 0.000000000000000
 7 11.23646808072209 0.000000000000000
 8 13.28710818168780 0.000000000000000
 9 13.56667426762553 0.000000000000000
 10 14.45752177384128 0.000000000000000
 11 15.48358359027465 0.000000000000000
 12 17.45786951187795 0.000000000000000

 spin=1 k-point=1150/1284 Cartesian=-0.09737022496416733 -0.07870341583176267 0.07676364473785349 (3793 plane wave)
 1 -0.4682646616987319 0.001562500000000037
 2 0.6194571999634348 0.001562499999997964
 3 5.568205690194708 3.792678472098829e-13
 4 6.633271099543305 0.000000000000000
 5 9.349162812513972 0.000000000000000
 6 10.39644268513369 0.000000000000000
 7 11.46015629597041 0.000000000000000
 8 12.66788349137021 0.000000000000000
 9 14.19803881365573 0.000000000000000
 10 15.02553446068860 0.000000000000000
 11 16.13280010050724 0.000000000000000
 12 18.83399159311339 0.000000000000000

 spin=1 k-point=1151/1284 Cartesian=-0.07789617997133380 -0.06746007071293934 0.07676364473785349 (3798 plane wave)
 1 -1.217550482028505 0.001562500000000037
 2 -0.1253985547209079 0.001562500000000036
 3 7.164314584341786 0.000000000000000
 4 8.117677172700562 0.000000000000000
 5 8.850098991531459 0.000000000000000
 6 10.76958783292598 0.000000000000000
 7 11.74756105325380 0.000000000000000
 8 12.21031135805375 0.000000000000000
 9 14.68648288605116 0.000000000000000
 10 15.64842754545687 0.000000000000000
 11 17.43667784834966 0.000000000000000
 12 20.23184934249154 0.000000000000000

 spin=1 k-point=1152/1284 Cartesian=-0.05842213497850025 -0.05621672559411600 0.07676364473785349 (3806 plane wave)
 1 -1.818237923190107 0.001562500000000037
 2 -0.7240852164206625 0.001562500000000037
 3 7.910513874846885 0.000000000000000
 4 9.056055320837435 0.000000000000000
 5 10.10583079805339 0.000000000000000
 6 11.06382369997216 0.000000000000000
 7 11.75131043544707 0.000000000000000
 8 12.59042056925507 0.000000000000000
 9 15.27368081138081 0.000000000000000
 10 16.27733301760556 0.000000000000000
 11 19.03746636507205 0.000000000000000
 12 19.89342710026179 0.000000000000000

 spin=1 k-point=1153/1284 Cartesian=-0.03894808998566670 -0.04497338047529267 0.07676364473785349 (3797 plane wave)
 1 -2.269266722084499 0.001562500000000037
 2 -1.174048083640068 0.001562500000000037
 3 7.547661313753709 0.000000000000000
 4 10.55136095196367 0.000000000000000
 5 11.17758230728401 0.000000000000000
 6 11.87430760158498 0.000000000000000
 7 12.47548094921877 0.000000000000000
 8 13.30852499402662 0.000000000000000
 9 15.97300178081378 0.000000000000000
 10 16.96021956698294 0.000000000000000
 11 18.35813021788753 0.000000000000000
 12 19.30428136373765 0.000000000000000

 spin=1 k-point=1154/1284 Cartesian=-0.01947404499283316 -0.03373003535646933 0.07676364473785349 (3782 plane wave)
 1 -2.570148087554059 0.001562500000000037
 2 -1.474350649902850 0.001562500000000037
 3 7.270937502815107 0.000000000000000
 4 10.48108948370403 0.000000000000000
 5 12.98538208326373 0.000000000000000
 6 13.06705765315278 0.000000000000000
 7 14.14685445647338 0.000000000000000
 8 14.21398716246120 0.000000000000000
 9 16.58397527195194 0.000000000000000
 10 16.88904964619088 0.000000000000000
 11 17.82305174187054 0.000000000000000
 12 18.06913137542146 0.000000000000000

 spin=1 k-point=1155/1284 Cartesian=0.000000000000000 0.000000000000000 0.09595455592231543 (3784 plane wave)
 1 -2.302427715681544 0.0007812500000000184
 2 -2.302426079686924 0.0007812500000000184
 3 8.629283377218819 0.000000000000000
 4 8.629283444617624 0.000000000000000
 5 16.21075485354082 0.000000000000000
 6 16.21075489231453 0.000000000000000
 7 16.21075647463119 0.000000000000000
 8 16.21075652059623 0.000000000000000
 9 16.67928133315918 0.000000000000000
 10 16.67928136113796 0.000000000000000
 11 16.67928304057987 0.000000000000000
 12 16.67928307208672 0.000000000000000

 spin=1 k-point=1156/1284 Cartesian=0.01947404499283394 0.01124334511882356 0.09595455592231543 (3778 plane wave)
 1 -2.227222895908803 0.001562500000000037
 2 -2.227221259868497 0.001562500000000037
 3 8.698242786985791 0.000000000000000
 4 8.698242856743406 0.000000000000000
 5 14.51794767328242 0.000000000000000
 6 14.51794929818333 0.000000000000000
 7 15.28506041358941 0.000000000000000
 8 15.28506207057915 0.000000000000000
 9 16.32397548127564 0.000000000000000
 10 16.32397705983247 0.000000000000000
 11 17.75592835307901 0.000000000000000
 12 17.75593002654621 0.000000000000000

 spin=1 k-point=1157/1284 Cartesian=0.03894808998566748 0.02248669023764690 0.09595455592231543 (3786 plane wave)
 1 -2.001668778843764 0.001562500000000037
 2 -2.001667142665918 0.001562500000000037
 3 8.899074525643812 0.000000000000000
 4 8.899074608714550 0.000000000000000
 5 12.45281075690628 0.000000000000000
 6 12.45281236904349 0.000000000000000
 7 14.30996369160217 0.000000000000000
 8 14.30996535267888 0.000000000000000
 9 15.55642750303423 0.000000000000000
 10 15.55642905635928 0.000000000000000
 11 19.18340052331850 0.000000000000000
 12 19.18340219188838 0.000000000000000

 spin=1 k-point=1158/1284 Cartesian=0.05842213497850103 0.03373003535647023 0.09595455592231543 (3794 plane wave)
 1 -1.625970287891587 0.001562500000000037
 2 -1.625968651485052 0.001562500000000037
 3 9.170215195213952 0.000000000000000
 4 9.170215416511057 0.000000000000000
 5 10.55584368605658 0.000000000000000
 6 10.55584515723377 0.000000000000000
 7 13.47899985352529 0.000000000000000
 8 13.47900151597190 0.000000000000000
 9 14.81294264729674 0.000000000000000
 10 14.81294418028092 0.000000000000000
 11 20.76560031232588 0.000000000000000
 12 20.76560197599651 0.000000000000000

 spin=1 k-point=1159/1284 Cartesian=0.07789617997133459 0.04497338047529358 0.09595455592231543 (3808 plane wave)
 1 -1.100574127098602 0.001562500000000037
 2 -1.100572490387413 0.001562500000000037
 3 8.426673908658262 0.000000000000000
 4 8.426675409261080 0.000000000000000
 5 9.943701092588077 0.000000000000000
 6 9.943701292501421 0.000000000000000
 7 12.79778441989907 0.000000000000000
 8 12.79778608298590 0.000000000000000
 9 14.17945519349528 0.000000000000000
 10 14.17945669657060 0.000000000000000
 11 19.63165013986506 0.000000000000000
 12 19.63165020422004 0.000000000000000

 spin=1 k-point=1160/1284 Cartesian=0.09737022496416814 0.05621672559411691 0.09595455592231543 (3794 plane wave)
 1 -0.4264726382622352 0.001562500000000037
 2 -0.4264710012658749 0.001562500000000037
 3 6.790282140884692 0.000000000000000
 4 6.790283750388105 0.000000000000000
 5 10.49655879246567 0.000000000000000
 6 10.49655891891806 0.000000000000000
 7 12.26750223604855 0.000000000000000
 8 12.26750389949091 0.000000000000000
 9 13.67980490969808 0.000000000000000
 10 13.67980635422480 0.000000000000000
 11 18.01053972533127 0.000000000000000
 12 18.01053982274817 0.000000000000000

 spin=1 k-point=1161/1284 Cartesian=0.1168442699570017 0.06746007071294025 0.09595455592231543 (3794 plane wave)
 1 0.3936143412397687 0.001562499999999820
 2 0.3936159778891952 0.001562499999999820
 3 5.242363043069068 9.864225838130101e-12
 4 5.242364658909308 9.864066449249358e-12
 5 11.21442945209452 0.000000000000000
 6 11.21442966482028 0.000000000000000
 7 11.88856537679869 0.000000000000000
 8 11.88856704044342 0.000000000000000
 9 13.32541482983057 0.000000000000000
 10 13.32541612840286 0.000000000000000
 11 16.54588950921915 0.000000000000000
 12 16.54588965673212 0.000000000000000

 spin=1 k-point=1162/1284 Cartesian=0.1363183149498352 0.07870341583176359 0.09595455592231543 (3800 plane wave)
 1 1.347458230305891 0.001562499996992463
 2 1.347459859381377 0.001562499996992414
 3 3.847041136321520 1.123919826252414e-05
 4 3.847042732156720 1.123902019494423e-05
 5 11.66115140470587 0.000000000000000
 6 11.66115306845356 0.000000000000000
 7 11.95400909328390 0.000000000000000
 8 11.95400965153496 0.000000000000000
 9 13.13302746413255 0.000000000000000
 10 13.13302828748485 0.000000000000000
 11 15.33768030612044 0.000000000000000
 12 15.33768057943147 0.000000000000000

 spin=1 k-point=1163/1284 Cartesian=0.1557923599426688 0.08994676095058692 0.09595455592231543 (3800 plane wave)
 1 2.176734844619225 0.0007812439926028672
 2 2.176736252251198 0.0007812439925183051
 3 2.870115131101494 0.0007751322947988200
 4 2.870116400117586 0.0007751322177715874
 5 11.58533914403602 0.000000000000000
 6 11.58534080782228 0.000000000000000
 7 12.33917666794493 0.000000000000000
 8 12.33917787715190 0.000000000000000
 9 13.10875600344542 0.000000000000000
 10 13.10875606522004 0.000000000000000
 11 14.75626293349349 0.000000000000000
 12 14.75626340244049 0.000000000000000

 spin=1 k-point=1164/1284 Cartesian=0.000000000000000 0.02248669023764713 0.09595455592231543 (3778 plane wave)
 1 -2.227222895906344 0.001562500000000037
 2 -2.227221259880089 0.001562500000000037
 3 8.698242787043620 0.000000000000000
 4 8.698242856651616 0.000000000000000
 5 14.51794766717508 0.000000000000000
 6 14.51794929485644 0.000000000000000
 7 15.28506042415363 0.000000000000000
 8 15.28506208406474 0.000000000000000
 9 16.32397547746938 0.000000000000000
 10 16.32397704624405 0.000000000000000
 11 17.75592835330998 0.000000000000000
 12 17.75593002786637 0.000000000000000

 spin=1 k-point=1165/1284 Cartesian=0.01947404499283394 0.03373003535647069 0.09595455592231543 (3784 plane wave)
 1 -2.076842724099644 0.001562500000000037
 2 -2.076841087997277 0.001562500000000037
 3 8.833709097637874 0.000000000000000
 4 8.833709174099528 0.000000000000000
 5 13.32191040450643 0.000000000000000
 6 13.32191182359925 0.000000000000000
 7 13.77310091076762 0.000000000000000
 8 13.77310222953776 0.000000000000000
 9 16.94359740016666 0.000000000000000
 10 16.94359887738508 0.000000000000000
 11 17.64151253834454 0.000000000000000
 12 17.64151388943523 0.000000000000000

 spin=1 k-point=1166/1284 Cartesian=0.03894808998566748 0.04497338047529403 0.09595455592231543 (3800 plane wave)
 1 -1.776209810242285 0.001562500000000037
 2 -1.776208173973025 0.001562500000000037
 3 9.086496284085452 0.000000000000000
 4 9.086496396743954 0.000000000000000
 5 11.48007404831109 0.000000000000000
 6 11.48007561456155 0.000000000000000
 7 12.74591431424556 0.000000000000000
 8 12.74591585264216 0.000000000000000
 9 16.42633362006510 0.000000000000000
 10 16.42633521042488 0.000000000000000
 11 18.79449508530962 0.000000000000000
 12 18.79449664788320 0.000000000000000

 spin=1 k-point=1167/1284 Cartesian=0.05842213497850103 0.05621672559411736 0.09595455592231543 (3808 plane wave)
 1 -1.325632634348890 0.001562500000000037
 2 -1.325630997828126 0.001562500000000037
 3 9.139333511748337 0.000000000000000
 4 9.139334427264181 0.000000000000000
 5 9.941793150324962 0.000000000000000
 6 9.941793941266150 0.000000000000000
 7 12.00502961622618 0.000000000000000
 8 12.00503115943816 0.000000000000000
 9 15.73264578912213 0.000000000000000
 10 15.73264736315809 0.000000000000000
 11 20.13331725823024 0.000000000000000
 12 20.13331828771090 0.000000000000000

 spin=1 k-point=1168/1284 Cartesian=0.07789617997133459 0.06746007071294070 0.09595455592231543 (3794 plane wave)
 1 -0.7257707483788266 0.001562500000000037
 2 -0.7257691115634285 0.001562500000000037
 3 7.661265470959755 0.000000000000000
 4 7.661267061340380 0.000000000000000
 5 10.15424548189618 0.000000000000000
 6 10.15424574919718 0.000000000000000
 7 11.46820103310141 0.000000000000000
 8 11.46820245038197 0.000000000000000
 9 15.14240012905643 0.000000000000000
 10 15.14240167271046 0.000000000000000
 11 18.85058733395315 0.000000000000000
 12 18.85058741685743 0.000000000000000

 spin=1 k-point=1169/1284 Cartesian=0.09737022496416814 0.07870341583176405 0.09595455592231543 (3790 plane wave)
 1 0.02179190803251334 0.001562500000000032
 2 0.02179354494659478 0.001562500000000032
 3 6.053560198534131 2.958541481558535e-15
 4 6.053561814785517 2.958493664465520e-15
 5 10.50579937508230 0.000000000000000
 6 10.50580037927438 0.000000000000000
 7 11.35180630420925 0.000000000000000
 8 11.35180698333181 0.000000000000000
 9 14.66541524073144 0.000000000000000
 10 14.66541671856371 0.000000000000000
 11 17.32635079335389 0.000000000000000
 12 17.32635093360618 0.000000000000000

 spin=1 k-point=1170/1284 Cartesian=0.1168442699570017 0.08994676095058737 0.09595455592231543 (3790 plane wave)
 1 0.9117983214240809 0.001562499999961474
 2 0.9117999564287392 0.001562499999961473
 3 4.577709613450707 7.596521542675717e-09
 4 4.577711225056112 7.596399118275602e-09
 5 10.42956999989287 0.000000000000000
 6 10.42957151896471 0.000000000000000
 7 11.95580858918252 0.000000000000000
 8 11.95580878038720 0.000000000000000
 9 14.25282362227805 0.000000000000000
 10 14.25282490409284 0.000000000000000
 11 16.03072963095775 0.000000000000000
 12 16.03072993188078 0.000000000000000

 spin=1 k-point=1171/1284 Cartesian=0.1363183149498352 0.1011901060694107 0.09595455592231543 (3796 plane wave)
 1 1.904493819938870 0.001562499210428612
 2 1.904495414652458 0.001562499210416020
 3 3.290313106574698 0.001023004907398957
 4 3.290314642603462 0.001022999481825142
 5 10.32128381836547 0.000000000000000
 6 10.32128540679427 0.000000000000000
 7 12.81840706364940 0.000000000000000
 8 12.81840722535487 0.000000000000000
 9 13.70873334476386 0.000000000000000
 10 13.70873415731375 0.000000000000000
 11 15.22925744874279 0.000000000000000
 12 15.22925816545073 0.000000000000000

 spin=1 k-point=1172/1284 Cartesian=0.1557923599426688 0.1124334511882340 0.09595455592231543 (3796 plane wave)
 1 1.904493819802787 0.001562499210428612
 2 1.904495414834982 0.001562499210416019
 3 3.290313106724702 0.001023004906869114
 4 3.290314642391619 0.001022999482573414
 5 10.32128381785971 0.000000000000000
 6 10.32128540689296 0.000000000000000
 7 12.81840706660724 0.000000000000000
 8 12.81840722480817 0.000000000000000
 9 13.70873334144069 0.000000000000000
 10 13.70873415822834 0.000000000000000
 11 15.22925744943208 0.000000000000000
 12 15.22925816524481 0.000000000000000

 spin=1 k-point=1173/1284 Cartesian=0.1363183149498352 0.05621672559411737 0.09595455592231543 (3790 plane wave)
 1 0.9117983213142030 0.001562499999961474
 2 0.9117999565801992 0.001562499999961473
 3 4.577709613676811 7.596521525499712e-09
 4 4.577711224740371 7.596399142260461e-09
 5 10.42956999807496 0.000000000000000
 6 10.42957151929173 0.000000000000000
 7 11.95580859199375 0.000000000000000
 8 11.95580878050593 0.000000000000000
 9 14.25282361969221 0.000000000000000
 10 14.25282490495457 0.000000000000000
 11 16.03072963167578 0.000000000000000
 12 16.03072993169024 0.000000000000000

 spin=1 k-point=1174/1284 Cartesian=0.1168442699570017 0.04497338047529403 0.09595455592231543 (3790 plane wave)
 1 0.02179190794764841 0.001562500000000032
 2 0.02179354506399062 0.001562500000000032
 3 6.053560198840307 2.958541472500168e-15
 4 6.053561814358210 2.958493677107410e-15
 5 10.50579937140554 0.000000000000000
 6 10.50580037986292 0.000000000000000
 7 11.35180630816396 0.000000000000000
 8 11.35180698346401 0.000000000000000
 9 14.66541523932857 0.000000000000000
 10 14.66541671915282 0.000000000000000
 11 17.32635079369665 0.000000000000000
 12 17.32635093358493 0.000000000000000

 spin=1 k-point=1175/1284 Cartesian=0.09737022496416814 0.03373003535647069 0.09595455592231543 (3794 plane wave)
 1 -0.7257707484434716 0.001562500000000037
 2 -0.7257691114740108 0.001562500000000037
 3 7.661265471329455 0.000000000000000
 4 7.661267060771399 0.000000000000000
 5 10.15424548022099 0.000000000000000
 6 10.15424574940196 0.000000000000000
 7 11.46820103488146 0.000000000000000
 8 11.46820245073273 0.000000000000000
 9 15.14240012855765 0.000000000000000
 10 15.14240167315420 0.000000000000000
 11 18.85058733465951 0.000000000000000
 12 18.85058741687525 0.000000000000000

 spin=1 k-point=1176/1284 Cartesian=0.07789617997133459 0.02248669023764736 0.09595455592231543 (3808 plane wave)
 1 -1.325632634396527 0.001562500000000037
 2 -1.325630997762348 0.001562500000000037
 3 9.139333511029706 0.000000000000000
 4 9.139334427078627 0.000000000000000
 5 9.941793151565763 0.000000000000000
 6 9.941793940412756 0.000000000000000
 7 12.00502961597631 0.000000000000000
 8 12.00503116020702 0.000000000000000
 9 15.73264578951371 0.000000000000000
 10 15.73264736353672 0.000000000000000
 11 20.13331726051123 0.000000000000000
 12 20.13331828814654 0.000000000000000

 spin=1 k-point=1177/1284 Cartesian=0.05842213497850103 0.01124334511882402 0.09595455592231543 (3800 plane wave)
 1 -1.776209810275019 0.001562500000000037
 2 -1.776208173927911 0.001562500000000037
 3 9.086496283379915 0.000000000000000
 4 9.086496396890464 0.000000000000000
 5 11.48007405163450 0.000000000000000
 6 11.48007561249374 0.000000000000000
 7 12.74591431139815 0.000000000000000
 8 12.74591585414827 0.000000000000000
 9 16.42633362179998 0.000000000000000
 10 16.42633521090171 0.000000000000000
 11 18.79449508285397 0.000000000000000
 12 18.79449664884735 0.000000000000000

 spin=1 k-point=1178/1284 Cartesian=0.03894808998566748 0.000000000000000 0.09595455592231543 (3784 plane wave)
 1 -2.076842724118789 0.001562500000000037
 2 -2.076841087970921 0.001562500000000037
 3 8.833709097340678 0.000000000000000
 4 8.833709174139141 0.000000000000000
 5 13.32191041651478 0.000000000000000
 6 13.32191181872998 0.000000000000000
 7 13.77310089842437 0.000000000000000
 8 13.77310223292597 0.000000000000000
 9 16.94359740514344 0.000000000000000
 10 16.94359887873254 0.000000000000000
 11 17.64151253241204 0.000000000000000
 12 17.64151389197117 0.000000000000000

 spin=1 k-point=1179/1284 Cartesian=-0.01947404499283316 0.01124334511882402 0.09595455592231543 (3778 plane wave)
 1 -2.227222895912651 0.001562500000000037
 2 -2.227221259871412 0.001562500000000037
 3 8.698242786962741 0.000000000000000
 4 8.698242856656854 0.000000000000000
 5 14.51794767191693 0.000000000000000
 6 14.51794929552871 0.000000000000000
 7 15.28506041887408 0.000000000000000
 8 15.28506207782427 0.000000000000000
 9 16.32397547545277 0.000000000000000
 10 16.32397705362811 0.000000000000000
 11 17.75592835593218 0.000000000000000
 12 17.75593003077151 0.000000000000000

 spin=1 k-point=1180/1284 Cartesian=0.000000000000000 0.04497338047529380 0.09595455592231543 (3786 plane wave)
 1 -2.001668778833332 0.001562500000000037
 2 -2.001667142714249 0.001562500000000037
 3 8.899074526018570 0.000000000000000
 4 8.899074608191663 0.000000000000000
 5 12.45281075328077 0.000000000000000
 6 12.45281236941695 0.000000000000000
 7 14.30996369961178 0.000000000000000
 8 14.30996536326394 0.000000000000000
 9 15.55642749790158 0.000000000000000
 10 15.55642904403429 0.000000000000000
 11 19.18340052617559 0.000000000000000
 12 19.18340219608944 0.000000000000000

 spin=1 k-point=1181/1284 Cartesian=0.01947404499283394 0.05621672559411736 0.09595455592231543 (3800 plane wave)
 1 -1.776209810233712 0.001562500000000037
 2 -1.776208174011537 0.001562500000000037
 3 9.086496284594180 0.000000000000000
 4 9.086496396067645 0.000000000000000
 5 11.48007404545859 0.000000000000000
 6 11.48007561539445 0.000000000000000
 7 12.74591431760156 0.000000000000000
 8 12.74591585445715 0.000000000000000
 9 16.42633361881306 0.000000000000000
 10 16.42633520638792 0.000000000000000
 11 18.79449508616199 0.000000000000000
 12 18.79449664969112 0.000000000000000

 spin=1 k-point=1182/1284 Cartesian=0.03894808998566748 0.06746007071294069 0.09595455592231543 (3802 plane wave)
 1 -1.400678621233383 0.001562500000000037
 2 -1.400676984822968 0.001562500000000037
 3 9.336215069137481 0.000000000000000
 4 9.336215317739878 0.000000000000000
 5 10.39082308770751 0.000000000000000
 6 10.39082450303824 0.000000000000000
 7 11.18639660924431 0.000000000000000
 8 11.18639769799594 0.000000000000000
 9 17.62301358243089 0.000000000000000
 10 17.62301504611722 0.000000000000000
 11 18.29688674090815 0.000000000000000
 12 18.29688798595278 0.000000000000000

 spin=1 k-point=1183/1284 Cartesian=0.05842213497850103 0.07870341583176403 0.09595455592231543 (3800 plane wave)
 1 -0.8755359293639650 0.001562500000000037
 2 -0.8755342927016702 0.001562500000000037
 3 8.638697912508349 0.000000000000000
 4 8.638699435839397 0.000000000000000
 5 9.605134398180708 0.000000000000000
 6 9.605135415952590 0.000000000000000
 7 10.66604517921987 0.000000000000000
 8 10.66604582387406 0.000000000000000
 9 17.24034494259036 0.000000000000000
 10 17.24034649591437 0.000000000000000
 11 19.35065574521644 0.000000000000000
 12 19.35065674275083 0.000000000000000

 spin=1 k-point=1184/1284 Cartesian=0.07789617997133459 0.08994676095058737 0.09595455592231543 (3800 plane wave)
 1 -0.2017944094348966 0.001562500000000036
 2 -0.2017927725652702 0.001562500000000036
 3 7.001451701595737 0.000000000000000
 4 7.001453312645864 0.000000000000000
 5 9.337344004199474 0.000000000000000
 6 9.337345470749822 0.000000000000000
 7 10.99548685094522 0.000000000000000
 8 10.99548703753915 0.000000000000000
 9 16.65861517936070 0.000000000000000
 10 16.65861660315055 0.000000000000000
 11 18.25737035127820 0.000000000000000
 12 18.25737054811825 0.000000000000000

 spin=1 k-point=1185/1284 Cartesian=0.09737022496416814 0.1011901060694107 0.09595455592231543 (3806 plane wave)
 1 0.6178071634178548 0.001562499999997998
 2 0.6178087998094600 0.001562499999997998
 3 5.458487994503198 1.136171892389323e-12
 4 5.458489611716513 1.136153518210277e-12
 5 9.026754177060164 0.000000000000000
 6 9.026755743622697 0.000000000000000
 7 11.70717836179297 0.000000000000000
 8 11.70717845803192 0.000000000000000
 9 15.96675930319899 0.000000000000000
 10 15.96676019402077 0.000000000000000
 11 17.10227876530883 0.000000000000000
 12 17.10227947836959 0.000000000000000

 spin=1 k-point=1186/1284 Cartesian=0.1168442699570017 0.1124334511882340 0.09595455592231543 (3782 plane wave)
 1 1.571107936447939 0.001562499971847678
 2 1.571109565029240 0.001562499971847220
 3 4.066056091544814 1.265751601020280e-06
 4 4.066057689506302 1.265731391338296e-06
 5 8.822368419376350 0.000000000000000
 6 8.822370011454826 0.000000000000000
 7 12.58997853785530 0.000000000000000
 8 12.58997860303838 0.000000000000000
 9 14.93872978879079 0.000000000000000
 10 14.93873013406360 0.000000000000000
 11 16.57404046764094 0.000000000000000
 12 16.57404172578272 0.000000000000000

 spin=1 k-point=1187/1284 Cartesian=0.1363183149498352 0.1236767963070574 0.09595455592231543 (3794 plane wave)
 1 2.401071362010952 0.001562386767900453
 2 2.401072768393290 0.001562386766308081
 3 3.089147843384719 0.001459538361732315
 4 3.089149118676227 0.001459537135188941
 5 8.752591761080538 0.000000000000000
 6 8.752593359274274 0.000000000000000
 7 13.32224210550128 0.000000000000000
 8 13.32224217837335 0.000000000000000
 9 14.11371626892359 0.000000000000000
 10 14.11371658815903 0.000000000000000
 11 16.44294540161143 0.000000000000000
 12 16.44294676786492 0.000000000000000

 spin=1 k-point=1188/1284 Cartesian=0.1557923599426688 0.1349201414258807 0.09595455592231543 (3782 plane wave)
 1 1.571107936178627 0.001562499971847678
 2 1.571109565403310 0.001562499971847220
 3 4.066056091982091 1.265751595489915e-06
 4 4.066057688879718 1.265731399262743e-06
 5 8.822368418724396 0.000000000000000
 6 8.822370011737883 0.000000000000000
 7 12.58997853842992 0.000000000000000
 8 12.58997860396559 0.000000000000000
 9 14.93872978721072 0.000000000000000
 10 14.93873013454349 0.000000000000000
 11 16.57404046873829 0.000000000000000
 12 16.57404172488783 0.000000000000000

 spin=1 k-point=1189/1284 Cartesian=0.1363183149498352 0.03373003535647069 0.09595455592231543 (3806 plane wave)
 1 0.6178071632117346 0.001562499999997998
 2 0.6178088000982186 0.001562499999997998
 3 5.458487995144058 1.136171885108050e-12
 4 5.458489610805405 1.136153528561870e-12
 5 9.026754175611636 0.000000000000000
 6 9.026755744238850 0.000000000000000
 7 11.70717836254176 0.000000000000000
 8 11.70717845914032 0.000000000000000
 9 15.96675930112918 0.000000000000000
 10 15.96676019567719 0.000000000000000
 11 17.10227876738682 0.000000000000000
 12 17.10227947638247 0.000000000000000

 spin=1 k-point=1190/1284 Cartesian=0.1168442699570017 0.02248669023764735 0.09595455592231543 (3800 plane wave)
 1 -0.2017944095918307 0.001562500000000036
 2 -0.2017927723454676 0.001562500000000036
 3 7.001451702546624 0.000000000000000
 4 7.001453311260575 0.000000000000000
 5 9.337344001675044 0.000000000000000
 6 9.337345471810766 0.000000000000000
 7 10.99548685233717 0.000000000000000
 8 10.99548703855888 0.000000000000000
 9 16.65861517847488 0.000000000000000
 10 16.65861660467408 0.000000000000000
 11 18.25737035355239 0.000000000000000
 12 18.25737054668133 0.000000000000000

 spin=1 k-point=1191/1284 Cartesian=0.09737022496416814 0.01124334511882402 0.09595455592231543 (3800 plane wave)
 1 -0.8755359294811901 0.001562500000000037
 2 -0.8755342925378586 0.001562500000000037
 3 8.638697913366714 0.000000000000000
 4 8.638699433548130 0.000000000000000
 5 9.605134396392916 0.000000000000000
 6 9.605135417100353 0.000000000000000
 7 10.66604518018845 0.000000000000000
 8 10.66604582518745 0.000000000000000
 9 17.24034494334734 0.000000000000000
 10 17.24034649708746 0.000000000000000
 11 19.35065575097546 0.000000000000000
 12 19.35065674680454 0.000000000000000

 spin=1 k-point=1192/1284 Cartesian=0.07789617997133459 0.000000000000000 0.09595455592231543 (3802 plane wave)
 1 -1.400678621316977 0.001562500000000037
 2 -1.400676984706476 0.001562500000000037
 3 9.336215065334850 0.000000000000000
 4 9.336215318366891 0.000000000000000
 5 10.39082309845138 0.000000000000000
 6 10.39082449714806 0.000000000000000
 7 11.18639660269528 0.000000000000000
 8 11.18639770259285 0.000000000000000
 9 17.62301358766373 0.000000000000000
 10 17.62301504782153 0.000000000000000
 11 18.29688673499023 0.000000000000000
 12 18.29688798692672 0.000000000000000

 spin=1 k-point=1193/1284 Cartesian=0.05842213497850103 -0.01124334511882266 0.09595455592231543 (3800 plane wave)
 1 -1.776209810287553 0.001562500000000037
 2 -1.776208173936696 0.001562500000000037
 3 9.086496283179773 0.000000000000000
 4 9.086496396324556 0.000000000000000
 5 11.48007405171297 0.000000000000000
 6 11.48007561266603 0.000000000000000
 7 12.74591431275906 0.000000000000000
 8 12.74591585553712 0.000000000000000
 9 16.42633361956479 0.000000000000000
 10 16.42633520898567 0.000000000000000
 11 18.79449508470192 0.000000000000000
 12 18.79449665027113 0.000000000000000

 spin=1 k-point=1194/1284 Cartesian=-0.03894808998566670 0.02248669023764735 0.09595455592231543 (3786 plane wave)
 1 -2.001668778859712 0.001562500000000037
 2 -2.001667142677642 0.001562500000000037
 3 8.899074525505252 0.000000000000000
 4 8.899074608259168 0.000000000000000
 5 12.45281075677659 0.000000000000000
 6 12.45281236846004 0.000000000000000
 7 14.30996369635444 0.000000000000000
 8 14.30996535926999 0.000000000000000
 9 15.55642749764085 0.000000000000000
 10 15.55642905012400 0.000000000000000
 11 19.18340052663364 0.000000000000000
 12 19.18340219663256 0.000000000000000

 spin=1 k-point=1195/1284 Cartesian=-0.01947404499283316 0.03373003535647068 0.09595455592231543 (3784 plane wave)
 1 -2.076842724111342 0.001562500000000037
 2 -2.076841088006074 0.001562500000000037
 3 8.833709097560497 0.000000000000000
 4 8.833709173837493 0.000000000000000
 5 13.32191040620586 0.000000000000000
 6 13.32191182121301 0.000000000000000
 7 13.77310090951590 0.000000000000000
 8 13.77310223296084 0.000000000000000
 9 16.94359740476154 0.000000000000000
 10 16.94359888138812 0.000000000000000
 11 17.64151253259453 0.000000000000000
 12 17.64151388428053 0.000000000000000

 spin=1 k-point=1196/1284 Cartesian=0.000000000000000 0.06746007071294047 0.09595455592231543 (3794 plane wave)
 1 -1.625970287865382 0.001562500000000037
 2 -1.625968651602215 0.001562500000000037
 3 9.170215197125476 0.000000000000000
 4 9.170215414031826 0.000000000000000
 5 10.55584368185666 0.000000000000000
 6 10.55584516037915 0.000000000000000
 7 13.47899986068433 0.000000000000000
 8 13.47900152558273 0.000000000000000
 9 14.81294264202822 0.000000000000000
 10 14.81294416931849 0.000000000000000
 11 20.76560031612510 0.000000000000000
 12 20.76560198100611 0.000000000000000

 spin=1 k-point=1197/1284 Cartesian=0.01947404499283394 0.07870341583176403 0.09595455592231543 (3808 plane wave)
 1 -1.325632634322282 0.001562500000000037
 2 -1.325630997942181 0.001562500000000037
 3 9.139333514653229 0.000000000000000
 4 9.139334422905890 0.000000000000000
 5 9.941793145090919 0.000000000000000
 6 9.941793946906742 0.000000000000000
 7 12.00502961996081 0.000000000000000
 8 12.00503116077254 0.000000000000000
 9 15.73264578763301 0.000000000000000
 10 15.73264735995237 0.000000000000000
 11 20.13331725542279 0.000000000000000
 12 20.13331828094320 0.000000000000000

 spin=1 k-point=1198/1284 Cartesian=0.03894808998566748 0.08994676095058736 0.09595455592231543 (3800 plane wave)
 1 -0.8755359293438748 0.001562500000000037
 2 -0.8755342927831817 0.001562500000000037
 3 8.638697913449285 0.000000000000000
 4 8.638699433432807 0.000000000000000
 5 9.605134395198974 0.000000000000000
 6 9.605135420820123 0.000000000000000
 7 10.66604518207691 0.000000000000000
 8 10.66604582170886 0.000000000000000
 9 17.24034494204384 0.000000000000000
 10 17.24034649649398 0.000000000000000
 11 19.35065574268744 0.000000000000000
 12 19.35065673586089 0.000000000000000

 spin=1 k-point=1199/1284 Cartesian=0.05842213497850103 0.1011901060694107 0.09595455592231543 (3788 plane wave)
 1 -0.2763924940557114 0.001562500000000036
 2 -0.2763908573160983 0.001562500000000036
 3 7.894650410062817 0.000000000000000
 4 7.894651833443957 0.000000000000000
 5 8.335993542786978 0.000000000000000
 6 8.335994730716221 0.000000000000000
 7 10.89951006282580 0.000000000000000
 8 10.89951018952777 0.000000000000000
 9 18.49417812817244 0.000000000000000
 10 18.49417876223300 0.000000000000000
 11 18.72956296910490 0.000000000000000
 12 18.72956429545834 0.000000000000000

 spin=1 k-point=1200/1284 Cartesian=0.07789617997133459 0.1124334511882340 0.09595455592231543 (3802 plane wave)
 1 0.4701329916918690 0.001562499999999571
 2 0.4701346283143490 0.001562499999999571
 3 6.457231873563629 0.000000000000000
 4 6.457233473541224 0.000000000000000
 5 7.754176358010693 0.000000000000000
 6 7.754177881225038 0.000000000000000
 7 11.56780136238659 0.000000000000000
 8 11.56780144556538 0.000000000000000
 9 17.33618562118001 0.000000000000000
 10 17.33618584268702 0.000000000000000
 11 18.44700690140665 0.000000000000000
 12 18.44700760211084 0.000000000000000

 spin=1 k-point=1201/1284 Cartesian=0.09737022496416814 0.1236767963070574 0.09595455592231543 (3784 plane wave)
 1 1.358703215397355 0.001562499996634514
 2 1.358704849654308 0.001562499996634459
 3 5.005623716074470 1.052468401354887e-10
 4 5.005625327953799 1.052451436967989e-10
 5 7.446467842247968 0.000000000000000
 6 7.446469418036013 0.000000000000000
 7 12.40841275700298 0.000000000000000
 8 12.40841282302620 0.000000000000000
 9 15.99484866659062 0.000000000000000
 10 15.99484878585359 0.000000000000000
 11 18.11365499339219 0.000000000000000
 12 18.11365577298842 0.000000000000000

 spin=1 k-point=1202/1284 Cartesian=0.1168442699570017 0.1349201414258807 0.09595455592231543 (3780 plane wave)
 1 2.350133207321023 0.001562431960600379
 2 2.350134800476821 0.001562431959516443
 3 3.726069979671730 3.705262077896915e-05
 4 3.726071523234237 3.705206241514717e-05
 5 7.295687504930291 0.000000000000000
 6 7.295689093992205 0.000000000000000
 7 13.32788972757091 0.000000000000000
 8 13.32788978194177 0.000000000000000
 9 14.80753982380742 0.000000000000000
 10 14.80753994810911 0.000000000000000
 11 17.95325288162270 0.000000000000000
 12 17.95325368175444 0.000000000000000

 spin=1 k-point=1203/1284 Cartesian=0.1363183149498352 0.1461634865447040 0.09595455592231543 (3780 plane wave)
 1 2.350133206793951 0.001562431960600738
 2 2.350134801213357 0.001562431959515943
 3 3.726069980316165 3.705262054585124e-05
 4 3.726071522273307 3.705206276274882e-05
 5 7.295687504591351 0.000000000000000
 6 7.295689094297575 0.000000000000000
 7 13.32788972757785 0.000000000000000
 8 13.32788978265486 0.000000000000000
 9 14.80753982452022 0.000000000000000
 10 14.80753994723688 0.000000000000000
 11 17.95325288094428 0.000000000000000
 12 17.95325368103123 0.000000000000000

 spin=1 k-point=1204/1284 Cartesian=0.1557923599426688 0.1574068316635274 0.09595455592231543 (3784 plane wave)
 1 1.358703214993931 0.001562499996634514
 2 1.358704850232330 0.001562499996634459
 3 5.005623717217442 1.052468389325458e-10
 4 5.005625326264632 1.052451454745656e-10
 5 7.446467841112960 0.000000000000000
 6 7.446469419101660 0.000000000000000
 7 12.40841275694165 0.000000000000000
 8 12.40841282422970 0.000000000000000
 9 15.99484866843884 0.000000000000000
 10 15.99484878515574 0.000000000000000
 11 18.11365499085953 0.000000000000000
 12 18.11365577032245 0.000000000000000

 spin=1 k-point=1205/1284 Cartesian=0.1363183149498352 0.01124334511882402 0.09595455592231543 (3802 plane wave)
 1 0.4701329913909686 0.001562499999999571
 2 0.4701346287454801 0.001562499999999571
 3 6.457231875809065 0.000000000000000
 4 6.457233470223811 0.000000000000000
 5 7.754176355471940 0.000000000000000
 6 7.754177883919640 0.000000000000000
 7 11.56780136250068 0.000000000000000
 8 11.56780144683725 0.000000000000000
 9 17.33618562621832 0.000000000000000
 10 17.33618584422168 0.000000000000000
 11 18.44700689495052 0.000000000000000
 12 18.44700759558354 0.000000000000000

 spin=1 k-point=1206/1284 Cartesian=0.1168442699570017 0.000000000000000 0.09595455592231543 (3788 plane wave)
 1 -0.2763924942797102 0.001562500000000036
 2 -0.2763908569963813 0.001562500000000036
 3 7.894650416514330 0.000000000000000
 4 7.894651823040339 0.000000000000000
 5 8.335993536156920 0.000000000000000
 6 8.335994740093270 0.000000000000000
 7 10.89951006318182 0.000000000000000
 8 10.89951019068569 0.000000000000000
 9 18.49417814008952 0.000000000000000
 10 18.49417877259384 0.000000000000000
 11 18.72956297082465 0.000000000000000
 12 18.72956429525539 0.000000000000000

 spin=1 k-point=1207/1284 Cartesian=0.09737022496416814 -0.01124334511882265 0.09595455592231543 (3800 plane wave)
 1 -0.8755359295064085 0.001562500000000037
 2 -0.8755342925522375 0.001562500000000037
 3 8.638697912097848 0.000000000000000
 4 8.638699430542042 0.000000000000000
 5 9.605134398626587 0.000000000000000
 6 9.605135421919842 0.000000000000000
 7 10.66604518050400 0.000000000000000
 8 10.66604582297540 0.000000000000000
 9 17.24034494289649 0.000000000000000
 10 17.24034649800113 0.000000000000000
 11 19.35065575089441 0.000000000000000
 12 19.35065674314348 0.000000000000000

 spin=1 k-point=1208/1284 Cartesian=0.07789617997133459 -0.02248669023764599 0.09595455592231543 (3808 plane wave)
 1 -1.325632634432830 0.001562500000000037
 2 -1.325630997785731 0.001562500000000037
 3 9.139333509128535 0.000000000000000
 4 9.139334422778809 0.000000000000000
 5 9.941793153671060 0.000000000000000
 6 9.941793945421084 0.000000000000000
 7 12.00502961723252 0.000000000000000
 8 12.00503116113522 0.000000000000000
 9 15.73264578767038 0.000000000000000
 10 15.73264736214683 0.000000000000000
 11 20.13331726075537 0.000000000000000
 12 20.13331828567318 0.000000000000000

 spin=1 k-point=1209/1284 Cartesian=-0.05842213497850025 0.03373003535647068 0.09595455592231543 (3794 plane wave)
 1 -1.625970287929665 0.001562500000000037
 2 -1.625968651511507 0.001562500000000037
 3 9.170215194269643 0.000000000000000
 4 9.170215414454150 0.000000000000000
 5 10.55584368704077 0.000000000000000
 6 10.55584515909927 0.000000000000000
 7 13.47899985811542 0.000000000000000
 8 13.47900152235120 0.000000000000000
 9 14.81294264227306 0.000000000000000
 10 14.81294417420616 0.000000000000000
 11 20.76560031561646 0.000000000000000
 12 20.76560198056820 0.000000000000000

 spin=1 k-point=1210/1284 Cartesian=-0.03894808998566670 0.04497338047529402 0.09595455592231543 (3800 plane wave)
 1 -1.776209810274774 0.001562500000000037
 2 -1.776208173996625 0.001562500000000037
 3 9.086496283661162 0.000000000000000
 4 9.086496395758081 0.000000000000000
 5 11.48007404919764 0.000000000000000
 6 11.48007561434449 0.000000000000000
 7 12.74591431498708 0.000000000000000
 8 12.74591585573360 0.000000000000000
 9 16.42633361959163 0.000000000000000
 10 16.42633520952244 0.000000000000000
 11 18.79449508441039 0.000000000000000
 12 18.79449664732478 0.000000000000000

 spin=1 k-point=1211/1284 Cartesian=-0.01947404499283316 0.05621672559411735 0.09595455592231543 (3800 plane wave)
 1 -1.776209810253657 0.001562500000000037
 2 -1.776208174026344 0.001562500000000037
 3 9.086496284372039 0.000000000000000
 4 9.086496395648846 0.000000000000000
 5 11.48007404623156 0.000000000000000
 6 11.48007561503163 0.000000000000000
 7 12.74591431701303 0.000000000000000
 8 12.74591585614514 0.000000000000000
 9 16.42633362043324 0.000000000000000
 10 16.42633520749336 0.000000000000000
 11 18.79449508370292 0.000000000000000
 12 18.79449664760105 0.000000000000000

 spin=1 k-point=1212/1284 Cartesian=0.000000000000000 0.08994676095058715 0.09595455592231543 (3808 plane wave)
 1 -1.100574127043552 0.001562500000000037
 2 -1.100572490621458 0.001562500000000037
 3 8.426673909716980 0.000000000000000
 4 8.426675407225114 0.000000000000000
 5 9.943701089157020 0.000000000000000
 6 9.943701295991364 0.000000000000000
 7 12.79778442664072 0.000000000000000
 8 12.79778609213910 0.000000000000000
 9 14.17945518845184 0.000000000000000
 10 14.17945668655866 0.000000000000000
 11 19.63165013576650 0.000000000000000
 12 19.63165019986239 0.000000000000000

 spin=1 k-point=1213/1284 Cartesian=0.01947404499283394 0.1011901060694107 0.09595455592231543 (3794 plane wave)
 1 -0.7257707483167406 0.001562500000000037
 2 -0.7257691118135763 0.001562500000000037
 3 7.661265471154564 0.000000000000000
 4 7.661267060343791 0.000000000000000
 5 10.15424547852033 0.000000000000000
 6 10.15424575321461 0.000000000000000
 7 11.46820103760316 0.000000000000000
 8 11.46820245057060 0.000000000000000
 9 15.14240012753699 0.000000000000000
 10 15.14240167047343 0.000000000000000
 11 18.85058733032366 0.000000000000000
 12 18.85058741281579 0.000000000000000

 spin=1 k-point=1214/1284 Cartesian=0.03894808998566748 0.1124334511882340 0.09595455592231543 (3800 plane wave)
 1 -0.2017944093709178 0.001562500000000036
 2 -0.2017927728068517 0.001562500000000036
 3 7.001451701440858 0.000000000000000
 4 7.001453312175653 0.000000000000000
 5 9.337344003350594 0.000000000000000
 6 9.337345473665133 0.000000000000000
 7 10.99548685263356 0.000000000000000
 8 10.99548703616329 0.000000000000000
 9 16.65861517850286 0.000000000000000
 10 16.65861660571042 0.000000000000000
 11 18.25737034805139 0.000000000000000
 12 18.25737054322781 0.000000000000000

 spin=1 k-point=1215/1284 Cartesian=0.05842213497850103 0.1236767963070574 0.09595455592231543 (3802 plane wave)
 1 0.4701329917448510 0.001562499999999571
 2 0.4701346281290591 0.001562499999999571
 3 6.457231873206082 0.000000000000000
 4 6.457233473478798 0.000000000000000
 5 7.754176358129764 0.000000000000000
 6 7.754177882125283 0.000000000000000
 7 11.56780136268962 0.000000000000000
 8 11.56780144536637 0.000000000000000
 9 17.33618561807343 0.000000000000000
 10 17.33618584513000 0.000000000000000
 11 18.44700690371817 0.000000000000000
 12 18.44700760854904 0.000000000000000

 spin=1 k-point=1216/1284 Cartesian=0.07789617997133459 0.1349201414258807 0.09595455592231543 (3782 plane wave)
 1 1.286877965513639 0.001562499998358996
 2 1.286879600523901 0.001562499998358969
 3 5.858025450848492 2.090617061313479e-14
 4 5.858026878959915 2.090587205178284e-14
 5 6.448175407604668 0.000000000000000
 6 6.448176632253897 0.000000000000000
 7 12.34427586803578 0.000000000000000
 8 12.34427593484700 0.000000000000000
 9 16.79425317585108 0.000000000000000
 10 16.79425325065260 0.000000000000000
 11 17.58063758176656 0.000000000000000
 12 17.58063774873189 0.000000000000000

 spin=1 k-point=1217/1284 Cartesian=0.09737022496416814 0.1461634865447041 0.09595455592231543 (3782 plane wave)
 1 2.235627007547205 0.001562478348941308
 2 2.235628632346176 0.001562478348589524
 3 4.682102037027003 2.674517818565659e-09
 4 4.682103620297919 2.674475474100209e-09
 5 6.015251227009977 4.339617511642433e-15
 6 6.015252734997698 4.339552071220657e-15
 7 13.24710468846501 0.000000000000000
 8 13.24710474515946 0.000000000000000
 9 15.71719497935761 0.000000000000000
 10 15.71719505376888 0.000000000000000
 11 17.14050135253709 0.000000000000000
 12 17.14050147983662 0.000000000000000

 spin=1 k-point=1218/1284 Cartesian=0.1168442699570017 0.1574068316635274 0.09595455592231543 (3768 plane wave)
 1 3.062443357876066 0.001482432070802250
 2 3.062444757324040 0.001482431007705075
 3 3.729382979474960 3.587290018283771e-05
 4 3.729384299247803 3.587243761440631e-05
 5 5.920349761757044 1.120994239418277e-14
 6 5.920351312289806 1.120976858165831e-14
 7 13.95515579053414 0.000000000000000
 8 13.95515584709577 0.000000000000000
 9 14.90068433501832 0.000000000000000
 10 14.90068443443947 0.000000000000000
 11 17.03787919156251 0.000000000000000
 12 17.03787930753797 0.000000000000000

 spin=1 k-point=1219/1284 Cartesian=0.1363183149498352 0.1686501767823507 0.09595455592231543 (3782 plane wave)
 1 2.235627006736701 0.001562478348941484
 2 2.235628633548013 0.001562478348589264
 3 4.682102039368024 2.674517755954727e-09
 4 4.682103616665998 2.674475571234931e-09
 5 6.015251225320644 4.339617584953060e-15
 6 6.015252737383212 4.339551967700005e-15
 7 13.24710468799931 0.000000000000000
 8 13.24710474620213 0.000000000000000
 9 15.71719498225564 0.000000000000000
 10 15.71719505381392 0.000000000000000
 11 17.14050134727357 0.000000000000000
 12 17.14050148019553 0.000000000000000

 spin=1 k-point=1220/1284 Cartesian=0.1557923599426688 0.1798935219011741 0.09595455592231543 (3782 plane wave)
 1 1.286877964948117 0.001562499998358996
 2 1.286879601363890 0.001562499998358969
 3 5.858025457718639 2.090616917684986e-14
 4 5.858026868783211 2.090587417931217e-14
 5 6.448175401470140 0.000000000000000
 6 6.448176640997338 0.000000000000000
 7 12.34427586771684 0.000000000000000
 8 12.34427593611354 0.000000000000000
 9 16.79425318219906 0.000000000000000
 10 16.79425325581752 0.000000000000000
 11 17.58063756643830 0.000000000000000
 12 17.58063774769792 0.000000000000000

 spin=1 k-point=1221/1284 Cartesian=0.1363183149498352 -0.01124334511882266 0.09595455592231543 (3802 plane wave)
 1 0.4701329913382343 0.001562499999999571
 2 0.4701346287289880 0.001562499999999571
 3 6.457231875519981 0.000000000000000
 4 6.457233469018333 0.000000000000000
 5 7.754176356018011 0.000000000000000
 6 7.754177885532191 0.000000000000000
 7 11.56780136262150 0.000000000000000
 8 11.56780144660398 0.000000000000000
 9 17.33618562679526 0.000000000000000
 10 17.33618584678137 0.000000000000000
 11 18.44700689549694 0.000000000000000
 12 18.44700759500524 0.000000000000000

 spin=1 k-point=1222/1284 Cartesian=0.1168442699570017 -0.02248669023764600 0.09595455592231543 (3800 plane wave)
 1 -0.2017944096637443 0.001562500000000036
 2 -0.2017927723781526 0.001562500000000036
 3 7.001451702073425 0.000000000000000
 4 7.001453309724115 0.000000000000000
 5 9.337344003015236 0.000000000000000
 6 9.337345475071224 0.000000000000000
 7 10.99548685283895 0.000000000000000
 8 10.99548703686302 0.000000000000000
 9 16.65861517895773 0.000000000000000
 10 16.65861660731817 0.000000000000000
 11 18.25737035205287 0.000000000000000
 12 18.25737054090588 0.000000000000000

 spin=1 k-point=1223/1284 Cartesian=0.09737022496416814 -0.03373003535646934 0.09595455592231543 (3794 plane wave)
 1 -0.7257707485206991 0.001562500000000037
 2 -0.7257691115170429 0.001562500000000037
 3 7.661265470641566 0.000000000000000
 4 7.661267058769362 0.000000000000000
 5 10.15424548196955 0.000000000000000
 6 10.15424575316257 0.000000000000000
 7 11.46820103586036 0.000000000000000
 8 11.46820245049419 0.000000000000000
 9 15.14240012717388 0.000000000000000
 10 15.14240167242398 0.000000000000000
 11 18.85058733348127 0.000000000000000
 12 18.85058741289087 0.000000000000000

 spin=1 k-point=1224/1284 Cartesian=-0.07789617997133380 0.04497338047529403 0.09595455592231543 (3808 plane wave)
 1 -1.100574127172972 0.001562500000000037
 2 -1.100572490434288 0.001562500000000037
 3 8.426673907538653 0.000000000000000
 4 8.426675406313315 0.000000000000000
 5 9.943701093558076 0.000000000000000
 6 9.943701296152639 0.000000000000000
 7 12.79778442441434 0.000000000000000
 8 12.79778608927884 0.000000000000000
 9 14.17945518878028 0.000000000000000
 10 14.17945669066697 0.000000000000000
 11 19.63165013866759 0.000000000000000
 12 19.63165020051494 0.000000000000000

 spin=1 k-point=1225/1284 Cartesian=-0.05842213497850025 0.05621672559411737 0.09595455592231543 (3808 plane wave)
 1 -1.325632634414140 0.001562500000000037
 2 -1.325630997872527 0.001562500000000037
 3 9.139333509727326 0.000000000000000
 4 9.139334422994251 0.000000000000000
 5 9.941793152395189 0.000000000000000
 6 9.941793945232032 0.000000000000000
 7 12.00502961756087 0.000000000000000
 8 12.00503116269531 0.000000000000000
 9 15.73264578787485 0.000000000000000
 10 15.73264736132408 0.000000000000000
 11 20.13331725588861 0.000000000000000
 12 20.13331828716111 0.000000000000000

 spin=1 k-point=1226/1284 Cartesian=-0.03894808998566670 0.06746007071294070 0.09595455592231543 (3802 plane wave)
 1 -1.400678621283647 0.001562500000000037
 2 -1.400676984858739 0.001562500000000037
 3 9.336215067958749 0.000000000000000
 4 9.336215316274442 0.000000000000000
 5 10.39082308967686 0.000000000000000
 6 10.39082450117793 0.000000000000000
 7 11.18639660890898 0.000000000000000
 8 11.18639770289711 0.000000000000000
 9 17.62301358675428 0.000000000000000
 10 17.62301505005854 0.000000000000000
 11 18.29688673548467 0.000000000000000
 12 18.29688798071405 0.000000000000000

 spin=1 k-point=1227/1284 Cartesian=-0.01947404499283316 0.07870341583176405 0.09595455592231543 (3808 plane wave)
 1 -1.325632634351235 0.001562500000000037
 2 -1.325630997963203 0.001562500000000037
 3 9.139333514556986 0.000000000000000
 4 9.139334422929160 0.000000000000000
 5 9.941793144995904 0.000000000000000
 6 9.941793945897770 0.000000000000000
 7 12.00502962010466 0.000000000000000
 8 12.00503116307257 0.000000000000000
 9 15.73264578802884 0.000000000000000
 10 15.73264735962925 0.000000000000000
 11 20.13331725586531 0.000000000000000
 12 20.13331828124143 0.000000000000000

 spin=1 k-point=1228/1284 Cartesian=0.000000000000000 0.1124334511882338 0.09595455592231543 (3794 plane wave)
 1 -0.4264726381521685 0.001562500000000037
 2 -0.4264710017028397 0.001562500000000037
 3 6.790282140701725 0.000000000000000
 4 6.790283750321191 0.000000000000000
 5 10.49655879006273 0.000000000000000
 6 10.49655892076320 0.000000000000000
 7 12.26750224256228 0.000000000000000
 8 12.26750390839188 0.000000000000000
 9 13.67980490530007 0.000000000000000
 10 13.67980634512246 0.000000000000000
 11 18.01053972225145 0.000000000000000
 12 18.01053981929941 0.000000000000000

 spin=1 k-point=1229/1284 Cartesian=0.01947404499283394 0.1236767963070574 0.09595455592231543 (3790 plane wave)
 1 0.02179190816906579 0.001562500000000032
 2 0.02179354443816350 0.001562500000000032
 3 6.053560198199817 2.958541491449329e-15
 4 6.053561814975493 2.958493658845112e-15
 5 10.50579937241102 0.000000000000000
 6 10.50580038415913 0.000000000000000
 7 11.35180630887989 0.000000000000000
 8 11.35180698143462 0.000000000000000
 9 14.66541523939930 0.000000000000000
 10 14.66541671771986 0.000000000000000
 11 17.32635079011839 0.000000000000000
 12 17.32635092962532 0.000000000000000

 spin=1 k-point=1230/1284 Cartesian=0.03894808998566748 0.1349201414258807 0.09595455592231543 (3806 plane wave)
 1 0.6178071635878566 0.001562499999997998
 2 0.6178087992220503 0.001562499999997998
 3 5.458487994027156 1.136171897797966e-12
 4 5.458489612210875 1.136153512593563e-12
 5 9.026754177110901 0.000000000000000
 6 9.026755745531101 0.000000000000000
 7 11.70717836295234 0.000000000000000
 8 11.70717845726541 0.000000000000000
 9 15.96675930131158 0.000000000000000
 10 15.96676019922470 0.000000000000000
 11 17.10227876307698 0.000000000000000
 12 17.10227947220931 0.000000000000000

 spin=1 k-point=1231/1284 Cartesian=0.05842213497850103 0.1461634865447041 0.09595455592231543 (3784 plane wave)
 1 1.358703215611568 0.001562499996634514
 2 1.358704848974547 0.001562499996634459
 3 5.005623715418297 1.052468408260893e-10
 4 5.005625328871982 1.052451427304546e-10
 5 7.446467842639538 0.000000000000000
 6 7.446469418551176 0.000000000000000
 7 12.40841275760151 0.000000000000000
 8 12.40841282294163 0.000000000000000
 9 15.99484866254983 0.000000000000000
 10 15.99484878786180 0.000000000000000
 11 18.11365499648982 0.000000000000000
 12 18.11365578005529 0.000000000000000

 spin=1 k-point=1232/1284 Cartesian=0.07789617997133459 0.1574068316635274 0.09595455592231543 (3782 plane wave)
 1 2.235627007811568 0.001562478348941251
 2 2.235628631585487 0.001562478348589689
 3 4.682102036080606 2.674517843877194e-09
 4 4.682103621899779 2.674475431258922e-09
 5 6.015251227579093 4.339617486944993e-15
 6 6.015252734514783 4.339552092176946e-15
 7 13.24710468893716 0.000000000000000
 8 13.24710474548056 0.000000000000000
 9 15.71719497682168 0.000000000000000
 10 15.71719505236704 0.000000000000000
 11 17.14050135691197 0.000000000000000
 12 17.14050148082453 0.000000000000000

 spin=1 k-point=1233/1284 Cartesian=0.09737022496416814 0.1686501767823507 0.09595455592231543 (3768 plane wave)
 1 3.195103741635740 0.001298268200853478
 2 3.195105292084277 0.001298264796856500
 3 4.332527685182415 8.818692899081860e-08
 4 4.332529176316974 8.818561408874145e-08
 5 4.963845352354863 1.598270278094264e-10
 6 4.963846524510061 1.598251543993244e-10
 7 14.11297820240921 0.000000000000000
 8 14.11297824626898 0.000000000000000
 9 15.38136485576510 0.000000000000000
 10 15.38136499293917 0.000000000000000
 11 16.20990891170254 0.000000000000000
 12 16.20990912125731 0.000000000000000

 spin=1 k-point=1234/1284 Cartesian=0.1168442699570017 0.1798935219011741 0.09595455592231543 (3768 plane wave)
 1 3.195103739354867 0.001298268205861090
 2 3.195105295577633 0.001298264789186826
 3 4.332527691731814 8.818692321542882e-08
 4 4.332529166079316 8.818562311637551e-08
 5 4.963845348371749 1.598270341755202e-10
 6 4.963846530891547 1.598251442001037e-10
 7 14.11297820068832 0.000000000000000
 8 14.11297824734858 0.000000000000000
 9 15.38136485372583 0.000000000000000
 10 15.38136500073323 0.000000000000000
 11 16.20990890403095 0.000000000000000
 12 16.20990912318990 0.000000000000000

 spin=1 k-point=1235/1284 Cartesian=0.1363183149498352 0.1911368670199974 0.09595455592231543 (3782 plane wave)
 1 2.235627006542075 0.001562478348941526
 2 2.235628633573714 0.001562478348589258
 3 4.682102039656439 2.674517748241050e-09
 4 4.682103615742229 2.674475595940850e-09
 5 6.015251225447183 4.339617579461746e-15
 6 6.015252738278482 4.339551928849268e-15
 7 13.24710468796729 0.000000000000000
 8 13.24710474677809 0.000000000000000
 9 15.71719498125760 0.000000000000000
 10 15.71719505398313 0.000000000000000
 11 17.14050134786503 0.000000000000000
 12 17.14050148082217 0.000000000000000

 spin=1 k-point=1236/1284 Cartesian=0.1557923599426688 0.2023802121388207 0.09595455592231543 (3784 plane wave)
 1 1.358703214811289 0.001562499996634514
 2 1.358704850215117 0.001562499996634459
 3 5.005623717245821 1.052468389026785e-10
 4 5.005625325295558 1.052451464944689e-10
 5 7.446467841574837 0.000000000000000
 6 7.446469420514128 0.000000000000000
 7 12.40841275704891 0.000000000000000
 8 12.40841282438924 0.000000000000000
 9 15.99484866830933 0.000000000000000
 10 15.99484878660120 0.000000000000000
 11 18.11365499110578 0.000000000000000
 12 18.11365577084893 0.000000000000000

 spin=1 k-point=1237/1284 Cartesian=0.1363183149498352 -0.03373003535646932 0.09595455592231543 (3806 plane wave)
 1 0.6178071630456224 0.001562499999997998
 2 0.6178088000514086 0.001562499999997998
 3 5.458487995026991 1.136171886438127e-12
 4 5.458489609746733 1.136153540590006e-12
 5 9.026754176609737 0.000000000000000
 6 9.026755746615681 0.000000000000000
 7 11.70717836294449 0.000000000000000
 8 11.70717845839940 0.000000000000000
 9 15.96675930287996 0.000000000000000
 10 15.96676020032286 0.000000000000000
 11 17.10227876427999 0.000000000000000
 12 17.10227946925260 0.000000000000000

 spin=1 k-point=1238/1284 Cartesian=0.1168442699570017 -0.04497338047529265 0.09595455592231543 (3790 plane wave)
 1 0.02179190779719299 0.001562500000000032
 2 0.02179354500007380 0.001562500000000032
 3 6.053560198613138 2.958541479221079e-15
 4 6.053561813151751 2.958493712800379e-15
 5 10.50579937358792 0.000000000000000
 6 10.50580038470856 0.000000000000000
 7 11.35180630879062 0.000000000000000
 8 11.35180698112908 0.000000000000000
 9 14.66541523861844 0.000000000000000
 10 14.66541671947190 0.000000000000000
 11 17.32635079190247 0.000000000000000
 12 17.32635092915516 0.000000000000000

 spin=1 k-point=1239/1284 Cartesian=-0.09737022496416733 0.05621672559411737 0.09595455592231543 (3794 plane wave)
 1 -0.4264726383965339 0.001562500000000037
 2 -0.4264710013370966 0.001562500000000037
 3 6.790282140550657 0.000000000000000
 4 6.790283748943508 0.000000000000000
 5 10.49655879319065 0.000000000000000
 6 10.49655892104820 0.000000000000000
 7 12.26750224053007 0.000000000000000
 8 12.26750390573194 0.000000000000000
 9 13.67980490541014 0.000000000000000
 10 13.67980634861453 0.000000000000000
 11 18.01053972383773 0.000000000000000
 12 18.01053981939368 0.000000000000000

 spin=1 k-point=1240/1284 Cartesian=-0.07789617997133380 0.06746007071294070 0.09595455592231543 (3794 plane wave)
 1 -0.7257707484951620 0.001562500000000037
 2 -0.7257691116339191 0.001562500000000037
 3 7.661265470493465 0.000000000000000
 4 7.661267059480003 0.000000000000000
 5 10.15424548277923 0.000000000000000
 6 10.15424575017345 0.000000000000000
 7 11.46820103498222 0.000000000000000
 8 11.46820245432720 0.000000000000000
 9 15.14240012761808 0.000000000000000
 10 15.14240167055880 0.000000000000000
 11 18.85058733265750 0.000000000000000
 12 18.85058741346749 0.000000000000000

 spin=1 k-point=1241/1284 Cartesian=-0.05842213497850025 0.07870341583176403 0.09595455592231543 (3800 plane wave)
 1 -0.8755359294593311 0.001562500000000037
 2 -0.8755342927643635 0.001562500000000037
 3 8.638697911927624 0.000000000000000
 4 8.638699433241531 0.000000000000000
 5 9.605134398708834 0.000000000000000
 6 9.605135415865972 0.000000000000000
 7 10.66604518048842 0.000000000000000
 8 10.66604582821915 0.000000000000000
 9 17.24034494298059 0.000000000000000
 10 17.24034649604647 0.000000000000000
 11 19.35065574135909 0.000000000000000
 12 19.35065674096416 0.000000000000000

 spin=1 k-point=1242/1284 Cartesian=-0.03894808998566670 0.08994676095058737 0.09595455592231543 (3800 plane wave)
 1 -0.8755359294140287 0.001562500000000037
 2 -0.8755342928315113 0.001562500000000037
 3 8.638697914156465 0.000000000000000
 4 8.638699433830165 0.000000000000000
 5 9.605134393408743 0.000000000000000
 6 9.605135415958937 0.000000000000000
 7 10.66604518310693 0.000000000000000
 8 10.66604582822982 0.000000000000000
 9 17.24034494220565 0.000000000000000
 10 17.24034649608056 0.000000000000000
 11 19.35065574332305 0.000000000000000
 12 19.35065673535469 0.000000000000000

 spin=1 k-point=1243/1284 Cartesian=-0.01947404499283316 0.1011901060694107 0.09595455592231543 (3794 plane wave)
 1 -0.7257707483558725 0.001562500000000037
 2 -0.7257691118410288 0.001562500000000037
 3 7.661265471380946 0.000000000000000
 4 7.661267060483129 0.000000000000000
 5 10.15424547756033 0.000000000000000
 6 10.15424575048619 0.000000000000000
 7 11.46820103864821 0.000000000000000
 8 11.46820245468820 0.000000000000000
 9 15.14240012722264 0.000000000000000
 10 15.14240166919376 0.000000000000000
 11 18.85058733087414 0.000000000000000
 12 18.85058741314803 0.000000000000000

 spin=1 k-point=1244/1284 Cartesian=0.000000000000000 0.1349201414258805 0.09595455592231543 (3794 plane wave)
 1 0.3936143414704607 0.001562499999999820
 2 0.3936159770522102 0.001562499999999820
 3 5.242363042553098 9.864225889026601e-12
 4 5.242364659738381 9.864066367469047e-12
 5 11.21442944919526 0.000000000000000
 6 11.21442966574037 0.000000000000000
 7 11.88856538318171 0.000000000000000
 8 11.88856704919675 0.000000000000000
 9 13.32541482712784 0.000000000000000
 10 13.32541612072950 0.000000000000000
 11 16.54588950586533 0.000000000000000
 12 16.54588965314113 0.000000000000000

 spin=1 k-point=1245/1284 Cartesian=0.01947404499283394 0.1461634865447040 0.09595455592231543 (3790 plane wave)
 1 0.9117983217533868 0.001562499999961474
 2 0.9117999553211614 0.001562499999961473
 3 4.577709612804387 7.596521591773247e-09
 4 4.577711226222067 7.596399029705494e-09
 5 10.42956999984783 0.000000000000000
 6 10.42957152266979 0.000000000000000
 7 11.95580859156697 0.000000000000000
 8 11.95580877890538 0.000000000000000
 9 14.25282362159885 0.000000000000000
 10 14.25282490598216 0.000000000000000
 11 16.03072962696384 0.000000000000000
 12 16.03072992642585 0.000000000000000

 spin=1 k-point=1246/1284 Cartesian=0.03894808998566748 0.1574068316635274 0.09595455592231543 (3782 plane wave)
 1 1.571107936976770 0.001562499971847678
 2 1.571109563400085 0.001562499971847220
 3 4.066056090628663 1.265751612607081e-06
 4 4.066057691370358 1.265731367763465e-06
 5 8.822368419820078 0.000000000000000
 6 8.822370012803193 0.000000000000000
 7 12.58997853955334 0.000000000000000
 8 12.58997860239332 0.000000000000000
 9 14.93872978478015 0.000000000000000
 10 14.93873013899076 0.000000000000000
 11 16.57404046631157 0.000000000000000
 12 16.57404172112377 0.000000000000000

 spin=1 k-point=1247/1284 Cartesian=0.05842213497850103 0.1686501767823507 0.09595455592231543 (3780 plane wave)
 1 2.350133208445961 0.001562431960599614
 2 2.350134797388210 0.001562431959518545
 3 3.726069978006430 3.705262138137415e-05
 4 3.726071526935964 3.705206107610510e-05
 5 7.295687505516213 0.000000000000000
 6 7.295689094126878 0.000000000000000
 7 13.32788972888448 0.000000000000000
 8 13.32788978356388 0.000000000000000
 9 14.80753981684550 0.000000000000000
 10 14.80753995000388 0.000000000000000
 11 17.95325288540797 0.000000000000000
 12 17.95325368938844 0.000000000000000

 spin=1 k-point=1248/1284 Cartesian=0.07789617997133459 0.1798935219011741 0.09595455592231543 (3768 plane wave)
 1 3.062443361282735 0.001482432068214374
 2 3.062444749611238 0.001482431013564179
 3 3.729382974909569 3.587290178297599e-05
 4 3.729384308779509 3.587243427365112e-05
 5 5.920349762675749 1.120994229119645e-14
 6 5.920351311055911 1.120976871997514e-14
 7 13.95515579251359 0.000000000000000
 8 13.95515585168558 0.000000000000000
 9 14.90068432648097 0.000000000000000
 10 14.90068443166421 0.000000000000000
 11 17.03787919806010 0.000000000000000
 12 17.03787930886407 0.000000000000000

 spin=1 k-point=1249/1284 Cartesian=0.09737022496416814 0.1911368670199974 0.09595455592231543 (3768 plane wave)
 1 3.195103740598854 0.001298268203129941
 2 3.195105292234473 0.001298264796526745
 3 4.332527687386866 8.818692704688929e-08
 4 4.332529175488608 8.818561481919986e-08
 5 4.963845351275715 1.598270295341966e-10
 6 4.963846525130244 1.598251534081143e-10
 7 14.11297820287937 0.000000000000000
 8 14.11297824909742 0.000000000000000
 9 15.38136485233575 0.000000000000000
 10 15.38136498966768 0.000000000000000
 11 16.20990891310516 0.000000000000000
 12 16.20990912351186 0.000000000000000

 spin=1 k-point=1250/1284 Cartesian=0.1168442699570017 0.2023802121388207 0.09595455592231543 (3768 plane wave)
 1 3.062443355840087 0.001482432072348882
 2 3.062444758112126 0.001482431007106399
 3 3.729382981742059 3.587289938823525e-05
 4 3.729384297638962 3.587243817828717e-05
 5 5.920349761700854 1.120994240048168e-14
 6 5.920351313176024 1.120976848231533e-14
 7 13.95515579011542 0.000000000000000
 8 13.95515585226217 0.000000000000000
 9 14.90068433124200 0.000000000000000
 10 14.90068443257056 0.000000000000000
 11 17.03787919233447 0.000000000000000
 12 17.03787930879454 0.000000000000000

 spin=1 k-point=1251/1284 Cartesian=0.1363183149498352 0.2136235572576441 0.09595455592231543 (3780 plane wave)
 1 2.350133206011155 0.001562431960601270
 2 2.350134801386673 0.001562431959515825
 3 3.726069981083232 3.705262026837270e-05
 4 3.726071521238835 3.705206313695257e-05
 5 7.295687504936085 0.000000000000000
 6 7.295689095525320 0.000000000000000
 7 13.32788972724386 0.000000000000000
 8 13.32788978513179 0.000000000000000
 9 14.80753982317096 0.000000000000000
 10 14.80753994735578 0.000000000000000
 11 17.95325288114661 0.000000000000000
 12 17.95325368202977 0.000000000000000

 spin=1 k-point=1252/1284 Cartesian=0.1557923599426688 0.2248669023764674 0.09595455592231543 (3782 plane wave)
 1 1.571107935747779 0.001562499971847678
 2 1.571109565397788 0.001562499971847220
 3 4.066056092263808 1.265751591926973e-06
 4 4.066057687986892 1.265731410554375e-06
 5 8.822368419527546 0.000000000000000
 6 8.822370013646278 0.000000000000000
 7 12.58997853860273 0.000000000000000
 8 12.58997860443014 0.000000000000000
 9 14.93872978820779 0.000000000000000
 10 14.93873013765734 0.000000000000000
 11 16.57404046581366 0.000000000000000
 12 16.57404171957422 0.000000000000000

 spin=1 k-point=1253/1284 Cartesian=0.1363183149498352 -0.05621672559411599 0.09595455592231543 (3790 plane wave)
 1 0.9117983210053195 0.001562499999961474
 2 0.9117999565138685 0.001562499999961473
 3 4.577709613767450 7.596521518614391e-09
 4 4.577711223839440 7.596399210698422e-09
 5 10.42956999983645 0.000000000000000
 6 10.42957152296514 0.000000000000000
 7 11.95580859263270 0.000000000000000
 8 11.95580877947314 0.000000000000000
 9 14.25282362028139 0.000000000000000
 10 14.25282490730217 0.000000000000000
 11 16.03072962860038 0.000000000000000
 12 16.03072992557519 0.000000000000000

 spin=1 k-point=1254/1284 Cartesian=-0.1168442699570009 0.06746007071294070 0.09595455592231543 (3794 plane wave)
 1 0.3936143409946208 0.001562499999999820
 2 0.3936159777982790 0.001562499999999820
 3 5.242363043058917 9.864225839131400e-12
 4 5.242364657937325 9.864066545126443e-12
 5 11.21442945291098 0.000000000000000
 6 11.21442966635396 0.000000000000000
 7 11.88856538126005 0.000000000000000
 8 11.88856704665724 0.000000000000000
 9 13.32541482642674 0.000000000000000
 10 13.32541612346827 0.000000000000000
 11 16.54588950714898 0.000000000000000
 12 16.54588965289613 0.000000000000000

 spin=1 k-point=1255/1284 Cartesian=-0.09737022496416733 0.07870341583176403 0.09595455592231543 (3790 plane wave)
 1 0.02179190783098066 0.001562500000000032
 2 0.02179354484860632 0.001562500000000032
 3 6.053560198476570 2.958541483261482e-15
 4 6.053561813683821 2.958493697059131e-15
 5 10.50579937540789 0.000000000000000
 6 10.50580037935999 0.000000000000000
 7 11.35180630656661 0.000000000000000
 8 11.35180698814492 0.000000000000000
 9 14.66541523936926 0.000000000000000
 10 14.66541671635508 0.000000000000000
 11 17.32635079167929 0.000000000000000
 12 17.32635093025593 0.000000000000000

 spin=1 k-point=1256/1284 Cartesian=-0.07789617997133380 0.08994676095058737 0.09595455592231543 (3800 plane wave)
 1 -0.2017944096000782 0.001562500000000036
 2 -0.2017927726591772 0.001562500000000036
 3 7.001451701610199 0.000000000000000
 4 7.001453311328249 0.000000000000000
 5 9.337344004240268 0.000000000000000
 6 9.337345471245030 0.000000000000000
 7 10.99548685193222 0.000000000000000
 8 10.99548704096095 0.000000000000000
 9 16.65861517924134 0.000000000000000
 10 16.65861660266250 0.000000000000000
 11 18.25737034991144 0.000000000000000
 12 18.25737054462811 0.000000000000000

 spin=1 k-point=1257/1284 Cartesian=-0.05842213497850025 0.1011901060694107 0.09595455592231543 (3788 plane wave)
 1 -0.2763924941860026 0.001562500000000036
 2 -0.2763908573973923 0.001562500000000036
 3 7.894650412322519 0.000000000000000
 4 7.894651832463474 0.000000000000000
 5 8.335993540443292 0.000000000000000
 6 8.335994730089201 0.000000000000000
 7 10.89951006325300 0.000000000000000
 8 10.89951019338067 0.000000000000000
 9 18.49417812072357 0.000000000000000
 10 18.49417875664007 0.000000000000000
 11 18.72956297329668 0.000000000000000
 12 18.72956429765015 0.000000000000000

 spin=1 k-point=1258/1284 Cartesian=-0.03894808998566670 0.1124334511882340 0.09595455592231543 (3800 plane wave)
 1 -0.2017944094642176 0.001562500000000036
 2 -0.2017927728680692 0.001562500000000036
 3 7.001451701932232 0.000000000000000
 4 7.001453312394506 0.000000000000000
 5 9.337344001999826 0.000000000000000
 6 9.337345470925232 0.000000000000000
 7 10.99548685321011 0.000000000000000
 8 10.99548704123209 0.000000000000000
 9 16.65861517697432 0.000000000000000
 10 16.65861660310484 0.000000000000000
 11 18.25737035007381 0.000000000000000
 12 18.25737054455990 0.000000000000000

 spin=1 k-point=1259/1284 Cartesian=-0.01947404499283316 0.1236767963070574 0.09595455592231543 (3790 plane wave)
 1 0.02179190811797040 0.001562500000000032
 2 0.02179354440411904 0.001562500000000032
 3 6.053560198370345 2.958541486404205e-15
 4 6.053561815080329 2.958493655743547e-15
 5 10.50579937039603 0.000000000000000
 6 10.50580037948383 0.000000000000000
 7 11.35180631087174 0.000000000000000
 8 11.35180698844561 0.000000000000000
 9 14.66541523840348 0.000000000000000
 10 14.66541671538138 0.000000000000000
 11 17.32635079056365 0.000000000000000
 12 17.32635093057708 0.000000000000000

 spin=1 k-point=1260/1284 Cartesian=0.000000000000000 0.1574068316635272 0.09595455592231543 (3800 plane wave)
 1 1.347458230914897 0.001562499996992463
 2 1.347459857431462 0.001562499996992414
 3 3.847041135375461 1.123919836808879e-05
 4 3.847042734289515 1.123901995696308e-05
 5 11.66115141101971 0.000000000000000
 6 11.66115307713240 0.000000000000000
 7 11.95400908712675 0.000000000000000
 8 11.95400965025325 0.000000000000000
 9 13.13302746696026 0.000000000000000
 10 13.13302828375178 0.000000000000000
 11 15.33768030089673 0.000000000000000
 12 15.33768057427596 0.000000000000000

 spin=1 k-point=1261/1284 Cartesian=0.01947404499283394 0.1686501767823507 0.09595455592231543 (3796 plane wave)
 1 1.904493821223685 0.001562499210428601
 2 1.904495410979670 0.001562499210416049
 3 3.290313104943849 0.001023004913159441
 4 3.290314646500623 0.001022999468059522
 5 10.32128381922375 0.000000000000000
 6 10.32128540962062 0.000000000000000
 7 12.81840706581310 0.000000000000000
 8 12.81840722249248 0.000000000000000
 9 13.70873334487042 0.000000000000000
 10 13.70873416400221 0.000000000000000
 11 15.22925744327860 0.000000000000000
 12 15.22925815776817 0.000000000000000

 spin=1 k-point=1262/1284 Cartesian=0.03894808998566748 0.1798935219011741 0.09595455592231543 (3794 plane wave)
 1 2.401071365678543 0.001562386767896301
 2 2.401072759827539 0.001562386766317779
 3 3.089147839184732 0.001459538365771735
 4 3.089149127770419 0.001459537126442326
 5 8.752591761734569 0.000000000000000
 6 8.752593360194394 0.000000000000000
 7 13.32224210608778 0.000000000000000
 8 13.32224218349471 0.000000000000000
 9 14.11371625940348 0.000000000000000
 10 14.11371659256302 0.000000000000000
 11 16.44294540051928 0.000000000000000
 12 16.44294676474712 0.000000000000000

 spin=1 k-point=1263/1284 Cartesian=0.05842213497850103 0.1911368670199974 0.09595455592231543 (3780 plane wave)
 1 2.350133208155554 0.001562431960599811
 2 2.350134797300493 0.001562431959518605
 3 3.726069978303959 3.705262127374617e-05
 4 3.726071527142499 3.705206100139408e-05
 5 7.295687505368890 0.000000000000000
 6 7.295689093976548 0.000000000000000
 7 13.32788972994095 0.000000000000000
 8 13.32788978508178 0.000000000000000
 9 14.80753981658428 0.000000000000000
 10 14.80753994721647 0.000000000000000
 11 17.95325288577389 0.000000000000000
 12 17.95325368957523 0.000000000000000

 spin=1 k-point=1264/1284 Cartesian=0.07789617997133459 0.2023802121388208 0.09595455592231543 (3782 plane wave)
 1 2.235627007385600 0.001562478348941343
 2 2.235628631463244 0.001562478348589715
 3 4.682102037029539 2.674517818497831e-09
 4 4.682103622017632 2.674475428107003e-09
 5 6.015251226964305 4.339617513624450e-15
 6 6.015252734489204 4.339552093286983e-15
 7 13.24710468961927 0.000000000000000
 8 13.24710474766790 0.000000000000000
 9 15.71719497625826 0.000000000000000
 10 15.71719504788295 0.000000000000000
 11 17.14050135766884 0.000000000000000
 12 17.14050148229446 0.000000000000000

 spin=1 k-point=1265/1284 Cartesian=0.09737022496416814 0.2136235572576441 0.09595455592231543 (3782 plane wave)
 1 2.235627006926914 0.001562478348941443
 2 2.235628632249330 0.001562478348589545
 3 4.682102038267266 2.674517785394647e-09
 4 4.682103619488655 2.674475495743772e-09
 5 6.015251226526075 4.339617532641929e-15
 6 6.015252735863711 4.339552033639555e-15
 7 13.24710468907415 0.000000000000000
 8 13.24710474795607 0.000000000000000
 9 15.71719497771502 0.000000000000000
 10 15.71719504961155 0.000000000000000
 11 17.14050135363087 0.000000000000000
 12 17.14050148213059 0.000000000000000

 spin=1 k-point=1266/1284 Cartesian=0.1168442699570017 0.2248669023764674 0.09595455592231543 (3780 plane wave)
 1 2.350133206248856 0.001562431960601108
 2 2.350134800561456 0.001562431959516386
 3 3.726069980738085 3.705262039322605e-05
 4 3.726071522404401 3.705206271532729e-05
 5 7.295687505128672 0.000000000000000
 6 7.295689095069324 0.000000000000000
 7 13.32788972816826 0.000000000000000
 8 13.32788978600201 0.000000000000000
 9 14.80753982237007 0.000000000000000
 10 14.80753994534458 0.000000000000000
 11 17.95325288175974 0.000000000000000
 12 17.95325368308024 0.000000000000000

 spin=1 k-point=1267/1284 Cartesian=0.1363183149498352 0.2361102474952907 0.09595455592231543 (3794 plane wave)
 1 2.401071359818597 0.001562386767902935
 2 2.401072769195417 0.001562386766307172
 3 3.089147845408976 0.001459538359785446
 4 3.089149117142374 0.001459537136664170
 5 8.752591761729247 0.000000000000000
 6 8.752593360868637 0.000000000000000
 7 13.32224210583050 0.000000000000000
 8 13.32224218331924 0.000000000000000
 9 14.11371626769432 0.000000000000000
 10 14.11371658746071 0.000000000000000
 11 16.44294539922302 0.000000000000000
 12 16.44294676399153 0.000000000000000

 spin=1 k-point=1268/1284 Cartesian=0.1557923599426688 0.2473535926141141 0.09595455592231543 (3796 plane wave)
 1 1.904493818855832 0.001562499210428620
 2 1.904495414974494 0.001562499210416017
 3 3.290313107508809 0.001023004904099490
 4 3.290314641428977 0.001022999485973674
 5 10.32128381932903 0.000000000000000
 6 10.32128540971903 0.000000000000000
 7 12.81840706719505 0.000000000000000
 8 12.81840722504723 0.000000000000000
 9 13.70873334342373 0.000000000000000
 10 13.70873416281588 0.000000000000000
 11 15.22925744449732 0.000000000000000
 12 15.22925815734751 0.000000000000000

 spin=1 k-point=1269/1284 Cartesian=-0.1363183149498344 0.07870341583176405 0.09595455592231543 (3800 plane wave)
 1 1.347458229774357 0.001562499996992463
 2 1.347459859329730 0.001562499996992414
 3 3.847041136678335 1.123919822270935e-05
 4 3.847042731338865 1.123902028620203e-05
 5 11.66115140916009 0.000000000000000
 6 11.66115307465716 0.000000000000000
 7 11.95400909327143 0.000000000000000
 8 11.95400965221341 0.000000000000000
 9 13.13302746348889 0.000000000000000
 10 13.13302828478813 0.000000000000000
 11 15.33768030235591 0.000000000000000
 12 15.33768057399865 0.000000000000000

 spin=1 k-point=1270/1284 Cartesian=-0.1168442699570009 0.08994676095058739 0.09595455592231543 (3790 plane wave)
 1 0.9117983210495556 0.001562499999961474
 2 0.9117999563224458 0.001562499999961473
 3 4.577709613666248 7.596521526302138e-09
 4 4.577711224240750 7.596399180213438e-09
 5 10.42957000075082 0.000000000000000
 6 10.42957152043203 0.000000000000000
 7 11.95580859086237 0.000000000000000
 8 11.95580878479096 0.000000000000000
 9 14.25282362149928 0.000000000000000
 10 14.25282490241242 0.000000000000000
 11 16.03072962821474 0.000000000000000
 12 16.03072992762253 0.000000000000000

 spin=1 k-point=1271/1284 Cartesian=-0.09737022496416733 0.1011901060694107 0.09595455592231543 (3806 plane wave)
 1 0.6178071631303439 0.001562499999997998
 2 0.6178087996889570 0.001562499999997998
 3 5.458487994718929 1.136171889938239e-12
 4 5.458489610836082 1.136153528213329e-12
 5 9.026754177354675 0.000000000000000
 6 9.026755744634984 0.000000000000000
 7 11.70717836248326 0.000000000000000
 8 11.70717846123061 0.000000000000000
 9 15.96675930327985 0.000000000000000
 10 15.96676019346831 0.000000000000000
 11 17.10227876335011 0.000000000000000
 12 17.10227947502144 0.000000000000000

 spin=1 k-point=1272/1284 Cartesian=-0.07789617997133380 0.1124334511882341 0.09595455592231543 (3802 plane wave)
 1 0.4701329914662145 0.001562499999999571
 2 0.4701346281984939 0.001562499999999571
 3 6.457231874244821 0.000000000000000
 4 6.457233472482240 0.000000000000000
 5 7.754176357522859 0.000000000000000
 6 7.754177881969411 0.000000000000000
 7 11.56780136280114 0.000000000000000
 8 11.56780144845688 0.000000000000000
 9 17.33618562022496 0.000000000000000
 10 17.33618583898048 0.000000000000000
 11 18.44700690107082 0.000000000000000
 12 18.44700760437364 0.000000000000000

 spin=1 k-point=1273/1284 Cartesian=-0.05842213497850025 0.1236767963070574 0.09595455592231543 (3802 plane wave)
 1 0.4701329915718976 0.001562499999999571
 2 0.4701346280297157 0.001562499999999571
 3 6.457231874176293 0.000000000000000
 4 6.457233473627146 0.000000000000000
 5 7.754176357082431 0.000000000000000
 6 7.754177881267329 0.000000000000000
 7 11.56780136300937 0.000000000000000
 8 11.56780144848297 0.000000000000000
 9 17.33618561523648 0.000000000000000
 10 17.33618583951640 0.000000000000000
 11 18.44700690698882 0.000000000000000
 12 18.44700760916362 0.000000000000000

 spin=1 k-point=1274/1284 Cartesian=-0.03894808998566670 0.1349201414258807 0.09595455592231543 (3806 plane wave)
 1 0.6178071634663657 0.001562499999997998
 2 0.6178087991484298 0.001562499999997998
 3 5.458487994360937 1.136171894005648e-12
 4 5.458489612389584 1.136153510563163e-12
 5 9.026754176377617 0.000000000000000
 6 9.026755744181209 0.000000000000000
 7 11.70717836334437 0.000000000000000
 8 11.70717846115639 0.000000000000000
 9 15.96675929860434 0.000000000000000
 10 15.96676019460290 0.000000000000000
 11 17.10227876555967 0.000000000000000
 12 17.10227947534245 0.000000000000000

 spin=1 k-point=1275/1284 Cartesian=-0.01947404499283316 0.1461634865447041 0.09595455592231543 (3790 plane wave)
 1 0.9117983216876483 0.001562499999961474
 2 0.9117999552812848 0.001562499999961473
 3 4.577709612929418 7.596521582275354e-09
 4 4.577711226307923 7.596399023183456e-09
 5 10.42956999887364 0.000000000000000
 6 10.42957152050528 0.000000000000000
 7 11.95580859287600 0.000000000000000
 8 11.95580878419606 0.000000000000000
 9 14.25282361976573 0.000000000000000
 10 14.25282490220367 0.000000000000000
 11 16.03072962761404 0.000000000000000
 12 16.03072992813050 0.000000000000000

 spin=1 k-point=1276/1284 Cartesian=0.000000000000000 0.1798935219011738 0.09595455592231543 (3800 plane wave)
 1 2.176734848309446 0.0007812439926026455
 2 2.176736243547412 0.0007812439925188281
 3 2.870115126995643 0.0007751322950480370
 4 2.870116409125334 0.0007751322172248282
 5 11.58533915032894 0.000000000000000
 6 11.58534081647179 0.000000000000000
 7 12.33917665530806 0.000000000000000
 8 12.33917787144782 0.000000000000000
 9 13.10875601004534 0.000000000000000
 10 13.10875607436788 0.000000000000000
 11 14.75626292526595 0.000000000000000
 12 14.75626339472177 0.000000000000000

 spin=1 k-point=1277/1284 Cartesian=0.01947404499283394 0.1911368670199974 0.09595455592231543 (3796 plane wave)
 1 1.904493821143652 0.001562499210428602
 2 1.904495410944602 0.001562499210416049
 3 3.290313105021327 0.001023004912885771
 4 3.290314646572015 0.001022999467807349
 5 10.32128381895404 0.000000000000000
 6 10.32128540903748 0.000000000000000
 7 12.81840706756976 0.000000000000000
 8 12.81840722665324 0.000000000000000
 9 13.70873334261660 0.000000000000000
 10 13.70873415943316 0.000000000000000
 11 15.22925744381883 0.000000000000000
 12 15.22925815903741 0.000000000000000

 spin=1 k-point=1278/1284 Cartesian=0.03894808998566748 0.2023802121388207 0.09595455592231543 (3782 plane wave)
 1 1.571107936819777 0.001562499971847678
 2 1.571109563320070 0.001562499971847220
 3 4.066056090857773 1.265751609709459e-06
 4 4.066057691525526 1.265731365801042e-06
 5 8.822368419492438 0.000000000000000
 6 8.822370012225642 0.000000000000000
 7 12.58997854016318 0.000000000000000
 8 12.58997860557604 0.000000000000000
 9 14.93872978306099 0.000000000000000
 10 14.93873013506433 0.000000000000000
 11 16.57404046758292 0.000000000000000
 12 16.57404172282600 0.000000000000000

 spin=1 k-point=1279/1284 Cartesian=0.05842213497850103 0.2136235572576441 0.09595455592231543 (3784 plane wave)
 1 1.358703215383305 0.001562499996634514
 2 1.358704848861522 0.001562499996634459
 3 5.005623715958214 1.052468402578435e-10
 4 5.005625329083465 1.052451425078796e-10
 5 7.446467842149079 0.000000000000000
 6 7.446469418077651 0.000000000000000
 7 12.40841275804210 0.000000000000000
 8 12.40841282560330 0.000000000000000
 9 15.99484866165167 0.000000000000000
 10 15.99484878378234 0.000000000000000
 11 18.11365499781829 0.000000000000000
 12 18.11365578041232 0.000000000000000

 spin=1 k-point=1280/1284 Cartesian=0.07789617997133459 0.2248669023764674 0.09595455592231543 (3782 plane wave)
 1 1.286877965206930 0.001562499998358996
 2 1.286879600391891 0.001562499998358969
 3 5.858025453144797 2.090617013306535e-14
 4 5.858026877989203 2.090587225471878e-14
 5 6.448175405780453 0.000000000000000
 6 6.448176632930600 0.000000000000000
 7 12.34427586845185 0.000000000000000
 8 12.34427593739933 0.000000000000000
 9 16.79425317411129 0.000000000000000
 10 16.79425324377478 0.000000000000000
 11 17.58063758352857 0.000000000000000
 12 17.58063775288058 0.000000000000000

 spin=1 k-point=1281/1284 Cartesian=0.09737022496416814 0.2361102474952907 0.09595455592231543 (3784 plane wave)
 1 1.358703214986629 0.001562499996634514
 2 1.358704849523911 0.001562499996634459
 3 5.005623716643665 1.052468395364280e-10
 4 5.005625327194745 1.052451444956655e-10
 5 7.446467842227396 0.000000000000000
 6 7.446469418967319 0.000000000000000
 7 12.40841275749402 0.000000000000000
 8 12.40841282586159 0.000000000000000
 9 15.99484866598725 0.000000000000000
 10 15.99484878300361 0.000000000000000
 11 18.11365499348182 0.000000000000000
 12 18.11365577458901 0.000000000000000

 spin=1 k-point=1282/1284 Cartesian=0.1168442699570017 0.2473535926141141 0.09595455592231543 (3782 plane wave)
 1 1.571107935860425 0.001562499971847678
 2 1.571109564943423 0.001562499971847220
 3 4.066056092055878 1.265751594556716e-06
 4 4.066057688767915 1.265731400676732e-06
 5 8.822368419867125 0.000000000000000
 6 8.822370012780045 0.000000000000000
 7 12.58997853849989 0.000000000000000
 8 12.58997860675438 0.000000000000000
 9 14.93872978857651 0.000000000000000
 10 14.93873013297056 0.000000000000000
 11 16.57404046547504 0.000000000000000
 12 16.57404172243948 0.000000000000000

 spin=1 k-point=1283/1284 Cartesian=0.1363183149498352 0.2585969377329374 0.09595455592231543 (3796 plane wave)
 1 1.904493818912296 0.001562499210428620
 2 1.904495414756542 0.001562499210416019
 3 3.290313107436671 0.001023004904354293
 4 3.290314641711642 0.001022999484975240
 5 10.32128381958491 0.000000000000000
 6 10.32128540902757 0.000000000000000
 7 12.81840706565141 0.000000000000000
 8 12.81840722995803 0.000000000000000
 9 13.70873334497413 0.000000000000000
 10 13.70873415707575 0.000000000000000
 11 15.22925744415450 0.000000000000000
 12 15.22925815892378 0.000000000000000

 spin=1 k-point=1284/1284 Cartesian=0.1557923599426688 0.2698402828517608 0.09595455592231543 (3800 plane wave)
 1 2.176734842406658 0.0007812439926030001
 2 2.176736253050444 0.0007812439925182572
 3 2.870115133077933 0.0007751322946788541
 4 2.870116398591128 0.0007751322178642416
 5 11.58533914848362 0.000000000000000
 6 11.58534081401467 0.000000000000000
 7 12.33917666528748 0.000000000000000
 8 12.33917787578798 0.000000000000000
 9 13.10875600335874 0.000000000000000
 10 13.10875607132162 0.000000000000000
 11 14.75626292729734 0.000000000000000
 12 14.75626339479751 0.000000000000000

