                                                                                     
                              ABACUS v3.11.0-beta.5

               Atomic-orbital Based Ab-initio Computation at UStc                    

                     Website: http://abacus.ustc.edu.cn/                             
               Documentation: https://abacus.deepmodeling.com/                       
                  Repository: https://github.com/abacusmodeling/abacus-develop       
                              https://github.com/deepmodeling/abacus-develop         
                      Commit: unknown

    Start Time is Wed Aug  5 14:43:03 2026
                                                                                     
 ------------------------------------------------------------------------------------

 READING GENERAL INFORMATION
                           global_out_dir = OUT.s1_al_ksdft_ecut040/
                           global_in_card = INPUT
                               pseudo_dir = ./
                              orbital_dir = 
                                    DRANK = 1
                                    DSIZE = 4
                                   DCOLOR = 1
                                    GRANK = 1
                                    GSIZE = 1


 >>>>>>>>>>>>>>>>>>>>>>>>>>>>>>>>>>>>>>>>>>>>>>>>>>>>>>>>>>>>>>>>>>>>>>
 |                                                                    |
 |                        #Setup Unitcell#                            |
 | From the input file and the structure file we know the number of   |
 | different elments in this unitcell, then we list the detail        |
 | information for each element, especially the zeta and polar atomic |
 | orbital number for each element. The total atom number is counted. |
 | We calculate the nearest atom distance for each atom and show the  |
 | Cartesian and Direct coordinates for each atom. We list the file   |
 | address for atomic orbitals. The volume and the lattice vectors    |
 | in real and reciprocal space is also shown.                        |
 |                                                                    |
 <<<<<<<<<<<<<<<<<<<<<<<<<<<<<<<<<<<<<<<<<<<<<<<<<<<<<<<<<<<<<<<<<<<<<<

 READING UNITCELL INFORMATION
                       Number of elements = 1
                  Lattice constant (Bohr) = 1.88973
              Lattice constant (Angstrom) = 1

 READING ATOM TYPE 1
                               Atom label = Al
                      L=0, number of zeta = 1
                      L=1, number of zeta = 1
                      L=2, number of zeta = 1
            Number of atoms for this type = 1

                        TOTAL ATOM NUMBER = 1

 DIRECT COORDINATES
 atom                  x                  y                  z     mag
   Al     0.000000000000     0.000000000000     0.000000000000  0.0000

 ATOMIC VELOCITIES
 atom                 vx                 vy                 vz
   Al                  0                  0                  0

                     Cell volume (Bohr^3) = 112.073
                        Cell volume (A^3) = 16.6075

 Lattice vectors: (Cartesian coordinate: in unit of a_0)
                   +0              +2.025              +2.025
               +2.025                  +0              +2.025
               +2.025              +2.025                  +0
 Reciprocal vectors: (Cartesian coordinate: in unit of 2 pi/a_0)
            -0.246914           +0.246914           +0.246914
            +0.246914           -0.246914           +0.246914
            +0.246914           +0.246914           -0.246914

 #ENERGY SOLVER# ksdft_pw
 RUNNING WITH DEVICE  : CPU / Intel(R) Xeon(R) Platinum 8368Q CPU @ 2.60GHz (x2)


 >>>>>>>>>>>>>>>>>>>>>>>>>>>>>>>>>>>>>>>>>>>>>>>>>>>>>>>>>>>>>>>>>>>>>>
 |                                                                    |
 |                 #Read Pseudopotentials Files#                      |
 | ABACUS supports norm-conserving (NC) pseudopotentials for both     |
 | plane wave basis and numerical atomic orbital basis sets.          |
 | In addition, ABACUS supports ultrasoft pseudopotentials (USPP)     |
 | for plane wave basis set.                                          |
 |                                                                    |
 <<<<<<<<<<<<<<<<<<<<<<<<<<<<<<<<<<<<<<<<<<<<<<<<<<<<<<<<<<<<<<<<<<<<<<

                PAO radial cut off (Bohr) = 16

                     Pseudopotential file = al.gga.psp
                     Pseudopotential type = 
          Exchange-correlation functional = PBE
                 Nonlocal core correction = 0
                        Valence electrons = 3
                                     Lmax = 0
                           Number of zeta = 0
                     Number of projectors = 0
                    DFT functional set to = XC_GGA_X_PBE+XC_GGA_C_PBE
         Number of pseudo atomic orbitals = 0
            Electron number of element Al = 3
      Total electron number of element Al = 3
          Autoset the number of electrons = 3
               Occupied electronic states = 2
     Number of electronic states (NBANDS) = 12


 >>>>>>>>>>>>>>>>>>>>>>>>>>>>>>>>>>>>>>>>>>>>>>>>>>>>>>>>>>>>>>>>>>>>>>
 |                                                                    |
 |           #Setup Plane Waves of Charge/Potential#                  |
 | Use the kinetic energy cutoff and the lattice vectors to generate  |
 | the dimensions of FFT grid, which is used to represent the charge  |
 | density or potential. If USPP is used, a double grid technique     |
 | is applied.                                                        |
 |                                                                    |
 <<<<<<<<<<<<<<<<<<<<<<<<<<<<<<<<<<<<<<<<<<<<<<<<<<<<<<<<<<<<<<<<<<<<<

 SETUP PLANE WAVES FOR CHARGE/POTENTIAL
  Energy cutoff for charge/potential (Ry) = 160
            FFT grid for charge/potential = [ 24, 24, 24 ]
           Number of FFT grids this proc. = 3456
                Division for big FFT grid = [ 1, 1, 1 ]
      FFT (big) grid for charge/potential = [ 24, 24, 24 ]
     Number of FFT (big) grids this proc. = 3456
                    Number of plane waves = 3839
        Number of sticks on FFT x-y plane = 313

 PARALLEL PW FOR CHARGE/POTENTIAL
     PROC   COLUMNS(POT)             PW
        1             78            959
        2             78            959
        3             79            963
        4             78            958
 --------------- SUM -------------------
        4            313           3839

                            Number of |g| = 82
                                  Max |g| = 14.3881
                                  Min |g| = 0
 DONE : SETUP UNITCELL Time : 0.0426329 (SEC)


 >>>>>>>>>>>>>>>>>>>>>>>>>>>>>>>>>>>>>>>>>>>>>>>>>>>>>>>>>>>>>>>>>>>>>>
 |                                                                    |
 |                       #Setup K-points#                             |
 | We setup the k-points according to input parameters.               |
 | The reduced k-points are set according to symmetry operations.     |
 | We treat the spin as another set of k-points.                      |
 |                                                                    |
 <<<<<<<<<<<<<<<<<<<<<<<<<<<<<<<<<<<<<<<<<<<<<<<<<<<<<<<<<<<<<<<<<<<<<<


 SETUP K-POINTS
                                    nspin = 1
                   Input type of k points = Monkhorst-Pack(Gamma)
                                   nkstot = 4096
           Number of irreducible k-points = 2052

 K-POINTS REDUCTION ACCORDING TO SYMMETRY
     IBZ    DIRECT_X    DIRECT_Y    DIRECT_Z  WEIGHT  ibz2bz
       1  0.00000000  0.00000000  0.00000000  0.0002       0
       2  0.06250000  0.00000000  0.00000000  0.0005       1
       3  0.12500000  0.00000000  0.00000000  0.0005       2
       4  0.18750000  0.00000000  0.00000000  0.0005       3
       5  0.25000000  0.00000000  0.00000000  0.0005       4
       6  0.31250000  0.00000000  0.00000000  0.0005       5
       7  0.37500000  0.00000000  0.00000000  0.0005       6
       8  0.43750000  0.00000000  0.00000000  0.0005       7
       9  0.50000000  0.00000000  0.00000000  0.0002       8
      10  0.00000000  0.06250000  0.00000000  0.0005      16
      11  0.06250000  0.06250000  0.00000000  0.0005      17
      12  0.12500000  0.06250000  0.00000000  0.0005      18
      13  0.18750000  0.06250000  0.00000000  0.0005      19
      14  0.25000000  0.06250000  0.00000000  0.0005      20
      15  0.31250000  0.06250000  0.00000000  0.0005      21
      16  0.37500000  0.06250000  0.00000000  0.0005      22
      17  0.43750000  0.06250000  0.00000000  0.0005      23
      18  0.50000000  0.06250000  0.00000000  0.0005      24
      19  0.43750000 -0.06250000  0.00000000  0.0005      25
      20  0.37500000 -0.06250000  0.00000000  0.0005      26
      21  0.31250000 -0.06250000  0.00000000  0.0005      27
      22  0.25000000 -0.06250000  0.00000000  0.0005      28
      23  0.18750000 -0.06250000  0.00000000  0.0005      29
      24  0.12500000 -0.06250000  0.00000000  0.0005      30
      25 -0.06250000  0.06250000  0.00000000  0.0005      31
      26  0.00000000  0.12500000  0.00000000  0.0005      32
      27  0.06250000  0.12500000  0.00000000  0.0005      33
      28  0.12500000  0.12500000  0.00000000  0.0005      34
      29  0.18750000  0.12500000  0.00000000  0.0005      35
      30  0.25000000  0.12500000  0.00000000  0.0005      36
      31  0.31250000  0.12500000  0.00000000  0.0005      37
      32  0.37500000  0.12500000  0.00000000  0.0005      38
      33  0.43750000  0.12500000  0.00000000  0.0005      39
      34  0.50000000  0.12500000  0.00000000  0.0005      40
      35  0.43750000 -0.12500000  0.00000000  0.0005      41
      36  0.37500000 -0.12500000  0.00000000  0.0005      42
      37  0.31250000 -0.12500000  0.00000000  0.0005      43
      38  0.25000000 -0.12500000  0.00000000  0.0005      44
      39  0.18750000 -0.12500000  0.00000000  0.0005      45
      40 -0.12500000  0.12500000  0.00000000  0.0005      46
      41 -0.06250000  0.12500000  0.00000000  0.0005      47
      42  0.00000000  0.18750000  0.00000000  0.0005      48
      43  0.06250000  0.18750000  0.00000000  0.0005      49
      44  0.12500000  0.18750000  0.00000000  0.0005      50
      45  0.18750000  0.18750000  0.00000000  0.0005      51
      46  0.25000000  0.18750000  0.00000000  0.0005      52
      47  0.31250000  0.18750000  0.00000000  0.0005      53
      48  0.37500000  0.18750000  0.00000000  0.0005      54
      49  0.43750000  0.18750000  0.00000000  0.0005      55
      50  0.50000000  0.18750000  0.00000000  0.0005      56
      51  0.43750000 -0.18750000  0.00000000  0.0005      57
      52  0.37500000 -0.18750000  0.00000000  0.0005      58
      53  0.31250000 -0.18750000  0.00000000  0.0005      59
      54  0.25000000 -0.18750000  0.00000000  0.0005      60
      55 -0.18750000  0.18750000  0.00000000  0.0005      61
      56 -0.12500000  0.18750000  0.00000000  0.0005      62
      57 -0.06250000  0.18750000  0.00000000  0.0005      63
      58  0.00000000  0.25000000  0.00000000  0.0005      64
      59  0.06250000  0.25000000  0.00000000  0.0005      65
      60  0.12500000  0.25000000  0.00000000  0.0005      66
      61  0.18750000  0.25000000  0.00000000  0.0005      67
      62  0.25000000  0.25000000  0.00000000  0.0005      68
      63  0.31250000  0.25000000  0.00000000  0.0005      69
      64  0.37500000  0.25000000  0.00000000  0.0005      70
      65  0.43750000  0.25000000  0.00000000  0.0005      71
      66  0.50000000  0.25000000  0.00000000  0.0005      72
      67  0.43750000 -0.25000000  0.00000000  0.0005      73
      68  0.37500000 -0.25000000  0.00000000  0.0005      74
      69  0.31250000 -0.25000000  0.00000000  0.0005      75
      70 -0.25000000  0.25000000  0.00000000  0.0005      76
      71 -0.18750000  0.25000000  0.00000000  0.0005      77
      72 -0.12500000  0.25000000  0.00000000  0.0005      78
      73 -0.06250000  0.25000000  0.00000000  0.0005      79
      74  0.00000000  0.31250000  0.00000000  0.0005      80
      75  0.06250000  0.31250000  0.00000000  0.0005      81
      76  0.12500000  0.31250000  0.00000000  0.0005      82
      77  0.18750000  0.31250000  0.00000000  0.0005      83
      78  0.25000000  0.31250000  0.00000000  0.0005      84
      79  0.31250000  0.31250000  0.00000000  0.0005      85
      80  0.37500000  0.31250000  0.00000000  0.0005      86
      81  0.43750000  0.31250000  0.00000000  0.0005      87
      82  0.50000000  0.31250000  0.00000000  0.0005      88
      83  0.43750000 -0.31250000  0.00000000  0.0005      89
      84  0.37500000 -0.31250000  0.00000000  0.0005      90
      85 -0.31250000  0.31250000  0.00000000  0.0005      91
      86 -0.25000000  0.31250000  0.00000000  0.0005      92
      87 -0.18750000  0.31250000  0.00000000  0.0005      93
      88 -0.12500000  0.31250000  0.00000000  0.0005      94
      89 -0.06250000  0.31250000  0.00000000  0.0005      95
      90  0.00000000  0.37500000  0.00000000  0.0005      96
      91  0.06250000  0.37500000  0.00000000  0.0005      97
      92  0.12500000  0.37500000  0.00000000  0.0005      98
      93  0.18750000  0.37500000  0.00000000  0.0005      99
      94  0.25000000  0.37500000  0.00000000  0.0005     100
      95  0.31250000  0.37500000  0.00000000  0.0005     101
      96  0.37500000  0.37500000  0.00000000  0.0005     102
      97  0.43750000  0.37500000  0.00000000  0.0005     103
      98  0.50000000  0.37500000  0.00000000  0.0005     104
      99  0.43750000 -0.37500000  0.00000000  0.0005     105
     100 -0.37500000  0.37500000  0.00000000  0.0005     106
     101 -0.31250000  0.37500000  0.00000000  0.0005     107
     102 -0.25000000  0.37500000  0.00000000  0.0005     108
     103 -0.18750000  0.37500000  0.00000000  0.0005     109
     104 -0.12500000  0.37500000  0.00000000  0.0005     110
     105 -0.06250000  0.37500000  0.00000000  0.0005     111
     106  0.00000000  0.43750000  0.00000000  0.0005     112
     107  0.06250000  0.43750000  0.00000000  0.0005     113
     108  0.12500000  0.43750000  0.00000000  0.0005     114
     109  0.18750000  0.43750000  0.00000000  0.0005     115
     110  0.25000000  0.43750000  0.00000000  0.0005     116
     111  0.31250000  0.43750000  0.00000000  0.0005     117
     112  0.37500000  0.43750000  0.00000000  0.0005     118
     113  0.43750000  0.43750000  0.00000000  0.0005     119
     114  0.50000000  0.43750000  0.00000000  0.0005     120
     115 -0.43750000  0.43750000  0.00000000  0.0005     121
     116 -0.37500000  0.43750000  0.00000000  0.0005     122
     117 -0.31250000  0.43750000  0.00000000  0.0005     123
     118 -0.25000000  0.43750000  0.00000000  0.0005     124
     119 -0.18750000  0.43750000  0.00000000  0.0005     125
     120 -0.12500000  0.43750000  0.00000000  0.0005     126
     121 -0.06250000  0.43750000  0.00000000  0.0005     127
     122  0.00000000  0.50000000  0.00000000  0.0002     128
     123  0.06250000  0.50000000  0.00000000  0.0005     129
     124  0.12500000  0.50000000  0.00000000  0.0005     130
     125  0.18750000  0.50000000  0.00000000  0.0005     131
     126  0.25000000  0.50000000  0.00000000  0.0005     132
     127  0.31250000  0.50000000  0.00000000  0.0005     133
     128  0.37500000  0.50000000  0.00000000  0.0005     134
     129  0.43750000  0.50000000  0.00000000  0.0005     135
     130  0.50000000  0.50000000  0.00000000  0.0002     136
     131  0.00000000  0.00000000  0.06250000  0.0005     256
     132  0.06250000  0.00000000  0.06250000  0.0005     257
     133  0.12500000  0.00000000  0.06250000  0.0005     258
     134  0.18750000  0.00000000  0.06250000  0.0005     259
     135  0.25000000  0.00000000  0.06250000  0.0005     260
     136  0.31250000  0.00000000  0.06250000  0.0005     261
     137  0.37500000  0.00000000  0.06250000  0.0005     262
     138  0.43750000  0.00000000  0.06250000  0.0005     263
     139  0.50000000  0.00000000  0.06250000  0.0005     264
     140  0.43750000  0.00000000 -0.06250000  0.0005     265
     141  0.37500000  0.00000000 -0.06250000  0.0005     266
     142  0.31250000  0.00000000 -0.06250000  0.0005     267
     143  0.25000000  0.00000000 -0.06250000  0.0005     268
     144  0.18750000  0.00000000 -0.06250000  0.0005     269
     145  0.12500000  0.00000000 -0.06250000  0.0005     270
     146 -0.06250000  0.00000000  0.06250000  0.0005     271
     147  0.00000000  0.06250000  0.06250000  0.0005     272
     148  0.06250000  0.06250000  0.06250000  0.0005     273
     149  0.12500000  0.06250000  0.06250000  0.0005     274
     150  0.18750000  0.06250000  0.06250000  0.0005     275
     151  0.25000000  0.06250000  0.06250000  0.0005     276
     152  0.31250000  0.06250000  0.06250000  0.0005     277
     153  0.37500000  0.06250000  0.06250000  0.0005     278
     154  0.43750000  0.06250000  0.06250000  0.0005     279
     155  0.50000000  0.06250000  0.06250000  0.0005     280
     156  0.43750000 -0.06250000 -0.06250000  0.0005     281
     157  0.37500000 -0.06250000 -0.06250000  0.0005     282
     158  0.31250000 -0.06250000 -0.06250000  0.0005     283
     159  0.25000000 -0.06250000 -0.06250000  0.0005     284
     160  0.18750000 -0.06250000 -0.06250000  0.0005     285
     161 -0.12500000  0.06250000  0.06250000  0.0005     286
     162 -0.06250000  0.06250000  0.06250000  0.0005     287
     163  0.00000000  0.12500000  0.06250000  0.0005     288
     164  0.06250000  0.12500000  0.06250000  0.0005     289
     165  0.12500000  0.12500000  0.06250000  0.0005     290
     166  0.18750000  0.12500000  0.06250000  0.0005     291
     167  0.25000000  0.12500000  0.06250000  0.0005     292
     168  0.31250000  0.12500000  0.06250000  0.0005     293
     169  0.37500000  0.12500000  0.06250000  0.0005     294
     170  0.43750000  0.12500000  0.06250000  0.0005     295
     171  0.50000000  0.12500000  0.06250000  0.0005     296
     172  0.43750000 -0.12500000 -0.06250000  0.0005     297
     173  0.37500000 -0.12500000 -0.06250000  0.0005     298
     174  0.31250000 -0.12500000 -0.06250000  0.0005     299
     175  0.25000000 -0.12500000 -0.06250000  0.0005     300
     176 -0.18750000  0.12500000  0.06250000  0.0005     301
     177 -0.12500000  0.12500000  0.06250000  0.0005     302
     178 -0.06250000  0.12500000  0.06250000  0.0005     303
     179  0.00000000  0.18750000  0.06250000  0.0005     304
     180  0.06250000  0.18750000  0.06250000  0.0005     305
     181  0.12500000  0.18750000  0.06250000  0.0005     306
     182  0.18750000  0.18750000  0.06250000  0.0005     307
     183  0.25000000  0.18750000  0.06250000  0.0005     308
     184  0.31250000  0.18750000  0.06250000  0.0005     309
     185  0.37500000  0.18750000  0.06250000  0.0005     310
     186  0.43750000  0.18750000  0.06250000  0.0005     311
     187  0.50000000  0.18750000  0.06250000  0.0005     312
     188  0.43750000 -0.18750000 -0.06250000  0.0005     313
     189  0.37500000 -0.18750000 -0.06250000  0.0005     314
     190  0.31250000 -0.18750000 -0.06250000  0.0005     315
     191  0.25000000 -0.18750000 -0.06250000  0.0005     316
     192 -0.18750000  0.18750000  0.06250000  0.0005     317
     193 -0.12500000  0.18750000  0.06250000  0.0005     318
     194 -0.06250000  0.18750000  0.06250000  0.0005     319
     195  0.00000000  0.25000000  0.06250000  0.0005     320
     196  0.06250000  0.25000000  0.06250000  0.0005     321
     197  0.12500000  0.25000000  0.06250000  0.0005     322
     198  0.18750000  0.25000000  0.06250000  0.0005     323
     199  0.25000000  0.25000000  0.06250000  0.0005     324
     200  0.31250000  0.25000000  0.06250000  0.0005     325
     201  0.37500000  0.25000000  0.06250000  0.0005     326
     202  0.43750000  0.25000000  0.06250000  0.0005     327
     203  0.50000000  0.25000000  0.06250000  0.0005     328
     204  0.43750000 -0.25000000 -0.06250000  0.0005     329
     205  0.37500000 -0.25000000 -0.06250000  0.0005     330
     206 -0.31250000  0.25000000  0.06250000  0.0005     331
     207 -0.25000000  0.25000000  0.06250000  0.0005     332
     208 -0.18750000  0.25000000  0.06250000  0.0005     333
     209 -0.12500000  0.25000000  0.06250000  0.0005     334
     210 -0.06250000  0.25000000  0.06250000  0.0005     335
     211  0.00000000  0.31250000  0.06250000  0.0005     336
     212  0.06250000  0.31250000  0.06250000  0.0005     337
     213  0.12500000  0.31250000  0.06250000  0.0005     338
     214  0.18750000  0.31250000  0.06250000  0.0005     339
     215  0.25000000  0.31250000  0.06250000  0.0005     340
     216  0.31250000  0.31250000  0.06250000  0.0005     341
     217  0.37500000  0.31250000  0.06250000  0.0005     342
     218  0.43750000  0.31250000  0.06250000  0.0005     343
     219  0.50000000  0.31250000  0.06250000  0.0005     344
     220  0.43750000 -0.31250000 -0.06250000  0.0005     345
     221 -0.37500000  0.31250000  0.06250000  0.0005     346
     222 -0.31250000  0.31250000  0.06250000  0.0005     347
     223 -0.25000000  0.31250000  0.06250000  0.0005     348
     224 -0.18750000  0.31250000  0.06250000  0.0005     349
     225 -0.12500000  0.31250000  0.06250000  0.0005     350
     226 -0.06250000  0.31250000  0.06250000  0.0005     351
     227  0.00000000  0.37500000  0.06250000  0.0005     352
     228  0.06250000  0.37500000  0.06250000  0.0005     353
     229  0.12500000  0.37500000  0.06250000  0.0005     354
     230  0.18750000  0.37500000  0.06250000  0.0005     355
     231  0.25000000  0.37500000  0.06250000  0.0005     356
     232  0.31250000  0.37500000  0.06250000  0.0005     357
     233  0.37500000  0.37500000  0.06250000  0.0005     358
     234  0.43750000  0.37500000  0.06250000  0.0005     359
     235  0.50000000  0.37500000  0.06250000  0.0005     360
     236 -0.43750000  0.37500000  0.06250000  0.0005     361
     237 -0.37500000  0.37500000  0.06250000  0.0005     362
     238 -0.31250000  0.37500000  0.06250000  0.0005     363
     239 -0.25000000  0.37500000  0.06250000  0.0005     364
     240 -0.18750000  0.37500000  0.06250000  0.0005     365
     241 -0.12500000  0.37500000  0.06250000  0.0005     366
     242 -0.06250000  0.37500000  0.06250000  0.0005     367
     243  0.00000000  0.43750000  0.06250000  0.0005     368
     244  0.06250000  0.43750000  0.06250000  0.0005     369
     245  0.12500000  0.43750000  0.06250000  0.0005     370
     246  0.18750000  0.43750000  0.06250000  0.0005     371
     247  0.25000000  0.43750000  0.06250000  0.0005     372
     248  0.31250000  0.43750000  0.06250000  0.0005     373
     249  0.37500000  0.43750000  0.06250000  0.0005     374
     250  0.43750000  0.43750000  0.06250000  0.0005     375
     251  0.50000000  0.43750000  0.06250000  0.0005     376
     252 -0.43750000  0.43750000  0.06250000  0.0005     377
     253 -0.37500000  0.43750000  0.06250000  0.0005     378
     254 -0.31250000  0.43750000  0.06250000  0.0005     379
     255 -0.25000000  0.43750000  0.06250000  0.0005     380
     256 -0.18750000  0.43750000  0.06250000  0.0005     381
     257 -0.12500000  0.43750000  0.06250000  0.0005     382
     258 -0.06250000  0.43750000  0.06250000  0.0005     383
     259  0.00000000  0.50000000  0.06250000  0.0005     384
     260  0.06250000  0.50000000  0.06250000  0.0005     385
     261  0.12500000  0.50000000  0.06250000  0.0005     386
     262  0.18750000  0.50000000  0.06250000  0.0005     387
     263  0.25000000  0.50000000  0.06250000  0.0005     388
     264  0.31250000  0.50000000  0.06250000  0.0005     389
     265  0.37500000  0.50000000  0.06250000  0.0005     390
     266  0.43750000  0.50000000  0.06250000  0.0005     391
     267  0.50000000  0.50000000  0.06250000  0.0005     392
     268  0.43750000  0.50000000 -0.06250000  0.0005     393
     269  0.37500000  0.50000000 -0.06250000  0.0005     394
     270  0.31250000  0.50000000 -0.06250000  0.0005     395
     271  0.25000000  0.50000000 -0.06250000  0.0005     396
     272  0.18750000  0.50000000 -0.06250000  0.0005     397
     273  0.12500000  0.50000000 -0.06250000  0.0005     398
     274 -0.06250000  0.50000000  0.06250000  0.0005     399
     275  0.00000000  0.43750000 -0.06250000  0.0005     400
     276 -0.06250000  0.43750000 -0.06250000  0.0005     401
     277 -0.12500000  0.43750000 -0.06250000  0.0005     402
     278 -0.18750000  0.43750000 -0.06250000  0.0005     403
     279 -0.25000000  0.43750000 -0.06250000  0.0005     404
     280 -0.31250000  0.43750000 -0.06250000  0.0005     405
     281  0.37500000 -0.43750000  0.06250000  0.0005     406
     282  0.43750000 -0.43750000  0.06250000  0.0005     407
     283  0.50000000  0.43750000 -0.06250000  0.0005     408
     284  0.43750000  0.43750000 -0.06250000  0.0005     409
     285  0.37500000  0.43750000 -0.06250000  0.0005     410
     286  0.31250000  0.43750000 -0.06250000  0.0005     411
     287  0.25000000  0.43750000 -0.06250000  0.0005     412
     288  0.18750000  0.43750000 -0.06250000  0.0005     413
     289  0.12500000  0.43750000 -0.06250000  0.0005     414
     290  0.06250000  0.43750000 -0.06250000  0.0005     415
     291  0.00000000  0.37500000 -0.06250000  0.0005     416
     292 -0.06250000  0.37500000 -0.06250000  0.0005     417
     293 -0.12500000  0.37500000 -0.06250000  0.0005     418
     294 -0.18750000  0.37500000 -0.06250000  0.0005     419
     295 -0.25000000  0.37500000 -0.06250000  0.0005     420
     296  0.31250000 -0.37500000  0.06250000  0.0005     421
     297  0.37500000 -0.37500000  0.06250000  0.0005     422
     298  0.43750000 -0.37500000  0.06250000  0.0005     423
     299  0.50000000  0.37500000 -0.06250000  0.0005     424
     300  0.43750000  0.37500000 -0.06250000  0.0005     425
     301  0.37500000  0.37500000 -0.06250000  0.0005     426
     302  0.31250000  0.37500000 -0.06250000  0.0005     427
     303  0.25000000  0.37500000 -0.06250000  0.0005     428
     304  0.18750000  0.37500000 -0.06250000  0.0005     429
     305  0.12500000  0.37500000 -0.06250000  0.0005     430
     306  0.06250000  0.37500000 -0.06250000  0.0005     431
     307  0.00000000  0.31250000 -0.06250000  0.0005     432
     308 -0.06250000  0.31250000 -0.06250000  0.0005     433
     309 -0.12500000  0.31250000 -0.06250000  0.0005     434
     310 -0.18750000  0.31250000 -0.06250000  0.0005     435
     311  0.25000000 -0.31250000  0.06250000  0.0005     436
     312  0.31250000 -0.31250000  0.06250000  0.0005     437
     313  0.37500000 -0.31250000  0.06250000  0.0005     438
     314  0.43750000 -0.31250000  0.06250000  0.0005     439
     315  0.50000000  0.31250000 -0.06250000  0.0005     440
     316  0.43750000  0.31250000 -0.06250000  0.0005     441
     317  0.37500000  0.31250000 -0.06250000  0.0005     442
     318  0.31250000  0.31250000 -0.06250000  0.0005     443
     319  0.25000000  0.31250000 -0.06250000  0.0005     444
     320  0.18750000  0.31250000 -0.06250000  0.0005     445
     321  0.12500000  0.31250000 -0.06250000  0.0005     446
     322  0.06250000  0.31250000 -0.06250000  0.0005     447
     323  0.00000000  0.25000000 -0.06250000  0.0005     448
     324 -0.06250000  0.25000000 -0.06250000  0.0005     449
     325 -0.12500000  0.25000000 -0.06250000  0.0005     450
     326 -0.18750000  0.25000000 -0.06250000  0.0005     451
     327  0.25000000 -0.25000000  0.06250000  0.0005     452
     328  0.31250000 -0.25000000  0.06250000  0.0005     453
     329  0.37500000 -0.25000000  0.06250000  0.0005     454
     330  0.43750000 -0.25000000  0.06250000  0.0005     455
     331  0.50000000  0.25000000 -0.06250000  0.0005     456
     332  0.43750000  0.25000000 -0.06250000  0.0005     457
     333  0.37500000  0.25000000 -0.06250000  0.0005     458
     334  0.31250000  0.25000000 -0.06250000  0.0005     459
     335  0.25000000  0.25000000 -0.06250000  0.0005     460
     336  0.18750000  0.25000000 -0.06250000  0.0005     461
     337  0.12500000  0.25000000 -0.06250000  0.0005     462
     338  0.06250000  0.25000000 -0.06250000  0.0005     463
     339  0.00000000  0.18750000 -0.06250000  0.0005     464
     340 -0.06250000  0.18750000 -0.06250000  0.0005     465
     341  0.12500000 -0.18750000  0.06250000  0.0005     466
     342  0.18750000 -0.18750000  0.06250000  0.0005     467
     343  0.25000000 -0.18750000  0.06250000  0.0005     468
     344  0.31250000 -0.18750000  0.06250000  0.0005     469
     345  0.37500000 -0.18750000  0.06250000  0.0005     470
     346  0.43750000 -0.18750000  0.06250000  0.0005     471
     347  0.50000000  0.18750000 -0.06250000  0.0005     472
     348  0.43750000  0.18750000 -0.06250000  0.0005     473
     349  0.37500000  0.18750000 -0.06250000  0.0005     474
     350  0.31250000  0.18750000 -0.06250000  0.0005     475
     351  0.25000000  0.18750000 -0.06250000  0.0005     476
     352  0.18750000  0.18750000 -0.06250000  0.0005     477
     353  0.12500000  0.18750000 -0.06250000  0.0005     478
     354  0.06250000  0.18750000 -0.06250000  0.0005     479
     355  0.00000000  0.12500000 -0.06250000  0.0005     480
     356  0.06250000 -0.12500000  0.06250000  0.0005     481
     357  0.12500000 -0.12500000  0.06250000  0.0005     482
     358  0.18750000 -0.12500000  0.06250000  0.0005     483
     359  0.25000000 -0.12500000  0.06250000  0.0005     484
     360  0.31250000 -0.12500000  0.06250000  0.0005     485
     361  0.37500000 -0.12500000  0.06250000  0.0005     486
     362  0.43750000 -0.12500000  0.06250000  0.0005     487
     363  0.50000000  0.12500000 -0.06250000  0.0005     488
     364  0.43750000  0.12500000 -0.06250000  0.0005     489
     365  0.37500000  0.12500000 -0.06250000  0.0005     490
     366  0.31250000  0.12500000 -0.06250000  0.0005     491
     367  0.25000000  0.12500000 -0.06250000  0.0005     492
     368  0.18750000  0.12500000 -0.06250000  0.0005     493
     369  0.12500000  0.12500000 -0.06250000  0.0005     494
     370  0.06250000  0.12500000 -0.06250000  0.0005     495
     371  0.00000000 -0.06250000  0.06250000  0.0005     496
     372  0.06250000 -0.06250000  0.06250000  0.0005     497
     373  0.12500000 -0.06250000  0.06250000  0.0005     498
     374  0.18750000 -0.06250000  0.06250000  0.0005     499
     375  0.25000000 -0.06250000  0.06250000  0.0005     500
     376  0.31250000 -0.06250000  0.06250000  0.0005     501
     377  0.37500000 -0.06250000  0.06250000  0.0005     502
     378  0.43750000 -0.06250000  0.06250000  0.0005     503
     379  0.50000000 -0.06250000  0.06250000  0.0005     504
     380  0.43750000  0.06250000 -0.06250000  0.0005     505
     381  0.37500000  0.06250000 -0.06250000  0.0005     506
     382  0.31250000  0.06250000 -0.06250000  0.0005     507
     383  0.25000000  0.06250000 -0.06250000  0.0005     508
     384  0.18750000  0.06250000 -0.06250000  0.0005     509
     385  0.12500000  0.06250000 -0.06250000  0.0005     510
     386  0.06250000  0.06250000 -0.06250000  0.0005     511
     387  0.00000000  0.00000000  0.12500000  0.0005     512
     388  0.06250000  0.00000000  0.12500000  0.0005     513
     389  0.12500000  0.00000000  0.12500000  0.0005     514
     390  0.18750000  0.00000000  0.12500000  0.0005     515
     391  0.25000000  0.00000000  0.12500000  0.0005     516
     392  0.31250000  0.00000000  0.12500000  0.0005     517
     393  0.37500000  0.00000000  0.12500000  0.0005     518
     394  0.43750000  0.00000000  0.12500000  0.0005     519
     395  0.50000000  0.00000000  0.12500000  0.0005     520
     396  0.43750000  0.00000000 -0.12500000  0.0005     521
     397  0.37500000  0.00000000 -0.12500000  0.0005     522
     398  0.31250000  0.00000000 -0.12500000  0.0005     523
     399  0.25000000  0.00000000 -0.12500000  0.0005     524
     400  0.18750000  0.00000000 -0.12500000  0.0005     525
     401 -0.12500000  0.00000000  0.12500000  0.0005     526
     402 -0.06250000  0.00000000  0.12500000  0.0005     527
     403  0.00000000  0.06250000  0.12500000  0.0005     528
     404  0.06250000  0.06250000  0.12500000  0.0005     529
     405  0.12500000  0.06250000  0.12500000  0.0005     530
     406  0.18750000  0.06250000  0.12500000  0.0005     531
     407  0.25000000  0.06250000  0.12500000  0.0005     532
     408  0.31250000  0.06250000  0.12500000  0.0005     533
     409  0.37500000  0.06250000  0.12500000  0.0005     534
     410  0.43750000  0.06250000  0.12500000  0.0005     535
     411  0.50000000  0.06250000  0.12500000  0.0005     536
     412  0.43750000 -0.06250000 -0.12500000  0.0005     537
     413  0.37500000 -0.06250000 -0.12500000  0.0005     538
     414  0.31250000 -0.06250000 -0.12500000  0.0005     539
     415  0.25000000 -0.06250000 -0.12500000  0.0005     540
     416 -0.18750000  0.06250000  0.12500000  0.0005     541
     417 -0.12500000  0.06250000  0.12500000  0.0005     542
     418 -0.06250000  0.06250000  0.12500000  0.0005     543
     419  0.00000000  0.12500000  0.12500000  0.0005     544
     420  0.06250000  0.12500000  0.12500000  0.0005     545
     421  0.12500000  0.12500000  0.12500000  0.0005     546
     422  0.18750000  0.12500000  0.12500000  0.0005     547
     423  0.25000000  0.12500000  0.12500000  0.0005     548
     424  0.31250000  0.12500000  0.12500000  0.0005     549
     425  0.37500000  0.12500000  0.12500000  0.0005     550
     426  0.43750000  0.12500000  0.12500000  0.0005     551
     427  0.50000000  0.12500000  0.12500000  0.0005     552
     428  0.43750000 -0.12500000 -0.12500000  0.0005     553
     429  0.37500000 -0.12500000 -0.12500000  0.0005     554
     430  0.31250000 -0.12500000 -0.12500000  0.0005     555
     431 -0.25000000  0.12500000  0.12500000  0.0005     556
     432 -0.18750000  0.12500000  0.12500000  0.0005     557
     433 -0.12500000  0.12500000  0.12500000  0.0005     558
     434 -0.06250000  0.12500000  0.12500000  0.0005     559
     435  0.00000000  0.18750000  0.12500000  0.0005     560
     436  0.06250000  0.18750000  0.12500000  0.0005     561
     437  0.12500000  0.18750000  0.12500000  0.0005     562
     438  0.18750000  0.18750000  0.12500000  0.0005     563
     439  0.25000000  0.18750000  0.12500000  0.0005     564
     440  0.31250000  0.18750000  0.12500000  0.0005     565
     441  0.37500000  0.18750000  0.12500000  0.0005     566
     442  0.43750000  0.18750000  0.12500000  0.0005     567
     443  0.50000000  0.18750000  0.12500000  0.0005     568
     444  0.43750000 -0.18750000 -0.12500000  0.0005     569
     445  0.37500000 -0.18750000 -0.12500000  0.0005     570
     446  0.31250000 -0.18750000 -0.12500000  0.0005     571
     447 -0.25000000  0.18750000  0.12500000  0.0005     572
     448 -0.18750000  0.18750000  0.12500000  0.0005     573
     449 -0.12500000  0.18750000  0.12500000  0.0005     574
     450 -0.06250000  0.18750000  0.12500000  0.0005     575
     451  0.00000000  0.25000000  0.12500000  0.0005     576
     452  0.06250000  0.25000000  0.12500000  0.0005     577
     453  0.12500000  0.25000000  0.12500000  0.0005     578
     454  0.18750000  0.25000000  0.12500000  0.0005     579
     455  0.25000000  0.25000000  0.12500000  0.0005     580
     456  0.31250000  0.25000000  0.12500000  0.0005     581
     457  0.37500000  0.25000000  0.12500000  0.0005     582
     458  0.43750000  0.25000000  0.12500000  0.0005     583
     459  0.50000000  0.25000000  0.12500000  0.0005     584
     460  0.43750000 -0.25000000 -0.12500000  0.0005     585
     461  0.37500000 -0.25000000 -0.12500000  0.0005     586
     462 -0.31250000  0.25000000  0.12500000  0.0005     587
     463 -0.25000000  0.25000000  0.12500000  0.0005     588
     464 -0.18750000  0.25000000  0.12500000  0.0005     589
     465 -0.12500000  0.25000000  0.12500000  0.0005     590
     466 -0.06250000  0.25000000  0.12500000  0.0005     591
     467  0.00000000  0.31250000  0.12500000  0.0005     592
     468  0.06250000  0.31250000  0.12500000  0.0005     593
     469  0.12500000  0.31250000  0.12500000  0.0005     594
     470  0.18750000  0.31250000  0.12500000  0.0005     595
     471  0.25000000  0.31250000  0.12500000  0.0005     596
     472  0.31250000  0.31250000  0.12500000  0.0005     597
     473  0.37500000  0.31250000  0.12500000  0.0005     598
     474  0.43750000  0.31250000  0.12500000  0.0005     599
     475  0.50000000  0.31250000  0.12500000  0.0005     600
     476 -0.43750000  0.31250000  0.12500000  0.0005     601
     477 -0.37500000  0.31250000  0.12500000  0.0005     602
     478 -0.31250000  0.31250000  0.12500000  0.0005     603
     479 -0.25000000  0.31250000  0.12500000  0.0005     604
     480 -0.18750000  0.31250000  0.12500000  0.0005     605
     481 -0.12500000  0.31250000  0.12500000  0.0005     606
     482 -0.06250000  0.31250000  0.12500000  0.0005     607
     483  0.00000000  0.37500000  0.12500000  0.0005     608
     484  0.06250000  0.37500000  0.12500000  0.0005     609
     485  0.12500000  0.37500000  0.12500000  0.0005     610
     486  0.18750000  0.37500000  0.12500000  0.0005     611
     487  0.25000000  0.37500000  0.12500000  0.0005     612
     488  0.31250000  0.37500000  0.12500000  0.0005     613
     489  0.37500000  0.37500000  0.12500000  0.0005     614
     490  0.43750000  0.37500000  0.12500000  0.0005     615
     491  0.50000000  0.37500000  0.12500000  0.0005     616
     492 -0.43750000  0.37500000  0.12500000  0.0005     617
     493 -0.37500000  0.37500000  0.12500000  0.0005     618
     494 -0.31250000  0.37500000  0.12500000  0.0005     619
     495 -0.25000000  0.37500000  0.12500000  0.0005     620
     496 -0.18750000  0.37500000  0.12500000  0.0005     621
     497 -0.12500000  0.37500000  0.12500000  0.0005     622
     498 -0.06250000  0.37500000  0.12500000  0.0005     623
     499  0.00000000  0.43750000  0.12500000  0.0005     624
     500  0.06250000  0.43750000  0.12500000  0.0005     625
     501  0.12500000  0.43750000  0.12500000  0.0005     626
     502  0.18750000  0.43750000  0.12500000  0.0005     627
     503  0.25000000  0.43750000  0.12500000  0.0005     628
     504  0.31250000  0.43750000  0.12500000  0.0005     629
     505  0.37500000  0.43750000  0.12500000  0.0005     630
     506  0.43750000  0.43750000  0.12500000  0.0005     631
     507  0.50000000  0.43750000  0.12500000  0.0005     632
     508 -0.43750000  0.43750000  0.12500000  0.0005     633
     509 -0.37500000  0.43750000  0.12500000  0.0005     634
     510 -0.31250000  0.43750000  0.12500000  0.0005     635
     511 -0.25000000  0.43750000  0.12500000  0.0005     636
     512 -0.18750000  0.43750000  0.12500000  0.0005     637
     513 -0.12500000  0.43750000  0.12500000  0.0005     638
     514 -0.06250000  0.43750000  0.12500000  0.0005     639
     515  0.00000000  0.50000000  0.12500000  0.0005     640
     516  0.06250000  0.50000000  0.12500000  0.0005     641
     517  0.12500000  0.50000000  0.12500000  0.0005     642
     518  0.18750000  0.50000000  0.12500000  0.0005     643
     519  0.25000000  0.50000000  0.12500000  0.0005     644
     520  0.31250000  0.50000000  0.12500000  0.0005     645
     521  0.37500000  0.50000000  0.12500000  0.0005     646
     522  0.43750000  0.50000000  0.12500000  0.0005     647
     523  0.50000000  0.50000000  0.12500000  0.0005     648
     524  0.43750000  0.50000000 -0.12500000  0.0005     649
     525  0.37500000  0.50000000 -0.12500000  0.0005     650
     526  0.31250000  0.50000000 -0.12500000  0.0005     651
     527  0.25000000  0.50000000 -0.12500000  0.0005     652
     528  0.18750000  0.50000000 -0.12500000  0.0005     653
     529 -0.12500000  0.50000000  0.12500000  0.0005     654
     530 -0.06250000  0.50000000  0.12500000  0.0005     655
     531  0.00000000  0.43750000 -0.12500000  0.0005     656
     532 -0.06250000  0.43750000 -0.12500000  0.0005     657
     533 -0.12500000  0.43750000 -0.12500000  0.0005     658
     534 -0.18750000  0.43750000 -0.12500000  0.0005     659
     535 -0.25000000  0.43750000 -0.12500000  0.0005     660
     536  0.31250000 -0.43750000  0.12500000  0.0005     661
     537  0.37500000 -0.43750000  0.12500000  0.0005     662
     538  0.43750000 -0.43750000  0.12500000  0.0005     663
     539  0.50000000  0.43750000 -0.12500000  0.0005     664
     540  0.43750000  0.43750000 -0.12500000  0.0005     665
     541  0.37500000  0.43750000 -0.12500000  0.0005     666
     542  0.31250000  0.43750000 -0.12500000  0.0005     667
     543  0.25000000  0.43750000 -0.12500000  0.0005     668
     544  0.18750000  0.43750000 -0.12500000  0.0005     669
     545  0.12500000  0.43750000 -0.12500000  0.0005     670
     546  0.06250000  0.43750000 -0.12500000  0.0005     671
     547  0.00000000  0.37500000 -0.12500000  0.0005     672
     548 -0.06250000  0.37500000 -0.12500000  0.0005     673
     549 -0.12500000  0.37500000 -0.12500000  0.0005     674
     550 -0.18750000  0.37500000 -0.12500000  0.0005     675
     551 -0.25000000  0.37500000 -0.12500000  0.0005     676
     552  0.31250000 -0.37500000  0.12500000  0.0005     677
     553  0.37500000 -0.37500000  0.12500000  0.0005     678
     554  0.43750000 -0.37500000  0.12500000  0.0005     679
     555  0.50000000  0.37500000 -0.12500000  0.0005     680
     556  0.43750000  0.37500000 -0.12500000  0.0005     681
     557  0.37500000  0.37500000 -0.12500000  0.0005     682
     558  0.31250000  0.37500000 -0.12500000  0.0005     683
     559  0.25000000  0.37500000 -0.12500000  0.0005     684
     560  0.18750000  0.37500000 -0.12500000  0.0005     685
     561  0.12500000  0.37500000 -0.12500000  0.0005     686
     562  0.06250000  0.37500000 -0.12500000  0.0005     687
     563  0.00000000  0.31250000 -0.12500000  0.0005     688
     564 -0.06250000  0.31250000 -0.12500000  0.0005     689
     565 -0.12500000  0.31250000 -0.12500000  0.0005     690
     566 -0.18750000  0.31250000 -0.12500000  0.0005     691
     567  0.25000000 -0.31250000  0.12500000  0.0005     692
     568  0.31250000 -0.31250000  0.12500000  0.0005     693
     569  0.37500000 -0.31250000  0.12500000  0.0005     694
     570  0.43750000 -0.31250000  0.12500000  0.0005     695
     571  0.50000000  0.31250000 -0.12500000  0.0005     696
     572  0.43750000  0.31250000 -0.12500000  0.0005     697
     573  0.37500000  0.31250000 -0.12500000  0.0005     698
     574  0.31250000  0.31250000 -0.12500000  0.0005     699
     575  0.25000000  0.31250000 -0.12500000  0.0005     700
     576  0.18750000  0.31250000 -0.12500000  0.0005     701
     577  0.12500000  0.31250000 -0.12500000  0.0005     702
     578  0.06250000  0.31250000 -0.12500000  0.0005     703
     579  0.00000000  0.25000000 -0.12500000  0.0005     704
     580 -0.06250000  0.25000000 -0.12500000  0.0005     705
     581  0.12500000 -0.25000000  0.12500000  0.0005     706
     582  0.18750000 -0.25000000  0.12500000  0.0005     707
     583  0.25000000 -0.25000000  0.12500000  0.0005     708
     584  0.31250000 -0.25000000  0.12500000  0.0005     709
     585  0.37500000 -0.25000000  0.12500000  0.0005     710
     586  0.43750000 -0.25000000  0.12500000  0.0005     711
     587  0.50000000  0.25000000 -0.12500000  0.0005     712
     588  0.43750000  0.25000000 -0.12500000  0.0005     713
     589  0.37500000  0.25000000 -0.12500000  0.0005     714
     590  0.31250000  0.25000000 -0.12500000  0.0005     715
     591  0.25000000  0.25000000 -0.12500000  0.0005     716
     592  0.18750000  0.25000000 -0.12500000  0.0005     717
     593  0.12500000  0.25000000 -0.12500000  0.0005     718
     594  0.06250000  0.25000000 -0.12500000  0.0005     719
     595  0.00000000  0.18750000 -0.12500000  0.0005     720
     596  0.06250000 -0.18750000  0.12500000  0.0005     721
     597  0.12500000 -0.18750000  0.12500000  0.0005     722
     598  0.18750000 -0.18750000  0.12500000  0.0005     723
     599  0.25000000 -0.18750000  0.12500000  0.0005     724
     600  0.31250000 -0.18750000  0.12500000  0.0005     725
     601  0.37500000 -0.18750000  0.12500000  0.0005     726
     602  0.43750000 -0.18750000  0.12500000  0.0005     727
     603  0.50000000  0.18750000 -0.12500000  0.0005     728
     604  0.43750000  0.18750000 -0.12500000  0.0005     729
     605  0.37500000  0.18750000 -0.12500000  0.0005     730
     606  0.31250000  0.18750000 -0.12500000  0.0005     731
     607  0.25000000  0.18750000 -0.12500000  0.0005     732
     608  0.18750000  0.18750000 -0.12500000  0.0005     733
     609  0.12500000  0.18750000 -0.12500000  0.0005     734
     610  0.06250000  0.18750000 -0.12500000  0.0005     735
     611  0.00000000 -0.12500000  0.12500000  0.0005     736
     612  0.06250000 -0.12500000  0.12500000  0.0005     737
     613  0.12500000 -0.12500000  0.12500000  0.0005     738
     614  0.18750000 -0.12500000  0.12500000  0.0005     739
     615  0.25000000 -0.12500000  0.12500000  0.0005     740
     616  0.31250000 -0.12500000  0.12500000  0.0005     741
     617  0.37500000 -0.12500000  0.12500000  0.0005     742
     618  0.43750000 -0.12500000  0.12500000  0.0005     743
     619  0.50000000 -0.12500000  0.12500000  0.0005     744
     620  0.43750000  0.12500000 -0.12500000  0.0005     745
     621  0.37500000  0.12500000 -0.12500000  0.0005     746
     622  0.31250000  0.12500000 -0.12500000  0.0005     747
     623  0.25000000  0.12500000 -0.12500000  0.0005     748
     624  0.18750000  0.12500000 -0.12500000  0.0005     749
     625  0.12500000  0.12500000 -0.12500000  0.0005     750
     626  0.06250000  0.12500000 -0.12500000  0.0005     751
     627  0.00000000 -0.06250000  0.12500000  0.0005     752
     628  0.06250000 -0.06250000  0.12500000  0.0005     753
     629  0.12500000 -0.06250000  0.12500000  0.0005     754
     630  0.18750000 -0.06250000  0.12500000  0.0005     755
     631  0.25000000 -0.06250000  0.12500000  0.0005     756
     632  0.31250000 -0.06250000  0.12500000  0.0005     757
     633  0.37500000 -0.06250000  0.12500000  0.0005     758
     634  0.43750000 -0.06250000  0.12500000  0.0005     759
     635  0.50000000 -0.06250000  0.12500000  0.0005     760
     636  0.43750000  0.06250000 -0.12500000  0.0005     761
     637  0.37500000  0.06250000 -0.12500000  0.0005     762
     638  0.31250000  0.06250000 -0.12500000  0.0005     763
     639  0.25000000  0.06250000 -0.12500000  0.0005     764
     640  0.18750000  0.06250000 -0.12500000  0.0005     765
     641  0.12500000  0.06250000 -0.12500000  0.0005     766
     642  0.06250000  0.06250000 -0.12500000  0.0005     767
     643  0.00000000  0.00000000  0.18750000  0.0005     768
     644  0.06250000  0.00000000  0.18750000  0.0005     769
     645  0.12500000  0.00000000  0.18750000  0.0005     770
     646  0.18750000  0.00000000  0.18750000  0.0005     771
     647  0.25000000  0.00000000  0.18750000  0.0005     772
     648  0.31250000  0.00000000  0.18750000  0.0005     773
     649  0.37500000  0.00000000  0.18750000  0.0005     774
     650  0.43750000  0.00000000  0.18750000  0.0005     775
     651  0.50000000  0.00000000  0.18750000  0.0005     776
     652  0.43750000  0.00000000 -0.18750000  0.0005     777
     653  0.37500000  0.00000000 -0.18750000  0.0005     778
     654  0.31250000  0.00000000 -0.18750000  0.0005     779
     655  0.25000000  0.00000000 -0.18750000  0.0005     780
     656 -0.18750000  0.00000000  0.18750000  0.0005     781
     657 -0.12500000  0.00000000  0.18750000  0.0005     782
     658 -0.06250000  0.00000000  0.18750000  0.0005     783
     659  0.00000000  0.06250000  0.18750000  0.0005     784
     660  0.06250000  0.06250000  0.18750000  0.0005     785
     661  0.12500000  0.06250000  0.18750000  0.0005     786
     662  0.18750000  0.06250000  0.18750000  0.0005     787
     663  0.25000000  0.06250000  0.18750000  0.0005     788
     664  0.31250000  0.06250000  0.18750000  0.0005     789
     665  0.37500000  0.06250000  0.18750000  0.0005     790
     666  0.43750000  0.06250000  0.18750000  0.0005     791
     667  0.50000000  0.06250000  0.18750000  0.0005     792
     668  0.43750000 -0.06250000 -0.18750000  0.0005     793
     669  0.37500000 -0.06250000 -0.18750000  0.0005     794
     670  0.31250000 -0.06250000 -0.18750000  0.0005     795
     671  0.25000000 -0.06250000 -0.18750000  0.0005     796
     672 -0.18750000  0.06250000  0.18750000  0.0005     797
     673 -0.12500000  0.06250000  0.18750000  0.0005     798
     674 -0.06250000  0.06250000  0.18750000  0.0005     799
     675  0.00000000  0.12500000  0.18750000  0.0005     800
     676  0.06250000  0.12500000  0.18750000  0.0005     801
     677  0.12500000  0.12500000  0.18750000  0.0005     802
     678  0.18750000  0.12500000  0.18750000  0.0005     803
     679  0.25000000  0.12500000  0.18750000  0.0005     804
     680  0.31250000  0.12500000  0.18750000  0.0005     805
     681  0.37500000  0.12500000  0.18750000  0.0005     806
     682  0.43750000  0.12500000  0.18750000  0.0005     807
     683  0.50000000  0.12500000  0.18750000  0.0005     808
     684  0.43750000 -0.12500000 -0.18750000  0.0005     809
     685  0.37500000 -0.12500000 -0.18750000  0.0005     810
     686  0.31250000 -0.12500000 -0.18750000  0.0005     811
     687 -0.25000000  0.12500000  0.18750000  0.0005     812
     688 -0.18750000  0.12500000  0.18750000  0.0005     813
     689 -0.12500000  0.12500000  0.18750000  0.0005     814
     690 -0.06250000  0.12500000  0.18750000  0.0005     815
     691  0.00000000  0.18750000  0.18750000  0.0005     816
     692  0.06250000  0.18750000  0.18750000  0.0005     817
     693  0.12500000  0.18750000  0.18750000  0.0005     818
     694  0.18750000  0.18750000  0.18750000  0.0005     819
     695  0.25000000  0.18750000  0.18750000  0.0005     820
     696  0.31250000  0.18750000  0.18750000  0.0005     821
     697  0.37500000  0.18750000  0.18750000  0.0005     822
     698  0.43750000  0.18750000  0.18750000  0.0005     823
     699  0.50000000  0.18750000  0.18750000  0.0005     824
     700  0.43750000 -0.18750000 -0.18750000  0.0005     825
     701  0.37500000 -0.18750000 -0.18750000  0.0005     826
     702 -0.31250000  0.18750000  0.18750000  0.0005     827
     703 -0.25000000  0.18750000  0.18750000  0.0005     828
     704 -0.18750000  0.18750000  0.18750000  0.0005     829
     705 -0.12500000  0.18750000  0.18750000  0.0005     830
     706 -0.06250000  0.18750000  0.18750000  0.0005     831
     707  0.00000000  0.25000000  0.18750000  0.0005     832
     708  0.06250000  0.25000000  0.18750000  0.0005     833
     709  0.12500000  0.25000000  0.18750000  0.0005     834
     710  0.18750000  0.25000000  0.18750000  0.0005     835
     711  0.25000000  0.25000000  0.18750000  0.0005     836
     712  0.31250000  0.25000000  0.18750000  0.0005     837
     713  0.37500000  0.25000000  0.18750000  0.0005     838
     714  0.43750000  0.25000000  0.18750000  0.0005     839
     715  0.50000000  0.25000000  0.18750000  0.0005     840
     716  0.43750000 -0.25000000 -0.18750000  0.0005     841
     717 -0.37500000  0.25000000  0.18750000  0.0005     842
     718 -0.31250000  0.25000000  0.18750000  0.0005     843
     719 -0.25000000  0.25000000  0.18750000  0.0005     844
     720 -0.18750000  0.25000000  0.18750000  0.0005     845
     721 -0.12500000  0.25000000  0.18750000  0.0005     846
     722 -0.06250000  0.25000000  0.18750000  0.0005     847
     723  0.00000000  0.31250000  0.18750000  0.0005     848
     724  0.06250000  0.31250000  0.18750000  0.0005     849
     725  0.12500000  0.31250000  0.18750000  0.0005     850
     726  0.18750000  0.31250000  0.18750000  0.0005     851
     727  0.25000000  0.31250000  0.18750000  0.0005     852
     728  0.31250000  0.31250000  0.18750000  0.0005     853
     729  0.37500000  0.31250000  0.18750000  0.0005     854
     730  0.43750000  0.31250000  0.18750000  0.0005     855
     731  0.50000000  0.31250000  0.18750000  0.0005     856
     732 -0.43750000  0.31250000  0.18750000  0.0005     857
     733 -0.37500000  0.31250000  0.18750000  0.0005     858
     734 -0.31250000  0.31250000  0.18750000  0.0005     859
     735 -0.25000000  0.31250000  0.18750000  0.0005     860
     736 -0.18750000  0.31250000  0.18750000  0.0005     861
     737 -0.12500000  0.31250000  0.18750000  0.0005     862
     738 -0.06250000  0.31250000  0.18750000  0.0005     863
     739  0.00000000  0.37500000  0.18750000  0.0005     864
     740  0.06250000  0.37500000  0.18750000  0.0005     865
     741  0.12500000  0.37500000  0.18750000  0.0005     866
     742  0.18750000  0.37500000  0.18750000  0.0005     867
     743  0.25000000  0.37500000  0.18750000  0.0005     868
     744  0.31250000  0.37500000  0.18750000  0.0005     869
     745  0.37500000  0.37500000  0.18750000  0.0005     870
     746  0.43750000  0.37500000  0.18750000  0.0005     871
     747  0.50000000  0.37500000  0.18750000  0.0005     872
     748 -0.43750000  0.37500000  0.18750000  0.0005     873
     749 -0.37500000  0.37500000  0.18750000  0.0005     874
     750 -0.31250000  0.37500000  0.18750000  0.0005     875
     751 -0.25000000  0.37500000  0.18750000  0.0005     876
     752 -0.18750000  0.37500000  0.18750000  0.0005     877
     753 -0.12500000  0.37500000  0.18750000  0.0005     878
     754 -0.06250000  0.37500000  0.18750000  0.0005     879
     755  0.00000000  0.43750000  0.18750000  0.0005     880
     756  0.06250000  0.43750000  0.18750000  0.0005     881
     757  0.12500000  0.43750000  0.18750000  0.0005     882
     758  0.18750000  0.43750000  0.18750000  0.0005     883
     759  0.25000000  0.43750000  0.18750000  0.0005     884
     760  0.31250000  0.43750000  0.18750000  0.0005     885
     761  0.37500000  0.43750000  0.18750000  0.0005     886
     762  0.43750000  0.43750000  0.18750000  0.0005     887
     763  0.50000000  0.43750000  0.18750000  0.0005     888
     764 -0.43750000  0.43750000  0.18750000  0.0005     889
     765 -0.37500000  0.43750000  0.18750000  0.0005     890
     766 -0.31250000  0.43750000  0.18750000  0.0005     891
     767 -0.25000000  0.43750000  0.18750000  0.0005     892
     768 -0.18750000  0.43750000  0.18750000  0.0005     893
     769 -0.12500000  0.43750000  0.18750000  0.0005     894
     770 -0.06250000  0.43750000  0.18750000  0.0005     895
     771  0.00000000  0.50000000  0.18750000  0.0005     896
     772  0.06250000  0.50000000  0.18750000  0.0005     897
     773  0.12500000  0.50000000  0.18750000  0.0005     898
     774  0.18750000  0.50000000  0.18750000  0.0005     899
     775  0.25000000  0.50000000  0.18750000  0.0005     900
     776  0.31250000  0.50000000  0.18750000  0.0005     901
     777  0.37500000  0.50000000  0.18750000  0.0005     902
     778  0.43750000  0.50000000  0.18750000  0.0005     903
     779  0.50000000  0.50000000  0.18750000  0.0005     904
     780  0.43750000  0.50000000 -0.18750000  0.0005     905
     781  0.37500000  0.50000000 -0.18750000  0.0005     906
     782  0.31250000  0.50000000 -0.18750000  0.0005     907
     783  0.25000000  0.50000000 -0.18750000  0.0005     908
     784 -0.18750000  0.50000000  0.18750000  0.0005     909
     785 -0.12500000  0.50000000  0.18750000  0.0005     910
     786 -0.06250000  0.50000000  0.18750000  0.0005     911
     787  0.00000000  0.43750000 -0.18750000  0.0005     912
     788 -0.06250000  0.43750000 -0.18750000  0.0005     913
     789 -0.12500000  0.43750000 -0.18750000  0.0005     914
     790 -0.18750000  0.43750000 -0.18750000  0.0005     915
     791 -0.25000000  0.43750000 -0.18750000  0.0005     916
     792  0.31250000 -0.43750000  0.18750000  0.0005     917
     793  0.37500000 -0.43750000  0.18750000  0.0005     918
     794  0.43750000 -0.43750000  0.18750000  0.0005     919
     795  0.50000000  0.43750000 -0.18750000  0.0005     920
     796  0.43750000  0.43750000 -0.18750000  0.0005     921
     797  0.37500000  0.43750000 -0.18750000  0.0005     922
     798  0.31250000  0.43750000 -0.18750000  0.0005     923
     799  0.25000000  0.43750000 -0.18750000  0.0005     924
     800  0.18750000  0.43750000 -0.18750000  0.0005     925
     801  0.12500000  0.43750000 -0.18750000  0.0005     926
     802  0.06250000  0.43750000 -0.18750000  0.0005     927
     803  0.00000000  0.37500000 -0.18750000  0.0005     928
     804 -0.06250000  0.37500000 -0.18750000  0.0005     929
     805 -0.12500000  0.37500000 -0.18750000  0.0005     930
     806 -0.18750000  0.37500000 -0.18750000  0.0005     931
     807  0.25000000 -0.37500000  0.18750000  0.0005     932
     808  0.31250000 -0.37500000  0.18750000  0.0005     933
     809  0.37500000 -0.37500000  0.18750000  0.0005     934
     810  0.43750000 -0.37500000  0.18750000  0.0005     935
     811  0.50000000  0.37500000 -0.18750000  0.0005     936
     812  0.43750000  0.37500000 -0.18750000  0.0005     937
     813  0.37500000  0.37500000 -0.18750000  0.0005     938
     814  0.31250000  0.37500000 -0.18750000  0.0005     939
     815  0.25000000  0.37500000 -0.18750000  0.0005     940
     816  0.18750000  0.37500000 -0.18750000  0.0005     941
     817  0.12500000  0.37500000 -0.18750000  0.0005     942
     818  0.06250000  0.37500000 -0.18750000  0.0005     943
     819  0.00000000  0.31250000 -0.18750000  0.0005     944
     820 -0.06250000  0.31250000 -0.18750000  0.0005     945
     821 -0.12500000  0.31250000 -0.18750000  0.0005     946
     822  0.18750000 -0.31250000  0.18750000  0.0005     947
     823  0.25000000 -0.31250000  0.18750000  0.0005     948
     824  0.31250000 -0.31250000  0.18750000  0.0005     949
     825  0.37500000 -0.31250000  0.18750000  0.0005     950
     826  0.43750000 -0.31250000  0.18750000  0.0005     951
     827  0.50000000  0.31250000 -0.18750000  0.0005     952
     828  0.43750000  0.31250000 -0.18750000  0.0005     953
     829  0.37500000  0.31250000 -0.18750000  0.0005     954
     830  0.31250000  0.31250000 -0.18750000  0.0005     955
     831  0.25000000  0.31250000 -0.18750000  0.0005     956
     832  0.18750000  0.31250000 -0.18750000  0.0005     957
     833  0.12500000  0.31250000 -0.18750000  0.0005     958
     834  0.06250000  0.31250000 -0.18750000  0.0005     959
     835  0.00000000  0.25000000 -0.18750000  0.0005     960
     836 -0.06250000  0.25000000 -0.18750000  0.0005     961
     837  0.12500000 -0.25000000  0.18750000  0.0005     962
     838  0.18750000 -0.25000000  0.18750000  0.0005     963
     839  0.25000000 -0.25000000  0.18750000  0.0005     964
     840  0.31250000 -0.25000000  0.18750000  0.0005     965
     841  0.37500000 -0.25000000  0.18750000  0.0005     966
     842  0.43750000 -0.25000000  0.18750000  0.0005     967
     843  0.50000000  0.25000000 -0.18750000  0.0005     968
     844  0.43750000  0.25000000 -0.18750000  0.0005     969
     845  0.37500000  0.25000000 -0.18750000  0.0005     970
     846  0.31250000  0.25000000 -0.18750000  0.0005     971
     847  0.25000000  0.25000000 -0.18750000  0.0005     972
     848  0.18750000  0.25000000 -0.18750000  0.0005     973
     849  0.12500000  0.25000000 -0.18750000  0.0005     974
     850  0.06250000  0.25000000 -0.18750000  0.0005     975
     851  0.00000000 -0.18750000  0.18750000  0.0005     976
     852  0.06250000 -0.18750000  0.18750000  0.0005     977
     853  0.12500000 -0.18750000  0.18750000  0.0005     978
     854  0.18750000 -0.18750000  0.18750000  0.0005     979
     855  0.25000000 -0.18750000  0.18750000  0.0005     980
     856  0.31250000 -0.18750000  0.18750000  0.0005     981
     857  0.37500000 -0.18750000  0.18750000  0.0005     982
     858  0.43750000 -0.18750000  0.18750000  0.0005     983
     859  0.50000000  0.18750000 -0.18750000  0.0005     984
     860  0.43750000  0.18750000 -0.18750000  0.0005     985
     861  0.37500000  0.18750000 -0.18750000  0.0005     986
     862  0.31250000  0.18750000 -0.18750000  0.0005     987
     863  0.25000000  0.18750000 -0.18750000  0.0005     988
     864  0.18750000  0.18750000 -0.18750000  0.0005     989
     865  0.12500000  0.18750000 -0.18750000  0.0005     990
     866  0.06250000  0.18750000 -0.18750000  0.0005     991
     867  0.00000000 -0.12500000  0.18750000  0.0005     992
     868  0.06250000 -0.12500000  0.18750000  0.0005     993
     869  0.12500000 -0.12500000  0.18750000  0.0005     994
     870  0.18750000 -0.12500000  0.18750000  0.0005     995
     871  0.25000000 -0.12500000  0.18750000  0.0005     996
     872  0.31250000 -0.12500000  0.18750000  0.0005     997
     873  0.37500000 -0.12500000  0.18750000  0.0005     998
     874  0.43750000 -0.12500000  0.18750000  0.0005     999
     875  0.50000000 -0.12500000  0.18750000  0.0005    1000
     876  0.43750000  0.12500000 -0.18750000  0.0005    1001
     877  0.37500000  0.12500000 -0.18750000  0.0005    1002
     878  0.31250000  0.12500000 -0.18750000  0.0005    1003
     879  0.25000000  0.12500000 -0.18750000  0.0005    1004
     880  0.18750000  0.12500000 -0.18750000  0.0005    1005
     881  0.12500000  0.12500000 -0.18750000  0.0005    1006
     882  0.06250000  0.12500000 -0.18750000  0.0005    1007
     883  0.00000000 -0.06250000  0.18750000  0.0005    1008
     884  0.06250000 -0.06250000  0.18750000  0.0005    1009
     885  0.12500000 -0.06250000  0.18750000  0.0005    1010
     886  0.18750000 -0.06250000  0.18750000  0.0005    1011
     887  0.25000000 -0.06250000  0.18750000  0.0005    1012
     888  0.31250000 -0.06250000  0.18750000  0.0005    1013
     889  0.37500000 -0.06250000  0.18750000  0.0005    1014
     890  0.43750000 -0.06250000  0.18750000  0.0005    1015
     891  0.50000000 -0.06250000  0.18750000  0.0005    1016
     892  0.43750000  0.06250000 -0.18750000  0.0005    1017
     893  0.37500000  0.06250000 -0.18750000  0.0005    1018
     894  0.31250000  0.06250000 -0.18750000  0.0005    1019
     895  0.25000000  0.06250000 -0.18750000  0.0005    1020
     896  0.18750000  0.06250000 -0.18750000  0.0005    1021
     897  0.12500000  0.06250000 -0.18750000  0.0005    1022
     898 -0.06250000 -0.06250000  0.18750000  0.0005    1023
     899  0.00000000  0.00000000  0.25000000  0.0005    1024
     900  0.06250000  0.00000000  0.25000000  0.0005    1025
     901  0.12500000  0.00000000  0.25000000  0.0005    1026
     902  0.18750000  0.00000000  0.25000000  0.0005    1027
     903  0.25000000  0.00000000  0.25000000  0.0005    1028
     904  0.31250000  0.00000000  0.25000000  0.0005    1029
     905  0.37500000  0.00000000  0.25000000  0.0005    1030
     906  0.43750000  0.00000000  0.25000000  0.0005    1031
     907  0.50000000  0.00000000  0.25000000  0.0005    1032
     908  0.43750000  0.00000000 -0.25000000  0.0005    1033
     909  0.37500000  0.00000000 -0.25000000  0.0005    1034
     910  0.31250000  0.00000000 -0.25000000  0.0005    1035
     911 -0.25000000  0.00000000  0.25000000  0.0005    1036
     912 -0.18750000  0.00000000  0.25000000  0.0005    1037
     913 -0.12500000  0.00000000  0.25000000  0.0005    1038
     914 -0.06250000  0.00000000  0.25000000  0.0005    1039
     915  0.00000000  0.06250000  0.25000000  0.0005    1040
     916  0.06250000  0.06250000  0.25000000  0.0005    1041
     917  0.12500000  0.06250000  0.25000000  0.0005    1042
     918  0.18750000  0.06250000  0.25000000  0.0005    1043
     919  0.25000000  0.06250000  0.25000000  0.0005    1044
     920  0.31250000  0.06250000  0.25000000  0.0005    1045
     921  0.37500000  0.06250000  0.25000000  0.0005    1046
     922  0.43750000  0.06250000  0.25000000  0.0005    1047
     923  0.50000000  0.06250000  0.25000000  0.0005    1048
     924  0.43750000 -0.06250000 -0.25000000  0.0005    1049
     925  0.37500000 -0.06250000 -0.25000000  0.0005    1050
     926  0.31250000 -0.06250000 -0.25000000  0.0005    1051
     927 -0.25000000  0.06250000  0.25000000  0.0005    1052
     928 -0.18750000  0.06250000  0.25000000  0.0005    1053
     929 -0.12500000  0.06250000  0.25000000  0.0005    1054
     930 -0.06250000  0.06250000  0.25000000  0.0005    1055
     931  0.00000000  0.12500000  0.25000000  0.0005    1056
     932  0.06250000  0.12500000  0.25000000  0.0005    1057
     933  0.12500000  0.12500000  0.25000000  0.0005    1058
     934  0.18750000  0.12500000  0.25000000  0.0005    1059
     935  0.25000000  0.12500000  0.25000000  0.0005    1060
     936  0.31250000  0.12500000  0.25000000  0.0005    1061
     937  0.37500000  0.12500000  0.25000000  0.0005    1062
     938  0.43750000  0.12500000  0.25000000  0.0005    1063
     939  0.50000000  0.12500000  0.25000000  0.0005    1064
     940  0.43750000 -0.12500000 -0.25000000  0.0005    1065
     941  0.37500000 -0.12500000 -0.25000000  0.0005    1066
     942 -0.31250000  0.12500000  0.25000000  0.0005    1067
     943 -0.25000000  0.12500000  0.25000000  0.0005    1068
     944 -0.18750000  0.12500000  0.25000000  0.0005    1069
     945 -0.12500000  0.12500000  0.25000000  0.0005    1070
     946 -0.06250000  0.12500000  0.25000000  0.0005    1071
     947  0.00000000  0.18750000  0.25000000  0.0005    1072
     948  0.06250000  0.18750000  0.25000000  0.0005    1073
     949  0.12500000  0.18750000  0.25000000  0.0005    1074
     950  0.18750000  0.18750000  0.25000000  0.0005    1075
     951  0.25000000  0.18750000  0.25000000  0.0005    1076
     952  0.31250000  0.18750000  0.25000000  0.0005    1077
     953  0.37500000  0.18750000  0.25000000  0.0005    1078
     954  0.43750000  0.18750000  0.25000000  0.0005    1079
     955  0.50000000  0.18750000  0.25000000  0.0005    1080
     956  0.43750000 -0.18750000 -0.25000000  0.0005    1081
     957 -0.37500000  0.18750000  0.25000000  0.0005    1082
     958 -0.31250000  0.18750000  0.25000000  0.0005    1083
     959 -0.25000000  0.18750000  0.25000000  0.0005    1084
     960 -0.18750000  0.18750000  0.25000000  0.0005    1085
     961 -0.12500000  0.18750000  0.25000000  0.0005    1086
     962 -0.06250000  0.18750000  0.25000000  0.0005    1087
     963  0.00000000  0.25000000  0.25000000  0.0005    1088
     964  0.06250000  0.25000000  0.25000000  0.0005    1089
     965  0.12500000  0.25000000  0.25000000  0.0005    1090
     966  0.18750000  0.25000000  0.25000000  0.0005    1091
     967  0.25000000  0.25000000  0.25000000  0.0005    1092
     968  0.31250000  0.25000000  0.25000000  0.0005    1093
     969  0.37500000  0.25000000  0.25000000  0.0005    1094
     970  0.43750000  0.25000000  0.25000000  0.0005    1095
     971  0.50000000  0.25000000  0.25000000  0.0005    1096
     972 -0.43750000  0.25000000  0.25000000  0.0005    1097
     973 -0.37500000  0.25000000  0.25000000  0.0005    1098
     974 -0.31250000  0.25000000  0.25000000  0.0005    1099
     975 -0.25000000  0.25000000  0.25000000  0.0005    1100
     976 -0.18750000  0.25000000  0.25000000  0.0005    1101
     977 -0.12500000  0.25000000  0.25000000  0.0005    1102
     978 -0.06250000  0.25000000  0.25000000  0.0005    1103
     979  0.00000000  0.31250000  0.25000000  0.0005    1104
     980  0.06250000  0.31250000  0.25000000  0.0005    1105
     981  0.12500000  0.31250000  0.25000000  0.0005    1106
     982  0.18750000  0.31250000  0.25000000  0.0005    1107
     983  0.25000000  0.31250000  0.25000000  0.0005    1108
     984  0.31250000  0.31250000  0.25000000  0.0005    1109
     985  0.37500000  0.31250000  0.25000000  0.0005    1110
     986  0.43750000  0.31250000  0.25000000  0.0005    1111
     987  0.50000000  0.31250000  0.25000000  0.0005    1112
     988 -0.43750000  0.31250000  0.25000000  0.0005    1113
     989 -0.37500000  0.31250000  0.25000000  0.0005    1114
     990 -0.31250000  0.31250000  0.25000000  0.0005    1115
     991 -0.25000000  0.31250000  0.25000000  0.0005    1116
     992 -0.18750000  0.31250000  0.25000000  0.0005    1117
     993 -0.12500000  0.31250000  0.25000000  0.0005    1118
     994 -0.06250000  0.31250000  0.25000000  0.0005    1119
     995  0.00000000  0.37500000  0.25000000  0.0005    1120
     996  0.06250000  0.37500000  0.25000000  0.0005    1121
     997  0.12500000  0.37500000  0.25000000  0.0005    1122
     998  0.18750000  0.37500000  0.25000000  0.0005    1123
     999  0.25000000  0.37500000  0.25000000  0.0005    1124
    1000  0.31250000  0.37500000  0.25000000  0.0005    1125
    1001  0.37500000  0.37500000  0.25000000  0.0005    1126
    1002  0.43750000  0.37500000  0.25000000  0.0005    1127
    1003  0.50000000  0.37500000  0.25000000  0.0005    1128
    1004 -0.43750000  0.37500000  0.25000000  0.0005    1129
    1005 -0.37500000  0.37500000  0.25000000  0.0005    1130
    1006 -0.31250000  0.37500000  0.25000000  0.0005    1131
    1007 -0.25000000  0.37500000  0.25000000  0.0005    1132
    1008 -0.18750000  0.37500000  0.25000000  0.0005    1133
    1009 -0.12500000  0.37500000  0.25000000  0.0005    1134
    1010 -0.06250000  0.37500000  0.25000000  0.0005    1135
    1011  0.00000000  0.43750000  0.25000000  0.0005    1136
    1012  0.06250000  0.43750000  0.25000000  0.0005    1137
    1013  0.12500000  0.43750000  0.25000000  0.0005    1138
    1014  0.18750000  0.43750000  0.25000000  0.0005    1139
    1015  0.25000000  0.43750000  0.25000000  0.0005    1140
    1016  0.31250000  0.43750000  0.25000000  0.0005    1141
    1017  0.37500000  0.43750000  0.25000000  0.0005    1142
    1018  0.43750000  0.43750000  0.25000000  0.0005    1143
    1019  0.50000000  0.43750000  0.25000000  0.0005    1144
    1020 -0.43750000  0.43750000  0.25000000  0.0005    1145
    1021 -0.37500000  0.43750000  0.25000000  0.0005    1146
    1022 -0.31250000  0.43750000  0.25000000  0.0005    1147
    1023 -0.25000000  0.43750000  0.25000000  0.0005    1148
    1024 -0.18750000  0.43750000  0.25000000  0.0005    1149
    1025 -0.12500000  0.43750000  0.25000000  0.0005    1150
    1026 -0.06250000  0.43750000  0.25000000  0.0005    1151
    1027  0.00000000  0.50000000  0.25000000  0.0005    1152
    1028  0.06250000  0.50000000  0.25000000  0.0005    1153
    1029  0.12500000  0.50000000  0.25000000  0.0005    1154
    1030  0.18750000  0.50000000  0.25000000  0.0005    1155
    1031  0.25000000  0.50000000  0.25000000  0.0005    1156
    1032  0.31250000  0.50000000  0.25000000  0.0005    1157
    1033  0.37500000  0.50000000  0.25000000  0.0005    1158
    1034  0.43750000  0.50000000  0.25000000  0.0005    1159
    1035  0.50000000  0.50000000  0.25000000  0.0005    1160
    1036  0.43750000  0.50000000 -0.25000000  0.0005    1161
    1037  0.37500000  0.50000000 -0.25000000  0.0005    1162
    1038  0.31250000  0.50000000 -0.25000000  0.0005    1163
    1039 -0.25000000  0.50000000  0.25000000  0.0005    1164
    1040 -0.18750000  0.50000000  0.25000000  0.0005    1165
    1041 -0.12500000  0.50000000  0.25000000  0.0005    1166
    1042 -0.06250000  0.50000000  0.25000000  0.0005    1167
    1043  0.00000000  0.43750000 -0.25000000  0.0005    1168
    1044 -0.06250000  0.43750000 -0.25000000  0.0005    1169
    1045 -0.12500000  0.43750000 -0.25000000  0.0005    1170
    1046  0.18750000 -0.43750000  0.25000000  0.0005    1171
    1047  0.25000000 -0.43750000  0.25000000  0.0005    1172
    1048  0.31250000 -0.43750000  0.25000000  0.0005    1173
    1049  0.37500000 -0.43750000  0.25000000  0.0005    1174
    1050  0.43750000 -0.43750000  0.25000000  0.0005    1175
    1051  0.50000000  0.43750000 -0.25000000  0.0005    1176
    1052  0.43750000  0.43750000 -0.25000000  0.0005    1177
    1053  0.37500000  0.43750000 -0.25000000  0.0005    1178
    1054  0.31250000  0.43750000 -0.25000000  0.0005    1179
    1055  0.25000000  0.43750000 -0.25000000  0.0005    1180
    1056  0.18750000  0.43750000 -0.25000000  0.0005    1181
    1057  0.12500000  0.43750000 -0.25000000  0.0005    1182
    1058  0.06250000  0.43750000 -0.25000000  0.0005    1183
    1059  0.00000000  0.37500000 -0.25000000  0.0005    1184
    1060 -0.06250000  0.37500000 -0.25000000  0.0005    1185
    1061 -0.12500000  0.37500000 -0.25000000  0.0005    1186
    1062  0.18750000 -0.37500000  0.25000000  0.0005    1187
    1063  0.25000000 -0.37500000  0.25000000  0.0005    1188
    1064  0.31250000 -0.37500000  0.25000000  0.0005    1189
    1065  0.37500000 -0.37500000  0.25000000  0.0005    1190
    1066  0.43750000 -0.37500000  0.25000000  0.0005    1191
    1067  0.50000000  0.37500000 -0.25000000  0.0005    1192
    1068  0.43750000  0.37500000 -0.25000000  0.0005    1193
    1069  0.37500000  0.37500000 -0.25000000  0.0005    1194
    1070  0.31250000  0.37500000 -0.25000000  0.0005    1195
    1071  0.25000000  0.37500000 -0.25000000  0.0005    1196
    1072  0.18750000  0.37500000 -0.25000000  0.0005    1197
    1073  0.12500000  0.37500000 -0.25000000  0.0005    1198
    1074  0.06250000  0.37500000 -0.25000000  0.0005    1199
    1075  0.00000000  0.31250000 -0.25000000  0.0005    1200
    1076 -0.06250000  0.31250000 -0.25000000  0.0005    1201
    1077  0.12500000 -0.31250000  0.25000000  0.0005    1202
    1078  0.18750000 -0.31250000  0.25000000  0.0005    1203
    1079  0.25000000 -0.31250000  0.25000000  0.0005    1204
    1080  0.31250000 -0.31250000  0.25000000  0.0005    1205
    1081  0.37500000 -0.31250000  0.25000000  0.0005    1206
    1082  0.43750000 -0.31250000  0.25000000  0.0005    1207
    1083  0.50000000  0.31250000 -0.25000000  0.0005    1208
    1084  0.43750000  0.31250000 -0.25000000  0.0005    1209
    1085  0.37500000  0.31250000 -0.25000000  0.0005    1210
    1086  0.31250000  0.31250000 -0.25000000  0.0005    1211
    1087  0.25000000  0.31250000 -0.25000000  0.0005    1212
    1088  0.18750000  0.31250000 -0.25000000  0.0005    1213
    1089  0.12500000  0.31250000 -0.25000000  0.0005    1214
    1090  0.06250000  0.31250000 -0.25000000  0.0005    1215
    1091  0.00000000 -0.25000000  0.25000000  0.0005    1216
    1092  0.06250000 -0.25000000  0.25000000  0.0005    1217
    1093  0.12500000 -0.25000000  0.25000000  0.0005    1218
    1094  0.18750000 -0.25000000  0.25000000  0.0005    1219
    1095  0.25000000 -0.25000000  0.25000000  0.0005    1220
    1096  0.31250000 -0.25000000  0.25000000  0.0005    1221
    1097  0.37500000 -0.25000000  0.25000000  0.0005    1222
    1098  0.43750000 -0.25000000  0.25000000  0.0005    1223
    1099  0.50000000 -0.25000000  0.25000000  0.0005    1224
    1100  0.43750000  0.25000000 -0.25000000  0.0005    1225
    1101  0.37500000  0.25000000 -0.25000000  0.0005    1226
    1102  0.31250000  0.25000000 -0.25000000  0.0005    1227
    1103  0.25000000  0.25000000 -0.25000000  0.0005    1228
    1104  0.18750000  0.25000000 -0.25000000  0.0005    1229
    1105  0.12500000  0.25000000 -0.25000000  0.0005    1230
    1106  0.06250000  0.25000000 -0.25000000  0.0005    1231
    1107  0.00000000 -0.18750000  0.25000000  0.0005    1232
    1108  0.06250000 -0.18750000  0.25000000  0.0005    1233
    1109  0.12500000 -0.18750000  0.25000000  0.0005    1234
    1110  0.18750000 -0.18750000  0.25000000  0.0005    1235
    1111  0.25000000 -0.18750000  0.25000000  0.0005    1236
    1112  0.31250000 -0.18750000  0.25000000  0.0005    1237
    1113  0.37500000 -0.18750000  0.25000000  0.0005    1238
    1114  0.43750000 -0.18750000  0.25000000  0.0005    1239
    1115  0.50000000 -0.18750000  0.25000000  0.0005    1240
    1116  0.43750000  0.18750000 -0.25000000  0.0005    1241
    1117  0.37500000  0.18750000 -0.25000000  0.0005    1242
    1118  0.31250000  0.18750000 -0.25000000  0.0005    1243
    1119  0.25000000  0.18750000 -0.25000000  0.0005    1244
    1120  0.18750000  0.18750000 -0.25000000  0.0005    1245
    1121  0.12500000  0.18750000 -0.25000000  0.0005    1246
    1122 -0.06250000 -0.18750000  0.25000000  0.0005    1247
    1123  0.00000000 -0.12500000  0.25000000  0.0005    1248
    1124  0.06250000 -0.12500000  0.25000000  0.0005    1249
    1125  0.12500000 -0.12500000  0.25000000  0.0005    1250
    1126  0.18750000 -0.12500000  0.25000000  0.0005    1251
    1127  0.25000000 -0.12500000  0.25000000  0.0005    1252
    1128  0.31250000 -0.12500000  0.25000000  0.0005    1253
    1129  0.37500000 -0.12500000  0.25000000  0.0005    1254
    1130  0.43750000 -0.12500000  0.25000000  0.0005    1255
    1131  0.50000000 -0.12500000  0.25000000  0.0005    1256
    1132  0.43750000  0.12500000 -0.25000000  0.0005    1257
    1133  0.37500000  0.12500000 -0.25000000  0.0005    1258
    1134  0.31250000  0.12500000 -0.25000000  0.0005    1259
    1135  0.25000000  0.12500000 -0.25000000  0.0005    1260
    1136  0.18750000  0.12500000 -0.25000000  0.0005    1261
    1137 -0.12500000 -0.12500000  0.25000000  0.0005    1262
    1138 -0.06250000 -0.12500000  0.25000000  0.0005    1263
    1139  0.00000000 -0.06250000  0.25000000  0.0005    1264
    1140  0.06250000 -0.06250000  0.25000000  0.0005    1265
    1141  0.12500000 -0.06250000  0.25000000  0.0005    1266
    1142  0.18750000 -0.06250000  0.25000000  0.0005    1267
    1143  0.25000000 -0.06250000  0.25000000  0.0005    1268
    1144  0.31250000 -0.06250000  0.25000000  0.0005    1269
    1145  0.37500000 -0.06250000  0.25000000  0.0005    1270
    1146  0.43750000 -0.06250000  0.25000000  0.0005    1271
    1147  0.50000000 -0.06250000  0.25000000  0.0005    1272
    1148  0.43750000  0.06250000 -0.25000000  0.0005    1273
    1149  0.37500000  0.06250000 -0.25000000  0.0005    1274
    1150  0.31250000  0.06250000 -0.25000000  0.0005    1275
    1151  0.25000000  0.06250000 -0.25000000  0.0005    1276
    1152 -0.18750000 -0.06250000  0.25000000  0.0005    1277
    1153 -0.12500000 -0.06250000  0.25000000  0.0005    1278
    1154 -0.06250000 -0.06250000  0.25000000  0.0005    1279
    1155  0.00000000  0.00000000  0.31250000  0.0005    1280
    1156  0.06250000  0.00000000  0.31250000  0.0005    1281
    1157  0.12500000  0.00000000  0.31250000  0.0005    1282
    1158  0.18750000  0.00000000  0.31250000  0.0005    1283
    1159  0.25000000  0.00000000  0.31250000  0.0005    1284
    1160  0.31250000  0.00000000  0.31250000  0.0005    1285
    1161  0.37500000  0.00000000  0.31250000  0.0005    1286
    1162  0.43750000  0.00000000  0.31250000  0.0005    1287
    1163  0.50000000  0.00000000  0.31250000  0.0005    1288
    1164  0.43750000  0.00000000 -0.31250000  0.0005    1289
    1165  0.37500000  0.00000000 -0.31250000  0.0005    1290
    1166 -0.31250000  0.00000000  0.31250000  0.0005    1291
    1167 -0.25000000  0.00000000  0.31250000  0.0005    1292
    1168 -0.18750000  0.00000000  0.31250000  0.0005    1293
    1169 -0.12500000  0.00000000  0.31250000  0.0005    1294
    1170 -0.06250000  0.00000000  0.31250000  0.0005    1295
    1171  0.00000000  0.06250000  0.31250000  0.0005    1296
    1172  0.06250000  0.06250000  0.31250000  0.0005    1297
    1173  0.12500000  0.06250000  0.31250000  0.0005    1298
    1174  0.18750000  0.06250000  0.31250000  0.0005    1299
    1175  0.25000000  0.06250000  0.31250000  0.0005    1300
    1176  0.31250000  0.06250000  0.31250000  0.0005    1301
    1177  0.37500000  0.06250000  0.31250000  0.0005    1302
    1178  0.43750000  0.06250000  0.31250000  0.0005    1303
    1179  0.50000000  0.06250000  0.31250000  0.0005    1304
    1180  0.43750000 -0.06250000 -0.31250000  0.0005    1305
    1181 -0.37500000  0.06250000  0.31250000  0.0005    1306
    1182 -0.31250000  0.06250000  0.31250000  0.0005    1307
    1183 -0.25000000  0.06250000  0.31250000  0.0005    1308
    1184 -0.18750000  0.06250000  0.31250000  0.0005    1309
    1185 -0.12500000  0.06250000  0.31250000  0.0005    1310
    1186 -0.06250000  0.06250000  0.31250000  0.0005    1311
    1187  0.00000000  0.12500000  0.31250000  0.0005    1312
    1188  0.06250000  0.12500000  0.31250000  0.0005    1313
    1189  0.12500000  0.12500000  0.31250000  0.0005    1314
    1190  0.18750000  0.12500000  0.31250000  0.0005    1315
    1191  0.25000000  0.12500000  0.31250000  0.0005    1316
    1192  0.31250000  0.12500000  0.31250000  0.0005    1317
    1193  0.37500000  0.12500000  0.31250000  0.0005    1318
    1194  0.43750000  0.12500000  0.31250000  0.0005    1319
    1195  0.50000000  0.12500000  0.31250000  0.0005    1320
    1196 -0.43750000  0.12500000  0.31250000  0.0005    1321
    1197 -0.37500000  0.12500000  0.31250000  0.0005    1322
    1198 -0.31250000  0.12500000  0.31250000  0.0005    1323
    1199 -0.25000000  0.12500000  0.31250000  0.0005    1324
    1200 -0.18750000  0.12500000  0.31250000  0.0005    1325
    1201 -0.12500000  0.12500000  0.31250000  0.0005    1326
    1202 -0.06250000  0.12500000  0.31250000  0.0005    1327
    1203  0.00000000  0.18750000  0.31250000  0.0005    1328
    1204  0.06250000  0.18750000  0.31250000  0.0005    1329
    1205  0.12500000  0.18750000  0.31250000  0.0005    1330
    1206  0.18750000  0.18750000  0.31250000  0.0005    1331
    1207  0.25000000  0.18750000  0.31250000  0.0005    1332
    1208  0.31250000  0.18750000  0.31250000  0.0005    1333
    1209  0.37500000  0.18750000  0.31250000  0.0005    1334
    1210  0.43750000  0.18750000  0.31250000  0.0005    1335
    1211  0.50000000  0.18750000  0.31250000  0.0005    1336
    1212 -0.43750000  0.18750000  0.31250000  0.0005    1337
    1213 -0.37500000  0.18750000  0.31250000  0.0005    1338
    1214 -0.31250000  0.18750000  0.31250000  0.0005    1339
    1215 -0.25000000  0.18750000  0.31250000  0.0005    1340
    1216 -0.18750000  0.18750000  0.31250000  0.0005    1341
    1217 -0.12500000  0.18750000  0.31250000  0.0005    1342
    1218 -0.06250000  0.18750000  0.31250000  0.0005    1343
    1219  0.00000000  0.25000000  0.31250000  0.0005    1344
    1220  0.06250000  0.25000000  0.31250000  0.0005    1345
    1221  0.12500000  0.25000000  0.31250000  0.0005    1346
    1222  0.18750000  0.25000000  0.31250000  0.0005    1347
    1223  0.25000000  0.25000000  0.31250000  0.0005    1348
    1224  0.31250000  0.25000000  0.31250000  0.0005    1349
    1225  0.37500000  0.25000000  0.31250000  0.0005    1350
    1226  0.43750000  0.25000000  0.31250000  0.0005    1351
    1227  0.50000000  0.25000000  0.31250000  0.0005    1352
    1228 -0.43750000  0.25000000  0.31250000  0.0005    1353
    1229 -0.37500000  0.25000000  0.31250000  0.0005    1354
    1230 -0.31250000  0.25000000  0.31250000  0.0005    1355
    1231 -0.25000000  0.25000000  0.31250000  0.0005    1356
    1232 -0.18750000  0.25000000  0.31250000  0.0005    1357
    1233 -0.12500000  0.25000000  0.31250000  0.0005    1358
    1234 -0.06250000  0.25000000  0.31250000  0.0005    1359
    1235  0.00000000  0.31250000  0.31250000  0.0005    1360
    1236  0.06250000  0.31250000  0.31250000  0.0005    1361
    1237  0.12500000  0.31250000  0.31250000  0.0005    1362
    1238  0.18750000  0.31250000  0.31250000  0.0005    1363
    1239  0.25000000  0.31250000  0.31250000  0.0005    1364
    1240  0.31250000  0.31250000  0.31250000  0.0005    1365
    1241  0.37500000  0.31250000  0.31250000  0.0005    1366
    1242  0.43750000  0.31250000  0.31250000  0.0005    1367
    1243  0.50000000  0.31250000  0.31250000  0.0005    1368
    1244 -0.43750000  0.31250000  0.31250000  0.0005    1369
    1245 -0.37500000  0.31250000  0.31250000  0.0005    1370
    1246 -0.31250000  0.31250000  0.31250000  0.0005    1371
    1247 -0.25000000  0.31250000  0.31250000  0.0005    1372
    1248 -0.18750000  0.31250000  0.31250000  0.0005    1373
    1249 -0.12500000  0.31250000  0.31250000  0.0005    1374
    1250 -0.06250000  0.31250000  0.31250000  0.0005    1375
    1251  0.00000000  0.37500000  0.31250000  0.0005    1376
    1252  0.06250000  0.37500000  0.31250000  0.0005    1377
    1253  0.12500000  0.37500000  0.31250000  0.0005    1378
    1254  0.18750000  0.37500000  0.31250000  0.0005    1379
    1255  0.25000000  0.37500000  0.31250000  0.0005    1380
    1256  0.31250000  0.37500000  0.31250000  0.0005    1381
    1257  0.37500000  0.37500000  0.31250000  0.0005    1382
    1258  0.43750000  0.37500000  0.31250000  0.0005    1383
    1259  0.50000000  0.37500000  0.31250000  0.0005    1384
    1260 -0.43750000  0.37500000  0.31250000  0.0005    1385
    1261 -0.37500000  0.37500000  0.31250000  0.0005    1386
    1262 -0.31250000  0.37500000  0.31250000  0.0005    1387
    1263 -0.25000000  0.37500000  0.31250000  0.0005    1388
    1264 -0.18750000  0.37500000  0.31250000  0.0005    1389
    1265 -0.12500000  0.37500000  0.31250000  0.0005    1390
    1266 -0.06250000  0.37500000  0.31250000  0.0005    1391
    1267  0.00000000  0.43750000  0.31250000  0.0005    1392
    1268  0.06250000  0.43750000  0.31250000  0.0005    1393
    1269  0.12500000  0.43750000  0.31250000  0.0005    1394
    1270  0.18750000  0.43750000  0.31250000  0.0005    1395
    1271  0.25000000  0.43750000  0.31250000  0.0005    1396
    1272  0.31250000  0.43750000  0.31250000  0.0005    1397
    1273  0.37500000  0.43750000  0.31250000  0.0005    1398
    1274  0.43750000  0.43750000  0.31250000  0.0005    1399
    1275  0.50000000  0.43750000  0.31250000  0.0005    1400
    1276 -0.43750000  0.43750000  0.31250000  0.0005    1401
    1277 -0.37500000  0.43750000  0.31250000  0.0005    1402
    1278 -0.31250000  0.43750000  0.31250000  0.0005    1403
    1279 -0.25000000  0.43750000  0.31250000  0.0005    1404
    1280 -0.18750000  0.43750000  0.31250000  0.0005    1405
    1281 -0.12500000  0.43750000  0.31250000  0.0005    1406
    1282 -0.06250000  0.43750000  0.31250000  0.0005    1407
    1283  0.00000000  0.50000000  0.31250000  0.0005    1408
    1284  0.06250000  0.50000000  0.31250000  0.0005    1409
    1285  0.12500000  0.50000000  0.31250000  0.0005    1410
    1286  0.18750000  0.50000000  0.31250000  0.0005    1411
    1287  0.25000000  0.50000000  0.31250000  0.0005    1412
    1288  0.31250000  0.50000000  0.31250000  0.0005    1413
    1289  0.37500000  0.50000000  0.31250000  0.0005    1414
    1290  0.43750000  0.50000000  0.31250000  0.0005    1415
    1291  0.50000000  0.50000000  0.31250000  0.0005    1416
    1292  0.43750000  0.50000000 -0.31250000  0.0005    1417
    1293  0.37500000  0.50000000 -0.31250000  0.0005    1418
    1294 -0.31250000  0.50000000  0.31250000  0.0005    1419
    1295 -0.25000000  0.50000000  0.31250000  0.0005    1420
    1296 -0.18750000  0.50000000  0.31250000  0.0005    1421
    1297 -0.12500000  0.50000000  0.31250000  0.0005    1422
    1298 -0.06250000  0.50000000  0.31250000  0.0005    1423
    1299  0.00000000  0.43750000 -0.31250000  0.0005    1424
    1300 -0.06250000  0.43750000 -0.31250000  0.0005    1425
    1301  0.12500000 -0.43750000  0.31250000  0.0005    1426
    1302  0.18750000 -0.43750000  0.31250000  0.0005    1427
    1303  0.25000000 -0.43750000  0.31250000  0.0005    1428
    1304  0.31250000 -0.43750000  0.31250000  0.0005    1429
    1305  0.37500000 -0.43750000  0.31250000  0.0005    1430
    1306  0.43750000 -0.43750000  0.31250000  0.0005    1431
    1307  0.50000000  0.43750000 -0.31250000  0.0005    1432
    1308  0.43750000  0.43750000 -0.31250000  0.0005    1433
    1309  0.37500000  0.43750000 -0.31250000  0.0005    1434
    1310  0.31250000  0.43750000 -0.31250000  0.0005    1435
    1311  0.25000000  0.43750000 -0.31250000  0.0005    1436
    1312  0.18750000  0.43750000 -0.31250000  0.0005    1437
    1313  0.12500000  0.43750000 -0.31250000  0.0005    1438
    1314  0.06250000  0.43750000 -0.31250000  0.0005    1439
    1315  0.00000000  0.37500000 -0.31250000  0.0005    1440
    1316  0.06250000 -0.37500000  0.31250000  0.0005    1441
    1317  0.12500000 -0.37500000  0.31250000  0.0005    1442
    1318  0.18750000 -0.37500000  0.31250000  0.0005    1443
    1319  0.25000000 -0.37500000  0.31250000  0.0005    1444
    1320  0.31250000 -0.37500000  0.31250000  0.0005    1445
    1321  0.37500000 -0.37500000  0.31250000  0.0005    1446
    1322  0.43750000 -0.37500000  0.31250000  0.0005    1447
    1323  0.50000000  0.37500000 -0.31250000  0.0005    1448
    1324  0.43750000  0.37500000 -0.31250000  0.0005    1449
    1325  0.37500000  0.37500000 -0.31250000  0.0005    1450
    1326  0.31250000  0.37500000 -0.31250000  0.0005    1451
    1327  0.25000000  0.37500000 -0.31250000  0.0005    1452
    1328  0.18750000  0.37500000 -0.31250000  0.0005    1453
    1329  0.12500000  0.37500000 -0.31250000  0.0005    1454
    1330  0.06250000  0.37500000 -0.31250000  0.0005    1455
    1331  0.00000000 -0.31250000  0.31250000  0.0005    1456
    1332  0.06250000 -0.31250000  0.31250000  0.0005    1457
    1333  0.12500000 -0.31250000  0.31250000  0.0005    1458
    1334  0.18750000 -0.31250000  0.31250000  0.0005    1459
    1335  0.25000000 -0.31250000  0.31250000  0.0005    1460
    1336  0.31250000 -0.31250000  0.31250000  0.0005    1461
    1337  0.37500000 -0.31250000  0.31250000  0.0005    1462
    1338  0.43750000 -0.31250000  0.31250000  0.0005    1463
    1339  0.50000000  0.31250000 -0.31250000  0.0005    1464
    1340  0.43750000  0.31250000 -0.31250000  0.0005    1465
    1341  0.37500000  0.31250000 -0.31250000  0.0005    1466
    1342  0.31250000  0.31250000 -0.31250000  0.0005    1467
    1343  0.25000000  0.31250000 -0.31250000  0.0005    1468
    1344  0.18750000  0.31250000 -0.31250000  0.0005    1469
    1345  0.12500000  0.31250000 -0.31250000  0.0005    1470
    1346  0.06250000  0.31250000 -0.31250000  0.0005    1471
    1347  0.00000000 -0.25000000  0.31250000  0.0005    1472
    1348  0.06250000 -0.25000000  0.31250000  0.0005    1473
    1349  0.12500000 -0.25000000  0.31250000  0.0005    1474
    1350  0.18750000 -0.25000000  0.31250000  0.0005    1475
    1351  0.25000000 -0.25000000  0.31250000  0.0005    1476
    1352  0.31250000 -0.25000000  0.31250000  0.0005    1477
    1353  0.37500000 -0.25000000  0.31250000  0.0005    1478
    1354  0.43750000 -0.25000000  0.31250000  0.0005    1479
    1355  0.50000000 -0.25000000  0.31250000  0.0005    1480
    1356  0.43750000  0.25000000 -0.31250000  0.0005    1481
    1357  0.37500000  0.25000000 -0.31250000  0.0005    1482
    1358  0.31250000  0.25000000 -0.31250000  0.0005    1483
    1359  0.25000000  0.25000000 -0.31250000  0.0005    1484
    1360  0.18750000  0.25000000 -0.31250000  0.0005    1485
    1361  0.12500000  0.25000000 -0.31250000  0.0005    1486
    1362 -0.06250000 -0.25000000  0.31250000  0.0005    1487
    1363  0.00000000 -0.18750000  0.31250000  0.0005    1488
    1364  0.06250000 -0.18750000  0.31250000  0.0005    1489
    1365  0.12500000 -0.18750000  0.31250000  0.0005    1490
    1366  0.18750000 -0.18750000  0.31250000  0.0005    1491
    1367  0.25000000 -0.18750000  0.31250000  0.0005    1492
    1368  0.31250000 -0.18750000  0.31250000  0.0005    1493
    1369  0.37500000 -0.18750000  0.31250000  0.0005    1494
    1370  0.43750000 -0.18750000  0.31250000  0.0005    1495
    1371  0.50000000 -0.18750000  0.31250000  0.0005    1496
    1372  0.43750000  0.18750000 -0.31250000  0.0005    1497
    1373  0.37500000  0.18750000 -0.31250000  0.0005    1498
    1374  0.31250000  0.18750000 -0.31250000  0.0005    1499
    1375  0.25000000  0.18750000 -0.31250000  0.0005    1500
    1376  0.18750000  0.18750000 -0.31250000  0.0005    1501
    1377 -0.12500000 -0.18750000  0.31250000  0.0005    1502
    1378 -0.06250000 -0.18750000  0.31250000  0.0005    1503
    1379  0.00000000 -0.12500000  0.31250000  0.0005    1504
    1380  0.06250000 -0.12500000  0.31250000  0.0005    1505
    1381  0.12500000 -0.12500000  0.31250000  0.0005    1506
    1382  0.18750000 -0.12500000  0.31250000  0.0005    1507
    1383  0.25000000 -0.12500000  0.31250000  0.0005    1508
    1384  0.31250000 -0.12500000  0.31250000  0.0005    1509
    1385  0.37500000 -0.12500000  0.31250000  0.0005    1510
    1386  0.43750000 -0.12500000  0.31250000  0.0005    1511
    1387  0.50000000 -0.12500000  0.31250000  0.0005    1512
    1388  0.43750000  0.12500000 -0.31250000  0.0005    1513
    1389  0.37500000  0.12500000 -0.31250000  0.0005    1514
    1390  0.31250000  0.12500000 -0.31250000  0.0005    1515
    1391  0.25000000  0.12500000 -0.31250000  0.0005    1516
    1392 -0.18750000 -0.12500000  0.31250000  0.0005    1517
    1393 -0.12500000 -0.12500000  0.31250000  0.0005    1518
    1394 -0.06250000 -0.12500000  0.31250000  0.0005    1519
    1395  0.00000000 -0.06250000  0.31250000  0.0005    1520
    1396  0.06250000 -0.06250000  0.31250000  0.0005    1521
    1397  0.12500000 -0.06250000  0.31250000  0.0005    1522
    1398  0.18750000 -0.06250000  0.31250000  0.0005    1523
    1399  0.25000000 -0.06250000  0.31250000  0.0005    1524
    1400  0.31250000 -0.06250000  0.31250000  0.0005    1525
    1401  0.37500000 -0.06250000  0.31250000  0.0005    1526
    1402  0.43750000 -0.06250000  0.31250000  0.0005    1527
    1403  0.50000000 -0.06250000  0.31250000  0.0005    1528
    1404  0.43750000  0.06250000 -0.31250000  0.0005    1529
    1405  0.37500000  0.06250000 -0.31250000  0.0005    1530
    1406  0.31250000  0.06250000 -0.31250000  0.0005    1531
    1407 -0.25000000 -0.06250000  0.31250000  0.0005    1532
    1408 -0.18750000 -0.06250000  0.31250000  0.0005    1533
    1409 -0.12500000 -0.06250000  0.31250000  0.0005    1534
    1410 -0.06250000 -0.06250000  0.31250000  0.0005    1535
    1411  0.00000000  0.00000000  0.37500000  0.0005    1536
    1412  0.06250000  0.00000000  0.37500000  0.0005    1537
    1413  0.12500000  0.00000000  0.37500000  0.0005    1538
    1414  0.18750000  0.00000000  0.37500000  0.0005    1539
    1415  0.25000000  0.00000000  0.37500000  0.0005    1540
    1416  0.31250000  0.00000000  0.37500000  0.0005    1541
    1417  0.37500000  0.00000000  0.37500000  0.0005    1542
    1418  0.43750000  0.00000000  0.37500000  0.0005    1543
    1419  0.50000000  0.00000000  0.37500000  0.0005    1544
    1420  0.43750000  0.00000000 -0.37500000  0.0005    1545
    1421 -0.37500000  0.00000000  0.37500000  0.0005    1546
    1422 -0.31250000  0.00000000  0.37500000  0.0005    1547
    1423 -0.25000000  0.00000000  0.37500000  0.0005    1548
    1424 -0.18750000  0.00000000  0.37500000  0.0005    1549
    1425 -0.12500000  0.00000000  0.37500000  0.0005    1550
    1426 -0.06250000  0.00000000  0.37500000  0.0005    1551
    1427  0.00000000  0.06250000  0.37500000  0.0005    1552
    1428  0.06250000  0.06250000  0.37500000  0.0005    1553
    1429  0.12500000  0.06250000  0.37500000  0.0005    1554
    1430  0.18750000  0.06250000  0.37500000  0.0005    1555
    1431  0.25000000  0.06250000  0.37500000  0.0005    1556
    1432  0.31250000  0.06250000  0.37500000  0.0005    1557
    1433  0.37500000  0.06250000  0.37500000  0.0005    1558
    1434  0.43750000  0.06250000  0.37500000  0.0005    1559
    1435  0.50000000  0.06250000  0.37500000  0.0005    1560
    1436 -0.43750000  0.06250000  0.37500000  0.0005    1561
    1437 -0.37500000  0.06250000  0.37500000  0.0005    1562
    1438 -0.31250000  0.06250000  0.37500000  0.0005    1563
    1439 -0.25000000  0.06250000  0.37500000  0.0005    1564
    1440 -0.18750000  0.06250000  0.37500000  0.0005    1565
    1441 -0.12500000  0.06250000  0.37500000  0.0005    1566
    1442 -0.06250000  0.06250000  0.37500000  0.0005    1567
    1443  0.00000000  0.12500000  0.37500000  0.0005    1568
    1444  0.06250000  0.12500000  0.37500000  0.0005    1569
    1445  0.12500000  0.12500000  0.37500000  0.0005    1570
    1446  0.18750000  0.12500000  0.37500000  0.0005    1571
    1447  0.25000000  0.12500000  0.37500000  0.0005    1572
    1448  0.31250000  0.12500000  0.37500000  0.0005    1573
    1449  0.37500000  0.12500000  0.37500000  0.0005    1574
    1450  0.43750000  0.12500000  0.37500000  0.0005    1575
    1451  0.50000000  0.12500000  0.37500000  0.0005    1576
    1452 -0.43750000  0.12500000  0.37500000  0.0005    1577
    1453 -0.37500000  0.12500000  0.37500000  0.0005    1578
    1454 -0.31250000  0.12500000  0.37500000  0.0005    1579
    1455 -0.25000000  0.12500000  0.37500000  0.0005    1580
    1456 -0.18750000  0.12500000  0.37500000  0.0005    1581
    1457 -0.12500000  0.12500000  0.37500000  0.0005    1582
    1458 -0.06250000  0.12500000  0.37500000  0.0005    1583
    1459  0.00000000  0.18750000  0.37500000  0.0005    1584
    1460  0.06250000  0.18750000  0.37500000  0.0005    1585
    1461  0.12500000  0.18750000  0.37500000  0.0005    1586
    1462  0.18750000  0.18750000  0.37500000  0.0005    1587
    1463  0.25000000  0.18750000  0.37500000  0.0005    1588
    1464  0.31250000  0.18750000  0.37500000  0.0005    1589
    1465  0.37500000  0.18750000  0.37500000  0.0005    1590
    1466  0.43750000  0.18750000  0.37500000  0.0005    1591
    1467  0.50000000  0.18750000  0.37500000  0.0005    1592
    1468 -0.43750000  0.18750000  0.37500000  0.0005    1593
    1469 -0.37500000  0.18750000  0.37500000  0.0005    1594
    1470 -0.31250000  0.18750000  0.37500000  0.0005    1595
    1471 -0.25000000  0.18750000  0.37500000  0.0005    1596
    1472 -0.18750000  0.18750000  0.37500000  0.0005    1597
    1473 -0.12500000  0.18750000  0.37500000  0.0005    1598
    1474 -0.06250000  0.18750000  0.37500000  0.0005    1599
    1475  0.00000000  0.25000000  0.37500000  0.0005    1600
    1476  0.06250000  0.25000000  0.37500000  0.0005    1601
    1477  0.12500000  0.25000000  0.37500000  0.0005    1602
    1478  0.18750000  0.25000000  0.37500000  0.0005    1603
    1479  0.25000000  0.25000000  0.37500000  0.0005    1604
    1480  0.31250000  0.25000000  0.37500000  0.0005    1605
    1481  0.37500000  0.25000000  0.37500000  0.0005    1606
    1482  0.43750000  0.25000000  0.37500000  0.0005    1607
    1483  0.50000000  0.25000000  0.37500000  0.0005    1608
    1484 -0.43750000  0.25000000  0.37500000  0.0005    1609
    1485 -0.37500000  0.25000000  0.37500000  0.0005    1610
    1486 -0.31250000  0.25000000  0.37500000  0.0005    1611
    1487 -0.25000000  0.25000000  0.37500000  0.0005    1612
    1488 -0.18750000  0.25000000  0.37500000  0.0005    1613
    1489 -0.12500000  0.25000000  0.37500000  0.0005    1614
    1490 -0.06250000  0.25000000  0.37500000  0.0005    1615
    1491  0.00000000  0.31250000  0.37500000  0.0005    1616
    1492  0.06250000  0.31250000  0.37500000  0.0005    1617
    1493  0.12500000  0.31250000  0.37500000  0.0005    1618
    1494  0.18750000  0.31250000  0.37500000  0.0005    1619
    1495  0.25000000  0.31250000  0.37500000  0.0005    1620
    1496  0.31250000  0.31250000  0.37500000  0.0005    1621
    1497  0.37500000  0.31250000  0.37500000  0.0005    1622
    1498  0.43750000  0.31250000  0.37500000  0.0005    1623
    1499  0.50000000  0.31250000  0.37500000  0.0005    1624
    1500 -0.43750000  0.31250000  0.37500000  0.0005    1625
    1501 -0.37500000  0.31250000  0.37500000  0.0005    1626
    1502 -0.31250000  0.31250000  0.37500000  0.0005    1627
    1503 -0.25000000  0.31250000  0.37500000  0.0005    1628
    1504 -0.18750000  0.31250000  0.37500000  0.0005    1629
    1505 -0.12500000  0.31250000  0.37500000  0.0005    1630
    1506 -0.06250000  0.31250000  0.37500000  0.0005    1631
    1507  0.00000000  0.37500000  0.37500000  0.0005    1632
    1508  0.06250000  0.37500000  0.37500000  0.0005    1633
    1509  0.12500000  0.37500000  0.37500000  0.0005    1634
    1510  0.18750000  0.37500000  0.37500000  0.0005    1635
    1511  0.25000000  0.37500000  0.37500000  0.0005    1636
    1512  0.31250000  0.37500000  0.37500000  0.0005    1637
    1513  0.37500000  0.37500000  0.37500000  0.0005    1638
    1514  0.43750000  0.37500000  0.37500000  0.0005    1639
    1515  0.50000000  0.37500000  0.37500000  0.0005    1640
    1516 -0.43750000  0.37500000  0.37500000  0.0005    1641
    1517 -0.37500000  0.37500000  0.37500000  0.0005    1642
    1518 -0.31250000  0.37500000  0.37500000  0.0005    1643
    1519 -0.25000000  0.37500000  0.37500000  0.0005    1644
    1520 -0.18750000  0.37500000  0.37500000  0.0005    1645
    1521 -0.12500000  0.37500000  0.37500000  0.0005    1646
    1522 -0.06250000  0.37500000  0.37500000  0.0005    1647
    1523  0.00000000  0.43750000  0.37500000  0.0005    1648
    1524  0.06250000  0.43750000  0.37500000  0.0005    1649
    1525  0.12500000  0.43750000  0.37500000  0.0005    1650
    1526  0.18750000  0.43750000  0.37500000  0.0005    1651
    1527  0.25000000  0.43750000  0.37500000  0.0005    1652
    1528  0.31250000  0.43750000  0.37500000  0.0005    1653
    1529  0.37500000  0.43750000  0.37500000  0.0005    1654
    1530  0.43750000  0.43750000  0.37500000  0.0005    1655
    1531  0.50000000  0.43750000  0.37500000  0.0005    1656
    1532 -0.43750000  0.43750000  0.37500000  0.0005    1657
    1533 -0.37500000  0.43750000  0.37500000  0.0005    1658
    1534 -0.31250000  0.43750000  0.37500000  0.0005    1659
    1535 -0.25000000  0.43750000  0.37500000  0.0005    1660
    1536 -0.18750000  0.43750000  0.37500000  0.0005    1661
    1537 -0.12500000  0.43750000  0.37500000  0.0005    1662
    1538 -0.06250000  0.43750000  0.37500000  0.0005    1663
    1539  0.00000000  0.50000000  0.37500000  0.0005    1664
    1540  0.06250000  0.50000000  0.37500000  0.0005    1665
    1541  0.12500000  0.50000000  0.37500000  0.0005    1666
    1542  0.18750000  0.50000000  0.37500000  0.0005    1667
    1543  0.25000000  0.50000000  0.37500000  0.0005    1668
    1544  0.31250000  0.50000000  0.37500000  0.0005    1669
    1545  0.37500000  0.50000000  0.37500000  0.0005    1670
    1546  0.43750000  0.50000000  0.37500000  0.0005    1671
    1547  0.50000000  0.50000000  0.37500000  0.0005    1672
    1548  0.43750000  0.50000000 -0.37500000  0.0005    1673
    1549 -0.37500000  0.50000000  0.37500000  0.0005    1674
    1550 -0.31250000  0.50000000  0.37500000  0.0005    1675
    1551 -0.25000000  0.50000000  0.37500000  0.0005    1676
    1552 -0.18750000  0.50000000  0.37500000  0.0005    1677
    1553 -0.12500000  0.50000000  0.37500000  0.0005    1678
    1554 -0.06250000  0.50000000  0.37500000  0.0005    1679
    1555  0.00000000  0.43750000 -0.37500000  0.0005    1680
    1556  0.06250000 -0.43750000  0.37500000  0.0005    1681
    1557  0.12500000 -0.43750000  0.37500000  0.0005    1682
    1558  0.18750000 -0.43750000  0.37500000  0.0005    1683
    1559  0.25000000 -0.43750000  0.37500000  0.0005    1684
    1560  0.31250000 -0.43750000  0.37500000  0.0005    1685
    1561  0.37500000 -0.43750000  0.37500000  0.0005    1686
    1562  0.43750000 -0.43750000  0.37500000  0.0005    1687
    1563  0.50000000  0.43750000 -0.37500000  0.0005    1688
    1564  0.43750000  0.43750000 -0.37500000  0.0005    1689
    1565  0.37500000  0.43750000 -0.37500000  0.0005    1690
    1566  0.31250000  0.43750000 -0.37500000  0.0005    1691
    1567  0.25000000  0.43750000 -0.37500000  0.0005    1692
    1568  0.18750000  0.43750000 -0.37500000  0.0005    1693
    1569  0.12500000  0.43750000 -0.37500000  0.0005    1694
    1570  0.06250000  0.43750000 -0.37500000  0.0005    1695
    1571  0.00000000 -0.37500000  0.37500000  0.0005    1696
    1572  0.06250000 -0.37500000  0.37500000  0.0005    1697
    1573  0.12500000 -0.37500000  0.37500000  0.0005    1698
    1574  0.18750000 -0.37500000  0.37500000  0.0005    1699
    1575  0.25000000 -0.37500000  0.37500000  0.0005    1700
    1576  0.31250000 -0.37500000  0.37500000  0.0005    1701
    1577  0.37500000 -0.37500000  0.37500000  0.0005    1702
    1578  0.43750000 -0.37500000  0.37500000  0.0005    1703
    1579  0.50000000 -0.37500000  0.37500000  0.0005    1704
    1580  0.43750000  0.37500000 -0.37500000  0.0005    1705
    1581  0.37500000  0.37500000 -0.37500000  0.0005    1706
    1582  0.31250000  0.37500000 -0.37500000  0.0005    1707
    1583  0.25000000  0.37500000 -0.37500000  0.0005    1708
    1584  0.18750000  0.37500000 -0.37500000  0.0005    1709
    1585  0.12500000  0.37500000 -0.37500000  0.0005    1710
    1586  0.06250000  0.37500000 -0.37500000  0.0005    1711
    1587  0.00000000 -0.31250000  0.37500000  0.0005    1712
    1588  0.06250000 -0.31250000  0.37500000  0.0005    1713
    1589  0.12500000 -0.31250000  0.37500000  0.0005    1714
    1590  0.18750000 -0.31250000  0.37500000  0.0005    1715
    1591  0.25000000 -0.31250000  0.37500000  0.0005    1716
    1592  0.31250000 -0.31250000  0.37500000  0.0005    1717
    1593  0.37500000 -0.31250000  0.37500000  0.0005    1718
    1594  0.43750000 -0.31250000  0.37500000  0.0005    1719
    1595  0.50000000 -0.31250000  0.37500000  0.0005    1720
    1596  0.43750000  0.31250000 -0.37500000  0.0005    1721
    1597  0.37500000  0.31250000 -0.37500000  0.0005    1722
    1598  0.31250000  0.31250000 -0.37500000  0.0005    1723
    1599  0.25000000  0.31250000 -0.37500000  0.0005    1724
    1600  0.18750000  0.31250000 -0.37500000  0.0005    1725
    1601  0.12500000  0.31250000 -0.37500000  0.0005    1726
    1602 -0.06250000 -0.31250000  0.37500000  0.0005    1727
    1603  0.00000000 -0.25000000  0.37500000  0.0005    1728
    1604  0.06250000 -0.25000000  0.37500000  0.0005    1729
    1605  0.12500000 -0.25000000  0.37500000  0.0005    1730
    1606  0.18750000 -0.25000000  0.37500000  0.0005    1731
    1607  0.25000000 -0.25000000  0.37500000  0.0005    1732
    1608  0.31250000 -0.25000000  0.37500000  0.0005    1733
    1609  0.37500000 -0.25000000  0.37500000  0.0005    1734
    1610  0.43750000 -0.25000000  0.37500000  0.0005    1735
    1611  0.50000000 -0.25000000  0.37500000  0.0005    1736
    1612  0.43750000  0.25000000 -0.37500000  0.0005    1737
    1613  0.37500000  0.25000000 -0.37500000  0.0005    1738
    1614  0.31250000  0.25000000 -0.37500000  0.0005    1739
    1615  0.25000000  0.25000000 -0.37500000  0.0005    1740
    1616  0.18750000  0.25000000 -0.37500000  0.0005    1741
    1617 -0.12500000 -0.25000000  0.37500000  0.0005    1742
    1618 -0.06250000 -0.25000000  0.37500000  0.0005    1743
    1619  0.00000000 -0.18750000  0.37500000  0.0005    1744
    1620  0.06250000 -0.18750000  0.37500000  0.0005    1745
    1621  0.12500000 -0.18750000  0.37500000  0.0005    1746
    1622  0.18750000 -0.18750000  0.37500000  0.0005    1747
    1623  0.25000000 -0.18750000  0.37500000  0.0005    1748
    1624  0.31250000 -0.18750000  0.37500000  0.0005    1749
    1625  0.37500000 -0.18750000  0.37500000  0.0005    1750
    1626  0.43750000 -0.18750000  0.37500000  0.0005    1751
    1627  0.50000000 -0.18750000  0.37500000  0.0005    1752
    1628  0.43750000  0.18750000 -0.37500000  0.0005    1753
    1629  0.37500000  0.18750000 -0.37500000  0.0005    1754
    1630  0.31250000  0.18750000 -0.37500000  0.0005    1755
    1631  0.25000000  0.18750000 -0.37500000  0.0005    1756
    1632 -0.18750000 -0.18750000  0.37500000  0.0005    1757
    1633 -0.12500000 -0.18750000  0.37500000  0.0005    1758
    1634 -0.06250000 -0.18750000  0.37500000  0.0005    1759
    1635  0.00000000 -0.12500000  0.37500000  0.0005    1760
    1636  0.06250000 -0.12500000  0.37500000  0.0005    1761
    1637  0.12500000 -0.12500000  0.37500000  0.0005    1762
    1638  0.18750000 -0.12500000  0.37500000  0.0005    1763
    1639  0.25000000 -0.12500000  0.37500000  0.0005    1764
    1640  0.31250000 -0.12500000  0.37500000  0.0005    1765
    1641  0.37500000 -0.12500000  0.37500000  0.0005    1766
    1642  0.43750000 -0.12500000  0.37500000  0.0005    1767
    1643  0.50000000 -0.12500000  0.37500000  0.0005    1768
    1644  0.43750000  0.12500000 -0.37500000  0.0005    1769
    1645  0.37500000  0.12500000 -0.37500000  0.0005    1770
    1646  0.31250000  0.12500000 -0.37500000  0.0005    1771
    1647 -0.25000000 -0.12500000  0.37500000  0.0005    1772
    1648 -0.18750000 -0.12500000  0.37500000  0.0005    1773
    1649 -0.12500000 -0.12500000  0.37500000  0.0005    1774
    1650 -0.06250000 -0.12500000  0.37500000  0.0005    1775
    1651  0.00000000 -0.06250000  0.37500000  0.0005    1776
    1652  0.06250000 -0.06250000  0.37500000  0.0005    1777
    1653  0.12500000 -0.06250000  0.37500000  0.0005    1778
    1654  0.18750000 -0.06250000  0.37500000  0.0005    1779
    1655  0.25000000 -0.06250000  0.37500000  0.0005    1780
    1656  0.31250000 -0.06250000  0.37500000  0.0005    1781
    1657  0.37500000 -0.06250000  0.37500000  0.0005    1782
    1658  0.43750000 -0.06250000  0.37500000  0.0005    1783
    1659  0.50000000 -0.06250000  0.37500000  0.0005    1784
    1660  0.43750000  0.06250000 -0.37500000  0.0005    1785
    1661  0.37500000  0.06250000 -0.37500000  0.0005    1786
    1662 -0.31250000 -0.06250000  0.37500000  0.0005    1787
    1663 -0.25000000 -0.06250000  0.37500000  0.0005    1788
    1664 -0.18750000 -0.06250000  0.37500000  0.0005    1789
    1665 -0.12500000 -0.06250000  0.37500000  0.0005    1790
    1666 -0.06250000 -0.06250000  0.37500000  0.0005    1791
    1667  0.00000000  0.00000000  0.43750000  0.0005    1792
    1668  0.06250000  0.00000000  0.43750000  0.0005    1793
    1669  0.12500000  0.00000000  0.43750000  0.0005    1794
    1670  0.18750000  0.00000000  0.43750000  0.0005    1795
    1671  0.25000000  0.00000000  0.43750000  0.0005    1796
    1672  0.31250000  0.00000000  0.43750000  0.0005    1797
    1673  0.37500000  0.00000000  0.43750000  0.0005    1798
    1674  0.43750000  0.00000000  0.43750000  0.0005    1799
    1675  0.50000000  0.00000000  0.43750000  0.0005    1800
    1676 -0.43750000  0.00000000  0.43750000  0.0005    1801
    1677 -0.37500000  0.00000000  0.43750000  0.0005    1802
    1678 -0.31250000  0.00000000  0.43750000  0.0005    1803
    1679 -0.25000000  0.00000000  0.43750000  0.0005    1804
    1680 -0.18750000  0.00000000  0.43750000  0.0005    1805
    1681 -0.12500000  0.00000000  0.43750000  0.0005    1806
    1682 -0.06250000  0.00000000  0.43750000  0.0005    1807
    1683  0.00000000  0.06250000  0.43750000  0.0005    1808
    1684  0.06250000  0.06250000  0.43750000  0.0005    1809
    1685  0.12500000  0.06250000  0.43750000  0.0005    1810
    1686  0.18750000  0.06250000  0.43750000  0.0005    1811
    1687  0.25000000  0.06250000  0.43750000  0.0005    1812
    1688  0.31250000  0.06250000  0.43750000  0.0005    1813
    1689  0.37500000  0.06250000  0.43750000  0.0005    1814
    1690  0.43750000  0.06250000  0.43750000  0.0005    1815
    1691  0.50000000  0.06250000  0.43750000  0.0005    1816
    1692 -0.43750000  0.06250000  0.43750000  0.0005    1817
    1693 -0.37500000  0.06250000  0.43750000  0.0005    1818
    1694 -0.31250000  0.06250000  0.43750000  0.0005    1819
    1695 -0.25000000  0.06250000  0.43750000  0.0005    1820
    1696 -0.18750000  0.06250000  0.43750000  0.0005    1821
    1697 -0.12500000  0.06250000  0.43750000  0.0005    1822
    1698 -0.06250000  0.06250000  0.43750000  0.0005    1823
    1699  0.00000000  0.12500000  0.43750000  0.0005    1824
    1700  0.06250000  0.12500000  0.43750000  0.0005    1825
    1701  0.12500000  0.12500000  0.43750000  0.0005    1826
    1702  0.18750000  0.12500000  0.43750000  0.0005    1827
    1703  0.25000000  0.12500000  0.43750000  0.0005    1828
    1704  0.31250000  0.12500000  0.43750000  0.0005    1829
    1705  0.37500000  0.12500000  0.43750000  0.0005    1830
    1706  0.43750000  0.12500000  0.43750000  0.0005    1831
    1707  0.50000000  0.12500000  0.43750000  0.0005    1832
    1708 -0.43750000  0.12500000  0.43750000  0.0005    1833
    1709 -0.37500000  0.12500000  0.43750000  0.0005    1834
    1710 -0.31250000  0.12500000  0.43750000  0.0005    1835
    1711 -0.25000000  0.12500000  0.43750000  0.0005    1836
    1712 -0.18750000  0.12500000  0.43750000  0.0005    1837
    1713 -0.12500000  0.12500000  0.43750000  0.0005    1838
    1714 -0.06250000  0.12500000  0.43750000  0.0005    1839
    1715  0.00000000  0.18750000  0.43750000  0.0005    1840
    1716  0.06250000  0.18750000  0.43750000  0.0005    1841
    1717  0.12500000  0.18750000  0.43750000  0.0005    1842
    1718  0.18750000  0.18750000  0.43750000  0.0005    1843
    1719  0.25000000  0.18750000  0.43750000  0.0005    1844
    1720  0.31250000  0.18750000  0.43750000  0.0005    1845
    1721  0.37500000  0.18750000  0.43750000  0.0005    1846
    1722  0.43750000  0.18750000  0.43750000  0.0005    1847
    1723  0.50000000  0.18750000  0.43750000  0.0005    1848
    1724 -0.43750000  0.18750000  0.43750000  0.0005    1849
    1725 -0.37500000  0.18750000  0.43750000  0.0005    1850
    1726 -0.31250000  0.18750000  0.43750000  0.0005    1851
    1727 -0.25000000  0.18750000  0.43750000  0.0005    1852
    1728 -0.18750000  0.18750000  0.43750000  0.0005    1853
    1729 -0.12500000  0.18750000  0.43750000  0.0005    1854
    1730 -0.06250000  0.18750000  0.43750000  0.0005    1855
    1731  0.00000000  0.25000000  0.43750000  0.0005    1856
    1732  0.06250000  0.25000000  0.43750000  0.0005    1857
    1733  0.12500000  0.25000000  0.43750000  0.0005    1858
    1734  0.18750000  0.25000000  0.43750000  0.0005    1859
    1735  0.25000000  0.25000000  0.43750000  0.0005    1860
    1736  0.31250000  0.25000000  0.43750000  0.0005    1861
    1737  0.37500000  0.25000000  0.43750000  0.0005    1862
    1738  0.43750000  0.25000000  0.43750000  0.0005    1863
    1739  0.50000000  0.25000000  0.43750000  0.0005    1864
    1740 -0.43750000  0.25000000  0.43750000  0.0005    1865
    1741 -0.37500000  0.25000000  0.43750000  0.0005    1866
    1742 -0.31250000  0.25000000  0.43750000  0.0005    1867
    1743 -0.25000000  0.25000000  0.43750000  0.0005    1868
    1744 -0.18750000  0.25000000  0.43750000  0.0005    1869
    1745 -0.12500000  0.25000000  0.43750000  0.0005    1870
    1746 -0.06250000  0.25000000  0.43750000  0.0005    1871
    1747  0.00000000  0.31250000  0.43750000  0.0005    1872
    1748  0.06250000  0.31250000  0.43750000  0.0005    1873
    1749  0.12500000  0.31250000  0.43750000  0.0005    1874
    1750  0.18750000  0.31250000  0.43750000  0.0005    1875
    1751  0.25000000  0.31250000  0.43750000  0.0005    1876
    1752  0.31250000  0.31250000  0.43750000  0.0005    1877
    1753  0.37500000  0.31250000  0.43750000  0.0005    1878
    1754  0.43750000  0.31250000  0.43750000  0.0005    1879
    1755  0.50000000  0.31250000  0.43750000  0.0005    1880
    1756 -0.43750000  0.31250000  0.43750000  0.0005    1881
    1757 -0.37500000  0.31250000  0.43750000  0.0005    1882
    1758 -0.31250000  0.31250000  0.43750000  0.0005    1883
    1759 -0.25000000  0.31250000  0.43750000  0.0005    1884
    1760 -0.18750000  0.31250000  0.43750000  0.0005    1885
    1761 -0.12500000  0.31250000  0.43750000  0.0005    1886
    1762 -0.06250000  0.31250000  0.43750000  0.0005    1887
    1763  0.00000000  0.37500000  0.43750000  0.0005    1888
    1764  0.06250000  0.37500000  0.43750000  0.0005    1889
    1765  0.12500000  0.37500000  0.43750000  0.0005    1890
    1766  0.18750000  0.37500000  0.43750000  0.0005    1891
    1767  0.25000000  0.37500000  0.43750000  0.0005    1892
    1768  0.31250000  0.37500000  0.43750000  0.0005    1893
    1769  0.37500000  0.37500000  0.43750000  0.0005    1894
    1770  0.43750000  0.37500000  0.43750000  0.0005    1895
    1771  0.50000000  0.37500000  0.43750000  0.0005    1896
    1772 -0.43750000  0.37500000  0.43750000  0.0005    1897
    1773 -0.37500000  0.37500000  0.43750000  0.0005    1898
    1774 -0.31250000  0.37500000  0.43750000  0.0005    1899
    1775 -0.25000000  0.37500000  0.43750000  0.0005    1900
    1776 -0.18750000  0.37500000  0.43750000  0.0005    1901
    1777 -0.12500000  0.37500000  0.43750000  0.0005    1902
    1778 -0.06250000  0.37500000  0.43750000  0.0005    1903
    1779  0.00000000  0.43750000  0.43750000  0.0005    1904
    1780  0.06250000  0.43750000  0.43750000  0.0005    1905
    1781  0.12500000  0.43750000  0.43750000  0.0005    1906
    1782  0.18750000  0.43750000  0.43750000  0.0005    1907
    1783  0.25000000  0.43750000  0.43750000  0.0005    1908
    1784  0.31250000  0.43750000  0.43750000  0.0005    1909
    1785  0.37500000  0.43750000  0.43750000  0.0005    1910
    1786  0.43750000  0.43750000  0.43750000  0.0005    1911
    1787  0.50000000  0.43750000  0.43750000  0.0005    1912
    1788 -0.43750000  0.43750000  0.43750000  0.0005    1913
    1789 -0.37500000  0.43750000  0.43750000  0.0005    1914
    1790 -0.31250000  0.43750000  0.43750000  0.0005    1915
    1791 -0.25000000  0.43750000  0.43750000  0.0005    1916
    1792 -0.18750000  0.43750000  0.43750000  0.0005    1917
    1793 -0.12500000  0.43750000  0.43750000  0.0005    1918
    1794 -0.06250000  0.43750000  0.43750000  0.0005    1919
    1795  0.00000000  0.50000000  0.43750000  0.0005    1920
    1796  0.06250000  0.50000000  0.43750000  0.0005    1921
    1797  0.12500000  0.50000000  0.43750000  0.0005    1922
    1798  0.18750000  0.50000000  0.43750000  0.0005    1923
    1799  0.25000000  0.50000000  0.43750000  0.0005    1924
    1800  0.31250000  0.50000000  0.43750000  0.0005    1925
    1801  0.37500000  0.50000000  0.43750000  0.0005    1926
    1802  0.43750000  0.50000000  0.43750000  0.0005    1927
    1803  0.50000000  0.50000000  0.43750000  0.0005    1928
    1804 -0.43750000  0.50000000  0.43750000  0.0005    1929
    1805 -0.37500000  0.50000000  0.43750000  0.0005    1930
    1806 -0.31250000  0.50000000  0.43750000  0.0005    1931
    1807 -0.25000000  0.50000000  0.43750000  0.0005    1932
    1808 -0.18750000  0.50000000  0.43750000  0.0005    1933
    1809 -0.12500000  0.50000000  0.43750000  0.0005    1934
    1810 -0.06250000  0.50000000  0.43750000  0.0005    1935
    1811  0.00000000 -0.43750000  0.43750000  0.0005    1936
    1812  0.06250000 -0.43750000  0.43750000  0.0005    1937
    1813  0.12500000 -0.43750000  0.43750000  0.0005    1938
    1814  0.18750000 -0.43750000  0.43750000  0.0005    1939
    1815  0.25000000 -0.43750000  0.43750000  0.0005    1940
    1816  0.31250000 -0.43750000  0.43750000  0.0005    1941
    1817  0.37500000 -0.43750000  0.43750000  0.0005    1942
    1818  0.43750000 -0.43750000  0.43750000  0.0005    1943
    1819  0.50000000 -0.43750000  0.43750000  0.0005    1944
    1820  0.43750000  0.43750000 -0.43750000  0.0005    1945
    1821  0.37500000  0.43750000 -0.43750000  0.0005    1946
    1822  0.31250000  0.43750000 -0.43750000  0.0005    1947
    1823  0.25000000  0.43750000 -0.43750000  0.0005    1948
    1824  0.18750000  0.43750000 -0.43750000  0.0005    1949
    1825  0.12500000  0.43750000 -0.43750000  0.0005    1950
    1826  0.06250000  0.43750000 -0.43750000  0.0005    1951
    1827  0.00000000 -0.37500000  0.43750000  0.0005    1952
    1828  0.06250000 -0.37500000  0.43750000  0.0005    1953
    1829  0.12500000 -0.37500000  0.43750000  0.0005    1954
    1830  0.18750000 -0.37500000  0.43750000  0.0005    1955
    1831  0.25000000 -0.37500000  0.43750000  0.0005    1956
    1832  0.31250000 -0.37500000  0.43750000  0.0005    1957
    1833  0.37500000 -0.37500000  0.43750000  0.0005    1958
    1834  0.43750000 -0.37500000  0.43750000  0.0005    1959
    1835  0.50000000 -0.37500000  0.43750000  0.0005    1960
    1836  0.43750000  0.37500000 -0.43750000  0.0005    1961
    1837  0.37500000  0.37500000 -0.43750000  0.0005    1962
    1838  0.31250000  0.37500000 -0.43750000  0.0005    1963
    1839  0.25000000  0.37500000 -0.43750000  0.0005    1964
    1840  0.18750000  0.37500000 -0.43750000  0.0005    1965
    1841  0.12500000  0.37500000 -0.43750000  0.0005    1966
    1842 -0.06250000 -0.37500000  0.43750000  0.0005    1967
    1843  0.00000000 -0.31250000  0.43750000  0.0005    1968
    1844  0.06250000 -0.31250000  0.43750000  0.0005    1969
    1845  0.12500000 -0.31250000  0.43750000  0.0005    1970
    1846  0.18750000 -0.31250000  0.43750000  0.0005    1971
    1847  0.25000000 -0.31250000  0.43750000  0.0005    1972
    1848  0.31250000 -0.31250000  0.43750000  0.0005    1973
    1849  0.37500000 -0.31250000  0.43750000  0.0005    1974
    1850  0.43750000 -0.31250000  0.43750000  0.0005    1975
    1851  0.50000000 -0.31250000  0.43750000  0.0005    1976
    1852  0.43750000  0.31250000 -0.43750000  0.0005    1977
    1853  0.37500000  0.31250000 -0.43750000  0.0005    1978
    1854  0.31250000  0.31250000 -0.43750000  0.0005    1979
    1855  0.25000000  0.31250000 -0.43750000  0.0005    1980
    1856  0.18750000  0.31250000 -0.43750000  0.0005    1981
    1857 -0.12500000 -0.31250000  0.43750000  0.0005    1982
    1858 -0.06250000 -0.31250000  0.43750000  0.0005    1983
    1859  0.00000000 -0.25000000  0.43750000  0.0005    1984
    1860  0.06250000 -0.25000000  0.43750000  0.0005    1985
    1861  0.12500000 -0.25000000  0.43750000  0.0005    1986
    1862  0.18750000 -0.25000000  0.43750000  0.0005    1987
    1863  0.25000000 -0.25000000  0.43750000  0.0005    1988
    1864  0.31250000 -0.25000000  0.43750000  0.0005    1989
    1865  0.37500000 -0.25000000  0.43750000  0.0005    1990
    1866  0.43750000 -0.25000000  0.43750000  0.0005    1991
    1867  0.50000000 -0.25000000  0.43750000  0.0005    1992
    1868  0.43750000  0.25000000 -0.43750000  0.0005    1993
    1869  0.37500000  0.25000000 -0.43750000  0.0005    1994
    1870  0.31250000  0.25000000 -0.43750000  0.0005    1995
    1871  0.25000000  0.25000000 -0.43750000  0.0005    1996
    1872 -0.18750000 -0.25000000  0.43750000  0.0005    1997
    1873 -0.12500000 -0.25000000  0.43750000  0.0005    1998
    1874 -0.06250000 -0.25000000  0.43750000  0.0005    1999
    1875  0.00000000 -0.18750000  0.43750000  0.0005    2000
    1876  0.06250000 -0.18750000  0.43750000  0.0005    2001
    1877  0.12500000 -0.18750000  0.43750000  0.0005    2002
    1878  0.18750000 -0.18750000  0.43750000  0.0005    2003
    1879  0.25000000 -0.18750000  0.43750000  0.0005    2004
    1880  0.31250000 -0.18750000  0.43750000  0.0005    2005
    1881  0.37500000 -0.18750000  0.43750000  0.0005    2006
    1882  0.43750000 -0.18750000  0.43750000  0.0005    2007
    1883  0.50000000 -0.18750000  0.43750000  0.0005    2008
    1884  0.43750000  0.18750000 -0.43750000  0.0005    2009
    1885  0.37500000  0.18750000 -0.43750000  0.0005    2010
    1886  0.31250000  0.18750000 -0.43750000  0.0005    2011
    1887 -0.25000000 -0.18750000  0.43750000  0.0005    2012
    1888 -0.18750000 -0.18750000  0.43750000  0.0005    2013
    1889 -0.12500000 -0.18750000  0.43750000  0.0005    2014
    1890 -0.06250000 -0.18750000  0.43750000  0.0005    2015
    1891  0.00000000 -0.12500000  0.43750000  0.0005    2016
    1892  0.06250000 -0.12500000  0.43750000  0.0005    2017
    1893  0.12500000 -0.12500000  0.43750000  0.0005    2018
    1894  0.18750000 -0.12500000  0.43750000  0.0005    2019
    1895  0.25000000 -0.12500000  0.43750000  0.0005    2020
    1896  0.31250000 -0.12500000  0.43750000  0.0005    2021
    1897  0.37500000 -0.12500000  0.43750000  0.0005    2022
    1898  0.43750000 -0.12500000  0.43750000  0.0005    2023
    1899  0.50000000 -0.12500000  0.43750000  0.0005    2024
    1900  0.43750000  0.12500000 -0.43750000  0.0005    2025
    1901  0.37500000  0.12500000 -0.43750000  0.0005    2026
    1902 -0.31250000 -0.12500000  0.43750000  0.0005    2027
    1903 -0.25000000 -0.12500000  0.43750000  0.0005    2028
    1904 -0.18750000 -0.12500000  0.43750000  0.0005    2029
    1905 -0.12500000 -0.12500000  0.43750000  0.0005    2030
    1906 -0.06250000 -0.12500000  0.43750000  0.0005    2031
    1907  0.00000000 -0.06250000  0.43750000  0.0005    2032
    1908  0.06250000 -0.06250000  0.43750000  0.0005    2033
    1909  0.12500000 -0.06250000  0.43750000  0.0005    2034
    1910  0.18750000 -0.06250000  0.43750000  0.0005    2035
    1911  0.25000000 -0.06250000  0.43750000  0.0005    2036
    1912  0.31250000 -0.06250000  0.43750000  0.0005    2037
    1913  0.37500000 -0.06250000  0.43750000  0.0005    2038
    1914  0.43750000 -0.06250000  0.43750000  0.0005    2039
    1915  0.50000000 -0.06250000  0.43750000  0.0005    2040
    1916  0.43750000  0.06250000 -0.43750000  0.0005    2041
    1917 -0.37500000 -0.06250000  0.43750000  0.0005    2042
    1918 -0.31250000 -0.06250000  0.43750000  0.0005    2043
    1919 -0.25000000 -0.06250000  0.43750000  0.0005    2044
    1920 -0.18750000 -0.06250000  0.43750000  0.0005    2045
    1921 -0.12500000 -0.06250000  0.43750000  0.0005    2046
    1922 -0.06250000 -0.06250000  0.43750000  0.0005    2047
    1923  0.00000000  0.00000000  0.50000000  0.0002    2048
    1924  0.06250000  0.00000000  0.50000000  0.0005    2049
    1925  0.12500000  0.00000000  0.50000000  0.0005    2050
    1926  0.18750000  0.00000000  0.50000000  0.0005    2051
    1927  0.25000000  0.00000000  0.50000000  0.0005    2052
    1928  0.31250000  0.00000000  0.50000000  0.0005    2053
    1929  0.37500000  0.00000000  0.50000000  0.0005    2054
    1930  0.43750000  0.00000000  0.50000000  0.0005    2055
    1931  0.50000000  0.00000000  0.50000000  0.0002    2056
    1932  0.00000000  0.06250000  0.50000000  0.0005    2064
    1933  0.06250000  0.06250000  0.50000000  0.0005    2065
    1934  0.12500000  0.06250000  0.50000000  0.0005    2066
    1935  0.18750000  0.06250000  0.50000000  0.0005    2067
    1936  0.25000000  0.06250000  0.50000000  0.0005    2068
    1937  0.31250000  0.06250000  0.50000000  0.0005    2069
    1938  0.37500000  0.06250000  0.50000000  0.0005    2070
    1939  0.43750000  0.06250000  0.50000000  0.0005    2071
    1940  0.50000000  0.06250000  0.50000000  0.0005    2072
    1941  0.43750000 -0.06250000  0.50000000  0.0005    2073
    1942  0.37500000 -0.06250000  0.50000000  0.0005    2074
    1943  0.31250000 -0.06250000  0.50000000  0.0005    2075
    1944  0.25000000 -0.06250000  0.50000000  0.0005    2076
    1945  0.18750000 -0.06250000  0.50000000  0.0005    2077
    1946  0.12500000 -0.06250000  0.50000000  0.0005    2078
    1947 -0.06250000  0.06250000  0.50000000  0.0005    2079
    1948  0.00000000  0.12500000  0.50000000  0.0005    2080
    1949  0.06250000  0.12500000  0.50000000  0.0005    2081
    1950  0.12500000  0.12500000  0.50000000  0.0005    2082
    1951  0.18750000  0.12500000  0.50000000  0.0005    2083
    1952  0.25000000  0.12500000  0.50000000  0.0005    2084
    1953  0.31250000  0.12500000  0.50000000  0.0005    2085
    1954  0.37500000  0.12500000  0.50000000  0.0005    2086
    1955  0.43750000  0.12500000  0.50000000  0.0005    2087
    1956  0.50000000  0.12500000  0.50000000  0.0005    2088
    1957  0.43750000 -0.12500000  0.50000000  0.0005    2089
    1958  0.37500000 -0.12500000  0.50000000  0.0005    2090
    1959  0.31250000 -0.12500000  0.50000000  0.0005    2091
    1960  0.25000000 -0.12500000  0.50000000  0.0005    2092
    1961  0.18750000 -0.12500000  0.50000000  0.0005    2093
    1962 -0.12500000  0.12500000  0.50000000  0.0005    2094
    1963 -0.06250000  0.12500000  0.50000000  0.0005    2095
    1964  0.00000000  0.18750000  0.50000000  0.0005    2096
    1965  0.06250000  0.18750000  0.50000000  0.0005    2097
    1966  0.12500000  0.18750000  0.50000000  0.0005    2098
    1967  0.18750000  0.18750000  0.50000000  0.0005    2099
    1968  0.25000000  0.18750000  0.50000000  0.0005    2100
    1969  0.31250000  0.18750000  0.50000000  0.0005    2101
    1970  0.37500000  0.18750000  0.50000000  0.0005    2102
    1971  0.43750000  0.18750000  0.50000000  0.0005    2103
    1972  0.50000000  0.18750000  0.50000000  0.0005    2104
    1973  0.43750000 -0.18750000  0.50000000  0.0005    2105
    1974  0.37500000 -0.18750000  0.50000000  0.0005    2106
    1975  0.31250000 -0.18750000  0.50000000  0.0005    2107
    1976  0.25000000 -0.18750000  0.50000000  0.0005    2108
    1977 -0.18750000  0.18750000  0.50000000  0.0005    2109
    1978 -0.12500000  0.18750000  0.50000000  0.0005    2110
    1979 -0.06250000  0.18750000  0.50000000  0.0005    2111
    1980  0.00000000  0.25000000  0.50000000  0.0005    2112
    1981  0.06250000  0.25000000  0.50000000  0.0005    2113
    1982  0.12500000  0.25000000  0.50000000  0.0005    2114
    1983  0.18750000  0.25000000  0.50000000  0.0005    2115
    1984  0.25000000  0.25000000  0.50000000  0.0005    2116
    1985  0.31250000  0.25000000  0.50000000  0.0005    2117
    1986  0.37500000  0.25000000  0.50000000  0.0005    2118
    1987  0.43750000  0.25000000  0.50000000  0.0005    2119
    1988  0.50000000  0.25000000  0.50000000  0.0005    2120
    1989  0.43750000 -0.25000000  0.50000000  0.0005    2121
    1990  0.37500000 -0.25000000  0.50000000  0.0005    2122
    1991  0.31250000 -0.25000000  0.50000000  0.0005    2123
    1992 -0.25000000  0.25000000  0.50000000  0.0005    2124
    1993 -0.18750000  0.25000000  0.50000000  0.0005    2125
    1994 -0.12500000  0.25000000  0.50000000  0.0005    2126
    1995 -0.06250000  0.25000000  0.50000000  0.0005    2127
    1996  0.00000000  0.31250000  0.50000000  0.0005    2128
    1997  0.06250000  0.31250000  0.50000000  0.0005    2129
    1998  0.12500000  0.31250000  0.50000000  0.0005    2130
    1999  0.18750000  0.31250000  0.50000000  0.0005    2131
    2000  0.25000000  0.31250000  0.50000000  0.0005    2132
    2001  0.31250000  0.31250000  0.50000000  0.0005    2133
    2002  0.37500000  0.31250000  0.50000000  0.0005    2134
    2003  0.43750000  0.31250000  0.50000000  0.0005    2135
    2004  0.50000000  0.31250000  0.50000000  0.0005    2136
    2005  0.43750000 -0.31250000  0.50000000  0.0005    2137
    2006  0.37500000 -0.31250000  0.50000000  0.0005    2138
    2007 -0.31250000  0.31250000  0.50000000  0.0005    2139
    2008 -0.25000000  0.31250000  0.50000000  0.0005    2140
    2009 -0.18750000  0.31250000  0.50000000  0.0005    2141
    2010 -0.12500000  0.31250000  0.50000000  0.0005    2142
    2011 -0.06250000  0.31250000  0.50000000  0.0005    2143
    2012  0.00000000  0.37500000  0.50000000  0.0005    2144
    2013  0.06250000  0.37500000  0.50000000  0.0005    2145
    2014  0.12500000  0.37500000  0.50000000  0.0005    2146
    2015  0.18750000  0.37500000  0.50000000  0.0005    2147
    2016  0.25000000  0.37500000  0.50000000  0.0005    2148
    2017  0.31250000  0.37500000  0.50000000  0.0005    2149
    2018  0.37500000  0.37500000  0.50000000  0.0005    2150
    2019  0.43750000  0.37500000  0.50000000  0.0005    2151
    2020  0.50000000  0.37500000  0.50000000  0.0005    2152
    2021  0.43750000 -0.37500000  0.50000000  0.0005    2153
    2022 -0.37500000  0.37500000  0.50000000  0.0005    2154
    2023 -0.31250000  0.37500000  0.50000000  0.0005    2155
    2024 -0.25000000  0.37500000  0.50000000  0.0005    2156
    2025 -0.18750000  0.37500000  0.50000000  0.0005    2157
    2026 -0.12500000  0.37500000  0.50000000  0.0005    2158
    2027 -0.06250000  0.37500000  0.50000000  0.0005    2159
    2028  0.00000000  0.43750000  0.50000000  0.0005    2160
    2029  0.06250000  0.43750000  0.50000000  0.0005    2161
    2030  0.12500000  0.43750000  0.50000000  0.0005    2162
    2031  0.18750000  0.43750000  0.50000000  0.0005    2163
    2032  0.25000000  0.43750000  0.50000000  0.0005    2164
    2033  0.31250000  0.43750000  0.50000000  0.0005    2165
    2034  0.37500000  0.43750000  0.50000000  0.0005    2166
    2035  0.43750000  0.43750000  0.50000000  0.0005    2167
    2036  0.50000000  0.43750000  0.50000000  0.0005    2168
    2037 -0.43750000  0.43750000  0.50000000  0.0005    2169
    2038 -0.37500000  0.43750000  0.50000000  0.0005    2170
    2039 -0.31250000  0.43750000  0.50000000  0.0005    2171
    2040 -0.25000000  0.43750000  0.50000000  0.0005    2172
    2041 -0.18750000  0.43750000  0.50000000  0.0005    2173
    2042 -0.12500000  0.43750000  0.50000000  0.0005    2174
    2043 -0.06250000  0.43750000  0.50000000  0.0005    2175
    2044  0.00000000  0.50000000  0.50000000  0.0002    2176
    2045  0.06250000  0.50000000  0.50000000  0.0005    2177
    2046  0.12500000  0.50000000  0.50000000  0.0005    2178
    2047  0.18750000  0.50000000  0.50000000  0.0005    2179
    2048  0.25000000  0.50000000  0.50000000  0.0005    2180
    2049  0.31250000  0.50000000  0.50000000  0.0005    2181
    2050  0.37500000  0.50000000  0.50000000  0.0005    2182
    2051  0.43750000  0.50000000  0.50000000  0.0005    2183
    2052  0.50000000  0.50000000  0.50000000  0.0002    2184

                               nkstot now = 2052
 K-POINTS DIRECT COORDINATES
 KPOINTS    DIRECT_X    DIRECT_Y    DIRECT_Z  WEIGHT
       1  0.00000000  0.00000000  0.00000000  0.0002
       2  0.06250000  0.00000000  0.00000000  0.0005
       3  0.12500000  0.00000000  0.00000000  0.0005
       4  0.18750000  0.00000000  0.00000000  0.0005
       5  0.25000000  0.00000000  0.00000000  0.0005
       6  0.31250000  0.00000000  0.00000000  0.0005
       7  0.37500000  0.00000000  0.00000000  0.0005
       8  0.43750000  0.00000000  0.00000000  0.0005
       9  0.50000000  0.00000000  0.00000000  0.0002
      10  0.00000000  0.06250000  0.00000000  0.0005
      11  0.06250000  0.06250000  0.00000000  0.0005
      12  0.12500000  0.06250000  0.00000000  0.0005
      13  0.18750000  0.06250000  0.00000000  0.0005
      14  0.25000000  0.06250000  0.00000000  0.0005
      15  0.31250000  0.06250000  0.00000000  0.0005
      16  0.37500000  0.06250000  0.00000000  0.0005
      17  0.43750000  0.06250000  0.00000000  0.0005
      18  0.50000000  0.06250000  0.00000000  0.0005
      19  0.43750000 -0.06250000  0.00000000  0.0005
      20  0.37500000 -0.06250000  0.00000000  0.0005
      21  0.31250000 -0.06250000  0.00000000  0.0005
      22  0.25000000 -0.06250000  0.00000000  0.0005
      23  0.18750000 -0.06250000  0.00000000  0.0005
      24  0.12500000 -0.06250000  0.00000000  0.0005
      25 -0.06250000  0.06250000  0.00000000  0.0005
      26  0.00000000  0.12500000  0.00000000  0.0005
      27  0.06250000  0.12500000  0.00000000  0.0005
      28  0.12500000  0.12500000  0.00000000  0.0005
      29  0.18750000  0.12500000  0.00000000  0.0005
      30  0.25000000  0.12500000  0.00000000  0.0005
      31  0.31250000  0.12500000  0.00000000  0.0005
      32  0.37500000  0.12500000  0.00000000  0.0005
      33  0.43750000  0.12500000  0.00000000  0.0005
      34  0.50000000  0.12500000  0.00000000  0.0005
      35  0.43750000 -0.12500000  0.00000000  0.0005
      36  0.37500000 -0.12500000  0.00000000  0.0005
      37  0.31250000 -0.12500000  0.00000000  0.0005
      38  0.25000000 -0.12500000  0.00000000  0.0005
      39  0.18750000 -0.12500000  0.00000000  0.0005
      40 -0.12500000  0.12500000  0.00000000  0.0005
      41 -0.06250000  0.12500000  0.00000000  0.0005
      42  0.00000000  0.18750000  0.00000000  0.0005
      43  0.06250000  0.18750000  0.00000000  0.0005
      44  0.12500000  0.18750000  0.00000000  0.0005
      45  0.18750000  0.18750000  0.00000000  0.0005
      46  0.25000000  0.18750000  0.00000000  0.0005
      47  0.31250000  0.18750000  0.00000000  0.0005
      48  0.37500000  0.18750000  0.00000000  0.0005
      49  0.43750000  0.18750000  0.00000000  0.0005
      50  0.50000000  0.18750000  0.00000000  0.0005
      51  0.43750000 -0.18750000  0.00000000  0.0005
      52  0.37500000 -0.18750000  0.00000000  0.0005
      53  0.31250000 -0.18750000  0.00000000  0.0005
      54  0.25000000 -0.18750000  0.00000000  0.0005
      55 -0.18750000  0.18750000  0.00000000  0.0005
      56 -0.12500000  0.18750000  0.00000000  0.0005
      57 -0.06250000  0.18750000  0.00000000  0.0005
      58  0.00000000  0.25000000  0.00000000  0.0005
      59  0.06250000  0.25000000  0.00000000  0.0005
      60  0.12500000  0.25000000  0.00000000  0.0005
      61  0.18750000  0.25000000  0.00000000  0.0005
      62  0.25000000  0.25000000  0.00000000  0.0005
      63  0.31250000  0.25000000  0.00000000  0.0005
      64  0.37500000  0.25000000  0.00000000  0.0005
      65  0.43750000  0.25000000  0.00000000  0.0005
      66  0.50000000  0.25000000  0.00000000  0.0005
      67  0.43750000 -0.25000000  0.00000000  0.0005
      68  0.37500000 -0.25000000  0.00000000  0.0005
      69  0.31250000 -0.25000000  0.00000000  0.0005
      70 -0.25000000  0.25000000  0.00000000  0.0005
      71 -0.18750000  0.25000000  0.00000000  0.0005
      72 -0.12500000  0.25000000  0.00000000  0.0005
      73 -0.06250000  0.25000000  0.00000000  0.0005
      74  0.00000000  0.31250000  0.00000000  0.0005
      75  0.06250000  0.31250000  0.00000000  0.0005
      76  0.12500000  0.31250000  0.00000000  0.0005
      77  0.18750000  0.31250000  0.00000000  0.0005
      78  0.25000000  0.31250000  0.00000000  0.0005
      79  0.31250000  0.31250000  0.00000000  0.0005
      80  0.37500000  0.31250000  0.00000000  0.0005
      81  0.43750000  0.31250000  0.00000000  0.0005
      82  0.50000000  0.31250000  0.00000000  0.0005
      83  0.43750000 -0.31250000  0.00000000  0.0005
      84  0.37500000 -0.31250000  0.00000000  0.0005
      85 -0.31250000  0.31250000  0.00000000  0.0005
      86 -0.25000000  0.31250000  0.00000000  0.0005
      87 -0.18750000  0.31250000  0.00000000  0.0005
      88 -0.12500000  0.31250000  0.00000000  0.0005
      89 -0.06250000  0.31250000  0.00000000  0.0005
      90  0.00000000  0.37500000  0.00000000  0.0005
      91  0.06250000  0.37500000  0.00000000  0.0005
      92  0.12500000  0.37500000  0.00000000  0.0005
      93  0.18750000  0.37500000  0.00000000  0.0005
      94  0.25000000  0.37500000  0.00000000  0.0005
      95  0.31250000  0.37500000  0.00000000  0.0005
      96  0.37500000  0.37500000  0.00000000  0.0005
      97  0.43750000  0.37500000  0.00000000  0.0005
      98  0.50000000  0.37500000  0.00000000  0.0005
      99  0.43750000 -0.37500000  0.00000000  0.0005
     100 -0.37500000  0.37500000  0.00000000  0.0005
     101 -0.31250000  0.37500000  0.00000000  0.0005
     102 -0.25000000  0.37500000  0.00000000  0.0005
     103 -0.18750000  0.37500000  0.00000000  0.0005
     104 -0.12500000  0.37500000  0.00000000  0.0005
     105 -0.06250000  0.37500000  0.00000000  0.0005
     106  0.00000000  0.43750000  0.00000000  0.0005
     107  0.06250000  0.43750000  0.00000000  0.0005
     108  0.12500000  0.43750000  0.00000000  0.0005
     109  0.18750000  0.43750000  0.00000000  0.0005
     110  0.25000000  0.43750000  0.00000000  0.0005
     111  0.31250000  0.43750000  0.00000000  0.0005
     112  0.37500000  0.43750000  0.00000000  0.0005
     113  0.43750000  0.43750000  0.00000000  0.0005
     114  0.50000000  0.43750000  0.00000000  0.0005
     115 -0.43750000  0.43750000  0.00000000  0.0005
     116 -0.37500000  0.43750000  0.00000000  0.0005
     117 -0.31250000  0.43750000  0.00000000  0.0005
     118 -0.25000000  0.43750000  0.00000000  0.0005
     119 -0.18750000  0.43750000  0.00000000  0.0005
     120 -0.12500000  0.43750000  0.00000000  0.0005
     121 -0.06250000  0.43750000  0.00000000  0.0005
     122  0.00000000  0.50000000  0.00000000  0.0002
     123  0.06250000  0.50000000  0.00000000  0.0005
     124  0.12500000  0.50000000  0.00000000  0.0005
     125  0.18750000  0.50000000  0.00000000  0.0005
     126  0.25000000  0.50000000  0.00000000  0.0005
     127  0.31250000  0.50000000  0.00000000  0.0005
     128  0.37500000  0.50000000  0.00000000  0.0005
     129  0.43750000  0.50000000  0.00000000  0.0005
     130  0.50000000  0.50000000  0.00000000  0.0002
     131  0.00000000  0.00000000  0.06250000  0.0005
     132  0.06250000  0.00000000  0.06250000  0.0005
     133  0.12500000  0.00000000  0.06250000  0.0005
     134  0.18750000  0.00000000  0.06250000  0.0005
     135  0.25000000  0.00000000  0.06250000  0.0005
     136  0.31250000  0.00000000  0.06250000  0.0005
     137  0.37500000  0.00000000  0.06250000  0.0005
     138  0.43750000  0.00000000  0.06250000  0.0005
     139  0.50000000  0.00000000  0.06250000  0.0005
     140  0.43750000  0.00000000 -0.06250000  0.0005
     141  0.37500000  0.00000000 -0.06250000  0.0005
     142  0.31250000  0.00000000 -0.06250000  0.0005
     143  0.25000000  0.00000000 -0.06250000  0.0005
     144  0.18750000  0.00000000 -0.06250000  0.0005
     145  0.12500000  0.00000000 -0.06250000  0.0005
     146 -0.06250000  0.00000000  0.06250000  0.0005
     147  0.00000000  0.06250000  0.06250000  0.0005
     148  0.06250000  0.06250000  0.06250000  0.0005
     149  0.12500000  0.06250000  0.06250000  0.0005
     150  0.18750000  0.06250000  0.06250000  0.0005
     151  0.25000000  0.06250000  0.06250000  0.0005
     152  0.31250000  0.06250000  0.06250000  0.0005
     153  0.37500000  0.06250000  0.06250000  0.0005
     154  0.43750000  0.06250000  0.06250000  0.0005
     155  0.50000000  0.06250000  0.06250000  0.0005
     156  0.43750000 -0.06250000 -0.06250000  0.0005
     157  0.37500000 -0.06250000 -0.06250000  0.0005
     158  0.31250000 -0.06250000 -0.06250000  0.0005
     159  0.25000000 -0.06250000 -0.06250000  0.0005
     160  0.18750000 -0.06250000 -0.06250000  0.0005
     161 -0.12500000  0.06250000  0.06250000  0.0005
     162 -0.06250000  0.06250000  0.06250000  0.0005
     163  0.00000000  0.12500000  0.06250000  0.0005
     164  0.06250000  0.12500000  0.06250000  0.0005
     165  0.12500000  0.12500000  0.06250000  0.0005
     166  0.18750000  0.12500000  0.06250000  0.0005
     167  0.25000000  0.12500000  0.06250000  0.0005
     168  0.31250000  0.12500000  0.06250000  0.0005
     169  0.37500000  0.12500000  0.06250000  0.0005
     170  0.43750000  0.12500000  0.06250000  0.0005
     171  0.50000000  0.12500000  0.06250000  0.0005
     172  0.43750000 -0.12500000 -0.06250000  0.0005
     173  0.37500000 -0.12500000 -0.06250000  0.0005
     174  0.31250000 -0.12500000 -0.06250000  0.0005
     175  0.25000000 -0.12500000 -0.06250000  0.0005
     176 -0.18750000  0.12500000  0.06250000  0.0005
     177 -0.12500000  0.12500000  0.06250000  0.0005
     178 -0.06250000  0.12500000  0.06250000  0.0005
     179  0.00000000  0.18750000  0.06250000  0.0005
     180  0.06250000  0.18750000  0.06250000  0.0005
     181  0.12500000  0.18750000  0.06250000  0.0005
     182  0.18750000  0.18750000  0.06250000  0.0005
     183  0.25000000  0.18750000  0.06250000  0.0005
     184  0.31250000  0.18750000  0.06250000  0.0005
     185  0.37500000  0.18750000  0.06250000  0.0005
     186  0.43750000  0.18750000  0.06250000  0.0005
     187  0.50000000  0.18750000  0.06250000  0.0005
     188  0.43750000 -0.18750000 -0.06250000  0.0005
     189  0.37500000 -0.18750000 -0.06250000  0.0005
     190  0.31250000 -0.18750000 -0.06250000  0.0005
     191  0.25000000 -0.18750000 -0.06250000  0.0005
     192 -0.18750000  0.18750000  0.06250000  0.0005
     193 -0.12500000  0.18750000  0.06250000  0.0005
     194 -0.06250000  0.18750000  0.06250000  0.0005
     195  0.00000000  0.25000000  0.06250000  0.0005
     196  0.06250000  0.25000000  0.06250000  0.0005
     197  0.12500000  0.25000000  0.06250000  0.0005
     198  0.18750000  0.25000000  0.06250000  0.0005
     199  0.25000000  0.25000000  0.06250000  0.0005
     200  0.31250000  0.25000000  0.06250000  0.0005
     201  0.37500000  0.25000000  0.06250000  0.0005
     202  0.43750000  0.25000000  0.06250000  0.0005
     203  0.50000000  0.25000000  0.06250000  0.0005
     204  0.43750000 -0.25000000 -0.06250000  0.0005
     205  0.37500000 -0.25000000 -0.06250000  0.0005
     206 -0.31250000  0.25000000  0.06250000  0.0005
     207 -0.25000000  0.25000000  0.06250000  0.0005
     208 -0.18750000  0.25000000  0.06250000  0.0005
     209 -0.12500000  0.25000000  0.06250000  0.0005
     210 -0.06250000  0.25000000  0.06250000  0.0005
     211  0.00000000  0.31250000  0.06250000  0.0005
     212  0.06250000  0.31250000  0.06250000  0.0005
     213  0.12500000  0.31250000  0.06250000  0.0005
     214  0.18750000  0.31250000  0.06250000  0.0005
     215  0.25000000  0.31250000  0.06250000  0.0005
     216  0.31250000  0.31250000  0.06250000  0.0005
     217  0.37500000  0.31250000  0.06250000  0.0005
     218  0.43750000  0.31250000  0.06250000  0.0005
     219  0.50000000  0.31250000  0.06250000  0.0005
     220  0.43750000 -0.31250000 -0.06250000  0.0005
     221 -0.37500000  0.31250000  0.06250000  0.0005
     222 -0.31250000  0.31250000  0.06250000  0.0005
     223 -0.25000000  0.31250000  0.06250000  0.0005
     224 -0.18750000  0.31250000  0.06250000  0.0005
     225 -0.12500000  0.31250000  0.06250000  0.0005
     226 -0.06250000  0.31250000  0.06250000  0.0005
     227  0.00000000  0.37500000  0.06250000  0.0005
     228  0.06250000  0.37500000  0.06250000  0.0005
     229  0.12500000  0.37500000  0.06250000  0.0005
     230  0.18750000  0.37500000  0.06250000  0.0005
     231  0.25000000  0.37500000  0.06250000  0.0005
     232  0.31250000  0.37500000  0.06250000  0.0005
     233  0.37500000  0.37500000  0.06250000  0.0005
     234  0.43750000  0.37500000  0.06250000  0.0005
     235  0.50000000  0.37500000  0.06250000  0.0005
     236 -0.43750000  0.37500000  0.06250000  0.0005
     237 -0.37500000  0.37500000  0.06250000  0.0005
     238 -0.31250000  0.37500000  0.06250000  0.0005
     239 -0.25000000  0.37500000  0.06250000  0.0005
     240 -0.18750000  0.37500000  0.06250000  0.0005
     241 -0.12500000  0.37500000  0.06250000  0.0005
     242 -0.06250000  0.37500000  0.06250000  0.0005
     243  0.00000000  0.43750000  0.06250000  0.0005
     244  0.06250000  0.43750000  0.06250000  0.0005
     245  0.12500000  0.43750000  0.06250000  0.0005
     246  0.18750000  0.43750000  0.06250000  0.0005
     247  0.25000000  0.43750000  0.06250000  0.0005
     248  0.31250000  0.43750000  0.06250000  0.0005
     249  0.37500000  0.43750000  0.06250000  0.0005
     250  0.43750000  0.43750000  0.06250000  0.0005
     251  0.50000000  0.43750000  0.06250000  0.0005
     252 -0.43750000  0.43750000  0.06250000  0.0005
     253 -0.37500000  0.43750000  0.06250000  0.0005
     254 -0.31250000  0.43750000  0.06250000  0.0005
     255 -0.25000000  0.43750000  0.06250000  0.0005
     256 -0.18750000  0.43750000  0.06250000  0.0005
     257 -0.12500000  0.43750000  0.06250000  0.0005
     258 -0.06250000  0.43750000  0.06250000  0.0005
     259  0.00000000  0.50000000  0.06250000  0.0005
     260  0.06250000  0.50000000  0.06250000  0.0005
     261  0.12500000  0.50000000  0.06250000  0.0005
     262  0.18750000  0.50000000  0.06250000  0.0005
     263  0.25000000  0.50000000  0.06250000  0.0005
     264  0.31250000  0.50000000  0.06250000  0.0005
     265  0.37500000  0.50000000  0.06250000  0.0005
     266  0.43750000  0.50000000  0.06250000  0.0005
     267  0.50000000  0.50000000  0.06250000  0.0005
     268  0.43750000  0.50000000 -0.06250000  0.0005
     269  0.37500000  0.50000000 -0.06250000  0.0005
     270  0.31250000  0.50000000 -0.06250000  0.0005
     271  0.25000000  0.50000000 -0.06250000  0.0005
     272  0.18750000  0.50000000 -0.06250000  0.0005
     273  0.12500000  0.50000000 -0.06250000  0.0005
     274 -0.06250000  0.50000000  0.06250000  0.0005
     275  0.00000000  0.43750000 -0.06250000  0.0005
     276 -0.06250000  0.43750000 -0.06250000  0.0005
     277 -0.12500000  0.43750000 -0.06250000  0.0005
     278 -0.18750000  0.43750000 -0.06250000  0.0005
     279 -0.25000000  0.43750000 -0.06250000  0.0005
     280 -0.31250000  0.43750000 -0.06250000  0.0005
     281  0.37500000 -0.43750000  0.06250000  0.0005
     282  0.43750000 -0.43750000  0.06250000  0.0005
     283  0.50000000  0.43750000 -0.06250000  0.0005
     284  0.43750000  0.43750000 -0.06250000  0.0005
     285  0.37500000  0.43750000 -0.06250000  0.0005
     286  0.31250000  0.43750000 -0.06250000  0.0005
     287  0.25000000  0.43750000 -0.06250000  0.0005
     288  0.18750000  0.43750000 -0.06250000  0.0005
     289  0.12500000  0.43750000 -0.06250000  0.0005
     290  0.06250000  0.43750000 -0.06250000  0.0005
     291  0.00000000  0.37500000 -0.06250000  0.0005
     292 -0.06250000  0.37500000 -0.06250000  0.0005
     293 -0.12500000  0.37500000 -0.06250000  0.0005
     294 -0.18750000  0.37500000 -0.06250000  0.0005
     295 -0.25000000  0.37500000 -0.06250000  0.0005
     296  0.31250000 -0.37500000  0.06250000  0.0005
     297  0.37500000 -0.37500000  0.06250000  0.0005
     298  0.43750000 -0.37500000  0.06250000  0.0005
     299  0.50000000  0.37500000 -0.06250000  0.0005
     300  0.43750000  0.37500000 -0.06250000  0.0005
     301  0.37500000  0.37500000 -0.06250000  0.0005
     302  0.31250000  0.37500000 -0.06250000  0.0005
     303  0.25000000  0.37500000 -0.06250000  0.0005
     304  0.18750000  0.37500000 -0.06250000  0.0005
     305  0.12500000  0.37500000 -0.06250000  0.0005
     306  0.06250000  0.37500000 -0.06250000  0.0005
     307  0.00000000  0.31250000 -0.06250000  0.0005
     308 -0.06250000  0.31250000 -0.06250000  0.0005
     309 -0.12500000  0.31250000 -0.06250000  0.0005
     310 -0.18750000  0.31250000 -0.06250000  0.0005
     311  0.25000000 -0.31250000  0.06250000  0.0005
     312  0.31250000 -0.31250000  0.06250000  0.0005
     313  0.37500000 -0.31250000  0.06250000  0.0005
     314  0.43750000 -0.31250000  0.06250000  0.0005
     315  0.50000000  0.31250000 -0.06250000  0.0005
     316  0.43750000  0.31250000 -0.06250000  0.0005
     317  0.37500000  0.31250000 -0.06250000  0.0005
     318  0.31250000  0.31250000 -0.06250000  0.0005
     319  0.25000000  0.31250000 -0.06250000  0.0005
     320  0.18750000  0.31250000 -0.06250000  0.0005
     321  0.12500000  0.31250000 -0.06250000  0.0005
     322  0.06250000  0.31250000 -0.06250000  0.0005
     323  0.00000000  0.25000000 -0.06250000  0.0005
     324 -0.06250000  0.25000000 -0.06250000  0.0005
     325 -0.12500000  0.25000000 -0.06250000  0.0005
     326 -0.18750000  0.25000000 -0.06250000  0.0005
     327  0.25000000 -0.25000000  0.06250000  0.0005
     328  0.31250000 -0.25000000  0.06250000  0.0005
     329  0.37500000 -0.25000000  0.06250000  0.0005
     330  0.43750000 -0.25000000  0.06250000  0.0005
     331  0.50000000  0.25000000 -0.06250000  0.0005
     332  0.43750000  0.25000000 -0.06250000  0.0005
     333  0.37500000  0.25000000 -0.06250000  0.0005
     334  0.31250000  0.25000000 -0.06250000  0.0005
     335  0.25000000  0.25000000 -0.06250000  0.0005
     336  0.18750000  0.25000000 -0.06250000  0.0005
     337  0.12500000  0.25000000 -0.06250000  0.0005
     338  0.06250000  0.25000000 -0.06250000  0.0005
     339  0.00000000  0.18750000 -0.06250000  0.0005
     340 -0.06250000  0.18750000 -0.06250000  0.0005
     341  0.12500000 -0.18750000  0.06250000  0.0005
     342  0.18750000 -0.18750000  0.06250000  0.0005
     343  0.25000000 -0.18750000  0.06250000  0.0005
     344  0.31250000 -0.18750000  0.06250000  0.0005
     345  0.37500000 -0.18750000  0.06250000  0.0005
     346  0.43750000 -0.18750000  0.06250000  0.0005
     347  0.50000000  0.18750000 -0.06250000  0.0005
     348  0.43750000  0.18750000 -0.06250000  0.0005
     349  0.37500000  0.18750000 -0.06250000  0.0005
     350  0.31250000  0.18750000 -0.06250000  0.0005
     351  0.25000000  0.18750000 -0.06250000  0.0005
     352  0.18750000  0.18750000 -0.06250000  0.0005
     353  0.12500000  0.18750000 -0.06250000  0.0005
     354  0.06250000  0.18750000 -0.06250000  0.0005
     355  0.00000000  0.12500000 -0.06250000  0.0005
     356  0.06250000 -0.12500000  0.06250000  0.0005
     357  0.12500000 -0.12500000  0.06250000  0.0005
     358  0.18750000 -0.12500000  0.06250000  0.0005
     359  0.25000000 -0.12500000  0.06250000  0.0005
     360  0.31250000 -0.12500000  0.06250000  0.0005
     361  0.37500000 -0.12500000  0.06250000  0.0005
     362  0.43750000 -0.12500000  0.06250000  0.0005
     363  0.50000000  0.12500000 -0.06250000  0.0005
     364  0.43750000  0.12500000 -0.06250000  0.0005
     365  0.37500000  0.12500000 -0.06250000  0.0005
     366  0.31250000  0.12500000 -0.06250000  0.0005
     367  0.25000000  0.12500000 -0.06250000  0.0005
     368  0.18750000  0.12500000 -0.06250000  0.0005
     369  0.12500000  0.12500000 -0.06250000  0.0005
     370  0.06250000  0.12500000 -0.06250000  0.0005
     371  0.00000000 -0.06250000  0.06250000  0.0005
     372  0.06250000 -0.06250000  0.06250000  0.0005
     373  0.12500000 -0.06250000  0.06250000  0.0005
     374  0.18750000 -0.06250000  0.06250000  0.0005
     375  0.25000000 -0.06250000  0.06250000  0.0005
     376  0.31250000 -0.06250000  0.06250000  0.0005
     377  0.37500000 -0.06250000  0.06250000  0.0005
     378  0.43750000 -0.06250000  0.06250000  0.0005
     379  0.50000000 -0.06250000  0.06250000  0.0005
     380  0.43750000  0.06250000 -0.06250000  0.0005
     381  0.37500000  0.06250000 -0.06250000  0.0005
     382  0.31250000  0.06250000 -0.06250000  0.0005
     383  0.25000000  0.06250000 -0.06250000  0.0005
     384  0.18750000  0.06250000 -0.06250000  0.0005
     385  0.12500000  0.06250000 -0.06250000  0.0005
     386  0.06250000  0.06250000 -0.06250000  0.0005
     387  0.00000000  0.00000000  0.12500000  0.0005
     388  0.06250000  0.00000000  0.12500000  0.0005
     389  0.12500000  0.00000000  0.12500000  0.0005
     390  0.18750000  0.00000000  0.12500000  0.0005
     391  0.25000000  0.00000000  0.12500000  0.0005
     392  0.31250000  0.00000000  0.12500000  0.0005
     393  0.37500000  0.00000000  0.12500000  0.0005
     394  0.43750000  0.00000000  0.12500000  0.0005
     395  0.50000000  0.00000000  0.12500000  0.0005
     396  0.43750000  0.00000000 -0.12500000  0.0005
     397  0.37500000  0.00000000 -0.12500000  0.0005
     398  0.31250000  0.00000000 -0.12500000  0.0005
     399  0.25000000  0.00000000 -0.12500000  0.0005
     400  0.18750000  0.00000000 -0.12500000  0.0005
     401 -0.12500000  0.00000000  0.12500000  0.0005
     402 -0.06250000  0.00000000  0.12500000  0.0005
     403  0.00000000  0.06250000  0.12500000  0.0005
     404  0.06250000  0.06250000  0.12500000  0.0005
     405  0.12500000  0.06250000  0.12500000  0.0005
     406  0.18750000  0.06250000  0.12500000  0.0005
     407  0.25000000  0.06250000  0.12500000  0.0005
     408  0.31250000  0.06250000  0.12500000  0.0005
     409  0.37500000  0.06250000  0.12500000  0.0005
     410  0.43750000  0.06250000  0.12500000  0.0005
     411  0.50000000  0.06250000  0.12500000  0.0005
     412  0.43750000 -0.06250000 -0.12500000  0.0005
     413  0.37500000 -0.06250000 -0.12500000  0.0005
     414  0.31250000 -0.06250000 -0.12500000  0.0005
     415  0.25000000 -0.06250000 -0.12500000  0.0005
     416 -0.18750000  0.06250000  0.12500000  0.0005
     417 -0.12500000  0.06250000  0.12500000  0.0005
     418 -0.06250000  0.06250000  0.12500000  0.0005
     419  0.00000000  0.12500000  0.12500000  0.0005
     420  0.06250000  0.12500000  0.12500000  0.0005
     421  0.12500000  0.12500000  0.12500000  0.0005
     422  0.18750000  0.12500000  0.12500000  0.0005
     423  0.25000000  0.12500000  0.12500000  0.0005
     424  0.31250000  0.12500000  0.12500000  0.0005
     425  0.37500000  0.12500000  0.12500000  0.0005
     426  0.43750000  0.12500000  0.12500000  0.0005
     427  0.50000000  0.12500000  0.12500000  0.0005
     428  0.43750000 -0.12500000 -0.12500000  0.0005
     429  0.37500000 -0.12500000 -0.12500000  0.0005
     430  0.31250000 -0.12500000 -0.12500000  0.0005
     431 -0.25000000  0.12500000  0.12500000  0.0005
     432 -0.18750000  0.12500000  0.12500000  0.0005
     433 -0.12500000  0.12500000  0.12500000  0.0005
     434 -0.06250000  0.12500000  0.12500000  0.0005
     435  0.00000000  0.18750000  0.12500000  0.0005
     436  0.06250000  0.18750000  0.12500000  0.0005
     437  0.12500000  0.18750000  0.12500000  0.0005
     438  0.18750000  0.18750000  0.12500000  0.0005
     439  0.25000000  0.18750000  0.12500000  0.0005
     440  0.31250000  0.18750000  0.12500000  0.0005
     441  0.37500000  0.18750000  0.12500000  0.0005
     442  0.43750000  0.18750000  0.12500000  0.0005
     443  0.50000000  0.18750000  0.12500000  0.0005
     444  0.43750000 -0.18750000 -0.12500000  0.0005
     445  0.37500000 -0.18750000 -0.12500000  0.0005
     446  0.31250000 -0.18750000 -0.12500000  0.0005
     447 -0.25000000  0.18750000  0.12500000  0.0005
     448 -0.18750000  0.18750000  0.12500000  0.0005
     449 -0.12500000  0.18750000  0.12500000  0.0005
     450 -0.06250000  0.18750000  0.12500000  0.0005
     451  0.00000000  0.25000000  0.12500000  0.0005
     452  0.06250000  0.25000000  0.12500000  0.0005
     453  0.12500000  0.25000000  0.12500000  0.0005
     454  0.18750000  0.25000000  0.12500000  0.0005
     455  0.25000000  0.25000000  0.12500000  0.0005
     456  0.31250000  0.25000000  0.12500000  0.0005
     457  0.37500000  0.25000000  0.12500000  0.0005
     458  0.43750000  0.25000000  0.12500000  0.0005
     459  0.50000000  0.25000000  0.12500000  0.0005
     460  0.43750000 -0.25000000 -0.12500000  0.0005
     461  0.37500000 -0.25000000 -0.12500000  0.0005
     462 -0.31250000  0.25000000  0.12500000  0.0005
     463 -0.25000000  0.25000000  0.12500000  0.0005
     464 -0.18750000  0.25000000  0.12500000  0.0005
     465 -0.12500000  0.25000000  0.12500000  0.0005
     466 -0.06250000  0.25000000  0.12500000  0.0005
     467  0.00000000  0.31250000  0.12500000  0.0005
     468  0.06250000  0.31250000  0.12500000  0.0005
     469  0.12500000  0.31250000  0.12500000  0.0005
     470  0.18750000  0.31250000  0.12500000  0.0005
     471  0.25000000  0.31250000  0.12500000  0.0005
     472  0.31250000  0.31250000  0.12500000  0.0005
     473  0.37500000  0.31250000  0.12500000  0.0005
     474  0.43750000  0.31250000  0.12500000  0.0005
     475  0.50000000  0.31250000  0.12500000  0.0005
     476 -0.43750000  0.31250000  0.12500000  0.0005
     477 -0.37500000  0.31250000  0.12500000  0.0005
     478 -0.31250000  0.31250000  0.12500000  0.0005
     479 -0.25000000  0.31250000  0.12500000  0.0005
     480 -0.18750000  0.31250000  0.12500000  0.0005
     481 -0.12500000  0.31250000  0.12500000  0.0005
     482 -0.06250000  0.31250000  0.12500000  0.0005
     483  0.00000000  0.37500000  0.12500000  0.0005
     484  0.06250000  0.37500000  0.12500000  0.0005
     485  0.12500000  0.37500000  0.12500000  0.0005
     486  0.18750000  0.37500000  0.12500000  0.0005
     487  0.25000000  0.37500000  0.12500000  0.0005
     488  0.31250000  0.37500000  0.12500000  0.0005
     489  0.37500000  0.37500000  0.12500000  0.0005
     490  0.43750000  0.37500000  0.12500000  0.0005
     491  0.50000000  0.37500000  0.12500000  0.0005
     492 -0.43750000  0.37500000  0.12500000  0.0005
     493 -0.37500000  0.37500000  0.12500000  0.0005
     494 -0.31250000  0.37500000  0.12500000  0.0005
     495 -0.25000000  0.37500000  0.12500000  0.0005
     496 -0.18750000  0.37500000  0.12500000  0.0005
     497 -0.12500000  0.37500000  0.12500000  0.0005
     498 -0.06250000  0.37500000  0.12500000  0.0005
     499  0.00000000  0.43750000  0.12500000  0.0005
     500  0.06250000  0.43750000  0.12500000  0.0005
     501  0.12500000  0.43750000  0.12500000  0.0005
     502  0.18750000  0.43750000  0.12500000  0.0005
     503  0.25000000  0.43750000  0.12500000  0.0005
     504  0.31250000  0.43750000  0.12500000  0.0005
     505  0.37500000  0.43750000  0.12500000  0.0005
     506  0.43750000  0.43750000  0.12500000  0.0005
     507  0.50000000  0.43750000  0.12500000  0.0005
     508 -0.43750000  0.43750000  0.12500000  0.0005
     509 -0.37500000  0.43750000  0.12500000  0.0005
     510 -0.31250000  0.43750000  0.12500000  0.0005
     511 -0.25000000  0.43750000  0.12500000  0.0005
     512 -0.18750000  0.43750000  0.12500000  0.0005
     513 -0.12500000  0.43750000  0.12500000  0.0005
     514 -0.06250000  0.43750000  0.12500000  0.0005
     515  0.00000000  0.50000000  0.12500000  0.0005
     516  0.06250000  0.50000000  0.12500000  0.0005
     517  0.12500000  0.50000000  0.12500000  0.0005
     518  0.18750000  0.50000000  0.12500000  0.0005
     519  0.25000000  0.50000000  0.12500000  0.0005
     520  0.31250000  0.50000000  0.12500000  0.0005
     521  0.37500000  0.50000000  0.12500000  0.0005
     522  0.43750000  0.50000000  0.12500000  0.0005
     523  0.50000000  0.50000000  0.12500000  0.0005
     524  0.43750000  0.50000000 -0.12500000  0.0005
     525  0.37500000  0.50000000 -0.12500000  0.0005
     526  0.31250000  0.50000000 -0.12500000  0.0005
     527  0.25000000  0.50000000 -0.12500000  0.0005
     528  0.18750000  0.50000000 -0.12500000  0.0005
     529 -0.12500000  0.50000000  0.12500000  0.0005
     530 -0.06250000  0.50000000  0.12500000  0.0005
     531  0.00000000  0.43750000 -0.12500000  0.0005
     532 -0.06250000  0.43750000 -0.12500000  0.0005
     533 -0.12500000  0.43750000 -0.12500000  0.0005
     534 -0.18750000  0.43750000 -0.12500000  0.0005
     535 -0.25000000  0.43750000 -0.12500000  0.0005
     536  0.31250000 -0.43750000  0.12500000  0.0005
     537  0.37500000 -0.43750000  0.12500000  0.0005
     538  0.43750000 -0.43750000  0.12500000  0.0005
     539  0.50000000  0.43750000 -0.12500000  0.0005
     540  0.43750000  0.43750000 -0.12500000  0.0005
     541  0.37500000  0.43750000 -0.12500000  0.0005
     542  0.31250000  0.43750000 -0.12500000  0.0005
     543  0.25000000  0.43750000 -0.12500000  0.0005
     544  0.18750000  0.43750000 -0.12500000  0.0005
     545  0.12500000  0.43750000 -0.12500000  0.0005
     546  0.06250000  0.43750000 -0.12500000  0.0005
     547  0.00000000  0.37500000 -0.12500000  0.0005
     548 -0.06250000  0.37500000 -0.12500000  0.0005
     549 -0.12500000  0.37500000 -0.12500000  0.0005
     550 -0.18750000  0.37500000 -0.12500000  0.0005
     551 -0.25000000  0.37500000 -0.12500000  0.0005
     552  0.31250000 -0.37500000  0.12500000  0.0005
     553  0.37500000 -0.37500000  0.12500000  0.0005
     554  0.43750000 -0.37500000  0.12500000  0.0005
     555  0.50000000  0.37500000 -0.12500000  0.0005
     556  0.43750000  0.37500000 -0.12500000  0.0005
     557  0.37500000  0.37500000 -0.12500000  0.0005
     558  0.31250000  0.37500000 -0.12500000  0.0005
     559  0.25000000  0.37500000 -0.12500000  0.0005
     560  0.18750000  0.37500000 -0.12500000  0.0005
     561  0.12500000  0.37500000 -0.12500000  0.0005
     562  0.06250000  0.37500000 -0.12500000  0.0005
     563  0.00000000  0.31250000 -0.12500000  0.0005
     564 -0.06250000  0.31250000 -0.12500000  0.0005
     565 -0.12500000  0.31250000 -0.12500000  0.0005
     566 -0.18750000  0.31250000 -0.12500000  0.0005
     567  0.25000000 -0.31250000  0.12500000  0.0005
     568  0.31250000 -0.31250000  0.12500000  0.0005
     569  0.37500000 -0.31250000  0.12500000  0.0005
     570  0.43750000 -0.31250000  0.12500000  0.0005
     571  0.50000000  0.31250000 -0.12500000  0.0005
     572  0.43750000  0.31250000 -0.12500000  0.0005
     573  0.37500000  0.31250000 -0.12500000  0.0005
     574  0.31250000  0.31250000 -0.12500000  0.0005
     575  0.25000000  0.31250000 -0.12500000  0.0005
     576  0.18750000  0.31250000 -0.12500000  0.0005
     577  0.12500000  0.31250000 -0.12500000  0.0005
     578  0.06250000  0.31250000 -0.12500000  0.0005
     579  0.00000000  0.25000000 -0.12500000  0.0005
     580 -0.06250000  0.25000000 -0.12500000  0.0005
     581  0.12500000 -0.25000000  0.12500000  0.0005
     582  0.18750000 -0.25000000  0.12500000  0.0005
     583  0.25000000 -0.25000000  0.12500000  0.0005
     584  0.31250000 -0.25000000  0.12500000  0.0005
     585  0.37500000 -0.25000000  0.12500000  0.0005
     586  0.43750000 -0.25000000  0.12500000  0.0005
     587  0.50000000  0.25000000 -0.12500000  0.0005
     588  0.43750000  0.25000000 -0.12500000  0.0005
     589  0.37500000  0.25000000 -0.12500000  0.0005
     590  0.31250000  0.25000000 -0.12500000  0.0005
     591  0.25000000  0.25000000 -0.12500000  0.0005
     592  0.18750000  0.25000000 -0.12500000  0.0005
     593  0.12500000  0.25000000 -0.12500000  0.0005
     594  0.06250000  0.25000000 -0.12500000  0.0005
     595  0.00000000  0.18750000 -0.12500000  0.0005
     596  0.06250000 -0.18750000  0.12500000  0.0005
     597  0.12500000 -0.18750000  0.12500000  0.0005
     598  0.18750000 -0.18750000  0.12500000  0.0005
     599  0.25000000 -0.18750000  0.12500000  0.0005
     600  0.31250000 -0.18750000  0.12500000  0.0005
     601  0.37500000 -0.18750000  0.12500000  0.0005
     602  0.43750000 -0.18750000  0.12500000  0.0005
     603  0.50000000  0.18750000 -0.12500000  0.0005
     604  0.43750000  0.18750000 -0.12500000  0.0005
     605  0.37500000  0.18750000 -0.12500000  0.0005
     606  0.31250000  0.18750000 -0.12500000  0.0005
     607  0.25000000  0.18750000 -0.12500000  0.0005
     608  0.18750000  0.18750000 -0.12500000  0.0005
     609  0.12500000  0.18750000 -0.12500000  0.0005
     610  0.06250000  0.18750000 -0.12500000  0.0005
     611  0.00000000 -0.12500000  0.12500000  0.0005
     612  0.06250000 -0.12500000  0.12500000  0.0005
     613  0.12500000 -0.12500000  0.12500000  0.0005
     614  0.18750000 -0.12500000  0.12500000  0.0005
     615  0.25000000 -0.12500000  0.12500000  0.0005
     616  0.31250000 -0.12500000  0.12500000  0.0005
     617  0.37500000 -0.12500000  0.12500000  0.0005
     618  0.43750000 -0.12500000  0.12500000  0.0005
     619  0.50000000 -0.12500000  0.12500000  0.0005
     620  0.43750000  0.12500000 -0.12500000  0.0005
     621  0.37500000  0.12500000 -0.12500000  0.0005
     622  0.31250000  0.12500000 -0.12500000  0.0005
     623  0.25000000  0.12500000 -0.12500000  0.0005
     624  0.18750000  0.12500000 -0.12500000  0.0005
     625  0.12500000  0.12500000 -0.12500000  0.0005
     626  0.06250000  0.12500000 -0.12500000  0.0005
     627  0.00000000 -0.06250000  0.12500000  0.0005
     628  0.06250000 -0.06250000  0.12500000  0.0005
     629  0.12500000 -0.06250000  0.12500000  0.0005
     630  0.18750000 -0.06250000  0.12500000  0.0005
     631  0.25000000 -0.06250000  0.12500000  0.0005
     632  0.31250000 -0.06250000  0.12500000  0.0005
     633  0.37500000 -0.06250000  0.12500000  0.0005
     634  0.43750000 -0.06250000  0.12500000  0.0005
     635  0.50000000 -0.06250000  0.12500000  0.0005
     636  0.43750000  0.06250000 -0.12500000  0.0005
     637  0.37500000  0.06250000 -0.12500000  0.0005
     638  0.31250000  0.06250000 -0.12500000  0.0005
     639  0.25000000  0.06250000 -0.12500000  0.0005
     640  0.18750000  0.06250000 -0.12500000  0.0005
     641  0.12500000  0.06250000 -0.12500000  0.0005
     642  0.06250000  0.06250000 -0.12500000  0.0005
     643  0.00000000  0.00000000  0.18750000  0.0005
     644  0.06250000  0.00000000  0.18750000  0.0005
     645  0.12500000  0.00000000  0.18750000  0.0005
     646  0.18750000  0.00000000  0.18750000  0.0005
     647  0.25000000  0.00000000  0.18750000  0.0005
     648  0.31250000  0.00000000  0.18750000  0.0005
     649  0.37500000  0.00000000  0.18750000  0.0005
     650  0.43750000  0.00000000  0.18750000  0.0005
     651  0.50000000  0.00000000  0.18750000  0.0005
     652  0.43750000  0.00000000 -0.18750000  0.0005
     653  0.37500000  0.00000000 -0.18750000  0.0005
     654  0.31250000  0.00000000 -0.18750000  0.0005
     655  0.25000000  0.00000000 -0.18750000  0.0005
     656 -0.18750000  0.00000000  0.18750000  0.0005
     657 -0.12500000  0.00000000  0.18750000  0.0005
     658 -0.06250000  0.00000000  0.18750000  0.0005
     659  0.00000000  0.06250000  0.18750000  0.0005
     660  0.06250000  0.06250000  0.18750000  0.0005
     661  0.12500000  0.06250000  0.18750000  0.0005
     662  0.18750000  0.06250000  0.18750000  0.0005
     663  0.25000000  0.06250000  0.18750000  0.0005
     664  0.31250000  0.06250000  0.18750000  0.0005
     665  0.37500000  0.06250000  0.18750000  0.0005
     666  0.43750000  0.06250000  0.18750000  0.0005
     667  0.50000000  0.06250000  0.18750000  0.0005
     668  0.43750000 -0.06250000 -0.18750000  0.0005
     669  0.37500000 -0.06250000 -0.18750000  0.0005
     670  0.31250000 -0.06250000 -0.18750000  0.0005
     671  0.25000000 -0.06250000 -0.18750000  0.0005
     672 -0.18750000  0.06250000  0.18750000  0.0005
     673 -0.12500000  0.06250000  0.18750000  0.0005
     674 -0.06250000  0.06250000  0.18750000  0.0005
     675  0.00000000  0.12500000  0.18750000  0.0005
     676  0.06250000  0.12500000  0.18750000  0.0005
     677  0.12500000  0.12500000  0.18750000  0.0005
     678  0.18750000  0.12500000  0.18750000  0.0005
     679  0.25000000  0.12500000  0.18750000  0.0005
     680  0.31250000  0.12500000  0.18750000  0.0005
     681  0.37500000  0.12500000  0.18750000  0.0005
     682  0.43750000  0.12500000  0.18750000  0.0005
     683  0.50000000  0.12500000  0.18750000  0.0005
     684  0.43750000 -0.12500000 -0.18750000  0.0005
     685  0.37500000 -0.12500000 -0.18750000  0.0005
     686  0.31250000 -0.12500000 -0.18750000  0.0005
     687 -0.25000000  0.12500000  0.18750000  0.0005
     688 -0.18750000  0.12500000  0.18750000  0.0005
     689 -0.12500000  0.12500000  0.18750000  0.0005
     690 -0.06250000  0.12500000  0.18750000  0.0005
     691  0.00000000  0.18750000  0.18750000  0.0005
     692  0.06250000  0.18750000  0.18750000  0.0005
     693  0.12500000  0.18750000  0.18750000  0.0005
     694  0.18750000  0.18750000  0.18750000  0.0005
     695  0.25000000  0.18750000  0.18750000  0.0005
     696  0.31250000  0.18750000  0.18750000  0.0005
     697  0.37500000  0.18750000  0.18750000  0.0005
     698  0.43750000  0.18750000  0.18750000  0.0005
     699  0.50000000  0.18750000  0.18750000  0.0005
     700  0.43750000 -0.18750000 -0.18750000  0.0005
     701  0.37500000 -0.18750000 -0.18750000  0.0005
     702 -0.31250000  0.18750000  0.18750000  0.0005
     703 -0.25000000  0.18750000  0.18750000  0.0005
     704 -0.18750000  0.18750000  0.18750000  0.0005
     705 -0.12500000  0.18750000  0.18750000  0.0005
     706 -0.06250000  0.18750000  0.18750000  0.0005
     707  0.00000000  0.25000000  0.18750000  0.0005
     708  0.06250000  0.25000000  0.18750000  0.0005
     709  0.12500000  0.25000000  0.18750000  0.0005
     710  0.18750000  0.25000000  0.18750000  0.0005
     711  0.25000000  0.25000000  0.18750000  0.0005
     712  0.31250000  0.25000000  0.18750000  0.0005
     713  0.37500000  0.25000000  0.18750000  0.0005
     714  0.43750000  0.25000000  0.18750000  0.0005
     715  0.50000000  0.25000000  0.18750000  0.0005
     716  0.43750000 -0.25000000 -0.18750000  0.0005
     717 -0.37500000  0.25000000  0.18750000  0.0005
     718 -0.31250000  0.25000000  0.18750000  0.0005
     719 -0.25000000  0.25000000  0.18750000  0.0005
     720 -0.18750000  0.25000000  0.18750000  0.0005
     721 -0.12500000  0.25000000  0.18750000  0.0005
     722 -0.06250000  0.25000000  0.18750000  0.0005
     723  0.00000000  0.31250000  0.18750000  0.0005
     724  0.06250000  0.31250000  0.18750000  0.0005
     725  0.12500000  0.31250000  0.18750000  0.0005
     726  0.18750000  0.31250000  0.18750000  0.0005
     727  0.25000000  0.31250000  0.18750000  0.0005
     728  0.31250000  0.31250000  0.18750000  0.0005
     729  0.37500000  0.31250000  0.18750000  0.0005
     730  0.43750000  0.31250000  0.18750000  0.0005
     731  0.50000000  0.31250000  0.18750000  0.0005
     732 -0.43750000  0.31250000  0.18750000  0.0005
     733 -0.37500000  0.31250000  0.18750000  0.0005
     734 -0.31250000  0.31250000  0.18750000  0.0005
     735 -0.25000000  0.31250000  0.18750000  0.0005
     736 -0.18750000  0.31250000  0.18750000  0.0005
     737 -0.12500000  0.31250000  0.18750000  0.0005
     738 -0.06250000  0.31250000  0.18750000  0.0005
     739  0.00000000  0.37500000  0.18750000  0.0005
     740  0.06250000  0.37500000  0.18750000  0.0005
     741  0.12500000  0.37500000  0.18750000  0.0005
     742  0.18750000  0.37500000  0.18750000  0.0005
     743  0.25000000  0.37500000  0.18750000  0.0005
     744  0.31250000  0.37500000  0.18750000  0.0005
     745  0.37500000  0.37500000  0.18750000  0.0005
     746  0.43750000  0.37500000  0.18750000  0.0005
     747  0.50000000  0.37500000  0.18750000  0.0005
     748 -0.43750000  0.37500000  0.18750000  0.0005
     749 -0.37500000  0.37500000  0.18750000  0.0005
     750 -0.31250000  0.37500000  0.18750000  0.0005
     751 -0.25000000  0.37500000  0.18750000  0.0005
     752 -0.18750000  0.37500000  0.18750000  0.0005
     753 -0.12500000  0.37500000  0.18750000  0.0005
     754 -0.06250000  0.37500000  0.18750000  0.0005
     755  0.00000000  0.43750000  0.18750000  0.0005
     756  0.06250000  0.43750000  0.18750000  0.0005
     757  0.12500000  0.43750000  0.18750000  0.0005
     758  0.18750000  0.43750000  0.18750000  0.0005
     759  0.25000000  0.43750000  0.18750000  0.0005
     760  0.31250000  0.43750000  0.18750000  0.0005
     761  0.37500000  0.43750000  0.18750000  0.0005
     762  0.43750000  0.43750000  0.18750000  0.0005
     763  0.50000000  0.43750000  0.18750000  0.0005
     764 -0.43750000  0.43750000  0.18750000  0.0005
     765 -0.37500000  0.43750000  0.18750000  0.0005
     766 -0.31250000  0.43750000  0.18750000  0.0005
     767 -0.25000000  0.43750000  0.18750000  0.0005
     768 -0.18750000  0.43750000  0.18750000  0.0005
     769 -0.12500000  0.43750000  0.18750000  0.0005
     770 -0.06250000  0.43750000  0.18750000  0.0005
     771  0.00000000  0.50000000  0.18750000  0.0005
     772  0.06250000  0.50000000  0.18750000  0.0005
     773  0.12500000  0.50000000  0.18750000  0.0005
     774  0.18750000  0.50000000  0.18750000  0.0005
     775  0.25000000  0.50000000  0.18750000  0.0005
     776  0.31250000  0.50000000  0.18750000  0.0005
     777  0.37500000  0.50000000  0.18750000  0.0005
     778  0.43750000  0.50000000  0.18750000  0.0005
     779  0.50000000  0.50000000  0.18750000  0.0005
     780  0.43750000  0.50000000 -0.18750000  0.0005
     781  0.37500000  0.50000000 -0.18750000  0.0005
     782  0.31250000  0.50000000 -0.18750000  0.0005
     783  0.25000000  0.50000000 -0.18750000  0.0005
     784 -0.18750000  0.50000000  0.18750000  0.0005
     785 -0.12500000  0.50000000  0.18750000  0.0005
     786 -0.06250000  0.50000000  0.18750000  0.0005
     787  0.00000000  0.43750000 -0.18750000  0.0005
     788 -0.06250000  0.43750000 -0.18750000  0.0005
     789 -0.12500000  0.43750000 -0.18750000  0.0005
     790 -0.18750000  0.43750000 -0.18750000  0.0005
     791 -0.25000000  0.43750000 -0.18750000  0.0005
     792  0.31250000 -0.43750000  0.18750000  0.0005
     793  0.37500000 -0.43750000  0.18750000  0.0005
     794  0.43750000 -0.43750000  0.18750000  0.0005
     795  0.50000000  0.43750000 -0.18750000  0.0005
     796  0.43750000  0.43750000 -0.18750000  0.0005
     797  0.37500000  0.43750000 -0.18750000  0.0005
     798  0.31250000  0.43750000 -0.18750000  0.0005
     799  0.25000000  0.43750000 -0.18750000  0.0005
     800  0.18750000  0.43750000 -0.18750000  0.0005
     801  0.12500000  0.43750000 -0.18750000  0.0005
     802  0.06250000  0.43750000 -0.18750000  0.0005
     803  0.00000000  0.37500000 -0.18750000  0.0005
     804 -0.06250000  0.37500000 -0.18750000  0.0005
     805 -0.12500000  0.37500000 -0.18750000  0.0005
     806 -0.18750000  0.37500000 -0.18750000  0.0005
     807  0.25000000 -0.37500000  0.18750000  0.0005
     808  0.31250000 -0.37500000  0.18750000  0.0005
     809  0.37500000 -0.37500000  0.18750000  0.0005
     810  0.43750000 -0.37500000  0.18750000  0.0005
     811  0.50000000  0.37500000 -0.18750000  0.0005
     812  0.43750000  0.37500000 -0.18750000  0.0005
     813  0.37500000  0.37500000 -0.18750000  0.0005
     814  0.31250000  0.37500000 -0.18750000  0.0005
     815  0.25000000  0.37500000 -0.18750000  0.0005
     816  0.18750000  0.37500000 -0.18750000  0.0005
     817  0.12500000  0.37500000 -0.18750000  0.0005
     818  0.06250000  0.37500000 -0.18750000  0.0005
     819  0.00000000  0.31250000 -0.18750000  0.0005
     820 -0.06250000  0.31250000 -0.18750000  0.0005
     821 -0.12500000  0.31250000 -0.18750000  0.0005
     822  0.18750000 -0.31250000  0.18750000  0.0005
     823  0.25000000 -0.31250000  0.18750000  0.0005
     824  0.31250000 -0.31250000  0.18750000  0.0005
     825  0.37500000 -0.31250000  0.18750000  0.0005
     826  0.43750000 -0.31250000  0.18750000  0.0005
     827  0.50000000  0.31250000 -0.18750000  0.0005
     828  0.43750000  0.31250000 -0.18750000  0.0005
     829  0.37500000  0.31250000 -0.18750000  0.0005
     830  0.31250000  0.31250000 -0.18750000  0.0005
     831  0.25000000  0.31250000 -0.18750000  0.0005
     832  0.18750000  0.31250000 -0.18750000  0.0005
     833  0.12500000  0.31250000 -0.18750000  0.0005
     834  0.06250000  0.31250000 -0.18750000  0.0005
     835  0.00000000  0.25000000 -0.18750000  0.0005
     836 -0.06250000  0.25000000 -0.18750000  0.0005
     837  0.12500000 -0.25000000  0.18750000  0.0005
     838  0.18750000 -0.25000000  0.18750000  0.0005
     839  0.25000000 -0.25000000  0.18750000  0.0005
     840  0.31250000 -0.25000000  0.18750000  0.0005
     841  0.37500000 -0.25000000  0.18750000  0.0005
     842  0.43750000 -0.25000000  0.18750000  0.0005
     843  0.50000000  0.25000000 -0.18750000  0.0005
     844  0.43750000  0.25000000 -0.18750000  0.0005
     845  0.37500000  0.25000000 -0.18750000  0.0005
     846  0.31250000  0.25000000 -0.18750000  0.0005
     847  0.25000000  0.25000000 -0.18750000  0.0005
     848  0.18750000  0.25000000 -0.18750000  0.0005
     849  0.12500000  0.25000000 -0.18750000  0.0005
     850  0.06250000  0.25000000 -0.18750000  0.0005
     851  0.00000000 -0.18750000  0.18750000  0.0005
     852  0.06250000 -0.18750000  0.18750000  0.0005
     853  0.12500000 -0.18750000  0.18750000  0.0005
     854  0.18750000 -0.18750000  0.18750000  0.0005
     855  0.25000000 -0.18750000  0.18750000  0.0005
     856  0.31250000 -0.18750000  0.18750000  0.0005
     857  0.37500000 -0.18750000  0.18750000  0.0005
     858  0.43750000 -0.18750000  0.18750000  0.0005
     859  0.50000000  0.18750000 -0.18750000  0.0005
     860  0.43750000  0.18750000 -0.18750000  0.0005
     861  0.37500000  0.18750000 -0.18750000  0.0005
     862  0.31250000  0.18750000 -0.18750000  0.0005
     863  0.25000000  0.18750000 -0.18750000  0.0005
     864  0.18750000  0.18750000 -0.18750000  0.0005
     865  0.12500000  0.18750000 -0.18750000  0.0005
     866  0.06250000  0.18750000 -0.18750000  0.0005
     867  0.00000000 -0.12500000  0.18750000  0.0005
     868  0.06250000 -0.12500000  0.18750000  0.0005
     869  0.12500000 -0.12500000  0.18750000  0.0005
     870  0.18750000 -0.12500000  0.18750000  0.0005
     871  0.25000000 -0.12500000  0.18750000  0.0005
     872  0.31250000 -0.12500000  0.18750000  0.0005
     873  0.37500000 -0.12500000  0.18750000  0.0005
     874  0.43750000 -0.12500000  0.18750000  0.0005
     875  0.50000000 -0.12500000  0.18750000  0.0005
     876  0.43750000  0.12500000 -0.18750000  0.0005
     877  0.37500000  0.12500000 -0.18750000  0.0005
     878  0.31250000  0.12500000 -0.18750000  0.0005
     879  0.25000000  0.12500000 -0.18750000  0.0005
     880  0.18750000  0.12500000 -0.18750000  0.0005
     881  0.12500000  0.12500000 -0.18750000  0.0005
     882  0.06250000  0.12500000 -0.18750000  0.0005
     883  0.00000000 -0.06250000  0.18750000  0.0005
     884  0.06250000 -0.06250000  0.18750000  0.0005
     885  0.12500000 -0.06250000  0.18750000  0.0005
     886  0.18750000 -0.06250000  0.18750000  0.0005
     887  0.25000000 -0.06250000  0.18750000  0.0005
     888  0.31250000 -0.06250000  0.18750000  0.0005
     889  0.37500000 -0.06250000  0.18750000  0.0005
     890  0.43750000 -0.06250000  0.18750000  0.0005
     891  0.50000000 -0.06250000  0.18750000  0.0005
     892  0.43750000  0.06250000 -0.18750000  0.0005
     893  0.37500000  0.06250000 -0.18750000  0.0005
     894  0.31250000  0.06250000 -0.18750000  0.0005
     895  0.25000000  0.06250000 -0.18750000  0.0005
     896  0.18750000  0.06250000 -0.18750000  0.0005
     897  0.12500000  0.06250000 -0.18750000  0.0005
     898 -0.06250000 -0.06250000  0.18750000  0.0005
     899  0.00000000  0.00000000  0.25000000  0.0005
     900  0.06250000  0.00000000  0.25000000  0.0005
     901  0.12500000  0.00000000  0.25000000  0.0005
     902  0.18750000  0.00000000  0.25000000  0.0005
     903  0.25000000  0.00000000  0.25000000  0.0005
     904  0.31250000  0.00000000  0.25000000  0.0005
     905  0.37500000  0.00000000  0.25000000  0.0005
     906  0.43750000  0.00000000  0.25000000  0.0005
     907  0.50000000  0.00000000  0.25000000  0.0005
     908  0.43750000  0.00000000 -0.25000000  0.0005
     909  0.37500000  0.00000000 -0.25000000  0.0005
     910  0.31250000  0.00000000 -0.25000000  0.0005
     911 -0.25000000  0.00000000  0.25000000  0.0005
     912 -0.18750000  0.00000000  0.25000000  0.0005
     913 -0.12500000  0.00000000  0.25000000  0.0005
     914 -0.06250000  0.00000000  0.25000000  0.0005
     915  0.00000000  0.06250000  0.25000000  0.0005
     916  0.06250000  0.06250000  0.25000000  0.0005
     917  0.12500000  0.06250000  0.25000000  0.0005
     918  0.18750000  0.06250000  0.25000000  0.0005
     919  0.25000000  0.06250000  0.25000000  0.0005
     920  0.31250000  0.06250000  0.25000000  0.0005
     921  0.37500000  0.06250000  0.25000000  0.0005
     922  0.43750000  0.06250000  0.25000000  0.0005
     923  0.50000000  0.06250000  0.25000000  0.0005
     924  0.43750000 -0.06250000 -0.25000000  0.0005
     925  0.37500000 -0.06250000 -0.25000000  0.0005
     926  0.31250000 -0.06250000 -0.25000000  0.0005
     927 -0.25000000  0.06250000  0.25000000  0.0005
     928 -0.18750000  0.06250000  0.25000000  0.0005
     929 -0.12500000  0.06250000  0.25000000  0.0005
     930 -0.06250000  0.06250000  0.25000000  0.0005
     931  0.00000000  0.12500000  0.25000000  0.0005
     932  0.06250000  0.12500000  0.25000000  0.0005
     933  0.12500000  0.12500000  0.25000000  0.0005
     934  0.18750000  0.12500000  0.25000000  0.0005
     935  0.25000000  0.12500000  0.25000000  0.0005
     936  0.31250000  0.12500000  0.25000000  0.0005
     937  0.37500000  0.12500000  0.25000000  0.0005
     938  0.43750000  0.12500000  0.25000000  0.0005
     939  0.50000000  0.12500000  0.25000000  0.0005
     940  0.43750000 -0.12500000 -0.25000000  0.0005
     941  0.37500000 -0.12500000 -0.25000000  0.0005
     942 -0.31250000  0.12500000  0.25000000  0.0005
     943 -0.25000000  0.12500000  0.25000000  0.0005
     944 -0.18750000  0.12500000  0.25000000  0.0005
     945 -0.12500000  0.12500000  0.25000000  0.0005
     946 -0.06250000  0.12500000  0.25000000  0.0005
     947  0.00000000  0.18750000  0.25000000  0.0005
     948  0.06250000  0.18750000  0.25000000  0.0005
     949  0.12500000  0.18750000  0.25000000  0.0005
     950  0.18750000  0.18750000  0.25000000  0.0005
     951  0.25000000  0.18750000  0.25000000  0.0005
     952  0.31250000  0.18750000  0.25000000  0.0005
     953  0.37500000  0.18750000  0.25000000  0.0005
     954  0.43750000  0.18750000  0.25000000  0.0005
     955  0.50000000  0.18750000  0.25000000  0.0005
     956  0.43750000 -0.18750000 -0.25000000  0.0005
     957 -0.37500000  0.18750000  0.25000000  0.0005
     958 -0.31250000  0.18750000  0.25000000  0.0005
     959 -0.25000000  0.18750000  0.25000000  0.0005
     960 -0.18750000  0.18750000  0.25000000  0.0005
     961 -0.12500000  0.18750000  0.25000000  0.0005
     962 -0.06250000  0.18750000  0.25000000  0.0005
     963  0.00000000  0.25000000  0.25000000  0.0005
     964  0.06250000  0.25000000  0.25000000  0.0005
     965  0.12500000  0.25000000  0.25000000  0.0005
     966  0.18750000  0.25000000  0.25000000  0.0005
     967  0.25000000  0.25000000  0.25000000  0.0005
     968  0.31250000  0.25000000  0.25000000  0.0005
     969  0.37500000  0.25000000  0.25000000  0.0005
     970  0.43750000  0.25000000  0.25000000  0.0005
     971  0.50000000  0.25000000  0.25000000  0.0005
     972 -0.43750000  0.25000000  0.25000000  0.0005
     973 -0.37500000  0.25000000  0.25000000  0.0005
     974 -0.31250000  0.25000000  0.25000000  0.0005
     975 -0.25000000  0.25000000  0.25000000  0.0005
     976 -0.18750000  0.25000000  0.25000000  0.0005
     977 -0.12500000  0.25000000  0.25000000  0.0005
     978 -0.06250000  0.25000000  0.25000000  0.0005
     979  0.00000000  0.31250000  0.25000000  0.0005
     980  0.06250000  0.31250000  0.25000000  0.0005
     981  0.12500000  0.31250000  0.25000000  0.0005
     982  0.18750000  0.31250000  0.25000000  0.0005
     983  0.25000000  0.31250000  0.25000000  0.0005
     984  0.31250000  0.31250000  0.25000000  0.0005
     985  0.37500000  0.31250000  0.25000000  0.0005
     986  0.43750000  0.31250000  0.25000000  0.0005
     987  0.50000000  0.31250000  0.25000000  0.0005
     988 -0.43750000  0.31250000  0.25000000  0.0005
     989 -0.37500000  0.31250000  0.25000000  0.0005
     990 -0.31250000  0.31250000  0.25000000  0.0005
     991 -0.25000000  0.31250000  0.25000000  0.0005
     992 -0.18750000  0.31250000  0.25000000  0.0005
     993 -0.12500000  0.31250000  0.25000000  0.0005
     994 -0.06250000  0.31250000  0.25000000  0.0005
     995  0.00000000  0.37500000  0.25000000  0.0005
     996  0.06250000  0.37500000  0.25000000  0.0005
     997  0.12500000  0.37500000  0.25000000  0.0005
     998  0.18750000  0.37500000  0.25000000  0.0005
     999  0.25000000  0.37500000  0.25000000  0.0005
    1000  0.31250000  0.37500000  0.25000000  0.0005
    1001  0.37500000  0.37500000  0.25000000  0.0005
    1002  0.43750000  0.37500000  0.25000000  0.0005
    1003  0.50000000  0.37500000  0.25000000  0.0005
    1004 -0.43750000  0.37500000  0.25000000  0.0005
    1005 -0.37500000  0.37500000  0.25000000  0.0005
    1006 -0.31250000  0.37500000  0.25000000  0.0005
    1007 -0.25000000  0.37500000  0.25000000  0.0005
    1008 -0.18750000  0.37500000  0.25000000  0.0005
    1009 -0.12500000  0.37500000  0.25000000  0.0005
    1010 -0.06250000  0.37500000  0.25000000  0.0005
    1011  0.00000000  0.43750000  0.25000000  0.0005
    1012  0.06250000  0.43750000  0.25000000  0.0005
    1013  0.12500000  0.43750000  0.25000000  0.0005
    1014  0.18750000  0.43750000  0.25000000  0.0005
    1015  0.25000000  0.43750000  0.25000000  0.0005
    1016  0.31250000  0.43750000  0.25000000  0.0005
    1017  0.37500000  0.43750000  0.25000000  0.0005
    1018  0.43750000  0.43750000  0.25000000  0.0005
    1019  0.50000000  0.43750000  0.25000000  0.0005
    1020 -0.43750000  0.43750000  0.25000000  0.0005
    1021 -0.37500000  0.43750000  0.25000000  0.0005
    1022 -0.31250000  0.43750000  0.25000000  0.0005
    1023 -0.25000000  0.43750000  0.25000000  0.0005
    1024 -0.18750000  0.43750000  0.25000000  0.0005
    1025 -0.12500000  0.43750000  0.25000000  0.0005
    1026 -0.06250000  0.43750000  0.25000000  0.0005
    1027  0.00000000  0.50000000  0.25000000  0.0005
    1028  0.06250000  0.50000000  0.25000000  0.0005
    1029  0.12500000  0.50000000  0.25000000  0.0005
    1030  0.18750000  0.50000000  0.25000000  0.0005
    1031  0.25000000  0.50000000  0.25000000  0.0005
    1032  0.31250000  0.50000000  0.25000000  0.0005
    1033  0.37500000  0.50000000  0.25000000  0.0005
    1034  0.43750000  0.50000000  0.25000000  0.0005
    1035  0.50000000  0.50000000  0.25000000  0.0005
    1036  0.43750000  0.50000000 -0.25000000  0.0005
    1037  0.37500000  0.50000000 -0.25000000  0.0005
    1038  0.31250000  0.50000000 -0.25000000  0.0005
    1039 -0.25000000  0.50000000  0.25000000  0.0005
    1040 -0.18750000  0.50000000  0.25000000  0.0005
    1041 -0.12500000  0.50000000  0.25000000  0.0005
    1042 -0.06250000  0.50000000  0.25000000  0.0005
    1043  0.00000000  0.43750000 -0.25000000  0.0005
    1044 -0.06250000  0.43750000 -0.25000000  0.0005
    1045 -0.12500000  0.43750000 -0.25000000  0.0005
    1046  0.18750000 -0.43750000  0.25000000  0.0005
    1047  0.25000000 -0.43750000  0.25000000  0.0005
    1048  0.31250000 -0.43750000  0.25000000  0.0005
    1049  0.37500000 -0.43750000  0.25000000  0.0005
    1050  0.43750000 -0.43750000  0.25000000  0.0005
    1051  0.50000000  0.43750000 -0.25000000  0.0005
    1052  0.43750000  0.43750000 -0.25000000  0.0005
    1053  0.37500000  0.43750000 -0.25000000  0.0005
    1054  0.31250000  0.43750000 -0.25000000  0.0005
    1055  0.25000000  0.43750000 -0.25000000  0.0005
    1056  0.18750000  0.43750000 -0.25000000  0.0005
    1057  0.12500000  0.43750000 -0.25000000  0.0005
    1058  0.06250000  0.43750000 -0.25000000  0.0005
    1059  0.00000000  0.37500000 -0.25000000  0.0005
    1060 -0.06250000  0.37500000 -0.25000000  0.0005
    1061 -0.12500000  0.37500000 -0.25000000  0.0005
    1062  0.18750000 -0.37500000  0.25000000  0.0005
    1063  0.25000000 -0.37500000  0.25000000  0.0005
    1064  0.31250000 -0.37500000  0.25000000  0.0005
    1065  0.37500000 -0.37500000  0.25000000  0.0005
    1066  0.43750000 -0.37500000  0.25000000  0.0005
    1067  0.50000000  0.37500000 -0.25000000  0.0005
    1068  0.43750000  0.37500000 -0.25000000  0.0005
    1069  0.37500000  0.37500000 -0.25000000  0.0005
    1070  0.31250000  0.37500000 -0.25000000  0.0005
    1071  0.25000000  0.37500000 -0.25000000  0.0005
    1072  0.18750000  0.37500000 -0.25000000  0.0005
    1073  0.12500000  0.37500000 -0.25000000  0.0005
    1074  0.06250000  0.37500000 -0.25000000  0.0005
    1075  0.00000000  0.31250000 -0.25000000  0.0005
    1076 -0.06250000  0.31250000 -0.25000000  0.0005
    1077  0.12500000 -0.31250000  0.25000000  0.0005
    1078  0.18750000 -0.31250000  0.25000000  0.0005
    1079  0.25000000 -0.31250000  0.25000000  0.0005
    1080  0.31250000 -0.31250000  0.25000000  0.0005
    1081  0.37500000 -0.31250000  0.25000000  0.0005
    1082  0.43750000 -0.31250000  0.25000000  0.0005
    1083  0.50000000  0.31250000 -0.25000000  0.0005
    1084  0.43750000  0.31250000 -0.25000000  0.0005
    1085  0.37500000  0.31250000 -0.25000000  0.0005
    1086  0.31250000  0.31250000 -0.25000000  0.0005
    1087  0.25000000  0.31250000 -0.25000000  0.0005
    1088  0.18750000  0.31250000 -0.25000000  0.0005
    1089  0.12500000  0.31250000 -0.25000000  0.0005
    1090  0.06250000  0.31250000 -0.25000000  0.0005
    1091  0.00000000 -0.25000000  0.25000000  0.0005
    1092  0.06250000 -0.25000000  0.25000000  0.0005
    1093  0.12500000 -0.25000000  0.25000000  0.0005
    1094  0.18750000 -0.25000000  0.25000000  0.0005
    1095  0.25000000 -0.25000000  0.25000000  0.0005
    1096  0.31250000 -0.25000000  0.25000000  0.0005
    1097  0.37500000 -0.25000000  0.25000000  0.0005
    1098  0.43750000 -0.25000000  0.25000000  0.0005
    1099  0.50000000 -0.25000000  0.25000000  0.0005
    1100  0.43750000  0.25000000 -0.25000000  0.0005
    1101  0.37500000  0.25000000 -0.25000000  0.0005
    1102  0.31250000  0.25000000 -0.25000000  0.0005
    1103  0.25000000  0.25000000 -0.25000000  0.0005
    1104  0.18750000  0.25000000 -0.25000000  0.0005
    1105  0.12500000  0.25000000 -0.25000000  0.0005
    1106  0.06250000  0.25000000 -0.25000000  0.0005
    1107  0.00000000 -0.18750000  0.25000000  0.0005
    1108  0.06250000 -0.18750000  0.25000000  0.0005
    1109  0.12500000 -0.18750000  0.25000000  0.0005
    1110  0.18750000 -0.18750000  0.25000000  0.0005
    1111  0.25000000 -0.18750000  0.25000000  0.0005
    1112  0.31250000 -0.18750000  0.25000000  0.0005
    1113  0.37500000 -0.18750000  0.25000000  0.0005
    1114  0.43750000 -0.18750000  0.25000000  0.0005
    1115  0.50000000 -0.18750000  0.25000000  0.0005
    1116  0.43750000  0.18750000 -0.25000000  0.0005
    1117  0.37500000  0.18750000 -0.25000000  0.0005
    1118  0.31250000  0.18750000 -0.25000000  0.0005
    1119  0.25000000  0.18750000 -0.25000000  0.0005
    1120  0.18750000  0.18750000 -0.25000000  0.0005
    1121  0.12500000  0.18750000 -0.25000000  0.0005
    1122 -0.06250000 -0.18750000  0.25000000  0.0005
    1123  0.00000000 -0.12500000  0.25000000  0.0005
    1124  0.06250000 -0.12500000  0.25000000  0.0005
    1125  0.12500000 -0.12500000  0.25000000  0.0005
    1126  0.18750000 -0.12500000  0.25000000  0.0005
    1127  0.25000000 -0.12500000  0.25000000  0.0005
    1128  0.31250000 -0.12500000  0.25000000  0.0005
    1129  0.37500000 -0.12500000  0.25000000  0.0005
    1130  0.43750000 -0.12500000  0.25000000  0.0005
    1131  0.50000000 -0.12500000  0.25000000  0.0005
    1132  0.43750000  0.12500000 -0.25000000  0.0005
    1133  0.37500000  0.12500000 -0.25000000  0.0005
    1134  0.31250000  0.12500000 -0.25000000  0.0005
    1135  0.25000000  0.12500000 -0.25000000  0.0005
    1136  0.18750000  0.12500000 -0.25000000  0.0005
    1137 -0.12500000 -0.12500000  0.25000000  0.0005
    1138 -0.06250000 -0.12500000  0.25000000  0.0005
    1139  0.00000000 -0.06250000  0.25000000  0.0005
    1140  0.06250000 -0.06250000  0.25000000  0.0005
    1141  0.12500000 -0.06250000  0.25000000  0.0005
    1142  0.18750000 -0.06250000  0.25000000  0.0005
    1143  0.25000000 -0.06250000  0.25000000  0.0005
    1144  0.31250000 -0.06250000  0.25000000  0.0005
    1145  0.37500000 -0.06250000  0.25000000  0.0005
    1146  0.43750000 -0.06250000  0.25000000  0.0005
    1147  0.50000000 -0.06250000  0.25000000  0.0005
    1148  0.43750000  0.06250000 -0.25000000  0.0005
    1149  0.37500000  0.06250000 -0.25000000  0.0005
    1150  0.31250000  0.06250000 -0.25000000  0.0005
    1151  0.25000000  0.06250000 -0.25000000  0.0005
    1152 -0.18750000 -0.06250000  0.25000000  0.0005
    1153 -0.12500000 -0.06250000  0.25000000  0.0005
    1154 -0.06250000 -0.06250000  0.25000000  0.0005
    1155  0.00000000  0.00000000  0.31250000  0.0005
    1156  0.06250000  0.00000000  0.31250000  0.0005
    1157  0.12500000  0.00000000  0.31250000  0.0005
    1158  0.18750000  0.00000000  0.31250000  0.0005
    1159  0.25000000  0.00000000  0.31250000  0.0005
    1160  0.31250000  0.00000000  0.31250000  0.0005
    1161  0.37500000  0.00000000  0.31250000  0.0005
    1162  0.43750000  0.00000000  0.31250000  0.0005
    1163  0.50000000  0.00000000  0.31250000  0.0005
    1164  0.43750000  0.00000000 -0.31250000  0.0005
    1165  0.37500000  0.00000000 -0.31250000  0.0005
    1166 -0.31250000  0.00000000  0.31250000  0.0005
    1167 -0.25000000  0.00000000  0.31250000  0.0005
    1168 -0.18750000  0.00000000  0.31250000  0.0005
    1169 -0.12500000  0.00000000  0.31250000  0.0005
    1170 -0.06250000  0.00000000  0.31250000  0.0005
    1171  0.00000000  0.06250000  0.31250000  0.0005
    1172  0.06250000  0.06250000  0.31250000  0.0005
    1173  0.12500000  0.06250000  0.31250000  0.0005
    1174  0.18750000  0.06250000  0.31250000  0.0005
    1175  0.25000000  0.06250000  0.31250000  0.0005
    1176  0.31250000  0.06250000  0.31250000  0.0005
    1177  0.37500000  0.06250000  0.31250000  0.0005
    1178  0.43750000  0.06250000  0.31250000  0.0005
    1179  0.50000000  0.06250000  0.31250000  0.0005
    1180  0.43750000 -0.06250000 -0.31250000  0.0005
    1181 -0.37500000  0.06250000  0.31250000  0.0005
    1182 -0.31250000  0.06250000  0.31250000  0.0005
    1183 -0.25000000  0.06250000  0.31250000  0.0005
    1184 -0.18750000  0.06250000  0.31250000  0.0005
    1185 -0.12500000  0.06250000  0.31250000  0.0005
    1186 -0.06250000  0.06250000  0.31250000  0.0005
    1187  0.00000000  0.12500000  0.31250000  0.0005
    1188  0.06250000  0.12500000  0.31250000  0.0005
    1189  0.12500000  0.12500000  0.31250000  0.0005
    1190  0.18750000  0.12500000  0.31250000  0.0005
    1191  0.25000000  0.12500000  0.31250000  0.0005
    1192  0.31250000  0.12500000  0.31250000  0.0005
    1193  0.37500000  0.12500000  0.31250000  0.0005
    1194  0.43750000  0.12500000  0.31250000  0.0005
    1195  0.50000000  0.12500000  0.31250000  0.0005
    1196 -0.43750000  0.12500000  0.31250000  0.0005
    1197 -0.37500000  0.12500000  0.31250000  0.0005
    1198 -0.31250000  0.12500000  0.31250000  0.0005
    1199 -0.25000000  0.12500000  0.31250000  0.0005
    1200 -0.18750000  0.12500000  0.31250000  0.0005
    1201 -0.12500000  0.12500000  0.31250000  0.0005
    1202 -0.06250000  0.12500000  0.31250000  0.0005
    1203  0.00000000  0.18750000  0.31250000  0.0005
    1204  0.06250000  0.18750000  0.31250000  0.0005
    1205  0.12500000  0.18750000  0.31250000  0.0005
    1206  0.18750000  0.18750000  0.31250000  0.0005
    1207  0.25000000  0.18750000  0.31250000  0.0005
    1208  0.31250000  0.18750000  0.31250000  0.0005
    1209  0.37500000  0.18750000  0.31250000  0.0005
    1210  0.43750000  0.18750000  0.31250000  0.0005
    1211  0.50000000  0.18750000  0.31250000  0.0005
    1212 -0.43750000  0.18750000  0.31250000  0.0005
    1213 -0.37500000  0.18750000  0.31250000  0.0005
    1214 -0.31250000  0.18750000  0.31250000  0.0005
    1215 -0.25000000  0.18750000  0.31250000  0.0005
    1216 -0.18750000  0.18750000  0.31250000  0.0005
    1217 -0.12500000  0.18750000  0.31250000  0.0005
    1218 -0.06250000  0.18750000  0.31250000  0.0005
    1219  0.00000000  0.25000000  0.31250000  0.0005
    1220  0.06250000  0.25000000  0.31250000  0.0005
    1221  0.12500000  0.25000000  0.31250000  0.0005
    1222  0.18750000  0.25000000  0.31250000  0.0005
    1223  0.25000000  0.25000000  0.31250000  0.0005
    1224  0.31250000  0.25000000  0.31250000  0.0005
    1225  0.37500000  0.25000000  0.31250000  0.0005
    1226  0.43750000  0.25000000  0.31250000  0.0005
    1227  0.50000000  0.25000000  0.31250000  0.0005
    1228 -0.43750000  0.25000000  0.31250000  0.0005
    1229 -0.37500000  0.25000000  0.31250000  0.0005
    1230 -0.31250000  0.25000000  0.31250000  0.0005
    1231 -0.25000000  0.25000000  0.31250000  0.0005
    1232 -0.18750000  0.25000000  0.31250000  0.0005
    1233 -0.12500000  0.25000000  0.31250000  0.0005
    1234 -0.06250000  0.25000000  0.31250000  0.0005
    1235  0.00000000  0.31250000  0.31250000  0.0005
    1236  0.06250000  0.31250000  0.31250000  0.0005
    1237  0.12500000  0.31250000  0.31250000  0.0005
    1238  0.18750000  0.31250000  0.31250000  0.0005
    1239  0.25000000  0.31250000  0.31250000  0.0005
    1240  0.31250000  0.31250000  0.31250000  0.0005
    1241  0.37500000  0.31250000  0.31250000  0.0005
    1242  0.43750000  0.31250000  0.31250000  0.0005
    1243  0.50000000  0.31250000  0.31250000  0.0005
    1244 -0.43750000  0.31250000  0.31250000  0.0005
    1245 -0.37500000  0.31250000  0.31250000  0.0005
    1246 -0.31250000  0.31250000  0.31250000  0.0005
    1247 -0.25000000  0.31250000  0.31250000  0.0005
    1248 -0.18750000  0.31250000  0.31250000  0.0005
    1249 -0.12500000  0.31250000  0.31250000  0.0005
    1250 -0.06250000  0.31250000  0.31250000  0.0005
    1251  0.00000000  0.37500000  0.31250000  0.0005
    1252  0.06250000  0.37500000  0.31250000  0.0005
    1253  0.12500000  0.37500000  0.31250000  0.0005
    1254  0.18750000  0.37500000  0.31250000  0.0005
    1255  0.25000000  0.37500000  0.31250000  0.0005
    1256  0.31250000  0.37500000  0.31250000  0.0005
    1257  0.37500000  0.37500000  0.31250000  0.0005
    1258  0.43750000  0.37500000  0.31250000  0.0005
    1259  0.50000000  0.37500000  0.31250000  0.0005
    1260 -0.43750000  0.37500000  0.31250000  0.0005
    1261 -0.37500000  0.37500000  0.31250000  0.0005
    1262 -0.31250000  0.37500000  0.31250000  0.0005
    1263 -0.25000000  0.37500000  0.31250000  0.0005
    1264 -0.18750000  0.37500000  0.31250000  0.0005
    1265 -0.12500000  0.37500000  0.31250000  0.0005
    1266 -0.06250000  0.37500000  0.31250000  0.0005
    1267  0.00000000  0.43750000  0.31250000  0.0005
    1268  0.06250000  0.43750000  0.31250000  0.0005
    1269  0.12500000  0.43750000  0.31250000  0.0005
    1270  0.18750000  0.43750000  0.31250000  0.0005
    1271  0.25000000  0.43750000  0.31250000  0.0005
    1272  0.31250000  0.43750000  0.31250000  0.0005
    1273  0.37500000  0.43750000  0.31250000  0.0005
    1274  0.43750000  0.43750000  0.31250000  0.0005
    1275  0.50000000  0.43750000  0.31250000  0.0005
    1276 -0.43750000  0.43750000  0.31250000  0.0005
    1277 -0.37500000  0.43750000  0.31250000  0.0005
    1278 -0.31250000  0.43750000  0.31250000  0.0005
    1279 -0.25000000  0.43750000  0.31250000  0.0005
    1280 -0.18750000  0.43750000  0.31250000  0.0005
    1281 -0.12500000  0.43750000  0.31250000  0.0005
    1282 -0.06250000  0.43750000  0.31250000  0.0005
    1283  0.00000000  0.50000000  0.31250000  0.0005
    1284  0.06250000  0.50000000  0.31250000  0.0005
    1285  0.12500000  0.50000000  0.31250000  0.0005
    1286  0.18750000  0.50000000  0.31250000  0.0005
    1287  0.25000000  0.50000000  0.31250000  0.0005
    1288  0.31250000  0.50000000  0.31250000  0.0005
    1289  0.37500000  0.50000000  0.31250000  0.0005
    1290  0.43750000  0.50000000  0.31250000  0.0005
    1291  0.50000000  0.50000000  0.31250000  0.0005
    1292  0.43750000  0.50000000 -0.31250000  0.0005
    1293  0.37500000  0.50000000 -0.31250000  0.0005
    1294 -0.31250000  0.50000000  0.31250000  0.0005
    1295 -0.25000000  0.50000000  0.31250000  0.0005
    1296 -0.18750000  0.50000000  0.31250000  0.0005
    1297 -0.12500000  0.50000000  0.31250000  0.0005
    1298 -0.06250000  0.50000000  0.31250000  0.0005
    1299  0.00000000  0.43750000 -0.31250000  0.0005
    1300 -0.06250000  0.43750000 -0.31250000  0.0005
    1301  0.12500000 -0.43750000  0.31250000  0.0005
    1302  0.18750000 -0.43750000  0.31250000  0.0005
    1303  0.25000000 -0.43750000  0.31250000  0.0005
    1304  0.31250000 -0.43750000  0.31250000  0.0005
    1305  0.37500000 -0.43750000  0.31250000  0.0005
    1306  0.43750000 -0.43750000  0.31250000  0.0005
    1307  0.50000000  0.43750000 -0.31250000  0.0005
    1308  0.43750000  0.43750000 -0.31250000  0.0005
    1309  0.37500000  0.43750000 -0.31250000  0.0005
    1310  0.31250000  0.43750000 -0.31250000  0.0005
    1311  0.25000000  0.43750000 -0.31250000  0.0005
    1312  0.18750000  0.43750000 -0.31250000  0.0005
    1313  0.12500000  0.43750000 -0.31250000  0.0005
    1314  0.06250000  0.43750000 -0.31250000  0.0005
    1315  0.00000000  0.37500000 -0.31250000  0.0005
    1316  0.06250000 -0.37500000  0.31250000  0.0005
    1317  0.12500000 -0.37500000  0.31250000  0.0005
    1318  0.18750000 -0.37500000  0.31250000  0.0005
    1319  0.25000000 -0.37500000  0.31250000  0.0005
    1320  0.31250000 -0.37500000  0.31250000  0.0005
    1321  0.37500000 -0.37500000  0.31250000  0.0005
    1322  0.43750000 -0.37500000  0.31250000  0.0005
    1323  0.50000000  0.37500000 -0.31250000  0.0005
    1324  0.43750000  0.37500000 -0.31250000  0.0005
    1325  0.37500000  0.37500000 -0.31250000  0.0005
    1326  0.31250000  0.37500000 -0.31250000  0.0005
    1327  0.25000000  0.37500000 -0.31250000  0.0005
    1328  0.18750000  0.37500000 -0.31250000  0.0005
    1329  0.12500000  0.37500000 -0.31250000  0.0005
    1330  0.06250000  0.37500000 -0.31250000  0.0005
    1331  0.00000000 -0.31250000  0.31250000  0.0005
    1332  0.06250000 -0.31250000  0.31250000  0.0005
    1333  0.12500000 -0.31250000  0.31250000  0.0005
    1334  0.18750000 -0.31250000  0.31250000  0.0005
    1335  0.25000000 -0.31250000  0.31250000  0.0005
    1336  0.31250000 -0.31250000  0.31250000  0.0005
    1337  0.37500000 -0.31250000  0.31250000  0.0005
    1338  0.43750000 -0.31250000  0.31250000  0.0005
    1339  0.50000000  0.31250000 -0.31250000  0.0005
    1340  0.43750000  0.31250000 -0.31250000  0.0005
    1341  0.37500000  0.31250000 -0.31250000  0.0005
    1342  0.31250000  0.31250000 -0.31250000  0.0005
    1343  0.25000000  0.31250000 -0.31250000  0.0005
    1344  0.18750000  0.31250000 -0.31250000  0.0005
    1345  0.12500000  0.31250000 -0.31250000  0.0005
    1346  0.06250000  0.31250000 -0.31250000  0.0005
    1347  0.00000000 -0.25000000  0.31250000  0.0005
    1348  0.06250000 -0.25000000  0.31250000  0.0005
    1349  0.12500000 -0.25000000  0.31250000  0.0005
    1350  0.18750000 -0.25000000  0.31250000  0.0005
    1351  0.25000000 -0.25000000  0.31250000  0.0005
    1352  0.31250000 -0.25000000  0.31250000  0.0005
    1353  0.37500000 -0.25000000  0.31250000  0.0005
    1354  0.43750000 -0.25000000  0.31250000  0.0005
    1355  0.50000000 -0.25000000  0.31250000  0.0005
    1356  0.43750000  0.25000000 -0.31250000  0.0005
    1357  0.37500000  0.25000000 -0.31250000  0.0005
    1358  0.31250000  0.25000000 -0.31250000  0.0005
    1359  0.25000000  0.25000000 -0.31250000  0.0005
    1360  0.18750000  0.25000000 -0.31250000  0.0005
    1361  0.12500000  0.25000000 -0.31250000  0.0005
    1362 -0.06250000 -0.25000000  0.31250000  0.0005
    1363  0.00000000 -0.18750000  0.31250000  0.0005
    1364  0.06250000 -0.18750000  0.31250000  0.0005
    1365  0.12500000 -0.18750000  0.31250000  0.0005
    1366  0.18750000 -0.18750000  0.31250000  0.0005
    1367  0.25000000 -0.18750000  0.31250000  0.0005
    1368  0.31250000 -0.18750000  0.31250000  0.0005
    1369  0.37500000 -0.18750000  0.31250000  0.0005
    1370  0.43750000 -0.18750000  0.31250000  0.0005
    1371  0.50000000 -0.18750000  0.31250000  0.0005
    1372  0.43750000  0.18750000 -0.31250000  0.0005
    1373  0.37500000  0.18750000 -0.31250000  0.0005
    1374  0.31250000  0.18750000 -0.31250000  0.0005
    1375  0.25000000  0.18750000 -0.31250000  0.0005
    1376  0.18750000  0.18750000 -0.31250000  0.0005
    1377 -0.12500000 -0.18750000  0.31250000  0.0005
    1378 -0.06250000 -0.18750000  0.31250000  0.0005
    1379  0.00000000 -0.12500000  0.31250000  0.0005
    1380  0.06250000 -0.12500000  0.31250000  0.0005
    1381  0.12500000 -0.12500000  0.31250000  0.0005
    1382  0.18750000 -0.12500000  0.31250000  0.0005
    1383  0.25000000 -0.12500000  0.31250000  0.0005
    1384  0.31250000 -0.12500000  0.31250000  0.0005
    1385  0.37500000 -0.12500000  0.31250000  0.0005
    1386  0.43750000 -0.12500000  0.31250000  0.0005
    1387  0.50000000 -0.12500000  0.31250000  0.0005
    1388  0.43750000  0.12500000 -0.31250000  0.0005
    1389  0.37500000  0.12500000 -0.31250000  0.0005
    1390  0.31250000  0.12500000 -0.31250000  0.0005
    1391  0.25000000  0.12500000 -0.31250000  0.0005
    1392 -0.18750000 -0.12500000  0.31250000  0.0005
    1393 -0.12500000 -0.12500000  0.31250000  0.0005
    1394 -0.06250000 -0.12500000  0.31250000  0.0005
    1395  0.00000000 -0.06250000  0.31250000  0.0005
    1396  0.06250000 -0.06250000  0.31250000  0.0005
    1397  0.12500000 -0.06250000  0.31250000  0.0005
    1398  0.18750000 -0.06250000  0.31250000  0.0005
    1399  0.25000000 -0.06250000  0.31250000  0.0005
    1400  0.31250000 -0.06250000  0.31250000  0.0005
    1401  0.37500000 -0.06250000  0.31250000  0.0005
    1402  0.43750000 -0.06250000  0.31250000  0.0005
    1403  0.50000000 -0.06250000  0.31250000  0.0005
    1404  0.43750000  0.06250000 -0.31250000  0.0005
    1405  0.37500000  0.06250000 -0.31250000  0.0005
    1406  0.31250000  0.06250000 -0.31250000  0.0005
    1407 -0.25000000 -0.06250000  0.31250000  0.0005
    1408 -0.18750000 -0.06250000  0.31250000  0.0005
    1409 -0.12500000 -0.06250000  0.31250000  0.0005
    1410 -0.06250000 -0.06250000  0.31250000  0.0005
    1411  0.00000000  0.00000000  0.37500000  0.0005
    1412  0.06250000  0.00000000  0.37500000  0.0005
    1413  0.12500000  0.00000000  0.37500000  0.0005
    1414  0.18750000  0.00000000  0.37500000  0.0005
    1415  0.25000000  0.00000000  0.37500000  0.0005
    1416  0.31250000  0.00000000  0.37500000  0.0005
    1417  0.37500000  0.00000000  0.37500000  0.0005
    1418  0.43750000  0.00000000  0.37500000  0.0005
    1419  0.50000000  0.00000000  0.37500000  0.0005
    1420  0.43750000  0.00000000 -0.37500000  0.0005
    1421 -0.37500000  0.00000000  0.37500000  0.0005
    1422 -0.31250000  0.00000000  0.37500000  0.0005
    1423 -0.25000000  0.00000000  0.37500000  0.0005
    1424 -0.18750000  0.00000000  0.37500000  0.0005
    1425 -0.12500000  0.00000000  0.37500000  0.0005
    1426 -0.06250000  0.00000000  0.37500000  0.0005
    1427  0.00000000  0.06250000  0.37500000  0.0005
    1428  0.06250000  0.06250000  0.37500000  0.0005
    1429  0.12500000  0.06250000  0.37500000  0.0005
    1430  0.18750000  0.06250000  0.37500000  0.0005
    1431  0.25000000  0.06250000  0.37500000  0.0005
    1432  0.31250000  0.06250000  0.37500000  0.0005
    1433  0.37500000  0.06250000  0.37500000  0.0005
    1434  0.43750000  0.06250000  0.37500000  0.0005
    1435  0.50000000  0.06250000  0.37500000  0.0005
    1436 -0.43750000  0.06250000  0.37500000  0.0005
    1437 -0.37500000  0.06250000  0.37500000  0.0005
    1438 -0.31250000  0.06250000  0.37500000  0.0005
    1439 -0.25000000  0.06250000  0.37500000  0.0005
    1440 -0.18750000  0.06250000  0.37500000  0.0005
    1441 -0.12500000  0.06250000  0.37500000  0.0005
    1442 -0.06250000  0.06250000  0.37500000  0.0005
    1443  0.00000000  0.12500000  0.37500000  0.0005
    1444  0.06250000  0.12500000  0.37500000  0.0005
    1445  0.12500000  0.12500000  0.37500000  0.0005
    1446  0.18750000  0.12500000  0.37500000  0.0005
    1447  0.25000000  0.12500000  0.37500000  0.0005
    1448  0.31250000  0.12500000  0.37500000  0.0005
    1449  0.37500000  0.12500000  0.37500000  0.0005
    1450  0.43750000  0.12500000  0.37500000  0.0005
    1451  0.50000000  0.12500000  0.37500000  0.0005
    1452 -0.43750000  0.12500000  0.37500000  0.0005
    1453 -0.37500000  0.12500000  0.37500000  0.0005
    1454 -0.31250000  0.12500000  0.37500000  0.0005
    1455 -0.25000000  0.12500000  0.37500000  0.0005
    1456 -0.18750000  0.12500000  0.37500000  0.0005
    1457 -0.12500000  0.12500000  0.37500000  0.0005
    1458 -0.06250000  0.12500000  0.37500000  0.0005
    1459  0.00000000  0.18750000  0.37500000  0.0005
    1460  0.06250000  0.18750000  0.37500000  0.0005
    1461  0.12500000  0.18750000  0.37500000  0.0005
    1462  0.18750000  0.18750000  0.37500000  0.0005
    1463  0.25000000  0.18750000  0.37500000  0.0005
    1464  0.31250000  0.18750000  0.37500000  0.0005
    1465  0.37500000  0.18750000  0.37500000  0.0005
    1466  0.43750000  0.18750000  0.37500000  0.0005
    1467  0.50000000  0.18750000  0.37500000  0.0005
    1468 -0.43750000  0.18750000  0.37500000  0.0005
    1469 -0.37500000  0.18750000  0.37500000  0.0005
    1470 -0.31250000  0.18750000  0.37500000  0.0005
    1471 -0.25000000  0.18750000  0.37500000  0.0005
    1472 -0.18750000  0.18750000  0.37500000  0.0005
    1473 -0.12500000  0.18750000  0.37500000  0.0005
    1474 -0.06250000  0.18750000  0.37500000  0.0005
    1475  0.00000000  0.25000000  0.37500000  0.0005
    1476  0.06250000  0.25000000  0.37500000  0.0005
    1477  0.12500000  0.25000000  0.37500000  0.0005
    1478  0.18750000  0.25000000  0.37500000  0.0005
    1479  0.25000000  0.25000000  0.37500000  0.0005
    1480  0.31250000  0.25000000  0.37500000  0.0005
    1481  0.37500000  0.25000000  0.37500000  0.0005
    1482  0.43750000  0.25000000  0.37500000  0.0005
    1483  0.50000000  0.25000000  0.37500000  0.0005
    1484 -0.43750000  0.25000000  0.37500000  0.0005
    1485 -0.37500000  0.25000000  0.37500000  0.0005
    1486 -0.31250000  0.25000000  0.37500000  0.0005
    1487 -0.25000000  0.25000000  0.37500000  0.0005
    1488 -0.18750000  0.25000000  0.37500000  0.0005
    1489 -0.12500000  0.25000000  0.37500000  0.0005
    1490 -0.06250000  0.25000000  0.37500000  0.0005
    1491  0.00000000  0.31250000  0.37500000  0.0005
    1492  0.06250000  0.31250000  0.37500000  0.0005
    1493  0.12500000  0.31250000  0.37500000  0.0005
    1494  0.18750000  0.31250000  0.37500000  0.0005
    1495  0.25000000  0.31250000  0.37500000  0.0005
    1496  0.31250000  0.31250000  0.37500000  0.0005
    1497  0.37500000  0.31250000  0.37500000  0.0005
    1498  0.43750000  0.31250000  0.37500000  0.0005
    1499  0.50000000  0.31250000  0.37500000  0.0005
    1500 -0.43750000  0.31250000  0.37500000  0.0005
    1501 -0.37500000  0.31250000  0.37500000  0.0005
    1502 -0.31250000  0.31250000  0.37500000  0.0005
    1503 -0.25000000  0.31250000  0.37500000  0.0005
    1504 -0.18750000  0.31250000  0.37500000  0.0005
    1505 -0.12500000  0.31250000  0.37500000  0.0005
    1506 -0.06250000  0.31250000  0.37500000  0.0005
    1507  0.00000000  0.37500000  0.37500000  0.0005
    1508  0.06250000  0.37500000  0.37500000  0.0005
    1509  0.12500000  0.37500000  0.37500000  0.0005
    1510  0.18750000  0.37500000  0.37500000  0.0005
    1511  0.25000000  0.37500000  0.37500000  0.0005
    1512  0.31250000  0.37500000  0.37500000  0.0005
    1513  0.37500000  0.37500000  0.37500000  0.0005
    1514  0.43750000  0.37500000  0.37500000  0.0005
    1515  0.50000000  0.37500000  0.37500000  0.0005
    1516 -0.43750000  0.37500000  0.37500000  0.0005
    1517 -0.37500000  0.37500000  0.37500000  0.0005
    1518 -0.31250000  0.37500000  0.37500000  0.0005
    1519 -0.25000000  0.37500000  0.37500000  0.0005
    1520 -0.18750000  0.37500000  0.37500000  0.0005
    1521 -0.12500000  0.37500000  0.37500000  0.0005
    1522 -0.06250000  0.37500000  0.37500000  0.0005
    1523  0.00000000  0.43750000  0.37500000  0.0005
    1524  0.06250000  0.43750000  0.37500000  0.0005
    1525  0.12500000  0.43750000  0.37500000  0.0005
    1526  0.18750000  0.43750000  0.37500000  0.0005
    1527  0.25000000  0.43750000  0.37500000  0.0005
    1528  0.31250000  0.43750000  0.37500000  0.0005
    1529  0.37500000  0.43750000  0.37500000  0.0005
    1530  0.43750000  0.43750000  0.37500000  0.0005
    1531  0.50000000  0.43750000  0.37500000  0.0005
    1532 -0.43750000  0.43750000  0.37500000  0.0005
    1533 -0.37500000  0.43750000  0.37500000  0.0005
    1534 -0.31250000  0.43750000  0.37500000  0.0005
    1535 -0.25000000  0.43750000  0.37500000  0.0005
    1536 -0.18750000  0.43750000  0.37500000  0.0005
    1537 -0.12500000  0.43750000  0.37500000  0.0005
    1538 -0.06250000  0.43750000  0.37500000  0.0005
    1539  0.00000000  0.50000000  0.37500000  0.0005
    1540  0.06250000  0.50000000  0.37500000  0.0005
    1541  0.12500000  0.50000000  0.37500000  0.0005
    1542  0.18750000  0.50000000  0.37500000  0.0005
    1543  0.25000000  0.50000000  0.37500000  0.0005
    1544  0.31250000  0.50000000  0.37500000  0.0005
    1545  0.37500000  0.50000000  0.37500000  0.0005
    1546  0.43750000  0.50000000  0.37500000  0.0005
    1547  0.50000000  0.50000000  0.37500000  0.0005
    1548  0.43750000  0.50000000 -0.37500000  0.0005
    1549 -0.37500000  0.50000000  0.37500000  0.0005
    1550 -0.31250000  0.50000000  0.37500000  0.0005
    1551 -0.25000000  0.50000000  0.37500000  0.0005
    1552 -0.18750000  0.50000000  0.37500000  0.0005
    1553 -0.12500000  0.50000000  0.37500000  0.0005
    1554 -0.06250000  0.50000000  0.37500000  0.0005
    1555  0.00000000  0.43750000 -0.37500000  0.0005
    1556  0.06250000 -0.43750000  0.37500000  0.0005
    1557  0.12500000 -0.43750000  0.37500000  0.0005
    1558  0.18750000 -0.43750000  0.37500000  0.0005
    1559  0.25000000 -0.43750000  0.37500000  0.0005
    1560  0.31250000 -0.43750000  0.37500000  0.0005
    1561  0.37500000 -0.43750000  0.37500000  0.0005
    1562  0.43750000 -0.43750000  0.37500000  0.0005
    1563  0.50000000  0.43750000 -0.37500000  0.0005
    1564  0.43750000  0.43750000 -0.37500000  0.0005
    1565  0.37500000  0.43750000 -0.37500000  0.0005
    1566  0.31250000  0.43750000 -0.37500000  0.0005
    1567  0.25000000  0.43750000 -0.37500000  0.0005
    1568  0.18750000  0.43750000 -0.37500000  0.0005
    1569  0.12500000  0.43750000 -0.37500000  0.0005
    1570  0.06250000  0.43750000 -0.37500000  0.0005
    1571  0.00000000 -0.37500000  0.37500000  0.0005
    1572  0.06250000 -0.37500000  0.37500000  0.0005
    1573  0.12500000 -0.37500000  0.37500000  0.0005
    1574  0.18750000 -0.37500000  0.37500000  0.0005
    1575  0.25000000 -0.37500000  0.37500000  0.0005
    1576  0.31250000 -0.37500000  0.37500000  0.0005
    1577  0.37500000 -0.37500000  0.37500000  0.0005
    1578  0.43750000 -0.37500000  0.37500000  0.0005
    1579  0.50000000 -0.37500000  0.37500000  0.0005
    1580  0.43750000  0.37500000 -0.37500000  0.0005
    1581  0.37500000  0.37500000 -0.37500000  0.0005
    1582  0.31250000  0.37500000 -0.37500000  0.0005
    1583  0.25000000  0.37500000 -0.37500000  0.0005
    1584  0.18750000  0.37500000 -0.37500000  0.0005
    1585  0.12500000  0.37500000 -0.37500000  0.0005
    1586  0.06250000  0.37500000 -0.37500000  0.0005
    1587  0.00000000 -0.31250000  0.37500000  0.0005
    1588  0.06250000 -0.31250000  0.37500000  0.0005
    1589  0.12500000 -0.31250000  0.37500000  0.0005
    1590  0.18750000 -0.31250000  0.37500000  0.0005
    1591  0.25000000 -0.31250000  0.37500000  0.0005
    1592  0.31250000 -0.31250000  0.37500000  0.0005
    1593  0.37500000 -0.31250000  0.37500000  0.0005
    1594  0.43750000 -0.31250000  0.37500000  0.0005
    1595  0.50000000 -0.31250000  0.37500000  0.0005
    1596  0.43750000  0.31250000 -0.37500000  0.0005
    1597  0.37500000  0.31250000 -0.37500000  0.0005
    1598  0.31250000  0.31250000 -0.37500000  0.0005
    1599  0.25000000  0.31250000 -0.37500000  0.0005
    1600  0.18750000  0.31250000 -0.37500000  0.0005
    1601  0.12500000  0.31250000 -0.37500000  0.0005
    1602 -0.06250000 -0.31250000  0.37500000  0.0005
    1603  0.00000000 -0.25000000  0.37500000  0.0005
    1604  0.06250000 -0.25000000  0.37500000  0.0005
    1605  0.12500000 -0.25000000  0.37500000  0.0005
    1606  0.18750000 -0.25000000  0.37500000  0.0005
    1607  0.25000000 -0.25000000  0.37500000  0.0005
    1608  0.31250000 -0.25000000  0.37500000  0.0005
    1609  0.37500000 -0.25000000  0.37500000  0.0005
    1610  0.43750000 -0.25000000  0.37500000  0.0005
    1611  0.50000000 -0.25000000  0.37500000  0.0005
    1612  0.43750000  0.25000000 -0.37500000  0.0005
    1613  0.37500000  0.25000000 -0.37500000  0.0005
    1614  0.31250000  0.25000000 -0.37500000  0.0005
    1615  0.25000000  0.25000000 -0.37500000  0.0005
    1616  0.18750000  0.25000000 -0.37500000  0.0005
    1617 -0.12500000 -0.25000000  0.37500000  0.0005
    1618 -0.06250000 -0.25000000  0.37500000  0.0005
    1619  0.00000000 -0.18750000  0.37500000  0.0005
    1620  0.06250000 -0.18750000  0.37500000  0.0005
    1621  0.12500000 -0.18750000  0.37500000  0.0005
    1622  0.18750000 -0.18750000  0.37500000  0.0005
    1623  0.25000000 -0.18750000  0.37500000  0.0005
    1624  0.31250000 -0.18750000  0.37500000  0.0005
    1625  0.37500000 -0.18750000  0.37500000  0.0005
    1626  0.43750000 -0.18750000  0.37500000  0.0005
    1627  0.50000000 -0.18750000  0.37500000  0.0005
    1628  0.43750000  0.18750000 -0.37500000  0.0005
    1629  0.37500000  0.18750000 -0.37500000  0.0005
    1630  0.31250000  0.18750000 -0.37500000  0.0005
    1631  0.25000000  0.18750000 -0.37500000  0.0005
    1632 -0.18750000 -0.18750000  0.37500000  0.0005
    1633 -0.12500000 -0.18750000  0.37500000  0.0005
    1634 -0.06250000 -0.18750000  0.37500000  0.0005
    1635  0.00000000 -0.12500000  0.37500000  0.0005
    1636  0.06250000 -0.12500000  0.37500000  0.0005
    1637  0.12500000 -0.12500000  0.37500000  0.0005
    1638  0.18750000 -0.12500000  0.37500000  0.0005
    1639  0.25000000 -0.12500000  0.37500000  0.0005
    1640  0.31250000 -0.12500000  0.37500000  0.0005
    1641  0.37500000 -0.12500000  0.37500000  0.0005
    1642  0.43750000 -0.12500000  0.37500000  0.0005
    1643  0.50000000 -0.12500000  0.37500000  0.0005
    1644  0.43750000  0.12500000 -0.37500000  0.0005
    1645  0.37500000  0.12500000 -0.37500000  0.0005
    1646  0.31250000  0.12500000 -0.37500000  0.0005
    1647 -0.25000000 -0.12500000  0.37500000  0.0005
    1648 -0.18750000 -0.12500000  0.37500000  0.0005
    1649 -0.12500000 -0.12500000  0.37500000  0.0005
    1650 -0.06250000 -0.12500000  0.37500000  0.0005
    1651  0.00000000 -0.06250000  0.37500000  0.0005
    1652  0.06250000 -0.06250000  0.37500000  0.0005
    1653  0.12500000 -0.06250000  0.37500000  0.0005
    1654  0.18750000 -0.06250000  0.37500000  0.0005
    1655  0.25000000 -0.06250000  0.37500000  0.0005
    1656  0.31250000 -0.06250000  0.37500000  0.0005
    1657  0.37500000 -0.06250000  0.37500000  0.0005
    1658  0.43750000 -0.06250000  0.37500000  0.0005
    1659  0.50000000 -0.06250000  0.37500000  0.0005
    1660  0.43750000  0.06250000 -0.37500000  0.0005
    1661  0.37500000  0.06250000 -0.37500000  0.0005
    1662 -0.31250000 -0.06250000  0.37500000  0.0005
    1663 -0.25000000 -0.06250000  0.37500000  0.0005
    1664 -0.18750000 -0.06250000  0.37500000  0.0005
    1665 -0.12500000 -0.06250000  0.37500000  0.0005
    1666 -0.06250000 -0.06250000  0.37500000  0.0005
    1667  0.00000000  0.00000000  0.43750000  0.0005
    1668  0.06250000  0.00000000  0.43750000  0.0005
    1669  0.12500000  0.00000000  0.43750000  0.0005
    1670  0.18750000  0.00000000  0.43750000  0.0005
    1671  0.25000000  0.00000000  0.43750000  0.0005
    1672  0.31250000  0.00000000  0.43750000  0.0005
    1673  0.37500000  0.00000000  0.43750000  0.0005
    1674  0.43750000  0.00000000  0.43750000  0.0005
    1675  0.50000000  0.00000000  0.43750000  0.0005
    1676 -0.43750000  0.00000000  0.43750000  0.0005
    1677 -0.37500000  0.00000000  0.43750000  0.0005
    1678 -0.31250000  0.00000000  0.43750000  0.0005
    1679 -0.25000000  0.00000000  0.43750000  0.0005
    1680 -0.18750000  0.00000000  0.43750000  0.0005
    1681 -0.12500000  0.00000000  0.43750000  0.0005
    1682 -0.06250000  0.00000000  0.43750000  0.0005
    1683  0.00000000  0.06250000  0.43750000  0.0005
    1684  0.06250000  0.06250000  0.43750000  0.0005
    1685  0.12500000  0.06250000  0.43750000  0.0005
    1686  0.18750000  0.06250000  0.43750000  0.0005
    1687  0.25000000  0.06250000  0.43750000  0.0005
    1688  0.31250000  0.06250000  0.43750000  0.0005
    1689  0.37500000  0.06250000  0.43750000  0.0005
    1690  0.43750000  0.06250000  0.43750000  0.0005
    1691  0.50000000  0.06250000  0.43750000  0.0005
    1692 -0.43750000  0.06250000  0.43750000  0.0005
    1693 -0.37500000  0.06250000  0.43750000  0.0005
    1694 -0.31250000  0.06250000  0.43750000  0.0005
    1695 -0.25000000  0.06250000  0.43750000  0.0005
    1696 -0.18750000  0.06250000  0.43750000  0.0005
    1697 -0.12500000  0.06250000  0.43750000  0.0005
    1698 -0.06250000  0.06250000  0.43750000  0.0005
    1699  0.00000000  0.12500000  0.43750000  0.0005
    1700  0.06250000  0.12500000  0.43750000  0.0005
    1701  0.12500000  0.12500000  0.43750000  0.0005
    1702  0.18750000  0.12500000  0.43750000  0.0005
    1703  0.25000000  0.12500000  0.43750000  0.0005
    1704  0.31250000  0.12500000  0.43750000  0.0005
    1705  0.37500000  0.12500000  0.43750000  0.0005
    1706  0.43750000  0.12500000  0.43750000  0.0005
    1707  0.50000000  0.12500000  0.43750000  0.0005
    1708 -0.43750000  0.12500000  0.43750000  0.0005
    1709 -0.37500000  0.12500000  0.43750000  0.0005
    1710 -0.31250000  0.12500000  0.43750000  0.0005
    1711 -0.25000000  0.12500000  0.43750000  0.0005
    1712 -0.18750000  0.12500000  0.43750000  0.0005
    1713 -0.12500000  0.12500000  0.43750000  0.0005
    1714 -0.06250000  0.12500000  0.43750000  0.0005
    1715  0.00000000  0.18750000  0.43750000  0.0005
    1716  0.06250000  0.18750000  0.43750000  0.0005
    1717  0.12500000  0.18750000  0.43750000  0.0005
    1718  0.18750000  0.18750000  0.43750000  0.0005
    1719  0.25000000  0.18750000  0.43750000  0.0005
    1720  0.31250000  0.18750000  0.43750000  0.0005
    1721  0.37500000  0.18750000  0.43750000  0.0005
    1722  0.43750000  0.18750000  0.43750000  0.0005
    1723  0.50000000  0.18750000  0.43750000  0.0005
    1724 -0.43750000  0.18750000  0.43750000  0.0005
    1725 -0.37500000  0.18750000  0.43750000  0.0005
    1726 -0.31250000  0.18750000  0.43750000  0.0005
    1727 -0.25000000  0.18750000  0.43750000  0.0005
    1728 -0.18750000  0.18750000  0.43750000  0.0005
    1729 -0.12500000  0.18750000  0.43750000  0.0005
    1730 -0.06250000  0.18750000  0.43750000  0.0005
    1731  0.00000000  0.25000000  0.43750000  0.0005
    1732  0.06250000  0.25000000  0.43750000  0.0005
    1733  0.12500000  0.25000000  0.43750000  0.0005
    1734  0.18750000  0.25000000  0.43750000  0.0005
    1735  0.25000000  0.25000000  0.43750000  0.0005
    1736  0.31250000  0.25000000  0.43750000  0.0005
    1737  0.37500000  0.25000000  0.43750000  0.0005
    1738  0.43750000  0.25000000  0.43750000  0.0005
    1739  0.50000000  0.25000000  0.43750000  0.0005
    1740 -0.43750000  0.25000000  0.43750000  0.0005
    1741 -0.37500000  0.25000000  0.43750000  0.0005
    1742 -0.31250000  0.25000000  0.43750000  0.0005
    1743 -0.25000000  0.25000000  0.43750000  0.0005
    1744 -0.18750000  0.25000000  0.43750000  0.0005
    1745 -0.12500000  0.25000000  0.43750000  0.0005
    1746 -0.06250000  0.25000000  0.43750000  0.0005
    1747  0.00000000  0.31250000  0.43750000  0.0005
    1748  0.06250000  0.31250000  0.43750000  0.0005
    1749  0.12500000  0.31250000  0.43750000  0.0005
    1750  0.18750000  0.31250000  0.43750000  0.0005
    1751  0.25000000  0.31250000  0.43750000  0.0005
    1752  0.31250000  0.31250000  0.43750000  0.0005
    1753  0.37500000  0.31250000  0.43750000  0.0005
    1754  0.43750000  0.31250000  0.43750000  0.0005
    1755  0.50000000  0.31250000  0.43750000  0.0005
    1756 -0.43750000  0.31250000  0.43750000  0.0005
    1757 -0.37500000  0.31250000  0.43750000  0.0005
    1758 -0.31250000  0.31250000  0.43750000  0.0005
    1759 -0.25000000  0.31250000  0.43750000  0.0005
    1760 -0.18750000  0.31250000  0.43750000  0.0005
    1761 -0.12500000  0.31250000  0.43750000  0.0005
    1762 -0.06250000  0.31250000  0.43750000  0.0005
    1763  0.00000000  0.37500000  0.43750000  0.0005
    1764  0.06250000  0.37500000  0.43750000  0.0005
    1765  0.12500000  0.37500000  0.43750000  0.0005
    1766  0.18750000  0.37500000  0.43750000  0.0005
    1767  0.25000000  0.37500000  0.43750000  0.0005
    1768  0.31250000  0.37500000  0.43750000  0.0005
    1769  0.37500000  0.37500000  0.43750000  0.0005
    1770  0.43750000  0.37500000  0.43750000  0.0005
    1771  0.50000000  0.37500000  0.43750000  0.0005
    1772 -0.43750000  0.37500000  0.43750000  0.0005
    1773 -0.37500000  0.37500000  0.43750000  0.0005
    1774 -0.31250000  0.37500000  0.43750000  0.0005
    1775 -0.25000000  0.37500000  0.43750000  0.0005
    1776 -0.18750000  0.37500000  0.43750000  0.0005
    1777 -0.12500000  0.37500000  0.43750000  0.0005
    1778 -0.06250000  0.37500000  0.43750000  0.0005
    1779  0.00000000  0.43750000  0.43750000  0.0005
    1780  0.06250000  0.43750000  0.43750000  0.0005
    1781  0.12500000  0.43750000  0.43750000  0.0005
    1782  0.18750000  0.43750000  0.43750000  0.0005
    1783  0.25000000  0.43750000  0.43750000  0.0005
    1784  0.31250000  0.43750000  0.43750000  0.0005
    1785  0.37500000  0.43750000  0.43750000  0.0005
    1786  0.43750000  0.43750000  0.43750000  0.0005
    1787  0.50000000  0.43750000  0.43750000  0.0005
    1788 -0.43750000  0.43750000  0.43750000  0.0005
    1789 -0.37500000  0.43750000  0.43750000  0.0005
    1790 -0.31250000  0.43750000  0.43750000  0.0005
    1791 -0.25000000  0.43750000  0.43750000  0.0005
    1792 -0.18750000  0.43750000  0.43750000  0.0005
    1793 -0.12500000  0.43750000  0.43750000  0.0005
    1794 -0.06250000  0.43750000  0.43750000  0.0005
    1795  0.00000000  0.50000000  0.43750000  0.0005
    1796  0.06250000  0.50000000  0.43750000  0.0005
    1797  0.12500000  0.50000000  0.43750000  0.0005
    1798  0.18750000  0.50000000  0.43750000  0.0005
    1799  0.25000000  0.50000000  0.43750000  0.0005
    1800  0.31250000  0.50000000  0.43750000  0.0005
    1801  0.37500000  0.50000000  0.43750000  0.0005
    1802  0.43750000  0.50000000  0.43750000  0.0005
    1803  0.50000000  0.50000000  0.43750000  0.0005
    1804 -0.43750000  0.50000000  0.43750000  0.0005
    1805 -0.37500000  0.50000000  0.43750000  0.0005
    1806 -0.31250000  0.50000000  0.43750000  0.0005
    1807 -0.25000000  0.50000000  0.43750000  0.0005
    1808 -0.18750000  0.50000000  0.43750000  0.0005
    1809 -0.12500000  0.50000000  0.43750000  0.0005
    1810 -0.06250000  0.50000000  0.43750000  0.0005
    1811  0.00000000 -0.43750000  0.43750000  0.0005
    1812  0.06250000 -0.43750000  0.43750000  0.0005
    1813  0.12500000 -0.43750000  0.43750000  0.0005
    1814  0.18750000 -0.43750000  0.43750000  0.0005
    1815  0.25000000 -0.43750000  0.43750000  0.0005
    1816  0.31250000 -0.43750000  0.43750000  0.0005
    1817  0.37500000 -0.43750000  0.43750000  0.0005
    1818  0.43750000 -0.43750000  0.43750000  0.0005
    1819  0.50000000 -0.43750000  0.43750000  0.0005
    1820  0.43750000  0.43750000 -0.43750000  0.0005
    1821  0.37500000  0.43750000 -0.43750000  0.0005
    1822  0.31250000  0.43750000 -0.43750000  0.0005
    1823  0.25000000  0.43750000 -0.43750000  0.0005
    1824  0.18750000  0.43750000 -0.43750000  0.0005
    1825  0.12500000  0.43750000 -0.43750000  0.0005
    1826  0.06250000  0.43750000 -0.43750000  0.0005
    1827  0.00000000 -0.37500000  0.43750000  0.0005
    1828  0.06250000 -0.37500000  0.43750000  0.0005
    1829  0.12500000 -0.37500000  0.43750000  0.0005
    1830  0.18750000 -0.37500000  0.43750000  0.0005
    1831  0.25000000 -0.37500000  0.43750000  0.0005
    1832  0.31250000 -0.37500000  0.43750000  0.0005
    1833  0.37500000 -0.37500000  0.43750000  0.0005
    1834  0.43750000 -0.37500000  0.43750000  0.0005
    1835  0.50000000 -0.37500000  0.43750000  0.0005
    1836  0.43750000  0.37500000 -0.43750000  0.0005
    1837  0.37500000  0.37500000 -0.43750000  0.0005
    1838  0.31250000  0.37500000 -0.43750000  0.0005
    1839  0.25000000  0.37500000 -0.43750000  0.0005
    1840  0.18750000  0.37500000 -0.43750000  0.0005
    1841  0.12500000  0.37500000 -0.43750000  0.0005
    1842 -0.06250000 -0.37500000  0.43750000  0.0005
    1843  0.00000000 -0.31250000  0.43750000  0.0005
    1844  0.06250000 -0.31250000  0.43750000  0.0005
    1845  0.12500000 -0.31250000  0.43750000  0.0005
    1846  0.18750000 -0.31250000  0.43750000  0.0005
    1847  0.25000000 -0.31250000  0.43750000  0.0005
    1848  0.31250000 -0.31250000  0.43750000  0.0005
    1849  0.37500000 -0.31250000  0.43750000  0.0005
    1850  0.43750000 -0.31250000  0.43750000  0.0005
    1851  0.50000000 -0.31250000  0.43750000  0.0005
    1852  0.43750000  0.31250000 -0.43750000  0.0005
    1853  0.37500000  0.31250000 -0.43750000  0.0005
    1854  0.31250000  0.31250000 -0.43750000  0.0005
    1855  0.25000000  0.31250000 -0.43750000  0.0005
    1856  0.18750000  0.31250000 -0.43750000  0.0005
    1857 -0.12500000 -0.31250000  0.43750000  0.0005
    1858 -0.06250000 -0.31250000  0.43750000  0.0005
    1859  0.00000000 -0.25000000  0.43750000  0.0005
    1860  0.06250000 -0.25000000  0.43750000  0.0005
    1861  0.12500000 -0.25000000  0.43750000  0.0005
    1862  0.18750000 -0.25000000  0.43750000  0.0005
    1863  0.25000000 -0.25000000  0.43750000  0.0005
    1864  0.31250000 -0.25000000  0.43750000  0.0005
    1865  0.37500000 -0.25000000  0.43750000  0.0005
    1866  0.43750000 -0.25000000  0.43750000  0.0005
    1867  0.50000000 -0.25000000  0.43750000  0.0005
    1868  0.43750000  0.25000000 -0.43750000  0.0005
    1869  0.37500000  0.25000000 -0.43750000  0.0005
    1870  0.31250000  0.25000000 -0.43750000  0.0005
    1871  0.25000000  0.25000000 -0.43750000  0.0005
    1872 -0.18750000 -0.25000000  0.43750000  0.0005
    1873 -0.12500000 -0.25000000  0.43750000  0.0005
    1874 -0.06250000 -0.25000000  0.43750000  0.0005
    1875  0.00000000 -0.18750000  0.43750000  0.0005
    1876  0.06250000 -0.18750000  0.43750000  0.0005
    1877  0.12500000 -0.18750000  0.43750000  0.0005
    1878  0.18750000 -0.18750000  0.43750000  0.0005
    1879  0.25000000 -0.18750000  0.43750000  0.0005
    1880  0.31250000 -0.18750000  0.43750000  0.0005
    1881  0.37500000 -0.18750000  0.43750000  0.0005
    1882  0.43750000 -0.18750000  0.43750000  0.0005
    1883  0.50000000 -0.18750000  0.43750000  0.0005
    1884  0.43750000  0.18750000 -0.43750000  0.0005
    1885  0.37500000  0.18750000 -0.43750000  0.0005
    1886  0.31250000  0.18750000 -0.43750000  0.0005
    1887 -0.25000000 -0.18750000  0.43750000  0.0005
    1888 -0.18750000 -0.18750000  0.43750000  0.0005
    1889 -0.12500000 -0.18750000  0.43750000  0.0005
    1890 -0.06250000 -0.18750000  0.43750000  0.0005
    1891  0.00000000 -0.12500000  0.43750000  0.0005
    1892  0.06250000 -0.12500000  0.43750000  0.0005
    1893  0.12500000 -0.12500000  0.43750000  0.0005
    1894  0.18750000 -0.12500000  0.43750000  0.0005
    1895  0.25000000 -0.12500000  0.43750000  0.0005
    1896  0.31250000 -0.12500000  0.43750000  0.0005
    1897  0.37500000 -0.12500000  0.43750000  0.0005
    1898  0.43750000 -0.12500000  0.43750000  0.0005
    1899  0.50000000 -0.12500000  0.43750000  0.0005
    1900  0.43750000  0.12500000 -0.43750000  0.0005
    1901  0.37500000  0.12500000 -0.43750000  0.0005
    1902 -0.31250000 -0.12500000  0.43750000  0.0005
    1903 -0.25000000 -0.12500000  0.43750000  0.0005
    1904 -0.18750000 -0.12500000  0.43750000  0.0005
    1905 -0.12500000 -0.12500000  0.43750000  0.0005
    1906 -0.06250000 -0.12500000  0.43750000  0.0005
    1907  0.00000000 -0.06250000  0.43750000  0.0005
    1908  0.06250000 -0.06250000  0.43750000  0.0005
    1909  0.12500000 -0.06250000  0.43750000  0.0005
    1910  0.18750000 -0.06250000  0.43750000  0.0005
    1911  0.25000000 -0.06250000  0.43750000  0.0005
    1912  0.31250000 -0.06250000  0.43750000  0.0005
    1913  0.37500000 -0.06250000  0.43750000  0.0005
    1914  0.43750000 -0.06250000  0.43750000  0.0005
    1915  0.50000000 -0.06250000  0.43750000  0.0005
    1916  0.43750000  0.06250000 -0.43750000  0.0005
    1917 -0.37500000 -0.06250000  0.43750000  0.0005
    1918 -0.31250000 -0.06250000  0.43750000  0.0005
    1919 -0.25000000 -0.06250000  0.43750000  0.0005
    1920 -0.18750000 -0.06250000  0.43750000  0.0005
    1921 -0.12500000 -0.06250000  0.43750000  0.0005
    1922 -0.06250000 -0.06250000  0.43750000  0.0005
    1923  0.00000000  0.00000000  0.50000000  0.0002
    1924  0.06250000  0.00000000  0.50000000  0.0005
    1925  0.12500000  0.00000000  0.50000000  0.0005
    1926  0.18750000  0.00000000  0.50000000  0.0005
    1927  0.25000000  0.00000000  0.50000000  0.0005
    1928  0.31250000  0.00000000  0.50000000  0.0005
    1929  0.37500000  0.00000000  0.50000000  0.0005
    1930  0.43750000  0.00000000  0.50000000  0.0005
    1931  0.50000000  0.00000000  0.50000000  0.0002
    1932  0.00000000  0.06250000  0.50000000  0.0005
    1933  0.06250000  0.06250000  0.50000000  0.0005
    1934  0.12500000  0.06250000  0.50000000  0.0005
    1935  0.18750000  0.06250000  0.50000000  0.0005
    1936  0.25000000  0.06250000  0.50000000  0.0005
    1937  0.31250000  0.06250000  0.50000000  0.0005
    1938  0.37500000  0.06250000  0.50000000  0.0005
    1939  0.43750000  0.06250000  0.50000000  0.0005
    1940  0.50000000  0.06250000  0.50000000  0.0005
    1941  0.43750000 -0.06250000  0.50000000  0.0005
    1942  0.37500000 -0.06250000  0.50000000  0.0005
    1943  0.31250000 -0.06250000  0.50000000  0.0005
    1944  0.25000000 -0.06250000  0.50000000  0.0005
    1945  0.18750000 -0.06250000  0.50000000  0.0005
    1946  0.12500000 -0.06250000  0.50000000  0.0005
    1947 -0.06250000  0.06250000  0.50000000  0.0005
    1948  0.00000000  0.12500000  0.50000000  0.0005
    1949  0.06250000  0.12500000  0.50000000  0.0005
    1950  0.12500000  0.12500000  0.50000000  0.0005
    1951  0.18750000  0.12500000  0.50000000  0.0005
    1952  0.25000000  0.12500000  0.50000000  0.0005
    1953  0.31250000  0.12500000  0.50000000  0.0005
    1954  0.37500000  0.12500000  0.50000000  0.0005
    1955  0.43750000  0.12500000  0.50000000  0.0005
    1956  0.50000000  0.12500000  0.50000000  0.0005
    1957  0.43750000 -0.12500000  0.50000000  0.0005
    1958  0.37500000 -0.12500000  0.50000000  0.0005
    1959  0.31250000 -0.12500000  0.50000000  0.0005
    1960  0.25000000 -0.12500000  0.50000000  0.0005
    1961  0.18750000 -0.12500000  0.50000000  0.0005
    1962 -0.12500000  0.12500000  0.50000000  0.0005
    1963 -0.06250000  0.12500000  0.50000000  0.0005
    1964  0.00000000  0.18750000  0.50000000  0.0005
    1965  0.06250000  0.18750000  0.50000000  0.0005
    1966  0.12500000  0.18750000  0.50000000  0.0005
    1967  0.18750000  0.18750000  0.50000000  0.0005
    1968  0.25000000  0.18750000  0.50000000  0.0005
    1969  0.31250000  0.18750000  0.50000000  0.0005
    1970  0.37500000  0.18750000  0.50000000  0.0005
    1971  0.43750000  0.18750000  0.50000000  0.0005
    1972  0.50000000  0.18750000  0.50000000  0.0005
    1973  0.43750000 -0.18750000  0.50000000  0.0005
    1974  0.37500000 -0.18750000  0.50000000  0.0005
    1975  0.31250000 -0.18750000  0.50000000  0.0005
    1976  0.25000000 -0.18750000  0.50000000  0.0005
    1977 -0.18750000  0.18750000  0.50000000  0.0005
    1978 -0.12500000  0.18750000  0.50000000  0.0005
    1979 -0.06250000  0.18750000  0.50000000  0.0005
    1980  0.00000000  0.25000000  0.50000000  0.0005
    1981  0.06250000  0.25000000  0.50000000  0.0005
    1982  0.12500000  0.25000000  0.50000000  0.0005
    1983  0.18750000  0.25000000  0.50000000  0.0005
    1984  0.25000000  0.25000000  0.50000000  0.0005
    1985  0.31250000  0.25000000  0.50000000  0.0005
    1986  0.37500000  0.25000000  0.50000000  0.0005
    1987  0.43750000  0.25000000  0.50000000  0.0005
    1988  0.50000000  0.25000000  0.50000000  0.0005
    1989  0.43750000 -0.25000000  0.50000000  0.0005
    1990  0.37500000 -0.25000000  0.50000000  0.0005
    1991  0.31250000 -0.25000000  0.50000000  0.0005
    1992 -0.25000000  0.25000000  0.50000000  0.0005
    1993 -0.18750000  0.25000000  0.50000000  0.0005
    1994 -0.12500000  0.25000000  0.50000000  0.0005
    1995 -0.06250000  0.25000000  0.50000000  0.0005
    1996  0.00000000  0.31250000  0.50000000  0.0005
    1997  0.06250000  0.31250000  0.50000000  0.0005
    1998  0.12500000  0.31250000  0.50000000  0.0005
    1999  0.18750000  0.31250000  0.50000000  0.0005
    2000  0.25000000  0.31250000  0.50000000  0.0005
    2001  0.31250000  0.31250000  0.50000000  0.0005
    2002  0.37500000  0.31250000  0.50000000  0.0005
    2003  0.43750000  0.31250000  0.50000000  0.0005
    2004  0.50000000  0.31250000  0.50000000  0.0005
    2005  0.43750000 -0.31250000  0.50000000  0.0005
    2006  0.37500000 -0.31250000  0.50000000  0.0005
    2007 -0.31250000  0.31250000  0.50000000  0.0005
    2008 -0.25000000  0.31250000  0.50000000  0.0005
    2009 -0.18750000  0.31250000  0.50000000  0.0005
    2010 -0.12500000  0.31250000  0.50000000  0.0005
    2011 -0.06250000  0.31250000  0.50000000  0.0005
    2012  0.00000000  0.37500000  0.50000000  0.0005
    2013  0.06250000  0.37500000  0.50000000  0.0005
    2014  0.12500000  0.37500000  0.50000000  0.0005
    2015  0.18750000  0.37500000  0.50000000  0.0005
    2016  0.25000000  0.37500000  0.50000000  0.0005
    2017  0.31250000  0.37500000  0.50000000  0.0005
    2018  0.37500000  0.37500000  0.50000000  0.0005
    2019  0.43750000  0.37500000  0.50000000  0.0005
    2020  0.50000000  0.37500000  0.50000000  0.0005
    2021  0.43750000 -0.37500000  0.50000000  0.0005
    2022 -0.37500000  0.37500000  0.50000000  0.0005
    2023 -0.31250000  0.37500000  0.50000000  0.0005
    2024 -0.25000000  0.37500000  0.50000000  0.0005
    2025 -0.18750000  0.37500000  0.50000000  0.0005
    2026 -0.12500000  0.37500000  0.50000000  0.0005
    2027 -0.06250000  0.37500000  0.50000000  0.0005
    2028  0.00000000  0.43750000  0.50000000  0.0005
    2029  0.06250000  0.43750000  0.50000000  0.0005
    2030  0.12500000  0.43750000  0.50000000  0.0005
    2031  0.18750000  0.43750000  0.50000000  0.0005
    2032  0.25000000  0.43750000  0.50000000  0.0005
    2033  0.31250000  0.43750000  0.50000000  0.0005
    2034  0.37500000  0.43750000  0.50000000  0.0005
    2035  0.43750000  0.43750000  0.50000000  0.0005
    2036  0.50000000  0.43750000  0.50000000  0.0005
    2037 -0.43750000  0.43750000  0.50000000  0.0005
    2038 -0.37500000  0.43750000  0.50000000  0.0005
    2039 -0.31250000  0.43750000  0.50000000  0.0005
    2040 -0.25000000  0.43750000  0.50000000  0.0005
    2041 -0.18750000  0.43750000  0.50000000  0.0005
    2042 -0.12500000  0.43750000  0.50000000  0.0005
    2043 -0.06250000  0.43750000  0.50000000  0.0005
    2044  0.00000000  0.50000000  0.50000000  0.0002
    2045  0.06250000  0.50000000  0.50000000  0.0005
    2046  0.12500000  0.50000000  0.50000000  0.0005
    2047  0.18750000  0.50000000  0.50000000  0.0005
    2048  0.25000000  0.50000000  0.50000000  0.0005
    2049  0.31250000  0.50000000  0.50000000  0.0005
    2050  0.37500000  0.50000000  0.50000000  0.0005
    2051  0.43750000  0.50000000  0.50000000  0.0005
    2052  0.50000000  0.50000000  0.50000000  0.0002


       Number of k-points in this process = 2052
       Minimum distributed k-point number = 2052

 K-POINTS CARTESIAN COORDINATES
 KPOINTS CARTESIAN_X CARTESIAN_Y CARTESIAN_Z  WEIGHT
       1  0.00000000  0.00000000  0.00000000  0.0005
       2 -0.01543210  0.01543210  0.01543210  0.0010
       3 -0.03086420  0.03086420  0.03086420  0.0010
       4 -0.04629630  0.04629630  0.04629630  0.0010
       5 -0.06172840  0.06172840  0.06172840  0.0010
       6 -0.07716049  0.07716049  0.07716049  0.0010
       7 -0.09259259  0.09259259  0.09259259  0.0010
       8 -0.10802469  0.10802469  0.10802469  0.0010
       9 -0.12345679  0.12345679  0.12345679  0.0005
      10  0.01543210 -0.01543210  0.01543210  0.0010
      11  0.00000000  0.00000000  0.03086420  0.0010
      12 -0.01543210  0.01543210  0.04629630  0.0010
      13 -0.03086420  0.03086420  0.06172840  0.0010
      14 -0.04629630  0.04629630  0.07716049  0.0010
      15 -0.06172840  0.06172840  0.09259259  0.0010
      16 -0.07716049  0.07716049  0.10802469  0.0010
      17 -0.09259259  0.09259259  0.12345679  0.0010
      18 -0.10802469  0.10802469  0.13888889  0.0010
      19 -0.12345679  0.12345679  0.09259259  0.0010
      20 -0.10802469  0.10802469  0.07716049  0.0010
      21 -0.09259259  0.09259259  0.06172840  0.0010
      22 -0.07716049  0.07716049  0.04629630  0.0010
      23 -0.06172840  0.06172840  0.03086420  0.0010
      24 -0.04629630  0.04629630  0.01543210  0.0010
      25  0.03086420 -0.03086420  0.00000000  0.0010
      26  0.03086420 -0.03086420  0.03086420  0.0010
      27  0.01543210 -0.01543210  0.04629630  0.0010
      28  0.00000000  0.00000000  0.06172840  0.0010
      29 -0.01543210  0.01543210  0.07716049  0.0010
      30 -0.03086420  0.03086420  0.09259259  0.0010
      31 -0.04629630  0.04629630  0.10802469  0.0010
      32 -0.06172840  0.06172840  0.12345679  0.0010
      33 -0.07716049  0.07716049  0.13888889  0.0010
      34 -0.09259259  0.09259259  0.15432099  0.0010
      35 -0.13888889  0.13888889  0.07716049  0.0010
      36 -0.12345679  0.12345679  0.06172840  0.0010
      37 -0.10802469  0.10802469  0.04629630  0.0010
      38 -0.09259259  0.09259259  0.03086420  0.0010
      39 -0.07716049  0.07716049  0.01543210  0.0010
      40  0.06172840 -0.06172840  0.00000000  0.0010
      41  0.04629630 -0.04629630  0.01543210  0.0010
      42  0.04629630 -0.04629630  0.04629630  0.0010
      43  0.03086420 -0.03086420  0.06172840  0.0010
      44  0.01543210 -0.01543210  0.07716049  0.0010
      45  0.00000000  0.00000000  0.09259259  0.0010
      46 -0.01543210  0.01543210  0.10802469  0.0010
      47 -0.03086420  0.03086420  0.12345679  0.0010
      48 -0.04629630  0.04629630  0.13888889  0.0010
      49 -0.06172840  0.06172840  0.15432099  0.0010
      50 -0.07716049  0.07716049  0.16975309  0.0010
      51 -0.15432099  0.15432099  0.06172840  0.0010
      52 -0.13888889  0.13888889  0.04629630  0.0010
      53 -0.12345679  0.12345679  0.03086420  0.0010
      54 -0.10802469  0.10802469  0.01543210  0.0010
      55  0.09259259 -0.09259259  0.00000000  0.0010
      56  0.07716049 -0.07716049  0.01543210  0.0010
      57  0.06172840 -0.06172840  0.03086420  0.0010
      58  0.06172840 -0.06172840  0.06172840  0.0010
      59  0.04629630 -0.04629630  0.07716049  0.0010
      60  0.03086420 -0.03086420  0.09259259  0.0010
      61  0.01543210 -0.01543210  0.10802469  0.0010
      62  0.00000000  0.00000000  0.12345679  0.0010
      63 -0.01543210  0.01543210  0.13888889  0.0010
      64 -0.03086420  0.03086420  0.15432099  0.0010
      65 -0.04629630  0.04629630  0.16975309  0.0010
      66 -0.06172840  0.06172840  0.18518519  0.0010
      67 -0.16975309  0.16975309  0.04629630  0.0010
      68 -0.15432099  0.15432099  0.03086420  0.0010
      69 -0.13888889  0.13888889  0.01543210  0.0010
      70  0.12345679 -0.12345679  0.00000000  0.0010
      71  0.10802469 -0.10802469  0.01543210  0.0010
      72  0.09259259 -0.09259259  0.03086420  0.0010
      73  0.07716049 -0.07716049  0.04629630  0.0010
      74  0.07716049 -0.07716049  0.07716049  0.0010
      75  0.06172840 -0.06172840  0.09259259  0.0010
      76  0.04629630 -0.04629630  0.10802469  0.0010
      77  0.03086420 -0.03086420  0.12345679  0.0010
      78  0.01543210 -0.01543210  0.13888889  0.0010
      79  0.00000000  0.00000000  0.15432099  0.0010
      80 -0.01543210  0.01543210  0.16975309  0.0010
      81 -0.03086420  0.03086420  0.18518519  0.0010
      82 -0.04629630  0.04629630  0.20061728  0.0010
      83 -0.18518519  0.18518519  0.03086420  0.0010
      84 -0.16975309  0.16975309  0.01543210  0.0010
      85  0.15432099 -0.15432099  0.00000000  0.0010
      86  0.13888889 -0.13888889  0.01543210  0.0010
      87  0.12345679 -0.12345679  0.03086420  0.0010
      88  0.10802469 -0.10802469  0.04629630  0.0010
      89  0.09259259 -0.09259259  0.06172840  0.0010
      90  0.09259259 -0.09259259  0.09259259  0.0010
      91  0.07716049 -0.07716049  0.10802469  0.0010
      92  0.06172840 -0.06172840  0.12345679  0.0010
      93  0.04629630 -0.04629630  0.13888889  0.0010
      94  0.03086420 -0.03086420  0.15432099  0.0010
      95  0.01543210 -0.01543210  0.16975309  0.0010
      96  0.00000000  0.00000000  0.18518519  0.0010
      97 -0.01543210  0.01543210  0.20061728  0.0010
      98 -0.03086420  0.03086420  0.21604938  0.0010
      99 -0.20061728  0.20061728  0.01543210  0.0010
     100  0.18518519 -0.18518519  0.00000000  0.0010
     101  0.16975309 -0.16975309  0.01543210  0.0010
     102  0.15432099 -0.15432099  0.03086420  0.0010
     103  0.13888889 -0.13888889  0.04629630  0.0010
     104  0.12345679 -0.12345679  0.06172840  0.0010
     105  0.10802469 -0.10802469  0.07716049  0.0010
     106  0.10802469 -0.10802469  0.10802469  0.0010
     107  0.09259259 -0.09259259  0.12345679  0.0010
     108  0.07716049 -0.07716049  0.13888889  0.0010
     109  0.06172840 -0.06172840  0.15432099  0.0010
     110  0.04629630 -0.04629630  0.16975309  0.0010
     111  0.03086420 -0.03086420  0.18518519  0.0010
     112  0.01543210 -0.01543210  0.20061728  0.0010
     113  0.00000000  0.00000000  0.21604938  0.0010
     114 -0.01543210  0.01543210  0.23148148  0.0010
     115  0.21604938 -0.21604938  0.00000000  0.0010
     116  0.20061728 -0.20061728  0.01543210  0.0010
     117  0.18518519 -0.18518519  0.03086420  0.0010
     118  0.16975309 -0.16975309  0.04629630  0.0010
     119  0.15432099 -0.15432099  0.06172840  0.0010
     120  0.13888889 -0.13888889  0.07716049  0.0010
     121  0.12345679 -0.12345679  0.09259259  0.0010
     122  0.12345679 -0.12345679  0.12345679  0.0005
     123  0.10802469 -0.10802469  0.13888889  0.0010
     124  0.09259259 -0.09259259  0.15432099  0.0010
     125  0.07716049 -0.07716049  0.16975309  0.0010
     126  0.06172840 -0.06172840  0.18518519  0.0010
     127  0.04629630 -0.04629630  0.20061728  0.0010
     128  0.03086420 -0.03086420  0.21604938  0.0010
     129  0.01543210 -0.01543210  0.23148148  0.0010
     130  0.00000000  0.00000000  0.24691358  0.0005
     131  0.01543210  0.01543210 -0.01543210  0.0010
     132  0.00000000  0.03086420  0.00000000  0.0010
     133 -0.01543210  0.04629630  0.01543210  0.0010
     134 -0.03086420  0.06172840  0.03086420  0.0010
     135 -0.04629630  0.07716049  0.04629630  0.0010
     136 -0.06172840  0.09259259  0.06172840  0.0010
     137 -0.07716049  0.10802469  0.07716049  0.0010
     138 -0.09259259  0.12345679  0.09259259  0.0010
     139 -0.10802469  0.13888889  0.10802469  0.0010
     140 -0.12345679  0.09259259  0.12345679  0.0010
     141 -0.10802469  0.07716049  0.10802469  0.0010
     142 -0.09259259  0.06172840  0.09259259  0.0010
     143 -0.07716049  0.04629630  0.07716049  0.0010
     144 -0.06172840  0.03086420  0.06172840  0.0010
     145 -0.04629630  0.01543210  0.04629630  0.0010
     146  0.03086420  0.00000000 -0.03086420  0.0010
     147  0.03086420  0.00000000  0.00000000  0.0010
     148  0.01543210  0.01543210  0.01543210  0.0010
     149  0.00000000  0.03086420  0.03086420  0.0010
     150 -0.01543210  0.04629630  0.04629630  0.0010
     151 -0.03086420  0.06172840  0.06172840  0.0010
     152 -0.04629630  0.07716049  0.07716049  0.0010
     153 -0.06172840  0.09259259  0.09259259  0.0010
     154 -0.07716049  0.10802469  0.10802469  0.0010
     155 -0.09259259  0.12345679  0.12345679  0.0010
     156 -0.13888889  0.10802469  0.10802469  0.0010
     157 -0.12345679  0.09259259  0.09259259  0.0010
     158 -0.10802469  0.07716049  0.07716049  0.0010
     159 -0.09259259  0.06172840  0.06172840  0.0010
     160 -0.07716049  0.04629630  0.04629630  0.0010
     161  0.06172840 -0.03086420 -0.03086420  0.0010
     162  0.04629630 -0.01543210 -0.01543210  0.0010
     163  0.04629630 -0.01543210  0.01543210  0.0010
     164  0.03086420  0.00000000  0.03086420  0.0010
     165  0.01543210  0.01543210  0.04629630  0.0010
     166  0.00000000  0.03086420  0.06172840  0.0010
     167 -0.01543210  0.04629630  0.07716049  0.0010
     168 -0.03086420  0.06172840  0.09259259  0.0010
     169 -0.04629630  0.07716049  0.10802469  0.0010
     170 -0.06172840  0.09259259  0.12345679  0.0010
     171 -0.07716049  0.10802469  0.13888889  0.0010
     172 -0.15432099  0.12345679  0.09259259  0.0010
     173 -0.13888889  0.10802469  0.07716049  0.0010
     174 -0.12345679  0.09259259  0.06172840  0.0010
     175 -0.10802469  0.07716049  0.04629630  0.0010
     176  0.09259259 -0.06172840 -0.03086420  0.0010
     177  0.07716049 -0.04629630 -0.01543210  0.0010
     178  0.06172840 -0.03086420  0.00000000  0.0010
     179  0.06172840 -0.03086420  0.03086420  0.0010
     180  0.04629630 -0.01543210  0.04629630  0.0010
     181  0.03086420  0.00000000  0.06172840  0.0010
     182  0.01543210  0.01543210  0.07716049  0.0010
     183  0.00000000  0.03086420  0.09259259  0.0010
     184 -0.01543210  0.04629630  0.10802469  0.0010
     185 -0.03086420  0.06172840  0.12345679  0.0010
     186 -0.04629630  0.07716049  0.13888889  0.0010
     187 -0.06172840  0.09259259  0.15432099  0.0010
     188 -0.16975309  0.13888889  0.07716049  0.0010
     189 -0.15432099  0.12345679  0.06172840  0.0010
     190 -0.13888889  0.10802469  0.04629630  0.0010
     191 -0.12345679  0.09259259  0.03086420  0.0010
     192  0.10802469 -0.07716049 -0.01543210  0.0010
     193  0.09259259 -0.06172840  0.00000000  0.0010
     194  0.07716049 -0.04629630  0.01543210  0.0010
     195  0.07716049 -0.04629630  0.04629630  0.0010
     196  0.06172840 -0.03086420  0.06172840  0.0010
     197  0.04629630 -0.01543210  0.07716049  0.0010
     198  0.03086420  0.00000000  0.09259259  0.0010
     199  0.01543210  0.01543210  0.10802469  0.0010
     200  0.00000000  0.03086420  0.12345679  0.0010
     201 -0.01543210  0.04629630  0.13888889  0.0010
     202 -0.03086420  0.06172840  0.15432099  0.0010
     203 -0.04629630  0.07716049  0.16975309  0.0010
     204 -0.18518519  0.15432099  0.06172840  0.0010
     205 -0.16975309  0.13888889  0.04629630  0.0010
     206  0.15432099 -0.12345679 -0.03086420  0.0010
     207  0.13888889 -0.10802469 -0.01543210  0.0010
     208  0.12345679 -0.09259259  0.00000000  0.0010
     209  0.10802469 -0.07716049  0.01543210  0.0010
     210  0.09259259 -0.06172840  0.03086420  0.0010
     211  0.09259259 -0.06172840  0.06172840  0.0010
     212  0.07716049 -0.04629630  0.07716049  0.0010
     213  0.06172840 -0.03086420  0.09259259  0.0010
     214  0.04629630 -0.01543210  0.10802469  0.0010
     215  0.03086420  0.00000000  0.12345679  0.0010
     216  0.01543210  0.01543210  0.13888889  0.0010
     217  0.00000000  0.03086420  0.15432099  0.0010
     218 -0.01543210  0.04629630  0.16975309  0.0010
     219 -0.03086420  0.06172840  0.18518519  0.0010
     220 -0.20061728  0.16975309  0.04629630  0.0010
     221  0.18518519 -0.15432099 -0.03086420  0.0010
     222  0.16975309 -0.13888889 -0.01543210  0.0010
     223  0.15432099 -0.12345679  0.00000000  0.0010
     224  0.13888889 -0.10802469  0.01543210  0.0010
     225  0.12345679 -0.09259259  0.03086420  0.0010
     226  0.10802469 -0.07716049  0.04629630  0.0010
     227  0.10802469 -0.07716049  0.07716049  0.0010
     228  0.09259259 -0.06172840  0.09259259  0.0010
     229  0.07716049 -0.04629630  0.10802469  0.0010
     230  0.06172840 -0.03086420  0.12345679  0.0010
     231  0.04629630 -0.01543210  0.13888889  0.0010
     232  0.03086420  0.00000000  0.15432099  0.0010
     233  0.01543210  0.01543210  0.16975309  0.0010
     234  0.00000000  0.03086420  0.18518519  0.0010
     235 -0.01543210  0.04629630  0.20061728  0.0010
     236  0.21604938 -0.18518519 -0.03086420  0.0010
     237  0.20061728 -0.16975309 -0.01543210  0.0010
     238  0.18518519 -0.15432099  0.00000000  0.0010
     239  0.16975309 -0.13888889  0.01543210  0.0010
     240  0.15432099 -0.12345679  0.03086420  0.0010
     241  0.13888889 -0.10802469  0.04629630  0.0010
     242  0.12345679 -0.09259259  0.06172840  0.0010
     243  0.12345679 -0.09259259  0.09259259  0.0010
     244  0.10802469 -0.07716049  0.10802469  0.0010
     245  0.09259259 -0.06172840  0.12345679  0.0010
     246  0.07716049 -0.04629630  0.13888889  0.0010
     247  0.06172840 -0.03086420  0.15432099  0.0010
     248  0.04629630 -0.01543210  0.16975309  0.0010
     249  0.03086420  0.00000000  0.18518519  0.0010
     250  0.01543210  0.01543210  0.20061728  0.0010
     251  0.00000000  0.03086420  0.21604938  0.0010
     252  0.23148148 -0.20061728 -0.01543210  0.0010
     253  0.21604938 -0.18518519  0.00000000  0.0010
     254  0.20061728 -0.16975309  0.01543210  0.0010
     255  0.18518519 -0.15432099  0.03086420  0.0010
     256  0.16975309 -0.13888889  0.04629630  0.0010
     257  0.15432099 -0.12345679  0.06172840  0.0010
     258  0.13888889 -0.10802469  0.07716049  0.0010
     259  0.13888889 -0.10802469  0.10802469  0.0010
     260  0.12345679 -0.09259259  0.12345679  0.0010
     261  0.10802469 -0.07716049  0.13888889  0.0010
     262  0.09259259 -0.06172840  0.15432099  0.0010
     263  0.07716049 -0.04629630  0.16975309  0.0010
     264  0.06172840 -0.03086420  0.18518519  0.0010
     265  0.04629630 -0.01543210  0.20061728  0.0010
     266  0.03086420  0.00000000  0.21604938  0.0010
     267  0.01543210  0.01543210  0.23148148  0.0010
     268  0.00000000 -0.03086420  0.24691358  0.0010
     269  0.01543210 -0.04629630  0.23148148  0.0010
     270  0.03086420 -0.06172840  0.21604938  0.0010
     271  0.04629630 -0.07716049  0.20061728  0.0010
     272  0.06172840 -0.09259259  0.18518519  0.0010
     273  0.07716049 -0.10802469  0.16975309  0.0010
     274  0.15432099 -0.12345679  0.09259259  0.0010
     275  0.09259259 -0.12345679  0.12345679  0.0010
     276  0.10802469 -0.13888889  0.10802469  0.0010
     277  0.12345679 -0.15432099  0.09259259  0.0010
     278  0.13888889 -0.16975309  0.07716049  0.0010
     279  0.15432099 -0.18518519  0.06172840  0.0010
     280  0.16975309 -0.20061728  0.04629630  0.0010
     281 -0.18518519  0.21604938 -0.03086420  0.0010
     282 -0.20061728  0.23148148 -0.01543210  0.0010
     283 -0.03086420  0.00000000  0.24691358  0.0010
     284 -0.01543210 -0.01543210  0.23148148  0.0010
     285  0.00000000 -0.03086420  0.21604938  0.0010
     286  0.01543210 -0.04629630  0.20061728  0.0010
     287  0.03086420 -0.06172840  0.18518519  0.0010
     288  0.04629630 -0.07716049  0.16975309  0.0010
     289  0.06172840 -0.09259259  0.15432099  0.0010
     290  0.07716049 -0.10802469  0.13888889  0.0010
     291  0.07716049 -0.10802469  0.10802469  0.0010
     292  0.09259259 -0.12345679  0.09259259  0.0010
     293  0.10802469 -0.13888889  0.07716049  0.0010
     294  0.12345679 -0.15432099  0.06172840  0.0010
     295  0.13888889 -0.16975309  0.04629630  0.0010
     296 -0.15432099  0.18518519 -0.03086420  0.0010
     297 -0.16975309  0.20061728 -0.01543210  0.0010
     298 -0.18518519  0.21604938  0.00000000  0.0010
     299 -0.04629630  0.01543210  0.23148148  0.0010
     300 -0.03086420  0.00000000  0.21604938  0.0010
     301 -0.01543210 -0.01543210  0.20061728  0.0010
     302  0.00000000 -0.03086420  0.18518519  0.0010
     303  0.01543210 -0.04629630  0.16975309  0.0010
     304  0.03086420 -0.06172840  0.15432099  0.0010
     305  0.04629630 -0.07716049  0.13888889  0.0010
     306  0.06172840 -0.09259259  0.12345679  0.0010
     307  0.06172840 -0.09259259  0.09259259  0.0010
     308  0.07716049 -0.10802469  0.07716049  0.0010
     309  0.09259259 -0.12345679  0.06172840  0.0010
     310  0.10802469 -0.13888889  0.04629630  0.0010
     311 -0.12345679  0.15432099 -0.03086420  0.0010
     312 -0.13888889  0.16975309 -0.01543210  0.0010
     313 -0.15432099  0.18518519  0.00000000  0.0010
     314 -0.16975309  0.20061728  0.01543210  0.0010
     315 -0.06172840  0.03086420  0.21604938  0.0010
     316 -0.04629630  0.01543210  0.20061728  0.0010
     317 -0.03086420  0.00000000  0.18518519  0.0010
     318 -0.01543210 -0.01543210  0.16975309  0.0010
     319  0.00000000 -0.03086420  0.15432099  0.0010
     320  0.01543210 -0.04629630  0.13888889  0.0010
     321  0.03086420 -0.06172840  0.12345679  0.0010
     322  0.04629630 -0.07716049  0.10802469  0.0010
     323  0.04629630 -0.07716049  0.07716049  0.0010
     324  0.06172840 -0.09259259  0.06172840  0.0010
     325  0.07716049 -0.10802469  0.04629630  0.0010
     326  0.09259259 -0.12345679  0.03086420  0.0010
     327 -0.10802469  0.13888889 -0.01543210  0.0010
     328 -0.12345679  0.15432099  0.00000000  0.0010
     329 -0.13888889  0.16975309  0.01543210  0.0010
     330 -0.15432099  0.18518519  0.03086420  0.0010
     331 -0.07716049  0.04629630  0.20061728  0.0010
     332 -0.06172840  0.03086420  0.18518519  0.0010
     333 -0.04629630  0.01543210  0.16975309  0.0010
     334 -0.03086420  0.00000000  0.15432099  0.0010
     335 -0.01543210 -0.01543210  0.13888889  0.0010
     336  0.00000000 -0.03086420  0.12345679  0.0010
     337  0.01543210 -0.04629630  0.10802469  0.0010
     338  0.03086420 -0.06172840  0.09259259  0.0010
     339  0.03086420 -0.06172840  0.06172840  0.0010
     340  0.04629630 -0.07716049  0.04629630  0.0010
     341 -0.06172840  0.09259259 -0.03086420  0.0010
     342 -0.07716049  0.10802469 -0.01543210  0.0010
     343 -0.09259259  0.12345679  0.00000000  0.0010
     344 -0.10802469  0.13888889  0.01543210  0.0010
     345 -0.12345679  0.15432099  0.03086420  0.0010
     346 -0.13888889  0.16975309  0.04629630  0.0010
     347 -0.09259259  0.06172840  0.18518519  0.0010
     348 -0.07716049  0.04629630  0.16975309  0.0010
     349 -0.06172840  0.03086420  0.15432099  0.0010
     350 -0.04629630  0.01543210  0.13888889  0.0010
     351 -0.03086420  0.00000000  0.12345679  0.0010
     352 -0.01543210 -0.01543210  0.10802469  0.0010
     353  0.00000000 -0.03086420  0.09259259  0.0010
     354  0.01543210 -0.04629630  0.07716049  0.0010
     355  0.01543210 -0.04629630  0.04629630  0.0010
     356 -0.03086420  0.06172840 -0.03086420  0.0010
     357 -0.04629630  0.07716049 -0.01543210  0.0010
     358 -0.06172840  0.09259259  0.00000000  0.0010
     359 -0.07716049  0.10802469  0.01543210  0.0010
     360 -0.09259259  0.12345679  0.03086420  0.0010
     361 -0.10802469  0.13888889  0.04629630  0.0010
     362 -0.12345679  0.15432099  0.06172840  0.0010
     363 -0.10802469  0.07716049  0.16975309  0.0010
     364 -0.09259259  0.06172840  0.15432099  0.0010
     365 -0.07716049  0.04629630  0.13888889  0.0010
     366 -0.06172840  0.03086420  0.12345679  0.0010
     367 -0.04629630  0.01543210  0.10802469  0.0010
     368 -0.03086420  0.00000000  0.09259259  0.0010
     369 -0.01543210 -0.01543210  0.07716049  0.0010
     370  0.00000000 -0.03086420  0.06172840  0.0010
     371  0.00000000  0.03086420 -0.03086420  0.0010
     372 -0.01543210  0.04629630 -0.01543210  0.0010
     373 -0.03086420  0.06172840  0.00000000  0.0010
     374 -0.04629630  0.07716049  0.01543210  0.0010
     375 -0.06172840  0.09259259  0.03086420  0.0010
     376 -0.07716049  0.10802469  0.04629630  0.0010
     377 -0.09259259  0.12345679  0.06172840  0.0010
     378 -0.10802469  0.13888889  0.07716049  0.0010
     379 -0.12345679  0.15432099  0.09259259  0.0010
     380 -0.10802469  0.07716049  0.13888889  0.0010
     381 -0.09259259  0.06172840  0.12345679  0.0010
     382 -0.07716049  0.04629630  0.10802469  0.0010
     383 -0.06172840  0.03086420  0.09259259  0.0010
     384 -0.04629630  0.01543210  0.07716049  0.0010
     385 -0.03086420  0.00000000  0.06172840  0.0010
     386 -0.01543210 -0.01543210  0.04629630  0.0010
     387  0.03086420  0.03086420 -0.03086420  0.0010
     388  0.01543210  0.04629630 -0.01543210  0.0010
     389  0.00000000  0.06172840  0.00000000  0.0010
     390 -0.01543210  0.07716049  0.01543210  0.0010
     391 -0.03086420  0.09259259  0.03086420  0.0010
     392 -0.04629630  0.10802469  0.04629630  0.0010
     393 -0.06172840  0.12345679  0.06172840  0.0010
     394 -0.07716049  0.13888889  0.07716049  0.0010
     395 -0.09259259  0.15432099  0.09259259  0.0010
     396 -0.13888889  0.07716049  0.13888889  0.0010
     397 -0.12345679  0.06172840  0.12345679  0.0010
     398 -0.10802469  0.04629630  0.10802469  0.0010
     399 -0.09259259  0.03086420  0.09259259  0.0010
     400 -0.07716049  0.01543210  0.07716049  0.0010
     401  0.06172840  0.00000000 -0.06172840  0.0010
     402  0.04629630  0.01543210 -0.04629630  0.0010
     403  0.04629630  0.01543210 -0.01543210  0.0010
     404  0.03086420  0.03086420  0.00000000  0.0010
     405  0.01543210  0.04629630  0.01543210  0.0010
     406  0.00000000  0.06172840  0.03086420  0.0010
     407 -0.01543210  0.07716049  0.04629630  0.0010
     408 -0.03086420  0.09259259  0.06172840  0.0010
     409 -0.04629630  0.10802469  0.07716049  0.0010
     410 -0.06172840  0.12345679  0.09259259  0.0010
     411 -0.07716049  0.13888889  0.10802469  0.0010
     412 -0.15432099  0.09259259  0.12345679  0.0010
     413 -0.13888889  0.07716049  0.10802469  0.0010
     414 -0.12345679  0.06172840  0.09259259  0.0010
     415 -0.10802469  0.04629630  0.07716049  0.0010
     416  0.09259259 -0.03086420 -0.06172840  0.0010
     417  0.07716049 -0.01543210 -0.04629630  0.0010
     418  0.06172840  0.00000000 -0.03086420  0.0010
     419  0.06172840  0.00000000  0.00000000  0.0010
     420  0.04629630  0.01543210  0.01543210  0.0010
     421  0.03086420  0.03086420  0.03086420  0.0010
     422  0.01543210  0.04629630  0.04629630  0.0010
     423  0.00000000  0.06172840  0.06172840  0.0010
     424 -0.01543210  0.07716049  0.07716049  0.0010
     425 -0.03086420  0.09259259  0.09259259  0.0010
     426 -0.04629630  0.10802469  0.10802469  0.0010
     427 -0.06172840  0.12345679  0.12345679  0.0010
     428 -0.16975309  0.10802469  0.10802469  0.0010
     429 -0.15432099  0.09259259  0.09259259  0.0010
     430 -0.13888889  0.07716049  0.07716049  0.0010
     431  0.12345679 -0.06172840 -0.06172840  0.0010
     432  0.10802469 -0.04629630 -0.04629630  0.0010
     433  0.09259259 -0.03086420 -0.03086420  0.0010
     434  0.07716049 -0.01543210 -0.01543210  0.0010
     435  0.07716049 -0.01543210  0.01543210  0.0010
     436  0.06172840  0.00000000  0.03086420  0.0010
     437  0.04629630  0.01543210  0.04629630  0.0010
     438  0.03086420  0.03086420  0.06172840  0.0010
     439  0.01543210  0.04629630  0.07716049  0.0010
     440  0.00000000  0.06172840  0.09259259  0.0010
     441 -0.01543210  0.07716049  0.10802469  0.0010
     442 -0.03086420  0.09259259  0.12345679  0.0010
     443 -0.04629630  0.10802469  0.13888889  0.0010
     444 -0.18518519  0.12345679  0.09259259  0.0010
     445 -0.16975309  0.10802469  0.07716049  0.0010
     446 -0.15432099  0.09259259  0.06172840  0.0010
     447  0.13888889 -0.07716049 -0.04629630  0.0010
     448  0.12345679 -0.06172840 -0.03086420  0.0010
     449  0.10802469 -0.04629630 -0.01543210  0.0010
     450  0.09259259 -0.03086420  0.00000000  0.0010
     451  0.09259259 -0.03086420  0.03086420  0.0010
     452  0.07716049 -0.01543210  0.04629630  0.0010
     453  0.06172840  0.00000000  0.06172840  0.0010
     454  0.04629630  0.01543210  0.07716049  0.0010
     455  0.03086420  0.03086420  0.09259259  0.0010
     456  0.01543210  0.04629630  0.10802469  0.0010
     457  0.00000000  0.06172840  0.12345679  0.0010
     458 -0.01543210  0.07716049  0.13888889  0.0010
     459 -0.03086420  0.09259259  0.15432099  0.0010
     460 -0.20061728  0.13888889  0.07716049  0.0010
     461 -0.18518519  0.12345679  0.06172840  0.0010
     462  0.16975309 -0.10802469 -0.04629630  0.0010
     463  0.15432099 -0.09259259 -0.03086420  0.0010
     464  0.13888889 -0.07716049 -0.01543210  0.0010
     465  0.12345679 -0.06172840  0.00000000  0.0010
     466  0.10802469 -0.04629630  0.01543210  0.0010
     467  0.10802469 -0.04629630  0.04629630  0.0010
     468  0.09259259 -0.03086420  0.06172840  0.0010
     469  0.07716049 -0.01543210  0.07716049  0.0010
     470  0.06172840  0.00000000  0.09259259  0.0010
     471  0.04629630  0.01543210  0.10802469  0.0010
     472  0.03086420  0.03086420  0.12345679  0.0010
     473  0.01543210  0.04629630  0.13888889  0.0010
     474  0.00000000  0.06172840  0.15432099  0.0010
     475 -0.01543210  0.07716049  0.16975309  0.0010
     476  0.21604938 -0.15432099 -0.06172840  0.0010
     477  0.20061728 -0.13888889 -0.04629630  0.0010
     478  0.18518519 -0.12345679 -0.03086420  0.0010
     479  0.16975309 -0.10802469 -0.01543210  0.0010
     480  0.15432099 -0.09259259  0.00000000  0.0010
     481  0.13888889 -0.07716049  0.01543210  0.0010
     482  0.12345679 -0.06172840  0.03086420  0.0010
     483  0.12345679 -0.06172840  0.06172840  0.0010
     484  0.10802469 -0.04629630  0.07716049  0.0010
     485  0.09259259 -0.03086420  0.09259259  0.0010
     486  0.07716049 -0.01543210  0.10802469  0.0010
     487  0.06172840  0.00000000  0.12345679  0.0010
     488  0.04629630  0.01543210  0.13888889  0.0010
     489  0.03086420  0.03086420  0.15432099  0.0010
     490  0.01543210  0.04629630  0.16975309  0.0010
     491  0.00000000  0.06172840  0.18518519  0.0010
     492  0.23148148 -0.16975309 -0.04629630  0.0010
     493  0.21604938 -0.15432099 -0.03086420  0.0010
     494  0.20061728 -0.13888889 -0.01543210  0.0010
     495  0.18518519 -0.12345679  0.00000000  0.0010
     496  0.16975309 -0.10802469  0.01543210  0.0010
     497  0.15432099 -0.09259259  0.03086420  0.0010
     498  0.13888889 -0.07716049  0.04629630  0.0010
     499  0.13888889 -0.07716049  0.07716049  0.0010
     500  0.12345679 -0.06172840  0.09259259  0.0010
     501  0.10802469 -0.04629630  0.10802469  0.0010
     502  0.09259259 -0.03086420  0.12345679  0.0010
     503  0.07716049 -0.01543210  0.13888889  0.0010
     504  0.06172840  0.00000000  0.15432099  0.0010
     505  0.04629630  0.01543210  0.16975309  0.0010
     506  0.03086420  0.03086420  0.18518519  0.0010
     507  0.01543210  0.04629630  0.20061728  0.0010
     508  0.24691358 -0.18518519 -0.03086420  0.0010
     509  0.23148148 -0.16975309 -0.01543210  0.0010
     510  0.21604938 -0.15432099  0.00000000  0.0010
     511  0.20061728 -0.13888889  0.01543210  0.0010
     512  0.18518519 -0.12345679  0.03086420  0.0010
     513  0.16975309 -0.10802469  0.04629630  0.0010
     514  0.15432099 -0.09259259  0.06172840  0.0010
     515  0.15432099 -0.09259259  0.09259259  0.0010
     516  0.13888889 -0.07716049  0.10802469  0.0010
     517  0.12345679 -0.06172840  0.12345679  0.0010
     518  0.10802469 -0.04629630  0.13888889  0.0010
     519  0.09259259 -0.03086420  0.15432099  0.0010
     520  0.07716049 -0.01543210  0.16975309  0.0010
     521  0.06172840  0.00000000  0.18518519  0.0010
     522  0.04629630  0.01543210  0.20061728  0.0010
     523  0.03086420  0.03086420  0.21604938  0.0010
     524 -0.01543210 -0.04629630  0.26234568  0.0010
     525  0.00000000 -0.06172840  0.24691358  0.0010
     526  0.01543210 -0.07716049  0.23148148  0.0010
     527  0.03086420 -0.09259259  0.21604938  0.0010
     528  0.04629630 -0.10802469  0.20061728  0.0010
     529  0.18518519 -0.12345679  0.06172840  0.0010
     530  0.16975309 -0.10802469  0.07716049  0.0010
     531  0.07716049 -0.13888889  0.13888889  0.0010
     532  0.09259259 -0.15432099  0.12345679  0.0010
     533  0.10802469 -0.16975309  0.10802469  0.0010
     534  0.12345679 -0.18518519  0.09259259  0.0010
     535  0.13888889 -0.20061728  0.07716049  0.0010
     536 -0.15432099  0.21604938 -0.06172840  0.0010
     537 -0.16975309  0.23148148 -0.04629630  0.0010
     538 -0.18518519  0.24691358 -0.03086420  0.0010
     539 -0.04629630 -0.01543210  0.26234568  0.0010
     540 -0.03086420 -0.03086420  0.24691358  0.0010
     541 -0.01543210 -0.04629630  0.23148148  0.0010
     542  0.00000000 -0.06172840  0.21604938  0.0010
     543  0.01543210 -0.07716049  0.20061728  0.0010
     544  0.03086420 -0.09259259  0.18518519  0.0010
     545  0.04629630 -0.10802469  0.16975309  0.0010
     546  0.06172840 -0.12345679  0.15432099  0.0010
     547  0.06172840 -0.12345679  0.12345679  0.0010
     548  0.07716049 -0.13888889  0.10802469  0.0010
     549  0.09259259 -0.15432099  0.09259259  0.0010
     550  0.10802469 -0.16975309  0.07716049  0.0010
     551  0.12345679 -0.18518519  0.06172840  0.0010
     552 -0.13888889  0.20061728 -0.04629630  0.0010
     553 -0.15432099  0.21604938 -0.03086420  0.0010
     554 -0.16975309  0.23148148 -0.01543210  0.0010
     555 -0.06172840  0.00000000  0.24691358  0.0010
     556 -0.04629630 -0.01543210  0.23148148  0.0010
     557 -0.03086420 -0.03086420  0.21604938  0.0010
     558 -0.01543210 -0.04629630  0.20061728  0.0010
     559  0.00000000 -0.06172840  0.18518519  0.0010
     560  0.01543210 -0.07716049  0.16975309  0.0010
     561  0.03086420 -0.09259259  0.15432099  0.0010
     562  0.04629630 -0.10802469  0.13888889  0.0010
     563  0.04629630 -0.10802469  0.10802469  0.0010
     564  0.06172840 -0.12345679  0.09259259  0.0010
     565  0.07716049 -0.13888889  0.07716049  0.0010
     566  0.09259259 -0.15432099  0.06172840  0.0010
     567 -0.10802469  0.16975309 -0.04629630  0.0010
     568 -0.12345679  0.18518519 -0.03086420  0.0010
     569 -0.13888889  0.20061728 -0.01543210  0.0010
     570 -0.15432099  0.21604938  0.00000000  0.0010
     571 -0.07716049  0.01543210  0.23148148  0.0010
     572 -0.06172840  0.00000000  0.21604938  0.0010
     573 -0.04629630 -0.01543210  0.20061728  0.0010
     574 -0.03086420 -0.03086420  0.18518519  0.0010
     575 -0.01543210 -0.04629630  0.16975309  0.0010
     576  0.00000000 -0.06172840  0.15432099  0.0010
     577  0.01543210 -0.07716049  0.13888889  0.0010
     578  0.03086420 -0.09259259  0.12345679  0.0010
     579  0.03086420 -0.09259259  0.09259259  0.0010
     580  0.04629630 -0.10802469  0.07716049  0.0010
     581 -0.06172840  0.12345679 -0.06172840  0.0010
     582 -0.07716049  0.13888889 -0.04629630  0.0010
     583 -0.09259259  0.15432099 -0.03086420  0.0010
     584 -0.10802469  0.16975309 -0.01543210  0.0010
     585 -0.12345679  0.18518519  0.00000000  0.0010
     586 -0.13888889  0.20061728  0.01543210  0.0010
     587 -0.09259259  0.03086420  0.21604938  0.0010
     588 -0.07716049  0.01543210  0.20061728  0.0010
     589 -0.06172840  0.00000000  0.18518519  0.0010
     590 -0.04629630 -0.01543210  0.16975309  0.0010
     591 -0.03086420 -0.03086420  0.15432099  0.0010
     592 -0.01543210 -0.04629630  0.13888889  0.0010
     593  0.00000000 -0.06172840  0.12345679  0.0010
     594  0.01543210 -0.07716049  0.10802469  0.0010
     595  0.01543210 -0.07716049  0.07716049  0.0010
     596 -0.03086420  0.09259259 -0.06172840  0.0010
     597 -0.04629630  0.10802469 -0.04629630  0.0010
     598 -0.06172840  0.12345679 -0.03086420  0.0010
     599 -0.07716049  0.13888889 -0.01543210  0.0010
     600 -0.09259259  0.15432099  0.00000000  0.0010
     601 -0.10802469  0.16975309  0.01543210  0.0010
     602 -0.12345679  0.18518519  0.03086420  0.0010
     603 -0.10802469  0.04629630  0.20061728  0.0010
     604 -0.09259259  0.03086420  0.18518519  0.0010
     605 -0.07716049  0.01543210  0.16975309  0.0010
     606 -0.06172840  0.00000000  0.15432099  0.0010
     607 -0.04629630 -0.01543210  0.13888889  0.0010
     608 -0.03086420 -0.03086420  0.12345679  0.0010
     609 -0.01543210 -0.04629630  0.10802469  0.0010
     610  0.00000000 -0.06172840  0.09259259  0.0010
     611  0.00000000  0.06172840 -0.06172840  0.0010
     612 -0.01543210  0.07716049 -0.04629630  0.0010
     613 -0.03086420  0.09259259 -0.03086420  0.0010
     614 -0.04629630  0.10802469 -0.01543210  0.0010
     615 -0.06172840  0.12345679  0.00000000  0.0010
     616 -0.07716049  0.13888889  0.01543210  0.0010
     617 -0.09259259  0.15432099  0.03086420  0.0010
     618 -0.10802469  0.16975309  0.04629630  0.0010
     619 -0.12345679  0.18518519  0.06172840  0.0010
     620 -0.10802469  0.04629630  0.16975309  0.0010
     621 -0.09259259  0.03086420  0.15432099  0.0010
     622 -0.07716049  0.01543210  0.13888889  0.0010
     623 -0.06172840  0.00000000  0.12345679  0.0010
     624 -0.04629630 -0.01543210  0.10802469  0.0010
     625 -0.03086420 -0.03086420  0.09259259  0.0010
     626 -0.01543210 -0.04629630  0.07716049  0.0010
     627  0.01543210  0.04629630 -0.04629630  0.0010
     628  0.00000000  0.06172840 -0.03086420  0.0010
     629 -0.01543210  0.07716049 -0.01543210  0.0010
     630 -0.03086420  0.09259259  0.00000000  0.0010
     631 -0.04629630  0.10802469  0.01543210  0.0010
     632 -0.06172840  0.12345679  0.03086420  0.0010
     633 -0.07716049  0.13888889  0.04629630  0.0010
     634 -0.09259259  0.15432099  0.06172840  0.0010
     635 -0.10802469  0.16975309  0.07716049  0.0010
     636 -0.12345679  0.06172840  0.15432099  0.0010
     637 -0.10802469  0.04629630  0.13888889  0.0010
     638 -0.09259259  0.03086420  0.12345679  0.0010
     639 -0.07716049  0.01543210  0.10802469  0.0010
     640 -0.06172840  0.00000000  0.09259259  0.0010
     641 -0.04629630 -0.01543210  0.07716049  0.0010
     642 -0.03086420 -0.03086420  0.06172840  0.0010
     643  0.04629630  0.04629630 -0.04629630  0.0010
     644  0.03086420  0.06172840 -0.03086420  0.0010
     645  0.01543210  0.07716049 -0.01543210  0.0010
     646  0.00000000  0.09259259  0.00000000  0.0010
     647 -0.01543210  0.10802469  0.01543210  0.0010
     648 -0.03086420  0.12345679  0.03086420  0.0010
     649 -0.04629630  0.13888889  0.04629630  0.0010
     650 -0.06172840  0.15432099  0.06172840  0.0010
     651 -0.07716049  0.16975309  0.07716049  0.0010
     652 -0.15432099  0.06172840  0.15432099  0.0010
     653 -0.13888889  0.04629630  0.13888889  0.0010
     654 -0.12345679  0.03086420  0.12345679  0.0010
     655 -0.10802469  0.01543210  0.10802469  0.0010
     656  0.09259259  0.00000000 -0.09259259  0.0010
     657  0.07716049  0.01543210 -0.07716049  0.0010
     658  0.06172840  0.03086420 -0.06172840  0.0010
     659  0.06172840  0.03086420 -0.03086420  0.0010
     660  0.04629630  0.04629630 -0.01543210  0.0010
     661  0.03086420  0.06172840  0.00000000  0.0010
     662  0.01543210  0.07716049  0.01543210  0.0010
     663  0.00000000  0.09259259  0.03086420  0.0010
     664 -0.01543210  0.10802469  0.04629630  0.0010
     665 -0.03086420  0.12345679  0.06172840  0.0010
     666 -0.04629630  0.13888889  0.07716049  0.0010
     667 -0.06172840  0.15432099  0.09259259  0.0010
     668 -0.16975309  0.07716049  0.13888889  0.0010
     669 -0.15432099  0.06172840  0.12345679  0.0010
     670 -0.13888889  0.04629630  0.10802469  0.0010
     671 -0.12345679  0.03086420  0.09259259  0.0010
     672  0.10802469 -0.01543210 -0.07716049  0.0010
     673  0.09259259  0.00000000 -0.06172840  0.0010
     674  0.07716049  0.01543210 -0.04629630  0.0010
     675  0.07716049  0.01543210 -0.01543210  0.0010
     676  0.06172840  0.03086420  0.00000000  0.0010
     677  0.04629630  0.04629630  0.01543210  0.0010
     678  0.03086420  0.06172840  0.03086420  0.0010
     679  0.01543210  0.07716049  0.04629630  0.0010
     680  0.00000000  0.09259259  0.06172840  0.0010
     681 -0.01543210  0.10802469  0.07716049  0.0010
     682 -0.03086420  0.12345679  0.09259259  0.0010
     683 -0.04629630  0.13888889  0.10802469  0.0010
     684 -0.18518519  0.09259259  0.12345679  0.0010
     685 -0.16975309  0.07716049  0.10802469  0.0010
     686 -0.15432099  0.06172840  0.09259259  0.0010
     687  0.13888889 -0.04629630 -0.07716049  0.0010
     688  0.12345679 -0.03086420 -0.06172840  0.0010
     689  0.10802469 -0.01543210 -0.04629630  0.0010
     690  0.09259259  0.00000000 -0.03086420  0.0010
     691  0.09259259  0.00000000  0.00000000  0.0010
     692  0.07716049  0.01543210  0.01543210  0.0010
     693  0.06172840  0.03086420  0.03086420  0.0010
     694  0.04629630  0.04629630  0.04629630  0.0010
     695  0.03086420  0.06172840  0.06172840  0.0010
     696  0.01543210  0.07716049  0.07716049  0.0010
     697  0.00000000  0.09259259  0.09259259  0.0010
     698 -0.01543210  0.10802469  0.10802469  0.0010
     699 -0.03086420  0.12345679  0.12345679  0.0010
     700 -0.20061728  0.10802469  0.10802469  0.0010
     701 -0.18518519  0.09259259  0.09259259  0.0010
     702  0.16975309 -0.07716049 -0.07716049  0.0010
     703  0.15432099 -0.06172840 -0.06172840  0.0010
     704  0.13888889 -0.04629630 -0.04629630  0.0010
     705  0.12345679 -0.03086420 -0.03086420  0.0010
     706  0.10802469 -0.01543210 -0.01543210  0.0010
     707  0.10802469 -0.01543210  0.01543210  0.0010
     708  0.09259259  0.00000000  0.03086420  0.0010
     709  0.07716049  0.01543210  0.04629630  0.0010
     710  0.06172840  0.03086420  0.06172840  0.0010
     711  0.04629630  0.04629630  0.07716049  0.0010
     712  0.03086420  0.06172840  0.09259259  0.0010
     713  0.01543210  0.07716049  0.10802469  0.0010
     714  0.00000000  0.09259259  0.12345679  0.0010
     715 -0.01543210  0.10802469  0.13888889  0.0010
     716 -0.21604938  0.12345679  0.09259259  0.0010
     717  0.20061728 -0.10802469 -0.07716049  0.0010
     718  0.18518519 -0.09259259 -0.06172840  0.0010
     719  0.16975309 -0.07716049 -0.04629630  0.0010
     720  0.15432099 -0.06172840 -0.03086420  0.0010
     721  0.13888889 -0.04629630 -0.01543210  0.0010
     722  0.12345679 -0.03086420  0.00000000  0.0010
     723  0.12345679 -0.03086420  0.03086420  0.0010
     724  0.10802469 -0.01543210  0.04629630  0.0010
     725  0.09259259  0.00000000  0.06172840  0.0010
     726  0.07716049  0.01543210  0.07716049  0.0010
     727  0.06172840  0.03086420  0.09259259  0.0010
     728  0.04629630  0.04629630  0.10802469  0.0010
     729  0.03086420  0.06172840  0.12345679  0.0010
     730  0.01543210  0.07716049  0.13888889  0.0010
     731  0.00000000  0.09259259  0.15432099  0.0010
     732  0.23148148 -0.13888889 -0.07716049  0.0010
     733  0.21604938 -0.12345679 -0.06172840  0.0010
     734  0.20061728 -0.10802469 -0.04629630  0.0010
     735  0.18518519 -0.09259259 -0.03086420  0.0010
     736  0.16975309 -0.07716049 -0.01543210  0.0010
     737  0.15432099 -0.06172840  0.00000000  0.0010
     738  0.13888889 -0.04629630  0.01543210  0.0010
     739  0.13888889 -0.04629630  0.04629630  0.0010
     740  0.12345679 -0.03086420  0.06172840  0.0010
     741  0.10802469 -0.01543210  0.07716049  0.0010
     742  0.09259259  0.00000000  0.09259259  0.0010
     743  0.07716049  0.01543210  0.10802469  0.0010
     744  0.06172840  0.03086420  0.12345679  0.0010
     745  0.04629630  0.04629630  0.13888889  0.0010
     746  0.03086420  0.06172840  0.15432099  0.0010
     747  0.01543210  0.07716049  0.16975309  0.0010
     748  0.24691358 -0.15432099 -0.06172840  0.0010
     749  0.23148148 -0.13888889 -0.04629630  0.0010
     750  0.21604938 -0.12345679 -0.03086420  0.0010
     751  0.20061728 -0.10802469 -0.01543210  0.0010
     752  0.18518519 -0.09259259  0.00000000  0.0010
     753  0.16975309 -0.07716049  0.01543210  0.0010
     754  0.15432099 -0.06172840  0.03086420  0.0010
     755  0.15432099 -0.06172840  0.06172840  0.0010
     756  0.13888889 -0.04629630  0.07716049  0.0010
     757  0.12345679 -0.03086420  0.09259259  0.0010
     758  0.10802469 -0.01543210  0.10802469  0.0010
     759  0.09259259  0.00000000  0.12345679  0.0010
     760  0.07716049  0.01543210  0.13888889  0.0010
     761  0.06172840  0.03086420  0.15432099  0.0010
     762  0.04629630  0.04629630  0.16975309  0.0010
     763  0.03086420  0.06172840  0.18518519  0.0010
     764  0.26234568 -0.16975309 -0.04629630  0.0010
     765  0.24691358 -0.15432099 -0.03086420  0.0010
     766  0.23148148 -0.13888889 -0.01543210  0.0010
     767  0.21604938 -0.12345679  0.00000000  0.0010
     768  0.20061728 -0.10802469  0.01543210  0.0010
     769  0.18518519 -0.09259259  0.03086420  0.0010
     770  0.16975309 -0.07716049  0.04629630  0.0010
     771  0.16975309 -0.07716049  0.07716049  0.0010
     772  0.15432099 -0.06172840  0.09259259  0.0010
     773  0.13888889 -0.04629630  0.10802469  0.0010
     774  0.12345679 -0.03086420  0.12345679  0.0010
     775  0.10802469 -0.01543210  0.13888889  0.0010
     776  0.09259259  0.00000000  0.15432099  0.0010
     777  0.07716049  0.01543210  0.16975309  0.0010
     778  0.06172840  0.03086420  0.18518519  0.0010
     779  0.04629630  0.04629630  0.20061728  0.0010
     780 -0.03086420 -0.06172840  0.27777778  0.0010
     781 -0.01543210 -0.07716049  0.26234568  0.0010
     782  0.00000000 -0.09259259  0.24691358  0.0010
     783  0.01543210 -0.10802469  0.23148148  0.0010
     784  0.21604938 -0.12345679  0.03086420  0.0010
     785  0.20061728 -0.10802469  0.04629630  0.0010
     786  0.18518519 -0.09259259  0.06172840  0.0010
     787  0.06172840 -0.15432099  0.15432099  0.0010
     788  0.07716049 -0.16975309  0.13888889  0.0010
     789  0.09259259 -0.18518519  0.12345679  0.0010
     790  0.10802469 -0.20061728  0.10802469  0.0010
     791  0.12345679 -0.21604938  0.09259259  0.0010
     792 -0.13888889  0.23148148 -0.07716049  0.0010
     793 -0.15432099  0.24691358 -0.06172840  0.0010
     794 -0.16975309  0.26234568 -0.04629630  0.0010
     795 -0.06172840 -0.03086420  0.27777778  0.0010
     796 -0.04629630 -0.04629630  0.26234568  0.0010
     797 -0.03086420 -0.06172840  0.24691358  0.0010
     798 -0.01543210 -0.07716049  0.23148148  0.0010
     799  0.00000000 -0.09259259  0.21604938  0.0010
     800  0.01543210 -0.10802469  0.20061728  0.0010
     801  0.03086420 -0.12345679  0.18518519  0.0010
     802  0.04629630 -0.13888889  0.16975309  0.0010
     803  0.04629630 -0.13888889  0.13888889  0.0010
     804  0.06172840 -0.15432099  0.12345679  0.0010
     805  0.07716049 -0.16975309  0.10802469  0.0010
     806  0.09259259 -0.18518519  0.09259259  0.0010
     807 -0.10802469  0.20061728 -0.07716049  0.0010
     808 -0.12345679  0.21604938 -0.06172840  0.0010
     809 -0.13888889  0.23148148 -0.04629630  0.0010
     810 -0.15432099  0.24691358 -0.03086420  0.0010
     811 -0.07716049 -0.01543210  0.26234568  0.0010
     812 -0.06172840 -0.03086420  0.24691358  0.0010
     813 -0.04629630 -0.04629630  0.23148148  0.0010
     814 -0.03086420 -0.06172840  0.21604938  0.0010
     815 -0.01543210 -0.07716049  0.20061728  0.0010
     816  0.00000000 -0.09259259  0.18518519  0.0010
     817  0.01543210 -0.10802469  0.16975309  0.0010
     818  0.03086420 -0.12345679  0.15432099  0.0010
     819  0.03086420 -0.12345679  0.12345679  0.0010
     820  0.04629630 -0.13888889  0.10802469  0.0010
     821  0.06172840 -0.15432099  0.09259259  0.0010
     822 -0.07716049  0.16975309 -0.07716049  0.0010
     823 -0.09259259  0.18518519 -0.06172840  0.0010
     824 -0.10802469  0.20061728 -0.04629630  0.0010
     825 -0.12345679  0.21604938 -0.03086420  0.0010
     826 -0.13888889  0.23148148 -0.01543210  0.0010
     827 -0.09259259  0.00000000  0.24691358  0.0010
     828 -0.07716049 -0.01543210  0.23148148  0.0010
     829 -0.06172840 -0.03086420  0.21604938  0.0010
     830 -0.04629630 -0.04629630  0.20061728  0.0010
     831 -0.03086420 -0.06172840  0.18518519  0.0010
     832 -0.01543210 -0.07716049  0.16975309  0.0010
     833  0.00000000 -0.09259259  0.15432099  0.0010
     834  0.01543210 -0.10802469  0.13888889  0.0010
     835  0.01543210 -0.10802469  0.10802469  0.0010
     836  0.03086420 -0.12345679  0.09259259  0.0010
     837 -0.04629630  0.13888889 -0.07716049  0.0010
     838 -0.06172840  0.15432099 -0.06172840  0.0010
     839 -0.07716049  0.16975309 -0.04629630  0.0010
     840 -0.09259259  0.18518519 -0.03086420  0.0010
     841 -0.10802469  0.20061728 -0.01543210  0.0010
     842 -0.12345679  0.21604938  0.00000000  0.0010
     843 -0.10802469  0.01543210  0.23148148  0.0010
     844 -0.09259259  0.00000000  0.21604938  0.0010
     845 -0.07716049 -0.01543210  0.20061728  0.0010
     846 -0.06172840 -0.03086420  0.18518519  0.0010
     847 -0.04629630 -0.04629630  0.16975309  0.0010
     848 -0.03086420 -0.06172840  0.15432099  0.0010
     849 -0.01543210 -0.07716049  0.13888889  0.0010
     850  0.00000000 -0.09259259  0.12345679  0.0010
     851  0.00000000  0.09259259 -0.09259259  0.0010
     852 -0.01543210  0.10802469 -0.07716049  0.0010
     853 -0.03086420  0.12345679 -0.06172840  0.0010
     854 -0.04629630  0.13888889 -0.04629630  0.0010
     855 -0.06172840  0.15432099 -0.03086420  0.0010
     856 -0.07716049  0.16975309 -0.01543210  0.0010
     857 -0.09259259  0.18518519  0.00000000  0.0010
     858 -0.10802469  0.20061728  0.01543210  0.0010
     859 -0.12345679  0.03086420  0.21604938  0.0010
     860 -0.10802469  0.01543210  0.20061728  0.0010
     861 -0.09259259  0.00000000  0.18518519  0.0010
     862 -0.07716049 -0.01543210  0.16975309  0.0010
     863 -0.06172840 -0.03086420  0.15432099  0.0010
     864 -0.04629630 -0.04629630  0.13888889  0.0010
     865 -0.03086420 -0.06172840  0.12345679  0.0010
     866 -0.01543210 -0.07716049  0.10802469  0.0010
     867  0.01543210  0.07716049 -0.07716049  0.0010
     868  0.00000000  0.09259259 -0.06172840  0.0010
     869 -0.01543210  0.10802469 -0.04629630  0.0010
     870 -0.03086420  0.12345679 -0.03086420  0.0010
     871 -0.04629630  0.13888889 -0.01543210  0.0010
     872 -0.06172840  0.15432099  0.00000000  0.0010
     873 -0.07716049  0.16975309  0.01543210  0.0010
     874 -0.09259259  0.18518519  0.03086420  0.0010
     875 -0.10802469  0.20061728  0.04629630  0.0010
     876 -0.12345679  0.03086420  0.18518519  0.0010
     877 -0.10802469  0.01543210  0.16975309  0.0010
     878 -0.09259259  0.00000000  0.15432099  0.0010
     879 -0.07716049 -0.01543210  0.13888889  0.0010
     880 -0.06172840 -0.03086420  0.12345679  0.0010
     881 -0.04629630 -0.04629630  0.10802469  0.0010
     882 -0.03086420 -0.06172840  0.09259259  0.0010
     883  0.03086420  0.06172840 -0.06172840  0.0010
     884  0.01543210  0.07716049 -0.04629630  0.0010
     885  0.00000000  0.09259259 -0.03086420  0.0010
     886 -0.01543210  0.10802469 -0.01543210  0.0010
     887 -0.03086420  0.12345679  0.00000000  0.0010
     888 -0.04629630  0.13888889  0.01543210  0.0010
     889 -0.06172840  0.15432099  0.03086420  0.0010
     890 -0.07716049  0.16975309  0.04629630  0.0010
     891 -0.09259259  0.18518519  0.06172840  0.0010
     892 -0.13888889  0.04629630  0.16975309  0.0010
     893 -0.12345679  0.03086420  0.15432099  0.0010
     894 -0.10802469  0.01543210  0.13888889  0.0010
     895 -0.09259259  0.00000000  0.12345679  0.0010
     896 -0.07716049 -0.01543210  0.10802469  0.0010
     897 -0.06172840 -0.03086420  0.09259259  0.0010
     898  0.04629630  0.04629630 -0.07716049  0.0010
     899  0.06172840  0.06172840 -0.06172840  0.0010
     900  0.04629630  0.07716049 -0.04629630  0.0010
     901  0.03086420  0.09259259 -0.03086420  0.0010
     902  0.01543210  0.10802469 -0.01543210  0.0010
     903  0.00000000  0.12345679  0.00000000  0.0010
     904 -0.01543210  0.13888889  0.01543210  0.0010
     905 -0.03086420  0.15432099  0.03086420  0.0010
     906 -0.04629630  0.16975309  0.04629630  0.0010
     907 -0.06172840  0.18518519  0.06172840  0.0010
     908 -0.16975309  0.04629630  0.16975309  0.0010
     909 -0.15432099  0.03086420  0.15432099  0.0010
     910 -0.13888889  0.01543210  0.13888889  0.0010
     911  0.12345679  0.00000000 -0.12345679  0.0010
     912  0.10802469  0.01543210 -0.10802469  0.0010
     913  0.09259259  0.03086420 -0.09259259  0.0010
     914  0.07716049  0.04629630 -0.07716049  0.0010
     915  0.07716049  0.04629630 -0.04629630  0.0010
     916  0.06172840  0.06172840 -0.03086420  0.0010
     917  0.04629630  0.07716049 -0.01543210  0.0010
     918  0.03086420  0.09259259  0.00000000  0.0010
     919  0.01543210  0.10802469  0.01543210  0.0010
     920  0.00000000  0.12345679  0.03086420  0.0010
     921 -0.01543210  0.13888889  0.04629630  0.0010
     922 -0.03086420  0.15432099  0.06172840  0.0010
     923 -0.04629630  0.16975309  0.07716049  0.0010
     924 -0.18518519  0.06172840  0.15432099  0.0010
     925 -0.16975309  0.04629630  0.13888889  0.0010
     926 -0.15432099  0.03086420  0.12345679  0.0010
     927  0.13888889 -0.01543210 -0.10802469  0.0010
     928  0.12345679  0.00000000 -0.09259259  0.0010
     929  0.10802469  0.01543210 -0.07716049  0.0010
     930  0.09259259  0.03086420 -0.06172840  0.0010
     931  0.09259259  0.03086420 -0.03086420  0.0010
     932  0.07716049  0.04629630 -0.01543210  0.0010
     933  0.06172840  0.06172840  0.00000000  0.0010
     934  0.04629630  0.07716049  0.01543210  0.0010
     935  0.03086420  0.09259259  0.03086420  0.0010
     936  0.01543210  0.10802469  0.04629630  0.0010
     937  0.00000000  0.12345679  0.06172840  0.0010
     938 -0.01543210  0.13888889  0.07716049  0.0010
     939 -0.03086420  0.15432099  0.09259259  0.0010
     940 -0.20061728  0.07716049  0.13888889  0.0010
     941 -0.18518519  0.06172840  0.12345679  0.0010
     942  0.16975309 -0.04629630 -0.10802469  0.0010
     943  0.15432099 -0.03086420 -0.09259259  0.0010
     944  0.13888889 -0.01543210 -0.07716049  0.0010
     945  0.12345679  0.00000000 -0.06172840  0.0010
     946  0.10802469  0.01543210 -0.04629630  0.0010
     947  0.10802469  0.01543210 -0.01543210  0.0010
     948  0.09259259  0.03086420  0.00000000  0.0010
     949  0.07716049  0.04629630  0.01543210  0.0010
     950  0.06172840  0.06172840  0.03086420  0.0010
     951  0.04629630  0.07716049  0.04629630  0.0010
     952  0.03086420  0.09259259  0.06172840  0.0010
     953  0.01543210  0.10802469  0.07716049  0.0010
     954  0.00000000  0.12345679  0.09259259  0.0010
     955 -0.01543210  0.13888889  0.10802469  0.0010
     956 -0.21604938  0.09259259  0.12345679  0.0010
     957  0.20061728 -0.07716049 -0.10802469  0.0010
     958  0.18518519 -0.06172840 -0.09259259  0.0010
     959  0.16975309 -0.04629630 -0.07716049  0.0010
     960  0.15432099 -0.03086420 -0.06172840  0.0010
     961  0.13888889 -0.01543210 -0.04629630  0.0010
     962  0.12345679  0.00000000 -0.03086420  0.0010
     963  0.12345679  0.00000000  0.00000000  0.0010
     964  0.10802469  0.01543210  0.01543210  0.0010
     965  0.09259259  0.03086420  0.03086420  0.0010
     966  0.07716049  0.04629630  0.04629630  0.0010
     967  0.06172840  0.06172840  0.06172840  0.0010
     968  0.04629630  0.07716049  0.07716049  0.0010
     969  0.03086420  0.09259259  0.09259259  0.0010
     970  0.01543210  0.10802469  0.10802469  0.0010
     971  0.00000000  0.12345679  0.12345679  0.0010
     972  0.23148148 -0.10802469 -0.10802469  0.0010
     973  0.21604938 -0.09259259 -0.09259259  0.0010
     974  0.20061728 -0.07716049 -0.07716049  0.0010
     975  0.18518519 -0.06172840 -0.06172840  0.0010
     976  0.16975309 -0.04629630 -0.04629630  0.0010
     977  0.15432099 -0.03086420 -0.03086420  0.0010
     978  0.13888889 -0.01543210 -0.01543210  0.0010
     979  0.13888889 -0.01543210  0.01543210  0.0010
     980  0.12345679  0.00000000  0.03086420  0.0010
     981  0.10802469  0.01543210  0.04629630  0.0010
     982  0.09259259  0.03086420  0.06172840  0.0010
     983  0.07716049  0.04629630  0.07716049  0.0010
     984  0.06172840  0.06172840  0.09259259  0.0010
     985  0.04629630  0.07716049  0.10802469  0.0010
     986  0.03086420  0.09259259  0.12345679  0.0010
     987  0.01543210  0.10802469  0.13888889  0.0010
     988  0.24691358 -0.12345679 -0.09259259  0.0010
     989  0.23148148 -0.10802469 -0.07716049  0.0010
     990  0.21604938 -0.09259259 -0.06172840  0.0010
     991  0.20061728 -0.07716049 -0.04629630  0.0010
     992  0.18518519 -0.06172840 -0.03086420  0.0010
     993  0.16975309 -0.04629630 -0.01543210  0.0010
     994  0.15432099 -0.03086420  0.00000000  0.0010
     995  0.15432099 -0.03086420  0.03086420  0.0010
     996  0.13888889 -0.01543210  0.04629630  0.0010
     997  0.12345679  0.00000000  0.06172840  0.0010
     998  0.10802469  0.01543210  0.07716049  0.0010
     999  0.09259259  0.03086420  0.09259259  0.0010
    1000  0.07716049  0.04629630  0.10802469  0.0010
    1001  0.06172840  0.06172840  0.12345679  0.0010
    1002  0.04629630  0.07716049  0.13888889  0.0010
    1003  0.03086420  0.09259259  0.15432099  0.0010
    1004  0.26234568 -0.13888889 -0.07716049  0.0010
    1005  0.24691358 -0.12345679 -0.06172840  0.0010
    1006  0.23148148 -0.10802469 -0.04629630  0.0010
    1007  0.21604938 -0.09259259 -0.03086420  0.0010
    1008  0.20061728 -0.07716049 -0.01543210  0.0010
    1009  0.18518519 -0.06172840  0.00000000  0.0010
    1010  0.16975309 -0.04629630  0.01543210  0.0010
    1011  0.16975309 -0.04629630  0.04629630  0.0010
    1012  0.15432099 -0.03086420  0.06172840  0.0010
    1013  0.13888889 -0.01543210  0.07716049  0.0010
    1014  0.12345679  0.00000000  0.09259259  0.0010
    1015  0.10802469  0.01543210  0.10802469  0.0010
    1016  0.09259259  0.03086420  0.12345679  0.0010
    1017  0.07716049  0.04629630  0.13888889  0.0010
    1018  0.06172840  0.06172840  0.15432099  0.0010
    1019  0.04629630  0.07716049  0.16975309  0.0010
    1020  0.27777778 -0.15432099 -0.06172840  0.0010
    1021  0.26234568 -0.13888889 -0.04629630  0.0010
    1022  0.24691358 -0.12345679 -0.03086420  0.0010
    1023  0.23148148 -0.10802469 -0.01543210  0.0010
    1024  0.21604938 -0.09259259  0.00000000  0.0010
    1025  0.20061728 -0.07716049  0.01543210  0.0010
    1026  0.18518519 -0.06172840  0.03086420  0.0010
    1027  0.18518519 -0.06172840  0.06172840  0.0010
    1028  0.16975309 -0.04629630  0.07716049  0.0010
    1029  0.15432099 -0.03086420  0.09259259  0.0010
    1030  0.13888889 -0.01543210  0.10802469  0.0010
    1031  0.12345679  0.00000000  0.12345679  0.0010
    1032  0.10802469  0.01543210  0.13888889  0.0010
    1033  0.09259259  0.03086420  0.15432099  0.0010
    1034  0.07716049  0.04629630  0.16975309  0.0010
    1035  0.06172840  0.06172840  0.18518519  0.0010
    1036 -0.04629630 -0.07716049  0.29320988  0.0010
    1037 -0.03086420 -0.09259259  0.27777778  0.0010
    1038 -0.01543210 -0.10802469  0.26234568  0.0010
    1039  0.24691358 -0.12345679  0.00000000  0.0010
    1040  0.23148148 -0.10802469  0.01543210  0.0010
    1041  0.21604938 -0.09259259  0.03086420  0.0010
    1042  0.20061728 -0.07716049  0.04629630  0.0010
    1043  0.04629630 -0.16975309  0.16975309  0.0010
    1044  0.06172840 -0.18518519  0.15432099  0.0010
    1045  0.07716049 -0.20061728  0.13888889  0.0010
    1046 -0.09259259  0.21604938 -0.12345679  0.0010
    1047 -0.10802469  0.23148148 -0.10802469  0.0010
    1048 -0.12345679  0.24691358 -0.09259259  0.0010
    1049 -0.13888889  0.26234568 -0.07716049  0.0010
    1050 -0.15432099  0.27777778 -0.06172840  0.0010
    1051 -0.07716049 -0.04629630  0.29320988  0.0010
    1052 -0.06172840 -0.06172840  0.27777778  0.0010
    1053 -0.04629630 -0.07716049  0.26234568  0.0010
    1054 -0.03086420 -0.09259259  0.24691358  0.0010
    1055 -0.01543210 -0.10802469  0.23148148  0.0010
    1056  0.00000000 -0.12345679  0.21604938  0.0010
    1057  0.01543210 -0.13888889  0.20061728  0.0010
    1058  0.03086420 -0.15432099  0.18518519  0.0010
    1059  0.03086420 -0.15432099  0.15432099  0.0010
    1060  0.04629630 -0.16975309  0.13888889  0.0010
    1061  0.06172840 -0.18518519  0.12345679  0.0010
    1062 -0.07716049  0.20061728 -0.10802469  0.0010
    1063 -0.09259259  0.21604938 -0.09259259  0.0010
    1064 -0.10802469  0.23148148 -0.07716049  0.0010
    1065 -0.12345679  0.24691358 -0.06172840  0.0010
    1066 -0.13888889  0.26234568 -0.04629630  0.0010
    1067 -0.09259259 -0.03086420  0.27777778  0.0010
    1068 -0.07716049 -0.04629630  0.26234568  0.0010
    1069 -0.06172840 -0.06172840  0.24691358  0.0010
    1070 -0.04629630 -0.07716049  0.23148148  0.0010
    1071 -0.03086420 -0.09259259  0.21604938  0.0010
    1072 -0.01543210 -0.10802469  0.20061728  0.0010
    1073  0.00000000 -0.12345679  0.18518519  0.0010
    1074  0.01543210 -0.13888889  0.16975309  0.0010
    1075  0.01543210 -0.13888889  0.13888889  0.0010
    1076  0.03086420 -0.15432099  0.12345679  0.0010
    1077 -0.04629630  0.16975309 -0.10802469  0.0010
    1078 -0.06172840  0.18518519 -0.09259259  0.0010
    1079 -0.07716049  0.20061728 -0.07716049  0.0010
    1080 -0.09259259  0.21604938 -0.06172840  0.0010
    1081 -0.10802469  0.23148148 -0.04629630  0.0010
    1082 -0.12345679  0.24691358 -0.03086420  0.0010
    1083 -0.10802469 -0.01543210  0.26234568  0.0010
    1084 -0.09259259 -0.03086420  0.24691358  0.0010
    1085 -0.07716049 -0.04629630  0.23148148  0.0010
    1086 -0.06172840 -0.06172840  0.21604938  0.0010
    1087 -0.04629630 -0.07716049  0.20061728  0.0010
    1088 -0.03086420 -0.09259259  0.18518519  0.0010
    1089 -0.01543210 -0.10802469  0.16975309  0.0010
    1090  0.00000000 -0.12345679  0.15432099  0.0010
    1091  0.00000000  0.12345679 -0.12345679  0.0010
    1092 -0.01543210  0.13888889 -0.10802469  0.0010
    1093 -0.03086420  0.15432099 -0.09259259  0.0010
    1094 -0.04629630  0.16975309 -0.07716049  0.0010
    1095 -0.06172840  0.18518519 -0.06172840  0.0010
    1096 -0.07716049  0.20061728 -0.04629630  0.0010
    1097 -0.09259259  0.21604938 -0.03086420  0.0010
    1098 -0.10802469  0.23148148 -0.01543210  0.0010
    1099 -0.12345679  0.24691358  0.00000000  0.0010
    1100 -0.10802469 -0.01543210  0.23148148  0.0010
    1101 -0.09259259 -0.03086420  0.21604938  0.0010
    1102 -0.07716049 -0.04629630  0.20061728  0.0010
    1103 -0.06172840 -0.06172840  0.18518519  0.0010
    1104 -0.04629630 -0.07716049  0.16975309  0.0010
    1105 -0.03086420 -0.09259259  0.15432099  0.0010
    1106 -0.01543210 -0.10802469  0.13888889  0.0010
    1107  0.01543210  0.10802469 -0.10802469  0.0010
    1108  0.00000000  0.12345679 -0.09259259  0.0010
    1109 -0.01543210  0.13888889 -0.07716049  0.0010
    1110 -0.03086420  0.15432099 -0.06172840  0.0010
    1111 -0.04629630  0.16975309 -0.04629630  0.0010
    1112 -0.06172840  0.18518519 -0.03086420  0.0010
    1113 -0.07716049  0.20061728 -0.01543210  0.0010
    1114 -0.09259259  0.21604938  0.00000000  0.0010
    1115 -0.10802469  0.23148148  0.01543210  0.0010
    1116 -0.12345679  0.00000000  0.21604938  0.0010
    1117 -0.10802469 -0.01543210  0.20061728  0.0010
    1118 -0.09259259 -0.03086420  0.18518519  0.0010
    1119 -0.07716049 -0.04629630  0.16975309  0.0010
    1120 -0.06172840 -0.06172840  0.15432099  0.0010
    1121 -0.04629630 -0.07716049  0.13888889  0.0010
    1122  0.03086420  0.09259259 -0.12345679  0.0010
    1123  0.03086420  0.09259259 -0.09259259  0.0010
    1124  0.01543210  0.10802469 -0.07716049  0.0010
    1125  0.00000000  0.12345679 -0.06172840  0.0010
    1126 -0.01543210  0.13888889 -0.04629630  0.0010
    1127 -0.03086420  0.15432099 -0.03086420  0.0010
    1128 -0.04629630  0.16975309 -0.01543210  0.0010
    1129 -0.06172840  0.18518519  0.00000000  0.0010
    1130 -0.07716049  0.20061728  0.01543210  0.0010
    1131 -0.09259259  0.21604938  0.03086420  0.0010
    1132 -0.13888889  0.01543210  0.20061728  0.0010
    1133 -0.12345679  0.00000000  0.18518519  0.0010
    1134 -0.10802469 -0.01543210  0.16975309  0.0010
    1135 -0.09259259 -0.03086420  0.15432099  0.0010
    1136 -0.07716049 -0.04629630  0.13888889  0.0010
    1137  0.06172840  0.06172840 -0.12345679  0.0010
    1138  0.04629630  0.07716049 -0.10802469  0.0010
    1139  0.04629630  0.07716049 -0.07716049  0.0010
    1140  0.03086420  0.09259259 -0.06172840  0.0010
    1141  0.01543210  0.10802469 -0.04629630  0.0010
    1142  0.00000000  0.12345679 -0.03086420  0.0010
    1143 -0.01543210  0.13888889 -0.01543210  0.0010
    1144 -0.03086420  0.15432099  0.00000000  0.0010
    1145 -0.04629630  0.16975309  0.01543210  0.0010
    1146 -0.06172840  0.18518519  0.03086420  0.0010
    1147 -0.07716049  0.20061728  0.04629630  0.0010
    1148 -0.15432099  0.03086420  0.18518519  0.0010
    1149 -0.13888889  0.01543210  0.16975309  0.0010
    1150 -0.12345679  0.00000000  0.15432099  0.0010
    1151 -0.10802469 -0.01543210  0.13888889  0.0010
    1152  0.09259259  0.03086420 -0.12345679  0.0010
    1153  0.07716049  0.04629630 -0.10802469  0.0010
    1154  0.06172840  0.06172840 -0.09259259  0.0010
    1155  0.07716049  0.07716049 -0.07716049  0.0010
    1156  0.06172840  0.09259259 -0.06172840  0.0010
    1157  0.04629630  0.10802469 -0.04629630  0.0010
    1158  0.03086420  0.12345679 -0.03086420  0.0010
    1159  0.01543210  0.13888889 -0.01543210  0.0010
    1160  0.00000000  0.15432099  0.00000000  0.0010
    1161 -0.01543210  0.16975309  0.01543210  0.0010
    1162 -0.03086420  0.18518519  0.03086420  0.0010
    1163 -0.04629630  0.20061728  0.04629630  0.0010
    1164 -0.18518519  0.03086420  0.18518519  0.0010
    1165 -0.16975309  0.01543210  0.16975309  0.0010
    1166  0.15432099  0.00000000 -0.15432099  0.0010
    1167  0.13888889  0.01543210 -0.13888889  0.0010
    1168  0.12345679  0.03086420 -0.12345679  0.0010
    1169  0.10802469  0.04629630 -0.10802469  0.0010
    1170  0.09259259  0.06172840 -0.09259259  0.0010
    1171  0.09259259  0.06172840 -0.06172840  0.0010
    1172  0.07716049  0.07716049 -0.04629630  0.0010
    1173  0.06172840  0.09259259 -0.03086420  0.0010
    1174  0.04629630  0.10802469 -0.01543210  0.0010
    1175  0.03086420  0.12345679  0.00000000  0.0010
    1176  0.01543210  0.13888889  0.01543210  0.0010
    1177  0.00000000  0.15432099  0.03086420  0.0010
    1178 -0.01543210  0.16975309  0.04629630  0.0010
    1179 -0.03086420  0.18518519  0.06172840  0.0010
    1180 -0.20061728  0.04629630  0.16975309  0.0010
    1181  0.18518519 -0.03086420 -0.15432099  0.0010
    1182  0.16975309 -0.01543210 -0.13888889  0.0010
    1183  0.15432099  0.00000000 -0.12345679  0.0010
    1184  0.13888889  0.01543210 -0.10802469  0.0010
    1185  0.12345679  0.03086420 -0.09259259  0.0010
    1186  0.10802469  0.04629630 -0.07716049  0.0010
    1187  0.10802469  0.04629630 -0.04629630  0.0010
    1188  0.09259259  0.06172840 -0.03086420  0.0010
    1189  0.07716049  0.07716049 -0.01543210  0.0010
    1190  0.06172840  0.09259259  0.00000000  0.0010
    1191  0.04629630  0.10802469  0.01543210  0.0010
    1192  0.03086420  0.12345679  0.03086420  0.0010
    1193  0.01543210  0.13888889  0.04629630  0.0010
    1194  0.00000000  0.15432099  0.06172840  0.0010
    1195 -0.01543210  0.16975309  0.07716049  0.0010
    1196  0.21604938 -0.06172840 -0.15432099  0.0010
    1197  0.20061728 -0.04629630 -0.13888889  0.0010
    1198  0.18518519 -0.03086420 -0.12345679  0.0010
    1199  0.16975309 -0.01543210 -0.10802469  0.0010
    1200  0.15432099  0.00000000 -0.09259259  0.0010
    1201  0.13888889  0.01543210 -0.07716049  0.0010
    1202  0.12345679  0.03086420 -0.06172840  0.0010
    1203  0.12345679  0.03086420 -0.03086420  0.0010
    1204  0.10802469  0.04629630 -0.01543210  0.0010
    1205  0.09259259  0.06172840  0.00000000  0.0010
    1206  0.07716049  0.07716049  0.01543210  0.0010
    1207  0.06172840  0.09259259  0.03086420  0.0010
    1208  0.04629630  0.10802469  0.04629630  0.0010
    1209  0.03086420  0.12345679  0.06172840  0.0010
    1210  0.01543210  0.13888889  0.07716049  0.0010
    1211  0.00000000  0.15432099  0.09259259  0.0010
    1212  0.23148148 -0.07716049 -0.13888889  0.0010
    1213  0.21604938 -0.06172840 -0.12345679  0.0010
    1214  0.20061728 -0.04629630 -0.10802469  0.0010
    1215  0.18518519 -0.03086420 -0.09259259  0.0010
    1216  0.16975309 -0.01543210 -0.07716049  0.0010
    1217  0.15432099  0.00000000 -0.06172840  0.0010
    1218  0.13888889  0.01543210 -0.04629630  0.0010
    1219  0.13888889  0.01543210 -0.01543210  0.0010
    1220  0.12345679  0.03086420  0.00000000  0.0010
    1221  0.10802469  0.04629630  0.01543210  0.0010
    1222  0.09259259  0.06172840  0.03086420  0.0010
    1223  0.07716049  0.07716049  0.04629630  0.0010
    1224  0.06172840  0.09259259  0.06172840  0.0010
    1225  0.04629630  0.10802469  0.07716049  0.0010
    1226  0.03086420  0.12345679  0.09259259  0.0010
    1227  0.01543210  0.13888889  0.10802469  0.0010
    1228  0.24691358 -0.09259259 -0.12345679  0.0010
    1229  0.23148148 -0.07716049 -0.10802469  0.0010
    1230  0.21604938 -0.06172840 -0.09259259  0.0010
    1231  0.20061728 -0.04629630 -0.07716049  0.0010
    1232  0.18518519 -0.03086420 -0.06172840  0.0010
    1233  0.16975309 -0.01543210 -0.04629630  0.0010
    1234  0.15432099  0.00000000 -0.03086420  0.0010
    1235  0.15432099  0.00000000  0.00000000  0.0010
    1236  0.13888889  0.01543210  0.01543210  0.0010
    1237  0.12345679  0.03086420  0.03086420  0.0010
    1238  0.10802469  0.04629630  0.04629630  0.0010
    1239  0.09259259  0.06172840  0.06172840  0.0010
    1240  0.07716049  0.07716049  0.07716049  0.0010
    1241  0.06172840  0.09259259  0.09259259  0.0010
    1242  0.04629630  0.10802469  0.10802469  0.0010
    1243  0.03086420  0.12345679  0.12345679  0.0010
    1244  0.26234568 -0.10802469 -0.10802469  0.0010
    1245  0.24691358 -0.09259259 -0.09259259  0.0010
    1246  0.23148148 -0.07716049 -0.07716049  0.0010
    1247  0.21604938 -0.06172840 -0.06172840  0.0010
    1248  0.20061728 -0.04629630 -0.04629630  0.0010
    1249  0.18518519 -0.03086420 -0.03086420  0.0010
    1250  0.16975309 -0.01543210 -0.01543210  0.0010
    1251  0.16975309 -0.01543210  0.01543210  0.0010
    1252  0.15432099  0.00000000  0.03086420  0.0010
    1253  0.13888889  0.01543210  0.04629630  0.0010
    1254  0.12345679  0.03086420  0.06172840  0.0010
    1255  0.10802469  0.04629630  0.07716049  0.0010
    1256  0.09259259  0.06172840  0.09259259  0.0010
    1257  0.07716049  0.07716049  0.10802469  0.0010
    1258  0.06172840  0.09259259  0.12345679  0.0010
    1259  0.04629630  0.10802469  0.13888889  0.0010
    1260  0.27777778 -0.12345679 -0.09259259  0.0010
    1261  0.26234568 -0.10802469 -0.07716049  0.0010
    1262  0.24691358 -0.09259259 -0.06172840  0.0010
    1263  0.23148148 -0.07716049 -0.04629630  0.0010
    1264  0.21604938 -0.06172840 -0.03086420  0.0010
    1265  0.20061728 -0.04629630 -0.01543210  0.0010
    1266  0.18518519 -0.03086420  0.00000000  0.0010
    1267  0.18518519 -0.03086420  0.03086420  0.0010
    1268  0.16975309 -0.01543210  0.04629630  0.0010
    1269  0.15432099  0.00000000  0.06172840  0.0010
    1270  0.13888889  0.01543210  0.07716049  0.0010
    1271  0.12345679  0.03086420  0.09259259  0.0010
    1272  0.10802469  0.04629630  0.10802469  0.0010
    1273  0.09259259  0.06172840  0.12345679  0.0010
    1274  0.07716049  0.07716049  0.13888889  0.0010
    1275  0.06172840  0.09259259  0.15432099  0.0010
    1276  0.29320988 -0.13888889 -0.07716049  0.0010
    1277  0.27777778 -0.12345679 -0.06172840  0.0010
    1278  0.26234568 -0.10802469 -0.04629630  0.0010
    1279  0.24691358 -0.09259259 -0.03086420  0.0010
    1280  0.23148148 -0.07716049 -0.01543210  0.0010
    1281  0.21604938 -0.06172840  0.00000000  0.0010
    1282  0.20061728 -0.04629630  0.01543210  0.0010
    1283  0.20061728 -0.04629630  0.04629630  0.0010
    1284  0.18518519 -0.03086420  0.06172840  0.0010
    1285  0.16975309 -0.01543210  0.07716049  0.0010
    1286  0.15432099  0.00000000  0.09259259  0.0010
    1287  0.13888889  0.01543210  0.10802469  0.0010
    1288  0.12345679  0.03086420  0.12345679  0.0010
    1289  0.10802469  0.04629630  0.13888889  0.0010
    1290  0.09259259  0.06172840  0.15432099  0.0010
    1291  0.07716049  0.07716049  0.16975309  0.0010
    1292 -0.06172840 -0.09259259  0.30864198  0.0010
    1293 -0.04629630 -0.10802469  0.29320988  0.0010
    1294  0.27777778 -0.12345679 -0.03086420  0.0010
    1295  0.26234568 -0.10802469 -0.01543210  0.0010
    1296  0.24691358 -0.09259259  0.00000000  0.0010
    1297  0.23148148 -0.07716049  0.01543210  0.0010
    1298  0.21604938 -0.06172840  0.03086420  0.0010
    1299  0.03086420 -0.18518519  0.18518519  0.0010
    1300  0.04629630 -0.20061728  0.16975309  0.0010
    1301 -0.06172840  0.21604938 -0.15432099  0.0010
    1302 -0.07716049  0.23148148 -0.13888889  0.0010
    1303 -0.09259259  0.24691358 -0.12345679  0.0010
    1304 -0.10802469  0.26234568 -0.10802469  0.0010
    1305 -0.12345679  0.27777778 -0.09259259  0.0010
    1306 -0.13888889  0.29320988 -0.07716049  0.0010
    1307 -0.09259259 -0.06172840  0.30864198  0.0010
    1308 -0.07716049 -0.07716049  0.29320988  0.0010
    1309 -0.06172840 -0.09259259  0.27777778  0.0010
    1310 -0.04629630 -0.10802469  0.26234568  0.0010
    1311 -0.03086420 -0.12345679  0.24691358  0.0010
    1312 -0.01543210 -0.13888889  0.23148148  0.0010
    1313  0.00000000 -0.15432099  0.21604938  0.0010
    1314  0.01543210 -0.16975309  0.20061728  0.0010
    1315  0.01543210 -0.16975309  0.16975309  0.0010
    1316 -0.03086420  0.18518519 -0.15432099  0.0010
    1317 -0.04629630  0.20061728 -0.13888889  0.0010
    1318 -0.06172840  0.21604938 -0.12345679  0.0010
    1319 -0.07716049  0.23148148 -0.10802469  0.0010
    1320 -0.09259259  0.24691358 -0.09259259  0.0010
    1321 -0.10802469  0.26234568 -0.07716049  0.0010
    1322 -0.12345679  0.27777778 -0.06172840  0.0010
    1323 -0.10802469 -0.04629630  0.29320988  0.0010
    1324 -0.09259259 -0.06172840  0.27777778  0.0010
    1325 -0.07716049 -0.07716049  0.26234568  0.0010
    1326 -0.06172840 -0.09259259  0.24691358  0.0010
    1327 -0.04629630 -0.10802469  0.23148148  0.0010
    1328 -0.03086420 -0.12345679  0.21604938  0.0010
    1329 -0.01543210 -0.13888889  0.20061728  0.0010
    1330  0.00000000 -0.15432099  0.18518519  0.0010
    1331  0.00000000  0.15432099 -0.15432099  0.0010
    1332 -0.01543210  0.16975309 -0.13888889  0.0010
    1333 -0.03086420  0.18518519 -0.12345679  0.0010
    1334 -0.04629630  0.20061728 -0.10802469  0.0010
    1335 -0.06172840  0.21604938 -0.09259259  0.0010
    1336 -0.07716049  0.23148148 -0.07716049  0.0010
    1337 -0.09259259  0.24691358 -0.06172840  0.0010
    1338 -0.10802469  0.26234568 -0.04629630  0.0010
    1339 -0.12345679 -0.03086420  0.27777778  0.0010
    1340 -0.10802469 -0.04629630  0.26234568  0.0010
    1341 -0.09259259 -0.06172840  0.24691358  0.0010
    1342 -0.07716049 -0.07716049  0.23148148  0.0010
    1343 -0.06172840 -0.09259259  0.21604938  0.0010
    1344 -0.04629630 -0.10802469  0.20061728  0.0010
    1345 -0.03086420 -0.12345679  0.18518519  0.0010
    1346 -0.01543210 -0.13888889  0.16975309  0.0010
    1347  0.01543210  0.13888889 -0.13888889  0.0010
    1348  0.00000000  0.15432099 -0.12345679  0.0010
    1349 -0.01543210  0.16975309 -0.10802469  0.0010
    1350 -0.03086420  0.18518519 -0.09259259  0.0010
    1351 -0.04629630  0.20061728 -0.07716049  0.0010
    1352 -0.06172840  0.21604938 -0.06172840  0.0010
    1353 -0.07716049  0.23148148 -0.04629630  0.0010
    1354 -0.09259259  0.24691358 -0.03086420  0.0010
    1355 -0.10802469  0.26234568 -0.01543210  0.0010
    1356 -0.12345679 -0.03086420  0.24691358  0.0010
    1357 -0.10802469 -0.04629630  0.23148148  0.0010
    1358 -0.09259259 -0.06172840  0.21604938  0.0010
    1359 -0.07716049 -0.07716049  0.20061728  0.0010
    1360 -0.06172840 -0.09259259  0.18518519  0.0010
    1361 -0.04629630 -0.10802469  0.16975309  0.0010
    1362  0.03086420  0.12345679 -0.15432099  0.0010
    1363  0.03086420  0.12345679 -0.12345679  0.0010
    1364  0.01543210  0.13888889 -0.10802469  0.0010
    1365  0.00000000  0.15432099 -0.09259259  0.0010
    1366 -0.01543210  0.16975309 -0.07716049  0.0010
    1367 -0.03086420  0.18518519 -0.06172840  0.0010
    1368 -0.04629630  0.20061728 -0.04629630  0.0010
    1369 -0.06172840  0.21604938 -0.03086420  0.0010
    1370 -0.07716049  0.23148148 -0.01543210  0.0010
    1371 -0.09259259  0.24691358  0.00000000  0.0010
    1372 -0.13888889 -0.01543210  0.23148148  0.0010
    1373 -0.12345679 -0.03086420  0.21604938  0.0010
    1374 -0.10802469 -0.04629630  0.20061728  0.0010
    1375 -0.09259259 -0.06172840  0.18518519  0.0010
    1376 -0.07716049 -0.07716049  0.16975309  0.0010
    1377  0.06172840  0.09259259 -0.15432099  0.0010
    1378  0.04629630  0.10802469 -0.13888889  0.0010
    1379  0.04629630  0.10802469 -0.10802469  0.0010
    1380  0.03086420  0.12345679 -0.09259259  0.0010
    1381  0.01543210  0.13888889 -0.07716049  0.0010
    1382  0.00000000  0.15432099 -0.06172840  0.0010
    1383 -0.01543210  0.16975309 -0.04629630  0.0010
    1384 -0.03086420  0.18518519 -0.03086420  0.0010
    1385 -0.04629630  0.20061728 -0.01543210  0.0010
    1386 -0.06172840  0.21604938  0.00000000  0.0010
    1387 -0.07716049  0.23148148  0.01543210  0.0010
    1388 -0.15432099  0.00000000  0.21604938  0.0010
    1389 -0.13888889 -0.01543210  0.20061728  0.0010
    1390 -0.12345679 -0.03086420  0.18518519  0.0010
    1391 -0.10802469 -0.04629630  0.16975309  0.0010
    1392  0.09259259  0.06172840 -0.15432099  0.0010
    1393  0.07716049  0.07716049 -0.13888889  0.0010
    1394  0.06172840  0.09259259 -0.12345679  0.0010
    1395  0.06172840  0.09259259 -0.09259259  0.0010
    1396  0.04629630  0.10802469 -0.07716049  0.0010
    1397  0.03086420  0.12345679 -0.06172840  0.0010
    1398  0.01543210  0.13888889 -0.04629630  0.0010
    1399  0.00000000  0.15432099 -0.03086420  0.0010
    1400 -0.01543210  0.16975309 -0.01543210  0.0010
    1401 -0.03086420  0.18518519  0.00000000  0.0010
    1402 -0.04629630  0.20061728  0.01543210  0.0010
    1403 -0.06172840  0.21604938  0.03086420  0.0010
    1404 -0.16975309  0.01543210  0.20061728  0.0010
    1405 -0.15432099  0.00000000  0.18518519  0.0010
    1406 -0.13888889 -0.01543210  0.16975309  0.0010
    1407  0.12345679  0.03086420 -0.15432099  0.0010
    1408  0.10802469  0.04629630 -0.13888889  0.0010
    1409  0.09259259  0.06172840 -0.12345679  0.0010
    1410  0.07716049  0.07716049 -0.10802469  0.0010
    1411  0.09259259  0.09259259 -0.09259259  0.0010
    1412  0.07716049  0.10802469 -0.07716049  0.0010
    1413  0.06172840  0.12345679 -0.06172840  0.0010
    1414  0.04629630  0.13888889 -0.04629630  0.0010
    1415  0.03086420  0.15432099 -0.03086420  0.0010
    1416  0.01543210  0.16975309 -0.01543210  0.0010
    1417  0.00000000  0.18518519  0.00000000  0.0010
    1418 -0.01543210  0.20061728  0.01543210  0.0010
    1419 -0.03086420  0.21604938  0.03086420  0.0010
    1420 -0.20061728  0.01543210  0.20061728  0.0010
    1421  0.18518519  0.00000000 -0.18518519  0.0010
    1422  0.16975309  0.01543210 -0.16975309  0.0010
    1423  0.15432099  0.03086420 -0.15432099  0.0010
    1424  0.13888889  0.04629630 -0.13888889  0.0010
    1425  0.12345679  0.06172840 -0.12345679  0.0010
    1426  0.10802469  0.07716049 -0.10802469  0.0010
    1427  0.10802469  0.07716049 -0.07716049  0.0010
    1428  0.09259259  0.09259259 -0.06172840  0.0010
    1429  0.07716049  0.10802469 -0.04629630  0.0010
    1430  0.06172840  0.12345679 -0.03086420  0.0010
    1431  0.04629630  0.13888889 -0.01543210  0.0010
    1432  0.03086420  0.15432099  0.00000000  0.0010
    1433  0.01543210  0.16975309  0.01543210  0.0010
    1434  0.00000000  0.18518519  0.03086420  0.0010
    1435 -0.01543210  0.20061728  0.04629630  0.0010
    1436  0.21604938 -0.03086420 -0.18518519  0.0010
    1437  0.20061728 -0.01543210 -0.16975309  0.0010
    1438  0.18518519  0.00000000 -0.15432099  0.0010
    1439  0.16975309  0.01543210 -0.13888889  0.0010
    1440  0.15432099  0.03086420 -0.12345679  0.0010
    1441  0.13888889  0.04629630 -0.10802469  0.0010
    1442  0.12345679  0.06172840 -0.09259259  0.0010
    1443  0.12345679  0.06172840 -0.06172840  0.0010
    1444  0.10802469  0.07716049 -0.04629630  0.0010
    1445  0.09259259  0.09259259 -0.03086420  0.0010
    1446  0.07716049  0.10802469 -0.01543210  0.0010
    1447  0.06172840  0.12345679  0.00000000  0.0010
    1448  0.04629630  0.13888889  0.01543210  0.0010
    1449  0.03086420  0.15432099  0.03086420  0.0010
    1450  0.01543210  0.16975309  0.04629630  0.0010
    1451  0.00000000  0.18518519  0.06172840  0.0010
    1452  0.23148148 -0.04629630 -0.16975309  0.0010
    1453  0.21604938 -0.03086420 -0.15432099  0.0010
    1454  0.20061728 -0.01543210 -0.13888889  0.0010
    1455  0.18518519  0.00000000 -0.12345679  0.0010
    1456  0.16975309  0.01543210 -0.10802469  0.0010
    1457  0.15432099  0.03086420 -0.09259259  0.0010
    1458  0.13888889  0.04629630 -0.07716049  0.0010
    1459  0.13888889  0.04629630 -0.04629630  0.0010
    1460  0.12345679  0.06172840 -0.03086420  0.0010
    1461  0.10802469  0.07716049 -0.01543210  0.0010
    1462  0.09259259  0.09259259  0.00000000  0.0010
    1463  0.07716049  0.10802469  0.01543210  0.0010
    1464  0.06172840  0.12345679  0.03086420  0.0010
    1465  0.04629630  0.13888889  0.04629630  0.0010
    1466  0.03086420  0.15432099  0.06172840  0.0010
    1467  0.01543210  0.16975309  0.07716049  0.0010
    1468  0.24691358 -0.06172840 -0.15432099  0.0010
    1469  0.23148148 -0.04629630 -0.13888889  0.0010
    1470  0.21604938 -0.03086420 -0.12345679  0.0010
    1471  0.20061728 -0.01543210 -0.10802469  0.0010
    1472  0.18518519  0.00000000 -0.09259259  0.0010
    1473  0.16975309  0.01543210 -0.07716049  0.0010
    1474  0.15432099  0.03086420 -0.06172840  0.0010
    1475  0.15432099  0.03086420 -0.03086420  0.0010
    1476  0.13888889  0.04629630 -0.01543210  0.0010
    1477  0.12345679  0.06172840  0.00000000  0.0010
    1478  0.10802469  0.07716049  0.01543210  0.0010
    1479  0.09259259  0.09259259  0.03086420  0.0010
    1480  0.07716049  0.10802469  0.04629630  0.0010
    1481  0.06172840  0.12345679  0.06172840  0.0010
    1482  0.04629630  0.13888889  0.07716049  0.0010
    1483  0.03086420  0.15432099  0.09259259  0.0010
    1484  0.26234568 -0.07716049 -0.13888889  0.0010
    1485  0.24691358 -0.06172840 -0.12345679  0.0010
    1486  0.23148148 -0.04629630 -0.10802469  0.0010
    1487  0.21604938 -0.03086420 -0.09259259  0.0010
    1488  0.20061728 -0.01543210 -0.07716049  0.0010
    1489  0.18518519  0.00000000 -0.06172840  0.0010
    1490  0.16975309  0.01543210 -0.04629630  0.0010
    1491  0.16975309  0.01543210 -0.01543210  0.0010
    1492  0.15432099  0.03086420  0.00000000  0.0010
    1493  0.13888889  0.04629630  0.01543210  0.0010
    1494  0.12345679  0.06172840  0.03086420  0.0010
    1495  0.10802469  0.07716049  0.04629630  0.0010
    1496  0.09259259  0.09259259  0.06172840  0.0010
    1497  0.07716049  0.10802469  0.07716049  0.0010
    1498  0.06172840  0.12345679  0.09259259  0.0010
    1499  0.04629630  0.13888889  0.10802469  0.0010
    1500  0.27777778 -0.09259259 -0.12345679  0.0010
    1501  0.26234568 -0.07716049 -0.10802469  0.0010
    1502  0.24691358 -0.06172840 -0.09259259  0.0010
    1503  0.23148148 -0.04629630 -0.07716049  0.0010
    1504  0.21604938 -0.03086420 -0.06172840  0.0010
    1505  0.20061728 -0.01543210 -0.04629630  0.0010
    1506  0.18518519  0.00000000 -0.03086420  0.0010
    1507  0.18518519  0.00000000  0.00000000  0.0010
    1508  0.16975309  0.01543210  0.01543210  0.0010
    1509  0.15432099  0.03086420  0.03086420  0.0010
    1510  0.13888889  0.04629630  0.04629630  0.0010
    1511  0.12345679  0.06172840  0.06172840  0.0010
    1512  0.10802469  0.07716049  0.07716049  0.0010
    1513  0.09259259  0.09259259  0.09259259  0.0010
    1514  0.07716049  0.10802469  0.10802469  0.0010
    1515  0.06172840  0.12345679  0.12345679  0.0010
    1516  0.29320988 -0.10802469 -0.10802469  0.0010
    1517  0.27777778 -0.09259259 -0.09259259  0.0010
    1518  0.26234568 -0.07716049 -0.07716049  0.0010
    1519  0.24691358 -0.06172840 -0.06172840  0.0010
    1520  0.23148148 -0.04629630 -0.04629630  0.0010
    1521  0.21604938 -0.03086420 -0.03086420  0.0010
    1522  0.20061728 -0.01543210 -0.01543210  0.0010
    1523  0.20061728 -0.01543210  0.01543210  0.0010
    1524  0.18518519  0.00000000  0.03086420  0.0010
    1525  0.16975309  0.01543210  0.04629630  0.0010
    1526  0.15432099  0.03086420  0.06172840  0.0010
    1527  0.13888889  0.04629630  0.07716049  0.0010
    1528  0.12345679  0.06172840  0.09259259  0.0010
    1529  0.10802469  0.07716049  0.10802469  0.0010
    1530  0.09259259  0.09259259  0.12345679  0.0010
    1531  0.07716049  0.10802469  0.13888889  0.0010
    1532  0.30864198 -0.12345679 -0.09259259  0.0010
    1533  0.29320988 -0.10802469 -0.07716049  0.0010
    1534  0.27777778 -0.09259259 -0.06172840  0.0010
    1535  0.26234568 -0.07716049 -0.04629630  0.0010
    1536  0.24691358 -0.06172840 -0.03086420  0.0010
    1537  0.23148148 -0.04629630 -0.01543210  0.0010
    1538  0.21604938 -0.03086420  0.00000000  0.0010
    1539  0.21604938 -0.03086420  0.03086420  0.0010
    1540  0.20061728 -0.01543210  0.04629630  0.0010
    1541  0.18518519  0.00000000  0.06172840  0.0010
    1542  0.16975309  0.01543210  0.07716049  0.0010
    1543  0.15432099  0.03086420  0.09259259  0.0010
    1544  0.13888889  0.04629630  0.10802469  0.0010
    1545  0.12345679  0.06172840  0.12345679  0.0010
    1546  0.10802469  0.07716049  0.13888889  0.0010
    1547  0.09259259  0.09259259  0.15432099  0.0010
    1548 -0.07716049 -0.10802469  0.32407407  0.0010
    1549  0.30864198 -0.12345679 -0.06172840  0.0010
    1550  0.29320988 -0.10802469 -0.04629630  0.0010
    1551  0.27777778 -0.09259259 -0.03086420  0.0010
    1552  0.26234568 -0.07716049 -0.01543210  0.0010
    1553  0.24691358 -0.06172840  0.00000000  0.0010
    1554  0.23148148 -0.04629630  0.01543210  0.0010
    1555  0.01543210 -0.20061728  0.20061728  0.0010
    1556 -0.03086420  0.21604938 -0.18518519  0.0010
    1557 -0.04629630  0.23148148 -0.16975309  0.0010
    1558 -0.06172840  0.24691358 -0.15432099  0.0010
    1559 -0.07716049  0.26234568 -0.13888889  0.0010
    1560 -0.09259259  0.27777778 -0.12345679  0.0010
    1561 -0.10802469  0.29320988 -0.10802469  0.0010
    1562 -0.12345679  0.30864198 -0.09259259  0.0010
    1563 -0.10802469 -0.07716049  0.32407407  0.0010
    1564 -0.09259259 -0.09259259  0.30864198  0.0010
    1565 -0.07716049 -0.10802469  0.29320988  0.0010
    1566 -0.06172840 -0.12345679  0.27777778  0.0010
    1567 -0.04629630 -0.13888889  0.26234568  0.0010
    1568 -0.03086420 -0.15432099  0.24691358  0.0010
    1569 -0.01543210 -0.16975309  0.23148148  0.0010
    1570  0.00000000 -0.18518519  0.21604938  0.0010
    1571  0.00000000  0.18518519 -0.18518519  0.0010
    1572 -0.01543210  0.20061728 -0.16975309  0.0010
    1573 -0.03086420  0.21604938 -0.15432099  0.0010
    1574 -0.04629630  0.23148148 -0.13888889  0.0010
    1575 -0.06172840  0.24691358 -0.12345679  0.0010
    1576 -0.07716049  0.26234568 -0.10802469  0.0010
    1577 -0.09259259  0.27777778 -0.09259259  0.0010
    1578 -0.10802469  0.29320988 -0.07716049  0.0010
    1579 -0.12345679  0.30864198 -0.06172840  0.0010
    1580 -0.10802469 -0.07716049  0.29320988  0.0010
    1581 -0.09259259 -0.09259259  0.27777778  0.0010
    1582 -0.07716049 -0.10802469  0.26234568  0.0010
    1583 -0.06172840 -0.12345679  0.24691358  0.0010
    1584 -0.04629630 -0.13888889  0.23148148  0.0010
    1585 -0.03086420 -0.15432099  0.21604938  0.0010
    1586 -0.01543210 -0.16975309  0.20061728  0.0010
    1587  0.01543210  0.16975309 -0.16975309  0.0010
    1588  0.00000000  0.18518519 -0.15432099  0.0010
    1589 -0.01543210  0.20061728 -0.13888889  0.0010
    1590 -0.03086420  0.21604938 -0.12345679  0.0010
    1591 -0.04629630  0.23148148 -0.10802469  0.0010
    1592 -0.06172840  0.24691358 -0.09259259  0.0010
    1593 -0.07716049  0.26234568 -0.07716049  0.0010
    1594 -0.09259259  0.27777778 -0.06172840  0.0010
    1595 -0.10802469  0.29320988 -0.04629630  0.0010
    1596 -0.12345679 -0.06172840  0.27777778  0.0010
    1597 -0.10802469 -0.07716049  0.26234568  0.0010
    1598 -0.09259259 -0.09259259  0.24691358  0.0010
    1599 -0.07716049 -0.10802469  0.23148148  0.0010
    1600 -0.06172840 -0.12345679  0.21604938  0.0010
    1601 -0.04629630 -0.13888889  0.20061728  0.0010
    1602  0.03086420  0.15432099 -0.18518519  0.0010
    1603  0.03086420  0.15432099 -0.15432099  0.0010
    1604  0.01543210  0.16975309 -0.13888889  0.0010
    1605  0.00000000  0.18518519 -0.12345679  0.0010
    1606 -0.01543210  0.20061728 -0.10802469  0.0010
    1607 -0.03086420  0.21604938 -0.09259259  0.0010
    1608 -0.04629630  0.23148148 -0.07716049  0.0010
    1609 -0.06172840  0.24691358 -0.06172840  0.0010
    1610 -0.07716049  0.26234568 -0.04629630  0.0010
    1611 -0.09259259  0.27777778 -0.03086420  0.0010
    1612 -0.13888889 -0.04629630  0.26234568  0.0010
    1613 -0.12345679 -0.06172840  0.24691358  0.0010
    1614 -0.10802469 -0.07716049  0.23148148  0.0010
    1615 -0.09259259 -0.09259259  0.21604938  0.0010
    1616 -0.07716049 -0.10802469  0.20061728  0.0010
    1617  0.06172840  0.12345679 -0.18518519  0.0010
    1618  0.04629630  0.13888889 -0.16975309  0.0010
    1619  0.04629630  0.13888889 -0.13888889  0.0010
    1620  0.03086420  0.15432099 -0.12345679  0.0010
    1621  0.01543210  0.16975309 -0.10802469  0.0010
    1622  0.00000000  0.18518519 -0.09259259  0.0010
    1623 -0.01543210  0.20061728 -0.07716049  0.0010
    1624 -0.03086420  0.21604938 -0.06172840  0.0010
    1625 -0.04629630  0.23148148 -0.04629630  0.0010
    1626 -0.06172840  0.24691358 -0.03086420  0.0010
    1627 -0.07716049  0.26234568 -0.01543210  0.0010
    1628 -0.15432099 -0.03086420  0.24691358  0.0010
    1629 -0.13888889 -0.04629630  0.23148148  0.0010
    1630 -0.12345679 -0.06172840  0.21604938  0.0010
    1631 -0.10802469 -0.07716049  0.20061728  0.0010
    1632  0.09259259  0.09259259 -0.18518519  0.0010
    1633  0.07716049  0.10802469 -0.16975309  0.0010
    1634  0.06172840  0.12345679 -0.15432099  0.0010
    1635  0.06172840  0.12345679 -0.12345679  0.0010
    1636  0.04629630  0.13888889 -0.10802469  0.0010
    1637  0.03086420  0.15432099 -0.09259259  0.0010
    1638  0.01543210  0.16975309 -0.07716049  0.0010
    1639  0.00000000  0.18518519 -0.06172840  0.0010
    1640 -0.01543210  0.20061728 -0.04629630  0.0010
    1641 -0.03086420  0.21604938 -0.03086420  0.0010
    1642 -0.04629630  0.23148148 -0.01543210  0.0010
    1643 -0.06172840  0.24691358  0.00000000  0.0010
    1644 -0.16975309 -0.01543210  0.23148148  0.0010
    1645 -0.15432099 -0.03086420  0.21604938  0.0010
    1646 -0.13888889 -0.04629630  0.20061728  0.0010
    1647  0.12345679  0.06172840 -0.18518519  0.0010
    1648  0.10802469  0.07716049 -0.16975309  0.0010
    1649  0.09259259  0.09259259 -0.15432099  0.0010
    1650  0.07716049  0.10802469 -0.13888889  0.0010
    1651  0.07716049  0.10802469 -0.10802469  0.0010
    1652  0.06172840  0.12345679 -0.09259259  0.0010
    1653  0.04629630  0.13888889 -0.07716049  0.0010
    1654  0.03086420  0.15432099 -0.06172840  0.0010
    1655  0.01543210  0.16975309 -0.04629630  0.0010
    1656  0.00000000  0.18518519 -0.03086420  0.0010
    1657 -0.01543210  0.20061728 -0.01543210  0.0010
    1658 -0.03086420  0.21604938  0.00000000  0.0010
    1659 -0.04629630  0.23148148  0.01543210  0.0010
    1660 -0.18518519  0.00000000  0.21604938  0.0010
    1661 -0.16975309 -0.01543210  0.20061728  0.0010
    1662  0.15432099  0.03086420 -0.18518519  0.0010
    1663  0.13888889  0.04629630 -0.16975309  0.0010
    1664  0.12345679  0.06172840 -0.15432099  0.0010
    1665  0.10802469  0.07716049 -0.13888889  0.0010
    1666  0.09259259  0.09259259 -0.12345679  0.0010
    1667  0.10802469  0.10802469 -0.10802469  0.0010
    1668  0.09259259  0.12345679 -0.09259259  0.0010
    1669  0.07716049  0.13888889 -0.07716049  0.0010
    1670  0.06172840  0.15432099 -0.06172840  0.0010
    1671  0.04629630  0.16975309 -0.04629630  0.0010
    1672  0.03086420  0.18518519 -0.03086420  0.0010
    1673  0.01543210  0.20061728 -0.01543210  0.0010
    1674  0.00000000  0.21604938  0.00000000  0.0010
    1675 -0.01543210  0.23148148  0.01543210  0.0010
    1676  0.21604938  0.00000000 -0.21604938  0.0010
    1677  0.20061728  0.01543210 -0.20061728  0.0010
    1678  0.18518519  0.03086420 -0.18518519  0.0010
    1679  0.16975309  0.04629630 -0.16975309  0.0010
    1680  0.15432099  0.06172840 -0.15432099  0.0010
    1681  0.13888889  0.07716049 -0.13888889  0.0010
    1682  0.12345679  0.09259259 -0.12345679  0.0010
    1683  0.12345679  0.09259259 -0.09259259  0.0010
    1684  0.10802469  0.10802469 -0.07716049  0.0010
    1685  0.09259259  0.12345679 -0.06172840  0.0010
    1686  0.07716049  0.13888889 -0.04629630  0.0010
    1687  0.06172840  0.15432099 -0.03086420  0.0010
    1688  0.04629630  0.16975309 -0.01543210  0.0010
    1689  0.03086420  0.18518519  0.00000000  0.0010
    1690  0.01543210  0.20061728  0.01543210  0.0010
    1691  0.00000000  0.21604938  0.03086420  0.0010
    1692  0.23148148 -0.01543210 -0.20061728  0.0010
    1693  0.21604938  0.00000000 -0.18518519  0.0010
    1694  0.20061728  0.01543210 -0.16975309  0.0010
    1695  0.18518519  0.03086420 -0.15432099  0.0010
    1696  0.16975309  0.04629630 -0.13888889  0.0010
    1697  0.15432099  0.06172840 -0.12345679  0.0010
    1698  0.13888889  0.07716049 -0.10802469  0.0010
    1699  0.13888889  0.07716049 -0.07716049  0.0010
    1700  0.12345679  0.09259259 -0.06172840  0.0010
    1701  0.10802469  0.10802469 -0.04629630  0.0010
    1702  0.09259259  0.12345679 -0.03086420  0.0010
    1703  0.07716049  0.13888889 -0.01543210  0.0010
    1704  0.06172840  0.15432099  0.00000000  0.0010
    1705  0.04629630  0.16975309  0.01543210  0.0010
    1706  0.03086420  0.18518519  0.03086420  0.0010
    1707  0.01543210  0.20061728  0.04629630  0.0010
    1708  0.24691358 -0.03086420 -0.18518519  0.0010
    1709  0.23148148 -0.01543210 -0.16975309  0.0010
    1710  0.21604938  0.00000000 -0.15432099  0.0010
    1711  0.20061728  0.01543210 -0.13888889  0.0010
    1712  0.18518519  0.03086420 -0.12345679  0.0010
    1713  0.16975309  0.04629630 -0.10802469  0.0010
    1714  0.15432099  0.06172840 -0.09259259  0.0010
    1715  0.15432099  0.06172840 -0.06172840  0.0010
    1716  0.13888889  0.07716049 -0.04629630  0.0010
    1717  0.12345679  0.09259259 -0.03086420  0.0010
    1718  0.10802469  0.10802469 -0.01543210  0.0010
    1719  0.09259259  0.12345679  0.00000000  0.0010
    1720  0.07716049  0.13888889  0.01543210  0.0010
    1721  0.06172840  0.15432099  0.03086420  0.0010
    1722  0.04629630  0.16975309  0.04629630  0.0010
    1723  0.03086420  0.18518519  0.06172840  0.0010
    1724  0.26234568 -0.04629630 -0.16975309  0.0010
    1725  0.24691358 -0.03086420 -0.15432099  0.0010
    1726  0.23148148 -0.01543210 -0.13888889  0.0010
    1727  0.21604938  0.00000000 -0.12345679  0.0010
    1728  0.20061728  0.01543210 -0.10802469  0.0010
    1729  0.18518519  0.03086420 -0.09259259  0.0010
    1730  0.16975309  0.04629630 -0.07716049  0.0010
    1731  0.16975309  0.04629630 -0.04629630  0.0010
    1732  0.15432099  0.06172840 -0.03086420  0.0010
    1733  0.13888889  0.07716049 -0.01543210  0.0010
    1734  0.12345679  0.09259259  0.00000000  0.0010
    1735  0.10802469  0.10802469  0.01543210  0.0010
    1736  0.09259259  0.12345679  0.03086420  0.0010
    1737  0.07716049  0.13888889  0.04629630  0.0010
    1738  0.06172840  0.15432099  0.06172840  0.0010
    1739  0.04629630  0.16975309  0.07716049  0.0010
    1740  0.27777778 -0.06172840 -0.15432099  0.0010
    1741  0.26234568 -0.04629630 -0.13888889  0.0010
    1742  0.24691358 -0.03086420 -0.12345679  0.0010
    1743  0.23148148 -0.01543210 -0.10802469  0.0010
    1744  0.21604938  0.00000000 -0.09259259  0.0010
    1745  0.20061728  0.01543210 -0.07716049  0.0010
    1746  0.18518519  0.03086420 -0.06172840  0.0010
    1747  0.18518519  0.03086420 -0.03086420  0.0010
    1748  0.16975309  0.04629630 -0.01543210  0.0010
    1749  0.15432099  0.06172840  0.00000000  0.0010
    1750  0.13888889  0.07716049  0.01543210  0.0010
    1751  0.12345679  0.09259259  0.03086420  0.0010
    1752  0.10802469  0.10802469  0.04629630  0.0010
    1753  0.09259259  0.12345679  0.06172840  0.0010
    1754  0.07716049  0.13888889  0.07716049  0.0010
    1755  0.06172840  0.15432099  0.09259259  0.0010
    1756  0.29320988 -0.07716049 -0.13888889  0.0010
    1757  0.27777778 -0.06172840 -0.12345679  0.0010
    1758  0.26234568 -0.04629630 -0.10802469  0.0010
    1759  0.24691358 -0.03086420 -0.09259259  0.0010
    1760  0.23148148 -0.01543210 -0.07716049  0.0010
    1761  0.21604938  0.00000000 -0.06172840  0.0010
    1762  0.20061728  0.01543210 -0.04629630  0.0010
    1763  0.20061728  0.01543210 -0.01543210  0.0010
    1764  0.18518519  0.03086420  0.00000000  0.0010
    1765  0.16975309  0.04629630  0.01543210  0.0010
    1766  0.15432099  0.06172840  0.03086420  0.0010
    1767  0.13888889  0.07716049  0.04629630  0.0010
    1768  0.12345679  0.09259259  0.06172840  0.0010
    1769  0.10802469  0.10802469  0.07716049  0.0010
    1770  0.09259259  0.12345679  0.09259259  0.0010
    1771  0.07716049  0.13888889  0.10802469  0.0010
    1772  0.30864198 -0.09259259 -0.12345679  0.0010
    1773  0.29320988 -0.07716049 -0.10802469  0.0010
    1774  0.27777778 -0.06172840 -0.09259259  0.0010
    1775  0.26234568 -0.04629630 -0.07716049  0.0010
    1776  0.24691358 -0.03086420 -0.06172840  0.0010
    1777  0.23148148 -0.01543210 -0.04629630  0.0010
    1778  0.21604938  0.00000000 -0.03086420  0.0010
    1779  0.21604938  0.00000000  0.00000000  0.0010
    1780  0.20061728  0.01543210  0.01543210  0.0010
    1781  0.18518519  0.03086420  0.03086420  0.0010
    1782  0.16975309  0.04629630  0.04629630  0.0010
    1783  0.15432099  0.06172840  0.06172840  0.0010
    1784  0.13888889  0.07716049  0.07716049  0.0010
    1785  0.12345679  0.09259259  0.09259259  0.0010
    1786  0.10802469  0.10802469  0.10802469  0.0010
    1787  0.09259259  0.12345679  0.12345679  0.0010
    1788  0.32407407 -0.10802469 -0.10802469  0.0010
    1789  0.30864198 -0.09259259 -0.09259259  0.0010
    1790  0.29320988 -0.07716049 -0.07716049  0.0010
    1791  0.27777778 -0.06172840 -0.06172840  0.0010
    1792  0.26234568 -0.04629630 -0.04629630  0.0010
    1793  0.24691358 -0.03086420 -0.03086420  0.0010
    1794  0.23148148 -0.01543210 -0.01543210  0.0010
    1795  0.23148148 -0.01543210  0.01543210  0.0010
    1796  0.21604938  0.00000000  0.03086420  0.0010
    1797  0.20061728  0.01543210  0.04629630  0.0010
    1798  0.18518519  0.03086420  0.06172840  0.0010
    1799  0.16975309  0.04629630  0.07716049  0.0010
    1800  0.15432099  0.06172840  0.09259259  0.0010
    1801  0.13888889  0.07716049  0.10802469  0.0010
    1802  0.12345679  0.09259259  0.12345679  0.0010
    1803  0.10802469  0.10802469  0.13888889  0.0010
    1804  0.33950617 -0.12345679 -0.09259259  0.0010
    1805  0.32407407 -0.10802469 -0.07716049  0.0010
    1806  0.30864198 -0.09259259 -0.06172840  0.0010
    1807  0.29320988 -0.07716049 -0.04629630  0.0010
    1808  0.27777778 -0.06172840 -0.03086420  0.0010
    1809  0.26234568 -0.04629630 -0.01543210  0.0010
    1810  0.24691358 -0.03086420  0.00000000  0.0010
    1811  0.00000000  0.21604938 -0.21604938  0.0010
    1812 -0.01543210  0.23148148 -0.20061728  0.0010
    1813 -0.03086420  0.24691358 -0.18518519  0.0010
    1814 -0.04629630  0.26234568 -0.16975309  0.0010
    1815 -0.06172840  0.27777778 -0.15432099  0.0010
    1816 -0.07716049  0.29320988 -0.13888889  0.0010
    1817 -0.09259259  0.30864198 -0.12345679  0.0010
    1818 -0.10802469  0.32407407 -0.10802469  0.0010
    1819 -0.12345679  0.33950617 -0.09259259  0.0010
    1820 -0.10802469 -0.10802469  0.32407407  0.0010
    1821 -0.09259259 -0.12345679  0.30864198  0.0010
    1822 -0.07716049 -0.13888889  0.29320988  0.0010
    1823 -0.06172840 -0.15432099  0.27777778  0.0010
    1824 -0.04629630 -0.16975309  0.26234568  0.0010
    1825 -0.03086420 -0.18518519  0.24691358  0.0010
    1826 -0.01543210 -0.20061728  0.23148148  0.0010
    1827  0.01543210  0.20061728 -0.20061728  0.0010
    1828  0.00000000  0.21604938 -0.18518519  0.0010
    1829 -0.01543210  0.23148148 -0.16975309  0.0010
    1830 -0.03086420  0.24691358 -0.15432099  0.0010
    1831 -0.04629630  0.26234568 -0.13888889  0.0010
    1832 -0.06172840  0.27777778 -0.12345679  0.0010
    1833 -0.07716049  0.29320988 -0.10802469  0.0010
    1834 -0.09259259  0.30864198 -0.09259259  0.0010
    1835 -0.10802469  0.32407407 -0.07716049  0.0010
    1836 -0.12345679 -0.09259259  0.30864198  0.0010
    1837 -0.10802469 -0.10802469  0.29320988  0.0010
    1838 -0.09259259 -0.12345679  0.27777778  0.0010
    1839 -0.07716049 -0.13888889  0.26234568  0.0010
    1840 -0.06172840 -0.15432099  0.24691358  0.0010
    1841 -0.04629630 -0.16975309  0.23148148  0.0010
    1842  0.03086420  0.18518519 -0.21604938  0.0010
    1843  0.03086420  0.18518519 -0.18518519  0.0010
    1844  0.01543210  0.20061728 -0.16975309  0.0010
    1845  0.00000000  0.21604938 -0.15432099  0.0010
    1846 -0.01543210  0.23148148 -0.13888889  0.0010
    1847 -0.03086420  0.24691358 -0.12345679  0.0010
    1848 -0.04629630  0.26234568 -0.10802469  0.0010
    1849 -0.06172840  0.27777778 -0.09259259  0.0010
    1850 -0.07716049  0.29320988 -0.07716049  0.0010
    1851 -0.09259259  0.30864198 -0.06172840  0.0010
    1852 -0.13888889 -0.07716049  0.29320988  0.0010
    1853 -0.12345679 -0.09259259  0.27777778  0.0010
    1854 -0.10802469 -0.10802469  0.26234568  0.0010
    1855 -0.09259259 -0.12345679  0.24691358  0.0010
    1856 -0.07716049 -0.13888889  0.23148148  0.0010
    1857  0.06172840  0.15432099 -0.21604938  0.0010
    1858  0.04629630  0.16975309 -0.20061728  0.0010
    1859  0.04629630  0.16975309 -0.16975309  0.0010
    1860  0.03086420  0.18518519 -0.15432099  0.0010
    1861  0.01543210  0.20061728 -0.13888889  0.0010
    1862  0.00000000  0.21604938 -0.12345679  0.0010
    1863 -0.01543210  0.23148148 -0.10802469  0.0010
    1864 -0.03086420  0.24691358 -0.09259259  0.0010
    1865 -0.04629630  0.26234568 -0.07716049  0.0010
    1866 -0.06172840  0.27777778 -0.06172840  0.0010
    1867 -0.07716049  0.29320988 -0.04629630  0.0010
    1868 -0.15432099 -0.06172840  0.27777778  0.0010
    1869 -0.13888889 -0.07716049  0.26234568  0.0010
    1870 -0.12345679 -0.09259259  0.24691358  0.0010
    1871 -0.10802469 -0.10802469  0.23148148  0.0010
    1872  0.09259259  0.12345679 -0.21604938  0.0010
    1873  0.07716049  0.13888889 -0.20061728  0.0010
    1874  0.06172840  0.15432099 -0.18518519  0.0010
    1875  0.06172840  0.15432099 -0.15432099  0.0010
    1876  0.04629630  0.16975309 -0.13888889  0.0010
    1877  0.03086420  0.18518519 -0.12345679  0.0010
    1878  0.01543210  0.20061728 -0.10802469  0.0010
    1879  0.00000000  0.21604938 -0.09259259  0.0010
    1880 -0.01543210  0.23148148 -0.07716049  0.0010
    1881 -0.03086420  0.24691358 -0.06172840  0.0010
    1882 -0.04629630  0.26234568 -0.04629630  0.0010
    1883 -0.06172840  0.27777778 -0.03086420  0.0010
    1884 -0.16975309 -0.04629630  0.26234568  0.0010
    1885 -0.15432099 -0.06172840  0.24691358  0.0010
    1886 -0.13888889 -0.07716049  0.23148148  0.0010
    1887  0.12345679  0.09259259 -0.21604938  0.0010
    1888  0.10802469  0.10802469 -0.20061728  0.0010
    1889  0.09259259  0.12345679 -0.18518519  0.0010
    1890  0.07716049  0.13888889 -0.16975309  0.0010
    1891  0.07716049  0.13888889 -0.13888889  0.0010
    1892  0.06172840  0.15432099 -0.12345679  0.0010
    1893  0.04629630  0.16975309 -0.10802469  0.0010
    1894  0.03086420  0.18518519 -0.09259259  0.0010
    1895  0.01543210  0.20061728 -0.07716049  0.0010
    1896  0.00000000  0.21604938 -0.06172840  0.0010
    1897 -0.01543210  0.23148148 -0.04629630  0.0010
    1898 -0.03086420  0.24691358 -0.03086420  0.0010
    1899 -0.04629630  0.26234568 -0.01543210  0.0010
    1900 -0.18518519 -0.03086420  0.24691358  0.0010
    1901 -0.16975309 -0.04629630  0.23148148  0.0010
    1902  0.15432099  0.06172840 -0.21604938  0.0010
    1903  0.13888889  0.07716049 -0.20061728  0.0010
    1904  0.12345679  0.09259259 -0.18518519  0.0010
    1905  0.10802469  0.10802469 -0.16975309  0.0010
    1906  0.09259259  0.12345679 -0.15432099  0.0010
    1907  0.09259259  0.12345679 -0.12345679  0.0010
    1908  0.07716049  0.13888889 -0.10802469  0.0010
    1909  0.06172840  0.15432099 -0.09259259  0.0010
    1910  0.04629630  0.16975309 -0.07716049  0.0010
    1911  0.03086420  0.18518519 -0.06172840  0.0010
    1912  0.01543210  0.20061728 -0.04629630  0.0010
    1913  0.00000000  0.21604938 -0.03086420  0.0010
    1914 -0.01543210  0.23148148 -0.01543210  0.0010
    1915 -0.03086420  0.24691358  0.00000000  0.0010
    1916 -0.20061728 -0.01543210  0.23148148  0.0010
    1917  0.18518519  0.03086420 -0.21604938  0.0010
    1918  0.16975309  0.04629630 -0.20061728  0.0010
    1919  0.15432099  0.06172840 -0.18518519  0.0010
    1920  0.13888889  0.07716049 -0.16975309  0.0010
    1921  0.12345679  0.09259259 -0.15432099  0.0010
    1922  0.10802469  0.10802469 -0.13888889  0.0010
    1923  0.12345679  0.12345679 -0.12345679  0.0005
    1924  0.10802469  0.13888889 -0.10802469  0.0010
    1925  0.09259259  0.15432099 -0.09259259  0.0010
    1926  0.07716049  0.16975309 -0.07716049  0.0010
    1927  0.06172840  0.18518519 -0.06172840  0.0010
    1928  0.04629630  0.20061728 -0.04629630  0.0010
    1929  0.03086420  0.21604938 -0.03086420  0.0010
    1930  0.01543210  0.23148148 -0.01543210  0.0010
    1931  0.00000000  0.24691358  0.00000000  0.0005
    1932  0.13888889  0.10802469 -0.10802469  0.0010
    1933  0.12345679  0.12345679 -0.09259259  0.0010
    1934  0.10802469  0.13888889 -0.07716049  0.0010
    1935  0.09259259  0.15432099 -0.06172840  0.0010
    1936  0.07716049  0.16975309 -0.04629630  0.0010
    1937  0.06172840  0.18518519 -0.03086420  0.0010
    1938  0.04629630  0.20061728 -0.01543210  0.0010
    1939  0.03086420  0.21604938  0.00000000  0.0010
    1940  0.01543210  0.23148148  0.01543210  0.0010
    1941  0.00000000  0.24691358 -0.03086420  0.0010
    1942  0.01543210  0.23148148 -0.04629630  0.0010
    1943  0.03086420  0.21604938 -0.06172840  0.0010
    1944  0.04629630  0.20061728 -0.07716049  0.0010
    1945  0.06172840  0.18518519 -0.09259259  0.0010
    1946  0.07716049  0.16975309 -0.10802469  0.0010
    1947  0.15432099  0.09259259 -0.12345679  0.0010
    1948  0.15432099  0.09259259 -0.09259259  0.0010
    1949  0.13888889  0.10802469 -0.07716049  0.0010
    1950  0.12345679  0.12345679 -0.06172840  0.0010
    1951  0.10802469  0.13888889 -0.04629630  0.0010
    1952  0.09259259  0.15432099 -0.03086420  0.0010
    1953  0.07716049  0.16975309 -0.01543210  0.0010
    1954  0.06172840  0.18518519  0.00000000  0.0010
    1955  0.04629630  0.20061728  0.01543210  0.0010
    1956  0.03086420  0.21604938  0.03086420  0.0010
    1957 -0.01543210  0.26234568 -0.04629630  0.0010
    1958  0.00000000  0.24691358 -0.06172840  0.0010
    1959  0.01543210  0.23148148 -0.07716049  0.0010
    1960  0.03086420  0.21604938 -0.09259259  0.0010
    1961  0.04629630  0.20061728 -0.10802469  0.0010
    1962  0.18518519  0.06172840 -0.12345679  0.0010
    1963  0.16975309  0.07716049 -0.10802469  0.0010
    1964  0.16975309  0.07716049 -0.07716049  0.0010
    1965  0.15432099  0.09259259 -0.06172840  0.0010
    1966  0.13888889  0.10802469 -0.04629630  0.0010
    1967  0.12345679  0.12345679 -0.03086420  0.0010
    1968  0.10802469  0.13888889 -0.01543210  0.0010
    1969  0.09259259  0.15432099  0.00000000  0.0010
    1970  0.07716049  0.16975309  0.01543210  0.0010
    1971  0.06172840  0.18518519  0.03086420  0.0010
    1972  0.04629630  0.20061728  0.04629630  0.0010
    1973 -0.03086420  0.27777778 -0.06172840  0.0010
    1974 -0.01543210  0.26234568 -0.07716049  0.0010
    1975  0.00000000  0.24691358 -0.09259259  0.0010
    1976  0.01543210  0.23148148 -0.10802469  0.0010
    1977  0.21604938  0.03086420 -0.12345679  0.0010
    1978  0.20061728  0.04629630 -0.10802469  0.0010
    1979  0.18518519  0.06172840 -0.09259259  0.0010
    1980  0.18518519  0.06172840 -0.06172840  0.0010
    1981  0.16975309  0.07716049 -0.04629630  0.0010
    1982  0.15432099  0.09259259 -0.03086420  0.0010
    1983  0.13888889  0.10802469 -0.01543210  0.0010
    1984  0.12345679  0.12345679  0.00000000  0.0010
    1985  0.10802469  0.13888889  0.01543210  0.0010
    1986  0.09259259  0.15432099  0.03086420  0.0010
    1987  0.07716049  0.16975309  0.04629630  0.0010
    1988  0.06172840  0.18518519  0.06172840  0.0010
    1989 -0.04629630  0.29320988 -0.07716049  0.0010
    1990 -0.03086420  0.27777778 -0.09259259  0.0010
    1991 -0.01543210  0.26234568 -0.10802469  0.0010
    1992  0.24691358  0.00000000 -0.12345679  0.0010
    1993  0.23148148  0.01543210 -0.10802469  0.0010
    1994  0.21604938  0.03086420 -0.09259259  0.0010
    1995  0.20061728  0.04629630 -0.07716049  0.0010
    1996  0.20061728  0.04629630 -0.04629630  0.0010
    1997  0.18518519  0.06172840 -0.03086420  0.0010
    1998  0.16975309  0.07716049 -0.01543210  0.0010
    1999  0.15432099  0.09259259  0.00000000  0.0010
    2000  0.13888889  0.10802469  0.01543210  0.0010
    2001  0.12345679  0.12345679  0.03086420  0.0010
    2002  0.10802469  0.13888889  0.04629630  0.0010
    2003  0.09259259  0.15432099  0.06172840  0.0010
    2004  0.07716049  0.16975309  0.07716049  0.0010
    2005 -0.06172840  0.30864198 -0.09259259  0.0010
    2006 -0.04629630  0.29320988 -0.10802469  0.0010
    2007  0.27777778 -0.03086420 -0.12345679  0.0010
    2008  0.26234568 -0.01543210 -0.10802469  0.0010
    2009  0.24691358  0.00000000 -0.09259259  0.0010
    2010  0.23148148  0.01543210 -0.07716049  0.0010
    2011  0.21604938  0.03086420 -0.06172840  0.0010
    2012  0.21604938  0.03086420 -0.03086420  0.0010
    2013  0.20061728  0.04629630 -0.01543210  0.0010
    2014  0.18518519  0.06172840  0.00000000  0.0010
    2015  0.16975309  0.07716049  0.01543210  0.0010
    2016  0.15432099  0.09259259  0.03086420  0.0010
    2017  0.13888889  0.10802469  0.04629630  0.0010
    2018  0.12345679  0.12345679  0.06172840  0.0010
    2019  0.10802469  0.13888889  0.07716049  0.0010
    2020  0.09259259  0.15432099  0.09259259  0.0010
    2021 -0.07716049  0.32407407 -0.10802469  0.0010
    2022  0.30864198 -0.06172840 -0.12345679  0.0010
    2023  0.29320988 -0.04629630 -0.10802469  0.0010
    2024  0.27777778 -0.03086420 -0.09259259  0.0010
    2025  0.26234568 -0.01543210 -0.07716049  0.0010
    2026  0.24691358  0.00000000 -0.06172840  0.0010
    2027  0.23148148  0.01543210 -0.04629630  0.0010
    2028  0.23148148  0.01543210 -0.01543210  0.0010
    2029  0.21604938  0.03086420  0.00000000  0.0010
    2030  0.20061728  0.04629630  0.01543210  0.0010
    2031  0.18518519  0.06172840  0.03086420  0.0010
    2032  0.16975309  0.07716049  0.04629630  0.0010
    2033  0.15432099  0.09259259  0.06172840  0.0010
    2034  0.13888889  0.10802469  0.07716049  0.0010
    2035  0.12345679  0.12345679  0.09259259  0.0010
    2036  0.10802469  0.13888889  0.10802469  0.0010
    2037  0.33950617 -0.09259259 -0.12345679  0.0010
    2038  0.32407407 -0.07716049 -0.10802469  0.0010
    2039  0.30864198 -0.06172840 -0.09259259  0.0010
    2040  0.29320988 -0.04629630 -0.07716049  0.0010
    2041  0.27777778 -0.03086420 -0.06172840  0.0010
    2042  0.26234568 -0.01543210 -0.04629630  0.0010
    2043  0.24691358  0.00000000 -0.03086420  0.0010
    2044  0.24691358  0.00000000  0.00000000  0.0005
    2045  0.23148148  0.01543210  0.01543210  0.0010
    2046  0.21604938  0.03086420  0.03086420  0.0010
    2047  0.20061728  0.04629630  0.04629630  0.0010
    2048  0.18518519  0.06172840  0.06172840  0.0010
    2049  0.16975309  0.07716049  0.07716049  0.0010
    2050  0.15432099  0.09259259  0.09259259  0.0010
    2051  0.13888889  0.10802469  0.10802469  0.0010
    2052  0.12345679  0.12345679  0.12345679  0.0005


 K-POINTS DIRECT COORDINATES
 KPOINTS    DIRECT_X    DIRECT_Y    DIRECT_Z  WEIGHT
       1  0.00000000  0.00000000  0.00000000  0.0005
       2  0.06250000  0.00000000  0.00000000  0.0010
       3  0.12500000  0.00000000  0.00000000  0.0010
       4  0.18750000  0.00000000  0.00000000  0.0010
       5  0.25000000  0.00000000  0.00000000  0.0010
       6  0.31250000  0.00000000  0.00000000  0.0010
       7  0.37500000  0.00000000  0.00000000  0.0010
       8  0.43750000  0.00000000  0.00000000  0.0010
       9  0.50000000  0.00000000  0.00000000  0.0005
      10  0.00000000  0.06250000  0.00000000  0.0010
      11  0.06250000  0.06250000  0.00000000  0.0010
      12  0.12500000  0.06250000  0.00000000  0.0010
      13  0.18750000  0.06250000  0.00000000  0.0010
      14  0.25000000  0.06250000  0.00000000  0.0010
      15  0.31250000  0.06250000  0.00000000  0.0010
      16  0.37500000  0.06250000  0.00000000  0.0010
      17  0.43750000  0.06250000  0.00000000  0.0010
      18  0.50000000  0.06250000  0.00000000  0.0010
      19  0.43750000 -0.06250000  0.00000000  0.0010
      20  0.37500000 -0.06250000  0.00000000  0.0010
      21  0.31250000 -0.06250000  0.00000000  0.0010
      22  0.25000000 -0.06250000  0.00000000  0.0010
      23  0.18750000 -0.06250000  0.00000000  0.0010
      24  0.12500000 -0.06250000  0.00000000  0.0010
      25 -0.06250000  0.06250000  0.00000000  0.0010
      26  0.00000000  0.12500000  0.00000000  0.0010
      27  0.06250000  0.12500000  0.00000000  0.0010
      28  0.12500000  0.12500000  0.00000000  0.0010
      29  0.18750000  0.12500000  0.00000000  0.0010
      30  0.25000000  0.12500000  0.00000000  0.0010
      31  0.31250000  0.12500000  0.00000000  0.0010
      32  0.37500000  0.12500000  0.00000000  0.0010
      33  0.43750000  0.12500000  0.00000000  0.0010
      34  0.50000000  0.12500000  0.00000000  0.0010
      35  0.43750000 -0.12500000  0.00000000  0.0010
      36  0.37500000 -0.12500000  0.00000000  0.0010
      37  0.31250000 -0.12500000  0.00000000  0.0010
      38  0.25000000 -0.12500000  0.00000000  0.0010
      39  0.18750000 -0.12500000  0.00000000  0.0010
      40 -0.12500000  0.12500000  0.00000000  0.0010
      41 -0.06250000  0.12500000  0.00000000  0.0010
      42  0.00000000  0.18750000  0.00000000  0.0010
      43  0.06250000  0.18750000  0.00000000  0.0010
      44  0.12500000  0.18750000  0.00000000  0.0010
      45  0.18750000  0.18750000  0.00000000  0.0010
      46  0.25000000  0.18750000  0.00000000  0.0010
      47  0.31250000  0.18750000  0.00000000  0.0010
      48  0.37500000  0.18750000  0.00000000  0.0010
      49  0.43750000  0.18750000  0.00000000  0.0010
      50  0.50000000  0.18750000  0.00000000  0.0010
      51  0.43750000 -0.18750000  0.00000000  0.0010
      52  0.37500000 -0.18750000  0.00000000  0.0010
      53  0.31250000 -0.18750000  0.00000000  0.0010
      54  0.25000000 -0.18750000  0.00000000  0.0010
      55 -0.18750000  0.18750000  0.00000000  0.0010
      56 -0.12500000  0.18750000  0.00000000  0.0010
      57 -0.06250000  0.18750000  0.00000000  0.0010
      58  0.00000000  0.25000000  0.00000000  0.0010
      59  0.06250000  0.25000000  0.00000000  0.0010
      60  0.12500000  0.25000000  0.00000000  0.0010
      61  0.18750000  0.25000000  0.00000000  0.0010
      62  0.25000000  0.25000000  0.00000000  0.0010
      63  0.31250000  0.25000000  0.00000000  0.0010
      64  0.37500000  0.25000000  0.00000000  0.0010
      65  0.43750000  0.25000000  0.00000000  0.0010
      66  0.50000000  0.25000000  0.00000000  0.0010
      67  0.43750000 -0.25000000  0.00000000  0.0010
      68  0.37500000 -0.25000000  0.00000000  0.0010
      69  0.31250000 -0.25000000  0.00000000  0.0010
      70 -0.25000000  0.25000000  0.00000000  0.0010
      71 -0.18750000  0.25000000  0.00000000  0.0010
      72 -0.12500000  0.25000000  0.00000000  0.0010
      73 -0.06250000  0.25000000  0.00000000  0.0010
      74  0.00000000  0.31250000  0.00000000  0.0010
      75  0.06250000  0.31250000  0.00000000  0.0010
      76  0.12500000  0.31250000  0.00000000  0.0010
      77  0.18750000  0.31250000  0.00000000  0.0010
      78  0.25000000  0.31250000  0.00000000  0.0010
      79  0.31250000  0.31250000  0.00000000  0.0010
      80  0.37500000  0.31250000  0.00000000  0.0010
      81  0.43750000  0.31250000  0.00000000  0.0010
      82  0.50000000  0.31250000  0.00000000  0.0010
      83  0.43750000 -0.31250000  0.00000000  0.0010
      84  0.37500000 -0.31250000  0.00000000  0.0010
      85 -0.31250000  0.31250000  0.00000000  0.0010
      86 -0.25000000  0.31250000  0.00000000  0.0010
      87 -0.18750000  0.31250000  0.00000000  0.0010
      88 -0.12500000  0.31250000  0.00000000  0.0010
      89 -0.06250000  0.31250000  0.00000000  0.0010
      90  0.00000000  0.37500000  0.00000000  0.0010
      91  0.06250000  0.37500000  0.00000000  0.0010
      92  0.12500000  0.37500000  0.00000000  0.0010
      93  0.18750000  0.37500000  0.00000000  0.0010
      94  0.25000000  0.37500000  0.00000000  0.0010
      95  0.31250000  0.37500000  0.00000000  0.0010
      96  0.37500000  0.37500000  0.00000000  0.0010
      97  0.43750000  0.37500000  0.00000000  0.0010
      98  0.50000000  0.37500000  0.00000000  0.0010
      99  0.43750000 -0.37500000  0.00000000  0.0010
     100 -0.37500000  0.37500000  0.00000000  0.0010
     101 -0.31250000  0.37500000  0.00000000  0.0010
     102 -0.25000000  0.37500000  0.00000000  0.0010
     103 -0.18750000  0.37500000  0.00000000  0.0010
     104 -0.12500000  0.37500000  0.00000000  0.0010
     105 -0.06250000  0.37500000  0.00000000  0.0010
     106  0.00000000  0.43750000  0.00000000  0.0010
     107  0.06250000  0.43750000  0.00000000  0.0010
     108  0.12500000  0.43750000  0.00000000  0.0010
     109  0.18750000  0.43750000  0.00000000  0.0010
     110  0.25000000  0.43750000  0.00000000  0.0010
     111  0.31250000  0.43750000  0.00000000  0.0010
     112  0.37500000  0.43750000  0.00000000  0.0010
     113  0.43750000  0.43750000  0.00000000  0.0010
     114  0.50000000  0.43750000  0.00000000  0.0010
     115 -0.43750000  0.43750000  0.00000000  0.0010
     116 -0.37500000  0.43750000  0.00000000  0.0010
     117 -0.31250000  0.43750000  0.00000000  0.0010
     118 -0.25000000  0.43750000  0.00000000  0.0010
     119 -0.18750000  0.43750000  0.00000000  0.0010
     120 -0.12500000  0.43750000  0.00000000  0.0010
     121 -0.06250000  0.43750000  0.00000000  0.0010
     122  0.00000000  0.50000000  0.00000000  0.0005
     123  0.06250000  0.50000000  0.00000000  0.0010
     124  0.12500000  0.50000000  0.00000000  0.0010
     125  0.18750000  0.50000000  0.00000000  0.0010
     126  0.25000000  0.50000000  0.00000000  0.0010
     127  0.31250000  0.50000000  0.00000000  0.0010
     128  0.37500000  0.50000000  0.00000000  0.0010
     129  0.43750000  0.50000000  0.00000000  0.0010
     130  0.50000000  0.50000000  0.00000000  0.0005
     131  0.00000000  0.00000000  0.06250000  0.0010
     132  0.06250000  0.00000000  0.06250000  0.0010
     133  0.12500000  0.00000000  0.06250000  0.0010
     134  0.18750000  0.00000000  0.06250000  0.0010
     135  0.25000000  0.00000000  0.06250000  0.0010
     136  0.31250000  0.00000000  0.06250000  0.0010
     137  0.37500000  0.00000000  0.06250000  0.0010
     138  0.43750000  0.00000000  0.06250000  0.0010
     139  0.50000000  0.00000000  0.06250000  0.0010
     140  0.43750000  0.00000000 -0.06250000  0.0010
     141  0.37500000  0.00000000 -0.06250000  0.0010
     142  0.31250000  0.00000000 -0.06250000  0.0010
     143  0.25000000  0.00000000 -0.06250000  0.0010
     144  0.18750000  0.00000000 -0.06250000  0.0010
     145  0.12500000  0.00000000 -0.06250000  0.0010
     146 -0.06250000  0.00000000  0.06250000  0.0010
     147  0.00000000  0.06250000  0.06250000  0.0010
     148  0.06250000  0.06250000  0.06250000  0.0010
     149  0.12500000  0.06250000  0.06250000  0.0010
     150  0.18750000  0.06250000  0.06250000  0.0010
     151  0.25000000  0.06250000  0.06250000  0.0010
     152  0.31250000  0.06250000  0.06250000  0.0010
     153  0.37500000  0.06250000  0.06250000  0.0010
     154  0.43750000  0.06250000  0.06250000  0.0010
     155  0.50000000  0.06250000  0.06250000  0.0010
     156  0.43750000 -0.06250000 -0.06250000  0.0010
     157  0.37500000 -0.06250000 -0.06250000  0.0010
     158  0.31250000 -0.06250000 -0.06250000  0.0010
     159  0.25000000 -0.06250000 -0.06250000  0.0010
     160  0.18750000 -0.06250000 -0.06250000  0.0010
     161 -0.12500000  0.06250000  0.06250000  0.0010
     162 -0.06250000  0.06250000  0.06250000  0.0010
     163  0.00000000  0.12500000  0.06250000  0.0010
     164  0.06250000  0.12500000  0.06250000  0.0010
     165  0.12500000  0.12500000  0.06250000  0.0010
     166  0.18750000  0.12500000  0.06250000  0.0010
     167  0.25000000  0.12500000  0.06250000  0.0010
     168  0.31250000  0.12500000  0.06250000  0.0010
     169  0.37500000  0.12500000  0.06250000  0.0010
     170  0.43750000  0.12500000  0.06250000  0.0010
     171  0.50000000  0.12500000  0.06250000  0.0010
     172  0.43750000 -0.12500000 -0.06250000  0.0010
     173  0.37500000 -0.12500000 -0.06250000  0.0010
     174  0.31250000 -0.12500000 -0.06250000  0.0010
     175  0.25000000 -0.12500000 -0.06250000  0.0010
     176 -0.18750000  0.12500000  0.06250000  0.0010
     177 -0.12500000  0.12500000  0.06250000  0.0010
     178 -0.06250000  0.12500000  0.06250000  0.0010
     179  0.00000000  0.18750000  0.06250000  0.0010
     180  0.06250000  0.18750000  0.06250000  0.0010
     181  0.12500000  0.18750000  0.06250000  0.0010
     182  0.18750000  0.18750000  0.06250000  0.0010
     183  0.25000000  0.18750000  0.06250000  0.0010
     184  0.31250000  0.18750000  0.06250000  0.0010
     185  0.37500000  0.18750000  0.06250000  0.0010
     186  0.43750000  0.18750000  0.06250000  0.0010
     187  0.50000000  0.18750000  0.06250000  0.0010
     188  0.43750000 -0.18750000 -0.06250000  0.0010
     189  0.37500000 -0.18750000 -0.06250000  0.0010
     190  0.31250000 -0.18750000 -0.06250000  0.0010
     191  0.25000000 -0.18750000 -0.06250000  0.0010
     192 -0.18750000  0.18750000  0.06250000  0.0010
     193 -0.12500000  0.18750000  0.06250000  0.0010
     194 -0.06250000  0.18750000  0.06250000  0.0010
     195  0.00000000  0.25000000  0.06250000  0.0010
     196  0.06250000  0.25000000  0.06250000  0.0010
     197  0.12500000  0.25000000  0.06250000  0.0010
     198  0.18750000  0.25000000  0.06250000  0.0010
     199  0.25000000  0.25000000  0.06250000  0.0010
     200  0.31250000  0.25000000  0.06250000  0.0010
     201  0.37500000  0.25000000  0.06250000  0.0010
     202  0.43750000  0.25000000  0.06250000  0.0010
     203  0.50000000  0.25000000  0.06250000  0.0010
     204  0.43750000 -0.25000000 -0.06250000  0.0010
     205  0.37500000 -0.25000000 -0.06250000  0.0010
     206 -0.31250000  0.25000000  0.06250000  0.0010
     207 -0.25000000  0.25000000  0.06250000  0.0010
     208 -0.18750000  0.25000000  0.06250000  0.0010
     209 -0.12500000  0.25000000  0.06250000  0.0010
     210 -0.06250000  0.25000000  0.06250000  0.0010
     211  0.00000000  0.31250000  0.06250000  0.0010
     212  0.06250000  0.31250000  0.06250000  0.0010
     213  0.12500000  0.31250000  0.06250000  0.0010
     214  0.18750000  0.31250000  0.06250000  0.0010
     215  0.25000000  0.31250000  0.06250000  0.0010
     216  0.31250000  0.31250000  0.06250000  0.0010
     217  0.37500000  0.31250000  0.06250000  0.0010
     218  0.43750000  0.31250000  0.06250000  0.0010
     219  0.50000000  0.31250000  0.06250000  0.0010
     220  0.43750000 -0.31250000 -0.06250000  0.0010
     221 -0.37500000  0.31250000  0.06250000  0.0010
     222 -0.31250000  0.31250000  0.06250000  0.0010
     223 -0.25000000  0.31250000  0.06250000  0.0010
     224 -0.18750000  0.31250000  0.06250000  0.0010
     225 -0.12500000  0.31250000  0.06250000  0.0010
     226 -0.06250000  0.31250000  0.06250000  0.0010
     227  0.00000000  0.37500000  0.06250000  0.0010
     228  0.06250000  0.37500000  0.06250000  0.0010
     229  0.12500000  0.37500000  0.06250000  0.0010
     230  0.18750000  0.37500000  0.06250000  0.0010
     231  0.25000000  0.37500000  0.06250000  0.0010
     232  0.31250000  0.37500000  0.06250000  0.0010
     233  0.37500000  0.37500000  0.06250000  0.0010
     234  0.43750000  0.37500000  0.06250000  0.0010
     235  0.50000000  0.37500000  0.06250000  0.0010
     236 -0.43750000  0.37500000  0.06250000  0.0010
     237 -0.37500000  0.37500000  0.06250000  0.0010
     238 -0.31250000  0.37500000  0.06250000  0.0010
     239 -0.25000000  0.37500000  0.06250000  0.0010
     240 -0.18750000  0.37500000  0.06250000  0.0010
     241 -0.12500000  0.37500000  0.06250000  0.0010
     242 -0.06250000  0.37500000  0.06250000  0.0010
     243  0.00000000  0.43750000  0.06250000  0.0010
     244  0.06250000  0.43750000  0.06250000  0.0010
     245  0.12500000  0.43750000  0.06250000  0.0010
     246  0.18750000  0.43750000  0.06250000  0.0010
     247  0.25000000  0.43750000  0.06250000  0.0010
     248  0.31250000  0.43750000  0.06250000  0.0010
     249  0.37500000  0.43750000  0.06250000  0.0010
     250  0.43750000  0.43750000  0.06250000  0.0010
     251  0.50000000  0.43750000  0.06250000  0.0010
     252 -0.43750000  0.43750000  0.06250000  0.0010
     253 -0.37500000  0.43750000  0.06250000  0.0010
     254 -0.31250000  0.43750000  0.06250000  0.0010
     255 -0.25000000  0.43750000  0.06250000  0.0010
     256 -0.18750000  0.43750000  0.06250000  0.0010
     257 -0.12500000  0.43750000  0.06250000  0.0010
     258 -0.06250000  0.43750000  0.06250000  0.0010
     259  0.00000000  0.50000000  0.06250000  0.0010
     260  0.06250000  0.50000000  0.06250000  0.0010
     261  0.12500000  0.50000000  0.06250000  0.0010
     262  0.18750000  0.50000000  0.06250000  0.0010
     263  0.25000000  0.50000000  0.06250000  0.0010
     264  0.31250000  0.50000000  0.06250000  0.0010
     265  0.37500000  0.50000000  0.06250000  0.0010
     266  0.43750000  0.50000000  0.06250000  0.0010
     267  0.50000000  0.50000000  0.06250000  0.0010
     268  0.43750000  0.50000000 -0.06250000  0.0010
     269  0.37500000  0.50000000 -0.06250000  0.0010
     270  0.31250000  0.50000000 -0.06250000  0.0010
     271  0.25000000  0.50000000 -0.06250000  0.0010
     272  0.18750000  0.50000000 -0.06250000  0.0010
     273  0.12500000  0.50000000 -0.06250000  0.0010
     274 -0.06250000  0.50000000  0.06250000  0.0010
     275  0.00000000  0.43750000 -0.06250000  0.0010
     276 -0.06250000  0.43750000 -0.06250000  0.0010
     277 -0.12500000  0.43750000 -0.06250000  0.0010
     278 -0.18750000  0.43750000 -0.06250000  0.0010
     279 -0.25000000  0.43750000 -0.06250000  0.0010
     280 -0.31250000  0.43750000 -0.06250000  0.0010
     281  0.37500000 -0.43750000  0.06250000  0.0010
     282  0.43750000 -0.43750000  0.06250000  0.0010
     283  0.50000000  0.43750000 -0.06250000  0.0010
     284  0.43750000  0.43750000 -0.06250000  0.0010
     285  0.37500000  0.43750000 -0.06250000  0.0010
     286  0.31250000  0.43750000 -0.06250000  0.0010
     287  0.25000000  0.43750000 -0.06250000  0.0010
     288  0.18750000  0.43750000 -0.06250000  0.0010
     289  0.12500000  0.43750000 -0.06250000  0.0010
     290  0.06250000  0.43750000 -0.06250000  0.0010
     291  0.00000000  0.37500000 -0.06250000  0.0010
     292 -0.06250000  0.37500000 -0.06250000  0.0010
     293 -0.12500000  0.37500000 -0.06250000  0.0010
     294 -0.18750000  0.37500000 -0.06250000  0.0010
     295 -0.25000000  0.37500000 -0.06250000  0.0010
     296  0.31250000 -0.37500000  0.06250000  0.0010
     297  0.37500000 -0.37500000  0.06250000  0.0010
     298  0.43750000 -0.37500000  0.06250000  0.0010
     299  0.50000000  0.37500000 -0.06250000  0.0010
     300  0.43750000  0.37500000 -0.06250000  0.0010
     301  0.37500000  0.37500000 -0.06250000  0.0010
     302  0.31250000  0.37500000 -0.06250000  0.0010
     303  0.25000000  0.37500000 -0.06250000  0.0010
     304  0.18750000  0.37500000 -0.06250000  0.0010
     305  0.12500000  0.37500000 -0.06250000  0.0010
     306  0.06250000  0.37500000 -0.06250000  0.0010
     307  0.00000000  0.31250000 -0.06250000  0.0010
     308 -0.06250000  0.31250000 -0.06250000  0.0010
     309 -0.12500000  0.31250000 -0.06250000  0.0010
     310 -0.18750000  0.31250000 -0.06250000  0.0010
     311  0.25000000 -0.31250000  0.06250000  0.0010
     312  0.31250000 -0.31250000  0.06250000  0.0010
     313  0.37500000 -0.31250000  0.06250000  0.0010
     314  0.43750000 -0.31250000  0.06250000  0.0010
     315  0.50000000  0.31250000 -0.06250000  0.0010
     316  0.43750000  0.31250000 -0.06250000  0.0010
     317  0.37500000  0.31250000 -0.06250000  0.0010
     318  0.31250000  0.31250000 -0.06250000  0.0010
     319  0.25000000  0.31250000 -0.06250000  0.0010
     320  0.18750000  0.31250000 -0.06250000  0.0010
     321  0.12500000  0.31250000 -0.06250000  0.0010
     322  0.06250000  0.31250000 -0.06250000  0.0010
     323  0.00000000  0.25000000 -0.06250000  0.0010
     324 -0.06250000  0.25000000 -0.06250000  0.0010
     325 -0.12500000  0.25000000 -0.06250000  0.0010
     326 -0.18750000  0.25000000 -0.06250000  0.0010
     327  0.25000000 -0.25000000  0.06250000  0.0010
     328  0.31250000 -0.25000000  0.06250000  0.0010
     329  0.37500000 -0.25000000  0.06250000  0.0010
     330  0.43750000 -0.25000000  0.06250000  0.0010
     331  0.50000000  0.25000000 -0.06250000  0.0010
     332  0.43750000  0.25000000 -0.06250000  0.0010
     333  0.37500000  0.25000000 -0.06250000  0.0010
     334  0.31250000  0.25000000 -0.06250000  0.0010
     335  0.25000000  0.25000000 -0.06250000  0.0010
     336  0.18750000  0.25000000 -0.06250000  0.0010
     337  0.12500000  0.25000000 -0.06250000  0.0010
     338  0.06250000  0.25000000 -0.06250000  0.0010
     339  0.00000000  0.18750000 -0.06250000  0.0010
     340 -0.06250000  0.18750000 -0.06250000  0.0010
     341  0.12500000 -0.18750000  0.06250000  0.0010
     342  0.18750000 -0.18750000  0.06250000  0.0010
     343  0.25000000 -0.18750000  0.06250000  0.0010
     344  0.31250000 -0.18750000  0.06250000  0.0010
     345  0.37500000 -0.18750000  0.06250000  0.0010
     346  0.43750000 -0.18750000  0.06250000  0.0010
     347  0.50000000  0.18750000 -0.06250000  0.0010
     348  0.43750000  0.18750000 -0.06250000  0.0010
     349  0.37500000  0.18750000 -0.06250000  0.0010
     350  0.31250000  0.18750000 -0.06250000  0.0010
     351  0.25000000  0.18750000 -0.06250000  0.0010
     352  0.18750000  0.18750000 -0.06250000  0.0010
     353  0.12500000  0.18750000 -0.06250000  0.0010
     354  0.06250000  0.18750000 -0.06250000  0.0010
     355  0.00000000  0.12500000 -0.06250000  0.0010
     356  0.06250000 -0.12500000  0.06250000  0.0010
     357  0.12500000 -0.12500000  0.06250000  0.0010
     358  0.18750000 -0.12500000  0.06250000  0.0010
     359  0.25000000 -0.12500000  0.06250000  0.0010
     360  0.31250000 -0.12500000  0.06250000  0.0010
     361  0.37500000 -0.12500000  0.06250000  0.0010
     362  0.43750000 -0.12500000  0.06250000  0.0010
     363  0.50000000  0.12500000 -0.06250000  0.0010
     364  0.43750000  0.12500000 -0.06250000  0.0010
     365  0.37500000  0.12500000 -0.06250000  0.0010
     366  0.31250000  0.12500000 -0.06250000  0.0010
     367  0.25000000  0.12500000 -0.06250000  0.0010
     368  0.18750000  0.12500000 -0.06250000  0.0010
     369  0.12500000  0.12500000 -0.06250000  0.0010
     370  0.06250000  0.12500000 -0.06250000  0.0010
     371  0.00000000 -0.06250000  0.06250000  0.0010
     372  0.06250000 -0.06250000  0.06250000  0.0010
     373  0.12500000 -0.06250000  0.06250000  0.0010
     374  0.18750000 -0.06250000  0.06250000  0.0010
     375  0.25000000 -0.06250000  0.06250000  0.0010
     376  0.31250000 -0.06250000  0.06250000  0.0010
     377  0.37500000 -0.06250000  0.06250000  0.0010
     378  0.43750000 -0.06250000  0.06250000  0.0010
     379  0.50000000 -0.06250000  0.06250000  0.0010
     380  0.43750000  0.06250000 -0.06250000  0.0010
     381  0.37500000  0.06250000 -0.06250000  0.0010
     382  0.31250000  0.06250000 -0.06250000  0.0010
     383  0.25000000  0.06250000 -0.06250000  0.0010
     384  0.18750000  0.06250000 -0.06250000  0.0010
     385  0.12500000  0.06250000 -0.06250000  0.0010
     386  0.06250000  0.06250000 -0.06250000  0.0010
     387  0.00000000  0.00000000  0.12500000  0.0010
     388  0.06250000  0.00000000  0.12500000  0.0010
     389  0.12500000  0.00000000  0.12500000  0.0010
     390  0.18750000  0.00000000  0.12500000  0.0010
     391  0.25000000  0.00000000  0.12500000  0.0010
     392  0.31250000  0.00000000  0.12500000  0.0010
     393  0.37500000  0.00000000  0.12500000  0.0010
     394  0.43750000  0.00000000  0.12500000  0.0010
     395  0.50000000  0.00000000  0.12500000  0.0010
     396  0.43750000  0.00000000 -0.12500000  0.0010
     397  0.37500000  0.00000000 -0.12500000  0.0010
     398  0.31250000  0.00000000 -0.12500000  0.0010
     399  0.25000000  0.00000000 -0.12500000  0.0010
     400  0.18750000  0.00000000 -0.12500000  0.0010
     401 -0.12500000  0.00000000  0.12500000  0.0010
     402 -0.06250000  0.00000000  0.12500000  0.0010
     403  0.00000000  0.06250000  0.12500000  0.0010
     404  0.06250000  0.06250000  0.12500000  0.0010
     405  0.12500000  0.06250000  0.12500000  0.0010
     406  0.18750000  0.06250000  0.12500000  0.0010
     407  0.25000000  0.06250000  0.12500000  0.0010
     408  0.31250000  0.06250000  0.12500000  0.0010
     409  0.37500000  0.06250000  0.12500000  0.0010
     410  0.43750000  0.06250000  0.12500000  0.0010
     411  0.50000000  0.06250000  0.12500000  0.0010
     412  0.43750000 -0.06250000 -0.12500000  0.0010
     413  0.37500000 -0.06250000 -0.12500000  0.0010
     414  0.31250000 -0.06250000 -0.12500000  0.0010
     415  0.25000000 -0.06250000 -0.12500000  0.0010
     416 -0.18750000  0.06250000  0.12500000  0.0010
     417 -0.12500000  0.06250000  0.12500000  0.0010
     418 -0.06250000  0.06250000  0.12500000  0.0010
     419  0.00000000  0.12500000  0.12500000  0.0010
     420  0.06250000  0.12500000  0.12500000  0.0010
     421  0.12500000  0.12500000  0.12500000  0.0010
     422  0.18750000  0.12500000  0.12500000  0.0010
     423  0.25000000  0.12500000  0.12500000  0.0010
     424  0.31250000  0.12500000  0.12500000  0.0010
     425  0.37500000  0.12500000  0.12500000  0.0010
     426  0.43750000  0.12500000  0.12500000  0.0010
     427  0.50000000  0.12500000  0.12500000  0.0010
     428  0.43750000 -0.12500000 -0.12500000  0.0010
     429  0.37500000 -0.12500000 -0.12500000  0.0010
     430  0.31250000 -0.12500000 -0.12500000  0.0010
     431 -0.25000000  0.12500000  0.12500000  0.0010
     432 -0.18750000  0.12500000  0.12500000  0.0010
     433 -0.12500000  0.12500000  0.12500000  0.0010
     434 -0.06250000  0.12500000  0.12500000  0.0010
     435  0.00000000  0.18750000  0.12500000  0.0010
     436  0.06250000  0.18750000  0.12500000  0.0010
     437  0.12500000  0.18750000  0.12500000  0.0010
     438  0.18750000  0.18750000  0.12500000  0.0010
     439  0.25000000  0.18750000  0.12500000  0.0010
     440  0.31250000  0.18750000  0.12500000  0.0010
     441  0.37500000  0.18750000  0.12500000  0.0010
     442  0.43750000  0.18750000  0.12500000  0.0010
     443  0.50000000  0.18750000  0.12500000  0.0010
     444  0.43750000 -0.18750000 -0.12500000  0.0010
     445  0.37500000 -0.18750000 -0.12500000  0.0010
     446  0.31250000 -0.18750000 -0.12500000  0.0010
     447 -0.25000000  0.18750000  0.12500000  0.0010
     448 -0.18750000  0.18750000  0.12500000  0.0010
     449 -0.12500000  0.18750000  0.12500000  0.0010
     450 -0.06250000  0.18750000  0.12500000  0.0010
     451  0.00000000  0.25000000  0.12500000  0.0010
     452  0.06250000  0.25000000  0.12500000  0.0010
     453  0.12500000  0.25000000  0.12500000  0.0010
     454  0.18750000  0.25000000  0.12500000  0.0010
     455  0.25000000  0.25000000  0.12500000  0.0010
     456  0.31250000  0.25000000  0.12500000  0.0010
     457  0.37500000  0.25000000  0.12500000  0.0010
     458  0.43750000  0.25000000  0.12500000  0.0010
     459  0.50000000  0.25000000  0.12500000  0.0010
     460  0.43750000 -0.25000000 -0.12500000  0.0010
     461  0.37500000 -0.25000000 -0.12500000  0.0010
     462 -0.31250000  0.25000000  0.12500000  0.0010
     463 -0.25000000  0.25000000  0.12500000  0.0010
     464 -0.18750000  0.25000000  0.12500000  0.0010
     465 -0.12500000  0.25000000  0.12500000  0.0010
     466 -0.06250000  0.25000000  0.12500000  0.0010
     467  0.00000000  0.31250000  0.12500000  0.0010
     468  0.06250000  0.31250000  0.12500000  0.0010
     469  0.12500000  0.31250000  0.12500000  0.0010
     470  0.18750000  0.31250000  0.12500000  0.0010
     471  0.25000000  0.31250000  0.12500000  0.0010
     472  0.31250000  0.31250000  0.12500000  0.0010
     473  0.37500000  0.31250000  0.12500000  0.0010
     474  0.43750000  0.31250000  0.12500000  0.0010
     475  0.50000000  0.31250000  0.12500000  0.0010
     476 -0.43750000  0.31250000  0.12500000  0.0010
     477 -0.37500000  0.31250000  0.12500000  0.0010
     478 -0.31250000  0.31250000  0.12500000  0.0010
     479 -0.25000000  0.31250000  0.12500000  0.0010
     480 -0.18750000  0.31250000  0.12500000  0.0010
     481 -0.12500000  0.31250000  0.12500000  0.0010
     482 -0.06250000  0.31250000  0.12500000  0.0010
     483  0.00000000  0.37500000  0.12500000  0.0010
     484  0.06250000  0.37500000  0.12500000  0.0010
     485  0.12500000  0.37500000  0.12500000  0.0010
     486  0.18750000  0.37500000  0.12500000  0.0010
     487  0.25000000  0.37500000  0.12500000  0.0010
     488  0.31250000  0.37500000  0.12500000  0.0010
     489  0.37500000  0.37500000  0.12500000  0.0010
     490  0.43750000  0.37500000  0.12500000  0.0010
     491  0.50000000  0.37500000  0.12500000  0.0010
     492 -0.43750000  0.37500000  0.12500000  0.0010
     493 -0.37500000  0.37500000  0.12500000  0.0010
     494 -0.31250000  0.37500000  0.12500000  0.0010
     495 -0.25000000  0.37500000  0.12500000  0.0010
     496 -0.18750000  0.37500000  0.12500000  0.0010
     497 -0.12500000  0.37500000  0.12500000  0.0010
     498 -0.06250000  0.37500000  0.12500000  0.0010
     499  0.00000000  0.43750000  0.12500000  0.0010
     500  0.06250000  0.43750000  0.12500000  0.0010
     501  0.12500000  0.43750000  0.12500000  0.0010
     502  0.18750000  0.43750000  0.12500000  0.0010
     503  0.25000000  0.43750000  0.12500000  0.0010
     504  0.31250000  0.43750000  0.12500000  0.0010
     505  0.37500000  0.43750000  0.12500000  0.0010
     506  0.43750000  0.43750000  0.12500000  0.0010
     507  0.50000000  0.43750000  0.12500000  0.0010
     508 -0.43750000  0.43750000  0.12500000  0.0010
     509 -0.37500000  0.43750000  0.12500000  0.0010
     510 -0.31250000  0.43750000  0.12500000  0.0010
     511 -0.25000000  0.43750000  0.12500000  0.0010
     512 -0.18750000  0.43750000  0.12500000  0.0010
     513 -0.12500000  0.43750000  0.12500000  0.0010
     514 -0.06250000  0.43750000  0.12500000  0.0010
     515  0.00000000  0.50000000  0.12500000  0.0010
     516  0.06250000  0.50000000  0.12500000  0.0010
     517  0.12500000  0.50000000  0.12500000  0.0010
     518  0.18750000  0.50000000  0.12500000  0.0010
     519  0.25000000  0.50000000  0.12500000  0.0010
     520  0.31250000  0.50000000  0.12500000  0.0010
     521  0.37500000  0.50000000  0.12500000  0.0010
     522  0.43750000  0.50000000  0.12500000  0.0010
     523  0.50000000  0.50000000  0.12500000  0.0010
     524  0.43750000  0.50000000 -0.12500000  0.0010
     525  0.37500000  0.50000000 -0.12500000  0.0010
     526  0.31250000  0.50000000 -0.12500000  0.0010
     527  0.25000000  0.50000000 -0.12500000  0.0010
     528  0.18750000  0.50000000 -0.12500000  0.0010
     529 -0.12500000  0.50000000  0.12500000  0.0010
     530 -0.06250000  0.50000000  0.12500000  0.0010
     531  0.00000000  0.43750000 -0.12500000  0.0010
     532 -0.06250000  0.43750000 -0.12500000  0.0010
     533 -0.12500000  0.43750000 -0.12500000  0.0010
     534 -0.18750000  0.43750000 -0.12500000  0.0010
     535 -0.25000000  0.43750000 -0.12500000  0.0010
     536  0.31250000 -0.43750000  0.12500000  0.0010
     537  0.37500000 -0.43750000  0.12500000  0.0010
     538  0.43750000 -0.43750000  0.12500000  0.0010
     539  0.50000000  0.43750000 -0.12500000  0.0010
     540  0.43750000  0.43750000 -0.12500000  0.0010
     541  0.37500000  0.43750000 -0.12500000  0.0010
     542  0.31250000  0.43750000 -0.12500000  0.0010
     543  0.25000000  0.43750000 -0.12500000  0.0010
     544  0.18750000  0.43750000 -0.12500000  0.0010
     545  0.12500000  0.43750000 -0.12500000  0.0010
     546  0.06250000  0.43750000 -0.12500000  0.0010
     547  0.00000000  0.37500000 -0.12500000  0.0010
     548 -0.06250000  0.37500000 -0.12500000  0.0010
     549 -0.12500000  0.37500000 -0.12500000  0.0010
     550 -0.18750000  0.37500000 -0.12500000  0.0010
     551 -0.25000000  0.37500000 -0.12500000  0.0010
     552  0.31250000 -0.37500000  0.12500000  0.0010
     553  0.37500000 -0.37500000  0.12500000  0.0010
     554  0.43750000 -0.37500000  0.12500000  0.0010
     555  0.50000000  0.37500000 -0.12500000  0.0010
     556  0.43750000  0.37500000 -0.12500000  0.0010
     557  0.37500000  0.37500000 -0.12500000  0.0010
     558  0.31250000  0.37500000 -0.12500000  0.0010
     559  0.25000000  0.37500000 -0.12500000  0.0010
     560  0.18750000  0.37500000 -0.12500000  0.0010
     561  0.12500000  0.37500000 -0.12500000  0.0010
     562  0.06250000  0.37500000 -0.12500000  0.0010
     563  0.00000000  0.31250000 -0.12500000  0.0010
     564 -0.06250000  0.31250000 -0.12500000  0.0010
     565 -0.12500000  0.31250000 -0.12500000  0.0010
     566 -0.18750000  0.31250000 -0.12500000  0.0010
     567  0.25000000 -0.31250000  0.12500000  0.0010
     568  0.31250000 -0.31250000  0.12500000  0.0010
     569  0.37500000 -0.31250000  0.12500000  0.0010
     570  0.43750000 -0.31250000  0.12500000  0.0010
     571  0.50000000  0.31250000 -0.12500000  0.0010
     572  0.43750000  0.31250000 -0.12500000  0.0010
     573  0.37500000  0.31250000 -0.12500000  0.0010
     574  0.31250000  0.31250000 -0.12500000  0.0010
     575  0.25000000  0.31250000 -0.12500000  0.0010
     576  0.18750000  0.31250000 -0.12500000  0.0010
     577  0.12500000  0.31250000 -0.12500000  0.0010
     578  0.06250000  0.31250000 -0.12500000  0.0010
     579  0.00000000  0.25000000 -0.12500000  0.0010
     580 -0.06250000  0.25000000 -0.12500000  0.0010
     581  0.12500000 -0.25000000  0.12500000  0.0010
     582  0.18750000 -0.25000000  0.12500000  0.0010
     583  0.25000000 -0.25000000  0.12500000  0.0010
     584  0.31250000 -0.25000000  0.12500000  0.0010
     585  0.37500000 -0.25000000  0.12500000  0.0010
     586  0.43750000 -0.25000000  0.12500000  0.0010
     587  0.50000000  0.25000000 -0.12500000  0.0010
     588  0.43750000  0.25000000 -0.12500000  0.0010
     589  0.37500000  0.25000000 -0.12500000  0.0010
     590  0.31250000  0.25000000 -0.12500000  0.0010
     591  0.25000000  0.25000000 -0.12500000  0.0010
     592  0.18750000  0.25000000 -0.12500000  0.0010
     593  0.12500000  0.25000000 -0.12500000  0.0010
     594  0.06250000  0.25000000 -0.12500000  0.0010
     595  0.00000000  0.18750000 -0.12500000  0.0010
     596  0.06250000 -0.18750000  0.12500000  0.0010
     597  0.12500000 -0.18750000  0.12500000  0.0010
     598  0.18750000 -0.18750000  0.12500000  0.0010
     599  0.25000000 -0.18750000  0.12500000  0.0010
     600  0.31250000 -0.18750000  0.12500000  0.0010
     601  0.37500000 -0.18750000  0.12500000  0.0010
     602  0.43750000 -0.18750000  0.12500000  0.0010
     603  0.50000000  0.18750000 -0.12500000  0.0010
     604  0.43750000  0.18750000 -0.12500000  0.0010
     605  0.37500000  0.18750000 -0.12500000  0.0010
     606  0.31250000  0.18750000 -0.12500000  0.0010
     607  0.25000000  0.18750000 -0.12500000  0.0010
     608  0.18750000  0.18750000 -0.12500000  0.0010
     609  0.12500000  0.18750000 -0.12500000  0.0010
     610  0.06250000  0.18750000 -0.12500000  0.0010
     611  0.00000000 -0.12500000  0.12500000  0.0010
     612  0.06250000 -0.12500000  0.12500000  0.0010
     613  0.12500000 -0.12500000  0.12500000  0.0010
     614  0.18750000 -0.12500000  0.12500000  0.0010
     615  0.25000000 -0.12500000  0.12500000  0.0010
     616  0.31250000 -0.12500000  0.12500000  0.0010
     617  0.37500000 -0.12500000  0.12500000  0.0010
     618  0.43750000 -0.12500000  0.12500000  0.0010
     619  0.50000000 -0.12500000  0.12500000  0.0010
     620  0.43750000  0.12500000 -0.12500000  0.0010
     621  0.37500000  0.12500000 -0.12500000  0.0010
     622  0.31250000  0.12500000 -0.12500000  0.0010
     623  0.25000000  0.12500000 -0.12500000  0.0010
     624  0.18750000  0.12500000 -0.12500000  0.0010
     625  0.12500000  0.12500000 -0.12500000  0.0010
     626  0.06250000  0.12500000 -0.12500000  0.0010
     627  0.00000000 -0.06250000  0.12500000  0.0010
     628  0.06250000 -0.06250000  0.12500000  0.0010
     629  0.12500000 -0.06250000  0.12500000  0.0010
     630  0.18750000 -0.06250000  0.12500000  0.0010
     631  0.25000000 -0.06250000  0.12500000  0.0010
     632  0.31250000 -0.06250000  0.12500000  0.0010
     633  0.37500000 -0.06250000  0.12500000  0.0010
     634  0.43750000 -0.06250000  0.12500000  0.0010
     635  0.50000000 -0.06250000  0.12500000  0.0010
     636  0.43750000  0.06250000 -0.12500000  0.0010
     637  0.37500000  0.06250000 -0.12500000  0.0010
     638  0.31250000  0.06250000 -0.12500000  0.0010
     639  0.25000000  0.06250000 -0.12500000  0.0010
     640  0.18750000  0.06250000 -0.12500000  0.0010
     641  0.12500000  0.06250000 -0.12500000  0.0010
     642  0.06250000  0.06250000 -0.12500000  0.0010
     643  0.00000000  0.00000000  0.18750000  0.0010
     644  0.06250000  0.00000000  0.18750000  0.0010
     645  0.12500000  0.00000000  0.18750000  0.0010
     646  0.18750000  0.00000000  0.18750000  0.0010
     647  0.25000000  0.00000000  0.18750000  0.0010
     648  0.31250000  0.00000000  0.18750000  0.0010
     649  0.37500000  0.00000000  0.18750000  0.0010
     650  0.43750000  0.00000000  0.18750000  0.0010
     651  0.50000000  0.00000000  0.18750000  0.0010
     652  0.43750000  0.00000000 -0.18750000  0.0010
     653  0.37500000  0.00000000 -0.18750000  0.0010
     654  0.31250000  0.00000000 -0.18750000  0.0010
     655  0.25000000  0.00000000 -0.18750000  0.0010
     656 -0.18750000  0.00000000  0.18750000  0.0010
     657 -0.12500000  0.00000000  0.18750000  0.0010
     658 -0.06250000  0.00000000  0.18750000  0.0010
     659  0.00000000  0.06250000  0.18750000  0.0010
     660  0.06250000  0.06250000  0.18750000  0.0010
     661  0.12500000  0.06250000  0.18750000  0.0010
     662  0.18750000  0.06250000  0.18750000  0.0010
     663  0.25000000  0.06250000  0.18750000  0.0010
     664  0.31250000  0.06250000  0.18750000  0.0010
     665  0.37500000  0.06250000  0.18750000  0.0010
     666  0.43750000  0.06250000  0.18750000  0.0010
     667  0.50000000  0.06250000  0.18750000  0.0010
     668  0.43750000 -0.06250000 -0.18750000  0.0010
     669  0.37500000 -0.06250000 -0.18750000  0.0010
     670  0.31250000 -0.06250000 -0.18750000  0.0010
     671  0.25000000 -0.06250000 -0.18750000  0.0010
     672 -0.18750000  0.06250000  0.18750000  0.0010
     673 -0.12500000  0.06250000  0.18750000  0.0010
     674 -0.06250000  0.06250000  0.18750000  0.0010
     675  0.00000000  0.12500000  0.18750000  0.0010
     676  0.06250000  0.12500000  0.18750000  0.0010
     677  0.12500000  0.12500000  0.18750000  0.0010
     678  0.18750000  0.12500000  0.18750000  0.0010
     679  0.25000000  0.12500000  0.18750000  0.0010
     680  0.31250000  0.12500000  0.18750000  0.0010
     681  0.37500000  0.12500000  0.18750000  0.0010
     682  0.43750000  0.12500000  0.18750000  0.0010
     683  0.50000000  0.12500000  0.18750000  0.0010
     684  0.43750000 -0.12500000 -0.18750000  0.0010
     685  0.37500000 -0.12500000 -0.18750000  0.0010
     686  0.31250000 -0.12500000 -0.18750000  0.0010
     687 -0.25000000  0.12500000  0.18750000  0.0010
     688 -0.18750000  0.12500000  0.18750000  0.0010
     689 -0.12500000  0.12500000  0.18750000  0.0010
     690 -0.06250000  0.12500000  0.18750000  0.0010
     691  0.00000000  0.18750000  0.18750000  0.0010
     692  0.06250000  0.18750000  0.18750000  0.0010
     693  0.12500000  0.18750000  0.18750000  0.0010
     694  0.18750000  0.18750000  0.18750000  0.0010
     695  0.25000000  0.18750000  0.18750000  0.0010
     696  0.31250000  0.18750000  0.18750000  0.0010
     697  0.37500000  0.18750000  0.18750000  0.0010
     698  0.43750000  0.18750000  0.18750000  0.0010
     699  0.50000000  0.18750000  0.18750000  0.0010
     700  0.43750000 -0.18750000 -0.18750000  0.0010
     701  0.37500000 -0.18750000 -0.18750000  0.0010
     702 -0.31250000  0.18750000  0.18750000  0.0010
     703 -0.25000000  0.18750000  0.18750000  0.0010
     704 -0.18750000  0.18750000  0.18750000  0.0010
     705 -0.12500000  0.18750000  0.18750000  0.0010
     706 -0.06250000  0.18750000  0.18750000  0.0010
     707  0.00000000  0.25000000  0.18750000  0.0010
     708  0.06250000  0.25000000  0.18750000  0.0010
     709  0.12500000  0.25000000  0.18750000  0.0010
     710  0.18750000  0.25000000  0.18750000  0.0010
     711  0.25000000  0.25000000  0.18750000  0.0010
     712  0.31250000  0.25000000  0.18750000  0.0010
     713  0.37500000  0.25000000  0.18750000  0.0010
     714  0.43750000  0.25000000  0.18750000  0.0010
     715  0.50000000  0.25000000  0.18750000  0.0010
     716  0.43750000 -0.25000000 -0.18750000  0.0010
     717 -0.37500000  0.25000000  0.18750000  0.0010
     718 -0.31250000  0.25000000  0.18750000  0.0010
     719 -0.25000000  0.25000000  0.18750000  0.0010
     720 -0.18750000  0.25000000  0.18750000  0.0010
     721 -0.12500000  0.25000000  0.18750000  0.0010
     722 -0.06250000  0.25000000  0.18750000  0.0010
     723  0.00000000  0.31250000  0.18750000  0.0010
     724  0.06250000  0.31250000  0.18750000  0.0010
     725  0.12500000  0.31250000  0.18750000  0.0010
     726  0.18750000  0.31250000  0.18750000  0.0010
     727  0.25000000  0.31250000  0.18750000  0.0010
     728  0.31250000  0.31250000  0.18750000  0.0010
     729  0.37500000  0.31250000  0.18750000  0.0010
     730  0.43750000  0.31250000  0.18750000  0.0010
     731  0.50000000  0.31250000  0.18750000  0.0010
     732 -0.43750000  0.31250000  0.18750000  0.0010
     733 -0.37500000  0.31250000  0.18750000  0.0010
     734 -0.31250000  0.31250000  0.18750000  0.0010
     735 -0.25000000  0.31250000  0.18750000  0.0010
     736 -0.18750000  0.31250000  0.18750000  0.0010
     737 -0.12500000  0.31250000  0.18750000  0.0010
     738 -0.06250000  0.31250000  0.18750000  0.0010
     739  0.00000000  0.37500000  0.18750000  0.0010
     740  0.06250000  0.37500000  0.18750000  0.0010
     741  0.12500000  0.37500000  0.18750000  0.0010
     742  0.18750000  0.37500000  0.18750000  0.0010
     743  0.25000000  0.37500000  0.18750000  0.0010
     744  0.31250000  0.37500000  0.18750000  0.0010
     745  0.37500000  0.37500000  0.18750000  0.0010
     746  0.43750000  0.37500000  0.18750000  0.0010
     747  0.50000000  0.37500000  0.18750000  0.0010
     748 -0.43750000  0.37500000  0.18750000  0.0010
     749 -0.37500000  0.37500000  0.18750000  0.0010
     750 -0.31250000  0.37500000  0.18750000  0.0010
     751 -0.25000000  0.37500000  0.18750000  0.0010
     752 -0.18750000  0.37500000  0.18750000  0.0010
     753 -0.12500000  0.37500000  0.18750000  0.0010
     754 -0.06250000  0.37500000  0.18750000  0.0010
     755  0.00000000  0.43750000  0.18750000  0.0010
     756  0.06250000  0.43750000  0.18750000  0.0010
     757  0.12500000  0.43750000  0.18750000  0.0010
     758  0.18750000  0.43750000  0.18750000  0.0010
     759  0.25000000  0.43750000  0.18750000  0.0010
     760  0.31250000  0.43750000  0.18750000  0.0010
     761  0.37500000  0.43750000  0.18750000  0.0010
     762  0.43750000  0.43750000  0.18750000  0.0010
     763  0.50000000  0.43750000  0.18750000  0.0010
     764 -0.43750000  0.43750000  0.18750000  0.0010
     765 -0.37500000  0.43750000  0.18750000  0.0010
     766 -0.31250000  0.43750000  0.18750000  0.0010
     767 -0.25000000  0.43750000  0.18750000  0.0010
     768 -0.18750000  0.43750000  0.18750000  0.0010
     769 -0.12500000  0.43750000  0.18750000  0.0010
     770 -0.06250000  0.43750000  0.18750000  0.0010
     771  0.00000000  0.50000000  0.18750000  0.0010
     772  0.06250000  0.50000000  0.18750000  0.0010
     773  0.12500000  0.50000000  0.18750000  0.0010
     774  0.18750000  0.50000000  0.18750000  0.0010
     775  0.25000000  0.50000000  0.18750000  0.0010
     776  0.31250000  0.50000000  0.18750000  0.0010
     777  0.37500000  0.50000000  0.18750000  0.0010
     778  0.43750000  0.50000000  0.18750000  0.0010
     779  0.50000000  0.50000000  0.18750000  0.0010
     780  0.43750000  0.50000000 -0.18750000  0.0010
     781  0.37500000  0.50000000 -0.18750000  0.0010
     782  0.31250000  0.50000000 -0.18750000  0.0010
     783  0.25000000  0.50000000 -0.18750000  0.0010
     784 -0.18750000  0.50000000  0.18750000  0.0010
     785 -0.12500000  0.50000000  0.18750000  0.0010
     786 -0.06250000  0.50000000  0.18750000  0.0010
     787  0.00000000  0.43750000 -0.18750000  0.0010
     788 -0.06250000  0.43750000 -0.18750000  0.0010
     789 -0.12500000  0.43750000 -0.18750000  0.0010
     790 -0.18750000  0.43750000 -0.18750000  0.0010
     791 -0.25000000  0.43750000 -0.18750000  0.0010
     792  0.31250000 -0.43750000  0.18750000  0.0010
     793  0.37500000 -0.43750000  0.18750000  0.0010
     794  0.43750000 -0.43750000  0.18750000  0.0010
     795  0.50000000  0.43750000 -0.18750000  0.0010
     796  0.43750000  0.43750000 -0.18750000  0.0010
     797  0.37500000  0.43750000 -0.18750000  0.0010
     798  0.31250000  0.43750000 -0.18750000  0.0010
     799  0.25000000  0.43750000 -0.18750000  0.0010
     800  0.18750000  0.43750000 -0.18750000  0.0010
     801  0.12500000  0.43750000 -0.18750000  0.0010
     802  0.06250000  0.43750000 -0.18750000  0.0010
     803  0.00000000  0.37500000 -0.18750000  0.0010
     804 -0.06250000  0.37500000 -0.18750000  0.0010
     805 -0.12500000  0.37500000 -0.18750000  0.0010
     806 -0.18750000  0.37500000 -0.18750000  0.0010
     807  0.25000000 -0.37500000  0.18750000  0.0010
     808  0.31250000 -0.37500000  0.18750000  0.0010
     809  0.37500000 -0.37500000  0.18750000  0.0010
     810  0.43750000 -0.37500000  0.18750000  0.0010
     811  0.50000000  0.37500000 -0.18750000  0.0010
     812  0.43750000  0.37500000 -0.18750000  0.0010
     813  0.37500000  0.37500000 -0.18750000  0.0010
     814  0.31250000  0.37500000 -0.18750000  0.0010
     815  0.25000000  0.37500000 -0.18750000  0.0010
     816  0.18750000  0.37500000 -0.18750000  0.0010
     817  0.12500000  0.37500000 -0.18750000  0.0010
     818  0.06250000  0.37500000 -0.18750000  0.0010
     819  0.00000000  0.31250000 -0.18750000  0.0010
     820 -0.06250000  0.31250000 -0.18750000  0.0010
     821 -0.12500000  0.31250000 -0.18750000  0.0010
     822  0.18750000 -0.31250000  0.18750000  0.0010
     823  0.25000000 -0.31250000  0.18750000  0.0010
     824  0.31250000 -0.31250000  0.18750000  0.0010
     825  0.37500000 -0.31250000  0.18750000  0.0010
     826  0.43750000 -0.31250000  0.18750000  0.0010
     827  0.50000000  0.31250000 -0.18750000  0.0010
     828  0.43750000  0.31250000 -0.18750000  0.0010
     829  0.37500000  0.31250000 -0.18750000  0.0010
     830  0.31250000  0.31250000 -0.18750000  0.0010
     831  0.25000000  0.31250000 -0.18750000  0.0010
     832  0.18750000  0.31250000 -0.18750000  0.0010
     833  0.12500000  0.31250000 -0.18750000  0.0010
     834  0.06250000  0.31250000 -0.18750000  0.0010
     835  0.00000000  0.25000000 -0.18750000  0.0010
     836 -0.06250000  0.25000000 -0.18750000  0.0010
     837  0.12500000 -0.25000000  0.18750000  0.0010
     838  0.18750000 -0.25000000  0.18750000  0.0010
     839  0.25000000 -0.25000000  0.18750000  0.0010
     840  0.31250000 -0.25000000  0.18750000  0.0010
     841  0.37500000 -0.25000000  0.18750000  0.0010
     842  0.43750000 -0.25000000  0.18750000  0.0010
     843  0.50000000  0.25000000 -0.18750000  0.0010
     844  0.43750000  0.25000000 -0.18750000  0.0010
     845  0.37500000  0.25000000 -0.18750000  0.0010
     846  0.31250000  0.25000000 -0.18750000  0.0010
     847  0.25000000  0.25000000 -0.18750000  0.0010
     848  0.18750000  0.25000000 -0.18750000  0.0010
     849  0.12500000  0.25000000 -0.18750000  0.0010
     850  0.06250000  0.25000000 -0.18750000  0.0010
     851  0.00000000 -0.18750000  0.18750000  0.0010
     852  0.06250000 -0.18750000  0.18750000  0.0010
     853  0.12500000 -0.18750000  0.18750000  0.0010
     854  0.18750000 -0.18750000  0.18750000  0.0010
     855  0.25000000 -0.18750000  0.18750000  0.0010
     856  0.31250000 -0.18750000  0.18750000  0.0010
     857  0.37500000 -0.18750000  0.18750000  0.0010
     858  0.43750000 -0.18750000  0.18750000  0.0010
     859  0.50000000  0.18750000 -0.18750000  0.0010
     860  0.43750000  0.18750000 -0.18750000  0.0010
     861  0.37500000  0.18750000 -0.18750000  0.0010
     862  0.31250000  0.18750000 -0.18750000  0.0010
     863  0.25000000  0.18750000 -0.18750000  0.0010
     864  0.18750000  0.18750000 -0.18750000  0.0010
     865  0.12500000  0.18750000 -0.18750000  0.0010
     866  0.06250000  0.18750000 -0.18750000  0.0010
     867  0.00000000 -0.12500000  0.18750000  0.0010
     868  0.06250000 -0.12500000  0.18750000  0.0010
     869  0.12500000 -0.12500000  0.18750000  0.0010
     870  0.18750000 -0.12500000  0.18750000  0.0010
     871  0.25000000 -0.12500000  0.18750000  0.0010
     872  0.31250000 -0.12500000  0.18750000  0.0010
     873  0.37500000 -0.12500000  0.18750000  0.0010
     874  0.43750000 -0.12500000  0.18750000  0.0010
     875  0.50000000 -0.12500000  0.18750000  0.0010
     876  0.43750000  0.12500000 -0.18750000  0.0010
     877  0.37500000  0.12500000 -0.18750000  0.0010
     878  0.31250000  0.12500000 -0.18750000  0.0010
     879  0.25000000  0.12500000 -0.18750000  0.0010
     880  0.18750000  0.12500000 -0.18750000  0.0010
     881  0.12500000  0.12500000 -0.18750000  0.0010
     882  0.06250000  0.12500000 -0.18750000  0.0010
     883  0.00000000 -0.06250000  0.18750000  0.0010
     884  0.06250000 -0.06250000  0.18750000  0.0010
     885  0.12500000 -0.06250000  0.18750000  0.0010
     886  0.18750000 -0.06250000  0.18750000  0.0010
     887  0.25000000 -0.06250000  0.18750000  0.0010
     888  0.31250000 -0.06250000  0.18750000  0.0010
     889  0.37500000 -0.06250000  0.18750000  0.0010
     890  0.43750000 -0.06250000  0.18750000  0.0010
     891  0.50000000 -0.06250000  0.18750000  0.0010
     892  0.43750000  0.06250000 -0.18750000  0.0010
     893  0.37500000  0.06250000 -0.18750000  0.0010
     894  0.31250000  0.06250000 -0.18750000  0.0010
     895  0.25000000  0.06250000 -0.18750000  0.0010
     896  0.18750000  0.06250000 -0.18750000  0.0010
     897  0.12500000  0.06250000 -0.18750000  0.0010
     898 -0.06250000 -0.06250000  0.18750000  0.0010
     899  0.00000000  0.00000000  0.25000000  0.0010
     900  0.06250000  0.00000000  0.25000000  0.0010
     901  0.12500000  0.00000000  0.25000000  0.0010
     902  0.18750000  0.00000000  0.25000000  0.0010
     903  0.25000000  0.00000000  0.25000000  0.0010
     904  0.31250000  0.00000000  0.25000000  0.0010
     905  0.37500000  0.00000000  0.25000000  0.0010
     906  0.43750000  0.00000000  0.25000000  0.0010
     907  0.50000000  0.00000000  0.25000000  0.0010
     908  0.43750000  0.00000000 -0.25000000  0.0010
     909  0.37500000  0.00000000 -0.25000000  0.0010
     910  0.31250000  0.00000000 -0.25000000  0.0010
     911 -0.25000000  0.00000000  0.25000000  0.0010
     912 -0.18750000  0.00000000  0.25000000  0.0010
     913 -0.12500000  0.00000000  0.25000000  0.0010
     914 -0.06250000  0.00000000  0.25000000  0.0010
     915  0.00000000  0.06250000  0.25000000  0.0010
     916  0.06250000  0.06250000  0.25000000  0.0010
     917  0.12500000  0.06250000  0.25000000  0.0010
     918  0.18750000  0.06250000  0.25000000  0.0010
     919  0.25000000  0.06250000  0.25000000  0.0010
     920  0.31250000  0.06250000  0.25000000  0.0010
     921  0.37500000  0.06250000  0.25000000  0.0010
     922  0.43750000  0.06250000  0.25000000  0.0010
     923  0.50000000  0.06250000  0.25000000  0.0010
     924  0.43750000 -0.06250000 -0.25000000  0.0010
     925  0.37500000 -0.06250000 -0.25000000  0.0010
     926  0.31250000 -0.06250000 -0.25000000  0.0010
     927 -0.25000000  0.06250000  0.25000000  0.0010
     928 -0.18750000  0.06250000  0.25000000  0.0010
     929 -0.12500000  0.06250000  0.25000000  0.0010
     930 -0.06250000  0.06250000  0.25000000  0.0010
     931  0.00000000  0.12500000  0.25000000  0.0010
     932  0.06250000  0.12500000  0.25000000  0.0010
     933  0.12500000  0.12500000  0.25000000  0.0010
     934  0.18750000  0.12500000  0.25000000  0.0010
     935  0.25000000  0.12500000  0.25000000  0.0010
     936  0.31250000  0.12500000  0.25000000  0.0010
     937  0.37500000  0.12500000  0.25000000  0.0010
     938  0.43750000  0.12500000  0.25000000  0.0010
     939  0.50000000  0.12500000  0.25000000  0.0010
     940  0.43750000 -0.12500000 -0.25000000  0.0010
     941  0.37500000 -0.12500000 -0.25000000  0.0010
     942 -0.31250000  0.12500000  0.25000000  0.0010
     943 -0.25000000  0.12500000  0.25000000  0.0010
     944 -0.18750000  0.12500000  0.25000000  0.0010
     945 -0.12500000  0.12500000  0.25000000  0.0010
     946 -0.06250000  0.12500000  0.25000000  0.0010
     947  0.00000000  0.18750000  0.25000000  0.0010
     948  0.06250000  0.18750000  0.25000000  0.0010
     949  0.12500000  0.18750000  0.25000000  0.0010
     950  0.18750000  0.18750000  0.25000000  0.0010
     951  0.25000000  0.18750000  0.25000000  0.0010
     952  0.31250000  0.18750000  0.25000000  0.0010
     953  0.37500000  0.18750000  0.25000000  0.0010
     954  0.43750000  0.18750000  0.25000000  0.0010
     955  0.50000000  0.18750000  0.25000000  0.0010
     956  0.43750000 -0.18750000 -0.25000000  0.0010
     957 -0.37500000  0.18750000  0.25000000  0.0010
     958 -0.31250000  0.18750000  0.25000000  0.0010
     959 -0.25000000  0.18750000  0.25000000  0.0010
     960 -0.18750000  0.18750000  0.25000000  0.0010
     961 -0.12500000  0.18750000  0.25000000  0.0010
     962 -0.06250000  0.18750000  0.25000000  0.0010
     963  0.00000000  0.25000000  0.25000000  0.0010
     964  0.06250000  0.25000000  0.25000000  0.0010
     965  0.12500000  0.25000000  0.25000000  0.0010
     966  0.18750000  0.25000000  0.25000000  0.0010
     967  0.25000000  0.25000000  0.25000000  0.0010
     968  0.31250000  0.25000000  0.25000000  0.0010
     969  0.37500000  0.25000000  0.25000000  0.0010
     970  0.43750000  0.25000000  0.25000000  0.0010
     971  0.50000000  0.25000000  0.25000000  0.0010
     972 -0.43750000  0.25000000  0.25000000  0.0010
     973 -0.37500000  0.25000000  0.25000000  0.0010
     974 -0.31250000  0.25000000  0.25000000  0.0010
     975 -0.25000000  0.25000000  0.25000000  0.0010
     976 -0.18750000  0.25000000  0.25000000  0.0010
     977 -0.12500000  0.25000000  0.25000000  0.0010
     978 -0.06250000  0.25000000  0.25000000  0.0010
     979  0.00000000  0.31250000  0.25000000  0.0010
     980  0.06250000  0.31250000  0.25000000  0.0010
     981  0.12500000  0.31250000  0.25000000  0.0010
     982  0.18750000  0.31250000  0.25000000  0.0010
     983  0.25000000  0.31250000  0.25000000  0.0010
     984  0.31250000  0.31250000  0.25000000  0.0010
     985  0.37500000  0.31250000  0.25000000  0.0010
     986  0.43750000  0.31250000  0.25000000  0.0010
     987  0.50000000  0.31250000  0.25000000  0.0010
     988 -0.43750000  0.31250000  0.25000000  0.0010
     989 -0.37500000  0.31250000  0.25000000  0.0010
     990 -0.31250000  0.31250000  0.25000000  0.0010
     991 -0.25000000  0.31250000  0.25000000  0.0010
     992 -0.18750000  0.31250000  0.25000000  0.0010
     993 -0.12500000  0.31250000  0.25000000  0.0010
     994 -0.06250000  0.31250000  0.25000000  0.0010
     995  0.00000000  0.37500000  0.25000000  0.0010
     996  0.06250000  0.37500000  0.25000000  0.0010
     997  0.12500000  0.37500000  0.25000000  0.0010
     998  0.18750000  0.37500000  0.25000000  0.0010
     999  0.25000000  0.37500000  0.25000000  0.0010
    1000  0.31250000  0.37500000  0.25000000  0.0010
    1001  0.37500000  0.37500000  0.25000000  0.0010
    1002  0.43750000  0.37500000  0.25000000  0.0010
    1003  0.50000000  0.37500000  0.25000000  0.0010
    1004 -0.43750000  0.37500000  0.25000000  0.0010
    1005 -0.37500000  0.37500000  0.25000000  0.0010
    1006 -0.31250000  0.37500000  0.25000000  0.0010
    1007 -0.25000000  0.37500000  0.25000000  0.0010
    1008 -0.18750000  0.37500000  0.25000000  0.0010
    1009 -0.12500000  0.37500000  0.25000000  0.0010
    1010 -0.06250000  0.37500000  0.25000000  0.0010
    1011  0.00000000  0.43750000  0.25000000  0.0010
    1012  0.06250000  0.43750000  0.25000000  0.0010
    1013  0.12500000  0.43750000  0.25000000  0.0010
    1014  0.18750000  0.43750000  0.25000000  0.0010
    1015  0.25000000  0.43750000  0.25000000  0.0010
    1016  0.31250000  0.43750000  0.25000000  0.0010
    1017  0.37500000  0.43750000  0.25000000  0.0010
    1018  0.43750000  0.43750000  0.25000000  0.0010
    1019  0.50000000  0.43750000  0.25000000  0.0010
    1020 -0.43750000  0.43750000  0.25000000  0.0010
    1021 -0.37500000  0.43750000  0.25000000  0.0010
    1022 -0.31250000  0.43750000  0.25000000  0.0010
    1023 -0.25000000  0.43750000  0.25000000  0.0010
    1024 -0.18750000  0.43750000  0.25000000  0.0010
    1025 -0.12500000  0.43750000  0.25000000  0.0010
    1026 -0.06250000  0.43750000  0.25000000  0.0010
    1027  0.00000000  0.50000000  0.25000000  0.0010
    1028  0.06250000  0.50000000  0.25000000  0.0010
    1029  0.12500000  0.50000000  0.25000000  0.0010
    1030  0.18750000  0.50000000  0.25000000  0.0010
    1031  0.25000000  0.50000000  0.25000000  0.0010
    1032  0.31250000  0.50000000  0.25000000  0.0010
    1033  0.37500000  0.50000000  0.25000000  0.0010
    1034  0.43750000  0.50000000  0.25000000  0.0010
    1035  0.50000000  0.50000000  0.25000000  0.0010
    1036  0.43750000  0.50000000 -0.25000000  0.0010
    1037  0.37500000  0.50000000 -0.25000000  0.0010
    1038  0.31250000  0.50000000 -0.25000000  0.0010
    1039 -0.25000000  0.50000000  0.25000000  0.0010
    1040 -0.18750000  0.50000000  0.25000000  0.0010
    1041 -0.12500000  0.50000000  0.25000000  0.0010
    1042 -0.06250000  0.50000000  0.25000000  0.0010
    1043  0.00000000  0.43750000 -0.25000000  0.0010
    1044 -0.06250000  0.43750000 -0.25000000  0.0010
    1045 -0.12500000  0.43750000 -0.25000000  0.0010
    1046  0.18750000 -0.43750000  0.25000000  0.0010
    1047  0.25000000 -0.43750000  0.25000000  0.0010
    1048  0.31250000 -0.43750000  0.25000000  0.0010
    1049  0.37500000 -0.43750000  0.25000000  0.0010
    1050  0.43750000 -0.43750000  0.25000000  0.0010
    1051  0.50000000  0.43750000 -0.25000000  0.0010
    1052  0.43750000  0.43750000 -0.25000000  0.0010
    1053  0.37500000  0.43750000 -0.25000000  0.0010
    1054  0.31250000  0.43750000 -0.25000000  0.0010
    1055  0.25000000  0.43750000 -0.25000000  0.0010
    1056  0.18750000  0.43750000 -0.25000000  0.0010
    1057  0.12500000  0.43750000 -0.25000000  0.0010
    1058  0.06250000  0.43750000 -0.25000000  0.0010
    1059  0.00000000  0.37500000 -0.25000000  0.0010
    1060 -0.06250000  0.37500000 -0.25000000  0.0010
    1061 -0.12500000  0.37500000 -0.25000000  0.0010
    1062  0.18750000 -0.37500000  0.25000000  0.0010
    1063  0.25000000 -0.37500000  0.25000000  0.0010
    1064  0.31250000 -0.37500000  0.25000000  0.0010
    1065  0.37500000 -0.37500000  0.25000000  0.0010
    1066  0.43750000 -0.37500000  0.25000000  0.0010
    1067  0.50000000  0.37500000 -0.25000000  0.0010
    1068  0.43750000  0.37500000 -0.25000000  0.0010
    1069  0.37500000  0.37500000 -0.25000000  0.0010
    1070  0.31250000  0.37500000 -0.25000000  0.0010
    1071  0.25000000  0.37500000 -0.25000000  0.0010
    1072  0.18750000  0.37500000 -0.25000000  0.0010
    1073  0.12500000  0.37500000 -0.25000000  0.0010
    1074  0.06250000  0.37500000 -0.25000000  0.0010
    1075  0.00000000  0.31250000 -0.25000000  0.0010
    1076 -0.06250000  0.31250000 -0.25000000  0.0010
    1077  0.12500000 -0.31250000  0.25000000  0.0010
    1078  0.18750000 -0.31250000  0.25000000  0.0010
    1079  0.25000000 -0.31250000  0.25000000  0.0010
    1080  0.31250000 -0.31250000  0.25000000  0.0010
    1081  0.37500000 -0.31250000  0.25000000  0.0010
    1082  0.43750000 -0.31250000  0.25000000  0.0010
    1083  0.50000000  0.31250000 -0.25000000  0.0010
    1084  0.43750000  0.31250000 -0.25000000  0.0010
    1085  0.37500000  0.31250000 -0.25000000  0.0010
    1086  0.31250000  0.31250000 -0.25000000  0.0010
    1087  0.25000000  0.31250000 -0.25000000  0.0010
    1088  0.18750000  0.31250000 -0.25000000  0.0010
    1089  0.12500000  0.31250000 -0.25000000  0.0010
    1090  0.06250000  0.31250000 -0.25000000  0.0010
    1091  0.00000000 -0.25000000  0.25000000  0.0010
    1092  0.06250000 -0.25000000  0.25000000  0.0010
    1093  0.12500000 -0.25000000  0.25000000  0.0010
    1094  0.18750000 -0.25000000  0.25000000  0.0010
    1095  0.25000000 -0.25000000  0.25000000  0.0010
    1096  0.31250000 -0.25000000  0.25000000  0.0010
    1097  0.37500000 -0.25000000  0.25000000  0.0010
    1098  0.43750000 -0.25000000  0.25000000  0.0010
    1099  0.50000000 -0.25000000  0.25000000  0.0010
    1100  0.43750000  0.25000000 -0.25000000  0.0010
    1101  0.37500000  0.25000000 -0.25000000  0.0010
    1102  0.31250000  0.25000000 -0.25000000  0.0010
    1103  0.25000000  0.25000000 -0.25000000  0.0010
    1104  0.18750000  0.25000000 -0.25000000  0.0010
    1105  0.12500000  0.25000000 -0.25000000  0.0010
    1106  0.06250000  0.25000000 -0.25000000  0.0010
    1107  0.00000000 -0.18750000  0.25000000  0.0010
    1108  0.06250000 -0.18750000  0.25000000  0.0010
    1109  0.12500000 -0.18750000  0.25000000  0.0010
    1110  0.18750000 -0.18750000  0.25000000  0.0010
    1111  0.25000000 -0.18750000  0.25000000  0.0010
    1112  0.31250000 -0.18750000  0.25000000  0.0010
    1113  0.37500000 -0.18750000  0.25000000  0.0010
    1114  0.43750000 -0.18750000  0.25000000  0.0010
    1115  0.50000000 -0.18750000  0.25000000  0.0010
    1116  0.43750000  0.18750000 -0.25000000  0.0010
    1117  0.37500000  0.18750000 -0.25000000  0.0010
    1118  0.31250000  0.18750000 -0.25000000  0.0010
    1119  0.25000000  0.18750000 -0.25000000  0.0010
    1120  0.18750000  0.18750000 -0.25000000  0.0010
    1121  0.12500000  0.18750000 -0.25000000  0.0010
    1122 -0.06250000 -0.18750000  0.25000000  0.0010
    1123  0.00000000 -0.12500000  0.25000000  0.0010
    1124  0.06250000 -0.12500000  0.25000000  0.0010
    1125  0.12500000 -0.12500000  0.25000000  0.0010
    1126  0.18750000 -0.12500000  0.25000000  0.0010
    1127  0.25000000 -0.12500000  0.25000000  0.0010
    1128  0.31250000 -0.12500000  0.25000000  0.0010
    1129  0.37500000 -0.12500000  0.25000000  0.0010
    1130  0.43750000 -0.12500000  0.25000000  0.0010
    1131  0.50000000 -0.12500000  0.25000000  0.0010
    1132  0.43750000  0.12500000 -0.25000000  0.0010
    1133  0.37500000  0.12500000 -0.25000000  0.0010
    1134  0.31250000  0.12500000 -0.25000000  0.0010
    1135  0.25000000  0.12500000 -0.25000000  0.0010
    1136  0.18750000  0.12500000 -0.25000000  0.0010
    1137 -0.12500000 -0.12500000  0.25000000  0.0010
    1138 -0.06250000 -0.12500000  0.25000000  0.0010
    1139  0.00000000 -0.06250000  0.25000000  0.0010
    1140  0.06250000 -0.06250000  0.25000000  0.0010
    1141  0.12500000 -0.06250000  0.25000000  0.0010
    1142  0.18750000 -0.06250000  0.25000000  0.0010
    1143  0.25000000 -0.06250000  0.25000000  0.0010
    1144  0.31250000 -0.06250000  0.25000000  0.0010
    1145  0.37500000 -0.06250000  0.25000000  0.0010
    1146  0.43750000 -0.06250000  0.25000000  0.0010
    1147  0.50000000 -0.06250000  0.25000000  0.0010
    1148  0.43750000  0.06250000 -0.25000000  0.0010
    1149  0.37500000  0.06250000 -0.25000000  0.0010
    1150  0.31250000  0.06250000 -0.25000000  0.0010
    1151  0.25000000  0.06250000 -0.25000000  0.0010
    1152 -0.18750000 -0.06250000  0.25000000  0.0010
    1153 -0.12500000 -0.06250000  0.25000000  0.0010
    1154 -0.06250000 -0.06250000  0.25000000  0.0010
    1155  0.00000000  0.00000000  0.31250000  0.0010
    1156  0.06250000  0.00000000  0.31250000  0.0010
    1157  0.12500000  0.00000000  0.31250000  0.0010
    1158  0.18750000  0.00000000  0.31250000  0.0010
    1159  0.25000000  0.00000000  0.31250000  0.0010
    1160  0.31250000  0.00000000  0.31250000  0.0010
    1161  0.37500000  0.00000000  0.31250000  0.0010
    1162  0.43750000  0.00000000  0.31250000  0.0010
    1163  0.50000000  0.00000000  0.31250000  0.0010
    1164  0.43750000  0.00000000 -0.31250000  0.0010
    1165  0.37500000  0.00000000 -0.31250000  0.0010
    1166 -0.31250000  0.00000000  0.31250000  0.0010
    1167 -0.25000000  0.00000000  0.31250000  0.0010
    1168 -0.18750000  0.00000000  0.31250000  0.0010
    1169 -0.12500000  0.00000000  0.31250000  0.0010
    1170 -0.06250000  0.00000000  0.31250000  0.0010
    1171  0.00000000  0.06250000  0.31250000  0.0010
    1172  0.06250000  0.06250000  0.31250000  0.0010
    1173  0.12500000  0.06250000  0.31250000  0.0010
    1174  0.18750000  0.06250000  0.31250000  0.0010
    1175  0.25000000  0.06250000  0.31250000  0.0010
    1176  0.31250000  0.06250000  0.31250000  0.0010
    1177  0.37500000  0.06250000  0.31250000  0.0010
    1178  0.43750000  0.06250000  0.31250000  0.0010
    1179  0.50000000  0.06250000  0.31250000  0.0010
    1180  0.43750000 -0.06250000 -0.31250000  0.0010
    1181 -0.37500000  0.06250000  0.31250000  0.0010
    1182 -0.31250000  0.06250000  0.31250000  0.0010
    1183 -0.25000000  0.06250000  0.31250000  0.0010
    1184 -0.18750000  0.06250000  0.31250000  0.0010
    1185 -0.12500000  0.06250000  0.31250000  0.0010
    1186 -0.06250000  0.06250000  0.31250000  0.0010
    1187  0.00000000  0.12500000  0.31250000  0.0010
    1188  0.06250000  0.12500000  0.31250000  0.0010
    1189  0.12500000  0.12500000  0.31250000  0.0010
    1190  0.18750000  0.12500000  0.31250000  0.0010
    1191  0.25000000  0.12500000  0.31250000  0.0010
    1192  0.31250000  0.12500000  0.31250000  0.0010
    1193  0.37500000  0.12500000  0.31250000  0.0010
    1194  0.43750000  0.12500000  0.31250000  0.0010
    1195  0.50000000  0.12500000  0.31250000  0.0010
    1196 -0.43750000  0.12500000  0.31250000  0.0010
    1197 -0.37500000  0.12500000  0.31250000  0.0010
    1198 -0.31250000  0.12500000  0.31250000  0.0010
    1199 -0.25000000  0.12500000  0.31250000  0.0010
    1200 -0.18750000  0.12500000  0.31250000  0.0010
    1201 -0.12500000  0.12500000  0.31250000  0.0010
    1202 -0.06250000  0.12500000  0.31250000  0.0010
    1203  0.00000000  0.18750000  0.31250000  0.0010
    1204  0.06250000  0.18750000  0.31250000  0.0010
    1205  0.12500000  0.18750000  0.31250000  0.0010
    1206  0.18750000  0.18750000  0.31250000  0.0010
    1207  0.25000000  0.18750000  0.31250000  0.0010
    1208  0.31250000  0.18750000  0.31250000  0.0010
    1209  0.37500000  0.18750000  0.31250000  0.0010
    1210  0.43750000  0.18750000  0.31250000  0.0010
    1211  0.50000000  0.18750000  0.31250000  0.0010
    1212 -0.43750000  0.18750000  0.31250000  0.0010
    1213 -0.37500000  0.18750000  0.31250000  0.0010
    1214 -0.31250000  0.18750000  0.31250000  0.0010
    1215 -0.25000000  0.18750000  0.31250000  0.0010
    1216 -0.18750000  0.18750000  0.31250000  0.0010
    1217 -0.12500000  0.18750000  0.31250000  0.0010
    1218 -0.06250000  0.18750000  0.31250000  0.0010
    1219  0.00000000  0.25000000  0.31250000  0.0010
    1220  0.06250000  0.25000000  0.31250000  0.0010
    1221  0.12500000  0.25000000  0.31250000  0.0010
    1222  0.18750000  0.25000000  0.31250000  0.0010
    1223  0.25000000  0.25000000  0.31250000  0.0010
    1224  0.31250000  0.25000000  0.31250000  0.0010
    1225  0.37500000  0.25000000  0.31250000  0.0010
    1226  0.43750000  0.25000000  0.31250000  0.0010
    1227  0.50000000  0.25000000  0.31250000  0.0010
    1228 -0.43750000  0.25000000  0.31250000  0.0010
    1229 -0.37500000  0.25000000  0.31250000  0.0010
    1230 -0.31250000  0.25000000  0.31250000  0.0010
    1231 -0.25000000  0.25000000  0.31250000  0.0010
    1232 -0.18750000  0.25000000  0.31250000  0.0010
    1233 -0.12500000  0.25000000  0.31250000  0.0010
    1234 -0.06250000  0.25000000  0.31250000  0.0010
    1235  0.00000000  0.31250000  0.31250000  0.0010
    1236  0.06250000  0.31250000  0.31250000  0.0010
    1237  0.12500000  0.31250000  0.31250000  0.0010
    1238  0.18750000  0.31250000  0.31250000  0.0010
    1239  0.25000000  0.31250000  0.31250000  0.0010
    1240  0.31250000  0.31250000  0.31250000  0.0010
    1241  0.37500000  0.31250000  0.31250000  0.0010
    1242  0.43750000  0.31250000  0.31250000  0.0010
    1243  0.50000000  0.31250000  0.31250000  0.0010
    1244 -0.43750000  0.31250000  0.31250000  0.0010
    1245 -0.37500000  0.31250000  0.31250000  0.0010
    1246 -0.31250000  0.31250000  0.31250000  0.0010
    1247 -0.25000000  0.31250000  0.31250000  0.0010
    1248 -0.18750000  0.31250000  0.31250000  0.0010
    1249 -0.12500000  0.31250000  0.31250000  0.0010
    1250 -0.06250000  0.31250000  0.31250000  0.0010
    1251  0.00000000  0.37500000  0.31250000  0.0010
    1252  0.06250000  0.37500000  0.31250000  0.0010
    1253  0.12500000  0.37500000  0.31250000  0.0010
    1254  0.18750000  0.37500000  0.31250000  0.0010
    1255  0.25000000  0.37500000  0.31250000  0.0010
    1256  0.31250000  0.37500000  0.31250000  0.0010
    1257  0.37500000  0.37500000  0.31250000  0.0010
    1258  0.43750000  0.37500000  0.31250000  0.0010
    1259  0.50000000  0.37500000  0.31250000  0.0010
    1260 -0.43750000  0.37500000  0.31250000  0.0010
    1261 -0.37500000  0.37500000  0.31250000  0.0010
    1262 -0.31250000  0.37500000  0.31250000  0.0010
    1263 -0.25000000  0.37500000  0.31250000  0.0010
    1264 -0.18750000  0.37500000  0.31250000  0.0010
    1265 -0.12500000  0.37500000  0.31250000  0.0010
    1266 -0.06250000  0.37500000  0.31250000  0.0010
    1267  0.00000000  0.43750000  0.31250000  0.0010
    1268  0.06250000  0.43750000  0.31250000  0.0010
    1269  0.12500000  0.43750000  0.31250000  0.0010
    1270  0.18750000  0.43750000  0.31250000  0.0010
    1271  0.25000000  0.43750000  0.31250000  0.0010
    1272  0.31250000  0.43750000  0.31250000  0.0010
    1273  0.37500000  0.43750000  0.31250000  0.0010
    1274  0.43750000  0.43750000  0.31250000  0.0010
    1275  0.50000000  0.43750000  0.31250000  0.0010
    1276 -0.43750000  0.43750000  0.31250000  0.0010
    1277 -0.37500000  0.43750000  0.31250000  0.0010
    1278 -0.31250000  0.43750000  0.31250000  0.0010
    1279 -0.25000000  0.43750000  0.31250000  0.0010
    1280 -0.18750000  0.43750000  0.31250000  0.0010
    1281 -0.12500000  0.43750000  0.31250000  0.0010
    1282 -0.06250000  0.43750000  0.31250000  0.0010
    1283  0.00000000  0.50000000  0.31250000  0.0010
    1284  0.06250000  0.50000000  0.31250000  0.0010
    1285  0.12500000  0.50000000  0.31250000  0.0010
    1286  0.18750000  0.50000000  0.31250000  0.0010
    1287  0.25000000  0.50000000  0.31250000  0.0010
    1288  0.31250000  0.50000000  0.31250000  0.0010
    1289  0.37500000  0.50000000  0.31250000  0.0010
    1290  0.43750000  0.50000000  0.31250000  0.0010
    1291  0.50000000  0.50000000  0.31250000  0.0010
    1292  0.43750000  0.50000000 -0.31250000  0.0010
    1293  0.37500000  0.50000000 -0.31250000  0.0010
    1294 -0.31250000  0.50000000  0.31250000  0.0010
    1295 -0.25000000  0.50000000  0.31250000  0.0010
    1296 -0.18750000  0.50000000  0.31250000  0.0010
    1297 -0.12500000  0.50000000  0.31250000  0.0010
    1298 -0.06250000  0.50000000  0.31250000  0.0010
    1299  0.00000000  0.43750000 -0.31250000  0.0010
    1300 -0.06250000  0.43750000 -0.31250000  0.0010
    1301  0.12500000 -0.43750000  0.31250000  0.0010
    1302  0.18750000 -0.43750000  0.31250000  0.0010
    1303  0.25000000 -0.43750000  0.31250000  0.0010
    1304  0.31250000 -0.43750000  0.31250000  0.0010
    1305  0.37500000 -0.43750000  0.31250000  0.0010
    1306  0.43750000 -0.43750000  0.31250000  0.0010
    1307  0.50000000  0.43750000 -0.31250000  0.0010
    1308  0.43750000  0.43750000 -0.31250000  0.0010
    1309  0.37500000  0.43750000 -0.31250000  0.0010
    1310  0.31250000  0.43750000 -0.31250000  0.0010
    1311  0.25000000  0.43750000 -0.31250000  0.0010
    1312  0.18750000  0.43750000 -0.31250000  0.0010
    1313  0.12500000  0.43750000 -0.31250000  0.0010
    1314  0.06250000  0.43750000 -0.31250000  0.0010
    1315  0.00000000  0.37500000 -0.31250000  0.0010
    1316  0.06250000 -0.37500000  0.31250000  0.0010
    1317  0.12500000 -0.37500000  0.31250000  0.0010
    1318  0.18750000 -0.37500000  0.31250000  0.0010
    1319  0.25000000 -0.37500000  0.31250000  0.0010
    1320  0.31250000 -0.37500000  0.31250000  0.0010
    1321  0.37500000 -0.37500000  0.31250000  0.0010
    1322  0.43750000 -0.37500000  0.31250000  0.0010
    1323  0.50000000  0.37500000 -0.31250000  0.0010
    1324  0.43750000  0.37500000 -0.31250000  0.0010
    1325  0.37500000  0.37500000 -0.31250000  0.0010
    1326  0.31250000  0.37500000 -0.31250000  0.0010
    1327  0.25000000  0.37500000 -0.31250000  0.0010
    1328  0.18750000  0.37500000 -0.31250000  0.0010
    1329  0.12500000  0.37500000 -0.31250000  0.0010
    1330  0.06250000  0.37500000 -0.31250000  0.0010
    1331  0.00000000 -0.31250000  0.31250000  0.0010
    1332  0.06250000 -0.31250000  0.31250000  0.0010
    1333  0.12500000 -0.31250000  0.31250000  0.0010
    1334  0.18750000 -0.31250000  0.31250000  0.0010
    1335  0.25000000 -0.31250000  0.31250000  0.0010
    1336  0.31250000 -0.31250000  0.31250000  0.0010
    1337  0.37500000 -0.31250000  0.31250000  0.0010
    1338  0.43750000 -0.31250000  0.31250000  0.0010
    1339  0.50000000  0.31250000 -0.31250000  0.0010
    1340  0.43750000  0.31250000 -0.31250000  0.0010
    1341  0.37500000  0.31250000 -0.31250000  0.0010
    1342  0.31250000  0.31250000 -0.31250000  0.0010
    1343  0.25000000  0.31250000 -0.31250000  0.0010
    1344  0.18750000  0.31250000 -0.31250000  0.0010
    1345  0.12500000  0.31250000 -0.31250000  0.0010
    1346  0.06250000  0.31250000 -0.31250000  0.0010
    1347  0.00000000 -0.25000000  0.31250000  0.0010
    1348  0.06250000 -0.25000000  0.31250000  0.0010
    1349  0.12500000 -0.25000000  0.31250000  0.0010
    1350  0.18750000 -0.25000000  0.31250000  0.0010
    1351  0.25000000 -0.25000000  0.31250000  0.0010
    1352  0.31250000 -0.25000000  0.31250000  0.0010
    1353  0.37500000 -0.25000000  0.31250000  0.0010
    1354  0.43750000 -0.25000000  0.31250000  0.0010
    1355  0.50000000 -0.25000000  0.31250000  0.0010
    1356  0.43750000  0.25000000 -0.31250000  0.0010
    1357  0.37500000  0.25000000 -0.31250000  0.0010
    1358  0.31250000  0.25000000 -0.31250000  0.0010
    1359  0.25000000  0.25000000 -0.31250000  0.0010
    1360  0.18750000  0.25000000 -0.31250000  0.0010
    1361  0.12500000  0.25000000 -0.31250000  0.0010
    1362 -0.06250000 -0.25000000  0.31250000  0.0010
    1363  0.00000000 -0.18750000  0.31250000  0.0010
    1364  0.06250000 -0.18750000  0.31250000  0.0010
    1365  0.12500000 -0.18750000  0.31250000  0.0010
    1366  0.18750000 -0.18750000  0.31250000  0.0010
    1367  0.25000000 -0.18750000  0.31250000  0.0010
    1368  0.31250000 -0.18750000  0.31250000  0.0010
    1369  0.37500000 -0.18750000  0.31250000  0.0010
    1370  0.43750000 -0.18750000  0.31250000  0.0010
    1371  0.50000000 -0.18750000  0.31250000  0.0010
    1372  0.43750000  0.18750000 -0.31250000  0.0010
    1373  0.37500000  0.18750000 -0.31250000  0.0010
    1374  0.31250000  0.18750000 -0.31250000  0.0010
    1375  0.25000000  0.18750000 -0.31250000  0.0010
    1376  0.18750000  0.18750000 -0.31250000  0.0010
    1377 -0.12500000 -0.18750000  0.31250000  0.0010
    1378 -0.06250000 -0.18750000  0.31250000  0.0010
    1379  0.00000000 -0.12500000  0.31250000  0.0010
    1380  0.06250000 -0.12500000  0.31250000  0.0010
    1381  0.12500000 -0.12500000  0.31250000  0.0010
    1382  0.18750000 -0.12500000  0.31250000  0.0010
    1383  0.25000000 -0.12500000  0.31250000  0.0010
    1384  0.31250000 -0.12500000  0.31250000  0.0010
    1385  0.37500000 -0.12500000  0.31250000  0.0010
    1386  0.43750000 -0.12500000  0.31250000  0.0010
    1387  0.50000000 -0.12500000  0.31250000  0.0010
    1388  0.43750000  0.12500000 -0.31250000  0.0010
    1389  0.37500000  0.12500000 -0.31250000  0.0010
    1390  0.31250000  0.12500000 -0.31250000  0.0010
    1391  0.25000000  0.12500000 -0.31250000  0.0010
    1392 -0.18750000 -0.12500000  0.31250000  0.0010
    1393 -0.12500000 -0.12500000  0.31250000  0.0010
    1394 -0.06250000 -0.12500000  0.31250000  0.0010
    1395  0.00000000 -0.06250000  0.31250000  0.0010
    1396  0.06250000 -0.06250000  0.31250000  0.0010
    1397  0.12500000 -0.06250000  0.31250000  0.0010
    1398  0.18750000 -0.06250000  0.31250000  0.0010
    1399  0.25000000 -0.06250000  0.31250000  0.0010
    1400  0.31250000 -0.06250000  0.31250000  0.0010
    1401  0.37500000 -0.06250000  0.31250000  0.0010
    1402  0.43750000 -0.06250000  0.31250000  0.0010
    1403  0.50000000 -0.06250000  0.31250000  0.0010
    1404  0.43750000  0.06250000 -0.31250000  0.0010
    1405  0.37500000  0.06250000 -0.31250000  0.0010
    1406  0.31250000  0.06250000 -0.31250000  0.0010
    1407 -0.25000000 -0.06250000  0.31250000  0.0010
    1408 -0.18750000 -0.06250000  0.31250000  0.0010
    1409 -0.12500000 -0.06250000  0.31250000  0.0010
    1410 -0.06250000 -0.06250000  0.31250000  0.0010
    1411  0.00000000  0.00000000  0.37500000  0.0010
    1412  0.06250000  0.00000000  0.37500000  0.0010
    1413  0.12500000  0.00000000  0.37500000  0.0010
    1414  0.18750000  0.00000000  0.37500000  0.0010
    1415  0.25000000  0.00000000  0.37500000  0.0010
    1416  0.31250000  0.00000000  0.37500000  0.0010
    1417  0.37500000  0.00000000  0.37500000  0.0010
    1418  0.43750000  0.00000000  0.37500000  0.0010
    1419  0.50000000  0.00000000  0.37500000  0.0010
    1420  0.43750000  0.00000000 -0.37500000  0.0010
    1421 -0.37500000  0.00000000  0.37500000  0.0010
    1422 -0.31250000  0.00000000  0.37500000  0.0010
    1423 -0.25000000  0.00000000  0.37500000  0.0010
    1424 -0.18750000  0.00000000  0.37500000  0.0010
    1425 -0.12500000  0.00000000  0.37500000  0.0010
    1426 -0.06250000  0.00000000  0.37500000  0.0010
    1427  0.00000000  0.06250000  0.37500000  0.0010
    1428  0.06250000  0.06250000  0.37500000  0.0010
    1429  0.12500000  0.06250000  0.37500000  0.0010
    1430  0.18750000  0.06250000  0.37500000  0.0010
    1431  0.25000000  0.06250000  0.37500000  0.0010
    1432  0.31250000  0.06250000  0.37500000  0.0010
    1433  0.37500000  0.06250000  0.37500000  0.0010
    1434  0.43750000  0.06250000  0.37500000  0.0010
    1435  0.50000000  0.06250000  0.37500000  0.0010
    1436 -0.43750000  0.06250000  0.37500000  0.0010
    1437 -0.37500000  0.06250000  0.37500000  0.0010
    1438 -0.31250000  0.06250000  0.37500000  0.0010
    1439 -0.25000000  0.06250000  0.37500000  0.0010
    1440 -0.18750000  0.06250000  0.37500000  0.0010
    1441 -0.12500000  0.06250000  0.37500000  0.0010
    1442 -0.06250000  0.06250000  0.37500000  0.0010
    1443  0.00000000  0.12500000  0.37500000  0.0010
    1444  0.06250000  0.12500000  0.37500000  0.0010
    1445  0.12500000  0.12500000  0.37500000  0.0010
    1446  0.18750000  0.12500000  0.37500000  0.0010
    1447  0.25000000  0.12500000  0.37500000  0.0010
    1448  0.31250000  0.12500000  0.37500000  0.0010
    1449  0.37500000  0.12500000  0.37500000  0.0010
    1450  0.43750000  0.12500000  0.37500000  0.0010
    1451  0.50000000  0.12500000  0.37500000  0.0010
    1452 -0.43750000  0.12500000  0.37500000  0.0010
    1453 -0.37500000  0.12500000  0.37500000  0.0010
    1454 -0.31250000  0.12500000  0.37500000  0.0010
    1455 -0.25000000  0.12500000  0.37500000  0.0010
    1456 -0.18750000  0.12500000  0.37500000  0.0010
    1457 -0.12500000  0.12500000  0.37500000  0.0010
    1458 -0.06250000  0.12500000  0.37500000  0.0010
    1459  0.00000000  0.18750000  0.37500000  0.0010
    1460  0.06250000  0.18750000  0.37500000  0.0010
    1461  0.12500000  0.18750000  0.37500000  0.0010
    1462  0.18750000  0.18750000  0.37500000  0.0010
    1463  0.25000000  0.18750000  0.37500000  0.0010
    1464  0.31250000  0.18750000  0.37500000  0.0010
    1465  0.37500000  0.18750000  0.37500000  0.0010
    1466  0.43750000  0.18750000  0.37500000  0.0010
    1467  0.50000000  0.18750000  0.37500000  0.0010
    1468 -0.43750000  0.18750000  0.37500000  0.0010
    1469 -0.37500000  0.18750000  0.37500000  0.0010
    1470 -0.31250000  0.18750000  0.37500000  0.0010
    1471 -0.25000000  0.18750000  0.37500000  0.0010
    1472 -0.18750000  0.18750000  0.37500000  0.0010
    1473 -0.12500000  0.18750000  0.37500000  0.0010
    1474 -0.06250000  0.18750000  0.37500000  0.0010
    1475  0.00000000  0.25000000  0.37500000  0.0010
    1476  0.06250000  0.25000000  0.37500000  0.0010
    1477  0.12500000  0.25000000  0.37500000  0.0010
    1478  0.18750000  0.25000000  0.37500000  0.0010
    1479  0.25000000  0.25000000  0.37500000  0.0010
    1480  0.31250000  0.25000000  0.37500000  0.0010
    1481  0.37500000  0.25000000  0.37500000  0.0010
    1482  0.43750000  0.25000000  0.37500000  0.0010
    1483  0.50000000  0.25000000  0.37500000  0.0010
    1484 -0.43750000  0.25000000  0.37500000  0.0010
    1485 -0.37500000  0.25000000  0.37500000  0.0010
    1486 -0.31250000  0.25000000  0.37500000  0.0010
    1487 -0.25000000  0.25000000  0.37500000  0.0010
    1488 -0.18750000  0.25000000  0.37500000  0.0010
    1489 -0.12500000  0.25000000  0.37500000  0.0010
    1490 -0.06250000  0.25000000  0.37500000  0.0010
    1491  0.00000000  0.31250000  0.37500000  0.0010
    1492  0.06250000  0.31250000  0.37500000  0.0010
    1493  0.12500000  0.31250000  0.37500000  0.0010
    1494  0.18750000  0.31250000  0.37500000  0.0010
    1495  0.25000000  0.31250000  0.37500000  0.0010
    1496  0.31250000  0.31250000  0.37500000  0.0010
    1497  0.37500000  0.31250000  0.37500000  0.0010
    1498  0.43750000  0.31250000  0.37500000  0.0010
    1499  0.50000000  0.31250000  0.37500000  0.0010
    1500 -0.43750000  0.31250000  0.37500000  0.0010
    1501 -0.37500000  0.31250000  0.37500000  0.0010
    1502 -0.31250000  0.31250000  0.37500000  0.0010
    1503 -0.25000000  0.31250000  0.37500000  0.0010
    1504 -0.18750000  0.31250000  0.37500000  0.0010
    1505 -0.12500000  0.31250000  0.37500000  0.0010
    1506 -0.06250000  0.31250000  0.37500000  0.0010
    1507  0.00000000  0.37500000  0.37500000  0.0010
    1508  0.06250000  0.37500000  0.37500000  0.0010
    1509  0.12500000  0.37500000  0.37500000  0.0010
    1510  0.18750000  0.37500000  0.37500000  0.0010
    1511  0.25000000  0.37500000  0.37500000  0.0010
    1512  0.31250000  0.37500000  0.37500000  0.0010
    1513  0.37500000  0.37500000  0.37500000  0.0010
    1514  0.43750000  0.37500000  0.37500000  0.0010
    1515  0.50000000  0.37500000  0.37500000  0.0010
    1516 -0.43750000  0.37500000  0.37500000  0.0010
    1517 -0.37500000  0.37500000  0.37500000  0.0010
    1518 -0.31250000  0.37500000  0.37500000  0.0010
    1519 -0.25000000  0.37500000  0.37500000  0.0010
    1520 -0.18750000  0.37500000  0.37500000  0.0010
    1521 -0.12500000  0.37500000  0.37500000  0.0010
    1522 -0.06250000  0.37500000  0.37500000  0.0010
    1523  0.00000000  0.43750000  0.37500000  0.0010
    1524  0.06250000  0.43750000  0.37500000  0.0010
    1525  0.12500000  0.43750000  0.37500000  0.0010
    1526  0.18750000  0.43750000  0.37500000  0.0010
    1527  0.25000000  0.43750000  0.37500000  0.0010
    1528  0.31250000  0.43750000  0.37500000  0.0010
    1529  0.37500000  0.43750000  0.37500000  0.0010
    1530  0.43750000  0.43750000  0.37500000  0.0010
    1531  0.50000000  0.43750000  0.37500000  0.0010
    1532 -0.43750000  0.43750000  0.37500000  0.0010
    1533 -0.37500000  0.43750000  0.37500000  0.0010
    1534 -0.31250000  0.43750000  0.37500000  0.0010
    1535 -0.25000000  0.43750000  0.37500000  0.0010
    1536 -0.18750000  0.43750000  0.37500000  0.0010
    1537 -0.12500000  0.43750000  0.37500000  0.0010
    1538 -0.06250000  0.43750000  0.37500000  0.0010
    1539  0.00000000  0.50000000  0.37500000  0.0010
    1540  0.06250000  0.50000000  0.37500000  0.0010
    1541  0.12500000  0.50000000  0.37500000  0.0010
    1542  0.18750000  0.50000000  0.37500000  0.0010
    1543  0.25000000  0.50000000  0.37500000  0.0010
    1544  0.31250000  0.50000000  0.37500000  0.0010
    1545  0.37500000  0.50000000  0.37500000  0.0010
    1546  0.43750000  0.50000000  0.37500000  0.0010
    1547  0.50000000  0.50000000  0.37500000  0.0010
    1548  0.43750000  0.50000000 -0.37500000  0.0010
    1549 -0.37500000  0.50000000  0.37500000  0.0010
    1550 -0.31250000  0.50000000  0.37500000  0.0010
    1551 -0.25000000  0.50000000  0.37500000  0.0010
    1552 -0.18750000  0.50000000  0.37500000  0.0010
    1553 -0.12500000  0.50000000  0.37500000  0.0010
    1554 -0.06250000  0.50000000  0.37500000  0.0010
    1555  0.00000000  0.43750000 -0.37500000  0.0010
    1556  0.06250000 -0.43750000  0.37500000  0.0010
    1557  0.12500000 -0.43750000  0.37500000  0.0010
    1558  0.18750000 -0.43750000  0.37500000  0.0010
    1559  0.25000000 -0.43750000  0.37500000  0.0010
    1560  0.31250000 -0.43750000  0.37500000  0.0010
    1561  0.37500000 -0.43750000  0.37500000  0.0010
    1562  0.43750000 -0.43750000  0.37500000  0.0010
    1563  0.50000000  0.43750000 -0.37500000  0.0010
    1564  0.43750000  0.43750000 -0.37500000  0.0010
    1565  0.37500000  0.43750000 -0.37500000  0.0010
    1566  0.31250000  0.43750000 -0.37500000  0.0010
    1567  0.25000000  0.43750000 -0.37500000  0.0010
    1568  0.18750000  0.43750000 -0.37500000  0.0010
    1569  0.12500000  0.43750000 -0.37500000  0.0010
    1570  0.06250000  0.43750000 -0.37500000  0.0010
    1571  0.00000000 -0.37500000  0.37500000  0.0010
    1572  0.06250000 -0.37500000  0.37500000  0.0010
    1573  0.12500000 -0.37500000  0.37500000  0.0010
    1574  0.18750000 -0.37500000  0.37500000  0.0010
    1575  0.25000000 -0.37500000  0.37500000  0.0010
    1576  0.31250000 -0.37500000  0.37500000  0.0010
    1577  0.37500000 -0.37500000  0.37500000  0.0010
    1578  0.43750000 -0.37500000  0.37500000  0.0010
    1579  0.50000000 -0.37500000  0.37500000  0.0010
    1580  0.43750000  0.37500000 -0.37500000  0.0010
    1581  0.37500000  0.37500000 -0.37500000  0.0010
    1582  0.31250000  0.37500000 -0.37500000  0.0010
    1583  0.25000000  0.37500000 -0.37500000  0.0010
    1584  0.18750000  0.37500000 -0.37500000  0.0010
    1585  0.12500000  0.37500000 -0.37500000  0.0010
    1586  0.06250000  0.37500000 -0.37500000  0.0010
    1587  0.00000000 -0.31250000  0.37500000  0.0010
    1588  0.06250000 -0.31250000  0.37500000  0.0010
    1589  0.12500000 -0.31250000  0.37500000  0.0010
    1590  0.18750000 -0.31250000  0.37500000  0.0010
    1591  0.25000000 -0.31250000  0.37500000  0.0010
    1592  0.31250000 -0.31250000  0.37500000  0.0010
    1593  0.37500000 -0.31250000  0.37500000  0.0010
    1594  0.43750000 -0.31250000  0.37500000  0.0010
    1595  0.50000000 -0.31250000  0.37500000  0.0010
    1596  0.43750000  0.31250000 -0.37500000  0.0010
    1597  0.37500000  0.31250000 -0.37500000  0.0010
    1598  0.31250000  0.31250000 -0.37500000  0.0010
    1599  0.25000000  0.31250000 -0.37500000  0.0010
    1600  0.18750000  0.31250000 -0.37500000  0.0010
    1601  0.12500000  0.31250000 -0.37500000  0.0010
    1602 -0.06250000 -0.31250000  0.37500000  0.0010
    1603  0.00000000 -0.25000000  0.37500000  0.0010
    1604  0.06250000 -0.25000000  0.37500000  0.0010
    1605  0.12500000 -0.25000000  0.37500000  0.0010
    1606  0.18750000 -0.25000000  0.37500000  0.0010
    1607  0.25000000 -0.25000000  0.37500000  0.0010
    1608  0.31250000 -0.25000000  0.37500000  0.0010
    1609  0.37500000 -0.25000000  0.37500000  0.0010
    1610  0.43750000 -0.25000000  0.37500000  0.0010
    1611  0.50000000 -0.25000000  0.37500000  0.0010
    1612  0.43750000  0.25000000 -0.37500000  0.0010
    1613  0.37500000  0.25000000 -0.37500000  0.0010
    1614  0.31250000  0.25000000 -0.37500000  0.0010
    1615  0.25000000  0.25000000 -0.37500000  0.0010
    1616  0.18750000  0.25000000 -0.37500000  0.0010
    1617 -0.12500000 -0.25000000  0.37500000  0.0010
    1618 -0.06250000 -0.25000000  0.37500000  0.0010
    1619  0.00000000 -0.18750000  0.37500000  0.0010
    1620  0.06250000 -0.18750000  0.37500000  0.0010
    1621  0.12500000 -0.18750000  0.37500000  0.0010
    1622  0.18750000 -0.18750000  0.37500000  0.0010
    1623  0.25000000 -0.18750000  0.37500000  0.0010
    1624  0.31250000 -0.18750000  0.37500000  0.0010
    1625  0.37500000 -0.18750000  0.37500000  0.0010
    1626  0.43750000 -0.18750000  0.37500000  0.0010
    1627  0.50000000 -0.18750000  0.37500000  0.0010
    1628  0.43750000  0.18750000 -0.37500000  0.0010
    1629  0.37500000  0.18750000 -0.37500000  0.0010
    1630  0.31250000  0.18750000 -0.37500000  0.0010
    1631  0.25000000  0.18750000 -0.37500000  0.0010
    1632 -0.18750000 -0.18750000  0.37500000  0.0010
    1633 -0.12500000 -0.18750000  0.37500000  0.0010
    1634 -0.06250000 -0.18750000  0.37500000  0.0010
    1635  0.00000000 -0.12500000  0.37500000  0.0010
    1636  0.06250000 -0.12500000  0.37500000  0.0010
    1637  0.12500000 -0.12500000  0.37500000  0.0010
    1638  0.18750000 -0.12500000  0.37500000  0.0010
    1639  0.25000000 -0.12500000  0.37500000  0.0010
    1640  0.31250000 -0.12500000  0.37500000  0.0010
    1641  0.37500000 -0.12500000  0.37500000  0.0010
    1642  0.43750000 -0.12500000  0.37500000  0.0010
    1643  0.50000000 -0.12500000  0.37500000  0.0010
    1644  0.43750000  0.12500000 -0.37500000  0.0010
    1645  0.37500000  0.12500000 -0.37500000  0.0010
    1646  0.31250000  0.12500000 -0.37500000  0.0010
    1647 -0.25000000 -0.12500000  0.37500000  0.0010
    1648 -0.18750000 -0.12500000  0.37500000  0.0010
    1649 -0.12500000 -0.12500000  0.37500000  0.0010
    1650 -0.06250000 -0.12500000  0.37500000  0.0010
    1651  0.00000000 -0.06250000  0.37500000  0.0010
    1652  0.06250000 -0.06250000  0.37500000  0.0010
    1653  0.12500000 -0.06250000  0.37500000  0.0010
    1654  0.18750000 -0.06250000  0.37500000  0.0010
    1655  0.25000000 -0.06250000  0.37500000  0.0010
    1656  0.31250000 -0.06250000  0.37500000  0.0010
    1657  0.37500000 -0.06250000  0.37500000  0.0010
    1658  0.43750000 -0.06250000  0.37500000  0.0010
    1659  0.50000000 -0.06250000  0.37500000  0.0010
    1660  0.43750000  0.06250000 -0.37500000  0.0010
    1661  0.37500000  0.06250000 -0.37500000  0.0010
    1662 -0.31250000 -0.06250000  0.37500000  0.0010
    1663 -0.25000000 -0.06250000  0.37500000  0.0010
    1664 -0.18750000 -0.06250000  0.37500000  0.0010
    1665 -0.12500000 -0.06250000  0.37500000  0.0010
    1666 -0.06250000 -0.06250000  0.37500000  0.0010
    1667  0.00000000  0.00000000  0.43750000  0.0010
    1668  0.06250000  0.00000000  0.43750000  0.0010
    1669  0.12500000  0.00000000  0.43750000  0.0010
    1670  0.18750000  0.00000000  0.43750000  0.0010
    1671  0.25000000  0.00000000  0.43750000  0.0010
    1672  0.31250000  0.00000000  0.43750000  0.0010
    1673  0.37500000  0.00000000  0.43750000  0.0010
    1674  0.43750000  0.00000000  0.43750000  0.0010
    1675  0.50000000  0.00000000  0.43750000  0.0010
    1676 -0.43750000  0.00000000  0.43750000  0.0010
    1677 -0.37500000  0.00000000  0.43750000  0.0010
    1678 -0.31250000  0.00000000  0.43750000  0.0010
    1679 -0.25000000  0.00000000  0.43750000  0.0010
    1680 -0.18750000  0.00000000  0.43750000  0.0010
    1681 -0.12500000  0.00000000  0.43750000  0.0010
    1682 -0.06250000  0.00000000  0.43750000  0.0010
    1683  0.00000000  0.06250000  0.43750000  0.0010
    1684  0.06250000  0.06250000  0.43750000  0.0010
    1685  0.12500000  0.06250000  0.43750000  0.0010
    1686  0.18750000  0.06250000  0.43750000  0.0010
    1687  0.25000000  0.06250000  0.43750000  0.0010
    1688  0.31250000  0.06250000  0.43750000  0.0010
    1689  0.37500000  0.06250000  0.43750000  0.0010
    1690  0.43750000  0.06250000  0.43750000  0.0010
    1691  0.50000000  0.06250000  0.43750000  0.0010
    1692 -0.43750000  0.06250000  0.43750000  0.0010
    1693 -0.37500000  0.06250000  0.43750000  0.0010
    1694 -0.31250000  0.06250000  0.43750000  0.0010
    1695 -0.25000000  0.06250000  0.43750000  0.0010
    1696 -0.18750000  0.06250000  0.43750000  0.0010
    1697 -0.12500000  0.06250000  0.43750000  0.0010
    1698 -0.06250000  0.06250000  0.43750000  0.0010
    1699  0.00000000  0.12500000  0.43750000  0.0010
    1700  0.06250000  0.12500000  0.43750000  0.0010
    1701  0.12500000  0.12500000  0.43750000  0.0010
    1702  0.18750000  0.12500000  0.43750000  0.0010
    1703  0.25000000  0.12500000  0.43750000  0.0010
    1704  0.31250000  0.12500000  0.43750000  0.0010
    1705  0.37500000  0.12500000  0.43750000  0.0010
    1706  0.43750000  0.12500000  0.43750000  0.0010
    1707  0.50000000  0.12500000  0.43750000  0.0010
    1708 -0.43750000  0.12500000  0.43750000  0.0010
    1709 -0.37500000  0.12500000  0.43750000  0.0010
    1710 -0.31250000  0.12500000  0.43750000  0.0010
    1711 -0.25000000  0.12500000  0.43750000  0.0010
    1712 -0.18750000  0.12500000  0.43750000  0.0010
    1713 -0.12500000  0.12500000  0.43750000  0.0010
    1714 -0.06250000  0.12500000  0.43750000  0.0010
    1715  0.00000000  0.18750000  0.43750000  0.0010
    1716  0.06250000  0.18750000  0.43750000  0.0010
    1717  0.12500000  0.18750000  0.43750000  0.0010
    1718  0.18750000  0.18750000  0.43750000  0.0010
    1719  0.25000000  0.18750000  0.43750000  0.0010
    1720  0.31250000  0.18750000  0.43750000  0.0010
    1721  0.37500000  0.18750000  0.43750000  0.0010
    1722  0.43750000  0.18750000  0.43750000  0.0010
    1723  0.50000000  0.18750000  0.43750000  0.0010
    1724 -0.43750000  0.18750000  0.43750000  0.0010
    1725 -0.37500000  0.18750000  0.43750000  0.0010
    1726 -0.31250000  0.18750000  0.43750000  0.0010
    1727 -0.25000000  0.18750000  0.43750000  0.0010
    1728 -0.18750000  0.18750000  0.43750000  0.0010
    1729 -0.12500000  0.18750000  0.43750000  0.0010
    1730 -0.06250000  0.18750000  0.43750000  0.0010
    1731  0.00000000  0.25000000  0.43750000  0.0010
    1732  0.06250000  0.25000000  0.43750000  0.0010
    1733  0.12500000  0.25000000  0.43750000  0.0010
    1734  0.18750000  0.25000000  0.43750000  0.0010
    1735  0.25000000  0.25000000  0.43750000  0.0010
    1736  0.31250000  0.25000000  0.43750000  0.0010
    1737  0.37500000  0.25000000  0.43750000  0.0010
    1738  0.43750000  0.25000000  0.43750000  0.0010
    1739  0.50000000  0.25000000  0.43750000  0.0010
    1740 -0.43750000  0.25000000  0.43750000  0.0010
    1741 -0.37500000  0.25000000  0.43750000  0.0010
    1742 -0.31250000  0.25000000  0.43750000  0.0010
    1743 -0.25000000  0.25000000  0.43750000  0.0010
    1744 -0.18750000  0.25000000  0.43750000  0.0010
    1745 -0.12500000  0.25000000  0.43750000  0.0010
    1746 -0.06250000  0.25000000  0.43750000  0.0010
    1747  0.00000000  0.31250000  0.43750000  0.0010
    1748  0.06250000  0.31250000  0.43750000  0.0010
    1749  0.12500000  0.31250000  0.43750000  0.0010
    1750  0.18750000  0.31250000  0.43750000  0.0010
    1751  0.25000000  0.31250000  0.43750000  0.0010
    1752  0.31250000  0.31250000  0.43750000  0.0010
    1753  0.37500000  0.31250000  0.43750000  0.0010
    1754  0.43750000  0.31250000  0.43750000  0.0010
    1755  0.50000000  0.31250000  0.43750000  0.0010
    1756 -0.43750000  0.31250000  0.43750000  0.0010
    1757 -0.37500000  0.31250000  0.43750000  0.0010
    1758 -0.31250000  0.31250000  0.43750000  0.0010
    1759 -0.25000000  0.31250000  0.43750000  0.0010
    1760 -0.18750000  0.31250000  0.43750000  0.0010
    1761 -0.12500000  0.31250000  0.43750000  0.0010
    1762 -0.06250000  0.31250000  0.43750000  0.0010
    1763  0.00000000  0.37500000  0.43750000  0.0010
    1764  0.06250000  0.37500000  0.43750000  0.0010
    1765  0.12500000  0.37500000  0.43750000  0.0010
    1766  0.18750000  0.37500000  0.43750000  0.0010
    1767  0.25000000  0.37500000  0.43750000  0.0010
    1768  0.31250000  0.37500000  0.43750000  0.0010
    1769  0.37500000  0.37500000  0.43750000  0.0010
    1770  0.43750000  0.37500000  0.43750000  0.0010
    1771  0.50000000  0.37500000  0.43750000  0.0010
    1772 -0.43750000  0.37500000  0.43750000  0.0010
    1773 -0.37500000  0.37500000  0.43750000  0.0010
    1774 -0.31250000  0.37500000  0.43750000  0.0010
    1775 -0.25000000  0.37500000  0.43750000  0.0010
    1776 -0.18750000  0.37500000  0.43750000  0.0010
    1777 -0.12500000  0.37500000  0.43750000  0.0010
    1778 -0.06250000  0.37500000  0.43750000  0.0010
    1779  0.00000000  0.43750000  0.43750000  0.0010
    1780  0.06250000  0.43750000  0.43750000  0.0010
    1781  0.12500000  0.43750000  0.43750000  0.0010
    1782  0.18750000  0.43750000  0.43750000  0.0010
    1783  0.25000000  0.43750000  0.43750000  0.0010
    1784  0.31250000  0.43750000  0.43750000  0.0010
    1785  0.37500000  0.43750000  0.43750000  0.0010
    1786  0.43750000  0.43750000  0.43750000  0.0010
    1787  0.50000000  0.43750000  0.43750000  0.0010
    1788 -0.43750000  0.43750000  0.43750000  0.0010
    1789 -0.37500000  0.43750000  0.43750000  0.0010
    1790 -0.31250000  0.43750000  0.43750000  0.0010
    1791 -0.25000000  0.43750000  0.43750000  0.0010
    1792 -0.18750000  0.43750000  0.43750000  0.0010
    1793 -0.12500000  0.43750000  0.43750000  0.0010
    1794 -0.06250000  0.43750000  0.43750000  0.0010
    1795  0.00000000  0.50000000  0.43750000  0.0010
    1796  0.06250000  0.50000000  0.43750000  0.0010
    1797  0.12500000  0.50000000  0.43750000  0.0010
    1798  0.18750000  0.50000000  0.43750000  0.0010
    1799  0.25000000  0.50000000  0.43750000  0.0010
    1800  0.31250000  0.50000000  0.43750000  0.0010
    1801  0.37500000  0.50000000  0.43750000  0.0010
    1802  0.43750000  0.50000000  0.43750000  0.0010
    1803  0.50000000  0.50000000  0.43750000  0.0010
    1804 -0.43750000  0.50000000  0.43750000  0.0010
    1805 -0.37500000  0.50000000  0.43750000  0.0010
    1806 -0.31250000  0.50000000  0.43750000  0.0010
    1807 -0.25000000  0.50000000  0.43750000  0.0010
    1808 -0.18750000  0.50000000  0.43750000  0.0010
    1809 -0.12500000  0.50000000  0.43750000  0.0010
    1810 -0.06250000  0.50000000  0.43750000  0.0010
    1811  0.00000000 -0.43750000  0.43750000  0.0010
    1812  0.06250000 -0.43750000  0.43750000  0.0010
    1813  0.12500000 -0.43750000  0.43750000  0.0010
    1814  0.18750000 -0.43750000  0.43750000  0.0010
    1815  0.25000000 -0.43750000  0.43750000  0.0010
    1816  0.31250000 -0.43750000  0.43750000  0.0010
    1817  0.37500000 -0.43750000  0.43750000  0.0010
    1818  0.43750000 -0.43750000  0.43750000  0.0010
    1819  0.50000000 -0.43750000  0.43750000  0.0010
    1820  0.43750000  0.43750000 -0.43750000  0.0010
    1821  0.37500000  0.43750000 -0.43750000  0.0010
    1822  0.31250000  0.43750000 -0.43750000  0.0010
    1823  0.25000000  0.43750000 -0.43750000  0.0010
    1824  0.18750000  0.43750000 -0.43750000  0.0010
    1825  0.12500000  0.43750000 -0.43750000  0.0010
    1826  0.06250000  0.43750000 -0.43750000  0.0010
    1827  0.00000000 -0.37500000  0.43750000  0.0010
    1828  0.06250000 -0.37500000  0.43750000  0.0010
    1829  0.12500000 -0.37500000  0.43750000  0.0010
    1830  0.18750000 -0.37500000  0.43750000  0.0010
    1831  0.25000000 -0.37500000  0.43750000  0.0010
    1832  0.31250000 -0.37500000  0.43750000  0.0010
    1833  0.37500000 -0.37500000  0.43750000  0.0010
    1834  0.43750000 -0.37500000  0.43750000  0.0010
    1835  0.50000000 -0.37500000  0.43750000  0.0010
    1836  0.43750000  0.37500000 -0.43750000  0.0010
    1837  0.37500000  0.37500000 -0.43750000  0.0010
    1838  0.31250000  0.37500000 -0.43750000  0.0010
    1839  0.25000000  0.37500000 -0.43750000  0.0010
    1840  0.18750000  0.37500000 -0.43750000  0.0010
    1841  0.12500000  0.37500000 -0.43750000  0.0010
    1842 -0.06250000 -0.37500000  0.43750000  0.0010
    1843  0.00000000 -0.31250000  0.43750000  0.0010
    1844  0.06250000 -0.31250000  0.43750000  0.0010
    1845  0.12500000 -0.31250000  0.43750000  0.0010
    1846  0.18750000 -0.31250000  0.43750000  0.0010
    1847  0.25000000 -0.31250000  0.43750000  0.0010
    1848  0.31250000 -0.31250000  0.43750000  0.0010
    1849  0.37500000 -0.31250000  0.43750000  0.0010
    1850  0.43750000 -0.31250000  0.43750000  0.0010
    1851  0.50000000 -0.31250000  0.43750000  0.0010
    1852  0.43750000  0.31250000 -0.43750000  0.0010
    1853  0.37500000  0.31250000 -0.43750000  0.0010
    1854  0.31250000  0.31250000 -0.43750000  0.0010
    1855  0.25000000  0.31250000 -0.43750000  0.0010
    1856  0.18750000  0.31250000 -0.43750000  0.0010
    1857 -0.12500000 -0.31250000  0.43750000  0.0010
    1858 -0.06250000 -0.31250000  0.43750000  0.0010
    1859  0.00000000 -0.25000000  0.43750000  0.0010
    1860  0.06250000 -0.25000000  0.43750000  0.0010
    1861  0.12500000 -0.25000000  0.43750000  0.0010
    1862  0.18750000 -0.25000000  0.43750000  0.0010
    1863  0.25000000 -0.25000000  0.43750000  0.0010
    1864  0.31250000 -0.25000000  0.43750000  0.0010
    1865  0.37500000 -0.25000000  0.43750000  0.0010
    1866  0.43750000 -0.25000000  0.43750000  0.0010
    1867  0.50000000 -0.25000000  0.43750000  0.0010
    1868  0.43750000  0.25000000 -0.43750000  0.0010
    1869  0.37500000  0.25000000 -0.43750000  0.0010
    1870  0.31250000  0.25000000 -0.43750000  0.0010
    1871  0.25000000  0.25000000 -0.43750000  0.0010
    1872 -0.18750000 -0.25000000  0.43750000  0.0010
    1873 -0.12500000 -0.25000000  0.43750000  0.0010
    1874 -0.06250000 -0.25000000  0.43750000  0.0010
    1875  0.00000000 -0.18750000  0.43750000  0.0010
    1876  0.06250000 -0.18750000  0.43750000  0.0010
    1877  0.12500000 -0.18750000  0.43750000  0.0010
    1878  0.18750000 -0.18750000  0.43750000  0.0010
    1879  0.25000000 -0.18750000  0.43750000  0.0010
    1880  0.31250000 -0.18750000  0.43750000  0.0010
    1881  0.37500000 -0.18750000  0.43750000  0.0010
    1882  0.43750000 -0.18750000  0.43750000  0.0010
    1883  0.50000000 -0.18750000  0.43750000  0.0010
    1884  0.43750000  0.18750000 -0.43750000  0.0010
    1885  0.37500000  0.18750000 -0.43750000  0.0010
    1886  0.31250000  0.18750000 -0.43750000  0.0010
    1887 -0.25000000 -0.18750000  0.43750000  0.0010
    1888 -0.18750000 -0.18750000  0.43750000  0.0010
    1889 -0.12500000 -0.18750000  0.43750000  0.0010
    1890 -0.06250000 -0.18750000  0.43750000  0.0010
    1891  0.00000000 -0.12500000  0.43750000  0.0010
    1892  0.06250000 -0.12500000  0.43750000  0.0010
    1893  0.12500000 -0.12500000  0.43750000  0.0010
    1894  0.18750000 -0.12500000  0.43750000  0.0010
    1895  0.25000000 -0.12500000  0.43750000  0.0010
    1896  0.31250000 -0.12500000  0.43750000  0.0010
    1897  0.37500000 -0.12500000  0.43750000  0.0010
    1898  0.43750000 -0.12500000  0.43750000  0.0010
    1899  0.50000000 -0.12500000  0.43750000  0.0010
    1900  0.43750000  0.12500000 -0.43750000  0.0010
    1901  0.37500000  0.12500000 -0.43750000  0.0010
    1902 -0.31250000 -0.12500000  0.43750000  0.0010
    1903 -0.25000000 -0.12500000  0.43750000  0.0010
    1904 -0.18750000 -0.12500000  0.43750000  0.0010
    1905 -0.12500000 -0.12500000  0.43750000  0.0010
    1906 -0.06250000 -0.12500000  0.43750000  0.0010
    1907  0.00000000 -0.06250000  0.43750000  0.0010
    1908  0.06250000 -0.06250000  0.43750000  0.0010
    1909  0.12500000 -0.06250000  0.43750000  0.0010
    1910  0.18750000 -0.06250000  0.43750000  0.0010
    1911  0.25000000 -0.06250000  0.43750000  0.0010
    1912  0.31250000 -0.06250000  0.43750000  0.0010
    1913  0.37500000 -0.06250000  0.43750000  0.0010
    1914  0.43750000 -0.06250000  0.43750000  0.0010
    1915  0.50000000 -0.06250000  0.43750000  0.0010
    1916  0.43750000  0.06250000 -0.43750000  0.0010
    1917 -0.37500000 -0.06250000  0.43750000  0.0010
    1918 -0.31250000 -0.06250000  0.43750000  0.0010
    1919 -0.25000000 -0.06250000  0.43750000  0.0010
    1920 -0.18750000 -0.06250000  0.43750000  0.0010
    1921 -0.12500000 -0.06250000  0.43750000  0.0010
    1922 -0.06250000 -0.06250000  0.43750000  0.0010
    1923  0.00000000  0.00000000  0.50000000  0.0005
    1924  0.06250000  0.00000000  0.50000000  0.0010
    1925  0.12500000  0.00000000  0.50000000  0.0010
    1926  0.18750000  0.00000000  0.50000000  0.0010
    1927  0.25000000  0.00000000  0.50000000  0.0010
    1928  0.31250000  0.00000000  0.50000000  0.0010
    1929  0.37500000  0.00000000  0.50000000  0.0010
    1930  0.43750000  0.00000000  0.50000000  0.0010
    1931  0.50000000  0.00000000  0.50000000  0.0005
    1932  0.00000000  0.06250000  0.50000000  0.0010
    1933  0.06250000  0.06250000  0.50000000  0.0010
    1934  0.12500000  0.06250000  0.50000000  0.0010
    1935  0.18750000  0.06250000  0.50000000  0.0010
    1936  0.25000000  0.06250000  0.50000000  0.0010
    1937  0.31250000  0.06250000  0.50000000  0.0010
    1938  0.37500000  0.06250000  0.50000000  0.0010
    1939  0.43750000  0.06250000  0.50000000  0.0010
    1940  0.50000000  0.06250000  0.50000000  0.0010
    1941  0.43750000 -0.06250000  0.50000000  0.0010
    1942  0.37500000 -0.06250000  0.50000000  0.0010
    1943  0.31250000 -0.06250000  0.50000000  0.0010
    1944  0.25000000 -0.06250000  0.50000000  0.0010
    1945  0.18750000 -0.06250000  0.50000000  0.0010
    1946  0.12500000 -0.06250000  0.50000000  0.0010
    1947 -0.06250000  0.06250000  0.50000000  0.0010
    1948  0.00000000  0.12500000  0.50000000  0.0010
    1949  0.06250000  0.12500000  0.50000000  0.0010
    1950  0.12500000  0.12500000  0.50000000  0.0010
    1951  0.18750000  0.12500000  0.50000000  0.0010
    1952  0.25000000  0.12500000  0.50000000  0.0010
    1953  0.31250000  0.12500000  0.50000000  0.0010
    1954  0.37500000  0.12500000  0.50000000  0.0010
    1955  0.43750000  0.12500000  0.50000000  0.0010
    1956  0.50000000  0.12500000  0.50000000  0.0010
    1957  0.43750000 -0.12500000  0.50000000  0.0010
    1958  0.37500000 -0.12500000  0.50000000  0.0010
    1959  0.31250000 -0.12500000  0.50000000  0.0010
    1960  0.25000000 -0.12500000  0.50000000  0.0010
    1961  0.18750000 -0.12500000  0.50000000  0.0010
    1962 -0.12500000  0.12500000  0.50000000  0.0010
    1963 -0.06250000  0.12500000  0.50000000  0.0010
    1964  0.00000000  0.18750000  0.50000000  0.0010
    1965  0.06250000  0.18750000  0.50000000  0.0010
    1966  0.12500000  0.18750000  0.50000000  0.0010
    1967  0.18750000  0.18750000  0.50000000  0.0010
    1968  0.25000000  0.18750000  0.50000000  0.0010
    1969  0.31250000  0.18750000  0.50000000  0.0010
    1970  0.37500000  0.18750000  0.50000000  0.0010
    1971  0.43750000  0.18750000  0.50000000  0.0010
    1972  0.50000000  0.18750000  0.50000000  0.0010
    1973  0.43750000 -0.18750000  0.50000000  0.0010
    1974  0.37500000 -0.18750000  0.50000000  0.0010
    1975  0.31250000 -0.18750000  0.50000000  0.0010
    1976  0.25000000 -0.18750000  0.50000000  0.0010
    1977 -0.18750000  0.18750000  0.50000000  0.0010
    1978 -0.12500000  0.18750000  0.50000000  0.0010
    1979 -0.06250000  0.18750000  0.50000000  0.0010
    1980  0.00000000  0.25000000  0.50000000  0.0010
    1981  0.06250000  0.25000000  0.50000000  0.0010
    1982  0.12500000  0.25000000  0.50000000  0.0010
    1983  0.18750000  0.25000000  0.50000000  0.0010
    1984  0.25000000  0.25000000  0.50000000  0.0010
    1985  0.31250000  0.25000000  0.50000000  0.0010
    1986  0.37500000  0.25000000  0.50000000  0.0010
    1987  0.43750000  0.25000000  0.50000000  0.0010
    1988  0.50000000  0.25000000  0.50000000  0.0010
    1989  0.43750000 -0.25000000  0.50000000  0.0010
    1990  0.37500000 -0.25000000  0.50000000  0.0010
    1991  0.31250000 -0.25000000  0.50000000  0.0010
    1992 -0.25000000  0.25000000  0.50000000  0.0010
    1993 -0.18750000  0.25000000  0.50000000  0.0010
    1994 -0.12500000  0.25000000  0.50000000  0.0010
    1995 -0.06250000  0.25000000  0.50000000  0.0010
    1996  0.00000000  0.31250000  0.50000000  0.0010
    1997  0.06250000  0.31250000  0.50000000  0.0010
    1998  0.12500000  0.31250000  0.50000000  0.0010
    1999  0.18750000  0.31250000  0.50000000  0.0010
    2000  0.25000000  0.31250000  0.50000000  0.0010
    2001  0.31250000  0.31250000  0.50000000  0.0010
    2002  0.37500000  0.31250000  0.50000000  0.0010
    2003  0.43750000  0.31250000  0.50000000  0.0010
    2004  0.50000000  0.31250000  0.50000000  0.0010
    2005  0.43750000 -0.31250000  0.50000000  0.0010
    2006  0.37500000 -0.31250000  0.50000000  0.0010
    2007 -0.31250000  0.31250000  0.50000000  0.0010
    2008 -0.25000000  0.31250000  0.50000000  0.0010
    2009 -0.18750000  0.31250000  0.50000000  0.0010
    2010 -0.12500000  0.31250000  0.50000000  0.0010
    2011 -0.06250000  0.31250000  0.50000000  0.0010
    2012  0.00000000  0.37500000  0.50000000  0.0010
    2013  0.06250000  0.37500000  0.50000000  0.0010
    2014  0.12500000  0.37500000  0.50000000  0.0010
    2015  0.18750000  0.37500000  0.50000000  0.0010
    2016  0.25000000  0.37500000  0.50000000  0.0010
    2017  0.31250000  0.37500000  0.50000000  0.0010
    2018  0.37500000  0.37500000  0.50000000  0.0010
    2019  0.43750000  0.37500000  0.50000000  0.0010
    2020  0.50000000  0.37500000  0.50000000  0.0010
    2021  0.43750000 -0.37500000  0.50000000  0.0010
    2022 -0.37500000  0.37500000  0.50000000  0.0010
    2023 -0.31250000  0.37500000  0.50000000  0.0010
    2024 -0.25000000  0.37500000  0.50000000  0.0010
    2025 -0.18750000  0.37500000  0.50000000  0.0010
    2026 -0.12500000  0.37500000  0.50000000  0.0010
    2027 -0.06250000  0.37500000  0.50000000  0.0010
    2028  0.00000000  0.43750000  0.50000000  0.0010
    2029  0.06250000  0.43750000  0.50000000  0.0010
    2030  0.12500000  0.43750000  0.50000000  0.0010
    2031  0.18750000  0.43750000  0.50000000  0.0010
    2032  0.25000000  0.43750000  0.50000000  0.0010
    2033  0.31250000  0.43750000  0.50000000  0.0010
    2034  0.37500000  0.43750000  0.50000000  0.0010
    2035  0.43750000  0.43750000  0.50000000  0.0010
    2036  0.50000000  0.43750000  0.50000000  0.0010
    2037 -0.43750000  0.43750000  0.50000000  0.0010
    2038 -0.37500000  0.43750000  0.50000000  0.0010
    2039 -0.31250000  0.43750000  0.50000000  0.0010
    2040 -0.25000000  0.43750000  0.50000000  0.0010
    2041 -0.18750000  0.43750000  0.50000000  0.0010
    2042 -0.12500000  0.43750000  0.50000000  0.0010
    2043 -0.06250000  0.43750000  0.50000000  0.0010
    2044  0.00000000  0.50000000  0.50000000  0.0005
    2045  0.06250000  0.50000000  0.50000000  0.0010
    2046  0.12500000  0.50000000  0.50000000  0.0010
    2047  0.18750000  0.50000000  0.50000000  0.0010
    2048  0.25000000  0.50000000  0.50000000  0.0010
    2049  0.31250000  0.50000000  0.50000000  0.0010
    2050  0.37500000  0.50000000  0.50000000  0.0010
    2051  0.43750000  0.50000000  0.50000000  0.0010
    2052  0.50000000  0.50000000  0.50000000  0.0005

 DONE : INIT K-POINTS Time : 0.102526 (SEC)

 Libxc v7.0.0
	S. Lehtola, C. Steigemann, M. J.T. Oliveira, and M. A.L. Marques.,  SoftwareX 7, 1–5 (2018)
 XC: Perdew, Burke & Ernzerhof
	J. P. Perdew, K. Burke, and M. Ernzerhof.,  Phys. Rev. Lett. 77, 3865 (1996)
	J. P. Perdew, K. Burke, and M. Ernzerhof.,  Phys. Rev. Lett. 78, 1396 (1997)
 XC: Perdew, Burke & Ernzerhof
	J. P. Perdew, K. Burke, and M. Ernzerhof.,  Phys. Rev. Lett. 77, 3865 (1996)
	J. P. Perdew, K. Burke, and M. Ernzerhof.,  Phys. Rev. Lett. 78, 1396 (1997)


 >>>>>>>>>>>>>>>>>>>>>>>>>>>>>>>>>>>>>>>>>>>>>>>>>>>>>>>>>>>>>>>>>>>>>>
 |                                                                    |
 | Setup charge mixing parameters                                     |
 |                                                                    |
 <<<<<<<<<<<<<<<<<<<<<<<<<<<<<<<<<<<<<<<<<<<<<<<<<<<<<<<<<<<<<<<<<<<<<<

                              mixing_type = broyden
                              mixing_beta = 0.4
                               mixing_gg0 = 1
                           mixing_gg0_min = 0.1
                              mixing_ndim = 8


 >>>>>>>>>>>>>>>>>>>>>>>>>>>>>>>>>>>>>>>>>>>>>>>>>>>>>>>>>>>>>>>>>>>>>>
 |                                                                    |
 |              #Setup Plane Waves of Wave Functions#                 |
 | Use the kinetic energy cutoff and the lattice vectors to generate  |
 | the dimensions of FFT grid, which is used to represent the wave    |
 | functions of electrons.                                            |
 |                                                                    |
 <<<<<<<<<<<<<<<<<<<<<<<<<<<<<<<<<<<<<<<<<<<<<<<<<<<<<<<<<<<<<<<<<<<<<

 SETUP PLANE WAVES FOR WAVE FUNCTIONS
     Energy cutoff for wavefunc (unit:Ry) = 40
              FFT grid for wave functions = [ 24, 24, 24 ]
              Number of total plane waves = 869
        Number of sticks on FFT x-y plane = 121

 PARALLEL PW FOR WAVE FUNCTIONS
     PROC   COLUMNS(POT)             PW
        1             30            218
        2             31            218
        3             30            217
        4             30            216
 --------------- sum -------------------
        4            121            869
 DONE : INIT PLANEWAVE Time : 0.120035 (SEC)

                                 init_chg = atomic
 DONE : LOCAL POTENTIAL Time : 0.124336 (SEC)


 SETUP NONLOCAL PSEUDOPOTENTIALS IN PLANE WAVE BASIS
 Al non-local projectors:
      TOTAL NUMBER OF NONLOCAL PROJECTORS = 0

 nhm = 0, not allocate some matrix.
 Init Non-Local PseudoPotential table : 
 Init Non-Local-Pseudopotential done.
 DONE : NON-LOCAL POTENTIAL Time : 0.124372 (SEC)

                                     npwx = 140

 *** Memory Allocation Warning ***  Psi_PW 52.6025 MB

 Using RANDOM starting wave functions for all 12 bands

 WARNING:
 init_wfc = atomic requires atomic pseudo wavefunctions(PP_PSWFC), but none available. 
 Automatically switch to random initialization.
 Note: Random starting wavefunctions may slow down convergence.
      For faster convergence, consider using:
      1) A pseudopotential file that includes atomic wavefunctions (with PP_PSWFC), or
      2) Numerical atomic orbitals with 'init_wfc = nao' or 'nao+random' if available.

 DONE : INIT BASIS Time : 0.124408 (SEC)

 ================================================================
 SELF-CONSISTENT
 ================================================================
 DONE : INIT SCF Time : 1.37529 (SEC)


 ++++++++++++++++++++++++++++++++++++++++++++++++++++++++++++++++++++++
 --> #ION MOVE#         1  #ELEC ITER#         1
 ++++++++++++++++++++++++++++++++++++++++++++++++++++++++++++++++++++++
 Average iterative diagonalization steps for k-points is 8.04337
 current threshold of diagonalizaiton is 0.01
 Electron density deviation 0.0834456
                          Diago Threshold = 0.01
 ----------------------------------------------------------
      Energy           Rydberg                 eV          
 ----------------------------------------------------------
  E_KohnSham     -4.1701563490        -56.7378878972       
  E_Harris       -3.9943101411        -54.3453774984       
  E_Fermi        0.6127868365         8.3373926360         
  E_gap(k)       0.0005837665         0.0079425513         
 ----------------------------------------------------------


 ++++++++++++++++++++++++++++++++++++++++++++++++++++++++++++++++++++++
 --> #ION MOVE#         1  #ELEC ITER#         2
 ++++++++++++++++++++++++++++++++++++++++++++++++++++++++++++++++++++++
 Average iterative diagonalization steps for k-points is 2.00341
 current threshold of diagonalizaiton is 0.00278152
 Electron density deviation 0.0321649
                          Diago Threshold = 0.00278152
 ----------------------------------------------------------
      Energy           Rydberg                 eV          
 ----------------------------------------------------------
  E_KohnSham     -4.2027287052        -57.1810575391       
  E_Harris       -4.1232436649        -56.0996080850       
  E_Fermi        0.5914899517         8.0476336535         
  E_gap(k)       0.0104688466         0.1424359650         
 ----------------------------------------------------------


 ++++++++++++++++++++++++++++++++++++++++++++++++++++++++++++++++++++++
 --> #ION MOVE#         1  #ELEC ITER#         3
 ++++++++++++++++++++++++++++++++++++++++++++++++++++++++++++++++++++++
 Average iterative diagonalization steps for k-points is 2.00828
 current threshold of diagonalizaiton is 0.00107216
 Electron density deviation 6.04305e-05
                          Diago Threshold = 0.00107216
 ----------------------------------------------------------
      Energy           Rydberg                 eV          
 ----------------------------------------------------------
  E_KohnSham     -4.2044713051        -57.2047668272       
  E_Harris       -4.2043832646        -57.2035689749       
  E_Fermi        0.5797347272         7.8876956185         
  E_gap(k)       0.0081786931         0.1112768279         
 ----------------------------------------------------------


 ++++++++++++++++++++++++++++++++++++++++++++++++++++++++++++++++++++++
 --> #ION MOVE#         1  #ELEC ITER#         4
 ++++++++++++++++++++++++++++++++++++++++++++++++++++++++++++++++++++++
 Average iterative diagonalization steps for k-points is 4.46199
 current threshold of diagonalizaiton is 2.01435e-06
 Electron density deviation 2.49547e-05
                          Diago Threshold = 2.01435e-06
 ----------------------------------------------------------
      Energy           Rydberg                 eV          
 ----------------------------------------------------------
  E_KohnSham     -4.2044900239        -57.2050215088       
  E_Harris       -4.2051720713        -57.2143012397       
  E_Fermi        0.5796563623         7.8866294096         
  E_gap(k)       0.0082492467         0.1122367599         
 ----------------------------------------------------------


 ++++++++++++++++++++++++++++++++++++++++++++++++++++++++++++++++++++++
 --> #ION MOVE#         1  #ELEC ITER#         5
 ++++++++++++++++++++++++++++++++++++++++++++++++++++++++++++++++++++++
 Average iterative diagonalization steps for k-points is 2.29776
 current threshold of diagonalizaiton is 8.31824e-07
 Electron density deviation 3.7641e-06
                          Diago Threshold = 8.31824e-07
 ----------------------------------------------------------
      Energy           Rydberg                 eV          
 ----------------------------------------------------------
  E_KohnSham     -4.2046096519        -57.2066491317       
  E_Harris       -4.2044087982        -57.2039163765       
  E_Fermi        0.5797263115         7.8875811166         
  E_gap(k)       0.0083760785         0.1139623948         
 ----------------------------------------------------------


 ++++++++++++++++++++++++++++++++++++++++++++++++++++++++++++++++++++++
 --> #ION MOVE#         1  #ELEC ITER#         6
 ++++++++++++++++++++++++++++++++++++++++++++++++++++++++++++++++++++++
 Average iterative diagonalization steps for k-points is 2.51462
 current threshold of diagonalizaiton is 1.2547e-07
 Electron density deviation 2.89863e-09
                          Diago Threshold = 1.2547e-07
 ----------------------------------------------------------
      Energy           Rydberg                 eV          
 ----------------------------------------------------------
  E_KohnSham     -4.2046124404        -57.2066870707       
  E_Harris       -4.2046199430        -57.2067891495       
  E_Fermi        0.5797138899         7.8874121126         
  E_gap(k)       0.0083824243         0.1140487331         
 ----------------------------------------------------------


 ++++++++++++++++++++++++++++++++++++++++++++++++++++++++++++++++++++++
 --> #ION MOVE#         1  #ELEC ITER#         7
 ++++++++++++++++++++++++++++++++++++++++++++++++++++++++++++++++++++++
 Average iterative diagonalization steps for k-points is 4.79727
 current threshold of diagonalizaiton is 9.6621e-11
 Electron density deviation 1.54016e-09
                          Diago Threshold = 9.6621e-11
 ----------------------------------------------------------
      Energy           Rydberg                 eV          
 ----------------------------------------------------------
  E_KohnSham     -4.2046124823        -57.2066876413       
  E_Harris       -4.2046018930        -57.2065435664       
  E_Fermi        0.5797154269         7.8874330237         
  E_gap(k)       0.0083851795         0.1140862204         
 ----------------------------------------------------------


 ++++++++++++++++++++++++++++++++++++++++++++++++++++++++++++++++++++++
 --> #ION MOVE#         1  #ELEC ITER#         8
 ++++++++++++++++++++++++++++++++++++++++++++++++++++++++++++++++++++++
 Average iterative diagonalization steps for k-points is 2.27924
 current threshold of diagonalizaiton is 5.13387e-11
 Electron density deviation 1.70112e-12
                          Diago Threshold = 5.13387e-11
 ----------------------------------------------------------
      Energy           Rydberg                 eV          
 ----------------------------------------------------------
  E_KohnSham     -4.2046124828        -57.2066876478       
  E_KS(sigma->0) -4.2042047418        -57.2011400467       
  E_Harris       -4.2046128722        -57.2066929467       
  E_band         0.7111450447         9.6756247120         
  E_one_elec     2.7826400077         37.8597595877        
  E_Hartree      0.0078444510         0.1067292311         
  E_xc           -1.6027157993        -21.8060671450       
  E_Ewald        -5.3915656602        -73.3560141193       
  E_entropy(-TS) -0.0008154820        -0.0110952022        
  E_descf        0.0000000000         0.0000000000         
  E_localpp      1.1279033423         15.3459122491        
  E_exx          0.0000000000         0.0000000000         
  E_Fermi        0.5797146796         7.8874228562         
  E_gap(k)       0.0083844308         0.1140760337         
 ----------------------------------------------------------

 #SCF IS CONVERGED#
 #TOTAL ENERGY# -57.206687648 eV
 Write eigenvalues and occupations to file: OUT.s1_al_ksdft_ecut040/eig_occ.txt



 #TOTAL-FORCE (eV/Angstrom)#
 -------------------------------------------------------------------------
     Atoms              Force_x              Force_y              Force_z 
 -------------------------------------------------------------------------
       Al1         0.0000000000         0.0000000000         0.0000000000 
 -------------------------------------------------------------------------

 #TOTAL-STRESS (kbar)#
 ----------------------------------------------------------------
              Stress_x             Stress_y             Stress_z 
 ----------------------------------------------------------------
         -1.8799673682        -0.0000173677         0.0000021203 
         -0.0000173677        -1.8799667039         0.0000030122 
          0.0000021203         0.0000030122        -1.8799661279 
 ----------------------------------------------------------------
 #TOTAL-PRESSURE# (EXCLUDE KINETIC PART OF IONS): -1.879967 kbar

 --------------------------------------------
 !FINAL_ETOT_IS -57.2066876477570716 eV
 --------------------------------------------



 TIME STATISTICS
-------------------------------------------------------------------
   CLASS_NAME           NAME         TIME/s  CALLS   AVG/s  PER/%  
-------------------------------------------------------------------
                 total               51.12  15       3.41   100.00 
 Driver          atomic_world        51.12  1        51.12  100.00 
 Relax_Driver    relax_driver        50.99  1        50.99  99.75  
 ESolver_KS      runner              50.95  1        50.95  99.67  
 ESolver_KS_PW   before_scf          1.25   1        1.25   2.45   
 PSIPrepare      initialize_psi      1.25   1        1.25   2.44   
 DiagoIterAssist diag_subspace       7.92   16416    0.00   15.49  
 Operator        hPsi                34.27  792523   0.00   67.03  
 Operator        veff_pw             33.44  792523   0.00   65.41  
 PW_Basis_K      recip2real          19.73  1170091  0.00   38.60  
 PW_Basis_K      gathers_copy_pack   1.14   1170091  0.00   2.24   
 PW_Basis_K      gathers_zero_mpi    1.46   1170091  0.00   2.86   
 PW_Basis_K      gathers_copy_unpack 1.18   1170091  0.00   2.31   
 PW_Basis_K      real2recip          15.06  973099   0.00   29.45  
 PW_Basis_K      gatherp_copy_pack   0.90   973099   0.00   1.75   
 PW_Basis_K      gatherp_copy_unpack 0.98   973099   0.00   1.91   
 DiagoIterAssist diag_hegvd          0.61   16416    0.00   1.19   
 ESolver_KS_PW   hamilt2rho_single   49.64  8        6.21   97.11  
 HSolverPW       solve               49.64  8        6.21   97.11  
 HSolverPW       solve_psik          45.87  16416    0.00   89.74  
 DiagoCG         diag_once           38.68  16416    0.00   75.65  
 ElecStatePW     psiToRho            3.68   8        0.46   7.20   
-------------------------------------------------------------------


 NAME-------------------------|MEMORY(MB)------------------
                         total       240.4389
                        Psi_PW       204.3984
                  PW_B_K::gcar        25.5498
                   PW_B_K::gk2         8.5166
 -------------   < 1.0 MB has been ignored ----------------
 ----------------------------------------------------------

 Start  Time  : Wed Aug  5 14:43:03 2026
 Finish Time  : Wed Aug  5 14:43:54 2026
 Total  Time  : 0 h 0 mins 51 secs 
