1     # ionic step
 Electronic state energy (eV) and occupations
 Spin number 1
 spin=1 k-point=1/1284 Cartesian=0.0000000 0.0000000 0.0000000 (1315 plane wave)
 1 -3.673770902358403 0.0007812500000000184
 2 1.592905590020465 0.0007812499824953778
 3 2.035160689220102 0.0007812485417151867
 4 14.83012803782920 0.000000000000000
 5 14.83012804942599 0.000000000000000
 6 15.30341351111087 0.000000000000000
 7 15.30341352236464 0.000000000000000
 8 16.19527118695572 0.000000000000000
 9 17.09804747124105 0.000000000000000
 10 18.02598373089197 0.000000000000000
 11 18.63831478435664 0.000000000000000
 12 20.33427098597976 0.000000000000000

 spin=1 k-point=2/1284 Cartesian=0.01947404499283394 0.01124334511882356 0.000000000000000 (1343 plane wave)
 1 -3.598426702674391 0.001562500000000037
 2 1.668537039622626 0.001562499925415899
 3 2.108270496169742 0.001562493941244691
 4 13.15474443383047 0.000000000000000
 5 13.90557807198031 0.000000000000000
 6 14.86333031894806 0.000000000000000
 7 16.37938648870394 0.000000000000000
 8 17.26015177095114 0.000000000000000
 9 18.03421410836082 0.000000000000000
 10 18.04178352895270 0.000000000000000
 11 18.37699152888967 0.000000000000000
 12 18.58740495352248 0.000000000000000

 spin=1 k-point=3/1284 Cartesian=0.03894808998566748 0.02248669023764690 0.000000000000000 (1335 plane wave)
 1 -3.372426762552959 0.001562500000000037
 2 1.895378772223530 0.001562499279211845
 3 2.327034138242168 0.001562445993162493
 4 11.06695541100795 0.000000000000000
 5 12.93016836440565 0.000000000000000
 6 14.01000588361478 0.000000000000000
 7 16.38465062404774 0.000000000000000
 8 16.52994430925863 0.000000000000000
 9 17.80768921630395 0.000000000000000
 10 18.23887801104523 0.000000000000000
 11 18.34545369886968 0.000000000000000
 12 18.34720666833930 0.000000000000000

 spin=1 k-point=4/1284 Cartesian=0.05842213497850103 0.03373003535647023 0.000000000000000 (1347 plane wave)
 1 -2.995877008692148 0.001562500000000037
 2 2.273247257704881 0.001562468460015169
 3 2.689135060502627 0.001560484012821098
 4 9.079070783039050 0.000000000000000
 5 12.09891467754423 0.000000000000000
 6 13.15371817119147 0.000000000000000
 7 14.38511176940568 0.000000000000000
 8 14.79963718756886 0.000000000000000
 9 17.40312268625085 0.000000000000000
 10 17.84441341247276 0.000000000000000
 11 18.35348268375519 0.000000000000000
 12 18.39384823344777 0.000000000000000

 spin=1 k-point=5/1284 Cartesian=0.07789617997133459 0.04497338047529358 0.000000000000000 (1335 plane wave)
 1 -2.468981365246443 0.001562500000000037
 2 2.801724423181223 0.001556301427757901
 3 3.186676994288572 0.001316255597970809
 4 7.235013963050736 0.000000000000000
 5 11.41748279639623 0.000000000000000
 6 12.17833861617347 0.000000000000000
 7 12.51285006458791 0.000000000000000
 8 13.36459786504858 0.000000000000000
 9 16.72128241824322 0.000000000000000
 10 17.16878550819801 0.000000000000000
 11 17.72891944020103 0.000000000000000
 12 18.17840730061788 0.000000000000000

 spin=1 k-point=6/1284 Cartesian=0.09737022496416814 0.05621672559411691 0.000000000000000 (1336 plane wave)
 1 -1.792101607372591 0.001562500000000037
 2 3.479826163815520 0.0003465454668273468
 3 3.772740872601240 2.344149398782611e-05
 4 5.590119599044552 3.046300386792556e-13
 5 10.78446246555715 0.000000000000000
 6 10.85730059464170 0.000000000000000
 7 10.88704693220057 0.000000000000000
 8 12.52630998660720 0.000000000000000
 9 16.19077849803383 0.000000000000000
 10 16.64144443751908 0.000000000000000
 11 17.20099360641851 0.000000000000000
 12 17.91578173868614 0.000000000000000

 spin=1 k-point=7/1284 Cartesian=0.1168442699570017 0.06746007071294025 0.000000000000000 (1336 plane wave)
 1 -0.9658977220375774 0.001562500000000037
 2 3.661417039809121 6.923724395785362e-05
 3 4.304690871478828 1.164897589433670e-07
 4 4.930971883810833 2.220319740196236e-10
 5 9.207587646946477 0.000000000000000
 6 9.435443812075743 0.000000000000000
 7 10.50800776215746 0.000000000000000
 8 12.06645657262951 0.000000000000000
 9 15.81179214120275 0.000000000000000
 10 16.26411700350656 0.000000000000000
 11 16.82099254175451 0.000000000000000
 12 17.68924711535223 0.000000000000000

 spin=1 k-point=8/1284 Cartesian=0.1363183149498352 0.07870341583176359 0.000000000000000 (1338 plane wave)
 1 0.008290525184620819 0.001562500000000032
 2 2.378731628336119 0.001562409435501368
 3 5.262877034342294 8.034696427194741e-12
 4 5.720977185860293 8.231240816525277e-14
 5 7.797636663239921 0.000000000000000
 6 8.106585535445493 0.000000000000000
 7 10.28053533159150 0.000000000000000
 8 11.81475712759047 0.000000000000000
 9 15.58438359066876 0.000000000000000
 10 16.03752006470146 0.000000000000000
 11 16.59258415661504 0.000000000000000
 12 17.54087432915895 0.000000000000000

 spin=1 k-point=9/1284 Cartesian=0.1557923599426688 0.08994676095058692 0.000000000000000 (1336 plane wave)
 1 1.126765778831720 0.0007812499998345431
 2 1.127520903982879 0.0007812499998332887
 3 6.083866382670013 1.092514397310363e-15
 4 6.512419705006135 0.000000000000000
 5 6.825978468122451 0.000000000000000
 6 7.162601970765359 0.000000000000000
 7 10.20470394222160 0.000000000000000
 8 11.73317196032825 0.000000000000000
 9 15.50857807521705 0.000000000000000
 10 15.96195849038480 0.000000000000000
 11 16.51641024439395 0.000000000000000
 12 17.48961407585831 0.000000000000000

 spin=1 k-point=10/1284 Cartesian=0.000000000000000 0.02248669023764713 0.000000000000000 (1343 plane wave)
 1 -3.598426702674530 0.001562500000000037
 2 1.668537039639496 0.001562499925415899
 3 2.108270496161948 0.001562493941244692
 4 13.15474443534283 0.000000000000000
 5 13.90557807258244 0.000000000000000
 6 14.86333031597372 0.000000000000000
 7 16.37938648614065 0.000000000000000
 8 17.26015177184698 0.000000000000000
 9 18.03421411293112 0.000000000000000
 10 18.04178352885376 0.000000000000000
 11 18.37699152939460 0.000000000000000
 12 18.58740494578558 0.000000000000000

 spin=1 k-point=11/1284 Cartesian=0.01947404499283394 0.03373003535647069 0.000000000000000 (1344 plane wave)
 1 -3.447754415139950 0.001562500000000037
 2 1.819774375845311 0.001562499661575403
 3 2.254223572044098 0.001562473923808524
 4 12.13753407766902 0.000000000000000
 5 12.14819319219115 0.000000000000000
 6 15.55969288946078 0.000000000000000
 7 16.04858979724530 0.000000000000000
 8 17.19605298220714 0.000000000000000
 9 17.46412705206271 0.000000000000000
 10 17.50028720579900 0.000000000000000
 11 17.96119947775252 0.000000000000000
 12 18.32102882447946 0.000000000000000

 spin=1 k-point=12/1284 Cartesian=0.03894808998566748 0.04497338047529403 0.000000000000000 (1339 plane wave)
 1 -3.146477620664188 0.001562500000000037
 2 2.122136352777725 0.001562493040118777
 3 2.544841302376293 0.001562023288132314
 4 10.10749510852008 0.000000000000000
 5 11.25104796275654 0.000000000000000
 6 14.84795809489374 0.000000000000000
 7 15.37930883047597 0.000000000000000
 8 15.74243586726302 0.000000000000000
 9 16.64873820200876 0.000000000000000
 10 16.81601073278658 0.000000000000000
 11 17.38677074472269 0.000000000000000
 12 18.59763782766465 0.000000000000000

 spin=1 k-point=13/1284 Cartesian=0.05842213497850103 0.05621672559411736 0.000000000000000 (1335 plane wave)
 1 -2.694747306070724 0.001562500000000037
 2 2.575340722295920 0.001561853354820727
 3 2.975937103256214 0.001527758473720080
 4 8.190465554889375 0.000000000000000
 5 10.49576535290734 0.000000000000000
 6 13.47224199542865 0.000000000000000
 7 13.55247604405186 0.000000000000000
 8 14.55632873680808 0.000000000000000
 9 15.99553412253036 0.000000000000000
 10 16.01902486347636 0.000000000000000
 11 18.84829283522183 0.000000000000000
 12 19.02385253883386 0.000000000000000

 spin=1 k-point=14/1284 Cartesian=0.07789617997133459 0.06746007071294070 0.000000000000000 (1331 plane wave)
 1 -2.092836607938366 0.001562500000000037
 2 3.178752263121759 0.001332252013166026
 3 3.530428648302094 0.0002291064807832394
 4 6.432907035522910 0.000000000000000
 5 9.873202849305258 0.000000000000000
 6 11.67958631000088 0.000000000000000
 7 11.96372279314115 0.000000000000000
 8 13.88342507645636 0.000000000000000
 9 15.39982891612443 0.000000000000000
 10 15.43098173017886 0.000000000000000
 11 19.01720402085435 0.000000000000000
 12 19.03097929683717 0.000000000000000

 spin=1 k-point=15/1284 Cartesian=0.09737022496416814 0.07870341583176405 0.000000000000000 (1325 plane wave)
 1 -1.341231218426606 0.001562500000000037
 2 3.930752973280668 4.885983566807993e-06
 3 4.016314465682176 2.080389359757292e-06
 4 5.031574332226539 8.119037926136875e-11
 5 9.341194863341585 0.000000000000000
 6 10.02933674667646 0.000000000000000
 7 10.48762267495778 0.000000000000000
 8 13.42014765564682 0.000000000000000
 9 14.93916432470164 0.000000000000000
 10 14.99954261572741 0.000000000000000
 11 18.60049450236730 0.000000000000000
 12 18.82249321555467 0.000000000000000

 spin=1 k-point=16/1284 Cartesian=0.1168442699570017 0.08994676095058737 0.000000000000000 (1339 plane wave)
 1 -0.4408554756355547 0.001562500000000037
 2 3.093670335683778 0.001455101886288767
 3 4.825680990555341 6.363382896872360e-10
 4 5.323130036832232 4.398392120542445e-12
 5 8.533755090910251 0.000000000000000
 6 8.604882299898174 0.000000000000000
 7 9.493489916258014 0.000000000000000
 8 13.11716295399128 0.000000000000000
 9 14.63299871226679 0.000000000000000
 10 14.70941570824364 0.000000000000000
 11 18.30162492002800 0.000000000000000
 12 18.64927702877496 0.000000000000000

 spin=1 k-point=17/1284 Cartesian=0.1363183149498352 0.1011901060694107 0.000000000000000 (1344 plane wave)
 1 0.6062509577172310 0.001562499999998220
 2 1.794198986911635 0.001562499737946842
 3 5.819720376168537 3.066401198327206e-14
 4 6.241041811999028 0.000000000000000
 5 7.238977837318626 0.000000000000000
 6 7.505013463727717 0.000000000000000
 7 9.194533573459964 0.000000000000000
 8 12.96653901220079 0.000000000000000
 9 14.48011162961316 0.000000000000000
 10 14.56375463689830 0.000000000000000
 11 18.15124573401778 0.000000000000000
 12 18.55302332502668 0.000000000000000

 spin=1 k-point=18/1284 Cartesian=0.1557923599426688 0.1124334511882340 0.000000000000000 (1344 plane wave)
 1 0.6062509577296415 0.001562499999998220
 2 1.794198986899201 0.001562499737946842
 3 5.819720376185161 3.066401197817419e-14
 4 6.241041812385961 0.000000000000000
 5 7.238977837294711 0.000000000000000
 6 7.505013462920064 0.000000000000000
 7 9.194533573897070 0.000000000000000
 8 12.96653901215483 0.000000000000000
 9 14.48011162961004 0.000000000000000
 10 14.56375463689309 0.000000000000000
 11 18.15124573408832 0.000000000000000
 12 18.55302332515830 0.000000000000000

 spin=1 k-point=19/1284 Cartesian=0.1363183149498352 0.05621672559411737 0.000000000000000 (1339 plane wave)
 1 -0.4408554756241592 0.001562500000000037
 2 3.093670335682098 0.001455101886290447
 3 4.825680990568674 6.363382896023988e-10
 4 5.323130037088316 4.398392109278856e-12
 5 8.533755090870930 0.000000000000000
 6 8.604882297892575 0.000000000000000
 7 9.493489918058476 0.000000000000000
 8 13.11716295384476 0.000000000000000
 9 14.63299871225849 0.000000000000000
 10 14.70941570821449 0.000000000000000
 11 18.30162492020478 0.000000000000000
 12 18.64927702914708 0.000000000000000

 spin=1 k-point=20/1284 Cartesian=0.1168442699570017 0.04497338047529403 0.000000000000000 (1325 plane wave)
 1 -1.341231218416764 0.001562500000000037
 2 3.930752973289326 4.885983566386268e-06
 3 4.016314465810202 2.080389357097378e-06
 4 5.031574332259251 8.119037923480948e-11
 5 9.341194861461366 0.000000000000000
 6 10.02933674661264 0.000000000000000
 7 10.48762267678823 0.000000000000000
 8 13.42014765537451 0.000000000000000
 9 14.93916432471249 0.000000000000000
 10 14.99954261569366 0.000000000000000
 11 18.60049450274836 0.000000000000000
 12 18.82249321623447 0.000000000000000

 spin=1 k-point=21/1284 Cartesian=0.09737022496416814 0.03373003535647069 0.000000000000000 (1331 plane wave)
 1 -2.092836607930414 0.001562500000000037
 2 3.178752263129472 0.001332252013150884
 3 3.530428648428720 0.0002291064805356706
 4 6.432907035504742 0.000000000000000
 5 9.873202848123150 0.000000000000000
 6 11.67958630990388 0.000000000000000
 7 11.96372279444874 0.000000000000000
 8 13.88342507597333 0.000000000000000
 9 15.39982891612098 0.000000000000000
 10 15.43098173011589 0.000000000000000
 11 19.01720402183927 0.000000000000000
 12 19.03097929813708 0.000000000000000

 spin=1 k-point=22/1284 Cartesian=0.07789617997133459 0.02248669023764736 0.000000000000000 (1335 plane wave)
 1 -2.694747306064464 0.001562500000000037
 2 2.575340722300467 0.001561853354820698
 3 2.975937103342937 0.001527758473690621
 4 8.190465554883442 0.000000000000000
 5 10.49576535202687 0.000000000000000
 6 13.47224199524230 0.000000000000000
 7 13.55247604539601 0.000000000000000
 8 14.55632873593569 0.000000000000000
 9 15.99553412243149 0.000000000000000
 10 16.01902486348668 0.000000000000000
 11 18.84829283366647 0.000000000000000
 12 19.02385254044000 0.000000000000000

 spin=1 k-point=23/1284 Cartesian=0.05842213497850103 0.01124334511882402 0.000000000000000 (1339 plane wave)
 1 -3.146477620659735 0.001562500000000037
 2 2.122136352781130 0.001562493040118777
 3 2.544841302433446 0.001562023288132042
 4 10.10749510856263 0.000000000000000
 5 11.25104796201509 0.000000000000000
 6 14.84795809594575 0.000000000000000
 7 15.37930882999339 0.000000000000000
 8 15.74243586613943 0.000000000000000
 9 16.64873820201815 0.000000000000000
 10 16.81601073301239 0.000000000000000
 11 17.38677074426963 0.000000000000000
 12 18.59763782868333 0.000000000000000

 spin=1 k-point=24/1284 Cartesian=0.03894808998566748 0.000000000000000 0.000000000000000 (1344 plane wave)
 1 -3.447754415137298 0.001562500000000037
 2 1.819774375852852 0.001562499661575403
 3 2.254223572076460 0.001562473923808515
 4 12.13753407675174 0.000000000000000
 5 12.14819319264219 0.000000000000000
 6 15.55969289003222 0.000000000000000
 7 16.04858979593558 0.000000000000000
 8 17.19605298041748 0.000000000000000
 9 17.46412705473555 0.000000000000000
 10 17.50028720291585 0.000000000000000
 11 17.96119947893727 0.000000000000000
 12 18.32102882560343 0.000000000000000

 spin=1 k-point=25/1284 Cartesian=-0.01947404499283316 0.01124334511882402 0.000000000000000 (1343 plane wave)
 1 -3.598426702673739 0.001562500000000037
 2 1.668537039640130 0.001562499925415899
 3 2.108270496172431 0.001562493941244691
 4 13.15474443436362 0.000000000000000
 5 13.90557807496911 0.000000000000000
 6 14.86333031314424 0.000000000000000
 7 16.37938648865510 0.000000000000000
 8 17.26015176922100 0.000000000000000
 9 18.03421411272165 0.000000000000000
 10 18.04178352749903 0.000000000000000
 11 18.37699153188631 0.000000000000000
 12 18.58740494690680 0.000000000000000

 spin=1 k-point=26/1284 Cartesian=0.000000000000000 0.04497338047529380 0.000000000000000 (1335 plane wave)
 1 -3.372426762553685 0.001562500000000037
 2 1.895378772290396 0.001562499279211844
 3 2.327034138206187 0.001562445993162512
 4 11.06695541255994 0.000000000000000
 5 12.93016836418209 0.000000000000000
 6 14.01000588221978 0.000000000000000
 7 16.38465061912182 0.000000000000000
 8 16.52994430523660 0.000000000000000
 9 17.80768921488167 0.000000000000000
 10 18.23887801427407 0.000000000000000
 11 18.34545369796308 0.000000000000000
 12 18.34720667023643 0.000000000000000

 spin=1 k-point=27/1284 Cartesian=0.01947404499283394 0.05621672559411736 0.000000000000000 (1339 plane wave)
 1 -3.146477620664847 0.001562500000000037
 2 2.122136352835853 0.001562493040118773
 3 2.544841302343623 0.001562023288132469
 4 10.10749510989292 0.000000000000000
 5 11.25104796145484 0.000000000000000
 6 14.84795809664544 0.000000000000000
 7 15.37930882789343 0.000000000000000
 8 15.74243586242864 0.000000000000000
 9 16.64873820228295 0.000000000000000
 10 16.81601073409755 0.000000000000000
 11 17.38677074828934 0.000000000000000
 12 18.59763782779915 0.000000000000000

 spin=1 k-point=28/1284 Cartesian=0.03894808998566748 0.06746007071294069 0.000000000000000 (1336 plane wave)
 1 -2.770015060294353 0.001562500000000037
 2 2.499854728090151 0.001562195960708212
 3 2.905143134534852 0.001545189028800848
 4 9.255280954029475 0.000000000000000
 5 9.320422779375605 0.000000000000000
 6 14.27572515827571 0.000000000000000
 7 14.58696894679349 0.000000000000000
 8 15.01525767891663 0.000000000000000
 9 15.07308817563040 0.000000000000000
 10 16.28343401316053 0.000000000000000
 11 16.93538127542511 0.000000000000000
 12 18.97386849661749 0.000000000000000

 spin=1 k-point=29/1284 Cartesian=0.05842213497850103 0.07870341583176403 0.000000000000000 (1332 plane wave)
 1 -2.243247069949830 0.001562500000000037
 2 3.028100293720027 0.001504846163570795
 3 3.399761207127249 0.0006066604274495700
 4 7.448273974921348 0.000000000000000
 5 8.613554482719838 0.000000000000000
 6 12.66437199043976 0.000000000000000
 7 12.98895325010963 0.000000000000000
 8 14.12180071533590 0.000000000000000
 9 14.24967151446298 0.000000000000000
 10 15.93674293421062 0.000000000000000
 11 18.27524275158438 0.000000000000000
 12 19.49894900987565 0.000000000000000

 spin=1 k-point=30/1284 Cartesian=0.07789617997133459 0.08994676095058737 0.000000000000000 (1329 plane wave)
 1 -1.566540702801572 0.001562500000000037
 2 3.705868699625810 4.510765746469405e-05
 3 3.982809487549594 2.906864886832294e-06
 4 5.803223732556684 3.616371237163589e-14
 5 8.080134319328607 0.000000000000000
 6 10.98177503468941 0.000000000000000
 7 11.36981487302480 0.000000000000000
 8 13.54053650291751 0.000000000000000
 9 13.73703532784522 0.000000000000000
 10 15.45763557648299 0.000000000000000
 11 19.97785081058913 0.000000000000000
 12 20.15592465239786 0.000000000000000

 spin=1 k-point=31/1284 Cartesian=0.09737022496416814 0.1011901060694107 0.000000000000000 (1333 plane wave)
 1 -0.7405618978477486 0.001562500000000037
 2 3.885131293079945 7.696621317011480e-06
 3 4.530295273065152 1.220475389891559e-08
 4 5.119043234400116 3.385570600216813e-11
 5 7.680198660116036 0.000000000000000
 6 9.419090751910867 0.000000000000000
 7 9.896060748780274 0.000000000000000
 8 13.14460326450736 0.000000000000000
 9 13.37247494263730 0.000000000000000
 10 15.10232802964784 0.000000000000000
 11 20.31798797538807 0.000000000000000
 12 20.38214075040173 0.000000000000000

 spin=1 k-point=32/1284 Cartesian=0.1168442699570017 0.1124334511882340 0.000000000000000 (1340 plane wave)
 1 0.2333473869834606 0.001562499999999993
 2 2.603242685199390 0.001561645356648216
 3 5.488161166433406 8.444475511680097e-13
 4 5.880858101132842 1.663838406939852e-14
 5 7.353767976456647 0.000000000000000
 6 8.014594327975370 0.000000000000000
 7 8.666617788236676 0.000000000000000
 8 12.91033508334908 0.000000000000000
 9 13.15344389328781 0.000000000000000
 10 14.88653221578621 0.000000000000000
 11 20.17836624617260 0.000000000000000
 12 20.28024654689584 0.000000000000000

 spin=1 k-point=33/1284 Cartesian=0.1363183149498352 0.1236767963070574 0.000000000000000 (1340 plane wave)
 1 1.349527503063343 0.001562499996929563
 2 1.354253815990727 0.001562499996780959
 3 6.311693768596110 0.000000000000000
 4 6.727468819252042 0.000000000000000
 5 6.832329251708738 0.000000000000000
 6 7.041770442329392 0.000000000000000
 7 8.106318876244730 0.000000000000000
 8 12.83260477317361 0.000000000000000
 9 13.08036048545381 0.000000000000000
 10 14.81427729610032 0.000000000000000
 11 20.10565021159310 0.000000000000000
 12 20.25585092477253 0.000000000000000

 spin=1 k-point=34/1284 Cartesian=0.1557923599426688 0.1349201414258807 0.000000000000000 (1340 plane wave)
 1 0.2333473870097923 0.001562499999999993
 2 2.603242685178762 0.001561645356648392
 3 5.488161166469623 8.444475508621815e-13
 4 5.880858102160611 1.663838389839440e-14
 5 7.353767973946186 0.000000000000000
 6 8.014594327900779 0.000000000000000
 7 8.666617789637112 0.000000000000000
 8 12.91033508337604 0.000000000000000
 9 13.15344389331323 0.000000000000000
 10 14.88653221579346 0.000000000000000
 11 20.17836624648303 0.000000000000000
 12 20.28024654734038 0.000000000000000

 spin=1 k-point=35/1284 Cartesian=0.1363183149498352 0.03373003535647069 0.000000000000000 (1333 plane wave)
 1 -0.7405618978248367 0.001562500000000037
 2 3.885131293158523 7.696621310993411e-06
 3 4.530295273092515 1.220475389557616e-08
 4 5.119043234863017 3.385570584544978e-11
 5 7.680198658458169 0.000000000000000
 6 9.419090751785154 0.000000000000000
 7 9.896060749693948 0.000000000000000
 8 13.14460326457973 0.000000000000000
 9 13.37247494273048 0.000000000000000
 10 15.10232802966533 0.000000000000000
 11 20.31798797623310 0.000000000000000
 12 20.38214075166048 0.000000000000000

 spin=1 k-point=36/1284 Cartesian=0.1168442699570017 0.02248669023764735 0.000000000000000 (1329 plane wave)
 1 -1.566540702782624 0.001562500000000037
 2 3.705868699644997 4.510765745628917e-05
 3 3.982809487907410 2.906864876450422e-06
 4 5.803223732514486 3.616371238689641e-14
 5 8.080134318146763 0.000000000000000
 6 10.98177503447054 0.000000000000000
 7 11.36981487348143 0.000000000000000
 8 13.54053650307004 0.000000000000000
 9 13.73703532811308 0.000000000000000
 10 15.45763557648594 0.000000000000000
 11 19.97785080896799 0.000000000000000
 12 20.15592465415166 0.000000000000000

 spin=1 k-point=37/1284 Cartesian=0.09737022496416814 0.01124334511882402 0.000000000000000 (1332 plane wave)
 1 -2.243247069934912 0.001562500000000037
 2 3.028100293733803 0.001504846163563146
 3 3.399761207375491 0.0006066604265283039
 4 7.448273974857480 0.000000000000000
 5 8.613554481808963 0.000000000000000
 6 12.66437198995686 0.000000000000000
 7 12.98895324980307 0.000000000000000
 8 14.12180071575739 0.000000000000000
 9 14.24967151537112 0.000000000000000
 10 15.93674293411612 0.000000000000000
 11 18.27524275122963 0.000000000000000
 12 19.49894901065115 0.000000000000000

 spin=1 k-point=38/1284 Cartesian=0.07789617997133459 0.000000000000000 0.000000000000000 (1336 plane wave)
 1 -2.770015060283211 0.001562500000000037
 2 2.499854728102870 0.001562195960708173
 3 2.905143134698116 0.001545189028772899
 4 9.255280952920675 0.000000000000000
 5 9.320422779720747 0.000000000000000
 6 14.27572515709045 0.000000000000000
 7 14.58696894282343 0.000000000000000
 8 15.01525768365681 0.000000000000000
 9 15.07308817671955 0.000000000000000
 10 16.28343401205183 0.000000000000000
 11 16.93538127602081 0.000000000000000
 12 18.97386849734787 0.000000000000000

 spin=1 k-point=39/1284 Cartesian=0.05842213497850103 -0.01124334511882266 0.000000000000000 (1339 plane wave)
 1 -3.146477620657385 0.001562500000000037
 2 2.122136352845219 0.001562493040118773
 3 2.544841302444418 0.001562023288131989
 4 10.10749510909748 0.000000000000000
 5 11.25104796180841 0.000000000000000
 6 14.84795809598337 0.000000000000000
 7 15.37930882691728 0.000000000000000
 8 15.74243585953659 0.000000000000000
 9 16.64873820551533 0.000000000000000
 10 16.81601073496122 0.000000000000000
 11 17.38677074888545 0.000000000000000
 12 18.59763782883226 0.000000000000000

 spin=1 k-point=40/1284 Cartesian=-0.03894808998566670 0.02248669023764735 0.000000000000000 (1335 plane wave)
 1 -3.372426762549975 0.001562500000000037
 2 1.895378772298018 0.001562499279211844
 3 2.327034138253581 0.001562445993162486
 4 11.06695541174330 0.000000000000000
 5 12.93016836659610 0.000000000000000
 6 14.01000587950761 0.000000000000000
 7 16.38465061820892 0.000000000000000
 8 16.52994430257902 0.000000000000000
 9 17.80768921729710 0.000000000000000
 10 18.23887801832667 0.000000000000000
 11 18.34545369972924 0.000000000000000
 12 18.34720666938981 0.000000000000000

 spin=1 k-point=41/1284 Cartesian=-0.01947404499283316 0.03373003535647068 0.000000000000000 (1344 plane wave)
 1 -3.447754415137703 0.001562500000000037
 2 1.819774375898618 0.001562499661575403
 3 2.254223572051730 0.001562473923808522
 4 12.13753408513750 0.000000000000000
 5 12.14819318610591 0.000000000000000
 6 15.55969288866087 0.000000000000000
 7 16.04858978989837 0.000000000000000
 8 17.19605296645724 0.000000000000000
 9 17.46412705891154 0.000000000000000
 10 17.50028719704758 0.000000000000000
 11 17.96119949613110 0.000000000000000
 12 18.32102882377625 0.000000000000000

 spin=1 k-point=42/1284 Cartesian=0.000000000000000 0.06746007071294047 0.000000000000000 (1347 plane wave)
 1 -2.995877008694360 0.001562500000000037
 2 2.273247257878962 0.001562468460015113
 3 2.689135060397367 0.001560484012823217
 4 9.079070784457278 0.000000000000000
 5 12.09891467701696 0.000000000000000
 6 13.15371817172430 0.000000000000000
 7 14.38511176530165 0.000000000000000
 8 14.79963718283314 0.000000000000000
 9 17.40312268993307 0.000000000000000
 10 17.84441340872617 0.000000000000000
 11 18.35348269210968 0.000000000000000
 12 18.39384823536966 0.000000000000000

 spin=1 k-point=43/1284 Cartesian=0.01947404499283394 0.07870341583176403 0.000000000000000 (1335 plane wave)
 1 -2.694747306073570 0.001562500000000037
 2 2.575340722475816 0.001561853354819565
 3 2.975937103128750 0.001527758473763379
 4 8.190465556225645 0.000000000000000
 5 10.49576535177357 0.000000000000000
 6 13.47224199248038 0.000000000000000
 7 13.55247604573836 0.000000000000000
 8 14.55632873224347 0.000000000000000
 9 15.99553412460322 0.000000000000000
 10 16.01902486472893 0.000000000000000
 11 18.84829283791845 0.000000000000000
 12 19.02385253911057 0.000000000000000

 spin=1 k-point=44/1284 Cartesian=0.03894808998566748 0.08994676095058736 0.000000000000000 (1332 plane wave)
 1 -2.243247069952519 0.001562500000000037
 2 3.028100293853172 0.001504846163496864
 3 3.399761206999259 0.0006066604279245652
 4 7.448273976246442 0.000000000000000
 5 8.613554481590013 0.000000000000000
 6 12.66437198817705 0.000000000000000
 7 12.98895324942420 0.000000000000000
 8 14.12180071706289 0.000000000000000
 9 14.24967151570421 0.000000000000000
 10 15.93674293236711 0.000000000000000
 11 18.27524275332855 0.000000000000000
 12 19.49894900990446 0.000000000000000

 spin=1 k-point=45/1284 Cartesian=0.05842213497850103 0.1011901060694107 0.000000000000000 (1332 plane wave)
 1 -1.641661038620501 0.001562500000000037
 2 3.630834417793619 9.253964579088824e-05
 3 3.940999943178186 4.411459060069492e-06
 4 6.783351465684867 0.000000000000000
 5 6.942389321704627 0.000000000000000
 6 11.77627870672598 0.000000000000000
 7 12.20503234281933 0.000000000000000
 8 12.59590927347264 0.000000000000000
 9 12.77457297067942 0.000000000000000
 10 17.40314203209980 0.000000000000000
 11 18.00774863780236 0.000000000000000
 12 20.10630808629600 0.000000000000000

 spin=1 k-point=46/1284 Cartesian=0.07789617997133459 0.1124334511882340 0.000000000000000 (1337 plane wave)
 1 -0.8904902293948269 0.001562500000000037
 2 4.381854567537022 5.385021008837869e-08
 3 4.426300542583498 3.452759337852898e-08
 4 5.408813784004774 1.867127898397477e-12
 5 6.462679552918090 0.000000000000000
 6 10.39564222379202 0.000000000000000
 7 10.83381481651913 0.000000000000000
 8 11.86469131247423 0.000000000000000
 9 12.13971315651647 0.000000000000000
 10 17.25646457504937 0.000000000000000
 11 19.60903343821932 0.000000000000000
 12 20.85907079913907 0.000000000000000

 spin=1 k-point=47/1284 Cartesian=0.09737022496416814 0.1236767963070574 0.000000000000000 (1340 plane wave)
 1 0.009325185530411589 0.001562500000000032
 2 3.541624687215466 0.0002080709721079048
 3 5.275551517271004 7.078233404582146e-12
 4 5.480523214884290 9.114731731149182e-13
 5 6.324529194704428 0.000000000000000
 6 8.949503271356640 0.000000000000000
 7 9.444087772973294 0.000000000000000
 8 11.50917199897069 0.000000000000000
 9 11.82158887608814 0.000000000000000
 10 16.99402364617291 0.000000000000000
 11 21.51879033767935 0.000000000000000
 12 21.74092499103519 0.000000000000000

 spin=1 k-point=48/1284 Cartesian=0.1168442699570017 0.1349201414258807 0.000000000000000 (1346 plane wave)
 1 1.055736412684350 0.001562499999837375
 2 2.242994925936969 0.001562476693367474
 3 5.691675310563771 1.103371511357348e-13
 4 6.270288350158721 0.000000000000000
 5 6.793929156524834 0.000000000000000
 6 7.666760343941638 0.000000000000000
 7 8.286975806113327 0.000000000000000
 8 11.34302338602229 0.000000000000000
 9 11.66849042046496 0.000000000000000
 10 16.85699428184008 0.000000000000000
 11 22.01353862248985 0.000000000000000
 12 22.18662928273452 0.000000000000000

 spin=1 k-point=49/1284 Cartesian=0.1363183149498352 0.1461634865447040 0.000000000000000 (1346 plane wave)
 1 1.055736412731823 0.001562499999837375
 2 2.242994925891381 0.001562476693367484
 3 5.691675311424028 1.103371501865522e-13
 4 6.270288350227638 0.000000000000000
 5 6.793929154958082 0.000000000000000
 6 7.666760343823448 0.000000000000000
 7 8.286975806682829 0.000000000000000
 8 11.34302338606613 0.000000000000000
 9 11.66849042059171 0.000000000000000
 10 16.85699428185028 0.000000000000000
 11 22.01353862282538 0.000000000000000
 12 22.18662928365566 0.000000000000000

 spin=1 k-point=50/1284 Cartesian=0.1557923599426688 0.1574068316635274 0.000000000000000 (1340 plane wave)
 1 0.009325185572301772 0.001562500000000032
 2 3.541624687227421 0.0002080709720863435
 3 5.275551517326761 7.078233400635534e-12
 4 5.480523216896540 9.114731547737970e-13
 5 6.324529191892244 0.000000000000000
 6 8.949503271134148 0.000000000000000
 7 9.444087773236566 0.000000000000000
 8 11.50917199913393 0.000000000000000
 9 11.82158887655307 0.000000000000000
 10 16.99402364618408 0.000000000000000
 11 21.51879033584703 0.000000000000000
 12 21.74092499311844 0.000000000000000

 spin=1 k-point=51/1284 Cartesian=0.1363183149498352 0.01124334511882402 0.000000000000000 (1337 plane wave)
 1 -0.8904902293595408 0.001562500000000037
 2 4.381854567576084 5.385021006734422e-08
 3 4.426300543415172 3.452759309137827e-08
 4 5.408813784167990 1.867127895350020e-12
 5 6.462679551206345 0.000000000000000
 6 10.39564222330553 0.000000000000000
 7 10.83381481591089 0.000000000000000
 8 11.86469131289546 0.000000000000000
 9 12.13971315778283 0.000000000000000
 10 17.25646457503496 0.000000000000000
 11 19.60903343787113 0.000000000000000
 12 20.85907079982797 0.000000000000000

 spin=1 k-point=52/1284 Cartesian=0.1168442699570017 0.000000000000000 0.000000000000000 (1332 plane wave)
 1 -1.641661038592181 0.001562500000000037
 2 3.630834417820984 9.253964576706462e-05
 3 3.940999943823910 4.411459031664067e-06
 4 6.783351464503453 0.000000000000000
 5 6.942389321574509 0.000000000000000
 6 11.77627870566683 0.000000000000000
 7 12.20503233941968 0.000000000000000
 8 12.59590927448927 0.000000000000000
 9 12.77457297473287 0.000000000000000
 10 17.40314203170833 0.000000000000000
 11 18.00774863807045 0.000000000000000
 12 20.10630808701855 0.000000000000000

 spin=1 k-point=53/1284 Cartesian=0.09737022496416814 -0.01124334511882265 0.000000000000000 (1332 plane wave)
 1 -2.243247069930809 0.001562500000000037
 2 3.028100293873238 0.001504846163485723
 3 3.399761207397321 0.0006066604264472879
 4 7.448273975192644 0.000000000000000
 5 8.613554481640170 0.000000000000000
 6 12.66437198740740 0.000000000000000
 7 12.98895324735290 0.000000000000000
 8 14.12180071781723 0.000000000000000
 9 14.24967151850744 0.000000000000000
 10 15.93674293197162 0.000000000000000
 11 18.27524275351285 0.000000000000000
 12 19.49894901085996 0.000000000000000

 spin=1 k-point=54/1284 Cartesian=0.07789617997133459 -0.02248669023764599 0.000000000000000 (1335 plane wave)
 1 -2.694747306058452 0.001562500000000037
 2 2.575340722483142 0.001561853354819517
 3 2.975937103372906 0.001527758473680441
 4 8.190465555343872 0.000000000000000
 5 10.49576535204127 0.000000000000000
 6 13.47224199190388 0.000000000000000
 7 13.55247604455821 0.000000000000000
 8 14.55632873130829 0.000000000000000
 9 15.99553412707567 0.000000000000000
 10 16.01902486532721 0.000000000000000
 11 18.84829283769847 0.000000000000000
 12 19.02385254096610 0.000000000000000

 spin=1 k-point=55/1284 Cartesian=-0.05842213497850025 0.03373003535647068 0.000000000000000 (1347 plane wave)
 1 -2.995877008685333 0.001562500000000037
 2 2.273247257886319 0.001562468460015111
 3 2.689135060530717 0.001560484012820533
 4 9.079070783644685 0.000000000000000
 5 12.09891467943787 0.000000000000000
 6 13.15371816884640 0.000000000000000
 7 14.38511176474045 0.000000000000000
 8 14.79963718150300 0.000000000000000
 9 17.40312269393365 0.000000000000000
 10 17.84441340957286 0.000000000000000
 11 18.35348269449100 0.000000000000000
 12 18.39384823484545 0.000000000000000

 spin=1 k-point=56/1284 Cartesian=-0.03894808998566670 0.04497338047529402 0.000000000000000 (1339 plane wave)
 1 -3.146477620658080 0.001562500000000037
 2 2.122136352929921 0.001562493040118767
 3 2.544841302397145 0.001562023288132215
 4 10.10749510938431 0.000000000000000
 5 11.25104796312482 0.000000000000000
 6 14.84795809350063 0.000000000000000
 7 15.37930882036553 0.000000000000000
 8 15.74243585858054 0.000000000000000
 9 16.64873820757293 0.000000000000000
 10 16.81601074346938 0.000000000000000
 11 17.38677073963792 0.000000000000000
 12 18.59763782756155 0.000000000000000

 spin=1 k-point=57/1284 Cartesian=-0.01947404499283316 0.05621672559411735 0.000000000000000 (1339 plane wave)
 1 -3.146477620661137 0.001562500000000037
 2 2.122136352927537 0.001562493040118767
 3 2.544841302354632 0.001562023288132417
 4 10.10749511023231 0.000000000000000
 5 11.25104796200259 0.000000000000000
 6 14.84795809556599 0.000000000000000
 7 15.37930882083710 0.000000000000000
 8 15.74243585976092 0.000000000000000
 9 16.64873820445798 0.000000000000000
 10 16.81601074278526 0.000000000000000
 11 17.38677073887637 0.000000000000000
 12 18.59763782760569 0.000000000000000

 spin=1 k-point=58/1284 Cartesian=0.000000000000000 0.08994676095058715 0.000000000000000 (1335 plane wave)
 1 -2.468981365252443 0.001562500000000037
 2 2.801724423551842 0.001556301427735019
 3 3.186676993992319 0.001316255598585347
 4 7.235013964541650 0.000000000000000
 5 11.41748279574154 0.000000000000000
 6 12.17833861861802 0.000000000000000
 7 12.51285006079939 0.000000000000000
 8 13.36459785915249 0.000000000000000
 9 16.72128242190361 0.000000000000000
 10 17.16878550377091 0.000000000000000
 11 17.72891945092408 0.000000000000000
 12 18.17840730061619 0.000000000000000

 spin=1 k-point=59/1284 Cartesian=0.01947404499283394 0.1011901060694107 0.000000000000000 (1331 plane wave)
 1 -2.092836607946692 0.001562500000000037
 2 3.178752263535359 0.001332252012354051
 3 3.530428647850100 0.0002291064816669480
 4 6.432907037143603 0.000000000000000
 5 9.873202848427898 0.000000000000000
 6 11.67958630685677 0.000000000000000
 7 11.96372279325920 0.000000000000000
 8 13.88342507353277 0.000000000000000
 9 15.39982891736032 0.000000000000000
 10 15.43098173240208 0.000000000000000
 11 19.01720402115749 0.000000000000000
 12 19.03097930094761 0.000000000000000

 spin=1 k-point=60/1284 Cartesian=0.03894808998566748 0.1124334511882340 0.000000000000000 (1329 plane wave)
 1 -1.566540702811535 0.001562500000000037
 2 3.705868700045709 4.510765728075546e-05
 3 3.982809486770163 2.906864909447139e-06
 4 5.803223734602994 3.616371163161380e-14
 5 8.080134318323049 0.000000000000000
 6 10.98177503176495 0.000000000000000
 7 11.36981487209929 0.000000000000000
 8 13.54053650486611 0.000000000000000
 9 13.73703532926215 0.000000000000000
 10 15.45763557482988 0.000000000000000
 11 19.97785081273920 0.000000000000000
 12 20.15592465263245 0.000000000000000

 spin=1 k-point=61/1284 Cartesian=0.05842213497850103 0.1236767963070574 0.000000000000000 (1337 plane wave)
 1 -0.8904902294032919 0.001562500000000037
 2 4.381854567881656 5.385020990279848e-08
 3 4.426300541167717 3.452759386735308e-08
 4 5.408813787184035 1.867127839036590e-12
 5 6.462679551345508 0.000000000000000
 6 10.39564222110535 0.000000000000000
 7 10.83381481544680 0.000000000000000
 8 11.86469131463926 0.000000000000000
 9 12.13971315763244 0.000000000000000
 10 17.25646457363355 0.000000000000000
 11 19.60903343970199 0.000000000000000
 12 20.85907079916590 0.000000000000000

 spin=1 k-point=62/1284 Cartesian=0.07789617997133459 0.1349201414258807 0.000000000000000 (1360 plane wave)
 1 -0.06539111298313036 0.001562500000000035
 2 4.433097260965518 3.225887063847747e-08
 3 4.751439999432423 1.336941696798566e-09
 4 5.203538842007498 1.454360359821792e-11
 5 5.966169431826828 7.089386479161802e-15
 6 9.728043582234385 0.000000000000000
 7 10.23552111221260 0.000000000000000
 8 10.57608507355335 0.000000000000000
 9 10.87244341490721 0.000000000000000
 10 18.99076204810364 0.000000000000000
 11 19.52064615612641 0.000000000000000
 12 21.69294036902801 0.000000000000000

 spin=1 k-point=63/1284 Cartesian=0.09737022496416814 0.1461634865447041 0.000000000000000 (1350 plane wave)
 1 0.9073646779138211 0.001562499999963146
 2 3.273697732842833 0.001080092966430531
 3 4.442475561888284 2.937112003930087e-08
 4 6.158156064762940 1.039491866505189e-15
 5 6.689350468469145 0.000000000000000
 6 8.591535879272723 0.000000000000000
 7 9.133497743576328 0.000000000000000
 8 10.07682152117670 0.000000000000000
 9 10.42766186485214 0.000000000000000
 10 19.02992341110503 0.000000000000000
 11 21.35124450771666 0.000000000000000
 12 22.66951660386648 0.000000000000000

 spin=1 k-point=64/1284 Cartesian=0.1168442699570017 0.1574068316635274 0.000000000000000 (1348 plane wave)
 1 2.014907009245804 0.001562497618163973
 2 2.034137437872106 0.001562497113121995
 3 4.381386172804953 5.410302458650104e-08
 4 6.995133125286332 0.000000000000000
 5 7.342650013241781 0.000000000000000
 6 7.640676938436343 0.000000000000000
 7 8.330704819336146 0.000000000000000
 8 9.963592027113085 0.000000000000000
 9 10.32962495001120 0.000000000000000
 10 18.97251403803193 0.000000000000000
 11 23.17649824455099 0.000000000000000
 12 23.53669838243701 0.000000000000000

 spin=1 k-point=65/1284 Cartesian=0.1363183149498352 0.1686501767823507 0.000000000000000 (1350 plane wave)
 1 0.9073646779864114 0.001562499999963146
 2 3.273697732824449 0.001080092966491834
 3 4.442475562249795 2.937111993312314e-08
 4 6.158156064890511 1.039491865179100e-15
 5 6.689350467673329 0.000000000000000
 6 8.591535878803839 0.000000000000000
 7 9.133497742798292 0.000000000000000
 8 10.07682152151830 0.000000000000000
 9 10.42766186603107 0.000000000000000
 10 19.02992341104250 0.000000000000000
 11 21.35124450746934 0.000000000000000
 12 22.66951660456942 0.000000000000000

 spin=1 k-point=66/1284 Cartesian=0.1557923599426688 0.1798935219011741 0.000000000000000 (1360 plane wave)
 1 -0.06539111292162132 0.001562500000000035
 2 4.433097262949739 3.225886999840296e-08
 3 4.751439998229973 1.336941712874611e-09
 4 5.203538842092197 1.454360358589966e-11
 5 5.966169430488793 7.089386574020358e-15
 6 9.728043581216422 0.000000000000000
 7 10.23552110886046 0.000000000000000
 8 10.57608507448983 0.000000000000000
 9 10.87244341880822 0.000000000000000
 10 18.99076204779073 0.000000000000000
 11 19.52064615625725 0.000000000000000
 12 21.69294036972791 0.000000000000000

 spin=1 k-point=67/1284 Cartesian=0.1363183149498352 -0.01124334511882266 0.000000000000000 (1337 plane wave)
 1 -0.8904902293539639 0.001562500000000037
 2 4.381854567939449 5.385020987167787e-08
 3 4.426300543407336 3.452759309408351e-08
 4 5.408813784407012 1.867127890887188e-12
 5 6.462679551260495 0.000000000000000
 6 10.39564222036948 0.000000000000000
 7 10.83381481335191 0.000000000000000
 8 11.86469131530811 0.000000000000000
 9 12.13971316043173 0.000000000000000
 10 17.25646457345415 0.000000000000000
 11 19.60903343963041 0.000000000000000
 12 20.85907079988943 0.000000000000000

 spin=1 k-point=68/1284 Cartesian=0.1168442699570017 -0.02248669023764600 0.000000000000000 (1329 plane wave)
 1 -1.566540702773083 0.001562500000000037
 2 3.705868700085611 4.510765726327606e-05
 3 3.982809487942563 2.906864875430467e-06
 4 5.803223732879618 3.616371225485076e-14
 5 8.080134318205856 0.000000000000000
 6 10.98177503125332 0.000000000000000
 7 11.36981487085783 0.000000000000000
 8 13.54053650535980 0.000000000000000
 9 13.73703533146570 0.000000000000000
 10 15.45763557461127 0.000000000000000
 11 19.97785081197472 0.000000000000000
 12 20.15592465434117 0.000000000000000

 spin=1 k-point=69/1284 Cartesian=0.09737022496416814 -0.03373003535646934 0.000000000000000 (1331 plane wave)
 1 -2.092836607918602 0.001562500000000037
 2 3.178752263561409 0.001332252012302908
 3 3.530428648483401 0.0002291064804287613
 4 6.432907035935679 0.000000000000000
 5 9.873202848399815 0.000000000000000
 6 11.67958630643897 0.000000000000000
 7 11.96372279250277 0.000000000000000
 8 13.88342507292475 0.000000000000000
 9 15.39982891779278 0.000000000000000
 10 15.43098173483806 0.000000000000000
 11 19.01720402196497 0.000000000000000
 12 19.03097930272556 0.000000000000000

 spin=1 k-point=70/1284 Cartesian=-0.07789617997133380 0.04497338047529403 0.000000000000000 (1335 plane wave)
 1 -2.468981365234081 0.001562500000000037
 2 2.801724423568666 0.001556301427733980
 3 3.186676994339555 0.001316255597865050
 4 7.235013963564950 0.000000000000000
 5 11.41748279817266 0.000000000000000
 6 12.17833861554373 0.000000000000000
 7 12.51285006040437 0.000000000000000
 8 13.36459785848278 0.000000000000000
 9 16.72128242591520 0.000000000000000
 10 17.16878550459971 0.000000000000000
 11 17.72891945133073 0.000000000000000
 12 18.17840729939708 0.000000000000000

 spin=1 k-point=71/1284 Cartesian=-0.05842213497850025 0.05621672559411737 0.000000000000000 (1335 plane wave)
 1 -2.694747306059353 0.001562500000000037
 2 2.575340722617764 0.001561853354818647
 3 2.975937103294310 0.001527758473707139
 4 8.190465555547824 0.000000000000000
 5 10.49576535337104 0.000000000000000
 6 13.47224198886133 0.000000000000000
 7 13.55247604273900 0.000000000000000
 8 14.55632873050202 0.000000000000000
 9 15.99553412721719 0.000000000000000
 10 16.01902486964740 0.000000000000000
 11 18.84829282562960 0.000000000000000
 12 19.02385253922844 0.000000000000000

 spin=1 k-point=72/1284 Cartesian=-0.03894808998566670 0.06746007071294070 0.000000000000000 (1336 plane wave)
 1 -2.770015060285308 0.001562500000000037
 2 2.499854728331904 0.001562195960707477
 3 2.905143134558573 0.001545189028796787
 4 9.255280960249053 0.000000000000000
 5 9.320422773929229 0.000000000000000
 6 14.27572514141490 0.000000000000000
 7 14.58696893714737 0.000000000000000
 8 15.01525768926488 0.000000000000000
 9 15.07308819301444 0.000000000000000
 10 16.28343400910222 0.000000000000000
 11 16.93538126959394 0.000000000000000
 12 18.97386849656133 0.000000000000000

 spin=1 k-point=73/1284 Cartesian=-0.01947404499283316 0.07870341583176405 0.000000000000000 (1335 plane wave)
 1 -2.694747306068349 0.001562500000000037
 2 2.575340722609598 0.001561853354818700
 3 2.975937103137928 0.001527758473760261
 4 8.190465556427842 0.000000000000000
 5 10.49576535220049 0.000000000000000
 6 13.47224198925974 0.000000000000000
 7 13.55247604543074 0.000000000000000
 8 14.55632873038765 0.000000000000000
 9 15.99553412453962 0.000000000000000
 10 16.01902486909401 0.000000000000000
 11 18.84829282471245 0.000000000000000
 12 19.02385253968640 0.000000000000000

 spin=1 k-point=74/1284 Cartesian=0.000000000000000 0.1124334511882338 0.000000000000000 (1336 plane wave)
 1 -1.792101607387068 0.001562500000000037
 2 3.479826164548622 0.0003465454648502759
 3 3.772740871520397 2.344149423739073e-05
 4 5.590119601301311 3.046300318044887e-13
 5 10.78446246172998 0.000000000000000
 6 10.85730059632143 0.000000000000000
 7 10.88704693145003 0.000000000000000
 8 12.52630998190327 0.000000000000000
 9 16.19077850169425 0.000000000000000
 10 16.64144443273442 0.000000000000000
 11 17.20099361691732 0.000000000000000
 12 17.91578173761580 0.000000000000000

 spin=1 k-point=75/1284 Cartesian=0.01947404499283394 0.1236767963070574 0.000000000000000 (1325 plane wave)
 1 -1.341231218447234 0.001562500000000037
 2 3.930752974179026 4.885983523051612e-06
 3 4.016314463504956 2.080389404991650e-06
 4 5.031574335647969 8.119037648349587e-11
 5 9.341194863062860 0.000000000000000
 6 10.02933674306385 0.000000000000000
 7 10.48762267395738 0.000000000000000
 8 13.42014765334316 0.000000000000000
 9 14.93916432595887 0.000000000000000
 10 14.99954261794730 0.000000000000000
 11 18.60049450639861 0.000000000000000
 12 18.82249321546042 0.000000000000000

 spin=1 k-point=76/1284 Cartesian=0.03894808998566748 0.1349201414258807 0.000000000000000 (1333 plane wave)
 1 -0.7405618978744246 0.001562500000000037
 2 3.885131291405183 7.696621445276617e-06
 3 4.530295274170862 1.220475376396752e-08
 4 5.119043237597727 3.385570491959401e-11
 5 7.680198659363952 0.000000000000000
 6 9.419090748107822 0.000000000000000
 7 9.896060747358257 0.000000000000000
 8 13.14460326661358 0.000000000000000
 9 13.37247494411927 0.000000000000000
 10 15.10232802804806 0.000000000000000
 11 20.31798797610359 0.000000000000000
 12 20.38214075326308 0.000000000000000

 spin=1 k-point=77/1284 Cartesian=0.05842213497850103 0.1461634865447041 0.000000000000000 (1340 plane wave)
 1 0.009325185500315672 0.001562500000000032
 2 3.541624686427526 0.0002080709735290598
 3 5.275551518649991 7.078233306974261e-12
 4 5.480523218057214 9.114731441945550e-13
 5 6.324529193060210 0.000000000000000
 6 8.949503266989097 0.000000000000000
 7 9.444087771307297 0.000000000000000
 8 11.50917200170991 0.000000000000000
 9 11.82158887738997 0.000000000000000
 10 16.99402364465358 0.000000000000000
 11 21.51879033954103 0.000000000000000
 12 21.74092499120432 0.000000000000000

 spin=1 k-point=78/1284 Cartesian=0.07789617997133459 0.1574068316635274 0.000000000000000 (1350 plane wave)
 1 0.9073646778916645 0.001562499999963146
 2 3.273697732388104 0.001080092967946909
 3 4.442475562630468 2.937111982131724e-08
 4 6.158156066427924 1.039491849197798e-15
 5 6.689350468916560 0.000000000000000
 6 8.591535874104887 0.000000000000000
 7 9.133497741589252 0.000000000000000
 8 10.07682152460234 0.000000000000000
 9 10.42766186625381 0.000000000000000
 10 19.02992340939882 0.000000000000000
 11 21.35124450926033 0.000000000000000
 12 22.66951660407350 0.000000000000000

 spin=1 k-point=79/1284 Cartesian=0.09737022496416814 0.1686501767823507 0.000000000000000 (1358 plane wave)
 1 1.951200523710103 0.001562498740383483
 2 3.105782159361455 0.001442336942056682
 3 3.168017727712050 0.001352538533700442
 4 7.139128722029613 0.000000000000000
 5 7.495739635622805 0.000000000000000
 6 8.134033853842498 0.000000000000000
 7 8.898765050667901 0.000000000000000
 8 9.099248926965506 0.000000000000000
 9 9.376644351003936 0.000000000000000
 10 21.02479760534636 0.000000000000000
 11 21.39128841769596 0.000000000000000
 12 23.31212916213860 0.000000000000000

 spin=1 k-point=80/1284 Cartesian=0.1168442699570017 0.1798935219011741 0.000000000000000 (1358 plane wave)
 1 1.951200523827284 0.001562498740383481
 2 3.105782160475287 0.001442336940821197
 3 3.168017726527952 0.001352538535852513
 4 7.139128722451884 0.000000000000000
 5 7.495739635977358 0.000000000000000
 6 8.134033852850575 0.000000000000000
 7 8.898765046535189 0.000000000000000
 8 9.099248927530637 0.000000000000000
 9 9.376644354762288 0.000000000000000
 10 21.02479760513358 0.000000000000000
 11 21.39128841793047 0.000000000000000
 12 23.31212916137744 0.000000000000000

 spin=1 k-point=81/1284 Cartesian=0.1363183149498352 0.1911368670199974 0.000000000000000 (1350 plane wave)
 1 0.9073646779974565 0.001562499999963146
 2 3.273697732843353 0.001080092966428799
 3 4.442475562199231 2.937111994797397e-08
 4 6.158156066648937 1.039491846900391e-15
 5 6.689350468723774 0.000000000000000
 6 8.591535873264421 0.000000000000000
 7 9.133497738978404 0.000000000000000
 8 10.07682152522147 0.000000000000000
 9 10.42766186901843 0.000000000000000
 10 19.02992340937208 0.000000000000000
 11 21.35124450901187 0.000000000000000
 12 22.66951660476014 0.000000000000000

 spin=1 k-point=82/1284 Cartesian=0.1557923599426688 0.2023802121388207 0.000000000000000 (1340 plane wave)
 1 0.009325185585775752 0.001562500000000032
 2 3.541624687265885 0.0002080709720169681
 3 5.275551518782643 7.078233297584823e-12
 4 5.480523216937199 9.114731544032009e-13
 5 6.324529192820300 0.000000000000000
 6 8.949503266423891 0.000000000000000
 7 9.444087769831111 0.000000000000000
 8 11.50917200215980 0.000000000000000
 9 11.82158887951073 0.000000000000000
 10 16.99402364456029 0.000000000000000
 11 21.51879033806340 0.000000000000000
 12 21.74092499298700 0.000000000000000

 spin=1 k-point=83/1284 Cartesian=0.1363183149498352 -0.03373003535646932 0.000000000000000 (1333 plane wave)
 1 -0.7405618978080154 0.001562500000000037
 2 3.885131293130530 7.696621313137333e-06
 3 4.530295274254527 1.220475375375641e-08
 4 5.119043235467600 3.385570564076381e-11
 5 7.680198658916586 0.000000000000000
 6 9.419090747674751 0.000000000000000
 7 9.896060746605361 0.000000000000000
 8 13.14460326699081 0.000000000000000
 9 13.37247494613047 0.000000000000000
 10 15.10232802788953 0.000000000000000
 11 20.31798797690762 0.000000000000000
 12 20.38214075500306 0.000000000000000

 spin=1 k-point=84/1284 Cartesian=0.1168442699570017 -0.04497338047529265 0.000000000000000 (1325 plane wave)
 1 -1.341231218397743 0.001562500000000037
 2 3.930752974234140 4.885983520367200e-06
 3 4.016314465734150 2.080389358677460e-06
 4 5.031574332933548 8.119037868734504e-11
 5 9.341194862111283 0.000000000000000
 6 10.02933674268967 0.000000000000000
 7 10.48762267421993 0.000000000000000
 8 13.42014765284358 0.000000000000000
 9 14.93916432633499 0.000000000000000
 10 14.99954262041285 0.000000000000000
 11 18.60049450707599 0.000000000000000
 12 18.82249321565510 0.000000000000000

 spin=1 k-point=85/1284 Cartesian=-0.09737022496416733 0.05621672559411737 0.000000000000000 (1336 plane wave)
 1 -1.792101607352972 0.001562500000000037
 2 3.479826164582271 0.0003465454647595301
 3 3.772740872627396 2.344149398178664e-05
 4 5.590119599621758 3.046300369209122e-13
 5 10.78446246138835 0.000000000000000
 6 10.85730059378772 0.000000000000000
 7 10.88704693389216 0.000000000000000
 8 12.52630998092156 0.000000000000000
 9 16.19077850571527 0.000000000000000
 10 16.64144443351294 0.000000000000000
 11 17.20099361696438 0.000000000000000
 12 17.91578173593053 0.000000000000000

 spin=1 k-point=86/1284 Cartesian=-0.07789617997133380 0.06746007071294070 0.000000000000000 (1331 plane wave)
 1 -2.092836607919810 0.001562500000000037
 2 3.178752263739728 0.001332252011952835
 3 3.530428648342951 0.0002291064807033587
 4 6.432907036130456 0.000000000000000
 5 9.873202849856529 0.000000000000000
 6 11.67958630468527 0.000000000000000
 7 11.96372279096558 0.000000000000000
 8 13.88342507217187 0.000000000000000
 9 15.39982892035222 0.000000000000000
 10 15.43098173479184 0.000000000000000
 11 19.01720402421711 0.000000000000000
 12 19.03097930060629 0.000000000000000

 spin=1 k-point=87/1284 Cartesian=-0.05842213497850025 0.07870341583176403 0.000000000000000 (1332 plane wave)
 1 -2.243247069933837 0.001562500000000037
 2 3.028100294197417 0.001504846163305717
 3 3.399761207152524 0.0006066604273557727
 4 7.448273975846703 0.000000000000000
 5 8.613554482554566 0.000000000000000
 6 12.66437197978854 0.000000000000000
 7 12.98895324499439 0.000000000000000
 8 14.12180072576935 0.000000000000000
 9 14.24967152005732 0.000000000000000
 10 15.93674293003084 0.000000000000000
 11 18.27524274606670 0.000000000000000
 12 19.49894900988260 0.000000000000000

 spin=1 k-point=88/1284 Cartesian=-0.03894808998566670 0.08994676095058737 0.000000000000000 (1332 plane wave)
 1 -2.243247069940411 0.001562500000000037
 2 3.028100294191765 0.001504846163308856
 3 3.399761207002340 0.0006066604279131292
 4 7.448273976848907 0.000000000000000
 5 8.613554481578999 0.000000000000000
 6 12.66437198007529 0.000000000000000
 7 12.98895324681584 0.000000000000000
 8 14.12180072546776 0.000000000000000
 9 14.24967151813154 0.000000000000000
 10 15.93674293021342 0.000000000000000
 11 18.27524274563676 0.000000000000000
 12 19.49894900985980 0.000000000000000

 spin=1 k-point=89/1284 Cartesian=-0.01947404499283316 0.1011901060694107 0.000000000000000 (1331 plane wave)
 1 -2.092836607939870 0.001562500000000037
 2 3.178752263720910 0.001332252011989779
 3 3.530428647836028 0.0002291064816944609
 4 6.432907037323952 0.000000000000000
 5 9.873202848670099 0.000000000000000
 6 11.67958630501469 0.000000000000000
 7 11.96372279312603 0.000000000000000
 8 13.88342507223747 0.000000000000000
 9 15.39982891993085 0.000000000000000
 10 15.43098173219637 0.000000000000000
 11 19.01720402459978 0.000000000000000
 12 19.03097930004956 0.000000000000000

 spin=1 k-point=90/1284 Cartesian=0.000000000000000 0.1349201414258805 0.000000000000000 (1336 plane wave)
 1 -0.9658977220706823 0.001562500000000037
 2 3.661417037987409 6.923724516326670e-05
 3 4.304690872998538 1.164897571731910e-07
 4 4.930971886936929 2.220319670786897e-10
 5 9.207587642527965 0.000000000000000
 6 9.435443812759212 0.000000000000000
 7 10.50800776135355 0.000000000000000
 8 12.06645656907612 0.000000000000000
 9 15.81179214486633 0.000000000000000
 10 16.26411699847202 0.000000000000000
 11 16.82099255205114 0.000000000000000
 12 17.68924711373008 0.000000000000000

 spin=1 k-point=91/1284 Cartesian=0.01947404499283394 0.1461634865447040 0.000000000000000 (1339 plane wave)
 1 -0.4408554756833843 0.001562500000000037
 2 3.093670334845213 0.001455101887127468
 3 4.825680992694393 6.363382760756329e-10
 4 5.323130039221846 4.398392015437843e-12
 5 8.533755086042254 0.000000000000000
 6 8.604882300518108 0.000000000000000
 7 9.493489913915731 0.000000000000000
 8 13.11716295192964 0.000000000000000
 9 14.63299871362020 0.000000000000000
 10 14.70941571043658 0.000000000000000
 11 18.30162492374103 0.000000000000000
 12 18.64927702842022 0.000000000000000

 spin=1 k-point=92/1284 Cartesian=0.03894808998566748 0.1574068316635274 0.000000000000000 (1340 plane wave)
 1 0.2333473869192930 0.001562499999999993
 2 2.603242684746489 0.001561645356652084
 3 5.488161169799080 8.444475227466558e-13
 4 5.880858103781035 1.663838362878186e-14
 5 7.353767976606343 0.000000000000000
 6 8.014594321708213 0.000000000000000
 7 8.666617785274202 0.000000000000000
 8 12.91033508566968 0.000000000000000
 9 13.15344389480527 0.000000000000000
 10 14.88653221411018 0.000000000000000
 11 20.17836624896523 0.000000000000000
 12 20.28024654749512 0.000000000000000

 spin=1 k-point=93/1284 Cartesian=0.05842213497850103 0.1686501767823507 0.000000000000000 (1346 plane wave)
 1 1.055736412619348 0.001562499999837375
 2 2.242994925626312 0.001562476693367546
 3 5.691675311873449 1.103371496906741e-13
 4 6.270288356856006 0.000000000000000
 5 6.793929158504264 0.000000000000000
 6 7.666760333689111 0.000000000000000
 7 8.286975802183807 0.000000000000000
 8 11.34302338931632 0.000000000000000
 9 11.66849042189990 0.000000000000000
 10 16.85699428008553 0.000000000000000
 11 22.01353862402672 0.000000000000000
 12 22.18662928490154 0.000000000000000

 spin=1 k-point=94/1284 Cartesian=0.07789617997133459 0.1798935219011741 0.000000000000000 (1348 plane wave)
 1 2.014907015385661 0.001562497618163826
 2 2.034137431347261 0.001562497113122183
 3 4.381386173348380 5.410302429250050e-08
 4 6.995133141520409 0.000000000000000
 5 7.342650017321533 0.000000000000000
 6 7.640676916724421 0.000000000000000
 7 8.330704813301404 0.000000000000000
 8 9.963592032501092 0.000000000000000
 9 10.32962495200876 0.000000000000000
 10 18.97251403590967 0.000000000000000
 11 23.17649823979735 0.000000000000000
 12 23.53669838518398 0.000000000000000

 spin=1 k-point=95/1284 Cartesian=0.09737022496416814 0.1911368670199974 0.000000000000000 (1358 plane wave)
 1 1.951200523889313 0.001562498740383480
 2 3.105782154149677 0.001442336947837692
 3 3.168017732803341 0.001352538524447128
 4 7.139128729862929 0.000000000000000
 5 7.495739638213114 0.000000000000000
 6 8.134033836665683 0.000000000000000
 7 8.898765038599276 0.000000000000000
 8 9.099248936289444 0.000000000000000
 9 9.376644360530131 0.000000000000000
 10 21.02479760290214 0.000000000000000
 11 21.39128841622124 0.000000000000000
 12 23.31212916219668 0.000000000000000

 spin=1 k-point=96/1284 Cartesian=0.1168442699570017 0.2023802121388207 0.000000000000000 (1348 plane wave)
 1 2.014907014486294 0.001562497618163848
 2 2.034137432595774 0.001562497113122147
 3 4.381386172880685 5.410302454552899e-08
 4 6.995133142496708 0.000000000000000
 5 7.342650018936120 0.000000000000000
 6 7.640676915350661 0.000000000000000
 7 8.330704809886919 0.000000000000000
 8 9.963592032910485 0.000000000000000
 9 10.32962495403037 0.000000000000000
 10 18.97251403590437 0.000000000000000
 11 23.17649823711461 0.000000000000000
 12 23.53669838511421 0.000000000000000

 spin=1 k-point=97/1284 Cartesian=0.1363183149498352 0.2136235572576441 0.000000000000000 (1346 plane wave)
 1 1.055736412768341 0.001562499999837375
 2 2.242994925904396 0.001562476693367481
 3 5.691675311117589 1.103371505246690e-13
 4 6.270288357323686 0.000000000000000
 5 6.793929159108062 0.000000000000000
 6 7.666760332887926 0.000000000000000
 7 8.286975800297435 0.000000000000000
 8 11.34302338968049 0.000000000000000
 9 11.66849042376115 0.000000000000000
 10 16.85699428005559 0.000000000000000
 11 22.01353862434610 0.000000000000000
 12 22.18662928664727 0.000000000000000

 spin=1 k-point=98/1284 Cartesian=0.1557923599426688 0.2248669023764674 0.000000000000000 (1340 plane wave)
 1 0.2333473870356345 0.001562499999999993
 2 2.603242685221951 0.001561645356648023
 3 5.488161170024811 8.444475208404738e-13
 4 5.880858103249598 1.663838371720438e-14
 5 7.353767975364168 0.000000000000000
 6 8.014594321188204 0.000000000000000
 7 8.666617785090381 0.000000000000000
 8 12.91033508600548 0.000000000000000
 9 13.15344389673343 0.000000000000000
 10 14.88653221398991 0.000000000000000
 11 20.17836624968871 0.000000000000000
 12 20.28024654794550 0.000000000000000

 spin=1 k-point=99/1284 Cartesian=0.1363183149498352 -0.05621672559411599 0.000000000000000 (1339 plane wave)
 1 -0.4408554755964982 0.001562500000000037
 2 3.093670335693421 0.001455101886279123
 3 4.825680992822338 6.363382752614671e-10
 4 5.323130038102176 4.398392064685321e-12
 5 8.533755085637152 0.000000000000000
 6 8.604882297720891 0.000000000000000
 7 9.493489915904568 0.000000000000000
 8 13.11716295148021 0.000000000000000
 9 14.63299871397589 0.000000000000000
 10 14.70941571290656 0.000000000000000
 11 18.30162492416689 0.000000000000000
 12 18.64927702816180 0.000000000000000

 spin=1 k-point=100/1284 Cartesian=-0.1168442699570009 0.06746007071294070 0.000000000000000 (1336 plane wave)
 1 -0.9658977220088892 0.001562500000000037
 2 3.661417039679427 6.923724404367154e-05
 3 4.304690873073869 1.164897570854452e-07
 4 4.930971884777603 2.220319718730847e-10
 5 9.207587642184198 0.000000000000000
 6 9.435443810559166 0.000000000000000
 7 10.50800776379863 0.000000000000000
 8 12.06645656779739 0.000000000000000
 9 15.81179214887218 0.000000000000000
 10 16.26411699925256 0.000000000000000
 11 16.82099255196765 0.000000000000000
 12 17.68924711178542 0.000000000000000

 spin=1 k-point=101/1284 Cartesian=-0.09737022496416733 0.07870341583176403 0.000000000000000 (1325 plane wave)
 1 -1.341231218398776 0.001562500000000037
 2 3.930752974470587 4.885983508850554e-06
 3 4.016314465435082 2.080389364890956e-06
 4 5.031574333222332 8.119037845287984e-11
 5 9.341194864012612 0.000000000000000
 6 10.02933674156824 0.000000000000000
 7 10.48762267238096 0.000000000000000
 8 13.42014765229079 0.000000000000000
 9 14.93916432787581 0.000000000000000
 10 14.99954262033919 0.000000000000000
 11 18.60049450606103 0.000000000000000
 12 18.82249321673249 0.000000000000000

 spin=1 k-point=102/1284 Cartesian=-0.07789617997133380 0.08994676095058737 0.000000000000000 (1329 plane wave)
 1 -1.566540702776587 0.001562500000000037
 2 3.705868700527494 4.510765706970714e-05
 3 3.982809487441681 2.906864889963334e-06
 4 5.803223733487343 3.616371203507495e-14
 5 8.080134319414045 0.000000000000000
 6 10.98177502744210 0.000000000000000
 7 11.36981486920665 0.000000000000000
 8 13.54053650920758 0.000000000000000
 9 13.73703533205941 0.000000000000000
 10 15.45763557323770 0.000000000000000
 11 19.97785080007612 0.000000000000000
 12 20.15592465270636 0.000000000000000

 spin=1 k-point=103/1284 Cartesian=-0.05842213497850025 0.1011901060694107 0.000000000000000 (1332 plane wave)
 1 -1.641661038599269 0.001562500000000037
 2 3.630834418462372 9.253964520867826e-05
 3 3.940999943079959 4.411459064390511e-06
 4 6.783351471368168 0.000000000000000
 5 6.942389316747211 0.000000000000000
 6 11.77627868968666 0.000000000000000
 7 12.20503233315558 0.000000000000000
 8 12.59590929009581 0.000000000000000
 9 12.77457298025173 0.000000000000000
 10 17.40314202915430 0.000000000000000
 11 18.00774863248783 0.000000000000000
 12 20.10630808629994 0.000000000000000

 spin=1 k-point=104/1284 Cartesian=-0.03894808998566670 0.1124334511882340 0.000000000000000 (1329 plane wave)
 1 -1.566540702795711 0.001562500000000037
 2 3.705868700506504 4.510765707890209e-05
 3 3.982809486625714 2.906864913638282e-06
 4 5.803223735176581 3.616371142418344e-14
 5 8.080134318336043 0.000000000000000
 6 10.98177502773721 0.000000000000000
 7 11.36981487095198 0.000000000000000
 8 13.54053650888430 0.000000000000000
 9 13.73703533012288 0.000000000000000
 10 15.45763557336486 0.000000000000000
 11 19.97785079953553 0.000000000000000
 12 20.15592465246733 0.000000000000000

 spin=1 k-point=105/1284 Cartesian=-0.01947404499283316 0.1236767963070574 0.000000000000000 (1325 plane wave)
 1 -1.341231218438485 0.001562500000000037
 2 3.930752974425890 4.885983511027602e-06
 3 4.016314463329914 2.080389408628335e-06
 4 5.031574335975919 8.119037621723239e-11
 5 9.341194863032101 0.000000000000000
 6 10.02933674188216 0.000000000000000
 7 10.48762267402462 0.000000000000000
 8 13.42014765250680 0.000000000000000
 9 14.93916432750108 0.000000000000000
 10 14.99954261780462 0.000000000000000
 11 18.60049450576963 0.000000000000000
 12 18.82249321738159 0.000000000000000

 spin=1 k-point=106/1284 Cartesian=0.000000000000000 0.1574068316635272 0.000000000000000 (1338 plane wave)
 1 0.008290525110683107 0.001562500000000032
 2 2.378731627864469 0.001562409435501795
 3 5.262877038245721 8.034696113566132e-12
 4 5.720977188186808 8.231240625024155e-14
 5 7.797636656534555 0.000000000000000
 6 8.106585535230696 0.000000000000000
 7 10.28053533076433 0.000000000000000
 8 11.81475712456171 0.000000000000000
 9 15.58438359432355 0.000000000000000
 10 16.03752005954894 0.000000000000000
 11 16.59258416678266 0.000000000000000
 12 17.54087432725261 0.000000000000000

 spin=1 k-point=107/1284 Cartesian=0.01947404499283394 0.1686501767823507 0.000000000000000 (1344 plane wave)
 1 0.6062509576095781 0.001562499999998220
 2 1.794198986629425 0.001562499737946842
 3 5.819720383837984 3.066400963151137e-14
 4 6.241041815143734 0.000000000000000
 5 7.238977826842356 0.000000000000000
 6 7.505013463015155 0.000000000000000
 7 9.194533571151030 0.000000000000000
 8 12.96653901017954 0.000000000000000
 9 14.48011163113036 0.000000000000000
 10 14.56375463908132 0.000000000000000
 11 18.15124573751904 0.000000000000000
 12 18.55302332465289 0.000000000000000

 spin=1 k-point=108/1284 Cartesian=0.03894808998566748 0.1798935219011741 0.000000000000000 (1340 plane wave)
 1 1.349527509123402 0.001562499996929563
 2 1.354253809576490 0.001562499996780959
 3 6.311693784846036 0.000000000000000
 4 6.727468824318083 0.000000000000000
 5 6.832329252065436 0.000000000000000
 6 7.041770422887789 0.000000000000000
 7 8.106318870486017 0.000000000000000
 8 12.83260477585058 0.000000000000000
 9 13.08036048701796 0.000000000000000
 10 14.81427729425658 0.000000000000000
 11 20.10565021419977 0.000000000000000
 12 20.25585092558165 0.000000000000000

 spin=1 k-point=109/1284 Cartesian=0.05842213497850103 0.1911368670199974 0.000000000000000 (1346 plane wave)
 1 1.055736412674658 0.001562499999837375
 2 2.242994925515016 0.001562476693367572
 3 5.691675312211899 1.103371493172373e-13
 4 6.270288358357798 0.000000000000000
 5 6.793929158665160 0.000000000000000
 6 7.666760331317398 0.000000000000000
 7 8.286975801458249 0.000000000000000
 8 11.34302339022654 0.000000000000000
 9 11.66849042222151 0.000000000000000
 10 16.85699427975399 0.000000000000000
 11 22.01353862520365 0.000000000000000
 12 22.18662928484236 0.000000000000000

 spin=1 k-point=110/1284 Cartesian=0.07789617997133459 0.2023802121388208 0.000000000000000 (1350 plane wave)
 1 0.9073646779578139 0.001562499999963146
 2 3.273697731926403 0.001080092969486537
 3 4.442475563273624 2.937111963241865e-08
 4 6.158156069029372 1.039491822155952e-15
 5 6.689350469785094 0.000000000000000
 6 8.591535865637342 0.000000000000000
 7 9.133497737617937 0.000000000000000
 8 10.07682153048951 0.000000000000000
 9 10.42766186925257 0.000000000000000
 10 19.02992340824964 0.000000000000000
 11 21.35124450374769 0.000000000000000
 12 22.66951660425612 0.000000000000000

 spin=1 k-point=111/1284 Cartesian=0.09737022496416814 0.2136235572576441 0.000000000000000 (1350 plane wave)
 1 0.9073646779904898 0.001562499999963146
 2 3.273697732408654 0.001080092967878383
 3 4.442475562477324 2.937111986629655e-08
 4 6.158156069125394 1.039491821157814e-15
 5 6.689350470393037 0.000000000000000
 6 8.591535865265531 0.000000000000000
 7 9.133497735778159 0.000000000000000
 8 10.07682153077241 0.000000000000000
 9 10.42766187084260 0.000000000000000
 10 19.02992340825458 0.000000000000000
 11 21.35124450366517 0.000000000000000
 12 22.66951660433308 0.000000000000000

 spin=1 k-point=112/1284 Cartesian=0.1168442699570017 0.2248669023764674 0.000000000000000 (1346 plane wave)
 1 1.055736412776353 0.001562499999837375
 2 2.242994925840658 0.001562476693367496
 3 5.691675310586695 1.103371511104412e-13
 4 6.270288358756217 0.000000000000000
 5 6.793929160853855 0.000000000000000
 6 7.666760330634131 0.000000000000000
 7 8.286975798989667 0.000000000000000
 8 11.34302339053515 0.000000000000000
 9 11.66849042395793 0.000000000000000
 10 16.85699427972558 0.000000000000000
 11 22.01353862522833 0.000000000000000
 12 22.18662928568786 0.000000000000000

 spin=1 k-point=113/1284 Cartesian=0.1363183149498352 0.2361102474952907 0.000000000000000 (1340 plane wave)
 1 1.349527508301187 0.001562499996929563
 2 1.354253810816561 0.001562499996780959
 3 6.311693785817936 0.000000000000000
 4 6.727468826353452 0.000000000000000
 5 6.832329248669693 0.000000000000000
 6 7.041770421651860 0.000000000000000
 7 8.106318870136009 0.000000000000000
 8 12.83260477615718 0.000000000000000
 9 13.08036048891395 0.000000000000000
 10 14.81427729415235 0.000000000000000
 11 20.10565021468354 0.000000000000000
 12 20.25585092572104 0.000000000000000

 spin=1 k-point=114/1284 Cartesian=0.1557923599426688 0.2473535926141141 0.000000000000000 (1344 plane wave)
 1 0.6062509577679004 0.001562499999998220
 2 1.794198986942233 0.001562499737946842
 3 5.819720384302752 3.066400948899493e-14
 4 6.241041815523724 0.000000000000000
 5 7.238977826127670 0.000000000000000
 6 7.505013459597290 0.000000000000000
 7 9.194533572776978 0.000000000000000
 8 12.96653900976458 0.000000000000000
 9 14.48011163148318 0.000000000000000
 10 14.56375464156649 0.000000000000000
 11 18.15124573787466 0.000000000000000
 12 18.55302332417323 0.000000000000000

 spin=1 k-point=115/1284 Cartesian=-0.1363183149498344 0.07870341583176405 0.000000000000000 (1338 plane wave)
 1 0.008290525223405338 0.001562500000000032
 2 2.378731628360287 0.001562409435501346
 3 5.262877038460423 8.034696096315520e-12
 4 5.720977187602079 8.231240673154553e-14
 5 7.797636656071343 0.000000000000000
 6 8.106585532828388 0.000000000000000
 7 10.28053533321191 0.000000000000000
 8 11.81475712316028 0.000000000000000
 9 15.58438359835458 0.000000000000000
 10 16.03752006032110 0.000000000000000
 11 16.59258416663917 0.000000000000000
 12 17.54087432515344 0.000000000000000

 spin=1 k-point=116/1284 Cartesian=-0.1168442699570009 0.08994676095058739 0.000000000000000 (1339 plane wave)
 1 -0.4408554755966010 0.001562500000000037
 2 3.093670335622940 0.001455101886349616
 3 4.825680993127805 6.363382733176660e-10
 4 5.323130038078763 4.398392065715137e-12
 5 8.533755084871679 0.000000000000000
 6 8.604882299422375 0.000000000000000
 7 9.493489914346474 0.000000000000000
 8 13.11716295115308 0.000000000000000
 9 14.63299871481004 0.000000000000000
 10 14.70941571285742 0.000000000000000
 11 18.30162492365683 0.000000000000000
 12 18.64927702870111 0.000000000000000

 spin=1 k-point=117/1284 Cartesian=-0.09737022496416733 0.1011901060694107 0.000000000000000 (1333 plane wave)
 1 -0.7405618978108008 0.001562500000000037
 2 3.885131292698649 7.696621346213802e-06
 3 4.530295274841226 1.220475368215188e-08
 4 5.119043235762118 3.385570554105260e-11
 5 7.680198660497228 0.000000000000000
 6 9.419090745375829 0.000000000000000
 7 9.896060745039453 0.000000000000000
 8 13.14460326901713 0.000000000000000
 9 13.37247494639257 0.000000000000000
 10 15.10232802701624 0.000000000000000
 11 20.31798797892829 0.000000000000000
 12 20.38214075351312 0.000000000000000

 spin=1 k-point=118/1284 Cartesian=-0.07789617997133380 0.1124334511882341 0.000000000000000 (1337 plane wave)
 1 -0.8904902293618671 0.001562500000000037
 2 4.381854568814222 5.385020940062712e-08
 3 4.426300541615062 3.452759371289943e-08
 4 5.408813786566474 1.867127850567259e-12
 5 6.462679552176973 0.000000000000000
 6 10.39564221238656 0.000000000000000
 7 10.83381481044289 0.000000000000000
 8 11.86469132263940 0.000000000000000
 9 12.13971316236897 0.000000000000000
 10 17.25646457170993 0.000000000000000
 11 19.60903343298854 0.000000000000000
 12 20.85907079928549 0.000000000000000

 spin=1 k-point=119/1284 Cartesian=-0.05842213497850025 0.1236767963070574 0.000000000000000 (1337 plane wave)
 1 -0.8904902293759633 0.001562500000000037
 2 4.381854568796856 5.385020940997796e-08
 3 4.426300540195752 3.452759420294188e-08
 4 5.408813789524520 1.867127795336741e-12
 5 6.462679550533589 0.000000000000000
 6 10.39564221263487 0.000000000000000
 7 10.83381481194812 0.000000000000000
 8 11.86469132238802 0.000000000000000
 9 12.13971316083494 0.000000000000000
 10 17.25646457180305 0.000000000000000
 11 19.60903343280463 0.000000000000000
 12 20.85907079915641 0.000000000000000

 spin=1 k-point=120/1284 Cartesian=-0.03894808998566670 0.1349201414258807 0.000000000000000 (1333 plane wave)
 1 -0.7405618978542137 0.001562500000000037
 2 3.885131291048328 7.696621472607109e-06
 3 4.530295274783632 1.220475368918101e-08
 4 5.119043238365648 3.385570465960912e-11
 5 7.680198659258457 0.000000000000000
 6 9.419090745690692 0.000000000000000
 7 9.896060746740718 0.000000000000000
 8 13.14460326869987 0.000000000000000
 9 13.37247494448591 0.000000000000000
 10 15.10232802713171 0.000000000000000
 11 20.31798797905504 0.000000000000000
 12 20.38214075297421 0.000000000000000

 spin=1 k-point=121/1284 Cartesian=-0.01947404499283316 0.1461634865447041 0.000000000000000 (1339 plane wave)
 1 -0.4408554756720190 0.001562500000000037
 2 3.093670334772683 0.001455101887200010
 3 4.825680993014225 6.363382740404203e-10
 4 5.323130039458468 4.398392005030260e-12
 5 8.533755085230897 0.000000000000000
 6 8.604882300166617 0.000000000000000
 7 9.493489914213923 0.000000000000000
 8 13.11716295145502 0.000000000000000
 9 14.63299871444095 0.000000000000000
 10 14.70941571033393 0.000000000000000
 11 18.30162492337852 0.000000000000000
 12 18.64927702936215 0.000000000000000

 spin=1 k-point=122/1284 Cartesian=0.000000000000000 0.1798935219011738 0.000000000000000 (1336 plane wave)
 1 1.126765784868800 0.0007812499998345431
 2 1.127520897592514 0.0007812499998332887
 3 6.083866398924924 1.092514219723099e-15
 4 6.512419710238203 0.000000000000000
 5 6.825978449100233 0.000000000000000
 6 7.162601967350247 0.000000000000000
 7 10.20470394139174 0.000000000000000
 8 11.73317195745063 0.000000000000000
 9 15.50857807887057 0.000000000000000
 10 15.96195848523000 0.000000000000000
 11 16.51641025452276 0.000000000000000
 12 17.48961407390742 0.000000000000000

 spin=1 k-point=123/1284 Cartesian=0.01947404499283394 0.1911368670199974 0.000000000000000 (1344 plane wave)
 1 0.6062509576256925 0.001562499999998220
 2 1.794198986601450 0.001562499737946842
 3 5.819720384203781 3.066400951934324e-14
 4 6.241041815343245 0.000000000000000
 5 7.238977826326713 0.000000000000000
 6 7.505013462761530 0.000000000000000
 7 9.194533571254931 0.000000000000000
 8 12.96653901002517 0.000000000000000
 9 14.48011163139662 0.000000000000000
 10 14.56375463904274 0.000000000000000
 11 18.15124573739956 0.000000000000000
 12 18.55302332494469 0.000000000000000

 spin=1 k-point=124/1284 Cartesian=0.03894808998566748 0.2023802121388207 0.000000000000000 (1340 plane wave)
 1 0.2333473869469600 0.001562499999999993
 2 2.603242684653476 0.001561645356652879
 3 5.488161170586470 8.444475160975509e-13
 4 5.880858104338495 1.663838353602950e-14
 5 7.353767976253294 0.000000000000000
 6 8.014594320137780 0.000000000000000
 7 8.666617785023250 0.000000000000000
 8 12.91033508659395 0.000000000000000
 9 13.15344389494851 0.000000000000000
 10 14.88653221367521 0.000000000000000
 11 20.17836624881408 0.000000000000000
 12 20.28024654877111 0.000000000000000

 spin=1 k-point=125/1284 Cartesian=0.05842213497850103 0.2136235572576441 0.000000000000000 (1340 plane wave)
 1 0.009325185537136495 0.001562500000000032
 2 3.541624686072148 0.0002080709741700303
 3 5.275551519886461 7.078233219453972e-12
 4 5.480523219478457 9.114731312403113e-13
 5 6.324529192515420 0.000000000000000
 6 8.949503262680137 0.000000000000000
 7 9.444087769708570 0.000000000000000
 8 11.50917200490355 0.000000000000000
 9 11.82158887856778 0.000000000000000
 10 16.99402364360148 0.000000000000000
 11 21.51879032675379 0.000000000000000
 12 21.74092499136112 0.000000000000000

 spin=1 k-point=126/1284 Cartesian=0.07789617997133459 0.2248669023764674 0.000000000000000 (1360 plane wave)
 1 -0.06539111293890790 0.001562500000000035
 2 4.433097256738241 3.225887200212151e-08
 3 4.751440004819824 1.336941624772189e-09
 4 5.203538843820942 1.454360333447777e-11
 5 5.966169431574832 7.089386497026832e-15
 6 9.728043565106541 0.000000000000000
 7 10.23552110206668 0.000000000000000
 8 10.57608508890805 0.000000000000000
 9 10.87244342444096 0.000000000000000
 10 18.99076204535915 0.000000000000000
 11 19.52064615193849 0.000000000000000
 12 21.69294036912736 0.000000000000000

 spin=1 k-point=127/1284 Cartesian=0.09737022496416814 0.2361102474952907 0.000000000000000 (1340 plane wave)
 1 0.009325185580156558 0.001562500000000032
 2 3.541624686903299 0.0002080709726709396
 3 5.275551519965072 7.078233213889685e-12
 4 5.480523216323214 9.114731599995057e-13
 5 6.324529195117547 0.000000000000000
 6 8.949503262340036 0.000000000000000
 7 9.444087767951409 0.000000000000000
 8 11.50917200518340 0.000000000000000
 9 11.82158888023024 0.000000000000000
 10 16.99402364355330 0.000000000000000
 11 21.51879032693324 0.000000000000000
 12 21.74092499132304 0.000000000000000

 spin=1 k-point=128/1284 Cartesian=0.1168442699570017 0.2473535926141141 0.000000000000000 (1340 plane wave)
 1 0.2333473870368853 0.001562499999999993
 2 2.603242685150068 0.001561645356648637
 3 5.488161170781178 8.444475144533451e-13
 4 5.880858102765484 1.663838379775325e-14
 5 7.353767977562628 0.000000000000000
 6 8.014594319694680 0.000000000000000
 7 8.666617783404019 0.000000000000000
 8 12.91033508690480 0.000000000000000
 9 13.15344389683801 0.000000000000000
 10 14.88653221357183 0.000000000000000
 11 20.17836624924281 0.000000000000000
 12 20.28024654872461 0.000000000000000

 spin=1 k-point=129/1284 Cartesian=0.1363183149498352 0.2585969377329374 0.000000000000000 (1344 plane wave)
 1 0.6062509577713082 0.001562499999998220
 2 1.794198986926324 0.001562499737946842
 3 5.819720384652154 3.066400938185418e-14
 4 6.241041815330062 0.000000000000000
 5 7.238977825635606 0.000000000000000
 6 7.505013460165324 0.000000000000000
 7 9.194533572431748 0.000000000000000
 8 12.96653900966583 0.000000000000000
 9 14.48011163174139 0.000000000000000
 10 14.56375464155321 0.000000000000000
 11 18.15124573768028 0.000000000000000
 12 18.55302332433537 0.000000000000000

 spin=1 k-point=130/1284 Cartesian=0.1557923599426688 0.2698402828517608 0.000000000000000 (1336 plane wave)
 1 1.126765784065715 0.0007812499998345431
 2 1.127520898834108 0.0007812499998332887
 3 6.083866399886476 1.092514209217997e-15
 4 6.512419712338766 0.000000000000000
 5 6.825978447885946 0.000000000000000
 6 7.162601962494493 0.000000000000000
 7 10.20470394382714 0.000000000000000
 8 11.73317195602085 0.000000000000000
 9 15.50857808290191 0.000000000000000
 10 15.96195848599216 0.000000000000000
 11 16.51641025436648 0.000000000000000
 12 17.48961407176150 0.000000000000000

 spin=1 k-point=131/1284 Cartesian=0.000000000000000 0.000000000000000 0.01919091118446219 (1328 plane wave)
 1 -3.618884887179979 0.001562500000000037
 2 0.7514073490779424 0.001562499999992281
 3 2.985038221377300 0.001524528700433157
 4 14.88538234173401 0.000000000000000
 5 14.88538235335887 0.000000000000000
 6 15.35848484737106 0.000000000000000
 7 15.35848485861017 0.000000000000000
 8 15.55865302784691 0.000000000000000
 9 17.11091881667116 0.000000000000000
 10 17.12954353443366 0.000000000000000
 11 19.30401560430486 0.000000000000000
 12 19.30401561555908 0.000000000000000

 spin=1 k-point=132/1284 Cartesian=0.01947404499283394 0.01124334511882356 0.01919091118446219 (1337 plane wave)
 1 -3.543545752262384 0.001562500000000037
 2 0.8262805171009632 0.001562499999983639
 3 3.058805122022004 0.001485150759187370
 4 13.20351266024284 0.000000000000000
 5 13.96078574523722 0.000000000000000
 6 14.84719654533736 0.000000000000000
 7 16.08883664691589 0.000000000000000
 8 16.43446642068080 0.000000000000000
 9 17.50925962430286 0.000000000000000
 10 17.72829635595795 0.000000000000000
 11 18.35821886395803 0.000000000000000
 12 18.42430606670868 0.000000000000000

 spin=1 k-point=133/1284 Cartesian=0.03894808998566748 0.02248669023764690 0.01919091118446219 (1328 plane wave)
 1 -3.317561928137076 0.001562500000000037
 2 1.050726164257308 0.001562499999845324
 3 3.279599008867747 0.001060195261934312
 4 11.11878290522794 0.000000000000000
 5 12.98538511673548 0.000000000000000
 6 14.02236189967688 0.000000000000000
 7 15.47247841766335 0.000000000000000
 8 16.35595733221407 0.000000000000000
 9 17.38319369474180 0.000000000000000
 10 17.55721543707999 0.000000000000000
 11 17.86538733717653 0.000000000000000
 12 18.46102830076326 0.000000000000000

 spin=1 k-point=134/1284 Cartesian=0.05842213497850103 0.03373003535647023 0.01919091118446219 (1340 plane wave)
 1 -2.941042437672976 0.001562500000000037
 2 1.424082040606941 0.001562499993528735
 3 3.645255011053572 8.075471856504973e-05
 4 9.132663258489773 0.000000000000000
 5 12.15414089459552 0.000000000000000
 6 13.04177597953434 0.000000000000000
 7 13.75869367069837 0.000000000000000
 8 15.56029172211388 0.000000000000000
 9 16.55415088008907 0.000000000000000
 10 16.84109829105937 0.000000000000000
 11 17.84183397488857 0.000000000000000
 12 18.80141699757990 0.000000000000000

 spin=1 k-point=135/1284 Cartesian=0.07789617997133459 0.04497338047529358 0.01919091118446219 (1338 plane wave)
 1 -2.414198408887791 0.001562500000000037
 2 1.944452277937131 0.001562498822580829
 3 4.147349611568090 5.616794785685899e-07
 4 7.291739707312070 0.000000000000000
 5 11.47271595997159 0.000000000000000
 6 11.50733178327182 0.000000000000000
 7 12.73016237613961 0.000000000000000
 8 13.93284805353041 0.000000000000000
 9 15.87377009541533 0.000000000000000
 10 16.90715637900133 0.000000000000000
 11 17.51165444728945 0.000000000000000
 12 18.12577788002379 0.000000000000000

 spin=1 k-point=136/1284 Cartesian=0.09737022496416814 0.05621672559411691 0.01919091118446219 (1333 plane wave)
 1 -1.737408119354481 0.001562500000000037
 2 2.604288825535171 0.001561636373914857
 3 4.701408387847017 2.204940165248615e-09
 4 5.694842017436507 1.068978400041768e-13
 5 9.856978125389464 0.000000000000000
 6 10.94228532394497 0.000000000000000
 7 11.74596604507460 0.000000000000000
 8 12.70551672600791 0.000000000000000
 9 15.34402083047754 0.000000000000000
 10 16.53846814558370 0.000000000000000
 11 17.59810938058824 0.000000000000000
 12 17.82807104643474 0.000000000000000

 spin=1 k-point=137/1284 Cartesian=0.1168442699570017 0.06746007071294025 0.01919091118446219 (1334 plane wave)
 1 -0.9113753760103896 0.001562500000000037
 2 3.294783662244264 0.001007104727942433
 3 4.024731084957117 1.912662666422329e-06
 4 5.725160855824977 7.893976978685206e-14
 5 8.328741492355491 0.000000000000000
 6 10.39934393247280 0.000000000000000
 7 10.56324977285930 0.000000000000000
 8 12.14181773915235 0.000000000000000
 9 14.96542105511484 0.000000000000000
 10 16.19704679367764 0.000000000000000
 11 17.22057991178266 0.000000000000000
 12 18.07686267149084 0.000000000000000

 spin=1 k-point=138/1284 Cartesian=0.1363183149498352 0.07870341583176359 0.01919091118446219 (1339 plane wave)
 1 0.06241743688451375 0.001562500000000029
 2 2.423062381918895 0.001562358918519376
 3 4.476608571739410 2.087781545305163e-08
 4 6.428738330147783 0.000000000000000
 5 7.136993500878724 0.000000000000000
 6 9.054895596246535 0.000000000000000
 7 10.33577934040469 0.000000000000000
 8 11.87388176023533 0.000000000000000
 9 14.73819486638956 0.000000000000000
 10 15.98423184079750 0.000000000000000
 11 16.99388016398980 0.000000000000000
 12 18.10042385232197 0.000000000000000

 spin=1 k-point=139/1284 Cartesian=0.1557923599426688 0.08994676095058692 0.01919091118446219 (1340 plane wave)
 1 1.179261122131839 0.001562499999440604
 2 1.180707761166147 0.001562499999432453
 3 5.478108692884576 9.337487408918002e-13
 4 5.626134770700655 2.125009051052425e-13
 5 7.817538507857059 0.000000000000000
 6 7.869000855008812 0.000000000000000
 7 10.25994862994489 0.000000000000000
 8 11.78952827143258 0.000000000000000
 9 14.66244281130913 0.000000000000000
 10 15.91254645960423 0.000000000000000
 11 16.91828824237918 0.000000000000000
 12 18.08537171702271 0.000000000000000

 spin=1 k-point=140/1284 Cartesian=0.1363183149498352 0.07870341583176359 -0.01919091118446170 (1339 plane wave)
 1 0.06241743725849223 0.001562500000000029
 2 2.423062376259769 0.001562358918527359
 3 4.476608600162922 2.087780951892211e-08
 4 6.428738233556229 0.000000000000000
 5 7.136993576232843 0.000000000000000
 6 9.054895602868339 0.000000000000000
 7 10.33577934041047 0.000000000000000
 8 11.87388174852604 0.000000000000000
 9 14.73819486631194 0.000000000000000
 10 15.98423183720391 0.000000000000000
 11 16.99388016414845 0.000000000000000
 12 18.10042387838724 0.000000000000000

 spin=1 k-point=141/1284 Cartesian=0.1168442699570017 0.06746007071294025 -0.01919091118446170 (1334 plane wave)
 1 -0.9113753758910996 0.001562500000000037
 2 3.294783633758638 0.001007104829914833
 3 4.024731141019760 1.912661595445710e-06
 4 5.725160812289066 7.893980415401578e-14
 5 8.328741504149960 0.000000000000000
 6 10.39934396287139 0.000000000000000
 7 10.56324977287004 0.000000000000000
 8 12.14181770594147 0.000000000000000
 9 14.96542105493325 0.000000000000000
 10 16.19704678503658 0.000000000000000
 11 17.22057991212238 0.000000000000000
 12 18.07686273246278 0.000000000000000

 spin=1 k-point=142/1284 Cartesian=0.09737022496416814 0.05621672559411691 -0.01919091118446170 (1333 plane wave)
 1 -1.737408119327309 0.001562500000000037
 2 2.604288822027902 0.001561636373945130
 3 4.701408414424532 2.204939579231065e-09
 4 5.694841987760953 1.068978717267151e-13
 5 9.856978119295396 0.000000000000000
 6 10.94228532396016 0.000000000000000
 7 11.74596613430321 0.000000000000000
 8 12.70551663790336 0.000000000000000
 9 15.34402083016296 0.000000000000000
 10 16.53846812623606 0.000000000000000
 11 17.59810938122692 0.000000000000000
 12 17.82807113113115 0.000000000000000

 spin=1 k-point=143/1284 Cartesian=0.07789617997133459 0.04497338047529358 -0.01919091118446170 (1338 plane wave)
 1 -2.414198408893048 0.001562500000000037
 2 1.944452277306392 0.001562498822580837
 3 4.147349614469865 5.616794622757664e-07
 4 7.291739701638757 0.000000000000000
 5 11.47271595999680 0.000000000000000
 6 11.50733175312743 0.000000000000000
 7 12.73016249099478 0.000000000000000
 8 13.93284795446690 0.000000000000000
 9 15.87377009489345 0.000000000000000
 10 16.90715633003494 0.000000000000000
 11 17.51165455399231 0.000000000000000
 12 18.12577788122810 0.000000000000000

 spin=1 k-point=144/1284 Cartesian=0.05842213497850103 0.03373003535647023 -0.01919091118446170 (1340 plane wave)
 1 -2.941042437687416 0.001562500000000037
 2 1.424082040600799 0.001562499993528735
 3 3.645255011395546 8.075471830316289e-05
 4 9.132663256469820 0.000000000000000
 5 12.15414089462556 0.000000000000000
 6 13.04177591890775 0.000000000000000
 7 13.75869378556361 0.000000000000000
 8 15.56029165133899 0.000000000000000
 9 16.55415087918147 0.000000000000000
 10 16.84109826854882 0.000000000000000
 11 17.84183404918824 0.000000000000000
 12 18.80141700150196 0.000000000000000

 spin=1 k-point=145/1284 Cartesian=0.03894808998566748 0.02248669023764690 -0.01919091118446170 (1328 plane wave)
 1 -3.317561928150248 0.001562500000000037
 2 1.050726164372876 0.001562499999845324
 3 3.279599008761586 0.001060195262296135
 4 11.11878290487820 0.000000000000000
 5 12.98538511678526 0.000000000000000
 6 14.02236187957872 0.000000000000000
 7 15.47247846423469 0.000000000000000
 8 16.35595735906532 0.000000000000000
 9 17.38319369138777 0.000000000000000
 10 17.55721535673509 0.000000000000000
 11 17.86538734042761 0.000000000000000
 12 18.46102836685550 0.000000000000000

 spin=1 k-point=146/1284 Cartesian=-0.01947404499283316 -0.01124334511882311 0.01919091118446219 (1337 plane wave)
 1 -3.543545752269877 0.001562500000000037
 2 0.8262805171810881 0.001562499999983639
 3 3.058805121912505 0.001485150759267873
 4 13.20351266137298 0.000000000000000
 5 13.96078574531993 0.000000000000000
 6 14.84719653251056 0.000000000000000
 7 16.08883666944058 0.000000000000000
 8 16.43446642029811 0.000000000000000
 9 17.50925961546348 0.000000000000000
 10 17.72829636564347 0.000000000000000
 11 18.35821886296910 0.000000000000000
 12 18.42430613757567 0.000000000000000

 spin=1 k-point=147/1284 Cartesian=0.000000000000000 0.02248669023764713 0.01919091118446219 (1337 plane wave)
 1 -3.543545752269677 0.001562500000000037
 2 0.8262805171964713 0.001562499999983639
 3 3.058805121891252 0.001485150759283499
 4 13.20351266396669 0.000000000000000
 5 13.96078574595689 0.000000000000000
 6 14.84719652867279 0.000000000000000
 7 16.08883666788679 0.000000000000000
 8 16.43446641771033 0.000000000000000
 9 17.50925961208031 0.000000000000000
 10 17.72829636750941 0.000000000000000
 11 18.35821886416599 0.000000000000000
 12 18.42430614064927 0.000000000000000

 spin=1 k-point=148/1284 Cartesian=0.01947404499283394 0.03373003535647069 0.01919091118446219 (1339 plane wave)
 1 -3.392884044438945 0.001562500000000037
 2 0.9759436668061247 0.001562499999926796
 3 3.206102000443768 0.001273234693222509
 4 12.18533875133092 0.000000000000000
 5 12.20173024178066 0.000000000000000
 6 15.47743690761789 0.000000000000000
 7 16.04856407582731 0.000000000000000
 8 16.20970705872409 0.000000000000000
 9 16.67879395066096 0.000000000000000
 10 16.74856941192942 0.000000000000000
 11 18.62338856166711 0.000000000000000
 12 18.82876771999895 0.000000000000000

 spin=1 k-point=149/1284 Cartesian=0.03894808998566748 0.04497338047529403 0.01919091118446219 (1342 plane wave)
 1 -3.091630341384492 0.001562500000000037
 2 1.274884338744560 0.001562499998544463
 3 3.499524896245759 0.0002963348411157874
 4 10.16008289974420 0.000000000000000
 5 11.30216197310740 0.000000000000000
 6 14.42159328177742 0.000000000000000
 7 15.05655612814782 0.000000000000000
 8 15.64255906105969 0.000000000000000
 9 16.26558926129869 0.000000000000000
 10 17.17529641860016 0.000000000000000
 11 17.40559407752343 0.000000000000000
 12 18.01268679829178 0.000000000000000

 spin=1 k-point=150/1284 Cartesian=0.05842213497850103 0.05621672559411736 0.01919091118446219 (1337 plane wave)
 1 -2.639940382495644 0.001562500000000037
 2 1.721983787638361 0.001562499872719267
 3 3.934974871940203 4.684601685190339e-06
 4 8.244944927177398 0.000000000000000
 5 10.54383509395890 0.000000000000000
 6 12.57806130471248 0.000000000000000
 7 14.19965630803874 0.000000000000000
 8 14.75231176981158 0.000000000000000
 9 15.14172553486376 0.000000000000000
 10 16.91323828117592 0.000000000000000
 11 17.43154349644801 0.000000000000000
 12 18.65734855261493 0.000000000000000

 spin=1 k-point=151/1284 Cartesian=0.07789617997133459 0.06746007071294070 0.01919091118446219 (1326 plane wave)
 1 -2.038098187222811 0.001562500000000037
 2 2.313703199072853 0.001562452733322792
 3 4.491169323542999 1.804883952567545e-08
 4 6.496135335155669 0.000000000000000
 5 9.897902882731215 0.000000000000000
 6 10.85867601684421 0.000000000000000
 7 12.85306861029940 0.000000000000000
 8 13.95241561646340 0.000000000000000
 9 14.42725731356183 0.000000000000000
 10 16.47433505841274 0.000000000000000
 11 17.68197902454038 0.000000000000000
 12 18.42331052423151 0.000000000000000

 spin=1 k-point=152/1284 Cartesian=0.09737022496416814 0.07870341583176405 0.01919091118446219 (1334 plane wave)
 1 -1.286615964502563 0.001562500000000037
 2 3.028918437367711 0.001504390151724960
 3 4.626654069943319 4.656397897303705e-09
 4 5.477282169108249 9.414983803290651e-13
 5 9.019207729434864 0.000000000000000
 6 9.648983551033021 0.000000000000000
 7 11.33349832126765 0.000000000000000
 8 13.47390180006971 0.000000000000000
 9 13.96171536752748 0.000000000000000
 10 16.05234880053947 0.000000000000000
 11 17.69784558367245 0.000000000000000
 12 18.62226540519765 0.000000000000000

 spin=1 k-point=153/1284 Cartesian=0.1168442699570017 0.08994676095058737 0.01919091118446219 (1337 plane wave)
 1 -0.3864943149474913 0.001562500000000037
 2 3.102292427904342 0.001446151119718083
 3 4.089977028259895 9.966292460723526e-07
 4 6.173989470555101 0.000000000000000
 5 7.668005056391186 0.000000000000000
 6 9.174925019348887 0.000000000000000
 7 9.975886684981203 0.000000000000000
 8 13.16895298638860 0.000000000000000
 9 13.65697891245506 0.000000000000000
 10 15.76149006461169 0.000000000000000
 11 17.48957023102962 0.000000000000000
 12 19.11135757002405 0.000000000000000

 spin=1 k-point=154/1284 Cartesian=0.1363183149498352 0.1011901060694107 0.01919091118446219 (1339 plane wave)
 1 0.6599362732462328 0.001562499999996930
 2 1.844992594750285 0.001562499564504908
 3 5.045312276954254 7.076873335539584e-11
 4 6.170471339670379 0.000000000000000
 5 7.352177898712267 0.000000000000000
 6 8.392846733826461 0.000000000000000
 7 9.302895477415452 0.000000000000000
 8 13.01806349899330 0.000000000000000
 9 13.50529255129817 0.000000000000000
 10 15.61463503457809 0.000000000000000
 11 17.36530103890142 0.000000000000000
 12 19.28333078997969 0.000000000000000

 spin=1 k-point=155/1284 Cartesian=0.1557923599426688 0.1124334511882340 0.01919091118446219 (1339 plane wave)
 1 0.6599362739058476 0.001562499999996930
 2 1.844992592334581 0.001562499564504919
 3 5.045312305543577 7.076871312309318e-11
 4 6.170471281491080 0.000000000000000
 5 7.352177924548026 0.000000000000000
 6 8.392846761392615 0.000000000000000
 7 9.302895455286633 0.000000000000000
 8 13.01806349675083 0.000000000000000
 9 13.50529255225883 0.000000000000000
 10 15.61463503607878 0.000000000000000
 11 17.36530103558025 0.000000000000000
 12 19.28333081005803 0.000000000000000

 spin=1 k-point=156/1284 Cartesian=0.1363183149498352 0.05621672559411737 -0.01919091118446170 (1337 plane wave)
 1 -0.3864943147342459 0.001562500000000037
 2 3.102292410156221 0.001446151138830178
 3 4.089977069252758 9.966288377860601e-07
 4 6.173989416600667 0.000000000000000
 5 7.668005073497635 0.000000000000000
 6 9.174925083352001 0.000000000000000
 7 9.975886634535287 0.000000000000000
 8 13.16895297864669 0.000000000000000
 9 13.65697891580509 0.000000000000000
 10 15.76149006954768 0.000000000000000
 11 17.48957021958968 0.000000000000000
 12 19.11135762958915 0.000000000000000

 spin=1 k-point=157/1284 Cartesian=0.1168442699570017 0.04497338047529403 -0.01919091118446170 (1334 plane wave)
 1 -1.286615964437875 0.001562500000000037
 2 3.028918428750536 0.001504390156546161
 3 4.626654121066851 4.656395516795748e-09
 4 5.477282116835724 9.414988724742849e-13
 5 9.019207696666665 0.000000000000000
 6 9.648983621847647 0.000000000000000
 7 11.33349829551473 0.000000000000000
 8 13.47390178213847 0.000000000000000
 9 13.96171537519247 0.000000000000000
 10 16.05234881063036 0.000000000000000
 11 17.69784555738032 0.000000000000000
 12 18.62226546681718 0.000000000000000

 spin=1 k-point=158/1284 Cartesian=0.09737022496416814 0.03373003535647069 -0.01919091118446170 (1326 plane wave)
 1 -2.038098187212884 0.001562500000000037
 2 2.313703197759663 0.001562452733323413
 3 4.491169331098064 1.804883816208940e-08
 4 6.496135324295018 0.000000000000000
 5 9.897902864285845 0.000000000000000
 6 10.85867605797349 0.000000000000000
 7 12.85306860962839 0.000000000000000
 8 13.95241556868731 0.000000000000000
 9 14.42725733164902 0.000000000000000
 10 16.47433508015102 0.000000000000000
 11 17.68197899559188 0.000000000000000
 12 18.42331056642339 0.000000000000000

 spin=1 k-point=159/1284 Cartesian=0.07789617997133459 0.02248669023764736 -0.01919091118446170 (1337 plane wave)
 1 -2.639940382504496 0.001562500000000037
 2 1.721983787554532 0.001562499872719267
 3 3.934974872867588 4.684601641876310e-06
 4 8.244944924064761 0.000000000000000
 5 10.54383508907151 0.000000000000000
 6 12.57806132021555 0.000000000000000
 7 14.19965637364715 0.000000000000000
 8 14.75231164495698 0.000000000000000
 9 15.14172556745542 0.000000000000000
 10 16.91323834413975 0.000000000000000
 11 17.43154344773106 0.000000000000000
 12 18.65734857153866 0.000000000000000

 spin=1 k-point=160/1284 Cartesian=0.05842213497850103 0.01124334511882402 -0.01919091118446170 (1342 plane wave)
 1 -3.091630341396897 0.001562500000000037
 2 1.274884338907100 0.001562499998544463
 3 3.499524896180703 0.0002963348412720082
 4 10.16008289896328 0.000000000000000
 5 11.30216197120856 0.000000000000000
 6 14.42159326618415 0.000000000000000
 7 15.05655618569564 0.000000000000000
 8 15.64255902106632 0.000000000000000
 9 16.26558927901870 0.000000000000000
 10 17.17529642858464 0.000000000000000
 11 17.40559403192412 0.000000000000000
 12 18.01268680931811 0.000000000000000

 spin=1 k-point=161/1284 Cartesian=-0.03894808998566670 0.000000000000000 0.01919091118446219 (1339 plane wave)
 1 -3.392884044448353 0.001562500000000037
 2 0.9759436669547130 0.001562499999926796
 3 3.206102000271090 0.001273234693629536
 4 12.18533875047569 0.000000000000000
 5 12.20173024232449 0.000000000000000
 6 15.47743690618287 0.000000000000000
 7 16.04856407046130 0.000000000000000
 8 16.20970706663314 0.000000000000000
 9 16.67879394679689 0.000000000000000
 10 16.74856941597229 0.000000000000000
 11 18.62338856311965 0.000000000000000
 12 18.82876771797229 0.000000000000000

 spin=1 k-point=162/1284 Cartesian=-0.01947404499283316 0.01124334511882402 0.01919091118446219 (1337 plane wave)
 1 -3.543545752273169 0.001562500000000037
 2 0.8262805172510742 0.001562499999983639
 3 3.058805121819586 0.001485150759336188
 4 13.20351266207152 0.000000000000000
 5 13.96078574822371 0.000000000000000
 6 14.84719653784417 0.000000000000000
 7 16.08883664804064 0.000000000000000
 8 16.43446642065417 0.000000000000000
 9 17.50925961565933 0.000000000000000
 10 17.72829636020675 0.000000000000000
 11 18.35821886772026 0.000000000000000
 12 18.42430606768688 0.000000000000000

 spin=1 k-point=163/1284 Cartesian=0.000000000000000 0.04497338047529380 0.01919091118446219 (1328 plane wave)
 1 -3.317561928150290 0.001562500000000037
 2 1.050726164411132 0.001562499999845324
 3 3.279599008734046 0.001060195262389999
 4 11.11878290684771 0.000000000000000
 5 12.98538511658034 0.000000000000000
 6 14.02236187881747 0.000000000000000
 7 15.47247845756738 0.000000000000000
 8 16.35595735895584 0.000000000000000
 9 17.38319369187420 0.000000000000000
 10 17.55721535410937 0.000000000000000
 11 17.86538733887180 0.000000000000000
 12 18.46102836897082 0.000000000000000

 spin=1 k-point=164/1284 Cartesian=0.01947404499283394 0.05621672559411736 0.01919091118446219 (1342 plane wave)
 1 -3.091630341389132 0.001562500000000037
 2 1.274884338760252 0.001562499998544463
 3 3.499524896348318 0.0002963348408695078
 4 10.16008290062425 0.000000000000000
 5 11.30216197001898 0.000000000000000
 6 14.42159326567178 0.000000000000000
 7 15.05655618509227 0.000000000000000
 8 15.64255902764649 0.000000000000000
 9 16.26558927069019 0.000000000000000
 10 17.17529641979955 0.000000000000000
 11 17.40559402876877 0.000000000000000
 12 18.01268682257811 0.000000000000000

 spin=1 k-point=165/1284 Cartesian=0.03894808998566748 0.06746007071294069 0.01919091118446219 (1339 plane wave)
 1 -2.715200569120631 0.001562500000000037
 2 1.647705789599174 0.001562499939441205
 3 3.863530885240080 9.541003056790480e-06
 4 9.307174364126837 0.000000000000000
 5 9.374069204784011 0.000000000000000
 6 13.58806032760993 0.000000000000000
 7 13.77927135667047 0.000000000000000
 8 15.68793009343243 0.000000000000000
 9 15.96486826383539 0.000000000000000
 10 16.16559259449615 0.000000000000000
 11 17.01154275087578 0.000000000000000
 12 17.54927460276370 0.000000000000000

 spin=1 k-point=166/1284 Cartesian=0.05842213497850103 0.07870341583176403 0.01919091118446219 (1335 plane wave)
 1 -2.188488030826270 0.001562500000000037
 2 2.167195168264962 0.001562489078338179
 3 4.362975735344754 6.503902744944306e-08
 4 7.504089947486777 0.000000000000000
 5 8.665407133574698 0.000000000000000
 6 11.85202229314959 0.000000000000000
 7 12.98263035802281 0.000000000000000
 8 14.11800145299149 0.000000000000000
 9 15.23492064782809 0.000000000000000
 10 15.94716154253801 0.000000000000000
 11 17.70418514699007 0.000000000000000
 12 18.48235825278812 0.000000000000000

 spin=1 k-point=167/1284 Cartesian=0.07789617997133459 0.08994676095058737 0.01919091118446219 (1333 plane wave)
 1 -1.511876792344685 0.001562500000000037
 2 2.825668037838972 0.001554632954834514
 3 4.917109935354696 2.550452284772513e-10
 4 5.903732546711268 1.323636290412724e-14
 5 8.126668812789990 0.000000000000000
 6 10.17593388914976 0.000000000000000
 7 12.10936605781726 0.000000000000000
 8 12.80821660347980 0.000000000000000
 9 14.73574222603447 0.000000000000000
 10 15.49401284221477 0.000000000000000
 11 18.34921621964436 0.000000000000000
 12 19.74938893952712 0.000000000000000

 spin=1 k-point=168/1284 Cartesian=0.09737022496416814 0.1011901060694107 0.01919091118446219 (1333 plane wave)
 1 -0.6860768857514480 0.001562500000000037
 2 3.516019316260491 0.0002587360541099310
 3 4.245936922262482 2.096172799042086e-07
 4 5.913899795965730 1.195674184225444e-14
 5 7.688128658405168 0.000000000000000
 6 8.702838247126849 0.000000000000000
 7 10.74423860044898 0.000000000000000
 8 12.27486658780600 0.000000000000000
 9 14.37402804589922 0.000000000000000
 10 15.14628227666354 0.000000000000000
 11 19.01913668251301 0.000000000000000
 12 19.67513060732184 0.000000000000000

 spin=1 k-point=169/1284 Cartesian=0.1168442699570017 0.1124334511882340 0.01919091118446219 (1339 plane wave)
 1 0.2874270095629634 0.001562499999999962
 2 2.647567820538453 0.001561169073391351
 3 4.688773108457745 2.501906415270477e-09
 4 6.638748335878307 0.000000000000000
 5 7.046624783351703 0.000000000000000
 6 7.872579463877589 0.000000000000000
 7 9.417603577163931 0.000000000000000
 8 12.02222171426964 0.000000000000000
 9 14.15536182601834 0.000000000000000
 10 14.93326422620062 0.000000000000000
 11 19.20886024930229 0.000000000000000
 12 20.16381583711550 0.000000000000000

 spin=1 k-point=170/1284 Cartesian=0.1363183149498352 0.1236767963070574 0.01919091118446219 (1335 plane wave)
 1 1.401920769659135 0.001562499994815064
 2 1.407437479398937 0.001562499994520987
 3 5.666487364399520 1.419422396575861e-13
 4 5.846518808050683 2.345550763323216e-14
 5 7.238787369249658 0.000000000000000
 6 8.018889874265009 0.000000000000000
 7 8.506614552685935 0.000000000000000
 8 11.94138468706785 0.000000000000000
 9 14.08224677610093 0.000000000000000
 10 14.86174767427891 0.000000000000000
 11 19.17781241237730 0.000000000000000
 12 20.73831656289703 0.000000000000000

 spin=1 k-point=171/1284 Cartesian=0.1557923599426688 0.1349201414258807 0.01919091118446219 (1339 plane wave)
 1 0.2874270099066104 0.001562499999999962
 2 2.647567815066295 0.001561169073464119
 3 4.688773139049741 2.501905649888528e-09
 4 6.638748245151310 0.000000000000000
 5 7.046624761473177 0.000000000000000
 6 7.872579600956856 0.000000000000000
 7 9.417603519017721 0.000000000000000
 8 12.02222172325571 0.000000000000000
 9 14.15536182543579 0.000000000000000
 10 14.93326422608770 0.000000000000000
 11 19.20886023129470 0.000000000000000
 12 20.16381589369637 0.000000000000000

 spin=1 k-point=172/1284 Cartesian=0.1363183149498352 0.03373003535647069 -0.01919091118446170 (1333 plane wave)
 1 -0.6860768856478736 0.001562500000000037
 2 3.516019289848142 0.0002587361111320119
 3 4.245936977271511 2.096171646112499e-07
 4 5.913899750048484 1.195674733246369e-14
 5 7.688128632522964 0.000000000000000
 6 8.702838326980062 0.000000000000000
 7 10.74423854009829 0.000000000000000
 8 12.27486661323699 0.000000000000000
 9 14.37402804471581 0.000000000000000
 10 15.14628227610914 0.000000000000000
 11 19.01913666398236 0.000000000000000
 12 19.67513064952912 0.000000000000000

 spin=1 k-point=173/1284 Cartesian=0.1168442699570017 0.02248669023764735 -0.01919091118446170 (1333 plane wave)
 1 -1.511876792324117 0.001562500000000037
 2 2.825668035445746 0.001554632955021843
 3 4.917109958636702 2.550451690976107e-10
 4 5.903732518581827 1.323636662744362e-14
 5 8.126668807635244 0.000000000000000
 6 10.17593393264841 0.000000000000000
 7 12.10936596198072 0.000000000000000
 8 12.80821667193152 0.000000000000000
 9 14.73574222410301 0.000000000000000
 10 15.49401284027383 0.000000000000000
 11 18.34921622458658 0.000000000000000
 12 19.74938895673059 0.000000000000000

 spin=1 k-point=174/1284 Cartesian=0.09737022496416814 0.01124334511882402 -0.01919091118446170 (1335 plane wave)
 1 -2.188488030834596 0.001562500000000037
 2 2.167195168283741 0.001562489078338177
 3 4.362975736801224 6.503902650220780e-08
 4 7.504089942789999 0.000000000000000
 5 8.665407132709291 0.000000000000000
 6 11.85202232615379 0.000000000000000
 7 12.98263029924638 0.000000000000000
 8 14.11800149058117 0.000000000000000
 9 15.23492064494669 0.000000000000000
 10 15.94716153639581 0.000000000000000
 11 17.70418516240871 0.000000000000000
 12 18.48235823848926 0.000000000000000

 spin=1 k-point=175/1284 Cartesian=0.07789617997133459 0.000000000000000 -0.01919091118446170 (1339 plane wave)
 1 -2.715200569135821 0.001562500000000037
 2 1.647705789983877 0.001562499939441205
 3 3.863530884860289 9.541003092805099e-06
 4 9.307174363018333 0.000000000000000
 5 9.374069205296653 0.000000000000000
 6 13.58806032858657 0.000000000000000
 7 13.77927135349235 0.000000000000000
 8 15.68793009802495 0.000000000000000
 9 15.96486826640781 0.000000000000000
 10 16.16559259321125 0.000000000000000
 11 17.01154274924228 0.000000000000000
 12 17.54927460181520 0.000000000000000

 spin=1 k-point=176/1284 Cartesian=-0.05842213497850025 0.01124334511882401 0.01919091118446219 (1342 plane wave)
 1 -3.091630341402232 0.001562500000000037
 2 1.274884339096116 0.001562499998544463
 3 3.499524895877293 0.0002963348420005962
 4 10.16008290082432 0.000000000000000
 5 11.30216197163826 0.000000000000000
 6 14.42159327857978 0.000000000000000
 7 15.05655612727334 0.000000000000000
 8 15.64255906688484 0.000000000000000
 9 16.26558926159013 0.000000000000000
 10 17.17529640044635 0.000000000000000
 11 17.40559408494472 0.000000000000000
 12 18.01268680883845 0.000000000000000

 spin=1 k-point=177/1284 Cartesian=-0.03894808998566670 0.02248669023764735 0.01919091118446219 (1328 plane wave)
 1 -3.317561928157577 0.001562500000000037
 2 1.050726164590394 0.001562499999845324
 3 3.279599008469739 0.001060195263290829
 4 11.11878290659535 0.000000000000000
 5 12.98538511895087 0.000000000000000
 6 14.02236189481284 0.000000000000000
 7 15.47247841312975 0.000000000000000
 8 16.35595733303301 0.000000000000000
 9 17.38319369839130 0.000000000000000
 10 17.55721543176716 0.000000000000000
 11 17.86538733743326 0.000000000000000
 12 18.46102829762019 0.000000000000000

 spin=1 k-point=178/1284 Cartesian=-0.01947404499283316 0.03373003535647068 0.01919091118446219 (1339 plane wave)
 1 -3.392884044448346 0.001562500000000037
 2 0.9759436669779149 0.001562499999926796
 3 3.206102000261287 0.001273234693652643
 4 12.18533875948402 0.000000000000000
 5 12.20173023577540 0.000000000000000
 6 15.47743689872698 0.000000000000000
 7 16.04856406652491 0.000000000000000
 8 16.20970706715547 0.000000000000000
 9 16.67879394648515 0.000000000000000
 10 16.74856941682424 0.000000000000000
 11 18.62338856415845 0.000000000000000
 12 18.82876772673768 0.000000000000000

 spin=1 k-point=179/1284 Cartesian=0.000000000000000 0.06746007071294047 0.01919091118446219 (1340 plane wave)
 1 -2.941042437687809 0.001562500000000037
 2 1.424082040657937 0.001562499993528735
 3 3.645255011386350 8.075471831020539e-05
 4 9.132663258059385 0.000000000000000
 5 12.15414089412026 0.000000000000000
 6 13.04177592145073 0.000000000000000
 7 13.75869377805071 0.000000000000000
 8 15.56029164830191 0.000000000000000
 9 16.55415087949945 0.000000000000000
 10 16.84109826854645 0.000000000000000
 11 17.84183405466612 0.000000000000000
 12 18.80141700175182 0.000000000000000

 spin=1 k-point=180/1284 Cartesian=0.01947404499283394 0.07870341583176403 0.01919091118446219 (1337 plane wave)
 1 -2.639940382498545 0.001562500000000037
 2 1.721983787394173 0.001562499872719267
 3 3.934974873070338 4.684601632406749e-06
 4 8.244944925543303 0.000000000000000
 5 10.54383508830706 0.000000000000000
 6 12.57806131831625 0.000000000000000
 7 14.19965637516675 0.000000000000000
 8 14.75231165244757 0.000000000000000
 9 15.14172555510333 0.000000000000000
 10 16.91323833916984 0.000000000000000
 11 17.43154345384280 0.000000000000000
 12 18.65734857018793 0.000000000000000

 spin=1 k-point=181/1284 Cartesian=0.03894808998566748 0.08994676095058736 0.01919091118446219 (1335 plane wave)
 1 -2.188488030822445 0.001562500000000037
 2 2.167195167821149 0.001562489078338228
 3 4.362975737264717 6.503902620076908e-08
 4 7.504089944280870 0.000000000000000
 5 8.665407132014007 0.000000000000000
 6 11.85202232299560 0.000000000000000
 7 12.98263030817971 0.000000000000000
 8 14.11800147930150 0.000000000000000
 9 15.23492064769116 0.000000000000000
 10 15.94716153794632 0.000000000000000
 11 17.70418515552491 0.000000000000000
 12 18.48235824554945 0.000000000000000

 spin=1 k-point=182/1284 Cartesian=0.05842213497850103 0.1011901060694107 0.01919091118446219 (1330 plane wave)
 1 -1.586981946026516 0.001562500000000037
 2 2.755562597220304 0.001558587531654003
 3 4.904721620122348 2.886815152705841e-10
 4 6.836233643813095 0.000000000000000
 5 7.009432047661993 0.000000000000000
 6 11.14874539873635 0.000000000000000
 7 11.35665202299282 0.000000000000000
 8 13.48652538796887 0.000000000000000
 9 13.55922390304062 0.000000000000000
 10 17.30007001618335 0.000000000000000
 11 18.05429289922104 0.000000000000000
 12 18.55982059127488 0.000000000000000

 spin=1 k-point=183/1284 Cartesian=0.07789617997133459 0.1124334511882340 0.01919091118446219 (1335 plane wave)
 1 -0.8359510632276624 0.001562500000000037
 2 3.464919738193564 0.0003884044035043197
 3 5.071795882717165 5.430309220009173e-11
 4 5.778261827270320 4.641744272583660e-14
 5 6.564326282380693 0.000000000000000
 6 9.640156742985589 0.000000000000000
 7 10.76310719091273 0.000000000000000
 8 11.97222035446350 0.000000000000000
 9 13.07716919908991 0.000000000000000
 10 17.26516003191545 0.000000000000000
 11 19.01120646755367 0.000000000000000
 12 19.81692991691502 0.000000000000000

 spin=1 k-point=184/1284 Cartesian=0.09737022496416814 0.1236767963070574 0.01919091118446219 (1341 plane wave)
 1 0.06358636654117746 0.001562500000000029
 2 3.549719355661899 0.0001938997117270651
 3 4.505670767479470 1.561244690934911e-08
 4 5.974201745079700 6.542214072229165e-15
 5 6.738728372810712 0.000000000000000
 6 8.244530853211222 0.000000000000000
 7 10.11934254422667 0.000000000000000
 8 10.85781777338932 0.000000000000000
 9 12.77999097756278 0.000000000000000
 10 17.02765526716078 0.000000000000000
 11 19.90332032000417 0.000000000000000
 12 21.31732403033728 0.000000000000000

 spin=1 k-point=185/1284 Cartesian=0.1168442699570017 0.1349201414258807 0.01919091118446219 (1345 plane wave)
 1 1.109290079785980 0.001562499999722150
 2 2.293653891839516 0.001562461320183653
 3 5.360516140388937 3.026412488092773e-12
 4 5.962031917360028 7.388863678150181e-15
 5 6.656338001879637 0.000000000000000
 6 7.928327261343593 0.000000000000000
 7 9.021206059775757 0.000000000000000
 8 10.53666746275409 0.000000000000000
 9 12.63142935360698 0.000000000000000
 10 16.89709670077354 0.000000000000000
 11 20.78269927705250 0.000000000000000
 12 21.41262187062001 0.000000000000000

 spin=1 k-point=186/1284 Cartesian=0.1363183149498352 0.1461634865447040 0.01919091118446219 (1345 plane wave)
 1 1.109290080315774 0.001562499999722150
 2 2.293653889685099 0.001562461320184486
 3 5.360516185160267 3.026411133127631e-12
 4 5.962031872000020 7.388867029740964e-15
 5 6.656337954710631 0.000000000000000
 6 7.928327371226471 0.000000000000000
 7 9.021205981730686 0.000000000000000
 8 10.53666748127985 0.000000000000000
 9 12.63142935290168 0.000000000000000
 10 16.89709670014840 0.000000000000000
 11 20.78269926574186 0.000000000000000
 12 21.41262192107048 0.000000000000000

 spin=1 k-point=187/1284 Cartesian=0.1557923599426688 0.1574068316635274 0.01919091118446219 (1341 plane wave)
 1 0.06358636667887790 0.001562500000000029
 2 3.549719339160641 0.0001938997397524083
 3 4.505670814746344 1.561243952990713e-08
 4 5.974201696732121 6.542217235232867e-15
 5 6.738728348963000 0.000000000000000
 6 8.244530941717370 0.000000000000000
 7 10.11934242528875 0.000000000000000
 8 10.85781784832198 0.000000000000000
 9 12.77999097516919 0.000000000000000
 10 17.02765526494890 0.000000000000000
 11 19.90332032889766 0.000000000000000
 12 21.31732404560024 0.000000000000000

 spin=1 k-point=188/1284 Cartesian=0.1363183149498352 0.01124334511882402 -0.01919091118446170 (1335 plane wave)
 1 -0.8359510632100133 0.001562500000000037
 2 3.464919734118349 0.0003884044153980519
 3 5.071795929550813 5.430306676797330e-11
 4 5.778261761973919 4.641747303477370e-14
 5 6.564326296896237 0.000000000000000
 6 9.640156792866476 0.000000000000000
 7 10.76310711505604 0.000000000000000
 8 11.97222039493419 0.000000000000000
 9 13.07716919388619 0.000000000000000
 10 17.26516002655959 0.000000000000000
 11 19.01120649046897 0.000000000000000
 12 19.81692989840112 0.000000000000000

 spin=1 k-point=189/1284 Cartesian=0.1168442699570017 0.000000000000000 -0.01919091118446170 (1330 plane wave)
 1 -1.586981946046026 0.001562500000000037
 2 2.755562598180956 0.001558587531616512
 3 4.904721619094225 2.886815182385826e-10
 4 6.836233642633858 0.000000000000000
 5 7.009432048253688 0.000000000000000
 6 11.14874539940447 0.000000000000000
 7 11.35665202071663 0.000000000000000
 8 13.48652539122016 0.000000000000000
 9 13.55922390319812 0.000000000000000
 10 17.30007001472165 0.000000000000000
 11 18.05429289914499 0.000000000000000
 12 18.55982059222988 0.000000000000000

 spin=1 k-point=190/1284 Cartesian=0.09737022496416814 -0.01124334511882265 -0.01919091118446170 (1335 plane wave)
 1 -2.188488030849502 0.001562500000000037
 2 2.167195169001222 0.001562489078338099
 3 4.362975734637744 6.503902790925608e-08
 4 7.504089948259549 0.000000000000000
 5 8.665407132232527 0.000000000000000
 6 11.85202228923889 0.000000000000000
 7 12.98263036308260 0.000000000000000
 8 14.11800144840808 0.000000000000000
 9 15.23492065430057 0.000000000000000
 10 15.94716154201998 0.000000000000000
 11 17.70418513632033 0.000000000000000
 12 18.48235826298234 0.000000000000000

 spin=1 k-point=191/1284 Cartesian=-0.07789617997133380 0.02248669023764735 0.01919091118446219 (1337 plane wave)
 1 -2.639940382521916 0.001562500000000037
 2 1.721983788273317 0.001562499872719266
 3 3.934974871327832 4.684601713791492e-06
 4 8.244944928074563 0.000000000000000
 5 10.54383509263265 0.000000000000000
 6 12.57806130129067 0.000000000000000
 7 14.19965630973889 0.000000000000000
 8 14.75231177742306 0.000000000000000
 9 15.14172552656089 0.000000000000000
 10 16.91323827760086 0.000000000000000
 11 17.43154350028126 0.000000000000000
 12 18.65734855425729 0.000000000000000

 spin=1 k-point=192/1284 Cartesian=-0.05842213497850025 0.03373003535647068 0.01919091118446219 (1340 plane wave)
 1 -2.941042437702914 0.001562500000000037
 2 1.424082041176631 0.001562499993528735
 3 3.645255010438307 8.075471903622672e-05
 4 9.132663259533482 0.000000000000000
 5 12.15414089651166 0.000000000000000
 6 13.04177597603797 0.000000000000000
 7 13.75869366654478 0.000000000000000
 8 15.56029172047737 0.000000000000000
 9 16.55415088314071 0.000000000000000
 10 16.84109829118347 0.000000000000000
 11 17.84183397506902 0.000000000000000
 12 18.80141699960129 0.000000000000000

 spin=1 k-point=193/1284 Cartesian=-0.03894808998566670 0.04497338047529402 0.01919091118446219 (1342 plane wave)
 1 -3.091630341402462 0.001562500000000037
 2 1.274884339126623 0.001562499998544463
 3 3.499524895879163 0.0002963348419961055
 4 10.16008290116418 0.000000000000000
 5 11.30216197321703 0.000000000000000
 6 14.42159327864132 0.000000000000000
 7 15.05655611926528 0.000000000000000
 8 15.64255906200676 0.000000000000000
 9 16.26558926384735 0.000000000000000
 10 17.17529640921030 0.000000000000000
 11 17.40559408637755 0.000000000000000
 12 18.01268680743049 0.000000000000000

 spin=1 k-point=194/1284 Cartesian=-0.01947404499283316 0.05621672559411735 0.01919091118446219 (1342 plane wave)
 1 -3.091630341397326 0.001562500000000037
 2 1.274884338956658 0.001562499998544463
 3 3.499524896177863 0.0002963348412788275
 4 10.16008290089216 0.000000000000000
 5 11.30216197129396 0.000000000000000
 6 14.42159326334372 0.000000000000000
 7 15.05655617970299 0.000000000000000
 8 15.64255902052456 0.000000000000000
 9 16.26558927773061 0.000000000000000
 10 17.17529642434742 0.000000000000000
 11 17.40559403372638 0.000000000000000
 12 18.01268681920257 0.000000000000000

 spin=1 k-point=195/1284 Cartesian=0.000000000000000 0.08994676095058715 0.01919091118446219 (1338 plane wave)
 1 -2.414198408895042 0.001562500000000037
 2 1.944452277351929 0.001562498822580836
 3 4.147349614529377 5.616794619416191e-07
 4 7.291739703100292 0.000000000000000
 5 11.47271595934851 0.000000000000000
 6 11.50733175338205 0.000000000000000
 7 12.73016248719287 0.000000000000000
 8 13.93284795099214 0.000000000000000
 9 15.87377009506277 0.000000000000000
 10 16.90715633442370 0.000000000000000
 11 17.51165455614277 0.000000000000000
 12 18.12577788049534 0.000000000000000

 spin=1 k-point=196/1284 Cartesian=0.01947404499283394 0.1011901060694107 0.01919091118446219 (1326 plane wave)
 1 -2.038098187210316 0.001562500000000037
 2 2.313703197506059 0.001562452733323532
 3 4.491169331445501 1.804883809938180e-08
 4 6.496135325796141 0.000000000000000
 5 9.897902864159725 0.000000000000000
 6 10.85867605555379 0.000000000000000
 7 12.85306860999297 0.000000000000000
 8 13.95241556862420 0.000000000000000
 9 14.42725732767265 0.000000000000000
 10 16.47433508096146 0.000000000000000
 11 17.68197899884144 0.000000000000000
 12 18.42331056684562 0.000000000000000

 spin=1 k-point=197/1284 Cartesian=0.03894808998566748 0.1124334511882340 0.01919091118446219 (1333 plane wave)
 1 -1.511876792316867 0.001562500000000037
 2 2.825668034696786 0.001554632955080467
 3 4.917109959446505 2.550451670322438e-10
 4 5.903732520221091 1.323636641046462e-14
 5 8.126668807281835 0.000000000000000
 6 10.17593392952510 0.000000000000000
 7 12.10936597259011 0.000000000000000
 8 12.80821665902798 0.000000000000000
 9 14.73574222675918 0.000000000000000
 10 15.49401284061356 0.000000000000000
 11 18.34921622302853 0.000000000000000
 12 19.74938895507105 0.000000000000000

 spin=1 k-point=198/1284 Cartesian=0.05842213497850103 0.1236767963070574 0.01919091118446219 (1335 plane wave)
 1 -0.8359510631958686 0.001562500000000037
 2 3.464919732316261 0.0003884044206575410
 3 5.071795931621407 5.430306564357673e-11
 4 5.778261764577546 4.641747182623594e-14
 5 6.564326295166480 0.000000000000000
 6 9.640156788935254 0.000000000000000
 7 10.76310712406503 0.000000000000000
 8 11.97222038433919 0.000000000000000
 9 13.07716919736253 0.000000000000000
 10 17.26516002851284 0.000000000000000
 11 19.01120648270681 0.000000000000000
 12 19.81692990490445 0.000000000000000

 spin=1 k-point=199/1284 Cartesian=0.07789617997133459 0.1349201414258807 0.01919091118446219 (1351 plane wave)
 1 -0.01107664597613113 0.001562500000000033
 2 4.097056083143658 9.285570834578737e-07
 3 4.804607585393494 7.856130211307407e-10
 4 4.974109283962690 1.442354943468461e-10
 5 6.658449494439327 0.000000000000000
 6 9.134720760955467 0.000000000000000
 7 9.406647494899728 0.000000000000000
 8 11.54897972001781 0.000000000000000
 9 11.56640223178844 0.000000000000000
 10 18.89195859740199 0.000000000000000
 11 19.55352309225654 0.000000000000000
 12 20.11392106416503 0.000000000000000

 spin=1 k-point=200/1284 Cartesian=0.09737022496416814 0.1461634865447041 0.01919091118446219 (1351 plane wave)
 1 0.9612026655485880 0.001562499999936834
 2 3.317325729040757 0.0009240542601837911
 3 4.460577672885663 2.450785891592661e-08
 4 5.465967026003437 1.054291320931920e-12
 5 7.291619485136133 0.000000000000000
 6 8.065521694102399 0.000000000000000
 7 9.069567673358296 0.000000000000000
 8 10.22675454833010 0.000000000000000
 9 11.32353875560839 0.000000000000000
 10 19.03738648661765 0.000000000000000
 11 20.76751965477179 0.000000000000000
 12 21.54767003237981 0.000000000000000

 spin=1 k-point=201/1284 Cartesian=0.1168442699570017 0.1574068316635274 0.01919091118446219 (1349 plane wave)
 1 2.066663259276719 0.001562496003443041
 2 2.087285899280193 0.001562495088108526
 3 4.420021411664361 3.676508821150444e-08
 4 6.472207767359651 0.000000000000000
 5 6.497670713588248 0.000000000000000
 6 8.308427116018740 0.000000000000000
 7 8.976700581568222 0.000000000000000
 8 9.439714677934065 0.000000000000000
 9 11.24637420923414 0.000000000000000
 10 18.99517035929883 0.000000000000000
 11 21.67902240118922 0.000000000000000
 12 22.14171484753680 0.000000000000000

 spin=1 k-point=202/1284 Cartesian=0.1363183149498352 0.1686501767823507 0.01919091118446219 (1351 plane wave)
 1 0.9612026656776905 0.001562499999936834
 2 3.317325724548429 0.0009240542771456319
 3 4.460577689815013 2.450785476696995e-08
 4 5.465967013398888 1.054291453820627e-12
 5 7.291619419765250 0.000000000000000
 6 8.065521833248098 0.000000000000000
 7 9.069567565028590 0.000000000000000
 8 10.22675458876242 0.000000000000000
 9 11.32353875008899 0.000000000000000
 10 19.03738648259723 0.000000000000000
 11 20.76751967845771 0.000000000000000
 12 21.54767001061382 0.000000000000000

 spin=1 k-point=203/1284 Cartesian=0.1557923599426688 0.1798935219011741 0.01919091118446219 (1351 plane wave)
 1 -0.01107664600414855 0.001562500000000033
 2 4.097056087983203 9.285570385466255e-07
 3 4.804607584188987 7.856130305935059e-10
 4 4.974109278667958 1.442355019837302e-10
 5 6.658449495724062 0.000000000000000
 6 9.134720761647142 0.000000000000000
 7 9.406647492604423 0.000000000000000
 8 11.54897971979449 0.000000000000000
 9 11.56640223452022 0.000000000000000
 10 18.89195859593059 0.000000000000000
 11 19.55352309215392 0.000000000000000
 12 20.11392106573842 0.000000000000000

 spin=1 k-point=204/1284 Cartesian=0.1363183149498352 -0.01124334511882266 -0.01919091118446170 (1335 plane wave)
 1 -0.8359510632588277 0.001562500000000037
 2 3.464919740314102 0.0003884043973154139
 3 5.071795879365022 5.430309402040963e-11
 4 5.778261829253322 4.641744180537787e-14
 5 6.564326281526721 0.000000000000000
 6 9.640156738608832 0.000000000000000
 7 10.76310719656778 0.000000000000000
 8 11.97222034816702 0.000000000000000
 9 13.07716920492457 0.000000000000000
 10 17.26516003287067 0.000000000000000
 11 19.01120645716487 0.000000000000000
 12 19.81692992701314 0.000000000000000

 spin=1 k-point=205/1284 Cartesian=0.1168442699570017 -0.02248669023764600 -0.01919091118446170 (1333 plane wave)
 1 -1.511876792378098 0.001562500000000037
 2 2.825668039221795 0.001554632954726275
 3 4.917109933164450 2.550452340633721e-10
 4 5.903732548683605 1.323636264306151e-14
 5 8.126668811366070 0.000000000000000
 6 10.17593388559133 0.000000000000000
 7 12.10936606420440 0.000000000000000
 8 12.80821659692193 0.000000000000000
 9 14.73574223160760 0.000000000000000
 10 15.49401284140575 0.000000000000000
 11 18.34921621541432 0.000000000000000
 12 19.74938894151867 0.000000000000000

 spin=1 k-point=206/1284 Cartesian=-0.09737022496416733 0.03373003535647070 0.01919091118446219 (1326 plane wave)
 1 -2.038098187258701 0.001562500000000037
 2 2.313703200152551 0.001562452733322282
 3 4.491169322352531 1.804883974053875e-08
 4 6.496135336308619 0.000000000000000
 5 9.897902881111746 0.000000000000000
 6 10.85867601404675 0.000000000000000
 7 12.85306861235433 0.000000000000000
 8 13.95241561559900 0.000000000000000
 9 14.42725731148601 0.000000000000000
 10 16.47433506268790 0.000000000000000
 11 17.68197902624854 0.000000000000000
 12 18.42331052281217 0.000000000000000

 spin=1 k-point=207/1284 Cartesian=-0.07789617997133380 0.04497338047529403 0.01919091118446219 (1338 plane wave)
 1 -2.414198408927513 0.001562500000000037
 2 1.944452278843456 0.001562498822580819
 3 4.147349610612373 5.616794839347225e-07
 4 7.291739708315085 0.000000000000000
 5 11.47271596176368 0.000000000000000
 6 11.50733177976209 0.000000000000000
 7 12.73016237421014 0.000000000000000
 8 13.93284804927352 0.000000000000000
 9 15.87377009832475 0.000000000000000
 10 16.90715638579908 0.000000000000000
 11 17.51165444584585 0.000000000000000
 12 18.12577788134122 0.000000000000000

 spin=1 k-point=208/1284 Cartesian=-0.05842213497850025 0.05621672559411737 0.01919091118446219 (1337 plane wave)
 1 -2.639940382522042 0.001562500000000037
 2 1.721983788305087 0.001562499872719266
 3 3.934974871338327 4.684601713301305e-06
 4 8.244944928307557 0.000000000000000
 5 10.54383509395120 0.000000000000000
 6 12.57806130145536 0.000000000000000
 7 14.19965630144132 0.000000000000000
 8 14.75231176778574 0.000000000000000
 9 15.14172554065489 0.000000000000000
 10 16.91323828121785 0.000000000000000
 11 17.43154350056962 0.000000000000000
 12 18.65734855422182 0.000000000000000

 spin=1 k-point=209/1284 Cartesian=-0.03894808998566670 0.06746007071294070 0.01919091118446219 (1339 plane wave)
 1 -2.715200569136425 0.001562500000000037
 2 1.647705790043978 0.001562499939441205
 3 3.863530884881430 9.541003090800315e-06
 4 9.307174370581414 0.000000000000000
 5 9.374069199469535 0.000000000000000
 6 13.58806031909489 0.000000000000000
 7 13.77927135699724 0.000000000000000
 8 15.68793009783686 0.000000000000000
 9 15.96486827278775 0.000000000000000
 10 16.16559258543027 0.000000000000000
 11 17.01154274358266 0.000000000000000
 12 17.54927461185448 0.000000000000000

 spin=1 k-point=210/1284 Cartesian=-0.01947404499283316 0.07870341583176405 0.01919091118446219 (1337 plane wave)
 1 -2.639940382505795 0.001562500000000037
 2 1.721983787622548 0.001562499872719267
 3 3.934974872901847 4.684601640276228e-06
 4 8.244944925674218 0.000000000000000
 5 10.54383508956823 0.000000000000000
 6 12.57806131636609 0.000000000000000
 7 14.19965637142552 0.000000000000000
 8 14.75231163861769 0.000000000000000
 9 15.14172557174626 0.000000000000000
 10 16.91323834687774 0.000000000000000
 11 17.43154344819088 0.000000000000000
 12 18.65734856856471 0.000000000000000

 spin=1 k-point=211/1284 Cartesian=0.000000000000000 0.1124334511882338 0.01919091118446219 (1333 plane wave)
 1 -1.737408119332964 0.001562500000000037
 2 2.604288821864371 0.001561636373946542
 3 4.701408414887052 2.204939569032790e-09
 4 5.694841989271991 1.068978701114480e-13
 5 9.856978118260370 0.000000000000000
 6 10.94228532320925 0.000000000000000
 7 11.74596613279342 0.000000000000000
 8 12.70551663380587 0.000000000000000
 9 15.34402083027483 0.000000000000000
 10 16.53846813265331 0.000000000000000
 11 17.59810938011900 0.000000000000000
 12 17.82807113228327 0.000000000000000

 spin=1 k-point=212/1284 Cartesian=0.01947404499283394 0.1236767963070574 0.01919091118446219 (1334 plane wave)
 1 -1.286615964442468 0.001562500000000037
 2 3.028918427807729 0.001504390157073649
 3 4.626654123065749 4.656395423719390e-09
 4 5.477282117814466 9.414988632594327e-13
 5 9.019207696008849 0.000000000000000
 6 9.648983620181905 0.000000000000000
 7 11.33349829373887 0.000000000000000
 8 13.47390178138485 0.000000000000000
 9 13.96171537346852 0.000000000000000
 10 16.05234881252721 0.000000000000000
 11 17.69784556013839 0.000000000000000
 12 18.62226546923553 0.000000000000000

 spin=1 k-point=213/1284 Cartesian=0.03894808998566748 0.1349201414258807 0.01919091118446219 (1333 plane wave)
 1 -0.6860768856496198 0.001562500000000037
 2 3.516019286593397 0.0002587361181587400
 3 4.245936981596526 2.096171555464910e-07
 4 5.913899751565775 1.195674715104502e-14
 5 7.688128632817487 0.000000000000000
 6 8.702838322932722 0.000000000000000
 7 10.74423854193613 0.000000000000000
 8 12.27486660882401 0.000000000000000
 9 14.37402804726272 0.000000000000000
 10 15.14628227582410 0.000000000000000
 11 19.01913666618690 0.000000000000000
 12 19.67513064795386 0.000000000000000

 spin=1 k-point=214/1284 Cartesian=0.05842213497850103 0.1461634865447041 0.01919091118446219 (1341 plane wave)
 1 0.06358636668339139 0.001562500000000029
 2 3.549719336815927 0.0001938997437346155
 3 4.505670817392923 1.561243911671550e-08
 4 5.974201700027526 6.542217019640188e-15
 5 6.738728348626150 0.000000000000000
 6 8.244530936185267 0.000000000000000
 7 10.11934243605149 0.000000000000000
 8 10.85781783582208 0.000000000000000
 9 12.77999097839958 0.000000000000000
 10 17.02765526536866 0.000000000000000
 11 19.90332032679447 0.000000000000000
 12 21.31732404418163 0.000000000000000

 spin=1 k-point=215/1284 Cartesian=0.07789617997133459 0.1574068316635274 0.01919091118446219 (1351 plane wave)
 1 0.9612026657048499 0.001562499999936834
 2 3.317325723659877 0.0009240542805005674
 3 4.460577688957379 2.450785497715439e-08
 4 5.465967017168116 1.054291414081970e-12
 5 7.291619422038246 0.000000000000000
 6 8.065521823921831 0.000000000000000
 7 9.069567576230543 0.000000000000000
 8 10.22675457777757 0.000000000000000
 9 11.32353875444518 0.000000000000000
 10 19.03738648424140 0.000000000000000
 11 20.76751967104118 0.000000000000000
 12 21.54767001591765 0.000000000000000

 spin=1 k-point=216/1284 Cartesian=0.09737022496416814 0.1686501767823507 0.01919091118446219 (1351 plane wave)
 1 2.004048574022296 0.001562497863246958
 2 3.152167981043620 0.001379713442486637
 3 3.221353264612766 0.001235548640420311
 4 6.418330287304204 0.000000000000000
 5 7.440354572519657 0.000000000000000
 6 7.566239508456733 0.000000000000000
 7 8.987236787107438 0.000000000000000
 8 10.01046597707425 0.000000000000000
 9 10.05136097381444 0.000000000000000
 10 20.93661953783280 0.000000000000000
 11 21.31452439156665 0.000000000000000
 12 22.02688344847954 0.000000000000000

 spin=1 k-point=217/1284 Cartesian=0.1168442699570017 0.1798935219011741 0.01919091118446219 (1351 plane wave)
 1 2.004048573933543 0.001562497863246960
 2 3.152167982648745 0.001379713439895907
 3 3.221353263429654 0.001235548643479097
 4 6.418330285970932 0.000000000000000
 5 7.440354572987475 0.000000000000000
 6 7.566239509346861 0.000000000000000
 7 8.987236785087489 0.000000000000000
 8 10.01046597654975 0.000000000000000
 9 10.05136097613238 0.000000000000000
 10 20.93661953630769 0.000000000000000
 11 21.31452439152034 0.000000000000000
 12 22.02688345053884 0.000000000000000

 spin=1 k-point=218/1284 Cartesian=0.1363183149498352 0.1911368670199974 0.01919091118446219 (1351 plane wave)
 1 0.9612026654914173 0.001562499999936834
 2 3.317325729780424 0.0009240542573910036
 3 4.460577674205455 2.450785859247898e-08
 4 5.465967023498023 1.054291347346289e-12
 5 7.291619490374924 0.000000000000000
 6 8.065521684368385 0.000000000000000
 7 9.069567680026539 0.000000000000000
 8 10.22675454069913 0.000000000000000
 9 11.32353876179805 0.000000000000000
 10 19.03738648740820 0.000000000000000
 11 20.76751964481438 0.000000000000000
 12 21.54767004155470 0.000000000000000

 spin=1 k-point=219/1284 Cartesian=0.1557923599426688 0.2023802121388207 0.01919091118446219 (1341 plane wave)
 1 0.06358636648801867 0.001562500000000029
 2 3.549719357531145 0.0001938997085523826
 3 4.505670767133291 1.561244696339551e-08
 4 5.974201743311684 6.542214187896567e-15
 5 6.738728375380624 0.000000000000000
 6 8.244530847152676 0.000000000000000
 7 10.11934255057094 0.000000000000000
 8 10.85781776607767 0.000000000000000
 9 12.77999098271543 0.000000000000000
 10 17.02765526711642 0.000000000000000
 11 19.90332031584018 0.000000000000000
 12 21.31732403254742 0.000000000000000

 spin=1 k-point=220/1284 Cartesian=0.1363183149498352 -0.03373003535646932 -0.01919091118446170 (1333 plane wave)
 1 -0.6860768858018516 0.001562500000000037
 2 3.516019319793906 0.0002587360464815796
 3 4.245936919068363 2.096172865987372e-07
 4 5.913899797964417 1.195674160327659e-14
 5 7.688128656565129 0.000000000000000
 6 8.702838243472030 0.000000000000000
 7 10.74423860152411 0.000000000000000
 8 12.27486658600836 0.000000000000000
 9 14.37402805089498 0.000000000000000
 10 15.14628227566146 0.000000000000000
 11 19.01913668289965 0.000000000000000
 12 19.67513060669564 0.000000000000000

 spin=1 k-point=221/1284 Cartesian=-0.1168442699570009 0.04497338047529403 0.01919091118446219 (1334 plane wave)
 1 -1.286615964552531 0.001562500000000037
 2 3.028918439469791 0.001504390150548873
 3 4.626654066731545 4.656398046856278e-09
 4 5.477282171913918 9.414983539137278e-13
 5 9.019207725581312 0.000000000000000
 6 9.648983550293938 0.000000000000000
 7 11.33349832141434 0.000000000000000
 8 13.47390179847586 0.000000000000000
 9 13.96171536733661 0.000000000000000
 10 16.05234880579320 0.000000000000000
 11 17.69784558521138 0.000000000000000
 12 18.62226540722048 0.000000000000000

 spin=1 k-point=222/1284 Cartesian=-0.09737022496416733 0.05621672559411737 0.01919091118446219 (1333 plane wave)
 1 -1.737408119406352 0.001562500000000037
 2 2.604288827069216 0.001561636373901616
 3 4.701408385389914 2.204940219426197e-09
 4 5.694842019637485 1.068978376513787e-13
 5 9.856978121862221 0.000000000000000
 6 10.94228532563121 0.000000000000000
 7 11.74596604491640 0.000000000000000
 8 12.70551672002729 0.000000000000000
 9 15.34402083328642 0.000000000000000
 10 16.53846815174901 0.000000000000000
 11 17.59810938154050 0.000000000000000
 12 17.82807104954556 0.000000000000000

 spin=1 k-point=223/1284 Cartesian=-0.07789617997133380 0.06746007071294070 0.01919091118446219 (1326 plane wave)
 1 -2.038098187258629 0.001562500000000037
 2 2.313703200183324 0.001562452733322267
 3 4.491169322357147 1.804883973970562e-08
 4 6.496135336542740 0.000000000000000
 5 9.897902881921592 0.000000000000000
 6 10.85867601476919 0.000000000000000
 7 12.85306860600672 0.000000000000000
 8 13.95241561374526 0.000000000000000
 9 14.42725731754263 0.000000000000000
 10 16.47433506217060 0.000000000000000
 11 17.68197903024572 0.000000000000000
 12 18.42331051965916 0.000000000000000

 spin=1 k-point=224/1284 Cartesian=-0.05842213497850025 0.07870341583176403 0.01919091118446219 (1335 plane wave)
 1 -2.188488030850076 0.001562500000000037
 2 2.167195169057589 0.001562489078338093
 3 4.362975734665389 6.503902789127627e-08
 4 7.504089949002386 0.000000000000000
 5 8.665407133075195 0.000000000000000
 6 11.85202228799842 0.000000000000000
 7 12.98263035417792 0.000000000000000
 8 14.11800145766546 0.000000000000000
 9 15.23492065458563 0.000000000000000
 10 15.94716153714514 0.000000000000000
 11 17.70418513863945 0.000000000000000
 12 18.48235826330509 0.000000000000000

 spin=1 k-point=225/1284 Cartesian=-0.03894808998566670 0.08994676095058737 0.01919091118446219 (1335 plane wave)
 1 -2.188488030836378 0.001562500000000037
 2 2.167195168341003 0.001562489078338171
 3 4.362975736871524 6.503902645648713e-08
 4 7.504089944749595 0.000000000000000
 5 8.665407132639031 0.000000000000000
 6 11.85202232044721 0.000000000000000
 7 12.98263029821283 0.000000000000000
 8 14.11800149227187 0.000000000000000
 9 15.23492064961746 0.000000000000000
 10 15.94716153218554 0.000000000000000
 11 17.70418515465131 0.000000000000000
 12 18.48235824648348 0.000000000000000

 spin=1 k-point=226/1284 Cartesian=-0.01947404499283316 0.1011901060694107 0.01919091118446219 (1326 plane wave)
 1 -2.038098187216805 0.001562500000000037
 2 2.313703197767415 0.001562452733323409
 3 4.491169331248501 1.804883813493752e-08
 4 6.496135325911811 0.000000000000000
 5 9.897902865968758 0.000000000000000
 6 10.85867605299959 0.000000000000000
 7 12.85306860746251 0.000000000000000
 8 13.95241556461007 0.000000000000000
 9 14.42725733442996 0.000000000000000
 10 16.47433508435148 0.000000000000000
 11 17.68197899682681 0.000000000000000
 12 18.42331056333895 0.000000000000000

 spin=1 k-point=227/1284 Cartesian=0.000000000000000 0.1349201414258805 0.01919091118446219 (1334 plane wave)
 1 -0.9113753759073833 0.001562500000000037
 2 3.294783630897411 0.001007104840157408
 3 4.024731145734790 1.912661505373531e-06
 4 5.725160813135540 7.893980348581072e-14
 5 8.328741502124389 0.000000000000000
 6 10.39934396113060 0.000000000000000
 7 10.56324977207923 0.000000000000000
 8 12.14181770253047 0.000000000000000
 9 14.96542105499934 0.000000000000000
 10 16.19704679173717 0.000000000000000
 11 17.22057991072524 0.000000000000000
 12 18.07686273424459 0.000000000000000

 spin=1 k-point=228/1284 Cartesian=0.01947404499283394 0.1461634865447040 0.01919091118446219 (1337 plane wave)
 1 -0.3864943147523723 0.001562500000000037
 2 3.102292407805652 0.001446151141361393
 3 4.089977073470719 9.966287957754577e-07
 4 6.173989418531961 0.000000000000000
 5 7.668005070595626 0.000000000000000
 6 9.174925084124885 0.000000000000000
 7 9.975886630202032 0.000000000000000
 8 13.16895297762322 0.000000000000000
 9 13.65697891501045 0.000000000000000
 10 15.76149007168503 0.000000000000000
 11 17.48957022212312 0.000000000000000
 12 19.11135763478327 0.000000000000000

 spin=1 k-point=229/1284 Cartesian=0.03894808998566748 0.1574068316635274 0.01919091118446219 (1339 plane wave)
 1 0.2874270098881818 0.001562499999999962
 2 2.647567814171635 0.001561169073476016
 3 4.688773141739981 2.501905582581343e-09
 4 6.638748249572577 0.000000000000000
 5 7.046624760545659 0.000000000000000
 6 7.872579595622996 0.000000000000000
 7 9.417603517221451 0.000000000000000
 8 12.02222172157031 0.000000000000000
 9 14.15536182788355 0.000000000000000
 10 14.93326422538973 0.000000000000000
 11 19.20886023441896 0.000000000000000
 12 20.16381589488187 0.000000000000000

 spin=1 k-point=230/1284 Cartesian=0.05842213497850103 0.1686501767823507 0.01919091118446219 (1345 plane wave)
 1 1.109290080320764 0.001562499999722150
 2 2.293653889246742 0.001562461320184656
 3 5.360516185293514 3.026411129095007e-12
 4 5.962031875867429 7.388866743983225e-15
 5 6.656337957054319 0.000000000000000
 6 7.928327363707386 0.000000000000000
 7 9.021205982997477 0.000000000000000
 8 10.53666747773040 0.000000000000000
 9 12.63142935606843 0.000000000000000
 10 16.89709669968583 0.000000000000000
 11 20.78269926932333 0.000000000000000
 12 21.41262191892933 0.000000000000000

 spin=1 k-point=231/1284 Cartesian=0.07789617997133459 0.1798935219011741 0.01919091118446219 (1349 plane wave)
 1 2.066663265519558 0.001562496003442791
 2 2.087285892794611 0.001562495088108844
 3 4.420021411626760 3.676508822532792e-08
 4 6.472207779156925 0.000000000000000
 5 6.497670706113114 0.000000000000000
 6 8.308427113250149 0.000000000000000
 7 8.976700580621994 0.000000000000000
 8 9.439714672788751 0.000000000000000
 9 11.24637421368267 0.000000000000000
 10 18.99517035884404 0.000000000000000
 11 21.67902240248919 0.000000000000000
 12 22.14171484179023 0.000000000000000

 spin=1 k-point=232/1284 Cartesian=0.09737022496416814 0.1911368670199974 0.01919091118446219 (1351 plane wave)
 1 2.004048574245057 0.001562497863246954
 2 3.152167975979572 0.001379713450660193
 3 3.221353269596175 0.001235548627536344
 4 6.418330285917587 0.000000000000000
 5 7.440354588878132 0.000000000000000
 6 7.566239498560215 0.000000000000000
 7 8.987236772176830 0.000000000000000
 8 10.01046598466737 0.000000000000000
 9 10.05136097588834 0.000000000000000
 10 20.93661952769594 0.000000000000000
 11 21.31452439651150 0.000000000000000
 12 22.02688346209829 0.000000000000000

 spin=1 k-point=233/1284 Cartesian=0.1168442699570017 0.2023802121388207 0.01919091118446219 (1349 plane wave)
 1 2.066663264493451 0.001562496003442832
 2 2.087285894059093 0.001562495088108782
 3 4.420021411985760 3.676508809334431e-08
 4 6.472207777437675 0.000000000000000
 5 6.497670706696081 0.000000000000000
 6 8.308427112927742 0.000000000000000
 7 8.976700578966931 0.000000000000000
 8 9.439714674336138 0.000000000000000
 9 11.24637421498629 0.000000000000000
 10 18.99517035854058 0.000000000000000
 11 21.67902239833580 0.000000000000000
 12 22.14171484490733 0.000000000000000

 spin=1 k-point=234/1284 Cartesian=0.1363183149498352 0.2136235572576441 0.01919091118446219 (1345 plane wave)
 1 1.109290079693856 0.001562499999722150
 2 2.293653892206021 0.001562461320183511
 3 5.360516144894180 3.026412351745515e-12
 4 5.962031912609804 7.388864029137900e-15
 5 6.656338006733721 0.000000000000000
 6 7.928327253800025 0.000000000000000
 7 9.021206059257928 0.000000000000000
 8 10.53666746130590 0.000000000000000
 9 12.63142935838024 0.000000000000000
 10 16.89709670003029 0.000000000000000
 11 20.78269927757970 0.000000000000000
 12 21.41262186985127 0.000000000000000

 spin=1 k-point=235/1284 Cartesian=0.1557923599426688 0.2248669023764674 0.01919091118446219 (1339 plane wave)
 1 0.2874270094781197 0.001562499999999962
 2 2.647567821245710 0.001561169073381946
 3 4.688773109905823 2.501906379040963e-09
 4 6.638748342813073 0.000000000000000
 5 7.046624776184850 0.000000000000000
 6 7.872579459752729 0.000000000000000
 7 9.417603575713716 0.000000000000000
 8 12.02222171414340 0.000000000000000
 9 14.15536183060602 0.000000000000000
 10 14.93326422504330 0.000000000000000
 11 19.20886025124342 0.000000000000000
 12 20.16381583916339 0.000000000000000

 spin=1 k-point=236/1284 Cartesian=-0.1363183149498344 0.05621672559411736 0.01919091118446219 (1337 plane wave)
 1 -0.3864943150223534 0.001562500000000037
 2 3.102292429642237 0.001446151117846627
 3 4.089977027819677 9.966292504569016e-07
 4 6.173989473643393 0.000000000000000
 5 7.668005050520302 0.000000000000000
 6 9.174925018365032 0.000000000000000
 7 9.975886684014004 0.000000000000000
 8 13.16895298460079 0.000000000000000
 9 13.65697891302168 0.000000000000000
 10 15.76149007010347 0.000000000000000
 11 17.48957023178212 0.000000000000000
 12 19.11135757746535 0.000000000000000

 spin=1 k-point=237/1284 Cartesian=-0.1168442699570009 0.06746007071294070 0.01919091118446219 (1334 plane wave)
 1 -0.9113753760810465 0.001562500000000037
 2 3.294783665734816 0.001007104715447007
 3 4.024731082006916 1.912662722780655e-06
 4 5.725160857785864 7.893976823893189e-14
 5 8.328741488082555 0.000000000000000
 6 10.39934393118259 0.000000000000000
 7 10.56324977450585 0.000000000000000
 8 12.14181773405750 0.000000000000000
 9 14.96542105790882 0.000000000000000
 10 16.19704679960689 0.000000000000000
 11 17.22057991248361 0.000000000000000
 12 18.07686267617230 0.000000000000000

 spin=1 k-point=238/1284 Cartesian=-0.09737022496416733 0.07870341583176403 0.01919091118446219 (1334 plane wave)
 1 -1.286615964551806 0.001562500000000037
 2 3.028918439466404 0.001504390150550768
 3 4.626654066672658 4.656398049598272e-09
 4 5.477282172249607 9.414983507532164e-13
 5 9.019207724801081 0.000000000000000
 6 9.648983552912345 0.000000000000000
 7 11.33349831720673 0.000000000000000
 8 13.47390179742088 0.000000000000000
 9 13.96171537071658 0.000000000000000
 10 16.05234880449735 0.000000000000000
 11 17.69784558819481 0.000000000000000
 12 18.62226540497160 0.000000000000000

 spin=1 k-point=239/1284 Cartesian=-0.07789617997133380 0.08994676095058737 0.01919091118446219 (1333 plane wave)
 1 -1.511876792378050 0.001562500000000037
 2 2.825668039237161 0.001554632954725072
 3 4.917109932990568 2.550452345068467e-10
 4 5.903732549522092 1.323636253207639e-14
 5 8.126668812245176 0.000000000000000
 6 10.17593388522070 0.000000000000000
 7 12.10936604887148 0.000000000000000
 8 12.80821661215221 0.000000000000000
 9 14.73574223125181 0.000000000000000
 10 15.49401283856714 0.000000000000000
 11 18.34921621848374 0.000000000000000
 12 19.74938894167367 0.000000000000000

 spin=1 k-point=240/1284 Cartesian=-0.05842213497850025 0.1011901060694107 0.01919091118446219 (1330 plane wave)
 1 -1.586981946048020 0.001562500000000037
 2 2.755562598169869 0.001558587531616944
 3 4.904721619081292 2.886815182759186e-10
 4 6.836233649607219 0.000000000000000
 5 7.009432043269934 0.000000000000000
 6 11.14874538906072 0.000000000000000
 7 11.35665202398100 0.000000000000000
 8 13.48652539121596 0.000000000000000
 9 13.55922390929546 0.000000000000000
 10 17.30007000651189 0.000000000000000
 11 18.05429289364528 0.000000000000000
 12 18.55982060331511 0.000000000000000

 spin=1 k-point=241/1284 Cartesian=-0.03894808998566670 0.1124334511882340 0.01919091118446219 (1333 plane wave)
 1 -1.511876792329422 0.001562500000000037
 2 2.825668035290487 0.001554632955033995
 3 4.917109958911051 2.550451683978954e-10
 4 5.903732520625105 1.323636635698782e-14
 5 8.126668808258849 0.000000000000000
 6 10.17593392737209 0.000000000000000
 7 12.10936595704093 0.000000000000000
 8 12.80821667687049 0.000000000000000
 9 14.73574222778187 0.000000000000000
 10 15.49401283725486 0.000000000000000
 11 18.34921622206876 0.000000000000000
 12 19.74938895512462 0.000000000000000

 spin=1 k-point=242/1284 Cartesian=-0.01947404499283316 0.1236767963070574 0.01919091118446219 (1334 plane wave)
 1 -1.286615964448214 0.001562500000000037
 2 3.028918428076498 0.001504390156923276
 3 4.626654123024469 4.656395425641547e-09
 4 5.477282117795597 9.414988634370891e-13
 5 9.019207698244992 0.000000000000000
 6 9.648983616783493 0.000000000000000
 7 11.33349829328624 0.000000000000000
 8 13.47390177926777 0.000000000000000
 9 13.96171537702039 0.000000000000000
 10 16.05234881470907 0.000000000000000
 11 17.69784555875430 0.000000000000000
 12 18.62226546469261 0.000000000000000

 spin=1 k-point=243/1284 Cartesian=0.000000000000000 0.1574068316635272 0.01919091118446219 (1339 plane wave)
 1 0.06241743722209436 0.001562500000000029
 2 2.423062375280205 0.001562358918528741
 3 4.476608604024806 2.087780871265583e-08
 4 6.428738237671998 0.000000000000000
 5 7.136993570413034 0.000000000000000
 6 9.054895600394838 0.000000000000000
 7 10.33577933958656 0.000000000000000
 8 11.87388174547627 0.000000000000000
 9 14.73819486636659 0.000000000000000
 10 15.98423184406369 0.000000000000000
 11 16.99388016264754 0.000000000000000
 12 18.10042388009557 0.000000000000000

 spin=1 k-point=244/1284 Cartesian=0.01947404499283394 0.1686501767823507 0.01919091118446219 (1339 plane wave)
 1 0.6599362738610209 0.001562499999996930
 2 1.844992591853240 0.001562499564504922
 3 5.045312309677605 7.076871019749379e-11
 4 6.170471282570769 0.000000000000000
 5 7.352177921959342 0.000000000000000
 6 8.392846760823899 0.000000000000000
 7 9.302895450710936 0.000000000000000
 8 13.01806349544936 0.000000000000000
 9 13.50529255200928 0.000000000000000
 10 15.61463503825935 0.000000000000000
 11 17.36530103812997 0.000000000000000
 12 19.28333081530796 0.000000000000000

 spin=1 k-point=245/1284 Cartesian=0.03894808998566748 0.1798935219011741 0.01919091118446219 (1335 plane wave)
 1 1.401920775745350 0.001562499994815064
 2 1.407437472999273 0.001562499994520988
 3 5.666487373488469 1.419422267565254e-13
 4 5.846518802407213 2.345550895693691e-14
 5 7.238787375399043 0.000000000000000
 6 8.018889866503578 0.000000000000000
 7 8.506614548053385 0.000000000000000
 8 11.94138468674656 0.000000000000000
 9 14.08224677846051 0.000000000000000
 10 14.86174767321647 0.000000000000000
 11 19.17781241556144 0.000000000000000
 12 20.73831657234303 0.000000000000000

 spin=1 k-point=246/1284 Cartesian=0.05842213497850103 0.1911368670199974 0.01919091118446219 (1345 plane wave)
 1 1.109290079763504 0.001562499999722150
 2 2.293653891629872 0.001562461320183734
 3 5.360516142033783 3.026412438312915e-12
 4 5.962031914024241 7.388863924627053e-15
 5 6.656338013673516 0.000000000000000
 6 7.928327251893958 0.000000000000000
 7 9.021206054600993 0.000000000000000
 8 10.53666746359026 0.000000000000000
 9 12.63142935685263 0.000000000000000
 10 16.89709669955852 0.000000000000000
 11 20.78269928384601 0.000000000000000
 12 21.41262186830111 0.000000000000000

 spin=1 k-point=247/1284 Cartesian=0.07789617997133459 0.2023802121388208 0.01919091118446219 (1351 plane wave)
 1 0.9612026656218974 0.001562499999936834
 2 3.317325728502903 0.0009240542622145835
 3 4.460577674129214 2.450785861116344e-08
 4 5.465967024424278 1.054291337580867e-12
 5 7.291619502433029 0.000000000000000
 6 8.065521679182691 0.000000000000000
 7 9.069567662455453 0.000000000000000
 8 10.22675455236381 0.000000000000000
 9 11.32353876060479 0.000000000000000
 10 19.03738648396517 0.000000000000000
 11 20.76751964917655 0.000000000000000
 12 21.54767004715613 0.000000000000000

 spin=1 k-point=248/1284 Cartesian=0.09737022496416814 0.2136235572576441 0.01919091118446219 (1351 plane wave)
 1 0.9612026658686645 0.001562499999936834
 2 3.317325723356356 0.0009240542816465827
 3 4.460577690118268 2.450785469264977e-08
 4 5.465967014606145 1.054291441092621e-12
 5 7.291619436986736 0.000000000000000
 6 8.065521814336146 0.000000000000000
 7 9.069567559147304 0.000000000000000
 8 10.22675458963540 0.000000000000000
 9 11.32353875595553 0.000000000000000
 10 19.03738648000428 0.000000000000000
 11 20.76751967309655 0.000000000000000
 12 21.54767002389422 0.000000000000000

 spin=1 k-point=249/1284 Cartesian=0.1168442699570017 0.2248669023764674 0.01919091118446219 (1345 plane wave)
 1 1.109290080578015 0.001562499999722150
 2 2.293653889252397 0.001562461320184654
 3 5.360516185911015 3.026411110406886e-12
 4 5.962031872878248 7.388866964849919e-15
 5 6.656337962860568 0.000000000000000
 6 7.928327360182394 0.000000000000000
 7 9.021205977137996 0.000000000000000
 8 10.53666748258368 0.000000000000000
 9 12.63142935751611 0.000000000000000
 10 16.89709669877146 0.000000000000000
 11 20.78269926694258 0.000000000000000
 12 21.41262192244804 0.000000000000000

 spin=1 k-point=250/1284 Cartesian=0.1363183149498352 0.2361102474952907 0.01919091118446219 (1335 plane wave)
 1 1.401920774891365 0.001562499994815064
 2 1.407437474254051 0.001562499994520987
 3 5.666487374151322 1.419422258156567e-13
 4 5.846518803101112 2.345550879417921e-14
 5 7.238787370547970 0.000000000000000
 6 8.018889866556249 0.000000000000000
 7 8.506614549502620 0.000000000000000
 8 11.94138468784729 0.000000000000000
 9 14.08224678040926 0.000000000000000
 10 14.86174767291913 0.000000000000000
 11 19.17781241393137 0.000000000000000
 12 20.73831656962570 0.000000000000000

 spin=1 k-point=251/1284 Cartesian=0.1557923599426688 0.2473535926141141 0.01919091118446219 (1339 plane wave)
 1 0.6599362731175654 0.001562499999996930
 2 1.844992595162655 0.001562499564504907
 3 5.045312280191015 7.076873106478054e-11
 4 6.170471342322608 0.000000000000000
 5 7.352177892583219 0.000000000000000
 6 8.392846730688889 0.000000000000000
 7 9.302895476478724 0.000000000000000
 8 13.01806349702343 0.000000000000000
 9 13.50529255230933 0.000000000000000
 10 15.61463504015500 0.000000000000000
 11 17.36530103936688 0.000000000000000
 12 19.28333079569027 0.000000000000000

 spin=1 k-point=252/1284 Cartesian=-0.1363183149498344 0.07870341583176405 0.01919091118446219 (1339 plane wave)
 1 0.06241743677646210 0.001562500000000029
 2 2.423062382605186 0.001562358918518408
 3 4.476608573353538 2.087781511606162e-08
 4 6.428738337223514 0.000000000000000
 5 7.136993490600374 0.000000000000000
 6 9.054895593618209 0.000000000000000
 7 10.33577934203955 0.000000000000000
 8 11.87388175564083 0.000000000000000
 9 14.73819486918665 0.000000000000000
 10 15.98423184675808 0.000000000000000
 11 16.99388016456876 0.000000000000000
 12 18.10042385480781 0.000000000000000

 spin=1 k-point=253/1284 Cartesian=-0.1168442699570009 0.08994676095058739 0.01919091118446219 (1337 plane wave)
 1 -0.3864943150196526 0.001562500000000037
 2 3.102292429556451 0.001446151117939006
 3 4.089977027954949 9.966292491096059e-07
 4 6.173989473904226 0.000000000000000
 5 7.668005050053486 0.000000000000000
 6 9.174925021687438 0.000000000000000
 7 9.975886679780123 0.000000000000000
 8 13.16895298395327 0.000000000000000
 9 13.65697891528878 0.000000000000000
 10 15.76149006851104 0.000000000000000
 11 17.48957023356048 0.000000000000000
 12 19.11135757639923 0.000000000000000

 spin=1 k-point=254/1284 Cartesian=-0.09737022496416733 0.1011901060694107 0.01919091118446219 (1333 plane wave)
 1 -0.6860768857999121 0.001562500000000037
 2 3.516019319529841 0.0002587360470516759
 3 4.245936919350767 2.096172860068495e-07
 4 5.913899798680267 1.195674151768432e-14
 5 7.688128657069615 0.000000000000000
 6 8.702838243885234 0.000000000000000
 7 10.74423859438062 0.000000000000000
 8 12.27486659261882 0.000000000000000
 9 14.37402805021423 0.000000000000000
 10 15.14628227392442 0.000000000000000
 11 19.01913668741199 0.000000000000000
 12 19.67513060314260 0.000000000000000

 spin=1 k-point=255/1284 Cartesian=-0.07789617997133380 0.1124334511882341 0.01919091118446219 (1335 plane wave)
 1 -0.8359510632591782 0.001562500000000037
 2 3.464919740024176 0.0003884043981615791
 3 5.071795878845391 5.430309430258509e-11
 4 5.778261832384095 4.641744035215275e-14
 5 6.564326281255471 0.000000000000000
 6 9.640156736923783 0.000000000000000
 7 10.76310718726691 0.000000000000000
 8 11.97222035789604 0.000000000000000
 9 13.07716920471301 0.000000000000000
 10 17.26516002788166 0.000000000000000
 11 19.01120645952551 0.000000000000000
 12 19.81692992793603 0.000000000000000

 spin=1 k-point=256/1284 Cartesian=-0.05842213497850025 0.1236767963070574 0.01919091118446219 (1335 plane wave)
 1 -0.8359510632156385 0.001562500000000037
 2 3.464919733356676 0.0003884044176210345
 3 5.071795930966505 5.430306599920872e-11
 4 5.778261764716738 4.641747176162598e-14
 5 6.564326296299908 0.000000000000000
 6 9.640156786045988 0.000000000000000
 7 10.76310711395442 0.000000000000000
 8 11.97222039655540 0.000000000000000
 9 13.07716919805292 0.000000000000000
 10 17.26516002293950 0.000000000000000
 11 19.01120648281029 0.000000000000000
 12 19.81692990692359 0.000000000000000

 spin=1 k-point=257/1284 Cartesian=-0.03894808998566670 0.1349201414258807 0.01919091118446219 (1333 plane wave)
 1 -0.6860768856607917 0.001562500000000037
 2 3.516019286861426 0.0002587361175800863
 3 4.245936982126278 2.096171544361906e-07
 4 5.913899751120070 1.195674720433680e-14
 5 7.688128634710695 0.000000000000000
 6 8.702838320130308 0.000000000000000
 7 10.74423853651672 0.000000000000000
 8 12.27486661624789 0.000000000000000
 9 14.37402804786498 0.000000000000000
 10 15.14628227371062 0.000000000000000
 11 19.01913666447113 0.000000000000000
 12 19.67513064748606 0.000000000000000

 spin=1 k-point=258/1284 Cartesian=-0.01947404499283316 0.1461634865447041 0.01919091118446219 (1337 plane wave)
 1 -0.3864943147575686 0.001562500000000037
 2 3.102292407700730 0.001446151141474378
 3 4.089977074006463 9.966287904394747e-07
 4 6.173989418342564 0.000000000000000
 5 7.668005071193182 0.000000000000000
 6 9.174925080830423 0.000000000000000
 7 9.975886632041778 0.000000000000000
 8 13.16895297628451 0.000000000000000
 9 13.65697891723622 0.000000000000000
 10 15.76149007343935 0.000000000000000
 11 17.48957022037198 0.000000000000000
 12 19.11135762987415 0.000000000000000

 spin=1 k-point=259/1284 Cartesian=0.000000000000000 0.1798935219011738 0.01919091118446219 (1340 plane wave)
 1 1.179261128146261 0.001562499999440604
 2 1.180707754765275 0.001562499999432453
 3 5.478108703682099 9.337486400700519e-13
 4 5.626134765913129 2.125009152787805e-13
 5 7.817538498748342 0.000000000000000
 6 7.869000857119206 0.000000000000000
 7 10.25994862911073 0.000000000000000
 8 11.78952826836559 0.000000000000000
 9 14.66244281138345 0.000000000000000
 10 15.91254646663234 0.000000000000000
 11 16.91828824081482 0.000000000000000
 12 18.08537171859441 0.000000000000000

 spin=1 k-point=260/1284 Cartesian=0.01947404499283394 0.1911368670199974 0.01919091118446219 (1339 plane wave)
 1 0.6599362731044479 0.001562499999996930
 2 1.844992594607751 0.001562499564504909
 3 5.045312278217751 7.076873246123503e-11
 4 6.170471347217367 0.000000000000000
 5 7.352177891289619 0.000000000000000
 6 8.392846733545506 0.000000000000000
 7 9.302895473274337 0.000000000000000
 8 13.01806349733932 0.000000000000000
 9 13.50529255148904 0.000000000000000
 10 15.61463503668259 0.000000000000000
 11 17.36530104158545 0.000000000000000
 12 19.28333079623087 0.000000000000000

 spin=1 k-point=261/1284 Cartesian=0.03894808998566748 0.2023802121388207 0.01919091118446219 (1339 plane wave)
 1 0.2874270095157078 0.001562499999999962
 2 2.647567820326132 0.001561169073394174
 3 4.688773108753682 2.501906407866428e-09
 4 6.638748352591627 0.000000000000000
 5 7.046624773806155 0.000000000000000
 6 7.872579456513574 0.000000000000000
 7 9.417603573064779 0.000000000000000
 8 12.02222171514214 0.000000000000000
 9 14.15536182829710 0.000000000000000
 10 14.93326422472352 0.000000000000000
 11 19.20886025370613 0.000000000000000
 12 20.16381584139661 0.000000000000000

 spin=1 k-point=262/1284 Cartesian=0.05842213497850103 0.2136235572576441 0.01919091118446219 (1341 plane wave)
 1 0.06358636656805290 0.001562500000000029
 2 3.549719355333086 0.0001938997122855141
 3 4.505670767314422 1.561244693511675e-08
 4 5.974201746961399 6.542213949124385e-15
 5 6.738728379897011 0.000000000000000
 6 8.244530843448869 0.000000000000000
 7 10.11934253486727 0.000000000000000
 8 10.85781777984663 0.000000000000000
 9 12.77999098107997 0.000000000000000
 10 17.02765526504253 0.000000000000000
 11 19.90332032186774 0.000000000000000
 12 21.31732403364699 0.000000000000000

 spin=1 k-point=263/1284 Cartesian=0.07789617997133459 0.2248669023764674 0.01919091118446219 (1351 plane wave)
 1 -0.01107664588641738 0.001562500000000033
 2 4.097056082352342 9.285570908013235e-07
 3 4.804607590630703 7.856129799865551e-10
 4 4.974109278467851 1.442355022723555e-10
 5 6.658449501750060 0.000000000000000
 6 9.134720751574182 0.000000000000000
 7 9.406647488936446 0.000000000000000
 8 11.54897972747408 0.000000000000000
 9 11.56640223314085 0.000000000000000
 10 18.89195858721867 0.000000000000000
 11 19.55352308972858 0.000000000000000
 12 20.11392108103459 0.000000000000000

 spin=1 k-point=264/1284 Cartesian=0.09737022496416814 0.2361102474952907 0.01919091118446219 (1341 plane wave)
 1 0.06358636683277130 0.001562500000000029
 2 3.549719336934233 0.0001938997435336888
 3 4.505670817069850 1.561243916715465e-08
 4 5.974201696830997 6.542217228764142e-15
 5 6.738728359314774 0.000000000000000
 6 8.244530928209819 0.000000000000000
 7 10.11934241925617 0.000000000000000
 8 10.85781785205843 0.000000000000000
 9 12.77999097985326 0.000000000000000
 10 17.02765526274142 0.000000000000000
 11 19.90332032920314 0.000000000000000
 12 21.31732404642113 0.000000000000000

 spin=1 k-point=265/1284 Cartesian=0.1168442699570017 0.2473535926141141 0.01919091118446219 (1339 plane wave)
 1 0.2874270101005753 0.001562499999999962
 2 2.647567814351914 0.001561169073473619
 3 4.688773140444915 2.501905614982653e-09
 4 6.638748259646920 0.000000000000000
 5 7.046624755459924 0.000000000000000
 6 7.872579589813820 0.000000000000000
 7 9.417603515138374 0.000000000000000
 8 12.02222172482323 0.000000000000000
 9 14.15536182952277 0.000000000000000
 10 14.93326422445814 0.000000000000000
 11 19.20886023256348 0.000000000000000
 12 20.16381589681690 0.000000000000000

 spin=1 k-point=266/1284 Cartesian=0.1363183149498352 0.2585969377329374 0.01919091118446219 (1339 plane wave)
 1 0.6599362741483431 0.001562499999996930
 2 1.844992591982904 0.001562499564504921
 3 5.045312307559604 7.076871169637603e-11
 4 6.170471289304805 0.000000000000000
 5 7.352177915193350 0.000000000000000
 6 8.392846758085083 0.000000000000000
 7 9.302895453711002 0.000000000000000
 8 13.01806349453297 0.000000000000000
 9 13.50529255364709 0.000000000000000
 10 15.61463504161793 0.000000000000000
 11 17.36530103592744 0.000000000000000
 12 19.28333081333873 0.000000000000000

 spin=1 k-point=267/1284 Cartesian=0.1557923599426688 0.2698402828517608 0.01919091118446219 (1340 plane wave)
 1 1.179261127365084 0.001562499999440604
 2 1.180707756020561 0.001562499999432453
 3 5.478108703092488 9.337486455755353e-13
 4 5.626134766599487 2.125009138202651e-13
 5 7.817538498898529 0.000000000000000
 6 7.869000853773333 0.000000000000000
 7 10.25994863155455 0.000000000000000
 8 11.78952826694078 0.000000000000000
 9 14.66244281411773 0.000000000000000
 10 15.91254646567343 0.000000000000000
 11 16.91828824288351 0.000000000000000
 12 18.08537171762973 0.000000000000000

 spin=1 k-point=268/1284 Cartesian=0.1363183149498352 0.2585969377329374 -0.01919091118446170 (1339 plane wave)
 1 0.6599362731246106 0.001562499999996930
 2 1.844992595150293 0.001562499564504907
 3 5.045312280203796 7.076873105573592e-11
 4 6.170471342203789 0.000000000000000
 5 7.352177892806978 0.000000000000000
 6 8.392846732088037 0.000000000000000
 7 9.302895474474150 0.000000000000000
 8 13.01806349668625 0.000000000000000
 9 13.50529255391184 0.000000000000000
 10 15.61463503835251 0.000000000000000
 11 17.36530104083192 0.000000000000000
 12 19.28333079517357 0.000000000000000

 spin=1 k-point=269/1284 Cartesian=0.1168442699570017 0.2473535926141141 -0.01919091118446170 (1339 plane wave)
 1 0.2874270094860953 0.001562499999999962
 2 2.647567821172649 0.001561169073382917
 3 4.688773109944727 2.501906378067623e-09
 4 6.638748343468981 0.000000000000000
 5 7.046624776170887 0.000000000000000
 6 7.872579461397999 0.000000000000000
 7 9.417603571098098 0.000000000000000
 8 12.02222171759711 0.000000000000000
 9 14.15536182965100 0.000000000000000
 10 14.93326422405569 0.000000000000000
 11 19.20886025371027 0.000000000000000
 12 20.16381583697241 0.000000000000000

 spin=1 k-point=270/1284 Cartesian=0.09737022496416814 0.2361102474952907 -0.01919091118446170 (1341 plane wave)
 1 0.06358636649281614 0.001562500000000029
 2 3.549719357051592 0.0001938997093668437
 3 4.505670767286967 1.561244693940319e-08
 4 5.974201745894392 6.542214018930228e-15
 5 6.738728375399463 0.000000000000000
 6 8.244530846426080 0.000000000000000
 7 10.11934253508296 0.000000000000000
 8 10.85781778103878 0.000000000000000
 9 12.77999098201290 0.000000000000000
 10 17.02765526457415 0.000000000000000
 11 19.90332031862640 0.000000000000000
 12 21.31732403282918 0.000000000000000

 spin=1 k-point=271/1284 Cartesian=0.07789617997133459 0.2248669023764674 -0.01919091118446170 (1351 plane wave)
 1 -0.01107664600518780 0.001562500000000033
 2 4.097056084156883 9.285570740550884e-07
 3 4.804607590837587 7.856129783612558e-10
 4 4.974109278355582 1.442355024342871e-10
 5 6.658449496508960 0.000000000000000
 6 9.134720750836170 0.000000000000000
 7 9.406647494953310 0.000000000000000
 8 11.54897972499057 0.000000000000000
 9 11.56640223487375 0.000000000000000
 10 18.89195858770373 0.000000000000000
 11 19.55352308793110 0.000000000000000
 12 20.11392107674461 0.000000000000000

 spin=1 k-point=272/1284 Cartesian=0.05842213497850103 0.2136235572576441 -0.01919091118446170 (1341 plane wave)
 1 0.06358636666691446 0.001562500000000029
 2 3.549719336332689 0.0001938997445553365
 3 4.505670819984593 1.561243871209673e-08
 4 5.974201697427950 6.542217189710141e-15
 5 6.738728351340185 0.000000000000000
 6 8.244530933848051 0.000000000000000
 7 10.11934242018512 0.000000000000000
 8 10.85781785296232 0.000000000000000
 9 12.77999097846914 0.000000000000000
 10 17.02765526242506 0.000000000000000
 11 19.90332032612808 0.000000000000000
 12 21.31732404448745 0.000000000000000

 spin=1 k-point=273/1284 Cartesian=0.03894808998566748 0.2023802121388207 -0.01919091118446170 (1339 plane wave)
 1 0.2874270098806835 0.001562499999999962
 2 2.647567814012926 0.001561169073478127
 3 4.688773143070800 2.501905549285570e-09
 4 6.638748248881022 0.000000000000000
 5 7.046624761492001 0.000000000000000
 6 7.872579593377935 0.000000000000000
 7 9.417603515607269 0.000000000000000
 8 12.02222172535269 0.000000000000000
 9 14.15536182826217 0.000000000000000
 10 14.93326422406406 0.000000000000000
 11 19.20886023314656 0.000000000000000
 12 20.16381589179725 0.000000000000000

 spin=1 k-point=274/1284 Cartesian=-0.01947404499283316 0.1686501767823507 0.01919091118446219 (1339 plane wave)
 1 0.6599362738602114 0.001562499999996930
 2 1.844992591801568 0.001562499564504922
 3 5.045312310303729 7.076870975439454e-11
 4 6.170471282775682 0.000000000000000
 5 7.352177921528459 0.000000000000000
 6 8.392846757920671 0.000000000000000
 7 9.302895453109425 0.000000000000000
 8 13.01806349461643 0.000000000000000
 9 13.50529255344506 0.000000000000000
 10 15.61463503982740 0.000000000000000
 11 17.36530103626190 0.000000000000000
 12 19.28333081157545 0.000000000000000

 spin=1 k-point=275/1284 Cartesian=0.000000000000000 0.1574068316635272 -0.01919091118446170 (1339 plane wave)
 1 0.06241743676705448 0.001562500000000029
 2 2.423062381736356 0.001562358918519633
 3 4.476608572291811 2.087781533772411e-08
 4 6.428738345853744 0.000000000000000
 5 7.136993484724623 0.000000000000000
 6 9.054895595203867 0.000000000000000
 7 10.33577933957758 0.000000000000000
 8 11.87388175676710 0.000000000000000
 9 14.73819486650636 0.000000000000000
 10 15.98423184805448 0.000000000000000
 11 16.99388016240119 0.000000000000000
 12 18.10042385409970 0.000000000000000

 spin=1 k-point=276/1284 Cartesian=-0.01947404499283316 0.1461634865447041 -0.01919091118446170 (1337 plane wave)
 1 -0.3864943149959492 0.001562500000000037
 2 3.102292427779209 0.001446151119852833
 3 4.089977028006470 9.966292485964564e-07
 4 6.173989479119665 0.000000000000000
 5 7.668005048113855 0.000000000000000
 6 9.174925020158247 0.000000000000000
 7 9.975886680704120 0.000000000000000
 8 13.16895298426340 0.000000000000000
 9 13.65697891311214 0.000000000000000
 10 15.76149006651374 0.000000000000000
 11 17.48957023409874 0.000000000000000
 12 19.11135757858116 0.000000000000000

 spin=1 k-point=277/1284 Cartesian=-0.03894808998566670 0.1349201414258807 -0.01919091118446170 (1333 plane wave)
 1 -0.6860768857467291 0.001562500000000037
 2 3.516019316612132 0.0002587360533507678
 3 4.245936920543450 2.096172835071145e-07
 4 5.913899803100765 1.195674098913663e-14
 5 7.688128656370533 0.000000000000000
 6 8.702838242159984 0.000000000000000
 7 10.74423859549940 0.000000000000000
 8 12.27486659053775 0.000000000000000
 9 14.37402804811405 0.000000000000000
 10 15.14628227465584 0.000000000000000
 11 19.01913668910202 0.000000000000000
 12 19.67513060692718 0.000000000000000

 spin=1 k-point=278/1284 Cartesian=-0.05842213497850025 0.1236767963070574 -0.01919091118446170 (1335 plane wave)
 1 -0.8359510631771924 0.001562500000000037
 2 3.464919738147220 0.0003884044036395750
 3 5.071795878895716 5.430309427525712e-11
 4 5.778261836886514 4.641743826224512e-14
 5 6.564326280033907 0.000000000000000
 6 9.640156736588711 0.000000000000000
 7 10.76310718502990 0.000000000000000
 8 11.97222035853639 0.000000000000000
 9 13.07716920325468 0.000000000000000
 10 17.26516002809361 0.000000000000000
 11 19.01120646279445 0.000000000000000
 12 19.81692993001063 0.000000000000000

 spin=1 k-point=279/1284 Cartesian=-0.07789617997133380 0.1124334511882341 -0.01919091118446170 (1335 plane wave)
 1 -0.8359510631039193 0.001562500000000037
 2 3.464919731994868 0.0003884044215955459
 3 5.071795932684873 5.430306506608225e-11
 4 5.778261763522735 4.641747231585221e-14
 5 6.564326298879027 0.000000000000000
 6 9.640156783882578 0.000000000000000
 7 10.76310711319816 0.000000000000000
 8 11.97222039512554 0.000000000000000
 9 13.07716919902317 0.000000000000000
 10 17.26516002281574 0.000000000000000
 11 19.01120648658996 0.000000000000000
 12 19.81692990886259 0.000000000000000

 spin=1 k-point=280/1284 Cartesian=-0.09737022496416733 0.1011901060694107 -0.01919091118446170 (1333 plane wave)
 1 -0.6860768855165960 0.001562500000000037
 2 3.516019286446017 0.0002587361184769212
 3 4.245936981496221 2.096171557567204e-07
 4 5.913899753151131 1.195674696148799e-14
 5 7.688128636267820 0.000000000000000
 6 8.702838316745042 0.000000000000000
 7 10.74423853548889 0.000000000000000
 8 12.27486661582050 0.000000000000000
 9 14.37402804860871 0.000000000000000
 10 15.14628227408598 0.000000000000000
 11 19.01913666562437 0.000000000000000
 12 19.67513065208706 0.000000000000000

 spin=1 k-point=281/1284 Cartesian=0.1168442699570017 -0.08994676095058601 0.01919091118446219 (1337 plane wave)
 1 -0.3864943145754040 0.001562500000000037
 2 3.102292408306963 0.001446151140821556
 3 4.089977071937464 9.966288110465687e-07
 4 6.173989423267370 0.000000000000000
 5 7.668005066220283 0.000000000000000
 6 9.174925081500648 0.000000000000000
 7 9.975886630918808 0.000000000000000
 8 13.16895297598801 0.000000000000000
 9 13.65697891762009 0.000000000000000
 10 15.76149007501631 0.000000000000000
 11 17.48957021983772 0.000000000000000
 12 19.11135763274572 0.000000000000000

 spin=1 k-point=282/1284 Cartesian=0.1363183149498352 -0.07870341583176267 0.01919091118446219 (1339 plane wave)
 1 0.06241743744878955 0.001562500000000029
 2 2.423062375598016 0.001562358918528293
 3 4.476608601931065 2.087780914977749e-08
 4 6.428738249100109 0.000000000000000
 5 7.136993558784305 0.000000000000000
 6 9.054895599134825 0.000000000000000
 7 10.33577934202510 0.000000000000000
 8 11.87388174383965 0.000000000000000
 9 14.73819486914810 0.000000000000000
 10 15.98423184340098 0.000000000000000
 11 16.99388016463588 0.000000000000000
 12 18.10042387787929 0.000000000000000

 spin=1 k-point=283/1284 Cartesian=0.1557923599426688 0.2473535926141141 -0.01919091118446170 (1339 plane wave)
 1 0.6599362741479624 0.001562499999996930
 2 1.844992592004378 0.001562499564504921
 3 5.045312307338341 7.076871185296124e-11
 4 6.170471289305213 0.000000000000000
 5 7.352177915353763 0.000000000000000
 6 8.392846758622907 0.000000000000000
 7 9.302895453079488 0.000000000000000
 8 13.01806349447800 0.000000000000000
 9 13.50529255475679 0.000000000000000
 10 15.61463503964668 0.000000000000000
 11 17.36530103726115 0.000000000000000
 12 19.28333081328038 0.000000000000000

 spin=1 k-point=284/1284 Cartesian=0.1363183149498352 0.2361102474952907 -0.01919091118446170 (1335 plane wave)
 1 1.401920774926911 0.001562499994815064
 2 1.407437474238432 0.001562499994520987
 3 5.666487372923492 1.419422275584663e-13
 4 5.846518803540979 2.345550869100629e-14
 5 7.238787373968445 0.000000000000000
 6 8.018889865204518 0.000000000000000
 7 8.506614547377891 0.000000000000000
 8 11.94138468977083 0.000000000000000
 9 14.08224677922355 0.000000000000000
 10 14.86174767250055 0.000000000000000
 11 19.17781241504481 0.000000000000000
 12 20.73831656938294 0.000000000000000

 spin=1 k-point=285/1284 Cartesian=0.1168442699570017 0.2248669023764674 -0.01919091118446170 (1345 plane wave)
 1 1.109290079717577 0.001562499999722150
 2 2.293653892158559 0.001562461320183529
 3 5.360516142390850 3.026412427506609e-12
 4 5.962031916729693 7.388863724724873e-15
 5 6.656338007301648 0.000000000000000
 6 7.928327253844012 0.000000000000000
 7 9.021206052308424 0.000000000000000
 8 10.53666746723800 0.000000000000000
 9 12.63142935730633 0.000000000000000
 10 16.89709669881843 0.000000000000000
 11 20.78269928166049 0.000000000000000
 12 21.41262186578579 0.000000000000000

 spin=1 k-point=286/1284 Cartesian=0.09737022496416814 0.2136235572576441 -0.01919091118446170 (1351 plane wave)
 1 0.9612026655084561 0.001562499999936834
 2 3.317325729310611 0.0009240542591648929
 3 4.460577673383101 2.450785879401720e-08
 4 5.465967027235113 1.054291307946466e-12
 5 7.291619491984066 0.000000000000000
 6 8.065521681738101 0.000000000000000
 7 9.069567670040561 0.000000000000000
 8 10.22675455037446 0.000000000000000
 9 11.32353876084943 0.000000000000000
 10 19.03738648328660 0.000000000000000
 11 20.76751964627922 0.000000000000000
 12 21.54767004427741 0.000000000000000

 spin=1 k-point=287/1284 Cartesian=0.07789617997133459 0.2023802121388208 -0.01919091118446170 (1351 plane wave)
 1 0.9612026656851043 0.001562499999936834
 2 3.317325723015887 0.0009240542829321027
 3 4.460577691700621 2.450785430485502e-08
 4 5.465967016329506 1.054291422923366e-12
 5 7.291619424284248 0.000000000000000
 6 8.065521821327401 0.000000000000000
 7 9.069567564674850 0.000000000000000
 8 10.22675458954059 0.000000000000000
 9 11.32353875398474 0.000000000000000
 10 19.03738647944500 0.000000000000000
 11 20.76751967043131 0.000000000000000
 12 21.54767002114414 0.000000000000000

 spin=1 k-point=288/1284 Cartesian=0.05842213497850103 0.1911368670199974 -0.01919091118446170 (1345 plane wave)
 1 1.109290080314704 0.001562499999722150
 2 2.293653889053792 0.001562461320184730
 3 5.360516189763329 3.026410993820007e-12
 4 5.962031873136158 7.388866945793244e-15
 5 6.656337955258148 0.000000000000000
 6 7.928327364209017 0.000000000000000
 7 9.021205977592640 0.000000000000000
 8 10.53666748424028 0.000000000000000
 9 12.63142935570750 0.000000000000000
 10 16.89709669815682 0.000000000000000
 11 20.78269926646845 0.000000000000000
 12 21.41262191873468 0.000000000000000

 spin=1 k-point=289/1284 Cartesian=0.03894808998566748 0.1798935219011741 -0.01919091118446170 (1335 plane wave)
 1 1.401920775677823 0.001562499994815064
 2 1.407437472981183 0.001562499994520988
 3 5.666487375343729 1.419422241231279e-13
 4 5.846518802908430 2.345550883937387e-14
 5 7.238787370801570 0.000000000000000
 6 8.018889865173470 0.000000000000000
 7 8.506614550983604 0.000000000000000
 8 11.94138468874220 0.000000000000000
 9 14.08224677867591 0.000000000000000
 10 14.86174767248017 0.000000000000000
 11 19.17781241401580 0.000000000000000
 12 20.73831656487332 0.000000000000000

 spin=1 k-point=290/1284 Cartesian=0.01947404499283394 0.1686501767823507 -0.01919091118446170 (1339 plane wave)
 1 0.6599362730689141 0.001562499999996930
 2 1.844992594612941 0.001562499564504909
 3 5.045312278403724 7.076873232962467e-11
 4 6.170471347820270 0.000000000000000
 5 7.352177889942235 0.000000000000000
 6 8.392846732104918 0.000000000000000
 7 9.302895475509221 0.000000000000000
 8 13.01806349688981 0.000000000000000
 9 13.50529255236084 0.000000000000000
 10 15.61463503818905 0.000000000000000
 11 17.36530103968997 0.000000000000000
 12 19.28333079180387 0.000000000000000

 spin=1 k-point=291/1284 Cartesian=0.000000000000000 0.1349201414258805 -0.01919091118446170 (1334 plane wave)
 1 -0.9113753760615546 0.001562500000000037
 2 3.294783662830008 0.001007104725845597
 3 4.024731083367716 1.912662696785004e-06
 4 5.725160861276157 7.893976548370230e-14
 5 8.328741487659457 0.000000000000000
 6 10.39934393210261 0.000000000000000
 7 10.56324977206008 0.000000000000000
 8 12.14181773462044 0.000000000000000
 9 14.96542105531239 0.000000000000000
 10 16.19704680122565 0.000000000000000
 11 17.22057991018367 0.000000000000000
 12 18.07686267387395 0.000000000000000

 spin=1 k-point=292/1284 Cartesian=-0.01947404499283316 0.1236767963070574 -0.01919091118446170 (1334 plane wave)
 1 -1.286615964512466 0.001562500000000037
 2 3.028918437637127 0.001504390151574225
 3 4.626654066710313 4.656398047844926e-09
 4 5.477282175710728 9.414983181668118e-13
 5 9.019207724810890 0.000000000000000
 6 9.648983551337706 0.000000000000000
 7 11.33349831796023 0.000000000000000
 8 13.47390179721019 0.000000000000000
 9 13.96171536877054 0.000000000000000
 10 16.05234880199723 0.000000000000000
 11 17.69784558802281 0.000000000000000
 12 18.62226541126403 0.000000000000000

 spin=1 k-point=293/1284 Cartesian=-0.03894808998566670 0.1124334511882340 -0.01919091118446170 (1333 plane wave)
 1 -1.511876792319459 0.001562500000000037
 2 2.825668037822097 0.001554632954835835
 3 4.917109934098987 2.550452316798761e-10
 4 5.903732551554922 1.323636226300344e-14
 5 8.126668811107864 0.000000000000000
 6 10.17593388521663 0.000000000000000
 7 12.10936604912921 0.000000000000000
 8 12.80821661057448 0.000000000000000
 9 14.73574222818056 0.000000000000000
 10 15.49401283947220 0.000000000000000
 11 18.34921622290337 0.000000000000000
 12 19.74938894313285 0.000000000000000

 spin=1 k-point=294/1284 Cartesian=-0.05842213497850025 0.1011901060694107 -0.01919091118446170 (1330 plane wave)
 1 -1.586981945970034 0.001562500000000037
 2 2.755562596964347 0.001558587531663992
 3 4.904721621231431 2.886815120688641e-10
 4 6.836233649262682 0.000000000000000
 5 7.009432043366288 0.000000000000000
 6 11.14874539019826 0.000000000000000
 7 11.35665202145058 0.000000000000000
 8 13.48652538814159 0.000000000000000
 9 13.55922391041252 0.000000000000000
 10 17.30007000600769 0.000000000000000
 11 18.05429289474257 0.000000000000000
 12 18.55982060911454 0.000000000000000

 spin=1 k-point=295/1284 Cartesian=-0.07789617997133380 0.08994676095058737 -0.01919091118446170 (1333 plane wave)
 1 -1.511876792230754 0.001562500000000037
 2 2.825668034227486 0.001554632955117201
 3 4.917109962060555 2.550451603652378e-10
 4 5.903732518549683 1.323636663169835e-14
 5 8.126668809295916 0.000000000000000
 6 10.17593392560358 0.000000000000000
 7 12.10936595651579 0.000000000000000
 8 12.80821667534185 0.000000000000000
 9 14.73574222786300 0.000000000000000
 10 15.49401283764809 0.000000000000000
 11 18.34921622660888 0.000000000000000
 12 19.74938895739586 0.000000000000000

 spin=1 k-point=296/1284 Cartesian=0.09737022496416814 -0.07870341583176266 0.01919091118446219 (1334 plane wave)
 1 -1.286615964326645 0.001562500000000037
 2 3.028918427186478 0.001504390157421231
 3 4.626654124882302 4.656395339133763e-09
 4 5.477282117395203 9.414988672068044e-13
 5 9.019207697214012 0.000000000000000
 6 9.648983616778009 0.000000000000000
 7 11.33349829131106 0.000000000000000
 8 13.47390177860944 0.000000000000000
 9 13.96171537758686 0.000000000000000
 10 16.05234881596179 0.000000000000000
 11 17.69784555748329 0.000000000000000
 12 18.62226547187764 0.000000000000000

 spin=1 k-point=297/1284 Cartesian=0.1168442699570017 -0.06746007071293933 0.01919091118446219 (1334 plane wave)
 1 -0.9113753757591634 0.001562500000000037
 2 3.294783630714262 0.001007104840813044
 3 4.024731145310015 1.912661513488093e-06
 4 5.725160815220836 7.893980183968258e-14
 5 8.328741499137804 0.000000000000000
 6 10.39934395890056 0.000000000000000
 7 10.56324977450798 0.000000000000000
 8 12.14181770067930 0.000000000000000
 9 14.96542105784436 0.000000000000000
 10 16.19704679127322 0.000000000000000
 11 17.22057991260954 0.000000000000000
 12 18.07686273208028 0.000000000000000

 spin=1 k-point=298/1284 Cartesian=0.1363183149498352 -0.05621672559411599 0.01919091118446219 (1337 plane wave)
 1 -0.3864943145732046 0.001562500000000037
 2 3.102292408394785 0.001446151140726984
 3 4.089977071732775 9.966288130852648e-07
 4 6.173989423199619 0.000000000000000
 5 7.668005065722643 0.000000000000000
 6 9.174925082620494 0.000000000000000
 7 9.975886630692690 0.000000000000000
 8 13.16895297622161 0.000000000000000
 9 13.65697891823478 0.000000000000000
 10 15.76149007286924 0.000000000000000
 11 17.48957022104070 0.000000000000000
 12 19.11135763361004 0.000000000000000

 spin=1 k-point=299/1284 Cartesian=0.1557923599426688 0.2248669023764674 -0.01919091118446170 (1339 plane wave)
 1 0.2874270101061159 0.001562499999999962
 2 2.647567814444655 0.001561169073472386
 3 4.688773139964383 2.501905627005088e-09
 4 6.638748260283582 0.000000000000000
 5 7.046624754181624 0.000000000000000
 6 7.872579590558169 0.000000000000000
 7 9.417603515767075 0.000000000000000
 8 12.02222172557582 0.000000000000000
 9 14.15536182807121 0.000000000000000
 10 14.93326422456313 0.000000000000000
 11 19.20886023291146 0.000000000000000
 12 20.16381589889539 0.000000000000000

 spin=1 k-point=300/1284 Cartesian=0.1363183149498352 0.2136235572576441 -0.01919091118446170 (1345 plane wave)
 1 1.109290080586190 0.001562499999722150
 2 2.293653889341827 0.001562461320184619
 3 5.360516184000792 3.026411168218122e-12
 4 5.962031873579584 7.388866913029014e-15
 5 6.656337965756122 0.000000000000000
 6 7.928327356217865 0.000000000000000
 7 9.021205979245737 0.000000000000000
 8 10.53666748403114 0.000000000000000
 9 12.63142935605454 0.000000000000000
 10 16.89709669850359 0.000000000000000
 11 20.78269926819034 0.000000000000000
 12 21.41262192627390 0.000000000000000

 spin=1 k-point=301/1284 Cartesian=0.1168442699570017 0.2023802121388207 -0.01919091118446170 (1349 plane wave)
 1 2.066663264599164 0.001562496003442828
 2 2.087285894022127 0.001562495088108784
 3 4.420021411272376 3.676508835561440e-08
 4 6.472207779191540 0.000000000000000
 5 6.497670707969433 0.000000000000000
 6 8.308427105716486 0.000000000000000
 7 8.976700577982195 0.000000000000000
 8 9.439714681793687 0.000000000000000
 9 11.24637421335769 0.000000000000000
 10 18.99517035723039 0.000000000000000
 11 21.67902240131232 0.000000000000000
 12 22.14171484611461 0.000000000000000

 spin=1 k-point=302/1284 Cartesian=0.09737022496416814 0.1911368670199974 -0.01919091118446170 (1351 plane wave)
 1 2.004048574056542 0.001562497863246958
 2 3.152167976148505 0.001379713450387530
 3 3.221353269724105 0.001235548627205596
 4 6.418330290006112 0.000000000000000
 5 7.440354578934299 0.000000000000000
 6 7.566239498188412 0.000000000000000
 7 8.987236782640624 0.000000000000000
 8 10.01046597962305 0.000000000000000
 9 10.05136097683472 0.000000000000000
 10 20.93661952830562 0.000000000000000
 11 21.31452439063600 0.000000000000000
 12 22.02688345933958 0.000000000000000

 spin=1 k-point=303/1284 Cartesian=0.07789617997133459 0.1798935219011741 -0.01919091118446170 (1349 plane wave)
 1 2.066663265340789 0.001562496003442798
 2 2.087285892756328 0.001562495088108846
 3 4.420021412778037 3.676508780207009e-08
 4 6.472207777240822 0.000000000000000
 5 6.497670707463334 0.000000000000000
 6 8.308427107076735 0.000000000000000
 7 8.976700581269002 0.000000000000000
 8 9.439714679741936 0.000000000000000
 9 11.24637421234916 0.000000000000000
 10 18.99517035713967 0.000000000000000
 11 21.67902240161994 0.000000000000000
 12 22.14171484473169 0.000000000000000

 spin=1 k-point=304/1284 Cartesian=0.05842213497850103 0.1686501767823507 -0.01919091118446170 (1345 plane wave)
 1 1.109290079640733 0.001562499999722150
 2 2.293653891668185 0.001562461320183719
 3 5.360516144793730 3.026412354785518e-12
 4 5.962031911546556 7.388864107699874e-15
 5 6.656338012615462 0.000000000000000
 6 7.928327248945507 0.000000000000000
 7 9.021206058899955 0.000000000000000
 8 10.53666746464889 0.000000000000000
 9 12.63142935610207 0.000000000000000
 10 16.89709669904784 0.000000000000000
 11 20.78269927937123 0.000000000000000
 12 21.41262187206931 0.000000000000000

 spin=1 k-point=305/1284 Cartesian=0.03894808998566748 0.1574068316635274 -0.01919091118446170 (1339 plane wave)
 1 0.2874270094504527 0.001562499999999962
 2 2.647567820376627 0.001561169073393503
 3 4.688773109129680 2.501906398459323e-09
 4 6.638748350587911 0.000000000000000
 5 7.046624775138979 0.000000000000000
 6 7.872579454833119 0.000000000000000
 7 9.417603575774168 0.000000000000000
 8 12.02222171569742 0.000000000000000
 9 14.15536182840631 0.000000000000000
 10 14.93326422449705 0.000000000000000
 11 19.20886025100794 0.000000000000000
 12 20.16381583886794 0.000000000000000

 spin=1 k-point=306/1284 Cartesian=0.01947404499283394 0.1461634865447040 -0.01919091118446170 (1337 plane wave)
 1 -0.3864943150250784 0.001562500000000037
 2 3.102292427836705 0.001446151119790917
 3 4.089977028098123 9.966292476835950e-07
 4 6.173989478135853 0.000000000000000
 5 7.668005049403333 0.000000000000000
 6 9.174925017320515 0.000000000000000
 7 9.975886683742763 0.000000000000000
 8 13.16895298413641 0.000000000000000
 9 13.65697891344608 0.000000000000000
 10 15.76149006809577 0.000000000000000
 11 17.48957023214412 0.000000000000000
 12 19.11135757221050 0.000000000000000

 spin=1 k-point=307/1284 Cartesian=0.000000000000000 0.1124334511882338 -0.01919091118446170 (1333 plane wave)
 1 -1.737408119377060 0.001562500000000037
 2 2.604288825783158 0.001561636373912717
 3 4.701408386005301 2.204940205857281e-09
 4 5.694842021446539 1.068978357175384e-13
 5 9.856978122798859 0.000000000000000
 6 10.94228532318295 0.000000000000000
 7 11.74596604609459 0.000000000000000
 8 12.70551671916845 0.000000000000000
 9 15.34402083074549 0.000000000000000
 10 16.53846815347905 0.000000000000000
 11 17.59810937913375 0.000000000000000
 12 17.82807104935302 0.000000000000000

 spin=1 k-point=308/1284 Cartesian=-0.01947404499283316 0.1011901060694107 -0.01919091118446170 (1326 plane wave)
 1 -2.038098187216352 0.001562500000000037
 2 2.313703199106221 0.001562452733322776
 3 4.491169323539896 1.804883952623542e-08
 4 6.496135337568074 0.000000000000000
 5 9.897902880702381 0.000000000000000
 6 10.85867601529319 0.000000000000000
 7 12.85306860693545 0.000000000000000
 8 13.95241561214202 0.000000000000000
 9 14.42725731587067 0.000000000000000
 10 16.47433505860423 0.000000000000000
 11 17.68197903281316 0.000000000000000
 12 18.42331052616443 0.000000000000000

 spin=1 k-point=309/1284 Cartesian=-0.03894808998566670 0.08994676095058737 -0.01919091118446170 (1335 plane wave)
 1 -2.188488030794627 0.001562500000000037
 2 2.167195168104102 0.001562489078338197
 3 4.362975736115157 6.503902694840089e-08
 4 7.504089949758686 0.000000000000000
 5 8.665407131880054 0.000000000000000
 6 11.85202228890381 0.000000000000000
 7 12.98263035322618 0.000000000000000
 8 14.11800145667090 0.000000000000000
 9 15.23492065007731 0.000000000000000
 10 15.94716153837793 0.000000000000000
 11 17.70418514348333 0.000000000000000
 12 18.48235826573653 0.000000000000000

 spin=1 k-point=310/1284 Cartesian=-0.05842213497850025 0.07870341583176403 -0.01919091118446170 (1335 plane wave)
 1 -2.188488030767407 0.001562500000000037
 2 2.167195167466384 0.001562489078338267
 3 4.362975738606121 6.503902532836899e-08
 4 7.504089943457767 0.000000000000000
 5 8.665407133390419 0.000000000000000
 6 11.85202231949454 0.000000000000000
 7 12.98263029902793 0.000000000000000
 8 14.11800148827183 0.000000000000000
 9 15.23492064877223 0.000000000000000
 10 15.94716153257646 0.000000000000000
 11 17.70418516055781 0.000000000000000
 12 18.48235824883111 0.000000000000000

 spin=1 k-point=311/1284 Cartesian=0.07789617997133459 -0.06746007071293933 0.01919091118446219 (1326 plane wave)
 1 -2.038098187133121 0.001562500000000037
 2 2.313703196947490 0.001562452733323796
 3 4.491169333464088 1.804883773505450e-08
 4 6.496135324363071 0.000000000000000
 5 9.897902866902321 0.000000000000000
 6 10.85867605180599 0.000000000000000
 7 12.85306860521887 0.000000000000000
 8 13.95241556282584 0.000000000000000
 9 14.42725733507248 0.000000000000000
 10 16.47433508506903 0.000000000000000
 11 17.68197899867253 0.000000000000000
 12 18.42331057045996 0.000000000000000

 spin=1 k-point=312/1284 Cartesian=0.09737022496416814 -0.05621672559411599 0.01919091118446219 (1333 plane wave)
 1 -1.737408119233408 0.001562500000000037
 2 2.604288821105070 0.001561636373953095
 3 4.701408418008411 2.204939500208781e-09
 4 5.694841987053267 1.068978724832168e-13
 5 9.856978116825333 0.000000000000000
 6 10.94228532564111 0.000000000000000
 7 11.74596612983643 0.000000000000000
 8 12.70551663137823 0.000000000000000
 9 15.34402083315311 0.000000000000000
 10 16.53846813189086 0.000000000000000
 11 17.59810938186803 0.000000000000000
 12 17.82807113456805 0.000000000000000

 spin=1 k-point=313/1284 Cartesian=0.1168442699570017 -0.04497338047529265 0.01919091118446219 (1334 plane wave)
 1 -1.286615964323878 0.001562500000000037
 2 3.028918427157657 0.001504390157437356
 3 4.626654124981683 4.656395334506199e-09
 4 5.477282117092920 9.414988700527888e-13
 5 9.019207694670753 0.000000000000000
 6 9.648983619944659 0.000000000000000
 7 11.33349829156995 0.000000000000000
 8 13.47390177920548 0.000000000000000
 9 13.96171537757739 0.000000000000000
 10 16.05234881364163 0.000000000000000
 11 17.69784555802655 0.000000000000000
 12 18.62226547424449 0.000000000000000

 spin=1 k-point=314/1284 Cartesian=0.1363183149498352 -0.03373003535646932 0.01919091118446219 (1333 plane wave)
 1 -0.6860768855099496 0.001562500000000037
 2 3.516019286560141 0.0002587361182305368
 3 4.245936981231484 2.096171563115795e-07
 4 5.913899753048082 1.195674697380925e-14
 5 7.688128633266063 0.000000000000000
 6 8.702838320246119 0.000000000000000
 7 10.74423853721422 0.000000000000000
 8 12.27486661500631 0.000000000000000
 9 14.37402804680787 0.000000000000000
 10 15.14628227473201 0.000000000000000
 11 19.01913666589822 0.000000000000000
 12 19.67513065514576 0.000000000000000

 spin=1 k-point=315/1284 Cartesian=0.1557923599426688 0.2023802121388207 -0.01919091118446170 (1341 plane wave)
 1 0.06358636684888570 0.001562500000000029
 2 3.549719337395629 0.0001938997427500644
 3 4.505670815875965 1.561243935354743e-08
 4 5.974201699036795 6.542217084456010e-15
 5 6.738728354458843 0.000000000000000
 6 8.244530931250770 0.000000000000000
 7 10.11934242504361 0.000000000000000
 8 10.85781784828155 0.000000000000000
 9 12.77999097787053 0.000000000000000
 10 17.02765526337773 0.000000000000000
 11 19.90332033233021 0.000000000000000
 12 21.31732404904947 0.000000000000000

 spin=1 k-point=316/1284 Cartesian=0.1363183149498352 0.1911368670199974 -0.01919091118446170 (1351 plane wave)
 1 0.9612026658997453 0.001562499999936834
 2 3.317325723893926 0.0009240542796168623
 3 4.460577688601744 2.450785506431144e-08
 4 5.465967015324725 1.054291433516693e-12
 5 7.291619433139603 0.000000000000000
 6 8.065521814634005 0.000000000000000
 7 9.069567568769772 0.000000000000000
 8 10.22675458615346 0.000000000000000
 9 11.32353875344610 0.000000000000000
 10 19.03738648083730 0.000000000000000
 11 20.76751968235668 0.000000000000000
 12 21.54767001196798 0.000000000000000

 spin=1 k-point=317/1284 Cartesian=0.1168442699570017 0.1798935219011741 -0.01919091118446170 (1351 plane wave)
 1 2.004048574241202 0.001562497863246954
 2 3.152167982078609 0.001379713440816128
 3 3.221353263354810 0.001235548643672596
 4 6.418330285133385 0.000000000000000
 5 7.440354577725719 0.000000000000000
 6 7.566239508841750 0.000000000000000
 7 8.987236779918460 0.000000000000000
 8 10.01046597864482 0.000000000000000
 9 10.05136097590144 0.000000000000000
 10 20.93661953611020 0.000000000000000
 11 21.31452439549590 0.000000000000000
 12 22.02688345142400 0.000000000000000

 spin=1 k-point=318/1284 Cartesian=0.09737022496416814 0.1686501767823507 -0.01919091118446170 (1351 plane wave)
 1 2.004048573902462 0.001562497863246961
 2 3.152167981442226 0.001379713441843273
 3 3.221353264560248 0.001235548640556091
 4 6.418330284054476 0.000000000000000
 5 7.440354577716547 0.000000000000000
 6 7.566239509365749 0.000000000000000
 7 8.987236781803599 0.000000000000000
 8 10.01046598002846 0.000000000000000
 9 10.05136097304556 0.000000000000000
 10 20.93661953745369 0.000000000000000
 11 21.31452439415406 0.000000000000000
 12 22.02688345071581 0.000000000000000

 spin=1 k-point=319/1284 Cartesian=0.07789617997133459 0.1574068316635274 -0.01919091118446170 (1351 plane wave)
 1 0.9612026654631521 0.001562499999936834
 2 3.317325728892972 0.0009240542607417872
 3 4.460577675002263 2.450785839720148e-08
 4 5.465967022123139 1.054291361841574e-12
 5 7.291619499102222 0.000000000000000
 6 8.065521678431528 0.000000000000000
 7 9.069567675589806 0.000000000000000
 8 10.22675454716446 0.000000000000000
 9 11.32353875825073 0.000000000000000
 10 19.03738648476042 0.000000000000000
 11 20.76751965757476 0.000000000000000
 12 21.54767003297982 0.000000000000000

 spin=1 k-point=320/1284 Cartesian=0.05842213497850103 0.1461634865447041 -0.01919091118446170 (1341 plane wave)
 1 0.06358636647465345 0.001562500000000029
 2 3.549719355689826 0.0001938997116796350
 3 4.505670767864215 1.561244684928148e-08
 4 5.974201743056319 6.542214204603125e-15
 5 6.738728380823054 0.000000000000000
 6 8.244530844194029 0.000000000000000
 7 10.11934254422034 0.000000000000000
 8 10.85781777381887 0.000000000000000
 9 12.77999097985764 0.000000000000000
 10 17.02765526554778 0.000000000000000
 11 19.90332032196944 0.000000000000000
 12 21.31732403193760 0.000000000000000

 spin=1 k-point=321/1284 Cartesian=0.03894808998566748 0.1349201414258807 -0.01919091118446170 (1333 plane wave)
 1 -0.6860768858001537 0.001562500000000037
 2 3.516019316959875 0.0002587360526000184
 3 4.245936920585032 2.096172834199631e-07
 4 5.913899800719043 1.195674127391308e-14
 5 7.688128658596379 0.000000000000000
 6 8.702838241030889 0.000000000000000
 7 10.74423859935609 0.000000000000000
 8 12.27486658898171 0.000000000000000
 9 14.37402804816611 0.000000000000000
 10 15.14628227493128 0.000000000000000
 11 19.01913668444430 0.000000000000000
 12 19.67513060888259 0.000000000000000

 spin=1 k-point=322/1284 Cartesian=0.01947404499283394 0.1236767963070574 -0.01919091118446170 (1334 plane wave)
 1 -1.286615964536405 0.001562500000000037
 2 3.028918437762858 0.001504390151503880
 3 4.626654066799525 4.656398043690863e-09
 4 5.477282174809652 9.414983266504390e-13
 5 9.019207727887959 0.000000000000000
 6 9.648983547638059 0.000000000000000
 7 11.33349832062618 0.000000000000000
 8 13.47390179735482 0.000000000000000
 9 13.96171536844483 0.000000000000000
 10 16.05234880381710 0.000000000000000
 11 17.69784558533154 0.000000000000000
 12 18.62226540709789 0.000000000000000

 spin=1 k-point=323/1284 Cartesian=0.000000000000000 0.08994676095058715 -0.01919091118446170 (1338 plane wave)
 1 -2.414198408897344 0.001562500000000037
 2 1.944452278040307 0.001562498822580828
 3 4.147349611544223 5.616794787025949e-07
 4 7.291739708993351 0.000000000000000
 5 11.47271595931018 0.000000000000000
 6 11.50733178180307 0.000000000000000
 7 12.73016237534159 0.000000000000000
 8 13.93284804667205 0.000000000000000
 9 15.87377009585465 0.000000000000000
 10 16.90715638655427 0.000000000000000
 11 17.51165445140353 0.000000000000000
 12 18.12577787875527 0.000000000000000

 spin=1 k-point=324/1284 Cartesian=-0.01947404499283316 0.07870341583176405 -0.01919091118446170 (1337 plane wave)
 1 -2.639940382483028 0.001562500000000037
 2 1.721983787574882 0.001562499872719267
 3 3.934974872363395 4.684601665424923e-06
 4 8.244944928852656 0.000000000000000
 5 10.54383509246253 0.000000000000000
 6 12.57806130298833 0.000000000000000
 7 14.19965630444545 0.000000000000000
 8 14.75231176267835 0.000000000000000
 9 15.14172553862897 0.000000000000000
 10 16.91323827764102 0.000000000000000
 11 17.43154350732609 0.000000000000000
 12 18.65734855677437 0.000000000000000

 spin=1 k-point=325/1284 Cartesian=-0.03894808998566670 0.06746007071294070 -0.01919091118446170 (1339 plane wave)
 1 -2.715200569088493 0.001562500000000037
 2 1.647705789367500 0.001562499939441206
 3 3.863530886016671 9.541002983148368e-06
 4 9.307174369948497 0.000000000000000
 5 9.374069199391126 0.000000000000000
 6 13.58806032060784 0.000000000000000
 7 13.77927135628708 0.000000000000000
 8 15.68793009102627 0.000000000000000
 9 15.96486826998684 0.000000000000000
 10 16.16559258568891 0.000000000000000
 11 17.01154274693585 0.000000000000000
 12 17.54927462116997 0.000000000000000

 spin=1 k-point=326/1284 Cartesian=0.05842213497850103 -0.05621672559411602 0.01919091118446219 (1337 plane wave)
 1 -2.639940382448243 0.001562500000000037
 2 1.721983786981277 0.001562499872719267
 3 3.934974874200654 4.684601579614693e-06
 4 8.244944924445949 0.000000000000000
 5 10.54383509036436 0.000000000000000
 6 12.57806131555088 0.000000000000000
 7 14.19965637209623 0.000000000000000
 8 14.75231163394171 0.000000000000000
 9 15.14172556973791 0.000000000000000
 10 16.91323834859086 0.000000000000000
 11 17.43154345478614 0.000000000000000
 12 18.65734857204566 0.000000000000000

 spin=1 k-point=327/1284 Cartesian=0.07789617997133459 -0.04497338047529267 0.01919091118446219 (1338 plane wave)
 1 -2.414198408827008 0.001562500000000037
 2 1.944452276732778 0.001562498822580844
 3 4.147349616090394 5.616794531768597e-07
 4 7.291739701767612 0.000000000000000
 5 11.47271596176150 0.000000000000000
 6 11.50733175236192 0.000000000000000
 7 12.73016248466319 0.000000000000000
 8 13.93284794630894 0.000000000000000
 9 15.87377009805893 0.000000000000000
 10 16.90715633119141 0.000000000000000
 11 17.51165456657143 0.000000000000000
 12 18.12577788212907 0.000000000000000

 spin=1 k-point=328/1284 Cartesian=0.09737022496416814 -0.03373003535646934 0.01919091118446219 (1326 plane wave)
 1 -2.038098187130952 0.001562500000000037
 2 2.313703196906863 0.001562452733323816
 3 4.491169333469652 1.804883773405013e-08
 4 6.496135324151488 0.000000000000000
 5 9.897902864378759 0.000000000000000
 6 10.85867605517005 0.000000000000000
 7 12.85306860605795 0.000000000000000
 8 13.95241556412606 0.000000000000000
 9 14.42725733383915 0.000000000000000
 10 16.47433508240588 0.000000000000000
 11 17.68197899843175 0.000000000000000
 12 18.42331057466098 0.000000000000000

 spin=1 k-point=329/1284 Cartesian=0.1168442699570017 -0.02248669023764600 0.01919091118446219 (1333 plane wave)
 1 -1.511876792224579 0.001562500000000037
 2 2.825668034127314 0.001554632955125042
 3 4.917109962397646 2.550451595055030e-10
 4 5.903732517779614 1.323636673362743e-14
 5 8.126668807535573 0.000000000000000
 6 10.17593392881428 0.000000000000000
 7 12.10936596152727 0.000000000000000
 8 12.80821667076168 0.000000000000000
 9 14.73574222552405 0.000000000000000
 10 15.49401283891715 0.000000000000000
 11 18.34921622932859 0.000000000000000
 12 19.74938896014808 0.000000000000000

 spin=1 k-point=330/1284 Cartesian=0.1363183149498352 -0.01124334511882266 0.01919091118446219 (1335 plane wave)
 1 -0.8359510630889831 0.001562500000000037
 2 3.464919731874436 0.0003884044219470331
 3 5.071795933603654 5.430306456715614e-11
 4 5.778261762685877 4.641747270430073e-14
 5 6.564326296109078 0.000000000000000
 6 9.640156788236226 0.000000000000000
 7 10.76310711758970 0.000000000000000
 8 11.97222039149792 0.000000000000000
 9 13.07716919615442 0.000000000000000
 10 17.26516002477927 0.000000000000000
 11 19.01120649524952 0.000000000000000
 12 19.81692989959830 0.000000000000000

 spin=1 k-point=331/1284 Cartesian=0.1557923599426688 0.1798935219011741 -0.01919091118446170 (1351 plane wave)
 1 -0.01107664585279889 0.001562500000000033
 2 4.097056083577314 9.285570794335152e-07
 3 4.804607584077237 7.856130314714232e-10
 4 4.974109283990549 1.442354943066636e-10
 5 6.658449496612426 0.000000000000000
 6 9.134720761648460 0.000000000000000
 7 9.406647490110414 0.000000000000000
 8 11.54897972047884 0.000000000000000
 9 11.56640223346262 0.000000000000000
 10 18.89195859572933 0.000000000000000
 11 19.55352309345660 0.000000000000000
 12 20.11392106873771 0.000000000000000

 spin=1 k-point=332/1284 Cartesian=0.1363183149498352 0.1686501767823507 -0.01919091118446170 (1351 plane wave)
 1 0.9612026656893700 0.001562499999936834
 2 3.317325729123178 0.0009240542598725915
 3 4.460577672828831 2.450785892985480e-08
 4 5.465967024581833 1.054291335919777e-12
 5 7.291619486846322 0.000000000000000
 6 8.065521697519049 0.000000000000000
 7 9.069567670195754 0.000000000000000
 8 10.22675454385449 0.000000000000000
 9 11.32353875887474 0.000000000000000
 10 19.03738649000622 0.000000000000000
 11 20.76751964507848 0.000000000000000
 12 21.54767004395082 0.000000000000000

 spin=1 k-point=333/1284 Cartesian=0.1168442699570017 0.1574068316635274 -0.01919091118446170 (1349 plane wave)
 1 2.066663259347810 0.001562496003443038
 2 2.087285899354947 0.001562495088108522
 3 4.420021411226819 3.676508837236333e-08
 4 6.472207767542607 0.000000000000000
 5 6.497670710952026 0.000000000000000
 6 8.308427129413676 0.000000000000000
 7 8.976700581871700 0.000000000000000
 8 9.439714663542588 0.000000000000000
 9 11.24637421215412 0.000000000000000
 10 18.99517036238228 0.000000000000000
 11 21.67902239956593 0.000000000000000
 12 22.14171484350281 0.000000000000000

 spin=1 k-point=334/1284 Cartesian=0.09737022496416814 0.1461634865447041 -0.01919091118446170 (1351 plane wave)
 1 0.9612026656664461 0.001562499999936834
 2 3.317325724652197 0.0009240542767538321
 3 4.460577688591581 2.450785506680210e-08
 4 5.465967013519876 1.054291452545065e-12
 5 7.291619421364513 0.000000000000000
 6 8.065521835549507 0.000000000000000
 7 9.069567566989155 0.000000000000000
 8 10.22675458045569 0.000000000000000
 9 11.32353875301316 0.000000000000000
 10 19.03738648658432 0.000000000000000
 11 20.76751966998507 0.000000000000000
 12 21.54767001774653 0.000000000000000

 spin=1 k-point=335/1284 Cartesian=0.07789617997133459 0.1349201414258807 -0.01919091118446170 (1351 plane wave)
 1 -0.01107664600854723 0.001562500000000033
 2 4.097056085744565 9.285570593213122e-07
 3 4.804607585299267 7.856130218710029e-10
 4 4.974109278755844 1.442355018569675e-10
 5 6.658449498782570 0.000000000000000
 6 9.134720761738180 0.000000000000000
 7 9.406647491364204 0.000000000000000
 8 11.54897972182667 0.000000000000000
 9 11.56640223103250 0.000000000000000
 10 18.89195859708958 0.000000000000000
 11 19.55352309294767 0.000000000000000
 12 20.11392106552762 0.000000000000000

 spin=1 k-point=336/1284 Cartesian=0.05842213497850103 0.1236767963070574 -0.01919091118446170 (1335 plane wave)
 1 -0.8359510632546466 0.001562500000000037
 2 3.464919738774848 0.0003884044018078099
 3 5.071795879388423 5.430309400770216e-11
 4 5.778261831172427 4.641744091457782e-14
 5 6.564326282771735 0.000000000000000
 6 9.640156739167150 0.000000000000000
 7 10.76310719218471 0.000000000000000
 8 11.97222035326728 0.000000000000000
 9 13.07716920127078 0.000000000000000
 10 17.26516003021893 0.000000000000000
 11 19.01120646995905 0.000000000000000
 12 19.81692991750437 0.000000000000000

 spin=1 k-point=337/1284 Cartesian=0.03894808998566748 0.1124334511882340 -0.01919091118446170 (1333 plane wave)
 1 -1.511876792365047 0.001562500000000037
 2 2.825668038080205 0.001554632954815632
 3 4.917109933513921 2.550452331720616e-10
 4 5.903732550360439 1.323636242110965e-14
 5 8.126668812029544 0.000000000000000
 6 10.17593388572024 0.000000000000000
 7 12.10936605774532 0.000000000000000
 8 12.80821660367511 0.000000000000000
 9 14.73574222820237 0.000000000000000
 10 15.49401284030877 0.000000000000000
 11 18.34921622174055 0.000000000000000
 12 19.74938894100739 0.000000000000000

 spin=1 k-point=338/1284 Cartesian=0.01947404499283394 0.1011901060694107 -0.01919091118446170 (1326 plane wave)
 1 -2.038098187237185 0.001562500000000037
 2 2.313703199216140 0.001562452733322724
 3 4.491169323160048 1.804883959479291e-08
 4 6.496135337269990 0.000000000000000
 5 9.897902882088168 0.000000000000000
 6 10.85867601352113 0.000000000000000
 7 12.85306861091244 0.000000000000000
 8 13.95241561251891 0.000000000000000
 9 14.42725731416139 0.000000000000000
 10 16.47433506132608 0.000000000000000
 11 17.68197902734038 0.000000000000000
 12 18.42331052567041 0.000000000000000

 spin=1 k-point=339/1284 Cartesian=0.000000000000000 0.06746007071294047 -0.01919091118446170 (1340 plane wave)
 1 -2.941042437676728 0.001562500000000037
 2 1.424082040643366 0.001562499993528735
 3 3.645255011145915 8.075471849433317e-05
 4 9.132663259908822 0.000000000000000
 5 12.15414089406607 0.000000000000000
 6 13.04177597908022 0.000000000000000
 7 13.75869366678616 0.000000000000000
 8 15.56029171596442 0.000000000000000
 9 16.55415088080887 0.000000000000000
 10 16.84109829540101 0.000000000000000
 11 17.84183398278740 0.000000000000000
 12 18.80141699671326 0.000000000000000

 spin=1 k-point=340/1284 Cartesian=-0.01947404499283316 0.05621672559411735 -0.01919091118446170 (1342 plane wave)
 1 -3.091630341370444 0.001562500000000037
 2 1.274884338631488 0.001562499998544463
 3 3.499524896634661 0.0002963348401819012
 4 10.16008290149360 0.000000000000000
 5 11.30216197161150 0.000000000000000
 6 14.42159328107953 0.000000000000000
 7 15.05655612092653 0.000000000000000
 8 15.64255905904035 0.000000000000000
 9 16.26558925892701 0.000000000000000
 10 17.17529641627802 0.000000000000000
 11 17.40559408215950 0.000000000000000
 12 18.01268681142943 0.000000000000000

 spin=1 k-point=341/1284 Cartesian=0.03894808998566748 -0.04497338047529267 0.01919091118446219 (1342 plane wave)
 1 -3.091630341359079 0.001562500000000037
 2 1.274884338486772 0.001562499998544463
 3 3.499524897004579 0.0002963348392936029
 4 10.16008289956686 0.000000000000000
 5 11.30216197186802 0.000000000000000
 6 14.42159326229927 0.000000000000000
 7 15.05655618090842 0.000000000000000
 8 15.64255902038013 0.000000000000000
 9 16.26558926835109 0.000000000000000
 10 17.17529643453916 0.000000000000000
 11 17.40559403275677 0.000000000000000
 12 18.01268682390843 0.000000000000000

 spin=1 k-point=342/1284 Cartesian=0.05842213497850103 -0.03373003535646933 0.01919091118446219 (1340 plane wave)
 1 -2.941042437643097 0.001562500000000037
 2 1.424082040201939 0.001562499993528735
 3 3.645255012318513 8.075471759634420e-05
 4 9.132663256818843 0.000000000000000
 5 12.15414089652356 0.000000000000000
 6 13.04177591897346 0.000000000000000
 7 13.75869377712176 0.000000000000000
 8 15.56029163981955 0.000000000000000
 9 16.55415088258681 0.000000000000000
 10 16.84109827157810 0.000000000000000
 11 17.84183406600448 0.000000000000000
 12 18.80141700314024 0.000000000000000

 spin=1 k-point=343/1284 Cartesian=0.07789617997133459 -0.02248669023764599 0.01919091118446219 (1337 plane wave)
 1 -2.639940382446727 0.001562500000000037
 2 1.721983786949055 0.001562499872719267
 3 3.934974874160522 4.684601581489076e-06
 4 8.244944924256513 0.000000000000000
 5 10.54383508876594 0.000000000000000
 6 12.57806131845810 0.000000000000000
 7 14.19965637323310 0.000000000000000
 8 14.75231163837503 0.000000000000000
 9 15.14172556525797 0.000000000000000
 10 16.91323834580787 0.000000000000000
 11 17.43154345609232 0.000000000000000
 12 18.65734857593389 0.000000000000000

 spin=1 k-point=344/1284 Cartesian=0.09737022496416814 -0.01124334511882265 0.01919091118446219 (1335 plane wave)
 1 -2.188488030762658 0.001562500000000037
 2 2.167195167381692 0.001562489078338276
 3 4.362975738595982 6.503902533496285e-08
 4 7.504089942799428 0.000000000000000
 5 8.665407132260363 0.000000000000000
 6 11.85202232343607 0.000000000000000
 7 12.98263030243927 0.000000000000000
 8 14.11800148478546 0.000000000000000
 9 15.23492064528302 0.000000000000000
 10 15.94716153489455 0.000000000000000
 11 17.70418516944842 0.000000000000000
 12 18.48235824012277 0.000000000000000

 spin=1 k-point=345/1284 Cartesian=0.1168442699570017 0.000000000000000 0.01919091118446219 (1330 plane wave)
 1 -1.586981945958276 0.001562500000000037
 2 2.755562596795602 0.001558587531670577
 3 4.904721621803864 2.886815104163563e-10
 4 6.836233642452748 0.000000000000000
 5 7.009432047471266 0.000000000000000
 6 11.14874539977924 0.000000000000000
 7 11.35665202012702 0.000000000000000
 8 13.48652538886412 0.000000000000000
 9 13.55922390280186 0.000000000000000
 10 17.30007001456124 0.000000000000000
 11 18.05429290010499 0.000000000000000
 12 18.55982059658143 0.000000000000000

 spin=1 k-point=346/1284 Cartesian=0.1363183149498352 0.01124334511882402 0.01919091118446219 (1335 plane wave)
 1 -0.8359510631497127 0.001562500000000037
 2 3.464919737857729 0.0003884044044844706
 3 5.071795882749284 5.430309218265030e-11
 4 5.778261829831356 4.641744153706928e-14
 5 6.564326279928834 0.000000000000000
 6 9.640156742109568 0.000000000000000
 7 10.76310719304931 0.000000000000000
 8 11.97222035000249 0.000000000000000
 9 13.07716920121561 0.000000000000000
 10 17.26516003488597 0.000000000000000
 11 19.01120645792620 0.000000000000000
 12 19.81692992853522 0.000000000000000

 spin=1 k-point=347/1284 Cartesian=0.1557923599426688 0.1574068316635274 -0.01919091118446170 (1341 plane wave)
 1 0.06358636662889125 0.001562500000000029
 2 3.549719355786778 0.0001938997115149735
 3 4.505670766773258 1.561244701960498e-08
 4 5.974201746398204 6.542213985969761e-15
 5 6.738728371871165 0.000000000000000
 6 8.244530853212055 0.000000000000000
 7 10.11934255031800 0.000000000000000
 8 10.85781776451112 0.000000000000000
 9 12.77999097942146 0.000000000000000
 10 17.02765526927807 0.000000000000000
 11 19.90332031713483 0.000000000000000
 12 21.31732403173864 0.000000000000000

 spin=1 k-point=348/1284 Cartesian=0.1363183149498352 0.1461634865447040 -0.01919091118446170 (1345 plane wave)
 1 1.109290079884123 0.001562499999722150
 2 2.293653891849812 0.001562461320183649
 3 5.360516140124357 3.026412496100039e-12
 4 5.962031915737131 7.388863798063883e-15
 5 6.656338002361155 0.000000000000000
 6 7.928327264263531 0.000000000000000
 7 9.021206062383106 0.000000000000000
 8 10.53666745580520 0.000000000000000
 9 12.63142935536344 0.000000000000000
 10 16.89709670255074 0.000000000000000
 11 20.78269927740549 0.000000000000000
 12 21.41262187106935 0.000000000000000

 spin=1 k-point=349/1284 Cartesian=0.1168442699570017 0.1349201414258807 -0.01919091118446170 (1345 plane wave)
 1 1.109290080313695 0.001562499999722150
 2 2.293653889789749 0.001562461320184445
 3 5.360516182611915 3.026411210251270e-12
 4 5.962031874014214 7.388866880914826e-15
 5 6.656337953629731 0.000000000000000
 6 7.928327374668131 0.000000000000000
 7 9.021205985031481 0.000000000000000
 8 10.53666747336269 0.000000000000000
 9 12.63142935465511 0.000000000000000
 10 16.89709670197105 0.000000000000000
 11 20.78269926738074 0.000000000000000
 12 21.41262191773717 0.000000000000000

 spin=1 k-point=350/1284 Cartesian=0.09737022496416814 0.1236767963070574 -0.01919091118446170 (1341 plane wave)
 1 0.06358636667896250 0.001562500000000029
 2 3.549719339178127 0.0001938997397227106
 3 4.505670813362228 1.561243974599932e-08
 4 5.974201697133736 6.542217208958311e-15
 5 6.738728351079798 0.000000000000000
 6 8.244530941025960 0.000000000000000
 7 10.11934243540050 0.000000000000000
 8 10.85781783494608 0.000000000000000
 9 12.77999097702160 0.000000000000000
 10 17.02765526721907 0.000000000000000
 11 19.90332032655810 0.000000000000000
 12 21.31732404292367 0.000000000000000

 spin=1 k-point=351/1284 Cartesian=0.07789617997133459 0.1124334511882340 -0.01919091118446170 (1335 plane wave)
 1 -0.8359510632056267 0.001562500000000037
 2 3.464919733199140 0.0003884044180808141
 3 5.071795929282288 5.430306691379048e-11
 4 5.778261762690454 4.641747270217621e-14
 5 6.564326298505634 0.000000000000000
 6 9.640156791429572 0.000000000000000
 7 10.76310712081900 0.000000000000000
 8 11.97222038630059 0.000000000000000
 9 13.07716919601276 0.000000000000000
 10 17.26516003012084 0.000000000000000
 11 19.01120648186783 0.000000000000000
 12 19.81692990575615 0.000000000000000

 spin=1 k-point=352/1284 Cartesian=0.05842213497850103 0.1011901060694107 -0.01919091118446170 (1330 plane wave)
 1 -1.586981946036461 0.001562500000000037
 2 2.755562597401767 0.001558587531646921
 3 4.904721619562138 2.886815168878050e-10
 4 6.836233643651261 0.000000000000000
 5 7.009432048534858 0.000000000000000
 6 11.14874539956711 0.000000000000000
 7 11.35665202103669 0.000000000000000
 8 13.48652538713423 0.000000000000000
 9 13.55922390457577 0.000000000000000
 10 17.30007001586663 0.000000000000000
 11 18.05429289945185 0.000000000000000
 12 18.55982059272969 0.000000000000000

 spin=1 k-point=353/1284 Cartesian=0.03894808998566748 0.08994676095058736 -0.01919091118446170 (1335 plane wave)
 1 -2.188488030834342 0.001562500000000037
 2 2.167195168334767 0.001562489078338172
 3 4.362975735262462 6.503902750296209e-08
 4 7.504089948955682 0.000000000000000
 5 8.665407132450996 0.000000000000000
 6 11.85202229077962 0.000000000000000
 7 12.98263035925629 0.000000000000000
 8 14.11800145189284 0.000000000000000
 9 15.23492064998924 0.000000000000000
 10 15.94716154023810 0.000000000000000
 11 17.70418514959039 0.000000000000000
 12 18.48235825338296 0.000000000000000

 spin=1 k-point=354/1284 Cartesian=0.01947404499283394 0.07870341583176403 -0.01919091118446170 (1337 plane wave)
 1 -2.639940382501390 0.001562500000000037
 2 1.721983787682190 0.001562499872719267
 3 3.934974871999428 4.684601682424195e-06
 4 8.244944928565459 0.000000000000000
 5 10.54383509271075 0.000000000000000
 6 12.57806130237145 0.000000000000000
 7 14.19965631032298 0.000000000000000
 8 14.75231176654775 0.000000000000000
 9 15.14172553288287 0.000000000000000
 10 16.91323828247144 0.000000000000000
 11 17.43154350064004 0.000000000000000
 12 18.65734855403982 0.000000000000000

 spin=1 k-point=355/1284 Cartesian=0.000000000000000 0.04497338047529380 -0.01919091118446170 (1328 plane wave)
 1 -3.317561928138320 0.001562500000000037
 2 1.050726164265471 0.001562499999845324
 3 3.279599008936664 0.001060195261699426
 4 11.11878290671267 0.000000000000000
 5 12.98538511649658 0.000000000000000
 6 14.02236189627845 0.000000000000000
 7 15.47247841440917 0.000000000000000
 8 16.35595733782474 0.000000000000000
 9 17.38319369618998 0.000000000000000
 10 17.55721542868206 0.000000000000000
 11 17.86538733510786 0.000000000000000
 12 18.46102830645397 0.000000000000000

 spin=1 k-point=356/1284 Cartesian=0.01947404499283394 -0.03373003535646933 0.01919091118446219 (1339 plane wave)
 1 -3.392884044425477 0.001562500000000037
 2 0.9759436666683275 0.001562499999926796
 3 3.206102000759561 0.001273234692478142
 4 12.18533875804881 0.000000000000000
 5 12.20173023565233 0.000000000000000
 6 15.47743689624293 0.000000000000000
 7 16.04856407001338 0.000000000000000
 8 16.20970706740272 0.000000000000000
 9 16.67879395663282 0.000000000000000
 10 16.74856941164365 0.000000000000000
 11 18.62338856123382 0.000000000000000
 12 18.82876772543188 0.000000000000000

 spin=1 k-point=357/1284 Cartesian=0.03894808998566748 -0.02248669023764600 0.01919091118446219 (1328 plane wave)
 1 -3.317561928123457 0.001562500000000037
 2 1.050726164110007 0.001562499999845324
 3 3.279599009278540 0.001060195260534221
 4 11.11878290541933 0.000000000000000
 5 12.98538511896813 0.000000000000000
 6 14.02236187446377 0.000000000000000
 7 15.47247845773167 0.000000000000000
 8 16.35595736094703 0.000000000000000
 9 17.38319369501995 0.000000000000000
 10 17.55721534641573 0.000000000000000
 11 17.86538734153749 0.000000000000000
 12 18.46102838392661 0.000000000000000

 spin=1 k-point=358/1284 Cartesian=0.05842213497850103 -0.01124334511882266 0.01919091118446219 (1342 plane wave)
 1 -3.091630341358178 0.001562500000000037
 2 1.274884338468954 0.001562499998544463
 3 3.499524896959148 0.0002963348394026977
 4 10.16008289929066 0.000000000000000
 5 11.30216197052366 0.000000000000000
 6 14.42159326614309 0.000000000000000
 7 15.05655618245076 0.000000000000000
 8 15.64255902207924 0.000000000000000
 9 16.26558926958385 0.000000000000000
 10 17.17529643808220 0.000000000000000
 11 17.40559402566087 0.000000000000000
 12 18.01268681942457 0.000000000000000

 spin=1 k-point=359/1284 Cartesian=0.07789617997133459 0.000000000000000 0.01919091118446219 (1339 plane wave)
 1 -2.715200569085158 0.001562500000000037
 2 1.647705789310486 0.001562499939441206
 3 3.863530885943796 9.541002990058846e-06
 4 9.307174362695019 0.000000000000000
 5 9.374069205065039 0.000000000000000
 6 13.58806032917131 0.000000000000000
 7 13.77927135444194 0.000000000000000
 8 15.68793009174581 0.000000000000000
 9 15.96486826128306 0.000000000000000
 10 16.16559259369715 0.000000000000000
 11 17.01154275339178 0.000000000000000
 12 17.54927460966758 0.000000000000000

 spin=1 k-point=360/1284 Cartesian=0.09737022496416814 0.01124334511882402 0.01919091118446219 (1335 plane wave)
 1 -2.188488030786065 0.001562500000000037
 2 2.167195167979054 0.001562489078338211
 3 4.362975736169173 6.503902691327029e-08
 4 7.504089947534292 0.000000000000000
 5 8.665407132177513 0.000000000000000
 6 11.85202229254170 0.000000000000000
 7 12.98263036085278 0.000000000000000
 8 14.11800144855442 0.000000000000000
 9 15.23492064736350 0.000000000000000
 10 15.94716154592440 0.000000000000000
 11 17.70418513827551 0.000000000000000
 12 18.48235826486038 0.000000000000000

 spin=1 k-point=361/1284 Cartesian=0.1168442699570017 0.02248669023764735 0.01919091118446219 (1333 plane wave)
 1 -1.511876792299133 0.001562500000000037
 2 2.825668037566158 0.001554632954855869
 3 4.917109936111722 2.550452265464918e-10
 4 5.903732547054746 1.323636285866327e-14
 5 8.126668810997513 0.000000000000000
 6 10.17593388903074 0.000000000000000
 7 12.10936606442182 0.000000000000000
 8 12.80821659528169 0.000000000000000
 9 14.73574222614393 0.000000000000000
 10 15.49401284442667 0.000000000000000
 11 18.34921621763476 0.000000000000000
 12 19.74938894147924 0.000000000000000

 spin=1 k-point=362/1284 Cartesian=0.1363183149498352 0.03373003535647069 0.01919091118446219 (1333 plane wave)
 1 -0.6860768857004342 0.001562500000000037
 2 3.516019316180119 0.0002587360542834487
 3 4.245936921937735 2.096172805848435e-07
 4 5.913899797619774 1.195674164448476e-14
 5 7.688128655692907 0.000000000000000
 6 8.702838247841294 0.000000000000000
 7 10.74423860366901 0.000000000000000
 8 12.27486658284170 0.000000000000000
 9 14.37402804634756 0.000000000000000
 10 15.14628227825457 0.000000000000000
 11 19.01913668254709 0.000000000000000
 12 19.67513060915850 0.000000000000000

 spin=1 k-point=363/1284 Cartesian=0.1557923599426688 0.1349201414258807 -0.01919091118446170 (1339 plane wave)
 1 0.2874270096190950 0.001562499999999962
 2 2.647567820564011 0.001561169073391011
 3 4.688773108043197 2.501906425642078e-09
 4 6.638748337193582 0.000000000000000
 5 7.046624782043935 0.000000000000000
 6 7.872579463939665 0.000000000000000
 7 9.417603579020774 0.000000000000000
 8 12.02222171033549 0.000000000000000
 9 14.15536182667016 0.000000000000000
 10 14.93326422749362 0.000000000000000
 11 19.20886024959747 0.000000000000000
 12 20.16381584190304 0.000000000000000

 spin=1 k-point=364/1284 Cartesian=0.1363183149498352 0.1236767963070574 -0.01919091118446170 (1335 plane wave)
 1 1.401920769690300 0.001562499994815064
 2 1.407437479433800 0.001562499994520987
 3 5.666487363771518 1.419422405489864e-13
 4 5.846518807114215 2.345550785288539e-14
 5 7.238787370429749 0.000000000000000
 6 8.018889876945179 0.000000000000000
 7 8.506614551860162 0.000000000000000
 8 11.94138468321231 0.000000000000000
 9 14.08224677693116 0.000000000000000
 10 14.86174767545024 0.000000000000000
 11 19.17781241297315 0.000000000000000
 12 20.73831657058796 0.000000000000000

 spin=1 k-point=365/1284 Cartesian=0.1168442699570017 0.1124334511882340 -0.01919091118446170 (1339 plane wave)
 1 0.2874270099088339 0.001562499999999962
 2 2.647567815127442 0.001561169073463306
 3 4.688773138205158 2.501905671019166e-09
 4 6.638748245216960 0.000000000000000
 5 7.046624761804110 0.000000000000000
 6 7.872579602435732 0.000000000000000
 7 9.417603520016401 0.000000000000000
 8 12.02222171877031 0.000000000000000
 9 14.15536182641298 0.000000000000000
 10 14.93326422728622 0.000000000000000
 11 19.20886023234592 0.000000000000000
 12 20.16381589489376 0.000000000000000

 spin=1 k-point=366/1284 Cartesian=0.09737022496416814 0.1011901060694107 -0.01919091118446170 (1333 plane wave)
 1 -0.6860768856438374 0.001562500000000037
 2 3.516019289464454 0.0002587361119603632
 3 4.245936977010158 2.096171651590173e-07
 4 5.913899750604343 1.195674726600104e-14
 5 7.688128633597747 0.000000000000000
 6 8.702838326301091 0.000000000000000
 7 10.74423854381824 0.000000000000000
 8 12.27486660665310 0.000000000000000
 9 14.37402804584818 0.000000000000000
 10 15.14628227748986 0.000000000000000
 11 19.01913666542762 0.000000000000000
 12 19.67513064728650 0.000000000000000

 spin=1 k-point=367/1284 Cartesian=0.07789617997133459 0.08994676095058737 -0.01919091118446170 (1333 plane wave)
 1 -1.511876792317821 0.001562500000000037
 2 2.825668034957459 0.001554632955060063
 3 4.917109958832008 2.550451685994918e-10
 4 5.903732518956059 1.323636657790887e-14
 5 8.126668808398193 0.000000000000000
 6 10.17593393161520 0.000000000000000
 7 12.10936597260591 0.000000000000000
 8 12.80821665860719 0.000000000000000
 9 14.73574222541243 0.000000000000000
 10 15.49401284215980 0.000000000000000
 11 18.34921622290972 0.000000000000000
 12 19.74938895418378 0.000000000000000

 spin=1 k-point=368/1284 Cartesian=0.05842213497850103 0.07870341583176403 -0.01919091118446170 (1335 plane wave)
 1 -2.188488030825213 0.001562500000000037
 2 2.167195167848888 0.001562489078338225
 3 4.362975737203649 6.503902624048543e-08
 4 7.504089942985788 0.000000000000000
 5 8.665407133196052 0.000000000000000
 6 11.85202232478925 0.000000000000000
 7 12.98263030590790 0.000000000000000
 8 14.11800148097789 0.000000000000000
 9 15.23492064663760 0.000000000000000
 10 15.94716153947244 0.000000000000000
 11 17.70418515469574 0.000000000000000
 12 18.48235824623220 0.000000000000000

 spin=1 k-point=369/1284 Cartesian=0.03894808998566748 0.06746007071294069 -0.01919091118446170 (1339 plane wave)
 1 -2.715200569123344 0.001562500000000037
 2 1.647705789596461 0.001562499939441205
 3 3.863530885291221 9.541003051940940e-06
 4 9.307174363819001 0.000000000000000
 5 9.374069204930910 0.000000000000000
 6 13.58806032864797 0.000000000000000
 7 13.77927135498970 0.000000000000000
 8 15.68793009273569 0.000000000000000
 9 15.96486826622404 0.000000000000000
 10 16.16559259424412 0.000000000000000
 11 17.01154275011063 0.000000000000000
 12 17.54927460415624 0.000000000000000

 spin=1 k-point=370/1284 Cartesian=0.01947404499283394 0.05621672559411736 -0.01919091118446170 (1342 plane wave)
 1 -3.091630341386528 0.001562500000000037
 2 1.274884338744826 0.001562499998544463
 3 3.499524896323742 0.0002963348409285240
 4 10.16008290105392 0.000000000000000
 5 11.30216197146622 0.000000000000000
 6 14.42159328034691 0.000000000000000
 7 15.05655612702037 0.000000000000000
 8 15.64255906169025 0.000000000000000
 9 16.26558926365140 0.000000000000000
 10 17.17529641424947 0.000000000000000
 11 17.40559407804540 0.000000000000000
 12 18.01268680273609 0.000000000000000

 spin=1 k-point=371/1284 Cartesian=0.000000000000000 -0.02248669023764622 0.01919091118446219 (1337 plane wave)
 1 -3.543545752262693 0.001562500000000037
 2 0.8262805170967458 0.001562499999983639
 3 3.058805122053617 0.001485150759164128
 4 13.20351266175430 0.000000000000000
 5 13.96078574582862 0.000000000000000
 6 14.84719653718033 0.000000000000000
 7 16.08883665814242 0.000000000000000
 8 16.43446641820127 0.000000000000000
 9 17.50925962348198 0.000000000000000
 10 17.72829635397636 0.000000000000000
 11 18.35821886593616 0.000000000000000
 12 18.42430606250162 0.000000000000000

 spin=1 k-point=372/1284 Cartesian=0.01947404499283394 -0.01124334511882265 0.01919091118446219 (1337 plane wave)
 1 -3.543545752257593 0.001562500000000037
 2 0.8262805170476715 0.001562499999983639
 3 3.058805122142360 0.001485150759098884
 4 13.20351266195771 0.000000000000000
 5 13.96078574826559 0.000000000000000
 6 14.84719652164597 0.000000000000000
 7 16.08883667817723 0.000000000000000
 8 16.43446642029602 0.000000000000000
 9 17.50925961345900 0.000000000000000
 10 17.72829636276870 0.000000000000000
 11 18.35821886775547 0.000000000000000
 12 18.42430613642987 0.000000000000000

 spin=1 k-point=373/1284 Cartesian=0.03894808998566748 0.000000000000000 0.01919091118446219 (1339 plane wave)
 1 -3.392884044424861 0.001562500000000037
 2 0.9759436666614939 0.001562499999926796
 3 3.206102000719145 0.001273234692573408
 4 12.18533874976664 0.000000000000000
 5 12.20173024215902 0.000000000000000
 6 15.47743690500000 0.000000000000000
 7 16.04856407559230 0.000000000000000
 8 16.20970706267167 0.000000000000000
 9 16.67879395489008 0.000000000000000
 10 16.74856940907622 0.000000000000000
 11 18.62338856171407 0.000000000000000
 12 18.82876771877963 0.000000000000000

 spin=1 k-point=374/1284 Cartesian=0.05842213497850103 0.01124334511882402 0.01919091118446219 (1342 plane wave)
 1 -3.091630341368293 0.001562500000000037
 2 1.274884338600951 0.001562499998544463
 3 3.499524896554718 0.0002963348403738726
 4 10.16008289983183 0.000000000000000
 5 11.30216197168476 0.000000000000000
 6 14.42159328240024 0.000000000000000
 7 15.05655612971829 0.000000000000000
 8 15.64255906390271 0.000000000000000
 9 16.26558925459610 0.000000000000000
 10 17.17529641107979 0.000000000000000
 11 17.40559408042199 0.000000000000000
 12 18.01268680786196 0.000000000000000

 spin=1 k-point=375/1284 Cartesian=0.07789617997133459 0.02248669023764736 0.01919091118446219 (1337 plane wave)
 1 -2.639940382477264 0.001562500000000037
 2 1.721983787496261 0.001562499872719267
 3 3.934974872292786 4.684601668722732e-06
 4 8.244944927223907 0.000000000000000
 5 10.54383509241963 0.000000000000000
 6 12.57806130514582 0.000000000000000
 7 14.19965630989349 0.000000000000000
 8 14.75231177651093 0.000000000000000
 9 15.14172552625487 0.000000000000000
 10 16.91323827302028 0.000000000000000
 11 17.43154350206452 0.000000000000000
 12 18.65734855530810 0.000000000000000

 spin=1 k-point=376/1284 Cartesian=0.09737022496416814 0.03373003535647069 0.01919091118446219 (1326 plane wave)
 1 -2.038098187201947 0.001562500000000037
 2 2.313703198932555 0.001562452733322858
 3 4.491169323933569 1.804883945518287e-08
 4 6.496135335215486 0.000000000000000
 5 9.897902880568173 0.000000000000000
 6 10.85867601788433 0.000000000000000
 7 12.85306861249799 0.000000000000000
 8 13.95241561821140 0.000000000000000
 9 14.42725730921771 0.000000000000000
 10 16.47433505604525 0.000000000000000
 11 17.68197902569309 0.000000000000000
 12 18.42331052843826 0.000000000000000

 spin=1 k-point=377/1284 Cartesian=0.1168442699570017 0.04497338047529403 0.01919091118446219 (1334 plane wave)
 1 -1.286615964479349 0.001562500000000037
 2 3.028918437247179 0.001504390151792396
 3 4.626654069914546 4.656397898643473e-09
 4 5.477282169666519 9.414983750729634e-13
 5 9.019207727170945 0.000000000000000
 6 9.648983552116105 0.000000000000000
 7 11.33349832272538 0.000000000000000
 8 13.47390180103950 0.000000000000000
 9 13.96171536456305 0.000000000000000
 10 16.05234879962581 0.000000000000000
 11 17.69784558365751 0.000000000000000
 12 18.62226541173430 0.000000000000000

 spin=1 k-point=378/1284 Cartesian=0.1363183149498352 0.05621672559411737 0.01919091118446219 (1337 plane wave)
 1 -0.3864943149216550 0.001562500000000037
 2 3.102292427934588 0.001446151119685512
 3 4.089977028032904 9.966292483331714e-07
 4 6.173989471273301 0.000000000000000
 5 7.668005055579068 0.000000000000000
 6 9.174925018910638 0.000000000000000
 7 9.975886686092078 0.000000000000000
 8 13.16895298719587 0.000000000000000
 9 13.65697890997103 0.000000000000000
 10 15.76149006423292 0.000000000000000
 11 17.48957023167857 0.000000000000000
 12 19.11135757740432 0.000000000000000

 spin=1 k-point=379/1284 Cartesian=0.1557923599426688 0.06746007071294069 0.01919091118446219 (1339 plane wave)
 1 0.6599362732745101 0.001562499999996930
 2 1.844992594755705 0.001562499564504908
 3 5.045312276756327 7.076873349546652e-11
 4 6.170471339190524 0.000000000000000
 5 7.352177899832299 0.000000000000000
 6 8.392846733893712 0.000000000000000
 7 9.302895477150061 0.000000000000000
 8 13.01806349978924 0.000000000000000
 9 13.50529254893118 0.000000000000000
 10 15.61463503442970 0.000000000000000
 11 17.36530103982427 0.000000000000000
 12 19.28333079475706 0.000000000000000

 spin=1 k-point=380/1284 Cartesian=0.1363183149498352 0.1011901060694107 -0.01919091118446170 (1339 plane wave)
 1 0.6599362739079322 0.001562499999996930
 2 1.844992592363934 0.001562499564504919
 3 5.045312305140935 7.076871340803811e-11
 4 6.170471281286028 0.000000000000000
 5 7.352177924824563 0.000000000000000
 6 8.392846763730855 0.000000000000000
 7 9.302895453533328 0.000000000000000
 8 13.01806349764991 0.000000000000000
 9 13.50529254982009 0.000000000000000
 10 15.61463503601935 0.000000000000000
 11 17.36530103659564 0.000000000000000
 12 19.28333081373984 0.000000000000000

 spin=1 k-point=381/1284 Cartesian=0.1168442699570017 0.08994676095058737 -0.01919091118446170 (1337 plane wave)
 1 -0.3864943147315692 0.001562500000000037
 2 3.102292410174257 0.001446151138810757
 3 4.089977068924266 9.966288410578310e-07
 4 6.173989416860377 0.000000000000000
 5 7.668005073393369 0.000000000000000
 6 9.174925085488983 0.000000000000000
 7 9.975886632974714 0.000000000000000
 8 13.16895297973417 0.000000000000000
 9 13.65697891308329 0.000000000000000
 10 15.76149006944736 0.000000000000000
 11 17.48957022063183 0.000000000000000
 12 19.11135763368756 0.000000000000000

 spin=1 k-point=382/1284 Cartesian=0.09737022496416814 0.07870341583176405 -0.01919091118446170 (1334 plane wave)
 1 -1.286615964434993 0.001562500000000037
 2 3.028918428516022 0.001504390156677368
 3 4.626654121007040 4.656395519580785e-09
 4 5.477282117160508 9.414988694164528e-13
 5 9.019207696946571 0.000000000000000
 6 9.648983622086099 0.000000000000000
 7 11.33349829576141 0.000000000000000
 8 13.47390178360251 0.000000000000000
 9 13.96171537176038 0.000000000000000
 10 16.05234881033493 0.000000000000000
 11 17.69784555854157 0.000000000000000
 12 18.62226546923022 0.000000000000000

 spin=1 k-point=383/1284 Cartesian=0.07789617997133459 0.06746007071294070 -0.01919091118446170 (1326 plane wave)
 1 -2.038098187208612 0.001562500000000037
 2 2.313703197541282 0.001562452733323516
 3 4.491169331287290 1.804883812793663e-08
 4 6.496135324394206 0.000000000000000
 5 9.897902864954350 0.000000000000000
 6 10.85867605719542 0.000000000000000
 7 12.85306861147312 0.000000000000000
 8 13.95241557116423 0.000000000000000
 9 14.42725732629050 0.000000000000000
 10 16.47433507901116 0.000000000000000
 11 17.68197899782080 0.000000000000000
 12 18.42331056636618 0.000000000000000

 spin=1 k-point=384/1284 Cartesian=0.05842213497850103 0.05621672559411736 -0.01919091118446170 (1337 plane wave)
 1 -2.639940382498774 0.001562500000000037
 2 1.721983787358652 0.001562499872719267
 3 3.934974873075879 4.684601632147971e-06
 4 8.244944924128093 0.000000000000000
 5 10.54383508938093 0.000000000000000
 6 12.57806131928630 0.000000000000000
 7 14.19965637678056 0.000000000000000
 8 14.75231165347641 0.000000000000000
 9 15.14172555558492 0.000000000000000
 10 16.91323833892998 0.000000000000000
 11 17.43154345207474 0.000000000000000
 12 18.65734856966500 0.000000000000000

 spin=1 k-point=385/1284 Cartesian=0.03894808998566748 0.04497338047529403 -0.01919091118446170 (1342 plane wave)
 1 -3.091630341389761 0.001562500000000037
 2 1.274884338727799 0.001562499998544463
 3 3.499524896396256 0.0002963348407543916
 4 10.16008289897395 0.000000000000000
 5 11.30216197125808 0.000000000000000
 6 14.42159326476790 0.000000000000000
 7 15.05655618993058 0.000000000000000
 8 15.64255902591798 0.000000000000000
 9 16.26558927043095 0.000000000000000
 10 17.17529642124479 0.000000000000000
 11 17.40559403402842 0.000000000000000
 12 18.01268681657877 0.000000000000000

 spin=1 k-point=386/1284 Cartesian=0.01947404499283394 0.03373003535647069 -0.01919091118446170 (1339 plane wave)
 1 -3.392884044439585 0.001562500000000037
 2 0.9759436667886628 0.001562499999926796
 3 3.206102000493891 0.001273234693104363
 4 12.18533875060681 0.000000000000000
 5 12.20173024181286 0.000000000000000
 6 15.47743690631102 0.000000000000000
 7 16.04856407416477 0.000000000000000
 8 16.20970706296823 0.000000000000000
 9 16.67879395285911 0.000000000000000
 10 16.74856941355958 0.000000000000000
 11 18.62338855952482 0.000000000000000
 12 18.82876771822653 0.000000000000000

 spin=1 k-point=387/1284 Cartesian=0.000000000000000 0.000000000000000 0.03838182236892686 (1322 plane wave)
 1 -3.454241042298820 0.001562500000000037
 2 -0.1693439369021907 0.001562500000000036
 3 4.230753907162441 2.439813000872071e-07
 4 13.87545660216864 0.000000000000000
 5 15.05114149234193 0.000000000000000
 6 15.05114150391840 0.000000000000000
 7 15.52366319307324 0.000000000000000
 8 15.52366320423379 0.000000000000000
 9 16.99882328689139 0.000000000000000
 10 17.21775135184781 0.000000000000000
 11 18.36563888140272 0.000000000000000
 12 18.36563889298298 0.000000000000000

 spin=1 k-point=388/1284 Cartesian=0.01947404499283394 0.01124334511882356 0.03838182236892686 (1329 plane wave)
 1 -3.378917373472932 0.001562500000000037
 2 -0.09439915143490947 0.001562500000000035
 3 4.304120686451969 1.171558135350490e-07
 4 13.30442914020649 0.000000000000000
 5 13.99697688672013 0.000000000000000
 6 14.12639640081383 0.000000000000000
 7 15.25726104906654 0.000000000000000
 8 16.59955154750152 0.000000000000000
 9 16.68532985379649 0.000000000000000
 10 17.43185379175658 0.000000000000000
 11 17.64740386907650 0.000000000000000
 12 18.54855945760763 0.000000000000000

 spin=1 k-point=389/1284 Cartesian=0.03894808998566748 0.02248669023764690 0.03838182236892686 (1334 plane wave)
 1 -3.152982776453344 0.001562500000000037
 2 0.1303020090434228 0.001562500000000021
 3 4.523458064338566 1.306839985064397e-08
 4 11.27038104769442 0.000000000000000
 5 13.15102426142360 0.000000000000000
 6 13.86688771404286 0.000000000000000
 7 14.28171611490222 0.000000000000000
 8 15.11447944992818 0.000000000000000
 9 16.45678624388201 0.000000000000000
 10 17.35949003913898 0.000000000000000
 11 18.02991678340131 0.000000000000000
 12 19.05932990960275 0.000000000000000

 spin=1 k-point=390/1284 Cartesian=0.05842213497850103 0.03373003535647023 0.03838182236892686 (1332 plane wave)
 1 -2.776555829273991 0.001562500000000037
 2 0.5042704989375562 0.001562499999999382
 3 4.885229086108505 3.508116273823927e-10
 4 9.292617432056030 0.000000000000000
 5 12.31980950021475 0.000000000000000
 6 12.44524092026563 0.000000000000000
 7 13.49297725950148 0.000000000000000
 8 14.88825341077605 0.000000000000000
 9 15.62671028999462 0.000000000000000
 10 16.42185384836625 0.000000000000000
 11 17.55718840475655 0.000000000000000
 12 19.61702267070398 0.000000000000000

 spin=1 k-point=391/1284 Cartesian=0.07789617997133459 0.04497338047529358 0.03838182236892686 (1334 plane wave)
 1 -2.249870347737782 0.001562500000000037
 2 1.026227626493638 0.001562499999878940
 3 5.371466389476365 2.712512706323669e-12
 4 7.464452903206050 0.000000000000000
 5 10.65158151941847 0.000000000000000
 6 11.63840725112652 0.000000000000000
 7 12.87723322211908 0.000000000000000
 8 14.75804227493516 0.000000000000000
 9 14.94604389899668 0.000000000000000
 10 15.45972929018358 0.000000000000000
 11 16.65263227326569 0.000000000000000
 12 19.38128721167499 0.000000000000000

 spin=1 k-point=392/1284 Cartesian=0.09737022496416814 0.05621672559411691 0.03838182236892686 (1340 plane wave)
 1 -1.573357762233441 0.001562500000000037
 2 1.692082813452030 0.001562499905614709
 3 5.505672971793413 7.087937145610835e-13
 4 6.269934263272125 0.000000000000000
 5 8.975278054634355 0.000000000000000
 6 11.10799229712302 0.000000000000000
 7 12.28860216948951 0.000000000000000
 8 13.42895704096095 0.000000000000000
 9 14.41612304802859 0.000000000000000
 10 15.50693261804645 0.000000000000000
 11 16.46381734601631 0.000000000000000
 12 18.85551360489829 0.000000000000000

 spin=1 k-point=393/1284 Cartesian=0.1168442699570017 0.06746007071294025 0.03838182236892686 (1346 plane wave)
 1 -0.7478657576513952 0.001562500000000037
 2 2.475905838050847 0.001562260702050789
 3 4.124291119481433 7.072775202966730e-07
 4 6.776420216072911 0.000000000000000
 5 7.571371207576418 0.000000000000000
 6 10.72896762854735 0.000000000000000
 7 11.44756805181034 0.000000000000000
 8 12.42616897748283 0.000000000000000
 9 14.03741597561764 0.000000000000000
 10 15.31348744729260 0.000000000000000
 11 16.99360942742352 0.000000000000000
 12 18.47875395448382 0.000000000000000

 spin=1 k-point=394/1284 Cartesian=0.1363183149498352 0.07870341583176359 0.03838182236892686 (1343 plane wave)
 1 0.2246258883116672 0.001562499999999997
 2 2.532203653763857 0.001562079866733974
 3 3.630312038354399 9.299547247282261e-05
 4 5.899298901505571 1.383642033697034e-14
 5 7.974514880466587 0.000000000000000
 6 10.22907363995104 0.000000000000000
 7 10.50150347575485 0.000000000000000
 8 12.05742671643462 0.000000000000000
 9 13.81013050592878 0.000000000000000
 10 15.12901296504711 0.000000000000000
 11 17.77318966726225 0.000000000000000
 12 18.25239511687179 0.000000000000000

 spin=1 k-point=395/1284 Cartesian=0.1557923599426688 0.08994676095058692 0.03838182236892686 (1346 plane wave)
 1 1.335730838162680 0.001562499997325262
 2 1.339254512916654 0.001562499997229332
 3 4.629508959075340 4.525342891382384e-09
 4 4.709790873849168 2.027646184964597e-09
 5 9.015571459801345 0.000000000000000
 6 9.046967439158227 0.000000000000000
 7 10.42567477856675 0.000000000000000
 8 11.95976526923404 0.000000000000000
 9 13.73435950129591 0.000000000000000
 10 15.06292973181597 0.000000000000000
 11 18.17690155156514 0.000000000000000
 12 18.33200168128880 0.000000000000000

 spin=1 k-point=396/1284 Cartesian=0.1363183149498352 0.07870341583176359 -0.03838182236892639 (1343 plane wave)
 1 0.2246258891497609 0.001562499999999997
 2 2.532203636327258 0.001562079866807211
 3 3.630312073945474 9.299544134463372e-05
 4 5.899298862481839 1.383642573646023e-14
 5 7.974514896901139 0.000000000000000
 6 10.22907367054642 0.000000000000000
 7 10.50150347576531 0.000000000000000
 8 12.05742668121755 0.000000000000000
 9 13.81013050587037 0.000000000000000
 10 15.12901295832974 0.000000000000000
 11 17.77318973647370 0.000000000000000
 12 18.25239511712518 0.000000000000000

 spin=1 k-point=397/1284 Cartesian=0.1168442699570017 0.06746007071294025 -0.03838182236892639 (1346 plane wave)
 1 -0.7478657573906222 0.001562500000000037
 2 2.475905828280480 0.001562260702074166
 3 4.124291151130261 7.072772965529393e-07
 4 6.776420116681294 0.000000000000000
 5 7.571371281100503 0.000000000000000
 6 10.72896762856558 0.000000000000000
 7 11.44756814593363 0.000000000000000
 8 12.42616886918286 0.000000000000000
 9 14.03741597547642 0.000000000000000
 10 15.31348742571520 0.000000000000000
 11 16.99360950926733 0.000000000000000
 12 18.47875395500837 0.000000000000000

 spin=1 k-point=398/1284 Cartesian=0.09737022496416814 0.05621672559411691 -0.03838182236892639 (1340 plane wave)
 1 -1.573357762171733 0.001562500000000037
 2 1.692082811685395 0.001562499905614710
 3 5.505673027938317 7.087933166095453e-13
 4 6.269934189194876 0.000000000000000
 5 8.975278068154461 0.000000000000000
 6 11.10799229715563 0.000000000000000
 7 12.28860228016156 0.000000000000000
 8 13.42895690726782 0.000000000000000
 9 14.41612304780124 0.000000000000000
 10 15.50693255326973 0.000000000000000
 11 16.46381747270730 0.000000000000000
 12 18.85551360594784 0.000000000000000

 spin=1 k-point=399/1284 Cartesian=0.07789617997133459 0.04497338047529358 -0.03838182236892639 (1334 plane wave)
 1 -2.249870347746501 0.001562500000000037
 2 1.026227626173979 0.001562499999878940
 3 5.371466397029563 2.712512501442176e-12
 4 7.464452886905748 0.000000000000000
 5 10.65158151599432 0.000000000000000
 6 11.63840725117597 0.000000000000000
 7 12.87723329991922 0.000000000000000
 8 14.75804221499997 0.000000000000000
 9 14.94604389862216 0.000000000000000
 10 15.45972916821578 0.000000000000000
 11 16.65263241629424 0.000000000000000
 12 19.38128721384945 0.000000000000000

 spin=1 k-point=400/1284 Cartesian=-0.05842213497850025 -0.03373003535646978 0.03838182236892686 (1332 plane wave)
 1 -2.776555829302462 0.001562500000000037
 2 0.5042704989801714 0.001562499999999382
 3 4.885229086984924 3.508116243078132e-10
 4 9.292617426459479 0.000000000000000
 5 12.31980950027279 0.000000000000000
 6 12.44524089319513 0.000000000000000
 7 13.49297732652056 0.000000000000000
 8 14.88825342768837 0.000000000000000
 9 15.62671028937790 0.000000000000000
 10 16.42185370014814 0.000000000000000
 11 17.55718852379686 0.000000000000000
 12 19.61702267529635 0.000000000000000

 spin=1 k-point=401/1284 Cartesian=-0.03894808998566670 -0.02248669023764645 0.03838182236892686 (1334 plane wave)
 1 -3.152982776479869 0.001562500000000037
 2 0.1303020091511603 0.001562500000000021
 3 4.523458064276719 1.306839985872637e-08
 4 11.27038104593895 0.000000000000000
 5 13.15102426152805 0.000000000000000
 6 13.86688768276016 0.000000000000000
 7 14.28171612291405 0.000000000000000
 8 15.11447951547370 0.000000000000000
 9 16.45678624261538 0.000000000000000
 10 17.35949000032134 0.000000000000000
 11 18.02991678441746 0.000000000000000
 12 19.05932986259836 0.000000000000000

 spin=1 k-point=402/1284 Cartesian=-0.01947404499283316 -0.01124334511882311 0.03838182236892686 (1329 plane wave)
 1 -3.378917373488080 0.001562500000000037
 2 -0.09439915136395657 0.001562500000000035
 3 4.304120686326181 1.171558136824063e-07
 4 13.30442914300192 0.000000000000000
 5 13.99697687882102 0.000000000000000
 6 14.12639640096095 0.000000000000000
 7 15.25726104841865 0.000000000000000
 8 16.59955154630643 0.000000000000000
 9 16.68532987697986 0.000000000000000
 10 17.43185379212558 0.000000000000000
 11 17.64740390795528 0.000000000000000
 12 18.54855947971199 0.000000000000000

 spin=1 k-point=403/1284 Cartesian=0.000000000000000 0.02248669023764713 0.03838182236892686 (1329 plane wave)
 1 -3.378917373487826 0.001562500000000037
 2 -0.09439915135696582 0.001562500000000035
 3 4.304120686293810 1.171558137203278e-07
 4 13.30442915353550 0.000000000000000
 5 13.99697686398586 0.000000000000000
 6 14.12639640160914 0.000000000000000
 7 15.25726105161324 0.000000000000000
 8 16.59955154369997 0.000000000000000
 9 16.68532987364145 0.000000000000000
 10 17.43185379311242 0.000000000000000
 11 17.64740390912847 0.000000000000000
 12 18.54855948211905 0.000000000000000

 spin=1 k-point=404/1284 Cartesian=0.01947404499283394 0.03373003535647069 0.03838182236892686 (1331 plane wave)
 1 -3.228287945887182 0.001562500000000037
 2 0.05542630197899891 0.001562500000000029
 3 4.450502683468203 2.710564732187604e-08
 4 12.31142401190372 0.000000000000000
 5 12.36184009270333 0.000000000000000
 6 14.18155230422537 0.000000000000000
 7 15.49987061573386 0.000000000000000
 8 15.63889835216638 0.000000000000000
 9 16.12538718012232 0.000000000000000
 10 16.40666681503066 0.000000000000000
 11 19.10784583618691 0.000000000000000
 12 19.11780991150749 0.000000000000000

 spin=1 k-point=405/1284 Cartesian=0.03894808998566748 0.04497338047529403 0.03838182236892686 (1332 plane wave)
 1 -2.927104727089481 0.001562500000000037
 2 0.3547864617707451 0.001562499999999890
 3 4.741451068209577 1.477385448259260e-09
 4 10.31599860050089 0.000000000000000
 5 11.45146546480723 0.000000000000000
 6 13.55352055721822 0.000000000000000
 7 14.36618550072693 0.000000000000000
 8 14.82847740192483 0.000000000000000
 9 15.48458785195559 0.000000000000000
 10 17.54242361101066 0.000000000000000
 11 17.89998127757172 0.000000000000000
 12 18.71375283994771 0.000000000000000

 spin=1 k-point=406/1284 Cartesian=0.05842213497850103 0.05621672559411736 0.03838182236892686 (1339 plane wave)
 1 -2.475538541882335 0.001562500000000037
 2 0.8028855505893321 0.001562499999987060
 3 5.169630845785520 2.041421196504775e-11
 4 8.408327882821100 0.000000000000000
 5 10.67402060280859 0.000000000000000
 6 11.71282722272173 0.000000000000000
 7 13.95559686328732 0.000000000000000
 8 14.39780130578708 0.000000000000000
 9 15.08127849433278 0.000000000000000
 10 16.34107805560459 0.000000000000000
 11 17.80320673528484 0.000000000000000
 12 18.51830255027794 0.000000000000000

 spin=1 k-point=407/1284 Cartesian=0.07789617997133459 0.06746007071294070 0.03838182236892686 (1337 plane wave)
 1 -1.873907816350821 0.001562500000000037
 2 1.397528376285855 0.001562499995037879
 3 5.669104495804871 1.382756133246490e-13
 4 6.708047291391809 0.000000000000000
 5 9.717897815974309 0.000000000000000
 6 10.30835230867732 0.000000000000000
 7 13.31898509348175 0.000000000000000
 8 13.84949031456910 0.000000000000000
 9 14.32411573953060 0.000000000000000
 10 15.93513440686896 0.000000000000000
 11 17.19299617927469 0.000000000000000
 12 18.12445841914337 0.000000000000000

 spin=1 k-point=408/1284 Cartesian=0.09737022496416814 0.07870341583176405 0.03838182236892686 (1340 plane wave)
 1 -1.122810498559451 0.001562500000000037
 2 2.129763262030890 0.001562492488530139
 3 4.892053567828298 3.276692076319942e-10
 4 6.554509628412209 0.000000000000000
 5 8.231451985420213 0.000000000000000
 6 9.747110315320926 0.000000000000000
 7 12.37941868026384 0.000000000000000
 8 13.13254614685338 0.000000000000000
 9 13.63678313480248 0.000000000000000
 10 16.37907772244257 0.000000000000000
 11 16.77323567642956 0.000000000000000
 12 17.82192651592677 0.000000000000000

 spin=1 k-point=409/1284 Cartesian=0.1168442699570017 0.08994676095058737 0.03838182236892686 (1343 plane wave)
 1 -0.2235046669568812 0.001562500000000036
 2 2.860910102330326 0.001551332829780064
 3 3.597119917428893 0.0001266356207099981
 4 6.569904182884861 0.000000000000000
 5 7.578934030755401 0.000000000000000
 6 9.423639516919886 0.000000000000000
 7 11.06432728528999 0.000000000000000
 8 12.76461592754469 0.000000000000000
 9 13.32081844844042 0.000000000000000
 10 16.37950248365498 0.000000000000000
 11 16.89168110073224 0.000000000000000
 12 17.93455923064214 0.000000000000000

 spin=1 k-point=410/1284 Cartesian=0.1363183149498352 0.1011901060694107 0.03838182236892686 (1341 plane wave)
 1 0.8206149178917832 0.001562499999984543
 2 1.993637122121511 0.001562498074524413
 3 4.164691147317732 4.722805519057537e-07
 4 5.324190837602822 4.351980534250132e-12
 5 8.451140605141239 0.000000000000000
 6 9.218482027319320 0.000000000000000
 7 9.892284701426709 0.000000000000000
 8 12.60101266569082 0.000000000000000
 9 13.16978239931388 0.000000000000000
 10 16.24193019480472 0.000000000000000
 11 16.95363523020544 0.000000000000000
 12 18.66063258133461 0.000000000000000

 spin=1 k-point=411/1284 Cartesian=0.1557923599426688 0.1124334511882340 0.03838182236892686 (1341 plane wave)
 1 0.8206149193919871 0.001562499999984543
 2 1.993637115860285 0.001562498074524534
 3 4.164691172890610 4.722804311665176e-07
 4 5.324190808976523 4.351981780061585e-12
 5 8.451140579697000 0.000000000000000
 6 9.218482124279838 0.000000000000000
 7 9.892284635989681 0.000000000000000
 8 12.60101266923935 0.000000000000000
 9 13.16978239473930 0.000000000000000
 10 16.24193019145132 0.000000000000000
 11 16.95363523508739 0.000000000000000
 12 18.66063261828609 0.000000000000000

 spin=1 k-point=412/1284 Cartesian=0.1363183149498352 0.05621672559411737 -0.03838182236892639 (1343 plane wave)
 1 -0.2235046664960650 0.001562500000000036
 2 2.860910073291893 0.001551332832999660
 3 3.597119965553673 0.0001266355647061258
 4 6.569904111764517 0.000000000000000
 5 7.578934066916707 0.000000000000000
 6 9.423639571040480 0.000000000000000
 7 11.06432724047148 0.000000000000000
 8 12.76461594129248 0.000000000000000
 9 13.32081843199847 0.000000000000000
 10 16.37950246445552 0.000000000000000
 11 16.89168113272352 0.000000000000000
 12 17.93455925296083 0.000000000000000

 spin=1 k-point=413/1284 Cartesian=0.1168442699570017 0.04497338047529403 -0.03838182236892639 (1340 plane wave)
 1 -1.122810498427455 0.001562500000000037
 2 2.129763258332741 0.001562492488530417
 3 4.892053601832417 3.276690962109849e-10
 4 6.554509563818303 0.000000000000000
 5 8.231452001593004 0.000000000000000
 6 9.747110360640718 0.000000000000000
 7 12.37941863500529 0.000000000000000
 8 13.13254619186519 0.000000000000000
 9 13.63678309149822 0.000000000000000
 10 16.37907768627597 0.000000000000000
 11 16.77323574588408 0.000000000000000
 12 17.82192651828910 0.000000000000000

 spin=1 k-point=414/1284 Cartesian=0.09737022496416814 0.03373003535647069 -0.03838182236892639 (1337 plane wave)
 1 -1.873907816335365 0.001562500000000037
 2 1.397528375626899 0.001562499995037879
 3 5.669104521664223 1.382755775674667e-13
 4 6.708047253389915 0.000000000000000
 5 9.717897781805917 0.000000000000000
 6 10.30835237727100 0.000000000000000
 7 13.31898505175601 0.000000000000000
 8 13.84949038626639 0.000000000000000
 9 14.32411566649176 0.000000000000000
 10 15.93513440585382 0.000000000000000
 11 17.19299622019154 0.000000000000000
 12 18.12445841341103 0.000000000000000

 spin=1 k-point=415/1284 Cartesian=-0.07789617997133380 -0.02248669023764599 0.03838182236892686 (1339 plane wave)
 1 -2.475538541905355 0.001562500000000037
 2 0.8028855506022562 0.001562499999987060
 3 5.169630848052945 2.041421150217074e-11
 4 8.408327874336498 0.000000000000000
 5 10.67402058727514 0.000000000000000
 6 11.71282726246505 0.000000000000000
 7 13.95559683800077 0.000000000000000
 8 14.39780130327236 0.000000000000000
 9 15.08127853060003 0.000000000000000
 10 16.34107799896618 0.000000000000000
 11 17.80320678840598 0.000000000000000
 12 18.51830251188008 0.000000000000000

 spin=1 k-point=416/1284 Cartesian=-0.05842213497850025 -0.01124334511882266 0.03838182236892686 (1332 plane wave)
 1 -2.927104727118640 0.001562500000000037
 2 0.3547864619217383 0.001562499999999890
 3 4.741451068258663 1.477385447534065e-09
 4 10.31599859782210 0.000000000000000
 5 11.45146546137405 0.000000000000000
 6 13.55352058332158 0.000000000000000
 7 14.36618546587414 0.000000000000000
 8 14.82847738876381 0.000000000000000
 9 15.48458791397394 0.000000000000000
 10 17.54242361057551 0.000000000000000
 11 17.89998115814413 0.000000000000000
 12 18.71375289683079 0.000000000000000

 spin=1 k-point=417/1284 Cartesian=-0.03894808998566670 0.000000000000000 0.03838182236892686 (1331 plane wave)
 1 -3.228287945908504 0.001562500000000037
 2 0.05542630210549118 0.001562500000000029
 3 4.450502683261423 2.710564737792423e-08
 4 12.31142401130743 0.000000000000000
 5 12.36184009331600 0.000000000000000
 6 14.18155230405464 0.000000000000000
 7 15.49987061850378 0.000000000000000
 8 15.63889834566463 0.000000000000000
 9 16.12538717970646 0.000000000000000
 10 16.40666682039164 0.000000000000000
 11 19.10784584007156 0.000000000000000
 12 19.11780991301876 0.000000000000000

 spin=1 k-point=418/1284 Cartesian=-0.01947404499283316 0.01124334511882402 0.03838182236892686 (1329 plane wave)
 1 -3.378917373495384 0.001562500000000037
 2 -0.09439915130961354 0.001562500000000035
 3 4.304120686202281 1.171558138275518e-07
 4 13.30442915100272 0.000000000000000
 5 13.99697686985037 0.000000000000000
 6 14.12639640381642 0.000000000000000
 7 15.25726105197520 0.000000000000000
 8 16.59955154766268 0.000000000000000
 9 16.68532984829098 0.000000000000000
 10 17.43185379493287 0.000000000000000
 11 17.64740386762811 0.000000000000000
 12 18.54855945882697 0.000000000000000

 spin=1 k-point=419/1284 Cartesian=0.000000000000000 0.04497338047529380 0.03838182236892686 (1334 plane wave)
 1 -3.152982776479017 0.001562500000000037
 2 0.1303020091692867 0.001562500000000021
 3 4.523458064243040 1.306839986312762e-08
 4 11.27038104918232 0.000000000000000
 5 13.15102426135310 0.000000000000000
 6 13.86688767769130 0.000000000000000
 7 14.28171612023335 0.000000000000000
 8 15.11447951626891 0.000000000000000
 9 16.45678624273729 0.000000000000000
 10 17.35949000140917 0.000000000000000
 11 18.02991678275591 0.000000000000000
 12 19.05932986044802 0.000000000000000

 spin=1 k-point=420/1284 Cartesian=0.01947404499283394 0.05621672559411736 0.03838182236892686 (1332 plane wave)
 1 -2.927104727097777 0.001562500000000037
 2 0.3547864617907446 0.001562499999999890
 3 4.741451068469948 1.477385444412579e-09
 4 10.31599860027805 0.000000000000000
 5 11.45146545885833 0.000000000000000
 6 13.55352057913792 0.000000000000000
 7 14.36618547240658 0.000000000000000
 8 14.82847739370151 0.000000000000000
 9 15.48458790604127 0.000000000000000
 10 17.54242360660455 0.000000000000000
 11 17.89998114795259 0.000000000000000
 12 18.71375290640476 0.000000000000000

 spin=1 k-point=421/1284 Cartesian=0.03894808998566748 0.06746007071294069 0.03838182236892686 (1335 plane wave)
 1 -2.550775390269603 0.001562500000000037
 2 0.7283599684190764 0.001562499999993878
 3 5.100595257181666 4.071462503668142e-11
 4 9.461013716590035 0.000000000000000
 5 9.534215745764753 0.000000000000000
 6 12.69817763956012 0.000000000000000
 7 12.87705530128246 0.000000000000000
 8 14.85006434593568 0.000000000000000
 9 16.53689588300533 0.000000000000000
 10 16.88790467756773 0.000000000000000
 11 17.38951434086980 0.000000000000000
 12 17.47025991245623 0.000000000000000

 spin=1 k-point=422/1284 Cartesian=0.05842213497850103 0.07870341583176403 0.03838182236892686 (1334 plane wave)
 1 -2.024233549527247 0.001562500000000037
 2 1.249686101374550 0.001562499998868680
 3 5.582805562874170 3.277458406718118e-13
 4 7.673265772690582 0.000000000000000
 5 8.817766081248841 0.000000000000000
 6 10.96691284806916 0.000000000000000
 7 12.12825952978834 0.000000000000000
 8 14.96997200867798 0.000000000000000
 9 15.50890608103731 0.000000000000000
 10 16.41625498816556 0.000000000000000
 11 16.75684641993306 0.000000000000000
 12 18.51644282609223 0.000000000000000

 spin=1 k-point=423/1284 Cartesian=0.07789617997133459 0.08994676095058737 0.03838182236892686 (1339 plane wave)
 1 -1.347917660240821 0.001562500000000037
 2 1.914594271438418 0.001562499126506905
 3 5.728747879896826 7.615836363908594e-14
 4 6.458696095435235 0.000000000000000
 5 8.241965935302769 0.000000000000000
 6 9.343877752678377 0.000000000000000
 7 11.58989753256843 0.000000000000000
 8 13.59260970895541 0.000000000000000
 9 15.41232941453113 0.000000000000000
 10 15.90690611984714 0.000000000000000
 11 16.74654400163426 0.000000000000000
 12 19.01266622915832 0.000000000000000

 spin=1 k-point=424/1284 Cartesian=0.09737022496416814 0.1011901060694107 0.03838182236892686 (1339 plane wave)
 1 -0.5226830496687463 0.001562500000000037
 2 2.697351188190805 0.001560311623794984
 3 4.345941185035366 7.711712164255609e-08
 4 6.975208667732899 0.000000000000000
 5 7.482391253061793 0.000000000000000
 6 8.308794520192784 0.000000000000000
 7 11.14978057202448 0.000000000000000
 8 12.15937370201959 0.000000000000000
 9 15.23046850045092 0.000000000000000
 10 15.55869093453202 0.000000000000000
 11 17.28218359230232 0.000000000000000
 12 18.75306849770744 0.000000000000000

 spin=1 k-point=425/1284 Cartesian=0.1168442699570017 0.1124334511882340 0.03838182236892686 (1339 plane wave)
 1 0.4494888084498765 0.001562499999999658
 2 2.756763317619964 0.001558540390434961
 3 3.846086391089915 1.134617319283211e-05
 4 6.100944009618367 1.842001395544137e-15
 5 7.537769288034225 0.000000000000000
 6 8.413798678782619 0.000000000000000
 7 10.45817283806815 0.000000000000000
 8 11.26389702434726 0.000000000000000
 9 15.05956563440420 0.000000000000000
 10 15.34861592499226 0.000000000000000
 11 17.94785608394935 0.000000000000000
 12 18.74308182413724 0.000000000000000

 spin=1 k-point=426/1284 Cartesian=0.1363183149498352 0.1236767963070574 0.03838182236892686 (1342 plane wave)
 1 1.558083168111132 0.001562499975285567
 2 1.565976829539219 0.001562499973255625
 3 4.829267560049158 6.139200049598312e-10
 4 4.932462440989966 2.187470031539690e-10
 5 7.557566549967377 0.000000000000000
 6 9.185449355182765 0.000000000000000
 7 9.509451507976078 0.000000000000000
 8 11.09749504460392 0.000000000000000
 9 14.99714785893870 0.000000000000000
 10 15.27809080791530 0.000000000000000
 11 18.15179454699012 0.000000000000000
 12 19.46189352516845 0.000000000000000

 spin=1 k-point=427/1284 Cartesian=0.1557923599426688 0.1349201414258807 0.03838182236892686 (1339 plane wave)
 1 0.4494888091974952 0.001562499999999658
 2 2.756763300695267 0.001558540391103415
 3 3.846086427597537 1.134616908069281e-05
 4 6.100943968473596 1.842002153431748e-15
 5 7.537769237232673 0.000000000000000
 6 8.413798803971982 0.000000000000000
 7 10.45817272329077 0.000000000000000
 8 11.26389708580861 0.000000000000000
 9 15.05956561816861 0.000000000000000
 10 15.34861594632131 0.000000000000000
 11 17.94785603699280 0.000000000000000
 12 18.74308189309195 0.000000000000000

 spin=1 k-point=428/1284 Cartesian=0.1363183149498352 0.03373003535647069 -0.03838182236892639 (1339 plane wave)
 1 -0.5226830494628664 0.001562500000000037
 2 2.697351179687398 0.001560311623980810
 3 4.345941216071283 7.711709770972839e-08
 4 6.975208574409520 0.000000000000000
 5 7.482391224439780 0.000000000000000
 6 8.308794660272103 0.000000000000000
 7 11.14978048135434 0.000000000000000
 8 12.15937375246539 0.000000000000000
 9 15.23046846942391 0.000000000000000
 10 15.55869098060113 0.000000000000000
 11 17.28218355467924 0.000000000000000
 12 18.75306853760893 0.000000000000000

 spin=1 k-point=429/1284 Cartesian=0.1168442699570017 0.02248669023764735 -0.03838182236892639 (1339 plane wave)
 1 -1.347917660213051 0.001562500000000037
 2 1.914594270387514 0.001562499126506915
 3 5.728747934051816 7.615832239553221e-14
 4 6.458696020927798 0.000000000000000
 5 8.241965915437481 0.000000000000000
 6 9.343877828555140 0.000000000000000
 7 11.58989747945972 0.000000000000000
 8 13.59260972767195 0.000000000000000
 9 15.41232939212236 0.000000000000000
 10 15.90690618673744 0.000000000000000
 11 16.74654394413174 0.000000000000000
 12 19.01266625287584 0.000000000000000

 spin=1 k-point=430/1284 Cartesian=-0.09737022496416733 -0.01124334511882266 0.03838182236892686 (1334 plane wave)
 1 -2.024233549557228 0.001562500000000037
 2 1.249686101496124 0.001562499998868680
 3 5.582805567373110 3.277458259267214e-13
 4 7.673265759252179 0.000000000000000
 5 8.817766079603048 0.000000000000000
 6 10.96691289039398 0.000000000000000
 7 12.12825949013860 0.000000000000000
 8 14.96997198312891 0.000000000000000
 9 15.50890614378113 0.000000000000000
 10 16.41625503415879 0.000000000000000
 11 16.75684632967956 0.000000000000000
 12 18.51644283266885 0.000000000000000

 spin=1 k-point=431/1284 Cartesian=-0.07789617997133380 0.000000000000000 0.03838182236892686 (1335 plane wave)
 1 -2.550775390311209 0.001562500000000037
 2 0.7283599687373523 0.001562499999993878
 3 5.100595256711058 4.071462522828743e-11
 4 9.461013715491887 0.000000000000000
 5 9.534215746413102 0.000000000000000
 6 12.69817764179537 0.000000000000000
 7 12.87705529876028 0.000000000000000
 8 14.85006434448124 0.000000000000000
 9 16.53689588660148 0.000000000000000
 10 16.88790468296019 0.000000000000000
 11 17.38951434120504 0.000000000000000
 12 17.47025990743791 0.000000000000000

 spin=1 k-point=432/1284 Cartesian=-0.05842213497850025 0.01124334511882401 0.03838182236892686 (1332 plane wave)
 1 -2.927104727131836 0.001562500000000037
 2 0.3547864620598013 0.001562499999999890
 3 4.741451067771799 1.477385454726914e-09
 4 10.31599860256489 0.000000000000000
 5 11.45146546209260 0.000000000000000
 6 13.55352055479261 0.000000000000000
 7 14.36618550321045 0.000000000000000
 8 14.82847740377009 0.000000000000000
 9 15.48458784950680 0.000000000000000
 10 17.54242361369202 0.000000000000000
 11 17.89998126727139 0.000000000000000
 12 18.71375285181016 0.000000000000000

 spin=1 k-point=433/1284 Cartesian=-0.03894808998566670 0.02248669023764735 0.03838182236892686 (1334 plane wave)
 1 -3.152982776497500 0.001562500000000037
 2 0.1303020093151440 0.001562500000000021
 3 4.523458063857419 1.306839991352180e-08
 4 11.27038105063215 0.000000000000000
 5 13.15102426364600 0.000000000000000
 6 13.86688770332125 0.000000000000000
 7 14.28171611628828 0.000000000000000
 8 15.11447945013339 0.000000000000000
 9 16.45678624664867 0.000000000000000
 10 17.35949003685766 0.000000000000000
 11 18.02991678396153 0.000000000000000
 12 19.05932990566374 0.000000000000000

 spin=1 k-point=434/1284 Cartesian=-0.01947404499283316 0.03373003535647068 0.03838182236892686 (1331 plane wave)
 1 -3.228287945908178 0.001562500000000037
 2 0.05542630211791383 0.001562500000000029
 3 4.450502683254529 2.710564737979287e-08
 4 12.31142402243279 0.000000000000000
 5 12.36184008682065 0.000000000000000
 6 14.18155229439257 0.000000000000000
 7 15.49987061382143 0.000000000000000
 8 15.63889835022752 0.000000000000000
 9 16.12538718667153 0.000000000000000
 10 16.40666681407764 0.000000000000000
 11 19.10784584428300 0.000000000000000
 12 19.11780991517856 0.000000000000000

 spin=1 k-point=435/1284 Cartesian=0.000000000000000 0.06746007071294047 0.03838182236892686 (1332 plane wave)
 1 -2.776555829300770 0.001562500000000037
 2 0.5042704990057961 0.001562499999999382
 3 4.885229087004670 3.508116242385427e-10
 4 9.292617428493763 0.000000000000000
 5 12.31980949979325 0.000000000000000
 6 12.44524089360854 0.000000000000000
 7 13.49297731922164 0.000000000000000
 8 14.88825342947990 0.000000000000000
 9 15.62671028921355 0.000000000000000
 10 16.42185369860596 0.000000000000000
 11 17.55718852714370 0.000000000000000
 12 19.61702267447608 0.000000000000000

 spin=1 k-point=436/1284 Cartesian=0.01947404499283394 0.07870341583176403 0.03838182236892686 (1339 plane wave)
 1 -2.475538541884311 0.001562500000000037
 2 0.8028855504500063 0.001562499999987060
 3 5.169630848361446 2.041421143919263e-11
 4 8.408327876143716 0.000000000000000
 5 10.67402058607467 0.000000000000000
 6 11.71282725938899 0.000000000000000
 7 13.95559684431711 0.000000000000000
 8 14.39780130594870 0.000000000000000
 9 15.08127852443005 0.000000000000000
 10 16.34107798706641 0.000000000000000
 11 17.80320679700274 0.000000000000000
 12 18.51830251115191 0.000000000000000

 spin=1 k-point=437/1284 Cartesian=0.03894808998566748 0.08994676095058736 0.03838182236892686 (1334 plane wave)
 1 -2.024233549514945 0.001562500000000037
 2 1.249686101114738 0.001562499998868680
 3 5.582805568040522 3.277458237393050e-13
 4 7.673265760987690 0.000000000000000
 5 8.817766078408393 0.000000000000000
 6 10.96691288713283 0.000000000000000
 7 12.12825949458037 0.000000000000000
 8 14.96997197981323 0.000000000000000
 9 15.50890614397979 0.000000000000000
 10 16.41625502933384 0.000000000000000
 11 16.75684633072441 0.000000000000000
 12 18.51644283502094 0.000000000000000

 spin=1 k-point=438/1284 Cartesian=0.05842213497850103 0.1011901060694107 0.03838182236892686 (1335 plane wave)
 1 -1.422975058407572 0.001562500000000037
 2 1.842177330898967 0.001562499576594273
 3 6.050744802955653 3.043003086046030e-15
 4 6.993973290765755 0.000000000000000
 5 7.235858332588498 0.000000000000000
 6 10.28634209907369 0.000000000000000
 7 10.46542748035691 0.000000000000000
 8 14.51921503801672 0.000000000000000
 9 14.80147356324707 0.000000000000000
 10 16.25163841298262 0.000000000000000
 11 17.95868838828066 0.000000000000000
 12 18.19003967986695 0.000000000000000

 spin=1 k-point=439/1284 Cartesian=0.07789617997133459 0.1124334511882340 0.03838182236892686 (1337 plane wave)
 1 -0.6723823708800296 0.001562500000000037
 2 2.570912906897050 0.001561881351354564
 3 5.335609449450883 3.882366500674285e-12
 4 6.419957022683100 0.000000000000000
 5 7.114827720274244 0.000000000000000
 6 8.806260709297081 0.000000000000000
 7 9.940185992739416 0.000000000000000
 8 13.10516447227629 0.000000000000000
 9 14.26742097381127 0.000000000000000
 10 16.80829637324868 0.000000000000000
 11 17.79152273053746 0.000000000000000
 12 19.83792711263395 0.000000000000000

 spin=1 k-point=440/1284 Cartesian=0.09737022496416814 0.1236767963070574 0.03838182236892686 (1348 plane wave)
 1 0.2262629963629138 0.001562499999999996
 2 3.301920572201318 0.0009813008820614034
 3 4.032332444324533 1.772821471597965e-06
 4 6.180753517680559 0.000000000000000
 5 7.049758903968108 0.000000000000000
 6 8.150072233391757 0.000000000000000
 7 9.653281986881582 0.000000000000000
 8 11.67330836954709 0.000000000000000
 9 13.98583027804196 0.000000000000000
 10 17.03845692778085 0.000000000000000
 11 18.13446226620407 0.000000000000000
 12 20.50988966033908 0.000000000000000

 spin=1 k-point=441/1284 Cartesian=0.1168442699570017 0.1349201414258807 0.03838182236892686 (1346 plane wave)
 1 1.269555994811899 0.001562499998619991
 2 2.441914554756689 0.001562329652470296
 3 4.570059574038368 8.200416907306818e-09
 4 5.648450831296659 1.699978155177431e-13
 5 6.270056267459691 0.000000000000000
 6 8.830533981811476 0.000000000000000
 7 9.612346293491198 0.000000000000000
 8 10.44250134060737 0.000000000000000
 9 13.84388018966355 0.000000000000000
 10 16.99110721840252 0.000000000000000
 11 18.99754385137432 0.000000000000000
 12 20.09418172289391 0.000000000000000

 spin=1 k-point=442/1284 Cartesian=0.1363183149498352 0.1461634865447040 0.03838182236892686 (1346 plane wave)
 1 1.269555995992800 0.001562499998619991
 2 2.441914549136432 0.001562329652479869
 3 4.570059606729561 8.200414226506490e-09
 4 5.648450782098619 1.699978991533777e-13
 5 6.270056273137468 0.000000000000000
 6 8.830534087052307 0.000000000000000
 7 9.612346151868200 0.000000000000000
 8 10.44250139232999 0.000000000000000
 9 13.84388019042088 0.000000000000000
 10 16.99110721853945 0.000000000000000
 11 18.99754383514592 0.000000000000000
 12 20.09418177792322 0.000000000000000

 spin=1 k-point=443/1284 Cartesian=0.1557923599426688 0.1574068316635274 0.03838182236892686 (1348 plane wave)
 1 0.2262629966283089 0.001562499999999996
 2 3.301920547506944 0.0009813009721988447
 3 4.032332491755074 1.772820631693189e-06
 4 6.180753480937625 0.000000000000000
 5 7.049758834686187 0.000000000000000
 6 8.150072386661526 0.000000000000000
 7 9.653281896485268 0.000000000000000
 8 11.67330838977244 0.000000000000000
 9 13.98583028059928 0.000000000000000
 10 17.03845692774892 0.000000000000000
 11 18.13446225714678 0.000000000000000
 12 20.50988969574616 0.000000000000000

 spin=1 k-point=444/1284 Cartesian=0.1363183149498352 0.01124334511882402 -0.03838182236892639 (1337 plane wave)
 1 -0.6723823708736733 0.001562500000000037
 2 2.570912905669244 0.001561881351362157
 3 5.335609481767442 3.882365246026899e-12
 4 6.419956965201074 0.000000000000000
 5 7.114827715104556 0.000000000000000
 6 8.806260793093182 0.000000000000000
 7 9.940185932307545 0.000000000000000
 8 13.10516447964988 0.000000000000000
 9 14.26742097908168 0.000000000000000
 10 16.80829637034520 0.000000000000000
 11 17.79152272680769 0.000000000000000
 12 19.83792711043824 0.000000000000000

 spin=1 k-point=445/1284 Cartesian=-0.1168442699570009 0.000000000000000 0.03838182236892686 (1335 plane wave)
 1 -1.422975058474556 0.001562500000000037
 2 1.842177331630380 0.001562499576594270
 3 6.050744801211936 3.043003139107414e-15
 4 6.993973289563034 0.000000000000000
 5 7.235858334136713 0.000000000000000
 6 10.28634210059790 0.000000000000000
 7 10.46542747829185 0.000000000000000
 8 14.51921504186888 0.000000000000000
 9 14.80147356344590 0.000000000000000
 10 16.25163840965124 0.000000000000000
 11 17.95868839048254 0.000000000000000
 12 18.19003967949048 0.000000000000000

 spin=1 k-point=446/1284 Cartesian=-0.09737022496416733 0.01124334511882401 0.03838182236892686 (1334 plane wave)
 1 -2.024233549592164 0.001562500000000037
 2 1.249686101953599 0.001562499998868680
 3 5.582805561937730 3.277458437409558e-13
 4 7.673265774159316 0.000000000000000
 5 8.817766079481064 0.000000000000000
 6 10.96691284515667 0.000000000000000
 7 12.12825953289980 0.000000000000000
 8 14.96997201081547 0.000000000000000
 9 15.50890608174769 0.000000000000000
 10 16.41625498079870 0.000000000000000
 11 16.75684642195626 0.000000000000000
 12 18.51644283123651 0.000000000000000

 spin=1 k-point=447/1284 Cartesian=-0.07789617997133380 0.02248669023764735 0.03838182236892686 (1339 plane wave)
 1 -2.475538541947149 0.001562500000000037
 2 0.8028855510886971 0.001562499999987060
 3 5.169630845044111 2.041421211640057e-11
 4 8.408327884371374 0.000000000000000
 5 10.67402060055280 0.000000000000000
 6 11.71282722009308 0.000000000000000
 7 13.95559686569136 0.000000000000000
 8 14.39780131097189 0.000000000000000
 9 15.08127849515268 0.000000000000000
 10 16.34107803940494 0.000000000000000
 11 17.80320674615366 0.000000000000000
 12 18.51830255221544 0.000000000000000

 spin=1 k-point=448/1284 Cartesian=-0.05842213497850025 0.03373003535647068 0.03838182236892686 (1332 plane wave)
 1 -2.776555829340636 0.001562500000000037
 2 0.5042704993894480 0.001562499999999382
 3 4.885229085376759 3.508116299494430e-10
 4 9.292617433856103 0.000000000000000
 5 12.31980950214817 0.000000000000000
 6 12.44524091711788 0.000000000000000
 7 13.49297725309185 0.000000000000000
 8 14.88825341510506 0.000000000000000
 9 15.62671029241051 0.000000000000000
 10 16.42185384495479 0.000000000000000
 11 17.55718840360915 0.000000000000000
 12 19.61702267152587 0.000000000000000

 spin=1 k-point=449/1284 Cartesian=-0.03894808998566670 0.04497338047529402 0.03838182236892686 (1332 plane wave)
 1 -2.927104727131323 0.001562500000000037
 2 0.3547864620749006 0.001562499999999890
 3 4.741451067790506 1.477385454450548e-09
 4 10.31599860303250 0.000000000000000
 5 11.45146546453709 0.000000000000000
 6 13.55352055521622 0.000000000000000
 7 14.36618549098325 0.000000000000000
 8 14.82847740132907 0.000000000000000
 9 15.48458785672031 0.000000000000000
 10 17.54242361577034 0.000000000000000
 11 17.89998127595289 0.000000000000000
 12 18.71375284432920 0.000000000000000

 spin=1 k-point=450/1284 Cartesian=-0.01947404499283316 0.05621672559411735 0.03838182236892686 (1332 plane wave)
 1 -2.927104727117776 0.001562500000000037
 2 0.3547864619469824 0.001562499999999890
 3 4.741451068281738 1.477385447193160e-09
 4 10.31599860051114 0.000000000000000
 5 11.45146546162762 0.000000000000000
 6 13.55352057843510 0.000000000000000
 7 14.36618546241997 0.000000000000000
 8 14.82847738565443 0.000000000000000
 9 15.48458791743079 0.000000000000000
 10 17.54242361069586 0.000000000000000
 11 17.89998115513930 0.000000000000000
 12 18.71375290586144 0.000000000000000

 spin=1 k-point=451/1284 Cartesian=0.000000000000000 0.08994676095058715 0.03838182236892686 (1334 plane wave)
 1 -2.249870347743812 0.001562500000000037
 2 1.026227626179797 0.001562499999878940
 3 5.371466397252759 2.712512495387937e-12
 4 7.464452888474150 0.000000000000000
 5 10.65158151514582 0.000000000000000
 6 11.63840725053791 0.000000000000000
 7 12.87723329591701 0.000000000000000
 8 14.75804221258324 0.000000000000000
 9 14.94604389835524 0.000000000000000
 10 15.45972916894166 0.000000000000000
 11 16.65263242088196 0.000000000000000
 12 19.38128721401597 0.000000000000000

 spin=1 k-point=452/1284 Cartesian=0.01947404499283394 0.1011901060694107 0.03838182236892686 (1337 plane wave)
 1 -1.873907816313752 0.001562500000000037
 2 1.397528375401497 0.001562499995037879
 3 5.669104522401731 1.382755765476745e-13
 4 6.708047254828828 0.000000000000000
 5 9.717897781583314 0.000000000000000
 6 10.30835237370253 0.000000000000000
 7 13.31898506252171 0.000000000000000
 8 13.84949037826866 0.000000000000000
 9 14.32411566201997 0.000000000000000
 10 15.93513440065199 0.000000000000000
 11 17.19299622669187 0.000000000000000
 12 18.12445841511445 0.000000000000000

 spin=1 k-point=453/1284 Cartesian=0.03894808998566748 0.1124334511882340 0.03838182236892686 (1339 plane wave)
 1 -1.347917660169693 0.001562500000000037
 2 1.914594269826622 0.001562499126506919
 3 5.728747935705893 7.615832113581434e-14
 4 6.458696022230134 0.000000000000000
 5 8.241965915025999 0.000000000000000
 6 9.343877824406320 0.000000000000000
 7 11.58989748544584 0.000000000000000
 8 13.59260971873511 0.000000000000000
 9 15.41232939797329 0.000000000000000
 10 15.90690618365546 0.000000000000000
 11 16.74654394358425 0.000000000000000
 12 19.01266625364454 0.000000000000000

 spin=1 k-point=454/1284 Cartesian=0.05842213497850103 0.1236767963070574 0.03838182236892686 (1337 plane wave)
 1 -0.6723823708018625 0.001562500000000037
 2 2.570912904505787 0.001561881351369352
 3 5.335609483795279 3.882365167298842e-12
 4 6.419956967578836 0.000000000000000
 5 7.114827713729382 0.000000000000000
 6 8.806260787925510 0.000000000000000
 7 9.940185937847378 0.000000000000000
 8 13.10516447299340 0.000000000000000
 9 14.26742098106258 0.000000000000000
 10 16.80829637830051 0.000000000000000
 11 17.79152271772140 0.000000000000000
 12 19.83792711185030 0.000000000000000

 spin=1 k-point=455/1284 Cartesian=0.07789617997133459 0.1349201414258807 0.03838182236892686 (1343 plane wave)
 1 0.1517777472902249 0.001562500000000017
 2 3.333616777462222 0.0008617536956648185
 3 4.963275634732199 1.607393082904967e-10
 4 5.043101248790419 7.235087665925628e-11
 5 7.552497197184630 0.000000000000000
 6 8.286721697110760 0.000000000000000
 7 8.776918613320914 0.000000000000000
 8 12.70766811084863 0.000000000000000
 9 12.79049870263568 0.000000000000000
 10 17.72611809065620 0.000000000000000
 11 19.51319118930813 0.000000000000000
 12 19.62677493799799 0.000000000000000

 spin=1 k-point=456/1284 Cartesian=0.09737022496416814 0.1461634865447041 0.03838182236892686 (1351 plane wave)
 1 1.122489840245360 0.001562499999682939
 2 3.422968494482536 0.0005230764914150928
 3 4.321078204961585 9.888338800801545e-08
 4 4.929931041102076 2.243550466631562e-10
 5 6.835595729087037 0.000000000000000
 6 7.933461276118939 0.000000000000000
 7 9.156733143682652 0.000000000000000
 8 11.36694830489716 0.000000000000000
 9 12.53100845635960 0.000000000000000
 10 18.57999461131987 0.000000000000000
 11 19.46527479432227 0.000000000000000
 12 21.09263691541761 0.000000000000000

 spin=1 k-point=457/1284 Cartesian=0.1168442699570017 0.1574068316635274 0.03838182236892686 (1347 plane wave)
 1 2.220776861509950 0.001562481336677196
 2 2.245701935039582 0.001562476053847441
 3 4.505667169028304 1.561300872025893e-08
 4 5.596436708254830 2.859814489311222e-13
 5 5.729556638092877 7.554491050096695e-14
 6 7.905232788070336 0.000000000000000
 7 10.11837481819974 0.000000000000000
 8 10.17713092731253 0.000000000000000
 9 12.45755895121122 0.000000000000000
 10 18.94497629997036 0.000000000000000
 11 19.82731285881920 0.000000000000000
 12 20.33694904651953 0.000000000000000

 spin=1 k-point=458/1284 Cartesian=0.1363183149498352 0.1686501767823507 0.03838182236892686 (1351 plane wave)
 1 1.122489840475088 0.001562499999682939
 2 3.422968480434274 0.0005230765402983825
 3 4.321078259251975 9.888333432723836e-08
 4 4.929930996755696 2.243551461565296e-10
 5 6.835595705636517 0.000000000000000
 6 7.933461334009913 0.000000000000000
 7 9.156733105156389 0.000000000000000
 8 11.36694831427317 0.000000000000000
 9 12.53100845572446 0.000000000000000
 10 18.57999460608897 0.000000000000000
 11 19.46527480061241 0.000000000000000
 12 21.09263691220524 0.000000000000000

 spin=1 k-point=459/1284 Cartesian=0.1557923599426688 0.1798935219011741 0.03838182236892686 (1343 plane wave)
 1 0.1517777471723427 0.001562500000000017
 2 3.333616780093310 0.0008617536854962604
 3 4.963275633495106 1.607393102789911e-10
 4 5.043101245865515 7.235087877545122e-11
 5 7.552497198771221 0.000000000000000
 6 8.286721698584003 0.000000000000000
 7 8.776918610604474 0.000000000000000
 8 12.70766811351174 0.000000000000000
 9 12.79049870236641 0.000000000000000
 10 17.72611808809005 0.000000000000000
 11 19.51319119186445 0.000000000000000
 12 19.62677493774923 0.000000000000000

 spin=1 k-point=460/1284 Cartesian=-0.1363183149498344 0.01124334511882402 0.03838182236892686 (1337 plane wave)
 1 -0.6723823709832415 0.001562500000000037
 2 2.570912908287921 0.001561881351345963
 3 5.335609448021197 3.882366556179944e-12
 4 6.419957021114940 0.000000000000000
 5 7.114827722699325 0.000000000000000
 6 8.806260704371347 0.000000000000000
 7 9.940185996544864 0.000000000000000
 8 13.10516446929602 0.000000000000000
 9 14.26742097846255 0.000000000000000
 10 16.80829637552961 0.000000000000000
 11 17.79152272354161 0.000000000000000
 12 19.83792711709622 0.000000000000000

 spin=1 k-point=461/1284 Cartesian=-0.1168442699570009 0.02248669023764736 0.03838182236892686 (1339 plane wave)
 1 -1.347917660335737 0.001562500000000037
 2 1.914594272440749 0.001562499126506897
 3 5.728747877251879 7.615836565343462e-14
 4 6.458696098720911 0.000000000000000
 5 8.241965933385101 0.000000000000000
 6 9.343877749401575 0.000000000000000
 7 11.58989753675426 0.000000000000000
 8 13.59260970576947 0.000000000000000
 9 15.41232942110786 0.000000000000000
 10 15.90690611644788 0.000000000000000
 11 16.74654399920768 0.000000000000000
 12 19.01266623072084 0.000000000000000

 spin=1 k-point=462/1284 Cartesian=-0.09737022496416733 0.03373003535647070 0.03838182236892686 (1337 plane wave)
 1 -1.873907816442365 0.001562500000000037
 2 1.397528377099037 0.001562499995037879
 3 5.669104493888309 1.382756159747876e-13
 4 6.708047293912489 0.000000000000000
 5 9.717897812500016 0.000000000000000
 6 10.30835230738858 0.000000000000000
 7 13.31898509799591 0.000000000000000
 8 13.84949031853144 0.000000000000000
 9 14.32411573483497 0.000000000000000
 10 15.93513439765360 0.000000000000000
 11 17.19299618937079 0.000000000000000
 12 18.12445841788420 0.000000000000000

 spin=1 k-point=463/1284 Cartesian=-0.07789617997133380 0.04497338047529403 0.03838182236892686 (1334 plane wave)
 1 -2.249870347829580 0.001562500000000037
 2 1.026227627199769 0.001562499999878940
 3 5.371466388269826 2.712512739051199e-12
 4 7.464452904957121 0.000000000000000
 5 10.65158151625402 0.000000000000000
 6 11.63840725292704 0.000000000000000
 7 12.87723321791420 0.000000000000000
 8 14.75804227555162 0.000000000000000
 9 14.94604390128977 0.000000000000000
 10 15.45972929120698 0.000000000000000
 11 16.65263227145886 0.000000000000000
 12 19.38128721393930 0.000000000000000

 spin=1 k-point=464/1284 Cartesian=-0.05842213497850025 0.05621672559411737 0.03838182236892686 (1339 plane wave)
 1 -2.475538541946134 0.001562500000000037
 2 0.8028855511049444 0.001562499999987060
 3 5.169630845081607 2.041421210874604e-11
 4 8.408327884674842 0.000000000000000
 5 10.67402060190816 0.000000000000000
 6 11.71282722099714 0.000000000000000
 7 13.95559685764747 0.000000000000000
 8 14.39780130366542 0.000000000000000
 9 15.08127850011286 0.000000000000000
 10 16.34107805340226 0.000000000000000
 11 17.80320673979891 0.000000000000000
 12 18.51830255310168 0.000000000000000

 spin=1 k-point=465/1284 Cartesian=-0.03894808998566670 0.06746007071294070 0.03838182236892686 (1335 plane wave)
 1 -2.550775390309813 0.001562500000000037
 2 0.7283599687644937 0.001562499999993878
 3 5.100595256789319 4.071462519642393e-11
 4 9.461013723509122 0.000000000000000
 5 9.534215740644610 0.000000000000000
 6 12.69817763373177 0.000000000000000
 7 12.87705530313782 0.000000000000000
 8 14.85006433735252 0.000000000000000
 9 16.53689589012047 0.000000000000000
 10 16.88790468100908 0.000000000000000
 11 17.38951434740201 0.000000000000000
 12 17.47025990918974 0.000000000000000

 spin=1 k-point=466/1284 Cartesian=-0.01947404499283316 0.07870341583176405 0.03838182236892686 (1339 plane wave)
 1 -2.475538541903603 0.001562500000000037
 2 0.8028855506272827 0.001562499999987060
 3 5.169630848180682 2.041421147609429e-11
 4 8.408327876220016 0.000000000000000
 5 10.67402058876131 0.000000000000000
 6 11.71282725770308 0.000000000000000
 7 13.95559683802614 0.000000000000000
 8 14.39780129666929 0.000000000000000
 9 15.08127853264310 0.000000000000000
 10 16.34107799868893 0.000000000000000
 11 17.80320679599007 0.000000000000000
 12 18.51830250713308 0.000000000000000

 spin=1 k-point=467/1284 Cartesian=0.000000000000000 0.1124334511882338 0.03838182236892686 (1340 plane wave)
 1 -1.573357762168446 0.001562500000000037
 2 1.692082811568712 0.001562499905614710
 3 5.505673029505910 7.087933054985561e-13
 4 6.269934189914912 0.000000000000000
 5 8.975278066458852 0.000000000000000
 6 11.10799229643015 0.000000000000000
 7 12.28860227773755 0.000000000000000
 8 13.42895690358201 0.000000000000000
 9 14.41612304743866 0.000000000000000
 10 15.50693255786487 0.000000000000000
 11 16.46381747426604 0.000000000000000
 12 18.85551360554227 0.000000000000000

 spin=1 k-point=468/1284 Cartesian=0.01947404499283394 0.1236767963070574 0.03838182236892686 (1340 plane wave)
 1 -1.122810498405510 0.001562500000000037
 2 2.129763257780568 0.001562492488530458
 3 4.892053603794585 3.276690897815663e-10
 4 6.554509565406100 0.000000000000000
 5 8.231451999317253 0.000000000000000
 6 9.747110358494718 0.000000000000000
 7 12.37941864186779 0.000000000000000
 8 13.13254618052140 0.000000000000000
 9 13.63678309252308 0.000000000000000
 10 16.37907768597448 0.000000000000000
 11 16.77323574849132 0.000000000000000
 12 17.82192652083114 0.000000000000000

 spin=1 k-point=469/1284 Cartesian=0.03894808998566748 0.1349201414258807 0.03838182236892686 (1339 plane wave)
 1 -0.5226830494172603 0.001562500000000037
 2 2.697351178232760 0.001560311624012598
 3 4.345941218710685 7.711709567439841e-08
 4 6.975208578322098 0.000000000000000
 5 7.482391223797629 0.000000000000000
 6 8.308794653759712 0.000000000000000
 7 11.14978049160783 0.000000000000000
 8 12.15937373963556 0.000000000000000
 9 15.23046847279169 0.000000000000000
 10 15.55869097979254 0.000000000000000
 11 17.28218355506994 0.000000000000000
 12 18.75306853852705 0.000000000000000

 spin=1 k-point=470/1284 Cartesian=0.05842213497850103 0.1461634865447041 0.03838182236892686 (1348 plane wave)
 1 0.2262629967094912 0.001562499999999996
 2 3.301920543610426 0.0009813009864216046
 3 4.032332496413558 1.772820549200313e-06
 4 6.180753482043205 0.000000000000000
 5 7.049758837815072 0.000000000000000
 6 8.150072377452174 0.000000000000000
 7 9.653281904849559 0.000000000000000
 8 11.67330838151411 0.000000000000000
 9 13.98583028260221 0.000000000000000
 10 17.03845693335492 0.000000000000000
 11 18.13446225112631 0.000000000000000
 12 20.50988969749093 0.000000000000000

 spin=1 k-point=471/1284 Cartesian=0.07789617997133459 0.1574068316635274 0.03838182236892686 (1351 plane wave)
 1 1.122489840625254 0.001562499999682939
 2 3.422968478085457 0.0005230765484714860
 3 4.321078259548583 9.888333403396009e-08
 4 4.929931000292194 2.243551382222160e-10
 5 6.835595706216365 0.000000000000000
 6 7.933461330076587 0.000000000000000
 7 9.156733109419061 0.000000000000000
 8 11.36694830773105 0.000000000000000
 9 12.53100845870748 0.000000000000000
 10 18.57999461344378 0.000000000000000
 11 19.46527479115303 0.000000000000000
 12 21.09263690880043 0.000000000000000

 spin=1 k-point=472/1284 Cartesian=0.09737022496416814 0.1686501767823507 0.03838182236892686 (1352 plane wave)
 1 2.161910542191771 0.001562489640518099
 2 3.284859224209932 0.001042101315212864
 3 3.380589321695741 0.0006791413618942221
 4 5.565142430217255 3.910634417002388e-13
 5 6.675752226190321 0.000000000000000
 6 6.733769219853609 0.000000000000000
 7 10.06248017552788 0.000000000000000
 8 11.20321166036949 0.000000000000000
 9 11.22825887458448 0.000000000000000
 10 19.72946194672111 0.000000000000000
 11 20.59668857892660 0.000000000000000
 12 21.04470228248708 0.000000000000000

 spin=1 k-point=473/1284 Cartesian=0.1168442699570017 0.1798935219011741 0.03838182236892686 (1352 plane wave)
 1 2.161910541882298 0.001562489640518131
 2 3.284859226511246 0.001042101307225527
 3 3.380589320490569 0.0006791413665215083
 4 5.565142428057048 3.910634501480200e-13
 5 6.675752225847260 0.000000000000000
 6 6.733769221562429 0.000000000000000
 7 10.06248017422663 0.000000000000000
 8 11.20321166241088 0.000000000000000
 9 11.22825887411208 0.000000000000000
 10 19.72946194451500 0.000000000000000
 11 20.59668858052268 0.000000000000000
 12 21.04470228076844 0.000000000000000

 spin=1 k-point=474/1284 Cartesian=0.1363183149498352 0.1911368670199974 0.03838182236892686 (1351 plane wave)
 1 1.122489840043613 0.001562499999682939
 2 3.422968496574573 0.0005230764841354955
 3 4.321078207102317 9.888338589132106e-08
 4 4.929931035696140 2.243550587916481e-10
 5 6.835595731371409 0.000000000000000
 6 7.933461274410202 0.000000000000000
 7 9.156733144274227 0.000000000000000
 8 11.36694830065676 0.000000000000000
 9 12.53100846112078 0.000000000000000
 10 18.57999461387972 0.000000000000000
 11 19.46527478726008 0.000000000000000
 12 21.09263691297431 0.000000000000000

 spin=1 k-point=475/1284 Cartesian=0.1557923599426688 0.2023802121388207 0.03838182236892686 (1348 plane wave)
 1 0.2262629961995584 0.001562499999999996
 2 3.301920575826598 0.0009813008688286935
 3 4.032332441833248 1.772821515713894e-06
 4 6.180753514600527 0.000000000000000
 5 7.049758909790921 0.000000000000000
 6 8.150072224967875 0.000000000000000
 7 9.653281992507916 0.000000000000000
 8 11.67330836471045 0.000000000000000
 9 13.98583028241347 0.000000000000000
 10 17.03845693081399 0.000000000000000
 11 18.13446225985906 0.000000000000000
 12 20.50988966175973 0.000000000000000

 spin=1 k-point=476/1284 Cartesian=-0.1363183149498344 0.03373003535647069 0.03838182236892686 (1339 plane wave)
 1 -0.5226830498093893 0.001562500000000037
 2 2.697351190221775 0.001560311623750601
 3 4.345941183573070 7.711712277018080e-08
 4 6.975208673628436 0.000000000000000
 5 7.482391247161120 0.000000000000000
 6 8.308794516186598 0.000000000000000
 7 11.14978057870038 0.000000000000000
 8 12.15937369543405 0.000000000000000
 9 15.23046850434701 0.000000000000000
 10 15.55869093512402 0.000000000000000
 11 17.28218359046922 0.000000000000000
 12 18.75306849776508 0.000000000000000

 spin=1 k-point=477/1284 Cartesian=-0.1168442699570009 0.04497338047529403 0.03838182236892686 (1340 plane wave)
 1 -1.122810498687968 0.001562500000000037
 2 2.129763263437319 0.001562492488530034
 3 4.892053566418439 3.276692122516674e-10
 4 6.554509631568377 0.000000000000000
 5 8.231451980291524 0.000000000000000
 6 9.747110314194376 0.000000000000000
 7 12.37941868482451 0.000000000000000
 8 13.13254614506567 0.000000000000000
 9 13.63678313186113 0.000000000000000
 10 16.37907772041488 0.000000000000000
 11 16.77323568383173 0.000000000000000
 12 17.82192651419946 0.000000000000000

 spin=1 k-point=478/1284 Cartesian=-0.09737022496416733 0.05621672559411737 0.03838182236892686 (1340 plane wave)
 1 -1.573357762356846 0.001562500000000037
 2 1.692082814562766 0.001562499905614708
 3 5.505672969085730 7.087937337529806e-13
 4 6.269934266724014 0.000000000000000
 5 8.975278050804489 0.000000000000000
 6 11.10799229883941 0.000000000000000
 7 12.28860216715643 0.000000000000000
 8 13.42895703695172 0.000000000000000
 9 14.41612305023742 0.000000000000000
 10 15.50693262557418 0.000000000000000
 11 16.46381734205176 0.000000000000000
 12 18.85551360672143 0.000000000000000

 spin=1 k-point=479/1284 Cartesian=-0.07789617997133380 0.06746007071294070 0.03838182236892686 (1337 plane wave)
 1 -1.873907816440692 0.001562500000000037
 2 1.397528377111430 0.001562499995037879
 3 5.669104493841685 1.382756160392573e-13
 4 6.708047294295294 0.000000000000000
 5 9.717897811707999 0.000000000000000
 6 10.30835231007660 0.000000000000000
 7 13.31898508529719 0.000000000000000
 8 13.84949032085816 0.000000000000000
 9 14.32411573868228 0.000000000000000
 10 15.93513440714534 0.000000000000000
 11 17.19299618382927 0.000000000000000
 12 18.12445841819958 0.000000000000000

 spin=1 k-point=480/1284 Cartesian=-0.05842213497850025 0.07870341583176403 0.03838182236892686 (1334 plane wave)
 1 -2.024233549589717 0.001562500000000037
 2 1.249686101973888 0.001562499998868680
 3 5.582805562012423 3.277458434961527e-13
 4 7.673265775140053 0.000000000000000
 5 8.817766080344553 0.000000000000000
 6 10.96691284467447 0.000000000000000
 7 12.12825952885812 0.000000000000000
 8 14.96997201031109 0.000000000000000
 9 15.50890607493226 0.000000000000000
 10 16.41625498704214 0.000000000000000
 11 16.75684642759723 0.000000000000000
 12 18.51644283044758 0.000000000000000

 spin=1 k-point=481/1284 Cartesian=-0.03894808998566670 0.08994676095058737 0.03838182236892686 (1334 plane wave)
 1 -2.024233549554600 0.001562500000000037
 2 1.249686101510335 0.001562499998868680
 3 5.582805567586604 3.277458252270016e-13
 4 7.673265761378696 0.000000000000000
 5 8.817766079918325 0.000000000000000
 6 10.96691288527802 0.000000000000000
 7 12.12825949077727 0.000000000000000
 8 14.96997198077137 0.000000000000000
 9 15.50890613962930 0.000000000000000
 10 16.41625503739136 0.000000000000000
 11 16.75684633205325 0.000000000000000
 12 18.51644283412472 0.000000000000000

 spin=1 k-point=482/1284 Cartesian=-0.01947404499283316 0.1011901060694107 0.03838182236892686 (1337 plane wave)
 1 -1.873907816332930 0.001562500000000037
 2 1.397528375602151 0.001562499995037879
 3 5.669104522189033 1.382755768417825e-13
 4 6.708047254920644 0.000000000000000
 5 9.717897784066567 0.000000000000000
 6 10.30835237172589 0.000000000000000
 7 13.31898504968726 0.000000000000000
 8 13.84949038543843 0.000000000000000
 9 14.32411566450446 0.000000000000000
 10 15.93513440661109 0.000000000000000
 11 17.19299622833745 0.000000000000000
 12 18.12445840892889 0.000000000000000

 spin=1 k-point=483/1284 Cartesian=0.000000000000000 0.1349201414258805 0.03838182236892686 (1346 plane wave)
 1 -0.7478657573870695 0.001562500000000037
 2 2.475905827299176 0.001562260702076514
 3 4.124291153796641 7.072772777027719e-07
 4 6.776420120479217 0.000000000000000
 5 7.571371275992146 0.000000000000000
 6 10.72896762778591 0.000000000000000
 7 11.44756814425607 0.000000000000000
 8 12.42616886528101 0.000000000000000
 9 14.03741597510059 0.000000000000000
 10 15.31348743170580 0.000000000000000
 11 16.99360950955143 0.000000000000000
 12 18.47875395423519 0.000000000000000

 spin=1 k-point=484/1284 Cartesian=0.01947404499283394 0.1461634865447040 0.03838182236892686 (1343 plane wave)
 1 -0.2235046664744161 0.001562500000000036
 2 2.860910069843152 0.001551332833382034
 3 3.597119970578138 0.0001266355588590454
 4 6.569904114345816 0.000000000000000
 5 7.578934063669852 0.000000000000000
 6 9.423639569395732 0.000000000000000
 7 11.06432724022960 0.000000000000000
 8 12.76461593696615 0.000000000000000
 9 13.32081843211660 0.000000000000000
 10 16.37950247184710 0.000000000000000
 11 16.89168112762887 0.000000000000000
 12 17.93455925607008 0.000000000000000

 spin=1 k-point=485/1284 Cartesian=0.03894808998566748 0.1574068316635274 0.03838182236892686 (1339 plane wave)
 1 0.4494888092481102 0.001562499999999658
 2 2.756763298500960 0.001558540391190081
 3 3.846086431224653 1.134616867214248e-05
 4 6.100943968942568 1.842002144793253e-15
 5 7.537769240678174 0.000000000000000
 6 8.413798796568154 0.000000000000000
 7 10.45817273207394 0.000000000000000
 8 11.26389707477273 0.000000000000000
 9 15.05956561936262 0.000000000000000
 10 15.34861594677885 0.000000000000000
 11 17.94785604046095 0.000000000000000
 12 18.74308189223775 0.000000000000000

 spin=1 k-point=486/1284 Cartesian=0.05842213497850103 0.1686501767823507 0.03838182236892686 (1346 plane wave)
 1 1.269555996116555 0.001562499998619991
 2 2.441914548298338 0.001562329652481296
 3 4.570059608592614 8.200414073729230e-09
 4 5.648450781253266 1.699979005904606e-13
 5 6.270056275572441 0.000000000000000
 6 8.830534079241875 0.000000000000000
 7 9.612346165764883 0.000000000000000
 8 10.44250137964161 0.000000000000000
 9 13.84388019239309 0.000000000000000
 10 16.99110721988491 0.000000000000000
 11 18.99754383518898 0.000000000000000
 12 20.09418178003486 0.000000000000000

 spin=1 k-point=487/1284 Cartesian=0.07789617997133459 0.1798935219011741 0.03838182236892686 (1347 plane wave)
 1 2.220776867800203 0.001562481336676022
 2 2.245701928552724 0.001562476053848994
 3 4.505667168956765 1.561300873142821e-08
 4 5.596436701342268 2.859814686997756e-13
 5 5.729556647172781 7.554490364156021e-14
 6 7.905232788514168 0.000000000000000
 7 10.11837482010328 0.000000000000000
 8 10.17713091912126 0.000000000000000
 9 12.45755895417109 0.000000000000000
 10 18.94497630033285 0.000000000000000
 11 19.82731286293469 0.000000000000000
 12 20.33694904225397 0.000000000000000

 spin=1 k-point=488/1284 Cartesian=0.09737022496416814 0.1911368670199974 0.03838182236892686 (1352 plane wave)
 1 2.161910542468012 0.001562489640518070
 2 3.284859219481762 0.001042101331623272
 3 3.380589326519233 0.0006791413433743130
 4 5.565142428246976 3.910634494052779e-13
 5 6.675752236458207 0.000000000000000
 6 6.733769212978664 0.000000000000000
 7 10.06248016788511 0.000000000000000
 8 11.20321165930254 0.000000000000000
 9 11.22825888130709 0.000000000000000
 10 19.72946193821137 0.000000000000000
 11 20.59668858844729 0.000000000000000
 12 21.04470228770492 0.000000000000000

 spin=1 k-point=489/1284 Cartesian=0.1168442699570017 0.2023802121388207 0.03838182236892686 (1347 plane wave)
 1 2.220776866675687 0.001562481336676232
 2 2.245701929876255 0.001562476053848677
 3 4.505667170392807 1.561300850722097e-08
 4 5.596436701846496 2.859814672577736e-13
 5 5.729556643897504 7.554490611586559e-14
 6 7.905232789232638 0.000000000000000
 7 10.11837481873031 0.000000000000000
 8 10.17713092001637 0.000000000000000
 9 12.45755895569734 0.000000000000000
 10 18.94497629960388 0.000000000000000
 11 19.82731285871522 0.000000000000000
 12 20.33694904522805 0.000000000000000

 spin=1 k-point=490/1284 Cartesian=0.1363183149498352 0.2136235572576441 0.03838182236892686 (1346 plane wave)
 1 1.269555994532637 0.001562499998619991
 2 2.441914555636214 0.001562329652468798
 3 4.570059575995189 8.200416746840151e-09
 4 5.648450827845849 1.699978213840469e-13
 5 6.270056269610894 0.000000000000000
 6 8.830533976128711 0.000000000000000
 7 9.612346301758150 0.000000000000000
 8 10.44250133248680 0.000000000000000
 9 13.84388019371602 0.000000000000000
 10 16.99110721884611 0.000000000000000
 11 18.99754384909674 0.000000000000000
 12 20.09418172237646 0.000000000000000

 spin=1 k-point=491/1284 Cartesian=0.1557923599426688 0.2248669023764674 0.03838182236892686 (1339 plane wave)
 1 0.4494888082233626 0.001562499999999658
 2 2.756763319535179 0.001558540390359318
 3 3.846086390633630 1.134617324422720e-05
 4 6.100944010409661 1.842001380968482e-15
 5 7.537769288005907 0.000000000000000
 6 8.413798673212932 0.000000000000000
 7 10.45817284344432 0.000000000000000
 8 11.26389701862437 0.000000000000000
 9 15.05956563551479 0.000000000000000
 10 15.34861592778414 0.000000000000000
 11 17.94785608511139 0.000000000000000
 12 18.74308182212612 0.000000000000000

 spin=1 k-point=492/1284 Cartesian=-0.1363183149498344 0.05621672559411736 0.03838182236892686 (1343 plane wave)
 1 -0.2235046671460184 0.001562500000000036
 2 2.860910105801743 0.001551332829395175
 3 3.597119914985136 0.0001266356235538529
 4 6.569904187355431 0.000000000000000
 5 7.578934023684009 0.000000000000000
 6 9.423639515591640 0.000000000000000
 7 11.06432728615136 0.000000000000000
 8 12.76461592701766 0.000000000000000
 9 13.32081844655670 0.000000000000000
 10 16.37950249321183 0.000000000000000
 11 16.89168109717903 0.000000000000000
 12 17.93455923005266 0.000000000000000

 spin=1 k-point=493/1284 Cartesian=-0.1168442699570009 0.06746007071294070 0.03838182236892686 (1346 plane wave)
 1 -0.7478657578208773 0.001562500000000037
 2 2.475905840135761 0.001562260702045801
 3 4.124291118088701 7.072775301426987e-07
 4 6.776420222669494 0.000000000000000
 5 7.571371198373306 0.000000000000000
 6 10.72896763021043 0.000000000000000
 7 11.44756805096024 0.000000000000000
 8 12.42616897178985 0.000000000000000
 9 14.03741597778386 0.000000000000000
 10 15.31348745361833 0.000000000000000
 11 16.99360942618843 0.000000000000000
 12 18.47875395593884 0.000000000000000

 spin=1 k-point=494/1284 Cartesian=-0.09737022496416733 0.07870341583176403 0.03838182236892686 (1340 plane wave)
 1 -1.122810498684802 0.001562500000000037
 2 2.129763263432020 0.001562492488530034
 3 4.892053566418908 3.276692122501331e-10
 4 6.554509631978620 0.000000000000000
 5 8.231451979833988 0.000000000000000
 6 9.747110316395926 0.000000000000000
 7 12.37941867210815 0.000000000000000
 8 13.13254615607080 0.000000000000000
 9 13.63678313038298 0.000000000000000
 10 16.37907772703517 0.000000000000000
 11 16.77323567861322 0.000000000000000
 12 17.82192651357705 0.000000000000000

 spin=1 k-point=495/1284 Cartesian=-0.07789617997133380 0.08994676095058737 0.03838182236892686 (1339 plane wave)
 1 -1.347917660331749 0.001562500000000037
 2 1.914594272438477 0.001562499126506897
 3 5.728747876877047 7.615836593890072e-14
 4 6.458696100126906 0.000000000000000
 5 8.241965933802685 0.000000000000000
 6 9.343877749761303 0.000000000000000
 7 11.58989753030786 0.000000000000000
 8 13.59260971178815 0.000000000000000
 9 15.41232941097665 0.000000000000000
 10 15.90690611903777 0.000000000000000
 11 16.74654400696794 0.000000000000000
 12 19.01266622942607 0.000000000000000

 spin=1 k-point=496/1284 Cartesian=-0.05842213497850025 0.1011901060694107 0.03838182236892686 (1335 plane wave)
 1 -1.422975058470755 0.001562500000000037
 2 1.842177331603045 0.001562499576594270
 3 6.050744800863336 3.043003149715326e-15
 4 6.993973296718296 0.000000000000000
 5 7.235858329822013 0.000000000000000
 6 10.28634209218042 0.000000000000000
 7 10.46542748189746 0.000000000000000
 8 14.51921504036354 0.000000000000000
 9 14.80147356874083 0.000000000000000
 10 16.25163840046316 0.000000000000000
 11 17.95868840345380 0.000000000000000
 12 18.19003967430183 0.000000000000000

 spin=1 k-point=497/1284 Cartesian=-0.03894808998566670 0.1124334511882340 0.03838182236892686 (1339 plane wave)
 1 -1.347917660209655 0.001562500000000037
 2 1.914594270277511 0.001562499126506915
 3 5.728747935271279 7.615832146680943e-14
 4 6.458696022345381 0.000000000000000
 5 8.241965917433280 0.000000000000000
 6 9.343877822137623 0.000000000000000
 7 11.58989747887738 0.000000000000000
 8 13.59260972811101 0.000000000000000
 9 15.41232938702261 0.000000000000000
 10 15.90690618997435 0.000000000000000
 11 16.74654394627869 0.000000000000000
 12 19.01266625174356 0.000000000000000

 spin=1 k-point=498/1284 Cartesian=-0.01947404499283316 0.1236767963070574 0.03838182236892686 (1340 plane wave)
 1 -1.122810498424748 0.001562500000000037
 2 2.129763258003408 0.001562492488530442
 3 4.892053603756736 3.276690899055829e-10
 4 6.554509565333292 0.000000000000000
 5 8.231451999958731 0.000000000000000
 6 9.747110357918590 0.000000000000000
 7 12.37941863118265 0.000000000000000
 8 13.13254619500733 0.000000000000000
 9 13.63678308824479 0.000000000000000
 10 16.37907768707927 0.000000000000000
 11 16.77323575343341 0.000000000000000
 12 17.82192651366558 0.000000000000000

 spin=1 k-point=499/1284 Cartesian=0.000000000000000 0.1574068316635272 0.03838182236892686 (1343 plane wave)
 1 0.2246258891503590 0.001562499999999997
 2 2.532203634032016 0.001562079866816852
 3 3.630312078323128 9.299543751590942e-05
 4 5.899298863502524 1.383642559523400e-14
 5 7.974514894403764 0.000000000000000
 6 10.22907366833359 0.000000000000000
 7 10.50150347495141 0.000000000000000
 8 12.05742667769719 0.000000000000000
 9 13.81013050544776 0.000000000000000
 10 15.12901296459216 0.000000000000000
 11 17.77318973725914 0.000000000000000
 12 18.25239511615601 0.000000000000000

 spin=1 k-point=500/1284 Cartesian=0.01947404499283394 0.1686501767823507 0.03838182236892686 (1341 plane wave)
 1 0.8206149194208443 0.001562499999984543
 2 1.993637114946423 0.001562498074524551
 3 4.164691176101278 4.722804160077394e-07
 4 5.324190808941826 4.351981781571586e-12
 5 8.451140580658823 0.000000000000000
 6 9.218482122224323 0.000000000000000
 7 9.892284631997001 0.000000000000000
 8 12.60101266727690 0.000000000000000
 9 13.16978239407173 0.000000000000000
 10 16.24193019852662 0.000000000000000
 11 16.95363523134643 0.000000000000000
 12 18.66063262163389 0.000000000000000

 spin=1 k-point=501/1284 Cartesian=0.03894808998566748 0.1798935219011741 0.03838182236892686 (1342 plane wave)
 1 1.558083174158617 0.001562499975285565
 2 1.565976823130377 0.001562499973255627
 3 4.829267567946512 6.139199564764059e-10
 4 4.932462435108190 2.187470160201798e-10
 5 7.557566552947851 0.000000000000000
 6 9.185449349334830 0.000000000000000
 7 9.509451507428055 0.000000000000000
 8 11.09749504232875 0.000000000000000
 9 14.99714785848391 0.000000000000000
 10 15.27809080895096 0.000000000000000
 11 18.15179455259834 0.000000000000000
 12 19.46189352123977 0.000000000000000

 spin=1 k-point=502/1284 Cartesian=0.05842213497850103 0.1911368670199974 0.03838182236892686 (1346 plane wave)
 1 1.269555994758577 0.001562499998619991
 2 2.441914554717802 0.001562329652470362
 3 4.570059574828814 8.200416842487326e-09
 4 5.648450827875075 1.699978213343632e-13
 5 6.270056273919954 0.000000000000000
 6 8.830533985795924 0.000000000000000
 7 9.612346278479011 0.000000000000000
 8 10.44250134408278 0.000000000000000
 9 13.84388019153223 0.000000000000000
 10 16.99110721712753 0.000000000000000
 11 18.99754385879816 0.000000000000000
 12 20.09418172063299 0.000000000000000

 spin=1 k-point=503/1284 Cartesian=0.07789617997133459 0.2023802121388208 0.03838182236892686 (1351 plane wave)
 1 1.122489840347551 0.001562499999682939
 2 3.422968494147426 0.0005230764925811622
 3 4.321078207146013 9.888338584811496e-08
 4 4.929931037432840 2.243550548952748e-10
 5 6.835595735929427 0.000000000000000
 6 7.933461279147816 0.000000000000000
 7 9.156733130109270 0.000000000000000
 8 11.36694830619444 0.000000000000000
 9 12.53100845951258 0.000000000000000
 10 18.57999460321643 0.000000000000000
 11 19.46527480591482 0.000000000000000
 12 21.09263691446260 0.000000000000000

 spin=1 k-point=504/1284 Cartesian=0.09737022496416814 0.2136235572576441 0.03838182236892686 (1351 plane wave)
 1 1.122489840865532 0.001562499999682939
 2 3.422968477549567 0.0005230765503362048
 3 4.321078261424312 9.888333217929350e-08
 4 4.929930997568552 2.243551443328462e-10
 5 6.835595709766582 0.000000000000000
 6 7.933461335838568 0.000000000000000
 7 9.156733094743442 0.000000000000000
 8 11.36694831267834 0.000000000000000
 9 12.53100846020439 0.000000000000000
 10 18.57999459999684 0.000000000000000
 11 19.46527480866222 0.000000000000000
 12 21.09263691443670 0.000000000000000

 spin=1 k-point=505/1284 Cartesian=0.1168442699570017 0.2248669023764674 0.03838182236892686 (1346 plane wave)
 1 1.269555996503005 0.001562499998619991
 2 2.441914548155472 0.001562329652481540
 3 4.570059607904898 8.200414130124568e-09
 4 5.648450784222856 1.699978955422192e-13
 5 6.270056272923934 0.000000000000000
 6 8.830534088162230 0.000000000000000
 7 9.612346143352696 0.000000000000000
 8 10.44250139240421 0.000000000000000
 9 13.84388019421908 0.000000000000000
 10 16.99110721702597 0.000000000000000
 11 18.99754383896605 0.000000000000000
 12 20.09418177727308 0.000000000000000

 spin=1 k-point=506/1284 Cartesian=0.1363183149498352 0.2361102474952907 0.03838182236892686 (1342 plane wave)
 1 1.558083173321871 0.001562499975285565
 2 1.565976824440151 0.001562499973255627
 3 4.829267567569658 6.139199587899909e-10
 4 4.932462435642002 2.187470148524835e-10
 5 7.557566550029271 0.000000000000000
 6 9.185449349225658 0.000000000000000
 7 9.509451507952068 0.000000000000000
 8 11.09749504391111 0.000000000000000
 9 14.99714785794506 0.000000000000000
 10 15.27809081196794 0.000000000000000
 11 18.15179454879755 0.000000000000000
 12 19.46189352389775 0.000000000000000

 spin=1 k-point=507/1284 Cartesian=0.1557923599426688 0.2473535926141141 0.03838182236892686 (1341 plane wave)
 1 0.8206149175717309 0.001562499999984543
 2 1.993637123036877 0.001562498074524395
 3 4.164691148509098 4.722805462808649e-07
 4 5.324190838208495 4.351980507891330e-12
 5 8.451140602486547 0.000000000000000
 6 9.218482024237840 0.000000000000000
 7 9.892284700928343 0.000000000000000
 8 12.60101266586967 0.000000000000000
 9 13.16978239747018 0.000000000000000
 10 16.24193020464791 0.000000000000000
 11 16.95363522602759 0.000000000000000
 12 18.66063258328442 0.000000000000000

 spin=1 k-point=508/1284 Cartesian=-0.1363183149498344 0.07870341583176405 0.03838182236892686 (1343 plane wave)
 1 0.2246258880559576 0.001562499999999997
 2 2.532203655629641 0.001562079866726137
 3 3.630312038011559 9.299547277267303e-05
 4 5.899298903392920 1.383642007582881e-14
 5 7.974514875428095 0.000000000000000
 6 10.22907363807160 0.000000000000000
 7 10.50150347739052 0.000000000000000
 8 12.05742671125541 0.000000000000000
 9 13.81013050809849 0.000000000000000
 10 15.12901297055379 0.000000000000000
 11 17.77318966899397 0.000000000000000
 12 18.25239511821629 0.000000000000000

 spin=1 k-point=509/1284 Cartesian=-0.1168442699570009 0.08994676095058739 0.03838182236892686 (1343 plane wave)
 1 -0.2235046671415472 0.001562500000000036
 2 2.860910105718180 0.001551332829404440
 3 3.597119915099248 0.0001266356234210583
 4 6.569904187294375 0.000000000000000
 5 7.578934023984587 0.000000000000000
 6 9.423639517742627 0.000000000000000
 7 11.06432728002691 0.000000000000000
 8 12.76461593193283 0.000000000000000
 9 13.32081844532819 0.000000000000000
 10 16.37950249104451 0.000000000000000
 11 16.89168110065744 0.000000000000000
 12 17.93455922837030 0.000000000000000

 spin=1 k-point=510/1284 Cartesian=-0.09737022496416733 0.1011901060694107 0.03838182236892686 (1339 plane wave)
 1 -0.5226830498020784 0.001562500000000037
 2 2.697351190132907 0.001560311623752543
 3 4.345941183706238 7.711712266748988e-08
 4 6.975208674798266 0.000000000000000
 5 7.482391246792344 0.000000000000000
 6 8.308794517396075 0.000000000000000
 7 11.14978056652686 0.000000000000000
 8 12.15937370689521 0.000000000000000
 9 15.23046849901573 0.000000000000000
 10 15.55869093527329 0.000000000000000
 11 17.28218359643799 0.000000000000000
 12 18.75306849539961 0.000000000000000

 spin=1 k-point=511/1284 Cartesian=-0.07789617997133380 0.1124334511882341 0.03838182236892686 (1337 plane wave)
 1 -0.6723823709750726 0.001562500000000037
 2 2.570912908139285 0.001561881351346882
 3 5.335609448014399 3.882366556443845e-12
 4 6.419957023899236 0.000000000000000
 5 7.114827722730327 0.000000000000000
 6 8.806260703308549 0.000000000000000
 7 9.940185991687787 0.000000000000000
 8 13.10516447343947 0.000000000000000
 9 14.26742097843060 0.000000000000000
 10 16.80829636240589 0.000000000000000
 11 17.79152273670920 0.000000000000000
 12 19.83792711732416 0.000000000000000

 spin=1 k-point=512/1284 Cartesian=-0.05842213497850025 0.1236767963070574 0.03838182236892686 (1337 plane wave)
 1 -0.6723823708675587 0.001562500000000037
 2 2.570912905317610 0.001561881351364331
 3 5.335609483535612 3.882365177380069e-12
 4 6.419956966351768 0.000000000000000
 5 7.114827717070868 0.000000000000000
 6 8.806260785678351 0.000000000000000
 7 9.940185932836716 0.000000000000000
 8 13.10516447922469 0.000000000000000
 9 14.26742098276879 0.000000000000000
 10 16.80829636225884 0.000000000000000
 11 17.79152273056556 0.000000000000000
 12 19.83792711272675 0.000000000000000

 spin=1 k-point=513/1284 Cartesian=-0.03894808998566670 0.1349201414258807 0.03838182236892686 (1339 plane wave)
 1 -0.5226830494584556 0.001562500000000037
 2 2.697351178691691 0.001560311624002569
 3 4.345941218758690 7.711709563738034e-08
 4 6.975208577833468 0.000000000000000
 5 7.482391225553450 0.000000000000000
 6 8.308794652415237 0.000000000000000
 7 11.14978047873281 0.000000000000000
 8 12.15937375460531 0.000000000000000
 9 15.23046846607992 0.000000000000000
 10 15.55869098384340 0.000000000000000
 11 17.28218355592466 0.000000000000000
 12 18.75306853653854 0.000000000000000

 spin=1 k-point=514/1284 Cartesian=-0.01947404499283316 0.1461634865447041 0.03838182236892686 (1343 plane wave)
 1 -0.2235046664931044 0.001562500000000036
 2 2.860910069917627 0.001551332833373777
 3 3.597119970775831 0.0001266355586289859
 4 6.569904114651547 0.000000000000000
 5 7.578934063328525 0.000000000000000
 6 9.423639568705413 0.000000000000000
 7 11.06432723765638 0.000000000000000
 8 12.76461594315222 0.000000000000000
 9 13.32081842932958 0.000000000000000
 10 16.37950247161504 0.000000000000000
 11 16.89168113257032 0.000000000000000
 12 17.93455924944724 0.000000000000000

 spin=1 k-point=515/1284 Cartesian=0.000000000000000 0.1798935219011738 0.03838182236892686 (1346 plane wave)
 1 1.335730844086247 0.001562499997325262
 2 1.339254506482460 0.001562499997229332
 3 4.629508967824315 4.525342495462298e-09
 4 4.709790868556368 2.027646292283742e-09
 5 9.015571464189041 0.000000000000000
 6 9.046967430164587 0.000000000000000
 7 10.42567477773648 0.000000000000000
 8 11.95976526552257 0.000000000000000
 9 13.73435950091916 0.000000000000000
 10 15.06292973838994 0.000000000000000
 11 18.17690155060101 0.000000000000000
 12 18.33200168467958 0.000000000000000

 spin=1 k-point=516/1284 Cartesian=0.01947404499283394 0.1911368670199974 0.03838182236892686 (1341 plane wave)
 1 0.8206149176757040 0.001562499999984543
 2 1.993637122118133 0.001562498074524413
 3 4.164691147780300 4.722805497217931e-07
 4 5.324190840414763 4.351980411874983e-12
 5 8.451140606147886 0.000000000000000
 6 9.218482024528678 0.000000000000000
 7 9.892284696358544 0.000000000000000
 8 12.60101266512768 0.000000000000000
 9 13.16978239786527 0.000000000000000
 10 16.24193020206463 0.000000000000000
 11 16.95363522617236 0.000000000000000
 12 18.66063258911680 0.000000000000000

 spin=1 k-point=517/1284 Cartesian=0.03894808998566748 0.2023802121388207 0.03838182236892686 (1339 plane wave)
 1 0.4494888083864582 0.001562499999999658
 2 2.756763317723804 0.001558540390430860
 3 3.846086390962425 1.134617320719240e-05
 4 6.100944012863714 1.842001335764780e-15
 5 7.537769292817567 0.000000000000000
 6 8.413798671643823 0.000000000000000
 7 10.45817282940689 0.000000000000000
 8 11.26389702827771 0.000000000000000
 9 15.05956563214469 0.000000000000000
 10 15.34861592633920 0.000000000000000
 11 17.94785609206200 0.000000000000000
 12 18.74308182436120 0.000000000000000

 spin=1 k-point=518/1284 Cartesian=0.05842213497850103 0.2136235572576441 0.03838182236892686 (1348 plane wave)
 1 0.2262629964107676 0.001562499999999996
 2 3.301920572386721 0.0009813008813846593
 3 4.032332443867101 1.772821479698229e-06
 4 6.180753515191255 0.000000000000000
 5 7.049758918304541 0.000000000000000
 6 8.150072224580892 0.000000000000000
 7 9.653281978320003 0.000000000000000
 8 11.67330837142992 0.000000000000000
 9 13.98583027978815 0.000000000000000
 10 17.03845692260630 0.000000000000000
 11 18.13446227487935 0.000000000000000
 12 20.50988966256194 0.000000000000000

 spin=1 k-point=519/1284 Cartesian=0.07789617997133459 0.2248669023764674 0.03838182236892686 (1343 plane wave)
 1 0.1517777474310432 0.001562500000000017
 2 3.333616777313441 0.0008617536962398264
 3 4.963275639802313 1.607393001408300e-10
 4 5.043101242391089 7.235088128922946e-11
 5 7.552497216699310 0.000000000000000
 6 8.286721690485011 0.000000000000000
 7 8.776918596351299 0.000000000000000
 8 12.70766810889015 0.000000000000000
 9 12.79049870906212 0.000000000000000
 10 17.72611808271237 0.000000000000000
 11 19.51319120571569 0.000000000000000
 12 19.62677493901517 0.000000000000000

 spin=1 k-point=520/1284 Cartesian=0.09737022496416814 0.2361102474952907 0.03838182236892686 (1348 plane wave)
 1 0.2262629969404461 0.001562499999999996
 2 3.301920543588952 0.0009813009864999864
 3 4.032332495629623 1.772820563082308e-06
 4 6.180753481438154 0.000000000000000
 5 7.049758845923632 0.000000000000000
 6 8.150072374645569 0.000000000000000
 7 9.653281892633224 0.000000000000000
 8 11.67330838818277 0.000000000000000
 9 13.98583028420831 0.000000000000000
 10 17.03845692320486 0.000000000000000
 11 18.13446226383436 0.000000000000000
 12 20.50988969782310 0.000000000000000

 spin=1 k-point=521/1284 Cartesian=0.1168442699570017 0.2473535926141141 0.03838182236892686 (1339 plane wave)
 1 0.4494888095759025 0.001562499999999658
 2 2.756763298650944 0.001558540391184157
 3 3.846086429875716 1.134616882408364e-05
 4 6.100943973062461 1.842002068904717e-15
 5 7.537769237857082 0.000000000000000
 6 8.413798797097774 0.000000000000000
 7 10.45817271762524 0.000000000000000
 8 11.26389708764138 0.000000000000000
 9 15.05956561499394 0.000000000000000
 10 15.34861595143179 0.000000000000000
 11 17.94785603956242 0.000000000000000
 12 18.74308189702284 0.000000000000000

 spin=1 k-point=522/1284 Cartesian=0.1363183149498352 0.2585969377329374 0.03838182236892686 (1341 plane wave)
 1 0.8206149198647485 0.001562499999984543
 2 1.993637114978017 0.001562498074524551
 3 4.164691174438982 4.722804238560687e-07
 4 5.324190811364042 4.351981676157125e-12
 5 8.451140577444828 0.000000000000000
 6 9.218482121226270 0.000000000000000
 7 9.892284632783419 0.000000000000000
 8 12.60101266978040 0.000000000000000
 9 13.16978239264473 0.000000000000000
 10 16.24193020124071 0.000000000000000
 11 16.95363523059220 0.000000000000000
 12 18.66063262348611 0.000000000000000

 spin=1 k-point=523/1284 Cartesian=0.1557923599426688 0.2698402828517608 0.03838182236892686 (1346 plane wave)
 1 1.335730843377902 0.001562499997325262
 2 1.339254507793689 0.001562499997229332
 3 4.629508966630983 4.525342549464535e-09
 4 4.709790869071361 2.027646281841519e-09
 5 9.015571461268394 0.000000000000000
 6 9.046967430295267 0.000000000000000
 7 10.42567478018317 0.000000000000000
 8 11.95976526412509 0.000000000000000
 9 13.73435950346506 0.000000000000000
 10 15.06292973702609 0.000000000000000
 11 18.17690155274268 0.000000000000000
 12 18.33200168515030 0.000000000000000

 spin=1 k-point=524/1284 Cartesian=0.1363183149498352 0.2585969377329374 -0.03838182236892639 (1341 plane wave)
 1 0.8206149175826973 0.001562499999984543
 2 1.993637123025548 0.001562498074524396
 3 4.164691148516789 4.722805462445489e-07
 4 5.324190838088296 4.351980513122396e-12
 5 8.451140603561088 0.000000000000000
 6 9.218482026712040 0.000000000000000
 7 9.892284695985250 0.000000000000000
 8 12.60101266850359 0.000000000000000
 9 13.16978239675765 0.000000000000000
 10 16.24193020163361 0.000000000000000
 11 16.95363522915495 0.000000000000000
 12 18.66063258213050 0.000000000000000

 spin=1 k-point=525/1284 Cartesian=0.1168442699570017 0.2473535926141141 -0.03838182236892639 (1339 plane wave)
 1 0.4494888082389997 0.001562499999999658
 2 2.756763319430335 0.001558540390363459
 3 3.846086390729388 1.134617323344112e-05
 4 6.100944010029830 1.842001387964992e-15
 5 7.537769290444590 0.000000000000000
 6 8.413798673636991 0.000000000000000
 7 10.45817282924920 0.000000000000000
 8 11.26389703152646 0.000000000000000
 9 15.05956563294335 0.000000000000000
 10 15.34861592690259 0.000000000000000
 11 17.94785609051796 0.000000000000000
 12 18.74308181849704 0.000000000000000

 spin=1 k-point=526/1284 Cartesian=0.09737022496416814 0.2361102474952907 -0.03838182236892639 (1348 plane wave)
 1 0.2262629962165550 0.001562499999999996
 2 3.301920575243259 0.0009813008709579503
 3 4.032332442368713 1.772821506231844e-06
 4 6.180753515906051 0.000000000000000
 5 7.049758910880275 0.000000000000000
 6 8.150072225460745 0.000000000000000
 7 9.653281984538712 0.000000000000000
 8 11.67330837094365 0.000000000000000
 9 13.98583028179844 0.000000000000000
 10 17.03845692119774 0.000000000000000
 11 18.13446227020493 0.000000000000000
 12 20.50988966029949 0.000000000000000

 spin=1 k-point=527/1284 Cartesian=0.07789617997133459 0.2248669023764674 -0.03838182236892639 (1343 plane wave)
 1 0.1517777471885176 0.001562500000000017
 2 3.333616778924590 0.0008617536900130977
 3 4.963275640228907 1.607392994551266e-10
 4 5.043101242270765 7.235088137628418e-11
 5 7.552497203701245 0.000000000000000
 6 8.286721689949864 0.000000000000000
 7 8.776918609722976 0.000000000000000
 8 12.70766811184692 0.000000000000000
 9 12.79049870716296 0.000000000000000
 10 17.72611807954585 0.000000000000000
 11 19.51319120425586 0.000000000000000
 12 19.62677493453495 0.000000000000000

 spin=1 k-point=528/1284 Cartesian=-0.05842213497850025 0.1461634865447040 0.03838182236892686 (1348 plane wave)
 1 0.2262629966422361 0.001562499999999996
 2 3.301920543886799 0.0009813009854128074
 3 4.032332497316097 1.772820533218064e-06
 4 6.180753482003642 0.000000000000000
 5 7.049758836939127 0.000000000000000
 6 8.150072379181836 0.000000000000000
 7 9.653281896064511 0.000000000000000
 8 11.67330838995067 0.000000000000000
 9 13.98583028362462 0.000000000000000
 10 17.03845692243439 0.000000000000000
 11 18.13446225910273 0.000000000000000
 12 20.50988969555843 0.000000000000000

 spin=1 k-point=529/1284 Cartesian=-0.03894808998566670 0.1574068316635274 0.03838182236892686 (1339 plane wave)
 1 0.4494888092068303 0.001562499999999658
 2 2.756763298284150 0.001558540391198644
 3 3.846086432157218 1.134616856710033e-05
 4 6.100943969773658 1.842002129484567e-15
 5 7.537769237595891 0.000000000000000
 6 8.413798798693804 0.000000000000000
 7 10.45817271851243 0.000000000000000
 8 11.26389708985433 0.000000000000000
 9 15.05956561566926 0.000000000000000
 10 15.34861594946145 0.000000000000000
 11 17.94785603919861 0.000000000000000
 12 18.74308189077399 0.000000000000000

 spin=1 k-point=530/1284 Cartesian=-0.01947404499283316 0.1686501767823507 0.03838182236892686 (1341 plane wave)
 1 0.8206149194018115 0.001562499999984543
 2 1.993637114867706 0.001562498074524553
 3 4.164691176542596 4.722804139241097e-07
 4 5.324190809137591 4.351981773051906e-12
 5 8.451140579224646 0.000000000000000
 6 9.218482120196589 0.000000000000000
 7 9.892284634094800 0.000000000000000
 8 12.60101267054374 0.000000000000000
 9 13.16978239230377 0.000000000000000
 10 16.24193019919750 0.000000000000000
 11 16.95363523284083 0.000000000000000
 12 18.66063261660320 0.000000000000000

 spin=1 k-point=531/1284 Cartesian=0.000000000000000 0.1574068316635272 -0.03838182236892639 (1343 plane wave)
 1 0.2246258881404751 0.001562499999999997
 2 2.532203653879292 0.001562079866733489
 3 3.630312038380676 9.299547244984033e-05
 4 5.899298906884045 1.383641959278181e-14
 5 7.974514874951723 0.000000000000000
 6 10.22907363878701 0.000000000000000
 7 10.50150347493566 0.000000000000000
 8 12.05742671177875 0.000000000000000
 9 13.81013050555592 0.000000000000000
 10 15.12901297209549 0.000000000000000
 11 17.77318966992696 0.000000000000000
 12 18.25239511583523 0.000000000000000

 spin=1 k-point=532/1284 Cartesian=-0.01947404499283316 0.1461634865447041 -0.03838182236892639 (1343 plane wave)
 1 -0.2235046670203479 0.001562500000000036
 2 2.860910102787541 0.001551332829729371
 3 3.597119916723014 0.0001266356215314458
 4 6.569904193174245 0.000000000000000
 5 7.578934021915763 0.000000000000000
 6 9.423639515475044 0.000000000000000
 7 11.06432728061502 0.000000000000000
 8 12.76461592854184 0.000000000000000
 9 13.32081844591440 0.000000000000000
 10 16.37950249190993 0.000000000000000
 11 16.89168109541695 0.000000000000000
 12 17.93455923800473 0.000000000000000

 spin=1 k-point=533/1284 Cartesian=-0.03894808998566670 0.1349201414258807 -0.03838182236892639 (1339 plane wave)
 1 -0.5226830496517377 0.001562500000000037
 2 2.697351188309763 0.001560311623792384
 3 4.345941184215241 7.711712227498122e-08
 4 6.975208683374572 0.000000000000000
 5 7.482391245144639 0.000000000000000
 6 8.308794512853924 0.000000000000000
 7 11.14978056449876 0.000000000000000
 8 12.15937370598310 0.000000000000000
 9 15.23046849526664 0.000000000000000
 10 15.55869093626111 0.000000000000000
 11 17.28218360130188 0.000000000000000
 12 18.75306849912631 0.000000000000000

 spin=1 k-point=534/1284 Cartesian=-0.05842213497850025 0.1236767963070574 -0.03838182236892639 (1337 plane wave)
 1 -0.6723823707941828 0.001562500000000037
 2 2.570912906774618 0.001561881351355321
 3 5.335609447913151 3.882366560374667e-12
 4 6.419957025353915 0.000000000000000
 5 7.114827727424940 0.000000000000000
 6 8.806260701278459 0.000000000000000
 7 9.940185987484039 0.000000000000000
 8 13.10516447303743 0.000000000000000
 9 14.26742097550115 0.000000000000000
 10 16.80829636614088 0.000000000000000
 11 17.79152273985684 0.000000000000000
 12 19.83792711925592 0.000000000000000

 spin=1 k-point=535/1284 Cartesian=0.07789617997133459 -0.1124334511882327 0.03838182236892686 (1337 plane wave)
 1 -0.6723823706536970 0.001562500000000037
 2 2.570912904209952 0.001561881351371181
 3 5.335609483569406 3.882365176068071e-12
 4 6.419956965352532 0.000000000000000
 5 7.114827724493763 0.000000000000000
 6 8.806260780911055 0.000000000000000
 7 9.940185930878986 0.000000000000000
 8 13.10516447613846 0.000000000000000
 9 14.26742098284277 0.000000000000000
 10 16.80829636515030 0.000000000000000
 11 17.79152273430704 0.000000000000000
 12 19.83792711504871 0.000000000000000

 spin=1 k-point=536/1284 Cartesian=0.09737022496416814 -0.1011901060694093 0.03838182236892686 (1339 plane wave)
 1 -0.5226830492061356 0.001562500000000037
 2 2.697351177861006 0.001560311624020722
 3 4.345941218272195 7.711709601253285e-08
 4 6.975208586961770 0.000000000000000
 5 7.482391221356923 0.000000000000000
 6 8.308794648354258 0.000000000000000
 7 11.14978047854573 0.000000000000000
 8 12.15937375133902 0.000000000000000
 9 15.23046846317313 0.000000000000000
 10 15.55869098705771 0.000000000000000
 11 17.28218356050121 0.000000000000000
 12 18.75306854029488 0.000000000000000

 spin=1 k-point=537/1284 Cartesian=0.1168442699570017 -0.08994676095058601 0.03838182236892686 (1343 plane wave)
 1 -0.2235046661947675 0.001562500000000036
 2 2.860910069903761 0.001551332833375314
 3 3.597119969355710 0.0001266355602816121
 4 6.569904122364765 0.000000000000000
 5 7.578934055898670 0.000000000000000
 6 9.423639569362805 0.000000000000000
 7 11.06432723579043 0.000000000000000
 8 12.76461594190990 0.000000000000000
 9 13.32081842942240 0.000000000000000
 10 16.37950247339747 0.000000000000000
 11 16.89168113024683 0.000000000000000
 12 17.93455925831475 0.000000000000000

 spin=1 k-point=538/1284 Cartesian=0.1363183149498352 -0.07870341583176267 0.03838182236892686 (1343 plane wave)
 1 0.2246258895115524 0.001562499999999997
 2 2.532203634365621 0.001562079866815451
 3 3.630312076431962 9.299543916993605e-05
 4 5.899298867325463 1.383642506627564e-14
 5 7.974514890510258 0.000000000000000
 6 10.22907366599623 0.000000000000000
 7 10.50150347739163 0.000000000000000
 8 12.05742667559904 0.000000000000000
 9 13.81013050807156 0.000000000000000
 10 15.12901296330080 0.000000000000000
 11 17.77318974033704 0.000000000000000
 12 18.25239511826051 0.000000000000000

 spin=1 k-point=539/1284 Cartesian=0.1557923599426688 0.2473535926141141 -0.03838182236892639 (1341 plane wave)
 1 0.8206149198674010 0.001562499999984543
 2 1.993637115008881 0.001562498074524550
 3 4.164691174301414 4.722804245055774e-07
 4 5.324190811323898 4.351981677904196e-12
 5 8.451140578528939 0.000000000000000
 6 9.218482120277153 0.000000000000000
 7 9.892284632370631 0.000000000000000
 8 12.60101267112417 0.000000000000000
 9 13.16978239239115 0.000000000000000
 10 16.24193019818322 0.000000000000000
 11 16.95363523270011 0.000000000000000
 12 18.66063262496066 0.000000000000000

 spin=1 k-point=540/1284 Cartesian=0.1363183149498352 0.2361102474952907 -0.03838182236892639 (1342 plane wave)
 1 1.558083173393337 0.001562499975285565
 2 1.565976824406804 0.001562499973255627
 3 4.829267566814951 6.139199634232808e-10
 4 4.932462435939458 2.187470142018064e-10
 5 7.557566552794037 0.000000000000000
 6 9.185449345784683 0.000000000000000
 7 9.509451506091509 0.000000000000000
 8 11.09749504792980 0.000000000000000
 9 14.99714785686494 0.000000000000000
 10 15.27809081066125 0.000000000000000
 11 18.15179455085178 0.000000000000000
 12 19.46189352430770 0.000000000000000

 spin=1 k-point=541/1284 Cartesian=0.1168442699570017 0.2248669023764674 -0.03838182236892639 (1346 plane wave)
 1 1.269555994574165 0.001562499998619991
 2 2.441914555594269 0.001562329652468869
 3 4.570059575343374 8.200416800291384e-09
 4 5.648450827374289 1.699978221856871e-13
 5 6.270056272661837 0.000000000000000
 6 8.830533976780977 0.000000000000000
 7 9.612346288763959 0.000000000000000
 8 10.44250134400545 0.000000000000000
 9 13.84388019277064 0.000000000000000
 10 16.99110721511413 0.000000000000000
 11 18.99754385461733 0.000000000000000
 12 20.09418172121493 0.000000000000000

 spin=1 k-point=542/1284 Cartesian=0.09737022496416814 0.2136235572576441 -0.03838182236892639 (1351 plane wave)
 1 1.122489840085219 0.001562499999682939
 2 3.422968495786455 0.0005230764868778883
 3 4.321078205976895 9.888338700410610e-08
 4 4.929931039316260 2.243550506697247e-10
 5 6.835595731985233 0.000000000000000
 6 7.933461272819850 0.000000000000000
 7 9.156733140189768 0.000000000000000
 8 11.36694830495970 0.000000000000000
 9 12.53100846039020 0.000000000000000
 10 18.57999460110859 0.000000000000000
 11 19.46527480039376 0.000000000000000
 12 21.09263691699034 0.000000000000000

 spin=1 k-point=543/1284 Cartesian=0.07789617997133459 0.2023802121388208 -0.03838182236892639 (1351 plane wave)
 1 1.122489840519686 0.001562499999682939
 2 3.422968477200361 0.0005230765515513247
 3 4.321078265073000 9.888332857157734e-08
 4 4.929930996645313 2.243551464041815e-10
 5 6.835595705416944 0.000000000000000
 6 7.933461331185556 0.000000000000000
 7 9.156733103484081 0.000000000000000
 8 11.36694831358001 0.000000000000000
 9 12.53100845889115 0.000000000000000
 10 18.57999459817720 0.000000000000000
 11 19.46527480392911 0.000000000000000
 12 21.09263691730969 0.000000000000000

 spin=1 k-point=544/1284 Cartesian=0.05842213497850103 0.1911368670199974 -0.03838182236892639 (1346 plane wave)
 1 1.269555996049771 0.001562499998619991
 2 2.441914548005687 0.001562329652481795
 3 4.570059610851355 8.200413888504066e-09
 4 5.648450783184313 1.699978973077189e-13
 5 6.270056271029365 0.000000000000000
 6 8.830534082341256 0.000000000000000
 7 9.612346150843607 0.000000000000000
 8 10.44250139367174 0.000000000000000
 9 13.84388019311864 0.000000000000000
 10 16.99110721549035 0.000000000000000
 11 18.99754383609359 0.000000000000000
 12 20.09418177774893 0.000000000000000

 spin=1 k-point=545/1284 Cartesian=0.03894808998566748 0.1798935219011741 -0.03838182236892639 (1342 plane wave)
 1 1.558083174020578 0.001562499975285565
 2 1.565976823094584 0.001562499973255627
 3 4.829267569128566 6.139199492195375e-10
 4 4.932462435469168 2.187470152305526e-10
 5 7.557566549731177 0.000000000000000
 6 9.185449346158752 0.000000000000000
 7 9.509451509866290 0.000000000000000
 8 11.09749504668194 0.000000000000000
 9 14.99714785678445 0.000000000000000
 10 15.27809081091390 0.000000000000000
 11 18.15179454923941 0.000000000000000
 12 19.46189352250326 0.000000000000000

 spin=1 k-point=546/1284 Cartesian=0.01947404499283394 0.1686501767823507 -0.03838182236892639 (1341 plane wave)
 1 0.8206149176184185 0.001562499999984543
 2 1.993637122104520 0.001562498074524413
 3 4.164691147925632 4.722805490356270e-07
 4 5.324190840922182 4.351980389792185e-12
 5 8.451140602690856 0.000000000000000
 6 9.218482023490777 0.000000000000000
 7 9.892284700670418 0.000000000000000
 8 12.60101266672133 0.000000000000000
 9 13.16978239677781 0.000000000000000
 10 16.24193020273443 0.000000000000000
 11 16.95363522772217 0.000000000000000
 12 18.66063258278036 0.000000000000000

 spin=1 k-point=547/1284 Cartesian=0.000000000000000 0.1349201414258805 -0.03838182236892639 (1346 plane wave)
 1 -0.7478657577228979 0.001562500000000037
 2 2.475905838386086 0.001562260702049987
 3 4.124291118654621 7.072775261418898e-07
 4 6.776420230628411 0.000000000000000
 5 7.571371193321141 0.000000000000000
 6 10.72896762775582 0.000000000000000
 7 11.44756805208296 0.000000000000000
 8 12.42616897035854 0.000000000000000
 9 14.03741597531468 0.000000000000000
 10 15.31348745509396 0.000000000000000
 11 16.99360943003145 0.000000000000000
 12 18.47875395343254 0.000000000000000

 spin=1 k-point=548/1284 Cartesian=-0.01947404499283316 0.1236767963070574 -0.03838182236892639 (1340 plane wave)
 1 -1.122810498566593 0.001562500000000037
 2 2.129763262134452 0.001562492488530132
 3 4.892053566407724 3.276692122867794e-10
 4 6.554509637026070 0.000000000000000
 5 8.231451978318839 0.000000000000000
 6 9.747110314216064 0.000000000000000
 7 12.37941867334357 0.000000000000000
 8 13.13254615156482 0.000000000000000
 9 13.63678313019644 0.000000000000000
 10 16.37907772732893 0.000000000000000
 11 16.77323567812822 0.000000000000000
 12 17.82192652042974 0.000000000000000

 spin=1 k-point=549/1284 Cartesian=-0.03894808998566670 0.1124334511882340 -0.03838182236892639 (1339 plane wave)
 1 -1.347917660193801 0.001562500000000037
 2 1.914594271360456 0.001562499126506906
 3 5.728747876557999 7.615836618188239e-14
 4 6.458696104592038 0.000000000000000
 5 8.241965932957299 0.000000000000000
 6 9.343877748255075 0.000000000000000
 7 11.58989752826490 0.000000000000000
 8 13.59260971034489 0.000000000000000
 9 15.41232940445953 0.000000000000000
 10 15.90690612253971 0.000000000000000
 11 16.74654401316574 0.000000000000000
 12 19.01266623224938 0.000000000000000

 spin=1 k-point=550/1284 Cartesian=0.05842213497850103 -0.1011901060694093 0.03838182236892686 (1335 plane wave)
 1 -1.422975058311744 0.001562500000000037
 2 1.842177330658997 0.001562499576594274
 3 6.050744803652703 3.043003064834759e-15
 4 6.993973295986007 0.000000000000000
 5 7.235858330606271 0.000000000000000
 6 10.28634209295961 0.000000000000000
 7 10.46542747791001 0.000000000000000
 8 14.51921503337763 0.000000000000000
 9 14.80147356928681 0.000000000000000
 10 16.25163840709002 0.000000000000000
 11 17.95868840518456 0.000000000000000
 12 18.19003967680963 0.000000000000000

 spin=1 k-point=551/1284 Cartesian=0.07789617997133459 -0.08994676095058600 0.03838182236892686 (1339 plane wave)
 1 -1.347917660027370 0.001562500000000037
 2 1.914594269433834 0.001562499126506923
 3 5.728747937329199 7.615831989953208e-14
 4 6.458696022531331 0.000000000000000
 5 8.241965918649200 0.000000000000000
 6 9.343877818732542 0.000000000000000
 7 11.58989747889543 0.000000000000000
 8 13.59260972327075 0.000000000000000
 9 15.41232938222284 0.000000000000000
 10 15.90690619514426 0.000000000000000
 11 16.74654395277139 0.000000000000000
 12 19.01266625487971 0.000000000000000

 spin=1 k-point=552/1284 Cartesian=0.09737022496416814 -0.07870341583176266 0.03838182236892686 (1340 plane wave)
 1 -1.122810498215128 0.001562500000000037
 2 2.129763257251554 0.001562492488530498
 3 4.892053603932956 3.276690893281671e-10
 4 6.554509569344931 0.000000000000000
 5 8.231451995575938 0.000000000000000
 6 9.747110358166525 0.000000000000000
 7 12.37941863061909 0.000000000000000
 8 13.13254619090170 0.000000000000000
 9 13.63678308798074 0.000000000000000
 10 16.37907768716746 0.000000000000000
 11 16.77323575802086 0.000000000000000
 12 17.82192651960102 0.000000000000000

 spin=1 k-point=553/1284 Cartesian=0.1168442699570017 -0.06746007071293933 0.03838182236892686 (1346 plane wave)
 1 -0.7478657571445861 0.001562500000000037
 2 2.475905826723266 0.001562260702077892
 3 4.124291153365709 7.072772807492751e-07
 4 6.776420130551787 0.000000000000000
 5 7.571371265509824 0.000000000000000
 6 10.72896763021395 0.000000000000000
 7 11.44756814118007 0.000000000000000
 8 12.42616886191175 0.000000000000000
 9 14.03741597774365 0.000000000000000
 10 15.31348742992262 0.000000000000000
 11 16.99360951654669 0.000000000000000
 12 18.47875395625330 0.000000000000000

 spin=1 k-point=554/1284 Cartesian=0.1363183149498352 -0.05621672559411599 0.03838182236892686 (1343 plane wave)
 1 -0.2235046661894685 0.001562500000000036
 2 2.860910069945910 0.001551332833370640
 3 3.597119969251320 0.0001266355604030931
 4 6.569904122161637 0.000000000000000
 5 7.578934055762747 0.000000000000000
 6 9.423639569459416 0.000000000000000
 7 11.06432723671310 0.000000000000000
 8 12.76461594194466 0.000000000000000
 9 13.32081842963707 0.000000000000000
 10 16.37950247073761 0.000000000000000
 11 16.89168113019937 0.000000000000000
 12 17.93455926120601 0.000000000000000

 spin=1 k-point=555/1284 Cartesian=0.1557923599426688 0.2248669023764674 -0.03838182236892639 (1339 plane wave)
 1 0.4494888095874732 0.001562499999999658
 2 2.756763298784336 0.001558540391178888
 3 3.846086429539065 1.134616886200334e-05
 4 6.100943972440330 1.842002080364382e-15
 5 7.537769241164975 0.000000000000000
 6 8.413798792388150 0.000000000000000
 7 10.45817272279493 0.000000000000000
 8 11.26389708561143 0.000000000000000
 9 15.05956561500580 0.000000000000000
 10 15.34861594981983 0.000000000000000
 11 17.94785603916110 0.000000000000000
 12 18.74308189975878 0.000000000000000

 spin=1 k-point=556/1284 Cartesian=0.1363183149498352 0.2136235572576441 -0.03838182236892639 (1346 plane wave)
 1 1.269555996526206 0.001562499998619991
 2 2.441914548276333 0.001562329652481333
 3 4.570059607051390 8.200414200115334e-09
 4 5.648450782000769 1.699978993197199e-13
 5 6.270056277841895 0.000000000000000
 6 8.830534075072075 0.000000000000000
 7 9.612346158896534 0.000000000000000
 8 10.44250138907321 0.000000000000000
 9 13.84388019298891 0.000000000000000
 10 16.99110721624095 0.000000000000000
 11 18.99754383890243 0.000000000000000
 12 20.09418178269284 0.000000000000000

 spin=1 k-point=557/1284 Cartesian=0.1168442699570017 0.2023802121388207 -0.03838182236892639 (1347 plane wave)
 1 2.220776866898902 0.001562481336676190
 2 2.245701929799230 0.001562476053848695
 3 4.505667168411021 1.561300881663451e-08
 4 5.596436702614906 2.859814650602643e-13
 5 5.729556646991873 7.554490377822678e-14
 6 7.905232785074628 0.000000000000000
 7 10.11837481774438 0.000000000000000
 8 10.17713092436262 0.000000000000000
 9 12.45755895450037 0.000000000000000
 10 18.94497629467595 0.000000000000000
 11 19.82731286088834 0.000000000000000
 12 20.33694905034073 0.000000000000000

 spin=1 k-point=558/1284 Cartesian=0.09737022496416814 0.1911368670199974 -0.03838182236892639 (1352 plane wave)
 1 2.161910542077731 0.001562489640518110
 2 3.284859219869806 0.001042101330276457
 3 3.380589326779558 0.0006791413423747862
 4 5.565142430559985 3.910634403599460e-13
 5 6.675752232102384 0.000000000000000
 6 6.733769212751020 0.000000000000000
 7 10.06248017228387 0.000000000000000
 8 11.20321166081764 0.000000000000000
 9 11.22825887793556 0.000000000000000
 10 19.72946193651329 0.000000000000000
 11 20.59668858055496 0.000000000000000
 12 21.04470228941728 0.000000000000000

 spin=1 k-point=559/1284 Cartesian=0.07789617997133459 0.1798935219011741 -0.03838182236892639 (1347 plane wave)
 1 2.220776867424302 0.001562481336676092
 2 2.245701928479699 0.001562476053849012
 3 4.505667171957463 1.561300826293358e-08
 4 5.596436702222541 2.859814661823542e-13
 5 5.729556643525797 7.554490639667125e-14
 6 7.905232786033142 0.000000000000000
 7 10.11837482046926 0.000000000000000
 8 10.17713092276550 0.000000000000000
 9 12.45755895392307 0.000000000000000
 10 18.94497629510553 0.000000000000000
 11 19.82731286083937 0.000000000000000
 12 20.33694904760287 0.000000000000000

 spin=1 k-point=560/1284 Cartesian=0.05842213497850103 0.1686501767823507 -0.03838182236892639 (1346 plane wave)
 1 1.269555994561791 0.001562499998619991
 2 2.441914554697295 0.001562329652470397
 3 4.570059575847688 8.200416758935773e-09
 4 5.648450831178992 1.699978157177756e-13
 5 6.270056268989258 0.000000000000000
 6 8.830533972959339 0.000000000000000
 7 9.612346298760963 0.000000000000000
 8 10.44250133891374 0.000000000000000
 9 13.84388019212562 0.000000000000000
 10 16.99110721605343 0.000000000000000
 11 18.99754385398783 0.000000000000000
 12 20.09418172239670 0.000000000000000

 spin=1 k-point=561/1284 Cartesian=0.03894808998566748 0.1574068316635274 -0.03838182236892639 (1339 plane wave)
 1 0.4494888082780561 0.001562499999999658
 2 2.756763317762855 0.001558540390429317
 3 3.846086391195810 1.134617318090438e-05
 4 6.100944014400775 1.842001307452090e-15
 5 7.537769288213454 0.000000000000000
 6 8.413798670751687 0.000000000000000
 7 10.45817283832229 0.000000000000000
 8 11.26389702472531 0.000000000000000
 9 15.05956563231334 0.000000000000000
 10 15.34861592782889 0.000000000000000
 11 17.94785608642093 0.000000000000000
 12 18.74308182484239 0.000000000000000

 spin=1 k-point=562/1284 Cartesian=0.01947404499283394 0.1461634865447040 -0.03838182236892639 (1343 plane wave)
 1 -0.2235046670685219 0.001562500000000036
 2 2.860910102898016 0.001551332829717122
 3 3.597119916715802 0.0001266356215398377
 4 6.569904193606162 0.000000000000000
 5 7.578934020388956 0.000000000000000
 6 9.423639514562977 0.000000000000000
 7 11.06432728450630 0.000000000000000
 8 12.76461592836722 0.000000000000000
 9 13.32081844536950 0.000000000000000
 10 16.37950249130252 0.000000000000000
 11 16.89168110007474 0.000000000000000
 12 17.93455923055554 0.000000000000000

 spin=1 k-point=563/1284 Cartesian=0.000000000000000 0.1124334511882338 -0.03838182236892639 (1340 plane wave)
 1 -1.573357762264358 0.001562500000000037
 2 1.692082813592954 0.001562499905614709
 3 5.505672968745031 7.087937361678302e-13
 4 6.269934270143232 0.000000000000000
 5 8.975278050506098 0.000000000000000
 6 11.10799229637233 0.000000000000000
 7 12.28860216872513 0.000000000000000
 8 13.42895703290331 0.000000000000000
 9 14.41612304782131 0.000000000000000
 10 15.50693262620607 0.000000000000000
 11 16.46381734993295 0.000000000000000
 12 18.85551360397534 0.000000000000000

 spin=1 k-point=564/1284 Cartesian=-0.01947404499283316 0.1011901060694107 -0.03838182236892639 (1337 plane wave)
 1 -1.873907816335292 0.001562500000000037
 2 1.397528376271844 0.001562499995037879
 3 5.669104495138313 1.382756142463351e-13
 4 6.708047295643000 0.000000000000000
 5 9.717897811735968 0.000000000000000
 6 10.30835230811312 0.000000000000000
 7 13.31898508673458 0.000000000000000
 8 13.84949031773269 0.000000000000000
 9 14.32411573455238 0.000000000000000
 10 15.93513441098177 0.000000000000000
 11 17.19299618552004 0.000000000000000
 12 18.12445842167019 0.000000000000000

 spin=1 k-point=565/1284 Cartesian=0.03894808998566748 -0.08994676095058601 0.03838182236892686 (1334 plane wave)
 1 -2.024233549470687 0.001562500000000037
 2 1.249686101217684 0.001562499998868680
 3 5.582805563988968 3.277458370181059e-13
 4 7.673265775733192 0.000000000000000
 5 8.817766078965422 0.000000000000000
 6 10.96691284476116 0.000000000000000
 7 12.12825952701667 0.000000000000000
 8 14.96997200432147 0.000000000000000
 9 15.50890607548908 0.000000000000000
 10 16.41625499214834 0.000000000000000
 11 16.75684642873732 0.000000000000000
 12 18.51644283209429 0.000000000000000

 spin=1 k-point=566/1284 Cartesian=0.05842213497850103 -0.07870341583176267 0.03838182236892686 (1334 plane wave)
 1 -2.024233549420936 0.001562500000000037
 2 1.249686100813265 0.001562499998868680
 3 5.582805570090609 3.277458170202282e-13
 4 7.673265759701821 0.000000000000000
 5 8.817766080477075 0.000000000000000
 6 10.96691288347767 0.000000000000000
 7 12.12825949090454 0.000000000000000
 8 14.96997197141301 0.000000000000000
 9 15.50890614055941 0.000000000000000
 10 16.41625504399254 0.000000000000000
 11 16.75684633514462 0.000000000000000
 12 18.51644283633047 0.000000000000000

 spin=1 k-point=567/1284 Cartesian=0.07789617997133459 -0.06746007071293933 0.03838182236892686 (1337 plane wave)
 1 -1.873907816182136 0.001562500000000037
 2 1.397528374948971 0.001562499995037879
 3 5.669104525589381 1.382755721399312e-13
 4 6.708047252826582 0.000000000000000
 5 9.717897783327532 0.000000000000000
 6 10.30835237077768 0.000000000000000
 7 13.31898505324852 0.000000000000000
 8 13.84949037938508 0.000000000000000
 9 14.32411565816733 0.000000000000000
 10 15.93513441275096 0.000000000000000
 11 17.19299623360620 0.000000000000000
 12 18.12445841240220 0.000000000000000

 spin=1 k-point=568/1284 Cartesian=0.09737022496416814 -0.05621672559411599 0.03838182236892686 (1340 plane wave)
 1 -1.573357761997840 0.001562500000000037
 2 1.692082810951655 0.001562499905614711
 3 5.505673031652226 7.087932902856083e-13
 4 6.269934189855536 0.000000000000000
 5 8.975278063597077 0.000000000000000
 6 11.10799229884543 0.000000000000000
 7 12.28860227465662 0.000000000000000
 8 13.42895689717040 0.000000000000000
 9 14.41612305014364 0.000000000000000
 10 15.50693255425114 0.000000000000000
 11 16.46381748713788 0.000000000000000
 12 18.85551360732325 0.000000000000000

 spin=1 k-point=569/1284 Cartesian=0.1168442699570017 -0.04497338047529265 0.03838182236892686 (1340 plane wave)
 1 -1.122810498211648 0.001562500000000037
 2 2.129763257222292 0.001562492488530501
 3 4.892053603985939 3.276690891545563e-10
 4 6.554509568987308 0.000000000000000
 5 8.231451994897201 0.000000000000000
 6 9.747110358999727 0.000000000000000
 7 12.37941863395976 0.000000000000000
 8 13.13254618822997 0.000000000000000
 9 13.63678308868889 0.000000000000000
 10 16.37907768677329 0.000000000000000
 11 16.77323575432576 0.000000000000000
 12 17.82192652370777 0.000000000000000

 spin=1 k-point=570/1284 Cartesian=0.1363183149498352 -0.03373003535646932 0.03838182236892686 (1339 plane wave)
 1 -0.5226830491952417 0.001562500000000037
 2 2.697351177821037 0.001560311624021595
 3 4.345941218230450 7.711709604472401e-08
 4 6.975208586937098 0.000000000000000
 5 7.482391219207964 0.000000000000000
 6 8.308794649518665 0.000000000000000
 7 11.14978048461707 0.000000000000000
 8 12.15937374715600 0.000000000000000
 9 15.23046846441298 0.000000000000000
 10 15.55869098509102 0.000000000000000
 11 17.28218355986958 0.000000000000000
 12 18.75306854267653 0.000000000000000

 spin=1 k-point=571/1284 Cartesian=0.1557923599426688 0.2023802121388207 -0.03838182236892639 (1348 plane wave)
 1 0.2262629969669711 0.001562499999999996
 2 3.301920543828607 0.0009813009856252147
 3 4.032332495023605 1.772820573813731e-06
 4 6.180753480992468 0.000000000000000
 5 7.049758847469250 0.000000000000000
 6 8.150072368966692 0.000000000000000
 7 9.653281901294397 0.000000000000000
 8 11.67330838563783 0.000000000000000
 9 13.98583028261104 0.000000000000000
 10 17.03845692574381 0.000000000000000
 11 18.13446226210852 0.000000000000000
 12 20.50988970112695 0.000000000000000

 spin=1 k-point=572/1284 Cartesian=0.1363183149498352 0.1911368670199974 -0.03838182236892639 (1351 plane wave)
 1 1.122489840925863 0.001562499999682939
 2 3.422968478357492 0.0005230765475248931
 3 4.321078258273105 9.888333529511619e-08
 4 4.929930999496999 2.243551400062758e-10
 5 6.835595711738164 0.000000000000000
 6 7.933461327638189 0.000000000000000
 7 9.156733104772250 0.000000000000000
 8 11.36694831079735 0.000000000000000
 9 12.53100845846332 0.000000000000000
 10 18.57999460582462 0.000000000000000
 11 19.46527480290431 0.000000000000000
 12 21.09263690988523 0.000000000000000

 spin=1 k-point=573/1284 Cartesian=0.1168442699570017 0.1798935219011741 -0.03838182236892639 (1352 plane wave)
 1 2.161910542537647 0.001562489640518063
 2 3.284859225162543 0.001042101311906570
 3 3.380589320336162 0.0006791413671143575
 4 5.565142428654979 3.910634478097319e-13
 5 6.675752228107463 0.000000000000000
 6 6.733769220686597 0.000000000000000
 7 10.06248017203591 0.000000000000000
 8 11.20321166164790 0.000000000000000
 9 11.22825887539290 0.000000000000000
 10 19.72946194594734 0.000000000000000
 11 20.59668858541048 0.000000000000000
 12 21.04470228050784 0.000000000000000

 spin=1 k-point=574/1284 Cartesian=0.09737022496416814 0.1686501767823507 -0.03838182236892639 (1352 plane wave)
 1 2.161910541924956 0.001562489640518126
 2 3.284859225165642 0.001042101311895812
 3 3.380589321591055 0.0006791413622961671
 4 5.565142427308629 3.910634530748142e-13
 5 6.675752228282051 0.000000000000000
 6 6.733769220985931 0.000000000000000
 7 10.06248017329709 0.000000000000000
 8 11.20321165954430 0.000000000000000
 9 11.22825887668312 0.000000000000000
 10 19.72946194717240 0.000000000000000
 11 20.59668858307652 0.000000000000000
 12 21.04470228070398 0.000000000000000

 spin=1 k-point=575/1284 Cartesian=0.07789617997133459 0.1574068316635274 -0.03838182236892639 (1351 plane wave)
 1 1.122489840083920 0.001562499999682939
 2 3.422968494719823 0.0005230764905894125
 3 4.321078208646248 9.888338436472625e-08
 4 4.929931035348421 2.243550595717740e-10
 5 6.835595735601490 0.000000000000000
 6 7.933461271709509 0.000000000000000
 7 9.156733142668454 0.000000000000000
 8 11.36694830324985 0.000000000000000
 9 12.53100845883701 0.000000000000000
 10 18.57999460996433 0.000000000000000
 11 19.46527479577636 0.000000000000000
 12 21.09263691128531 0.000000000000000

 spin=1 k-point=576/1284 Cartesian=0.05842213497850103 0.1461634865447041 -0.03838182236892639 (1348 plane wave)
 1 0.2262629962534785 0.001562499999999996
 2 3.301920572999950 0.0009813008791462988
 3 4.032332443720010 1.772821482302913e-06
 4 6.180753515143318 0.000000000000000
 5 7.049758916343104 0.000000000000000
 6 8.150072219612030 0.000000000000000
 7 9.653281990027265 0.000000000000000
 8 11.67330836787780 0.000000000000000
 9 13.98583028037276 0.000000000000000
 10 17.03845692547801 0.000000000000000
 11 18.13446226869999 0.000000000000000
 12 20.50988966218058 0.000000000000000

 spin=1 k-point=577/1284 Cartesian=0.03894808998566748 0.1349201414258807 -0.03838182236892639 (1339 plane wave)
 1 -0.5226830497412883 0.001562500000000037
 2 2.697351188581678 0.001560311623786442
 3 4.345941184189659 7.711712229470876e-08
 4 6.975208680130521 0.000000000000000
 5 7.482391247391887 0.000000000000000
 6 8.308794511379453 0.000000000000000
 7 11.14978057388834 0.000000000000000
 8 12.15937370036455 0.000000000000000
 9 15.23046849823197 0.000000000000000
 10 15.55869093708368 0.000000000000000
 11 17.28218359488145 0.000000000000000
 12 18.75306849887401 0.000000000000000

 spin=1 k-point=578/1284 Cartesian=0.01947404499283394 0.1236767963070574 -0.03838182236892639 (1340 plane wave)
 1 -1.122810498607166 0.001562500000000037
 2 2.129763262244660 0.001562492488530123
 3 4.892053566450774 3.276692121457172e-10
 4 6.554509635753945 0.000000000000000
 5 8.231451979556132 0.000000000000000
 6 9.747110312706532 0.000000000000000
 7 12.37941868094752 0.000000000000000
 8 13.13254614752005 0.000000000000000
 9 13.63678312996129 0.000000000000000
 10 16.37907772350196 0.000000000000000
 11 16.77323568505423 0.000000000000000
 12 17.82192651371439 0.000000000000000

 spin=1 k-point=579/1284 Cartesian=0.000000000000000 0.08994676095058715 -0.03838182236892639 (1334 plane wave)
 1 -2.249870347750410 0.001562500000000037
 2 1.026227626553667 0.001562499999878940
 3 5.371466389539036 2.712512704623712e-12
 4 7.464452905388129 0.000000000000000
 5 10.65158151717261 0.000000000000000
 6 11.63840725045661 0.000000000000000
 7 12.87723321814050 0.000000000000000
 8 14.75804227056964 0.000000000000000
 9 14.94604389892464 0.000000000000000
 10 15.45972929251753 0.000000000000000
 11 16.65263228195484 0.000000000000000
 12 19.38128721088345 0.000000000000000

 spin=1 k-point=580/1284 Cartesian=0.01947404499283394 -0.07870341583176269 0.03838182236892686 (1339 plane wave)
 1 -2.475538541858402 0.001562500000000037
 2 0.8028855505185967 0.001562499999987060
 3 5.169630846475354 2.041421182422344e-11
 4 8.408327884834327 0.000000000000000
 5 10.67402060025041 0.000000000000000
 6 11.71282722129222 0.000000000000000
 7 13.95559685882315 0.000000000000000
 8 14.39780129972857 0.000000000000000
 9 15.08127850018229 0.000000000000000
 10 16.34107805433606 0.000000000000000
 11 17.80320674418217 0.000000000000000
 12 18.51830255197157 0.000000000000000

 spin=1 k-point=581/1284 Cartesian=0.03894808998566748 -0.06746007071293936 0.03838182236892686 (1335 plane wave)
 1 -2.550775390212456 0.001562500000000037
 2 0.7283599682194560 0.001562499999993878
 3 5.100595258340289 4.071462456495211e-11
 4 9.461013722054634 0.000000000000000
 5 9.534215740514139 0.000000000000000
 6 12.69817763450862 0.000000000000000
 7 12.87705530157340 0.000000000000000
 8 14.85006433602429 0.000000000000000
 9 16.53689589327218 0.000000000000000
 10 16.88790467366403 0.000000000000000
 11 17.38951434599289 0.000000000000000
 12 17.47025991772993 0.000000000000000

 spin=1 k-point=582/1284 Cartesian=0.05842213497850103 -0.05621672559411602 0.03838182236892686 (1339 plane wave)
 1 -2.475538541795564 0.001562500000000037
 2 0.8028855501115496 0.001562499999987060
 3 5.169630849997411 2.041421110522329e-11
 4 8.408327874568728 0.000000000000000
 5 10.67402058909328 0.000000000000000
 6 11.71282725612907 0.000000000000000
 7 13.95559684102421 0.000000000000000
 8 14.39780129233148 0.000000000000000
 9 15.08127852918878 0.000000000000000
 10 16.34107800014079 0.000000000000000
 11 17.80320680393664 0.000000000000000
 12 18.51830250825376 0.000000000000000

 spin=1 k-point=583/1284 Cartesian=0.07789617997133459 -0.04497338047529267 0.03838182236892686 (1334 plane wave)
 1 -2.249870347623610 0.001562500000000037
 2 1.026227625686154 0.001562499999878940
 3 5.371466399542157 2.712512433287745e-12
 4 7.464452886663834 0.000000000000000
 5 10.65158151368529 0.000000000000000
 6 11.63840725293694 0.000000000000000
 7 12.87723329184728 0.000000000000000
 8 14.75804220332458 0.000000000000000
 9 14.94604390110953 0.000000000000000
 10 15.45972916785415 0.000000000000000
 11 16.65263243602950 0.000000000000000
 12 19.38128721562786 0.000000000000000

 spin=1 k-point=584/1284 Cartesian=0.09737022496416814 -0.03373003535646934 0.03838182236892686 (1337 plane wave)
 1 -1.873907816179502 0.001562500000000037
 2 1.397528374925002 0.001562499995037879
 3 5.669104525630011 1.382755720837490e-13
 4 6.708047252475811 0.000000000000000
 5 9.717897780337990 0.000000000000000
 6 10.30835237403032 0.000000000000000
 7 13.31898505764587 0.000000000000000
 8 13.84949037801161 0.000000000000000
 9 14.32411565741286 0.000000000000000
 10 15.93513441114234 0.000000000000000
 11 17.19299623034332 0.000000000000000
 12 18.12445841653540 0.000000000000000

 spin=1 k-point=585/1284 Cartesian=0.1168442699570017 -0.02248669023764600 0.03838182236892686 (1339 plane wave)
 1 -1.347917660018833 0.001562500000000037
 2 1.914594269370500 0.001562499126506923
 3 5.728747937896157 7.615831946774582e-14
 4 6.458696021396989 0.000000000000000
 5 8.241965915695927 0.000000000000000
 6 9.343877821948174 0.000000000000000
 7 11.58989748262637 0.000000000000000
 8 13.59260972070992 0.000000000000000
 9 15.41232938535193 0.000000000000000
 10 15.90690619247254 0.000000000000000
 11 16.74654395167853 0.000000000000000
 12 19.01266625745074 0.000000000000000

 spin=1 k-point=586/1284 Cartesian=0.1363183149498352 -0.01124334511882266 0.03838182236892686 (1337 plane wave)
 1 -0.6723823706319755 0.001562500000000037
 2 2.570912904101018 0.001561881351371855
 3 5.335609483861751 3.882365164718130e-12
 4 6.419956966618570 0.000000000000000
 5 7.114827718494793 0.000000000000000
 6 8.806260783813075 0.000000000000000
 7 9.940185935771536 0.000000000000000
 8 13.10516447446590 0.000000000000000
 9 14.26742098047047 0.000000000000000
 10 16.80829637172442 0.000000000000000
 11 17.79152273014201 0.000000000000000
 12 19.83792711274090 0.000000000000000

 spin=1 k-point=587/1284 Cartesian=0.1557923599426688 0.1798935219011741 -0.03838182236892639 (1343 plane wave)
 1 0.1517777474835313 0.001562500000000017
 2 3.333616777265672 0.0008617536964244434
 3 4.963275633267420 1.607393106449725e-10
 4 5.043101249165716 7.235087638772644e-11
 5 7.552497204291063 0.000000000000000
 6 8.286721698260441 0.000000000000000
 7 8.776918604279153 0.000000000000000
 8 12.70766811129062 0.000000000000000
 9 12.79049870269895 0.000000000000000
 10 17.72611809081574 0.000000000000000
 11 19.51319119275629 0.000000000000000
 12 19.62677494091939 0.000000000000000

 spin=1 k-point=588/1284 Cartesian=0.1363183149498352 0.1686501767823507 -0.03838182236892639 (1351 plane wave)
 1 1.122489840466805 0.001562499999682939
 2 3.422968494704077 0.0005230764906442028
 3 4.321078204579257 9.888338838605123e-08
 4 4.929931039575312 2.243550500885309e-10
 5 6.835595728801673 0.000000000000000
 6 7.933461285178523 0.000000000000000
 7 9.156733135182543 0.000000000000000
 8 11.36694830351390 0.000000000000000
 9 12.53100845770508 0.000000000000000
 10 18.57999461740031 0.000000000000000
 11 19.46527479152333 0.000000000000000
 12 21.09263691559813 0.000000000000000

 spin=1 k-point=589/1284 Cartesian=0.1168442699570017 0.1574068316635274 -0.03838182236892639 (1347 plane wave)
 1 2.220776861659071 0.001562481336677168
 2 2.245701935190219 0.001562476053847404
 3 4.505667168007985 1.561300887955982e-08
 4 5.596436706602111 2.859814536575956e-13
 5 5.729556638663702 7.554491006973704e-14
 6 7.905232794723118 0.000000000000000
 7 10.11837481877308 0.000000000000000
 8 10.17713091932134 0.000000000000000
 9 12.45755895260204 0.000000000000000
 10 18.94497631023553 0.000000000000000
 11 19.82731285904379 0.000000000000000
 12 20.33694903619564 0.000000000000000

 spin=1 k-point=590/1284 Cartesian=0.09737022496416814 0.1461634865447041 -0.03838182236892639 (1351 plane wave)
 1 1.122489840518659 0.001562499999682939
 2 3.422968480507115 0.0005230765400449197
 3 4.321078256890300 9.888333666239370e-08
 4 4.929930998466633 2.243551423179570e-10
 5 6.835595704480903 0.000000000000000
 6 7.933461341105812 0.000000000000000
 7 9.156733101061386 0.000000000000000
 8 11.36694831026472 0.000000000000000
 9 12.53100845723499 0.000000000000000
 10 18.57999461553626 0.000000000000000
 11 19.46527479381736 0.000000000000000
 12 21.09263690934728 0.000000000000000

 spin=1 k-point=591/1284 Cartesian=0.07789617997133459 0.1349201414258807 -0.03838182236892639 (1343 plane wave)
 1 0.1517777472215681 0.001562500000000017
 2 3.333616778681618 0.0008617536909521321
 3 4.963275634534869 1.607393086076844e-10
 4 5.043101245606119 7.235087896312577e-11
 5 7.552497204653098 0.000000000000000
 6 8.286721698010522 0.000000000000000
 7 8.776918606266545 0.000000000000000
 8 12.70766810999975 0.000000000000000
 9 12.79049870421088 0.000000000000000
 10 17.72611809107630 0.000000000000000
 11 19.51319118986600 0.000000000000000
 12 19.62677493977734 0.000000000000000

 spin=1 k-point=592/1284 Cartesian=0.05842213497850103 0.1236767963070574 -0.03838182236892639 (1337 plane wave)
 1 -0.6723823709269167 0.001562500000000037
 2 2.570912907231308 0.001561881351352497
 3 5.335609448108521 3.882366552789710e-12
 4 6.419957021137566 0.000000000000000
 5 7.114827727611407 0.000000000000000
 6 8.806260701705131 0.000000000000000
 7 9.940185994815492 0.000000000000000
 8 13.10516447053332 0.000000000000000
 9 14.26742097610422 0.000000000000000
 10 16.80829637236306 0.000000000000000
 11 17.79152273180372 0.000000000000000
 12 19.83792711393092 0.000000000000000

 spin=1 k-point=593/1284 Cartesian=0.03894808998566748 0.1124334511882340 -0.03838182236892639 (1339 plane wave)
 1 -1.347917660272294 0.001562500000000037
 2 1.914594271590214 0.001562499126506904
 3 5.728747876876710 7.615836593915723e-14
 4 6.458696101435187 0.000000000000000
 5 8.241965935316610 0.000000000000000
 6 9.343877747059963 0.000000000000000
 7 11.58989753434922 0.000000000000000
 8 13.59260970736204 0.000000000000000
 9 15.41232941239825 0.000000000000000
 10 15.90690612161612 0.000000000000000
 11 16.74654400453237 0.000000000000000
 12 19.01266623081302 0.000000000000000

 spin=1 k-point=594/1284 Cartesian=0.01947404499283394 0.1011901060694107 -0.03838182236892639 (1337 plane wave)
 1 -1.873907816371195 0.001562500000000037
 2 1.397528376370379 0.001562499995037879
 3 5.669104494741703 1.382756147947516e-13
 4 6.708047295020962 0.000000000000000
 5 9.717897814907973 0.000000000000000
 6 10.30835230458629 0.000000000000000
 7 13.31898509555514 0.000000000000000
 8 13.84949031620154 0.000000000000000
 9 14.32411573269924 0.000000000000000
 10 15.93513440669232 0.000000000000000
 11 17.19299618945242 0.000000000000000
 12 18.12445841663877 0.000000000000000

 spin=1 k-point=595/1284 Cartesian=0.000000000000000 -0.06746007071293957 0.03838182236892686 (1332 plane wave)
 1 -2.776555829278740 0.001562500000000037
 2 0.5042704989575919 0.001562499999999382
 3 4.885229086330440 3.508116266038228e-10
 4 9.292617433653534 0.000000000000000
 5 12.31980949967733 0.000000000000000
 6 12.44524091912731 0.000000000000000
 7 13.49297725075831 0.000000000000000
 8 14.88825342034524 0.000000000000000
 9 15.62671029012706 0.000000000000000
 10 16.42185383891904 0.000000000000000
 11 17.55718841478138 0.000000000000000
 12 19.61702266937466 0.000000000000000

 spin=1 k-point=596/1284 Cartesian=0.01947404499283394 -0.05621672559411600 0.03838182236892686 (1332 plane wave)
 1 -2.927104727063506 0.001562500000000037
 2 0.3547864616733156 0.001562499999999890
 3 4.741451068800498 1.477385439529075e-09
 4 10.31599860257455 0.000000000000000
 5 11.45146546231238 0.000000000000000
 6 13.55352055594264 0.000000000000000
 7 14.36618549350036 0.000000000000000
 8 14.82847739822413 0.000000000000000
 9 15.48458786050990 0.000000000000000
 10 17.54242361323300 0.000000000000000
 11 17.89998127234707 0.000000000000000
 12 18.71375285042512 0.000000000000000

 spin=1 k-point=597/1284 Cartesian=0.03894808998566748 -0.04497338047529267 0.03838182236892686 (1332 plane wave)
 1 -2.927104727043258 0.001562500000000037
 2 0.3547864615655600 0.001562499999999890
 3 4.741451069390459 1.477385430813084e-09
 4 10.31599859856340 0.000000000000000
 5 11.45146546125483 0.000000000000000
 6 13.55352057749254 0.000000000000000
 7 14.36618546256672 0.000000000000000
 8 14.82847738678351 0.000000000000000
 9 15.48458791925818 0.000000000000000
 10 17.54242360881675 0.000000000000000
 11 17.89998114903573 0.000000000000000
 12 18.71375291700024 0.000000000000000

 spin=1 k-point=598/1284 Cartesian=0.05842213497850103 -0.03373003535646933 0.03838182236892686 (1332 plane wave)
 1 -2.776555829218808 0.001562500000000037
 2 0.5042704986389352 0.001562499999999382
 3 4.885229088275714 3.508116197795746e-10
 4 9.292617426728974 0.000000000000000
 5 12.31980950217162 0.000000000000000
 6 12.44524089259880 0.000000000000000
 7 13.49297731302594 0.000000000000000
 8 14.88825343311711 0.000000000000000
 9 15.62671029204737 0.000000000000000
 10 16.42185368741279 0.000000000000000
 11 17.55718854293704 0.000000000000000
 12 19.61702267715460 0.000000000000000

 spin=1 k-point=599/1284 Cartesian=0.07789617997133459 -0.02248669023764599 0.03838182236892686 (1339 plane wave)
 1 -2.475538541793660 0.001562500000000037
 2 0.8028855500934594 0.001562499999987060
 3 5.169630849892831 2.041421112657251e-11
 4 8.408327874350958 0.000000000000000
 5 10.67402058657525 0.000000000000000
 6 11.71282725901752 0.000000000000000
 7 13.95559684336149 0.000000000000000
 8 14.39780129559811 0.000000000000000
 9 15.08127852765760 0.000000000000000
 10 16.34107799635851 0.000000000000000
 11 17.80320680182157 0.000000000000000
 12 18.51830251181741 0.000000000000000

 spin=1 k-point=600/1284 Cartesian=0.09737022496416814 -0.01124334511882265 0.03838182236892686 (1334 plane wave)
 1 -2.024233549414730 0.001562500000000037
 2 1.249686100763991 0.001562499998868680
 3 5.582805570015991 3.277458172647844e-13
 4 7.673265758920607 0.000000000000000
 5 8.817766078863436 0.000000000000000
 6 10.96691288638515 0.000000000000000
 7 12.12825949317194 0.000000000000000
 8 14.96997197291150 0.000000000000000
 9 15.50890614202484 0.000000000000000
 10 16.41625503962399 0.000000000000000
 11 16.75684633476500 0.000000000000000
 12 18.51644283549879 0.000000000000000

 spin=1 k-point=601/1284 Cartesian=0.1168442699570017 0.000000000000000 0.03838182236892686 (1335 plane wave)
 1 -1.422975058296083 0.001562500000000037
 2 1.842177330559440 0.001562499576594274
 3 6.050744805467919 3.043003009597679e-15
 4 6.993973289185940 0.000000000000000
 5 7.235858332315811 0.000000000000000
 6 10.28634210049236 0.000000000000000
 7 10.46542747690732 0.000000000000000
 8 14.51921503560897 0.000000000000000
 9 14.80147356249720 0.000000000000000
 10 16.25163841580884 0.000000000000000
 11 17.95868839166589 0.000000000000000
 12 18.19003968165275 0.000000000000000

 spin=1 k-point=602/1284 Cartesian=0.1363183149498352 0.01124334511882402 0.03838182236892686 (1337 plane wave)
 1 -0.6723823707554588 0.001562500000000037
 2 2.570912906588484 0.001561881351356472
 3 5.335609449271866 3.882366507624367e-12
 4 6.419957024098547 0.000000000000000
 5 7.114827720057527 0.000000000000000
 6 8.806260709952721 0.000000000000000
 7 9.940185990263876 0.000000000000000
 8 13.10516447059459 0.000000000000000
 9 14.26742097312519 0.000000000000000
 10 16.80829638032036 0.000000000000000
 11 17.79152272530358 0.000000000000000
 12 19.83792711780640 0.000000000000000

 spin=1 k-point=603/1284 Cartesian=0.1557923599426688 0.02248669023764735 0.03838182236892686 (1348 plane wave)
 1 0.2262629965020825 0.001562499999999996
 2 3.301920572174714 0.0009813008821585095
 3 4.032332443932783 1.772821478535113e-06
 4 6.180753516448735 0.000000000000000
 5 7.049758904843167 0.000000000000000
 6 8.150072237905411 0.000000000000000
 7 9.653281983137411 0.000000000000000
 8 11.67330836686004 0.000000000000000
 9 13.98583027796534 0.000000000000000
 10 17.03845693469723 0.000000000000000
 11 18.13446226194684 0.000000000000000
 12 20.50988966204169 0.000000000000000

 spin=1 k-point=604/1284 Cartesian=0.1363183149498352 0.1461634865447040 -0.03838182236892639 (1346 plane wave)
 1 1.269555994968288 0.001562499998619991
 2 2.441914554817461 0.001562329652470192
 3 4.570059573671906 8.200416937358077e-09
 4 5.648450828470057 1.699978203229065e-13
 5 6.270056269330559 0.000000000000000
 6 8.830533994032216 0.000000000000000
 7 9.612346286139937 0.000000000000000
 8 10.44250133428216 0.000000000000000
 9 13.84388018989316 0.000000000000000
 10 16.99110722332932 0.000000000000000
 11 18.99754385072428 0.000000000000000
 12 20.09418172210021 0.000000000000000

 spin=1 k-point=605/1284 Cartesian=0.1168442699570017 0.1349201414258807 -0.03838182236892639 (1346 plane wave)
 1 1.269555996032412 0.001562499998619991
 2 2.441914549303425 0.001562329652479584
 3 4.570059605334817 8.200414340880740e-09
 4 5.648450782371293 1.699978986898365e-13
 5 6.270056272778802 0.000000000000000
 6 8.830534097007511 0.000000000000000
 7 9.612346151307882 0.000000000000000
 8 10.44250138158579 0.000000000000000
 9 13.84388019084550 0.000000000000000
 10 16.99110722376172 0.000000000000000
 11 18.99754383432419 0.000000000000000
 12 20.09418177469820 0.000000000000000

 spin=1 k-point=606/1284 Cartesian=0.09737022496416814 0.1236767963070574 -0.03838182236892639 (1348 plane wave)
 1 0.2262629966688094 0.001562499999999996
 2 3.301920546988969 0.0009813009740895153
 3 4.032332491464075 1.772820636846222e-06
 4 6.180753481414286 0.000000000000000
 5 7.049758834038157 0.000000000000000
 6 8.150072390577657 0.000000000000000
 7 9.653281896665062 0.000000000000000
 8 11.67330838383445 0.000000000000000
 9 13.98583028109716 0.000000000000000
 10 17.03845693606455 0.000000000000000
 11 18.13446225107027 0.000000000000000
 12 20.50988969458088 0.000000000000000

 spin=1 k-point=607/1284 Cartesian=0.07789617997133459 0.1124334511882340 -0.03838182236892639 (1337 plane wave)
 1 -0.6723823708310278 0.001562500000000037
 2 2.570912904967401 0.001561881351366497
 3 5.335609481732733 3.882365247374426e-12
 4 6.419956965173601 0.000000000000000
 5 7.114827717738175 0.000000000000000
 6 8.806260792453694 0.000000000000000
 7 9.940185932470904 0.000000000000000
 8 13.10516447501813 0.000000000000000
 9 14.26742097970068 0.000000000000000
 10 16.80829637962857 0.000000000000000
 11 17.79152271835020 0.000000000000000
 12 19.83792711208109 0.000000000000000

 spin=1 k-point=608/1284 Cartesian=0.05842213497850103 0.1011901060694107 -0.03838182236892639 (1335 plane wave)
 1 -1.422975058427372 0.001562500000000037
 2 1.842177331027942 0.001562499576594272
 3 6.050744801489252 3.043003130668670e-15
 4 6.993973290413261 0.000000000000000
 5 7.235858335178808 0.000000000000000
 6 10.28634210001236 0.000000000000000
 7 10.46542747775507 0.000000000000000
 8 14.51921503713797 0.000000000000000
 9 14.80147356476131 0.000000000000000
 10 16.25163841340997 0.000000000000000
 11 17.95868838876955 0.000000000000000
 12 18.19003968036822 0.000000000000000

 spin=1 k-point=609/1284 Cartesian=0.03894808998566748 0.08994676095058736 -0.03838182236892639 (1334 plane wave)
 1 -2.024233549540558 0.001562500000000037
 2 1.249686101426089 0.001562499998868680
 3 5.582805562777986 3.277458409870486e-13
 4 7.673265774527930 0.000000000000000
 5 8.817766080152653 0.000000000000000
 6 10.96691284496317 0.000000000000000
 7 12.12825953145942 0.000000000000000
 8 14.96997200760754 0.000000000000000
 9 15.50890608068895 0.000000000000000
 10 16.41625498802197 0.000000000000000
 11 16.75684642204484 0.000000000000000
 12 18.51644282732558 0.000000000000000

 spin=1 k-point=610/1284 Cartesian=0.01947404499283394 0.07870341583176403 -0.03838182236892639 (1339 plane wave)
 1 -2.475538541890613 0.001562500000000037
 2 0.8028855506169326 0.001562499999987060
 3 5.169630845961859 2.041421192904962e-11
 4 8.408327884425891 0.000000000000000
 5 10.67402060145522 0.000000000000000
 6 11.71282721951443 0.000000000000000
 7 13.95559686564715 0.000000000000000
 8 14.39780130256036 0.000000000000000
 9 15.08127849951462 0.000000000000000
 10 16.34107804625328 0.000000000000000
 11 17.80320674704816 0.000000000000000
 12 18.51830254886883 0.000000000000000

 spin=1 k-point=611/1284 Cartesian=0.000000000000000 -0.04497338047529290 0.03838182236892686 (1334 plane wave)
 1 -3.152982776454837 0.001562500000000037
 2 0.1303020090467399 0.001562500000000021
 3 4.523458064475396 1.306839983276257e-08
 4 11.27038104949800 0.000000000000000
 5 13.15102426118453 0.000000000000000
 6 13.86688770160236 0.000000000000000
 7 14.28171611881896 0.000000000000000
 8 15.11447945798503 0.000000000000000
 9 16.45678624447810 0.000000000000000
 10 17.35949003443877 0.000000000000000
 11 18.02991678168582 0.000000000000000
 12 19.05932990987577 0.000000000000000

 spin=1 k-point=612/1284 Cartesian=0.01947404499283394 -0.03373003535646933 0.03838182236892686 (1331 plane wave)
 1 -3.228287945861696 0.001562500000000037
 2 0.05542630186414380 0.001562500000000029
 3 4.450502683911467 2.710564720172857e-08
 4 12.31142401786476 0.000000000000000
 5 12.36184008657668 0.000000000000000
 6 14.18155229836294 0.000000000000000
 7 15.49987061158335 0.000000000000000
 8 15.63889835314910 0.000000000000000
 9 16.12538719519794 0.000000000000000
 10 16.40666680951647 0.000000000000000
 11 19.10784583822916 0.000000000000000
 12 19.11780990756122 0.000000000000000

 spin=1 k-point=613/1284 Cartesian=0.03894808998566748 -0.02248669023764600 0.03838182236892686 (1334 plane wave)
 1 -3.152982776428245 0.001562500000000037
 2 0.1303020089266161 0.001562500000000021
 3 4.523458064964683 1.306839976882114e-08
 4 11.27038104683066 0.000000000000000
 5 13.15102426369443 0.000000000000000
 6 13.86688766894328 0.000000000000000
 7 14.28171612337045 0.000000000000000
 8 15.11447952211352 0.000000000000000
 9 16.45678624565909 0.000000000000000
 10 17.35948999576670 0.000000000000000
 11 18.02991678546838 0.000000000000000
 12 19.05932986793370 0.000000000000000

 spin=1 k-point=614/1284 Cartesian=0.05842213497850103 -0.01124334511882266 0.03838182236892686 (1332 plane wave)
 1 -2.927104727042195 0.001562500000000037
 2 0.3547864615549621 0.001562499999999890
 3 4.741451069290807 1.477385432285342e-09
 4 10.31599859823180 0.000000000000000
 5 11.45146545953365 0.000000000000000
 6 13.55352057967523 0.000000000000000
 7 14.36618546658189 0.000000000000000
 8 14.82847739018293 0.000000000000000
 9 15.48458791560251 0.000000000000000
 10 17.54242360593306 0.000000000000000
 11 17.89998114867052 0.000000000000000
 12 18.71375291186610 0.000000000000000

 spin=1 k-point=615/1284 Cartesian=0.07789617997133459 0.000000000000000 0.03838182236892686 (1335 plane wave)
 1 -2.550775390208372 0.001562500000000037
 2 0.7283599681870340 0.001562499999993878
 3 5.100595258147644 4.071462464338672e-11
 4 9.461013714768123 0.000000000000000
 5 9.534215745943525 0.000000000000000
 6 12.69817764128228 0.000000000000000
 7 12.87705529897868 0.000000000000000
 8 14.85006434287797 0.000000000000000
 9 16.53689588825259 0.000000000000000
 10 16.88790467259316 0.000000000000000
 11 17.38951434152165 0.000000000000000
 12 17.47025991747221 0.000000000000000

 spin=1 k-point=616/1284 Cartesian=0.09737022496416814 0.01124334511882402 0.03838182236892686 (1334 plane wave)
 1 -2.024233549459901 0.001562500000000037
 2 1.249686101145837 0.001562499998868680
 3 5.582805564014397 3.277458369347648e-13
 4 7.673265772894584 0.000000000000000
 5 8.817766079213602 0.000000000000000
 6 10.96691284837681 0.000000000000000
 7 12.12825952937255 0.000000000000000
 8 14.96997200595670 0.000000000000000
 9 15.50890608243460 0.000000000000000
 10 16.41625498729885 0.000000000000000
 11 16.75684641966783 0.000000000000000
 12 18.51644283153583 0.000000000000000

 spin=1 k-point=617/1284 Cartesian=0.1168442699570017 0.02248669023764735 0.03838182236892686 (1339 plane wave)
 1 -1.347917660166623 0.001562500000000037
 2 1.914594271216387 0.001562499126506907
 3 5.728747879964871 7.615836358726389e-14
 4 6.458696097169899 0.000000000000000
 5 8.241965932541653 0.000000000000000
 6 9.343877753527337 0.000000000000000
 7 11.58989753291342 0.000000000000000
 8 13.59260970594633 0.000000000000000
 9 15.41232941617581 0.000000000000000
 10 15.90690611915004 0.000000000000000
 11 16.74654400181561 0.000000000000000
 12 19.01266623207431 0.000000000000000

 spin=1 k-point=618/1284 Cartesian=0.1363183149498352 0.03373003535647069 0.03838182236892686 (1339 plane wave)
 1 -0.5226830495863919 0.001562500000000037
 2 2.697351188009336 0.001560311623798949
 3 4.345941184926166 7.711712172676350e-08
 4 6.975208669789605 0.000000000000000
 5 7.482391251198710 0.000000000000000
 6 8.308794520478191 0.000000000000000
 7 11.14978057474992 0.000000000000000
 8 12.15937369623770 0.000000000000000
 9 15.23046850234592 0.000000000000000
 10 15.55869093403331 0.000000000000000
 11 17.28218359249271 0.000000000000000
 12 18.75306850067575 0.000000000000000

 spin=1 k-point=619/1284 Cartesian=0.1557923599426688 0.04497338047529402 0.03838182236892686 (1339 plane wave)
 1 0.4494888085410585 0.001562499999999658
 2 2.756763317685352 0.001558540390432378
 3 3.846086390758090 1.134617323020822e-05
 4 6.100944008453842 1.842001416994708e-15
 5 7.537769290178124 0.000000000000000
 6 8.413798679287790 0.000000000000000
 7 10.45817284324339 0.000000000000000
 8 11.26389701509772 0.000000000000000
 9 15.05956563660395 0.000000000000000
 10 15.34861592445242 0.000000000000000
 11 17.94785608407076 0.000000000000000
 12 18.74308182759575 0.000000000000000

 spin=1 k-point=620/1284 Cartesian=0.1363183149498352 0.1236767963070574 -0.03838182236892639 (1342 plane wave)
 1 1.558083168174840 0.001562499975285567
 2 1.565976829609151 0.001562499973255625
 3 4.829267559628770 6.139200075406773e-10
 4 4.932462440327071 2.187470046040337e-10
 5 7.557566550413299 0.000000000000000
 6 9.185449361804487 0.000000000000000
 7 9.509451507364805 0.000000000000000
 8 11.09749503627874 0.000000000000000
 9 14.99714786176943 0.000000000000000
 10 15.27809080702679 0.000000000000000
 11 18.15179454840650 0.000000000000000
 12 19.46189352280091 0.000000000000000

 spin=1 k-point=621/1284 Cartesian=0.1168442699570017 0.1124334511882340 -0.03838182236892639 (1339 plane wave)
 1 0.4494888092275246 0.001562499999999658
 2 2.756763300777640 0.001558540391100161
 3 3.846086427007002 1.134616914720937e-05
 4 6.100943968264753 1.842002157278629e-15
 5 7.537769237027863 0.000000000000000
 6 8.413798806498386 0.000000000000000
 7 10.45817273176217 0.000000000000000
 8 11.26389707272230 0.000000000000000
 9 15.05956562213420 0.000000000000000
 10 15.34861594471888 0.000000000000000
 11 17.94785603864252 0.000000000000000
 12 18.74308189230599 0.000000000000000

 spin=1 k-point=622/1284 Cartesian=0.09737022496416814 0.1011901060694107 -0.03838182236892639 (1339 plane wave)
 1 -0.5226830494329094 0.001562500000000037
 2 2.697351179266608 0.001560311623990005
 3 4.345941216065622 7.711709771409423e-08
 4 6.975208574937709 0.000000000000000
 5 7.482391224821329 0.000000000000000
 6 8.308794660424747 0.000000000000000
 7 11.14978048827377 0.000000000000000
 8 12.15937374158946 0.000000000000000
 9 15.23046847543550 0.000000000000000
 10 15.55869097765150 0.000000000000000
 11 17.28218355450426 0.000000000000000
 12 18.75306853760948 0.000000000000000

 spin=1 k-point=623/1284 Cartesian=0.07789617997133459 0.08994676095058737 -0.03838182236892639 (1339 plane wave)
 1 -1.347917660181680 0.001562500000000037
 2 1.914594269997572 0.001562499126506918
 3 5.728747933914858 7.615832249983779e-14
 4 6.458696021958908 0.000000000000000
 5 8.241965915953177 0.000000000000000
 6 9.343877827622173 0.000000000000000
 7 11.58989748238111 0.000000000000000
 8 13.59260972075517 0.000000000000000
 9 15.41232940056255 0.000000000000000
 10 15.90690618189432 0.000000000000000
 11 16.74654394286946 0.000000000000000
 12 19.01266625262403 0.000000000000000

 spin=1 k-point=624/1284 Cartesian=0.05842213497850103 0.07870341583176403 -0.03838182236892639 (1334 plane wave)
 1 -2.024233549523429 0.001562500000000037
 2 1.249686101150453 0.001562499998868680
 3 5.582805567896861 3.277458242101482e-13
 4 7.673265759652117 0.000000000000000
 5 8.817766079676261 0.000000000000000
 6 10.96691288935899 0.000000000000000
 7 12.12825949174346 0.000000000000000
 8 14.96997198057202 0.000000000000000
 9 15.50890614688306 0.000000000000000
 10 16.41625502921793 0.000000000000000
 11 16.75684632956911 0.000000000000000
 12 18.51644283451716 0.000000000000000

 spin=1 k-point=625/1284 Cartesian=0.03894808998566748 0.06746007071294069 -0.03838182236892639 (1335 plane wave)
 1 -2.550775390274859 0.001562500000000037
 2 0.7283599684245868 0.001562499999993878
 3 5.100595257295608 4.071462499028996e-11
 4 9.461013715860577 0.000000000000000
 5 9.534215746090533 0.000000000000000
 6 12.69817764092492 0.000000000000000
 7 12.87705529947358 0.000000000000000
 8 14.85006434624597 0.000000000000000
 9 16.53689588442544 0.000000000000000
 10 16.88790468071617 0.000000000000000
 11 17.38951433866633 0.000000000000000
 12 17.47025991095857 0.000000000000000

 spin=1 k-point=626/1284 Cartesian=-0.01947404499283316 -0.05621672559411601 0.03838182236892686 (1332 plane wave)
 1 -2.927104727092550 0.001562500000000037
 2 0.3547864617724309 0.001562499999999890
 3 4.741451068369352 1.477385445898762e-09
 4 10.31599860196220 0.000000000000000
 5 11.45146546225102 0.000000000000000
 6 13.55352055520335 0.000000000000000
 7 14.36618550266951 0.000000000000000
 8 14.82847740005159 0.000000000000000
 9 15.48458785701482 0.000000000000000
 10 17.54242361020793 0.000000000000000
 11 17.89998126526863 0.000000000000000
 12 18.71375285556935 0.000000000000000

 spin=1 k-point=627/1284 Cartesian=0.000000000000000 -0.02248669023764622 0.03838182236892686 (1329 plane wave)
 1 -3.378917373473391 0.001562500000000037
 2 -0.09439915143751364 0.001562500000000035
 3 4.304120686508832 1.171558134684362e-07
 4 13.30442914433084 0.000000000000000
 5 13.99697687556015 0.000000000000000
 6 14.12639640139147 0.000000000000000
 7 15.25726105929105 0.000000000000000
 8 16.59955154522604 0.000000000000000
 9 16.68532985256075 0.000000000000000
 10 17.43185379303693 0.000000000000000
 11 17.64740386679903 0.000000000000000
 12 18.54855945497224 0.000000000000000

 spin=1 k-point=628/1284 Cartesian=0.01947404499283394 -0.01124334511882265 0.03838182236892686 (1329 plane wave)
 1 -3.378917373463790 0.001562500000000037
 2 -0.09439915147846124 0.001562500000000035
 3 4.304120686622491 1.171558133352881e-07
 4 13.30442914774861 0.000000000000000
 5 13.99697686361145 0.000000000000000
 6 14.12639640390445 0.000000000000000
 7 15.25726105678933 0.000000000000000
 8 16.59955154627386 0.000000000000000
 9 16.68532987384673 0.000000000000000
 10 17.43185379626525 0.000000000000000
 11 17.64740390833618 0.000000000000000
 12 18.54855947888079 0.000000000000000

 spin=1 k-point=629/1284 Cartesian=0.03894808998566748 0.000000000000000 0.03838182236892686 (1331 plane wave)
 1 -3.228287945861061 0.001562500000000037
 2 0.05542630186113481 0.001562500000000029
 3 4.450502683831089 2.710564722351537e-08
 4 12.31142400915080 0.000000000000000
 5 12.36184009298985 0.000000000000000
 6 14.18155230436461 0.000000000000000
 7 15.49987061714183 0.000000000000000
 8 15.63889835111385 0.000000000000000
 9 16.12538718529772 0.000000000000000
 10 16.40666681363563 0.000000000000000
 11 19.10784583688835 0.000000000000000
 12 19.11780990838813 0.000000000000000

 spin=1 k-point=630/1284 Cartesian=0.05842213497850103 0.01124334511882402 0.03838182236892686 (1332 plane wave)
 1 -2.927104727060932 0.001562500000000037
 2 0.3547864616551710 0.001562499999999890
 3 4.741451068621974 1.477385442166564e-09
 4 10.31599860064008 0.000000000000000
 5 11.45146546244137 0.000000000000000
 6 13.55352055756313 0.000000000000000
 7 14.36618550331273 0.000000000000000
 8 14.82847740308832 0.000000000000000
 9 15.48458784832770 0.000000000000000
 10 17.54242361252343 0.000000000000000
 11 17.89998127469329 0.000000000000000
 12 18.71375284188520 0.000000000000000

 spin=1 k-point=631/1284 Cartesian=0.07789617997133459 0.02248669023764736 0.03838182236892686 (1339 plane wave)
 1 -2.475538541851103 0.001562500000000037
 2 0.8028855504753228 0.001562499999987060
 3 5.169630846252430 2.041421186973181e-11
 4 8.408327882920188 0.000000000000000
 5 10.67402060027208 0.000000000000000
 6 11.71282722360532 0.000000000000000
 7 13.95559686391406 0.000000000000000
 8 14.39780131100043 0.000000000000000
 9 15.08127849012049 0.000000000000000
 10 16.34107804952782 0.000000000000000
 11 17.80320673783504 0.000000000000000
 12 18.51830255281163 0.000000000000000

 spin=1 k-point=632/1284 Cartesian=0.09737022496416814 0.03373003535647069 0.03838182236892686 (1337 plane wave)
 1 -1.873907816316441 0.001562500000000037
 2 1.397528376171290 0.001562499995037879
 3 5.669104496244588 1.382756127166272e-13
 4 6.708047291624769 0.000000000000000
 5 9.717897813623431 0.000000000000000
 6 10.30835230951316 0.000000000000000
 7 13.31898509682035 0.000000000000000
 8 13.84949031463113 0.000000000000000
 9 14.32411573730947 0.000000000000000
 10 15.93513440170529 0.000000000000000
 11 17.19299617985583 0.000000000000000
 12 18.12445842477693 0.000000000000000

 spin=1 k-point=633/1284 Cartesian=0.1168442699570017 0.04497338047529403 0.03838182236892686 (1340 plane wave)
 1 -1.122810498521531 0.001562500000000037
 2 2.129763261924487 0.001562492488530147
 3 4.892053567786350 3.276692077694436e-10
 4 6.554509629267329 0.000000000000000
 5 8.231451984647363 0.000000000000000
 6 9.747110314646063 0.000000000000000
 7 12.37941868505765 0.000000000000000
 8 13.13254614040214 0.000000000000000
 9 13.63678313633998 0.000000000000000
 10 16.37907771977706 0.000000000000000
 11 16.77323567378440 0.000000000000000
 12 17.82192652409657 0.000000000000000

 spin=1 k-point=634/1284 Cartesian=0.1363183149498352 0.05621672559411737 0.03838182236892686 (1343 plane wave)
 1 -0.2235046669142660 0.001562500000000036
 2 2.860910102304327 0.001551332829782946
 3 3.597119917318877 0.0001266356208380254
 4 6.569904182515018 0.000000000000000
 5 7.578934031978204 0.000000000000000
 6 9.423639515708016 0.000000000000000
 7 11.06432728740617 0.000000000000000
 8 12.76461592299495 0.000000000000000
 9 13.32081845019600 0.000000000000000
 10 16.37950248555051 0.000000000000000
 11 16.89168109312681 0.000000000000000
 12 17.93455924018071 0.000000000000000

 spin=1 k-point=635/1284 Cartesian=0.1557923599426688 0.06746007071294069 0.03838182236892686 (1341 plane wave)
 1 0.8206149179406400 0.001562499999984543
 2 1.993637122143305 0.001562498074524413
 3 4.164691147165542 4.722805526242982e-07
 4 5.324190837218675 4.351980550968156e-12
 5 8.451140607504637 0.000000000000000
 6 9.218482025967207 0.000000000000000
 7 9.892284701960687 0.000000000000000
 8 12.60101266157190 0.000000000000000
 9 13.16978240113186 0.000000000000000
 10 16.24193019622024 0.000000000000000
 11 16.95363522640002 0.000000000000000
 12 18.66063258892625 0.000000000000000

 spin=1 k-point=636/1284 Cartesian=0.1363183149498352 0.1011901060694107 -0.03838182236892639 (1341 plane wave)
 1 0.8206149194058658 0.001562499999984543
 2 1.993637115909269 0.001562498074524533
 3 4.164691172589355 4.722804325888577e-07
 4 5.324190808821947 4.351981786788708e-12
 5 8.451140580075922 0.000000000000000
 6 9.218482127168494 0.000000000000000
 7 9.892284634357676 0.000000000000000
 8 12.60101266467072 0.000000000000000
 9 13.16978239680885 0.000000000000000
 10 16.24193019292641 0.000000000000000
 11 16.95363523224972 0.000000000000000
 12 18.66063262210996 0.000000000000000

 spin=1 k-point=637/1284 Cartesian=0.1168442699570017 0.08994676095058737 -0.03838182236892639 (1343 plane wave)
 1 -0.2235046664809174 0.001562500000000036
 2 2.860910073174397 0.001551332833012687
 3 3.597119965462201 0.0001266355648125738
 4 6.569904111660172 0.000000000000000
 5 7.578934067399008 0.000000000000000
 6 9.423639571575116 0.000000000000000
 7 11.06432724220670 0.000000000000000
 8 12.76461593501813 0.000000000000000
 9 13.32081843465614 0.000000000000000
 10 16.37950246656010 0.000000000000000
 11 16.89168112808445 0.000000000000000
 12 17.93455925733557 0.000000000000000

 spin=1 k-point=638/1284 Cartesian=0.09737022496416814 0.07870341583176405 -0.03838182236892639 (1340 plane wave)
 1 -1.122810498411920 0.001562500000000037
 2 2.129763258139918 0.001562492488530432
 3 4.892053601818368 3.276690962570156e-10
 4 6.554509564252927 0.000000000000000
 5 8.231452001621575 0.000000000000000
 6 9.747110360356169 0.000000000000000
 7 12.37941864265067 0.000000000000000
 8 13.13254617962897 0.000000000000000
 9 13.63678309525731 0.000000000000000
 10 16.37907768581406 0.000000000000000
 11 16.77323574345143 0.000000000000000
 12 17.82192652247797 0.000000000000000

 spin=1 k-point=639/1284 Cartesian=0.07789617997133459 0.06746007071294070 -0.03838182236892639 (1337 plane wave)
 1 -1.873907816318870 0.001562500000000037
 2 1.397528375449587 0.001562499995037879
 3 5.669104521834761 1.382755773316542e-13
 4 6.708047253651842 0.000000000000000
 5 9.717897782288771 0.000000000000000
 6 10.30835237599575 0.000000000000000
 7 13.31898506081864 0.000000000000000
 8 13.84949037965863 0.000000000000000
 9 14.32411566497171 0.000000000000000
 10 15.93513440166241 0.000000000000000
 11 17.19299622067737 0.000000000000000
 12 18.12445841661634 0.000000000000000

 spin=1 k-point=640/1284 Cartesian=0.05842213497850103 0.05621672559411736 -0.03838182236892639 (1339 plane wave)
 1 -2.475538541887791 0.001562500000000037
 2 0.8028855504422603 0.001562499999987060
 3 5.169630848331580 2.041421144528959e-11
 4 8.408327874475933 0.000000000000000
 5 10.67402058705966 0.000000000000000
 6 11.71282726127602 0.000000000000000
 7 13.95559684257759 0.000000000000000
 8 14.39780130861783 0.000000000000000
 9 15.08127852381804 0.000000000000000
 10 16.34107799122721 0.000000000000000
 11 17.80320679050032 0.000000000000000
 12 18.51830251336687 0.000000000000000

 spin=1 k-point=641/1284 Cartesian=-0.03894808998566670 -0.04497338047529267 0.03838182236892686 (1332 plane wave)
 1 -2.927104727099922 0.001562500000000037
 2 0.3547864617765879 0.001562499999999890
 3 4.741451068546451 1.477385443282340e-09
 4 10.31599859792511 0.000000000000000
 5 11.45146546029243 0.000000000000000
 6 13.55352058182286 0.000000000000000
 7 14.36618547226651 0.000000000000000
 8 14.82847739297224 0.000000000000000
 9 15.48458790621660 0.000000000000000
 10 17.54242360909826 0.000000000000000
 11 17.89998115202770 0.000000000000000
 12 18.71375290124947 0.000000000000000

 spin=1 k-point=642/1284 Cartesian=-0.01947404499283316 -0.03373003535646933 0.03838182236892686 (1331 plane wave)
 1 -3.228287945888173 0.001562500000000037
 2 0.05542630196951274 0.001562500000000029
 3 4.450502683555380 2.710564729824680e-08
 4 12.31142400950847 0.000000000000000
 5 12.36184009277437 0.000000000000000
 6 14.18155230790124 0.000000000000000
 7 15.49987061495157 0.000000000000000
 8 15.63889834960262 0.000000000000000
 9 16.12538718309320 0.000000000000000
 10 16.40666681728363 0.000000000000000
 11 19.10784583378301 0.000000000000000
 12 19.11780990734746 0.000000000000000

 spin=1 k-point=643/1284 Cartesian=0.000000000000000 0.000000000000000 0.05757273355338881 (1310 plane wave)
 1 -3.179884342799338 0.001562500000000037
 2 -0.9882681139132722 0.001562500000000037
 3 5.590658670329027 3.029922835159213e-13
 4 12.05936574680639 0.000000000000000
 5 15.32738751547483 0.000000000000000
 6 15.32738752708317 0.000000000000000
 7 15.79881786519946 0.000000000000000
 8 15.79881787622722 0.000000000000000
 9 17.13413465855243 0.000000000000000
 10 17.33975717640194 0.000000000000000
 11 17.53741850640553 0.000000000000000
 12 17.53741851783947 0.000000000000000

 spin=1 k-point=644/1284 Cartesian=0.01947404499283394 0.01124334511882356 0.05757273355338881 (1331 plane wave)
 1 -3.104587323156329 0.001562500000000037
 2 -0.9132208639894142 0.001562500000000037
 3 5.663278032285351 1.465715259244190e-13
 4 12.10043842399710 0.000000000000000
 5 13.69250042408962 0.000000000000000
 6 14.40237364393593 0.000000000000000
 7 15.34965933204055 0.000000000000000
 8 15.99008065920767 0.000000000000000
 9 16.60604846366505 0.000000000000000
 10 16.87687188378317 0.000000000000000
 11 17.33596332167074 0.000000000000000
 12 18.58418813041758 0.000000000000000

 spin=1 k-point=645/1284 Cartesian=0.03894808998566748 0.02248669023764690 0.05757273355338881 (1333 plane wave)
 1 -2.878737509111338 0.001562500000000037
 2 -0.6881791171823992 0.001562500000000037
 3 5.879849195115727 1.680709942734014e-14
 4 11.47091241994264 0.000000000000000
 5 12.41950110792648 0.000000000000000
 6 13.42705344244550 0.000000000000000
 7 13.64168584259685 0.000000000000000
 8 14.87834354569844 0.000000000000000
 9 15.63254919169946 0.000000000000000
 10 16.71624213256898 0.000000000000000
 11 18.30496860344740 0.000000000000000
 12 19.70769520805784 0.000000000000000

 spin=1 k-point=646/1284 Cartesian=0.05842213497850103 0.03373003535647023 0.05757273355338881 (1331 plane wave)
 1 -2.502470978393318 0.001562500000000037
 2 -0.3134993726053377 0.001562500000000036
 3 6.233640590630453 0.000000000000000
 4 9.554156758548071 0.000000000000000
 5 11.67972378287071 0.000000000000000
 6 12.59589031894463 0.000000000000000
 7 12.65430815544704 0.000000000000000
 8 14.15551281627189 0.000000000000000
 9 14.80203165540235 0.000000000000000
 10 15.96768146409962 0.000000000000000
 11 18.53594430364861 0.000000000000000
 12 19.89216876149845 0.000000000000000

 spin=1 k-point=647/1284 Cartesian=0.07789617997133459 0.04497338047529358 0.05757273355338881 (1340 plane wave)
 1 -1.976062928202769 0.001562500000000037
 2 0.2099516504913772 0.001562500000000002
 3 6.669350608194227 0.000000000000000
 4 7.771007420112377 0.000000000000000
 5 9.870747962979912 0.000000000000000
 6 11.91452745250247 0.000000000000000
 7 12.78102430760405 0.000000000000000
 8 13.80409390697438 0.000000000000000
 9 14.12111588098762 0.000000000000000
 10 15.23661687958313 0.000000000000000
 11 16.90742926982413 0.000000000000000
 12 20.74854465246678 0.000000000000000

 spin=1 k-point=648/1284 Cartesian=0.09737022496416814 0.05621672559411691 0.05757273355338881 (1342 plane wave)
 1 -1.300045680406697 0.001562500000000037
 2 0.8797975331263869 0.001562499999972034
 3 5.898362944866445 1.396653120443142e-14
 4 7.381259662469727 0.000000000000000
 5 8.280715665601877 0.000000000000000
 6 11.38414133324549 0.000000000000000
 7 12.53843849644612 0.000000000000000
 8 13.59103642413143 0.000000000000000
 9 13.94800044411716 0.000000000000000
 10 14.42768493662477 0.000000000000000
 11 15.77910466668759 0.000000000000000
 12 20.22880416275689 0.000000000000000

 spin=1 k-point=649/1284 Cartesian=0.1168442699570017 0.06746007071294025 0.05757273355338881 (1343 plane wave)
 1 -0.4755569378627498 0.001562500000000037
 2 1.685983116293267 0.001562499911199859
 3 4.383772786117816 5.282712391121205e-08
 4 6.498267188248163 0.000000000000000
 5 8.368330067171827 0.000000000000000
 6 11.00513536015247 0.000000000000000
 7 12.14011555659606 0.000000000000000
 8 13.13912406990723 0.000000000000000
 9 13.21223056364920 0.000000000000000
 10 14.36827861850052 0.000000000000000
 11 15.57795108961542 0.000000000000000
 12 19.67055898696847 0.000000000000000

 spin=1 k-point=650/1284 Cartesian=0.1363183149498352 0.07870341583176359 0.05757273355338881 (1350 plane wave)
 1 0.4942982374263484 0.001562499999999444
 2 2.455787068822020 0.001562304306512855
 3 3.171534076053732 0.001346065085784371
 4 5.120023966777195 3.352529493061549e-11
 5 9.265693257439747 0.000000000000000
 6 10.77768192662153 0.000000000000000
 7 11.40114051077824 0.000000000000000
 8 12.40643037663659 0.000000000000000
 9 12.98488986852105 0.000000000000000
 10 14.31817556801614 0.000000000000000
 11 16.20871890047460 0.000000000000000
 12 18.39387501404825 0.000000000000000

 spin=1 k-point=651/1284 Cartesian=0.1557923599426688 0.08994676095058692 0.05757273355338881 (1344 plane wave)
 1 1.591509654071389 0.001562499965476068
 2 1.598407701383940 0.001562499963010528
 3 3.855455823676949 1.033809743037717e-05
 4 3.905850082618039 6.262100731927869e-06
 5 10.26747536759025 0.000000000000000
 6 10.35881651025775 0.000000000000000
 7 10.70185687306154 0.000000000000000
 8 12.24896832536012 0.000000000000000
 9 12.90910135489885 0.000000000000000
 10 14.27149421243475 0.000000000000000
 11 17.06538472565589 0.000000000000000
 12 17.35639055460568 0.000000000000000

 spin=1 k-point=652/1284 Cartesian=0.1363183149498352 0.07870341583176359 -0.05757273355338832 (1350 plane wave)
 1 0.4942982389524126 0.001562499999999444
 2 2.455787038537225 0.001562304306572113
 3 3.171534122272893 0.001346064999606534
 4 5.120023942511525 3.352530306575541e-11
 5 9.265693252572389 0.000000000000000
 6 10.77768192663536 0.000000000000000
 7 11.40114061615533 0.000000000000000
 8 12.40643026386499 0.000000000000000
 9 12.98488986847508 0.000000000000000
 10 14.31817554360521 0.000000000000000
 11 16.20871898829580 0.000000000000000
 12 18.39387495760661 0.000000000000000

 spin=1 k-point=653/1284 Cartesian=0.1168442699570017 0.06746007071294025 -0.05757273355338832 (1343 plane wave)
 1 -0.4755569374048640 0.001562500000000037
 2 1.685983111972403 0.001562499911199862
 3 4.383772809810577 5.282711139542892e-08
 4 6.498267141622823 0.000000000000000
 5 8.368330088718471 0.000000000000000
 6 11.00513536018351 0.000000000000000
 7 12.14011570792403 0.000000000000000
 8 13.13912388990093 0.000000000000000
 9 13.21223056355443 0.000000000000000
 10 14.36827852728843 0.000000000000000
 11 15.57795124910659 0.000000000000000
 12 19.67055892486168 0.000000000000000

 spin=1 k-point=654/1284 Cartesian=0.09737022496416814 0.05621672559411691 -0.05757273355338832 (1342 plane wave)
 1 -1.300045680293884 0.001562500000000037
 2 0.8797975321652087 0.001562499999972034
 3 5.898362983904741 1.396652575213533e-14
 4 7.381259542715418 0.000000000000000
 5 8.280715744129534 0.000000000000000
 6 11.38414133329545 0.000000000000000
 7 12.53843859326560 0.000000000000000
 8 13.59103642395226 0.000000000000000
 9 13.94800044221897 0.000000000000000
 10 14.42768468215802 0.000000000000000
 11 15.77910485669726 0.000000000000000
 12 20.22880416454188 0.000000000000000

 spin=1 k-point=655/1284 Cartesian=-0.07789617997133380 -0.04497338047529312 0.05757273355338881 (1340 plane wave)
 1 -1.976062928210358 0.001562500000000037
 2 0.2099516503356108 0.001562500000000002
 3 6.669350635859732 0.000000000000000
 4 7.771007368123059 0.000000000000000
 5 9.870747985178197 0.000000000000000
 6 11.91452745258004 0.000000000000000
 7 12.78102435186747 0.000000000000000
 8 13.80409391913689 0.000000000000000
 9 14.12111588070955 0.000000000000000
 10 15.23661674087625 0.000000000000000
 11 16.90742937641808 0.000000000000000
 12 20.74854465848135 0.000000000000000

 spin=1 k-point=656/1284 Cartesian=-0.05842213497850025 -0.03373003535646978 0.05757273355338881 (1331 plane wave)
 1 -2.502470978435015 0.001562500000000037
 2 -0.3134993725420342 0.001562500000000036
 3 6.233640592903103 0.000000000000000
 4 9.554156742827512 0.000000000000000
 5 11.67972380242105 0.000000000000000
 6 12.59589031905233 0.000000000000000
 7 12.65430814508629 0.000000000000000
 8 14.15551286361804 0.000000000000000
 9 14.80203165498763 0.000000000000000
 10 15.96768139399523 0.000000000000000
 11 18.53594434563011 0.000000000000000
 12 19.89216876255649 0.000000000000000

 spin=1 k-point=657/1284 Cartesian=-0.03894808998566670 -0.02248669023764645 0.05757273355338881 (1333 plane wave)
 1 -2.878737509151391 0.001562500000000037
 2 -0.6881791170875496 0.001562500000000037
 3 5.879849195181849 1.680709941622695e-14
 4 11.47091240775966 0.000000000000000
 5 12.41950113043634 0.000000000000000
 6 13.42705344260277 0.000000000000000
 7 13.64168580433003 0.000000000000000
 8 14.87834360722205 0.000000000000000
 9 15.63254919095172 0.000000000000000
 10 16.71624210492410 0.000000000000000
 11 18.30496860387304 0.000000000000000
 12 19.70769506139329 0.000000000000000

 spin=1 k-point=658/1284 Cartesian=-0.01947404499283316 -0.01124334511882311 0.05757273355338881 (1331 plane wave)
 1 -3.104587323179095 0.001562500000000037
 2 -0.9132208639309685 0.001562500000000037
 3 5.663278032146452 1.465715261280064e-13
 4 12.10043842363199 0.000000000000000
 5 13.69250042655903 0.000000000000000
 6 14.40237364420367 0.000000000000000
 7 15.34965929522990 0.000000000000000
 8 15.99008070999460 0.000000000000000
 9 16.60604845929508 0.000000000000000
 10 16.87687188751462 0.000000000000000
 11 17.33596335144163 0.000000000000000
 12 18.58418807793504 0.000000000000000

 spin=1 k-point=659/1284 Cartesian=0.000000000000000 0.02248669023764713 0.05757273355338881 (1331 plane wave)
 1 -3.104587323178824 0.001562500000000037
 2 -0.9132208639262798 0.001562500000000037
 3 5.663278032094589 1.465715262040227e-13
 4 12.10043842685676 0.000000000000000
 5 13.69250042052080 0.000000000000000
 6 14.40237364492425 0.000000000000000
 7 15.34965929841830 0.000000000000000
 8 15.99008070607861 0.000000000000000
 9 16.60604845989371 0.000000000000000
 10 16.87687188513780 0.000000000000000
 11 17.33596335317311 0.000000000000000
 12 18.58418808203522 0.000000000000000

 spin=1 k-point=660/1284 Cartesian=0.01947404499283394 0.03373003535647069 0.05757273355338881 (1322 plane wave)
 1 -2.954013486418750 0.001562500000000037
 2 -0.7631747193656153 0.001562500000000037
 3 5.807936271786581 3.449901564345555e-14
 4 12.06700475551806 0.000000000000000
 5 12.62629500666617 0.000000000000000
 6 12.88088948476459 0.000000000000000
 7 14.80273759371898 0.000000000000000
 8 14.88737251640758 0.000000000000000
 9 16.25814910721297 0.000000000000000
 10 16.59878889242306 0.000000000000000
 11 18.43525607323445 0.000000000000000
 12 18.64087538181862 0.000000000000000

 spin=1 k-point=661/1284 Cartesian=0.03894808998566748 0.04497338047529403 0.05757273355338881 (1334 plane wave)
 1 -2.652952133037783 0.001562500000000037
 2 -0.4632982260810403 0.001562500000000037
 3 6.094063930967933 1.973193899740591e-15
 4 10.56214691109413 0.000000000000000
 5 11.66389451553262 0.000000000000000
 6 12.48693575235684 0.000000000000000
 7 13.03846487501923 0.000000000000000
 8 14.00544182027333 0.000000000000000
 9 15.62965096897787 0.000000000000000
 10 17.46606895085286 0.000000000000000
 11 18.09414379240861 0.000000000000000
 12 19.37496430407505 0.000000000000000

 spin=1 k-point=662/1284 Cartesian=0.05842213497850103 0.05621672559411736 0.05757273355338881 (1335 plane wave)
 1 -2.201601344999151 0.001562500000000037
 2 -0.01415383635419272 0.001562500000000033
 3 6.505577388676107 0.000000000000000
 4 8.680311714582635 0.000000000000000
 5 10.67026773842555 0.000000000000000
 6 11.16054468578493 0.000000000000000
 7 12.95368030467975 0.000000000000000
 8 13.39358517800959 0.000000000000000
 9 14.93601853901363 0.000000000000000
 10 16.77741815017208 0.000000000000000
 11 17.83393499671240 0.000000000000000
 12 19.42419091227473 0.000000000000000

 spin=1 k-point=663/1284 Cartesian=0.07789617997133459 0.06746007071294070 0.05757273355338881 (1338 plane wave)
 1 -1.600343801165039 0.001562500000000037
 2 0.5828601765458356 0.001562499999998599
 3 6.648933618409751 0.000000000000000
 4 7.311108608389564 0.000000000000000
 5 9.049697677576640 0.000000000000000
 6 10.46393664942787 0.000000000000000
 7 12.57682723537822 0.000000000000000
 8 13.56910813037058 0.000000000000000
 9 14.37247469585197 0.000000000000000
 10 15.69494533418349 0.000000000000000
 11 16.76046662010577 0.000000000000000
 12 19.25724205838387 0.000000000000000

 spin=1 k-point=664/1284 Cartesian=0.09737022496416814 0.07870341583176405 0.05757273355338881 (1339 plane wave)
 1 -0.8499442500173865 0.001562500000000037
 2 1.323237565551185 0.001562499997639398
 3 5.183422174373536 1.778433485098460e-11
 4 7.220788583462070 0.000000000000000
 5 8.076536884536567 0.000000000000000
 6 10.01265568550945 0.000000000000000
 7 12.13451856545297 0.000000000000000
 8 13.56708742335445 0.000000000000000
 9 13.80831278855967 0.000000000000000
 10 15.00932511453689 0.000000000000000
 11 16.23819767667282 0.000000000000000
 12 18.82482521765052 0.000000000000000

 spin=1 k-point=665/1284 Cartesian=0.1168442699570017 0.08994676095058737 0.05757273355338881 (1344 plane wave)
 1 0.04779550653233449 0.001562500000000030
 2 2.176828052570863 0.001562487973935930
 3 3.746871984483520 3.022825873491037e-05
 4 5.849937154842720 2.266726601757108e-14
 5 8.776236575224686 0.000000000000000
 6 9.749984204508138 0.000000000000000
 7 11.76230603335976 0.000000000000000
 8 12.50557700225740 0.000000000000000
 9 13.53726797200002 0.000000000000000
 10 15.34759135565624 0.000000000000000
 11 16.11082419631715 0.000000000000000
 12 18.43712042524376 0.000000000000000

 spin=1 k-point=666/1284 Cartesian=0.1363183149498352 0.1011901060694107 0.05757273355338881 (1341 plane wave)
 1 1.086805500385890 0.001562499999778106
 2 2.215572861767514 0.001562482283067053
 3 3.409671534723729 0.0005703137545420221
 4 4.532903324068631 1.189056495061736e-08
 5 9.335931900386550 0.000000000000000
 6 9.997708183085207 0.000000000000000
 7 11.01988858854154 0.000000000000000
 8 11.88718758933261 0.000000000000000
 9 13.40520666381750 0.000000000000000
 10 15.47265715694368 0.000000000000000
 11 16.70044330276088 0.000000000000000
 12 17.75322525071595 0.000000000000000

 spin=1 k-point=667/1284 Cartesian=0.1557923599426688 0.1124334511882340 0.05757273355338881 (1341 plane wave)
 1 1.086805503245371 0.001562499999778106
 2 2.215572846042503 0.001562482283069839
 3 3.409671566645011 0.0005703136389394649
 4 4.532903301910471 1.189056758532867e-08
 5 9.335931851186139 0.000000000000000
 6 9.997708302158406 0.000000000000000
 7 11.01988849061089 0.000000000000000
 8 11.88718762597311 0.000000000000000
 9 13.40520665481043 0.000000000000000
 10 15.47265712734983 0.000000000000000
 11 16.70044339009248 0.000000000000000
 12 17.75322518769909 0.000000000000000

 spin=1 k-point=668/1284 Cartesian=0.1363183149498352 0.05621672559411737 -0.05757273355338832 (1344 plane wave)
 1 0.04779550734529284 0.001562500000000030
 2 2.176828042178443 0.001562487973937180
 3 3.746872011957703 3.022825059061088e-05
 4 5.849937123745226 2.266727306652548e-14
 5 8.776236549014273 0.000000000000000
 6 9.749984289796425 0.000000000000000
 7 11.76230593395654 0.000000000000000
 8 12.50557708332324 0.000000000000000
 9 13.53726793626639 0.000000000000000
 10 15.34759125486677 0.000000000000000
 11 16.11082434636255 0.000000000000000
 12 18.43712038509510 0.000000000000000

 spin=1 k-point=669/1284 Cartesian=0.1168442699570017 0.04497338047529403 -0.05757273355338832 (1339 plane wave)
 1 -0.8499442497894405 0.001562500000000037
 2 1.323237563692712 0.001562499997639398
 3 5.183422200984527 1.778433011839645e-11
 4 7.220788488184279 0.000000000000000
 5 8.076536938146040 0.000000000000000
 6 10.01265573878286 0.000000000000000
 7 12.13451850892199 0.000000000000000
 8 13.56708754622322 0.000000000000000
 9 13.80831270614689 0.000000000000000
 10 15.00932499938846 0.000000000000000
 11 16.23819780290698 0.000000000000000
 12 18.82482519644367 0.000000000000000

 spin=1 k-point=670/1284 Cartesian=-0.09737022496416733 -0.03373003535646932 0.05757273355338881 (1338 plane wave)
 1 -1.600343801135716 0.001562500000000037
 2 0.5828601762103032 0.001562499999998599
 3 6.648933692857292 0.000000000000000
 4 7.311108495518804 0.000000000000000
 5 9.049697698687604 0.000000000000000
 6 10.46393670010618 0.000000000000000
 7 12.57682718625975 0.000000000000000
 8 13.56910812686035 0.000000000000000
 9 14.37247477258114 0.000000000000000
 10 15.69494516314436 0.000000000000000
 11 16.76046675932086 0.000000000000000
 12 19.25724203776143 0.000000000000000

 spin=1 k-point=671/1284 Cartesian=-0.07789617997133380 -0.02248669023764599 0.05757273355338881 (1335 plane wave)
 1 -2.201601345034473 0.001562500000000037
 2 -0.01415383629905212 0.001562500000000033
 3 6.505577395232647 0.000000000000000
 4 8.680311691504814 0.000000000000000
 5 10.67026770328794 0.000000000000000
 6 11.16054477326839 0.000000000000000
 7 12.95368023956979 0.000000000000000
 8 13.39358519306987 0.000000000000000
 9 14.93601859162882 0.000000000000000
 10 16.77741803488158 0.000000000000000
 11 17.83393509100230 0.000000000000000
 12 19.42419082702325 0.000000000000000

 spin=1 k-point=672/1284 Cartesian=-0.05842213497850025 -0.01124334511882266 0.05757273355338881 (1334 plane wave)
 1 -2.652952133083703 0.001562500000000037
 2 -0.4632982259475633 0.001562500000000037
 3 6.094063931334437 1.973193892508743e-15
 4 10.56214690077255 0.000000000000000
 5 11.66389451222450 0.000000000000000
 6 12.48693580730747 0.000000000000000
 7 13.03846482945736 0.000000000000000
 8 14.00544181396621 0.000000000000000
 9 15.62965100728542 0.000000000000000
 10 17.46606895064991 0.000000000000000
 11 18.09414369283374 0.000000000000000
 12 19.37496437478844 0.000000000000000

 spin=1 k-point=673/1284 Cartesian=-0.03894808998566670 0.000000000000000 0.05757273355338881 (1322 plane wave)
 1 -2.954013486452441 0.001562500000000037
 2 -0.7631747192605485 0.001562500000000037
 3 5.807936271545638 3.449901572657836e-14
 4 12.06700475664309 0.000000000000000
 5 12.62629500732058 0.000000000000000
 6 12.88088948309274 0.000000000000000
 7 14.80273759427923 0.000000000000000
 8 14.88737251275453 0.000000000000000
 9 16.25814910914518 0.000000000000000
 10 16.59878889495711 0.000000000000000
 11 18.43525607671028 0.000000000000000
 12 18.64087537939460 0.000000000000000

 spin=1 k-point=674/1284 Cartesian=-0.01947404499283316 0.01124334511882402 0.05757273355338881 (1331 plane wave)
 1 -3.104587323190920 0.001562500000000037
 2 -0.9132208638880088 0.001562500000000037
 3 5.663278031977003 1.465715263763702e-13
 4 12.10043842793367 0.000000000000000
 5 13.69250041675934 0.000000000000000
 6 14.40237364700216 0.000000000000000
 7 15.34965933170777 0.000000000000000
 8 15.99008065596073 0.000000000000000
 9 16.60604846753283 0.000000000000000
 10 16.87687188302749 0.000000000000000
 11 17.33596331926637 0.000000000000000
 12 18.58418813401482 0.000000000000000

 spin=1 k-point=675/1284 Cartesian=0.000000000000000 0.04497338047529380 0.05757273355338881 (1333 plane wave)
 1 -2.878737509149790 0.001562500000000037
 2 -0.6881791170777312 0.001562500000000037
 3 5.879849195135691 1.680709942398494e-14
 4 11.47091241770071 0.000000000000000
 5 12.41950111688376 0.000000000000000
 6 13.42705344246454 0.000000000000000
 7 13.64168580557169 0.000000000000000
 8 14.87834360661169 0.000000000000000
 9 15.63254919093391 0.000000000000000
 10 16.71624210716732 0.000000000000000
 11 18.30496860222371 0.000000000000000
 12 19.70769506246856 0.000000000000000

 spin=1 k-point=676/1284 Cartesian=0.01947404499283394 0.05621672559411736 0.05757273355338881 (1334 plane wave)
 1 -2.652952133049324 0.001562500000000037
 2 -0.4632982260601889 0.001562500000000037
 3 6.094063931594821 1.973193887370881e-15
 4 10.56214690566667 0.000000000000000
 5 11.66389450405545 0.000000000000000
 6 12.48693580173772 0.000000000000000
 7 13.03846483853042 0.000000000000000
 8 14.00544181754839 0.000000000000000
 9 15.62965100258351 0.000000000000000
 10 17.46606894562381 0.000000000000000
 11 18.09414369267001 0.000000000000000
 12 19.37496437003544 0.000000000000000

 spin=1 k-point=677/1284 Cartesian=0.03894808998566748 0.06746007071294069 0.05757273355338881 (1336 plane wave)
 1 -2.276797348261506 0.001562500000000037
 2 -0.08890747933395123 0.001562500000000035
 3 6.443143447864317 0.000000000000000
 4 9.707619847367642 0.000000000000000
 5 9.796767264909812 0.000000000000000
 6 11.84416371653062 0.000000000000000
 7 12.08595233508381 0.000000000000000
 8 13.18383058133177 0.000000000000000
 9 16.89707027052046 0.000000000000000
 10 17.25177946888674 0.000000000000000
 11 18.22332405375269 0.000000000000000
 12 18.69131520088110 0.000000000000000

 spin=1 k-point=678/1284 Cartesian=0.05842213497850103 0.07870341583176403 0.05757273355338881 (1333 plane wave)
 1 -1.750554932129463 0.001562500000000037
 2 0.4340916452428661 0.001562499999999712
 3 6.874673849649461 0.000000000000000
 4 7.968482361846727 0.000000000000000
 5 9.048496386537410 0.000000000000000
 6 10.20760097767869 0.000000000000000
 7 11.33144734959261 0.000000000000000
 8 13.59625620448035 0.000000000000000
 9 16.25516735220205 0.000000000000000
 10 16.96657315371012 0.000000000000000
 11 17.79077414619944 0.000000000000000
 12 18.48114367406463 0.000000000000000

 spin=1 k-point=679/1284 Cartesian=0.07789617997133459 0.08994676095058737 0.05757273355338881 (1338 plane wave)
 1 -1.074766650536063 0.001562500000000037
 2 1.103272416529742 0.001562499999738379
 3 6.119459318142258 1.530660841742680e-15
 4 7.565023724772409 0.000000000000000
 5 8.190457874125045 0.000000000000000
 6 8.955435204674901 0.000000000000000
 7 10.81887466537621 0.000000000000000
 8 14.07750296942018 0.000000000000000
 9 15.02668946960636 0.000000000000000
 10 16.20165660117391 0.000000000000000
 11 17.28512209741099 0.000000000000000
 12 18.35988938517079 0.000000000000000

 spin=1 k-point=680/1284 Cartesian=0.09737022496416814 0.1011901060694107 0.05757273355338881 (1342 plane wave)
 1 -0.2505803018583329 0.001562500000000036
 2 1.908583805443069 0.001562499177461262
 3 4.604648411514433 5.802553448871664e-09
 4 6.698738005867380 0.000000000000000
 5 8.015254691414585 0.000000000000000
 6 8.812507503307639 0.000000000000000
 7 10.46490834038969 0.000000000000000
 8 13.33020480044534 0.000000000000000
 9 14.91909259608943 0.000000000000000
 10 15.92080590762508 0.000000000000000
 11 16.92710854475378 0.000000000000000
 12 18.03942746911964 0.000000000000000

 spin=1 k-point=681/1284 Cartesian=0.1168442699570017 0.1124334511882340 0.05757273355338881 (1339 plane wave)
 1 0.7189003253215794 0.001562499999994434
 2 2.679419588026759 0.001560670443286479
 3 3.390467079971732 0.0006414891348184693
 4 5.330672589181228 4.078843552513102e-12
 5 7.929995653299247 0.000000000000000
 6 9.462646392013614 0.000000000000000
 7 10.33150872047377 0.000000000000000
 8 12.02244444838736 0.000000000000000
 9 15.16739189884456 0.000000000000000
 10 16.15746539349508 0.000000000000000
 11 16.78690336656473 0.000000000000000
 12 17.81138746793971 0.000000000000000

 spin=1 k-point=682/1284 Cartesian=0.1363183149498352 0.1236767963070574 0.05757273355338881 (1340 plane wave)
 1 1.813378231067514 0.001562499682543801
 2 1.825123639886948 0.001562499642979230
 3 4.064042775550459 1.291465099166829e-06
 4 4.129473638468117 6.715716961278029e-07
 5 7.872630875620581 0.000000000000000
 6 9.823566038337795 0.000000000000000
 7 10.76654380896611 0.000000000000000
 8 10.98921228259116 0.000000000000000
 9 15.17551884579019 0.000000000000000
 10 16.36589527572646 0.000000000000000
 11 16.99211690976504 0.000000000000000
 12 17.65393639666145 0.000000000000000

 spin=1 k-point=683/1284 Cartesian=0.1557923599426688 0.1349201414258807 0.05757273355338881 (1339 plane wave)
 1 0.7189003266828080 0.001562499999994434
 2 2.679419558934598 0.001560670443818113
 3 3.390467125993279 0.0006414889608000071
 4 5.330672562872366 4.078844625610820e-12
 5 7.929995628186598 0.000000000000000
 6 9.462646534441262 0.000000000000000
 7 10.33150858593379 0.000000000000000
 8 12.02244447231602 0.000000000000000
 9 15.16739190023521 0.000000000000000
 10 16.15746543991156 0.000000000000000
 11 16.78690326724040 0.000000000000000
 12 17.81138755779856 0.000000000000000

 spin=1 k-point=684/1284 Cartesian=0.1363183149498352 0.03373003535647069 -0.05757273355338832 (1342 plane wave)
 1 -0.2505803015019853 0.001562500000000036
 2 1.908583801898790 0.001562499177461291
 3 4.604648434988542 5.802552086778838e-09
 4 6.698737959392165 0.000000000000000
 5 8.015254611628199 0.000000000000000
 6 8.812507680178136 0.000000000000000
 7 10.46490825693863 0.000000000000000
 8 13.33020480454584 0.000000000000000
 9 14.91909262582776 0.000000000000000
 10 15.92080589910763 0.000000000000000
 11 16.92710849436394 0.000000000000000
 12 18.03942752706219 0.000000000000000

 spin=1 k-point=685/1284 Cartesian=-0.1168442699570009 -0.02248669023764599 0.05757273355338881 (1338 plane wave)
 1 -1.074766650488934 0.001562500000000037
 2 1.103272416043923 0.001562499999738379
 3 6.119459356055903 1.530660261413333e-15
 4 7.565023612987131 0.000000000000000
 5 8.190457839580471 0.000000000000000
 6 8.955435367811367 0.000000000000000
 7 10.81887460331100 0.000000000000000
 8 14.07750294196638 0.000000000000000
 9 15.02668955416967 0.000000000000000
 10 16.20165654652670 0.000000000000000
 11 17.28512207073418 0.000000000000000
 12 18.35988942443584 0.000000000000000

 spin=1 k-point=686/1284 Cartesian=-0.09737022496416733 -0.01124334511882266 0.05757273355338881 (1333 plane wave)
 1 -1.750554932179262 0.001562500000000037
 2 0.4340916453945360 0.001562499999999712
 3 6.874673869140722 0.000000000000000
 4 7.968482319015926 0.000000000000000
 5 9.048496376897644 0.000000000000000
 6 10.20760105982591 0.000000000000000
 7 11.33144729486797 0.000000000000000
 8 13.59625620043483 0.000000000000000
 9 16.25516745864448 0.000000000000000
 10 16.96657303357333 0.000000000000000
 11 17.79077412285852 0.000000000000000
 12 18.48114367364636 0.000000000000000

 spin=1 k-point=687/1284 Cartesian=-0.07789617997133380 0.000000000000000 0.05757273355338881 (1336 plane wave)
 1 -2.276797348329969 0.001562500000000037
 2 -0.08890747907461638 0.001562500000000035
 3 6.443143447301881 0.000000000000000
 4 9.707619846274099 0.000000000000000
 5 9.796767265634324 0.000000000000000
 6 11.84416372034783 0.000000000000000
 7 12.08595233294975 0.000000000000000
 8 13.18383057822148 0.000000000000000
 9 16.89707027323511 0.000000000000000
 10 17.25177947148721 0.000000000000000
 11 18.22332405680344 0.000000000000000
 12 18.69131519864633 0.000000000000000

 spin=1 k-point=688/1284 Cartesian=-0.05842213497850025 0.01124334511882401 0.05757273355338881 (1334 plane wave)
 1 -2.652952133105189 0.001562500000000037
 2 -0.4632982258476807 0.001562500000000037
 3 6.094063930467490 1.973193909615310e-15
 4 10.56214691590265 0.000000000000000
 5 11.66389450728728 0.000000000000000
 6 12.48693575368957 0.000000000000000
 7 13.03846487586295 0.000000000000000
 8 14.00544182080520 0.000000000000000
 9 15.62965096865006 0.000000000000000
 10 17.46606895034721 0.000000000000000
 11 18.09414379356894 0.000000000000000
 12 19.37496430458446 0.000000000000000

 spin=1 k-point=689/1284 Cartesian=-0.03894808998566670 0.02248669023764735 0.05757273355338881 (1333 plane wave)
 1 -2.878737509179959 0.001562500000000037
 2 -0.6881791169639637 0.001562500000000037
 3 5.879849194539748 1.680709952414564e-14
 4 11.47091243046435 0.000000000000000
 5 12.41950109492349 0.000000000000000
 6 13.42705344472244 0.000000000000000
 7 13.64168583861193 0.000000000000000
 8 14.87834354696230 0.000000000000000
 9 15.63254919420539 0.000000000000000
 10 16.71624213103401 0.000000000000000
 11 18.30496860414651 0.000000000000000
 12 19.70769521007586 0.000000000000000

 spin=1 k-point=690/1284 Cartesian=-0.01947404499283316 0.03373003535647068 0.05757273355338881 (1322 plane wave)
 1 -2.954013486451632 0.001562500000000037
 2 -0.7631747192538961 0.001562500000000037
 3 5.807936271541831 3.449901572789152e-14
 4 12.06700476782044 0.000000000000000
 5 12.62629500097793 0.000000000000000
 6 12.88088947588849 0.000000000000000
 7 14.80273758702669 0.000000000000000
 8 14.88737251804330 0.000000000000000
 9 16.25814911668700 0.000000000000000
 10 16.59878888849673 0.000000000000000
 11 18.43525608284962 0.000000000000000
 12 18.64087537748266 0.000000000000000

 spin=1 k-point=691/1284 Cartesian=0.000000000000000 0.06746007071294047 0.05757273355338881 (1331 plane wave)
 1 -2.502470978431178 0.001562500000000037
 2 -0.3134993725324876 0.001562500000000036
 3 6.233640592980750 0.000000000000000
 4 9.554156746075666 0.000000000000000
 5 11.67972380043077 0.000000000000000
 6 12.59589031861201 0.000000000000000
 7 12.65430813942291 0.000000000000000
 8 14.15551286528026 0.000000000000000
 9 14.80203165467386 0.000000000000000
 10 15.96768139578365 0.000000000000000
 11 18.53594434495016 0.000000000000000
 12 19.89216876137105 0.000000000000000

 spin=1 k-point=692/1284 Cartesian=0.01947404499283394 0.07870341583176403 0.05757273355338881 (1335 plane wave)
 1 -2.201601344997731 0.001562500000000037
 2 -0.01415383642952013 0.001562500000000033
 3 6.505577395723603 0.000000000000000
 4 8.680311694036050 0.000000000000000
 5 10.67026770343758 0.000000000000000
 6 11.16054476484928 0.000000000000000
 7 12.95368024423012 0.000000000000000
 8 13.39358519921152 0.000000000000000
 9 14.93601858593430 0.000000000000000
 10 16.77741802357822 0.000000000000000
 11 17.83393509910820 0.000000000000000
 12 19.42419082469977 0.000000000000000

 spin=1 k-point=693/1284 Cartesian=0.03894808998566748 0.08994676095058736 0.05757273355338881 (1333 plane wave)
 1 -1.750554932106732 0.001562500000000037
 2 0.4340916450849849 0.001562499999999712
 3 6.874673870205119 0.000000000000000
 4 7.968482321181479 0.000000000000000
 5 9.048496375434091 0.000000000000000
 6 10.20760105490912 0.000000000000000
 7 11.33144729842634 0.000000000000000
 8 13.59625620353929 0.000000000000000
 9 16.25516745238388 0.000000000000000
 10 16.96657302468896 0.000000000000000
 11 17.79077412870060 0.000000000000000
 12 18.48114367587272 0.000000000000000

 spin=1 k-point=694/1284 Cartesian=0.05842213497850103 0.1011901060694107 0.05757273355338881 (1343 plane wave)
 1 -1.149736235949561 0.001562500000000037
 2 1.029680356629783 0.001562499999874686
 3 7.014295219087602 0.000000000000000
 4 7.252676940558773 0.000000000000000
 5 7.797161062858099 0.000000000000000
 6 9.494545503911299 0.000000000000000
 7 9.746085831934433 0.000000000000000
 8 14.09877840947889 0.000000000000000
 9 16.15339519199854 0.000000000000000
 10 16.18006369411124 0.000000000000000
 11 18.12866726232983 0.000000000000000
 12 18.39791753714487 0.000000000000000

 spin=1 k-point=695/1284 Cartesian=0.07789617997133459 0.1124334511882340 0.05757273355338881 (1344 plane wave)
 1 -0.3999408898300066 0.001562500000000037
 2 1.767847725967286 0.001562499798652011
 3 5.621821834478605 2.218664491521344e-13
 4 6.752110440028982 0.000000000000000
 5 7.674728206365373 0.000000000000000
 6 8.521420204868900 0.000000000000000
 7 9.320648426250257 0.000000000000000
 8 14.19506010553075 0.000000000000000
 9 15.06637756782800 0.000000000000000
 10 15.88518634820252 0.000000000000000
 11 17.85477870045391 0.000000000000000
 12 19.78542045915801 0.000000000000000

 spin=1 k-point=696/1284 Cartesian=0.09737022496416814 0.1236767963070574 0.05757273355338881 (1346 plane wave)
 1 0.4969946806332177 0.001562499999999427
 2 2.618691214187169 0.001561502673492960
 3 4.186470914349696 3.798721058428765e-07
 4 6.133998526214471 1.323536669181180e-15
 5 6.710048932728859 0.000000000000000
 6 8.588327620937648 0.000000000000000
 7 9.622718459884114 0.000000000000000
 8 12.94427011427316 0.000000000000000
 9 15.14788104710527 0.000000000000000
 10 16.13095117967390 0.000000000000000
 11 17.59029574242264 0.000000000000000
 12 19.46100866177104 0.000000000000000

 spin=1 k-point=697/1284 Cartesian=0.1168442699570017 0.1349201414258807 0.05757273355338881 (1344 plane wave)
 1 1.534999386936198 0.001562499980380006
 2 2.663371052379344 0.001560941440596691
 3 3.836147572234158 1.252228965032039e-05
 4 4.941811399932012 1.992232839159940e-10
 5 6.459141496190842 0.000000000000000
 6 8.523236305128005 0.000000000000000
 7 10.52288534251214 0.000000000000000
 8 11.65983132786667 0.000000000000000
 9 15.10359452055807 0.000000000000000
 10 16.77862803546739 0.000000000000000
 11 17.55338621094679 0.000000000000000
 12 18.47920747772710 0.000000000000000

 spin=1 k-point=698/1284 Cartesian=0.1363183149498352 0.1461634865447040 0.05757273355338881 (1344 plane wave)
 1 1.534999389225929 0.001562499980380005
 2 2.663371037941968 0.001560941440821481
 3 3.836147606931494 1.252228534024031e-05
 4 4.941811370230278 1.992233430887800e-10
 5 6.459141495834370 0.000000000000000
 6 8.523236325481266 0.000000000000000
 7 10.52288531796506 0.000000000000000
 8 11.65983133838192 0.000000000000000
 9 15.10359452608912 0.000000000000000
 10 16.77862805361048 0.000000000000000
 11 17.55338614737159 0.000000000000000
 12 18.47920753552338 0.000000000000000

 spin=1 k-point=699/1284 Cartesian=0.1557923599426688 0.1574068316635274 0.05757273355338881 (1346 plane wave)
 1 0.4969946811035744 0.001562499999999427
 2 2.618691206514879 0.001561502673569429
 3 4.186470941576961 3.798720024392265e-07
 4 6.133998479057245 1.323537293324660e-15
 5 6.710048929259671 0.000000000000000
 6 8.588327712755104 0.000000000000000
 7 9.622718391928728 0.000000000000000
 8 12.94427011549219 0.000000000000000
 9 15.14788107207275 0.000000000000000
 10 16.13095117301660 0.000000000000000
 11 17.59029570037794 0.000000000000000
 12 19.46100875907983 0.000000000000000

 spin=1 k-point=700/1284 Cartesian=-0.1363183149498344 -0.01124334511882266 0.05757273355338881 (1344 plane wave)
 1 -0.3999408898233059 0.001562500000000037
 2 1.767847725598280 0.001562499798652012
 3 5.621821860590328 2.218663912189777e-13
 4 6.752110401569503 0.000000000000000
 5 7.674728113129552 0.000000000000000
 6 8.521420418685585 0.000000000000000
 7 9.320648314718939 0.000000000000000
 8 14.19506008472695 0.000000000000000
 9 15.06637762619849 0.000000000000000
 10 15.88518632236732 0.000000000000000
 11 17.85477867216683 0.000000000000000
 12 19.78542045748735 0.000000000000000

 spin=1 k-point=701/1284 Cartesian=-0.1168442699570009 0.000000000000000 0.05757273355338881 (1343 plane wave)
 1 -1.149736236066222 0.001562500000000037
 2 1.029680357192107 0.001562499999874686
 3 7.014295216715145 0.000000000000000
 4 7.252676939272378 0.000000000000000
 5 7.797161065316061 0.000000000000000
 6 9.494545506067251 0.000000000000000
 7 9.746085829799744 0.000000000000000
 8 14.09877840962752 0.000000000000000
 9 16.15339519252161 0.000000000000000
 10 16.18006369499881 0.000000000000000
 11 18.12866726449184 0.000000000000000
 12 18.39791753648528 0.000000000000000

 spin=1 k-point=702/1284 Cartesian=-0.09737022496416733 0.01124334511882401 0.05757273355338881 (1333 plane wave)
 1 -1.750554932236958 0.001562500000000037
 2 0.4340916456985948 0.001562499999999712
 3 6.874673848307666 0.000000000000000
 4 7.968482364560970 0.000000000000000
 5 9.048496384031926 0.000000000000000
 6 10.20760097477482 0.000000000000000
 7 11.33144735282388 0.000000000000000
 8 13.59625620476951 0.000000000000000
 9 16.25516735396202 0.000000000000000
 10 16.96657314144269 0.000000000000000
 11 17.79077415642679 0.000000000000000
 12 18.48114367943349 0.000000000000000

 spin=1 k-point=703/1284 Cartesian=-0.07789617997133380 0.02248669023764735 0.05757273355338881 (1335 plane wave)
 1 -2.201601345103190 0.001562500000000037
 2 -0.01415383595593691 0.001562500000000033
 3 6.505577387844212 0.000000000000000
 4 8.680311717328633 0.000000000000000
 5 10.67026773531102 0.000000000000000
 6 11.16054468166636 0.000000000000000
 7 12.95368031037296 0.000000000000000
 8 13.39358517826670 0.000000000000000
 9 14.93601853849295 0.000000000000000
 10 16.77741814169372 0.000000000000000
 11 17.83393500199963 0.000000000000000
 12 19.42419091811286 0.000000000000000

 spin=1 k-point=704/1284 Cartesian=-0.05842213497850025 0.03373003535647068 0.05757273355338881 (1331 plane wave)
 1 -2.502470978497684 0.001562500000000037
 2 -0.3134993722441384 0.001562500000000036
 3 6.233640589789278 0.000000000000000
 4 9.554156761995237 0.000000000000000
 5 11.67972378069362 0.000000000000000
 6 12.59589032093308 0.000000000000000
 7 12.65430814664121 0.000000000000000
 8 14.15551282003855 0.000000000000000
 9 14.80203165760776 0.000000000000000
 10 15.96768146268177 0.000000000000000
 11 18.53594430173002 0.000000000000000
 12 19.89216876257299 0.000000000000000

 spin=1 k-point=705/1284 Cartesian=-0.03894808998566670 0.04497338047529402 0.05757273355338881 (1334 plane wave)
 1 -2.652952133103739 0.001562500000000037
 2 -0.4632982258394452 0.001562500000000037
 3 6.094063930512096 1.973193908735145e-15
 4 10.56214691674963 0.000000000000000
 5 11.66389451388453 0.000000000000000
 6 12.48693574931695 0.000000000000000
 7 13.03846486862295 0.000000000000000
 8 14.00544181907693 0.000000000000000
 9 15.62965097218281 0.000000000000000
 10 17.46606895472535 0.000000000000000
 11 18.09414379246409 0.000000000000000
 12 19.37496430761390 0.000000000000000

 spin=1 k-point=706/1284 Cartesian=-0.01947404499283316 0.05621672559411735 0.05757273355338881 (1334 plane wave)
 1 -2.652952133081298 0.001562500000000037
 2 -0.4632982259359503 0.001562500000000037
 3 6.094063931400811 1.973193891199077e-15
 4 10.56214690603826 0.000000000000000
 5 11.66389451228727 0.000000000000000
 6 12.48693579851981 0.000000000000000
 7 13.03846482878818 0.000000000000000
 8 14.00544181291739 0.000000000000000
 9 15.62965100904046 0.000000000000000
 10 17.46606895109179 0.000000000000000
 11 18.09414369465893 0.000000000000000
 12 19.37496437440913 0.000000000000000

 spin=1 k-point=707/1284 Cartesian=0.000000000000000 0.08994676095058715 0.05757273355338881 (1340 plane wave)
 1 -1.976062928202794 0.001562500000000037
 2 0.2099516503276351 0.001562500000000002
 3 6.669350636548496 0.000000000000000
 4 7.771007369961429 0.000000000000000
 5 9.870747983397891 0.000000000000000
 6 11.91452745197595 0.000000000000000
 7 12.78102434530567 0.000000000000000
 8 13.80409392261430 0.000000000000000
 9 14.12111588026052 0.000000000000000
 10 15.23661674117953 0.000000000000000
 11 16.90742937794359 0.000000000000000
 12 20.74854466000905 0.000000000000000

 spin=1 k-point=708/1284 Cartesian=0.01947404499283394 0.1011901060694107 0.05757273355338881 (1338 plane wave)
 1 -1.600343801094213 0.001562500000000037
 2 0.5828601760238427 0.001562499999998599
 3 6.648933694726646 0.000000000000000
 4 7.311108496877760 0.000000000000000
 5 9.049697696737596 0.000000000000000
 6 10.46393669539100 0.000000000000000
 7 12.57682719007838 0.000000000000000
 8 13.56910813504759 0.000000000000000
 9 14.37247476443441 0.000000000000000
 10 15.69494514921041 0.000000000000000
 11 16.76046677055734 0.000000000000000
 12 19.25724203930100 0.000000000000000

 spin=1 k-point=709/1284 Cartesian=0.03894808998566748 0.1124334511882340 0.05757273355338881 (1338 plane wave)
 1 -1.074766650408314 0.001562500000000037
 2 1.103272415614853 0.001562499999738379
 3 6.119459358071607 1.530660230559739e-15
 4 7.565023615938850 0.000000000000000
 5 8.190457839376894 0.000000000000000
 6 8.955435360060054 0.000000000000000
 7 10.81887460766294 0.000000000000000
 8 14.07750294425846 0.000000000000000
 9 15.02668954830155 0.000000000000000
 10 16.20165653962663 0.000000000000000
 11 17.28512207699918 0.000000000000000
 12 18.35988942649101 0.000000000000000

 spin=1 k-point=710/1284 Cartesian=0.05842213497850103 0.1236767963070574 0.05757273355338881 (1344 plane wave)
 1 -0.3999408896907533 0.001562500000000037
 2 1.767847724777733 0.001562499798652013
 3 5.621821862744279 2.218663864400813e-13
 4 6.752110402039759 0.000000000000000
 5 7.674728116278583 0.000000000000000
 6 8.521420407180504 0.000000000000000
 7 9.320648322298355 0.000000000000000
 8 14.19506008064229 0.000000000000000
 9 15.06637762342168 0.000000000000000
 10 15.88518632897220 0.000000000000000
 11 17.85477866781853 0.000000000000000
 12 19.78542045828259 0.000000000000000

 spin=1 k-point=711/1284 Cartesian=0.07789617997133459 0.1349201414258807 0.05757273355338881 (1341 plane wave)
 1 0.4228782713161109 0.001562499999999746
 2 2.564291538756044 0.001561920972967332
 3 5.223699369598639 1.188819579863177e-11
 4 5.282552617267388 6.599628375040831e-12
 5 7.369576070287274 0.000000000000000
 6 7.507607804374788 0.000000000000000
 7 9.481715539798881 0.000000000000000
 8 13.89400645942970 0.000000000000000
 9 14.14588117170065 0.000000000000000
 10 16.05847231497515 0.000000000000000
 11 19.55215135484557 0.000000000000000
 12 19.68841680600599 0.000000000000000

 spin=1 k-point=712/1284 Cartesian=0.09737022496416814 0.1461634865447041 0.05757273355338881 (1351 plane wave)
 1 1.390422218388293 0.001562499995378261
 2 3.330050353752099 0.0008755103795471331
 3 4.021274290617231 1.979850299617181e-06
 4 5.019565713701869 9.154978898296618e-11
 5 6.115632185149786 1.590376696421755e-15
 6 7.236209943066574 0.000000000000000
 7 10.36042974511296 0.000000000000000
 8 12.66935690608202 0.000000000000000
 9 13.83551969302253 0.000000000000000
 10 16.93381741035199 0.000000000000000
 11 19.01663676357760 0.000000000000000
 12 19.81773601843040 0.000000000000000

 spin=1 k-point=713/1284 Cartesian=0.1168442699570017 0.1574068316635274 0.05757273355338881 (1351 plane wave)
 1 2.472218549040858 0.001562269363686350
 2 2.504516919122602 0.001562181453144438
 3 4.425860371638077 3.467990544763643e-08
 4 4.797913650602514 8.400014862338255e-10
 5 5.317391281687838 4.658188377354324e-12
 6 7.165518936045681 0.000000000000000
 7 11.41653897500742 0.000000000000000
 8 11.46204253047684 0.000000000000000
 9 13.76746901994944 0.000000000000000
 10 17.90679047901760 0.000000000000000
 11 18.04308843781703 0.000000000000000
 12 19.61242248055036 0.000000000000000

 spin=1 k-point=714/1284 Cartesian=0.1363183149498352 0.1686501767823507 0.05757273355338881 (1351 plane wave)
 1 1.390422218823442 0.001562499995378261
 2 3.330050334130183 0.0008755104550794769
 3 4.021274338478625 1.979849353233909e-06
 4 5.019565673195017 9.154982606691741e-11
 5 6.115632186797733 1.590376670213192e-15
 6 7.236209957259691 0.000000000000000
 7 10.36042973785315 0.000000000000000
 8 12.66935690735303 0.000000000000000
 9 13.83551969757920 0.000000000000000
 10 16.93381740760456 0.000000000000000
 11 19.01663675070825 0.000000000000000
 12 19.81773603698971 0.000000000000000

 spin=1 k-point=715/1284 Cartesian=0.1557923599426688 0.1798935219011741 0.05757273355338881 (1341 plane wave)
 1 0.4228782711042431 0.001562499999999746
 2 2.564291540349563 0.001561920972958109
 3 5.223699368266836 1.188819595695920e-11
 4 5.282552615437571 6.599628495802048e-12
 5 7.369576070443798 0.000000000000000
 6 7.507607806359188 0.000000000000000
 7 9.481715538329402 0.000000000000000
 8 13.89400646292236 0.000000000000000
 9 14.14588117152037 0.000000000000000
 10 16.05847231214420 0.000000000000000
 11 19.55215135499661 0.000000000000000
 12 19.68841680835855 0.000000000000000

 spin=1 k-point=716/1284 Cartesian=-0.1363183149498344 0.01124334511882402 0.05757273355338881 (1344 plane wave)
 1 -0.3999408900074161 0.001562500000000037
 2 1.767847726957170 0.001562499798652009
 3 5.621821834051103 2.218664501006201e-13
 4 6.752110437100991 0.000000000000000
 5 7.674728212407201 0.000000000000000
 6 8.521420196420420 0.000000000000000
 7 9.320648430419380 0.000000000000000
 8 14.19506010739953 0.000000000000000
 9 15.06637756333436 0.000000000000000
 10 15.88518635235836 0.000000000000000
 11 17.85477869773177 0.000000000000000
 12 19.78542046320438 0.000000000000000

 spin=1 k-point=717/1284 Cartesian=-0.1168442699570009 0.02248669023764736 0.05757273355338881 (1338 plane wave)
 1 -1.074766650693944 0.001562500000000037
 2 1.103272417280750 0.001562499999738379
 3 6.119459317469199 1.530660852044927e-15
 4 7.565023729682937 0.000000000000000
 5 8.190457869376143 0.000000000000000
 6 8.955435200392094 0.000000000000000
 7 10.81887466896470 0.000000000000000
 8 14.07750297273130 0.000000000000000
 9 15.02668946655798 0.000000000000000
 10 16.20165659182556 0.000000000000000
 11 17.28512210769843 0.000000000000000
 12 18.35988938538375 0.000000000000000

 spin=1 k-point=718/1284 Cartesian=-0.09737022496416733 0.03373003535647070 0.05757273355338881 (1338 plane wave)
 1 -1.600343801313150 0.001562500000000037
 2 0.5828601771740070 0.001562499999998599
 3 6.648933616228379 0.000000000000000
 4 7.311108612922628 0.000000000000000
 5 9.049697673125481 0.000000000000000
 6 10.46393664667390 0.000000000000000
 7 12.57682723903386 0.000000000000000
 8 13.56910813463609 0.000000000000000
 9 14.37247469610289 0.000000000000000
 10 15.69494531914403 0.000000000000000
 11 16.76046662922837 0.000000000000000
 12 19.25724206146985 0.000000000000000

 spin=1 k-point=719/1284 Cartesian=-0.07789617997133380 0.04497338047529403 0.05757273355338881 (1340 plane wave)
 1 -1.976062928347763 0.001562500000000037
 2 0.2099516510419495 0.001562500000000002
 3 6.669350606569217 0.000000000000000
 4 7.771007423409091 0.000000000000000
 5 9.870747959592448 0.000000000000000
 6 11.91452745434011 0.000000000000000
 7 12.78102429865887 0.000000000000000
 8 13.80409391433398 0.000000000000000
 9 14.12111588303333 0.000000000000000
 10 15.23661687755686 0.000000000000000
 11 16.90742926805921 0.000000000000000
 12 20.74854465616493 0.000000000000000

 spin=1 k-point=720/1284 Cartesian=-0.05842213497850025 0.05621672559411737 0.05757273355338881 (1335 plane wave)
 1 -2.201601345100991 0.001562500000000037
 2 -0.01415383594831777 0.001562500000000033
 3 6.505577387917292 0.000000000000000
 4 8.680311717773984 0.000000000000000
 5 10.67026773446001 0.000000000000000
 6 11.16054468715506 0.000000000000000
 7 12.95368030025564 0.000000000000000
 8 13.39358517513102 0.000000000000000
 9 14.93601854298315 0.000000000000000
 10 16.77741815219327 0.000000000000000
 11 17.83393499576906 0.000000000000000
 12 19.42419091737810 0.000000000000000

 spin=1 k-point=721/1284 Cartesian=-0.03894808998566670 0.06746007071294070 0.05757273355338881 (1336 plane wave)
 1 -2.276797348326248 0.001562500000000037
 2 -0.08890747906255023 0.001562500000000035
 3 6.443143447475862 0.000000000000000
 4 9.707619855328421 0.000000000000000
 5 9.796767260142998 0.000000000000000
 6 11.84416371277488 0.000000000000000
 7 12.08595233713313 0.000000000000000
 8 13.18383057233902 0.000000000000000
 9 16.89707027991013 0.000000000000000
 10 17.25177946633643 0.000000000000000
 11 18.22332406008252 0.000000000000000
 12 18.69131520343691 0.000000000000000

 spin=1 k-point=722/1284 Cartesian=-0.01947404499283316 0.07870341583176405 0.05757273355338881 (1335 plane wave)
 1 -2.201601345029138 0.001562500000000037
 2 -0.01415383629042998 0.001562500000000033
 3 6.505577395557958 0.000000000000000
 4 8.680311694074154 0.000000000000000
 5 10.67026770606374 0.000000000000000
 6 11.16054476660841 0.000000000000000
 7 12.95368023945155 0.000000000000000
 8 13.39358518804023 0.000000000000000
 9 14.93601859374703 0.000000000000000
 10 16.77741803620241 0.000000000000000
 11 17.83393509191864 0.000000000000000
 12 19.42419082635369 0.000000000000000

 spin=1 k-point=723/1284 Cartesian=0.000000000000000 0.1124334511882338 0.05757273355338881 (1342 plane wave)
 1 -1.300045680281069 0.001562500000000037
 2 0.8797975320754950 0.001562499999972034
 3 5.898362985771664 1.396652549139101e-14
 4 7.381259545762712 0.000000000000000
 5 8.280715739557600 0.000000000000000
 6 11.38414133259866 0.000000000000000
 7 12.53843858873991 0.000000000000000
 8 13.59103642343485 0.000000000000000
 9 13.94800044310908 0.000000000000000
 10 14.42768468175651 0.000000000000000
 11 15.77910486041198 0.000000000000000
 12 20.22880416469289 0.000000000000000

 spin=1 k-point=724/1284 Cartesian=0.01947404499283394 0.1236767963070574 0.05757273355338881 (1339 plane wave)
 1 -0.8499442497397258 0.001562500000000037
 2 1.323237563319356 0.001562499997639398
 3 5.183422202917233 1.778432977467750e-11
 4 7.220788491422169 0.000000000000000
 5 8.076536934030603 0.000000000000000
 6 10.01265573508186 0.000000000000000
 7 12.13451851498206 0.000000000000000
 8 13.56708754045155 0.000000000000000
 9 13.80831270667399 0.000000000000000
 10 15.00932499221224 0.000000000000000
 11 16.23819781016438 0.000000000000000
 12 18.82482519642399 0.000000000000000

 spin=1 k-point=725/1284 Cartesian=0.03894808998566748 0.1349201414258807 0.05757273355338881 (1342 plane wave)
 1 -0.2505803014069787 0.001562500000000036
 2 1.908583801047875 0.001562499177461298
 3 4.604648437204003 5.802551958226024e-09
 4 6.698737960328886 0.000000000000000
 5 8.015254614018477 0.000000000000000
 6 8.812507671308321 0.000000000000000
 7 10.46490826321718 0.000000000000000
 8 13.33020479676046 0.000000000000000
 9 14.91909263259491 0.000000000000000
 10 15.92080588887051 0.000000000000000
 11 16.92710850062052 0.000000000000000
 12 18.03942752872588 0.000000000000000

 spin=1 k-point=726/1284 Cartesian=0.05842213497850103 0.1461634865447041 0.05757273355338881 (1346 plane wave)
 1 0.4969946812655824 0.001562499999999427
 2 2.618691204623084 0.001561502673588284
 3 4.186470944571496 3.798719910665904e-07
 4 6.133998479288103 1.323537290269185e-15
 5 6.710048929848424 0.000000000000000
 6 8.588327707283920 0.000000000000000
 7 9.622718397175522 0.000000000000000
 8 12.94427010934165 0.000000000000000
 9 15.14788107083096 0.000000000000000
 10 16.13095118104980 0.000000000000000
 11 17.59029569420607 0.000000000000000
 12 19.46100876437237 0.000000000000000

 spin=1 k-point=727/1284 Cartesian=0.07789617997133459 0.1574068316635274 0.05757273355338881 (1351 plane wave)
 1 1.390422219105858 0.001562499995378261
 2 3.330050329579180 0.0008755104725980474
 3 4.021274343295725 1.979849257983399e-06
 4 5.019565674221734 9.154982512695934e-11
 5 6.115632186564795 1.590376673917766e-15
 6 7.236209956082687 0.000000000000000
 7 10.36042973934860 0.000000000000000
 8 12.66935690209646 0.000000000000000
 9 13.83551969902720 0.000000000000000
 10 16.93381741143309 0.000000000000000
 11 19.01663674448326 0.000000000000000
 12 19.81773604554759 0.000000000000000

 spin=1 k-point=728/1284 Cartesian=0.09737022496416814 0.1686501767823507 0.05757273355338881 (1355 plane wave)
 1 2.422100829013518 0.001562360268470817
 2 3.467965037633147 0.0003795847432196049
 3 3.642297212433507 8.305010316104351e-05
 4 4.839082422111758 5.565271889854467e-10
 5 5.907981452288654 1.268574270832993e-14
 6 5.970692186879979 6.775893513120603e-15
 7 11.36507892523118 0.000000000000000
 8 12.49044733515402 0.000000000000000
 9 12.57480195836055 0.000000000000000
 10 17.95758804749086 0.000000000000000
 11 19.03406101025730 0.000000000000000
 12 19.17977728528849 0.000000000000000

 spin=1 k-point=729/1284 Cartesian=0.1168442699570017 0.1798935219011741 0.05757273355338881 (1355 plane wave)
 1 2.422100828428959 0.001562360268471634
 2 3.467965041248022 0.0003795847328315122
 3 3.642297211170028 8.305010415459062e-05
 4 4.839082418524121 5.565272089516232e-10
 5 5.907981451809083 1.268574276916706e-14
 6 5.970692189147662 6.775893359464775e-15
 7 11.36507892377351 0.000000000000000
 8 12.49044733745824 0.000000000000000
 9 12.57480195801645 0.000000000000000
 10 17.95758804559718 0.000000000000000
 11 19.03406101320426 0.000000000000000
 12 19.17977728310469 0.000000000000000

 spin=1 k-point=730/1284 Cartesian=0.1363183149498352 0.1911368670199974 0.05757273355338881 (1351 plane wave)
 1 1.390422218020447 0.001562499995378261
 2 3.330050357678043 0.0008755103644346588
 3 4.021274288938237 1.979850332816633e-06
 4 5.019565709542983 9.154979279041823e-11
 5 6.115632187123127 1.590376665038206e-15
 6 7.236209943579269 0.000000000000000
 7 10.36042974396992 0.000000000000000
 8 12.66935690362740 0.000000000000000
 9 13.83551969680194 0.000000000000000
 10 16.93381740960120 0.000000000000000
 11 19.01663675897150 0.000000000000000
 12 19.81773602425179 0.000000000000000

 spin=1 k-point=731/1284 Cartesian=0.1557923599426688 0.2023802121388207 0.05757273355338881 (1346 plane wave)
 1 0.4969946803495209 0.001562499999999427
 2 2.618691216256706 0.001561502673472333
 3 4.186470913323595 3.798721097398016e-07
 4 6.133998523687490 1.323536702626718e-15
 5 6.710048934912677 0.000000000000000
 6 8.588327618372364 0.000000000000000
 7 9.622718461435099 0.000000000000000
 8 12.94427011178595 0.000000000000000
 9 15.14788104958199 0.000000000000000
 10 16.13095118163289 0.000000000000000
 11 17.59029573804628 0.000000000000000
 12 19.46100866285912 0.000000000000000

 spin=1 k-point=732/1284 Cartesian=-0.1363183149498344 0.03373003535647069 0.05757273355338881 (1342 plane wave)
 1 -0.2505803020940913 0.001562500000000036
 2 1.908583806774407 0.001562499177461251
 3 4.604648410965873 5.802553480702052e-09
 4 6.698738007223914 0.000000000000000
 5 8.015254690550229 0.000000000000000
 6 8.812507497473675 0.000000000000000
 7 10.46490834489656 0.000000000000000
 8 13.33020479812943 0.000000000000000
 9 14.91909260021629 0.000000000000000
 10 15.92080589654232 0.000000000000000
 11 16.92710855513295 0.000000000000000
 12 18.03942746727028 0.000000000000000

 spin=1 k-point=733/1284 Cartesian=-0.1168442699570009 0.04497338047529403 0.05757273355338881 (1339 plane wave)
 1 -0.8499442502273872 0.001562500000000037
 2 1.323237566561009 0.001562499997639398
 3 5.183422173953704 1.778433492564899e-11
 4 7.220788589151467 0.000000000000000
 5 8.076536876471415 0.000000000000000
 6 10.01265568329374 0.000000000000000
 7 12.13451856967328 0.000000000000000
 8 13.56708742495996 0.000000000000000
 9 13.80831278957927 0.000000000000000
 10 15.00932510355089 0.000000000000000
 11 16.23819768307369 0.000000000000000
 12 18.82482521880396 0.000000000000000

 spin=1 k-point=734/1284 Cartesian=-0.09737022496416733 0.05621672559411737 0.05757273355338881 (1342 plane wave)
 1 -1.300045680603598 0.001562500000000037
 2 0.8797975339601001 0.001562499999972034
 3 5.898362944172339 1.396653130137401e-14
 4 7.381259668512608 0.000000000000000
 5 8.280715657578439 0.000000000000000
 6 11.38414133499109 0.000000000000000
 7 12.53843849000268 0.000000000000000
 8 13.59103642610560 0.000000000000000
 9 13.94800044996136 0.000000000000000
 10 14.42768493594599 0.000000000000000
 11 15.77910466382539 0.000000000000000
 12 20.22880416514793 0.000000000000000

 spin=1 k-point=735/1284 Cartesian=-0.07789617997133380 0.06746007071294070 0.05757273355338881 (1338 plane wave)
 1 -1.600343801309500 0.001562500000000037
 2 0.5828601771786051 0.001562499999998599
 3 6.648933616023816 0.000000000000000
 4 7.311108613677733 0.000000000000000
 5 9.049697672563994 0.000000000000000
 6 10.46393665022039 0.000000000000000
 7 12.57682723329220 0.000000000000000
 8 13.56910812403804 0.000000000000000
 9 14.37247470269504 0.000000000000000
 10 15.69494533458731 0.000000000000000
 11 16.76046661998404 0.000000000000000
 12 19.25724206141255 0.000000000000000

 spin=1 k-point=736/1284 Cartesian=-0.05842213497850025 0.07870341583176403 0.05757273355338881 (1333 plane wave)
 1 -1.750554932231249 0.001562500000000037
 2 0.4340916457062139 0.001562499999999712
 3 6.874673848301375 0.000000000000000
 4 7.968482366223547 0.000000000000000
 5 9.048496384895490 0.000000000000000
 6 10.20760097493685 0.000000000000000
 7 11.33144734925594 0.000000000000000
 8 13.59625619923092 0.000000000000000
 9 16.25516735381851 0.000000000000000
 10 16.96657315407046 0.000000000000000
 11 17.79077415408275 0.000000000000000
 12 18.48114367788004 0.000000000000000

 spin=1 k-point=737/1284 Cartesian=-0.03894808998566670 0.08994676095058737 0.05757273355338881 (1333 plane wave)
 1 -1.750554932171740 0.001562500000000037
 2 0.4340916453929590 0.001562499999999712
 3 6.874673869647042 0.000000000000000
 4 7.968482321662233 0.000000000000000
 5 9.048496378440934 0.000000000000000
 6 10.20760105313844 0.000000000000000
 7 11.33144729613102 0.000000000000000
 8 13.59625619575134 0.000000000000000
 9 16.25516745897264 0.000000000000000
 10 16.96657303336947 0.000000000000000
 11 17.79077412951699 0.000000000000000
 12 18.48114367134000 0.000000000000000

 spin=1 k-point=738/1284 Cartesian=-0.01947404499283316 0.1011901060694107 0.05757273355338881 (1338 plane wave)
 1 -1.600343801125989 0.001562500000000037
 2 0.5828601761819293 0.001562499999998599
 3 6.648933694494930 0.000000000000000
 4 7.311108497024312 0.000000000000000
 5 9.049697697298747 0.000000000000000
 6 10.46393669721670 0.000000000000000
 7 12.57682718652132 0.000000000000000
 8 13.56910811943476 0.000000000000000
 9 14.37247477611081 0.000000000000000
 10 15.69494516294827 0.000000000000000
 11 16.76046676350453 0.000000000000000
 12 19.25724203786060 0.000000000000000

 spin=1 k-point=739/1284 Cartesian=0.000000000000000 0.1349201414258805 0.05757273355338881 (1343 plane wave)
 1 -0.4755569373820006 0.001562500000000037
 2 1.685983111502596 0.001562499911199863
 3 4.383772811906042 5.282711028849312e-08
 4 6.498267143030693 0.000000000000000
 5 8.368330085711669 0.000000000000000
 6 11.00513535942825 0.000000000000000
 7 12.14011570483134 0.000000000000000
 8 13.13912388584123 0.000000000000000
 9 13.21223056298650 0.000000000000000
 10 14.36827853276306 0.000000000000000
 11 15.57795125086658 0.000000000000000
 12 19.67055892610326 0.000000000000000

 spin=1 k-point=740/1284 Cartesian=0.01947404499283394 0.1461634865447040 0.05757273355338881 (1344 plane wave)
 1 0.04779550741011900 0.001562500000000030
 2 2.176828040785964 0.001562487973937347
 3 3.746872014858373 3.022824973075195e-05
 4 5.849937124259564 2.266727294993922e-14
 5 8.776236548579028 0.000000000000000
 6 9.749984285399728 0.000000000000000
 7 11.76230594594073 0.000000000000000
 8 12.50557706614137 0.000000000000000
 9 13.53726793871682 0.000000000000000
 10 15.34759125700818 0.000000000000000
 11 16.11082434758992 0.000000000000000
 12 18.43712038162128 0.000000000000000

 spin=1 k-point=741/1284 Cartesian=0.03894808998566748 0.1574068316635274 0.05757273355338881 (1339 plane wave)
 1 0.7189003268098683 0.001562499999994434
 2 2.679419555052648 0.001560670443889053
 3 3.390467131256608 0.0006414889408981017
 4 5.330672562867971 4.078844625790117e-12
 5 7.929995629235892 0.000000000000000
 6 9.462646525724928 0.000000000000000
 7 10.33150859656069 0.000000000000000
 8 12.02244446249159 0.000000000000000
 9 15.16739190535436 0.000000000000000
 10 16.15746542999973 0.000000000000000
 11 16.78690327475566 0.000000000000000
 12 17.81138755861111 0.000000000000000

 spin=1 k-point=742/1284 Cartesian=0.05842213497850103 0.1686501767823507 0.05757273355338881 (1344 plane wave)
 1 1.534999389486182 0.001562499980380005
 2 2.663371035932907 0.001560941440852763
 3 3.836147610149691 1.252228494047812e-05
 4 4.941811369623012 1.992233442985949e-10
 5 6.459141496521601 0.000000000000000
 6 8.523236324610574 0.000000000000000
 7 10.52288532048017 0.000000000000000
 8 11.65983133105286 0.000000000000000
 9 15.10359452564838 0.000000000000000
 10 16.77862806050165 0.000000000000000
 11 17.55338614157611 0.000000000000000
 12 18.47920754066265 0.000000000000000

 spin=1 k-point=743/1284 Cartesian=0.07789617997133459 0.1798935219011741 0.05757273355338881 (1351 plane wave)
 1 2.472218555223766 0.001562269363672092
 2 2.504516912593963 0.001562181453165230
 3 4.425860374772693 3.467990436057854e-08
 4 4.797913644486160 8.400015376112698e-10
 5 5.317391286336900 4.658188160792267e-12
 6 7.165518935965665 0.000000000000000
 7 11.41653897830688 0.000000000000000
 8 11.46204252241282 0.000000000000000
 9 13.76746902130859 0.000000000000000
 10 17.90679047585095 0.000000000000000
 11 18.04308844385294 0.000000000000000
 12 19.61242248522017 0.000000000000000

 spin=1 k-point=744/1284 Cartesian=0.09737022496416814 0.1911368670199974 0.05757273355338881 (1355 plane wave)
 1 2.422100829340313 0.001562360268470361
 2 3.467965033917697 0.0003795847538967193
 3 3.642297216977688 8.305009958768844e-05
 4 4.839082419111842 5.565272056807884e-10
 5 5.907981460447269 1.268574167334864e-14
 6 5.970692181358922 6.775893887221654e-15
 7 11.36507892016443 0.000000000000000
 8 12.49044733262994 0.000000000000000
 9 12.57480196467488 0.000000000000000
 10 17.95758804428275 0.000000000000000
 11 19.03406101355857 0.000000000000000
 12 19.17977728801452 0.000000000000000

 spin=1 k-point=745/1284 Cartesian=0.1168442699570017 0.2023802121388207 0.05757273355338881 (1351 plane wave)
 1 2.472218554054774 0.001562269363674788
 2 2.504516914064312 0.001562181453160547
 3 4.425860376566956 3.467990373834353e-08
 4 4.797913644815542 8.400015348444616e-10
 5 5.317391282469638 4.658188340936647e-12
 6 7.165518937225319 0.000000000000000
 7 11.41653897678206 0.000000000000000
 8 11.46204252304429 0.000000000000000
 9 13.76746902356463 0.000000000000000
 10 17.90679047694136 0.000000000000000
 11 18.04308843923610 0.000000000000000
 12 19.61242248496661 0.000000000000000

 spin=1 k-point=746/1284 Cartesian=0.1363183149498352 0.2136235572576441 0.05757273355338881 (1344 plane wave)
 1 1.534999386422145 0.001562499980380006
 2 2.663371054247980 0.001560941440567596
 3 3.836147572231542 1.252228965064539e-05
 4 4.941811399147451 1.992232854790206e-10
 5 6.459141495708646 0.000000000000000
 6 8.523236305652585 0.000000000000000
 7 10.52288534189165 0.000000000000000
 8 11.65983132357096 0.000000000000000
 9 15.10359452366505 0.000000000000000
 10 16.77862803813027 0.000000000000000
 11 17.55338620529095 0.000000000000000
 12 18.47920748141698 0.000000000000000

 spin=1 k-point=747/1284 Cartesian=0.1557923599426688 0.2248669023764674 0.05757273355338881 (1339 plane wave)
 1 0.7189003249344774 0.001562499999994434
 2 2.679419591518223 0.001560670443222676
 3 3.390467077680975 0.0006414891434803727
 4 5.330672589514331 4.078843538926332e-12
 5 7.929995652593314 0.000000000000000
 6 9.462646385989906 0.000000000000000
 7 10.33150872678097 0.000000000000000
 8 12.02244444339597 0.000000000000000
 9 15.16739190248930 0.000000000000000
 10 16.15746538470543 0.000000000000000
 11 16.78690337673619 0.000000000000000
 12 17.81138746467373 0.000000000000000

 spin=1 k-point=748/1284 Cartesian=-0.1363183149498344 0.05621672559411736 0.05757273355338881 (1344 plane wave)
 1 0.04779550621629412 0.001562500000000030
 2 2.176828054582746 0.001562487973935688
 3 3.746871983462386 3.022825903761001e-05
 4 5.849937155957816 2.266726576480932e-14
 5 8.776236571660753 0.000000000000000
 6 9.749984201925919 0.000000000000000
 7 11.76230604049386 0.000000000000000
 8 12.50557699595846 0.000000000000000
 9 13.53726797151718 0.000000000000000
 10 15.34759135642497 0.000000000000000
 11 16.11082419733934 0.000000000000000
 12 18.43712042476658 0.000000000000000

 spin=1 k-point=749/1284 Cartesian=-0.1168442699570009 0.06746007071294070 0.05757273355338881 (1343 plane wave)
 1 -0.4755569381389603 0.001562500000000037
 2 1.685983117682651 0.001562499911199857
 3 4.383772785594934 5.282712418742576e-08
 4 6.498267190665564 0.000000000000000
 5 8.368330061672173 0.000000000000000
 6 11.00513536184431 0.000000000000000
 7 12.14011555256052 0.000000000000000
 8 13.13912406606283 0.000000000000000
 9 13.21223056559751 0.000000000000000
 10 14.36827862758510 0.000000000000000
 11 15.57795108489851 0.000000000000000
 12 19.67055898759967 0.000000000000000

 spin=1 k-point=750/1284 Cartesian=-0.09737022496416733 0.07870341583176403 0.05757273355338881 (1339 plane wave)
 1 -0.8499442502217015 0.001562500000000037
 2 1.323237566557015 0.001562499997639398
 3 5.183422173979825 1.778433492100368e-11
 4 7.220788589221611 0.000000000000000
 5 8.076536876779794 0.000000000000000
 6 10.01265568576393 0.000000000000000
 7 12.13451856225964 0.000000000000000
 8 13.56708742380316 0.000000000000000
 9 13.80831278755616 0.000000000000000
 10 15.00932511811064 0.000000000000000
 11 16.23819767611515 0.000000000000000
 12 18.82482521846538 0.000000000000000

 spin=1 k-point=751/1284 Cartesian=-0.07789617997133380 0.08994676095058737 0.05757273355338881 (1338 plane wave)
 1 -1.074766650685382 0.001562500000000037
 2 1.103272417272080 0.001562499999738379
 3 6.119459317426807 1.530660852693800e-15
 4 7.565023731578431 0.000000000000000
 5 8.190457868882570 0.000000000000000
 6 8.955435201877442 0.000000000000000
 7 10.81887466430282 0.000000000000000
 8 14.07750296830366 0.000000000000000
 9 15.02668946600256 0.000000000000000
 10 16.20165660311875 0.000000000000000
 11 17.28512210486477 0.000000000000000
 12 18.35988938406900 0.000000000000000

 spin=1 k-point=752/1284 Cartesian=-0.05842213497850025 0.1011901060694107 0.05757273355338881 (1343 plane wave)
 1 -1.149736236054482 0.001562500000000037
 2 1.029680357163347 0.001562499999874686
 3 7.014295213484159 0.000000000000000
 4 7.252676946711186 0.000000000000000
 5 7.797161065469927 0.000000000000000
 6 9.494545498361108 0.000000000000000
 7 9.746085831848676 0.000000000000000
 8 14.09877840567199 0.000000000000000
 9 16.15339519753004 0.000000000000000
 10 16.18006369143847 0.000000000000000
 11 18.12866727433274 0.000000000000000
 12 18.39791753212442 0.000000000000000

 spin=1 k-point=753/1284 Cartesian=-0.03894808998566670 0.1124334511882340 0.05757273355338881 (1338 plane wave)
 1 -1.074766650475394 0.001562500000000037
 2 1.103272415963919 0.001562499999738379
 3 6.119459357747292 1.530660235523902e-15
 4 7.565023616023721 0.000000000000000
 5 8.190457841672357 0.000000000000000
 6 8.955435359330885 0.000000000000000
 7 10.81887460362369 0.000000000000000
 8 14.07750293853224 0.000000000000000
 9 15.02668955190334 0.000000000000000
 10 16.20165654855287 0.000000000000000
 11 17.28512207780252 0.000000000000000
 12 18.35988942140353 0.000000000000000

 spin=1 k-point=754/1284 Cartesian=-0.01947404499283316 0.1236767963070574 0.05757273355338881 (1339 plane wave)
 1 -0.8499442497728126 0.001562500000000037
 2 1.323237563496053 0.001562499997639398
 3 5.183422202827049 1.778432979071628e-11
 4 7.220788491818556 0.000000000000000
 5 8.076536933814616 0.000000000000000
 6 10.01265573644751 0.000000000000000
 7 12.13451850806629 0.000000000000000
 8 13.56708754443180 0.000000000000000
 9 13.80831270262811 0.000000000000000
 10 15.00932500189403 0.000000000000000
 11 16.23819780749545 0.000000000000000
 12 18.82482519589232 0.000000000000000

 spin=1 k-point=755/1284 Cartesian=0.000000000000000 0.1574068316635272 0.05757273355338881 (1350 plane wave)
 1 0.4942982389961518 0.001562499999999444
 2 2.455787034841850 0.001562304306579344
 3 3.171534127711638 0.001346064989465732
 4 5.120023942799610 3.352530296917454e-11
 5 9.265693250634522 0.000000000000000
 6 10.77768192584679 0.000000000000000
 7 11.40114061356161 0.000000000000000
 8 12.40643025937449 0.000000000000000
 9 12.98488986788973 0.000000000000000
 10 14.31817555046855 0.000000000000000
 11 16.20871898859129 0.000000000000000
 12 18.39387495888113 0.000000000000000

 spin=1 k-point=756/1284 Cartesian=0.01947404499283394 0.1686501767823507 0.05757273355338881 (1341 plane wave)
 1 1.086805503361918 0.001562499999778106
 2 2.215572843967474 0.001562482283070207
 3 3.409671570524174 0.0005703136248911196
 4 4.532903301717291 1.189056760829862e-08
 5 9.335931854182833 0.000000000000000
 6 9.997708294577015 0.000000000000000
 7 11.01988849611196 0.000000000000000
 8 11.88718761648077 0.000000000000000
 9 13.40520665491140 0.000000000000000
 10 15.47265713485587 0.000000000000000
 11 16.70044338667791 0.000000000000000
 12 17.75322518390818 0.000000000000000

 spin=1 k-point=757/1284 Cartesian=0.03894808998566748 0.1798935219011741 0.05757273355338881 (1340 plane wave)
 1 1.813378236901301 0.001562499682543782
 2 1.825123633457576 0.001562499642979253
 3 4.064042783031899 1.291465002626487e-06
 4 4.129473632970252 6.715717330340440e-07
 5 7.872630876564198 0.000000000000000
 6 9.823566039073189 0.000000000000000
 7 10.76654381047983 0.000000000000000
 8 10.98921227301120 0.000000000000000
 9 15.17551884575894 0.000000000000000
 10 16.36589527089984 0.000000000000000
 11 16.99211692126449 0.000000000000000
 12 17.65393639334375 0.000000000000000

 spin=1 k-point=758/1284 Cartesian=0.05842213497850103 0.1911368670199974 0.05757273355338881 (1344 plane wave)
 1 1.534999386799513 0.001562499980380006
 2 2.663371052524627 0.001560941440594429
 3 3.836147572507311 1.252228961638948e-05
 4 4.941811399928997 1.992232839220006e-10
 5 6.459141497870771 0.000000000000000
 6 8.523236307100303 0.000000000000000
 7 10.52288533370788 0.000000000000000
 8 11.65983132870830 0.000000000000000
 9 15.10359451934208 0.000000000000000
 10 16.77862803074117 0.000000000000000
 11 17.55338622819812 0.000000000000000
 12 18.47920747228037 0.000000000000000

 spin=1 k-point=759/1284 Cartesian=0.07789617997133459 0.2023802121388208 0.05757273355338881 (1351 plane wave)
 1 1.390422218510265 0.001562499995378261
 2 3.330050353709574 0.0008755103797108268
 3 4.021274291631477 1.979850279562061e-06
 4 5.019565709746706 9.154979260391034e-11
 5 6.115632190361437 1.590376613536848e-15
 6 7.236209943782737 0.000000000000000
 7 10.36042973771647 0.000000000000000
 8 12.66935690665657 0.000000000000000
 9 13.83551969435798 0.000000000000000
 10 16.93381740850995 0.000000000000000
 11 19.01663677493530 0.000000000000000
 12 19.81773601658510 0.000000000000000

 spin=1 k-point=760/1284 Cartesian=0.09737022496416814 0.2136235572576441 0.05757273355338881 (1351 plane wave)
 1 1.390422219443795 0.001562499995378261
 2 3.330050329477134 0.0008755104729908611
 3 4.021274342822371 1.979849267343244e-06
 4 5.019565674101143 9.154982523736133e-11
 5 6.115632186687597 1.590376671964773e-15
 6 7.236209958900990 0.000000000000000
 7 10.36042973220856 0.000000000000000
 8 12.66935690403905 0.000000000000000
 9 13.83551970123687 0.000000000000000
 10 16.93381740742570 0.000000000000000
 11 19.01663675629405 0.000000000000000
 12 19.81773603751371 0.000000000000000

 spin=1 k-point=761/1284 Cartesian=0.1168442699570017 0.2248669023764674 0.05757273355338881 (1344 plane wave)
 1 1.534999390047751 0.001562499980380005
 2 2.663371035795372 0.001560941440854904
 3 3.836147609073827 1.252228507412122e-05
 4 4.941811371333349 1.992233408912032e-10
 5 6.459141494592816 0.000000000000000
 6 8.523236327719408 0.000000000000000
 7 10.52288531220985 0.000000000000000
 8 11.65983133586097 0.000000000000000
 9 15.10359452842118 0.000000000000000
 10 16.77862805026826 0.000000000000000
 11 17.55338615774853 0.000000000000000
 12 18.47920753224949 0.000000000000000

 spin=1 k-point=762/1284 Cartesian=0.1363183149498352 0.2361102474952907 0.05757273355338881 (1340 plane wave)
 1 1.813378236176527 0.001562499682543784
 2 1.825123634897503 0.001562499642979248
 3 4.064042782070462 1.291465015032843e-06
 4 4.129473633307488 6.715717307702337e-07
 5 7.872630874766116 0.000000000000000
 6 9.823566039207869 0.000000000000000
 7 10.76654381030194 0.000000000000000
 8 10.98921227450330 0.000000000000000
 9 15.17551884486006 0.000000000000000
 10 16.36589527654104 0.000000000000000
 11 16.99211691655644 0.000000000000000
 12 17.65393639586674 0.000000000000000

 spin=1 k-point=763/1284 Cartesian=0.1557923599426688 0.2473535926141141 0.05757273355338881 (1341 plane wave)
 1 1.086805499827076 0.001562499999778106
 2 2.215572863667623 0.001562482283066717
 3 3.409671534339605 0.0005703137559331201
 4 4.532903324603385 1.189056488703256e-08
 5 9.335931899871257 0.000000000000000
 6 9.997708177129905 0.000000000000000
 7 11.01988859266161 0.000000000000000
 8 11.88718758508984 0.000000000000000
 9 13.40520666224363 0.000000000000000
 10 15.47265716291646 0.000000000000000
 11 16.70044330070073 0.000000000000000
 12 17.75322525176093 0.000000000000000

 spin=1 k-point=764/1284 Cartesian=-0.1363183149498344 0.07870341583176405 0.05757273355338881 (1350 plane wave)
 1 0.4942982369953624 0.001562499999999444
 2 2.455787072272978 0.001562304306506102
 3 3.171534073837172 0.001346065089917253
 4 5.120023967653191 3.352529463693520e-11
 5 9.265693252961050 0.000000000000000
 6 10.77768192828107 0.000000000000000
 7 11.40114050851664 0.000000000000000
 8 12.40643037073353 0.000000000000000
 9 12.98488987044474 0.000000000000000
 10 14.31817557526036 0.000000000000000
 11 16.20871889791465 0.000000000000000
 12 18.39387501657847 0.000000000000000

 spin=1 k-point=765/1284 Cartesian=-0.1168442699570009 0.08994676095058739 0.05757273355338881 (1344 plane wave)
 1 0.04779550622451748 0.001562500000000030
 2 2.176828054552892 0.001562487973935691
 3 3.746871983521852 3.022825901998200e-05
 4 5.849937155854640 2.266726578819637e-14
 5 8.776236572788291 0.000000000000000
 6 9.749984203647868 0.000000000000000
 7 11.76230602595736 0.000000000000000
 8 12.50557700946519 0.000000000000000
 9 13.53726796748887 0.000000000000000
 10 15.34759136336131 0.000000000000000
 11 16.11082419262398 0.000000000000000
 12 18.43712042380314 0.000000000000000

 spin=1 k-point=766/1284 Cartesian=-0.09737022496416733 0.1011901060694107 0.05757273355338881 (1342 plane wave)
 1 -0.2505803020802366 0.001562500000000036
 2 1.908583806726789 0.001562499177461251
 3 4.604648411091562 5.802553473408929e-09
 4 6.698738006898795 0.000000000000000
 5 8.015254693227709 0.000000000000000
 6 8.812507498331497 0.000000000000000
 7 10.46490833848926 0.000000000000000
 8 13.33020480292110 0.000000000000000
 9 14.91909258820947 0.000000000000000
 10 15.92080591062060 0.000000000000000
 11 16.92710855265761 0.000000000000000
 12 18.03942746579793 0.000000000000000

 spin=1 k-point=767/1284 Cartesian=-0.07789617997133380 0.1124334511882341 0.05757273355338881 (1344 plane wave)
 1 -0.3999408899906672 0.001562500000000037
 2 1.767847726863861 0.001562499798652009
 3 5.621821834314332 2.218664495166031e-13
 4 6.752110438444422 0.000000000000000
 5 7.674728214700040 0.000000000000000
 6 8.521420196614599 0.000000000000000
 7 9.320648424579128 0.000000000000000
 8 14.19506010823101 0.000000000000000
 9 15.06637756341036 0.000000000000000
 10 15.88518634797563 0.000000000000000
 11 17.85477870492764 0.000000000000000
 12 19.78542046360856 0.000000000000000

 spin=1 k-point=768/1284 Cartesian=-0.05842213497850025 0.1236767963070574 0.05757273355338881 (1344 plane wave)
 1 -0.3999408898021765 0.001562500000000037
 2 1.767847725400533 0.001562499798652012
 3 5.621821862344474 2.218663873271158e-13
 4 6.752110402664143 0.000000000000000
 5 7.674728117286139 0.000000000000000
 6 8.521420409806554 0.000000000000000
 7 9.320648315180636 0.000000000000000
 8 14.19506008321937 0.000000000000000
 9 15.06637762553690 0.000000000000000
 10 15.88518632245024 0.000000000000000
 11 17.85477867427824 0.000000000000000
 12 19.78542045727298 0.000000000000000

 spin=1 k-point=769/1284 Cartesian=-0.03894808998566670 0.1349201414258807 0.05757273355338881 (1342 plane wave)
 1 -0.2505803014778772 0.001562500000000036
 2 1.908583801437013 0.001562499177461295
 3 4.604648437061269 5.802551966508177e-09
 4 6.698737961295827 0.000000000000000
 5 8.015254611914969 0.000000000000000
 6 8.812507674632943 0.000000000000000
 7 10.46490825668348 0.000000000000000
 8 13.33020480448722 0.000000000000000
 9 14.91909261917781 0.000000000000000
 10 15.92080590279657 0.000000000000000
 11 16.92710850129433 0.000000000000000
 12 18.03942752401592 0.000000000000000

 spin=1 k-point=770/1284 Cartesian=-0.01947404499283316 0.1461634865447041 0.05757273355338881 (1344 plane wave)
 1 0.04779550737516520 0.001562500000000030
 2 2.176828040958951 0.001562487973937326
 3 3.746872014832404 3.022824973845010e-05
 4 5.849937124490530 2.266727289758525e-14
 5 8.776236547779190 0.000000000000000
 6 9.749984287047420 0.000000000000000
 7 11.76230593092781 0.000000000000000
 8 12.50557708563560 0.000000000000000
 9 13.53726793187382 0.000000000000000
 10 15.34759125786711 0.000000000000000
 11 16.11082434976749 0.000000000000000
 12 18.43712038428206 0.000000000000000

 spin=1 k-point=771/1284 Cartesian=0.000000000000000 0.1798935219011738 0.05757273355338881 (1344 plane wave)
 1 1.591509659723247 0.001562499965476066
 2 1.598407694914931 0.001562499963010530
 3 3.855455831648204 1.033809661175328e-05
 4 3.905850077540931 6.262101048587345e-06
 5 10.26747537314396 0.000000000000000
 6 10.35881650020032 0.000000000000000
 7 10.70185687225799 0.000000000000000
 8 12.24896832024455 0.000000000000000
 9 12.90910135432006 0.000000000000000
 10 14.27149422001268 0.000000000000000
 11 17.06538472875787 0.000000000000000
 12 17.35639055305629 0.000000000000000

 spin=1 k-point=772/1284 Cartesian=0.01947404499283394 0.1911368670199974 0.05757273355338881 (1341 plane wave)
 1 1.086805500034104 0.001562499999778106
 2 2.215572861946905 0.001562482283067021
 3 3.409671534784226 0.0005703137543229329
 4 4.532903326152657 1.189056470281673e-08
 5 9.335931904235625 0.000000000000000
 6 9.997708178689713 0.000000000000000
 7 11.01988858123005 0.000000000000000
 8 11.88718758909139 0.000000000000000
 9 13.40520666202834 0.000000000000000
 10 15.47265716541600 0.000000000000000
 11 16.70044330158839 0.000000000000000
 12 17.75322524687831 0.000000000000000

 spin=1 k-point=773/1284 Cartesian=0.03894808998566748 0.2023802121388207 0.05757273355338881 (1339 plane wave)
 1 0.7189003252170806 0.001562499999994434
 2 2.679419588421232 0.001560670443279270
 3 3.390467079583779 0.0006414891362854161
 4 5.330672591044481 4.078843476513942e-12
 5 7.929995655201475 0.000000000000000
 6 9.462646395963688 0.000000000000000
 7 10.33150870680485 0.000000000000000
 8 12.02244444964669 0.000000000000000
 9 15.16739189312179 0.000000000000000
 10 16.15746539479750 0.000000000000000
 11 16.78690337829660 0.000000000000000
 12 17.81138746793018 0.000000000000000

 spin=1 k-point=774/1284 Cartesian=0.05842213497850103 0.2136235572576441 0.05757273355338881 (1346 plane wave)
 1 0.4969946806980983 0.001562499999999427
 2 2.618691214236914 0.001561502673492464
 3 4.186470914243439 3.798721062464199e-07
 4 6.133998523480250 1.323536705369607e-15
 5 6.710048939349556 0.000000000000000
 6 8.588327626585480 0.000000000000000
 7 9.622718445798942 0.000000000000000
 8 12.94427011471260 0.000000000000000
 9 15.14788104258757 0.000000000000000
 10 16.13095118193917 0.000000000000000
 11 17.59029575251879 0.000000000000000
 12 19.46100866165535 0.000000000000000

 spin=1 k-point=775/1284 Cartesian=0.07789617997133459 0.2248669023764674 0.05757273355338881 (1341 plane wave)
 1 0.4228782715180816 0.001562499999999746
 2 2.564291538622470 0.001561920972968105
 3 5.223699374429284 1.188819522435504e-11
 4 5.282552610869200 6.599628797297657e-12
 5 7.369576084716789 0.000000000000000
 6 7.507607798837366 0.000000000000000
 7 9.481715528134034 0.000000000000000
 8 13.89400645471091 0.000000000000000
 9 14.14588117771370 0.000000000000000
 10 16.05847231391348 0.000000000000000
 11 19.55215136369969 0.000000000000000
 12 19.68841681809647 0.000000000000000

 spin=1 k-point=776/1284 Cartesian=0.09737022496416814 0.2361102474952907 0.05757273355338881 (1346 plane wave)
 1 0.4969946815950424 0.001562499999999427
 2 2.618691204441542 0.001561502673590094
 3 4.186470943555703 3.798719949243666e-07
 4 6.133998482619051 1.323537246182820e-15
 5 6.710048928181161 0.000000000000000
 6 8.588327716519554 0.000000000000000
 7 9.622718382322374 0.000000000000000
 8 12.94427011129515 0.000000000000000
 9 15.14788107231749 0.000000000000000
 10 16.13095117562884 0.000000000000000
 11 17.59029570694477 0.000000000000000
 12 19.46100875989747 0.000000000000000

 spin=1 k-point=777/1284 Cartesian=0.1168442699570017 0.2473535926141141 0.05757273355338881 (1339 plane wave)
 1 0.7189003272805089 0.001562499999994434
 2 2.679419555253778 0.001560670443885377
 3 3.390467129752254 0.0006414889465864265
 4 5.330672564786886 4.078844547520521e-12
 5 7.929995627505790 0.000000000000000
 6 9.462646535869409 0.000000000000000
 7 10.33150857932998 0.000000000000000
 8 12.02244446908209 0.000000000000000
 9 15.16739189424579 0.000000000000000
 10 16.15746544562129 0.000000000000000
 11 16.78690327713868 0.000000000000000
 12 17.81138755908313 0.000000000000000

 spin=1 k-point=778/1284 Cartesian=0.1363183149498352 0.2585969377329374 0.05757273355338881 (1341 plane wave)
 1 1.086805504018711 0.001562499999778106
 2 2.215572844055888 0.001562482283070191
 3 3.409671568939758 0.0005703136306290645
 4 4.532903302864136 1.189056747193335e-08
 5 9.335931851075914 0.000000000000000
 6 9.997708299726435 0.000000000000000
 7 11.01988848595627 0.000000000000000
 8 11.88718762472208 0.000000000000000
 9 13.40520665203942 0.000000000000000
 10 15.47265713240009 0.000000000000000
 11 16.70044339669732 0.000000000000000
 12 17.75322518554941 0.000000000000000

 spin=1 k-point=779/1284 Cartesian=0.1557923599426688 0.2698402828517608 0.05757273355338881 (1344 plane wave)
 1 1.591509659191671 0.001562499965476066
 2 1.598407696349064 0.001562499963010530
 3 3.855455830141861 1.033809676645013e-05
 4 3.905850077858011 6.262101028811073e-06
 5 10.26747537014890 0.000000000000000
 6 10.35881650004769 0.000000000000000
 7 10.70185687470898 0.000000000000000
 8 12.24896831887743 0.000000000000000
 9 12.90910135683035 0.000000000000000
 10 14.27149421840034 0.000000000000000
 11 17.06538472910634 0.000000000000000
 12 17.35639055522417 0.000000000000000

 spin=1 k-point=780/1284 Cartesian=0.1363183149498352 0.2585969377329374 -0.05757273355338832 (1341 plane wave)
 1 1.086805499844894 0.001562499999778106
 2 2.215572863654947 0.001562482283066719
 3 3.409671534357259 0.0005703137558691876
 4 4.532903324519363 1.189056489702320e-08
 5 9.335931902570636 0.000000000000000
 6 9.997708177740217 0.000000000000000
 7 11.01988858119108 0.000000000000000
 8 11.88718759480076 0.000000000000000
 9 13.40520666039592 0.000000000000000
 10 15.47265716366575 0.000000000000000
 11 16.70044330028429 0.000000000000000
 12 17.75322525091740 0.000000000000000

 spin=1 k-point=781/1284 Cartesian=0.1168442699570017 0.2473535926141141 -0.05757273355338832 (1339 plane wave)
 1 0.7189003249576551 0.001562499999994434
 2 2.679419591357382 0.001560670443225615
 3 3.390467077862867 0.0006414891427925930
 4 5.330672589273727 4.078843548740191e-12
 5 7.929995654940231 0.000000000000000
 6 9.462646388321097 0.000000000000000
 7 10.33150871672403 0.000000000000000
 8 12.02244445050052 0.000000000000000
 9 15.16739189359562 0.000000000000000
 10 16.15746539372960 0.000000000000000
 11 16.78690337655338 0.000000000000000
 12 17.81138746251877 0.000000000000000

 spin=1 k-point=782/1284 Cartesian=-0.09737022496416733 0.1236767963070574 0.05757273355338881 (1346 plane wave)
 1 0.4969946803799190 0.001562499999999427
 2 2.618691216000773 0.001561502673474884
 3 4.186470913671507 3.798721084184992e-07
 4 6.133998522917233 1.323536712821354e-15
 5 6.710048937667574 0.000000000000000
 6 8.588327618910794 0.000000000000000
 7 9.622718456284556 0.000000000000000
 8 12.94427011549453 0.000000000000000
 9 15.14788104903633 0.000000000000000
 10 16.13095117283649 0.000000000000000
 11 17.59029574818488 0.000000000000000
 12 19.46100866145966 0.000000000000000

 spin=1 k-point=783/1284 Cartesian=-0.07789617997133380 0.1349201414258807 0.05757273355338881 (1341 plane wave)
 1 0.4228782711402966 0.001562499999999746
 2 2.564291539852294 0.001561920972960987
 3 5.223699375094578 1.188819514526355e-11
 4 5.282552610966508 6.599628790875636e-12
 5 7.369576077294516 0.000000000000000
 6 7.507607798573971 0.000000000000000
 7 9.481715535581731 0.000000000000000
 8 13.89400646090821 0.000000000000000
 9 14.14588117626963 0.000000000000000
 10 16.05847230685904 0.000000000000000
 11 19.55215135465572 0.000000000000000
 12 19.68841681740773 0.000000000000000

 spin=1 k-point=784/1284 Cartesian=-0.05842213497850025 0.1461634865447040 0.05757273355338881 (1346 plane wave)
 1 0.4969946811448543 0.001562499999999427
 2 2.618691205262023 0.001561502673581916
 3 4.186470944514917 3.798719912814643e-07
 4 6.133998481888320 1.323537255854317e-15
 5 6.710048926293546 0.000000000000000
 6 8.588327710959346 0.000000000000000
 7 9.622718390353031 0.000000000000000
 8 12.94427011489106 0.000000000000000
 9 15.14788107434177 0.000000000000000
 10 16.13095116842741 0.000000000000000
 11 17.59029570311458 0.000000000000000
 12 19.46100876062524 0.000000000000000

 spin=1 k-point=785/1284 Cartesian=-0.03894808998566670 0.1574068316635274 0.05757273355338881 (1339 plane wave)
 1 0.7189003267341239 0.001562499999994434
 2 2.679419555143117 0.001560670443887400
 3 3.390467131557797 0.0006414889397592350
 4 5.330672563355417 4.078844605907901e-12
 5 7.929995627380162 0.000000000000000
 6 9.462646531087774 0.000000000000000
 7 10.33150858508607 0.000000000000000
 8 12.02244447266979 0.000000000000000
 9 15.16739189485403 0.000000000000000
 10 16.15746544266273 0.000000000000000
 11 16.78690327420957 0.000000000000000
 12 17.81138755485627 0.000000000000000

 spin=1 k-point=786/1284 Cartesian=-0.01947404499283316 0.1686501767823507 0.05757273355338881 (1341 plane wave)
 1 1.086805503327707 0.001562499999778106
 2 2.215572843868050 0.001562482283070224
 3 3.409671570831772 0.0005703136237771571
 4 4.532903301866734 1.189056759052910e-08
 5 9.335931851303885 0.000000000000000
 6 9.997708297768598 0.000000000000000
 7 11.01988848764156 0.000000000000000
 8 11.88718762835846 0.000000000000000
 9 13.40520665133974 0.000000000000000
 10 15.47265713214596 0.000000000000000
 11 16.70044339186637 0.000000000000000
 12 17.75322518767827 0.000000000000000

 spin=1 k-point=787/1284 Cartesian=0.000000000000000 0.1574068316635272 -0.05757273355338832 (1350 plane wave)
 1 0.4942982371731947 0.001562499999999444
 2 2.455787069328835 0.001562304306511863
 3 3.171534075627272 0.001346065086579527
 4 5.120023969716075 3.352529394534696e-11
 5 9.265693254474078 0.000000000000000
 6 10.77768192581945 0.000000000000000
 7 11.40114050940383 0.000000000000000
 8 12.40643036909286 0.000000000000000
 9 12.98488986797012 0.000000000000000
 10 14.31817557669916 0.000000000000000
 11 16.20871890341635 0.000000000000000
 12 18.39387501320233 0.000000000000000

 spin=1 k-point=788/1284 Cartesian=-0.01947404499283316 0.1461634865447041 -0.05757273355338832 (1344 plane wave)
 1 0.04779550644159962 0.001562500000000030
 2 2.176828052800193 0.001562487973935902
 3 3.746871984132611 3.022825883893213e-05
 4 5.849937158282186 2.266726523793795e-14
 5 8.776236575564383 0.000000000000000
 6 9.749984200716581 0.000000000000000
 7 11.76230602470843 0.000000000000000
 8 12.50557700576812 0.000000000000000
 9 13.53726796735621 0.000000000000000
 10 15.34759136425536 0.000000000000000
 11 16.11082419809985 0.000000000000000
 12 18.43712042398430 0.000000000000000

 spin=1 k-point=789/1284 Cartesian=-0.03894808998566670 0.1349201414258807 -0.05757273355338832 (1342 plane wave)
 1 -0.2505803018293910 0.001562500000000036
 2 1.908583805463153 0.001562499177461262
 3 4.604648411176158 5.802553468500210e-09
 4 6.698738009953186 0.000000000000000
 5 8.015254695951464 0.000000000000000
 6 8.812507497190024 0.000000000000000
 7 10.46490833315348 0.000000000000000
 8 13.33020480074851 0.000000000000000
 9 14.91909258684409 0.000000000000000
 10 15.92080591602169 0.000000000000000
 11 16.92710855214752 0.000000000000000
 12 18.03942747072296 0.000000000000000

 spin=1 k-point=790/1284 Cartesian=0.05842213497850103 -0.1236767963070560 0.05757273355338881 (1344 plane wave)
 1 -0.3999408897039071 0.001562500000000037
 2 1.767847725834981 0.001562499798652011
 3 5.621821834039363 2.218664501266671e-13
 4 6.752110437787726 0.000000000000000
 5 7.674728223554993 0.000000000000000
 6 8.521420199644529 0.000000000000000
 7 9.320648412739036 0.000000000000000
 8 14.19506010315506 0.000000000000000
 9 15.06637756291743 0.000000000000000
 10 15.88518635496495 0.000000000000000
 11 17.85477870740816 0.000000000000000
 12 19.78542046615890 0.000000000000000

 spin=1 k-point=791/1284 Cartesian=0.07789617997133459 -0.1124334511882327 0.05757273355338881 (1344 plane wave)
 1 -0.3999408894772119 0.001562500000000037
 2 1.767847724520053 0.001562499798652014
 3 5.621821861797638 2.218663885403599e-13
 4 6.752110401718588 0.000000000000000
 5 7.674728127897115 0.000000000000000
 6 8.521420408057686 0.000000000000000
 7 9.320648306904586 0.000000000000000
 8 14.19506007458017 0.000000000000000
 9 15.06637762922181 0.000000000000000
 10 15.88518632863508 0.000000000000000
 11 17.85477867677158 0.000000000000000
 12 19.78542046123219 0.000000000000000

 spin=1 k-point=792/1284 Cartesian=0.09737022496416814 -0.1011901060694093 0.05757273355338881 (1342 plane wave)
 1 -0.2505803011031253 0.001562500000000036
 2 1.908583800696554 0.001562499177461301
 3 4.604648436395062 5.802552005165042e-09
 4 6.698737964950834 0.000000000000000
 5 8.015254611949924 0.000000000000000
 6 8.812507673364976 0.000000000000000
 7 10.46490825429806 0.000000000000000
 8 13.33020479859671 0.000000000000000
 9 14.91909261879813 0.000000000000000
 10 15.92080590910760 0.000000000000000
 11 16.92710850351324 0.000000000000000
 12 18.03942752774381 0.000000000000000

 spin=1 k-point=793/1284 Cartesian=0.1168442699570017 -0.08994676095058601 0.05757273355338881 (1344 plane wave)
 1 0.04779550781323874 0.001562500000000030
 2 2.176828040446994 0.001562487973937388
 3 3.746872013924445 3.022825000760053e-05
 4 5.849937126881522 2.266727235561266e-14
 5 8.776236546238346 0.000000000000000
 6 9.749984287453453 0.000000000000000
 7 11.76230593214247 0.000000000000000
 8 12.50557707844156 0.000000000000000
 9 13.53726793112750 0.000000000000000
 10 15.34759125748377 0.000000000000000
 11 16.11082435964996 0.000000000000000
 12 18.43712038476711 0.000000000000000

 spin=1 k-point=794/1284 Cartesian=0.1363183149498352 -0.07870341583176267 0.05757273355338881 (1350 plane wave)
 1 0.4942982395218001 0.001562499999999444
 2 2.455787035056195 0.001562304306578924
 3 3.171534126034115 0.001346064992593554
 4 5.120023944423457 3.352530242477468e-11
 5 9.265693249142466 0.000000000000000
 6 10.77768192828210 0.000000000000000
 7 11.40114061032230 0.000000000000000
 8 12.40643025532890 0.000000000000000
 9 12.98488987042777 0.000000000000000
 10 14.31817554837908 0.000000000000000
 11 16.20871899738096 0.000000000000000
 12 18.39387495783202 0.000000000000000

 spin=1 k-point=795/1284 Cartesian=0.1557923599426688 0.2473535926141141 -0.05757273355338832 (1341 plane wave)
 1 1.086805504024789 0.001562499999778106
 2 2.215572844093658 0.001562482283070184
 3 3.409671568842330 0.0005703136309818990
 4 4.532903302829674 1.189056747603097e-08
 5 9.335931854306589 0.000000000000000
 6 9.997708293349310 0.000000000000000
 7 11.01988848954121 0.000000000000000
 8 11.88718762533450 0.000000000000000
 9 13.40520665156779 0.000000000000000
 10 15.47265713190854 0.000000000000000
 11 16.70044339533066 0.000000000000000
 12 17.75322518733990 0.000000000000000

 spin=1 k-point=796/1284 Cartesian=0.1363183149498352 0.2361102474952907 -0.05757273355338832 (1340 plane wave)
 1 1.813378236290174 0.001562499682543784
 2 1.825123634840483 0.001562499642979248
 3 4.064042781573505 1.291465021445568e-06
 4 4.129473633524706 6.715717293120857e-07
 5 7.872630877018060 0.000000000000000
 6 9.823566032340217 0.000000000000000
 7 10.76654380884912 0.000000000000000
 8 10.98921228200303 0.000000000000000
 9 15.17551884207199 0.000000000000000
 10 16.36589527581444 0.000000000000000
 11 16.99211691746565 0.000000000000000
 12 17.65393639841052 0.000000000000000

 spin=1 k-point=797/1284 Cartesian=0.1168442699570017 0.2248669023764674 -0.05757273355338832 (1344 plane wave)
 1 1.534999386482385 0.001562499980380006
 2 2.663371054177298 0.001560941440568697
 3 3.836147572077951 1.252228966972440e-05
 4 4.941811398710351 1.992232863498275e-10
 5 6.459141498164071 0.000000000000000
 6 8.523236303317782 0.000000000000000
 7 10.52288533871580 0.000000000000000
 8 11.65983132839797 0.000000000000000
 9 15.10359452289791 0.000000000000000
 10 16.77862802538044 0.000000000000000
 11 17.55338621957718 0.000000000000000
 12 18.47920748137381 0.000000000000000

 spin=1 k-point=798/1284 Cartesian=0.09737022496416814 0.2136235572576441 -0.05757273355338832 (1351 plane wave)
 1 1.390422218089798 0.001562499995378261
 2 3.330050356387133 0.0008755103694038710
 3 4.021274289968984 1.979850312435231e-06
 4 5.019565710824107 9.154979161755111e-11
 5 6.115632188213644 1.590376647694864e-15
 6 7.236209941537060 0.000000000000000
 7 10.36042974172661 0.000000000000000
 8 12.66935690655682 0.000000000000000
 9 13.83551969644516 0.000000000000000
 10 16.93381740357994 0.000000000000000
 11 19.01663676469596 0.000000000000000
 12 19.81773602818269 0.000000000000000

 spin=1 k-point=799/1284 Cartesian=0.07789617997133459 0.2023802121388208 -0.05757273355338832 (1351 plane wave)
 1 1.390422218908406 0.001562499995378261
 2 3.330050329833186 0.0008755104716202815
 3 4.021274345077292 1.979849222755747e-06
 4 5.019565673645290 9.154982565469358e-11
 5 6.115632184834995 1.590376701428118e-15
 6 7.236209956579931 0.000000000000000
 7 10.36042973596730 0.000000000000000
 8 12.66935690630648 0.000000000000000
 9 13.83551970073979 0.000000000000000
 10 16.93381740276866 0.000000000000000
 11 19.01663675027986 0.000000000000000
 12 19.81773604427053 0.000000000000000

 spin=1 k-point=800/1284 Cartesian=0.05842213497850103 0.1911368670199974 -0.05757273355338832 (1344 plane wave)
 1 1.534999389354536 0.001562499980380005
 2 2.663371035555768 0.001560941440858635
 3 3.836147611504751 1.252228477215357e-05
 4 4.941811370565683 1.992233424205738e-10
 5 6.459141494087690 0.000000000000000
 6 8.523236324310183 0.000000000000000
 7 10.52288531635678 0.000000000000000
 8 11.65983133782511 0.000000000000000
 9 15.10359452884982 0.000000000000000
 10 16.77862804608023 0.000000000000000
 11 17.55338615218055 0.000000000000000
 12 18.47920753779911 0.000000000000000

 spin=1 k-point=801/1284 Cartesian=0.03894808998566748 0.1798935219011741 -0.05757273355338832 (1340 plane wave)
 1 1.813378236685439 0.001562499682543783
 2 1.825123633408096 0.001562499642979253
 3 4.064042783811120 1.291464992571441e-06
 4 4.129473633235662 6.715717312523897e-07
 5 7.872630874605420 0.000000000000000
 6 9.823566033617617 0.000000000000000
 7 10.76654381231093 0.000000000000000
 8 10.98921228021551 0.000000000000000
 9 15.17551884225893 0.000000000000000
 10 16.36589527852990 0.000000000000000
 11 16.99211691541014 0.000000000000000
 12 17.65393639585221 0.000000000000000

 spin=1 k-point=802/1284 Cartesian=0.01947404499283394 0.1686501767823507 -0.05757273355338832 (1341 plane wave)
 1 1.086805499952855 0.001562499999778106
 2 2.215572861928169 0.001562482283067025
 3 3.409671534883763 0.0005703137539624617
 4 4.532903326509929 1.189056466033538e-08
 5 9.335931899882306 0.000000000000000
 6 9.997708177284348 0.000000000000000
 7 11.01988858947652 0.000000000000000
 8 11.88718758930377 0.000000000000000
 9 13.40520666029355 0.000000000000000
 10 15.47265716189428 0.000000000000000
 11 16.70044330630116 0.000000000000000
 12 17.75322525010125 0.000000000000000

 spin=1 k-point=803/1284 Cartesian=0.000000000000000 0.1349201414258805 -0.05757273355338832 (1343 plane wave)
 1 -0.4755569379593878 0.001562500000000037
 2 1.685983116492059 0.001562499911199858
 3 4.383772785688576 5.282712413795959e-08
 4 6.498267194339188 0.000000000000000
 5 8.368330061105253 0.000000000000000
 6 11.00513535937061 0.000000000000000
 7 12.14011555453540 0.000000000000000
 8 13.13912406016595 0.000000000000000
 9 13.21223056315748 0.000000000000000
 10 14.36827862812732 0.000000000000000
 11 15.57795109455292 0.000000000000000
 12 19.67055898632205 0.000000000000000

 spin=1 k-point=804/1284 Cartesian=-0.01947404499283316 0.1236767963070574 -0.05757273355338832 (1339 plane wave)
 1 -0.8499442500221175 0.001562500000000037
 2 1.323237565596537 0.001562499997639398
 3 5.183422173752319 1.778433496146389e-11
 4 7.220788595919043 0.000000000000000
 5 8.076536874152453 0.000000000000000
 6 10.01265568299660 0.000000000000000
 7 12.13451856049208 0.000000000000000
 8 13.56708742339461 0.000000000000000
 9 13.80831278273163 0.000000000000000
 10 15.00932512096483 0.000000000000000
 11 16.23819768286865 0.000000000000000
 12 18.82482521855967 0.000000000000000

 spin=1 k-point=805/1284 Cartesian=0.03894808998566748 -0.1124334511882327 0.05757273355338881 (1338 plane wave)
 1 -1.074766650463630 0.001562500000000037
 2 1.103272416441363 0.001562499999738379
 3 6.119459316847112 1.530660861566973e-15
 4 7.565023739817352 0.000000000000000
 5 8.190457867905248 0.000000000000000
 6 8.955435197461011 0.000000000000000
 7 10.81887466066174 0.000000000000000
 8 14.07750296514450 0.000000000000000
 9 15.02668946746260 0.000000000000000
 10 16.20165660690237 0.000000000000000
 11 17.28512210367339 0.000000000000000
 12 18.35988938816668 0.000000000000000

 spin=1 k-point=806/1284 Cartesian=0.05842213497850103 -0.1011901060694093 0.05757273355338881 (1343 plane wave)
 1 -1.149736235809377 0.001562500000000037
 2 1.029680356423190 0.001562499999874686
 3 7.014295214826916 0.000000000000000
 4 7.252676945493484 0.000000000000000
 5 7.797161071348008 0.000000000000000
 6 9.494545498687661 0.000000000000000
 7 9.746085824131651 0.000000000000000
 8 14.09877840308353 0.000000000000000
 9 16.15339519721331 0.000000000000000
 10 16.18006369452868 0.000000000000000
 11 18.12866727413679 0.000000000000000
 12 18.39791753679660 0.000000000000000

 spin=1 k-point=807/1284 Cartesian=0.07789617997133459 -0.08994676095058600 0.05757273355338881 (1338 plane wave)
 1 -1.074766650202138 0.001562500000000037
 2 1.103272415292087 0.001562499999738379
 3 6.119459357701602 1.530660236223272e-15
 4 7.565023623430471 0.000000000000000
 5 8.190457839090055 0.000000000000000
 6 8.955435354718638 0.000000000000000
 7 10.81887460232051 0.000000000000000
 8 14.07750293364881 0.000000000000000
 9 15.02668955158506 0.000000000000000
 10 16.20165655350447 0.000000000000000
 11 17.28512207983724 0.000000000000000
 12 18.35988942512083 0.000000000000000

 spin=1 k-point=808/1284 Cartesian=0.09737022496416814 -0.07870341583176266 0.05757273355338881 (1339 plane wave)
 1 -0.8499442494655636 0.001562500000000037
 2 1.323237562883295 0.001562499997639398
 3 5.183422202368365 1.778432987229005e-11
 4 7.220788500777723 0.000000000000000
 5 8.076536925165358 0.000000000000000
 6 10.01265573620723 0.000000000000000
 7 12.13451850899336 0.000000000000000
 8 13.56708754053384 0.000000000000000
 9 13.80831269498532 0.000000000000000
 10 15.00932500617971 0.000000000000000
 11 16.23819781772703 0.000000000000000
 12 18.82482519700260 0.000000000000000

 spin=1 k-point=809/1284 Cartesian=0.1168442699570017 -0.06746007071293933 0.05757273355338881 (1343 plane wave)
 1 -0.4755569370306982 0.001562500000000037
 2 1.685983110967636 0.001562499911199863
 3 4.383772811236257 5.282711064230863e-08
 4 6.498267147220847 0.000000000000000
 5 8.368330081420366 0.000000000000000
 6 11.00513536184885 0.000000000000000
 7 12.14011570185329 0.000000000000000
 8 13.13912387695752 0.000000000000000
 9 13.21223056556816 0.000000000000000
 10 14.36827852909248 0.000000000000000
 11 15.57795126599512 0.000000000000000
 12 19.67055892696542 0.000000000000000

 spin=1 k-point=810/1284 Cartesian=0.1363183149498352 -0.05621672559411599 0.05757273355338881 (1344 plane wave)
 1 0.04779550781851957 0.001562500000000030
 2 2.176828040431671 0.001562487973937389
 3 3.746872013912856 3.022825001103587e-05
 4 5.849937126757105 2.266727238381455e-14
 5 8.776236546241485 0.000000000000000
 6 9.749984285921208 0.000000000000000
 7 11.76230593908790 0.000000000000000
 8 12.50557707350288 0.000000000000000
 9 13.53726793213942 0.000000000000000
 10 15.34759125618152 0.000000000000000
 11 16.11082435863001 0.000000000000000
 12 18.43712038701687 0.000000000000000

 spin=1 k-point=811/1284 Cartesian=0.1557923599426688 0.2248669023764674 -0.05757273355338832 (1339 plane wave)
 1 0.7189003272992517 0.001562499999994434
 2 2.679419555328834 0.001560670443884006
 3 3.390467129572439 0.0006414889472663468
 4 5.330672564494603 4.078844559442283e-12
 5 7.929995630058073 0.000000000000000
 6 9.462646523039858 0.000000000000000
 7 10.33150859378850 0.000000000000000
 8 12.02244446617642 0.000000000000000
 9 15.16739189574204 0.000000000000000
 10 16.15746544227870 0.000000000000000
 11 16.78690327388292 0.000000000000000
 12 17.81138756491265 0.000000000000000

 spin=1 k-point=812/1284 Cartesian=0.1363183149498352 0.2136235572576441 -0.05757273355338832 (1344 plane wave)
 1 1.534999390093369 0.001562499980380005
 2 2.663371035964797 0.001560941440852266
 3 3.836147608559586 1.252228513799986e-05
 4 4.941811370577484 1.992233423970651e-10
 5 6.459141497445073 0.000000000000000
 6 8.523236322482390 0.000000000000000
 7 10.52288531878073 0.000000000000000
 8 11.65983133379191 0.000000000000000
 9 15.10359452727051 0.000000000000000
 10 16.77862805204943 0.000000000000000
 11 17.55338614909763 0.000000000000000
 12 18.47920754151726 0.000000000000000

 spin=1 k-point=813/1284 Cartesian=0.1168442699570017 0.2023802121388207 -0.05757273355338832 (1351 plane wave)
 1 2.472218554424789 0.001562269363673934
 2 2.504516913934769 0.001562181453160960
 3 4.425860373325678 3.467990486239087e-08
 4 4.797913645332780 8.400015304996585e-10
 5 5.317391286856113 4.658188136606310e-12
 6 7.165518934589875 0.000000000000000
 7 11.41653897587524 0.000000000000000
 8 11.46204252576367 0.000000000000000
 9 13.76746902256788 0.000000000000000
 10 17.90679047160916 0.000000000000000
 11 18.04308844102582 0.000000000000000
 12 19.61242249134523 0.000000000000000

 spin=1 k-point=814/1284 Cartesian=0.09737022496416814 0.1911368670199974 -0.05757273355338832 (1355 plane wave)
 1 2.422100828718552 0.001562360268471229
 2 3.467965034696426 0.0003795847516588787
 3 3.642297217373642 8.305009927632692e-05
 4 4.839082420295377 5.565271990940943e-10
 5 5.907981457887793 1.268574199803728e-14
 6 5.970692181332119 6.775893889037780e-15
 7 11.36507892214988 0.000000000000000
 8 12.49044733509961 0.000000000000000
 9 12.57480196214928 0.000000000000000
 10 17.95758804071211 0.000000000000000
 11 19.03406101082370 0.000000000000000
 12 19.17977729086957 0.000000000000000

 spin=1 k-point=815/1284 Cartesian=0.07789617997133459 0.1798935219011741 -0.05757273355338832 (1351 plane wave)
 1 2.472218554609884 0.001562269363673508
 2 2.504516912502835 0.001562181453165520
 3 4.425860379359285 3.467990276998801e-08
 4 4.797913645100573 8.400015324501892e-10
 5 5.317391281269589 4.658188396837179e-12
 6 7.165518935402145 0.000000000000000
 7 11.41653897820607 0.000000000000000
 8 11.46204252458480 0.000000000000000
 9 13.76746902260034 0.000000000000000
 10 17.90679047191843 0.000000000000000
 11 18.04308844039487 0.000000000000000
 12 19.61242248661345 0.000000000000000

 spin=1 k-point=816/1284 Cartesian=0.05842213497850103 0.1686501767823507 -0.05757273355338832 (1344 plane wave)
 1 1.534999386514873 0.001562499980380006
 2 2.663371052489172 0.001560941440594981
 3 3.836147572984816 1.252228955707417e-05
 4 4.941811401732891 1.992232803282230e-10
 5 6.459141495128203 0.000000000000000
 6 8.523236303235198 0.000000000000000
 7 10.52288534274065 0.000000000000000
 8 11.65983132577874 0.000000000000000
 9 15.10359452308156 0.000000000000000
 10 16.77862803232665 0.000000000000000
 11 17.55338621212527 0.000000000000000
 12 18.47920747957106 0.000000000000000

 spin=1 k-point=817/1284 Cartesian=0.03894808998566748 0.1574068316635274 -0.05757273355338832 (1339 plane wave)
 1 0.7189003250626615 0.001562499999994434
 2 2.679419588603294 0.001560670443275943
 3 3.390467079547991 0.0006414891364207375
 4 5.330672592006559 4.078843437272255e-12
 5 7.929995652440741 0.000000000000000
 6 9.462646384413485 0.000000000000000
 7 10.33150872567968 0.000000000000000
 8 12.02244444607251 0.000000000000000
 9 15.16739189580793 0.000000000000000
 10 16.15746539463853 0.000000000000000
 11 16.78690337357990 0.000000000000000
 12 17.81138746756687 0.000000000000000

 spin=1 k-point=818/1284 Cartesian=0.01947404499283394 0.1461634865447040 -0.05757273355338832 (1344 plane wave)
 1 0.04779550637260438 0.001562500000000030
 2 2.176828052903924 0.001562487973935890
 3 3.746871984085312 3.022825885295288e-05
 4 5.849937158724519 2.266726513767305e-14
 5 8.776236571648766 0.000000000000000
 6 9.749984201323807 0.000000000000000
 7 11.76230603610015 0.000000000000000
 8 12.50557699994125 0.000000000000000
 9 13.53726796735742 0.000000000000000
 10 15.34759135810439 0.000000000000000
 11 16.11082420289936 0.000000000000000
 12 18.43712042525177 0.000000000000000

 spin=1 k-point=819/1284 Cartesian=0.000000000000000 0.1124334511882338 -0.05757273355338832 (1342 plane wave)
 1 -1.300045680445463 0.001562500000000037
 2 0.8797975332159557 0.001562499999972034
 3 5.898362943636603 1.396653137619776e-14
 4 7.381259675664626 0.000000000000000
 5 8.280715653358396 0.000000000000000
 6 11.38414133250730 0.000000000000000
 7 12.53843848987520 0.000000000000000
 8 13.59103642371685 0.000000000000000
 9 13.94800044974240 0.000000000000000
 10 14.42768493078787 0.000000000000000
 11 15.77910467600994 0.000000000000000
 12 20.22880416215420 0.000000000000000

 spin=1 k-point=820/1284 Cartesian=0.01947404499283394 -0.1011901060694093 0.05757273355338881 (1338 plane wave)
 1 -1.600343801138103 0.001562500000000037
 2 0.5828601765193709 0.001562499999998599
 3 6.648933615620939 0.000000000000000
 4 7.311108618099561 0.000000000000000
 5 9.049697671368030 0.000000000000000
 6 10.46393664717681 0.000000000000000
 7 12.57682723197315 0.000000000000000
 8 13.56910812264118 0.000000000000000
 9 14.37247470448750 0.000000000000000
 10 15.69494532949231 0.000000000000000
 11 16.76046663002660 0.000000000000000
 12 19.25724205987990 0.000000000000000

 spin=1 k-point=821/1284 Cartesian=0.03894808998566748 -0.08994676095058601 0.05757273355338881 (1333 plane wave)
 1 -1.750554932044927 0.001562500000000037
 2 0.4340916451073590 0.001562499999999712
 3 6.874673850919784 0.000000000000000
 4 7.968482367043626 0.000000000000000
 5 9.048496383628231 0.000000000000000
 6 10.20760097355893 0.000000000000000
 7 11.33144734634181 0.000000000000000
 8 13.59625619996660 0.000000000000000
 9 16.25516735458245 0.000000000000000
 10 16.96657315392343 0.000000000000000
 11 17.79077415146106 0.000000000000000
 12 18.48114368122983 0.000000000000000

 spin=1 k-point=822/1284 Cartesian=0.05842213497850103 -0.07870341583176267 0.05757273355338881 (1333 plane wave)
 1 -1.750554931968101 0.001562500000000037
 2 0.4340916448386226 0.001562499999999712
 3 6.874673873558571 0.000000000000000
 4 7.968482319520079 0.000000000000000
 5 9.048496378965707 0.000000000000000
 6 10.20760104982377 0.000000000000000
 7 11.33144729511015 0.000000000000000
 8 13.59625619649909 0.000000000000000
 9 16.25516745581956 0.000000000000000
 10 16.96657303377847 0.000000000000000
 11 17.79077413086642 0.000000000000000
 12 18.48114367652001 0.000000000000000

 spin=1 k-point=823/1284 Cartesian=0.07789617997133459 -0.06746007071293933 0.05757273355338881 (1338 plane wave)
 1 -1.600343800902381 0.001562500000000037
 2 0.5828601756599666 0.001562499999998599
 3 6.648933696999164 0.000000000000000
 4 7.311108497980463 0.000000000000000
 5 9.049697693465847 0.000000000000000
 6 10.46393669607668 0.000000000000000
 7 12.57682718716179 0.000000000000000
 8 13.56910811835844 0.000000000000000
 9 14.37247477431062 0.000000000000000
 10 15.69494515573113 0.000000000000000
 11 16.76046677798355 0.000000000000000
 12 19.25724203840124 0.000000000000000

 spin=1 k-point=824/1284 Cartesian=0.09737022496416814 -0.05621672559411599 0.05757273355338881 (1342 plane wave)
 1 -1.300045680032670 0.001562500000000037
 2 0.8797975315843171 0.001562499999972034
 3 5.898362985798806 1.396652548760031e-14
 4 7.381259553897873 0.000000000000000
 5 8.280715730425207 0.000000000000000
 6 11.38414133500180 0.000000000000000
 7 12.53843858361727 0.000000000000000
 8 13.59103642604821 0.000000000000000
 9 13.94800043963506 0.000000000000000
 10 14.42768467234332 0.000000000000000
 11 15.77910487827467 0.000000000000000
 12 20.22880416642590 0.000000000000000

 spin=1 k-point=825/1284 Cartesian=0.1168442699570017 -0.04497338047529265 0.05757273355338881 (1339 plane wave)
 1 -0.8499442494609534 0.001562500000000037
 2 1.323237562860739 0.001562499997639398
 3 5.183422202414636 1.778432986406108e-11
 4 7.220788500407319 0.000000000000000
 5 8.076536924636315 0.000000000000000
 6 10.01265573596873 0.000000000000000
 7 12.13451851314609 0.000000000000000
 8 13.56708753951028 0.000000000000000
 9 13.80831269619202 0.000000000000000
 10 15.00932500240007 0.000000000000000
 11 16.23819781753301 0.000000000000000
 12 18.82482519870065 0.000000000000000

 spin=1 k-point=826/1284 Cartesian=0.1363183149498352 -0.03373003535646932 0.05757273355338881 (1342 plane wave)
 1 -0.2505803010889444 0.001562500000000036
 2 1.908583800647758 0.001562499177461301
 3 4.604648436421739 5.802552003617153e-09
 4 6.698737964057250 0.000000000000000
 5 8.015254614524114 0.000000000000000
 6 8.812507667186440 0.000000000000000
 7 10.46490826167839 0.000000000000000
 8 13.33020479644036 0.000000000000000
 9 14.91909262295585 0.000000000000000
 10 15.92080590385610 0.000000000000000
 11 16.92710850041065 0.000000000000000
 12 18.03942753234373 0.000000000000000

 spin=1 k-point=827/1284 Cartesian=0.1557923599426688 0.2023802121388207 -0.05757273355338832 (1346 plane wave)
 1 0.4969946816346910 0.001562499999999427
 2 2.618691204393205 0.001561502673590576
 3 4.186470943435403 3.798719953812383e-07
 4 6.133998479583370 1.323537286361206e-15
 5 6.710048933086741 0.000000000000000
 6 8.588327705536640 0.000000000000000
 7 9.622718394315575 0.000000000000000
 8 12.94427010964154 0.000000000000000
 9 15.14788107095707 0.000000000000000
 10 16.13095117927956 0.000000000000000
 11 17.59029570067420 0.000000000000000
 12 19.46100876641434 0.000000000000000

 spin=1 k-point=828/1284 Cartesian=0.1363183149498352 0.1911368670199974 -0.05757273355338832 (1351 plane wave)
 1 1.390422219545127 0.001562499995378261
 2 3.330050329971533 0.0008755104710877306
 3 4.021274341308209 1.979849297283376e-06
 4 5.019565673847444 9.154982546962257e-11
 5 6.115632189600164 1.590376625643973e-15
 6 7.236209955304429 0.000000000000000
 7 10.36042973675238 0.000000000000000
 8 12.66935690276842 0.000000000000000
 9 13.83551969955118 0.000000000000000
 10 16.93381741121825 0.000000000000000
 11 19.01663674471116 0.000000000000000
 12 19.81773604704389 0.000000000000000

 spin=1 k-point=829/1284 Cartesian=0.1168442699570017 0.1798935219011741 -0.05757273355338832 (1355 plane wave)
 1 2.422100829535831 0.001562360268470087
 2 3.467965038468585 0.0003795847408188005
 3 3.642297210923007 8.305010434883758e-05
 4 4.839082420793335 5.565271963228278e-10
 5 5.907981453302006 1.268574257977863e-14
 6 5.970692187836016 6.775893448340576e-15
 7 11.36507892305488 0.000000000000000
 8 12.49044733570497 0.000000000000000
 9 12.57480195888767 0.000000000000000
 10 17.95758804847976 0.000000000000000
 11 19.03406101391588 0.000000000000000
 12 19.17977728264432 0.000000000000000

 spin=1 k-point=830/1284 Cartesian=0.09737022496416814 0.1686501767823507 -0.05757273355338832 (1355 plane wave)
 1 2.422100828526352 0.001562360268471498
 2 3.467965039627791 0.0003795847374875812
 3 3.642297212286816 8.305010327639537e-05
 4 4.839082418662367 5.565272081822398e-10
 5 5.907981453356808 1.268574257282658e-14
 6 5.970692188241407 6.775893420871671e-15
 7 11.36507892393295 0.000000000000000
 8 12.49044733433566 0.000000000000000
 9 12.57480196002785 0.000000000000000
 10 17.95758804825470 0.000000000000000
 11 19.03406101279001 0.000000000000000
 12 19.17977728282079 0.000000000000000

 spin=1 k-point=831/1284 Cartesian=0.07789617997133459 0.1574068316635274 -0.05757273355338832 (1351 plane wave)
 1 1.390422218121925 0.001562499995378261
 2 3.330050354890481 0.0008755103751650597
 3 4.021274291021473 1.979850291623932e-06
 4 5.019565710535786 9.154979188150920e-11
 5 6.115632188610128 1.590376641389270e-15
 6 7.236209942009894 0.000000000000000
 7 10.36042974381790 0.000000000000000
 8 12.66935690421129 0.000000000000000
 9 13.83551969550615 0.000000000000000
 10 16.93381741079147 0.000000000000000
 11 19.01663675906865 0.000000000000000
 12 19.81773602289423 0.000000000000000

 spin=1 k-point=832/1284 Cartesian=0.05842213497850103 0.1461634865447041 -0.05757273355338832 (1346 plane wave)
 1 0.4969946804680618 0.001562499999999427
 2 2.618691214690407 0.001561502673487944
 3 4.186470913982660 3.798721072368056e-07
 4 6.133998527115778 1.323536657252054e-15
 5 6.710048934587084 0.000000000000000
 6 8.588327616174558 0.000000000000000
 7 9.622718461160959 0.000000000000000
 8 12.94427011232838 0.000000000000000
 9 15.14788104891604 0.000000000000000
 10 16.13095118032865 0.000000000000000
 11 17.59029574210181 0.000000000000000
 12 19.46100866323922 0.000000000000000

 spin=1 k-point=833/1284 Cartesian=0.03894808998566748 0.1349201414258807 -0.05757273355338832 (1342 plane wave)
 1 -0.2505803019608439 0.001562500000000036
 2 1.908583805679069 0.001562499177461260
 3 4.604648411073768 5.802553474441428e-09
 4 6.698738011338341 0.000000000000000
 5 8.015254690792212 0.000000000000000
 6 8.812507494809539 0.000000000000000
 7 10.46490834351929 0.000000000000000
 8 13.33020479837880 0.000000000000000
 9 14.91909259438810 0.000000000000000
 10 15.92080590744193 0.000000000000000
 11 16.92710855168776 0.000000000000000
 12 18.03942746867022 0.000000000000000

 spin=1 k-point=834/1284 Cartesian=0.01947404499283394 0.1236767963070574 -0.05757273355338832 (1339 plane wave)
 1 -0.8499442500816869 0.001562500000000037
 2 1.323237565686813 0.001562499997639398
 3 5.183422173727444 1.778433496588787e-11
 4 7.220788596067565 0.000000000000000
 5 8.076536872407337 0.000000000000000
 6 10.01265568239409 0.000000000000000
 7 12.13451856779121 0.000000000000000
 8 13.56708742389006 0.000000000000000
 9 13.80831278358665 0.000000000000000
 10 15.00932511173426 0.000000000000000
 11 16.23819768653696 0.000000000000000
 12 18.82482521755835 0.000000000000000

 spin=1 k-point=835/1284 Cartesian=0.000000000000000 -0.08994676095058625 0.05757273355338881 (1340 plane wave)
 1 -1.976062928217675 0.001562500000000037
 2 0.2099516505321738 0.001562500000000002
 3 6.669350608165123 0.000000000000000
 4 7.771007423856300 0.000000000000000
 5 9.870747959286136 0.000000000000000
 6 11.91452745184691 0.000000000000000
 7 12.78102429574455 0.000000000000000
 8 13.80409392082356 0.000000000000000
 9 14.12111588069467 0.000000000000000
 10 15.23661687266384 0.000000000000000
 11 16.90742927678788 0.000000000000000
 12 20.74854465238548 0.000000000000000

 spin=1 k-point=836/1284 Cartesian=0.01947404499283394 -0.07870341583176269 0.05757273355338881 (1335 plane wave)
 1 -2.201601344961756 0.001562500000000037
 2 -0.01415383641561111 0.001562500000000033
 3 6.505577389881447 0.000000000000000
 4 8.680311717356179 0.000000000000000
 5 10.67026773448522 0.000000000000000
 6 11.16054468360984 0.000000000000000
 7 12.95368030252672 0.000000000000000
 8 13.39358517364566 0.000000000000000
 9 14.93601854524650 0.000000000000000
 10 16.77741814507309 0.000000000000000
 11 17.83393500630903 0.000000000000000
 12 19.42419091352365 0.000000000000000

 spin=1 k-point=837/1284 Cartesian=0.03894808998566748 -0.06746007071293936 0.05757273355338881 (1336 plane wave)
 1 -2.276797348176439 0.001562500000000037
 2 -0.08890747949831566 0.001562500000000035
 3 6.443143449708081 0.000000000000000
 4 9.707619852386362 0.000000000000000
 5 9.796767260058861 0.000000000000000
 6 11.84416371257736 0.000000000000000
 7 12.08595233449559 0.000000000000000
 8 13.18383057597012 0.000000000000000
 9 16.89707028259966 0.000000000000000
 10 17.25177946397281 0.000000000000000
 11 18.22332405112048 0.000000000000000
 12 18.69131520823444 0.000000000000000

 spin=1 k-point=838/1284 Cartesian=0.05842213497850103 -0.05621672559411602 0.05757273355338881 (1335 plane wave)
 1 -2.201601344866894 0.001562500000000037
 2 -0.01415383670326549 0.001562500000000033
 3 6.505577398293855 0.000000000000000
 4 8.680311691808393 0.000000000000000
 5 10.67026770564953 0.000000000000000
 6 11.16054476313426 0.000000000000000
 7 12.95368024000696 0.000000000000000
 8 13.39358519092502 0.000000000000000
 9 14.93601859386350 0.000000000000000
 10 16.77741802507432 0.000000000000000
 11 17.83393510624500 0.000000000000000
 12 19.42419082633502 0.000000000000000

 spin=1 k-point=839/1284 Cartesian=0.07789617997133459 -0.04497338047529267 0.05757273355338881 (1340 plane wave)
 1 -1.976062928025662 0.001562500000000037
 2 0.2099516499319956 0.001562500000000002
 3 6.669350640304764 0.000000000000000
 4 7.771007367514694 0.000000000000000
 5 9.870747980729289 0.000000000000000
 6 11.91452745436065 0.000000000000000
 7 12.78102433711490 0.000000000000000
 8 13.80409392805279 0.000000000000000
 9 14.12111588293153 0.000000000000000
 10 15.23661673185051 0.000000000000000
 11 16.90742939025069 0.000000000000000
 12 20.74854466120098 0.000000000000000

 spin=1 k-point=840/1284 Cartesian=0.09737022496416814 -0.03373003535646934 0.05757273355338881 (1338 plane wave)
 1 -1.600343800899396 0.001562500000000037
 2 0.5828601756434353 0.001562499999998599
 3 6.648933697279090 0.000000000000000
 4 7.311108497142780 0.000000000000000
 5 9.049697692704500 0.000000000000000
 6 10.46393669641099 0.000000000000000
 7 12.57682718978892 0.000000000000000
 8 13.56910812344554 0.000000000000000
 9 14.37247477076108 0.000000000000000
 10 15.69494515093849 0.000000000000000
 11 16.76046677910617 0.000000000000000
 12 19.25724203974858 0.000000000000000

 spin=1 k-point=841/1284 Cartesian=0.1168442699570017 -0.02248669023764600 0.05757273355338881 (1338 plane wave)
 1 -1.074766650191636 0.001562500000000037
 2 1.103272415247490 0.001562499999738379
 3 6.119459357996298 1.530660231712469e-15
 4 7.565023622209963 0.000000000000000
 5 8.190457836336037 0.000000000000000
 6 8.955435356162083 0.000000000000000
 7 10.81887460684326 0.000000000000000
 8 14.07750293635345 0.000000000000000
 9 15.02668955052724 0.000000000000000
 10 16.20165654956937 0.000000000000000
 11 17.28512207675699 0.000000000000000
 12 18.35988942934674 0.000000000000000

 spin=1 k-point=842/1284 Cartesian=0.1363183149498352 -0.01124334511882266 0.05757273355338881 (1344 plane wave)
 1 -0.3999408894483788 0.001562500000000037
 2 1.767847724437626 0.001562499798652014
 3 5.621821861983733 2.218663881274775e-13
 4 6.752110401201003 0.000000000000000
 5 7.674728126585253 0.000000000000000
 6 8.521420399499407 0.000000000000000
 7 9.320648319620119 0.000000000000000
 8 14.19506007499529 0.000000000000000
 9 15.06637762772409 0.000000000000000
 10 15.88518633024627 0.000000000000000
 11 17.85477867261392 0.000000000000000
 12 19.78542046231804 0.000000000000000

 spin=1 k-point=843/1284 Cartesian=0.1557923599426688 0.000000000000000 0.05757273355338881 (1341 plane wave)
 1 0.4228782715922549 0.001562499999999746
 2 2.564291538484437 0.001561920972968904
 3 5.223699367921478 1.188819599801589e-11
 4 5.282552617497196 6.599628359874428e-12
 5 7.369576074194695 0.000000000000000
 6 7.507607805681157 0.000000000000000
 7 9.481715534404600 0.000000000000000
 8 13.89400645744188 0.000000000000000
 9 14.14588117157298 0.000000000000000
 10 16.05847231848247 0.000000000000000
 11 19.55215136115722 0.000000000000000
 12 19.68841680859638 0.000000000000000

 spin=1 k-point=844/1284 Cartesian=0.1363183149498352 0.1686501767823507 -0.05757273355338832 (1351 plane wave)
 1 1.390422218705312 0.001562499995378261
 2 3.330050353864217 0.0008755103791155474
 3 4.021274290192684 1.979850308011921e-06
 4 5.019565711642628 9.154979086819748e-11
 5 6.115632185811068 1.590376685904871e-15
 6 7.236209946900840 0.000000000000000
 7 10.36042974123464 0.000000000000000
 8 12.66935690556508 0.000000000000000
 9 13.83551969216591 0.000000000000000
 10 16.93381741416483 0.000000000000000
 11 19.01663677401032 0.000000000000000
 12 19.81773600895432 0.000000000000000

 spin=1 k-point=845/1284 Cartesian=0.1168442699570017 0.1574068316635274 -0.05757273355338832 (1351 plane wave)
 1 2.472218549279873 0.001562269363685799
 2 2.504516919342385 0.001562181453143738
 3 4.425860370298546 3.467990591217438e-08
 4 4.797913649466215 8.400014957787388e-10
 5 5.317391282374522 4.658188345367301e-12
 6 7.165518939258501 0.000000000000000
 7 11.41653897595329 0.000000000000000
 8 11.46204252558753 0.000000000000000
 9 13.76746901956330 0.000000000000000
 10 17.90679048828513 0.000000000000000
 11 18.04308843966885 0.000000000000000
 12 19.61242247353753 0.000000000000000

 spin=1 k-point=846/1284 Cartesian=0.09737022496416814 0.1461634865447041 -0.05757273355338832 (1351 plane wave)
 1 1.390422218919675 0.001562499995378261
 2 3.330050333380202 0.0008755104579664441
 3 4.021274338217410 1.979849358399029e-06
 4 5.019565674006409 9.154982532408967e-11
 5 6.115632185624694 1.590376688868924e-15
 6 7.236209960369292 0.000000000000000
 7 10.36042973667954 0.000000000000000
 8 12.66935690436982 0.000000000000000
 9 13.83551969750960 0.000000000000000
 10 16.93381741245644 0.000000000000000
 11 19.01663675689195 0.000000000000000
 12 19.81773602954034 0.000000000000000

 spin=1 k-point=847/1284 Cartesian=0.07789617997133459 0.1349201414258807 -0.05757273355338832 (1341 plane wave)
 1 0.4228782712061197 0.001562499999999746
 2 2.564291539392076 0.001561920972963651
 3 5.223699369282212 1.188819583624924e-11
 4 5.282552615101147 6.599628518004751e-12
 5 7.369576073952781 0.000000000000000
 6 7.507607805349987 0.000000000000000
 7 9.481715536261191 0.000000000000000
 8 13.89400645859083 0.000000000000000
 9 14.14588117310634 0.000000000000000
 10 16.05847231566636 0.000000000000000
 11 19.55215135888379 0.000000000000000
 12 19.68841680649910 0.000000000000000

 spin=1 k-point=848/1284 Cartesian=0.05842213497850103 0.1236767963070574 -0.05757273355338832 (1344 plane wave)
 1 -0.3999408899003916 0.001562500000000037
 2 1.767847726185993 0.001562499798652011
 3 5.621821833890563 2.218664504568038e-13
 4 6.752110437669507 0.000000000000000
 5 7.674728219702654 0.000000000000000
 6 8.521420190543484 0.000000000000000
 7 9.320648429182382 0.000000000000000
 8 14.19506010424684 0.000000000000000
 9 15.06637756764035 0.000000000000000
 10 15.88518635080245 0.000000000000000
 11 17.85477869996273 0.000000000000000
 12 19.78542046164665 0.000000000000000

 spin=1 k-point=849/1284 Cartesian=0.03894808998566748 0.1124334511882340 -0.05757273355338832 (1338 plane wave)
 1 -1.074766650579264 0.001562500000000037
 2 1.103272416630839 0.001562499999738379
 3 6.119459316959990 1.530660859839195e-15
 4 7.565023735091581 0.000000000000000
 5 8.190457870655445 0.000000000000000
 6 8.955435195502730 0.000000000000000
 7 10.81887466783614 0.000000000000000
 8 14.07750296938233 0.000000000000000
 9 15.02668946798329 0.000000000000000
 10 16.20165659845786 0.000000000000000
 11 17.28512210433073 0.000000000000000
 12 18.35988938553759 0.000000000000000

 spin=1 k-point=850/1284 Cartesian=0.01947404499283394 0.1011901060694107 -0.05757273355338832 (1338 plane wave)
 1 -1.600343801191068 0.001562500000000037
 2 0.5828601766067464 0.001562499999998599
 3 6.648933615766566 0.000000000000000
 4 7.311108616371652 0.000000000000000
 5 9.049697672575371 0.000000000000000
 6 10.46393664533937 0.000000000000000
 7 12.57682723819418 0.000000000000000
 8 13.56910812772327 0.000000000000000
 9 14.37247470127264 0.000000000000000
 10 15.69494532010892 0.000000000000000
 11 16.76046663393846 0.000000000000000
 12 19.25724205866665 0.000000000000000

 spin=1 k-point=851/1284 Cartesian=0.000000000000000 -0.06746007071293957 0.05757273355338881 (1331 plane wave)
 1 -2.502470978398424 0.001562500000000037
 2 -0.3134993725898940 0.001562500000000036
 3 6.233640591116870 0.000000000000000
 4 9.554156760684132 0.000000000000000
 5 11.67972378116678 0.000000000000000
 6 12.59589031842613 0.000000000000000
 7 12.65430814623626 0.000000000000000
 8 14.15551282613948 0.000000000000000
 9 14.80203165531833 0.000000000000000
 10 15.96768146063595 0.000000000000000
 11 18.53594430703240 0.000000000000000
 12 19.89216876045634 0.000000000000000

 spin=1 k-point=852/1284 Cartesian=0.01947404499283394 -0.05621672559411600 0.05757273355338881 (1334 plane wave)
 1 -2.652952132998159 0.001562500000000037
 2 -0.4632982261629235 0.001562500000000037
 3 6.094063931906206 1.973193881226650e-15
 4 10.56214691422074 0.000000000000000
 5 11.66389451003346 0.000000000000000
 6 12.48693575062615 0.000000000000000
 7 13.03846487433415 0.000000000000000
 8 14.00544181720835 0.000000000000000
 9 15.62965097435334 0.000000000000000
 10 17.46606895259540 0.000000000000000
 11 18.09414379062508 0.000000000000000
 12 19.37496431006492 0.000000000000000

 spin=1 k-point=853/1284 Cartesian=0.03894808998566748 -0.04497338047529267 0.05757273355338881 (1334 plane wave)
 1 -2.652952132968045 0.001562500000000037
 2 -0.4632982262422629 0.001562500000000037
 3 6.094063932950234 1.973193860625944e-15
 4 10.56214690270162 0.000000000000000
 5 11.66389450836565 0.000000000000000
 6 12.48693580114979 0.000000000000000
 7 13.03846483075825 0.000000000000000
 8 14.00544181513394 0.000000000000000
 9 15.62965100942102 0.000000000000000
 10 17.46606894740088 0.000000000000000
 11 18.09414369420005 0.000000000000000
 12 19.37496437631241 0.000000000000000

 spin=1 k-point=854/1284 Cartesian=0.05842213497850103 -0.03373003535646933 0.05757273355338881 (1331 plane wave)
 1 -2.502470978309097 0.001562500000000037
 2 -0.3134993728272354 0.001562500000000036
 3 6.233640594821417 0.000000000000000
 4 9.554156743446431 0.000000000000000
 5 11.67972379942079 0.000000000000000
 6 12.59589032096724 0.000000000000000
 7 12.65430813400258 0.000000000000000
 8 14.15551286983855 0.000000000000000
 9 14.80203165738194 0.000000000000000
 10 15.96768139034835 0.000000000000000
 11 18.53594435179926 0.000000000000000
 12 19.89216876426520 0.000000000000000

 spin=1 k-point=855/1284 Cartesian=0.07789617997133459 -0.02248669023764599 0.05757273355338881 (1335 plane wave)
 1 -2.201601344865287 0.001562500000000037
 2 -0.01415383671580898 0.001562500000000033
 3 6.505577398088611 0.000000000000000
 4 8.680311691506395 0.000000000000000
 5 10.67026770231721 0.000000000000000
 6 11.16054476564925 0.000000000000000
 7 12.95368024208796 0.000000000000000
 8 13.39358519553208 0.000000000000000
 9 14.93601859115358 0.000000000000000
 10 16.77741802083313 0.000000000000000
 11 17.83393510781666 0.000000000000000
 12 19.42419082435723 0.000000000000000

 spin=1 k-point=856/1284 Cartesian=0.09737022496416814 -0.01124334511882265 0.05757273355338881 (1333 plane wave)
 1 -1.750554931962035 0.001562500000000037
 2 0.4340916448058499 0.001562499999999712
 3 6.874673873542798 0.000000000000000
 4 7.968482318204175 0.000000000000000
 5 9.048496376197377 0.000000000000000
 6 10.20760105282241 0.000000000000000
 7 11.33144729787438 0.000000000000000
 8 13.59625620021939 0.000000000000000
 9 16.25516745384407 0.000000000000000
 10 16.96657303005857 0.000000000000000
 11 17.79077412779450 0.000000000000000
 12 18.48114367986119 0.000000000000000

 spin=1 k-point=857/1284 Cartesian=0.1168442699570017 0.000000000000000 0.05757273355338881 (1343 plane wave)
 1 -1.149736235789836 0.001562500000000037
 2 1.029680356356642 0.001562499999874686
 3 7.014295221409428 0.000000000000000
 4 7.252676938672026 0.000000000000000
 5 7.797161064860496 0.000000000000000
 6 9.494545505417074 0.000000000000000
 7 9.746085826412880 0.000000000000000
 8 14.09877840644821 0.000000000000000
 9 16.15339519072906 0.000000000000000
 10 16.18006369855882 0.000000000000000
 11 18.12866726424447 0.000000000000000
 12 18.39791754045390 0.000000000000000

 spin=1 k-point=858/1284 Cartesian=0.1363183149498352 0.01124334511882402 0.05757273355338881 (1344 plane wave)
 1 -0.3999408896528026 0.001562500000000037
 2 1.767847725709002 0.001562499798652012
 3 5.621821834357309 2.218664494212496e-13
 4 6.752110438805636 0.000000000000000
 5 7.674728207908284 0.000000000000000
 6 8.521420213843639 0.000000000000000
 7 9.320648415621298 0.000000000000000
 8 14.19506010361448 0.000000000000000
 9 15.06637756289973 0.000000000000000
 10 15.88518635675438 0.000000000000000
 11 17.85477870080046 0.000000000000000
 12 19.78542046314125 0.000000000000000

 spin=1 k-point=859/1284 Cartesian=0.1557923599426688 0.02248669023764735 0.05757273355338881 (1346 plane wave)
 1 0.4969946808311281 0.001562499999999427
 2 2.618691213991863 0.001561502673494907
 3 4.186470914258883 3.798721061877681e-07
 4 6.133998523352625 1.323536707058774e-15
 5 6.710048934723080 0.000000000000000
 6 8.588327630858947 0.000000000000000
 7 9.622718449633007 0.000000000000000
 8 12.94427011294586 0.000000000000000
 9 15.14788104114112 0.000000000000000
 10 16.13095119028641 0.000000000000000
 11 17.59029574272378 0.000000000000000
 12 19.46100866139208 0.000000000000000

 spin=1 k-point=860/1284 Cartesian=0.1363183149498352 0.1461634865447040 -0.05757273355338832 (1344 plane wave)
 1 1.534999387158863 0.001562499980380006
 2 2.663371052484749 0.001560941440595050
 3 3.836147571909617 1.252228969063476e-05
 4 4.941811398578735 1.992232866120372e-10
 5 6.459141496468733 0.000000000000000
 6 8.523236311352148 0.000000000000000
 7 10.52288533662040 0.000000000000000
 8 11.65983132595107 0.000000000000000
 9 15.10359451744640 0.000000000000000
 10 16.77862804689110 0.000000000000000
 11 17.55338621257464 0.000000000000000
 12 18.47920747063096 0.000000000000000

 spin=1 k-point=861/1284 Cartesian=0.1168442699570017 0.1349201414258807 -0.05757273355338832 (1344 plane wave)
 1 1.534999389307045 0.001562499980380005
 2 2.663371038143648 0.001560941440818342
 3 3.836147606097709 1.252228544381259e-05
 4 4.941811370044065 1.992233434597594e-10
 5 6.459141495413128 0.000000000000000
 6 8.523236331035147 0.000000000000000
 7 10.52288531551276 0.000000000000000
 8 11.65983133364510 0.000000000000000
 9 15.10359452394720 0.000000000000000
 10 16.77862806601135 0.000000000000000
 11 17.55338614577822 0.000000000000000
 12 18.47920752904983 0.000000000000000

 spin=1 k-point=862/1284 Cartesian=0.09737022496416814 0.1236767963070574 -0.05757273355338832 (1346 plane wave)
 1 0.4969946811839893 0.001562499999999427
 2 2.618691205925927 0.001561502673575299
 3 4.186470941753941 3.798720017670904e-07
 4 6.133998479479684 1.323537287733533e-15
 5 6.710048927926067 0.000000000000000
 6 8.588327720056833 0.000000000000000
 7 9.622718386779088 0.000000000000000
 8 12.94427011152576 0.000000000000000
 9 15.14788107003299 0.000000000000000
 10 16.13095118153656 0.000000000000000
 11 17.59029569805021 0.000000000000000
 12 19.46100875656434 0.000000000000000

 spin=1 k-point=863/1284 Cartesian=0.07789617997133459 0.1124334511882340 -0.05757273355338832 (1344 plane wave)
 1 -0.3999408897408246 0.001562500000000037
 2 1.767847725061744 0.001562499798652013
 3 5.621821860802002 2.218663907493429e-13
 4 6.752110401456821 0.000000000000000
 5 7.674728113455735 0.000000000000000
 6 8.521420424573076 0.000000000000000
 7 9.320648309160518 0.000000000000000
 8 14.19506008162297 0.000000000000000
 9 15.06637762579794 0.000000000000000
 10 15.88518632682769 0.000000000000000
 11 17.85477867013897 0.000000000000000
 12 19.78542045756803 0.000000000000000

 spin=1 k-point=864/1284 Cartesian=0.05842213497850103 0.1011901060694107 -0.05757273355338832 (1343 plane wave)
 1 -1.149736235981016 0.001562500000000037
 2 1.029680356725908 0.001562499999874686
 3 7.014295215727812 0.000000000000000
 4 7.252676939945449 0.000000000000000
 5 7.797161069174287 0.000000000000000
 6 9.494545504936189 0.000000000000000
 7 9.746085827595538 0.000000000000000
 8 14.09877841007717 0.000000000000000
 9 16.15339519352538 0.000000000000000
 10 16.18006369328461 0.000000000000000
 11 18.12866726235509 0.000000000000000
 12 18.39791753816757 0.000000000000000

 spin=1 k-point=865/1284 Cartesian=0.03894808998566748 0.08994676095058736 -0.05757273355338832 (1333 plane wave)
 1 -1.750554932148181 0.001562500000000037
 2 0.4340916452849315 0.001562499999999712
 3 6.874673849359599 0.000000000000000
 4 7.968482364750566 0.000000000000000
 5 9.048496385791879 0.000000000000000
 6 10.20760097244399 0.000000000000000
 7 11.33144735190540 0.000000000000000
 8 13.59625620511510 0.000000000000000
 9 16.25516735438841 0.000000000000000
 10 16.96657314469163 0.000000000000000
 11 17.79077415293590 0.000000000000000
 12 18.48114367680804 0.000000000000000

 spin=1 k-point=866/1284 Cartesian=-0.01947404499283316 -0.07870341583176267 0.05757273355338881 (1335 plane wave)
 1 -2.201601345009410 0.001562500000000037
 2 -0.01415383633170387 0.001562500000000033
 3 6.505577389143923 0.000000000000000
 4 8.680311716717982 0.000000000000000
 5 10.67026773778162 0.000000000000000
 6 11.16054467884092 0.000000000000000
 7 12.95368031065387 0.000000000000000
 8 13.39358517546635 0.000000000000000
 9 14.93601854233183 0.000000000000000
 10 16.77741813876554 0.000000000000000
 11 17.83393500728639 0.000000000000000
 12 19.42419091441061 0.000000000000000

 spin=1 k-point=867/1284 Cartesian=0.000000000000000 -0.04497338047529290 0.05757273355338881 (1333 plane wave)
 1 -2.878737509112746 0.001562500000000037
 2 -0.6881791171791667 0.001562500000000037
 3 5.879849195375667 1.680709938365195e-14
 4 11.47091242385281 0.000000000000000
 5 12.41950110089322 0.000000000000000
 6 13.42705344221302 0.000000000000000
 7 13.64168584084650 0.000000000000000
 8 14.87834355163759 0.000000000000000
 9 15.63254919201058 0.000000000000000
 10 16.71624213057007 0.000000000000000
 11 18.30496860195506 0.000000000000000
 12 19.70769520859889 0.000000000000000

 spin=1 k-point=868/1284 Cartesian=0.01947404499283394 -0.03373003535646933 0.05757273355338881 (1322 plane wave)
 1 -2.954013486380226 0.001562500000000037
 2 -0.7631747194577641 0.001562500000000037
 3 5.807936272430202 3.449901542141240e-14
 4 12.06700475552155 0.000000000000000
 5 12.62629500061890 0.000000000000000
 6 12.88088948828026 0.000000000000000
 7 14.80273758755118 0.000000000000000
 8 14.88737251827587 0.000000000000000
 9 16.25814912027832 0.000000000000000
 10 16.59878888692089 0.000000000000000
 11 18.43525607853152 0.000000000000000
 12 18.64087537760921 0.000000000000000

 spin=1 k-point=869/1284 Cartesian=0.03894808998566748 -0.02248669023764600 0.05757273355338881 (1333 plane wave)
 1 -2.878737509073436 0.001562500000000037
 2 -0.6881791172741190 0.001562500000000037
 3 5.879849196125225 1.680709925767295e-14
 4 11.47091241200082 0.000000000000000
 5 12.41950111864987 0.000000000000000
 6 13.42705344478674 0.000000000000000
 7 13.64168580378391 0.000000000000000
 8 14.87834360938027 0.000000000000000
 9 15.63254919369584 0.000000000000000
 10 16.71624210421097 0.000000000000000
 11 18.30496860501296 0.000000000000000
 12 19.70769505952299 0.000000000000000

 spin=1 k-point=870/1284 Cartesian=0.05842213497850103 -0.01124334511882266 0.05757273355338881 (1334 plane wave)
 1 -2.652952132967163 0.001562500000000037
 2 -0.4632982262497370 0.001562500000000037
 3 6.094063932752843 1.973193864520849e-15
 4 10.56214690214568 0.000000000000000
 5 11.66389450522691 0.000000000000000
 6 12.48693580256314 0.000000000000000
 7 13.03846483562201 0.000000000000000
 8 14.00544181757550 0.000000000000000
 9 15.62965100675901 0.000000000000000
 10 17.46606894644879 0.000000000000000
 11 18.09414369124639 0.000000000000000
 12 19.37496437206924 0.000000000000000

 spin=1 k-point=871/1284 Cartesian=0.07789617997133459 0.000000000000000 0.05757273355338881 (1336 plane wave)
 1 -2.276797348172475 0.001562500000000037
 2 -0.08890747952036948 0.001562500000000035
 3 6.443143449282227 0.000000000000000
 4 9.707619844890786 0.000000000000000
 5 9.796767264940476 0.000000000000000
 6 11.84416371810339 0.000000000000000
 7 12.08595233242149 0.000000000000000
 8 13.18383058117478 0.000000000000000
 9 16.89707027468761 0.000000000000000
 10 17.25177946771336 0.000000000000000
 11 18.22332405071053 0.000000000000000
 12 18.69131520276181 0.000000000000000

 spin=1 k-point=872/1284 Cartesian=0.09737022496416814 0.01124334511882402 0.05757273355338881 (1333 plane wave)
 1 -1.750554932032389 0.001562500000000037
 2 0.4340916450604961 0.001562499999999712
 3 6.874673851220504 0.000000000000000
 4 7.968482362452374 0.000000000000000
 5 9.048496383517570 0.000000000000000
 6 10.20760097866123 0.000000000000000
 7 11.33144734757433 0.000000000000000
 8 13.59625620488616 0.000000000000000
 9 16.25516735265107 0.000000000000000
 10 16.96657315021817 0.000000000000000
 11 17.79077414647280 0.000000000000000
 12 18.48114367976592 0.000000000000000

 spin=1 k-point=873/1284 Cartesian=0.1168442699570017 0.02248669023764735 0.05757273355338881 (1338 plane wave)
 1 -1.074766650429329 0.001562500000000037
 2 1.103272416349686 0.001562499999738379
 3 6.119459318067613 1.530660842885236e-15
 4 7.565023727583939 0.000000000000000
 5 8.190457871885707 0.000000000000000
 6 8.955435205173073 0.000000000000000
 7 10.81887466284470 0.000000000000000
 8 14.07750296963989 0.000000000000000
 9 15.02668946963250 0.000000000000000
 10 16.20165659857880 0.000000000000000
 11 17.28512209861161 0.000000000000000
 12 18.35988938980245 0.000000000000000

 spin=1 k-point=874/1284 Cartesian=0.1363183149498352 0.03373003535647069 0.05757273355338881 (1342 plane wave)
 1 -0.2505803017401727 0.001562500000000036
 2 1.908583805275955 0.001562499177461263
 3 4.604648411488700 5.802553450364862e-09
 4 6.698738004806042 0.000000000000000
 5 8.015254693866414 0.000000000000000
 6 8.812507504879585 0.000000000000000
 7 10.46490833639751 0.000000000000000
 8 13.33020479802347 0.000000000000000
 9 14.91909260046886 0.000000000000000
 10 15.92080590261961 0.000000000000000
 11 16.92710854659068 0.000000000000000
 12 18.03942747340403 0.000000000000000

 spin=1 k-point=875/1284 Cartesian=0.1557923599426688 0.04497338047529402 0.05757273355338881 (1339 plane wave)
 1 0.7189003254519266 0.001562499999994434
 2 2.679419588004427 0.001560670443286887
 3 3.390467079824401 0.0006414891353755654
 4 5.330672588460715 4.078843581901717e-12
 5 7.929995653698622 0.000000000000000
 6 9.462646401306733 0.000000000000000
 7 10.33150871157509 0.000000000000000
 8 12.02244444488737 0.000000000000000
 9 15.16739190498524 0.000000000000000
 10 16.15746538527612 0.000000000000000
 11 16.78690337012296 0.000000000000000
 12 17.81138747097707 0.000000000000000

 spin=1 k-point=876/1284 Cartesian=0.1363183149498352 0.1236767963070574 -0.05757273355338832 (1340 plane wave)
 1 1.813378231167046 0.001562499682543800
 2 1.825123639988655 0.001562499642979230
 3 4.064042775274110 1.291465102732838e-06
 4 4.129473637990745 6.715716993323184e-07
 5 7.872630875322550 0.000000000000000
 6 9.823566050683521 0.000000000000000
 7 10.76654380856076 0.000000000000000
 8 10.98921226792383 0.000000000000000
 9 15.17551885213647 0.000000000000000
 10 16.36589526870027 0.000000000000000
 11 16.99211691412601 0.000000000000000
 12 17.65393639163157 0.000000000000000

 spin=1 k-point=877/1284 Cartesian=0.1168442699570017 0.1124334511882340 -0.05757273355338832 (1339 plane wave)
 1 0.7189003267387098 0.001562499999994434
 2 2.679419558767696 0.001560670443821164
 3 3.390467125873953 0.0006414889612512084
 4 5.330672562678997 4.078844633498080e-12
 5 7.929995627497552 0.000000000000000
 6 9.462646541836277 0.000000000000000
 7 10.33150858306989 0.000000000000000
 8 12.02244446499423 0.000000000000000
 9 15.16739190944591 0.000000000000000
 10 16.15746543026418 0.000000000000000
 11 16.78690327039833 0.000000000000000
 12 17.81138755641524 0.000000000000000

 spin=1 k-point=878/1284 Cartesian=0.09737022496416814 0.1011901060694107 -0.05757273355338832 (1342 plane wave)
 1 -0.2505803014454309 0.001562500000000036
 2 1.908583801559233 0.001562499177461294
 3 4.604648435103705 5.802552080096449e-09
 4 6.698737959317977 0.000000000000000
 5 8.015254611180122 0.000000000000000
 6 8.812507682958529 0.000000000000000
 7 10.46490825618083 0.000000000000000
 8 13.33020479889667 0.000000000000000
 9 14.91909263530870 0.000000000000000
 10 15.92080589017374 0.000000000000000
 11 16.92710849608247 0.000000000000000
 12 18.03942752822482 0.000000000000000

 spin=1 k-point=879/1284 Cartesian=0.07789617997133459 0.08994676095058737 -0.05757273355338832 (1338 plane wave)
 1 -1.074766650432198 0.001562500000000037
 2 1.103272415740118 0.001562499999738379
 3 6.119459356082458 1.530660261006864e-15
 4 7.565023614137144 0.000000000000000
 5 8.190457840028092 0.000000000000000
 6 8.955435367063956 0.000000000000000
 7 10.81887460289737 0.000000000000000
 8 14.07750294502115 0.000000000000000
 9 15.02668955155546 0.000000000000000
 10 16.20165654147485 0.000000000000000
 11 17.28512207224273 0.000000000000000
 12 18.35988942624823 0.000000000000000

 spin=1 k-point=880/1284 Cartesian=0.05842213497850103 0.07870341583176403 -0.05757273355338832 (1333 plane wave)
 1 -1.750554932120919 0.001562500000000037
 2 0.4340916451205731 0.001562499999999712
 3 6.874673869719726 0.000000000000000
 4 7.968482319863021 0.000000000000000
 5 9.048496376631961 0.000000000000000
 6 10.20760105859663 0.000000000000000
 7 11.33144729445351 0.000000000000000
 8 13.59625620452884 0.000000000000000
 9 16.25516745391708 0.000000000000000
 10 16.96657302847792 0.000000000000000
 11 17.79077412449585 0.000000000000000
 12 18.48114367535944 0.000000000000000

 spin=1 k-point=881/1284 Cartesian=-0.03894808998566670 -0.06746007071293934 0.05757273355338881 (1336 plane wave)
 1 -2.276797348269488 0.001562500000000037
 2 -0.08890747932412066 0.001562500000000035
 3 6.443143448115822 0.000000000000000
 4 9.707619845821434 0.000000000000000
 5 9.796767265500360 0.000000000000000
 6 11.84416371861651 0.000000000000000
 7 12.08595233294454 0.000000000000000
 8 13.18383058205319 0.000000000000000
 9 16.89707027171278 0.000000000000000
 10 17.25177947049004 0.000000000000000
 11 18.22332404981740 0.000000000000000
 12 18.69131520129112 0.000000000000000

 spin=1 k-point=882/1284 Cartesian=-0.01947404499283316 -0.05621672559411601 0.05757273355338881 (1334 plane wave)
 1 -2.652952133041560 0.001562500000000037
 2 -0.4632982260780374 0.001562500000000037
 3 6.094063931287194 1.973193893440951e-15
 4 10.56214691321336 0.000000000000000
 5 11.66389450848915 0.000000000000000
 6 12.48693575392252 0.000000000000000
 7 13.03846487785690 0.000000000000000
 8 14.00544181979753 0.000000000000000
 9 15.62965097129097 0.000000000000000
 10 17.46606894797262 0.000000000000000
 11 18.09414379058706 0.000000000000000
 12 19.37496430524970 0.000000000000000

 spin=1 k-point=883/1284 Cartesian=0.000000000000000 -0.02248669023764622 0.05757273355338881 (1331 plane wave)
 1 -3.104587323156576 0.001562500000000037
 2 -0.9132208639912328 0.001562500000000037
 3 5.663278032385706 1.465715257773283e-13
 4 12.10043842390647 0.000000000000000
 5 13.69250042179471 0.000000000000000
 6 14.40237364455132 0.000000000000000
 7 15.34965933551393 0.000000000000000
 8 15.99008065935109 0.000000000000000
 9 16.60604846535893 0.000000000000000
 10 16.87687188081700 0.000000000000000
 11 17.33596331956128 0.000000000000000
 12 18.58418813302087 0.000000000000000

 spin=1 k-point=884/1284 Cartesian=0.01947404499283394 -0.01124334511882265 0.05757273355338881 (1331 plane wave)
 1 -3.104587323142395 0.001562500000000037
 2 -0.9132208640250266 0.001562500000000037
 3 5.663278032534955 1.465715255585705e-13
 4 12.10043842355261 0.000000000000000
 5 13.69250042103051 0.000000000000000
 6 14.40237364717687 0.000000000000000
 7 15.34965929837372 0.000000000000000
 8 15.99008070647219 0.000000000000000
 9 16.60604846256683 0.000000000000000
 10 16.87687188812466 0.000000000000000
 11 17.33596335289375 0.000000000000000
 12 18.58418807670322 0.000000000000000

 spin=1 k-point=885/1284 Cartesian=0.03894808998566748 0.000000000000000 0.05757273355338881 (1322 plane wave)
 1 -2.954013486379785 0.001562500000000037
 2 -0.7631747194613712 0.001562500000000037
 3 5.807936272280538 3.449901547304504e-14
 4 12.06700475061178 0.000000000000000
 5 12.62629500681604 0.000000000000000
 6 12.88088948783854 0.000000000000000
 7 14.80273759516417 0.000000000000000
 8 14.88737251475770 0.000000000000000
 9 16.25814911094746 0.000000000000000
 10 16.59878889220548 0.000000000000000
 11 18.43525607341066 0.000000000000000
 12 18.64087538151909 0.000000000000000

 spin=1 k-point=886/1284 Cartesian=0.05842213497850103 0.01124334511882402 0.05757273355338881 (1334 plane wave)
 1 -2.652952132995869 0.001562500000000037
 2 -0.4632982261749534 0.001562500000000037
 3 6.094063931542366 1.973193888405915e-15
 4 10.56214691124687 0.000000000000000
 5 11.66389451051871 0.000000000000000
 6 12.48693575344973 0.000000000000000
 7 13.03846487863284 0.000000000000000
 8 14.00544181950370 0.000000000000000
 9 15.62965096859636 0.000000000000000
 10 17.46606895122140 0.000000000000000
 11 18.09414379291448 0.000000000000000
 12 19.37496430525989 0.000000000000000

 spin=1 k-point=887/1284 Cartesian=0.07789617997133459 0.02248669023764736 0.05757273355338881 (1335 plane wave)
 1 -2.201601344953931 0.001562500000000037
 2 -0.01415383644578558 0.001562500000000033
 3 6.505577389343851 0.000000000000000
 4 8.680311714762382 0.000000000000000
 5 10.67026773599810 0.000000000000000
 6 11.16054468507853 0.000000000000000
 7 12.95368030634580 0.000000000000000
 8 13.39358517965002 0.000000000000000
 9 14.93601853754171 0.000000000000000
 10 16.77741814579732 0.000000000000000
 11 17.83393500165738 0.000000000000000
 12 19.42419091195269 0.000000000000000

 spin=1 k-point=888/1284 Cartesian=0.09737022496416814 0.03373003535647069 0.05757273355338881 (1338 plane wave)
 1 -1.600343801115487 0.001562500000000037
 2 0.5828601764559526 0.001562499999998599
 3 6.648933618472903 0.000000000000000
 4 7.311108609349643 0.000000000000000
 5 9.049697676944385 0.000000000000000
 6 10.46393664773841 0.000000000000000
 7 12.57682723472747 0.000000000000000
 8 13.56910813607866 0.000000000000000
 9 14.37247469262113 0.000000000000000
 10 15.69494532796721 0.000000000000000
 11 16.76046662512250 0.000000000000000
 12 19.25724205985880 0.000000000000000

 spin=1 k-point=889/1284 Cartesian=0.1168442699570017 0.04497338047529403 0.05757273355338881 (1339 plane wave)
 1 -0.8499442499639437 0.001562500000000037
 2 1.323237565464728 0.001562499997639398
 3 5.183422174361168 1.778433485318418e-11
 4 7.220788583241688 0.000000000000000
 5 8.076536885964135 0.000000000000000
 6 10.01265568366140 0.000000000000000
 7 12.13451856542743 0.000000000000000
 8 13.56708742434516 0.000000000000000
 9 13.80831278966980 0.000000000000000
 10 15.00932510913299 0.000000000000000
 11 16.23819767966670 0.000000000000000
 12 18.82482521922622 0.000000000000000

 spin=1 k-point=890/1284 Cartesian=0.1363183149498352 0.05621672559411737 0.05757273355338881 (1344 plane wave)
 1 0.04779550659110038 0.001562500000000030
 2 2.176828052501935 0.001562487973935938
 3 3.746871984469980 3.022825873892423e-05
 4 5.849937154506801 2.266726609371474e-14
 5 8.776236577994585 0.000000000000000
 6 9.749984202234851 0.000000000000000
 7 11.76230603626413 0.000000000000000
 8 12.50557699487175 0.000000000000000
 9 13.53726797602357 0.000000000000000
 10 15.34759135483914 0.000000000000000
 11 16.11082419599222 0.000000000000000
 12 18.43712042503278 0.000000000000000

 spin=1 k-point=891/1284 Cartesian=0.1557923599426688 0.06746007071294069 0.05757273355338881 (1341 plane wave)
 1 1.086805500451030 0.001562499999778106
 2 2.215572861802311 0.001562482283067047
 3 3.409671534607144 0.0005703137549642320
 4 4.532903323797351 1.189056498287387e-08
 5 9.335931902001462 0.000000000000000
 6 9.997708183979134 0.000000000000000
 7 11.01988859157162 0.000000000000000
 8 11.88718757955745 0.000000000000000
 9 13.40520666742949 0.000000000000000
 10 15.47265715952743 0.000000000000000
 11 16.70044329840989 0.000000000000000
 12 17.75322524812347 0.000000000000000

 spin=1 k-point=892/1284 Cartesian=0.1363183149498352 0.1011901060694107 -0.05757273355338832 (1341 plane wave)
 1 1.086805503277001 0.001562499999778106
 2 2.215572846102731 0.001562482283069828
 3 3.409671566437734 0.0005703136396901170
 4 4.532903301796250 1.189056759891006e-08
 5 9.335931850879792 0.000000000000000
 6 9.997708305210596 0.000000000000000
 7 11.01988849566396 0.000000000000000
 8 11.88718761341590 0.000000000000000
 9 13.40520665890380 0.000000000000000
 10 15.47265713042917 0.000000000000000
 11 16.70044338595255 0.000000000000000
 12 17.75322518228703 0.000000000000000

 spin=1 k-point=893/1284 Cartesian=0.1168442699570017 0.08994676095058737 -0.05757273355338832 (1344 plane wave)
 1 0.04779550737300815 0.001562500000000030
 2 2.176828042022634 0.001562487973937198
 3 3.746872011997249 3.022825057888813e-05
 4 5.849937123640607 2.266727309023997e-14
 5 8.776236549826667 0.000000000000000
 6 9.749984289593943 0.000000000000000
 7 11.76230594232685 0.000000000000000
 8 12.50557706849277 0.000000000000000
 9 13.53726794214413 0.000000000000000
 10 15.34759125543688 0.000000000000000
 11 16.11082434479610 0.000000000000000
 12 18.43712038061757 0.000000000000000

 spin=1 k-point=894/1284 Cartesian=0.09737022496416814 0.07870341583176405 -0.05757273355338832 (1339 plane wave)
 1 -0.8499442497614956 0.001562500000000037
 2 1.323237563542196 0.001562499997639398
 3 5.183422201028402 1.778433011059358e-11
 4 7.220788488166143 0.000000000000000
 5 8.076536938897672 0.000000000000000
 6 10.01265573759134 0.000000000000000
 7 12.13451851191052 0.000000000000000
 8 13.56708754297351 0.000000000000000
 9 13.80831270905704 0.000000000000000
 10 15.00932499367044 0.000000000000000
 11 16.23819780535000 0.000000000000000
 12 18.82482519578883 0.000000000000000

 spin=1 k-point=895/1284 Cartesian=0.07789617997133459 0.06746007071294070 -0.05757273355338832 (1338 plane wave)
 1 -1.600343801106962 0.001562500000000037
 2 0.5828601760705665 0.001562499999998599
 3 6.648933692794433 0.000000000000000
 4 7.311108496215402 0.000000000000000
 5 9.049697698893493 0.000000000000000
 6 10.46393669790153 0.000000000000000
 7 12.57682718741515 0.000000000000000
 8 13.56910813725683 0.000000000000000
 9 14.37247476437567 0.000000000000000
 10 15.69494515425297 0.000000000000000
 11 16.76046676497106 0.000000000000000
 12 19.25724203827579 0.000000000000000

 spin=1 k-point=896/1284 Cartesian=-0.05842213497850025 -0.05621672559411600 0.05757273355338881 (1335 plane wave)
 1 -2.201601345004643 0.001562500000000037
 2 -0.01415383642561691 0.001562500000000033
 3 6.505577395606289 0.000000000000000
 4 8.680311691765775 0.000000000000000
 5 10.67026770397097 0.000000000000000
 6 11.16054476896902 0.000000000000000
 7 12.95368024256804 0.000000000000000
 8 13.39358519943402 0.000000000000000
 9 14.93601858648979 0.000000000000000
 10 16.77741802633276 0.000000000000000
 11 17.83393509658454 0.000000000000000
 12 19.42419082734302 0.000000000000000

 spin=1 k-point=897/1284 Cartesian=-0.03894808998566670 -0.04497338047529267 0.05757273355338881 (1334 plane wave)
 1 -2.652952133052725 0.001562500000000037
 2 -0.4632982260650951 0.001562500000000037
 3 6.094063931725805 1.973193884786300e-15
 4 10.56214690096083 0.000000000000000
 5 11.66389450708189 0.000000000000000
 6 12.48693580909630 0.000000000000000
 7 13.03846483445892 0.000000000000000
 8 14.00544181613188 0.000000000000000
 9 15.62965100348955 0.000000000000000
 10 17.46606894591548 0.000000000000000
 11 18.09414369416955 0.000000000000000
 12 19.37496437323654 0.000000000000000

 spin=1 k-point=898/1284 Cartesian=-0.01947404499283316 -0.03373003535646933 0.05757273355338881 (1322 plane wave)
 1 -2.954013486420001 0.001562500000000037
 2 -0.7631747193700382 0.001562500000000037
 3 5.807936271940021 3.449901559052016e-14
 4 12.06700474925027 0.000000000000000
 5 12.62629500678405 0.000000000000000
 6 12.88088949240598 0.000000000000000
 7 14.80273759343803 0.000000000000000
 8 14.88737251459075 0.000000000000000
 9 16.25814910900021 0.000000000000000
 10 16.59878889366476 0.000000000000000
 11 18.43525607230241 0.000000000000000
 12 18.64087537925792 0.000000000000000

 spin=1 k-point=899/1284 Cartesian=0.000000000000000 0.000000000000000 0.07676364473785349 (1316 plane wave)
 1 -2.795898980982919 0.001562500000000037
 2 -1.699719542643003 0.001562500000000037
 3 7.057970525965005 0.000000000000000
 4 10.29983932864083 0.000000000000000
 5 15.71406527273913 0.000000000000000
 6 15.71406528436243 0.000000000000000
 7 16.18350347896903 0.000000000000000
 8 16.18350348969227 0.000000000000000
 9 16.81975271458156 0.000000000000000
 10 16.81975272580945 0.000000000000000
 11 17.28177851105877 0.000000000000000
 12 17.28177852020965 0.000000000000000

 spin=1 k-point=900/1284 Cartesian=0.01947404499283394 0.01124334511882356 0.07676364473785349 (1321 plane wave)
 1 -2.720640953709208 0.001562500000000037
 2 -1.624584411637898 0.001562500000000037
 3 7.129319019524528 0.000000000000000
 4 10.36318392597665 0.000000000000000
 5 14.04852943466338 0.000000000000000
 6 14.78864339601017 0.000000000000000
 7 15.05914851089945 0.000000000000000
 8 15.89134627773862 0.000000000000000
 9 15.92986432229815 0.000000000000000
 10 16.82692173947353 0.000000000000000
 11 17.26112434534893 0.000000000000000
 12 18.35952369046962 0.000000000000000

 spin=1 k-point=901/1284 Cartesian=0.03894808998566748 0.02248669023764690 0.07676364473785349 (1333 plane wave)
 1 -2.494915888915616 0.001562500000000037
 2 -1.399255693949369 0.001562500000000037
 3 7.340890300685681 0.000000000000000
 4 10.52515768954907 0.000000000000000
 5 12.00879794606493 0.000000000000000
 6 13.01750638808291 0.000000000000000
 7 13.81340727376520 0.000000000000000
 8 14.91650809374314 0.000000000000000
 9 15.13015195798189 0.000000000000000
 10 16.09482178550787 0.000000000000000
 11 18.68972774861527 0.000000000000000
 12 19.78378111782017 0.000000000000000

 spin=1 k-point=902/1284 Cartesian=0.05842213497850103 0.03373003535647023 0.07676364473785349 (1334 plane wave)
 1 -2.118887283189604 0.001562500000000037
 2 -1.023999419557016 0.001562500000000037
 3 7.676890459253226 0.000000000000000
 4 9.870778818614529 0.000000000000000
 5 10.84034010542512 0.000000000000000
 6 11.25001558864440 0.000000000000000
 7 12.98232430476630 0.000000000000000
 8 14.08572024996473 0.000000000000000
 9 14.38291492341975 0.000000000000000
 10 15.35552771634958 0.000000000000000
 11 19.87191360958641 0.000000000000000
 12 20.27565271751450 0.000000000000000

 spin=1 k-point=903/1284 Cartesian=0.07789617997133459 0.04497338047529358 0.07676364473785349 (1337 plane wave)
 1 -1.592897361197059 0.001562500000000037
 2 -0.4994251175846013 0.001562500000000037
 3 7.812497810827464 0.000000000000000
 4 8.363285323579944 0.000000000000000
 5 9.252741286609774 0.000000000000000
 6 11.47560490457286 0.000000000000000
 7 12.30102155317103 0.000000000000000
 8 13.40462883220743 0.000000000000000
 9 13.76841656446111 0.000000000000000
 10 14.70920215505575 0.000000000000000
 11 18.15709152159700 0.000000000000000
 12 21.16134799438106 0.000000000000000

 spin=1 k-point=904/1284 Cartesian=0.09737022496416814 0.05621672559411691 0.07676364473785349 (1340 plane wave)
 1 -0.9176503575285885 0.001562500000000037
 2 0.1729806308093589 0.001562500000000013
 3 6.301797726151104 0.000000000000000
 4 7.351310526288373 0.000000000000000
 5 9.023276103470710 0.000000000000000
 6 11.77067823568941 0.000000000000000
 7 11.97953495738637 0.000000000000000
 8 12.87443178456982 0.000000000000000
 9 13.34145110473231 0.000000000000000
 10 14.16740911030190 0.000000000000000
 11 16.58686078921490 0.000000000000000
 12 19.58452949362082 0.000000000000000

 spin=1 k-point=905/1284 Cartesian=0.1168442699570017 0.06746007071294025 0.07676364473785349 (1351 plane wave)
 1 -0.09482626165011576 0.001562500000000035
 2 0.9883361555445876 0.001562499999917134
 3 4.758805682672096 1.242006106301827e-09
 4 5.829044117767697 2.793421495733003e-14
 5 9.755986919479104 0.000000000000000
 6 11.39170074749790 0.000000000000000
 7 12.31974105831770 0.000000000000000
 8 12.49555008815256 0.000000000000000
 9 13.26972437096129 0.000000000000000
 10 13.67170261493588 0.000000000000000
 11 15.35395184638371 0.000000000000000
 12 18.09640386302672 0.000000000000000

 spin=1 k-point=906/1284 Cartesian=0.1363183149498352 0.07870341583176359 0.07676364473785349 (1345 plane wave)
 1 0.8699252457277954 0.001562499999974667
 2 1.911838556998145 0.001562499150249236
 3 3.392049426057249 0.0006355144868896284
 4 4.429094065753333 3.357642496144627e-08
 5 10.64391928206241 0.000000000000000
 6 11.16426380046039 0.000000000000000
 7 12.22000425829470 0.000000000000000
 8 12.26816748677884 0.000000000000000
 9 13.01842757339511 0.000000000000000
 10 13.52746029381632 0.000000000000000
 11 14.97520894926153 0.000000000000000
 12 16.76286797348387 0.000000000000000

 spin=1 k-point=907/1284 Cartesian=0.1557923599426688 0.08994676095058692 0.07676364473785349 (1348 plane wave)
 1 1.926007128186760 0.001562499020904921
 2 1.936373570454488 0.001562498913960209
 3 3.207812985505443 0.001269179920694477
 4 3.238311283991361 0.001189547940086959
 5 11.08844414969879 0.000000000000000
 6 11.50915170669022 0.000000000000000
 7 11.66798564736868 0.000000000000000
 8 12.19236561640127 0.000000000000000
 9 12.67004615545284 0.000000000000000
 10 13.57413011999799 0.000000000000000
 11 15.58570931498508 0.000000000000000
 12 15.70095096802533 0.000000000000000

 spin=1 k-point=908/1284 Cartesian=0.1363183149498352 0.07870341583176359 -0.07676364473785301 (1345 plane wave)
 1 0.8699252484522463 0.001562499999974667
 2 1.911838545337593 0.001562499150249336
 3 3.392049452912384 0.0006355143856371139
 4 4.429094045322235 3.357643182133354e-08
 5 10.64391925023799 0.000000000000000
 6 11.16426380048464 0.000000000000000
 7 12.22000452256035 0.000000000000000
 8 12.26816748674344 0.000000000000000
 9 13.01842732348296 0.000000000000000
 10 13.52746017286289 0.000000000000000
 11 14.97520915056091 0.000000000000000
 12 16.76286791028281 0.000000000000000

 spin=1 k-point=909/1284 Cartesian=-0.1168442699570009 -0.06746007071293979 0.07676364473785349 (1351 plane wave)
 1 -0.09482626088667882 0.001562500000000035
 2 0.9883361532922941 0.001562499999917134
 3 4.758805703978961 1.242005841669442e-09
 4 5.829044090411481 2.793422259907718e-14
 5 9.755986916223698 0.000000000000000
 6 11.39170074754487 0.000000000000000
 7 12.31974121251969 0.000000000000000
 8 12.49555008806696 0.000000000000000
 9 13.26972433262788 0.000000000000000
 10 13.67170237697509 0.000000000000000
 11 15.35395202037151 0.000000000000000
 12 18.09640381610448 0.000000000000000

 spin=1 k-point=910/1284 Cartesian=-0.09737022496416733 -0.05621672559411645 0.07676364473785349 (1340 plane wave)
 1 -0.9176503573369499 0.001562500000000037
 2 0.1729806302601099 0.001562500000000013
 3 6.301797760256637 0.000000000000000
 4 7.351310460603782 0.000000000000000
 5 9.023276134070963 0.000000000000000
 6 11.77067823576854 0.000000000000000
 7 11.97953499565711 0.000000000000000
 8 12.87443178444105 0.000000000000000
 9 13.34145112729183 0.000000000000000
 10 14.16740899587317 0.000000000000000
 11 16.58686087459604 0.000000000000000
 12 19.58452945489001 0.000000000000000

 spin=1 k-point=911/1284 Cartesian=-0.07789617997133380 -0.04497338047529312 0.07676364473785349 (1337 plane wave)
 1 -1.592897361195621 0.001562500000000037
 2 -0.4994251176537960 0.001562500000000037
 3 7.812497932739996 0.000000000000000
 4 8.363285090104558 0.000000000000000
 5 9.252741407248998 0.000000000000000
 6 11.47560490121423 0.000000000000000
 7 12.30102155328210 0.000000000000000
 8 13.40462883200234 0.000000000000000
 9 13.76841660663488 0.000000000000000
 10 14.70920208492465 0.000000000000000
 11 18.15709156625935 0.000000000000000
 12 21.16134797187211 0.000000000000000

 spin=1 k-point=912/1284 Cartesian=-0.05842213497850025 -0.03373003535646978 0.07676364473785349 (1334 plane wave)
 1 -2.118887283243053 0.001562500000000037
 2 -1.023999419489743 0.001562500000000037
 3 7.676890466299490 0.000000000000000
 4 9.870778746924596 0.000000000000000
 5 10.84034028321436 0.000000000000000
 6 11.25001547195840 0.000000000000000
 7 12.98232430492729 0.000000000000000
 8 14.08572024965623 0.000000000000000
 9 14.38291496715266 0.000000000000000
 10 15.35552766861149 0.000000000000000
 11 19.87191362107183 0.000000000000000
 12 20.27565271752253 0.000000000000000

 spin=1 k-point=913/1284 Cartesian=-0.03894808998566670 -0.02248669023764645 0.07676364473785349 (1333 plane wave)
 1 -2.494915888969421 0.001562500000000037
 2 -1.399255693867583 0.001562500000000037
 3 7.340890301104148 0.000000000000000
 4 10.52515768240083 0.000000000000000
 5 12.00879796510815 0.000000000000000
 6 13.01750636558917 0.000000000000000
 7 13.81340727401632 0.000000000000000
 8 14.91650809324620 0.000000000000000
 9 15.13015199934745 0.000000000000000
 10 16.09482175748504 0.000000000000000
 11 18.68972774849734 0.000000000000000
 12 19.78378111964152 0.000000000000000

 spin=1 k-point=914/1284 Cartesian=-0.01947404499283316 -0.01124334511882311 0.07676364473785349 (1321 plane wave)
 1 -2.720640953740495 0.001562500000000037
 2 -1.624584411588987 0.001562500000000037
 3 7.129319019375581 0.000000000000000
 4 10.36318392598094 0.000000000000000
 5 14.04852944024776 0.000000000000000
 6 14.78864339640068 0.000000000000000
 7 15.05914848265999 0.000000000000000
 8 15.89134627667856 0.000000000000000
 9 15.92986435954294 0.000000000000000
 10 16.82692174286097 0.000000000000000
 11 17.26112434583284 0.000000000000000
 12 18.35952369118396 0.000000000000000

 spin=1 k-point=915/1284 Cartesian=0.000000000000000 0.02248669023764713 0.07676364473785349 (1321 plane wave)
 1 -2.720640953740036 0.001562500000000037
 2 -1.624584411586987 0.001562500000000037
 3 7.129319019289952 0.000000000000000
 4 10.36318392685477 0.000000000000000
 5 14.04852943710214 0.000000000000000
 6 14.78864339718824 0.000000000000000
 7 15.05914848331225 0.000000000000000
 8 15.89134627734806 0.000000000000000
 9 15.92986435798156 0.000000000000000
 10 16.82692174554557 0.000000000000000
 11 17.26112434337476 0.000000000000000
 12 18.35952368965298 0.000000000000000

 spin=1 k-point=916/1284 Cartesian=0.01947404499283394 0.03373003535647069 0.07676364473785349 (1329 plane wave)
 1 -2.570148914445022 0.001562500000000037
 2 -1.474351436320330 0.001562500000000037
 3 7.270937576938469 0.000000000000000
 4 10.48109024133647 0.000000000000000
 5 12.98538335161246 0.000000000000000
 6 13.06705839316561 0.000000000000000
 7 14.14685632275979 0.000000000000000
 8 14.21398857923376 0.000000000000000
 9 16.58397829933964 0.000000000000000
 10 16.88905256541056 0.000000000000000
 11 17.82305477539093 0.000000000000000
 12 18.06913435068063 0.000000000000000

 spin=1 k-point=917/1284 Cartesian=0.03894808998566748 0.04497338047529403 0.07676364473785349 (1330 plane wave)
 1 -2.269267546792882 0.001562500000000037
 2 -1.174048876726926 0.001562500000000037
 3 7.547661433704667 0.000000000000000
 4 10.55136206274453 0.000000000000000
 5 11.17758239068417 0.000000000000000
 6 11.87430810019841 0.000000000000000
 7 12.47548199359531 0.000000000000000
 8 13.30852627799946 0.000000000000000
 9 15.97300366397517 0.000000000000000
 10 16.96022241288910 0.000000000000000
 11 18.35813309009214 0.000000000000000
 12 19.30428529312263 0.000000000000000

 spin=1 k-point=918/1284 Cartesian=0.05842213497850103 0.05621672559411736 0.07676364473785349 (1330 plane wave)
 1 -1.818238738728897 0.001562500000000037
 2 -0.7240859841489102 0.001562500000000037
 3 7.910514199947166 0.000000000000000
 4 9.056055638427811 0.000000000000000
 5 10.10583082570831 0.000000000000000
 6 11.06382475246513 0.000000000000000
 7 11.75131074645351 0.000000000000000
 8 12.59042172801469 0.000000000000000
 9 15.27368191780115 0.000000000000000
 10 16.27733511668879 0.000000000000000
 11 19.03746880565147 0.000000000000000
 12 19.89343086879423 0.000000000000000

 spin=1 k-point=919/1284 Cartesian=0.07789617997133459 0.06746007071294070 0.07676364473785349 (1337 plane wave)
 1 -1.217551276391082 0.001562500000000037
 2 -0.1253993072859323 0.001562500000000036
 3 7.164314488285878 0.000000000000000
 4 8.117677707375501 0.000000000000000
 5 8.850098608168050 0.000000000000000
 6 10.76958881050699 0.000000000000000
 7 11.74756137792829 0.000000000000000
 8 12.21031238001500 0.000000000000000
 9 14.68648372677198 0.000000000000000
 10 15.64842925547766 0.000000000000000
 11 17.43667862657461 0.000000000000000
 12 20.23185404849667 0.000000000000000

 spin=1 k-point=920/1284 Cartesian=0.09737022496416814 0.07870341583176405 0.07676364473785349 (1341 plane wave)
 1 -0.4682654320218613 0.001562500000000037
 2 0.6194564739922019 0.001562499999997964
 3 5.568205330038756 3.792671340949028e-13
 4 6.633270951712996 0.000000000000000
 5 9.349162990949777 0.000000000000000
 6 10.39644349858333 0.000000000000000
 7 11.46015682228658 0.000000000000000
 8 12.66788483765920 0.000000000000000
 9 14.19803962090498 0.000000000000000
 10 15.02553626504780 0.000000000000000
 11 16.13279963838896 0.000000000000000
 12 18.83399448831201 0.000000000000000

 spin=1 k-point=921/1284 Cartesian=0.1168442699570017 0.08994676095058737 0.07676364473785349 (1342 plane wave)
 1 0.4267202479426084 0.001562499999999735
 2 1.499368333730667 0.001562499986261010
 3 4.100724728104921 8.951280731998557e-07
 4 5.164310332675959 2.152976651454220e-11
 5 9.846424178838449 0.000000000000000
 6 10.39074761495916 0.000000000000000
 7 11.23646849762626 0.000000000000000
 8 13.28711058669660 0.000000000000000
 9 13.56667566796076 0.000000000000000
 10 14.45752241563056 0.000000000000000
 11 15.48358270744998 0.000000000000000
 12 17.45787069061085 0.000000000000000

 spin=1 k-point=922/1284 Cartesian=0.1363183149498352 0.1011901060694107 0.07676364473785349 (1342 plane wave)
 1 1.454055592561250 0.001562499991267002
 2 2.302666891757475 0.001562457672135301
 3 3.000415478970840 0.001518395059951203
 4 3.846812547408018 1.126467247733867e-05
 5 9.823763058929590 0.000000000000000
 6 10.78255321858357 0.000000000000000
 7 11.53848157129605 0.000000000000000
 8 12.52295991788106 0.000000000000000
 9 13.60476920755705 0.000000000000000
 10 14.51073645011205 0.000000000000000
 11 15.49943767535685 0.000000000000000
 12 16.26919308255268 0.000000000000000

 spin=1 k-point=923/1284 Cartesian=0.1557923599426688 0.1124334511882340 0.07676364473785349 (1342 plane wave)
 1 1.454055598153659 0.001562499991267002
 2 2.302666861057947 0.001562457672148295
 3 3.000415524575550 0.001518395040405023
 4 3.846812525700052 1.126467490504145e-05
 5 9.823763034840180 0.000000000000000
 6 10.78255331460247 0.000000000000000
 7 11.53848146640258 0.000000000000000
 8 12.52295996831222 0.000000000000000
 9 13.60476922740005 0.000000000000000
 10 14.51073629544470 0.000000000000000
 11 15.49943790114265 0.000000000000000
 12 16.26919297358503 0.000000000000000

 spin=1 k-point=924/1284 Cartesian=-0.1363183149498344 -0.05621672559411600 0.07676364473785349 (1342 plane wave)
 1 0.4267202493309782 0.001562499999999735
 2 1.499368329145671 0.001562499986261011
 3 4.100724749349116 8.951278831460138e-07
 4 5.164310310067366 2.152977138212120e-11
 5 9.846424065892077 0.000000000000000
 6 10.39074785720975 0.000000000000000
 7 11.23646835463620 0.000000000000000
 8 13.28711057264156 0.000000000000000
 9 13.56667583425026 0.000000000000000
 10 14.45752208852456 0.000000000000000
 11 15.48358295845463 0.000000000000000
 12 17.45787062723082 0.000000000000000

 spin=1 k-point=925/1284 Cartesian=-0.1168442699570009 -0.04497338047529266 0.07676364473785349 (1341 plane wave)
 1 -0.4682654316444086 0.001562500000000037
 2 0.6194564729713031 0.001562499999997964
 3 5.568205354913839 3.792670397518787e-13
 4 6.633270913514476 0.000000000000000
 5 9.349162962511658 0.000000000000000
 6 10.39644363064501 0.000000000000000
 7 11.46015670863484 0.000000000000000
 8 12.66788485370321 0.000000000000000
 9 14.19803973987262 0.000000000000000
 10 15.02553600859346 0.000000000000000
 11 16.13279982231460 0.000000000000000
 12 18.83399443983304 0.000000000000000

 spin=1 k-point=926/1284 Cartesian=-0.09737022496416733 -0.03373003535646932 0.07676364473785349 (1337 plane wave)
 1 -1.217551276333815 0.001562500000000037
 2 -0.1253993074546954 0.001562500000000036
 3 7.164314546531013 0.000000000000000
 4 8.117677546355763 0.000000000000000
 5 8.850098699032559 0.000000000000000
 6 10.76958891286064 0.000000000000000
 7 11.74756121110877 0.000000000000000
 8 12.21031244975008 0.000000000000000
 9 14.68648379218896 0.000000000000000
 10 15.64842914358280 0.000000000000000
 11 17.43667870727283 0.000000000000000
 12 20.23185401638580 0.000000000000000

 spin=1 k-point=927/1284 Cartesian=-0.07789617997133380 -0.02248669023764599 0.07676364473785349 (1330 plane wave)
 1 -1.818238738773083 0.001562500000000037
 2 -0.7240859840789664 0.001562500000000037
 3 7.910514228445106 0.000000000000000
 4 9.056055543953526 0.000000000000000
 5 10.10583089729851 0.000000000000000
 6 11.06382481918648 0.000000000000000
 7 11.75131065790306 0.000000000000000
 8 12.59042173857257 0.000000000000000
 9 15.27368196119519 0.000000000000000
 10 16.27733506270559 0.000000000000000
 11 19.03746882173176 0.000000000000000
 12 19.89343085589234 0.000000000000000

 spin=1 k-point=928/1284 Cartesian=-0.05842213497850025 -0.01124334511882266 0.07676364473785349 (1330 plane wave)
 1 -2.269267546855412 0.001562500000000037
 2 -1.174048876613025 0.001562500000000037
 3 7.547661435040180 0.000000000000000
 4 10.55136201987088 0.000000000000000
 5 11.17758246504294 0.000000000000000
 6 11.87430806443515 0.000000000000000
 7 12.47548199902639 0.000000000000000
 8 13.30852627069626 0.000000000000000
 9 15.97300369364964 0.000000000000000
 10 16.96022239518249 0.000000000000000
 11 18.35813303672774 0.000000000000000
 12 19.30428534550821 0.000000000000000

 spin=1 k-point=929/1284 Cartesian=-0.03894808998566670 0.000000000000000 0.07676364473785349 (1329 plane wave)
 1 -2.570148914491600 0.001562500000000037
 2 -1.474351436233837 0.001562500000000037
 3 7.270937576665909 0.000000000000000
 4 10.48109024211795 0.000000000000000
 5 12.98538335216487 0.000000000000000
 6 13.06705839154979 0.000000000000000
 7 14.14685632343468 0.000000000000000
 8 14.21398857669562 0.000000000000000
 9 16.58397830219087 0.000000000000000
 10 16.88905256678211 0.000000000000000
 11 17.82305477885311 0.000000000000000
 12 18.06913434730299 0.000000000000000

 spin=1 k-point=930/1284 Cartesian=-0.01947404499283316 0.01124334511882402 0.07676364473785349 (1321 plane wave)
 1 -2.720640953756815 0.001562500000000037
 2 -1.624584411555858 0.001562500000000037
 3 7.129319019132868 0.000000000000000
 4 10.36318392737954 0.000000000000000
 5 14.04852943072962 0.000000000000000
 6 14.78864339914401 0.000000000000000
 7 15.05914850700719 0.000000000000000
 8 15.89134628093737 0.000000000000000
 9 15.92986432293083 0.000000000000000
 10 16.82692173784816 0.000000000000000
 11 17.26112434524540 0.000000000000000
 12 18.35952369172059 0.000000000000000

 spin=1 k-point=931/1284 Cartesian=0.000000000000000 0.04497338047529380 0.07676364473785349 (1333 plane wave)
 1 -2.494915888967083 0.001562500000000037
 2 -1.399255693863698 0.001562500000000037
 3 7.340890301049303 0.000000000000000
 4 10.52515768711614 0.000000000000000
 5 12.00879795783896 0.000000000000000
 6 13.01750636592818 0.000000000000000
 7 13.81340727393898 0.000000000000000
 8 14.91650809311085 0.000000000000000
 9 15.13015199875675 0.000000000000000
 10 16.09482176026705 0.000000000000000
 11 18.68972774695442 0.000000000000000
 12 19.78378111970195 0.000000000000000

 spin=1 k-point=932/1284 Cartesian=0.01947404499283394 0.05621672559411736 0.07676364473785349 (1330 plane wave)
 1 -2.269267546807202 0.001562500000000037
 2 -1.174048876705935 0.001562500000000037
 3 7.547661435378051 0.000000000000000
 4 10.55136203056900 0.000000000000000
 5 11.17758244684579 0.000000000000000
 6 11.87430806489390 0.000000000000000
 7 12.47548200582743 0.000000000000000
 8 13.30852627325200 0.000000000000000
 9 15.97300369014406 0.000000000000000
 10 16.96022239294390 0.000000000000000
 11 18.35813303664674 0.000000000000000
 12 19.30428534443800 0.000000000000000

 spin=1 k-point=933/1284 Cartesian=0.03894808998566748 0.06746007071294069 0.07676364473785349 (1331 plane wave)
 1 -1.893372919858696 0.001562500000000037
 2 -0.7990091098082169 0.001562500000000037
 3 7.874116545038103 0.000000000000000
 4 9.989509077495924 0.000000000000000
 5 10.13980833080590 0.000000000000000
 6 10.89003490014150 0.000000000000000
 7 11.44659619336693 0.000000000000000
 8 11.79836242799758 0.000000000000000
 9 17.26382492805208 0.000000000000000
 10 17.55533190552006 0.000000000000000
 11 18.51126787846099 0.000000000000000
 12 18.55523235234055 0.000000000000000

 spin=1 k-point=934/1284 Cartesian=0.05842213497850103 0.07870341583176403 0.07676364473785349 (1337 plane wave)
 1 -1.367583570052328 0.001562500000000037
 2 -0.2747675750168516 0.001562500000000036
 3 8.032062132520517 0.000000000000000
 4 8.521642320723730 0.000000000000000
 5 9.161577362847284 0.000000000000000
 6 9.789066704268551 0.000000000000000
 7 10.66225756590510 0.000000000000000
 8 11.96092165466399 0.000000000000000
 9 16.77480078852489 0.000000000000000
 10 17.61301707896104 0.000000000000000
 11 18.46648899775237 0.000000000000000
 12 19.02235034494585 0.000000000000000

 spin=1 k-point=935/1284 Cartesian=0.07789617997133459 0.08994676095058737 0.07676364473785349 (1338 plane wave)
 1 -0.6926171820176013 0.001562500000000037
 2 0.3971574659677720 0.001562499999999812
 3 6.519121778716092 0.000000000000000
 4 7.552644055945598 0.000000000000000
 5 8.728953088459603 0.000000000000000
 6 9.391767278202117 0.000000000000000
 7 10.23958756396050 0.000000000000000
 8 12.53173635433786 0.000000000000000
 9 16.04444467148446 0.000000000000000
 10 16.65237949340482 0.000000000000000
 11 17.57286579469188 0.000000000000000
 12 18.82181340323065 0.000000000000000

 spin=1 k-point=936/1284 Cartesian=0.09737022496416814 0.1011901060694107 0.07676364473785349 (1345 plane wave)
 1 0.1298322260500068 0.001562500000000021
 2 1.211863565555946 0.001562499999224971
 3 4.978015773428773 1.387095863315675e-10
 4 6.039316813425462 3.411406973363270e-15
 5 8.530066259602879 0.000000000000000
 6 9.484934464831198 0.000000000000000
 7 10.35790850686938 0.000000000000000
 8 13.23759314576102 0.000000000000000
 9 14.86204747797076 0.000000000000000
 10 16.07006632332665 0.000000000000000
 11 17.10538628905680 0.000000000000000
 12 18.06205476873140 0.000000000000000

 spin=1 k-point=937/1284 Cartesian=0.1168442699570017 0.1124334511882340 0.07676364473785349 (1343 plane wave)
 1 1.094128732574976 0.001562499999761243
 2 2.134888560901335 0.001562492093510201
 3 3.612300090406875 0.0001100563449940431
 4 4.645221243558901 3.867355302913195e-09
 5 8.335110848609466 0.000000000000000
 6 9.376043070708720 0.000000000000000
 7 11.14355296051619 0.000000000000000
 8 13.28305444966199 0.000000000000000
 9 14.37232194765875 0.000000000000000
 10 15.72912101291936 0.000000000000000
 11 16.77781621473479 0.000000000000000
 12 17.09765664198245 0.000000000000000

 spin=1 k-point=938/1284 Cartesian=0.1363183149498352 0.1236767963070574 0.07676364473785349 (1347 plane wave)
 1 2.147558019333144 0.001562491025584129
 2 2.163016590753573 0.001562489525301939
 3 3.421602841210265 0.0005278391844134265
 4 3.461699619270580 0.0003978783766713840
 5 8.266216217427907 0.000000000000000
 6 9.320298397252497 0.000000000000000
 7 12.14828113661813 0.000000000000000
 8 12.20706294874528 0.000000000000000
 9 15.02801212167499 0.000000000000000
 10 15.32432328723355 0.000000000000000
 11 16.40357087194050 0.000000000000000
 12 16.85643768356670 0.000000000000000

 spin=1 k-point=939/1284 Cartesian=0.1557923599426688 0.1349201414258807 0.07676364473785349 (1343 plane wave)
 1 1.094128735034201 0.001562499999761243
 2 2.134888550120102 0.001562492093511053
 3 3.612300117229393 0.0001100563175534205
 4 4.645221221952633 3.867356138502564e-09
 5 8.335110830522789 0.000000000000000
 6 9.376043115804112 0.000000000000000
 7 11.14355292855752 0.000000000000000
 8 13.28305443371459 0.000000000000000
 9 14.37232201515076 0.000000000000000
 10 15.72912088518188 0.000000000000000
 11 16.77781649010469 0.000000000000000
 12 17.09765644920440 0.000000000000000

 spin=1 k-point=940/1284 Cartesian=-0.1363183149498344 -0.03373003535646933 0.07676364473785349 (1345 plane wave)
 1 0.1298322266510188 0.001562500000000021
 2 1.211863563813597 0.001562499999224971
 3 4.978015794860480 1.387095566037340e-10
 4 6.039316784628802 3.411407955734933e-15
 5 8.530066205476759 0.000000000000000
 6 9.484934628063787 0.000000000000000
 7 10.35790839875100 0.000000000000000
 8 13.23759313274077 0.000000000000000
 9 14.86204756339134 0.000000000000000
 10 16.07006616288731 0.000000000000000
 11 17.10538644587495 0.000000000000000
 12 18.06205470826571 0.000000000000000

 spin=1 k-point=941/1284 Cartesian=-0.1168442699570009 -0.02248669023764599 0.07676364473785349 (1338 plane wave)
 1 -0.6926171819301775 0.001562500000000037
 2 0.3971574657467020 0.001562499999999812
 3 6.519121812086377 0.000000000000000
 4 7.552643995678236 0.000000000000000
 5 8.728952954612984 0.000000000000000
 6 9.391767594378566 0.000000000000000
 7 10.23958739918119 0.000000000000000
 8 12.53173635622752 0.000000000000000
 9 16.04444483760329 0.000000000000000
 10 16.65237920817168 0.000000000000000
 11 17.57286595355336 0.000000000000000
 12 18.82181337529228 0.000000000000000

 spin=1 k-point=942/1284 Cartesian=-0.09737022496416733 -0.01124334511882266 0.07676364473785349 (1337 plane wave)
 1 -1.367583570118357 0.001562500000000037
 2 -0.2747675748679551 0.001562500000000036
 3 8.032062244029213 0.000000000000000
 4 8.521642119551169 0.000000000000000
 5 9.161577322559568 0.000000000000000
 6 9.789066960217705 0.000000000000000
 7 10.66225742293900 0.000000000000000
 8 11.96092166760834 0.000000000000000
 9 16.77480087318886 0.000000000000000
 10 17.61301692559108 0.000000000000000
 11 18.46648905209806 0.000000000000000
 12 19.02235023540103 0.000000000000000

 spin=1 k-point=943/1284 Cartesian=-0.07789617997133380 0.000000000000000 0.07676364473785349 (1331 plane wave)
 1 -1.893372919955292 0.001562500000000037
 2 -0.7990091095986512 0.001562500000000037
 3 7.874116544414865 0.000000000000000
 4 9.989509076637344 0.000000000000000
 5 10.13980833132464 0.000000000000000
 6 10.89003490499767 0.000000000000000
 7 11.44659619169183 0.000000000000000
 8 11.79836242372349 0.000000000000000
 9 17.26382493087310 0.000000000000000
 10 17.55533190712717 0.000000000000000
 11 18.51126787928582 0.000000000000000
 12 18.55523235483033 0.000000000000000

 spin=1 k-point=944/1284 Cartesian=-0.05842213497850025 0.01124334511882401 0.07676364473785349 (1330 plane wave)
 1 -2.269267546886427 0.001562500000000037
 2 -1.174048876538320 0.001562500000000037
 3 7.547661433196468 0.000000000000000
 4 10.55136207641012 0.000000000000000
 5 11.17758237309090 0.000000000000000
 6 11.87430809736200 0.000000000000000
 7 12.47548199875978 0.000000000000000
 8 13.30852627858155 0.000000000000000
 9 15.97300366430749 0.000000000000000
 10 16.96022241286199 0.000000000000000
 11 18.35813309216989 0.000000000000000
 12 19.30428529511252 0.000000000000000

 spin=1 k-point=945/1284 Cartesian=-0.03894808998566670 0.02248669023764735 0.07676364473785349 (1333 plane wave)
 1 -2.494915889010127 0.001562500000000037
 2 -1.399255693774093 0.001562500000000037
 3 7.340890300015903 0.000000000000000
 4 10.52515769592224 0.000000000000000
 5 12.00879793830086 0.000000000000000
 6 13.01750638410872 0.000000000000000
 7 13.81340727611024 0.000000000000000
 8 14.91650809609308 0.000000000000000
 9 15.13015195879457 0.000000000000000
 10 16.09482178452160 0.000000000000000
 11 18.68972774941804 0.000000000000000
 12 19.78378112056256 0.000000000000000

 spin=1 k-point=946/1284 Cartesian=-0.01947404499283316 0.03373003535647068 0.07676364473785349 (1329 plane wave)
 1 -2.570148914490320 0.001562500000000037
 2 -1.474351436230810 0.001562500000000037
 3 7.270937576675776 0.000000000000000
 4 10.48109024400523 0.000000000000000
 5 12.98538334643350 0.000000000000000
 6 13.06705839459759 0.000000000000000
 7 14.14685631589617 0.000000000000000
 8 14.21398858142722 0.000000000000000
 9 16.58397830880314 0.000000000000000
 10 16.88905256191519 0.000000000000000
 11 17.82305478453726 0.000000000000000
 12 18.06913434402497 0.000000000000000

 spin=1 k-point=947/1284 Cartesian=0.000000000000000 0.06746007071294047 0.07676364473785349 (1334 plane wave)
 1 -2.118887283236793 0.001562500000000037
 2 -1.023999419487954 0.001562500000000037
 3 7.676890466595065 0.000000000000000
 4 9.870778755854229 0.000000000000000
 5 10.84034027171659 0.000000000000000
 6 11.25001547144899 0.000000000000000
 7 12.98232430453321 0.000000000000000
 8 14.08572024925824 0.000000000000000
 9 14.38291496715603 0.000000000000000
 10 15.35552767139083 0.000000000000000
 11 19.87191361847494 0.000000000000000
 12 20.27565271643894 0.000000000000000

 spin=1 k-point=948/1284 Cartesian=0.01947404499283394 0.07870341583176403 0.07676364473785349 (1330 plane wave)
 1 -1.818238738719906 0.001562500000000037
 2 -0.7240859841889938 0.001562500000000037
 3 7.910514229549753 0.000000000000000
 4 9.056055548708590 0.000000000000000
 5 10.10583089472191 0.000000000000000
 6 11.06382479816297 0.000000000000000
 7 11.75131067522675 0.000000000000000
 8 12.59042174202255 0.000000000000000
 9 15.27368195733108 0.000000000000000
 10 16.27733505977820 0.000000000000000
 11 19.03746882141036 0.000000000000000
 12 19.89343085319421 0.000000000000000

 spin=1 k-point=949/1284 Cartesian=0.03894808998566748 0.08994676095058736 0.07676364473785349 (1337 plane wave)
 1 -1.367583570013525 0.001562500000000037
 2 -0.2747675751161784 0.001562500000000036
 3 8.032062246901972 0.000000000000000
 4 8.521642122060300 0.000000000000000
 5 9.161577322608752 0.000000000000000
 6 9.789066947756234 0.000000000000000
 7 10.66225742797910 0.000000000000000
 8 11.96092167213111 0.000000000000000
 9 16.77480086892739 0.000000000000000
 10 17.61301691389214 0.000000000000000
 11 18.46648906088432 0.000000000000000
 12 19.02235023518559 0.000000000000000

 spin=1 k-point=950/1284 Cartesian=0.05842213497850103 0.1011901060694107 0.07676364473785349 (1347 plane wave)
 1 -0.7674434889528015 0.001562500000000037
 2 0.3229302890022652 0.001562499999999930
 3 7.569703531013906 0.000000000000000
 4 7.597340035498142 0.000000000000000
 5 8.437978749140711 0.000000000000000
 6 8.807787843637911 0.000000000000000
 7 9.677747865686101 0.000000000000000
 8 12.47153772732696 0.000000000000000
 9 17.39492428337700 0.000000000000000
 10 17.59491935949812 0.000000000000000
 11 18.44233330874027 0.000000000000000
 12 18.61526800763263 0.000000000000000

 spin=1 k-point=951/1284 Cartesian=0.07789617997133459 0.1124334511882340 0.07676364473785349 (1346 plane wave)
 1 -0.01892725883207289 0.001562500000000033
 2 1.066311820413129 0.001562499999819230
 3 5.997225029130839 5.196798455891177e-15
 4 6.887274637330098 0.000000000000000
 5 7.409404532316055 0.000000000000000
 6 8.286722934455200 0.000000000000000
 7 10.10496996071470 0.000000000000000
 8 13.15042904607838 0.000000000000000
 9 15.96771666100900 0.000000000000000
 10 17.09652818089089 0.000000000000000
 11 18.08078628043254 0.000000000000000
 12 19.13760179438009 0.000000000000000

 spin=1 k-point=952/1284 Cartesian=0.09737022496416814 0.1236767963070574 0.07676364473785349 (1349 plane wave)
 1 0.8750128154336002 0.001562499999973343
 2 1.944180749753844 0.001562498825773516
 3 4.537229025145038 1.138718414431729e-08
 4 5.568713050411760 3.773463972291737e-13
 5 6.982719379827111 0.000000000000000
 6 8.014876999393076 0.000000000000000
 7 10.91365475861942 0.000000000000000
 8 13.77737914646474 0.000000000000000
 9 14.74593765405941 0.000000000000000
 10 16.72859505279911 0.000000000000000
 11 17.53027541557847 0.000000000000000
 12 18.29850251732199 0.000000000000000

 spin=1 k-point=953/1284 Cartesian=0.1168442699570017 0.1349201414258807 0.07676364473785349 (1353 plane wave)
 1 1.901098685569981 0.001562499236781472
 2 2.749074704024919 0.001558832732524650
 3 3.435006944010248 0.0004820522402642804
 4 4.275452677842670 1.560474381833115e-07
 5 6.819448249987361 0.000000000000000
 6 7.874073842542595 0.000000000000000
 7 11.90688445581965 0.000000000000000
 8 13.02671676668699 0.000000000000000
 9 15.14701833899455 0.000000000000000
 10 16.12278031560498 0.000000000000000
 11 16.98801359247993 0.000000000000000
 12 17.95743697050891 0.000000000000000

 spin=1 k-point=954/1284 Cartesian=0.1363183149498352 0.1461634865447040 0.07676364473785349 (1353 plane wave)
 1 1.901098690207744 0.001562499236781436
 2 2.749074675803921 0.001558832733557160
 3 3.435006989971361 0.0004820520870608624
 4 4.275452652924604 1.560474770634466e-07
 5 6.819448247700470 0.000000000000000
 6 7.874073849752503 0.000000000000000
 7 11.90688445104541 0.000000000000000
 8 13.02671676127977 0.000000000000000
 9 15.14701837593612 0.000000000000000
 10 16.12278028356732 0.000000000000000
 11 16.98801356968732 0.000000000000000
 12 17.95743700908213 0.000000000000000

 spin=1 k-point=955/1284 Cartesian=0.1557923599426688 0.1574068316635274 0.07676364473785349 (1349 plane wave)
 1 0.8750128162748418 0.001562499999973343
 2 1.944180746774149 0.001562498825773551
 3 4.537229047214573 1.138718163123679e-08
 4 5.568713020803005 3.773465089567871e-13
 5 6.982719372045921 0.000000000000000
 6 8.014877025366774 0.000000000000000
 7 10.91365474703178 0.000000000000000
 8 13.77737911876107 0.000000000000000
 9 14.74593771014298 0.000000000000000
 10 16.72859504431787 0.000000000000000
 11 17.53027529670792 0.000000000000000
 12 18.29850266804898 0.000000000000000

 spin=1 k-point=956/1284 Cartesian=-0.1363183149498344 -0.01124334511882266 0.07676364473785349 (1346 plane wave)
 1 -0.01892725879933051 0.001562500000000033
 2 1.066311820350550 0.001562499999819230
 3 5.997225054914672 5.196797115957181e-15
 4 6.887274591800660 0.000000000000000
 5 7.409404505856146 0.000000000000000
 6 8.286723000676446 0.000000000000000
 7 10.10496993809197 0.000000000000000
 8 13.15042904224136 0.000000000000000
 9 15.96771669553730 0.000000000000000
 10 17.09652817330541 0.000000000000000
 11 18.08078617360183 0.000000000000000
 12 19.13760198014143 0.000000000000000

 spin=1 k-point=957/1284 Cartesian=-0.1168442699570009 0.000000000000000 0.07676364473785349 (1347 plane wave)
 1 -0.7674434891201810 0.001562500000000037
 2 0.3229302894400065 0.001562499999999930
 3 7.569703529556858 0.000000000000000
 4 7.597340033935960 0.000000000000000
 5 8.437978750353137 0.000000000000000
 6 8.807787846635211 0.000000000000000
 7 9.677747863946351 0.000000000000000
 8 12.47153772601103 0.000000000000000
 9 17.39492428640990 0.000000000000000
 10 17.59491936087145 0.000000000000000
 11 18.44233331136881 0.000000000000000
 12 18.61526800653534 0.000000000000000

 spin=1 k-point=958/1284 Cartesian=-0.09737022496416733 0.01124334511882401 0.07676364473785349 (1337 plane wave)
 1 -1.367583570204131 0.001562500000000037
 2 -0.2747675746575253 0.001562500000000036
 3 8.032062131554564 0.000000000000000
 4 8.521642326204068 0.000000000000000
 5 9.161577358804404 0.000000000000000
 6 9.789066698216031 0.000000000000000
 7 10.66225757078234 0.000000000000000
 8 11.96092165394198 0.000000000000000
 9 16.77480078919138 0.000000000000000
 10 17.61301707132868 0.000000000000000
 11 18.46648900513019 0.000000000000000
 12 19.02235035264264 0.000000000000000

 spin=1 k-point=959/1284 Cartesian=-0.07789617997133380 0.02248669023764735 0.07676364473785349 (1330 plane wave)
 1 -1.818238738874089 0.001562500000000037
 2 -0.7240859838336735 0.001562500000000037
 3 7.910514199312172 0.000000000000000
 4 9.056055644518944 0.000000000000000
 5 10.10583082263070 0.000000000000000
 6 11.06382473447566 0.000000000000000
 7 11.75131076071973 0.000000000000000
 8 12.59042172849728 0.000000000000000
 9 15.27368191764224 0.000000000000000
 10 16.27733511524844 0.000000000000000
 11 19.03746880552436 0.000000000000000
 12 19.89343087058385 0.000000000000000

 spin=1 k-point=960/1284 Cartesian=-0.05842213497850025 0.03373003535647068 0.07676364473785349 (1334 plane wave)
 1 -2.118887283333589 0.001562500000000037
 2 -1.023999419269646 0.001562500000000037
 3 7.676890458446546 0.000000000000000
 4 9.870778828893203 0.000000000000000
 5 10.84034009997601 0.000000000000000
 6 11.25001557853123 0.000000000000000
 7 12.98232430680925 0.000000000000000
 8 14.08572025203009 0.000000000000000
 9 14.38291492462184 0.000000000000000
 10 15.35552771566036 0.000000000000000
 11 19.87191360802868 0.000000000000000
 12 20.27565271889372 0.000000000000000

 spin=1 k-point=961/1284 Cartesian=-0.03894808998566670 0.04497338047529402 0.07676364473785349 (1330 plane wave)
 1 -2.269267546884016 0.001562500000000037
 2 -1.174048876534495 0.001562500000000037
 3 7.547661433303897 0.000000000000000
 4 10.55136207964487 0.000000000000000
 5 11.17758237397876 0.000000000000000
 6 11.87430809650994 0.000000000000000
 7 12.47548199300981 0.000000000000000
 8 13.30852627666331 0.000000000000000
 9 15.97300366680498 0.000000000000000
 10 16.96022241601989 0.000000000000000
 11 18.35813309064016 0.000000000000000
 12 19.30428529911162 0.000000000000000

 spin=1 k-point=962/1284 Cartesian=-0.01947404499283316 0.05621672559411735 0.07676364473785349 (1330 plane wave)
 1 -2.269267546851268 0.001562500000000037
 2 -1.174048876607581 0.001562500000000037
 3 7.547661435229178 0.000000000000000
 4 10.55136203419864 0.000000000000000
 5 11.17758244774629 0.000000000000000
 6 11.87430806764175 0.000000000000000
 7 12.47548199511302 0.000000000000000
 8 13.30852626999953 0.000000000000000
 9 15.97300369502672 0.000000000000000
 10 16.96022239743976 0.000000000000000
 11 18.35813303789489 0.000000000000000
 12 19.30428534683064 0.000000000000000

 spin=1 k-point=963/1284 Cartesian=0.000000000000000 0.08994676095058715 0.07676364473785349 (1337 plane wave)
 1 -1.592897361182364 0.001562500000000037
 2 -0.4994251176681823 0.001562500000000037
 3 7.812497935470870 0.000000000000000
 4 8.363285093144253 0.000000000000000
 5 9.252741402478291 0.000000000000000
 6 11.47560489669405 0.000000000000000
 7 12.30102155272089 0.000000000000000
 8 13.40462883146118 0.000000000000000
 9 13.76841660724046 0.000000000000000
 10 14.70920208753716 0.000000000000000
 11 18.15709156556207 0.000000000000000
 12 21.16134797272521 0.000000000000000

 spin=1 k-point=964/1284 Cartesian=0.01947404499283394 0.1011901060694107 0.07676364473785349 (1337 plane wave)
 1 -1.217551276270946 0.001562500000000037
 2 -0.1253993076067339 0.001562500000000036
 3 7.164314549262128 0.000000000000000
 4 8.117677550007524 0.000000000000000
 5 8.850098693940938 0.000000000000000
 6 10.76958890098316 0.000000000000000
 7 11.74756121749395 0.000000000000000
 8 12.21031245784447 0.000000000000000
 9 14.68648378738522 0.000000000000000
 10 15.64842913805652 0.000000000000000
 11 17.43667871138341 0.000000000000000
 12 20.23185401093523 0.000000000000000

 spin=1 k-point=965/1284 Cartesian=0.03894808998566748 0.1124334511882340 0.07676364473785349 (1338 plane wave)
 1 -0.6926171818100053 0.001562500000000037
 2 0.3971574654131999 0.001562499999999812
 3 6.519121814599875 0.000000000000000
 4 7.552643996877668 0.000000000000000
 5 8.728952955410492 0.000000000000000
 6 9.391767582288127 0.000000000000000
 7 10.23958740594007 0.000000000000000
 8 12.53173636028059 0.000000000000000
 9 16.04444482902346 0.000000000000000
 10 16.65237919906778 0.000000000000000
 11 17.57286596615213 0.000000000000000
 12 18.82181337426933 0.000000000000000

 spin=1 k-point=966/1284 Cartesian=0.05842213497850103 0.1236767963070574 0.07676364473785349 (1346 plane wave)
 1 -0.01892725860343817 0.001562500000000033
 2 1.066311819748397 0.001562499999819230
 3 5.997225057481924 5.196796982542248e-15
 4 6.887274592251527 0.000000000000000
 5 7.409404505216500 0.000000000000000
 6 8.286722997195993 0.000000000000000
 7 10.10496994004442 0.000000000000000
 8 13.15042904373813 0.000000000000000
 9 15.96771668836557 0.000000000000000
 10 17.09652817586320 0.000000000000000
 11 18.08078617052521 0.000000000000000
 12 19.13760198735864 0.000000000000000

 spin=1 k-point=967/1284 Cartesian=0.07789617997133459 0.1349201414258807 0.07676364473785349 (1348 plane wave)
 1 0.8016276227524560 0.001562499999987222
 2 1.876284940703446 0.001562499404496670
 3 5.569813188754639 3.732178155128674e-13
 4 5.617842246171707 2.308738628850832e-13
 5 6.781495153345507 0.000000000000000
 6 6.845178056996493 0.000000000000000
 7 10.83758219265795 0.000000000000000
 8 13.84654700854196 0.000000000000000
 9 15.59622235829940 0.000000000000000
 10 15.75266258126668 0.000000000000000
 11 18.64530724737185 0.000000000000000
 12 18.96483793367450 0.000000000000000

 spin=1 k-point=968/1284 Cartesian=0.09737022496416814 0.1461634865447041 0.07676364473785349 (1348 plane wave)
 1 1.763088464447880 0.001562499808010234
 2 2.791613405810307 0.001556895385045361
 3 4.255793380553442 1.899443959700064e-07
 4 5.091074548791747 4.478147144402654e-11
 5 5.710915004171414 9.102586576933888e-14
 6 6.568287117020819 0.000000000000000
 7 11.76732258872639 0.000000000000000
 8 13.93250218157544 0.000000000000000
 9 14.89736502684002 0.000000000000000
 10 15.69745990111502 0.000000000000000
 11 17.53262515542681 0.000000000000000
 12 18.63463870991137 0.000000000000000

 spin=1 k-point=969/1284 Cartesian=0.1168442699570017 0.1574068316635274 0.07676364473785349 (1352 plane wave)
 1 2.800954086982224 0.001556348806911773
 2 2.840774840660462 0.001553357536609791
 3 3.993133507909594 2.622209846620771e-06
 4 4.128712263707773 6.767021665832173e-07
 5 5.487935552673632 8.463548923067118e-13
 6 6.489614304457178 0.000000000000000
 7 12.80432538500657 0.000000000000000
 8 12.87769073809704 0.000000000000000
 9 15.00636417151333 0.000000000000000
 10 16.24925856894030 0.000000000000000
 11 16.54439128903114 0.000000000000000
 12 18.56187040627098 0.000000000000000

 spin=1 k-point=970/1284 Cartesian=0.1363183149498352 0.1686501767823507 0.07676364473785349 (1348 plane wave)
 1 1.763088465343954 0.001562499808010232
 2 2.791613400596379 0.001556895385336534
 3 4.255793409898768 1.899443402369742e-07
 4 5.091074499178387 4.478149366162970e-11
 5 5.710915024938341 9.102584686606183e-14
 6 6.568287121791466 0.000000000000000
 7 11.76732258629636 0.000000000000000
 8 13.93250216538141 0.000000000000000
 9 14.89736507658575 0.000000000000000
 10 15.69745986527175 0.000000000000000
 11 17.53262515597378 0.000000000000000
 12 18.63463871141288 0.000000000000000

 spin=1 k-point=971/1284 Cartesian=0.1557923599426688 0.1798935219011741 0.07676364473785349 (1348 plane wave)
 1 0.8016276224330079 0.001562499999987222
 2 1.876284941774603 0.001562499404496663
 3 5.569813187167380 3.732178214368024e-13
 4 5.617842244636492 2.308738664294942e-13
 5 6.781495153306015 0.000000000000000
 6 6.845178059584095 0.000000000000000
 7 10.83758219131895 0.000000000000000
 8 13.84654700953562 0.000000000000000
 9 15.59622235833981 0.000000000000000
 10 15.75266258151345 0.000000000000000
 11 18.64530724952774 0.000000000000000
 12 18.96483792971161 0.000000000000000

 spin=1 k-point=972/1284 Cartesian=-0.1363183149498344 0.01124334511882402 0.07676364473785349 (1346 plane wave)
 1 -0.01892725909140170 0.001562500000000033
 2 1.066311821141159 0.001562499999819230
 3 5.997225029432273 5.196798440226284e-15
 4 6.887274634731384 0.000000000000000
 5 7.409404534254369 0.000000000000000
 6 8.286722933944658 0.000000000000000
 7 10.10496995996989 0.000000000000000
 8 13.15042904669075 0.000000000000000
 9 15.96771665606787 0.000000000000000
 10 17.09652818598892 0.000000000000000
 11 18.08078627926701 0.000000000000000
 12 19.13760179694646 0.000000000000000

 spin=1 k-point=973/1284 Cartesian=-0.1168442699570009 0.02248669023764736 0.07676364473785349 (1338 plane wave)
 1 -0.6926171822434445 0.001562500000000037
 2 0.3971574665402772 0.001562499999999812
 3 6.519121779223239 0.000000000000000
 4 7.552644057917869 0.000000000000000
 5 8.728953085983196 0.000000000000000
 6 9.391767271578290 0.000000000000000
 7 10.23958756868569 0.000000000000000
 8 12.53173635551612 0.000000000000000
 9 16.04444467066554 0.000000000000000
 10 16.65237948232288 0.000000000000000
 11 17.57286580611485 0.000000000000000
 12 18.82181340546044 0.000000000000000

 spin=1 k-point=974/1284 Cartesian=-0.09737022496416733 0.03373003535647070 0.07676364473785349 (1337 plane wave)
 1 -1.217551276599035 0.001562500000000037
 2 -0.1253993067989657 0.001562500000000036
 3 7.164314488710045 0.000000000000000
 4 8.117677714495425 0.000000000000000
 5 8.850098599359704 0.000000000000000
 6 10.76958880183300 0.000000000000000
 7 11.74756138630120 0.000000000000000
 8 12.21031238140460 0.000000000000000
 9 14.68648372635708 0.000000000000000
 10 15.64842925158640 0.000000000000000
 11 17.43667862823183 0.000000000000000
 12 20.23185404808552 0.000000000000000

 spin=1 k-point=975/1284 Cartesian=-0.07789617997133380 0.04497338047529403 0.07676364473785349 (1337 plane wave)
 1 -1.592897361398232 0.001562500000000037
 2 -0.4994251171540866 0.001562500000000037
 3 7.812497809716948 0.000000000000000
 4 8.363285331230701 0.000000000000000
 5 9.252741279668234 0.000000000000000
 6 11.47560489810444 0.000000000000000
 7 12.30102155506935 0.000000000000000
 8 13.40462883413446 0.000000000000000
 9 13.76841656664542 0.000000000000000
 10 14.70920215437499 0.000000000000000
 11 18.15709152001775 0.000000000000000
 12 21.16134799231216 0.000000000000000

 spin=1 k-point=976/1284 Cartesian=-0.05842213497850025 0.05621672559411737 0.07676364473785349 (1330 plane wave)
 1 -1.818238738870059 0.001562500000000037
 2 -0.7240859838302718 0.001562500000000037
 3 7.910514199408440 0.000000000000000
 4 9.056055645363280 0.000000000000000
 5 10.10583082145119 0.000000000000000
 6 11.06382474843346 0.000000000000000
 7 11.75131074384541 0.000000000000000
 8 12.59042172655046 0.000000000000000
 9 15.27368192036520 0.000000000000000
 10 16.27733511917805 0.000000000000000
 11 19.03746880579689 0.000000000000000
 12 19.89343087064399 0.000000000000000

 spin=1 k-point=977/1284 Cartesian=-0.03894808998566670 0.06746007071294070 0.07676364473785349 (1331 plane wave)
 1 -1.893372919948320 0.001562500000000037
 2 -0.7990091095945908 0.001562500000000037
 3 7.874116544846864 0.000000000000000
 4 9.989509089244144 0.000000000000000
 5 10.13980832702782 0.000000000000000
 6 10.89003489686840 0.000000000000000
 7 11.44659619436639 0.000000000000000
 8 11.79836241603544 0.000000000000000
 9 17.26382493736102 0.000000000000000
 10 17.55533190323747 0.000000000000000
 11 18.51126788046278 0.000000000000000
 12 18.55523236110109 0.000000000000000

 spin=1 k-point=978/1284 Cartesian=-0.01947404499283316 0.07870341583176405 0.07676364473785349 (1330 plane wave)
 1 -1.818238738763766 0.001562500000000037
 2 -0.7240859840794316 0.001562500000000037
 3 7.910514229474138 0.000000000000000
 4 9.056055548825171 0.000000000000000
 5 10.10583089445380 0.000000000000000
 6 11.06382481510466 0.000000000000000
 7 11.75131065592883 0.000000000000000
 8 12.59042173684719 0.000000000000000
 9 15.27368196227360 0.000000000000000
 10 16.27733506542764 0.000000000000000
 11 19.03746881993172 0.000000000000000
 12 19.89343085770421 0.000000000000000

 spin=1 k-point=979/1284 Cartesian=0.000000000000000 0.1124334511882338 0.07676364473785349 (1340 plane wave)
 1 -0.9176503573113554 0.001562500000000037
 2 0.1729806301885166 0.001562500000000013
 3 6.301797762478756 0.000000000000000
 4 7.351310462153338 0.000000000000000
 5 9.023276130373395 0.000000000000000
 6 11.77067823510314 0.000000000000000
 7 11.97953499068674 0.000000000000000
 8 12.87443178382715 0.000000000000000
 9 13.34145112911215 0.000000000000000
 10 14.16740899786338 0.000000000000000
 11 16.58686087513657 0.000000000000000
 12 19.58452945618464 0.000000000000000

 spin=1 k-point=980/1284 Cartesian=0.01947404499283394 0.1236767963070574 0.07676364473785349 (1341 plane wave)
 1 -0.4682654315637702 0.001562500000000037
 2 0.6194564726994852 0.001562499999997964
 3 5.568205357062709 3.792670316019195e-13
 4 6.633270914146161 0.000000000000000
 5 9.349162960834743 0.000000000000000
 6 10.39644362265169 0.000000000000000
 7 11.46015671300685 0.000000000000000
 8 12.66788486194831 0.000000000000000
 9 14.19803973271549 0.000000000000000
 10 15.02553599829288 0.000000000000000
 11 16.13279983212768 0.000000000000000
 12 18.83399443788292 0.000000000000000

 spin=1 k-point=981/1284 Cartesian=0.03894808998566748 0.1349201414258807 0.07676364473785349 (1345 plane wave)
 1 0.1298322268016374 0.001562500000000021
 2 1.211863563239727 0.001562499999224971
 3 4.978015797108550 1.387095534854451e-10
 4 6.039316784847760 3.411407948265370e-15
 5 8.530066205003765 0.000000000000000
 6 9.484934621026010 0.000000000000000
 7 10.35790840405291 0.000000000000000
 8 13.23759313656389 0.000000000000000
 9 14.86204755442746 0.000000000000000
 10 16.07006615660446 0.000000000000000
 11 17.10538645555235 0.000000000000000
 12 18.06205470466161 0.000000000000000

 spin=1 k-point=982/1284 Cartesian=0.05842213497850103 0.1461634865447041 0.07676364473785349 (1349 plane wave)
 1 0.8750128165267811 0.001562499999973343
 2 1.944180745661319 0.001562498825773564
 3 4.537229049820947 1.138718133444620e-08
 4 5.568713020837007 3.773465088284806e-13
 5 6.982719371282112 0.000000000000000
 6 8.014877023865321 0.000000000000000
 7 10.91365474831621 0.000000000000000
 8 13.77737911848214 0.000000000000000
 9 14.74593770554967 0.000000000000000
 10 16.72859504179353 0.000000000000000
 11 17.53027529658452 0.000000000000000
 12 18.29850267759334 0.000000000000000

 spin=1 k-point=983/1284 Cartesian=0.07789617997133459 0.1574068316635274 0.07676364473785349 (1348 plane wave)
 1 1.763088465789919 0.001562499808010231
 2 2.791613398234704 0.001556895385468421
 3 4.255793413465657 1.899443334626925e-07
 4 5.091074499440949 4.478149354405009e-11
 5 5.710915024212111 9.102584752711828e-14
 6 6.568287120665590 0.000000000000000
 7 11.76732258767890 0.000000000000000
 8 13.93250216149843 0.000000000000000
 9 14.89736507323397 0.000000000000000
 10 15.69745986985638 0.000000000000000
 11 17.53262515635290 0.000000000000000
 12 18.63463871572579 0.000000000000000

 spin=1 k-point=984/1284 Cartesian=0.09737022496416814 0.1686501767823507 0.07676364473785349 (1351 plane wave)
 1 2.776592162423432 0.001557674673977996
 2 3.520780762539218 0.0002486194800287891
 3 3.992505135501663 2.638711057692421e-06
 4 4.415168346952879 3.859328099804562e-08
 5 5.260866929733782 8.197836418667676e-12
 6 5.335250843420122 3.896313897620511e-12
 7 12.77372178726614 0.000000000000000
 8 13.79945796664089 0.000000000000000
 9 14.02226971974130 0.000000000000000
 10 16.29928136500370 0.000000000000000
 11 17.40100411499927 0.000000000000000
 12 17.41749492014456 0.000000000000000

 spin=1 k-point=985/1284 Cartesian=0.1168442699570017 0.1798935219011741 0.07676364473785349 (1351 plane wave)
 1 2.776592161418629 0.001557674674026331
 2 3.520780767577064 0.0002486194694966650
 3 3.992505134132730 2.638711093753594e-06
 4 4.415168341746370 3.859328300735924e-08
 5 5.260866929362244 8.197836449125710e-12
 6 5.335250846343777 3.896313783705740e-12
 7 12.77372178509641 0.000000000000000
 8 13.79945796988686 0.000000000000000
 9 14.02226971971661 0.000000000000000
 10 16.29928136285336 0.000000000000000
 11 17.40100411862789 0.000000000000000
 12 17.41749491737762 0.000000000000000

 spin=1 k-point=986/1284 Cartesian=0.1363183149498352 0.1911368670199974 0.07676364473785349 (1348 plane wave)
 1 1.763088463863556 0.001562499808010235
 2 2.791613408102697 0.001556895384917342
 3 4.255793379819847 1.899443973632594e-07
 4 5.091074545607504 4.478147286997767e-11
 5 5.710915005639692 9.102586443282651e-14
 6 6.568287117924560 0.000000000000000
 7 11.76732258683933 0.000000000000000
 8 13.93250218316895 0.000000000000000
 9 14.89736502377224 0.000000000000000
 10 15.69745990247784 0.000000000000000
 11 17.53262515593007 0.000000000000000
 12 18.63463871288264 0.000000000000000

 spin=1 k-point=987/1284 Cartesian=0.1557923599426688 0.2023802121388207 0.07676364473785349 (1349 plane wave)
 1 0.8750128150083480 0.001562499999973343
 2 1.944180751073998 0.001562498825773501
 3 4.537229024944886 1.138718416710881e-08
 4 5.568713050056571 3.773463985694665e-13
 5 6.982719378943993 0.000000000000000
 6 8.014876999855151 0.000000000000000
 7 10.91365475703002 0.000000000000000
 8 13.77737914987603 0.000000000000000
 9 14.74593764701846 0.000000000000000
 10 16.72859505328121 0.000000000000000
 11 17.53027541651798 0.000000000000000
 12 18.29850252266802 0.000000000000000

 spin=1 k-point=988/1284 Cartesian=-0.1363183149498344 0.03373003535647069 0.07676364473785349 (1345 plane wave)
 1 0.1298322257075139 0.001562500000000021
 2 1.211863566498925 0.001562499999224971
 3 4.978015773560763 1.387095861484842e-10
 4 6.039316814009074 3.411406953453923e-15
 5 8.530066257806448 0.000000000000000
 6 9.484934461942114 0.000000000000000
 7 10.35790850828397 0.000000000000000
 8 13.23759314884388 0.000000000000000
 9 14.86204747279010 0.000000000000000
 10 16.07006631584520 0.000000000000000
 11 17.10538629792105 0.000000000000000
 12 18.06205477051829 0.000000000000000

 spin=1 k-point=989/1284 Cartesian=-0.1168442699570009 0.04497338047529403 0.07676364473785349 (1341 plane wave)
 1 -0.4682654323200894 0.001562500000000037
 2 0.6194564747417177 0.001562499999997964
 3 5.568205330403031 3.792671327133274e-13
 4 6.633270953150815 0.000000000000000
 5 9.349162986627494 0.000000000000000
 6 10.39644349357247 0.000000000000000
 7 11.46015682636139 0.000000000000000
 8 12.66788484192632 0.000000000000000
 9 14.19803962052116 0.000000000000000
 10 15.02553625591450 0.000000000000000
 11 16.13279964333757 0.000000000000000
 12 18.83399448981491 0.000000000000000

 spin=1 k-point=990/1284 Cartesian=-0.09737022496416733 0.05621672559411737 0.07676364473785349 (1340 plane wave)
 1 -0.9176503578042009 0.001562500000000037
 2 0.1729806314448233 0.001562500000000013
 3 6.301797726677514 0.000000000000000
 4 7.351310529292976 0.000000000000000
 5 9.023276097451213 0.000000000000000
 6 11.77067823748983 0.000000000000000
 7 11.97953495053513 0.000000000000000
 8 12.87443178642409 0.000000000000000
 9 13.34145110967723 0.000000000000000
 10 14.16740910930733 0.000000000000000
 11 16.58686078726380 0.000000000000000
 12 19.58452949512595 0.000000000000000

 spin=1 k-point=991/1284 Cartesian=-0.07789617997133380 0.06746007071294070 0.07676364473785349 (1337 plane wave)
 1 -1.217551276593367 0.001562500000000037
 2 -0.1253993067988388 0.001562500000000036
 3 7.164314488697792 0.000000000000000
 4 8.117677714811011 0.000000000000000
 5 8.850098599657754 0.000000000000000
 6 10.76958881050488 0.000000000000000
 7 11.74756137515020 0.000000000000000
 8 12.21031237686252 0.000000000000000
 9 14.68648372964261 0.000000000000000
 10 15.64842925809932 0.000000000000000
 11 17.43667862522791 0.000000000000000
 12 20.23185404736322 0.000000000000000

 spin=1 k-point=992/1284 Cartesian=-0.05842213497850025 0.07870341583176403 0.07676364473785349 (1337 plane wave)
 1 -1.367583570194234 0.001562500000000037
 2 -0.2747675746577972 0.001562500000000036
 3 8.032062130714255 0.000000000000000
 4 8.521642330255323 0.000000000000000
 5 9.161577358426083 0.000000000000000
 6 9.789066701514098 0.000000000000000
 7 10.66225756560931 0.000000000000000
 8 11.96092164813868 0.000000000000000
 9 16.77480079080952 0.000000000000000
 10 17.61301708254521 0.000000000000000
 11 18.46648899987406 0.000000000000000
 12 19.02235035227062 0.000000000000000

 spin=1 k-point=993/1284 Cartesian=-0.03894808998566670 0.08994676095058737 0.07676364473785349 (1337 plane wave)
 1 -1.367583570104556 0.001562500000000037
 2 -0.2747675748768129 0.001562500000000036
 3 8.032062245860869 0.000000000000000
 4 8.521642123588768 0.000000000000000
 5 9.161577325442844 0.000000000000000
 6 9.789066949977085 0.000000000000000
 7 10.66225742496544 0.000000000000000
 8 11.96092166251855 0.000000000000000
 9 16.77480087445326 0.000000000000000
 10 17.61301692698155 0.000000000000000
 11 18.46648905190125 0.000000000000000
 12 19.02235023793490 0.000000000000000

 spin=1 k-point=994/1284 Cartesian=-0.01947404499283316 0.1011901060694107 0.07676364473785349 (1337 plane wave)
 1 -1.217551276315628 0.001562500000000037
 2 -0.1253993074842959 0.001562500000000036
 3 7.164314549031639 0.000000000000000
 4 8.117677550512621 0.000000000000000
 5 8.850098693837626 0.000000000000000
 6 10.76958891032393 0.000000000000000
 7 11.74756121189795 0.000000000000000
 8 12.21031244455938 0.000000000000000
 9 14.68648379344885 0.000000000000000
 10 15.64842914609958 0.000000000000000
 11 17.43667870735010 0.000000000000000
 12 20.23185401882832 0.000000000000000

 spin=1 k-point=995/1284 Cartesian=0.000000000000000 0.1349201414258805 0.07676364473785349 (1351 plane wave)
 1 -0.09482626083896402 0.001562500000000035
 2 0.9883361530153463 0.001562499999917134
 3 4.758805705982125 1.242005816790044e-09
 4 5.829044090822745 2.793422248419361e-14
 5 9.755986913490929 0.000000000000000
 6 11.39170074681987 0.000000000000000
 7 12.31974120624142 0.000000000000000
 8 12.49555008740419 0.000000000000000
 9 13.26972433617464 0.000000000000000
 10 13.67170237727745 0.000000000000000
 11 15.35395202273381 0.000000000000000
 12 18.09640381785646 0.000000000000000

 spin=1 k-point=996/1284 Cartesian=0.01947404499283394 0.1461634865447040 0.07676364473785349 (1342 plane wave)
 1 0.4267202494455675 0.001562499999999735
 2 1.499368328417610 0.001562499986261011
 3 4.100724751674918 8.951278623390303e-07
 4 5.164310310172369 2.152977135951416e-11
 5 9.846424066757431 0.000000000000000
 6 10.39074784695710 0.000000000000000
 7 11.23646836191261 0.000000000000000
 8 13.28711058070649 0.000000000000000
 9 13.56667582288593 0.000000000000000
 10 14.45752208083531 0.000000000000000
 11 15.48358296744559 0.000000000000000
 12 17.45787062732032 0.000000000000000

 spin=1 k-point=997/1284 Cartesian=0.03894808998566748 0.1574068316635274 0.07676364473785349 (1343 plane wave)
 1 1.094128735246274 0.001562499999761243
 2 2.134888548378690 0.001562492093511191
 3 3.612300120452857 0.0001100563142556747
 4 4.645221221818849 3.867356143676503e-09
 5 8.335110829812653 0.000000000000000
 6 9.376043113958993 0.000000000000000
 7 11.14355293034442 0.000000000000000
 8 13.28305442742771 0.000000000000000
 9 14.37232201851296 0.000000000000000
 10 15.72912087596148 0.000000000000000
 11 16.77781649891996 0.000000000000000
 12 17.09765644880509 0.000000000000000

 spin=1 k-point=998/1284 Cartesian=0.05842213497850103 0.1686501767823507 0.07676364473785349 (1353 plane wave)
 1 1.901098690622597 0.001562499236781433
 2 2.749074671611181 0.001558832733710558
 3 3.435006995522423 0.0004820520685573580
 4 4.275452652460362 1.560474777878124e-07
 5 6.819448247244923 0.000000000000000
 6 7.874073849306877 0.000000000000000
 7 11.90688445212253 0.000000000000000
 8 13.02671675541061 0.000000000000000
 9 15.14701837665295 0.000000000000000
 10 16.12278027487605 0.000000000000000
 11 16.98801358100708 0.000000000000000
 12 17.95743701349803 0.000000000000000

 spin=1 k-point=999/1284 Cartesian=0.07789617997133459 0.1798935219011741 0.07676364473785349 (1352 plane wave)
 1 2.800954092310754 0.001556348806585295
 2 2.840774834234673 0.001553357537193829
 3 3.993133513991900 2.622209687397575e-06
 4 4.128712259116964 6.767021976358729e-07
 5 5.487935553439129 8.463548858278859e-13
 6 6.489614303847979 0.000000000000000
 7 12.80432538935494 0.000000000000000
 8 12.87769072999560 0.000000000000000
 9 15.00636416797475 0.000000000000000
 10 16.24925856550269 0.000000000000000
 11 16.54439129998403 0.000000000000000
 12 18.56187041002351 0.000000000000000

 spin=1 k-point=1000/1284 Cartesian=0.09737022496416814 0.1911368670199974 0.07676364473785349 (1351 plane wave)
 1 2.776592162732699 0.001557674673963119
 2 3.520780761727154 0.0002486194817264909
 3 3.992505139333004 2.638710956765100e-06
 4 4.415168341513464 3.859328309724328e-08
 5 5.260866936417226 8.197835870769700e-12
 6 5.335250839237648 3.896314060582889e-12
 7 12.77372178379346 0.000000000000000
 8 13.79945796245787 0.000000000000000
 9 14.02226972552937 0.000000000000000
 10 16.29928136492692 0.000000000000000
 11 17.40100411540638 0.000000000000000
 12 17.41749492231187 0.000000000000000

 spin=1 k-point=1001/1284 Cartesian=0.1168442699570017 0.2023802121388207 0.07676364473785349 (1352 plane wave)
 1 2.800954091351256 0.001556348806644083
 2 2.840774836095043 0.001553357537024741
 3 3.993133513707563 2.622209694840984e-06
 4 4.128712258912480 6.767021990190236e-07
 5 5.487935551239415 8.463549044452838e-13
 6 6.489614305591597 0.000000000000000
 7 12.80432538731359 0.000000000000000
 8 12.87769073042187 0.000000000000000
 9 15.00636417254293 0.000000000000000
 10 16.24925856741331 0.000000000000000
 11 16.54439129349818 0.000000000000000
 12 18.56187041042354 0.000000000000000

 spin=1 k-point=1002/1284 Cartesian=0.1363183149498352 0.2136235572576441 0.07676364473785349 (1353 plane wave)
 1 1.901098684686058 0.001562499236781479
 2 2.749074707516185 0.001558832732396916
 3 3.435006941973055 0.0004820522470549126
 4 4.275452678075438 1.560474378201198e-07
 5 6.819448248586184 0.000000000000000
 6 7.874073843580620 0.000000000000000
 7 11.90688445325706 0.000000000000000
 8 13.02671676471825 0.000000000000000
 9 15.14701833764182 0.000000000000000
 10 16.12278031079590 0.000000000000000
 11 16.98801360178367 0.000000000000000
 12 17.95743697401278 0.000000000000000

 spin=1 k-point=1003/1284 Cartesian=0.1557923599426688 0.2248669023764674 0.07676364473785349 (1343 plane wave)
 1 1.094128731975269 0.001562499999761243
 2 2.134888562889242 0.001562492093510044
 3 3.612300089574854 0.0001100563458452378
 4 4.645221244053759 3.867355283775339e-09
 5 8.335110846877313 0.000000000000000
 6 9.376043071038060 0.000000000000000
 7 11.14355295859180 0.000000000000000
 8 13.28305444890011 0.000000000000000
 9 14.37232194713010 0.000000000000000
 10 15.72912100342239 0.000000000000000
 11 16.77781621831480 0.000000000000000
 12 17.09765665265180 0.000000000000000

 spin=1 k-point=1004/1284 Cartesian=-0.1363183149498344 0.05621672559411736 0.07676364473785349 (1342 plane wave)
 1 0.4267202474799857 0.001562499999999735
 2 1.499368335026580 0.001562499986261010
 3 4.100724727913216 8.951280749148791e-07
 4 5.164310333402865 2.152976635804100e-11
 5 9.846424176548132 0.000000000000000
 6 10.39074760911763 0.000000000000000
 7 11.23646850157917 0.000000000000000
 8 13.28711059204654 0.000000000000000
 9 13.56667566548226 0.000000000000000
 10 14.45752240643784 0.000000000000000
 11 15.48358271171041 0.000000000000000
 12 17.45787069503088 0.000000000000000

 spin=1 k-point=1005/1284 Cartesian=-0.1168442699570009 0.06746007071294070 0.07676364473785349 (1351 plane wave)
 1 -0.09482626204384602 0.001562500000000035
 2 0.9883361565335477 0.001562499999917134
 3 4.758805682816703 1.242006104505805e-09
 4 5.829044118831526 2.793421466015789e-14
 5 9.755986914334228 0.000000000000000
 6 11.39170074923038 0.000000000000000
 7 12.31974104838512 0.000000000000000
 8 12.49555008996265 0.000000000000000
 9 13.26972438090510 0.000000000000000
 10 13.67170261371193 0.000000000000000
 11 15.35395184309488 0.000000000000000
 12 18.09640386669883 0.000000000000000

 spin=1 k-point=1006/1284 Cartesian=-0.09737022496416733 0.07870341583176403 0.07676364473785349 (1341 plane wave)
 1 -0.4682654323117332 0.001562500000000037
 2 0.6194564747368900 0.001562499999997964
 3 5.568205330462135 3.792671324891653e-13
 4 6.633270953064581 0.000000000000000
 5 9.349162988121824 0.000000000000000
 6 10.39644349790391 0.000000000000000
 7 11.46015681999928 0.000000000000000
 8 12.66788483364808 0.000000000000000
 9 14.19803962447265 0.000000000000000
 10 15.02553626819658 0.000000000000000
 11 16.13279963615886 0.000000000000000
 12 18.83399448948441 0.000000000000000

 spin=1 k-point=1007/1284 Cartesian=-0.07789617997133380 0.08994676095058737 0.07676364473785349 (1338 plane wave)
 1 -0.6926171822285566 0.001562500000000037
 2 0.3971574665297880 0.001562499999999812
 3 6.519121779392301 0.000000000000000
 4 7.552644057663803 0.000000000000000
 5 8.728953089789449 0.000000000000000
 6 9.391767274239523 0.000000000000000
 7 10.23958756199161 0.000000000000000
 8 12.53173635028734 0.000000000000000
 9 16.04444467176433 0.000000000000000
 10 16.65237949620399 0.000000000000000
 11 17.57286579711372 0.000000000000000
 12 18.82181340478496 0.000000000000000

 spin=1 k-point=1008/1284 Cartesian=-0.05842213497850025 0.1011901060694107 0.07676364473785349 (1347 plane wave)
 1 -0.7674434891000305 0.001562500000000037
 2 0.3229302894125630 0.001562499999999930
 3 7.569703524636330 0.000000000000000
 4 7.597340041646943 0.000000000000000
 5 8.437978757655509 0.000000000000000
 6 8.807787839623510 0.000000000000000
 7 9.677747860350847 0.000000000000000
 8 12.47153772191796 0.000000000000000
 9 17.39492428464365 0.000000000000000
 10 17.59491936553928 0.000000000000000
 11 18.44233331948325 0.000000000000000
 12 18.61526800430751 0.000000000000000

 spin=1 k-point=1009/1284 Cartesian=-0.03894808998566670 0.1124334511882340 0.07676364473785349 (1338 plane wave)
 1 -0.6926171819043594 0.001562500000000037
 2 0.3971574656842081 0.001562499999999812
 3 6.519121814144618 0.000000000000000
 4 7.552643997900875 0.000000000000000
 5 8.728952955052634 0.000000000000000
 6 9.391767588555147 0.000000000000000
 7 10.23958739940894 0.000000000000000
 8 12.53173635234784 0.000000000000000
 9 16.04444483729391 0.000000000000000
 10 16.65237920821366 0.000000000000000
 11 17.57286595911813 0.000000000000000
 12 18.82181337561058 0.000000000000000

 spin=1 k-point=1010/1284 Cartesian=-0.01947404499283316 0.1236767963070574 0.07676364473785349 (1341 plane wave)
 1 -0.4682654316105847 0.001562500000000037
 2 0.6194564728378624 0.001562499999997964
 3 5.568205356903631 3.792670322052489e-13
 4 6.633270914383475 0.000000000000000
 5 9.349162960872995 0.000000000000000
 6 10.39644362799648 0.000000000000000
 7 11.46015670865382 0.000000000000000
 8 12.66788484844980 0.000000000000000
 9 14.19803974139361 0.000000000000000
 10 15.02553601010868 0.000000000000000
 11 16.13279982450969 0.000000000000000
 12 18.83399444140167 0.000000000000000

 spin=1 k-point=1011/1284 Cartesian=0.000000000000000 0.1574068316635272 0.07676364473785349 (1345 plane wave)
 1 0.8699252485508904 0.001562499999974667
 2 1.911838543900935 0.001562499150249348
 3 3.392049455974409 0.0006355143740922914
 4 4.429094045373339 3.357643180417488e-08
 5 10.64391924770159 0.000000000000000
 6 11.16426379972017 0.000000000000000
 7 12.22000451678240 0.000000000000000
 8 12.26816748606236 0.000000000000000
 9 13.01842731939988 0.000000000000000
 10 13.52746018014686 0.000000000000000
 11 14.97520915284150 0.000000000000000
 12 16.76286791270289 0.000000000000000

 spin=1 k-point=1012/1284 Cartesian=0.01947404499283394 0.1686501767823507 0.07676364473785349 (1342 plane wave)
 1 1.454055598376572 0.001562499991267002
 2 2.302666857093860 0.001562457672149973
 3 3.000415530153826 0.001518395038014173
 4 3.846812525455303 1.126467493241288e-05
 5 9.823763034499358 0.000000000000000
 6 10.78255331071796 0.000000000000000
 7 11.53848147212146 0.000000000000000
 8 12.52295995448427 0.000000000000000
 9 13.60476923038906 0.000000000000000
 10 14.51073629904061 0.000000000000000
 11 15.49943790235332 0.000000000000000
 12 16.26919297515534 0.000000000000000

 spin=1 k-point=1013/1284 Cartesian=0.03894808998566748 0.1798935219011741 0.07676364473785349 (1347 plane wave)
 1 2.147558024175252 0.001562491025583695
 2 2.163016584524341 0.001562489525302591
 3 3.421602848282422 0.0005278391596943867
 4 3.461699615020516 0.0003978783892754551
 5 8.266216216900951 0.000000000000000
 6 9.320298397810170 0.000000000000000
 7 12.14828113912247 0.000000000000000
 8 12.20706293823676 0.000000000000000
 9 15.02801212059018 0.000000000000000
 10 15.32432328953907 0.000000000000000
 11 16.40357087136313 0.000000000000000
 12 16.85643768795199 0.000000000000000

 spin=1 k-point=1014/1284 Cartesian=0.05842213497850103 0.1911368670199974 0.07676364473785349 (1353 plane wave)
 1 1.901098685191513 0.001562499236781475
 2 2.749074704388052 0.001558832732511364
 3 3.435006943954697 0.0004820522404494516
 4 4.275452678993426 1.560474363877642e-07
 5 6.819448250000832 0.000000000000000
 6 7.874073842963781 0.000000000000000
 7 11.90688444966370 0.000000000000000
 8 13.02671676675656 0.000000000000000
 9 15.14701833301584 0.000000000000000
 10 16.12278031644504 0.000000000000000
 11 16.98801360538991 0.000000000000000
 12 17.95743697102468 0.000000000000000

 spin=1 k-point=1015/1284 Cartesian=0.07789617997133459 0.2023802121388208 0.07676364473785349 (1348 plane wave)
 1 1.763088464557418 0.001562499808010234
 2 2.791613405870977 0.001556895385041973
 3 4.255793381334867 1.899443944859144e-07
 4 5.091074545025776 4.478147313048375e-11
 5 5.710915008743239 9.102586160779548e-14
 6 6.568287116634109 0.000000000000000
 7 11.76732258346394 0.000000000000000
 8 13.93250218045488 0.000000000000000
 9 14.89736502243650 0.000000000000000
 10 15.69745990678298 0.000000000000000
 11 17.53262516126502 0.000000000000000
 12 18.63463871351677 0.000000000000000

 spin=1 k-point=1016/1284 Cartesian=0.09737022496416814 0.2136235572576441 0.07676364473785349 (1348 plane wave)
 1 1.763088466248554 0.001562499808010230
 2 2.791613398233592 0.001556895385468484
 3 4.255793411898675 1.899443364387244e-07
 4 5.091074501894109 4.478149244548807e-11
 5 5.710915021529056 9.102584996939368e-14
 6 6.568287123167485 0.000000000000000
 7 11.76732258296411 0.000000000000000
 8 13.93250215667260 0.000000000000000
 9 14.89736507981879 0.000000000000000
 10 15.69745987118965 0.000000000000000
 11 17.53262515693645 0.000000000000000
 12 18.63463871714442 0.000000000000000

 spin=1 k-point=1017/1284 Cartesian=0.1168442699570017 0.2248669023764674 0.07676364473785349 (1353 plane wave)
 1 1.901098691472691 0.001562499236781427
 2 2.749074671880890 0.001558832733700690
 3 3.435006993770099 0.0004820520743984276
 4 4.275452653175438 1.560474766720660e-07
 5 6.819448245962730 0.000000000000000
 6 7.874073851311531 0.000000000000000
 7 11.90688444765478 0.000000000000000
 8 13.02671675598942 0.000000000000000
 9 15.14701837462699 0.000000000000000
 10 16.12278028557168 0.000000000000000
 11 16.98801357781834 0.000000000000000
 12 17.95743701071520 0.000000000000000

 spin=1 k-point=1018/1284 Cartesian=0.1363183149498352 0.2361102474952907 0.07676364473785349 (1347 plane wave)
 1 2.147558023880618 0.001562491025583721
 2 2.163016586281825 0.001562489525302407
 3 3.421602846750140 0.0005278391650501118
 4 3.461699614852027 0.0003978783897751269
 5 8.266216215711898 0.000000000000000
 6 9.320298398911284 0.000000000000000
 7 12.14828113834406 0.000000000000000
 8 12.20706293880649 0.000000000000000
 9 15.02801212030161 0.000000000000000
 10 15.32432328614811 0.000000000000000
 11 16.40357087318458 0.000000000000000
 12 16.85643769415411 0.000000000000000

 spin=1 k-point=1019/1284 Cartesian=0.1557923599426688 0.2473535926141141 0.07676364473785349 (1342 plane wave)
 1 1.454055591626271 0.001562499991267002
 2 2.302666895224499 0.001562457672133834
 3 3.000415476770859 0.001518395060894114
 4 3.846812548299373 1.126467237765428e-05
 5 9.823763057153430 0.000000000000000
 6 10.78255321801780 0.000000000000000
 7 11.53848157035461 0.000000000000000
 8 12.52295991190480 0.000000000000000
 9 13.60476920777088 0.000000000000000
 10 14.51073645149078 0.000000000000000
 11 15.49943767339696 0.000000000000000
 12 16.26919309115553 0.000000000000000

 spin=1 k-point=1020/1284 Cartesian=-0.1363183149498344 0.07870341583176405 0.07676364473785349 (1345 plane wave)
 1 0.8699252450746517 0.001562499999974667
 2 1.911838559002747 0.001562499150249219
 3 3.392049425223046 0.0006355144900348407
 4 4.429094066577680 3.357642468466568e-08
 5 10.64391927640962 0.000000000000000
 6 11.16426380215620 0.000000000000000
 7 12.22000424961947 0.000000000000000
 8 12.26816748858894 0.000000000000000
 9 13.01842756983615 0.000000000000000
 10 13.52746030576625 0.000000000000000
 11 14.97520894414403 0.000000000000000
 12 16.76286797985807 0.000000000000000

 spin=1 k-point=1021/1284 Cartesian=-0.1168442699570009 0.08994676095058739 0.07676364473785349 (1342 plane wave)
 1 0.4267202474923176 0.001562499999999735
 2 1.499368335008822 0.001562499986261010
 3 4.100724727965088 8.951280744508258e-07
 4 5.164310333330963 2.152976637352125e-11
 5 9.846424179851255 0.000000000000000
 6 10.39074761160452 0.000000000000000
 7 11.23646849323421 0.000000000000000
 8 13.28711058252867 0.000000000000000
 9 13.56667566958745 0.000000000000000
 10 14.45752242182609 0.000000000000000
 11 15.48358270457250 0.000000000000000
 12 17.45787069461136 0.000000000000000

 spin=1 k-point=1022/1284 Cartesian=-0.09737022496416733 0.1011901060694107 0.07676364473785349 (1345 plane wave)
 1 0.1298322257289938 0.001562500000000021
 2 1.211863566466231 0.001562499999224971
 3 4.978015773720814 1.387095859264789e-10
 4 6.039316813792873 3.411406960829386e-15
 5 8.530066260871591 0.000000000000000
 6 9.484934463809038 0.000000000000000
 7 10.35790850208210 0.000000000000000
 8 13.23759314394403 0.000000000000000
 9 14.86204747572971 0.000000000000000
 10 16.07006632592712 0.000000000000000
 11 17.10538629144062 0.000000000000000
 12 18.06205476924637 0.000000000000000

 spin=1 k-point=1023/1284 Cartesian=-0.07789617997133380 0.1124334511882341 0.07676364473785349 (1346 plane wave)
 1 -0.01892725906159580 0.001562500000000033
 2 1.066311821077541 0.001562499999819230
 3 5.997225030005122 5.196798410456430e-15
 4 6.887274633999430 0.000000000000000
 5 7.409404537731764 0.000000000000000
 6 8.286722932991060 0.000000000000000
 7 10.10496995655167 0.000000000000000
 8 13.15042904295763 0.000000000000000
 9 15.96771665963380 0.000000000000000
 10 17.09652818400653 0.000000000000000
 11 18.08078628560116 0.000000000000000
 12 19.13760179532675 0.000000000000000

 spin=1 k-point=1024/1284 Cartesian=-0.05842213497850025 0.1236767963070574 0.07676364473785349 (1346 plane wave)
 1 -0.01892725876294472 0.001562500000000033
 2 1.066311820220179 0.001562499999819230
 3 5.997225056725306 5.196797021862180e-15
 4 6.887274595137614 0.000000000000000
 5 7.409404502832463 0.000000000000000
 6 8.286722999984148 0.000000000000000
 7 10.10496993551694 0.000000000000000
 8 13.15042903901912 0.000000000000000
 9 15.96771669387251 0.000000000000000
 10 17.09652817739062 0.000000000000000
 11 18.08078617476679 0.000000000000000
 12 19.13760198331199 0.000000000000000

 spin=1 k-point=1025/1284 Cartesian=-0.03894808998566670 0.1349201414258807 0.07676364473785349 (1345 plane wave)
 1 0.1298322266990660 0.001562500000000021
 2 1.211863563547670 0.001562499999224971
 3 4.978015796796473 1.387095539183254e-10
 4 6.039316785366458 3.411407930570503e-15
 5 8.530066204563219 0.000000000000000
 6 9.484934626847101 0.000000000000000
 7 10.35790839670305 0.000000000000000
 8 13.23759312950823 0.000000000000000
 9 14.86204756169208 0.000000000000000
 10 16.07006616392763 0.000000000000000
 11 17.10538645166846 0.000000000000000
 12 18.06205470962670 0.000000000000000

 spin=1 k-point=1026/1284 Cartesian=-0.01947404499283316 0.1461634865447041 0.07676364473785349 (1342 plane wave)
 1 0.4267202493954116 0.001562499999999735
 2 1.499368328569594 0.001562499986261011
 3 4.100724751556982 8.951278633941097e-07
 4 5.164310310330807 2.152977132540300e-11
 5 9.846424065611393 0.000000000000000
 6 10.39074785390191 0.000000000000000
 7 11.23646835349090 0.000000000000000
 8 13.28711056682308 0.000000000000000
 9 13.56667583401661 0.000000000000000
 10 14.45752209160540 0.000000000000000
 11 15.48358296236846 0.000000000000000
 12 17.45787062925569 0.000000000000000

 spin=1 k-point=1027/1284 Cartesian=0.000000000000000 0.1798935219011738 0.07676364473785349 (1348 plane wave)
 1 1.926007132775237 0.001562499020904876
 2 1.936373564204537 0.001562498913960277
 3 3.207812992834633 0.001269179903232194
 4 3.238311280057195 0.001189547951257335
 5 11.08844414892132 0.000000000000000
 6 11.50915171238286 0.000000000000000
 7 11.66798563448498 0.000000000000000
 8 12.19236561572627 0.000000000000000
 9 12.67004614805125 0.000000000000000
 10 13.57413013018221 0.000000000000000
 11 15.58570931789720 0.000000000000000
 12 15.70095096920262 0.000000000000000

 spin=1 k-point=1028/1284 Cartesian=0.01947404499283394 0.1911368670199974 0.07676364473785349 (1342 plane wave)
 1 1.454055591909532 0.001562499991267002
 2 2.302666892227608 0.001562457672135103
 3 3.000415478641531 0.001518395060092344
 4 3.846812549586749 1.126467223368112e-05
 5 9.823763059067808 0.000000000000000
 6 10.78255322520179 0.000000000000000
 7 11.53848155440671 0.000000000000000
 8 12.52295991714605 0.000000000000000
 9 13.60476920266229 0.000000000000000
 10 14.51073646187335 0.000000000000000
 11 15.49943767938387 0.000000000000000
 12 16.26919307977938 0.000000000000000

 spin=1 k-point=1029/1284 Cartesian=0.03894808998566748 0.2023802121388207 0.07676364473785349 (1343 plane wave)
 1 1.094128732378637 0.001562499999761243
 2 2.134888561078928 0.001562492093510187
 3 3.612300090309592 0.0001100563450935680
 4 4.645221245244515 3.867355237724697e-09
 5 8.335110848552137 0.000000000000000
 6 9.376043073759091 0.000000000000000
 7 11.14355295011206 0.000000000000000
 8 13.28305444922402 0.000000000000000
 9 14.37232194196048 0.000000000000000
 10 15.72912102466840 0.000000000000000
 11 16.77781621683731 0.000000000000000
 12 17.09765663893959 0.000000000000000

 spin=1 k-point=1030/1284 Cartesian=0.05842213497850103 0.2136235572576441 0.07676364473785349 (1349 plane wave)
 1 0.8750128155041301 0.001562499999973343
 2 1.944180749736848 0.001562498825773516
 3 4.537229025348562 1.138718412114186e-08
 4 5.568713050907334 3.773463953591443e-13
 5 6.982719380965283 0.000000000000000
 6 8.014877000797314 0.000000000000000
 7 10.91365475081565 0.000000000000000
 8 13.77737914391272 0.000000000000000
 9 14.74593765235459 0.000000000000000
 10 16.72859505481414 0.000000000000000
 11 17.53027543012456 0.000000000000000
 12 18.29850251351048 0.000000000000000

 spin=1 k-point=1031/1284 Cartesian=0.07789617997133459 0.2248669023764674 0.07676364473785349 (1348 plane wave)
 1 0.8016276230227513 0.001562499999987222
 2 1.876284940572343 0.001562499404496670
 3 5.569813192994260 3.732177996898419e-13
 4 5.617842240127207 2.308738768402576e-13
 5 6.781495162530464 0.000000000000000
 6 6.845178052397103 0.000000000000000
 7 10.83758218589512 0.000000000000000
 8 13.84654700280423 0.000000000000000
 9 15.59622236390911 0.000000000000000
 10 15.75266258279784 0.000000000000000
 11 18.64530725451072 0.000000000000000
 12 18.96483793657672 0.000000000000000

 spin=1 k-point=1032/1284 Cartesian=0.09737022496416814 0.2361102474952907 0.07676364473785349 (1349 plane wave)
 1 0.8750128169803406 0.001562499999973343
 2 1.944180745461366 0.001562498825773567
 3 4.537229048407050 1.138718149544817e-08
 4 5.568713022816426 3.773465013592137e-13
 5 6.982719369852813 0.000000000000000
 6 8.014877027533936 0.000000000000000
 7 10.91365474166237 0.000000000000000
 8 13.77737910984282 0.000000000000000
 9 14.74593771331256 0.000000000000000
 10 16.72859505011724 0.000000000000000
 11 17.53027530304171 0.000000000000000
 12 18.29850266785801 0.000000000000000

 spin=1 k-point=1033/1284 Cartesian=0.1168442699570017 0.2473535926141141 0.07676364473785349 (1343 plane wave)
 1 1.094128735914016 0.001562499999761243
 2 2.134888548233974 0.001562492093511203
 3 3.612300119130152 0.0001100563156088606
 4 4.645221222780305 3.867356106493654e-09
 5 8.335110828799131 0.000000000000000
 6 9.376043118783208 0.000000000000000
 7 11.14355292250358 0.000000000000000
 8 13.28305442577061 0.000000000000000
 9 14.37232201330792 0.000000000000000
 10 15.72912089314635 0.000000000000000
 11 16.77781649811109 0.000000000000000
 12 17.09765644884593 0.000000000000000

 spin=1 k-point=1034/1284 Cartesian=0.1363183149498352 0.2585969377329374 0.07676364473785349 (1342 plane wave)
 1 1.454055599364136 0.001562499991267002
 2 2.302666857408722 0.001562457672149840
 3 3.000415528360319 0.001518395038782870
 4 3.846812525822140 1.126467489138783e-05
 5 9.823763033252082 0.000000000000000
 6 10.78255331925971 0.000000000000000
 7 11.53848145909419 0.000000000000000
 8 12.52295996073532 0.000000000000000
 9 13.60476922133017 0.000000000000000
 10 14.51073630003453 0.000000000000000
 11 15.49943791729592 0.000000000000000
 12 16.26919296986639 0.000000000000000

 spin=1 k-point=1035/1284 Cartesian=0.1557923599426688 0.2698402828517608 0.07676364473785349 (1348 plane wave)
 1 1.926007132748742 0.001562499020904876
 2 1.936373565930149 0.001562498913960258
 3 3.207812990953919 0.001269179907713120
 4 3.238311279870058 0.001189547951788678
 5 11.08844415137686 0.000000000000000
 6 11.50915170903587 0.000000000000000
 7 11.66798563346324 0.000000000000000
 8 12.19236561820648 0.000000000000000
 9 12.67004614653994 0.000000000000000
 10 13.57413012831296 0.000000000000000
 11 15.58570931899239 0.000000000000000
 12 15.70095097200345 0.000000000000000

 spin=1 k-point=1036/1284 Cartesian=0.1363183149498352 0.2585969377329374 -0.07676364473785301 (1342 plane wave)
 1 1.454055591649744 0.001562499991267002
 2 2.302666895192361 0.001562457672133848
 3 3.000415476810260 0.001518395060877227
 4 3.846812548244329 1.126467238381010e-05
 5 9.823763059868972 0.000000000000000
 6 10.78255321727177 0.000000000000000
 7 11.53848156234276 0.000000000000000
 8 12.52295992056550 0.000000000000000
 9 13.60476920072607 0.000000000000000
 10 14.51073645877395 0.000000000000000
 11 15.49943767098406 0.000000000000000
 12 16.26919309064866 0.000000000000000

 spin=1 k-point=1037/1284 Cartesian=-0.1168442699570009 0.1124334511882340 0.07676364473785349 (1343 plane wave)
 1 1.094128732007897 0.001562499999761243
 2 2.134888562812987 0.001562492093510050
 3 3.612300089702738 0.0001100563457144058
 4 4.645221243904863 3.867355289533683e-09
 5 8.335110849297147 0.000000000000000
 6 9.376043069841909 0.000000000000000
 7 11.14355295499406 0.000000000000000
 8 13.28305445259928 0.000000000000000
 9 14.37232193999047 0.000000000000000
 10 15.72912101466146 0.000000000000000
 11 16.77781621447785 0.000000000000000
 12 17.09765665033876 0.000000000000000

 spin=1 k-point=1038/1284 Cartesian=-0.09737022496416733 0.1236767963070574 0.07676364473785349 (1349 plane wave)
 1 0.8750128150531807 0.001562499999973343
 2 1.944180750936781 0.001562498825773503
 3 4.537229025308967 1.138718412565048e-08
 4 5.568713049620541 3.773464002148095e-13
 5 6.982719381469106 0.000000000000000
 6 8.014876998439087 0.000000000000000
 7 10.91365475448957 0.000000000000000
 8 13.77737914821541 0.000000000000000
 9 14.74593764837311 0.000000000000000
 10 16.72859505094465 0.000000000000000
 11 17.53027542277934 0.000000000000000
 12 18.29850252282496 0.000000000000000

 spin=1 k-point=1039/1284 Cartesian=-0.07789617997133380 0.1349201414258807 0.07676364473785349 (1348 plane wave)
 1 0.8016276224909762 0.001562499999987222
 2 1.876284941507921 0.001562499404496665
 3 5.569813193848245 3.732177965026194e-13
 4 5.617842240459833 2.308738760723110e-13
 5 6.781495158776780 0.000000000000000
 6 6.845178052560972 0.000000000000000
 7 10.83758218913569 0.000000000000000
 8 13.84654700684482 0.000000000000000
 9 15.59622236299372 0.000000000000000
 10 15.75266257788491 0.000000000000000
 11 18.64530724861317 0.000000000000000
 12 18.96483793695182 0.000000000000000

 spin=1 k-point=1040/1284 Cartesian=-0.05842213497850025 0.1461634865447040 0.07676364473785349 (1349 plane wave)
 1 0.8750128163488943 0.001562499999973343
 2 1.944180746202030 0.001562498825773558
 3 4.537229049358053 1.138718138715649e-08
 4 5.568713021953161 3.773465046167154e-13
 5 6.982719369930682 0.000000000000000
 6 8.014877025183038 0.000000000000000
 7 10.91365474487710 0.000000000000000
 8 13.77737911689266 0.000000000000000
 9 14.74593770783826 0.000000000000000
 10 16.72859504607106 0.000000000000000
 11 17.53027529865534 0.000000000000000
 12 18.29850267282372 0.000000000000000

 spin=1 k-point=1041/1284 Cartesian=-0.03894808998566670 0.1574068316635274 0.07676364473785349 (1343 plane wave)
 1 1.094128735136283 0.001562499999761243
 2 2.134888548687685 0.001562492093511167
 3 3.612300120272038 0.0001100563144406602
 4 4.645221222145224 3.867356131054428e-09
 5 8.335110829195669 0.000000000000000
 6 9.376043115303132 0.000000000000000
 7 11.14355292615666 0.000000000000000
 8 13.28305443330370 0.000000000000000
 9 14.37232200990734 0.000000000000000
 10 15.72912088650996 0.000000000000000
 11 16.77781649361593 0.000000000000000
 12 17.09765645475138 0.000000000000000

 spin=1 k-point=1042/1284 Cartesian=-0.01947404499283316 0.1686501767823507 0.07676364473785349 (1342 plane wave)
 1 1.454055598323763 0.001562499991267002
 2 2.302666857113950 0.001562457672149965
 3 3.000415530221215 0.001518395037985290
 4 3.846812525568321 1.126467491977352e-05
 5 9.823763033599235 0.000000000000000
 6 10.78255331300441 0.000000000000000
 7 11.53848146368982 0.000000000000000
 8 12.52295996831974 0.000000000000000
 9 13.60476922066028 0.000000000000000
 10 14.51073630034357 0.000000000000000
 11 15.49943790406560 0.000000000000000
 12 16.26919297658675 0.000000000000000

 spin=1 k-point=1043/1284 Cartesian=0.000000000000000 0.1574068316635272 -0.07676364473785301 (1345 plane wave)
 1 0.8699252453359866 0.001562499999974667
 2 1.911838557306995 0.001562499150249234
 3 3.392049425817061 0.0006355144877952119
 4 4.429094068090507 3.357642417672361e-08
 5 10.64391927963881 0.000000000000000
 6 11.16426379969055 0.000000000000000
 7 12.22000425268301 0.000000000000000
 8 12.26816748613133 0.000000000000000
 9 13.01842756179461 0.000000000000000
 10 13.52746030658840 0.000000000000000
 11 14.97520895578769 0.000000000000000
 12 16.76286797317243 0.000000000000000

 spin=1 k-point=1044/1284 Cartesian=0.01947404499283394 -0.1461634865447027 0.07676364473785349 (1342 plane wave)
 1 0.4267202478071496 0.001562499999999735
 2 1.499368333842579 0.001562499986261010
 3 4.100724727989733 8.951280742303399e-07
 4 5.164310334928331 2.152976602961167e-11
 5 9.846424182369109 0.000000000000000
 6 10.39074761435855 0.000000000000000
 7 11.23646848539976 0.000000000000000
 8 13.28711058057028 0.000000000000000
 9 13.56667566847920 0.000000000000000
 10 14.45752242207575 0.000000000000000
 11 15.48358271562022 0.000000000000000
 12 17.45787068768814 0.000000000000000

 spin=1 k-point=1045/1284 Cartesian=0.03894808998566748 -0.1349201414258794 0.07676364473785349 (1345 plane wave)
 1 0.1298322260878488 0.001562500000000021
 2 1.211863565538478 0.001562499999224971
 3 4.978015773427661 1.387095863331100e-10
 4 6.039316815560436 3.411406900530626e-15
 5 8.530066260809665 0.000000000000000
 6 9.484934471948369 0.000000000000000
 7 10.35790849108930 0.000000000000000
 8 13.23759314309570 0.000000000000000
 9 14.86204747561488 0.000000000000000
 10 16.07006633081905 0.000000000000000
 11 17.10538629654397 0.000000000000000
 12 18.06205476313663 0.000000000000000

 spin=1 k-point=1046/1284 Cartesian=0.05842213497850103 -0.1236767963070560 0.07676364473785349 (1346 plane wave)
 1 -0.01892725866043371 0.001562500000000033
 2 1.066311820290081 0.001562499999819230
 3 5.997225029417826 5.196798440977052e-15
 4 6.887274634363100 0.000000000000000
 5 7.409404539424018 0.000000000000000
 6 8.286722936932751 0.000000000000000
 7 10.10496994953225 0.000000000000000
 8 13.15042904268320 0.000000000000000
 9 15.96771666056497 0.000000000000000
 10 17.09652818452530 0.000000000000000
 11 18.08078629082277 0.000000000000000
 12 19.13760179566380 0.000000000000000

 spin=1 k-point=1047/1284 Cartesian=0.07789617997133459 -0.1124334511882327 0.07676364473785349 (1346 plane wave)
 1 -0.01892725831044254 0.001562500000000033
 2 1.066311819531786 0.001562499999819230
 3 5.997225055787668 5.196797070589336e-15
 4 6.887274595625944 0.000000000000000
 5 7.409404504580480 0.000000000000000
 6 8.286723003168344 0.000000000000000
 7 10.10496992934431 0.000000000000000
 8 13.15042903851852 0.000000000000000
 9 15.96771669291694 0.000000000000000
 10 17.09652817970634 0.000000000000000
 11 18.08078617871566 0.000000000000000
 12 19.13760198371213 0.000000000000000

 spin=1 k-point=1048/1284 Cartesian=0.09737022496416814 -0.1011901060694093 0.07676364473785349 (1345 plane wave)
 1 0.1298322272161949 0.001562500000000021
 2 1.211863562942803 0.001562499999224971
 3 4.978015795885281 1.387095551822354e-10
 4 6.039316786924490 3.411407877419618e-15
 5 8.530066204004596 0.000000000000000
 6 9.484934632569695 0.000000000000000
 7 10.35790838928540 0.000000000000000
 8 13.23759312783387 0.000000000000000
 9 14.86204755878806 0.000000000000000
 10 16.07006616803396 0.000000000000000
 11 17.10538645970543 0.000000000000000
 12 18.06205470521864 0.000000000000000

 spin=1 k-point=1049/1284 Cartesian=0.1168442699570017 -0.08994676095058601 0.07676364473785349 (1342 plane wave)
 1 0.4267202500036078 0.001562499999999735
 2 1.499368328068737 0.001562499986261011
 3 4.100724750589012 8.951278720537124e-07
 4 5.164310311445298 2.152977108545551e-11
 5 9.846424065298599 0.000000000000000
 6 10.39074785671465 0.000000000000000
 7 11.23646835029693 0.000000000000000
 8 13.28711056388426 0.000000000000000
 9 13.56667582771706 0.000000000000000
 10 14.45752209025479 0.000000000000000
 11 15.48358297862049 0.000000000000000
 12 17.45787062461615 0.000000000000000

 spin=1 k-point=1050/1284 Cartesian=0.1363183149498352 -0.07870341583176267 0.07676364473785349 (1345 plane wave)
 1 0.8699252492972642 0.001562499999974667
 2 1.911838543616325 0.001562499150249350
 3 3.392049454794203 0.0006355143785420479
 4 4.429094046109901 3.357643155686905e-08
 5 10.64391924743094 0.000000000000000
 6 11.16426380215934 0.000000000000000
 7 12.22000451455142 0.000000000000000
 8 12.26816748857295 0.000000000000000
 9 13.01842730748928 0.000000000000000
 10 13.52746017699050 0.000000000000000
 11 14.97520917068379 0.000000000000000
 12 16.76286790860205 0.000000000000000

 spin=1 k-point=1051/1284 Cartesian=0.1557923599426688 0.2473535926141141 -0.07676364473785301 (1342 plane wave)
 1 1.454055599375797 0.001562499991267002
 2 2.302666857423815 0.001562457672149834
 3 3.000415528320936 0.001518395038799750
 4 3.846812525792298 1.126467489472521e-05
 5 9.823763035663024 0.000000000000000
 6 10.78255330732812 0.000000000000000
 7 11.53848147345436 0.000000000000000
 8 12.52295995710084 0.000000000000000
 9 13.60476922159659 0.000000000000000
 10 14.51073629781994 0.000000000000000
 11 15.49943791703496 0.000000000000000
 12 16.26919297083186 0.000000000000000

 spin=1 k-point=1052/1284 Cartesian=0.1363183149498352 0.2361102474952907 -0.07676364473785301 (1347 plane wave)
 1 2.147558024038772 0.001562491025583707
 2 2.163016586197024 0.001562489525302416
 3 3.421602846414088 0.0005278391662247013
 4 3.461699615013114 0.0003978783892974055
 5 8.266216217809342 0.000000000000000
 6 9.320298395693435 0.000000000000000
 7 12.14828113728174 0.000000000000000
 8 12.20706294264698 0.000000000000000
 9 15.02801211315619 0.000000000000000
 10 15.32432328933087 0.000000000000000
 11 16.40357087978920 0.000000000000000
 12 16.85643768934897 0.000000000000000

 spin=1 k-point=1053/1284 Cartesian=0.1168442699570017 0.2248669023764674 -0.07676364473785301 (1353 plane wave)
 1 1.901098684766479 0.001562499236781478
 2 2.749074707313024 0.001558832732404349
 3 3.435006942141607 0.0004820522464930748
 4 4.275452677821257 1.560474382167230e-07
 5 6.819448250758819 0.000000000000000
 6 7.874073841533558 0.000000000000000
 7 11.90688445111261 0.000000000000000
 8 13.02671676816663 0.000000000000000
 9 15.14701833412256 0.000000000000000
 10 16.12278031034963 0.000000000000000
 11 16.98801360266126 0.000000000000000
 12 17.95743697770553 0.000000000000000

 spin=1 k-point=1054/1284 Cartesian=0.09737022496416814 0.2136235572576441 -0.07676364473785301 (1348 plane wave)
 1 1.763088463963203 0.001562499808010235
 2 2.791613407510198 0.001556895384950430
 3 4.255793380770222 1.899443955582947e-07
 4 5.091074544915533 4.478147317985227e-11
 5 5.710915008341871 9.102586197314367e-14
 6 6.568287115673269 0.000000000000000
 7 11.76732258496514 0.000000000000000
 8 13.93250218438544 0.000000000000000
 9 14.89736502519336 0.000000000000000
 10 15.69745989750621 0.000000000000000
 11 17.53262515902094 0.000000000000000
 12 18.63463871549338 0.000000000000000

 spin=1 k-point=1055/1284 Cartesian=0.07789617997133459 0.2023802121388208 -0.07676364473785301 (1348 plane wave)
 1 1.763088465478543 0.001562499808010232
 2 2.791613399130446 0.001556895385418399
 3 4.255793413097521 1.899443341618608e-07
 4 5.091074501706077 4.478149252969207e-11
 5 5.710915020873495 9.102585056612327e-14
 6 6.568287121705938 0.000000000000000
 7 11.76732258446950 0.000000000000000
 8 13.93250216391200 0.000000000000000
 9 14.89736507805518 0.000000000000000
 10 15.69745986316160 0.000000000000000
 11 17.53262515681526 0.000000000000000
 12 18.63463871655760 0.000000000000000

 spin=1 k-point=1056/1284 Cartesian=0.05842213497850103 0.1911368670199974 -0.07676364473785301 (1353 plane wave)
 1 1.901098690426626 0.001562499236781435
 2 2.749074671684889 0.001558832733707862
 3 3.435006995825661 0.0004820520675465698
 4 4.275452653014257 1.560474769235589e-07
 5 6.819448245980466 0.000000000000000
 6 7.874073849494898 0.000000000000000
 7 11.90688444914433 0.000000000000000
 8 13.02671676041732 0.000000000000000
 9 15.14701837321078 0.000000000000000
 10 16.12278028161317 0.000000000000000
 11 16.98801357520555 0.000000000000000
 12 17.95743701317756 0.000000000000000

 spin=1 k-point=1057/1284 Cartesian=0.03894808998566748 0.1798935219011741 -0.07676364473785301 (1347 plane wave)
 1 2.147558023873749 0.001562491025583722
 2 2.163016584496782 0.001562489525302594
 3 3.421602848773920 0.0005278391579764720
 4 3.461699615220517 0.0003978783886823285
 5 8.266216215887107 0.000000000000000
 6 9.320298396451703 0.000000000000000
 7 12.14828114053833 0.000000000000000
 8 12.20706294208708 0.000000000000000
 9 15.02801211443156 0.000000000000000
 10 15.32432328896140 0.000000000000000
 11 16.40357087561931 0.000000000000000
 12 16.85643769131944 0.000000000000000

 spin=1 k-point=1058/1284 Cartesian=0.01947404499283394 0.1686501767823507 -0.07676364473785301 (1342 plane wave)
 1 1.454055591802822 0.001562499991267002
 2 2.302666892267347 0.001562457672135085
 3 3.000415478634618 0.001518395060095307
 4 3.846812549833836 1.126467220604820e-05
 5 9.823763057187534 0.000000000000000
 6 10.78255321407253 0.000000000000000
 7 11.53848157541197 0.000000000000000
 8 12.52295991358215 0.000000000000000
 9 13.60476920218573 0.000000000000000
 10 14.51073645304226 0.000000000000000
 11 15.49943768191674 0.000000000000000
 12 16.26919308332213 0.000000000000000

 spin=1 k-point=1059/1284 Cartesian=0.000000000000000 -0.1349201414258796 0.07676364473785349 (1351 plane wave)
 1 -0.09482626178133904 0.001562500000000035
 2 0.9883361556690377 0.001562499999917134
 3 4.758805682496694 1.242006108480347e-09
 4 5.829044120834737 2.793421410057611e-14
 5 9.755986916111933 0.000000000000000
 6 11.39170074674255 0.000000000000000
 7 12.31974104756111 0.000000000000000
 8 12.49555008754466 0.000000000000000
 9 13.26972438497181 0.000000000000000
 10 13.67170260636964 0.000000000000000
 11 15.35395185403771 0.000000000000000
 12 18.09640386229337 0.000000000000000

 spin=1 k-point=1060/1284 Cartesian=0.01947404499283394 -0.1236767963070560 0.07676364473785349 (1341 plane wave)
 1 -0.4682654320247555 0.001562500000000037
 2 0.6194564740077060 0.001562499999997964
 3 5.568205329867262 3.792671347453235e-13
 4 6.633270955483070 0.000000000000000
 5 9.349162991633216 0.000000000000000
 6 10.39644349420464 0.000000000000000
 7 11.46015681594387 0.000000000000000
 8 12.66788483423266 0.000000000000000
 9 14.19803962684841 0.000000000000000
 10 15.02553626133702 0.000000000000000
 11 16.13279964777245 0.000000000000000
 12 18.83399448485819 0.000000000000000

 spin=1 k-point=1061/1284 Cartesian=0.03894808998566748 -0.1124334511882327 0.07676364473785349 (1338 plane wave)
 1 -0.6926171819160811 0.001562500000000037
 2 0.3971574658858164 0.001562499999999812
 3 6.519121778471554 0.000000000000000
 4 7.552644060900307 0.000000000000000
 5 8.728953093053786 0.000000000000000
 6 9.391767275853832 0.000000000000000
 7 10.23958755210780 0.000000000000000
 8 12.53173635198211 0.000000000000000
 9 16.04444467192377 0.000000000000000
 10 16.65237949404480 0.000000000000000
 11 17.57286580534556 0.000000000000000
 12 18.82181340194592 0.000000000000000

 spin=1 k-point=1062/1284 Cartesian=0.05842213497850103 -0.1011901060694093 0.07676364473785349 (1347 plane wave)
 1 -0.7674434887598154 0.001562500000000037
 2 0.3229302888320822 0.001562499999999930
 3 7.569703523982936 0.000000000000000
 4 7.597340039848017 0.000000000000000
 5 8.437978770653242 0.000000000000000
 6 8.807787839159928 0.000000000000000
 7 9.677747847507968 0.000000000000000
 8 12.47153772384235 0.000000000000000
 9 17.39492428303571 0.000000000000000
 10 17.59491936315967 0.000000000000000
 11 18.44233331805237 0.000000000000000
 12 18.61526801303149 0.000000000000000

 spin=1 k-point=1063/1284 Cartesian=0.07789617997133459 -0.08994676095058600 0.07676364473785349 (1338 plane wave)
 1 -0.6926171815284112 0.001562500000000037
 2 0.3971574651519134 0.001562499999999812
 3 6.519121813273153 0.000000000000000
 4 7.552644001990076 0.000000000000000
 5 8.728952954724903 0.000000000000000
 6 9.391767588761825 0.000000000000000
 7 10.23958739348764 0.000000000000000
 8 12.53173635431643 0.000000000000000
 9 16.04444483285075 0.000000000000000
 10 16.65237920532619 0.000000000000000
 11 17.57286597170834 0.000000000000000
 12 18.82181337400211 0.000000000000000

 spin=1 k-point=1064/1284 Cartesian=0.09737022496416814 -0.07870341583176266 0.07676364473785349 (1341 plane wave)
 1 -0.4682654311896285 0.001562500000000037
 2 0.6194564723474578 0.001562499999997964
 3 5.568205355987733 3.792670356789499e-13
 4 6.633270916939952 0.000000000000000
 5 9.349162959753425 0.000000000000000
 6 10.39644362636247 0.000000000000000
 7 11.46015670749547 0.000000000000000
 8 12.66788484980470 0.000000000000000
 9 14.19803974012238 0.000000000000000
 10 15.02553599945958 0.000000000000000
 11 16.13279984148959 0.000000000000000
 12 18.83399443801792 0.000000000000000

 spin=1 k-point=1065/1284 Cartesian=0.1168442699570017 -0.06746007071293933 0.07676364473785349 (1351 plane wave)
 1 -0.09482626035855922 0.001562500000000035
 2 0.9883361525715992 0.001562499999917134
 3 4.758805705017164 1.242005828774903e-09
 4 5.829044092540630 2.793422200431593e-14
 5 9.755986912109694 0.000000000000000
 6 11.39170074924064 0.000000000000000
 7 12.31974119986208 0.000000000000000
 8 12.49555008994737 0.000000000000000
 9 13.26972433797011 0.000000000000000
 10 13.67170236540858 0.000000000000000
 11 15.35395203900245 0.000000000000000
 12 18.09640381530795 0.000000000000000

 spin=1 k-point=1066/1284 Cartesian=0.1363183149498352 -0.05621672559411599 0.07676364473785349 (1342 plane wave)
 1 0.4267202500110215 0.001562499999999735
 2 1.499368328048188 0.001562499986261011
 3 4.100724750609459 8.951278718707942e-07
 4 5.164310311364261 2.152977110290260e-11
 5 9.846424067164630 0.000000000000000
 6 10.39074784612698 0.000000000000000
 7 11.23646836232588 0.000000000000000
 8 13.28711056791924 0.000000000000000
 9 13.56667582428841 0.000000000000000
 10 14.45752208429793 0.000000000000000
 11 15.48358297975208 0.000000000000000
 12 17.45787062555078 0.000000000000000

 spin=1 k-point=1067/1284 Cartesian=0.1557923599426688 -0.04497338047529266 0.07676364473785349 (1343 plane wave)
 1 1.094128735942414 0.001562499999761243
 2 2.134888548198924 0.001562492093511205
 3 3.612300119134907 0.0001100563156039958
 4 4.645221222599378 3.867356113490684e-09
 5 8.335110830801121 0.000000000000000
 6 9.376043112630335 0.000000000000000
 7 11.14355293001904 0.000000000000000
 8 13.28305442409810 0.000000000000000
 9 14.37232201599668 0.000000000000000
 10 15.72912088298364 0.000000000000000
 11 16.77781650470334 0.000000000000000
 12 17.09765644790502 0.000000000000000

 spin=1 k-point=1068/1284 Cartesian=0.1363183149498352 0.2136235572576441 -0.07676364473785301 (1353 plane wave)
 1 1.901098691550755 0.001562499236781426
 2 2.749074671961347 0.001558832733697747
 3 3.435006993553670 0.0004820520751198582
 4 4.275452652812468 1.560474772384149e-07
 5 6.819448248146109 0.000000000000000
 6 7.874073848459509 0.000000000000000
 7 11.90688445160584 0.000000000000000
 8 13.02671675440723 0.000000000000000
 9 15.14701837682265 0.000000000000000
 10 16.12278027994802 0.000000000000000
 11 16.98801357425099 0.000000000000000
 12 17.95743701807744 0.000000000000000

 spin=1 k-point=1069/1284 Cartesian=0.1168442699570017 0.2023802121388207 -0.07676364473785301 (1352 plane wave)
 1 2.800954091914643 0.001556348806609564
 2 2.840774835870305 0.001553357537045167
 3 3.993133511923293 2.622209741549756e-06
 4 4.128712259317455 6.767021962797370e-07
 5 5.487935554284045 8.463548786769014e-13
 6 6.489614303334331 0.000000000000000
 7 12.80432538659406 0.000000000000000
 8 12.87769073247065 0.000000000000000
 9 15.00636417215013 0.000000000000000
 10 16.24925856382098 0.000000000000000
 11 16.54439129470482 0.000000000000000
 12 18.56187041272425 0.000000000000000

 spin=1 k-point=1070/1284 Cartesian=0.09737022496416814 0.1911368670199974 -0.07676364473785301 (1351 plane wave)
 1 2.776592161825393 0.001557674674006764
 2 3.520780763157423 0.0002486194787363693
 3 3.992505139831131 2.638710943643179e-06
 4 4.415168341655509 3.859328304242490e-08
 5 5.260866934636806 8.197836016725674e-12
 6 5.335250839508469 3.896314050030857e-12
 7 12.77372178364608 0.000000000000000
 8 13.79945796756714 0.000000000000000
 9 14.02226972375890 0.000000000000000
 10 16.29928135839681 0.000000000000000
 11 17.40100411548249 0.000000000000000
 12 17.41749492510482 0.000000000000000

 spin=1 k-point=1071/1284 Cartesian=0.07789617997133459 0.1798935219011741 -0.07676364473785301 (1352 plane wave)
 1 2.800954091409158 0.001556348806640536
 2 2.840774834223960 0.001553357537194803
 3 3.993133516429101 2.622209623596281e-06
 4 4.128712259511631 6.767021949663100e-07
 5 5.487935550598918 8.463549098661683e-13
 6 6.489614304303756 0.000000000000000
 7 12.80432538842611 0.000000000000000
 8 12.87769073180005 0.000000000000000
 9 15.00636417414192 0.000000000000000
 10 16.24925856348698 0.000000000000000
 11 16.54439129185723 0.000000000000000
 12 18.56187041105757 0.000000000000000

 spin=1 k-point=1072/1284 Cartesian=0.05842213497850103 0.1686501767823507 -0.07676364473785301 (1353 plane wave)
 1 1.901098684809469 0.001562499236781477
 2 2.749074704595793 0.001558832732503763
 3 3.435006943897550 0.0004820522406399400
 4 4.275452680054228 1.560474347325764e-07
 5 6.819448248397109 0.000000000000000
 6 7.874073842071827 0.000000000000000
 7 11.90688445540577 0.000000000000000
 8 13.02671676432280 0.000000000000000
 9 15.14701833935711 0.000000000000000
 10 16.12278031165784 0.000000000000000
 11 16.98801359639790 0.000000000000000
 12 17.95743697488019 0.000000000000000

 spin=1 k-point=1073/1284 Cartesian=0.03894808998566748 0.1574068316635274 -0.07676364473785301 (1343 plane wave)
 1 1.094128732168799 0.001562499999761243
 2 2.134888561267057 0.001562492093510172
 3 3.612300090152849 0.0001100563452539223
 4 4.645221245872112 3.867355213453324e-09
 5 8.335110846877642 0.000000000000000
 6 9.376043068979278 0.000000000000000
 7 11.14355296103856 0.000000000000000
 8 13.28305444736662 0.000000000000000
 9 14.37232194628563 0.000000000000000
 10 15.72912100907199 0.000000000000000
 11 16.77781622113891 0.000000000000000
 12 17.09765664664694 0.000000000000000

 spin=1 k-point=1074/1284 Cartesian=0.01947404499283394 0.1461634865447040 -0.07676364473785301 (1342 plane wave)
 1 0.4267202477144450 0.001562499999999735
 2 1.499368333926879 0.001562499986261010
 3 4.100724727913319 8.951280749139607e-07
 4 5.164310335231701 2.152976596429680e-11
 5 9.846424176555736 0.000000000000000
 6 10.39074760878735 0.000000000000000
 7 11.23646850232131 0.000000000000000
 8 13.28711058473974 0.000000000000000
 9 13.56667566675023 0.000000000000000
 10 14.45752240903571 0.000000000000000
 11 15.48358271895508 0.000000000000000
 12 17.45787069053274 0.000000000000000

 spin=1 k-point=1075/1284 Cartesian=0.000000000000000 -0.1124334511882329 0.07676364473785349 (1340 plane wave)
 1 -0.9176503575762247 0.001562500000000037
 2 0.1729806308698650 0.001562500000000013
 3 6.301797725753357 0.000000000000000
 4 7.351310533021115 0.000000000000000
 5 9.023276096844413 0.000000000000000
 6 11.77067823497756 0.000000000000000
 7 11.97953494890449 0.000000000000000
 8 12.87443178403768 0.000000000000000
 9 13.34145111546749 0.000000000000000
 10 14.16740910548758 0.000000000000000
 11 16.58686079389422 0.000000000000000
 12 19.58452949236394 0.000000000000000

 spin=1 k-point=1076/1284 Cartesian=0.01947404499283394 -0.1011901060694093 0.07676364473785349 (1337 plane wave)
 1 -1.217551276350455 0.001562500000000037
 2 -0.1253993073143485 0.001562500000000036
 3 7.164314487391680 0.000000000000000
 4 8.117677722031065 0.000000000000000
 5 8.850098596777386 0.000000000000000
 6 10.76958880530843 0.000000000000000
 7 11.74756137597846 0.000000000000000
 8 12.21031237702285 0.000000000000000
 9 14.68648373219111 0.000000000000000
 10 15.64842925374562 0.000000000000000
 11 17.43667863266639 0.000000000000000
 12 20.23185404373279 0.000000000000000

 spin=1 k-point=1077/1284 Cartesian=0.03894808998566748 -0.08994676095058601 0.07676364473785349 (1337 plane wave)
 1 -1.367583569934742 0.001562500000000037
 2 -0.2747675751306675 0.001562500000000036
 3 8.032062130942073 0.000000000000000
 4 8.521642336165545 0.000000000000000
 5 9.161577357870369 0.000000000000000
 6 9.789066697247844 0.000000000000000
 7 10.66225755977517 0.000000000000000
 8 11.96092165227613 0.000000000000000
 9 16.77480079310618 0.000000000000000
 10 17.61301707485416 0.000000000000000
 11 18.46648901076278 0.000000000000000
 12 19.02235034698230 0.000000000000000

 spin=1 k-point=1078/1284 Cartesian=0.05842213497850103 -0.07870341583176267 0.07676364473785349 (1337 plane wave)
 1 -1.367583569824002 0.001562500000000037
 2 -0.2747675753152671 0.001562500000000036
 3 8.032062249331972 0.000000000000000
 4 8.521642125912701 0.000000000000000
 5 9.161577323981659 0.000000000000000
 6 9.789066944188759 0.000000000000000
 7 10.66225742132160 0.000000000000000
 8 11.96092166751420 0.000000000000000
 9 16.77480087451539 0.000000000000000
 10 17.61301691584105 0.000000000000000
 11 18.46648906610815 0.000000000000000
 12 19.02235023707940 0.000000000000000

 spin=1 k-point=1079/1284 Cartesian=0.07789617997133459 -0.06746007071293933 0.07676364473785349 (1337 plane wave)
 1 -1.217551276009618 0.001562500000000037
 2 -0.1253993078973972 0.001562500000000036
 3 7.164314548612066 0.000000000000000
 4 8.117677560300015 0.000000000000000
 5 8.850098684072105 0.000000000000000
 6 10.76958890526533 0.000000000000000
 7 11.74756121295962 0.000000000000000
 8 12.21031244914019 0.000000000000000
 9 14.68648379365440 0.000000000000000
 10 15.64842913873857 0.000000000000000
 11 17.43667871762667 0.000000000000000
 12 20.23185401549917 0.000000000000000

 spin=1 k-point=1080/1284 Cartesian=0.09737022496416814 -0.05621672559411599 0.07676364473785349 (1340 plane wave)
 1 -0.9176503569735753 0.001562500000000037
 2 0.1729806297973482 0.001562500000000013
 3 6.301797761602549 0.000000000000000
 4 7.351310466699531 0.000000000000000
 5 9.023276125592011 0.000000000000000
 6 11.77067823749994 0.000000000000000
 7 11.97953498458322 0.000000000000000
 8 12.87443178638936 0.000000000000000
 9 13.34145113290884 0.000000000000000
 10 14.16740899030069 0.000000000000000
 11 16.58686088470130 0.000000000000000
 12 19.58452945479396 0.000000000000000

 spin=1 k-point=1081/1284 Cartesian=0.1168442699570017 -0.04497338047529265 0.07676364473785349 (1341 plane wave)
 1 -0.4682654311845109 0.001562500000000037
 2 0.6194564723307272 0.001562499999997964
 3 5.568205356043272 3.792670354683079e-13
 4 6.633270916766318 0.000000000000000
 5 9.349162958133366 0.000000000000000
 6 10.39644362385538 0.000000000000000
 7 11.46015671347213 0.000000000000000
 8 12.66788485408513 0.000000000000000
 9 14.19803973668277 0.000000000000000
 10 15.02553599445452 0.000000000000000
 11 16.13279984321748 0.000000000000000
 12 18.83399443861830 0.000000000000000

 spin=1 k-point=1082/1284 Cartesian=0.1363183149498352 -0.03373003535646932 0.07676364473785349 (1345 plane wave)
 1 0.1298322272363153 0.001562500000000021
 2 1.211863562902303 0.001562499999224971
 3 4.978015795961800 1.387095550760981e-10
 4 6.039316786506130 3.411407891691623e-15
 5 8.530066206121525 0.000000000000000
 6 9.484934619625683 0.000000000000000
 7 10.35790840292990 0.000000000000000
 8 13.23759313045133 0.000000000000000
 9 14.86204755658080 0.000000000000000
 10 16.07006616188267 0.000000000000000
 11 17.10538645955858 0.000000000000000
 12 18.06205470898060 0.000000000000000

 spin=1 k-point=1083/1284 Cartesian=0.1557923599426688 -0.02248669023764599 0.07676364473785349 (1349 plane wave)
 1 0.8750128170382183 0.001562499999973343
 2 1.944180745388818 0.001562498825773567
 3 4.537229048463924 1.138718148897180e-08
 4 5.568713021723144 3.773465054846761e-13
 5 6.982719372543645 0.000000000000000
 6 8.014877023400530 0.000000000000000
 7 10.91365474665779 0.000000000000000
 8 13.77737911108263 0.000000000000000
 9 14.74593771244092 0.000000000000000
 10 16.72859504804118 0.000000000000000
 11 17.53027529182733 0.000000000000000
 12 18.29850267977844 0.000000000000000

 spin=1 k-point=1084/1284 Cartesian=0.1363183149498352 0.1911368670199974 -0.07676364473785301 (1348 plane wave)
 1 1.763088466415601 0.001562499808010230
 2 2.791613398147067 0.001556895385473316
 3 4.255793411624948 1.899443369585908e-07
 4 5.091074499098576 4.478149369737010e-11
 5 5.710915026289811 9.102584563587415e-14
 6 6.568287120598474 0.000000000000000
 7 11.76732258619647 0.000000000000000
 8 13.93250215658872 0.000000000000000
 9 14.89736507785544 0.000000000000000
 10 15.69745987342844 0.000000000000000
 11 17.53262515136701 0.000000000000000
 12 18.63463871917614 0.000000000000000

 spin=1 k-point=1085/1284 Cartesian=0.1168442699570017 0.1798935219011741 -0.07676364473785301 (1351 plane wave)
 1 2.776592163209660 0.001557674673940175
 2 3.520780763007375 0.0002486194790500589
 3 3.992505133734964 2.638711104231777e-06
 4 4.415168345677800 3.859328149012866e-08
 5 5.260866930751973 8.197836335197953e-12
 6 5.335250844418943 3.896313858703311e-12
 7 12.77372178605104 0.000000000000000
 8 13.79945796539379 0.000000000000000
 9 14.02226972025025 0.000000000000000
 10 16.29928136842196 0.000000000000000
 11 17.40100411684161 0.000000000000000
 12 17.41749491715871 0.000000000000000

 spin=1 k-point=1086/1284 Cartesian=0.09737022496416814 0.1686501767823507 -0.07676364473785301 (1351 plane wave)
 1 2.776592161536862 0.001557674674020644
 2 3.520780765674553 0.0002486194734740558
 3 3.992505135405163 2.638711060234453e-06
 4 4.415168342872850 3.859328257262462e-08
 5 5.260866930118382 8.197836387138732e-12
 6 5.335250845090968 3.896313832519084e-12
 7 12.77372178641438 0.000000000000000
 8 13.79945796592081 0.000000000000000
 9 14.02226972100184 0.000000000000000
 10 16.29928136599457 0.000000000000000
 11 17.40100411701578 0.000000000000000
 12 17.41749491756763 0.000000000000000

 spin=1 k-point=1087/1284 Cartesian=0.07789617997133459 0.1574068316635274 -0.07676364473785301 (1348 plane wave)
 1 1.763088464014030 0.001562499808010235
 2 2.791613406617333 0.001556895385000292
 3 4.255793380489038 1.899443960923219e-07
 4 5.091074548690250 4.478147148947860e-11
 5 5.710915004479872 9.102586548856266e-14
 6 6.568287116694446 0.000000000000000
 7 11.76732258777679 0.000000000000000
 8 13.93250217983707 0.000000000000000
 9 14.89736502794106 0.000000000000000
 10 15.69745990267949 0.000000000000000
 11 17.53262515203445 0.000000000000000
 12 18.63463871493391 0.000000000000000

 spin=1 k-point=1088/1284 Cartesian=0.05842213497850103 0.1461634865447041 -0.07676364473785301 (1349 plane wave)
 1 0.8750128151882589 0.001562499999973343
 2 1.944180750067576 0.001562498825773513
 3 4.537229024968028 1.138718416447369e-08
 4 5.568713052611439 3.773463889287644e-13
 5 6.982719378457342 0.000000000000000
 6 8.014876998477110 0.000000000000000
 7 10.91365475787812 0.000000000000000
 8 13.77737914646058 0.000000000000000
 9 14.74593765182634 0.000000000000000
 10 16.72859505465644 0.000000000000000
 11 17.53027541320141 0.000000000000000
 12 18.29850252213949 0.000000000000000

 spin=1 k-point=1089/1284 Cartesian=0.03894808998566748 0.1349201414258807 -0.07676364473785301 (1345 plane wave)
 1 0.1298322259078593 0.001562500000000021
 2 1.211863565711731 0.001562499999224971
 3 4.978015773236270 1.387095865985872e-10
 4 6.039316816407079 3.411406871648166e-15
 5 8.530066257768508 0.000000000000000
 6 9.484934459886631 0.000000000000000
 7 10.35790850953710 0.000000000000000
 8 13.23759314663950 0.000000000000000
 9 14.86204747416142 0.000000000000000
 10 16.07006631916098 0.000000000000000
 11 17.10538629899062 0.000000000000000
 12 18.06205476979608 0.000000000000000

 spin=1 k-point=1090/1284 Cartesian=-0.01947404499283316 -0.1236767963070560 0.07676364473785349 (1341 plane wave)
 1 -0.4682654321061251 0.001562500000000037
 2 0.6194564740819881 0.001562499999997964
 3 5.568205329792091 3.792671350304204e-13
 4 6.633270955852986 0.000000000000000
 5 9.349162986444203 0.000000000000000
 6 10.39644349322467 0.000000000000000
 7 11.46015682617086 0.000000000000000
 8 12.66788483812443 0.000000000000000
 9 14.19803962384038 0.000000000000000
 10 15.02553625228384 0.000000000000000
 11 16.13279965044482 0.000000000000000
 12 18.83399448772152 0.000000000000000

 spin=1 k-point=1091/1284 Cartesian=0.000000000000000 -0.08994676095058625 0.07676364473785349 (1337 plane wave)
 1 -1.592897361213427 0.001562500000000037
 2 -0.4994251175558347 0.001562500000000037
 3 7.812497809573037 0.000000000000000
 4 8.363285335527086 0.000000000000000
 5 9.252741276150788 0.000000000000000
 6 11.47560489883932 0.000000000000000
 7 12.30102155254039 0.000000000000000
 8 13.40462883179054 0.000000000000000
 9 13.76841657143348 0.000000000000000
 10 14.70920215248697 0.000000000000000
 11 18.15709152432127 0.000000000000000
 12 21.16134799151700 0.000000000000000

 spin=1 k-point=1092/1284 Cartesian=0.01947404499283394 -0.07870341583176269 0.07676364473785349 (1330 plane wave)
 1 -1.818238738675345 0.001562500000000037
 2 -0.7240859842013017 0.001562500000000037
 3 7.910514202417810 0.000000000000000
 4 9.056055643653195 0.000000000000000
 5 10.10583082056649 0.000000000000000
 6 11.06382474332327 0.000000000000000
 7 11.75131075040140 0.000000000000000
 8 12.59042172405333 0.000000000000000
 9 15.27368192252159 0.000000000000000
 10 16.27733511693339 0.000000000000000
 11 19.03746881089414 0.000000000000000
 12 19.89343086986692 0.000000000000000

 spin=1 k-point=1093/1284 Cartesian=0.03894808998566748 -0.06746007071293936 0.07676364473785349 (1331 plane wave)
 1 -1.893372919741026 0.001562500000000037
 2 -0.7990091099407876 0.001562500000000037
 3 7.874116548445806 0.000000000000000
 4 9.989509081296344 0.000000000000000
 5 10.13980832733126 0.000000000000000
 6 10.89003489830454 0.000000000000000
 7 11.44659618971660 0.000000000000000
 8 11.79836242347002 0.000000000000000
 9 17.26382493893739 0.000000000000000
 10 17.55533190353480 0.000000000000000
 11 18.51126787416894 0.000000000000000
 12 18.55523235836230 0.000000000000000

 spin=1 k-point=1094/1284 Cartesian=0.05842213497850103 -0.05621672559411602 0.07676364473785349 (1330 plane wave)
 1 -1.818238738541487 0.001562500000000037
 2 -0.7240859844081665 0.001562500000000037
 3 7.910514234318489 0.000000000000000
 4 9.056055545539275 0.000000000000000
 5 10.10583089165316 0.000000000000000
 6 11.06382480481081 0.000000000000000
 7 11.75131066640031 0.000000000000000
 8 12.59042173866327 0.000000000000000
 9 15.27368196257372 0.000000000000000
 10 16.27733506101702 0.000000000000000
 11 19.03746882550989 0.000000000000000
 12 19.89343085855690 0.000000000000000

 spin=1 k-point=1095/1284 Cartesian=0.07789617997133459 -0.04497338047529267 0.07676364473785349 (1337 plane wave)
 1 -1.592897360941615 0.001562500000000037
 2 -0.4994251179822046 0.001562500000000037
 3 7.812497938971561 0.000000000000000
 4 8.363285095645598 0.000000000000000
 5 9.252741394586241 0.000000000000000
 6 11.47560489344375 0.000000000000000
 7 12.30102155509045 0.000000000000000
 8 13.40462883406398 0.000000000000000
 9 13.76841660969239 0.000000000000000
 10 14.70920208243123 0.000000000000000
 11 18.15709157134716 0.000000000000000
 12 21.16134797239741 0.000000000000000

 spin=1 k-point=1096/1284 Cartesian=0.09737022496416814 -0.03373003535646934 0.07676364473785349 (1337 plane wave)
 1 -1.217551276006941 0.001562500000000037
 2 -0.1253993079098622 0.001562500000000036
 3 7.164314548797807 0.000000000000000
 4 8.117677559663528 0.000000000000000
 5 8.850098682973758 0.000000000000000
 6 10.76958890269063 0.000000000000000
 7 11.74756121683618 0.000000000000000
 8 12.21031245428271 0.000000000000000
 9 14.68648379097217 0.000000000000000
 10 15.64842913527788 0.000000000000000
 11 17.43667871831306 0.000000000000000
 12 20.23185401598320 0.000000000000000

 spin=1 k-point=1097/1284 Cartesian=0.1168442699570017 -0.02248669023764600 0.07676364473785349 (1338 plane wave)
 1 -0.6926171815167499 0.001562500000000037
 2 0.3971574651212676 0.001562499999999812
 3 6.519121813504253 0.000000000000000
 4 7.552644000887216 0.000000000000000
 5 8.728952955391723 0.000000000000000
 6 9.391767578901542 0.000000000000000
 7 10.23958740526823 0.000000000000000
 8 12.53173635733634 0.000000000000000
 9 16.04444482997152 0.000000000000000
 10 16.65237920063297 0.000000000000000
 11 17.57286597175337 0.000000000000000
 12 18.82181337719723 0.000000000000000

 spin=1 k-point=1098/1284 Cartesian=0.1363183149498352 -0.01124334511882266 0.07676364473785349 (1346 plane wave)
 1 -0.01892725827362776 0.001562500000000033
 2 1.066311819469274 0.001562499999819230
 3 5.997225056025393 5.196797058235239e-15
 4 6.887274592231098 0.000000000000000
 5 7.409404509025358 0.000000000000000
 6 8.286722996900975 0.000000000000000
 7 10.10496993649664 0.000000000000000
 8 13.15042904096412 0.000000000000000
 9 15.96771669102400 0.000000000000000
 10 17.09652817818559 0.000000000000000
 11 18.08078617163746 0.000000000000000
 12 19.13760199067047 0.000000000000000

 spin=1 k-point=1099/1284 Cartesian=0.1557923599426688 0.000000000000000 0.07676364473785349 (1348 plane wave)
 1 0.8016276231300598 0.001562499999987222
 2 1.876284940455615 0.001562499404496671
 3 5.569813186738358 3.732178230379908e-13
 4 5.617842245847601 2.308738636333606e-13
 5 6.781495155512558 0.000000000000000
 6 6.845178058443175 0.000000000000000
 7 10.83758218973654 0.000000000000000
 8 13.84654700502658 0.000000000000000
 9 15.59622235817950 0.000000000000000
 10 15.75266258662506 0.000000000000000
 11 18.64530725255285 0.000000000000000
 12 18.96483793160977 0.000000000000000

 spin=1 k-point=1100/1284 Cartesian=0.1363183149498352 0.1686501767823507 -0.07676364473785301 (1348 plane wave)
 1 1.763088464887935 0.001562499808010233
 2 2.791613405658517 0.001556895385053838
 3 4.255793380444544 1.899443961768262e-07
 4 5.091074545823151 4.478147277340767e-11
 5 5.710915005730913 9.102586434979156e-14
 6 6.568287119224322 0.000000000000000
 7 11.76732258625652 0.000000000000000
 8 13.93250218095451 0.000000000000000
 9 14.89736501989189 0.000000000000000
 10 15.69745991013472 0.000000000000000
 11 17.53262516166388 0.000000000000000
 12 18.63463870642116 0.000000000000000

 spin=1 k-point=1101/1284 Cartesian=0.1168442699570017 0.1574068316635274 -0.07676364473785301 (1352 plane wave)
 1 2.800954087319871 0.001556348806891085
 2 2.840774840896015 0.001553357536588382
 3 3.993133507270982 2.622209863338426e-06
 4 4.128712262902651 6.767021720291351e-07
 5 5.487935552463886 8.463548940819149e-13
 6 6.489614306267748 0.000000000000000
 7 12.80432538658585 0.000000000000000
 8 12.87769073424410 0.000000000000000
 9 15.00636416570541 0.000000000000000
 10 16.24925857453581 0.000000000000000
 11 16.54439129592518 0.000000000000000
 12 18.56187040354705 0.000000000000000

 spin=1 k-point=1102/1284 Cartesian=0.09737022496416814 0.1461634865447041 -0.07676364473785301 (1348 plane wave)
 1 1.763088465485141 0.001562499808010232
 2 2.791613399784206 0.001556895385381889
 3 4.255793410539888 1.899443390193510e-07
 4 5.091074499704160 4.478149342618029e-11
 5 5.710915023520788 9.102584815640215e-14
 6 6.568287123330073 0.000000000000000
 7 11.76732258624708 0.000000000000000
 8 13.93250216298888 0.000000000000000
 9 14.89736507385406 0.000000000000000
 10 15.69745986949566 0.000000000000000
 11 17.53262516122804 0.000000000000000
 12 18.63463870906245 0.000000000000000

 spin=1 k-point=1103/1284 Cartesian=0.07789617997133459 0.1349201414258807 -0.07676364473785301 (1348 plane wave)
 1 0.8016276225853424 0.001562499999987222
 2 1.876284941086101 0.001562499404496667
 3 5.569813188335007 3.732178170790128e-13
 4 5.617842244611882 2.308738664863114e-13
 5 6.781495154891311 0.000000000000000
 6 6.845178057997446 0.000000000000000
 7 10.83758219098273 0.000000000000000
 8 13.84654700904052 0.000000000000000
 9 15.59622235943554 0.000000000000000
 10 15.75266258078590 0.000000000000000
 11 18.64530725109835 0.000000000000000
 12 18.96483793132832 0.000000000000000

 spin=1 k-point=1104/1284 Cartesian=0.05842213497850103 0.1236767963070574 -0.07676364473785301 (1346 plane wave)
 1 -0.01892725893036044 0.001562500000000033
 2 1.066311820565941 0.001562499999819230
 3 5.997225028935152 5.196798466060637e-15
 4 6.887274638016269 0.000000000000000
 5 7.409404534125109 0.000000000000000
 6 8.286722932360108 0.000000000000000
 7 10.10496995934776 0.000000000000000
 8 13.15042904702479 0.000000000000000
 9 15.96771665744204 0.000000000000000
 10 17.09652818473456 0.000000000000000
 11 18.08078627876912 0.000000000000000
 12 19.13760179801402 0.000000000000000

 spin=1 k-point=1105/1284 Cartesian=-0.03894808998566670 -0.1124334511882327 0.07676364473785349 (1338 plane wave)
 1 -0.6926171820741195 0.001562500000000037
 2 0.3971574660410753 0.001562499999999812
 3 6.519121778335636 0.000000000000000
 4 7.552644062055921 0.000000000000000
 5 8.728953086134533 0.000000000000000
 6 9.391767268618908 0.000000000000000
 7 10.23958756844949 0.000000000000000
 8 12.53173635573182 0.000000000000000
 9 16.04444467128625 0.000000000000000
 10 16.65237948226251 0.000000000000000
 11 17.57286580824864 0.000000000000000
 12 18.82181340383587 0.000000000000000

 spin=1 k-point=1106/1284 Cartesian=-0.01947404499283316 -0.1011901060694094 0.07676364473785349 (1337 plane wave)
 1 -1.217551276422949 0.001562500000000037
 2 -0.1253993072428458 0.001562500000000036
 3 7.164314487434202 0.000000000000000
 4 8.117677721676277 0.000000000000000
 5 8.850098594628152 0.000000000000000
 6 10.76958880163067 0.000000000000000
 7 11.74756138651257 0.000000000000000
 8 12.21031237941897 0.000000000000000
 9 14.68648372909935 0.000000000000000
 10 15.64842924849539 0.000000000000000
 11 17.43667863279341 0.000000000000000
 12 20.23185404820164 0.000000000000000

 spin=1 k-point=1107/1284 Cartesian=0.000000000000000 -0.06746007071293957 0.07676364473785349 (1334 plane wave)
 1 -2.118887283194178 0.001562500000000037
 2 -1.023999419545234 0.001562500000000037
 3 7.676890460480368 0.000000000000000
 4 9.870778822969555 0.000000000000000
 5 10.84034010152146 0.000000000000000
 6 11.25001558306149 0.000000000000000
 7 12.98232430427116 0.000000000000000
 8 14.08572024973516 0.000000000000000
 9 14.38291492857709 0.000000000000000
 10 15.35552771486015 0.000000000000000
 11 19.87191361068514 0.000000000000000
 12 20.27565271698589 0.000000000000000

 spin=1 k-point=1108/1284 Cartesian=0.01947404499283394 -0.05621672559411600 0.07676364473785349 (1330 plane wave)
 1 -2.269267546737361 0.001562500000000037
 2 -1.174048876792501 0.001562500000000037
 3 7.547661435377869 0.000000000000000
 4 10.55136206700773 0.000000000000000
 5 11.17758238424594 0.000000000000000
 6 11.87430809651295 0.000000000000000
 7 12.47548199552320 0.000000000000000
 8 13.30852627438959 0.000000000000000
 9 15.97300366873837 0.000000000000000
 10 16.96022241510955 0.000000000000000
 11 18.35813309015267 0.000000000000000
 12 19.30428529566477 0.000000000000000

 spin=1 k-point=1109/1284 Cartesian=0.03894808998566748 -0.04497338047529267 0.07676364473785349 (1330 plane wave)
 1 -2.269267546695773 0.001562500000000037
 2 -1.174048876852512 0.001562500000000037
 3 7.547661437582944 0.000000000000000
 4 10.55136202464098 0.000000000000000
 5 11.17758245119289 0.000000000000000
 6 11.87430806750078 0.000000000000000
 7 12.47548199851004 0.000000000000000
 8 13.30852627152400 0.000000000000000
 9 15.97300369523953 0.000000000000000
 10 16.96022239475464 0.000000000000000
 11 18.35813303932012 0.000000000000000
 12 19.30428534458166 0.000000000000000

 spin=1 k-point=1110/1284 Cartesian=0.05842213497850103 -0.03373003535646933 0.07676364473785349 (1334 plane wave)
 1 -2.118887283070526 0.001562500000000037
 2 -1.023999419722951 0.001562500000000037
 3 7.676890469603950 0.000000000000000
 4 9.870778750466997 0.000000000000000
 5 10.84034027277565 0.000000000000000
 6 11.25001546879196 0.000000000000000
 7 12.98232430686894 0.000000000000000
 8 14.08572025189269 0.000000000000000
 9 14.38291496868124 0.000000000000000
 10 15.35552766770908 0.000000000000000
 11 19.87191362145406 0.000000000000000
 12 20.27565271960339 0.000000000000000

 spin=1 k-point=1111/1284 Cartesian=0.07789617997133459 -0.02248669023764599 0.07676364473785349 (1330 plane wave)
 1 -1.818238738540370 0.001562500000000037
 2 -0.7240859844162751 0.001562500000000037
 3 7.910514233931219 0.000000000000000
 4 9.056055544947036 0.000000000000000
 5 10.10583089119778 0.000000000000000
 6 11.06382480019492 0.000000000000000
 7 11.75131067319738 0.000000000000000
 8 12.59042174220821 0.000000000000000
 9 15.27368196030751 0.000000000000000
 10 16.27733505851993 0.000000000000000
 11 19.03746882539229 0.000000000000000
 12 19.89343085436290 0.000000000000000

 spin=1 k-point=1112/1284 Cartesian=0.09737022496416814 -0.01124334511882265 0.07676364473785349 (1337 plane wave)
 1 -1.367583569818304 0.001562500000000037
 2 -0.2747675753385656 0.001562500000000036
 3 8.032062250463460 0.000000000000000
 4 8.521642122099552 0.000000000000000
 5 9.161577320759354 0.000000000000000
 6 9.789066944915371 0.000000000000000
 7 10.66225742708389 0.000000000000000
 8 11.96092167140180 0.000000000000000
 9 16.77480087164842 0.000000000000000
 10 17.61301691145873 0.000000000000000
 11 18.46648906757853 0.000000000000000
 12 19.02235023382024 0.000000000000000

 spin=1 k-point=1113/1284 Cartesian=0.1168442699570017 0.000000000000000 0.07676364473785349 (1347 plane wave)
 1 -0.7674434887373628 0.001562500000000037
 2 0.3229302887862948 0.001562499999999930
 3 7.569703531342133 0.000000000000000
 4 7.597340033129844 0.000000000000000
 5 8.437978756321410 0.000000000000000
 6 8.807787845151877 0.000000000000000
 7 9.677747856964892 0.000000000000000
 8 12.47153772679918 0.000000000000000
 9 17.39492428549729 0.000000000000000
 10 17.59491935715663 0.000000000000000
 11 18.44233331010267 0.000000000000000
 12 18.61526801376776 0.000000000000000

 spin=1 k-point=1114/1284 Cartesian=0.1363183149498352 0.01124334511882402 0.07676364473785349 (1346 plane wave)
 1 -0.01892725859159557 0.001562500000000033
 2 1.066311820203581 0.001562499999819230
 3 5.997225029036107 5.196798460814191e-15
 4 6.887274634415077 0.000000000000000
 5 7.409404534129946 0.000000000000000
 6 8.286722940015311 0.000000000000000
 7 10.10496995428871 0.000000000000000
 8 13.15042904549078 0.000000000000000
 9 15.96771666042775 0.000000000000000
 10 17.09652818252356 0.000000000000000
 11 18.08078628628223 0.000000000000000
 12 19.13760179340288 0.000000000000000

 spin=1 k-point=1115/1284 Cartesian=0.1557923599426688 0.02248669023764735 0.07676364473785349 (1349 plane wave)
 1 0.8750128157053456 0.001562499999973343
 2 1.944180749567009 0.001562498825773518
 3 4.537229025157672 1.138718414287863e-08
 4 5.568713049153484 3.773464019772356e-13
 5 6.982719379803776 0.000000000000000
 6 8.014877003155370 0.000000000000000
 7 10.91365475406229 0.000000000000000
 8 13.77737914558943 0.000000000000000
 9 14.74593765316904 0.000000000000000
 10 16.72859505542279 0.000000000000000
 11 17.53027542569681 0.000000000000000
 12 18.29850250877469 0.000000000000000

 spin=1 k-point=1116/1284 Cartesian=0.1363183149498352 0.1461634865447040 -0.07676364473785301 (1353 plane wave)
 1 1.901098685870614 0.001562499236781469
 2 2.749074704020279 0.001558832732524819
 3 3.435006943897738 0.0004820522406393157
 4 4.275452677039893 1.560474394359002e-07
 5 6.819448249407038 0.000000000000000
 6 7.874073845504360 0.000000000000000
 7 11.90688445217381 0.000000000000000
 8 13.02671676565167 0.000000000000000
 9 15.14701833614868 0.000000000000000
 10 16.12278032111274 0.000000000000000
 11 16.98801359979751 0.000000000000000
 12 17.95743696351894 0.000000000000000

 spin=1 k-point=1117/1284 Cartesian=0.1168442699570017 0.1349201414258807 -0.07676364473785301 (1353 plane wave)
 1 1.901098690324133 0.001562499236781435
 2 2.749074675648723 0.001558832733562839
 3 3.435006989886789 0.0004820520873427681
 4 4.275452652738609 1.560474773536587e-07
 5 6.819448246771624 0.000000000000000
 6 7.874073852436801 0.000000000000000
 7 11.90688445006213 0.000000000000000
 8 13.02671675780118 0.000000000000000
 9 15.14701837737155 0.000000000000000
 10 16.12278028221508 0.000000000000000
 11 16.98801357880638 0.000000000000000
 12 17.95743700246232 0.000000000000000

 spin=1 k-point=1118/1284 Cartesian=0.09737022496416814 0.1236767963070574 -0.07676364473785301 (1349 plane wave)
 1 0.8750128163940715 0.001562499999973343
 2 1.944180746304874 0.001562498825773557
 3 4.537229047618435 1.138718158524852e-08
 4 5.568713020776124 3.773465090582239e-13
 5 6.982719370697849 0.000000000000000
 6 8.014877028184147 0.000000000000000
 7 10.91365474546021 0.000000000000000
 8 13.77737911911606 0.000000000000000
 9 14.74593770872999 0.000000000000000
 10 16.72859504155122 0.000000000000000
 11 17.53027530627410 0.000000000000000
 12 18.29850266109710 0.000000000000000

 spin=1 k-point=1119/1284 Cartesian=0.07789617997133459 0.1124334511882340 -0.07676364473785301 (1346 plane wave)
 1 -0.01892725867842118 0.001562500000000033
 2 1.066311819938355 0.001562499999819230
 3 5.997225055430798 5.196797089135151e-15
 4 6.887274592304094 0.000000000000000
 5 7.409404503807091 0.000000000000000
 6 8.286723004157508 0.000000000000000
 7 10.10496993545643 0.000000000000000
 8 13.15042904452542 0.000000000000000
 9 15.96771669178555 0.000000000000000
 10 17.09652817280399 0.000000000000000
 11 18.08078617682960 0.000000000000000
 12 19.13760197768779 0.000000000000000

 spin=1 k-point=1120/1284 Cartesian=-0.05842213497850025 -0.1011901060694094 0.07676364473785349 (1347 plane wave)
 1 -0.7674434889950542 0.001562500000000037
 2 0.3229302890766561 0.001562499999999930
 3 7.569703528560497 0.000000000000000
 4 7.597340034512300 0.000000000000000
 5 8.437978756157586 0.000000000000000
 6 8.807787844688026 0.000000000000000
 7 9.677747859807587 0.000000000000000
 8 12.47153772849748 0.000000000000000
 9 17.39492428209982 0.000000000000000
 10 17.59491936089120 0.000000000000000
 11 18.44233330850658 0.000000000000000
 12 18.61526800971742 0.000000000000000

 spin=1 k-point=1121/1284 Cartesian=-0.03894808998566670 -0.08994676095058601 0.07676364473785349 (1337 plane wave)
 1 -1.367583570075246 0.001562500000000037
 2 -0.2747675749837588 0.001562500000000036
 3 8.032062131216499 0.000000000000000
 4 8.521642328956442 0.000000000000000
 5 9.161577360873828 0.000000000000000
 6 9.789066693406610 0.000000000000000
 7 10.66225756989930 0.000000000000000
 8 11.96092165641697 0.000000000000000
 9 16.77480079026732 0.000000000000000
 10 17.61301706778212 0.000000000000000
 11 18.46648900655620 0.000000000000000
 12 19.02235034937631 0.000000000000000

 spin=1 k-point=1122/1284 Cartesian=-0.01947404499283316 -0.07870341583176267 0.07676364473785349 (1330 plane wave)
 1 -1.818238738740443 0.001562500000000037
 2 -0.7240859841308805 0.001562500000000037
 3 7.910514201379151 0.000000000000000
 4 9.056055642439707 0.000000000000000
 5 10.10583082177357 0.000000000000000
 6 11.06382473717972 0.000000000000000
 7 11.75131076006402 0.000000000000000
 8 12.59042172755722 0.000000000000000
 9 15.27368191960696 0.000000000000000
 10 16.27733511304686 0.000000000000000
 11 19.03746880720802 0.000000000000000
 12 19.89343087008916 0.000000000000000

 spin=1 k-point=1123/1284 Cartesian=0.000000000000000 -0.04497338047529290 0.07676364473785349 (1333 plane wave)
 1 -2.494915888916395 0.001562500000000037
 2 -1.399255693946378 0.001562500000000037
 3 7.340890301213456 0.000000000000000
 4 10.52515769034716 0.000000000000000
 5 12.00879794414897 0.000000000000000
 6 13.01750638562359 0.000000000000000
 7 13.81340727355231 0.000000000000000
 8 14.91650809387451 0.000000000000000
 9 15.13015196214739 0.000000000000000
 10 16.09482178443484 0.000000000000000
 11 18.68972774733369 0.000000000000000
 12 19.78378111695858 0.000000000000000

 spin=1 k-point=1124/1284 Cartesian=0.01947404499283394 -0.03373003535646933 0.07676364473785349 (1329 plane wave)
 1 -2.570148914391796 0.001562500000000037
 2 -1.474351436393881 0.001562500000000037
 3 7.270937577944244 0.000000000000000
 4 10.48109024017441 0.000000000000000
 5 12.98538334597634 0.000000000000000
 6 13.06705839838099 0.000000000000000
 7 14.14685631692603 0.000000000000000
 8 14.21398858042335 0.000000000000000
 9 16.58397831036179 0.000000000000000
 10 16.88905256243592 0.000000000000000
 11 17.82305477931308 0.000000000000000
 12 18.06913434649545 0.000000000000000

 spin=1 k-point=1125/1284 Cartesian=0.03894808998566748 -0.02248669023764600 0.07676364473785349 (1333 plane wave)
 1 -2.494915888862729 0.001562500000000037
 2 -1.399255694020238 0.001562500000000037
 3 7.340890302498982 0.000000000000000
 4 10.52515768300743 0.000000000000000
 5 12.00879795920485 0.000000000000000
 6 13.01750636377307 0.000000000000000
 7 13.81340727622243 0.000000000000000
 8 14.91650809578953 0.000000000000000
 9 15.13015199970978 0.000000000000000
 10 16.09482175769481 0.000000000000000
 11 18.68972774987478 0.000000000000000
 12 19.78378112116308 0.000000000000000

 spin=1 k-point=1126/1284 Cartesian=0.05842213497850103 -0.01124334511882266 0.07676364473785349 (1330 plane wave)
 1 -2.269267546695628 0.001562500000000037
 2 -1.174048876857684 0.001562500000000037
 3 7.547661437167504 0.000000000000000
 4 10.55136202307088 0.000000000000000
 5 11.17758245210171 0.000000000000000
 6 11.87430806393058 0.000000000000000
 7 12.47548200457370 0.000000000000000
 8 13.30852627402413 0.000000000000000
 9 15.97300369282294 0.000000000000000
 10 16.96022239320659 0.000000000000000
 11 18.35813303694213 0.000000000000000
 12 19.30428534370909 0.000000000000000

 spin=1 k-point=1127/1284 Cartesian=0.07789617997133459 0.000000000000000 0.07676364473785349 (1331 plane wave)
 1 -1.893372919738174 0.001562500000000037
 2 -0.7990091099558265 0.001562500000000037
 3 7.874116547387358 0.000000000000000
 4 9.989509073153421 0.000000000000000
 5 10.13980833059657 0.000000000000000
 6 10.89003490176049 0.000000000000000
 7 11.44659618992350 0.000000000000000
 8 11.79836243016741 0.000000000000000
 9 17.26382493148267 0.000000000000000
 10 17.55533190666916 0.000000000000000
 11 18.51126787560138 0.000000000000000
 12 18.55523235186011 0.000000000000000

 spin=1 k-point=1128/1284 Cartesian=0.09737022496416814 0.01124334511882402 0.07676364473785349 (1337 plane wave)
 1 -1.367583569921171 0.001562500000000037
 2 -0.2747675751627996 0.001562500000000036
 3 8.032062133095023 0.000000000000000
 4 8.521642323853708 0.000000000000000
 5 9.161577360254020 0.000000000000000
 6 9.789066704857511 0.000000000000000
 7 10.66225756089818 0.000000000000000
 8 11.96092165634124 0.000000000000000
 9 16.77480078991198 0.000000000000000
 10 17.61301707463393 0.000000000000000
 11 18.46648900623483 0.000000000000000
 12 19.02235034310563 0.000000000000000

 spin=1 k-point=1129/1284 Cartesian=0.1168442699570017 0.02248669023764735 0.07676364473785349 (1338 plane wave)
 1 -0.6926171818740762 0.001562500000000037
 2 0.3971574658244342 0.001562499999999812
 3 6.519121778679536 0.000000000000000
 4 7.552644055046340 0.000000000000000
 5 8.728953091551345 0.000000000000000
 6 9.391767282845350 0.000000000000000
 7 10.23958755425485 0.000000000000000
 8 12.53173635583142 0.000000000000000
 9 16.04444467112510 0.000000000000000
 10 16.65237949137333 0.000000000000000
 11 17.57286580015784 0.000000000000000
 12 18.82181340214269 0.000000000000000

 spin=1 k-point=1130/1284 Cartesian=0.1363183149498352 0.03373003535647069 0.07676364473785349 (1345 plane wave)
 1 0.1298322262088729 0.001562500000000021
 2 1.211863565416916 0.001562499999224971
 3 4.978015773456663 1.387095862928806e-10
 4 6.039316812798228 3.411406994760814e-15
 5 8.530066259560869 0.000000000000000
 6 9.484934475090592 0.000000000000000
 7 10.35790849456201 0.000000000000000
 8 13.23759314716449 0.000000000000000
 9 14.86204747648751 0.000000000000000
 10 16.07006632517653 0.000000000000000
 11 17.10538629251661 0.000000000000000
 12 18.06205476305922 0.000000000000000

 spin=1 k-point=1131/1284 Cartesian=0.1557923599426688 0.04497338047529402 0.07676364473785349 (1343 plane wave)
 1 1.094128732750301 0.001562499999761243
 2 2.134888560786283 0.001562492093510210
 3 3.612300090433501 0.0001100563449668033
 4 4.645221243084098 3.867355321275501e-09
 5 8.335110847850014 0.000000000000000
 6 9.376043076722453 0.000000000000000
 7 11.14355295313639 0.000000000000000
 8 13.28305444782327 0.000000000000000
 9 14.37232195047050 0.000000000000000
 10 15.72912101759032 0.000000000000000
 11 16.77781621415085 0.000000000000000
 12 17.09765663584450 0.000000000000000

 spin=1 k-point=1132/1284 Cartesian=0.1363183149498352 0.1236767963070574 -0.07676364473785301 (1347 plane wave)
 1 2.147558019468954 0.001562491025584117
 2 2.163016590866930 0.001562489525301927
 3 3.421602841063794 0.0005278391849253796
 4 3.461699618908689 0.0003978783777446152
 5 8.266216216331253 0.000000000000000
 6 9.320298401850829 0.000000000000000
 7 12.14828113621488 0.000000000000000
 8 12.20706294106159 0.000000000000000
 9 15.02801213501072 0.000000000000000
 10 15.32432328475084 0.000000000000000
 11 16.40357086121993 0.000000000000000
 12 16.85643768424571 0.000000000000000

 spin=1 k-point=1133/1284 Cartesian=0.1168442699570017 0.1124334511882340 -0.07676364473785301 (1343 plane wave)
 1 1.094128735116858 0.001562499999761243
 2 2.134888549849982 0.001562492093511075
 3 3.612300117404567 0.0001100563173742100
 4 4.645221221810278 3.867356144007963e-09
 5 8.335110829128737 0.000000000000000
 6 9.376043120620251 0.000000000000000
 7 11.14355292525038 0.000000000000000
 8 13.28305442946126 0.000000000000000
 9 14.37232202115055 0.000000000000000
 10 15.72912088482693 0.000000000000000
 11 16.77781648858940 0.000000000000000
 12 17.09765644405852 0.000000000000000

 spin=1 k-point=1134/1284 Cartesian=0.09737022496416814 0.1011901060694107 -0.07676364473785301 (1345 plane wave)
 1 0.1298322267330833 0.001562500000000021
 2 1.211863563545924 0.001562499999224971
 3 4.978015795093622 1.387095562803435e-10
 4 6.039316784533140 3.411407958998359e-15
 5 8.530066203805291 0.000000000000000
 6 9.484934635144638 0.000000000000000
 7 10.35790839250673 0.000000000000000
 8 13.23759313722617 0.000000000000000
 9 14.86204755825707 0.000000000000000
 10 16.07006616180963 0.000000000000000
 11 17.10538644926559 0.000000000000000
 12 18.06205469997865 0.000000000000000

 spin=1 k-point=1135/1284 Cartesian=-0.07789617997133380 -0.08994676095058601 0.07676364473785349 (1338 plane wave)
 1 -0.6926171818477325 0.001562500000000037
 2 0.3971574655069497 0.001562499999999812
 3 6.519121812307407 0.000000000000000
 4 7.552643995762638 0.000000000000000
 5 8.728952954332344 0.000000000000000
 6 9.391767597882502 0.000000000000000
 7 10.23958739400461 0.000000000000000
 8 12.53173636114972 0.000000000000000
 9 16.04444483211519 0.000000000000000
 10 16.65237920372142 0.000000000000000
 11 17.57286596004172 0.000000000000000
 12 18.82181337138994 0.000000000000000

 spin=1 k-point=1136/1284 Cartesian=-0.05842213497850025 -0.07870341583176269 0.07676364473785349 (1337 plane wave)
 1 -1.367583570033737 0.001562500000000037
 2 -0.2747675750848076 0.001562500000000036
 3 8.032062243929751 0.000000000000000
 4 8.521642121860655 0.000000000000000
 5 9.161577322939360 0.000000000000000
 6 9.789066957223012 0.000000000000000
 7 10.66225742024373 0.000000000000000
 8 11.96092167333936 0.000000000000000
 9 16.77480087053317 0.000000000000000
 10 17.61301691648026 0.000000000000000
 11 18.46648905969809 0.000000000000000
 12 19.02235023561643 0.000000000000000

 spin=1 k-point=1137/1284 Cartesian=-0.03894808998566670 -0.06746007071293934 0.07676364473785349 (1331 plane wave)
 1 -1.893372919868056 0.001562500000000037
 2 -0.7990091097969846 0.001562500000000037
 3 7.874116545667103 0.000000000000000
 4 9.989509073055386 0.000000000000000
 5 10.13980833180853 0.000000000000000
 6 10.89003490482430 0.000000000000000
 7 11.44659619047115 0.000000000000000
 8 11.79836242903202 0.000000000000000
 9 17.26382492901437 0.000000000000000
 10 17.55533190652607 0.000000000000000
 11 18.51126787491017 0.000000000000000
 12 18.55523235257208 0.000000000000000

 spin=1 k-point=1138/1284 Cartesian=-0.01947404499283316 -0.05621672559411601 0.07676364473785349 (1330 plane wave)
 1 -2.269267546796646 0.001562500000000037
 2 -1.174048876722382 0.001562500000000037
 3 7.547661434409628 0.000000000000000
 4 10.55136206500545 0.000000000000000
 5 11.17758238430603 0.000000000000000
 6 11.87430809987690 0.000000000000000
 7 12.47548199699056 0.000000000000000
 8 13.30852627801207 0.000000000000000
 9 15.97300366554639 0.000000000000000
 10 16.96022241092011 0.000000000000000
 11 18.35813309049927 0.000000000000000
 12 19.30428529138555 0.000000000000000

 spin=1 k-point=1139/1284 Cartesian=0.000000000000000 -0.02248669023764622 0.07676364473785349 (1321 plane wave)
 1 -2.720640953709311 0.001562500000000037
 2 -1.624584411638376 0.001562500000000037
 3 7.129319019702588 0.000000000000000
 4 10.36318392574384 0.000000000000000
 5 14.04852943362837 0.000000000000000
 6 14.78864339660526 0.000000000000000
 7 15.05914850922094 0.000000000000000
 8 15.89134627881848 0.000000000000000
 9 15.92986432601298 0.000000000000000
 10 16.82692173833776 0.000000000000000
 11 17.26112434299745 0.000000000000000
 12 18.35952368840638 0.000000000000000

 spin=1 k-point=1140/1284 Cartesian=0.01947404499283394 -0.01124334511882265 0.07676364473785349 (1321 plane wave)
 1 -2.720640953690061 0.001562500000000037
 2 -1.624584411665783 0.001562500000000037
 3 7.129319019908689 0.000000000000000
 4 10.36318392540420 0.000000000000000
 5 14.04852943620814 0.000000000000000
 6 14.78864339940136 0.000000000000000
 7 15.05914848145732 0.000000000000000
 8 15.89134628002050 0.000000000000000
 9 15.92986435846786 0.000000000000000
 10 16.82692174421048 0.000000000000000
 11 17.26112434627493 0.000000000000000
 12 18.35952369169792 0.000000000000000

 spin=1 k-point=1141/1284 Cartesian=0.03894808998566748 0.000000000000000 0.07676364473785349 (1329 plane wave)
 1 -2.570148914391984 0.001562500000000037
 2 -1.474351436396147 0.001562500000000037
 3 7.270937577651050 0.000000000000000
 4 10.48109023974813 0.000000000000000
 5 12.98538335147309 0.000000000000000
 6 13.06705839280554 0.000000000000000
 7 14.14685632437554 0.000000000000000
 8 14.21398857744106 0.000000000000000
 9 16.58397830238502 0.000000000000000
 10 16.88905256676779 0.000000000000000
 11 17.82305477398396 0.000000000000000
 12 18.06913435135201 0.000000000000000

 spin=1 k-point=1142/1284 Cartesian=0.05842213497850103 0.01124334511882402 0.07676364473785349 (1330 plane wave)
 1 -2.269267546736201 0.001562500000000037
 2 -1.174048876801389 0.001562500000000037
 3 7.547661434565527 0.000000000000000
 4 10.55136206150123 0.000000000000000
 5 11.17758238975025 0.000000000000000
 6 11.87430809769763 0.000000000000000
 7 12.47548199782644 0.000000000000000
 8 13.30852627632905 0.000000000000000
 9 15.97300366475326 0.000000000000000
 10 16.96022241384882 0.000000000000000
 11 18.35813309119196 0.000000000000000
 12 19.30428529298593 0.000000000000000

 spin=1 k-point=1143/1284 Cartesian=0.07789617997133459 0.02248669023764736 0.07676364473785349 (1330 plane wave)
 1 -1.818238738667641 0.001562500000000037
 2 -0.7240859842219114 0.001562500000000037
 3 7.910514200883225 0.000000000000000
 4 9.056055638779162 0.000000000000000
 5 10.10583082569934 0.000000000000000
 6 11.06382474471236 0.000000000000000
 7 11.75131075352718 0.000000000000000
 8 12.59042172653806 0.000000000000000
 9 15.27368191807026 0.000000000000000
 10 16.27733511654743 0.000000000000000
 11 19.03746880850648 0.000000000000000
 12 19.89343086909408 0.000000000000000

 spin=1 k-point=1144/1284 Cartesian=0.09737022496416814 0.03373003535647069 0.07676364473785349 (1337 plane wave)
 1 -1.217551276324691 0.001562500000000037
 2 -0.1253993073577009 0.001562500000000036
 3 7.164314488255178 0.000000000000000
 4 8.117677707407676 0.000000000000000
 5 8.850098610025617 0.000000000000000
 6 10.76958880557395 0.000000000000000
 7 11.74756137831180 0.000000000000000
 8 12.21031238235216 0.000000000000000
 9 14.68648372669182 0.000000000000000
 10 15.64842925412556 0.000000000000000
 11 17.43667862928429 0.000000000000000
 12 20.23185404467567 0.000000000000000

 spin=1 k-point=1145/1284 Cartesian=0.1168442699570017 0.04497338047529403 0.07676364473785349 (1341 plane wave)
 1 -0.4682654319490837 0.001562500000000037
 2 0.6194564739201009 0.001562499999997964
 3 5.568205330053511 3.792671340389414e-13
 4 6.633270951432257 0.000000000000000
 5 9.349162994629728 0.000000000000000
 6 10.39644349529929 0.000000000000000
 7 11.46015681830011 0.000000000000000
 8 12.66788484212439 0.000000000000000
 9 14.19803962008398 0.000000000000000
 10 15.02553626174837 0.000000000000000
 11 16.13279964275736 0.000000000000000
 12 18.83399448574838 0.000000000000000

 spin=1 k-point=1146/1284 Cartesian=0.1363183149498352 0.05621672559411737 0.07676364473785349 (1342 plane wave)
 1 0.4267202480226064 0.001562499999999735
 2 1.499368333661937 0.001562499986261010
 3 4.100724728128153 8.951280729920179e-07
 4 5.164310332446630 2.152976656391637e-11
 5 9.846424181292980 0.000000000000000
 6 10.39074761819544 0.000000000000000
 7 11.23646848889509 0.000000000000000
 8 13.28711059205446 0.000000000000000
 9 13.56667566573830 0.000000000000000
 10 14.45752241321872 0.000000000000000
 11 15.48358271112877 0.000000000000000
 12 17.45787068811684 0.000000000000000

 spin=1 k-point=1147/1284 Cartesian=0.1557923599426688 0.06746007071294069 0.07676364473785349 (1342 plane wave)
 1 1.454055592647139 0.001562499991267002
 2 2.302666891751185 0.001562457672135304
 3 3.000415478937741 0.001518395059965389
 4 3.846812547217715 1.126467249862117e-05
 5 9.823763058071290 0.000000000000000
 6 10.78255323057756 0.000000000000000
 7 11.53848155811672 0.000000000000000
 8 12.52295991286482 0.000000000000000
 9 13.60476921515779 0.000000000000000
 10 14.51073645161089 0.000000000000000
 11 15.49943767521730 0.000000000000000
 12 16.26919307940129 0.000000000000000

 spin=1 k-point=1148/1284 Cartesian=0.1363183149498352 0.1011901060694107 -0.07676364473785301 (1342 plane wave)
 1 1.454055598193730 0.001562499991267002
 2 2.302666861022250 0.001562457672148311
 3 3.000415524548850 0.001518395040416466
 4 3.846812525617825 1.126467491423733e-05
 5 9.823763033331758 0.000000000000000
 6 10.78255332418071 0.000000000000000
 7 11.53848146062385 0.000000000000000
 8 12.52295995798973 0.000000000000000
 9 13.60476923689403 0.000000000000000
 10 14.51073629644619 0.000000000000000
 11 15.49943789950351 0.000000000000000
 12 16.26919297119288 0.000000000000000

 spin=1 k-point=1149/1284 Cartesian=0.1168442699570017 0.08994676095058737 -0.07676364473785301 (1342 plane wave)
 1 0.4267202493717144 0.001562499999999735
 2 1.499368329013009 0.001562499986261011
 3 4.100724749445857 8.951278822805564e-07
 4 5.164310309991540 2.152977139844635e-11
 5 9.846424065222774 0.000000000000000
 6 10.39074786066729 0.000000000000000
 7 11.23646835122516 0.000000000000000
 8 13.28711058252084 0.000000000000000
 9 13.56667582636429 0.000000000000000
 10 14.45752208388528 0.000000000000000
 11 15.48358296221252 0.000000000000000
 12 17.45787062449376 0.000000000000000

 spin=1 k-point=1150/1284 Cartesian=-0.09737022496416733 -0.07870341583176267 0.07676364473785349 (1341 plane wave)
 1 -0.4682654316029051 0.001562500000000037
 2 0.6194564728500253 0.001562499999997964
 3 5.568205355016555 3.792670393623092e-13
 4 6.633270913453792 0.000000000000000
 5 9.349162964111875 0.000000000000000
 6 10.39644362769532 0.000000000000000
 7 11.46015670718088 0.000000000000000
 8 12.66788486290849 0.000000000000000
 9 14.19803973455753 0.000000000000000
 10 15.02553600176243 0.000000000000000
 11 16.13279982814809 0.000000000000000
 12 18.83399443583706 0.000000000000000

 spin=1 k-point=1151/1284 Cartesian=-0.07789617997133380 -0.06746007071293934 0.07676364473785349 (1337 plane wave)
 1 -1.217551276291901 0.001562500000000037
 2 -0.1253993075645234 0.001562500000000036
 3 7.164314546573407 0.000000000000000
 4 8.117677546490974 0.000000000000000
 5 8.850098700231586 0.000000000000000
 6 10.76958890599503 0.000000000000000
 7 11.74756121305230 0.000000000000000
 8 12.21031245779666 0.000000000000000
 9 14.68648378882333 0.000000000000000
 10 15.64842913888283 0.000000000000000
 11 17.43667871056352 0.000000000000000
 12 20.23185400850108 0.000000000000000

 spin=1 k-point=1152/1284 Cartesian=-0.05842213497850025 -0.05621672559411600 0.07676364473785349 (1330 plane wave)
 1 -1.818238738730552 0.001562500000000037
 2 -0.7240859841799850 0.001562500000000037
 3 7.910514228907610 0.000000000000000
 4 9.056055544434876 0.000000000000000
 5 10.10583089802644 0.000000000000000
 6 11.06382480677649 0.000000000000000
 7 11.75131067052194 0.000000000000000
 8 12.59042174021101 0.000000000000000
 9 15.27368195851121 0.000000000000000
 10 16.27733505940273 0.000000000000000
 11 19.03746882335201 0.000000000000000
 12 19.89343085557954 0.000000000000000

 spin=1 k-point=1153/1284 Cartesian=-0.03894808998566670 -0.04497338047529267 0.07676364473785349 (1330 plane wave)
 1 -2.269267546811498 0.001562500000000037
 2 -1.174048876706038 0.001562500000000037
 3 7.547661435604274 0.000000000000000
 4 10.55136201782671 0.000000000000000
 5 11.17758246319737 0.000000000000000
 6 11.87430806523628 0.000000000000000
 7 12.47548200372307 0.000000000000000
 8 13.30852627143868 0.000000000000000
 9 15.97300369117377 0.000000000000000
 10 16.96022239211444 0.000000000000000
 11 18.35813303813227 0.000000000000000
 12 19.30428534343329 0.000000000000000

 spin=1 k-point=1154/1284 Cartesian=-0.01947404499283316 -0.03373003535646933 0.07676364473785349 (1329 plane wave)
 1 -2.570148914446127 0.001562500000000037
 2 -1.474351436321085 0.001562500000000037
 3 7.270937577221695 0.000000000000000
 4 10.48109023987593 0.000000000000000
 5 12.98538335181751 0.000000000000000
 6 13.06705839571949 0.000000000000000
 7 14.14685632288901 0.000000000000000
 8 14.21398857744730 0.000000000000000
 9 16.58397830069948 0.000000000000000
 10 16.88905256603497 0.000000000000000
 11 17.82305477508187 0.000000000000000
 12 18.06913434885235 0.000000000000000

 spin=1 k-point=1155/1284 Cartesian=0.000000000000000 0.000000000000000 0.09595455592231543 (1316 plane wave)
 1 -2.302427924376266 0.0007812500000000184
 2 -2.302427372659958 0.0007812500000000184
 3 8.629283744109689 0.000000000000000
 4 8.629283780305069 0.000000000000000
 5 16.21076104462948 0.000000000000000
 6 16.21076105788090 0.000000000000000
 7 16.21076158381925 0.000000000000000
 8 16.21076159525905 0.000000000000000
 9 16.67928593047155 0.000000000000000
 10 16.67928594066947 0.000000000000000
 11 16.67928639972788 0.000000000000000
 12 16.67928641909386 0.000000000000000

 spin=1 k-point=1156/1284 Cartesian=0.01947404499283394 0.01124334511882356 0.09595455592231543 (1328 plane wave)
 1 -2.227223153110971 0.001562500000000037
 2 -2.227222601499742 0.001562500000000037
 3 8.698243089696701 0.000000000000000
 4 8.698243124705863 0.000000000000000
 5 14.51795014480309 0.000000000000000
 6 14.51795065139608 0.000000000000000
 7 15.28506451994123 0.000000000000000
 8 15.28506503754434 0.000000000000000
 9 16.32397777963434 0.000000000000000
 10 16.32397824574971 0.000000000000000
 11 17.75593400890150 0.000000000000000
 12 17.75593451556649 0.000000000000000

 spin=1 k-point=1157/1284 Cartesian=0.03894808998566748 0.02248669023764690 0.09595455592231543 (1330 plane wave)
 1 -2.001669050013954 0.001562500000000037
 2 -2.001668498731714 0.001562500000000037
 3 8.899074983676860 0.000000000000000
 4 8.899075013944131 0.000000000000000
 5 12.45281203602925 0.000000000000000
 6 12.45281255338414 0.000000000000000
 7 14.30996662606369 0.000000000000000
 8 14.30996714127064 0.000000000000000
 9 15.55642825995588 0.000000000000000
 10 15.55642877768791 0.000000000000000
 11 19.18340669365227 0.000000000000000
 12 19.18340720240864 0.000000000000000

 spin=1 k-point=1158/1284 Cartesian=0.05842213497850103 0.03373003535647023 0.09595455592231543 (1334 plane wave)
 1 -1.625970552645523 0.001562500000000037
 2 -1.625970001967575 0.001562500000000037
 3 9.170215896688259 0.000000000000000
 4 9.170215936312408 0.000000000000000
 5 10.55584429813814 0.000000000000000
 6 10.55584478448760 0.000000000000000
 7 13.47900274355893 0.000000000000000
 8 13.47900325802792 0.000000000000000
 9 14.81294278522834 0.000000000000000
 10 14.81294332197572 0.000000000000000
 11 20.76560644755704 0.000000000000000
 12 20.76560695611875 0.000000000000000

 spin=1 k-point=1159/1284 Cartesian=0.07789617997133459 0.04497338047529358 0.09595455592231543 (1336 plane wave)
 1 -1.100574374833009 0.001562500000000037
 2 -1.100573825164934 0.001562500000000037
 3 8.426674691071987 0.000000000000000
 4 8.426675170365275 0.000000000000000
 5 9.943701303427495 0.000000000000000
 6 9.943701366540049 0.000000000000000
 7 12.79778717372688 0.000000000000000
 8 12.79778768786578 0.000000000000000
 9 14.17945500900161 0.000000000000000
 10 14.17945554802931 0.000000000000000
 11 19.63165340376764 0.000000000000000
 12 19.63165345397562 0.000000000000000

 spin=1 k-point=1160/1284 Cartesian=0.09737022496416814 0.05621672559411691 0.09595455592231543 (1346 plane wave)
 1 -0.4264728870182842 0.001562500000000037
 2 -0.4264723391300309 0.001562500000000037
 3 6.790282479220672 0.000000000000000
 4 6.790283006310505 0.000000000000000
 5 10.49655928588982 0.000000000000000
 6 10.49655930869964 0.000000000000000
 7 12.26750493156227 0.000000000000000
 8 12.26750544552136 0.000000000000000
 9 13.67980454859582 0.000000000000000
 10 13.67980507352529 0.000000000000000
 11 18.01054085906562 0.000000000000000
 12 18.01054093161161 0.000000000000000

 spin=1 k-point=1161/1284 Cartesian=0.1168442699570017 0.06746007071294025 0.09595455592231543 (1346 plane wave)
 1 0.3936141307250753 0.001562499999999820
 2 0.3936146746598695 0.001562499999999820
 3 5.242363185577169 9.864157707296387e-12
 4 5.242363718563979 9.864105132764409e-12
 5 11.21443023853373 0.000000000000000
 6 11.21443027340985 0.000000000000000
 7 11.88856811141166 0.000000000000000
 8 11.88856862529800 0.000000000000000
 9 13.32541450917664 0.000000000000000
 10 13.32541498471507 0.000000000000000
 11 16.54588994468557 0.000000000000000
 12 16.54589003944624 0.000000000000000

 spin=1 k-point=1162/1284 Cartesian=0.1363183149498352 0.07870341583176359 0.09595455592231543 (1332 plane wave)
 1 1.347458111191551 0.001562499996992451
 2 1.347458638506601 0.001562499996992435
 3 3.847041201422921 1.123912983058487e-05
 4 3.847041722670880 1.123907166838056e-05
 5 11.66115419600754 0.000000000000000
 6 11.66115470984910 0.000000000000000
 7 11.95401042086090 0.000000000000000
 8 11.95401057969372 0.000000000000000
 9 13.13302780757363 0.000000000000000
 10 13.13302811056733 0.000000000000000
 11 15.33767977794458 0.000000000000000
 12 15.33767992298083 0.000000000000000

 spin=1 k-point=1163/1284 Cartesian=0.1557923599426688 0.08994676095058692 0.09595455592231543 (1352 plane wave)
 1 2.176734789664804 0.0007812439925732372
 2 2.176734869401615 0.0007812439925684472
 3 2.870115163817309 0.0007751322595394877
 4 2.870115187853772 0.0007751322580805137
 5 11.58534141090457 0.000000000000000
 6 11.58534192473348 0.000000000000000
 7 12.33917755851192 0.000000000000000
 8 12.33917795533272 0.000000000000000
 9 13.10875770811408 0.000000000000000
 10 13.10875776397436 0.000000000000000
 11 14.75626104084044 0.000000000000000
 12 14.75626126403136 0.000000000000000

 spin=1 k-point=1164/1284 Cartesian=0.000000000000000 0.02248669023764713 0.09595455592231543 (1328 plane wave)
 1 -2.227223153110349 0.001562500000000037
 2 -2.227222601499367 0.001562500000000037
 3 8.698243089894099 0.000000000000000
 4 8.698243124723861 0.000000000000000
 5 14.51795014328729 0.000000000000000
 6 14.51795065004715 0.000000000000000
 7 15.28506452127062 0.000000000000000
 8 15.28506503770860 0.000000000000000
 9 16.32397778015373 0.000000000000000
 10 16.32397824779198 0.000000000000000
 11 17.75593400824129 0.000000000000000
 12 17.75593451181129 0.000000000000000

 spin=1 k-point=1165/1284 Cartesian=0.01947404499283394 0.03373003535647069 0.09595455592231543 (1328 plane wave)
 1 -2.076842992075148 0.001562500000000037
 2 -2.076842440688391 0.001562500000000037
 3 8.833709481932912 0.000000000000000
 4 8.833709513735585 0.000000000000000
 5 13.32191189335136 0.000000000000000
 6 13.32191205251704 0.000000000000000
 7 13.77310310750564 0.000000000000000
 8 13.77310319006339 0.000000000000000
 9 16.94360167597468 0.000000000000000
 10 16.94360192640851 0.000000000000000
 11 17.64151563379368 0.000000000000000
 12 17.64151590828908 0.000000000000000

 spin=1 k-point=1166/1284 Cartesian=0.03894808998566748 0.04497338047529403 0.09595455592231543 (1320 plane wave)
 1 -1.776210055996039 0.001562500000000037
 2 -1.776209505081094 0.001562500000000037
 3 9.086496913332248 0.000000000000000
 4 9.086496936884796 0.000000000000000
 5 11.48007512986981 0.000000000000000
 6 11.48007560443063 0.000000000000000
 7 12.74591603405046 0.000000000000000
 8 12.74591650619697 0.000000000000000
 9 16.42633639549051 0.000000000000000
 10 16.42633690354026 0.000000000000000
 11 18.79449920996869 0.000000000000000
 12 18.79449971321502 0.000000000000000

 spin=1 k-point=1167/1284 Cartesian=0.05842213497850103 0.05621672559411736 0.09595455592231543 (1334 plane wave)
 1 -1.325632888868145 0.001562500000000037
 2 -1.325632338755580 0.001562500000000037
 3 9.139334509370912 0.000000000000000
 4 9.139334777558174 0.000000000000000
 5 9.941793346753048 0.000000000000000
 6 9.941793589818612 0.000000000000000
 7 12.00503096868699 0.000000000000000
 8 12.00503146892053 0.000000000000000
 9 15.73264761364570 0.000000000000000
 10 15.73264813878979 0.000000000000000
 11 20.13332227010628 0.000000000000000
 12 20.13332258477770 0.000000000000000

 spin=1 k-point=1168/1284 Cartesian=0.07789617997133459 0.06746007071294070 0.09595455592231543 (1334 plane wave)
 1 -0.7257709780903469 0.001562500000000037
 2 -0.7257704293241942 0.001562500000000037
 3 7.661266075112303 0.000000000000000
 4 7.661266590415517 0.000000000000000
 5 10.15424609531841 0.000000000000000
 6 10.15424613076262 0.000000000000000
 7 11.46820210134163 0.000000000000000
 8 11.46820257090929 0.000000000000000
 9 15.14240182060347 0.000000000000000
 10 15.14240234131077 0.000000000000000
 11 18.85058985611322 0.000000000000000
 12 18.85058991811746 0.000000000000000

 spin=1 k-point=1169/1284 Cartesian=0.09737022496416814 0.07870341583176405 0.09595455592231543 (1348 plane wave)
 1 0.02179169059749307 0.001562500000000032
 2 0.02179223679464710 0.001562500000000032
 3 6.053560427578772 2.958518487123241e-15
 4 6.053560958372520 2.958502783529904e-15
 5 10.50580053896162 0.000000000000000
 6 10.50580083669539 0.000000000000000
 7 11.35180682767362 0.000000000000000
 8 11.35180706213703 0.000000000000000
 9 14.66541686282905 0.000000000000000
 10 14.66541735907872 0.000000000000000
 11 17.32635161197052 0.000000000000000
 12 17.32635170350982 0.000000000000000

 spin=1 k-point=1170/1284 Cartesian=0.1168442699570017 0.08994676095058737 0.09595455592231543 (1344 plane wave)
 1 0.9117981539294536 0.001562499999961474
 2 0.9117986929507946 0.001562499999961473
 3 4.577709704265916 7.596473001631785e-09
 4 4.577710234889541 7.596432693244376e-09
 5 10.42957132958741 0.000000000000000
 6 10.42957181352048 0.000000000000000
 7 11.95580935391455 0.000000000000000
 8 11.95580942294995 0.000000000000000
 9 14.25282551866649 0.000000000000000
 10 14.25282593463947 0.000000000000000
 11 16.03072953399834 0.000000000000000
 12 16.03072968917843 0.000000000000000

 spin=1 k-point=1171/1284 Cartesian=0.1363183149498352 0.1011901060694107 0.09595455592231543 (1348 plane wave)
 1 1.904493685153035 0.001562499210425347
 2 1.904494161243208 0.001562499210421589
 3 3.290313069835496 0.001023003100885630
 4 3.290313540598649 0.001023001438052140
 5 10.32128505544562 0.000000000000000
 6 10.32128556749202 0.000000000000000
 7 12.81840875862290 0.000000000000000
 8 12.81840879535760 0.000000000000000
 9 13.70873530719835 0.000000000000000
 10 13.70873553812867 0.000000000000000
 11 15.22925624650021 0.000000000000000
 12 15.22925655579575 0.000000000000000

 spin=1 k-point=1172/1284 Cartesian=0.1557923599426688 0.1124334511882340 0.09595455592231543 (1348 plane wave)
 1 1.904493685094106 0.001562499210425348
 2 1.904494161356607 0.001562499210421588
 3 3.290313069881797 0.001023003100722086
 4 3.290313540480205 0.001023001438470509
 5 10.32128505494022 0.000000000000000
 6 10.32128556856926 0.000000000000000
 7 12.81840876315824 0.000000000000000
 8 12.81840878619568 0.000000000000000
 9 13.70873530362485 0.000000000000000
 10 13.70873554695409 0.000000000000000
 11 15.22925624851263 0.000000000000000
 12 15.22925655270860 0.000000000000000

 spin=1 k-point=1173/1284 Cartesian=0.1363183149498352 0.05621672559411737 0.09595455592231543 (1344 plane wave)
 1 0.9117981538898413 0.001562499999961474
 2 0.9117986930403634 0.001562499999961473
 3 4.577709704323873 7.596472997229171e-09
 4 4.577710234727002 7.596432705591532e-09
 5 10.42957132770336 0.000000000000000
 6 10.42957181759567 0.000000000000000
 7 11.95580935986077 0.000000000000000
 8 11.95580941174056 0.000000000000000
 9 14.25282551529433 0.000000000000000
 10 14.25282594264485 0.000000000000000
 11 16.03072953722049 0.000000000000000
 12 16.03072968475961 0.000000000000000

 spin=1 k-point=1174/1284 Cartesian=0.1168442699570017 0.04497338047529403 0.09595455592231543 (1348 plane wave)
 1 0.02179169056717964 0.001562500000000032
 2 0.02179223686450033 0.001562500000000032
 3 6.053560427639172 2.958518485336284e-15
 4 6.053560958173335 2.958502789422809e-15
 5 10.50580053489663 0.000000000000000
 6 10.50580084574642 0.000000000000000
 7 11.35180683562705 0.000000000000000
 8 11.35180704676441 0.000000000000000
 9 14.66541686043728 0.000000000000000
 10 14.66541736497298 0.000000000000000
 11 17.32635161426287 0.000000000000000
 12 17.32635170092317 0.000000000000000

 spin=1 k-point=1175/1284 Cartesian=0.09737022496416814 0.03373003535647069 0.09595455592231543 (1334 plane wave)
 1 -0.7257709781137723 0.001562500000000037
 2 -0.7257704292706004 0.001562500000000037
 3 7.661266075123142 0.000000000000000
 4 7.661266590226023 0.000000000000000
 5 10.15424609169408 0.000000000000000
 6 10.15424613716113 0.000000000000000
 7 11.46820210561283 0.000000000000000
 8 11.46820256178512 0.000000000000000
 9 15.14240181898785 0.000000000000000
 10 15.14240234586141 0.000000000000000
 11 18.85058985839740 0.000000000000000
 12 18.85058991648422 0.000000000000000

 spin=1 k-point=1176/1284 Cartesian=0.07789617997133459 0.02248669023764736 0.09595455592231543 (1334 plane wave)
 1 -1.325632888885468 0.001562500000000037
 2 -1.325632338715877 0.001562500000000037
 3 9.139334509792782 0.000000000000000
 4 9.139334777399851 0.000000000000000
 5 9.941793350744126 0.000000000000000
 6 9.941793586457150 0.000000000000000
 7 12.00503097115160 0.000000000000000
 8 12.00503146345340 0.000000000000000
 9 15.73264761272854 0.000000000000000
 10 15.73264814255406 0.000000000000000
 11 20.13332226596703 0.000000000000000
 12 20.13332259312727 0.000000000000000

 spin=1 k-point=1177/1284 Cartesian=0.05842213497850103 0.01124334511882402 0.09595455592231543 (1320 plane wave)
 1 -1.776210056007839 0.001562500000000037
 2 -1.776209505053663 0.001562500000000037
 3 9.086496913737651 0.000000000000000
 4 9.086496937030670 0.000000000000000
 5 11.48007513199585 0.000000000000000
 6 11.48007560170110 0.000000000000000
 7 12.74591603598659 0.000000000000000
 8 12.74591650228325 0.000000000000000
 9 16.42633639552028 0.000000000000000
 10 16.42633690692811 0.000000000000000
 11 18.79449920620974 0.000000000000000
 12 18.79449971751401 0.000000000000000

 spin=1 k-point=1178/1284 Cartesian=0.03894808998566748 0.000000000000000 0.09595455592231543 (1328 plane wave)
 1 -2.076842992082163 0.001562500000000037
 2 -2.076842440672301 0.001562500000000037
 3 8.833709481836117 0.000000000000000
 4 8.833709514106760 0.000000000000000
 5 13.32191190922489 0.000000000000000
 6 13.32191203360478 0.000000000000000
 7 13.77310312310495 0.000000000000000
 8 13.77310317534035 0.000000000000000
 9 16.94360167682996 0.000000000000000
 10 16.94360193073526 0.000000000000000
 11 17.64151563150185 0.000000000000000
 12 17.64151590931901 0.000000000000000

 spin=1 k-point=1179/1284 Cartesian=-0.01947404499283316 0.01124334511882402 0.09595455592231543 (1328 plane wave)
 1 -2.227223153112838 0.001562500000000037
 2 -2.227222601494026 0.001562500000000037
 3 8.698243089853076 0.000000000000000
 4 8.698243124850835 0.000000000000000
 5 14.51795014207798 0.000000000000000
 6 14.51795064749268 0.000000000000000
 7 15.28506452813705 0.000000000000000
 8 15.28506503561732 0.000000000000000
 9 16.32397777034085 0.000000000000000
 10 16.32397825517755 0.000000000000000
 11 17.75593401581738 0.000000000000000
 12 17.75593450946026 0.000000000000000

 spin=1 k-point=1180/1284 Cartesian=0.000000000000000 0.04497338047529380 0.09595455592231543 (1330 plane wave)
 1 -2.001669050011562 0.001562500000000037
 2 -2.001668498730354 0.001562500000000037
 3 8.899074984828404 0.000000000000000
 4 8.899075014067716 0.000000000000000
 5 12.45281203384268 0.000000000000000
 6 12.45281255186528 0.000000000000000
 7 14.30996662681555 0.000000000000000
 8 14.30996714033783 0.000000000000000
 9 15.55642826078429 0.000000000000000
 10 15.55642877946296 0.000000000000000
 11 19.18340669365391 0.000000000000000
 12 19.18340720013141 0.000000000000000

 spin=1 k-point=1181/1284 Cartesian=0.01947404499283394 0.05621672559411736 0.09595455592231543 (1320 plane wave)
 1 -1.776210055994371 0.001562500000000037
 2 -1.776209505080387 0.001562500000000037
 3 9.086496915089237 0.000000000000000
 4 9.086496936827588 0.000000000000000
 5 11.48007512718546 0.000000000000000
 6 11.48007560200059 0.000000000000000
 7 12.74591603694702 0.000000000000000
 8 12.74591650646143 0.000000000000000
 9 16.42633639501823 0.000000000000000
 10 16.42633690388923 0.000000000000000
 11 18.79449921036455 0.000000000000000
 12 18.79449971216003 0.000000000000000

 spin=1 k-point=1182/1284 Cartesian=0.03894808998566748 0.06746007071294069 0.09595455592231543 (1328 plane wave)
 1 -1.400678878037579 0.001562500000000037
 2 -1.400678327785035 0.001562500000000037
 3 9.336215979242066 0.000000000000000
 4 9.336216002303665 0.000000000000000
 5 10.39082388714588 0.000000000000000
 6 10.39082403289282 0.000000000000000
 7 11.18639745381593 0.000000000000000
 8 11.18639751836448 0.000000000000000
 9 17.62301805536084 0.000000000000000
 10 17.62301828350552 0.000000000000000
 11 18.29688946134090 0.000000000000000
 12 18.29688970818772 0.000000000000000

 spin=1 k-point=1183/1284 Cartesian=0.05842213497850103 0.07870341583176403 0.09595455592231543 (1336 plane wave)
 1 -0.8755361756058387 0.001562500000000037
 2 -0.8755356264442942 0.001562500000000037
 3 8.638698658164149 0.000000000000000
 4 8.638699132467286 0.000000000000000
 5 9.605135361940112 0.000000000000000
 6 9.605135661122373 0.000000000000000
 7 10.66604527428739 0.000000000000000
 8 10.66604546457964 0.000000000000000
 9 17.24034824093315 0.000000000000000
 10 17.24034873706637 0.000000000000000
 11 19.35066058061216 0.000000000000000
 12 19.35066088026504 0.000000000000000

 spin=1 k-point=1184/1284 Cartesian=0.07789617997133459 0.08994676095058737 0.09595455592231543 (1340 plane wave)
 1 -0.2017946310670572 0.001562500000000036
 2 -0.2017940837987520 0.001562500000000036
 3 7.001452072840638 0.000000000000000
 4 7.001452592394811 0.000000000000000
 5 9.337344933547925 0.000000000000000
 6 9.337345401941610 0.000000000000000
 7 10.99548700338149 0.000000000000000
 8 10.99548709178170 0.000000000000000
 9 16.65861838263896 0.000000000000000
 10 16.65861883853477 0.000000000000000
 11 18.25737228580296 0.000000000000000
 12 18.25737238657065 0.000000000000000

 spin=1 k-point=1185/1284 Cartesian=0.09737022496416814 0.1011901060694107 0.09595455592231543 (1352 plane wave)
 1 0.6178069431960226 0.001562499999997998
 2 0.6178074863710293 0.001562499999997998
 3 5.458488138336357 1.136164029953448e-12
 4 5.458488667383970 1.136158019119189e-12
 5 9.026754932102724 0.000000000000000
 6 9.026755441361408 0.000000000000000
 7 11.70717872817051 0.000000000000000
 8 11.70717879298329 0.000000000000000
 9 15.96676206246327 0.000000000000000
 10 15.96676232210328 0.000000000000000
 11 17.10227933103334 0.000000000000000
 12 17.10227962087469 0.000000000000000

 spin=1 k-point=1186/1284 Cartesian=0.1168442699570017 0.1124334511882340 0.09595455592231543 (1348 plane wave)
 1 1.571107782742365 0.001562499971847567
 2 1.571108309263151 0.001562499971847419
 3 4.066056145239204 1.265743988975545e-06
 4 4.066056664428864 1.265737422702548e-06
 5 8.822369148955202 0.000000000000000
 6 8.822369670275872 0.000000000000000
 7 12.58997945311559 0.000000000000000
 8 12.58997950518270 0.000000000000000
 9 14.93873159261278 0.000000000000000
 10 14.93873167463027 0.000000000000000
 11 16.57404120990673 0.000000000000000
 12 16.57404167800575 0.000000000000000

 spin=1 k-point=1187/1284 Cartesian=0.1363183149498352 0.1236767963070574 0.09595455592231543 (1354 plane wave)
 1 2.401071321254947 0.001562386767325926
 2 2.401071404889031 0.001562386767231232
 3 3.089147886426525 0.001459537793111523
 4 3.089147902963811 0.001459537777206381
 5 8.752592403008006 0.000000000000000
 6 8.752592927749692 0.000000000000000
 7 13.32224404172000 0.000000000000000
 8 13.32224409797613 0.000000000000000
 9 14.11371708259328 0.000000000000000
 10 14.11371717822782 0.000000000000000
 11 16.44294621054971 0.000000000000000
 12 16.44294670986671 0.000000000000000

 spin=1 k-point=1188/1284 Cartesian=0.1557923599426688 0.1349201414258807 0.09595455592231543 (1348 plane wave)
 1 1.571107782643134 0.001562499971847567
 2 1.571108309482813 0.001562499971847419
 3 4.066056145345661 1.265743987629170e-06
 4 4.066056664102770 1.265737426826705e-06
 5 8.822369148488749 0.000000000000000
 6 8.822369671331234 0.000000000000000
 7 12.58997945296952 0.000000000000000
 8 12.58997950220633 0.000000000000000
 9 14.93873158953164 0.000000000000000
 10 14.93873168209307 0.000000000000000
 11 16.57404121193916 0.000000000000000
 12 16.57404167468255 0.000000000000000

 spin=1 k-point=1189/1284 Cartesian=0.1363183149498352 0.03373003535647069 0.09595455592231543 (1352 plane wave)
 1 0.6178069431242420 0.001562499999997998
 2 0.6178074865409042 0.001562499999997998
 3 5.458488138465647 1.136164028484502e-12
 4 5.458488666936305 1.136158024205379e-12
 5 9.026754930994342 0.000000000000000
 6 9.026755443865049 0.000000000000000
 7 11.70717872990072 0.000000000000000
 8 11.70717878772714 0.000000000000000
 9 15.96676205965969 0.000000000000000
 10 15.96676233059643 0.000000000000000
 11 17.10227933636748 0.000000000000000
 12 17.10227961328265 0.000000000000000

 spin=1 k-point=1190/1284 Cartesian=0.1168442699570017 0.02248669023764735 0.09595455592231543 (1340 plane wave)
 1 -0.2017946311225966 0.001562500000000036
 2 -0.2017940836672326 0.001562500000000036
 3 7.001452072947137 0.000000000000000
 4 7.001452591793993 0.000000000000000
 5 9.337344931271478 0.000000000000000
 6 9.337345407096359 0.000000000000000
 7 10.99548700761977 0.000000000000000
 8 10.99548708295757 0.000000000000000
 9 16.65861838030993 0.000000000000000
 10 16.65861884530779 0.000000000000000
 11 18.25737229254108 0.000000000000000
 12 18.25737237984425 0.000000000000000

 spin=1 k-point=1191/1284 Cartesian=0.09737022496416814 0.01124334511882402 0.09595455592231543 (1336 plane wave)
 1 -0.8755361756474872 0.001562500000000037
 2 -0.8755356263465686 0.001562500000000037
 3 8.638698657836173 0.000000000000000
 4 8.638699132014363 0.000000000000000
 5 9.605135357775167 0.000000000000000
 6 9.605135669782362 0.000000000000000
 7 10.66604528123634 0.000000000000000
 8 10.66604545186586 0.000000000000000
 9 17.24034823986279 0.000000000000000
 10 17.24034874201538 0.000000000000000
 11 19.35066057663035 0.000000000000000
 12 19.35066088863078 0.000000000000000

 spin=1 k-point=1192/1284 Cartesian=0.07789617997133459 0.000000000000000 0.09595455592231543 (1328 plane wave)
 1 -1.400678878067572 0.001562500000000037
 2 -1.400678327714874 0.001562500000000037
 3 9.336215985842397 0.000000000000000
 4 9.336215998206333 0.000000000000000
 5 10.39082390643338 0.000000000000000
 6 10.39082401039160 0.000000000000000
 7 11.18639747051716 0.000000000000000
 8 11.18639750047770 0.000000000000000
 9 17.62301805666821 0.000000000000000
 10 17.62301828749570 0.000000000000000
 11 18.29688945921022 0.000000000000000
 12 18.29688970954097 0.000000000000000

 spin=1 k-point=1193/1284 Cartesian=0.05842213497850103 -0.01124334511882266 0.09595455592231543 (1320 plane wave)
 1 -1.776210056013651 0.001562500000000037
 2 -1.776209505034926 0.001562500000000037
 3 9.086496914278248 0.000000000000000
 4 9.086496938852372 0.000000000000000
 5 11.48007512899279 0.000000000000000
 6 11.48007559589934 0.000000000000000
 7 12.74591603887056 0.000000000000000
 8 12.74591650614340 0.000000000000000
 9 16.42633639117414 0.000000000000000
 10 16.42633690941346 0.000000000000000
 11 18.79449921089118 0.000000000000000
 12 18.79449971400273 0.000000000000000

 spin=1 k-point=1194/1284 Cartesian=-0.03894808998566670 0.02248669023764735 0.09595455592231543 (1330 plane wave)
 1 -2.001669050021162 0.001562500000000037
 2 -2.001668498707980 0.001562500000000037
 3 8.899074984488056 0.000000000000000
 4 8.899075014905470 0.000000000000000
 5 12.45281203400000 0.000000000000000
 6 12.45281254809272 0.000000000000000
 7 14.30996663384595 0.000000000000000
 8 14.30996713818399 0.000000000000000
 9 15.55642825075737 0.000000000000000
 10 15.55642878694563 0.000000000000000
 11 19.18340670107077 0.000000000000000
 12 19.18340719787472 0.000000000000000

 spin=1 k-point=1195/1284 Cartesian=-0.01947404499283316 0.03373003535647068 0.09595455592231543 (1328 plane wave)
 1 -2.076842992080290 0.001562500000000037
 2 -2.076842440671098 0.001562500000000037
 3 8.833709482463451 0.000000000000000
 4 8.833709514201807 0.000000000000000
 5 13.32191191183019 0.000000000000000
 6 13.32191203178496 0.000000000000000
 7 13.77310311901887 0.000000000000000
 8 13.77310317454290 0.000000000000000
 9 16.94360167966325 0.000000000000000
 10 16.94360193553269 0.000000000000000
 11 17.64151563174273 0.000000000000000
 12 17.64151590527853 0.000000000000000

 spin=1 k-point=1196/1284 Cartesian=0.000000000000000 0.06746007071294047 0.09595455592231543 (1334 plane wave)
 1 -1.625970552641069 0.001562500000000037
 2 -1.625970001965569 0.001562500000000037
 3 9.170215901927614 0.000000000000000
 4 9.170215937705853 0.000000000000000
 5 10.55584429246018 0.000000000000000
 6 10.55584478071663 0.000000000000000
 7 13.47900274411650 0.000000000000000
 8 13.47900325667794 0.000000000000000
 9 14.81294278626104 0.000000000000000
 10 14.81294332388576 0.000000000000000
 11 20.76560644821987 0.000000000000000
 12 20.76560695493747 0.000000000000000

 spin=1 k-point=1197/1284 Cartesian=0.01947404499283394 0.07870341583176403 0.09595455592231543 (1334 plane wave)
 1 -1.325632888865300 0.001562500000000037
 2 -1.325632338755597 0.001562500000000037
 3 9.139334517163160 0.000000000000000
 4 9.139334782939907 0.000000000000000
 5 9.941793336480687 0.000000000000000
 6 9.941793581811673 0.000000000000000
 7 12.00503097248569 0.000000000000000
 8 12.00503146976822 0.000000000000000
 9 15.73264761279244 0.000000000000000
 10 15.73264813889074 0.000000000000000
 11 20.13332226679982 0.000000000000000
 12 20.13332258035373 0.000000000000000

 spin=1 k-point=1198/1284 Cartesian=0.03894808998566748 0.08994676095058736 0.09595455592231543 (1336 plane wave)
 1 -0.8755361756062193 0.001562500000000037
 2 -0.8755356264466264 0.001562500000000037
 3 8.638698662411333 0.000000000000000
 4 8.638699136016834 0.000000000000000
 5 9.605135353917611 0.000000000000000
 6 9.605135654383281 0.000000000000000
 7 10.66604528217322 0.000000000000000
 8 10.66604546355616 0.000000000000000
 9 17.24034823922275 0.000000000000000
 10 17.24034873625335 0.000000000000000
 11 19.35066057881684 0.000000000000000
 12 19.35066087874250 0.000000000000000

 spin=1 k-point=1199/1284 Cartesian=0.05842213497850103 0.1011901060694107 0.09595455592231543 (1336 plane wave)
 1 -0.2763927127833486 0.001562500000000036
 2 -0.2763921651951662 0.001562500000000036
 3 7.894650978889615 0.000000000000000
 4 7.894651091076366 0.000000000000000
 5 8.335994356322567 0.000000000000000
 6 8.335994446248261 0.000000000000000
 7 10.89951019103552 0.000000000000000
 8 10.89951026488493 0.000000000000000
 9 18.49418366325068 0.000000000000000
 10 18.49418382772098 0.000000000000000
 11 18.72956683970844 0.000000000000000
 12 18.72956710228543 0.000000000000000

 spin=1 k-point=1200/1284 Cartesian=0.07789617997133459 0.1124334511882340 0.09595455592231543 (1352 plane wave)
 1 0.4701327579502222 0.001562499999999571
 2 0.4701333026340851 0.001562499999999571
 3 6.457232138538263 0.000000000000000
 4 6.457232626030547 0.000000000000000
 5 7.754176846766676 0.000000000000000
 6 7.754177326975648 0.000000000000000
 7 11.56780162338431 0.000000000000000
 8 11.56780168907298 0.000000000000000
 9 17.33618823270088 0.000000000000000
 10 17.33618828881133 0.000000000000000
 11 18.44700940564027 0.000000000000000
 12 18.44700963155512 0.000000000000000

 spin=1 k-point=1201/1284 Cartesian=0.09737022496416814 0.1236767963070574 0.09595455592231543 (1350 plane wave)
 1 1.358703037600073 0.001562499996634501
 2 1.358703574667155 0.001562499996634483
 3 5.005623837142215 1.052461357754161e-10
 4 5.005624354927787 1.052455908274245e-10
 5 7.446468258569570 0.000000000000000
 6 7.446468774643420 0.000000000000000
 7 12.40841344535689 0.000000000000000
 8 12.40841350462942 0.000000000000000
 9 15.99485043777445 0.000000000000000
 10 15.99485047887530 0.000000000000000
 11 18.11365770629966 0.000000000000000
 12 18.11365795620502 0.000000000000000

 spin=1 k-point=1202/1284 Cartesian=0.1168442699570017 0.1349201414258807 0.09595455592231543 (1352 plane wave)
 1 2.350133098807929 0.001562431960301245
 2 2.350133573854401 0.001562431959978038
 3 3.726069981454892 3.705242183588093e-05
 4 3.726070447865433 3.705225311790359e-05
 5 7.295687868955572 0.000000000000000
 6 7.295688393416561 0.000000000000000
 7 13.32789132335640 0.000000000000000
 8 13.32789137708837 0.000000000000000
 9 14.80754057089769 0.000000000000000
 10 14.80754061966256 0.000000000000000
 11 17.95325535131377 0.000000000000000
 12 17.95325560670560 0.000000000000000

 spin=1 k-point=1203/1284 Cartesian=0.1363183149498352 0.1461634865447040 0.09595455592231543 (1352 plane wave)
 1 2.350133098583471 0.001562431960301397
 2 2.350133574322160 0.001562431959977719
 3 3.726069981586831 3.705242178815349e-05
 4 3.726070447372988 3.705225329603889e-05
 5 7.295687868862428 0.000000000000000
 6 7.295688393754265 0.000000000000000
 7 13.32789132069849 0.000000000000000
 8 13.32789137753503 0.000000000000000
 9 14.80754056737615 0.000000000000000
 10 14.80754062581249 0.000000000000000
 11 17.95325535116342 0.000000000000000
 12 17.95325560642135 0.000000000000000

 spin=1 k-point=1204/1284 Cartesian=0.1557923599426688 0.1574068316635274 0.09595455592231543 (1350 plane wave)
 1 1.358703037461817 0.001562499996634501
 2 1.358703575008192 0.001562499996634483
 3 5.005623837364913 1.052461355410348e-10
 4 5.005624354068527 1.052455917317574e-10
 5 7.446468258306899 0.000000000000000
 6 7.446468775735365 0.000000000000000
 7 12.40841344494029 0.000000000000000
 8 12.40841350238649 0.000000000000000
 9 15.99485043680446 0.000000000000000
 10 15.99485048391618 0.000000000000000
 11 18.11365770606218 0.000000000000000
 12 18.11365795536356 0.000000000000000

 spin=1 k-point=1205/1284 Cartesian=0.1363183149498352 0.01124334511882402 0.09595455592231543 (1352 plane wave)
 1 0.4701327578499891 0.001562499999999571
 2 0.4701333028862902 0.001562499999999571
 3 6.457232139055407 0.000000000000000
 4 6.457232624225484 0.000000000000000
 5 7.754176846567094 0.000000000000000
 6 7.754177329078707 0.000000000000000
 7 11.56780162394802 0.000000000000000
 8 11.56780168564111 0.000000000000000
 9 17.33618823588339 0.000000000000000
 10 17.33618829181436 0.000000000000000
 11 18.44700940441987 0.000000000000000
 12 18.44700962980163 0.000000000000000

 spin=1 k-point=1206/1284 Cartesian=0.1168442699570017 0.000000000000000 0.09595455592231543 (1336 plane wave)
 1 -0.2763927128592500 0.001562500000000036
 2 -0.2763921650055879 0.001562500000000036
 3 7.894651008750610 0.000000000000000
 4 7.894651057698162 0.000000000000000
 5 8.335994377896363 0.000000000000000
 6 8.335994429428908 0.000000000000000
 7 10.89951019209110 0.000000000000000
 8 10.89951026052057 0.000000000000000
 9 18.49418366226257 0.000000000000000
 10 18.49418383438241 0.000000000000000
 11 18.72956684226689 0.000000000000000
 12 18.72956710434173 0.000000000000000

 spin=1 k-point=1207/1284 Cartesian=0.09737022496416814 -0.01124334511882265 0.09595455592231543 (1336 plane wave)
 1 -0.8755361756613056 0.001562500000000037
 2 -0.8755356263077840 0.001562500000000037
 3 8.638698660411313 0.000000000000000
 4 8.638699139159488 0.000000000000000
 5 9.605135352643863 0.000000000000000
 6 9.605135655032147 0.000000000000000
 7 10.66604527976241 0.000000000000000
 8 10.66604546356889 0.000000000000000
 9 17.24034823656761 0.000000000000000
 10 17.24034874078446 0.000000000000000
 11 19.35066057940689 0.000000000000000
 12 19.35066088345442 0.000000000000000

 spin=1 k-point=1208/1284 Cartesian=0.07789617997133459 -0.02248669023764599 0.09595455592231543 (1334 plane wave)
 1 -1.325632888903721 0.001562500000000037
 2 -1.325632338661249 0.001562500000000037
 3 9.139334513262884 0.000000000000000
 4 9.139334791766185 0.000000000000000
 5 9.941793342281413 0.000000000000000
 6 9.941793568435841 0.000000000000000
 7 12.00503097470458 0.000000000000000
 8 12.00503146884226 0.000000000000000
 9 15.73264760838816 0.000000000000000
 10 15.73264814423756 0.000000000000000
 11 20.13332226742225 0.000000000000000
 12 20.13332258357518 0.000000000000000

 spin=1 k-point=1209/1284 Cartesian=-0.05842213497850025 0.03373003535647068 0.09595455592231543 (1334 plane wave)
 1 -1.625970552663474 0.001562500000000037
 2 -1.625970001910749 0.001562500000000037
 3 9.170215898101860 0.000000000000000
 4 9.170215944110302 0.000000000000000
 5 10.55584429456767 0.000000000000000
 6 10.55584477308992 0.000000000000000
 7 13.47900275118537 0.000000000000000
 8 13.47900325452029 0.000000000000000
 9 14.81294277642028 0.000000000000000
 10 14.81294333104177 0.000000000000000
 11 20.76560645564376 0.000000000000000
 12 20.76560695281398 0.000000000000000

 spin=1 k-point=1210/1284 Cartesian=-0.03894808998566670 0.04497338047529402 0.09595455592231543 (1320 plane wave)
 1 -1.776210056010769 0.001562500000000037
 2 -1.776209505033005 0.001562500000000037
 3 9.086496915303158 0.000000000000000
 4 9.086496939187057 0.000000000000000
 5 11.48007512947582 0.000000000000000
 6 11.48007559664056 0.000000000000000
 7 12.74591603473911 0.000000000000000
 8 12.74591650389656 0.000000000000000
 9 16.42633639386233 0.000000000000000
 10 16.42633691126653 0.000000000000000
 11 18.79449921201810 0.000000000000000
 12 18.79449971464485 0.000000000000000

 spin=1 k-point=1211/1284 Cartesian=-0.01947404499283316 0.05621672559411735 0.09595455592231543 (1320 plane wave)
 1 -1.776210056003410 0.001562500000000037
 2 -1.776209505050986 0.001562500000000037
 3 9.086496916575006 0.000000000000000
 4 9.086496937253360 0.000000000000000
 5 11.48007512976947 0.000000000000000
 6 11.48007560003155 0.000000000000000
 7 12.74591603473636 0.000000000000000
 8 12.74591650032534 0.000000000000000
 9 16.42633639765894 0.000000000000000
 10 16.42633690917455 0.000000000000000
 11 18.79449920766734 0.000000000000000
 12 18.79449971728254 0.000000000000000

 spin=1 k-point=1212/1284 Cartesian=0.000000000000000 0.08994676095058715 0.09595455592231543 (1336 plane wave)
 1 -1.100574374828834 0.001562500000000037
 2 -1.100573825165345 0.001562500000000037
 3 8.426674695683243 0.000000000000000
 4 8.426675173786101 0.000000000000000
 5 9.943701294737945 0.000000000000000
 6 9.943701363796540 0.000000000000000
 7 12.79778717417952 0.000000000000000
 8 12.79778768631257 0.000000000000000
 9 14.17945501020439 0.000000000000000
 10 14.17945555002776 0.000000000000000
 11 19.63165340461514 0.000000000000000
 12 19.63165345268771 0.000000000000000

 spin=1 k-point=1213/1284 Cartesian=0.01947404499283394 0.1011901060694107 0.09595455592231543 (1334 plane wave)
 1 -0.7257709780907518 0.001562500000000037
 2 -0.7257704293300974 0.001562500000000037
 3 7.661266077814823 0.000000000000000
 4 7.661266592497422 0.000000000000000
 5 10.15424608764497 0.000000000000000
 6 10.15424612522590 0.000000000000000
 7 11.46820210743237 0.000000000000000
 8 11.46820257265537 0.000000000000000
 9 15.14240181913224 0.000000000000000
 10 15.14240234096869 0.000000000000000
 11 18.85058985808329 0.000000000000000
 12 18.85058991691162 0.000000000000000

 spin=1 k-point=1214/1284 Cartesian=0.03894808998566748 0.1124334511882340 0.09595455592231543 (1340 plane wave)
 1 -0.2017946310743259 0.001562500000000036
 2 -0.2017940838106731 0.001562500000000036
 3 7.001452074678890 0.000000000000000
 4 7.001452593878426 0.000000000000000
 5 9.337344928971337 0.000000000000000
 6 9.337345398925709 0.000000000000000
 7 10.99548700798180 0.000000000000000
 8 10.99548709133667 0.000000000000000
 9 16.65861837850660 0.000000000000000
 10 16.65861883579299 0.000000000000000
 11 18.25737229217979 0.000000000000000
 12 18.25737238689090 0.000000000000000

 spin=1 k-point=1215/1284 Cartesian=0.05842213497850103 0.1236767963070574 0.09595455592231543 (1352 plane wave)
 1 0.4701327579384521 0.001562499999999571
 2 0.4701333026172215 0.001562499999999571
 3 6.457232139863030 0.000000000000000
 4 6.457232627101400 0.000000000000000
 5 7.754176844917474 0.000000000000000
 6 7.754177325775098 0.000000000000000
 7 11.56780162399652 0.000000000000000
 8 11.56780168912348 0.000000000000000
 9 17.33618822604289 0.000000000000000
 10 17.33618828345737 0.000000000000000
 11 18.44700941244753 0.000000000000000
 12 18.44700964338639 0.000000000000000

 spin=1 k-point=1216/1284 Cartesian=0.07789617997133459 0.1349201414258807 0.09595455592231543 (1348 plane wave)
 1 1.286877797768426 0.001562499998358990
 2 1.286878337121396 0.001562499998358981
 3 5.858025792639765 2.090598455496475e-14
 4 5.858025902661293 2.090596155388828e-14
 5 6.448175729858598 0.000000000000000
 6 6.448175831779655 0.000000000000000
 7 12.34427651780369 0.000000000000000
 8 12.34427657858578 0.000000000000000
 9 16.79425576498203 0.000000000000000
 10 16.79425585093135 0.000000000000000
 11 17.58063840752969 0.000000000000000
 12 17.58063851539203 0.000000000000000

 spin=1 k-point=1217/1284 Cartesian=0.09737022496416814 0.1461634865447041 0.09595455592231543 (1350 plane wave)
 1 2.235626898545587 0.001562478348846223
 2 2.235627419230551 0.001562478348733490
 3 4.682102148451454 2.674500177406078e-09
 4 4.682102613583266 2.674487737502119e-09
 5 6.015251436290537 4.339584640859552e-15
 6 6.015251910315754 4.339564070177804e-15
 7 13.24710576307674 0.000000000000000
 8 13.24710582022490 0.000000000000000
 9 15.71719664952776 0.000000000000000
 10 15.71719670513125 0.000000000000000
 11 17.14050234676917 0.000000000000000
 12 17.14050242689563 0.000000000000000

 spin=1 k-point=1218/1284 Cartesian=0.1168442699570017 0.1574068316635274 0.09595455592231543 (1352 plane wave)
 1 3.062443387516037 0.001482431631860091
 2 3.062443493688036 0.001482431551206087
 3 3.729383064491512 3.587267825238641e-05
 4 3.729383103000626 3.587266475528993e-05
 5 5.920349952317950 1.120985958201727e-14
 6 5.920350458404931 1.120980285050695e-14
 7 13.95515817589368 0.000000000000000
 8 13.95515823985477 0.000000000000000
 9 14.90068453865277 0.000000000000000
 10 14.90068459023538 0.000000000000000
 11 17.03788028050674 0.000000000000000
 12 17.03788034566359 0.000000000000000

 spin=1 k-point=1219/1284 Cartesian=0.1363183149498352 0.1686501767823507 0.09595455592231543 (1350 plane wave)
 1 2.235626898251002 0.001562478348846286
 2 2.235627419952158 0.001562478348733333
 3 4.682102149055826 2.674500161242189e-09
 4 4.682102611544161 2.674487792037670e-09
 5 6.015251436870955 4.339584615671844e-15
 6 6.015251910891461 4.339564045194601e-15
 7 13.24710576014143 0.000000000000000
 8 13.24710582061302 0.000000000000000
 9 15.71719665434225 0.000000000000000
 10 15.71719670443985 0.000000000000000
 11 17.14050235644021 0.000000000000000
 12 17.14050241555776 0.000000000000000

 spin=1 k-point=1220/1284 Cartesian=0.1557923599426688 0.1798935219011741 0.09595455592231543 (1348 plane wave)
 1 1.286877797585258 0.001562499998358990
 2 1.286878337610356 0.001562499998358981
 3 5.858025822816199 2.090597824628355e-14
 4 5.858025868878214 2.090596861656863e-14
 5 6.448175748348609 0.000000000000000
 6 6.448175816928869 0.000000000000000
 7 12.34427651695798 0.000000000000000
 8 12.34427657684303 0.000000000000000
 9 16.79425579040874 0.000000000000000
 10 16.79425583134420 0.000000000000000
 11 17.58063843424624 0.000000000000000
 12 17.58063848532702 0.000000000000000

 spin=1 k-point=1221/1284 Cartesian=0.1363183149498352 -0.01124334511882266 0.09595455592231543 (1352 plane wave)
 1 0.4701327578083345 0.001562499999999571
 2 0.4701333029672308 0.001562499999999571
 3 6.457232139929624 0.000000000000000
 4 6.457232625501560 0.000000000000000
 5 7.754176846972770 0.000000000000000
 6 7.754177325638833 0.000000000000000
 7 11.56780162405084 0.000000000000000
 8 11.56780168638593 0.000000000000000
 9 17.33618823118734 0.000000000000000
 10 17.33618828047873 0.000000000000000
 11 18.44700940925090 0.000000000000000
 12 18.44700964903482 0.000000000000000

 spin=1 k-point=1222/1284 Cartesian=0.1168442699570017 -0.02248669023764600 0.09595455592231543 (1340 plane wave)
 1 -0.2017946311695078 0.001562500000000036
 2 -0.2017940835580511 0.001562500000000036
 3 7.001452073865195 0.000000000000000
 4 7.001452594268716 0.000000000000000
 5 9.337344930178949 0.000000000000000
 6 9.337345398913634 0.000000000000000
 7 10.99548700797017 0.000000000000000
 8 10.99548708850537 0.000000000000000
 9 16.65861837633591 0.000000000000000
 10 16.65861883879392 0.000000000000000
 11 18.25737229125990 0.000000000000000
 12 18.25737239108635 0.000000000000000

 spin=1 k-point=1223/1284 Cartesian=0.09737022496416814 -0.03373003535646934 0.09595455592231543 (1334 plane wave)
 1 -0.7257709781576624 0.001562500000000037
 2 -0.7257704291536849 0.001562500000000037
 3 7.661266076413974 0.000000000000000
 4 7.661266594376949 0.000000000000000
 5 10.15424608563116 0.000000000000000
 6 10.15424612465102 0.000000000000000
 7 11.46820210995691 0.000000000000000
 8 11.46820257072802 0.000000000000000
 9 15.14240181468100 0.000000000000000
 10 15.14240234606641 0.000000000000000
 11 18.85058985587214 0.000000000000000
 12 18.85058992089652 0.000000000000000

 spin=1 k-point=1224/1284 Cartesian=-0.07789617997133380 0.04497338047529403 0.09595455592231543 (1336 plane wave)
 1 -1.100574374871758 0.001562500000000037
 2 -1.100573825053269 0.001562500000000037
 3 8.426674693316324 0.000000000000000
 4 8.426675178156756 0.000000000000000
 5 9.943701298176478 0.000000000000000
 6 9.943701355322627 0.000000000000000
 7 12.79778718126214 0.000000000000000
 8 12.79778768414240 0.000000000000000
 9 14.17945500060606 0.000000000000000
 10 14.17945555681195 0.000000000000000
 11 19.63165340129688 0.000000000000000
 12 19.63165345674230 0.000000000000000

 spin=1 k-point=1225/1284 Cartesian=-0.05842213497850025 0.05621672559411737 0.09595455592231543 (1334 plane wave)
 1 -1.325632888900132 0.001562500000000037
 2 -1.325632338658398 0.001562500000000037
 3 9.139334513412988 0.000000000000000
 4 9.139334792247997 0.000000000000000
 5 9.941793343093666 0.000000000000000
 6 9.941793570822179 0.000000000000000
 7 12.00503096952250 0.000000000000000
 8 12.00503146594514 0.000000000000000
 9 15.73264761136578 0.000000000000000
 10 15.73264814614176 0.000000000000000
 11 20.13332227067277 0.000000000000000
 12 20.13332259014999 0.000000000000000

 spin=1 k-point=1226/1284 Cartesian=-0.03894808998566670 0.06746007071294070 0.09595455592231543 (1328 plane wave)
 1 -1.400678878061965 0.001562500000000037
 2 -1.400678327710868 0.001562500000000037
 3 9.336215987104584 0.000000000000000
 4 9.336216002952737 0.000000000000000
 5 10.39082390895554 0.000000000000000
 6 10.39082400876608 0.000000000000000
 7 11.18639746413010 0.000000000000000
 8 11.18639749584707 0.000000000000000
 9 17.62301805932896 0.000000000000000
 10 17.62301829212512 0.000000000000000
 11 18.29688946095830 0.000000000000000
 12 18.29688970845430 0.000000000000000

 spin=1 k-point=1227/1284 Cartesian=-0.01947404499283316 0.07870341583176405 0.09595455592231543 (1334 plane wave)
 1 -1.325632888879196 0.001562500000000037
 2 -1.325632338713055 0.001562500000000037
 3 9.139334517712946 0.000000000000000
 4 9.139334783302065 0.000000000000000
 5 9.941793341160713 0.000000000000000
 6 9.941793580946836 0.000000000000000
 7 12.00503096975182 0.000000000000000
 8 12.00503146143997 0.000000000000000
 9 15.73264761481858 0.000000000000000
 10 15.73264814453005 0.000000000000000
 11 20.13332226609572 0.000000000000000
 12 20.13332259588302 0.000000000000000

 spin=1 k-point=1228/1284 Cartesian=0.000000000000000 0.1124334511882338 0.09595455592231543 (1346 plane wave)
 1 -0.4264728870231904 0.001562500000000037
 2 -0.4264723391426770 0.001562500000000037
 3 6.790282481137608 0.000000000000000
 4 6.790283007802014 0.000000000000000
 5 10.49655927943684 0.000000000000000
 6 10.49655930744969 0.000000000000000
 7 12.26750493193970 0.000000000000000
 8 12.26750544384710 0.000000000000000
 9 13.67980455004941 0.000000000000000
 10 13.67980507551111 0.000000000000000
 11 18.01054086115347 0.000000000000000
 12 18.01054093096835 0.000000000000000

 spin=1 k-point=1229/1284 Cartesian=0.01947404499283394 0.1236767963070574 0.09595455592231543 (1348 plane wave)
 1 0.02179169057778964 0.001562500000000032
 2 0.02179223676541521 0.001562500000000032
 3 6.053560429065979 2.958518443123932e-15
 4 6.053560959562701 2.958502748318341e-15
 5 10.50580053104830 0.000000000000000
 6 10.50580083056499 0.000000000000000
 7 11.35180683676135 0.000000000000000
 8 11.35180706377453 0.000000000000000
 9 14.66541686023335 0.000000000000000
 10 14.66541735785701 0.000000000000000
 11 17.32635161641518 0.000000000000000
 12 17.32635170314563 0.000000000000000

 spin=1 k-point=1230/1284 Cartesian=0.03894808998566748 0.1349201414258807 0.09595455592231543 (1352 plane wave)
 1 0.6178069431526763 0.001562499999997998
 2 0.6178074863151999 0.001562499999997998
 3 5.458488139591594 1.136164015691889e-12
 4 5.458488668398105 1.136158007597018e-12
 5 9.026754929497111 0.000000000000000
 6 9.026755439497041 0.000000000000000
 7 11.70717873023433 0.000000000000000
 8 11.70717879312187 0.000000000000000
 9 15.96676205487844 0.000000000000000
 10 15.96676231586876 0.000000000000000
 11 17.10227934113100 0.000000000000000
 12 17.10227962558643 0.000000000000000

 spin=1 k-point=1231/1284 Cartesian=0.05842213497850103 0.1461634865447041 0.09595455592231543 (1350 plane wave)
 1 1.358703037518184 0.001562499996634501
 2 1.358703574576094 0.001562499996634483
 3 5.005623838309076 1.052461345473393e-10
 4 5.005624355817401 1.052455898911439e-10
 5 7.446468257194114 0.000000000000000
 6 7.446468773544230 0.000000000000000
 7 12.40841344577768 0.000000000000000
 8 12.40841350487468 0.000000000000000
 9 15.99485043142503 0.000000000000000
 10 15.99485047630415 0.000000000000000
 11 18.11365771258169 0.000000000000000
 12 18.11365796666343 0.000000000000000

 spin=1 k-point=1232/1284 Cartesian=0.07789617997133459 0.1574068316635274 0.09595455592231543 (1350 plane wave)
 1 2.235626898409222 0.001562478348846252
 2 2.235627419095811 0.001562478348733519
 3 4.682102149737099 2.674500143021573e-09
 4 4.682102614237331 2.674487720009255e-09
 5 6.015251435485240 4.339584675806105e-15
 6 6.015251909339216 4.339564112555279e-15
 7 13.24710576306925 0.000000000000000
 8 13.24710582043531 0.000000000000000
 9 15.71719664620827 0.000000000000000
 10 15.71719670281513 0.000000000000000
 11 17.14050235118886 0.000000000000000
 12 17.14050242875643 0.000000000000000

 spin=1 k-point=1233/1284 Cartesian=0.09737022496416814 0.1686501767823507 0.09595455592231543 (1336 plane wave)
 1 3.195103750413990 0.001298266978059837
 2 3.195104178704782 0.001298266037750960
 3 4.332527966080115 8.818619789660488e-08
 4 4.332528136011968 8.818604804871316e-08
 5 4.963845504945988 1.598259077912264e-10
 6 4.963845636596015 1.598256973804845e-10
 7 14.11298107342875 0.000000000000000
 8 14.11298113582479 0.000000000000000
 9 15.38136637607431 0.000000000000000
 10 15.38136643373105 0.000000000000000
 11 16.20990907398455 0.000000000000000
 12 16.20990918810941 0.000000000000000

 spin=1 k-point=1234/1284 Cartesian=0.1168442699570017 0.1798935219011741 0.09595455592231543 (1336 plane wave)
 1 3.195103748806200 0.001298266981589722
 2 3.195104181559363 0.001298266031483743
 3 4.332527973385562 8.818619145457111e-08
 4 4.332528124968706 8.818605778678302e-08
 5 4.963845516640093 1.598258891010173e-10
 6 4.963845627444875 1.598257120063619e-10
 7 14.11298106143463 0.000000000000000
 8 14.11298114506324 0.000000000000000
 9 15.38136638125346 0.000000000000000
 10 15.38136643306857 0.000000000000000
 11 16.20990909434423 0.000000000000000
 12 16.20990916596874 0.000000000000000

 spin=1 k-point=1235/1284 Cartesian=0.1363183149498352 0.1911368670199974 0.09595455592231543 (1350 plane wave)
 1 2.235626897951046 0.001562478348846351
 2 2.235627420304560 0.001562478348733257
 3 4.682102149993334 2.674500136168568e-09
 4 4.682102611568812 2.674487791378358e-09
 5 6.015251437522101 4.339584587414782e-15
 6 6.015251909125137 4.339564121845377e-15
 7 13.24710575793213 0.000000000000000
 8 13.24710582263250 0.000000000000000
 9 15.71719664737628 0.000000000000000
 10 15.71719670511428 0.000000000000000
 11 17.14050236760022 0.000000000000000
 12 17.14050241188491 0.000000000000000

 spin=1 k-point=1236/1284 Cartesian=0.1557923599426688 0.2023802121388207 0.09595455592231543 (1350 plane wave)
 1 1.358703037265187 0.001562499996634501
 2 1.358703575297466 0.001562499996634483
 3 5.005623837970070 1.052461349041307e-10
 4 5.005624354814520 1.052455909466322e-10
 5 7.446468258534996 0.000000000000000
 6 7.446468773401246 0.000000000000000
 7 12.40841344404807 0.000000000000000
 8 12.40841350380007 0.000000000000000
 9 15.99485042910055 0.000000000000000
 10 15.99485048028340 0.000000000000000
 11 18.11365770960661 0.000000000000000
 12 18.11365797290117 0.000000000000000

 spin=1 k-point=1237/1284 Cartesian=0.1363183149498352 -0.03373003535646932 0.09595455592231543 (1352 plane wave)
 1 0.6178069429861609 0.001562499999997998
 2 0.6178074867962996 0.001562499999997998
 3 5.458488139041309 1.136164021944035e-12
 4 5.458488668156999 1.136158010336359e-12
 5 9.026754930847826 0.000000000000000
 6 9.026755439254567 0.000000000000000
 7 11.70717873016831 0.000000000000000
 8 11.70717879030012 0.000000000000000
 9 15.96676205472317 0.000000000000000
 10 15.96676231600693 0.000000000000000
 11 17.10227933648212 0.000000000000000
 12 17.10227963408503 0.000000000000000

 spin=1 k-point=1238/1284 Cartesian=0.1168442699570017 -0.04497338047529265 0.09595455592231543 (1348 plane wave)
 1 0.02179169046375627 0.001562500000000032
 2 0.02179223709451869 0.001562500000000032
 3 6.053560428306255 2.958518465600508e-15
 4 6.053560959938193 2.958502737209400e-15
 5 10.50580053086090 0.000000000000000
 6 10.50580083111941 0.000000000000000
 7 11.35180683918373 0.000000000000000
 8 11.35180705937763 0.000000000000000
 9 14.66541685608768 0.000000000000000
 10 14.66541736239414 0.000000000000000
 11 17.32635161276984 0.000000000000000
 12 17.32635170909637 0.000000000000000

 spin=1 k-point=1239/1284 Cartesian=-0.09737022496416733 0.05621672559411737 0.09595455592231543 (1346 plane wave)
 1 -0.4264728870991523 0.001562500000000037
 2 -0.4264723389270813 0.001562500000000037
 3 6.790282480103532 0.000000000000000
 4 6.790283008875080 0.000000000000000
 5 10.49655928142864 0.000000000000000
 6 10.49655930200683 0.000000000000000
 7 12.26750493903256 0.000000000000000
 8 12.26750544167430 0.000000000000000
 9 13.67980454075531 0.000000000000000
 10 13.67980508188637 0.000000000000000
 11 18.01054085747990 0.000000000000000
 12 18.01054093623113 0.000000000000000

 spin=1 k-point=1240/1284 Cartesian=-0.07789617997133380 0.06746007071294070 0.09595455592231543 (1334 plane wave)
 1 -0.7257709781544178 0.001562500000000037
 2 -0.7257704291498904 0.001562500000000037
 3 7.661266076441632 0.000000000000000
 4 7.661266594380625 0.000000000000000
 5 10.15424609116738 0.000000000000000
 6 10.15424612690084 0.000000000000000
 7 11.46820210172058 0.000000000000000
 8 11.46820256623535 0.000000000000000
 9 15.14240181834439 0.000000000000000
 10 15.14240234843957 0.000000000000000
 11 18.85058985535958 0.000000000000000
 12 18.85058992133561 0.000000000000000

 spin=1 k-point=1241/1284 Cartesian=-0.05842213497850025 0.07870341583176403 0.09595455592231543 (1336 plane wave)
 1 -0.8755361756555897 0.001562500000000037
 2 -0.8755356263027146 0.001562500000000037
 3 8.638698660664364 0.000000000000000
 4 8.638699139264377 0.000000000000000
 5 9.605135360167809 0.000000000000000
 6 9.605135659672634 0.000000000000000
 7 10.66604526742264 0.000000000000000
 8 10.66604545906448 0.000000000000000
 9 17.24034824019884 0.000000000000000
 10 17.24034874379061 0.000000000000000
 11 19.35066058100863 0.000000000000000
 12 19.35066088820603 0.000000000000000

 spin=1 k-point=1242/1284 Cartesian=-0.03894808998566670 0.08994676095058737 0.09595455592231543 (1336 plane wave)
 1 -0.8755361756413181 0.001562500000000037
 2 -0.8755356263425264 0.001562500000000037
 3 8.638698662364908 0.000000000000000
 4 8.638699135645489 0.000000000000000
 5 9.605135357221652 0.000000000000000
 6 9.605135667717089 0.000000000000000
 7 10.66604527664893 0.000000000000000
 8 10.66604544649512 0.000000000000000
 9 17.24034824172560 0.000000000000000
 10 17.24034874413529 0.000000000000000
 11 19.35066057666255 0.000000000000000
 12 19.35066089283079 0.000000000000000

 spin=1 k-point=1243/1284 Cartesian=-0.01947404499283316 0.1011901060694107 0.09595455592231543 (1334 plane wave)
 1 -0.7257709781108419 0.001562500000000037
 2 -0.7257704292727333 0.001562500000000037
 3 7.661266077857620 0.000000000000000
 4 7.661266592308593 0.000000000000000
 5 10.15424608932377 0.000000000000000
 6 10.15424613409116 0.000000000000000
 7 11.46820210344966 0.000000000000000
 8 11.46820255909194 0.000000000000000
 9 15.14240182115535 0.000000000000000
 10 15.14240234786334 0.000000000000000
 11 18.85058986002974 0.000000000000000
 12 18.85058991573695 0.000000000000000

 spin=1 k-point=1244/1284 Cartesian=0.000000000000000 0.1349201414258805 0.09595455592231543 (1346 plane wave)
 1 0.3936141306771672 0.001562499999999820
 2 0.3936146746027350 0.001562499999999820
 3 5.242363186837511 9.864157582974140e-12
 4 5.242363719610049 9.864105029578906e-12
 5 11.21443023390320 0.000000000000000
 6 11.21443026991195 0.000000000000000
 7 11.88856811176703 0.000000000000000
 8 11.88856862354916 0.000000000000000
 9 13.32541451113117 0.000000000000000
 10 13.32541498641149 0.000000000000000
 11 16.54588994824280 0.000000000000000
 12 16.54589003925199 0.000000000000000

 spin=1 k-point=1245/1284 Cartesian=0.01947404499283394 0.1461634865447040 0.09595455592231543 (1344 plane wave)
 1 0.9117981538221149 0.001562499999961474
 2 0.9117986928327735 0.001562499999961473
 3 4.577709705428515 7.596472913315662e-09
 4 4.577710235872743 7.596432618556463e-09
 5 10.42957132568969 0.000000000000000
 6 10.42957181054213 0.000000000000000
 7 11.95580935795531 0.000000000000000
 8 11.95580942309480 0.000000000000000
 9 14.25282551388142 0.000000000000000
 10 14.25282593153533 0.000000000000000
 11 16.03072954155716 0.000000000000000
 12 16.03072969023452 0.000000000000000

 spin=1 k-point=1246/1284 Cartesian=0.03894808998566748 0.1574068316635274 0.09595455592231543 (1348 plane wave)
 1 1.571107782503283 0.001562499971847567
 2 1.571108309021380 0.001562499971847419
 3 4.066056146453077 1.265743973623467e-06
 4 4.066056665449920 1.265737409789129e-06
 5 8.822369147264810 0.000000000000000
 6 8.822369668922324 0.000000000000000
 7 12.58997945384556 0.000000000000000
 8 12.58997950581303 0.000000000000000
 9 14.93873158508183 0.000000000000000
 10 14.93873166992409 0.000000000000000
 11 16.57404121787525 0.000000000000000
 12 16.57404168348734 0.000000000000000

 spin=1 k-point=1247/1284 Cartesian=0.05842213497850103 0.1686501767823507 0.09595455592231543 (1352 plane wave)
 1 2.350133098191825 0.001562431960301663
 2 2.350133573294990 0.001562431959978418
 3 3.726069983070540 3.705242125143984e-05
 4 3.726070449131528 3.705225265991114e-05
 5 7.295687867883884 0.000000000000000
 6 7.295688392443023 0.000000000000000
 7 13.32789132322296 0.000000000000000
 8 13.32789137785161 0.000000000000000
 9 14.80754056553945 0.000000000000000
 10 14.80754061744361 0.000000000000000
 11 17.95325535753545 0.000000000000000
 12 17.95325561647919 0.000000000000000

 spin=1 k-point=1248/1284 Cartesian=0.07789617997133459 0.1798935219011741 0.09595455592231543 (1352 plane wave)
 1 3.062443384229872 0.001482431634356439
 2 3.062443494114412 0.001482431550882189
 3 3.729383069602072 3.587267646118101e-05
 4 3.729383102651535 3.587266487764311e-05
 5 5.920349951490780 1.120985967474181e-14
 6 5.920350457323163 1.120980297177093e-14
 7 13.95515817531565 0.000000000000000
 8 13.95515823962739 0.000000000000000
 9 14.90068453696626 0.000000000000000
 10 14.90068458687240 0.000000000000000
 11 17.03788028565028 0.000000000000000
 12 17.03788034765904 0.000000000000000

 spin=1 k-point=1249/1284 Cartesian=0.09737022496416814 0.1911368670199974 0.09595455592231543 (1336 plane wave)
 1 3.195103747781368 0.001298266983839729
 2 3.195104181623428 0.001298266031343088
 3 4.332527974108626 8.818619081696487e-08
 4 4.332528128031082 8.818605508634622e-08
 5 4.963845518786340 1.598258856707572e-10
 6 4.963845622562254 1.598257198100455e-10
 7 14.11298106008991 0.000000000000000
 8 14.11298114376151 0.000000000000000
 9 15.38136638159332 0.000000000000000
 10 15.38136643175478 0.000000000000000
 11 16.20990909664708 0.000000000000000
 12 16.20990916758417 0.000000000000000

 spin=1 k-point=1250/1284 Cartesian=0.1168442699570017 0.2023802121388207 0.09595455592231543 (1352 plane wave)
 1 3.062443364522726 0.001482431649327046
 2 3.062443516740699 0.001482431533694025
 3 3.729383046620386 3.587268451605649e-05
 4 3.729383121717011 3.587265819536746e-05
 5 5.920349952855622 1.120985952174492e-14
 6 5.920350457022374 1.120980300548891e-14
 7 13.95515815113322 0.000000000000000
 8 13.95515826027559 0.000000000000000
 9 14.90068450868604 0.000000000000000
 10 14.90068461814601 0.000000000000000
 11 17.03788029484286 0.000000000000000
 12 17.03788033915074 0.000000000000000

 spin=1 k-point=1251/1284 Cartesian=0.1363183149498352 0.2136235572576441 0.09595455592231543 (1352 plane wave)
 1 2.350133096939497 0.001562431960302516
 2 2.350133576076581 0.001562431959976526
 3 3.726069981833411 3.705242169895621e-05
 4 3.726070448138142 3.705225301925482e-05
 5 7.295687869131799 0.000000000000000
 6 7.295688392065516 0.000000000000000
 7 13.32789131022827 0.000000000000000
 8 13.32789138709339 0.000000000000000
 9 14.80754055046830 0.000000000000000
 10 14.80754063487115 0.000000000000000
 11 17.95325535431935 0.000000000000000
 12 17.95325562309738 0.000000000000000

 spin=1 k-point=1252/1284 Cartesian=0.1557923599426688 0.2248669023764674 0.09595455592231543 (1348 plane wave)
 1 1.571107782093039 0.001562499971847567
 2 1.571108310213680 0.001562499971847419
 3 4.066056145809982 1.265743981756818e-06
 4 4.066056664803955 1.265737417958735e-06
 5 8.822369148725496 0.000000000000000
 6 8.822369668375881 0.000000000000000
 7 12.58997945008040 0.000000000000000
 8 12.58997950616873 0.000000000000000
 9 14.93873158256794 0.000000000000000
 10 14.93873167296292 0.000000000000000
 11 16.57404121177423 0.000000000000000
 12 16.57404169337350 0.000000000000000

 spin=1 k-point=1253/1284 Cartesian=0.1363183149498352 -0.05621672559411599 0.09595455592231543 (1344 plane wave)
 1 0.9117981535992142 0.001562499999961474
 2 0.9117986935257529 0.001562499999961473
 3 4.577709704826241 7.596472959067099e-09
 4 4.577710235643027 7.596432636006626e-09
 5 10.42957132743166 0.000000000000000
 6 10.42957181023927 0.000000000000000
 7 11.95580936034158 0.000000000000000
 8 11.95580941707715 0.000000000000000
 9 14.25282551094032 0.000000000000000
 10 14.25282593434741 0.000000000000000
 11 16.03072953503935 0.000000000000000
 12 16.03072970029608 0.000000000000000

 spin=1 k-point=1254/1284 Cartesian=-0.1168442699570009 0.06746007071294070 0.09595455592231543 (1346 plane wave)
 1 0.3936141305378656 0.001562499999999820
 2 0.3936146750352437 0.001562499999999820
 3 5.242363186153510 9.864157650445087e-12
 4 5.242363719772456 9.864105013558912e-12
 5 11.21443023455523 0.000000000000000
 6 11.21443026548604 0.000000000000000
 7 11.88856811886786 0.000000000000000
 8 11.88856862137869 0.000000000000000
 9 13.32541450236600 0.000000000000000
 10 13.32541499214514 0.000000000000000
 11 16.54588994264626 0.000000000000000
 12 16.54589004746803 0.000000000000000

 spin=1 k-point=1255/1284 Cartesian=-0.09737022496416733 0.07870341583176403 0.09595455592231543 (1348 plane wave)
 1 0.02179169046468071 0.001562500000000032
 2 0.02179223709964243 0.001562500000000032
 3 6.053560428310802 2.958518465465991e-15
 4 6.053560959961440 2.958502736521632e-15
 5 10.50580053878700 0.000000000000000
 6 10.50580083659022 0.000000000000000
 7 11.35180682552332 0.000000000000000
 8 11.35180705368339 0.000000000000000
 9 14.66541686090603 0.000000000000000
 10 14.66541736565413 0.000000000000000
 11 17.32635161065670 0.000000000000000
 12 17.32635170928923 0.000000000000000

 spin=1 k-point=1256/1284 Cartesian=-0.07789617997133380 0.08994676095058737 0.09595455592231543 (1340 plane wave)
 1 -0.2017946311658704 0.001562500000000036
 2 -0.2017940835512416 0.001562500000000036
 3 7.001452073959782 0.000000000000000
 4 7.001452594368251 0.000000000000000
 5 9.337344934469579 0.000000000000000
 6 9.337345401600379 0.000000000000000
 7 10.99548699812998 0.000000000000000
 8 10.99548708646171 0.000000000000000
 9 16.65861838157361 0.000000000000000
 10 16.65861884311123 0.000000000000000
 11 18.25737228760380 0.000000000000000
 12 18.25737239113411 0.000000000000000

 spin=1 k-point=1257/1284 Cartesian=-0.05842213497850025 0.1011901060694107 0.09595455592231543 (1336 plane wave)
 1 -0.2763927128566518 0.001562500000000036
 2 -0.2763921650003071 0.001562500000000036
 3 7.894651011320709 0.000000000000000
 4 7.894651059216967 0.000000000000000
 5 8.335994382380465 0.000000000000000
 6 8.335994425010213 0.000000000000000
 7 10.89951018526101 0.000000000000000
 8 10.89951025881993 0.000000000000000
 9 18.49418366104898 0.000000000000000
 10 18.49418383795432 0.000000000000000
 11 18.72956684394557 0.000000000000000
 12 18.72956711007086 0.000000000000000

 spin=1 k-point=1258/1284 Cartesian=-0.03894808998566670 0.1124334511882340 0.09595455592231543 (1340 plane wave)
 1 -0.2017946311265240 0.001562500000000036
 2 -0.2017940836731358 0.001562500000000036
 3 7.001452074887395 0.000000000000000
 4 7.001452593369687 0.000000000000000
 5 9.337344930992257 0.000000000000000
 6 9.337345406741910 0.000000000000000
 7 10.99548700219163 0.000000000000000
 8 10.99548708068066 0.000000000000000
 9 16.65861838134903 0.000000000000000
 10 16.65861884669538 0.000000000000000
 11 18.25737229583427 0.000000000000000
 12 18.25737238003940 0.000000000000000

 spin=1 k-point=1259/1284 Cartesian=-0.01947404499283316 0.1236767963070574 0.09595455592231543 (1348 plane wave)
 1 0.02179169054871485 0.001562500000000032
 2 0.02179223684086950 0.001562500000000032
 3 6.053560429132660 2.958518441151156e-15
 4 6.053560959385455 2.958502753562178e-15
 5 10.50580053489373 0.000000000000000
 6 10.50580084506245 0.000000000000000
 7 11.35180683102126 0.000000000000000
 8 11.35180704280735 0.000000000000000
 9 14.66541686264367 0.000000000000000
 10 14.66541736695525 0.000000000000000
 11 17.32635161674421 0.000000000000000
 12 17.32635170073862 0.000000000000000

 spin=1 k-point=1260/1284 Cartesian=0.000000000000000 0.1574068316635272 0.09595455592231543 (1332 plane wave)
 1 1.347458110934391 0.001562499996992451
 2 1.347458638260341 0.001562499996992435
 3 3.847041202610215 1.123912969810325e-05
 4 3.847041723746919 1.123907154831360e-05
 5 11.66115419634240 0.000000000000000
 6 11.66115470806158 0.000000000000000
 7 11.95401041517556 0.000000000000000
 8 11.95401057462130 0.000000000000000
 9 13.13302781091983 0.000000000000000
 10 13.13302811098820 0.000000000000000
 11 15.33767978360083 0.000000000000000
 12 15.33767992386571 0.000000000000000

 spin=1 k-point=1261/1284 Cartesian=0.01947404499283394 0.1686501767823507 0.09595455592231543 (1348 plane wave)
 1 1.904493684463204 0.001562499210425353
 2 1.904494160637248 0.001562499210421593
 3 3.290313071360286 0.001023003095499761
 4 3.290313542044323 0.001023001432945716
 5 10.32128505347778 0.000000000000000
 6 10.32128556571807 0.000000000000000
 7 12.81840875972076 0.000000000000000
 8 12.81840879545935 0.000000000000000
 9 13.70873530008538 0.000000000000000
 10 13.70873553333876 0.000000000000000
 11 15.22925625562354 0.000000000000000
 12 15.22925655957242 0.000000000000000

 spin=1 k-point=1262/1284 Cartesian=0.03894808998566748 0.1798935219011741 0.09595455592231543 (1354 plane wave)
 1 2.401071318059354 0.001562386767329544
 2 2.401071404902130 0.001562386767231217
 3 3.089147885958645 0.001459537793561517
 4 3.089147908269907 0.001459537772103112
 5 8.752592401829686 0.000000000000000
 6 8.752592926697124 0.000000000000000
 7 13.32224404079021 0.000000000000000
 8 13.32224409760515 0.000000000000000
 9 14.11371707879607 0.000000000000000
 10 14.11371717452259 0.000000000000000
 11 16.44294621667811 0.000000000000000
 12 16.44294671451772 0.000000000000000

 spin=1 k-point=1263/1284 Cartesian=0.05842213497850103 0.1911368670199974 0.09595455592231543 (1352 plane wave)
 1 2.350133097813780 0.001562431960301921
 2 2.350133573856341 0.001562431959978036
 3 3.726069983066004 3.705242125308073e-05
 4 3.726070448912295 3.705225273921572e-05
 5 7.295687867981726 0.000000000000000
 6 7.295688392864871 0.000000000000000
 7 13.32789131806609 0.000000000000000
 8 13.32789137621026 0.000000000000000
 9 14.80754056734074 0.000000000000000
 10 14.80754062305939 0.000000000000000
 11 17.95325535753517 0.000000000000000
 12 17.95325561602892 0.000000000000000

 spin=1 k-point=1264/1284 Cartesian=0.07789617997133459 0.2023802121388208 0.09595455592231543 (1350 plane wave)
 1 2.235626897938267 0.001562478348846354
 2 2.235627419822185 0.001562478348733362
 3 4.682102150585449 2.674500120332475e-09
 4 4.682102613032232 2.674487752239447e-09
 5 6.015251435970715 4.339584654738546e-15
 6 6.015251909508922 4.339564105190793e-15
 7 13.24710575715901 0.000000000000000
 8 13.24710581931087 0.000000000000000
 9 15.71719665442438 0.000000000000000
 10 15.71719670208206 0.000000000000000
 11 17.14050236195988 0.000000000000000
 12 17.14050241806568 0.000000000000000

 spin=1 k-point=1265/1284 Cartesian=0.09737022496416814 0.2136235572576441 0.09595455592231543 (1350 plane wave)
 1 2.235626897772024 0.001562478348846390
 2 2.235627420311557 0.001562478348733255
 3 4.682102150225560 2.674500129957672e-09
 4 4.682102612410607 2.674487768864700e-09
 5 6.015251437421850 4.339584591765267e-15
 6 6.015251908725522 4.339564139186954e-15
 7 13.24710575503698 0.000000000000000
 8 13.24710582100844 0.000000000000000
 9 15.71719665095350 0.000000000000000
 10 15.71719670494217 0.000000000000000
 11 17.14050236819300 0.000000000000000
 12 17.14050241296846 0.000000000000000

 spin=1 k-point=1266/1284 Cartesian=0.1168442699570017 0.2248669023764674 0.09595455592231543 (1352 plane wave)
 1 2.350133096789800 0.001562431960302618
 2 2.350133576170518 0.001562431959976461
 3 3.726069981696363 3.705242174853162e-05
 4 3.726070448410764 3.705225292063771e-05
 5 7.295687869319807 0.000000000000000
 6 7.295688392156462 0.000000000000000
 7 13.32789130794656 0.000000000000000
 8 13.32789138479876 0.000000000000000
 9 14.80754055506570 0.000000000000000
 10 14.80754063511696 0.000000000000000
 11 17.95325535455044 0.000000000000000
 12 17.95325562262649 0.000000000000000

 spin=1 k-point=1267/1284 Cartesian=0.1363183149498352 0.2361102474952907 0.09595455592231543 (1354 plane wave)
 1 2.401071294660017 0.001562386767356038
 2 2.401071431532305 0.001562386767201065
 3 3.089147857874659 0.001459537820571977
 4 3.089147932641220 0.001459537748663397
 5 8.752592403467327 0.000000000000000
 6 8.752592925736707 0.000000000000000
 7 13.32224401419398 0.000000000000000
 8 13.32224412025407 0.000000000000000
 9 14.11371706029519 0.000000000000000
 10 14.11371719390926 0.000000000000000
 11 16.44294620992395 0.000000000000000
 12 16.44294672522248 0.000000000000000

 spin=1 k-point=1268/1284 Cartesian=0.1557923599426688 0.2473535926141141 0.09595455592231543 (1348 plane wave)
 1 1.904493683272225 0.001562499210425362
 2 1.904494163378750 0.001562499210421572
 3 3.290313069962290 0.001023003100437766
 4 3.290313541473575 0.001023001434961720
 5 10.32128505585167 0.000000000000000
 6 10.32128556456464 0.000000000000000
 7 12.81840875566255 0.000000000000000
 8 12.81840879465006 0.000000000000000
 9 13.70873530000231 0.000000000000000
 10 13.70873553275634 0.000000000000000
 11 15.22925624518665 0.000000000000000
 12 15.22925657549604 0.000000000000000

 spin=1 k-point=1269/1284 Cartesian=-0.1363183149498344 0.07870341583176405 0.09595455592231543 (1332 plane wave)
 1 1.347458110562189 0.001562499996992451
 2 1.347458639389624 0.001562499996992435
 3 3.847041201871261 1.123912978055790e-05
 4 3.847041723369883 1.123907159038413e-05
 5 11.66115420344518 0.000000000000000
 6 11.66115470588918 0.000000000000000
 7 11.95401041403123 0.000000000000000
 8 11.95401057063006 0.000000000000000
 9 13.13302780283242 0.000000000000000
 10 13.13302811572047 0.000000000000000
 11 15.33767977358202 0.000000000000000
 12 15.33767993840437 0.000000000000000

 spin=1 k-point=1270/1284 Cartesian=-0.1168442699570009 0.08994676095058739 0.09595455592231543 (1344 plane wave)
 1 0.9117981535936132 0.001562499999961474
 2 0.9117986935351545 0.001562499999961473
 3 4.577709704812011 7.596472960148021e-09
 4 4.577710235672344 7.596432633779617e-09
 5 10.42957133099353 0.000000000000000
 6 10.42957181257560 0.000000000000000
 7 11.95580934971120 0.000000000000000
 8 11.95580941418486 0.000000000000000
 9 14.25282551759778 0.000000000000000
 10 14.25282593924170 0.000000000000000
 11 16.03072953138239 0.000000000000000
 12 16.03072970005766 0.000000000000000

 spin=1 k-point=1271/1284 Cartesian=-0.09737022496416733 0.1011901060694107 0.09595455592231543 (1352 plane wave)
 1 0.6178069429811338 0.001562499999997998
 2 0.6178074868085349 0.001562499999997998
 3 5.458488139057620 1.136164021758717e-12
 4 5.458488668246762 1.136158009316519e-12
 5 9.026754932889798 0.000000000000000
 6 9.026755440525804 0.000000000000000
 7 11.70717872322443 0.000000000000000
 8 11.70717878851577 0.000000000000000
 9 15.96676206172038 0.000000000000000
 10 15.96676232223228 0.000000000000000
 11 17.10227933103407 0.000000000000000
 12 17.10227963198001 0.000000000000000

 spin=1 k-point=1272/1284 Cartesian=-0.07789617997133380 0.1124334511882341 0.09595455592231543 (1352 plane wave)
 1 0.4701327577984737 0.001562499999999571
 2 0.4701333029724270 0.001562499999999571
 3 6.457232140300590 0.000000000000000
 4 6.457232625970896 0.000000000000000
 5 7.754176848062797 0.000000000000000
 6 7.754177325996458 0.000000000000000
 7 11.56780161869236 0.000000000000000
 8 11.56780168497884 0.000000000000000
 9 17.33618823660223 0.000000000000000
 10 17.33618828348852 0.000000000000000
 11 18.44700941048734 0.000000000000000
 12 18.44700964606805 0.000000000000000

 spin=1 k-point=1273/1284 Cartesian=-0.05842213497850025 0.1236767963070574 0.09595455592231543 (1352 plane wave)
 1 0.4701327578283280 0.001562499999999571
 2 0.4701333028748947 0.001562499999999571
 3 6.457232140765083 0.000000000000000
 4 6.457232625754013 0.000000000000000
 5 7.754176845825750 0.000000000000000
 6 7.754177328218668 0.000000000000000
 7 11.56780161915079 0.000000000000000
 8 11.56780168433913 0.000000000000000
 9 17.33618823453831 0.000000000000000
 10 17.33618828932825 0.000000000000000
 11 18.44700941273740 0.000000000000000
 12 18.44700963931984 0.000000000000000

 spin=1 k-point=1274/1284 Cartesian=-0.03894808998566670 0.1349201414258807 0.09595455592231543 (1352 plane wave)
 1 0.6178069430742009 0.001562499999997998
 2 0.6178074864963373 0.001562499999997998
 3 5.458488139739832 1.136164014007666e-12
 4 5.458488668038193 1.136158011686190e-12
 5 9.026754930434482 0.000000000000000
 6 9.026755443258651 0.000000000000000
 7 11.70717872483935 0.000000000000000
 8 11.70717878627820 0.000000000000000
 9 15.96676205906474 0.000000000000000
 10 15.96676233033673 0.000000000000000
 11 17.10227934121353 0.000000000000000
 12 17.10227961597872 0.000000000000000

 spin=1 k-point=1275/1284 Cartesian=-0.01947404499283316 0.1461634865447041 0.09595455592231543 (1344 plane wave)
 1 0.9117981537780193 0.001562499999961474
 2 0.9117986929321426 0.001562499999961473
 3 4.577709705473451 7.596472909902170e-09
 4 4.577710235738239 7.596432628773930e-09
 5 10.42957132736793 0.000000000000000
 6 10.42957181693536 0.000000000000000
 7 11.95580935295497 0.000000000000000
 8 11.95580940937134 0.000000000000000
 9 14.25282551717609 0.000000000000000
 10 14.25282594431552 0.000000000000000
 11 16.03072954119683 0.000000000000000
 12 16.03072968562144 0.000000000000000

 spin=1 k-point=1276/1284 Cartesian=0.000000000000000 0.1798935219011738 0.09595455592231543 (1352 plane wave)
 1 2.176734786510999 0.0007812439925734268
 2 2.176734869322940 0.0007812439925684518
 3 2.870115163313002 0.0007751322595700983
 4 2.870115193230712 0.0007751322577541421
 5 11.58534141123535 0.000000000000000
 6 11.58534192293431 0.000000000000000
 7 12.33917755006174 0.000000000000000
 8 12.33917795055959 0.000000000000000
 9 13.10875770888980 0.000000000000000
 10 13.10875776604120 0.000000000000000
 11 14.75626104827804 0.000000000000000
 12 14.75626126672748 0.000000000000000

 spin=1 k-point=1277/1284 Cartesian=0.01947404499283394 0.1911368670199974 0.09595455592231543 (1348 plane wave)
 1 1.904493684374221 0.001562499210425354
 2 1.904494160783323 0.001562499210421592
 3 3.290313071361959 0.001023003095493849
 4 3.290313541975509 0.001023001433188782
 5 10.32128505391130 0.000000000000000
 6 10.32128556739791 0.000000000000000
 7 12.81840875663762 0.000000000000000
 8 12.81840878219698 0.000000000000000
 9 13.70873530402509 0.000000000000000
 10 13.70873554791994 0.000000000000000
 11 15.22925625512347 0.000000000000000
 12 15.22925655589359 0.000000000000000

 spin=1 k-point=1278/1284 Cartesian=0.03894808998566748 0.2023802121388207 0.09595455592231543 (1348 plane wave)
 1 1.571107782372344 0.001562499971847567
 2 1.571108309270981 0.001562499971847419
 3 4.066056146519474 1.265743972783730e-06
 4 4.066056665215678 1.265737412751614e-06
 5 8.822369147649734 0.000000000000000
 6 8.822369670503500 0.000000000000000
 7 12.58997944838732 0.000000000000000
 8 12.58997950069533 0.000000000000000
 9 14.93873158879736 0.000000000000000
 10 14.93873168060472 0.000000000000000
 11 16.57404121745593 0.000000000000000
 12 16.57404167878249 0.000000000000000

 spin=1 k-point=1279/1284 Cartesian=0.05842213497850103 0.2136235572576441 0.09595455592231543 (1350 plane wave)
 1 1.358703037339204 0.001562499996634501
 2 1.358703574930073 0.001562499996634483
 3 5.005623838602450 1.052461342385750e-10
 4 5.005624355215119 1.052455905250198e-10
 5 7.446468257535752 0.000000000000000
 6 7.446468774898226 0.000000000000000
 7 12.40841344097062 0.000000000000000
 8 12.40841350115148 0.000000000000000
 9 15.99485043666899 0.000000000000000
 10 15.99485048173405 0.000000000000000
 11 18.11365771287319 0.000000000000000
 12 18.11365796478173 0.000000000000000

 spin=1 k-point=1280/1284 Cartesian=0.07789617997133459 0.2248669023764674 0.09595455592231543 (1348 plane wave)
 1 1.286877797522710 0.001562499998358990
 2 1.286878337594731 0.001562499998358981
 3 5.858025824704630 2.090597785148841e-14
 4 5.858025870643390 2.090596824754140e-14
 5 6.448175750681966 0.000000000000000
 6 6.448175811914760 0.000000000000000
 7 12.34427651300738 0.000000000000000
 8 12.34427657556318 0.000000000000000
 9 16.79425579134896 0.000000000000000
 10 16.79425582976400 0.000000000000000
 11 17.58063843848373 0.000000000000000
 12 17.58063848866794 0.000000000000000

 spin=1 k-point=1281/1284 Cartesian=0.09737022496416814 0.2361102474952907 0.09595455592231543 (1350 plane wave)
 1 1.358703037226197 0.001562499996634501
 2 1.358703575310976 0.001562499996634483
 3 5.005623838034108 1.052461348367331e-10
 4 5.005624355080284 1.052455906669277e-10
 5 7.446468259128507 0.000000000000000
 6 7.446468773673381 0.000000000000000
 7 12.40841343979248 0.000000000000000
 8 12.40841350217984 0.000000000000000
 9 15.99485043541907 0.000000000000000
 10 15.99485048070950 0.000000000000000
 11 18.11365770994155 0.000000000000000
 12 18.11365797165336 0.000000000000000

 spin=1 k-point=1282/1284 Cartesian=0.1168442699570017 0.2473535926141141 0.09595455592231543 (1348 plane wave)
 1 1.571107782061971 0.001562499971847567
 2 1.571108310241621 0.001562499971847419
 3 4.066056145768109 1.265743982286383e-06
 4 4.066056664897921 1.265737416770318e-06
 5 8.822369149578256 0.000000000000000
 6 8.822369668906468 0.000000000000000
 7 12.58997944516356 0.000000000000000
 8 12.58997950359763 0.000000000000000
 9 14.93873158951329 0.000000000000000
 10 14.93873167617907 0.000000000000000
 11 16.57404120924748 0.000000000000000
 12 16.57404169189709 0.000000000000000

 spin=1 k-point=1283/1284 Cartesian=0.1363183149498352 0.2585969377329374 0.09595455592231543 (1348 plane wave)
 1 1.904493683240878 0.001562499210425363
 2 1.904494163412157 0.001562499210421571
 3 3.290313069916119 0.001023003100600852
 4 3.290313541524455 0.001023001434781998
 5 10.32128505679079 0.000000000000000
 6 10.32128556517158 0.000000000000000
 7 12.81840874937434 0.000000000000000
 8 12.81840878915473 0.000000000000000
 9 13.70873530750992 0.000000000000000
 10 13.70873553862842 0.000000000000000
 11 15.22925624265548 0.000000000000000
 12 15.22925657488974 0.000000000000000

 spin=1 k-point=1284/1284 Cartesian=0.1557923599426688 0.2698402828517608 0.09595455592231543 (1352 plane wave)
 1 2.176734762427310 0.0007812439925748736
 2 2.176734896683374 0.0007812439925668082
 3 2.870115137573216 0.0007751322611324609
 4 2.870115215303104 0.0007751322564143837
 5 11.58534141833757 0.000000000000000
 6 11.58534192076248 0.000000000000000
 7 12.33917754677003 0.000000000000000
 8 12.33917794746880 0.000000000000000
 9 13.10875768234660 0.000000000000000
 10 13.10875778826132 0.000000000000000
 11 14.75626103322724 0.000000000000000
 12 14.75626128856484 0.000000000000000

