                                                                                     
                              ABACUS v3.11.0-beta.5

               Atomic-orbital Based Ab-initio Computation at UStc                    

                     Website: http://abacus.ustc.edu.cn/                             
               Documentation: https://abacus.deepmodeling.com/                       
                  Repository: https://github.com/abacusmodeling/abacus-develop       
                              https://github.com/deepmodeling/abacus-develop         
                      Commit: unknown

    Start Time is Wed Aug  5 15:07:21 2026
                                                                                     
 ------------------------------------------------------------------------------------

 READING GENERAL INFORMATION
                           global_out_dir = OUT.s1_mg_ksdft_k016x016x010/
                           global_in_card = INPUT
                               pseudo_dir = ./
                              orbital_dir = 
                                    DRANK = 1
                                    DSIZE = 4
                                   DCOLOR = 1
                                    GRANK = 1
                                    GSIZE = 1


 >>>>>>>>>>>>>>>>>>>>>>>>>>>>>>>>>>>>>>>>>>>>>>>>>>>>>>>>>>>>>>>>>>>>>>
 |                                                                    |
 |                        #Setup Unitcell#                            |
 | From the input file and the structure file we know the number of   |
 | different elments in this unitcell, then we list the detail        |
 | information for each element, especially the zeta and polar atomic |
 | orbital number for each element. The total atom number is counted. |
 | We calculate the nearest atom distance for each atom and show the  |
 | Cartesian and Direct coordinates for each atom. We list the file   |
 | address for atomic orbitals. The volume and the lattice vectors    |
 | in real and reciprocal space is also shown.                        |
 |                                                                    |
 <<<<<<<<<<<<<<<<<<<<<<<<<<<<<<<<<<<<<<<<<<<<<<<<<<<<<<<<<<<<<<<<<<<<<<

 READING UNITCELL INFORMATION
                       Number of elements = 1
                  Lattice constant (Bohr) = 1.88973
              Lattice constant (Angstrom) = 1

 READING ATOM TYPE 1
                               Atom label = Mg
                      L=0, number of zeta = 1
                      L=1, number of zeta = 1
                      L=2, number of zeta = 1
            Number of atoms for this type = 2

                        TOTAL ATOM NUMBER = 2

 DIRECT COORDINATES
 atom                  x                  y                  z     mag
   Mg     0.000000000000     0.000000000000     0.000000000000  0.0000
   Mg     0.666666666666     0.333333333334     0.500000000000  0.0000

 ATOMIC VELOCITIES
 atom                 vx                 vy                 vz
   Mg                  0                  0                  0
   Mg                  0                  0                  0

                     Cell volume (Bohr^3) = 313.675
                        Cell volume (A^3) = 46.4817

 Lattice vectors: (Cartesian coordinate: in unit of a_0)
              +3.2094                  +0                  +0
              -1.6047            +2.77942                  +0
                   +0                  +0             +5.2108
 Reciprocal vectors: (Cartesian coordinate: in unit of 2 pi/a_0)
            +0.311585           +0.179894                  -0
                   +0           +0.359787                  -0
                   +0                  -0           +0.191909

 #ENERGY SOLVER# ksdft_pw
 RUNNING WITH DEVICE  : CPU / Intel(R) Xeon(R) Platinum 8368Q CPU @ 2.60GHz (x2)


 >>>>>>>>>>>>>>>>>>>>>>>>>>>>>>>>>>>>>>>>>>>>>>>>>>>>>>>>>>>>>>>>>>>>>>
 |                                                                    |
 |                 #Read Pseudopotentials Files#                      |
 | ABACUS supports norm-conserving (NC) pseudopotentials for both     |
 | plane wave basis and numerical atomic orbital basis sets.          |
 | In addition, ABACUS supports ultrasoft pseudopotentials (USPP)     |
 | for plane wave basis set.                                          |
 |                                                                    |
 <<<<<<<<<<<<<<<<<<<<<<<<<<<<<<<<<<<<<<<<<<<<<<<<<<<<<<<<<<<<<<<<<<<<<<

                PAO radial cut off (Bohr) = 16

                     Pseudopotential file = mg.lda.lps
                     Pseudopotential type = 
          Exchange-correlation functional = PZ
                 Nonlocal core correction = 0
                        Valence electrons = 2
                                     Lmax = 0
                           Number of zeta = 0
                     Number of projectors = 0
                    DFT functional set to = XC_LDA_X+XC_LDA_C_PZ
         Number of pseudo atomic orbitals = 0
            Electron number of element Mg = 2
      Total electron number of element Mg = 4
          Autoset the number of electrons = 4
               Occupied electronic states = 2
     Number of electronic states (NBANDS) = 12


 >>>>>>>>>>>>>>>>>>>>>>>>>>>>>>>>>>>>>>>>>>>>>>>>>>>>>>>>>>>>>>>>>>>>>>
 |                                                                    |
 |           #Setup Plane Waves of Charge/Potential#                  |
 | Use the kinetic energy cutoff and the lattice vectors to generate  |
 | the dimensions of FFT grid, which is used to represent the charge  |
 | density or potential. If USPP is used, a double grid technique     |
 | is applied.                                                        |
 |                                                                    |
 <<<<<<<<<<<<<<<<<<<<<<<<<<<<<<<<<<<<<<<<<<<<<<<<<<<<<<<<<<<<<<<<<<<<<

 SETUP PLANE WAVES FOR CHARGE/POTENTIAL
  Energy cutoff for charge/potential (Ry) = 160
            FFT grid for charge/potential = [ 25, 25, 40 ]
           Number of FFT grids this proc. = 6250
                Division for big FFT grid = [ 1, 1, 1 ]
      FFT (big) grid for charge/potential = [ 25, 25, 40 ]
     Number of FFT (big) grids this proc. = 6250
                    Number of plane waves = 10695
        Number of sticks on FFT x-y plane = 409

 PARALLEL PW FOR CHARGE/POTENTIAL
     PROC   COLUMNS(POT)             PW
        1            102           2674
        2            102           2674
        3            103           2675
        4            102           2672
 --------------- SUM -------------------
        4            409          10695

                            Number of |g| = 543
                                  Max |g| = 14.4603
                                  Min |g| = 0.129447
 DONE : SETUP UNITCELL Time : 0.0470519 (SEC)


 >>>>>>>>>>>>>>>>>>>>>>>>>>>>>>>>>>>>>>>>>>>>>>>>>>>>>>>>>>>>>>>>>>>>>>
 |                                                                    |
 |                       #Setup K-points#                             |
 | We setup the k-points according to input parameters.               |
 | The reduced k-points are set according to symmetry operations.     |
 | We treat the spin as another set of k-points.                      |
 |                                                                    |
 <<<<<<<<<<<<<<<<<<<<<<<<<<<<<<<<<<<<<<<<<<<<<<<<<<<<<<<<<<<<<<<<<<<<<<


 SETUP K-POINTS
                                    nspin = 1
                   Input type of k points = Monkhorst-Pack(Gamma)
                                   nkstot = 2560
           Number of irreducible k-points = 1284

 K-POINTS REDUCTION ACCORDING TO SYMMETRY
     IBZ    DIRECT_X    DIRECT_Y    DIRECT_Z  WEIGHT  ibz2bz
       1  0.00000000  0.00000000  0.00000000  0.0004       0
       2  0.06250000  0.00000000  0.00000000  0.0008       1
       3  0.12500000  0.00000000  0.00000000  0.0008       2
       4  0.18750000  0.00000000  0.00000000  0.0008       3
       5  0.25000000  0.00000000  0.00000000  0.0008       4
       6  0.31250000  0.00000000  0.00000000  0.0008       5
       7  0.37500000  0.00000000  0.00000000  0.0008       6
       8  0.43750000  0.00000000  0.00000000  0.0008       7
       9  0.50000000  0.00000000  0.00000000  0.0004       8
      10  0.00000000  0.06250000  0.00000000  0.0008      16
      11  0.06250000  0.06250000  0.00000000  0.0008      17
      12  0.12500000  0.06250000  0.00000000  0.0008      18
      13  0.18750000  0.06250000  0.00000000  0.0008      19
      14  0.25000000  0.06250000  0.00000000  0.0008      20
      15  0.31250000  0.06250000  0.00000000  0.0008      21
      16  0.37500000  0.06250000  0.00000000  0.0008      22
      17  0.43750000  0.06250000  0.00000000  0.0008      23
      18  0.50000000  0.06250000  0.00000000  0.0008      24
      19  0.43750000 -0.06250000  0.00000000  0.0008      25
      20  0.37500000 -0.06250000  0.00000000  0.0008      26
      21  0.31250000 -0.06250000  0.00000000  0.0008      27
      22  0.25000000 -0.06250000  0.00000000  0.0008      28
      23  0.18750000 -0.06250000  0.00000000  0.0008      29
      24  0.12500000 -0.06250000  0.00000000  0.0008      30
      25 -0.06250000  0.06250000  0.00000000  0.0008      31
      26  0.00000000  0.12500000  0.00000000  0.0008      32
      27  0.06250000  0.12500000  0.00000000  0.0008      33
      28  0.12500000  0.12500000  0.00000000  0.0008      34
      29  0.18750000  0.12500000  0.00000000  0.0008      35
      30  0.25000000  0.12500000  0.00000000  0.0008      36
      31  0.31250000  0.12500000  0.00000000  0.0008      37
      32  0.37500000  0.12500000  0.00000000  0.0008      38
      33  0.43750000  0.12500000  0.00000000  0.0008      39
      34  0.50000000  0.12500000  0.00000000  0.0008      40
      35  0.43750000 -0.12500000  0.00000000  0.0008      41
      36  0.37500000 -0.12500000  0.00000000  0.0008      42
      37  0.31250000 -0.12500000  0.00000000  0.0008      43
      38  0.25000000 -0.12500000  0.00000000  0.0008      44
      39  0.18750000 -0.12500000  0.00000000  0.0008      45
      40 -0.12500000  0.12500000  0.00000000  0.0008      46
      41 -0.06250000  0.12500000  0.00000000  0.0008      47
      42  0.00000000  0.18750000  0.00000000  0.0008      48
      43  0.06250000  0.18750000  0.00000000  0.0008      49
      44  0.12500000  0.18750000  0.00000000  0.0008      50
      45  0.18750000  0.18750000  0.00000000  0.0008      51
      46  0.25000000  0.18750000  0.00000000  0.0008      52
      47  0.31250000  0.18750000  0.00000000  0.0008      53
      48  0.37500000  0.18750000  0.00000000  0.0008      54
      49  0.43750000  0.18750000  0.00000000  0.0008      55
      50  0.50000000  0.18750000  0.00000000  0.0008      56
      51  0.43750000 -0.18750000  0.00000000  0.0008      57
      52  0.37500000 -0.18750000  0.00000000  0.0008      58
      53  0.31250000 -0.18750000  0.00000000  0.0008      59
      54  0.25000000 -0.18750000  0.00000000  0.0008      60
      55 -0.18750000  0.18750000  0.00000000  0.0008      61
      56 -0.12500000  0.18750000  0.00000000  0.0008      62
      57 -0.06250000  0.18750000  0.00000000  0.0008      63
      58  0.00000000  0.25000000  0.00000000  0.0008      64
      59  0.06250000  0.25000000  0.00000000  0.0008      65
      60  0.12500000  0.25000000  0.00000000  0.0008      66
      61  0.18750000  0.25000000  0.00000000  0.0008      67
      62  0.25000000  0.25000000  0.00000000  0.0008      68
      63  0.31250000  0.25000000  0.00000000  0.0008      69
      64  0.37500000  0.25000000  0.00000000  0.0008      70
      65  0.43750000  0.25000000  0.00000000  0.0008      71
      66  0.50000000  0.25000000  0.00000000  0.0008      72
      67  0.43750000 -0.25000000  0.00000000  0.0008      73
      68  0.37500000 -0.25000000  0.00000000  0.0008      74
      69  0.31250000 -0.25000000  0.00000000  0.0008      75
      70 -0.25000000  0.25000000  0.00000000  0.0008      76
      71 -0.18750000  0.25000000  0.00000000  0.0008      77
      72 -0.12500000  0.25000000  0.00000000  0.0008      78
      73 -0.06250000  0.25000000  0.00000000  0.0008      79
      74  0.00000000  0.31250000  0.00000000  0.0008      80
      75  0.06250000  0.31250000  0.00000000  0.0008      81
      76  0.12500000  0.31250000  0.00000000  0.0008      82
      77  0.18750000  0.31250000  0.00000000  0.0008      83
      78  0.25000000  0.31250000  0.00000000  0.0008      84
      79  0.31250000  0.31250000  0.00000000  0.0008      85
      80  0.37500000  0.31250000  0.00000000  0.0008      86
      81  0.43750000  0.31250000  0.00000000  0.0008      87
      82  0.50000000  0.31250000  0.00000000  0.0008      88
      83  0.43750000 -0.31250000  0.00000000  0.0008      89
      84  0.37500000 -0.31250000  0.00000000  0.0008      90
      85 -0.31250000  0.31250000  0.00000000  0.0008      91
      86 -0.25000000  0.31250000  0.00000000  0.0008      92
      87 -0.18750000  0.31250000  0.00000000  0.0008      93
      88 -0.12500000  0.31250000  0.00000000  0.0008      94
      89 -0.06250000  0.31250000  0.00000000  0.0008      95
      90  0.00000000  0.37500000  0.00000000  0.0008      96
      91  0.06250000  0.37500000  0.00000000  0.0008      97
      92  0.12500000  0.37500000  0.00000000  0.0008      98
      93  0.18750000  0.37500000  0.00000000  0.0008      99
      94  0.25000000  0.37500000  0.00000000  0.0008     100
      95  0.31250000  0.37500000  0.00000000  0.0008     101
      96  0.37500000  0.37500000  0.00000000  0.0008     102
      97  0.43750000  0.37500000  0.00000000  0.0008     103
      98  0.50000000  0.37500000  0.00000000  0.0008     104
      99  0.43750000 -0.37500000  0.00000000  0.0008     105
     100 -0.37500000  0.37500000  0.00000000  0.0008     106
     101 -0.31250000  0.37500000  0.00000000  0.0008     107
     102 -0.25000000  0.37500000  0.00000000  0.0008     108
     103 -0.18750000  0.37500000  0.00000000  0.0008     109
     104 -0.12500000  0.37500000  0.00000000  0.0008     110
     105 -0.06250000  0.37500000  0.00000000  0.0008     111
     106  0.00000000  0.43750000  0.00000000  0.0008     112
     107  0.06250000  0.43750000  0.00000000  0.0008     113
     108  0.12500000  0.43750000  0.00000000  0.0008     114
     109  0.18750000  0.43750000  0.00000000  0.0008     115
     110  0.25000000  0.43750000  0.00000000  0.0008     116
     111  0.31250000  0.43750000  0.00000000  0.0008     117
     112  0.37500000  0.43750000  0.00000000  0.0008     118
     113  0.43750000  0.43750000  0.00000000  0.0008     119
     114  0.50000000  0.43750000  0.00000000  0.0008     120
     115 -0.43750000  0.43750000  0.00000000  0.0008     121
     116 -0.37500000  0.43750000  0.00000000  0.0008     122
     117 -0.31250000  0.43750000  0.00000000  0.0008     123
     118 -0.25000000  0.43750000  0.00000000  0.0008     124
     119 -0.18750000  0.43750000  0.00000000  0.0008     125
     120 -0.12500000  0.43750000  0.00000000  0.0008     126
     121 -0.06250000  0.43750000  0.00000000  0.0008     127
     122  0.00000000  0.50000000  0.00000000  0.0004     128
     123  0.06250000  0.50000000  0.00000000  0.0008     129
     124  0.12500000  0.50000000  0.00000000  0.0008     130
     125  0.18750000  0.50000000  0.00000000  0.0008     131
     126  0.25000000  0.50000000  0.00000000  0.0008     132
     127  0.31250000  0.50000000  0.00000000  0.0008     133
     128  0.37500000  0.50000000  0.00000000  0.0008     134
     129  0.43750000  0.50000000  0.00000000  0.0008     135
     130  0.50000000  0.50000000  0.00000000  0.0004     136
     131  0.00000000  0.00000000  0.10000000  0.0008     256
     132  0.06250000  0.00000000  0.10000000  0.0008     257
     133  0.12500000  0.00000000  0.10000000  0.0008     258
     134  0.18750000  0.00000000  0.10000000  0.0008     259
     135  0.25000000  0.00000000  0.10000000  0.0008     260
     136  0.31250000  0.00000000  0.10000000  0.0008     261
     137  0.37500000  0.00000000  0.10000000  0.0008     262
     138  0.43750000  0.00000000  0.10000000  0.0008     263
     139  0.50000000  0.00000000  0.10000000  0.0008     264
     140  0.43750000  0.00000000 -0.10000000  0.0008     265
     141  0.37500000  0.00000000 -0.10000000  0.0008     266
     142  0.31250000  0.00000000 -0.10000000  0.0008     267
     143  0.25000000  0.00000000 -0.10000000  0.0008     268
     144  0.18750000  0.00000000 -0.10000000  0.0008     269
     145  0.12500000  0.00000000 -0.10000000  0.0008     270
     146 -0.06250000  0.00000000  0.10000000  0.0008     271
     147  0.00000000  0.06250000  0.10000000  0.0008     272
     148  0.06250000  0.06250000  0.10000000  0.0008     273
     149  0.12500000  0.06250000  0.10000000  0.0008     274
     150  0.18750000  0.06250000  0.10000000  0.0008     275
     151  0.25000000  0.06250000  0.10000000  0.0008     276
     152  0.31250000  0.06250000  0.10000000  0.0008     277
     153  0.37500000  0.06250000  0.10000000  0.0008     278
     154  0.43750000  0.06250000  0.10000000  0.0008     279
     155  0.50000000  0.06250000  0.10000000  0.0008     280
     156  0.43750000 -0.06250000 -0.10000000  0.0008     281
     157  0.37500000 -0.06250000 -0.10000000  0.0008     282
     158  0.31250000 -0.06250000 -0.10000000  0.0008     283
     159  0.25000000 -0.06250000 -0.10000000  0.0008     284
     160  0.18750000 -0.06250000 -0.10000000  0.0008     285
     161 -0.12500000  0.06250000  0.10000000  0.0008     286
     162 -0.06250000  0.06250000  0.10000000  0.0008     287
     163  0.00000000  0.12500000  0.10000000  0.0008     288
     164  0.06250000  0.12500000  0.10000000  0.0008     289
     165  0.12500000  0.12500000  0.10000000  0.0008     290
     166  0.18750000  0.12500000  0.10000000  0.0008     291
     167  0.25000000  0.12500000  0.10000000  0.0008     292
     168  0.31250000  0.12500000  0.10000000  0.0008     293
     169  0.37500000  0.12500000  0.10000000  0.0008     294
     170  0.43750000  0.12500000  0.10000000  0.0008     295
     171  0.50000000  0.12500000  0.10000000  0.0008     296
     172  0.43750000 -0.12500000 -0.10000000  0.0008     297
     173  0.37500000 -0.12500000 -0.10000000  0.0008     298
     174  0.31250000 -0.12500000 -0.10000000  0.0008     299
     175  0.25000000 -0.12500000 -0.10000000  0.0008     300
     176 -0.18750000  0.12500000  0.10000000  0.0008     301
     177 -0.12500000  0.12500000  0.10000000  0.0008     302
     178 -0.06250000  0.12500000  0.10000000  0.0008     303
     179  0.00000000  0.18750000  0.10000000  0.0008     304
     180  0.06250000  0.18750000  0.10000000  0.0008     305
     181  0.12500000  0.18750000  0.10000000  0.0008     306
     182  0.18750000  0.18750000  0.10000000  0.0008     307
     183  0.25000000  0.18750000  0.10000000  0.0008     308
     184  0.31250000  0.18750000  0.10000000  0.0008     309
     185  0.37500000  0.18750000  0.10000000  0.0008     310
     186  0.43750000  0.18750000  0.10000000  0.0008     311
     187  0.50000000  0.18750000  0.10000000  0.0008     312
     188  0.43750000 -0.18750000 -0.10000000  0.0008     313
     189  0.37500000 -0.18750000 -0.10000000  0.0008     314
     190  0.31250000 -0.18750000 -0.10000000  0.0008     315
     191 -0.25000000  0.18750000  0.10000000  0.0008     316
     192 -0.18750000  0.18750000  0.10000000  0.0008     317
     193 -0.12500000  0.18750000  0.10000000  0.0008     318
     194 -0.06250000  0.18750000  0.10000000  0.0008     319
     195  0.00000000  0.25000000  0.10000000  0.0008     320
     196  0.06250000  0.25000000  0.10000000  0.0008     321
     197  0.12500000  0.25000000  0.10000000  0.0008     322
     198  0.18750000  0.25000000  0.10000000  0.0008     323
     199  0.25000000  0.25000000  0.10000000  0.0008     324
     200  0.31250000  0.25000000  0.10000000  0.0008     325
     201  0.37500000  0.25000000  0.10000000  0.0008     326
     202  0.43750000  0.25000000  0.10000000  0.0008     327
     203  0.50000000  0.25000000  0.10000000  0.0008     328
     204  0.43750000 -0.25000000 -0.10000000  0.0008     329
     205  0.37500000 -0.25000000 -0.10000000  0.0008     330
     206 -0.31250000  0.25000000  0.10000000  0.0008     331
     207 -0.25000000  0.25000000  0.10000000  0.0008     332
     208 -0.18750000  0.25000000  0.10000000  0.0008     333
     209 -0.12500000  0.25000000  0.10000000  0.0008     334
     210 -0.06250000  0.25000000  0.10000000  0.0008     335
     211  0.00000000  0.31250000  0.10000000  0.0008     336
     212  0.06250000  0.31250000  0.10000000  0.0008     337
     213  0.12500000  0.31250000  0.10000000  0.0008     338
     214  0.18750000  0.31250000  0.10000000  0.0008     339
     215  0.25000000  0.31250000  0.10000000  0.0008     340
     216  0.31250000  0.31250000  0.10000000  0.0008     341
     217  0.37500000  0.31250000  0.10000000  0.0008     342
     218  0.43750000  0.31250000  0.10000000  0.0008     343
     219  0.50000000  0.31250000  0.10000000  0.0008     344
     220  0.43750000 -0.31250000 -0.10000000  0.0008     345
     221 -0.37500000  0.31250000  0.10000000  0.0008     346
     222 -0.31250000  0.31250000  0.10000000  0.0008     347
     223 -0.25000000  0.31250000  0.10000000  0.0008     348
     224 -0.18750000  0.31250000  0.10000000  0.0008     349
     225 -0.12500000  0.31250000  0.10000000  0.0008     350
     226 -0.06250000  0.31250000  0.10000000  0.0008     351
     227  0.00000000  0.37500000  0.10000000  0.0008     352
     228  0.06250000  0.37500000  0.10000000  0.0008     353
     229  0.12500000  0.37500000  0.10000000  0.0008     354
     230  0.18750000  0.37500000  0.10000000  0.0008     355
     231  0.25000000  0.37500000  0.10000000  0.0008     356
     232  0.31250000  0.37500000  0.10000000  0.0008     357
     233  0.37500000  0.37500000  0.10000000  0.0008     358
     234  0.43750000  0.37500000  0.10000000  0.0008     359
     235  0.50000000  0.37500000  0.10000000  0.0008     360
     236 -0.43750000  0.37500000  0.10000000  0.0008     361
     237 -0.37500000  0.37500000  0.10000000  0.0008     362
     238 -0.31250000  0.37500000  0.10000000  0.0008     363
     239 -0.25000000  0.37500000  0.10000000  0.0008     364
     240 -0.18750000  0.37500000  0.10000000  0.0008     365
     241 -0.12500000  0.37500000  0.10000000  0.0008     366
     242 -0.06250000  0.37500000  0.10000000  0.0008     367
     243  0.00000000  0.43750000  0.10000000  0.0008     368
     244  0.06250000  0.43750000  0.10000000  0.0008     369
     245  0.12500000  0.43750000  0.10000000  0.0008     370
     246  0.18750000  0.43750000  0.10000000  0.0008     371
     247  0.25000000  0.43750000  0.10000000  0.0008     372
     248  0.31250000  0.43750000  0.10000000  0.0008     373
     249  0.37500000  0.43750000  0.10000000  0.0008     374
     250  0.43750000  0.43750000  0.10000000  0.0008     375
     251  0.50000000  0.43750000  0.10000000  0.0008     376
     252 -0.43750000  0.43750000  0.10000000  0.0008     377
     253 -0.37500000  0.43750000  0.10000000  0.0008     378
     254 -0.31250000  0.43750000  0.10000000  0.0008     379
     255 -0.25000000  0.43750000  0.10000000  0.0008     380
     256 -0.18750000  0.43750000  0.10000000  0.0008     381
     257 -0.12500000  0.43750000  0.10000000  0.0008     382
     258 -0.06250000  0.43750000  0.10000000  0.0008     383
     259  0.00000000  0.50000000  0.10000000  0.0008     384
     260  0.06250000  0.50000000  0.10000000  0.0008     385
     261  0.12500000  0.50000000  0.10000000  0.0008     386
     262  0.18750000  0.50000000  0.10000000  0.0008     387
     263  0.25000000  0.50000000  0.10000000  0.0008     388
     264  0.31250000  0.50000000  0.10000000  0.0008     389
     265  0.37500000  0.50000000  0.10000000  0.0008     390
     266  0.43750000  0.50000000  0.10000000  0.0008     391
     267  0.50000000  0.50000000  0.10000000  0.0008     392
     268  0.43750000  0.50000000 -0.10000000  0.0008     393
     269  0.37500000  0.50000000 -0.10000000  0.0008     394
     270  0.31250000  0.50000000 -0.10000000  0.0008     395
     271  0.25000000  0.50000000 -0.10000000  0.0008     396
     272  0.18750000  0.50000000 -0.10000000  0.0008     397
     273  0.12500000  0.50000000 -0.10000000  0.0008     398
     274 -0.06250000  0.50000000  0.10000000  0.0008     399
     275  0.00000000  0.43750000 -0.10000000  0.0008     400
     276 -0.06250000  0.43750000 -0.10000000  0.0008     401
     277 -0.12500000  0.43750000 -0.10000000  0.0008     402
     278 -0.18750000  0.43750000 -0.10000000  0.0008     403
     279 -0.25000000  0.43750000 -0.10000000  0.0008     404
     280 -0.31250000  0.43750000 -0.10000000  0.0008     405
     281  0.37500000 -0.43750000  0.10000000  0.0008     406
     282  0.43750000 -0.43750000  0.10000000  0.0008     407
     283  0.50000000  0.43750000 -0.10000000  0.0008     408
     284  0.43750000  0.43750000 -0.10000000  0.0008     409
     285  0.37500000  0.43750000 -0.10000000  0.0008     410
     286  0.31250000  0.43750000 -0.10000000  0.0008     411
     287  0.25000000  0.43750000 -0.10000000  0.0008     412
     288  0.18750000  0.43750000 -0.10000000  0.0008     413
     289  0.12500000  0.43750000 -0.10000000  0.0008     414
     290  0.06250000  0.43750000 -0.10000000  0.0008     415
     291  0.00000000  0.37500000 -0.10000000  0.0008     416
     292 -0.06250000  0.37500000 -0.10000000  0.0008     417
     293 -0.12500000  0.37500000 -0.10000000  0.0008     418
     294 -0.18750000  0.37500000 -0.10000000  0.0008     419
     295 -0.25000000  0.37500000 -0.10000000  0.0008     420
     296  0.31250000 -0.37500000  0.10000000  0.0008     421
     297  0.37500000 -0.37500000  0.10000000  0.0008     422
     298  0.43750000 -0.37500000  0.10000000  0.0008     423
     299  0.50000000  0.37500000 -0.10000000  0.0008     424
     300  0.43750000  0.37500000 -0.10000000  0.0008     425
     301  0.37500000  0.37500000 -0.10000000  0.0008     426
     302  0.31250000  0.37500000 -0.10000000  0.0008     427
     303  0.25000000  0.37500000 -0.10000000  0.0008     428
     304  0.18750000  0.37500000 -0.10000000  0.0008     429
     305  0.12500000  0.37500000 -0.10000000  0.0008     430
     306  0.06250000  0.37500000 -0.10000000  0.0008     431
     307  0.00000000  0.31250000 -0.10000000  0.0008     432
     308 -0.06250000  0.31250000 -0.10000000  0.0008     433
     309 -0.12500000  0.31250000 -0.10000000  0.0008     434
     310 -0.18750000  0.31250000 -0.10000000  0.0008     435
     311  0.25000000 -0.31250000  0.10000000  0.0008     436
     312  0.31250000 -0.31250000  0.10000000  0.0008     437
     313  0.37500000 -0.31250000  0.10000000  0.0008     438
     314  0.43750000 -0.31250000  0.10000000  0.0008     439
     315  0.50000000  0.31250000 -0.10000000  0.0008     440
     316  0.43750000  0.31250000 -0.10000000  0.0008     441
     317  0.37500000  0.31250000 -0.10000000  0.0008     442
     318  0.31250000  0.31250000 -0.10000000  0.0008     443
     319  0.25000000  0.31250000 -0.10000000  0.0008     444
     320  0.18750000  0.31250000 -0.10000000  0.0008     445
     321  0.12500000  0.31250000 -0.10000000  0.0008     446
     322  0.06250000  0.31250000 -0.10000000  0.0008     447
     323  0.00000000  0.25000000 -0.10000000  0.0008     448
     324 -0.06250000  0.25000000 -0.10000000  0.0008     449
     325 -0.12500000  0.25000000 -0.10000000  0.0008     450
     326  0.18750000 -0.25000000  0.10000000  0.0008     451
     327  0.25000000 -0.25000000  0.10000000  0.0008     452
     328  0.31250000 -0.25000000  0.10000000  0.0008     453
     329  0.37500000 -0.25000000  0.10000000  0.0008     454
     330  0.43750000 -0.25000000  0.10000000  0.0008     455
     331  0.50000000  0.25000000 -0.10000000  0.0008     456
     332  0.43750000  0.25000000 -0.10000000  0.0008     457
     333  0.37500000  0.25000000 -0.10000000  0.0008     458
     334  0.31250000  0.25000000 -0.10000000  0.0008     459
     335  0.25000000  0.25000000 -0.10000000  0.0008     460
     336  0.18750000  0.25000000 -0.10000000  0.0008     461
     337  0.12500000  0.25000000 -0.10000000  0.0008     462
     338  0.06250000  0.25000000 -0.10000000  0.0008     463
     339  0.00000000  0.18750000 -0.10000000  0.0008     464
     340 -0.06250000  0.18750000 -0.10000000  0.0008     465
     341  0.12500000 -0.18750000  0.10000000  0.0008     466
     342  0.18750000 -0.18750000  0.10000000  0.0008     467
     343  0.25000000 -0.18750000  0.10000000  0.0008     468
     344  0.31250000 -0.18750000  0.10000000  0.0008     469
     345  0.37500000 -0.18750000  0.10000000  0.0008     470
     346  0.43750000 -0.18750000  0.10000000  0.0008     471
     347  0.50000000  0.18750000 -0.10000000  0.0008     472
     348  0.43750000  0.18750000 -0.10000000  0.0008     473
     349  0.37500000  0.18750000 -0.10000000  0.0008     474
     350  0.31250000  0.18750000 -0.10000000  0.0008     475
     351  0.25000000  0.18750000 -0.10000000  0.0008     476
     352  0.18750000  0.18750000 -0.10000000  0.0008     477
     353  0.12500000  0.18750000 -0.10000000  0.0008     478
     354  0.06250000  0.18750000 -0.10000000  0.0008     479
     355  0.00000000  0.12500000 -0.10000000  0.0008     480
     356  0.06250000 -0.12500000  0.10000000  0.0008     481
     357  0.12500000 -0.12500000  0.10000000  0.0008     482
     358  0.18750000 -0.12500000  0.10000000  0.0008     483
     359  0.25000000 -0.12500000  0.10000000  0.0008     484
     360  0.31250000 -0.12500000  0.10000000  0.0008     485
     361  0.37500000 -0.12500000  0.10000000  0.0008     486
     362  0.43750000 -0.12500000  0.10000000  0.0008     487
     363  0.50000000  0.12500000 -0.10000000  0.0008     488
     364  0.43750000  0.12500000 -0.10000000  0.0008     489
     365  0.37500000  0.12500000 -0.10000000  0.0008     490
     366  0.31250000  0.12500000 -0.10000000  0.0008     491
     367  0.25000000  0.12500000 -0.10000000  0.0008     492
     368  0.18750000  0.12500000 -0.10000000  0.0008     493
     369  0.12500000  0.12500000 -0.10000000  0.0008     494
     370  0.06250000  0.12500000 -0.10000000  0.0008     495
     371  0.00000000 -0.06250000  0.10000000  0.0008     496
     372  0.06250000 -0.06250000  0.10000000  0.0008     497
     373  0.12500000 -0.06250000  0.10000000  0.0008     498
     374  0.18750000 -0.06250000  0.10000000  0.0008     499
     375  0.25000000 -0.06250000  0.10000000  0.0008     500
     376  0.31250000 -0.06250000  0.10000000  0.0008     501
     377  0.37500000 -0.06250000  0.10000000  0.0008     502
     378  0.43750000 -0.06250000  0.10000000  0.0008     503
     379  0.50000000 -0.06250000  0.10000000  0.0008     504
     380  0.43750000  0.06250000 -0.10000000  0.0008     505
     381  0.37500000  0.06250000 -0.10000000  0.0008     506
     382  0.31250000  0.06250000 -0.10000000  0.0008     507
     383  0.25000000  0.06250000 -0.10000000  0.0008     508
     384  0.18750000  0.06250000 -0.10000000  0.0008     509
     385  0.12500000  0.06250000 -0.10000000  0.0008     510
     386  0.06250000  0.06250000 -0.10000000  0.0008     511
     387  0.00000000  0.00000000  0.20000000  0.0008     512
     388  0.06250000  0.00000000  0.20000000  0.0008     513
     389  0.12500000  0.00000000  0.20000000  0.0008     514
     390  0.18750000  0.00000000  0.20000000  0.0008     515
     391  0.25000000  0.00000000  0.20000000  0.0008     516
     392  0.31250000  0.00000000  0.20000000  0.0008     517
     393  0.37500000  0.00000000  0.20000000  0.0008     518
     394  0.43750000  0.00000000  0.20000000  0.0008     519
     395  0.50000000  0.00000000  0.20000000  0.0008     520
     396  0.43750000  0.00000000 -0.20000000  0.0008     521
     397  0.37500000  0.00000000 -0.20000000  0.0008     522
     398  0.31250000  0.00000000 -0.20000000  0.0008     523
     399  0.25000000  0.00000000 -0.20000000  0.0008     524
     400 -0.18750000  0.00000000  0.20000000  0.0008     525
     401 -0.12500000  0.00000000  0.20000000  0.0008     526
     402 -0.06250000  0.00000000  0.20000000  0.0008     527
     403  0.00000000  0.06250000  0.20000000  0.0008     528
     404  0.06250000  0.06250000  0.20000000  0.0008     529
     405  0.12500000  0.06250000  0.20000000  0.0008     530
     406  0.18750000  0.06250000  0.20000000  0.0008     531
     407  0.25000000  0.06250000  0.20000000  0.0008     532
     408  0.31250000  0.06250000  0.20000000  0.0008     533
     409  0.37500000  0.06250000  0.20000000  0.0008     534
     410  0.43750000  0.06250000  0.20000000  0.0008     535
     411  0.50000000  0.06250000  0.20000000  0.0008     536
     412  0.43750000 -0.06250000 -0.20000000  0.0008     537
     413  0.37500000 -0.06250000 -0.20000000  0.0008     538
     414  0.31250000 -0.06250000 -0.20000000  0.0008     539
     415 -0.25000000  0.06250000  0.20000000  0.0008     540
     416 -0.18750000  0.06250000  0.20000000  0.0008     541
     417 -0.12500000  0.06250000  0.20000000  0.0008     542
     418 -0.06250000  0.06250000  0.20000000  0.0008     543
     419  0.00000000  0.12500000  0.20000000  0.0008     544
     420  0.06250000  0.12500000  0.20000000  0.0008     545
     421  0.12500000  0.12500000  0.20000000  0.0008     546
     422  0.18750000  0.12500000  0.20000000  0.0008     547
     423  0.25000000  0.12500000  0.20000000  0.0008     548
     424  0.31250000  0.12500000  0.20000000  0.0008     549
     425  0.37500000  0.12500000  0.20000000  0.0008     550
     426  0.43750000  0.12500000  0.20000000  0.0008     551
     427  0.50000000  0.12500000  0.20000000  0.0008     552
     428  0.43750000 -0.12500000 -0.20000000  0.0008     553
     429  0.37500000 -0.12500000 -0.20000000  0.0008     554
     430 -0.31250000  0.12500000  0.20000000  0.0008     555
     431 -0.25000000  0.12500000  0.20000000  0.0008     556
     432 -0.18750000  0.12500000  0.20000000  0.0008     557
     433 -0.12500000  0.12500000  0.20000000  0.0008     558
     434 -0.06250000  0.12500000  0.20000000  0.0008     559
     435  0.00000000  0.18750000  0.20000000  0.0008     560
     436  0.06250000  0.18750000  0.20000000  0.0008     561
     437  0.12500000  0.18750000  0.20000000  0.0008     562
     438  0.18750000  0.18750000  0.20000000  0.0008     563
     439  0.25000000  0.18750000  0.20000000  0.0008     564
     440  0.31250000  0.18750000  0.20000000  0.0008     565
     441  0.37500000  0.18750000  0.20000000  0.0008     566
     442  0.43750000  0.18750000  0.20000000  0.0008     567
     443  0.50000000  0.18750000  0.20000000  0.0008     568
     444  0.43750000 -0.18750000 -0.20000000  0.0008     569
     445 -0.37500000  0.18750000  0.20000000  0.0008     570
     446 -0.31250000  0.18750000  0.20000000  0.0008     571
     447 -0.25000000  0.18750000  0.20000000  0.0008     572
     448 -0.18750000  0.18750000  0.20000000  0.0008     573
     449 -0.12500000  0.18750000  0.20000000  0.0008     574
     450 -0.06250000  0.18750000  0.20000000  0.0008     575
     451  0.00000000  0.25000000  0.20000000  0.0008     576
     452  0.06250000  0.25000000  0.20000000  0.0008     577
     453  0.12500000  0.25000000  0.20000000  0.0008     578
     454  0.18750000  0.25000000  0.20000000  0.0008     579
     455  0.25000000  0.25000000  0.20000000  0.0008     580
     456  0.31250000  0.25000000  0.20000000  0.0008     581
     457  0.37500000  0.25000000  0.20000000  0.0008     582
     458  0.43750000  0.25000000  0.20000000  0.0008     583
     459  0.50000000  0.25000000  0.20000000  0.0008     584
     460 -0.43750000  0.25000000  0.20000000  0.0008     585
     461 -0.37500000  0.25000000  0.20000000  0.0008     586
     462 -0.31250000  0.25000000  0.20000000  0.0008     587
     463 -0.25000000  0.25000000  0.20000000  0.0008     588
     464 -0.18750000  0.25000000  0.20000000  0.0008     589
     465 -0.12500000  0.25000000  0.20000000  0.0008     590
     466 -0.06250000  0.25000000  0.20000000  0.0008     591
     467  0.00000000  0.31250000  0.20000000  0.0008     592
     468  0.06250000  0.31250000  0.20000000  0.0008     593
     469  0.12500000  0.31250000  0.20000000  0.0008     594
     470  0.18750000  0.31250000  0.20000000  0.0008     595
     471  0.25000000  0.31250000  0.20000000  0.0008     596
     472  0.31250000  0.31250000  0.20000000  0.0008     597
     473  0.37500000  0.31250000  0.20000000  0.0008     598
     474  0.43750000  0.31250000  0.20000000  0.0008     599
     475  0.50000000  0.31250000  0.20000000  0.0008     600
     476 -0.43750000  0.31250000  0.20000000  0.0008     601
     477 -0.37500000  0.31250000  0.20000000  0.0008     602
     478 -0.31250000  0.31250000  0.20000000  0.0008     603
     479 -0.25000000  0.31250000  0.20000000  0.0008     604
     480 -0.18750000  0.31250000  0.20000000  0.0008     605
     481 -0.12500000  0.31250000  0.20000000  0.0008     606
     482 -0.06250000  0.31250000  0.20000000  0.0008     607
     483  0.00000000  0.37500000  0.20000000  0.0008     608
     484  0.06250000  0.37500000  0.20000000  0.0008     609
     485  0.12500000  0.37500000  0.20000000  0.0008     610
     486  0.18750000  0.37500000  0.20000000  0.0008     611
     487  0.25000000  0.37500000  0.20000000  0.0008     612
     488  0.31250000  0.37500000  0.20000000  0.0008     613
     489  0.37500000  0.37500000  0.20000000  0.0008     614
     490  0.43750000  0.37500000  0.20000000  0.0008     615
     491  0.50000000  0.37500000  0.20000000  0.0008     616
     492 -0.43750000  0.37500000  0.20000000  0.0008     617
     493 -0.37500000  0.37500000  0.20000000  0.0008     618
     494 -0.31250000  0.37500000  0.20000000  0.0008     619
     495 -0.25000000  0.37500000  0.20000000  0.0008     620
     496 -0.18750000  0.37500000  0.20000000  0.0008     621
     497 -0.12500000  0.37500000  0.20000000  0.0008     622
     498 -0.06250000  0.37500000  0.20000000  0.0008     623
     499  0.00000000  0.43750000  0.20000000  0.0008     624
     500  0.06250000  0.43750000  0.20000000  0.0008     625
     501  0.12500000  0.43750000  0.20000000  0.0008     626
     502  0.18750000  0.43750000  0.20000000  0.0008     627
     503  0.25000000  0.43750000  0.20000000  0.0008     628
     504  0.31250000  0.43750000  0.20000000  0.0008     629
     505  0.37500000  0.43750000  0.20000000  0.0008     630
     506  0.43750000  0.43750000  0.20000000  0.0008     631
     507  0.50000000  0.43750000  0.20000000  0.0008     632
     508 -0.43750000  0.43750000  0.20000000  0.0008     633
     509 -0.37500000  0.43750000  0.20000000  0.0008     634
     510 -0.31250000  0.43750000  0.20000000  0.0008     635
     511 -0.25000000  0.43750000  0.20000000  0.0008     636
     512 -0.18750000  0.43750000  0.20000000  0.0008     637
     513 -0.12500000  0.43750000  0.20000000  0.0008     638
     514 -0.06250000  0.43750000  0.20000000  0.0008     639
     515  0.00000000  0.50000000  0.20000000  0.0008     640
     516  0.06250000  0.50000000  0.20000000  0.0008     641
     517  0.12500000  0.50000000  0.20000000  0.0008     642
     518  0.18750000  0.50000000  0.20000000  0.0008     643
     519  0.25000000  0.50000000  0.20000000  0.0008     644
     520  0.31250000  0.50000000  0.20000000  0.0008     645
     521  0.37500000  0.50000000  0.20000000  0.0008     646
     522  0.43750000  0.50000000  0.20000000  0.0008     647
     523  0.50000000  0.50000000  0.20000000  0.0008     648
     524  0.43750000  0.50000000 -0.20000000  0.0008     649
     525  0.37500000  0.50000000 -0.20000000  0.0008     650
     526  0.31250000  0.50000000 -0.20000000  0.0008     651
     527  0.25000000  0.50000000 -0.20000000  0.0008     652
     528 -0.18750000  0.50000000  0.20000000  0.0008     653
     529 -0.12500000  0.50000000  0.20000000  0.0008     654
     530 -0.06250000  0.50000000  0.20000000  0.0008     655
     531  0.00000000  0.43750000 -0.20000000  0.0008     656
     532 -0.06250000  0.43750000 -0.20000000  0.0008     657
     533 -0.12500000  0.43750000 -0.20000000  0.0008     658
     534 -0.18750000  0.43750000 -0.20000000  0.0008     659
     535  0.25000000 -0.43750000  0.20000000  0.0008     660
     536  0.31250000 -0.43750000  0.20000000  0.0008     661
     537  0.37500000 -0.43750000  0.20000000  0.0008     662
     538  0.43750000 -0.43750000  0.20000000  0.0008     663
     539  0.50000000  0.43750000 -0.20000000  0.0008     664
     540  0.43750000  0.43750000 -0.20000000  0.0008     665
     541  0.37500000  0.43750000 -0.20000000  0.0008     666
     542  0.31250000  0.43750000 -0.20000000  0.0008     667
     543  0.25000000  0.43750000 -0.20000000  0.0008     668
     544  0.18750000  0.43750000 -0.20000000  0.0008     669
     545  0.12500000  0.43750000 -0.20000000  0.0008     670
     546  0.06250000  0.43750000 -0.20000000  0.0008     671
     547  0.00000000  0.37500000 -0.20000000  0.0008     672
     548 -0.06250000  0.37500000 -0.20000000  0.0008     673
     549 -0.12500000  0.37500000 -0.20000000  0.0008     674
     550  0.18750000 -0.37500000  0.20000000  0.0008     675
     551  0.25000000 -0.37500000  0.20000000  0.0008     676
     552  0.31250000 -0.37500000  0.20000000  0.0008     677
     553  0.37500000 -0.37500000  0.20000000  0.0008     678
     554  0.43750000 -0.37500000  0.20000000  0.0008     679
     555  0.50000000  0.37500000 -0.20000000  0.0008     680
     556  0.43750000  0.37500000 -0.20000000  0.0008     681
     557  0.37500000  0.37500000 -0.20000000  0.0008     682
     558  0.31250000  0.37500000 -0.20000000  0.0008     683
     559  0.25000000  0.37500000 -0.20000000  0.0008     684
     560  0.18750000  0.37500000 -0.20000000  0.0008     685
     561  0.12500000  0.37500000 -0.20000000  0.0008     686
     562  0.06250000  0.37500000 -0.20000000  0.0008     687
     563  0.00000000  0.31250000 -0.20000000  0.0008     688
     564 -0.06250000  0.31250000 -0.20000000  0.0008     689
     565  0.12500000 -0.31250000  0.20000000  0.0008     690
     566  0.18750000 -0.31250000  0.20000000  0.0008     691
     567  0.25000000 -0.31250000  0.20000000  0.0008     692
     568  0.31250000 -0.31250000  0.20000000  0.0008     693
     569  0.37500000 -0.31250000  0.20000000  0.0008     694
     570  0.43750000 -0.31250000  0.20000000  0.0008     695
     571  0.50000000  0.31250000 -0.20000000  0.0008     696
     572  0.43750000  0.31250000 -0.20000000  0.0008     697
     573  0.37500000  0.31250000 -0.20000000  0.0008     698
     574  0.31250000  0.31250000 -0.20000000  0.0008     699
     575  0.25000000  0.31250000 -0.20000000  0.0008     700
     576  0.18750000  0.31250000 -0.20000000  0.0008     701
     577  0.12500000  0.31250000 -0.20000000  0.0008     702
     578  0.06250000  0.31250000 -0.20000000  0.0008     703
     579  0.00000000  0.25000000 -0.20000000  0.0008     704
     580  0.06250000 -0.25000000  0.20000000  0.0008     705
     581  0.12500000 -0.25000000  0.20000000  0.0008     706
     582  0.18750000 -0.25000000  0.20000000  0.0008     707
     583  0.25000000 -0.25000000  0.20000000  0.0008     708
     584  0.31250000 -0.25000000  0.20000000  0.0008     709
     585  0.37500000 -0.25000000  0.20000000  0.0008     710
     586  0.43750000 -0.25000000  0.20000000  0.0008     711
     587  0.50000000  0.25000000 -0.20000000  0.0008     712
     588  0.43750000  0.25000000 -0.20000000  0.0008     713
     589  0.37500000  0.25000000 -0.20000000  0.0008     714
     590  0.31250000  0.25000000 -0.20000000  0.0008     715
     591  0.25000000  0.25000000 -0.20000000  0.0008     716
     592  0.18750000  0.25000000 -0.20000000  0.0008     717
     593  0.12500000  0.25000000 -0.20000000  0.0008     718
     594  0.06250000  0.25000000 -0.20000000  0.0008     719
     595  0.00000000 -0.18750000  0.20000000  0.0008     720
     596  0.06250000 -0.18750000  0.20000000  0.0008     721
     597  0.12500000 -0.18750000  0.20000000  0.0008     722
     598  0.18750000 -0.18750000  0.20000000  0.0008     723
     599  0.25000000 -0.18750000  0.20000000  0.0008     724
     600  0.31250000 -0.18750000  0.20000000  0.0008     725
     601  0.37500000 -0.18750000  0.20000000  0.0008     726
     602  0.43750000 -0.18750000  0.20000000  0.0008     727
     603  0.50000000 -0.18750000  0.20000000  0.0008     728
     604  0.43750000  0.18750000 -0.20000000  0.0008     729
     605  0.37500000  0.18750000 -0.20000000  0.0008     730
     606  0.31250000  0.18750000 -0.20000000  0.0008     731
     607  0.25000000  0.18750000 -0.20000000  0.0008     732
     608  0.18750000  0.18750000 -0.20000000  0.0008     733
     609  0.12500000  0.18750000 -0.20000000  0.0008     734
     610  0.06250000  0.18750000 -0.20000000  0.0008     735
     611  0.00000000 -0.12500000  0.20000000  0.0008     736
     612  0.06250000 -0.12500000  0.20000000  0.0008     737
     613  0.12500000 -0.12500000  0.20000000  0.0008     738
     614  0.18750000 -0.12500000  0.20000000  0.0008     739
     615  0.25000000 -0.12500000  0.20000000  0.0008     740
     616  0.31250000 -0.12500000  0.20000000  0.0008     741
     617  0.37500000 -0.12500000  0.20000000  0.0008     742
     618  0.43750000 -0.12500000  0.20000000  0.0008     743
     619  0.50000000 -0.12500000  0.20000000  0.0008     744
     620  0.43750000  0.12500000 -0.20000000  0.0008     745
     621  0.37500000  0.12500000 -0.20000000  0.0008     746
     622  0.31250000  0.12500000 -0.20000000  0.0008     747
     623  0.25000000  0.12500000 -0.20000000  0.0008     748
     624  0.18750000  0.12500000 -0.20000000  0.0008     749
     625  0.12500000  0.12500000 -0.20000000  0.0008     750
     626 -0.06250000 -0.12500000  0.20000000  0.0008     751
     627  0.00000000 -0.06250000  0.20000000  0.0008     752
     628  0.06250000 -0.06250000  0.20000000  0.0008     753
     629  0.12500000 -0.06250000  0.20000000  0.0008     754
     630  0.18750000 -0.06250000  0.20000000  0.0008     755
     631  0.25000000 -0.06250000  0.20000000  0.0008     756
     632  0.31250000 -0.06250000  0.20000000  0.0008     757
     633  0.37500000 -0.06250000  0.20000000  0.0008     758
     634  0.43750000 -0.06250000  0.20000000  0.0008     759
     635  0.50000000 -0.06250000  0.20000000  0.0008     760
     636  0.43750000  0.06250000 -0.20000000  0.0008     761
     637  0.37500000  0.06250000 -0.20000000  0.0008     762
     638  0.31250000  0.06250000 -0.20000000  0.0008     763
     639  0.25000000  0.06250000 -0.20000000  0.0008     764
     640  0.18750000  0.06250000 -0.20000000  0.0008     765
     641 -0.12500000 -0.06250000  0.20000000  0.0008     766
     642 -0.06250000 -0.06250000  0.20000000  0.0008     767
     643  0.00000000  0.00000000  0.30000000  0.0008     768
     644  0.06250000  0.00000000  0.30000000  0.0008     769
     645  0.12500000  0.00000000  0.30000000  0.0008     770
     646  0.18750000  0.00000000  0.30000000  0.0008     771
     647  0.25000000  0.00000000  0.30000000  0.0008     772
     648  0.31250000  0.00000000  0.30000000  0.0008     773
     649  0.37500000  0.00000000  0.30000000  0.0008     774
     650  0.43750000  0.00000000  0.30000000  0.0008     775
     651  0.50000000  0.00000000  0.30000000  0.0008     776
     652  0.43750000  0.00000000 -0.30000000  0.0008     777
     653  0.37500000  0.00000000 -0.30000000  0.0008     778
     654  0.31250000  0.00000000 -0.30000000  0.0008     779
     655 -0.25000000  0.00000000  0.30000000  0.0008     780
     656 -0.18750000  0.00000000  0.30000000  0.0008     781
     657 -0.12500000  0.00000000  0.30000000  0.0008     782
     658 -0.06250000  0.00000000  0.30000000  0.0008     783
     659  0.00000000  0.06250000  0.30000000  0.0008     784
     660  0.06250000  0.06250000  0.30000000  0.0008     785
     661  0.12500000  0.06250000  0.30000000  0.0008     786
     662  0.18750000  0.06250000  0.30000000  0.0008     787
     663  0.25000000  0.06250000  0.30000000  0.0008     788
     664  0.31250000  0.06250000  0.30000000  0.0008     789
     665  0.37500000  0.06250000  0.30000000  0.0008     790
     666  0.43750000  0.06250000  0.30000000  0.0008     791
     667  0.50000000  0.06250000  0.30000000  0.0008     792
     668  0.43750000 -0.06250000 -0.30000000  0.0008     793
     669  0.37500000 -0.06250000 -0.30000000  0.0008     794
     670 -0.31250000  0.06250000  0.30000000  0.0008     795
     671 -0.25000000  0.06250000  0.30000000  0.0008     796
     672 -0.18750000  0.06250000  0.30000000  0.0008     797
     673 -0.12500000  0.06250000  0.30000000  0.0008     798
     674 -0.06250000  0.06250000  0.30000000  0.0008     799
     675  0.00000000  0.12500000  0.30000000  0.0008     800
     676  0.06250000  0.12500000  0.30000000  0.0008     801
     677  0.12500000  0.12500000  0.30000000  0.0008     802
     678  0.18750000  0.12500000  0.30000000  0.0008     803
     679  0.25000000  0.12500000  0.30000000  0.0008     804
     680  0.31250000  0.12500000  0.30000000  0.0008     805
     681  0.37500000  0.12500000  0.30000000  0.0008     806
     682  0.43750000  0.12500000  0.30000000  0.0008     807
     683  0.50000000  0.12500000  0.30000000  0.0008     808
     684  0.43750000 -0.12500000 -0.30000000  0.0008     809
     685 -0.37500000  0.12500000  0.30000000  0.0008     810
     686 -0.31250000  0.12500000  0.30000000  0.0008     811
     687 -0.25000000  0.12500000  0.30000000  0.0008     812
     688 -0.18750000  0.12500000  0.30000000  0.0008     813
     689 -0.12500000  0.12500000  0.30000000  0.0008     814
     690 -0.06250000  0.12500000  0.30000000  0.0008     815
     691  0.00000000  0.18750000  0.30000000  0.0008     816
     692  0.06250000  0.18750000  0.30000000  0.0008     817
     693  0.12500000  0.18750000  0.30000000  0.0008     818
     694  0.18750000  0.18750000  0.30000000  0.0008     819
     695  0.25000000  0.18750000  0.30000000  0.0008     820
     696  0.31250000  0.18750000  0.30000000  0.0008     821
     697  0.37500000  0.18750000  0.30000000  0.0008     822
     698  0.43750000  0.18750000  0.30000000  0.0008     823
     699  0.50000000  0.18750000  0.30000000  0.0008     824
     700 -0.43750000  0.18750000  0.30000000  0.0008     825
     701 -0.37500000  0.18750000  0.30000000  0.0008     826
     702 -0.31250000  0.18750000  0.30000000  0.0008     827
     703 -0.25000000  0.18750000  0.30000000  0.0008     828
     704 -0.18750000  0.18750000  0.30000000  0.0008     829
     705 -0.12500000  0.18750000  0.30000000  0.0008     830
     706 -0.06250000  0.18750000  0.30000000  0.0008     831
     707  0.00000000  0.25000000  0.30000000  0.0008     832
     708  0.06250000  0.25000000  0.30000000  0.0008     833
     709  0.12500000  0.25000000  0.30000000  0.0008     834
     710  0.18750000  0.25000000  0.30000000  0.0008     835
     711  0.25000000  0.25000000  0.30000000  0.0008     836
     712  0.31250000  0.25000000  0.30000000  0.0008     837
     713  0.37500000  0.25000000  0.30000000  0.0008     838
     714  0.43750000  0.25000000  0.30000000  0.0008     839
     715  0.50000000  0.25000000  0.30000000  0.0008     840
     716 -0.43750000  0.25000000  0.30000000  0.0008     841
     717 -0.37500000  0.25000000  0.30000000  0.0008     842
     718 -0.31250000  0.25000000  0.30000000  0.0008     843
     719 -0.25000000  0.25000000  0.30000000  0.0008     844
     720 -0.18750000  0.25000000  0.30000000  0.0008     845
     721 -0.12500000  0.25000000  0.30000000  0.0008     846
     722 -0.06250000  0.25000000  0.30000000  0.0008     847
     723  0.00000000  0.31250000  0.30000000  0.0008     848
     724  0.06250000  0.31250000  0.30000000  0.0008     849
     725  0.12500000  0.31250000  0.30000000  0.0008     850
     726  0.18750000  0.31250000  0.30000000  0.0008     851
     727  0.25000000  0.31250000  0.30000000  0.0008     852
     728  0.31250000  0.31250000  0.30000000  0.0008     853
     729  0.37500000  0.31250000  0.30000000  0.0008     854
     730  0.43750000  0.31250000  0.30000000  0.0008     855
     731  0.50000000  0.31250000  0.30000000  0.0008     856
     732 -0.43750000  0.31250000  0.30000000  0.0008     857
     733 -0.37500000  0.31250000  0.30000000  0.0008     858
     734 -0.31250000  0.31250000  0.30000000  0.0008     859
     735 -0.25000000  0.31250000  0.30000000  0.0008     860
     736 -0.18750000  0.31250000  0.30000000  0.0008     861
     737 -0.12500000  0.31250000  0.30000000  0.0008     862
     738 -0.06250000  0.31250000  0.30000000  0.0008     863
     739  0.00000000  0.37500000  0.30000000  0.0008     864
     740  0.06250000  0.37500000  0.30000000  0.0008     865
     741  0.12500000  0.37500000  0.30000000  0.0008     866
     742  0.18750000  0.37500000  0.30000000  0.0008     867
     743  0.25000000  0.37500000  0.30000000  0.0008     868
     744  0.31250000  0.37500000  0.30000000  0.0008     869
     745  0.37500000  0.37500000  0.30000000  0.0008     870
     746  0.43750000  0.37500000  0.30000000  0.0008     871
     747  0.50000000  0.37500000  0.30000000  0.0008     872
     748 -0.43750000  0.37500000  0.30000000  0.0008     873
     749 -0.37500000  0.37500000  0.30000000  0.0008     874
     750 -0.31250000  0.37500000  0.30000000  0.0008     875
     751 -0.25000000  0.37500000  0.30000000  0.0008     876
     752 -0.18750000  0.37500000  0.30000000  0.0008     877
     753 -0.12500000  0.37500000  0.30000000  0.0008     878
     754 -0.06250000  0.37500000  0.30000000  0.0008     879
     755  0.00000000  0.43750000  0.30000000  0.0008     880
     756  0.06250000  0.43750000  0.30000000  0.0008     881
     757  0.12500000  0.43750000  0.30000000  0.0008     882
     758  0.18750000  0.43750000  0.30000000  0.0008     883
     759  0.25000000  0.43750000  0.30000000  0.0008     884
     760  0.31250000  0.43750000  0.30000000  0.0008     885
     761  0.37500000  0.43750000  0.30000000  0.0008     886
     762  0.43750000  0.43750000  0.30000000  0.0008     887
     763  0.50000000  0.43750000  0.30000000  0.0008     888
     764 -0.43750000  0.43750000  0.30000000  0.0008     889
     765 -0.37500000  0.43750000  0.30000000  0.0008     890
     766 -0.31250000  0.43750000  0.30000000  0.0008     891
     767 -0.25000000  0.43750000  0.30000000  0.0008     892
     768 -0.18750000  0.43750000  0.30000000  0.0008     893
     769 -0.12500000  0.43750000  0.30000000  0.0008     894
     770 -0.06250000  0.43750000  0.30000000  0.0008     895
     771  0.00000000  0.50000000  0.30000000  0.0008     896
     772  0.06250000  0.50000000  0.30000000  0.0008     897
     773  0.12500000  0.50000000  0.30000000  0.0008     898
     774  0.18750000  0.50000000  0.30000000  0.0008     899
     775  0.25000000  0.50000000  0.30000000  0.0008     900
     776  0.31250000  0.50000000  0.30000000  0.0008     901
     777  0.37500000  0.50000000  0.30000000  0.0008     902
     778  0.43750000  0.50000000  0.30000000  0.0008     903
     779  0.50000000  0.50000000  0.30000000  0.0008     904
     780  0.43750000  0.50000000 -0.30000000  0.0008     905
     781  0.37500000  0.50000000 -0.30000000  0.0008     906
     782 -0.31250000  0.50000000  0.30000000  0.0008     907
     783 -0.25000000  0.50000000  0.30000000  0.0008     908
     784 -0.18750000  0.50000000  0.30000000  0.0008     909
     785 -0.12500000  0.50000000  0.30000000  0.0008     910
     786 -0.06250000  0.50000000  0.30000000  0.0008     911
     787  0.00000000  0.43750000 -0.30000000  0.0008     912
     788 -0.06250000  0.43750000 -0.30000000  0.0008     913
     789 -0.12500000  0.43750000 -0.30000000  0.0008     914
     790  0.18750000 -0.43750000  0.30000000  0.0008     915
     791  0.25000000 -0.43750000  0.30000000  0.0008     916
     792  0.31250000 -0.43750000  0.30000000  0.0008     917
     793  0.37500000 -0.43750000  0.30000000  0.0008     918
     794  0.43750000 -0.43750000  0.30000000  0.0008     919
     795  0.50000000  0.43750000 -0.30000000  0.0008     920
     796  0.43750000  0.43750000 -0.30000000  0.0008     921
     797  0.37500000  0.43750000 -0.30000000  0.0008     922
     798  0.31250000  0.43750000 -0.30000000  0.0008     923
     799  0.25000000  0.43750000 -0.30000000  0.0008     924
     800  0.18750000  0.43750000 -0.30000000  0.0008     925
     801  0.12500000  0.43750000 -0.30000000  0.0008     926
     802  0.06250000  0.43750000 -0.30000000  0.0008     927
     803  0.00000000  0.37500000 -0.30000000  0.0008     928
     804 -0.06250000  0.37500000 -0.30000000  0.0008     929
     805  0.12500000 -0.37500000  0.30000000  0.0008     930
     806  0.18750000 -0.37500000  0.30000000  0.0008     931
     807  0.25000000 -0.37500000  0.30000000  0.0008     932
     808  0.31250000 -0.37500000  0.30000000  0.0008     933
     809  0.37500000 -0.37500000  0.30000000  0.0008     934
     810  0.43750000 -0.37500000  0.30000000  0.0008     935
     811  0.50000000  0.37500000 -0.30000000  0.0008     936
     812  0.43750000  0.37500000 -0.30000000  0.0008     937
     813  0.37500000  0.37500000 -0.30000000  0.0008     938
     814  0.31250000  0.37500000 -0.30000000  0.0008     939
     815  0.25000000  0.37500000 -0.30000000  0.0008     940
     816  0.18750000  0.37500000 -0.30000000  0.0008     941
     817  0.12500000  0.37500000 -0.30000000  0.0008     942
     818  0.06250000  0.37500000 -0.30000000  0.0008     943
     819  0.00000000  0.31250000 -0.30000000  0.0008     944
     820  0.06250000 -0.31250000  0.30000000  0.0008     945
     821  0.12500000 -0.31250000  0.30000000  0.0008     946
     822  0.18750000 -0.31250000  0.30000000  0.0008     947
     823  0.25000000 -0.31250000  0.30000000  0.0008     948
     824  0.31250000 -0.31250000  0.30000000  0.0008     949
     825  0.37500000 -0.31250000  0.30000000  0.0008     950
     826  0.43750000 -0.31250000  0.30000000  0.0008     951
     827  0.50000000  0.31250000 -0.30000000  0.0008     952
     828  0.43750000  0.31250000 -0.30000000  0.0008     953
     829  0.37500000  0.31250000 -0.30000000  0.0008     954
     830  0.31250000  0.31250000 -0.30000000  0.0008     955
     831  0.25000000  0.31250000 -0.30000000  0.0008     956
     832  0.18750000  0.31250000 -0.30000000  0.0008     957
     833  0.12500000  0.31250000 -0.30000000  0.0008     958
     834  0.06250000  0.31250000 -0.30000000  0.0008     959
     835  0.00000000 -0.25000000  0.30000000  0.0008     960
     836  0.06250000 -0.25000000  0.30000000  0.0008     961
     837  0.12500000 -0.25000000  0.30000000  0.0008     962
     838  0.18750000 -0.25000000  0.30000000  0.0008     963
     839  0.25000000 -0.25000000  0.30000000  0.0008     964
     840  0.31250000 -0.25000000  0.30000000  0.0008     965
     841  0.37500000 -0.25000000  0.30000000  0.0008     966
     842  0.43750000 -0.25000000  0.30000000  0.0008     967
     843  0.50000000 -0.25000000  0.30000000  0.0008     968
     844  0.43750000  0.25000000 -0.30000000  0.0008     969
     845  0.37500000  0.25000000 -0.30000000  0.0008     970
     846  0.31250000  0.25000000 -0.30000000  0.0008     971
     847  0.25000000  0.25000000 -0.30000000  0.0008     972
     848  0.18750000  0.25000000 -0.30000000  0.0008     973
     849  0.12500000  0.25000000 -0.30000000  0.0008     974
     850  0.06250000  0.25000000 -0.30000000  0.0008     975
     851  0.00000000 -0.18750000  0.30000000  0.0008     976
     852  0.06250000 -0.18750000  0.30000000  0.0008     977
     853  0.12500000 -0.18750000  0.30000000  0.0008     978
     854  0.18750000 -0.18750000  0.30000000  0.0008     979
     855  0.25000000 -0.18750000  0.30000000  0.0008     980
     856  0.31250000 -0.18750000  0.30000000  0.0008     981
     857  0.37500000 -0.18750000  0.30000000  0.0008     982
     858  0.43750000 -0.18750000  0.30000000  0.0008     983
     859  0.50000000 -0.18750000  0.30000000  0.0008     984
     860  0.43750000  0.18750000 -0.30000000  0.0008     985
     861  0.37500000  0.18750000 -0.30000000  0.0008     986
     862  0.31250000  0.18750000 -0.30000000  0.0008     987
     863  0.25000000  0.18750000 -0.30000000  0.0008     988
     864  0.18750000  0.18750000 -0.30000000  0.0008     989
     865  0.12500000  0.18750000 -0.30000000  0.0008     990
     866 -0.06250000 -0.18750000  0.30000000  0.0008     991
     867  0.00000000 -0.12500000  0.30000000  0.0008     992
     868  0.06250000 -0.12500000  0.30000000  0.0008     993
     869  0.12500000 -0.12500000  0.30000000  0.0008     994
     870  0.18750000 -0.12500000  0.30000000  0.0008     995
     871  0.25000000 -0.12500000  0.30000000  0.0008     996
     872  0.31250000 -0.12500000  0.30000000  0.0008     997
     873  0.37500000 -0.12500000  0.30000000  0.0008     998
     874  0.43750000 -0.12500000  0.30000000  0.0008     999
     875  0.50000000 -0.12500000  0.30000000  0.0008    1000
     876  0.43750000  0.12500000 -0.30000000  0.0008    1001
     877  0.37500000  0.12500000 -0.30000000  0.0008    1002
     878  0.31250000  0.12500000 -0.30000000  0.0008    1003
     879  0.25000000  0.12500000 -0.30000000  0.0008    1004
     880  0.18750000  0.12500000 -0.30000000  0.0008    1005
     881 -0.12500000 -0.12500000  0.30000000  0.0008    1006
     882 -0.06250000 -0.12500000  0.30000000  0.0008    1007
     883  0.00000000 -0.06250000  0.30000000  0.0008    1008
     884  0.06250000 -0.06250000  0.30000000  0.0008    1009
     885  0.12500000 -0.06250000  0.30000000  0.0008    1010
     886  0.18750000 -0.06250000  0.30000000  0.0008    1011
     887  0.25000000 -0.06250000  0.30000000  0.0008    1012
     888  0.31250000 -0.06250000  0.30000000  0.0008    1013
     889  0.37500000 -0.06250000  0.30000000  0.0008    1014
     890  0.43750000 -0.06250000  0.30000000  0.0008    1015
     891  0.50000000 -0.06250000  0.30000000  0.0008    1016
     892  0.43750000  0.06250000 -0.30000000  0.0008    1017
     893  0.37500000  0.06250000 -0.30000000  0.0008    1018
     894  0.31250000  0.06250000 -0.30000000  0.0008    1019
     895  0.25000000  0.06250000 -0.30000000  0.0008    1020
     896 -0.18750000 -0.06250000  0.30000000  0.0008    1021
     897 -0.12500000 -0.06250000  0.30000000  0.0008    1022
     898 -0.06250000 -0.06250000  0.30000000  0.0008    1023
     899  0.00000000  0.00000000  0.40000000  0.0008    1024
     900  0.06250000  0.00000000  0.40000000  0.0008    1025
     901  0.12500000  0.00000000  0.40000000  0.0008    1026
     902  0.18750000  0.00000000  0.40000000  0.0008    1027
     903  0.25000000  0.00000000  0.40000000  0.0008    1028
     904  0.31250000  0.00000000  0.40000000  0.0008    1029
     905  0.37500000  0.00000000  0.40000000  0.0008    1030
     906  0.43750000  0.00000000  0.40000000  0.0008    1031
     907  0.50000000  0.00000000  0.40000000  0.0008    1032
     908  0.43750000  0.00000000 -0.40000000  0.0008    1033
     909 -0.37500000  0.00000000  0.40000000  0.0008    1034
     910 -0.31250000  0.00000000  0.40000000  0.0008    1035
     911 -0.25000000  0.00000000  0.40000000  0.0008    1036
     912 -0.18750000  0.00000000  0.40000000  0.0008    1037
     913 -0.12500000  0.00000000  0.40000000  0.0008    1038
     914 -0.06250000  0.00000000  0.40000000  0.0008    1039
     915  0.00000000  0.06250000  0.40000000  0.0008    1040
     916  0.06250000  0.06250000  0.40000000  0.0008    1041
     917  0.12500000  0.06250000  0.40000000  0.0008    1042
     918  0.18750000  0.06250000  0.40000000  0.0008    1043
     919  0.25000000  0.06250000  0.40000000  0.0008    1044
     920  0.31250000  0.06250000  0.40000000  0.0008    1045
     921  0.37500000  0.06250000  0.40000000  0.0008    1046
     922  0.43750000  0.06250000  0.40000000  0.0008    1047
     923  0.50000000  0.06250000  0.40000000  0.0008    1048
     924 -0.43750000  0.06250000  0.40000000  0.0008    1049
     925 -0.37500000  0.06250000  0.40000000  0.0008    1050
     926 -0.31250000  0.06250000  0.40000000  0.0008    1051
     927 -0.25000000  0.06250000  0.40000000  0.0008    1052
     928 -0.18750000  0.06250000  0.40000000  0.0008    1053
     929 -0.12500000  0.06250000  0.40000000  0.0008    1054
     930 -0.06250000  0.06250000  0.40000000  0.0008    1055
     931  0.00000000  0.12500000  0.40000000  0.0008    1056
     932  0.06250000  0.12500000  0.40000000  0.0008    1057
     933  0.12500000  0.12500000  0.40000000  0.0008    1058
     934  0.18750000  0.12500000  0.40000000  0.0008    1059
     935  0.25000000  0.12500000  0.40000000  0.0008    1060
     936  0.31250000  0.12500000  0.40000000  0.0008    1061
     937  0.37500000  0.12500000  0.40000000  0.0008    1062
     938  0.43750000  0.12500000  0.40000000  0.0008    1063
     939  0.50000000  0.12500000  0.40000000  0.0008    1064
     940 -0.43750000  0.12500000  0.40000000  0.0008    1065
     941 -0.37500000  0.12500000  0.40000000  0.0008    1066
     942 -0.31250000  0.12500000  0.40000000  0.0008    1067
     943 -0.25000000  0.12500000  0.40000000  0.0008    1068
     944 -0.18750000  0.12500000  0.40000000  0.0008    1069
     945 -0.12500000  0.12500000  0.40000000  0.0008    1070
     946 -0.06250000  0.12500000  0.40000000  0.0008    1071
     947  0.00000000  0.18750000  0.40000000  0.0008    1072
     948  0.06250000  0.18750000  0.40000000  0.0008    1073
     949  0.12500000  0.18750000  0.40000000  0.0008    1074
     950  0.18750000  0.18750000  0.40000000  0.0008    1075
     951  0.25000000  0.18750000  0.40000000  0.0008    1076
     952  0.31250000  0.18750000  0.40000000  0.0008    1077
     953  0.37500000  0.18750000  0.40000000  0.0008    1078
     954  0.43750000  0.18750000  0.40000000  0.0008    1079
     955  0.50000000  0.18750000  0.40000000  0.0008    1080
     956 -0.43750000  0.18750000  0.40000000  0.0008    1081
     957 -0.37500000  0.18750000  0.40000000  0.0008    1082
     958 -0.31250000  0.18750000  0.40000000  0.0008    1083
     959 -0.25000000  0.18750000  0.40000000  0.0008    1084
     960 -0.18750000  0.18750000  0.40000000  0.0008    1085
     961 -0.12500000  0.18750000  0.40000000  0.0008    1086
     962 -0.06250000  0.18750000  0.40000000  0.0008    1087
     963  0.00000000  0.25000000  0.40000000  0.0008    1088
     964  0.06250000  0.25000000  0.40000000  0.0008    1089
     965  0.12500000  0.25000000  0.40000000  0.0008    1090
     966  0.18750000  0.25000000  0.40000000  0.0008    1091
     967  0.25000000  0.25000000  0.40000000  0.0008    1092
     968  0.31250000  0.25000000  0.40000000  0.0008    1093
     969  0.37500000  0.25000000  0.40000000  0.0008    1094
     970  0.43750000  0.25000000  0.40000000  0.0008    1095
     971  0.50000000  0.25000000  0.40000000  0.0008    1096
     972 -0.43750000  0.25000000  0.40000000  0.0008    1097
     973 -0.37500000  0.25000000  0.40000000  0.0008    1098
     974 -0.31250000  0.25000000  0.40000000  0.0008    1099
     975 -0.25000000  0.25000000  0.40000000  0.0008    1100
     976 -0.18750000  0.25000000  0.40000000  0.0008    1101
     977 -0.12500000  0.25000000  0.40000000  0.0008    1102
     978 -0.06250000  0.25000000  0.40000000  0.0008    1103
     979  0.00000000  0.31250000  0.40000000  0.0008    1104
     980  0.06250000  0.31250000  0.40000000  0.0008    1105
     981  0.12500000  0.31250000  0.40000000  0.0008    1106
     982  0.18750000  0.31250000  0.40000000  0.0008    1107
     983  0.25000000  0.31250000  0.40000000  0.0008    1108
     984  0.31250000  0.31250000  0.40000000  0.0008    1109
     985  0.37500000  0.31250000  0.40000000  0.0008    1110
     986  0.43750000  0.31250000  0.40000000  0.0008    1111
     987  0.50000000  0.31250000  0.40000000  0.0008    1112
     988 -0.43750000  0.31250000  0.40000000  0.0008    1113
     989 -0.37500000  0.31250000  0.40000000  0.0008    1114
     990 -0.31250000  0.31250000  0.40000000  0.0008    1115
     991 -0.25000000  0.31250000  0.40000000  0.0008    1116
     992 -0.18750000  0.31250000  0.40000000  0.0008    1117
     993 -0.12500000  0.31250000  0.40000000  0.0008    1118
     994 -0.06250000  0.31250000  0.40000000  0.0008    1119
     995  0.00000000  0.37500000  0.40000000  0.0008    1120
     996  0.06250000  0.37500000  0.40000000  0.0008    1121
     997  0.12500000  0.37500000  0.40000000  0.0008    1122
     998  0.18750000  0.37500000  0.40000000  0.0008    1123
     999  0.25000000  0.37500000  0.40000000  0.0008    1124
    1000  0.31250000  0.37500000  0.40000000  0.0008    1125
    1001  0.37500000  0.37500000  0.40000000  0.0008    1126
    1002  0.43750000  0.37500000  0.40000000  0.0008    1127
    1003  0.50000000  0.37500000  0.40000000  0.0008    1128
    1004 -0.43750000  0.37500000  0.40000000  0.0008    1129
    1005 -0.37500000  0.37500000  0.40000000  0.0008    1130
    1006 -0.31250000  0.37500000  0.40000000  0.0008    1131
    1007 -0.25000000  0.37500000  0.40000000  0.0008    1132
    1008 -0.18750000  0.37500000  0.40000000  0.0008    1133
    1009 -0.12500000  0.37500000  0.40000000  0.0008    1134
    1010 -0.06250000  0.37500000  0.40000000  0.0008    1135
    1011  0.00000000  0.43750000  0.40000000  0.0008    1136
    1012  0.06250000  0.43750000  0.40000000  0.0008    1137
    1013  0.12500000  0.43750000  0.40000000  0.0008    1138
    1014  0.18750000  0.43750000  0.40000000  0.0008    1139
    1015  0.25000000  0.43750000  0.40000000  0.0008    1140
    1016  0.31250000  0.43750000  0.40000000  0.0008    1141
    1017  0.37500000  0.43750000  0.40000000  0.0008    1142
    1018  0.43750000  0.43750000  0.40000000  0.0008    1143
    1019  0.50000000  0.43750000  0.40000000  0.0008    1144
    1020 -0.43750000  0.43750000  0.40000000  0.0008    1145
    1021 -0.37500000  0.43750000  0.40000000  0.0008    1146
    1022 -0.31250000  0.43750000  0.40000000  0.0008    1147
    1023 -0.25000000  0.43750000  0.40000000  0.0008    1148
    1024 -0.18750000  0.43750000  0.40000000  0.0008    1149
    1025 -0.12500000  0.43750000  0.40000000  0.0008    1150
    1026 -0.06250000  0.43750000  0.40000000  0.0008    1151
    1027  0.00000000  0.50000000  0.40000000  0.0008    1152
    1028  0.06250000  0.50000000  0.40000000  0.0008    1153
    1029  0.12500000  0.50000000  0.40000000  0.0008    1154
    1030  0.18750000  0.50000000  0.40000000  0.0008    1155
    1031  0.25000000  0.50000000  0.40000000  0.0008    1156
    1032  0.31250000  0.50000000  0.40000000  0.0008    1157
    1033  0.37500000  0.50000000  0.40000000  0.0008    1158
    1034  0.43750000  0.50000000  0.40000000  0.0008    1159
    1035  0.50000000  0.50000000  0.40000000  0.0008    1160
    1036  0.43750000  0.50000000 -0.40000000  0.0008    1161
    1037 -0.37500000  0.50000000  0.40000000  0.0008    1162
    1038 -0.31250000  0.50000000  0.40000000  0.0008    1163
    1039 -0.25000000  0.50000000  0.40000000  0.0008    1164
    1040 -0.18750000  0.50000000  0.40000000  0.0008    1165
    1041 -0.12500000  0.50000000  0.40000000  0.0008    1166
    1042 -0.06250000  0.50000000  0.40000000  0.0008    1167
    1043  0.00000000  0.43750000 -0.40000000  0.0008    1168
    1044  0.06250000 -0.43750000  0.40000000  0.0008    1169
    1045  0.12500000 -0.43750000  0.40000000  0.0008    1170
    1046  0.18750000 -0.43750000  0.40000000  0.0008    1171
    1047  0.25000000 -0.43750000  0.40000000  0.0008    1172
    1048  0.31250000 -0.43750000  0.40000000  0.0008    1173
    1049  0.37500000 -0.43750000  0.40000000  0.0008    1174
    1050  0.43750000 -0.43750000  0.40000000  0.0008    1175
    1051  0.50000000  0.43750000 -0.40000000  0.0008    1176
    1052  0.43750000  0.43750000 -0.40000000  0.0008    1177
    1053  0.37500000  0.43750000 -0.40000000  0.0008    1178
    1054  0.31250000  0.43750000 -0.40000000  0.0008    1179
    1055  0.25000000  0.43750000 -0.40000000  0.0008    1180
    1056  0.18750000  0.43750000 -0.40000000  0.0008    1181
    1057  0.12500000  0.43750000 -0.40000000  0.0008    1182
    1058  0.06250000  0.43750000 -0.40000000  0.0008    1183
    1059  0.00000000 -0.37500000  0.40000000  0.0008    1184
    1060  0.06250000 -0.37500000  0.40000000  0.0008    1185
    1061  0.12500000 -0.37500000  0.40000000  0.0008    1186
    1062  0.18750000 -0.37500000  0.40000000  0.0008    1187
    1063  0.25000000 -0.37500000  0.40000000  0.0008    1188
    1064  0.31250000 -0.37500000  0.40000000  0.0008    1189
    1065  0.37500000 -0.37500000  0.40000000  0.0008    1190
    1066  0.43750000 -0.37500000  0.40000000  0.0008    1191
    1067  0.50000000 -0.37500000  0.40000000  0.0008    1192
    1068  0.43750000  0.37500000 -0.40000000  0.0008    1193
    1069  0.37500000  0.37500000 -0.40000000  0.0008    1194
    1070  0.31250000  0.37500000 -0.40000000  0.0008    1195
    1071  0.25000000  0.37500000 -0.40000000  0.0008    1196
    1072  0.18750000  0.37500000 -0.40000000  0.0008    1197
    1073  0.12500000  0.37500000 -0.40000000  0.0008    1198
    1074  0.06250000  0.37500000 -0.40000000  0.0008    1199
    1075  0.00000000 -0.31250000  0.40000000  0.0008    1200
    1076  0.06250000 -0.31250000  0.40000000  0.0008    1201
    1077  0.12500000 -0.31250000  0.40000000  0.0008    1202
    1078  0.18750000 -0.31250000  0.40000000  0.0008    1203
    1079  0.25000000 -0.31250000  0.40000000  0.0008    1204
    1080  0.31250000 -0.31250000  0.40000000  0.0008    1205
    1081  0.37500000 -0.31250000  0.40000000  0.0008    1206
    1082  0.43750000 -0.31250000  0.40000000  0.0008    1207
    1083  0.50000000 -0.31250000  0.40000000  0.0008    1208
    1084  0.43750000  0.31250000 -0.40000000  0.0008    1209
    1085  0.37500000  0.31250000 -0.40000000  0.0008    1210
    1086  0.31250000  0.31250000 -0.40000000  0.0008    1211
    1087  0.25000000  0.31250000 -0.40000000  0.0008    1212
    1088  0.18750000  0.31250000 -0.40000000  0.0008    1213
    1089  0.12500000  0.31250000 -0.40000000  0.0008    1214
    1090 -0.06250000 -0.31250000  0.40000000  0.0008    1215
    1091  0.00000000 -0.25000000  0.40000000  0.0008    1216
    1092  0.06250000 -0.25000000  0.40000000  0.0008    1217
    1093  0.12500000 -0.25000000  0.40000000  0.0008    1218
    1094  0.18750000 -0.25000000  0.40000000  0.0008    1219
    1095  0.25000000 -0.25000000  0.40000000  0.0008    1220
    1096  0.31250000 -0.25000000  0.40000000  0.0008    1221
    1097  0.37500000 -0.25000000  0.40000000  0.0008    1222
    1098  0.43750000 -0.25000000  0.40000000  0.0008    1223
    1099  0.50000000 -0.25000000  0.40000000  0.0008    1224
    1100  0.43750000  0.25000000 -0.40000000  0.0008    1225
    1101  0.37500000  0.25000000 -0.40000000  0.0008    1226
    1102  0.31250000  0.25000000 -0.40000000  0.0008    1227
    1103  0.25000000  0.25000000 -0.40000000  0.0008    1228
    1104  0.18750000  0.25000000 -0.40000000  0.0008    1229
    1105 -0.12500000 -0.25000000  0.40000000  0.0008    1230
    1106 -0.06250000 -0.25000000  0.40000000  0.0008    1231
    1107  0.00000000 -0.18750000  0.40000000  0.0008    1232
    1108  0.06250000 -0.18750000  0.40000000  0.0008    1233
    1109  0.12500000 -0.18750000  0.40000000  0.0008    1234
    1110  0.18750000 -0.18750000  0.40000000  0.0008    1235
    1111  0.25000000 -0.18750000  0.40000000  0.0008    1236
    1112  0.31250000 -0.18750000  0.40000000  0.0008    1237
    1113  0.37500000 -0.18750000  0.40000000  0.0008    1238
    1114  0.43750000 -0.18750000  0.40000000  0.0008    1239
    1115  0.50000000 -0.18750000  0.40000000  0.0008    1240
    1116  0.43750000  0.18750000 -0.40000000  0.0008    1241
    1117  0.37500000  0.18750000 -0.40000000  0.0008    1242
    1118  0.31250000  0.18750000 -0.40000000  0.0008    1243
    1119  0.25000000  0.18750000 -0.40000000  0.0008    1244
    1120 -0.18750000 -0.18750000  0.40000000  0.0008    1245
    1121 -0.12500000 -0.18750000  0.40000000  0.0008    1246
    1122 -0.06250000 -0.18750000  0.40000000  0.0008    1247
    1123  0.00000000 -0.12500000  0.40000000  0.0008    1248
    1124  0.06250000 -0.12500000  0.40000000  0.0008    1249
    1125  0.12500000 -0.12500000  0.40000000  0.0008    1250
    1126  0.18750000 -0.12500000  0.40000000  0.0008    1251
    1127  0.25000000 -0.12500000  0.40000000  0.0008    1252
    1128  0.31250000 -0.12500000  0.40000000  0.0008    1253
    1129  0.37500000 -0.12500000  0.40000000  0.0008    1254
    1130  0.43750000 -0.12500000  0.40000000  0.0008    1255
    1131  0.50000000 -0.12500000  0.40000000  0.0008    1256
    1132  0.43750000  0.12500000 -0.40000000  0.0008    1257
    1133  0.37500000  0.12500000 -0.40000000  0.0008    1258
    1134  0.31250000  0.12500000 -0.40000000  0.0008    1259
    1135 -0.25000000 -0.12500000  0.40000000  0.0008    1260
    1136 -0.18750000 -0.12500000  0.40000000  0.0008    1261
    1137 -0.12500000 -0.12500000  0.40000000  0.0008    1262
    1138 -0.06250000 -0.12500000  0.40000000  0.0008    1263
    1139  0.00000000 -0.06250000  0.40000000  0.0008    1264
    1140  0.06250000 -0.06250000  0.40000000  0.0008    1265
    1141  0.12500000 -0.06250000  0.40000000  0.0008    1266
    1142  0.18750000 -0.06250000  0.40000000  0.0008    1267
    1143  0.25000000 -0.06250000  0.40000000  0.0008    1268
    1144  0.31250000 -0.06250000  0.40000000  0.0008    1269
    1145  0.37500000 -0.06250000  0.40000000  0.0008    1270
    1146  0.43750000 -0.06250000  0.40000000  0.0008    1271
    1147  0.50000000 -0.06250000  0.40000000  0.0008    1272
    1148  0.43750000  0.06250000 -0.40000000  0.0008    1273
    1149  0.37500000  0.06250000 -0.40000000  0.0008    1274
    1150 -0.31250000 -0.06250000  0.40000000  0.0008    1275
    1151 -0.25000000 -0.06250000  0.40000000  0.0008    1276
    1152 -0.18750000 -0.06250000  0.40000000  0.0008    1277
    1153 -0.12500000 -0.06250000  0.40000000  0.0008    1278
    1154 -0.06250000 -0.06250000  0.40000000  0.0008    1279
    1155  0.00000000  0.00000000  0.50000000  0.0004    1280
    1156  0.06250000  0.00000000  0.50000000  0.0008    1281
    1157  0.12500000  0.00000000  0.50000000  0.0008    1282
    1158  0.18750000  0.00000000  0.50000000  0.0008    1283
    1159  0.25000000  0.00000000  0.50000000  0.0008    1284
    1160  0.31250000  0.00000000  0.50000000  0.0008    1285
    1161  0.37500000  0.00000000  0.50000000  0.0008    1286
    1162  0.43750000  0.00000000  0.50000000  0.0008    1287
    1163  0.50000000  0.00000000  0.50000000  0.0004    1288
    1164  0.00000000  0.06250000  0.50000000  0.0008    1296
    1165  0.06250000  0.06250000  0.50000000  0.0008    1297
    1166  0.12500000  0.06250000  0.50000000  0.0008    1298
    1167  0.18750000  0.06250000  0.50000000  0.0008    1299
    1168  0.25000000  0.06250000  0.50000000  0.0008    1300
    1169  0.31250000  0.06250000  0.50000000  0.0008    1301
    1170  0.37500000  0.06250000  0.50000000  0.0008    1302
    1171  0.43750000  0.06250000  0.50000000  0.0008    1303
    1172  0.50000000  0.06250000  0.50000000  0.0008    1304
    1173  0.43750000 -0.06250000  0.50000000  0.0008    1305
    1174  0.37500000 -0.06250000  0.50000000  0.0008    1306
    1175  0.31250000 -0.06250000  0.50000000  0.0008    1307
    1176  0.25000000 -0.06250000  0.50000000  0.0008    1308
    1177  0.18750000 -0.06250000  0.50000000  0.0008    1309
    1178  0.12500000 -0.06250000  0.50000000  0.0008    1310
    1179 -0.06250000  0.06250000  0.50000000  0.0008    1311
    1180  0.00000000  0.12500000  0.50000000  0.0008    1312
    1181  0.06250000  0.12500000  0.50000000  0.0008    1313
    1182  0.12500000  0.12500000  0.50000000  0.0008    1314
    1183  0.18750000  0.12500000  0.50000000  0.0008    1315
    1184  0.25000000  0.12500000  0.50000000  0.0008    1316
    1185  0.31250000  0.12500000  0.50000000  0.0008    1317
    1186  0.37500000  0.12500000  0.50000000  0.0008    1318
    1187  0.43750000  0.12500000  0.50000000  0.0008    1319
    1188  0.50000000  0.12500000  0.50000000  0.0008    1320
    1189  0.43750000 -0.12500000  0.50000000  0.0008    1321
    1190  0.37500000 -0.12500000  0.50000000  0.0008    1322
    1191  0.31250000 -0.12500000  0.50000000  0.0008    1323
    1192  0.25000000 -0.12500000  0.50000000  0.0008    1324
    1193  0.18750000 -0.12500000  0.50000000  0.0008    1325
    1194 -0.12500000  0.12500000  0.50000000  0.0008    1326
    1195 -0.06250000  0.12500000  0.50000000  0.0008    1327
    1196  0.00000000  0.18750000  0.50000000  0.0008    1328
    1197  0.06250000  0.18750000  0.50000000  0.0008    1329
    1198  0.12500000  0.18750000  0.50000000  0.0008    1330
    1199  0.18750000  0.18750000  0.50000000  0.0008    1331
    1200  0.25000000  0.18750000  0.50000000  0.0008    1332
    1201  0.31250000  0.18750000  0.50000000  0.0008    1333
    1202  0.37500000  0.18750000  0.50000000  0.0008    1334
    1203  0.43750000  0.18750000  0.50000000  0.0008    1335
    1204  0.50000000  0.18750000  0.50000000  0.0008    1336
    1205  0.43750000 -0.18750000  0.50000000  0.0008    1337
    1206  0.37500000 -0.18750000  0.50000000  0.0008    1338
    1207  0.31250000 -0.18750000  0.50000000  0.0008    1339
    1208  0.25000000 -0.18750000  0.50000000  0.0008    1340
    1209 -0.18750000  0.18750000  0.50000000  0.0008    1341
    1210 -0.12500000  0.18750000  0.50000000  0.0008    1342
    1211 -0.06250000  0.18750000  0.50000000  0.0008    1343
    1212  0.00000000  0.25000000  0.50000000  0.0008    1344
    1213  0.06250000  0.25000000  0.50000000  0.0008    1345
    1214  0.12500000  0.25000000  0.50000000  0.0008    1346
    1215  0.18750000  0.25000000  0.50000000  0.0008    1347
    1216  0.25000000  0.25000000  0.50000000  0.0008    1348
    1217  0.31250000  0.25000000  0.50000000  0.0008    1349
    1218  0.37500000  0.25000000  0.50000000  0.0008    1350
    1219  0.43750000  0.25000000  0.50000000  0.0008    1351
    1220  0.50000000  0.25000000  0.50000000  0.0008    1352
    1221  0.43750000 -0.25000000  0.50000000  0.0008    1353
    1222  0.37500000 -0.25000000  0.50000000  0.0008    1354
    1223  0.31250000 -0.25000000  0.50000000  0.0008    1355
    1224 -0.25000000  0.25000000  0.50000000  0.0008    1356
    1225 -0.18750000  0.25000000  0.50000000  0.0008    1357
    1226 -0.12500000  0.25000000  0.50000000  0.0008    1358
    1227 -0.06250000  0.25000000  0.50000000  0.0008    1359
    1228  0.00000000  0.31250000  0.50000000  0.0008    1360
    1229  0.06250000  0.31250000  0.50000000  0.0008    1361
    1230  0.12500000  0.31250000  0.50000000  0.0008    1362
    1231  0.18750000  0.31250000  0.50000000  0.0008    1363
    1232  0.25000000  0.31250000  0.50000000  0.0008    1364
    1233  0.31250000  0.31250000  0.50000000  0.0008    1365
    1234  0.37500000  0.31250000  0.50000000  0.0008    1366
    1235  0.43750000  0.31250000  0.50000000  0.0008    1367
    1236  0.50000000  0.31250000  0.50000000  0.0008    1368
    1237  0.43750000 -0.31250000  0.50000000  0.0008    1369
    1238  0.37500000 -0.31250000  0.50000000  0.0008    1370
    1239 -0.31250000  0.31250000  0.50000000  0.0008    1371
    1240 -0.25000000  0.31250000  0.50000000  0.0008    1372
    1241 -0.18750000  0.31250000  0.50000000  0.0008    1373
    1242 -0.12500000  0.31250000  0.50000000  0.0008    1374
    1243 -0.06250000  0.31250000  0.50000000  0.0008    1375
    1244  0.00000000  0.37500000  0.50000000  0.0008    1376
    1245  0.06250000  0.37500000  0.50000000  0.0008    1377
    1246  0.12500000  0.37500000  0.50000000  0.0008    1378
    1247  0.18750000  0.37500000  0.50000000  0.0008    1379
    1248  0.25000000  0.37500000  0.50000000  0.0008    1380
    1249  0.31250000  0.37500000  0.50000000  0.0008    1381
    1250  0.37500000  0.37500000  0.50000000  0.0008    1382
    1251  0.43750000  0.37500000  0.50000000  0.0008    1383
    1252  0.50000000  0.37500000  0.50000000  0.0008    1384
    1253  0.43750000 -0.37500000  0.50000000  0.0008    1385
    1254 -0.37500000  0.37500000  0.50000000  0.0008    1386
    1255 -0.31250000  0.37500000  0.50000000  0.0008    1387
    1256 -0.25000000  0.37500000  0.50000000  0.0008    1388
    1257 -0.18750000  0.37500000  0.50000000  0.0008    1389
    1258 -0.12500000  0.37500000  0.50000000  0.0008    1390
    1259 -0.06250000  0.37500000  0.50000000  0.0008    1391
    1260  0.00000000  0.43750000  0.50000000  0.0008    1392
    1261  0.06250000  0.43750000  0.50000000  0.0008    1393
    1262  0.12500000  0.43750000  0.50000000  0.0008    1394
    1263  0.18750000  0.43750000  0.50000000  0.0008    1395
    1264  0.25000000  0.43750000  0.50000000  0.0008    1396
    1265  0.31250000  0.43750000  0.50000000  0.0008    1397
    1266  0.37500000  0.43750000  0.50000000  0.0008    1398
    1267  0.43750000  0.43750000  0.50000000  0.0008    1399
    1268  0.50000000  0.43750000  0.50000000  0.0008    1400
    1269 -0.43750000  0.43750000  0.50000000  0.0008    1401
    1270 -0.37500000  0.43750000  0.50000000  0.0008    1402
    1271 -0.31250000  0.43750000  0.50000000  0.0008    1403
    1272 -0.25000000  0.43750000  0.50000000  0.0008    1404
    1273 -0.18750000  0.43750000  0.50000000  0.0008    1405
    1274 -0.12500000  0.43750000  0.50000000  0.0008    1406
    1275 -0.06250000  0.43750000  0.50000000  0.0008    1407
    1276  0.00000000  0.50000000  0.50000000  0.0004    1408
    1277  0.06250000  0.50000000  0.50000000  0.0008    1409
    1278  0.12500000  0.50000000  0.50000000  0.0008    1410
    1279  0.18750000  0.50000000  0.50000000  0.0008    1411
    1280  0.25000000  0.50000000  0.50000000  0.0008    1412
    1281  0.31250000  0.50000000  0.50000000  0.0008    1413
    1282  0.37500000  0.50000000  0.50000000  0.0008    1414
    1283  0.43750000  0.50000000  0.50000000  0.0008    1415
    1284  0.50000000  0.50000000  0.50000000  0.0004    1416

                               nkstot now = 1284
 K-POINTS DIRECT COORDINATES
 KPOINTS    DIRECT_X    DIRECT_Y    DIRECT_Z  WEIGHT
       1  0.00000000  0.00000000  0.00000000  0.0004
       2  0.06250000  0.00000000  0.00000000  0.0008
       3  0.12500000  0.00000000  0.00000000  0.0008
       4  0.18750000  0.00000000  0.00000000  0.0008
       5  0.25000000  0.00000000  0.00000000  0.0008
       6  0.31250000  0.00000000  0.00000000  0.0008
       7  0.37500000  0.00000000  0.00000000  0.0008
       8  0.43750000  0.00000000  0.00000000  0.0008
       9  0.50000000  0.00000000  0.00000000  0.0004
      10  0.00000000  0.06250000  0.00000000  0.0008
      11  0.06250000  0.06250000  0.00000000  0.0008
      12  0.12500000  0.06250000  0.00000000  0.0008
      13  0.18750000  0.06250000  0.00000000  0.0008
      14  0.25000000  0.06250000  0.00000000  0.0008
      15  0.31250000  0.06250000  0.00000000  0.0008
      16  0.37500000  0.06250000  0.00000000  0.0008
      17  0.43750000  0.06250000  0.00000000  0.0008
      18  0.50000000  0.06250000  0.00000000  0.0008
      19  0.43750000 -0.06250000  0.00000000  0.0008
      20  0.37500000 -0.06250000  0.00000000  0.0008
      21  0.31250000 -0.06250000  0.00000000  0.0008
      22  0.25000000 -0.06250000  0.00000000  0.0008
      23  0.18750000 -0.06250000  0.00000000  0.0008
      24  0.12500000 -0.06250000  0.00000000  0.0008
      25 -0.06250000  0.06250000  0.00000000  0.0008
      26  0.00000000  0.12500000  0.00000000  0.0008
      27  0.06250000  0.12500000  0.00000000  0.0008
      28  0.12500000  0.12500000  0.00000000  0.0008
      29  0.18750000  0.12500000  0.00000000  0.0008
      30  0.25000000  0.12500000  0.00000000  0.0008
      31  0.31250000  0.12500000  0.00000000  0.0008
      32  0.37500000  0.12500000  0.00000000  0.0008
      33  0.43750000  0.12500000  0.00000000  0.0008
      34  0.50000000  0.12500000  0.00000000  0.0008
      35  0.43750000 -0.12500000  0.00000000  0.0008
      36  0.37500000 -0.12500000  0.00000000  0.0008
      37  0.31250000 -0.12500000  0.00000000  0.0008
      38  0.25000000 -0.12500000  0.00000000  0.0008
      39  0.18750000 -0.12500000  0.00000000  0.0008
      40 -0.12500000  0.12500000  0.00000000  0.0008
      41 -0.06250000  0.12500000  0.00000000  0.0008
      42  0.00000000  0.18750000  0.00000000  0.0008
      43  0.06250000  0.18750000  0.00000000  0.0008
      44  0.12500000  0.18750000  0.00000000  0.0008
      45  0.18750000  0.18750000  0.00000000  0.0008
      46  0.25000000  0.18750000  0.00000000  0.0008
      47  0.31250000  0.18750000  0.00000000  0.0008
      48  0.37500000  0.18750000  0.00000000  0.0008
      49  0.43750000  0.18750000  0.00000000  0.0008
      50  0.50000000  0.18750000  0.00000000  0.0008
      51  0.43750000 -0.18750000  0.00000000  0.0008
      52  0.37500000 -0.18750000  0.00000000  0.0008
      53  0.31250000 -0.18750000  0.00000000  0.0008
      54  0.25000000 -0.18750000  0.00000000  0.0008
      55 -0.18750000  0.18750000  0.00000000  0.0008
      56 -0.12500000  0.18750000  0.00000000  0.0008
      57 -0.06250000  0.18750000  0.00000000  0.0008
      58  0.00000000  0.25000000  0.00000000  0.0008
      59  0.06250000  0.25000000  0.00000000  0.0008
      60  0.12500000  0.25000000  0.00000000  0.0008
      61  0.18750000  0.25000000  0.00000000  0.0008
      62  0.25000000  0.25000000  0.00000000  0.0008
      63  0.31250000  0.25000000  0.00000000  0.0008
      64  0.37500000  0.25000000  0.00000000  0.0008
      65  0.43750000  0.25000000  0.00000000  0.0008
      66  0.50000000  0.25000000  0.00000000  0.0008
      67  0.43750000 -0.25000000  0.00000000  0.0008
      68  0.37500000 -0.25000000  0.00000000  0.0008
      69  0.31250000 -0.25000000  0.00000000  0.0008
      70 -0.25000000  0.25000000  0.00000000  0.0008
      71 -0.18750000  0.25000000  0.00000000  0.0008
      72 -0.12500000  0.25000000  0.00000000  0.0008
      73 -0.06250000  0.25000000  0.00000000  0.0008
      74  0.00000000  0.31250000  0.00000000  0.0008
      75  0.06250000  0.31250000  0.00000000  0.0008
      76  0.12500000  0.31250000  0.00000000  0.0008
      77  0.18750000  0.31250000  0.00000000  0.0008
      78  0.25000000  0.31250000  0.00000000  0.0008
      79  0.31250000  0.31250000  0.00000000  0.0008
      80  0.37500000  0.31250000  0.00000000  0.0008
      81  0.43750000  0.31250000  0.00000000  0.0008
      82  0.50000000  0.31250000  0.00000000  0.0008
      83  0.43750000 -0.31250000  0.00000000  0.0008
      84  0.37500000 -0.31250000  0.00000000  0.0008
      85 -0.31250000  0.31250000  0.00000000  0.0008
      86 -0.25000000  0.31250000  0.00000000  0.0008
      87 -0.18750000  0.31250000  0.00000000  0.0008
      88 -0.12500000  0.31250000  0.00000000  0.0008
      89 -0.06250000  0.31250000  0.00000000  0.0008
      90  0.00000000  0.37500000  0.00000000  0.0008
      91  0.06250000  0.37500000  0.00000000  0.0008
      92  0.12500000  0.37500000  0.00000000  0.0008
      93  0.18750000  0.37500000  0.00000000  0.0008
      94  0.25000000  0.37500000  0.00000000  0.0008
      95  0.31250000  0.37500000  0.00000000  0.0008
      96  0.37500000  0.37500000  0.00000000  0.0008
      97  0.43750000  0.37500000  0.00000000  0.0008
      98  0.50000000  0.37500000  0.00000000  0.0008
      99  0.43750000 -0.37500000  0.00000000  0.0008
     100 -0.37500000  0.37500000  0.00000000  0.0008
     101 -0.31250000  0.37500000  0.00000000  0.0008
     102 -0.25000000  0.37500000  0.00000000  0.0008
     103 -0.18750000  0.37500000  0.00000000  0.0008
     104 -0.12500000  0.37500000  0.00000000  0.0008
     105 -0.06250000  0.37500000  0.00000000  0.0008
     106  0.00000000  0.43750000  0.00000000  0.0008
     107  0.06250000  0.43750000  0.00000000  0.0008
     108  0.12500000  0.43750000  0.00000000  0.0008
     109  0.18750000  0.43750000  0.00000000  0.0008
     110  0.25000000  0.43750000  0.00000000  0.0008
     111  0.31250000  0.43750000  0.00000000  0.0008
     112  0.37500000  0.43750000  0.00000000  0.0008
     113  0.43750000  0.43750000  0.00000000  0.0008
     114  0.50000000  0.43750000  0.00000000  0.0008
     115 -0.43750000  0.43750000  0.00000000  0.0008
     116 -0.37500000  0.43750000  0.00000000  0.0008
     117 -0.31250000  0.43750000  0.00000000  0.0008
     118 -0.25000000  0.43750000  0.00000000  0.0008
     119 -0.18750000  0.43750000  0.00000000  0.0008
     120 -0.12500000  0.43750000  0.00000000  0.0008
     121 -0.06250000  0.43750000  0.00000000  0.0008
     122  0.00000000  0.50000000  0.00000000  0.0004
     123  0.06250000  0.50000000  0.00000000  0.0008
     124  0.12500000  0.50000000  0.00000000  0.0008
     125  0.18750000  0.50000000  0.00000000  0.0008
     126  0.25000000  0.50000000  0.00000000  0.0008
     127  0.31250000  0.50000000  0.00000000  0.0008
     128  0.37500000  0.50000000  0.00000000  0.0008
     129  0.43750000  0.50000000  0.00000000  0.0008
     130  0.50000000  0.50000000  0.00000000  0.0004
     131  0.00000000  0.00000000  0.10000000  0.0008
     132  0.06250000  0.00000000  0.10000000  0.0008
     133  0.12500000  0.00000000  0.10000000  0.0008
     134  0.18750000  0.00000000  0.10000000  0.0008
     135  0.25000000  0.00000000  0.10000000  0.0008
     136  0.31250000  0.00000000  0.10000000  0.0008
     137  0.37500000  0.00000000  0.10000000  0.0008
     138  0.43750000  0.00000000  0.10000000  0.0008
     139  0.50000000  0.00000000  0.10000000  0.0008
     140  0.43750000  0.00000000 -0.10000000  0.0008
     141  0.37500000  0.00000000 -0.10000000  0.0008
     142  0.31250000  0.00000000 -0.10000000  0.0008
     143  0.25000000  0.00000000 -0.10000000  0.0008
     144  0.18750000  0.00000000 -0.10000000  0.0008
     145  0.12500000  0.00000000 -0.10000000  0.0008
     146 -0.06250000  0.00000000  0.10000000  0.0008
     147  0.00000000  0.06250000  0.10000000  0.0008
     148  0.06250000  0.06250000  0.10000000  0.0008
     149  0.12500000  0.06250000  0.10000000  0.0008
     150  0.18750000  0.06250000  0.10000000  0.0008
     151  0.25000000  0.06250000  0.10000000  0.0008
     152  0.31250000  0.06250000  0.10000000  0.0008
     153  0.37500000  0.06250000  0.10000000  0.0008
     154  0.43750000  0.06250000  0.10000000  0.0008
     155  0.50000000  0.06250000  0.10000000  0.0008
     156  0.43750000 -0.06250000 -0.10000000  0.0008
     157  0.37500000 -0.06250000 -0.10000000  0.0008
     158  0.31250000 -0.06250000 -0.10000000  0.0008
     159  0.25000000 -0.06250000 -0.10000000  0.0008
     160  0.18750000 -0.06250000 -0.10000000  0.0008
     161 -0.12500000  0.06250000  0.10000000  0.0008
     162 -0.06250000  0.06250000  0.10000000  0.0008
     163  0.00000000  0.12500000  0.10000000  0.0008
     164  0.06250000  0.12500000  0.10000000  0.0008
     165  0.12500000  0.12500000  0.10000000  0.0008
     166  0.18750000  0.12500000  0.10000000  0.0008
     167  0.25000000  0.12500000  0.10000000  0.0008
     168  0.31250000  0.12500000  0.10000000  0.0008
     169  0.37500000  0.12500000  0.10000000  0.0008
     170  0.43750000  0.12500000  0.10000000  0.0008
     171  0.50000000  0.12500000  0.10000000  0.0008
     172  0.43750000 -0.12500000 -0.10000000  0.0008
     173  0.37500000 -0.12500000 -0.10000000  0.0008
     174  0.31250000 -0.12500000 -0.10000000  0.0008
     175  0.25000000 -0.12500000 -0.10000000  0.0008
     176 -0.18750000  0.12500000  0.10000000  0.0008
     177 -0.12500000  0.12500000  0.10000000  0.0008
     178 -0.06250000  0.12500000  0.10000000  0.0008
     179  0.00000000  0.18750000  0.10000000  0.0008
     180  0.06250000  0.18750000  0.10000000  0.0008
     181  0.12500000  0.18750000  0.10000000  0.0008
     182  0.18750000  0.18750000  0.10000000  0.0008
     183  0.25000000  0.18750000  0.10000000  0.0008
     184  0.31250000  0.18750000  0.10000000  0.0008
     185  0.37500000  0.18750000  0.10000000  0.0008
     186  0.43750000  0.18750000  0.10000000  0.0008
     187  0.50000000  0.18750000  0.10000000  0.0008
     188  0.43750000 -0.18750000 -0.10000000  0.0008
     189  0.37500000 -0.18750000 -0.10000000  0.0008
     190  0.31250000 -0.18750000 -0.10000000  0.0008
     191 -0.25000000  0.18750000  0.10000000  0.0008
     192 -0.18750000  0.18750000  0.10000000  0.0008
     193 -0.12500000  0.18750000  0.10000000  0.0008
     194 -0.06250000  0.18750000  0.10000000  0.0008
     195  0.00000000  0.25000000  0.10000000  0.0008
     196  0.06250000  0.25000000  0.10000000  0.0008
     197  0.12500000  0.25000000  0.10000000  0.0008
     198  0.18750000  0.25000000  0.10000000  0.0008
     199  0.25000000  0.25000000  0.10000000  0.0008
     200  0.31250000  0.25000000  0.10000000  0.0008
     201  0.37500000  0.25000000  0.10000000  0.0008
     202  0.43750000  0.25000000  0.10000000  0.0008
     203  0.50000000  0.25000000  0.10000000  0.0008
     204  0.43750000 -0.25000000 -0.10000000  0.0008
     205  0.37500000 -0.25000000 -0.10000000  0.0008
     206 -0.31250000  0.25000000  0.10000000  0.0008
     207 -0.25000000  0.25000000  0.10000000  0.0008
     208 -0.18750000  0.25000000  0.10000000  0.0008
     209 -0.12500000  0.25000000  0.10000000  0.0008
     210 -0.06250000  0.25000000  0.10000000  0.0008
     211  0.00000000  0.31250000  0.10000000  0.0008
     212  0.06250000  0.31250000  0.10000000  0.0008
     213  0.12500000  0.31250000  0.10000000  0.0008
     214  0.18750000  0.31250000  0.10000000  0.0008
     215  0.25000000  0.31250000  0.10000000  0.0008
     216  0.31250000  0.31250000  0.10000000  0.0008
     217  0.37500000  0.31250000  0.10000000  0.0008
     218  0.43750000  0.31250000  0.10000000  0.0008
     219  0.50000000  0.31250000  0.10000000  0.0008
     220  0.43750000 -0.31250000 -0.10000000  0.0008
     221 -0.37500000  0.31250000  0.10000000  0.0008
     222 -0.31250000  0.31250000  0.10000000  0.0008
     223 -0.25000000  0.31250000  0.10000000  0.0008
     224 -0.18750000  0.31250000  0.10000000  0.0008
     225 -0.12500000  0.31250000  0.10000000  0.0008
     226 -0.06250000  0.31250000  0.10000000  0.0008
     227  0.00000000  0.37500000  0.10000000  0.0008
     228  0.06250000  0.37500000  0.10000000  0.0008
     229  0.12500000  0.37500000  0.10000000  0.0008
     230  0.18750000  0.37500000  0.10000000  0.0008
     231  0.25000000  0.37500000  0.10000000  0.0008
     232  0.31250000  0.37500000  0.10000000  0.0008
     233  0.37500000  0.37500000  0.10000000  0.0008
     234  0.43750000  0.37500000  0.10000000  0.0008
     235  0.50000000  0.37500000  0.10000000  0.0008
     236 -0.43750000  0.37500000  0.10000000  0.0008
     237 -0.37500000  0.37500000  0.10000000  0.0008
     238 -0.31250000  0.37500000  0.10000000  0.0008
     239 -0.25000000  0.37500000  0.10000000  0.0008
     240 -0.18750000  0.37500000  0.10000000  0.0008
     241 -0.12500000  0.37500000  0.10000000  0.0008
     242 -0.06250000  0.37500000  0.10000000  0.0008
     243  0.00000000  0.43750000  0.10000000  0.0008
     244  0.06250000  0.43750000  0.10000000  0.0008
     245  0.12500000  0.43750000  0.10000000  0.0008
     246  0.18750000  0.43750000  0.10000000  0.0008
     247  0.25000000  0.43750000  0.10000000  0.0008
     248  0.31250000  0.43750000  0.10000000  0.0008
     249  0.37500000  0.43750000  0.10000000  0.0008
     250  0.43750000  0.43750000  0.10000000  0.0008
     251  0.50000000  0.43750000  0.10000000  0.0008
     252 -0.43750000  0.43750000  0.10000000  0.0008
     253 -0.37500000  0.43750000  0.10000000  0.0008
     254 -0.31250000  0.43750000  0.10000000  0.0008
     255 -0.25000000  0.43750000  0.10000000  0.0008
     256 -0.18750000  0.43750000  0.10000000  0.0008
     257 -0.12500000  0.43750000  0.10000000  0.0008
     258 -0.06250000  0.43750000  0.10000000  0.0008
     259  0.00000000  0.50000000  0.10000000  0.0008
     260  0.06250000  0.50000000  0.10000000  0.0008
     261  0.12500000  0.50000000  0.10000000  0.0008
     262  0.18750000  0.50000000  0.10000000  0.0008
     263  0.25000000  0.50000000  0.10000000  0.0008
     264  0.31250000  0.50000000  0.10000000  0.0008
     265  0.37500000  0.50000000  0.10000000  0.0008
     266  0.43750000  0.50000000  0.10000000  0.0008
     267  0.50000000  0.50000000  0.10000000  0.0008
     268  0.43750000  0.50000000 -0.10000000  0.0008
     269  0.37500000  0.50000000 -0.10000000  0.0008
     270  0.31250000  0.50000000 -0.10000000  0.0008
     271  0.25000000  0.50000000 -0.10000000  0.0008
     272  0.18750000  0.50000000 -0.10000000  0.0008
     273  0.12500000  0.50000000 -0.10000000  0.0008
     274 -0.06250000  0.50000000  0.10000000  0.0008
     275  0.00000000  0.43750000 -0.10000000  0.0008
     276 -0.06250000  0.43750000 -0.10000000  0.0008
     277 -0.12500000  0.43750000 -0.10000000  0.0008
     278 -0.18750000  0.43750000 -0.10000000  0.0008
     279 -0.25000000  0.43750000 -0.10000000  0.0008
     280 -0.31250000  0.43750000 -0.10000000  0.0008
     281  0.37500000 -0.43750000  0.10000000  0.0008
     282  0.43750000 -0.43750000  0.10000000  0.0008
     283  0.50000000  0.43750000 -0.10000000  0.0008
     284  0.43750000  0.43750000 -0.10000000  0.0008
     285  0.37500000  0.43750000 -0.10000000  0.0008
     286  0.31250000  0.43750000 -0.10000000  0.0008
     287  0.25000000  0.43750000 -0.10000000  0.0008
     288  0.18750000  0.43750000 -0.10000000  0.0008
     289  0.12500000  0.43750000 -0.10000000  0.0008
     290  0.06250000  0.43750000 -0.10000000  0.0008
     291  0.00000000  0.37500000 -0.10000000  0.0008
     292 -0.06250000  0.37500000 -0.10000000  0.0008
     293 -0.12500000  0.37500000 -0.10000000  0.0008
     294 -0.18750000  0.37500000 -0.10000000  0.0008
     295 -0.25000000  0.37500000 -0.10000000  0.0008
     296  0.31250000 -0.37500000  0.10000000  0.0008
     297  0.37500000 -0.37500000  0.10000000  0.0008
     298  0.43750000 -0.37500000  0.10000000  0.0008
     299  0.50000000  0.37500000 -0.10000000  0.0008
     300  0.43750000  0.37500000 -0.10000000  0.0008
     301  0.37500000  0.37500000 -0.10000000  0.0008
     302  0.31250000  0.37500000 -0.10000000  0.0008
     303  0.25000000  0.37500000 -0.10000000  0.0008
     304  0.18750000  0.37500000 -0.10000000  0.0008
     305  0.12500000  0.37500000 -0.10000000  0.0008
     306  0.06250000  0.37500000 -0.10000000  0.0008
     307  0.00000000  0.31250000 -0.10000000  0.0008
     308 -0.06250000  0.31250000 -0.10000000  0.0008
     309 -0.12500000  0.31250000 -0.10000000  0.0008
     310 -0.18750000  0.31250000 -0.10000000  0.0008
     311  0.25000000 -0.31250000  0.10000000  0.0008
     312  0.31250000 -0.31250000  0.10000000  0.0008
     313  0.37500000 -0.31250000  0.10000000  0.0008
     314  0.43750000 -0.31250000  0.10000000  0.0008
     315  0.50000000  0.31250000 -0.10000000  0.0008
     316  0.43750000  0.31250000 -0.10000000  0.0008
     317  0.37500000  0.31250000 -0.10000000  0.0008
     318  0.31250000  0.31250000 -0.10000000  0.0008
     319  0.25000000  0.31250000 -0.10000000  0.0008
     320  0.18750000  0.31250000 -0.10000000  0.0008
     321  0.12500000  0.31250000 -0.10000000  0.0008
     322  0.06250000  0.31250000 -0.10000000  0.0008
     323  0.00000000  0.25000000 -0.10000000  0.0008
     324 -0.06250000  0.25000000 -0.10000000  0.0008
     325 -0.12500000  0.25000000 -0.10000000  0.0008
     326  0.18750000 -0.25000000  0.10000000  0.0008
     327  0.25000000 -0.25000000  0.10000000  0.0008
     328  0.31250000 -0.25000000  0.10000000  0.0008
     329  0.37500000 -0.25000000  0.10000000  0.0008
     330  0.43750000 -0.25000000  0.10000000  0.0008
     331  0.50000000  0.25000000 -0.10000000  0.0008
     332  0.43750000  0.25000000 -0.10000000  0.0008
     333  0.37500000  0.25000000 -0.10000000  0.0008
     334  0.31250000  0.25000000 -0.10000000  0.0008
     335  0.25000000  0.25000000 -0.10000000  0.0008
     336  0.18750000  0.25000000 -0.10000000  0.0008
     337  0.12500000  0.25000000 -0.10000000  0.0008
     338  0.06250000  0.25000000 -0.10000000  0.0008
     339  0.00000000  0.18750000 -0.10000000  0.0008
     340 -0.06250000  0.18750000 -0.10000000  0.0008
     341  0.12500000 -0.18750000  0.10000000  0.0008
     342  0.18750000 -0.18750000  0.10000000  0.0008
     343  0.25000000 -0.18750000  0.10000000  0.0008
     344  0.31250000 -0.18750000  0.10000000  0.0008
     345  0.37500000 -0.18750000  0.10000000  0.0008
     346  0.43750000 -0.18750000  0.10000000  0.0008
     347  0.50000000  0.18750000 -0.10000000  0.0008
     348  0.43750000  0.18750000 -0.10000000  0.0008
     349  0.37500000  0.18750000 -0.10000000  0.0008
     350  0.31250000  0.18750000 -0.10000000  0.0008
     351  0.25000000  0.18750000 -0.10000000  0.0008
     352  0.18750000  0.18750000 -0.10000000  0.0008
     353  0.12500000  0.18750000 -0.10000000  0.0008
     354  0.06250000  0.18750000 -0.10000000  0.0008
     355  0.00000000  0.12500000 -0.10000000  0.0008
     356  0.06250000 -0.12500000  0.10000000  0.0008
     357  0.12500000 -0.12500000  0.10000000  0.0008
     358  0.18750000 -0.12500000  0.10000000  0.0008
     359  0.25000000 -0.12500000  0.10000000  0.0008
     360  0.31250000 -0.12500000  0.10000000  0.0008
     361  0.37500000 -0.12500000  0.10000000  0.0008
     362  0.43750000 -0.12500000  0.10000000  0.0008
     363  0.50000000  0.12500000 -0.10000000  0.0008
     364  0.43750000  0.12500000 -0.10000000  0.0008
     365  0.37500000  0.12500000 -0.10000000  0.0008
     366  0.31250000  0.12500000 -0.10000000  0.0008
     367  0.25000000  0.12500000 -0.10000000  0.0008
     368  0.18750000  0.12500000 -0.10000000  0.0008
     369  0.12500000  0.12500000 -0.10000000  0.0008
     370  0.06250000  0.12500000 -0.10000000  0.0008
     371  0.00000000 -0.06250000  0.10000000  0.0008
     372  0.06250000 -0.06250000  0.10000000  0.0008
     373  0.12500000 -0.06250000  0.10000000  0.0008
     374  0.18750000 -0.06250000  0.10000000  0.0008
     375  0.25000000 -0.06250000  0.10000000  0.0008
     376  0.31250000 -0.06250000  0.10000000  0.0008
     377  0.37500000 -0.06250000  0.10000000  0.0008
     378  0.43750000 -0.06250000  0.10000000  0.0008
     379  0.50000000 -0.06250000  0.10000000  0.0008
     380  0.43750000  0.06250000 -0.10000000  0.0008
     381  0.37500000  0.06250000 -0.10000000  0.0008
     382  0.31250000  0.06250000 -0.10000000  0.0008
     383  0.25000000  0.06250000 -0.10000000  0.0008
     384  0.18750000  0.06250000 -0.10000000  0.0008
     385  0.12500000  0.06250000 -0.10000000  0.0008
     386  0.06250000  0.06250000 -0.10000000  0.0008
     387  0.00000000  0.00000000  0.20000000  0.0008
     388  0.06250000  0.00000000  0.20000000  0.0008
     389  0.12500000  0.00000000  0.20000000  0.0008
     390  0.18750000  0.00000000  0.20000000  0.0008
     391  0.25000000  0.00000000  0.20000000  0.0008
     392  0.31250000  0.00000000  0.20000000  0.0008
     393  0.37500000  0.00000000  0.20000000  0.0008
     394  0.43750000  0.00000000  0.20000000  0.0008
     395  0.50000000  0.00000000  0.20000000  0.0008
     396  0.43750000  0.00000000 -0.20000000  0.0008
     397  0.37500000  0.00000000 -0.20000000  0.0008
     398  0.31250000  0.00000000 -0.20000000  0.0008
     399  0.25000000  0.00000000 -0.20000000  0.0008
     400 -0.18750000  0.00000000  0.20000000  0.0008
     401 -0.12500000  0.00000000  0.20000000  0.0008
     402 -0.06250000  0.00000000  0.20000000  0.0008
     403  0.00000000  0.06250000  0.20000000  0.0008
     404  0.06250000  0.06250000  0.20000000  0.0008
     405  0.12500000  0.06250000  0.20000000  0.0008
     406  0.18750000  0.06250000  0.20000000  0.0008
     407  0.25000000  0.06250000  0.20000000  0.0008
     408  0.31250000  0.06250000  0.20000000  0.0008
     409  0.37500000  0.06250000  0.20000000  0.0008
     410  0.43750000  0.06250000  0.20000000  0.0008
     411  0.50000000  0.06250000  0.20000000  0.0008
     412  0.43750000 -0.06250000 -0.20000000  0.0008
     413  0.37500000 -0.06250000 -0.20000000  0.0008
     414  0.31250000 -0.06250000 -0.20000000  0.0008
     415 -0.25000000  0.06250000  0.20000000  0.0008
     416 -0.18750000  0.06250000  0.20000000  0.0008
     417 -0.12500000  0.06250000  0.20000000  0.0008
     418 -0.06250000  0.06250000  0.20000000  0.0008
     419  0.00000000  0.12500000  0.20000000  0.0008
     420  0.06250000  0.12500000  0.20000000  0.0008
     421  0.12500000  0.12500000  0.20000000  0.0008
     422  0.18750000  0.12500000  0.20000000  0.0008
     423  0.25000000  0.12500000  0.20000000  0.0008
     424  0.31250000  0.12500000  0.20000000  0.0008
     425  0.37500000  0.12500000  0.20000000  0.0008
     426  0.43750000  0.12500000  0.20000000  0.0008
     427  0.50000000  0.12500000  0.20000000  0.0008
     428  0.43750000 -0.12500000 -0.20000000  0.0008
     429  0.37500000 -0.12500000 -0.20000000  0.0008
     430 -0.31250000  0.12500000  0.20000000  0.0008
     431 -0.25000000  0.12500000  0.20000000  0.0008
     432 -0.18750000  0.12500000  0.20000000  0.0008
     433 -0.12500000  0.12500000  0.20000000  0.0008
     434 -0.06250000  0.12500000  0.20000000  0.0008
     435  0.00000000  0.18750000  0.20000000  0.0008
     436  0.06250000  0.18750000  0.20000000  0.0008
     437  0.12500000  0.18750000  0.20000000  0.0008
     438  0.18750000  0.18750000  0.20000000  0.0008
     439  0.25000000  0.18750000  0.20000000  0.0008
     440  0.31250000  0.18750000  0.20000000  0.0008
     441  0.37500000  0.18750000  0.20000000  0.0008
     442  0.43750000  0.18750000  0.20000000  0.0008
     443  0.50000000  0.18750000  0.20000000  0.0008
     444  0.43750000 -0.18750000 -0.20000000  0.0008
     445 -0.37500000  0.18750000  0.20000000  0.0008
     446 -0.31250000  0.18750000  0.20000000  0.0008
     447 -0.25000000  0.18750000  0.20000000  0.0008
     448 -0.18750000  0.18750000  0.20000000  0.0008
     449 -0.12500000  0.18750000  0.20000000  0.0008
     450 -0.06250000  0.18750000  0.20000000  0.0008
     451  0.00000000  0.25000000  0.20000000  0.0008
     452  0.06250000  0.25000000  0.20000000  0.0008
     453  0.12500000  0.25000000  0.20000000  0.0008
     454  0.18750000  0.25000000  0.20000000  0.0008
     455  0.25000000  0.25000000  0.20000000  0.0008
     456  0.31250000  0.25000000  0.20000000  0.0008
     457  0.37500000  0.25000000  0.20000000  0.0008
     458  0.43750000  0.25000000  0.20000000  0.0008
     459  0.50000000  0.25000000  0.20000000  0.0008
     460 -0.43750000  0.25000000  0.20000000  0.0008
     461 -0.37500000  0.25000000  0.20000000  0.0008
     462 -0.31250000  0.25000000  0.20000000  0.0008
     463 -0.25000000  0.25000000  0.20000000  0.0008
     464 -0.18750000  0.25000000  0.20000000  0.0008
     465 -0.12500000  0.25000000  0.20000000  0.0008
     466 -0.06250000  0.25000000  0.20000000  0.0008
     467  0.00000000  0.31250000  0.20000000  0.0008
     468  0.06250000  0.31250000  0.20000000  0.0008
     469  0.12500000  0.31250000  0.20000000  0.0008
     470  0.18750000  0.31250000  0.20000000  0.0008
     471  0.25000000  0.31250000  0.20000000  0.0008
     472  0.31250000  0.31250000  0.20000000  0.0008
     473  0.37500000  0.31250000  0.20000000  0.0008
     474  0.43750000  0.31250000  0.20000000  0.0008
     475  0.50000000  0.31250000  0.20000000  0.0008
     476 -0.43750000  0.31250000  0.20000000  0.0008
     477 -0.37500000  0.31250000  0.20000000  0.0008
     478 -0.31250000  0.31250000  0.20000000  0.0008
     479 -0.25000000  0.31250000  0.20000000  0.0008
     480 -0.18750000  0.31250000  0.20000000  0.0008
     481 -0.12500000  0.31250000  0.20000000  0.0008
     482 -0.06250000  0.31250000  0.20000000  0.0008
     483  0.00000000  0.37500000  0.20000000  0.0008
     484  0.06250000  0.37500000  0.20000000  0.0008
     485  0.12500000  0.37500000  0.20000000  0.0008
     486  0.18750000  0.37500000  0.20000000  0.0008
     487  0.25000000  0.37500000  0.20000000  0.0008
     488  0.31250000  0.37500000  0.20000000  0.0008
     489  0.37500000  0.37500000  0.20000000  0.0008
     490  0.43750000  0.37500000  0.20000000  0.0008
     491  0.50000000  0.37500000  0.20000000  0.0008
     492 -0.43750000  0.37500000  0.20000000  0.0008
     493 -0.37500000  0.37500000  0.20000000  0.0008
     494 -0.31250000  0.37500000  0.20000000  0.0008
     495 -0.25000000  0.37500000  0.20000000  0.0008
     496 -0.18750000  0.37500000  0.20000000  0.0008
     497 -0.12500000  0.37500000  0.20000000  0.0008
     498 -0.06250000  0.37500000  0.20000000  0.0008
     499  0.00000000  0.43750000  0.20000000  0.0008
     500  0.06250000  0.43750000  0.20000000  0.0008
     501  0.12500000  0.43750000  0.20000000  0.0008
     502  0.18750000  0.43750000  0.20000000  0.0008
     503  0.25000000  0.43750000  0.20000000  0.0008
     504  0.31250000  0.43750000  0.20000000  0.0008
     505  0.37500000  0.43750000  0.20000000  0.0008
     506  0.43750000  0.43750000  0.20000000  0.0008
     507  0.50000000  0.43750000  0.20000000  0.0008
     508 -0.43750000  0.43750000  0.20000000  0.0008
     509 -0.37500000  0.43750000  0.20000000  0.0008
     510 -0.31250000  0.43750000  0.20000000  0.0008
     511 -0.25000000  0.43750000  0.20000000  0.0008
     512 -0.18750000  0.43750000  0.20000000  0.0008
     513 -0.12500000  0.43750000  0.20000000  0.0008
     514 -0.06250000  0.43750000  0.20000000  0.0008
     515  0.00000000  0.50000000  0.20000000  0.0008
     516  0.06250000  0.50000000  0.20000000  0.0008
     517  0.12500000  0.50000000  0.20000000  0.0008
     518  0.18750000  0.50000000  0.20000000  0.0008
     519  0.25000000  0.50000000  0.20000000  0.0008
     520  0.31250000  0.50000000  0.20000000  0.0008
     521  0.37500000  0.50000000  0.20000000  0.0008
     522  0.43750000  0.50000000  0.20000000  0.0008
     523  0.50000000  0.50000000  0.20000000  0.0008
     524  0.43750000  0.50000000 -0.20000000  0.0008
     525  0.37500000  0.50000000 -0.20000000  0.0008
     526  0.31250000  0.50000000 -0.20000000  0.0008
     527  0.25000000  0.50000000 -0.20000000  0.0008
     528 -0.18750000  0.50000000  0.20000000  0.0008
     529 -0.12500000  0.50000000  0.20000000  0.0008
     530 -0.06250000  0.50000000  0.20000000  0.0008
     531  0.00000000  0.43750000 -0.20000000  0.0008
     532 -0.06250000  0.43750000 -0.20000000  0.0008
     533 -0.12500000  0.43750000 -0.20000000  0.0008
     534 -0.18750000  0.43750000 -0.20000000  0.0008
     535  0.25000000 -0.43750000  0.20000000  0.0008
     536  0.31250000 -0.43750000  0.20000000  0.0008
     537  0.37500000 -0.43750000  0.20000000  0.0008
     538  0.43750000 -0.43750000  0.20000000  0.0008
     539  0.50000000  0.43750000 -0.20000000  0.0008
     540  0.43750000  0.43750000 -0.20000000  0.0008
     541  0.37500000  0.43750000 -0.20000000  0.0008
     542  0.31250000  0.43750000 -0.20000000  0.0008
     543  0.25000000  0.43750000 -0.20000000  0.0008
     544  0.18750000  0.43750000 -0.20000000  0.0008
     545  0.12500000  0.43750000 -0.20000000  0.0008
     546  0.06250000  0.43750000 -0.20000000  0.0008
     547  0.00000000  0.37500000 -0.20000000  0.0008
     548 -0.06250000  0.37500000 -0.20000000  0.0008
     549 -0.12500000  0.37500000 -0.20000000  0.0008
     550  0.18750000 -0.37500000  0.20000000  0.0008
     551  0.25000000 -0.37500000  0.20000000  0.0008
     552  0.31250000 -0.37500000  0.20000000  0.0008
     553  0.37500000 -0.37500000  0.20000000  0.0008
     554  0.43750000 -0.37500000  0.20000000  0.0008
     555  0.50000000  0.37500000 -0.20000000  0.0008
     556  0.43750000  0.37500000 -0.20000000  0.0008
     557  0.37500000  0.37500000 -0.20000000  0.0008
     558  0.31250000  0.37500000 -0.20000000  0.0008
     559  0.25000000  0.37500000 -0.20000000  0.0008
     560  0.18750000  0.37500000 -0.20000000  0.0008
     561  0.12500000  0.37500000 -0.20000000  0.0008
     562  0.06250000  0.37500000 -0.20000000  0.0008
     563  0.00000000  0.31250000 -0.20000000  0.0008
     564 -0.06250000  0.31250000 -0.20000000  0.0008
     565  0.12500000 -0.31250000  0.20000000  0.0008
     566  0.18750000 -0.31250000  0.20000000  0.0008
     567  0.25000000 -0.31250000  0.20000000  0.0008
     568  0.31250000 -0.31250000  0.20000000  0.0008
     569  0.37500000 -0.31250000  0.20000000  0.0008
     570  0.43750000 -0.31250000  0.20000000  0.0008
     571  0.50000000  0.31250000 -0.20000000  0.0008
     572  0.43750000  0.31250000 -0.20000000  0.0008
     573  0.37500000  0.31250000 -0.20000000  0.0008
     574  0.31250000  0.31250000 -0.20000000  0.0008
     575  0.25000000  0.31250000 -0.20000000  0.0008
     576  0.18750000  0.31250000 -0.20000000  0.0008
     577  0.12500000  0.31250000 -0.20000000  0.0008
     578  0.06250000  0.31250000 -0.20000000  0.0008
     579  0.00000000  0.25000000 -0.20000000  0.0008
     580  0.06250000 -0.25000000  0.20000000  0.0008
     581  0.12500000 -0.25000000  0.20000000  0.0008
     582  0.18750000 -0.25000000  0.20000000  0.0008
     583  0.25000000 -0.25000000  0.20000000  0.0008
     584  0.31250000 -0.25000000  0.20000000  0.0008
     585  0.37500000 -0.25000000  0.20000000  0.0008
     586  0.43750000 -0.25000000  0.20000000  0.0008
     587  0.50000000  0.25000000 -0.20000000  0.0008
     588  0.43750000  0.25000000 -0.20000000  0.0008
     589  0.37500000  0.25000000 -0.20000000  0.0008
     590  0.31250000  0.25000000 -0.20000000  0.0008
     591  0.25000000  0.25000000 -0.20000000  0.0008
     592  0.18750000  0.25000000 -0.20000000  0.0008
     593  0.12500000  0.25000000 -0.20000000  0.0008
     594  0.06250000  0.25000000 -0.20000000  0.0008
     595  0.00000000 -0.18750000  0.20000000  0.0008
     596  0.06250000 -0.18750000  0.20000000  0.0008
     597  0.12500000 -0.18750000  0.20000000  0.0008
     598  0.18750000 -0.18750000  0.20000000  0.0008
     599  0.25000000 -0.18750000  0.20000000  0.0008
     600  0.31250000 -0.18750000  0.20000000  0.0008
     601  0.37500000 -0.18750000  0.20000000  0.0008
     602  0.43750000 -0.18750000  0.20000000  0.0008
     603  0.50000000 -0.18750000  0.20000000  0.0008
     604  0.43750000  0.18750000 -0.20000000  0.0008
     605  0.37500000  0.18750000 -0.20000000  0.0008
     606  0.31250000  0.18750000 -0.20000000  0.0008
     607  0.25000000  0.18750000 -0.20000000  0.0008
     608  0.18750000  0.18750000 -0.20000000  0.0008
     609  0.12500000  0.18750000 -0.20000000  0.0008
     610  0.06250000  0.18750000 -0.20000000  0.0008
     611  0.00000000 -0.12500000  0.20000000  0.0008
     612  0.06250000 -0.12500000  0.20000000  0.0008
     613  0.12500000 -0.12500000  0.20000000  0.0008
     614  0.18750000 -0.12500000  0.20000000  0.0008
     615  0.25000000 -0.12500000  0.20000000  0.0008
     616  0.31250000 -0.12500000  0.20000000  0.0008
     617  0.37500000 -0.12500000  0.20000000  0.0008
     618  0.43750000 -0.12500000  0.20000000  0.0008
     619  0.50000000 -0.12500000  0.20000000  0.0008
     620  0.43750000  0.12500000 -0.20000000  0.0008
     621  0.37500000  0.12500000 -0.20000000  0.0008
     622  0.31250000  0.12500000 -0.20000000  0.0008
     623  0.25000000  0.12500000 -0.20000000  0.0008
     624  0.18750000  0.12500000 -0.20000000  0.0008
     625  0.12500000  0.12500000 -0.20000000  0.0008
     626 -0.06250000 -0.12500000  0.20000000  0.0008
     627  0.00000000 -0.06250000  0.20000000  0.0008
     628  0.06250000 -0.06250000  0.20000000  0.0008
     629  0.12500000 -0.06250000  0.20000000  0.0008
     630  0.18750000 -0.06250000  0.20000000  0.0008
     631  0.25000000 -0.06250000  0.20000000  0.0008
     632  0.31250000 -0.06250000  0.20000000  0.0008
     633  0.37500000 -0.06250000  0.20000000  0.0008
     634  0.43750000 -0.06250000  0.20000000  0.0008
     635  0.50000000 -0.06250000  0.20000000  0.0008
     636  0.43750000  0.06250000 -0.20000000  0.0008
     637  0.37500000  0.06250000 -0.20000000  0.0008
     638  0.31250000  0.06250000 -0.20000000  0.0008
     639  0.25000000  0.06250000 -0.20000000  0.0008
     640  0.18750000  0.06250000 -0.20000000  0.0008
     641 -0.12500000 -0.06250000  0.20000000  0.0008
     642 -0.06250000 -0.06250000  0.20000000  0.0008
     643  0.00000000  0.00000000  0.30000000  0.0008
     644  0.06250000  0.00000000  0.30000000  0.0008
     645  0.12500000  0.00000000  0.30000000  0.0008
     646  0.18750000  0.00000000  0.30000000  0.0008
     647  0.25000000  0.00000000  0.30000000  0.0008
     648  0.31250000  0.00000000  0.30000000  0.0008
     649  0.37500000  0.00000000  0.30000000  0.0008
     650  0.43750000  0.00000000  0.30000000  0.0008
     651  0.50000000  0.00000000  0.30000000  0.0008
     652  0.43750000  0.00000000 -0.30000000  0.0008
     653  0.37500000  0.00000000 -0.30000000  0.0008
     654  0.31250000  0.00000000 -0.30000000  0.0008
     655 -0.25000000  0.00000000  0.30000000  0.0008
     656 -0.18750000  0.00000000  0.30000000  0.0008
     657 -0.12500000  0.00000000  0.30000000  0.0008
     658 -0.06250000  0.00000000  0.30000000  0.0008
     659  0.00000000  0.06250000  0.30000000  0.0008
     660  0.06250000  0.06250000  0.30000000  0.0008
     661  0.12500000  0.06250000  0.30000000  0.0008
     662  0.18750000  0.06250000  0.30000000  0.0008
     663  0.25000000  0.06250000  0.30000000  0.0008
     664  0.31250000  0.06250000  0.30000000  0.0008
     665  0.37500000  0.06250000  0.30000000  0.0008
     666  0.43750000  0.06250000  0.30000000  0.0008
     667  0.50000000  0.06250000  0.30000000  0.0008
     668  0.43750000 -0.06250000 -0.30000000  0.0008
     669  0.37500000 -0.06250000 -0.30000000  0.0008
     670 -0.31250000  0.06250000  0.30000000  0.0008
     671 -0.25000000  0.06250000  0.30000000  0.0008
     672 -0.18750000  0.06250000  0.30000000  0.0008
     673 -0.12500000  0.06250000  0.30000000  0.0008
     674 -0.06250000  0.06250000  0.30000000  0.0008
     675  0.00000000  0.12500000  0.30000000  0.0008
     676  0.06250000  0.12500000  0.30000000  0.0008
     677  0.12500000  0.12500000  0.30000000  0.0008
     678  0.18750000  0.12500000  0.30000000  0.0008
     679  0.25000000  0.12500000  0.30000000  0.0008
     680  0.31250000  0.12500000  0.30000000  0.0008
     681  0.37500000  0.12500000  0.30000000  0.0008
     682  0.43750000  0.12500000  0.30000000  0.0008
     683  0.50000000  0.12500000  0.30000000  0.0008
     684  0.43750000 -0.12500000 -0.30000000  0.0008
     685 -0.37500000  0.12500000  0.30000000  0.0008
     686 -0.31250000  0.12500000  0.30000000  0.0008
     687 -0.25000000  0.12500000  0.30000000  0.0008
     688 -0.18750000  0.12500000  0.30000000  0.0008
     689 -0.12500000  0.12500000  0.30000000  0.0008
     690 -0.06250000  0.12500000  0.30000000  0.0008
     691  0.00000000  0.18750000  0.30000000  0.0008
     692  0.06250000  0.18750000  0.30000000  0.0008
     693  0.12500000  0.18750000  0.30000000  0.0008
     694  0.18750000  0.18750000  0.30000000  0.0008
     695  0.25000000  0.18750000  0.30000000  0.0008
     696  0.31250000  0.18750000  0.30000000  0.0008
     697  0.37500000  0.18750000  0.30000000  0.0008
     698  0.43750000  0.18750000  0.30000000  0.0008
     699  0.50000000  0.18750000  0.30000000  0.0008
     700 -0.43750000  0.18750000  0.30000000  0.0008
     701 -0.37500000  0.18750000  0.30000000  0.0008
     702 -0.31250000  0.18750000  0.30000000  0.0008
     703 -0.25000000  0.18750000  0.30000000  0.0008
     704 -0.18750000  0.18750000  0.30000000  0.0008
     705 -0.12500000  0.18750000  0.30000000  0.0008
     706 -0.06250000  0.18750000  0.30000000  0.0008
     707  0.00000000  0.25000000  0.30000000  0.0008
     708  0.06250000  0.25000000  0.30000000  0.0008
     709  0.12500000  0.25000000  0.30000000  0.0008
     710  0.18750000  0.25000000  0.30000000  0.0008
     711  0.25000000  0.25000000  0.30000000  0.0008
     712  0.31250000  0.25000000  0.30000000  0.0008
     713  0.37500000  0.25000000  0.30000000  0.0008
     714  0.43750000  0.25000000  0.30000000  0.0008
     715  0.50000000  0.25000000  0.30000000  0.0008
     716 -0.43750000  0.25000000  0.30000000  0.0008
     717 -0.37500000  0.25000000  0.30000000  0.0008
     718 -0.31250000  0.25000000  0.30000000  0.0008
     719 -0.25000000  0.25000000  0.30000000  0.0008
     720 -0.18750000  0.25000000  0.30000000  0.0008
     721 -0.12500000  0.25000000  0.30000000  0.0008
     722 -0.06250000  0.25000000  0.30000000  0.0008
     723  0.00000000  0.31250000  0.30000000  0.0008
     724  0.06250000  0.31250000  0.30000000  0.0008
     725  0.12500000  0.31250000  0.30000000  0.0008
     726  0.18750000  0.31250000  0.30000000  0.0008
     727  0.25000000  0.31250000  0.30000000  0.0008
     728  0.31250000  0.31250000  0.30000000  0.0008
     729  0.37500000  0.31250000  0.30000000  0.0008
     730  0.43750000  0.31250000  0.30000000  0.0008
     731  0.50000000  0.31250000  0.30000000  0.0008
     732 -0.43750000  0.31250000  0.30000000  0.0008
     733 -0.37500000  0.31250000  0.30000000  0.0008
     734 -0.31250000  0.31250000  0.30000000  0.0008
     735 -0.25000000  0.31250000  0.30000000  0.0008
     736 -0.18750000  0.31250000  0.30000000  0.0008
     737 -0.12500000  0.31250000  0.30000000  0.0008
     738 -0.06250000  0.31250000  0.30000000  0.0008
     739  0.00000000  0.37500000  0.30000000  0.0008
     740  0.06250000  0.37500000  0.30000000  0.0008
     741  0.12500000  0.37500000  0.30000000  0.0008
     742  0.18750000  0.37500000  0.30000000  0.0008
     743  0.25000000  0.37500000  0.30000000  0.0008
     744  0.31250000  0.37500000  0.30000000  0.0008
     745  0.37500000  0.37500000  0.30000000  0.0008
     746  0.43750000  0.37500000  0.30000000  0.0008
     747  0.50000000  0.37500000  0.30000000  0.0008
     748 -0.43750000  0.37500000  0.30000000  0.0008
     749 -0.37500000  0.37500000  0.30000000  0.0008
     750 -0.31250000  0.37500000  0.30000000  0.0008
     751 -0.25000000  0.37500000  0.30000000  0.0008
     752 -0.18750000  0.37500000  0.30000000  0.0008
     753 -0.12500000  0.37500000  0.30000000  0.0008
     754 -0.06250000  0.37500000  0.30000000  0.0008
     755  0.00000000  0.43750000  0.30000000  0.0008
     756  0.06250000  0.43750000  0.30000000  0.0008
     757  0.12500000  0.43750000  0.30000000  0.0008
     758  0.18750000  0.43750000  0.30000000  0.0008
     759  0.25000000  0.43750000  0.30000000  0.0008
     760  0.31250000  0.43750000  0.30000000  0.0008
     761  0.37500000  0.43750000  0.30000000  0.0008
     762  0.43750000  0.43750000  0.30000000  0.0008
     763  0.50000000  0.43750000  0.30000000  0.0008
     764 -0.43750000  0.43750000  0.30000000  0.0008
     765 -0.37500000  0.43750000  0.30000000  0.0008
     766 -0.31250000  0.43750000  0.30000000  0.0008
     767 -0.25000000  0.43750000  0.30000000  0.0008
     768 -0.18750000  0.43750000  0.30000000  0.0008
     769 -0.12500000  0.43750000  0.30000000  0.0008
     770 -0.06250000  0.43750000  0.30000000  0.0008
     771  0.00000000  0.50000000  0.30000000  0.0008
     772  0.06250000  0.50000000  0.30000000  0.0008
     773  0.12500000  0.50000000  0.30000000  0.0008
     774  0.18750000  0.50000000  0.30000000  0.0008
     775  0.25000000  0.50000000  0.30000000  0.0008
     776  0.31250000  0.50000000  0.30000000  0.0008
     777  0.37500000  0.50000000  0.30000000  0.0008
     778  0.43750000  0.50000000  0.30000000  0.0008
     779  0.50000000  0.50000000  0.30000000  0.0008
     780  0.43750000  0.50000000 -0.30000000  0.0008
     781  0.37500000  0.50000000 -0.30000000  0.0008
     782 -0.31250000  0.50000000  0.30000000  0.0008
     783 -0.25000000  0.50000000  0.30000000  0.0008
     784 -0.18750000  0.50000000  0.30000000  0.0008
     785 -0.12500000  0.50000000  0.30000000  0.0008
     786 -0.06250000  0.50000000  0.30000000  0.0008
     787  0.00000000  0.43750000 -0.30000000  0.0008
     788 -0.06250000  0.43750000 -0.30000000  0.0008
     789 -0.12500000  0.43750000 -0.30000000  0.0008
     790  0.18750000 -0.43750000  0.30000000  0.0008
     791  0.25000000 -0.43750000  0.30000000  0.0008
     792  0.31250000 -0.43750000  0.30000000  0.0008
     793  0.37500000 -0.43750000  0.30000000  0.0008
     794  0.43750000 -0.43750000  0.30000000  0.0008
     795  0.50000000  0.43750000 -0.30000000  0.0008
     796  0.43750000  0.43750000 -0.30000000  0.0008
     797  0.37500000  0.43750000 -0.30000000  0.0008
     798  0.31250000  0.43750000 -0.30000000  0.0008
     799  0.25000000  0.43750000 -0.30000000  0.0008
     800  0.18750000  0.43750000 -0.30000000  0.0008
     801  0.12500000  0.43750000 -0.30000000  0.0008
     802  0.06250000  0.43750000 -0.30000000  0.0008
     803  0.00000000  0.37500000 -0.30000000  0.0008
     804 -0.06250000  0.37500000 -0.30000000  0.0008
     805  0.12500000 -0.37500000  0.30000000  0.0008
     806  0.18750000 -0.37500000  0.30000000  0.0008
     807  0.25000000 -0.37500000  0.30000000  0.0008
     808  0.31250000 -0.37500000  0.30000000  0.0008
     809  0.37500000 -0.37500000  0.30000000  0.0008
     810  0.43750000 -0.37500000  0.30000000  0.0008
     811  0.50000000  0.37500000 -0.30000000  0.0008
     812  0.43750000  0.37500000 -0.30000000  0.0008
     813  0.37500000  0.37500000 -0.30000000  0.0008
     814  0.31250000  0.37500000 -0.30000000  0.0008
     815  0.25000000  0.37500000 -0.30000000  0.0008
     816  0.18750000  0.37500000 -0.30000000  0.0008
     817  0.12500000  0.37500000 -0.30000000  0.0008
     818  0.06250000  0.37500000 -0.30000000  0.0008
     819  0.00000000  0.31250000 -0.30000000  0.0008
     820  0.06250000 -0.31250000  0.30000000  0.0008
     821  0.12500000 -0.31250000  0.30000000  0.0008
     822  0.18750000 -0.31250000  0.30000000  0.0008
     823  0.25000000 -0.31250000  0.30000000  0.0008
     824  0.31250000 -0.31250000  0.30000000  0.0008
     825  0.37500000 -0.31250000  0.30000000  0.0008
     826  0.43750000 -0.31250000  0.30000000  0.0008
     827  0.50000000  0.31250000 -0.30000000  0.0008
     828  0.43750000  0.31250000 -0.30000000  0.0008
     829  0.37500000  0.31250000 -0.30000000  0.0008
     830  0.31250000  0.31250000 -0.30000000  0.0008
     831  0.25000000  0.31250000 -0.30000000  0.0008
     832  0.18750000  0.31250000 -0.30000000  0.0008
     833  0.12500000  0.31250000 -0.30000000  0.0008
     834  0.06250000  0.31250000 -0.30000000  0.0008
     835  0.00000000 -0.25000000  0.30000000  0.0008
     836  0.06250000 -0.25000000  0.30000000  0.0008
     837  0.12500000 -0.25000000  0.30000000  0.0008
     838  0.18750000 -0.25000000  0.30000000  0.0008
     839  0.25000000 -0.25000000  0.30000000  0.0008
     840  0.31250000 -0.25000000  0.30000000  0.0008
     841  0.37500000 -0.25000000  0.30000000  0.0008
     842  0.43750000 -0.25000000  0.30000000  0.0008
     843  0.50000000 -0.25000000  0.30000000  0.0008
     844  0.43750000  0.25000000 -0.30000000  0.0008
     845  0.37500000  0.25000000 -0.30000000  0.0008
     846  0.31250000  0.25000000 -0.30000000  0.0008
     847  0.25000000  0.25000000 -0.30000000  0.0008
     848  0.18750000  0.25000000 -0.30000000  0.0008
     849  0.12500000  0.25000000 -0.30000000  0.0008
     850  0.06250000  0.25000000 -0.30000000  0.0008
     851  0.00000000 -0.18750000  0.30000000  0.0008
     852  0.06250000 -0.18750000  0.30000000  0.0008
     853  0.12500000 -0.18750000  0.30000000  0.0008
     854  0.18750000 -0.18750000  0.30000000  0.0008
     855  0.25000000 -0.18750000  0.30000000  0.0008
     856  0.31250000 -0.18750000  0.30000000  0.0008
     857  0.37500000 -0.18750000  0.30000000  0.0008
     858  0.43750000 -0.18750000  0.30000000  0.0008
     859  0.50000000 -0.18750000  0.30000000  0.0008
     860  0.43750000  0.18750000 -0.30000000  0.0008
     861  0.37500000  0.18750000 -0.30000000  0.0008
     862  0.31250000  0.18750000 -0.30000000  0.0008
     863  0.25000000  0.18750000 -0.30000000  0.0008
     864  0.18750000  0.18750000 -0.30000000  0.0008
     865  0.12500000  0.18750000 -0.30000000  0.0008
     866 -0.06250000 -0.18750000  0.30000000  0.0008
     867  0.00000000 -0.12500000  0.30000000  0.0008
     868  0.06250000 -0.12500000  0.30000000  0.0008
     869  0.12500000 -0.12500000  0.30000000  0.0008
     870  0.18750000 -0.12500000  0.30000000  0.0008
     871  0.25000000 -0.12500000  0.30000000  0.0008
     872  0.31250000 -0.12500000  0.30000000  0.0008
     873  0.37500000 -0.12500000  0.30000000  0.0008
     874  0.43750000 -0.12500000  0.30000000  0.0008
     875  0.50000000 -0.12500000  0.30000000  0.0008
     876  0.43750000  0.12500000 -0.30000000  0.0008
     877  0.37500000  0.12500000 -0.30000000  0.0008
     878  0.31250000  0.12500000 -0.30000000  0.0008
     879  0.25000000  0.12500000 -0.30000000  0.0008
     880  0.18750000  0.12500000 -0.30000000  0.0008
     881 -0.12500000 -0.12500000  0.30000000  0.0008
     882 -0.06250000 -0.12500000  0.30000000  0.0008
     883  0.00000000 -0.06250000  0.30000000  0.0008
     884  0.06250000 -0.06250000  0.30000000  0.0008
     885  0.12500000 -0.06250000  0.30000000  0.0008
     886  0.18750000 -0.06250000  0.30000000  0.0008
     887  0.25000000 -0.06250000  0.30000000  0.0008
     888  0.31250000 -0.06250000  0.30000000  0.0008
     889  0.37500000 -0.06250000  0.30000000  0.0008
     890  0.43750000 -0.06250000  0.30000000  0.0008
     891  0.50000000 -0.06250000  0.30000000  0.0008
     892  0.43750000  0.06250000 -0.30000000  0.0008
     893  0.37500000  0.06250000 -0.30000000  0.0008
     894  0.31250000  0.06250000 -0.30000000  0.0008
     895  0.25000000  0.06250000 -0.30000000  0.0008
     896 -0.18750000 -0.06250000  0.30000000  0.0008
     897 -0.12500000 -0.06250000  0.30000000  0.0008
     898 -0.06250000 -0.06250000  0.30000000  0.0008
     899  0.00000000  0.00000000  0.40000000  0.0008
     900  0.06250000  0.00000000  0.40000000  0.0008
     901  0.12500000  0.00000000  0.40000000  0.0008
     902  0.18750000  0.00000000  0.40000000  0.0008
     903  0.25000000  0.00000000  0.40000000  0.0008
     904  0.31250000  0.00000000  0.40000000  0.0008
     905  0.37500000  0.00000000  0.40000000  0.0008
     906  0.43750000  0.00000000  0.40000000  0.0008
     907  0.50000000  0.00000000  0.40000000  0.0008
     908  0.43750000  0.00000000 -0.40000000  0.0008
     909 -0.37500000  0.00000000  0.40000000  0.0008
     910 -0.31250000  0.00000000  0.40000000  0.0008
     911 -0.25000000  0.00000000  0.40000000  0.0008
     912 -0.18750000  0.00000000  0.40000000  0.0008
     913 -0.12500000  0.00000000  0.40000000  0.0008
     914 -0.06250000  0.00000000  0.40000000  0.0008
     915  0.00000000  0.06250000  0.40000000  0.0008
     916  0.06250000  0.06250000  0.40000000  0.0008
     917  0.12500000  0.06250000  0.40000000  0.0008
     918  0.18750000  0.06250000  0.40000000  0.0008
     919  0.25000000  0.06250000  0.40000000  0.0008
     920  0.31250000  0.06250000  0.40000000  0.0008
     921  0.37500000  0.06250000  0.40000000  0.0008
     922  0.43750000  0.06250000  0.40000000  0.0008
     923  0.50000000  0.06250000  0.40000000  0.0008
     924 -0.43750000  0.06250000  0.40000000  0.0008
     925 -0.37500000  0.06250000  0.40000000  0.0008
     926 -0.31250000  0.06250000  0.40000000  0.0008
     927 -0.25000000  0.06250000  0.40000000  0.0008
     928 -0.18750000  0.06250000  0.40000000  0.0008
     929 -0.12500000  0.06250000  0.40000000  0.0008
     930 -0.06250000  0.06250000  0.40000000  0.0008
     931  0.00000000  0.12500000  0.40000000  0.0008
     932  0.06250000  0.12500000  0.40000000  0.0008
     933  0.12500000  0.12500000  0.40000000  0.0008
     934  0.18750000  0.12500000  0.40000000  0.0008
     935  0.25000000  0.12500000  0.40000000  0.0008
     936  0.31250000  0.12500000  0.40000000  0.0008
     937  0.37500000  0.12500000  0.40000000  0.0008
     938  0.43750000  0.12500000  0.40000000  0.0008
     939  0.50000000  0.12500000  0.40000000  0.0008
     940 -0.43750000  0.12500000  0.40000000  0.0008
     941 -0.37500000  0.12500000  0.40000000  0.0008
     942 -0.31250000  0.12500000  0.40000000  0.0008
     943 -0.25000000  0.12500000  0.40000000  0.0008
     944 -0.18750000  0.12500000  0.40000000  0.0008
     945 -0.12500000  0.12500000  0.40000000  0.0008
     946 -0.06250000  0.12500000  0.40000000  0.0008
     947  0.00000000  0.18750000  0.40000000  0.0008
     948  0.06250000  0.18750000  0.40000000  0.0008
     949  0.12500000  0.18750000  0.40000000  0.0008
     950  0.18750000  0.18750000  0.40000000  0.0008
     951  0.25000000  0.18750000  0.40000000  0.0008
     952  0.31250000  0.18750000  0.40000000  0.0008
     953  0.37500000  0.18750000  0.40000000  0.0008
     954  0.43750000  0.18750000  0.40000000  0.0008
     955  0.50000000  0.18750000  0.40000000  0.0008
     956 -0.43750000  0.18750000  0.40000000  0.0008
     957 -0.37500000  0.18750000  0.40000000  0.0008
     958 -0.31250000  0.18750000  0.40000000  0.0008
     959 -0.25000000  0.18750000  0.40000000  0.0008
     960 -0.18750000  0.18750000  0.40000000  0.0008
     961 -0.12500000  0.18750000  0.40000000  0.0008
     962 -0.06250000  0.18750000  0.40000000  0.0008
     963  0.00000000  0.25000000  0.40000000  0.0008
     964  0.06250000  0.25000000  0.40000000  0.0008
     965  0.12500000  0.25000000  0.40000000  0.0008
     966  0.18750000  0.25000000  0.40000000  0.0008
     967  0.25000000  0.25000000  0.40000000  0.0008
     968  0.31250000  0.25000000  0.40000000  0.0008
     969  0.37500000  0.25000000  0.40000000  0.0008
     970  0.43750000  0.25000000  0.40000000  0.0008
     971  0.50000000  0.25000000  0.40000000  0.0008
     972 -0.43750000  0.25000000  0.40000000  0.0008
     973 -0.37500000  0.25000000  0.40000000  0.0008
     974 -0.31250000  0.25000000  0.40000000  0.0008
     975 -0.25000000  0.25000000  0.40000000  0.0008
     976 -0.18750000  0.25000000  0.40000000  0.0008
     977 -0.12500000  0.25000000  0.40000000  0.0008
     978 -0.06250000  0.25000000  0.40000000  0.0008
     979  0.00000000  0.31250000  0.40000000  0.0008
     980  0.06250000  0.31250000  0.40000000  0.0008
     981  0.12500000  0.31250000  0.40000000  0.0008
     982  0.18750000  0.31250000  0.40000000  0.0008
     983  0.25000000  0.31250000  0.40000000  0.0008
     984  0.31250000  0.31250000  0.40000000  0.0008
     985  0.37500000  0.31250000  0.40000000  0.0008
     986  0.43750000  0.31250000  0.40000000  0.0008
     987  0.50000000  0.31250000  0.40000000  0.0008
     988 -0.43750000  0.31250000  0.40000000  0.0008
     989 -0.37500000  0.31250000  0.40000000  0.0008
     990 -0.31250000  0.31250000  0.40000000  0.0008
     991 -0.25000000  0.31250000  0.40000000  0.0008
     992 -0.18750000  0.31250000  0.40000000  0.0008
     993 -0.12500000  0.31250000  0.40000000  0.0008
     994 -0.06250000  0.31250000  0.40000000  0.0008
     995  0.00000000  0.37500000  0.40000000  0.0008
     996  0.06250000  0.37500000  0.40000000  0.0008
     997  0.12500000  0.37500000  0.40000000  0.0008
     998  0.18750000  0.37500000  0.40000000  0.0008
     999  0.25000000  0.37500000  0.40000000  0.0008
    1000  0.31250000  0.37500000  0.40000000  0.0008
    1001  0.37500000  0.37500000  0.40000000  0.0008
    1002  0.43750000  0.37500000  0.40000000  0.0008
    1003  0.50000000  0.37500000  0.40000000  0.0008
    1004 -0.43750000  0.37500000  0.40000000  0.0008
    1005 -0.37500000  0.37500000  0.40000000  0.0008
    1006 -0.31250000  0.37500000  0.40000000  0.0008
    1007 -0.25000000  0.37500000  0.40000000  0.0008
    1008 -0.18750000  0.37500000  0.40000000  0.0008
    1009 -0.12500000  0.37500000  0.40000000  0.0008
    1010 -0.06250000  0.37500000  0.40000000  0.0008
    1011  0.00000000  0.43750000  0.40000000  0.0008
    1012  0.06250000  0.43750000  0.40000000  0.0008
    1013  0.12500000  0.43750000  0.40000000  0.0008
    1014  0.18750000  0.43750000  0.40000000  0.0008
    1015  0.25000000  0.43750000  0.40000000  0.0008
    1016  0.31250000  0.43750000  0.40000000  0.0008
    1017  0.37500000  0.43750000  0.40000000  0.0008
    1018  0.43750000  0.43750000  0.40000000  0.0008
    1019  0.50000000  0.43750000  0.40000000  0.0008
    1020 -0.43750000  0.43750000  0.40000000  0.0008
    1021 -0.37500000  0.43750000  0.40000000  0.0008
    1022 -0.31250000  0.43750000  0.40000000  0.0008
    1023 -0.25000000  0.43750000  0.40000000  0.0008
    1024 -0.18750000  0.43750000  0.40000000  0.0008
    1025 -0.12500000  0.43750000  0.40000000  0.0008
    1026 -0.06250000  0.43750000  0.40000000  0.0008
    1027  0.00000000  0.50000000  0.40000000  0.0008
    1028  0.06250000  0.50000000  0.40000000  0.0008
    1029  0.12500000  0.50000000  0.40000000  0.0008
    1030  0.18750000  0.50000000  0.40000000  0.0008
    1031  0.25000000  0.50000000  0.40000000  0.0008
    1032  0.31250000  0.50000000  0.40000000  0.0008
    1033  0.37500000  0.50000000  0.40000000  0.0008
    1034  0.43750000  0.50000000  0.40000000  0.0008
    1035  0.50000000  0.50000000  0.40000000  0.0008
    1036  0.43750000  0.50000000 -0.40000000  0.0008
    1037 -0.37500000  0.50000000  0.40000000  0.0008
    1038 -0.31250000  0.50000000  0.40000000  0.0008
    1039 -0.25000000  0.50000000  0.40000000  0.0008
    1040 -0.18750000  0.50000000  0.40000000  0.0008
    1041 -0.12500000  0.50000000  0.40000000  0.0008
    1042 -0.06250000  0.50000000  0.40000000  0.0008
    1043  0.00000000  0.43750000 -0.40000000  0.0008
    1044  0.06250000 -0.43750000  0.40000000  0.0008
    1045  0.12500000 -0.43750000  0.40000000  0.0008
    1046  0.18750000 -0.43750000  0.40000000  0.0008
    1047  0.25000000 -0.43750000  0.40000000  0.0008
    1048  0.31250000 -0.43750000  0.40000000  0.0008
    1049  0.37500000 -0.43750000  0.40000000  0.0008
    1050  0.43750000 -0.43750000  0.40000000  0.0008
    1051  0.50000000  0.43750000 -0.40000000  0.0008
    1052  0.43750000  0.43750000 -0.40000000  0.0008
    1053  0.37500000  0.43750000 -0.40000000  0.0008
    1054  0.31250000  0.43750000 -0.40000000  0.0008
    1055  0.25000000  0.43750000 -0.40000000  0.0008
    1056  0.18750000  0.43750000 -0.40000000  0.0008
    1057  0.12500000  0.43750000 -0.40000000  0.0008
    1058  0.06250000  0.43750000 -0.40000000  0.0008
    1059  0.00000000 -0.37500000  0.40000000  0.0008
    1060  0.06250000 -0.37500000  0.40000000  0.0008
    1061  0.12500000 -0.37500000  0.40000000  0.0008
    1062  0.18750000 -0.37500000  0.40000000  0.0008
    1063  0.25000000 -0.37500000  0.40000000  0.0008
    1064  0.31250000 -0.37500000  0.40000000  0.0008
    1065  0.37500000 -0.37500000  0.40000000  0.0008
    1066  0.43750000 -0.37500000  0.40000000  0.0008
    1067  0.50000000 -0.37500000  0.40000000  0.0008
    1068  0.43750000  0.37500000 -0.40000000  0.0008
    1069  0.37500000  0.37500000 -0.40000000  0.0008
    1070  0.31250000  0.37500000 -0.40000000  0.0008
    1071  0.25000000  0.37500000 -0.40000000  0.0008
    1072  0.18750000  0.37500000 -0.40000000  0.0008
    1073  0.12500000  0.37500000 -0.40000000  0.0008
    1074  0.06250000  0.37500000 -0.40000000  0.0008
    1075  0.00000000 -0.31250000  0.40000000  0.0008
    1076  0.06250000 -0.31250000  0.40000000  0.0008
    1077  0.12500000 -0.31250000  0.40000000  0.0008
    1078  0.18750000 -0.31250000  0.40000000  0.0008
    1079  0.25000000 -0.31250000  0.40000000  0.0008
    1080  0.31250000 -0.31250000  0.40000000  0.0008
    1081  0.37500000 -0.31250000  0.40000000  0.0008
    1082  0.43750000 -0.31250000  0.40000000  0.0008
    1083  0.50000000 -0.31250000  0.40000000  0.0008
    1084  0.43750000  0.31250000 -0.40000000  0.0008
    1085  0.37500000  0.31250000 -0.40000000  0.0008
    1086  0.31250000  0.31250000 -0.40000000  0.0008
    1087  0.25000000  0.31250000 -0.40000000  0.0008
    1088  0.18750000  0.31250000 -0.40000000  0.0008
    1089  0.12500000  0.31250000 -0.40000000  0.0008
    1090 -0.06250000 -0.31250000  0.40000000  0.0008
    1091  0.00000000 -0.25000000  0.40000000  0.0008
    1092  0.06250000 -0.25000000  0.40000000  0.0008
    1093  0.12500000 -0.25000000  0.40000000  0.0008
    1094  0.18750000 -0.25000000  0.40000000  0.0008
    1095  0.25000000 -0.25000000  0.40000000  0.0008
    1096  0.31250000 -0.25000000  0.40000000  0.0008
    1097  0.37500000 -0.25000000  0.40000000  0.0008
    1098  0.43750000 -0.25000000  0.40000000  0.0008
    1099  0.50000000 -0.25000000  0.40000000  0.0008
    1100  0.43750000  0.25000000 -0.40000000  0.0008
    1101  0.37500000  0.25000000 -0.40000000  0.0008
    1102  0.31250000  0.25000000 -0.40000000  0.0008
    1103  0.25000000  0.25000000 -0.40000000  0.0008
    1104  0.18750000  0.25000000 -0.40000000  0.0008
    1105 -0.12500000 -0.25000000  0.40000000  0.0008
    1106 -0.06250000 -0.25000000  0.40000000  0.0008
    1107  0.00000000 -0.18750000  0.40000000  0.0008
    1108  0.06250000 -0.18750000  0.40000000  0.0008
    1109  0.12500000 -0.18750000  0.40000000  0.0008
    1110  0.18750000 -0.18750000  0.40000000  0.0008
    1111  0.25000000 -0.18750000  0.40000000  0.0008
    1112  0.31250000 -0.18750000  0.40000000  0.0008
    1113  0.37500000 -0.18750000  0.40000000  0.0008
    1114  0.43750000 -0.18750000  0.40000000  0.0008
    1115  0.50000000 -0.18750000  0.40000000  0.0008
    1116  0.43750000  0.18750000 -0.40000000  0.0008
    1117  0.37500000  0.18750000 -0.40000000  0.0008
    1118  0.31250000  0.18750000 -0.40000000  0.0008
    1119  0.25000000  0.18750000 -0.40000000  0.0008
    1120 -0.18750000 -0.18750000  0.40000000  0.0008
    1121 -0.12500000 -0.18750000  0.40000000  0.0008
    1122 -0.06250000 -0.18750000  0.40000000  0.0008
    1123  0.00000000 -0.12500000  0.40000000  0.0008
    1124  0.06250000 -0.12500000  0.40000000  0.0008
    1125  0.12500000 -0.12500000  0.40000000  0.0008
    1126  0.18750000 -0.12500000  0.40000000  0.0008
    1127  0.25000000 -0.12500000  0.40000000  0.0008
    1128  0.31250000 -0.12500000  0.40000000  0.0008
    1129  0.37500000 -0.12500000  0.40000000  0.0008
    1130  0.43750000 -0.12500000  0.40000000  0.0008
    1131  0.50000000 -0.12500000  0.40000000  0.0008
    1132  0.43750000  0.12500000 -0.40000000  0.0008
    1133  0.37500000  0.12500000 -0.40000000  0.0008
    1134  0.31250000  0.12500000 -0.40000000  0.0008
    1135 -0.25000000 -0.12500000  0.40000000  0.0008
    1136 -0.18750000 -0.12500000  0.40000000  0.0008
    1137 -0.12500000 -0.12500000  0.40000000  0.0008
    1138 -0.06250000 -0.12500000  0.40000000  0.0008
    1139  0.00000000 -0.06250000  0.40000000  0.0008
    1140  0.06250000 -0.06250000  0.40000000  0.0008
    1141  0.12500000 -0.06250000  0.40000000  0.0008
    1142  0.18750000 -0.06250000  0.40000000  0.0008
    1143  0.25000000 -0.06250000  0.40000000  0.0008
    1144  0.31250000 -0.06250000  0.40000000  0.0008
    1145  0.37500000 -0.06250000  0.40000000  0.0008
    1146  0.43750000 -0.06250000  0.40000000  0.0008
    1147  0.50000000 -0.06250000  0.40000000  0.0008
    1148  0.43750000  0.06250000 -0.40000000  0.0008
    1149  0.37500000  0.06250000 -0.40000000  0.0008
    1150 -0.31250000 -0.06250000  0.40000000  0.0008
    1151 -0.25000000 -0.06250000  0.40000000  0.0008
    1152 -0.18750000 -0.06250000  0.40000000  0.0008
    1153 -0.12500000 -0.06250000  0.40000000  0.0008
    1154 -0.06250000 -0.06250000  0.40000000  0.0008
    1155  0.00000000  0.00000000  0.50000000  0.0004
    1156  0.06250000  0.00000000  0.50000000  0.0008
    1157  0.12500000  0.00000000  0.50000000  0.0008
    1158  0.18750000  0.00000000  0.50000000  0.0008
    1159  0.25000000  0.00000000  0.50000000  0.0008
    1160  0.31250000  0.00000000  0.50000000  0.0008
    1161  0.37500000  0.00000000  0.50000000  0.0008
    1162  0.43750000  0.00000000  0.50000000  0.0008
    1163  0.50000000  0.00000000  0.50000000  0.0004
    1164  0.00000000  0.06250000  0.50000000  0.0008
    1165  0.06250000  0.06250000  0.50000000  0.0008
    1166  0.12500000  0.06250000  0.50000000  0.0008
    1167  0.18750000  0.06250000  0.50000000  0.0008
    1168  0.25000000  0.06250000  0.50000000  0.0008
    1169  0.31250000  0.06250000  0.50000000  0.0008
    1170  0.37500000  0.06250000  0.50000000  0.0008
    1171  0.43750000  0.06250000  0.50000000  0.0008
    1172  0.50000000  0.06250000  0.50000000  0.0008
    1173  0.43750000 -0.06250000  0.50000000  0.0008
    1174  0.37500000 -0.06250000  0.50000000  0.0008
    1175  0.31250000 -0.06250000  0.50000000  0.0008
    1176  0.25000000 -0.06250000  0.50000000  0.0008
    1177  0.18750000 -0.06250000  0.50000000  0.0008
    1178  0.12500000 -0.06250000  0.50000000  0.0008
    1179 -0.06250000  0.06250000  0.50000000  0.0008
    1180  0.00000000  0.12500000  0.50000000  0.0008
    1181  0.06250000  0.12500000  0.50000000  0.0008
    1182  0.12500000  0.12500000  0.50000000  0.0008
    1183  0.18750000  0.12500000  0.50000000  0.0008
    1184  0.25000000  0.12500000  0.50000000  0.0008
    1185  0.31250000  0.12500000  0.50000000  0.0008
    1186  0.37500000  0.12500000  0.50000000  0.0008
    1187  0.43750000  0.12500000  0.50000000  0.0008
    1188  0.50000000  0.12500000  0.50000000  0.0008
    1189  0.43750000 -0.12500000  0.50000000  0.0008
    1190  0.37500000 -0.12500000  0.50000000  0.0008
    1191  0.31250000 -0.12500000  0.50000000  0.0008
    1192  0.25000000 -0.12500000  0.50000000  0.0008
    1193  0.18750000 -0.12500000  0.50000000  0.0008
    1194 -0.12500000  0.12500000  0.50000000  0.0008
    1195 -0.06250000  0.12500000  0.50000000  0.0008
    1196  0.00000000  0.18750000  0.50000000  0.0008
    1197  0.06250000  0.18750000  0.50000000  0.0008
    1198  0.12500000  0.18750000  0.50000000  0.0008
    1199  0.18750000  0.18750000  0.50000000  0.0008
    1200  0.25000000  0.18750000  0.50000000  0.0008
    1201  0.31250000  0.18750000  0.50000000  0.0008
    1202  0.37500000  0.18750000  0.50000000  0.0008
    1203  0.43750000  0.18750000  0.50000000  0.0008
    1204  0.50000000  0.18750000  0.50000000  0.0008
    1205  0.43750000 -0.18750000  0.50000000  0.0008
    1206  0.37500000 -0.18750000  0.50000000  0.0008
    1207  0.31250000 -0.18750000  0.50000000  0.0008
    1208  0.25000000 -0.18750000  0.50000000  0.0008
    1209 -0.18750000  0.18750000  0.50000000  0.0008
    1210 -0.12500000  0.18750000  0.50000000  0.0008
    1211 -0.06250000  0.18750000  0.50000000  0.0008
    1212  0.00000000  0.25000000  0.50000000  0.0008
    1213  0.06250000  0.25000000  0.50000000  0.0008
    1214  0.12500000  0.25000000  0.50000000  0.0008
    1215  0.18750000  0.25000000  0.50000000  0.0008
    1216  0.25000000  0.25000000  0.50000000  0.0008
    1217  0.31250000  0.25000000  0.50000000  0.0008
    1218  0.37500000  0.25000000  0.50000000  0.0008
    1219  0.43750000  0.25000000  0.50000000  0.0008
    1220  0.50000000  0.25000000  0.50000000  0.0008
    1221  0.43750000 -0.25000000  0.50000000  0.0008
    1222  0.37500000 -0.25000000  0.50000000  0.0008
    1223  0.31250000 -0.25000000  0.50000000  0.0008
    1224 -0.25000000  0.25000000  0.50000000  0.0008
    1225 -0.18750000  0.25000000  0.50000000  0.0008
    1226 -0.12500000  0.25000000  0.50000000  0.0008
    1227 -0.06250000  0.25000000  0.50000000  0.0008
    1228  0.00000000  0.31250000  0.50000000  0.0008
    1229  0.06250000  0.31250000  0.50000000  0.0008
    1230  0.12500000  0.31250000  0.50000000  0.0008
    1231  0.18750000  0.31250000  0.50000000  0.0008
    1232  0.25000000  0.31250000  0.50000000  0.0008
    1233  0.31250000  0.31250000  0.50000000  0.0008
    1234  0.37500000  0.31250000  0.50000000  0.0008
    1235  0.43750000  0.31250000  0.50000000  0.0008
    1236  0.50000000  0.31250000  0.50000000  0.0008
    1237  0.43750000 -0.31250000  0.50000000  0.0008
    1238  0.37500000 -0.31250000  0.50000000  0.0008
    1239 -0.31250000  0.31250000  0.50000000  0.0008
    1240 -0.25000000  0.31250000  0.50000000  0.0008
    1241 -0.18750000  0.31250000  0.50000000  0.0008
    1242 -0.12500000  0.31250000  0.50000000  0.0008
    1243 -0.06250000  0.31250000  0.50000000  0.0008
    1244  0.00000000  0.37500000  0.50000000  0.0008
    1245  0.06250000  0.37500000  0.50000000  0.0008
    1246  0.12500000  0.37500000  0.50000000  0.0008
    1247  0.18750000  0.37500000  0.50000000  0.0008
    1248  0.25000000  0.37500000  0.50000000  0.0008
    1249  0.31250000  0.37500000  0.50000000  0.0008
    1250  0.37500000  0.37500000  0.50000000  0.0008
    1251  0.43750000  0.37500000  0.50000000  0.0008
    1252  0.50000000  0.37500000  0.50000000  0.0008
    1253  0.43750000 -0.37500000  0.50000000  0.0008
    1254 -0.37500000  0.37500000  0.50000000  0.0008
    1255 -0.31250000  0.37500000  0.50000000  0.0008
    1256 -0.25000000  0.37500000  0.50000000  0.0008
    1257 -0.18750000  0.37500000  0.50000000  0.0008
    1258 -0.12500000  0.37500000  0.50000000  0.0008
    1259 -0.06250000  0.37500000  0.50000000  0.0008
    1260  0.00000000  0.43750000  0.50000000  0.0008
    1261  0.06250000  0.43750000  0.50000000  0.0008
    1262  0.12500000  0.43750000  0.50000000  0.0008
    1263  0.18750000  0.43750000  0.50000000  0.0008
    1264  0.25000000  0.43750000  0.50000000  0.0008
    1265  0.31250000  0.43750000  0.50000000  0.0008
    1266  0.37500000  0.43750000  0.50000000  0.0008
    1267  0.43750000  0.43750000  0.50000000  0.0008
    1268  0.50000000  0.43750000  0.50000000  0.0008
    1269 -0.43750000  0.43750000  0.50000000  0.0008
    1270 -0.37500000  0.43750000  0.50000000  0.0008
    1271 -0.31250000  0.43750000  0.50000000  0.0008
    1272 -0.25000000  0.43750000  0.50000000  0.0008
    1273 -0.18750000  0.43750000  0.50000000  0.0008
    1274 -0.12500000  0.43750000  0.50000000  0.0008
    1275 -0.06250000  0.43750000  0.50000000  0.0008
    1276  0.00000000  0.50000000  0.50000000  0.0004
    1277  0.06250000  0.50000000  0.50000000  0.0008
    1278  0.12500000  0.50000000  0.50000000  0.0008
    1279  0.18750000  0.50000000  0.50000000  0.0008
    1280  0.25000000  0.50000000  0.50000000  0.0008
    1281  0.31250000  0.50000000  0.50000000  0.0008
    1282  0.37500000  0.50000000  0.50000000  0.0008
    1283  0.43750000  0.50000000  0.50000000  0.0008
    1284  0.50000000  0.50000000  0.50000000  0.0004


       Number of k-points in this process = 1284
       Minimum distributed k-point number = 1284

 K-POINTS CARTESIAN COORDINATES
 KPOINTS CARTESIAN_X CARTESIAN_Y CARTESIAN_Z  WEIGHT
       1  0.00000000  0.00000000  0.00000000  0.0008
       2  0.01947404  0.01124335  0.00000000  0.0016
       3  0.03894809  0.02248669  0.00000000  0.0016
       4  0.05842213  0.03373004  0.00000000  0.0016
       5  0.07789618  0.04497338  0.00000000  0.0016
       6  0.09737022  0.05621673  0.00000000  0.0016
       7  0.11684427  0.06746007  0.00000000  0.0016
       8  0.13631831  0.07870342  0.00000000  0.0016
       9  0.15579236  0.08994676  0.00000000  0.0008
      10  0.00000000  0.02248669  0.00000000  0.0016
      11  0.01947404  0.03373004  0.00000000  0.0016
      12  0.03894809  0.04497338  0.00000000  0.0016
      13  0.05842213  0.05621673  0.00000000  0.0016
      14  0.07789618  0.06746007  0.00000000  0.0016
      15  0.09737022  0.07870342  0.00000000  0.0016
      16  0.11684427  0.08994676  0.00000000  0.0016
      17  0.13631831  0.10119011  0.00000000  0.0016
      18  0.15579236  0.11243345  0.00000000  0.0016
      19  0.13631831  0.05621673  0.00000000  0.0016
      20  0.11684427  0.04497338  0.00000000  0.0016
      21  0.09737022  0.03373004  0.00000000  0.0016
      22  0.07789618  0.02248669  0.00000000  0.0016
      23  0.05842213  0.01124335  0.00000000  0.0016
      24  0.03894809  0.00000000  0.00000000  0.0016
      25 -0.01947404  0.01124335  0.00000000  0.0016
      26  0.00000000  0.04497338  0.00000000  0.0016
      27  0.01947404  0.05621673  0.00000000  0.0016
      28  0.03894809  0.06746007  0.00000000  0.0016
      29  0.05842213  0.07870342  0.00000000  0.0016
      30  0.07789618  0.08994676  0.00000000  0.0016
      31  0.09737022  0.10119011  0.00000000  0.0016
      32  0.11684427  0.11243345  0.00000000  0.0016
      33  0.13631831  0.12367680  0.00000000  0.0016
      34  0.15579236  0.13492014  0.00000000  0.0016
      35  0.13631831  0.03373004  0.00000000  0.0016
      36  0.11684427  0.02248669  0.00000000  0.0016
      37  0.09737022  0.01124335  0.00000000  0.0016
      38  0.07789618  0.00000000  0.00000000  0.0016
      39  0.05842213 -0.01124335  0.00000000  0.0016
      40 -0.03894809  0.02248669  0.00000000  0.0016
      41 -0.01947404  0.03373004  0.00000000  0.0016
      42  0.00000000  0.06746007  0.00000000  0.0016
      43  0.01947404  0.07870342  0.00000000  0.0016
      44  0.03894809  0.08994676  0.00000000  0.0016
      45  0.05842213  0.10119011  0.00000000  0.0016
      46  0.07789618  0.11243345  0.00000000  0.0016
      47  0.09737022  0.12367680  0.00000000  0.0016
      48  0.11684427  0.13492014  0.00000000  0.0016
      49  0.13631831  0.14616349  0.00000000  0.0016
      50  0.15579236  0.15740683  0.00000000  0.0016
      51  0.13631831  0.01124335  0.00000000  0.0016
      52  0.11684427  0.00000000  0.00000000  0.0016
      53  0.09737022 -0.01124335  0.00000000  0.0016
      54  0.07789618 -0.02248669  0.00000000  0.0016
      55 -0.05842213  0.03373004  0.00000000  0.0016
      56 -0.03894809  0.04497338  0.00000000  0.0016
      57 -0.01947404  0.05621673  0.00000000  0.0016
      58  0.00000000  0.08994676  0.00000000  0.0016
      59  0.01947404  0.10119011  0.00000000  0.0016
      60  0.03894809  0.11243345  0.00000000  0.0016
      61  0.05842213  0.12367680  0.00000000  0.0016
      62  0.07789618  0.13492014  0.00000000  0.0016
      63  0.09737022  0.14616349  0.00000000  0.0016
      64  0.11684427  0.15740683  0.00000000  0.0016
      65  0.13631831  0.16865018  0.00000000  0.0016
      66  0.15579236  0.17989352  0.00000000  0.0016
      67  0.13631831 -0.01124335  0.00000000  0.0016
      68  0.11684427 -0.02248669  0.00000000  0.0016
      69  0.09737022 -0.03373004  0.00000000  0.0016
      70 -0.07789618  0.04497338  0.00000000  0.0016
      71 -0.05842213  0.05621673  0.00000000  0.0016
      72 -0.03894809  0.06746007  0.00000000  0.0016
      73 -0.01947404  0.07870342  0.00000000  0.0016
      74  0.00000000  0.11243345  0.00000000  0.0016
      75  0.01947404  0.12367680  0.00000000  0.0016
      76  0.03894809  0.13492014  0.00000000  0.0016
      77  0.05842213  0.14616349  0.00000000  0.0016
      78  0.07789618  0.15740683  0.00000000  0.0016
      79  0.09737022  0.16865018  0.00000000  0.0016
      80  0.11684427  0.17989352  0.00000000  0.0016
      81  0.13631831  0.19113687  0.00000000  0.0016
      82  0.15579236  0.20238021  0.00000000  0.0016
      83  0.13631831 -0.03373004  0.00000000  0.0016
      84  0.11684427 -0.04497338  0.00000000  0.0016
      85 -0.09737022  0.05621673  0.00000000  0.0016
      86 -0.07789618  0.06746007  0.00000000  0.0016
      87 -0.05842213  0.07870342  0.00000000  0.0016
      88 -0.03894809  0.08994676  0.00000000  0.0016
      89 -0.01947404  0.10119011  0.00000000  0.0016
      90  0.00000000  0.13492014  0.00000000  0.0016
      91  0.01947404  0.14616349  0.00000000  0.0016
      92  0.03894809  0.15740683  0.00000000  0.0016
      93  0.05842213  0.16865018  0.00000000  0.0016
      94  0.07789618  0.17989352  0.00000000  0.0016
      95  0.09737022  0.19113687  0.00000000  0.0016
      96  0.11684427  0.20238021  0.00000000  0.0016
      97  0.13631831  0.21362356  0.00000000  0.0016
      98  0.15579236  0.22486690  0.00000000  0.0016
      99  0.13631831 -0.05621673  0.00000000  0.0016
     100 -0.11684427  0.06746007  0.00000000  0.0016
     101 -0.09737022  0.07870342  0.00000000  0.0016
     102 -0.07789618  0.08994676  0.00000000  0.0016
     103 -0.05842213  0.10119011  0.00000000  0.0016
     104 -0.03894809  0.11243345  0.00000000  0.0016
     105 -0.01947404  0.12367680  0.00000000  0.0016
     106  0.00000000  0.15740683  0.00000000  0.0016
     107  0.01947404  0.16865018  0.00000000  0.0016
     108  0.03894809  0.17989352  0.00000000  0.0016
     109  0.05842213  0.19113687  0.00000000  0.0016
     110  0.07789618  0.20238021  0.00000000  0.0016
     111  0.09737022  0.21362356  0.00000000  0.0016
     112  0.11684427  0.22486690  0.00000000  0.0016
     113  0.13631831  0.23611025  0.00000000  0.0016
     114  0.15579236  0.24735359  0.00000000  0.0016
     115 -0.13631831  0.07870342  0.00000000  0.0016
     116 -0.11684427  0.08994676  0.00000000  0.0016
     117 -0.09737022  0.10119011  0.00000000  0.0016
     118 -0.07789618  0.11243345  0.00000000  0.0016
     119 -0.05842213  0.12367680  0.00000000  0.0016
     120 -0.03894809  0.13492014  0.00000000  0.0016
     121 -0.01947404  0.14616349  0.00000000  0.0016
     122  0.00000000  0.17989352  0.00000000  0.0008
     123  0.01947404  0.19113687  0.00000000  0.0016
     124  0.03894809  0.20238021  0.00000000  0.0016
     125  0.05842213  0.21362356  0.00000000  0.0016
     126  0.07789618  0.22486690  0.00000000  0.0016
     127  0.09737022  0.23611025  0.00000000  0.0016
     128  0.11684427  0.24735359  0.00000000  0.0016
     129  0.13631831  0.25859694  0.00000000  0.0016
     130  0.15579236  0.26984028  0.00000000  0.0008
     131  0.00000000  0.00000000  0.01919091  0.0016
     132  0.01947404  0.01124335  0.01919091  0.0016
     133  0.03894809  0.02248669  0.01919091  0.0016
     134  0.05842213  0.03373004  0.01919091  0.0016
     135  0.07789618  0.04497338  0.01919091  0.0016
     136  0.09737022  0.05621673  0.01919091  0.0016
     137  0.11684427  0.06746007  0.01919091  0.0016
     138  0.13631831  0.07870342  0.01919091  0.0016
     139  0.15579236  0.08994676  0.01919091  0.0016
     140  0.13631831  0.07870342 -0.01919091  0.0016
     141  0.11684427  0.06746007 -0.01919091  0.0016
     142  0.09737022  0.05621673 -0.01919091  0.0016
     143  0.07789618  0.04497338 -0.01919091  0.0016
     144  0.05842213  0.03373004 -0.01919091  0.0016
     145  0.03894809  0.02248669 -0.01919091  0.0016
     146 -0.01947404 -0.01124335  0.01919091  0.0016
     147  0.00000000  0.02248669  0.01919091  0.0016
     148  0.01947404  0.03373004  0.01919091  0.0016
     149  0.03894809  0.04497338  0.01919091  0.0016
     150  0.05842213  0.05621673  0.01919091  0.0016
     151  0.07789618  0.06746007  0.01919091  0.0016
     152  0.09737022  0.07870342  0.01919091  0.0016
     153  0.11684427  0.08994676  0.01919091  0.0016
     154  0.13631831  0.10119011  0.01919091  0.0016
     155  0.15579236  0.11243345  0.01919091  0.0016
     156  0.13631831  0.05621673 -0.01919091  0.0016
     157  0.11684427  0.04497338 -0.01919091  0.0016
     158  0.09737022  0.03373004 -0.01919091  0.0016
     159  0.07789618  0.02248669 -0.01919091  0.0016
     160  0.05842213  0.01124335 -0.01919091  0.0016
     161 -0.03894809  0.00000000  0.01919091  0.0016
     162 -0.01947404  0.01124335  0.01919091  0.0016
     163  0.00000000  0.04497338  0.01919091  0.0016
     164  0.01947404  0.05621673  0.01919091  0.0016
     165  0.03894809  0.06746007  0.01919091  0.0016
     166  0.05842213  0.07870342  0.01919091  0.0016
     167  0.07789618  0.08994676  0.01919091  0.0016
     168  0.09737022  0.10119011  0.01919091  0.0016
     169  0.11684427  0.11243345  0.01919091  0.0016
     170  0.13631831  0.12367680  0.01919091  0.0016
     171  0.15579236  0.13492014  0.01919091  0.0016
     172  0.13631831  0.03373004 -0.01919091  0.0016
     173  0.11684427  0.02248669 -0.01919091  0.0016
     174  0.09737022  0.01124335 -0.01919091  0.0016
     175  0.07789618  0.00000000 -0.01919091  0.0016
     176 -0.05842213  0.01124335  0.01919091  0.0016
     177 -0.03894809  0.02248669  0.01919091  0.0016
     178 -0.01947404  0.03373004  0.01919091  0.0016
     179  0.00000000  0.06746007  0.01919091  0.0016
     180  0.01947404  0.07870342  0.01919091  0.0016
     181  0.03894809  0.08994676  0.01919091  0.0016
     182  0.05842213  0.10119011  0.01919091  0.0016
     183  0.07789618  0.11243345  0.01919091  0.0016
     184  0.09737022  0.12367680  0.01919091  0.0016
     185  0.11684427  0.13492014  0.01919091  0.0016
     186  0.13631831  0.14616349  0.01919091  0.0016
     187  0.15579236  0.15740683  0.01919091  0.0016
     188  0.13631831  0.01124335 -0.01919091  0.0016
     189  0.11684427  0.00000000 -0.01919091  0.0016
     190  0.09737022 -0.01124335 -0.01919091  0.0016
     191 -0.07789618  0.02248669  0.01919091  0.0016
     192 -0.05842213  0.03373004  0.01919091  0.0016
     193 -0.03894809  0.04497338  0.01919091  0.0016
     194 -0.01947404  0.05621673  0.01919091  0.0016
     195  0.00000000  0.08994676  0.01919091  0.0016
     196  0.01947404  0.10119011  0.01919091  0.0016
     197  0.03894809  0.11243345  0.01919091  0.0016
     198  0.05842213  0.12367680  0.01919091  0.0016
     199  0.07789618  0.13492014  0.01919091  0.0016
     200  0.09737022  0.14616349  0.01919091  0.0016
     201  0.11684427  0.15740683  0.01919091  0.0016
     202  0.13631831  0.16865018  0.01919091  0.0016
     203  0.15579236  0.17989352  0.01919091  0.0016
     204  0.13631831 -0.01124335 -0.01919091  0.0016
     205  0.11684427 -0.02248669 -0.01919091  0.0016
     206 -0.09737022  0.03373004  0.01919091  0.0016
     207 -0.07789618  0.04497338  0.01919091  0.0016
     208 -0.05842213  0.05621673  0.01919091  0.0016
     209 -0.03894809  0.06746007  0.01919091  0.0016
     210 -0.01947404  0.07870342  0.01919091  0.0016
     211  0.00000000  0.11243345  0.01919091  0.0016
     212  0.01947404  0.12367680  0.01919091  0.0016
     213  0.03894809  0.13492014  0.01919091  0.0016
     214  0.05842213  0.14616349  0.01919091  0.0016
     215  0.07789618  0.15740683  0.01919091  0.0016
     216  0.09737022  0.16865018  0.01919091  0.0016
     217  0.11684427  0.17989352  0.01919091  0.0016
     218  0.13631831  0.19113687  0.01919091  0.0016
     219  0.15579236  0.20238021  0.01919091  0.0016
     220  0.13631831 -0.03373004 -0.01919091  0.0016
     221 -0.11684427  0.04497338  0.01919091  0.0016
     222 -0.09737022  0.05621673  0.01919091  0.0016
     223 -0.07789618  0.06746007  0.01919091  0.0016
     224 -0.05842213  0.07870342  0.01919091  0.0016
     225 -0.03894809  0.08994676  0.01919091  0.0016
     226 -0.01947404  0.10119011  0.01919091  0.0016
     227  0.00000000  0.13492014  0.01919091  0.0016
     228  0.01947404  0.14616349  0.01919091  0.0016
     229  0.03894809  0.15740683  0.01919091  0.0016
     230  0.05842213  0.16865018  0.01919091  0.0016
     231  0.07789618  0.17989352  0.01919091  0.0016
     232  0.09737022  0.19113687  0.01919091  0.0016
     233  0.11684427  0.20238021  0.01919091  0.0016
     234  0.13631831  0.21362356  0.01919091  0.0016
     235  0.15579236  0.22486690  0.01919091  0.0016
     236 -0.13631831  0.05621673  0.01919091  0.0016
     237 -0.11684427  0.06746007  0.01919091  0.0016
     238 -0.09737022  0.07870342  0.01919091  0.0016
     239 -0.07789618  0.08994676  0.01919091  0.0016
     240 -0.05842213  0.10119011  0.01919091  0.0016
     241 -0.03894809  0.11243345  0.01919091  0.0016
     242 -0.01947404  0.12367680  0.01919091  0.0016
     243  0.00000000  0.15740683  0.01919091  0.0016
     244  0.01947404  0.16865018  0.01919091  0.0016
     245  0.03894809  0.17989352  0.01919091  0.0016
     246  0.05842213  0.19113687  0.01919091  0.0016
     247  0.07789618  0.20238021  0.01919091  0.0016
     248  0.09737022  0.21362356  0.01919091  0.0016
     249  0.11684427  0.22486690  0.01919091  0.0016
     250  0.13631831  0.23611025  0.01919091  0.0016
     251  0.15579236  0.24735359  0.01919091  0.0016
     252 -0.13631831  0.07870342  0.01919091  0.0016
     253 -0.11684427  0.08994676  0.01919091  0.0016
     254 -0.09737022  0.10119011  0.01919091  0.0016
     255 -0.07789618  0.11243345  0.01919091  0.0016
     256 -0.05842213  0.12367680  0.01919091  0.0016
     257 -0.03894809  0.13492014  0.01919091  0.0016
     258 -0.01947404  0.14616349  0.01919091  0.0016
     259  0.00000000  0.17989352  0.01919091  0.0016
     260  0.01947404  0.19113687  0.01919091  0.0016
     261  0.03894809  0.20238021  0.01919091  0.0016
     262  0.05842213  0.21362356  0.01919091  0.0016
     263  0.07789618  0.22486690  0.01919091  0.0016
     264  0.09737022  0.23611025  0.01919091  0.0016
     265  0.11684427  0.24735359  0.01919091  0.0016
     266  0.13631831  0.25859694  0.01919091  0.0016
     267  0.15579236  0.26984028  0.01919091  0.0016
     268  0.13631831  0.25859694 -0.01919091  0.0016
     269  0.11684427  0.24735359 -0.01919091  0.0016
     270  0.09737022  0.23611025 -0.01919091  0.0016
     271  0.07789618  0.22486690 -0.01919091  0.0016
     272  0.05842213  0.21362356 -0.01919091  0.0016
     273  0.03894809  0.20238021 -0.01919091  0.0016
     274 -0.01947404  0.16865018  0.01919091  0.0016
     275  0.00000000  0.15740683 -0.01919091  0.0016
     276 -0.01947404  0.14616349 -0.01919091  0.0016
     277 -0.03894809  0.13492014 -0.01919091  0.0016
     278 -0.05842213  0.12367680 -0.01919091  0.0016
     279 -0.07789618  0.11243345 -0.01919091  0.0016
     280 -0.09737022  0.10119011 -0.01919091  0.0016
     281  0.11684427 -0.08994676  0.01919091  0.0016
     282  0.13631831 -0.07870342  0.01919091  0.0016
     283  0.15579236  0.24735359 -0.01919091  0.0016
     284  0.13631831  0.23611025 -0.01919091  0.0016
     285  0.11684427  0.22486690 -0.01919091  0.0016
     286  0.09737022  0.21362356 -0.01919091  0.0016
     287  0.07789618  0.20238021 -0.01919091  0.0016
     288  0.05842213  0.19113687 -0.01919091  0.0016
     289  0.03894809  0.17989352 -0.01919091  0.0016
     290  0.01947404  0.16865018 -0.01919091  0.0016
     291  0.00000000  0.13492014 -0.01919091  0.0016
     292 -0.01947404  0.12367680 -0.01919091  0.0016
     293 -0.03894809  0.11243345 -0.01919091  0.0016
     294 -0.05842213  0.10119011 -0.01919091  0.0016
     295 -0.07789618  0.08994676 -0.01919091  0.0016
     296  0.09737022 -0.07870342  0.01919091  0.0016
     297  0.11684427 -0.06746007  0.01919091  0.0016
     298  0.13631831 -0.05621673  0.01919091  0.0016
     299  0.15579236  0.22486690 -0.01919091  0.0016
     300  0.13631831  0.21362356 -0.01919091  0.0016
     301  0.11684427  0.20238021 -0.01919091  0.0016
     302  0.09737022  0.19113687 -0.01919091  0.0016
     303  0.07789618  0.17989352 -0.01919091  0.0016
     304  0.05842213  0.16865018 -0.01919091  0.0016
     305  0.03894809  0.15740683 -0.01919091  0.0016
     306  0.01947404  0.14616349 -0.01919091  0.0016
     307  0.00000000  0.11243345 -0.01919091  0.0016
     308 -0.01947404  0.10119011 -0.01919091  0.0016
     309 -0.03894809  0.08994676 -0.01919091  0.0016
     310 -0.05842213  0.07870342 -0.01919091  0.0016
     311  0.07789618 -0.06746007  0.01919091  0.0016
     312  0.09737022 -0.05621673  0.01919091  0.0016
     313  0.11684427 -0.04497338  0.01919091  0.0016
     314  0.13631831 -0.03373004  0.01919091  0.0016
     315  0.15579236  0.20238021 -0.01919091  0.0016
     316  0.13631831  0.19113687 -0.01919091  0.0016
     317  0.11684427  0.17989352 -0.01919091  0.0016
     318  0.09737022  0.16865018 -0.01919091  0.0016
     319  0.07789618  0.15740683 -0.01919091  0.0016
     320  0.05842213  0.14616349 -0.01919091  0.0016
     321  0.03894809  0.13492014 -0.01919091  0.0016
     322  0.01947404  0.12367680 -0.01919091  0.0016
     323  0.00000000  0.08994676 -0.01919091  0.0016
     324 -0.01947404  0.07870342 -0.01919091  0.0016
     325 -0.03894809  0.06746007 -0.01919091  0.0016
     326  0.05842213 -0.05621673  0.01919091  0.0016
     327  0.07789618 -0.04497338  0.01919091  0.0016
     328  0.09737022 -0.03373004  0.01919091  0.0016
     329  0.11684427 -0.02248669  0.01919091  0.0016
     330  0.13631831 -0.01124335  0.01919091  0.0016
     331  0.15579236  0.17989352 -0.01919091  0.0016
     332  0.13631831  0.16865018 -0.01919091  0.0016
     333  0.11684427  0.15740683 -0.01919091  0.0016
     334  0.09737022  0.14616349 -0.01919091  0.0016
     335  0.07789618  0.13492014 -0.01919091  0.0016
     336  0.05842213  0.12367680 -0.01919091  0.0016
     337  0.03894809  0.11243345 -0.01919091  0.0016
     338  0.01947404  0.10119011 -0.01919091  0.0016
     339  0.00000000  0.06746007 -0.01919091  0.0016
     340 -0.01947404  0.05621673 -0.01919091  0.0016
     341  0.03894809 -0.04497338  0.01919091  0.0016
     342  0.05842213 -0.03373004  0.01919091  0.0016
     343  0.07789618 -0.02248669  0.01919091  0.0016
     344  0.09737022 -0.01124335  0.01919091  0.0016
     345  0.11684427  0.00000000  0.01919091  0.0016
     346  0.13631831  0.01124335  0.01919091  0.0016
     347  0.15579236  0.15740683 -0.01919091  0.0016
     348  0.13631831  0.14616349 -0.01919091  0.0016
     349  0.11684427  0.13492014 -0.01919091  0.0016
     350  0.09737022  0.12367680 -0.01919091  0.0016
     351  0.07789618  0.11243345 -0.01919091  0.0016
     352  0.05842213  0.10119011 -0.01919091  0.0016
     353  0.03894809  0.08994676 -0.01919091  0.0016
     354  0.01947404  0.07870342 -0.01919091  0.0016
     355  0.00000000  0.04497338 -0.01919091  0.0016
     356  0.01947404 -0.03373004  0.01919091  0.0016
     357  0.03894809 -0.02248669  0.01919091  0.0016
     358  0.05842213 -0.01124335  0.01919091  0.0016
     359  0.07789618  0.00000000  0.01919091  0.0016
     360  0.09737022  0.01124335  0.01919091  0.0016
     361  0.11684427  0.02248669  0.01919091  0.0016
     362  0.13631831  0.03373004  0.01919091  0.0016
     363  0.15579236  0.13492014 -0.01919091  0.0016
     364  0.13631831  0.12367680 -0.01919091  0.0016
     365  0.11684427  0.11243345 -0.01919091  0.0016
     366  0.09737022  0.10119011 -0.01919091  0.0016
     367  0.07789618  0.08994676 -0.01919091  0.0016
     368  0.05842213  0.07870342 -0.01919091  0.0016
     369  0.03894809  0.06746007 -0.01919091  0.0016
     370  0.01947404  0.05621673 -0.01919091  0.0016
     371  0.00000000 -0.02248669  0.01919091  0.0016
     372  0.01947404 -0.01124335  0.01919091  0.0016
     373  0.03894809  0.00000000  0.01919091  0.0016
     374  0.05842213  0.01124335  0.01919091  0.0016
     375  0.07789618  0.02248669  0.01919091  0.0016
     376  0.09737022  0.03373004  0.01919091  0.0016
     377  0.11684427  0.04497338  0.01919091  0.0016
     378  0.13631831  0.05621673  0.01919091  0.0016
     379  0.15579236  0.06746007  0.01919091  0.0016
     380  0.13631831  0.10119011 -0.01919091  0.0016
     381  0.11684427  0.08994676 -0.01919091  0.0016
     382  0.09737022  0.07870342 -0.01919091  0.0016
     383  0.07789618  0.06746007 -0.01919091  0.0016
     384  0.05842213  0.05621673 -0.01919091  0.0016
     385  0.03894809  0.04497338 -0.01919091  0.0016
     386  0.01947404  0.03373004 -0.01919091  0.0016
     387  0.00000000  0.00000000  0.03838182  0.0016
     388  0.01947404  0.01124335  0.03838182  0.0016
     389  0.03894809  0.02248669  0.03838182  0.0016
     390  0.05842213  0.03373004  0.03838182  0.0016
     391  0.07789618  0.04497338  0.03838182  0.0016
     392  0.09737022  0.05621673  0.03838182  0.0016
     393  0.11684427  0.06746007  0.03838182  0.0016
     394  0.13631831  0.07870342  0.03838182  0.0016
     395  0.15579236  0.08994676  0.03838182  0.0016
     396  0.13631831  0.07870342 -0.03838182  0.0016
     397  0.11684427  0.06746007 -0.03838182  0.0016
     398  0.09737022  0.05621673 -0.03838182  0.0016
     399  0.07789618  0.04497338 -0.03838182  0.0016
     400 -0.05842213 -0.03373004  0.03838182  0.0016
     401 -0.03894809 -0.02248669  0.03838182  0.0016
     402 -0.01947404 -0.01124335  0.03838182  0.0016
     403  0.00000000  0.02248669  0.03838182  0.0016
     404  0.01947404  0.03373004  0.03838182  0.0016
     405  0.03894809  0.04497338  0.03838182  0.0016
     406  0.05842213  0.05621673  0.03838182  0.0016
     407  0.07789618  0.06746007  0.03838182  0.0016
     408  0.09737022  0.07870342  0.03838182  0.0016
     409  0.11684427  0.08994676  0.03838182  0.0016
     410  0.13631831  0.10119011  0.03838182  0.0016
     411  0.15579236  0.11243345  0.03838182  0.0016
     412  0.13631831  0.05621673 -0.03838182  0.0016
     413  0.11684427  0.04497338 -0.03838182  0.0016
     414  0.09737022  0.03373004 -0.03838182  0.0016
     415 -0.07789618 -0.02248669  0.03838182  0.0016
     416 -0.05842213 -0.01124335  0.03838182  0.0016
     417 -0.03894809  0.00000000  0.03838182  0.0016
     418 -0.01947404  0.01124335  0.03838182  0.0016
     419  0.00000000  0.04497338  0.03838182  0.0016
     420  0.01947404  0.05621673  0.03838182  0.0016
     421  0.03894809  0.06746007  0.03838182  0.0016
     422  0.05842213  0.07870342  0.03838182  0.0016
     423  0.07789618  0.08994676  0.03838182  0.0016
     424  0.09737022  0.10119011  0.03838182  0.0016
     425  0.11684427  0.11243345  0.03838182  0.0016
     426  0.13631831  0.12367680  0.03838182  0.0016
     427  0.15579236  0.13492014  0.03838182  0.0016
     428  0.13631831  0.03373004 -0.03838182  0.0016
     429  0.11684427  0.02248669 -0.03838182  0.0016
     430 -0.09737022 -0.01124335  0.03838182  0.0016
     431 -0.07789618  0.00000000  0.03838182  0.0016
     432 -0.05842213  0.01124335  0.03838182  0.0016
     433 -0.03894809  0.02248669  0.03838182  0.0016
     434 -0.01947404  0.03373004  0.03838182  0.0016
     435  0.00000000  0.06746007  0.03838182  0.0016
     436  0.01947404  0.07870342  0.03838182  0.0016
     437  0.03894809  0.08994676  0.03838182  0.0016
     438  0.05842213  0.10119011  0.03838182  0.0016
     439  0.07789618  0.11243345  0.03838182  0.0016
     440  0.09737022  0.12367680  0.03838182  0.0016
     441  0.11684427  0.13492014  0.03838182  0.0016
     442  0.13631831  0.14616349  0.03838182  0.0016
     443  0.15579236  0.15740683  0.03838182  0.0016
     444  0.13631831  0.01124335 -0.03838182  0.0016
     445 -0.11684427  0.00000000  0.03838182  0.0016
     446 -0.09737022  0.01124335  0.03838182  0.0016
     447 -0.07789618  0.02248669  0.03838182  0.0016
     448 -0.05842213  0.03373004  0.03838182  0.0016
     449 -0.03894809  0.04497338  0.03838182  0.0016
     450 -0.01947404  0.05621673  0.03838182  0.0016
     451  0.00000000  0.08994676  0.03838182  0.0016
     452  0.01947404  0.10119011  0.03838182  0.0016
     453  0.03894809  0.11243345  0.03838182  0.0016
     454  0.05842213  0.12367680  0.03838182  0.0016
     455  0.07789618  0.13492014  0.03838182  0.0016
     456  0.09737022  0.14616349  0.03838182  0.0016
     457  0.11684427  0.15740683  0.03838182  0.0016
     458  0.13631831  0.16865018  0.03838182  0.0016
     459  0.15579236  0.17989352  0.03838182  0.0016
     460 -0.13631831  0.01124335  0.03838182  0.0016
     461 -0.11684427  0.02248669  0.03838182  0.0016
     462 -0.09737022  0.03373004  0.03838182  0.0016
     463 -0.07789618  0.04497338  0.03838182  0.0016
     464 -0.05842213  0.05621673  0.03838182  0.0016
     465 -0.03894809  0.06746007  0.03838182  0.0016
     466 -0.01947404  0.07870342  0.03838182  0.0016
     467  0.00000000  0.11243345  0.03838182  0.0016
     468  0.01947404  0.12367680  0.03838182  0.0016
     469  0.03894809  0.13492014  0.03838182  0.0016
     470  0.05842213  0.14616349  0.03838182  0.0016
     471  0.07789618  0.15740683  0.03838182  0.0016
     472  0.09737022  0.16865018  0.03838182  0.0016
     473  0.11684427  0.17989352  0.03838182  0.0016
     474  0.13631831  0.19113687  0.03838182  0.0016
     475  0.15579236  0.20238021  0.03838182  0.0016
     476 -0.13631831  0.03373004  0.03838182  0.0016
     477 -0.11684427  0.04497338  0.03838182  0.0016
     478 -0.09737022  0.05621673  0.03838182  0.0016
     479 -0.07789618  0.06746007  0.03838182  0.0016
     480 -0.05842213  0.07870342  0.03838182  0.0016
     481 -0.03894809  0.08994676  0.03838182  0.0016
     482 -0.01947404  0.10119011  0.03838182  0.0016
     483  0.00000000  0.13492014  0.03838182  0.0016
     484  0.01947404  0.14616349  0.03838182  0.0016
     485  0.03894809  0.15740683  0.03838182  0.0016
     486  0.05842213  0.16865018  0.03838182  0.0016
     487  0.07789618  0.17989352  0.03838182  0.0016
     488  0.09737022  0.19113687  0.03838182  0.0016
     489  0.11684427  0.20238021  0.03838182  0.0016
     490  0.13631831  0.21362356  0.03838182  0.0016
     491  0.15579236  0.22486690  0.03838182  0.0016
     492 -0.13631831  0.05621673  0.03838182  0.0016
     493 -0.11684427  0.06746007  0.03838182  0.0016
     494 -0.09737022  0.07870342  0.03838182  0.0016
     495 -0.07789618  0.08994676  0.03838182  0.0016
     496 -0.05842213  0.10119011  0.03838182  0.0016
     497 -0.03894809  0.11243345  0.03838182  0.0016
     498 -0.01947404  0.12367680  0.03838182  0.0016
     499  0.00000000  0.15740683  0.03838182  0.0016
     500  0.01947404  0.16865018  0.03838182  0.0016
     501  0.03894809  0.17989352  0.03838182  0.0016
     502  0.05842213  0.19113687  0.03838182  0.0016
     503  0.07789618  0.20238021  0.03838182  0.0016
     504  0.09737022  0.21362356  0.03838182  0.0016
     505  0.11684427  0.22486690  0.03838182  0.0016
     506  0.13631831  0.23611025  0.03838182  0.0016
     507  0.15579236  0.24735359  0.03838182  0.0016
     508 -0.13631831  0.07870342  0.03838182  0.0016
     509 -0.11684427  0.08994676  0.03838182  0.0016
     510 -0.09737022  0.10119011  0.03838182  0.0016
     511 -0.07789618  0.11243345  0.03838182  0.0016
     512 -0.05842213  0.12367680  0.03838182  0.0016
     513 -0.03894809  0.13492014  0.03838182  0.0016
     514 -0.01947404  0.14616349  0.03838182  0.0016
     515  0.00000000  0.17989352  0.03838182  0.0016
     516  0.01947404  0.19113687  0.03838182  0.0016
     517  0.03894809  0.20238021  0.03838182  0.0016
     518  0.05842213  0.21362356  0.03838182  0.0016
     519  0.07789618  0.22486690  0.03838182  0.0016
     520  0.09737022  0.23611025  0.03838182  0.0016
     521  0.11684427  0.24735359  0.03838182  0.0016
     522  0.13631831  0.25859694  0.03838182  0.0016
     523  0.15579236  0.26984028  0.03838182  0.0016
     524  0.13631831  0.25859694 -0.03838182  0.0016
     525  0.11684427  0.24735359 -0.03838182  0.0016
     526  0.09737022  0.23611025 -0.03838182  0.0016
     527  0.07789618  0.22486690 -0.03838182  0.0016
     528 -0.05842213  0.14616349  0.03838182  0.0016
     529 -0.03894809  0.15740683  0.03838182  0.0016
     530 -0.01947404  0.16865018  0.03838182  0.0016
     531  0.00000000  0.15740683 -0.03838182  0.0016
     532 -0.01947404  0.14616349 -0.03838182  0.0016
     533 -0.03894809  0.13492014 -0.03838182  0.0016
     534 -0.05842213  0.12367680 -0.03838182  0.0016
     535  0.07789618 -0.11243345  0.03838182  0.0016
     536  0.09737022 -0.10119011  0.03838182  0.0016
     537  0.11684427 -0.08994676  0.03838182  0.0016
     538  0.13631831 -0.07870342  0.03838182  0.0016
     539  0.15579236  0.24735359 -0.03838182  0.0016
     540  0.13631831  0.23611025 -0.03838182  0.0016
     541  0.11684427  0.22486690 -0.03838182  0.0016
     542  0.09737022  0.21362356 -0.03838182  0.0016
     543  0.07789618  0.20238021 -0.03838182  0.0016
     544  0.05842213  0.19113687 -0.03838182  0.0016
     545  0.03894809  0.17989352 -0.03838182  0.0016
     546  0.01947404  0.16865018 -0.03838182  0.0016
     547  0.00000000  0.13492014 -0.03838182  0.0016
     548 -0.01947404  0.12367680 -0.03838182  0.0016
     549 -0.03894809  0.11243345 -0.03838182  0.0016
     550  0.05842213 -0.10119011  0.03838182  0.0016
     551  0.07789618 -0.08994676  0.03838182  0.0016
     552  0.09737022 -0.07870342  0.03838182  0.0016
     553  0.11684427 -0.06746007  0.03838182  0.0016
     554  0.13631831 -0.05621673  0.03838182  0.0016
     555  0.15579236  0.22486690 -0.03838182  0.0016
     556  0.13631831  0.21362356 -0.03838182  0.0016
     557  0.11684427  0.20238021 -0.03838182  0.0016
     558  0.09737022  0.19113687 -0.03838182  0.0016
     559  0.07789618  0.17989352 -0.03838182  0.0016
     560  0.05842213  0.16865018 -0.03838182  0.0016
     561  0.03894809  0.15740683 -0.03838182  0.0016
     562  0.01947404  0.14616349 -0.03838182  0.0016
     563  0.00000000  0.11243345 -0.03838182  0.0016
     564 -0.01947404  0.10119011 -0.03838182  0.0016
     565  0.03894809 -0.08994676  0.03838182  0.0016
     566  0.05842213 -0.07870342  0.03838182  0.0016
     567  0.07789618 -0.06746007  0.03838182  0.0016
     568  0.09737022 -0.05621673  0.03838182  0.0016
     569  0.11684427 -0.04497338  0.03838182  0.0016
     570  0.13631831 -0.03373004  0.03838182  0.0016
     571  0.15579236  0.20238021 -0.03838182  0.0016
     572  0.13631831  0.19113687 -0.03838182  0.0016
     573  0.11684427  0.17989352 -0.03838182  0.0016
     574  0.09737022  0.16865018 -0.03838182  0.0016
     575  0.07789618  0.15740683 -0.03838182  0.0016
     576  0.05842213  0.14616349 -0.03838182  0.0016
     577  0.03894809  0.13492014 -0.03838182  0.0016
     578  0.01947404  0.12367680 -0.03838182  0.0016
     579  0.00000000  0.08994676 -0.03838182  0.0016
     580  0.01947404 -0.07870342  0.03838182  0.0016
     581  0.03894809 -0.06746007  0.03838182  0.0016
     582  0.05842213 -0.05621673  0.03838182  0.0016
     583  0.07789618 -0.04497338  0.03838182  0.0016
     584  0.09737022 -0.03373004  0.03838182  0.0016
     585  0.11684427 -0.02248669  0.03838182  0.0016
     586  0.13631831 -0.01124335  0.03838182  0.0016
     587  0.15579236  0.17989352 -0.03838182  0.0016
     588  0.13631831  0.16865018 -0.03838182  0.0016
     589  0.11684427  0.15740683 -0.03838182  0.0016
     590  0.09737022  0.14616349 -0.03838182  0.0016
     591  0.07789618  0.13492014 -0.03838182  0.0016
     592  0.05842213  0.12367680 -0.03838182  0.0016
     593  0.03894809  0.11243345 -0.03838182  0.0016
     594  0.01947404  0.10119011 -0.03838182  0.0016
     595  0.00000000 -0.06746007  0.03838182  0.0016
     596  0.01947404 -0.05621673  0.03838182  0.0016
     597  0.03894809 -0.04497338  0.03838182  0.0016
     598  0.05842213 -0.03373004  0.03838182  0.0016
     599  0.07789618 -0.02248669  0.03838182  0.0016
     600  0.09737022 -0.01124335  0.03838182  0.0016
     601  0.11684427  0.00000000  0.03838182  0.0016
     602  0.13631831  0.01124335  0.03838182  0.0016
     603  0.15579236  0.02248669  0.03838182  0.0016
     604  0.13631831  0.14616349 -0.03838182  0.0016
     605  0.11684427  0.13492014 -0.03838182  0.0016
     606  0.09737022  0.12367680 -0.03838182  0.0016
     607  0.07789618  0.11243345 -0.03838182  0.0016
     608  0.05842213  0.10119011 -0.03838182  0.0016
     609  0.03894809  0.08994676 -0.03838182  0.0016
     610  0.01947404  0.07870342 -0.03838182  0.0016
     611  0.00000000 -0.04497338  0.03838182  0.0016
     612  0.01947404 -0.03373004  0.03838182  0.0016
     613  0.03894809 -0.02248669  0.03838182  0.0016
     614  0.05842213 -0.01124335  0.03838182  0.0016
     615  0.07789618  0.00000000  0.03838182  0.0016
     616  0.09737022  0.01124335  0.03838182  0.0016
     617  0.11684427  0.02248669  0.03838182  0.0016
     618  0.13631831  0.03373004  0.03838182  0.0016
     619  0.15579236  0.04497338  0.03838182  0.0016
     620  0.13631831  0.12367680 -0.03838182  0.0016
     621  0.11684427  0.11243345 -0.03838182  0.0016
     622  0.09737022  0.10119011 -0.03838182  0.0016
     623  0.07789618  0.08994676 -0.03838182  0.0016
     624  0.05842213  0.07870342 -0.03838182  0.0016
     625  0.03894809  0.06746007 -0.03838182  0.0016
     626 -0.01947404 -0.05621673  0.03838182  0.0016
     627  0.00000000 -0.02248669  0.03838182  0.0016
     628  0.01947404 -0.01124335  0.03838182  0.0016
     629  0.03894809  0.00000000  0.03838182  0.0016
     630  0.05842213  0.01124335  0.03838182  0.0016
     631  0.07789618  0.02248669  0.03838182  0.0016
     632  0.09737022  0.03373004  0.03838182  0.0016
     633  0.11684427  0.04497338  0.03838182  0.0016
     634  0.13631831  0.05621673  0.03838182  0.0016
     635  0.15579236  0.06746007  0.03838182  0.0016
     636  0.13631831  0.10119011 -0.03838182  0.0016
     637  0.11684427  0.08994676 -0.03838182  0.0016
     638  0.09737022  0.07870342 -0.03838182  0.0016
     639  0.07789618  0.06746007 -0.03838182  0.0016
     640  0.05842213  0.05621673 -0.03838182  0.0016
     641 -0.03894809 -0.04497338  0.03838182  0.0016
     642 -0.01947404 -0.03373004  0.03838182  0.0016
     643  0.00000000  0.00000000  0.05757273  0.0016
     644  0.01947404  0.01124335  0.05757273  0.0016
     645  0.03894809  0.02248669  0.05757273  0.0016
     646  0.05842213  0.03373004  0.05757273  0.0016
     647  0.07789618  0.04497338  0.05757273  0.0016
     648  0.09737022  0.05621673  0.05757273  0.0016
     649  0.11684427  0.06746007  0.05757273  0.0016
     650  0.13631831  0.07870342  0.05757273  0.0016
     651  0.15579236  0.08994676  0.05757273  0.0016
     652  0.13631831  0.07870342 -0.05757273  0.0016
     653  0.11684427  0.06746007 -0.05757273  0.0016
     654  0.09737022  0.05621673 -0.05757273  0.0016
     655 -0.07789618 -0.04497338  0.05757273  0.0016
     656 -0.05842213 -0.03373004  0.05757273  0.0016
     657 -0.03894809 -0.02248669  0.05757273  0.0016
     658 -0.01947404 -0.01124335  0.05757273  0.0016
     659  0.00000000  0.02248669  0.05757273  0.0016
     660  0.01947404  0.03373004  0.05757273  0.0016
     661  0.03894809  0.04497338  0.05757273  0.0016
     662  0.05842213  0.05621673  0.05757273  0.0016
     663  0.07789618  0.06746007  0.05757273  0.0016
     664  0.09737022  0.07870342  0.05757273  0.0016
     665  0.11684427  0.08994676  0.05757273  0.0016
     666  0.13631831  0.10119011  0.05757273  0.0016
     667  0.15579236  0.11243345  0.05757273  0.0016
     668  0.13631831  0.05621673 -0.05757273  0.0016
     669  0.11684427  0.04497338 -0.05757273  0.0016
     670 -0.09737022 -0.03373004  0.05757273  0.0016
     671 -0.07789618 -0.02248669  0.05757273  0.0016
     672 -0.05842213 -0.01124335  0.05757273  0.0016
     673 -0.03894809  0.00000000  0.05757273  0.0016
     674 -0.01947404  0.01124335  0.05757273  0.0016
     675  0.00000000  0.04497338  0.05757273  0.0016
     676  0.01947404  0.05621673  0.05757273  0.0016
     677  0.03894809  0.06746007  0.05757273  0.0016
     678  0.05842213  0.07870342  0.05757273  0.0016
     679  0.07789618  0.08994676  0.05757273  0.0016
     680  0.09737022  0.10119011  0.05757273  0.0016
     681  0.11684427  0.11243345  0.05757273  0.0016
     682  0.13631831  0.12367680  0.05757273  0.0016
     683  0.15579236  0.13492014  0.05757273  0.0016
     684  0.13631831  0.03373004 -0.05757273  0.0016
     685 -0.11684427 -0.02248669  0.05757273  0.0016
     686 -0.09737022 -0.01124335  0.05757273  0.0016
     687 -0.07789618  0.00000000  0.05757273  0.0016
     688 -0.05842213  0.01124335  0.05757273  0.0016
     689 -0.03894809  0.02248669  0.05757273  0.0016
     690 -0.01947404  0.03373004  0.05757273  0.0016
     691  0.00000000  0.06746007  0.05757273  0.0016
     692  0.01947404  0.07870342  0.05757273  0.0016
     693  0.03894809  0.08994676  0.05757273  0.0016
     694  0.05842213  0.10119011  0.05757273  0.0016
     695  0.07789618  0.11243345  0.05757273  0.0016
     696  0.09737022  0.12367680  0.05757273  0.0016
     697  0.11684427  0.13492014  0.05757273  0.0016
     698  0.13631831  0.14616349  0.05757273  0.0016
     699  0.15579236  0.15740683  0.05757273  0.0016
     700 -0.13631831 -0.01124335  0.05757273  0.0016
     701 -0.11684427  0.00000000  0.05757273  0.0016
     702 -0.09737022  0.01124335  0.05757273  0.0016
     703 -0.07789618  0.02248669  0.05757273  0.0016
     704 -0.05842213  0.03373004  0.05757273  0.0016
     705 -0.03894809  0.04497338  0.05757273  0.0016
     706 -0.01947404  0.05621673  0.05757273  0.0016
     707  0.00000000  0.08994676  0.05757273  0.0016
     708  0.01947404  0.10119011  0.05757273  0.0016
     709  0.03894809  0.11243345  0.05757273  0.0016
     710  0.05842213  0.12367680  0.05757273  0.0016
     711  0.07789618  0.13492014  0.05757273  0.0016
     712  0.09737022  0.14616349  0.05757273  0.0016
     713  0.11684427  0.15740683  0.05757273  0.0016
     714  0.13631831  0.16865018  0.05757273  0.0016
     715  0.15579236  0.17989352  0.05757273  0.0016
     716 -0.13631831  0.01124335  0.05757273  0.0016
     717 -0.11684427  0.02248669  0.05757273  0.0016
     718 -0.09737022  0.03373004  0.05757273  0.0016
     719 -0.07789618  0.04497338  0.05757273  0.0016
     720 -0.05842213  0.05621673  0.05757273  0.0016
     721 -0.03894809  0.06746007  0.05757273  0.0016
     722 -0.01947404  0.07870342  0.05757273  0.0016
     723  0.00000000  0.11243345  0.05757273  0.0016
     724  0.01947404  0.12367680  0.05757273  0.0016
     725  0.03894809  0.13492014  0.05757273  0.0016
     726  0.05842213  0.14616349  0.05757273  0.0016
     727  0.07789618  0.15740683  0.05757273  0.0016
     728  0.09737022  0.16865018  0.05757273  0.0016
     729  0.11684427  0.17989352  0.05757273  0.0016
     730  0.13631831  0.19113687  0.05757273  0.0016
     731  0.15579236  0.20238021  0.05757273  0.0016
     732 -0.13631831  0.03373004  0.05757273  0.0016
     733 -0.11684427  0.04497338  0.05757273  0.0016
     734 -0.09737022  0.05621673  0.05757273  0.0016
     735 -0.07789618  0.06746007  0.05757273  0.0016
     736 -0.05842213  0.07870342  0.05757273  0.0016
     737 -0.03894809  0.08994676  0.05757273  0.0016
     738 -0.01947404  0.10119011  0.05757273  0.0016
     739  0.00000000  0.13492014  0.05757273  0.0016
     740  0.01947404  0.14616349  0.05757273  0.0016
     741  0.03894809  0.15740683  0.05757273  0.0016
     742  0.05842213  0.16865018  0.05757273  0.0016
     743  0.07789618  0.17989352  0.05757273  0.0016
     744  0.09737022  0.19113687  0.05757273  0.0016
     745  0.11684427  0.20238021  0.05757273  0.0016
     746  0.13631831  0.21362356  0.05757273  0.0016
     747  0.15579236  0.22486690  0.05757273  0.0016
     748 -0.13631831  0.05621673  0.05757273  0.0016
     749 -0.11684427  0.06746007  0.05757273  0.0016
     750 -0.09737022  0.07870342  0.05757273  0.0016
     751 -0.07789618  0.08994676  0.05757273  0.0016
     752 -0.05842213  0.10119011  0.05757273  0.0016
     753 -0.03894809  0.11243345  0.05757273  0.0016
     754 -0.01947404  0.12367680  0.05757273  0.0016
     755  0.00000000  0.15740683  0.05757273  0.0016
     756  0.01947404  0.16865018  0.05757273  0.0016
     757  0.03894809  0.17989352  0.05757273  0.0016
     758  0.05842213  0.19113687  0.05757273  0.0016
     759  0.07789618  0.20238021  0.05757273  0.0016
     760  0.09737022  0.21362356  0.05757273  0.0016
     761  0.11684427  0.22486690  0.05757273  0.0016
     762  0.13631831  0.23611025  0.05757273  0.0016
     763  0.15579236  0.24735359  0.05757273  0.0016
     764 -0.13631831  0.07870342  0.05757273  0.0016
     765 -0.11684427  0.08994676  0.05757273  0.0016
     766 -0.09737022  0.10119011  0.05757273  0.0016
     767 -0.07789618  0.11243345  0.05757273  0.0016
     768 -0.05842213  0.12367680  0.05757273  0.0016
     769 -0.03894809  0.13492014  0.05757273  0.0016
     770 -0.01947404  0.14616349  0.05757273  0.0016
     771  0.00000000  0.17989352  0.05757273  0.0016
     772  0.01947404  0.19113687  0.05757273  0.0016
     773  0.03894809  0.20238021  0.05757273  0.0016
     774  0.05842213  0.21362356  0.05757273  0.0016
     775  0.07789618  0.22486690  0.05757273  0.0016
     776  0.09737022  0.23611025  0.05757273  0.0016
     777  0.11684427  0.24735359  0.05757273  0.0016
     778  0.13631831  0.25859694  0.05757273  0.0016
     779  0.15579236  0.26984028  0.05757273  0.0016
     780  0.13631831  0.25859694 -0.05757273  0.0016
     781  0.11684427  0.24735359 -0.05757273  0.0016
     782 -0.09737022  0.12367680  0.05757273  0.0016
     783 -0.07789618  0.13492014  0.05757273  0.0016
     784 -0.05842213  0.14616349  0.05757273  0.0016
     785 -0.03894809  0.15740683  0.05757273  0.0016
     786 -0.01947404  0.16865018  0.05757273  0.0016
     787  0.00000000  0.15740683 -0.05757273  0.0016
     788 -0.01947404  0.14616349 -0.05757273  0.0016
     789 -0.03894809  0.13492014 -0.05757273  0.0016
     790  0.05842213 -0.12367680  0.05757273  0.0016
     791  0.07789618 -0.11243345  0.05757273  0.0016
     792  0.09737022 -0.10119011  0.05757273  0.0016
     793  0.11684427 -0.08994676  0.05757273  0.0016
     794  0.13631831 -0.07870342  0.05757273  0.0016
     795  0.15579236  0.24735359 -0.05757273  0.0016
     796  0.13631831  0.23611025 -0.05757273  0.0016
     797  0.11684427  0.22486690 -0.05757273  0.0016
     798  0.09737022  0.21362356 -0.05757273  0.0016
     799  0.07789618  0.20238021 -0.05757273  0.0016
     800  0.05842213  0.19113687 -0.05757273  0.0016
     801  0.03894809  0.17989352 -0.05757273  0.0016
     802  0.01947404  0.16865018 -0.05757273  0.0016
     803  0.00000000  0.13492014 -0.05757273  0.0016
     804 -0.01947404  0.12367680 -0.05757273  0.0016
     805  0.03894809 -0.11243345  0.05757273  0.0016
     806  0.05842213 -0.10119011  0.05757273  0.0016
     807  0.07789618 -0.08994676  0.05757273  0.0016
     808  0.09737022 -0.07870342  0.05757273  0.0016
     809  0.11684427 -0.06746007  0.05757273  0.0016
     810  0.13631831 -0.05621673  0.05757273  0.0016
     811  0.15579236  0.22486690 -0.05757273  0.0016
     812  0.13631831  0.21362356 -0.05757273  0.0016
     813  0.11684427  0.20238021 -0.05757273  0.0016
     814  0.09737022  0.19113687 -0.05757273  0.0016
     815  0.07789618  0.17989352 -0.05757273  0.0016
     816  0.05842213  0.16865018 -0.05757273  0.0016
     817  0.03894809  0.15740683 -0.05757273  0.0016
     818  0.01947404  0.14616349 -0.05757273  0.0016
     819  0.00000000  0.11243345 -0.05757273  0.0016
     820  0.01947404 -0.10119011  0.05757273  0.0016
     821  0.03894809 -0.08994676  0.05757273  0.0016
     822  0.05842213 -0.07870342  0.05757273  0.0016
     823  0.07789618 -0.06746007  0.05757273  0.0016
     824  0.09737022 -0.05621673  0.05757273  0.0016
     825  0.11684427 -0.04497338  0.05757273  0.0016
     826  0.13631831 -0.03373004  0.05757273  0.0016
     827  0.15579236  0.20238021 -0.05757273  0.0016
     828  0.13631831  0.19113687 -0.05757273  0.0016
     829  0.11684427  0.17989352 -0.05757273  0.0016
     830  0.09737022  0.16865018 -0.05757273  0.0016
     831  0.07789618  0.15740683 -0.05757273  0.0016
     832  0.05842213  0.14616349 -0.05757273  0.0016
     833  0.03894809  0.13492014 -0.05757273  0.0016
     834  0.01947404  0.12367680 -0.05757273  0.0016
     835  0.00000000 -0.08994676  0.05757273  0.0016
     836  0.01947404 -0.07870342  0.05757273  0.0016
     837  0.03894809 -0.06746007  0.05757273  0.0016
     838  0.05842213 -0.05621673  0.05757273  0.0016
     839  0.07789618 -0.04497338  0.05757273  0.0016
     840  0.09737022 -0.03373004  0.05757273  0.0016
     841  0.11684427 -0.02248669  0.05757273  0.0016
     842  0.13631831 -0.01124335  0.05757273  0.0016
     843  0.15579236  0.00000000  0.05757273  0.0016
     844  0.13631831  0.16865018 -0.05757273  0.0016
     845  0.11684427  0.15740683 -0.05757273  0.0016
     846  0.09737022  0.14616349 -0.05757273  0.0016
     847  0.07789618  0.13492014 -0.05757273  0.0016
     848  0.05842213  0.12367680 -0.05757273  0.0016
     849  0.03894809  0.11243345 -0.05757273  0.0016
     850  0.01947404  0.10119011 -0.05757273  0.0016
     851  0.00000000 -0.06746007  0.05757273  0.0016
     852  0.01947404 -0.05621673  0.05757273  0.0016
     853  0.03894809 -0.04497338  0.05757273  0.0016
     854  0.05842213 -0.03373004  0.05757273  0.0016
     855  0.07789618 -0.02248669  0.05757273  0.0016
     856  0.09737022 -0.01124335  0.05757273  0.0016
     857  0.11684427  0.00000000  0.05757273  0.0016
     858  0.13631831  0.01124335  0.05757273  0.0016
     859  0.15579236  0.02248669  0.05757273  0.0016
     860  0.13631831  0.14616349 -0.05757273  0.0016
     861  0.11684427  0.13492014 -0.05757273  0.0016
     862  0.09737022  0.12367680 -0.05757273  0.0016
     863  0.07789618  0.11243345 -0.05757273  0.0016
     864  0.05842213  0.10119011 -0.05757273  0.0016
     865  0.03894809  0.08994676 -0.05757273  0.0016
     866 -0.01947404 -0.07870342  0.05757273  0.0016
     867  0.00000000 -0.04497338  0.05757273  0.0016
     868  0.01947404 -0.03373004  0.05757273  0.0016
     869  0.03894809 -0.02248669  0.05757273  0.0016
     870  0.05842213 -0.01124335  0.05757273  0.0016
     871  0.07789618  0.00000000  0.05757273  0.0016
     872  0.09737022  0.01124335  0.05757273  0.0016
     873  0.11684427  0.02248669  0.05757273  0.0016
     874  0.13631831  0.03373004  0.05757273  0.0016
     875  0.15579236  0.04497338  0.05757273  0.0016
     876  0.13631831  0.12367680 -0.05757273  0.0016
     877  0.11684427  0.11243345 -0.05757273  0.0016
     878  0.09737022  0.10119011 -0.05757273  0.0016
     879  0.07789618  0.08994676 -0.05757273  0.0016
     880  0.05842213  0.07870342 -0.05757273  0.0016
     881 -0.03894809 -0.06746007  0.05757273  0.0016
     882 -0.01947404 -0.05621673  0.05757273  0.0016
     883  0.00000000 -0.02248669  0.05757273  0.0016
     884  0.01947404 -0.01124335  0.05757273  0.0016
     885  0.03894809  0.00000000  0.05757273  0.0016
     886  0.05842213  0.01124335  0.05757273  0.0016
     887  0.07789618  0.02248669  0.05757273  0.0016
     888  0.09737022  0.03373004  0.05757273  0.0016
     889  0.11684427  0.04497338  0.05757273  0.0016
     890  0.13631831  0.05621673  0.05757273  0.0016
     891  0.15579236  0.06746007  0.05757273  0.0016
     892  0.13631831  0.10119011 -0.05757273  0.0016
     893  0.11684427  0.08994676 -0.05757273  0.0016
     894  0.09737022  0.07870342 -0.05757273  0.0016
     895  0.07789618  0.06746007 -0.05757273  0.0016
     896 -0.05842213 -0.05621673  0.05757273  0.0016
     897 -0.03894809 -0.04497338  0.05757273  0.0016
     898 -0.01947404 -0.03373004  0.05757273  0.0016
     899  0.00000000  0.00000000  0.07676364  0.0016
     900  0.01947404  0.01124335  0.07676364  0.0016
     901  0.03894809  0.02248669  0.07676364  0.0016
     902  0.05842213  0.03373004  0.07676364  0.0016
     903  0.07789618  0.04497338  0.07676364  0.0016
     904  0.09737022  0.05621673  0.07676364  0.0016
     905  0.11684427  0.06746007  0.07676364  0.0016
     906  0.13631831  0.07870342  0.07676364  0.0016
     907  0.15579236  0.08994676  0.07676364  0.0016
     908  0.13631831  0.07870342 -0.07676364  0.0016
     909 -0.11684427 -0.06746007  0.07676364  0.0016
     910 -0.09737022 -0.05621673  0.07676364  0.0016
     911 -0.07789618 -0.04497338  0.07676364  0.0016
     912 -0.05842213 -0.03373004  0.07676364  0.0016
     913 -0.03894809 -0.02248669  0.07676364  0.0016
     914 -0.01947404 -0.01124335  0.07676364  0.0016
     915  0.00000000  0.02248669  0.07676364  0.0016
     916  0.01947404  0.03373004  0.07676364  0.0016
     917  0.03894809  0.04497338  0.07676364  0.0016
     918  0.05842213  0.05621673  0.07676364  0.0016
     919  0.07789618  0.06746007  0.07676364  0.0016
     920  0.09737022  0.07870342  0.07676364  0.0016
     921  0.11684427  0.08994676  0.07676364  0.0016
     922  0.13631831  0.10119011  0.07676364  0.0016
     923  0.15579236  0.11243345  0.07676364  0.0016
     924 -0.13631831 -0.05621673  0.07676364  0.0016
     925 -0.11684427 -0.04497338  0.07676364  0.0016
     926 -0.09737022 -0.03373004  0.07676364  0.0016
     927 -0.07789618 -0.02248669  0.07676364  0.0016
     928 -0.05842213 -0.01124335  0.07676364  0.0016
     929 -0.03894809  0.00000000  0.07676364  0.0016
     930 -0.01947404  0.01124335  0.07676364  0.0016
     931  0.00000000  0.04497338  0.07676364  0.0016
     932  0.01947404  0.05621673  0.07676364  0.0016
     933  0.03894809  0.06746007  0.07676364  0.0016
     934  0.05842213  0.07870342  0.07676364  0.0016
     935  0.07789618  0.08994676  0.07676364  0.0016
     936  0.09737022  0.10119011  0.07676364  0.0016
     937  0.11684427  0.11243345  0.07676364  0.0016
     938  0.13631831  0.12367680  0.07676364  0.0016
     939  0.15579236  0.13492014  0.07676364  0.0016
     940 -0.13631831 -0.03373004  0.07676364  0.0016
     941 -0.11684427 -0.02248669  0.07676364  0.0016
     942 -0.09737022 -0.01124335  0.07676364  0.0016
     943 -0.07789618  0.00000000  0.07676364  0.0016
     944 -0.05842213  0.01124335  0.07676364  0.0016
     945 -0.03894809  0.02248669  0.07676364  0.0016
     946 -0.01947404  0.03373004  0.07676364  0.0016
     947  0.00000000  0.06746007  0.07676364  0.0016
     948  0.01947404  0.07870342  0.07676364  0.0016
     949  0.03894809  0.08994676  0.07676364  0.0016
     950  0.05842213  0.10119011  0.07676364  0.0016
     951  0.07789618  0.11243345  0.07676364  0.0016
     952  0.09737022  0.12367680  0.07676364  0.0016
     953  0.11684427  0.13492014  0.07676364  0.0016
     954  0.13631831  0.14616349  0.07676364  0.0016
     955  0.15579236  0.15740683  0.07676364  0.0016
     956 -0.13631831 -0.01124335  0.07676364  0.0016
     957 -0.11684427  0.00000000  0.07676364  0.0016
     958 -0.09737022  0.01124335  0.07676364  0.0016
     959 -0.07789618  0.02248669  0.07676364  0.0016
     960 -0.05842213  0.03373004  0.07676364  0.0016
     961 -0.03894809  0.04497338  0.07676364  0.0016
     962 -0.01947404  0.05621673  0.07676364  0.0016
     963  0.00000000  0.08994676  0.07676364  0.0016
     964  0.01947404  0.10119011  0.07676364  0.0016
     965  0.03894809  0.11243345  0.07676364  0.0016
     966  0.05842213  0.12367680  0.07676364  0.0016
     967  0.07789618  0.13492014  0.07676364  0.0016
     968  0.09737022  0.14616349  0.07676364  0.0016
     969  0.11684427  0.15740683  0.07676364  0.0016
     970  0.13631831  0.16865018  0.07676364  0.0016
     971  0.15579236  0.17989352  0.07676364  0.0016
     972 -0.13631831  0.01124335  0.07676364  0.0016
     973 -0.11684427  0.02248669  0.07676364  0.0016
     974 -0.09737022  0.03373004  0.07676364  0.0016
     975 -0.07789618  0.04497338  0.07676364  0.0016
     976 -0.05842213  0.05621673  0.07676364  0.0016
     977 -0.03894809  0.06746007  0.07676364  0.0016
     978 -0.01947404  0.07870342  0.07676364  0.0016
     979  0.00000000  0.11243345  0.07676364  0.0016
     980  0.01947404  0.12367680  0.07676364  0.0016
     981  0.03894809  0.13492014  0.07676364  0.0016
     982  0.05842213  0.14616349  0.07676364  0.0016
     983  0.07789618  0.15740683  0.07676364  0.0016
     984  0.09737022  0.16865018  0.07676364  0.0016
     985  0.11684427  0.17989352  0.07676364  0.0016
     986  0.13631831  0.19113687  0.07676364  0.0016
     987  0.15579236  0.20238021  0.07676364  0.0016
     988 -0.13631831  0.03373004  0.07676364  0.0016
     989 -0.11684427  0.04497338  0.07676364  0.0016
     990 -0.09737022  0.05621673  0.07676364  0.0016
     991 -0.07789618  0.06746007  0.07676364  0.0016
     992 -0.05842213  0.07870342  0.07676364  0.0016
     993 -0.03894809  0.08994676  0.07676364  0.0016
     994 -0.01947404  0.10119011  0.07676364  0.0016
     995  0.00000000  0.13492014  0.07676364  0.0016
     996  0.01947404  0.14616349  0.07676364  0.0016
     997  0.03894809  0.15740683  0.07676364  0.0016
     998  0.05842213  0.16865018  0.07676364  0.0016
     999  0.07789618  0.17989352  0.07676364  0.0016
    1000  0.09737022  0.19113687  0.07676364  0.0016
    1001  0.11684427  0.20238021  0.07676364  0.0016
    1002  0.13631831  0.21362356  0.07676364  0.0016
    1003  0.15579236  0.22486690  0.07676364  0.0016
    1004 -0.13631831  0.05621673  0.07676364  0.0016
    1005 -0.11684427  0.06746007  0.07676364  0.0016
    1006 -0.09737022  0.07870342  0.07676364  0.0016
    1007 -0.07789618  0.08994676  0.07676364  0.0016
    1008 -0.05842213  0.10119011  0.07676364  0.0016
    1009 -0.03894809  0.11243345  0.07676364  0.0016
    1010 -0.01947404  0.12367680  0.07676364  0.0016
    1011  0.00000000  0.15740683  0.07676364  0.0016
    1012  0.01947404  0.16865018  0.07676364  0.0016
    1013  0.03894809  0.17989352  0.07676364  0.0016
    1014  0.05842213  0.19113687  0.07676364  0.0016
    1015  0.07789618  0.20238021  0.07676364  0.0016
    1016  0.09737022  0.21362356  0.07676364  0.0016
    1017  0.11684427  0.22486690  0.07676364  0.0016
    1018  0.13631831  0.23611025  0.07676364  0.0016
    1019  0.15579236  0.24735359  0.07676364  0.0016
    1020 -0.13631831  0.07870342  0.07676364  0.0016
    1021 -0.11684427  0.08994676  0.07676364  0.0016
    1022 -0.09737022  0.10119011  0.07676364  0.0016
    1023 -0.07789618  0.11243345  0.07676364  0.0016
    1024 -0.05842213  0.12367680  0.07676364  0.0016
    1025 -0.03894809  0.13492014  0.07676364  0.0016
    1026 -0.01947404  0.14616349  0.07676364  0.0016
    1027  0.00000000  0.17989352  0.07676364  0.0016
    1028  0.01947404  0.19113687  0.07676364  0.0016
    1029  0.03894809  0.20238021  0.07676364  0.0016
    1030  0.05842213  0.21362356  0.07676364  0.0016
    1031  0.07789618  0.22486690  0.07676364  0.0016
    1032  0.09737022  0.23611025  0.07676364  0.0016
    1033  0.11684427  0.24735359  0.07676364  0.0016
    1034  0.13631831  0.25859694  0.07676364  0.0016
    1035  0.15579236  0.26984028  0.07676364  0.0016
    1036  0.13631831  0.25859694 -0.07676364  0.0016
    1037 -0.11684427  0.11243345  0.07676364  0.0016
    1038 -0.09737022  0.12367680  0.07676364  0.0016
    1039 -0.07789618  0.13492014  0.07676364  0.0016
    1040 -0.05842213  0.14616349  0.07676364  0.0016
    1041 -0.03894809  0.15740683  0.07676364  0.0016
    1042 -0.01947404  0.16865018  0.07676364  0.0016
    1043  0.00000000  0.15740683 -0.07676364  0.0016
    1044  0.01947404 -0.14616349  0.07676364  0.0016
    1045  0.03894809 -0.13492014  0.07676364  0.0016
    1046  0.05842213 -0.12367680  0.07676364  0.0016
    1047  0.07789618 -0.11243345  0.07676364  0.0016
    1048  0.09737022 -0.10119011  0.07676364  0.0016
    1049  0.11684427 -0.08994676  0.07676364  0.0016
    1050  0.13631831 -0.07870342  0.07676364  0.0016
    1051  0.15579236  0.24735359 -0.07676364  0.0016
    1052  0.13631831  0.23611025 -0.07676364  0.0016
    1053  0.11684427  0.22486690 -0.07676364  0.0016
    1054  0.09737022  0.21362356 -0.07676364  0.0016
    1055  0.07789618  0.20238021 -0.07676364  0.0016
    1056  0.05842213  0.19113687 -0.07676364  0.0016
    1057  0.03894809  0.17989352 -0.07676364  0.0016
    1058  0.01947404  0.16865018 -0.07676364  0.0016
    1059  0.00000000 -0.13492014  0.07676364  0.0016
    1060  0.01947404 -0.12367680  0.07676364  0.0016
    1061  0.03894809 -0.11243345  0.07676364  0.0016
    1062  0.05842213 -0.10119011  0.07676364  0.0016
    1063  0.07789618 -0.08994676  0.07676364  0.0016
    1064  0.09737022 -0.07870342  0.07676364  0.0016
    1065  0.11684427 -0.06746007  0.07676364  0.0016
    1066  0.13631831 -0.05621673  0.07676364  0.0016
    1067  0.15579236 -0.04497338  0.07676364  0.0016
    1068  0.13631831  0.21362356 -0.07676364  0.0016
    1069  0.11684427  0.20238021 -0.07676364  0.0016
    1070  0.09737022  0.19113687 -0.07676364  0.0016
    1071  0.07789618  0.17989352 -0.07676364  0.0016
    1072  0.05842213  0.16865018 -0.07676364  0.0016
    1073  0.03894809  0.15740683 -0.07676364  0.0016
    1074  0.01947404  0.14616349 -0.07676364  0.0016
    1075  0.00000000 -0.11243345  0.07676364  0.0016
    1076  0.01947404 -0.10119011  0.07676364  0.0016
    1077  0.03894809 -0.08994676  0.07676364  0.0016
    1078  0.05842213 -0.07870342  0.07676364  0.0016
    1079  0.07789618 -0.06746007  0.07676364  0.0016
    1080  0.09737022 -0.05621673  0.07676364  0.0016
    1081  0.11684427 -0.04497338  0.07676364  0.0016
    1082  0.13631831 -0.03373004  0.07676364  0.0016
    1083  0.15579236 -0.02248669  0.07676364  0.0016
    1084  0.13631831  0.19113687 -0.07676364  0.0016
    1085  0.11684427  0.17989352 -0.07676364  0.0016
    1086  0.09737022  0.16865018 -0.07676364  0.0016
    1087  0.07789618  0.15740683 -0.07676364  0.0016
    1088  0.05842213  0.14616349 -0.07676364  0.0016
    1089  0.03894809  0.13492014 -0.07676364  0.0016
    1090 -0.01947404 -0.12367680  0.07676364  0.0016
    1091  0.00000000 -0.08994676  0.07676364  0.0016
    1092  0.01947404 -0.07870342  0.07676364  0.0016
    1093  0.03894809 -0.06746007  0.07676364  0.0016
    1094  0.05842213 -0.05621673  0.07676364  0.0016
    1095  0.07789618 -0.04497338  0.07676364  0.0016
    1096  0.09737022 -0.03373004  0.07676364  0.0016
    1097  0.11684427 -0.02248669  0.07676364  0.0016
    1098  0.13631831 -0.01124335  0.07676364  0.0016
    1099  0.15579236  0.00000000  0.07676364  0.0016
    1100  0.13631831  0.16865018 -0.07676364  0.0016
    1101  0.11684427  0.15740683 -0.07676364  0.0016
    1102  0.09737022  0.14616349 -0.07676364  0.0016
    1103  0.07789618  0.13492014 -0.07676364  0.0016
    1104  0.05842213  0.12367680 -0.07676364  0.0016
    1105 -0.03894809 -0.11243345  0.07676364  0.0016
    1106 -0.01947404 -0.10119011  0.07676364  0.0016
    1107  0.00000000 -0.06746007  0.07676364  0.0016
    1108  0.01947404 -0.05621673  0.07676364  0.0016
    1109  0.03894809 -0.04497338  0.07676364  0.0016
    1110  0.05842213 -0.03373004  0.07676364  0.0016
    1111  0.07789618 -0.02248669  0.07676364  0.0016
    1112  0.09737022 -0.01124335  0.07676364  0.0016
    1113  0.11684427  0.00000000  0.07676364  0.0016
    1114  0.13631831  0.01124335  0.07676364  0.0016
    1115  0.15579236  0.02248669  0.07676364  0.0016
    1116  0.13631831  0.14616349 -0.07676364  0.0016
    1117  0.11684427  0.13492014 -0.07676364  0.0016
    1118  0.09737022  0.12367680 -0.07676364  0.0016
    1119  0.07789618  0.11243345 -0.07676364  0.0016
    1120 -0.05842213 -0.10119011  0.07676364  0.0016
    1121 -0.03894809 -0.08994676  0.07676364  0.0016
    1122 -0.01947404 -0.07870342  0.07676364  0.0016
    1123  0.00000000 -0.04497338  0.07676364  0.0016
    1124  0.01947404 -0.03373004  0.07676364  0.0016
    1125  0.03894809 -0.02248669  0.07676364  0.0016
    1126  0.05842213 -0.01124335  0.07676364  0.0016
    1127  0.07789618  0.00000000  0.07676364  0.0016
    1128  0.09737022  0.01124335  0.07676364  0.0016
    1129  0.11684427  0.02248669  0.07676364  0.0016
    1130  0.13631831  0.03373004  0.07676364  0.0016
    1131  0.15579236  0.04497338  0.07676364  0.0016
    1132  0.13631831  0.12367680 -0.07676364  0.0016
    1133  0.11684427  0.11243345 -0.07676364  0.0016
    1134  0.09737022  0.10119011 -0.07676364  0.0016
    1135 -0.07789618 -0.08994676  0.07676364  0.0016
    1136 -0.05842213 -0.07870342  0.07676364  0.0016
    1137 -0.03894809 -0.06746007  0.07676364  0.0016
    1138 -0.01947404 -0.05621673  0.07676364  0.0016
    1139  0.00000000 -0.02248669  0.07676364  0.0016
    1140  0.01947404 -0.01124335  0.07676364  0.0016
    1141  0.03894809  0.00000000  0.07676364  0.0016
    1142  0.05842213  0.01124335  0.07676364  0.0016
    1143  0.07789618  0.02248669  0.07676364  0.0016
    1144  0.09737022  0.03373004  0.07676364  0.0016
    1145  0.11684427  0.04497338  0.07676364  0.0016
    1146  0.13631831  0.05621673  0.07676364  0.0016
    1147  0.15579236  0.06746007  0.07676364  0.0016
    1148  0.13631831  0.10119011 -0.07676364  0.0016
    1149  0.11684427  0.08994676 -0.07676364  0.0016
    1150 -0.09737022 -0.07870342  0.07676364  0.0016
    1151 -0.07789618 -0.06746007  0.07676364  0.0016
    1152 -0.05842213 -0.05621673  0.07676364  0.0016
    1153 -0.03894809 -0.04497338  0.07676364  0.0016
    1154 -0.01947404 -0.03373004  0.07676364  0.0016
    1155  0.00000000  0.00000000  0.09595456  0.0008
    1156  0.01947404  0.01124335  0.09595456  0.0016
    1157  0.03894809  0.02248669  0.09595456  0.0016
    1158  0.05842213  0.03373004  0.09595456  0.0016
    1159  0.07789618  0.04497338  0.09595456  0.0016
    1160  0.09737022  0.05621673  0.09595456  0.0016
    1161  0.11684427  0.06746007  0.09595456  0.0016
    1162  0.13631831  0.07870342  0.09595456  0.0016
    1163  0.15579236  0.08994676  0.09595456  0.0008
    1164  0.00000000  0.02248669  0.09595456  0.0016
    1165  0.01947404  0.03373004  0.09595456  0.0016
    1166  0.03894809  0.04497338  0.09595456  0.0016
    1167  0.05842213  0.05621673  0.09595456  0.0016
    1168  0.07789618  0.06746007  0.09595456  0.0016
    1169  0.09737022  0.07870342  0.09595456  0.0016
    1170  0.11684427  0.08994676  0.09595456  0.0016
    1171  0.13631831  0.10119011  0.09595456  0.0016
    1172  0.15579236  0.11243345  0.09595456  0.0016
    1173  0.13631831  0.05621673  0.09595456  0.0016
    1174  0.11684427  0.04497338  0.09595456  0.0016
    1175  0.09737022  0.03373004  0.09595456  0.0016
    1176  0.07789618  0.02248669  0.09595456  0.0016
    1177  0.05842213  0.01124335  0.09595456  0.0016
    1178  0.03894809  0.00000000  0.09595456  0.0016
    1179 -0.01947404  0.01124335  0.09595456  0.0016
    1180  0.00000000  0.04497338  0.09595456  0.0016
    1181  0.01947404  0.05621673  0.09595456  0.0016
    1182  0.03894809  0.06746007  0.09595456  0.0016
    1183  0.05842213  0.07870342  0.09595456  0.0016
    1184  0.07789618  0.08994676  0.09595456  0.0016
    1185  0.09737022  0.10119011  0.09595456  0.0016
    1186  0.11684427  0.11243345  0.09595456  0.0016
    1187  0.13631831  0.12367680  0.09595456  0.0016
    1188  0.15579236  0.13492014  0.09595456  0.0016
    1189  0.13631831  0.03373004  0.09595456  0.0016
    1190  0.11684427  0.02248669  0.09595456  0.0016
    1191  0.09737022  0.01124335  0.09595456  0.0016
    1192  0.07789618  0.00000000  0.09595456  0.0016
    1193  0.05842213 -0.01124335  0.09595456  0.0016
    1194 -0.03894809  0.02248669  0.09595456  0.0016
    1195 -0.01947404  0.03373004  0.09595456  0.0016
    1196  0.00000000  0.06746007  0.09595456  0.0016
    1197  0.01947404  0.07870342  0.09595456  0.0016
    1198  0.03894809  0.08994676  0.09595456  0.0016
    1199  0.05842213  0.10119011  0.09595456  0.0016
    1200  0.07789618  0.11243345  0.09595456  0.0016
    1201  0.09737022  0.12367680  0.09595456  0.0016
    1202  0.11684427  0.13492014  0.09595456  0.0016
    1203  0.13631831  0.14616349  0.09595456  0.0016
    1204  0.15579236  0.15740683  0.09595456  0.0016
    1205  0.13631831  0.01124335  0.09595456  0.0016
    1206  0.11684427  0.00000000  0.09595456  0.0016
    1207  0.09737022 -0.01124335  0.09595456  0.0016
    1208  0.07789618 -0.02248669  0.09595456  0.0016
    1209 -0.05842213  0.03373004  0.09595456  0.0016
    1210 -0.03894809  0.04497338  0.09595456  0.0016
    1211 -0.01947404  0.05621673  0.09595456  0.0016
    1212  0.00000000  0.08994676  0.09595456  0.0016
    1213  0.01947404  0.10119011  0.09595456  0.0016
    1214  0.03894809  0.11243345  0.09595456  0.0016
    1215  0.05842213  0.12367680  0.09595456  0.0016
    1216  0.07789618  0.13492014  0.09595456  0.0016
    1217  0.09737022  0.14616349  0.09595456  0.0016
    1218  0.11684427  0.15740683  0.09595456  0.0016
    1219  0.13631831  0.16865018  0.09595456  0.0016
    1220  0.15579236  0.17989352  0.09595456  0.0016
    1221  0.13631831 -0.01124335  0.09595456  0.0016
    1222  0.11684427 -0.02248669  0.09595456  0.0016
    1223  0.09737022 -0.03373004  0.09595456  0.0016
    1224 -0.07789618  0.04497338  0.09595456  0.0016
    1225 -0.05842213  0.05621673  0.09595456  0.0016
    1226 -0.03894809  0.06746007  0.09595456  0.0016
    1227 -0.01947404  0.07870342  0.09595456  0.0016
    1228  0.00000000  0.11243345  0.09595456  0.0016
    1229  0.01947404  0.12367680  0.09595456  0.0016
    1230  0.03894809  0.13492014  0.09595456  0.0016
    1231  0.05842213  0.14616349  0.09595456  0.0016
    1232  0.07789618  0.15740683  0.09595456  0.0016
    1233  0.09737022  0.16865018  0.09595456  0.0016
    1234  0.11684427  0.17989352  0.09595456  0.0016
    1235  0.13631831  0.19113687  0.09595456  0.0016
    1236  0.15579236  0.20238021  0.09595456  0.0016
    1237  0.13631831 -0.03373004  0.09595456  0.0016
    1238  0.11684427 -0.04497338  0.09595456  0.0016
    1239 -0.09737022  0.05621673  0.09595456  0.0016
    1240 -0.07789618  0.06746007  0.09595456  0.0016
    1241 -0.05842213  0.07870342  0.09595456  0.0016
    1242 -0.03894809  0.08994676  0.09595456  0.0016
    1243 -0.01947404  0.10119011  0.09595456  0.0016
    1244  0.00000000  0.13492014  0.09595456  0.0016
    1245  0.01947404  0.14616349  0.09595456  0.0016
    1246  0.03894809  0.15740683  0.09595456  0.0016
    1247  0.05842213  0.16865018  0.09595456  0.0016
    1248  0.07789618  0.17989352  0.09595456  0.0016
    1249  0.09737022  0.19113687  0.09595456  0.0016
    1250  0.11684427  0.20238021  0.09595456  0.0016
    1251  0.13631831  0.21362356  0.09595456  0.0016
    1252  0.15579236  0.22486690  0.09595456  0.0016
    1253  0.13631831 -0.05621673  0.09595456  0.0016
    1254 -0.11684427  0.06746007  0.09595456  0.0016
    1255 -0.09737022  0.07870342  0.09595456  0.0016
    1256 -0.07789618  0.08994676  0.09595456  0.0016
    1257 -0.05842213  0.10119011  0.09595456  0.0016
    1258 -0.03894809  0.11243345  0.09595456  0.0016
    1259 -0.01947404  0.12367680  0.09595456  0.0016
    1260  0.00000000  0.15740683  0.09595456  0.0016
    1261  0.01947404  0.16865018  0.09595456  0.0016
    1262  0.03894809  0.17989352  0.09595456  0.0016
    1263  0.05842213  0.19113687  0.09595456  0.0016
    1264  0.07789618  0.20238021  0.09595456  0.0016
    1265  0.09737022  0.21362356  0.09595456  0.0016
    1266  0.11684427  0.22486690  0.09595456  0.0016
    1267  0.13631831  0.23611025  0.09595456  0.0016
    1268  0.15579236  0.24735359  0.09595456  0.0016
    1269 -0.13631831  0.07870342  0.09595456  0.0016
    1270 -0.11684427  0.08994676  0.09595456  0.0016
    1271 -0.09737022  0.10119011  0.09595456  0.0016
    1272 -0.07789618  0.11243345  0.09595456  0.0016
    1273 -0.05842213  0.12367680  0.09595456  0.0016
    1274 -0.03894809  0.13492014  0.09595456  0.0016
    1275 -0.01947404  0.14616349  0.09595456  0.0016
    1276  0.00000000  0.17989352  0.09595456  0.0008
    1277  0.01947404  0.19113687  0.09595456  0.0016
    1278  0.03894809  0.20238021  0.09595456  0.0016
    1279  0.05842213  0.21362356  0.09595456  0.0016
    1280  0.07789618  0.22486690  0.09595456  0.0016
    1281  0.09737022  0.23611025  0.09595456  0.0016
    1282  0.11684427  0.24735359  0.09595456  0.0016
    1283  0.13631831  0.25859694  0.09595456  0.0016
    1284  0.15579236  0.26984028  0.09595456  0.0008


 K-POINTS DIRECT COORDINATES
 KPOINTS    DIRECT_X    DIRECT_Y    DIRECT_Z  WEIGHT
       1  0.00000000  0.00000000  0.00000000  0.0008
       2  0.06250000  0.00000000  0.00000000  0.0016
       3  0.12500000  0.00000000  0.00000000  0.0016
       4  0.18750000  0.00000000  0.00000000  0.0016
       5  0.25000000  0.00000000  0.00000000  0.0016
       6  0.31250000  0.00000000  0.00000000  0.0016
       7  0.37500000  0.00000000  0.00000000  0.0016
       8  0.43750000  0.00000000  0.00000000  0.0016
       9  0.50000000  0.00000000  0.00000000  0.0008
      10  0.00000000  0.06250000  0.00000000  0.0016
      11  0.06250000  0.06250000  0.00000000  0.0016
      12  0.12500000  0.06250000  0.00000000  0.0016
      13  0.18750000  0.06250000  0.00000000  0.0016
      14  0.25000000  0.06250000  0.00000000  0.0016
      15  0.31250000  0.06250000  0.00000000  0.0016
      16  0.37500000  0.06250000  0.00000000  0.0016
      17  0.43750000  0.06250000  0.00000000  0.0016
      18  0.50000000  0.06250000  0.00000000  0.0016
      19  0.43750000 -0.06250000  0.00000000  0.0016
      20  0.37500000 -0.06250000  0.00000000  0.0016
      21  0.31250000 -0.06250000  0.00000000  0.0016
      22  0.25000000 -0.06250000  0.00000000  0.0016
      23  0.18750000 -0.06250000  0.00000000  0.0016
      24  0.12500000 -0.06250000  0.00000000  0.0016
      25 -0.06250000  0.06250000  0.00000000  0.0016
      26  0.00000000  0.12500000  0.00000000  0.0016
      27  0.06250000  0.12500000  0.00000000  0.0016
      28  0.12500000  0.12500000  0.00000000  0.0016
      29  0.18750000  0.12500000  0.00000000  0.0016
      30  0.25000000  0.12500000  0.00000000  0.0016
      31  0.31250000  0.12500000  0.00000000  0.0016
      32  0.37500000  0.12500000  0.00000000  0.0016
      33  0.43750000  0.12500000  0.00000000  0.0016
      34  0.50000000  0.12500000  0.00000000  0.0016
      35  0.43750000 -0.12500000  0.00000000  0.0016
      36  0.37500000 -0.12500000  0.00000000  0.0016
      37  0.31250000 -0.12500000  0.00000000  0.0016
      38  0.25000000 -0.12500000  0.00000000  0.0016
      39  0.18750000 -0.12500000  0.00000000  0.0016
      40 -0.12500000  0.12500000  0.00000000  0.0016
      41 -0.06250000  0.12500000  0.00000000  0.0016
      42  0.00000000  0.18750000  0.00000000  0.0016
      43  0.06250000  0.18750000  0.00000000  0.0016
      44  0.12500000  0.18750000  0.00000000  0.0016
      45  0.18750000  0.18750000  0.00000000  0.0016
      46  0.25000000  0.18750000  0.00000000  0.0016
      47  0.31250000  0.18750000  0.00000000  0.0016
      48  0.37500000  0.18750000  0.00000000  0.0016
      49  0.43750000  0.18750000  0.00000000  0.0016
      50  0.50000000  0.18750000  0.00000000  0.0016
      51  0.43750000 -0.18750000  0.00000000  0.0016
      52  0.37500000 -0.18750000  0.00000000  0.0016
      53  0.31250000 -0.18750000  0.00000000  0.0016
      54  0.25000000 -0.18750000  0.00000000  0.0016
      55 -0.18750000  0.18750000  0.00000000  0.0016
      56 -0.12500000  0.18750000  0.00000000  0.0016
      57 -0.06250000  0.18750000  0.00000000  0.0016
      58  0.00000000  0.25000000  0.00000000  0.0016
      59  0.06250000  0.25000000  0.00000000  0.0016
      60  0.12500000  0.25000000  0.00000000  0.0016
      61  0.18750000  0.25000000  0.00000000  0.0016
      62  0.25000000  0.25000000  0.00000000  0.0016
      63  0.31250000  0.25000000  0.00000000  0.0016
      64  0.37500000  0.25000000  0.00000000  0.0016
      65  0.43750000  0.25000000  0.00000000  0.0016
      66  0.50000000  0.25000000  0.00000000  0.0016
      67  0.43750000 -0.25000000  0.00000000  0.0016
      68  0.37500000 -0.25000000  0.00000000  0.0016
      69  0.31250000 -0.25000000  0.00000000  0.0016
      70 -0.25000000  0.25000000  0.00000000  0.0016
      71 -0.18750000  0.25000000  0.00000000  0.0016
      72 -0.12500000  0.25000000  0.00000000  0.0016
      73 -0.06250000  0.25000000  0.00000000  0.0016
      74  0.00000000  0.31250000  0.00000000  0.0016
      75  0.06250000  0.31250000  0.00000000  0.0016
      76  0.12500000  0.31250000  0.00000000  0.0016
      77  0.18750000  0.31250000  0.00000000  0.0016
      78  0.25000000  0.31250000  0.00000000  0.0016
      79  0.31250000  0.31250000  0.00000000  0.0016
      80  0.37500000  0.31250000  0.00000000  0.0016
      81  0.43750000  0.31250000  0.00000000  0.0016
      82  0.50000000  0.31250000  0.00000000  0.0016
      83  0.43750000 -0.31250000  0.00000000  0.0016
      84  0.37500000 -0.31250000  0.00000000  0.0016
      85 -0.31250000  0.31250000  0.00000000  0.0016
      86 -0.25000000  0.31250000  0.00000000  0.0016
      87 -0.18750000  0.31250000  0.00000000  0.0016
      88 -0.12500000  0.31250000  0.00000000  0.0016
      89 -0.06250000  0.31250000  0.00000000  0.0016
      90  0.00000000  0.37500000  0.00000000  0.0016
      91  0.06250000  0.37500000  0.00000000  0.0016
      92  0.12500000  0.37500000  0.00000000  0.0016
      93  0.18750000  0.37500000  0.00000000  0.0016
      94  0.25000000  0.37500000  0.00000000  0.0016
      95  0.31250000  0.37500000  0.00000000  0.0016
      96  0.37500000  0.37500000  0.00000000  0.0016
      97  0.43750000  0.37500000  0.00000000  0.0016
      98  0.50000000  0.37500000  0.00000000  0.0016
      99  0.43750000 -0.37500000  0.00000000  0.0016
     100 -0.37500000  0.37500000  0.00000000  0.0016
     101 -0.31250000  0.37500000  0.00000000  0.0016
     102 -0.25000000  0.37500000  0.00000000  0.0016
     103 -0.18750000  0.37500000  0.00000000  0.0016
     104 -0.12500000  0.37500000  0.00000000  0.0016
     105 -0.06250000  0.37500000  0.00000000  0.0016
     106  0.00000000  0.43750000  0.00000000  0.0016
     107  0.06250000  0.43750000  0.00000000  0.0016
     108  0.12500000  0.43750000  0.00000000  0.0016
     109  0.18750000  0.43750000  0.00000000  0.0016
     110  0.25000000  0.43750000  0.00000000  0.0016
     111  0.31250000  0.43750000  0.00000000  0.0016
     112  0.37500000  0.43750000  0.00000000  0.0016
     113  0.43750000  0.43750000  0.00000000  0.0016
     114  0.50000000  0.43750000  0.00000000  0.0016
     115 -0.43750000  0.43750000  0.00000000  0.0016
     116 -0.37500000  0.43750000  0.00000000  0.0016
     117 -0.31250000  0.43750000  0.00000000  0.0016
     118 -0.25000000  0.43750000  0.00000000  0.0016
     119 -0.18750000  0.43750000  0.00000000  0.0016
     120 -0.12500000  0.43750000  0.00000000  0.0016
     121 -0.06250000  0.43750000  0.00000000  0.0016
     122  0.00000000  0.50000000  0.00000000  0.0008
     123  0.06250000  0.50000000  0.00000000  0.0016
     124  0.12500000  0.50000000  0.00000000  0.0016
     125  0.18750000  0.50000000  0.00000000  0.0016
     126  0.25000000  0.50000000  0.00000000  0.0016
     127  0.31250000  0.50000000  0.00000000  0.0016
     128  0.37500000  0.50000000  0.00000000  0.0016
     129  0.43750000  0.50000000  0.00000000  0.0016
     130  0.50000000  0.50000000  0.00000000  0.0008
     131  0.00000000  0.00000000  0.10000000  0.0016
     132  0.06250000  0.00000000  0.10000000  0.0016
     133  0.12500000  0.00000000  0.10000000  0.0016
     134  0.18750000  0.00000000  0.10000000  0.0016
     135  0.25000000  0.00000000  0.10000000  0.0016
     136  0.31250000  0.00000000  0.10000000  0.0016
     137  0.37500000  0.00000000  0.10000000  0.0016
     138  0.43750000  0.00000000  0.10000000  0.0016
     139  0.50000000  0.00000000  0.10000000  0.0016
     140  0.43750000  0.00000000 -0.10000000  0.0016
     141  0.37500000  0.00000000 -0.10000000  0.0016
     142  0.31250000  0.00000000 -0.10000000  0.0016
     143  0.25000000  0.00000000 -0.10000000  0.0016
     144  0.18750000  0.00000000 -0.10000000  0.0016
     145  0.12500000  0.00000000 -0.10000000  0.0016
     146 -0.06250000  0.00000000  0.10000000  0.0016
     147  0.00000000  0.06250000  0.10000000  0.0016
     148  0.06250000  0.06250000  0.10000000  0.0016
     149  0.12500000  0.06250000  0.10000000  0.0016
     150  0.18750000  0.06250000  0.10000000  0.0016
     151  0.25000000  0.06250000  0.10000000  0.0016
     152  0.31250000  0.06250000  0.10000000  0.0016
     153  0.37500000  0.06250000  0.10000000  0.0016
     154  0.43750000  0.06250000  0.10000000  0.0016
     155  0.50000000  0.06250000  0.10000000  0.0016
     156  0.43750000 -0.06250000 -0.10000000  0.0016
     157  0.37500000 -0.06250000 -0.10000000  0.0016
     158  0.31250000 -0.06250000 -0.10000000  0.0016
     159  0.25000000 -0.06250000 -0.10000000  0.0016
     160  0.18750000 -0.06250000 -0.10000000  0.0016
     161 -0.12500000  0.06250000  0.10000000  0.0016
     162 -0.06250000  0.06250000  0.10000000  0.0016
     163  0.00000000  0.12500000  0.10000000  0.0016
     164  0.06250000  0.12500000  0.10000000  0.0016
     165  0.12500000  0.12500000  0.10000000  0.0016
     166  0.18750000  0.12500000  0.10000000  0.0016
     167  0.25000000  0.12500000  0.10000000  0.0016
     168  0.31250000  0.12500000  0.10000000  0.0016
     169  0.37500000  0.12500000  0.10000000  0.0016
     170  0.43750000  0.12500000  0.10000000  0.0016
     171  0.50000000  0.12500000  0.10000000  0.0016
     172  0.43750000 -0.12500000 -0.10000000  0.0016
     173  0.37500000 -0.12500000 -0.10000000  0.0016
     174  0.31250000 -0.12500000 -0.10000000  0.0016
     175  0.25000000 -0.12500000 -0.10000000  0.0016
     176 -0.18750000  0.12500000  0.10000000  0.0016
     177 -0.12500000  0.12500000  0.10000000  0.0016
     178 -0.06250000  0.12500000  0.10000000  0.0016
     179  0.00000000  0.18750000  0.10000000  0.0016
     180  0.06250000  0.18750000  0.10000000  0.0016
     181  0.12500000  0.18750000  0.10000000  0.0016
     182  0.18750000  0.18750000  0.10000000  0.0016
     183  0.25000000  0.18750000  0.10000000  0.0016
     184  0.31250000  0.18750000  0.10000000  0.0016
     185  0.37500000  0.18750000  0.10000000  0.0016
     186  0.43750000  0.18750000  0.10000000  0.0016
     187  0.50000000  0.18750000  0.10000000  0.0016
     188  0.43750000 -0.18750000 -0.10000000  0.0016
     189  0.37500000 -0.18750000 -0.10000000  0.0016
     190  0.31250000 -0.18750000 -0.10000000  0.0016
     191 -0.25000000  0.18750000  0.10000000  0.0016
     192 -0.18750000  0.18750000  0.10000000  0.0016
     193 -0.12500000  0.18750000  0.10000000  0.0016
     194 -0.06250000  0.18750000  0.10000000  0.0016
     195  0.00000000  0.25000000  0.10000000  0.0016
     196  0.06250000  0.25000000  0.10000000  0.0016
     197  0.12500000  0.25000000  0.10000000  0.0016
     198  0.18750000  0.25000000  0.10000000  0.0016
     199  0.25000000  0.25000000  0.10000000  0.0016
     200  0.31250000  0.25000000  0.10000000  0.0016
     201  0.37500000  0.25000000  0.10000000  0.0016
     202  0.43750000  0.25000000  0.10000000  0.0016
     203  0.50000000  0.25000000  0.10000000  0.0016
     204  0.43750000 -0.25000000 -0.10000000  0.0016
     205  0.37500000 -0.25000000 -0.10000000  0.0016
     206 -0.31250000  0.25000000  0.10000000  0.0016
     207 -0.25000000  0.25000000  0.10000000  0.0016
     208 -0.18750000  0.25000000  0.10000000  0.0016
     209 -0.12500000  0.25000000  0.10000000  0.0016
     210 -0.06250000  0.25000000  0.10000000  0.0016
     211  0.00000000  0.31250000  0.10000000  0.0016
     212  0.06250000  0.31250000  0.10000000  0.0016
     213  0.12500000  0.31250000  0.10000000  0.0016
     214  0.18750000  0.31250000  0.10000000  0.0016
     215  0.25000000  0.31250000  0.10000000  0.0016
     216  0.31250000  0.31250000  0.10000000  0.0016
     217  0.37500000  0.31250000  0.10000000  0.0016
     218  0.43750000  0.31250000  0.10000000  0.0016
     219  0.50000000  0.31250000  0.10000000  0.0016
     220  0.43750000 -0.31250000 -0.10000000  0.0016
     221 -0.37500000  0.31250000  0.10000000  0.0016
     222 -0.31250000  0.31250000  0.10000000  0.0016
     223 -0.25000000  0.31250000  0.10000000  0.0016
     224 -0.18750000  0.31250000  0.10000000  0.0016
     225 -0.12500000  0.31250000  0.10000000  0.0016
     226 -0.06250000  0.31250000  0.10000000  0.0016
     227  0.00000000  0.37500000  0.10000000  0.0016
     228  0.06250000  0.37500000  0.10000000  0.0016
     229  0.12500000  0.37500000  0.10000000  0.0016
     230  0.18750000  0.37500000  0.10000000  0.0016
     231  0.25000000  0.37500000  0.10000000  0.0016
     232  0.31250000  0.37500000  0.10000000  0.0016
     233  0.37500000  0.37500000  0.10000000  0.0016
     234  0.43750000  0.37500000  0.10000000  0.0016
     235  0.50000000  0.37500000  0.10000000  0.0016
     236 -0.43750000  0.37500000  0.10000000  0.0016
     237 -0.37500000  0.37500000  0.10000000  0.0016
     238 -0.31250000  0.37500000  0.10000000  0.0016
     239 -0.25000000  0.37500000  0.10000000  0.0016
     240 -0.18750000  0.37500000  0.10000000  0.0016
     241 -0.12500000  0.37500000  0.10000000  0.0016
     242 -0.06250000  0.37500000  0.10000000  0.0016
     243  0.00000000  0.43750000  0.10000000  0.0016
     244  0.06250000  0.43750000  0.10000000  0.0016
     245  0.12500000  0.43750000  0.10000000  0.0016
     246  0.18750000  0.43750000  0.10000000  0.0016
     247  0.25000000  0.43750000  0.10000000  0.0016
     248  0.31250000  0.43750000  0.10000000  0.0016
     249  0.37500000  0.43750000  0.10000000  0.0016
     250  0.43750000  0.43750000  0.10000000  0.0016
     251  0.50000000  0.43750000  0.10000000  0.0016
     252 -0.43750000  0.43750000  0.10000000  0.0016
     253 -0.37500000  0.43750000  0.10000000  0.0016
     254 -0.31250000  0.43750000  0.10000000  0.0016
     255 -0.25000000  0.43750000  0.10000000  0.0016
     256 -0.18750000  0.43750000  0.10000000  0.0016
     257 -0.12500000  0.43750000  0.10000000  0.0016
     258 -0.06250000  0.43750000  0.10000000  0.0016
     259  0.00000000  0.50000000  0.10000000  0.0016
     260  0.06250000  0.50000000  0.10000000  0.0016
     261  0.12500000  0.50000000  0.10000000  0.0016
     262  0.18750000  0.50000000  0.10000000  0.0016
     263  0.25000000  0.50000000  0.10000000  0.0016
     264  0.31250000  0.50000000  0.10000000  0.0016
     265  0.37500000  0.50000000  0.10000000  0.0016
     266  0.43750000  0.50000000  0.10000000  0.0016
     267  0.50000000  0.50000000  0.10000000  0.0016
     268  0.43750000  0.50000000 -0.10000000  0.0016
     269  0.37500000  0.50000000 -0.10000000  0.0016
     270  0.31250000  0.50000000 -0.10000000  0.0016
     271  0.25000000  0.50000000 -0.10000000  0.0016
     272  0.18750000  0.50000000 -0.10000000  0.0016
     273  0.12500000  0.50000000 -0.10000000  0.0016
     274 -0.06250000  0.50000000  0.10000000  0.0016
     275  0.00000000  0.43750000 -0.10000000  0.0016
     276 -0.06250000  0.43750000 -0.10000000  0.0016
     277 -0.12500000  0.43750000 -0.10000000  0.0016
     278 -0.18750000  0.43750000 -0.10000000  0.0016
     279 -0.25000000  0.43750000 -0.10000000  0.0016
     280 -0.31250000  0.43750000 -0.10000000  0.0016
     281  0.37500000 -0.43750000  0.10000000  0.0016
     282  0.43750000 -0.43750000  0.10000000  0.0016
     283  0.50000000  0.43750000 -0.10000000  0.0016
     284  0.43750000  0.43750000 -0.10000000  0.0016
     285  0.37500000  0.43750000 -0.10000000  0.0016
     286  0.31250000  0.43750000 -0.10000000  0.0016
     287  0.25000000  0.43750000 -0.10000000  0.0016
     288  0.18750000  0.43750000 -0.10000000  0.0016
     289  0.12500000  0.43750000 -0.10000000  0.0016
     290  0.06250000  0.43750000 -0.10000000  0.0016
     291  0.00000000  0.37500000 -0.10000000  0.0016
     292 -0.06250000  0.37500000 -0.10000000  0.0016
     293 -0.12500000  0.37500000 -0.10000000  0.0016
     294 -0.18750000  0.37500000 -0.10000000  0.0016
     295 -0.25000000  0.37500000 -0.10000000  0.0016
     296  0.31250000 -0.37500000  0.10000000  0.0016
     297  0.37500000 -0.37500000  0.10000000  0.0016
     298  0.43750000 -0.37500000  0.10000000  0.0016
     299  0.50000000  0.37500000 -0.10000000  0.0016
     300  0.43750000  0.37500000 -0.10000000  0.0016
     301  0.37500000  0.37500000 -0.10000000  0.0016
     302  0.31250000  0.37500000 -0.10000000  0.0016
     303  0.25000000  0.37500000 -0.10000000  0.0016
     304  0.18750000  0.37500000 -0.10000000  0.0016
     305  0.12500000  0.37500000 -0.10000000  0.0016
     306  0.06250000  0.37500000 -0.10000000  0.0016
     307  0.00000000  0.31250000 -0.10000000  0.0016
     308 -0.06250000  0.31250000 -0.10000000  0.0016
     309 -0.12500000  0.31250000 -0.10000000  0.0016
     310 -0.18750000  0.31250000 -0.10000000  0.0016
     311  0.25000000 -0.31250000  0.10000000  0.0016
     312  0.31250000 -0.31250000  0.10000000  0.0016
     313  0.37500000 -0.31250000  0.10000000  0.0016
     314  0.43750000 -0.31250000  0.10000000  0.0016
     315  0.50000000  0.31250000 -0.10000000  0.0016
     316  0.43750000  0.31250000 -0.10000000  0.0016
     317  0.37500000  0.31250000 -0.10000000  0.0016
     318  0.31250000  0.31250000 -0.10000000  0.0016
     319  0.25000000  0.31250000 -0.10000000  0.0016
     320  0.18750000  0.31250000 -0.10000000  0.0016
     321  0.12500000  0.31250000 -0.10000000  0.0016
     322  0.06250000  0.31250000 -0.10000000  0.0016
     323  0.00000000  0.25000000 -0.10000000  0.0016
     324 -0.06250000  0.25000000 -0.10000000  0.0016
     325 -0.12500000  0.25000000 -0.10000000  0.0016
     326  0.18750000 -0.25000000  0.10000000  0.0016
     327  0.25000000 -0.25000000  0.10000000  0.0016
     328  0.31250000 -0.25000000  0.10000000  0.0016
     329  0.37500000 -0.25000000  0.10000000  0.0016
     330  0.43750000 -0.25000000  0.10000000  0.0016
     331  0.50000000  0.25000000 -0.10000000  0.0016
     332  0.43750000  0.25000000 -0.10000000  0.0016
     333  0.37500000  0.25000000 -0.10000000  0.0016
     334  0.31250000  0.25000000 -0.10000000  0.0016
     335  0.25000000  0.25000000 -0.10000000  0.0016
     336  0.18750000  0.25000000 -0.10000000  0.0016
     337  0.12500000  0.25000000 -0.10000000  0.0016
     338  0.06250000  0.25000000 -0.10000000  0.0016
     339  0.00000000  0.18750000 -0.10000000  0.0016
     340 -0.06250000  0.18750000 -0.10000000  0.0016
     341  0.12500000 -0.18750000  0.10000000  0.0016
     342  0.18750000 -0.18750000  0.10000000  0.0016
     343  0.25000000 -0.18750000  0.10000000  0.0016
     344  0.31250000 -0.18750000  0.10000000  0.0016
     345  0.37500000 -0.18750000  0.10000000  0.0016
     346  0.43750000 -0.18750000  0.10000000  0.0016
     347  0.50000000  0.18750000 -0.10000000  0.0016
     348  0.43750000  0.18750000 -0.10000000  0.0016
     349  0.37500000  0.18750000 -0.10000000  0.0016
     350  0.31250000  0.18750000 -0.10000000  0.0016
     351  0.25000000  0.18750000 -0.10000000  0.0016
     352  0.18750000  0.18750000 -0.10000000  0.0016
     353  0.12500000  0.18750000 -0.10000000  0.0016
     354  0.06250000  0.18750000 -0.10000000  0.0016
     355  0.00000000  0.12500000 -0.10000000  0.0016
     356  0.06250000 -0.12500000  0.10000000  0.0016
     357  0.12500000 -0.12500000  0.10000000  0.0016
     358  0.18750000 -0.12500000  0.10000000  0.0016
     359  0.25000000 -0.12500000  0.10000000  0.0016
     360  0.31250000 -0.12500000  0.10000000  0.0016
     361  0.37500000 -0.12500000  0.10000000  0.0016
     362  0.43750000 -0.12500000  0.10000000  0.0016
     363  0.50000000  0.12500000 -0.10000000  0.0016
     364  0.43750000  0.12500000 -0.10000000  0.0016
     365  0.37500000  0.12500000 -0.10000000  0.0016
     366  0.31250000  0.12500000 -0.10000000  0.0016
     367  0.25000000  0.12500000 -0.10000000  0.0016
     368  0.18750000  0.12500000 -0.10000000  0.0016
     369  0.12500000  0.12500000 -0.10000000  0.0016
     370  0.06250000  0.12500000 -0.10000000  0.0016
     371  0.00000000 -0.06250000  0.10000000  0.0016
     372  0.06250000 -0.06250000  0.10000000  0.0016
     373  0.12500000 -0.06250000  0.10000000  0.0016
     374  0.18750000 -0.06250000  0.10000000  0.0016
     375  0.25000000 -0.06250000  0.10000000  0.0016
     376  0.31250000 -0.06250000  0.10000000  0.0016
     377  0.37500000 -0.06250000  0.10000000  0.0016
     378  0.43750000 -0.06250000  0.10000000  0.0016
     379  0.50000000 -0.06250000  0.10000000  0.0016
     380  0.43750000  0.06250000 -0.10000000  0.0016
     381  0.37500000  0.06250000 -0.10000000  0.0016
     382  0.31250000  0.06250000 -0.10000000  0.0016
     383  0.25000000  0.06250000 -0.10000000  0.0016
     384  0.18750000  0.06250000 -0.10000000  0.0016
     385  0.12500000  0.06250000 -0.10000000  0.0016
     386  0.06250000  0.06250000 -0.10000000  0.0016
     387  0.00000000  0.00000000  0.20000000  0.0016
     388  0.06250000  0.00000000  0.20000000  0.0016
     389  0.12500000  0.00000000  0.20000000  0.0016
     390  0.18750000  0.00000000  0.20000000  0.0016
     391  0.25000000  0.00000000  0.20000000  0.0016
     392  0.31250000  0.00000000  0.20000000  0.0016
     393  0.37500000  0.00000000  0.20000000  0.0016
     394  0.43750000  0.00000000  0.20000000  0.0016
     395  0.50000000  0.00000000  0.20000000  0.0016
     396  0.43750000  0.00000000 -0.20000000  0.0016
     397  0.37500000  0.00000000 -0.20000000  0.0016
     398  0.31250000  0.00000000 -0.20000000  0.0016
     399  0.25000000  0.00000000 -0.20000000  0.0016
     400 -0.18750000  0.00000000  0.20000000  0.0016
     401 -0.12500000  0.00000000  0.20000000  0.0016
     402 -0.06250000  0.00000000  0.20000000  0.0016
     403  0.00000000  0.06250000  0.20000000  0.0016
     404  0.06250000  0.06250000  0.20000000  0.0016
     405  0.12500000  0.06250000  0.20000000  0.0016
     406  0.18750000  0.06250000  0.20000000  0.0016
     407  0.25000000  0.06250000  0.20000000  0.0016
     408  0.31250000  0.06250000  0.20000000  0.0016
     409  0.37500000  0.06250000  0.20000000  0.0016
     410  0.43750000  0.06250000  0.20000000  0.0016
     411  0.50000000  0.06250000  0.20000000  0.0016
     412  0.43750000 -0.06250000 -0.20000000  0.0016
     413  0.37500000 -0.06250000 -0.20000000  0.0016
     414  0.31250000 -0.06250000 -0.20000000  0.0016
     415 -0.25000000  0.06250000  0.20000000  0.0016
     416 -0.18750000  0.06250000  0.20000000  0.0016
     417 -0.12500000  0.06250000  0.20000000  0.0016
     418 -0.06250000  0.06250000  0.20000000  0.0016
     419  0.00000000  0.12500000  0.20000000  0.0016
     420  0.06250000  0.12500000  0.20000000  0.0016
     421  0.12500000  0.12500000  0.20000000  0.0016
     422  0.18750000  0.12500000  0.20000000  0.0016
     423  0.25000000  0.12500000  0.20000000  0.0016
     424  0.31250000  0.12500000  0.20000000  0.0016
     425  0.37500000  0.12500000  0.20000000  0.0016
     426  0.43750000  0.12500000  0.20000000  0.0016
     427  0.50000000  0.12500000  0.20000000  0.0016
     428  0.43750000 -0.12500000 -0.20000000  0.0016
     429  0.37500000 -0.12500000 -0.20000000  0.0016
     430 -0.31250000  0.12500000  0.20000000  0.0016
     431 -0.25000000  0.12500000  0.20000000  0.0016
     432 -0.18750000  0.12500000  0.20000000  0.0016
     433 -0.12500000  0.12500000  0.20000000  0.0016
     434 -0.06250000  0.12500000  0.20000000  0.0016
     435  0.00000000  0.18750000  0.20000000  0.0016
     436  0.06250000  0.18750000  0.20000000  0.0016
     437  0.12500000  0.18750000  0.20000000  0.0016
     438  0.18750000  0.18750000  0.20000000  0.0016
     439  0.25000000  0.18750000  0.20000000  0.0016
     440  0.31250000  0.18750000  0.20000000  0.0016
     441  0.37500000  0.18750000  0.20000000  0.0016
     442  0.43750000  0.18750000  0.20000000  0.0016
     443  0.50000000  0.18750000  0.20000000  0.0016
     444  0.43750000 -0.18750000 -0.20000000  0.0016
     445 -0.37500000  0.18750000  0.20000000  0.0016
     446 -0.31250000  0.18750000  0.20000000  0.0016
     447 -0.25000000  0.18750000  0.20000000  0.0016
     448 -0.18750000  0.18750000  0.20000000  0.0016
     449 -0.12500000  0.18750000  0.20000000  0.0016
     450 -0.06250000  0.18750000  0.20000000  0.0016
     451  0.00000000  0.25000000  0.20000000  0.0016
     452  0.06250000  0.25000000  0.20000000  0.0016
     453  0.12500000  0.25000000  0.20000000  0.0016
     454  0.18750000  0.25000000  0.20000000  0.0016
     455  0.25000000  0.25000000  0.20000000  0.0016
     456  0.31250000  0.25000000  0.20000000  0.0016
     457  0.37500000  0.25000000  0.20000000  0.0016
     458  0.43750000  0.25000000  0.20000000  0.0016
     459  0.50000000  0.25000000  0.20000000  0.0016
     460 -0.43750000  0.25000000  0.20000000  0.0016
     461 -0.37500000  0.25000000  0.20000000  0.0016
     462 -0.31250000  0.25000000  0.20000000  0.0016
     463 -0.25000000  0.25000000  0.20000000  0.0016
     464 -0.18750000  0.25000000  0.20000000  0.0016
     465 -0.12500000  0.25000000  0.20000000  0.0016
     466 -0.06250000  0.25000000  0.20000000  0.0016
     467  0.00000000  0.31250000  0.20000000  0.0016
     468  0.06250000  0.31250000  0.20000000  0.0016
     469  0.12500000  0.31250000  0.20000000  0.0016
     470  0.18750000  0.31250000  0.20000000  0.0016
     471  0.25000000  0.31250000  0.20000000  0.0016
     472  0.31250000  0.31250000  0.20000000  0.0016
     473  0.37500000  0.31250000  0.20000000  0.0016
     474  0.43750000  0.31250000  0.20000000  0.0016
     475  0.50000000  0.31250000  0.20000000  0.0016
     476 -0.43750000  0.31250000  0.20000000  0.0016
     477 -0.37500000  0.31250000  0.20000000  0.0016
     478 -0.31250000  0.31250000  0.20000000  0.0016
     479 -0.25000000  0.31250000  0.20000000  0.0016
     480 -0.18750000  0.31250000  0.20000000  0.0016
     481 -0.12500000  0.31250000  0.20000000  0.0016
     482 -0.06250000  0.31250000  0.20000000  0.0016
     483  0.00000000  0.37500000  0.20000000  0.0016
     484  0.06250000  0.37500000  0.20000000  0.0016
     485  0.12500000  0.37500000  0.20000000  0.0016
     486  0.18750000  0.37500000  0.20000000  0.0016
     487  0.25000000  0.37500000  0.20000000  0.0016
     488  0.31250000  0.37500000  0.20000000  0.0016
     489  0.37500000  0.37500000  0.20000000  0.0016
     490  0.43750000  0.37500000  0.20000000  0.0016
     491  0.50000000  0.37500000  0.20000000  0.0016
     492 -0.43750000  0.37500000  0.20000000  0.0016
     493 -0.37500000  0.37500000  0.20000000  0.0016
     494 -0.31250000  0.37500000  0.20000000  0.0016
     495 -0.25000000  0.37500000  0.20000000  0.0016
     496 -0.18750000  0.37500000  0.20000000  0.0016
     497 -0.12500000  0.37500000  0.20000000  0.0016
     498 -0.06250000  0.37500000  0.20000000  0.0016
     499  0.00000000  0.43750000  0.20000000  0.0016
     500  0.06250000  0.43750000  0.20000000  0.0016
     501  0.12500000  0.43750000  0.20000000  0.0016
     502  0.18750000  0.43750000  0.20000000  0.0016
     503  0.25000000  0.43750000  0.20000000  0.0016
     504  0.31250000  0.43750000  0.20000000  0.0016
     505  0.37500000  0.43750000  0.20000000  0.0016
     506  0.43750000  0.43750000  0.20000000  0.0016
     507  0.50000000  0.43750000  0.20000000  0.0016
     508 -0.43750000  0.43750000  0.20000000  0.0016
     509 -0.37500000  0.43750000  0.20000000  0.0016
     510 -0.31250000  0.43750000  0.20000000  0.0016
     511 -0.25000000  0.43750000  0.20000000  0.0016
     512 -0.18750000  0.43750000  0.20000000  0.0016
     513 -0.12500000  0.43750000  0.20000000  0.0016
     514 -0.06250000  0.43750000  0.20000000  0.0016
     515  0.00000000  0.50000000  0.20000000  0.0016
     516  0.06250000  0.50000000  0.20000000  0.0016
     517  0.12500000  0.50000000  0.20000000  0.0016
     518  0.18750000  0.50000000  0.20000000  0.0016
     519  0.25000000  0.50000000  0.20000000  0.0016
     520  0.31250000  0.50000000  0.20000000  0.0016
     521  0.37500000  0.50000000  0.20000000  0.0016
     522  0.43750000  0.50000000  0.20000000  0.0016
     523  0.50000000  0.50000000  0.20000000  0.0016
     524  0.43750000  0.50000000 -0.20000000  0.0016
     525  0.37500000  0.50000000 -0.20000000  0.0016
     526  0.31250000  0.50000000 -0.20000000  0.0016
     527  0.25000000  0.50000000 -0.20000000  0.0016
     528 -0.18750000  0.50000000  0.20000000  0.0016
     529 -0.12500000  0.50000000  0.20000000  0.0016
     530 -0.06250000  0.50000000  0.20000000  0.0016
     531  0.00000000  0.43750000 -0.20000000  0.0016
     532 -0.06250000  0.43750000 -0.20000000  0.0016
     533 -0.12500000  0.43750000 -0.20000000  0.0016
     534 -0.18750000  0.43750000 -0.20000000  0.0016
     535  0.25000000 -0.43750000  0.20000000  0.0016
     536  0.31250000 -0.43750000  0.20000000  0.0016
     537  0.37500000 -0.43750000  0.20000000  0.0016
     538  0.43750000 -0.43750000  0.20000000  0.0016
     539  0.50000000  0.43750000 -0.20000000  0.0016
     540  0.43750000  0.43750000 -0.20000000  0.0016
     541  0.37500000  0.43750000 -0.20000000  0.0016
     542  0.31250000  0.43750000 -0.20000000  0.0016
     543  0.25000000  0.43750000 -0.20000000  0.0016
     544  0.18750000  0.43750000 -0.20000000  0.0016
     545  0.12500000  0.43750000 -0.20000000  0.0016
     546  0.06250000  0.43750000 -0.20000000  0.0016
     547  0.00000000  0.37500000 -0.20000000  0.0016
     548 -0.06250000  0.37500000 -0.20000000  0.0016
     549 -0.12500000  0.37500000 -0.20000000  0.0016
     550  0.18750000 -0.37500000  0.20000000  0.0016
     551  0.25000000 -0.37500000  0.20000000  0.0016
     552  0.31250000 -0.37500000  0.20000000  0.0016
     553  0.37500000 -0.37500000  0.20000000  0.0016
     554  0.43750000 -0.37500000  0.20000000  0.0016
     555  0.50000000  0.37500000 -0.20000000  0.0016
     556  0.43750000  0.37500000 -0.20000000  0.0016
     557  0.37500000  0.37500000 -0.20000000  0.0016
     558  0.31250000  0.37500000 -0.20000000  0.0016
     559  0.25000000  0.37500000 -0.20000000  0.0016
     560  0.18750000  0.37500000 -0.20000000  0.0016
     561  0.12500000  0.37500000 -0.20000000  0.0016
     562  0.06250000  0.37500000 -0.20000000  0.0016
     563  0.00000000  0.31250000 -0.20000000  0.0016
     564 -0.06250000  0.31250000 -0.20000000  0.0016
     565  0.12500000 -0.31250000  0.20000000  0.0016
     566  0.18750000 -0.31250000  0.20000000  0.0016
     567  0.25000000 -0.31250000  0.20000000  0.0016
     568  0.31250000 -0.31250000  0.20000000  0.0016
     569  0.37500000 -0.31250000  0.20000000  0.0016
     570  0.43750000 -0.31250000  0.20000000  0.0016
     571  0.50000000  0.31250000 -0.20000000  0.0016
     572  0.43750000  0.31250000 -0.20000000  0.0016
     573  0.37500000  0.31250000 -0.20000000  0.0016
     574  0.31250000  0.31250000 -0.20000000  0.0016
     575  0.25000000  0.31250000 -0.20000000  0.0016
     576  0.18750000  0.31250000 -0.20000000  0.0016
     577  0.12500000  0.31250000 -0.20000000  0.0016
     578  0.06250000  0.31250000 -0.20000000  0.0016
     579  0.00000000  0.25000000 -0.20000000  0.0016
     580  0.06250000 -0.25000000  0.20000000  0.0016
     581  0.12500000 -0.25000000  0.20000000  0.0016
     582  0.18750000 -0.25000000  0.20000000  0.0016
     583  0.25000000 -0.25000000  0.20000000  0.0016
     584  0.31250000 -0.25000000  0.20000000  0.0016
     585  0.37500000 -0.25000000  0.20000000  0.0016
     586  0.43750000 -0.25000000  0.20000000  0.0016
     587  0.50000000  0.25000000 -0.20000000  0.0016
     588  0.43750000  0.25000000 -0.20000000  0.0016
     589  0.37500000  0.25000000 -0.20000000  0.0016
     590  0.31250000  0.25000000 -0.20000000  0.0016
     591  0.25000000  0.25000000 -0.20000000  0.0016
     592  0.18750000  0.25000000 -0.20000000  0.0016
     593  0.12500000  0.25000000 -0.20000000  0.0016
     594  0.06250000  0.25000000 -0.20000000  0.0016
     595  0.00000000 -0.18750000  0.20000000  0.0016
     596  0.06250000 -0.18750000  0.20000000  0.0016
     597  0.12500000 -0.18750000  0.20000000  0.0016
     598  0.18750000 -0.18750000  0.20000000  0.0016
     599  0.25000000 -0.18750000  0.20000000  0.0016
     600  0.31250000 -0.18750000  0.20000000  0.0016
     601  0.37500000 -0.18750000  0.20000000  0.0016
     602  0.43750000 -0.18750000  0.20000000  0.0016
     603  0.50000000 -0.18750000  0.20000000  0.0016
     604  0.43750000  0.18750000 -0.20000000  0.0016
     605  0.37500000  0.18750000 -0.20000000  0.0016
     606  0.31250000  0.18750000 -0.20000000  0.0016
     607  0.25000000  0.18750000 -0.20000000  0.0016
     608  0.18750000  0.18750000 -0.20000000  0.0016
     609  0.12500000  0.18750000 -0.20000000  0.0016
     610  0.06250000  0.18750000 -0.20000000  0.0016
     611  0.00000000 -0.12500000  0.20000000  0.0016
     612  0.06250000 -0.12500000  0.20000000  0.0016
     613  0.12500000 -0.12500000  0.20000000  0.0016
     614  0.18750000 -0.12500000  0.20000000  0.0016
     615  0.25000000 -0.12500000  0.20000000  0.0016
     616  0.31250000 -0.12500000  0.20000000  0.0016
     617  0.37500000 -0.12500000  0.20000000  0.0016
     618  0.43750000 -0.12500000  0.20000000  0.0016
     619  0.50000000 -0.12500000  0.20000000  0.0016
     620  0.43750000  0.12500000 -0.20000000  0.0016
     621  0.37500000  0.12500000 -0.20000000  0.0016
     622  0.31250000  0.12500000 -0.20000000  0.0016
     623  0.25000000  0.12500000 -0.20000000  0.0016
     624  0.18750000  0.12500000 -0.20000000  0.0016
     625  0.12500000  0.12500000 -0.20000000  0.0016
     626 -0.06250000 -0.12500000  0.20000000  0.0016
     627  0.00000000 -0.06250000  0.20000000  0.0016
     628  0.06250000 -0.06250000  0.20000000  0.0016
     629  0.12500000 -0.06250000  0.20000000  0.0016
     630  0.18750000 -0.06250000  0.20000000  0.0016
     631  0.25000000 -0.06250000  0.20000000  0.0016
     632  0.31250000 -0.06250000  0.20000000  0.0016
     633  0.37500000 -0.06250000  0.20000000  0.0016
     634  0.43750000 -0.06250000  0.20000000  0.0016
     635  0.50000000 -0.06250000  0.20000000  0.0016
     636  0.43750000  0.06250000 -0.20000000  0.0016
     637  0.37500000  0.06250000 -0.20000000  0.0016
     638  0.31250000  0.06250000 -0.20000000  0.0016
     639  0.25000000  0.06250000 -0.20000000  0.0016
     640  0.18750000  0.06250000 -0.20000000  0.0016
     641 -0.12500000 -0.06250000  0.20000000  0.0016
     642 -0.06250000 -0.06250000  0.20000000  0.0016
     643  0.00000000  0.00000000  0.30000000  0.0016
     644  0.06250000  0.00000000  0.30000000  0.0016
     645  0.12500000  0.00000000  0.30000000  0.0016
     646  0.18750000  0.00000000  0.30000000  0.0016
     647  0.25000000  0.00000000  0.30000000  0.0016
     648  0.31250000  0.00000000  0.30000000  0.0016
     649  0.37500000  0.00000000  0.30000000  0.0016
     650  0.43750000  0.00000000  0.30000000  0.0016
     651  0.50000000  0.00000000  0.30000000  0.0016
     652  0.43750000  0.00000000 -0.30000000  0.0016
     653  0.37500000  0.00000000 -0.30000000  0.0016
     654  0.31250000  0.00000000 -0.30000000  0.0016
     655 -0.25000000  0.00000000  0.30000000  0.0016
     656 -0.18750000  0.00000000  0.30000000  0.0016
     657 -0.12500000  0.00000000  0.30000000  0.0016
     658 -0.06250000  0.00000000  0.30000000  0.0016
     659  0.00000000  0.06250000  0.30000000  0.0016
     660  0.06250000  0.06250000  0.30000000  0.0016
     661  0.12500000  0.06250000  0.30000000  0.0016
     662  0.18750000  0.06250000  0.30000000  0.0016
     663  0.25000000  0.06250000  0.30000000  0.0016
     664  0.31250000  0.06250000  0.30000000  0.0016
     665  0.37500000  0.06250000  0.30000000  0.0016
     666  0.43750000  0.06250000  0.30000000  0.0016
     667  0.50000000  0.06250000  0.30000000  0.0016
     668  0.43750000 -0.06250000 -0.30000000  0.0016
     669  0.37500000 -0.06250000 -0.30000000  0.0016
     670 -0.31250000  0.06250000  0.30000000  0.0016
     671 -0.25000000  0.06250000  0.30000000  0.0016
     672 -0.18750000  0.06250000  0.30000000  0.0016
     673 -0.12500000  0.06250000  0.30000000  0.0016
     674 -0.06250000  0.06250000  0.30000000  0.0016
     675  0.00000000  0.12500000  0.30000000  0.0016
     676  0.06250000  0.12500000  0.30000000  0.0016
     677  0.12500000  0.12500000  0.30000000  0.0016
     678  0.18750000  0.12500000  0.30000000  0.0016
     679  0.25000000  0.12500000  0.30000000  0.0016
     680  0.31250000  0.12500000  0.30000000  0.0016
     681  0.37500000  0.12500000  0.30000000  0.0016
     682  0.43750000  0.12500000  0.30000000  0.0016
     683  0.50000000  0.12500000  0.30000000  0.0016
     684  0.43750000 -0.12500000 -0.30000000  0.0016
     685 -0.37500000  0.12500000  0.30000000  0.0016
     686 -0.31250000  0.12500000  0.30000000  0.0016
     687 -0.25000000  0.12500000  0.30000000  0.0016
     688 -0.18750000  0.12500000  0.30000000  0.0016
     689 -0.12500000  0.12500000  0.30000000  0.0016
     690 -0.06250000  0.12500000  0.30000000  0.0016
     691  0.00000000  0.18750000  0.30000000  0.0016
     692  0.06250000  0.18750000  0.30000000  0.0016
     693  0.12500000  0.18750000  0.30000000  0.0016
     694  0.18750000  0.18750000  0.30000000  0.0016
     695  0.25000000  0.18750000  0.30000000  0.0016
     696  0.31250000  0.18750000  0.30000000  0.0016
     697  0.37500000  0.18750000  0.30000000  0.0016
     698  0.43750000  0.18750000  0.30000000  0.0016
     699  0.50000000  0.18750000  0.30000000  0.0016
     700 -0.43750000  0.18750000  0.30000000  0.0016
     701 -0.37500000  0.18750000  0.30000000  0.0016
     702 -0.31250000  0.18750000  0.30000000  0.0016
     703 -0.25000000  0.18750000  0.30000000  0.0016
     704 -0.18750000  0.18750000  0.30000000  0.0016
     705 -0.12500000  0.18750000  0.30000000  0.0016
     706 -0.06250000  0.18750000  0.30000000  0.0016
     707  0.00000000  0.25000000  0.30000000  0.0016
     708  0.06250000  0.25000000  0.30000000  0.0016
     709  0.12500000  0.25000000  0.30000000  0.0016
     710  0.18750000  0.25000000  0.30000000  0.0016
     711  0.25000000  0.25000000  0.30000000  0.0016
     712  0.31250000  0.25000000  0.30000000  0.0016
     713  0.37500000  0.25000000  0.30000000  0.0016
     714  0.43750000  0.25000000  0.30000000  0.0016
     715  0.50000000  0.25000000  0.30000000  0.0016
     716 -0.43750000  0.25000000  0.30000000  0.0016
     717 -0.37500000  0.25000000  0.30000000  0.0016
     718 -0.31250000  0.25000000  0.30000000  0.0016
     719 -0.25000000  0.25000000  0.30000000  0.0016
     720 -0.18750000  0.25000000  0.30000000  0.0016
     721 -0.12500000  0.25000000  0.30000000  0.0016
     722 -0.06250000  0.25000000  0.30000000  0.0016
     723  0.00000000  0.31250000  0.30000000  0.0016
     724  0.06250000  0.31250000  0.30000000  0.0016
     725  0.12500000  0.31250000  0.30000000  0.0016
     726  0.18750000  0.31250000  0.30000000  0.0016
     727  0.25000000  0.31250000  0.30000000  0.0016
     728  0.31250000  0.31250000  0.30000000  0.0016
     729  0.37500000  0.31250000  0.30000000  0.0016
     730  0.43750000  0.31250000  0.30000000  0.0016
     731  0.50000000  0.31250000  0.30000000  0.0016
     732 -0.43750000  0.31250000  0.30000000  0.0016
     733 -0.37500000  0.31250000  0.30000000  0.0016
     734 -0.31250000  0.31250000  0.30000000  0.0016
     735 -0.25000000  0.31250000  0.30000000  0.0016
     736 -0.18750000  0.31250000  0.30000000  0.0016
     737 -0.12500000  0.31250000  0.30000000  0.0016
     738 -0.06250000  0.31250000  0.30000000  0.0016
     739  0.00000000  0.37500000  0.30000000  0.0016
     740  0.06250000  0.37500000  0.30000000  0.0016
     741  0.12500000  0.37500000  0.30000000  0.0016
     742  0.18750000  0.37500000  0.30000000  0.0016
     743  0.25000000  0.37500000  0.30000000  0.0016
     744  0.31250000  0.37500000  0.30000000  0.0016
     745  0.37500000  0.37500000  0.30000000  0.0016
     746  0.43750000  0.37500000  0.30000000  0.0016
     747  0.50000000  0.37500000  0.30000000  0.0016
     748 -0.43750000  0.37500000  0.30000000  0.0016
     749 -0.37500000  0.37500000  0.30000000  0.0016
     750 -0.31250000  0.37500000  0.30000000  0.0016
     751 -0.25000000  0.37500000  0.30000000  0.0016
     752 -0.18750000  0.37500000  0.30000000  0.0016
     753 -0.12500000  0.37500000  0.30000000  0.0016
     754 -0.06250000  0.37500000  0.30000000  0.0016
     755  0.00000000  0.43750000  0.30000000  0.0016
     756  0.06250000  0.43750000  0.30000000  0.0016
     757  0.12500000  0.43750000  0.30000000  0.0016
     758  0.18750000  0.43750000  0.30000000  0.0016
     759  0.25000000  0.43750000  0.30000000  0.0016
     760  0.31250000  0.43750000  0.30000000  0.0016
     761  0.37500000  0.43750000  0.30000000  0.0016
     762  0.43750000  0.43750000  0.30000000  0.0016
     763  0.50000000  0.43750000  0.30000000  0.0016
     764 -0.43750000  0.43750000  0.30000000  0.0016
     765 -0.37500000  0.43750000  0.30000000  0.0016
     766 -0.31250000  0.43750000  0.30000000  0.0016
     767 -0.25000000  0.43750000  0.30000000  0.0016
     768 -0.18750000  0.43750000  0.30000000  0.0016
     769 -0.12500000  0.43750000  0.30000000  0.0016
     770 -0.06250000  0.43750000  0.30000000  0.0016
     771  0.00000000  0.50000000  0.30000000  0.0016
     772  0.06250000  0.50000000  0.30000000  0.0016
     773  0.12500000  0.50000000  0.30000000  0.0016
     774  0.18750000  0.50000000  0.30000000  0.0016
     775  0.25000000  0.50000000  0.30000000  0.0016
     776  0.31250000  0.50000000  0.30000000  0.0016
     777  0.37500000  0.50000000  0.30000000  0.0016
     778  0.43750000  0.50000000  0.30000000  0.0016
     779  0.50000000  0.50000000  0.30000000  0.0016
     780  0.43750000  0.50000000 -0.30000000  0.0016
     781  0.37500000  0.50000000 -0.30000000  0.0016
     782 -0.31250000  0.50000000  0.30000000  0.0016
     783 -0.25000000  0.50000000  0.30000000  0.0016
     784 -0.18750000  0.50000000  0.30000000  0.0016
     785 -0.12500000  0.50000000  0.30000000  0.0016
     786 -0.06250000  0.50000000  0.30000000  0.0016
     787  0.00000000  0.43750000 -0.30000000  0.0016
     788 -0.06250000  0.43750000 -0.30000000  0.0016
     789 -0.12500000  0.43750000 -0.30000000  0.0016
     790  0.18750000 -0.43750000  0.30000000  0.0016
     791  0.25000000 -0.43750000  0.30000000  0.0016
     792  0.31250000 -0.43750000  0.30000000  0.0016
     793  0.37500000 -0.43750000  0.30000000  0.0016
     794  0.43750000 -0.43750000  0.30000000  0.0016
     795  0.50000000  0.43750000 -0.30000000  0.0016
     796  0.43750000  0.43750000 -0.30000000  0.0016
     797  0.37500000  0.43750000 -0.30000000  0.0016
     798  0.31250000  0.43750000 -0.30000000  0.0016
     799  0.25000000  0.43750000 -0.30000000  0.0016
     800  0.18750000  0.43750000 -0.30000000  0.0016
     801  0.12500000  0.43750000 -0.30000000  0.0016
     802  0.06250000  0.43750000 -0.30000000  0.0016
     803  0.00000000  0.37500000 -0.30000000  0.0016
     804 -0.06250000  0.37500000 -0.30000000  0.0016
     805  0.12500000 -0.37500000  0.30000000  0.0016
     806  0.18750000 -0.37500000  0.30000000  0.0016
     807  0.25000000 -0.37500000  0.30000000  0.0016
     808  0.31250000 -0.37500000  0.30000000  0.0016
     809  0.37500000 -0.37500000  0.30000000  0.0016
     810  0.43750000 -0.37500000  0.30000000  0.0016
     811  0.50000000  0.37500000 -0.30000000  0.0016
     812  0.43750000  0.37500000 -0.30000000  0.0016
     813  0.37500000  0.37500000 -0.30000000  0.0016
     814  0.31250000  0.37500000 -0.30000000  0.0016
     815  0.25000000  0.37500000 -0.30000000  0.0016
     816  0.18750000  0.37500000 -0.30000000  0.0016
     817  0.12500000  0.37500000 -0.30000000  0.0016
     818  0.06250000  0.37500000 -0.30000000  0.0016
     819  0.00000000  0.31250000 -0.30000000  0.0016
     820  0.06250000 -0.31250000  0.30000000  0.0016
     821  0.12500000 -0.31250000  0.30000000  0.0016
     822  0.18750000 -0.31250000  0.30000000  0.0016
     823  0.25000000 -0.31250000  0.30000000  0.0016
     824  0.31250000 -0.31250000  0.30000000  0.0016
     825  0.37500000 -0.31250000  0.30000000  0.0016
     826  0.43750000 -0.31250000  0.30000000  0.0016
     827  0.50000000  0.31250000 -0.30000000  0.0016
     828  0.43750000  0.31250000 -0.30000000  0.0016
     829  0.37500000  0.31250000 -0.30000000  0.0016
     830  0.31250000  0.31250000 -0.30000000  0.0016
     831  0.25000000  0.31250000 -0.30000000  0.0016
     832  0.18750000  0.31250000 -0.30000000  0.0016
     833  0.12500000  0.31250000 -0.30000000  0.0016
     834  0.06250000  0.31250000 -0.30000000  0.0016
     835  0.00000000 -0.25000000  0.30000000  0.0016
     836  0.06250000 -0.25000000  0.30000000  0.0016
     837  0.12500000 -0.25000000  0.30000000  0.0016
     838  0.18750000 -0.25000000  0.30000000  0.0016
     839  0.25000000 -0.25000000  0.30000000  0.0016
     840  0.31250000 -0.25000000  0.30000000  0.0016
     841  0.37500000 -0.25000000  0.30000000  0.0016
     842  0.43750000 -0.25000000  0.30000000  0.0016
     843  0.50000000 -0.25000000  0.30000000  0.0016
     844  0.43750000  0.25000000 -0.30000000  0.0016
     845  0.37500000  0.25000000 -0.30000000  0.0016
     846  0.31250000  0.25000000 -0.30000000  0.0016
     847  0.25000000  0.25000000 -0.30000000  0.0016
     848  0.18750000  0.25000000 -0.30000000  0.0016
     849  0.12500000  0.25000000 -0.30000000  0.0016
     850  0.06250000  0.25000000 -0.30000000  0.0016
     851  0.00000000 -0.18750000  0.30000000  0.0016
     852  0.06250000 -0.18750000  0.30000000  0.0016
     853  0.12500000 -0.18750000  0.30000000  0.0016
     854  0.18750000 -0.18750000  0.30000000  0.0016
     855  0.25000000 -0.18750000  0.30000000  0.0016
     856  0.31250000 -0.18750000  0.30000000  0.0016
     857  0.37500000 -0.18750000  0.30000000  0.0016
     858  0.43750000 -0.18750000  0.30000000  0.0016
     859  0.50000000 -0.18750000  0.30000000  0.0016
     860  0.43750000  0.18750000 -0.30000000  0.0016
     861  0.37500000  0.18750000 -0.30000000  0.0016
     862  0.31250000  0.18750000 -0.30000000  0.0016
     863  0.25000000  0.18750000 -0.30000000  0.0016
     864  0.18750000  0.18750000 -0.30000000  0.0016
     865  0.12500000  0.18750000 -0.30000000  0.0016
     866 -0.06250000 -0.18750000  0.30000000  0.0016
     867  0.00000000 -0.12500000  0.30000000  0.0016
     868  0.06250000 -0.12500000  0.30000000  0.0016
     869  0.12500000 -0.12500000  0.30000000  0.0016
     870  0.18750000 -0.12500000  0.30000000  0.0016
     871  0.25000000 -0.12500000  0.30000000  0.0016
     872  0.31250000 -0.12500000  0.30000000  0.0016
     873  0.37500000 -0.12500000  0.30000000  0.0016
     874  0.43750000 -0.12500000  0.30000000  0.0016
     875  0.50000000 -0.12500000  0.30000000  0.0016
     876  0.43750000  0.12500000 -0.30000000  0.0016
     877  0.37500000  0.12500000 -0.30000000  0.0016
     878  0.31250000  0.12500000 -0.30000000  0.0016
     879  0.25000000  0.12500000 -0.30000000  0.0016
     880  0.18750000  0.12500000 -0.30000000  0.0016
     881 -0.12500000 -0.12500000  0.30000000  0.0016
     882 -0.06250000 -0.12500000  0.30000000  0.0016
     883  0.00000000 -0.06250000  0.30000000  0.0016
     884  0.06250000 -0.06250000  0.30000000  0.0016
     885  0.12500000 -0.06250000  0.30000000  0.0016
     886  0.18750000 -0.06250000  0.30000000  0.0016
     887  0.25000000 -0.06250000  0.30000000  0.0016
     888  0.31250000 -0.06250000  0.30000000  0.0016
     889  0.37500000 -0.06250000  0.30000000  0.0016
     890  0.43750000 -0.06250000  0.30000000  0.0016
     891  0.50000000 -0.06250000  0.30000000  0.0016
     892  0.43750000  0.06250000 -0.30000000  0.0016
     893  0.37500000  0.06250000 -0.30000000  0.0016
     894  0.31250000  0.06250000 -0.30000000  0.0016
     895  0.25000000  0.06250000 -0.30000000  0.0016
     896 -0.18750000 -0.06250000  0.30000000  0.0016
     897 -0.12500000 -0.06250000  0.30000000  0.0016
     898 -0.06250000 -0.06250000  0.30000000  0.0016
     899  0.00000000  0.00000000  0.40000000  0.0016
     900  0.06250000  0.00000000  0.40000000  0.0016
     901  0.12500000  0.00000000  0.40000000  0.0016
     902  0.18750000  0.00000000  0.40000000  0.0016
     903  0.25000000  0.00000000  0.40000000  0.0016
     904  0.31250000  0.00000000  0.40000000  0.0016
     905  0.37500000  0.00000000  0.40000000  0.0016
     906  0.43750000  0.00000000  0.40000000  0.0016
     907  0.50000000  0.00000000  0.40000000  0.0016
     908  0.43750000  0.00000000 -0.40000000  0.0016
     909 -0.37500000  0.00000000  0.40000000  0.0016
     910 -0.31250000  0.00000000  0.40000000  0.0016
     911 -0.25000000  0.00000000  0.40000000  0.0016
     912 -0.18750000  0.00000000  0.40000000  0.0016
     913 -0.12500000  0.00000000  0.40000000  0.0016
     914 -0.06250000  0.00000000  0.40000000  0.0016
     915  0.00000000  0.06250000  0.40000000  0.0016
     916  0.06250000  0.06250000  0.40000000  0.0016
     917  0.12500000  0.06250000  0.40000000  0.0016
     918  0.18750000  0.06250000  0.40000000  0.0016
     919  0.25000000  0.06250000  0.40000000  0.0016
     920  0.31250000  0.06250000  0.40000000  0.0016
     921  0.37500000  0.06250000  0.40000000  0.0016
     922  0.43750000  0.06250000  0.40000000  0.0016
     923  0.50000000  0.06250000  0.40000000  0.0016
     924 -0.43750000  0.06250000  0.40000000  0.0016
     925 -0.37500000  0.06250000  0.40000000  0.0016
     926 -0.31250000  0.06250000  0.40000000  0.0016
     927 -0.25000000  0.06250000  0.40000000  0.0016
     928 -0.18750000  0.06250000  0.40000000  0.0016
     929 -0.12500000  0.06250000  0.40000000  0.0016
     930 -0.06250000  0.06250000  0.40000000  0.0016
     931  0.00000000  0.12500000  0.40000000  0.0016
     932  0.06250000  0.12500000  0.40000000  0.0016
     933  0.12500000  0.12500000  0.40000000  0.0016
     934  0.18750000  0.12500000  0.40000000  0.0016
     935  0.25000000  0.12500000  0.40000000  0.0016
     936  0.31250000  0.12500000  0.40000000  0.0016
     937  0.37500000  0.12500000  0.40000000  0.0016
     938  0.43750000  0.12500000  0.40000000  0.0016
     939  0.50000000  0.12500000  0.40000000  0.0016
     940 -0.43750000  0.12500000  0.40000000  0.0016
     941 -0.37500000  0.12500000  0.40000000  0.0016
     942 -0.31250000  0.12500000  0.40000000  0.0016
     943 -0.25000000  0.12500000  0.40000000  0.0016
     944 -0.18750000  0.12500000  0.40000000  0.0016
     945 -0.12500000  0.12500000  0.40000000  0.0016
     946 -0.06250000  0.12500000  0.40000000  0.0016
     947  0.00000000  0.18750000  0.40000000  0.0016
     948  0.06250000  0.18750000  0.40000000  0.0016
     949  0.12500000  0.18750000  0.40000000  0.0016
     950  0.18750000  0.18750000  0.40000000  0.0016
     951  0.25000000  0.18750000  0.40000000  0.0016
     952  0.31250000  0.18750000  0.40000000  0.0016
     953  0.37500000  0.18750000  0.40000000  0.0016
     954  0.43750000  0.18750000  0.40000000  0.0016
     955  0.50000000  0.18750000  0.40000000  0.0016
     956 -0.43750000  0.18750000  0.40000000  0.0016
     957 -0.37500000  0.18750000  0.40000000  0.0016
     958 -0.31250000  0.18750000  0.40000000  0.0016
     959 -0.25000000  0.18750000  0.40000000  0.0016
     960 -0.18750000  0.18750000  0.40000000  0.0016
     961 -0.12500000  0.18750000  0.40000000  0.0016
     962 -0.06250000  0.18750000  0.40000000  0.0016
     963  0.00000000  0.25000000  0.40000000  0.0016
     964  0.06250000  0.25000000  0.40000000  0.0016
     965  0.12500000  0.25000000  0.40000000  0.0016
     966  0.18750000  0.25000000  0.40000000  0.0016
     967  0.25000000  0.25000000  0.40000000  0.0016
     968  0.31250000  0.25000000  0.40000000  0.0016
     969  0.37500000  0.25000000  0.40000000  0.0016
     970  0.43750000  0.25000000  0.40000000  0.0016
     971  0.50000000  0.25000000  0.40000000  0.0016
     972 -0.43750000  0.25000000  0.40000000  0.0016
     973 -0.37500000  0.25000000  0.40000000  0.0016
     974 -0.31250000  0.25000000  0.40000000  0.0016
     975 -0.25000000  0.25000000  0.40000000  0.0016
     976 -0.18750000  0.25000000  0.40000000  0.0016
     977 -0.12500000  0.25000000  0.40000000  0.0016
     978 -0.06250000  0.25000000  0.40000000  0.0016
     979  0.00000000  0.31250000  0.40000000  0.0016
     980  0.06250000  0.31250000  0.40000000  0.0016
     981  0.12500000  0.31250000  0.40000000  0.0016
     982  0.18750000  0.31250000  0.40000000  0.0016
     983  0.25000000  0.31250000  0.40000000  0.0016
     984  0.31250000  0.31250000  0.40000000  0.0016
     985  0.37500000  0.31250000  0.40000000  0.0016
     986  0.43750000  0.31250000  0.40000000  0.0016
     987  0.50000000  0.31250000  0.40000000  0.0016
     988 -0.43750000  0.31250000  0.40000000  0.0016
     989 -0.37500000  0.31250000  0.40000000  0.0016
     990 -0.31250000  0.31250000  0.40000000  0.0016
     991 -0.25000000  0.31250000  0.40000000  0.0016
     992 -0.18750000  0.31250000  0.40000000  0.0016
     993 -0.12500000  0.31250000  0.40000000  0.0016
     994 -0.06250000  0.31250000  0.40000000  0.0016
     995  0.00000000  0.37500000  0.40000000  0.0016
     996  0.06250000  0.37500000  0.40000000  0.0016
     997  0.12500000  0.37500000  0.40000000  0.0016
     998  0.18750000  0.37500000  0.40000000  0.0016
     999  0.25000000  0.37500000  0.40000000  0.0016
    1000  0.31250000  0.37500000  0.40000000  0.0016
    1001  0.37500000  0.37500000  0.40000000  0.0016
    1002  0.43750000  0.37500000  0.40000000  0.0016
    1003  0.50000000  0.37500000  0.40000000  0.0016
    1004 -0.43750000  0.37500000  0.40000000  0.0016
    1005 -0.37500000  0.37500000  0.40000000  0.0016
    1006 -0.31250000  0.37500000  0.40000000  0.0016
    1007 -0.25000000  0.37500000  0.40000000  0.0016
    1008 -0.18750000  0.37500000  0.40000000  0.0016
    1009 -0.12500000  0.37500000  0.40000000  0.0016
    1010 -0.06250000  0.37500000  0.40000000  0.0016
    1011  0.00000000  0.43750000  0.40000000  0.0016
    1012  0.06250000  0.43750000  0.40000000  0.0016
    1013  0.12500000  0.43750000  0.40000000  0.0016
    1014  0.18750000  0.43750000  0.40000000  0.0016
    1015  0.25000000  0.43750000  0.40000000  0.0016
    1016  0.31250000  0.43750000  0.40000000  0.0016
    1017  0.37500000  0.43750000  0.40000000  0.0016
    1018  0.43750000  0.43750000  0.40000000  0.0016
    1019  0.50000000  0.43750000  0.40000000  0.0016
    1020 -0.43750000  0.43750000  0.40000000  0.0016
    1021 -0.37500000  0.43750000  0.40000000  0.0016
    1022 -0.31250000  0.43750000  0.40000000  0.0016
    1023 -0.25000000  0.43750000  0.40000000  0.0016
    1024 -0.18750000  0.43750000  0.40000000  0.0016
    1025 -0.12500000  0.43750000  0.40000000  0.0016
    1026 -0.06250000  0.43750000  0.40000000  0.0016
    1027  0.00000000  0.50000000  0.40000000  0.0016
    1028  0.06250000  0.50000000  0.40000000  0.0016
    1029  0.12500000  0.50000000  0.40000000  0.0016
    1030  0.18750000  0.50000000  0.40000000  0.0016
    1031  0.25000000  0.50000000  0.40000000  0.0016
    1032  0.31250000  0.50000000  0.40000000  0.0016
    1033  0.37500000  0.50000000  0.40000000  0.0016
    1034  0.43750000  0.50000000  0.40000000  0.0016
    1035  0.50000000  0.50000000  0.40000000  0.0016
    1036  0.43750000  0.50000000 -0.40000000  0.0016
    1037 -0.37500000  0.50000000  0.40000000  0.0016
    1038 -0.31250000  0.50000000  0.40000000  0.0016
    1039 -0.25000000  0.50000000  0.40000000  0.0016
    1040 -0.18750000  0.50000000  0.40000000  0.0016
    1041 -0.12500000  0.50000000  0.40000000  0.0016
    1042 -0.06250000  0.50000000  0.40000000  0.0016
    1043  0.00000000  0.43750000 -0.40000000  0.0016
    1044  0.06250000 -0.43750000  0.40000000  0.0016
    1045  0.12500000 -0.43750000  0.40000000  0.0016
    1046  0.18750000 -0.43750000  0.40000000  0.0016
    1047  0.25000000 -0.43750000  0.40000000  0.0016
    1048  0.31250000 -0.43750000  0.40000000  0.0016
    1049  0.37500000 -0.43750000  0.40000000  0.0016
    1050  0.43750000 -0.43750000  0.40000000  0.0016
    1051  0.50000000  0.43750000 -0.40000000  0.0016
    1052  0.43750000  0.43750000 -0.40000000  0.0016
    1053  0.37500000  0.43750000 -0.40000000  0.0016
    1054  0.31250000  0.43750000 -0.40000000  0.0016
    1055  0.25000000  0.43750000 -0.40000000  0.0016
    1056  0.18750000  0.43750000 -0.40000000  0.0016
    1057  0.12500000  0.43750000 -0.40000000  0.0016
    1058  0.06250000  0.43750000 -0.40000000  0.0016
    1059  0.00000000 -0.37500000  0.40000000  0.0016
    1060  0.06250000 -0.37500000  0.40000000  0.0016
    1061  0.12500000 -0.37500000  0.40000000  0.0016
    1062  0.18750000 -0.37500000  0.40000000  0.0016
    1063  0.25000000 -0.37500000  0.40000000  0.0016
    1064  0.31250000 -0.37500000  0.40000000  0.0016
    1065  0.37500000 -0.37500000  0.40000000  0.0016
    1066  0.43750000 -0.37500000  0.40000000  0.0016
    1067  0.50000000 -0.37500000  0.40000000  0.0016
    1068  0.43750000  0.37500000 -0.40000000  0.0016
    1069  0.37500000  0.37500000 -0.40000000  0.0016
    1070  0.31250000  0.37500000 -0.40000000  0.0016
    1071  0.25000000  0.37500000 -0.40000000  0.0016
    1072  0.18750000  0.37500000 -0.40000000  0.0016
    1073  0.12500000  0.37500000 -0.40000000  0.0016
    1074  0.06250000  0.37500000 -0.40000000  0.0016
    1075  0.00000000 -0.31250000  0.40000000  0.0016
    1076  0.06250000 -0.31250000  0.40000000  0.0016
    1077  0.12500000 -0.31250000  0.40000000  0.0016
    1078  0.18750000 -0.31250000  0.40000000  0.0016
    1079  0.25000000 -0.31250000  0.40000000  0.0016
    1080  0.31250000 -0.31250000  0.40000000  0.0016
    1081  0.37500000 -0.31250000  0.40000000  0.0016
    1082  0.43750000 -0.31250000  0.40000000  0.0016
    1083  0.50000000 -0.31250000  0.40000000  0.0016
    1084  0.43750000  0.31250000 -0.40000000  0.0016
    1085  0.37500000  0.31250000 -0.40000000  0.0016
    1086  0.31250000  0.31250000 -0.40000000  0.0016
    1087  0.25000000  0.31250000 -0.40000000  0.0016
    1088  0.18750000  0.31250000 -0.40000000  0.0016
    1089  0.12500000  0.31250000 -0.40000000  0.0016
    1090 -0.06250000 -0.31250000  0.40000000  0.0016
    1091  0.00000000 -0.25000000  0.40000000  0.0016
    1092  0.06250000 -0.25000000  0.40000000  0.0016
    1093  0.12500000 -0.25000000  0.40000000  0.0016
    1094  0.18750000 -0.25000000  0.40000000  0.0016
    1095  0.25000000 -0.25000000  0.40000000  0.0016
    1096  0.31250000 -0.25000000  0.40000000  0.0016
    1097  0.37500000 -0.25000000  0.40000000  0.0016
    1098  0.43750000 -0.25000000  0.40000000  0.0016
    1099  0.50000000 -0.25000000  0.40000000  0.0016
    1100  0.43750000  0.25000000 -0.40000000  0.0016
    1101  0.37500000  0.25000000 -0.40000000  0.0016
    1102  0.31250000  0.25000000 -0.40000000  0.0016
    1103  0.25000000  0.25000000 -0.40000000  0.0016
    1104  0.18750000  0.25000000 -0.40000000  0.0016
    1105 -0.12500000 -0.25000000  0.40000000  0.0016
    1106 -0.06250000 -0.25000000  0.40000000  0.0016
    1107  0.00000000 -0.18750000  0.40000000  0.0016
    1108  0.06250000 -0.18750000  0.40000000  0.0016
    1109  0.12500000 -0.18750000  0.40000000  0.0016
    1110  0.18750000 -0.18750000  0.40000000  0.0016
    1111  0.25000000 -0.18750000  0.40000000  0.0016
    1112  0.31250000 -0.18750000  0.40000000  0.0016
    1113  0.37500000 -0.18750000  0.40000000  0.0016
    1114  0.43750000 -0.18750000  0.40000000  0.0016
    1115  0.50000000 -0.18750000  0.40000000  0.0016
    1116  0.43750000  0.18750000 -0.40000000  0.0016
    1117  0.37500000  0.18750000 -0.40000000  0.0016
    1118  0.31250000  0.18750000 -0.40000000  0.0016
    1119  0.25000000  0.18750000 -0.40000000  0.0016
    1120 -0.18750000 -0.18750000  0.40000000  0.0016
    1121 -0.12500000 -0.18750000  0.40000000  0.0016
    1122 -0.06250000 -0.18750000  0.40000000  0.0016
    1123  0.00000000 -0.12500000  0.40000000  0.0016
    1124  0.06250000 -0.12500000  0.40000000  0.0016
    1125  0.12500000 -0.12500000  0.40000000  0.0016
    1126  0.18750000 -0.12500000  0.40000000  0.0016
    1127  0.25000000 -0.12500000  0.40000000  0.0016
    1128  0.31250000 -0.12500000  0.40000000  0.0016
    1129  0.37500000 -0.12500000  0.40000000  0.0016
    1130  0.43750000 -0.12500000  0.40000000  0.0016
    1131  0.50000000 -0.12500000  0.40000000  0.0016
    1132  0.43750000  0.12500000 -0.40000000  0.0016
    1133  0.37500000  0.12500000 -0.40000000  0.0016
    1134  0.31250000  0.12500000 -0.40000000  0.0016
    1135 -0.25000000 -0.12500000  0.40000000  0.0016
    1136 -0.18750000 -0.12500000  0.40000000  0.0016
    1137 -0.12500000 -0.12500000  0.40000000  0.0016
    1138 -0.06250000 -0.12500000  0.40000000  0.0016
    1139  0.00000000 -0.06250000  0.40000000  0.0016
    1140  0.06250000 -0.06250000  0.40000000  0.0016
    1141  0.12500000 -0.06250000  0.40000000  0.0016
    1142  0.18750000 -0.06250000  0.40000000  0.0016
    1143  0.25000000 -0.06250000  0.40000000  0.0016
    1144  0.31250000 -0.06250000  0.40000000  0.0016
    1145  0.37500000 -0.06250000  0.40000000  0.0016
    1146  0.43750000 -0.06250000  0.40000000  0.0016
    1147  0.50000000 -0.06250000  0.40000000  0.0016
    1148  0.43750000  0.06250000 -0.40000000  0.0016
    1149  0.37500000  0.06250000 -0.40000000  0.0016
    1150 -0.31250000 -0.06250000  0.40000000  0.0016
    1151 -0.25000000 -0.06250000  0.40000000  0.0016
    1152 -0.18750000 -0.06250000  0.40000000  0.0016
    1153 -0.12500000 -0.06250000  0.40000000  0.0016
    1154 -0.06250000 -0.06250000  0.40000000  0.0016
    1155  0.00000000  0.00000000  0.50000000  0.0008
    1156  0.06250000  0.00000000  0.50000000  0.0016
    1157  0.12500000  0.00000000  0.50000000  0.0016
    1158  0.18750000  0.00000000  0.50000000  0.0016
    1159  0.25000000  0.00000000  0.50000000  0.0016
    1160  0.31250000  0.00000000  0.50000000  0.0016
    1161  0.37500000  0.00000000  0.50000000  0.0016
    1162  0.43750000  0.00000000  0.50000000  0.0016
    1163  0.50000000  0.00000000  0.50000000  0.0008
    1164  0.00000000  0.06250000  0.50000000  0.0016
    1165  0.06250000  0.06250000  0.50000000  0.0016
    1166  0.12500000  0.06250000  0.50000000  0.0016
    1167  0.18750000  0.06250000  0.50000000  0.0016
    1168  0.25000000  0.06250000  0.50000000  0.0016
    1169  0.31250000  0.06250000  0.50000000  0.0016
    1170  0.37500000  0.06250000  0.50000000  0.0016
    1171  0.43750000  0.06250000  0.50000000  0.0016
    1172  0.50000000  0.06250000  0.50000000  0.0016
    1173  0.43750000 -0.06250000  0.50000000  0.0016
    1174  0.37500000 -0.06250000  0.50000000  0.0016
    1175  0.31250000 -0.06250000  0.50000000  0.0016
    1176  0.25000000 -0.06250000  0.50000000  0.0016
    1177  0.18750000 -0.06250000  0.50000000  0.0016
    1178  0.12500000 -0.06250000  0.50000000  0.0016
    1179 -0.06250000  0.06250000  0.50000000  0.0016
    1180  0.00000000  0.12500000  0.50000000  0.0016
    1181  0.06250000  0.12500000  0.50000000  0.0016
    1182  0.12500000  0.12500000  0.50000000  0.0016
    1183  0.18750000  0.12500000  0.50000000  0.0016
    1184  0.25000000  0.12500000  0.50000000  0.0016
    1185  0.31250000  0.12500000  0.50000000  0.0016
    1186  0.37500000  0.12500000  0.50000000  0.0016
    1187  0.43750000  0.12500000  0.50000000  0.0016
    1188  0.50000000  0.12500000  0.50000000  0.0016
    1189  0.43750000 -0.12500000  0.50000000  0.0016
    1190  0.37500000 -0.12500000  0.50000000  0.0016
    1191  0.31250000 -0.12500000  0.50000000  0.0016
    1192  0.25000000 -0.12500000  0.50000000  0.0016
    1193  0.18750000 -0.12500000  0.50000000  0.0016
    1194 -0.12500000  0.12500000  0.50000000  0.0016
    1195 -0.06250000  0.12500000  0.50000000  0.0016
    1196  0.00000000  0.18750000  0.50000000  0.0016
    1197  0.06250000  0.18750000  0.50000000  0.0016
    1198  0.12500000  0.18750000  0.50000000  0.0016
    1199  0.18750000  0.18750000  0.50000000  0.0016
    1200  0.25000000  0.18750000  0.50000000  0.0016
    1201  0.31250000  0.18750000  0.50000000  0.0016
    1202  0.37500000  0.18750000  0.50000000  0.0016
    1203  0.43750000  0.18750000  0.50000000  0.0016
    1204  0.50000000  0.18750000  0.50000000  0.0016
    1205  0.43750000 -0.18750000  0.50000000  0.0016
    1206  0.37500000 -0.18750000  0.50000000  0.0016
    1207  0.31250000 -0.18750000  0.50000000  0.0016
    1208  0.25000000 -0.18750000  0.50000000  0.0016
    1209 -0.18750000  0.18750000  0.50000000  0.0016
    1210 -0.12500000  0.18750000  0.50000000  0.0016
    1211 -0.06250000  0.18750000  0.50000000  0.0016
    1212  0.00000000  0.25000000  0.50000000  0.0016
    1213  0.06250000  0.25000000  0.50000000  0.0016
    1214  0.12500000  0.25000000  0.50000000  0.0016
    1215  0.18750000  0.25000000  0.50000000  0.0016
    1216  0.25000000  0.25000000  0.50000000  0.0016
    1217  0.31250000  0.25000000  0.50000000  0.0016
    1218  0.37500000  0.25000000  0.50000000  0.0016
    1219  0.43750000  0.25000000  0.50000000  0.0016
    1220  0.50000000  0.25000000  0.50000000  0.0016
    1221  0.43750000 -0.25000000  0.50000000  0.0016
    1222  0.37500000 -0.25000000  0.50000000  0.0016
    1223  0.31250000 -0.25000000  0.50000000  0.0016
    1224 -0.25000000  0.25000000  0.50000000  0.0016
    1225 -0.18750000  0.25000000  0.50000000  0.0016
    1226 -0.12500000  0.25000000  0.50000000  0.0016
    1227 -0.06250000  0.25000000  0.50000000  0.0016
    1228  0.00000000  0.31250000  0.50000000  0.0016
    1229  0.06250000  0.31250000  0.50000000  0.0016
    1230  0.12500000  0.31250000  0.50000000  0.0016
    1231  0.18750000  0.31250000  0.50000000  0.0016
    1232  0.25000000  0.31250000  0.50000000  0.0016
    1233  0.31250000  0.31250000  0.50000000  0.0016
    1234  0.37500000  0.31250000  0.50000000  0.0016
    1235  0.43750000  0.31250000  0.50000000  0.0016
    1236  0.50000000  0.31250000  0.50000000  0.0016
    1237  0.43750000 -0.31250000  0.50000000  0.0016
    1238  0.37500000 -0.31250000  0.50000000  0.0016
    1239 -0.31250000  0.31250000  0.50000000  0.0016
    1240 -0.25000000  0.31250000  0.50000000  0.0016
    1241 -0.18750000  0.31250000  0.50000000  0.0016
    1242 -0.12500000  0.31250000  0.50000000  0.0016
    1243 -0.06250000  0.31250000  0.50000000  0.0016
    1244  0.00000000  0.37500000  0.50000000  0.0016
    1245  0.06250000  0.37500000  0.50000000  0.0016
    1246  0.12500000  0.37500000  0.50000000  0.0016
    1247  0.18750000  0.37500000  0.50000000  0.0016
    1248  0.25000000  0.37500000  0.50000000  0.0016
    1249  0.31250000  0.37500000  0.50000000  0.0016
    1250  0.37500000  0.37500000  0.50000000  0.0016
    1251  0.43750000  0.37500000  0.50000000  0.0016
    1252  0.50000000  0.37500000  0.50000000  0.0016
    1253  0.43750000 -0.37500000  0.50000000  0.0016
    1254 -0.37500000  0.37500000  0.50000000  0.0016
    1255 -0.31250000  0.37500000  0.50000000  0.0016
    1256 -0.25000000  0.37500000  0.50000000  0.0016
    1257 -0.18750000  0.37500000  0.50000000  0.0016
    1258 -0.12500000  0.37500000  0.50000000  0.0016
    1259 -0.06250000  0.37500000  0.50000000  0.0016
    1260  0.00000000  0.43750000  0.50000000  0.0016
    1261  0.06250000  0.43750000  0.50000000  0.0016
    1262  0.12500000  0.43750000  0.50000000  0.0016
    1263  0.18750000  0.43750000  0.50000000  0.0016
    1264  0.25000000  0.43750000  0.50000000  0.0016
    1265  0.31250000  0.43750000  0.50000000  0.0016
    1266  0.37500000  0.43750000  0.50000000  0.0016
    1267  0.43750000  0.43750000  0.50000000  0.0016
    1268  0.50000000  0.43750000  0.50000000  0.0016
    1269 -0.43750000  0.43750000  0.50000000  0.0016
    1270 -0.37500000  0.43750000  0.50000000  0.0016
    1271 -0.31250000  0.43750000  0.50000000  0.0016
    1272 -0.25000000  0.43750000  0.50000000  0.0016
    1273 -0.18750000  0.43750000  0.50000000  0.0016
    1274 -0.12500000  0.43750000  0.50000000  0.0016
    1275 -0.06250000  0.43750000  0.50000000  0.0016
    1276  0.00000000  0.50000000  0.50000000  0.0008
    1277  0.06250000  0.50000000  0.50000000  0.0016
    1278  0.12500000  0.50000000  0.50000000  0.0016
    1279  0.18750000  0.50000000  0.50000000  0.0016
    1280  0.25000000  0.50000000  0.50000000  0.0016
    1281  0.31250000  0.50000000  0.50000000  0.0016
    1282  0.37500000  0.50000000  0.50000000  0.0016
    1283  0.43750000  0.50000000  0.50000000  0.0016
    1284  0.50000000  0.50000000  0.50000000  0.0008

 DONE : INIT K-POINTS Time : 0.0845178 (SEC)

 Libxc v7.0.0
	S. Lehtola, C. Steigemann, M. J.T. Oliveira, and M. A.L. Marques.,  SoftwareX 7, 1–5 (2018)
 XC: Slater exchange
	P. A. M. Dirac.,  Math. Proc. Cambridge Philos. Soc. 26, 376 (1930)
	F. Bloch.,  Z. Phys. 57, 545 (1929)
 XC: Perdew & Zunger
	J. P. Perdew and A. Zunger.,  Phys. Rev. B 23, 5048 (1981)


 >>>>>>>>>>>>>>>>>>>>>>>>>>>>>>>>>>>>>>>>>>>>>>>>>>>>>>>>>>>>>>>>>>>>>>
 |                                                                    |
 | Setup charge mixing parameters                                     |
 |                                                                    |
 <<<<<<<<<<<<<<<<<<<<<<<<<<<<<<<<<<<<<<<<<<<<<<<<<<<<<<<<<<<<<<<<<<<<<<

                              mixing_type = broyden
                              mixing_beta = 0.4
                               mixing_gg0 = 1
                           mixing_gg0_min = 0.1
                              mixing_ndim = 8


 >>>>>>>>>>>>>>>>>>>>>>>>>>>>>>>>>>>>>>>>>>>>>>>>>>>>>>>>>>>>>>>>>>>>>>
 |                                                                    |
 |              #Setup Plane Waves of Wave Functions#                 |
 | Use the kinetic energy cutoff and the lattice vectors to generate  |
 | the dimensions of FFT grid, which is used to represent the wave    |
 | functions of electrons.                                            |
 |                                                                    |
 <<<<<<<<<<<<<<<<<<<<<<<<<<<<<<<<<<<<<<<<<<<<<<<<<<<<<<<<<<<<<<<<<<<<<

 SETUP PLANE WAVES FOR WAVE FUNCTIONS
     Energy cutoff for wavefunc (unit:Ry) = 40
              FFT grid for wave functions = [ 25, 25, 40 ]
              Number of total plane waves = 2165
        Number of sticks on FFT x-y plane = 139

 PARALLEL PW FOR WAVE FUNCTIONS
     PROC   COLUMNS(POT)             PW
        1             35            541
        2             35            541
        3             34            542
        4             35            541
 --------------- sum -------------------
        4            139           2165
 DONE : INIT PLANEWAVE Time : 0.114982 (SEC)

                                 init_chg = atomic
 DONE : LOCAL POTENTIAL Time : 0.141813 (SEC)


 SETUP NONLOCAL PSEUDOPOTENTIALS IN PLANE WAVE BASIS
 Mg non-local projectors:
      TOTAL NUMBER OF NONLOCAL PROJECTORS = 0

 nhm = 0, not allocate some matrix.
 Init Non-Local PseudoPotential table : 
 Init Non-Local-Pseudopotential done.
 DONE : NON-LOCAL POTENTIAL Time : 0.142449 (SEC)

                                     npwx = 341

 *** Memory Allocation Warning ***  Psi_PW 80.1716 MB

 Using RANDOM starting wave functions for all 12 bands

 WARNING:
 init_wfc = atomic requires atomic pseudo wavefunctions(PP_PSWFC), but none available. 
 Automatically switch to random initialization.
 Note: Random starting wavefunctions may slow down convergence.
      For faster convergence, consider using:
      1) A pseudopotential file that includes atomic wavefunctions (with PP_PSWFC), or
      2) Numerical atomic orbitals with 'init_wfc = nao' or 'nao+random' if available.

 DONE : INIT BASIS Time : 0.142491 (SEC)

 ================================================================
 SELF-CONSISTENT
 ================================================================
 DONE : INIT SCF Time : 1.7786 (SEC)


 ++++++++++++++++++++++++++++++++++++++++++++++++++++++++++++++++++++++
 --> #ION MOVE#         1  #ELEC ITER#         1
 ++++++++++++++++++++++++++++++++++++++++++++++++++++++++++++++++++++++
 Average iterative diagonalization steps for k-points is 8.13941
 current threshold of diagonalizaiton is 0.01
 Electron density deviation 0.091129
                          Diago Threshold = 0.01
 ----------------------------------------------------------
      Energy           Rydberg                 eV          
 ----------------------------------------------------------
  E_KohnSham     -3.6047932922        -49.0457288858       
  E_Harris       -3.5605951012        -48.4443816478       
  E_Fermi        0.2539830650         3.4556168795         
  E_gap(k)       0.0008029062         0.0109240997         
 ----------------------------------------------------------


 ++++++++++++++++++++++++++++++++++++++++++++++++++++++++++++++++++++++
 --> #ION MOVE#         1  #ELEC ITER#         2
 ++++++++++++++++++++++++++++++++++++++++++++++++++++++++++++++++++++++
 Average iterative diagonalization steps for k-points is 2.02492
 current threshold of diagonalizaiton is 0.00227822
 Electron density deviation 0.0367755
                          Diago Threshold = 0.00227822
 ----------------------------------------------------------
      Energy           Rydberg                 eV          
 ----------------------------------------------------------
  E_KohnSham     -3.6233981463        -49.2988609122       
  E_Harris       -3.5925134058        -48.8786524608       
  E_Fermi        0.2482509648         3.3776276548         
  E_gap(k)       0.0025624756         0.0348642694         
 ----------------------------------------------------------


 ++++++++++++++++++++++++++++++++++++++++++++++++++++++++++++++++++++++
 --> #ION MOVE#         1  #ELEC ITER#         3
 ++++++++++++++++++++++++++++++++++++++++++++++++++++++++++++++++++++++
 Average iterative diagonalization steps for k-points is 2.00234
 current threshold of diagonalizaiton is 0.000919387
 Electron density deviation 3.84515e-05
                          Diago Threshold = 0.000919387
 ----------------------------------------------------------
      Energy           Rydberg                 eV          
 ----------------------------------------------------------
  E_KohnSham     -3.6242375397        -49.3102814455       
  E_Harris       -3.6227097673        -49.2894950360       
  E_Fermi        0.2464602507         3.3532637399         
  E_gap(k)       0.0034710040         0.0472254327         
 ----------------------------------------------------------


 ++++++++++++++++++++++++++++++++++++++++++++++++++++++++++++++++++++++
 --> #ION MOVE#         1  #ELEC ITER#         4
 ++++++++++++++++++++++++++++++++++++++++++++++++++++++++++++++++++++++
 Average iterative diagonalization steps for k-points is 5.17368
 current threshold of diagonalizaiton is 9.61287e-07
 Electron density deviation 8.52249e-06
                          Diago Threshold = 9.61287e-07
 ----------------------------------------------------------
      Energy           Rydberg                 eV          
 ----------------------------------------------------------
  E_KohnSham     -3.6244228208        -49.3128023237       
  E_Harris       -3.6238691584        -49.3052693603       
  E_Fermi        0.2465014970         3.3538249249         
  E_gap(k)       0.0034720395         0.0472395207         
 ----------------------------------------------------------


 ++++++++++++++++++++++++++++++++++++++++++++++++++++++++++++++++++++++
 --> #ION MOVE#         1  #ELEC ITER#         5
 ++++++++++++++++++++++++++++++++++++++++++++++++++++++++++++++++++++++
 Average iterative diagonalization steps for k-points is 2.02103
 current threshold of diagonalizaiton is 2.13062e-07
 Electron density deviation 4.13659e-07
                          Diago Threshold = 2.13062e-07
 ----------------------------------------------------------
      Energy           Rydberg                 eV          
 ----------------------------------------------------------
  E_KohnSham     -3.6244252680        -49.3128356199       
  E_Harris       -3.6244968555        -49.3138096173       
  E_Fermi        0.2465255175         3.3541517398         
  E_gap(k)       0.0034559550         0.0470206806         
 ----------------------------------------------------------


 ++++++++++++++++++++++++++++++++++++++++++++++++++++++++++++++++++++++
 --> #ION MOVE#         1  #ELEC ITER#         6
 ++++++++++++++++++++++++++++++++++++++++++++++++++++++++++++++++++++++
 Average iterative diagonalization steps for k-points is 2.81931
 current threshold of diagonalizaiton is 1.03415e-08
 Electron density deviation 1.9959e-08
                          Diago Threshold = 1.03415e-08
 ----------------------------------------------------------
      Energy           Rydberg                 eV          
 ----------------------------------------------------------
  E_KohnSham     -3.6244254308        -49.3128378349       
  E_Harris       -3.6244280971        -49.3128741122       
  E_Fermi        0.2465378319         3.3543192867         
  E_gap(k)       0.0034530858         0.0469816424         
 ----------------------------------------------------------


 ++++++++++++++++++++++++++++++++++++++++++++++++++++++++++++++++++++++
 --> #ION MOVE#         1  #ELEC ITER#         7
 ++++++++++++++++++++++++++++++++++++++++++++++++++++++++++++++++++++++
 Average iterative diagonalization steps for k-points is 2.65966
 current threshold of diagonalizaiton is 4.98976e-10
 Electron density deviation 2.25059e-09
                          Diago Threshold = 4.98976e-10
 ----------------------------------------------------------
      Energy           Rydberg                 eV          
 ----------------------------------------------------------
  E_KohnSham     -3.6244254356        -49.3128379002       
  E_Harris       -3.6244209633        -49.3127770512       
  E_Fermi        0.2465373498         3.3543127274         
  E_gap(k)       0.0034522874         0.0469707793         
 ----------------------------------------------------------


 ++++++++++++++++++++++++++++++++++++++++++++++++++++++++++++++++++++++
 --> #ION MOVE#         1  #ELEC ITER#         8
 ++++++++++++++++++++++++++++++++++++++++++++++++++++++++++++++++++++++
 Average iterative diagonalization steps for k-points is 2.32321
 current threshold of diagonalizaiton is 5.62649e-11
 Electron density deviation 1.38503e-10
                          Diago Threshold = 5.62649e-11
 ----------------------------------------------------------
      Energy           Rydberg                 eV          
 ----------------------------------------------------------
  E_KohnSham     -3.6244254361        -49.3128379071       
  E_Harris       -3.6244270188        -49.3128594415       
  E_Fermi        0.2465362379         3.3542975995         
  E_gap(k)       0.0034524511         0.0469730072         
 ----------------------------------------------------------


 ++++++++++++++++++++++++++++++++++++++++++++++++++++++++++++++++++++++
 --> #ION MOVE#         1  #ELEC ITER#         9
 ++++++++++++++++++++++++++++++++++++++++++++++++++++++++++++++++++++++
 Average iterative diagonalization steps for k-points is 2.75312
 current threshold of diagonalizaiton is 3.46258e-12
 Electron density deviation 2.56658e-12
                          Diago Threshold = 3.46258e-12
 ----------------------------------------------------------
      Energy           Rydberg                 eV          
 ----------------------------------------------------------
  E_KohnSham     -3.6244254362        -49.3128379079       
  E_KS(sigma->0) -3.6233029389        -49.2975655486       
  E_Harris       -3.6244255238        -49.3128391002       
  E_band         0.1558149358         2.1199709598         
  E_one_elec     2.3621236938         32.1383416159        
  E_Hartree      0.0083175881         0.1131665922         
  E_xc           -1.7081942460        -23.2411750366       
  E_Ewald        -4.2844274774        -58.2926263609       
  E_entropy(-TS) -0.0022449946        -0.0305447185        
  E_descf        0.0000000000         0.0000000000         
  E_localpp      1.0007761908         13.6162586172        
  E_exx          0.0000000000         0.0000000000         
  E_Fermi        0.2465363504         3.3542991302         
  E_gap(k)       0.0034524168         0.0469725402         
 ----------------------------------------------------------

 #SCF IS CONVERGED#
 #TOTAL ENERGY# -49.312837908 eV
 Write eigenvalues and occupations to file: OUT.s1_mg_ksdft_k016x016x010/eig_occ.txt



 #TOTAL-FORCE (eV/Angstrom)#
 -------------------------------------------------------------------------
     Atoms              Force_x              Force_y              Force_z 
 -------------------------------------------------------------------------
       Mg1         0.0000000000         0.0000000000        -0.0000006062 
       Mg2         0.0000000000         0.0000000000         0.0000006062 
 -------------------------------------------------------------------------

 #TOTAL-STRESS (kbar)#
 ----------------------------------------------------------------
              Stress_x             Stress_y             Stress_z 
 ----------------------------------------------------------------
        -29.9259204769         0.0000005573        -0.0000002910 
          0.0000005573       -29.9259207093         0.0000003877 
         -0.0000002910         0.0000003877       -28.2594308065 
 ----------------------------------------------------------------
 #TOTAL-PRESSURE# (EXCLUDE KINETIC PART OF IONS): -29.370424 kbar

 --------------------------------------------
 !FINAL_ETOT_IS -49.3128379078865393 eV
 --------------------------------------------



 TIME STATISTICS
-------------------------------------------------------------------
   CLASS_NAME           NAME         TIME/s  CALLS   AVG/s  PER/%  
-------------------------------------------------------------------
                 total               64.16  15       4.28   100.00 
 Driver          atomic_world        64.16  1        64.16  100.00 
 Relax_Driver    relax_driver        64.01  1        64.01  99.77  
 ESolver_KS      runner              63.91  1        63.91  99.62  
 ESolver_KS_PW   before_scf          1.64   1        1.64   2.55   
 PSIPrepare      initialize_psi      1.63   1        1.63   2.55   
 DiagoIterAssist diag_subspace       10.96  11556    0.00   17.08  
 Operator        hPsi                46.90  525629   0.00   73.10  
 Operator        veff_pw             46.24  525629   0.00   72.07  
 PW_Basis_K      recip2real          27.57  791417   0.00   42.98  
 PW_Basis_K      gathers_copy_pack   1.17   791417   0.00   1.82   
 PW_Basis_K      gathers_zero_mpi    2.32   791417   0.00   3.62   
 PW_Basis_K      gathers_copy_unpack 1.18   791417   0.00   1.84   
 PW_Basis_K      real2recip          21.40  652745   0.00   33.35  
 PW_Basis_K      gatherp_copy_pack   0.95   652745   0.00   1.48   
 PW_Basis_K      gatherp_copy_unpack 1.66   652745   0.00   2.58   
 ESolver_KS_PW   hamilt2rho_single   62.23  9        6.91   96.98  
 HSolverPW       solve               62.23  9        6.91   96.98  
 HSolverPW       solve_psik          56.72  11556    0.00   88.41  
 DiagoCG         diag_once           46.62  11556    0.00   72.66  
 ElecStatePW     psiToRho            5.40   9        0.60   8.41   
-------------------------------------------------------------------


 NAME-------------------------|MEMORY(MB)------------------
                         total       395.4723
                        Psi_PW       335.7334
                  PW_B_K::gcar        41.9667
                   PW_B_K::gk2        13.9889
 -------------   < 1.0 MB has been ignored ----------------
 ----------------------------------------------------------

 Start  Time  : Wed Aug  5 15:07:21 2026
 Finish Time  : Wed Aug  5 15:08:26 2026
 Total  Time  : 0 h 1 mins 5 secs 
