1     # ionic step
 Electronic state energy (eV) and occupations
 Spin number 1
 spin=1 k-point=1/580 Cartesian=0.0000000 0.0000000 0.0000000 (1315 plane wave)
 1 -3.673558846869822 0.001736111111111089
 2 1.593044190735548 0.001736111046169895
 3 2.035458945193654 0.001736105692321757
 4 14.83042470142470 0.000000000000000
 5 14.83042474911923 0.000000000000000
 6 15.30347627937948 0.000000000000000
 7 15.30347632595226 0.000000000000000
 8 16.19535013469525 0.000000000000000
 9 17.09860606279026 0.000000000000000
 10 18.02629733894083 0.000000000000000
 11 18.63850815736311 0.000000000000000
 12 20.33448649717290 0.000000000000000

 spin=1 k-point=2/580 Cartesian=0.02596539332377698 0.01499112682509716 0.000000000000000 (1335 plane wave)
 1 -3.539617292108804 0.003472222222222178
 2 1.727494754020414 0.003472221723955620
 3 2.165370383933120 0.003472182491450811
 4 12.45390774698782 0.000000000000000
 5 13.56565037720116 0.000000000000000
 6 14.58525221967360 0.000000000000000
 7 16.83740651148501 0.000000000000000
 8 17.43143743859312 0.000000000000000
 9 17.72352566461407 0.000000000000000
 10 18.03888850420052 0.000000000000000
 11 18.25419738624255 0.000000000000000
 12 18.42829934618344 0.000000000000000

 spin=1 k-point=3/580 Cartesian=0.05193078664755799 0.02998225365019664 0.000000000000000 (1341 plane wave)
 1 -3.137899274390470 0.003472222222222178
 2 2.130670028835762 0.003472194140309173
 3 2.553083387497185 0.003470304840104464
 4 9.727311717010251 0.000000000000000
 5 12.35964844199069 0.000000000000000
 6 13.44024490078401 0.000000000000000
 7 15.03925180674169 0.000000000000000
 8 15.36375156608607 0.000000000000000
 9 17.66414017892211 0.000000000000000
 10 18.10199769075402 0.000000000000000
 11 18.43092132192267 0.000000000000000
 12 18.46318489742418 0.000000000000000

 spin=1 k-point=4/580 Cartesian=0.07789617997133459 0.04497338047529358 0.000000000000000 (1335 plane wave)
 1 -2.468769560269470 0.003472222222222178
 2 2.801868429063678 0.003449285562622085
 3 3.186968825342101 0.002644891632980081
 4 7.235223306671396 0.000000000000000
 5 11.41766806909039 0.000000000000000
 6 12.17856059092205 0.000000000000000
 7 12.51300490506790 0.000000000000000
 8 13.36494066115976 0.000000000000000
 9 16.72156800109208 0.000000000000000
 10 17.16886922253951 0.000000000000000
 11 17.72903696274552 0.000000000000000
 12 18.17875744421852 0.000000000000000

 spin=1 k-point=5/580 Cartesian=0.1038615732951112 0.05996450730039050 0.000000000000000 (1332 plane wave)
 1 -1.533034103597986 0.003472222222222178
 2 3.738885387210947 4.394015530547653e-05
 3 3.930098687792186 6.563595458979934e-06
 4 5.144545116017635 3.496941897508072e-11
 5 10.24174852498442 0.000000000000000
 6 10.38055632612136 0.000000000000000
 7 10.74405155855754 0.000000000000000
 8 12.34459583700162 0.000000000000000
 9 16.04789628978766 0.000000000000000
 10 16.49903347094806 0.000000000000000
 11 17.05769312565171 0.000000000000000
 12 17.83392316169384 0.000000000000000

 spin=1 k-point=6/580 Cartesian=0.1298269666188922 0.07495563412548999 0.000000000000000 (1336 plane wave)
 1 -0.3325340570458878 0.003472222222222177
 2 2.817663732248166 0.003445391170157215
 3 4.931232246722658 2.951852355967945e-10
 4 5.417907307720013 2.272433670402078e-12
 5 8.246723333727177 0.000000000000000
 6 8.533552099478593 0.000000000000000
 7 10.33969628570212 0.000000000000000
 8 11.87920825822522 0.000000000000000
 9 15.64362778731877 0.000000000000000
 10 16.09635873480461 0.000000000000000
 11 16.65193309408370 0.000000000000000
 12 17.58053407822471 0.000000000000000

 spin=1 k-point=7/580 Cartesian=0.1557923599426688 0.08994676095058692 0.000000000000000 (1336 plane wave)
 1 1.127103810320099 0.001736111110495960
 2 1.127605255156850 0.001736111110492867
 3 6.084143956089510 1.452216982111840e-15
 4 6.512598840851789 0.000000000000000
 5 6.825981183037403 0.000000000000000
 6 7.162999834042433 0.000000000000000
 7 10.20488720232803 0.000000000000000
 8 11.73346427839162 0.000000000000000
 9 15.50886351081814 0.000000000000000
 10 15.96203674867875 0.000000000000000
 11 16.51652475223415 0.000000000000000
 12 17.49000949244225 0.000000000000000

 spin=1 k-point=8/580 Cartesian=0.000000000000000 0.02998225365019432 0.000000000000000 (1335 plane wave)
 1 -3.539617292116254 0.003472222222222178
 2 1.727494754114605 0.003472221723955620
 3 2.165370383815398 0.003472182491450858
 4 12.45390774659699 0.000000000000000
 5 13.56565038445727 0.000000000000000
 6 14.58525221036859 0.000000000000000
 7 16.83740650751197 0.000000000000000
 8 17.43143744229713 0.000000000000000
 9 17.72352564828337 0.000000000000000
 10 18.03888852071822 0.000000000000000
 11 18.25419738425924 0.000000000000000
 12 18.42829933477140 0.000000000000000

 spin=1 k-point=9/580 Cartesian=0.02596539332377698 0.04497338047529147 0.000000000000000 (1336 plane wave)
 1 -3.271786212109612 0.003472222222222178
 2 1.996312133783355 0.003472214895322950
 3 2.424292192557006 0.003471693108305813
 4 11.13597153207823 0.000000000000000
 5 11.16628694789263 0.000000000000000
 6 15.72162170006924 0.000000000000000
 7 16.02465315145600 0.000000000000000
 8 16.18498112460931 0.000000000000000
 9 16.69980881654597 0.000000000000000
 10 16.80049616012113 0.000000000000000
 11 16.96005649190453 0.000000000000000
 12 18.47785848168592 0.000000000000000

 spin=1 k-point=10/580 Cartesian=0.05193078664755799 0.05996450730039096 0.000000000000000 (1333 plane wave)
 1 -2.736350108775752 0.003472222222222178
 2 2.533548101377451 0.003470644935883695
 3 2.936931069210601 0.003385331782664962
 4 8.541153933464011 0.000000000000000
 5 10.08613891057894 0.000000000000000
 6 13.80639207300561 0.000000000000000
 7 13.97398348419148 0.000000000000000
 8 15.16803248640329 0.000000000000000
 9 15.60649799100348 0.000000000000000
 10 15.61700646042557 0.000000000000000
 11 18.13161364477784 0.000000000000000
 12 19.00179723981539 0.000000000000000

 spin=1 k-point=11/580 Cartesian=0.07789617997133459 0.07495563412548789 0.000000000000000 (1325 plane wave)
 1 -1.933861146934295 0.003472222222222178
 2 3.337969298770086 0.001437188098849866
 3 3.671787729462076 8.492581791859064e-05
 4 6.202442995398991 0.000000000000000
 5 9.265285814761608 0.000000000000000
 6 11.43241619127045 0.000000000000000
 7 11.76899613933340 0.000000000000000
 8 14.36744753229600 0.000000000000000
 9 14.76339940029675 0.000000000000000
 10 14.86634050520549 0.000000000000000
 11 19.43201372890724 0.000000000000000
 12 19.54174905845452 0.000000000000000

 spin=1 k-point=12/580 Cartesian=0.1038615732951112 0.08994676095058482 0.000000000000000 (1332 plane wave)
 1 -0.8655219226388560 0.003472222222222178
 2 3.761261876116119 3.521964852758865e-05
 3 4.405166561465015 5.685417462463988e-08
 4 5.017597379838158 1.244559182591699e-10
 5 8.626625191438155 0.000000000000000
 6 9.302795793425393 0.000000000000000
 7 9.838361556819999 0.000000000000000
 8 13.84122628327879 0.000000000000000
 9 14.21394713763005 0.000000000000000
 10 14.35428370794157 0.000000000000000
 11 19.07433110097062 0.000000000000000
 12 19.25508236442410 0.000000000000000

 spin=1 k-point=13/580 Cartesian=0.1298269666188922 0.1049378877756843 0.000000000000000 (1342 plane wave)
 1 0.4656611255142424 0.003472222222220529
 2 2.048649057019013 0.003472209856598842
 3 5.699830972431308 1.355538936744615e-13
 4 6.116473013496874 2.102123174055316e-15
 5 7.474680647129412 0.000000000000000
 6 7.629836062592346 0.000000000000000
 7 8.812243569635459 0.000000000000000
 8 13.57823750950156 0.000000000000000
 9 13.94076734782072 0.000000000000000
 10 14.09619764955026 0.000000000000000
 11 18.80971443592415 0.000000000000000
 12 19.10996228722918 0.000000000000000

 spin=1 k-point=14/580 Cartesian=0.1557923599426688 0.1199290146007812 0.000000000000000 (1342 plane wave)
 1 0.4656611256120163 0.003472222222220529
 2 2.048649056924961 0.003472209856598854
 3 5.699830972032727 1.355538942147552e-13
 4 6.116473013955882 2.102123164406400e-15
 5 7.474680647743726 0.000000000000000
 6 7.629836061811879 0.000000000000000
 7 8.812243569734804 0.000000000000000
 8 13.57823750936099 0.000000000000000
 9 13.94076734749678 0.000000000000000
 10 14.09619764988761 0.000000000000000
 11 18.80971443610732 0.000000000000000
 12 19.10996228718852 0.000000000000000

 spin=1 k-point=15/580 Cartesian=0.1298269666188922 0.04497338047529659 0.000000000000000 (1332 plane wave)
 1 -0.8655219225600301 0.003472222222222178
 2 3.761261876375635 3.521964843711504e-05
 3 4.405166561164926 5.685417479525033e-08
 4 5.017597379662313 1.244559184780186e-10
 5 8.626625191267152 0.000000000000000
 6 9.302795794510532 0.000000000000000
 7 9.838361556099443 0.000000000000000
 8 13.84122628279990 0.000000000000000
 9 14.21394713651494 0.000000000000000
 10 14.35428370896774 0.000000000000000
 11 19.07433110150810 0.000000000000000
 12 19.25508236478665 0.000000000000000

 spin=1 k-point=16/580 Cartesian=0.1038615732951112 0.02998225365019710 0.000000000000000 (1325 plane wave)
 1 -1.933861146875832 0.003472222222222178
 2 3.337969298564227 0.001437188100583860
 3 3.671787729972148 8.492581749600300e-05
 4 6.202442994627867 0.000000000000000
 5 9.265285815207580 0.000000000000000
 6 11.43241619322382 0.000000000000000
 7 11.76899613755853 0.000000000000000
 8 14.36744753128001 0.000000000000000
 9 14.76339939787846 0.000000000000000
 10 14.86634050712528 0.000000000000000
 11 19.43201373061066 0.000000000000000
 12 19.54174906050195 0.000000000000000

 spin=1 k-point=17/580 Cartesian=0.07789617997133459 0.01499112682510017 0.000000000000000 (1333 plane wave)
 1 -2.736350108735657 0.003472222222222178
 2 2.533548101253210 0.003470644935885654
 3 2.936931069498221 0.003385331782421302
 4 8.541153932338203 0.000000000000000
 5 10.08613891165109 0.000000000000000
 6 13.80639207757245 0.000000000000000
 7 13.97398348083681 0.000000000000000
 8 15.16803248363541 0.000000000000000
 9 15.60649798537485 0.000000000000000
 10 15.61700646410776 0.000000000000000
 11 18.13161364844876 0.000000000000000
 12 19.00179724040063 0.000000000000000

 spin=1 k-point=18/580 Cartesian=0.05193078664755799 0.000000000000000 0.000000000000000 (1336 plane wave)
 1 -3.271786212086193 0.003472222222222178
 2 1.996312133712034 0.003472214895322955
 3 2.424292192712520 0.003471693108304990
 4 11.13597151623828 0.000000000000000
 5 11.16628696324831 0.000000000000000
 6 15.72162169606463 0.000000000000000
 7 16.02465314830979 0.000000000000000
 8 16.18498113837035 0.000000000000000
 9 16.69980882930303 0.000000000000000
 10 16.80049615388295 0.000000000000000
 11 16.96005647644452 0.000000000000000
 12 18.47785848222629 0.000000000000000

 spin=1 k-point=19/580 Cartesian=-0.02596539332377619 0.01499112682509761 0.000000000000000 (1335 plane wave)
 1 -3.539617292108550 0.003472222222222178
 2 1.727494754080310 0.003472221723955620
 3 2.165370383864964 0.003472182491450838
 4 12.45390774942591 0.000000000000000
 5 13.56565037174080 0.000000000000000
 6 14.58525222439734 0.000000000000000
 7 16.83740649965301 0.000000000000000
 8 17.43143744256295 0.000000000000000
 9 17.72352565368131 0.000000000000000
 10 18.03888852098584 0.000000000000000
 11 18.25419738600376 0.000000000000000
 12 18.42829934580769 0.000000000000000

 spin=1 k-point=20/580 Cartesian=0.000000000000000 0.05996450730039328 0.000000000000000 (1341 plane wave)
 1 -3.137899274421889 0.003472222222222178
 2 2.130670029195073 0.003472194140309073
 3 2.553083386958214 0.003470304840114792
 4 9.727311717971784 0.000000000000000
 5 12.35964844645793 0.000000000000000
 6 13.44024489600931 0.000000000000000
 7 15.03925179372238 0.000000000000000
 8 15.36375156774373 0.000000000000000
 9 17.66414018771456 0.000000000000000
 10 18.10199769119383 0.000000000000000
 11 18.43092132753638 0.000000000000000
 12 18.46318490775362 0.000000000000000

 spin=1 k-point=21/580 Cartesian=0.02596539332377698 0.07495563412549043 0.000000000000000 (1333 plane wave)
 1 -2.736350108801486 0.003472222222222178
 2 2.533548101700331 0.003470644935878605
 3 2.936931068717930 0.003385331783082334
 4 8.541153934280619 0.000000000000000
 5 10.08613891066585 0.000000000000000
 6 13.80639206513695 0.000000000000000
 7 13.97398348969064 0.000000000000000
 8 15.16803248156447 0.000000000000000
 9 15.60649799669874 0.000000000000000
 10 15.61700645975381 0.000000000000000
 11 18.13161364934496 0.000000000000000
 12 19.00179724077239 0.000000000000000

 spin=1 k-point=22/580 Cartesian=0.05193078664755799 0.08994676095058993 0.000000000000000 (1330 plane wave)
 1 -2.067518093687361 0.003472222222222178
 2 3.204182841256871 0.002531583275253745
 3 3.562381619477192 0.0002418695988476383
 4 7.559211493480714 0.000000000000000
 5 7.673266659764342 0.000000000000000
 6 12.55987877215107 0.000000000000000
 7 12.95955603865146 0.000000000000000
 8 13.37215054323422 0.000000000000000
 9 13.49059637356930 0.000000000000000
 10 16.97597137211517 0.000000000000000
 11 17.59753509288575 0.000000000000000
 12 19.67835842787528 0.000000000000000

 spin=1 k-point=23/580 Cartesian=0.07789617997133459 0.1049378877756869 0.000000000000000 (1337 plane wave)
 1 -1.132233497270953 0.003472222222222178
 2 4.140265517924695 8.037478512017765e-07
 3 4.298488230451166 1.652140676290797e-07
 4 5.507959371981077 9.234214829492969e-13
 5 6.968177900902528 0.000000000000000
 6 10.58309431007038 0.000000000000000
 7 11.00425972176092 0.000000000000000
 8 12.39786081541388 0.000000000000000
 9 12.65386094340879 0.000000000000000
 10 16.64090717843283 0.000000000000000
 11 19.72732930932168 0.000000000000000
 12 20.61266105504814 0.000000000000000

 spin=1 k-point=24/580 Cartesian=0.1038615732951112 0.1199290146007838 0.000000000000000 (1341 plane wave)
 1 0.06763511873714542 0.003472222222222147
 2 3.216420675249564 0.002445343986099413
 3 5.331392673212398 5.397834824931133e-12
 4 5.642036730736079 2.416068598416451e-13
 5 6.634693814802053 0.000000000000000
 6 8.625343117721831 0.000000000000000
 7 9.144383837649659 0.000000000000000
 8 11.95398848307230 0.000000000000000
 9 12.24971950199885 0.000000000000000
 10 16.27603831379900 0.000000000000000
 11 21.38232584460452 0.000000000000000
 12 21.54949234277973 0.000000000000000

 spin=1 k-point=25/580 Cartesian=0.1298269666188922 0.1349201414258833 0.000000000000000 (1340 plane wave)
 1 1.522830577764946 0.003472222157862131
 2 1.530657225561058 0.003472222152622528
 3 6.127013476856032 1.891827342442962e-15
 4 6.489165924149282 0.000000000000000
 5 6.892614878710202 0.000000000000000
 6 7.206392812794554 0.000000000000000
 7 7.980591472454215 0.000000000000000
 8 11.81148522705477 0.000000000000000
 9 12.11700277304780 0.000000000000000
 10 16.15126679086842 0.000000000000000
 11 21.44974315244658 0.000000000000000
 12 21.48169898844776 0.000000000000000

 spin=1 k-point=26/580 Cartesian=0.1557923599426688 0.1499112682509802 0.000000000000000 (1341 plane wave)
 1 0.06763511891778740 0.003472222222222147
 2 3.216420675287043 0.002445343985828366
 3 5.331392672360887 5.397834870894263e-12
 4 5.642036730463465 2.416068605002991e-13
 5 6.634693815768316 0.000000000000000
 6 8.625343120106686 0.000000000000000
 7 9.144383834998315 0.000000000000000
 8 11.95398848140027 0.000000000000000
 9 12.24971950360706 0.000000000000000
 10 16.27603831328755 0.000000000000000
 11 21.38232584620339 0.000000000000000
 12 21.54949234412443 0.000000000000000

 spin=1 k-point=27/580 Cartesian=0.1298269666188922 0.01499112682509761 0.000000000000000 (1337 plane wave)
 1 -1.132233497130890 0.003472222222222178
 2 4.140265517355619 8.037478557746580e-07
 3 4.298488232471484 1.652140642913888e-07
 4 5.507959368924746 9.234215111721208e-13
 5 6.968177902336908 0.000000000000000
 6 10.58309431532063 0.000000000000000
 7 11.00425971627649 0.000000000000000
 8 12.39786081043987 0.000000000000000
 9 12.65386094789208 0.000000000000000
 10 16.64090717704492 0.000000000000000
 11 19.72732931182277 0.000000000000000
 12 20.61266105544391 0.000000000000000

 spin=1 k-point=28/580 Cartesian=0.1038615732951112 0.000000000000000 0.000000000000000 (1330 plane wave)
 1 -2.067518093586995 0.003472222222222178
 2 3.204182840876173 0.002531583277864629
 3 3.562381620363925 0.0002418695968522996
 4 7.559211478744512 0.000000000000000
 5 7.673266673578349 0.000000000000000
 6 12.55987878611054 0.000000000000000
 7 12.95955602327125 0.000000000000000
 8 13.37215052909961 0.000000000000000
 9 13.49059638744213 0.000000000000000
 10 16.97597136748215 0.000000000000000
 11 17.59753509892867 0.000000000000000
 12 19.67835842818094 0.000000000000000

 spin=1 k-point=29/580 Cartesian=0.07789617997133459 -0.01499112682509881 0.000000000000000 (1333 plane wave)
 1 -2.736350108736835 0.003472222222222178
 2 2.533548101469932 0.003470644935882237
 3 2.936931069203059 0.003385331782671352
 4 8.541153934106664 0.000000000000000
 5 10.08613890916679 0.000000000000000
 6 13.80639207241282 0.000000000000000
 7 13.97398348566726 0.000000000000000
 8 15.16803248441490 0.000000000000000
 9 15.60649798877658 0.000000000000000
 10 15.61700645977972 0.000000000000000
 11 18.13161364918754 0.000000000000000
 12 19.00179724061347 0.000000000000000

 spin=1 k-point=30/580 Cartesian=-0.05193078664755722 0.02998225365019709 0.000000000000000 (1341 plane wave)
 1 -3.137899274390307 0.003472222222222178
 2 2.130670029098359 0.003472194140309099
 3 2.553083387180504 0.003470304840110532
 4 9.727311718920003 0.000000000000000
 5 12.35964843484678 0.000000000000000
 6 13.44024490749549 0.000000000000000
 7 15.03925179808852 0.000000000000000
 8 15.36375156933488 0.000000000000000
 9 17.66414017150515 0.000000000000000
 10 18.10199768490907 0.000000000000000
 11 18.43092133374795 0.000000000000000
 12 18.46318490741137 0.000000000000000

 spin=1 k-point=31/580 Cartesian=-0.02596539332377619 0.04497338047529658 0.000000000000000 (1336 plane wave)
 1 -3.271786212108724 0.003472222222222178
 2 1.996312133970393 0.003472214895322936
 3 2.424292192341822 0.003471693108306952
 4 11.13597156349639 0.000000000000000
 5 11.16628691727681 0.000000000000000
 6 15.72162168858562 0.000000000000000
 7 16.02465316580570 0.000000000000000
 8 16.18498109536670 0.000000000000000
 9 16.69980878973215 0.000000000000000
 10 16.80049618552220 0.000000000000000
 11 16.96005652406997 0.000000000000000
 12 18.47785848100974 0.000000000000000

 spin=1 k-point=32/580 Cartesian=0.000000000000000 0.08994676095058715 0.000000000000000 (1335 plane wave)
 1 -2.468769560347130 0.003472222222222178
 2 2.801868430077936 0.003449285562390985
 3 3.186968823727865 0.002644891643153022
 4 7.235223308332510 0.000000000000000
 5 11.41766807269278 0.000000000000000
 6 12.17856059284867 0.000000000000000
 7 12.51300489405284 0.000000000000000
 8 13.36494065989141 0.000000000000000
 9 16.72156800982926 0.000000000000000
 10 17.16886922090755 0.000000000000000
 11 17.72903698272006 0.000000000000000
 12 18.17875743625599 0.000000000000000

 spin=1 k-point=33/580 Cartesian=0.02596539332377698 0.1049378877756843 0.000000000000000 (1325 plane wave)
 1 -1.933861147013145 0.003472222222222178
 2 3.337969299925791 0.001437188089115114
 3 3.671787727349338 8.492581966896618e-05
 4 6.202442997441615 0.000000000000000
 5 9.265285814690156 0.000000000000000
 6 11.43241618236308 0.000000000000000
 7 11.76899614594652 0.000000000000000
 8 14.36744752970265 0.000000000000000
 9 14.76339940601485 0.000000000000000
 10 14.86634050469430 0.000000000000000
 11 19.43201373224093 0.000000000000000
 12 19.54174906679201 0.000000000000000

 spin=1 k-point=34/580 Cartesian=0.05193078664755799 0.1199290146007838 0.000000000000000 (1337 plane wave)
 1 -1.132233497330039 0.003472222222222178
 2 4.140265519001230 8.037478425511528e-07
 3 4.298488227310653 1.652140728174032e-07
 4 5.507959376245365 9.234214435719352e-13
 5 6.968177899015651 0.000000000000000
 6 10.58309430184788 0.000000000000000
 7 11.00425972815443 0.000000000000000
 8 12.39786082202343 0.000000000000000
 9 12.65386093966535 0.000000000000000
 10 16.64090717639651 0.000000000000000
 11 19.72732931297265 0.000000000000000
 12 20.61266105565420 0.000000000000000

 spin=1 k-point=35/580 Cartesian=0.07789617997133459 0.1349201414258807 0.000000000000000 (1360 plane wave)
 1 -0.06517952826878355 0.003472222222222170
 2 4.433410420901318 4.286497312516359e-08
 3 4.751524266187946 1.780559454815832e-09
 4 5.203704720766043 1.935358644061466e-11
 5 5.966458191655762 9.422462394820582e-15
 6 9.728323589773767 0.000000000000000
 7 10.23577391032836 0.000000000000000
 8 10.57600423007241 0.000000000000000
 9 10.87286730709174 0.000000000000000
 10 18.99097435644345 0.000000000000000
 11 19.52090994487358 0.000000000000000
 12 21.69322686100762 0.000000000000000

 spin=1 k-point=36/580 Cartesian=0.1038615732951112 0.1499112682509777 0.000000000000000 (1350 plane wave)
 1 1.264171627198956 0.003472222217377393
 2 2.844859701323085 0.003437090394719662
 3 4.408840680294054 5.480322503160183e-08
 4 6.495215819594531 0.000000000000000
 5 6.972408564840624 0.000000000000000
 6 8.193427839374236 0.000000000000000
 7 8.768381560475706 0.000000000000000
 8 10.01206368767519 0.000000000000000
 9 10.37221643882098 0.000000000000000
 10 18.99899570660646 0.000000000000000
 11 22.04278941327802 0.000000000000000
 12 23.02434496208636 0.000000000000000

 spin=1 k-point=37/580 Cartesian=0.1298269666188922 0.1649023950760772 0.000000000000000 (1350 plane wave)
 1 1.264171627485106 0.003472222217377393
 2 2.844859701337988 0.003437090394714480
 3 4.408840679689917 5.480322536268258e-08
 4 6.495215817303976 0.000000000000000
 5 6.972408567506347 0.000000000000000
 6 8.193427844555638 0.000000000000000
 7 8.768381554987506 0.000000000000000
 8 10.01206368474827 0.000000000000000
 9 10.37221644165906 0.000000000000000
 10 18.99899570605638 0.000000000000000
 11 22.04278941366650 0.000000000000000
 12 23.02434496192862 0.000000000000000

 spin=1 k-point=38/580 Cartesian=0.1557923599426688 0.1798935219011741 0.000000000000000 (1360 plane wave)
 1 -0.06517952801872340 0.003472222222222170
 2 4.433410432036396 4.286496835217309e-08
 3 4.751524251906826 1.780559709099617e-09
 4 5.203704719323524 1.935358671979403e-11
 5 5.966458196027300 9.422461982913818e-15
 6 9.728323603767233 0.000000000000000
 7 10.23577389443570 0.000000000000000
 8 10.57600421739481 0.000000000000000
 9 10.87286732047353 0.000000000000000
 10 18.99097435194828 0.000000000000000
 11 19.52090995025409 0.000000000000000
 12 21.69322686135953 0.000000000000000

 spin=1 k-point=39/580 Cartesian=0.1298269666188922 -0.01499112682509626 0.000000000000000 (1337 plane wave)
 1 -1.132233497141772 0.003472222222222178
 2 4.140265518098395 8.037478498059939e-07
 3 4.298488230552094 1.652140674623401e-07
 4 5.507959372322277 9.234214797985848e-13
 5 6.968177899945875 0.000000000000000
 6 10.58309430977876 0.000000000000000
 7 11.00425972170407 0.000000000000000
 8 12.39786081476468 0.000000000000000
 9 12.65386094316417 0.000000000000000
 10 16.64090717737875 0.000000000000000
 11 19.72732931345983 0.000000000000000
 12 20.61266105591807 0.000000000000000

 spin=1 k-point=40/580 Cartesian=0.1038615732951112 -0.02998225365019574 0.000000000000000 (1325 plane wave)
 1 -1.933861146884260 0.003472222222222178
 2 3.337969299369560 0.001437188093800365
 3 3.671787728676283 8.492581856960959e-05
 4 6.202442996699004 0.000000000000000
 5 9.265285812834602 0.000000000000000
 6 11.43241618724236 0.000000000000000
 7 11.76899614261621 0.000000000000000
 8 14.36744753309533 0.000000000000000
 9 14.76339940124480 0.000000000000000
 10 14.86634050215050 0.000000000000000
 11 19.43201373540396 0.000000000000000
 12 19.54174906682984 0.000000000000000

 spin=1 k-point=41/580 Cartesian=-0.07789617997133380 0.04497338047529403 0.000000000000000 (1335 plane wave)
 1 -2.468769560272190 0.003472222222222178
 2 2.801868429774198 0.003449285562460192
 3 3.186968824370340 0.002644891639104136
 4 7.235223308524843 0.000000000000000
 5 11.41766806142909 0.000000000000000
 6 12.17856059813048 0.000000000000000
 7 12.51300489762357 0.000000000000000
 8 13.36494066610895 0.000000000000000
 9 16.72156799353240 0.000000000000000
 10 17.16886921528049 0.000000000000000
 11 17.72903698295701 0.000000000000000
 12 18.17875745129302 0.000000000000000

 spin=1 k-point=42/580 Cartesian=-0.05193078664755722 0.05996450730039096 0.000000000000000 (1333 plane wave)
 1 -2.736350108774127 0.003472222222222178
 2 2.533548101920217 0.003470644935875138
 3 2.936931068508542 0.003385331783259719
 4 8.541153936057782 0.000000000000000
 5 10.08613890805765 0.000000000000000
 6 13.80639205751396 0.000000000000000
 7 13.97398349351285 0.000000000000000
 8 15.16803248522574 0.000000000000000
 9 15.60649800643785 0.000000000000000
 10 15.61700645130237 0.000000000000000
 11 18.13161364904918 0.000000000000000
 12 19.00179723983343 0.000000000000000

 spin=1 k-point=43/580 Cartesian=-0.02596539332377619 0.07495563412549044 0.000000000000000 (1333 plane wave)
 1 -2.736350108798725 0.003472222222222178
 2 2.533548102017873 0.003470644935873599
 3 2.936931068311106 0.003385331783426980
 4 8.541153935071934 0.000000000000000
 5 10.08613891063545 0.000000000000000
 6 13.80639205483246 0.000000000000000
 7 13.97398349386443 0.000000000000000
 8 15.16803247997212 0.000000000000000
 9 15.60649800882191 0.000000000000000
 10 15.61700645522087 0.000000000000000
 11 18.13161365239536 0.000000000000000
 12 19.00179724005616 0.000000000000000

 spin=1 k-point=44/580 Cartesian=0.000000000000000 0.1199290146007810 0.000000000000000 (1332 plane wave)
 1 -1.533034103758025 0.003472222222222178
 2 3.738885389764849 4.394015419748866e-05
 3 3.930098682199136 6.563595825391218e-06
 4 5.144545120480183 3.496941741455341e-11
 5 10.24174851367343 0.000000000000000
 6 10.38055633354640 0.000000000000000
 7 10.74405156173353 0.000000000000000
 8 12.34459583279392 0.000000000000000
 9 16.04789629850503 0.000000000000000
 10 16.49903346839196 0.000000000000000
 11 17.05769314386116 0.000000000000000
 12 17.83392314834837 0.000000000000000

 spin=1 k-point=45/580 Cartesian=0.02596539332377698 0.1349201414258782 0.000000000000000 (1332 plane wave)
 1 -0.8655219228199571 0.003472222222222178
 2 3.761261872006609 3.521964996026296e-05
 3 4.405166565017714 5.685417260481483e-08
 4 5.017597382324542 1.244559151647166e-10
 5 8.626625191481713 0.000000000000000
 6 9.302795782064367 0.000000000000000
 7 9.838361565581925 0.000000000000000
 8 13.84122628129972 0.000000000000000
 9 14.21394714353737 0.000000000000000
 10 14.35428370746681 0.000000000000000
 11 19.07433110950889 0.000000000000000
 12 19.25508236152210 0.000000000000000

 spin=1 k-point=46/580 Cartesian=0.05193078664755799 0.1499112682509776 0.000000000000000 (1341 plane wave)
 1 0.06763511856027980 0.003472222222222147
 2 3.216420673254877 0.002445344000524759
 3 5.331392678572733 5.397834535588990e-12
 4 5.642036735054026 2.416068494091860e-13
 5 6.634693807840135 0.000000000000000
 6 8.625343103758468 0.000000000000000
 7 9.144383849738855 0.000000000000000
 8 11.95398849101998 0.000000000000000
 9 12.24971949734653 0.000000000000000
 10 16.27603831222372 0.000000000000000
 11 21.38232585168997 0.000000000000000
 12 21.54949235028407 0.000000000000000

 spin=1 k-point=47/580 Cartesian=0.07789617997133459 0.1649023950760746 0.000000000000000 (1350 plane wave)
 1 1.264171627168764 0.003472222217377393
 2 2.844859699501686 0.003437090395353079
 3 4.408840683483296 5.480322328382103e-08
 4 6.495215829473705 0.000000000000000
 5 6.972408554913358 0.000000000000000
 6 8.193427817701897 0.000000000000000
 7 8.768381579855523 0.000000000000000
 8 10.01206369931446 0.000000000000000
 9 10.37221642887103 0.000000000000000
 10 18.99899570511757 0.000000000000000
 11 22.04278941716036 0.000000000000000
 12 23.02434496556500 0.000000000000000

 spin=1 k-point=48/580 Cartesian=0.1038615732951112 0.1798935219011715 0.000000000000000 (1362 plane wave)
 1 2.698008632972908 0.003464068985027724
 2 2.698008815876856 0.003464068970150131
 3 2.760737657823997 0.003456986257507996
 4 7.704087632628915 0.000000000000000
 5 7.704087695990924 0.000000000000000
 6 7.743942853015132 0.000000000000000
 7 8.888904517106267 0.000000000000000
 8 8.975281699249070 0.000000000000000
 9 8.975281957575847 0.000000000000000
 10 21.68954907710800 0.000000000000000
 11 22.05612032860192 0.000000000000000
 12 22.05612049004544 0.000000000000000

 spin=1 k-point=49/580 Cartesian=0.1298269666188922 0.1948846487262710 0.000000000000000 (1350 plane wave)
 1 1.264171627513160 0.003472222217377393
 2 2.844859700561179 0.003437090394984625
 3 4.408840681213208 5.480322452788298e-08
 4 6.495215824129217 0.000000000000000
 5 6.972408560788637 0.000000000000000
 6 8.193427829689240 0.000000000000000
 7 8.768381568882180 0.000000000000000
 8 10.01206369264796 0.000000000000000
 9 10.37221643365303 0.000000000000000
 10 18.99899570542762 0.000000000000000
 11 22.04278941709393 0.000000000000000
 12 23.02434496426672 0.000000000000000

 spin=1 k-point=50/580 Cartesian=0.1557923599426688 0.2098757755513679 0.000000000000000 (1341 plane wave)
 1 0.06763511887223568 0.003472222222222147
 2 3.216420674445614 0.002445343991913483
 3 5.331392676073056 5.397834670517453e-12
 4 5.642036733206618 2.416068538726518e-13
 5 6.634693810248161 0.000000000000000
 6 8.625343110562053 0.000000000000000
 7 9.144383843819941 0.000000000000000
 8 11.95398848662664 0.000000000000000
 9 12.24971949812212 0.000000000000000
 10 16.27603831372030 0.000000000000000
 11 21.38232585252447 0.000000000000000
 12 21.54949234944873 0.000000000000000

 spin=1 k-point=51/580 Cartesian=0.1298269666188922 -0.04497338047529010 0.000000000000000 (1332 plane wave)
 1 -0.8655219225937635 0.003472222222222178
 2 3.761261874143643 3.521964921524139e-05
 3 4.405166563631864 5.685417339271589e-08
 4 5.017597381401750 1.244559163131864e-10
 5 8.626625189793337 0.000000000000000
 6 9.302795786761948 0.000000000000000
 7 9.838361561523792 0.000000000000000
 8 13.84122628476165 0.000000000000000
 9 14.21394713995561 0.000000000000000
 10 14.35428370374446 0.000000000000000
 11 19.07433110821040 0.000000000000000
 12 19.25508236784230 0.000000000000000

 spin=1 k-point=52/580 Cartesian=-0.1038615732951104 0.05996450730039096 0.000000000000000 (1332 plane wave)
 1 -1.533034103613315 0.003472222222222178
 2 3.738885388983134 4.394015453662852e-05
 3 3.930098684354411 6.563595684195056e-06
 4 5.144545119335434 3.496941781486559e-11
 5 10.24174851729966 0.000000000000000
 6 10.38055633298741 0.000000000000000
 7 10.74405155061610 0.000000000000000
 8 12.34459584361621 0.000000000000000
 9 16.04789628212712 0.000000000000000
 10 16.49903346310070 0.000000000000000
 11 17.05769314464101 0.000000000000000
 12 17.83392316657426 0.000000000000000

 spin=1 k-point=53/580 Cartesian=-0.07789617997133380 0.07495563412548789 0.000000000000000 (1325 plane wave)
 1 -1.933861146935564 0.003472222222222178
 2 3.337969300060229 0.001437188087982716
 3 3.671787727385337 8.492581963914141e-05
 4 6.202442998228680 0.000000000000000
 5 9.265285812414685 0.000000000000000
 6 11.43241618078718 0.000000000000000
 7 11.76899614702686 0.000000000000000
 8 14.36744753268653 0.000000000000000
 9 14.76339940904258 0.000000000000000
 10 14.86634049846707 0.000000000000000
 11 19.43201373506948 0.000000000000000
 12 19.54174906272540 0.000000000000000

 spin=1 k-point=54/580 Cartesian=-0.05193078664755722 0.08994676095058482 0.000000000000000 (1330 plane wave)
 1 -2.067518093681138 0.003472222222222178
 2 3.204182842137266 0.002531583269215855
 3 3.562381618132727 0.0002418696018729712
 4 7.559211524377004 0.000000000000000
 5 7.673266629566980 0.000000000000000
 6 12.55987874146586 0.000000000000000
 7 12.95955606795334 0.000000000000000
 8 13.37215057370335 0.000000000000000
 9 13.49059634508495 0.000000000000000
 10 16.97597135867922 0.000000000000000
 11 17.59753510846609 0.000000000000000
 12 19.67835842803827 0.000000000000000

 spin=1 k-point=55/580 Cartesian=-0.02596539332377619 0.1049378877756843 0.000000000000000 (1325 plane wave)
 1 -1.933861147005985 0.003472222222222178
 2 3.337969300410440 0.001437188085032808
 3 3.671787726571708 8.492582031322225e-05
 4 6.202442998193117 0.000000000000000
 5 9.265285814763436 0.000000000000000
 6 11.43241617790879 0.000000000000000
 7 11.76899614845327 0.000000000000000
 8 14.36744752822349 0.000000000000000
 9 14.76339941142565 0.000000000000000
 10 14.86634050322797 0.000000000000000
 11 19.43201373308856 0.000000000000000
 12 19.54174906518780 0.000000000000000

 spin=1 k-point=56/580 Cartesian=0.000000000000000 0.1499112682509800 0.000000000000000 (1336 plane wave)
 1 -0.3325340573590823 0.003472222222222177
 2 2.817663730361763 0.003445391170659446
 3 4.931232254277132 2.951852132971001e-10
 4 5.417907304602878 2.272433741236904e-12
 5 8.246723318020921 0.000000000000000
 6 8.533552111479958 0.000000000000000
 7 10.33969628869569 0.000000000000000
 8 11.87920825399880 0.000000000000000
 9 15.64362779604967 0.000000000000000
 10 16.09635873184091 0.000000000000000
 11 16.65193311132689 0.000000000000000
 12 17.58053406283948 0.000000000000000

 spin=1 k-point=57/580 Cartesian=0.02596539332377698 0.1649023950760771 0.000000000000000 (1342 plane wave)
 1 0.4656611251373153 0.003472222222220529
 2 2.048649055896921 0.003472209856598981
 3 5.699830988426935 1.355538719917630e-13
 4 6.116473004678876 2.102123359420550e-15
 5 7.474680622976528 0.000000000000000
 6 7.629836074687887 0.000000000000000
 7 8.812243575412190 0.000000000000000
 8 13.57823750765904 0.000000000000000
 9 13.94076735430479 0.000000000000000
 10 14.09619764886334 0.000000000000000
 11 18.80971444361444 0.000000000000000
 12 19.10996228196889 0.000000000000000

 spin=1 k-point=58/580 Cartesian=0.05193078664755799 0.1798935219011766 0.000000000000000 (1340 plane wave)
 1 1.522830621527776 0.003472222157862103
 2 1.530657180279983 0.003472222152622559
 3 6.127013486871145 1.891827152974286e-15
 4 6.489165969507924 0.000000000000000
 5 6.892614845259281 0.000000000000000
 6 7.206392757129739 0.000000000000000
 7 7.980591506405800 0.000000000000000
 8 11.81148523681579 0.000000000000000
 9 12.11700276693115 0.000000000000000
 10 16.15126678947643 0.000000000000000
 11 21.44974315675546 0.000000000000000
 12 21.48169899507400 0.000000000000000

 spin=1 k-point=59/580 Cartesian=0.07789617997133459 0.1948846487262736 0.000000000000000 (1350 plane wave)
 1 1.264171627364318 0.003472222217377393
 2 2.844859698350628 0.003437090395753375
 3 4.408840685125026 5.480322238411471e-08
 4 6.495215834709733 0.000000000000000
 5 6.972408549929340 0.000000000000000
 6 8.193427806014833 0.000000000000000
 7 8.768381589939644 0.000000000000000
 8 10.01206370579086 0.000000000000000
 9 10.37221642311353 0.000000000000000
 10 18.99899570422569 0.000000000000000
 11 22.04278941710517 0.000000000000000
 12 23.02434496693628 0.000000000000000

 spin=1 k-point=60/580 Cartesian=0.1038615732951112 0.2098757755513705 0.000000000000000 (1350 plane wave)
 1 1.264171627422250 0.003472222217377393
 2 2.844859699397964 0.003437090395389150
 3 4.408840683462729 5.480322329509253e-08
 4 6.495215831655221 0.000000000000000
 5 6.972408553129228 0.000000000000000
 6 8.193427812814468 0.000000000000000
 7 8.768381584467779 0.000000000000000
 8 10.01206370204408 0.000000000000000
 9 10.37221642505218 0.000000000000000
 10 18.99899570500497 0.000000000000000
 11 22.04278941688258 0.000000000000000
 12 23.02434496595227 0.000000000000000

 spin=1 k-point=61/580 Cartesian=0.1298269666188922 0.2248669023764700 0.000000000000000 (1340 plane wave)
 1 1.522830608245302 0.003472222157862112
 2 1.530657194526681 0.003472222152622550
 3 6.127013482979681 1.891827226594070e-15
 4 6.489165955490296 0.000000000000000
 5 6.892614856079748 0.000000000000000
 6 7.206392774430180 0.000000000000000
 7 7.980591495600302 0.000000000000000
 8 11.81148523353656 0.000000000000000
 9 12.11700276663011 0.000000000000000
 10 16.15126679120943 0.000000000000000
 11 21.44974315804332 0.000000000000000
 12 21.48169899357930 0.000000000000000

 spin=1 k-point=62/580 Cartesian=0.1557923599426688 0.2398580292015669 0.000000000000000 (1342 plane wave)
 1 0.4656611255110642 0.003472222222220529
 2 2.048649056527756 0.003472209856598903
 3 5.699830983096704 1.355538792170993e-13
 4 6.116473008071976 2.102123288093384e-15
 5 7.474680631145216 0.000000000000000
 6 7.629836070628252 0.000000000000000
 7 8.812243570897529 0.000000000000000
 8 13.57823751123685 0.000000000000000
 9 13.94076735136340 0.000000000000000
 10 14.09619764444904 0.000000000000000
 11 18.80971444222517 0.000000000000000
 12 19.10996228942856 0.000000000000000

 spin=1 k-point=63/580 Cartesian=-0.1298269666188914 0.07495563412549044 0.000000000000000 (1336 plane wave)
 1 -0.3325340571022428 0.003472222222222177
 2 2.817663731362571 0.003445391170392993
 3 4.931232251964021 2.951852201250626e-10
 4 5.417907305773350 2.272433714638702e-12
 5 8.246723322951880 0.000000000000000
 6 8.533552108568221 0.000000000000000
 7 10.33969627767240 0.000000000000000
 8 11.87920826540997 0.000000000000000
 9 15.64362777966276 0.000000000000000
 10 16.09635872664096 0.000000000000000
 11 16.65193311231113 0.000000000000000
 12 17.58053408222969 0.000000000000000

 spin=1 k-point=64/580 Cartesian=-0.1038615732951104 0.08994676095058993 0.000000000000000 (1332 plane wave)
 1 -0.8655219226545897 0.003472222222222178
 2 3.761261873028336 3.521964960406444e-05
 3 4.405166564633649 5.685417282316876e-08
 4 5.017597382154891 1.244559153758576e-10
 5 8.626625189995218 0.000000000000000
 6 9.302795783198418 0.000000000000000
 7 9.838361563802025 0.000000000000000
 8 13.84122628451278 0.000000000000000
 9 14.21394714366606 0.000000000000000
 10 14.35428370189100 0.000000000000000
 11 19.07433110665274 0.000000000000000
 12 19.25508236779989 0.000000000000000

 spin=1 k-point=65/580 Cartesian=-0.07789617997133380 0.1049378877756869 0.000000000000000 (1337 plane wave)
 1 -1.132233497262095 0.003472222222222178
 2 4.140265520016802 8.037478343903973e-07
 3 4.298488224812613 1.652140769443211e-07
 4 5.507959380773102 9.234214017618375e-13
 5 6.968177895750457 0.000000000000000
 6 10.58309429274185 0.000000000000000
 7 11.00425973625497 0.000000000000000
 8 12.39786083070546 0.000000000000000
 9 12.65386093084396 0.000000000000000
 10 16.64090717686201 0.000000000000000
 11 19.72732931402346 0.000000000000000
 12 20.61266105562621 0.000000000000000

 spin=1 k-point=66/580 Cartesian=-0.05193078664755722 0.1199290146007838 0.000000000000000 (1337 plane wave)
 1 -1.132233497310040 0.003472222222222178
 2 4.140265520343030 8.037478317689585e-07
 3 4.298488223597714 1.652140789514118e-07
 4 5.507959381615128 9.234213939863775e-13
 5 6.968177896279653 0.000000000000000
 6 10.58309429004688 0.000000000000000
 7 11.00425973717397 0.000000000000000
 8 12.39786083300377 0.000000000000000
 9 12.65386093186088 0.000000000000000
 10 16.64090717461645 0.000000000000000
 11 19.72732931548184 0.000000000000000
 12 20.61266105578843 0.000000000000000

 spin=1 k-point=67/580 Cartesian=-0.02596539332377619 0.1349201414258833 0.000000000000000 (1332 plane wave)
 1 -0.8655219228020301 0.003472222222222178
 2 3.761261871155561 3.521965025695889e-05
 3 4.405166565719171 5.685417220601398e-08
 4 5.017597382888443 1.244559144629081e-10
 5 8.626625191606788 0.000000000000000
 6 9.302795779583500 0.000000000000000
 7 9.838361567025153 0.000000000000000
 8 13.84122628046572 0.000000000000000
 9 14.21394714609861 0.000000000000000
 10 14.35428370683645 0.000000000000000
 11 19.07433110845253 0.000000000000000
 12 19.25508236174187 0.000000000000000

 spin=1 k-point=68/580 Cartesian=0.000000000000000 0.1798935219011738 0.000000000000000 (1336 plane wave)
 1 1.127103854089744 0.001736111110495960
 2 1.127605210051003 0.001736111110492868
 3 6.084144001475338 1.452216323011122e-15
 4 6.512598805197081 0.000000000000000
 5 6.825981129678552 0.000000000000000
 6 7.162999877804062 0.000000000000000
 7 10.20488720526114 0.000000000000000
 8 11.73346427423555 0.000000000000000
 9 15.50886351955415 0.000000000000000
 10 15.96203674559647 0.000000000000000
 11 16.51652476920071 0.000000000000000
 12 17.49000947646929 0.000000000000000

 spin=1 k-point=69/580 Cartesian=0.02596539332377698 0.1948846487262710 0.000000000000000 (1342 plane wave)
 1 0.4656611251832779 0.003472222222220529
 2 2.048649055753323 0.003472209856598999
 3 5.699830989356991 1.355538707310370e-13
 4 6.116473004316752 2.102123367032840e-15
 5 7.474680621533508 0.000000000000000
 6 7.629836075259848 0.000000000000000
 7 8.812243575676348 0.000000000000000
 8 13.57823750739044 0.000000000000000
 9 13.94076735508158 0.000000000000000
 10 14.09619764868905 0.000000000000000
 11 18.80971444327012 0.000000000000000
 12 19.10996228201198 0.000000000000000

 spin=1 k-point=70/580 Cartesian=0.05193078664755799 0.2098757755513705 0.000000000000000 (1341 plane wave)
 1 0.06763511861766808 0.003472222222222147
 2 3.216420672389207 0.002445344006785184
 3 5.331392680551569 5.397834428774702e-12
 4 5.642036736951852 2.416068448239096e-13
 5 6.634693805105627 0.000000000000000
 6 8.625343098311014 0.000000000000000
 7 9.144383854088113 0.000000000000000
 8 11.95398849474631 0.000000000000000
 9 12.24971949471225 0.000000000000000
 10 16.27603831174021 0.000000000000000
 11 21.38232585266460 0.000000000000000
 12 21.54949234942602 0.000000000000000

 spin=1 k-point=71/580 Cartesian=0.07789617997133459 0.2248669023764674 0.000000000000000 (1360 plane wave)
 1 -0.06517952822279076 0.003472222222222170
 2 4.433410396985274 4.286498337664625e-08
 3 4.751524296779459 1.780558910115995e-09
 4 5.203704724076974 1.935358579983053e-11
 5 5.966458181898177 9.422463314225600e-15
 6 9.728323558695543 0.000000000000000
 7 10.23577394256975 0.000000000000000
 8 10.57600425791312 0.000000000000000
 9 10.87286727795178 0.000000000000000
 10 18.99097434347784 0.000000000000000
 11 19.52090995947593 0.000000000000000
 12 21.69322686178394 0.000000000000000

 spin=1 k-point=72/580 Cartesian=0.1038615732951112 0.2398580292015643 0.000000000000000 (1341 plane wave)
 1 0.06763511874913304 0.003472222222222147
 2 3.216420673543438 0.002445343998437921
 3 5.331392678901532 5.397834517841001e-12
 4 5.642036735416808 2.416068485326786e-13
 5 6.634693806485492 0.000000000000000
 6 8.625343102747788 0.000000000000000
 7 9.144383850861045 0.000000000000000
 8 11.95398849203133 0.000000000000000
 9 12.24971949387429 0.000000000000000
 10 16.27603831371070 0.000000000000000
 11 21.38232585193397 0.000000000000000
 12 21.54949234728877 0.000000000000000

 spin=1 k-point=73/580 Cartesian=0.1298269666188922 0.2548491560266638 0.000000000000000 (1342 plane wave)
 1 0.4656611254594281 0.003472222222220529
 2 2.048649056477450 0.003472209856598909
 3 5.699830984427241 1.355538774135037e-13
 4 6.116473007266347 2.102123305028707e-15
 5 7.474680629081643 0.000000000000000
 6 7.629836071948120 0.000000000000000
 7 8.812243571111276 0.000000000000000
 8 13.57823751115103 0.000000000000000
 9 13.94076735247763 0.000000000000000
 10 14.09619764387381 0.000000000000000
 11 18.80971444174110 0.000000000000000
 12 19.10996228943937 0.000000000000000

 spin=1 k-point=74/580 Cartesian=0.1557923599426688 0.2698402828517608 0.000000000000000 (1336 plane wave)
 1 1.127103840839758 0.001736111110495960
 2 1.127605224225219 0.001736111110492867
 3 6.084143987455607 1.452216526608007e-15
 4 6.512598816685921 0.000000000000000
 5 6.825981146255285 0.000000000000000
 6 7.162999864699195 0.000000000000000
 7 10.20488719425569 0.000000000000000
 8 11.73346428571355 0.000000000000000
 9 15.50886350317218 0.000000000000000
 10 15.96203674044385 0.000000000000000
 11 16.51652477025912 0.000000000000000
 12 17.49000949618048 0.000000000000000

 spin=1 k-point=75/580 Cartesian=0.000000000000000 0.000000000000000 0.02398863898057904 (1328 plane wave)
 1 -3.587800475093575 0.003472222222222178
 2 0.5128266726745397 0.003472222222219535
 3 3.285007017789716 0.001893489392893848
 4 14.91675948503766 0.000000000000000
 5 14.91675953274233 0.000000000000000
 6 15.18446247191897 0.000000000000000
 7 15.38952308134520 0.000000000000000
 8 15.38952312790837 0.000000000000000
 9 17.02884707191920 0.000000000000000
 10 17.14737103111849 0.000000000000000
 11 19.05940927415631 0.000000000000000
 12 19.05940932190782 0.000000000000000

 spin=1 k-point=76/580 Cartesian=0.02596539332377698 0.01499112682509716 0.02398863898057904 (1328 plane wave)
 1 -3.453873201806614 0.003472222222222178
 2 0.6459274327701926 0.003472222222212171
 3 3.415973800722162 0.0008491476665115998
 4 12.53136043688443 0.000000000000000
 5 13.65191537709606 0.000000000000000
 6 14.56474260448052 0.000000000000000
 7 15.70311971933918 0.000000000000000
 8 16.69136765234059 0.000000000000000
 9 16.92328994285861 0.000000000000000
 10 17.77856160529508 0.000000000000000
 11 17.94102180370853 0.000000000000000
 12 18.75891423019450 0.000000000000000

 spin=1 k-point=77/580 Cartesian=0.05193078664755799 0.02998225365019664 0.02398863898057904 (1335 plane wave)
 1 -3.052202732576395 0.003472222222222178
 2 1.044662554936539 0.003472222221682719
 3 3.806850292983187 2.240849958802150e-05
 4 9.810100398513173 0.000000000000000
 5 12.44593364833276 0.000000000000000
 6 13.37318034195905 0.000000000000000
 7 14.09419949552519 0.000000000000000
 8 15.94027675898345 0.000000000000000
 9 16.57390516505013 0.000000000000000
 10 16.71809848038449 0.000000000000000
 11 17.92540518951018 0.000000000000000
 12 18.93690688037765 0.000000000000000

 spin=1 k-point=78/580 Cartesian=0.07789617997133459 0.04497338047529358 0.02398863898057904 (1335 plane wave)
 1 -2.383172677804796 0.003472222222222178
 2 1.706326195950623 0.003472221819015377
 3 4.443804602533165 3.863329201287923e-08
 4 7.324010872697212 0.000000000000000
 5 11.29077449118887 0.000000000000000
 6 11.50396939634130 0.000000000000000
 7 12.76963844219641 0.000000000000000
 8 14.16712664222450 0.000000000000000
 9 15.63336017607775 0.000000000000000
 10 16.55969275613145 0.000000000000000
 11 17.23767718775409 0.000000000000000
 12 18.42809854358887 0.000000000000000

 spin=1 k-point=79/580 Cartesian=0.1038615732951112 0.05996450730039050 0.02398863898057904 (1338 plane wave)
 1 -1.447647336093738 0.003472222222222178
 2 2.615007400504382 0.003468662339349288
 3 4.828372989890770 8.256704674330653e-10
 4 5.613402363858116 3.217116340730206e-13
 5 9.100362370784721 0.000000000000000
 6 10.83036317243806 0.000000000000000
 7 11.54615692882724 0.000000000000000
 8 12.54784622010620 0.000000000000000
 9 14.96055620186709 0.000000000000000
 10 16.18566726121433 0.000000000000000
 11 17.68073045107902 0.000000000000000
 12 17.75821417375110 0.000000000000000

 spin=1 k-point=80/580 Cartesian=0.1298269666188922 0.07495563412548999 0.02398863898057904 (1342 plane wave)
 1 -0.2476937335298392 0.003472222222222176
 2 2.857322278383422 0.003432480908839559
 3 3.955848804751350 5.075710619397746e-06
 4 6.466959436223275 0.000000000000000
 5 7.279352466057848 0.000000000000000
 6 9.775937821133001 0.000000000000000
 7 10.42601372296117 0.000000000000000
 8 11.97678840218146 0.000000000000000
 9 14.55662992585992 0.000000000000000
 10 15.82474205990587 0.000000000000000
 11 17.35546495597852 0.000000000000000
 12 18.18041743171177 0.000000000000000

 spin=1 k-point=81/580 Cartesian=0.1557923599426688 0.08994676095058692 0.02398863898057904 (1336 plane wave)
 1 1.209059742647188 0.003472222219430106
 2 1.210643271577280 0.003472222219385541
 3 5.264327763712917 1.055550128280424e-11
 4 5.387505955676437 3.079800904134235e-12
 5 8.115388464775762 0.000000000000000
 6 8.139800647859142 0.000000000000000
 7 10.29120654949076 0.000000000000000
 8 11.82160239968841 0.000000000000000
 9 14.42195554959214 0.000000000000000
 10 15.69948745744401 0.000000000000000
 11 17.22112046639468 0.000000000000000
 12 18.26474533172826 0.000000000000000

 spin=1 k-point=82/580 Cartesian=0.1298269666188922 0.07495563412548999 -0.02398863898057856 (1342 plane wave)
 1 -0.2476937341347424 0.003472222222222176
 2 2.857322301410291 0.003432480899793114
 3 3.955848754139019 5.075713184579180e-06
 4 6.466959552467745 0.000000000000000
 5 7.279352376255686 0.000000000000000
 6 9.775937803524453 0.000000000000000
 7 10.42601372296895 0.000000000000000
 8 11.97678842901608 0.000000000000000
 9 14.55662992607764 0.000000000000000
 10 15.82474206663084 0.000000000000000
 11 17.35546495553760 0.000000000000000
 12 18.18041736506761 0.000000000000000

 spin=1 k-point=83/580 Cartesian=0.1038615732951112 0.05996450730039050 -0.02398863898057856 (1338 plane wave)
 1 -1.447647336278471 0.003472222222222178
 2 2.615007408550412 0.003468662339063152
 3 4.828372920201948 8.256710428332951e-10
 4 5.613402439975230 3.217113891954396e-13
 5 9.100362362867951 0.000000000000000
 6 10.83036317240074 0.000000000000000
 7 11.54615683662376 0.000000000000000
 8 12.54784632298045 0.000000000000000
 9 14.96055620230456 0.000000000000000
 10 16.18566728373323 0.000000000000000
 11 17.68073034737395 0.000000000000000
 12 17.75821417278700 0.000000000000000

 spin=1 k-point=84/580 Cartesian=0.07789617997133459 0.04497338047529358 -0.02398863898057856 (1335 plane wave)
 1 -2.383172677861102 0.003472222222222178
 2 1.706326197230645 0.003472221819015371
 3 4.443804597022065 3.863329414197530e-08
 4 7.324010882174562 0.000000000000000
 5 11.29077451308515 0.000000000000000
 6 11.50396939628046 0.000000000000000
 7 12.76963832732987 0.000000000000000
 8 14.16712676057468 0.000000000000000
 9 15.63336017694553 0.000000000000000
 10 16.55969282549335 0.000000000000000
 11 17.23767704287963 0.000000000000000
 12 18.42809854140106 0.000000000000000

 spin=1 k-point=85/580 Cartesian=0.05193078664755799 0.02998225365019664 -0.02398863898057856 (1335 plane wave)
 1 -3.052202732590763 0.003472222222222178
 2 1.044662555165506 0.003472222221682719
 3 3.806850292351494 2.240849972866115e-05
 4 9.810100400410578 0.000000000000000
 5 12.44593364824189 0.000000000000000
 6 13.37318040459982 0.000000000000000
 7 14.09419938694317 0.000000000000000
 8 15.94027675798383 0.000000000000000
 9 16.57390516672635 0.000000000000000
 10 16.71809860173631 0.000000000000000
 11 17.92540506876480 0.000000000000000
 12 18.93690687485470 0.000000000000000

 spin=1 k-point=86/580 Cartesian=-0.02596539332377619 -0.01499112682509670 0.02398863898057904 (1328 plane wave)
 1 -3.453873201808838 0.003472222222222178
 2 0.6459274327893220 0.003472222222212171
 3 3.415973800689223 0.0008491476667228968
 4 12.53136043482615 0.000000000000000
 5 13.65191537700447 0.000000000000000
 6 14.56474262727851 0.000000000000000
 7 15.70311969951532 0.000000000000000
 8 16.69136761349890 0.000000000000000
 9 16.92328994446147 0.000000000000000
 10 17.77856160553006 0.000000000000000
 11 17.94102175571190 0.000000000000000
 12 18.75891436892086 0.000000000000000

 spin=1 k-point=87/580 Cartesian=0.000000000000000 0.02998225365019432 0.02398863898057904 (1328 plane wave)
 1 -3.453873201811623 0.003472222222222178
 2 0.6459274327522233 0.003472222222212171
 3 3.415973800706564 0.0008491476666116573
 4 12.53136043515615 0.000000000000000
 5 13.65191538423043 0.000000000000000
 6 14.56474261603989 0.000000000000000
 7 15.70311970217470 0.000000000000000
 8 16.69136760620433 0.000000000000000
 9 16.92328994022495 0.000000000000000
 10 17.77856161302547 0.000000000000000
 11 17.94102175451409 0.000000000000000
 12 18.75891438218416 0.000000000000000

 spin=1 k-point=88/580 Cartesian=0.02596539332377698 0.04497338047529147 0.02398863898057904 (1338 plane wave)
 1 -3.186072929089974 0.003472222222222178
 2 0.9118674350094225 0.003472222222079211
 3 3.677026559699089 8.069196234732916e-05
 4 11.21352644258376 0.000000000000000
 5 11.24963577667138 0.000000000000000
 6 15.16653548762909 0.000000000000000
 7 15.34687224795868 0.000000000000000
 8 15.50010361857612 0.000000000000000
 9 16.36152465576978 0.000000000000000
 10 16.46058116933338 0.000000000000000
 11 18.08255905014312 0.000000000000000
 12 18.22256151635523 0.000000000000000

 spin=1 k-point=89/580 Cartesian=0.05193078664755799 0.05996450730039096 0.02398863898057904 (1340 plane wave)
 1 -2.650709027346293 0.003472222222222178
 2 1.442375976066850 0.003472222193434517
 3 4.193648143522394 4.713283428549353e-07
 4 8.625387740550901 0.000000000000000
 5 10.16488125073499 0.000000000000000
 6 12.70407247046108 0.000000000000000
 7 14.21870413633360 0.000000000000000
 8 15.02138670272912 0.000000000000000
 9 15.41944377710315 0.000000000000000
 10 16.66833215401575 0.000000000000000
 11 17.20013932682310 0.000000000000000
 12 18.28520926120426 0.000000000000000

 spin=1 k-point=90/580 Cartesian=0.07789617997133459 0.07495563412548789 0.02398863898057904 (1330 plane wave)
 1 -1.848366849207925 0.003472222222222178
 2 2.231539342768538 0.003472145222254536
 3 4.915097461819678 3.468703053318210e-10
 4 6.312297294691638 0.000000000000000
 5 9.316127562827987 0.000000000000000
 6 10.39813605102435 0.000000000000000
 7 12.87131670185758 0.000000000000000
 8 13.66333558127053 0.000000000000000
 9 14.43983195031912 0.000000000000000
 10 16.16227787743901 0.000000000000000
 11 17.49022273002965 0.000000000000000
 12 18.62913674370509 0.000000000000000

 spin=1 k-point=91/580 Cartesian=0.1038615732951112 0.08994676095058482 0.02398863898057904 (1337 plane wave)
 1 -0.7803595064352935 0.003472222222222178
 2 3.198112876058920 0.002572628701254866
 3 4.124298344453769 9.428595214135820e-07
 4 6.087121472494125 2.819228740238576e-15
 5 8.108934062179250 0.000000000000000
 6 8.975067418470486 0.000000000000000
 7 10.92986009021223 0.000000000000000
 8 13.04501545948875 0.000000000000000
 9 13.91714153182027 0.000000000000000
 10 15.67173920962169 0.000000000000000
 11 17.86397507071825 0.000000000000000
 12 18.72477182105640 0.000000000000000

 spin=1 k-point=92/580 Cartesian=0.1298269666188922 0.1049378877756843 0.02398863898057904 (1337 plane wave)
 1 0.5497820754007293 0.003472222222218353
 2 2.125570357496502 0.003472195536481119
 3 4.682229071231404 3.560422516039287e-09
 4 6.195114157072370 0.000000000000000
 5 7.454022881843671 0.000000000000000
 6 8.534267273325810 0.000000000000000
 7 9.279927417417836 0.000000000000000
 8 12.76581407290264 0.000000000000000
 9 13.65618505727796 0.000000000000000
 10 15.41609013631475 0.000000000000000
 11 17.72453527910023 0.000000000000000
 12 19.65733217444907 0.000000000000000

 spin=1 k-point=93/580 Cartesian=0.1557923599426688 0.1199290146007812 0.02398863898057904 (1337 plane wave)
 1 0.5497820743766102 0.003472222222218353
 2 2.125570363419615 0.003472195536479539
 3 4.682229035526764 3.560423787274567e-09
 4 6.195114227653918 0.000000000000000
 5 7.454022868921776 0.000000000000000
 6 8.534267172539835 0.000000000000000
 7 9.279927494310590 0.000000000000000
 8 12.76581406951855 0.000000000000000
 9 13.65618506047279 0.000000000000000
 10 15.41609013275538 0.000000000000000
 11 17.72453528762510 0.000000000000000
 12 19.65733211396596 0.000000000000000

 spin=1 k-point=94/580 Cartesian=0.1298269666188922 0.04497338047529659 -0.02398863898057856 (1337 plane wave)
 1 -0.7803595066660973 0.003472222222222178
 2 3.198112906321776 0.002572628499545546
 3 4.124298280141609 9.428601276225967e-07
 4 6.087121535673885 2.819226959056754e-15
 5 8.108934075347872 0.000000000000000
 6 8.975067334120684 0.000000000000000
 7 10.92986014370386 0.000000000000000
 8 13.04501544589039 0.000000000000000
 9 13.91714154328161 0.000000000000000
 10 15.67173919678770 0.000000000000000
 11 17.86397510879499 0.000000000000000
 12 18.72477175047532 0.000000000000000

 spin=1 k-point=95/580 Cartesian=0.1038615732951112 0.02998225365019710 -0.02398863898057856 (1330 plane wave)
 1 -1.848366849239767 0.003472222222222178
 2 2.231539345540878 0.003472145222252401
 3 4.915097442179222 3.468703734587479e-10
 4 6.312297319670035 0.000000000000000
 5 9.316127581747805 0.000000000000000
 6 10.39813599497590 0.000000000000000
 7 12.87131676907826 0.000000000000000
 8 13.66333553055378 0.000000000000000
 9 14.43983198113686 0.000000000000000
 10 16.16227784248150 0.000000000000000
 11 17.49022276070422 0.000000000000000
 12 18.62913670672488 0.000000000000000

 spin=1 k-point=96/580 Cartesian=0.07789617997133459 0.01499112682510017 -0.02398863898057856 (1340 plane wave)
 1 -2.650709027328154 0.003472222222222178
 2 1.442375976505328 0.003472222193434517
 3 4.193648142291688 4.713283486548169e-07
 4 8.625387743160653 0.000000000000000
 5 10.16488125427484 0.000000000000000
 6 12.70407244468049 0.000000000000000
 7 14.21870417858730 0.000000000000000
 8 15.02138664270297 0.000000000000000
 9 15.41944383898699 0.000000000000000
 10 16.66833205631626 0.000000000000000
 11 17.20013940878017 0.000000000000000
 12 18.28520926141616 0.000000000000000

 spin=1 k-point=97/580 Cartesian=-0.05193078664755722 0.000000000000000 0.02398863898057904 (1338 plane wave)
 1 -3.186072929068741 0.003472222222222178
 2 0.9118674350365638 0.003472222222079211
 3 3.677026559771181 8.069196229050873e-05
 4 11.21352642633723 0.000000000000000
 5 11.24963579193177 0.000000000000000
 6 15.16653550481912 0.000000000000000
 7 15.34687223127056 0.000000000000000
 8 15.50010361395421 0.000000000000000
 9 16.36152465738176 0.000000000000000
 10 16.46058117775011 0.000000000000000
 11 18.08255905944365 0.000000000000000
 12 18.22256149930573 0.000000000000000

 spin=1 k-point=98/580 Cartesian=-0.02596539332377619 0.01499112682509761 0.02398863898057904 (1328 plane wave)
 1 -3.453873201803249 0.003472222222222178
 2 0.6459274327382236 0.003472222222212171
 3 3.415973800786900 0.0008491476660963118
 4 12.53136043898269 0.000000000000000
 5 13.65191537167087 0.000000000000000
 6 14.56474260257712 0.000000000000000
 7 15.70311973023689 0.000000000000000
 8 16.69136765436701 0.000000000000000
 9 16.92328993117284 0.000000000000000
 10 17.77856159983050 0.000000000000000
 11 17.94102181190197 0.000000000000000
 12 18.75891423607778 0.000000000000000

 spin=1 k-point=99/580 Cartesian=0.000000000000000 0.05996450730039328 0.02398863898057904 (1335 plane wave)
 1 -3.052202732611391 0.003472222222222178
 2 1.044662555065091 0.003472222221682719
 3 3.806850292331101 2.240849973320126e-05
 4 9.810100401444041 0.000000000000000
 5 12.44593365276624 0.000000000000000
 6 13.37318040422176 0.000000000000000
 7 14.09419937303258 0.000000000000000
 8 15.94027675639560 0.000000000000000
 9 16.57390517167569 0.000000000000000
 10 16.71809860827309 0.000000000000000
 11 17.92540507290662 0.000000000000000
 12 18.93690687439999 0.000000000000000

 spin=1 k-point=100/580 Cartesian=0.02596539332377698 0.07495563412549043 0.02398863898057904 (1340 plane wave)
 1 -2.650709027384104 0.003472222222222178
 2 1.442375976366087 0.003472222193434517
 3 4.193648142160683 4.713283492722004e-07
 4 8.625387745061561 0.000000000000000
 5 10.16488125366678 0.000000000000000
 6 12.70407244117956 0.000000000000000
 7 14.21870418136484 0.000000000000000
 8 15.02138663856716 0.000000000000000
 9 15.41944383711782 0.000000000000000
 10 16.66833207070590 0.000000000000000
 11 17.20013940787147 0.000000000000000
 12 18.28520925662646 0.000000000000000

 spin=1 k-point=101/580 Cartesian=0.05193078664755799 0.08994676095058993 0.02398863898057904 (1337 plane wave)
 1 -1.981991590993892 0.003472222222222178
 2 2.101911166360067 0.003472201158778097
 3 4.821132135200993 8.876737624483661e-10
 4 7.641457170714504 0.000000000000000
 5 7.762830950411584 0.000000000000000
 6 11.69675864901236 0.000000000000000
 7 11.88227756623917 0.000000000000000
 8 14.45690806360488 0.000000000000000
 9 14.62389618496776 0.000000000000000
 10 16.74055868445178 0.000000000000000
 11 17.67445301377995 0.000000000000000
 12 17.84515791536478 0.000000000000000

 spin=1 k-point=102/580 Cartesian=0.07789617997133459 0.1049378877756869 0.02398863898057904 (1334 plane wave)
 1 -1.046942089333235 0.003472222222222178
 2 3.006537481630388 0.003302212910580459
 3 5.224040985738616 1.579218266489688e-11
 4 5.931521009803832 1.336271490958971e-14
 5 7.066058817932857 0.000000000000000
 6 9.579574652743515 0.000000000000000
 7 11.08430996266986 0.000000000000000
 8 12.40225173151072 0.000000000000000
 9 13.90590674703548 0.000000000000000
 10 16.66411723777535 0.000000000000000
 11 18.34774519537255 0.000000000000000
 12 19.88290050161276 0.000000000000000

 spin=1 k-point=103/580 Cartesian=0.1038615732951112 0.1199290146007838 0.02398863898057904 (1340 plane wave)
 1 0.1523411514558781 0.003472222222222107
 2 3.256000432188504 0.002138281349182514
 3 4.332366842582120 1.177389024447560e-07
 4 6.427228826031760 0.000000000000000
 5 6.906529473360491 0.000000000000000
 6 7.869830753160539 0.000000000000000
 7 10.15514858036991 0.000000000000000
 8 10.99324136076596 0.000000000000000
 9 13.51671715875852 0.000000000000000
 10 16.33711685134240 0.000000000000000
 11 19.43810130010992 0.000000000000000
 12 20.53327864912987 0.000000000000000

 spin=1 k-point=104/580 Cartesian=0.1298269666188922 0.1349201414258833 0.02398863898057904 (1343 plane wave)
 1 1.604457462706831 0.003472222076636891
 2 1.613683635471769 0.003472222062565807
 3 5.541350149046582 6.612803780616729e-13
 4 5.779935424338346 6.084469203150338e-14
 5 6.509545807397599 0.000000000000000
 6 8.439376182316796 0.000000000000000
 7 8.798735239621417 0.000000000000000
 8 10.75111002174583 0.000000000000000
 9 13.38646464822516 0.000000000000000
 10 16.21857626493516 0.000000000000000
 11 20.12748524909060 0.000000000000000
 12 21.00420709199901 0.000000000000000

 spin=1 k-point=105/580 Cartesian=0.1557923599426688 0.1499112682509802 0.02398863898057904 (1340 plane wave)
 1 0.1523411511581092 0.003472222222222107
 2 3.256000454443592 0.002138281166362662
 3 4.332366788364400 1.177389662779727e-07
 4 6.427228876027686 0.000000000000000
 5 6.906529572567558 0.000000000000000
 6 7.869830579588805 0.000000000000000
 7 10.15514870866107 0.000000000000000
 8 10.99324128729834 0.000000000000000
 9 13.51671715903714 0.000000000000000
 10 16.33711685318842 0.000000000000000
 11 19.43810130664936 0.000000000000000
 12 20.53327861178080 0.000000000000000

 spin=1 k-point=106/580 Cartesian=0.1298269666188922 0.01499112682509761 -0.02398863898057856 (1334 plane wave)
 1 -1.046942089303550 0.003472222222222178
 2 3.006537487410581 0.003302212901234741
 3 5.224040921401924 1.579219282507038e-11
 4 5.931521088758381 1.336270435911999e-14
 5 7.066058811807845 0.000000000000000
 6 9.579574593429335 0.000000000000000
 7 11.08431004375671 0.000000000000000
 8 12.40225169139903 0.000000000000000
 9 13.90590674773908 0.000000000000000
 10 16.66411724367800 0.000000000000000
 11 18.34774518003060 0.000000000000000
 12 19.88290051458091 0.000000000000000

 spin=1 k-point=107/580 Cartesian=0.1038615732951112 0.000000000000000 -0.02398863898057856 (1337 plane wave)
 1 -1.981991590905490 0.003472222222222178
 2 2.101911166634471 0.003472201158778040
 3 4.821132135226255 8.876737622241195e-10
 4 7.641457155834631 0.000000000000000
 5 7.762830964605135 0.000000000000000
 6 11.69675866477746 0.000000000000000
 7 11.88227755032585 0.000000000000000
 8 14.45690807409842 0.000000000000000
 9 14.62389617150170 0.000000000000000
 10 16.74055868168438 0.000000000000000
 11 17.67445301966239 0.000000000000000
 12 17.84515791612927 0.000000000000000

 spin=1 k-point=108/580 Cartesian=-0.07789617997133380 0.01499112682510016 0.02398863898057904 (1340 plane wave)
 1 -2.650709027308650 0.003472222222222178
 2 1.442375976121018 0.003472222193434517
 3 4.193648143571225 4.713283426248191e-07
 4 8.625387741047922 0.000000000000000
 5 10.16488124948358 0.000000000000000
 6 12.70407247066162 0.000000000000000
 7 14.21870413574976 0.000000000000000
 8 15.02138670325255 0.000000000000000
 9 15.41944377204914 0.000000000000000
 10 16.66833215448387 0.000000000000000
 11 17.20013933512095 0.000000000000000
 12 18.28520926006038 0.000000000000000

 spin=1 k-point=109/580 Cartesian=-0.05193078664755722 0.02998225365019709 0.02398863898057904 (1335 plane wave)
 1 -3.052202732570636 0.003472222222222178
 2 1.044662554892219 0.003472222221682719
 3 3.806850293043116 2.240849957467898e-05
 4 9.810100400248718 0.000000000000000
 5 12.44593364119540 0.000000000000000
 6 13.37318034550566 0.000000000000000
 7 14.09419949562642 0.000000000000000
 8 15.94027675562254 0.000000000000000
 9 16.57390515833313 0.000000000000000
 10 16.71809848862963 0.000000000000000
 11 17.92540520573989 0.000000000000000
 12 18.93690687004056 0.000000000000000

 spin=1 k-point=110/580 Cartesian=-0.02596539332377619 0.04497338047529658 0.02398863898057904 (1338 plane wave)
 1 -3.186072929086028 0.003472222222222178
 2 0.9118674349915317 0.003472222222079211
 3 3.677026559719098 8.069196233155906e-05
 4 11.21352647353714 0.000000000000000
 5 11.24963574609036 0.000000000000000
 6 15.16653546195563 0.000000000000000
 7 15.34687227405707 0.000000000000000
 8 15.50010360807650 0.000000000000000
 9 16.36152465234195 0.000000000000000
 10 16.46058118534280 0.000000000000000
 11 18.08255902479541 0.000000000000000
 12 18.22256154557353 0.000000000000000

 spin=1 k-point=111/580 Cartesian=0.000000000000000 0.08994676095058715 0.02398863898057904 (1335 plane wave)
 1 -2.383172677918304 0.003472222222222178
 2 1.706326196960806 0.003472221819015372
 3 4.443804596890267 3.863329419289239e-08
 4 7.324010883675871 0.000000000000000
 5 11.29077451233979 0.000000000000000
 6 11.50396939987806 0.000000000000000
 7 12.76963831713108 0.000000000000000
 8 14.16712676073966 0.000000000000000
 9 15.63336018116854 0.000000000000000
 10 16.55969282917390 0.000000000000000
 11 17.23767705104559 0.000000000000000
 12 18.42809854434453 0.000000000000000

 spin=1 k-point=112/580 Cartesian=0.02596539332377698 0.1049378877756843 0.02398863898057904 (1330 plane wave)
 1 -1.848366849353770 0.003472222222222178
 2 2.231539345040813 0.003472145222252787
 3 4.915097441910615 3.468703743904654e-10
 4 6.312297321936915 0.000000000000000
 5 9.316127581987365 0.000000000000000
 6 10.39813599137594 0.000000000000000
 7 12.87131676858549 0.000000000000000
 8 13.66333553318726 0.000000000000000
 9 14.43983197916290 0.000000000000000
 10 16.16227784971520 0.000000000000000
 11 17.49022276457707 0.000000000000000
 12 18.62913670265394 0.000000000000000

 spin=1 k-point=113/580 Cartesian=0.05193078664755799 0.1199290146007838 0.02398863898057904 (1334 plane wave)
 1 -1.046942089470718 0.003472222222222178
 2 3.006537486129115 0.003302212903306682
 3 5.224040922159488 1.579219270543442e-11
 4 5.931521094144904 1.336270363933470e-14
 5 7.066058807441701 0.000000000000000
 6 9.579574589172022 0.000000000000000
 7 11.08431004721021 0.000000000000000
 8 12.40225169280667 0.000000000000000
 9 13.90590675004087 0.000000000000000
 10 16.66411724073196 0.000000000000000
 11 18.34774518586183 0.000000000000000
 12 19.88290050822996 0.000000000000000

 spin=1 k-point=114/580 Cartesian=0.07789617997133459 0.1349201414258807 0.02398863898057904 (1341 plane wave)
 1 0.01968055195502913 0.003472222222222159
 2 3.921215473927617 7.172075708868696e-06
 3 4.834542910907019 7.762669998931150e-10
 4 4.965658060258196 2.092113283692321e-10
 5 6.907439040580612 0.000000000000000
 6 8.921913627905692 0.000000000000000
 7 9.196403274866215 0.000000000000000
 8 11.83601502773836 0.000000000000000
 9 11.84773388410349 0.000000000000000
 10 18.75368559564444 0.000000000000000
 11 19.57077848125276 0.000000000000000
 12 19.79381227857939 0.000000000000000

 spin=1 k-point=115/580 Cartesian=0.1038615732951112 0.1499112682509777 0.02398863898057904 (1353 plane wave)
 1 1.347813865819952 0.003472222211039953
 2 2.921044930530205 0.003397821244545878
 3 4.453282213772408 3.513997117959899e-08
 4 5.574481059861797 4.747881636105178e-13
 5 7.010791190614108 0.000000000000000
 6 8.155082504534397 0.000000000000000
 7 8.971092017310536 0.000000000000000
 8 10.07959077211503 0.000000000000000
 9 11.57104901530539 0.000000000000000
 10 19.01647465461058 0.000000000000000
 11 20.68147512085134 0.000000000000000
 12 21.99590681024766 0.000000000000000

 spin=1 k-point=116/580 Cartesian=0.1298269666188922 0.1649023950760772 0.02398863898057904 (1353 plane wave)
 1 1.347813865446584 0.003472222211039953
 2 2.921044935568438 0.003397821240877704
 3 4.453282198847328 3.513997642421630e-08
 4 5.574481064347678 4.747881423120820e-13
 5 7.010791246239025 0.000000000000000
 6 8.155082359381145 0.000000000000000
 7 8.971092149599242 0.000000000000000
 8 10.07959073128855 0.000000000000000
 9 11.57104901860824 0.000000000000000
 10 19.01647465857085 0.000000000000000
 11 20.68147510254607 0.000000000000000
 12 21.99590682947541 0.000000000000000

 spin=1 k-point=117/580 Cartesian=0.1557923599426688 0.1798935219011741 0.02398863898057904 (1341 plane wave)
 1 0.01968055215045623 0.003472222222222159
 2 3.921215479650536 7.172075299264328e-06
 3 4.834542896582075 7.762671110929379e-10
 4 4.965658064828292 2.092113188080712e-10
 5 6.907439045230403 0.000000000000000
 6 8.921913643067100 0.000000000000000
 7 9.196403258556403 0.000000000000000
 8 11.83601503953552 0.000000000000000
 9 11.84773387103040 0.000000000000000
 10 18.75368559247620 0.000000000000000
 11 19.57077848749934 0.000000000000000
 12 19.79381227876078 0.000000000000000

 spin=1 k-point=118/580 Cartesian=0.1298269666188922 -0.01499112682509626 -0.02398863898057856 (1334 plane wave)
 1 -1.046942089225044 0.003472222222222178
 2 3.006537482335264 0.003302212909440778
 3 5.224040983064357 1.579218308722081e-11
 4 5.931521011551664 1.336271467603184e-14
 5 7.066058818578115 0.000000000000000
 6 9.579574652275767 0.000000000000000
 7 11.08430996082942 0.000000000000000
 8 12.40225173317660 0.000000000000000
 9 13.90590674525845 0.000000000000000
 10 16.66411723409862 0.000000000000000
 11 18.34774520508634 0.000000000000000
 12 19.88290050084197 0.000000000000000

 spin=1 k-point=119/580 Cartesian=-0.1038615732951104 0.02998225365019710 0.02398863898057904 (1330 plane wave)
 1 -1.848366849161986 0.003472222222222178
 2 2.231539342939693 0.003472145222254404
 3 4.915097460778067 3.468703089448620e-10
 4 6.312297296824651 0.000000000000000
 5 9.316127561734996 0.000000000000000
 6 10.39813604910753 0.000000000000000
 7 12.87131670061812 0.000000000000000
 8 13.66333558303428 0.000000000000000
 9 14.43983194885231 0.000000000000000
 10 16.16227787510410 0.000000000000000
 11 17.49022273705949 0.000000000000000
 12 18.62913674783496 0.000000000000000

 spin=1 k-point=120/580 Cartesian=-0.07789617997133380 0.04497338047529403 0.02398863898057904 (1335 plane wave)
 1 -2.383172677801443 0.003472222222222178
 2 1.706326195930614 0.003472221819015377
 3 4.443804602241256 3.863329212565165e-08
 4 7.324010874743148 0.000000000000000
 5 11.29077449100173 0.000000000000000
 6 11.50396938866196 0.000000000000000
 7 12.76963844785900 0.000000000000000
 8 14.16712663804827 0.000000000000000
 9 15.63336016871556 0.000000000000000
 10 16.55969276814582 0.000000000000000
 11 17.23767719947804 0.000000000000000
 12 18.42809853614381 0.000000000000000

 spin=1 k-point=121/580 Cartesian=-0.05193078664755722 0.05996450730039096 0.02398863898057904 (1340 plane wave)
 1 -2.650709027339967 0.003472222222222178
 2 1.442375976051932 0.003472222193434517
 3 4.193648143408576 4.713283433913238e-07
 4 8.625387743149657 0.000000000000000
 5 10.16488124804473 0.000000000000000
 6 12.70407246852734 0.000000000000000
 7 14.21870413542283 0.000000000000000
 8 15.02138670401102 0.000000000000000
 9 15.41944376514327 0.000000000000000
 10 16.66833217562514 0.000000000000000
 11 17.20013932492459 0.000000000000000
 12 18.28520926599575 0.000000000000000

 spin=1 k-point=122/580 Cartesian=-0.02596539332377619 0.07495563412549044 0.02398863898057904 (1340 plane wave)
 1 -2.650709027378963 0.003472222222222178
 2 1.442375976362788 0.003472222193434517
 3 4.193648142095658 4.713283495786424e-07
 4 8.625387745868911 0.000000000000000
 5 10.16488125363108 0.000000000000000
 6 12.70407243682912 0.000000000000000
 7 14.21870418588273 0.000000000000000
 8 15.02138664148221 0.000000000000000
 9 15.41944382920463 0.000000000000000
 10 16.66833207862996 0.000000000000000
 11 17.20013940132130 0.000000000000000
 12 18.28520926367866 0.000000000000000

 spin=1 k-point=123/580 Cartesian=0.000000000000000 0.1199290146007810 0.02398863898057904 (1338 plane wave)
 1 -1.447647336399537 0.003472222222222178
 2 2.615007407378825 0.003468662339104816
 3 4.828372921576681 8.256710314825254e-10
 4 5.613402441135080 3.217113854640695e-13
 5 9.100362361104592 0.000000000000000
 6 10.83036317559981 0.000000000000000
 7 11.54615683126753 0.000000000000000
 8 12.54784632198036 0.000000000000000
 9 14.96055620623311 0.000000000000000
 10 16.18566728809693 0.000000000000000
 11 17.68073035628640 0.000000000000000
 12 17.75821417519911 0.000000000000000

 spin=1 k-point=124/580 Cartesian=0.02596539332377698 0.1349201414258782 0.02398863898057904 (1337 plane wave)
 1 -0.7803595068753005 0.003472222222222178
 2 3.198112901981064 0.002572628528477454
 3 4.124298286065683 9.428600717820186e-07
 4 6.087121536180863 2.819226944763886e-15
 5 8.108934074870021 0.000000000000000
 6 8.975067329952861 0.000000000000000
 7 10.92986014509566 0.000000000000000
 8 13.04501544878829 0.000000000000000
 9 13.91714154126066 0.000000000000000
 10 15.67173920264002 0.000000000000000
 11 17.86397511142872 0.000000000000000
 12 18.72477174926444 0.000000000000000

 spin=1 k-point=125/580 Cartesian=0.05193078664755799 0.1499112682509776 0.02398863898057904 (1340 plane wave)
 1 0.1523411508783337 0.003472222222222107
 2 3.256000449699857 0.002138281205331234
 3 4.332366795815952 1.177389575048879e-07
 4 6.427228881914946 0.000000000000000
 5 6.906529568528197 0.000000000000000
 6 7.869830569751461 0.000000000000000
 7 10.15514871263487 0.000000000000000
 8 10.99324129030119 0.000000000000000
 9 13.51671716080364 0.000000000000000
 10 16.33711685082426 0.000000000000000
 11 19.43810131320488 0.000000000000000
 12 20.53327861023701 0.000000000000000

 spin=1 k-point=126/580 Cartesian=0.07789617997133459 0.1649023950760746 0.02398863898057904 (1353 plane wave)
 1 1.347813865280244 0.003472222211039953
 2 2.921044932780028 0.003397821242907855
 3 4.453282204273306 3.513997451754781e-08
 4 5.574481065513002 4.747881367792593e-13
 5 7.010791247702834 0.000000000000000
 6 8.155082335402916 0.000000000000000
 7 8.971092168962292 0.000000000000000
 8 10.07959073256267 0.000000000000000
 9 11.57104901820072 0.000000000000000
 10 19.01647465393221 0.000000000000000
 11 20.68147511667898 0.000000000000000
 12 21.99590680758499 0.000000000000000

 spin=1 k-point=127/580 Cartesian=0.1038615732951112 0.1798935219011715 0.02398863898057904 (1347 plane wave)
 1 2.775552727500932 0.003454565633573436
 2 2.775552924087291 0.003454565599039456
 3 2.846748299422865 0.003436427495415003
 4 6.905503569743284 0.000000000000000
 5 6.939493191112303 0.000000000000000
 6 6.939493330910081 0.000000000000000
 7 9.899894363073297 0.000000000000000
 8 9.910426859999998 0.000000000000000
 9 9.910427037073006 0.000000000000000
 10 21.52553638887663 0.000000000000000
 11 21.52553643839503 0.000000000000000
 12 21.63078597436330 0.000000000000000

 spin=1 k-point=128/580 Cartesian=0.1298269666188922 0.1948846487262710 0.02398863898057904 (1353 plane wave)
 1 1.347813866018098 0.003472222211039953
 2 2.921044929879188 0.003397821245019863
 3 4.453282217164872 3.513996998749980e-08
 4 5.574481054882527 4.747881872515097e-13
 5 7.010791195308509 0.000000000000000
 6 8.155082498477823 0.000000000000000
 7 8.971092019721016 0.000000000000000
 8 10.07959077394707 0.000000000000000
 9 11.57104901390433 0.000000000000000
 10 19.01647465075543 0.000000000000000
 11 20.68147513575852 0.000000000000000
 12 21.99590679379475 0.000000000000000

 spin=1 k-point=129/580 Cartesian=0.1557923599426688 0.2098757755513679 0.02398863898057904 (1340 plane wave)
 1 0.1523411515419424 0.003472222222222107
 2 3.256000432055311 0.002138281350276661
 3 4.332366843275002 1.177389016289907e-07
 4 6.427228823515945 0.000000000000000
 5 6.906529480139350 0.000000000000000
 6 7.869830746092154 0.000000000000000
 7 10.15514858001170 0.000000000000000
 8 10.99324136327574 0.000000000000000
 9 13.51671715754287 0.000000000000000
 10 16.33711685025952 0.000000000000000
 11 19.43810130735903 0.000000000000000
 12 20.53327865084583 0.000000000000000

 spin=1 k-point=130/580 Cartesian=-0.1298269666188914 0.04497338047529147 0.02398863898057904 (1337 plane wave)
 1 -0.7803595064067927 0.003472222222222178
 2 3.198112876623449 0.002572628697492139
 3 4.124298342983776 9.428595352697926e-07
 4 6.087121476306081 2.819228632770812e-15
 5 8.108934061196287 0.000000000000000
 6 8.975067413692638 0.000000000000000
 7 10.92986009067893 0.000000000000000
 8 13.04501546004779 0.000000000000000
 9 13.91714153231482 0.000000000000000
 10 15.67173920823194 0.000000000000000
 11 17.86397507458209 0.000000000000000
 12 18.72477182586011 0.000000000000000

 spin=1 k-point=131/580 Cartesian=-0.1038615732951104 0.05996450730039096 0.02398863898057904 (1338 plane wave)
 1 -1.447647336107925 0.003472222222222178
 2 2.615007400589963 0.003468662339346244
 3 4.828372986215135 8.256704977817009e-10
 4 5.613402369761909 3.217116150798253e-13
 5 9.100362369371792 0.000000000000000
 6 10.83036316454066 0.000000000000000
 7 11.54615693090060 0.000000000000000
 8 12.54784622308451 0.000000000000000
 9 14.96055619415617 0.000000000000000
 10 16.18566727520953 0.000000000000000
 11 17.68073045922499 0.000000000000000
 12 17.75821416591825 0.000000000000000

 spin=1 k-point=132/580 Cartesian=-0.07789617997133380 0.07495563412548789 0.02398863898057904 (1330 plane wave)
 1 -1.848366849205871 0.003472222222222178
 2 2.231539342796742 0.003472145222254515
 3 4.915097460116361 3.468703112401212e-10
 4 6.312297298759321 0.000000000000000
 5 9.316127560046661 0.000000000000000
 6 10.39813604983101 0.000000000000000
 7 12.87131669720835 0.000000000000000
 8 13.66333558473331 0.000000000000000
 9 14.43983194826886 0.000000000000000
 10 16.16227788173398 0.000000000000000
 11 17.49022273554792 0.000000000000000
 12 18.62913674736521 0.000000000000000

 spin=1 k-point=133/580 Cartesian=-0.05193078664755722 0.08994676095058482 0.02398863898057904 (1337 plane wave)
 1 -1.981991590984666 0.003472222222222178
 2 2.101911166365880 0.003472201158778097
 3 4.821132134528665 8.876737684164404e-10
 4 7.641457201403666 0.000000000000000
 5 7.762830920796005 0.000000000000000
 6 11.69675861975161 0.000000000000000
 7 11.88227759533604 0.000000000000000
 8 14.45690803394750 0.000000000000000
 9 14.62389621521663 0.000000000000000
 10 16.74055867483896 0.000000000000000
 11 17.67445302959172 0.000000000000000
 12 17.84515791361076 0.000000000000000

 spin=1 k-point=134/580 Cartesian=-0.02596539332377619 0.1049378877756843 0.02398863898057904 (1330 plane wave)
 1 -1.848366849345281 0.003472222222222178
 2 2.231539345033942 0.003472145222252792
 3 4.915097441439848 3.468703760234185e-10
 4 6.312297322904239 0.000000000000000
 5 9.316127582894268 0.000000000000000
 6 10.39813598803403 0.000000000000000
 7 12.87131677171494 0.000000000000000
 8 13.66333553279021 0.000000000000000
 9 14.43983197807698 0.000000000000000
 10 16.16227785135683 0.000000000000000
 11 17.49022276150973 0.000000000000000
 12 18.62913670210376 0.000000000000000

 spin=1 k-point=135/580 Cartesian=0.000000000000000 0.1499112682509800 0.02398863898057904 (1342 plane wave)
 1 -0.2476937343661202 0.003472222222222176
 2 2.857322297046673 0.003432480901507427
 3 3.955848760812017 5.075712846371994e-06
 4 6.466959552476245 0.000000000000000
 5 7.279352373364128 0.000000000000000
 6 9.775937802059433 0.000000000000000
 7 10.42601372594618 0.000000000000000
 8 11.97678842556872 0.000000000000000
 9 14.55662992985920 0.000000000000000
 10 15.82474207165149 0.000000000000000
 11 17.35546495757944 0.000000000000000
 12 18.18041737231326 0.000000000000000

 spin=1 k-point=136/580 Cartesian=0.02596539332377698 0.1649023950760771 0.02398863898057904 (1337 plane wave)
 1 0.5497820740335735 0.003472222222218353
 2 2.125570361658657 0.003472195536480008
 3 4.682229041740475 3.560423566040326e-09
 4 6.195114224198257 0.000000000000000
 5 7.454022871616817 0.000000000000000
 6 8.534267159222601 0.000000000000000
 7 9.279927503290027 0.000000000000000
 8 12.76581407257401 0.000000000000000
 9 13.65618505823165 0.000000000000000
 10 15.41609013839849 0.000000000000000
 11 17.72453528773028 0.000000000000000
 12 19.65733212377353 0.000000000000000

 spin=1 k-point=137/580 Cartesian=0.05193078664755799 0.1798935219011766 0.02398863898057904 (1343 plane wave)
 1 1.604457506251298 0.003472222076636828
 2 1.613683590233061 0.003472222062565880
 3 5.541350188820394 6.612801150452431e-13
 4 5.779935382020352 6.084471777976762e-14
 5 6.509545817549607 0.000000000000000
 6 8.439376135110477 0.000000000000000
 7 8.798735278914725 0.000000000000000
 8 10.75111002519257 0.000000000000000
 9 13.38646464994702 0.000000000000000
 10 16.21857626234784 0.000000000000000
 11 20.12748526322723 0.000000000000000
 12 21.00420711592549 0.000000000000000

 spin=1 k-point=138/580 Cartesian=0.07789617997133459 0.1948846487262736 0.02398863898057904 (1353 plane wave)
 1 1.347813865824997 0.003472222211039953
 2 2.921044927640018 0.003397821246650130
 3 4.453282221629998 3.513996841847139e-08
 4 5.574481055249557 4.747881855088939e-13
 5 7.010791197268904 0.000000000000000
 6 8.155082478558262 0.000000000000000
 7 8.971092036857339 0.000000000000000
 8 10.07959077300199 0.000000000000000
 9 11.57104901491372 0.000000000000000
 10 19.01647464781698 0.000000000000000
 11 20.68147513796661 0.000000000000000
 12 21.99590678599742 0.000000000000000

 spin=1 k-point=139/580 Cartesian=0.1038615732951112 0.2098757755513705 0.02398863898057904 (1353 plane wave)
 1 1.347813865393637 0.003472222211039953
 2 2.921044932797873 0.003397821242894862
 3 4.453282206356099 3.513997378566199e-08
 4 5.574481062871437 4.747881493210994e-13
 5 7.010791245621068 0.000000000000000
 6 8.155082336600444 0.000000000000000
 7 8.971092172969788 0.000000000000000
 8 10.07959072983111 0.000000000000000
 9 11.57104901737249 0.000000000000000
 10 19.01647465662641 0.000000000000000
 11 20.68147510636781 0.000000000000000
 12 21.99590681791334 0.000000000000000

 spin=1 k-point=140/580 Cartesian=0.1298269666188922 0.2248669023764700 0.02398863898057904 (1343 plane wave)
 1 1.604457492966497 0.003472222076636848
 2 1.613683604487952 0.003472222062565857
 3 5.541350179420474 6.612801772050627e-13
 4 5.779935395130070 6.084470980319543e-14
 5 6.509545808688133 0.000000000000000
 6 8.439376151245865 0.000000000000000
 7 8.798735268478909 0.000000000000000
 8 10.75111002252443 0.000000000000000
 9 13.38646464737004 0.000000000000000
 10 16.21857626489589 0.000000000000000
 11 20.12748525647739 0.000000000000000
 12 21.00420711120497 0.000000000000000

 spin=1 k-point=141/580 Cartesian=0.1557923599426688 0.2398580292015669 0.02398863898057904 (1337 plane wave)
 1 0.5497820753374801 0.003472222222218353
 2 2.125570357148789 0.003472195536481212
 3 4.682229073089968 3.560422449866626e-09
 4 6.195114159446739 0.000000000000000
 5 7.454022880158091 0.000000000000000
 6 8.534267263529129 0.000000000000000
 7 9.279927423021462 0.000000000000000
 8 12.76581407303160 0.000000000000000
 9 13.65618505856063 0.000000000000000
 10 15.41609013557254 0.000000000000000
 11 17.72453528170495 0.000000000000000
 12 19.65733218481475 0.000000000000000

 spin=1 k-point=142/580 Cartesian=-0.1298269666188914 0.07495563412549044 0.02398863898057904 (1342 plane wave)
 1 -0.2476937336065986 0.003472222222222176
 2 2.857322278035153 0.003432480908976381
 3 3.955848805106549 5.075710601395197e-06
 4 6.466959443461195 0.000000000000000
 5 7.279352459332438 0.000000000000000
 6 9.775937821392130 0.000000000000000
 7 10.42601371493307 0.000000000000000
 8 11.97678840867746 0.000000000000000
 9 14.55662991801053 0.000000000000000
 10 15.82474207333712 0.000000000000000
 11 17.35546494802015 0.000000000000000
 12 18.18041744296255 0.000000000000000

 spin=1 k-point=143/580 Cartesian=-0.1038615732951104 0.08994676095058993 0.02398863898057904 (1337 plane wave)
 1 -0.7803595064580845 0.003472222222222178
 2 3.198112875998782 0.002572628701655697
 3 4.124298343539116 9.428595300351422e-07
 4 6.087121477413808 2.819228601541438e-15
 5 8.108934058928352 0.000000000000000
 6 8.975067415822089 0.000000000000000
 7 10.92986008871343 0.000000000000000
 8 13.04501546018814 0.000000000000000
 9 13.91714153212947 0.000000000000000
 10 15.67173921094410 0.000000000000000
 11 17.86397507779565 0.000000000000000
 12 18.72477182128659 0.000000000000000

 spin=1 k-point=144/580 Cartesian=-0.07789617997133380 0.1049378877756869 0.02398863898057904 (1334 plane wave)
 1 -1.046942089326111 0.003472222222222178
 2 3.006537481573091 0.003302212910673101
 3 5.224040979389561 1.579218366755137e-11
 4 5.931521022737781 1.336271318126271e-14
 5 7.066058812181180 0.000000000000000
 6 9.579574648826910 0.000000000000000
 7 11.08430996380207 0.000000000000000
 8 12.40225173215601 0.000000000000000
 9 13.90590674833618 0.000000000000000
 10 16.66411723304086 0.000000000000000
 11 18.34774520490783 0.000000000000000
 12 19.88290050675500 0.000000000000000

 spin=1 k-point=145/580 Cartesian=-0.05193078664755722 0.1199290146007838 0.02398863898057904 (1334 plane wave)
 1 -1.046942089450911 0.003472222222222178
 2 3.006537485999136 0.003302212903516838
 3 5.224040919125873 1.579219318450892e-11
 4 5.931521100395750 1.336270280405257e-14
 5 7.066058805241776 0.000000000000000
 6 9.579574584084497 0.000000000000000
 7 11.08431005331097 0.000000000000000
 8 12.40225168964829 0.000000000000000
 9 13.90590675124284 0.000000000000000
 10 16.66411724135530 0.000000000000000
 11 18.34774518205834 0.000000000000000
 12 19.88290051492290 0.000000000000000

 spin=1 k-point=146/580 Cartesian=-0.02596539332377619 0.1349201414258833 0.02398863898057904 (1337 plane wave)
 1 -0.7803595068570834 0.003472222222222178
 2 3.198112901698587 0.002572628530360227
 3 4.124298286284765 9.428600697169412e-07
 4 6.087121536674295 2.819226930852924e-15
 5 8.108934075690714 0.000000000000000
 6 8.975067327108356 0.000000000000000
 7 10.92986014703856 0.000000000000000
 8 13.04501544890495 0.000000000000000
 9 13.91714154121494 0.000000000000000
 10 15.67173920213766 0.000000000000000
 11 17.86397510945258 0.000000000000000
 12 18.72477175070321 0.000000000000000

 spin=1 k-point=147/580 Cartesian=0.000000000000000 0.1798935219011738 0.02398863898057904 (1336 plane wave)
 1 1.209059786209074 0.003472222219430105
 2 1.210643226550193 0.003472222219385542
 3 5.264327808745950 1.055549652934175e-11
 4 5.387505912668657 3.079802228688825e-12
 5 8.115388418995375 0.000000000000000
 6 8.139800691537962 0.000000000000000
 7 10.29120655240948 0.000000000000000
 8 11.82160239564835 0.000000000000000
 9 14.42195555335184 0.000000000000000
 10 15.69948746285526 0.000000000000000
 11 17.22112046829697 0.000000000000000
 12 18.26474533511982 0.000000000000000

 spin=1 k-point=148/580 Cartesian=0.02596539332377698 0.1948846487262710 0.02398863898057904 (1337 plane wave)
 1 0.5497820749282035 0.003472222222218353
 2 2.125570356519276 0.003472195536481380
 3 4.682229074884811 3.560422385962685e-09
 4 6.195114156815499 0.000000000000000
 5 7.454022882092676 0.000000000000000
 6 8.534267263498959 0.000000000000000
 7 9.279927423865256 0.000000000000000
 8 12.76581407639414 0.000000000000000
 9 13.65618505451999 0.000000000000000
 10 15.41609014214166 0.000000000000000
 11 17.72453527963095 0.000000000000000
 12 19.65733218368259 0.000000000000000

 spin=1 k-point=149/580 Cartesian=0.05193078664755799 0.2098757755513705 0.02398863898057904 (1340 plane wave)
 1 0.1523411512334426 0.003472222222222107
 2 3.256000429952542 0.002138281367550367
 3 4.332366846068147 1.177388983404843e-07
 4 6.427228829313475 0.000000000000000
 5 6.906529474768115 0.000000000000000
 6 7.869830742981586 0.000000000000000
 7 10.15514858103666 0.000000000000000
 8 10.99324136564391 0.000000000000000
 9 13.51671716077869 0.000000000000000
 10 16.33711684768113 0.000000000000000
 11 19.43810130943701 0.000000000000000
 12 20.53327864711413 0.000000000000000

 spin=1 k-point=150/580 Cartesian=0.07789617997133459 0.2248669023764674 0.02398863898057904 (1341 plane wave)
 1 0.01968055191584583 0.003472222222222159
 2 3.921215471199426 7.172075904132512e-06
 3 4.834542941397211 7.762667632078495e-10
 4 4.965658033026400 2.092113853412532e-10
 5 6.907439041351001 0.000000000000000
 6 8.921913598088272 0.000000000000000
 7 9.196403303959391 0.000000000000000
 8 11.83601499787338 0.000000000000000
 9 11.84773391388755 0.000000000000000
 10 18.75368558626116 0.000000000000000
 11 19.57077849532517 0.000000000000000
 12 19.79381227626841 0.000000000000000

 spin=1 k-point=151/580 Cartesian=0.1038615732951112 0.2398580292015643 0.02398863898057904 (1340 plane wave)
 1 0.1523411509848145 0.003472222222222107
 2 3.256000450617048 0.002138281197796742
 3 4.332366796256418 1.177389569863050e-07
 4 6.427228878447033 0.000000000000000
 5 6.906529568538152 0.000000000000000
 6 7.869830570663714 0.000000000000000
 7 10.15514871729152 0.000000000000000
 8 10.99324128591441 0.000000000000000
 9 13.51671715888042 0.000000000000000
 10 16.33711685358729 0.000000000000000
 11 19.43810130758308 0.000000000000000
 12 20.53327861063345 0.000000000000000

 spin=1 k-point=152/580 Cartesian=0.1298269666188922 0.2548491560266638 0.02398863898057904 (1337 plane wave)
 1 0.5497820742614711 0.003472222222218353
 2 2.125570362514708 0.003472195536479780
 3 4.682229041098506 3.560423588897117e-09
 4 6.195114223788083 0.000000000000000
 5 7.454022871251814 0.000000000000000
 6 8.534267159768820 0.000000000000000
 7 9.279927502200705 0.000000000000000
 8 12.76581406947229 0.000000000000000
 9 13.65618506215516 0.000000000000000
 10 15.41609013286460 0.000000000000000
 11 17.72453528980952 0.000000000000000
 12 19.65733212124042 0.000000000000000

 spin=1 k-point=153/580 Cartesian=0.1557923599426688 0.2698402828517608 0.02398863898057904 (1336 plane wave)
 1 1.209059773025606 0.003472222219430105
 2 1.210643240707479 0.003472222219385542
 3 5.264327794925918 1.055549798811523e-11
 4 5.387505926216530 3.079801811441065e-12
 5 8.115388433450116 0.000000000000000
 6 8.139800678431117 0.000000000000000
 7 10.29120654138635 0.000000000000000
 8 11.82160240695524 0.000000000000000
 9 14.42195554164591 0.000000000000000
 10 15.69948747032718 0.000000000000000
 11 17.22112045845863 0.000000000000000
 12 18.26474534437410 0.000000000000000

 spin=1 k-point=154/580 Cartesian=0.1298269666188922 0.2548491560266638 -0.02398863898057856 (1337 plane wave)
 1 0.5497820752994932 0.003472222222218353
 2 2.125570357101352 0.003472195536481225
 3 4.682229073175495 3.560422446821520e-09
 4 6.195114158937238 0.000000000000000
 5 7.454022881416385 0.000000000000000
 6 8.534267265187387 0.000000000000000
 7 9.279927420139394 0.000000000000000
 8 12.76581407261257 0.000000000000000
 9 13.65618505845022 0.000000000000000
 10 15.41609013685720 0.000000000000000
 11 17.72453528410120 0.000000000000000
 12 19.65733218060661 0.000000000000000

 spin=1 k-point=155/580 Cartesian=0.1038615732951112 0.2398580292015643 -0.02398863898057856 (1340 plane wave)
 1 0.1523411514452198 0.003472222222222107
 2 3.256000430745199 0.002138281361038895
 3 4.332366844801278 1.177388998320311e-07
 4 6.427228828308815 0.000000000000000
 5 6.906529477136916 0.000000000000000
 6 7.869830743013594 0.000000000000000
 7 10.15514857997824 0.000000000000000
 8 10.99324136397695 0.000000000000000
 9 13.51671715881647 0.000000000000000
 10 16.33711684986869 0.000000000000000
 11 19.43810130795204 0.000000000000000
 12 20.53327865147574 0.000000000000000

 spin=1 k-point=156/580 Cartesian=0.07789617997133459 0.2248669023764674 -0.02398863898057856 (1341 plane wave)
 1 0.01968055199088321 0.003472222222222159
 2 3.921215469612258 7.172076017730334e-06
 3 4.834542941326657 7.762667637555385e-10
 4 4.965658034786905 2.092113816580751e-10
 5 6.907439042575303 0.000000000000000
 6 8.921913598146716 0.000000000000000
 7 9.196403301864326 0.000000000000000
 8 11.83601499725040 0.000000000000000
 9 11.84773391456955 0.000000000000000
 10 18.75368558622808 0.000000000000000
 11 19.57077849636848 0.000000000000000
 12 19.79381227774936 0.000000000000000

 spin=1 k-point=157/580 Cartesian=0.05193078664755799 0.2098757755513705 -0.02398863898057856 (1340 plane wave)
 1 0.1523411509308460 0.003472222222222107
 2 3.256000448571746 0.002138281214598373
 3 4.332366797693663 1.177389552941651e-07
 4 6.427228881123153 0.000000000000000
 5 6.906529570222345 0.000000000000000
 6 7.869830565939874 0.000000000000000
 7 10.15514871820732 0.000000000000000
 8 10.99324128658968 0.000000000000000
 9 13.51671716063006 0.000000000000000
 10 16.33711685180409 0.000000000000000
 11 19.43810131112044 0.000000000000000
 12 20.53327860888007 0.000000000000000

 spin=1 k-point=158/580 Cartesian=-0.02596539332377619 0.1649023950760771 0.02398863898057904 (1337 plane wave)
 1 0.5497820740774213 0.003472222222218353
 2 2.125570361499066 0.003472195536480052
 3 4.682229042163751 3.560423550969911e-09
 4 6.195114224151747 0.000000000000000
 5 7.454022871299695 0.000000000000000
 6 8.534267157081773 0.000000000000000
 7 9.279927505852820 0.000000000000000
 8 12.76581407248236 0.000000000000000
 9 13.65618505861056 0.000000000000000
 10 15.41609013687410 0.000000000000000
 11 17.72453528719349 0.000000000000000
 12 19.65733212665359 0.000000000000000

 spin=1 k-point=159/580 Cartesian=0.000000000000000 0.1499112682509800 -0.02398863898057856 (1342 plane wave)
 1 -0.2476937339301977 0.003472222222222176
 2 2.857322277383949 0.003432480909232217
 3 3.955848805895397 5.075710561414117e-06
 4 6.466959441905545 0.000000000000000
 5 7.279352459637094 0.000000000000000
 6 9.775937820688407 0.000000000000000
 7 10.42601372595185 0.000000000000000
 8 11.97678839755374 0.000000000000000
 9 14.55662992968455 0.000000000000000
 10 15.82474206573593 0.000000000000000
 11 17.35546495793955 0.000000000000000
 12 18.18041743784740 0.000000000000000

 spin=1 k-point=160/580 Cartesian=-0.02596539332377619 0.1349201414258833 -0.02398863898057856 (1337 plane wave)
 1 -0.7803595066629011 0.003472222222222178
 2 3.198112876350701 0.002572628699310074
 3 4.124298342649664 9.428595384191484e-07
 4 6.087121477231012 2.819228606694876e-15
 5 8.108934058489734 0.000000000000000
 6 8.975067417995712 0.000000000000000
 7 10.92986008918185 0.000000000000000
 8 13.04501546398007 0.000000000000000
 9 13.91714152796394 0.000000000000000
 10 15.67173921608530 0.000000000000000
 11 17.86397507583002 0.000000000000000
 12 18.72477181789356 0.000000000000000

 spin=1 k-point=161/580 Cartesian=-0.05193078664755722 0.1199290146007838 -0.02398863898057856 (1334 plane wave)
 1 -1.046942089427033 0.003472222222222178
 2 3.006537482187927 0.003302212909679001
 3 5.224040976719285 1.579218408924656e-11
 4 5.931521024197734 1.336271298617339e-14
 5 7.066058812776382 0.000000000000000
 6 9.579574647986339 0.000000000000000
 7 11.08430996580741 0.000000000000000
 8 12.40225173201396 0.000000000000000
 9 13.90590675040635 0.000000000000000
 10 16.66411723074531 0.000000000000000
 11 18.34774520448742 0.000000000000000
 12 19.88290050678861 0.000000000000000

 spin=1 k-point=162/580 Cartesian=-0.07789617997133380 0.1049378877756869 -0.02398863898057856 (1334 plane wave)
 1 -1.046942089455377 0.003472222222222178
 2 3.006537486868528 0.003302212902111159
 3 5.224040918980801 1.579219320741894e-11
 4 5.931521098820450 1.336270301455531e-14
 5 7.066058805107239 0.000000000000000
 6 9.579574585897895 0.000000000000000
 7 11.08431005210785 0.000000000000000
 8 12.40225169046915 0.000000000000000
 9 13.90590674983368 0.000000000000000
 10 16.66411724354723 0.000000000000000
 11 18.34774517921613 0.000000000000000
 12 19.88290051381610 0.000000000000000

 spin=1 k-point=163/580 Cartesian=0.1038615732951112 -0.08994676095058855 0.02398863898057904 (1337 plane wave)
 1 -0.7803595067650858 0.003472222222222178
 2 3.198112903665039 0.002572628517253345
 3 4.124298284996553 9.428600818596850e-07
 4 6.087121535160369 2.819226973533935e-15
 5 8.108934076981379 0.000000000000000
 6 8.975067325868817 0.000000000000000
 7 10.92986014707355 0.000000000000000
 8 13.04501544578388 0.000000000000000
 9 13.91714154509064 0.000000000000000
 10 15.67173919852404 0.000000000000000
 11 17.86397511090525 0.000000000000000
 12 18.72477174840052 0.000000000000000

 spin=1 k-point=164/580 Cartesian=0.1298269666188922 -0.07495563412548907 0.02398863898057904 (1342 plane wave)
 1 -0.2476937341719680 0.003472222222222176
 2 2.857322298963338 0.003432480900754437
 3 3.955848759210091 5.075712927562339e-06
 4 6.466959549583467 0.000000000000000
 5 7.279352377097974 0.000000000000000
 6 9.775937803469517 0.000000000000000
 7 10.42601371491847 0.000000000000000
 8 11.97678843663356 0.000000000000000
 9 14.55662991811998 0.000000000000000
 10 15.82474207910144 0.000000000000000
 11 17.35546494778514 0.000000000000000
 12 18.18041737893667 0.000000000000000

 spin=1 k-point=165/580 Cartesian=0.1557923599426688 0.2398580292015669 -0.02398863898057856 (1337 plane wave)
 1 0.5497820743267081 0.003472222222218353
 2 2.125570362600850 0.003472195536479757
 3 4.682229040451100 3.560423611947516e-09
 4 6.195114223504483 0.000000000000000
 5 7.454022872318174 0.000000000000000
 6 8.534267163089044 0.000000000000000
 7 9.279927498382417 0.000000000000000
 8 12.76581406870953 0.000000000000000
 9 13.65618506205414 0.000000000000000
 10 15.41609013317842 0.000000000000000
 11 17.72453529241081 0.000000000000000
 12 19.65733212197594 0.000000000000000

 spin=1 k-point=166/580 Cartesian=0.1298269666188922 0.2248669023764700 -0.02398863898057856 (1343 plane wave)
 1 1.604457493059413 0.003472222076636848
 2 1.613683604473862 0.003472222062565857
 3 5.541350175627332 6.612802022883720e-13
 4 5.779935395335482 6.084470967821339e-14
 5 6.509545814869942 0.000000000000000
 6 8.439376150108339 0.000000000000000
 7 8.798735266054605 0.000000000000000
 8 10.75111002270702 0.000000000000000
 9 13.38646464812976 0.000000000000000
 10 16.21857626447515 0.000000000000000
 11 20.12748526074035 0.000000000000000
 12 21.00420711103071 0.000000000000000

 spin=1 k-point=167/580 Cartesian=0.1038615732951112 0.2098757755513705 -0.02398863898057856 (1353 plane wave)
 1 1.347813866000280 0.003472222211039953
 2 2.921044928577372 0.003397821245967673
 3 4.453282218900883 3.513996937747223e-08
 4 5.574481056059851 4.747881816617135e-13
 5 7.010791198434222 0.000000000000000
 6 8.155082484058337 0.000000000000000
 7 8.971092029515709 0.000000000000000
 8 10.07959077381716 0.000000000000000
 9 11.57104901435703 0.000000000000000
 10 19.01647464946239 0.000000000000000
 11 20.68147513480108 0.000000000000000
 12 21.99590679979233 0.000000000000000

 spin=1 k-point=168/580 Cartesian=0.07789617997133459 0.1948846487262736 -0.02398863898057856 (1353 plane wave)
 1 1.347813865454820 0.003472222211039953
 2 2.921044931436258 0.003397821243886210
 3 4.453282208090805 3.513997317609291e-08
 4 5.574481062472523 4.747881512150989e-13
 5 7.010791247632238 0.000000000000000
 6 8.155082333315496 0.000000000000000
 7 8.971092173911007 0.000000000000000
 8 10.07959072966915 0.000000000000000
 9 11.57104901844749 0.000000000000000
 10 19.01647465585271 0.000000000000000
 11 20.68147511256745 0.000000000000000
 12 21.99590680876534 0.000000000000000

 spin=1 k-point=169/580 Cartesian=0.05193078664755799 0.1798935219011766 -0.02398863898057856 (1343 plane wave)
 1 1.604457506198242 0.003472222076636828
 2 1.613683590263416 0.003472222062565880
 3 5.541350191255469 6.612800989425759e-13
 4 5.779935381467920 6.084471811589421e-14
 5 6.509545813374376 0.000000000000000
 6 8.439376137822100 0.000000000000000
 7 8.798735280572087 0.000000000000000
 8 10.75111002296434 0.000000000000000
 9 13.38646464934735 0.000000000000000
 10 16.21857626349738 0.000000000000000
 11 20.12748526060127 0.000000000000000
 12 21.00420711885803 0.000000000000000

 spin=1 k-point=170/580 Cartesian=0.02596539332377698 0.1649023950760771 -0.02398863898057856 (1337 plane wave)
 1 0.5497820748799026 0.003472222222218353
 2 2.125570356668607 0.003472195536481341
 3 4.682229074639011 3.560422394714214e-09
 4 6.195114157150210 0.000000000000000
 5 7.454022881415851 0.000000000000000
 6 8.534267262651573 0.000000000000000
 7 9.279927425869037 0.000000000000000
 8 12.76581407581459 0.000000000000000
 9 13.65618505527190 0.000000000000000
 10 15.41609013978188 0.000000000000000
 11 17.72453527934752 0.000000000000000
 12 19.65733218827389 0.000000000000000

 spin=1 k-point=171/580 Cartesian=0.000000000000000 0.1199290146007810 -0.02398863898057856 (1338 plane wave)
 1 -1.447647336293915 0.003472222222222178
 2 2.615007400928486 0.003468662339334206
 3 4.828372983644898 8.256705190033935e-10
 4 5.613402371466117 3.217116095971904e-13
 5 9.100362368331707 0.000000000000000
 6 10.83036317562189 0.000000000000000
 7 11.54615692767590 0.000000000000000
 8 12.54784621446185 0.000000000000000
 9 14.96055620591701 0.000000000000000
 10 16.18566726770734 0.000000000000000
 11 17.68073045836246 0.000000000000000
 12 17.75821417588348 0.000000000000000

 spin=1 k-point=172/580 Cartesian=-0.02596539332377619 0.1049378877756843 -0.02398863898057856 (1330 plane wave)
 1 -1.848366849314363 0.003472222222222178
 2 2.231539343166280 0.003472145222254230
 3 4.915097458479109 3.468703169192622e-10
 4 6.312297299281511 0.000000000000000
 5 9.316127562199242 0.000000000000000
 6 10.39813604930209 0.000000000000000
 7 12.87131669735504 0.000000000000000
 8 13.66333558869651 0.000000000000000
 9 14.43983194368553 0.000000000000000
 10 16.16227788620651 0.000000000000000
 11 17.49022273678394 0.000000000000000
 12 18.62913673971277 0.000000000000000

 spin=1 k-point=173/580 Cartesian=-0.05193078664755722 0.08994676095058482 -0.02398863898057856 (1337 plane wave)
 1 -1.981991591021541 0.003472222222222178
 2 2.101911166788298 0.003472201158778007
 3 4.821132133641573 8.876737762909278e-10
 4 7.641457201548384 0.000000000000000
 5 7.762830920991849 0.000000000000000
 6 11.69675861945140 0.000000000000000
 7 11.88227759600669 0.000000000000000
 8 14.45690803569569 0.000000000000000
 9 14.62389621502116 0.000000000000000
 10 16.74055867481115 0.000000000000000
 11 17.67445302908536 0.000000000000000
 12 17.84515791132459 0.000000000000000

 spin=1 k-point=174/580 Cartesian=0.07789617997133459 -0.07495563412548652 0.02398863898057904 (1330 plane wave)
 1 -1.848366849312369 0.003472222222222178
 2 2.231539345569730 0.003472145222252380
 3 4.915097440898997 3.468703778994688e-10
 4 6.312297323128178 0.000000000000000
 5 9.316127580878238 0.000000000000000
 6 10.39813598900963 0.000000000000000
 7 12.87131677244709 0.000000000000000
 8 13.66333553019021 0.000000000000000
 9 14.43983198248061 0.000000000000000
 10 16.16227784890616 0.000000000000000
 11 17.49022275730066 0.000000000000000
 12 18.62913670503895 0.000000000000000

 spin=1 k-point=175/580 Cartesian=0.1038615732951112 -0.05996450730038959 0.02398863898057904 (1338 plane wave)
 1 -1.447647336294978 0.003472222222222178
 2 2.615007408214912 0.003468662339075083
 3 4.828372921456708 8.256710324731060e-10
 4 5.613402440285413 3.217113881975473e-13
 5 9.100362362462450 0.000000000000000
 6 10.83036316449928 0.000000000000000
 7 11.54615683662477 0.000000000000000
 8 12.54784633026605 0.000000000000000
 9 14.96055619441090 0.000000000000000
 10 16.18566729566242 0.000000000000000
 11 17.68073035601745 0.000000000000000
 12 17.75821416536852 0.000000000000000

 spin=1 k-point=176/580 Cartesian=0.1298269666188922 -0.04497338047529010 0.02398863898057904 (1337 plane wave)
 1 -0.7803595066939698 0.003472222222222178
 2 3.198112904076358 0.002572628514511804
 3 4.124298284399640 9.428600874862069e-07
 4 6.087121534861470 2.819226981960567e-15
 5 8.108934075210882 0.000000000000000
 6 8.975067330331239 0.000000000000000
 7 10.92986014474332 0.000000000000000
 8 13.04501544469498 0.000000000000000
 9 13.91714154510399 0.000000000000000
 10 15.67173919756644 0.000000000000000
 11 17.86397511434935 0.000000000000000
 12 18.72477175020172 0.000000000000000

 spin=1 k-point=177/580 Cartesian=0.1557923599426688 0.2098757755513679 -0.02398863898057856 (1340 plane wave)
 1 0.1523411511365569 0.003472222222222107
 2 3.256000451986989 0.002138281186543025
 3 4.332366793322293 1.177389604407975e-07
 4 6.427228879924566 0.000000000000000
 5 6.906529566073476 0.000000000000000
 6 7.869830576352691 0.000000000000000
 7 10.15514871198214 0.000000000000000
 8 10.99324128697803 0.000000000000000
 9 13.51671715915198 0.000000000000000
 10 16.33711685290446 0.000000000000000
 11 19.43810131111630 0.000000000000000
 12 20.53327861322322 0.000000000000000

 spin=1 k-point=178/580 Cartesian=0.1298269666188922 0.1948846487262710 -0.02398863898057856 (1353 plane wave)
 1 1.347813865549699 0.003472222211039953
 2 2.921044934288004 0.003397821241809945
 3 4.453282200805593 3.513997573608928e-08
 4 5.574481066881620 4.747881302812222e-13
 5 7.010791244865586 0.000000000000000
 6 8.155082345433195 0.000000000000000
 7 8.971092162754131 0.000000000000000
 8 10.07959073077708 0.000000000000000
 9 11.57104901798305 0.000000000000000
 10 19.01647465547812 0.000000000000000
 11 20.68147511235117 0.000000000000000
 12 21.99590681703602 0.000000000000000

 spin=1 k-point=179/580 Cartesian=0.1038615732951112 0.1798935219011715 -0.02398863898057856 (1347 plane wave)
 1 2.775552727485652 0.003454565633576121
 2 2.775552924096161 0.003454565599037898
 3 2.846748299426272 0.003436427495413796
 4 6.905503569710384 0.000000000000000
 5 6.939493191221013 0.000000000000000
 6 6.939493330901417 0.000000000000000
 7 9.899894363125737 0.000000000000000
 8 9.910426859820348 0.000000000000000
 9 9.910427037073093 0.000000000000000
 10 21.52553639290854 0.000000000000000
 11 21.52553643866916 0.000000000000000
 12 21.63078597260966 0.000000000000000

 spin=1 k-point=180/580 Cartesian=0.07789617997133459 0.1649023950760746 -0.02398863898057856 (1353 plane wave)
 1 1.347813865601160 0.003472222211039953
 2 2.921044928902155 0.003397821245731208
 3 4.453282220168095 3.513996893217842e-08
 4 5.574481054018548 4.747881913535770e-13
 5 7.010791194949860 0.000000000000000
 6 8.155082491873323 0.000000000000000
 7 8.971092028582120 0.000000000000000
 8 10.07959077120546 0.000000000000000
 9 11.57104901516063 0.000000000000000
 10 19.01647465142588 0.000000000000000
 11 20.68147513588839 0.000000000000000
 12 21.99590678959533 0.000000000000000

 spin=1 k-point=181/580 Cartesian=0.05193078664755799 0.1499112682509776 -0.02398863898057856 (1340 plane wave)
 1 0.1523411511717584 0.003472222222222107
 2 3.256000431079819 0.002138281358290078
 3 4.332366844699988 1.177388999512852e-07
 4 6.427228825968871 0.000000000000000
 5 6.906529477027121 0.000000000000000
 6 7.869830745315442 0.000000000000000
 7 10.15514858412990 0.000000000000000
 8 10.99324136145658 0.000000000000000
 9 13.51671715977233 0.000000000000000
 10 16.33711684931622 0.000000000000000
 11 19.43810130814758 0.000000000000000
 12 20.53327864628506 0.000000000000000

 spin=1 k-point=182/580 Cartesian=0.02596539332377698 0.1349201414258782 -0.02398863898057856 (1337 plane wave)
 1 -0.7803595066804716 0.003472222222222178
 2 3.198112876669521 0.002572628697185063
 3 4.124298342379604 9.428595409647407e-07
 4 6.087121476608722 2.819228624238647e-15
 5 8.108934060092324 0.000000000000000
 6 8.975067416221062 0.000000000000000
 7 10.92986009148216 0.000000000000000
 8 13.04501546236799 0.000000000000000
 9 13.91714152929681 0.000000000000000
 10 15.67173921257475 0.000000000000000
 11 17.86397507449201 0.000000000000000
 12 18.72477182235439 0.000000000000000

 spin=1 k-point=183/580 Cartesian=0.000000000000000 0.08994676095058715 -0.02398863898057856 (1335 plane wave)
 1 -2.383172677903096 0.003472222222222178
 2 1.706326196157385 0.003472221819015376
 3 4.443804601332409 3.863329247676541e-08
 4 7.324010874820772 0.000000000000000
 5 11.29077448892229 0.000000000000000
 6 11.50396939992025 0.000000000000000
 7 12.76963843799662 0.000000000000000
 8 14.16712663638297 0.000000000000000
 9 15.63336018049626 0.000000000000000
 10 16.55969276477567 0.000000000000000
 11 17.23767719281171 0.000000000000000
 12 18.42809854623840 0.000000000000000

 spin=1 k-point=184/580 Cartesian=-0.02596539332377619 0.07495563412549044 -0.02398863898057856 (1340 plane wave)
 1 -2.650709027390116 0.003472222222222178
 2 1.442375976303055 0.003472222193434517
 3 4.193648142809833 4.713283462129875e-07
 4 8.625387742343140 0.000000000000000
 5 10.16488125072268 0.000000000000000
 6 12.70407246695835 0.000000000000000
 7 14.21870413775034 0.000000000000000
 8 15.02138670252273 0.000000000000000
 9 15.41944376495906 0.000000000000000
 10 16.66833217367537 0.000000000000000
 11 17.20013932817075 0.000000000000000
 12 18.28520926884971 0.000000000000000

 spin=1 k-point=185/580 Cartesian=0.05193078664755799 -0.05996450730038961 0.02398863898057904 (1340 plane wave)
 1 -2.650709027379845 0.003472222222222178
 2 1.442375976652823 0.003472222193434517
 3 4.193648141642196 4.713283517156446e-07
 4 8.625387747040985 0.000000000000000
 5 10.16488125122401 0.000000000000000
 6 12.70407243813717 0.000000000000000
 7 14.21870418346182 0.000000000000000
 8 15.02138664526003 0.000000000000000
 9 15.41944383261583 0.000000000000000
 10 16.66833207835943 0.000000000000000
 11 17.20013939586349 0.000000000000000
 12 18.28520925975579 0.000000000000000

 spin=1 k-point=186/580 Cartesian=0.07789617997133459 -0.04497338047529267 0.02398863898057904 (1335 plane wave)
 1 -2.383172677869755 0.003472222222222178
 2 1.706326197322939 0.003472221819015371
 3 4.443804596597818 3.863329430587378e-08
 4 7.324010884038454 0.000000000000000
 5 11.29077451359791 0.000000000000000
 6 11.50396938864513 0.000000000000000
 7 12.76963832955701 0.000000000000000
 8 14.16712676371850 0.000000000000000
 9 15.63336016918965 0.000000000000000
 10 16.55969283389968 0.000000000000000
 11 17.23767705114682 0.000000000000000
 12 18.42809853460530 0.000000000000000

 spin=1 k-point=187/580 Cartesian=0.1038615732951112 -0.02998225365019574 0.02398863898057904 (1330 plane wave)
 1 -1.848366849253332 0.003472222222222178
 2 2.231539345539531 0.003472145222252403
 3 4.915097441870072 3.468703745310952e-10
 4 6.312297321357960 0.000000000000000
 5 9.316127579650647 0.000000000000000
 6 10.39813599358615 0.000000000000000
 7 12.87131676979365 0.000000000000000
 8 13.66333552876722 0.000000000000000
 9 14.43983198324174 0.000000000000000
 10 16.16227784453742 0.000000000000000
 11 17.49022276243666 0.000000000000000
 12 18.62913670834518 0.000000000000000

 spin=1 k-point=188/580 Cartesian=0.1298269666188922 -0.01499112682509626 0.02398863898057904 (1334 plane wave)
 1 -1.046942089314208 0.003472222222222178
 2 3.006537487007618 0.003302212901886272
 3 5.224040923089984 1.579219255848861e-11
 4 5.931521090239530 1.336270416119842e-14
 5 7.066058808277004 0.000000000000000
 6 9.579574592382297 0.000000000000000
 7 11.08431004504316 0.000000000000000
 8 12.40225169183458 0.000000000000000
 9 13.90590674825485 0.000000000000000
 10 16.66411724275618 0.000000000000000
 11 18.34774518326276 0.000000000000000
 12 19.88290051161771 0.000000000000000

 spin=1 k-point=189/580 Cartesian=0.1557923599426688 0.1798935219011741 -0.02398863898057856 (1341 plane wave)
 1 0.01968055216796636 0.003472222222222159
 2 3.921215477561713 7.172075448766917e-06
 3 4.834542896707794 7.762671101170229e-10
 4 4.965658069586770 2.092113088527951e-10
 5 6.907439040310201 0.000000000000000
 6 8.921913641794104 0.000000000000000
 7 9.196403262116627 0.000000000000000
 8 11.83601504124653 0.000000000000000
 9 11.84773386966132 0.000000000000000
 10 18.75368559261581 0.000000000000000
 11 19.57077848660146 0.000000000000000
 12 19.79381227740964 0.000000000000000

 spin=1 k-point=190/580 Cartesian=0.1298269666188922 0.1649023950760772 -0.02398863898057856 (1353 plane wave)
 1 1.347813866057179 0.003472222211039953
 2 2.921044930556298 0.003397821244526880
 3 4.453282213497991 3.513997127602773e-08
 4 5.574481059946900 4.747881632064566e-13
 5 7.010791189868924 0.000000000000000
 6 8.155082505598845 0.000000000000000
 7 8.971092015832207 0.000000000000000
 8 10.07959077393324 0.000000000000000
 9 11.57104901436533 0.000000000000000
 10 19.01647465269914 0.000000000000000
 11 20.68147512498089 0.000000000000000
 12 21.99590680671177 0.000000000000000

 spin=1 k-point=191/580 Cartesian=0.1038615732951112 0.1499112682509777 -0.02398863898057856 (1353 plane wave)
 1 1.347813865111390 0.003472222211039953
 2 2.921044935414855 0.003397821240989522
 3 4.453282200565617 3.513997582041589e-08
 4 5.574481063427248 4.747881466821760e-13
 5 7.010791247094091 0.000000000000000
 6 8.155082352717773 0.000000000000000
 7 8.971092154810671 0.000000000000000
 8 10.07959073316735 0.000000000000000
 9 11.57104901750409 0.000000000000000
 10 19.01647465828354 0.000000000000000
 11 20.68147510155685 0.000000000000000
 12 21.99590683568515 0.000000000000000

 spin=1 k-point=192/580 Cartesian=0.07789617997133459 0.1349201414258807 -0.02398863898057856 (1341 plane wave)
 1 0.01968055185999226 0.003472222222222159
 2 3.921215477607446 7.172075445493686e-06
 3 4.834542910856622 7.762670002843344e-10
 4 4.965658053745666 2.092113419941866e-10
 5 6.907439044201340 0.000000000000000
 6 8.921913629359588 0.000000000000000
 7 9.196403273377092 0.000000000000000
 8 11.83601502617844 0.000000000000000
 9 11.84773388483386 0.000000000000000
 10 18.75368559555131 0.000000000000000
 11 19.57077848238359 0.000000000000000
 12 19.79381227851968 0.000000000000000

 spin=1 k-point=193/580 Cartesian=0.05193078664755799 0.1199290146007838 -0.02398863898057856 (1334 plane wave)
 1 -1.046942089446585 0.003472222222222178
 2 3.006537482434761 0.003302212909279907
 3 5.224040979423155 1.579218366224613e-11
 4 5.931521017029440 1.336271394405218e-14
 5 7.066058816906864 0.000000000000000
 6 9.579574650436484 0.000000000000000
 7 11.08430996538145 0.000000000000000
 8 12.40225173064086 0.000000000000000
 9 13.90590674813388 0.000000000000000
 10 16.66411723435923 0.000000000000000
 11 18.34774520198572 0.000000000000000
 12 19.88290050023602 0.000000000000000

 spin=1 k-point=194/580 Cartesian=0.02596539332377698 0.1049378877756843 -0.02398863898057856 (1330 plane wave)
 1 -1.848366849319989 0.003472222222222178
 2 2.231539343144256 0.003472145222254247
 3 4.915097458990879 3.468703151440860e-10
 4 6.312297298301277 0.000000000000000
 5 9.316127562842606 0.000000000000000
 6 10.39813604879053 0.000000000000000
 7 12.87131670302999 0.000000000000000
 8 13.66333558333549 0.000000000000000
 9 14.43983194629397 0.000000000000000
 10 16.16227787965636 0.000000000000000
 11 17.49022273743190 0.000000000000000
 12 18.62913674118274 0.000000000000000

 spin=1 k-point=195/580 Cartesian=0.000000000000000 0.05996450730039328 -0.02398863898057856 (1335 plane wave)
 1 -3.052202732618551 0.003472222222222178
 2 1.044662555035696 0.003472222221682719
 3 3.806850292648353 2.240849966256866e-05
 4 9.810100399536028 0.000000000000000
 5 12.44593365281094 0.000000000000000
 6 13.37318033641959 0.000000000000000
 7 14.09419949059199 0.000000000000000
 8 15.94027675597646 0.000000000000000
 9 16.57390517032934 0.000000000000000
 10 16.71809848563552 0.000000000000000
 11 17.92540519336486 0.000000000000000
 12 18.93690687863124 0.000000000000000

 spin=1 k-point=196/580 Cartesian=0.02596539332377698 -0.04497338047529523 0.02398863898057904 (1338 plane wave)
 1 -3.186072929102021 0.003472222222222178
 2 0.9118674351535276 0.003472222222079211
 3 3.677026559427320 8.069196256152917e-05
 4 11.21352647389237 0.000000000000000
 5 11.24963574618403 0.000000000000000
 6 15.16653546200922 0.000000000000000
 7 15.34687227374960 0.000000000000000
 8 15.50010360802211 0.000000000000000
 9 16.36152465178029 0.000000000000000
 10 16.46058118662108 0.000000000000000
 11 18.08255902508360 0.000000000000000
 12 18.22256154457032 0.000000000000000

 spin=1 k-point=197/580 Cartesian=0.05193078664755799 -0.02998225365019574 0.02398863898057904 (1335 plane wave)
 1 -3.052202732596037 0.003472222222222178
 2 1.044662555255679 0.003472222221682719
 3 3.806850292119548 2.240849978030131e-05
 4 9.810100402611111 0.000000000000000
 5 12.44593364114847 0.000000000000000
 6 13.37318041188735 0.000000000000000
 7 14.09419938122941 0.000000000000000
 8 15.94027675759046 0.000000000000000
 9 16.57390515945987 0.000000000000000
 10 16.71809861043422 0.000000000000000
 11 17.92540507791612 0.000000000000000
 12 18.93690686543749 0.000000000000000

 spin=1 k-point=198/580 Cartesian=0.07789617997133459 -0.01499112682509881 0.02398863898057904 (1340 plane wave)
 1 -2.650709027336426 0.003472222222222178
 2 1.442375976602190 0.003472222193434517
 3 4.193648142026287 4.713283499055582e-07
 4 8.625387745091269 0.000000000000000
 5 10.16488125201611 0.000000000000000
 6 12.70407244367424 0.000000000000000
 7 14.21870417852797 0.000000000000000
 8 15.02138664031571 0.000000000000000
 9 15.41944384126865 0.000000000000000
 10 16.66833206247465 0.000000000000000
 11 17.20013940690606 0.000000000000000
 12 18.28520925790304 0.000000000000000

 spin=1 k-point=199/580 Cartesian=0.1038615732951112 0.000000000000000 0.02398863898057904 (1337 plane wave)
 1 -1.981991590911888 0.003472222222222178
 2 2.101911166678186 0.003472201158778031
 3 4.821132135259387 8.876737619300148e-10
 4 7.641457156092135 0.000000000000000
 5 7.762830964131027 0.000000000000000
 6 11.69675866312640 0.000000000000000
 7 11.88227755177170 0.000000000000000
 8 14.45690807713097 0.000000000000000
 9 14.62389617040486 0.000000000000000
 10 16.74055868145354 0.000000000000000
 11 17.67445301959519 0.000000000000000
 12 17.84515791371213 0.000000000000000

 spin=1 k-point=200/580 Cartesian=0.1298269666188922 0.01499112682509761 0.02398863898057904 (1334 plane wave)
 1 -1.046942089213637 0.003472222222222178
 2 3.006537482153541 0.003302212909734598
 3 5.224040986706301 1.579218251207813e-11
 4 5.931521005804719 1.336271544398001e-14
 5 7.066058820132486 0.000000000000000
 6 9.579574653879199 0.000000000000000
 7 11.08430996031853 0.000000000000000
 8 12.40225173369359 0.000000000000000
 9 13.90590674583003 0.000000000000000
 10 16.66411723509946 0.000000000000000
 11 18.34774519837760 0.000000000000000
 12 19.88290050288925 0.000000000000000

 spin=1 k-point=201/580 Cartesian=0.1557923599426688 0.1499112682509802 -0.02398863898057856 (1340 plane wave)
 1 0.1523411516123394 0.003472222222222107
 2 3.256000432361943 0.002138281347757752
 3 4.332366842451573 1.177389025984547e-07
 4 6.427228824606470 0.000000000000000
 5 6.906529474045302 0.000000000000000
 6 7.869830753929492 0.000000000000000
 7 10.15514857734099 0.000000000000000
 8 10.99324136434794 0.000000000000000
 9 13.51671715803166 0.000000000000000
 10 16.33711685015680 0.000000000000000
 11 19.43810130093587 0.000000000000000
 12 20.53327865046580 0.000000000000000

 spin=1 k-point=202/580 Cartesian=0.1298269666188922 0.1349201414258833 -0.02398863898057856 (1343 plane wave)
 1 1.604457462660427 0.003472222076636891
 2 1.613683635456168 0.003472222062565807
 3 5.541350150442130 6.612803688331866e-13
 4 5.779935424678001 6.084469182484065e-14
 5 6.509545805418893 0.000000000000000
 6 8.439376180749163 0.000000000000000
 7 8.798735240246138 0.000000000000000
 8 10.75111002403053 0.000000000000000
 9 13.38646464755094 0.000000000000000
 10 16.21857626445463 0.000000000000000
 11 20.12748524757854 0.000000000000000
 12 21.00420709189267 0.000000000000000

 spin=1 k-point=203/580 Cartesian=0.1038615732951112 0.1199290146007838 -0.02398863898057856 (1340 plane wave)
 1 0.1523411509518062 0.003472222222222107
 2 3.256000454200371 0.002138281168360656
 3 4.332366789431533 1.177389650215835e-07
 4 6.427228875332169 0.000000000000000
 5 6.906529573324266 0.000000000000000
 6 7.869830577781080 0.000000000000000
 7 10.15514870823031 0.000000000000000
 8 10.99324129019322 0.000000000000000
 9 13.51671715842805 0.000000000000000
 10 16.33711685320656 0.000000000000000
 11 19.43810130500458 0.000000000000000
 12 20.53327861153904 0.000000000000000

 spin=1 k-point=204/580 Cartesian=0.07789617997133459 0.1049378877756869 -0.02398863898057856 (1334 plane wave)
 1 -1.046942089465370 0.003472222222222178
 2 3.006537487410182 0.003302212901235385
 3 5.224040920342343 1.579219299240144e-11
 4 5.931521091039981 1.336270405423649e-14
 5 7.066058810845601 0.000000000000000
 6 9.579574592136325 0.000000000000000
 7 11.08431004477855 0.000000000000000
 8 12.40225169310165 0.000000000000000
 9 13.90590674763521 0.000000000000000
 10 16.66411724426207 0.000000000000000
 11 18.34774517946073 0.000000000000000
 12 19.88290051040849 0.000000000000000

 spin=1 k-point=205/580 Cartesian=0.05193078664755799 0.08994676095058993 -0.02398863898057856 (1337 plane wave)
 1 -1.981991591024828 0.003472222222222178
 2 2.101911166743169 0.003472201158778017
 3 4.821132134301910 8.876737704292904e-10
 4 7.641457170588241 0.000000000000000
 5 7.762830951041922 0.000000000000000
 6 11.69675865073924 0.000000000000000
 7 11.88227756538703 0.000000000000000
 8 14.45690806150099 0.000000000000000
 9 14.62389618603586 0.000000000000000
 10 16.74055868460436 0.000000000000000
 11 17.67445301370742 0.000000000000000
 12 17.84515791528025 0.000000000000000

 spin=1 k-point=206/580 Cartesian=0.02596539332377698 0.07495563412549043 -0.02398863898057856 (1340 plane wave)
 1 -2.650709027390545 0.003472222222222178
 2 1.442375976250350 0.003472222193434517
 3 4.193648143004359 4.713283452962516e-07
 4 8.625387741462008 0.000000000000000
 5 10.16488125076338 0.000000000000000
 6 12.70407246861519 0.000000000000000
 7 14.21870414057954 0.000000000000000
 8 15.02138670192633 0.000000000000000
 9 15.41944376989523 0.000000000000000
 10 16.66833215648129 0.000000000000000
 11 17.20013933451452 0.000000000000000
 12 18.28520926081269 0.000000000000000

 spin=1 k-point=207/580 Cartesian=0.000000000000000 -0.02998225365019341 0.02398863898057904 (1328 plane wave)
 1 -3.453873201818711 0.003472222222222178
 2 0.6459274328087052 0.003472222222212171
 3 3.415973800631218 0.0008491476670949876
 4 12.53136043673517 0.000000000000000
 5 13.65191538433978 0.000000000000000
 6 14.56474259021843 0.000000000000000
 7 15.70311972805898 0.000000000000000
 8 16.69136764967402 0.000000000000000
 9 16.92328993909030 0.000000000000000
 10 17.77856161264770 0.000000000000000
 11 17.94102180139169 0.000000000000000
 12 18.75891423895019 0.000000000000000

 spin=1 k-point=208/580 Cartesian=0.02596539332377698 -0.01499112682509625 0.02398863898057904 (1328 plane wave)
 1 -3.453873201811714 0.003472222222222178
 2 0.6459274328336170 0.003472222222212171
 3 3.415973800592044 0.0008491476673462843
 4 12.53136043816646 0.000000000000000
 5 13.65191537153928 0.000000000000000
 6 14.56474263039907 0.000000000000000
 7 15.70311970094103 0.000000000000000
 8 16.69136760916510 0.000000000000000
 9 16.92328993246650 0.000000000000000
 10 17.77856159959395 0.000000000000000
 11 17.94102176552103 0.000000000000000
 12 18.75891438478973 0.000000000000000

 spin=1 k-point=209/580 Cartesian=0.05193078664755799 0.000000000000000 0.02398863898057904 (1338 plane wave)
 1 -3.186072929074566 0.003472222222222178
 2 0.9118674351085438 0.003472222222079211
 3 3.677026559618263 8.069196241103343e-05
 4 11.21352642702467 0.000000000000000
 5 11.24963579199206 0.000000000000000
 6 15.16653550173578 0.000000000000000
 7 15.34687223297814 0.000000000000000
 8 15.50010361586893 0.000000000000000
 9 16.36152465509429 0.000000000000000
 10 16.46058117519241 0.000000000000000
 11 18.08255906105347 0.000000000000000
 12 18.22256150118261 0.000000000000000

 spin=1 k-point=210/580 Cartesian=0.07789617997133459 0.01499112682510017 0.02398863898057904 (1340 plane wave)
 1 -2.650709027314716 0.003472222222222178
 2 1.442375976188810 0.003472222193434517
 3 4.193648143488616 4.713283430141222e-07
 4 8.625387739345015 0.000000000000000
 5 10.16488125210452 0.000000000000000
 6 12.70407247108297 0.000000000000000
 7 14.21870413469535 0.000000000000000
 8 15.02138670159630 0.000000000000000
 9 15.41944377905459 0.000000000000000
 10 16.66833214966917 0.000000000000000
 11 17.20013932991409 0.000000000000000
 12 18.28520926319165 0.000000000000000

 spin=1 k-point=211/580 Cartesian=0.1038615732951112 0.02998225365019710 0.02398863898057904 (1330 plane wave)
 1 -1.848366849158694 0.003472222222222178
 2 2.231539342936733 0.003472145222254407
 3 4.915097461969825 3.468703048110048e-10
 4 6.312297293740451 0.000000000000000
 5 9.316127563778556 0.000000000000000
 6 10.39813605090905 0.000000000000000
 7 12.87131669995187 0.000000000000000
 8 13.66333558466628 0.000000000000000
 9 14.43983194852103 0.000000000000000
 10 16.16227787573239 0.000000000000000
 11 17.49022273050920 0.000000000000000
 12 18.62913674515634 0.000000000000000

 spin=1 k-point=212/580 Cartesian=0.1298269666188922 0.04497338047529659 0.02398863898057904 (1337 plane wave)
 1 -0.7803595063666547 0.003472222222222178
 2 3.198112876365849 0.002572628699209111
 3 4.124298344173009 9.428595240600400e-07
 4 6.087121472000947 2.819228754142395e-15
 5 8.108934062821819 0.000000000000000
 6 8.975067418092662 0.000000000000000
 7 10.92986008990930 0.000000000000000
 8 13.04501546127615 0.000000000000000
 9 13.91714153082022 0.000000000000000
 10 15.67173920858714 0.000000000000000
 11 17.86397506995872 0.000000000000000
 12 18.72477182266767 0.000000000000000

 spin=1 k-point=213/580 Cartesian=0.1557923599426688 0.05996450730039351 0.02398863898057904 (1337 plane wave)
 1 0.5497820754862075 0.003472222222218353
 2 2.125570357393000 0.003472195536481147
 3 4.682229071407080 3.560422509784505e-09
 4 6.195114157245474 0.000000000000000
 5 7.454022881292126 0.000000000000000
 6 8.534267272418614 0.000000000000000
 7 9.279927418307034 0.000000000000000
 8 12.76581407431553 0.000000000000000
 9 13.65618505674889 0.000000000000000
 10 15.41609013548045 0.000000000000000
 11 17.72453527893813 0.000000000000000
 12 19.65733217427351 0.000000000000000

 spin=1 k-point=214/580 Cartesian=0.1298269666188922 0.1049378877756843 -0.02398863898057856 (1337 plane wave)
 1 0.5497820742663290 0.003472222222218353
 2 2.125570363490405 0.003472195536479520
 3 4.682229035761508 3.560423778916721e-09
 4 6.195114227990817 0.000000000000000
 5 7.454022868142158 0.000000000000000
 6 8.534267171475863 0.000000000000000
 7 9.279927495371474 0.000000000000000
 8 12.76581407084955 0.000000000000000
 9 13.65618506028366 0.000000000000000
 10 15.41609013215725 0.000000000000000
 11 17.72453528750524 0.000000000000000
 12 19.65733211052003 0.000000000000000

 spin=1 k-point=215/580 Cartesian=0.1038615732951112 0.08994676095058482 -0.02398863898057856 (1337 plane wave)
 1 -0.7803595067557809 0.003472222222222178
 2 3.198112906197193 0.002572628500375922
 3 4.124298280519478 9.428601240607803e-07
 4 6.087121535446870 2.819226965456838e-15
 5 8.108934076384557 0.000000000000000
 6 8.975067332537948 0.000000000000000
 7 10.92986014389144 0.000000000000000
 8 13.04501544739020 0.000000000000000
 9 13.91714154335726 0.000000000000000
 10 15.67173919674163 0.000000000000000
 11 17.86397510816082 0.000000000000000
 12 18.72477174845633 0.000000000000000

 spin=1 k-point=216/580 Cartesian=0.07789617997133459 0.07495563412548789 -0.02398863898057856 (1330 plane wave)
 1 -1.848366849307796 0.003472222222222178
 2 2.231539345580110 0.003472145222252371
 3 4.915097441684173 3.468703751759235e-10
 4 6.312297320454126 0.000000000000000
 5 9.316127582097222 0.000000000000000
 6 10.39813599377114 0.000000000000000
 7 12.87131676811573 0.000000000000000
 8 13.66333553323896 0.000000000000000
 9 14.43983198135508 0.000000000000000
 10 16.16227784437816 0.000000000000000
 11 17.49022275734966 0.000000000000000
 12 18.62913670645802 0.000000000000000

 spin=1 k-point=217/580 Cartesian=0.05193078664755799 0.05996450730039096 -0.02398863898057856 (1340 plane wave)
 1 -2.650709027376866 0.003472222222222178
 2 1.442375976560710 0.003472222193434517
 3 4.193648141974993 4.713283501472923e-07
 4 8.625387744282637 0.000000000000000
 5 10.16488125355494 0.000000000000000
 6 12.70407244359731 0.000000000000000
 7 14.21870417860416 0.000000000000000
 8 15.02138664578078 0.000000000000000
 9 15.41944383778578 0.000000000000000
 10 16.66833206542491 0.000000000000000
 11 17.20013940129228 0.000000000000000
 12 18.28520925574172 0.000000000000000

 spin=1 k-point=218/580 Cartesian=0.02596539332377698 0.04497338047529147 -0.02398863898057856 (1338 plane wave)
 1 -3.186072929100209 0.003472222222222178
 2 0.9118674351008341 0.003472222222079211
 3 3.677026559539134 8.069196247340068e-05
 4 11.21352644227760 0.000000000000000
 5 11.24963577665772 0.000000000000000
 6 15.16653549123341 0.000000000000000
 7 15.34687224571067 0.000000000000000
 8 15.50010361658513 0.000000000000000
 9 16.36152465769344 0.000000000000000
 10 16.46058117349286 0.000000000000000
 11 18.08255904578136 0.000000000000000
 12 18.22256151416143 0.000000000000000

 spin=1 k-point=219/580 Cartesian=0.000000000000000 0.000000000000000 0.04797727796115784 (1304 plane wave)
 1 -3.330560531820993 0.003472222222222178
 2 -0.5918801773213054 0.003472222222222178
 3 4.897271160433927 4.145584542953924e-10
 4 12.96484933863698 0.000000000000000
 5 15.17575290658594 0.000000000000000
 6 15.17575295431906 0.000000000000000
 7 15.64757189939576 0.000000000000000
 8 15.64757194587060 0.000000000000000
 9 17.05384987136051 0.000000000000000
 10 17.27741854407979 0.000000000000000
 11 17.93803816997286 0.000000000000000
 12 17.93803821746902 0.000000000000000

 spin=1 k-point=220/580 Cartesian=0.02596539332377698 0.01499112682509716 0.04797727796115784 (1328 plane wave)
 1 -3.196677270782681 0.003472222222222178
 2 -0.4585648522359261 0.003472222222222178
 3 5.027019446923894 1.132650777405702e-10
 4 12.65322240888852 0.000000000000000
 5 13.23334411773408 0.000000000000000
 6 13.91068187075238 0.000000000000000
 7 14.94486770983699 0.000000000000000
 8 15.72939274359449 0.000000000000000
 9 16.66560019348837 0.000000000000000
 10 17.18278061327851 0.000000000000000
 11 17.45875257778188 0.000000000000000
 12 18.85835249514607 0.000000000000000

 spin=1 k-point=221/580 Cartesian=0.05193078664755799 0.02998225365019664 0.04797727796115784 (1333 plane wave)
 1 -2.795153536916104 0.003472222222222178
 2 -0.05901066719522614 0.003472222222222170
 3 5.412519693561951 2.398221721749925e-12
 4 10.05423077676250 0.000000000000000
 5 12.68689552616597 0.000000000000000
 6 12.70476584278058 0.000000000000000
 7 13.28207495318759 0.000000000000000
 8 14.42881006672169 0.000000000000000
 9 15.46144316362385 0.000000000000000
 10 16.52810807008841 0.000000000000000
 11 18.51471902156516 0.000000000000000
 12 19.19519954627583 0.000000000000000

 spin=1 k-point=222/580 Cartesian=0.07789617997133459 0.04497338047529358 0.04797727796115784 (1340 plane wave)
 1 -2.126433654439625 0.003472222222222178
 2 0.6050827499195022 0.003472222222215527
 3 6.016028200300685 5.739638603402732e-15
 4 7.598292288148002 0.000000000000000
 5 10.24865606401893 0.000000000000000
 6 11.76285198386392 0.000000000000000
 7 12.91791380384939 0.000000000000000
 8 14.36575344246621 0.000000000000000
 9 14.52036314433002 0.000000000000000
 10 15.33381268358356 0.000000000000000
 11 16.57421736017501 0.000000000000000
 12 20.05224054134291 0.000000000000000

 spin=1 k-point=223/580 Cartesian=0.1038615732951112 0.05996450730039050 0.04797727796115784 (1344 plane wave)
 1 -1.191575945960544 0.003472222222222178
 2 1.526560349482510 0.003472222155416320
 3 5.222416605771890 1.605080257698587e-11
 4 6.979807011049948 0.000000000000000
 5 8.097370375724189 0.000000000000000
 6 11.08927786307213 0.000000000000000
 7 12.27193467526605 0.000000000000000
 8 13.46343618964667 0.000000000000000
 9 13.84728500739552 0.000000000000000
 10 14.90085873354268 0.000000000000000
 11 15.95668854244295 0.000000000000000
 12 19.38657934499935 0.000000000000000

 spin=1 k-point=224/580 Cartesian=0.1298269666188922 0.07495563412548999 0.04797727796115784 (1346 plane wave)
 1 0.006542247466431443 0.003472222222222161
 2 2.581548602085734 0.003469673910255302
 3 3.403131524091913 0.0009342022886245346
 4 5.943460492069392 1.185883912631547e-14
 5 8.287554198866887 0.000000000000000
 6 10.68494631953562 0.000000000000000
 7 11.21145340387654 0.000000000000000
 8 12.31139223170595 0.000000000000000
 9 13.44321880864594 0.000000000000000
 10 14.76031323841732 0.000000000000000
 11 16.71552745384811 0.000000000000000
 12 18.98501434223854 0.000000000000000

 spin=1 k-point=225/580 Cartesian=0.1557923599426688 0.08994676095058692 0.04797727796115784 (1354 plane wave)
 1 1.452129136061702 0.003472222190485328
 2 1.456949144727177 0.003472222188918143
 3 4.229973551312254 3.277798354331143e-07
 4 4.292940596055808 1.746380691311352e-07
 5 9.634328811904302 0.000000000000000
 6 9.695283435397270 0.000000000000000
 7 10.55014487489179 0.000000000000000
 8 12.08920571832004 0.000000000000000
 9 13.30850089405462 0.000000000000000
 10 14.65721797055767 0.000000000000000
 11 17.79721614257193 0.000000000000000
 12 18.26847772878861 0.000000000000000

 spin=1 k-point=226/580 Cartesian=0.1298269666188922 0.07495563412548999 -0.04797727796115735 (1346 plane wave)
 1 0.006542246089402732 0.003472222222222161
 2 2.581548638943886 0.003469673909316730
 3 3.403131465020083 0.0009342026919995885
 4 5.943460539183302 1.185883353915265e-14
 5 8.287554178996162 0.000000000000000
 6 10.68494631945986 0.000000000000000
 7 11.21145331216449 0.000000000000000
 8 12.31139234221201 0.000000000000000
 9 13.44321880879161 0.000000000000000
 10 14.76031326158191 0.000000000000000
 11 16.71552735436071 0.000000000000000
 12 18.98501434152989 0.000000000000000

 spin=1 k-point=227/580 Cartesian=0.1038615732951112 0.05996450730039050 -0.04797727796115735 (1344 plane wave)
 1 -1.191575946363156 0.003472222222222178
 2 1.526560353161311 0.003472222155416317
 3 5.222416562473861 1.605080952667015e-11
 4 6.979807126590075 0.000000000000000
 5 8.097370302441286 0.000000000000000
 6 11.08927786300786 0.000000000000000
 7 12.27193454282783 0.000000000000000
 8 13.46343636492777 0.000000000000000
 9 13.84728500772360 0.000000000000000
 10 14.90085884194606 0.000000000000000
 11 15.95668834880568 0.000000000000000
 12 19.38657934310069 0.000000000000000

 spin=1 k-point=228/580 Cartesian=-0.07789617997133380 -0.04497338047529312 0.04797727796115784 (1340 plane wave)
 1 -2.126433654559538 0.003472222222222178
 2 0.6050827506844980 0.003472222222215527
 3 6.016028182210746 5.739639641700243e-15
 4 7.598292322660256 0.000000000000000
 5 10.24865605249138 0.000000000000000
 6 11.76285198372672 0.000000000000000
 7 12.91791373320838 0.000000000000000
 8 14.36575343595186 0.000000000000000
 9 14.52036314490967 0.000000000000000
 10 15.33381292331432 0.000000000000000
 11 16.57421716052895 0.000000000000000
 12 20.05224053603281 0.000000000000000

 spin=1 k-point=229/580 Cartesian=-0.05193078664755722 -0.02998225365019619 0.04797727796115784 (1333 plane wave)
 1 -2.795153536946195 0.003472222222222178
 2 -0.05901066704127232 0.003472222222222170
 3 5.412519692315535 2.398221751641743e-12
 4 10.05423078383753 0.000000000000000
 5 12.68689553303969 0.000000000000000
 6 12.70476584256437 0.000000000000000
 7 13.28207495394085 0.000000000000000
 8 14.42881000373091 0.000000000000000
 9 15.46144316466547 0.000000000000000
 10 16.52810815940278 0.000000000000000
 11 18.51471895899590 0.000000000000000
 12 19.19519954515263 0.000000000000000

 spin=1 k-point=230/580 Cartesian=-0.02596539332377619 -0.01499112682509670 0.04797727796115784 (1328 plane wave)
 1 -3.196677270787212 0.003472222222222178
 2 -0.4585648522202286 0.003472222222222178
 3 5.027019446879418 1.132650777909461e-10
 4 12.65322240165849 0.000000000000000
 5 13.23334412875745 0.000000000000000
 6 13.91068187043691 0.000000000000000
 7 14.94486774449384 0.000000000000000
 8 15.72939267843708 0.000000000000000
 9 16.66560019742352 0.000000000000000
 10 17.18278061032665 0.000000000000000
 11 17.45875254496236 0.000000000000000
 12 18.85835265130052 0.000000000000000

 spin=1 k-point=231/580 Cartesian=0.000000000000000 0.02998225365019432 0.04797727796115784 (1328 plane wave)
 1 -3.196677270785170 0.003472222222222178
 2 -0.4585648522579074 0.003472222222222178
 3 5.027019446906319 1.132650777604765e-10
 4 12.65322240983716 0.000000000000000
 5 13.23334411423864 0.000000000000000
 6 13.91068187776682 0.000000000000000
 7 14.94486774531270 0.000000000000000
 8 15.72939267075590 0.000000000000000
 9 16.66560020441845 0.000000000000000
 10 17.18278060663809 0.000000000000000
 11 17.45875254504714 0.000000000000000
 12 18.85835266143262 0.000000000000000

 spin=1 k-point=232/580 Cartesian=0.02596539332377698 0.04497338047529147 0.04797727796115784 (1335 plane wave)
 1 -2.928971890221096 0.003472222222222178
 2 -0.1921175562110352 0.003472222222222176
 3 5.284960630273506 8.587592741109074e-12
 4 11.42331127964672 0.000000000000000
 5 11.49789799619168 0.000000000000000
 6 13.38587556644020 0.000000000000000
 7 14.28242397356485 0.000000000000000
 8 14.30075157725722 0.000000000000000
 9 16.30167938758991 0.000000000000000
 10 16.65675733619623 0.000000000000000
 11 18.84118139477112 0.000000000000000
 12 19.04052723988635 0.000000000000000

 spin=1 k-point=233/580 Cartesian=0.05193078664755799 0.05996450730039096 0.04797727796115784 (1337 plane wave)
 1 -2.393831776663784 0.003472222222222178
 2 0.3398635619824874 0.003472222222221709
 3 5.789600810417010 5.523908149054421e-14
 4 8.876799091979892 0.000000000000000
 5 10.38637410918439 0.000000000000000
 6 11.64244287864580 0.000000000000000
 7 13.14643875065203 0.000000000000000
 8 14.01474584736655 0.000000000000000
 9 15.47759994136244 0.000000000000000
 10 17.11955280043735 0.000000000000000
 11 18.10489587306675 0.000000000000000
 12 18.39758961753217 0.000000000000000

 spin=1 k-point=234/580 Cartesian=0.07789617997133459 0.07495563412548789 0.04797727796115784 (1336 plane wave)
 1 -1.591950476002697 0.003472222222222178
 2 1.134061795598765 0.003472222220903270
 3 6.204817470344954 0.000000000000000
 4 6.847895280503021 0.000000000000000
 5 9.091030506358802 0.000000000000000
 6 9.812286349660981 0.000000000000000
 7 12.37053544148386 0.000000000000000
 8 14.34790059444880 0.000000000000000
 9 14.37895920046591 0.000000000000000
 10 15.60812520528711 0.000000000000000
 11 17.28570264788112 0.000000000000000
 12 18.17525362675554 0.000000000000000

 spin=1 k-point=235/580 Cartesian=0.1038615732951112 0.08994676095058482 0.04797727796115784 (1342 plane wave)
 1 -0.5250194938883461 0.003472222222222178
 2 2.169865639158671 0.003472180664721696
 3 4.337433072535406 1.119227436975080e-07
 4 6.905942815614788 0.000000000000000
 5 7.798691120952803 0.000000000000000
 6 9.210922904845036 0.000000000000000
 7 11.76385270220295 0.000000000000000
 8 12.63213849252529 0.000000000000000
 9 14.10424508540206 0.000000000000000
 10 16.03291751054833 0.000000000000000
 11 16.74563691194955 0.000000000000000
 12 17.77655771933248 0.000000000000000

 spin=1 k-point=236/580 Cartesian=0.1298269666188922 0.1049378877756843 0.04797727796115784 (1342 plane wave)
 1 0.8014000057905316 0.003472222222174810
 2 2.335626883465499 0.003472004190613821
 3 3.646352665790346 0.0001087519943509996
 4 5.166836957889701 2.798183262209937e-11
 5 8.614035180412104 0.000000000000000
 6 9.274927453865706 0.000000000000000
 7 10.63697110375304 0.000000000000000
 8 11.75026607020478 0.000000000000000
 9 13.87689993474576 0.000000000000000
 10 16.42399847509954 0.000000000000000
 11 16.81591626331878 0.000000000000000
 12 17.94823459343337 0.000000000000000

 spin=1 k-point=237/580 Cartesian=0.1557923599426688 0.1199290146007812 0.04797727796115784 (1342 plane wave)
 1 0.8014000032035092 0.003472222222174810
 2 2.335626903227097 0.003472004190570738
 3 3.646352623784221 0.0001087520386027155
 4 5.166836991150352 2.798182331515917e-11
 5 8.614035244205548 0.000000000000000
 6 9.274927310203587 0.000000000000000
 7 10.63697120848908 0.000000000000000
 8 11.75026603553397 0.000000000000000
 9 13.87689994190499 0.000000000000000
 10 16.42399849877875 0.000000000000000
 11 16.81591622776459 0.000000000000000
 12 17.94823457095916 0.000000000000000

 spin=1 k-point=238/580 Cartesian=0.1298269666188922 0.04497338047529659 -0.04797727796115735 (1342 plane wave)
 1 -0.5250194944972794 0.003472222222222178
 2 2.169865648579594 0.003472180664717781
 3 4.337433036637266 1.119227838744130e-07
 4 6.905942918503072 0.000000000000000
 5 7.798691080165024 0.000000000000000
 6 9.210922823213624 0.000000000000000
 7 11.76385280648659 0.000000000000000
 8 12.63213842548010 0.000000000000000
 9 14.10424511261872 0.000000000000000
 10 16.03291752688840 0.000000000000000
 11 16.74563685697930 0.000000000000000
 12 17.77655771798030 0.000000000000000

 spin=1 k-point=239/580 Cartesian=0.1038615732951112 0.02998225365019710 -0.04797727796115735 (1336 plane wave)
 1 -1.591950476138252 0.003472222222222178
 2 1.134061797119379 0.003472222220903270
 3 6.204817386571062 0.000000000000000
 4 6.847895392901287 0.000000000000000
 5 9.091030528836923 0.000000000000000
 6 9.812286260481038 0.000000000000000
 7 12.37053549484329 0.000000000000000
 8 14.34790065050513 0.000000000000000
 9 14.37895911203071 0.000000000000000
 10 15.60812525022475 0.000000000000000
 11 17.28570259700383 0.000000000000000
 12 18.17525363519213 0.000000000000000

 spin=1 k-point=240/580 Cartesian=-0.07789617997133380 -0.01499112682509881 0.04797727796115784 (1337 plane wave)
 1 -2.393831776669753 0.003472222222222178
 2 0.3398635622833439 0.003472222222221709
 3 5.789600807271365 5.523908322817051e-14
 4 8.876799103110882 0.000000000000000
 5 10.38637412063277 0.000000000000000
 6 11.64244282531380 0.000000000000000
 7 13.14643879877871 0.000000000000000
 8 14.01474585305626 0.000000000000000
 9 15.47759987021682 0.000000000000000
 10 17.11955291133086 0.000000000000000
 11 18.10489578626358 0.000000000000000
 12 18.39758971698267 0.000000000000000

 spin=1 k-point=241/580 Cartesian=-0.05193078664755722 0.000000000000000 0.04797727796115784 (1335 plane wave)
 1 -2.928971890201984 0.003472222222222178
 2 -0.1921175561776282 0.003472222222222176
 3 5.284960630383440 8.587592731668412e-12
 4 11.42331126288099 0.000000000000000
 5 11.49789801128338 0.000000000000000
 6 13.38587557176280 0.000000000000000
 7 14.28242398478122 0.000000000000000
 8 14.30075156036982 0.000000000000000
 9 16.30167938534144 0.000000000000000
 10 16.65675734438782 0.000000000000000
 11 18.84118139561543 0.000000000000000
 12 19.04052723414127 0.000000000000000

 spin=1 k-point=242/580 Cartesian=-0.02596539332377619 0.01499112682509761 0.04797727796115784 (1328 plane wave)
 1 -3.196677270775986 0.003472222222222178
 2 -0.4585648522619133 0.003472222222222178
 3 5.027019447037953 1.132650776113811e-10
 4 12.65322241064286 0.000000000000000
 5 13.23334411385485 0.000000000000000
 6 13.91068186521956 0.000000000000000
 7 14.94486771896689 0.000000000000000
 8 15.72939274925218 0.000000000000000
 9 16.66560018879658 0.000000000000000
 10 17.18278060066404 0.000000000000000
 11 17.45875258903595 0.000000000000000
 12 18.85835250823783 0.000000000000000

 spin=1 k-point=243/580 Cartesian=0.000000000000000 0.05996450730039328 0.04797727796115784 (1333 plane wave)
 1 -2.795153536955650 0.003472222222222178
 2 -0.05901066714501593 0.003472222222222170
 3 5.412519692334214 2.398221751193776e-12
 4 10.05423078541466 0.000000000000000
 5 12.68689553068898 0.000000000000000
 6 12.70476584711581 0.000000000000000
 7 13.28207494503009 0.000000000000000
 8 14.42881000544459 0.000000000000000
 9 15.46144316938925 0.000000000000000
 10 16.52810816062898 0.000000000000000
 11 18.51471895740200 0.000000000000000
 12 19.19519954408624 0.000000000000000

 spin=1 k-point=244/580 Cartesian=0.02596539332377698 0.07495563412549043 0.04797727796115784 (1337 plane wave)
 1 -2.393831776715480 0.003472222222222178
 2 0.3398635621412810 0.003472222222221709
 3 5.789600807139349 5.523908330109435e-14
 4 8.876799105176605 0.000000000000000
 5 10.38637412070775 0.000000000000000
 6 11.64244282059942 0.000000000000000
 7 13.14643880295427 0.000000000000000
 8 14.01474585051816 0.000000000000000
 9 15.47759987104293 0.000000000000000
 10 17.11955291509076 0.000000000000000
 11 18.10489579237341 0.000000000000000
 12 18.39758971589838 0.000000000000000

 spin=1 k-point=245/580 Cartesian=0.05193078664755799 0.08994676095058993 0.04797727796115784 (1332 plane wave)
 1 -1.725472524503503 0.003472222222222178
 2 1.002613936103650 0.003472222221867901
 3 6.371229856455304 0.000000000000000
 4 7.885437027351303 0.000000000000000
 5 8.038429505658723 0.000000000000000
 6 10.63722184750844 0.000000000000000
 7 10.81474682890569 0.000000000000000
 8 14.55301215024622 0.000000000000000
 9 16.21898161123441 0.000000000000000
 10 16.23588044304562 0.000000000000000
 11 17.62039965458116 0.000000000000000
 12 17.90219816624366 0.000000000000000

 spin=1 k-point=246/580 Cartesian=0.07789617997133459 0.1049378877756869 0.04797727796115784 (1339 plane wave)
 1 -0.7911719738701234 0.003472222222222178
 2 1.921697893887786 0.003472218747859955
 3 5.615837678931014 3.139715702654719e-13
 4 7.035219247921610 0.000000000000000
 5 7.485990100862859 0.000000000000000
 6 8.644348193672526 0.000000000000000
 7 10.08157911888562 0.000000000000000
 8 13.84646747626343 0.000000000000000
 9 15.23269244868579 0.000000000000000
 10 15.99914789195080 0.000000000000000
 11 17.19993086966684 0.000000000000000
 12 19.64258037944140 0.000000000000000

 spin=1 k-point=247/580 Cartesian=0.1038615732951112 0.1199290146007838 0.04797727796115784 (1342 plane wave)
 1 0.4061487942973221 0.003472222222221268
 2 2.975892426259433 0.003345447676591552
 3 3.792593273747801 2.581671447446975e-05
 4 6.245863488112265 0.000000000000000
 5 6.913398606899007 0.000000000000000
 6 8.688786845697450 0.000000000000000
 7 9.751666964637787 0.000000000000000
 8 11.97318906972751 0.000000000000000
 9 15.03656387797993 0.000000000000000
 10 16.36819391197277 0.000000000000000
 11 17.33978736678230 0.000000000000000
 12 19.39789472373313 0.000000000000000

 spin=1 k-point=248/580 Cartesian=0.1298269666188922 0.1349201414258833 0.04797727796115784 (1345 plane wave)
 1 1.846523777226356 0.003472220583904176
 2 1.859959814091434 0.003472220348306024
 3 4.580179758103765 9.878599826365509e-09
 4 4.689585045882718 3.307919792319904e-09
 5 6.752219346916079 0.000000000000000
 6 9.218472863689827 0.000000000000000
 7 10.27531987524441 0.000000000000000
 8 10.47894136017094 0.000000000000000
 9 14.93150015261035 0.000000000000000
 10 16.37304183066611 0.000000000000000
 11 18.27545435146152 0.000000000000000
 12 18.75238995862033 0.000000000000000

 spin=1 k-point=249/580 Cartesian=0.1557923599426688 0.1499112682509802 0.04797727796115784 (1342 plane wave)
 1 0.4061487933794661 0.003472222222221268
 2 2.975892460551607 0.003345447634705059
 3 3.792593214967477 2.581672953679576e-05
 4 6.245863540180951 0.000000000000000
 5 6.913398633809271 0.000000000000000
 6 8.688786681541288 0.000000000000000
 7 9.751667094776382 0.000000000000000
 8 11.97318905265671 0.000000000000000
 9 15.03656386848175 0.000000000000000
 10 16.36819389472373 0.000000000000000
 11 17.33978741602930 0.000000000000000
 12 19.39789464610378 0.000000000000000

 spin=1 k-point=250/580 Cartesian=-0.1298269666188914 -0.01499112682509625 0.04797727796115784 (1339 plane wave)
 1 -0.7911719739706284 0.003472222222222178
 2 1.921697896458338 0.003472218747859865
 3 5.615837637159464 3.139717014163246e-13
 4 7.035219331548003 0.000000000000000
 5 7.485990143548460 0.000000000000000
 6 8.644348039775364 0.000000000000000
 7 10.08157919255509 0.000000000000000
 8 13.84646748368612 0.000000000000000
 9 15.23269240201319 0.000000000000000
 10 15.99914790525800 0.000000000000000
 11 17.19993090232387 0.000000000000000
 12 19.64258036522963 0.000000000000000

 spin=1 k-point=251/580 Cartesian=-0.1038615732951104 0.000000000000000 0.04797727796115784 (1332 plane wave)
 1 -1.725472524427426 0.003472222222222178
 2 1.002613936334961 0.003472222221867901
 3 6.371229856515456 0.000000000000000
 4 7.885437012386364 0.000000000000000
 5 8.038429519954509 0.000000000000000
 6 10.63722186331263 0.000000000000000
 7 10.81474681300256 0.000000000000000
 8 14.55301214897076 0.000000000000000
 9 16.21898159855753 0.000000000000000
 10 16.23588045467578 0.000000000000000
 11 17.62039965161081 0.000000000000000
 12 17.90219817153299 0.000000000000000

 spin=1 k-point=252/580 Cartesian=-0.07789617997133380 0.01499112682510016 0.04797727796115784 (1337 plane wave)
 1 -2.393831776627199 0.003472222222222178
 2 0.3398635620342021 0.003472222222221709
 3 5.789600810481081 5.523908145515214e-14
 4 8.876799092273831 0.000000000000000
 5 10.38637410830537 0.000000000000000
 6 11.64244287852414 0.000000000000000
 7 13.14643875120974 0.000000000000000
 8 14.01474584151382 0.000000000000000
 9 15.47759994842535 0.000000000000000
 10 17.11955280109971 0.000000000000000
 11 18.10489587634880 0.000000000000000
 12 18.39758961826649 0.000000000000000

 spin=1 k-point=253/580 Cartesian=-0.05193078664755722 0.02998225365019709 0.04797727796115784 (1333 plane wave)
 1 -2.795153536904310 0.003472222222222178
 2 -0.05901066723685047 0.003472222222222170
 3 5.412519693718636 2.398221717992272e-12
 4 10.05423077834310 0.000000000000000
 5 12.68689552647716 0.000000000000000
 6 12.70476583563919 0.000000000000000
 7 13.28207494740956 0.000000000000000
 8 14.42881008199540 0.000000000000000
 9 15.46144315684951 0.000000000000000
 10 16.52810807761520 0.000000000000000
 11 18.51471902421020 0.000000000000000
 12 19.19519953591480 0.000000000000000

 spin=1 k-point=254/580 Cartesian=-0.02596539332377619 0.04497338047529658 0.04797727796115784 (1335 plane wave)
 1 -2.928971890213996 0.003472222222222178
 2 -0.1921175562308172 0.003472222222222176
 3 5.284960630347432 8.587592734760649e-12
 4 11.42331130882783 0.000000000000000
 5 11.49789796596026 0.000000000000000
 6 13.38587556398176 0.000000000000000
 7 14.28242394830863 0.000000000000000
 8 14.30075160578927 0.000000000000000
 9 16.30167937931298 0.000000000000000
 10 16.65675734980181 0.000000000000000
 11 18.84118138786631 0.000000000000000
 12 19.04052722779783 0.000000000000000

 spin=1 k-point=255/580 Cartesian=0.000000000000000 0.08994676095058715 0.04797727796115784 (1340 plane wave)
 1 -2.126433654595385 0.003472222222222178
 2 0.6050827504334287 0.003472222222215527
 3 6.016028182170662 5.739639644000891e-15
 4 7.598292324182785 0.000000000000000
 5 10.24865605087145 0.000000000000000
 6 11.76285198734006 0.000000000000000
 7 12.91791372351423 0.000000000000000
 8 14.36575343793553 0.000000000000000
 9 14.52036314879924 0.000000000000000
 10 15.33381292661248 0.000000000000000
 11 16.57421716200442 0.000000000000000
 12 20.05224053983922 0.000000000000000

 spin=1 k-point=256/580 Cartesian=0.02596539332377698 0.1049378877756843 0.04797727796115784 (1336 plane wave)
 1 -1.591950476228220 0.003472222222222178
 2 1.134061796718471 0.003472222220903270
 3 6.204817386988465 0.000000000000000
 4 6.847895394475435 0.000000000000000
 5 9.091030529308084 0.000000000000000
 6 9.812286256867202 0.000000000000000
 7 12.37053549734348 0.000000000000000
 8 14.34790064463028 0.000000000000000
 9 14.37895911019255 0.000000000000000
 10 15.60812526127042 0.000000000000000
 11 17.28570261018299 0.000000000000000
 12 18.17525362115745 0.000000000000000

 spin=1 k-point=257/580 Cartesian=0.05193078664755799 0.1199290146007838 0.04797727796115784 (1339 plane wave)
 1 -0.7911719741037913 0.003472222222222178
 2 1.921697895700381 0.003472218747859892
 3 5.615837638966476 3.139716957428179e-13
 4 7.035219338350580 0.000000000000000
 5 7.485990138567597 0.000000000000000
 6 8.644348032054838 0.000000000000000
 7 10.08157919771772 0.000000000000000
 8 13.84646748235241 0.000000000000000
 9 15.23269241279954 0.000000000000000
 10 15.99914789538750 0.000000000000000
 11 17.19993090801515 0.000000000000000
 12 19.64258036187825 0.000000000000000

 spin=1 k-point=258/580 Cartesian=0.07789617997133459 0.1349201414258807 0.04797727796115784 (1343 plane wave)
 1 0.2740374642861614 0.003472222222221935
 2 2.941216153772858 0.003381626785911599
 3 5.081317242050790 6.580875088517558e-11
 4 5.148100359696536 3.374801128984608e-11
 5 7.603792442164771 0.000000000000000
 6 7.885297098570883 0.000000000000000
 7 8.956792523831490 0.000000000000000
 8 13.31425054801130 0.000000000000000
 9 13.45490661738203 0.000000000000000
 10 16.87027395864674 0.000000000000000
 11 19.57285081197086 0.000000000000000
 12 19.63894120384267 0.000000000000000

 spin=1 k-point=259/580 Cartesian=0.1038615732951112 0.1499112682509777 0.04797727796115784 (1351 plane wave)
 1 1.597834281249144 0.003472222085966889
 2 3.128336032627209 0.002957516163623064
 3 4.276617901177977 2.056002453814852e-07
 4 4.944257518803399 2.591353039139185e-10
 5 6.056463138825134 3.830696969353381e-15
 6 7.561261024441793 0.000000000000000
 7 10.04625188388656 0.000000000000000
 8 11.57876064154556 0.000000000000000
 9 13.13572889207018 0.000000000000000
 10 18.10609693696841 0.000000000000000
 11 19.22758023060549 0.000000000000000
 12 20.07401838053929 0.000000000000000

 spin=1 k-point=260/580 Cartesian=0.1298269666188922 0.1649023950760772 0.04797727796115784 (1351 plane wave)
 1 1.597834279917444 0.003472222085966891
 2 3.128336050024155 0.002957516087353367
 3 4.276617841349504 2.056003683817557e-07
 4 4.944257568442938 2.591351752803565e-10
 5 6.056463144189331 3.830696763867203e-15
 6 7.561261006035132 0.000000000000000
 7 10.04625189705228 0.000000000000000
 8 11.57876063574843 0.000000000000000
 9 13.13572889052351 0.000000000000000
 10 18.10609693851162 0.000000000000000
 11 19.22758023890599 0.000000000000000
 12 20.07401836455570 0.000000000000000

 spin=1 k-point=261/580 Cartesian=0.1557923599426688 0.1798935219011741 0.04797727796115784 (1343 plane wave)
 1 0.2740374644206353 0.003472222222221935
 2 2.941216155662357 0.003381626784244462
 3 5.081317227822074 6.580876024891890e-11
 4 5.148100369415615 3.374800800984948e-11
 5 7.603792435986405 0.000000000000000
 6 7.885297113596559 0.000000000000000
 7 8.956792517351952 0.000000000000000
 8 13.31425055848784 0.000000000000000
 9 13.45490660416293 0.000000000000000
 10 16.87027396017153 0.000000000000000
 11 19.57285080887175 0.000000000000000
 12 19.63894121160082 0.000000000000000

 spin=1 k-point=262/580 Cartesian=-0.1298269666188914 0.01499112682509762 0.04797727796115784 (1339 plane wave)
 1 -0.7911719737852011 0.003472222222222178
 2 1.921697894335902 0.003472218747859939
 3 5.615837677387429 3.139715751118961e-13
 4 7.035219244703217 0.000000000000000
 5 7.485990107765264 0.000000000000000
 6 8.644348191221733 0.000000000000000
 7 10.08157911796467 0.000000000000000
 8 13.84646747544731 0.000000000000000
 9 15.23269244664144 0.000000000000000
 10 15.99914788919243 0.000000000000000
 11 17.19993087877609 0.000000000000000
 12 19.64258038303588 0.000000000000000

 spin=1 k-point=263/580 Cartesian=-0.1038615732951104 0.02998225365019710 0.04797727796115784 (1336 plane wave)
 1 -1.591950475961109 0.003472222222222178
 2 1.134061795711620 0.003472222220903270
 3 6.204817467041853 0.000000000000000
 4 6.847895285611555 0.000000000000000
 5 9.091030506428927 0.000000000000000
 6 9.812286346101354 0.000000000000000
 7 12.37053544107790 0.000000000000000
 8 14.34790058477652 0.000000000000000
 9 14.37895920372976 0.000000000000000
 10 15.60812521512379 0.000000000000000
 11 17.28570265169790 0.000000000000000
 12 18.17525362513792 0.000000000000000

 spin=1 k-point=264/580 Cartesian=-0.07789617997133380 0.04497338047529403 0.04797727796115784 (1340 plane wave)
 1 -2.126433654429795 0.003472222222222178
 2 0.6050827498797570 0.003472222222215527
 3 6.016028199660070 5.739638640171740e-15
 4 7.598292290973804 0.000000000000000
 5 10.24865606328595 0.000000000000000
 6 11.76285197615154 0.000000000000000
 7 12.91791380577652 0.000000000000000
 8 14.36575344698836 0.000000000000000
 9 14.52036313689168 0.000000000000000
 10 15.33381268750415 0.000000000000000
 11 16.57421737103301 0.000000000000000
 12 20.05224053373487 0.000000000000000

 spin=1 k-point=265/580 Cartesian=-0.05193078664755722 0.05996450730039096 0.04797727796115784 (1337 plane wave)
 1 -2.393831776652292 0.003472222222222178
 2 0.3398635619538839 0.003472222222221709
 3 5.789600810287471 5.523908156210038e-14
 4 8.876799094844262 0.000000000000000
 5 10.38637410620640 0.000000000000000
 6 11.64244287633518 0.000000000000000
 7 13.14643875314351 0.000000000000000
 8 14.01474584177520 0.000000000000000
 9 15.47759994639707 0.000000000000000
 10 17.11955279906223 0.000000000000000
 11 18.10489588911504 0.000000000000000
 12 18.39758962068987 0.000000000000000

 spin=1 k-point=266/580 Cartesian=-0.02596539332377619 0.07495563412549044 0.04797727796115784 (1337 plane wave)
 1 -2.393831776707789 0.003472222222222178
 2 0.3398635621278372 0.003472222222221709
 3 5.789600807056016 5.523908334712683e-14
 4 8.876799106192175 0.000000000000000
 5 10.38637412082351 0.000000000000000
 6 11.64244281575328 0.000000000000000
 7 13.14643880825198 0.000000000000000
 8 14.01474585076128 0.000000000000000
 9 15.47759986947406 0.000000000000000
 10 17.11955290794628 0.000000000000000
 11 18.10489579678775 0.000000000000000
 12 18.39758971996408 0.000000000000000

 spin=1 k-point=267/580 Cartesian=0.000000000000000 0.1199290146007810 0.04797727796115784 (1344 plane wave)
 1 -1.191575946443359 0.003472222222222178
 2 1.526560352433481 0.003472222155416317
 3 5.222416564089117 1.605080926740857e-11
 4 6.979807127482878 0.000000000000000
 5 8.097370300532308 0.000000000000000
 6 11.08927786621353 0.000000000000000
 7 12.27193453417406 0.000000000000000
 8 13.46343636551519 0.000000000000000
 9 13.84728501124619 0.000000000000000
 10 14.90085884593168 0.000000000000000
 11 15.95668835250622 0.000000000000000
 12 19.38657934612732 0.000000000000000

 spin=1 k-point=268/580 Cartesian=0.02596539332377698 0.1349201414258782 0.04797727796115784 (1342 plane wave)
 1 -0.5250194946527256 0.003472222222222178
 2 2.169865646974003 0.003472180664718448
 3 4.337433039538891 1.119227806269380e-07
 4 6.905942918469323 0.000000000000000
 5 7.798691080674726 0.000000000000000
 6 9.210922819374868 0.000000000000000
 7 11.76385280892635 0.000000000000000
 8 12.63213842605727 0.000000000000000
 9 14.10424510843167 0.000000000000000
 10 16.03291753592565 0.000000000000000
 11 16.74563687066809 0.000000000000000
 12 17.77655770191193 0.000000000000000

 spin=1 k-point=269/580 Cartesian=0.05193078664755799 0.1499112682509776 0.04797727796115784 (1342 plane wave)
 1 0.4061487931841659 0.003472222222221268
 2 2.975892454597485 0.003345447641977777
 3 3.792593222801201 2.581672752942110e-05
 4 6.245863539041100 0.000000000000000
 5 6.913398637451032 0.000000000000000
 6 8.688786667433442 0.000000000000000
 7 9.751667104736500 0.000000000000000
 8 11.97318905297008 0.000000000000000
 9 15.03656387481186 0.000000000000000
 10 16.36819388465035 0.000000000000000
 11 17.33978742611787 0.000000000000000
 12 19.39789464278077 0.000000000000000

 spin=1 k-point=270/580 Cartesian=0.07789617997133459 0.1649023950760746 0.04797727796115784 (1351 plane wave)
 1 1.597834279943914 0.003472222085966891
 2 3.128336044314504 0.002957516112384965
 3 4.276617854709554 2.056003409150655e-07
 4 4.944257561295390 2.591351938021714e-10
 5 6.056463146368683 3.830696680382778e-15
 6 7.561261000966481 0.000000000000000
 7 10.04625189934059 0.000000000000000
 8 11.57876063537507 0.000000000000000
 9 13.13572889325881 0.000000000000000
 10 18.10609693068981 0.000000000000000
 11 19.22758024791558 0.000000000000000
 12 20.07401836512258 0.000000000000000

 spin=1 k-point=271/580 Cartesian=0.1038615732951112 0.1798935219011715 0.04797727796115784 (1353 plane wave)
 1 3.001630848467614 0.003309972920508521
 2 3.001631096598343 0.003309972536729782
 3 3.104684593248887 0.003052832138729821
 4 5.836189499698480 3.466684289074851e-14
 5 5.934522035462507 1.296765390020866e-14
 6 5.934522258751350 1.296762494490944e-14
 7 11.42777449733062 0.000000000000000
 8 11.42777463384845 0.000000000000000
 9 11.48675802299278 0.000000000000000
 10 19.54592067597753 0.000000000000000
 11 19.54592081180248 0.000000000000000
 12 19.70410217393333 0.000000000000000

 spin=1 k-point=272/580 Cartesian=0.1298269666188922 0.1948846487262710 0.04797727796115784 (1351 plane wave)
 1 1.597834281297131 0.003472222085966889
 2 3.128336032087477 0.002957516165989297
 3 4.276617907807043 2.056002317529146e-07
 4 4.944257510295577 2.591353259606928e-10
 5 6.056463141123921 3.830696881293753e-15
 6 7.561261024113776 0.000000000000000
 7 10.04625188426721 0.000000000000000
 8 11.57876064135205 0.000000000000000
 9 13.13572889168006 0.000000000000000
 10 18.10609693100160 0.000000000000000
 11 19.22758024818638 0.000000000000000
 12 20.07401836947662 0.000000000000000

 spin=1 k-point=273/580 Cartesian=0.1557923599426688 0.2098757755513679 0.04797727796115784 (1342 plane wave)
 1 0.4061487943215450 0.003472222222221268
 2 2.975892427212889 0.003345447675426944
 3 3.792593272847957 2.581671470505277e-05
 4 6.245863489579406 0.000000000000000
 5 6.913398605954568 0.000000000000000
 6 8.688786843227184 0.000000000000000
 7 9.751666965424622 0.000000000000000
 8 11.97318906990742 0.000000000000000
 9 15.03656387803339 0.000000000000000
 10 16.36819390364489 0.000000000000000
 11 17.33978738115980 0.000000000000000
 12 19.39789472153671 0.000000000000000

 spin=1 k-point=274/580 Cartesian=-0.1298269666188914 0.04497338047529147 0.04797727796115784 (1342 plane wave)
 1 -0.5250194938809565 0.003472222222222178
 2 2.169865639468604 0.003472180664721567
 3 4.337433071618384 1.119227447238315e-07
 4 6.905942821487759 0.000000000000000
 5 7.798691117107976 0.000000000000000
 6 9.210922901315177 0.000000000000000
 7 11.76385270089330 0.000000000000000
 8 12.63213849366820 0.000000000000000
 9 14.10424508253997 0.000000000000000
 10 16.03291751788800 0.000000000000000
 11 16.74563691597711 0.000000000000000
 12 17.77655771669729 0.000000000000000

 spin=1 k-point=275/580 Cartesian=-0.1038615732951104 0.05996450730039096 0.04797727796115784 (1344 plane wave)
 1 -1.191575945975268 0.003472222222222178
 2 1.526560349491764 0.003472222155416320
 3 5.222416604367013 1.605080280247995e-11
 4 6.979807017957246 0.000000000000000
 5 8.097370371534431 0.000000000000000
 6 11.08927785514583 0.000000000000000
 7 12.27193468059999 0.000000000000000
 8 13.46343618450502 0.000000000000000
 9 13.84728499964466 0.000000000000000
 10 14.90085874633088 0.000000000000000
 11 15.95668855106178 0.000000000000000
 12 19.38657933704619 0.000000000000000

 spin=1 k-point=276/580 Cartesian=-0.07789617997133380 0.07495563412548789 0.04797727796115784 (1336 plane wave)
 1 -1.591950475997512 0.003472222222222178
 2 1.134061795583255 0.003472222220903270
 3 6.204817465412868 0.000000000000000
 4 6.847895288944286 0.000000000000000
 5 9.091030503820267 0.000000000000000
 6 9.812286347325996 0.000000000000000
 7 12.37053544038411 0.000000000000000
 8 14.34790058411117 0.000000000000000
 9 14.37895920051525 0.000000000000000
 10 15.60812522027661 0.000000000000000
 11 17.28570265703292 0.000000000000000
 12 18.17525362096934 0.000000000000000

 spin=1 k-point=277/580 Cartesian=-0.05193078664755722 0.08994676095058482 0.04797727796115784 (1332 plane wave)
 1 -1.725472524491321 0.003472222222222178
 2 1.002613936088146 0.003472222221867901
 3 6.371229854521550 0.000000000000000
 4 7.885437057505110 0.000000000000000
 5 8.038429478583966 0.000000000000000
 6 10.63722181848880 0.000000000000000
 7 10.81474685699098 0.000000000000000
 8 14.55301214499032 0.000000000000000
 9 16.21898164056486 0.000000000000000
 10 16.23588041925912 0.000000000000000
 11 17.62039964364936 0.000000000000000
 12 17.90219818269769 0.000000000000000

 spin=1 k-point=278/580 Cartesian=-0.02596539332377619 0.1049378877756843 0.04797727796115784 (1336 plane wave)
 1 -1.591950476218184 0.003472222222222178
 2 1.134061796708677 0.003472222220903270
 3 6.204817385699452 0.000000000000000
 4 6.847895396443575 0.000000000000000
 5 9.091030530621405 0.000000000000000
 6 9.812286253156364 0.000000000000000
 7 12.37053550019786 0.000000000000000
 8 14.34790064637365 0.000000000000000
 9 14.37895910939248 0.000000000000000
 10 15.60812525728159 0.000000000000000
 11 17.28570261018423 0.000000000000000
 12 18.17525362138715 0.000000000000000

 spin=1 k-point=279/580 Cartesian=0.000000000000000 0.1499112682509800 0.04797727796115784 (1346 plane wave)
 1 0.006542245946886688 0.003472222222222161
 2 2.581548633409548 0.003469673909457658
 3 3.403131472061670 0.0009342026439157427
 4 5.943460538148197 1.185883366190409e-14
 5 8.287554178794922 0.000000000000000
 6 10.68494632247861 0.000000000000000
 7 11.21145330648342 0.000000000000000
 8 12.31139234132805 0.000000000000000
 9 13.44321881211396 0.000000000000000
 10 14.76031326423742 0.000000000000000
 11 16.71552736114299 0.000000000000000
 12 18.98501434471711 0.000000000000000

 spin=1 k-point=280/580 Cartesian=0.02596539332377698 0.1649023950760771 0.04797727796115784 (1342 plane wave)
 1 0.8014000030137376 0.003472222222174810
 2 2.335626899387810 0.003472004190579108
 3 3.646352630164972 0.0001087520318808565
 4 5.166836989162158 2.798182387149234e-11
 5 8.614035253323390 0.000000000000000
 6 9.274927293526616 0.000000000000000
 7 10.63697121479796 0.000000000000000
 8 11.75026603805929 0.000000000000000
 9 13.87689993820762 0.000000000000000
 10 16.42399850898014 0.000000000000000
 11 16.81591624107303 0.000000000000000
 12 17.94823455263139 0.000000000000000

 spin=1 k-point=281/580 Cartesian=0.05193078664755799 0.1798935219011766 0.04797727796115784 (1345 plane wave)
 1 1.846523819805548 0.003472220583903478
 2 1.859959769206820 0.003472220348306865
 3 4.580179802160539 9.878595474185393e-09
 4 4.689585003945616 3.307921179564922e-09
 5 6.752219350022773 0.000000000000000
 6 9.218472845843849 0.000000000000000
 7 10.27531991656996 0.000000000000000
 8 10.47894133417647 0.000000000000000
 9 14.93150015796922 0.000000000000000
 10 16.37304182297582 0.000000000000000
 11 18.27545438713132 0.000000000000000
 12 18.75238992306303 0.000000000000000

 spin=1 k-point=282/580 Cartesian=0.07789617997133459 0.1948846487262736 0.04797727796115784 (1351 plane wave)
 1 1.597834281051313 0.003472222085966889
 2 3.128336028844598 0.002957516180206354
 3 4.276617917067340 2.056002127148436e-07
 4 4.944257502758721 2.591353454913506e-10
 5 6.056463145969092 3.830696695689901e-15
 6 7.561261019080129 0.000000000000000
 7 10.04625188720263 0.000000000000000
 8 11.57876063915229 0.000000000000000
 9 13.13572889540188 0.000000000000000
 10 18.10609692790429 0.000000000000000
 11 19.22758024279000 0.000000000000000
 12 20.07401837751119 0.000000000000000

 spin=1 k-point=283/580 Cartesian=0.1038615732951112 0.2098757755513705 0.04797727796115784 (1351 plane wave)
 1 1.597834279895197 0.003472222085966891
 2 3.128336044502366 0.002957516111561361
 3 4.276617859588144 2.056003308852599e-07
 4 4.944257555963380 2.591352076192898e-10
 5 6.056463144616559 3.830696747501393e-15
 6 7.561261002748010 0.000000000000000
 7 10.04625190043067 0.000000000000000
 8 11.57876063448198 0.000000000000000
 9 13.13572889242522 0.000000000000000
 10 18.10609693428143 0.000000000000000
 11 19.22758023697578 0.000000000000000
 12 20.07401837183849 0.000000000000000

 spin=1 k-point=284/580 Cartesian=0.1298269666188922 0.2248669023764700 0.04797727796115784 (1345 plane wave)
 1 1.846523806750862 0.003472220583903692
 2 1.859959783391797 0.003472220348306600
 3 4.580179789868861 9.878596688427446e-09
 4 4.689585016976263 3.307920748521719e-09
 5 6.752219345099010 0.000000000000000
 6 9.218472854244707 0.000000000000000
 7 10.27531990528654 0.000000000000000
 8 10.47894133924314 0.000000000000000
 9 14.93150015392461 0.000000000000000
 10 16.37304182767107 0.000000000000000
 11 18.27545437234635 0.000000000000000
 12 18.75238993474164 0.000000000000000

 spin=1 k-point=285/580 Cartesian=0.1557923599426688 0.2398580292015669 0.04797727796115784 (1342 plane wave)
 1 0.8014000056405656 0.003472222222174810
 2 2.335626883201354 0.003472004190614397
 3 3.646352666630294 0.0001087519934661486
 4 5.166836959081659 2.798183228856763e-11
 5 8.614035180959753 0.000000000000000
 6 9.274927446651539 0.000000000000000
 7 10.63697110677019 0.000000000000000
 8 11.75026606983402 0.000000000000000
 9 13.87689993466335 0.000000000000000
 10 16.42399848035890 0.000000000000000
 11 16.81591626872903 0.000000000000000
 12 17.94823458932092 0.000000000000000

 spin=1 k-point=286/580 Cartesian=-0.1298269666188914 0.07495563412549044 0.04797727796115784 (1346 plane wave)
 1 0.006542247359703018 0.003472222222222161
 2 2.581548602271850 0.003469673910250563
 3 3.403131523735167 0.0009342022910605949
 4 5.943460494628378 1.185883882284945e-14
 5 8.287554198016286 0.000000000000000
 6 10.68494631145982 0.000000000000000
 7 11.21145340396404 0.000000000000000
 8 12.31139223563818 0.000000000000000
 9 13.44321880073240 0.000000000000000
 10 14.76031325092694 0.000000000000000
 11 16.71552746033855 0.000000000000000
 12 18.98501433434397 0.000000000000000

 spin=1 k-point=287/580 Cartesian=-0.1038615732951104 0.08994676095058993 0.04797727796115784 (1342 plane wave)
 1 -0.5250194939233240 0.003472222222222178
 2 2.169865639202906 0.003472180664721677
 3 4.337433071941433 1.119227443622775e-07
 4 6.905942821712691 0.000000000000000
 5 7.798691117672017 0.000000000000000
 6 9.210922901063158 0.000000000000000
 7 11.76385269910583 0.000000000000000
 8 12.63213849311162 0.000000000000000
 9 14.10424508220632 0.000000000000000
 10 16.03291752251589 0.000000000000000
 11 16.74563691905129 0.000000000000000
 12 17.77655771145780 0.000000000000000

 spin=1 k-point=288/580 Cartesian=-0.07789617997133380 0.1049378877756869 0.04797727796115784 (1339 plane wave)
 1 -0.7911719738669634 0.003472222222222178
 2 1.921697893876246 0.003472218747859955
 3 5.615837677113082 3.139715759732664e-13
 4 7.035219254514145 0.000000000000000
 5 7.485990102095461 0.000000000000000
 6 8.644348184278677 0.000000000000000
 7 10.08157912162652 0.000000000000000
 8 13.84646747009421 0.000000000000000
 9 15.23269245998283 0.000000000000000
 10 15.99914788337055 0.000000000000000
 11 17.19993087679071 0.000000000000000
 12 19.64258038895611 0.000000000000000

 spin=1 k-point=289/580 Cartesian=-0.05193078664755722 0.1199290146007838 0.04797727796115784 (1339 plane wave)
 1 -0.7911719740852781 0.003472222222222178
 2 1.921697895668533 0.003472218747859893
 3 5.615837638103311 3.139716984529134e-13
 4 7.035219340749800 0.000000000000000
 5 7.485990140763419 0.000000000000000
 6 8.644348025104575 0.000000000000000
 7 10.08157920147705 0.000000000000000
 8 13.84646747781480 0.000000000000000
 9 15.23269241745707 0.000000000000000
 10 15.99914789774281 0.000000000000000
 11 17.19993090351156 0.000000000000000
 12 19.64258036183873 0.000000000000000

 spin=1 k-point=290/580 Cartesian=-0.02596539332377619 0.1349201414258833 0.04797727796115784 (1342 plane wave)
 1 -0.5250194946351732 0.003472222222222178
 2 2.169865646925726 0.003472180664718468
 3 4.337433039526649 1.119227806406383e-07
 4 6.905942918985444 0.000000000000000
 5 7.798691080584430 0.000000000000000
 6 9.210922817938020 0.000000000000000
 7 11.76385281275933 0.000000000000000
 8 12.63213842313779 0.000000000000000
 9 14.10424510982738 0.000000000000000
 10 16.03291753359434 0.000000000000000
 11 16.74563686898337 0.000000000000000
 12 17.77655770329337 0.000000000000000

 spin=1 k-point=291/580 Cartesian=0.000000000000000 0.1798935219011738 0.04797727796115784 (1354 plane wave)
 1 1.452129178691509 0.003472222190485315
 2 1.456949100149346 0.003472222188918158
 3 4.229973595917050 3.277796892413848e-07
 4 4.292940553643773 1.746381431950019e-07
 5 9.634328854038094 0.000000000000000
 6 9.695283390126345 0.000000000000000
 7 10.55014487783876 0.000000000000000
 8 12.08920571487801 0.000000000000000
 9 13.30850089732645 0.000000000000000
 10 14.65721797365176 0.000000000000000
 11 17.79721618068629 0.000000000000000
 12 18.26847768707962 0.000000000000000

 spin=1 k-point=292/580 Cartesian=0.02596539332377698 0.1948846487262710 0.04797727796115784 (1342 plane wave)
 1 0.8014000051261918 0.003472222222174810
 2 2.335626882581424 0.003472004190615748
 3 3.646352667717524 0.0001087519923207977
 4 5.166836957856995 2.798183263125118e-11
 5 8.614035187945927 0.000000000000000
 6 9.274927441012967 0.000000000000000
 7 10.63697110676003 0.000000000000000
 8 11.75026607406560 0.000000000000000
 9 13.87689993025195 0.000000000000000
 10 16.42399848602268 0.000000000000000
 11 16.81591627695941 0.000000000000000
 12 17.94823457354030 0.000000000000000

 spin=1 k-point=293/580 Cartesian=0.05193078664755799 0.2098757755513705 0.04797727796115784 (1342 plane wave)
 1 0.4061487939471073 0.003472222222221268
 2 2.975892425872530 0.003345447677064137
 3 3.792593274618752 2.581671425129063e-05
 4 6.245863485568775 0.000000000000000
 5 6.913398613634854 0.000000000000000
 6 8.688786833269734 0.000000000000000
 7 9.751666973346310 0.000000000000000
 8 11.97318906873910 0.000000000000000
 9 15.03656388427846 0.000000000000000
 10 16.36819390068792 0.000000000000000
 11 17.33978737986128 0.000000000000000
 12 19.39789471683035 0.000000000000000

 spin=1 k-point=294/580 Cartesian=0.07789617997133459 0.2248669023764674 0.04797727796115784 (1343 plane wave)
 1 0.2740374641480440 0.003472222222221935
 2 2.941216154248568 0.003381626785491872
 3 5.081317272067134 6.580873113179396e-11
 4 5.148100328304497 3.374802188403921e-11
 5 7.603792464505012 0.000000000000000
 6 7.885297069457137 0.000000000000000
 7 8.956792532189494 0.000000000000000
 8 13.31425051943330 0.000000000000000
 9 13.45490664701885 0.000000000000000
 10 16.87027395595676 0.000000000000000
 11 19.57285080217716 0.000000000000000
 12 19.63894121344470 0.000000000000000

 spin=1 k-point=295/580 Cartesian=0.1038615732951112 0.2398580292015643 0.04797727796115784 (1342 plane wave)
 1 0.4061487932003830 0.003472222222221268
 2 2.975892456256573 0.003345447639951268
 3 3.792593222114475 2.581672770539310e-05
 4 6.245863540282465 0.000000000000000
 5 6.913398632004721 0.000000000000000
 6 8.688786670464493 0.000000000000000
 7 9.751667105238649 0.000000000000000
 8 11.97318905187057 0.000000000000000
 9 15.03656387270261 0.000000000000000
 10 16.36819389251159 0.000000000000000
 11 17.33978741521456 0.000000000000000
 12 19.39789464339282 0.000000000000000

 spin=1 k-point=296/580 Cartesian=0.1298269666188922 0.2548491560266638 0.04797727796115784 (1342 plane wave)
 1 0.8014000031440062 0.003472222222174810
 2 2.335626900951559 0.003472004190575698
 3 3.646352629016065 0.0001087520330911833
 4 5.166836989412154 2.798182380153873e-11
 5 8.614035246371166 0.000000000000000
 6 9.274927298981348 0.000000000000000
 7 10.63697121632415 0.000000000000000
 8 11.75026603333269 0.000000000000000
 9 13.87689994283257 0.000000000000000
 10 16.42399850305788 0.000000000000000
 11 16.81591623830820 0.000000000000000
 12 17.94823455466097 0.000000000000000

 spin=1 k-point=297/580 Cartesian=0.1557923599426688 0.2698402828517608 0.04797727796115784 (1354 plane wave)
 1 1.452129165803309 0.003472222190485319
 2 1.456949114188907 0.003472222188918153
 3 4.229973582238435 3.277797340728900e-07
 4 4.292940566951518 1.746381199557687e-07
 5 9.634328841764917 0.000000000000000
 6 9.695283404539728 0.000000000000000
 7 10.55014486681566 0.000000000000000
 8 12.08920572540703 0.000000000000000
 9 13.30850088605014 0.000000000000000
 10 14.65721798228278 0.000000000000000
 11 17.79721617066059 0.000000000000000
 12 18.26847770154250 0.000000000000000

 spin=1 k-point=298/580 Cartesian=0.1298269666188922 0.2548491560266638 -0.04797727796115735 (1342 plane wave)
 1 0.8014000056162822 0.003472222222174810
 2 2.335626883086856 0.003472004190614647
 3 3.646352666771928 0.0001087519933169432
 4 5.166836958769999 2.798183237577582e-11
 5 8.614035185713215 0.000000000000000
 6 9.274927443081982 0.000000000000000
 7 10.63697110444818 0.000000000000000
 8 11.75026607011060 0.000000000000000
 9 13.87689993438591 0.000000000000000
 10 16.42399848136823 0.000000000000000
 11 16.81591627501938 0.000000000000000
 12 17.94823458277957 0.000000000000000

 spin=1 k-point=299/580 Cartesian=0.1038615732951112 0.2398580292015643 -0.04797727796115735 (1342 plane wave)
 1 0.4061487942509547 0.003472222222221268
 2 2.975892425646554 0.003345447677340158
 3 3.792593274709729 2.581671422797808e-05
 4 6.245863486545560 0.000000000000000
 5 6.913398612703261 0.000000000000000
 6 8.688786836075941 0.000000000000000
 7 9.751666968399467 0.000000000000000
 8 11.97318906878569 0.000000000000000
 9 15.03656388137478 0.000000000000000
 10 16.36819390357773 0.000000000000000
 11 17.33978737870887 0.000000000000000
 12 19.39789472258027 0.000000000000000

 spin=1 k-point=300/580 Cartesian=-0.07789617997133380 0.1349201414258807 0.04797727796115784 (1343 plane wave)
 1 0.2740374643053210 0.003472222222221935
 2 2.941216153343860 0.003381626786290111
 3 5.081317271919088 6.580873122922012e-11
 4 5.148100329244654 3.374802156675455e-11
 5 7.603792467723831 0.000000000000000
 6 7.885297069343014 0.000000000000000
 7 8.956792528463696 0.000000000000000
 8 13.31425051807370 0.000000000000000
 9 13.45490664752093 0.000000000000000
 10 16.87027395756754 0.000000000000000
 11 19.57285080255081 0.000000000000000
 12 19.63894121659728 0.000000000000000

 spin=1 k-point=301/580 Cartesian=-0.05193078664755722 0.1499112682509776 0.04797727796115784 (1342 plane wave)
 1 0.4061487932287811 0.003472222222221268
 2 2.975892453875129 0.003345447642860106
 3 3.792593223841181 2.581672726292856e-05
 4 6.245863539853653 0.000000000000000
 5 6.913398635024139 0.000000000000000
 6 8.688786668739262 0.000000000000000
 7 9.751667105849732 0.000000000000000
 8 11.97318905100811 0.000000000000000
 9 15.03656387391803 0.000000000000000
 10 16.36819389092448 0.000000000000000
 11 17.33978742022607 0.000000000000000
 12 19.39789464115665 0.000000000000000

 spin=1 k-point=302/580 Cartesian=-0.02596539332377619 0.1649023950760771 0.04797727796115784 (1342 plane wave)
 1 0.8014000030545825 0.003472222222174810
 2 2.335626899183785 0.003472004190579553
 3 3.646352630483139 0.0001087520315456805
 4 5.166836989114125 2.798182388493267e-11
 5 8.614035251050945 0.000000000000000
 6 9.274927295082305 0.000000000000000
 7 10.63697121794840 0.000000000000000
 8 11.75026603529686 0.000000000000000
 9 13.87689993953930 0.000000000000000
 10 16.42399850586504 0.000000000000000
 11 16.81591623935438 0.000000000000000
 12 17.94823455355786 0.000000000000000

 spin=1 k-point=303/580 Cartesian=0.000000000000000 0.1499112682509800 -0.04797727796115735 (1346 plane wave)
 1 0.006542246956027399 0.003472222222222161
 2 2.581548602292762 0.003469673910250030
 3 3.403131523660305 0.0009342022915717949
 4 5.943460493658540 1.185883893786105e-14
 5 8.287554198018398 0.000000000000000
 6 10.68494632250303 0.000000000000000
 7 11.21145340130517 0.000000000000000
 8 12.31139222684342 0.000000000000000
 9 13.44321881200045 0.000000000000000
 10 14.76031324285175 0.000000000000000
 11 16.71552745854106 0.000000000000000
 12 18.98501434493553 0.000000000000000

 spin=1 k-point=304/580 Cartesian=-0.02596539332377619 0.1349201414258833 -0.04797727796115735 (1342 plane wave)
 1 -0.5250194941917402 0.003472222222222178
 2 2.169865639514814 0.003472180664721548
 3 4.337433071248200 1.119227451381385e-07
 4 6.905942820128753 0.000000000000000
 5 7.798691118228503 0.000000000000000
 6 9.210922903740970 0.000000000000000
 7 11.76385270187367 0.000000000000000
 8 12.63213849534698 0.000000000000000
 9 14.10424507810371 0.000000000000000
 10 16.03291752232496 0.000000000000000
 11 16.74563692535979 0.000000000000000
 12 17.77655770189486 0.000000000000000

 spin=1 k-point=305/580 Cartesian=-0.05193078664755722 0.1199290146007838 -0.04797727796115735 (1339 plane wave)
 1 -0.7911719740249352 0.003472222222222178
 2 1.921697894297625 0.003472218747859941
 3 5.615837675810725 3.139715800622972e-13
 4 7.035219255270912 0.000000000000000
 5 7.485990100904568 0.000000000000000
 6 8.644348184386820 0.000000000000000
 7 10.08157912455854 0.000000000000000
 8 13.84646747064233 0.000000000000000
 9 15.23269246132181 0.000000000000000
 10 15.99914788284887 0.000000000000000
 11 17.19993087502524 0.000000000000000
 12 19.64258038618676 0.000000000000000

 spin=1 k-point=306/580 Cartesian=0.07789617997133459 -0.1049378877756855 0.04797727796115784 (1339 plane wave)
 1 -0.7911719741449321 0.003472222222222178
 2 1.921697896250313 0.003472218747859873
 3 5.615837638482555 3.139716972621945e-13
 4 7.035219337937304 0.000000000000000
 5 7.485990139708250 0.000000000000000
 6 8.644348028491777 0.000000000000000
 7 10.08157920064206 0.000000000000000
 8 13.84646747980870 0.000000000000000
 9 15.23269241830300 0.000000000000000
 10 15.99914789410345 0.000000000000000
 11 17.19993090273359 0.000000000000000
 12 19.64258036301682 0.000000000000000

 spin=1 k-point=307/580 Cartesian=0.1038615732951112 -0.08994676095058855 0.04797727796115784 (1342 plane wave)
 1 -0.5250194946010592 0.003472222222222178
 2 2.169865647877117 0.003472180664718072
 3 4.337433039280323 1.119227809163245e-07
 4 6.905942917045238 0.000000000000000
 5 7.798691081851492 0.000000000000000
 6 9.210922816773701 0.000000000000000
 7 11.76385281061341 0.000000000000000
 8 12.63213842359591 0.000000000000000
 9 14.10424511367944 0.000000000000000
 10 16.03291753181737 0.000000000000000
 11 16.74563686585917 0.000000000000000
 12 17.77655770480425 0.000000000000000

 spin=1 k-point=308/580 Cartesian=0.1298269666188922 -0.07495563412548907 0.04797727796115784 (1346 plane wave)
 1 0.006542246074351751 0.003472222222222161
 2 2.581548635810400 0.003469673909396522
 3 3.403131470147120 0.0009342026569893474
 4 5.943460537589455 1.185883372816450e-14
 5 8.287554179646794 0.000000000000000
 6 10.68494631146097 0.000000000000000
 7 11.21145331121357 0.000000000000000
 8 12.31139235022664 0.000000000000000
 9 13.44321880079883 0.000000000000000
 10 14.76031327260375 0.000000000000000
 11 16.71552735921796 0.000000000000000
 12 18.98501433404263 0.000000000000000

 spin=1 k-point=309/580 Cartesian=0.1557923599426688 0.2398580292015669 -0.04797727796115735 (1342 plane wave)
 1 0.8014000032227112 0.003472222222174810
 2 2.335626901131428 0.003472004190575307
 3 3.646352628542705 0.0001087520335898482
 4 5.166836989186278 2.798182386474311e-11
 5 8.614035250083170 0.000000000000000
 6 9.274927297570358 0.000000000000000
 7 10.63697121298069 0.000000000000000
 8 11.75026603381706 0.000000000000000
 9 13.87689994243448 0.000000000000000
 10 16.42399850442158 0.000000000000000
 11 16.81591623826070 0.000000000000000
 12 17.94823455950051 0.000000000000000

 spin=1 k-point=310/580 Cartesian=0.1298269666188922 0.2248669023764700 -0.04797727796115735 (1345 plane wave)
 1 1.846523806948385 0.003472220583903689
 2 1.859959783359484 0.003472220348306600
 3 4.580179788227071 9.878596850612780e-09
 4 4.689585017100737 3.307920744404217e-09
 5 6.752219348770806 0.000000000000000
 6 9.218472850870477 0.000000000000000
 7 10.27531990317995 0.000000000000000
 8 10.47894134154859 0.000000000000000
 9 14.93150015496515 0.000000000000000
 10 16.37304182619180 0.000000000000000
 11 18.27545437588846 0.000000000000000
 12 18.75238993588002 0.000000000000000

 spin=1 k-point=311/580 Cartesian=0.1038615732951112 0.2098757755513705 -0.04797727796115735 (1351 plane wave)
 1 1.597834281366495 0.003472222085966889
 2 3.128336029811559 0.002957516175967117
 3 4.276617912614051 2.056002218702766e-07
 4 4.944257506222562 2.591353365153157e-10
 5 6.056463145871916 3.830696699412417e-15
 6 7.561261019845477 0.000000000000000
 7 10.04625188516639 0.000000000000000
 8 11.57876063991464 0.000000000000000
 9 13.13572889403914 0.000000000000000
 10 18.10609693078236 0.000000000000000
 11 19.22758023975734 0.000000000000000
 12 20.07401838060142 0.000000000000000

 spin=1 k-point=312/580 Cartesian=0.07789617997133459 0.1948846487262736 -0.04797727796115735 (1351 plane wave)
 1 1.597834280090279 0.003472222085966891
 2 3.128336042274936 0.002957516121326605
 3 4.276617862571174 2.056003247525010e-07
 4 4.944257554421285 2.591352116153993e-10
 5 6.056463145697915 3.830696706077891e-15
 6 7.561261003347650 0.000000000000000
 7 10.04625189916239 0.000000000000000
 8 11.57876063370582 0.000000000000000
 9 13.13572889366691 0.000000000000000
 10 18.10609693377492 0.000000000000000
 11 19.22758024647392 0.000000000000000
 12 20.07401836463827 0.000000000000000

 spin=1 k-point=313/580 Cartesian=0.05193078664755799 0.1798935219011766 -0.04797727796115735 (1345 plane wave)
 1 1.846523819691508 0.003472220583903480
 2 1.859959769271169 0.003472220348306864
 3 4.580179803198283 9.878595371671106e-09
 4 4.689585003602833 3.307921190903905e-09
 5 6.752219347312002 0.000000000000000
 6 9.218472852343950 0.000000000000000
 7 10.27531991805791 0.000000000000000
 8 10.47894132798283 0.000000000000000
 9 14.93150015614616 0.000000000000000
 10 16.37304182637393 0.000000000000000
 11 18.27545438532298 0.000000000000000
 12 18.75238992050377 0.000000000000000

 spin=1 k-point=314/580 Cartesian=0.02596539332377698 0.1649023950760771 -0.04797727796115735 (1342 plane wave)
 1 0.8014000050756251 0.003472222222174810
 2 2.335626882771075 0.003472004190615335
 3 3.646352667480448 0.0001087519925705470
 4 5.166836958089022 2.798183256632558e-11
 5 8.614035184694178 0.000000000000000
 6 9.274927443755312 0.000000000000000
 7 10.63697111018019 0.000000000000000
 8 11.75026607064941 0.000000000000000
 9 13.87689993191978 0.000000000000000
 10 16.42399848336093 0.000000000000000
 11 16.81591627135186 0.000000000000000
 12 17.94823458055997 0.000000000000000

 spin=1 k-point=315/580 Cartesian=0.000000000000000 0.1199290146007810 -0.04797727796115735 (1344 plane wave)
 1 -1.191575946206688 0.003472222222222178
 2 1.526560349677780 0.003472222155416319
 3 5.222416603256126 1.605080298078635e-11
 4 6.979807017547239 0.000000000000000
 5 8.097370371583223 0.000000000000000
 6 11.08927786627019 0.000000000000000
 7 12.27193467082794 0.000000000000000
 8 13.46343618345098 0.000000000000000
 9 13.84728501095230 0.000000000000000
 10 14.90085874248403 0.000000000000000
 11 15.95668854277189 0.000000000000000
 12 19.38657934750630 0.000000000000000

 spin=1 k-point=316/580 Cartesian=-0.02596539332377619 0.1049378877756843 -0.04797727796115735 (1336 plane wave)
 1 -1.591950476146735 0.003472222222222178
 2 1.134061795825430 0.003472222220903270
 3 6.204817462567169 0.000000000000000
 4 6.847895290401614 0.000000000000000
 5 9.091030503470016 0.000000000000000
 6 9.812286349983609 0.000000000000000
 7 12.37053544373988 0.000000000000000
 8 14.34790058194210 0.000000000000000
 9 14.37895920236948 0.000000000000000
 10 15.60812521688345 0.000000000000000
 11 17.28570266210648 0.000000000000000
 12 18.17525361232297 0.000000000000000

 spin=1 k-point=317/580 Cartesian=0.05193078664755799 -0.08994676095058345 0.04797727796115784 (1332 plane wave)
 1 -1.725472524567174 0.003472222222222178
 2 1.002613936400494 0.003472222221867901
 3 6.371229853039731 0.000000000000000
 4 7.885437057823423 0.000000000000000
 5 8.038429478988176 0.000000000000000
 6 10.63722181853788 0.000000000000000
 7 10.81474685815784 0.000000000000000
 8 14.55301214577138 0.000000000000000
 9 16.21898164073075 0.000000000000000
 10 16.23588041933582 0.000000000000000
 11 17.62039964298381 0.000000000000000
 12 17.90219818147651 0.000000000000000

 spin=1 k-point=318/580 Cartesian=0.07789617997133459 -0.07495563412548652 0.04797727796115784 (1336 plane wave)
 1 -1.591950476224389 0.003472222222222178
 2 1.134061797121850 0.003472222220903270
 3 6.204817385618451 0.000000000000000
 4 6.847895395733305 0.000000000000000
 5 9.091030531468766 0.000000000000000
 6 9.812286252052150 0.000000000000000
 7 12.37053549761978 0.000000000000000
 8 14.34790064946912 0.000000000000000
 9 14.37895911179018 0.000000000000000
 10 15.60812525538799 0.000000000000000
 11 17.28570260716315 0.000000000000000
 12 18.17525362393591 0.000000000000000

 spin=1 k-point=319/580 Cartesian=0.1038615732951112 -0.05996450730038959 0.04797727796115784 (1344 plane wave)
 1 -1.191575946380521 0.003472222222222178
 2 1.526560353023940 0.003472222155416317
 3 5.222416564206108 1.605080924863054e-11
 4 6.979807125079816 0.000000000000000
 5 8.097370303321810 0.000000000000000
 6 11.08927785512180 0.000000000000000
 7 12.27193454620462 0.000000000000000
 8 13.46343636895560 0.000000000000000
 9 13.84728499980825 0.000000000000000
 10 14.90085885123661 0.000000000000000
 11 15.95668835284356 0.000000000000000
 12 19.38657933588554 0.000000000000000

 spin=1 k-point=320/580 Cartesian=0.1298269666188922 -0.04497338047529010 0.04797727796115784 (1342 plane wave)
 1 -0.5250194945178045 0.003472222222222178
 2 2.169865647960927 0.003472180664718038
 3 4.337433039046408 1.119227811781209e-07
 4 6.905942916015721 0.000000000000000
 5 7.798691082625108 0.000000000000000
 6 9.210922818756691 0.000000000000000
 7 11.76385280712358 0.000000000000000
 8 12.63213842438944 0.000000000000000
 9 14.10424511311512 0.000000000000000
 10 16.03291753381901 0.000000000000000
 11 16.74563686208704 0.000000000000000
 12 17.77655771112276 0.000000000000000

 spin=1 k-point=321/580 Cartesian=0.1557923599426688 0.2098757755513679 -0.04797727796115735 (1342 plane wave)
 1 0.4061487933872786 0.003472222222221268
 2 2.975892457348975 0.003345447638616945
 3 3.792593220190131 2.581672819850209e-05
 4 6.245863538226311 0.000000000000000
 5 6.913398635758276 0.000000000000000
 6 8.688786672532469 0.000000000000000
 7 9.751667101038565 0.000000000000000
 8 11.97318905262506 0.000000000000000
 9 15.03656387156568 0.000000000000000
 10 16.36819388859687 0.000000000000000
 11 17.33978742244043 0.000000000000000
 12 19.39789464636169 0.000000000000000

 spin=1 k-point=322/580 Cartesian=0.1298269666188922 0.1948846487262710 -0.04797727796115735 (1351 plane wave)
 1 1.597834280131058 0.003472222085966891
 2 3.128336047098657 0.002957516100178998
 3 4.276617848212026 2.056003542732180e-07
 4 4.944257565323965 2.591351833627136e-10
 5 6.056463144971637 3.830696733899400e-15
 6 7.561261001993820 0.000000000000000
 7 10.04625189920674 0.000000000000000
 8 11.57876063535157 0.000000000000000
 9 13.13572889166280 0.000000000000000
 10 18.10609693308450 0.000000000000000
 11 19.22758024503490 0.000000000000000
 12 20.07401836625926 0.000000000000000

 spin=1 k-point=323/580 Cartesian=0.1038615732951112 0.1798935219011715 -0.04797727796115735 (1353 plane wave)
 1 3.001630848436288 0.003309972920556972
 2 3.001631096611207 0.003309972536709886
 3 3.104684593257268 0.003052832138698919
 4 5.836189499673517 3.466684289940244e-14
 5 5.934522035516853 1.296765389316128e-14
 6 5.934522258775462 1.296762494178279e-14
 7 11.42777449698314 0.000000000000000
 8 11.42777463393944 0.000000000000000
 9 11.48675802306883 0.000000000000000
 10 19.54592067713670 0.000000000000000
 11 19.54592081242597 0.000000000000000
 12 19.70410217330365 0.000000000000000

 spin=1 k-point=324/580 Cartesian=0.07789617997133459 0.1649023950760746 -0.04797727796115735 (1351 plane wave)
 1 1.597834280791259 0.003472222085966890
 2 3.128336030763069 0.002957516171795614
 3 4.276617913213625 2.056002206376239e-07
 4 4.944257505543376 2.591353382753250e-10
 5 6.056463142660106 3.830696822447153e-15
 6 7.561261023727099 0.000000000000000
 7 10.04625188540545 0.000000000000000
 8 11.57876063957187 0.000000000000000
 9 13.13572889364512 0.000000000000000
 10 18.10609693047818 0.000000000000000
 11 19.22758024966295 0.000000000000000
 12 20.07401837078793 0.000000000000000

 spin=1 k-point=325/580 Cartesian=0.05193078664755799 0.1499112682509776 -0.04797727796115735 (1342 plane wave)
 1 0.4061487938810063 0.003472222222221268
 2 2.975892426777178 0.003345447675959147
 3 3.792593273515862 2.581671453390377e-05
 4 6.245863487769815 0.000000000000000
 5 6.913398608659337 0.000000000000000
 6 8.688786840329508 0.000000000000000
 7 9.751666970127268 0.000000000000000
 8 11.97318906811369 0.000000000000000
 9 15.03656388117061 0.000000000000000
 10 16.36819390391010 0.000000000000000
 11 17.33978737939619 0.000000000000000
 12 19.39789471685485 0.000000000000000

 spin=1 k-point=326/580 Cartesian=0.02596539332377698 0.1349201414258782 -0.04797727796115735 (1342 plane wave)
 1 -0.5250194942093772 0.003472222222222178
 2 2.169865639577078 0.003472180664721522
 3 4.337433071192896 1.119227452000339e-07
 4 6.905942820025197 0.000000000000000
 5 7.798691118224427 0.000000000000000
 6 9.210922903257798 0.000000000000000
 7 11.76385270590508 0.000000000000000
 8 12.63213849156253 0.000000000000000
 9 14.10424508079766 0.000000000000000
 10 16.03291751800286 0.000000000000000
 11 16.74563691942554 0.000000000000000
 12 17.77655771001145 0.000000000000000

 spin=1 k-point=327/580 Cartesian=0.000000000000000 -0.08994676095058625 0.04797727796115784 (1340 plane wave)
 1 -2.126433654560039 0.003472222222222178
 2 0.6050827500193425 0.003472222222215527
 3 6.016028198170639 5.739638725659708e-15
 4 7.598292291622797 0.000000000000000
 5 10.24865606211966 0.000000000000000
 6 11.76285198742303 0.000000000000000
 7 12.91791379575813 0.000000000000000
 8 14.36575344658509 0.000000000000000
 9 14.52036314830958 0.000000000000000
 10 15.33381268350131 0.000000000000000
 11 16.57421736056086 0.000000000000000
 12 20.05224054434454 0.000000000000000

 spin=1 k-point=328/580 Cartesian=0.02596539332377698 -0.07495563412548910 0.04797727796115784 (1337 plane wave)
 1 -2.393831776729384 0.003472222222222178
 2 0.3398635621341936 0.003472222222221709
 3 5.789600809414943 5.523908204407684e-14
 4 8.876799094346165 0.000000000000000
 5 10.38637410880395 0.000000000000000
 6 11.64244287540442 0.000000000000000
 7 13.14643875678438 0.000000000000000
 8 14.01474584050754 0.000000000000000
 9 15.47759994391642 0.000000000000000
 10 17.11955279907441 0.000000000000000
 11 18.10489588710130 0.000000000000000
 12 18.39758962541192 0.000000000000000

 spin=1 k-point=329/580 Cartesian=0.05193078664755799 -0.05996450730038961 0.04797727796115784 (1337 plane wave)
 1 -2.393831776735196 0.003472222222222178
 2 0.3398635623595111 0.003472222222221709
 3 5.789600806391368 5.523908371427232e-14
 4 8.876799107512594 0.000000000000000
 5 10.38637411884967 0.000000000000000
 6 11.64244281765267 0.000000000000000
 7 13.14643880595245 0.000000000000000
 8 14.01474584990431 0.000000000000000
 9 15.47759987286786 0.000000000000000
 10 17.11955290998063 0.000000000000000
 11 18.10489579575908 0.000000000000000
 12 18.39758971907233 0.000000000000000

 spin=1 k-point=330/580 Cartesian=0.07789617997133459 -0.04497338047529267 0.04797727796115784 (1340 plane wave)
 1 -2.126433654574130 0.003472222222222178
 2 0.6050827507342309 0.003472222222215527
 3 6.016028181627878 5.739639675154733e-15
 4 7.598292324655027 0.000000000000000
 5 10.24865605235963 0.000000000000000
 6 11.76285197608766 0.000000000000000
 7 12.91791373672709 0.000000000000000
 8 14.36575343783713 0.000000000000000
 9 14.52036313721080 0.000000000000000
 10 15.33381293411773 0.000000000000000
 11 16.57421716379990 0.000000000000000
 12 20.05224052987338 0.000000000000000

 spin=1 k-point=331/580 Cartesian=0.1038615732951112 -0.02998225365019574 0.04797727796115784 (1336 plane wave)
 1 -1.591950476156826 0.003472222222222178
 2 1.134061797123717 0.003472222220903270
 3 6.204817387423977 0.000000000000000
 4 6.847895393055857 0.000000000000000
 5 9.091030528950926 0.000000000000000
 6 9.812286257590127 0.000000000000000
 7 12.37053549425291 0.000000000000000
 8 14.34790064928849 0.000000000000000
 9 14.37895911117490 0.000000000000000
 10 15.60812525769556 0.000000000000000
 11 17.28570260162158 0.000000000000000
 12 18.17525363118946 0.000000000000000

 spin=1 k-point=332/580 Cartesian=0.1298269666188922 -0.01499112682509626 0.04797727796115784 (1339 plane wave)
 1 -0.7911719739797883 0.003472222222222178
 2 1.921697896295617 0.003472218747859871
 3 5.615837639103201 3.139716953135408e-13
 4 7.035219335092445 0.000000000000000
 5 7.485990136841457 0.000000000000000
 6 8.644348038530230 0.000000000000000
 7 10.08157919450857 0.000000000000000
 8 13.84646748450394 0.000000000000000
 9 15.23269240699036 0.000000000000000
 10 15.99914789753005 0.000000000000000
 11 17.19993090709733 0.000000000000000
 12 19.64258036624447 0.000000000000000

 spin=1 k-point=333/580 Cartesian=0.1557923599426688 0.000000000000000 0.04797727796115784 (1343 plane wave)
 1 0.2740374644612809 0.003472222222221935
 2 2.941216154935668 0.003381626784885631
 3 5.081317228089354 6.580876007302509e-11
 4 5.148100372122436 3.374800709635094e-11
 5 7.603792430214782 0.000000000000000
 6 7.885297112279385 0.000000000000000
 7 8.956792522107929 0.000000000000000
 8 13.31425056117469 0.000000000000000
 9 13.45490660307273 0.000000000000000
 10 16.87027395848802 0.000000000000000
 11 19.57285080844979 0.000000000000000
 12 19.63894120896337 0.000000000000000

 spin=1 k-point=334/580 Cartesian=0.1298269666188922 0.1649023950760772 -0.04797727796115735 (1351 plane wave)
 1 1.597834281431206 0.003472222085966889
 2 3.128336032972095 0.002957516162111056
 3 4.276617900256212 2.056002472765250e-07
 4 4.944257520065016 2.591353006446212e-10
 5 6.056463137447947 3.830697022109204e-15
 6 7.561261024167981 0.000000000000000
 7 10.04625188469110 0.000000000000000
 8 11.57876064236910 0.000000000000000
 9 13.13572889114746 0.000000000000000
 10 18.10609693480642 0.000000000000000
 11 19.22758023414229 0.000000000000000
 12 20.07401837830049 0.000000000000000

 spin=1 k-point=335/580 Cartesian=0.1038615732951112 0.1499112682509777 -0.04797727796115735 (1351 plane wave)
 1 1.597834279527562 0.003472222085966892
 2 3.128336049455788 0.002957516089845134
 3 4.276617844871107 2.056003611417538e-07
 4 4.944257565960107 2.591351817142483e-10
 5 6.056463144556330 3.830696749808549e-15
 6 7.561261004505449 0.000000000000000
 7 10.04625189833895 0.000000000000000
 8 11.57876063638140 0.000000000000000
 9 13.13572889055211 0.000000000000000
 10 18.10609693706519 0.000000000000000
 11 19.22758023385375 0.000000000000000
 12 20.07401837287765 0.000000000000000

 spin=1 k-point=336/580 Cartesian=0.07789617997133459 0.1349201414258807 -0.04797727796115735 (1343 plane wave)
 1 0.2740374640832058 0.003472222222221935
 2 2.941216155416170 0.003381626784461677
 3 5.081317241940812 6.580875095755130e-11
 4 5.148100356014715 3.374801253238784e-11
 5 7.603792444697257 0.000000000000000
 6 7.885297100191464 0.000000000000000
 7 8.956792522741116 0.000000000000000
 8 13.31425054601923 0.000000000000000
 9 13.45490661803593 0.000000000000000
 10 16.87027395869783 0.000000000000000
 11 19.57285081195991 0.000000000000000
 12 19.63894120732063 0.000000000000000

 spin=1 k-point=337/580 Cartesian=0.05193078664755799 0.1199290146007838 -0.04797727796115735 (1339 plane wave)
 1 -0.7911719740439377 0.003472222222222178
 2 1.921697894378402 0.003472218747859938
 3 5.615837676371315 3.139715783022034e-13
 4 7.035219248493880 0.000000000000000
 5 7.485990105147550 0.000000000000000
 6 8.644348189529547 0.000000000000000
 7 10.08157912159623 0.000000000000000
 8 13.84646747333439 0.000000000000000
 9 15.23269245229057 0.000000000000000
 10 15.99914788802796 0.000000000000000
 11 17.19993087576071 0.000000000000000
 12 19.64258037919540 0.000000000000000

 spin=1 k-point=338/580 Cartesian=0.02596539332377698 0.1049378877756843 -0.04797727796115735 (1336 plane wave)
 1 -1.591950476150802 0.003472222222222178
 2 1.134061795813358 0.003472222220903270
 3 6.204817463770474 0.000000000000000
 4 6.847895288542657 0.000000000000000
 5 9.091030505404193 0.000000000000000
 6 9.812286348210774 0.000000000000000
 7 12.37053544503523 0.000000000000000
 8 14.34790058628937 0.000000000000000
 9 14.37895920190081 0.000000000000000
 10 15.60812521107543 0.000000000000000
 11 17.28570265560176 0.000000000000000
 12 18.17525361924722 0.000000000000000

 spin=1 k-point=339/580 Cartesian=0.000000000000000 -0.05996450730039238 0.04797727796115784 (1333 plane wave)
 1 -2.795153536969426 0.003472222222222178
 2 -0.05901066714042390 0.003472222222222170
 3 5.412519693189707 2.398221730677172e-12
 4 10.05423077807996 0.000000000000000
 5 12.68689552409837 0.000000000000000
 6 12.70476584725706 0.000000000000000
 7 13.28207494310071 0.000000000000000
 8 14.42881007390300 0.000000000000000
 9 15.46144316851402 0.000000000000000
 10 16.52810806872081 0.000000000000000
 11 18.51471901696434 0.000000000000000
 12 19.19519954484835 0.000000000000000

 spin=1 k-point=340/580 Cartesian=0.02596539332377698 -0.04497338047529523 0.04797727796115784 (1335 plane wave)
 1 -2.928971890246709 0.003472222222222178
 2 -0.1921175561054488 0.003472222222222176
 3 5.284960629941369 8.587592769631630e-12
 4 11.42331131007763 0.000000000000000
 5 11.49789796613884 0.000000000000000
 6 13.38587556416606 0.000000000000000
 7 14.28242394615120 0.000000000000000
 8 14.30075160606418 0.000000000000000
 9 16.30167937921146 0.000000000000000
 10 16.65675735030558 0.000000000000000
 11 18.84118139286710 0.000000000000000
 12 19.04052722761941 0.000000000000000

 spin=1 k-point=341/580 Cartesian=0.05193078664755799 -0.02998225365019574 0.04797727796115784 (1333 plane wave)
 1 -2.795153536957143 0.003472222222222178
 2 -0.05901066698509851 0.003472222222222170
 3 5.412519691997661 2.398221759265077e-12
 4 10.05423078676328 0.000000000000000
 5 12.68689553268808 0.000000000000000
 6 12.70476583550242 0.000000000000000
 7 13.28207495260288 0.000000000000000
 8 14.42881001024988 0.000000000000000
 9 15.46144315744763 0.000000000000000
 10 16.52810817108831 0.000000000000000
 11 18.51471895992081 0.000000000000000
 12 19.19519953501360 0.000000000000000

 spin=1 k-point=342/580 Cartesian=0.07789617997133459 -0.01499112682509881 0.04797727796115784 (1337 plane wave)
 1 -2.393831776685469 0.003472222222222178
 2 0.3398635623471731 0.003472222222221709
 3 5.789600806846503 5.523908346285976e-14
 4 8.876799105322231 0.000000000000000
 5 10.38637411882336 0.000000000000000
 6 11.64244282409571 0.000000000000000
 7 13.14643879853651 0.000000000000000
 8 14.01474585147384 0.000000000000000
 9 15.47759987266311 0.000000000000000
 10 17.11955291638403 0.000000000000000
 11 18.10489578849123 0.000000000000000
 12 18.39758971347662 0.000000000000000

 spin=1 k-point=343/580 Cartesian=0.1038615732951112 0.000000000000000 0.04797727796115784 (1332 plane wave)
 1 -1.725472524440416 0.003472222222222178
 2 1.002613936374779 0.003472222221867901
 3 6.371229856795573 0.000000000000000
 4 7.885437012989037 0.000000000000000
 5 8.038429518486808 0.000000000000000
 6 10.63722186166347 0.000000000000000
 7 10.81474681511440 0.000000000000000
 8 14.55301215150719 0.000000000000000
 9 16.21898159731865 0.000000000000000
 10 16.23588045335741 0.000000000000000
 11 17.62039965142281 0.000000000000000
 12 17.90219817142679 0.000000000000000

 spin=1 k-point=344/580 Cartesian=0.1298269666188922 0.01499112682509761 0.04797727796115784 (1339 plane wave)
 1 -0.7911719737713585 0.003472222222222178
 2 1.921697894270713 0.003472218747859941
 3 5.615837678625279 3.139715712253945e-13
 4 7.035219244931100 0.000000000000000
 5 7.485990102193430 0.000000000000000
 6 8.644348195511347 0.000000000000000
 7 10.08157911837045 0.000000000000000
 8 13.84646747857338 0.000000000000000
 9 15.23269244491197 0.000000000000000
 10 15.99914789066883 0.000000000000000
 11 17.19993087177868 0.000000000000000
 12 19.64258038137184 0.000000000000000

 spin=1 k-point=345/580 Cartesian=0.1557923599426688 0.02998225365019453 0.04797727796115784 (1342 plane wave)
 1 0.4061487944293973 0.003472222222221268
 2 2.975892426923355 0.003345447675780597
 3 3.792593272991996 2.581671466814322e-05
 4 6.245863488922866 0.000000000000000
 5 6.913398605165274 0.000000000000000
 6 8.688786845681021 0.000000000000000
 7 9.751666965076032 0.000000000000000
 8 11.97318907126219 0.000000000000000
 9 15.03656387727034 0.000000000000000
 10 16.36819390825890 0.000000000000000
 11 17.33978737024008 0.000000000000000
 12 19.39789472374843 0.000000000000000

 spin=1 k-point=346/580 Cartesian=0.1298269666188922 0.1349201414258833 -0.04797727796115735 (1345 plane wave)
 1 1.846523777132775 0.003472220583904177
 2 1.859959814060377 0.003472220348306024
 3 4.580179758757573 9.878599761778578e-09
 4 4.689585046096830 3.307919785237242e-09
 5 6.752219345918437 0.000000000000000
 6 9.218472860661716 0.000000000000000
 7 10.27531987567728 0.000000000000000
 8 10.47894136410985 0.000000000000000
 9 14.93150015258485 0.000000000000000
 10 16.37304182903144 0.000000000000000
 11 18.27545434929556 0.000000000000000
 12 18.75238996019452 0.000000000000000

 spin=1 k-point=347/580 Cartesian=0.1038615732951112 0.1199290146007838 -0.04797727796115735 (1342 plane wave)
 1 0.4061487931431337 0.003472222222221268
 2 2.975892460189483 0.003345447635147379
 3 3.792593215844984 2.581672931193661e-05
 4 6.245863541449891 0.000000000000000
 5 6.913398632473321 0.000000000000000
 6 8.688786678241215 0.000000000000000
 7 9.751667097868335 0.000000000000000
 8 11.97318905377141 0.000000000000000
 9 15.03656386961637 0.000000000000000
 10 16.36819389320335 0.000000000000000
 11 17.33978741407937 0.000000000000000
 12 19.39789464567494 0.000000000000000

 spin=1 k-point=348/580 Cartesian=0.07789617997133459 0.1049378877756869 -0.04797727796115735 (1339 plane wave)
 1 -0.7911719741564908 0.003472222222222178
 2 1.921697896453993 0.003472218747859866
 3 5.615837637392024 3.139717006861545e-13
 4 7.035219331960336 0.000000000000000
 5 7.485990144190149 0.000000000000000
 6 8.644348036798538 0.000000000000000
 7 10.08157919498892 0.000000000000000
 8 13.84646748331218 0.000000000000000
 9 15.23269240807180 0.000000000000000
 10 15.99914789962749 0.000000000000000
 11 17.19993090231197 0.000000000000000
 12 19.64258036219958 0.000000000000000

 spin=1 k-point=349/580 Cartesian=0.05193078664755799 0.08994676095058993 -0.04797727796115735 (1332 plane wave)
 1 -1.725472524567555 0.003472222222222178
 2 1.002613936379673 0.003472222221867901
 3 6.371229854701463 0.000000000000000
 4 7.885437027088247 0.000000000000000
 5 8.038429507446601 0.000000000000000
 6 10.63722184947857 0.000000000000000
 7 10.81474682789070 0.000000000000000
 8 14.55301214860128 0.000000000000000
 9 16.21898161292739 0.000000000000000
 10 16.23588044268286 0.000000000000000
 11 17.62039965373429 0.000000000000000
 12 17.90219816587987 0.000000000000000

 spin=1 k-point=350/580 Cartesian=-0.02596539332377619 -0.07495563412548908 0.04797727796115784 (1337 plane wave)
 1 -2.393831776727444 0.003472222222222178
 2 0.3398635621059103 0.003472222222221709
 3 5.789600809688543 5.523908189294263e-14
 4 8.876799093176606 0.000000000000000
 5 10.38637410901501 0.000000000000000
 6 11.64244287697047 0.000000000000000
 7 13.14643875578605 0.000000000000000
 8 14.01474584242304 0.000000000000000
 9 15.47759994486147 0.000000000000000
 10 17.11955279747163 0.000000000000000
 11 18.10489587619983 0.000000000000000
 12 18.39758962302859 0.000000000000000

 spin=1 k-point=351/580 Cartesian=0.000000000000000 -0.02998225365019341 0.04797727796115784 (1328 plane wave)
 1 -3.196677270799581 0.003472222222222178
 2 -0.4585648522097213 0.003472222222222178
 3 5.027019446832960 1.132650778435669e-10
 4 12.65322241312588 0.000000000000000
 5 13.23334410736082 0.000000000000000
 6 13.91068187796138 0.000000000000000
 7 14.94486770843155 0.000000000000000
 8 15.72939274281774 0.000000000000000
 9 16.66560020150041 0.000000000000000
 10 17.18278060855931 0.000000000000000
 11 17.45875257641293 0.000000000000000
 12 18.85835250631962 0.000000000000000

 spin=1 k-point=352/580 Cartesian=0.02596539332377698 -0.01499112682509625 0.04797727796115784 (1328 plane wave)
 1 -3.196677270793321 0.003472222222222178
 2 -0.4585648521899031 0.003472222222222178
 3 5.027019446739822 1.132650779490601e-10
 4 12.65322241236608 0.000000000000000
 5 13.23334411746654 0.000000000000000
 6 13.91068186505081 0.000000000000000
 7 14.94486775318400 0.000000000000000
 8 15.72939267711957 0.000000000000000
 9 16.66560019168924 0.000000000000000
 10 17.18278059837032 0.000000000000000
 11 17.45875255669489 0.000000000000000
 12 18.85835266689835 0.000000000000000

 spin=1 k-point=353/580 Cartesian=0.05193078664755799 0.000000000000000 0.04797727796115784 (1335 plane wave)
 1 -2.928971890213960 0.003472222222222178
 2 -0.1921175561252005 0.003472222222222176
 3 5.284960630136631 8.587592752863406e-12
 4 11.42331126522754 0.000000000000000
 5 11.49789801136988 0.000000000000000
 6 13.38587556776293 0.000000000000000
 7 14.28242398514477 0.000000000000000
 8 14.30075156162042 0.000000000000000
 9 16.30167938351921 0.000000000000000
 10 16.65675734303721 0.000000000000000
 11 18.84118139909194 0.000000000000000
 12 19.04052723590487 0.000000000000000

 spin=1 k-point=354/580 Cartesian=0.07789617997133459 0.01499112682510017 0.04797727796115784 (1337 plane wave)
 1 -2.393831776640921 0.003472222222222178
 2 0.3398635620927988 0.003472222222221709
 3 5.789600810307793 5.523908155087437e-14
 4 8.876799090583372 0.000000000000000
 5 10.38637411099213 0.000000000000000
 6 11.64244287933258 0.000000000000000
 7 13.14643875012395 0.000000000000000
 8 14.01474584510702 0.000000000000000
 9 15.47759994254013 0.000000000000000
 10 17.11955280313392 0.000000000000000
 11 18.10489586890269 0.000000000000000
 12 18.39758961647023 0.000000000000000

 spin=1 k-point=355/580 Cartesian=0.1038615732951112 0.02998225365019710 0.04797727796115784 (1336 plane wave)
 1 -1.591950475962976 0.003472222222222178
 2 1.134061795743964 0.003472222220903270
 3 6.204817470761053 0.000000000000000
 4 6.847895279033712 0.000000000000000
 5 9.091030507010101 0.000000000000000
 6 9.812286350158818 0.000000000000000
 7 12.37053544131512 0.000000000000000
 8 14.34790059091693 0.000000000000000
 9 14.37895920367156 0.000000000000000
 10 15.60812520632976 0.000000000000000
 11 17.28570264328101 0.000000000000000
 12 18.17525363009770 0.000000000000000

 spin=1 k-point=356/580 Cartesian=0.1298269666188922 0.04497338047529659 0.04797727796115784 (1342 plane wave)
 1 -0.5250194938307584 0.003472222222222178
 2 2.169865639363977 0.003472180664721611
 3 4.337433072265388 1.119227439997092e-07
 4 6.905942815484065 0.000000000000000
 5 7.798691120441322 0.000000000000000
 6 9.210922905446369 0.000000000000000
 7 11.76385270048583 0.000000000000000
 8 12.63213849644998 0.000000000000000
 9 14.10424508329544 0.000000000000000
 10 16.03291751112895 0.000000000000000
 11 16.74563690859983 0.000000000000000
 12 17.77655772244111 0.000000000000000

 spin=1 k-point=357/580 Cartesian=0.1557923599426688 0.05996450730039351 0.04797727796115784 (1342 plane wave)
 1 0.8014000058625479 0.003472222222174810
 2 2.335626883384365 0.003472004190613999
 3 3.646352665898017 0.0001087519942375727
 4 5.166836957962246 2.798183260179995e-11
 5 8.614035178968214 0.000000000000000
 6 9.274927454454620 0.000000000000000
 7 10.63697110278830 0.000000000000000
 8 11.75026607347033 0.000000000000000
 9 13.87689993364372 0.000000000000000
 10 16.42399847252631 0.000000000000000
 11 16.81591626443406 0.000000000000000
 12 17.94823459634721 0.000000000000000

 spin=1 k-point=358/580 Cartesian=0.1298269666188922 0.1049378877756843 -0.04797727796115735 (1342 plane wave)
 1 0.8014000030774883 0.003472222222174810
 2 2.335626903246625 0.003472004190570695
 3 3.646352623947794 0.0001087520384303982
 4 5.166836991445931 2.798182323245087e-11
 5 8.614035242723379 0.000000000000000
 6 9.274927310161734 0.000000000000000
 7 10.63697120837399 0.000000000000000
 8 11.75026603822328 0.000000000000000
 9 13.87689994117019 0.000000000000000
 10 16.42399849604616 0.000000000000000
 11 16.81591623173362 0.000000000000000
 12 17.94823456747098 0.000000000000000

 spin=1 k-point=359/580 Cartesian=0.1038615732951112 0.08994676095058482 -0.04797727796115735 (1342 plane wave)
 1 -0.5250194945993131 0.003472222222222178
 2 2.169865648548435 0.003472180664717793
 3 4.337433036879332 1.119227836034942e-07
 4 6.905942919001220 0.000000000000000
 5 7.798691079450683 0.000000000000000
 6 9.210922822691376 0.000000000000000
 7 11.76385280597789 0.000000000000000
 8 12.63213842791816 0.000000000000000
 9 14.10424511193356 0.000000000000000
 10 16.03291752823445 0.000000000000000
 11 16.74563685653695 0.000000000000000
 12 17.77655771550258 0.000000000000000

 spin=1 k-point=360/580 Cartesian=0.07789617997133459 0.07495563412548789 -0.04797727796115735 (1336 plane wave)
 1 -1.591950476216637 0.003472222222222178
 2 1.134061797130587 0.003472222220903270
 3 6.204817386064337 0.000000000000000
 4 6.847895393573613 0.000000000000000
 5 9.091030530089737 0.000000000000000
 6 9.812286258647610 0.000000000000000
 7 12.37053549534011 0.000000000000000
 8 14.34790064908349 0.000000000000000
 9 14.37895911379890 0.000000000000000
 10 15.60812525203064 0.000000000000000
 11 17.28570259680048 0.000000000000000
 12 18.17525363334881 0.000000000000000

 spin=1 k-point=361/580 Cartesian=-0.05193078664755722 -0.05996450730038960 0.04797727796115784 (1337 plane wave)
 1 -2.393831776727649 0.003472222222222178
 2 0.3398635623103583 0.003472222222221709
 3 5.789600806850498 5.523908346065275e-14
 4 8.876799104247697 0.000000000000000
 5 10.38637412056753 0.000000000000000
 6 11.64244282382721 0.000000000000000
 7 13.14643880072889 0.000000000000000
 8 14.01474585161151 0.000000000000000
 9 15.47759987246818 0.000000000000000
 10 17.11955291114586 0.000000000000000
 11 18.10489578500392 0.000000000000000
 12 18.39758971761488 0.000000000000000

 spin=1 k-point=362/580 Cartesian=-0.02596539332377619 -0.04497338047529011 0.04797727796115784 (1335 plane wave)
 1 -2.928971890242008 0.003472222222222178
 2 -0.1921175561376957 0.003472222222222176
 3 5.284960630114444 8.587592754768739e-12
 4 11.42331127857511 0.000000000000000
 5 11.49789799619236 0.000000000000000
 6 13.38587557060840 0.000000000000000
 7 14.28242397150776 0.000000000000000
 8 14.30075157608167 0.000000000000000
 9 16.30167938927804 0.000000000000000
 10 16.65675733838352 0.000000000000000
 11 18.84118138963888 0.000000000000000
 12 19.04052723939046 0.000000000000000

 spin=1 k-point=363/580 Cartesian=0.000000000000000 0.000000000000000 0.07196591694173664 (1304 plane wave)
 1 -2.901954509732773 0.003472222222222178
 2 -1.531811268909428 0.003472222222222178
 3 6.681485421843786 0.000000000000000
 4 10.73225564835475 0.000000000000000
 5 15.60734671240830 0.000000000000000
 6 15.60734676011021 0.000000000000000
 7 16.07720242355501 0.000000000000000
 8 16.07720246991222 0.000000000000000
 9 16.98903904319795 0.000000000000000
 10 16.98903909074813 0.000000000000000
 11 17.27300104440728 0.000000000000000
 12 17.42399782835427 0.000000000000000

 spin=1 k-point=364/580 Cartesian=0.02596539332377698 0.01499112682509716 0.07196591694173664 (1336 plane wave)
 1 -2.768148231472028 0.003472222222222178
 2 -1.398282821181960 0.003472222222222178
 3 6.808808409795461 0.000000000000000
 4 10.83691048439621 0.000000000000000
 5 13.25811245661963 0.000000000000000
 6 14.34185613719959 0.000000000000000
 7 14.51810650598596 0.000000000000000
 8 15.59456784911293 0.000000000000000
 9 15.72033512807141 0.000000000000000
 10 16.74041975590805 0.000000000000000
 11 17.61232173772705 0.000000000000000
 12 18.98383173127191 0.000000000000000

 spin=1 k-point=365/580 Cartesian=0.05193078664755799 0.02998225365019664 0.07196591694173664 (1332 plane wave)
 1 -2.366883123231567 0.003472222222222178
 2 -0.9979714669726663 0.003472222222222178
 3 7.182197696182179 0.000000000000000
 4 10.38884369918663 0.000000000000000
 5 11.29738565045928 0.000000000000000
 6 11.90153677506913 0.000000000000000
 7 13.13606391680382 0.000000000000000
 8 14.51512994894589 0.000000000000000
 9 14.53452703959029 0.000000000000000
 10 15.74381603181901 0.000000000000000
 11 19.62415085086744 0.000000000000000
 12 20.09663497346430 0.000000000000000

 spin=1 k-point=366/580 Cartesian=0.07789617997133459 0.04497338047529358 0.07196591694173664 (1335 plane wave)
 1 -1.698719957388233 0.003472222222222178
 2 -0.3319827667490727 0.003472222222222177
 3 7.579698571447783 0.000000000000000
 4 8.167897663522295 0.000000000000000
 5 9.375488846034063 0.000000000000000
 6 11.86230578422537 0.000000000000000
 7 12.19424119623455 0.000000000000000
 8 13.57368606488641 0.000000000000000
 9 13.70118742195509 0.000000000000000
 10 14.85051486022147 0.000000000000000
 11 17.81284335066849 0.000000000000000
 12 21.52162978170970 0.000000000000000

 spin=1 k-point=367/580 Cartesian=0.1038615732951112 0.05996450730039050 0.07196591694173664 (1345 plane wave)
 1 -0.7651155348732159 0.003472222222222178
 2 0.5959229278555086 0.003472222222216109
 3 5.666695678557911 1.888064319060160e-13
 4 6.988964800806303 0.000000000000000
 5 8.890332719055019 0.000000000000000
 6 11.52072556143132 0.000000000000000
 7 12.35620081286375 0.000000000000000
 8 12.90040149607387 0.000000000000000
 9 13.33567809752303 0.000000000000000
 10 14.09308850111171 0.000000000000000
 11 15.85670479978485 0.000000000000000
 12 19.47471108459142 0.000000000000000

 spin=1 k-point=368/580 Cartesian=0.1298269666188922 0.07495563412548999 0.07196591694173664 (1350 plane wave)
 1 0.4291005351532102 0.003472222222221034
 2 1.759886631118839 0.003472221533351205
 3 3.720666394524199 5.258825524545001e-05
 4 5.042171598021794 9.733993618061897e-11
 5 9.982894134173698 0.000000000000000
 6 11.11642612372125 0.000000000000000
 7 12.21076298336003 0.000000000000000
 8 12.49622706807853 0.000000000000000
 9 13.10116913874007 0.000000000000000
 10 13.69397035850869 0.000000000000000
 11 15.07555321880720 0.000000000000000
 12 17.59154618894228 0.000000000000000

 spin=1 k-point=369/580 Cartesian=0.1557923599426688 0.08994676095058692 0.07196591694173664 (1344 plane wave)
 1 1.838439149554077 0.003472220711143356
 2 1.847949986988341 0.003472220560370912
 3 3.354323226044756 0.001301645715783943
 4 3.389349556507731 0.001031248519759035
 5 10.98163525569536 0.000000000000000
 6 11.21170756106906 0.000000000000000
 7 11.35381523704090 0.000000000000000
 8 12.36147603023040 0.000000000000000
 9 12.55223452836756 0.000000000000000
 10 13.73766538162223 0.000000000000000
 11 15.93534768438458 0.000000000000000
 12 16.08495060218953 0.000000000000000

 spin=1 k-point=370/580 Cartesian=0.1298269666188922 0.07495563412548999 -0.07196591694173615 (1350 plane wave)
 1 0.4291005325362611 0.003472222222221034
 2 1.759886642673206 0.003472221533351126
 3 3.720666362514154 5.258827182402982e-05
 4 5.042171627248365 9.733990773149142e-11
 5 9.982894145166190 0.000000000000000
 6 11.11642612368799 0.000000000000000
 7 12.21076273158457 0.000000000000000
 8 12.49622706817381 0.000000000000000
 9 13.10116940582003 0.000000000000000
 10 13.69397051460364 0.000000000000000
 11 15.07555296930986 0.000000000000000
 12 17.59154625602941 0.000000000000000

 spin=1 k-point=371/580 Cartesian=-0.1038615732951104 -0.05996450730039005 0.07196591694173664 (1345 plane wave)
 1 -0.7651155355731680 0.003472222222222178
 2 0.5959229298384555 0.003472222222216109
 3 5.666695643243349 1.888064985822089e-13
 4 6.988964868352819 0.000000000000000
 5 8.890332686804918 0.000000000000000
 6 11.52072556130556 0.000000000000000
 7 12.35620070965965 0.000000000000000
 8 12.90040149628642 0.000000000000000
 9 13.33567811436077 0.000000000000000
 10 14.09308872027530 0.000000000000000
 11 15.85670462432672 0.000000000000000
 12 19.47471113862886 0.000000000000000

 spin=1 k-point=372/580 Cartesian=-0.07789617997133380 -0.04497338047529312 0.07196591694173664 (1335 plane wave)
 1 -1.698719957588542 0.003472222222222178
 2 -0.3319827662677555 0.003472222222222177
 3 7.579698453640217 0.000000000000000
 4 8.167897865621882 0.000000000000000
 5 9.375488752655560 0.000000000000000
 6 11.86230578538760 0.000000000000000
 7 12.19424119604830 0.000000000000000
 8 13.57368606528035 0.000000000000000
 9 13.70118737357249 0.000000000000000
 10 14.85051495606629 0.000000000000000
 11 17.81284328154577 0.000000000000000
 12 21.52162980942775 0.000000000000000

 spin=1 k-point=373/580 Cartesian=-0.05193078664755722 -0.02998225365019619 0.07196591694173664 (1332 plane wave)
 1 -2.366883123280279 0.003472222222222178
 2 -0.9979714668669831 0.003472222222222178
 3 7.182197693092196 0.000000000000000
 4 10.38884374644305 0.000000000000000
 5 11.29738554833282 0.000000000000000
 6 11.90153684250762 0.000000000000000
 7 13.13606391649913 0.000000000000000
 8 14.51512994962876 0.000000000000000
 9 14.53452698675459 0.000000000000000
 10 15.74381608226789 0.000000000000000
 11 19.62415085132067 0.000000000000000
 12 20.09663498841826 0.000000000000000

 spin=1 k-point=374/580 Cartesian=-0.02596539332377619 -0.01499112682509670 0.07196591694173664 (1336 plane wave)
 1 -2.768148231479019 0.003472222222222178
 2 -1.398282821169175 0.003472222222222178
 3 6.808808409742700 0.000000000000000
 4 10.83691048442621 0.000000000000000
 5 13.25811245300584 0.000000000000000
 6 14.34185613666484 0.000000000000000
 7 14.51810653586741 0.000000000000000
 8 15.59456780053610 0.000000000000000
 9 15.72033512949535 0.000000000000000
 10 16.74041975770833 0.000000000000000
 11 17.61232173761080 0.000000000000000
 12 18.98383172941428 0.000000000000000

 spin=1 k-point=375/580 Cartesian=0.000000000000000 0.02998225365019432 0.07196591694173664 (1336 plane wave)
 1 -2.768148231471847 0.003472222222222178
 2 -1.398282821201779 0.003472222222222178
 3 6.808808409757836 0.000000000000000
 4 10.83691048509490 0.000000000000000
 5 13.25811244814260 0.000000000000000
 6 14.34185614400720 0.000000000000000
 7 14.51810653434944 0.000000000000000
 8 15.59456779466268 0.000000000000000
 9 15.72033513669596 0.000000000000000
 10 16.74041975715437 0.000000000000000
 11 17.61232173366702 0.000000000000000
 12 18.98383172570160 0.000000000000000

 spin=1 k-point=376/580 Cartesian=0.02596539332377698 0.04497338047529147 0.07196591694173664 (1331 plane wave)
 1 -2.500609770306595 0.003472222222222178
 2 -1.131355695323478 0.003472222222222178
 3 7.060179428965759 0.000000000000000
 4 10.96688516794755 0.000000000000000
 5 11.89953749231956 0.000000000000000
 6 12.05473300985481 0.000000000000000
 7 13.36734635066121 0.000000000000000
 8 13.40236693490503 0.000000000000000
 9 16.67084956098129 0.000000000000000
 10 17.00114360059383 0.000000000000000
 11 18.17902013985344 0.000000000000000
 12 18.37249580280474 0.000000000000000

 spin=1 k-point=377/580 Cartesian=0.05193078664755799 0.05996450730039096 0.07196591694173664 (1335 plane wave)
 1 -1.965867631090301 0.003472222222222178
 2 -0.5981224890564860 0.003472222222222178
 3 7.531987107070489 0.000000000000000
 4 9.284357404308450 0.000000000000000
 5 10.49255826775979 0.000000000000000
 6 10.90357979757506 0.000000000000000
 7 11.84025086611488 0.000000000000000
 8 12.41663741994790 0.000000000000000
 9 15.87179985927196 0.000000000000000
 10 17.09982012294157 0.000000000000000
 11 18.90002875422127 0.000000000000000
 12 19.11821920120527 0.000000000000000

 spin=1 k-point=378/580 Cartesian=0.07789617997133459 0.07495563412548789 0.07196591694173664 (1340 plane wave)
 1 -1.164828969080335 0.003472222222222178
 2 0.1994248369595389 0.003472222222222063
 3 6.825267087740053 0.000000000000000
 4 7.998845277807170 0.000000000000000
 5 8.639455648514836 0.000000000000000
 6 10.13180690040313 0.000000000000000
 7 11.44710791708486 0.000000000000000
 8 12.60826357424758 0.000000000000000
 9 15.06185980437134 0.000000000000000
 10 16.11862458149537 0.000000000000000
 11 17.07778468813314 0.000000000000000
 12 19.62336748729165 0.000000000000000

 spin=1 k-point=379/580 Cartesian=0.1038615732951112 0.08994676095058482 0.07196591694173664 (1343 plane wave)
 1 -0.1000107602203305 0.003472222222222173
 2 1.252865575221451 0.003472222217895317
 3 4.752796326619583 1.758053119065207e-09
 4 6.084913828294638 2.882159381887575e-15
 5 9.213026596417293 0.000000000000000
 6 9.806584072456447 0.000000000000000
 7 10.97916377651976 0.000000000000000
 8 13.41994343087969 0.000000000000000
 9 14.11030015549743 0.000000000000000
 10 15.02867383872221 0.000000000000000
 11 16.16243246166014 0.000000000000000
 12 18.45869895272709 0.000000000000000

 spin=1 k-point=380/580 Cartesian=0.1298269666188922 0.1049378877756843 0.07196591694173664 (1337 plane wave)
 1 1.217212107553868 0.003472222219192951
 2 2.376638522555273 0.003471893660503383
 3 3.102874034578334 0.003059462586425560
 4 4.257665315914961 2.485010994506883e-07
 5 9.206278411993853 0.000000000000000
 6 10.38619948090037 0.000000000000000
 7 11.12530410616806 0.000000000000000
 8 12.46091220409146 0.000000000000000
 9 14.08417254858631 0.000000000000000
 10 15.08384125659249 0.000000000000000
 11 15.96424334087334 0.000000000000000
 12 16.87416615150310 0.000000000000000

 spin=1 k-point=381/580 Cartesian=0.1557923599426688 0.1199290146007812 0.07196591694173664 (1337 plane wave)
 1 1.217212102006708 0.003472222219192951
 2 2.376638564702796 0.003471893660364916
 3 3.102873972922735 0.003059462810662614
 4 4.257665343574662 2.485010307209387e-07
 5 9.206278440662304 0.000000000000000
 6 10.38619934340197 0.000000000000000
 7 11.12530423905846 0.000000000000000
 8 12.46091217565416 0.000000000000000
 9 14.08417251812892 0.000000000000000
 10 15.08384143373025 0.000000000000000
 11 15.96424307628499 0.000000000000000
 12 16.87416627626226 0.000000000000000

 spin=1 k-point=382/580 Cartesian=-0.1298269666188914 -0.04497338047529522 0.07196591694173664 (1343 plane wave)
 1 -0.1000107613813526 0.003472222222222173
 2 1.252865579467694 0.003472222217895317
 3 4.752796297830623 1.758053625190352e-09
 4 6.084913866786253 2.882158272497812e-15
 5 9.213026716392960 0.000000000000000
 6 9.806583825119510 0.000000000000000
 7 10.97916390509271 0.000000000000000
 8 13.41994346227887 0.000000000000000
 9 14.11029998810606 0.000000000000000
 10 15.02867412119894 0.000000000000000
 11 16.16243224295602 0.000000000000000
 12 18.45869902927414 0.000000000000000

 spin=1 k-point=383/580 Cartesian=-0.1038615732951104 -0.02998225365019573 0.07196591694173664 (1340 plane wave)
 1 -1.164828969351288 0.003472222222222178
 2 0.1994248378807422 0.003472222222222063
 3 6.825267026746347 0.000000000000000
 4 7.998845471977535 0.000000000000000
 5 8.639455547737777 0.000000000000000
 6 10.13180678300266 0.000000000000000
 7 11.44710802824001 0.000000000000000
 8 12.60826355785523 0.000000000000000
 9 15.06185970142269 0.000000000000000
 10 16.11862483398354 0.000000000000000
 11 17.07778448999657 0.000000000000000
 12 19.62336752875099 0.000000000000000

 spin=1 k-point=384/580 Cartesian=-0.07789617997133380 -0.01499112682509881 0.07196591694173664 (1335 plane wave)
 1 -1.965867631125485 0.003472222222222178
 2 -0.5981224888438509 0.003472222222222178
 3 7.531987094810878 0.000000000000000
 4 9.284357457486461 0.000000000000000
 5 10.49255829532599 0.000000000000000
 6 10.90357963141930 0.000000000000000
 7 11.84025101112352 0.000000000000000
 8 12.41663737682953 0.000000000000000
 9 15.87179980972909 0.000000000000000
 10 17.09982019239877 0.000000000000000
 11 18.90002894391302 0.000000000000000
 12 19.11821901271919 0.000000000000000

 spin=1 k-point=385/580 Cartesian=-0.05193078664755722 0.000000000000000 0.07196591694173664 (1331 plane wave)
 1 -2.500609770289490 0.003472222222222178
 2 -1.131355695289539 0.003472222222222178
 3 7.060179429181860 0.000000000000000
 4 10.96688516327462 0.000000000000000
 5 11.89953750662863 0.000000000000000
 6 12.05473300150803 0.000000000000000
 7 13.36734636394406 0.000000000000000
 8 13.40236691863800 0.000000000000000
 9 16.67084955857645 0.000000000000000
 10 17.00114360823278 0.000000000000000
 11 18.17902013387282 0.000000000000000
 12 18.37249580380993 0.000000000000000

 spin=1 k-point=386/580 Cartesian=-0.02596539332377619 0.01499112682509761 0.07196591694173664 (1336 plane wave)
 1 -2.768148231461472 0.003472222222222178
 2 -1.398282821201253 0.003472222222222178
 3 6.808808410004114 0.000000000000000
 4 10.83691048361248 0.000000000000000
 5 13.25811245747367 0.000000000000000
 6 14.34185613163678 0.000000000000000
 7 14.51810650613238 0.000000000000000
 8 15.59456786118732 0.000000000000000
 9 15.72033512293977 0.000000000000000
 10 16.74041976650970 0.000000000000000
 11 17.61232172592091 0.000000000000000
 12 18.98383172035211 0.000000000000000

 spin=1 k-point=387/580 Cartesian=0.000000000000000 0.05996450730039328 0.07196591694173664 (1332 plane wave)
 1 -2.366883123277650 0.003472222222222178
 2 -0.9979714669587089 0.003472222222222178
 3 7.182197693136542 0.000000000000000
 4 10.38884375145867 0.000000000000000
 5 11.29738553705616 0.000000000000000
 6 11.90153684572784 0.000000000000000
 7 13.13606392106267 0.000000000000000
 8 14.51512995419064 0.000000000000000
 9 14.53452698297729 0.000000000000000
 10 15.74381608201183 0.000000000000000
 11 19.62415085015772 0.000000000000000
 12 20.09663498276661 0.000000000000000

 spin=1 k-point=388/580 Cartesian=0.02596539332377698 0.07495563412549043 0.07196591694173664 (1335 plane wave)
 1 -1.965867631160257 0.003472222222222178
 2 -0.5981224889704156 0.003472222222222178
 3 7.531987094602242 0.000000000000000
 4 9.284357460403077 0.000000000000000
 5 10.49255829605124 0.000000000000000
 6 10.90357962292822 0.000000000000000
 7 11.84025101768375 0.000000000000000
 8 12.41663737599046 0.000000000000000
 9 15.87179981020648 0.000000000000000
 10 17.09982019654110 0.000000000000000
 11 18.90002894034000 0.000000000000000
 12 19.11821900932592 0.000000000000000

 spin=1 k-point=389/580 Cartesian=0.05193078664755799 0.08994676095058993 0.07196591694173664 (1337 plane wave)
 1 -1.298157214505691 0.003472222222222178
 2 0.06698571088553362 0.003472222222222147
 3 7.895496976846277 0.000000000000000
 4 8.275913071999854 0.000000000000000
 5 8.551278581799004 0.000000000000000
 6 9.709331474922925 0.000000000000000
 7 10.04026208217658 0.000000000000000
 8 12.50274514487408 0.000000000000000
 9 17.59742948258927 0.000000000000000
 10 17.86759623955717 0.000000000000000
 11 18.02760929672279 0.000000000000000
 12 18.33487026986166 0.000000000000000

 spin=1 k-point=390/580 Cartesian=0.07789617997133459 0.1049378877756869 0.07196591694173664 (1344 plane wave)
 1 -0.3652686857394994 0.003472222222222177
 2 0.9933967917228604 0.003472222221899096
 3 6.052867480934656 3.970942017999865e-15
 4 7.256195761362350 0.000000000000000
 5 7.753598268042917 0.000000000000000
 6 8.848314136586968 0.000000000000000
 7 9.701543129007664 0.000000000000000
 8 13.32919846468009 0.000000000000000
 9 15.74186273934534 0.000000000000000
 10 17.24339944239082 0.000000000000000
 11 17.49248210413562 0.000000000000000
 12 18.87716688198670 0.000000000000000

 spin=1 k-point=391/580 Cartesian=0.1038615732951112 0.1199290146007838 0.07196591694173664 (1350 plane wave)
 1 0.8279009272923753 0.003472222222160438
 2 2.155286431283159 0.003472186302463279
 3 4.111361634959922 1.073035607095952e-06
 4 5.412297725663341 2.403550917775708e-12
 5 7.307024470153980 0.000000000000000
 6 8.604805039124086 0.000000000000000
 7 10.62398097004082 0.000000000000000
 8 13.54283365282912 0.000000000000000
 9 14.72356298742931 0.000000000000000
 10 16.70954756352673 0.000000000000000
 11 17.11074250163450 0.000000000000000
 12 18.01849476860430 0.000000000000000

 spin=1 k-point=392/580 Cartesian=0.1298269666188922 0.1349201414258833 0.07196591694173664 (1349 plane wave)
 1 2.231473236872440 0.003472145273138119
 2 2.250842904155526 0.003472128827396796
 3 3.727927330764813 4.895711532305627e-05
 4 3.786658947019770 2.738268639442828e-05
 5 7.172055292656362 0.000000000000000
 6 8.492291269264324 0.000000000000000
 7 11.97159354781923 0.000000000000000
 8 12.02690326736240 0.000000000000000
 9 15.78571540298877 0.000000000000000
 10 15.89357554439847 0.000000000000000
 11 16.99245020371825 0.000000000000000
 12 17.35537151773229 0.000000000000000

 spin=1 k-point=393/580 Cartesian=0.1557923599426688 0.1499112682509802 0.07196591694173664 (1350 plane wave)
 1 0.8279009253598864 0.003472222222160438
 2 2.155286441519384 0.003472186302459602
 3 4.111361602408414 1.073035956277425e-06
 4 5.412297758170284 2.403550136454689e-12
 5 7.307024486035105 0.000000000000000
 6 8.604804992506880 0.000000000000000
 7 10.62398099701263 0.000000000000000
 8 13.54283367873174 0.000000000000000
 9 14.72356292614846 0.000000000000000
 10 16.70954750408063 0.000000000000000
 11 17.11074272797203 0.000000000000000
 12 18.01849455471796 0.000000000000000

 spin=1 k-point=394/580 Cartesian=-0.1298269666188914 -0.01499112682509625 0.07196591694173664 (1344 plane wave)
 1 -0.3652686860180664 0.003472222222222177
 2 0.9933967931284504 0.003472222221899096
 3 6.052867445621480 3.970943420266196e-15
 4 7.256195813059533 0.000000000000000
 5 7.753598347690712 0.000000000000000
 6 8.848313928350660 0.000000000000000
 7 9.701543243595864 0.000000000000000
 8 13.32919847111056 0.000000000000000
 9 15.74186269071166 0.000000000000000
 10 17.24339938302576 0.000000000000000
 11 17.49248227746237 0.000000000000000
 12 18.87716677337621 0.000000000000000

 spin=1 k-point=395/580 Cartesian=-0.1038615732951104 0.000000000000000 0.07196591694173664 (1337 plane wave)
 1 -1.298157214443620 0.003472222222222178
 2 0.06698571107862240 0.003472222222222147
 3 7.895496979350263 0.000000000000000
 4 8.275913057248513 0.000000000000000
 5 8.551278592146897 0.000000000000000
 6 9.709331490327006 0.000000000000000
 7 10.04026206786594 0.000000000000000
 8 12.50274514418098 0.000000000000000
 9 17.59742948886395 0.000000000000000
 10 17.86759623619465 0.000000000000000
 11 18.02760929585056 0.000000000000000
 12 18.33487026642764 0.000000000000000

 spin=1 k-point=396/580 Cartesian=-0.07789617997133380 0.01499112682510016 0.07196591694173664 (1335 plane wave)
 1 -1.965867631054447 0.003472222222222178
 2 -0.5981224890083362 0.003472222222222178
 3 7.531987107338028 0.000000000000000
 4 9.284357404148924 0.000000000000000
 5 10.49255826850185 0.000000000000000
 6 10.90357979648401 0.000000000000000
 7 11.84025086706245 0.000000000000000
 8 12.41663741614349 0.000000000000000
 9 15.87179986460256 0.000000000000000
 10 17.09982012537944 0.000000000000000
 11 18.90002875543963 0.000000000000000
 12 19.11821919302950 0.000000000000000

 spin=1 k-point=397/580 Cartesian=-0.05193078664755722 0.02998225365019709 0.07196591694173664 (1332 plane wave)
 1 -2.366883123212824 0.003472222222222178
 2 -0.9979714670054872 0.003472222222222178
 3 7.182197696555980 0.000000000000000
 4 10.38884370003918 0.000000000000000
 5 11.29738564965373 0.000000000000000
 6 11.90153677455267 0.000000000000000
 7 13.13606390966955 0.000000000000000
 8 14.51512994205829 0.000000000000000
 9 14.53452705172293 0.000000000000000
 10 15.74381604011909 0.000000000000000
 11 19.62415084090940 0.000000000000000
 12 20.09663497037944 0.000000000000000

 spin=1 k-point=398/580 Cartesian=-0.02596539332377619 0.04497338047529658 0.07196591694173664 (1331 plane wave)
 1 -2.500609770295756 0.003472222222222178
 2 -1.131355695339247 0.003472222222222178
 3 7.060179429150497 0.000000000000000
 4 10.96688517021940 0.000000000000000
 5 11.89953746371890 0.000000000000000
 6 12.05473303541380 0.000000000000000
 7 13.36734632437179 0.000000000000000
 8 13.40236696247536 0.000000000000000
 9 16.67084955331278 0.000000000000000
 10 17.00114361380181 0.000000000000000
 11 18.17902012745152 0.000000000000000
 12 18.37249580832278 0.000000000000000

 spin=1 k-point=399/580 Cartesian=0.000000000000000 0.08994676095058715 0.07196591694173664 (1335 plane wave)
 1 -1.698719957600868 0.003472222222222178
 2 -0.3319827664776657 0.003472222222222177
 3 7.579698453933387 0.000000000000000
 4 8.167897867453020 0.000000000000000
 5 9.375488749893945 0.000000000000000
 6 11.86230578269406 0.000000000000000
 7 12.19424119972047 0.000000000000000
 8 13.57368606895632 0.000000000000000
 9 13.70118737165241 0.000000000000000
 10 14.85051495641460 0.000000000000000
 11 17.81284328098183 0.000000000000000
 12 21.52162979975437 0.000000000000000

 spin=1 k-point=400/580 Cartesian=0.02596539332377698 0.1049378877756843 0.07196591694173664 (1340 plane wave)
 1 -1.164828969414761 0.003472222222222178
 2 0.1994248375616204 0.003472222222222063
 3 6.825267028132396 0.000000000000000
 4 7.998845472791153 0.000000000000000
 5 8.639455546501114 0.000000000000000
 6 10.13180677980397 0.000000000000000
 7 11.44710803259806 0.000000000000000
 8 12.60826355598360 0.000000000000000
 9 15.06185970047785 0.000000000000000
 10 16.11862484025430 0.000000000000000
 11 17.07778449044234 0.000000000000000
 12 19.62336752695256 0.000000000000000

 spin=1 k-point=401/580 Cartesian=0.05193078664755799 0.1199290146007838 0.07196591694173664 (1344 plane wave)
 1 -0.3652686861129462 0.003472222222222177
 2 0.9933967926035694 0.003472222221899096
 3 6.052867447388753 3.970943350088774e-15
 4 7.256195813674606 0.000000000000000
 5 7.753598350767881 0.000000000000000
 6 8.848313915684479 0.000000000000000
 7 9.701543251849396 0.000000000000000
 8 13.32919847110691 0.000000000000000
 9 15.74186269062149 0.000000000000000
 10 17.24339938706124 0.000000000000000
 11 17.49248228156057 0.000000000000000
 12 18.87716676996975 0.000000000000000

 spin=1 k-point=402/580 Cartesian=0.07789617997133459 0.1349201414258807 0.07196591694173664 (1349 plane wave)
 1 0.6971100085842318 0.003472222222205484
 2 2.039607414452649 0.003472210925595342
 3 5.477759974394920 1.248976662001631e-12
 4 5.528964425421591 7.484730433945384e-13
 5 6.922874112502118 0.000000000000000
 6 6.997299266621408 0.000000000000000
 7 10.47958212544768 0.000000000000000
 8 14.12531172032107 0.000000000000000
 9 15.22715110855840 0.000000000000000
 10 15.54940494581528 0.000000000000000
 11 18.95814605752604 0.000000000000000
 12 19.39280593465924 0.000000000000000

 spin=1 k-point=403/580 Cartesian=0.1038615732951112 0.1499112682509777 0.07196591694173664 (1351 plane wave)
 1 2.010334270427712 0.003472213792418488
 2 3.157826243767972 0.002814419856847442
 3 3.861326089642608 1.303185260575061e-05
 4 4.871746461492706 5.351039384424432e-10
 5 5.530047968123855 7.404067959170561e-13
 6 6.683760115807423 0.000000000000000
 7 11.74934554368271 0.000000000000000
 8 13.26952671430916 0.000000000000000
 9 14.74782572910073 0.000000000000000
 10 16.09202356383185 0.000000000000000
 11 17.52042895559209 0.000000000000000
 12 18.97323959153323 0.000000000000000

 spin=1 k-point=404/580 Cartesian=0.1298269666188922 0.1649023950760772 0.07196591694173664 (1351 plane wave)
 1 2.010334267174114 0.003472213792418762
 2 3.157826278310236 0.002814419672673677
 3 3.861326025392288 1.303186094733684e-05
 4 4.871746515484202 5.351036495318726e-10
 5 5.530047950880579 7.404069235874884e-13
 6 6.683760110955734 0.000000000000000
 7 11.74934554532457 0.000000000000000
 8 13.26952672181160 0.000000000000000
 9 14.74782570612255 0.000000000000000
 10 16.09202358278487 0.000000000000000
 11 17.52042895490079 0.000000000000000
 12 18.97323958744131 0.000000000000000

 spin=1 k-point=405/580 Cartesian=0.1557923599426688 0.1798935219011741 0.07196591694173664 (1349 plane wave)
 1 0.6971100086417590 0.003472222222205484
 2 2.039607415441742 0.003472210925595230
 3 5.477759960964113 1.248976829749319e-12
 4 5.528964435902981 7.484729649441454e-13
 5 6.922874100655955 0.000000000000000
 6 6.997299280803604 0.000000000000000
 7 10.47958212498697 0.000000000000000
 8 14.12531171980143 0.000000000000000
 9 15.22715109567282 0.000000000000000
 10 15.54940495840051 0.000000000000000
 11 18.95814607031731 0.000000000000000
 12 19.39280591889417 0.000000000000000

 spin=1 k-point=406/580 Cartesian=-0.1298269666188914 0.01499112682509762 0.07196591694173664 (1344 plane wave)
 1 -0.3652686856827154 0.003472222222222177
 2 0.9933967920489549 0.003472222221899096
 3 6.052867479574270 3.970942072020002e-15
 4 7.256195763321606 0.000000000000000
 5 7.753598266568504 0.000000000000000
 6 8.848314138426334 0.000000000000000
 7 9.701543127164024 0.000000000000000
 8 13.32919846238846 0.000000000000000
 9 15.74186274080779 0.000000000000000
 10 17.24339943937532 0.000000000000000
 11 17.49248211246621 0.000000000000000
 12 18.87716688224229 0.000000000000000

 spin=1 k-point=407/580 Cartesian=-0.1038615732951104 0.02998225365019710 0.07196591694173664 (1340 plane wave)
 1 -1.164828969044396 0.003472222222222178
 2 0.1994248370494399 0.003472222222222063
 3 6.825267086003672 0.000000000000000
 4 7.998845285566015 0.000000000000000
 5 8.639455643381233 0.000000000000000
 6 10.13180689774180 0.000000000000000
 7 11.44710791792805 0.000000000000000
 8 12.60826356994490 0.000000000000000
 9 15.06185981030283 0.000000000000000
 10 16.11862458245503 0.000000000000000
 11 17.07778469027673 0.000000000000000
 12 19.62336748772625 0.000000000000000

 spin=1 k-point=408/580 Cartesian=-0.07789617997133380 0.04497338047529403 0.07196591694173664 (1335 plane wave)
 1 -1.698719957371436 0.003472222222222178
 2 -0.3319827667845038 0.003472222222222177
 3 7.579698568381794 0.000000000000000
 4 8.167897670763086 0.000000000000000
 5 9.375488843192407 0.000000000000000
 6 11.86230578136463 0.000000000000000
 7 12.19424118855923 0.000000000000000
 8 13.57368605734050 0.000000000000000
 9 13.70118743516818 0.000000000000000
 10 14.85051486662980 0.000000000000000
 11 17.81284335288616 0.000000000000000
 12 21.52162978201363 0.000000000000000

 spin=1 k-point=409/580 Cartesian=-0.05193078664755722 0.05996450730039096 0.07196591694173664 (1335 plane wave)
 1 -1.965867631072924 0.003472222222222178
 2 -0.5981224890815185 0.003472222222222178
 3 7.531987106978981 0.000000000000000
 4 9.284357408103888 0.000000000000000
 5 10.49255826546378 0.000000000000000
 6 10.90357979027369 0.000000000000000
 7 11.84025087437957 0.000000000000000
 8 12.41663741542114 0.000000000000000
 9 15.87179986252815 0.000000000000000
 10 17.09982012613566 0.000000000000000
 11 18.90002875375399 0.000000000000000
 12 19.11821919515304 0.000000000000000

 spin=1 k-point=410/580 Cartesian=-0.02596539332377619 0.07495563412549044 0.07196591694173664 (1335 plane wave)
 1 -1.965867631149490 0.003472222222222178
 2 -0.5981224889809834 0.003472222222222178
 3 7.531987094526267 0.000000000000000
 4 9.284357462111451 0.000000000000000
 5 10.49255829794319 0.000000000000000
 6 10.90357961198714 0.000000000000000
 7 11.84025102731074 0.000000000000000
 8 12.41663737504471 0.000000000000000
 9 15.87179980937183 0.000000000000000
 10 17.09982019184100 0.000000000000000
 11 18.90002893716752 0.000000000000000
 12 19.11821901635313 0.000000000000000

 spin=1 k-point=411/580 Cartesian=0.000000000000000 0.1199290146007810 0.07196591694173664 (1345 plane wave)
 1 -0.7651155356080011 0.003472222222222178
 2 0.5959229293307221 0.003472222222216109
 3 5.666695644684839 1.888064958605832e-13
 4 6.988964867833262 0.000000000000000
 5 8.890332686076519 0.000000000000000
 6 11.52072556458745 0.000000000000000
 7 12.35620070178569 0.000000000000000
 8 12.90040149962390 0.000000000000000
 9 13.33567811664412 0.000000000000000
 10 14.09308872207514 0.000000000000000
 11 15.85670462523595 0.000000000000000
 12 19.47471113450508 0.000000000000000

 spin=1 k-point=412/580 Cartesian=0.02596539332377698 0.1349201414258782 0.07196591694173664 (1343 plane wave)
 1 -0.1000107614757188 0.003472222222222173
 2 1.252865578564853 0.003472222217895317
 3 4.752796299839567 1.758053589872058e-09
 4 6.084913866274449 2.882158287248822e-15
 5 9.213026721008013 0.000000000000000
 6 9.806583815042719 0.000000000000000
 7 10.97916391154194 0.000000000000000
 8 13.41994345902995 0.000000000000000
 9 14.11029998411523 0.000000000000000
 10 15.02867413188311 0.000000000000000
 11 16.16243224441650 0.000000000000000
 12 18.45869902739113 0.000000000000000

 spin=1 k-point=413/580 Cartesian=0.05193078664755799 0.1499112682509776 0.07196591694173664 (1350 plane wave)
 1 0.8279009252657800 0.003472222222160438
 2 2.155286439490227 0.003472186302460331
 3 4.111361605789375 1.073035920009713e-06
 4 5.412297757702832 2.403550147690172e-12
 5 7.307024487705937 0.000000000000000
 6 8.604804988014607 0.000000000000000
 7 10.62398099934693 0.000000000000000
 8 13.54283367713514 0.000000000000000
 9 14.72356292914492 0.000000000000000
 10 16.70954750171548 0.000000000000000
 11 17.11074273600402 0.000000000000000
 12 18.01849455720886 0.000000000000000

 spin=1 k-point=414/580 Cartesian=0.07789617997133459 0.1649023950760746 0.07196591694173664 (1351 plane wave)
 1 2.010334267448089 0.003472213792418739
 2 3.157826269944097 0.002814419717280582
 3 3.861326037150512 1.303185942077232e-05
 4 4.871746511459476 5.351036710683319e-10
 5 5.530047953349130 7.404069053101617e-13
 6 6.683760108604014 0.000000000000000
 7 11.74934554563607 0.000000000000000
 8 13.26952671859926 0.000000000000000
 9 14.74782571828183 0.000000000000000
 10 16.09202357113776 0.000000000000000
 11 17.52042895486136 0.000000000000000
 12 18.97323960005929 0.000000000000000

 spin=1 k-point=415/580 Cartesian=0.1038615732951112 0.1798935219011715 0.07196591694173664 (1359 plane wave)
 1 3.338564189828995 0.001432179783105751
 2 3.338564574122933 0.001432176549457895
 3 3.534209138406904 0.0003134716345499519
 4 4.903750540903876 3.885493447215281e-10
 5 5.109649610130679 4.957214464790048e-11
 6 5.109649982775417 4.957195992021411e-11
 7 13.10707978316077 0.000000000000000
 8 13.10707988550549 0.000000000000000
 9 13.28137460235475 0.000000000000000
 10 17.40323252606121 0.000000000000000
 11 17.42702663652651 0.000000000000000
 12 17.42702679383019 0.000000000000000

 spin=1 k-point=416/580 Cartesian=0.1298269666188922 0.1948846487262710 0.07196591694173664 (1351 plane wave)
 1 2.010334270210025 0.003472213792418506
 2 3.157826244984406 0.002814419850361610
 3 3.861326089956104 1.303185256504952e-05
 4 4.871746460465360 5.351039439398115e-10
 5 5.530047967100223 7.404068034961025e-13
 6 6.683760116206581 0.000000000000000
 7 11.74934554462818 0.000000000000000
 8 13.26952671173151 0.000000000000000
 9 14.74782573140314 0.000000000000000
 10 16.09202356252669 0.000000000000000
 11 17.52042895536961 0.000000000000000
 12 18.97323959591074 0.000000000000000

 spin=1 k-point=417/580 Cartesian=0.1557923599426688 0.2098757755513679 0.07196591694173664 (1350 plane wave)
 1 0.8279009272202865 0.003472222222160438
 2 2.155286431931354 0.003472186302463046
 3 4.111361634010309 1.073035617282496e-06
 4 5.412297727346775 2.403550877313485e-12
 5 7.307024468042996 0.000000000000000
 6 8.604805039012899 0.000000000000000
 7 10.62398097049647 0.000000000000000
 8 13.54283364911836 0.000000000000000
 9 14.72356298951344 0.000000000000000
 10 16.70954756318972 0.000000000000000
 11 17.11074251296639 0.000000000000000
 12 18.01849476070590 0.000000000000000

 spin=1 k-point=418/580 Cartesian=-0.1298269666188914 0.04497338047529147 0.07196591694173664 (1343 plane wave)
 1 -0.1000107602465897 0.003472222222222173
 2 1.252865575423766 0.003472222217895317
 3 4.752796325823279 1.758053133064635e-09
 4 6.084913830518007 2.882159317806531e-15
 5 9.213026594769314 0.000000000000000
 6 9.806584070478268 0.000000000000000
 7 10.97916377649304 0.000000000000000
 8 13.41994342354844 0.000000000000000
 9 14.11030015753001 0.000000000000000
 10 15.02867384774453 0.000000000000000
 11 16.16243246475374 0.000000000000000
 12 18.45869895439905 0.000000000000000

 spin=1 k-point=419/580 Cartesian=-0.1038615732951104 0.05996450730039096 0.07196591694173664 (1345 plane wave)
 1 -0.7651155348915961 0.003472222222222178
 2 0.5959229278451583 0.003472222222216109
 3 5.666695677744621 1.888064334415613e-13
 4 6.988964804370411 0.000000000000000
 5 8.890332717829395 0.000000000000000
 6 11.52072555350469 0.000000000000000
 7 12.35620080999932 0.000000000000000
 8 12.90040148825959 0.000000000000000
 9 13.33567810991334 0.000000000000000
 10 14.09308850430935 0.000000000000000
 11 15.85670480651066 0.000000000000000
 12 19.47471108497236 0.000000000000000

 spin=1 k-point=420/580 Cartesian=-0.07789617997133380 0.07495563412548789 0.07196591694173664 (1340 plane wave)
 1 -1.164828969073169 0.003472222222222178
 2 0.1994248369423490 0.003472222222222063
 3 6.825267085861425 0.000000000000000
 4 7.998845287718925 0.000000000000000
 5 8.639455642224059 0.000000000000000
 6 10.13180689656504 0.000000000000000
 7 11.44710791779752 0.000000000000000
 8 12.60826357096962 0.000000000000000
 9 15.06185980804932 0.000000000000000
 10 16.11862458168049 0.000000000000000
 11 17.07778469458786 0.000000000000000
 12 19.62336748679812 0.000000000000000

 spin=1 k-point=421/580 Cartesian=-0.05193078664755722 0.08994676095058482 0.07196591694173664 (1337 plane wave)
 1 -1.298157214490942 0.003472222222222178
 2 0.06698571087390853 0.003472222222222147
 3 7.895496963752517 0.000000000000000
 4 8.275913100336913 0.000000000000000
 5 8.551278573159738 0.000000000000000
 6 9.709331447367125 0.000000000000000
 7 10.04026210316397 0.000000000000000
 8 12.50274514421413 0.000000000000000
 9 17.59742946247484 0.000000000000000
 10 17.86759626259405 0.000000000000000
 11 18.02760928388486 0.000000000000000
 12 18.33487029122510 0.000000000000000

 spin=1 k-point=422/580 Cartesian=-0.02596539332377619 0.1049378877756843 0.07196591694173664 (1340 plane wave)
 1 -1.164828969403257 0.003472222222222178
 2 0.1994248375579346 0.003472222222222063
 3 6.825267027592888 0.000000000000000
 4 7.998845474474243 0.000000000000000
 5 8.639455546066751 0.000000000000000
 6 10.13180677684425 0.000000000000000
 7 11.44710803521201 0.000000000000000
 8 12.60826355707635 0.000000000000000
 9 15.06185970060010 0.000000000000000
 10 16.11862483329866 0.000000000000000
 11 17.07778449479083 0.000000000000000
 12 19.62336752495994 0.000000000000000

 spin=1 k-point=423/580 Cartesian=0.000000000000000 0.1499112682509800 0.07196591694173664 (1350 plane wave)
 1 0.4291005324968120 0.003472222222221034
 2 1.759886640742246 0.003472221533351139
 3 3.720666365551147 5.258827025111619e-05
 4 5.042171626388145 9.733990856882907e-11
 5 9.982894145222499 0.000000000000000
 6 11.11642612670133 0.000000000000000
 7 12.21076272005034 0.000000000000000
 8 12.49622707132081 0.000000000000000
 9 13.10116940796529 0.000000000000000
 10 13.69397052010744 0.000000000000000
 11 15.07555297151314 0.000000000000000
 12 17.59154625230614 0.000000000000000

 spin=1 k-point=424/580 Cartesian=0.02596539332377698 0.1649023950760771 0.07196591694173664 (1337 plane wave)
 1 1.217212102011040 0.003472222219192951
 2 2.376638558046662 0.003471893660386784
 3 3.102873981139446 0.003059462780779023
 4 4.257665342359816 2.485010337396270e-07
 5 9.206278444290405 0.000000000000000
 6 10.38619932878472 0.000000000000000
 7 11.12530425214227 0.000000000000000
 8 12.46091217462649 0.000000000000000
 9 14.08417250677766 0.000000000000000
 10 15.08384145281105 0.000000000000000
 11 15.96424307559943 0.000000000000000
 12 16.87416627257098 0.000000000000000

 spin=1 k-point=425/580 Cartesian=0.05193078664755799 0.1798935219011766 0.07196591694173664 (1349 plane wave)
 1 2.231473275260849 0.003472145273108581
 2 2.250842861850968 0.003472128827436304
 3 3.727927372954003 4.895709495966800e-05
 4 3.786658909111542 2.738269669286277e-05
 5 7.172055294338899 0.000000000000000
 6 8.492291266182884 0.000000000000000
 7 11.97159358849693 0.000000000000000
 8 12.02690322700811 0.000000000000000
 9 15.78571544077227 0.000000000000000
 10 15.89357550470245 0.000000000000000
 11 16.99245021688101 0.000000000000000
 12 17.35537151668342 0.000000000000000

 spin=1 k-point=426/580 Cartesian=0.07789617997133459 0.1948846487262736 0.07196591694173664 (1351 plane wave)
 1 2.010334269824452 0.003472213792418538
 2 3.157826241671058 0.002814419868027846
 3 3.861326095950159 1.303185178684477e-05
 4 4.871746453326265 5.351039821413945e-10
 5 5.530047974968650 7.404067452377229e-13
 6 6.683760113162565 0.000000000000000
 7 11.74934554558319 0.000000000000000
 8 13.26952670747282 0.000000000000000
 9 14.74782574318722 0.000000000000000
 10 16.09202355234667 0.000000000000000
 11 17.52042895478420 0.000000000000000
 12 18.97323960583439 0.000000000000000

 spin=1 k-point=427/580 Cartesian=0.1038615732951112 0.2098757755513705 0.07196591694173664 (1351 plane wave)
 1 2.010334267159009 0.003472213792418763
 2 3.157826271342188 0.002814419709826183
 3 3.861326037734865 1.303185934490594e-05
 4 4.871746511862511 5.351036689116756e-10
 5 5.530047949185821 7.404069361355976e-13
 6 6.683760110254591 0.000000000000000
 7 11.74934554643673 0.000000000000000
 8 13.26952671780898 0.000000000000000
 9 14.74782571869629 0.000000000000000
 10 16.09202356950025 0.000000000000000
 11 17.52042895519182 0.000000000000000
 12 18.97323959808518 0.000000000000000

 spin=1 k-point=428/580 Cartesian=0.1298269666188922 0.2248669023764700 0.07196591694173664 (1349 plane wave)
 1 2.231473263438078 0.003472145273117678
 2 2.250842875331489 0.003472128827423715
 3 3.727927360617293 4.895710091420708e-05
 4 3.786658920863496 2.738269350023800e-05
 5 7.172055290536803 0.000000000000000
 6 8.492291268275032 0.000000000000000
 7 11.97159357711600 0.000000000000000
 8 12.02690323827106 0.000000000000000
 9 15.78571542725083 0.000000000000000
 10 15.89357552016921 0.000000000000000
 11 16.99245020769376 0.000000000000000
 12 17.35537151699280 0.000000000000000

 spin=1 k-point=429/580 Cartesian=0.1557923599426688 0.2398580292015669 0.07196591694173664 (1337 plane wave)
 1 1.217212107207659 0.003472222219192951
 2 2.376638522946061 0.003471893660502100
 3 3.102874034213909 0.003059462587750951
 4 4.257665317404121 2.485010957503722e-07
 5 9.206278409569739 0.000000000000000
 6 10.38619947664403 0.000000000000000
 7 11.12530410992410 0.000000000000000
 8 12.46091220268097 0.000000000000000
 9 14.08417254106732 0.000000000000000
 10 15.08384127226979 0.000000000000000
 11 15.96424334152944 0.000000000000000
 12 16.87416615072893 0.000000000000000

 spin=1 k-point=430/580 Cartesian=-0.1298269666188914 0.07495563412549044 0.07196591694173664 (1350 plane wave)
 1 0.4291005349791421 0.003472222222221034
 2 1.759886631251319 0.003472221533351205
 3 3.720666394089279 5.258825547070265e-05
 4 5.042171599827842 9.733993442261276e-11
 5 9.982894134900368 0.000000000000000
 6 11.11642611570787 0.000000000000000
 7 12.21076298577522 0.000000000000000
 8 12.49622706012237 0.000000000000000
 9 13.10116913363982 0.000000000000000
 10 13.69397037230715 0.000000000000000
 11 15.07555322734375 0.000000000000000
 12 17.59154618815762 0.000000000000000

 spin=1 k-point=431/580 Cartesian=-0.1038615732951104 0.08994676095058993 0.07196591694173664 (1343 plane wave)
 1 -0.1000107602801780 0.003472222222222173
 2 1.252865575258495 0.003472222217895317
 3 4.752796326135323 1.758053127578746e-09
 4 6.084913830409445 2.882159320935431e-15
 5 9.213026599031192 0.000000000000000
 6 9.806584065672537 0.000000000000000
 7 10.97916377665128 0.000000000000000
 8 13.41994342377192 0.000000000000000
 9 14.11030015498705 0.000000000000000
 10 15.02867384967301 0.000000000000000
 11 16.16243246680326 0.000000000000000
 12 18.45869895339665 0.000000000000000

 spin=1 k-point=432/580 Cartesian=-0.07789617997133380 0.1049378877756869 0.07196591694173664 (1344 plane wave)
 1 -0.3652686857454087 0.003472222222222177
 2 0.9933967917308422 0.003472222221899096
 3 6.052867480371302 3.970942040370346e-15
 4 7.256195760239219 0.000000000000000
 5 7.753598276167676 0.000000000000000
 6 8.848314125819535 0.000000000000000
 7 9.701543132861330 0.000000000000000
 8 13.32919846201347 0.000000000000000
 9 15.74186273984810 0.000000000000000
 10 17.24339944777092 0.000000000000000
 11 17.49248210542725 0.000000000000000
 12 18.87716688252597 0.000000000000000

 spin=1 k-point=433/580 Cartesian=-0.05193078664755722 0.1199290146007838 0.07196591694173664 (1344 plane wave)
 1 -0.3652686860985659 0.003472222222222177
 2 0.9933967926050919 0.003472222221899096
 3 6.052867446950563 3.970943367489063e-15
 4 7.256195815335736 0.000000000000000
 5 7.753598349742455 0.000000000000000
 6 8.848313915301370 0.000000000000000
 7 9.701543252103649 0.000000000000000
 8 13.32919847033516 0.000000000000000
 9 15.74186268998247 0.000000000000000
 10 17.24339939346134 0.000000000000000
 11 17.49248227594434 0.000000000000000
 12 18.87716676768690 0.000000000000000

 spin=1 k-point=434/580 Cartesian=-0.02596539332377619 0.1349201414258833 0.07196591694173664 (1343 plane wave)
 1 -0.1000107614606678 0.003472222222222173
 2 1.252865578563433 0.003472222217895317
 3 4.752796299757089 1.758053591322071e-09
 4 6.084913866383321 2.882158284110963e-15
 5 9.213026719917448 0.000000000000000
 6 9.806583816026853 0.000000000000000
 7 10.97916391183470 0.000000000000000
 8 13.41994346028149 0.000000000000000
 9 14.11029998520830 0.000000000000000
 10 15.02867412656254 0.000000000000000
 11 16.16243224664549 0.000000000000000
 12 18.45869902305588 0.000000000000000

 spin=1 k-point=435/580 Cartesian=0.000000000000000 0.1798935219011738 0.07196591694173664 (1344 plane wave)
 1 1.838439188042418 0.003472220711142775
 2 1.847949945192169 0.003472220560371606
 3 3.354323267916341 0.001301645375077884
 4 3.389349518184223 0.001031248797592349
 5 10.98163525865741 0.000000000000000
 6 11.21170759601565 0.000000000000000
 7 11.35381519366415 0.000000000000000
 8 12.36147603331692 0.000000000000000
 9 12.55223452795796 0.000000000000000
 10 13.73766538666290 0.000000000000000
 11 15.93534772084902 0.000000000000000
 12 16.08495056488330 0.000000000000000

 spin=1 k-point=436/580 Cartesian=0.02596539332377698 0.1948846487262710 0.07196591694173664 (1337 plane wave)
 1 1.217212106511930 0.003472222219192951
 2 2.376638522569466 0.003471893660503337
 3 3.102874034743191 0.003059462585825987
 4 4.257665317004583 2.485010967431584e-07
 5 9.206278415251980 0.000000000000000
 6 10.38619946887421 0.000000000000000
 7 11.12530411738300 0.000000000000000
 8 12.46091220293130 0.000000000000000
 9 14.08417253564497 0.000000000000000
 10 15.08384127884901 0.000000000000000
 11 15.96424333638009 0.000000000000000
 12 16.87416614973423 0.000000000000000

 spin=1 k-point=437/580 Cartesian=0.05193078664755799 0.2098757755513705 0.07196591694173664 (1350 plane wave)
 1 0.8279009267444012 0.003472222222160438
 2 2.155286431687028 0.003472186302463133
 3 4.111361634578400 1.073035611188556e-06
 4 5.412297726036105 2.403550908816139e-12
 5 7.307024472563729 0.000000000000000
 6 8.604805035172078 0.000000000000000
 7 10.62398097311039 0.000000000000000
 8 13.54283364742964 0.000000000000000
 9 14.72356299166931 0.000000000000000
 10 16.70954756679712 0.000000000000000
 11 17.11074250755902 0.000000000000000
 12 18.01849476567782 0.000000000000000

 spin=1 k-point=438/580 Cartesian=0.07789617997133459 0.2248669023764674 0.07196591694173664 (1349 plane wave)
 1 0.6971100083150965 0.003472222222205484
 2 2.039607415018278 0.003472210925595278
 3 5.477760002311962 1.248976313324254e-12
 4 5.528964395442615 7.484732677791827e-13
 5 6.922874140243521 0.000000000000000
 6 6.997299239764708 0.000000000000000
 7 10.47958212690483 0.000000000000000
 8 14.12531171302958 0.000000000000000
 9 15.22715113730074 0.000000000000000
 10 15.54940492331253 0.000000000000000
 11 18.95814604108430 0.000000000000000
 12 19.39280596158224 0.000000000000000

 spin=1 k-point=439/580 Cartesian=0.1038615732951112 0.2398580292015643 0.07196591694173664 (1350 plane wave)
 1 0.8279009251717340 0.003472222222160438
 2 2.155286440464842 0.003472186302459981
 3 4.111361605584084 1.073035922211877e-06
 4 5.412297758278037 2.403550133864798e-12
 5 7.307024483827717 0.000000000000000
 6 8.604804989667405 0.000000000000000
 7 10.62398099970458 0.000000000000000
 8 13.54283367695283 0.000000000000000
 9 14.72356293054279 0.000000000000000
 10 16.70954750369655 0.000000000000000
 11 17.11074272308948 0.000000000000000
 12 18.01849455892084 0.000000000000000

 spin=1 k-point=440/580 Cartesian=0.1298269666188922 0.2548491560266638 0.07196591694173664 (1337 plane wave)
 1 1.217212102023493 0.003472222219192951
 2 2.376638560645932 0.003471893660378244
 3 3.102873979072308 0.003059462788297057
 4 4.257665342637595 2.485010330493940e-07
 5 9.206278438673731 0.000000000000000
 6 10.38619933411782 0.000000000000000
 7 11.12530424823236 0.000000000000000
 8 12.46091217416200 0.000000000000000
 9 14.08417251495206 0.000000000000000
 10 15.08384144225377 0.000000000000000
 11 15.96424307862478 0.000000000000000
 12 16.87416627537214 0.000000000000000

 spin=1 k-point=441/580 Cartesian=0.1557923599426688 0.2698402828517608 0.07196591694173664 (1344 plane wave)
 1 1.838439176479459 0.003472220711142949
 2 1.847949958432608 0.003472220560371386
 3 3.354323255048980 0.001301645479778670
 4 3.389349530157824 0.001031248710787521
 5 10.98163524762711 0.000000000000000
 6 11.21170758770961 0.000000000000000
 7 11.35381520805101 0.000000000000000
 8 12.36147602219518 0.000000000000000
 9 12.55223453502000 0.000000000000000
 10 13.73766539343248 0.000000000000000
 11 15.93534771140985 0.000000000000000
 12 16.08495057854704 0.000000000000000

 spin=1 k-point=442/580 Cartesian=0.1298269666188922 0.2548491560266638 -0.07196591694173615 (1337 plane wave)
 1 1.217212107193792 0.003472222219192951
 2 2.376638522642274 0.003471893660503098
 3 3.102874034563108 0.003059462586480936
 4 4.257665317298176 2.485010960136268e-07
 5 9.206278412692138 0.000000000000000
 6 10.38619947213634 0.000000000000000
 7 11.12530411095961 0.000000000000000
 8 12.46091220159753 0.000000000000000
 9 14.08417254037639 0.000000000000000
 10 15.08384127514686 0.000000000000000
 11 15.96424334232452 0.000000000000000
 12 16.87416615000060 0.000000000000000

 spin=1 k-point=443/580 Cartesian=-0.1038615732951104 0.1199290146007838 0.07196591694173664 (1350 plane wave)
 1 0.8279009271726623 0.003472222222160438
 2 2.155286431337478 0.003472186302463259
 3 4.111361634967306 1.073035607016748e-06
 4 5.412297726619232 2.403550894800373e-12
 5 7.307024471419244 0.000000000000000
 6 8.604805035360314 0.000000000000000
 7 10.62398097104875 0.000000000000000
 8 13.54283364638147 0.000000000000000
 9 14.72356299336911 0.000000000000000
 10 16.70954756600524 0.000000000000000
 11 17.11074250426623 0.000000000000000
 12 18.01849476818009 0.000000000000000

 spin=1 k-point=444/580 Cartesian=-0.07789617997133380 0.1349201414258807 0.07196591694173664 (1349 plane wave)
 1 0.6971100085691868 0.003472222222205484
 2 2.039607414446166 0.003472210925595343
 3 5.477760002080895 1.248976316210223e-12
 4 5.528964395946403 7.484732640084647e-13
 5 6.922874141481360 0.000000000000000
 6 6.997299239439813 0.000000000000000
 7 10.47958212545032 0.000000000000000
 8 14.12531171107614 0.000000000000000
 9 15.22715113773880 0.000000000000000
 10 15.54940492538711 0.000000000000000
 11 18.95814604500870 0.000000000000000
 12 19.39280596142012 0.000000000000000

 spin=1 k-point=445/580 Cartesian=-0.05193078664755722 0.1499112682509776 0.07196591694173664 (1350 plane wave)
 1 0.8279009252929938 0.003472222222160438
 2 2.155286439440161 0.003472186302460348
 3 4.111361605901767 1.073035918804067e-06
 4 5.412297757950562 2.403550141735831e-12
 5 7.307024485500164 0.000000000000000
 6 8.604804991067738 0.000000000000000
 7 10.62398099842271 0.000000000000000
 8 13.54283367477114 0.000000000000000
 9 14.72356293147102 0.000000000000000
 10 16.70954750720454 0.000000000000000
 11 17.11074272784687 0.000000000000000
 12 18.01849455532098 0.000000000000000

 spin=1 k-point=446/580 Cartesian=-0.02596539332377619 0.1649023950760771 0.07196591694173664 (1337 plane wave)
 1 1.217212102043777 0.003472222219192951
 2 2.376638557906515 0.003471893660387243
 3 3.102873981311950 0.003059462780151641
 4 4.257665342328760 2.485010338167974e-07
 5 9.206278441875456 0.000000000000000
 6 10.38619933496019 0.000000000000000
 7 11.12530424919923 0.000000000000000
 8 12.46091217259548 0.000000000000000
 9 14.08417251114730 0.000000000000000
 10 15.08384144869104 0.000000000000000
 11 15.96424307659485 0.000000000000000
 12 16.87416626970656 0.000000000000000

 spin=1 k-point=447/580 Cartesian=0.000000000000000 0.1499112682509800 -0.07196591694173615 (1350 plane wave)
 1 0.4291005344683937 0.003472222222221034
 2 1.759886631358259 0.003472221533351204
 3 3.720666393866735 5.258825558596231e-05
 4 5.042171599398131 9.733993484089318e-11
 5 9.982894134002658 0.000000000000000
 6 11.11642612675306 0.000000000000000
 7 12.21076297605763 0.000000000000000
 8 12.49622707124508 0.000000000000000
 9 13.10116913307084 0.000000000000000
 10 13.69397036898036 0.000000000000000
 11 15.07555321825601 0.000000000000000
 12 17.59154618722057 0.000000000000000

 spin=1 k-point=448/580 Cartesian=0.02596539332377698 -0.1349201414258819 0.07196591694173664 (1343 plane wave)
 1 -0.1000107606273656 0.003472222222222173
 2 1.252865575452944 0.003472222217895317
 3 4.752796325631414 1.758053136437729e-09
 4 6.084913829675672 2.882159342083945e-15
 5 9.213026599237894 0.000000000000000
 6 9.806584066724543 0.000000000000000
 7 10.97916378181746 0.000000000000000
 8 13.41994342353173 0.000000000000000
 9 14.11030015574021 0.000000000000000
 10 15.02867384812755 0.000000000000000
 11 16.16243246100415 0.000000000000000
 12 18.45869895249729 0.000000000000000

 spin=1 k-point=449/580 Cartesian=0.05193078664755799 -0.1199290146007824 0.07196591694173664 (1344 plane wave)
 1 -0.3652686859694755 0.003472222222222177
 2 0.9933967920209678 0.003472222221899096
 3 6.052867479541110 3.970942073336808e-15
 4 7.256195759672859 0.000000000000000
 5 7.753598276443328 0.000000000000000
 6 8.848314123839048 0.000000000000000
 7 9.701543137751116 0.000000000000000
 8 13.32919846190694 0.000000000000000
 9 15.74186273914269 0.000000000000000
 10 17.24339945159101 0.000000000000000
 11 17.49248210501707 0.000000000000000
 12 18.87716687556114 0.000000000000000

 spin=1 k-point=450/580 Cartesian=0.07789617997133459 -0.1049378877756855 0.07196591694173664 (1344 plane wave)
 1 -0.3652686862197895 0.003472222222222177
 2 0.9933967930222235 0.003472222221899096
 3 6.052867447540550 3.970943344061009e-15
 4 7.256195815442452 0.000000000000000
 5 7.753598347163994 0.000000000000000
 6 8.848313914329678 0.000000000000000
 7 9.701543254497528 0.000000000000000
 8 13.32919847033991 0.000000000000000
 9 15.74186269146237 0.000000000000000
 10 17.24339938975231 0.000000000000000
 11 17.49248227454195 0.000000000000000
 12 18.87716677047452 0.000000000000000

 spin=1 k-point=451/580 Cartesian=0.1038615732951112 -0.08994676095058855 0.07196591694173664 (1343 plane wave)
 1 -0.1000107614899843 0.003472222222222173
 2 1.252865579186360 0.003472222217895317
 3 4.752796299895417 1.758053588890178e-09
 4 6.084913866360949 2.882158284755774e-15
 5 9.213026716895966 0.000000000000000
 6 9.806583816944476 0.000000000000000
 7 10.97916390975924 0.000000000000000
 8 13.41994346139158 0.000000000000000
 9 14.11029998754667 0.000000000000000
 10 15.02867412493184 0.000000000000000
 11 16.16243224773562 0.000000000000000
 12 18.45869902608251 0.000000000000000

 spin=1 k-point=452/580 Cartesian=0.1298269666188922 -0.07495563412548907 0.07196591694173664 (1350 plane wave)
 1 0.4291005325542909 0.003472222222221034
 2 1.759886641818243 0.003472221533351132
 3 3.720666365068404 5.258827050113761e-05
 4 5.042171626374798 9.733990858182121e-11
 5 9.982894145385687 0.000000000000000
 6 11.11642611566298 0.000000000000000
 7 12.21076273218787 0.000000000000000
 8 12.49622706018238 0.000000000000000
 9 13.10116941221080 0.000000000000000
 10 13.69397052454609 0.000000000000000
 11 15.07555297130526 0.000000000000000
 12 17.59154625601975 0.000000000000000

 spin=1 k-point=453/580 Cartesian=0.1557923599426688 0.2398580292015669 -0.07196591694173615 (1337 plane wave)
 1 1.217212102127134 0.003472222219192951
 2 2.376638560866754 0.003471893660377518
 3 3.102873978719299 0.003059462789580926
 4 4.257665342425718 2.485010335758722e-07
 5 9.206278441602793 0.000000000000000
 6 10.38619933159342 0.000000000000000
 7 11.12530424673775 0.000000000000000
 8 12.46091217456305 0.000000000000000
 9 14.08417251274776 0.000000000000000
 10 15.08384144790397 0.000000000000000
 11 15.96424307572907 0.000000000000000
 12 16.87416627652256 0.000000000000000

 spin=1 k-point=454/580 Cartesian=0.1298269666188922 0.2248669023764700 -0.07196591694173615 (1349 plane wave)
 1 2.231473263762614 0.003472145273117428
 2 2.250842875258065 0.003472128827423784
 3 3.727927359757284 4.895710132930600e-05
 4 3.786658920954143 2.738269347561210e-05
 5 7.172055293247380 0.000000000000000
 6 8.492291265925024 0.000000000000000
 7 11.97159357531288 0.000000000000000
 8 12.02690323935634 0.000000000000000
 9 15.78571543038342 0.000000000000000
 10 15.89357551693857 0.000000000000000
 11 16.99245020832377 0.000000000000000
 12 17.35537151952176 0.000000000000000

 spin=1 k-point=455/580 Cartesian=0.1038615732951112 0.2098757755513705 -0.07196591694173615 (1351 plane wave)
 1 2.010334270355321 0.003472213792418494
 2 3.157826241687432 0.002814419867940541
 3 3.861326094795517 1.303185193675125e-05
 4 4.871746454845677 5.351039740109599e-10
 5 5.530047974222798 7.404067507600570e-13
 6 6.683760112953124 0.000000000000000
 7 11.74934554472464 0.000000000000000
 8 13.26952670803349 0.000000000000000
 9 14.74782574011089 0.000000000000000
 10 16.09202355607809 0.000000000000000
 11 17.52042895526704 0.000000000000000
 12 18.97323960065361 0.000000000000000

 spin=1 k-point=456/580 Cartesian=0.07789617997133459 0.1948846487262736 -0.07196591694173615 (1351 plane wave)
 1 2.010334267517465 0.003472213792418733
 2 3.157826268376408 0.002814419725639244
 3 3.861326040480657 1.303185898842114e-05
 4 4.871746510410222 5.351036766829317e-10
 5 5.530047950702457 7.404069249063189e-13
 6 6.683760110777863 0.000000000000000
 7 11.74934554590784 0.000000000000000
 8 13.26952671583046 0.000000000000000
 9 14.74782572012184 0.000000000000000
 10 16.09202357062065 0.000000000000000
 11 17.52042895588472 0.000000000000000
 12 18.97323960532501 0.000000000000000

 spin=1 k-point=457/580 Cartesian=0.05193078664755799 0.1798935219011766 -0.07196591694173615 (1349 plane wave)
 1 2.231473275070159 0.003472145273108727
 2 2.250842861961119 0.003472128827436202
 3 3.727927373497820 4.895709469718472e-05
 4 3.786658908875859 2.738269675689016e-05
 5 7.172055292076456 0.000000000000000
 6 8.492291269280454 0.000000000000000
 7 11.97159358981829 0.000000000000000
 8 12.02690322410634 0.000000000000000
 9 15.78571543625530 0.000000000000000
 10 15.89357551117196 0.000000000000000
 11 16.99245021638192 0.000000000000000
 12 17.35537151225722 0.000000000000000

 spin=1 k-point=458/580 Cartesian=0.02596539332377698 0.1649023950760771 -0.07196591694173615 (1337 plane wave)
 1 1.217212106460904 0.003472222219192951
 2 2.376638522734816 0.003471893660502794
 3 3.102874034551220 0.003059462586524172
 4 4.257665317157826 2.485010963623731e-07
 5 9.206278412545212 0.000000000000000
 6 10.38619947544254 0.000000000000000
 7 11.12530411424867 0.000000000000000
 8 12.46091220109330 0.000000000000000
 9 14.08417253970985 0.000000000000000
 10 15.08384127613471 0.000000000000000
 11 15.96424333474292 0.000000000000000
 12 16.87416614877773 0.000000000000000

 spin=1 k-point=459/580 Cartesian=0.000000000000000 -0.1199290146007801 0.07196591694173664 (1345 plane wave)
 1 -0.7651155351763080 0.003472222222222178
 2 0.5959229279448477 0.003472222222216109
 3 5.666695677158267 1.888064345486355e-13
 4 6.988964803350928 0.000000000000000
 5 8.890332717975072 0.000000000000000
 6 11.52072556462163 0.000000000000000
 7 12.35620080416186 0.000000000000000
 8 12.90040149945525 0.000000000000000
 9 13.33567810555402 0.000000000000000
 10 14.09308849778374 0.000000000000000
 11 15.85670479919238 0.000000000000000
 12 19.47471108287194 0.000000000000000

 spin=1 k-point=460/580 Cartesian=0.02596539332377698 -0.1049378877756829 0.07196591694173664 (1340 plane wave)
 1 -1.164828969268493 0.003472222222222178
 2 0.1994248371032996 0.003472222222222063
 3 6.825267084643757 0.000000000000000
 4 7.998845285938511 0.000000000000000
 5 8.639455642923037 0.000000000000000
 6 10.13180689976730 0.000000000000000
 7 11.44710792224754 0.000000000000000
 8 12.60826356987867 0.000000000000000
 9 15.06185980610294 0.000000000000000
 10 16.11862458396883 0.000000000000000
 11 17.07778468646036 0.000000000000000
 12 19.62336748736201 0.000000000000000

 spin=1 k-point=461/580 Cartesian=0.05193078664755799 -0.08994676095058345 0.07196591694173664 (1337 plane wave)
 1 -1.298157214609833 0.003472222222222178
 2 0.06698571110544953 0.003472222222222147
 3 7.895496961478333 0.000000000000000
 4 8.275913100904916 0.000000000000000
 5 8.551278572792254 0.000000000000000
 6 9.709331447926983 0.000000000000000
 7 10.04026210599396 0.000000000000000
 8 12.50274514298140 0.000000000000000
 9 17.59742946452705 0.000000000000000
 10 17.86759626393346 0.000000000000000
 11 18.02760928485034 0.000000000000000
 12 18.33487028809292 0.000000000000000

 spin=1 k-point=462/580 Cartesian=0.07789617997133459 -0.07495563412548652 0.07196591694173664 (1340 plane wave)
 1 -1.164828969452488 0.003472222222222178
 2 0.1994248378781501 0.003472222222222063
 3 6.825267028251467 0.000000000000000
 4 7.998845471631387 0.000000000000000
 5 8.639455548721402 0.000000000000000
 6 10.13180677608933 0.000000000000000
 7 11.44710803304439 0.000000000000000
 8 12.60826355554499 0.000000000000000
 9 15.06185970346377 0.000000000000000
 10 16.11862483533523 0.000000000000000
 11 17.07778449562766 0.000000000000000
 12 19.62336752452683 0.000000000000000

 spin=1 k-point=463/580 Cartesian=0.1038615732951112 -0.05996450730038959 0.07196591694173664 (1345 plane wave)
 1 -0.7651155355902794 0.003472222222222178
 2 0.5959229297764631 0.003472222222216109
 3 5.666695645017872 1.888064952317930e-13
 4 6.988964867121584 0.000000000000000
 5 8.890332687199008 0.000000000000000
 6 11.52072555344034 0.000000000000000
 7 12.35620071141386 0.000000000000000
 8 12.90040148836558 0.000000000000000
 9 13.33567811915001 0.000000000000000
 10 14.09308873180701 0.000000000000000
 11 15.85670462524681 0.000000000000000
 12 19.47471113789587 0.000000000000000

 spin=1 k-point=464/580 Cartesian=0.1298269666188922 -0.04497338047529010 0.07196591694173664 (1343 plane wave)
 1 -0.1000107613906273 0.003472222222222173
 2 1.252865579218480 0.003472222217895317
 3 4.752796299783647 1.758053590855162e-09
 4 6.084913865872391 2.882158298836774e-15
 5 9.213026719449054 0.000000000000000
 6 9.806583816502680 0.000000000000000
 7 10.97916390715808 0.000000000000000
 8 13.41994346156176 0.000000000000000
 9 14.11029998533009 0.000000000000000
 10 15.02867413062977 0.000000000000000
 11 16.16243224409634 0.000000000000000
 12 18.45869902962690 0.000000000000000

 spin=1 k-point=465/580 Cartesian=0.1557923599426688 -0.02998225365019318 0.07196591694173664 (1350 plane wave)
 1 0.8279009254115648 0.003472222222160438
 2 2.155286440633805 0.003472186302459920
 3 4.111361605038275 1.073035928066783e-06
 4 5.412297757261691 2.403550158293187e-12
 5 7.307024486699389 0.000000000000000
 6 8.604804988157733 0.000000000000000
 7 10.62398099870335 0.000000000000000
 8 13.54283367922327 0.000000000000000
 9 14.72356292691534 0.000000000000000
 10 16.70954750053206 0.000000000000000
 11 17.11074273252929 0.000000000000000
 12 18.01849455742795 0.000000000000000

 spin=1 k-point=466/580 Cartesian=0.1298269666188922 0.1948846487262710 -0.07196591694173615 (1351 plane wave)
 1 2.010334267551217 0.003472213792418730
 2 3.157826273698999 0.002814419697260049
 3 3.861326032562766 1.303186001639709e-05
 4 4.871746512355930 5.351036662713691e-10
 5 5.530047952824217 7.404069091966519e-13
 6 6.683760108511133 0.000000000000000
 7 11.74934554546087 0.000000000000000
 8 13.26952672077932 0.000000000000000
 9 14.74782571292557 0.000000000000000
 10 16.09202357471121 0.000000000000000
 11 17.52042895570421 0.000000000000000
 12 18.97323959311694 0.000000000000000

 spin=1 k-point=467/580 Cartesian=0.1038615732951112 0.1798935219011715 -0.07196591694173615 (1359 plane wave)
 1 3.338564189800494 0.001432179783345571
 2 3.338564574133930 0.001432176549365363
 3 3.534209138418034 0.0003134716345182133
 4 4.903750540884943 3.885493447950927e-10
 5 5.109649610151790 4.957214463743586e-11
 6 5.109649982806878 4.957195990461808e-11
 7 13.10707978243678 0.000000000000000
 8 13.10707988589273 0.000000000000000
 9 13.28137460246291 0.000000000000000
 10 17.40323252578869 0.000000000000000
 11 17.42702663677774 0.000000000000000
 12 17.42702679446257 0.000000000000000

 spin=1 k-point=468/580 Cartesian=0.07789617997133459 0.1649023950760746 -0.07196591694173615 (1351 plane wave)
 1 2.010334269534544 0.003472213792418563
 2 3.157826243764793 0.002814419856864387
 3 3.861326092793471 1.303185219667579e-05
 4 4.871746457385528 5.351039604201138e-10
 5 5.530047969720537 7.404067840951122e-13
 6 6.683760116227787 0.000000000000000
 7 11.74934554493252 0.000000000000000
 8 13.26952670965295 0.000000000000000
 9 14.74782573585608 0.000000000000000
 10 16.09202355778528 0.000000000000000
 11 17.52042895790112 0.000000000000000
 12 18.97323960447441 0.000000000000000

 spin=1 k-point=469/580 Cartesian=0.05193078664755799 0.1499112682509776 -0.07196591694173615 (1350 plane wave)
 1 0.8279009266790434 0.003472222222160438
 2 2.155286431861011 0.003472186302463071
 3 4.111361634241750 1.073035614799816e-06
 4 5.412297726742255 2.403550891843426e-12
 5 7.307024469650606 0.000000000000000
 6 8.604805039267825 0.000000000000000
 7 10.62398097137030 0.000000000000000
 8 13.54283364858532 0.000000000000000
 9 14.72356299003916 0.000000000000000
 10 16.70954756149543 0.000000000000000
 11 17.11074251573552 0.000000000000000
 12 18.01849476038179 0.000000000000000

 spin=1 k-point=470/580 Cartesian=0.02596539332377698 0.1349201414258782 -0.07196591694173615 (1343 plane wave)
 1 -0.1000107606432202 0.003472222222222173
 2 1.252865575462496 0.003472222217895317
 3 4.752796325609766 1.758053136818329e-09
 4 6.084913829869538 2.882159336496431e-15
 5 9.213026596670641 0.000000000000000
 6 9.806584069850667 0.000000000000000
 7 10.97916378090074 0.000000000000000
 8 13.41994342554277 0.000000000000000
 9 14.11030015603723 0.000000000000000
 10 15.02867384537306 0.000000000000000
 11 16.16243246063889 0.000000000000000
 12 18.45869895107020 0.000000000000000

 spin=1 k-point=471/580 Cartesian=0.000000000000000 -0.08994676095058625 0.07196591694173664 (1335 plane wave)
 1 -1.698719957533480 0.003472222222222178
 2 -0.3319827667001374 0.003472222222222177
 3 7.579698565353085 0.000000000000000
 4 8.167897672653462 0.000000000000000
 5 9.375488842762756 0.000000000000000
 6 11.86230578010160 0.000000000000000
 7 12.19424119984733 0.000000000000000
 8 13.57368606865149 0.000000000000000
 9 13.70118742477596 0.000000000000000
 10 14.85051485708088 0.000000000000000
 11 17.81284334786886 0.000000000000000
 12 21.52162977612599 0.000000000000000

 spin=1 k-point=472/580 Cartesian=0.02596539332377698 -0.07495563412548910 0.07196591694173664 (1335 plane wave)
 1 -1.965867631179683 0.003472222222222178
 2 -0.5981224889516790 0.003472222222222178
 3 7.531987105492892 0.000000000000000
 4 9.284357408359520 0.000000000000000
 5 10.49255826516974 0.000000000000000
 6 10.90357979275110 0.000000000000000
 7 11.84025087551882 0.000000000000000
 8 12.41663741636888 0.000000000000000
 9 15.87179985922028 0.000000000000000
 10 17.09982012599649 0.000000000000000
 11 18.90002875032793 0.000000000000000
 12 19.11821919326263 0.000000000000000

 spin=1 k-point=473/580 Cartesian=0.05193078664755799 -0.05996450730038961 0.07196591694173664 (1335 plane wave)
 1 -1.965867631206135 0.003472222222222178
 2 -0.5981224887998943 0.003472222222222178
 3 7.531987093383391 0.000000000000000
 4 9.284357463676161 0.000000000000000
 5 10.49255829844431 0.000000000000000
 6 10.90357961454510 0.000000000000000
 7 11.84025102413877 0.000000000000000
 8 12.41663737141932 0.000000000000000
 9 15.87179981282598 0.000000000000000
 10 17.09982019432419 0.000000000000000
 11 18.90002894032245 0.000000000000000
 12 19.11821901733258 0.000000000000000

 spin=1 k-point=474/580 Cartesian=0.07789617997133459 -0.04497338047529267 0.07196591694173664 (1335 plane wave)
 1 -1.698719957609460 0.003472222222222178
 2 -0.3319827662331220 0.003472222222222177
 3 7.579698453477647 0.000000000000000
 4 8.167897866962228 0.000000000000000
 5 9.375488752677928 0.000000000000000
 6 11.86230578536893 0.000000000000000
 7 12.19424118845282 0.000000000000000
 8 13.57368605757987 0.000000000000000
 9 13.70118738051691 0.000000000000000
 10 14.85051496727351 0.000000000000000
 11 17.81284328208632 0.000000000000000
 12 21.52162980550052 0.000000000000000

 spin=1 k-point=475/580 Cartesian=0.1038615732951112 -0.02998225365019574 0.07196591694173664 (1340 plane wave)
 1 -1.164828969375155 0.003472222222222178
 2 0.1994248378901740 0.003472222222222063
 3 6.825267028676973 0.000000000000000
 4 7.998845469168088 0.000000000000000
 5 8.639455549972562 0.000000000000000
 6 10.13180677969396 0.000000000000000
 7 11.44710802850660 0.000000000000000
 8 12.60826355629048 0.000000000000000
 9 15.06185970255021 0.000000000000000
 10 16.11862484193227 0.000000000000000
 11 17.07778448909056 0.000000000000000
 12 19.62336752838248 0.000000000000000

 spin=1 k-point=476/580 Cartesian=0.1298269666188922 -0.01499112682509626 0.07196591694173664 (1344 plane wave)
 1 -0.3652686860235648 0.003472222222222177
 2 0.9933967930560232 0.003472222221899096
 3 6.052867447559865 3.970943343294021e-15
 4 7.256195812121539 0.000000000000000
 5 7.753598348738667 0.000000000000000
 6 8.848313920199205 0.000000000000000
 7 9.701543249212467 0.000000000000000
 8 13.32919847170909 0.000000000000000
 9 15.74186269038639 0.000000000000000
 10 17.24339938209105 0.000000000000000
 11 17.49248228170331 0.000000000000000
 12 18.87716677480426 0.000000000000000

 spin=1 k-point=477/580 Cartesian=0.1557923599426688 0.000000000000000 0.07196591694173664 (1349 plane wave)
 1 0.6971100087220047 0.003472222222205484
 2 2.039607415131574 0.003472210925595266
 3 5.477759961381602 1.248976824534991e-12
 4 5.528964437750933 7.484729511127230e-13
 5 6.922874098889866 0.000000000000000
 6 6.997299279486331 0.000000000000000
 7 10.47958212584837 0.000000000000000
 8 14.12531172390809 0.000000000000000
 9 15.22715109489056 0.000000000000000
 10 15.54940495510107 0.000000000000000
 11 18.95814606651852 0.000000000000000
 12 19.39280592036056 0.000000000000000

 spin=1 k-point=478/580 Cartesian=0.1298269666188922 0.1649023950760772 -0.07196591694173615 (1351 plane wave)
 1 2.010334270559872 0.003472213792418477
 2 3.157826244972847 0.002814419850423239
 3 3.861326087976728 1.303185282203081e-05
 4 4.871746463048510 5.351039301172761e-10
 5 5.530047966257158 7.404068097382157e-13
 6 6.683760116060586 0.000000000000000
 7 11.74934554409200 0.000000000000000
 8 13.26952671555157 0.000000000000000
 9 14.74782572760636 0.000000000000000
 10 16.09202356451933 0.000000000000000
 11 17.52042895335384 0.000000000000000
 12 18.97323959247923 0.000000000000000

 spin=1 k-point=479/580 Cartesian=0.1038615732951112 0.1499112682509777 -0.07196591694173615 (1351 plane wave)
 1 2.010334266701159 0.003472213792418802
 2 3.157826277528323 0.002814419676842715
 3 3.861326027230574 1.303186070867303e-05
 4 4.871746516052212 5.351036464924308e-10
 5 5.530047949881982 7.404069309811733e-13
 6 6.683760110601941 0.000000000000000
 7 11.74934554587264 0.000000000000000
 8 13.26952672138745 0.000000000000000
 9 14.74782570980860 0.000000000000000
 10 16.09202357798260 0.000000000000000
 11 17.52042895386601 0.000000000000000
 12 18.97323959143041 0.000000000000000

 spin=1 k-point=480/580 Cartesian=0.07789617997133459 0.1349201414258807 -0.07196591694173615 (1349 plane wave)
 1 0.6971100082431104 0.003472222222205484
 2 2.039607415350058 0.003472210925595241
 3 5.477759974225248 1.248976664120803e-12
 4 5.528964423002462 7.484730615010730e-13
 5 6.922874113010018 0.000000000000000
 6 6.997299268400146 0.000000000000000
 7 10.47958212595302 0.000000000000000
 8 14.12531171818338 0.000000000000000
 9 15.22715110910219 0.000000000000000
 10 15.54940494582997 0.000000000000000
 11 18.95814606290782 0.000000000000000
 12 19.39280593253449 0.000000000000000

 spin=1 k-point=481/580 Cartesian=0.05193078664755799 0.1199290146007838 -0.07196591694173615 (1344 plane wave)
 1 -0.3652686859870642 0.003472222222222177
 2 0.9933967920414929 0.003472222221899096
 3 6.052867479447073 3.970942077070953e-15
 4 7.256195762011751 0.000000000000000
 5 7.753598269300836 0.000000000000000
 6 8.848314135152181 0.000000000000000
 7 9.701543131119477 0.000000000000000
 8 13.32919846284953 0.000000000000000
 9 15.74186273895062 0.000000000000000
 10 17.24339944285082 0.000000000000000
 11 17.49248211186866 0.000000000000000
 12 18.87716687738020 0.000000000000000

 spin=1 k-point=482/580 Cartesian=-0.02596539332377619 -0.1049378877756830 0.07196591694173664 (1340 plane wave)
 1 -1.164828969270571 0.003472222222222178
 2 0.1994248370908044 0.003472222222222063
 3 6.825267084971840 0.000000000000000
 4 7.998845284685604 0.000000000000000
 5 8.639455644412076 0.000000000000000
 6 10.13180689880694 0.000000000000000
 7 11.44710792194591 0.000000000000000
 8 12.60826357118244 0.000000000000000
 9 15.06185980732186 0.000000000000000
 10 16.11862458134796 0.000000000000000
 11 17.07778468662265 0.000000000000000
 12 19.62336748664529 0.000000000000000

 spin=1 k-point=483/580 Cartesian=0.000000000000000 -0.05996450730039238 0.07196591694173664 (1332 plane wave)
 1 -2.366883123296725 0.003472222222222178
 2 -0.9979714669400206 0.003472222222222178
 3 7.182197695769401 0.000000000000000
 4 10.38884370206026 0.000000000000000
 5 11.29738564675567 0.000000000000000
 6 11.90153677255496 0.000000000000000
 7 13.13606392128484 0.000000000000000
 8 14.51512995366901 0.000000000000000
 9 14.53452703990913 0.000000000000000
 10 15.74381602897743 0.000000000000000
 11 19.62415084971474 0.000000000000000
 12 20.09663496312018 0.000000000000000

 spin=1 k-point=484/580 Cartesian=0.02596539332377698 -0.04497338047529523 0.07196591694173664 (1331 plane wave)
 1 -2.500609770346679 0.003472222222222178
 2 -1.131355695243721 0.003472222222222178
 3 7.060179428540990 0.000000000000000
 4 10.96688517309005 0.000000000000000
 5 11.89953746393536 0.000000000000000
 6 12.05473303333369 0.000000000000000
 7 13.36734632288698 0.000000000000000
 8 13.40236696318457 0.000000000000000
 9 16.67084955333317 0.000000000000000
 10 17.00114361381349 0.000000000000000
 11 18.17902012747229 0.000000000000000
 12 18.37249580992634 0.000000000000000

 spin=1 k-point=485/580 Cartesian=0.05193078664755799 -0.02998225365019574 0.07196591694173664 (1332 plane wave)
 1 -2.366883123297475 0.003472222222222178
 2 -0.9979714668283678 0.003472222222222178
 3 7.182197692571115 0.000000000000000
 4 10.38884375335703 0.000000000000000
 5 11.29738553926420 0.000000000000000
 6 11.90153684624902 0.000000000000000
 7 13.13606390950697 0.000000000000000
 8 14.51512994243838 0.000000000000000
 9 14.53452699414308 0.000000000000000
 10 15.74381609345076 0.000000000000000
 11 19.62415084093388 0.000000000000000
 12 20.09663498838961 0.000000000000000

 spin=1 k-point=486/580 Cartesian=0.07789617997133459 -0.01499112682509881 0.07196591694173664 (1335 plane wave)
 1 -1.965867631149405 0.003472222222222178
 2 -0.5981224887983294 0.003472222222222178
 3 7.531987094068327 0.000000000000000
 4 9.284357460593446 0.000000000000000
 5 10.49255829521035 0.000000000000000
 6 10.90357962845093 0.000000000000000
 7 11.84025101154576 0.000000000000000
 8 12.41663737462268 0.000000000000000
 9 15.87179981238554 0.000000000000000
 10 17.09982019862116 0.000000000000000
 11 18.90002894391689 0.000000000000000
 12 19.11821900493702 0.000000000000000

 spin=1 k-point=487/580 Cartesian=0.1038615732951112 0.000000000000000 0.07196591694173664 (1337 plane wave)
 1 -1.298157214462810 0.003472222222222178
 2 0.06698571111207775 0.003472222222222147
 3 7.895496981577844 0.000000000000000
 4 8.275913058454119 0.000000000000000
 5 8.551278586657087 0.000000000000000
 6 9.709331488639723 0.000000000000000
 7 10.04026207200345 0.000000000000000
 8 12.50274514414322 0.000000000000000
 9 17.59742948856513 0.000000000000000
 10 17.86759623408356 0.000000000000000
 11 18.02760929787895 0.000000000000000
 12 18.33487026671087 0.000000000000000

 spin=1 k-point=488/580 Cartesian=0.1298269666188922 0.01499112682509761 0.07196591694173664 (1344 plane wave)
 1 -0.3652686856627763 0.003472222222222177
 2 0.9933967920265205 0.003472222221899096
 3 6.052867480212644 3.970942046670555e-15
 4 7.256195762116450 0.000000000000000
 5 7.753598265632141 0.000000000000000
 6 8.848314137881399 0.000000000000000
 7 9.701543129963113 0.000000000000000
 8 13.32919846421199 0.000000000000000
 9 15.74186273996257 0.000000000000000
 10 17.24339943942415 0.000000000000000
 11 17.49248210593370 0.000000000000000
 12 18.87716688198423 0.000000000000000

 spin=1 k-point=489/580 Cartesian=0.1557923599426688 0.02998225365019453 0.07196591694173664 (1350 plane wave)
 1 0.8279009274018166 0.003472222222160438
 2 2.155286431713716 0.003472186302463124
 3 4.111361634325265 1.073035613903952e-06
 4 5.412297725726964 2.403550916246479e-12
 5 7.307024469642552 0.000000000000000
 6 8.604805038752263 0.000000000000000
 7 10.62398097118171 0.000000000000000
 8 13.54283365425292 0.000000000000000
 9 14.72356298551908 0.000000000000000
 10 16.70954756334122 0.000000000000000
 11 17.11074250295323 0.000000000000000
 12 18.01849476656142 0.000000000000000

 spin=1 k-point=490/580 Cartesian=0.1298269666188922 0.1349201414258833 -0.07196591694173615 (1349 plane wave)
 1 2.231473236718668 0.003472145273138238
 2 2.250842904121286 0.003472128827396827
 3 3.727927331122103 4.895711515060360e-05
 4 3.786658947158567 2.738268635672162e-05
 5 7.172055292182191 0.000000000000000
 6 8.492291268614540 0.000000000000000
 7 11.97159354805135 0.000000000000000
 8 12.02690326915410 0.000000000000000
 9 15.78571540526531 0.000000000000000
 10 15.89357554113681 0.000000000000000
 11 16.99245019942858 0.000000000000000
 12 17.35537152081956 0.000000000000000

 spin=1 k-point=491/580 Cartesian=0.1038615732951112 0.1199290146007838 -0.07196591694173615 (1350 plane wave)
 1 0.8279009250878266 0.003472222222160438
 2 2.155286441412244 0.003472186302459640
 3 4.111361602828229 1.073035951774060e-06
 4 5.412297758964238 2.403550117371631e-12
 5 7.307024485327242 0.000000000000000
 6 8.604804991094349 0.000000000000000
 7 10.62398099881864 0.000000000000000
 8 13.54283367875911 0.000000000000000
 9 14.72356292756316 0.000000000000000
 10 16.70954750304709 0.000000000000000
 11 17.11074272307500 0.000000000000000
 12 18.01849455792586 0.000000000000000

 spin=1 k-point=492/580 Cartesian=0.07789617997133459 0.1049378877756869 -0.07196591694173615 (1344 plane wave)
 1 -0.3652686862322846 0.003472222222222177
 2 0.9933967931000524 0.003472222221899096
 3 6.052867446019884 3.970943404445805e-15
 4 7.256195814721600 0.000000000000000
 5 7.753598347102969 0.000000000000000
 6 8.848313923040511 0.000000000000000
 7 9.701543248513502 0.000000000000000
 8 13.32919847063634 0.000000000000000
 9 15.74186269188272 0.000000000000000
 10 17.24339938383925 0.000000000000000
 11 17.49248227474214 0.000000000000000
 12 18.87716677251422 0.000000000000000

 spin=1 k-point=493/580 Cartesian=-0.05193078664755722 -0.08994676095058858 0.07196591694173664 (1337 plane wave)
 1 -1.298157214606752 0.003472222222222178
 2 0.06698571108644698 0.003472222222222147
 3 7.895496972342741 0.000000000000000
 4 8.275913071418348 0.000000000000000
 5 8.551278586791510 0.000000000000000
 6 9.709331477351890 0.000000000000000
 7 10.04026208080830 0.000000000000000
 8 12.50274514377711 0.000000000000000
 9 17.59742948290126 0.000000000000000
 10 17.86759624489599 0.000000000000000
 11 18.02760929329029 0.000000000000000
 12 18.33487026671038 0.000000000000000

 spin=1 k-point=494/580 Cartesian=-0.02596539332377619 -0.07495563412548908 0.07196591694173664 (1335 plane wave)
 1 -1.965867631175169 0.003472222222222178
 2 -0.5981224889711769 0.003472222222222178
 3 7.531987105990532 0.000000000000000
 4 9.284357406271790 0.000000000000000
 5 10.49255826748706 0.000000000000000
 6 10.90357979378353 0.000000000000000
 7 11.84025087306729 0.000000000000000
 8 12.41663741687816 0.000000000000000
 9 15.87179986161365 0.000000000000000
 10 17.09982012335952 0.000000000000000
 11 18.90002875139049 0.000000000000000
 12 19.11821919485273 0.000000000000000

 spin=1 k-point=495/580 Cartesian=0.000000000000000 -0.02998225365019341 0.07196591694173664 (1336 plane wave)
 1 -2.768148231493919 0.003472222222222178
 2 -1.398282821162843 0.003472222222222178
 3 6.808808409715880 0.000000000000000
 4 10.83691048454267 0.000000000000000
 5 13.25811245322098 0.000000000000000
 6 14.34185614442360 0.000000000000000
 7 14.51810650171738 0.000000000000000
 8 15.59456784862603 0.000000000000000
 9 15.72033513564159 0.000000000000000
 10 16.74041975342460 0.000000000000000
 11 17.61232173366701 0.000000000000000
 12 18.98383172795331 0.000000000000000

 spin=1 k-point=496/580 Cartesian=0.02596539332377698 -0.01499112682509625 0.07196591694173664 (1336 plane wave)
 1 -2.768148231488789 0.003472222222222178
 2 -1.398282821147593 0.003472222222222178
 3 6.808808409509667 0.000000000000000
 4 10.83691048588781 0.000000000000000
 5 13.25811245162517 0.000000000000000
 6 14.34185613133999 0.000000000000000
 7 14.51810653763503 0.000000000000000
 8 15.59456780753899 0.000000000000000
 9 15.72033512390962 0.000000000000000
 10 16.74041976963413 0.000000000000000
 11 17.61232172553452 0.000000000000000
 12 18.98383171814305 0.000000000000000

 spin=1 k-point=497/580 Cartesian=0.05193078664755799 0.000000000000000 0.07196591694173664 (1331 plane wave)
 1 -2.500609770308426 0.003472222222222178
 2 -1.131355695251636 0.003472222222222178
 3 7.060179428733803 0.000000000000000
 4 10.96688516765447 0.000000000000000
 5 11.89953750668860 0.000000000000000
 6 12.05473299630962 0.000000000000000
 7 13.36734636340048 0.000000000000000
 8 13.40236692011491 0.000000000000000
 9 16.67084955730451 0.000000000000000
 10 17.00114360751614 0.000000000000000
 11 18.17902013443366 0.000000000000000
 12 18.37249580538307 0.000000000000000

 spin=1 k-point=498/580 Cartesian=0.07789617997133459 0.01499112682510017 0.07196591694173664 (1335 plane wave)
 1 -1.965867631076724 0.003472222222222178
 2 -0.5981224889630563 0.003472222222222178
 3 7.531987106951934 0.000000000000000
 4 9.284357402435928 0.000000000000000
 5 10.49255826846723 0.000000000000000
 6 10.90357980258099 0.000000000000000
 7 11.84025086148094 0.000000000000000
 8 12.41663742023413 0.000000000000000
 9 15.87179985915649 0.000000000000000
 10 17.09982012366761 0.000000000000000
 11 18.90002875653795 0.000000000000000
 12 19.11821919318752 0.000000000000000

 spin=1 k-point=499/580 Cartesian=0.1038615732951112 0.02998225365019710 0.07196591694173664 (1340 plane wave)
 1 -1.164828969050680 0.003472222222222178
 2 0.1994248370817050 0.003472222222222063
 3 6.825267087542266 0.000000000000000
 4 7.998845276946700 0.000000000000000
 5 8.639455648199968 0.000000000000000
 6 10.13180690235713 0.000000000000000
 7 11.44710791780048 0.000000000000000
 8 12.60826357197836 0.000000000000000
 9 15.06185980547460 0.000000000000000
 10 16.11862458420950 0.000000000000000
 11 17.07778468284847 0.000000000000000
 12 19.62336749031477 0.000000000000000

 spin=1 k-point=500/580 Cartesian=0.1298269666188922 0.04497338047529659 0.07196591694173664 (1343 plane wave)
 1 -0.1000107601736308 0.003472222222222173
 2 1.252865575385296 0.003472222217895317
 3 4.752796326327660 1.758053124197368e-09
 4 6.084913828224697 2.882159383903382e-15
 5 9.213026594807690 0.000000000000000
 6 9.806584073806283 0.000000000000000
 7 10.97916377763692 0.000000000000000
 8 13.41994342878419 0.000000000000000
 9 14.11030015737225 0.000000000000000
 10 15.02867384004202 0.000000000000000
 11 16.16243245841867 0.000000000000000
 12 18.45869895571527 0.000000000000000

 spin=1 k-point=501/580 Cartesian=0.1557923599426688 0.05996450730039351 0.07196591694173664 (1337 plane wave)
 1 1.217212107613667 0.003472222219192951
 2 2.376638522694019 0.003471893660502928
 3 3.102874034422414 0.003059462586992632
 4 4.257665315898822 2.485010994907899e-07
 5 9.206278411533333 0.000000000000000
 6 10.38619947879461 0.000000000000000
 7 11.12530410849286 0.000000000000000
 8 12.46091220675642 0.000000000000000
 9 14.08417254554402 0.000000000000000
 10 15.08384125697689 0.000000000000000
 11 15.96424333996013 0.000000000000000
 12 16.87416615304779 0.000000000000000

 spin=1 k-point=502/580 Cartesian=0.1298269666188922 0.1049378877756843 -0.07196591694173615 (1337 plane wave)
 1 1.217212101864845 0.003472222219192951
 2 2.376638564624297 0.003471893660365174
 3 3.102873973101580 0.003059462810012170
 4 4.257665343832758 2.485010300796126e-07
 5 9.206278440078263 0.000000000000000
 6 10.38619934003070 0.000000000000000
 7 11.12530424318946 0.000000000000000
 8 12.46091217729282 0.000000000000000
 9 14.08417251626732 0.000000000000000
 10 15.08384143255661 0.000000000000000
 11 15.96424307687388 0.000000000000000
 12 16.87416627727941 0.000000000000000

 spin=1 k-point=503/580 Cartesian=0.1038615732951112 0.08994676095058482 -0.07196591694173615 (1343 plane wave)
 1 -0.1000107614977364 0.003472222222222173
 2 1.252865579439749 0.003472222217895317
 3 4.752796298018673 1.758053621884338e-09
 4 6.084913867179002 2.882158261178177e-15
 5 9.213026714826338 0.000000000000000
 6 9.806583824663502 0.000000000000000
 7 10.97916390731446 0.000000000000000
 8 13.41994346092550 0.000000000000000
 9 14.11029998948573 0.000000000000000
 10 15.02867412097176 0.000000000000000
 11 16.16243224285535 0.000000000000000
 12 18.45869902972586 0.000000000000000

 spin=1 k-point=504/580 Cartesian=-0.07789617997133380 -0.07495563412548653 0.07196591694173664 (1340 plane wave)
 1 -1.164828969441848 0.003472222222222178
 2 0.1994248378753526 0.003472222222222063
 3 6.825267026851963 0.000000000000000
 4 7.998845472759363 0.000000000000000
 5 8.639455546965785 0.000000000000000
 6 10.13180678237161 0.000000000000000
 7 11.44710803006477 0.000000000000000
 8 12.60826355621324 0.000000000000000
 9 15.06185970266750 0.000000000000000
 10 16.11862483367588 0.000000000000000
 11 17.07778449092589 0.000000000000000
 12 19.62336752742470 0.000000000000000

 spin=1 k-point=505/580 Cartesian=-0.05193078664755722 -0.05996450730038960 0.07196591694173664 (1335 plane wave)
 1 -1.965867631193483 0.003472222222222178
 2 -0.5981224888334644 0.003472222222222178
 3 7.531987094201373 0.000000000000000
 4 9.284357458801830 0.000000000000000
 5 10.49255829670795 0.000000000000000
 6 10.90357962854031 0.000000000000000
 7 11.84025101374410 0.000000000000000
 8 12.41663737496543 0.000000000000000
 9 15.87179981137507 0.000000000000000
 10 17.09982019201127 0.000000000000000
 11 18.90002893975053 0.000000000000000
 12 19.11821901969411 0.000000000000000

 spin=1 k-point=506/580 Cartesian=-0.02596539332377619 -0.04497338047529011 0.07196591694173664 (1331 plane wave)
 1 -2.500609770338758 0.003472222222222178
 2 -1.131355695265243 0.003472222222222178
 3 7.060179428803982 0.000000000000000
 4 10.96688516645735 0.000000000000000
 5 11.89953749230879 0.000000000000000
 6 12.05473301303828 0.000000000000000
 7 13.36734635005953 0.000000000000000
 8 13.40236693398738 0.000000000000000
 9 16.67084956220436 0.000000000000000
 10 17.00114360205587 0.000000000000000
 11 18.17902013958381 0.000000000000000
 12 18.37249580010731 0.000000000000000

 spin=1 k-point=507/580 Cartesian=0.000000000000000 0.000000000000000 0.09595455592231543 (1316 plane wave)
 1 -2.302216295847695 0.001736111111111089
 2 -2.302215394061740 0.001736111111111089
 3 8.629514899756121 0.000000000000000
 4 8.629514968776613 0.000000000000000
 5 16.21106012170882 0.000000000000000
 6 16.21106017486200 0.000000000000000
 7 16.21106101117799 0.000000000000000
 8 16.21106105335672 0.000000000000000
 9 16.67934969854697 0.000000000000000
 10 16.67934975198127 0.000000000000000
 11 16.67935061740644 0.000000000000000
 12 16.67935065679405 0.000000000000000

 spin=1 k-point=508/580 Cartesian=0.02596539332377698 0.01499112682509716 0.09595455592231543 (1328 plane wave)
 1 -2.168525663728925 0.003472222222222178
 2 -2.168524762126602 0.003472222222222178
 3 8.751546935302443 0.000000000000000
 4 8.751547004979223 0.000000000000000
 5 13.82233426887556 0.000000000000000
 6 13.82233514748928 0.000000000000000
 7 14.94523147906606 0.000000000000000
 8 14.94523237454483 0.000000000000000
 9 16.07823084478721 0.000000000000000
 10 16.07823169131867 0.000000000000000
 11 18.21348814129870 0.000000000000000
 12 18.21348903882018 0.000000000000000

 spin=1 k-point=509/580 Cartesian=0.05193078664755799 0.02998225365019664 0.09595455592231543 (1330 plane wave)
 1 -1.767653758949380 0.003472222222222178
 2 -1.767652857956588 0.003472222222222178
 3 9.086698591609826 0.000000000000000
 4 9.086698679599746 0.000000000000000
 5 11.15234747703585 0.000000000000000
 6 11.15234833864395 0.000000000000000
 7 13.73964934775235 0.000000000000000
 8 13.73965024388258 0.000000000000000
 9 15.05082354230704 0.000000000000000
 10 15.05082440286273 0.000000000000000
 11 20.22209184643449 0.000000000000000
 12 20.22209274267680 0.000000000000000

 spin=1 k-point=510/580 Cartesian=0.07789617997133459 0.04497338047529358 0.09595455592231543 (1336 plane wave)
 1 -1.100362760211792 0.003472222222222178
 2 -1.100361860504569 0.003472222222222178
 3 8.426885966734449 0.000000000000000
 4 8.426886781705720 0.000000000000000
 5 9.943931960600111 0.000000000000000
 6 9.943932101162195 0.000000000000000
 7 12.79797406243839 0.000000000000000
 8 12.79797495883505 0.000000000000000
 9 14.17970351381644 0.000000000000000
 10 14.17970436466095 0.000000000000000
 11 19.63186662759073 0.000000000000000
 12 19.63186671097578 0.000000000000000

 spin=1 k-point=511/580 Cartesian=0.1038615732951112 0.05996450730039050 0.09595455592231543 (1346 plane wave)
 1 -0.1688768961524059 0.003472222222222175
 2 -0.1688759993451647 0.003472222222222175
 3 6.259772905486590 0.000000000000000
 4 6.259773793173799 0.000000000000000
 5 10.72453766550320 0.000000000000000
 6 10.72453775982158 0.000000000000000
 7 12.12455048769618 0.000000000000000
 8 12.12455138420894 0.000000000000000
 9 13.54525631327734 0.000000000000000
 10 13.54525711623622 0.000000000000000
 11 17.50165462299200 0.000000000000000
 12 17.50165473853108 0.000000000000000

 spin=1 k-point=512/580 Cartesian=0.1298269666188922 0.07495563412548999 0.09595455592231543 (1340 plane wave)
 1 1.017019296333040 0.003472222221813007
 2 1.017020182281866 0.003472222221813003
 3 4.292587037740166 1.752565782843445e-07
 4 4.292587928692050 1.752550169179426e-07
 5 11.71918997435981 0.000000000000000
 6 11.71919018658050 0.000000000000000
 7 11.72030171283740 0.000000000000000
 8 11.72030260939518 0.000000000000000
 9 13.17747255676770 0.000000000000000
 10 13.17747315278986 0.000000000000000
 11 15.70019887120277 0.000000000000000
 12 15.70019906246804 0.000000000000000

 spin=1 k-point=513/580 Cartesian=0.1557923599426688 0.08994676095058692 0.09595455592231543 (1352 plane wave)
 1 2.176951090858177 0.001736088806699299
 2 2.176951700860006 0.001736088806563242
 3 2.870319905954823 0.001713518271553828
 4 2.870320580248380 0.001713518121193735
 5 11.58552625897561 0.000000000000000
 6 11.58552715555897 0.000000000000000
 7 12.33940871042345 0.000000000000000
 8 12.33940937909986 0.000000000000000
 9 13.10906062352075 0.000000000000000
 10 13.10906067745100 0.000000000000000
 11 14.75642233567232 0.000000000000000
 12 14.75642269747117 0.000000000000000

 spin=1 k-point=514/580 Cartesian=0.000000000000000 0.02998225365019432 0.09595455592231543 (1328 plane wave)
 1 -2.168525663773987 0.003472222222222178
 2 -2.168524762095932 0.003472222222222178
 3 8.751546934950305 0.000000000000000
 4 8.751547005357017 0.000000000000000
 5 13.82233427210785 0.000000000000000
 6 13.82233513777465 0.000000000000000
 7 14.94523148622337 0.000000000000000
 8 14.94523238201226 0.000000000000000
 9 16.07823083005773 0.000000000000000
 10 16.07823170101647 0.000000000000000
 11 18.21348813580178 0.000000000000000
 12 18.21348903672312 0.000000000000000

 spin=1 k-point=515/580 Cartesian=0.02596539332377698 0.04497338047529147 0.09595455592231543 (1316 plane wave)
 1 -1.901240052426259 0.003472222222222178
 2 -1.901239151088401 0.003472222222222178
 3 8.986157879262011 0.000000000000000
 4 8.986157955538415 0.000000000000000
 5 12.29869387604184 0.000000000000000
 6 12.29869452486702 0.000000000000000
 7 12.84813935867492 0.000000000000000
 8 12.84814000038241 0.000000000000000
 9 17.12052716237226 0.000000000000000
 10 17.12052789916491 0.000000000000000
 11 17.85029486345947 0.000000000000000
 12 17.85029553662765 0.000000000000000

 spin=1 k-point=516/580 Cartesian=0.05193078664755799 0.05996450730039096 0.09595455592231543 (1330 plane wave)
 1 -1.367111920947769 0.003472222222222178
 2 -1.367111020468590 0.003472222222222178
 3 9.265649001811751 0.000000000000000
 4 9.265649298947077 0.000000000000000
 5 10.08553775355159 0.000000000000000
 6 10.08553837996055 0.000000000000000
 7 11.64242916892687 0.000000000000000
 8 11.64242997477882 0.000000000000000
 9 16.43192234935736 0.000000000000000
 10 16.43192321835352 0.000000000000000
 11 19.51585410913155 0.000000000000000
 12 19.51585492048975 0.000000000000000

 spin=1 k-point=517/580 Cartesian=0.07789617997133459 0.07495563412548789 0.09595455592231543 (1336 plane wave)
 1 -0.5674339168123026 0.003472222222222178
 2 -0.5674330181787690 0.003472222222222178
 3 7.428106250071498 0.000000000000000
 4 7.428107123113806 0.000000000000000
 5 10.11137871871823 0.000000000000000
 6 10.11137908437223 0.000000000000000
 7 11.05699044648078 0.000000000000000
 8 11.05699100497180 0.000000000000000
 9 15.64101469874774 0.000000000000000
 10 15.64101554709857 0.000000000000000
 11 18.62420024213244 0.000000000000000
 12 18.62420034252859 0.000000000000000

 spin=1 k-point=518/580 Cartesian=0.1038615732951112 0.08994676095058482 0.09595455592231543 (1346 plane wave)
 1 0.4935174326297537 0.003472222222219999
 2 0.4935183262688573 0.003472222222219999
 3 5.339197265513532 4.992575819161507e-12
 4 5.339198155831292 4.992531369559434e-12
 5 10.02049694315752 0.000000000000000
 6 10.02049776263912 0.000000000000000
 7 11.60630855333861 0.000000000000000
 8 11.60630867427332 0.000000000000000
 9 14.99653172385161 0.000000000000000
 10 14.99653246482814 0.000000000000000
 11 16.72620601563662 0.000000000000000
 12 16.72620622442658 0.000000000000000

 spin=1 k-point=519/580 Cartesian=0.1298269666188922 0.1049378877756843 0.09595455592231543 (1346 plane wave)
 1 1.783475338687224 0.003472221350089935
 2 1.783476193923943 0.003472221350082476
 3 3.526677586473226 0.0003356225466318797
 4 3.526678457784929 0.0003356199049845520
 5 9.812631998812900 0.000000000000000
 6 9.812632868206610 0.000000000000000
 7 12.75013053108582 0.000000000000000
 8 12.75013058274266 0.000000000000000
 9 14.14852493043075 0.000000000000000
 10 14.14852530773346 0.000000000000000
 11 15.58991236605083 0.000000000000000
 12 15.58991294582494 0.000000000000000

 spin=1 k-point=520/580 Cartesian=0.1557923599426688 0.1199290146007812 0.09595455592231543 (1346 plane wave)
 1 1.783475339146040 0.003472221350089932
 2 1.783476193681828 0.003472221350082478
 3 3.526677585775014 0.0003356225487487300
 4 3.526678458172599 0.0003356199038092163
 5 9.812631999656892 0.000000000000000
 6 9.812632867635969 0.000000000000000
 7 12.75013052612070 0.000000000000000
 8 12.75013058683803 0.000000000000000
 9 14.14852493585331 0.000000000000000
 10 14.14852530396788 0.000000000000000
 11 15.58991236417461 0.000000000000000
 12 15.58991294642372 0.000000000000000

 spin=1 k-point=521/580 Cartesian=0.1298269666188922 0.04497338047529659 0.09595455592231543 (1346 plane wave)
 1 0.4935174329832553 0.003472222222219999
 2 0.4935183260887048 0.003472222222219999
 3 5.339197264464714 4.992575871524626e-12
 4 5.339198156414295 4.992531340452801e-12
 5 10.02049694629410 0.000000000000000
 6 10.02049776043767 0.000000000000000
 7 11.60630854862603 0.000000000000000
 8 11.60630867804403 0.000000000000000
 9 14.99653172761954 0.000000000000000
 10 14.99653246246461 0.000000000000000
 11 16.72620601275665 0.000000000000000
 12 16.72620622509152 0.000000000000000

 spin=1 k-point=522/580 Cartesian=0.1038615732951112 0.02998225365019710 0.09595455592231543 (1336 plane wave)
 1 -0.5674339165615174 0.003472222222222178
 2 -0.5674330183065907 0.003472222222222178
 3 7.428106248471187 0.000000000000000
 4 7.428107124015493 0.000000000000000
 5 10.11137872421446 0.000000000000000
 6 10.11137908032252 0.000000000000000
 7 11.05699044229867 0.000000000000000
 8 11.05699100821284 0.000000000000000
 9 15.64101470020733 0.000000000000000
 10 15.64101554577753 0.000000000000000
 11 18.62420023863906 0.000000000000000
 12 18.62420034330331 0.000000000000000

 spin=1 k-point=523/580 Cartesian=0.07789617997133459 0.01499112682510017 0.09595455592231543 (1330 plane wave)
 1 -1.367111920780244 0.003472222222222178
 2 -1.367111020553470 0.003472222222222178
 3 9.265649003604949 0.000000000000000
 4 9.265649296722305 0.000000000000000
 5 10.08553775089718 0.000000000000000
 6 10.08553838283438 0.000000000000000
 7 11.64242917019989 0.000000000000000
 8 11.64242997348541 0.000000000000000
 9 16.43192234917106 0.000000000000000
 10 16.43192321746507 0.000000000000000
 11 19.51585410826802 0.000000000000000
 12 19.51585491801833 0.000000000000000

 spin=1 k-point=524/580 Cartesian=0.05193078664755799 0.000000000000000 0.09595455592231543 (1316 plane wave)
 1 -1.901240052330044 0.003472222222222178
 2 -1.901239151136841 0.003472222222222178
 3 8.986157880587472 0.000000000000000
 4 8.986157954290567 0.000000000000000
 5 12.29869386122667 0.000000000000000
 6 12.29869454254247 0.000000000000000
 7 12.84813937001823 0.000000000000000
 8 12.84813998451347 0.000000000000000
 9 17.12052716268360 0.000000000000000
 10 17.12052789965364 0.000000000000000
 11 17.85029486765890 0.000000000000000
 12 17.85029553215410 0.000000000000000

 spin=1 k-point=525/580 Cartesian=-0.02596539332377619 0.01499112682509761 0.09595455592231543 (1328 plane wave)
 1 -2.168525663742628 0.003472222222222178
 2 -2.168524762111774 0.003472222222222178
 3 8.751546935297403 0.000000000000000
 4 8.751547005038658 0.000000000000000
 5 13.82233427160791 0.000000000000000
 6 13.82233514540537 0.000000000000000
 7 14.94523147349959 0.000000000000000
 8 14.94523236927064 0.000000000000000
 9 16.07823084994167 0.000000000000000
 10 16.07823170731996 0.000000000000000
 11 18.21348812853386 0.000000000000000
 12 18.21348902805383 0.000000000000000

 spin=1 k-point=526/580 Cartesian=0.000000000000000 0.05996450730039328 0.09595455592231543 (1330 plane wave)
 1 -1.767653759147544 0.003472222222222178
 2 -1.767652857820296 0.003472222222222178
 3 9.086698589250053 0.000000000000000
 4 9.086698682338628 0.000000000000000
 5 11.15234748261740 0.000000000000000
 6 11.15234833021648 0.000000000000000
 7 13.73964935175525 0.000000000000000
 8 13.73965024902273 0.000000000000000
 9 15.05082353221466 0.000000000000000
 10 15.05082440849968 0.000000000000000
 11 20.22209184439011 0.000000000000000
 12 20.22209274278920 0.000000000000000

 spin=1 k-point=527/580 Cartesian=0.02596539332377698 0.07495563412549043 0.09595455592231543 (1330 plane wave)
 1 -1.367111921119317 0.003472222222222178
 2 -1.367111020348913 0.003472222222222178
 3 9.265648998740746 0.000000000000000
 4 9.265649303109642 0.000000000000000
 5 10.08553776057882 0.000000000000000
 6 10.08553837012394 0.000000000000000
 7 11.64242916663110 0.000000000000000
 8 11.64242997975725 0.000000000000000
 9 16.43192234684590 0.000000000000000
 10 16.43192322306122 0.000000000000000
 11 19.51585410412823 0.000000000000000
 12 19.51585491390522 0.000000000000000

 spin=1 k-point=528/580 Cartesian=0.05193078664755799 0.08994676095058993 0.09595455592231543 (1336 plane wave)
 1 -0.7004323725720651 0.003472222222222178
 2 -0.7004314730759551 0.003472222222222178
 3 8.674535915421140 0.000000000000000
 4 8.674536566651954 0.000000000000000
 5 8.960535905895480 0.000000000000000
 6 8.960536441651257 0.000000000000000
 7 10.61310910507880 0.000000000000000
 8 10.61310928178349 0.000000000000000
 9 18.31612756883442 0.000000000000000
 10 18.31612826473542 0.000000000000000
 11 18.65720352031425 0.000000000000000
 12 18.65720398610534 0.000000000000000

 spin=1 k-point=529/580 Cartesian=0.07789617997133459 0.1049378877756869 0.09595455592231543 (1348 plane wave)
 1 0.2300558396877779 0.003472222222222022
 2 0.2300567362259867 0.003472222222222022
 3 6.628143911407145 0.000000000000000
 4 6.628144780250103 0.000000000000000
 5 8.275984043803259 0.000000000000000
 6 8.275984890141224 0.000000000000000
 7 11.34726002217667 0.000000000000000
 8 11.34726011472021 0.000000000000000
 9 17.34177607168373 0.000000000000000
 10 17.34177640005201 0.000000000000000
 11 18.27747464631870 0.000000000000000
 12 18.27747515609286 0.000000000000000

 spin=1 k-point=530/580 Cartesian=0.1038615732951112 0.1199290146007838 0.09595455592231543 (1352 plane wave)
 1 1.414475766360426 0.003472222200443212
 2 1.414476651877885 0.003472222200443018
 3 4.677926592154729 3.716952002738735e-09
 4 4.677927477583195 3.716919091960544e-09
 5 7.887905167634881 0.000000000000000
 6 7.887906040457809 0.000000000000000
 7 12.45746716915877 0.000000000000000
 8 12.45746723652258 0.000000000000000
 9 15.64878535262689 0.000000000000000
 10 15.64878548044708 0.000000000000000
 11 17.72476463688364 0.000000000000000
 12 17.72476537295773 0.000000000000000

 spin=1 k-point=531/580 Cartesian=0.1298269666188922 0.1349201414258833 0.09595455592231543 (1360 plane wave)
 1 2.574952429102626 0.003469836465711106
 2 2.574953037589979 0.003469836451204006
 3 3.258527287088864 0.002117464064666264
 4 3.258527966029787 0.002117458455442977
 5 7.757644290938032 0.000000000000000
 6 7.757645167649594 0.000000000000000
 7 13.49135989284142 0.000000000000000
 8 13.49135995072256 0.000000000000000
 9 14.38335254130423 0.000000000000000
 10 14.38335272466327 0.000000000000000
 11 17.56974956345115 0.000000000000000
 12 17.56975032434352 0.000000000000000

 spin=1 k-point=532/580 Cartesian=0.1557923599426688 0.1499112682509802 0.09595455592231543 (1352 plane wave)
 1 1.414475767293200 0.003472222200443211
 2 1.414476651361723 0.003472222200443019
 3 4.677926589901698 3.716952086482734e-09
 4 4.677927479004020 3.716919039149663e-09
 5 7.887905169309689 0.000000000000000
 6 7.887906039240732 0.000000000000000
 7 12.45746716780562 0.000000000000000
 8 12.45746723763549 0.000000000000000
 9 15.64878535436767 0.000000000000000
 10 15.64878547994626 0.000000000000000
 11 17.72476463456256 0.000000000000000
 12 17.72476537287672 0.000000000000000

 spin=1 k-point=533/580 Cartesian=0.1298269666188922 0.01499112682509761 0.09595455592231543 (1348 plane wave)
 1 0.2300558403503291 0.003472222222222022
 2 0.2300567358694458 0.003472222222222022
 3 6.628143906982539 0.000000000000000
 4 6.628144783313502 0.000000000000000
 5 8.275984048307324 0.000000000000000
 6 8.275984886733164 0.000000000000000
 7 11.34726002004353 0.000000000000000
 8 11.34726011639896 0.000000000000000
 9 17.34177607632361 0.000000000000000
 10 17.34177640053872 0.000000000000000
 11 18.27747463893949 0.000000000000000
 12 18.27747515645983 0.000000000000000

 spin=1 k-point=534/580 Cartesian=0.1038615732951112 0.000000000000000 0.09595455592231543 (1336 plane wave)
 1 -0.7004323721217199 0.003472222222222178
 2 -0.7004314733155805 0.003472222222222178
 3 8.674535896237709 0.000000000000000
 4 8.674536581935378 0.000000000000000
 5 8.960535926459793 0.000000000000000
 6 8.960536425402603 0.000000000000000
 7 10.61310910147180 0.000000000000000
 8 10.61310928373792 0.000000000000000
 9 18.31612757067080 0.000000000000000
 10 18.31612826607440 0.000000000000000
 11 18.65720352387049 0.000000000000000
 12 18.65720398348016 0.000000000000000

 spin=1 k-point=535/580 Cartesian=0.07789617997133459 -0.01499112682509881 0.09595455592231543 (1330 plane wave)
 1 -1.367111920837657 0.003472222222222178
 2 -1.367111020496964 0.003472222222222178
 3 9.265649005369823 0.000000000000000
 4 9.265649296321584 0.000000000000000
 5 10.08553774969539 0.000000000000000
 6 10.08553838378978 0.000000000000000
 7 11.64242916736915 0.000000000000000
 8 11.64242997284808 0.000000000000000
 9 16.43192235098709 0.000000000000000
 10 16.43192322373867 0.000000000000000
 11 19.51585410411142 0.000000000000000
 12 19.51585491224105 0.000000000000000

 spin=1 k-point=536/580 Cartesian=-0.05193078664755722 0.02998225365019709 0.09595455592231543 (1330 plane wave)
 1 -1.767653759011958 0.003472222222222178
 2 -1.767652857891285 0.003472222222222178
 3 9.086698591930549 0.000000000000000
 4 9.086698679758321 0.000000000000000
 5 11.15234747908393 0.000000000000000
 6 11.15234833704588 0.000000000000000
 7 13.73964934031001 0.000000000000000
 8 13.73965023719160 0.000000000000000
 9 15.05082354815324 0.000000000000000
 10 15.05082441606497 0.000000000000000
 11 20.22209183603593 0.000000000000000
 12 20.22209273326697 0.000000000000000

 spin=1 k-point=537/580 Cartesian=-0.02596539332377619 0.04497338047529658 0.09595455592231543 (1316 plane wave)
 1 -1.901240052468192 0.003472222222222178
 2 -1.901239151042511 0.003472222222222178
 3 8.986157879336142 0.000000000000000
 4 8.986157955726650 0.000000000000000
 5 12.29869388643589 0.000000000000000
 6 12.29869450828090 0.000000000000000
 7 12.84813934666764 0.000000000000000
 8 12.84814001899144 0.000000000000000
 9 17.12052716582845 0.000000000000000
 10 17.12052789532653 0.000000000000000
 11 17.85029485763297 0.000000000000000
 12 17.85029554285108 0.000000000000000

 spin=1 k-point=538/580 Cartesian=0.000000000000000 0.08994676095058715 0.09595455592231543 (1336 plane wave)
 1 -1.100362760744841 0.003472222222222178
 2 -1.100361860131170 0.003472222222222178
 3 8.426885967611653 0.000000000000000
 4 8.426886781640439 0.000000000000000
 5 9.943931966319669 0.000000000000000
 6 9.943932092944010 0.000000000000000
 7 12.79797406539969 0.000000000000000
 8 12.79797496319857 0.000000000000000
 9 14.17970350605982 0.000000000000000
 10 14.17970436916217 0.000000000000000
 11 19.63186662868452 0.000000000000000
 12 19.63186670216627 0.000000000000000

 spin=1 k-point=539/580 Cartesian=0.02596539332377698 0.1049378877756843 0.09595455592231543 (1336 plane wave)
 1 -0.5674339174071759 0.003472222222222178
 2 -0.5674330177543084 0.003472222222222178
 3 7.428106252027025 0.000000000000000
 4 7.428107121411468 0.000000000000000
 5 10.11137872279197 0.000000000000000
 6 10.11137907866609 0.000000000000000
 7 11.05699044258719 0.000000000000000
 8 11.05699101134811 0.000000000000000
 9 15.64101469737448 0.000000000000000
 10 15.64101555093451 0.000000000000000
 11 18.62420024233360 0.000000000000000
 12 18.62420033616041 0.000000000000000

 spin=1 k-point=540/580 Cartesian=0.05193078664755799 0.1199290146007838 0.09595455592231543 (1348 plane wave)
 1 0.2300558391562807 0.003472222222222022
 2 0.2300567366148953 0.003472222222222022
 3 6.628143913849165 0.000000000000000
 4 6.628144778005342 0.000000000000000
 5 8.275984042511601 0.000000000000000
 6 8.275984891595494 0.000000000000000
 7 11.34726002107287 0.000000000000000
 8 11.34726011573481 0.000000000000000
 9 17.34177607597607 0.000000000000000
 10 17.34177639533029 0.000000000000000
 11 18.27747465280832 0.000000000000000
 12 18.27747516157722 0.000000000000000

 spin=1 k-point=541/580 Cartesian=0.07789617997133459 0.1349201414258807 0.09595455592231543 (1348 plane wave)
 1 1.287090524396079 0.003472222216129475
 2 1.287091415889551 0.003472222216129420
 3 5.858199833834128 2.781791669599603e-14
 4 5.858200485994748 2.781773527904505e-14
 5 6.448424302718543 0.000000000000000
 6 6.448424930740837 0.000000000000000
 7 12.34452356897408 0.000000000000000
 8 12.34452364216262 0.000000000000000
 9 16.79448755214791 0.000000000000000
 10 16.79448760343046 0.000000000000000
 11 17.58081262321662 0.000000000000000
 12 17.58081277893966 0.000000000000000

 spin=1 k-point=542/580 Cartesian=0.1038615732951112 0.1499112682509777 0.09595455592231543 (1352 plane wave)
 1 2.570238490461203 0.003469946247272687
 2 2.570239341187081 0.003469946227922984
 3 4.279175186023493 2.004094186575781e-07
 4 4.279176037914644 2.004077114928684e-07
 5 5.961574939076585 9.894004750131116e-15
 6 5.961575785202739 9.893921034702888e-15
 7 13.55460714510639 0.000000000000000
 8 13.55460719721477 0.000000000000000
 9 15.35163165480452 0.000000000000000
 10 15.35163174388606 0.000000000000000
 11 17.08221240815818 0.000000000000000
 12 17.08221252371238 0.000000000000000

 spin=1 k-point=543/580 Cartesian=0.1298269666188922 0.1649023950760772 0.09595455592231543 (1352 plane wave)
 1 2.570238492690724 0.003469946247221977
 2 2.570239339757752 0.003469946227955494
 3 4.279175181050428 2.004094286234959e-07
 4 4.279176041565733 2.004077041762247e-07
 5 5.961574941440078 9.894004516286916e-15
 6 5.961575783228033 9.893921230078768e-15
 7 13.55460714490025 0.000000000000000
 8 13.55460719738676 0.000000000000000
 9 15.35163165122090 0.000000000000000
 10 15.35163174821413 0.000000000000000
 11 17.08221241127850 0.000000000000000
 12 17.08221251901101 0.000000000000000

 spin=1 k-point=544/580 Cartesian=0.1557923599426688 0.1798935219011741 0.09595455592231543 (1348 plane wave)
 1 1.287090525889038 0.003472222216129474
 2 1.287091414993960 0.003472222216129420
 3 5.858199815667163 2.781792174966891e-14
 4 5.858200501973831 2.781773083402523e-14
 5 6.448424319042650 0.000000000000000
 6 6.448424915597260 0.000000000000000
 7 12.34452356853439 0.000000000000000
 8 12.34452364247903 0.000000000000000
 9 16.79448754844238 0.000000000000000
 10 16.79448761382945 0.000000000000000
 11 17.58081263486523 0.000000000000000
 12 17.58081275677678 0.000000000000000

 spin=1 k-point=545/580 Cartesian=0.1298269666188922 -0.01499112682509626 0.09595455592231543 (1348 plane wave)
 1 0.2300558401410837 0.003472222222222022
 2 0.2300567360446800 0.003472222222222022
 3 6.628143909450247 0.000000000000000
 4 6.628144782318921 0.000000000000000
 5 8.275984045846995 0.000000000000000
 6 8.275984887113241 0.000000000000000
 7 11.34726001951231 0.000000000000000
 8 11.34726011664904 0.000000000000000
 9 17.34177607464846 0.000000000000000
 10 17.34177640168335 0.000000000000000
 11 18.27747464417119 0.000000000000000
 12 18.27747516109945 0.000000000000000

 spin=1 k-point=546/580 Cartesian=0.1038615732951112 -0.02998225365019574 0.09595455592231543 (1336 plane wave)
 1 -0.5674339167767688 0.003472222222222178
 2 -0.5674330181105653 0.003472222222222178
 3 7.428106251084887 0.000000000000000
 4 7.428107123003579 0.000000000000000
 5 10.11137872093737 0.000000000000000
 6 10.11137908166215 0.000000000000000
 7 11.05699043982727 0.000000000000000
 8 11.05699100773540 0.000000000000000
 9 15.64101470149623 0.000000000000000
 10 15.64101555142229 0.000000000000000
 11 18.62420024009540 0.000000000000000
 12 18.62420034251706 0.000000000000000

 spin=1 k-point=547/580 Cartesian=-0.07789617997133380 0.04497338047529403 0.09595455592231543 (1336 plane wave)
 1 -1.100362760391159 0.003472222222222178
 2 -1.100361860328483 0.003472222222222178
 3 8.426885969739219 0.000000000000000
 4 8.426886780614813 0.000000000000000
 5 9.943931960055259 0.000000000000000
 6 9.943932100453070 0.000000000000000
 7 12.79797405432425 0.000000000000000
 8 12.79797495167760 0.000000000000000
 9 14.17970352009902 0.000000000000000
 10 14.17970437678068 0.000000000000000
 11 19.63186662953934 0.000000000000000
 12 19.63186670827652 0.000000000000000

 spin=1 k-point=548/580 Cartesian=-0.05193078664755722 0.05996450730039096 0.09595455592231543 (1330 plane wave)
 1 -1.367111921078660 0.003472222222222178
 2 -1.367111020331451 0.003472222222222178
 3 9.265649004044297 0.000000000000000
 4 9.265649299499728 0.000000000000000
 5 10.08553775625708 0.000000000000000
 6 10.08553837360003 0.000000000000000
 7 11.64242916291848 0.000000000000000
 8 11.64242998013902 0.000000000000000
 9 16.43192235086531 0.000000000000000
 10 16.43192322205662 0.000000000000000
 11 19.51585410419473 0.000000000000000
 12 19.51585491767666 0.000000000000000

 spin=1 k-point=549/580 Cartesian=-0.02596539332377619 0.07495563412549044 0.09595455592231543 (1330 plane wave)
 1 -1.367111921192935 0.003472222222222178
 2 -1.367111020268420 0.003472222222222178
 3 9.265648999158792 0.000000000000000
 4 9.265649304052682 0.000000000000000
 5 10.08553776443615 0.000000000000000
 6 10.08553836289965 0.000000000000000
 7 11.64242916343281 0.000000000000000
 8 11.64242998574622 0.000000000000000
 9 16.43192234662115 0.000000000000000
 10 16.43192322047076 0.000000000000000
 11 19.51585410362866 0.000000000000000
 12 19.51585491587259 0.000000000000000

 spin=1 k-point=550/580 Cartesian=0.000000000000000 0.1199290146007810 0.09595455592231543 (1346 plane wave)
 1 -0.1688768974453159 0.003472222222222175
 2 -0.1688759984161126 0.003472222222222175
 3 6.259772909095370 0.000000000000000
 4 6.259773790102118 0.000000000000000
 5 10.72453766808626 0.000000000000000
 6 10.72453775461213 0.000000000000000
 7 12.12455049020398 0.000000000000000
 8 12.12455138825091 0.000000000000000
 9 13.54525630647077 0.000000000000000
 10 13.54525712119518 0.000000000000000
 11 17.50165462616534 0.000000000000000
 12 17.50165473276573 0.000000000000000

 spin=1 k-point=551/580 Cartesian=0.02596539332377698 0.1349201414258782 0.09595455592231543 (1346 plane wave)
 1 0.4935174308730608 0.003472222222219999
 2 0.4935183275609638 0.003472222222219999
 3 5.339197269561990 4.992575617039181e-12
 4 5.339198152377291 4.992531542001530e-12
 5 10.02049694387028 0.000000000000000
 6 10.02049776233060 0.000000000000000
 7 11.60630854948752 0.000000000000000
 8 11.60630867796928 0.000000000000000
 9 14.99653172402479 0.000000000000000
 10 14.99653246747351 0.000000000000000
 11 16.72620601792240 0.000000000000000
 12 16.72620622030516 0.000000000000000

 spin=1 k-point=552/580 Cartesian=0.05193078664755799 0.1499112682509776 0.09595455592231543 (1352 plane wave)
 1 1.414475763790587 0.003472222200443212
 2 1.414476653819444 0.003472222200443018
 3 4.677926597618522 3.716951799652356e-09
 4 4.677927473013648 3.716919261806752e-09
 5 7.887905165581593 0.000000000000000
 6 7.887906042701930 0.000000000000000
 7 12.45746716625785 0.000000000000000
 8 12.45746723870547 0.000000000000000
 9 15.64878536265673 0.000000000000000
 10 15.64878546881424 0.000000000000000
 11 17.72476464545936 0.000000000000000
 12 17.72476538113007 0.000000000000000

 spin=1 k-point=553/580 Cartesian=0.07789617997133459 0.1649023950760746 0.09595455592231543 (1352 plane wave)
 1 2.570238485836160 0.003469946247377883
 2 2.570239344802730 0.003469946227840746
 3 4.279175195583143 2.004093995002409e-07
 4 4.279176029997958 2.004077273576053e-07
 5 5.961574934159264 9.894005236651132e-15
 6 5.961575789639443 9.893920595738820e-15
 7 13.55460714279606 0.000000000000000
 8 13.55460719908070 0.000000000000000
 9 15.35163166534941 0.000000000000000
 10 15.35163173063393 0.000000000000000
 11 17.08221240324900 0.000000000000000
 12 17.08221253644294 0.000000000000000

 spin=1 k-point=554/580 Cartesian=0.1038615732951112 0.1798935219011715 0.09595455592231543 (1332 plane wave)
 1 3.572452449308227 0.0002201669857418634
 2 3.572453034513992 0.0002201657790116382
 3 4.134533568666824 8.511526186650263e-07
 4 4.134534496252256 8.511447254673483e-07
 5 4.711421604742976 2.659010537152436e-09
 6 4.711422182124752 2.658995184562510e-09
 7 14.38551525783121 0.000000000000000
 8 14.38551527547942 0.000000000000000
 9 15.25642372722439 0.000000000000000
 10 15.25642378129707 0.000000000000000
 11 15.99442433395530 0.000000000000000
 12 15.99442455467348 0.000000000000000

 spin=1 k-point=555/580 Cartesian=0.1298269666188922 0.1948846487262710 0.09595455592231543 (1352 plane wave)
 1 2.570238490604360 0.003469946247269430
 2 2.570239341344020 0.003469946227919414
 3 4.279175186182589 2.004094183387538e-07
 4 4.279176038196820 2.004077109273959e-07
 5 5.961574938231692 9.894004833724859e-15
 6 5.961575784937708 9.893921060924881e-15
 7 13.55460714361377 0.000000000000000
 8 13.55460719798813 0.000000000000000
 9 15.35163165595183 0.000000000000000
 10 15.35163174354768 0.000000000000000
 11 17.08221240890044 0.000000000000000
 12 17.08221252343959 0.000000000000000

 spin=1 k-point=556/580 Cartesian=0.1557923599426688 0.2098757755513679 0.09595455592231543 (1352 plane wave)
 1 1.414475766196200 0.003472222200443212
 2 1.414476652221629 0.003472222200443018
 3 4.677926593258753 3.716951961702741e-09
 4 4.677927477077044 3.716919110773728e-09
 5 7.887905166729571 0.000000000000000
 6 7.887906039725064 0.000000000000000
 7 12.45746716641359 0.000000000000000
 8 12.45746723825198 0.000000000000000
 9 15.64878535639531 0.000000000000000
 10 15.64878547746116 0.000000000000000
 11 17.72476464059077 0.000000000000000
 12 17.72476537794980 0.000000000000000

 spin=1 k-point=557/580 Cartesian=0.1298269666188922 -0.04497338047529010 0.09595455592231543 (1346 plane wave)
 1 0.4935174322852307 0.003472222222219999
 2 0.4935183266704424 0.003472222222219999
 3 5.339197267284195 4.992575730759837e-12
 4 5.339198154907106 4.992531415699686e-12
 5 10.02049694308955 0.000000000000000
 6 10.02049776001564 0.000000000000000
 7 11.60630854684596 0.000000000000000
 8 11.60630867821166 0.000000000000000
 9 14.99653172754115 0.000000000000000
 10 14.99653246753310 0.000000000000000
 11 16.72620601566744 0.000000000000000
 12 16.72620622609259 0.000000000000000

 spin=1 k-point=558/580 Cartesian=-0.1038615732951104 0.05996450730039096 0.09595455592231543 (1346 plane wave)
 1 -0.1688768966270647 0.003472222222222175
 2 -0.1688759989164565 0.003472222222222175
 3 6.259772908249699 0.000000000000000
 4 6.259773791712782 0.000000000000000
 5 10.72453766406542 0.000000000000000
 6 10.72453776049400 0.000000000000000
 7 12.12455047927265 0.000000000000000
 8 12.12455137685242 0.000000000000000
 9 13.54525631927227 0.000000000000000
 10 13.54525712788123 0.000000000000000
 11 17.50165462572492 0.000000000000000
 12 17.50165473774026 0.000000000000000

 spin=1 k-point=559/580 Cartesian=-0.07789617997133380 0.07495563412548789 0.09595455592231543 (1336 plane wave)
 1 -0.5674339171383669 0.003472222222222178
 2 -0.5674330178598224 0.003472222222222178
 3 7.428106253428308 0.000000000000000
 4 7.428107121247794 0.000000000000000
 5 10.11137871800086 0.000000000000000
 6 10.11137908241936 0.000000000000000
 7 11.05699044148597 0.000000000000000
 8 11.05699100844549 0.000000000000000
 9 15.64101469998511 0.000000000000000
 10 15.64101555082942 0.000000000000000
 11 18.62420024614361 0.000000000000000
 12 18.62420033965826 0.000000000000000

 spin=1 k-point=560/580 Cartesian=-0.05193078664755722 0.08994676095058482 0.09595455592231543 (1336 plane wave)
 1 -0.7004323727847909 0.003472222222222178
 2 -0.7004314728533625 0.003472222222222178
 3 8.674535932170325 0.000000000000000
 4 8.674536556446201 0.000000000000000
 5 8.960535892965918 0.000000000000000
 6 8.960536446811901 0.000000000000000
 7 10.61310910160135 0.000000000000000
 8 10.61310928623790 0.000000000000000
 9 18.31612757409238 0.000000000000000
 10 18.31612826321800 0.000000000000000
 11 18.65720351104139 0.000000000000000
 12 18.65720397931477 0.000000000000000

 spin=1 k-point=561/580 Cartesian=-0.02596539332377619 0.1049378877756843 0.09595455592231543 (1336 plane wave)
 1 -0.5674339175181942 0.003472222222222178
 2 -0.5674330176311817 0.003472222222222178
 3 7.428106252781404 0.000000000000000
 4 7.428107120543131 0.000000000000000
 5 10.11137872529854 0.000000000000000
 6 10.11137907547102 0.000000000000000
 7 11.05699043996735 0.000000000000000
 8 11.05699101531522 0.000000000000000
 9 15.64101469738227 0.000000000000000
 10 15.64101554910732 0.000000000000000
 11 18.62420024425142 0.000000000000000
 12 18.62420033420359 0.000000000000000

 spin=1 k-point=562/580 Cartesian=0.000000000000000 0.1499112682509800 0.09595455592231543 (1340 plane wave)
 1 1.017019292651845 0.003472222221813007
 2 1.017020185023477 0.003472222221813003
 3 4.292587044057366 1.752565672135922e-07
 4 4.292587923522953 1.752550259765883e-07
 5 11.71918997429503 0.000000000000000
 6 11.71919018090432 0.000000000000000
 7 11.72030171509608 0.000000000000000
 8 11.72030261330085 0.000000000000000
 9 13.17747254929712 0.000000000000000
 10 13.17747316202683 0.000000000000000
 11 15.70019887681949 0.000000000000000
 12 15.70019905563185 0.000000000000000

 spin=1 k-point=563/580 Cartesian=0.02596539332377698 0.1649023950760771 0.09595455592231543 (1346 plane wave)
 1 1.783475330928978 0.003472221350090003
 2 1.783476199881708 0.003472221350082424
 3 3.526677597073025 0.0003356225144952424
 4 3.526678449213707 0.0003356199309707364
 5 9.812631998301049 0.000000000000000
 6 9.812632869546858 0.000000000000000
 7 12.75013052092937 0.000000000000000
 8 12.75013058997972 0.000000000000000
 9 14.14852493885962 0.000000000000000
 10 14.14852530295044 0.000000000000000
 11 15.58991236935940 0.000000000000000
 12 15.58991294336077 0.000000000000000

 spin=1 k-point=564/580 Cartesian=0.05193078664755799 0.1798935219011766 0.09595455592231543 (1360 plane wave)
 1 2.574952400450303 0.003469836466394210
 2 2.574953061400895 0.003469836450636322
 3 3.258527321315825 0.002117463781892717
 4 3.258527937060929 0.002117458694775894
 5 7.757644288038780 0.000000000000000
 6 7.757645170636871 0.000000000000000
 7 13.49135989504004 0.000000000000000
 8 13.49135994659013 0.000000000000000
 9 14.38335256918987 0.000000000000000
 10 14.38335269623969 0.000000000000000
 11 17.56974957333799 0.000000000000000
 12 17.56975033283982 0.000000000000000

 spin=1 k-point=565/580 Cartesian=0.07789617997133459 0.1948846487262736 0.09595455592231543 (1352 plane wave)
 1 2.570238484537111 0.003469946247407430
 2 2.570239346020633 0.003469946227813045
 3 4.279175199135929 2.004093923805321e-07
 4 4.279176026792251 2.004077337817220e-07
 5 5.961574932334261 9.894005417217141e-15
 6 5.961575791145673 9.893920446713500e-15
 7 13.55460714148826 0.000000000000000
 8 13.55460720021863 0.000000000000000
 9 15.35163166700733 0.000000000000000
 10 15.35163172823153 0.000000000000000
 11 17.08221240150688 0.000000000000000
 12 17.08221253980303 0.000000000000000

 spin=1 k-point=566/580 Cartesian=0.1038615732951112 0.2098757755513705 0.09595455592231543 (1352 plane wave)
 1 2.570238487074691 0.003469946247349713
 2 2.570239343991693 0.003469946227859193
 3 4.279175194693027 2.004094012840157e-07
 4 4.279176031367047 2.004077246140020e-07
 5 5.961574934032784 9.894005249165088e-15
 6 5.961575788429179 9.893920715481441e-15
 7 13.55460714291656 0.000000000000000
 8 13.55460719859962 0.000000000000000
 9 15.35163166234717 0.000000000000000
 10 15.35163173557160 0.000000000000000
 11 17.08221240412242 0.000000000000000
 12 17.08221253146120 0.000000000000000

 spin=1 k-point=567/580 Cartesian=0.1298269666188922 0.2248669023764700 0.09595455592231543 (1360 plane wave)
 1 2.574952416155424 0.003469836466019782
 2 2.574953048088064 0.003469836450953718
 3 3.258527303660630 0.002117463927754986
 4 3.258527952993119 0.002117458563148425
 5 7.757644288188676 0.000000000000000
 6 7.757645168342703 0.000000000000000
 7 13.49135989328587 0.000000000000000
 8 13.49135994771678 0.000000000000000
 9 14.38335255215586 0.000000000000000
 10 14.38335271512370 0.000000000000000
 11 17.56974956980008 0.000000000000000
 12 17.56975032966012 0.000000000000000

 spin=1 k-point=568/580 Cartesian=0.1557923599426688 0.2398580292015669 0.09595455592231543 (1346 plane wave)
 1 1.783475335735256 0.003472221350089961
 2 1.783476196304783 0.003472221350082456
 3 3.526677591387150 0.0003356225317337663
 4 3.526678454396495 0.0003356199152575883
 5 9.812631996546591 0.000000000000000
 6 9.812632866899756 0.000000000000000
 7 12.75013052163897 0.000000000000000
 8 12.75013058836027 0.000000000000000
 9 14.14852493577631 0.000000000000000
 10 14.14852530613502 0.000000000000000
 11 15.58991237008756 0.000000000000000
 12 15.58991294901259 0.000000000000000

 spin=1 k-point=569/580 Cartesian=-0.1298269666188914 0.07495563412549044 0.09595455592231543 (1340 plane wave)
 1 1.017019294825809 0.003472222221813007
 2 1.017020183514125 0.003472222221813003
 3 4.292587041357186 1.752565719455968e-07
 4 4.292587926407673 1.752550209212277e-07
 5 11.71918997282534 0.000000000000000
 6 11.71919018823267 0.000000000000000
 7 11.72030170424971 0.000000000000000
 8 11.72030260192633 0.000000000000000
 9 13.17747256021721 0.000000000000000
 10 13.17747316432926 0.000000000000000
 11 15.70019887543102 0.000000000000000
 12 15.70019906242744 0.000000000000000

 spin=1 k-point=570/580 Cartesian=-0.1038615732951104 0.08994676095058993 0.09595455592231543 (1346 plane wave)
 1 0.4935174317749656 0.003472222222219999
 2 0.4935183270294545 0.003472222222219999
 3 5.339197268837382 4.992575653215762e-12
 4 5.339198153720472 4.992531474942801e-12
 5 10.02049694070059 0.000000000000000
 6 10.02049776161211 0.000000000000000
 7 11.60630855083484 0.000000000000000
 8 11.60630867546313 0.000000000000000
 9 14.99653172439049 0.000000000000000
 10 14.99653246771730 0.000000000000000
 11 16.72620602082388 0.000000000000000
 12 16.72620622419031 0.000000000000000

 spin=1 k-point=571/580 Cartesian=-0.07789617997133380 0.1049378877756869 0.09595455592231543 (1348 plane wave)
 1 0.2300558391632231 0.003472222222222022
 2 0.2300567367363001 0.003472222222222022
 3 6.628143916583642 0.000000000000000
 4 6.628144776610418 0.000000000000000
 5 8.275984039572919 0.000000000000000
 6 8.275984892128829 0.000000000000000
 7 11.34726002121457 0.000000000000000
 8 11.34726011545739 0.000000000000000
 9 17.34177607084953 0.000000000000000
 10 17.34177639350672 0.000000000000000
 11 18.27747465945768 0.000000000000000
 12 18.27747516160430 0.000000000000000

 spin=1 k-point=572/580 Cartesian=-0.05193078664755722 0.1199290146007838 0.09595455592231543 (1348 plane wave)
 1 0.2300558388387902 0.003472222222222022
 2 0.2300567369497509 0.003472222222222022
 3 6.628143916581917 0.000000000000000
 4 6.628144775333999 0.000000000000000
 5 8.275984040755960 0.000000000000000
 6 8.275984893176267 0.000000000000000
 7 11.34726002055901 0.000000000000000
 8 11.34726011629823 0.000000000000000
 9 17.34177607646947 0.000000000000000
 10 17.34177638884662 0.000000000000000
 11 18.27747466014706 0.000000000000000
 12 18.27747516094648 0.000000000000000

 spin=1 k-point=573/580 Cartesian=-0.02596539332377619 0.1349201414258833 0.09595455592231543 (1346 plane wave)
 1 0.4935174307162189 0.003472222222219999
 2 0.4935183277379623 0.003472222222219999
 3 5.339197270067801 4.992575591786137e-12
 4 5.339198151745885 4.992531573524658e-12
 5 10.02049694463264 0.000000000000000
 6 10.02049776177521 0.000000000000000
 7 11.60630854850836 0.000000000000000
 8 11.60630867917064 0.000000000000000
 9 14.99653172466855 0.000000000000000
 10 14.99653246546992 0.000000000000000
 11 16.72620602008602 0.000000000000000
 12 16.72620621891319 0.000000000000000

 spin=1 k-point=574/580 Cartesian=0.000000000000000 0.1798935219011738 0.09595455592231543 (1352 plane wave)
 1 2.176951061257480 0.001736088806705901
 2 2.176951725355962 0.001736088806557779
 3 2.870319939664683 0.001713518264036921
 4 2.870320551869208 0.001713518127522000
 5 11.58552626116258 0.000000000000000
 6 11.58552715937991 0.000000000000000
 7 12.33940870950398 0.000000000000000
 8 12.33940936621100 0.000000000000000
 9 13.10906063239322 0.000000000000000
 10 13.10906067961775 0.000000000000000
 11 14.75642234547032 0.000000000000000
 12 14.75642268578309 0.000000000000000

 spin=1 k-point=575/580 Cartesian=0.02596539332377698 0.1948846487262710 0.09595455592231543 (1346 plane wave)
 1 1.783475330727298 0.003472221350090004
 2 1.783476200111780 0.003472221350082422
 3 3.526677597431179 0.0003356225134093853
 4 3.526678448809188 0.0003356199321971535
 5 9.812631998450701 0.000000000000000
 6 9.812632869499469 0.000000000000000
 7 12.75013051889161 0.000000000000000
 8 12.75013059219235 0.000000000000000
 9 14.14852494076761 0.000000000000000
 10 14.14852530031487 0.000000000000000
 11 15.58991237001306 0.000000000000000
 12 15.58991294307044 0.000000000000000

 spin=1 k-point=576/580 Cartesian=0.05193078664755799 0.2098757755513705 0.09595455592231543 (1352 plane wave)
 1 1.414475763332828 0.003472222200443212
 2 1.414476654304803 0.003472222200443018
 3 4.677926598927033 3.716951751015680e-09
 4 4.677927471618213 3.716919313673886e-09
 5 7.887905165039457 0.000000000000000
 6 7.887906043307783 0.000000000000000
 7 12.45746716560093 0.000000000000000
 8 12.45746723936212 0.000000000000000
 9 15.64878536456613 0.000000000000000
 10 15.64878546561120 0.000000000000000
 11 17.72476464734990 0.000000000000000
 12 17.72476538147729 0.000000000000000

 spin=1 k-point=577/580 Cartesian=0.07789617997133459 0.2248669023764674 0.09595455592231543 (1348 plane wave)
 1 1.287090523563278 0.003472222216129475
 2 1.287091416689833 0.003472222216129420
 3 5.858199848917602 2.781791250008702e-14
 4 5.858200473162666 2.781773884864059e-14
 5 6.448424288817803 0.000000000000000
 6 6.448424942198311 0.000000000000000
 7 12.34452356806886 0.000000000000000
 8 12.34452364278597 0.000000000000000
 9 16.79448754950424 0.000000000000000
 10 16.79448759922070 0.000000000000000
 11 17.58081261763772 0.000000000000000
 12 17.58081279514522 0.000000000000000

 spin=1 k-point=578/580 Cartesian=0.1038615732951112 0.2398580292015643 0.09595455592231543 (1352 plane wave)
 1 1.414475764802670 0.003472222200443212
 2 1.414476653223676 0.003472222200443018
 3 4.677926596811494 3.716951829649168e-09
 4 4.677927474272179 3.716919215028180e-09
 5 7.887905164502847 0.000000000000000
 6 7.887906041554411 0.000000000000000
 7 12.45746716741525 0.000000000000000
 8 12.45746723751185 0.000000000000000
 9 15.64878535698256 0.000000000000000
 10 15.64878547423747 0.000000000000000
 11 17.72476464480770 0.000000000000000
 12 17.72476537889678 0.000000000000000

 spin=1 k-point=579/580 Cartesian=0.1298269666188922 0.2548491560266638 0.09595455592231543 (1346 plane wave)
 1 1.783475335073973 0.003472221350089967
 2 1.783476196782946 0.003472221350082451
 3 3.526677592431438 0.0003356225285676780
 4 3.526678453603892 0.0003356199176605959
 5 9.812631995873160 0.000000000000000
 6 9.812632867449707 0.000000000000000
 7 12.75013052512289 0.000000000000000
 8 12.75013058604572 0.000000000000000
 9 14.14852493238771 0.000000000000000
 10 14.14852530694468 0.000000000000000
 11 15.58991237264496 0.000000000000000
 12 15.58991294822987 0.000000000000000

 spin=1 k-point=580/580 Cartesian=0.1557923599426688 0.2698402828517608 0.09595455592231543 (1352 plane wave)
 1 2.176951077450902 0.001736088806702289
 2 2.176951711667824 0.001736088806560832
 3 2.870319922402502 0.001713518267886187
 4 2.870320567412435 0.001713518124056019
 5 11.58552625037335 0.000000000000000
 6 11.58552714809534 0.000000000000000
 7 12.33940871314028 0.000000000000000
 8 12.33940938133357 0.000000000000000
 9 13.10906062951864 0.000000000000000
 10 13.10906067792297 0.000000000000000
 11 14.75642234363604 0.000000000000000
 12 14.75642269745097 0.000000000000000

