                                                                                     
                              ABACUS v3.11.0-beta.5

               Atomic-orbital Based Ab-initio Computation at UStc                    

                     Website: http://abacus.ustc.edu.cn/                             
               Documentation: https://abacus.deepmodeling.com/                       
                  Repository: https://github.com/abacusmodeling/abacus-develop       
                              https://github.com/deepmodeling/abacus-develop         
                      Commit: unknown

    Start Time is Wed Aug  5 15:06:40 2026
                                                                                     
 ------------------------------------------------------------------------------------

 READING GENERAL INFORMATION
                           global_out_dir = OUT.s1_mg_ksdft_k012x012x008/
                           global_in_card = INPUT
                               pseudo_dir = ./
                              orbital_dir = 
                                    DRANK = 1
                                    DSIZE = 4
                                   DCOLOR = 1
                                    GRANK = 1
                                    GSIZE = 1


 >>>>>>>>>>>>>>>>>>>>>>>>>>>>>>>>>>>>>>>>>>>>>>>>>>>>>>>>>>>>>>>>>>>>>>
 |                                                                    |
 |                        #Setup Unitcell#                            |
 | From the input file and the structure file we know the number of   |
 | different elments in this unitcell, then we list the detail        |
 | information for each element, especially the zeta and polar atomic |
 | orbital number for each element. The total atom number is counted. |
 | We calculate the nearest atom distance for each atom and show the  |
 | Cartesian and Direct coordinates for each atom. We list the file   |
 | address for atomic orbitals. The volume and the lattice vectors    |
 | in real and reciprocal space is also shown.                        |
 |                                                                    |
 <<<<<<<<<<<<<<<<<<<<<<<<<<<<<<<<<<<<<<<<<<<<<<<<<<<<<<<<<<<<<<<<<<<<<<

 READING UNITCELL INFORMATION
                       Number of elements = 1
                  Lattice constant (Bohr) = 1.88973
              Lattice constant (Angstrom) = 1

 READING ATOM TYPE 1
                               Atom label = Mg
                      L=0, number of zeta = 1
                      L=1, number of zeta = 1
                      L=2, number of zeta = 1
            Number of atoms for this type = 2

                        TOTAL ATOM NUMBER = 2

 DIRECT COORDINATES
 atom                  x                  y                  z     mag
   Mg     0.000000000000     0.000000000000     0.000000000000  0.0000
   Mg     0.666666666666     0.333333333334     0.500000000000  0.0000

 ATOMIC VELOCITIES
 atom                 vx                 vy                 vz
   Mg                  0                  0                  0
   Mg                  0                  0                  0

                     Cell volume (Bohr^3) = 313.675
                        Cell volume (A^3) = 46.4817

 Lattice vectors: (Cartesian coordinate: in unit of a_0)
              +3.2094                  +0                  +0
              -1.6047            +2.77942                  +0
                   +0                  +0             +5.2108
 Reciprocal vectors: (Cartesian coordinate: in unit of 2 pi/a_0)
            +0.311585           +0.179894                  -0
                   +0           +0.359787                  -0
                   +0                  -0           +0.191909

 #ENERGY SOLVER# ksdft_pw
 RUNNING WITH DEVICE  : CPU / Intel(R) Xeon(R) Platinum 8368Q CPU @ 2.60GHz (x2)


 >>>>>>>>>>>>>>>>>>>>>>>>>>>>>>>>>>>>>>>>>>>>>>>>>>>>>>>>>>>>>>>>>>>>>>
 |                                                                    |
 |                 #Read Pseudopotentials Files#                      |
 | ABACUS supports norm-conserving (NC) pseudopotentials for both     |
 | plane wave basis and numerical atomic orbital basis sets.          |
 | In addition, ABACUS supports ultrasoft pseudopotentials (USPP)     |
 | for plane wave basis set.                                          |
 |                                                                    |
 <<<<<<<<<<<<<<<<<<<<<<<<<<<<<<<<<<<<<<<<<<<<<<<<<<<<<<<<<<<<<<<<<<<<<<

                PAO radial cut off (Bohr) = 16

                     Pseudopotential file = mg.lda.lps
                     Pseudopotential type = 
          Exchange-correlation functional = PZ
                 Nonlocal core correction = 0
                        Valence electrons = 2
                                     Lmax = 0
                           Number of zeta = 0
                     Number of projectors = 0
                    DFT functional set to = XC_LDA_X+XC_LDA_C_PZ
         Number of pseudo atomic orbitals = 0
            Electron number of element Mg = 2
      Total electron number of element Mg = 4
          Autoset the number of electrons = 4
               Occupied electronic states = 2
     Number of electronic states (NBANDS) = 12


 >>>>>>>>>>>>>>>>>>>>>>>>>>>>>>>>>>>>>>>>>>>>>>>>>>>>>>>>>>>>>>>>>>>>>>
 |                                                                    |
 |           #Setup Plane Waves of Charge/Potential#                  |
 | Use the kinetic energy cutoff and the lattice vectors to generate  |
 | the dimensions of FFT grid, which is used to represent the charge  |
 | density or potential. If USPP is used, a double grid technique     |
 | is applied.                                                        |
 |                                                                    |
 <<<<<<<<<<<<<<<<<<<<<<<<<<<<<<<<<<<<<<<<<<<<<<<<<<<<<<<<<<<<<<<<<<<<<

 SETUP PLANE WAVES FOR CHARGE/POTENTIAL
  Energy cutoff for charge/potential (Ry) = 160
            FFT grid for charge/potential = [ 25, 25, 40 ]
           Number of FFT grids this proc. = 6250
                Division for big FFT grid = [ 1, 1, 1 ]
      FFT (big) grid for charge/potential = [ 25, 25, 40 ]
     Number of FFT (big) grids this proc. = 6250
                    Number of plane waves = 10695
        Number of sticks on FFT x-y plane = 409

 PARALLEL PW FOR CHARGE/POTENTIAL
     PROC   COLUMNS(POT)             PW
        1            102           2674
        2            102           2674
        3            103           2675
        4            102           2672
 --------------- SUM -------------------
        4            409          10695

                            Number of |g| = 543
                                  Max |g| = 14.4603
                                  Min |g| = 0.129447
 DONE : SETUP UNITCELL Time : 0.0355071 (SEC)


 >>>>>>>>>>>>>>>>>>>>>>>>>>>>>>>>>>>>>>>>>>>>>>>>>>>>>>>>>>>>>>>>>>>>>>
 |                                                                    |
 |                       #Setup K-points#                             |
 | We setup the k-points according to input parameters.               |
 | The reduced k-points are set according to symmetry operations.     |
 | We treat the spin as another set of k-points.                      |
 |                                                                    |
 <<<<<<<<<<<<<<<<<<<<<<<<<<<<<<<<<<<<<<<<<<<<<<<<<<<<<<<<<<<<<<<<<<<<<<


 SETUP K-POINTS
                                    nspin = 1
                   Input type of k points = Monkhorst-Pack(Gamma)
                                   nkstot = 1152
           Number of irreducible k-points = 580

 K-POINTS REDUCTION ACCORDING TO SYMMETRY
     IBZ    DIRECT_X    DIRECT_Y    DIRECT_Z  WEIGHT  ibz2bz
       1  0.00000000  0.00000000  0.00000000  0.0009       0
       2  0.08333333  0.00000000  0.00000000  0.0017       1
       3  0.16666667  0.00000000  0.00000000  0.0017       2
       4  0.25000000  0.00000000  0.00000000  0.0017       3
       5  0.33333333  0.00000000  0.00000000  0.0017       4
       6  0.41666667  0.00000000  0.00000000  0.0017       5
       7  0.50000000  0.00000000  0.00000000  0.0009       6
       8  0.00000000  0.08333333  0.00000000  0.0017      12
       9  0.08333333  0.08333333  0.00000000  0.0017      13
      10  0.16666667  0.08333333  0.00000000  0.0017      14
      11  0.25000000  0.08333333  0.00000000  0.0017      15
      12  0.33333333  0.08333333  0.00000000  0.0017      16
      13  0.41666667  0.08333333  0.00000000  0.0017      17
      14  0.50000000  0.08333333  0.00000000  0.0017      18
      15  0.41666667 -0.08333333  0.00000000  0.0017      19
      16  0.33333333 -0.08333333  0.00000000  0.0017      20
      17  0.25000000 -0.08333333  0.00000000  0.0017      21
      18  0.16666667 -0.08333333  0.00000000  0.0017      22
      19 -0.08333333  0.08333333  0.00000000  0.0017      23
      20  0.00000000  0.16666667  0.00000000  0.0017      24
      21  0.08333333  0.16666667  0.00000000  0.0017      25
      22  0.16666667  0.16666667  0.00000000  0.0017      26
      23  0.25000000  0.16666667  0.00000000  0.0017      27
      24  0.33333333  0.16666667  0.00000000  0.0017      28
      25  0.41666667  0.16666667  0.00000000  0.0017      29
      26  0.50000000  0.16666667  0.00000000  0.0017      30
      27  0.41666667 -0.16666667  0.00000000  0.0017      31
      28  0.33333333 -0.16666667  0.00000000  0.0017      32
      29  0.25000000 -0.16666667  0.00000000  0.0017      33
      30 -0.16666667  0.16666667  0.00000000  0.0017      34
      31 -0.08333333  0.16666667  0.00000000  0.0017      35
      32  0.00000000  0.25000000  0.00000000  0.0017      36
      33  0.08333333  0.25000000  0.00000000  0.0017      37
      34  0.16666667  0.25000000  0.00000000  0.0017      38
      35  0.25000000  0.25000000  0.00000000  0.0017      39
      36  0.33333333  0.25000000  0.00000000  0.0017      40
      37  0.41666667  0.25000000  0.00000000  0.0017      41
      38  0.50000000  0.25000000  0.00000000  0.0017      42
      39  0.41666667 -0.25000000  0.00000000  0.0017      43
      40  0.33333333 -0.25000000  0.00000000  0.0017      44
      41 -0.25000000  0.25000000  0.00000000  0.0017      45
      42 -0.16666667  0.25000000  0.00000000  0.0017      46
      43 -0.08333333  0.25000000  0.00000000  0.0017      47
      44  0.00000000  0.33333333  0.00000000  0.0017      48
      45  0.08333333  0.33333333  0.00000000  0.0017      49
      46  0.16666667  0.33333333  0.00000000  0.0017      50
      47  0.25000000  0.33333333  0.00000000  0.0017      51
      48  0.33333333  0.33333333  0.00000000  0.0017      52
      49  0.41666667  0.33333333  0.00000000  0.0017      53
      50  0.50000000  0.33333333  0.00000000  0.0017      54
      51  0.41666667 -0.33333333  0.00000000  0.0017      55
      52 -0.33333333  0.33333333  0.00000000  0.0017      56
      53 -0.25000000  0.33333333  0.00000000  0.0017      57
      54 -0.16666667  0.33333333  0.00000000  0.0017      58
      55 -0.08333333  0.33333333  0.00000000  0.0017      59
      56  0.00000000  0.41666667  0.00000000  0.0017      60
      57  0.08333333  0.41666667  0.00000000  0.0017      61
      58  0.16666667  0.41666667  0.00000000  0.0017      62
      59  0.25000000  0.41666667  0.00000000  0.0017      63
      60  0.33333333  0.41666667  0.00000000  0.0017      64
      61  0.41666667  0.41666667  0.00000000  0.0017      65
      62  0.50000000  0.41666667  0.00000000  0.0017      66
      63 -0.41666667  0.41666667  0.00000000  0.0017      67
      64 -0.33333333  0.41666667  0.00000000  0.0017      68
      65 -0.25000000  0.41666667  0.00000000  0.0017      69
      66 -0.16666667  0.41666667  0.00000000  0.0017      70
      67 -0.08333333  0.41666667  0.00000000  0.0017      71
      68  0.00000000  0.50000000  0.00000000  0.0009      72
      69  0.08333333  0.50000000  0.00000000  0.0017      73
      70  0.16666667  0.50000000  0.00000000  0.0017      74
      71  0.25000000  0.50000000  0.00000000  0.0017      75
      72  0.33333333  0.50000000  0.00000000  0.0017      76
      73  0.41666667  0.50000000  0.00000000  0.0017      77
      74  0.50000000  0.50000000  0.00000000  0.0009      78
      75  0.00000000  0.00000000  0.12500000  0.0017     144
      76  0.08333333  0.00000000  0.12500000  0.0017     145
      77  0.16666667  0.00000000  0.12500000  0.0017     146
      78  0.25000000  0.00000000  0.12500000  0.0017     147
      79  0.33333333  0.00000000  0.12500000  0.0017     148
      80  0.41666667  0.00000000  0.12500000  0.0017     149
      81  0.50000000  0.00000000  0.12500000  0.0017     150
      82  0.41666667  0.00000000 -0.12500000  0.0017     151
      83  0.33333333  0.00000000 -0.12500000  0.0017     152
      84  0.25000000  0.00000000 -0.12500000  0.0017     153
      85  0.16666667  0.00000000 -0.12500000  0.0017     154
      86 -0.08333333  0.00000000  0.12500000  0.0017     155
      87  0.00000000  0.08333333  0.12500000  0.0017     156
      88  0.08333333  0.08333333  0.12500000  0.0017     157
      89  0.16666667  0.08333333  0.12500000  0.0017     158
      90  0.25000000  0.08333333  0.12500000  0.0017     159
      91  0.33333333  0.08333333  0.12500000  0.0017     160
      92  0.41666667  0.08333333  0.12500000  0.0017     161
      93  0.50000000  0.08333333  0.12500000  0.0017     162
      94  0.41666667 -0.08333333 -0.12500000  0.0017     163
      95  0.33333333 -0.08333333 -0.12500000  0.0017     164
      96  0.25000000 -0.08333333 -0.12500000  0.0017     165
      97 -0.16666667  0.08333333  0.12500000  0.0017     166
      98 -0.08333333  0.08333333  0.12500000  0.0017     167
      99  0.00000000  0.16666667  0.12500000  0.0017     168
     100  0.08333333  0.16666667  0.12500000  0.0017     169
     101  0.16666667  0.16666667  0.12500000  0.0017     170
     102  0.25000000  0.16666667  0.12500000  0.0017     171
     103  0.33333333  0.16666667  0.12500000  0.0017     172
     104  0.41666667  0.16666667  0.12500000  0.0017     173
     105  0.50000000  0.16666667  0.12500000  0.0017     174
     106  0.41666667 -0.16666667 -0.12500000  0.0017     175
     107  0.33333333 -0.16666667 -0.12500000  0.0017     176
     108 -0.25000000  0.16666667  0.12500000  0.0017     177
     109 -0.16666667  0.16666667  0.12500000  0.0017     178
     110 -0.08333333  0.16666667  0.12500000  0.0017     179
     111  0.00000000  0.25000000  0.12500000  0.0017     180
     112  0.08333333  0.25000000  0.12500000  0.0017     181
     113  0.16666667  0.25000000  0.12500000  0.0017     182
     114  0.25000000  0.25000000  0.12500000  0.0017     183
     115  0.33333333  0.25000000  0.12500000  0.0017     184
     116  0.41666667  0.25000000  0.12500000  0.0017     185
     117  0.50000000  0.25000000  0.12500000  0.0017     186
     118  0.41666667 -0.25000000 -0.12500000  0.0017     187
     119 -0.33333333  0.25000000  0.12500000  0.0017     188
     120 -0.25000000  0.25000000  0.12500000  0.0017     189
     121 -0.16666667  0.25000000  0.12500000  0.0017     190
     122 -0.08333333  0.25000000  0.12500000  0.0017     191
     123  0.00000000  0.33333333  0.12500000  0.0017     192
     124  0.08333333  0.33333333  0.12500000  0.0017     193
     125  0.16666667  0.33333333  0.12500000  0.0017     194
     126  0.25000000  0.33333333  0.12500000  0.0017     195
     127  0.33333333  0.33333333  0.12500000  0.0017     196
     128  0.41666667  0.33333333  0.12500000  0.0017     197
     129  0.50000000  0.33333333  0.12500000  0.0017     198
     130 -0.41666667  0.33333333  0.12500000  0.0017     199
     131 -0.33333333  0.33333333  0.12500000  0.0017     200
     132 -0.25000000  0.33333333  0.12500000  0.0017     201
     133 -0.16666667  0.33333333  0.12500000  0.0017     202
     134 -0.08333333  0.33333333  0.12500000  0.0017     203
     135  0.00000000  0.41666667  0.12500000  0.0017     204
     136  0.08333333  0.41666667  0.12500000  0.0017     205
     137  0.16666667  0.41666667  0.12500000  0.0017     206
     138  0.25000000  0.41666667  0.12500000  0.0017     207
     139  0.33333333  0.41666667  0.12500000  0.0017     208
     140  0.41666667  0.41666667  0.12500000  0.0017     209
     141  0.50000000  0.41666667  0.12500000  0.0017     210
     142 -0.41666667  0.41666667  0.12500000  0.0017     211
     143 -0.33333333  0.41666667  0.12500000  0.0017     212
     144 -0.25000000  0.41666667  0.12500000  0.0017     213
     145 -0.16666667  0.41666667  0.12500000  0.0017     214
     146 -0.08333333  0.41666667  0.12500000  0.0017     215
     147  0.00000000  0.50000000  0.12500000  0.0017     216
     148  0.08333333  0.50000000  0.12500000  0.0017     217
     149  0.16666667  0.50000000  0.12500000  0.0017     218
     150  0.25000000  0.50000000  0.12500000  0.0017     219
     151  0.33333333  0.50000000  0.12500000  0.0017     220
     152  0.41666667  0.50000000  0.12500000  0.0017     221
     153  0.50000000  0.50000000  0.12500000  0.0017     222
     154  0.41666667  0.50000000 -0.12500000  0.0017     223
     155  0.33333333  0.50000000 -0.12500000  0.0017     224
     156  0.25000000  0.50000000 -0.12500000  0.0017     225
     157  0.16666667  0.50000000 -0.12500000  0.0017     226
     158 -0.08333333  0.50000000  0.12500000  0.0017     227
     159  0.00000000  0.41666667 -0.12500000  0.0017     228
     160 -0.08333333  0.41666667 -0.12500000  0.0017     229
     161 -0.16666667  0.41666667 -0.12500000  0.0017     230
     162 -0.25000000  0.41666667 -0.12500000  0.0017     231
     163  0.33333333 -0.41666667  0.12500000  0.0017     232
     164  0.41666667 -0.41666667  0.12500000  0.0017     233
     165  0.50000000  0.41666667 -0.12500000  0.0017     234
     166  0.41666667  0.41666667 -0.12500000  0.0017     235
     167  0.33333333  0.41666667 -0.12500000  0.0017     236
     168  0.25000000  0.41666667 -0.12500000  0.0017     237
     169  0.16666667  0.41666667 -0.12500000  0.0017     238
     170  0.08333333  0.41666667 -0.12500000  0.0017     239
     171  0.00000000  0.33333333 -0.12500000  0.0017     240
     172 -0.08333333  0.33333333 -0.12500000  0.0017     241
     173 -0.16666667  0.33333333 -0.12500000  0.0017     242
     174  0.25000000 -0.33333333  0.12500000  0.0017     243
     175  0.33333333 -0.33333333  0.12500000  0.0017     244
     176  0.41666667 -0.33333333  0.12500000  0.0017     245
     177  0.50000000  0.33333333 -0.12500000  0.0017     246
     178  0.41666667  0.33333333 -0.12500000  0.0017     247
     179  0.33333333  0.33333333 -0.12500000  0.0017     248
     180  0.25000000  0.33333333 -0.12500000  0.0017     249
     181  0.16666667  0.33333333 -0.12500000  0.0017     250
     182  0.08333333  0.33333333 -0.12500000  0.0017     251
     183  0.00000000  0.25000000 -0.12500000  0.0017     252
     184 -0.08333333  0.25000000 -0.12500000  0.0017     253
     185  0.16666667 -0.25000000  0.12500000  0.0017     254
     186  0.25000000 -0.25000000  0.12500000  0.0017     255
     187  0.33333333 -0.25000000  0.12500000  0.0017     256
     188  0.41666667 -0.25000000  0.12500000  0.0017     257
     189  0.50000000  0.25000000 -0.12500000  0.0017     258
     190  0.41666667  0.25000000 -0.12500000  0.0017     259
     191  0.33333333  0.25000000 -0.12500000  0.0017     260
     192  0.25000000  0.25000000 -0.12500000  0.0017     261
     193  0.16666667  0.25000000 -0.12500000  0.0017     262
     194  0.08333333  0.25000000 -0.12500000  0.0017     263
     195  0.00000000  0.16666667 -0.12500000  0.0017     264
     196  0.08333333 -0.16666667  0.12500000  0.0017     265
     197  0.16666667 -0.16666667  0.12500000  0.0017     266
     198  0.25000000 -0.16666667  0.12500000  0.0017     267
     199  0.33333333 -0.16666667  0.12500000  0.0017     268
     200  0.41666667 -0.16666667  0.12500000  0.0017     269
     201  0.50000000  0.16666667 -0.12500000  0.0017     270
     202  0.41666667  0.16666667 -0.12500000  0.0017     271
     203  0.33333333  0.16666667 -0.12500000  0.0017     272
     204  0.25000000  0.16666667 -0.12500000  0.0017     273
     205  0.16666667  0.16666667 -0.12500000  0.0017     274
     206  0.08333333  0.16666667 -0.12500000  0.0017     275
     207  0.00000000 -0.08333333  0.12500000  0.0017     276
     208  0.08333333 -0.08333333  0.12500000  0.0017     277
     209  0.16666667 -0.08333333  0.12500000  0.0017     278
     210  0.25000000 -0.08333333  0.12500000  0.0017     279
     211  0.33333333 -0.08333333  0.12500000  0.0017     280
     212  0.41666667 -0.08333333  0.12500000  0.0017     281
     213  0.50000000 -0.08333333  0.12500000  0.0017     282
     214  0.41666667  0.08333333 -0.12500000  0.0017     283
     215  0.33333333  0.08333333 -0.12500000  0.0017     284
     216  0.25000000  0.08333333 -0.12500000  0.0017     285
     217  0.16666667  0.08333333 -0.12500000  0.0017     286
     218  0.08333333  0.08333333 -0.12500000  0.0017     287
     219  0.00000000  0.00000000  0.25000000  0.0017     288
     220  0.08333333  0.00000000  0.25000000  0.0017     289
     221  0.16666667  0.00000000  0.25000000  0.0017     290
     222  0.25000000  0.00000000  0.25000000  0.0017     291
     223  0.33333333  0.00000000  0.25000000  0.0017     292
     224  0.41666667  0.00000000  0.25000000  0.0017     293
     225  0.50000000  0.00000000  0.25000000  0.0017     294
     226  0.41666667  0.00000000 -0.25000000  0.0017     295
     227  0.33333333  0.00000000 -0.25000000  0.0017     296
     228 -0.25000000  0.00000000  0.25000000  0.0017     297
     229 -0.16666667  0.00000000  0.25000000  0.0017     298
     230 -0.08333333  0.00000000  0.25000000  0.0017     299
     231  0.00000000  0.08333333  0.25000000  0.0017     300
     232  0.08333333  0.08333333  0.25000000  0.0017     301
     233  0.16666667  0.08333333  0.25000000  0.0017     302
     234  0.25000000  0.08333333  0.25000000  0.0017     303
     235  0.33333333  0.08333333  0.25000000  0.0017     304
     236  0.41666667  0.08333333  0.25000000  0.0017     305
     237  0.50000000  0.08333333  0.25000000  0.0017     306
     238  0.41666667 -0.08333333 -0.25000000  0.0017     307
     239  0.33333333 -0.08333333 -0.25000000  0.0017     308
     240 -0.25000000  0.08333333  0.25000000  0.0017     309
     241 -0.16666667  0.08333333  0.25000000  0.0017     310
     242 -0.08333333  0.08333333  0.25000000  0.0017     311
     243  0.00000000  0.16666667  0.25000000  0.0017     312
     244  0.08333333  0.16666667  0.25000000  0.0017     313
     245  0.16666667  0.16666667  0.25000000  0.0017     314
     246  0.25000000  0.16666667  0.25000000  0.0017     315
     247  0.33333333  0.16666667  0.25000000  0.0017     316
     248  0.41666667  0.16666667  0.25000000  0.0017     317
     249  0.50000000  0.16666667  0.25000000  0.0017     318
     250 -0.41666667  0.16666667  0.25000000  0.0017     319
     251 -0.33333333  0.16666667  0.25000000  0.0017     320
     252 -0.25000000  0.16666667  0.25000000  0.0017     321
     253 -0.16666667  0.16666667  0.25000000  0.0017     322
     254 -0.08333333  0.16666667  0.25000000  0.0017     323
     255  0.00000000  0.25000000  0.25000000  0.0017     324
     256  0.08333333  0.25000000  0.25000000  0.0017     325
     257  0.16666667  0.25000000  0.25000000  0.0017     326
     258  0.25000000  0.25000000  0.25000000  0.0017     327
     259  0.33333333  0.25000000  0.25000000  0.0017     328
     260  0.41666667  0.25000000  0.25000000  0.0017     329
     261  0.50000000  0.25000000  0.25000000  0.0017     330
     262 -0.41666667  0.25000000  0.25000000  0.0017     331
     263 -0.33333333  0.25000000  0.25000000  0.0017     332
     264 -0.25000000  0.25000000  0.25000000  0.0017     333
     265 -0.16666667  0.25000000  0.25000000  0.0017     334
     266 -0.08333333  0.25000000  0.25000000  0.0017     335
     267  0.00000000  0.33333333  0.25000000  0.0017     336
     268  0.08333333  0.33333333  0.25000000  0.0017     337
     269  0.16666667  0.33333333  0.25000000  0.0017     338
     270  0.25000000  0.33333333  0.25000000  0.0017     339
     271  0.33333333  0.33333333  0.25000000  0.0017     340
     272  0.41666667  0.33333333  0.25000000  0.0017     341
     273  0.50000000  0.33333333  0.25000000  0.0017     342
     274 -0.41666667  0.33333333  0.25000000  0.0017     343
     275 -0.33333333  0.33333333  0.25000000  0.0017     344
     276 -0.25000000  0.33333333  0.25000000  0.0017     345
     277 -0.16666667  0.33333333  0.25000000  0.0017     346
     278 -0.08333333  0.33333333  0.25000000  0.0017     347
     279  0.00000000  0.41666667  0.25000000  0.0017     348
     280  0.08333333  0.41666667  0.25000000  0.0017     349
     281  0.16666667  0.41666667  0.25000000  0.0017     350
     282  0.25000000  0.41666667  0.25000000  0.0017     351
     283  0.33333333  0.41666667  0.25000000  0.0017     352
     284  0.41666667  0.41666667  0.25000000  0.0017     353
     285  0.50000000  0.41666667  0.25000000  0.0017     354
     286 -0.41666667  0.41666667  0.25000000  0.0017     355
     287 -0.33333333  0.41666667  0.25000000  0.0017     356
     288 -0.25000000  0.41666667  0.25000000  0.0017     357
     289 -0.16666667  0.41666667  0.25000000  0.0017     358
     290 -0.08333333  0.41666667  0.25000000  0.0017     359
     291  0.00000000  0.50000000  0.25000000  0.0017     360
     292  0.08333333  0.50000000  0.25000000  0.0017     361
     293  0.16666667  0.50000000  0.25000000  0.0017     362
     294  0.25000000  0.50000000  0.25000000  0.0017     363
     295  0.33333333  0.50000000  0.25000000  0.0017     364
     296  0.41666667  0.50000000  0.25000000  0.0017     365
     297  0.50000000  0.50000000  0.25000000  0.0017     366
     298  0.41666667  0.50000000 -0.25000000  0.0017     367
     299  0.33333333  0.50000000 -0.25000000  0.0017     368
     300 -0.25000000  0.50000000  0.25000000  0.0017     369
     301 -0.16666667  0.50000000  0.25000000  0.0017     370
     302 -0.08333333  0.50000000  0.25000000  0.0017     371
     303  0.00000000  0.41666667 -0.25000000  0.0017     372
     304 -0.08333333  0.41666667 -0.25000000  0.0017     373
     305 -0.16666667  0.41666667 -0.25000000  0.0017     374
     306  0.25000000 -0.41666667  0.25000000  0.0017     375
     307  0.33333333 -0.41666667  0.25000000  0.0017     376
     308  0.41666667 -0.41666667  0.25000000  0.0017     377
     309  0.50000000  0.41666667 -0.25000000  0.0017     378
     310  0.41666667  0.41666667 -0.25000000  0.0017     379
     311  0.33333333  0.41666667 -0.25000000  0.0017     380
     312  0.25000000  0.41666667 -0.25000000  0.0017     381
     313  0.16666667  0.41666667 -0.25000000  0.0017     382
     314  0.08333333  0.41666667 -0.25000000  0.0017     383
     315  0.00000000  0.33333333 -0.25000000  0.0017     384
     316 -0.08333333  0.33333333 -0.25000000  0.0017     385
     317  0.16666667 -0.33333333  0.25000000  0.0017     386
     318  0.25000000 -0.33333333  0.25000000  0.0017     387
     319  0.33333333 -0.33333333  0.25000000  0.0017     388
     320  0.41666667 -0.33333333  0.25000000  0.0017     389
     321  0.50000000  0.33333333 -0.25000000  0.0017     390
     322  0.41666667  0.33333333 -0.25000000  0.0017     391
     323  0.33333333  0.33333333 -0.25000000  0.0017     392
     324  0.25000000  0.33333333 -0.25000000  0.0017     393
     325  0.16666667  0.33333333 -0.25000000  0.0017     394
     326  0.08333333  0.33333333 -0.25000000  0.0017     395
     327  0.00000000 -0.25000000  0.25000000  0.0017     396
     328  0.08333333 -0.25000000  0.25000000  0.0017     397
     329  0.16666667 -0.25000000  0.25000000  0.0017     398
     330  0.25000000 -0.25000000  0.25000000  0.0017     399
     331  0.33333333 -0.25000000  0.25000000  0.0017     400
     332  0.41666667 -0.25000000  0.25000000  0.0017     401
     333  0.50000000 -0.25000000  0.25000000  0.0017     402
     334  0.41666667  0.25000000 -0.25000000  0.0017     403
     335  0.33333333  0.25000000 -0.25000000  0.0017     404
     336  0.25000000  0.25000000 -0.25000000  0.0017     405
     337  0.16666667  0.25000000 -0.25000000  0.0017     406
     338  0.08333333  0.25000000 -0.25000000  0.0017     407
     339  0.00000000 -0.16666667  0.25000000  0.0017     408
     340  0.08333333 -0.16666667  0.25000000  0.0017     409
     341  0.16666667 -0.16666667  0.25000000  0.0017     410
     342  0.25000000 -0.16666667  0.25000000  0.0017     411
     343  0.33333333 -0.16666667  0.25000000  0.0017     412
     344  0.41666667 -0.16666667  0.25000000  0.0017     413
     345  0.50000000 -0.16666667  0.25000000  0.0017     414
     346  0.41666667  0.16666667 -0.25000000  0.0017     415
     347  0.33333333  0.16666667 -0.25000000  0.0017     416
     348  0.25000000  0.16666667 -0.25000000  0.0017     417
     349  0.16666667  0.16666667 -0.25000000  0.0017     418
     350 -0.08333333 -0.16666667  0.25000000  0.0017     419
     351  0.00000000 -0.08333333  0.25000000  0.0017     420
     352  0.08333333 -0.08333333  0.25000000  0.0017     421
     353  0.16666667 -0.08333333  0.25000000  0.0017     422
     354  0.25000000 -0.08333333  0.25000000  0.0017     423
     355  0.33333333 -0.08333333  0.25000000  0.0017     424
     356  0.41666667 -0.08333333  0.25000000  0.0017     425
     357  0.50000000 -0.08333333  0.25000000  0.0017     426
     358  0.41666667  0.08333333 -0.25000000  0.0017     427
     359  0.33333333  0.08333333 -0.25000000  0.0017     428
     360  0.25000000  0.08333333 -0.25000000  0.0017     429
     361 -0.16666667 -0.08333333  0.25000000  0.0017     430
     362 -0.08333333 -0.08333333  0.25000000  0.0017     431
     363  0.00000000  0.00000000  0.37500000  0.0017     432
     364  0.08333333  0.00000000  0.37500000  0.0017     433
     365  0.16666667  0.00000000  0.37500000  0.0017     434
     366  0.25000000  0.00000000  0.37500000  0.0017     435
     367  0.33333333  0.00000000  0.37500000  0.0017     436
     368  0.41666667  0.00000000  0.37500000  0.0017     437
     369  0.50000000  0.00000000  0.37500000  0.0017     438
     370  0.41666667  0.00000000 -0.37500000  0.0017     439
     371 -0.33333333  0.00000000  0.37500000  0.0017     440
     372 -0.25000000  0.00000000  0.37500000  0.0017     441
     373 -0.16666667  0.00000000  0.37500000  0.0017     442
     374 -0.08333333  0.00000000  0.37500000  0.0017     443
     375  0.00000000  0.08333333  0.37500000  0.0017     444
     376  0.08333333  0.08333333  0.37500000  0.0017     445
     377  0.16666667  0.08333333  0.37500000  0.0017     446
     378  0.25000000  0.08333333  0.37500000  0.0017     447
     379  0.33333333  0.08333333  0.37500000  0.0017     448
     380  0.41666667  0.08333333  0.37500000  0.0017     449
     381  0.50000000  0.08333333  0.37500000  0.0017     450
     382 -0.41666667  0.08333333  0.37500000  0.0017     451
     383 -0.33333333  0.08333333  0.37500000  0.0017     452
     384 -0.25000000  0.08333333  0.37500000  0.0017     453
     385 -0.16666667  0.08333333  0.37500000  0.0017     454
     386 -0.08333333  0.08333333  0.37500000  0.0017     455
     387  0.00000000  0.16666667  0.37500000  0.0017     456
     388  0.08333333  0.16666667  0.37500000  0.0017     457
     389  0.16666667  0.16666667  0.37500000  0.0017     458
     390  0.25000000  0.16666667  0.37500000  0.0017     459
     391  0.33333333  0.16666667  0.37500000  0.0017     460
     392  0.41666667  0.16666667  0.37500000  0.0017     461
     393  0.50000000  0.16666667  0.37500000  0.0017     462
     394 -0.41666667  0.16666667  0.37500000  0.0017     463
     395 -0.33333333  0.16666667  0.37500000  0.0017     464
     396 -0.25000000  0.16666667  0.37500000  0.0017     465
     397 -0.16666667  0.16666667  0.37500000  0.0017     466
     398 -0.08333333  0.16666667  0.37500000  0.0017     467
     399  0.00000000  0.25000000  0.37500000  0.0017     468
     400  0.08333333  0.25000000  0.37500000  0.0017     469
     401  0.16666667  0.25000000  0.37500000  0.0017     470
     402  0.25000000  0.25000000  0.37500000  0.0017     471
     403  0.33333333  0.25000000  0.37500000  0.0017     472
     404  0.41666667  0.25000000  0.37500000  0.0017     473
     405  0.50000000  0.25000000  0.37500000  0.0017     474
     406 -0.41666667  0.25000000  0.37500000  0.0017     475
     407 -0.33333333  0.25000000  0.37500000  0.0017     476
     408 -0.25000000  0.25000000  0.37500000  0.0017     477
     409 -0.16666667  0.25000000  0.37500000  0.0017     478
     410 -0.08333333  0.25000000  0.37500000  0.0017     479
     411  0.00000000  0.33333333  0.37500000  0.0017     480
     412  0.08333333  0.33333333  0.37500000  0.0017     481
     413  0.16666667  0.33333333  0.37500000  0.0017     482
     414  0.25000000  0.33333333  0.37500000  0.0017     483
     415  0.33333333  0.33333333  0.37500000  0.0017     484
     416  0.41666667  0.33333333  0.37500000  0.0017     485
     417  0.50000000  0.33333333  0.37500000  0.0017     486
     418 -0.41666667  0.33333333  0.37500000  0.0017     487
     419 -0.33333333  0.33333333  0.37500000  0.0017     488
     420 -0.25000000  0.33333333  0.37500000  0.0017     489
     421 -0.16666667  0.33333333  0.37500000  0.0017     490
     422 -0.08333333  0.33333333  0.37500000  0.0017     491
     423  0.00000000  0.41666667  0.37500000  0.0017     492
     424  0.08333333  0.41666667  0.37500000  0.0017     493
     425  0.16666667  0.41666667  0.37500000  0.0017     494
     426  0.25000000  0.41666667  0.37500000  0.0017     495
     427  0.33333333  0.41666667  0.37500000  0.0017     496
     428  0.41666667  0.41666667  0.37500000  0.0017     497
     429  0.50000000  0.41666667  0.37500000  0.0017     498
     430 -0.41666667  0.41666667  0.37500000  0.0017     499
     431 -0.33333333  0.41666667  0.37500000  0.0017     500
     432 -0.25000000  0.41666667  0.37500000  0.0017     501
     433 -0.16666667  0.41666667  0.37500000  0.0017     502
     434 -0.08333333  0.41666667  0.37500000  0.0017     503
     435  0.00000000  0.50000000  0.37500000  0.0017     504
     436  0.08333333  0.50000000  0.37500000  0.0017     505
     437  0.16666667  0.50000000  0.37500000  0.0017     506
     438  0.25000000  0.50000000  0.37500000  0.0017     507
     439  0.33333333  0.50000000  0.37500000  0.0017     508
     440  0.41666667  0.50000000  0.37500000  0.0017     509
     441  0.50000000  0.50000000  0.37500000  0.0017     510
     442  0.41666667  0.50000000 -0.37500000  0.0017     511
     443 -0.33333333  0.50000000  0.37500000  0.0017     512
     444 -0.25000000  0.50000000  0.37500000  0.0017     513
     445 -0.16666667  0.50000000  0.37500000  0.0017     514
     446 -0.08333333  0.50000000  0.37500000  0.0017     515
     447  0.00000000  0.41666667 -0.37500000  0.0017     516
     448  0.08333333 -0.41666667  0.37500000  0.0017     517
     449  0.16666667 -0.41666667  0.37500000  0.0017     518
     450  0.25000000 -0.41666667  0.37500000  0.0017     519
     451  0.33333333 -0.41666667  0.37500000  0.0017     520
     452  0.41666667 -0.41666667  0.37500000  0.0017     521
     453  0.50000000  0.41666667 -0.37500000  0.0017     522
     454  0.41666667  0.41666667 -0.37500000  0.0017     523
     455  0.33333333  0.41666667 -0.37500000  0.0017     524
     456  0.25000000  0.41666667 -0.37500000  0.0017     525
     457  0.16666667  0.41666667 -0.37500000  0.0017     526
     458  0.08333333  0.41666667 -0.37500000  0.0017     527
     459  0.00000000 -0.33333333  0.37500000  0.0017     528
     460  0.08333333 -0.33333333  0.37500000  0.0017     529
     461  0.16666667 -0.33333333  0.37500000  0.0017     530
     462  0.25000000 -0.33333333  0.37500000  0.0017     531
     463  0.33333333 -0.33333333  0.37500000  0.0017     532
     464  0.41666667 -0.33333333  0.37500000  0.0017     533
     465  0.50000000 -0.33333333  0.37500000  0.0017     534
     466  0.41666667  0.33333333 -0.37500000  0.0017     535
     467  0.33333333  0.33333333 -0.37500000  0.0017     536
     468  0.25000000  0.33333333 -0.37500000  0.0017     537
     469  0.16666667  0.33333333 -0.37500000  0.0017     538
     470  0.08333333  0.33333333 -0.37500000  0.0017     539
     471  0.00000000 -0.25000000  0.37500000  0.0017     540
     472  0.08333333 -0.25000000  0.37500000  0.0017     541
     473  0.16666667 -0.25000000  0.37500000  0.0017     542
     474  0.25000000 -0.25000000  0.37500000  0.0017     543
     475  0.33333333 -0.25000000  0.37500000  0.0017     544
     476  0.41666667 -0.25000000  0.37500000  0.0017     545
     477  0.50000000 -0.25000000  0.37500000  0.0017     546
     478  0.41666667  0.25000000 -0.37500000  0.0017     547
     479  0.33333333  0.25000000 -0.37500000  0.0017     548
     480  0.25000000  0.25000000 -0.37500000  0.0017     549
     481  0.16666667  0.25000000 -0.37500000  0.0017     550
     482 -0.08333333 -0.25000000  0.37500000  0.0017     551
     483  0.00000000 -0.16666667  0.37500000  0.0017     552
     484  0.08333333 -0.16666667  0.37500000  0.0017     553
     485  0.16666667 -0.16666667  0.37500000  0.0017     554
     486  0.25000000 -0.16666667  0.37500000  0.0017     555
     487  0.33333333 -0.16666667  0.37500000  0.0017     556
     488  0.41666667 -0.16666667  0.37500000  0.0017     557
     489  0.50000000 -0.16666667  0.37500000  0.0017     558
     490  0.41666667  0.16666667 -0.37500000  0.0017     559
     491  0.33333333  0.16666667 -0.37500000  0.0017     560
     492  0.25000000  0.16666667 -0.37500000  0.0017     561
     493 -0.16666667 -0.16666667  0.37500000  0.0017     562
     494 -0.08333333 -0.16666667  0.37500000  0.0017     563
     495  0.00000000 -0.08333333  0.37500000  0.0017     564
     496  0.08333333 -0.08333333  0.37500000  0.0017     565
     497  0.16666667 -0.08333333  0.37500000  0.0017     566
     498  0.25000000 -0.08333333  0.37500000  0.0017     567
     499  0.33333333 -0.08333333  0.37500000  0.0017     568
     500  0.41666667 -0.08333333  0.37500000  0.0017     569
     501  0.50000000 -0.08333333  0.37500000  0.0017     570
     502  0.41666667  0.08333333 -0.37500000  0.0017     571
     503  0.33333333  0.08333333 -0.37500000  0.0017     572
     504 -0.25000000 -0.08333333  0.37500000  0.0017     573
     505 -0.16666667 -0.08333333  0.37500000  0.0017     574
     506 -0.08333333 -0.08333333  0.37500000  0.0017     575
     507  0.00000000  0.00000000  0.50000000  0.0009     576
     508  0.08333333  0.00000000  0.50000000  0.0017     577
     509  0.16666667  0.00000000  0.50000000  0.0017     578
     510  0.25000000  0.00000000  0.50000000  0.0017     579
     511  0.33333333  0.00000000  0.50000000  0.0017     580
     512  0.41666667  0.00000000  0.50000000  0.0017     581
     513  0.50000000  0.00000000  0.50000000  0.0009     582
     514  0.00000000  0.08333333  0.50000000  0.0017     588
     515  0.08333333  0.08333333  0.50000000  0.0017     589
     516  0.16666667  0.08333333  0.50000000  0.0017     590
     517  0.25000000  0.08333333  0.50000000  0.0017     591
     518  0.33333333  0.08333333  0.50000000  0.0017     592
     519  0.41666667  0.08333333  0.50000000  0.0017     593
     520  0.50000000  0.08333333  0.50000000  0.0017     594
     521  0.41666667 -0.08333333  0.50000000  0.0017     595
     522  0.33333333 -0.08333333  0.50000000  0.0017     596
     523  0.25000000 -0.08333333  0.50000000  0.0017     597
     524  0.16666667 -0.08333333  0.50000000  0.0017     598
     525 -0.08333333  0.08333333  0.50000000  0.0017     599
     526  0.00000000  0.16666667  0.50000000  0.0017     600
     527  0.08333333  0.16666667  0.50000000  0.0017     601
     528  0.16666667  0.16666667  0.50000000  0.0017     602
     529  0.25000000  0.16666667  0.50000000  0.0017     603
     530  0.33333333  0.16666667  0.50000000  0.0017     604
     531  0.41666667  0.16666667  0.50000000  0.0017     605
     532  0.50000000  0.16666667  0.50000000  0.0017     606
     533  0.41666667 -0.16666667  0.50000000  0.0017     607
     534  0.33333333 -0.16666667  0.50000000  0.0017     608
     535  0.25000000 -0.16666667  0.50000000  0.0017     609
     536 -0.16666667  0.16666667  0.50000000  0.0017     610
     537 -0.08333333  0.16666667  0.50000000  0.0017     611
     538  0.00000000  0.25000000  0.50000000  0.0017     612
     539  0.08333333  0.25000000  0.50000000  0.0017     613
     540  0.16666667  0.25000000  0.50000000  0.0017     614
     541  0.25000000  0.25000000  0.50000000  0.0017     615
     542  0.33333333  0.25000000  0.50000000  0.0017     616
     543  0.41666667  0.25000000  0.50000000  0.0017     617
     544  0.50000000  0.25000000  0.50000000  0.0017     618
     545  0.41666667 -0.25000000  0.50000000  0.0017     619
     546  0.33333333 -0.25000000  0.50000000  0.0017     620
     547 -0.25000000  0.25000000  0.50000000  0.0017     621
     548 -0.16666667  0.25000000  0.50000000  0.0017     622
     549 -0.08333333  0.25000000  0.50000000  0.0017     623
     550  0.00000000  0.33333333  0.50000000  0.0017     624
     551  0.08333333  0.33333333  0.50000000  0.0017     625
     552  0.16666667  0.33333333  0.50000000  0.0017     626
     553  0.25000000  0.33333333  0.50000000  0.0017     627
     554  0.33333333  0.33333333  0.50000000  0.0017     628
     555  0.41666667  0.33333333  0.50000000  0.0017     629
     556  0.50000000  0.33333333  0.50000000  0.0017     630
     557  0.41666667 -0.33333333  0.50000000  0.0017     631
     558 -0.33333333  0.33333333  0.50000000  0.0017     632
     559 -0.25000000  0.33333333  0.50000000  0.0017     633
     560 -0.16666667  0.33333333  0.50000000  0.0017     634
     561 -0.08333333  0.33333333  0.50000000  0.0017     635
     562  0.00000000  0.41666667  0.50000000  0.0017     636
     563  0.08333333  0.41666667  0.50000000  0.0017     637
     564  0.16666667  0.41666667  0.50000000  0.0017     638
     565  0.25000000  0.41666667  0.50000000  0.0017     639
     566  0.33333333  0.41666667  0.50000000  0.0017     640
     567  0.41666667  0.41666667  0.50000000  0.0017     641
     568  0.50000000  0.41666667  0.50000000  0.0017     642
     569 -0.41666667  0.41666667  0.50000000  0.0017     643
     570 -0.33333333  0.41666667  0.50000000  0.0017     644
     571 -0.25000000  0.41666667  0.50000000  0.0017     645
     572 -0.16666667  0.41666667  0.50000000  0.0017     646
     573 -0.08333333  0.41666667  0.50000000  0.0017     647
     574  0.00000000  0.50000000  0.50000000  0.0009     648
     575  0.08333333  0.50000000  0.50000000  0.0017     649
     576  0.16666667  0.50000000  0.50000000  0.0017     650
     577  0.25000000  0.50000000  0.50000000  0.0017     651
     578  0.33333333  0.50000000  0.50000000  0.0017     652
     579  0.41666667  0.50000000  0.50000000  0.0017     653
     580  0.50000000  0.50000000  0.50000000  0.0009     654

                               nkstot now = 580
 K-POINTS DIRECT COORDINATES
 KPOINTS    DIRECT_X    DIRECT_Y    DIRECT_Z  WEIGHT
       1  0.00000000  0.00000000  0.00000000  0.0009
       2  0.08333333  0.00000000  0.00000000  0.0017
       3  0.16666667  0.00000000  0.00000000  0.0017
       4  0.25000000  0.00000000  0.00000000  0.0017
       5  0.33333333  0.00000000  0.00000000  0.0017
       6  0.41666667  0.00000000  0.00000000  0.0017
       7  0.50000000  0.00000000  0.00000000  0.0009
       8  0.00000000  0.08333333  0.00000000  0.0017
       9  0.08333333  0.08333333  0.00000000  0.0017
      10  0.16666667  0.08333333  0.00000000  0.0017
      11  0.25000000  0.08333333  0.00000000  0.0017
      12  0.33333333  0.08333333  0.00000000  0.0017
      13  0.41666667  0.08333333  0.00000000  0.0017
      14  0.50000000  0.08333333  0.00000000  0.0017
      15  0.41666667 -0.08333333  0.00000000  0.0017
      16  0.33333333 -0.08333333  0.00000000  0.0017
      17  0.25000000 -0.08333333  0.00000000  0.0017
      18  0.16666667 -0.08333333  0.00000000  0.0017
      19 -0.08333333  0.08333333  0.00000000  0.0017
      20  0.00000000  0.16666667  0.00000000  0.0017
      21  0.08333333  0.16666667  0.00000000  0.0017
      22  0.16666667  0.16666667  0.00000000  0.0017
      23  0.25000000  0.16666667  0.00000000  0.0017
      24  0.33333333  0.16666667  0.00000000  0.0017
      25  0.41666667  0.16666667  0.00000000  0.0017
      26  0.50000000  0.16666667  0.00000000  0.0017
      27  0.41666667 -0.16666667  0.00000000  0.0017
      28  0.33333333 -0.16666667  0.00000000  0.0017
      29  0.25000000 -0.16666667  0.00000000  0.0017
      30 -0.16666667  0.16666667  0.00000000  0.0017
      31 -0.08333333  0.16666667  0.00000000  0.0017
      32  0.00000000  0.25000000  0.00000000  0.0017
      33  0.08333333  0.25000000  0.00000000  0.0017
      34  0.16666667  0.25000000  0.00000000  0.0017
      35  0.25000000  0.25000000  0.00000000  0.0017
      36  0.33333333  0.25000000  0.00000000  0.0017
      37  0.41666667  0.25000000  0.00000000  0.0017
      38  0.50000000  0.25000000  0.00000000  0.0017
      39  0.41666667 -0.25000000  0.00000000  0.0017
      40  0.33333333 -0.25000000  0.00000000  0.0017
      41 -0.25000000  0.25000000  0.00000000  0.0017
      42 -0.16666667  0.25000000  0.00000000  0.0017
      43 -0.08333333  0.25000000  0.00000000  0.0017
      44  0.00000000  0.33333333  0.00000000  0.0017
      45  0.08333333  0.33333333  0.00000000  0.0017
      46  0.16666667  0.33333333  0.00000000  0.0017
      47  0.25000000  0.33333333  0.00000000  0.0017
      48  0.33333333  0.33333333  0.00000000  0.0017
      49  0.41666667  0.33333333  0.00000000  0.0017
      50  0.50000000  0.33333333  0.00000000  0.0017
      51  0.41666667 -0.33333333  0.00000000  0.0017
      52 -0.33333333  0.33333333  0.00000000  0.0017
      53 -0.25000000  0.33333333  0.00000000  0.0017
      54 -0.16666667  0.33333333  0.00000000  0.0017
      55 -0.08333333  0.33333333  0.00000000  0.0017
      56  0.00000000  0.41666667  0.00000000  0.0017
      57  0.08333333  0.41666667  0.00000000  0.0017
      58  0.16666667  0.41666667  0.00000000  0.0017
      59  0.25000000  0.41666667  0.00000000  0.0017
      60  0.33333333  0.41666667  0.00000000  0.0017
      61  0.41666667  0.41666667  0.00000000  0.0017
      62  0.50000000  0.41666667  0.00000000  0.0017
      63 -0.41666667  0.41666667  0.00000000  0.0017
      64 -0.33333333  0.41666667  0.00000000  0.0017
      65 -0.25000000  0.41666667  0.00000000  0.0017
      66 -0.16666667  0.41666667  0.00000000  0.0017
      67 -0.08333333  0.41666667  0.00000000  0.0017
      68  0.00000000  0.50000000  0.00000000  0.0009
      69  0.08333333  0.50000000  0.00000000  0.0017
      70  0.16666667  0.50000000  0.00000000  0.0017
      71  0.25000000  0.50000000  0.00000000  0.0017
      72  0.33333333  0.50000000  0.00000000  0.0017
      73  0.41666667  0.50000000  0.00000000  0.0017
      74  0.50000000  0.50000000  0.00000000  0.0009
      75  0.00000000  0.00000000  0.12500000  0.0017
      76  0.08333333  0.00000000  0.12500000  0.0017
      77  0.16666667  0.00000000  0.12500000  0.0017
      78  0.25000000  0.00000000  0.12500000  0.0017
      79  0.33333333  0.00000000  0.12500000  0.0017
      80  0.41666667  0.00000000  0.12500000  0.0017
      81  0.50000000  0.00000000  0.12500000  0.0017
      82  0.41666667  0.00000000 -0.12500000  0.0017
      83  0.33333333  0.00000000 -0.12500000  0.0017
      84  0.25000000  0.00000000 -0.12500000  0.0017
      85  0.16666667  0.00000000 -0.12500000  0.0017
      86 -0.08333333  0.00000000  0.12500000  0.0017
      87  0.00000000  0.08333333  0.12500000  0.0017
      88  0.08333333  0.08333333  0.12500000  0.0017
      89  0.16666667  0.08333333  0.12500000  0.0017
      90  0.25000000  0.08333333  0.12500000  0.0017
      91  0.33333333  0.08333333  0.12500000  0.0017
      92  0.41666667  0.08333333  0.12500000  0.0017
      93  0.50000000  0.08333333  0.12500000  0.0017
      94  0.41666667 -0.08333333 -0.12500000  0.0017
      95  0.33333333 -0.08333333 -0.12500000  0.0017
      96  0.25000000 -0.08333333 -0.12500000  0.0017
      97 -0.16666667  0.08333333  0.12500000  0.0017
      98 -0.08333333  0.08333333  0.12500000  0.0017
      99  0.00000000  0.16666667  0.12500000  0.0017
     100  0.08333333  0.16666667  0.12500000  0.0017
     101  0.16666667  0.16666667  0.12500000  0.0017
     102  0.25000000  0.16666667  0.12500000  0.0017
     103  0.33333333  0.16666667  0.12500000  0.0017
     104  0.41666667  0.16666667  0.12500000  0.0017
     105  0.50000000  0.16666667  0.12500000  0.0017
     106  0.41666667 -0.16666667 -0.12500000  0.0017
     107  0.33333333 -0.16666667 -0.12500000  0.0017
     108 -0.25000000  0.16666667  0.12500000  0.0017
     109 -0.16666667  0.16666667  0.12500000  0.0017
     110 -0.08333333  0.16666667  0.12500000  0.0017
     111  0.00000000  0.25000000  0.12500000  0.0017
     112  0.08333333  0.25000000  0.12500000  0.0017
     113  0.16666667  0.25000000  0.12500000  0.0017
     114  0.25000000  0.25000000  0.12500000  0.0017
     115  0.33333333  0.25000000  0.12500000  0.0017
     116  0.41666667  0.25000000  0.12500000  0.0017
     117  0.50000000  0.25000000  0.12500000  0.0017
     118  0.41666667 -0.25000000 -0.12500000  0.0017
     119 -0.33333333  0.25000000  0.12500000  0.0017
     120 -0.25000000  0.25000000  0.12500000  0.0017
     121 -0.16666667  0.25000000  0.12500000  0.0017
     122 -0.08333333  0.25000000  0.12500000  0.0017
     123  0.00000000  0.33333333  0.12500000  0.0017
     124  0.08333333  0.33333333  0.12500000  0.0017
     125  0.16666667  0.33333333  0.12500000  0.0017
     126  0.25000000  0.33333333  0.12500000  0.0017
     127  0.33333333  0.33333333  0.12500000  0.0017
     128  0.41666667  0.33333333  0.12500000  0.0017
     129  0.50000000  0.33333333  0.12500000  0.0017
     130 -0.41666667  0.33333333  0.12500000  0.0017
     131 -0.33333333  0.33333333  0.12500000  0.0017
     132 -0.25000000  0.33333333  0.12500000  0.0017
     133 -0.16666667  0.33333333  0.12500000  0.0017
     134 -0.08333333  0.33333333  0.12500000  0.0017
     135  0.00000000  0.41666667  0.12500000  0.0017
     136  0.08333333  0.41666667  0.12500000  0.0017
     137  0.16666667  0.41666667  0.12500000  0.0017
     138  0.25000000  0.41666667  0.12500000  0.0017
     139  0.33333333  0.41666667  0.12500000  0.0017
     140  0.41666667  0.41666667  0.12500000  0.0017
     141  0.50000000  0.41666667  0.12500000  0.0017
     142 -0.41666667  0.41666667  0.12500000  0.0017
     143 -0.33333333  0.41666667  0.12500000  0.0017
     144 -0.25000000  0.41666667  0.12500000  0.0017
     145 -0.16666667  0.41666667  0.12500000  0.0017
     146 -0.08333333  0.41666667  0.12500000  0.0017
     147  0.00000000  0.50000000  0.12500000  0.0017
     148  0.08333333  0.50000000  0.12500000  0.0017
     149  0.16666667  0.50000000  0.12500000  0.0017
     150  0.25000000  0.50000000  0.12500000  0.0017
     151  0.33333333  0.50000000  0.12500000  0.0017
     152  0.41666667  0.50000000  0.12500000  0.0017
     153  0.50000000  0.50000000  0.12500000  0.0017
     154  0.41666667  0.50000000 -0.12500000  0.0017
     155  0.33333333  0.50000000 -0.12500000  0.0017
     156  0.25000000  0.50000000 -0.12500000  0.0017
     157  0.16666667  0.50000000 -0.12500000  0.0017
     158 -0.08333333  0.50000000  0.12500000  0.0017
     159  0.00000000  0.41666667 -0.12500000  0.0017
     160 -0.08333333  0.41666667 -0.12500000  0.0017
     161 -0.16666667  0.41666667 -0.12500000  0.0017
     162 -0.25000000  0.41666667 -0.12500000  0.0017
     163  0.33333333 -0.41666667  0.12500000  0.0017
     164  0.41666667 -0.41666667  0.12500000  0.0017
     165  0.50000000  0.41666667 -0.12500000  0.0017
     166  0.41666667  0.41666667 -0.12500000  0.0017
     167  0.33333333  0.41666667 -0.12500000  0.0017
     168  0.25000000  0.41666667 -0.12500000  0.0017
     169  0.16666667  0.41666667 -0.12500000  0.0017
     170  0.08333333  0.41666667 -0.12500000  0.0017
     171  0.00000000  0.33333333 -0.12500000  0.0017
     172 -0.08333333  0.33333333 -0.12500000  0.0017
     173 -0.16666667  0.33333333 -0.12500000  0.0017
     174  0.25000000 -0.33333333  0.12500000  0.0017
     175  0.33333333 -0.33333333  0.12500000  0.0017
     176  0.41666667 -0.33333333  0.12500000  0.0017
     177  0.50000000  0.33333333 -0.12500000  0.0017
     178  0.41666667  0.33333333 -0.12500000  0.0017
     179  0.33333333  0.33333333 -0.12500000  0.0017
     180  0.25000000  0.33333333 -0.12500000  0.0017
     181  0.16666667  0.33333333 -0.12500000  0.0017
     182  0.08333333  0.33333333 -0.12500000  0.0017
     183  0.00000000  0.25000000 -0.12500000  0.0017
     184 -0.08333333  0.25000000 -0.12500000  0.0017
     185  0.16666667 -0.25000000  0.12500000  0.0017
     186  0.25000000 -0.25000000  0.12500000  0.0017
     187  0.33333333 -0.25000000  0.12500000  0.0017
     188  0.41666667 -0.25000000  0.12500000  0.0017
     189  0.50000000  0.25000000 -0.12500000  0.0017
     190  0.41666667  0.25000000 -0.12500000  0.0017
     191  0.33333333  0.25000000 -0.12500000  0.0017
     192  0.25000000  0.25000000 -0.12500000  0.0017
     193  0.16666667  0.25000000 -0.12500000  0.0017
     194  0.08333333  0.25000000 -0.12500000  0.0017
     195  0.00000000  0.16666667 -0.12500000  0.0017
     196  0.08333333 -0.16666667  0.12500000  0.0017
     197  0.16666667 -0.16666667  0.12500000  0.0017
     198  0.25000000 -0.16666667  0.12500000  0.0017
     199  0.33333333 -0.16666667  0.12500000  0.0017
     200  0.41666667 -0.16666667  0.12500000  0.0017
     201  0.50000000  0.16666667 -0.12500000  0.0017
     202  0.41666667  0.16666667 -0.12500000  0.0017
     203  0.33333333  0.16666667 -0.12500000  0.0017
     204  0.25000000  0.16666667 -0.12500000  0.0017
     205  0.16666667  0.16666667 -0.12500000  0.0017
     206  0.08333333  0.16666667 -0.12500000  0.0017
     207  0.00000000 -0.08333333  0.12500000  0.0017
     208  0.08333333 -0.08333333  0.12500000  0.0017
     209  0.16666667 -0.08333333  0.12500000  0.0017
     210  0.25000000 -0.08333333  0.12500000  0.0017
     211  0.33333333 -0.08333333  0.12500000  0.0017
     212  0.41666667 -0.08333333  0.12500000  0.0017
     213  0.50000000 -0.08333333  0.12500000  0.0017
     214  0.41666667  0.08333333 -0.12500000  0.0017
     215  0.33333333  0.08333333 -0.12500000  0.0017
     216  0.25000000  0.08333333 -0.12500000  0.0017
     217  0.16666667  0.08333333 -0.12500000  0.0017
     218  0.08333333  0.08333333 -0.12500000  0.0017
     219  0.00000000  0.00000000  0.25000000  0.0017
     220  0.08333333  0.00000000  0.25000000  0.0017
     221  0.16666667  0.00000000  0.25000000  0.0017
     222  0.25000000  0.00000000  0.25000000  0.0017
     223  0.33333333  0.00000000  0.25000000  0.0017
     224  0.41666667  0.00000000  0.25000000  0.0017
     225  0.50000000  0.00000000  0.25000000  0.0017
     226  0.41666667  0.00000000 -0.25000000  0.0017
     227  0.33333333  0.00000000 -0.25000000  0.0017
     228 -0.25000000  0.00000000  0.25000000  0.0017
     229 -0.16666667  0.00000000  0.25000000  0.0017
     230 -0.08333333  0.00000000  0.25000000  0.0017
     231  0.00000000  0.08333333  0.25000000  0.0017
     232  0.08333333  0.08333333  0.25000000  0.0017
     233  0.16666667  0.08333333  0.25000000  0.0017
     234  0.25000000  0.08333333  0.25000000  0.0017
     235  0.33333333  0.08333333  0.25000000  0.0017
     236  0.41666667  0.08333333  0.25000000  0.0017
     237  0.50000000  0.08333333  0.25000000  0.0017
     238  0.41666667 -0.08333333 -0.25000000  0.0017
     239  0.33333333 -0.08333333 -0.25000000  0.0017
     240 -0.25000000  0.08333333  0.25000000  0.0017
     241 -0.16666667  0.08333333  0.25000000  0.0017
     242 -0.08333333  0.08333333  0.25000000  0.0017
     243  0.00000000  0.16666667  0.25000000  0.0017
     244  0.08333333  0.16666667  0.25000000  0.0017
     245  0.16666667  0.16666667  0.25000000  0.0017
     246  0.25000000  0.16666667  0.25000000  0.0017
     247  0.33333333  0.16666667  0.25000000  0.0017
     248  0.41666667  0.16666667  0.25000000  0.0017
     249  0.50000000  0.16666667  0.25000000  0.0017
     250 -0.41666667  0.16666667  0.25000000  0.0017
     251 -0.33333333  0.16666667  0.25000000  0.0017
     252 -0.25000000  0.16666667  0.25000000  0.0017
     253 -0.16666667  0.16666667  0.25000000  0.0017
     254 -0.08333333  0.16666667  0.25000000  0.0017
     255  0.00000000  0.25000000  0.25000000  0.0017
     256  0.08333333  0.25000000  0.25000000  0.0017
     257  0.16666667  0.25000000  0.25000000  0.0017
     258  0.25000000  0.25000000  0.25000000  0.0017
     259  0.33333333  0.25000000  0.25000000  0.0017
     260  0.41666667  0.25000000  0.25000000  0.0017
     261  0.50000000  0.25000000  0.25000000  0.0017
     262 -0.41666667  0.25000000  0.25000000  0.0017
     263 -0.33333333  0.25000000  0.25000000  0.0017
     264 -0.25000000  0.25000000  0.25000000  0.0017
     265 -0.16666667  0.25000000  0.25000000  0.0017
     266 -0.08333333  0.25000000  0.25000000  0.0017
     267  0.00000000  0.33333333  0.25000000  0.0017
     268  0.08333333  0.33333333  0.25000000  0.0017
     269  0.16666667  0.33333333  0.25000000  0.0017
     270  0.25000000  0.33333333  0.25000000  0.0017
     271  0.33333333  0.33333333  0.25000000  0.0017
     272  0.41666667  0.33333333  0.25000000  0.0017
     273  0.50000000  0.33333333  0.25000000  0.0017
     274 -0.41666667  0.33333333  0.25000000  0.0017
     275 -0.33333333  0.33333333  0.25000000  0.0017
     276 -0.25000000  0.33333333  0.25000000  0.0017
     277 -0.16666667  0.33333333  0.25000000  0.0017
     278 -0.08333333  0.33333333  0.25000000  0.0017
     279  0.00000000  0.41666667  0.25000000  0.0017
     280  0.08333333  0.41666667  0.25000000  0.0017
     281  0.16666667  0.41666667  0.25000000  0.0017
     282  0.25000000  0.41666667  0.25000000  0.0017
     283  0.33333333  0.41666667  0.25000000  0.0017
     284  0.41666667  0.41666667  0.25000000  0.0017
     285  0.50000000  0.41666667  0.25000000  0.0017
     286 -0.41666667  0.41666667  0.25000000  0.0017
     287 -0.33333333  0.41666667  0.25000000  0.0017
     288 -0.25000000  0.41666667  0.25000000  0.0017
     289 -0.16666667  0.41666667  0.25000000  0.0017
     290 -0.08333333  0.41666667  0.25000000  0.0017
     291  0.00000000  0.50000000  0.25000000  0.0017
     292  0.08333333  0.50000000  0.25000000  0.0017
     293  0.16666667  0.50000000  0.25000000  0.0017
     294  0.25000000  0.50000000  0.25000000  0.0017
     295  0.33333333  0.50000000  0.25000000  0.0017
     296  0.41666667  0.50000000  0.25000000  0.0017
     297  0.50000000  0.50000000  0.25000000  0.0017
     298  0.41666667  0.50000000 -0.25000000  0.0017
     299  0.33333333  0.50000000 -0.25000000  0.0017
     300 -0.25000000  0.50000000  0.25000000  0.0017
     301 -0.16666667  0.50000000  0.25000000  0.0017
     302 -0.08333333  0.50000000  0.25000000  0.0017
     303  0.00000000  0.41666667 -0.25000000  0.0017
     304 -0.08333333  0.41666667 -0.25000000  0.0017
     305 -0.16666667  0.41666667 -0.25000000  0.0017
     306  0.25000000 -0.41666667  0.25000000  0.0017
     307  0.33333333 -0.41666667  0.25000000  0.0017
     308  0.41666667 -0.41666667  0.25000000  0.0017
     309  0.50000000  0.41666667 -0.25000000  0.0017
     310  0.41666667  0.41666667 -0.25000000  0.0017
     311  0.33333333  0.41666667 -0.25000000  0.0017
     312  0.25000000  0.41666667 -0.25000000  0.0017
     313  0.16666667  0.41666667 -0.25000000  0.0017
     314  0.08333333  0.41666667 -0.25000000  0.0017
     315  0.00000000  0.33333333 -0.25000000  0.0017
     316 -0.08333333  0.33333333 -0.25000000  0.0017
     317  0.16666667 -0.33333333  0.25000000  0.0017
     318  0.25000000 -0.33333333  0.25000000  0.0017
     319  0.33333333 -0.33333333  0.25000000  0.0017
     320  0.41666667 -0.33333333  0.25000000  0.0017
     321  0.50000000  0.33333333 -0.25000000  0.0017
     322  0.41666667  0.33333333 -0.25000000  0.0017
     323  0.33333333  0.33333333 -0.25000000  0.0017
     324  0.25000000  0.33333333 -0.25000000  0.0017
     325  0.16666667  0.33333333 -0.25000000  0.0017
     326  0.08333333  0.33333333 -0.25000000  0.0017
     327  0.00000000 -0.25000000  0.25000000  0.0017
     328  0.08333333 -0.25000000  0.25000000  0.0017
     329  0.16666667 -0.25000000  0.25000000  0.0017
     330  0.25000000 -0.25000000  0.25000000  0.0017
     331  0.33333333 -0.25000000  0.25000000  0.0017
     332  0.41666667 -0.25000000  0.25000000  0.0017
     333  0.50000000 -0.25000000  0.25000000  0.0017
     334  0.41666667  0.25000000 -0.25000000  0.0017
     335  0.33333333  0.25000000 -0.25000000  0.0017
     336  0.25000000  0.25000000 -0.25000000  0.0017
     337  0.16666667  0.25000000 -0.25000000  0.0017
     338  0.08333333  0.25000000 -0.25000000  0.0017
     339  0.00000000 -0.16666667  0.25000000  0.0017
     340  0.08333333 -0.16666667  0.25000000  0.0017
     341  0.16666667 -0.16666667  0.25000000  0.0017
     342  0.25000000 -0.16666667  0.25000000  0.0017
     343  0.33333333 -0.16666667  0.25000000  0.0017
     344  0.41666667 -0.16666667  0.25000000  0.0017
     345  0.50000000 -0.16666667  0.25000000  0.0017
     346  0.41666667  0.16666667 -0.25000000  0.0017
     347  0.33333333  0.16666667 -0.25000000  0.0017
     348  0.25000000  0.16666667 -0.25000000  0.0017
     349  0.16666667  0.16666667 -0.25000000  0.0017
     350 -0.08333333 -0.16666667  0.25000000  0.0017
     351  0.00000000 -0.08333333  0.25000000  0.0017
     352  0.08333333 -0.08333333  0.25000000  0.0017
     353  0.16666667 -0.08333333  0.25000000  0.0017
     354  0.25000000 -0.08333333  0.25000000  0.0017
     355  0.33333333 -0.08333333  0.25000000  0.0017
     356  0.41666667 -0.08333333  0.25000000  0.0017
     357  0.50000000 -0.08333333  0.25000000  0.0017
     358  0.41666667  0.08333333 -0.25000000  0.0017
     359  0.33333333  0.08333333 -0.25000000  0.0017
     360  0.25000000  0.08333333 -0.25000000  0.0017
     361 -0.16666667 -0.08333333  0.25000000  0.0017
     362 -0.08333333 -0.08333333  0.25000000  0.0017
     363  0.00000000  0.00000000  0.37500000  0.0017
     364  0.08333333  0.00000000  0.37500000  0.0017
     365  0.16666667  0.00000000  0.37500000  0.0017
     366  0.25000000  0.00000000  0.37500000  0.0017
     367  0.33333333  0.00000000  0.37500000  0.0017
     368  0.41666667  0.00000000  0.37500000  0.0017
     369  0.50000000  0.00000000  0.37500000  0.0017
     370  0.41666667  0.00000000 -0.37500000  0.0017
     371 -0.33333333  0.00000000  0.37500000  0.0017
     372 -0.25000000  0.00000000  0.37500000  0.0017
     373 -0.16666667  0.00000000  0.37500000  0.0017
     374 -0.08333333  0.00000000  0.37500000  0.0017
     375  0.00000000  0.08333333  0.37500000  0.0017
     376  0.08333333  0.08333333  0.37500000  0.0017
     377  0.16666667  0.08333333  0.37500000  0.0017
     378  0.25000000  0.08333333  0.37500000  0.0017
     379  0.33333333  0.08333333  0.37500000  0.0017
     380  0.41666667  0.08333333  0.37500000  0.0017
     381  0.50000000  0.08333333  0.37500000  0.0017
     382 -0.41666667  0.08333333  0.37500000  0.0017
     383 -0.33333333  0.08333333  0.37500000  0.0017
     384 -0.25000000  0.08333333  0.37500000  0.0017
     385 -0.16666667  0.08333333  0.37500000  0.0017
     386 -0.08333333  0.08333333  0.37500000  0.0017
     387  0.00000000  0.16666667  0.37500000  0.0017
     388  0.08333333  0.16666667  0.37500000  0.0017
     389  0.16666667  0.16666667  0.37500000  0.0017
     390  0.25000000  0.16666667  0.37500000  0.0017
     391  0.33333333  0.16666667  0.37500000  0.0017
     392  0.41666667  0.16666667  0.37500000  0.0017
     393  0.50000000  0.16666667  0.37500000  0.0017
     394 -0.41666667  0.16666667  0.37500000  0.0017
     395 -0.33333333  0.16666667  0.37500000  0.0017
     396 -0.25000000  0.16666667  0.37500000  0.0017
     397 -0.16666667  0.16666667  0.37500000  0.0017
     398 -0.08333333  0.16666667  0.37500000  0.0017
     399  0.00000000  0.25000000  0.37500000  0.0017
     400  0.08333333  0.25000000  0.37500000  0.0017
     401  0.16666667  0.25000000  0.37500000  0.0017
     402  0.25000000  0.25000000  0.37500000  0.0017
     403  0.33333333  0.25000000  0.37500000  0.0017
     404  0.41666667  0.25000000  0.37500000  0.0017
     405  0.50000000  0.25000000  0.37500000  0.0017
     406 -0.41666667  0.25000000  0.37500000  0.0017
     407 -0.33333333  0.25000000  0.37500000  0.0017
     408 -0.25000000  0.25000000  0.37500000  0.0017
     409 -0.16666667  0.25000000  0.37500000  0.0017
     410 -0.08333333  0.25000000  0.37500000  0.0017
     411  0.00000000  0.33333333  0.37500000  0.0017
     412  0.08333333  0.33333333  0.37500000  0.0017
     413  0.16666667  0.33333333  0.37500000  0.0017
     414  0.25000000  0.33333333  0.37500000  0.0017
     415  0.33333333  0.33333333  0.37500000  0.0017
     416  0.41666667  0.33333333  0.37500000  0.0017
     417  0.50000000  0.33333333  0.37500000  0.0017
     418 -0.41666667  0.33333333  0.37500000  0.0017
     419 -0.33333333  0.33333333  0.37500000  0.0017
     420 -0.25000000  0.33333333  0.37500000  0.0017
     421 -0.16666667  0.33333333  0.37500000  0.0017
     422 -0.08333333  0.33333333  0.37500000  0.0017
     423  0.00000000  0.41666667  0.37500000  0.0017
     424  0.08333333  0.41666667  0.37500000  0.0017
     425  0.16666667  0.41666667  0.37500000  0.0017
     426  0.25000000  0.41666667  0.37500000  0.0017
     427  0.33333333  0.41666667  0.37500000  0.0017
     428  0.41666667  0.41666667  0.37500000  0.0017
     429  0.50000000  0.41666667  0.37500000  0.0017
     430 -0.41666667  0.41666667  0.37500000  0.0017
     431 -0.33333333  0.41666667  0.37500000  0.0017
     432 -0.25000000  0.41666667  0.37500000  0.0017
     433 -0.16666667  0.41666667  0.37500000  0.0017
     434 -0.08333333  0.41666667  0.37500000  0.0017
     435  0.00000000  0.50000000  0.37500000  0.0017
     436  0.08333333  0.50000000  0.37500000  0.0017
     437  0.16666667  0.50000000  0.37500000  0.0017
     438  0.25000000  0.50000000  0.37500000  0.0017
     439  0.33333333  0.50000000  0.37500000  0.0017
     440  0.41666667  0.50000000  0.37500000  0.0017
     441  0.50000000  0.50000000  0.37500000  0.0017
     442  0.41666667  0.50000000 -0.37500000  0.0017
     443 -0.33333333  0.50000000  0.37500000  0.0017
     444 -0.25000000  0.50000000  0.37500000  0.0017
     445 -0.16666667  0.50000000  0.37500000  0.0017
     446 -0.08333333  0.50000000  0.37500000  0.0017
     447  0.00000000  0.41666667 -0.37500000  0.0017
     448  0.08333333 -0.41666667  0.37500000  0.0017
     449  0.16666667 -0.41666667  0.37500000  0.0017
     450  0.25000000 -0.41666667  0.37500000  0.0017
     451  0.33333333 -0.41666667  0.37500000  0.0017
     452  0.41666667 -0.41666667  0.37500000  0.0017
     453  0.50000000  0.41666667 -0.37500000  0.0017
     454  0.41666667  0.41666667 -0.37500000  0.0017
     455  0.33333333  0.41666667 -0.37500000  0.0017
     456  0.25000000  0.41666667 -0.37500000  0.0017
     457  0.16666667  0.41666667 -0.37500000  0.0017
     458  0.08333333  0.41666667 -0.37500000  0.0017
     459  0.00000000 -0.33333333  0.37500000  0.0017
     460  0.08333333 -0.33333333  0.37500000  0.0017
     461  0.16666667 -0.33333333  0.37500000  0.0017
     462  0.25000000 -0.33333333  0.37500000  0.0017
     463  0.33333333 -0.33333333  0.37500000  0.0017
     464  0.41666667 -0.33333333  0.37500000  0.0017
     465  0.50000000 -0.33333333  0.37500000  0.0017
     466  0.41666667  0.33333333 -0.37500000  0.0017
     467  0.33333333  0.33333333 -0.37500000  0.0017
     468  0.25000000  0.33333333 -0.37500000  0.0017
     469  0.16666667  0.33333333 -0.37500000  0.0017
     470  0.08333333  0.33333333 -0.37500000  0.0017
     471  0.00000000 -0.25000000  0.37500000  0.0017
     472  0.08333333 -0.25000000  0.37500000  0.0017
     473  0.16666667 -0.25000000  0.37500000  0.0017
     474  0.25000000 -0.25000000  0.37500000  0.0017
     475  0.33333333 -0.25000000  0.37500000  0.0017
     476  0.41666667 -0.25000000  0.37500000  0.0017
     477  0.50000000 -0.25000000  0.37500000  0.0017
     478  0.41666667  0.25000000 -0.37500000  0.0017
     479  0.33333333  0.25000000 -0.37500000  0.0017
     480  0.25000000  0.25000000 -0.37500000  0.0017
     481  0.16666667  0.25000000 -0.37500000  0.0017
     482 -0.08333333 -0.25000000  0.37500000  0.0017
     483  0.00000000 -0.16666667  0.37500000  0.0017
     484  0.08333333 -0.16666667  0.37500000  0.0017
     485  0.16666667 -0.16666667  0.37500000  0.0017
     486  0.25000000 -0.16666667  0.37500000  0.0017
     487  0.33333333 -0.16666667  0.37500000  0.0017
     488  0.41666667 -0.16666667  0.37500000  0.0017
     489  0.50000000 -0.16666667  0.37500000  0.0017
     490  0.41666667  0.16666667 -0.37500000  0.0017
     491  0.33333333  0.16666667 -0.37500000  0.0017
     492  0.25000000  0.16666667 -0.37500000  0.0017
     493 -0.16666667 -0.16666667  0.37500000  0.0017
     494 -0.08333333 -0.16666667  0.37500000  0.0017
     495  0.00000000 -0.08333333  0.37500000  0.0017
     496  0.08333333 -0.08333333  0.37500000  0.0017
     497  0.16666667 -0.08333333  0.37500000  0.0017
     498  0.25000000 -0.08333333  0.37500000  0.0017
     499  0.33333333 -0.08333333  0.37500000  0.0017
     500  0.41666667 -0.08333333  0.37500000  0.0017
     501  0.50000000 -0.08333333  0.37500000  0.0017
     502  0.41666667  0.08333333 -0.37500000  0.0017
     503  0.33333333  0.08333333 -0.37500000  0.0017
     504 -0.25000000 -0.08333333  0.37500000  0.0017
     505 -0.16666667 -0.08333333  0.37500000  0.0017
     506 -0.08333333 -0.08333333  0.37500000  0.0017
     507  0.00000000  0.00000000  0.50000000  0.0009
     508  0.08333333  0.00000000  0.50000000  0.0017
     509  0.16666667  0.00000000  0.50000000  0.0017
     510  0.25000000  0.00000000  0.50000000  0.0017
     511  0.33333333  0.00000000  0.50000000  0.0017
     512  0.41666667  0.00000000  0.50000000  0.0017
     513  0.50000000  0.00000000  0.50000000  0.0009
     514  0.00000000  0.08333333  0.50000000  0.0017
     515  0.08333333  0.08333333  0.50000000  0.0017
     516  0.16666667  0.08333333  0.50000000  0.0017
     517  0.25000000  0.08333333  0.50000000  0.0017
     518  0.33333333  0.08333333  0.50000000  0.0017
     519  0.41666667  0.08333333  0.50000000  0.0017
     520  0.50000000  0.08333333  0.50000000  0.0017
     521  0.41666667 -0.08333333  0.50000000  0.0017
     522  0.33333333 -0.08333333  0.50000000  0.0017
     523  0.25000000 -0.08333333  0.50000000  0.0017
     524  0.16666667 -0.08333333  0.50000000  0.0017
     525 -0.08333333  0.08333333  0.50000000  0.0017
     526  0.00000000  0.16666667  0.50000000  0.0017
     527  0.08333333  0.16666667  0.50000000  0.0017
     528  0.16666667  0.16666667  0.50000000  0.0017
     529  0.25000000  0.16666667  0.50000000  0.0017
     530  0.33333333  0.16666667  0.50000000  0.0017
     531  0.41666667  0.16666667  0.50000000  0.0017
     532  0.50000000  0.16666667  0.50000000  0.0017
     533  0.41666667 -0.16666667  0.50000000  0.0017
     534  0.33333333 -0.16666667  0.50000000  0.0017
     535  0.25000000 -0.16666667  0.50000000  0.0017
     536 -0.16666667  0.16666667  0.50000000  0.0017
     537 -0.08333333  0.16666667  0.50000000  0.0017
     538  0.00000000  0.25000000  0.50000000  0.0017
     539  0.08333333  0.25000000  0.50000000  0.0017
     540  0.16666667  0.25000000  0.50000000  0.0017
     541  0.25000000  0.25000000  0.50000000  0.0017
     542  0.33333333  0.25000000  0.50000000  0.0017
     543  0.41666667  0.25000000  0.50000000  0.0017
     544  0.50000000  0.25000000  0.50000000  0.0017
     545  0.41666667 -0.25000000  0.50000000  0.0017
     546  0.33333333 -0.25000000  0.50000000  0.0017
     547 -0.25000000  0.25000000  0.50000000  0.0017
     548 -0.16666667  0.25000000  0.50000000  0.0017
     549 -0.08333333  0.25000000  0.50000000  0.0017
     550  0.00000000  0.33333333  0.50000000  0.0017
     551  0.08333333  0.33333333  0.50000000  0.0017
     552  0.16666667  0.33333333  0.50000000  0.0017
     553  0.25000000  0.33333333  0.50000000  0.0017
     554  0.33333333  0.33333333  0.50000000  0.0017
     555  0.41666667  0.33333333  0.50000000  0.0017
     556  0.50000000  0.33333333  0.50000000  0.0017
     557  0.41666667 -0.33333333  0.50000000  0.0017
     558 -0.33333333  0.33333333  0.50000000  0.0017
     559 -0.25000000  0.33333333  0.50000000  0.0017
     560 -0.16666667  0.33333333  0.50000000  0.0017
     561 -0.08333333  0.33333333  0.50000000  0.0017
     562  0.00000000  0.41666667  0.50000000  0.0017
     563  0.08333333  0.41666667  0.50000000  0.0017
     564  0.16666667  0.41666667  0.50000000  0.0017
     565  0.25000000  0.41666667  0.50000000  0.0017
     566  0.33333333  0.41666667  0.50000000  0.0017
     567  0.41666667  0.41666667  0.50000000  0.0017
     568  0.50000000  0.41666667  0.50000000  0.0017
     569 -0.41666667  0.41666667  0.50000000  0.0017
     570 -0.33333333  0.41666667  0.50000000  0.0017
     571 -0.25000000  0.41666667  0.50000000  0.0017
     572 -0.16666667  0.41666667  0.50000000  0.0017
     573 -0.08333333  0.41666667  0.50000000  0.0017
     574  0.00000000  0.50000000  0.50000000  0.0009
     575  0.08333333  0.50000000  0.50000000  0.0017
     576  0.16666667  0.50000000  0.50000000  0.0017
     577  0.25000000  0.50000000  0.50000000  0.0017
     578  0.33333333  0.50000000  0.50000000  0.0017
     579  0.41666667  0.50000000  0.50000000  0.0017
     580  0.50000000  0.50000000  0.50000000  0.0009


       Number of k-points in this process = 580
       Minimum distributed k-point number = 580

 K-POINTS CARTESIAN COORDINATES
 KPOINTS CARTESIAN_X CARTESIAN_Y CARTESIAN_Z  WEIGHT
       1  0.00000000  0.00000000  0.00000000  0.0017
       2  0.02596539  0.01499113  0.00000000  0.0035
       3  0.05193079  0.02998225  0.00000000  0.0035
       4  0.07789618  0.04497338  0.00000000  0.0035
       5  0.10386157  0.05996451  0.00000000  0.0035
       6  0.12982697  0.07495563  0.00000000  0.0035
       7  0.15579236  0.08994676  0.00000000  0.0017
       8  0.00000000  0.02998225  0.00000000  0.0035
       9  0.02596539  0.04497338  0.00000000  0.0035
      10  0.05193079  0.05996451  0.00000000  0.0035
      11  0.07789618  0.07495563  0.00000000  0.0035
      12  0.10386157  0.08994676  0.00000000  0.0035
      13  0.12982697  0.10493789  0.00000000  0.0035
      14  0.15579236  0.11992901  0.00000000  0.0035
      15  0.12982697  0.04497338  0.00000000  0.0035
      16  0.10386157  0.02998225  0.00000000  0.0035
      17  0.07789618  0.01499113  0.00000000  0.0035
      18  0.05193079  0.00000000  0.00000000  0.0035
      19 -0.02596539  0.01499113  0.00000000  0.0035
      20  0.00000000  0.05996451  0.00000000  0.0035
      21  0.02596539  0.07495563  0.00000000  0.0035
      22  0.05193079  0.08994676  0.00000000  0.0035
      23  0.07789618  0.10493789  0.00000000  0.0035
      24  0.10386157  0.11992901  0.00000000  0.0035
      25  0.12982697  0.13492014  0.00000000  0.0035
      26  0.15579236  0.14991127  0.00000000  0.0035
      27  0.12982697  0.01499113  0.00000000  0.0035
      28  0.10386157  0.00000000  0.00000000  0.0035
      29  0.07789618 -0.01499113  0.00000000  0.0035
      30 -0.05193079  0.02998225  0.00000000  0.0035
      31 -0.02596539  0.04497338  0.00000000  0.0035
      32  0.00000000  0.08994676  0.00000000  0.0035
      33  0.02596539  0.10493789  0.00000000  0.0035
      34  0.05193079  0.11992901  0.00000000  0.0035
      35  0.07789618  0.13492014  0.00000000  0.0035
      36  0.10386157  0.14991127  0.00000000  0.0035
      37  0.12982697  0.16490240  0.00000000  0.0035
      38  0.15579236  0.17989352  0.00000000  0.0035
      39  0.12982697 -0.01499113  0.00000000  0.0035
      40  0.10386157 -0.02998225  0.00000000  0.0035
      41 -0.07789618  0.04497338  0.00000000  0.0035
      42 -0.05193079  0.05996451  0.00000000  0.0035
      43 -0.02596539  0.07495563  0.00000000  0.0035
      44  0.00000000  0.11992901  0.00000000  0.0035
      45  0.02596539  0.13492014  0.00000000  0.0035
      46  0.05193079  0.14991127  0.00000000  0.0035
      47  0.07789618  0.16490240  0.00000000  0.0035
      48  0.10386157  0.17989352  0.00000000  0.0035
      49  0.12982697  0.19488465  0.00000000  0.0035
      50  0.15579236  0.20987578  0.00000000  0.0035
      51  0.12982697 -0.04497338  0.00000000  0.0035
      52 -0.10386157  0.05996451  0.00000000  0.0035
      53 -0.07789618  0.07495563  0.00000000  0.0035
      54 -0.05193079  0.08994676  0.00000000  0.0035
      55 -0.02596539  0.10493789  0.00000000  0.0035
      56  0.00000000  0.14991127  0.00000000  0.0035
      57  0.02596539  0.16490240  0.00000000  0.0035
      58  0.05193079  0.17989352  0.00000000  0.0035
      59  0.07789618  0.19488465  0.00000000  0.0035
      60  0.10386157  0.20987578  0.00000000  0.0035
      61  0.12982697  0.22486690  0.00000000  0.0035
      62  0.15579236  0.23985803  0.00000000  0.0035
      63 -0.12982697  0.07495563  0.00000000  0.0035
      64 -0.10386157  0.08994676  0.00000000  0.0035
      65 -0.07789618  0.10493789  0.00000000  0.0035
      66 -0.05193079  0.11992901  0.00000000  0.0035
      67 -0.02596539  0.13492014  0.00000000  0.0035
      68  0.00000000  0.17989352  0.00000000  0.0017
      69  0.02596539  0.19488465  0.00000000  0.0035
      70  0.05193079  0.20987578  0.00000000  0.0035
      71  0.07789618  0.22486690  0.00000000  0.0035
      72  0.10386157  0.23985803  0.00000000  0.0035
      73  0.12982697  0.25484916  0.00000000  0.0035
      74  0.15579236  0.26984028  0.00000000  0.0017
      75  0.00000000  0.00000000  0.02398864  0.0035
      76  0.02596539  0.01499113  0.02398864  0.0035
      77  0.05193079  0.02998225  0.02398864  0.0035
      78  0.07789618  0.04497338  0.02398864  0.0035
      79  0.10386157  0.05996451  0.02398864  0.0035
      80  0.12982697  0.07495563  0.02398864  0.0035
      81  0.15579236  0.08994676  0.02398864  0.0035
      82  0.12982697  0.07495563 -0.02398864  0.0035
      83  0.10386157  0.05996451 -0.02398864  0.0035
      84  0.07789618  0.04497338 -0.02398864  0.0035
      85  0.05193079  0.02998225 -0.02398864  0.0035
      86 -0.02596539 -0.01499113  0.02398864  0.0035
      87  0.00000000  0.02998225  0.02398864  0.0035
      88  0.02596539  0.04497338  0.02398864  0.0035
      89  0.05193079  0.05996451  0.02398864  0.0035
      90  0.07789618  0.07495563  0.02398864  0.0035
      91  0.10386157  0.08994676  0.02398864  0.0035
      92  0.12982697  0.10493789  0.02398864  0.0035
      93  0.15579236  0.11992901  0.02398864  0.0035
      94  0.12982697  0.04497338 -0.02398864  0.0035
      95  0.10386157  0.02998225 -0.02398864  0.0035
      96  0.07789618  0.01499113 -0.02398864  0.0035
      97 -0.05193079  0.00000000  0.02398864  0.0035
      98 -0.02596539  0.01499113  0.02398864  0.0035
      99  0.00000000  0.05996451  0.02398864  0.0035
     100  0.02596539  0.07495563  0.02398864  0.0035
     101  0.05193079  0.08994676  0.02398864  0.0035
     102  0.07789618  0.10493789  0.02398864  0.0035
     103  0.10386157  0.11992901  0.02398864  0.0035
     104  0.12982697  0.13492014  0.02398864  0.0035
     105  0.15579236  0.14991127  0.02398864  0.0035
     106  0.12982697  0.01499113 -0.02398864  0.0035
     107  0.10386157  0.00000000 -0.02398864  0.0035
     108 -0.07789618  0.01499113  0.02398864  0.0035
     109 -0.05193079  0.02998225  0.02398864  0.0035
     110 -0.02596539  0.04497338  0.02398864  0.0035
     111  0.00000000  0.08994676  0.02398864  0.0035
     112  0.02596539  0.10493789  0.02398864  0.0035
     113  0.05193079  0.11992901  0.02398864  0.0035
     114  0.07789618  0.13492014  0.02398864  0.0035
     115  0.10386157  0.14991127  0.02398864  0.0035
     116  0.12982697  0.16490240  0.02398864  0.0035
     117  0.15579236  0.17989352  0.02398864  0.0035
     118  0.12982697 -0.01499113 -0.02398864  0.0035
     119 -0.10386157  0.02998225  0.02398864  0.0035
     120 -0.07789618  0.04497338  0.02398864  0.0035
     121 -0.05193079  0.05996451  0.02398864  0.0035
     122 -0.02596539  0.07495563  0.02398864  0.0035
     123  0.00000000  0.11992901  0.02398864  0.0035
     124  0.02596539  0.13492014  0.02398864  0.0035
     125  0.05193079  0.14991127  0.02398864  0.0035
     126  0.07789618  0.16490240  0.02398864  0.0035
     127  0.10386157  0.17989352  0.02398864  0.0035
     128  0.12982697  0.19488465  0.02398864  0.0035
     129  0.15579236  0.20987578  0.02398864  0.0035
     130 -0.12982697  0.04497338  0.02398864  0.0035
     131 -0.10386157  0.05996451  0.02398864  0.0035
     132 -0.07789618  0.07495563  0.02398864  0.0035
     133 -0.05193079  0.08994676  0.02398864  0.0035
     134 -0.02596539  0.10493789  0.02398864  0.0035
     135  0.00000000  0.14991127  0.02398864  0.0035
     136  0.02596539  0.16490240  0.02398864  0.0035
     137  0.05193079  0.17989352  0.02398864  0.0035
     138  0.07789618  0.19488465  0.02398864  0.0035
     139  0.10386157  0.20987578  0.02398864  0.0035
     140  0.12982697  0.22486690  0.02398864  0.0035
     141  0.15579236  0.23985803  0.02398864  0.0035
     142 -0.12982697  0.07495563  0.02398864  0.0035
     143 -0.10386157  0.08994676  0.02398864  0.0035
     144 -0.07789618  0.10493789  0.02398864  0.0035
     145 -0.05193079  0.11992901  0.02398864  0.0035
     146 -0.02596539  0.13492014  0.02398864  0.0035
     147  0.00000000  0.17989352  0.02398864  0.0035
     148  0.02596539  0.19488465  0.02398864  0.0035
     149  0.05193079  0.20987578  0.02398864  0.0035
     150  0.07789618  0.22486690  0.02398864  0.0035
     151  0.10386157  0.23985803  0.02398864  0.0035
     152  0.12982697  0.25484916  0.02398864  0.0035
     153  0.15579236  0.26984028  0.02398864  0.0035
     154  0.12982697  0.25484916 -0.02398864  0.0035
     155  0.10386157  0.23985803 -0.02398864  0.0035
     156  0.07789618  0.22486690 -0.02398864  0.0035
     157  0.05193079  0.20987578 -0.02398864  0.0035
     158 -0.02596539  0.16490240  0.02398864  0.0035
     159  0.00000000  0.14991127 -0.02398864  0.0035
     160 -0.02596539  0.13492014 -0.02398864  0.0035
     161 -0.05193079  0.11992901 -0.02398864  0.0035
     162 -0.07789618  0.10493789 -0.02398864  0.0035
     163  0.10386157 -0.08994676  0.02398864  0.0035
     164  0.12982697 -0.07495563  0.02398864  0.0035
     165  0.15579236  0.23985803 -0.02398864  0.0035
     166  0.12982697  0.22486690 -0.02398864  0.0035
     167  0.10386157  0.20987578 -0.02398864  0.0035
     168  0.07789618  0.19488465 -0.02398864  0.0035
     169  0.05193079  0.17989352 -0.02398864  0.0035
     170  0.02596539  0.16490240 -0.02398864  0.0035
     171  0.00000000  0.11992901 -0.02398864  0.0035
     172 -0.02596539  0.10493789 -0.02398864  0.0035
     173 -0.05193079  0.08994676 -0.02398864  0.0035
     174  0.07789618 -0.07495563  0.02398864  0.0035
     175  0.10386157 -0.05996451  0.02398864  0.0035
     176  0.12982697 -0.04497338  0.02398864  0.0035
     177  0.15579236  0.20987578 -0.02398864  0.0035
     178  0.12982697  0.19488465 -0.02398864  0.0035
     179  0.10386157  0.17989352 -0.02398864  0.0035
     180  0.07789618  0.16490240 -0.02398864  0.0035
     181  0.05193079  0.14991127 -0.02398864  0.0035
     182  0.02596539  0.13492014 -0.02398864  0.0035
     183  0.00000000  0.08994676 -0.02398864  0.0035
     184 -0.02596539  0.07495563 -0.02398864  0.0035
     185  0.05193079 -0.05996451  0.02398864  0.0035
     186  0.07789618 -0.04497338  0.02398864  0.0035
     187  0.10386157 -0.02998225  0.02398864  0.0035
     188  0.12982697 -0.01499113  0.02398864  0.0035
     189  0.15579236  0.17989352 -0.02398864  0.0035
     190  0.12982697  0.16490240 -0.02398864  0.0035
     191  0.10386157  0.14991127 -0.02398864  0.0035
     192  0.07789618  0.13492014 -0.02398864  0.0035
     193  0.05193079  0.11992901 -0.02398864  0.0035
     194  0.02596539  0.10493789 -0.02398864  0.0035
     195  0.00000000  0.05996451 -0.02398864  0.0035
     196  0.02596539 -0.04497338  0.02398864  0.0035
     197  0.05193079 -0.02998225  0.02398864  0.0035
     198  0.07789618 -0.01499113  0.02398864  0.0035
     199  0.10386157  0.00000000  0.02398864  0.0035
     200  0.12982697  0.01499113  0.02398864  0.0035
     201  0.15579236  0.14991127 -0.02398864  0.0035
     202  0.12982697  0.13492014 -0.02398864  0.0035
     203  0.10386157  0.11992901 -0.02398864  0.0035
     204  0.07789618  0.10493789 -0.02398864  0.0035
     205  0.05193079  0.08994676 -0.02398864  0.0035
     206  0.02596539  0.07495563 -0.02398864  0.0035
     207  0.00000000 -0.02998225  0.02398864  0.0035
     208  0.02596539 -0.01499113  0.02398864  0.0035
     209  0.05193079  0.00000000  0.02398864  0.0035
     210  0.07789618  0.01499113  0.02398864  0.0035
     211  0.10386157  0.02998225  0.02398864  0.0035
     212  0.12982697  0.04497338  0.02398864  0.0035
     213  0.15579236  0.05996451  0.02398864  0.0035
     214  0.12982697  0.10493789 -0.02398864  0.0035
     215  0.10386157  0.08994676 -0.02398864  0.0035
     216  0.07789618  0.07495563 -0.02398864  0.0035
     217  0.05193079  0.05996451 -0.02398864  0.0035
     218  0.02596539  0.04497338 -0.02398864  0.0035
     219  0.00000000  0.00000000  0.04797728  0.0035
     220  0.02596539  0.01499113  0.04797728  0.0035
     221  0.05193079  0.02998225  0.04797728  0.0035
     222  0.07789618  0.04497338  0.04797728  0.0035
     223  0.10386157  0.05996451  0.04797728  0.0035
     224  0.12982697  0.07495563  0.04797728  0.0035
     225  0.15579236  0.08994676  0.04797728  0.0035
     226  0.12982697  0.07495563 -0.04797728  0.0035
     227  0.10386157  0.05996451 -0.04797728  0.0035
     228 -0.07789618 -0.04497338  0.04797728  0.0035
     229 -0.05193079 -0.02998225  0.04797728  0.0035
     230 -0.02596539 -0.01499113  0.04797728  0.0035
     231  0.00000000  0.02998225  0.04797728  0.0035
     232  0.02596539  0.04497338  0.04797728  0.0035
     233  0.05193079  0.05996451  0.04797728  0.0035
     234  0.07789618  0.07495563  0.04797728  0.0035
     235  0.10386157  0.08994676  0.04797728  0.0035
     236  0.12982697  0.10493789  0.04797728  0.0035
     237  0.15579236  0.11992901  0.04797728  0.0035
     238  0.12982697  0.04497338 -0.04797728  0.0035
     239  0.10386157  0.02998225 -0.04797728  0.0035
     240 -0.07789618 -0.01499113  0.04797728  0.0035
     241 -0.05193079  0.00000000  0.04797728  0.0035
     242 -0.02596539  0.01499113  0.04797728  0.0035
     243  0.00000000  0.05996451  0.04797728  0.0035
     244  0.02596539  0.07495563  0.04797728  0.0035
     245  0.05193079  0.08994676  0.04797728  0.0035
     246  0.07789618  0.10493789  0.04797728  0.0035
     247  0.10386157  0.11992901  0.04797728  0.0035
     248  0.12982697  0.13492014  0.04797728  0.0035
     249  0.15579236  0.14991127  0.04797728  0.0035
     250 -0.12982697 -0.01499113  0.04797728  0.0035
     251 -0.10386157  0.00000000  0.04797728  0.0035
     252 -0.07789618  0.01499113  0.04797728  0.0035
     253 -0.05193079  0.02998225  0.04797728  0.0035
     254 -0.02596539  0.04497338  0.04797728  0.0035
     255  0.00000000  0.08994676  0.04797728  0.0035
     256  0.02596539  0.10493789  0.04797728  0.0035
     257  0.05193079  0.11992901  0.04797728  0.0035
     258  0.07789618  0.13492014  0.04797728  0.0035
     259  0.10386157  0.14991127  0.04797728  0.0035
     260  0.12982697  0.16490240  0.04797728  0.0035
     261  0.15579236  0.17989352  0.04797728  0.0035
     262 -0.12982697  0.01499113  0.04797728  0.0035
     263 -0.10386157  0.02998225  0.04797728  0.0035
     264 -0.07789618  0.04497338  0.04797728  0.0035
     265 -0.05193079  0.05996451  0.04797728  0.0035
     266 -0.02596539  0.07495563  0.04797728  0.0035
     267  0.00000000  0.11992901  0.04797728  0.0035
     268  0.02596539  0.13492014  0.04797728  0.0035
     269  0.05193079  0.14991127  0.04797728  0.0035
     270  0.07789618  0.16490240  0.04797728  0.0035
     271  0.10386157  0.17989352  0.04797728  0.0035
     272  0.12982697  0.19488465  0.04797728  0.0035
     273  0.15579236  0.20987578  0.04797728  0.0035
     274 -0.12982697  0.04497338  0.04797728  0.0035
     275 -0.10386157  0.05996451  0.04797728  0.0035
     276 -0.07789618  0.07495563  0.04797728  0.0035
     277 -0.05193079  0.08994676  0.04797728  0.0035
     278 -0.02596539  0.10493789  0.04797728  0.0035
     279  0.00000000  0.14991127  0.04797728  0.0035
     280  0.02596539  0.16490240  0.04797728  0.0035
     281  0.05193079  0.17989352  0.04797728  0.0035
     282  0.07789618  0.19488465  0.04797728  0.0035
     283  0.10386157  0.20987578  0.04797728  0.0035
     284  0.12982697  0.22486690  0.04797728  0.0035
     285  0.15579236  0.23985803  0.04797728  0.0035
     286 -0.12982697  0.07495563  0.04797728  0.0035
     287 -0.10386157  0.08994676  0.04797728  0.0035
     288 -0.07789618  0.10493789  0.04797728  0.0035
     289 -0.05193079  0.11992901  0.04797728  0.0035
     290 -0.02596539  0.13492014  0.04797728  0.0035
     291  0.00000000  0.17989352  0.04797728  0.0035
     292  0.02596539  0.19488465  0.04797728  0.0035
     293  0.05193079  0.20987578  0.04797728  0.0035
     294  0.07789618  0.22486690  0.04797728  0.0035
     295  0.10386157  0.23985803  0.04797728  0.0035
     296  0.12982697  0.25484916  0.04797728  0.0035
     297  0.15579236  0.26984028  0.04797728  0.0035
     298  0.12982697  0.25484916 -0.04797728  0.0035
     299  0.10386157  0.23985803 -0.04797728  0.0035
     300 -0.07789618  0.13492014  0.04797728  0.0035
     301 -0.05193079  0.14991127  0.04797728  0.0035
     302 -0.02596539  0.16490240  0.04797728  0.0035
     303  0.00000000  0.14991127 -0.04797728  0.0035
     304 -0.02596539  0.13492014 -0.04797728  0.0035
     305 -0.05193079  0.11992901 -0.04797728  0.0035
     306  0.07789618 -0.10493789  0.04797728  0.0035
     307  0.10386157 -0.08994676  0.04797728  0.0035
     308  0.12982697 -0.07495563  0.04797728  0.0035
     309  0.15579236  0.23985803 -0.04797728  0.0035
     310  0.12982697  0.22486690 -0.04797728  0.0035
     311  0.10386157  0.20987578 -0.04797728  0.0035
     312  0.07789618  0.19488465 -0.04797728  0.0035
     313  0.05193079  0.17989352 -0.04797728  0.0035
     314  0.02596539  0.16490240 -0.04797728  0.0035
     315  0.00000000  0.11992901 -0.04797728  0.0035
     316 -0.02596539  0.10493789 -0.04797728  0.0035
     317  0.05193079 -0.08994676  0.04797728  0.0035
     318  0.07789618 -0.07495563  0.04797728  0.0035
     319  0.10386157 -0.05996451  0.04797728  0.0035
     320  0.12982697 -0.04497338  0.04797728  0.0035
     321  0.15579236  0.20987578 -0.04797728  0.0035
     322  0.12982697  0.19488465 -0.04797728  0.0035
     323  0.10386157  0.17989352 -0.04797728  0.0035
     324  0.07789618  0.16490240 -0.04797728  0.0035
     325  0.05193079  0.14991127 -0.04797728  0.0035
     326  0.02596539  0.13492014 -0.04797728  0.0035
     327  0.00000000 -0.08994676  0.04797728  0.0035
     328  0.02596539 -0.07495563  0.04797728  0.0035
     329  0.05193079 -0.05996451  0.04797728  0.0035
     330  0.07789618 -0.04497338  0.04797728  0.0035
     331  0.10386157 -0.02998225  0.04797728  0.0035
     332  0.12982697 -0.01499113  0.04797728  0.0035
     333  0.15579236  0.00000000  0.04797728  0.0035
     334  0.12982697  0.16490240 -0.04797728  0.0035
     335  0.10386157  0.14991127 -0.04797728  0.0035
     336  0.07789618  0.13492014 -0.04797728  0.0035
     337  0.05193079  0.11992901 -0.04797728  0.0035
     338  0.02596539  0.10493789 -0.04797728  0.0035
     339  0.00000000 -0.05996451  0.04797728  0.0035
     340  0.02596539 -0.04497338  0.04797728  0.0035
     341  0.05193079 -0.02998225  0.04797728  0.0035
     342  0.07789618 -0.01499113  0.04797728  0.0035
     343  0.10386157  0.00000000  0.04797728  0.0035
     344  0.12982697  0.01499113  0.04797728  0.0035
     345  0.15579236  0.02998225  0.04797728  0.0035
     346  0.12982697  0.13492014 -0.04797728  0.0035
     347  0.10386157  0.11992901 -0.04797728  0.0035
     348  0.07789618  0.10493789 -0.04797728  0.0035
     349  0.05193079  0.08994676 -0.04797728  0.0035
     350 -0.02596539 -0.07495563  0.04797728  0.0035
     351  0.00000000 -0.02998225  0.04797728  0.0035
     352  0.02596539 -0.01499113  0.04797728  0.0035
     353  0.05193079  0.00000000  0.04797728  0.0035
     354  0.07789618  0.01499113  0.04797728  0.0035
     355  0.10386157  0.02998225  0.04797728  0.0035
     356  0.12982697  0.04497338  0.04797728  0.0035
     357  0.15579236  0.05996451  0.04797728  0.0035
     358  0.12982697  0.10493789 -0.04797728  0.0035
     359  0.10386157  0.08994676 -0.04797728  0.0035
     360  0.07789618  0.07495563 -0.04797728  0.0035
     361 -0.05193079 -0.05996451  0.04797728  0.0035
     362 -0.02596539 -0.04497338  0.04797728  0.0035
     363  0.00000000  0.00000000  0.07196592  0.0035
     364  0.02596539  0.01499113  0.07196592  0.0035
     365  0.05193079  0.02998225  0.07196592  0.0035
     366  0.07789618  0.04497338  0.07196592  0.0035
     367  0.10386157  0.05996451  0.07196592  0.0035
     368  0.12982697  0.07495563  0.07196592  0.0035
     369  0.15579236  0.08994676  0.07196592  0.0035
     370  0.12982697  0.07495563 -0.07196592  0.0035
     371 -0.10386157 -0.05996451  0.07196592  0.0035
     372 -0.07789618 -0.04497338  0.07196592  0.0035
     373 -0.05193079 -0.02998225  0.07196592  0.0035
     374 -0.02596539 -0.01499113  0.07196592  0.0035
     375  0.00000000  0.02998225  0.07196592  0.0035
     376  0.02596539  0.04497338  0.07196592  0.0035
     377  0.05193079  0.05996451  0.07196592  0.0035
     378  0.07789618  0.07495563  0.07196592  0.0035
     379  0.10386157  0.08994676  0.07196592  0.0035
     380  0.12982697  0.10493789  0.07196592  0.0035
     381  0.15579236  0.11992901  0.07196592  0.0035
     382 -0.12982697 -0.04497338  0.07196592  0.0035
     383 -0.10386157 -0.02998225  0.07196592  0.0035
     384 -0.07789618 -0.01499113  0.07196592  0.0035
     385 -0.05193079  0.00000000  0.07196592  0.0035
     386 -0.02596539  0.01499113  0.07196592  0.0035
     387  0.00000000  0.05996451  0.07196592  0.0035
     388  0.02596539  0.07495563  0.07196592  0.0035
     389  0.05193079  0.08994676  0.07196592  0.0035
     390  0.07789618  0.10493789  0.07196592  0.0035
     391  0.10386157  0.11992901  0.07196592  0.0035
     392  0.12982697  0.13492014  0.07196592  0.0035
     393  0.15579236  0.14991127  0.07196592  0.0035
     394 -0.12982697 -0.01499113  0.07196592  0.0035
     395 -0.10386157  0.00000000  0.07196592  0.0035
     396 -0.07789618  0.01499113  0.07196592  0.0035
     397 -0.05193079  0.02998225  0.07196592  0.0035
     398 -0.02596539  0.04497338  0.07196592  0.0035
     399  0.00000000  0.08994676  0.07196592  0.0035
     400  0.02596539  0.10493789  0.07196592  0.0035
     401  0.05193079  0.11992901  0.07196592  0.0035
     402  0.07789618  0.13492014  0.07196592  0.0035
     403  0.10386157  0.14991127  0.07196592  0.0035
     404  0.12982697  0.16490240  0.07196592  0.0035
     405  0.15579236  0.17989352  0.07196592  0.0035
     406 -0.12982697  0.01499113  0.07196592  0.0035
     407 -0.10386157  0.02998225  0.07196592  0.0035
     408 -0.07789618  0.04497338  0.07196592  0.0035
     409 -0.05193079  0.05996451  0.07196592  0.0035
     410 -0.02596539  0.07495563  0.07196592  0.0035
     411  0.00000000  0.11992901  0.07196592  0.0035
     412  0.02596539  0.13492014  0.07196592  0.0035
     413  0.05193079  0.14991127  0.07196592  0.0035
     414  0.07789618  0.16490240  0.07196592  0.0035
     415  0.10386157  0.17989352  0.07196592  0.0035
     416  0.12982697  0.19488465  0.07196592  0.0035
     417  0.15579236  0.20987578  0.07196592  0.0035
     418 -0.12982697  0.04497338  0.07196592  0.0035
     419 -0.10386157  0.05996451  0.07196592  0.0035
     420 -0.07789618  0.07495563  0.07196592  0.0035
     421 -0.05193079  0.08994676  0.07196592  0.0035
     422 -0.02596539  0.10493789  0.07196592  0.0035
     423  0.00000000  0.14991127  0.07196592  0.0035
     424  0.02596539  0.16490240  0.07196592  0.0035
     425  0.05193079  0.17989352  0.07196592  0.0035
     426  0.07789618  0.19488465  0.07196592  0.0035
     427  0.10386157  0.20987578  0.07196592  0.0035
     428  0.12982697  0.22486690  0.07196592  0.0035
     429  0.15579236  0.23985803  0.07196592  0.0035
     430 -0.12982697  0.07495563  0.07196592  0.0035
     431 -0.10386157  0.08994676  0.07196592  0.0035
     432 -0.07789618  0.10493789  0.07196592  0.0035
     433 -0.05193079  0.11992901  0.07196592  0.0035
     434 -0.02596539  0.13492014  0.07196592  0.0035
     435  0.00000000  0.17989352  0.07196592  0.0035
     436  0.02596539  0.19488465  0.07196592  0.0035
     437  0.05193079  0.20987578  0.07196592  0.0035
     438  0.07789618  0.22486690  0.07196592  0.0035
     439  0.10386157  0.23985803  0.07196592  0.0035
     440  0.12982697  0.25484916  0.07196592  0.0035
     441  0.15579236  0.26984028  0.07196592  0.0035
     442  0.12982697  0.25484916 -0.07196592  0.0035
     443 -0.10386157  0.11992901  0.07196592  0.0035
     444 -0.07789618  0.13492014  0.07196592  0.0035
     445 -0.05193079  0.14991127  0.07196592  0.0035
     446 -0.02596539  0.16490240  0.07196592  0.0035
     447  0.00000000  0.14991127 -0.07196592  0.0035
     448  0.02596539 -0.13492014  0.07196592  0.0035
     449  0.05193079 -0.11992901  0.07196592  0.0035
     450  0.07789618 -0.10493789  0.07196592  0.0035
     451  0.10386157 -0.08994676  0.07196592  0.0035
     452  0.12982697 -0.07495563  0.07196592  0.0035
     453  0.15579236  0.23985803 -0.07196592  0.0035
     454  0.12982697  0.22486690 -0.07196592  0.0035
     455  0.10386157  0.20987578 -0.07196592  0.0035
     456  0.07789618  0.19488465 -0.07196592  0.0035
     457  0.05193079  0.17989352 -0.07196592  0.0035
     458  0.02596539  0.16490240 -0.07196592  0.0035
     459  0.00000000 -0.11992901  0.07196592  0.0035
     460  0.02596539 -0.10493789  0.07196592  0.0035
     461  0.05193079 -0.08994676  0.07196592  0.0035
     462  0.07789618 -0.07495563  0.07196592  0.0035
     463  0.10386157 -0.05996451  0.07196592  0.0035
     464  0.12982697 -0.04497338  0.07196592  0.0035
     465  0.15579236 -0.02998225  0.07196592  0.0035
     466  0.12982697  0.19488465 -0.07196592  0.0035
     467  0.10386157  0.17989352 -0.07196592  0.0035
     468  0.07789618  0.16490240 -0.07196592  0.0035
     469  0.05193079  0.14991127 -0.07196592  0.0035
     470  0.02596539  0.13492014 -0.07196592  0.0035
     471  0.00000000 -0.08994676  0.07196592  0.0035
     472  0.02596539 -0.07495563  0.07196592  0.0035
     473  0.05193079 -0.05996451  0.07196592  0.0035
     474  0.07789618 -0.04497338  0.07196592  0.0035
     475  0.10386157 -0.02998225  0.07196592  0.0035
     476  0.12982697 -0.01499113  0.07196592  0.0035
     477  0.15579236  0.00000000  0.07196592  0.0035
     478  0.12982697  0.16490240 -0.07196592  0.0035
     479  0.10386157  0.14991127 -0.07196592  0.0035
     480  0.07789618  0.13492014 -0.07196592  0.0035
     481  0.05193079  0.11992901 -0.07196592  0.0035
     482 -0.02596539 -0.10493789  0.07196592  0.0035
     483  0.00000000 -0.05996451  0.07196592  0.0035
     484  0.02596539 -0.04497338  0.07196592  0.0035
     485  0.05193079 -0.02998225  0.07196592  0.0035
     486  0.07789618 -0.01499113  0.07196592  0.0035
     487  0.10386157  0.00000000  0.07196592  0.0035
     488  0.12982697  0.01499113  0.07196592  0.0035
     489  0.15579236  0.02998225  0.07196592  0.0035
     490  0.12982697  0.13492014 -0.07196592  0.0035
     491  0.10386157  0.11992901 -0.07196592  0.0035
     492  0.07789618  0.10493789 -0.07196592  0.0035
     493 -0.05193079 -0.08994676  0.07196592  0.0035
     494 -0.02596539 -0.07495563  0.07196592  0.0035
     495  0.00000000 -0.02998225  0.07196592  0.0035
     496  0.02596539 -0.01499113  0.07196592  0.0035
     497  0.05193079  0.00000000  0.07196592  0.0035
     498  0.07789618  0.01499113  0.07196592  0.0035
     499  0.10386157  0.02998225  0.07196592  0.0035
     500  0.12982697  0.04497338  0.07196592  0.0035
     501  0.15579236  0.05996451  0.07196592  0.0035
     502  0.12982697  0.10493789 -0.07196592  0.0035
     503  0.10386157  0.08994676 -0.07196592  0.0035
     504 -0.07789618 -0.07495563  0.07196592  0.0035
     505 -0.05193079 -0.05996451  0.07196592  0.0035
     506 -0.02596539 -0.04497338  0.07196592  0.0035
     507  0.00000000  0.00000000  0.09595456  0.0017
     508  0.02596539  0.01499113  0.09595456  0.0035
     509  0.05193079  0.02998225  0.09595456  0.0035
     510  0.07789618  0.04497338  0.09595456  0.0035
     511  0.10386157  0.05996451  0.09595456  0.0035
     512  0.12982697  0.07495563  0.09595456  0.0035
     513  0.15579236  0.08994676  0.09595456  0.0017
     514  0.00000000  0.02998225  0.09595456  0.0035
     515  0.02596539  0.04497338  0.09595456  0.0035
     516  0.05193079  0.05996451  0.09595456  0.0035
     517  0.07789618  0.07495563  0.09595456  0.0035
     518  0.10386157  0.08994676  0.09595456  0.0035
     519  0.12982697  0.10493789  0.09595456  0.0035
     520  0.15579236  0.11992901  0.09595456  0.0035
     521  0.12982697  0.04497338  0.09595456  0.0035
     522  0.10386157  0.02998225  0.09595456  0.0035
     523  0.07789618  0.01499113  0.09595456  0.0035
     524  0.05193079  0.00000000  0.09595456  0.0035
     525 -0.02596539  0.01499113  0.09595456  0.0035
     526  0.00000000  0.05996451  0.09595456  0.0035
     527  0.02596539  0.07495563  0.09595456  0.0035
     528  0.05193079  0.08994676  0.09595456  0.0035
     529  0.07789618  0.10493789  0.09595456  0.0035
     530  0.10386157  0.11992901  0.09595456  0.0035
     531  0.12982697  0.13492014  0.09595456  0.0035
     532  0.15579236  0.14991127  0.09595456  0.0035
     533  0.12982697  0.01499113  0.09595456  0.0035
     534  0.10386157  0.00000000  0.09595456  0.0035
     535  0.07789618 -0.01499113  0.09595456  0.0035
     536 -0.05193079  0.02998225  0.09595456  0.0035
     537 -0.02596539  0.04497338  0.09595456  0.0035
     538  0.00000000  0.08994676  0.09595456  0.0035
     539  0.02596539  0.10493789  0.09595456  0.0035
     540  0.05193079  0.11992901  0.09595456  0.0035
     541  0.07789618  0.13492014  0.09595456  0.0035
     542  0.10386157  0.14991127  0.09595456  0.0035
     543  0.12982697  0.16490240  0.09595456  0.0035
     544  0.15579236  0.17989352  0.09595456  0.0035
     545  0.12982697 -0.01499113  0.09595456  0.0035
     546  0.10386157 -0.02998225  0.09595456  0.0035
     547 -0.07789618  0.04497338  0.09595456  0.0035
     548 -0.05193079  0.05996451  0.09595456  0.0035
     549 -0.02596539  0.07495563  0.09595456  0.0035
     550  0.00000000  0.11992901  0.09595456  0.0035
     551  0.02596539  0.13492014  0.09595456  0.0035
     552  0.05193079  0.14991127  0.09595456  0.0035
     553  0.07789618  0.16490240  0.09595456  0.0035
     554  0.10386157  0.17989352  0.09595456  0.0035
     555  0.12982697  0.19488465  0.09595456  0.0035
     556  0.15579236  0.20987578  0.09595456  0.0035
     557  0.12982697 -0.04497338  0.09595456  0.0035
     558 -0.10386157  0.05996451  0.09595456  0.0035
     559 -0.07789618  0.07495563  0.09595456  0.0035
     560 -0.05193079  0.08994676  0.09595456  0.0035
     561 -0.02596539  0.10493789  0.09595456  0.0035
     562  0.00000000  0.14991127  0.09595456  0.0035
     563  0.02596539  0.16490240  0.09595456  0.0035
     564  0.05193079  0.17989352  0.09595456  0.0035
     565  0.07789618  0.19488465  0.09595456  0.0035
     566  0.10386157  0.20987578  0.09595456  0.0035
     567  0.12982697  0.22486690  0.09595456  0.0035
     568  0.15579236  0.23985803  0.09595456  0.0035
     569 -0.12982697  0.07495563  0.09595456  0.0035
     570 -0.10386157  0.08994676  0.09595456  0.0035
     571 -0.07789618  0.10493789  0.09595456  0.0035
     572 -0.05193079  0.11992901  0.09595456  0.0035
     573 -0.02596539  0.13492014  0.09595456  0.0035
     574  0.00000000  0.17989352  0.09595456  0.0017
     575  0.02596539  0.19488465  0.09595456  0.0035
     576  0.05193079  0.20987578  0.09595456  0.0035
     577  0.07789618  0.22486690  0.09595456  0.0035
     578  0.10386157  0.23985803  0.09595456  0.0035
     579  0.12982697  0.25484916  0.09595456  0.0035
     580  0.15579236  0.26984028  0.09595456  0.0017


 K-POINTS DIRECT COORDINATES
 KPOINTS    DIRECT_X    DIRECT_Y    DIRECT_Z  WEIGHT
       1  0.00000000  0.00000000  0.00000000  0.0017
       2  0.08333333  0.00000000  0.00000000  0.0035
       3  0.16666667  0.00000000  0.00000000  0.0035
       4  0.25000000  0.00000000  0.00000000  0.0035
       5  0.33333333  0.00000000  0.00000000  0.0035
       6  0.41666667  0.00000000  0.00000000  0.0035
       7  0.50000000  0.00000000  0.00000000  0.0017
       8  0.00000000  0.08333333  0.00000000  0.0035
       9  0.08333333  0.08333333  0.00000000  0.0035
      10  0.16666667  0.08333333  0.00000000  0.0035
      11  0.25000000  0.08333333  0.00000000  0.0035
      12  0.33333333  0.08333333  0.00000000  0.0035
      13  0.41666667  0.08333333  0.00000000  0.0035
      14  0.50000000  0.08333333  0.00000000  0.0035
      15  0.41666667 -0.08333333  0.00000000  0.0035
      16  0.33333333 -0.08333333  0.00000000  0.0035
      17  0.25000000 -0.08333333  0.00000000  0.0035
      18  0.16666667 -0.08333333  0.00000000  0.0035
      19 -0.08333333  0.08333333  0.00000000  0.0035
      20  0.00000000  0.16666667  0.00000000  0.0035
      21  0.08333333  0.16666667  0.00000000  0.0035
      22  0.16666667  0.16666667  0.00000000  0.0035
      23  0.25000000  0.16666667  0.00000000  0.0035
      24  0.33333333  0.16666667  0.00000000  0.0035
      25  0.41666667  0.16666667  0.00000000  0.0035
      26  0.50000000  0.16666667  0.00000000  0.0035
      27  0.41666667 -0.16666667  0.00000000  0.0035
      28  0.33333333 -0.16666667  0.00000000  0.0035
      29  0.25000000 -0.16666667  0.00000000  0.0035
      30 -0.16666667  0.16666667  0.00000000  0.0035
      31 -0.08333333  0.16666667  0.00000000  0.0035
      32  0.00000000  0.25000000  0.00000000  0.0035
      33  0.08333333  0.25000000  0.00000000  0.0035
      34  0.16666667  0.25000000  0.00000000  0.0035
      35  0.25000000  0.25000000  0.00000000  0.0035
      36  0.33333333  0.25000000  0.00000000  0.0035
      37  0.41666667  0.25000000  0.00000000  0.0035
      38  0.50000000  0.25000000  0.00000000  0.0035
      39  0.41666667 -0.25000000  0.00000000  0.0035
      40  0.33333333 -0.25000000  0.00000000  0.0035
      41 -0.25000000  0.25000000  0.00000000  0.0035
      42 -0.16666667  0.25000000  0.00000000  0.0035
      43 -0.08333333  0.25000000  0.00000000  0.0035
      44  0.00000000  0.33333333  0.00000000  0.0035
      45  0.08333333  0.33333333  0.00000000  0.0035
      46  0.16666667  0.33333333  0.00000000  0.0035
      47  0.25000000  0.33333333  0.00000000  0.0035
      48  0.33333333  0.33333333  0.00000000  0.0035
      49  0.41666667  0.33333333  0.00000000  0.0035
      50  0.50000000  0.33333333  0.00000000  0.0035
      51  0.41666667 -0.33333333  0.00000000  0.0035
      52 -0.33333333  0.33333333  0.00000000  0.0035
      53 -0.25000000  0.33333333  0.00000000  0.0035
      54 -0.16666667  0.33333333  0.00000000  0.0035
      55 -0.08333333  0.33333333  0.00000000  0.0035
      56  0.00000000  0.41666667  0.00000000  0.0035
      57  0.08333333  0.41666667  0.00000000  0.0035
      58  0.16666667  0.41666667  0.00000000  0.0035
      59  0.25000000  0.41666667  0.00000000  0.0035
      60  0.33333333  0.41666667  0.00000000  0.0035
      61  0.41666667  0.41666667  0.00000000  0.0035
      62  0.50000000  0.41666667  0.00000000  0.0035
      63 -0.41666667  0.41666667  0.00000000  0.0035
      64 -0.33333333  0.41666667  0.00000000  0.0035
      65 -0.25000000  0.41666667  0.00000000  0.0035
      66 -0.16666667  0.41666667  0.00000000  0.0035
      67 -0.08333333  0.41666667  0.00000000  0.0035
      68  0.00000000  0.50000000  0.00000000  0.0017
      69  0.08333333  0.50000000  0.00000000  0.0035
      70  0.16666667  0.50000000  0.00000000  0.0035
      71  0.25000000  0.50000000  0.00000000  0.0035
      72  0.33333333  0.50000000  0.00000000  0.0035
      73  0.41666667  0.50000000  0.00000000  0.0035
      74  0.50000000  0.50000000  0.00000000  0.0017
      75  0.00000000  0.00000000  0.12500000  0.0035
      76  0.08333333  0.00000000  0.12500000  0.0035
      77  0.16666667  0.00000000  0.12500000  0.0035
      78  0.25000000  0.00000000  0.12500000  0.0035
      79  0.33333333  0.00000000  0.12500000  0.0035
      80  0.41666667  0.00000000  0.12500000  0.0035
      81  0.50000000  0.00000000  0.12500000  0.0035
      82  0.41666667  0.00000000 -0.12500000  0.0035
      83  0.33333333  0.00000000 -0.12500000  0.0035
      84  0.25000000  0.00000000 -0.12500000  0.0035
      85  0.16666667  0.00000000 -0.12500000  0.0035
      86 -0.08333333  0.00000000  0.12500000  0.0035
      87  0.00000000  0.08333333  0.12500000  0.0035
      88  0.08333333  0.08333333  0.12500000  0.0035
      89  0.16666667  0.08333333  0.12500000  0.0035
      90  0.25000000  0.08333333  0.12500000  0.0035
      91  0.33333333  0.08333333  0.12500000  0.0035
      92  0.41666667  0.08333333  0.12500000  0.0035
      93  0.50000000  0.08333333  0.12500000  0.0035
      94  0.41666667 -0.08333333 -0.12500000  0.0035
      95  0.33333333 -0.08333333 -0.12500000  0.0035
      96  0.25000000 -0.08333333 -0.12500000  0.0035
      97 -0.16666667  0.08333333  0.12500000  0.0035
      98 -0.08333333  0.08333333  0.12500000  0.0035
      99  0.00000000  0.16666667  0.12500000  0.0035
     100  0.08333333  0.16666667  0.12500000  0.0035
     101  0.16666667  0.16666667  0.12500000  0.0035
     102  0.25000000  0.16666667  0.12500000  0.0035
     103  0.33333333  0.16666667  0.12500000  0.0035
     104  0.41666667  0.16666667  0.12500000  0.0035
     105  0.50000000  0.16666667  0.12500000  0.0035
     106  0.41666667 -0.16666667 -0.12500000  0.0035
     107  0.33333333 -0.16666667 -0.12500000  0.0035
     108 -0.25000000  0.16666667  0.12500000  0.0035
     109 -0.16666667  0.16666667  0.12500000  0.0035
     110 -0.08333333  0.16666667  0.12500000  0.0035
     111  0.00000000  0.25000000  0.12500000  0.0035
     112  0.08333333  0.25000000  0.12500000  0.0035
     113  0.16666667  0.25000000  0.12500000  0.0035
     114  0.25000000  0.25000000  0.12500000  0.0035
     115  0.33333333  0.25000000  0.12500000  0.0035
     116  0.41666667  0.25000000  0.12500000  0.0035
     117  0.50000000  0.25000000  0.12500000  0.0035
     118  0.41666667 -0.25000000 -0.12500000  0.0035
     119 -0.33333333  0.25000000  0.12500000  0.0035
     120 -0.25000000  0.25000000  0.12500000  0.0035
     121 -0.16666667  0.25000000  0.12500000  0.0035
     122 -0.08333333  0.25000000  0.12500000  0.0035
     123  0.00000000  0.33333333  0.12500000  0.0035
     124  0.08333333  0.33333333  0.12500000  0.0035
     125  0.16666667  0.33333333  0.12500000  0.0035
     126  0.25000000  0.33333333  0.12500000  0.0035
     127  0.33333333  0.33333333  0.12500000  0.0035
     128  0.41666667  0.33333333  0.12500000  0.0035
     129  0.50000000  0.33333333  0.12500000  0.0035
     130 -0.41666667  0.33333333  0.12500000  0.0035
     131 -0.33333333  0.33333333  0.12500000  0.0035
     132 -0.25000000  0.33333333  0.12500000  0.0035
     133 -0.16666667  0.33333333  0.12500000  0.0035
     134 -0.08333333  0.33333333  0.12500000  0.0035
     135  0.00000000  0.41666667  0.12500000  0.0035
     136  0.08333333  0.41666667  0.12500000  0.0035
     137  0.16666667  0.41666667  0.12500000  0.0035
     138  0.25000000  0.41666667  0.12500000  0.0035
     139  0.33333333  0.41666667  0.12500000  0.0035
     140  0.41666667  0.41666667  0.12500000  0.0035
     141  0.50000000  0.41666667  0.12500000  0.0035
     142 -0.41666667  0.41666667  0.12500000  0.0035
     143 -0.33333333  0.41666667  0.12500000  0.0035
     144 -0.25000000  0.41666667  0.12500000  0.0035
     145 -0.16666667  0.41666667  0.12500000  0.0035
     146 -0.08333333  0.41666667  0.12500000  0.0035
     147  0.00000000  0.50000000  0.12500000  0.0035
     148  0.08333333  0.50000000  0.12500000  0.0035
     149  0.16666667  0.50000000  0.12500000  0.0035
     150  0.25000000  0.50000000  0.12500000  0.0035
     151  0.33333333  0.50000000  0.12500000  0.0035
     152  0.41666667  0.50000000  0.12500000  0.0035
     153  0.50000000  0.50000000  0.12500000  0.0035
     154  0.41666667  0.50000000 -0.12500000  0.0035
     155  0.33333333  0.50000000 -0.12500000  0.0035
     156  0.25000000  0.50000000 -0.12500000  0.0035
     157  0.16666667  0.50000000 -0.12500000  0.0035
     158 -0.08333333  0.50000000  0.12500000  0.0035
     159  0.00000000  0.41666667 -0.12500000  0.0035
     160 -0.08333333  0.41666667 -0.12500000  0.0035
     161 -0.16666667  0.41666667 -0.12500000  0.0035
     162 -0.25000000  0.41666667 -0.12500000  0.0035
     163  0.33333333 -0.41666667  0.12500000  0.0035
     164  0.41666667 -0.41666667  0.12500000  0.0035
     165  0.50000000  0.41666667 -0.12500000  0.0035
     166  0.41666667  0.41666667 -0.12500000  0.0035
     167  0.33333333  0.41666667 -0.12500000  0.0035
     168  0.25000000  0.41666667 -0.12500000  0.0035
     169  0.16666667  0.41666667 -0.12500000  0.0035
     170  0.08333333  0.41666667 -0.12500000  0.0035
     171  0.00000000  0.33333333 -0.12500000  0.0035
     172 -0.08333333  0.33333333 -0.12500000  0.0035
     173 -0.16666667  0.33333333 -0.12500000  0.0035
     174  0.25000000 -0.33333333  0.12500000  0.0035
     175  0.33333333 -0.33333333  0.12500000  0.0035
     176  0.41666667 -0.33333333  0.12500000  0.0035
     177  0.50000000  0.33333333 -0.12500000  0.0035
     178  0.41666667  0.33333333 -0.12500000  0.0035
     179  0.33333333  0.33333333 -0.12500000  0.0035
     180  0.25000000  0.33333333 -0.12500000  0.0035
     181  0.16666667  0.33333333 -0.12500000  0.0035
     182  0.08333333  0.33333333 -0.12500000  0.0035
     183  0.00000000  0.25000000 -0.12500000  0.0035
     184 -0.08333333  0.25000000 -0.12500000  0.0035
     185  0.16666667 -0.25000000  0.12500000  0.0035
     186  0.25000000 -0.25000000  0.12500000  0.0035
     187  0.33333333 -0.25000000  0.12500000  0.0035
     188  0.41666667 -0.25000000  0.12500000  0.0035
     189  0.50000000  0.25000000 -0.12500000  0.0035
     190  0.41666667  0.25000000 -0.12500000  0.0035
     191  0.33333333  0.25000000 -0.12500000  0.0035
     192  0.25000000  0.25000000 -0.12500000  0.0035
     193  0.16666667  0.25000000 -0.12500000  0.0035
     194  0.08333333  0.25000000 -0.12500000  0.0035
     195  0.00000000  0.16666667 -0.12500000  0.0035
     196  0.08333333 -0.16666667  0.12500000  0.0035
     197  0.16666667 -0.16666667  0.12500000  0.0035
     198  0.25000000 -0.16666667  0.12500000  0.0035
     199  0.33333333 -0.16666667  0.12500000  0.0035
     200  0.41666667 -0.16666667  0.12500000  0.0035
     201  0.50000000  0.16666667 -0.12500000  0.0035
     202  0.41666667  0.16666667 -0.12500000  0.0035
     203  0.33333333  0.16666667 -0.12500000  0.0035
     204  0.25000000  0.16666667 -0.12500000  0.0035
     205  0.16666667  0.16666667 -0.12500000  0.0035
     206  0.08333333  0.16666667 -0.12500000  0.0035
     207  0.00000000 -0.08333333  0.12500000  0.0035
     208  0.08333333 -0.08333333  0.12500000  0.0035
     209  0.16666667 -0.08333333  0.12500000  0.0035
     210  0.25000000 -0.08333333  0.12500000  0.0035
     211  0.33333333 -0.08333333  0.12500000  0.0035
     212  0.41666667 -0.08333333  0.12500000  0.0035
     213  0.50000000 -0.08333333  0.12500000  0.0035
     214  0.41666667  0.08333333 -0.12500000  0.0035
     215  0.33333333  0.08333333 -0.12500000  0.0035
     216  0.25000000  0.08333333 -0.12500000  0.0035
     217  0.16666667  0.08333333 -0.12500000  0.0035
     218  0.08333333  0.08333333 -0.12500000  0.0035
     219  0.00000000  0.00000000  0.25000000  0.0035
     220  0.08333333  0.00000000  0.25000000  0.0035
     221  0.16666667  0.00000000  0.25000000  0.0035
     222  0.25000000  0.00000000  0.25000000  0.0035
     223  0.33333333  0.00000000  0.25000000  0.0035
     224  0.41666667  0.00000000  0.25000000  0.0035
     225  0.50000000  0.00000000  0.25000000  0.0035
     226  0.41666667  0.00000000 -0.25000000  0.0035
     227  0.33333333  0.00000000 -0.25000000  0.0035
     228 -0.25000000  0.00000000  0.25000000  0.0035
     229 -0.16666667  0.00000000  0.25000000  0.0035
     230 -0.08333333  0.00000000  0.25000000  0.0035
     231  0.00000000  0.08333333  0.25000000  0.0035
     232  0.08333333  0.08333333  0.25000000  0.0035
     233  0.16666667  0.08333333  0.25000000  0.0035
     234  0.25000000  0.08333333  0.25000000  0.0035
     235  0.33333333  0.08333333  0.25000000  0.0035
     236  0.41666667  0.08333333  0.25000000  0.0035
     237  0.50000000  0.08333333  0.25000000  0.0035
     238  0.41666667 -0.08333333 -0.25000000  0.0035
     239  0.33333333 -0.08333333 -0.25000000  0.0035
     240 -0.25000000  0.08333333  0.25000000  0.0035
     241 -0.16666667  0.08333333  0.25000000  0.0035
     242 -0.08333333  0.08333333  0.25000000  0.0035
     243  0.00000000  0.16666667  0.25000000  0.0035
     244  0.08333333  0.16666667  0.25000000  0.0035
     245  0.16666667  0.16666667  0.25000000  0.0035
     246  0.25000000  0.16666667  0.25000000  0.0035
     247  0.33333333  0.16666667  0.25000000  0.0035
     248  0.41666667  0.16666667  0.25000000  0.0035
     249  0.50000000  0.16666667  0.25000000  0.0035
     250 -0.41666667  0.16666667  0.25000000  0.0035
     251 -0.33333333  0.16666667  0.25000000  0.0035
     252 -0.25000000  0.16666667  0.25000000  0.0035
     253 -0.16666667  0.16666667  0.25000000  0.0035
     254 -0.08333333  0.16666667  0.25000000  0.0035
     255  0.00000000  0.25000000  0.25000000  0.0035
     256  0.08333333  0.25000000  0.25000000  0.0035
     257  0.16666667  0.25000000  0.25000000  0.0035
     258  0.25000000  0.25000000  0.25000000  0.0035
     259  0.33333333  0.25000000  0.25000000  0.0035
     260  0.41666667  0.25000000  0.25000000  0.0035
     261  0.50000000  0.25000000  0.25000000  0.0035
     262 -0.41666667  0.25000000  0.25000000  0.0035
     263 -0.33333333  0.25000000  0.25000000  0.0035
     264 -0.25000000  0.25000000  0.25000000  0.0035
     265 -0.16666667  0.25000000  0.25000000  0.0035
     266 -0.08333333  0.25000000  0.25000000  0.0035
     267  0.00000000  0.33333333  0.25000000  0.0035
     268  0.08333333  0.33333333  0.25000000  0.0035
     269  0.16666667  0.33333333  0.25000000  0.0035
     270  0.25000000  0.33333333  0.25000000  0.0035
     271  0.33333333  0.33333333  0.25000000  0.0035
     272  0.41666667  0.33333333  0.25000000  0.0035
     273  0.50000000  0.33333333  0.25000000  0.0035
     274 -0.41666667  0.33333333  0.25000000  0.0035
     275 -0.33333333  0.33333333  0.25000000  0.0035
     276 -0.25000000  0.33333333  0.25000000  0.0035
     277 -0.16666667  0.33333333  0.25000000  0.0035
     278 -0.08333333  0.33333333  0.25000000  0.0035
     279  0.00000000  0.41666667  0.25000000  0.0035
     280  0.08333333  0.41666667  0.25000000  0.0035
     281  0.16666667  0.41666667  0.25000000  0.0035
     282  0.25000000  0.41666667  0.25000000  0.0035
     283  0.33333333  0.41666667  0.25000000  0.0035
     284  0.41666667  0.41666667  0.25000000  0.0035
     285  0.50000000  0.41666667  0.25000000  0.0035
     286 -0.41666667  0.41666667  0.25000000  0.0035
     287 -0.33333333  0.41666667  0.25000000  0.0035
     288 -0.25000000  0.41666667  0.25000000  0.0035
     289 -0.16666667  0.41666667  0.25000000  0.0035
     290 -0.08333333  0.41666667  0.25000000  0.0035
     291  0.00000000  0.50000000  0.25000000  0.0035
     292  0.08333333  0.50000000  0.25000000  0.0035
     293  0.16666667  0.50000000  0.25000000  0.0035
     294  0.25000000  0.50000000  0.25000000  0.0035
     295  0.33333333  0.50000000  0.25000000  0.0035
     296  0.41666667  0.50000000  0.25000000  0.0035
     297  0.50000000  0.50000000  0.25000000  0.0035
     298  0.41666667  0.50000000 -0.25000000  0.0035
     299  0.33333333  0.50000000 -0.25000000  0.0035
     300 -0.25000000  0.50000000  0.25000000  0.0035
     301 -0.16666667  0.50000000  0.25000000  0.0035
     302 -0.08333333  0.50000000  0.25000000  0.0035
     303  0.00000000  0.41666667 -0.25000000  0.0035
     304 -0.08333333  0.41666667 -0.25000000  0.0035
     305 -0.16666667  0.41666667 -0.25000000  0.0035
     306  0.25000000 -0.41666667  0.25000000  0.0035
     307  0.33333333 -0.41666667  0.25000000  0.0035
     308  0.41666667 -0.41666667  0.25000000  0.0035
     309  0.50000000  0.41666667 -0.25000000  0.0035
     310  0.41666667  0.41666667 -0.25000000  0.0035
     311  0.33333333  0.41666667 -0.25000000  0.0035
     312  0.25000000  0.41666667 -0.25000000  0.0035
     313  0.16666667  0.41666667 -0.25000000  0.0035
     314  0.08333333  0.41666667 -0.25000000  0.0035
     315  0.00000000  0.33333333 -0.25000000  0.0035
     316 -0.08333333  0.33333333 -0.25000000  0.0035
     317  0.16666667 -0.33333333  0.25000000  0.0035
     318  0.25000000 -0.33333333  0.25000000  0.0035
     319  0.33333333 -0.33333333  0.25000000  0.0035
     320  0.41666667 -0.33333333  0.25000000  0.0035
     321  0.50000000  0.33333333 -0.25000000  0.0035
     322  0.41666667  0.33333333 -0.25000000  0.0035
     323  0.33333333  0.33333333 -0.25000000  0.0035
     324  0.25000000  0.33333333 -0.25000000  0.0035
     325  0.16666667  0.33333333 -0.25000000  0.0035
     326  0.08333333  0.33333333 -0.25000000  0.0035
     327  0.00000000 -0.25000000  0.25000000  0.0035
     328  0.08333333 -0.25000000  0.25000000  0.0035
     329  0.16666667 -0.25000000  0.25000000  0.0035
     330  0.25000000 -0.25000000  0.25000000  0.0035
     331  0.33333333 -0.25000000  0.25000000  0.0035
     332  0.41666667 -0.25000000  0.25000000  0.0035
     333  0.50000000 -0.25000000  0.25000000  0.0035
     334  0.41666667  0.25000000 -0.25000000  0.0035
     335  0.33333333  0.25000000 -0.25000000  0.0035
     336  0.25000000  0.25000000 -0.25000000  0.0035
     337  0.16666667  0.25000000 -0.25000000  0.0035
     338  0.08333333  0.25000000 -0.25000000  0.0035
     339  0.00000000 -0.16666667  0.25000000  0.0035
     340  0.08333333 -0.16666667  0.25000000  0.0035
     341  0.16666667 -0.16666667  0.25000000  0.0035
     342  0.25000000 -0.16666667  0.25000000  0.0035
     343  0.33333333 -0.16666667  0.25000000  0.0035
     344  0.41666667 -0.16666667  0.25000000  0.0035
     345  0.50000000 -0.16666667  0.25000000  0.0035
     346  0.41666667  0.16666667 -0.25000000  0.0035
     347  0.33333333  0.16666667 -0.25000000  0.0035
     348  0.25000000  0.16666667 -0.25000000  0.0035
     349  0.16666667  0.16666667 -0.25000000  0.0035
     350 -0.08333333 -0.16666667  0.25000000  0.0035
     351  0.00000000 -0.08333333  0.25000000  0.0035
     352  0.08333333 -0.08333333  0.25000000  0.0035
     353  0.16666667 -0.08333333  0.25000000  0.0035
     354  0.25000000 -0.08333333  0.25000000  0.0035
     355  0.33333333 -0.08333333  0.25000000  0.0035
     356  0.41666667 -0.08333333  0.25000000  0.0035
     357  0.50000000 -0.08333333  0.25000000  0.0035
     358  0.41666667  0.08333333 -0.25000000  0.0035
     359  0.33333333  0.08333333 -0.25000000  0.0035
     360  0.25000000  0.08333333 -0.25000000  0.0035
     361 -0.16666667 -0.08333333  0.25000000  0.0035
     362 -0.08333333 -0.08333333  0.25000000  0.0035
     363  0.00000000  0.00000000  0.37500000  0.0035
     364  0.08333333  0.00000000  0.37500000  0.0035
     365  0.16666667  0.00000000  0.37500000  0.0035
     366  0.25000000  0.00000000  0.37500000  0.0035
     367  0.33333333  0.00000000  0.37500000  0.0035
     368  0.41666667  0.00000000  0.37500000  0.0035
     369  0.50000000  0.00000000  0.37500000  0.0035
     370  0.41666667  0.00000000 -0.37500000  0.0035
     371 -0.33333333  0.00000000  0.37500000  0.0035
     372 -0.25000000  0.00000000  0.37500000  0.0035
     373 -0.16666667  0.00000000  0.37500000  0.0035
     374 -0.08333333  0.00000000  0.37500000  0.0035
     375  0.00000000  0.08333333  0.37500000  0.0035
     376  0.08333333  0.08333333  0.37500000  0.0035
     377  0.16666667  0.08333333  0.37500000  0.0035
     378  0.25000000  0.08333333  0.37500000  0.0035
     379  0.33333333  0.08333333  0.37500000  0.0035
     380  0.41666667  0.08333333  0.37500000  0.0035
     381  0.50000000  0.08333333  0.37500000  0.0035
     382 -0.41666667  0.08333333  0.37500000  0.0035
     383 -0.33333333  0.08333333  0.37500000  0.0035
     384 -0.25000000  0.08333333  0.37500000  0.0035
     385 -0.16666667  0.08333333  0.37500000  0.0035
     386 -0.08333333  0.08333333  0.37500000  0.0035
     387  0.00000000  0.16666667  0.37500000  0.0035
     388  0.08333333  0.16666667  0.37500000  0.0035
     389  0.16666667  0.16666667  0.37500000  0.0035
     390  0.25000000  0.16666667  0.37500000  0.0035
     391  0.33333333  0.16666667  0.37500000  0.0035
     392  0.41666667  0.16666667  0.37500000  0.0035
     393  0.50000000  0.16666667  0.37500000  0.0035
     394 -0.41666667  0.16666667  0.37500000  0.0035
     395 -0.33333333  0.16666667  0.37500000  0.0035
     396 -0.25000000  0.16666667  0.37500000  0.0035
     397 -0.16666667  0.16666667  0.37500000  0.0035
     398 -0.08333333  0.16666667  0.37500000  0.0035
     399  0.00000000  0.25000000  0.37500000  0.0035
     400  0.08333333  0.25000000  0.37500000  0.0035
     401  0.16666667  0.25000000  0.37500000  0.0035
     402  0.25000000  0.25000000  0.37500000  0.0035
     403  0.33333333  0.25000000  0.37500000  0.0035
     404  0.41666667  0.25000000  0.37500000  0.0035
     405  0.50000000  0.25000000  0.37500000  0.0035
     406 -0.41666667  0.25000000  0.37500000  0.0035
     407 -0.33333333  0.25000000  0.37500000  0.0035
     408 -0.25000000  0.25000000  0.37500000  0.0035
     409 -0.16666667  0.25000000  0.37500000  0.0035
     410 -0.08333333  0.25000000  0.37500000  0.0035
     411  0.00000000  0.33333333  0.37500000  0.0035
     412  0.08333333  0.33333333  0.37500000  0.0035
     413  0.16666667  0.33333333  0.37500000  0.0035
     414  0.25000000  0.33333333  0.37500000  0.0035
     415  0.33333333  0.33333333  0.37500000  0.0035
     416  0.41666667  0.33333333  0.37500000  0.0035
     417  0.50000000  0.33333333  0.37500000  0.0035
     418 -0.41666667  0.33333333  0.37500000  0.0035
     419 -0.33333333  0.33333333  0.37500000  0.0035
     420 -0.25000000  0.33333333  0.37500000  0.0035
     421 -0.16666667  0.33333333  0.37500000  0.0035
     422 -0.08333333  0.33333333  0.37500000  0.0035
     423  0.00000000  0.41666667  0.37500000  0.0035
     424  0.08333333  0.41666667  0.37500000  0.0035
     425  0.16666667  0.41666667  0.37500000  0.0035
     426  0.25000000  0.41666667  0.37500000  0.0035
     427  0.33333333  0.41666667  0.37500000  0.0035
     428  0.41666667  0.41666667  0.37500000  0.0035
     429  0.50000000  0.41666667  0.37500000  0.0035
     430 -0.41666667  0.41666667  0.37500000  0.0035
     431 -0.33333333  0.41666667  0.37500000  0.0035
     432 -0.25000000  0.41666667  0.37500000  0.0035
     433 -0.16666667  0.41666667  0.37500000  0.0035
     434 -0.08333333  0.41666667  0.37500000  0.0035
     435  0.00000000  0.50000000  0.37500000  0.0035
     436  0.08333333  0.50000000  0.37500000  0.0035
     437  0.16666667  0.50000000  0.37500000  0.0035
     438  0.25000000  0.50000000  0.37500000  0.0035
     439  0.33333333  0.50000000  0.37500000  0.0035
     440  0.41666667  0.50000000  0.37500000  0.0035
     441  0.50000000  0.50000000  0.37500000  0.0035
     442  0.41666667  0.50000000 -0.37500000  0.0035
     443 -0.33333333  0.50000000  0.37500000  0.0035
     444 -0.25000000  0.50000000  0.37500000  0.0035
     445 -0.16666667  0.50000000  0.37500000  0.0035
     446 -0.08333333  0.50000000  0.37500000  0.0035
     447  0.00000000  0.41666667 -0.37500000  0.0035
     448  0.08333333 -0.41666667  0.37500000  0.0035
     449  0.16666667 -0.41666667  0.37500000  0.0035
     450  0.25000000 -0.41666667  0.37500000  0.0035
     451  0.33333333 -0.41666667  0.37500000  0.0035
     452  0.41666667 -0.41666667  0.37500000  0.0035
     453  0.50000000  0.41666667 -0.37500000  0.0035
     454  0.41666667  0.41666667 -0.37500000  0.0035
     455  0.33333333  0.41666667 -0.37500000  0.0035
     456  0.25000000  0.41666667 -0.37500000  0.0035
     457  0.16666667  0.41666667 -0.37500000  0.0035
     458  0.08333333  0.41666667 -0.37500000  0.0035
     459  0.00000000 -0.33333333  0.37500000  0.0035
     460  0.08333333 -0.33333333  0.37500000  0.0035
     461  0.16666667 -0.33333333  0.37500000  0.0035
     462  0.25000000 -0.33333333  0.37500000  0.0035
     463  0.33333333 -0.33333333  0.37500000  0.0035
     464  0.41666667 -0.33333333  0.37500000  0.0035
     465  0.50000000 -0.33333333  0.37500000  0.0035
     466  0.41666667  0.33333333 -0.37500000  0.0035
     467  0.33333333  0.33333333 -0.37500000  0.0035
     468  0.25000000  0.33333333 -0.37500000  0.0035
     469  0.16666667  0.33333333 -0.37500000  0.0035
     470  0.08333333  0.33333333 -0.37500000  0.0035
     471  0.00000000 -0.25000000  0.37500000  0.0035
     472  0.08333333 -0.25000000  0.37500000  0.0035
     473  0.16666667 -0.25000000  0.37500000  0.0035
     474  0.25000000 -0.25000000  0.37500000  0.0035
     475  0.33333333 -0.25000000  0.37500000  0.0035
     476  0.41666667 -0.25000000  0.37500000  0.0035
     477  0.50000000 -0.25000000  0.37500000  0.0035
     478  0.41666667  0.25000000 -0.37500000  0.0035
     479  0.33333333  0.25000000 -0.37500000  0.0035
     480  0.25000000  0.25000000 -0.37500000  0.0035
     481  0.16666667  0.25000000 -0.37500000  0.0035
     482 -0.08333333 -0.25000000  0.37500000  0.0035
     483  0.00000000 -0.16666667  0.37500000  0.0035
     484  0.08333333 -0.16666667  0.37500000  0.0035
     485  0.16666667 -0.16666667  0.37500000  0.0035
     486  0.25000000 -0.16666667  0.37500000  0.0035
     487  0.33333333 -0.16666667  0.37500000  0.0035
     488  0.41666667 -0.16666667  0.37500000  0.0035
     489  0.50000000 -0.16666667  0.37500000  0.0035
     490  0.41666667  0.16666667 -0.37500000  0.0035
     491  0.33333333  0.16666667 -0.37500000  0.0035
     492  0.25000000  0.16666667 -0.37500000  0.0035
     493 -0.16666667 -0.16666667  0.37500000  0.0035
     494 -0.08333333 -0.16666667  0.37500000  0.0035
     495  0.00000000 -0.08333333  0.37500000  0.0035
     496  0.08333333 -0.08333333  0.37500000  0.0035
     497  0.16666667 -0.08333333  0.37500000  0.0035
     498  0.25000000 -0.08333333  0.37500000  0.0035
     499  0.33333333 -0.08333333  0.37500000  0.0035
     500  0.41666667 -0.08333333  0.37500000  0.0035
     501  0.50000000 -0.08333333  0.37500000  0.0035
     502  0.41666667  0.08333333 -0.37500000  0.0035
     503  0.33333333  0.08333333 -0.37500000  0.0035
     504 -0.25000000 -0.08333333  0.37500000  0.0035
     505 -0.16666667 -0.08333333  0.37500000  0.0035
     506 -0.08333333 -0.08333333  0.37500000  0.0035
     507  0.00000000  0.00000000  0.50000000  0.0017
     508  0.08333333  0.00000000  0.50000000  0.0035
     509  0.16666667  0.00000000  0.50000000  0.0035
     510  0.25000000  0.00000000  0.50000000  0.0035
     511  0.33333333  0.00000000  0.50000000  0.0035
     512  0.41666667  0.00000000  0.50000000  0.0035
     513  0.50000000  0.00000000  0.50000000  0.0017
     514  0.00000000  0.08333333  0.50000000  0.0035
     515  0.08333333  0.08333333  0.50000000  0.0035
     516  0.16666667  0.08333333  0.50000000  0.0035
     517  0.25000000  0.08333333  0.50000000  0.0035
     518  0.33333333  0.08333333  0.50000000  0.0035
     519  0.41666667  0.08333333  0.50000000  0.0035
     520  0.50000000  0.08333333  0.50000000  0.0035
     521  0.41666667 -0.08333333  0.50000000  0.0035
     522  0.33333333 -0.08333333  0.50000000  0.0035
     523  0.25000000 -0.08333333  0.50000000  0.0035
     524  0.16666667 -0.08333333  0.50000000  0.0035
     525 -0.08333333  0.08333333  0.50000000  0.0035
     526  0.00000000  0.16666667  0.50000000  0.0035
     527  0.08333333  0.16666667  0.50000000  0.0035
     528  0.16666667  0.16666667  0.50000000  0.0035
     529  0.25000000  0.16666667  0.50000000  0.0035
     530  0.33333333  0.16666667  0.50000000  0.0035
     531  0.41666667  0.16666667  0.50000000  0.0035
     532  0.50000000  0.16666667  0.50000000  0.0035
     533  0.41666667 -0.16666667  0.50000000  0.0035
     534  0.33333333 -0.16666667  0.50000000  0.0035
     535  0.25000000 -0.16666667  0.50000000  0.0035
     536 -0.16666667  0.16666667  0.50000000  0.0035
     537 -0.08333333  0.16666667  0.50000000  0.0035
     538  0.00000000  0.25000000  0.50000000  0.0035
     539  0.08333333  0.25000000  0.50000000  0.0035
     540  0.16666667  0.25000000  0.50000000  0.0035
     541  0.25000000  0.25000000  0.50000000  0.0035
     542  0.33333333  0.25000000  0.50000000  0.0035
     543  0.41666667  0.25000000  0.50000000  0.0035
     544  0.50000000  0.25000000  0.50000000  0.0035
     545  0.41666667 -0.25000000  0.50000000  0.0035
     546  0.33333333 -0.25000000  0.50000000  0.0035
     547 -0.25000000  0.25000000  0.50000000  0.0035
     548 -0.16666667  0.25000000  0.50000000  0.0035
     549 -0.08333333  0.25000000  0.50000000  0.0035
     550  0.00000000  0.33333333  0.50000000  0.0035
     551  0.08333333  0.33333333  0.50000000  0.0035
     552  0.16666667  0.33333333  0.50000000  0.0035
     553  0.25000000  0.33333333  0.50000000  0.0035
     554  0.33333333  0.33333333  0.50000000  0.0035
     555  0.41666667  0.33333333  0.50000000  0.0035
     556  0.50000000  0.33333333  0.50000000  0.0035
     557  0.41666667 -0.33333333  0.50000000  0.0035
     558 -0.33333333  0.33333333  0.50000000  0.0035
     559 -0.25000000  0.33333333  0.50000000  0.0035
     560 -0.16666667  0.33333333  0.50000000  0.0035
     561 -0.08333333  0.33333333  0.50000000  0.0035
     562  0.00000000  0.41666667  0.50000000  0.0035
     563  0.08333333  0.41666667  0.50000000  0.0035
     564  0.16666667  0.41666667  0.50000000  0.0035
     565  0.25000000  0.41666667  0.50000000  0.0035
     566  0.33333333  0.41666667  0.50000000  0.0035
     567  0.41666667  0.41666667  0.50000000  0.0035
     568  0.50000000  0.41666667  0.50000000  0.0035
     569 -0.41666667  0.41666667  0.50000000  0.0035
     570 -0.33333333  0.41666667  0.50000000  0.0035
     571 -0.25000000  0.41666667  0.50000000  0.0035
     572 -0.16666667  0.41666667  0.50000000  0.0035
     573 -0.08333333  0.41666667  0.50000000  0.0035
     574  0.00000000  0.50000000  0.50000000  0.0017
     575  0.08333333  0.50000000  0.50000000  0.0035
     576  0.16666667  0.50000000  0.50000000  0.0035
     577  0.25000000  0.50000000  0.50000000  0.0035
     578  0.33333333  0.50000000  0.50000000  0.0035
     579  0.41666667  0.50000000  0.50000000  0.0035
     580  0.50000000  0.50000000  0.50000000  0.0017

 DONE : INIT K-POINTS Time : 0.0435968 (SEC)

 Libxc v7.0.0
	S. Lehtola, C. Steigemann, M. J.T. Oliveira, and M. A.L. Marques.,  SoftwareX 7, 1–5 (2018)
 XC: Slater exchange
	P. A. M. Dirac.,  Math. Proc. Cambridge Philos. Soc. 26, 376 (1930)
	F. Bloch.,  Z. Phys. 57, 545 (1929)
 XC: Perdew & Zunger
	J. P. Perdew and A. Zunger.,  Phys. Rev. B 23, 5048 (1981)


 >>>>>>>>>>>>>>>>>>>>>>>>>>>>>>>>>>>>>>>>>>>>>>>>>>>>>>>>>>>>>>>>>>>>>>
 |                                                                    |
 | Setup charge mixing parameters                                     |
 |                                                                    |
 <<<<<<<<<<<<<<<<<<<<<<<<<<<<<<<<<<<<<<<<<<<<<<<<<<<<<<<<<<<<<<<<<<<<<<

                              mixing_type = broyden
                              mixing_beta = 0.4
                               mixing_gg0 = 1
                           mixing_gg0_min = 0.1
                              mixing_ndim = 8


 >>>>>>>>>>>>>>>>>>>>>>>>>>>>>>>>>>>>>>>>>>>>>>>>>>>>>>>>>>>>>>>>>>>>>>
 |                                                                    |
 |              #Setup Plane Waves of Wave Functions#                 |
 | Use the kinetic energy cutoff and the lattice vectors to generate  |
 | the dimensions of FFT grid, which is used to represent the wave    |
 | functions of electrons.                                            |
 |                                                                    |
 <<<<<<<<<<<<<<<<<<<<<<<<<<<<<<<<<<<<<<<<<<<<<<<<<<<<<<<<<<<<<<<<<<<<<

 SETUP PLANE WAVES FOR WAVE FUNCTIONS
     Energy cutoff for wavefunc (unit:Ry) = 40
              FFT grid for wave functions = [ 25, 25, 40 ]
              Number of total plane waves = 2165
        Number of sticks on FFT x-y plane = 139

 PARALLEL PW FOR WAVE FUNCTIONS
     PROC   COLUMNS(POT)             PW
        1             35            541
        2             35            541
        3             34            542
        4             35            541
 --------------- sum -------------------
        4            139           2165
 DONE : INIT PLANEWAVE Time : 0.0555805 (SEC)

                                 init_chg = atomic
 DONE : LOCAL POTENTIAL Time : 0.0782287 (SEC)


 SETUP NONLOCAL PSEUDOPOTENTIALS IN PLANE WAVE BASIS
 Mg non-local projectors:
      TOTAL NUMBER OF NONLOCAL PROJECTORS = 0

 nhm = 0, not allocate some matrix.
 Init Non-Local PseudoPotential table : 
 Init Non-Local-Pseudopotential done.
 DONE : NON-LOCAL POTENTIAL Time : 0.0782572 (SEC)

                                     npwx = 341

 *** Memory Allocation Warning ***  Psi_PW 36.2146 MB

 Using RANDOM starting wave functions for all 12 bands

 WARNING:
 init_wfc = atomic requires atomic pseudo wavefunctions(PP_PSWFC), but none available. 
 Automatically switch to random initialization.
 Note: Random starting wavefunctions may slow down convergence.
      For faster convergence, consider using:
      1) A pseudopotential file that includes atomic wavefunctions (with PP_PSWFC), or
      2) Numerical atomic orbitals with 'init_wfc = nao' or 'nao+random' if available.

 DONE : INIT BASIS Time : 0.0782917 (SEC)

 ================================================================
 SELF-CONSISTENT
 ================================================================
 DONE : INIT SCF Time : 0.82641 (SEC)


 ++++++++++++++++++++++++++++++++++++++++++++++++++++++++++++++++++++++
 --> #ION MOVE#         1  #ELEC ITER#         1
 ++++++++++++++++++++++++++++++++++++++++++++++++++++++++++++++++++++++
 Average iterative diagonalization steps for k-points is 8.14483
 current threshold of diagonalizaiton is 0.01
 Electron density deviation 0.091185
                          Diago Threshold = 0.01
 ----------------------------------------------------------
      Energy           Rydberg                 eV          
 ----------------------------------------------------------
  E_KohnSham     -3.6047781267        -49.0455225494       
  E_Harris       -3.5605640814        -48.4439596014       
  E_Fermi        0.2508858507         3.4134771174         
  E_gap(k)       0.0004710090         0.0064084063         
 ----------------------------------------------------------


 ++++++++++++++++++++++++++++++++++++++++++++++++++++++++++++++++++++++
 --> #ION MOVE#         1  #ELEC ITER#         2
 ++++++++++++++++++++++++++++++++++++++++++++++++++++++++++++++++++++++
 Average iterative diagonalization steps for k-points is 2.01897
 current threshold of diagonalizaiton is 0.00227962
 Electron density deviation 0.036905
                          Diago Threshold = 0.00227962
 ----------------------------------------------------------
      Energy           Rydberg                 eV          
 ----------------------------------------------------------
  E_KohnSham     -3.6234276539        -49.2992623839       
  E_Harris       -3.5925785057        -48.8795381894       
  E_Fermi        0.2443013128         3.3238898831         
  E_gap(k)       0.0008944050         0.0121690048         
 ----------------------------------------------------------


 ++++++++++++++++++++++++++++++++++++++++++++++++++++++++++++++++++++++
 --> #ION MOVE#         1  #ELEC ITER#         3
 ++++++++++++++++++++++++++++++++++++++++++++++++++++++++++++++++++++++
 Average iterative diagonalization steps for k-points is 2.01552
 current threshold of diagonalizaiton is 0.000922626
 Electron density deviation 3.91861e-05
                          Diago Threshold = 0.000922626
 ----------------------------------------------------------
      Energy           Rydberg                 eV          
 ----------------------------------------------------------
  E_KohnSham     -3.6242617682        -49.3106110910       
  E_Harris       -3.6226755207        -49.2890290872       
  E_Fermi        0.2427072031         3.3022009073         
  E_gap(k)       0.0038532934         0.0524267465         
 ----------------------------------------------------------


 ++++++++++++++++++++++++++++++++++++++++++++++++++++++++++++++++++++++
 --> #ION MOVE#         1  #ELEC ITER#         4
 ++++++++++++++++++++++++++++++++++++++++++++++++++++++++++++++++++++++
 Average iterative diagonalization steps for k-points is 5.15862
 current threshold of diagonalizaiton is 9.79651e-07
 Electron density deviation 9.99044e-06
                          Diago Threshold = 9.79651e-07
 ----------------------------------------------------------
      Energy           Rydberg                 eV          
 ----------------------------------------------------------
  E_KohnSham     -3.6244542625        -49.3132301098       
  E_Harris       -3.6238401644        -49.3048748766       
  E_Fermi        0.2427402873         3.3026510409         
  E_gap(k)       0.0039037561         0.0531133266         
 ----------------------------------------------------------


 ++++++++++++++++++++++++++++++++++++++++++++++++++++++++++++++++++++++
 --> #ION MOVE#         1  #ELEC ITER#         5
 ++++++++++++++++++++++++++++++++++++++++++++++++++++++++++++++++++++++
 Average iterative diagonalization steps for k-points is 2.01552
 current threshold of diagonalizaiton is 2.49761e-07
 Electron density deviation 5.69899e-07
                          Diago Threshold = 2.49761e-07
 ----------------------------------------------------------
      Energy           Rydberg                 eV          
 ----------------------------------------------------------
  E_KohnSham     -3.6244584493        -49.3132870752       
  E_Harris       -3.6245329641        -49.3143009005       
  E_Fermi        0.2427663419         3.3030055331         
  E_gap(k)       0.0038970831         0.0530225353         
 ----------------------------------------------------------


 ++++++++++++++++++++++++++++++++++++++++++++++++++++++++++++++++++++++
 --> #ION MOVE#         1  #ELEC ITER#         6
 ++++++++++++++++++++++++++++++++++++++++++++++++++++++++++++++++++++++
 Average iterative diagonalization steps for k-points is 2.6931
 current threshold of diagonalizaiton is 1.42475e-08
 Electron density deviation 1.76286e-08
                          Diago Threshold = 1.42475e-08
 ----------------------------------------------------------
      Energy           Rydberg                 eV          
 ----------------------------------------------------------
  E_KohnSham     -3.6244585875        -49.3132889547       
  E_Harris       -3.6244593728        -49.3132996398       
  E_Fermi        0.2427805996         3.3031995184         
  E_gap(k)       0.0038930073         0.0529670812         
 ----------------------------------------------------------


 ++++++++++++++++++++++++++++++++++++++++++++++++++++++++++++++++++++++
 --> #ION MOVE#         1  #ELEC ITER#         7
 ++++++++++++++++++++++++++++++++++++++++++++++++++++++++++++++++++++++
 Average iterative diagonalization steps for k-points is 2.97241
 current threshold of diagonalizaiton is 4.40716e-10
 Electron density deviation 3.5036e-09
                          Diago Threshold = 4.40716e-10
 ----------------------------------------------------------
      Energy           Rydberg                 eV          
 ----------------------------------------------------------
  E_KohnSham     -3.6244586073        -49.3132892249       
  E_Harris       -3.6244557601        -49.3132504864       
  E_Fermi        0.2427806789         3.3032005971         
  E_gap(k)       0.0038925489         0.0529608442         
 ----------------------------------------------------------


 ++++++++++++++++++++++++++++++++++++++++++++++++++++++++++++++++++++++
 --> #ION MOVE#         1  #ELEC ITER#         8
 ++++++++++++++++++++++++++++++++++++++++++++++++++++++++++++++++++++++
 Average iterative diagonalization steps for k-points is 2.01207
 current threshold of diagonalizaiton is 8.75899e-11
 Electron density deviation 3.50304e-10
                          Diago Threshold = 8.75899e-11
 ----------------------------------------------------------
      Energy           Rydberg                 eV          
 ----------------------------------------------------------
  E_KohnSham     -3.6244586082        -49.3132892362       
  E_Harris       -3.6244610815        -49.3133228873       
  E_Fermi        0.2427793987         3.3031831795         
  E_gap(k)       0.0038927691         0.0529638414         
 ----------------------------------------------------------


 ++++++++++++++++++++++++++++++++++++++++++++++++++++++++++++++++++++++
 --> #ION MOVE#         1  #ELEC ITER#         9
 ++++++++++++++++++++++++++++++++++++++++++++++++++++++++++++++++++++++
 Average iterative diagonalization steps for k-points is 2.5431
 current threshold of diagonalizaiton is 8.75761e-12
 Electron density deviation 1.68445e-12
                          Diago Threshold = 8.75761e-12
 ----------------------------------------------------------
      Energy           Rydberg                 eV          
 ----------------------------------------------------------
  E_KohnSham     -3.6244586082        -49.3132892372       
  E_KS(sigma->0) -3.6234224889        -49.2991921109       
  E_Harris       -3.6244587029        -49.3132905246       
  E_band         0.1556714243         2.1180183857         
  E_one_elec     2.3619073559         32.1353981880        
  E_Hartree      0.0084033331         0.1143332124         
  E_xc           -1.7082695812        -23.2422000240       
  E_Ewald        -4.2844274774        -58.2926263609       
  E_entropy(-TS) -0.0020722386        -0.0281942527        
  E_descf        0.0000000000         0.0000000000         
  E_localpp      1.0006137823         13.6140489367        
  E_exx          0.0000000000         0.0000000000         
  E_Fermi        0.2427796720         3.3031868981         
  E_gap(k)       0.0038926544         0.0529622808         
 ----------------------------------------------------------

 #SCF IS CONVERGED#
 #TOTAL ENERGY# -49.313289237 eV
 Write eigenvalues and occupations to file: OUT.s1_mg_ksdft_k012x012x008/eig_occ.txt



 #TOTAL-FORCE (eV/Angstrom)#
 -------------------------------------------------------------------------
     Atoms              Force_x              Force_y              Force_z 
 -------------------------------------------------------------------------
       Mg1         0.0000005033         0.0000000000         0.0000002737 
       Mg2        -0.0000005033         0.0000000000        -0.0000002737 
 -------------------------------------------------------------------------

 #TOTAL-STRESS (kbar)#
 ----------------------------------------------------------------
              Stress_x             Stress_y             Stress_z 
 ----------------------------------------------------------------
        -27.7863044190         0.0000016968        -0.0000000549 
          0.0000016968       -27.7863038524        -0.0000007753 
         -0.0000000549        -0.0000007753       -34.3437778602 
 ----------------------------------------------------------------
 #TOTAL-PRESSURE# (EXCLUDE KINETIC PART OF IONS): -29.972129 kbar

 --------------------------------------------
 !FINAL_ETOT_IS -49.3132892371998750 eV
 --------------------------------------------



 TIME STATISTICS
-------------------------------------------------------------------
   CLASS_NAME           NAME         TIME/s  CALLS   AVG/s  PER/%  
-------------------------------------------------------------------
                 total               28.70  15       1.91   100.00 
 Driver          atomic_world        28.70  1        28.70  100.00 
 Relax_Driver    relax_driver        28.61  1        28.61  99.72  
 ESolver_KS      runner              28.55  1        28.55  99.51  
 ESolver_KS_PW   before_scf          0.75   1        0.75   2.61   
 PSIPrepare      initialize_psi      0.75   1        0.75   2.60   
 DiagoIterAssist diag_subspace       5.00   5220     0.00   17.42  
 Operator        hPsi                21.26  233273   0.00   74.10  
 Operator        veff_pw             20.98  233273   0.00   73.10  
 PW_Basis_K      recip2real          12.40  353333   0.00   43.19  
 PW_Basis_K      gathers_copy_pack   0.52   353333   0.00   1.82   
 PW_Basis_K      gathers_zero_mpi    1.04   353333   0.00   3.62   
 PW_Basis_K      gathers_copy_unpack 0.53   353333   0.00   1.85   
 PW_Basis_K      real2recip          9.48   290693   0.00   33.05  
 PW_Basis_K      gatherp_copy_pack   0.42   290693   0.00   1.48   
 PW_Basis_K      gatherp_copy_unpack 0.74   290693   0.00   2.59   
 ESolver_KS_PW   hamilt2rho_single   27.77  9        3.09   96.76  
 HSolverPW       solve               27.77  9        3.09   96.76  
 HSolverPW       solve_psik          25.36  5220     0.00   88.38  
 DiagoCG         diag_once           20.77  5220     0.00   72.38  
 ElecStatePW     psiToRho            2.36   9        0.26   8.23   
-------------------------------------------------------------------


 NAME-------------------------|MEMORY(MB)------------------
                         total       180.0940
                        Psi_PW       151.1243
                  PW_B_K::gcar        18.8905
                   PW_B_K::gk2         6.2968
 -------------   < 1.0 MB has been ignored ----------------
 ----------------------------------------------------------

 Start  Time  : Wed Aug  5 15:06:40 2026
 Finish Time  : Wed Aug  5 15:07:09 2026
 Total  Time  : 0 h 0 mins 29 secs 
