                                                                                     
                              ABACUS v3.11.0-beta.5

               Atomic-orbital Based Ab-initio Computation at UStc                    

                     Website: http://abacus.ustc.edu.cn/                             
               Documentation: https://abacus.deepmodeling.com/                       
                  Repository: https://github.com/abacusmodeling/abacus-develop       
                              https://github.com/deepmodeling/abacus-develop         
                      Commit: unknown

    Start Time is Wed Aug  5 15:00:27 2026
                                                                                     
 ------------------------------------------------------------------------------------

 READING GENERAL INFORMATION
                           global_out_dir = OUT.s1_al_ksdft_k020x020x020/
                           global_in_card = INPUT
                               pseudo_dir = ./
                              orbital_dir = 
                                    DRANK = 1
                                    DSIZE = 4
                                   DCOLOR = 1
                                    GRANK = 1
                                    GSIZE = 1


 >>>>>>>>>>>>>>>>>>>>>>>>>>>>>>>>>>>>>>>>>>>>>>>>>>>>>>>>>>>>>>>>>>>>>>
 |                                                                    |
 |                        #Setup Unitcell#                            |
 | From the input file and the structure file we know the number of   |
 | different elments in this unitcell, then we list the detail        |
 | information for each element, especially the zeta and polar atomic |
 | orbital number for each element. The total atom number is counted. |
 | We calculate the nearest atom distance for each atom and show the  |
 | Cartesian and Direct coordinates for each atom. We list the file   |
 | address for atomic orbitals. The volume and the lattice vectors    |
 | in real and reciprocal space is also shown.                        |
 |                                                                    |
 <<<<<<<<<<<<<<<<<<<<<<<<<<<<<<<<<<<<<<<<<<<<<<<<<<<<<<<<<<<<<<<<<<<<<<

 READING UNITCELL INFORMATION
                       Number of elements = 1
                  Lattice constant (Bohr) = 1.88973
              Lattice constant (Angstrom) = 1

 READING ATOM TYPE 1
                               Atom label = Al
                      L=0, number of zeta = 1
                      L=1, number of zeta = 1
                      L=2, number of zeta = 1
            Number of atoms for this type = 1

                        TOTAL ATOM NUMBER = 1

 DIRECT COORDINATES
 atom                  x                  y                  z     mag
   Al     0.000000000000     0.000000000000     0.000000000000  0.0000

 ATOMIC VELOCITIES
 atom                 vx                 vy                 vz
   Al                  0                  0                  0

                     Cell volume (Bohr^3) = 112.073
                        Cell volume (A^3) = 16.6075

 Lattice vectors: (Cartesian coordinate: in unit of a_0)
                   +0              +2.025              +2.025
               +2.025                  +0              +2.025
               +2.025              +2.025                  +0
 Reciprocal vectors: (Cartesian coordinate: in unit of 2 pi/a_0)
            -0.246914           +0.246914           +0.246914
            +0.246914           -0.246914           +0.246914
            +0.246914           +0.246914           -0.246914

 #ENERGY SOLVER# ksdft_pw
 RUNNING WITH DEVICE  : CPU / Intel(R) Xeon(R) Platinum 8368Q CPU @ 2.60GHz (x2)


 >>>>>>>>>>>>>>>>>>>>>>>>>>>>>>>>>>>>>>>>>>>>>>>>>>>>>>>>>>>>>>>>>>>>>>
 |                                                                    |
 |                 #Read Pseudopotentials Files#                      |
 | ABACUS supports norm-conserving (NC) pseudopotentials for both     |
 | plane wave basis and numerical atomic orbital basis sets.          |
 | In addition, ABACUS supports ultrasoft pseudopotentials (USPP)     |
 | for plane wave basis set.                                          |
 |                                                                    |
 <<<<<<<<<<<<<<<<<<<<<<<<<<<<<<<<<<<<<<<<<<<<<<<<<<<<<<<<<<<<<<<<<<<<<<

                PAO radial cut off (Bohr) = 16

                     Pseudopotential file = al.gga.psp
                     Pseudopotential type = 
          Exchange-correlation functional = PBE
                 Nonlocal core correction = 0
                        Valence electrons = 3
                                     Lmax = 0
                           Number of zeta = 0
                     Number of projectors = 0
                    DFT functional set to = XC_GGA_X_PBE+XC_GGA_C_PBE
         Number of pseudo atomic orbitals = 0
            Electron number of element Al = 3
      Total electron number of element Al = 3
          Autoset the number of electrons = 3
               Occupied electronic states = 2
     Number of electronic states (NBANDS) = 12


 >>>>>>>>>>>>>>>>>>>>>>>>>>>>>>>>>>>>>>>>>>>>>>>>>>>>>>>>>>>>>>>>>>>>>>
 |                                                                    |
 |           #Setup Plane Waves of Charge/Potential#                  |
 | Use the kinetic energy cutoff and the lattice vectors to generate  |
 | the dimensions of FFT grid, which is used to represent the charge  |
 | density or potential. If USPP is used, a double grid technique     |
 | is applied.                                                        |
 |                                                                    |
 <<<<<<<<<<<<<<<<<<<<<<<<<<<<<<<<<<<<<<<<<<<<<<<<<<<<<<<<<<<<<<<<<<<<<

 SETUP PLANE WAVES FOR CHARGE/POTENTIAL
  Energy cutoff for charge/potential (Ry) = 160
            FFT grid for charge/potential = [ 24, 24, 24 ]
           Number of FFT grids this proc. = 3456
                Division for big FFT grid = [ 1, 1, 1 ]
      FFT (big) grid for charge/potential = [ 24, 24, 24 ]
     Number of FFT (big) grids this proc. = 3456
                    Number of plane waves = 3839
        Number of sticks on FFT x-y plane = 313

 PARALLEL PW FOR CHARGE/POTENTIAL
     PROC   COLUMNS(POT)             PW
        1             78            959
        2             78            959
        3             79            963
        4             78            958
 --------------- SUM -------------------
        4            313           3839

                            Number of |g| = 82
                                  Max |g| = 14.3881
                                  Min |g| = 0
 DONE : SETUP UNITCELL Time : 0.0368095 (SEC)


 >>>>>>>>>>>>>>>>>>>>>>>>>>>>>>>>>>>>>>>>>>>>>>>>>>>>>>>>>>>>>>>>>>>>>>
 |                                                                    |
 |                       #Setup K-points#                             |
 | We setup the k-points according to input parameters.               |
 | The reduced k-points are set according to symmetry operations.     |
 | We treat the spin as another set of k-points.                      |
 |                                                                    |
 <<<<<<<<<<<<<<<<<<<<<<<<<<<<<<<<<<<<<<<<<<<<<<<<<<<<<<<<<<<<<<<<<<<<<<


 SETUP K-POINTS
                                    nspin = 1
                   Input type of k points = Monkhorst-Pack(Gamma)
                                   nkstot = 8000
           Number of irreducible k-points = 4004

 K-POINTS REDUCTION ACCORDING TO SYMMETRY
     IBZ    DIRECT_X    DIRECT_Y    DIRECT_Z  WEIGHT  ibz2bz
       1  0.00000000  0.00000000  0.00000000  0.0001       0
       2  0.05000000  0.00000000  0.00000000  0.0003       1
       3  0.10000000  0.00000000  0.00000000  0.0003       2
       4  0.15000000  0.00000000  0.00000000  0.0003       3
       5  0.20000000  0.00000000  0.00000000  0.0003       4
       6  0.25000000  0.00000000  0.00000000  0.0003       5
       7  0.30000000  0.00000000  0.00000000  0.0003       6
       8  0.35000000  0.00000000  0.00000000  0.0003       7
       9  0.40000000  0.00000000  0.00000000  0.0003       8
      10  0.45000000  0.00000000  0.00000000  0.0003       9
      11  0.50000000  0.00000000  0.00000000  0.0001      10
      12  0.00000000  0.05000000  0.00000000  0.0003      20
      13  0.05000000  0.05000000  0.00000000  0.0003      21
      14  0.10000000  0.05000000  0.00000000  0.0003      22
      15  0.15000000  0.05000000  0.00000000  0.0003      23
      16  0.20000000  0.05000000  0.00000000  0.0003      24
      17  0.25000000  0.05000000  0.00000000  0.0003      25
      18  0.30000000  0.05000000  0.00000000  0.0003      26
      19  0.35000000  0.05000000  0.00000000  0.0003      27
      20  0.40000000  0.05000000  0.00000000  0.0003      28
      21  0.45000000  0.05000000  0.00000000  0.0003      29
      22  0.50000000  0.05000000  0.00000000  0.0003      30
      23  0.45000000 -0.05000000  0.00000000  0.0003      31
      24  0.40000000 -0.05000000  0.00000000  0.0003      32
      25  0.35000000 -0.05000000  0.00000000  0.0003      33
      26  0.30000000 -0.05000000  0.00000000  0.0003      34
      27  0.25000000 -0.05000000  0.00000000  0.0003      35
      28  0.20000000 -0.05000000  0.00000000  0.0003      36
      29  0.15000000 -0.05000000  0.00000000  0.0003      37
      30  0.10000000 -0.05000000  0.00000000  0.0003      38
      31 -0.05000000  0.05000000  0.00000000  0.0003      39
      32  0.00000000  0.10000000  0.00000000  0.0003      40
      33  0.05000000  0.10000000  0.00000000  0.0003      41
      34  0.10000000  0.10000000  0.00000000  0.0003      42
      35  0.15000000  0.10000000  0.00000000  0.0003      43
      36  0.20000000  0.10000000  0.00000000  0.0003      44
      37  0.25000000  0.10000000  0.00000000  0.0003      45
      38  0.30000000  0.10000000  0.00000000  0.0003      46
      39  0.35000000  0.10000000  0.00000000  0.0003      47
      40  0.40000000  0.10000000  0.00000000  0.0003      48
      41  0.45000000  0.10000000  0.00000000  0.0003      49
      42  0.50000000  0.10000000  0.00000000  0.0003      50
      43  0.45000000 -0.10000000  0.00000000  0.0003      51
      44  0.40000000 -0.10000000  0.00000000  0.0003      52
      45  0.35000000 -0.10000000  0.00000000  0.0003      53
      46  0.30000000 -0.10000000  0.00000000  0.0003      54
      47  0.25000000 -0.10000000  0.00000000  0.0003      55
      48  0.20000000 -0.10000000  0.00000000  0.0003      56
      49  0.15000000 -0.10000000  0.00000000  0.0003      57
      50  0.10000000 -0.10000000  0.00000000  0.0003      58
      51 -0.05000000  0.10000000  0.00000000  0.0003      59
      52  0.00000000  0.15000000  0.00000000  0.0003      60
      53  0.05000000  0.15000000  0.00000000  0.0003      61
      54  0.10000000  0.15000000  0.00000000  0.0003      62
      55  0.15000000  0.15000000  0.00000000  0.0003      63
      56  0.20000000  0.15000000  0.00000000  0.0003      64
      57  0.25000000  0.15000000  0.00000000  0.0003      65
      58  0.30000000  0.15000000  0.00000000  0.0003      66
      59  0.35000000  0.15000000  0.00000000  0.0003      67
      60  0.40000000  0.15000000  0.00000000  0.0003      68
      61  0.45000000  0.15000000  0.00000000  0.0003      69
      62  0.50000000  0.15000000  0.00000000  0.0003      70
      63  0.45000000 -0.15000000  0.00000000  0.0003      71
      64  0.40000000 -0.15000000  0.00000000  0.0003      72
      65  0.35000000 -0.15000000  0.00000000  0.0003      73
      66  0.30000000 -0.15000000  0.00000000  0.0003      74
      67  0.25000000 -0.15000000  0.00000000  0.0003      75
      68  0.20000000 -0.15000000  0.00000000  0.0003      76
      69 -0.15000000  0.15000000  0.00000000  0.0003      77
      70 -0.10000000  0.15000000  0.00000000  0.0003      78
      71 -0.05000000  0.15000000  0.00000000  0.0003      79
      72  0.00000000  0.20000000  0.00000000  0.0003      80
      73  0.05000000  0.20000000  0.00000000  0.0003      81
      74  0.10000000  0.20000000  0.00000000  0.0003      82
      75  0.15000000  0.20000000  0.00000000  0.0003      83
      76  0.20000000  0.20000000  0.00000000  0.0003      84
      77  0.25000000  0.20000000  0.00000000  0.0003      85
      78  0.30000000  0.20000000  0.00000000  0.0003      86
      79  0.35000000  0.20000000  0.00000000  0.0003      87
      80  0.40000000  0.20000000  0.00000000  0.0003      88
      81  0.45000000  0.20000000  0.00000000  0.0003      89
      82  0.50000000  0.20000000  0.00000000  0.0003      90
      83  0.45000000 -0.20000000  0.00000000  0.0003      91
      84  0.40000000 -0.20000000  0.00000000  0.0003      92
      85  0.35000000 -0.20000000  0.00000000  0.0003      93
      86  0.30000000 -0.20000000  0.00000000  0.0003      94
      87  0.25000000 -0.20000000  0.00000000  0.0003      95
      88 -0.20000000  0.20000000  0.00000000  0.0003      96
      89 -0.15000000  0.20000000  0.00000000  0.0003      97
      90 -0.10000000  0.20000000  0.00000000  0.0003      98
      91 -0.05000000  0.20000000  0.00000000  0.0003      99
      92  0.00000000  0.25000000  0.00000000  0.0003     100
      93  0.05000000  0.25000000  0.00000000  0.0003     101
      94  0.10000000  0.25000000  0.00000000  0.0003     102
      95  0.15000000  0.25000000  0.00000000  0.0003     103
      96  0.20000000  0.25000000  0.00000000  0.0003     104
      97  0.25000000  0.25000000  0.00000000  0.0003     105
      98  0.30000000  0.25000000  0.00000000  0.0003     106
      99  0.35000000  0.25000000  0.00000000  0.0003     107
     100  0.40000000  0.25000000  0.00000000  0.0003     108
     101  0.45000000  0.25000000  0.00000000  0.0003     109
     102  0.50000000  0.25000000  0.00000000  0.0003     110
     103  0.45000000 -0.25000000  0.00000000  0.0003     111
     104  0.40000000 -0.25000000  0.00000000  0.0003     112
     105  0.35000000 -0.25000000  0.00000000  0.0003     113
     106  0.30000000 -0.25000000  0.00000000  0.0003     114
     107 -0.25000000  0.25000000  0.00000000  0.0003     115
     108 -0.20000000  0.25000000  0.00000000  0.0003     116
     109 -0.15000000  0.25000000  0.00000000  0.0003     117
     110 -0.10000000  0.25000000  0.00000000  0.0003     118
     111 -0.05000000  0.25000000  0.00000000  0.0003     119
     112  0.00000000  0.30000000  0.00000000  0.0003     120
     113  0.05000000  0.30000000  0.00000000  0.0003     121
     114  0.10000000  0.30000000  0.00000000  0.0003     122
     115  0.15000000  0.30000000  0.00000000  0.0003     123
     116  0.20000000  0.30000000  0.00000000  0.0003     124
     117  0.25000000  0.30000000  0.00000000  0.0003     125
     118  0.30000000  0.30000000  0.00000000  0.0003     126
     119  0.35000000  0.30000000  0.00000000  0.0003     127
     120  0.40000000  0.30000000  0.00000000  0.0003     128
     121  0.45000000  0.30000000  0.00000000  0.0003     129
     122  0.50000000  0.30000000  0.00000000  0.0003     130
     123  0.45000000 -0.30000000  0.00000000  0.0003     131
     124  0.40000000 -0.30000000  0.00000000  0.0003     132
     125  0.35000000 -0.30000000  0.00000000  0.0003     133
     126 -0.30000000  0.30000000  0.00000000  0.0003     134
     127 -0.25000000  0.30000000  0.00000000  0.0003     135
     128 -0.20000000  0.30000000  0.00000000  0.0003     136
     129 -0.15000000  0.30000000  0.00000000  0.0003     137
     130 -0.10000000  0.30000000  0.00000000  0.0003     138
     131 -0.05000000  0.30000000  0.00000000  0.0003     139
     132  0.00000000  0.35000000  0.00000000  0.0003     140
     133  0.05000000  0.35000000  0.00000000  0.0003     141
     134  0.10000000  0.35000000  0.00000000  0.0003     142
     135  0.15000000  0.35000000  0.00000000  0.0003     143
     136  0.20000000  0.35000000  0.00000000  0.0003     144
     137  0.25000000  0.35000000  0.00000000  0.0003     145
     138  0.30000000  0.35000000  0.00000000  0.0003     146
     139  0.35000000  0.35000000  0.00000000  0.0003     147
     140  0.40000000  0.35000000  0.00000000  0.0003     148
     141  0.45000000  0.35000000  0.00000000  0.0003     149
     142  0.50000000  0.35000000  0.00000000  0.0003     150
     143  0.45000000 -0.35000000  0.00000000  0.0003     151
     144  0.40000000 -0.35000000  0.00000000  0.0003     152
     145 -0.35000000  0.35000000  0.00000000  0.0003     153
     146 -0.30000000  0.35000000  0.00000000  0.0003     154
     147 -0.25000000  0.35000000  0.00000000  0.0003     155
     148 -0.20000000  0.35000000  0.00000000  0.0003     156
     149 -0.15000000  0.35000000  0.00000000  0.0003     157
     150 -0.10000000  0.35000000  0.00000000  0.0003     158
     151 -0.05000000  0.35000000  0.00000000  0.0003     159
     152  0.00000000  0.40000000  0.00000000  0.0003     160
     153  0.05000000  0.40000000  0.00000000  0.0003     161
     154  0.10000000  0.40000000  0.00000000  0.0003     162
     155  0.15000000  0.40000000  0.00000000  0.0003     163
     156  0.20000000  0.40000000  0.00000000  0.0003     164
     157  0.25000000  0.40000000  0.00000000  0.0003     165
     158  0.30000000  0.40000000  0.00000000  0.0003     166
     159  0.35000000  0.40000000  0.00000000  0.0003     167
     160  0.40000000  0.40000000  0.00000000  0.0003     168
     161  0.45000000  0.40000000  0.00000000  0.0003     169
     162  0.50000000  0.40000000  0.00000000  0.0003     170
     163  0.45000000 -0.40000000  0.00000000  0.0003     171
     164 -0.40000000  0.40000000  0.00000000  0.0003     172
     165 -0.35000000  0.40000000  0.00000000  0.0003     173
     166 -0.30000000  0.40000000  0.00000000  0.0003     174
     167 -0.25000000  0.40000000  0.00000000  0.0003     175
     168 -0.20000000  0.40000000  0.00000000  0.0003     176
     169 -0.15000000  0.40000000  0.00000000  0.0003     177
     170 -0.10000000  0.40000000  0.00000000  0.0003     178
     171 -0.05000000  0.40000000  0.00000000  0.0003     179
     172  0.00000000  0.45000000  0.00000000  0.0003     180
     173  0.05000000  0.45000000  0.00000000  0.0003     181
     174  0.10000000  0.45000000  0.00000000  0.0003     182
     175  0.15000000  0.45000000  0.00000000  0.0003     183
     176  0.20000000  0.45000000  0.00000000  0.0003     184
     177  0.25000000  0.45000000  0.00000000  0.0003     185
     178  0.30000000  0.45000000  0.00000000  0.0003     186
     179  0.35000000  0.45000000  0.00000000  0.0003     187
     180  0.40000000  0.45000000  0.00000000  0.0003     188
     181  0.45000000  0.45000000  0.00000000  0.0003     189
     182  0.50000000  0.45000000  0.00000000  0.0003     190
     183 -0.45000000  0.45000000  0.00000000  0.0003     191
     184 -0.40000000  0.45000000  0.00000000  0.0003     192
     185 -0.35000000  0.45000000  0.00000000  0.0003     193
     186 -0.30000000  0.45000000  0.00000000  0.0003     194
     187 -0.25000000  0.45000000  0.00000000  0.0003     195
     188 -0.20000000  0.45000000  0.00000000  0.0003     196
     189 -0.15000000  0.45000000  0.00000000  0.0003     197
     190 -0.10000000  0.45000000  0.00000000  0.0003     198
     191 -0.05000000  0.45000000  0.00000000  0.0003     199
     192  0.00000000  0.50000000  0.00000000  0.0001     200
     193  0.05000000  0.50000000  0.00000000  0.0003     201
     194  0.10000000  0.50000000  0.00000000  0.0003     202
     195  0.15000000  0.50000000  0.00000000  0.0003     203
     196  0.20000000  0.50000000  0.00000000  0.0003     204
     197  0.25000000  0.50000000  0.00000000  0.0003     205
     198  0.30000000  0.50000000  0.00000000  0.0003     206
     199  0.35000000  0.50000000  0.00000000  0.0003     207
     200  0.40000000  0.50000000  0.00000000  0.0003     208
     201  0.45000000  0.50000000  0.00000000  0.0003     209
     202  0.50000000  0.50000000  0.00000000  0.0001     210
     203  0.00000000  0.00000000  0.05000000  0.0003     400
     204  0.05000000  0.00000000  0.05000000  0.0003     401
     205  0.10000000  0.00000000  0.05000000  0.0003     402
     206  0.15000000  0.00000000  0.05000000  0.0003     403
     207  0.20000000  0.00000000  0.05000000  0.0003     404
     208  0.25000000  0.00000000  0.05000000  0.0003     405
     209  0.30000000  0.00000000  0.05000000  0.0003     406
     210  0.35000000  0.00000000  0.05000000  0.0003     407
     211  0.40000000  0.00000000  0.05000000  0.0003     408
     212  0.45000000  0.00000000  0.05000000  0.0003     409
     213  0.50000000  0.00000000  0.05000000  0.0003     410
     214  0.45000000  0.00000000 -0.05000000  0.0003     411
     215  0.40000000  0.00000000 -0.05000000  0.0003     412
     216  0.35000000  0.00000000 -0.05000000  0.0003     413
     217  0.30000000  0.00000000 -0.05000000  0.0003     414
     218  0.25000000  0.00000000 -0.05000000  0.0003     415
     219  0.20000000  0.00000000 -0.05000000  0.0003     416
     220  0.15000000  0.00000000 -0.05000000  0.0003     417
     221  0.10000000  0.00000000 -0.05000000  0.0003     418
     222  0.05000000  0.00000000 -0.05000000  0.0003     419
     223  0.00000000  0.05000000  0.05000000  0.0003     420
     224  0.05000000  0.05000000  0.05000000  0.0003     421
     225  0.10000000  0.05000000  0.05000000  0.0003     422
     226  0.15000000  0.05000000  0.05000000  0.0003     423
     227  0.20000000  0.05000000  0.05000000  0.0003     424
     228  0.25000000  0.05000000  0.05000000  0.0003     425
     229  0.30000000  0.05000000  0.05000000  0.0003     426
     230  0.35000000  0.05000000  0.05000000  0.0003     427
     231  0.40000000  0.05000000  0.05000000  0.0003     428
     232  0.45000000  0.05000000  0.05000000  0.0003     429
     233  0.50000000  0.05000000  0.05000000  0.0003     430
     234  0.45000000 -0.05000000 -0.05000000  0.0003     431
     235  0.40000000 -0.05000000 -0.05000000  0.0003     432
     236  0.35000000 -0.05000000 -0.05000000  0.0003     433
     237  0.30000000 -0.05000000 -0.05000000  0.0003     434
     238  0.25000000 -0.05000000 -0.05000000  0.0003     435
     239  0.20000000 -0.05000000 -0.05000000  0.0003     436
     240  0.15000000 -0.05000000 -0.05000000  0.0003     437
     241 -0.10000000  0.05000000  0.05000000  0.0003     438
     242 -0.05000000  0.05000000  0.05000000  0.0003     439
     243  0.00000000  0.10000000  0.05000000  0.0003     440
     244  0.05000000  0.10000000  0.05000000  0.0003     441
     245  0.10000000  0.10000000  0.05000000  0.0003     442
     246  0.15000000  0.10000000  0.05000000  0.0003     443
     247  0.20000000  0.10000000  0.05000000  0.0003     444
     248  0.25000000  0.10000000  0.05000000  0.0003     445
     249  0.30000000  0.10000000  0.05000000  0.0003     446
     250  0.35000000  0.10000000  0.05000000  0.0003     447
     251  0.40000000  0.10000000  0.05000000  0.0003     448
     252  0.45000000  0.10000000  0.05000000  0.0003     449
     253  0.50000000  0.10000000  0.05000000  0.0003     450
     254  0.45000000 -0.10000000 -0.05000000  0.0003     451
     255  0.40000000 -0.10000000 -0.05000000  0.0003     452
     256  0.35000000 -0.10000000 -0.05000000  0.0003     453
     257  0.30000000 -0.10000000 -0.05000000  0.0003     454
     258  0.25000000 -0.10000000 -0.05000000  0.0003     455
     259  0.20000000 -0.10000000 -0.05000000  0.0003     456
     260 -0.15000000  0.10000000  0.05000000  0.0003     457
     261 -0.10000000  0.10000000  0.05000000  0.0003     458
     262 -0.05000000  0.10000000  0.05000000  0.0003     459
     263  0.00000000  0.15000000  0.05000000  0.0003     460
     264  0.05000000  0.15000000  0.05000000  0.0003     461
     265  0.10000000  0.15000000  0.05000000  0.0003     462
     266  0.15000000  0.15000000  0.05000000  0.0003     463
     267  0.20000000  0.15000000  0.05000000  0.0003     464
     268  0.25000000  0.15000000  0.05000000  0.0003     465
     269  0.30000000  0.15000000  0.05000000  0.0003     466
     270  0.35000000  0.15000000  0.05000000  0.0003     467
     271  0.40000000  0.15000000  0.05000000  0.0003     468
     272  0.45000000  0.15000000  0.05000000  0.0003     469
     273  0.50000000  0.15000000  0.05000000  0.0003     470
     274  0.45000000 -0.15000000 -0.05000000  0.0003     471
     275  0.40000000 -0.15000000 -0.05000000  0.0003     472
     276  0.35000000 -0.15000000 -0.05000000  0.0003     473
     277  0.30000000 -0.15000000 -0.05000000  0.0003     474
     278  0.25000000 -0.15000000 -0.05000000  0.0003     475
     279 -0.20000000  0.15000000  0.05000000  0.0003     476
     280 -0.15000000  0.15000000  0.05000000  0.0003     477
     281 -0.10000000  0.15000000  0.05000000  0.0003     478
     282 -0.05000000  0.15000000  0.05000000  0.0003     479
     283  0.00000000  0.20000000  0.05000000  0.0003     480
     284  0.05000000  0.20000000  0.05000000  0.0003     481
     285  0.10000000  0.20000000  0.05000000  0.0003     482
     286  0.15000000  0.20000000  0.05000000  0.0003     483
     287  0.20000000  0.20000000  0.05000000  0.0003     484
     288  0.25000000  0.20000000  0.05000000  0.0003     485
     289  0.30000000  0.20000000  0.05000000  0.0003     486
     290  0.35000000  0.20000000  0.05000000  0.0003     487
     291  0.40000000  0.20000000  0.05000000  0.0003     488
     292  0.45000000  0.20000000  0.05000000  0.0003     489
     293  0.50000000  0.20000000  0.05000000  0.0003     490
     294  0.45000000 -0.20000000 -0.05000000  0.0003     491
     295  0.40000000 -0.20000000 -0.05000000  0.0003     492
     296  0.35000000 -0.20000000 -0.05000000  0.0003     493
     297  0.30000000 -0.20000000 -0.05000000  0.0003     494
     298  0.25000000 -0.20000000 -0.05000000  0.0003     495
     299 -0.20000000  0.20000000  0.05000000  0.0003     496
     300 -0.15000000  0.20000000  0.05000000  0.0003     497
     301 -0.10000000  0.20000000  0.05000000  0.0003     498
     302 -0.05000000  0.20000000  0.05000000  0.0003     499
     303  0.00000000  0.25000000  0.05000000  0.0003     500
     304  0.05000000  0.25000000  0.05000000  0.0003     501
     305  0.10000000  0.25000000  0.05000000  0.0003     502
     306  0.15000000  0.25000000  0.05000000  0.0003     503
     307  0.20000000  0.25000000  0.05000000  0.0003     504
     308  0.25000000  0.25000000  0.05000000  0.0003     505
     309  0.30000000  0.25000000  0.05000000  0.0003     506
     310  0.35000000  0.25000000  0.05000000  0.0003     507
     311  0.40000000  0.25000000  0.05000000  0.0003     508
     312  0.45000000  0.25000000  0.05000000  0.0003     509
     313  0.50000000  0.25000000  0.05000000  0.0003     510
     314  0.45000000 -0.25000000 -0.05000000  0.0003     511
     315  0.40000000 -0.25000000 -0.05000000  0.0003     512
     316  0.35000000 -0.25000000 -0.05000000  0.0003     513
     317  0.30000000 -0.25000000 -0.05000000  0.0003     514
     318 -0.25000000  0.25000000  0.05000000  0.0003     515
     319 -0.20000000  0.25000000  0.05000000  0.0003     516
     320 -0.15000000  0.25000000  0.05000000  0.0003     517
     321 -0.10000000  0.25000000  0.05000000  0.0003     518
     322 -0.05000000  0.25000000  0.05000000  0.0003     519
     323  0.00000000  0.30000000  0.05000000  0.0003     520
     324  0.05000000  0.30000000  0.05000000  0.0003     521
     325  0.10000000  0.30000000  0.05000000  0.0003     522
     326  0.15000000  0.30000000  0.05000000  0.0003     523
     327  0.20000000  0.30000000  0.05000000  0.0003     524
     328  0.25000000  0.30000000  0.05000000  0.0003     525
     329  0.30000000  0.30000000  0.05000000  0.0003     526
     330  0.35000000  0.30000000  0.05000000  0.0003     527
     331  0.40000000  0.30000000  0.05000000  0.0003     528
     332  0.45000000  0.30000000  0.05000000  0.0003     529
     333  0.50000000  0.30000000  0.05000000  0.0003     530
     334  0.45000000 -0.30000000 -0.05000000  0.0003     531
     335  0.40000000 -0.30000000 -0.05000000  0.0003     532
     336 -0.35000000  0.30000000  0.05000000  0.0003     533
     337 -0.30000000  0.30000000  0.05000000  0.0003     534
     338 -0.25000000  0.30000000  0.05000000  0.0003     535
     339 -0.20000000  0.30000000  0.05000000  0.0003     536
     340 -0.15000000  0.30000000  0.05000000  0.0003     537
     341 -0.10000000  0.30000000  0.05000000  0.0003     538
     342 -0.05000000  0.30000000  0.05000000  0.0003     539
     343  0.00000000  0.35000000  0.05000000  0.0003     540
     344  0.05000000  0.35000000  0.05000000  0.0003     541
     345  0.10000000  0.35000000  0.05000000  0.0003     542
     346  0.15000000  0.35000000  0.05000000  0.0003     543
     347  0.20000000  0.35000000  0.05000000  0.0003     544
     348  0.25000000  0.35000000  0.05000000  0.0003     545
     349  0.30000000  0.35000000  0.05000000  0.0003     546
     350  0.35000000  0.35000000  0.05000000  0.0003     547
     351  0.40000000  0.35000000  0.05000000  0.0003     548
     352  0.45000000  0.35000000  0.05000000  0.0003     549
     353  0.50000000  0.35000000  0.05000000  0.0003     550
     354  0.45000000 -0.35000000 -0.05000000  0.0003     551
     355  0.40000000 -0.35000000 -0.05000000  0.0003     552
     356 -0.35000000  0.35000000  0.05000000  0.0003     553
     357 -0.30000000  0.35000000  0.05000000  0.0003     554
     358 -0.25000000  0.35000000  0.05000000  0.0003     555
     359 -0.20000000  0.35000000  0.05000000  0.0003     556
     360 -0.15000000  0.35000000  0.05000000  0.0003     557
     361 -0.10000000  0.35000000  0.05000000  0.0003     558
     362 -0.05000000  0.35000000  0.05000000  0.0003     559
     363  0.00000000  0.40000000  0.05000000  0.0003     560
     364  0.05000000  0.40000000  0.05000000  0.0003     561
     365  0.10000000  0.40000000  0.05000000  0.0003     562
     366  0.15000000  0.40000000  0.05000000  0.0003     563
     367  0.20000000  0.40000000  0.05000000  0.0003     564
     368  0.25000000  0.40000000  0.05000000  0.0003     565
     369  0.30000000  0.40000000  0.05000000  0.0003     566
     370  0.35000000  0.40000000  0.05000000  0.0003     567
     371  0.40000000  0.40000000  0.05000000  0.0003     568
     372  0.45000000  0.40000000  0.05000000  0.0003     569
     373  0.50000000  0.40000000  0.05000000  0.0003     570
     374  0.45000000 -0.40000000 -0.05000000  0.0003     571
     375 -0.40000000  0.40000000  0.05000000  0.0003     572
     376 -0.35000000  0.40000000  0.05000000  0.0003     573
     377 -0.30000000  0.40000000  0.05000000  0.0003     574
     378 -0.25000000  0.40000000  0.05000000  0.0003     575
     379 -0.20000000  0.40000000  0.05000000  0.0003     576
     380 -0.15000000  0.40000000  0.05000000  0.0003     577
     381 -0.10000000  0.40000000  0.05000000  0.0003     578
     382 -0.05000000  0.40000000  0.05000000  0.0003     579
     383  0.00000000  0.45000000  0.05000000  0.0003     580
     384  0.05000000  0.45000000  0.05000000  0.0003     581
     385  0.10000000  0.45000000  0.05000000  0.0003     582
     386  0.15000000  0.45000000  0.05000000  0.0003     583
     387  0.20000000  0.45000000  0.05000000  0.0003     584
     388  0.25000000  0.45000000  0.05000000  0.0003     585
     389  0.30000000  0.45000000  0.05000000  0.0003     586
     390  0.35000000  0.45000000  0.05000000  0.0003     587
     391  0.40000000  0.45000000  0.05000000  0.0003     588
     392  0.45000000  0.45000000  0.05000000  0.0003     589
     393  0.50000000  0.45000000  0.05000000  0.0003     590
     394 -0.45000000  0.45000000  0.05000000  0.0003     591
     395 -0.40000000  0.45000000  0.05000000  0.0003     592
     396 -0.35000000  0.45000000  0.05000000  0.0003     593
     397 -0.30000000  0.45000000  0.05000000  0.0003     594
     398 -0.25000000  0.45000000  0.05000000  0.0003     595
     399 -0.20000000  0.45000000  0.05000000  0.0003     596
     400 -0.15000000  0.45000000  0.05000000  0.0003     597
     401 -0.10000000  0.45000000  0.05000000  0.0003     598
     402 -0.05000000  0.45000000  0.05000000  0.0003     599
     403  0.00000000  0.50000000  0.05000000  0.0003     600
     404  0.05000000  0.50000000  0.05000000  0.0003     601
     405  0.10000000  0.50000000  0.05000000  0.0003     602
     406  0.15000000  0.50000000  0.05000000  0.0003     603
     407  0.20000000  0.50000000  0.05000000  0.0003     604
     408  0.25000000  0.50000000  0.05000000  0.0003     605
     409  0.30000000  0.50000000  0.05000000  0.0003     606
     410  0.35000000  0.50000000  0.05000000  0.0003     607
     411  0.40000000  0.50000000  0.05000000  0.0003     608
     412  0.45000000  0.50000000  0.05000000  0.0003     609
     413  0.50000000  0.50000000  0.05000000  0.0003     610
     414  0.45000000  0.50000000 -0.05000000  0.0003     611
     415  0.40000000  0.50000000 -0.05000000  0.0003     612
     416  0.35000000  0.50000000 -0.05000000  0.0003     613
     417  0.30000000  0.50000000 -0.05000000  0.0003     614
     418  0.25000000  0.50000000 -0.05000000  0.0003     615
     419  0.20000000  0.50000000 -0.05000000  0.0003     616
     420  0.15000000  0.50000000 -0.05000000  0.0003     617
     421  0.10000000  0.50000000 -0.05000000  0.0003     618
     422 -0.05000000  0.50000000  0.05000000  0.0003     619
     423  0.00000000  0.45000000 -0.05000000  0.0003     620
     424 -0.05000000  0.45000000 -0.05000000  0.0003     621
     425 -0.10000000  0.45000000 -0.05000000  0.0003     622
     426 -0.15000000  0.45000000 -0.05000000  0.0003     623
     427 -0.20000000  0.45000000 -0.05000000  0.0003     624
     428 -0.25000000  0.45000000 -0.05000000  0.0003     625
     429 -0.30000000  0.45000000 -0.05000000  0.0003     626
     430 -0.35000000  0.45000000 -0.05000000  0.0003     627
     431  0.40000000 -0.45000000  0.05000000  0.0003     628
     432  0.45000000 -0.45000000  0.05000000  0.0003     629
     433  0.50000000  0.45000000 -0.05000000  0.0003     630
     434  0.45000000  0.45000000 -0.05000000  0.0003     631
     435  0.40000000  0.45000000 -0.05000000  0.0003     632
     436  0.35000000  0.45000000 -0.05000000  0.0003     633
     437  0.30000000  0.45000000 -0.05000000  0.0003     634
     438  0.25000000  0.45000000 -0.05000000  0.0003     635
     439  0.20000000  0.45000000 -0.05000000  0.0003     636
     440  0.15000000  0.45000000 -0.05000000  0.0003     637
     441  0.10000000  0.45000000 -0.05000000  0.0003     638
     442  0.05000000  0.45000000 -0.05000000  0.0003     639
     443  0.00000000  0.40000000 -0.05000000  0.0003     640
     444 -0.05000000  0.40000000 -0.05000000  0.0003     641
     445 -0.10000000  0.40000000 -0.05000000  0.0003     642
     446 -0.15000000  0.40000000 -0.05000000  0.0003     643
     447 -0.20000000  0.40000000 -0.05000000  0.0003     644
     448 -0.25000000  0.40000000 -0.05000000  0.0003     645
     449 -0.30000000  0.40000000 -0.05000000  0.0003     646
     450 -0.35000000  0.40000000 -0.05000000  0.0003     647
     451  0.40000000 -0.40000000  0.05000000  0.0003     648
     452  0.45000000 -0.40000000  0.05000000  0.0003     649
     453  0.50000000  0.40000000 -0.05000000  0.0003     650
     454  0.45000000  0.40000000 -0.05000000  0.0003     651
     455  0.40000000  0.40000000 -0.05000000  0.0003     652
     456  0.35000000  0.40000000 -0.05000000  0.0003     653
     457  0.30000000  0.40000000 -0.05000000  0.0003     654
     458  0.25000000  0.40000000 -0.05000000  0.0003     655
     459  0.20000000  0.40000000 -0.05000000  0.0003     656
     460  0.15000000  0.40000000 -0.05000000  0.0003     657
     461  0.10000000  0.40000000 -0.05000000  0.0003     658
     462  0.05000000  0.40000000 -0.05000000  0.0003     659
     463  0.00000000  0.35000000 -0.05000000  0.0003     660
     464 -0.05000000  0.35000000 -0.05000000  0.0003     661
     465 -0.10000000  0.35000000 -0.05000000  0.0003     662
     466 -0.15000000  0.35000000 -0.05000000  0.0003     663
     467 -0.20000000  0.35000000 -0.05000000  0.0003     664
     468 -0.25000000  0.35000000 -0.05000000  0.0003     665
     469  0.30000000 -0.35000000  0.05000000  0.0003     666
     470  0.35000000 -0.35000000  0.05000000  0.0003     667
     471  0.40000000 -0.35000000  0.05000000  0.0003     668
     472  0.45000000 -0.35000000  0.05000000  0.0003     669
     473  0.50000000  0.35000000 -0.05000000  0.0003     670
     474  0.45000000  0.35000000 -0.05000000  0.0003     671
     475  0.40000000  0.35000000 -0.05000000  0.0003     672
     476  0.35000000  0.35000000 -0.05000000  0.0003     673
     477  0.30000000  0.35000000 -0.05000000  0.0003     674
     478  0.25000000  0.35000000 -0.05000000  0.0003     675
     479  0.20000000  0.35000000 -0.05000000  0.0003     676
     480  0.15000000  0.35000000 -0.05000000  0.0003     677
     481  0.10000000  0.35000000 -0.05000000  0.0003     678
     482  0.05000000  0.35000000 -0.05000000  0.0003     679
     483  0.00000000  0.30000000 -0.05000000  0.0003     680
     484 -0.05000000  0.30000000 -0.05000000  0.0003     681
     485 -0.10000000  0.30000000 -0.05000000  0.0003     682
     486 -0.15000000  0.30000000 -0.05000000  0.0003     683
     487 -0.20000000  0.30000000 -0.05000000  0.0003     684
     488 -0.25000000  0.30000000 -0.05000000  0.0003     685
     489  0.30000000 -0.30000000  0.05000000  0.0003     686
     490  0.35000000 -0.30000000  0.05000000  0.0003     687
     491  0.40000000 -0.30000000  0.05000000  0.0003     688
     492  0.45000000 -0.30000000  0.05000000  0.0003     689
     493  0.50000000  0.30000000 -0.05000000  0.0003     690
     494  0.45000000  0.30000000 -0.05000000  0.0003     691
     495  0.40000000  0.30000000 -0.05000000  0.0003     692
     496  0.35000000  0.30000000 -0.05000000  0.0003     693
     497  0.30000000  0.30000000 -0.05000000  0.0003     694
     498  0.25000000  0.30000000 -0.05000000  0.0003     695
     499  0.20000000  0.30000000 -0.05000000  0.0003     696
     500  0.15000000  0.30000000 -0.05000000  0.0003     697
     501  0.10000000  0.30000000 -0.05000000  0.0003     698
     502  0.05000000  0.30000000 -0.05000000  0.0003     699
     503  0.00000000  0.25000000 -0.05000000  0.0003     700
     504 -0.05000000  0.25000000 -0.05000000  0.0003     701
     505 -0.10000000  0.25000000 -0.05000000  0.0003     702
     506 -0.15000000  0.25000000 -0.05000000  0.0003     703
     507 -0.20000000  0.25000000 -0.05000000  0.0003     704
     508  0.25000000 -0.25000000  0.05000000  0.0003     705
     509  0.30000000 -0.25000000  0.05000000  0.0003     706
     510  0.35000000 -0.25000000  0.05000000  0.0003     707
     511  0.40000000 -0.25000000  0.05000000  0.0003     708
     512  0.45000000 -0.25000000  0.05000000  0.0003     709
     513  0.50000000  0.25000000 -0.05000000  0.0003     710
     514  0.45000000  0.25000000 -0.05000000  0.0003     711
     515  0.40000000  0.25000000 -0.05000000  0.0003     712
     516  0.35000000  0.25000000 -0.05000000  0.0003     713
     517  0.30000000  0.25000000 -0.05000000  0.0003     714
     518  0.25000000  0.25000000 -0.05000000  0.0003     715
     519  0.20000000  0.25000000 -0.05000000  0.0003     716
     520  0.15000000  0.25000000 -0.05000000  0.0003     717
     521  0.10000000  0.25000000 -0.05000000  0.0003     718
     522  0.05000000  0.25000000 -0.05000000  0.0003     719
     523  0.00000000  0.20000000 -0.05000000  0.0003     720
     524 -0.05000000  0.20000000 -0.05000000  0.0003     721
     525 -0.10000000  0.20000000 -0.05000000  0.0003     722
     526  0.15000000 -0.20000000  0.05000000  0.0003     723
     527  0.20000000 -0.20000000  0.05000000  0.0003     724
     528  0.25000000 -0.20000000  0.05000000  0.0003     725
     529  0.30000000 -0.20000000  0.05000000  0.0003     726
     530  0.35000000 -0.20000000  0.05000000  0.0003     727
     531  0.40000000 -0.20000000  0.05000000  0.0003     728
     532  0.45000000 -0.20000000  0.05000000  0.0003     729
     533  0.50000000  0.20000000 -0.05000000  0.0003     730
     534  0.45000000  0.20000000 -0.05000000  0.0003     731
     535  0.40000000  0.20000000 -0.05000000  0.0003     732
     536  0.35000000  0.20000000 -0.05000000  0.0003     733
     537  0.30000000  0.20000000 -0.05000000  0.0003     734
     538  0.25000000  0.20000000 -0.05000000  0.0003     735
     539  0.20000000  0.20000000 -0.05000000  0.0003     736
     540  0.15000000  0.20000000 -0.05000000  0.0003     737
     541  0.10000000  0.20000000 -0.05000000  0.0003     738
     542  0.05000000  0.20000000 -0.05000000  0.0003     739
     543  0.00000000  0.15000000 -0.05000000  0.0003     740
     544 -0.05000000  0.15000000 -0.05000000  0.0003     741
     545  0.10000000 -0.15000000  0.05000000  0.0003     742
     546  0.15000000 -0.15000000  0.05000000  0.0003     743
     547  0.20000000 -0.15000000  0.05000000  0.0003     744
     548  0.25000000 -0.15000000  0.05000000  0.0003     745
     549  0.30000000 -0.15000000  0.05000000  0.0003     746
     550  0.35000000 -0.15000000  0.05000000  0.0003     747
     551  0.40000000 -0.15000000  0.05000000  0.0003     748
     552  0.45000000 -0.15000000  0.05000000  0.0003     749
     553  0.50000000  0.15000000 -0.05000000  0.0003     750
     554  0.45000000  0.15000000 -0.05000000  0.0003     751
     555  0.40000000  0.15000000 -0.05000000  0.0003     752
     556  0.35000000  0.15000000 -0.05000000  0.0003     753
     557  0.30000000  0.15000000 -0.05000000  0.0003     754
     558  0.25000000  0.15000000 -0.05000000  0.0003     755
     559  0.20000000  0.15000000 -0.05000000  0.0003     756
     560  0.15000000  0.15000000 -0.05000000  0.0003     757
     561  0.10000000  0.15000000 -0.05000000  0.0003     758
     562  0.05000000  0.15000000 -0.05000000  0.0003     759
     563  0.00000000  0.10000000 -0.05000000  0.0003     760
     564  0.05000000 -0.10000000  0.05000000  0.0003     761
     565  0.10000000 -0.10000000  0.05000000  0.0003     762
     566  0.15000000 -0.10000000  0.05000000  0.0003     763
     567  0.20000000 -0.10000000  0.05000000  0.0003     764
     568  0.25000000 -0.10000000  0.05000000  0.0003     765
     569  0.30000000 -0.10000000  0.05000000  0.0003     766
     570  0.35000000 -0.10000000  0.05000000  0.0003     767
     571  0.40000000 -0.10000000  0.05000000  0.0003     768
     572  0.45000000 -0.10000000  0.05000000  0.0003     769
     573  0.50000000  0.10000000 -0.05000000  0.0003     770
     574  0.45000000  0.10000000 -0.05000000  0.0003     771
     575  0.40000000  0.10000000 -0.05000000  0.0003     772
     576  0.35000000  0.10000000 -0.05000000  0.0003     773
     577  0.30000000  0.10000000 -0.05000000  0.0003     774
     578  0.25000000  0.10000000 -0.05000000  0.0003     775
     579  0.20000000  0.10000000 -0.05000000  0.0003     776
     580  0.15000000  0.10000000 -0.05000000  0.0003     777
     581  0.10000000  0.10000000 -0.05000000  0.0003     778
     582  0.05000000  0.10000000 -0.05000000  0.0003     779
     583  0.00000000  0.05000000 -0.05000000  0.0003     780
     584  0.05000000 -0.05000000  0.05000000  0.0003     781
     585  0.10000000 -0.05000000  0.05000000  0.0003     782
     586  0.15000000 -0.05000000  0.05000000  0.0003     783
     587  0.20000000 -0.05000000  0.05000000  0.0003     784
     588  0.25000000 -0.05000000  0.05000000  0.0003     785
     589  0.30000000 -0.05000000  0.05000000  0.0003     786
     590  0.35000000 -0.05000000  0.05000000  0.0003     787
     591  0.40000000 -0.05000000  0.05000000  0.0003     788
     592  0.45000000 -0.05000000  0.05000000  0.0003     789
     593  0.50000000 -0.05000000  0.05000000  0.0003     790
     594  0.45000000  0.05000000 -0.05000000  0.0003     791
     595  0.40000000  0.05000000 -0.05000000  0.0003     792
     596  0.35000000  0.05000000 -0.05000000  0.0003     793
     597  0.30000000  0.05000000 -0.05000000  0.0003     794
     598  0.25000000  0.05000000 -0.05000000  0.0003     795
     599  0.20000000  0.05000000 -0.05000000  0.0003     796
     600  0.15000000  0.05000000 -0.05000000  0.0003     797
     601  0.10000000  0.05000000 -0.05000000  0.0003     798
     602  0.05000000  0.05000000 -0.05000000  0.0003     799
     603  0.00000000  0.00000000  0.10000000  0.0003     800
     604  0.05000000  0.00000000  0.10000000  0.0003     801
     605  0.10000000  0.00000000  0.10000000  0.0003     802
     606  0.15000000  0.00000000  0.10000000  0.0003     803
     607  0.20000000  0.00000000  0.10000000  0.0003     804
     608  0.25000000  0.00000000  0.10000000  0.0003     805
     609  0.30000000  0.00000000  0.10000000  0.0003     806
     610  0.35000000  0.00000000  0.10000000  0.0003     807
     611  0.40000000  0.00000000  0.10000000  0.0003     808
     612  0.45000000  0.00000000  0.10000000  0.0003     809
     613  0.50000000  0.00000000  0.10000000  0.0003     810
     614  0.45000000  0.00000000 -0.10000000  0.0003     811
     615  0.40000000  0.00000000 -0.10000000  0.0003     812
     616  0.35000000  0.00000000 -0.10000000  0.0003     813
     617  0.30000000  0.00000000 -0.10000000  0.0003     814
     618  0.25000000  0.00000000 -0.10000000  0.0003     815
     619  0.20000000  0.00000000 -0.10000000  0.0003     816
     620  0.15000000  0.00000000 -0.10000000  0.0003     817
     621 -0.10000000  0.00000000  0.10000000  0.0003     818
     622 -0.05000000  0.00000000  0.10000000  0.0003     819
     623  0.00000000  0.05000000  0.10000000  0.0003     820
     624  0.05000000  0.05000000  0.10000000  0.0003     821
     625  0.10000000  0.05000000  0.10000000  0.0003     822
     626  0.15000000  0.05000000  0.10000000  0.0003     823
     627  0.20000000  0.05000000  0.10000000  0.0003     824
     628  0.25000000  0.05000000  0.10000000  0.0003     825
     629  0.30000000  0.05000000  0.10000000  0.0003     826
     630  0.35000000  0.05000000  0.10000000  0.0003     827
     631  0.40000000  0.05000000  0.10000000  0.0003     828
     632  0.45000000  0.05000000  0.10000000  0.0003     829
     633  0.50000000  0.05000000  0.10000000  0.0003     830
     634  0.45000000 -0.05000000 -0.10000000  0.0003     831
     635  0.40000000 -0.05000000 -0.10000000  0.0003     832
     636  0.35000000 -0.05000000 -0.10000000  0.0003     833
     637  0.30000000 -0.05000000 -0.10000000  0.0003     834
     638  0.25000000 -0.05000000 -0.10000000  0.0003     835
     639  0.20000000 -0.05000000 -0.10000000  0.0003     836
     640 -0.15000000  0.05000000  0.10000000  0.0003     837
     641 -0.10000000  0.05000000  0.10000000  0.0003     838
     642 -0.05000000  0.05000000  0.10000000  0.0003     839
     643  0.00000000  0.10000000  0.10000000  0.0003     840
     644  0.05000000  0.10000000  0.10000000  0.0003     841
     645  0.10000000  0.10000000  0.10000000  0.0003     842
     646  0.15000000  0.10000000  0.10000000  0.0003     843
     647  0.20000000  0.10000000  0.10000000  0.0003     844
     648  0.25000000  0.10000000  0.10000000  0.0003     845
     649  0.30000000  0.10000000  0.10000000  0.0003     846
     650  0.35000000  0.10000000  0.10000000  0.0003     847
     651  0.40000000  0.10000000  0.10000000  0.0003     848
     652  0.45000000  0.10000000  0.10000000  0.0003     849
     653  0.50000000  0.10000000  0.10000000  0.0003     850
     654  0.45000000 -0.10000000 -0.10000000  0.0003     851
     655  0.40000000 -0.10000000 -0.10000000  0.0003     852
     656  0.35000000 -0.10000000 -0.10000000  0.0003     853
     657  0.30000000 -0.10000000 -0.10000000  0.0003     854
     658  0.25000000 -0.10000000 -0.10000000  0.0003     855
     659 -0.20000000  0.10000000  0.10000000  0.0003     856
     660 -0.15000000  0.10000000  0.10000000  0.0003     857
     661 -0.10000000  0.10000000  0.10000000  0.0003     858
     662 -0.05000000  0.10000000  0.10000000  0.0003     859
     663  0.00000000  0.15000000  0.10000000  0.0003     860
     664  0.05000000  0.15000000  0.10000000  0.0003     861
     665  0.10000000  0.15000000  0.10000000  0.0003     862
     666  0.15000000  0.15000000  0.10000000  0.0003     863
     667  0.20000000  0.15000000  0.10000000  0.0003     864
     668  0.25000000  0.15000000  0.10000000  0.0003     865
     669  0.30000000  0.15000000  0.10000000  0.0003     866
     670  0.35000000  0.15000000  0.10000000  0.0003     867
     671  0.40000000  0.15000000  0.10000000  0.0003     868
     672  0.45000000  0.15000000  0.10000000  0.0003     869
     673  0.50000000  0.15000000  0.10000000  0.0003     870
     674  0.45000000 -0.15000000 -0.10000000  0.0003     871
     675  0.40000000 -0.15000000 -0.10000000  0.0003     872
     676  0.35000000 -0.15000000 -0.10000000  0.0003     873
     677  0.30000000 -0.15000000 -0.10000000  0.0003     874
     678 -0.25000000  0.15000000  0.10000000  0.0003     875
     679 -0.20000000  0.15000000  0.10000000  0.0003     876
     680 -0.15000000  0.15000000  0.10000000  0.0003     877
     681 -0.10000000  0.15000000  0.10000000  0.0003     878
     682 -0.05000000  0.15000000  0.10000000  0.0003     879
     683  0.00000000  0.20000000  0.10000000  0.0003     880
     684  0.05000000  0.20000000  0.10000000  0.0003     881
     685  0.10000000  0.20000000  0.10000000  0.0003     882
     686  0.15000000  0.20000000  0.10000000  0.0003     883
     687  0.20000000  0.20000000  0.10000000  0.0003     884
     688  0.25000000  0.20000000  0.10000000  0.0003     885
     689  0.30000000  0.20000000  0.10000000  0.0003     886
     690  0.35000000  0.20000000  0.10000000  0.0003     887
     691  0.40000000  0.20000000  0.10000000  0.0003     888
     692  0.45000000  0.20000000  0.10000000  0.0003     889
     693  0.50000000  0.20000000  0.10000000  0.0003     890
     694  0.45000000 -0.20000000 -0.10000000  0.0003     891
     695  0.40000000 -0.20000000 -0.10000000  0.0003     892
     696  0.35000000 -0.20000000 -0.10000000  0.0003     893
     697  0.30000000 -0.20000000 -0.10000000  0.0003     894
     698 -0.25000000  0.20000000  0.10000000  0.0003     895
     699 -0.20000000  0.20000000  0.10000000  0.0003     896
     700 -0.15000000  0.20000000  0.10000000  0.0003     897
     701 -0.10000000  0.20000000  0.10000000  0.0003     898
     702 -0.05000000  0.20000000  0.10000000  0.0003     899
     703  0.00000000  0.25000000  0.10000000  0.0003     900
     704  0.05000000  0.25000000  0.10000000  0.0003     901
     705  0.10000000  0.25000000  0.10000000  0.0003     902
     706  0.15000000  0.25000000  0.10000000  0.0003     903
     707  0.20000000  0.25000000  0.10000000  0.0003     904
     708  0.25000000  0.25000000  0.10000000  0.0003     905
     709  0.30000000  0.25000000  0.10000000  0.0003     906
     710  0.35000000  0.25000000  0.10000000  0.0003     907
     711  0.40000000  0.25000000  0.10000000  0.0003     908
     712  0.45000000  0.25000000  0.10000000  0.0003     909
     713  0.50000000  0.25000000  0.10000000  0.0003     910
     714  0.45000000 -0.25000000 -0.10000000  0.0003     911
     715  0.40000000 -0.25000000 -0.10000000  0.0003     912
     716 -0.35000000  0.25000000  0.10000000  0.0003     913
     717 -0.30000000  0.25000000  0.10000000  0.0003     914
     718 -0.25000000  0.25000000  0.10000000  0.0003     915
     719 -0.20000000  0.25000000  0.10000000  0.0003     916
     720 -0.15000000  0.25000000  0.10000000  0.0003     917
     721 -0.10000000  0.25000000  0.10000000  0.0003     918
     722 -0.05000000  0.25000000  0.10000000  0.0003     919
     723  0.00000000  0.30000000  0.10000000  0.0003     920
     724  0.05000000  0.30000000  0.10000000  0.0003     921
     725  0.10000000  0.30000000  0.10000000  0.0003     922
     726  0.15000000  0.30000000  0.10000000  0.0003     923
     727  0.20000000  0.30000000  0.10000000  0.0003     924
     728  0.25000000  0.30000000  0.10000000  0.0003     925
     729  0.30000000  0.30000000  0.10000000  0.0003     926
     730  0.35000000  0.30000000  0.10000000  0.0003     927
     731  0.40000000  0.30000000  0.10000000  0.0003     928
     732  0.45000000  0.30000000  0.10000000  0.0003     929
     733  0.50000000  0.30000000  0.10000000  0.0003     930
     734  0.45000000 -0.30000000 -0.10000000  0.0003     931
     735 -0.40000000  0.30000000  0.10000000  0.0003     932
     736 -0.35000000  0.30000000  0.10000000  0.0003     933
     737 -0.30000000  0.30000000  0.10000000  0.0003     934
     738 -0.25000000  0.30000000  0.10000000  0.0003     935
     739 -0.20000000  0.30000000  0.10000000  0.0003     936
     740 -0.15000000  0.30000000  0.10000000  0.0003     937
     741 -0.10000000  0.30000000  0.10000000  0.0003     938
     742 -0.05000000  0.30000000  0.10000000  0.0003     939
     743  0.00000000  0.35000000  0.10000000  0.0003     940
     744  0.05000000  0.35000000  0.10000000  0.0003     941
     745  0.10000000  0.35000000  0.10000000  0.0003     942
     746  0.15000000  0.35000000  0.10000000  0.0003     943
     747  0.20000000  0.35000000  0.10000000  0.0003     944
     748  0.25000000  0.35000000  0.10000000  0.0003     945
     749  0.30000000  0.35000000  0.10000000  0.0003     946
     750  0.35000000  0.35000000  0.10000000  0.0003     947
     751  0.40000000  0.35000000  0.10000000  0.0003     948
     752  0.45000000  0.35000000  0.10000000  0.0003     949
     753  0.50000000  0.35000000  0.10000000  0.0003     950
     754 -0.45000000  0.35000000  0.10000000  0.0003     951
     755 -0.40000000  0.35000000  0.10000000  0.0003     952
     756 -0.35000000  0.35000000  0.10000000  0.0003     953
     757 -0.30000000  0.35000000  0.10000000  0.0003     954
     758 -0.25000000  0.35000000  0.10000000  0.0003     955
     759 -0.20000000  0.35000000  0.10000000  0.0003     956
     760 -0.15000000  0.35000000  0.10000000  0.0003     957
     761 -0.10000000  0.35000000  0.10000000  0.0003     958
     762 -0.05000000  0.35000000  0.10000000  0.0003     959
     763  0.00000000  0.40000000  0.10000000  0.0003     960
     764  0.05000000  0.40000000  0.10000000  0.0003     961
     765  0.10000000  0.40000000  0.10000000  0.0003     962
     766  0.15000000  0.40000000  0.10000000  0.0003     963
     767  0.20000000  0.40000000  0.10000000  0.0003     964
     768  0.25000000  0.40000000  0.10000000  0.0003     965
     769  0.30000000  0.40000000  0.10000000  0.0003     966
     770  0.35000000  0.40000000  0.10000000  0.0003     967
     771  0.40000000  0.40000000  0.10000000  0.0003     968
     772  0.45000000  0.40000000  0.10000000  0.0003     969
     773  0.50000000  0.40000000  0.10000000  0.0003     970
     774 -0.45000000  0.40000000  0.10000000  0.0003     971
     775 -0.40000000  0.40000000  0.10000000  0.0003     972
     776 -0.35000000  0.40000000  0.10000000  0.0003     973
     777 -0.30000000  0.40000000  0.10000000  0.0003     974
     778 -0.25000000  0.40000000  0.10000000  0.0003     975
     779 -0.20000000  0.40000000  0.10000000  0.0003     976
     780 -0.15000000  0.40000000  0.10000000  0.0003     977
     781 -0.10000000  0.40000000  0.10000000  0.0003     978
     782 -0.05000000  0.40000000  0.10000000  0.0003     979
     783  0.00000000  0.45000000  0.10000000  0.0003     980
     784  0.05000000  0.45000000  0.10000000  0.0003     981
     785  0.10000000  0.45000000  0.10000000  0.0003     982
     786  0.15000000  0.45000000  0.10000000  0.0003     983
     787  0.20000000  0.45000000  0.10000000  0.0003     984
     788  0.25000000  0.45000000  0.10000000  0.0003     985
     789  0.30000000  0.45000000  0.10000000  0.0003     986
     790  0.35000000  0.45000000  0.10000000  0.0003     987
     791  0.40000000  0.45000000  0.10000000  0.0003     988
     792  0.45000000  0.45000000  0.10000000  0.0003     989
     793  0.50000000  0.45000000  0.10000000  0.0003     990
     794 -0.45000000  0.45000000  0.10000000  0.0003     991
     795 -0.40000000  0.45000000  0.10000000  0.0003     992
     796 -0.35000000  0.45000000  0.10000000  0.0003     993
     797 -0.30000000  0.45000000  0.10000000  0.0003     994
     798 -0.25000000  0.45000000  0.10000000  0.0003     995
     799 -0.20000000  0.45000000  0.10000000  0.0003     996
     800 -0.15000000  0.45000000  0.10000000  0.0003     997
     801 -0.10000000  0.45000000  0.10000000  0.0003     998
     802 -0.05000000  0.45000000  0.10000000  0.0003     999
     803  0.00000000  0.50000000  0.10000000  0.0003    1000
     804  0.05000000  0.50000000  0.10000000  0.0003    1001
     805  0.10000000  0.50000000  0.10000000  0.0003    1002
     806  0.15000000  0.50000000  0.10000000  0.0003    1003
     807  0.20000000  0.50000000  0.10000000  0.0003    1004
     808  0.25000000  0.50000000  0.10000000  0.0003    1005
     809  0.30000000  0.50000000  0.10000000  0.0003    1006
     810  0.35000000  0.50000000  0.10000000  0.0003    1007
     811  0.40000000  0.50000000  0.10000000  0.0003    1008
     812  0.45000000  0.50000000  0.10000000  0.0003    1009
     813  0.50000000  0.50000000  0.10000000  0.0003    1010
     814  0.45000000  0.50000000 -0.10000000  0.0003    1011
     815  0.40000000  0.50000000 -0.10000000  0.0003    1012
     816  0.35000000  0.50000000 -0.10000000  0.0003    1013
     817  0.30000000  0.50000000 -0.10000000  0.0003    1014
     818  0.25000000  0.50000000 -0.10000000  0.0003    1015
     819  0.20000000  0.50000000 -0.10000000  0.0003    1016
     820  0.15000000  0.50000000 -0.10000000  0.0003    1017
     821 -0.10000000  0.50000000  0.10000000  0.0003    1018
     822 -0.05000000  0.50000000  0.10000000  0.0003    1019
     823  0.00000000  0.45000000 -0.10000000  0.0003    1020
     824 -0.05000000  0.45000000 -0.10000000  0.0003    1021
     825 -0.10000000  0.45000000 -0.10000000  0.0003    1022
     826 -0.15000000  0.45000000 -0.10000000  0.0003    1023
     827 -0.20000000  0.45000000 -0.10000000  0.0003    1024
     828 -0.25000000  0.45000000 -0.10000000  0.0003    1025
     829 -0.30000000  0.45000000 -0.10000000  0.0003    1026
     830 -0.35000000  0.45000000 -0.10000000  0.0003    1027
     831  0.40000000 -0.45000000  0.10000000  0.0003    1028
     832  0.45000000 -0.45000000  0.10000000  0.0003    1029
     833  0.50000000  0.45000000 -0.10000000  0.0003    1030
     834  0.45000000  0.45000000 -0.10000000  0.0003    1031
     835  0.40000000  0.45000000 -0.10000000  0.0003    1032
     836  0.35000000  0.45000000 -0.10000000  0.0003    1033
     837  0.30000000  0.45000000 -0.10000000  0.0003    1034
     838  0.25000000  0.45000000 -0.10000000  0.0003    1035
     839  0.20000000  0.45000000 -0.10000000  0.0003    1036
     840  0.15000000  0.45000000 -0.10000000  0.0003    1037
     841  0.10000000  0.45000000 -0.10000000  0.0003    1038
     842  0.05000000  0.45000000 -0.10000000  0.0003    1039
     843  0.00000000  0.40000000 -0.10000000  0.0003    1040
     844 -0.05000000  0.40000000 -0.10000000  0.0003    1041
     845 -0.10000000  0.40000000 -0.10000000  0.0003    1042
     846 -0.15000000  0.40000000 -0.10000000  0.0003    1043
     847 -0.20000000  0.40000000 -0.10000000  0.0003    1044
     848 -0.25000000  0.40000000 -0.10000000  0.0003    1045
     849  0.30000000 -0.40000000  0.10000000  0.0003    1046
     850  0.35000000 -0.40000000  0.10000000  0.0003    1047
     851  0.40000000 -0.40000000  0.10000000  0.0003    1048
     852  0.45000000 -0.40000000  0.10000000  0.0003    1049
     853  0.50000000  0.40000000 -0.10000000  0.0003    1050
     854  0.45000000  0.40000000 -0.10000000  0.0003    1051
     855  0.40000000  0.40000000 -0.10000000  0.0003    1052
     856  0.35000000  0.40000000 -0.10000000  0.0003    1053
     857  0.30000000  0.40000000 -0.10000000  0.0003    1054
     858  0.25000000  0.40000000 -0.10000000  0.0003    1055
     859  0.20000000  0.40000000 -0.10000000  0.0003    1056
     860  0.15000000  0.40000000 -0.10000000  0.0003    1057
     861  0.10000000  0.40000000 -0.10000000  0.0003    1058
     862  0.05000000  0.40000000 -0.10000000  0.0003    1059
     863  0.00000000  0.35000000 -0.10000000  0.0003    1060
     864 -0.05000000  0.35000000 -0.10000000  0.0003    1061
     865 -0.10000000  0.35000000 -0.10000000  0.0003    1062
     866 -0.15000000  0.35000000 -0.10000000  0.0003    1063
     867 -0.20000000  0.35000000 -0.10000000  0.0003    1064
     868 -0.25000000  0.35000000 -0.10000000  0.0003    1065
     869  0.30000000 -0.35000000  0.10000000  0.0003    1066
     870  0.35000000 -0.35000000  0.10000000  0.0003    1067
     871  0.40000000 -0.35000000  0.10000000  0.0003    1068
     872  0.45000000 -0.35000000  0.10000000  0.0003    1069
     873  0.50000000  0.35000000 -0.10000000  0.0003    1070
     874  0.45000000  0.35000000 -0.10000000  0.0003    1071
     875  0.40000000  0.35000000 -0.10000000  0.0003    1072
     876  0.35000000  0.35000000 -0.10000000  0.0003    1073
     877  0.30000000  0.35000000 -0.10000000  0.0003    1074
     878  0.25000000  0.35000000 -0.10000000  0.0003    1075
     879  0.20000000  0.35000000 -0.10000000  0.0003    1076
     880  0.15000000  0.35000000 -0.10000000  0.0003    1077
     881  0.10000000  0.35000000 -0.10000000  0.0003    1078
     882  0.05000000  0.35000000 -0.10000000  0.0003    1079
     883  0.00000000  0.30000000 -0.10000000  0.0003    1080
     884 -0.05000000  0.30000000 -0.10000000  0.0003    1081
     885 -0.10000000  0.30000000 -0.10000000  0.0003    1082
     886 -0.15000000  0.30000000 -0.10000000  0.0003    1083
     887 -0.20000000  0.30000000 -0.10000000  0.0003    1084
     888  0.25000000 -0.30000000  0.10000000  0.0003    1085
     889  0.30000000 -0.30000000  0.10000000  0.0003    1086
     890  0.35000000 -0.30000000  0.10000000  0.0003    1087
     891  0.40000000 -0.30000000  0.10000000  0.0003    1088
     892  0.45000000 -0.30000000  0.10000000  0.0003    1089
     893  0.50000000  0.30000000 -0.10000000  0.0003    1090
     894  0.45000000  0.30000000 -0.10000000  0.0003    1091
     895  0.40000000  0.30000000 -0.10000000  0.0003    1092
     896  0.35000000  0.30000000 -0.10000000  0.0003    1093
     897  0.30000000  0.30000000 -0.10000000  0.0003    1094
     898  0.25000000  0.30000000 -0.10000000  0.0003    1095
     899  0.20000000  0.30000000 -0.10000000  0.0003    1096
     900  0.15000000  0.30000000 -0.10000000  0.0003    1097
     901  0.10000000  0.30000000 -0.10000000  0.0003    1098
     902  0.05000000  0.30000000 -0.10000000  0.0003    1099
     903  0.00000000  0.25000000 -0.10000000  0.0003    1100
     904 -0.05000000  0.25000000 -0.10000000  0.0003    1101
     905 -0.10000000  0.25000000 -0.10000000  0.0003    1102
     906  0.15000000 -0.25000000  0.10000000  0.0003    1103
     907  0.20000000 -0.25000000  0.10000000  0.0003    1104
     908  0.25000000 -0.25000000  0.10000000  0.0003    1105
     909  0.30000000 -0.25000000  0.10000000  0.0003    1106
     910  0.35000000 -0.25000000  0.10000000  0.0003    1107
     911  0.40000000 -0.25000000  0.10000000  0.0003    1108
     912  0.45000000 -0.25000000  0.10000000  0.0003    1109
     913  0.50000000  0.25000000 -0.10000000  0.0003    1110
     914  0.45000000  0.25000000 -0.10000000  0.0003    1111
     915  0.40000000  0.25000000 -0.10000000  0.0003    1112
     916  0.35000000  0.25000000 -0.10000000  0.0003    1113
     917  0.30000000  0.25000000 -0.10000000  0.0003    1114
     918  0.25000000  0.25000000 -0.10000000  0.0003    1115
     919  0.20000000  0.25000000 -0.10000000  0.0003    1116
     920  0.15000000  0.25000000 -0.10000000  0.0003    1117
     921  0.10000000  0.25000000 -0.10000000  0.0003    1118
     922  0.05000000  0.25000000 -0.10000000  0.0003    1119
     923  0.00000000  0.20000000 -0.10000000  0.0003    1120
     924 -0.05000000  0.20000000 -0.10000000  0.0003    1121
     925  0.10000000 -0.20000000  0.10000000  0.0003    1122
     926  0.15000000 -0.20000000  0.10000000  0.0003    1123
     927  0.20000000 -0.20000000  0.10000000  0.0003    1124
     928  0.25000000 -0.20000000  0.10000000  0.0003    1125
     929  0.30000000 -0.20000000  0.10000000  0.0003    1126
     930  0.35000000 -0.20000000  0.10000000  0.0003    1127
     931  0.40000000 -0.20000000  0.10000000  0.0003    1128
     932  0.45000000 -0.20000000  0.10000000  0.0003    1129
     933  0.50000000  0.20000000 -0.10000000  0.0003    1130
     934  0.45000000  0.20000000 -0.10000000  0.0003    1131
     935  0.40000000  0.20000000 -0.10000000  0.0003    1132
     936  0.35000000  0.20000000 -0.10000000  0.0003    1133
     937  0.30000000  0.20000000 -0.10000000  0.0003    1134
     938  0.25000000  0.20000000 -0.10000000  0.0003    1135
     939  0.20000000  0.20000000 -0.10000000  0.0003    1136
     940  0.15000000  0.20000000 -0.10000000  0.0003    1137
     941  0.10000000  0.20000000 -0.10000000  0.0003    1138
     942  0.05000000  0.20000000 -0.10000000  0.0003    1139
     943  0.00000000  0.15000000 -0.10000000  0.0003    1140
     944  0.05000000 -0.15000000  0.10000000  0.0003    1141
     945  0.10000000 -0.15000000  0.10000000  0.0003    1142
     946  0.15000000 -0.15000000  0.10000000  0.0003    1143
     947  0.20000000 -0.15000000  0.10000000  0.0003    1144
     948  0.25000000 -0.15000000  0.10000000  0.0003    1145
     949  0.30000000 -0.15000000  0.10000000  0.0003    1146
     950  0.35000000 -0.15000000  0.10000000  0.0003    1147
     951  0.40000000 -0.15000000  0.10000000  0.0003    1148
     952  0.45000000 -0.15000000  0.10000000  0.0003    1149
     953  0.50000000  0.15000000 -0.10000000  0.0003    1150
     954  0.45000000  0.15000000 -0.10000000  0.0003    1151
     955  0.40000000  0.15000000 -0.10000000  0.0003    1152
     956  0.35000000  0.15000000 -0.10000000  0.0003    1153
     957  0.30000000  0.15000000 -0.10000000  0.0003    1154
     958  0.25000000  0.15000000 -0.10000000  0.0003    1155
     959  0.20000000  0.15000000 -0.10000000  0.0003    1156
     960  0.15000000  0.15000000 -0.10000000  0.0003    1157
     961  0.10000000  0.15000000 -0.10000000  0.0003    1158
     962  0.05000000  0.15000000 -0.10000000  0.0003    1159
     963  0.00000000 -0.10000000  0.10000000  0.0003    1160
     964  0.05000000 -0.10000000  0.10000000  0.0003    1161
     965  0.10000000 -0.10000000  0.10000000  0.0003    1162
     966  0.15000000 -0.10000000  0.10000000  0.0003    1163
     967  0.20000000 -0.10000000  0.10000000  0.0003    1164
     968  0.25000000 -0.10000000  0.10000000  0.0003    1165
     969  0.30000000 -0.10000000  0.10000000  0.0003    1166
     970  0.35000000 -0.10000000  0.10000000  0.0003    1167
     971  0.40000000 -0.10000000  0.10000000  0.0003    1168
     972  0.45000000 -0.10000000  0.10000000  0.0003    1169
     973  0.50000000 -0.10000000  0.10000000  0.0003    1170
     974  0.45000000  0.10000000 -0.10000000  0.0003    1171
     975  0.40000000  0.10000000 -0.10000000  0.0003    1172
     976  0.35000000  0.10000000 -0.10000000  0.0003    1173
     977  0.30000000  0.10000000 -0.10000000  0.0003    1174
     978  0.25000000  0.10000000 -0.10000000  0.0003    1175
     979  0.20000000  0.10000000 -0.10000000  0.0003    1176
     980  0.15000000  0.10000000 -0.10000000  0.0003    1177
     981  0.10000000  0.10000000 -0.10000000  0.0003    1178
     982  0.05000000  0.10000000 -0.10000000  0.0003    1179
     983  0.00000000 -0.05000000  0.10000000  0.0003    1180
     984  0.05000000 -0.05000000  0.10000000  0.0003    1181
     985  0.10000000 -0.05000000  0.10000000  0.0003    1182
     986  0.15000000 -0.05000000  0.10000000  0.0003    1183
     987  0.20000000 -0.05000000  0.10000000  0.0003    1184
     988  0.25000000 -0.05000000  0.10000000  0.0003    1185
     989  0.30000000 -0.05000000  0.10000000  0.0003    1186
     990  0.35000000 -0.05000000  0.10000000  0.0003    1187
     991  0.40000000 -0.05000000  0.10000000  0.0003    1188
     992  0.45000000 -0.05000000  0.10000000  0.0003    1189
     993  0.50000000 -0.05000000  0.10000000  0.0003    1190
     994  0.45000000  0.05000000 -0.10000000  0.0003    1191
     995  0.40000000  0.05000000 -0.10000000  0.0003    1192
     996  0.35000000  0.05000000 -0.10000000  0.0003    1193
     997  0.30000000  0.05000000 -0.10000000  0.0003    1194
     998  0.25000000  0.05000000 -0.10000000  0.0003    1195
     999  0.20000000  0.05000000 -0.10000000  0.0003    1196
    1000  0.15000000  0.05000000 -0.10000000  0.0003    1197
    1001  0.10000000  0.05000000 -0.10000000  0.0003    1198
    1002 -0.05000000 -0.05000000  0.10000000  0.0003    1199
    1003  0.00000000  0.00000000  0.15000000  0.0003    1200
    1004  0.05000000  0.00000000  0.15000000  0.0003    1201
    1005  0.10000000  0.00000000  0.15000000  0.0003    1202
    1006  0.15000000  0.00000000  0.15000000  0.0003    1203
    1007  0.20000000  0.00000000  0.15000000  0.0003    1204
    1008  0.25000000  0.00000000  0.15000000  0.0003    1205
    1009  0.30000000  0.00000000  0.15000000  0.0003    1206
    1010  0.35000000  0.00000000  0.15000000  0.0003    1207
    1011  0.40000000  0.00000000  0.15000000  0.0003    1208
    1012  0.45000000  0.00000000  0.15000000  0.0003    1209
    1013  0.50000000  0.00000000  0.15000000  0.0003    1210
    1014  0.45000000  0.00000000 -0.15000000  0.0003    1211
    1015  0.40000000  0.00000000 -0.15000000  0.0003    1212
    1016  0.35000000  0.00000000 -0.15000000  0.0003    1213
    1017  0.30000000  0.00000000 -0.15000000  0.0003    1214
    1018  0.25000000  0.00000000 -0.15000000  0.0003    1215
    1019  0.20000000  0.00000000 -0.15000000  0.0003    1216
    1020 -0.15000000  0.00000000  0.15000000  0.0003    1217
    1021 -0.10000000  0.00000000  0.15000000  0.0003    1218
    1022 -0.05000000  0.00000000  0.15000000  0.0003    1219
    1023  0.00000000  0.05000000  0.15000000  0.0003    1220
    1024  0.05000000  0.05000000  0.15000000  0.0003    1221
    1025  0.10000000  0.05000000  0.15000000  0.0003    1222
    1026  0.15000000  0.05000000  0.15000000  0.0003    1223
    1027  0.20000000  0.05000000  0.15000000  0.0003    1224
    1028  0.25000000  0.05000000  0.15000000  0.0003    1225
    1029  0.30000000  0.05000000  0.15000000  0.0003    1226
    1030  0.35000000  0.05000000  0.15000000  0.0003    1227
    1031  0.40000000  0.05000000  0.15000000  0.0003    1228
    1032  0.45000000  0.05000000  0.15000000  0.0003    1229
    1033  0.50000000  0.05000000  0.15000000  0.0003    1230
    1034  0.45000000 -0.05000000 -0.15000000  0.0003    1231
    1035  0.40000000 -0.05000000 -0.15000000  0.0003    1232
    1036  0.35000000 -0.05000000 -0.15000000  0.0003    1233
    1037  0.30000000 -0.05000000 -0.15000000  0.0003    1234
    1038  0.25000000 -0.05000000 -0.15000000  0.0003    1235
    1039 -0.20000000  0.05000000  0.15000000  0.0003    1236
    1040 -0.15000000  0.05000000  0.15000000  0.0003    1237
    1041 -0.10000000  0.05000000  0.15000000  0.0003    1238
    1042 -0.05000000  0.05000000  0.15000000  0.0003    1239
    1043  0.00000000  0.10000000  0.15000000  0.0003    1240
    1044  0.05000000  0.10000000  0.15000000  0.0003    1241
    1045  0.10000000  0.10000000  0.15000000  0.0003    1242
    1046  0.15000000  0.10000000  0.15000000  0.0003    1243
    1047  0.20000000  0.10000000  0.15000000  0.0003    1244
    1048  0.25000000  0.10000000  0.15000000  0.0003    1245
    1049  0.30000000  0.10000000  0.15000000  0.0003    1246
    1050  0.35000000  0.10000000  0.15000000  0.0003    1247
    1051  0.40000000  0.10000000  0.15000000  0.0003    1248
    1052  0.45000000  0.10000000  0.15000000  0.0003    1249
    1053  0.50000000  0.10000000  0.15000000  0.0003    1250
    1054  0.45000000 -0.10000000 -0.15000000  0.0003    1251
    1055  0.40000000 -0.10000000 -0.15000000  0.0003    1252
    1056  0.35000000 -0.10000000 -0.15000000  0.0003    1253
    1057  0.30000000 -0.10000000 -0.15000000  0.0003    1254
    1058 -0.25000000  0.10000000  0.15000000  0.0003    1255
    1059 -0.20000000  0.10000000  0.15000000  0.0003    1256
    1060 -0.15000000  0.10000000  0.15000000  0.0003    1257
    1061 -0.10000000  0.10000000  0.15000000  0.0003    1258
    1062 -0.05000000  0.10000000  0.15000000  0.0003    1259
    1063  0.00000000  0.15000000  0.15000000  0.0003    1260
    1064  0.05000000  0.15000000  0.15000000  0.0003    1261
    1065  0.10000000  0.15000000  0.15000000  0.0003    1262
    1066  0.15000000  0.15000000  0.15000000  0.0003    1263
    1067  0.20000000  0.15000000  0.15000000  0.0003    1264
    1068  0.25000000  0.15000000  0.15000000  0.0003    1265
    1069  0.30000000  0.15000000  0.15000000  0.0003    1266
    1070  0.35000000  0.15000000  0.15000000  0.0003    1267
    1071  0.40000000  0.15000000  0.15000000  0.0003    1268
    1072  0.45000000  0.15000000  0.15000000  0.0003    1269
    1073  0.50000000  0.15000000  0.15000000  0.0003    1270
    1074  0.45000000 -0.15000000 -0.15000000  0.0003    1271
    1075  0.40000000 -0.15000000 -0.15000000  0.0003    1272
    1076  0.35000000 -0.15000000 -0.15000000  0.0003    1273
    1077  0.30000000 -0.15000000 -0.15000000  0.0003    1274
    1078 -0.25000000  0.15000000  0.15000000  0.0003    1275
    1079 -0.20000000  0.15000000  0.15000000  0.0003    1276
    1080 -0.15000000  0.15000000  0.15000000  0.0003    1277
    1081 -0.10000000  0.15000000  0.15000000  0.0003    1278
    1082 -0.05000000  0.15000000  0.15000000  0.0003    1279
    1083  0.00000000  0.20000000  0.15000000  0.0003    1280
    1084  0.05000000  0.20000000  0.15000000  0.0003    1281
    1085  0.10000000  0.20000000  0.15000000  0.0003    1282
    1086  0.15000000  0.20000000  0.15000000  0.0003    1283
    1087  0.20000000  0.20000000  0.15000000  0.0003    1284
    1088  0.25000000  0.20000000  0.15000000  0.0003    1285
    1089  0.30000000  0.20000000  0.15000000  0.0003    1286
    1090  0.35000000  0.20000000  0.15000000  0.0003    1287
    1091  0.40000000  0.20000000  0.15000000  0.0003    1288
    1092  0.45000000  0.20000000  0.15000000  0.0003    1289
    1093  0.50000000  0.20000000  0.15000000  0.0003    1290
    1094  0.45000000 -0.20000000 -0.15000000  0.0003    1291
    1095  0.40000000 -0.20000000 -0.15000000  0.0003    1292
    1096  0.35000000 -0.20000000 -0.15000000  0.0003    1293
    1097 -0.30000000  0.20000000  0.15000000  0.0003    1294
    1098 -0.25000000  0.20000000  0.15000000  0.0003    1295
    1099 -0.20000000  0.20000000  0.15000000  0.0003    1296
    1100 -0.15000000  0.20000000  0.15000000  0.0003    1297
    1101 -0.10000000  0.20000000  0.15000000  0.0003    1298
    1102 -0.05000000  0.20000000  0.15000000  0.0003    1299
    1103  0.00000000  0.25000000  0.15000000  0.0003    1300
    1104  0.05000000  0.25000000  0.15000000  0.0003    1301
    1105  0.10000000  0.25000000  0.15000000  0.0003    1302
    1106  0.15000000  0.25000000  0.15000000  0.0003    1303
    1107  0.20000000  0.25000000  0.15000000  0.0003    1304
    1108  0.25000000  0.25000000  0.15000000  0.0003    1305
    1109  0.30000000  0.25000000  0.15000000  0.0003    1306
    1110  0.35000000  0.25000000  0.15000000  0.0003    1307
    1111  0.40000000  0.25000000  0.15000000  0.0003    1308
    1112  0.45000000  0.25000000  0.15000000  0.0003    1309
    1113  0.50000000  0.25000000  0.15000000  0.0003    1310
    1114  0.45000000 -0.25000000 -0.15000000  0.0003    1311
    1115  0.40000000 -0.25000000 -0.15000000  0.0003    1312
    1116 -0.35000000  0.25000000  0.15000000  0.0003    1313
    1117 -0.30000000  0.25000000  0.15000000  0.0003    1314
    1118 -0.25000000  0.25000000  0.15000000  0.0003    1315
    1119 -0.20000000  0.25000000  0.15000000  0.0003    1316
    1120 -0.15000000  0.25000000  0.15000000  0.0003    1317
    1121 -0.10000000  0.25000000  0.15000000  0.0003    1318
    1122 -0.05000000  0.25000000  0.15000000  0.0003    1319
    1123  0.00000000  0.30000000  0.15000000  0.0003    1320
    1124  0.05000000  0.30000000  0.15000000  0.0003    1321
    1125  0.10000000  0.30000000  0.15000000  0.0003    1322
    1126  0.15000000  0.30000000  0.15000000  0.0003    1323
    1127  0.20000000  0.30000000  0.15000000  0.0003    1324
    1128  0.25000000  0.30000000  0.15000000  0.0003    1325
    1129  0.30000000  0.30000000  0.15000000  0.0003    1326
    1130  0.35000000  0.30000000  0.15000000  0.0003    1327
    1131  0.40000000  0.30000000  0.15000000  0.0003    1328
    1132  0.45000000  0.30000000  0.15000000  0.0003    1329
    1133  0.50000000  0.30000000  0.15000000  0.0003    1330
    1134  0.45000000 -0.30000000 -0.15000000  0.0003    1331
    1135 -0.40000000  0.30000000  0.15000000  0.0003    1332
    1136 -0.35000000  0.30000000  0.15000000  0.0003    1333
    1137 -0.30000000  0.30000000  0.15000000  0.0003    1334
    1138 -0.25000000  0.30000000  0.15000000  0.0003    1335
    1139 -0.20000000  0.30000000  0.15000000  0.0003    1336
    1140 -0.15000000  0.30000000  0.15000000  0.0003    1337
    1141 -0.10000000  0.30000000  0.15000000  0.0003    1338
    1142 -0.05000000  0.30000000  0.15000000  0.0003    1339
    1143  0.00000000  0.35000000  0.15000000  0.0003    1340
    1144  0.05000000  0.35000000  0.15000000  0.0003    1341
    1145  0.10000000  0.35000000  0.15000000  0.0003    1342
    1146  0.15000000  0.35000000  0.15000000  0.0003    1343
    1147  0.20000000  0.35000000  0.15000000  0.0003    1344
    1148  0.25000000  0.35000000  0.15000000  0.0003    1345
    1149  0.30000000  0.35000000  0.15000000  0.0003    1346
    1150  0.35000000  0.35000000  0.15000000  0.0003    1347
    1151  0.40000000  0.35000000  0.15000000  0.0003    1348
    1152  0.45000000  0.35000000  0.15000000  0.0003    1349
    1153  0.50000000  0.35000000  0.15000000  0.0003    1350
    1154 -0.45000000  0.35000000  0.15000000  0.0003    1351
    1155 -0.40000000  0.35000000  0.15000000  0.0003    1352
    1156 -0.35000000  0.35000000  0.15000000  0.0003    1353
    1157 -0.30000000  0.35000000  0.15000000  0.0003    1354
    1158 -0.25000000  0.35000000  0.15000000  0.0003    1355
    1159 -0.20000000  0.35000000  0.15000000  0.0003    1356
    1160 -0.15000000  0.35000000  0.15000000  0.0003    1357
    1161 -0.10000000  0.35000000  0.15000000  0.0003    1358
    1162 -0.05000000  0.35000000  0.15000000  0.0003    1359
    1163  0.00000000  0.40000000  0.15000000  0.0003    1360
    1164  0.05000000  0.40000000  0.15000000  0.0003    1361
    1165  0.10000000  0.40000000  0.15000000  0.0003    1362
    1166  0.15000000  0.40000000  0.15000000  0.0003    1363
    1167  0.20000000  0.40000000  0.15000000  0.0003    1364
    1168  0.25000000  0.40000000  0.15000000  0.0003    1365
    1169  0.30000000  0.40000000  0.15000000  0.0003    1366
    1170  0.35000000  0.40000000  0.15000000  0.0003    1367
    1171  0.40000000  0.40000000  0.15000000  0.0003    1368
    1172  0.45000000  0.40000000  0.15000000  0.0003    1369
    1173  0.50000000  0.40000000  0.15000000  0.0003    1370
    1174 -0.45000000  0.40000000  0.15000000  0.0003    1371
    1175 -0.40000000  0.40000000  0.15000000  0.0003    1372
    1176 -0.35000000  0.40000000  0.15000000  0.0003    1373
    1177 -0.30000000  0.40000000  0.15000000  0.0003    1374
    1178 -0.25000000  0.40000000  0.15000000  0.0003    1375
    1179 -0.20000000  0.40000000  0.15000000  0.0003    1376
    1180 -0.15000000  0.40000000  0.15000000  0.0003    1377
    1181 -0.10000000  0.40000000  0.15000000  0.0003    1378
    1182 -0.05000000  0.40000000  0.15000000  0.0003    1379
    1183  0.00000000  0.45000000  0.15000000  0.0003    1380
    1184  0.05000000  0.45000000  0.15000000  0.0003    1381
    1185  0.10000000  0.45000000  0.15000000  0.0003    1382
    1186  0.15000000  0.45000000  0.15000000  0.0003    1383
    1187  0.20000000  0.45000000  0.15000000  0.0003    1384
    1188  0.25000000  0.45000000  0.15000000  0.0003    1385
    1189  0.30000000  0.45000000  0.15000000  0.0003    1386
    1190  0.35000000  0.45000000  0.15000000  0.0003    1387
    1191  0.40000000  0.45000000  0.15000000  0.0003    1388
    1192  0.45000000  0.45000000  0.15000000  0.0003    1389
    1193  0.50000000  0.45000000  0.15000000  0.0003    1390
    1194 -0.45000000  0.45000000  0.15000000  0.0003    1391
    1195 -0.40000000  0.45000000  0.15000000  0.0003    1392
    1196 -0.35000000  0.45000000  0.15000000  0.0003    1393
    1197 -0.30000000  0.45000000  0.15000000  0.0003    1394
    1198 -0.25000000  0.45000000  0.15000000  0.0003    1395
    1199 -0.20000000  0.45000000  0.15000000  0.0003    1396
    1200 -0.15000000  0.45000000  0.15000000  0.0003    1397
    1201 -0.10000000  0.45000000  0.15000000  0.0003    1398
    1202 -0.05000000  0.45000000  0.15000000  0.0003    1399
    1203  0.00000000  0.50000000  0.15000000  0.0003    1400
    1204  0.05000000  0.50000000  0.15000000  0.0003    1401
    1205  0.10000000  0.50000000  0.15000000  0.0003    1402
    1206  0.15000000  0.50000000  0.15000000  0.0003    1403
    1207  0.20000000  0.50000000  0.15000000  0.0003    1404
    1208  0.25000000  0.50000000  0.15000000  0.0003    1405
    1209  0.30000000  0.50000000  0.15000000  0.0003    1406
    1210  0.35000000  0.50000000  0.15000000  0.0003    1407
    1211  0.40000000  0.50000000  0.15000000  0.0003    1408
    1212  0.45000000  0.50000000  0.15000000  0.0003    1409
    1213  0.50000000  0.50000000  0.15000000  0.0003    1410
    1214  0.45000000  0.50000000 -0.15000000  0.0003    1411
    1215  0.40000000  0.50000000 -0.15000000  0.0003    1412
    1216  0.35000000  0.50000000 -0.15000000  0.0003    1413
    1217  0.30000000  0.50000000 -0.15000000  0.0003    1414
    1218  0.25000000  0.50000000 -0.15000000  0.0003    1415
    1219  0.20000000  0.50000000 -0.15000000  0.0003    1416
    1220 -0.15000000  0.50000000  0.15000000  0.0003    1417
    1221 -0.10000000  0.50000000  0.15000000  0.0003    1418
    1222 -0.05000000  0.50000000  0.15000000  0.0003    1419
    1223  0.00000000  0.45000000 -0.15000000  0.0003    1420
    1224 -0.05000000  0.45000000 -0.15000000  0.0003    1421
    1225 -0.10000000  0.45000000 -0.15000000  0.0003    1422
    1226 -0.15000000  0.45000000 -0.15000000  0.0003    1423
    1227 -0.20000000  0.45000000 -0.15000000  0.0003    1424
    1228 -0.25000000  0.45000000 -0.15000000  0.0003    1425
    1229 -0.30000000  0.45000000 -0.15000000  0.0003    1426
    1230  0.35000000 -0.45000000  0.15000000  0.0003    1427
    1231  0.40000000 -0.45000000  0.15000000  0.0003    1428
    1232  0.45000000 -0.45000000  0.15000000  0.0003    1429
    1233  0.50000000  0.45000000 -0.15000000  0.0003    1430
    1234  0.45000000  0.45000000 -0.15000000  0.0003    1431
    1235  0.40000000  0.45000000 -0.15000000  0.0003    1432
    1236  0.35000000  0.45000000 -0.15000000  0.0003    1433
    1237  0.30000000  0.45000000 -0.15000000  0.0003    1434
    1238  0.25000000  0.45000000 -0.15000000  0.0003    1435
    1239  0.20000000  0.45000000 -0.15000000  0.0003    1436
    1240  0.15000000  0.45000000 -0.15000000  0.0003    1437
    1241  0.10000000  0.45000000 -0.15000000  0.0003    1438
    1242  0.05000000  0.45000000 -0.15000000  0.0003    1439
    1243  0.00000000  0.40000000 -0.15000000  0.0003    1440
    1244 -0.05000000  0.40000000 -0.15000000  0.0003    1441
    1245 -0.10000000  0.40000000 -0.15000000  0.0003    1442
    1246 -0.15000000  0.40000000 -0.15000000  0.0003    1443
    1247 -0.20000000  0.40000000 -0.15000000  0.0003    1444
    1248 -0.25000000  0.40000000 -0.15000000  0.0003    1445
    1249  0.30000000 -0.40000000  0.15000000  0.0003    1446
    1250  0.35000000 -0.40000000  0.15000000  0.0003    1447
    1251  0.40000000 -0.40000000  0.15000000  0.0003    1448
    1252  0.45000000 -0.40000000  0.15000000  0.0003    1449
    1253  0.50000000  0.40000000 -0.15000000  0.0003    1450
    1254  0.45000000  0.40000000 -0.15000000  0.0003    1451
    1255  0.40000000  0.40000000 -0.15000000  0.0003    1452
    1256  0.35000000  0.40000000 -0.15000000  0.0003    1453
    1257  0.30000000  0.40000000 -0.15000000  0.0003    1454
    1258  0.25000000  0.40000000 -0.15000000  0.0003    1455
    1259  0.20000000  0.40000000 -0.15000000  0.0003    1456
    1260  0.15000000  0.40000000 -0.15000000  0.0003    1457
    1261  0.10000000  0.40000000 -0.15000000  0.0003    1458
    1262  0.05000000  0.40000000 -0.15000000  0.0003    1459
    1263  0.00000000  0.35000000 -0.15000000  0.0003    1460
    1264 -0.05000000  0.35000000 -0.15000000  0.0003    1461
    1265 -0.10000000  0.35000000 -0.15000000  0.0003    1462
    1266 -0.15000000  0.35000000 -0.15000000  0.0003    1463
    1267 -0.20000000  0.35000000 -0.15000000  0.0003    1464
    1268  0.25000000 -0.35000000  0.15000000  0.0003    1465
    1269  0.30000000 -0.35000000  0.15000000  0.0003    1466
    1270  0.35000000 -0.35000000  0.15000000  0.0003    1467
    1271  0.40000000 -0.35000000  0.15000000  0.0003    1468
    1272  0.45000000 -0.35000000  0.15000000  0.0003    1469
    1273  0.50000000  0.35000000 -0.15000000  0.0003    1470
    1274  0.45000000  0.35000000 -0.15000000  0.0003    1471
    1275  0.40000000  0.35000000 -0.15000000  0.0003    1472
    1276  0.35000000  0.35000000 -0.15000000  0.0003    1473
    1277  0.30000000  0.35000000 -0.15000000  0.0003    1474
    1278  0.25000000  0.35000000 -0.15000000  0.0003    1475
    1279  0.20000000  0.35000000 -0.15000000  0.0003    1476
    1280  0.15000000  0.35000000 -0.15000000  0.0003    1477
    1281  0.10000000  0.35000000 -0.15000000  0.0003    1478
    1282  0.05000000  0.35000000 -0.15000000  0.0003    1479
    1283  0.00000000  0.30000000 -0.15000000  0.0003    1480
    1284 -0.05000000  0.30000000 -0.15000000  0.0003    1481
    1285 -0.10000000  0.30000000 -0.15000000  0.0003    1482
    1286 -0.15000000  0.30000000 -0.15000000  0.0003    1483
    1287  0.20000000 -0.30000000  0.15000000  0.0003    1484
    1288  0.25000000 -0.30000000  0.15000000  0.0003    1485
    1289  0.30000000 -0.30000000  0.15000000  0.0003    1486
    1290  0.35000000 -0.30000000  0.15000000  0.0003    1487
    1291  0.40000000 -0.30000000  0.15000000  0.0003    1488
    1292  0.45000000 -0.30000000  0.15000000  0.0003    1489
    1293  0.50000000  0.30000000 -0.15000000  0.0003    1490
    1294  0.45000000  0.30000000 -0.15000000  0.0003    1491
    1295  0.40000000  0.30000000 -0.15000000  0.0003    1492
    1296  0.35000000  0.30000000 -0.15000000  0.0003    1493
    1297  0.30000000  0.30000000 -0.15000000  0.0003    1494
    1298  0.25000000  0.30000000 -0.15000000  0.0003    1495
    1299  0.20000000  0.30000000 -0.15000000  0.0003    1496
    1300  0.15000000  0.30000000 -0.15000000  0.0003    1497
    1301  0.10000000  0.30000000 -0.15000000  0.0003    1498
    1302  0.05000000  0.30000000 -0.15000000  0.0003    1499
    1303  0.00000000  0.25000000 -0.15000000  0.0003    1500
    1304 -0.05000000  0.25000000 -0.15000000  0.0003    1501
    1305  0.10000000 -0.25000000  0.15000000  0.0003    1502
    1306  0.15000000 -0.25000000  0.15000000  0.0003    1503
    1307  0.20000000 -0.25000000  0.15000000  0.0003    1504
    1308  0.25000000 -0.25000000  0.15000000  0.0003    1505
    1309  0.30000000 -0.25000000  0.15000000  0.0003    1506
    1310  0.35000000 -0.25000000  0.15000000  0.0003    1507
    1311  0.40000000 -0.25000000  0.15000000  0.0003    1508
    1312  0.45000000 -0.25000000  0.15000000  0.0003    1509
    1313  0.50000000  0.25000000 -0.15000000  0.0003    1510
    1314  0.45000000  0.25000000 -0.15000000  0.0003    1511
    1315  0.40000000  0.25000000 -0.15000000  0.0003    1512
    1316  0.35000000  0.25000000 -0.15000000  0.0003    1513
    1317  0.30000000  0.25000000 -0.15000000  0.0003    1514
    1318  0.25000000  0.25000000 -0.15000000  0.0003    1515
    1319  0.20000000  0.25000000 -0.15000000  0.0003    1516
    1320  0.15000000  0.25000000 -0.15000000  0.0003    1517
    1321  0.10000000  0.25000000 -0.15000000  0.0003    1518
    1322  0.05000000  0.25000000 -0.15000000  0.0003    1519
    1323  0.00000000  0.20000000 -0.15000000  0.0003    1520
    1324  0.05000000 -0.20000000  0.15000000  0.0003    1521
    1325  0.10000000 -0.20000000  0.15000000  0.0003    1522
    1326  0.15000000 -0.20000000  0.15000000  0.0003    1523
    1327  0.20000000 -0.20000000  0.15000000  0.0003    1524
    1328  0.25000000 -0.20000000  0.15000000  0.0003    1525
    1329  0.30000000 -0.20000000  0.15000000  0.0003    1526
    1330  0.35000000 -0.20000000  0.15000000  0.0003    1527
    1331  0.40000000 -0.20000000  0.15000000  0.0003    1528
    1332  0.45000000 -0.20000000  0.15000000  0.0003    1529
    1333  0.50000000  0.20000000 -0.15000000  0.0003    1530
    1334  0.45000000  0.20000000 -0.15000000  0.0003    1531
    1335  0.40000000  0.20000000 -0.15000000  0.0003    1532
    1336  0.35000000  0.20000000 -0.15000000  0.0003    1533
    1337  0.30000000  0.20000000 -0.15000000  0.0003    1534
    1338  0.25000000  0.20000000 -0.15000000  0.0003    1535
    1339  0.20000000  0.20000000 -0.15000000  0.0003    1536
    1340  0.15000000  0.20000000 -0.15000000  0.0003    1537
    1341  0.10000000  0.20000000 -0.15000000  0.0003    1538
    1342  0.05000000  0.20000000 -0.15000000  0.0003    1539
    1343  0.00000000 -0.15000000  0.15000000  0.0003    1540
    1344  0.05000000 -0.15000000  0.15000000  0.0003    1541
    1345  0.10000000 -0.15000000  0.15000000  0.0003    1542
    1346  0.15000000 -0.15000000  0.15000000  0.0003    1543
    1347  0.20000000 -0.15000000  0.15000000  0.0003    1544
    1348  0.25000000 -0.15000000  0.15000000  0.0003    1545
    1349  0.30000000 -0.15000000  0.15000000  0.0003    1546
    1350  0.35000000 -0.15000000  0.15000000  0.0003    1547
    1351  0.40000000 -0.15000000  0.15000000  0.0003    1548
    1352  0.45000000 -0.15000000  0.15000000  0.0003    1549
    1353  0.50000000 -0.15000000  0.15000000  0.0003    1550
    1354  0.45000000  0.15000000 -0.15000000  0.0003    1551
    1355  0.40000000  0.15000000 -0.15000000  0.0003    1552
    1356  0.35000000  0.15000000 -0.15000000  0.0003    1553
    1357  0.30000000  0.15000000 -0.15000000  0.0003    1554
    1358  0.25000000  0.15000000 -0.15000000  0.0003    1555
    1359  0.20000000  0.15000000 -0.15000000  0.0003    1556
    1360  0.15000000  0.15000000 -0.15000000  0.0003    1557
    1361  0.10000000  0.15000000 -0.15000000  0.0003    1558
    1362  0.05000000  0.15000000 -0.15000000  0.0003    1559
    1363  0.00000000 -0.10000000  0.15000000  0.0003    1560
    1364  0.05000000 -0.10000000  0.15000000  0.0003    1561
    1365  0.10000000 -0.10000000  0.15000000  0.0003    1562
    1366  0.15000000 -0.10000000  0.15000000  0.0003    1563
    1367  0.20000000 -0.10000000  0.15000000  0.0003    1564
    1368  0.25000000 -0.10000000  0.15000000  0.0003    1565
    1369  0.30000000 -0.10000000  0.15000000  0.0003    1566
    1370  0.35000000 -0.10000000  0.15000000  0.0003    1567
    1371  0.40000000 -0.10000000  0.15000000  0.0003    1568
    1372  0.45000000 -0.10000000  0.15000000  0.0003    1569
    1373  0.50000000 -0.10000000  0.15000000  0.0003    1570
    1374  0.45000000  0.10000000 -0.15000000  0.0003    1571
    1375  0.40000000  0.10000000 -0.15000000  0.0003    1572
    1376  0.35000000  0.10000000 -0.15000000  0.0003    1573
    1377  0.30000000  0.10000000 -0.15000000  0.0003    1574
    1378  0.25000000  0.10000000 -0.15000000  0.0003    1575
    1379  0.20000000  0.10000000 -0.15000000  0.0003    1576
    1380  0.15000000  0.10000000 -0.15000000  0.0003    1577
    1381  0.10000000  0.10000000 -0.15000000  0.0003    1578
    1382  0.05000000  0.10000000 -0.15000000  0.0003    1579
    1383  0.00000000 -0.05000000  0.15000000  0.0003    1580
    1384  0.05000000 -0.05000000  0.15000000  0.0003    1581
    1385  0.10000000 -0.05000000  0.15000000  0.0003    1582
    1386  0.15000000 -0.05000000  0.15000000  0.0003    1583
    1387  0.20000000 -0.05000000  0.15000000  0.0003    1584
    1388  0.25000000 -0.05000000  0.15000000  0.0003    1585
    1389  0.30000000 -0.05000000  0.15000000  0.0003    1586
    1390  0.35000000 -0.05000000  0.15000000  0.0003    1587
    1391  0.40000000 -0.05000000  0.15000000  0.0003    1588
    1392  0.45000000 -0.05000000  0.15000000  0.0003    1589
    1393  0.50000000 -0.05000000  0.15000000  0.0003    1590
    1394  0.45000000  0.05000000 -0.15000000  0.0003    1591
    1395  0.40000000  0.05000000 -0.15000000  0.0003    1592
    1396  0.35000000  0.05000000 -0.15000000  0.0003    1593
    1397  0.30000000  0.05000000 -0.15000000  0.0003    1594
    1398  0.25000000  0.05000000 -0.15000000  0.0003    1595
    1399  0.20000000  0.05000000 -0.15000000  0.0003    1596
    1400  0.15000000  0.05000000 -0.15000000  0.0003    1597
    1401  0.10000000  0.05000000 -0.15000000  0.0003    1598
    1402 -0.05000000 -0.05000000  0.15000000  0.0003    1599
    1403  0.00000000  0.00000000  0.20000000  0.0003    1600
    1404  0.05000000  0.00000000  0.20000000  0.0003    1601
    1405  0.10000000  0.00000000  0.20000000  0.0003    1602
    1406  0.15000000  0.00000000  0.20000000  0.0003    1603
    1407  0.20000000  0.00000000  0.20000000  0.0003    1604
    1408  0.25000000  0.00000000  0.20000000  0.0003    1605
    1409  0.30000000  0.00000000  0.20000000  0.0003    1606
    1410  0.35000000  0.00000000  0.20000000  0.0003    1607
    1411  0.40000000  0.00000000  0.20000000  0.0003    1608
    1412  0.45000000  0.00000000  0.20000000  0.0003    1609
    1413  0.50000000  0.00000000  0.20000000  0.0003    1610
    1414  0.45000000  0.00000000 -0.20000000  0.0003    1611
    1415  0.40000000  0.00000000 -0.20000000  0.0003    1612
    1416  0.35000000  0.00000000 -0.20000000  0.0003    1613
    1417  0.30000000  0.00000000 -0.20000000  0.0003    1614
    1418  0.25000000  0.00000000 -0.20000000  0.0003    1615
    1419 -0.20000000  0.00000000  0.20000000  0.0003    1616
    1420 -0.15000000  0.00000000  0.20000000  0.0003    1617
    1421 -0.10000000  0.00000000  0.20000000  0.0003    1618
    1422 -0.05000000  0.00000000  0.20000000  0.0003    1619
    1423  0.00000000  0.05000000  0.20000000  0.0003    1620
    1424  0.05000000  0.05000000  0.20000000  0.0003    1621
    1425  0.10000000  0.05000000  0.20000000  0.0003    1622
    1426  0.15000000  0.05000000  0.20000000  0.0003    1623
    1427  0.20000000  0.05000000  0.20000000  0.0003    1624
    1428  0.25000000  0.05000000  0.20000000  0.0003    1625
    1429  0.30000000  0.05000000  0.20000000  0.0003    1626
    1430  0.35000000  0.05000000  0.20000000  0.0003    1627
    1431  0.40000000  0.05000000  0.20000000  0.0003    1628
    1432  0.45000000  0.05000000  0.20000000  0.0003    1629
    1433  0.50000000  0.05000000  0.20000000  0.0003    1630
    1434  0.45000000 -0.05000000 -0.20000000  0.0003    1631
    1435  0.40000000 -0.05000000 -0.20000000  0.0003    1632
    1436  0.35000000 -0.05000000 -0.20000000  0.0003    1633
    1437  0.30000000 -0.05000000 -0.20000000  0.0003    1634
    1438  0.25000000 -0.05000000 -0.20000000  0.0003    1635
    1439 -0.20000000  0.05000000  0.20000000  0.0003    1636
    1440 -0.15000000  0.05000000  0.20000000  0.0003    1637
    1441 -0.10000000  0.05000000  0.20000000  0.0003    1638
    1442 -0.05000000  0.05000000  0.20000000  0.0003    1639
    1443  0.00000000  0.10000000  0.20000000  0.0003    1640
    1444  0.05000000  0.10000000  0.20000000  0.0003    1641
    1445  0.10000000  0.10000000  0.20000000  0.0003    1642
    1446  0.15000000  0.10000000  0.20000000  0.0003    1643
    1447  0.20000000  0.10000000  0.20000000  0.0003    1644
    1448  0.25000000  0.10000000  0.20000000  0.0003    1645
    1449  0.30000000  0.10000000  0.20000000  0.0003    1646
    1450  0.35000000  0.10000000  0.20000000  0.0003    1647
    1451  0.40000000  0.10000000  0.20000000  0.0003    1648
    1452  0.45000000  0.10000000  0.20000000  0.0003    1649
    1453  0.50000000  0.10000000  0.20000000  0.0003    1650
    1454  0.45000000 -0.10000000 -0.20000000  0.0003    1651
    1455  0.40000000 -0.10000000 -0.20000000  0.0003    1652
    1456  0.35000000 -0.10000000 -0.20000000  0.0003    1653
    1457  0.30000000 -0.10000000 -0.20000000  0.0003    1654
    1458 -0.25000000  0.10000000  0.20000000  0.0003    1655
    1459 -0.20000000  0.10000000  0.20000000  0.0003    1656
    1460 -0.15000000  0.10000000  0.20000000  0.0003    1657
    1461 -0.10000000  0.10000000  0.20000000  0.0003    1658
    1462 -0.05000000  0.10000000  0.20000000  0.0003    1659
    1463  0.00000000  0.15000000  0.20000000  0.0003    1660
    1464  0.05000000  0.15000000  0.20000000  0.0003    1661
    1465  0.10000000  0.15000000  0.20000000  0.0003    1662
    1466  0.15000000  0.15000000  0.20000000  0.0003    1663
    1467  0.20000000  0.15000000  0.20000000  0.0003    1664
    1468  0.25000000  0.15000000  0.20000000  0.0003    1665
    1469  0.30000000  0.15000000  0.20000000  0.0003    1666
    1470  0.35000000  0.15000000  0.20000000  0.0003    1667
    1471  0.40000000  0.15000000  0.20000000  0.0003    1668
    1472  0.45000000  0.15000000  0.20000000  0.0003    1669
    1473  0.50000000  0.15000000  0.20000000  0.0003    1670
    1474  0.45000000 -0.15000000 -0.20000000  0.0003    1671
    1475  0.40000000 -0.15000000 -0.20000000  0.0003    1672
    1476  0.35000000 -0.15000000 -0.20000000  0.0003    1673
    1477 -0.30000000  0.15000000  0.20000000  0.0003    1674
    1478 -0.25000000  0.15000000  0.20000000  0.0003    1675
    1479 -0.20000000  0.15000000  0.20000000  0.0003    1676
    1480 -0.15000000  0.15000000  0.20000000  0.0003    1677
    1481 -0.10000000  0.15000000  0.20000000  0.0003    1678
    1482 -0.05000000  0.15000000  0.20000000  0.0003    1679
    1483  0.00000000  0.20000000  0.20000000  0.0003    1680
    1484  0.05000000  0.20000000  0.20000000  0.0003    1681
    1485  0.10000000  0.20000000  0.20000000  0.0003    1682
    1486  0.15000000  0.20000000  0.20000000  0.0003    1683
    1487  0.20000000  0.20000000  0.20000000  0.0003    1684
    1488  0.25000000  0.20000000  0.20000000  0.0003    1685
    1489  0.30000000  0.20000000  0.20000000  0.0003    1686
    1490  0.35000000  0.20000000  0.20000000  0.0003    1687
    1491  0.40000000  0.20000000  0.20000000  0.0003    1688
    1492  0.45000000  0.20000000  0.20000000  0.0003    1689
    1493  0.50000000  0.20000000  0.20000000  0.0003    1690
    1494  0.45000000 -0.20000000 -0.20000000  0.0003    1691
    1495  0.40000000 -0.20000000 -0.20000000  0.0003    1692
    1496 -0.35000000  0.20000000  0.20000000  0.0003    1693
    1497 -0.30000000  0.20000000  0.20000000  0.0003    1694
    1498 -0.25000000  0.20000000  0.20000000  0.0003    1695
    1499 -0.20000000  0.20000000  0.20000000  0.0003    1696
    1500 -0.15000000  0.20000000  0.20000000  0.0003    1697
    1501 -0.10000000  0.20000000  0.20000000  0.0003    1698
    1502 -0.05000000  0.20000000  0.20000000  0.0003    1699
    1503  0.00000000  0.25000000  0.20000000  0.0003    1700
    1504  0.05000000  0.25000000  0.20000000  0.0003    1701
    1505  0.10000000  0.25000000  0.20000000  0.0003    1702
    1506  0.15000000  0.25000000  0.20000000  0.0003    1703
    1507  0.20000000  0.25000000  0.20000000  0.0003    1704
    1508  0.25000000  0.25000000  0.20000000  0.0003    1705
    1509  0.30000000  0.25000000  0.20000000  0.0003    1706
    1510  0.35000000  0.25000000  0.20000000  0.0003    1707
    1511  0.40000000  0.25000000  0.20000000  0.0003    1708
    1512  0.45000000  0.25000000  0.20000000  0.0003    1709
    1513  0.50000000  0.25000000  0.20000000  0.0003    1710
    1514 -0.45000000  0.25000000  0.20000000  0.0003    1711
    1515 -0.40000000  0.25000000  0.20000000  0.0003    1712
    1516 -0.35000000  0.25000000  0.20000000  0.0003    1713
    1517 -0.30000000  0.25000000  0.20000000  0.0003    1714
    1518 -0.25000000  0.25000000  0.20000000  0.0003    1715
    1519 -0.20000000  0.25000000  0.20000000  0.0003    1716
    1520 -0.15000000  0.25000000  0.20000000  0.0003    1717
    1521 -0.10000000  0.25000000  0.20000000  0.0003    1718
    1522 -0.05000000  0.25000000  0.20000000  0.0003    1719
    1523  0.00000000  0.30000000  0.20000000  0.0003    1720
    1524  0.05000000  0.30000000  0.20000000  0.0003    1721
    1525  0.10000000  0.30000000  0.20000000  0.0003    1722
    1526  0.15000000  0.30000000  0.20000000  0.0003    1723
    1527  0.20000000  0.30000000  0.20000000  0.0003    1724
    1528  0.25000000  0.30000000  0.20000000  0.0003    1725
    1529  0.30000000  0.30000000  0.20000000  0.0003    1726
    1530  0.35000000  0.30000000  0.20000000  0.0003    1727
    1531  0.40000000  0.30000000  0.20000000  0.0003    1728
    1532  0.45000000  0.30000000  0.20000000  0.0003    1729
    1533  0.50000000  0.30000000  0.20000000  0.0003    1730
    1534 -0.45000000  0.30000000  0.20000000  0.0003    1731
    1535 -0.40000000  0.30000000  0.20000000  0.0003    1732
    1536 -0.35000000  0.30000000  0.20000000  0.0003    1733
    1537 -0.30000000  0.30000000  0.20000000  0.0003    1734
    1538 -0.25000000  0.30000000  0.20000000  0.0003    1735
    1539 -0.20000000  0.30000000  0.20000000  0.0003    1736
    1540 -0.15000000  0.30000000  0.20000000  0.0003    1737
    1541 -0.10000000  0.30000000  0.20000000  0.0003    1738
    1542 -0.05000000  0.30000000  0.20000000  0.0003    1739
    1543  0.00000000  0.35000000  0.20000000  0.0003    1740
    1544  0.05000000  0.35000000  0.20000000  0.0003    1741
    1545  0.10000000  0.35000000  0.20000000  0.0003    1742
    1546  0.15000000  0.35000000  0.20000000  0.0003    1743
    1547  0.20000000  0.35000000  0.20000000  0.0003    1744
    1548  0.25000000  0.35000000  0.20000000  0.0003    1745
    1549  0.30000000  0.35000000  0.20000000  0.0003    1746
    1550  0.35000000  0.35000000  0.20000000  0.0003    1747
    1551  0.40000000  0.35000000  0.20000000  0.0003    1748
    1552  0.45000000  0.35000000  0.20000000  0.0003    1749
    1553  0.50000000  0.35000000  0.20000000  0.0003    1750
    1554 -0.45000000  0.35000000  0.20000000  0.0003    1751
    1555 -0.40000000  0.35000000  0.20000000  0.0003    1752
    1556 -0.35000000  0.35000000  0.20000000  0.0003    1753
    1557 -0.30000000  0.35000000  0.20000000  0.0003    1754
    1558 -0.25000000  0.35000000  0.20000000  0.0003    1755
    1559 -0.20000000  0.35000000  0.20000000  0.0003    1756
    1560 -0.15000000  0.35000000  0.20000000  0.0003    1757
    1561 -0.10000000  0.35000000  0.20000000  0.0003    1758
    1562 -0.05000000  0.35000000  0.20000000  0.0003    1759
    1563  0.00000000  0.40000000  0.20000000  0.0003    1760
    1564  0.05000000  0.40000000  0.20000000  0.0003    1761
    1565  0.10000000  0.40000000  0.20000000  0.0003    1762
    1566  0.15000000  0.40000000  0.20000000  0.0003    1763
    1567  0.20000000  0.40000000  0.20000000  0.0003    1764
    1568  0.25000000  0.40000000  0.20000000  0.0003    1765
    1569  0.30000000  0.40000000  0.20000000  0.0003    1766
    1570  0.35000000  0.40000000  0.20000000  0.0003    1767
    1571  0.40000000  0.40000000  0.20000000  0.0003    1768
    1572  0.45000000  0.40000000  0.20000000  0.0003    1769
    1573  0.50000000  0.40000000  0.20000000  0.0003    1770
    1574 -0.45000000  0.40000000  0.20000000  0.0003    1771
    1575 -0.40000000  0.40000000  0.20000000  0.0003    1772
    1576 -0.35000000  0.40000000  0.20000000  0.0003    1773
    1577 -0.30000000  0.40000000  0.20000000  0.0003    1774
    1578 -0.25000000  0.40000000  0.20000000  0.0003    1775
    1579 -0.20000000  0.40000000  0.20000000  0.0003    1776
    1580 -0.15000000  0.40000000  0.20000000  0.0003    1777
    1581 -0.10000000  0.40000000  0.20000000  0.0003    1778
    1582 -0.05000000  0.40000000  0.20000000  0.0003    1779
    1583  0.00000000  0.45000000  0.20000000  0.0003    1780
    1584  0.05000000  0.45000000  0.20000000  0.0003    1781
    1585  0.10000000  0.45000000  0.20000000  0.0003    1782
    1586  0.15000000  0.45000000  0.20000000  0.0003    1783
    1587  0.20000000  0.45000000  0.20000000  0.0003    1784
    1588  0.25000000  0.45000000  0.20000000  0.0003    1785
    1589  0.30000000  0.45000000  0.20000000  0.0003    1786
    1590  0.35000000  0.45000000  0.20000000  0.0003    1787
    1591  0.40000000  0.45000000  0.20000000  0.0003    1788
    1592  0.45000000  0.45000000  0.20000000  0.0003    1789
    1593  0.50000000  0.45000000  0.20000000  0.0003    1790
    1594 -0.45000000  0.45000000  0.20000000  0.0003    1791
    1595 -0.40000000  0.45000000  0.20000000  0.0003    1792
    1596 -0.35000000  0.45000000  0.20000000  0.0003    1793
    1597 -0.30000000  0.45000000  0.20000000  0.0003    1794
    1598 -0.25000000  0.45000000  0.20000000  0.0003    1795
    1599 -0.20000000  0.45000000  0.20000000  0.0003    1796
    1600 -0.15000000  0.45000000  0.20000000  0.0003    1797
    1601 -0.10000000  0.45000000  0.20000000  0.0003    1798
    1602 -0.05000000  0.45000000  0.20000000  0.0003    1799
    1603  0.00000000  0.50000000  0.20000000  0.0003    1800
    1604  0.05000000  0.50000000  0.20000000  0.0003    1801
    1605  0.10000000  0.50000000  0.20000000  0.0003    1802
    1606  0.15000000  0.50000000  0.20000000  0.0003    1803
    1607  0.20000000  0.50000000  0.20000000  0.0003    1804
    1608  0.25000000  0.50000000  0.20000000  0.0003    1805
    1609  0.30000000  0.50000000  0.20000000  0.0003    1806
    1610  0.35000000  0.50000000  0.20000000  0.0003    1807
    1611  0.40000000  0.50000000  0.20000000  0.0003    1808
    1612  0.45000000  0.50000000  0.20000000  0.0003    1809
    1613  0.50000000  0.50000000  0.20000000  0.0003    1810
    1614  0.45000000  0.50000000 -0.20000000  0.0003    1811
    1615  0.40000000  0.50000000 -0.20000000  0.0003    1812
    1616  0.35000000  0.50000000 -0.20000000  0.0003    1813
    1617  0.30000000  0.50000000 -0.20000000  0.0003    1814
    1618  0.25000000  0.50000000 -0.20000000  0.0003    1815
    1619 -0.20000000  0.50000000  0.20000000  0.0003    1816
    1620 -0.15000000  0.50000000  0.20000000  0.0003    1817
    1621 -0.10000000  0.50000000  0.20000000  0.0003    1818
    1622 -0.05000000  0.50000000  0.20000000  0.0003    1819
    1623  0.00000000  0.45000000 -0.20000000  0.0003    1820
    1624 -0.05000000  0.45000000 -0.20000000  0.0003    1821
    1625 -0.10000000  0.45000000 -0.20000000  0.0003    1822
    1626 -0.15000000  0.45000000 -0.20000000  0.0003    1823
    1627 -0.20000000  0.45000000 -0.20000000  0.0003    1824
    1628  0.25000000 -0.45000000  0.20000000  0.0003    1825
    1629  0.30000000 -0.45000000  0.20000000  0.0003    1826
    1630  0.35000000 -0.45000000  0.20000000  0.0003    1827
    1631  0.40000000 -0.45000000  0.20000000  0.0003    1828
    1632  0.45000000 -0.45000000  0.20000000  0.0003    1829
    1633  0.50000000  0.45000000 -0.20000000  0.0003    1830
    1634  0.45000000  0.45000000 -0.20000000  0.0003    1831
    1635  0.40000000  0.45000000 -0.20000000  0.0003    1832
    1636  0.35000000  0.45000000 -0.20000000  0.0003    1833
    1637  0.30000000  0.45000000 -0.20000000  0.0003    1834
    1638  0.25000000  0.45000000 -0.20000000  0.0003    1835
    1639  0.20000000  0.45000000 -0.20000000  0.0003    1836
    1640  0.15000000  0.45000000 -0.20000000  0.0003    1837
    1641  0.10000000  0.45000000 -0.20000000  0.0003    1838
    1642  0.05000000  0.45000000 -0.20000000  0.0003    1839
    1643  0.00000000  0.40000000 -0.20000000  0.0003    1840
    1644 -0.05000000  0.40000000 -0.20000000  0.0003    1841
    1645 -0.10000000  0.40000000 -0.20000000  0.0003    1842
    1646 -0.15000000  0.40000000 -0.20000000  0.0003    1843
    1647 -0.20000000  0.40000000 -0.20000000  0.0003    1844
    1648  0.25000000 -0.40000000  0.20000000  0.0003    1845
    1649  0.30000000 -0.40000000  0.20000000  0.0003    1846
    1650  0.35000000 -0.40000000  0.20000000  0.0003    1847
    1651  0.40000000 -0.40000000  0.20000000  0.0003    1848
    1652  0.45000000 -0.40000000  0.20000000  0.0003    1849
    1653  0.50000000  0.40000000 -0.20000000  0.0003    1850
    1654  0.45000000  0.40000000 -0.20000000  0.0003    1851
    1655  0.40000000  0.40000000 -0.20000000  0.0003    1852
    1656  0.35000000  0.40000000 -0.20000000  0.0003    1853
    1657  0.30000000  0.40000000 -0.20000000  0.0003    1854
    1658  0.25000000  0.40000000 -0.20000000  0.0003    1855
    1659  0.20000000  0.40000000 -0.20000000  0.0003    1856
    1660  0.15000000  0.40000000 -0.20000000  0.0003    1857
    1661  0.10000000  0.40000000 -0.20000000  0.0003    1858
    1662  0.05000000  0.40000000 -0.20000000  0.0003    1859
    1663  0.00000000  0.35000000 -0.20000000  0.0003    1860
    1664 -0.05000000  0.35000000 -0.20000000  0.0003    1861
    1665 -0.10000000  0.35000000 -0.20000000  0.0003    1862
    1666 -0.15000000  0.35000000 -0.20000000  0.0003    1863
    1667  0.20000000 -0.35000000  0.20000000  0.0003    1864
    1668  0.25000000 -0.35000000  0.20000000  0.0003    1865
    1669  0.30000000 -0.35000000  0.20000000  0.0003    1866
    1670  0.35000000 -0.35000000  0.20000000  0.0003    1867
    1671  0.40000000 -0.35000000  0.20000000  0.0003    1868
    1672  0.45000000 -0.35000000  0.20000000  0.0003    1869
    1673  0.50000000  0.35000000 -0.20000000  0.0003    1870
    1674  0.45000000  0.35000000 -0.20000000  0.0003    1871
    1675  0.40000000  0.35000000 -0.20000000  0.0003    1872
    1676  0.35000000  0.35000000 -0.20000000  0.0003    1873
    1677  0.30000000  0.35000000 -0.20000000  0.0003    1874
    1678  0.25000000  0.35000000 -0.20000000  0.0003    1875
    1679  0.20000000  0.35000000 -0.20000000  0.0003    1876
    1680  0.15000000  0.35000000 -0.20000000  0.0003    1877
    1681  0.10000000  0.35000000 -0.20000000  0.0003    1878
    1682  0.05000000  0.35000000 -0.20000000  0.0003    1879
    1683  0.00000000  0.30000000 -0.20000000  0.0003    1880
    1684 -0.05000000  0.30000000 -0.20000000  0.0003    1881
    1685 -0.10000000  0.30000000 -0.20000000  0.0003    1882
    1686  0.15000000 -0.30000000  0.20000000  0.0003    1883
    1687  0.20000000 -0.30000000  0.20000000  0.0003    1884
    1688  0.25000000 -0.30000000  0.20000000  0.0003    1885
    1689  0.30000000 -0.30000000  0.20000000  0.0003    1886
    1690  0.35000000 -0.30000000  0.20000000  0.0003    1887
    1691  0.40000000 -0.30000000  0.20000000  0.0003    1888
    1692  0.45000000 -0.30000000  0.20000000  0.0003    1889
    1693  0.50000000  0.30000000 -0.20000000  0.0003    1890
    1694  0.45000000  0.30000000 -0.20000000  0.0003    1891
    1695  0.40000000  0.30000000 -0.20000000  0.0003    1892
    1696  0.35000000  0.30000000 -0.20000000  0.0003    1893
    1697  0.30000000  0.30000000 -0.20000000  0.0003    1894
    1698  0.25000000  0.30000000 -0.20000000  0.0003    1895
    1699  0.20000000  0.30000000 -0.20000000  0.0003    1896
    1700  0.15000000  0.30000000 -0.20000000  0.0003    1897
    1701  0.10000000  0.30000000 -0.20000000  0.0003    1898
    1702  0.05000000  0.30000000 -0.20000000  0.0003    1899
    1703  0.00000000  0.25000000 -0.20000000  0.0003    1900
    1704 -0.05000000  0.25000000 -0.20000000  0.0003    1901
    1705  0.10000000 -0.25000000  0.20000000  0.0003    1902
    1706  0.15000000 -0.25000000  0.20000000  0.0003    1903
    1707  0.20000000 -0.25000000  0.20000000  0.0003    1904
    1708  0.25000000 -0.25000000  0.20000000  0.0003    1905
    1709  0.30000000 -0.25000000  0.20000000  0.0003    1906
    1710  0.35000000 -0.25000000  0.20000000  0.0003    1907
    1711  0.40000000 -0.25000000  0.20000000  0.0003    1908
    1712  0.45000000 -0.25000000  0.20000000  0.0003    1909
    1713  0.50000000  0.25000000 -0.20000000  0.0003    1910
    1714  0.45000000  0.25000000 -0.20000000  0.0003    1911
    1715  0.40000000  0.25000000 -0.20000000  0.0003    1912
    1716  0.35000000  0.25000000 -0.20000000  0.0003    1913
    1717  0.30000000  0.25000000 -0.20000000  0.0003    1914
    1718  0.25000000  0.25000000 -0.20000000  0.0003    1915
    1719  0.20000000  0.25000000 -0.20000000  0.0003    1916
    1720  0.15000000  0.25000000 -0.20000000  0.0003    1917
    1721  0.10000000  0.25000000 -0.20000000  0.0003    1918
    1722  0.05000000  0.25000000 -0.20000000  0.0003    1919
    1723  0.00000000 -0.20000000  0.20000000  0.0003    1920
    1724  0.05000000 -0.20000000  0.20000000  0.0003    1921
    1725  0.10000000 -0.20000000  0.20000000  0.0003    1922
    1726  0.15000000 -0.20000000  0.20000000  0.0003    1923
    1727  0.20000000 -0.20000000  0.20000000  0.0003    1924
    1728  0.25000000 -0.20000000  0.20000000  0.0003    1925
    1729  0.30000000 -0.20000000  0.20000000  0.0003    1926
    1730  0.35000000 -0.20000000  0.20000000  0.0003    1927
    1731  0.40000000 -0.20000000  0.20000000  0.0003    1928
    1732  0.45000000 -0.20000000  0.20000000  0.0003    1929
    1733  0.50000000 -0.20000000  0.20000000  0.0003    1930
    1734  0.45000000  0.20000000 -0.20000000  0.0003    1931
    1735  0.40000000  0.20000000 -0.20000000  0.0003    1932
    1736  0.35000000  0.20000000 -0.20000000  0.0003    1933
    1737  0.30000000  0.20000000 -0.20000000  0.0003    1934
    1738  0.25000000  0.20000000 -0.20000000  0.0003    1935
    1739  0.20000000  0.20000000 -0.20000000  0.0003    1936
    1740  0.15000000  0.20000000 -0.20000000  0.0003    1937
    1741  0.10000000  0.20000000 -0.20000000  0.0003    1938
    1742  0.05000000  0.20000000 -0.20000000  0.0003    1939
    1743  0.00000000 -0.15000000  0.20000000  0.0003    1940
    1744  0.05000000 -0.15000000  0.20000000  0.0003    1941
    1745  0.10000000 -0.15000000  0.20000000  0.0003    1942
    1746  0.15000000 -0.15000000  0.20000000  0.0003    1943
    1747  0.20000000 -0.15000000  0.20000000  0.0003    1944
    1748  0.25000000 -0.15000000  0.20000000  0.0003    1945
    1749  0.30000000 -0.15000000  0.20000000  0.0003    1946
    1750  0.35000000 -0.15000000  0.20000000  0.0003    1947
    1751  0.40000000 -0.15000000  0.20000000  0.0003    1948
    1752  0.45000000 -0.15000000  0.20000000  0.0003    1949
    1753  0.50000000 -0.15000000  0.20000000  0.0003    1950
    1754  0.45000000  0.15000000 -0.20000000  0.0003    1951
    1755  0.40000000  0.15000000 -0.20000000  0.0003    1952
    1756  0.35000000  0.15000000 -0.20000000  0.0003    1953
    1757  0.30000000  0.15000000 -0.20000000  0.0003    1954
    1758  0.25000000  0.15000000 -0.20000000  0.0003    1955
    1759  0.20000000  0.15000000 -0.20000000  0.0003    1956
    1760  0.15000000  0.15000000 -0.20000000  0.0003    1957
    1761  0.10000000  0.15000000 -0.20000000  0.0003    1958
    1762 -0.05000000 -0.15000000  0.20000000  0.0003    1959
    1763  0.00000000 -0.10000000  0.20000000  0.0003    1960
    1764  0.05000000 -0.10000000  0.20000000  0.0003    1961
    1765  0.10000000 -0.10000000  0.20000000  0.0003    1962
    1766  0.15000000 -0.10000000  0.20000000  0.0003    1963
    1767  0.20000000 -0.10000000  0.20000000  0.0003    1964
    1768  0.25000000 -0.10000000  0.20000000  0.0003    1965
    1769  0.30000000 -0.10000000  0.20000000  0.0003    1966
    1770  0.35000000 -0.10000000  0.20000000  0.0003    1967
    1771  0.40000000 -0.10000000  0.20000000  0.0003    1968
    1772  0.45000000 -0.10000000  0.20000000  0.0003    1969
    1773  0.50000000 -0.10000000  0.20000000  0.0003    1970
    1774  0.45000000  0.10000000 -0.20000000  0.0003    1971
    1775  0.40000000  0.10000000 -0.20000000  0.0003    1972
    1776  0.35000000  0.10000000 -0.20000000  0.0003    1973
    1777  0.30000000  0.10000000 -0.20000000  0.0003    1974
    1778  0.25000000  0.10000000 -0.20000000  0.0003    1975
    1779  0.20000000  0.10000000 -0.20000000  0.0003    1976
    1780  0.15000000  0.10000000 -0.20000000  0.0003    1977
    1781  0.10000000  0.10000000 -0.20000000  0.0003    1978
    1782 -0.05000000 -0.10000000  0.20000000  0.0003    1979
    1783  0.00000000 -0.05000000  0.20000000  0.0003    1980
    1784  0.05000000 -0.05000000  0.20000000  0.0003    1981
    1785  0.10000000 -0.05000000  0.20000000  0.0003    1982
    1786  0.15000000 -0.05000000  0.20000000  0.0003    1983
    1787  0.20000000 -0.05000000  0.20000000  0.0003    1984
    1788  0.25000000 -0.05000000  0.20000000  0.0003    1985
    1789  0.30000000 -0.05000000  0.20000000  0.0003    1986
    1790  0.35000000 -0.05000000  0.20000000  0.0003    1987
    1791  0.40000000 -0.05000000  0.20000000  0.0003    1988
    1792  0.45000000 -0.05000000  0.20000000  0.0003    1989
    1793  0.50000000 -0.05000000  0.20000000  0.0003    1990
    1794  0.45000000  0.05000000 -0.20000000  0.0003    1991
    1795  0.40000000  0.05000000 -0.20000000  0.0003    1992
    1796  0.35000000  0.05000000 -0.20000000  0.0003    1993
    1797  0.30000000  0.05000000 -0.20000000  0.0003    1994
    1798  0.25000000  0.05000000 -0.20000000  0.0003    1995
    1799  0.20000000  0.05000000 -0.20000000  0.0003    1996
    1800 -0.15000000 -0.05000000  0.20000000  0.0003    1997
    1801 -0.10000000 -0.05000000  0.20000000  0.0003    1998
    1802 -0.05000000 -0.05000000  0.20000000  0.0003    1999
    1803  0.00000000  0.00000000  0.25000000  0.0003    2000
    1804  0.05000000  0.00000000  0.25000000  0.0003    2001
    1805  0.10000000  0.00000000  0.25000000  0.0003    2002
    1806  0.15000000  0.00000000  0.25000000  0.0003    2003
    1807  0.20000000  0.00000000  0.25000000  0.0003    2004
    1808  0.25000000  0.00000000  0.25000000  0.0003    2005
    1809  0.30000000  0.00000000  0.25000000  0.0003    2006
    1810  0.35000000  0.00000000  0.25000000  0.0003    2007
    1811  0.40000000  0.00000000  0.25000000  0.0003    2008
    1812  0.45000000  0.00000000  0.25000000  0.0003    2009
    1813  0.50000000  0.00000000  0.25000000  0.0003    2010
    1814  0.45000000  0.00000000 -0.25000000  0.0003    2011
    1815  0.40000000  0.00000000 -0.25000000  0.0003    2012
    1816  0.35000000  0.00000000 -0.25000000  0.0003    2013
    1817  0.30000000  0.00000000 -0.25000000  0.0003    2014
    1818 -0.25000000  0.00000000  0.25000000  0.0003    2015
    1819 -0.20000000  0.00000000  0.25000000  0.0003    2016
    1820 -0.15000000  0.00000000  0.25000000  0.0003    2017
    1821 -0.10000000  0.00000000  0.25000000  0.0003    2018
    1822 -0.05000000  0.00000000  0.25000000  0.0003    2019
    1823  0.00000000  0.05000000  0.25000000  0.0003    2020
    1824  0.05000000  0.05000000  0.25000000  0.0003    2021
    1825  0.10000000  0.05000000  0.25000000  0.0003    2022
    1826  0.15000000  0.05000000  0.25000000  0.0003    2023
    1827  0.20000000  0.05000000  0.25000000  0.0003    2024
    1828  0.25000000  0.05000000  0.25000000  0.0003    2025
    1829  0.30000000  0.05000000  0.25000000  0.0003    2026
    1830  0.35000000  0.05000000  0.25000000  0.0003    2027
    1831  0.40000000  0.05000000  0.25000000  0.0003    2028
    1832  0.45000000  0.05000000  0.25000000  0.0003    2029
    1833  0.50000000  0.05000000  0.25000000  0.0003    2030
    1834  0.45000000 -0.05000000 -0.25000000  0.0003    2031
    1835  0.40000000 -0.05000000 -0.25000000  0.0003    2032
    1836  0.35000000 -0.05000000 -0.25000000  0.0003    2033
    1837 -0.30000000  0.05000000  0.25000000  0.0003    2034
    1838 -0.25000000  0.05000000  0.25000000  0.0003    2035
    1839 -0.20000000  0.05000000  0.25000000  0.0003    2036
    1840 -0.15000000  0.05000000  0.25000000  0.0003    2037
    1841 -0.10000000  0.05000000  0.25000000  0.0003    2038
    1842 -0.05000000  0.05000000  0.25000000  0.0003    2039
    1843  0.00000000  0.10000000  0.25000000  0.0003    2040
    1844  0.05000000  0.10000000  0.25000000  0.0003    2041
    1845  0.10000000  0.10000000  0.25000000  0.0003    2042
    1846  0.15000000  0.10000000  0.25000000  0.0003    2043
    1847  0.20000000  0.10000000  0.25000000  0.0003    2044
    1848  0.25000000  0.10000000  0.25000000  0.0003    2045
    1849  0.30000000  0.10000000  0.25000000  0.0003    2046
    1850  0.35000000  0.10000000  0.25000000  0.0003    2047
    1851  0.40000000  0.10000000  0.25000000  0.0003    2048
    1852  0.45000000  0.10000000  0.25000000  0.0003    2049
    1853  0.50000000  0.10000000  0.25000000  0.0003    2050
    1854  0.45000000 -0.10000000 -0.25000000  0.0003    2051
    1855  0.40000000 -0.10000000 -0.25000000  0.0003    2052
    1856  0.35000000 -0.10000000 -0.25000000  0.0003    2053
    1857 -0.30000000  0.10000000  0.25000000  0.0003    2054
    1858 -0.25000000  0.10000000  0.25000000  0.0003    2055
    1859 -0.20000000  0.10000000  0.25000000  0.0003    2056
    1860 -0.15000000  0.10000000  0.25000000  0.0003    2057
    1861 -0.10000000  0.10000000  0.25000000  0.0003    2058
    1862 -0.05000000  0.10000000  0.25000000  0.0003    2059
    1863  0.00000000  0.15000000  0.25000000  0.0003    2060
    1864  0.05000000  0.15000000  0.25000000  0.0003    2061
    1865  0.10000000  0.15000000  0.25000000  0.0003    2062
    1866  0.15000000  0.15000000  0.25000000  0.0003    2063
    1867  0.20000000  0.15000000  0.25000000  0.0003    2064
    1868  0.25000000  0.15000000  0.25000000  0.0003    2065
    1869  0.30000000  0.15000000  0.25000000  0.0003    2066
    1870  0.35000000  0.15000000  0.25000000  0.0003    2067
    1871  0.40000000  0.15000000  0.25000000  0.0003    2068
    1872  0.45000000  0.15000000  0.25000000  0.0003    2069
    1873  0.50000000  0.15000000  0.25000000  0.0003    2070
    1874  0.45000000 -0.15000000 -0.25000000  0.0003    2071
    1875  0.40000000 -0.15000000 -0.25000000  0.0003    2072
    1876 -0.35000000  0.15000000  0.25000000  0.0003    2073
    1877 -0.30000000  0.15000000  0.25000000  0.0003    2074
    1878 -0.25000000  0.15000000  0.25000000  0.0003    2075
    1879 -0.20000000  0.15000000  0.25000000  0.0003    2076
    1880 -0.15000000  0.15000000  0.25000000  0.0003    2077
    1881 -0.10000000  0.15000000  0.25000000  0.0003    2078
    1882 -0.05000000  0.15000000  0.25000000  0.0003    2079
    1883  0.00000000  0.20000000  0.25000000  0.0003    2080
    1884  0.05000000  0.20000000  0.25000000  0.0003    2081
    1885  0.10000000  0.20000000  0.25000000  0.0003    2082
    1886  0.15000000  0.20000000  0.25000000  0.0003    2083
    1887  0.20000000  0.20000000  0.25000000  0.0003    2084
    1888  0.25000000  0.20000000  0.25000000  0.0003    2085
    1889  0.30000000  0.20000000  0.25000000  0.0003    2086
    1890  0.35000000  0.20000000  0.25000000  0.0003    2087
    1891  0.40000000  0.20000000  0.25000000  0.0003    2088
    1892  0.45000000  0.20000000  0.25000000  0.0003    2089
    1893  0.50000000  0.20000000  0.25000000  0.0003    2090
    1894 -0.45000000  0.20000000  0.25000000  0.0003    2091
    1895 -0.40000000  0.20000000  0.25000000  0.0003    2092
    1896 -0.35000000  0.20000000  0.25000000  0.0003    2093
    1897 -0.30000000  0.20000000  0.25000000  0.0003    2094
    1898 -0.25000000  0.20000000  0.25000000  0.0003    2095
    1899 -0.20000000  0.20000000  0.25000000  0.0003    2096
    1900 -0.15000000  0.20000000  0.25000000  0.0003    2097
    1901 -0.10000000  0.20000000  0.25000000  0.0003    2098
    1902 -0.05000000  0.20000000  0.25000000  0.0003    2099
    1903  0.00000000  0.25000000  0.25000000  0.0003    2100
    1904  0.05000000  0.25000000  0.25000000  0.0003    2101
    1905  0.10000000  0.25000000  0.25000000  0.0003    2102
    1906  0.15000000  0.25000000  0.25000000  0.0003    2103
    1907  0.20000000  0.25000000  0.25000000  0.0003    2104
    1908  0.25000000  0.25000000  0.25000000  0.0003    2105
    1909  0.30000000  0.25000000  0.25000000  0.0003    2106
    1910  0.35000000  0.25000000  0.25000000  0.0003    2107
    1911  0.40000000  0.25000000  0.25000000  0.0003    2108
    1912  0.45000000  0.25000000  0.25000000  0.0003    2109
    1913  0.50000000  0.25000000  0.25000000  0.0003    2110
    1914 -0.45000000  0.25000000  0.25000000  0.0003    2111
    1915 -0.40000000  0.25000000  0.25000000  0.0003    2112
    1916 -0.35000000  0.25000000  0.25000000  0.0003    2113
    1917 -0.30000000  0.25000000  0.25000000  0.0003    2114
    1918 -0.25000000  0.25000000  0.25000000  0.0003    2115
    1919 -0.20000000  0.25000000  0.25000000  0.0003    2116
    1920 -0.15000000  0.25000000  0.25000000  0.0003    2117
    1921 -0.10000000  0.25000000  0.25000000  0.0003    2118
    1922 -0.05000000  0.25000000  0.25000000  0.0003    2119
    1923  0.00000000  0.30000000  0.25000000  0.0003    2120
    1924  0.05000000  0.30000000  0.25000000  0.0003    2121
    1925  0.10000000  0.30000000  0.25000000  0.0003    2122
    1926  0.15000000  0.30000000  0.25000000  0.0003    2123
    1927  0.20000000  0.30000000  0.25000000  0.0003    2124
    1928  0.25000000  0.30000000  0.25000000  0.0003    2125
    1929  0.30000000  0.30000000  0.25000000  0.0003    2126
    1930  0.35000000  0.30000000  0.25000000  0.0003    2127
    1931  0.40000000  0.30000000  0.25000000  0.0003    2128
    1932  0.45000000  0.30000000  0.25000000  0.0003    2129
    1933  0.50000000  0.30000000  0.25000000  0.0003    2130
    1934 -0.45000000  0.30000000  0.25000000  0.0003    2131
    1935 -0.40000000  0.30000000  0.25000000  0.0003    2132
    1936 -0.35000000  0.30000000  0.25000000  0.0003    2133
    1937 -0.30000000  0.30000000  0.25000000  0.0003    2134
    1938 -0.25000000  0.30000000  0.25000000  0.0003    2135
    1939 -0.20000000  0.30000000  0.25000000  0.0003    2136
    1940 -0.15000000  0.30000000  0.25000000  0.0003    2137
    1941 -0.10000000  0.30000000  0.25000000  0.0003    2138
    1942 -0.05000000  0.30000000  0.25000000  0.0003    2139
    1943  0.00000000  0.35000000  0.25000000  0.0003    2140
    1944  0.05000000  0.35000000  0.25000000  0.0003    2141
    1945  0.10000000  0.35000000  0.25000000  0.0003    2142
    1946  0.15000000  0.35000000  0.25000000  0.0003    2143
    1947  0.20000000  0.35000000  0.25000000  0.0003    2144
    1948  0.25000000  0.35000000  0.25000000  0.0003    2145
    1949  0.30000000  0.35000000  0.25000000  0.0003    2146
    1950  0.35000000  0.35000000  0.25000000  0.0003    2147
    1951  0.40000000  0.35000000  0.25000000  0.0003    2148
    1952  0.45000000  0.35000000  0.25000000  0.0003    2149
    1953  0.50000000  0.35000000  0.25000000  0.0003    2150
    1954 -0.45000000  0.35000000  0.25000000  0.0003    2151
    1955 -0.40000000  0.35000000  0.25000000  0.0003    2152
    1956 -0.35000000  0.35000000  0.25000000  0.0003    2153
    1957 -0.30000000  0.35000000  0.25000000  0.0003    2154
    1958 -0.25000000  0.35000000  0.25000000  0.0003    2155
    1959 -0.20000000  0.35000000  0.25000000  0.0003    2156
    1960 -0.15000000  0.35000000  0.25000000  0.0003    2157
    1961 -0.10000000  0.35000000  0.25000000  0.0003    2158
    1962 -0.05000000  0.35000000  0.25000000  0.0003    2159
    1963  0.00000000  0.40000000  0.25000000  0.0003    2160
    1964  0.05000000  0.40000000  0.25000000  0.0003    2161
    1965  0.10000000  0.40000000  0.25000000  0.0003    2162
    1966  0.15000000  0.40000000  0.25000000  0.0003    2163
    1967  0.20000000  0.40000000  0.25000000  0.0003    2164
    1968  0.25000000  0.40000000  0.25000000  0.0003    2165
    1969  0.30000000  0.40000000  0.25000000  0.0003    2166
    1970  0.35000000  0.40000000  0.25000000  0.0003    2167
    1971  0.40000000  0.40000000  0.25000000  0.0003    2168
    1972  0.45000000  0.40000000  0.25000000  0.0003    2169
    1973  0.50000000  0.40000000  0.25000000  0.0003    2170
    1974 -0.45000000  0.40000000  0.25000000  0.0003    2171
    1975 -0.40000000  0.40000000  0.25000000  0.0003    2172
    1976 -0.35000000  0.40000000  0.25000000  0.0003    2173
    1977 -0.30000000  0.40000000  0.25000000  0.0003    2174
    1978 -0.25000000  0.40000000  0.25000000  0.0003    2175
    1979 -0.20000000  0.40000000  0.25000000  0.0003    2176
    1980 -0.15000000  0.40000000  0.25000000  0.0003    2177
    1981 -0.10000000  0.40000000  0.25000000  0.0003    2178
    1982 -0.05000000  0.40000000  0.25000000  0.0003    2179
    1983  0.00000000  0.45000000  0.25000000  0.0003    2180
    1984  0.05000000  0.45000000  0.25000000  0.0003    2181
    1985  0.10000000  0.45000000  0.25000000  0.0003    2182
    1986  0.15000000  0.45000000  0.25000000  0.0003    2183
    1987  0.20000000  0.45000000  0.25000000  0.0003    2184
    1988  0.25000000  0.45000000  0.25000000  0.0003    2185
    1989  0.30000000  0.45000000  0.25000000  0.0003    2186
    1990  0.35000000  0.45000000  0.25000000  0.0003    2187
    1991  0.40000000  0.45000000  0.25000000  0.0003    2188
    1992  0.45000000  0.45000000  0.25000000  0.0003    2189
    1993  0.50000000  0.45000000  0.25000000  0.0003    2190
    1994 -0.45000000  0.45000000  0.25000000  0.0003    2191
    1995 -0.40000000  0.45000000  0.25000000  0.0003    2192
    1996 -0.35000000  0.45000000  0.25000000  0.0003    2193
    1997 -0.30000000  0.45000000  0.25000000  0.0003    2194
    1998 -0.25000000  0.45000000  0.25000000  0.0003    2195
    1999 -0.20000000  0.45000000  0.25000000  0.0003    2196
    2000 -0.15000000  0.45000000  0.25000000  0.0003    2197
    2001 -0.10000000  0.45000000  0.25000000  0.0003    2198
    2002 -0.05000000  0.45000000  0.25000000  0.0003    2199
    2003  0.00000000  0.50000000  0.25000000  0.0003    2200
    2004  0.05000000  0.50000000  0.25000000  0.0003    2201
    2005  0.10000000  0.50000000  0.25000000  0.0003    2202
    2006  0.15000000  0.50000000  0.25000000  0.0003    2203
    2007  0.20000000  0.50000000  0.25000000  0.0003    2204
    2008  0.25000000  0.50000000  0.25000000  0.0003    2205
    2009  0.30000000  0.50000000  0.25000000  0.0003    2206
    2010  0.35000000  0.50000000  0.25000000  0.0003    2207
    2011  0.40000000  0.50000000  0.25000000  0.0003    2208
    2012  0.45000000  0.50000000  0.25000000  0.0003    2209
    2013  0.50000000  0.50000000  0.25000000  0.0003    2210
    2014  0.45000000  0.50000000 -0.25000000  0.0003    2211
    2015  0.40000000  0.50000000 -0.25000000  0.0003    2212
    2016  0.35000000  0.50000000 -0.25000000  0.0003    2213
    2017  0.30000000  0.50000000 -0.25000000  0.0003    2214
    2018 -0.25000000  0.50000000  0.25000000  0.0003    2215
    2019 -0.20000000  0.50000000  0.25000000  0.0003    2216
    2020 -0.15000000  0.50000000  0.25000000  0.0003    2217
    2021 -0.10000000  0.50000000  0.25000000  0.0003    2218
    2022 -0.05000000  0.50000000  0.25000000  0.0003    2219
    2023  0.00000000  0.45000000 -0.25000000  0.0003    2220
    2024 -0.05000000  0.45000000 -0.25000000  0.0003    2221
    2025 -0.10000000  0.45000000 -0.25000000  0.0003    2222
    2026 -0.15000000  0.45000000 -0.25000000  0.0003    2223
    2027  0.20000000 -0.45000000  0.25000000  0.0003    2224
    2028  0.25000000 -0.45000000  0.25000000  0.0003    2225
    2029  0.30000000 -0.45000000  0.25000000  0.0003    2226
    2030  0.35000000 -0.45000000  0.25000000  0.0003    2227
    2031  0.40000000 -0.45000000  0.25000000  0.0003    2228
    2032  0.45000000 -0.45000000  0.25000000  0.0003    2229
    2033  0.50000000  0.45000000 -0.25000000  0.0003    2230
    2034  0.45000000  0.45000000 -0.25000000  0.0003    2231
    2035  0.40000000  0.45000000 -0.25000000  0.0003    2232
    2036  0.35000000  0.45000000 -0.25000000  0.0003    2233
    2037  0.30000000  0.45000000 -0.25000000  0.0003    2234
    2038  0.25000000  0.45000000 -0.25000000  0.0003    2235
    2039  0.20000000  0.45000000 -0.25000000  0.0003    2236
    2040  0.15000000  0.45000000 -0.25000000  0.0003    2237
    2041  0.10000000  0.45000000 -0.25000000  0.0003    2238
    2042  0.05000000  0.45000000 -0.25000000  0.0003    2239
    2043  0.00000000  0.40000000 -0.25000000  0.0003    2240
    2044 -0.05000000  0.40000000 -0.25000000  0.0003    2241
    2045 -0.10000000  0.40000000 -0.25000000  0.0003    2242
    2046 -0.15000000  0.40000000 -0.25000000  0.0003    2243
    2047  0.20000000 -0.40000000  0.25000000  0.0003    2244
    2048  0.25000000 -0.40000000  0.25000000  0.0003    2245
    2049  0.30000000 -0.40000000  0.25000000  0.0003    2246
    2050  0.35000000 -0.40000000  0.25000000  0.0003    2247
    2051  0.40000000 -0.40000000  0.25000000  0.0003    2248
    2052  0.45000000 -0.40000000  0.25000000  0.0003    2249
    2053  0.50000000  0.40000000 -0.25000000  0.0003    2250
    2054  0.45000000  0.40000000 -0.25000000  0.0003    2251
    2055  0.40000000  0.40000000 -0.25000000  0.0003    2252
    2056  0.35000000  0.40000000 -0.25000000  0.0003    2253
    2057  0.30000000  0.40000000 -0.25000000  0.0003    2254
    2058  0.25000000  0.40000000 -0.25000000  0.0003    2255
    2059  0.20000000  0.40000000 -0.25000000  0.0003    2256
    2060  0.15000000  0.40000000 -0.25000000  0.0003    2257
    2061  0.10000000  0.40000000 -0.25000000  0.0003    2258
    2062  0.05000000  0.40000000 -0.25000000  0.0003    2259
    2063  0.00000000  0.35000000 -0.25000000  0.0003    2260
    2064 -0.05000000  0.35000000 -0.25000000  0.0003    2261
    2065 -0.10000000  0.35000000 -0.25000000  0.0003    2262
    2066  0.15000000 -0.35000000  0.25000000  0.0003    2263
    2067  0.20000000 -0.35000000  0.25000000  0.0003    2264
    2068  0.25000000 -0.35000000  0.25000000  0.0003    2265
    2069  0.30000000 -0.35000000  0.25000000  0.0003    2266
    2070  0.35000000 -0.35000000  0.25000000  0.0003    2267
    2071  0.40000000 -0.35000000  0.25000000  0.0003    2268
    2072  0.45000000 -0.35000000  0.25000000  0.0003    2269
    2073  0.50000000  0.35000000 -0.25000000  0.0003    2270
    2074  0.45000000  0.35000000 -0.25000000  0.0003    2271
    2075  0.40000000  0.35000000 -0.25000000  0.0003    2272
    2076  0.35000000  0.35000000 -0.25000000  0.0003    2273
    2077  0.30000000  0.35000000 -0.25000000  0.0003    2274
    2078  0.25000000  0.35000000 -0.25000000  0.0003    2275
    2079  0.20000000  0.35000000 -0.25000000  0.0003    2276
    2080  0.15000000  0.35000000 -0.25000000  0.0003    2277
    2081  0.10000000  0.35000000 -0.25000000  0.0003    2278
    2082  0.05000000  0.35000000 -0.25000000  0.0003    2279
    2083  0.00000000  0.30000000 -0.25000000  0.0003    2280
    2084 -0.05000000  0.30000000 -0.25000000  0.0003    2281
    2085  0.10000000 -0.30000000  0.25000000  0.0003    2282
    2086  0.15000000 -0.30000000  0.25000000  0.0003    2283
    2087  0.20000000 -0.30000000  0.25000000  0.0003    2284
    2088  0.25000000 -0.30000000  0.25000000  0.0003    2285
    2089  0.30000000 -0.30000000  0.25000000  0.0003    2286
    2090  0.35000000 -0.30000000  0.25000000  0.0003    2287
    2091  0.40000000 -0.30000000  0.25000000  0.0003    2288
    2092  0.45000000 -0.30000000  0.25000000  0.0003    2289
    2093  0.50000000  0.30000000 -0.25000000  0.0003    2290
    2094  0.45000000  0.30000000 -0.25000000  0.0003    2291
    2095  0.40000000  0.30000000 -0.25000000  0.0003    2292
    2096  0.35000000  0.30000000 -0.25000000  0.0003    2293
    2097  0.30000000  0.30000000 -0.25000000  0.0003    2294
    2098  0.25000000  0.30000000 -0.25000000  0.0003    2295
    2099  0.20000000  0.30000000 -0.25000000  0.0003    2296
    2100  0.15000000  0.30000000 -0.25000000  0.0003    2297
    2101  0.10000000  0.30000000 -0.25000000  0.0003    2298
    2102  0.05000000  0.30000000 -0.25000000  0.0003    2299
    2103  0.00000000 -0.25000000  0.25000000  0.0003    2300
    2104  0.05000000 -0.25000000  0.25000000  0.0003    2301
    2105  0.10000000 -0.25000000  0.25000000  0.0003    2302
    2106  0.15000000 -0.25000000  0.25000000  0.0003    2303
    2107  0.20000000 -0.25000000  0.25000000  0.0003    2304
    2108  0.25000000 -0.25000000  0.25000000  0.0003    2305
    2109  0.30000000 -0.25000000  0.25000000  0.0003    2306
    2110  0.35000000 -0.25000000  0.25000000  0.0003    2307
    2111  0.40000000 -0.25000000  0.25000000  0.0003    2308
    2112  0.45000000 -0.25000000  0.25000000  0.0003    2309
    2113  0.50000000 -0.25000000  0.25000000  0.0003    2310
    2114  0.45000000  0.25000000 -0.25000000  0.0003    2311
    2115  0.40000000  0.25000000 -0.25000000  0.0003    2312
    2116  0.35000000  0.25000000 -0.25000000  0.0003    2313
    2117  0.30000000  0.25000000 -0.25000000  0.0003    2314
    2118  0.25000000  0.25000000 -0.25000000  0.0003    2315
    2119  0.20000000  0.25000000 -0.25000000  0.0003    2316
    2120  0.15000000  0.25000000 -0.25000000  0.0003    2317
    2121  0.10000000  0.25000000 -0.25000000  0.0003    2318
    2122  0.05000000  0.25000000 -0.25000000  0.0003    2319
    2123  0.00000000 -0.20000000  0.25000000  0.0003    2320
    2124  0.05000000 -0.20000000  0.25000000  0.0003    2321
    2125  0.10000000 -0.20000000  0.25000000  0.0003    2322
    2126  0.15000000 -0.20000000  0.25000000  0.0003    2323
    2127  0.20000000 -0.20000000  0.25000000  0.0003    2324
    2128  0.25000000 -0.20000000  0.25000000  0.0003    2325
    2129  0.30000000 -0.20000000  0.25000000  0.0003    2326
    2130  0.35000000 -0.20000000  0.25000000  0.0003    2327
    2131  0.40000000 -0.20000000  0.25000000  0.0003    2328
    2132  0.45000000 -0.20000000  0.25000000  0.0003    2329
    2133  0.50000000 -0.20000000  0.25000000  0.0003    2330
    2134  0.45000000  0.20000000 -0.25000000  0.0003    2331
    2135  0.40000000  0.20000000 -0.25000000  0.0003    2332
    2136  0.35000000  0.20000000 -0.25000000  0.0003    2333
    2137  0.30000000  0.20000000 -0.25000000  0.0003    2334
    2138  0.25000000  0.20000000 -0.25000000  0.0003    2335
    2139  0.20000000  0.20000000 -0.25000000  0.0003    2336
    2140  0.15000000  0.20000000 -0.25000000  0.0003    2337
    2141  0.10000000  0.20000000 -0.25000000  0.0003    2338
    2142 -0.05000000 -0.20000000  0.25000000  0.0003    2339
    2143  0.00000000 -0.15000000  0.25000000  0.0003    2340
    2144  0.05000000 -0.15000000  0.25000000  0.0003    2341
    2145  0.10000000 -0.15000000  0.25000000  0.0003    2342
    2146  0.15000000 -0.15000000  0.25000000  0.0003    2343
    2147  0.20000000 -0.15000000  0.25000000  0.0003    2344
    2148  0.25000000 -0.15000000  0.25000000  0.0003    2345
    2149  0.30000000 -0.15000000  0.25000000  0.0003    2346
    2150  0.35000000 -0.15000000  0.25000000  0.0003    2347
    2151  0.40000000 -0.15000000  0.25000000  0.0003    2348
    2152  0.45000000 -0.15000000  0.25000000  0.0003    2349
    2153  0.50000000 -0.15000000  0.25000000  0.0003    2350
    2154  0.45000000  0.15000000 -0.25000000  0.0003    2351
    2155  0.40000000  0.15000000 -0.25000000  0.0003    2352
    2156  0.35000000  0.15000000 -0.25000000  0.0003    2353
    2157  0.30000000  0.15000000 -0.25000000  0.0003    2354
    2158  0.25000000  0.15000000 -0.25000000  0.0003    2355
    2159  0.20000000  0.15000000 -0.25000000  0.0003    2356
    2160  0.15000000  0.15000000 -0.25000000  0.0003    2357
    2161 -0.10000000 -0.15000000  0.25000000  0.0003    2358
    2162 -0.05000000 -0.15000000  0.25000000  0.0003    2359
    2163  0.00000000 -0.10000000  0.25000000  0.0003    2360
    2164  0.05000000 -0.10000000  0.25000000  0.0003    2361
    2165  0.10000000 -0.10000000  0.25000000  0.0003    2362
    2166  0.15000000 -0.10000000  0.25000000  0.0003    2363
    2167  0.20000000 -0.10000000  0.25000000  0.0003    2364
    2168  0.25000000 -0.10000000  0.25000000  0.0003    2365
    2169  0.30000000 -0.10000000  0.25000000  0.0003    2366
    2170  0.35000000 -0.10000000  0.25000000  0.0003    2367
    2171  0.40000000 -0.10000000  0.25000000  0.0003    2368
    2172  0.45000000 -0.10000000  0.25000000  0.0003    2369
    2173  0.50000000 -0.10000000  0.25000000  0.0003    2370
    2174  0.45000000  0.10000000 -0.25000000  0.0003    2371
    2175  0.40000000  0.10000000 -0.25000000  0.0003    2372
    2176  0.35000000  0.10000000 -0.25000000  0.0003    2373
    2177  0.30000000  0.10000000 -0.25000000  0.0003    2374
    2178  0.25000000  0.10000000 -0.25000000  0.0003    2375
    2179  0.20000000  0.10000000 -0.25000000  0.0003    2376
    2180 -0.15000000 -0.10000000  0.25000000  0.0003    2377
    2181 -0.10000000 -0.10000000  0.25000000  0.0003    2378
    2182 -0.05000000 -0.10000000  0.25000000  0.0003    2379
    2183  0.00000000 -0.05000000  0.25000000  0.0003    2380
    2184  0.05000000 -0.05000000  0.25000000  0.0003    2381
    2185  0.10000000 -0.05000000  0.25000000  0.0003    2382
    2186  0.15000000 -0.05000000  0.25000000  0.0003    2383
    2187  0.20000000 -0.05000000  0.25000000  0.0003    2384
    2188  0.25000000 -0.05000000  0.25000000  0.0003    2385
    2189  0.30000000 -0.05000000  0.25000000  0.0003    2386
    2190  0.35000000 -0.05000000  0.25000000  0.0003    2387
    2191  0.40000000 -0.05000000  0.25000000  0.0003    2388
    2192  0.45000000 -0.05000000  0.25000000  0.0003    2389
    2193  0.50000000 -0.05000000  0.25000000  0.0003    2390
    2194  0.45000000  0.05000000 -0.25000000  0.0003    2391
    2195  0.40000000  0.05000000 -0.25000000  0.0003    2392
    2196  0.35000000  0.05000000 -0.25000000  0.0003    2393
    2197  0.30000000  0.05000000 -0.25000000  0.0003    2394
    2198  0.25000000  0.05000000 -0.25000000  0.0003    2395
    2199 -0.20000000 -0.05000000  0.25000000  0.0003    2396
    2200 -0.15000000 -0.05000000  0.25000000  0.0003    2397
    2201 -0.10000000 -0.05000000  0.25000000  0.0003    2398
    2202 -0.05000000 -0.05000000  0.25000000  0.0003    2399
    2203  0.00000000  0.00000000  0.30000000  0.0003    2400
    2204  0.05000000  0.00000000  0.30000000  0.0003    2401
    2205  0.10000000  0.00000000  0.30000000  0.0003    2402
    2206  0.15000000  0.00000000  0.30000000  0.0003    2403
    2207  0.20000000  0.00000000  0.30000000  0.0003    2404
    2208  0.25000000  0.00000000  0.30000000  0.0003    2405
    2209  0.30000000  0.00000000  0.30000000  0.0003    2406
    2210  0.35000000  0.00000000  0.30000000  0.0003    2407
    2211  0.40000000  0.00000000  0.30000000  0.0003    2408
    2212  0.45000000  0.00000000  0.30000000  0.0003    2409
    2213  0.50000000  0.00000000  0.30000000  0.0003    2410
    2214  0.45000000  0.00000000 -0.30000000  0.0003    2411
    2215  0.40000000  0.00000000 -0.30000000  0.0003    2412
    2216  0.35000000  0.00000000 -0.30000000  0.0003    2413
    2217  0.30000000  0.00000000 -0.30000000  0.0003    2414
    2218 -0.25000000  0.00000000  0.30000000  0.0003    2415
    2219 -0.20000000  0.00000000  0.30000000  0.0003    2416
    2220 -0.15000000  0.00000000  0.30000000  0.0003    2417
    2221 -0.10000000  0.00000000  0.30000000  0.0003    2418
    2222 -0.05000000  0.00000000  0.30000000  0.0003    2419
    2223  0.00000000  0.05000000  0.30000000  0.0003    2420
    2224  0.05000000  0.05000000  0.30000000  0.0003    2421
    2225  0.10000000  0.05000000  0.30000000  0.0003    2422
    2226  0.15000000  0.05000000  0.30000000  0.0003    2423
    2227  0.20000000  0.05000000  0.30000000  0.0003    2424
    2228  0.25000000  0.05000000  0.30000000  0.0003    2425
    2229  0.30000000  0.05000000  0.30000000  0.0003    2426
    2230  0.35000000  0.05000000  0.30000000  0.0003    2427
    2231  0.40000000  0.05000000  0.30000000  0.0003    2428
    2232  0.45000000  0.05000000  0.30000000  0.0003    2429
    2233  0.50000000  0.05000000  0.30000000  0.0003    2430
    2234  0.45000000 -0.05000000 -0.30000000  0.0003    2431
    2235  0.40000000 -0.05000000 -0.30000000  0.0003    2432
    2236 -0.35000000  0.05000000  0.30000000  0.0003    2433
    2237 -0.30000000  0.05000000  0.30000000  0.0003    2434
    2238 -0.25000000  0.05000000  0.30000000  0.0003    2435
    2239 -0.20000000  0.05000000  0.30000000  0.0003    2436
    2240 -0.15000000  0.05000000  0.30000000  0.0003    2437
    2241 -0.10000000  0.05000000  0.30000000  0.0003    2438
    2242 -0.05000000  0.05000000  0.30000000  0.0003    2439
    2243  0.00000000  0.10000000  0.30000000  0.0003    2440
    2244  0.05000000  0.10000000  0.30000000  0.0003    2441
    2245  0.10000000  0.10000000  0.30000000  0.0003    2442
    2246  0.15000000  0.10000000  0.30000000  0.0003    2443
    2247  0.20000000  0.10000000  0.30000000  0.0003    2444
    2248  0.25000000  0.10000000  0.30000000  0.0003    2445
    2249  0.30000000  0.10000000  0.30000000  0.0003    2446
    2250  0.35000000  0.10000000  0.30000000  0.0003    2447
    2251  0.40000000  0.10000000  0.30000000  0.0003    2448
    2252  0.45000000  0.10000000  0.30000000  0.0003    2449
    2253  0.50000000  0.10000000  0.30000000  0.0003    2450
    2254  0.45000000 -0.10000000 -0.30000000  0.0003    2451
    2255 -0.40000000  0.10000000  0.30000000  0.0003    2452
    2256 -0.35000000  0.10000000  0.30000000  0.0003    2453
    2257 -0.30000000  0.10000000  0.30000000  0.0003    2454
    2258 -0.25000000  0.10000000  0.30000000  0.0003    2455
    2259 -0.20000000  0.10000000  0.30000000  0.0003    2456
    2260 -0.15000000  0.10000000  0.30000000  0.0003    2457
    2261 -0.10000000  0.10000000  0.30000000  0.0003    2458
    2262 -0.05000000  0.10000000  0.30000000  0.0003    2459
    2263  0.00000000  0.15000000  0.30000000  0.0003    2460
    2264  0.05000000  0.15000000  0.30000000  0.0003    2461
    2265  0.10000000  0.15000000  0.30000000  0.0003    2462
    2266  0.15000000  0.15000000  0.30000000  0.0003    2463
    2267  0.20000000  0.15000000  0.30000000  0.0003    2464
    2268  0.25000000  0.15000000  0.30000000  0.0003    2465
    2269  0.30000000  0.15000000  0.30000000  0.0003    2466
    2270  0.35000000  0.15000000  0.30000000  0.0003    2467
    2271  0.40000000  0.15000000  0.30000000  0.0003    2468
    2272  0.45000000  0.15000000  0.30000000  0.0003    2469
    2273  0.50000000  0.15000000  0.30000000  0.0003    2470
    2274 -0.45000000  0.15000000  0.30000000  0.0003    2471
    2275 -0.40000000  0.15000000  0.30000000  0.0003    2472
    2276 -0.35000000  0.15000000  0.30000000  0.0003    2473
    2277 -0.30000000  0.15000000  0.30000000  0.0003    2474
    2278 -0.25000000  0.15000000  0.30000000  0.0003    2475
    2279 -0.20000000  0.15000000  0.30000000  0.0003    2476
    2280 -0.15000000  0.15000000  0.30000000  0.0003    2477
    2281 -0.10000000  0.15000000  0.30000000  0.0003    2478
    2282 -0.05000000  0.15000000  0.30000000  0.0003    2479
    2283  0.00000000  0.20000000  0.30000000  0.0003    2480
    2284  0.05000000  0.20000000  0.30000000  0.0003    2481
    2285  0.10000000  0.20000000  0.30000000  0.0003    2482
    2286  0.15000000  0.20000000  0.30000000  0.0003    2483
    2287  0.20000000  0.20000000  0.30000000  0.0003    2484
    2288  0.25000000  0.20000000  0.30000000  0.0003    2485
    2289  0.30000000  0.20000000  0.30000000  0.0003    2486
    2290  0.35000000  0.20000000  0.30000000  0.0003    2487
    2291  0.40000000  0.20000000  0.30000000  0.0003    2488
    2292  0.45000000  0.20000000  0.30000000  0.0003    2489
    2293  0.50000000  0.20000000  0.30000000  0.0003    2490
    2294 -0.45000000  0.20000000  0.30000000  0.0003    2491
    2295 -0.40000000  0.20000000  0.30000000  0.0003    2492
    2296 -0.35000000  0.20000000  0.30000000  0.0003    2493
    2297 -0.30000000  0.20000000  0.30000000  0.0003    2494
    2298 -0.25000000  0.20000000  0.30000000  0.0003    2495
    2299 -0.20000000  0.20000000  0.30000000  0.0003    2496
    2300 -0.15000000  0.20000000  0.30000000  0.0003    2497
    2301 -0.10000000  0.20000000  0.30000000  0.0003    2498
    2302 -0.05000000  0.20000000  0.30000000  0.0003    2499
    2303  0.00000000  0.25000000  0.30000000  0.0003    2500
    2304  0.05000000  0.25000000  0.30000000  0.0003    2501
    2305  0.10000000  0.25000000  0.30000000  0.0003    2502
    2306  0.15000000  0.25000000  0.30000000  0.0003    2503
    2307  0.20000000  0.25000000  0.30000000  0.0003    2504
    2308  0.25000000  0.25000000  0.30000000  0.0003    2505
    2309  0.30000000  0.25000000  0.30000000  0.0003    2506
    2310  0.35000000  0.25000000  0.30000000  0.0003    2507
    2311  0.40000000  0.25000000  0.30000000  0.0003    2508
    2312  0.45000000  0.25000000  0.30000000  0.0003    2509
    2313  0.50000000  0.25000000  0.30000000  0.0003    2510
    2314 -0.45000000  0.25000000  0.30000000  0.0003    2511
    2315 -0.40000000  0.25000000  0.30000000  0.0003    2512
    2316 -0.35000000  0.25000000  0.30000000  0.0003    2513
    2317 -0.30000000  0.25000000  0.30000000  0.0003    2514
    2318 -0.25000000  0.25000000  0.30000000  0.0003    2515
    2319 -0.20000000  0.25000000  0.30000000  0.0003    2516
    2320 -0.15000000  0.25000000  0.30000000  0.0003    2517
    2321 -0.10000000  0.25000000  0.30000000  0.0003    2518
    2322 -0.05000000  0.25000000  0.30000000  0.0003    2519
    2323  0.00000000  0.30000000  0.30000000  0.0003    2520
    2324  0.05000000  0.30000000  0.30000000  0.0003    2521
    2325  0.10000000  0.30000000  0.30000000  0.0003    2522
    2326  0.15000000  0.30000000  0.30000000  0.0003    2523
    2327  0.20000000  0.30000000  0.30000000  0.0003    2524
    2328  0.25000000  0.30000000  0.30000000  0.0003    2525
    2329  0.30000000  0.30000000  0.30000000  0.0003    2526
    2330  0.35000000  0.30000000  0.30000000  0.0003    2527
    2331  0.40000000  0.30000000  0.30000000  0.0003    2528
    2332  0.45000000  0.30000000  0.30000000  0.0003    2529
    2333  0.50000000  0.30000000  0.30000000  0.0003    2530
    2334 -0.45000000  0.30000000  0.30000000  0.0003    2531
    2335 -0.40000000  0.30000000  0.30000000  0.0003    2532
    2336 -0.35000000  0.30000000  0.30000000  0.0003    2533
    2337 -0.30000000  0.30000000  0.30000000  0.0003    2534
    2338 -0.25000000  0.30000000  0.30000000  0.0003    2535
    2339 -0.20000000  0.30000000  0.30000000  0.0003    2536
    2340 -0.15000000  0.30000000  0.30000000  0.0003    2537
    2341 -0.10000000  0.30000000  0.30000000  0.0003    2538
    2342 -0.05000000  0.30000000  0.30000000  0.0003    2539
    2343  0.00000000  0.35000000  0.30000000  0.0003    2540
    2344  0.05000000  0.35000000  0.30000000  0.0003    2541
    2345  0.10000000  0.35000000  0.30000000  0.0003    2542
    2346  0.15000000  0.35000000  0.30000000  0.0003    2543
    2347  0.20000000  0.35000000  0.30000000  0.0003    2544
    2348  0.25000000  0.35000000  0.30000000  0.0003    2545
    2349  0.30000000  0.35000000  0.30000000  0.0003    2546
    2350  0.35000000  0.35000000  0.30000000  0.0003    2547
    2351  0.40000000  0.35000000  0.30000000  0.0003    2548
    2352  0.45000000  0.35000000  0.30000000  0.0003    2549
    2353  0.50000000  0.35000000  0.30000000  0.0003    2550
    2354 -0.45000000  0.35000000  0.30000000  0.0003    2551
    2355 -0.40000000  0.35000000  0.30000000  0.0003    2552
    2356 -0.35000000  0.35000000  0.30000000  0.0003    2553
    2357 -0.30000000  0.35000000  0.30000000  0.0003    2554
    2358 -0.25000000  0.35000000  0.30000000  0.0003    2555
    2359 -0.20000000  0.35000000  0.30000000  0.0003    2556
    2360 -0.15000000  0.35000000  0.30000000  0.0003    2557
    2361 -0.10000000  0.35000000  0.30000000  0.0003    2558
    2362 -0.05000000  0.35000000  0.30000000  0.0003    2559
    2363  0.00000000  0.40000000  0.30000000  0.0003    2560
    2364  0.05000000  0.40000000  0.30000000  0.0003    2561
    2365  0.10000000  0.40000000  0.30000000  0.0003    2562
    2366  0.15000000  0.40000000  0.30000000  0.0003    2563
    2367  0.20000000  0.40000000  0.30000000  0.0003    2564
    2368  0.25000000  0.40000000  0.30000000  0.0003    2565
    2369  0.30000000  0.40000000  0.30000000  0.0003    2566
    2370  0.35000000  0.40000000  0.30000000  0.0003    2567
    2371  0.40000000  0.40000000  0.30000000  0.0003    2568
    2372  0.45000000  0.40000000  0.30000000  0.0003    2569
    2373  0.50000000  0.40000000  0.30000000  0.0003    2570
    2374 -0.45000000  0.40000000  0.30000000  0.0003    2571
    2375 -0.40000000  0.40000000  0.30000000  0.0003    2572
    2376 -0.35000000  0.40000000  0.30000000  0.0003    2573
    2377 -0.30000000  0.40000000  0.30000000  0.0003    2574
    2378 -0.25000000  0.40000000  0.30000000  0.0003    2575
    2379 -0.20000000  0.40000000  0.30000000  0.0003    2576
    2380 -0.15000000  0.40000000  0.30000000  0.0003    2577
    2381 -0.10000000  0.40000000  0.30000000  0.0003    2578
    2382 -0.05000000  0.40000000  0.30000000  0.0003    2579
    2383  0.00000000  0.45000000  0.30000000  0.0003    2580
    2384  0.05000000  0.45000000  0.30000000  0.0003    2581
    2385  0.10000000  0.45000000  0.30000000  0.0003    2582
    2386  0.15000000  0.45000000  0.30000000  0.0003    2583
    2387  0.20000000  0.45000000  0.30000000  0.0003    2584
    2388  0.25000000  0.45000000  0.30000000  0.0003    2585
    2389  0.30000000  0.45000000  0.30000000  0.0003    2586
    2390  0.35000000  0.45000000  0.30000000  0.0003    2587
    2391  0.40000000  0.45000000  0.30000000  0.0003    2588
    2392  0.45000000  0.45000000  0.30000000  0.0003    2589
    2393  0.50000000  0.45000000  0.30000000  0.0003    2590
    2394 -0.45000000  0.45000000  0.30000000  0.0003    2591
    2395 -0.40000000  0.45000000  0.30000000  0.0003    2592
    2396 -0.35000000  0.45000000  0.30000000  0.0003    2593
    2397 -0.30000000  0.45000000  0.30000000  0.0003    2594
    2398 -0.25000000  0.45000000  0.30000000  0.0003    2595
    2399 -0.20000000  0.45000000  0.30000000  0.0003    2596
    2400 -0.15000000  0.45000000  0.30000000  0.0003    2597
    2401 -0.10000000  0.45000000  0.30000000  0.0003    2598
    2402 -0.05000000  0.45000000  0.30000000  0.0003    2599
    2403  0.00000000  0.50000000  0.30000000  0.0003    2600
    2404  0.05000000  0.50000000  0.30000000  0.0003    2601
    2405  0.10000000  0.50000000  0.30000000  0.0003    2602
    2406  0.15000000  0.50000000  0.30000000  0.0003    2603
    2407  0.20000000  0.50000000  0.30000000  0.0003    2604
    2408  0.25000000  0.50000000  0.30000000  0.0003    2605
    2409  0.30000000  0.50000000  0.30000000  0.0003    2606
    2410  0.35000000  0.50000000  0.30000000  0.0003    2607
    2411  0.40000000  0.50000000  0.30000000  0.0003    2608
    2412  0.45000000  0.50000000  0.30000000  0.0003    2609
    2413  0.50000000  0.50000000  0.30000000  0.0003    2610
    2414  0.45000000  0.50000000 -0.30000000  0.0003    2611
    2415  0.40000000  0.50000000 -0.30000000  0.0003    2612
    2416  0.35000000  0.50000000 -0.30000000  0.0003    2613
    2417 -0.30000000  0.50000000  0.30000000  0.0003    2614
    2418 -0.25000000  0.50000000  0.30000000  0.0003    2615
    2419 -0.20000000  0.50000000  0.30000000  0.0003    2616
    2420 -0.15000000  0.50000000  0.30000000  0.0003    2617
    2421 -0.10000000  0.50000000  0.30000000  0.0003    2618
    2422 -0.05000000  0.50000000  0.30000000  0.0003    2619
    2423  0.00000000  0.45000000 -0.30000000  0.0003    2620
    2424 -0.05000000  0.45000000 -0.30000000  0.0003    2621
    2425 -0.10000000  0.45000000 -0.30000000  0.0003    2622
    2426  0.15000000 -0.45000000  0.30000000  0.0003    2623
    2427  0.20000000 -0.45000000  0.30000000  0.0003    2624
    2428  0.25000000 -0.45000000  0.30000000  0.0003    2625
    2429  0.30000000 -0.45000000  0.30000000  0.0003    2626
    2430  0.35000000 -0.45000000  0.30000000  0.0003    2627
    2431  0.40000000 -0.45000000  0.30000000  0.0003    2628
    2432  0.45000000 -0.45000000  0.30000000  0.0003    2629
    2433  0.50000000  0.45000000 -0.30000000  0.0003    2630
    2434  0.45000000  0.45000000 -0.30000000  0.0003    2631
    2435  0.40000000  0.45000000 -0.30000000  0.0003    2632
    2436  0.35000000  0.45000000 -0.30000000  0.0003    2633
    2437  0.30000000  0.45000000 -0.30000000  0.0003    2634
    2438  0.25000000  0.45000000 -0.30000000  0.0003    2635
    2439  0.20000000  0.45000000 -0.30000000  0.0003    2636
    2440  0.15000000  0.45000000 -0.30000000  0.0003    2637
    2441  0.10000000  0.45000000 -0.30000000  0.0003    2638
    2442  0.05000000  0.45000000 -0.30000000  0.0003    2639
    2443  0.00000000  0.40000000 -0.30000000  0.0003    2640
    2444 -0.05000000  0.40000000 -0.30000000  0.0003    2641
    2445  0.10000000 -0.40000000  0.30000000  0.0003    2642
    2446  0.15000000 -0.40000000  0.30000000  0.0003    2643
    2447  0.20000000 -0.40000000  0.30000000  0.0003    2644
    2448  0.25000000 -0.40000000  0.30000000  0.0003    2645
    2449  0.30000000 -0.40000000  0.30000000  0.0003    2646
    2450  0.35000000 -0.40000000  0.30000000  0.0003    2647
    2451  0.40000000 -0.40000000  0.30000000  0.0003    2648
    2452  0.45000000 -0.40000000  0.30000000  0.0003    2649
    2453  0.50000000  0.40000000 -0.30000000  0.0003    2650
    2454  0.45000000  0.40000000 -0.30000000  0.0003    2651
    2455  0.40000000  0.40000000 -0.30000000  0.0003    2652
    2456  0.35000000  0.40000000 -0.30000000  0.0003    2653
    2457  0.30000000  0.40000000 -0.30000000  0.0003    2654
    2458  0.25000000  0.40000000 -0.30000000  0.0003    2655
    2459  0.20000000  0.40000000 -0.30000000  0.0003    2656
    2460  0.15000000  0.40000000 -0.30000000  0.0003    2657
    2461  0.10000000  0.40000000 -0.30000000  0.0003    2658
    2462  0.05000000  0.40000000 -0.30000000  0.0003    2659
    2463  0.00000000  0.35000000 -0.30000000  0.0003    2660
    2464  0.05000000 -0.35000000  0.30000000  0.0003    2661
    2465  0.10000000 -0.35000000  0.30000000  0.0003    2662
    2466  0.15000000 -0.35000000  0.30000000  0.0003    2663
    2467  0.20000000 -0.35000000  0.30000000  0.0003    2664
    2468  0.25000000 -0.35000000  0.30000000  0.0003    2665
    2469  0.30000000 -0.35000000  0.30000000  0.0003    2666
    2470  0.35000000 -0.35000000  0.30000000  0.0003    2667
    2471  0.40000000 -0.35000000  0.30000000  0.0003    2668
    2472  0.45000000 -0.35000000  0.30000000  0.0003    2669
    2473  0.50000000  0.35000000 -0.30000000  0.0003    2670
    2474  0.45000000  0.35000000 -0.30000000  0.0003    2671
    2475  0.40000000  0.35000000 -0.30000000  0.0003    2672
    2476  0.35000000  0.35000000 -0.30000000  0.0003    2673
    2477  0.30000000  0.35000000 -0.30000000  0.0003    2674
    2478  0.25000000  0.35000000 -0.30000000  0.0003    2675
    2479  0.20000000  0.35000000 -0.30000000  0.0003    2676
    2480  0.15000000  0.35000000 -0.30000000  0.0003    2677
    2481  0.10000000  0.35000000 -0.30000000  0.0003    2678
    2482  0.05000000  0.35000000 -0.30000000  0.0003    2679
    2483  0.00000000  0.30000000 -0.30000000  0.0003    2680
    2484  0.05000000 -0.30000000  0.30000000  0.0003    2681
    2485  0.10000000 -0.30000000  0.30000000  0.0003    2682
    2486  0.15000000 -0.30000000  0.30000000  0.0003    2683
    2487  0.20000000 -0.30000000  0.30000000  0.0003    2684
    2488  0.25000000 -0.30000000  0.30000000  0.0003    2685
    2489  0.30000000 -0.30000000  0.30000000  0.0003    2686
    2490  0.35000000 -0.30000000  0.30000000  0.0003    2687
    2491  0.40000000 -0.30000000  0.30000000  0.0003    2688
    2492  0.45000000 -0.30000000  0.30000000  0.0003    2689
    2493  0.50000000 -0.30000000  0.30000000  0.0003    2690
    2494  0.45000000  0.30000000 -0.30000000  0.0003    2691
    2495  0.40000000  0.30000000 -0.30000000  0.0003    2692
    2496  0.35000000  0.30000000 -0.30000000  0.0003    2693
    2497  0.30000000  0.30000000 -0.30000000  0.0003    2694
    2498  0.25000000  0.30000000 -0.30000000  0.0003    2695
    2499  0.20000000  0.30000000 -0.30000000  0.0003    2696
    2500  0.15000000  0.30000000 -0.30000000  0.0003    2697
    2501  0.10000000  0.30000000 -0.30000000  0.0003    2698
    2502  0.05000000  0.30000000 -0.30000000  0.0003    2699
    2503  0.00000000 -0.25000000  0.30000000  0.0003    2700
    2504  0.05000000 -0.25000000  0.30000000  0.0003    2701
    2505  0.10000000 -0.25000000  0.30000000  0.0003    2702
    2506  0.15000000 -0.25000000  0.30000000  0.0003    2703
    2507  0.20000000 -0.25000000  0.30000000  0.0003    2704
    2508  0.25000000 -0.25000000  0.30000000  0.0003    2705
    2509  0.30000000 -0.25000000  0.30000000  0.0003    2706
    2510  0.35000000 -0.25000000  0.30000000  0.0003    2707
    2511  0.40000000 -0.25000000  0.30000000  0.0003    2708
    2512  0.45000000 -0.25000000  0.30000000  0.0003    2709
    2513  0.50000000 -0.25000000  0.30000000  0.0003    2710
    2514  0.45000000  0.25000000 -0.30000000  0.0003    2711
    2515  0.40000000  0.25000000 -0.30000000  0.0003    2712
    2516  0.35000000  0.25000000 -0.30000000  0.0003    2713
    2517  0.30000000  0.25000000 -0.30000000  0.0003    2714
    2518  0.25000000  0.25000000 -0.30000000  0.0003    2715
    2519  0.20000000  0.25000000 -0.30000000  0.0003    2716
    2520  0.15000000  0.25000000 -0.30000000  0.0003    2717
    2521  0.10000000  0.25000000 -0.30000000  0.0003    2718
    2522 -0.05000000 -0.25000000  0.30000000  0.0003    2719
    2523  0.00000000 -0.20000000  0.30000000  0.0003    2720
    2524  0.05000000 -0.20000000  0.30000000  0.0003    2721
    2525  0.10000000 -0.20000000  0.30000000  0.0003    2722
    2526  0.15000000 -0.20000000  0.30000000  0.0003    2723
    2527  0.20000000 -0.20000000  0.30000000  0.0003    2724
    2528  0.25000000 -0.20000000  0.30000000  0.0003    2725
    2529  0.30000000 -0.20000000  0.30000000  0.0003    2726
    2530  0.35000000 -0.20000000  0.30000000  0.0003    2727
    2531  0.40000000 -0.20000000  0.30000000  0.0003    2728
    2532  0.45000000 -0.20000000  0.30000000  0.0003    2729
    2533  0.50000000 -0.20000000  0.30000000  0.0003    2730
    2534  0.45000000  0.20000000 -0.30000000  0.0003    2731
    2535  0.40000000  0.20000000 -0.30000000  0.0003    2732
    2536  0.35000000  0.20000000 -0.30000000  0.0003    2733
    2537  0.30000000  0.20000000 -0.30000000  0.0003    2734
    2538  0.25000000  0.20000000 -0.30000000  0.0003    2735
    2539  0.20000000  0.20000000 -0.30000000  0.0003    2736
    2540  0.15000000  0.20000000 -0.30000000  0.0003    2737
    2541 -0.10000000 -0.20000000  0.30000000  0.0003    2738
    2542 -0.05000000 -0.20000000  0.30000000  0.0003    2739
    2543  0.00000000 -0.15000000  0.30000000  0.0003    2740
    2544  0.05000000 -0.15000000  0.30000000  0.0003    2741
    2545  0.10000000 -0.15000000  0.30000000  0.0003    2742
    2546  0.15000000 -0.15000000  0.30000000  0.0003    2743
    2547  0.20000000 -0.15000000  0.30000000  0.0003    2744
    2548  0.25000000 -0.15000000  0.30000000  0.0003    2745
    2549  0.30000000 -0.15000000  0.30000000  0.0003    2746
    2550  0.35000000 -0.15000000  0.30000000  0.0003    2747
    2551  0.40000000 -0.15000000  0.30000000  0.0003    2748
    2552  0.45000000 -0.15000000  0.30000000  0.0003    2749
    2553  0.50000000 -0.15000000  0.30000000  0.0003    2750
    2554  0.45000000  0.15000000 -0.30000000  0.0003    2751
    2555  0.40000000  0.15000000 -0.30000000  0.0003    2752
    2556  0.35000000  0.15000000 -0.30000000  0.0003    2753
    2557  0.30000000  0.15000000 -0.30000000  0.0003    2754
    2558  0.25000000  0.15000000 -0.30000000  0.0003    2755
    2559  0.20000000  0.15000000 -0.30000000  0.0003    2756
    2560 -0.15000000 -0.15000000  0.30000000  0.0003    2757
    2561 -0.10000000 -0.15000000  0.30000000  0.0003    2758
    2562 -0.05000000 -0.15000000  0.30000000  0.0003    2759
    2563  0.00000000 -0.10000000  0.30000000  0.0003    2760
    2564  0.05000000 -0.10000000  0.30000000  0.0003    2761
    2565  0.10000000 -0.10000000  0.30000000  0.0003    2762
    2566  0.15000000 -0.10000000  0.30000000  0.0003    2763
    2567  0.20000000 -0.10000000  0.30000000  0.0003    2764
    2568  0.25000000 -0.10000000  0.30000000  0.0003    2765
    2569  0.30000000 -0.10000000  0.30000000  0.0003    2766
    2570  0.35000000 -0.10000000  0.30000000  0.0003    2767
    2571  0.40000000 -0.10000000  0.30000000  0.0003    2768
    2572  0.45000000 -0.10000000  0.30000000  0.0003    2769
    2573  0.50000000 -0.10000000  0.30000000  0.0003    2770
    2574  0.45000000  0.10000000 -0.30000000  0.0003    2771
    2575  0.40000000  0.10000000 -0.30000000  0.0003    2772
    2576  0.35000000  0.10000000 -0.30000000  0.0003    2773
    2577  0.30000000  0.10000000 -0.30000000  0.0003    2774
    2578  0.25000000  0.10000000 -0.30000000  0.0003    2775
    2579 -0.20000000 -0.10000000  0.30000000  0.0003    2776
    2580 -0.15000000 -0.10000000  0.30000000  0.0003    2777
    2581 -0.10000000 -0.10000000  0.30000000  0.0003    2778
    2582 -0.05000000 -0.10000000  0.30000000  0.0003    2779
    2583  0.00000000 -0.05000000  0.30000000  0.0003    2780
    2584  0.05000000 -0.05000000  0.30000000  0.0003    2781
    2585  0.10000000 -0.05000000  0.30000000  0.0003    2782
    2586  0.15000000 -0.05000000  0.30000000  0.0003    2783
    2587  0.20000000 -0.05000000  0.30000000  0.0003    2784
    2588  0.25000000 -0.05000000  0.30000000  0.0003    2785
    2589  0.30000000 -0.05000000  0.30000000  0.0003    2786
    2590  0.35000000 -0.05000000  0.30000000  0.0003    2787
    2591  0.40000000 -0.05000000  0.30000000  0.0003    2788
    2592  0.45000000 -0.05000000  0.30000000  0.0003    2789
    2593  0.50000000 -0.05000000  0.30000000  0.0003    2790
    2594  0.45000000  0.05000000 -0.30000000  0.0003    2791
    2595  0.40000000  0.05000000 -0.30000000  0.0003    2792
    2596  0.35000000  0.05000000 -0.30000000  0.0003    2793
    2597  0.30000000  0.05000000 -0.30000000  0.0003    2794
    2598 -0.25000000 -0.05000000  0.30000000  0.0003    2795
    2599 -0.20000000 -0.05000000  0.30000000  0.0003    2796
    2600 -0.15000000 -0.05000000  0.30000000  0.0003    2797
    2601 -0.10000000 -0.05000000  0.30000000  0.0003    2798
    2602 -0.05000000 -0.05000000  0.30000000  0.0003    2799
    2603  0.00000000  0.00000000  0.35000000  0.0003    2800
    2604  0.05000000  0.00000000  0.35000000  0.0003    2801
    2605  0.10000000  0.00000000  0.35000000  0.0003    2802
    2606  0.15000000  0.00000000  0.35000000  0.0003    2803
    2607  0.20000000  0.00000000  0.35000000  0.0003    2804
    2608  0.25000000  0.00000000  0.35000000  0.0003    2805
    2609  0.30000000  0.00000000  0.35000000  0.0003    2806
    2610  0.35000000  0.00000000  0.35000000  0.0003    2807
    2611  0.40000000  0.00000000  0.35000000  0.0003    2808
    2612  0.45000000  0.00000000  0.35000000  0.0003    2809
    2613  0.50000000  0.00000000  0.35000000  0.0003    2810
    2614  0.45000000  0.00000000 -0.35000000  0.0003    2811
    2615  0.40000000  0.00000000 -0.35000000  0.0003    2812
    2616  0.35000000  0.00000000 -0.35000000  0.0003    2813
    2617 -0.30000000  0.00000000  0.35000000  0.0003    2814
    2618 -0.25000000  0.00000000  0.35000000  0.0003    2815
    2619 -0.20000000  0.00000000  0.35000000  0.0003    2816
    2620 -0.15000000  0.00000000  0.35000000  0.0003    2817
    2621 -0.10000000  0.00000000  0.35000000  0.0003    2818
    2622 -0.05000000  0.00000000  0.35000000  0.0003    2819
    2623  0.00000000  0.05000000  0.35000000  0.0003    2820
    2624  0.05000000  0.05000000  0.35000000  0.0003    2821
    2625  0.10000000  0.05000000  0.35000000  0.0003    2822
    2626  0.15000000  0.05000000  0.35000000  0.0003    2823
    2627  0.20000000  0.05000000  0.35000000  0.0003    2824
    2628  0.25000000  0.05000000  0.35000000  0.0003    2825
    2629  0.30000000  0.05000000  0.35000000  0.0003    2826
    2630  0.35000000  0.05000000  0.35000000  0.0003    2827
    2631  0.40000000  0.05000000  0.35000000  0.0003    2828
    2632  0.45000000  0.05000000  0.35000000  0.0003    2829
    2633  0.50000000  0.05000000  0.35000000  0.0003    2830
    2634  0.45000000 -0.05000000 -0.35000000  0.0003    2831
    2635  0.40000000 -0.05000000 -0.35000000  0.0003    2832
    2636 -0.35000000  0.05000000  0.35000000  0.0003    2833
    2637 -0.30000000  0.05000000  0.35000000  0.0003    2834
    2638 -0.25000000  0.05000000  0.35000000  0.0003    2835
    2639 -0.20000000  0.05000000  0.35000000  0.0003    2836
    2640 -0.15000000  0.05000000  0.35000000  0.0003    2837
    2641 -0.10000000  0.05000000  0.35000000  0.0003    2838
    2642 -0.05000000  0.05000000  0.35000000  0.0003    2839
    2643  0.00000000  0.10000000  0.35000000  0.0003    2840
    2644  0.05000000  0.10000000  0.35000000  0.0003    2841
    2645  0.10000000  0.10000000  0.35000000  0.0003    2842
    2646  0.15000000  0.10000000  0.35000000  0.0003    2843
    2647  0.20000000  0.10000000  0.35000000  0.0003    2844
    2648  0.25000000  0.10000000  0.35000000  0.0003    2845
    2649  0.30000000  0.10000000  0.35000000  0.0003    2846
    2650  0.35000000  0.10000000  0.35000000  0.0003    2847
    2651  0.40000000  0.10000000  0.35000000  0.0003    2848
    2652  0.45000000  0.10000000  0.35000000  0.0003    2849
    2653  0.50000000  0.10000000  0.35000000  0.0003    2850
    2654  0.45000000 -0.10000000 -0.35000000  0.0003    2851
    2655 -0.40000000  0.10000000  0.35000000  0.0003    2852
    2656 -0.35000000  0.10000000  0.35000000  0.0003    2853
    2657 -0.30000000  0.10000000  0.35000000  0.0003    2854
    2658 -0.25000000  0.10000000  0.35000000  0.0003    2855
    2659 -0.20000000  0.10000000  0.35000000  0.0003    2856
    2660 -0.15000000  0.10000000  0.35000000  0.0003    2857
    2661 -0.10000000  0.10000000  0.35000000  0.0003    2858
    2662 -0.05000000  0.10000000  0.35000000  0.0003    2859
    2663  0.00000000  0.15000000  0.35000000  0.0003    2860
    2664  0.05000000  0.15000000  0.35000000  0.0003    2861
    2665  0.10000000  0.15000000  0.35000000  0.0003    2862
    2666  0.15000000  0.15000000  0.35000000  0.0003    2863
    2667  0.20000000  0.15000000  0.35000000  0.0003    2864
    2668  0.25000000  0.15000000  0.35000000  0.0003    2865
    2669  0.30000000  0.15000000  0.35000000  0.0003    2866
    2670  0.35000000  0.15000000  0.35000000  0.0003    2867
    2671  0.40000000  0.15000000  0.35000000  0.0003    2868
    2672  0.45000000  0.15000000  0.35000000  0.0003    2869
    2673  0.50000000  0.15000000  0.35000000  0.0003    2870
    2674 -0.45000000  0.15000000  0.35000000  0.0003    2871
    2675 -0.40000000  0.15000000  0.35000000  0.0003    2872
    2676 -0.35000000  0.15000000  0.35000000  0.0003    2873
    2677 -0.30000000  0.15000000  0.35000000  0.0003    2874
    2678 -0.25000000  0.15000000  0.35000000  0.0003    2875
    2679 -0.20000000  0.15000000  0.35000000  0.0003    2876
    2680 -0.15000000  0.15000000  0.35000000  0.0003    2877
    2681 -0.10000000  0.15000000  0.35000000  0.0003    2878
    2682 -0.05000000  0.15000000  0.35000000  0.0003    2879
    2683  0.00000000  0.20000000  0.35000000  0.0003    2880
    2684  0.05000000  0.20000000  0.35000000  0.0003    2881
    2685  0.10000000  0.20000000  0.35000000  0.0003    2882
    2686  0.15000000  0.20000000  0.35000000  0.0003    2883
    2687  0.20000000  0.20000000  0.35000000  0.0003    2884
    2688  0.25000000  0.20000000  0.35000000  0.0003    2885
    2689  0.30000000  0.20000000  0.35000000  0.0003    2886
    2690  0.35000000  0.20000000  0.35000000  0.0003    2887
    2691  0.40000000  0.20000000  0.35000000  0.0003    2888
    2692  0.45000000  0.20000000  0.35000000  0.0003    2889
    2693  0.50000000  0.20000000  0.35000000  0.0003    2890
    2694 -0.45000000  0.20000000  0.35000000  0.0003    2891
    2695 -0.40000000  0.20000000  0.35000000  0.0003    2892
    2696 -0.35000000  0.20000000  0.35000000  0.0003    2893
    2697 -0.30000000  0.20000000  0.35000000  0.0003    2894
    2698 -0.25000000  0.20000000  0.35000000  0.0003    2895
    2699 -0.20000000  0.20000000  0.35000000  0.0003    2896
    2700 -0.15000000  0.20000000  0.35000000  0.0003    2897
    2701 -0.10000000  0.20000000  0.35000000  0.0003    2898
    2702 -0.05000000  0.20000000  0.35000000  0.0003    2899
    2703  0.00000000  0.25000000  0.35000000  0.0003    2900
    2704  0.05000000  0.25000000  0.35000000  0.0003    2901
    2705  0.10000000  0.25000000  0.35000000  0.0003    2902
    2706  0.15000000  0.25000000  0.35000000  0.0003    2903
    2707  0.20000000  0.25000000  0.35000000  0.0003    2904
    2708  0.25000000  0.25000000  0.35000000  0.0003    2905
    2709  0.30000000  0.25000000  0.35000000  0.0003    2906
    2710  0.35000000  0.25000000  0.35000000  0.0003    2907
    2711  0.40000000  0.25000000  0.35000000  0.0003    2908
    2712  0.45000000  0.25000000  0.35000000  0.0003    2909
    2713  0.50000000  0.25000000  0.35000000  0.0003    2910
    2714 -0.45000000  0.25000000  0.35000000  0.0003    2911
    2715 -0.40000000  0.25000000  0.35000000  0.0003    2912
    2716 -0.35000000  0.25000000  0.35000000  0.0003    2913
    2717 -0.30000000  0.25000000  0.35000000  0.0003    2914
    2718 -0.25000000  0.25000000  0.35000000  0.0003    2915
    2719 -0.20000000  0.25000000  0.35000000  0.0003    2916
    2720 -0.15000000  0.25000000  0.35000000  0.0003    2917
    2721 -0.10000000  0.25000000  0.35000000  0.0003    2918
    2722 -0.05000000  0.25000000  0.35000000  0.0003    2919
    2723  0.00000000  0.30000000  0.35000000  0.0003    2920
    2724  0.05000000  0.30000000  0.35000000  0.0003    2921
    2725  0.10000000  0.30000000  0.35000000  0.0003    2922
    2726  0.15000000  0.30000000  0.35000000  0.0003    2923
    2727  0.20000000  0.30000000  0.35000000  0.0003    2924
    2728  0.25000000  0.30000000  0.35000000  0.0003    2925
    2729  0.30000000  0.30000000  0.35000000  0.0003    2926
    2730  0.35000000  0.30000000  0.35000000  0.0003    2927
    2731  0.40000000  0.30000000  0.35000000  0.0003    2928
    2732  0.45000000  0.30000000  0.35000000  0.0003    2929
    2733  0.50000000  0.30000000  0.35000000  0.0003    2930
    2734 -0.45000000  0.30000000  0.35000000  0.0003    2931
    2735 -0.40000000  0.30000000  0.35000000  0.0003    2932
    2736 -0.35000000  0.30000000  0.35000000  0.0003    2933
    2737 -0.30000000  0.30000000  0.35000000  0.0003    2934
    2738 -0.25000000  0.30000000  0.35000000  0.0003    2935
    2739 -0.20000000  0.30000000  0.35000000  0.0003    2936
    2740 -0.15000000  0.30000000  0.35000000  0.0003    2937
    2741 -0.10000000  0.30000000  0.35000000  0.0003    2938
    2742 -0.05000000  0.30000000  0.35000000  0.0003    2939
    2743  0.00000000  0.35000000  0.35000000  0.0003    2940
    2744  0.05000000  0.35000000  0.35000000  0.0003    2941
    2745  0.10000000  0.35000000  0.35000000  0.0003    2942
    2746  0.15000000  0.35000000  0.35000000  0.0003    2943
    2747  0.20000000  0.35000000  0.35000000  0.0003    2944
    2748  0.25000000  0.35000000  0.35000000  0.0003    2945
    2749  0.30000000  0.35000000  0.35000000  0.0003    2946
    2750  0.35000000  0.35000000  0.35000000  0.0003    2947
    2751  0.40000000  0.35000000  0.35000000  0.0003    2948
    2752  0.45000000  0.35000000  0.35000000  0.0003    2949
    2753  0.50000000  0.35000000  0.35000000  0.0003    2950
    2754 -0.45000000  0.35000000  0.35000000  0.0003    2951
    2755 -0.40000000  0.35000000  0.35000000  0.0003    2952
    2756 -0.35000000  0.35000000  0.35000000  0.0003    2953
    2757 -0.30000000  0.35000000  0.35000000  0.0003    2954
    2758 -0.25000000  0.35000000  0.35000000  0.0003    2955
    2759 -0.20000000  0.35000000  0.35000000  0.0003    2956
    2760 -0.15000000  0.35000000  0.35000000  0.0003    2957
    2761 -0.10000000  0.35000000  0.35000000  0.0003    2958
    2762 -0.05000000  0.35000000  0.35000000  0.0003    2959
    2763  0.00000000  0.40000000  0.35000000  0.0003    2960
    2764  0.05000000  0.40000000  0.35000000  0.0003    2961
    2765  0.10000000  0.40000000  0.35000000  0.0003    2962
    2766  0.15000000  0.40000000  0.35000000  0.0003    2963
    2767  0.20000000  0.40000000  0.35000000  0.0003    2964
    2768  0.25000000  0.40000000  0.35000000  0.0003    2965
    2769  0.30000000  0.40000000  0.35000000  0.0003    2966
    2770  0.35000000  0.40000000  0.35000000  0.0003    2967
    2771  0.40000000  0.40000000  0.35000000  0.0003    2968
    2772  0.45000000  0.40000000  0.35000000  0.0003    2969
    2773  0.50000000  0.40000000  0.35000000  0.0003    2970
    2774 -0.45000000  0.40000000  0.35000000  0.0003    2971
    2775 -0.40000000  0.40000000  0.35000000  0.0003    2972
    2776 -0.35000000  0.40000000  0.35000000  0.0003    2973
    2777 -0.30000000  0.40000000  0.35000000  0.0003    2974
    2778 -0.25000000  0.40000000  0.35000000  0.0003    2975
    2779 -0.20000000  0.40000000  0.35000000  0.0003    2976
    2780 -0.15000000  0.40000000  0.35000000  0.0003    2977
    2781 -0.10000000  0.40000000  0.35000000  0.0003    2978
    2782 -0.05000000  0.40000000  0.35000000  0.0003    2979
    2783  0.00000000  0.45000000  0.35000000  0.0003    2980
    2784  0.05000000  0.45000000  0.35000000  0.0003    2981
    2785  0.10000000  0.45000000  0.35000000  0.0003    2982
    2786  0.15000000  0.45000000  0.35000000  0.0003    2983
    2787  0.20000000  0.45000000  0.35000000  0.0003    2984
    2788  0.25000000  0.45000000  0.35000000  0.0003    2985
    2789  0.30000000  0.45000000  0.35000000  0.0003    2986
    2790  0.35000000  0.45000000  0.35000000  0.0003    2987
    2791  0.40000000  0.45000000  0.35000000  0.0003    2988
    2792  0.45000000  0.45000000  0.35000000  0.0003    2989
    2793  0.50000000  0.45000000  0.35000000  0.0003    2990
    2794 -0.45000000  0.45000000  0.35000000  0.0003    2991
    2795 -0.40000000  0.45000000  0.35000000  0.0003    2992
    2796 -0.35000000  0.45000000  0.35000000  0.0003    2993
    2797 -0.30000000  0.45000000  0.35000000  0.0003    2994
    2798 -0.25000000  0.45000000  0.35000000  0.0003    2995
    2799 -0.20000000  0.45000000  0.35000000  0.0003    2996
    2800 -0.15000000  0.45000000  0.35000000  0.0003    2997
    2801 -0.10000000  0.45000000  0.35000000  0.0003    2998
    2802 -0.05000000  0.45000000  0.35000000  0.0003    2999
    2803  0.00000000  0.50000000  0.35000000  0.0003    3000
    2804  0.05000000  0.50000000  0.35000000  0.0003    3001
    2805  0.10000000  0.50000000  0.35000000  0.0003    3002
    2806  0.15000000  0.50000000  0.35000000  0.0003    3003
    2807  0.20000000  0.50000000  0.35000000  0.0003    3004
    2808  0.25000000  0.50000000  0.35000000  0.0003    3005
    2809  0.30000000  0.50000000  0.35000000  0.0003    3006
    2810  0.35000000  0.50000000  0.35000000  0.0003    3007
    2811  0.40000000  0.50000000  0.35000000  0.0003    3008
    2812  0.45000000  0.50000000  0.35000000  0.0003    3009
    2813  0.50000000  0.50000000  0.35000000  0.0003    3010
    2814  0.45000000  0.50000000 -0.35000000  0.0003    3011
    2815  0.40000000  0.50000000 -0.35000000  0.0003    3012
    2816 -0.35000000  0.50000000  0.35000000  0.0003    3013
    2817 -0.30000000  0.50000000  0.35000000  0.0003    3014
    2818 -0.25000000  0.50000000  0.35000000  0.0003    3015
    2819 -0.20000000  0.50000000  0.35000000  0.0003    3016
    2820 -0.15000000  0.50000000  0.35000000  0.0003    3017
    2821 -0.10000000  0.50000000  0.35000000  0.0003    3018
    2822 -0.05000000  0.50000000  0.35000000  0.0003    3019
    2823  0.00000000  0.45000000 -0.35000000  0.0003    3020
    2824 -0.05000000  0.45000000 -0.35000000  0.0003    3021
    2825 -0.10000000  0.45000000 -0.35000000  0.0003    3022
    2826  0.15000000 -0.45000000  0.35000000  0.0003    3023
    2827  0.20000000 -0.45000000  0.35000000  0.0003    3024
    2828  0.25000000 -0.45000000  0.35000000  0.0003    3025
    2829  0.30000000 -0.45000000  0.35000000  0.0003    3026
    2830  0.35000000 -0.45000000  0.35000000  0.0003    3027
    2831  0.40000000 -0.45000000  0.35000000  0.0003    3028
    2832  0.45000000 -0.45000000  0.35000000  0.0003    3029
    2833  0.50000000  0.45000000 -0.35000000  0.0003    3030
    2834  0.45000000  0.45000000 -0.35000000  0.0003    3031
    2835  0.40000000  0.45000000 -0.35000000  0.0003    3032
    2836  0.35000000  0.45000000 -0.35000000  0.0003    3033
    2837  0.30000000  0.45000000 -0.35000000  0.0003    3034
    2838  0.25000000  0.45000000 -0.35000000  0.0003    3035
    2839  0.20000000  0.45000000 -0.35000000  0.0003    3036
    2840  0.15000000  0.45000000 -0.35000000  0.0003    3037
    2841  0.10000000  0.45000000 -0.35000000  0.0003    3038
    2842  0.05000000  0.45000000 -0.35000000  0.0003    3039
    2843  0.00000000  0.40000000 -0.35000000  0.0003    3040
    2844 -0.05000000  0.40000000 -0.35000000  0.0003    3041
    2845  0.10000000 -0.40000000  0.35000000  0.0003    3042
    2846  0.15000000 -0.40000000  0.35000000  0.0003    3043
    2847  0.20000000 -0.40000000  0.35000000  0.0003    3044
    2848  0.25000000 -0.40000000  0.35000000  0.0003    3045
    2849  0.30000000 -0.40000000  0.35000000  0.0003    3046
    2850  0.35000000 -0.40000000  0.35000000  0.0003    3047
    2851  0.40000000 -0.40000000  0.35000000  0.0003    3048
    2852  0.45000000 -0.40000000  0.35000000  0.0003    3049
    2853  0.50000000  0.40000000 -0.35000000  0.0003    3050
    2854  0.45000000  0.40000000 -0.35000000  0.0003    3051
    2855  0.40000000  0.40000000 -0.35000000  0.0003    3052
    2856  0.35000000  0.40000000 -0.35000000  0.0003    3053
    2857  0.30000000  0.40000000 -0.35000000  0.0003    3054
    2858  0.25000000  0.40000000 -0.35000000  0.0003    3055
    2859  0.20000000  0.40000000 -0.35000000  0.0003    3056
    2860  0.15000000  0.40000000 -0.35000000  0.0003    3057
    2861  0.10000000  0.40000000 -0.35000000  0.0003    3058
    2862  0.05000000  0.40000000 -0.35000000  0.0003    3059
    2863  0.00000000  0.35000000 -0.35000000  0.0003    3060
    2864  0.05000000 -0.35000000  0.35000000  0.0003    3061
    2865  0.10000000 -0.35000000  0.35000000  0.0003    3062
    2866  0.15000000 -0.35000000  0.35000000  0.0003    3063
    2867  0.20000000 -0.35000000  0.35000000  0.0003    3064
    2868  0.25000000 -0.35000000  0.35000000  0.0003    3065
    2869  0.30000000 -0.35000000  0.35000000  0.0003    3066
    2870  0.35000000 -0.35000000  0.35000000  0.0003    3067
    2871  0.40000000 -0.35000000  0.35000000  0.0003    3068
    2872  0.45000000 -0.35000000  0.35000000  0.0003    3069
    2873  0.50000000  0.35000000 -0.35000000  0.0003    3070
    2874  0.45000000  0.35000000 -0.35000000  0.0003    3071
    2875  0.40000000  0.35000000 -0.35000000  0.0003    3072
    2876  0.35000000  0.35000000 -0.35000000  0.0003    3073
    2877  0.30000000  0.35000000 -0.35000000  0.0003    3074
    2878  0.25000000  0.35000000 -0.35000000  0.0003    3075
    2879  0.20000000  0.35000000 -0.35000000  0.0003    3076
    2880  0.15000000  0.35000000 -0.35000000  0.0003    3077
    2881  0.10000000  0.35000000 -0.35000000  0.0003    3078
    2882  0.05000000  0.35000000 -0.35000000  0.0003    3079
    2883  0.00000000 -0.30000000  0.35000000  0.0003    3080
    2884  0.05000000 -0.30000000  0.35000000  0.0003    3081
    2885  0.10000000 -0.30000000  0.35000000  0.0003    3082
    2886  0.15000000 -0.30000000  0.35000000  0.0003    3083
    2887  0.20000000 -0.30000000  0.35000000  0.0003    3084
    2888  0.25000000 -0.30000000  0.35000000  0.0003    3085
    2889  0.30000000 -0.30000000  0.35000000  0.0003    3086
    2890  0.35000000 -0.30000000  0.35000000  0.0003    3087
    2891  0.40000000 -0.30000000  0.35000000  0.0003    3088
    2892  0.45000000 -0.30000000  0.35000000  0.0003    3089
    2893  0.50000000 -0.30000000  0.35000000  0.0003    3090
    2894  0.45000000  0.30000000 -0.35000000  0.0003    3091
    2895  0.40000000  0.30000000 -0.35000000  0.0003    3092
    2896  0.35000000  0.30000000 -0.35000000  0.0003    3093
    2897  0.30000000  0.30000000 -0.35000000  0.0003    3094
    2898  0.25000000  0.30000000 -0.35000000  0.0003    3095
    2899  0.20000000  0.30000000 -0.35000000  0.0003    3096
    2900  0.15000000  0.30000000 -0.35000000  0.0003    3097
    2901  0.10000000  0.30000000 -0.35000000  0.0003    3098
    2902 -0.05000000 -0.30000000  0.35000000  0.0003    3099
    2903  0.00000000 -0.25000000  0.35000000  0.0003    3100
    2904  0.05000000 -0.25000000  0.35000000  0.0003    3101
    2905  0.10000000 -0.25000000  0.35000000  0.0003    3102
    2906  0.15000000 -0.25000000  0.35000000  0.0003    3103
    2907  0.20000000 -0.25000000  0.35000000  0.0003    3104
    2908  0.25000000 -0.25000000  0.35000000  0.0003    3105
    2909  0.30000000 -0.25000000  0.35000000  0.0003    3106
    2910  0.35000000 -0.25000000  0.35000000  0.0003    3107
    2911  0.40000000 -0.25000000  0.35000000  0.0003    3108
    2912  0.45000000 -0.25000000  0.35000000  0.0003    3109
    2913  0.50000000 -0.25000000  0.35000000  0.0003    3110
    2914  0.45000000  0.25000000 -0.35000000  0.0003    3111
    2915  0.40000000  0.25000000 -0.35000000  0.0003    3112
    2916  0.35000000  0.25000000 -0.35000000  0.0003    3113
    2917  0.30000000  0.25000000 -0.35000000  0.0003    3114
    2918  0.25000000  0.25000000 -0.35000000  0.0003    3115
    2919  0.20000000  0.25000000 -0.35000000  0.0003    3116
    2920  0.15000000  0.25000000 -0.35000000  0.0003    3117
    2921 -0.10000000 -0.25000000  0.35000000  0.0003    3118
    2922 -0.05000000 -0.25000000  0.35000000  0.0003    3119
    2923  0.00000000 -0.20000000  0.35000000  0.0003    3120
    2924  0.05000000 -0.20000000  0.35000000  0.0003    3121
    2925  0.10000000 -0.20000000  0.35000000  0.0003    3122
    2926  0.15000000 -0.20000000  0.35000000  0.0003    3123
    2927  0.20000000 -0.20000000  0.35000000  0.0003    3124
    2928  0.25000000 -0.20000000  0.35000000  0.0003    3125
    2929  0.30000000 -0.20000000  0.35000000  0.0003    3126
    2930  0.35000000 -0.20000000  0.35000000  0.0003    3127
    2931  0.40000000 -0.20000000  0.35000000  0.0003    3128
    2932  0.45000000 -0.20000000  0.35000000  0.0003    3129
    2933  0.50000000 -0.20000000  0.35000000  0.0003    3130
    2934  0.45000000  0.20000000 -0.35000000  0.0003    3131
    2935  0.40000000  0.20000000 -0.35000000  0.0003    3132
    2936  0.35000000  0.20000000 -0.35000000  0.0003    3133
    2937  0.30000000  0.20000000 -0.35000000  0.0003    3134
    2938  0.25000000  0.20000000 -0.35000000  0.0003    3135
    2939  0.20000000  0.20000000 -0.35000000  0.0003    3136
    2940 -0.15000000 -0.20000000  0.35000000  0.0003    3137
    2941 -0.10000000 -0.20000000  0.35000000  0.0003    3138
    2942 -0.05000000 -0.20000000  0.35000000  0.0003    3139
    2943  0.00000000 -0.15000000  0.35000000  0.0003    3140
    2944  0.05000000 -0.15000000  0.35000000  0.0003    3141
    2945  0.10000000 -0.15000000  0.35000000  0.0003    3142
    2946  0.15000000 -0.15000000  0.35000000  0.0003    3143
    2947  0.20000000 -0.15000000  0.35000000  0.0003    3144
    2948  0.25000000 -0.15000000  0.35000000  0.0003    3145
    2949  0.30000000 -0.15000000  0.35000000  0.0003    3146
    2950  0.35000000 -0.15000000  0.35000000  0.0003    3147
    2951  0.40000000 -0.15000000  0.35000000  0.0003    3148
    2952  0.45000000 -0.15000000  0.35000000  0.0003    3149
    2953  0.50000000 -0.15000000  0.35000000  0.0003    3150
    2954  0.45000000  0.15000000 -0.35000000  0.0003    3151
    2955  0.40000000  0.15000000 -0.35000000  0.0003    3152
    2956  0.35000000  0.15000000 -0.35000000  0.0003    3153
    2957  0.30000000  0.15000000 -0.35000000  0.0003    3154
    2958  0.25000000  0.15000000 -0.35000000  0.0003    3155
    2959 -0.20000000 -0.15000000  0.35000000  0.0003    3156
    2960 -0.15000000 -0.15000000  0.35000000  0.0003    3157
    2961 -0.10000000 -0.15000000  0.35000000  0.0003    3158
    2962 -0.05000000 -0.15000000  0.35000000  0.0003    3159
    2963  0.00000000 -0.10000000  0.35000000  0.0003    3160
    2964  0.05000000 -0.10000000  0.35000000  0.0003    3161
    2965  0.10000000 -0.10000000  0.35000000  0.0003    3162
    2966  0.15000000 -0.10000000  0.35000000  0.0003    3163
    2967  0.20000000 -0.10000000  0.35000000  0.0003    3164
    2968  0.25000000 -0.10000000  0.35000000  0.0003    3165
    2969  0.30000000 -0.10000000  0.35000000  0.0003    3166
    2970  0.35000000 -0.10000000  0.35000000  0.0003    3167
    2971  0.40000000 -0.10000000  0.35000000  0.0003    3168
    2972  0.45000000 -0.10000000  0.35000000  0.0003    3169
    2973  0.50000000 -0.10000000  0.35000000  0.0003    3170
    2974  0.45000000  0.10000000 -0.35000000  0.0003    3171
    2975  0.40000000  0.10000000 -0.35000000  0.0003    3172
    2976  0.35000000  0.10000000 -0.35000000  0.0003    3173
    2977  0.30000000  0.10000000 -0.35000000  0.0003    3174
    2978 -0.25000000 -0.10000000  0.35000000  0.0003    3175
    2979 -0.20000000 -0.10000000  0.35000000  0.0003    3176
    2980 -0.15000000 -0.10000000  0.35000000  0.0003    3177
    2981 -0.10000000 -0.10000000  0.35000000  0.0003    3178
    2982 -0.05000000 -0.10000000  0.35000000  0.0003    3179
    2983  0.00000000 -0.05000000  0.35000000  0.0003    3180
    2984  0.05000000 -0.05000000  0.35000000  0.0003    3181
    2985  0.10000000 -0.05000000  0.35000000  0.0003    3182
    2986  0.15000000 -0.05000000  0.35000000  0.0003    3183
    2987  0.20000000 -0.05000000  0.35000000  0.0003    3184
    2988  0.25000000 -0.05000000  0.35000000  0.0003    3185
    2989  0.30000000 -0.05000000  0.35000000  0.0003    3186
    2990  0.35000000 -0.05000000  0.35000000  0.0003    3187
    2991  0.40000000 -0.05000000  0.35000000  0.0003    3188
    2992  0.45000000 -0.05000000  0.35000000  0.0003    3189
    2993  0.50000000 -0.05000000  0.35000000  0.0003    3190
    2994  0.45000000  0.05000000 -0.35000000  0.0003    3191
    2995  0.40000000  0.05000000 -0.35000000  0.0003    3192
    2996  0.35000000  0.05000000 -0.35000000  0.0003    3193
    2997 -0.30000000 -0.05000000  0.35000000  0.0003    3194
    2998 -0.25000000 -0.05000000  0.35000000  0.0003    3195
    2999 -0.20000000 -0.05000000  0.35000000  0.0003    3196
    3000 -0.15000000 -0.05000000  0.35000000  0.0003    3197
    3001 -0.10000000 -0.05000000  0.35000000  0.0003    3198
    3002 -0.05000000 -0.05000000  0.35000000  0.0003    3199
    3003  0.00000000  0.00000000  0.40000000  0.0003    3200
    3004  0.05000000  0.00000000  0.40000000  0.0003    3201
    3005  0.10000000  0.00000000  0.40000000  0.0003    3202
    3006  0.15000000  0.00000000  0.40000000  0.0003    3203
    3007  0.20000000  0.00000000  0.40000000  0.0003    3204
    3008  0.25000000  0.00000000  0.40000000  0.0003    3205
    3009  0.30000000  0.00000000  0.40000000  0.0003    3206
    3010  0.35000000  0.00000000  0.40000000  0.0003    3207
    3011  0.40000000  0.00000000  0.40000000  0.0003    3208
    3012  0.45000000  0.00000000  0.40000000  0.0003    3209
    3013  0.50000000  0.00000000  0.40000000  0.0003    3210
    3014  0.45000000  0.00000000 -0.40000000  0.0003    3211
    3015 -0.40000000  0.00000000  0.40000000  0.0003    3212
    3016 -0.35000000  0.00000000  0.40000000  0.0003    3213
    3017 -0.30000000  0.00000000  0.40000000  0.0003    3214
    3018 -0.25000000  0.00000000  0.40000000  0.0003    3215
    3019 -0.20000000  0.00000000  0.40000000  0.0003    3216
    3020 -0.15000000  0.00000000  0.40000000  0.0003    3217
    3021 -0.10000000  0.00000000  0.40000000  0.0003    3218
    3022 -0.05000000  0.00000000  0.40000000  0.0003    3219
    3023  0.00000000  0.05000000  0.40000000  0.0003    3220
    3024  0.05000000  0.05000000  0.40000000  0.0003    3221
    3025  0.10000000  0.05000000  0.40000000  0.0003    3222
    3026  0.15000000  0.05000000  0.40000000  0.0003    3223
    3027  0.20000000  0.05000000  0.40000000  0.0003    3224
    3028  0.25000000  0.05000000  0.40000000  0.0003    3225
    3029  0.30000000  0.05000000  0.40000000  0.0003    3226
    3030  0.35000000  0.05000000  0.40000000  0.0003    3227
    3031  0.40000000  0.05000000  0.40000000  0.0003    3228
    3032  0.45000000  0.05000000  0.40000000  0.0003    3229
    3033  0.50000000  0.05000000  0.40000000  0.0003    3230
    3034 -0.45000000  0.05000000  0.40000000  0.0003    3231
    3035 -0.40000000  0.05000000  0.40000000  0.0003    3232
    3036 -0.35000000  0.05000000  0.40000000  0.0003    3233
    3037 -0.30000000  0.05000000  0.40000000  0.0003    3234
    3038 -0.25000000  0.05000000  0.40000000  0.0003    3235
    3039 -0.20000000  0.05000000  0.40000000  0.0003    3236
    3040 -0.15000000  0.05000000  0.40000000  0.0003    3237
    3041 -0.10000000  0.05000000  0.40000000  0.0003    3238
    3042 -0.05000000  0.05000000  0.40000000  0.0003    3239
    3043  0.00000000  0.10000000  0.40000000  0.0003    3240
    3044  0.05000000  0.10000000  0.40000000  0.0003    3241
    3045  0.10000000  0.10000000  0.40000000  0.0003    3242
    3046  0.15000000  0.10000000  0.40000000  0.0003    3243
    3047  0.20000000  0.10000000  0.40000000  0.0003    3244
    3048  0.25000000  0.10000000  0.40000000  0.0003    3245
    3049  0.30000000  0.10000000  0.40000000  0.0003    3246
    3050  0.35000000  0.10000000  0.40000000  0.0003    3247
    3051  0.40000000  0.10000000  0.40000000  0.0003    3248
    3052  0.45000000  0.10000000  0.40000000  0.0003    3249
    3053  0.50000000  0.10000000  0.40000000  0.0003    3250
    3054 -0.45000000  0.10000000  0.40000000  0.0003    3251
    3055 -0.40000000  0.10000000  0.40000000  0.0003    3252
    3056 -0.35000000  0.10000000  0.40000000  0.0003    3253
    3057 -0.30000000  0.10000000  0.40000000  0.0003    3254
    3058 -0.25000000  0.10000000  0.40000000  0.0003    3255
    3059 -0.20000000  0.10000000  0.40000000  0.0003    3256
    3060 -0.15000000  0.10000000  0.40000000  0.0003    3257
    3061 -0.10000000  0.10000000  0.40000000  0.0003    3258
    3062 -0.05000000  0.10000000  0.40000000  0.0003    3259
    3063  0.00000000  0.15000000  0.40000000  0.0003    3260
    3064  0.05000000  0.15000000  0.40000000  0.0003    3261
    3065  0.10000000  0.15000000  0.40000000  0.0003    3262
    3066  0.15000000  0.15000000  0.40000000  0.0003    3263
    3067  0.20000000  0.15000000  0.40000000  0.0003    3264
    3068  0.25000000  0.15000000  0.40000000  0.0003    3265
    3069  0.30000000  0.15000000  0.40000000  0.0003    3266
    3070  0.35000000  0.15000000  0.40000000  0.0003    3267
    3071  0.40000000  0.15000000  0.40000000  0.0003    3268
    3072  0.45000000  0.15000000  0.40000000  0.0003    3269
    3073  0.50000000  0.15000000  0.40000000  0.0003    3270
    3074 -0.45000000  0.15000000  0.40000000  0.0003    3271
    3075 -0.40000000  0.15000000  0.40000000  0.0003    3272
    3076 -0.35000000  0.15000000  0.40000000  0.0003    3273
    3077 -0.30000000  0.15000000  0.40000000  0.0003    3274
    3078 -0.25000000  0.15000000  0.40000000  0.0003    3275
    3079 -0.20000000  0.15000000  0.40000000  0.0003    3276
    3080 -0.15000000  0.15000000  0.40000000  0.0003    3277
    3081 -0.10000000  0.15000000  0.40000000  0.0003    3278
    3082 -0.05000000  0.15000000  0.40000000  0.0003    3279
    3083  0.00000000  0.20000000  0.40000000  0.0003    3280
    3084  0.05000000  0.20000000  0.40000000  0.0003    3281
    3085  0.10000000  0.20000000  0.40000000  0.0003    3282
    3086  0.15000000  0.20000000  0.40000000  0.0003    3283
    3087  0.20000000  0.20000000  0.40000000  0.0003    3284
    3088  0.25000000  0.20000000  0.40000000  0.0003    3285
    3089  0.30000000  0.20000000  0.40000000  0.0003    3286
    3090  0.35000000  0.20000000  0.40000000  0.0003    3287
    3091  0.40000000  0.20000000  0.40000000  0.0003    3288
    3092  0.45000000  0.20000000  0.40000000  0.0003    3289
    3093  0.50000000  0.20000000  0.40000000  0.0003    3290
    3094 -0.45000000  0.20000000  0.40000000  0.0003    3291
    3095 -0.40000000  0.20000000  0.40000000  0.0003    3292
    3096 -0.35000000  0.20000000  0.40000000  0.0003    3293
    3097 -0.30000000  0.20000000  0.40000000  0.0003    3294
    3098 -0.25000000  0.20000000  0.40000000  0.0003    3295
    3099 -0.20000000  0.20000000  0.40000000  0.0003    3296
    3100 -0.15000000  0.20000000  0.40000000  0.0003    3297
    3101 -0.10000000  0.20000000  0.40000000  0.0003    3298
    3102 -0.05000000  0.20000000  0.40000000  0.0003    3299
    3103  0.00000000  0.25000000  0.40000000  0.0003    3300
    3104  0.05000000  0.25000000  0.40000000  0.0003    3301
    3105  0.10000000  0.25000000  0.40000000  0.0003    3302
    3106  0.15000000  0.25000000  0.40000000  0.0003    3303
    3107  0.20000000  0.25000000  0.40000000  0.0003    3304
    3108  0.25000000  0.25000000  0.40000000  0.0003    3305
    3109  0.30000000  0.25000000  0.40000000  0.0003    3306
    3110  0.35000000  0.25000000  0.40000000  0.0003    3307
    3111  0.40000000  0.25000000  0.40000000  0.0003    3308
    3112  0.45000000  0.25000000  0.40000000  0.0003    3309
    3113  0.50000000  0.25000000  0.40000000  0.0003    3310
    3114 -0.45000000  0.25000000  0.40000000  0.0003    3311
    3115 -0.40000000  0.25000000  0.40000000  0.0003    3312
    3116 -0.35000000  0.25000000  0.40000000  0.0003    3313
    3117 -0.30000000  0.25000000  0.40000000  0.0003    3314
    3118 -0.25000000  0.25000000  0.40000000  0.0003    3315
    3119 -0.20000000  0.25000000  0.40000000  0.0003    3316
    3120 -0.15000000  0.25000000  0.40000000  0.0003    3317
    3121 -0.10000000  0.25000000  0.40000000  0.0003    3318
    3122 -0.05000000  0.25000000  0.40000000  0.0003    3319
    3123  0.00000000  0.30000000  0.40000000  0.0003    3320
    3124  0.05000000  0.30000000  0.40000000  0.0003    3321
    3125  0.10000000  0.30000000  0.40000000  0.0003    3322
    3126  0.15000000  0.30000000  0.40000000  0.0003    3323
    3127  0.20000000  0.30000000  0.40000000  0.0003    3324
    3128  0.25000000  0.30000000  0.40000000  0.0003    3325
    3129  0.30000000  0.30000000  0.40000000  0.0003    3326
    3130  0.35000000  0.30000000  0.40000000  0.0003    3327
    3131  0.40000000  0.30000000  0.40000000  0.0003    3328
    3132  0.45000000  0.30000000  0.40000000  0.0003    3329
    3133  0.50000000  0.30000000  0.40000000  0.0003    3330
    3134 -0.45000000  0.30000000  0.40000000  0.0003    3331
    3135 -0.40000000  0.30000000  0.40000000  0.0003    3332
    3136 -0.35000000  0.30000000  0.40000000  0.0003    3333
    3137 -0.30000000  0.30000000  0.40000000  0.0003    3334
    3138 -0.25000000  0.30000000  0.40000000  0.0003    3335
    3139 -0.20000000  0.30000000  0.40000000  0.0003    3336
    3140 -0.15000000  0.30000000  0.40000000  0.0003    3337
    3141 -0.10000000  0.30000000  0.40000000  0.0003    3338
    3142 -0.05000000  0.30000000  0.40000000  0.0003    3339
    3143  0.00000000  0.35000000  0.40000000  0.0003    3340
    3144  0.05000000  0.35000000  0.40000000  0.0003    3341
    3145  0.10000000  0.35000000  0.40000000  0.0003    3342
    3146  0.15000000  0.35000000  0.40000000  0.0003    3343
    3147  0.20000000  0.35000000  0.40000000  0.0003    3344
    3148  0.25000000  0.35000000  0.40000000  0.0003    3345
    3149  0.30000000  0.35000000  0.40000000  0.0003    3346
    3150  0.35000000  0.35000000  0.40000000  0.0003    3347
    3151  0.40000000  0.35000000  0.40000000  0.0003    3348
    3152  0.45000000  0.35000000  0.40000000  0.0003    3349
    3153  0.50000000  0.35000000  0.40000000  0.0003    3350
    3154 -0.45000000  0.35000000  0.40000000  0.0003    3351
    3155 -0.40000000  0.35000000  0.40000000  0.0003    3352
    3156 -0.35000000  0.35000000  0.40000000  0.0003    3353
    3157 -0.30000000  0.35000000  0.40000000  0.0003    3354
    3158 -0.25000000  0.35000000  0.40000000  0.0003    3355
    3159 -0.20000000  0.35000000  0.40000000  0.0003    3356
    3160 -0.15000000  0.35000000  0.40000000  0.0003    3357
    3161 -0.10000000  0.35000000  0.40000000  0.0003    3358
    3162 -0.05000000  0.35000000  0.40000000  0.0003    3359
    3163  0.00000000  0.40000000  0.40000000  0.0003    3360
    3164  0.05000000  0.40000000  0.40000000  0.0003    3361
    3165  0.10000000  0.40000000  0.40000000  0.0003    3362
    3166  0.15000000  0.40000000  0.40000000  0.0003    3363
    3167  0.20000000  0.40000000  0.40000000  0.0003    3364
    3168  0.25000000  0.40000000  0.40000000  0.0003    3365
    3169  0.30000000  0.40000000  0.40000000  0.0003    3366
    3170  0.35000000  0.40000000  0.40000000  0.0003    3367
    3171  0.40000000  0.40000000  0.40000000  0.0003    3368
    3172  0.45000000  0.40000000  0.40000000  0.0003    3369
    3173  0.50000000  0.40000000  0.40000000  0.0003    3370
    3174 -0.45000000  0.40000000  0.40000000  0.0003    3371
    3175 -0.40000000  0.40000000  0.40000000  0.0003    3372
    3176 -0.35000000  0.40000000  0.40000000  0.0003    3373
    3177 -0.30000000  0.40000000  0.40000000  0.0003    3374
    3178 -0.25000000  0.40000000  0.40000000  0.0003    3375
    3179 -0.20000000  0.40000000  0.40000000  0.0003    3376
    3180 -0.15000000  0.40000000  0.40000000  0.0003    3377
    3181 -0.10000000  0.40000000  0.40000000  0.0003    3378
    3182 -0.05000000  0.40000000  0.40000000  0.0003    3379
    3183  0.00000000  0.45000000  0.40000000  0.0003    3380
    3184  0.05000000  0.45000000  0.40000000  0.0003    3381
    3185  0.10000000  0.45000000  0.40000000  0.0003    3382
    3186  0.15000000  0.45000000  0.40000000  0.0003    3383
    3187  0.20000000  0.45000000  0.40000000  0.0003    3384
    3188  0.25000000  0.45000000  0.40000000  0.0003    3385
    3189  0.30000000  0.45000000  0.40000000  0.0003    3386
    3190  0.35000000  0.45000000  0.40000000  0.0003    3387
    3191  0.40000000  0.45000000  0.40000000  0.0003    3388
    3192  0.45000000  0.45000000  0.40000000  0.0003    3389
    3193  0.50000000  0.45000000  0.40000000  0.0003    3390
    3194 -0.45000000  0.45000000  0.40000000  0.0003    3391
    3195 -0.40000000  0.45000000  0.40000000  0.0003    3392
    3196 -0.35000000  0.45000000  0.40000000  0.0003    3393
    3197 -0.30000000  0.45000000  0.40000000  0.0003    3394
    3198 -0.25000000  0.45000000  0.40000000  0.0003    3395
    3199 -0.20000000  0.45000000  0.40000000  0.0003    3396
    3200 -0.15000000  0.45000000  0.40000000  0.0003    3397
    3201 -0.10000000  0.45000000  0.40000000  0.0003    3398
    3202 -0.05000000  0.45000000  0.40000000  0.0003    3399
    3203  0.00000000  0.50000000  0.40000000  0.0003    3400
    3204  0.05000000  0.50000000  0.40000000  0.0003    3401
    3205  0.10000000  0.50000000  0.40000000  0.0003    3402
    3206  0.15000000  0.50000000  0.40000000  0.0003    3403
    3207  0.20000000  0.50000000  0.40000000  0.0003    3404
    3208  0.25000000  0.50000000  0.40000000  0.0003    3405
    3209  0.30000000  0.50000000  0.40000000  0.0003    3406
    3210  0.35000000  0.50000000  0.40000000  0.0003    3407
    3211  0.40000000  0.50000000  0.40000000  0.0003    3408
    3212  0.45000000  0.50000000  0.40000000  0.0003    3409
    3213  0.50000000  0.50000000  0.40000000  0.0003    3410
    3214  0.45000000  0.50000000 -0.40000000  0.0003    3411
    3215 -0.40000000  0.50000000  0.40000000  0.0003    3412
    3216 -0.35000000  0.50000000  0.40000000  0.0003    3413
    3217 -0.30000000  0.50000000  0.40000000  0.0003    3414
    3218 -0.25000000  0.50000000  0.40000000  0.0003    3415
    3219 -0.20000000  0.50000000  0.40000000  0.0003    3416
    3220 -0.15000000  0.50000000  0.40000000  0.0003    3417
    3221 -0.10000000  0.50000000  0.40000000  0.0003    3418
    3222 -0.05000000  0.50000000  0.40000000  0.0003    3419
    3223  0.00000000  0.45000000 -0.40000000  0.0003    3420
    3224  0.05000000 -0.45000000  0.40000000  0.0003    3421
    3225  0.10000000 -0.45000000  0.40000000  0.0003    3422
    3226  0.15000000 -0.45000000  0.40000000  0.0003    3423
    3227  0.20000000 -0.45000000  0.40000000  0.0003    3424
    3228  0.25000000 -0.45000000  0.40000000  0.0003    3425
    3229  0.30000000 -0.45000000  0.40000000  0.0003    3426
    3230  0.35000000 -0.45000000  0.40000000  0.0003    3427
    3231  0.40000000 -0.45000000  0.40000000  0.0003    3428
    3232  0.45000000 -0.45000000  0.40000000  0.0003    3429
    3233  0.50000000  0.45000000 -0.40000000  0.0003    3430
    3234  0.45000000  0.45000000 -0.40000000  0.0003    3431
    3235  0.40000000  0.45000000 -0.40000000  0.0003    3432
    3236  0.35000000  0.45000000 -0.40000000  0.0003    3433
    3237  0.30000000  0.45000000 -0.40000000  0.0003    3434
    3238  0.25000000  0.45000000 -0.40000000  0.0003    3435
    3239  0.20000000  0.45000000 -0.40000000  0.0003    3436
    3240  0.15000000  0.45000000 -0.40000000  0.0003    3437
    3241  0.10000000  0.45000000 -0.40000000  0.0003    3438
    3242  0.05000000  0.45000000 -0.40000000  0.0003    3439
    3243  0.00000000 -0.40000000  0.40000000  0.0003    3440
    3244  0.05000000 -0.40000000  0.40000000  0.0003    3441
    3245  0.10000000 -0.40000000  0.40000000  0.0003    3442
    3246  0.15000000 -0.40000000  0.40000000  0.0003    3443
    3247  0.20000000 -0.40000000  0.40000000  0.0003    3444
    3248  0.25000000 -0.40000000  0.40000000  0.0003    3445
    3249  0.30000000 -0.40000000  0.40000000  0.0003    3446
    3250  0.35000000 -0.40000000  0.40000000  0.0003    3447
    3251  0.40000000 -0.40000000  0.40000000  0.0003    3448
    3252  0.45000000 -0.40000000  0.40000000  0.0003    3449
    3253  0.50000000 -0.40000000  0.40000000  0.0003    3450
    3254  0.45000000  0.40000000 -0.40000000  0.0003    3451
    3255  0.40000000  0.40000000 -0.40000000  0.0003    3452
    3256  0.35000000  0.40000000 -0.40000000  0.0003    3453
    3257  0.30000000  0.40000000 -0.40000000  0.0003    3454
    3258  0.25000000  0.40000000 -0.40000000  0.0003    3455
    3259  0.20000000  0.40000000 -0.40000000  0.0003    3456
    3260  0.15000000  0.40000000 -0.40000000  0.0003    3457
    3261  0.10000000  0.40000000 -0.40000000  0.0003    3458
    3262  0.05000000  0.40000000 -0.40000000  0.0003    3459
    3263  0.00000000 -0.35000000  0.40000000  0.0003    3460
    3264  0.05000000 -0.35000000  0.40000000  0.0003    3461
    3265  0.10000000 -0.35000000  0.40000000  0.0003    3462
    3266  0.15000000 -0.35000000  0.40000000  0.0003    3463
    3267  0.20000000 -0.35000000  0.40000000  0.0003    3464
    3268  0.25000000 -0.35000000  0.40000000  0.0003    3465
    3269  0.30000000 -0.35000000  0.40000000  0.0003    3466
    3270  0.35000000 -0.35000000  0.40000000  0.0003    3467
    3271  0.40000000 -0.35000000  0.40000000  0.0003    3468
    3272  0.45000000 -0.35000000  0.40000000  0.0003    3469
    3273  0.50000000 -0.35000000  0.40000000  0.0003    3470
    3274  0.45000000  0.35000000 -0.40000000  0.0003    3471
    3275  0.40000000  0.35000000 -0.40000000  0.0003    3472
    3276  0.35000000  0.35000000 -0.40000000  0.0003    3473
    3277  0.30000000  0.35000000 -0.40000000  0.0003    3474
    3278  0.25000000  0.35000000 -0.40000000  0.0003    3475
    3279  0.20000000  0.35000000 -0.40000000  0.0003    3476
    3280  0.15000000  0.35000000 -0.40000000  0.0003    3477
    3281  0.10000000  0.35000000 -0.40000000  0.0003    3478
    3282 -0.05000000 -0.35000000  0.40000000  0.0003    3479
    3283  0.00000000 -0.30000000  0.40000000  0.0003    3480
    3284  0.05000000 -0.30000000  0.40000000  0.0003    3481
    3285  0.10000000 -0.30000000  0.40000000  0.0003    3482
    3286  0.15000000 -0.30000000  0.40000000  0.0003    3483
    3287  0.20000000 -0.30000000  0.40000000  0.0003    3484
    3288  0.25000000 -0.30000000  0.40000000  0.0003    3485
    3289  0.30000000 -0.30000000  0.40000000  0.0003    3486
    3290  0.35000000 -0.30000000  0.40000000  0.0003    3487
    3291  0.40000000 -0.30000000  0.40000000  0.0003    3488
    3292  0.45000000 -0.30000000  0.40000000  0.0003    3489
    3293  0.50000000 -0.30000000  0.40000000  0.0003    3490
    3294  0.45000000  0.30000000 -0.40000000  0.0003    3491
    3295  0.40000000  0.30000000 -0.40000000  0.0003    3492
    3296  0.35000000  0.30000000 -0.40000000  0.0003    3493
    3297  0.30000000  0.30000000 -0.40000000  0.0003    3494
    3298  0.25000000  0.30000000 -0.40000000  0.0003    3495
    3299  0.20000000  0.30000000 -0.40000000  0.0003    3496
    3300  0.15000000  0.30000000 -0.40000000  0.0003    3497
    3301 -0.10000000 -0.30000000  0.40000000  0.0003    3498
    3302 -0.05000000 -0.30000000  0.40000000  0.0003    3499
    3303  0.00000000 -0.25000000  0.40000000  0.0003    3500
    3304  0.05000000 -0.25000000  0.40000000  0.0003    3501
    3305  0.10000000 -0.25000000  0.40000000  0.0003    3502
    3306  0.15000000 -0.25000000  0.40000000  0.0003    3503
    3307  0.20000000 -0.25000000  0.40000000  0.0003    3504
    3308  0.25000000 -0.25000000  0.40000000  0.0003    3505
    3309  0.30000000 -0.25000000  0.40000000  0.0003    3506
    3310  0.35000000 -0.25000000  0.40000000  0.0003    3507
    3311  0.40000000 -0.25000000  0.40000000  0.0003    3508
    3312  0.45000000 -0.25000000  0.40000000  0.0003    3509
    3313  0.50000000 -0.25000000  0.40000000  0.0003    3510
    3314  0.45000000  0.25000000 -0.40000000  0.0003    3511
    3315  0.40000000  0.25000000 -0.40000000  0.0003    3512
    3316  0.35000000  0.25000000 -0.40000000  0.0003    3513
    3317  0.30000000  0.25000000 -0.40000000  0.0003    3514
    3318  0.25000000  0.25000000 -0.40000000  0.0003    3515
    3319  0.20000000  0.25000000 -0.40000000  0.0003    3516
    3320 -0.15000000 -0.25000000  0.40000000  0.0003    3517
    3321 -0.10000000 -0.25000000  0.40000000  0.0003    3518
    3322 -0.05000000 -0.25000000  0.40000000  0.0003    3519
    3323  0.00000000 -0.20000000  0.40000000  0.0003    3520
    3324  0.05000000 -0.20000000  0.40000000  0.0003    3521
    3325  0.10000000 -0.20000000  0.40000000  0.0003    3522
    3326  0.15000000 -0.20000000  0.40000000  0.0003    3523
    3327  0.20000000 -0.20000000  0.40000000  0.0003    3524
    3328  0.25000000 -0.20000000  0.40000000  0.0003    3525
    3329  0.30000000 -0.20000000  0.40000000  0.0003    3526
    3330  0.35000000 -0.20000000  0.40000000  0.0003    3527
    3331  0.40000000 -0.20000000  0.40000000  0.0003    3528
    3332  0.45000000 -0.20000000  0.40000000  0.0003    3529
    3333  0.50000000 -0.20000000  0.40000000  0.0003    3530
    3334  0.45000000  0.20000000 -0.40000000  0.0003    3531
    3335  0.40000000  0.20000000 -0.40000000  0.0003    3532
    3336  0.35000000  0.20000000 -0.40000000  0.0003    3533
    3337  0.30000000  0.20000000 -0.40000000  0.0003    3534
    3338  0.25000000  0.20000000 -0.40000000  0.0003    3535
    3339 -0.20000000 -0.20000000  0.40000000  0.0003    3536
    3340 -0.15000000 -0.20000000  0.40000000  0.0003    3537
    3341 -0.10000000 -0.20000000  0.40000000  0.0003    3538
    3342 -0.05000000 -0.20000000  0.40000000  0.0003    3539
    3343  0.00000000 -0.15000000  0.40000000  0.0003    3540
    3344  0.05000000 -0.15000000  0.40000000  0.0003    3541
    3345  0.10000000 -0.15000000  0.40000000  0.0003    3542
    3346  0.15000000 -0.15000000  0.40000000  0.0003    3543
    3347  0.20000000 -0.15000000  0.40000000  0.0003    3544
    3348  0.25000000 -0.15000000  0.40000000  0.0003    3545
    3349  0.30000000 -0.15000000  0.40000000  0.0003    3546
    3350  0.35000000 -0.15000000  0.40000000  0.0003    3547
    3351  0.40000000 -0.15000000  0.40000000  0.0003    3548
    3352  0.45000000 -0.15000000  0.40000000  0.0003    3549
    3353  0.50000000 -0.15000000  0.40000000  0.0003    3550
    3354  0.45000000  0.15000000 -0.40000000  0.0003    3551
    3355  0.40000000  0.15000000 -0.40000000  0.0003    3552
    3356  0.35000000  0.15000000 -0.40000000  0.0003    3553
    3357  0.30000000  0.15000000 -0.40000000  0.0003    3554
    3358 -0.25000000 -0.15000000  0.40000000  0.0003    3555
    3359 -0.20000000 -0.15000000  0.40000000  0.0003    3556
    3360 -0.15000000 -0.15000000  0.40000000  0.0003    3557
    3361 -0.10000000 -0.15000000  0.40000000  0.0003    3558
    3362 -0.05000000 -0.15000000  0.40000000  0.0003    3559
    3363  0.00000000 -0.10000000  0.40000000  0.0003    3560
    3364  0.05000000 -0.10000000  0.40000000  0.0003    3561
    3365  0.10000000 -0.10000000  0.40000000  0.0003    3562
    3366  0.15000000 -0.10000000  0.40000000  0.0003    3563
    3367  0.20000000 -0.10000000  0.40000000  0.0003    3564
    3368  0.25000000 -0.10000000  0.40000000  0.0003    3565
    3369  0.30000000 -0.10000000  0.40000000  0.0003    3566
    3370  0.35000000 -0.10000000  0.40000000  0.0003    3567
    3371  0.40000000 -0.10000000  0.40000000  0.0003    3568
    3372  0.45000000 -0.10000000  0.40000000  0.0003    3569
    3373  0.50000000 -0.10000000  0.40000000  0.0003    3570
    3374  0.45000000  0.10000000 -0.40000000  0.0003    3571
    3375  0.40000000  0.10000000 -0.40000000  0.0003    3572
    3376  0.35000000  0.10000000 -0.40000000  0.0003    3573
    3377 -0.30000000 -0.10000000  0.40000000  0.0003    3574
    3378 -0.25000000 -0.10000000  0.40000000  0.0003    3575
    3379 -0.20000000 -0.10000000  0.40000000  0.0003    3576
    3380 -0.15000000 -0.10000000  0.40000000  0.0003    3577
    3381 -0.10000000 -0.10000000  0.40000000  0.0003    3578
    3382 -0.05000000 -0.10000000  0.40000000  0.0003    3579
    3383  0.00000000 -0.05000000  0.40000000  0.0003    3580
    3384  0.05000000 -0.05000000  0.40000000  0.0003    3581
    3385  0.10000000 -0.05000000  0.40000000  0.0003    3582
    3386  0.15000000 -0.05000000  0.40000000  0.0003    3583
    3387  0.20000000 -0.05000000  0.40000000  0.0003    3584
    3388  0.25000000 -0.05000000  0.40000000  0.0003    3585
    3389  0.30000000 -0.05000000  0.40000000  0.0003    3586
    3390  0.35000000 -0.05000000  0.40000000  0.0003    3587
    3391  0.40000000 -0.05000000  0.40000000  0.0003    3588
    3392  0.45000000 -0.05000000  0.40000000  0.0003    3589
    3393  0.50000000 -0.05000000  0.40000000  0.0003    3590
    3394  0.45000000  0.05000000 -0.40000000  0.0003    3591
    3395  0.40000000  0.05000000 -0.40000000  0.0003    3592
    3396 -0.35000000 -0.05000000  0.40000000  0.0003    3593
    3397 -0.30000000 -0.05000000  0.40000000  0.0003    3594
    3398 -0.25000000 -0.05000000  0.40000000  0.0003    3595
    3399 -0.20000000 -0.05000000  0.40000000  0.0003    3596
    3400 -0.15000000 -0.05000000  0.40000000  0.0003    3597
    3401 -0.10000000 -0.05000000  0.40000000  0.0003    3598
    3402 -0.05000000 -0.05000000  0.40000000  0.0003    3599
    3403  0.00000000  0.00000000  0.45000000  0.0003    3600
    3404  0.05000000  0.00000000  0.45000000  0.0003    3601
    3405  0.10000000  0.00000000  0.45000000  0.0003    3602
    3406  0.15000000  0.00000000  0.45000000  0.0003    3603
    3407  0.20000000  0.00000000  0.45000000  0.0003    3604
    3408  0.25000000  0.00000000  0.45000000  0.0003    3605
    3409  0.30000000  0.00000000  0.45000000  0.0003    3606
    3410  0.35000000  0.00000000  0.45000000  0.0003    3607
    3411  0.40000000  0.00000000  0.45000000  0.0003    3608
    3412  0.45000000  0.00000000  0.45000000  0.0003    3609
    3413  0.50000000  0.00000000  0.45000000  0.0003    3610
    3414 -0.45000000  0.00000000  0.45000000  0.0003    3611
    3415 -0.40000000  0.00000000  0.45000000  0.0003    3612
    3416 -0.35000000  0.00000000  0.45000000  0.0003    3613
    3417 -0.30000000  0.00000000  0.45000000  0.0003    3614
    3418 -0.25000000  0.00000000  0.45000000  0.0003    3615
    3419 -0.20000000  0.00000000  0.45000000  0.0003    3616
    3420 -0.15000000  0.00000000  0.45000000  0.0003    3617
    3421 -0.10000000  0.00000000  0.45000000  0.0003    3618
    3422 -0.05000000  0.00000000  0.45000000  0.0003    3619
    3423  0.00000000  0.05000000  0.45000000  0.0003    3620
    3424  0.05000000  0.05000000  0.45000000  0.0003    3621
    3425  0.10000000  0.05000000  0.45000000  0.0003    3622
    3426  0.15000000  0.05000000  0.45000000  0.0003    3623
    3427  0.20000000  0.05000000  0.45000000  0.0003    3624
    3428  0.25000000  0.05000000  0.45000000  0.0003    3625
    3429  0.30000000  0.05000000  0.45000000  0.0003    3626
    3430  0.35000000  0.05000000  0.45000000  0.0003    3627
    3431  0.40000000  0.05000000  0.45000000  0.0003    3628
    3432  0.45000000  0.05000000  0.45000000  0.0003    3629
    3433  0.50000000  0.05000000  0.45000000  0.0003    3630
    3434 -0.45000000  0.05000000  0.45000000  0.0003    3631
    3435 -0.40000000  0.05000000  0.45000000  0.0003    3632
    3436 -0.35000000  0.05000000  0.45000000  0.0003    3633
    3437 -0.30000000  0.05000000  0.45000000  0.0003    3634
    3438 -0.25000000  0.05000000  0.45000000  0.0003    3635
    3439 -0.20000000  0.05000000  0.45000000  0.0003    3636
    3440 -0.15000000  0.05000000  0.45000000  0.0003    3637
    3441 -0.10000000  0.05000000  0.45000000  0.0003    3638
    3442 -0.05000000  0.05000000  0.45000000  0.0003    3639
    3443  0.00000000  0.10000000  0.45000000  0.0003    3640
    3444  0.05000000  0.10000000  0.45000000  0.0003    3641
    3445  0.10000000  0.10000000  0.45000000  0.0003    3642
    3446  0.15000000  0.10000000  0.45000000  0.0003    3643
    3447  0.20000000  0.10000000  0.45000000  0.0003    3644
    3448  0.25000000  0.10000000  0.45000000  0.0003    3645
    3449  0.30000000  0.10000000  0.45000000  0.0003    3646
    3450  0.35000000  0.10000000  0.45000000  0.0003    3647
    3451  0.40000000  0.10000000  0.45000000  0.0003    3648
    3452  0.45000000  0.10000000  0.45000000  0.0003    3649
    3453  0.50000000  0.10000000  0.45000000  0.0003    3650
    3454 -0.45000000  0.10000000  0.45000000  0.0003    3651
    3455 -0.40000000  0.10000000  0.45000000  0.0003    3652
    3456 -0.35000000  0.10000000  0.45000000  0.0003    3653
    3457 -0.30000000  0.10000000  0.45000000  0.0003    3654
    3458 -0.25000000  0.10000000  0.45000000  0.0003    3655
    3459 -0.20000000  0.10000000  0.45000000  0.0003    3656
    3460 -0.15000000  0.10000000  0.45000000  0.0003    3657
    3461 -0.10000000  0.10000000  0.45000000  0.0003    3658
    3462 -0.05000000  0.10000000  0.45000000  0.0003    3659
    3463  0.00000000  0.15000000  0.45000000  0.0003    3660
    3464  0.05000000  0.15000000  0.45000000  0.0003    3661
    3465  0.10000000  0.15000000  0.45000000  0.0003    3662
    3466  0.15000000  0.15000000  0.45000000  0.0003    3663
    3467  0.20000000  0.15000000  0.45000000  0.0003    3664
    3468  0.25000000  0.15000000  0.45000000  0.0003    3665
    3469  0.30000000  0.15000000  0.45000000  0.0003    3666
    3470  0.35000000  0.15000000  0.45000000  0.0003    3667
    3471  0.40000000  0.15000000  0.45000000  0.0003    3668
    3472  0.45000000  0.15000000  0.45000000  0.0003    3669
    3473  0.50000000  0.15000000  0.45000000  0.0003    3670
    3474 -0.45000000  0.15000000  0.45000000  0.0003    3671
    3475 -0.40000000  0.15000000  0.45000000  0.0003    3672
    3476 -0.35000000  0.15000000  0.45000000  0.0003    3673
    3477 -0.30000000  0.15000000  0.45000000  0.0003    3674
    3478 -0.25000000  0.15000000  0.45000000  0.0003    3675
    3479 -0.20000000  0.15000000  0.45000000  0.0003    3676
    3480 -0.15000000  0.15000000  0.45000000  0.0003    3677
    3481 -0.10000000  0.15000000  0.45000000  0.0003    3678
    3482 -0.05000000  0.15000000  0.45000000  0.0003    3679
    3483  0.00000000  0.20000000  0.45000000  0.0003    3680
    3484  0.05000000  0.20000000  0.45000000  0.0003    3681
    3485  0.10000000  0.20000000  0.45000000  0.0003    3682
    3486  0.15000000  0.20000000  0.45000000  0.0003    3683
    3487  0.20000000  0.20000000  0.45000000  0.0003    3684
    3488  0.25000000  0.20000000  0.45000000  0.0003    3685
    3489  0.30000000  0.20000000  0.45000000  0.0003    3686
    3490  0.35000000  0.20000000  0.45000000  0.0003    3687
    3491  0.40000000  0.20000000  0.45000000  0.0003    3688
    3492  0.45000000  0.20000000  0.45000000  0.0003    3689
    3493  0.50000000  0.20000000  0.45000000  0.0003    3690
    3494 -0.45000000  0.20000000  0.45000000  0.0003    3691
    3495 -0.40000000  0.20000000  0.45000000  0.0003    3692
    3496 -0.35000000  0.20000000  0.45000000  0.0003    3693
    3497 -0.30000000  0.20000000  0.45000000  0.0003    3694
    3498 -0.25000000  0.20000000  0.45000000  0.0003    3695
    3499 -0.20000000  0.20000000  0.45000000  0.0003    3696
    3500 -0.15000000  0.20000000  0.45000000  0.0003    3697
    3501 -0.10000000  0.20000000  0.45000000  0.0003    3698
    3502 -0.05000000  0.20000000  0.45000000  0.0003    3699
    3503  0.00000000  0.25000000  0.45000000  0.0003    3700
    3504  0.05000000  0.25000000  0.45000000  0.0003    3701
    3505  0.10000000  0.25000000  0.45000000  0.0003    3702
    3506  0.15000000  0.25000000  0.45000000  0.0003    3703
    3507  0.20000000  0.25000000  0.45000000  0.0003    3704
    3508  0.25000000  0.25000000  0.45000000  0.0003    3705
    3509  0.30000000  0.25000000  0.45000000  0.0003    3706
    3510  0.35000000  0.25000000  0.45000000  0.0003    3707
    3511  0.40000000  0.25000000  0.45000000  0.0003    3708
    3512  0.45000000  0.25000000  0.45000000  0.0003    3709
    3513  0.50000000  0.25000000  0.45000000  0.0003    3710
    3514 -0.45000000  0.25000000  0.45000000  0.0003    3711
    3515 -0.40000000  0.25000000  0.45000000  0.0003    3712
    3516 -0.35000000  0.25000000  0.45000000  0.0003    3713
    3517 -0.30000000  0.25000000  0.45000000  0.0003    3714
    3518 -0.25000000  0.25000000  0.45000000  0.0003    3715
    3519 -0.20000000  0.25000000  0.45000000  0.0003    3716
    3520 -0.15000000  0.25000000  0.45000000  0.0003    3717
    3521 -0.10000000  0.25000000  0.45000000  0.0003    3718
    3522 -0.05000000  0.25000000  0.45000000  0.0003    3719
    3523  0.00000000  0.30000000  0.45000000  0.0003    3720
    3524  0.05000000  0.30000000  0.45000000  0.0003    3721
    3525  0.10000000  0.30000000  0.45000000  0.0003    3722
    3526  0.15000000  0.30000000  0.45000000  0.0003    3723
    3527  0.20000000  0.30000000  0.45000000  0.0003    3724
    3528  0.25000000  0.30000000  0.45000000  0.0003    3725
    3529  0.30000000  0.30000000  0.45000000  0.0003    3726
    3530  0.35000000  0.30000000  0.45000000  0.0003    3727
    3531  0.40000000  0.30000000  0.45000000  0.0003    3728
    3532  0.45000000  0.30000000  0.45000000  0.0003    3729
    3533  0.50000000  0.30000000  0.45000000  0.0003    3730
    3534 -0.45000000  0.30000000  0.45000000  0.0003    3731
    3535 -0.40000000  0.30000000  0.45000000  0.0003    3732
    3536 -0.35000000  0.30000000  0.45000000  0.0003    3733
    3537 -0.30000000  0.30000000  0.45000000  0.0003    3734
    3538 -0.25000000  0.30000000  0.45000000  0.0003    3735
    3539 -0.20000000  0.30000000  0.45000000  0.0003    3736
    3540 -0.15000000  0.30000000  0.45000000  0.0003    3737
    3541 -0.10000000  0.30000000  0.45000000  0.0003    3738
    3542 -0.05000000  0.30000000  0.45000000  0.0003    3739
    3543  0.00000000  0.35000000  0.45000000  0.0003    3740
    3544  0.05000000  0.35000000  0.45000000  0.0003    3741
    3545  0.10000000  0.35000000  0.45000000  0.0003    3742
    3546  0.15000000  0.35000000  0.45000000  0.0003    3743
    3547  0.20000000  0.35000000  0.45000000  0.0003    3744
    3548  0.25000000  0.35000000  0.45000000  0.0003    3745
    3549  0.30000000  0.35000000  0.45000000  0.0003    3746
    3550  0.35000000  0.35000000  0.45000000  0.0003    3747
    3551  0.40000000  0.35000000  0.45000000  0.0003    3748
    3552  0.45000000  0.35000000  0.45000000  0.0003    3749
    3553  0.50000000  0.35000000  0.45000000  0.0003    3750
    3554 -0.45000000  0.35000000  0.45000000  0.0003    3751
    3555 -0.40000000  0.35000000  0.45000000  0.0003    3752
    3556 -0.35000000  0.35000000  0.45000000  0.0003    3753
    3557 -0.30000000  0.35000000  0.45000000  0.0003    3754
    3558 -0.25000000  0.35000000  0.45000000  0.0003    3755
    3559 -0.20000000  0.35000000  0.45000000  0.0003    3756
    3560 -0.15000000  0.35000000  0.45000000  0.0003    3757
    3561 -0.10000000  0.35000000  0.45000000  0.0003    3758
    3562 -0.05000000  0.35000000  0.45000000  0.0003    3759
    3563  0.00000000  0.40000000  0.45000000  0.0003    3760
    3564  0.05000000  0.40000000  0.45000000  0.0003    3761
    3565  0.10000000  0.40000000  0.45000000  0.0003    3762
    3566  0.15000000  0.40000000  0.45000000  0.0003    3763
    3567  0.20000000  0.40000000  0.45000000  0.0003    3764
    3568  0.25000000  0.40000000  0.45000000  0.0003    3765
    3569  0.30000000  0.40000000  0.45000000  0.0003    3766
    3570  0.35000000  0.40000000  0.45000000  0.0003    3767
    3571  0.40000000  0.40000000  0.45000000  0.0003    3768
    3572  0.45000000  0.40000000  0.45000000  0.0003    3769
    3573  0.50000000  0.40000000  0.45000000  0.0003    3770
    3574 -0.45000000  0.40000000  0.45000000  0.0003    3771
    3575 -0.40000000  0.40000000  0.45000000  0.0003    3772
    3576 -0.35000000  0.40000000  0.45000000  0.0003    3773
    3577 -0.30000000  0.40000000  0.45000000  0.0003    3774
    3578 -0.25000000  0.40000000  0.45000000  0.0003    3775
    3579 -0.20000000  0.40000000  0.45000000  0.0003    3776
    3580 -0.15000000  0.40000000  0.45000000  0.0003    3777
    3581 -0.10000000  0.40000000  0.45000000  0.0003    3778
    3582 -0.05000000  0.40000000  0.45000000  0.0003    3779
    3583  0.00000000  0.45000000  0.45000000  0.0003    3780
    3584  0.05000000  0.45000000  0.45000000  0.0003    3781
    3585  0.10000000  0.45000000  0.45000000  0.0003    3782
    3586  0.15000000  0.45000000  0.45000000  0.0003    3783
    3587  0.20000000  0.45000000  0.45000000  0.0003    3784
    3588  0.25000000  0.45000000  0.45000000  0.0003    3785
    3589  0.30000000  0.45000000  0.45000000  0.0003    3786
    3590  0.35000000  0.45000000  0.45000000  0.0003    3787
    3591  0.40000000  0.45000000  0.45000000  0.0003    3788
    3592  0.45000000  0.45000000  0.45000000  0.0003    3789
    3593  0.50000000  0.45000000  0.45000000  0.0003    3790
    3594 -0.45000000  0.45000000  0.45000000  0.0003    3791
    3595 -0.40000000  0.45000000  0.45000000  0.0003    3792
    3596 -0.35000000  0.45000000  0.45000000  0.0003    3793
    3597 -0.30000000  0.45000000  0.45000000  0.0003    3794
    3598 -0.25000000  0.45000000  0.45000000  0.0003    3795
    3599 -0.20000000  0.45000000  0.45000000  0.0003    3796
    3600 -0.15000000  0.45000000  0.45000000  0.0003    3797
    3601 -0.10000000  0.45000000  0.45000000  0.0003    3798
    3602 -0.05000000  0.45000000  0.45000000  0.0003    3799
    3603  0.00000000  0.50000000  0.45000000  0.0003    3800
    3604  0.05000000  0.50000000  0.45000000  0.0003    3801
    3605  0.10000000  0.50000000  0.45000000  0.0003    3802
    3606  0.15000000  0.50000000  0.45000000  0.0003    3803
    3607  0.20000000  0.50000000  0.45000000  0.0003    3804
    3608  0.25000000  0.50000000  0.45000000  0.0003    3805
    3609  0.30000000  0.50000000  0.45000000  0.0003    3806
    3610  0.35000000  0.50000000  0.45000000  0.0003    3807
    3611  0.40000000  0.50000000  0.45000000  0.0003    3808
    3612  0.45000000  0.50000000  0.45000000  0.0003    3809
    3613  0.50000000  0.50000000  0.45000000  0.0003    3810
    3614 -0.45000000  0.50000000  0.45000000  0.0003    3811
    3615 -0.40000000  0.50000000  0.45000000  0.0003    3812
    3616 -0.35000000  0.50000000  0.45000000  0.0003    3813
    3617 -0.30000000  0.50000000  0.45000000  0.0003    3814
    3618 -0.25000000  0.50000000  0.45000000  0.0003    3815
    3619 -0.20000000  0.50000000  0.45000000  0.0003    3816
    3620 -0.15000000  0.50000000  0.45000000  0.0003    3817
    3621 -0.10000000  0.50000000  0.45000000  0.0003    3818
    3622 -0.05000000  0.50000000  0.45000000  0.0003    3819
    3623  0.00000000 -0.45000000  0.45000000  0.0003    3820
    3624  0.05000000 -0.45000000  0.45000000  0.0003    3821
    3625  0.10000000 -0.45000000  0.45000000  0.0003    3822
    3626  0.15000000 -0.45000000  0.45000000  0.0003    3823
    3627  0.20000000 -0.45000000  0.45000000  0.0003    3824
    3628  0.25000000 -0.45000000  0.45000000  0.0003    3825
    3629  0.30000000 -0.45000000  0.45000000  0.0003    3826
    3630  0.35000000 -0.45000000  0.45000000  0.0003    3827
    3631  0.40000000 -0.45000000  0.45000000  0.0003    3828
    3632  0.45000000 -0.45000000  0.45000000  0.0003    3829
    3633  0.50000000 -0.45000000  0.45000000  0.0003    3830
    3634  0.45000000  0.45000000 -0.45000000  0.0003    3831
    3635  0.40000000  0.45000000 -0.45000000  0.0003    3832
    3636  0.35000000  0.45000000 -0.45000000  0.0003    3833
    3637  0.30000000  0.45000000 -0.45000000  0.0003    3834
    3638  0.25000000  0.45000000 -0.45000000  0.0003    3835
    3639  0.20000000  0.45000000 -0.45000000  0.0003    3836
    3640  0.15000000  0.45000000 -0.45000000  0.0003    3837
    3641  0.10000000  0.45000000 -0.45000000  0.0003    3838
    3642  0.05000000  0.45000000 -0.45000000  0.0003    3839
    3643  0.00000000 -0.40000000  0.45000000  0.0003    3840
    3644  0.05000000 -0.40000000  0.45000000  0.0003    3841
    3645  0.10000000 -0.40000000  0.45000000  0.0003    3842
    3646  0.15000000 -0.40000000  0.45000000  0.0003    3843
    3647  0.20000000 -0.40000000  0.45000000  0.0003    3844
    3648  0.25000000 -0.40000000  0.45000000  0.0003    3845
    3649  0.30000000 -0.40000000  0.45000000  0.0003    3846
    3650  0.35000000 -0.40000000  0.45000000  0.0003    3847
    3651  0.40000000 -0.40000000  0.45000000  0.0003    3848
    3652  0.45000000 -0.40000000  0.45000000  0.0003    3849
    3653  0.50000000 -0.40000000  0.45000000  0.0003    3850
    3654  0.45000000  0.40000000 -0.45000000  0.0003    3851
    3655  0.40000000  0.40000000 -0.45000000  0.0003    3852
    3656  0.35000000  0.40000000 -0.45000000  0.0003    3853
    3657  0.30000000  0.40000000 -0.45000000  0.0003    3854
    3658  0.25000000  0.40000000 -0.45000000  0.0003    3855
    3659  0.20000000  0.40000000 -0.45000000  0.0003    3856
    3660  0.15000000  0.40000000 -0.45000000  0.0003    3857
    3661  0.10000000  0.40000000 -0.45000000  0.0003    3858
    3662 -0.05000000 -0.40000000  0.45000000  0.0003    3859
    3663  0.00000000 -0.35000000  0.45000000  0.0003    3860
    3664  0.05000000 -0.35000000  0.45000000  0.0003    3861
    3665  0.10000000 -0.35000000  0.45000000  0.0003    3862
    3666  0.15000000 -0.35000000  0.45000000  0.0003    3863
    3667  0.20000000 -0.35000000  0.45000000  0.0003    3864
    3668  0.25000000 -0.35000000  0.45000000  0.0003    3865
    3669  0.30000000 -0.35000000  0.45000000  0.0003    3866
    3670  0.35000000 -0.35000000  0.45000000  0.0003    3867
    3671  0.40000000 -0.35000000  0.45000000  0.0003    3868
    3672  0.45000000 -0.35000000  0.45000000  0.0003    3869
    3673  0.50000000 -0.35000000  0.45000000  0.0003    3870
    3674  0.45000000  0.35000000 -0.45000000  0.0003    3871
    3675  0.40000000  0.35000000 -0.45000000  0.0003    3872
    3676  0.35000000  0.35000000 -0.45000000  0.0003    3873
    3677  0.30000000  0.35000000 -0.45000000  0.0003    3874
    3678  0.25000000  0.35000000 -0.45000000  0.0003    3875
    3679  0.20000000  0.35000000 -0.45000000  0.0003    3876
    3680  0.15000000  0.35000000 -0.45000000  0.0003    3877
    3681 -0.10000000 -0.35000000  0.45000000  0.0003    3878
    3682 -0.05000000 -0.35000000  0.45000000  0.0003    3879
    3683  0.00000000 -0.30000000  0.45000000  0.0003    3880
    3684  0.05000000 -0.30000000  0.45000000  0.0003    3881
    3685  0.10000000 -0.30000000  0.45000000  0.0003    3882
    3686  0.15000000 -0.30000000  0.45000000  0.0003    3883
    3687  0.20000000 -0.30000000  0.45000000  0.0003    3884
    3688  0.25000000 -0.30000000  0.45000000  0.0003    3885
    3689  0.30000000 -0.30000000  0.45000000  0.0003    3886
    3690  0.35000000 -0.30000000  0.45000000  0.0003    3887
    3691  0.40000000 -0.30000000  0.45000000  0.0003    3888
    3692  0.45000000 -0.30000000  0.45000000  0.0003    3889
    3693  0.50000000 -0.30000000  0.45000000  0.0003    3890
    3694  0.45000000  0.30000000 -0.45000000  0.0003    3891
    3695  0.40000000  0.30000000 -0.45000000  0.0003    3892
    3696  0.35000000  0.30000000 -0.45000000  0.0003    3893
    3697  0.30000000  0.30000000 -0.45000000  0.0003    3894
    3698  0.25000000  0.30000000 -0.45000000  0.0003    3895
    3699  0.20000000  0.30000000 -0.45000000  0.0003    3896
    3700 -0.15000000 -0.30000000  0.45000000  0.0003    3897
    3701 -0.10000000 -0.30000000  0.45000000  0.0003    3898
    3702 -0.05000000 -0.30000000  0.45000000  0.0003    3899
    3703  0.00000000 -0.25000000  0.45000000  0.0003    3900
    3704  0.05000000 -0.25000000  0.45000000  0.0003    3901
    3705  0.10000000 -0.25000000  0.45000000  0.0003    3902
    3706  0.15000000 -0.25000000  0.45000000  0.0003    3903
    3707  0.20000000 -0.25000000  0.45000000  0.0003    3904
    3708  0.25000000 -0.25000000  0.45000000  0.0003    3905
    3709  0.30000000 -0.25000000  0.45000000  0.0003    3906
    3710  0.35000000 -0.25000000  0.45000000  0.0003    3907
    3711  0.40000000 -0.25000000  0.45000000  0.0003    3908
    3712  0.45000000 -0.25000000  0.45000000  0.0003    3909
    3713  0.50000000 -0.25000000  0.45000000  0.0003    3910
    3714  0.45000000  0.25000000 -0.45000000  0.0003    3911
    3715  0.40000000  0.25000000 -0.45000000  0.0003    3912
    3716  0.35000000  0.25000000 -0.45000000  0.0003    3913
    3717  0.30000000  0.25000000 -0.45000000  0.0003    3914
    3718  0.25000000  0.25000000 -0.45000000  0.0003    3915
    3719 -0.20000000 -0.25000000  0.45000000  0.0003    3916
    3720 -0.15000000 -0.25000000  0.45000000  0.0003    3917
    3721 -0.10000000 -0.25000000  0.45000000  0.0003    3918
    3722 -0.05000000 -0.25000000  0.45000000  0.0003    3919
    3723  0.00000000 -0.20000000  0.45000000  0.0003    3920
    3724  0.05000000 -0.20000000  0.45000000  0.0003    3921
    3725  0.10000000 -0.20000000  0.45000000  0.0003    3922
    3726  0.15000000 -0.20000000  0.45000000  0.0003    3923
    3727  0.20000000 -0.20000000  0.45000000  0.0003    3924
    3728  0.25000000 -0.20000000  0.45000000  0.0003    3925
    3729  0.30000000 -0.20000000  0.45000000  0.0003    3926
    3730  0.35000000 -0.20000000  0.45000000  0.0003    3927
    3731  0.40000000 -0.20000000  0.45000000  0.0003    3928
    3732  0.45000000 -0.20000000  0.45000000  0.0003    3929
    3733  0.50000000 -0.20000000  0.45000000  0.0003    3930
    3734  0.45000000  0.20000000 -0.45000000  0.0003    3931
    3735  0.40000000  0.20000000 -0.45000000  0.0003    3932
    3736  0.35000000  0.20000000 -0.45000000  0.0003    3933
    3737  0.30000000  0.20000000 -0.45000000  0.0003    3934
    3738 -0.25000000 -0.20000000  0.45000000  0.0003    3935
    3739 -0.20000000 -0.20000000  0.45000000  0.0003    3936
    3740 -0.15000000 -0.20000000  0.45000000  0.0003    3937
    3741 -0.10000000 -0.20000000  0.45000000  0.0003    3938
    3742 -0.05000000 -0.20000000  0.45000000  0.0003    3939
    3743  0.00000000 -0.15000000  0.45000000  0.0003    3940
    3744  0.05000000 -0.15000000  0.45000000  0.0003    3941
    3745  0.10000000 -0.15000000  0.45000000  0.0003    3942
    3746  0.15000000 -0.15000000  0.45000000  0.0003    3943
    3747  0.20000000 -0.15000000  0.45000000  0.0003    3944
    3748  0.25000000 -0.15000000  0.45000000  0.0003    3945
    3749  0.30000000 -0.15000000  0.45000000  0.0003    3946
    3750  0.35000000 -0.15000000  0.45000000  0.0003    3947
    3751  0.40000000 -0.15000000  0.45000000  0.0003    3948
    3752  0.45000000 -0.15000000  0.45000000  0.0003    3949
    3753  0.50000000 -0.15000000  0.45000000  0.0003    3950
    3754  0.45000000  0.15000000 -0.45000000  0.0003    3951
    3755  0.40000000  0.15000000 -0.45000000  0.0003    3952
    3756  0.35000000  0.15000000 -0.45000000  0.0003    3953
    3757 -0.30000000 -0.15000000  0.45000000  0.0003    3954
    3758 -0.25000000 -0.15000000  0.45000000  0.0003    3955
    3759 -0.20000000 -0.15000000  0.45000000  0.0003    3956
    3760 -0.15000000 -0.15000000  0.45000000  0.0003    3957
    3761 -0.10000000 -0.15000000  0.45000000  0.0003    3958
    3762 -0.05000000 -0.15000000  0.45000000  0.0003    3959
    3763  0.00000000 -0.10000000  0.45000000  0.0003    3960
    3764  0.05000000 -0.10000000  0.45000000  0.0003    3961
    3765  0.10000000 -0.10000000  0.45000000  0.0003    3962
    3766  0.15000000 -0.10000000  0.45000000  0.0003    3963
    3767  0.20000000 -0.10000000  0.45000000  0.0003    3964
    3768  0.25000000 -0.10000000  0.45000000  0.0003    3965
    3769  0.30000000 -0.10000000  0.45000000  0.0003    3966
    3770  0.35000000 -0.10000000  0.45000000  0.0003    3967
    3771  0.40000000 -0.10000000  0.45000000  0.0003    3968
    3772  0.45000000 -0.10000000  0.45000000  0.0003    3969
    3773  0.50000000 -0.10000000  0.45000000  0.0003    3970
    3774  0.45000000  0.10000000 -0.45000000  0.0003    3971
    3775  0.40000000  0.10000000 -0.45000000  0.0003    3972
    3776 -0.35000000 -0.10000000  0.45000000  0.0003    3973
    3777 -0.30000000 -0.10000000  0.45000000  0.0003    3974
    3778 -0.25000000 -0.10000000  0.45000000  0.0003    3975
    3779 -0.20000000 -0.10000000  0.45000000  0.0003    3976
    3780 -0.15000000 -0.10000000  0.45000000  0.0003    3977
    3781 -0.10000000 -0.10000000  0.45000000  0.0003    3978
    3782 -0.05000000 -0.10000000  0.45000000  0.0003    3979
    3783  0.00000000 -0.05000000  0.45000000  0.0003    3980
    3784  0.05000000 -0.05000000  0.45000000  0.0003    3981
    3785  0.10000000 -0.05000000  0.45000000  0.0003    3982
    3786  0.15000000 -0.05000000  0.45000000  0.0003    3983
    3787  0.20000000 -0.05000000  0.45000000  0.0003    3984
    3788  0.25000000 -0.05000000  0.45000000  0.0003    3985
    3789  0.30000000 -0.05000000  0.45000000  0.0003    3986
    3790  0.35000000 -0.05000000  0.45000000  0.0003    3987
    3791  0.40000000 -0.05000000  0.45000000  0.0003    3988
    3792  0.45000000 -0.05000000  0.45000000  0.0003    3989
    3793  0.50000000 -0.05000000  0.45000000  0.0003    3990
    3794  0.45000000  0.05000000 -0.45000000  0.0003    3991
    3795 -0.40000000 -0.05000000  0.45000000  0.0003    3992
    3796 -0.35000000 -0.05000000  0.45000000  0.0003    3993
    3797 -0.30000000 -0.05000000  0.45000000  0.0003    3994
    3798 -0.25000000 -0.05000000  0.45000000  0.0003    3995
    3799 -0.20000000 -0.05000000  0.45000000  0.0003    3996
    3800 -0.15000000 -0.05000000  0.45000000  0.0003    3997
    3801 -0.10000000 -0.05000000  0.45000000  0.0003    3998
    3802 -0.05000000 -0.05000000  0.45000000  0.0003    3999
    3803  0.00000000  0.00000000  0.50000000  0.0001    4000
    3804  0.05000000  0.00000000  0.50000000  0.0003    4001
    3805  0.10000000  0.00000000  0.50000000  0.0003    4002
    3806  0.15000000  0.00000000  0.50000000  0.0003    4003
    3807  0.20000000  0.00000000  0.50000000  0.0003    4004
    3808  0.25000000  0.00000000  0.50000000  0.0003    4005
    3809  0.30000000  0.00000000  0.50000000  0.0003    4006
    3810  0.35000000  0.00000000  0.50000000  0.0003    4007
    3811  0.40000000  0.00000000  0.50000000  0.0003    4008
    3812  0.45000000  0.00000000  0.50000000  0.0003    4009
    3813  0.50000000  0.00000000  0.50000000  0.0001    4010
    3814  0.00000000  0.05000000  0.50000000  0.0003    4020
    3815  0.05000000  0.05000000  0.50000000  0.0003    4021
    3816  0.10000000  0.05000000  0.50000000  0.0003    4022
    3817  0.15000000  0.05000000  0.50000000  0.0003    4023
    3818  0.20000000  0.05000000  0.50000000  0.0003    4024
    3819  0.25000000  0.05000000  0.50000000  0.0003    4025
    3820  0.30000000  0.05000000  0.50000000  0.0003    4026
    3821  0.35000000  0.05000000  0.50000000  0.0003    4027
    3822  0.40000000  0.05000000  0.50000000  0.0003    4028
    3823  0.45000000  0.05000000  0.50000000  0.0003    4029
    3824  0.50000000  0.05000000  0.50000000  0.0003    4030
    3825  0.45000000 -0.05000000  0.50000000  0.0003    4031
    3826  0.40000000 -0.05000000  0.50000000  0.0003    4032
    3827  0.35000000 -0.05000000  0.50000000  0.0003    4033
    3828  0.30000000 -0.05000000  0.50000000  0.0003    4034
    3829  0.25000000 -0.05000000  0.50000000  0.0003    4035
    3830  0.20000000 -0.05000000  0.50000000  0.0003    4036
    3831  0.15000000 -0.05000000  0.50000000  0.0003    4037
    3832  0.10000000 -0.05000000  0.50000000  0.0003    4038
    3833 -0.05000000  0.05000000  0.50000000  0.0003    4039
    3834  0.00000000  0.10000000  0.50000000  0.0003    4040
    3835  0.05000000  0.10000000  0.50000000  0.0003    4041
    3836  0.10000000  0.10000000  0.50000000  0.0003    4042
    3837  0.15000000  0.10000000  0.50000000  0.0003    4043
    3838  0.20000000  0.10000000  0.50000000  0.0003    4044
    3839  0.25000000  0.10000000  0.50000000  0.0003    4045
    3840  0.30000000  0.10000000  0.50000000  0.0003    4046
    3841  0.35000000  0.10000000  0.50000000  0.0003    4047
    3842  0.40000000  0.10000000  0.50000000  0.0003    4048
    3843  0.45000000  0.10000000  0.50000000  0.0003    4049
    3844  0.50000000  0.10000000  0.50000000  0.0003    4050
    3845  0.45000000 -0.10000000  0.50000000  0.0003    4051
    3846  0.40000000 -0.10000000  0.50000000  0.0003    4052
    3847  0.35000000 -0.10000000  0.50000000  0.0003    4053
    3848  0.30000000 -0.10000000  0.50000000  0.0003    4054
    3849  0.25000000 -0.10000000  0.50000000  0.0003    4055
    3850  0.20000000 -0.10000000  0.50000000  0.0003    4056
    3851  0.15000000 -0.10000000  0.50000000  0.0003    4057
    3852 -0.10000000  0.10000000  0.50000000  0.0003    4058
    3853 -0.05000000  0.10000000  0.50000000  0.0003    4059
    3854  0.00000000  0.15000000  0.50000000  0.0003    4060
    3855  0.05000000  0.15000000  0.50000000  0.0003    4061
    3856  0.10000000  0.15000000  0.50000000  0.0003    4062
    3857  0.15000000  0.15000000  0.50000000  0.0003    4063
    3858  0.20000000  0.15000000  0.50000000  0.0003    4064
    3859  0.25000000  0.15000000  0.50000000  0.0003    4065
    3860  0.30000000  0.15000000  0.50000000  0.0003    4066
    3861  0.35000000  0.15000000  0.50000000  0.0003    4067
    3862  0.40000000  0.15000000  0.50000000  0.0003    4068
    3863  0.45000000  0.15000000  0.50000000  0.0003    4069
    3864  0.50000000  0.15000000  0.50000000  0.0003    4070
    3865  0.45000000 -0.15000000  0.50000000  0.0003    4071
    3866  0.40000000 -0.15000000  0.50000000  0.0003    4072
    3867  0.35000000 -0.15000000  0.50000000  0.0003    4073
    3868  0.30000000 -0.15000000  0.50000000  0.0003    4074
    3869  0.25000000 -0.15000000  0.50000000  0.0003    4075
    3870  0.20000000 -0.15000000  0.50000000  0.0003    4076
    3871 -0.15000000  0.15000000  0.50000000  0.0003    4077
    3872 -0.10000000  0.15000000  0.50000000  0.0003    4078
    3873 -0.05000000  0.15000000  0.50000000  0.0003    4079
    3874  0.00000000  0.20000000  0.50000000  0.0003    4080
    3875  0.05000000  0.20000000  0.50000000  0.0003    4081
    3876  0.10000000  0.20000000  0.50000000  0.0003    4082
    3877  0.15000000  0.20000000  0.50000000  0.0003    4083
    3878  0.20000000  0.20000000  0.50000000  0.0003    4084
    3879  0.25000000  0.20000000  0.50000000  0.0003    4085
    3880  0.30000000  0.20000000  0.50000000  0.0003    4086
    3881  0.35000000  0.20000000  0.50000000  0.0003    4087
    3882  0.40000000  0.20000000  0.50000000  0.0003    4088
    3883  0.45000000  0.20000000  0.50000000  0.0003    4089
    3884  0.50000000  0.20000000  0.50000000  0.0003    4090
    3885  0.45000000 -0.20000000  0.50000000  0.0003    4091
    3886  0.40000000 -0.20000000  0.50000000  0.0003    4092
    3887  0.35000000 -0.20000000  0.50000000  0.0003    4093
    3888  0.30000000 -0.20000000  0.50000000  0.0003    4094
    3889  0.25000000 -0.20000000  0.50000000  0.0003    4095
    3890 -0.20000000  0.20000000  0.50000000  0.0003    4096
    3891 -0.15000000  0.20000000  0.50000000  0.0003    4097
    3892 -0.10000000  0.20000000  0.50000000  0.0003    4098
    3893 -0.05000000  0.20000000  0.50000000  0.0003    4099
    3894  0.00000000  0.25000000  0.50000000  0.0003    4100
    3895  0.05000000  0.25000000  0.50000000  0.0003    4101
    3896  0.10000000  0.25000000  0.50000000  0.0003    4102
    3897  0.15000000  0.25000000  0.50000000  0.0003    4103
    3898  0.20000000  0.25000000  0.50000000  0.0003    4104
    3899  0.25000000  0.25000000  0.50000000  0.0003    4105
    3900  0.30000000  0.25000000  0.50000000  0.0003    4106
    3901  0.35000000  0.25000000  0.50000000  0.0003    4107
    3902  0.40000000  0.25000000  0.50000000  0.0003    4108
    3903  0.45000000  0.25000000  0.50000000  0.0003    4109
    3904  0.50000000  0.25000000  0.50000000  0.0003    4110
    3905  0.45000000 -0.25000000  0.50000000  0.0003    4111
    3906  0.40000000 -0.25000000  0.50000000  0.0003    4112
    3907  0.35000000 -0.25000000  0.50000000  0.0003    4113
    3908  0.30000000 -0.25000000  0.50000000  0.0003    4114
    3909 -0.25000000  0.25000000  0.50000000  0.0003    4115
    3910 -0.20000000  0.25000000  0.50000000  0.0003    4116
    3911 -0.15000000  0.25000000  0.50000000  0.0003    4117
    3912 -0.10000000  0.25000000  0.50000000  0.0003    4118
    3913 -0.05000000  0.25000000  0.50000000  0.0003    4119
    3914  0.00000000  0.30000000  0.50000000  0.0003    4120
    3915  0.05000000  0.30000000  0.50000000  0.0003    4121
    3916  0.10000000  0.30000000  0.50000000  0.0003    4122
    3917  0.15000000  0.30000000  0.50000000  0.0003    4123
    3918  0.20000000  0.30000000  0.50000000  0.0003    4124
    3919  0.25000000  0.30000000  0.50000000  0.0003    4125
    3920  0.30000000  0.30000000  0.50000000  0.0003    4126
    3921  0.35000000  0.30000000  0.50000000  0.0003    4127
    3922  0.40000000  0.30000000  0.50000000  0.0003    4128
    3923  0.45000000  0.30000000  0.50000000  0.0003    4129
    3924  0.50000000  0.30000000  0.50000000  0.0003    4130
    3925  0.45000000 -0.30000000  0.50000000  0.0003    4131
    3926  0.40000000 -0.30000000  0.50000000  0.0003    4132
    3927  0.35000000 -0.30000000  0.50000000  0.0003    4133
    3928 -0.30000000  0.30000000  0.50000000  0.0003    4134
    3929 -0.25000000  0.30000000  0.50000000  0.0003    4135
    3930 -0.20000000  0.30000000  0.50000000  0.0003    4136
    3931 -0.15000000  0.30000000  0.50000000  0.0003    4137
    3932 -0.10000000  0.30000000  0.50000000  0.0003    4138
    3933 -0.05000000  0.30000000  0.50000000  0.0003    4139
    3934  0.00000000  0.35000000  0.50000000  0.0003    4140
    3935  0.05000000  0.35000000  0.50000000  0.0003    4141
    3936  0.10000000  0.35000000  0.50000000  0.0003    4142
    3937  0.15000000  0.35000000  0.50000000  0.0003    4143
    3938  0.20000000  0.35000000  0.50000000  0.0003    4144
    3939  0.25000000  0.35000000  0.50000000  0.0003    4145
    3940  0.30000000  0.35000000  0.50000000  0.0003    4146
    3941  0.35000000  0.35000000  0.50000000  0.0003    4147
    3942  0.40000000  0.35000000  0.50000000  0.0003    4148
    3943  0.45000000  0.35000000  0.50000000  0.0003    4149
    3944  0.50000000  0.35000000  0.50000000  0.0003    4150
    3945  0.45000000 -0.35000000  0.50000000  0.0003    4151
    3946  0.40000000 -0.35000000  0.50000000  0.0003    4152
    3947 -0.35000000  0.35000000  0.50000000  0.0003    4153
    3948 -0.30000000  0.35000000  0.50000000  0.0003    4154
    3949 -0.25000000  0.35000000  0.50000000  0.0003    4155
    3950 -0.20000000  0.35000000  0.50000000  0.0003    4156
    3951 -0.15000000  0.35000000  0.50000000  0.0003    4157
    3952 -0.10000000  0.35000000  0.50000000  0.0003    4158
    3953 -0.05000000  0.35000000  0.50000000  0.0003    4159
    3954  0.00000000  0.40000000  0.50000000  0.0003    4160
    3955  0.05000000  0.40000000  0.50000000  0.0003    4161
    3956  0.10000000  0.40000000  0.50000000  0.0003    4162
    3957  0.15000000  0.40000000  0.50000000  0.0003    4163
    3958  0.20000000  0.40000000  0.50000000  0.0003    4164
    3959  0.25000000  0.40000000  0.50000000  0.0003    4165
    3960  0.30000000  0.40000000  0.50000000  0.0003    4166
    3961  0.35000000  0.40000000  0.50000000  0.0003    4167
    3962  0.40000000  0.40000000  0.50000000  0.0003    4168
    3963  0.45000000  0.40000000  0.50000000  0.0003    4169
    3964  0.50000000  0.40000000  0.50000000  0.0003    4170
    3965  0.45000000 -0.40000000  0.50000000  0.0003    4171
    3966 -0.40000000  0.40000000  0.50000000  0.0003    4172
    3967 -0.35000000  0.40000000  0.50000000  0.0003    4173
    3968 -0.30000000  0.40000000  0.50000000  0.0003    4174
    3969 -0.25000000  0.40000000  0.50000000  0.0003    4175
    3970 -0.20000000  0.40000000  0.50000000  0.0003    4176
    3971 -0.15000000  0.40000000  0.50000000  0.0003    4177
    3972 -0.10000000  0.40000000  0.50000000  0.0003    4178
    3973 -0.05000000  0.40000000  0.50000000  0.0003    4179
    3974  0.00000000  0.45000000  0.50000000  0.0003    4180
    3975  0.05000000  0.45000000  0.50000000  0.0003    4181
    3976  0.10000000  0.45000000  0.50000000  0.0003    4182
    3977  0.15000000  0.45000000  0.50000000  0.0003    4183
    3978  0.20000000  0.45000000  0.50000000  0.0003    4184
    3979  0.25000000  0.45000000  0.50000000  0.0003    4185
    3980  0.30000000  0.45000000  0.50000000  0.0003    4186
    3981  0.35000000  0.45000000  0.50000000  0.0003    4187
    3982  0.40000000  0.45000000  0.50000000  0.0003    4188
    3983  0.45000000  0.45000000  0.50000000  0.0003    4189
    3984  0.50000000  0.45000000  0.50000000  0.0003    4190
    3985 -0.45000000  0.45000000  0.50000000  0.0003    4191
    3986 -0.40000000  0.45000000  0.50000000  0.0003    4192
    3987 -0.35000000  0.45000000  0.50000000  0.0003    4193
    3988 -0.30000000  0.45000000  0.50000000  0.0003    4194
    3989 -0.25000000  0.45000000  0.50000000  0.0003    4195
    3990 -0.20000000  0.45000000  0.50000000  0.0003    4196
    3991 -0.15000000  0.45000000  0.50000000  0.0003    4197
    3992 -0.10000000  0.45000000  0.50000000  0.0003    4198
    3993 -0.05000000  0.45000000  0.50000000  0.0003    4199
    3994  0.00000000  0.50000000  0.50000000  0.0001    4200
    3995  0.05000000  0.50000000  0.50000000  0.0003    4201
    3996  0.10000000  0.50000000  0.50000000  0.0003    4202
    3997  0.15000000  0.50000000  0.50000000  0.0003    4203
    3998  0.20000000  0.50000000  0.50000000  0.0003    4204
    3999  0.25000000  0.50000000  0.50000000  0.0003    4205
    4000  0.30000000  0.50000000  0.50000000  0.0003    4206
    4001  0.35000000  0.50000000  0.50000000  0.0003    4207
    4002  0.40000000  0.50000000  0.50000000  0.0003    4208
    4003  0.45000000  0.50000000  0.50000000  0.0003    4209
    4004  0.50000000  0.50000000  0.50000000  0.0001    4210

                               nkstot now = 4004
 K-POINTS DIRECT COORDINATES
 KPOINTS    DIRECT_X    DIRECT_Y    DIRECT_Z  WEIGHT
       1  0.00000000  0.00000000  0.00000000  0.0001
       2  0.05000000  0.00000000  0.00000000  0.0003
       3  0.10000000  0.00000000  0.00000000  0.0003
       4  0.15000000  0.00000000  0.00000000  0.0003
       5  0.20000000  0.00000000  0.00000000  0.0003
       6  0.25000000  0.00000000  0.00000000  0.0003
       7  0.30000000  0.00000000  0.00000000  0.0003
       8  0.35000000  0.00000000  0.00000000  0.0003
       9  0.40000000  0.00000000  0.00000000  0.0003
      10  0.45000000  0.00000000  0.00000000  0.0003
      11  0.50000000  0.00000000  0.00000000  0.0001
      12  0.00000000  0.05000000  0.00000000  0.0003
      13  0.05000000  0.05000000  0.00000000  0.0003
      14  0.10000000  0.05000000  0.00000000  0.0003
      15  0.15000000  0.05000000  0.00000000  0.0003
      16  0.20000000  0.05000000  0.00000000  0.0003
      17  0.25000000  0.05000000  0.00000000  0.0003
      18  0.30000000  0.05000000  0.00000000  0.0003
      19  0.35000000  0.05000000  0.00000000  0.0003
      20  0.40000000  0.05000000  0.00000000  0.0003
      21  0.45000000  0.05000000  0.00000000  0.0003
      22  0.50000000  0.05000000  0.00000000  0.0003
      23  0.45000000 -0.05000000  0.00000000  0.0003
      24  0.40000000 -0.05000000  0.00000000  0.0003
      25  0.35000000 -0.05000000  0.00000000  0.0003
      26  0.30000000 -0.05000000  0.00000000  0.0003
      27  0.25000000 -0.05000000  0.00000000  0.0003
      28  0.20000000 -0.05000000  0.00000000  0.0003
      29  0.15000000 -0.05000000  0.00000000  0.0003
      30  0.10000000 -0.05000000  0.00000000  0.0003
      31 -0.05000000  0.05000000  0.00000000  0.0003
      32  0.00000000  0.10000000  0.00000000  0.0003
      33  0.05000000  0.10000000  0.00000000  0.0003
      34  0.10000000  0.10000000  0.00000000  0.0003
      35  0.15000000  0.10000000  0.00000000  0.0003
      36  0.20000000  0.10000000  0.00000000  0.0003
      37  0.25000000  0.10000000  0.00000000  0.0003
      38  0.30000000  0.10000000  0.00000000  0.0003
      39  0.35000000  0.10000000  0.00000000  0.0003
      40  0.40000000  0.10000000  0.00000000  0.0003
      41  0.45000000  0.10000000  0.00000000  0.0003
      42  0.50000000  0.10000000  0.00000000  0.0003
      43  0.45000000 -0.10000000  0.00000000  0.0003
      44  0.40000000 -0.10000000  0.00000000  0.0003
      45  0.35000000 -0.10000000  0.00000000  0.0003
      46  0.30000000 -0.10000000  0.00000000  0.0003
      47  0.25000000 -0.10000000  0.00000000  0.0003
      48  0.20000000 -0.10000000  0.00000000  0.0003
      49  0.15000000 -0.10000000  0.00000000  0.0003
      50  0.10000000 -0.10000000  0.00000000  0.0003
      51 -0.05000000  0.10000000  0.00000000  0.0003
      52  0.00000000  0.15000000  0.00000000  0.0003
      53  0.05000000  0.15000000  0.00000000  0.0003
      54  0.10000000  0.15000000  0.00000000  0.0003
      55  0.15000000  0.15000000  0.00000000  0.0003
      56  0.20000000  0.15000000  0.00000000  0.0003
      57  0.25000000  0.15000000  0.00000000  0.0003
      58  0.30000000  0.15000000  0.00000000  0.0003
      59  0.35000000  0.15000000  0.00000000  0.0003
      60  0.40000000  0.15000000  0.00000000  0.0003
      61  0.45000000  0.15000000  0.00000000  0.0003
      62  0.50000000  0.15000000  0.00000000  0.0003
      63  0.45000000 -0.15000000  0.00000000  0.0003
      64  0.40000000 -0.15000000  0.00000000  0.0003
      65  0.35000000 -0.15000000  0.00000000  0.0003
      66  0.30000000 -0.15000000  0.00000000  0.0003
      67  0.25000000 -0.15000000  0.00000000  0.0003
      68  0.20000000 -0.15000000  0.00000000  0.0003
      69 -0.15000000  0.15000000  0.00000000  0.0003
      70 -0.10000000  0.15000000  0.00000000  0.0003
      71 -0.05000000  0.15000000  0.00000000  0.0003
      72  0.00000000  0.20000000  0.00000000  0.0003
      73  0.05000000  0.20000000  0.00000000  0.0003
      74  0.10000000  0.20000000  0.00000000  0.0003
      75  0.15000000  0.20000000  0.00000000  0.0003
      76  0.20000000  0.20000000  0.00000000  0.0003
      77  0.25000000  0.20000000  0.00000000  0.0003
      78  0.30000000  0.20000000  0.00000000  0.0003
      79  0.35000000  0.20000000  0.00000000  0.0003
      80  0.40000000  0.20000000  0.00000000  0.0003
      81  0.45000000  0.20000000  0.00000000  0.0003
      82  0.50000000  0.20000000  0.00000000  0.0003
      83  0.45000000 -0.20000000  0.00000000  0.0003
      84  0.40000000 -0.20000000  0.00000000  0.0003
      85  0.35000000 -0.20000000  0.00000000  0.0003
      86  0.30000000 -0.20000000  0.00000000  0.0003
      87  0.25000000 -0.20000000  0.00000000  0.0003
      88 -0.20000000  0.20000000  0.00000000  0.0003
      89 -0.15000000  0.20000000  0.00000000  0.0003
      90 -0.10000000  0.20000000  0.00000000  0.0003
      91 -0.05000000  0.20000000  0.00000000  0.0003
      92  0.00000000  0.25000000  0.00000000  0.0003
      93  0.05000000  0.25000000  0.00000000  0.0003
      94  0.10000000  0.25000000  0.00000000  0.0003
      95  0.15000000  0.25000000  0.00000000  0.0003
      96  0.20000000  0.25000000  0.00000000  0.0003
      97  0.25000000  0.25000000  0.00000000  0.0003
      98  0.30000000  0.25000000  0.00000000  0.0003
      99  0.35000000  0.25000000  0.00000000  0.0003
     100  0.40000000  0.25000000  0.00000000  0.0003
     101  0.45000000  0.25000000  0.00000000  0.0003
     102  0.50000000  0.25000000  0.00000000  0.0003
     103  0.45000000 -0.25000000  0.00000000  0.0003
     104  0.40000000 -0.25000000  0.00000000  0.0003
     105  0.35000000 -0.25000000  0.00000000  0.0003
     106  0.30000000 -0.25000000  0.00000000  0.0003
     107 -0.25000000  0.25000000  0.00000000  0.0003
     108 -0.20000000  0.25000000  0.00000000  0.0003
     109 -0.15000000  0.25000000  0.00000000  0.0003
     110 -0.10000000  0.25000000  0.00000000  0.0003
     111 -0.05000000  0.25000000  0.00000000  0.0003
     112  0.00000000  0.30000000  0.00000000  0.0003
     113  0.05000000  0.30000000  0.00000000  0.0003
     114  0.10000000  0.30000000  0.00000000  0.0003
     115  0.15000000  0.30000000  0.00000000  0.0003
     116  0.20000000  0.30000000  0.00000000  0.0003
     117  0.25000000  0.30000000  0.00000000  0.0003
     118  0.30000000  0.30000000  0.00000000  0.0003
     119  0.35000000  0.30000000  0.00000000  0.0003
     120  0.40000000  0.30000000  0.00000000  0.0003
     121  0.45000000  0.30000000  0.00000000  0.0003
     122  0.50000000  0.30000000  0.00000000  0.0003
     123  0.45000000 -0.30000000  0.00000000  0.0003
     124  0.40000000 -0.30000000  0.00000000  0.0003
     125  0.35000000 -0.30000000  0.00000000  0.0003
     126 -0.30000000  0.30000000  0.00000000  0.0003
     127 -0.25000000  0.30000000  0.00000000  0.0003
     128 -0.20000000  0.30000000  0.00000000  0.0003
     129 -0.15000000  0.30000000  0.00000000  0.0003
     130 -0.10000000  0.30000000  0.00000000  0.0003
     131 -0.05000000  0.30000000  0.00000000  0.0003
     132  0.00000000  0.35000000  0.00000000  0.0003
     133  0.05000000  0.35000000  0.00000000  0.0003
     134  0.10000000  0.35000000  0.00000000  0.0003
     135  0.15000000  0.35000000  0.00000000  0.0003
     136  0.20000000  0.35000000  0.00000000  0.0003
     137  0.25000000  0.35000000  0.00000000  0.0003
     138  0.30000000  0.35000000  0.00000000  0.0003
     139  0.35000000  0.35000000  0.00000000  0.0003
     140  0.40000000  0.35000000  0.00000000  0.0003
     141  0.45000000  0.35000000  0.00000000  0.0003
     142  0.50000000  0.35000000  0.00000000  0.0003
     143  0.45000000 -0.35000000  0.00000000  0.0003
     144  0.40000000 -0.35000000  0.00000000  0.0003
     145 -0.35000000  0.35000000  0.00000000  0.0003
     146 -0.30000000  0.35000000  0.00000000  0.0003
     147 -0.25000000  0.35000000  0.00000000  0.0003
     148 -0.20000000  0.35000000  0.00000000  0.0003
     149 -0.15000000  0.35000000  0.00000000  0.0003
     150 -0.10000000  0.35000000  0.00000000  0.0003
     151 -0.05000000  0.35000000  0.00000000  0.0003
     152  0.00000000  0.40000000  0.00000000  0.0003
     153  0.05000000  0.40000000  0.00000000  0.0003
     154  0.10000000  0.40000000  0.00000000  0.0003
     155  0.15000000  0.40000000  0.00000000  0.0003
     156  0.20000000  0.40000000  0.00000000  0.0003
     157  0.25000000  0.40000000  0.00000000  0.0003
     158  0.30000000  0.40000000  0.00000000  0.0003
     159  0.35000000  0.40000000  0.00000000  0.0003
     160  0.40000000  0.40000000  0.00000000  0.0003
     161  0.45000000  0.40000000  0.00000000  0.0003
     162  0.50000000  0.40000000  0.00000000  0.0003
     163  0.45000000 -0.40000000  0.00000000  0.0003
     164 -0.40000000  0.40000000  0.00000000  0.0003
     165 -0.35000000  0.40000000  0.00000000  0.0003
     166 -0.30000000  0.40000000  0.00000000  0.0003
     167 -0.25000000  0.40000000  0.00000000  0.0003
     168 -0.20000000  0.40000000  0.00000000  0.0003
     169 -0.15000000  0.40000000  0.00000000  0.0003
     170 -0.10000000  0.40000000  0.00000000  0.0003
     171 -0.05000000  0.40000000  0.00000000  0.0003
     172  0.00000000  0.45000000  0.00000000  0.0003
     173  0.05000000  0.45000000  0.00000000  0.0003
     174  0.10000000  0.45000000  0.00000000  0.0003
     175  0.15000000  0.45000000  0.00000000  0.0003
     176  0.20000000  0.45000000  0.00000000  0.0003
     177  0.25000000  0.45000000  0.00000000  0.0003
     178  0.30000000  0.45000000  0.00000000  0.0003
     179  0.35000000  0.45000000  0.00000000  0.0003
     180  0.40000000  0.45000000  0.00000000  0.0003
     181  0.45000000  0.45000000  0.00000000  0.0003
     182  0.50000000  0.45000000  0.00000000  0.0003
     183 -0.45000000  0.45000000  0.00000000  0.0003
     184 -0.40000000  0.45000000  0.00000000  0.0003
     185 -0.35000000  0.45000000  0.00000000  0.0003
     186 -0.30000000  0.45000000  0.00000000  0.0003
     187 -0.25000000  0.45000000  0.00000000  0.0003
     188 -0.20000000  0.45000000  0.00000000  0.0003
     189 -0.15000000  0.45000000  0.00000000  0.0003
     190 -0.10000000  0.45000000  0.00000000  0.0003
     191 -0.05000000  0.45000000  0.00000000  0.0003
     192  0.00000000  0.50000000  0.00000000  0.0001
     193  0.05000000  0.50000000  0.00000000  0.0003
     194  0.10000000  0.50000000  0.00000000  0.0003
     195  0.15000000  0.50000000  0.00000000  0.0003
     196  0.20000000  0.50000000  0.00000000  0.0003
     197  0.25000000  0.50000000  0.00000000  0.0003
     198  0.30000000  0.50000000  0.00000000  0.0003
     199  0.35000000  0.50000000  0.00000000  0.0003
     200  0.40000000  0.50000000  0.00000000  0.0003
     201  0.45000000  0.50000000  0.00000000  0.0003
     202  0.50000000  0.50000000  0.00000000  0.0001
     203  0.00000000  0.00000000  0.05000000  0.0003
     204  0.05000000  0.00000000  0.05000000  0.0003
     205  0.10000000  0.00000000  0.05000000  0.0003
     206  0.15000000  0.00000000  0.05000000  0.0003
     207  0.20000000  0.00000000  0.05000000  0.0003
     208  0.25000000  0.00000000  0.05000000  0.0003
     209  0.30000000  0.00000000  0.05000000  0.0003
     210  0.35000000  0.00000000  0.05000000  0.0003
     211  0.40000000  0.00000000  0.05000000  0.0003
     212  0.45000000  0.00000000  0.05000000  0.0003
     213  0.50000000  0.00000000  0.05000000  0.0003
     214  0.45000000  0.00000000 -0.05000000  0.0003
     215  0.40000000  0.00000000 -0.05000000  0.0003
     216  0.35000000  0.00000000 -0.05000000  0.0003
     217  0.30000000  0.00000000 -0.05000000  0.0003
     218  0.25000000  0.00000000 -0.05000000  0.0003
     219  0.20000000  0.00000000 -0.05000000  0.0003
     220  0.15000000  0.00000000 -0.05000000  0.0003
     221  0.10000000  0.00000000 -0.05000000  0.0003
     222  0.05000000  0.00000000 -0.05000000  0.0003
     223  0.00000000  0.05000000  0.05000000  0.0003
     224  0.05000000  0.05000000  0.05000000  0.0003
     225  0.10000000  0.05000000  0.05000000  0.0003
     226  0.15000000  0.05000000  0.05000000  0.0003
     227  0.20000000  0.05000000  0.05000000  0.0003
     228  0.25000000  0.05000000  0.05000000  0.0003
     229  0.30000000  0.05000000  0.05000000  0.0003
     230  0.35000000  0.05000000  0.05000000  0.0003
     231  0.40000000  0.05000000  0.05000000  0.0003
     232  0.45000000  0.05000000  0.05000000  0.0003
     233  0.50000000  0.05000000  0.05000000  0.0003
     234  0.45000000 -0.05000000 -0.05000000  0.0003
     235  0.40000000 -0.05000000 -0.05000000  0.0003
     236  0.35000000 -0.05000000 -0.05000000  0.0003
     237  0.30000000 -0.05000000 -0.05000000  0.0003
     238  0.25000000 -0.05000000 -0.05000000  0.0003
     239  0.20000000 -0.05000000 -0.05000000  0.0003
     240  0.15000000 -0.05000000 -0.05000000  0.0003
     241 -0.10000000  0.05000000  0.05000000  0.0003
     242 -0.05000000  0.05000000  0.05000000  0.0003
     243  0.00000000  0.10000000  0.05000000  0.0003
     244  0.05000000  0.10000000  0.05000000  0.0003
     245  0.10000000  0.10000000  0.05000000  0.0003
     246  0.15000000  0.10000000  0.05000000  0.0003
     247  0.20000000  0.10000000  0.05000000  0.0003
     248  0.25000000  0.10000000  0.05000000  0.0003
     249  0.30000000  0.10000000  0.05000000  0.0003
     250  0.35000000  0.10000000  0.05000000  0.0003
     251  0.40000000  0.10000000  0.05000000  0.0003
     252  0.45000000  0.10000000  0.05000000  0.0003
     253  0.50000000  0.10000000  0.05000000  0.0003
     254  0.45000000 -0.10000000 -0.05000000  0.0003
     255  0.40000000 -0.10000000 -0.05000000  0.0003
     256  0.35000000 -0.10000000 -0.05000000  0.0003
     257  0.30000000 -0.10000000 -0.05000000  0.0003
     258  0.25000000 -0.10000000 -0.05000000  0.0003
     259  0.20000000 -0.10000000 -0.05000000  0.0003
     260 -0.15000000  0.10000000  0.05000000  0.0003
     261 -0.10000000  0.10000000  0.05000000  0.0003
     262 -0.05000000  0.10000000  0.05000000  0.0003
     263  0.00000000  0.15000000  0.05000000  0.0003
     264  0.05000000  0.15000000  0.05000000  0.0003
     265  0.10000000  0.15000000  0.05000000  0.0003
     266  0.15000000  0.15000000  0.05000000  0.0003
     267  0.20000000  0.15000000  0.05000000  0.0003
     268  0.25000000  0.15000000  0.05000000  0.0003
     269  0.30000000  0.15000000  0.05000000  0.0003
     270  0.35000000  0.15000000  0.05000000  0.0003
     271  0.40000000  0.15000000  0.05000000  0.0003
     272  0.45000000  0.15000000  0.05000000  0.0003
     273  0.50000000  0.15000000  0.05000000  0.0003
     274  0.45000000 -0.15000000 -0.05000000  0.0003
     275  0.40000000 -0.15000000 -0.05000000  0.0003
     276  0.35000000 -0.15000000 -0.05000000  0.0003
     277  0.30000000 -0.15000000 -0.05000000  0.0003
     278  0.25000000 -0.15000000 -0.05000000  0.0003
     279 -0.20000000  0.15000000  0.05000000  0.0003
     280 -0.15000000  0.15000000  0.05000000  0.0003
     281 -0.10000000  0.15000000  0.05000000  0.0003
     282 -0.05000000  0.15000000  0.05000000  0.0003
     283  0.00000000  0.20000000  0.05000000  0.0003
     284  0.05000000  0.20000000  0.05000000  0.0003
     285  0.10000000  0.20000000  0.05000000  0.0003
     286  0.15000000  0.20000000  0.05000000  0.0003
     287  0.20000000  0.20000000  0.05000000  0.0003
     288  0.25000000  0.20000000  0.05000000  0.0003
     289  0.30000000  0.20000000  0.05000000  0.0003
     290  0.35000000  0.20000000  0.05000000  0.0003
     291  0.40000000  0.20000000  0.05000000  0.0003
     292  0.45000000  0.20000000  0.05000000  0.0003
     293  0.50000000  0.20000000  0.05000000  0.0003
     294  0.45000000 -0.20000000 -0.05000000  0.0003
     295  0.40000000 -0.20000000 -0.05000000  0.0003
     296  0.35000000 -0.20000000 -0.05000000  0.0003
     297  0.30000000 -0.20000000 -0.05000000  0.0003
     298  0.25000000 -0.20000000 -0.05000000  0.0003
     299 -0.20000000  0.20000000  0.05000000  0.0003
     300 -0.15000000  0.20000000  0.05000000  0.0003
     301 -0.10000000  0.20000000  0.05000000  0.0003
     302 -0.05000000  0.20000000  0.05000000  0.0003
     303  0.00000000  0.25000000  0.05000000  0.0003
     304  0.05000000  0.25000000  0.05000000  0.0003
     305  0.10000000  0.25000000  0.05000000  0.0003
     306  0.15000000  0.25000000  0.05000000  0.0003
     307  0.20000000  0.25000000  0.05000000  0.0003
     308  0.25000000  0.25000000  0.05000000  0.0003
     309  0.30000000  0.25000000  0.05000000  0.0003
     310  0.35000000  0.25000000  0.05000000  0.0003
     311  0.40000000  0.25000000  0.05000000  0.0003
     312  0.45000000  0.25000000  0.05000000  0.0003
     313  0.50000000  0.25000000  0.05000000  0.0003
     314  0.45000000 -0.25000000 -0.05000000  0.0003
     315  0.40000000 -0.25000000 -0.05000000  0.0003
     316  0.35000000 -0.25000000 -0.05000000  0.0003
     317  0.30000000 -0.25000000 -0.05000000  0.0003
     318 -0.25000000  0.25000000  0.05000000  0.0003
     319 -0.20000000  0.25000000  0.05000000  0.0003
     320 -0.15000000  0.25000000  0.05000000  0.0003
     321 -0.10000000  0.25000000  0.05000000  0.0003
     322 -0.05000000  0.25000000  0.05000000  0.0003
     323  0.00000000  0.30000000  0.05000000  0.0003
     324  0.05000000  0.30000000  0.05000000  0.0003
     325  0.10000000  0.30000000  0.05000000  0.0003
     326  0.15000000  0.30000000  0.05000000  0.0003
     327  0.20000000  0.30000000  0.05000000  0.0003
     328  0.25000000  0.30000000  0.05000000  0.0003
     329  0.30000000  0.30000000  0.05000000  0.0003
     330  0.35000000  0.30000000  0.05000000  0.0003
     331  0.40000000  0.30000000  0.05000000  0.0003
     332  0.45000000  0.30000000  0.05000000  0.0003
     333  0.50000000  0.30000000  0.05000000  0.0003
     334  0.45000000 -0.30000000 -0.05000000  0.0003
     335  0.40000000 -0.30000000 -0.05000000  0.0003
     336 -0.35000000  0.30000000  0.05000000  0.0003
     337 -0.30000000  0.30000000  0.05000000  0.0003
     338 -0.25000000  0.30000000  0.05000000  0.0003
     339 -0.20000000  0.30000000  0.05000000  0.0003
     340 -0.15000000  0.30000000  0.05000000  0.0003
     341 -0.10000000  0.30000000  0.05000000  0.0003
     342 -0.05000000  0.30000000  0.05000000  0.0003
     343  0.00000000  0.35000000  0.05000000  0.0003
     344  0.05000000  0.35000000  0.05000000  0.0003
     345  0.10000000  0.35000000  0.05000000  0.0003
     346  0.15000000  0.35000000  0.05000000  0.0003
     347  0.20000000  0.35000000  0.05000000  0.0003
     348  0.25000000  0.35000000  0.05000000  0.0003
     349  0.30000000  0.35000000  0.05000000  0.0003
     350  0.35000000  0.35000000  0.05000000  0.0003
     351  0.40000000  0.35000000  0.05000000  0.0003
     352  0.45000000  0.35000000  0.05000000  0.0003
     353  0.50000000  0.35000000  0.05000000  0.0003
     354  0.45000000 -0.35000000 -0.05000000  0.0003
     355  0.40000000 -0.35000000 -0.05000000  0.0003
     356 -0.35000000  0.35000000  0.05000000  0.0003
     357 -0.30000000  0.35000000  0.05000000  0.0003
     358 -0.25000000  0.35000000  0.05000000  0.0003
     359 -0.20000000  0.35000000  0.05000000  0.0003
     360 -0.15000000  0.35000000  0.05000000  0.0003
     361 -0.10000000  0.35000000  0.05000000  0.0003
     362 -0.05000000  0.35000000  0.05000000  0.0003
     363  0.00000000  0.40000000  0.05000000  0.0003
     364  0.05000000  0.40000000  0.05000000  0.0003
     365  0.10000000  0.40000000  0.05000000  0.0003
     366  0.15000000  0.40000000  0.05000000  0.0003
     367  0.20000000  0.40000000  0.05000000  0.0003
     368  0.25000000  0.40000000  0.05000000  0.0003
     369  0.30000000  0.40000000  0.05000000  0.0003
     370  0.35000000  0.40000000  0.05000000  0.0003
     371  0.40000000  0.40000000  0.05000000  0.0003
     372  0.45000000  0.40000000  0.05000000  0.0003
     373  0.50000000  0.40000000  0.05000000  0.0003
     374  0.45000000 -0.40000000 -0.05000000  0.0003
     375 -0.40000000  0.40000000  0.05000000  0.0003
     376 -0.35000000  0.40000000  0.05000000  0.0003
     377 -0.30000000  0.40000000  0.05000000  0.0003
     378 -0.25000000  0.40000000  0.05000000  0.0003
     379 -0.20000000  0.40000000  0.05000000  0.0003
     380 -0.15000000  0.40000000  0.05000000  0.0003
     381 -0.10000000  0.40000000  0.05000000  0.0003
     382 -0.05000000  0.40000000  0.05000000  0.0003
     383  0.00000000  0.45000000  0.05000000  0.0003
     384  0.05000000  0.45000000  0.05000000  0.0003
     385  0.10000000  0.45000000  0.05000000  0.0003
     386  0.15000000  0.45000000  0.05000000  0.0003
     387  0.20000000  0.45000000  0.05000000  0.0003
     388  0.25000000  0.45000000  0.05000000  0.0003
     389  0.30000000  0.45000000  0.05000000  0.0003
     390  0.35000000  0.45000000  0.05000000  0.0003
     391  0.40000000  0.45000000  0.05000000  0.0003
     392  0.45000000  0.45000000  0.05000000  0.0003
     393  0.50000000  0.45000000  0.05000000  0.0003
     394 -0.45000000  0.45000000  0.05000000  0.0003
     395 -0.40000000  0.45000000  0.05000000  0.0003
     396 -0.35000000  0.45000000  0.05000000  0.0003
     397 -0.30000000  0.45000000  0.05000000  0.0003
     398 -0.25000000  0.45000000  0.05000000  0.0003
     399 -0.20000000  0.45000000  0.05000000  0.0003
     400 -0.15000000  0.45000000  0.05000000  0.0003
     401 -0.10000000  0.45000000  0.05000000  0.0003
     402 -0.05000000  0.45000000  0.05000000  0.0003
     403  0.00000000  0.50000000  0.05000000  0.0003
     404  0.05000000  0.50000000  0.05000000  0.0003
     405  0.10000000  0.50000000  0.05000000  0.0003
     406  0.15000000  0.50000000  0.05000000  0.0003
     407  0.20000000  0.50000000  0.05000000  0.0003
     408  0.25000000  0.50000000  0.05000000  0.0003
     409  0.30000000  0.50000000  0.05000000  0.0003
     410  0.35000000  0.50000000  0.05000000  0.0003
     411  0.40000000  0.50000000  0.05000000  0.0003
     412  0.45000000  0.50000000  0.05000000  0.0003
     413  0.50000000  0.50000000  0.05000000  0.0003
     414  0.45000000  0.50000000 -0.05000000  0.0003
     415  0.40000000  0.50000000 -0.05000000  0.0003
     416  0.35000000  0.50000000 -0.05000000  0.0003
     417  0.30000000  0.50000000 -0.05000000  0.0003
     418  0.25000000  0.50000000 -0.05000000  0.0003
     419  0.20000000  0.50000000 -0.05000000  0.0003
     420  0.15000000  0.50000000 -0.05000000  0.0003
     421  0.10000000  0.50000000 -0.05000000  0.0003
     422 -0.05000000  0.50000000  0.05000000  0.0003
     423  0.00000000  0.45000000 -0.05000000  0.0003
     424 -0.05000000  0.45000000 -0.05000000  0.0003
     425 -0.10000000  0.45000000 -0.05000000  0.0003
     426 -0.15000000  0.45000000 -0.05000000  0.0003
     427 -0.20000000  0.45000000 -0.05000000  0.0003
     428 -0.25000000  0.45000000 -0.05000000  0.0003
     429 -0.30000000  0.45000000 -0.05000000  0.0003
     430 -0.35000000  0.45000000 -0.05000000  0.0003
     431  0.40000000 -0.45000000  0.05000000  0.0003
     432  0.45000000 -0.45000000  0.05000000  0.0003
     433  0.50000000  0.45000000 -0.05000000  0.0003
     434  0.45000000  0.45000000 -0.05000000  0.0003
     435  0.40000000  0.45000000 -0.05000000  0.0003
     436  0.35000000  0.45000000 -0.05000000  0.0003
     437  0.30000000  0.45000000 -0.05000000  0.0003
     438  0.25000000  0.45000000 -0.05000000  0.0003
     439  0.20000000  0.45000000 -0.05000000  0.0003
     440  0.15000000  0.45000000 -0.05000000  0.0003
     441  0.10000000  0.45000000 -0.05000000  0.0003
     442  0.05000000  0.45000000 -0.05000000  0.0003
     443  0.00000000  0.40000000 -0.05000000  0.0003
     444 -0.05000000  0.40000000 -0.05000000  0.0003
     445 -0.10000000  0.40000000 -0.05000000  0.0003
     446 -0.15000000  0.40000000 -0.05000000  0.0003
     447 -0.20000000  0.40000000 -0.05000000  0.0003
     448 -0.25000000  0.40000000 -0.05000000  0.0003
     449 -0.30000000  0.40000000 -0.05000000  0.0003
     450 -0.35000000  0.40000000 -0.05000000  0.0003
     451  0.40000000 -0.40000000  0.05000000  0.0003
     452  0.45000000 -0.40000000  0.05000000  0.0003
     453  0.50000000  0.40000000 -0.05000000  0.0003
     454  0.45000000  0.40000000 -0.05000000  0.0003
     455  0.40000000  0.40000000 -0.05000000  0.0003
     456  0.35000000  0.40000000 -0.05000000  0.0003
     457  0.30000000  0.40000000 -0.05000000  0.0003
     458  0.25000000  0.40000000 -0.05000000  0.0003
     459  0.20000000  0.40000000 -0.05000000  0.0003
     460  0.15000000  0.40000000 -0.05000000  0.0003
     461  0.10000000  0.40000000 -0.05000000  0.0003
     462  0.05000000  0.40000000 -0.05000000  0.0003
     463  0.00000000  0.35000000 -0.05000000  0.0003
     464 -0.05000000  0.35000000 -0.05000000  0.0003
     465 -0.10000000  0.35000000 -0.05000000  0.0003
     466 -0.15000000  0.35000000 -0.05000000  0.0003
     467 -0.20000000  0.35000000 -0.05000000  0.0003
     468 -0.25000000  0.35000000 -0.05000000  0.0003
     469  0.30000000 -0.35000000  0.05000000  0.0003
     470  0.35000000 -0.35000000  0.05000000  0.0003
     471  0.40000000 -0.35000000  0.05000000  0.0003
     472  0.45000000 -0.35000000  0.05000000  0.0003
     473  0.50000000  0.35000000 -0.05000000  0.0003
     474  0.45000000  0.35000000 -0.05000000  0.0003
     475  0.40000000  0.35000000 -0.05000000  0.0003
     476  0.35000000  0.35000000 -0.05000000  0.0003
     477  0.30000000  0.35000000 -0.05000000  0.0003
     478  0.25000000  0.35000000 -0.05000000  0.0003
     479  0.20000000  0.35000000 -0.05000000  0.0003
     480  0.15000000  0.35000000 -0.05000000  0.0003
     481  0.10000000  0.35000000 -0.05000000  0.0003
     482  0.05000000  0.35000000 -0.05000000  0.0003
     483  0.00000000  0.30000000 -0.05000000  0.0003
     484 -0.05000000  0.30000000 -0.05000000  0.0003
     485 -0.10000000  0.30000000 -0.05000000  0.0003
     486 -0.15000000  0.30000000 -0.05000000  0.0003
     487 -0.20000000  0.30000000 -0.05000000  0.0003
     488 -0.25000000  0.30000000 -0.05000000  0.0003
     489  0.30000000 -0.30000000  0.05000000  0.0003
     490  0.35000000 -0.30000000  0.05000000  0.0003
     491  0.40000000 -0.30000000  0.05000000  0.0003
     492  0.45000000 -0.30000000  0.05000000  0.0003
     493  0.50000000  0.30000000 -0.05000000  0.0003
     494  0.45000000  0.30000000 -0.05000000  0.0003
     495  0.40000000  0.30000000 -0.05000000  0.0003
     496  0.35000000  0.30000000 -0.05000000  0.0003
     497  0.30000000  0.30000000 -0.05000000  0.0003
     498  0.25000000  0.30000000 -0.05000000  0.0003
     499  0.20000000  0.30000000 -0.05000000  0.0003
     500  0.15000000  0.30000000 -0.05000000  0.0003
     501  0.10000000  0.30000000 -0.05000000  0.0003
     502  0.05000000  0.30000000 -0.05000000  0.0003
     503  0.00000000  0.25000000 -0.05000000  0.0003
     504 -0.05000000  0.25000000 -0.05000000  0.0003
     505 -0.10000000  0.25000000 -0.05000000  0.0003
     506 -0.15000000  0.25000000 -0.05000000  0.0003
     507 -0.20000000  0.25000000 -0.05000000  0.0003
     508  0.25000000 -0.25000000  0.05000000  0.0003
     509  0.30000000 -0.25000000  0.05000000  0.0003
     510  0.35000000 -0.25000000  0.05000000  0.0003
     511  0.40000000 -0.25000000  0.05000000  0.0003
     512  0.45000000 -0.25000000  0.05000000  0.0003
     513  0.50000000  0.25000000 -0.05000000  0.0003
     514  0.45000000  0.25000000 -0.05000000  0.0003
     515  0.40000000  0.25000000 -0.05000000  0.0003
     516  0.35000000  0.25000000 -0.05000000  0.0003
     517  0.30000000  0.25000000 -0.05000000  0.0003
     518  0.25000000  0.25000000 -0.05000000  0.0003
     519  0.20000000  0.25000000 -0.05000000  0.0003
     520  0.15000000  0.25000000 -0.05000000  0.0003
     521  0.10000000  0.25000000 -0.05000000  0.0003
     522  0.05000000  0.25000000 -0.05000000  0.0003
     523  0.00000000  0.20000000 -0.05000000  0.0003
     524 -0.05000000  0.20000000 -0.05000000  0.0003
     525 -0.10000000  0.20000000 -0.05000000  0.0003
     526  0.15000000 -0.20000000  0.05000000  0.0003
     527  0.20000000 -0.20000000  0.05000000  0.0003
     528  0.25000000 -0.20000000  0.05000000  0.0003
     529  0.30000000 -0.20000000  0.05000000  0.0003
     530  0.35000000 -0.20000000  0.05000000  0.0003
     531  0.40000000 -0.20000000  0.05000000  0.0003
     532  0.45000000 -0.20000000  0.05000000  0.0003
     533  0.50000000  0.20000000 -0.05000000  0.0003
     534  0.45000000  0.20000000 -0.05000000  0.0003
     535  0.40000000  0.20000000 -0.05000000  0.0003
     536  0.35000000  0.20000000 -0.05000000  0.0003
     537  0.30000000  0.20000000 -0.05000000  0.0003
     538  0.25000000  0.20000000 -0.05000000  0.0003
     539  0.20000000  0.20000000 -0.05000000  0.0003
     540  0.15000000  0.20000000 -0.05000000  0.0003
     541  0.10000000  0.20000000 -0.05000000  0.0003
     542  0.05000000  0.20000000 -0.05000000  0.0003
     543  0.00000000  0.15000000 -0.05000000  0.0003
     544 -0.05000000  0.15000000 -0.05000000  0.0003
     545  0.10000000 -0.15000000  0.05000000  0.0003
     546  0.15000000 -0.15000000  0.05000000  0.0003
     547  0.20000000 -0.15000000  0.05000000  0.0003
     548  0.25000000 -0.15000000  0.05000000  0.0003
     549  0.30000000 -0.15000000  0.05000000  0.0003
     550  0.35000000 -0.15000000  0.05000000  0.0003
     551  0.40000000 -0.15000000  0.05000000  0.0003
     552  0.45000000 -0.15000000  0.05000000  0.0003
     553  0.50000000  0.15000000 -0.05000000  0.0003
     554  0.45000000  0.15000000 -0.05000000  0.0003
     555  0.40000000  0.15000000 -0.05000000  0.0003
     556  0.35000000  0.15000000 -0.05000000  0.0003
     557  0.30000000  0.15000000 -0.05000000  0.0003
     558  0.25000000  0.15000000 -0.05000000  0.0003
     559  0.20000000  0.15000000 -0.05000000  0.0003
     560  0.15000000  0.15000000 -0.05000000  0.0003
     561  0.10000000  0.15000000 -0.05000000  0.0003
     562  0.05000000  0.15000000 -0.05000000  0.0003
     563  0.00000000  0.10000000 -0.05000000  0.0003
     564  0.05000000 -0.10000000  0.05000000  0.0003
     565  0.10000000 -0.10000000  0.05000000  0.0003
     566  0.15000000 -0.10000000  0.05000000  0.0003
     567  0.20000000 -0.10000000  0.05000000  0.0003
     568  0.25000000 -0.10000000  0.05000000  0.0003
     569  0.30000000 -0.10000000  0.05000000  0.0003
     570  0.35000000 -0.10000000  0.05000000  0.0003
     571  0.40000000 -0.10000000  0.05000000  0.0003
     572  0.45000000 -0.10000000  0.05000000  0.0003
     573  0.50000000  0.10000000 -0.05000000  0.0003
     574  0.45000000  0.10000000 -0.05000000  0.0003
     575  0.40000000  0.10000000 -0.05000000  0.0003
     576  0.35000000  0.10000000 -0.05000000  0.0003
     577  0.30000000  0.10000000 -0.05000000  0.0003
     578  0.25000000  0.10000000 -0.05000000  0.0003
     579  0.20000000  0.10000000 -0.05000000  0.0003
     580  0.15000000  0.10000000 -0.05000000  0.0003
     581  0.10000000  0.10000000 -0.05000000  0.0003
     582  0.05000000  0.10000000 -0.05000000  0.0003
     583  0.00000000  0.05000000 -0.05000000  0.0003
     584  0.05000000 -0.05000000  0.05000000  0.0003
     585  0.10000000 -0.05000000  0.05000000  0.0003
     586  0.15000000 -0.05000000  0.05000000  0.0003
     587  0.20000000 -0.05000000  0.05000000  0.0003
     588  0.25000000 -0.05000000  0.05000000  0.0003
     589  0.30000000 -0.05000000  0.05000000  0.0003
     590  0.35000000 -0.05000000  0.05000000  0.0003
     591  0.40000000 -0.05000000  0.05000000  0.0003
     592  0.45000000 -0.05000000  0.05000000  0.0003
     593  0.50000000 -0.05000000  0.05000000  0.0003
     594  0.45000000  0.05000000 -0.05000000  0.0003
     595  0.40000000  0.05000000 -0.05000000  0.0003
     596  0.35000000  0.05000000 -0.05000000  0.0003
     597  0.30000000  0.05000000 -0.05000000  0.0003
     598  0.25000000  0.05000000 -0.05000000  0.0003
     599  0.20000000  0.05000000 -0.05000000  0.0003
     600  0.15000000  0.05000000 -0.05000000  0.0003
     601  0.10000000  0.05000000 -0.05000000  0.0003
     602  0.05000000  0.05000000 -0.05000000  0.0003
     603  0.00000000  0.00000000  0.10000000  0.0003
     604  0.05000000  0.00000000  0.10000000  0.0003
     605  0.10000000  0.00000000  0.10000000  0.0003
     606  0.15000000  0.00000000  0.10000000  0.0003
     607  0.20000000  0.00000000  0.10000000  0.0003
     608  0.25000000  0.00000000  0.10000000  0.0003
     609  0.30000000  0.00000000  0.10000000  0.0003
     610  0.35000000  0.00000000  0.10000000  0.0003
     611  0.40000000  0.00000000  0.10000000  0.0003
     612  0.45000000  0.00000000  0.10000000  0.0003
     613  0.50000000  0.00000000  0.10000000  0.0003
     614  0.45000000  0.00000000 -0.10000000  0.0003
     615  0.40000000  0.00000000 -0.10000000  0.0003
     616  0.35000000  0.00000000 -0.10000000  0.0003
     617  0.30000000  0.00000000 -0.10000000  0.0003
     618  0.25000000  0.00000000 -0.10000000  0.0003
     619  0.20000000  0.00000000 -0.10000000  0.0003
     620  0.15000000  0.00000000 -0.10000000  0.0003
     621 -0.10000000  0.00000000  0.10000000  0.0003
     622 -0.05000000  0.00000000  0.10000000  0.0003
     623  0.00000000  0.05000000  0.10000000  0.0003
     624  0.05000000  0.05000000  0.10000000  0.0003
     625  0.10000000  0.05000000  0.10000000  0.0003
     626  0.15000000  0.05000000  0.10000000  0.0003
     627  0.20000000  0.05000000  0.10000000  0.0003
     628  0.25000000  0.05000000  0.10000000  0.0003
     629  0.30000000  0.05000000  0.10000000  0.0003
     630  0.35000000  0.05000000  0.10000000  0.0003
     631  0.40000000  0.05000000  0.10000000  0.0003
     632  0.45000000  0.05000000  0.10000000  0.0003
     633  0.50000000  0.05000000  0.10000000  0.0003
     634  0.45000000 -0.05000000 -0.10000000  0.0003
     635  0.40000000 -0.05000000 -0.10000000  0.0003
     636  0.35000000 -0.05000000 -0.10000000  0.0003
     637  0.30000000 -0.05000000 -0.10000000  0.0003
     638  0.25000000 -0.05000000 -0.10000000  0.0003
     639  0.20000000 -0.05000000 -0.10000000  0.0003
     640 -0.15000000  0.05000000  0.10000000  0.0003
     641 -0.10000000  0.05000000  0.10000000  0.0003
     642 -0.05000000  0.05000000  0.10000000  0.0003
     643  0.00000000  0.10000000  0.10000000  0.0003
     644  0.05000000  0.10000000  0.10000000  0.0003
     645  0.10000000  0.10000000  0.10000000  0.0003
     646  0.15000000  0.10000000  0.10000000  0.0003
     647  0.20000000  0.10000000  0.10000000  0.0003
     648  0.25000000  0.10000000  0.10000000  0.0003
     649  0.30000000  0.10000000  0.10000000  0.0003
     650  0.35000000  0.10000000  0.10000000  0.0003
     651  0.40000000  0.10000000  0.10000000  0.0003
     652  0.45000000  0.10000000  0.10000000  0.0003
     653  0.50000000  0.10000000  0.10000000  0.0003
     654  0.45000000 -0.10000000 -0.10000000  0.0003
     655  0.40000000 -0.10000000 -0.10000000  0.0003
     656  0.35000000 -0.10000000 -0.10000000  0.0003
     657  0.30000000 -0.10000000 -0.10000000  0.0003
     658  0.25000000 -0.10000000 -0.10000000  0.0003
     659 -0.20000000  0.10000000  0.10000000  0.0003
     660 -0.15000000  0.10000000  0.10000000  0.0003
     661 -0.10000000  0.10000000  0.10000000  0.0003
     662 -0.05000000  0.10000000  0.10000000  0.0003
     663  0.00000000  0.15000000  0.10000000  0.0003
     664  0.05000000  0.15000000  0.10000000  0.0003
     665  0.10000000  0.15000000  0.10000000  0.0003
     666  0.15000000  0.15000000  0.10000000  0.0003
     667  0.20000000  0.15000000  0.10000000  0.0003
     668  0.25000000  0.15000000  0.10000000  0.0003
     669  0.30000000  0.15000000  0.10000000  0.0003
     670  0.35000000  0.15000000  0.10000000  0.0003
     671  0.40000000  0.15000000  0.10000000  0.0003
     672  0.45000000  0.15000000  0.10000000  0.0003
     673  0.50000000  0.15000000  0.10000000  0.0003
     674  0.45000000 -0.15000000 -0.10000000  0.0003
     675  0.40000000 -0.15000000 -0.10000000  0.0003
     676  0.35000000 -0.15000000 -0.10000000  0.0003
     677  0.30000000 -0.15000000 -0.10000000  0.0003
     678 -0.25000000  0.15000000  0.10000000  0.0003
     679 -0.20000000  0.15000000  0.10000000  0.0003
     680 -0.15000000  0.15000000  0.10000000  0.0003
     681 -0.10000000  0.15000000  0.10000000  0.0003
     682 -0.05000000  0.15000000  0.10000000  0.0003
     683  0.00000000  0.20000000  0.10000000  0.0003
     684  0.05000000  0.20000000  0.10000000  0.0003
     685  0.10000000  0.20000000  0.10000000  0.0003
     686  0.15000000  0.20000000  0.10000000  0.0003
     687  0.20000000  0.20000000  0.10000000  0.0003
     688  0.25000000  0.20000000  0.10000000  0.0003
     689  0.30000000  0.20000000  0.10000000  0.0003
     690  0.35000000  0.20000000  0.10000000  0.0003
     691  0.40000000  0.20000000  0.10000000  0.0003
     692  0.45000000  0.20000000  0.10000000  0.0003
     693  0.50000000  0.20000000  0.10000000  0.0003
     694  0.45000000 -0.20000000 -0.10000000  0.0003
     695  0.40000000 -0.20000000 -0.10000000  0.0003
     696  0.35000000 -0.20000000 -0.10000000  0.0003
     697  0.30000000 -0.20000000 -0.10000000  0.0003
     698 -0.25000000  0.20000000  0.10000000  0.0003
     699 -0.20000000  0.20000000  0.10000000  0.0003
     700 -0.15000000  0.20000000  0.10000000  0.0003
     701 -0.10000000  0.20000000  0.10000000  0.0003
     702 -0.05000000  0.20000000  0.10000000  0.0003
     703  0.00000000  0.25000000  0.10000000  0.0003
     704  0.05000000  0.25000000  0.10000000  0.0003
     705  0.10000000  0.25000000  0.10000000  0.0003
     706  0.15000000  0.25000000  0.10000000  0.0003
     707  0.20000000  0.25000000  0.10000000  0.0003
     708  0.25000000  0.25000000  0.10000000  0.0003
     709  0.30000000  0.25000000  0.10000000  0.0003
     710  0.35000000  0.25000000  0.10000000  0.0003
     711  0.40000000  0.25000000  0.10000000  0.0003
     712  0.45000000  0.25000000  0.10000000  0.0003
     713  0.50000000  0.25000000  0.10000000  0.0003
     714  0.45000000 -0.25000000 -0.10000000  0.0003
     715  0.40000000 -0.25000000 -0.10000000  0.0003
     716 -0.35000000  0.25000000  0.10000000  0.0003
     717 -0.30000000  0.25000000  0.10000000  0.0003
     718 -0.25000000  0.25000000  0.10000000  0.0003
     719 -0.20000000  0.25000000  0.10000000  0.0003
     720 -0.15000000  0.25000000  0.10000000  0.0003
     721 -0.10000000  0.25000000  0.10000000  0.0003
     722 -0.05000000  0.25000000  0.10000000  0.0003
     723  0.00000000  0.30000000  0.10000000  0.0003
     724  0.05000000  0.30000000  0.10000000  0.0003
     725  0.10000000  0.30000000  0.10000000  0.0003
     726  0.15000000  0.30000000  0.10000000  0.0003
     727  0.20000000  0.30000000  0.10000000  0.0003
     728  0.25000000  0.30000000  0.10000000  0.0003
     729  0.30000000  0.30000000  0.10000000  0.0003
     730  0.35000000  0.30000000  0.10000000  0.0003
     731  0.40000000  0.30000000  0.10000000  0.0003
     732  0.45000000  0.30000000  0.10000000  0.0003
     733  0.50000000  0.30000000  0.10000000  0.0003
     734  0.45000000 -0.30000000 -0.10000000  0.0003
     735 -0.40000000  0.30000000  0.10000000  0.0003
     736 -0.35000000  0.30000000  0.10000000  0.0003
     737 -0.30000000  0.30000000  0.10000000  0.0003
     738 -0.25000000  0.30000000  0.10000000  0.0003
     739 -0.20000000  0.30000000  0.10000000  0.0003
     740 -0.15000000  0.30000000  0.10000000  0.0003
     741 -0.10000000  0.30000000  0.10000000  0.0003
     742 -0.05000000  0.30000000  0.10000000  0.0003
     743  0.00000000  0.35000000  0.10000000  0.0003
     744  0.05000000  0.35000000  0.10000000  0.0003
     745  0.10000000  0.35000000  0.10000000  0.0003
     746  0.15000000  0.35000000  0.10000000  0.0003
     747  0.20000000  0.35000000  0.10000000  0.0003
     748  0.25000000  0.35000000  0.10000000  0.0003
     749  0.30000000  0.35000000  0.10000000  0.0003
     750  0.35000000  0.35000000  0.10000000  0.0003
     751  0.40000000  0.35000000  0.10000000  0.0003
     752  0.45000000  0.35000000  0.10000000  0.0003
     753  0.50000000  0.35000000  0.10000000  0.0003
     754 -0.45000000  0.35000000  0.10000000  0.0003
     755 -0.40000000  0.35000000  0.10000000  0.0003
     756 -0.35000000  0.35000000  0.10000000  0.0003
     757 -0.30000000  0.35000000  0.10000000  0.0003
     758 -0.25000000  0.35000000  0.10000000  0.0003
     759 -0.20000000  0.35000000  0.10000000  0.0003
     760 -0.15000000  0.35000000  0.10000000  0.0003
     761 -0.10000000  0.35000000  0.10000000  0.0003
     762 -0.05000000  0.35000000  0.10000000  0.0003
     763  0.00000000  0.40000000  0.10000000  0.0003
     764  0.05000000  0.40000000  0.10000000  0.0003
     765  0.10000000  0.40000000  0.10000000  0.0003
     766  0.15000000  0.40000000  0.10000000  0.0003
     767  0.20000000  0.40000000  0.10000000  0.0003
     768  0.25000000  0.40000000  0.10000000  0.0003
     769  0.30000000  0.40000000  0.10000000  0.0003
     770  0.35000000  0.40000000  0.10000000  0.0003
     771  0.40000000  0.40000000  0.10000000  0.0003
     772  0.45000000  0.40000000  0.10000000  0.0003
     773  0.50000000  0.40000000  0.10000000  0.0003
     774 -0.45000000  0.40000000  0.10000000  0.0003
     775 -0.40000000  0.40000000  0.10000000  0.0003
     776 -0.35000000  0.40000000  0.10000000  0.0003
     777 -0.30000000  0.40000000  0.10000000  0.0003
     778 -0.25000000  0.40000000  0.10000000  0.0003
     779 -0.20000000  0.40000000  0.10000000  0.0003
     780 -0.15000000  0.40000000  0.10000000  0.0003
     781 -0.10000000  0.40000000  0.10000000  0.0003
     782 -0.05000000  0.40000000  0.10000000  0.0003
     783  0.00000000  0.45000000  0.10000000  0.0003
     784  0.05000000  0.45000000  0.10000000  0.0003
     785  0.10000000  0.45000000  0.10000000  0.0003
     786  0.15000000  0.45000000  0.10000000  0.0003
     787  0.20000000  0.45000000  0.10000000  0.0003
     788  0.25000000  0.45000000  0.10000000  0.0003
     789  0.30000000  0.45000000  0.10000000  0.0003
     790  0.35000000  0.45000000  0.10000000  0.0003
     791  0.40000000  0.45000000  0.10000000  0.0003
     792  0.45000000  0.45000000  0.10000000  0.0003
     793  0.50000000  0.45000000  0.10000000  0.0003
     794 -0.45000000  0.45000000  0.10000000  0.0003
     795 -0.40000000  0.45000000  0.10000000  0.0003
     796 -0.35000000  0.45000000  0.10000000  0.0003
     797 -0.30000000  0.45000000  0.10000000  0.0003
     798 -0.25000000  0.45000000  0.10000000  0.0003
     799 -0.20000000  0.45000000  0.10000000  0.0003
     800 -0.15000000  0.45000000  0.10000000  0.0003
     801 -0.10000000  0.45000000  0.10000000  0.0003
     802 -0.05000000  0.45000000  0.10000000  0.0003
     803  0.00000000  0.50000000  0.10000000  0.0003
     804  0.05000000  0.50000000  0.10000000  0.0003
     805  0.10000000  0.50000000  0.10000000  0.0003
     806  0.15000000  0.50000000  0.10000000  0.0003
     807  0.20000000  0.50000000  0.10000000  0.0003
     808  0.25000000  0.50000000  0.10000000  0.0003
     809  0.30000000  0.50000000  0.10000000  0.0003
     810  0.35000000  0.50000000  0.10000000  0.0003
     811  0.40000000  0.50000000  0.10000000  0.0003
     812  0.45000000  0.50000000  0.10000000  0.0003
     813  0.50000000  0.50000000  0.10000000  0.0003
     814  0.45000000  0.50000000 -0.10000000  0.0003
     815  0.40000000  0.50000000 -0.10000000  0.0003
     816  0.35000000  0.50000000 -0.10000000  0.0003
     817  0.30000000  0.50000000 -0.10000000  0.0003
     818  0.25000000  0.50000000 -0.10000000  0.0003
     819  0.20000000  0.50000000 -0.10000000  0.0003
     820  0.15000000  0.50000000 -0.10000000  0.0003
     821 -0.10000000  0.50000000  0.10000000  0.0003
     822 -0.05000000  0.50000000  0.10000000  0.0003
     823  0.00000000  0.45000000 -0.10000000  0.0003
     824 -0.05000000  0.45000000 -0.10000000  0.0003
     825 -0.10000000  0.45000000 -0.10000000  0.0003
     826 -0.15000000  0.45000000 -0.10000000  0.0003
     827 -0.20000000  0.45000000 -0.10000000  0.0003
     828 -0.25000000  0.45000000 -0.10000000  0.0003
     829 -0.30000000  0.45000000 -0.10000000  0.0003
     830 -0.35000000  0.45000000 -0.10000000  0.0003
     831  0.40000000 -0.45000000  0.10000000  0.0003
     832  0.45000000 -0.45000000  0.10000000  0.0003
     833  0.50000000  0.45000000 -0.10000000  0.0003
     834  0.45000000  0.45000000 -0.10000000  0.0003
     835  0.40000000  0.45000000 -0.10000000  0.0003
     836  0.35000000  0.45000000 -0.10000000  0.0003
     837  0.30000000  0.45000000 -0.10000000  0.0003
     838  0.25000000  0.45000000 -0.10000000  0.0003
     839  0.20000000  0.45000000 -0.10000000  0.0003
     840  0.15000000  0.45000000 -0.10000000  0.0003
     841  0.10000000  0.45000000 -0.10000000  0.0003
     842  0.05000000  0.45000000 -0.10000000  0.0003
     843  0.00000000  0.40000000 -0.10000000  0.0003
     844 -0.05000000  0.40000000 -0.10000000  0.0003
     845 -0.10000000  0.40000000 -0.10000000  0.0003
     846 -0.15000000  0.40000000 -0.10000000  0.0003
     847 -0.20000000  0.40000000 -0.10000000  0.0003
     848 -0.25000000  0.40000000 -0.10000000  0.0003
     849  0.30000000 -0.40000000  0.10000000  0.0003
     850  0.35000000 -0.40000000  0.10000000  0.0003
     851  0.40000000 -0.40000000  0.10000000  0.0003
     852  0.45000000 -0.40000000  0.10000000  0.0003
     853  0.50000000  0.40000000 -0.10000000  0.0003
     854  0.45000000  0.40000000 -0.10000000  0.0003
     855  0.40000000  0.40000000 -0.10000000  0.0003
     856  0.35000000  0.40000000 -0.10000000  0.0003
     857  0.30000000  0.40000000 -0.10000000  0.0003
     858  0.25000000  0.40000000 -0.10000000  0.0003
     859  0.20000000  0.40000000 -0.10000000  0.0003
     860  0.15000000  0.40000000 -0.10000000  0.0003
     861  0.10000000  0.40000000 -0.10000000  0.0003
     862  0.05000000  0.40000000 -0.10000000  0.0003
     863  0.00000000  0.35000000 -0.10000000  0.0003
     864 -0.05000000  0.35000000 -0.10000000  0.0003
     865 -0.10000000  0.35000000 -0.10000000  0.0003
     866 -0.15000000  0.35000000 -0.10000000  0.0003
     867 -0.20000000  0.35000000 -0.10000000  0.0003
     868 -0.25000000  0.35000000 -0.10000000  0.0003
     869  0.30000000 -0.35000000  0.10000000  0.0003
     870  0.35000000 -0.35000000  0.10000000  0.0003
     871  0.40000000 -0.35000000  0.10000000  0.0003
     872  0.45000000 -0.35000000  0.10000000  0.0003
     873  0.50000000  0.35000000 -0.10000000  0.0003
     874  0.45000000  0.35000000 -0.10000000  0.0003
     875  0.40000000  0.35000000 -0.10000000  0.0003
     876  0.35000000  0.35000000 -0.10000000  0.0003
     877  0.30000000  0.35000000 -0.10000000  0.0003
     878  0.25000000  0.35000000 -0.10000000  0.0003
     879  0.20000000  0.35000000 -0.10000000  0.0003
     880  0.15000000  0.35000000 -0.10000000  0.0003
     881  0.10000000  0.35000000 -0.10000000  0.0003
     882  0.05000000  0.35000000 -0.10000000  0.0003
     883  0.00000000  0.30000000 -0.10000000  0.0003
     884 -0.05000000  0.30000000 -0.10000000  0.0003
     885 -0.10000000  0.30000000 -0.10000000  0.0003
     886 -0.15000000  0.30000000 -0.10000000  0.0003
     887 -0.20000000  0.30000000 -0.10000000  0.0003
     888  0.25000000 -0.30000000  0.10000000  0.0003
     889  0.30000000 -0.30000000  0.10000000  0.0003
     890  0.35000000 -0.30000000  0.10000000  0.0003
     891  0.40000000 -0.30000000  0.10000000  0.0003
     892  0.45000000 -0.30000000  0.10000000  0.0003
     893  0.50000000  0.30000000 -0.10000000  0.0003
     894  0.45000000  0.30000000 -0.10000000  0.0003
     895  0.40000000  0.30000000 -0.10000000  0.0003
     896  0.35000000  0.30000000 -0.10000000  0.0003
     897  0.30000000  0.30000000 -0.10000000  0.0003
     898  0.25000000  0.30000000 -0.10000000  0.0003
     899  0.20000000  0.30000000 -0.10000000  0.0003
     900  0.15000000  0.30000000 -0.10000000  0.0003
     901  0.10000000  0.30000000 -0.10000000  0.0003
     902  0.05000000  0.30000000 -0.10000000  0.0003
     903  0.00000000  0.25000000 -0.10000000  0.0003
     904 -0.05000000  0.25000000 -0.10000000  0.0003
     905 -0.10000000  0.25000000 -0.10000000  0.0003
     906  0.15000000 -0.25000000  0.10000000  0.0003
     907  0.20000000 -0.25000000  0.10000000  0.0003
     908  0.25000000 -0.25000000  0.10000000  0.0003
     909  0.30000000 -0.25000000  0.10000000  0.0003
     910  0.35000000 -0.25000000  0.10000000  0.0003
     911  0.40000000 -0.25000000  0.10000000  0.0003
     912  0.45000000 -0.25000000  0.10000000  0.0003
     913  0.50000000  0.25000000 -0.10000000  0.0003
     914  0.45000000  0.25000000 -0.10000000  0.0003
     915  0.40000000  0.25000000 -0.10000000  0.0003
     916  0.35000000  0.25000000 -0.10000000  0.0003
     917  0.30000000  0.25000000 -0.10000000  0.0003
     918  0.25000000  0.25000000 -0.10000000  0.0003
     919  0.20000000  0.25000000 -0.10000000  0.0003
     920  0.15000000  0.25000000 -0.10000000  0.0003
     921  0.10000000  0.25000000 -0.10000000  0.0003
     922  0.05000000  0.25000000 -0.10000000  0.0003
     923  0.00000000  0.20000000 -0.10000000  0.0003
     924 -0.05000000  0.20000000 -0.10000000  0.0003
     925  0.10000000 -0.20000000  0.10000000  0.0003
     926  0.15000000 -0.20000000  0.10000000  0.0003
     927  0.20000000 -0.20000000  0.10000000  0.0003
     928  0.25000000 -0.20000000  0.10000000  0.0003
     929  0.30000000 -0.20000000  0.10000000  0.0003
     930  0.35000000 -0.20000000  0.10000000  0.0003
     931  0.40000000 -0.20000000  0.10000000  0.0003
     932  0.45000000 -0.20000000  0.10000000  0.0003
     933  0.50000000  0.20000000 -0.10000000  0.0003
     934  0.45000000  0.20000000 -0.10000000  0.0003
     935  0.40000000  0.20000000 -0.10000000  0.0003
     936  0.35000000  0.20000000 -0.10000000  0.0003
     937  0.30000000  0.20000000 -0.10000000  0.0003
     938  0.25000000  0.20000000 -0.10000000  0.0003
     939  0.20000000  0.20000000 -0.10000000  0.0003
     940  0.15000000  0.20000000 -0.10000000  0.0003
     941  0.10000000  0.20000000 -0.10000000  0.0003
     942  0.05000000  0.20000000 -0.10000000  0.0003
     943  0.00000000  0.15000000 -0.10000000  0.0003
     944  0.05000000 -0.15000000  0.10000000  0.0003
     945  0.10000000 -0.15000000  0.10000000  0.0003
     946  0.15000000 -0.15000000  0.10000000  0.0003
     947  0.20000000 -0.15000000  0.10000000  0.0003
     948  0.25000000 -0.15000000  0.10000000  0.0003
     949  0.30000000 -0.15000000  0.10000000  0.0003
     950  0.35000000 -0.15000000  0.10000000  0.0003
     951  0.40000000 -0.15000000  0.10000000  0.0003
     952  0.45000000 -0.15000000  0.10000000  0.0003
     953  0.50000000  0.15000000 -0.10000000  0.0003
     954  0.45000000  0.15000000 -0.10000000  0.0003
     955  0.40000000  0.15000000 -0.10000000  0.0003
     956  0.35000000  0.15000000 -0.10000000  0.0003
     957  0.30000000  0.15000000 -0.10000000  0.0003
     958  0.25000000  0.15000000 -0.10000000  0.0003
     959  0.20000000  0.15000000 -0.10000000  0.0003
     960  0.15000000  0.15000000 -0.10000000  0.0003
     961  0.10000000  0.15000000 -0.10000000  0.0003
     962  0.05000000  0.15000000 -0.10000000  0.0003
     963  0.00000000 -0.10000000  0.10000000  0.0003
     964  0.05000000 -0.10000000  0.10000000  0.0003
     965  0.10000000 -0.10000000  0.10000000  0.0003
     966  0.15000000 -0.10000000  0.10000000  0.0003
     967  0.20000000 -0.10000000  0.10000000  0.0003
     968  0.25000000 -0.10000000  0.10000000  0.0003
     969  0.30000000 -0.10000000  0.10000000  0.0003
     970  0.35000000 -0.10000000  0.10000000  0.0003
     971  0.40000000 -0.10000000  0.10000000  0.0003
     972  0.45000000 -0.10000000  0.10000000  0.0003
     973  0.50000000 -0.10000000  0.10000000  0.0003
     974  0.45000000  0.10000000 -0.10000000  0.0003
     975  0.40000000  0.10000000 -0.10000000  0.0003
     976  0.35000000  0.10000000 -0.10000000  0.0003
     977  0.30000000  0.10000000 -0.10000000  0.0003
     978  0.25000000  0.10000000 -0.10000000  0.0003
     979  0.20000000  0.10000000 -0.10000000  0.0003
     980  0.15000000  0.10000000 -0.10000000  0.0003
     981  0.10000000  0.10000000 -0.10000000  0.0003
     982  0.05000000  0.10000000 -0.10000000  0.0003
     983  0.00000000 -0.05000000  0.10000000  0.0003
     984  0.05000000 -0.05000000  0.10000000  0.0003
     985  0.10000000 -0.05000000  0.10000000  0.0003
     986  0.15000000 -0.05000000  0.10000000  0.0003
     987  0.20000000 -0.05000000  0.10000000  0.0003
     988  0.25000000 -0.05000000  0.10000000  0.0003
     989  0.30000000 -0.05000000  0.10000000  0.0003
     990  0.35000000 -0.05000000  0.10000000  0.0003
     991  0.40000000 -0.05000000  0.10000000  0.0003
     992  0.45000000 -0.05000000  0.10000000  0.0003
     993  0.50000000 -0.05000000  0.10000000  0.0003
     994  0.45000000  0.05000000 -0.10000000  0.0003
     995  0.40000000  0.05000000 -0.10000000  0.0003
     996  0.35000000  0.05000000 -0.10000000  0.0003
     997  0.30000000  0.05000000 -0.10000000  0.0003
     998  0.25000000  0.05000000 -0.10000000  0.0003
     999  0.20000000  0.05000000 -0.10000000  0.0003
    1000  0.15000000  0.05000000 -0.10000000  0.0003
    1001  0.10000000  0.05000000 -0.10000000  0.0003
    1002 -0.05000000 -0.05000000  0.10000000  0.0003
    1003  0.00000000  0.00000000  0.15000000  0.0003
    1004  0.05000000  0.00000000  0.15000000  0.0003
    1005  0.10000000  0.00000000  0.15000000  0.0003
    1006  0.15000000  0.00000000  0.15000000  0.0003
    1007  0.20000000  0.00000000  0.15000000  0.0003
    1008  0.25000000  0.00000000  0.15000000  0.0003
    1009  0.30000000  0.00000000  0.15000000  0.0003
    1010  0.35000000  0.00000000  0.15000000  0.0003
    1011  0.40000000  0.00000000  0.15000000  0.0003
    1012  0.45000000  0.00000000  0.15000000  0.0003
    1013  0.50000000  0.00000000  0.15000000  0.0003
    1014  0.45000000  0.00000000 -0.15000000  0.0003
    1015  0.40000000  0.00000000 -0.15000000  0.0003
    1016  0.35000000  0.00000000 -0.15000000  0.0003
    1017  0.30000000  0.00000000 -0.15000000  0.0003
    1018  0.25000000  0.00000000 -0.15000000  0.0003
    1019  0.20000000  0.00000000 -0.15000000  0.0003
    1020 -0.15000000  0.00000000  0.15000000  0.0003
    1021 -0.10000000  0.00000000  0.15000000  0.0003
    1022 -0.05000000  0.00000000  0.15000000  0.0003
    1023  0.00000000  0.05000000  0.15000000  0.0003
    1024  0.05000000  0.05000000  0.15000000  0.0003
    1025  0.10000000  0.05000000  0.15000000  0.0003
    1026  0.15000000  0.05000000  0.15000000  0.0003
    1027  0.20000000  0.05000000  0.15000000  0.0003
    1028  0.25000000  0.05000000  0.15000000  0.0003
    1029  0.30000000  0.05000000  0.15000000  0.0003
    1030  0.35000000  0.05000000  0.15000000  0.0003
    1031  0.40000000  0.05000000  0.15000000  0.0003
    1032  0.45000000  0.05000000  0.15000000  0.0003
    1033  0.50000000  0.05000000  0.15000000  0.0003
    1034  0.45000000 -0.05000000 -0.15000000  0.0003
    1035  0.40000000 -0.05000000 -0.15000000  0.0003
    1036  0.35000000 -0.05000000 -0.15000000  0.0003
    1037  0.30000000 -0.05000000 -0.15000000  0.0003
    1038  0.25000000 -0.05000000 -0.15000000  0.0003
    1039 -0.20000000  0.05000000  0.15000000  0.0003
    1040 -0.15000000  0.05000000  0.15000000  0.0003
    1041 -0.10000000  0.05000000  0.15000000  0.0003
    1042 -0.05000000  0.05000000  0.15000000  0.0003
    1043  0.00000000  0.10000000  0.15000000  0.0003
    1044  0.05000000  0.10000000  0.15000000  0.0003
    1045  0.10000000  0.10000000  0.15000000  0.0003
    1046  0.15000000  0.10000000  0.15000000  0.0003
    1047  0.20000000  0.10000000  0.15000000  0.0003
    1048  0.25000000  0.10000000  0.15000000  0.0003
    1049  0.30000000  0.10000000  0.15000000  0.0003
    1050  0.35000000  0.10000000  0.15000000  0.0003
    1051  0.40000000  0.10000000  0.15000000  0.0003
    1052  0.45000000  0.10000000  0.15000000  0.0003
    1053  0.50000000  0.10000000  0.15000000  0.0003
    1054  0.45000000 -0.10000000 -0.15000000  0.0003
    1055  0.40000000 -0.10000000 -0.15000000  0.0003
    1056  0.35000000 -0.10000000 -0.15000000  0.0003
    1057  0.30000000 -0.10000000 -0.15000000  0.0003
    1058 -0.25000000  0.10000000  0.15000000  0.0003
    1059 -0.20000000  0.10000000  0.15000000  0.0003
    1060 -0.15000000  0.10000000  0.15000000  0.0003
    1061 -0.10000000  0.10000000  0.15000000  0.0003
    1062 -0.05000000  0.10000000  0.15000000  0.0003
    1063  0.00000000  0.15000000  0.15000000  0.0003
    1064  0.05000000  0.15000000  0.15000000  0.0003
    1065  0.10000000  0.15000000  0.15000000  0.0003
    1066  0.15000000  0.15000000  0.15000000  0.0003
    1067  0.20000000  0.15000000  0.15000000  0.0003
    1068  0.25000000  0.15000000  0.15000000  0.0003
    1069  0.30000000  0.15000000  0.15000000  0.0003
    1070  0.35000000  0.15000000  0.15000000  0.0003
    1071  0.40000000  0.15000000  0.15000000  0.0003
    1072  0.45000000  0.15000000  0.15000000  0.0003
    1073  0.50000000  0.15000000  0.15000000  0.0003
    1074  0.45000000 -0.15000000 -0.15000000  0.0003
    1075  0.40000000 -0.15000000 -0.15000000  0.0003
    1076  0.35000000 -0.15000000 -0.15000000  0.0003
    1077  0.30000000 -0.15000000 -0.15000000  0.0003
    1078 -0.25000000  0.15000000  0.15000000  0.0003
    1079 -0.20000000  0.15000000  0.15000000  0.0003
    1080 -0.15000000  0.15000000  0.15000000  0.0003
    1081 -0.10000000  0.15000000  0.15000000  0.0003
    1082 -0.05000000  0.15000000  0.15000000  0.0003
    1083  0.00000000  0.20000000  0.15000000  0.0003
    1084  0.05000000  0.20000000  0.15000000  0.0003
    1085  0.10000000  0.20000000  0.15000000  0.0003
    1086  0.15000000  0.20000000  0.15000000  0.0003
    1087  0.20000000  0.20000000  0.15000000  0.0003
    1088  0.25000000  0.20000000  0.15000000  0.0003
    1089  0.30000000  0.20000000  0.15000000  0.0003
    1090  0.35000000  0.20000000  0.15000000  0.0003
    1091  0.40000000  0.20000000  0.15000000  0.0003
    1092  0.45000000  0.20000000  0.15000000  0.0003
    1093  0.50000000  0.20000000  0.15000000  0.0003
    1094  0.45000000 -0.20000000 -0.15000000  0.0003
    1095  0.40000000 -0.20000000 -0.15000000  0.0003
    1096  0.35000000 -0.20000000 -0.15000000  0.0003
    1097 -0.30000000  0.20000000  0.15000000  0.0003
    1098 -0.25000000  0.20000000  0.15000000  0.0003
    1099 -0.20000000  0.20000000  0.15000000  0.0003
    1100 -0.15000000  0.20000000  0.15000000  0.0003
    1101 -0.10000000  0.20000000  0.15000000  0.0003
    1102 -0.05000000  0.20000000  0.15000000  0.0003
    1103  0.00000000  0.25000000  0.15000000  0.0003
    1104  0.05000000  0.25000000  0.15000000  0.0003
    1105  0.10000000  0.25000000  0.15000000  0.0003
    1106  0.15000000  0.25000000  0.15000000  0.0003
    1107  0.20000000  0.25000000  0.15000000  0.0003
    1108  0.25000000  0.25000000  0.15000000  0.0003
    1109  0.30000000  0.25000000  0.15000000  0.0003
    1110  0.35000000  0.25000000  0.15000000  0.0003
    1111  0.40000000  0.25000000  0.15000000  0.0003
    1112  0.45000000  0.25000000  0.15000000  0.0003
    1113  0.50000000  0.25000000  0.15000000  0.0003
    1114  0.45000000 -0.25000000 -0.15000000  0.0003
    1115  0.40000000 -0.25000000 -0.15000000  0.0003
    1116 -0.35000000  0.25000000  0.15000000  0.0003
    1117 -0.30000000  0.25000000  0.15000000  0.0003
    1118 -0.25000000  0.25000000  0.15000000  0.0003
    1119 -0.20000000  0.25000000  0.15000000  0.0003
    1120 -0.15000000  0.25000000  0.15000000  0.0003
    1121 -0.10000000  0.25000000  0.15000000  0.0003
    1122 -0.05000000  0.25000000  0.15000000  0.0003
    1123  0.00000000  0.30000000  0.15000000  0.0003
    1124  0.05000000  0.30000000  0.15000000  0.0003
    1125  0.10000000  0.30000000  0.15000000  0.0003
    1126  0.15000000  0.30000000  0.15000000  0.0003
    1127  0.20000000  0.30000000  0.15000000  0.0003
    1128  0.25000000  0.30000000  0.15000000  0.0003
    1129  0.30000000  0.30000000  0.15000000  0.0003
    1130  0.35000000  0.30000000  0.15000000  0.0003
    1131  0.40000000  0.30000000  0.15000000  0.0003
    1132  0.45000000  0.30000000  0.15000000  0.0003
    1133  0.50000000  0.30000000  0.15000000  0.0003
    1134  0.45000000 -0.30000000 -0.15000000  0.0003
    1135 -0.40000000  0.30000000  0.15000000  0.0003
    1136 -0.35000000  0.30000000  0.15000000  0.0003
    1137 -0.30000000  0.30000000  0.15000000  0.0003
    1138 -0.25000000  0.30000000  0.15000000  0.0003
    1139 -0.20000000  0.30000000  0.15000000  0.0003
    1140 -0.15000000  0.30000000  0.15000000  0.0003
    1141 -0.10000000  0.30000000  0.15000000  0.0003
    1142 -0.05000000  0.30000000  0.15000000  0.0003
    1143  0.00000000  0.35000000  0.15000000  0.0003
    1144  0.05000000  0.35000000  0.15000000  0.0003
    1145  0.10000000  0.35000000  0.15000000  0.0003
    1146  0.15000000  0.35000000  0.15000000  0.0003
    1147  0.20000000  0.35000000  0.15000000  0.0003
    1148  0.25000000  0.35000000  0.15000000  0.0003
    1149  0.30000000  0.35000000  0.15000000  0.0003
    1150  0.35000000  0.35000000  0.15000000  0.0003
    1151  0.40000000  0.35000000  0.15000000  0.0003
    1152  0.45000000  0.35000000  0.15000000  0.0003
    1153  0.50000000  0.35000000  0.15000000  0.0003
    1154 -0.45000000  0.35000000  0.15000000  0.0003
    1155 -0.40000000  0.35000000  0.15000000  0.0003
    1156 -0.35000000  0.35000000  0.15000000  0.0003
    1157 -0.30000000  0.35000000  0.15000000  0.0003
    1158 -0.25000000  0.35000000  0.15000000  0.0003
    1159 -0.20000000  0.35000000  0.15000000  0.0003
    1160 -0.15000000  0.35000000  0.15000000  0.0003
    1161 -0.10000000  0.35000000  0.15000000  0.0003
    1162 -0.05000000  0.35000000  0.15000000  0.0003
    1163  0.00000000  0.40000000  0.15000000  0.0003
    1164  0.05000000  0.40000000  0.15000000  0.0003
    1165  0.10000000  0.40000000  0.15000000  0.0003
    1166  0.15000000  0.40000000  0.15000000  0.0003
    1167  0.20000000  0.40000000  0.15000000  0.0003
    1168  0.25000000  0.40000000  0.15000000  0.0003
    1169  0.30000000  0.40000000  0.15000000  0.0003
    1170  0.35000000  0.40000000  0.15000000  0.0003
    1171  0.40000000  0.40000000  0.15000000  0.0003
    1172  0.45000000  0.40000000  0.15000000  0.0003
    1173  0.50000000  0.40000000  0.15000000  0.0003
    1174 -0.45000000  0.40000000  0.15000000  0.0003
    1175 -0.40000000  0.40000000  0.15000000  0.0003
    1176 -0.35000000  0.40000000  0.15000000  0.0003
    1177 -0.30000000  0.40000000  0.15000000  0.0003
    1178 -0.25000000  0.40000000  0.15000000  0.0003
    1179 -0.20000000  0.40000000  0.15000000  0.0003
    1180 -0.15000000  0.40000000  0.15000000  0.0003
    1181 -0.10000000  0.40000000  0.15000000  0.0003
    1182 -0.05000000  0.40000000  0.15000000  0.0003
    1183  0.00000000  0.45000000  0.15000000  0.0003
    1184  0.05000000  0.45000000  0.15000000  0.0003
    1185  0.10000000  0.45000000  0.15000000  0.0003
    1186  0.15000000  0.45000000  0.15000000  0.0003
    1187  0.20000000  0.45000000  0.15000000  0.0003
    1188  0.25000000  0.45000000  0.15000000  0.0003
    1189  0.30000000  0.45000000  0.15000000  0.0003
    1190  0.35000000  0.45000000  0.15000000  0.0003
    1191  0.40000000  0.45000000  0.15000000  0.0003
    1192  0.45000000  0.45000000  0.15000000  0.0003
    1193  0.50000000  0.45000000  0.15000000  0.0003
    1194 -0.45000000  0.45000000  0.15000000  0.0003
    1195 -0.40000000  0.45000000  0.15000000  0.0003
    1196 -0.35000000  0.45000000  0.15000000  0.0003
    1197 -0.30000000  0.45000000  0.15000000  0.0003
    1198 -0.25000000  0.45000000  0.15000000  0.0003
    1199 -0.20000000  0.45000000  0.15000000  0.0003
    1200 -0.15000000  0.45000000  0.15000000  0.0003
    1201 -0.10000000  0.45000000  0.15000000  0.0003
    1202 -0.05000000  0.45000000  0.15000000  0.0003
    1203  0.00000000  0.50000000  0.15000000  0.0003
    1204  0.05000000  0.50000000  0.15000000  0.0003
    1205  0.10000000  0.50000000  0.15000000  0.0003
    1206  0.15000000  0.50000000  0.15000000  0.0003
    1207  0.20000000  0.50000000  0.15000000  0.0003
    1208  0.25000000  0.50000000  0.15000000  0.0003
    1209  0.30000000  0.50000000  0.15000000  0.0003
    1210  0.35000000  0.50000000  0.15000000  0.0003
    1211  0.40000000  0.50000000  0.15000000  0.0003
    1212  0.45000000  0.50000000  0.15000000  0.0003
    1213  0.50000000  0.50000000  0.15000000  0.0003
    1214  0.45000000  0.50000000 -0.15000000  0.0003
    1215  0.40000000  0.50000000 -0.15000000  0.0003
    1216  0.35000000  0.50000000 -0.15000000  0.0003
    1217  0.30000000  0.50000000 -0.15000000  0.0003
    1218  0.25000000  0.50000000 -0.15000000  0.0003
    1219  0.20000000  0.50000000 -0.15000000  0.0003
    1220 -0.15000000  0.50000000  0.15000000  0.0003
    1221 -0.10000000  0.50000000  0.15000000  0.0003
    1222 -0.05000000  0.50000000  0.15000000  0.0003
    1223  0.00000000  0.45000000 -0.15000000  0.0003
    1224 -0.05000000  0.45000000 -0.15000000  0.0003
    1225 -0.10000000  0.45000000 -0.15000000  0.0003
    1226 -0.15000000  0.45000000 -0.15000000  0.0003
    1227 -0.20000000  0.45000000 -0.15000000  0.0003
    1228 -0.25000000  0.45000000 -0.15000000  0.0003
    1229 -0.30000000  0.45000000 -0.15000000  0.0003
    1230  0.35000000 -0.45000000  0.15000000  0.0003
    1231  0.40000000 -0.45000000  0.15000000  0.0003
    1232  0.45000000 -0.45000000  0.15000000  0.0003
    1233  0.50000000  0.45000000 -0.15000000  0.0003
    1234  0.45000000  0.45000000 -0.15000000  0.0003
    1235  0.40000000  0.45000000 -0.15000000  0.0003
    1236  0.35000000  0.45000000 -0.15000000  0.0003
    1237  0.30000000  0.45000000 -0.15000000  0.0003
    1238  0.25000000  0.45000000 -0.15000000  0.0003
    1239  0.20000000  0.45000000 -0.15000000  0.0003
    1240  0.15000000  0.45000000 -0.15000000  0.0003
    1241  0.10000000  0.45000000 -0.15000000  0.0003
    1242  0.05000000  0.45000000 -0.15000000  0.0003
    1243  0.00000000  0.40000000 -0.15000000  0.0003
    1244 -0.05000000  0.40000000 -0.15000000  0.0003
    1245 -0.10000000  0.40000000 -0.15000000  0.0003
    1246 -0.15000000  0.40000000 -0.15000000  0.0003
    1247 -0.20000000  0.40000000 -0.15000000  0.0003
    1248 -0.25000000  0.40000000 -0.15000000  0.0003
    1249  0.30000000 -0.40000000  0.15000000  0.0003
    1250  0.35000000 -0.40000000  0.15000000  0.0003
    1251  0.40000000 -0.40000000  0.15000000  0.0003
    1252  0.45000000 -0.40000000  0.15000000  0.0003
    1253  0.50000000  0.40000000 -0.15000000  0.0003
    1254  0.45000000  0.40000000 -0.15000000  0.0003
    1255  0.40000000  0.40000000 -0.15000000  0.0003
    1256  0.35000000  0.40000000 -0.15000000  0.0003
    1257  0.30000000  0.40000000 -0.15000000  0.0003
    1258  0.25000000  0.40000000 -0.15000000  0.0003
    1259  0.20000000  0.40000000 -0.15000000  0.0003
    1260  0.15000000  0.40000000 -0.15000000  0.0003
    1261  0.10000000  0.40000000 -0.15000000  0.0003
    1262  0.05000000  0.40000000 -0.15000000  0.0003
    1263  0.00000000  0.35000000 -0.15000000  0.0003
    1264 -0.05000000  0.35000000 -0.15000000  0.0003
    1265 -0.10000000  0.35000000 -0.15000000  0.0003
    1266 -0.15000000  0.35000000 -0.15000000  0.0003
    1267 -0.20000000  0.35000000 -0.15000000  0.0003
    1268  0.25000000 -0.35000000  0.15000000  0.0003
    1269  0.30000000 -0.35000000  0.15000000  0.0003
    1270  0.35000000 -0.35000000  0.15000000  0.0003
    1271  0.40000000 -0.35000000  0.15000000  0.0003
    1272  0.45000000 -0.35000000  0.15000000  0.0003
    1273  0.50000000  0.35000000 -0.15000000  0.0003
    1274  0.45000000  0.35000000 -0.15000000  0.0003
    1275  0.40000000  0.35000000 -0.15000000  0.0003
    1276  0.35000000  0.35000000 -0.15000000  0.0003
    1277  0.30000000  0.35000000 -0.15000000  0.0003
    1278  0.25000000  0.35000000 -0.15000000  0.0003
    1279  0.20000000  0.35000000 -0.15000000  0.0003
    1280  0.15000000  0.35000000 -0.15000000  0.0003
    1281  0.10000000  0.35000000 -0.15000000  0.0003
    1282  0.05000000  0.35000000 -0.15000000  0.0003
    1283  0.00000000  0.30000000 -0.15000000  0.0003
    1284 -0.05000000  0.30000000 -0.15000000  0.0003
    1285 -0.10000000  0.30000000 -0.15000000  0.0003
    1286 -0.15000000  0.30000000 -0.15000000  0.0003
    1287  0.20000000 -0.30000000  0.15000000  0.0003
    1288  0.25000000 -0.30000000  0.15000000  0.0003
    1289  0.30000000 -0.30000000  0.15000000  0.0003
    1290  0.35000000 -0.30000000  0.15000000  0.0003
    1291  0.40000000 -0.30000000  0.15000000  0.0003
    1292  0.45000000 -0.30000000  0.15000000  0.0003
    1293  0.50000000  0.30000000 -0.15000000  0.0003
    1294  0.45000000  0.30000000 -0.15000000  0.0003
    1295  0.40000000  0.30000000 -0.15000000  0.0003
    1296  0.35000000  0.30000000 -0.15000000  0.0003
    1297  0.30000000  0.30000000 -0.15000000  0.0003
    1298  0.25000000  0.30000000 -0.15000000  0.0003
    1299  0.20000000  0.30000000 -0.15000000  0.0003
    1300  0.15000000  0.30000000 -0.15000000  0.0003
    1301  0.10000000  0.30000000 -0.15000000  0.0003
    1302  0.05000000  0.30000000 -0.15000000  0.0003
    1303  0.00000000  0.25000000 -0.15000000  0.0003
    1304 -0.05000000  0.25000000 -0.15000000  0.0003
    1305  0.10000000 -0.25000000  0.15000000  0.0003
    1306  0.15000000 -0.25000000  0.15000000  0.0003
    1307  0.20000000 -0.25000000  0.15000000  0.0003
    1308  0.25000000 -0.25000000  0.15000000  0.0003
    1309  0.30000000 -0.25000000  0.15000000  0.0003
    1310  0.35000000 -0.25000000  0.15000000  0.0003
    1311  0.40000000 -0.25000000  0.15000000  0.0003
    1312  0.45000000 -0.25000000  0.15000000  0.0003
    1313  0.50000000  0.25000000 -0.15000000  0.0003
    1314  0.45000000  0.25000000 -0.15000000  0.0003
    1315  0.40000000  0.25000000 -0.15000000  0.0003
    1316  0.35000000  0.25000000 -0.15000000  0.0003
    1317  0.30000000  0.25000000 -0.15000000  0.0003
    1318  0.25000000  0.25000000 -0.15000000  0.0003
    1319  0.20000000  0.25000000 -0.15000000  0.0003
    1320  0.15000000  0.25000000 -0.15000000  0.0003
    1321  0.10000000  0.25000000 -0.15000000  0.0003
    1322  0.05000000  0.25000000 -0.15000000  0.0003
    1323  0.00000000  0.20000000 -0.15000000  0.0003
    1324  0.05000000 -0.20000000  0.15000000  0.0003
    1325  0.10000000 -0.20000000  0.15000000  0.0003
    1326  0.15000000 -0.20000000  0.15000000  0.0003
    1327  0.20000000 -0.20000000  0.15000000  0.0003
    1328  0.25000000 -0.20000000  0.15000000  0.0003
    1329  0.30000000 -0.20000000  0.15000000  0.0003
    1330  0.35000000 -0.20000000  0.15000000  0.0003
    1331  0.40000000 -0.20000000  0.15000000  0.0003
    1332  0.45000000 -0.20000000  0.15000000  0.0003
    1333  0.50000000  0.20000000 -0.15000000  0.0003
    1334  0.45000000  0.20000000 -0.15000000  0.0003
    1335  0.40000000  0.20000000 -0.15000000  0.0003
    1336  0.35000000  0.20000000 -0.15000000  0.0003
    1337  0.30000000  0.20000000 -0.15000000  0.0003
    1338  0.25000000  0.20000000 -0.15000000  0.0003
    1339  0.20000000  0.20000000 -0.15000000  0.0003
    1340  0.15000000  0.20000000 -0.15000000  0.0003
    1341  0.10000000  0.20000000 -0.15000000  0.0003
    1342  0.05000000  0.20000000 -0.15000000  0.0003
    1343  0.00000000 -0.15000000  0.15000000  0.0003
    1344  0.05000000 -0.15000000  0.15000000  0.0003
    1345  0.10000000 -0.15000000  0.15000000  0.0003
    1346  0.15000000 -0.15000000  0.15000000  0.0003
    1347  0.20000000 -0.15000000  0.15000000  0.0003
    1348  0.25000000 -0.15000000  0.15000000  0.0003
    1349  0.30000000 -0.15000000  0.15000000  0.0003
    1350  0.35000000 -0.15000000  0.15000000  0.0003
    1351  0.40000000 -0.15000000  0.15000000  0.0003
    1352  0.45000000 -0.15000000  0.15000000  0.0003
    1353  0.50000000 -0.15000000  0.15000000  0.0003
    1354  0.45000000  0.15000000 -0.15000000  0.0003
    1355  0.40000000  0.15000000 -0.15000000  0.0003
    1356  0.35000000  0.15000000 -0.15000000  0.0003
    1357  0.30000000  0.15000000 -0.15000000  0.0003
    1358  0.25000000  0.15000000 -0.15000000  0.0003
    1359  0.20000000  0.15000000 -0.15000000  0.0003
    1360  0.15000000  0.15000000 -0.15000000  0.0003
    1361  0.10000000  0.15000000 -0.15000000  0.0003
    1362  0.05000000  0.15000000 -0.15000000  0.0003
    1363  0.00000000 -0.10000000  0.15000000  0.0003
    1364  0.05000000 -0.10000000  0.15000000  0.0003
    1365  0.10000000 -0.10000000  0.15000000  0.0003
    1366  0.15000000 -0.10000000  0.15000000  0.0003
    1367  0.20000000 -0.10000000  0.15000000  0.0003
    1368  0.25000000 -0.10000000  0.15000000  0.0003
    1369  0.30000000 -0.10000000  0.15000000  0.0003
    1370  0.35000000 -0.10000000  0.15000000  0.0003
    1371  0.40000000 -0.10000000  0.15000000  0.0003
    1372  0.45000000 -0.10000000  0.15000000  0.0003
    1373  0.50000000 -0.10000000  0.15000000  0.0003
    1374  0.45000000  0.10000000 -0.15000000  0.0003
    1375  0.40000000  0.10000000 -0.15000000  0.0003
    1376  0.35000000  0.10000000 -0.15000000  0.0003
    1377  0.30000000  0.10000000 -0.15000000  0.0003
    1378  0.25000000  0.10000000 -0.15000000  0.0003
    1379  0.20000000  0.10000000 -0.15000000  0.0003
    1380  0.15000000  0.10000000 -0.15000000  0.0003
    1381  0.10000000  0.10000000 -0.15000000  0.0003
    1382  0.05000000  0.10000000 -0.15000000  0.0003
    1383  0.00000000 -0.05000000  0.15000000  0.0003
    1384  0.05000000 -0.05000000  0.15000000  0.0003
    1385  0.10000000 -0.05000000  0.15000000  0.0003
    1386  0.15000000 -0.05000000  0.15000000  0.0003
    1387  0.20000000 -0.05000000  0.15000000  0.0003
    1388  0.25000000 -0.05000000  0.15000000  0.0003
    1389  0.30000000 -0.05000000  0.15000000  0.0003
    1390  0.35000000 -0.05000000  0.15000000  0.0003
    1391  0.40000000 -0.05000000  0.15000000  0.0003
    1392  0.45000000 -0.05000000  0.15000000  0.0003
    1393  0.50000000 -0.05000000  0.15000000  0.0003
    1394  0.45000000  0.05000000 -0.15000000  0.0003
    1395  0.40000000  0.05000000 -0.15000000  0.0003
    1396  0.35000000  0.05000000 -0.15000000  0.0003
    1397  0.30000000  0.05000000 -0.15000000  0.0003
    1398  0.25000000  0.05000000 -0.15000000  0.0003
    1399  0.20000000  0.05000000 -0.15000000  0.0003
    1400  0.15000000  0.05000000 -0.15000000  0.0003
    1401  0.10000000  0.05000000 -0.15000000  0.0003
    1402 -0.05000000 -0.05000000  0.15000000  0.0003
    1403  0.00000000  0.00000000  0.20000000  0.0003
    1404  0.05000000  0.00000000  0.20000000  0.0003
    1405  0.10000000  0.00000000  0.20000000  0.0003
    1406  0.15000000  0.00000000  0.20000000  0.0003
    1407  0.20000000  0.00000000  0.20000000  0.0003
    1408  0.25000000  0.00000000  0.20000000  0.0003
    1409  0.30000000  0.00000000  0.20000000  0.0003
    1410  0.35000000  0.00000000  0.20000000  0.0003
    1411  0.40000000  0.00000000  0.20000000  0.0003
    1412  0.45000000  0.00000000  0.20000000  0.0003
    1413  0.50000000  0.00000000  0.20000000  0.0003
    1414  0.45000000  0.00000000 -0.20000000  0.0003
    1415  0.40000000  0.00000000 -0.20000000  0.0003
    1416  0.35000000  0.00000000 -0.20000000  0.0003
    1417  0.30000000  0.00000000 -0.20000000  0.0003
    1418  0.25000000  0.00000000 -0.20000000  0.0003
    1419 -0.20000000  0.00000000  0.20000000  0.0003
    1420 -0.15000000  0.00000000  0.20000000  0.0003
    1421 -0.10000000  0.00000000  0.20000000  0.0003
    1422 -0.05000000  0.00000000  0.20000000  0.0003
    1423  0.00000000  0.05000000  0.20000000  0.0003
    1424  0.05000000  0.05000000  0.20000000  0.0003
    1425  0.10000000  0.05000000  0.20000000  0.0003
    1426  0.15000000  0.05000000  0.20000000  0.0003
    1427  0.20000000  0.05000000  0.20000000  0.0003
    1428  0.25000000  0.05000000  0.20000000  0.0003
    1429  0.30000000  0.05000000  0.20000000  0.0003
    1430  0.35000000  0.05000000  0.20000000  0.0003
    1431  0.40000000  0.05000000  0.20000000  0.0003
    1432  0.45000000  0.05000000  0.20000000  0.0003
    1433  0.50000000  0.05000000  0.20000000  0.0003
    1434  0.45000000 -0.05000000 -0.20000000  0.0003
    1435  0.40000000 -0.05000000 -0.20000000  0.0003
    1436  0.35000000 -0.05000000 -0.20000000  0.0003
    1437  0.30000000 -0.05000000 -0.20000000  0.0003
    1438  0.25000000 -0.05000000 -0.20000000  0.0003
    1439 -0.20000000  0.05000000  0.20000000  0.0003
    1440 -0.15000000  0.05000000  0.20000000  0.0003
    1441 -0.10000000  0.05000000  0.20000000  0.0003
    1442 -0.05000000  0.05000000  0.20000000  0.0003
    1443  0.00000000  0.10000000  0.20000000  0.0003
    1444  0.05000000  0.10000000  0.20000000  0.0003
    1445  0.10000000  0.10000000  0.20000000  0.0003
    1446  0.15000000  0.10000000  0.20000000  0.0003
    1447  0.20000000  0.10000000  0.20000000  0.0003
    1448  0.25000000  0.10000000  0.20000000  0.0003
    1449  0.30000000  0.10000000  0.20000000  0.0003
    1450  0.35000000  0.10000000  0.20000000  0.0003
    1451  0.40000000  0.10000000  0.20000000  0.0003
    1452  0.45000000  0.10000000  0.20000000  0.0003
    1453  0.50000000  0.10000000  0.20000000  0.0003
    1454  0.45000000 -0.10000000 -0.20000000  0.0003
    1455  0.40000000 -0.10000000 -0.20000000  0.0003
    1456  0.35000000 -0.10000000 -0.20000000  0.0003
    1457  0.30000000 -0.10000000 -0.20000000  0.0003
    1458 -0.25000000  0.10000000  0.20000000  0.0003
    1459 -0.20000000  0.10000000  0.20000000  0.0003
    1460 -0.15000000  0.10000000  0.20000000  0.0003
    1461 -0.10000000  0.10000000  0.20000000  0.0003
    1462 -0.05000000  0.10000000  0.20000000  0.0003
    1463  0.00000000  0.15000000  0.20000000  0.0003
    1464  0.05000000  0.15000000  0.20000000  0.0003
    1465  0.10000000  0.15000000  0.20000000  0.0003
    1466  0.15000000  0.15000000  0.20000000  0.0003
    1467  0.20000000  0.15000000  0.20000000  0.0003
    1468  0.25000000  0.15000000  0.20000000  0.0003
    1469  0.30000000  0.15000000  0.20000000  0.0003
    1470  0.35000000  0.15000000  0.20000000  0.0003
    1471  0.40000000  0.15000000  0.20000000  0.0003
    1472  0.45000000  0.15000000  0.20000000  0.0003
    1473  0.50000000  0.15000000  0.20000000  0.0003
    1474  0.45000000 -0.15000000 -0.20000000  0.0003
    1475  0.40000000 -0.15000000 -0.20000000  0.0003
    1476  0.35000000 -0.15000000 -0.20000000  0.0003
    1477 -0.30000000  0.15000000  0.20000000  0.0003
    1478 -0.25000000  0.15000000  0.20000000  0.0003
    1479 -0.20000000  0.15000000  0.20000000  0.0003
    1480 -0.15000000  0.15000000  0.20000000  0.0003
    1481 -0.10000000  0.15000000  0.20000000  0.0003
    1482 -0.05000000  0.15000000  0.20000000  0.0003
    1483  0.00000000  0.20000000  0.20000000  0.0003
    1484  0.05000000  0.20000000  0.20000000  0.0003
    1485  0.10000000  0.20000000  0.20000000  0.0003
    1486  0.15000000  0.20000000  0.20000000  0.0003
    1487  0.20000000  0.20000000  0.20000000  0.0003
    1488  0.25000000  0.20000000  0.20000000  0.0003
    1489  0.30000000  0.20000000  0.20000000  0.0003
    1490  0.35000000  0.20000000  0.20000000  0.0003
    1491  0.40000000  0.20000000  0.20000000  0.0003
    1492  0.45000000  0.20000000  0.20000000  0.0003
    1493  0.50000000  0.20000000  0.20000000  0.0003
    1494  0.45000000 -0.20000000 -0.20000000  0.0003
    1495  0.40000000 -0.20000000 -0.20000000  0.0003
    1496 -0.35000000  0.20000000  0.20000000  0.0003
    1497 -0.30000000  0.20000000  0.20000000  0.0003
    1498 -0.25000000  0.20000000  0.20000000  0.0003
    1499 -0.20000000  0.20000000  0.20000000  0.0003
    1500 -0.15000000  0.20000000  0.20000000  0.0003
    1501 -0.10000000  0.20000000  0.20000000  0.0003
    1502 -0.05000000  0.20000000  0.20000000  0.0003
    1503  0.00000000  0.25000000  0.20000000  0.0003
    1504  0.05000000  0.25000000  0.20000000  0.0003
    1505  0.10000000  0.25000000  0.20000000  0.0003
    1506  0.15000000  0.25000000  0.20000000  0.0003
    1507  0.20000000  0.25000000  0.20000000  0.0003
    1508  0.25000000  0.25000000  0.20000000  0.0003
    1509  0.30000000  0.25000000  0.20000000  0.0003
    1510  0.35000000  0.25000000  0.20000000  0.0003
    1511  0.40000000  0.25000000  0.20000000  0.0003
    1512  0.45000000  0.25000000  0.20000000  0.0003
    1513  0.50000000  0.25000000  0.20000000  0.0003
    1514 -0.45000000  0.25000000  0.20000000  0.0003
    1515 -0.40000000  0.25000000  0.20000000  0.0003
    1516 -0.35000000  0.25000000  0.20000000  0.0003
    1517 -0.30000000  0.25000000  0.20000000  0.0003
    1518 -0.25000000  0.25000000  0.20000000  0.0003
    1519 -0.20000000  0.25000000  0.20000000  0.0003
    1520 -0.15000000  0.25000000  0.20000000  0.0003
    1521 -0.10000000  0.25000000  0.20000000  0.0003
    1522 -0.05000000  0.25000000  0.20000000  0.0003
    1523  0.00000000  0.30000000  0.20000000  0.0003
    1524  0.05000000  0.30000000  0.20000000  0.0003
    1525  0.10000000  0.30000000  0.20000000  0.0003
    1526  0.15000000  0.30000000  0.20000000  0.0003
    1527  0.20000000  0.30000000  0.20000000  0.0003
    1528  0.25000000  0.30000000  0.20000000  0.0003
    1529  0.30000000  0.30000000  0.20000000  0.0003
    1530  0.35000000  0.30000000  0.20000000  0.0003
    1531  0.40000000  0.30000000  0.20000000  0.0003
    1532  0.45000000  0.30000000  0.20000000  0.0003
    1533  0.50000000  0.30000000  0.20000000  0.0003
    1534 -0.45000000  0.30000000  0.20000000  0.0003
    1535 -0.40000000  0.30000000  0.20000000  0.0003
    1536 -0.35000000  0.30000000  0.20000000  0.0003
    1537 -0.30000000  0.30000000  0.20000000  0.0003
    1538 -0.25000000  0.30000000  0.20000000  0.0003
    1539 -0.20000000  0.30000000  0.20000000  0.0003
    1540 -0.15000000  0.30000000  0.20000000  0.0003
    1541 -0.10000000  0.30000000  0.20000000  0.0003
    1542 -0.05000000  0.30000000  0.20000000  0.0003
    1543  0.00000000  0.35000000  0.20000000  0.0003
    1544  0.05000000  0.35000000  0.20000000  0.0003
    1545  0.10000000  0.35000000  0.20000000  0.0003
    1546  0.15000000  0.35000000  0.20000000  0.0003
    1547  0.20000000  0.35000000  0.20000000  0.0003
    1548  0.25000000  0.35000000  0.20000000  0.0003
    1549  0.30000000  0.35000000  0.20000000  0.0003
    1550  0.35000000  0.35000000  0.20000000  0.0003
    1551  0.40000000  0.35000000  0.20000000  0.0003
    1552  0.45000000  0.35000000  0.20000000  0.0003
    1553  0.50000000  0.35000000  0.20000000  0.0003
    1554 -0.45000000  0.35000000  0.20000000  0.0003
    1555 -0.40000000  0.35000000  0.20000000  0.0003
    1556 -0.35000000  0.35000000  0.20000000  0.0003
    1557 -0.30000000  0.35000000  0.20000000  0.0003
    1558 -0.25000000  0.35000000  0.20000000  0.0003
    1559 -0.20000000  0.35000000  0.20000000  0.0003
    1560 -0.15000000  0.35000000  0.20000000  0.0003
    1561 -0.10000000  0.35000000  0.20000000  0.0003
    1562 -0.05000000  0.35000000  0.20000000  0.0003
    1563  0.00000000  0.40000000  0.20000000  0.0003
    1564  0.05000000  0.40000000  0.20000000  0.0003
    1565  0.10000000  0.40000000  0.20000000  0.0003
    1566  0.15000000  0.40000000  0.20000000  0.0003
    1567  0.20000000  0.40000000  0.20000000  0.0003
    1568  0.25000000  0.40000000  0.20000000  0.0003
    1569  0.30000000  0.40000000  0.20000000  0.0003
    1570  0.35000000  0.40000000  0.20000000  0.0003
    1571  0.40000000  0.40000000  0.20000000  0.0003
    1572  0.45000000  0.40000000  0.20000000  0.0003
    1573  0.50000000  0.40000000  0.20000000  0.0003
    1574 -0.45000000  0.40000000  0.20000000  0.0003
    1575 -0.40000000  0.40000000  0.20000000  0.0003
    1576 -0.35000000  0.40000000  0.20000000  0.0003
    1577 -0.30000000  0.40000000  0.20000000  0.0003
    1578 -0.25000000  0.40000000  0.20000000  0.0003
    1579 -0.20000000  0.40000000  0.20000000  0.0003
    1580 -0.15000000  0.40000000  0.20000000  0.0003
    1581 -0.10000000  0.40000000  0.20000000  0.0003
    1582 -0.05000000  0.40000000  0.20000000  0.0003
    1583  0.00000000  0.45000000  0.20000000  0.0003
    1584  0.05000000  0.45000000  0.20000000  0.0003
    1585  0.10000000  0.45000000  0.20000000  0.0003
    1586  0.15000000  0.45000000  0.20000000  0.0003
    1587  0.20000000  0.45000000  0.20000000  0.0003
    1588  0.25000000  0.45000000  0.20000000  0.0003
    1589  0.30000000  0.45000000  0.20000000  0.0003
    1590  0.35000000  0.45000000  0.20000000  0.0003
    1591  0.40000000  0.45000000  0.20000000  0.0003
    1592  0.45000000  0.45000000  0.20000000  0.0003
    1593  0.50000000  0.45000000  0.20000000  0.0003
    1594 -0.45000000  0.45000000  0.20000000  0.0003
    1595 -0.40000000  0.45000000  0.20000000  0.0003
    1596 -0.35000000  0.45000000  0.20000000  0.0003
    1597 -0.30000000  0.45000000  0.20000000  0.0003
    1598 -0.25000000  0.45000000  0.20000000  0.0003
    1599 -0.20000000  0.45000000  0.20000000  0.0003
    1600 -0.15000000  0.45000000  0.20000000  0.0003
    1601 -0.10000000  0.45000000  0.20000000  0.0003
    1602 -0.05000000  0.45000000  0.20000000  0.0003
    1603  0.00000000  0.50000000  0.20000000  0.0003
    1604  0.05000000  0.50000000  0.20000000  0.0003
    1605  0.10000000  0.50000000  0.20000000  0.0003
    1606  0.15000000  0.50000000  0.20000000  0.0003
    1607  0.20000000  0.50000000  0.20000000  0.0003
    1608  0.25000000  0.50000000  0.20000000  0.0003
    1609  0.30000000  0.50000000  0.20000000  0.0003
    1610  0.35000000  0.50000000  0.20000000  0.0003
    1611  0.40000000  0.50000000  0.20000000  0.0003
    1612  0.45000000  0.50000000  0.20000000  0.0003
    1613  0.50000000  0.50000000  0.20000000  0.0003
    1614  0.45000000  0.50000000 -0.20000000  0.0003
    1615  0.40000000  0.50000000 -0.20000000  0.0003
    1616  0.35000000  0.50000000 -0.20000000  0.0003
    1617  0.30000000  0.50000000 -0.20000000  0.0003
    1618  0.25000000  0.50000000 -0.20000000  0.0003
    1619 -0.20000000  0.50000000  0.20000000  0.0003
    1620 -0.15000000  0.50000000  0.20000000  0.0003
    1621 -0.10000000  0.50000000  0.20000000  0.0003
    1622 -0.05000000  0.50000000  0.20000000  0.0003
    1623  0.00000000  0.45000000 -0.20000000  0.0003
    1624 -0.05000000  0.45000000 -0.20000000  0.0003
    1625 -0.10000000  0.45000000 -0.20000000  0.0003
    1626 -0.15000000  0.45000000 -0.20000000  0.0003
    1627 -0.20000000  0.45000000 -0.20000000  0.0003
    1628  0.25000000 -0.45000000  0.20000000  0.0003
    1629  0.30000000 -0.45000000  0.20000000  0.0003
    1630  0.35000000 -0.45000000  0.20000000  0.0003
    1631  0.40000000 -0.45000000  0.20000000  0.0003
    1632  0.45000000 -0.45000000  0.20000000  0.0003
    1633  0.50000000  0.45000000 -0.20000000  0.0003
    1634  0.45000000  0.45000000 -0.20000000  0.0003
    1635  0.40000000  0.45000000 -0.20000000  0.0003
    1636  0.35000000  0.45000000 -0.20000000  0.0003
    1637  0.30000000  0.45000000 -0.20000000  0.0003
    1638  0.25000000  0.45000000 -0.20000000  0.0003
    1639  0.20000000  0.45000000 -0.20000000  0.0003
    1640  0.15000000  0.45000000 -0.20000000  0.0003
    1641  0.10000000  0.45000000 -0.20000000  0.0003
    1642  0.05000000  0.45000000 -0.20000000  0.0003
    1643  0.00000000  0.40000000 -0.20000000  0.0003
    1644 -0.05000000  0.40000000 -0.20000000  0.0003
    1645 -0.10000000  0.40000000 -0.20000000  0.0003
    1646 -0.15000000  0.40000000 -0.20000000  0.0003
    1647 -0.20000000  0.40000000 -0.20000000  0.0003
    1648  0.25000000 -0.40000000  0.20000000  0.0003
    1649  0.30000000 -0.40000000  0.20000000  0.0003
    1650  0.35000000 -0.40000000  0.20000000  0.0003
    1651  0.40000000 -0.40000000  0.20000000  0.0003
    1652  0.45000000 -0.40000000  0.20000000  0.0003
    1653  0.50000000  0.40000000 -0.20000000  0.0003
    1654  0.45000000  0.40000000 -0.20000000  0.0003
    1655  0.40000000  0.40000000 -0.20000000  0.0003
    1656  0.35000000  0.40000000 -0.20000000  0.0003
    1657  0.30000000  0.40000000 -0.20000000  0.0003
    1658  0.25000000  0.40000000 -0.20000000  0.0003
    1659  0.20000000  0.40000000 -0.20000000  0.0003
    1660  0.15000000  0.40000000 -0.20000000  0.0003
    1661  0.10000000  0.40000000 -0.20000000  0.0003
    1662  0.05000000  0.40000000 -0.20000000  0.0003
    1663  0.00000000  0.35000000 -0.20000000  0.0003
    1664 -0.05000000  0.35000000 -0.20000000  0.0003
    1665 -0.10000000  0.35000000 -0.20000000  0.0003
    1666 -0.15000000  0.35000000 -0.20000000  0.0003
    1667  0.20000000 -0.35000000  0.20000000  0.0003
    1668  0.25000000 -0.35000000  0.20000000  0.0003
    1669  0.30000000 -0.35000000  0.20000000  0.0003
    1670  0.35000000 -0.35000000  0.20000000  0.0003
    1671  0.40000000 -0.35000000  0.20000000  0.0003
    1672  0.45000000 -0.35000000  0.20000000  0.0003
    1673  0.50000000  0.35000000 -0.20000000  0.0003
    1674  0.45000000  0.35000000 -0.20000000  0.0003
    1675  0.40000000  0.35000000 -0.20000000  0.0003
    1676  0.35000000  0.35000000 -0.20000000  0.0003
    1677  0.30000000  0.35000000 -0.20000000  0.0003
    1678  0.25000000  0.35000000 -0.20000000  0.0003
    1679  0.20000000  0.35000000 -0.20000000  0.0003
    1680  0.15000000  0.35000000 -0.20000000  0.0003
    1681  0.10000000  0.35000000 -0.20000000  0.0003
    1682  0.05000000  0.35000000 -0.20000000  0.0003
    1683  0.00000000  0.30000000 -0.20000000  0.0003
    1684 -0.05000000  0.30000000 -0.20000000  0.0003
    1685 -0.10000000  0.30000000 -0.20000000  0.0003
    1686  0.15000000 -0.30000000  0.20000000  0.0003
    1687  0.20000000 -0.30000000  0.20000000  0.0003
    1688  0.25000000 -0.30000000  0.20000000  0.0003
    1689  0.30000000 -0.30000000  0.20000000  0.0003
    1690  0.35000000 -0.30000000  0.20000000  0.0003
    1691  0.40000000 -0.30000000  0.20000000  0.0003
    1692  0.45000000 -0.30000000  0.20000000  0.0003
    1693  0.50000000  0.30000000 -0.20000000  0.0003
    1694  0.45000000  0.30000000 -0.20000000  0.0003
    1695  0.40000000  0.30000000 -0.20000000  0.0003
    1696  0.35000000  0.30000000 -0.20000000  0.0003
    1697  0.30000000  0.30000000 -0.20000000  0.0003
    1698  0.25000000  0.30000000 -0.20000000  0.0003
    1699  0.20000000  0.30000000 -0.20000000  0.0003
    1700  0.15000000  0.30000000 -0.20000000  0.0003
    1701  0.10000000  0.30000000 -0.20000000  0.0003
    1702  0.05000000  0.30000000 -0.20000000  0.0003
    1703  0.00000000  0.25000000 -0.20000000  0.0003
    1704 -0.05000000  0.25000000 -0.20000000  0.0003
    1705  0.10000000 -0.25000000  0.20000000  0.0003
    1706  0.15000000 -0.25000000  0.20000000  0.0003
    1707  0.20000000 -0.25000000  0.20000000  0.0003
    1708  0.25000000 -0.25000000  0.20000000  0.0003
    1709  0.30000000 -0.25000000  0.20000000  0.0003
    1710  0.35000000 -0.25000000  0.20000000  0.0003
    1711  0.40000000 -0.25000000  0.20000000  0.0003
    1712  0.45000000 -0.25000000  0.20000000  0.0003
    1713  0.50000000  0.25000000 -0.20000000  0.0003
    1714  0.45000000  0.25000000 -0.20000000  0.0003
    1715  0.40000000  0.25000000 -0.20000000  0.0003
    1716  0.35000000  0.25000000 -0.20000000  0.0003
    1717  0.30000000  0.25000000 -0.20000000  0.0003
    1718  0.25000000  0.25000000 -0.20000000  0.0003
    1719  0.20000000  0.25000000 -0.20000000  0.0003
    1720  0.15000000  0.25000000 -0.20000000  0.0003
    1721  0.10000000  0.25000000 -0.20000000  0.0003
    1722  0.05000000  0.25000000 -0.20000000  0.0003
    1723  0.00000000 -0.20000000  0.20000000  0.0003
    1724  0.05000000 -0.20000000  0.20000000  0.0003
    1725  0.10000000 -0.20000000  0.20000000  0.0003
    1726  0.15000000 -0.20000000  0.20000000  0.0003
    1727  0.20000000 -0.20000000  0.20000000  0.0003
    1728  0.25000000 -0.20000000  0.20000000  0.0003
    1729  0.30000000 -0.20000000  0.20000000  0.0003
    1730  0.35000000 -0.20000000  0.20000000  0.0003
    1731  0.40000000 -0.20000000  0.20000000  0.0003
    1732  0.45000000 -0.20000000  0.20000000  0.0003
    1733  0.50000000 -0.20000000  0.20000000  0.0003
    1734  0.45000000  0.20000000 -0.20000000  0.0003
    1735  0.40000000  0.20000000 -0.20000000  0.0003
    1736  0.35000000  0.20000000 -0.20000000  0.0003
    1737  0.30000000  0.20000000 -0.20000000  0.0003
    1738  0.25000000  0.20000000 -0.20000000  0.0003
    1739  0.20000000  0.20000000 -0.20000000  0.0003
    1740  0.15000000  0.20000000 -0.20000000  0.0003
    1741  0.10000000  0.20000000 -0.20000000  0.0003
    1742  0.05000000  0.20000000 -0.20000000  0.0003
    1743  0.00000000 -0.15000000  0.20000000  0.0003
    1744  0.05000000 -0.15000000  0.20000000  0.0003
    1745  0.10000000 -0.15000000  0.20000000  0.0003
    1746  0.15000000 -0.15000000  0.20000000  0.0003
    1747  0.20000000 -0.15000000  0.20000000  0.0003
    1748  0.25000000 -0.15000000  0.20000000  0.0003
    1749  0.30000000 -0.15000000  0.20000000  0.0003
    1750  0.35000000 -0.15000000  0.20000000  0.0003
    1751  0.40000000 -0.15000000  0.20000000  0.0003
    1752  0.45000000 -0.15000000  0.20000000  0.0003
    1753  0.50000000 -0.15000000  0.20000000  0.0003
    1754  0.45000000  0.15000000 -0.20000000  0.0003
    1755  0.40000000  0.15000000 -0.20000000  0.0003
    1756  0.35000000  0.15000000 -0.20000000  0.0003
    1757  0.30000000  0.15000000 -0.20000000  0.0003
    1758  0.25000000  0.15000000 -0.20000000  0.0003
    1759  0.20000000  0.15000000 -0.20000000  0.0003
    1760  0.15000000  0.15000000 -0.20000000  0.0003
    1761  0.10000000  0.15000000 -0.20000000  0.0003
    1762 -0.05000000 -0.15000000  0.20000000  0.0003
    1763  0.00000000 -0.10000000  0.20000000  0.0003
    1764  0.05000000 -0.10000000  0.20000000  0.0003
    1765  0.10000000 -0.10000000  0.20000000  0.0003
    1766  0.15000000 -0.10000000  0.20000000  0.0003
    1767  0.20000000 -0.10000000  0.20000000  0.0003
    1768  0.25000000 -0.10000000  0.20000000  0.0003
    1769  0.30000000 -0.10000000  0.20000000  0.0003
    1770  0.35000000 -0.10000000  0.20000000  0.0003
    1771  0.40000000 -0.10000000  0.20000000  0.0003
    1772  0.45000000 -0.10000000  0.20000000  0.0003
    1773  0.50000000 -0.10000000  0.20000000  0.0003
    1774  0.45000000  0.10000000 -0.20000000  0.0003
    1775  0.40000000  0.10000000 -0.20000000  0.0003
    1776  0.35000000  0.10000000 -0.20000000  0.0003
    1777  0.30000000  0.10000000 -0.20000000  0.0003
    1778  0.25000000  0.10000000 -0.20000000  0.0003
    1779  0.20000000  0.10000000 -0.20000000  0.0003
    1780  0.15000000  0.10000000 -0.20000000  0.0003
    1781  0.10000000  0.10000000 -0.20000000  0.0003
    1782 -0.05000000 -0.10000000  0.20000000  0.0003
    1783  0.00000000 -0.05000000  0.20000000  0.0003
    1784  0.05000000 -0.05000000  0.20000000  0.0003
    1785  0.10000000 -0.05000000  0.20000000  0.0003
    1786  0.15000000 -0.05000000  0.20000000  0.0003
    1787  0.20000000 -0.05000000  0.20000000  0.0003
    1788  0.25000000 -0.05000000  0.20000000  0.0003
    1789  0.30000000 -0.05000000  0.20000000  0.0003
    1790  0.35000000 -0.05000000  0.20000000  0.0003
    1791  0.40000000 -0.05000000  0.20000000  0.0003
    1792  0.45000000 -0.05000000  0.20000000  0.0003
    1793  0.50000000 -0.05000000  0.20000000  0.0003
    1794  0.45000000  0.05000000 -0.20000000  0.0003
    1795  0.40000000  0.05000000 -0.20000000  0.0003
    1796  0.35000000  0.05000000 -0.20000000  0.0003
    1797  0.30000000  0.05000000 -0.20000000  0.0003
    1798  0.25000000  0.05000000 -0.20000000  0.0003
    1799  0.20000000  0.05000000 -0.20000000  0.0003
    1800 -0.15000000 -0.05000000  0.20000000  0.0003
    1801 -0.10000000 -0.05000000  0.20000000  0.0003
    1802 -0.05000000 -0.05000000  0.20000000  0.0003
    1803  0.00000000  0.00000000  0.25000000  0.0003
    1804  0.05000000  0.00000000  0.25000000  0.0003
    1805  0.10000000  0.00000000  0.25000000  0.0003
    1806  0.15000000  0.00000000  0.25000000  0.0003
    1807  0.20000000  0.00000000  0.25000000  0.0003
    1808  0.25000000  0.00000000  0.25000000  0.0003
    1809  0.30000000  0.00000000  0.25000000  0.0003
    1810  0.35000000  0.00000000  0.25000000  0.0003
    1811  0.40000000  0.00000000  0.25000000  0.0003
    1812  0.45000000  0.00000000  0.25000000  0.0003
    1813  0.50000000  0.00000000  0.25000000  0.0003
    1814  0.45000000  0.00000000 -0.25000000  0.0003
    1815  0.40000000  0.00000000 -0.25000000  0.0003
    1816  0.35000000  0.00000000 -0.25000000  0.0003
    1817  0.30000000  0.00000000 -0.25000000  0.0003
    1818 -0.25000000  0.00000000  0.25000000  0.0003
    1819 -0.20000000  0.00000000  0.25000000  0.0003
    1820 -0.15000000  0.00000000  0.25000000  0.0003
    1821 -0.10000000  0.00000000  0.25000000  0.0003
    1822 -0.05000000  0.00000000  0.25000000  0.0003
    1823  0.00000000  0.05000000  0.25000000  0.0003
    1824  0.05000000  0.05000000  0.25000000  0.0003
    1825  0.10000000  0.05000000  0.25000000  0.0003
    1826  0.15000000  0.05000000  0.25000000  0.0003
    1827  0.20000000  0.05000000  0.25000000  0.0003
    1828  0.25000000  0.05000000  0.25000000  0.0003
    1829  0.30000000  0.05000000  0.25000000  0.0003
    1830  0.35000000  0.05000000  0.25000000  0.0003
    1831  0.40000000  0.05000000  0.25000000  0.0003
    1832  0.45000000  0.05000000  0.25000000  0.0003
    1833  0.50000000  0.05000000  0.25000000  0.0003
    1834  0.45000000 -0.05000000 -0.25000000  0.0003
    1835  0.40000000 -0.05000000 -0.25000000  0.0003
    1836  0.35000000 -0.05000000 -0.25000000  0.0003
    1837 -0.30000000  0.05000000  0.25000000  0.0003
    1838 -0.25000000  0.05000000  0.25000000  0.0003
    1839 -0.20000000  0.05000000  0.25000000  0.0003
    1840 -0.15000000  0.05000000  0.25000000  0.0003
    1841 -0.10000000  0.05000000  0.25000000  0.0003
    1842 -0.05000000  0.05000000  0.25000000  0.0003
    1843  0.00000000  0.10000000  0.25000000  0.0003
    1844  0.05000000  0.10000000  0.25000000  0.0003
    1845  0.10000000  0.10000000  0.25000000  0.0003
    1846  0.15000000  0.10000000  0.25000000  0.0003
    1847  0.20000000  0.10000000  0.25000000  0.0003
    1848  0.25000000  0.10000000  0.25000000  0.0003
    1849  0.30000000  0.10000000  0.25000000  0.0003
    1850  0.35000000  0.10000000  0.25000000  0.0003
    1851  0.40000000  0.10000000  0.25000000  0.0003
    1852  0.45000000  0.10000000  0.25000000  0.0003
    1853  0.50000000  0.10000000  0.25000000  0.0003
    1854  0.45000000 -0.10000000 -0.25000000  0.0003
    1855  0.40000000 -0.10000000 -0.25000000  0.0003
    1856  0.35000000 -0.10000000 -0.25000000  0.0003
    1857 -0.30000000  0.10000000  0.25000000  0.0003
    1858 -0.25000000  0.10000000  0.25000000  0.0003
    1859 -0.20000000  0.10000000  0.25000000  0.0003
    1860 -0.15000000  0.10000000  0.25000000  0.0003
    1861 -0.10000000  0.10000000  0.25000000  0.0003
    1862 -0.05000000  0.10000000  0.25000000  0.0003
    1863  0.00000000  0.15000000  0.25000000  0.0003
    1864  0.05000000  0.15000000  0.25000000  0.0003
    1865  0.10000000  0.15000000  0.25000000  0.0003
    1866  0.15000000  0.15000000  0.25000000  0.0003
    1867  0.20000000  0.15000000  0.25000000  0.0003
    1868  0.25000000  0.15000000  0.25000000  0.0003
    1869  0.30000000  0.15000000  0.25000000  0.0003
    1870  0.35000000  0.15000000  0.25000000  0.0003
    1871  0.40000000  0.15000000  0.25000000  0.0003
    1872  0.45000000  0.15000000  0.25000000  0.0003
    1873  0.50000000  0.15000000  0.25000000  0.0003
    1874  0.45000000 -0.15000000 -0.25000000  0.0003
    1875  0.40000000 -0.15000000 -0.25000000  0.0003
    1876 -0.35000000  0.15000000  0.25000000  0.0003
    1877 -0.30000000  0.15000000  0.25000000  0.0003
    1878 -0.25000000  0.15000000  0.25000000  0.0003
    1879 -0.20000000  0.15000000  0.25000000  0.0003
    1880 -0.15000000  0.15000000  0.25000000  0.0003
    1881 -0.10000000  0.15000000  0.25000000  0.0003
    1882 -0.05000000  0.15000000  0.25000000  0.0003
    1883  0.00000000  0.20000000  0.25000000  0.0003
    1884  0.05000000  0.20000000  0.25000000  0.0003
    1885  0.10000000  0.20000000  0.25000000  0.0003
    1886  0.15000000  0.20000000  0.25000000  0.0003
    1887  0.20000000  0.20000000  0.25000000  0.0003
    1888  0.25000000  0.20000000  0.25000000  0.0003
    1889  0.30000000  0.20000000  0.25000000  0.0003
    1890  0.35000000  0.20000000  0.25000000  0.0003
    1891  0.40000000  0.20000000  0.25000000  0.0003
    1892  0.45000000  0.20000000  0.25000000  0.0003
    1893  0.50000000  0.20000000  0.25000000  0.0003
    1894 -0.45000000  0.20000000  0.25000000  0.0003
    1895 -0.40000000  0.20000000  0.25000000  0.0003
    1896 -0.35000000  0.20000000  0.25000000  0.0003
    1897 -0.30000000  0.20000000  0.25000000  0.0003
    1898 -0.25000000  0.20000000  0.25000000  0.0003
    1899 -0.20000000  0.20000000  0.25000000  0.0003
    1900 -0.15000000  0.20000000  0.25000000  0.0003
    1901 -0.10000000  0.20000000  0.25000000  0.0003
    1902 -0.05000000  0.20000000  0.25000000  0.0003
    1903  0.00000000  0.25000000  0.25000000  0.0003
    1904  0.05000000  0.25000000  0.25000000  0.0003
    1905  0.10000000  0.25000000  0.25000000  0.0003
    1906  0.15000000  0.25000000  0.25000000  0.0003
    1907  0.20000000  0.25000000  0.25000000  0.0003
    1908  0.25000000  0.25000000  0.25000000  0.0003
    1909  0.30000000  0.25000000  0.25000000  0.0003
    1910  0.35000000  0.25000000  0.25000000  0.0003
    1911  0.40000000  0.25000000  0.25000000  0.0003
    1912  0.45000000  0.25000000  0.25000000  0.0003
    1913  0.50000000  0.25000000  0.25000000  0.0003
    1914 -0.45000000  0.25000000  0.25000000  0.0003
    1915 -0.40000000  0.25000000  0.25000000  0.0003
    1916 -0.35000000  0.25000000  0.25000000  0.0003
    1917 -0.30000000  0.25000000  0.25000000  0.0003
    1918 -0.25000000  0.25000000  0.25000000  0.0003
    1919 -0.20000000  0.25000000  0.25000000  0.0003
    1920 -0.15000000  0.25000000  0.25000000  0.0003
    1921 -0.10000000  0.25000000  0.25000000  0.0003
    1922 -0.05000000  0.25000000  0.25000000  0.0003
    1923  0.00000000  0.30000000  0.25000000  0.0003
    1924  0.05000000  0.30000000  0.25000000  0.0003
    1925  0.10000000  0.30000000  0.25000000  0.0003
    1926  0.15000000  0.30000000  0.25000000  0.0003
    1927  0.20000000  0.30000000  0.25000000  0.0003
    1928  0.25000000  0.30000000  0.25000000  0.0003
    1929  0.30000000  0.30000000  0.25000000  0.0003
    1930  0.35000000  0.30000000  0.25000000  0.0003
    1931  0.40000000  0.30000000  0.25000000  0.0003
    1932  0.45000000  0.30000000  0.25000000  0.0003
    1933  0.50000000  0.30000000  0.25000000  0.0003
    1934 -0.45000000  0.30000000  0.25000000  0.0003
    1935 -0.40000000  0.30000000  0.25000000  0.0003
    1936 -0.35000000  0.30000000  0.25000000  0.0003
    1937 -0.30000000  0.30000000  0.25000000  0.0003
    1938 -0.25000000  0.30000000  0.25000000  0.0003
    1939 -0.20000000  0.30000000  0.25000000  0.0003
    1940 -0.15000000  0.30000000  0.25000000  0.0003
    1941 -0.10000000  0.30000000  0.25000000  0.0003
    1942 -0.05000000  0.30000000  0.25000000  0.0003
    1943  0.00000000  0.35000000  0.25000000  0.0003
    1944  0.05000000  0.35000000  0.25000000  0.0003
    1945  0.10000000  0.35000000  0.25000000  0.0003
    1946  0.15000000  0.35000000  0.25000000  0.0003
    1947  0.20000000  0.35000000  0.25000000  0.0003
    1948  0.25000000  0.35000000  0.25000000  0.0003
    1949  0.30000000  0.35000000  0.25000000  0.0003
    1950  0.35000000  0.35000000  0.25000000  0.0003
    1951  0.40000000  0.35000000  0.25000000  0.0003
    1952  0.45000000  0.35000000  0.25000000  0.0003
    1953  0.50000000  0.35000000  0.25000000  0.0003
    1954 -0.45000000  0.35000000  0.25000000  0.0003
    1955 -0.40000000  0.35000000  0.25000000  0.0003
    1956 -0.35000000  0.35000000  0.25000000  0.0003
    1957 -0.30000000  0.35000000  0.25000000  0.0003
    1958 -0.25000000  0.35000000  0.25000000  0.0003
    1959 -0.20000000  0.35000000  0.25000000  0.0003
    1960 -0.15000000  0.35000000  0.25000000  0.0003
    1961 -0.10000000  0.35000000  0.25000000  0.0003
    1962 -0.05000000  0.35000000  0.25000000  0.0003
    1963  0.00000000  0.40000000  0.25000000  0.0003
    1964  0.05000000  0.40000000  0.25000000  0.0003
    1965  0.10000000  0.40000000  0.25000000  0.0003
    1966  0.15000000  0.40000000  0.25000000  0.0003
    1967  0.20000000  0.40000000  0.25000000  0.0003
    1968  0.25000000  0.40000000  0.25000000  0.0003
    1969  0.30000000  0.40000000  0.25000000  0.0003
    1970  0.35000000  0.40000000  0.25000000  0.0003
    1971  0.40000000  0.40000000  0.25000000  0.0003
    1972  0.45000000  0.40000000  0.25000000  0.0003
    1973  0.50000000  0.40000000  0.25000000  0.0003
    1974 -0.45000000  0.40000000  0.25000000  0.0003
    1975 -0.40000000  0.40000000  0.25000000  0.0003
    1976 -0.35000000  0.40000000  0.25000000  0.0003
    1977 -0.30000000  0.40000000  0.25000000  0.0003
    1978 -0.25000000  0.40000000  0.25000000  0.0003
    1979 -0.20000000  0.40000000  0.25000000  0.0003
    1980 -0.15000000  0.40000000  0.25000000  0.0003
    1981 -0.10000000  0.40000000  0.25000000  0.0003
    1982 -0.05000000  0.40000000  0.25000000  0.0003
    1983  0.00000000  0.45000000  0.25000000  0.0003
    1984  0.05000000  0.45000000  0.25000000  0.0003
    1985  0.10000000  0.45000000  0.25000000  0.0003
    1986  0.15000000  0.45000000  0.25000000  0.0003
    1987  0.20000000  0.45000000  0.25000000  0.0003
    1988  0.25000000  0.45000000  0.25000000  0.0003
    1989  0.30000000  0.45000000  0.25000000  0.0003
    1990  0.35000000  0.45000000  0.25000000  0.0003
    1991  0.40000000  0.45000000  0.25000000  0.0003
    1992  0.45000000  0.45000000  0.25000000  0.0003
    1993  0.50000000  0.45000000  0.25000000  0.0003
    1994 -0.45000000  0.45000000  0.25000000  0.0003
    1995 -0.40000000  0.45000000  0.25000000  0.0003
    1996 -0.35000000  0.45000000  0.25000000  0.0003
    1997 -0.30000000  0.45000000  0.25000000  0.0003
    1998 -0.25000000  0.45000000  0.25000000  0.0003
    1999 -0.20000000  0.45000000  0.25000000  0.0003
    2000 -0.15000000  0.45000000  0.25000000  0.0003
    2001 -0.10000000  0.45000000  0.25000000  0.0003
    2002 -0.05000000  0.45000000  0.25000000  0.0003
    2003  0.00000000  0.50000000  0.25000000  0.0003
    2004  0.05000000  0.50000000  0.25000000  0.0003
    2005  0.10000000  0.50000000  0.25000000  0.0003
    2006  0.15000000  0.50000000  0.25000000  0.0003
    2007  0.20000000  0.50000000  0.25000000  0.0003
    2008  0.25000000  0.50000000  0.25000000  0.0003
    2009  0.30000000  0.50000000  0.25000000  0.0003
    2010  0.35000000  0.50000000  0.25000000  0.0003
    2011  0.40000000  0.50000000  0.25000000  0.0003
    2012  0.45000000  0.50000000  0.25000000  0.0003
    2013  0.50000000  0.50000000  0.25000000  0.0003
    2014  0.45000000  0.50000000 -0.25000000  0.0003
    2015  0.40000000  0.50000000 -0.25000000  0.0003
    2016  0.35000000  0.50000000 -0.25000000  0.0003
    2017  0.30000000  0.50000000 -0.25000000  0.0003
    2018 -0.25000000  0.50000000  0.25000000  0.0003
    2019 -0.20000000  0.50000000  0.25000000  0.0003
    2020 -0.15000000  0.50000000  0.25000000  0.0003
    2021 -0.10000000  0.50000000  0.25000000  0.0003
    2022 -0.05000000  0.50000000  0.25000000  0.0003
    2023  0.00000000  0.45000000 -0.25000000  0.0003
    2024 -0.05000000  0.45000000 -0.25000000  0.0003
    2025 -0.10000000  0.45000000 -0.25000000  0.0003
    2026 -0.15000000  0.45000000 -0.25000000  0.0003
    2027  0.20000000 -0.45000000  0.25000000  0.0003
    2028  0.25000000 -0.45000000  0.25000000  0.0003
    2029  0.30000000 -0.45000000  0.25000000  0.0003
    2030  0.35000000 -0.45000000  0.25000000  0.0003
    2031  0.40000000 -0.45000000  0.25000000  0.0003
    2032  0.45000000 -0.45000000  0.25000000  0.0003
    2033  0.50000000  0.45000000 -0.25000000  0.0003
    2034  0.45000000  0.45000000 -0.25000000  0.0003
    2035  0.40000000  0.45000000 -0.25000000  0.0003
    2036  0.35000000  0.45000000 -0.25000000  0.0003
    2037  0.30000000  0.45000000 -0.25000000  0.0003
    2038  0.25000000  0.45000000 -0.25000000  0.0003
    2039  0.20000000  0.45000000 -0.25000000  0.0003
    2040  0.15000000  0.45000000 -0.25000000  0.0003
    2041  0.10000000  0.45000000 -0.25000000  0.0003
    2042  0.05000000  0.45000000 -0.25000000  0.0003
    2043  0.00000000  0.40000000 -0.25000000  0.0003
    2044 -0.05000000  0.40000000 -0.25000000  0.0003
    2045 -0.10000000  0.40000000 -0.25000000  0.0003
    2046 -0.15000000  0.40000000 -0.25000000  0.0003
    2047  0.20000000 -0.40000000  0.25000000  0.0003
    2048  0.25000000 -0.40000000  0.25000000  0.0003
    2049  0.30000000 -0.40000000  0.25000000  0.0003
    2050  0.35000000 -0.40000000  0.25000000  0.0003
    2051  0.40000000 -0.40000000  0.25000000  0.0003
    2052  0.45000000 -0.40000000  0.25000000  0.0003
    2053  0.50000000  0.40000000 -0.25000000  0.0003
    2054  0.45000000  0.40000000 -0.25000000  0.0003
    2055  0.40000000  0.40000000 -0.25000000  0.0003
    2056  0.35000000  0.40000000 -0.25000000  0.0003
    2057  0.30000000  0.40000000 -0.25000000  0.0003
    2058  0.25000000  0.40000000 -0.25000000  0.0003
    2059  0.20000000  0.40000000 -0.25000000  0.0003
    2060  0.15000000  0.40000000 -0.25000000  0.0003
    2061  0.10000000  0.40000000 -0.25000000  0.0003
    2062  0.05000000  0.40000000 -0.25000000  0.0003
    2063  0.00000000  0.35000000 -0.25000000  0.0003
    2064 -0.05000000  0.35000000 -0.25000000  0.0003
    2065 -0.10000000  0.35000000 -0.25000000  0.0003
    2066  0.15000000 -0.35000000  0.25000000  0.0003
    2067  0.20000000 -0.35000000  0.25000000  0.0003
    2068  0.25000000 -0.35000000  0.25000000  0.0003
    2069  0.30000000 -0.35000000  0.25000000  0.0003
    2070  0.35000000 -0.35000000  0.25000000  0.0003
    2071  0.40000000 -0.35000000  0.25000000  0.0003
    2072  0.45000000 -0.35000000  0.25000000  0.0003
    2073  0.50000000  0.35000000 -0.25000000  0.0003
    2074  0.45000000  0.35000000 -0.25000000  0.0003
    2075  0.40000000  0.35000000 -0.25000000  0.0003
    2076  0.35000000  0.35000000 -0.25000000  0.0003
    2077  0.30000000  0.35000000 -0.25000000  0.0003
    2078  0.25000000  0.35000000 -0.25000000  0.0003
    2079  0.20000000  0.35000000 -0.25000000  0.0003
    2080  0.15000000  0.35000000 -0.25000000  0.0003
    2081  0.10000000  0.35000000 -0.25000000  0.0003
    2082  0.05000000  0.35000000 -0.25000000  0.0003
    2083  0.00000000  0.30000000 -0.25000000  0.0003
    2084 -0.05000000  0.30000000 -0.25000000  0.0003
    2085  0.10000000 -0.30000000  0.25000000  0.0003
    2086  0.15000000 -0.30000000  0.25000000  0.0003
    2087  0.20000000 -0.30000000  0.25000000  0.0003
    2088  0.25000000 -0.30000000  0.25000000  0.0003
    2089  0.30000000 -0.30000000  0.25000000  0.0003
    2090  0.35000000 -0.30000000  0.25000000  0.0003
    2091  0.40000000 -0.30000000  0.25000000  0.0003
    2092  0.45000000 -0.30000000  0.25000000  0.0003
    2093  0.50000000  0.30000000 -0.25000000  0.0003
    2094  0.45000000  0.30000000 -0.25000000  0.0003
    2095  0.40000000  0.30000000 -0.25000000  0.0003
    2096  0.35000000  0.30000000 -0.25000000  0.0003
    2097  0.30000000  0.30000000 -0.25000000  0.0003
    2098  0.25000000  0.30000000 -0.25000000  0.0003
    2099  0.20000000  0.30000000 -0.25000000  0.0003
    2100  0.15000000  0.30000000 -0.25000000  0.0003
    2101  0.10000000  0.30000000 -0.25000000  0.0003
    2102  0.05000000  0.30000000 -0.25000000  0.0003
    2103  0.00000000 -0.25000000  0.25000000  0.0003
    2104  0.05000000 -0.25000000  0.25000000  0.0003
    2105  0.10000000 -0.25000000  0.25000000  0.0003
    2106  0.15000000 -0.25000000  0.25000000  0.0003
    2107  0.20000000 -0.25000000  0.25000000  0.0003
    2108  0.25000000 -0.25000000  0.25000000  0.0003
    2109  0.30000000 -0.25000000  0.25000000  0.0003
    2110  0.35000000 -0.25000000  0.25000000  0.0003
    2111  0.40000000 -0.25000000  0.25000000  0.0003
    2112  0.45000000 -0.25000000  0.25000000  0.0003
    2113  0.50000000 -0.25000000  0.25000000  0.0003
    2114  0.45000000  0.25000000 -0.25000000  0.0003
    2115  0.40000000  0.25000000 -0.25000000  0.0003
    2116  0.35000000  0.25000000 -0.25000000  0.0003
    2117  0.30000000  0.25000000 -0.25000000  0.0003
    2118  0.25000000  0.25000000 -0.25000000  0.0003
    2119  0.20000000  0.25000000 -0.25000000  0.0003
    2120  0.15000000  0.25000000 -0.25000000  0.0003
    2121  0.10000000  0.25000000 -0.25000000  0.0003
    2122  0.05000000  0.25000000 -0.25000000  0.0003
    2123  0.00000000 -0.20000000  0.25000000  0.0003
    2124  0.05000000 -0.20000000  0.25000000  0.0003
    2125  0.10000000 -0.20000000  0.25000000  0.0003
    2126  0.15000000 -0.20000000  0.25000000  0.0003
    2127  0.20000000 -0.20000000  0.25000000  0.0003
    2128  0.25000000 -0.20000000  0.25000000  0.0003
    2129  0.30000000 -0.20000000  0.25000000  0.0003
    2130  0.35000000 -0.20000000  0.25000000  0.0003
    2131  0.40000000 -0.20000000  0.25000000  0.0003
    2132  0.45000000 -0.20000000  0.25000000  0.0003
    2133  0.50000000 -0.20000000  0.25000000  0.0003
    2134  0.45000000  0.20000000 -0.25000000  0.0003
    2135  0.40000000  0.20000000 -0.25000000  0.0003
    2136  0.35000000  0.20000000 -0.25000000  0.0003
    2137  0.30000000  0.20000000 -0.25000000  0.0003
    2138  0.25000000  0.20000000 -0.25000000  0.0003
    2139  0.20000000  0.20000000 -0.25000000  0.0003
    2140  0.15000000  0.20000000 -0.25000000  0.0003
    2141  0.10000000  0.20000000 -0.25000000  0.0003
    2142 -0.05000000 -0.20000000  0.25000000  0.0003
    2143  0.00000000 -0.15000000  0.25000000  0.0003
    2144  0.05000000 -0.15000000  0.25000000  0.0003
    2145  0.10000000 -0.15000000  0.25000000  0.0003
    2146  0.15000000 -0.15000000  0.25000000  0.0003
    2147  0.20000000 -0.15000000  0.25000000  0.0003
    2148  0.25000000 -0.15000000  0.25000000  0.0003
    2149  0.30000000 -0.15000000  0.25000000  0.0003
    2150  0.35000000 -0.15000000  0.25000000  0.0003
    2151  0.40000000 -0.15000000  0.25000000  0.0003
    2152  0.45000000 -0.15000000  0.25000000  0.0003
    2153  0.50000000 -0.15000000  0.25000000  0.0003
    2154  0.45000000  0.15000000 -0.25000000  0.0003
    2155  0.40000000  0.15000000 -0.25000000  0.0003
    2156  0.35000000  0.15000000 -0.25000000  0.0003
    2157  0.30000000  0.15000000 -0.25000000  0.0003
    2158  0.25000000  0.15000000 -0.25000000  0.0003
    2159  0.20000000  0.15000000 -0.25000000  0.0003
    2160  0.15000000  0.15000000 -0.25000000  0.0003
    2161 -0.10000000 -0.15000000  0.25000000  0.0003
    2162 -0.05000000 -0.15000000  0.25000000  0.0003
    2163  0.00000000 -0.10000000  0.25000000  0.0003
    2164  0.05000000 -0.10000000  0.25000000  0.0003
    2165  0.10000000 -0.10000000  0.25000000  0.0003
    2166  0.15000000 -0.10000000  0.25000000  0.0003
    2167  0.20000000 -0.10000000  0.25000000  0.0003
    2168  0.25000000 -0.10000000  0.25000000  0.0003
    2169  0.30000000 -0.10000000  0.25000000  0.0003
    2170  0.35000000 -0.10000000  0.25000000  0.0003
    2171  0.40000000 -0.10000000  0.25000000  0.0003
    2172  0.45000000 -0.10000000  0.25000000  0.0003
    2173  0.50000000 -0.10000000  0.25000000  0.0003
    2174  0.45000000  0.10000000 -0.25000000  0.0003
    2175  0.40000000  0.10000000 -0.25000000  0.0003
    2176  0.35000000  0.10000000 -0.25000000  0.0003
    2177  0.30000000  0.10000000 -0.25000000  0.0003
    2178  0.25000000  0.10000000 -0.25000000  0.0003
    2179  0.20000000  0.10000000 -0.25000000  0.0003
    2180 -0.15000000 -0.10000000  0.25000000  0.0003
    2181 -0.10000000 -0.10000000  0.25000000  0.0003
    2182 -0.05000000 -0.10000000  0.25000000  0.0003
    2183  0.00000000 -0.05000000  0.25000000  0.0003
    2184  0.05000000 -0.05000000  0.25000000  0.0003
    2185  0.10000000 -0.05000000  0.25000000  0.0003
    2186  0.15000000 -0.05000000  0.25000000  0.0003
    2187  0.20000000 -0.05000000  0.25000000  0.0003
    2188  0.25000000 -0.05000000  0.25000000  0.0003
    2189  0.30000000 -0.05000000  0.25000000  0.0003
    2190  0.35000000 -0.05000000  0.25000000  0.0003
    2191  0.40000000 -0.05000000  0.25000000  0.0003
    2192  0.45000000 -0.05000000  0.25000000  0.0003
    2193  0.50000000 -0.05000000  0.25000000  0.0003
    2194  0.45000000  0.05000000 -0.25000000  0.0003
    2195  0.40000000  0.05000000 -0.25000000  0.0003
    2196  0.35000000  0.05000000 -0.25000000  0.0003
    2197  0.30000000  0.05000000 -0.25000000  0.0003
    2198  0.25000000  0.05000000 -0.25000000  0.0003
    2199 -0.20000000 -0.05000000  0.25000000  0.0003
    2200 -0.15000000 -0.05000000  0.25000000  0.0003
    2201 -0.10000000 -0.05000000  0.25000000  0.0003
    2202 -0.05000000 -0.05000000  0.25000000  0.0003
    2203  0.00000000  0.00000000  0.30000000  0.0003
    2204  0.05000000  0.00000000  0.30000000  0.0003
    2205  0.10000000  0.00000000  0.30000000  0.0003
    2206  0.15000000  0.00000000  0.30000000  0.0003
    2207  0.20000000  0.00000000  0.30000000  0.0003
    2208  0.25000000  0.00000000  0.30000000  0.0003
    2209  0.30000000  0.00000000  0.30000000  0.0003
    2210  0.35000000  0.00000000  0.30000000  0.0003
    2211  0.40000000  0.00000000  0.30000000  0.0003
    2212  0.45000000  0.00000000  0.30000000  0.0003
    2213  0.50000000  0.00000000  0.30000000  0.0003
    2214  0.45000000  0.00000000 -0.30000000  0.0003
    2215  0.40000000  0.00000000 -0.30000000  0.0003
    2216  0.35000000  0.00000000 -0.30000000  0.0003
    2217  0.30000000  0.00000000 -0.30000000  0.0003
    2218 -0.25000000  0.00000000  0.30000000  0.0003
    2219 -0.20000000  0.00000000  0.30000000  0.0003
    2220 -0.15000000  0.00000000  0.30000000  0.0003
    2221 -0.10000000  0.00000000  0.30000000  0.0003
    2222 -0.05000000  0.00000000  0.30000000  0.0003
    2223  0.00000000  0.05000000  0.30000000  0.0003
    2224  0.05000000  0.05000000  0.30000000  0.0003
    2225  0.10000000  0.05000000  0.30000000  0.0003
    2226  0.15000000  0.05000000  0.30000000  0.0003
    2227  0.20000000  0.05000000  0.30000000  0.0003
    2228  0.25000000  0.05000000  0.30000000  0.0003
    2229  0.30000000  0.05000000  0.30000000  0.0003
    2230  0.35000000  0.05000000  0.30000000  0.0003
    2231  0.40000000  0.05000000  0.30000000  0.0003
    2232  0.45000000  0.05000000  0.30000000  0.0003
    2233  0.50000000  0.05000000  0.30000000  0.0003
    2234  0.45000000 -0.05000000 -0.30000000  0.0003
    2235  0.40000000 -0.05000000 -0.30000000  0.0003
    2236 -0.35000000  0.05000000  0.30000000  0.0003
    2237 -0.30000000  0.05000000  0.30000000  0.0003
    2238 -0.25000000  0.05000000  0.30000000  0.0003
    2239 -0.20000000  0.05000000  0.30000000  0.0003
    2240 -0.15000000  0.05000000  0.30000000  0.0003
    2241 -0.10000000  0.05000000  0.30000000  0.0003
    2242 -0.05000000  0.05000000  0.30000000  0.0003
    2243  0.00000000  0.10000000  0.30000000  0.0003
    2244  0.05000000  0.10000000  0.30000000  0.0003
    2245  0.10000000  0.10000000  0.30000000  0.0003
    2246  0.15000000  0.10000000  0.30000000  0.0003
    2247  0.20000000  0.10000000  0.30000000  0.0003
    2248  0.25000000  0.10000000  0.30000000  0.0003
    2249  0.30000000  0.10000000  0.30000000  0.0003
    2250  0.35000000  0.10000000  0.30000000  0.0003
    2251  0.40000000  0.10000000  0.30000000  0.0003
    2252  0.45000000  0.10000000  0.30000000  0.0003
    2253  0.50000000  0.10000000  0.30000000  0.0003
    2254  0.45000000 -0.10000000 -0.30000000  0.0003
    2255 -0.40000000  0.10000000  0.30000000  0.0003
    2256 -0.35000000  0.10000000  0.30000000  0.0003
    2257 -0.30000000  0.10000000  0.30000000  0.0003
    2258 -0.25000000  0.10000000  0.30000000  0.0003
    2259 -0.20000000  0.10000000  0.30000000  0.0003
    2260 -0.15000000  0.10000000  0.30000000  0.0003
    2261 -0.10000000  0.10000000  0.30000000  0.0003
    2262 -0.05000000  0.10000000  0.30000000  0.0003
    2263  0.00000000  0.15000000  0.30000000  0.0003
    2264  0.05000000  0.15000000  0.30000000  0.0003
    2265  0.10000000  0.15000000  0.30000000  0.0003
    2266  0.15000000  0.15000000  0.30000000  0.0003
    2267  0.20000000  0.15000000  0.30000000  0.0003
    2268  0.25000000  0.15000000  0.30000000  0.0003
    2269  0.30000000  0.15000000  0.30000000  0.0003
    2270  0.35000000  0.15000000  0.30000000  0.0003
    2271  0.40000000  0.15000000  0.30000000  0.0003
    2272  0.45000000  0.15000000  0.30000000  0.0003
    2273  0.50000000  0.15000000  0.30000000  0.0003
    2274 -0.45000000  0.15000000  0.30000000  0.0003
    2275 -0.40000000  0.15000000  0.30000000  0.0003
    2276 -0.35000000  0.15000000  0.30000000  0.0003
    2277 -0.30000000  0.15000000  0.30000000  0.0003
    2278 -0.25000000  0.15000000  0.30000000  0.0003
    2279 -0.20000000  0.15000000  0.30000000  0.0003
    2280 -0.15000000  0.15000000  0.30000000  0.0003
    2281 -0.10000000  0.15000000  0.30000000  0.0003
    2282 -0.05000000  0.15000000  0.30000000  0.0003
    2283  0.00000000  0.20000000  0.30000000  0.0003
    2284  0.05000000  0.20000000  0.30000000  0.0003
    2285  0.10000000  0.20000000  0.30000000  0.0003
    2286  0.15000000  0.20000000  0.30000000  0.0003
    2287  0.20000000  0.20000000  0.30000000  0.0003
    2288  0.25000000  0.20000000  0.30000000  0.0003
    2289  0.30000000  0.20000000  0.30000000  0.0003
    2290  0.35000000  0.20000000  0.30000000  0.0003
    2291  0.40000000  0.20000000  0.30000000  0.0003
    2292  0.45000000  0.20000000  0.30000000  0.0003
    2293  0.50000000  0.20000000  0.30000000  0.0003
    2294 -0.45000000  0.20000000  0.30000000  0.0003
    2295 -0.40000000  0.20000000  0.30000000  0.0003
    2296 -0.35000000  0.20000000  0.30000000  0.0003
    2297 -0.30000000  0.20000000  0.30000000  0.0003
    2298 -0.25000000  0.20000000  0.30000000  0.0003
    2299 -0.20000000  0.20000000  0.30000000  0.0003
    2300 -0.15000000  0.20000000  0.30000000  0.0003
    2301 -0.10000000  0.20000000  0.30000000  0.0003
    2302 -0.05000000  0.20000000  0.30000000  0.0003
    2303  0.00000000  0.25000000  0.30000000  0.0003
    2304  0.05000000  0.25000000  0.30000000  0.0003
    2305  0.10000000  0.25000000  0.30000000  0.0003
    2306  0.15000000  0.25000000  0.30000000  0.0003
    2307  0.20000000  0.25000000  0.30000000  0.0003
    2308  0.25000000  0.25000000  0.30000000  0.0003
    2309  0.30000000  0.25000000  0.30000000  0.0003
    2310  0.35000000  0.25000000  0.30000000  0.0003
    2311  0.40000000  0.25000000  0.30000000  0.0003
    2312  0.45000000  0.25000000  0.30000000  0.0003
    2313  0.50000000  0.25000000  0.30000000  0.0003
    2314 -0.45000000  0.25000000  0.30000000  0.0003
    2315 -0.40000000  0.25000000  0.30000000  0.0003
    2316 -0.35000000  0.25000000  0.30000000  0.0003
    2317 -0.30000000  0.25000000  0.30000000  0.0003
    2318 -0.25000000  0.25000000  0.30000000  0.0003
    2319 -0.20000000  0.25000000  0.30000000  0.0003
    2320 -0.15000000  0.25000000  0.30000000  0.0003
    2321 -0.10000000  0.25000000  0.30000000  0.0003
    2322 -0.05000000  0.25000000  0.30000000  0.0003
    2323  0.00000000  0.30000000  0.30000000  0.0003
    2324  0.05000000  0.30000000  0.30000000  0.0003
    2325  0.10000000  0.30000000  0.30000000  0.0003
    2326  0.15000000  0.30000000  0.30000000  0.0003
    2327  0.20000000  0.30000000  0.30000000  0.0003
    2328  0.25000000  0.30000000  0.30000000  0.0003
    2329  0.30000000  0.30000000  0.30000000  0.0003
    2330  0.35000000  0.30000000  0.30000000  0.0003
    2331  0.40000000  0.30000000  0.30000000  0.0003
    2332  0.45000000  0.30000000  0.30000000  0.0003
    2333  0.50000000  0.30000000  0.30000000  0.0003
    2334 -0.45000000  0.30000000  0.30000000  0.0003
    2335 -0.40000000  0.30000000  0.30000000  0.0003
    2336 -0.35000000  0.30000000  0.30000000  0.0003
    2337 -0.30000000  0.30000000  0.30000000  0.0003
    2338 -0.25000000  0.30000000  0.30000000  0.0003
    2339 -0.20000000  0.30000000  0.30000000  0.0003
    2340 -0.15000000  0.30000000  0.30000000  0.0003
    2341 -0.10000000  0.30000000  0.30000000  0.0003
    2342 -0.05000000  0.30000000  0.30000000  0.0003
    2343  0.00000000  0.35000000  0.30000000  0.0003
    2344  0.05000000  0.35000000  0.30000000  0.0003
    2345  0.10000000  0.35000000  0.30000000  0.0003
    2346  0.15000000  0.35000000  0.30000000  0.0003
    2347  0.20000000  0.35000000  0.30000000  0.0003
    2348  0.25000000  0.35000000  0.30000000  0.0003
    2349  0.30000000  0.35000000  0.30000000  0.0003
    2350  0.35000000  0.35000000  0.30000000  0.0003
    2351  0.40000000  0.35000000  0.30000000  0.0003
    2352  0.45000000  0.35000000  0.30000000  0.0003
    2353  0.50000000  0.35000000  0.30000000  0.0003
    2354 -0.45000000  0.35000000  0.30000000  0.0003
    2355 -0.40000000  0.35000000  0.30000000  0.0003
    2356 -0.35000000  0.35000000  0.30000000  0.0003
    2357 -0.30000000  0.35000000  0.30000000  0.0003
    2358 -0.25000000  0.35000000  0.30000000  0.0003
    2359 -0.20000000  0.35000000  0.30000000  0.0003
    2360 -0.15000000  0.35000000  0.30000000  0.0003
    2361 -0.10000000  0.35000000  0.30000000  0.0003
    2362 -0.05000000  0.35000000  0.30000000  0.0003
    2363  0.00000000  0.40000000  0.30000000  0.0003
    2364  0.05000000  0.40000000  0.30000000  0.0003
    2365  0.10000000  0.40000000  0.30000000  0.0003
    2366  0.15000000  0.40000000  0.30000000  0.0003
    2367  0.20000000  0.40000000  0.30000000  0.0003
    2368  0.25000000  0.40000000  0.30000000  0.0003
    2369  0.30000000  0.40000000  0.30000000  0.0003
    2370  0.35000000  0.40000000  0.30000000  0.0003
    2371  0.40000000  0.40000000  0.30000000  0.0003
    2372  0.45000000  0.40000000  0.30000000  0.0003
    2373  0.50000000  0.40000000  0.30000000  0.0003
    2374 -0.45000000  0.40000000  0.30000000  0.0003
    2375 -0.40000000  0.40000000  0.30000000  0.0003
    2376 -0.35000000  0.40000000  0.30000000  0.0003
    2377 -0.30000000  0.40000000  0.30000000  0.0003
    2378 -0.25000000  0.40000000  0.30000000  0.0003
    2379 -0.20000000  0.40000000  0.30000000  0.0003
    2380 -0.15000000  0.40000000  0.30000000  0.0003
    2381 -0.10000000  0.40000000  0.30000000  0.0003
    2382 -0.05000000  0.40000000  0.30000000  0.0003
    2383  0.00000000  0.45000000  0.30000000  0.0003
    2384  0.05000000  0.45000000  0.30000000  0.0003
    2385  0.10000000  0.45000000  0.30000000  0.0003
    2386  0.15000000  0.45000000  0.30000000  0.0003
    2387  0.20000000  0.45000000  0.30000000  0.0003
    2388  0.25000000  0.45000000  0.30000000  0.0003
    2389  0.30000000  0.45000000  0.30000000  0.0003
    2390  0.35000000  0.45000000  0.30000000  0.0003
    2391  0.40000000  0.45000000  0.30000000  0.0003
    2392  0.45000000  0.45000000  0.30000000  0.0003
    2393  0.50000000  0.45000000  0.30000000  0.0003
    2394 -0.45000000  0.45000000  0.30000000  0.0003
    2395 -0.40000000  0.45000000  0.30000000  0.0003
    2396 -0.35000000  0.45000000  0.30000000  0.0003
    2397 -0.30000000  0.45000000  0.30000000  0.0003
    2398 -0.25000000  0.45000000  0.30000000  0.0003
    2399 -0.20000000  0.45000000  0.30000000  0.0003
    2400 -0.15000000  0.45000000  0.30000000  0.0003
    2401 -0.10000000  0.45000000  0.30000000  0.0003
    2402 -0.05000000  0.45000000  0.30000000  0.0003
    2403  0.00000000  0.50000000  0.30000000  0.0003
    2404  0.05000000  0.50000000  0.30000000  0.0003
    2405  0.10000000  0.50000000  0.30000000  0.0003
    2406  0.15000000  0.50000000  0.30000000  0.0003
    2407  0.20000000  0.50000000  0.30000000  0.0003
    2408  0.25000000  0.50000000  0.30000000  0.0003
    2409  0.30000000  0.50000000  0.30000000  0.0003
    2410  0.35000000  0.50000000  0.30000000  0.0003
    2411  0.40000000  0.50000000  0.30000000  0.0003
    2412  0.45000000  0.50000000  0.30000000  0.0003
    2413  0.50000000  0.50000000  0.30000000  0.0003
    2414  0.45000000  0.50000000 -0.30000000  0.0003
    2415  0.40000000  0.50000000 -0.30000000  0.0003
    2416  0.35000000  0.50000000 -0.30000000  0.0003
    2417 -0.30000000  0.50000000  0.30000000  0.0003
    2418 -0.25000000  0.50000000  0.30000000  0.0003
    2419 -0.20000000  0.50000000  0.30000000  0.0003
    2420 -0.15000000  0.50000000  0.30000000  0.0003
    2421 -0.10000000  0.50000000  0.30000000  0.0003
    2422 -0.05000000  0.50000000  0.30000000  0.0003
    2423  0.00000000  0.45000000 -0.30000000  0.0003
    2424 -0.05000000  0.45000000 -0.30000000  0.0003
    2425 -0.10000000  0.45000000 -0.30000000  0.0003
    2426  0.15000000 -0.45000000  0.30000000  0.0003
    2427  0.20000000 -0.45000000  0.30000000  0.0003
    2428  0.25000000 -0.45000000  0.30000000  0.0003
    2429  0.30000000 -0.45000000  0.30000000  0.0003
    2430  0.35000000 -0.45000000  0.30000000  0.0003
    2431  0.40000000 -0.45000000  0.30000000  0.0003
    2432  0.45000000 -0.45000000  0.30000000  0.0003
    2433  0.50000000  0.45000000 -0.30000000  0.0003
    2434  0.45000000  0.45000000 -0.30000000  0.0003
    2435  0.40000000  0.45000000 -0.30000000  0.0003
    2436  0.35000000  0.45000000 -0.30000000  0.0003
    2437  0.30000000  0.45000000 -0.30000000  0.0003
    2438  0.25000000  0.45000000 -0.30000000  0.0003
    2439  0.20000000  0.45000000 -0.30000000  0.0003
    2440  0.15000000  0.45000000 -0.30000000  0.0003
    2441  0.10000000  0.45000000 -0.30000000  0.0003
    2442  0.05000000  0.45000000 -0.30000000  0.0003
    2443  0.00000000  0.40000000 -0.30000000  0.0003
    2444 -0.05000000  0.40000000 -0.30000000  0.0003
    2445  0.10000000 -0.40000000  0.30000000  0.0003
    2446  0.15000000 -0.40000000  0.30000000  0.0003
    2447  0.20000000 -0.40000000  0.30000000  0.0003
    2448  0.25000000 -0.40000000  0.30000000  0.0003
    2449  0.30000000 -0.40000000  0.30000000  0.0003
    2450  0.35000000 -0.40000000  0.30000000  0.0003
    2451  0.40000000 -0.40000000  0.30000000  0.0003
    2452  0.45000000 -0.40000000  0.30000000  0.0003
    2453  0.50000000  0.40000000 -0.30000000  0.0003
    2454  0.45000000  0.40000000 -0.30000000  0.0003
    2455  0.40000000  0.40000000 -0.30000000  0.0003
    2456  0.35000000  0.40000000 -0.30000000  0.0003
    2457  0.30000000  0.40000000 -0.30000000  0.0003
    2458  0.25000000  0.40000000 -0.30000000  0.0003
    2459  0.20000000  0.40000000 -0.30000000  0.0003
    2460  0.15000000  0.40000000 -0.30000000  0.0003
    2461  0.10000000  0.40000000 -0.30000000  0.0003
    2462  0.05000000  0.40000000 -0.30000000  0.0003
    2463  0.00000000  0.35000000 -0.30000000  0.0003
    2464  0.05000000 -0.35000000  0.30000000  0.0003
    2465  0.10000000 -0.35000000  0.30000000  0.0003
    2466  0.15000000 -0.35000000  0.30000000  0.0003
    2467  0.20000000 -0.35000000  0.30000000  0.0003
    2468  0.25000000 -0.35000000  0.30000000  0.0003
    2469  0.30000000 -0.35000000  0.30000000  0.0003
    2470  0.35000000 -0.35000000  0.30000000  0.0003
    2471  0.40000000 -0.35000000  0.30000000  0.0003
    2472  0.45000000 -0.35000000  0.30000000  0.0003
    2473  0.50000000  0.35000000 -0.30000000  0.0003
    2474  0.45000000  0.35000000 -0.30000000  0.0003
    2475  0.40000000  0.35000000 -0.30000000  0.0003
    2476  0.35000000  0.35000000 -0.30000000  0.0003
    2477  0.30000000  0.35000000 -0.30000000  0.0003
    2478  0.25000000  0.35000000 -0.30000000  0.0003
    2479  0.20000000  0.35000000 -0.30000000  0.0003
    2480  0.15000000  0.35000000 -0.30000000  0.0003
    2481  0.10000000  0.35000000 -0.30000000  0.0003
    2482  0.05000000  0.35000000 -0.30000000  0.0003
    2483  0.00000000  0.30000000 -0.30000000  0.0003
    2484  0.05000000 -0.30000000  0.30000000  0.0003
    2485  0.10000000 -0.30000000  0.30000000  0.0003
    2486  0.15000000 -0.30000000  0.30000000  0.0003
    2487  0.20000000 -0.30000000  0.30000000  0.0003
    2488  0.25000000 -0.30000000  0.30000000  0.0003
    2489  0.30000000 -0.30000000  0.30000000  0.0003
    2490  0.35000000 -0.30000000  0.30000000  0.0003
    2491  0.40000000 -0.30000000  0.30000000  0.0003
    2492  0.45000000 -0.30000000  0.30000000  0.0003
    2493  0.50000000 -0.30000000  0.30000000  0.0003
    2494  0.45000000  0.30000000 -0.30000000  0.0003
    2495  0.40000000  0.30000000 -0.30000000  0.0003
    2496  0.35000000  0.30000000 -0.30000000  0.0003
    2497  0.30000000  0.30000000 -0.30000000  0.0003
    2498  0.25000000  0.30000000 -0.30000000  0.0003
    2499  0.20000000  0.30000000 -0.30000000  0.0003
    2500  0.15000000  0.30000000 -0.30000000  0.0003
    2501  0.10000000  0.30000000 -0.30000000  0.0003
    2502  0.05000000  0.30000000 -0.30000000  0.0003
    2503  0.00000000 -0.25000000  0.30000000  0.0003
    2504  0.05000000 -0.25000000  0.30000000  0.0003
    2505  0.10000000 -0.25000000  0.30000000  0.0003
    2506  0.15000000 -0.25000000  0.30000000  0.0003
    2507  0.20000000 -0.25000000  0.30000000  0.0003
    2508  0.25000000 -0.25000000  0.30000000  0.0003
    2509  0.30000000 -0.25000000  0.30000000  0.0003
    2510  0.35000000 -0.25000000  0.30000000  0.0003
    2511  0.40000000 -0.25000000  0.30000000  0.0003
    2512  0.45000000 -0.25000000  0.30000000  0.0003
    2513  0.50000000 -0.25000000  0.30000000  0.0003
    2514  0.45000000  0.25000000 -0.30000000  0.0003
    2515  0.40000000  0.25000000 -0.30000000  0.0003
    2516  0.35000000  0.25000000 -0.30000000  0.0003
    2517  0.30000000  0.25000000 -0.30000000  0.0003
    2518  0.25000000  0.25000000 -0.30000000  0.0003
    2519  0.20000000  0.25000000 -0.30000000  0.0003
    2520  0.15000000  0.25000000 -0.30000000  0.0003
    2521  0.10000000  0.25000000 -0.30000000  0.0003
    2522 -0.05000000 -0.25000000  0.30000000  0.0003
    2523  0.00000000 -0.20000000  0.30000000  0.0003
    2524  0.05000000 -0.20000000  0.30000000  0.0003
    2525  0.10000000 -0.20000000  0.30000000  0.0003
    2526  0.15000000 -0.20000000  0.30000000  0.0003
    2527  0.20000000 -0.20000000  0.30000000  0.0003
    2528  0.25000000 -0.20000000  0.30000000  0.0003
    2529  0.30000000 -0.20000000  0.30000000  0.0003
    2530  0.35000000 -0.20000000  0.30000000  0.0003
    2531  0.40000000 -0.20000000  0.30000000  0.0003
    2532  0.45000000 -0.20000000  0.30000000  0.0003
    2533  0.50000000 -0.20000000  0.30000000  0.0003
    2534  0.45000000  0.20000000 -0.30000000  0.0003
    2535  0.40000000  0.20000000 -0.30000000  0.0003
    2536  0.35000000  0.20000000 -0.30000000  0.0003
    2537  0.30000000  0.20000000 -0.30000000  0.0003
    2538  0.25000000  0.20000000 -0.30000000  0.0003
    2539  0.20000000  0.20000000 -0.30000000  0.0003
    2540  0.15000000  0.20000000 -0.30000000  0.0003
    2541 -0.10000000 -0.20000000  0.30000000  0.0003
    2542 -0.05000000 -0.20000000  0.30000000  0.0003
    2543  0.00000000 -0.15000000  0.30000000  0.0003
    2544  0.05000000 -0.15000000  0.30000000  0.0003
    2545  0.10000000 -0.15000000  0.30000000  0.0003
    2546  0.15000000 -0.15000000  0.30000000  0.0003
    2547  0.20000000 -0.15000000  0.30000000  0.0003
    2548  0.25000000 -0.15000000  0.30000000  0.0003
    2549  0.30000000 -0.15000000  0.30000000  0.0003
    2550  0.35000000 -0.15000000  0.30000000  0.0003
    2551  0.40000000 -0.15000000  0.30000000  0.0003
    2552  0.45000000 -0.15000000  0.30000000  0.0003
    2553  0.50000000 -0.15000000  0.30000000  0.0003
    2554  0.45000000  0.15000000 -0.30000000  0.0003
    2555  0.40000000  0.15000000 -0.30000000  0.0003
    2556  0.35000000  0.15000000 -0.30000000  0.0003
    2557  0.30000000  0.15000000 -0.30000000  0.0003
    2558  0.25000000  0.15000000 -0.30000000  0.0003
    2559  0.20000000  0.15000000 -0.30000000  0.0003
    2560 -0.15000000 -0.15000000  0.30000000  0.0003
    2561 -0.10000000 -0.15000000  0.30000000  0.0003
    2562 -0.05000000 -0.15000000  0.30000000  0.0003
    2563  0.00000000 -0.10000000  0.30000000  0.0003
    2564  0.05000000 -0.10000000  0.30000000  0.0003
    2565  0.10000000 -0.10000000  0.30000000  0.0003
    2566  0.15000000 -0.10000000  0.30000000  0.0003
    2567  0.20000000 -0.10000000  0.30000000  0.0003
    2568  0.25000000 -0.10000000  0.30000000  0.0003
    2569  0.30000000 -0.10000000  0.30000000  0.0003
    2570  0.35000000 -0.10000000  0.30000000  0.0003
    2571  0.40000000 -0.10000000  0.30000000  0.0003
    2572  0.45000000 -0.10000000  0.30000000  0.0003
    2573  0.50000000 -0.10000000  0.30000000  0.0003
    2574  0.45000000  0.10000000 -0.30000000  0.0003
    2575  0.40000000  0.10000000 -0.30000000  0.0003
    2576  0.35000000  0.10000000 -0.30000000  0.0003
    2577  0.30000000  0.10000000 -0.30000000  0.0003
    2578  0.25000000  0.10000000 -0.30000000  0.0003
    2579 -0.20000000 -0.10000000  0.30000000  0.0003
    2580 -0.15000000 -0.10000000  0.30000000  0.0003
    2581 -0.10000000 -0.10000000  0.30000000  0.0003
    2582 -0.05000000 -0.10000000  0.30000000  0.0003
    2583  0.00000000 -0.05000000  0.30000000  0.0003
    2584  0.05000000 -0.05000000  0.30000000  0.0003
    2585  0.10000000 -0.05000000  0.30000000  0.0003
    2586  0.15000000 -0.05000000  0.30000000  0.0003
    2587  0.20000000 -0.05000000  0.30000000  0.0003
    2588  0.25000000 -0.05000000  0.30000000  0.0003
    2589  0.30000000 -0.05000000  0.30000000  0.0003
    2590  0.35000000 -0.05000000  0.30000000  0.0003
    2591  0.40000000 -0.05000000  0.30000000  0.0003
    2592  0.45000000 -0.05000000  0.30000000  0.0003
    2593  0.50000000 -0.05000000  0.30000000  0.0003
    2594  0.45000000  0.05000000 -0.30000000  0.0003
    2595  0.40000000  0.05000000 -0.30000000  0.0003
    2596  0.35000000  0.05000000 -0.30000000  0.0003
    2597  0.30000000  0.05000000 -0.30000000  0.0003
    2598 -0.25000000 -0.05000000  0.30000000  0.0003
    2599 -0.20000000 -0.05000000  0.30000000  0.0003
    2600 -0.15000000 -0.05000000  0.30000000  0.0003
    2601 -0.10000000 -0.05000000  0.30000000  0.0003
    2602 -0.05000000 -0.05000000  0.30000000  0.0003
    2603  0.00000000  0.00000000  0.35000000  0.0003
    2604  0.05000000  0.00000000  0.35000000  0.0003
    2605  0.10000000  0.00000000  0.35000000  0.0003
    2606  0.15000000  0.00000000  0.35000000  0.0003
    2607  0.20000000  0.00000000  0.35000000  0.0003
    2608  0.25000000  0.00000000  0.35000000  0.0003
    2609  0.30000000  0.00000000  0.35000000  0.0003
    2610  0.35000000  0.00000000  0.35000000  0.0003
    2611  0.40000000  0.00000000  0.35000000  0.0003
    2612  0.45000000  0.00000000  0.35000000  0.0003
    2613  0.50000000  0.00000000  0.35000000  0.0003
    2614  0.45000000  0.00000000 -0.35000000  0.0003
    2615  0.40000000  0.00000000 -0.35000000  0.0003
    2616  0.35000000  0.00000000 -0.35000000  0.0003
    2617 -0.30000000  0.00000000  0.35000000  0.0003
    2618 -0.25000000  0.00000000  0.35000000  0.0003
    2619 -0.20000000  0.00000000  0.35000000  0.0003
    2620 -0.15000000  0.00000000  0.35000000  0.0003
    2621 -0.10000000  0.00000000  0.35000000  0.0003
    2622 -0.05000000  0.00000000  0.35000000  0.0003
    2623  0.00000000  0.05000000  0.35000000  0.0003
    2624  0.05000000  0.05000000  0.35000000  0.0003
    2625  0.10000000  0.05000000  0.35000000  0.0003
    2626  0.15000000  0.05000000  0.35000000  0.0003
    2627  0.20000000  0.05000000  0.35000000  0.0003
    2628  0.25000000  0.05000000  0.35000000  0.0003
    2629  0.30000000  0.05000000  0.35000000  0.0003
    2630  0.35000000  0.05000000  0.35000000  0.0003
    2631  0.40000000  0.05000000  0.35000000  0.0003
    2632  0.45000000  0.05000000  0.35000000  0.0003
    2633  0.50000000  0.05000000  0.35000000  0.0003
    2634  0.45000000 -0.05000000 -0.35000000  0.0003
    2635  0.40000000 -0.05000000 -0.35000000  0.0003
    2636 -0.35000000  0.05000000  0.35000000  0.0003
    2637 -0.30000000  0.05000000  0.35000000  0.0003
    2638 -0.25000000  0.05000000  0.35000000  0.0003
    2639 -0.20000000  0.05000000  0.35000000  0.0003
    2640 -0.15000000  0.05000000  0.35000000  0.0003
    2641 -0.10000000  0.05000000  0.35000000  0.0003
    2642 -0.05000000  0.05000000  0.35000000  0.0003
    2643  0.00000000  0.10000000  0.35000000  0.0003
    2644  0.05000000  0.10000000  0.35000000  0.0003
    2645  0.10000000  0.10000000  0.35000000  0.0003
    2646  0.15000000  0.10000000  0.35000000  0.0003
    2647  0.20000000  0.10000000  0.35000000  0.0003
    2648  0.25000000  0.10000000  0.35000000  0.0003
    2649  0.30000000  0.10000000  0.35000000  0.0003
    2650  0.35000000  0.10000000  0.35000000  0.0003
    2651  0.40000000  0.10000000  0.35000000  0.0003
    2652  0.45000000  0.10000000  0.35000000  0.0003
    2653  0.50000000  0.10000000  0.35000000  0.0003
    2654  0.45000000 -0.10000000 -0.35000000  0.0003
    2655 -0.40000000  0.10000000  0.35000000  0.0003
    2656 -0.35000000  0.10000000  0.35000000  0.0003
    2657 -0.30000000  0.10000000  0.35000000  0.0003
    2658 -0.25000000  0.10000000  0.35000000  0.0003
    2659 -0.20000000  0.10000000  0.35000000  0.0003
    2660 -0.15000000  0.10000000  0.35000000  0.0003
    2661 -0.10000000  0.10000000  0.35000000  0.0003
    2662 -0.05000000  0.10000000  0.35000000  0.0003
    2663  0.00000000  0.15000000  0.35000000  0.0003
    2664  0.05000000  0.15000000  0.35000000  0.0003
    2665  0.10000000  0.15000000  0.35000000  0.0003
    2666  0.15000000  0.15000000  0.35000000  0.0003
    2667  0.20000000  0.15000000  0.35000000  0.0003
    2668  0.25000000  0.15000000  0.35000000  0.0003
    2669  0.30000000  0.15000000  0.35000000  0.0003
    2670  0.35000000  0.15000000  0.35000000  0.0003
    2671  0.40000000  0.15000000  0.35000000  0.0003
    2672  0.45000000  0.15000000  0.35000000  0.0003
    2673  0.50000000  0.15000000  0.35000000  0.0003
    2674 -0.45000000  0.15000000  0.35000000  0.0003
    2675 -0.40000000  0.15000000  0.35000000  0.0003
    2676 -0.35000000  0.15000000  0.35000000  0.0003
    2677 -0.30000000  0.15000000  0.35000000  0.0003
    2678 -0.25000000  0.15000000  0.35000000  0.0003
    2679 -0.20000000  0.15000000  0.35000000  0.0003
    2680 -0.15000000  0.15000000  0.35000000  0.0003
    2681 -0.10000000  0.15000000  0.35000000  0.0003
    2682 -0.05000000  0.15000000  0.35000000  0.0003
    2683  0.00000000  0.20000000  0.35000000  0.0003
    2684  0.05000000  0.20000000  0.35000000  0.0003
    2685  0.10000000  0.20000000  0.35000000  0.0003
    2686  0.15000000  0.20000000  0.35000000  0.0003
    2687  0.20000000  0.20000000  0.35000000  0.0003
    2688  0.25000000  0.20000000  0.35000000  0.0003
    2689  0.30000000  0.20000000  0.35000000  0.0003
    2690  0.35000000  0.20000000  0.35000000  0.0003
    2691  0.40000000  0.20000000  0.35000000  0.0003
    2692  0.45000000  0.20000000  0.35000000  0.0003
    2693  0.50000000  0.20000000  0.35000000  0.0003
    2694 -0.45000000  0.20000000  0.35000000  0.0003
    2695 -0.40000000  0.20000000  0.35000000  0.0003
    2696 -0.35000000  0.20000000  0.35000000  0.0003
    2697 -0.30000000  0.20000000  0.35000000  0.0003
    2698 -0.25000000  0.20000000  0.35000000  0.0003
    2699 -0.20000000  0.20000000  0.35000000  0.0003
    2700 -0.15000000  0.20000000  0.35000000  0.0003
    2701 -0.10000000  0.20000000  0.35000000  0.0003
    2702 -0.05000000  0.20000000  0.35000000  0.0003
    2703  0.00000000  0.25000000  0.35000000  0.0003
    2704  0.05000000  0.25000000  0.35000000  0.0003
    2705  0.10000000  0.25000000  0.35000000  0.0003
    2706  0.15000000  0.25000000  0.35000000  0.0003
    2707  0.20000000  0.25000000  0.35000000  0.0003
    2708  0.25000000  0.25000000  0.35000000  0.0003
    2709  0.30000000  0.25000000  0.35000000  0.0003
    2710  0.35000000  0.25000000  0.35000000  0.0003
    2711  0.40000000  0.25000000  0.35000000  0.0003
    2712  0.45000000  0.25000000  0.35000000  0.0003
    2713  0.50000000  0.25000000  0.35000000  0.0003
    2714 -0.45000000  0.25000000  0.35000000  0.0003
    2715 -0.40000000  0.25000000  0.35000000  0.0003
    2716 -0.35000000  0.25000000  0.35000000  0.0003
    2717 -0.30000000  0.25000000  0.35000000  0.0003
    2718 -0.25000000  0.25000000  0.35000000  0.0003
    2719 -0.20000000  0.25000000  0.35000000  0.0003
    2720 -0.15000000  0.25000000  0.35000000  0.0003
    2721 -0.10000000  0.25000000  0.35000000  0.0003
    2722 -0.05000000  0.25000000  0.35000000  0.0003
    2723  0.00000000  0.30000000  0.35000000  0.0003
    2724  0.05000000  0.30000000  0.35000000  0.0003
    2725  0.10000000  0.30000000  0.35000000  0.0003
    2726  0.15000000  0.30000000  0.35000000  0.0003
    2727  0.20000000  0.30000000  0.35000000  0.0003
    2728  0.25000000  0.30000000  0.35000000  0.0003
    2729  0.30000000  0.30000000  0.35000000  0.0003
    2730  0.35000000  0.30000000  0.35000000  0.0003
    2731  0.40000000  0.30000000  0.35000000  0.0003
    2732  0.45000000  0.30000000  0.35000000  0.0003
    2733  0.50000000  0.30000000  0.35000000  0.0003
    2734 -0.45000000  0.30000000  0.35000000  0.0003
    2735 -0.40000000  0.30000000  0.35000000  0.0003
    2736 -0.35000000  0.30000000  0.35000000  0.0003
    2737 -0.30000000  0.30000000  0.35000000  0.0003
    2738 -0.25000000  0.30000000  0.35000000  0.0003
    2739 -0.20000000  0.30000000  0.35000000  0.0003
    2740 -0.15000000  0.30000000  0.35000000  0.0003
    2741 -0.10000000  0.30000000  0.35000000  0.0003
    2742 -0.05000000  0.30000000  0.35000000  0.0003
    2743  0.00000000  0.35000000  0.35000000  0.0003
    2744  0.05000000  0.35000000  0.35000000  0.0003
    2745  0.10000000  0.35000000  0.35000000  0.0003
    2746  0.15000000  0.35000000  0.35000000  0.0003
    2747  0.20000000  0.35000000  0.35000000  0.0003
    2748  0.25000000  0.35000000  0.35000000  0.0003
    2749  0.30000000  0.35000000  0.35000000  0.0003
    2750  0.35000000  0.35000000  0.35000000  0.0003
    2751  0.40000000  0.35000000  0.35000000  0.0003
    2752  0.45000000  0.35000000  0.35000000  0.0003
    2753  0.50000000  0.35000000  0.35000000  0.0003
    2754 -0.45000000  0.35000000  0.35000000  0.0003
    2755 -0.40000000  0.35000000  0.35000000  0.0003
    2756 -0.35000000  0.35000000  0.35000000  0.0003
    2757 -0.30000000  0.35000000  0.35000000  0.0003
    2758 -0.25000000  0.35000000  0.35000000  0.0003
    2759 -0.20000000  0.35000000  0.35000000  0.0003
    2760 -0.15000000  0.35000000  0.35000000  0.0003
    2761 -0.10000000  0.35000000  0.35000000  0.0003
    2762 -0.05000000  0.35000000  0.35000000  0.0003
    2763  0.00000000  0.40000000  0.35000000  0.0003
    2764  0.05000000  0.40000000  0.35000000  0.0003
    2765  0.10000000  0.40000000  0.35000000  0.0003
    2766  0.15000000  0.40000000  0.35000000  0.0003
    2767  0.20000000  0.40000000  0.35000000  0.0003
    2768  0.25000000  0.40000000  0.35000000  0.0003
    2769  0.30000000  0.40000000  0.35000000  0.0003
    2770  0.35000000  0.40000000  0.35000000  0.0003
    2771  0.40000000  0.40000000  0.35000000  0.0003
    2772  0.45000000  0.40000000  0.35000000  0.0003
    2773  0.50000000  0.40000000  0.35000000  0.0003
    2774 -0.45000000  0.40000000  0.35000000  0.0003
    2775 -0.40000000  0.40000000  0.35000000  0.0003
    2776 -0.35000000  0.40000000  0.35000000  0.0003
    2777 -0.30000000  0.40000000  0.35000000  0.0003
    2778 -0.25000000  0.40000000  0.35000000  0.0003
    2779 -0.20000000  0.40000000  0.35000000  0.0003
    2780 -0.15000000  0.40000000  0.35000000  0.0003
    2781 -0.10000000  0.40000000  0.35000000  0.0003
    2782 -0.05000000  0.40000000  0.35000000  0.0003
    2783  0.00000000  0.45000000  0.35000000  0.0003
    2784  0.05000000  0.45000000  0.35000000  0.0003
    2785  0.10000000  0.45000000  0.35000000  0.0003
    2786  0.15000000  0.45000000  0.35000000  0.0003
    2787  0.20000000  0.45000000  0.35000000  0.0003
    2788  0.25000000  0.45000000  0.35000000  0.0003
    2789  0.30000000  0.45000000  0.35000000  0.0003
    2790  0.35000000  0.45000000  0.35000000  0.0003
    2791  0.40000000  0.45000000  0.35000000  0.0003
    2792  0.45000000  0.45000000  0.35000000  0.0003
    2793  0.50000000  0.45000000  0.35000000  0.0003
    2794 -0.45000000  0.45000000  0.35000000  0.0003
    2795 -0.40000000  0.45000000  0.35000000  0.0003
    2796 -0.35000000  0.45000000  0.35000000  0.0003
    2797 -0.30000000  0.45000000  0.35000000  0.0003
    2798 -0.25000000  0.45000000  0.35000000  0.0003
    2799 -0.20000000  0.45000000  0.35000000  0.0003
    2800 -0.15000000  0.45000000  0.35000000  0.0003
    2801 -0.10000000  0.45000000  0.35000000  0.0003
    2802 -0.05000000  0.45000000  0.35000000  0.0003
    2803  0.00000000  0.50000000  0.35000000  0.0003
    2804  0.05000000  0.50000000  0.35000000  0.0003
    2805  0.10000000  0.50000000  0.35000000  0.0003
    2806  0.15000000  0.50000000  0.35000000  0.0003
    2807  0.20000000  0.50000000  0.35000000  0.0003
    2808  0.25000000  0.50000000  0.35000000  0.0003
    2809  0.30000000  0.50000000  0.35000000  0.0003
    2810  0.35000000  0.50000000  0.35000000  0.0003
    2811  0.40000000  0.50000000  0.35000000  0.0003
    2812  0.45000000  0.50000000  0.35000000  0.0003
    2813  0.50000000  0.50000000  0.35000000  0.0003
    2814  0.45000000  0.50000000 -0.35000000  0.0003
    2815  0.40000000  0.50000000 -0.35000000  0.0003
    2816 -0.35000000  0.50000000  0.35000000  0.0003
    2817 -0.30000000  0.50000000  0.35000000  0.0003
    2818 -0.25000000  0.50000000  0.35000000  0.0003
    2819 -0.20000000  0.50000000  0.35000000  0.0003
    2820 -0.15000000  0.50000000  0.35000000  0.0003
    2821 -0.10000000  0.50000000  0.35000000  0.0003
    2822 -0.05000000  0.50000000  0.35000000  0.0003
    2823  0.00000000  0.45000000 -0.35000000  0.0003
    2824 -0.05000000  0.45000000 -0.35000000  0.0003
    2825 -0.10000000  0.45000000 -0.35000000  0.0003
    2826  0.15000000 -0.45000000  0.35000000  0.0003
    2827  0.20000000 -0.45000000  0.35000000  0.0003
    2828  0.25000000 -0.45000000  0.35000000  0.0003
    2829  0.30000000 -0.45000000  0.35000000  0.0003
    2830  0.35000000 -0.45000000  0.35000000  0.0003
    2831  0.40000000 -0.45000000  0.35000000  0.0003
    2832  0.45000000 -0.45000000  0.35000000  0.0003
    2833  0.50000000  0.45000000 -0.35000000  0.0003
    2834  0.45000000  0.45000000 -0.35000000  0.0003
    2835  0.40000000  0.45000000 -0.35000000  0.0003
    2836  0.35000000  0.45000000 -0.35000000  0.0003
    2837  0.30000000  0.45000000 -0.35000000  0.0003
    2838  0.25000000  0.45000000 -0.35000000  0.0003
    2839  0.20000000  0.45000000 -0.35000000  0.0003
    2840  0.15000000  0.45000000 -0.35000000  0.0003
    2841  0.10000000  0.45000000 -0.35000000  0.0003
    2842  0.05000000  0.45000000 -0.35000000  0.0003
    2843  0.00000000  0.40000000 -0.35000000  0.0003
    2844 -0.05000000  0.40000000 -0.35000000  0.0003
    2845  0.10000000 -0.40000000  0.35000000  0.0003
    2846  0.15000000 -0.40000000  0.35000000  0.0003
    2847  0.20000000 -0.40000000  0.35000000  0.0003
    2848  0.25000000 -0.40000000  0.35000000  0.0003
    2849  0.30000000 -0.40000000  0.35000000  0.0003
    2850  0.35000000 -0.40000000  0.35000000  0.0003
    2851  0.40000000 -0.40000000  0.35000000  0.0003
    2852  0.45000000 -0.40000000  0.35000000  0.0003
    2853  0.50000000  0.40000000 -0.35000000  0.0003
    2854  0.45000000  0.40000000 -0.35000000  0.0003
    2855  0.40000000  0.40000000 -0.35000000  0.0003
    2856  0.35000000  0.40000000 -0.35000000  0.0003
    2857  0.30000000  0.40000000 -0.35000000  0.0003
    2858  0.25000000  0.40000000 -0.35000000  0.0003
    2859  0.20000000  0.40000000 -0.35000000  0.0003
    2860  0.15000000  0.40000000 -0.35000000  0.0003
    2861  0.10000000  0.40000000 -0.35000000  0.0003
    2862  0.05000000  0.40000000 -0.35000000  0.0003
    2863  0.00000000  0.35000000 -0.35000000  0.0003
    2864  0.05000000 -0.35000000  0.35000000  0.0003
    2865  0.10000000 -0.35000000  0.35000000  0.0003
    2866  0.15000000 -0.35000000  0.35000000  0.0003
    2867  0.20000000 -0.35000000  0.35000000  0.0003
    2868  0.25000000 -0.35000000  0.35000000  0.0003
    2869  0.30000000 -0.35000000  0.35000000  0.0003
    2870  0.35000000 -0.35000000  0.35000000  0.0003
    2871  0.40000000 -0.35000000  0.35000000  0.0003
    2872  0.45000000 -0.35000000  0.35000000  0.0003
    2873  0.50000000  0.35000000 -0.35000000  0.0003
    2874  0.45000000  0.35000000 -0.35000000  0.0003
    2875  0.40000000  0.35000000 -0.35000000  0.0003
    2876  0.35000000  0.35000000 -0.35000000  0.0003
    2877  0.30000000  0.35000000 -0.35000000  0.0003
    2878  0.25000000  0.35000000 -0.35000000  0.0003
    2879  0.20000000  0.35000000 -0.35000000  0.0003
    2880  0.15000000  0.35000000 -0.35000000  0.0003
    2881  0.10000000  0.35000000 -0.35000000  0.0003
    2882  0.05000000  0.35000000 -0.35000000  0.0003
    2883  0.00000000 -0.30000000  0.35000000  0.0003
    2884  0.05000000 -0.30000000  0.35000000  0.0003
    2885  0.10000000 -0.30000000  0.35000000  0.0003
    2886  0.15000000 -0.30000000  0.35000000  0.0003
    2887  0.20000000 -0.30000000  0.35000000  0.0003
    2888  0.25000000 -0.30000000  0.35000000  0.0003
    2889  0.30000000 -0.30000000  0.35000000  0.0003
    2890  0.35000000 -0.30000000  0.35000000  0.0003
    2891  0.40000000 -0.30000000  0.35000000  0.0003
    2892  0.45000000 -0.30000000  0.35000000  0.0003
    2893  0.50000000 -0.30000000  0.35000000  0.0003
    2894  0.45000000  0.30000000 -0.35000000  0.0003
    2895  0.40000000  0.30000000 -0.35000000  0.0003
    2896  0.35000000  0.30000000 -0.35000000  0.0003
    2897  0.30000000  0.30000000 -0.35000000  0.0003
    2898  0.25000000  0.30000000 -0.35000000  0.0003
    2899  0.20000000  0.30000000 -0.35000000  0.0003
    2900  0.15000000  0.30000000 -0.35000000  0.0003
    2901  0.10000000  0.30000000 -0.35000000  0.0003
    2902 -0.05000000 -0.30000000  0.35000000  0.0003
    2903  0.00000000 -0.25000000  0.35000000  0.0003
    2904  0.05000000 -0.25000000  0.35000000  0.0003
    2905  0.10000000 -0.25000000  0.35000000  0.0003
    2906  0.15000000 -0.25000000  0.35000000  0.0003
    2907  0.20000000 -0.25000000  0.35000000  0.0003
    2908  0.25000000 -0.25000000  0.35000000  0.0003
    2909  0.30000000 -0.25000000  0.35000000  0.0003
    2910  0.35000000 -0.25000000  0.35000000  0.0003
    2911  0.40000000 -0.25000000  0.35000000  0.0003
    2912  0.45000000 -0.25000000  0.35000000  0.0003
    2913  0.50000000 -0.25000000  0.35000000  0.0003
    2914  0.45000000  0.25000000 -0.35000000  0.0003
    2915  0.40000000  0.25000000 -0.35000000  0.0003
    2916  0.35000000  0.25000000 -0.35000000  0.0003
    2917  0.30000000  0.25000000 -0.35000000  0.0003
    2918  0.25000000  0.25000000 -0.35000000  0.0003
    2919  0.20000000  0.25000000 -0.35000000  0.0003
    2920  0.15000000  0.25000000 -0.35000000  0.0003
    2921 -0.10000000 -0.25000000  0.35000000  0.0003
    2922 -0.05000000 -0.25000000  0.35000000  0.0003
    2923  0.00000000 -0.20000000  0.35000000  0.0003
    2924  0.05000000 -0.20000000  0.35000000  0.0003
    2925  0.10000000 -0.20000000  0.35000000  0.0003
    2926  0.15000000 -0.20000000  0.35000000  0.0003
    2927  0.20000000 -0.20000000  0.35000000  0.0003
    2928  0.25000000 -0.20000000  0.35000000  0.0003
    2929  0.30000000 -0.20000000  0.35000000  0.0003
    2930  0.35000000 -0.20000000  0.35000000  0.0003
    2931  0.40000000 -0.20000000  0.35000000  0.0003
    2932  0.45000000 -0.20000000  0.35000000  0.0003
    2933  0.50000000 -0.20000000  0.35000000  0.0003
    2934  0.45000000  0.20000000 -0.35000000  0.0003
    2935  0.40000000  0.20000000 -0.35000000  0.0003
    2936  0.35000000  0.20000000 -0.35000000  0.0003
    2937  0.30000000  0.20000000 -0.35000000  0.0003
    2938  0.25000000  0.20000000 -0.35000000  0.0003
    2939  0.20000000  0.20000000 -0.35000000  0.0003
    2940 -0.15000000 -0.20000000  0.35000000  0.0003
    2941 -0.10000000 -0.20000000  0.35000000  0.0003
    2942 -0.05000000 -0.20000000  0.35000000  0.0003
    2943  0.00000000 -0.15000000  0.35000000  0.0003
    2944  0.05000000 -0.15000000  0.35000000  0.0003
    2945  0.10000000 -0.15000000  0.35000000  0.0003
    2946  0.15000000 -0.15000000  0.35000000  0.0003
    2947  0.20000000 -0.15000000  0.35000000  0.0003
    2948  0.25000000 -0.15000000  0.35000000  0.0003
    2949  0.30000000 -0.15000000  0.35000000  0.0003
    2950  0.35000000 -0.15000000  0.35000000  0.0003
    2951  0.40000000 -0.15000000  0.35000000  0.0003
    2952  0.45000000 -0.15000000  0.35000000  0.0003
    2953  0.50000000 -0.15000000  0.35000000  0.0003
    2954  0.45000000  0.15000000 -0.35000000  0.0003
    2955  0.40000000  0.15000000 -0.35000000  0.0003
    2956  0.35000000  0.15000000 -0.35000000  0.0003
    2957  0.30000000  0.15000000 -0.35000000  0.0003
    2958  0.25000000  0.15000000 -0.35000000  0.0003
    2959 -0.20000000 -0.15000000  0.35000000  0.0003
    2960 -0.15000000 -0.15000000  0.35000000  0.0003
    2961 -0.10000000 -0.15000000  0.35000000  0.0003
    2962 -0.05000000 -0.15000000  0.35000000  0.0003
    2963  0.00000000 -0.10000000  0.35000000  0.0003
    2964  0.05000000 -0.10000000  0.35000000  0.0003
    2965  0.10000000 -0.10000000  0.35000000  0.0003
    2966  0.15000000 -0.10000000  0.35000000  0.0003
    2967  0.20000000 -0.10000000  0.35000000  0.0003
    2968  0.25000000 -0.10000000  0.35000000  0.0003
    2969  0.30000000 -0.10000000  0.35000000  0.0003
    2970  0.35000000 -0.10000000  0.35000000  0.0003
    2971  0.40000000 -0.10000000  0.35000000  0.0003
    2972  0.45000000 -0.10000000  0.35000000  0.0003
    2973  0.50000000 -0.10000000  0.35000000  0.0003
    2974  0.45000000  0.10000000 -0.35000000  0.0003
    2975  0.40000000  0.10000000 -0.35000000  0.0003
    2976  0.35000000  0.10000000 -0.35000000  0.0003
    2977  0.30000000  0.10000000 -0.35000000  0.0003
    2978 -0.25000000 -0.10000000  0.35000000  0.0003
    2979 -0.20000000 -0.10000000  0.35000000  0.0003
    2980 -0.15000000 -0.10000000  0.35000000  0.0003
    2981 -0.10000000 -0.10000000  0.35000000  0.0003
    2982 -0.05000000 -0.10000000  0.35000000  0.0003
    2983  0.00000000 -0.05000000  0.35000000  0.0003
    2984  0.05000000 -0.05000000  0.35000000  0.0003
    2985  0.10000000 -0.05000000  0.35000000  0.0003
    2986  0.15000000 -0.05000000  0.35000000  0.0003
    2987  0.20000000 -0.05000000  0.35000000  0.0003
    2988  0.25000000 -0.05000000  0.35000000  0.0003
    2989  0.30000000 -0.05000000  0.35000000  0.0003
    2990  0.35000000 -0.05000000  0.35000000  0.0003
    2991  0.40000000 -0.05000000  0.35000000  0.0003
    2992  0.45000000 -0.05000000  0.35000000  0.0003
    2993  0.50000000 -0.05000000  0.35000000  0.0003
    2994  0.45000000  0.05000000 -0.35000000  0.0003
    2995  0.40000000  0.05000000 -0.35000000  0.0003
    2996  0.35000000  0.05000000 -0.35000000  0.0003
    2997 -0.30000000 -0.05000000  0.35000000  0.0003
    2998 -0.25000000 -0.05000000  0.35000000  0.0003
    2999 -0.20000000 -0.05000000  0.35000000  0.0003
    3000 -0.15000000 -0.05000000  0.35000000  0.0003
    3001 -0.10000000 -0.05000000  0.35000000  0.0003
    3002 -0.05000000 -0.05000000  0.35000000  0.0003
    3003  0.00000000  0.00000000  0.40000000  0.0003
    3004  0.05000000  0.00000000  0.40000000  0.0003
    3005  0.10000000  0.00000000  0.40000000  0.0003
    3006  0.15000000  0.00000000  0.40000000  0.0003
    3007  0.20000000  0.00000000  0.40000000  0.0003
    3008  0.25000000  0.00000000  0.40000000  0.0003
    3009  0.30000000  0.00000000  0.40000000  0.0003
    3010  0.35000000  0.00000000  0.40000000  0.0003
    3011  0.40000000  0.00000000  0.40000000  0.0003
    3012  0.45000000  0.00000000  0.40000000  0.0003
    3013  0.50000000  0.00000000  0.40000000  0.0003
    3014  0.45000000  0.00000000 -0.40000000  0.0003
    3015 -0.40000000  0.00000000  0.40000000  0.0003
    3016 -0.35000000  0.00000000  0.40000000  0.0003
    3017 -0.30000000  0.00000000  0.40000000  0.0003
    3018 -0.25000000  0.00000000  0.40000000  0.0003
    3019 -0.20000000  0.00000000  0.40000000  0.0003
    3020 -0.15000000  0.00000000  0.40000000  0.0003
    3021 -0.10000000  0.00000000  0.40000000  0.0003
    3022 -0.05000000  0.00000000  0.40000000  0.0003
    3023  0.00000000  0.05000000  0.40000000  0.0003
    3024  0.05000000  0.05000000  0.40000000  0.0003
    3025  0.10000000  0.05000000  0.40000000  0.0003
    3026  0.15000000  0.05000000  0.40000000  0.0003
    3027  0.20000000  0.05000000  0.40000000  0.0003
    3028  0.25000000  0.05000000  0.40000000  0.0003
    3029  0.30000000  0.05000000  0.40000000  0.0003
    3030  0.35000000  0.05000000  0.40000000  0.0003
    3031  0.40000000  0.05000000  0.40000000  0.0003
    3032  0.45000000  0.05000000  0.40000000  0.0003
    3033  0.50000000  0.05000000  0.40000000  0.0003
    3034 -0.45000000  0.05000000  0.40000000  0.0003
    3035 -0.40000000  0.05000000  0.40000000  0.0003
    3036 -0.35000000  0.05000000  0.40000000  0.0003
    3037 -0.30000000  0.05000000  0.40000000  0.0003
    3038 -0.25000000  0.05000000  0.40000000  0.0003
    3039 -0.20000000  0.05000000  0.40000000  0.0003
    3040 -0.15000000  0.05000000  0.40000000  0.0003
    3041 -0.10000000  0.05000000  0.40000000  0.0003
    3042 -0.05000000  0.05000000  0.40000000  0.0003
    3043  0.00000000  0.10000000  0.40000000  0.0003
    3044  0.05000000  0.10000000  0.40000000  0.0003
    3045  0.10000000  0.10000000  0.40000000  0.0003
    3046  0.15000000  0.10000000  0.40000000  0.0003
    3047  0.20000000  0.10000000  0.40000000  0.0003
    3048  0.25000000  0.10000000  0.40000000  0.0003
    3049  0.30000000  0.10000000  0.40000000  0.0003
    3050  0.35000000  0.10000000  0.40000000  0.0003
    3051  0.40000000  0.10000000  0.40000000  0.0003
    3052  0.45000000  0.10000000  0.40000000  0.0003
    3053  0.50000000  0.10000000  0.40000000  0.0003
    3054 -0.45000000  0.10000000  0.40000000  0.0003
    3055 -0.40000000  0.10000000  0.40000000  0.0003
    3056 -0.35000000  0.10000000  0.40000000  0.0003
    3057 -0.30000000  0.10000000  0.40000000  0.0003
    3058 -0.25000000  0.10000000  0.40000000  0.0003
    3059 -0.20000000  0.10000000  0.40000000  0.0003
    3060 -0.15000000  0.10000000  0.40000000  0.0003
    3061 -0.10000000  0.10000000  0.40000000  0.0003
    3062 -0.05000000  0.10000000  0.40000000  0.0003
    3063  0.00000000  0.15000000  0.40000000  0.0003
    3064  0.05000000  0.15000000  0.40000000  0.0003
    3065  0.10000000  0.15000000  0.40000000  0.0003
    3066  0.15000000  0.15000000  0.40000000  0.0003
    3067  0.20000000  0.15000000  0.40000000  0.0003
    3068  0.25000000  0.15000000  0.40000000  0.0003
    3069  0.30000000  0.15000000  0.40000000  0.0003
    3070  0.35000000  0.15000000  0.40000000  0.0003
    3071  0.40000000  0.15000000  0.40000000  0.0003
    3072  0.45000000  0.15000000  0.40000000  0.0003
    3073  0.50000000  0.15000000  0.40000000  0.0003
    3074 -0.45000000  0.15000000  0.40000000  0.0003
    3075 -0.40000000  0.15000000  0.40000000  0.0003
    3076 -0.35000000  0.15000000  0.40000000  0.0003
    3077 -0.30000000  0.15000000  0.40000000  0.0003
    3078 -0.25000000  0.15000000  0.40000000  0.0003
    3079 -0.20000000  0.15000000  0.40000000  0.0003
    3080 -0.15000000  0.15000000  0.40000000  0.0003
    3081 -0.10000000  0.15000000  0.40000000  0.0003
    3082 -0.05000000  0.15000000  0.40000000  0.0003
    3083  0.00000000  0.20000000  0.40000000  0.0003
    3084  0.05000000  0.20000000  0.40000000  0.0003
    3085  0.10000000  0.20000000  0.40000000  0.0003
    3086  0.15000000  0.20000000  0.40000000  0.0003
    3087  0.20000000  0.20000000  0.40000000  0.0003
    3088  0.25000000  0.20000000  0.40000000  0.0003
    3089  0.30000000  0.20000000  0.40000000  0.0003
    3090  0.35000000  0.20000000  0.40000000  0.0003
    3091  0.40000000  0.20000000  0.40000000  0.0003
    3092  0.45000000  0.20000000  0.40000000  0.0003
    3093  0.50000000  0.20000000  0.40000000  0.0003
    3094 -0.45000000  0.20000000  0.40000000  0.0003
    3095 -0.40000000  0.20000000  0.40000000  0.0003
    3096 -0.35000000  0.20000000  0.40000000  0.0003
    3097 -0.30000000  0.20000000  0.40000000  0.0003
    3098 -0.25000000  0.20000000  0.40000000  0.0003
    3099 -0.20000000  0.20000000  0.40000000  0.0003
    3100 -0.15000000  0.20000000  0.40000000  0.0003
    3101 -0.10000000  0.20000000  0.40000000  0.0003
    3102 -0.05000000  0.20000000  0.40000000  0.0003
    3103  0.00000000  0.25000000  0.40000000  0.0003
    3104  0.05000000  0.25000000  0.40000000  0.0003
    3105  0.10000000  0.25000000  0.40000000  0.0003
    3106  0.15000000  0.25000000  0.40000000  0.0003
    3107  0.20000000  0.25000000  0.40000000  0.0003
    3108  0.25000000  0.25000000  0.40000000  0.0003
    3109  0.30000000  0.25000000  0.40000000  0.0003
    3110  0.35000000  0.25000000  0.40000000  0.0003
    3111  0.40000000  0.25000000  0.40000000  0.0003
    3112  0.45000000  0.25000000  0.40000000  0.0003
    3113  0.50000000  0.25000000  0.40000000  0.0003
    3114 -0.45000000  0.25000000  0.40000000  0.0003
    3115 -0.40000000  0.25000000  0.40000000  0.0003
    3116 -0.35000000  0.25000000  0.40000000  0.0003
    3117 -0.30000000  0.25000000  0.40000000  0.0003
    3118 -0.25000000  0.25000000  0.40000000  0.0003
    3119 -0.20000000  0.25000000  0.40000000  0.0003
    3120 -0.15000000  0.25000000  0.40000000  0.0003
    3121 -0.10000000  0.25000000  0.40000000  0.0003
    3122 -0.05000000  0.25000000  0.40000000  0.0003
    3123  0.00000000  0.30000000  0.40000000  0.0003
    3124  0.05000000  0.30000000  0.40000000  0.0003
    3125  0.10000000  0.30000000  0.40000000  0.0003
    3126  0.15000000  0.30000000  0.40000000  0.0003
    3127  0.20000000  0.30000000  0.40000000  0.0003
    3128  0.25000000  0.30000000  0.40000000  0.0003
    3129  0.30000000  0.30000000  0.40000000  0.0003
    3130  0.35000000  0.30000000  0.40000000  0.0003
    3131  0.40000000  0.30000000  0.40000000  0.0003
    3132  0.45000000  0.30000000  0.40000000  0.0003
    3133  0.50000000  0.30000000  0.40000000  0.0003
    3134 -0.45000000  0.30000000  0.40000000  0.0003
    3135 -0.40000000  0.30000000  0.40000000  0.0003
    3136 -0.35000000  0.30000000  0.40000000  0.0003
    3137 -0.30000000  0.30000000  0.40000000  0.0003
    3138 -0.25000000  0.30000000  0.40000000  0.0003
    3139 -0.20000000  0.30000000  0.40000000  0.0003
    3140 -0.15000000  0.30000000  0.40000000  0.0003
    3141 -0.10000000  0.30000000  0.40000000  0.0003
    3142 -0.05000000  0.30000000  0.40000000  0.0003
    3143  0.00000000  0.35000000  0.40000000  0.0003
    3144  0.05000000  0.35000000  0.40000000  0.0003
    3145  0.10000000  0.35000000  0.40000000  0.0003
    3146  0.15000000  0.35000000  0.40000000  0.0003
    3147  0.20000000  0.35000000  0.40000000  0.0003
    3148  0.25000000  0.35000000  0.40000000  0.0003
    3149  0.30000000  0.35000000  0.40000000  0.0003
    3150  0.35000000  0.35000000  0.40000000  0.0003
    3151  0.40000000  0.35000000  0.40000000  0.0003
    3152  0.45000000  0.35000000  0.40000000  0.0003
    3153  0.50000000  0.35000000  0.40000000  0.0003
    3154 -0.45000000  0.35000000  0.40000000  0.0003
    3155 -0.40000000  0.35000000  0.40000000  0.0003
    3156 -0.35000000  0.35000000  0.40000000  0.0003
    3157 -0.30000000  0.35000000  0.40000000  0.0003
    3158 -0.25000000  0.35000000  0.40000000  0.0003
    3159 -0.20000000  0.35000000  0.40000000  0.0003
    3160 -0.15000000  0.35000000  0.40000000  0.0003
    3161 -0.10000000  0.35000000  0.40000000  0.0003
    3162 -0.05000000  0.35000000  0.40000000  0.0003
    3163  0.00000000  0.40000000  0.40000000  0.0003
    3164  0.05000000  0.40000000  0.40000000  0.0003
    3165  0.10000000  0.40000000  0.40000000  0.0003
    3166  0.15000000  0.40000000  0.40000000  0.0003
    3167  0.20000000  0.40000000  0.40000000  0.0003
    3168  0.25000000  0.40000000  0.40000000  0.0003
    3169  0.30000000  0.40000000  0.40000000  0.0003
    3170  0.35000000  0.40000000  0.40000000  0.0003
    3171  0.40000000  0.40000000  0.40000000  0.0003
    3172  0.45000000  0.40000000  0.40000000  0.0003
    3173  0.50000000  0.40000000  0.40000000  0.0003
    3174 -0.45000000  0.40000000  0.40000000  0.0003
    3175 -0.40000000  0.40000000  0.40000000  0.0003
    3176 -0.35000000  0.40000000  0.40000000  0.0003
    3177 -0.30000000  0.40000000  0.40000000  0.0003
    3178 -0.25000000  0.40000000  0.40000000  0.0003
    3179 -0.20000000  0.40000000  0.40000000  0.0003
    3180 -0.15000000  0.40000000  0.40000000  0.0003
    3181 -0.10000000  0.40000000  0.40000000  0.0003
    3182 -0.05000000  0.40000000  0.40000000  0.0003
    3183  0.00000000  0.45000000  0.40000000  0.0003
    3184  0.05000000  0.45000000  0.40000000  0.0003
    3185  0.10000000  0.45000000  0.40000000  0.0003
    3186  0.15000000  0.45000000  0.40000000  0.0003
    3187  0.20000000  0.45000000  0.40000000  0.0003
    3188  0.25000000  0.45000000  0.40000000  0.0003
    3189  0.30000000  0.45000000  0.40000000  0.0003
    3190  0.35000000  0.45000000  0.40000000  0.0003
    3191  0.40000000  0.45000000  0.40000000  0.0003
    3192  0.45000000  0.45000000  0.40000000  0.0003
    3193  0.50000000  0.45000000  0.40000000  0.0003
    3194 -0.45000000  0.45000000  0.40000000  0.0003
    3195 -0.40000000  0.45000000  0.40000000  0.0003
    3196 -0.35000000  0.45000000  0.40000000  0.0003
    3197 -0.30000000  0.45000000  0.40000000  0.0003
    3198 -0.25000000  0.45000000  0.40000000  0.0003
    3199 -0.20000000  0.45000000  0.40000000  0.0003
    3200 -0.15000000  0.45000000  0.40000000  0.0003
    3201 -0.10000000  0.45000000  0.40000000  0.0003
    3202 -0.05000000  0.45000000  0.40000000  0.0003
    3203  0.00000000  0.50000000  0.40000000  0.0003
    3204  0.05000000  0.50000000  0.40000000  0.0003
    3205  0.10000000  0.50000000  0.40000000  0.0003
    3206  0.15000000  0.50000000  0.40000000  0.0003
    3207  0.20000000  0.50000000  0.40000000  0.0003
    3208  0.25000000  0.50000000  0.40000000  0.0003
    3209  0.30000000  0.50000000  0.40000000  0.0003
    3210  0.35000000  0.50000000  0.40000000  0.0003
    3211  0.40000000  0.50000000  0.40000000  0.0003
    3212  0.45000000  0.50000000  0.40000000  0.0003
    3213  0.50000000  0.50000000  0.40000000  0.0003
    3214  0.45000000  0.50000000 -0.40000000  0.0003
    3215 -0.40000000  0.50000000  0.40000000  0.0003
    3216 -0.35000000  0.50000000  0.40000000  0.0003
    3217 -0.30000000  0.50000000  0.40000000  0.0003
    3218 -0.25000000  0.50000000  0.40000000  0.0003
    3219 -0.20000000  0.50000000  0.40000000  0.0003
    3220 -0.15000000  0.50000000  0.40000000  0.0003
    3221 -0.10000000  0.50000000  0.40000000  0.0003
    3222 -0.05000000  0.50000000  0.40000000  0.0003
    3223  0.00000000  0.45000000 -0.40000000  0.0003
    3224  0.05000000 -0.45000000  0.40000000  0.0003
    3225  0.10000000 -0.45000000  0.40000000  0.0003
    3226  0.15000000 -0.45000000  0.40000000  0.0003
    3227  0.20000000 -0.45000000  0.40000000  0.0003
    3228  0.25000000 -0.45000000  0.40000000  0.0003
    3229  0.30000000 -0.45000000  0.40000000  0.0003
    3230  0.35000000 -0.45000000  0.40000000  0.0003
    3231  0.40000000 -0.45000000  0.40000000  0.0003
    3232  0.45000000 -0.45000000  0.40000000  0.0003
    3233  0.50000000  0.45000000 -0.40000000  0.0003
    3234  0.45000000  0.45000000 -0.40000000  0.0003
    3235  0.40000000  0.45000000 -0.40000000  0.0003
    3236  0.35000000  0.45000000 -0.40000000  0.0003
    3237  0.30000000  0.45000000 -0.40000000  0.0003
    3238  0.25000000  0.45000000 -0.40000000  0.0003
    3239  0.20000000  0.45000000 -0.40000000  0.0003
    3240  0.15000000  0.45000000 -0.40000000  0.0003
    3241  0.10000000  0.45000000 -0.40000000  0.0003
    3242  0.05000000  0.45000000 -0.40000000  0.0003
    3243  0.00000000 -0.40000000  0.40000000  0.0003
    3244  0.05000000 -0.40000000  0.40000000  0.0003
    3245  0.10000000 -0.40000000  0.40000000  0.0003
    3246  0.15000000 -0.40000000  0.40000000  0.0003
    3247  0.20000000 -0.40000000  0.40000000  0.0003
    3248  0.25000000 -0.40000000  0.40000000  0.0003
    3249  0.30000000 -0.40000000  0.40000000  0.0003
    3250  0.35000000 -0.40000000  0.40000000  0.0003
    3251  0.40000000 -0.40000000  0.40000000  0.0003
    3252  0.45000000 -0.40000000  0.40000000  0.0003
    3253  0.50000000 -0.40000000  0.40000000  0.0003
    3254  0.45000000  0.40000000 -0.40000000  0.0003
    3255  0.40000000  0.40000000 -0.40000000  0.0003
    3256  0.35000000  0.40000000 -0.40000000  0.0003
    3257  0.30000000  0.40000000 -0.40000000  0.0003
    3258  0.25000000  0.40000000 -0.40000000  0.0003
    3259  0.20000000  0.40000000 -0.40000000  0.0003
    3260  0.15000000  0.40000000 -0.40000000  0.0003
    3261  0.10000000  0.40000000 -0.40000000  0.0003
    3262  0.05000000  0.40000000 -0.40000000  0.0003
    3263  0.00000000 -0.35000000  0.40000000  0.0003
    3264  0.05000000 -0.35000000  0.40000000  0.0003
    3265  0.10000000 -0.35000000  0.40000000  0.0003
    3266  0.15000000 -0.35000000  0.40000000  0.0003
    3267  0.20000000 -0.35000000  0.40000000  0.0003
    3268  0.25000000 -0.35000000  0.40000000  0.0003
    3269  0.30000000 -0.35000000  0.40000000  0.0003
    3270  0.35000000 -0.35000000  0.40000000  0.0003
    3271  0.40000000 -0.35000000  0.40000000  0.0003
    3272  0.45000000 -0.35000000  0.40000000  0.0003
    3273  0.50000000 -0.35000000  0.40000000  0.0003
    3274  0.45000000  0.35000000 -0.40000000  0.0003
    3275  0.40000000  0.35000000 -0.40000000  0.0003
    3276  0.35000000  0.35000000 -0.40000000  0.0003
    3277  0.30000000  0.35000000 -0.40000000  0.0003
    3278  0.25000000  0.35000000 -0.40000000  0.0003
    3279  0.20000000  0.35000000 -0.40000000  0.0003
    3280  0.15000000  0.35000000 -0.40000000  0.0003
    3281  0.10000000  0.35000000 -0.40000000  0.0003
    3282 -0.05000000 -0.35000000  0.40000000  0.0003
    3283  0.00000000 -0.30000000  0.40000000  0.0003
    3284  0.05000000 -0.30000000  0.40000000  0.0003
    3285  0.10000000 -0.30000000  0.40000000  0.0003
    3286  0.15000000 -0.30000000  0.40000000  0.0003
    3287  0.20000000 -0.30000000  0.40000000  0.0003
    3288  0.25000000 -0.30000000  0.40000000  0.0003
    3289  0.30000000 -0.30000000  0.40000000  0.0003
    3290  0.35000000 -0.30000000  0.40000000  0.0003
    3291  0.40000000 -0.30000000  0.40000000  0.0003
    3292  0.45000000 -0.30000000  0.40000000  0.0003
    3293  0.50000000 -0.30000000  0.40000000  0.0003
    3294  0.45000000  0.30000000 -0.40000000  0.0003
    3295  0.40000000  0.30000000 -0.40000000  0.0003
    3296  0.35000000  0.30000000 -0.40000000  0.0003
    3297  0.30000000  0.30000000 -0.40000000  0.0003
    3298  0.25000000  0.30000000 -0.40000000  0.0003
    3299  0.20000000  0.30000000 -0.40000000  0.0003
    3300  0.15000000  0.30000000 -0.40000000  0.0003
    3301 -0.10000000 -0.30000000  0.40000000  0.0003
    3302 -0.05000000 -0.30000000  0.40000000  0.0003
    3303  0.00000000 -0.25000000  0.40000000  0.0003
    3304  0.05000000 -0.25000000  0.40000000  0.0003
    3305  0.10000000 -0.25000000  0.40000000  0.0003
    3306  0.15000000 -0.25000000  0.40000000  0.0003
    3307  0.20000000 -0.25000000  0.40000000  0.0003
    3308  0.25000000 -0.25000000  0.40000000  0.0003
    3309  0.30000000 -0.25000000  0.40000000  0.0003
    3310  0.35000000 -0.25000000  0.40000000  0.0003
    3311  0.40000000 -0.25000000  0.40000000  0.0003
    3312  0.45000000 -0.25000000  0.40000000  0.0003
    3313  0.50000000 -0.25000000  0.40000000  0.0003
    3314  0.45000000  0.25000000 -0.40000000  0.0003
    3315  0.40000000  0.25000000 -0.40000000  0.0003
    3316  0.35000000  0.25000000 -0.40000000  0.0003
    3317  0.30000000  0.25000000 -0.40000000  0.0003
    3318  0.25000000  0.25000000 -0.40000000  0.0003
    3319  0.20000000  0.25000000 -0.40000000  0.0003
    3320 -0.15000000 -0.25000000  0.40000000  0.0003
    3321 -0.10000000 -0.25000000  0.40000000  0.0003
    3322 -0.05000000 -0.25000000  0.40000000  0.0003
    3323  0.00000000 -0.20000000  0.40000000  0.0003
    3324  0.05000000 -0.20000000  0.40000000  0.0003
    3325  0.10000000 -0.20000000  0.40000000  0.0003
    3326  0.15000000 -0.20000000  0.40000000  0.0003
    3327  0.20000000 -0.20000000  0.40000000  0.0003
    3328  0.25000000 -0.20000000  0.40000000  0.0003
    3329  0.30000000 -0.20000000  0.40000000  0.0003
    3330  0.35000000 -0.20000000  0.40000000  0.0003
    3331  0.40000000 -0.20000000  0.40000000  0.0003
    3332  0.45000000 -0.20000000  0.40000000  0.0003
    3333  0.50000000 -0.20000000  0.40000000  0.0003
    3334  0.45000000  0.20000000 -0.40000000  0.0003
    3335  0.40000000  0.20000000 -0.40000000  0.0003
    3336  0.35000000  0.20000000 -0.40000000  0.0003
    3337  0.30000000  0.20000000 -0.40000000  0.0003
    3338  0.25000000  0.20000000 -0.40000000  0.0003
    3339 -0.20000000 -0.20000000  0.40000000  0.0003
    3340 -0.15000000 -0.20000000  0.40000000  0.0003
    3341 -0.10000000 -0.20000000  0.40000000  0.0003
    3342 -0.05000000 -0.20000000  0.40000000  0.0003
    3343  0.00000000 -0.15000000  0.40000000  0.0003
    3344  0.05000000 -0.15000000  0.40000000  0.0003
    3345  0.10000000 -0.15000000  0.40000000  0.0003
    3346  0.15000000 -0.15000000  0.40000000  0.0003
    3347  0.20000000 -0.15000000  0.40000000  0.0003
    3348  0.25000000 -0.15000000  0.40000000  0.0003
    3349  0.30000000 -0.15000000  0.40000000  0.0003
    3350  0.35000000 -0.15000000  0.40000000  0.0003
    3351  0.40000000 -0.15000000  0.40000000  0.0003
    3352  0.45000000 -0.15000000  0.40000000  0.0003
    3353  0.50000000 -0.15000000  0.40000000  0.0003
    3354  0.45000000  0.15000000 -0.40000000  0.0003
    3355  0.40000000  0.15000000 -0.40000000  0.0003
    3356  0.35000000  0.15000000 -0.40000000  0.0003
    3357  0.30000000  0.15000000 -0.40000000  0.0003
    3358 -0.25000000 -0.15000000  0.40000000  0.0003
    3359 -0.20000000 -0.15000000  0.40000000  0.0003
    3360 -0.15000000 -0.15000000  0.40000000  0.0003
    3361 -0.10000000 -0.15000000  0.40000000  0.0003
    3362 -0.05000000 -0.15000000  0.40000000  0.0003
    3363  0.00000000 -0.10000000  0.40000000  0.0003
    3364  0.05000000 -0.10000000  0.40000000  0.0003
    3365  0.10000000 -0.10000000  0.40000000  0.0003
    3366  0.15000000 -0.10000000  0.40000000  0.0003
    3367  0.20000000 -0.10000000  0.40000000  0.0003
    3368  0.25000000 -0.10000000  0.40000000  0.0003
    3369  0.30000000 -0.10000000  0.40000000  0.0003
    3370  0.35000000 -0.10000000  0.40000000  0.0003
    3371  0.40000000 -0.10000000  0.40000000  0.0003
    3372  0.45000000 -0.10000000  0.40000000  0.0003
    3373  0.50000000 -0.10000000  0.40000000  0.0003
    3374  0.45000000  0.10000000 -0.40000000  0.0003
    3375  0.40000000  0.10000000 -0.40000000  0.0003
    3376  0.35000000  0.10000000 -0.40000000  0.0003
    3377 -0.30000000 -0.10000000  0.40000000  0.0003
    3378 -0.25000000 -0.10000000  0.40000000  0.0003
    3379 -0.20000000 -0.10000000  0.40000000  0.0003
    3380 -0.15000000 -0.10000000  0.40000000  0.0003
    3381 -0.10000000 -0.10000000  0.40000000  0.0003
    3382 -0.05000000 -0.10000000  0.40000000  0.0003
    3383  0.00000000 -0.05000000  0.40000000  0.0003
    3384  0.05000000 -0.05000000  0.40000000  0.0003
    3385  0.10000000 -0.05000000  0.40000000  0.0003
    3386  0.15000000 -0.05000000  0.40000000  0.0003
    3387  0.20000000 -0.05000000  0.40000000  0.0003
    3388  0.25000000 -0.05000000  0.40000000  0.0003
    3389  0.30000000 -0.05000000  0.40000000  0.0003
    3390  0.35000000 -0.05000000  0.40000000  0.0003
    3391  0.40000000 -0.05000000  0.40000000  0.0003
    3392  0.45000000 -0.05000000  0.40000000  0.0003
    3393  0.50000000 -0.05000000  0.40000000  0.0003
    3394  0.45000000  0.05000000 -0.40000000  0.0003
    3395  0.40000000  0.05000000 -0.40000000  0.0003
    3396 -0.35000000 -0.05000000  0.40000000  0.0003
    3397 -0.30000000 -0.05000000  0.40000000  0.0003
    3398 -0.25000000 -0.05000000  0.40000000  0.0003
    3399 -0.20000000 -0.05000000  0.40000000  0.0003
    3400 -0.15000000 -0.05000000  0.40000000  0.0003
    3401 -0.10000000 -0.05000000  0.40000000  0.0003
    3402 -0.05000000 -0.05000000  0.40000000  0.0003
    3403  0.00000000  0.00000000  0.45000000  0.0003
    3404  0.05000000  0.00000000  0.45000000  0.0003
    3405  0.10000000  0.00000000  0.45000000  0.0003
    3406  0.15000000  0.00000000  0.45000000  0.0003
    3407  0.20000000  0.00000000  0.45000000  0.0003
    3408  0.25000000  0.00000000  0.45000000  0.0003
    3409  0.30000000  0.00000000  0.45000000  0.0003
    3410  0.35000000  0.00000000  0.45000000  0.0003
    3411  0.40000000  0.00000000  0.45000000  0.0003
    3412  0.45000000  0.00000000  0.45000000  0.0003
    3413  0.50000000  0.00000000  0.45000000  0.0003
    3414 -0.45000000  0.00000000  0.45000000  0.0003
    3415 -0.40000000  0.00000000  0.45000000  0.0003
    3416 -0.35000000  0.00000000  0.45000000  0.0003
    3417 -0.30000000  0.00000000  0.45000000  0.0003
    3418 -0.25000000  0.00000000  0.45000000  0.0003
    3419 -0.20000000  0.00000000  0.45000000  0.0003
    3420 -0.15000000  0.00000000  0.45000000  0.0003
    3421 -0.10000000  0.00000000  0.45000000  0.0003
    3422 -0.05000000  0.00000000  0.45000000  0.0003
    3423  0.00000000  0.05000000  0.45000000  0.0003
    3424  0.05000000  0.05000000  0.45000000  0.0003
    3425  0.10000000  0.05000000  0.45000000  0.0003
    3426  0.15000000  0.05000000  0.45000000  0.0003
    3427  0.20000000  0.05000000  0.45000000  0.0003
    3428  0.25000000  0.05000000  0.45000000  0.0003
    3429  0.30000000  0.05000000  0.45000000  0.0003
    3430  0.35000000  0.05000000  0.45000000  0.0003
    3431  0.40000000  0.05000000  0.45000000  0.0003
    3432  0.45000000  0.05000000  0.45000000  0.0003
    3433  0.50000000  0.05000000  0.45000000  0.0003
    3434 -0.45000000  0.05000000  0.45000000  0.0003
    3435 -0.40000000  0.05000000  0.45000000  0.0003
    3436 -0.35000000  0.05000000  0.45000000  0.0003
    3437 -0.30000000  0.05000000  0.45000000  0.0003
    3438 -0.25000000  0.05000000  0.45000000  0.0003
    3439 -0.20000000  0.05000000  0.45000000  0.0003
    3440 -0.15000000  0.05000000  0.45000000  0.0003
    3441 -0.10000000  0.05000000  0.45000000  0.0003
    3442 -0.05000000  0.05000000  0.45000000  0.0003
    3443  0.00000000  0.10000000  0.45000000  0.0003
    3444  0.05000000  0.10000000  0.45000000  0.0003
    3445  0.10000000  0.10000000  0.45000000  0.0003
    3446  0.15000000  0.10000000  0.45000000  0.0003
    3447  0.20000000  0.10000000  0.45000000  0.0003
    3448  0.25000000  0.10000000  0.45000000  0.0003
    3449  0.30000000  0.10000000  0.45000000  0.0003
    3450  0.35000000  0.10000000  0.45000000  0.0003
    3451  0.40000000  0.10000000  0.45000000  0.0003
    3452  0.45000000  0.10000000  0.45000000  0.0003
    3453  0.50000000  0.10000000  0.45000000  0.0003
    3454 -0.45000000  0.10000000  0.45000000  0.0003
    3455 -0.40000000  0.10000000  0.45000000  0.0003
    3456 -0.35000000  0.10000000  0.45000000  0.0003
    3457 -0.30000000  0.10000000  0.45000000  0.0003
    3458 -0.25000000  0.10000000  0.45000000  0.0003
    3459 -0.20000000  0.10000000  0.45000000  0.0003
    3460 -0.15000000  0.10000000  0.45000000  0.0003
    3461 -0.10000000  0.10000000  0.45000000  0.0003
    3462 -0.05000000  0.10000000  0.45000000  0.0003
    3463  0.00000000  0.15000000  0.45000000  0.0003
    3464  0.05000000  0.15000000  0.45000000  0.0003
    3465  0.10000000  0.15000000  0.45000000  0.0003
    3466  0.15000000  0.15000000  0.45000000  0.0003
    3467  0.20000000  0.15000000  0.45000000  0.0003
    3468  0.25000000  0.15000000  0.45000000  0.0003
    3469  0.30000000  0.15000000  0.45000000  0.0003
    3470  0.35000000  0.15000000  0.45000000  0.0003
    3471  0.40000000  0.15000000  0.45000000  0.0003
    3472  0.45000000  0.15000000  0.45000000  0.0003
    3473  0.50000000  0.15000000  0.45000000  0.0003
    3474 -0.45000000  0.15000000  0.45000000  0.0003
    3475 -0.40000000  0.15000000  0.45000000  0.0003
    3476 -0.35000000  0.15000000  0.45000000  0.0003
    3477 -0.30000000  0.15000000  0.45000000  0.0003
    3478 -0.25000000  0.15000000  0.45000000  0.0003
    3479 -0.20000000  0.15000000  0.45000000  0.0003
    3480 -0.15000000  0.15000000  0.45000000  0.0003
    3481 -0.10000000  0.15000000  0.45000000  0.0003
    3482 -0.05000000  0.15000000  0.45000000  0.0003
    3483  0.00000000  0.20000000  0.45000000  0.0003
    3484  0.05000000  0.20000000  0.45000000  0.0003
    3485  0.10000000  0.20000000  0.45000000  0.0003
    3486  0.15000000  0.20000000  0.45000000  0.0003
    3487  0.20000000  0.20000000  0.45000000  0.0003
    3488  0.25000000  0.20000000  0.45000000  0.0003
    3489  0.30000000  0.20000000  0.45000000  0.0003
    3490  0.35000000  0.20000000  0.45000000  0.0003
    3491  0.40000000  0.20000000  0.45000000  0.0003
    3492  0.45000000  0.20000000  0.45000000  0.0003
    3493  0.50000000  0.20000000  0.45000000  0.0003
    3494 -0.45000000  0.20000000  0.45000000  0.0003
    3495 -0.40000000  0.20000000  0.45000000  0.0003
    3496 -0.35000000  0.20000000  0.45000000  0.0003
    3497 -0.30000000  0.20000000  0.45000000  0.0003
    3498 -0.25000000  0.20000000  0.45000000  0.0003
    3499 -0.20000000  0.20000000  0.45000000  0.0003
    3500 -0.15000000  0.20000000  0.45000000  0.0003
    3501 -0.10000000  0.20000000  0.45000000  0.0003
    3502 -0.05000000  0.20000000  0.45000000  0.0003
    3503  0.00000000  0.25000000  0.45000000  0.0003
    3504  0.05000000  0.25000000  0.45000000  0.0003
    3505  0.10000000  0.25000000  0.45000000  0.0003
    3506  0.15000000  0.25000000  0.45000000  0.0003
    3507  0.20000000  0.25000000  0.45000000  0.0003
    3508  0.25000000  0.25000000  0.45000000  0.0003
    3509  0.30000000  0.25000000  0.45000000  0.0003
    3510  0.35000000  0.25000000  0.45000000  0.0003
    3511  0.40000000  0.25000000  0.45000000  0.0003
    3512  0.45000000  0.25000000  0.45000000  0.0003
    3513  0.50000000  0.25000000  0.45000000  0.0003
    3514 -0.45000000  0.25000000  0.45000000  0.0003
    3515 -0.40000000  0.25000000  0.45000000  0.0003
    3516 -0.35000000  0.25000000  0.45000000  0.0003
    3517 -0.30000000  0.25000000  0.45000000  0.0003
    3518 -0.25000000  0.25000000  0.45000000  0.0003
    3519 -0.20000000  0.25000000  0.45000000  0.0003
    3520 -0.15000000  0.25000000  0.45000000  0.0003
    3521 -0.10000000  0.25000000  0.45000000  0.0003
    3522 -0.05000000  0.25000000  0.45000000  0.0003
    3523  0.00000000  0.30000000  0.45000000  0.0003
    3524  0.05000000  0.30000000  0.45000000  0.0003
    3525  0.10000000  0.30000000  0.45000000  0.0003
    3526  0.15000000  0.30000000  0.45000000  0.0003
    3527  0.20000000  0.30000000  0.45000000  0.0003
    3528  0.25000000  0.30000000  0.45000000  0.0003
    3529  0.30000000  0.30000000  0.45000000  0.0003
    3530  0.35000000  0.30000000  0.45000000  0.0003
    3531  0.40000000  0.30000000  0.45000000  0.0003
    3532  0.45000000  0.30000000  0.45000000  0.0003
    3533  0.50000000  0.30000000  0.45000000  0.0003
    3534 -0.45000000  0.30000000  0.45000000  0.0003
    3535 -0.40000000  0.30000000  0.45000000  0.0003
    3536 -0.35000000  0.30000000  0.45000000  0.0003
    3537 -0.30000000  0.30000000  0.45000000  0.0003
    3538 -0.25000000  0.30000000  0.45000000  0.0003
    3539 -0.20000000  0.30000000  0.45000000  0.0003
    3540 -0.15000000  0.30000000  0.45000000  0.0003
    3541 -0.10000000  0.30000000  0.45000000  0.0003
    3542 -0.05000000  0.30000000  0.45000000  0.0003
    3543  0.00000000  0.35000000  0.45000000  0.0003
    3544  0.05000000  0.35000000  0.45000000  0.0003
    3545  0.10000000  0.35000000  0.45000000  0.0003
    3546  0.15000000  0.35000000  0.45000000  0.0003
    3547  0.20000000  0.35000000  0.45000000  0.0003
    3548  0.25000000  0.35000000  0.45000000  0.0003
    3549  0.30000000  0.35000000  0.45000000  0.0003
    3550  0.35000000  0.35000000  0.45000000  0.0003
    3551  0.40000000  0.35000000  0.45000000  0.0003
    3552  0.45000000  0.35000000  0.45000000  0.0003
    3553  0.50000000  0.35000000  0.45000000  0.0003
    3554 -0.45000000  0.35000000  0.45000000  0.0003
    3555 -0.40000000  0.35000000  0.45000000  0.0003
    3556 -0.35000000  0.35000000  0.45000000  0.0003
    3557 -0.30000000  0.35000000  0.45000000  0.0003
    3558 -0.25000000  0.35000000  0.45000000  0.0003
    3559 -0.20000000  0.35000000  0.45000000  0.0003
    3560 -0.15000000  0.35000000  0.45000000  0.0003
    3561 -0.10000000  0.35000000  0.45000000  0.0003
    3562 -0.05000000  0.35000000  0.45000000  0.0003
    3563  0.00000000  0.40000000  0.45000000  0.0003
    3564  0.05000000  0.40000000  0.45000000  0.0003
    3565  0.10000000  0.40000000  0.45000000  0.0003
    3566  0.15000000  0.40000000  0.45000000  0.0003
    3567  0.20000000  0.40000000  0.45000000  0.0003
    3568  0.25000000  0.40000000  0.45000000  0.0003
    3569  0.30000000  0.40000000  0.45000000  0.0003
    3570  0.35000000  0.40000000  0.45000000  0.0003
    3571  0.40000000  0.40000000  0.45000000  0.0003
    3572  0.45000000  0.40000000  0.45000000  0.0003
    3573  0.50000000  0.40000000  0.45000000  0.0003
    3574 -0.45000000  0.40000000  0.45000000  0.0003
    3575 -0.40000000  0.40000000  0.45000000  0.0003
    3576 -0.35000000  0.40000000  0.45000000  0.0003
    3577 -0.30000000  0.40000000  0.45000000  0.0003
    3578 -0.25000000  0.40000000  0.45000000  0.0003
    3579 -0.20000000  0.40000000  0.45000000  0.0003
    3580 -0.15000000  0.40000000  0.45000000  0.0003
    3581 -0.10000000  0.40000000  0.45000000  0.0003
    3582 -0.05000000  0.40000000  0.45000000  0.0003
    3583  0.00000000  0.45000000  0.45000000  0.0003
    3584  0.05000000  0.45000000  0.45000000  0.0003
    3585  0.10000000  0.45000000  0.45000000  0.0003
    3586  0.15000000  0.45000000  0.45000000  0.0003
    3587  0.20000000  0.45000000  0.45000000  0.0003
    3588  0.25000000  0.45000000  0.45000000  0.0003
    3589  0.30000000  0.45000000  0.45000000  0.0003
    3590  0.35000000  0.45000000  0.45000000  0.0003
    3591  0.40000000  0.45000000  0.45000000  0.0003
    3592  0.45000000  0.45000000  0.45000000  0.0003
    3593  0.50000000  0.45000000  0.45000000  0.0003
    3594 -0.45000000  0.45000000  0.45000000  0.0003
    3595 -0.40000000  0.45000000  0.45000000  0.0003
    3596 -0.35000000  0.45000000  0.45000000  0.0003
    3597 -0.30000000  0.45000000  0.45000000  0.0003
    3598 -0.25000000  0.45000000  0.45000000  0.0003
    3599 -0.20000000  0.45000000  0.45000000  0.0003
    3600 -0.15000000  0.45000000  0.45000000  0.0003
    3601 -0.10000000  0.45000000  0.45000000  0.0003
    3602 -0.05000000  0.45000000  0.45000000  0.0003
    3603  0.00000000  0.50000000  0.45000000  0.0003
    3604  0.05000000  0.50000000  0.45000000  0.0003
    3605  0.10000000  0.50000000  0.45000000  0.0003
    3606  0.15000000  0.50000000  0.45000000  0.0003
    3607  0.20000000  0.50000000  0.45000000  0.0003
    3608  0.25000000  0.50000000  0.45000000  0.0003
    3609  0.30000000  0.50000000  0.45000000  0.0003
    3610  0.35000000  0.50000000  0.45000000  0.0003
    3611  0.40000000  0.50000000  0.45000000  0.0003
    3612  0.45000000  0.50000000  0.45000000  0.0003
    3613  0.50000000  0.50000000  0.45000000  0.0003
    3614 -0.45000000  0.50000000  0.45000000  0.0003
    3615 -0.40000000  0.50000000  0.45000000  0.0003
    3616 -0.35000000  0.50000000  0.45000000  0.0003
    3617 -0.30000000  0.50000000  0.45000000  0.0003
    3618 -0.25000000  0.50000000  0.45000000  0.0003
    3619 -0.20000000  0.50000000  0.45000000  0.0003
    3620 -0.15000000  0.50000000  0.45000000  0.0003
    3621 -0.10000000  0.50000000  0.45000000  0.0003
    3622 -0.05000000  0.50000000  0.45000000  0.0003
    3623  0.00000000 -0.45000000  0.45000000  0.0003
    3624  0.05000000 -0.45000000  0.45000000  0.0003
    3625  0.10000000 -0.45000000  0.45000000  0.0003
    3626  0.15000000 -0.45000000  0.45000000  0.0003
    3627  0.20000000 -0.45000000  0.45000000  0.0003
    3628  0.25000000 -0.45000000  0.45000000  0.0003
    3629  0.30000000 -0.45000000  0.45000000  0.0003
    3630  0.35000000 -0.45000000  0.45000000  0.0003
    3631  0.40000000 -0.45000000  0.45000000  0.0003
    3632  0.45000000 -0.45000000  0.45000000  0.0003
    3633  0.50000000 -0.45000000  0.45000000  0.0003
    3634  0.45000000  0.45000000 -0.45000000  0.0003
    3635  0.40000000  0.45000000 -0.45000000  0.0003
    3636  0.35000000  0.45000000 -0.45000000  0.0003
    3637  0.30000000  0.45000000 -0.45000000  0.0003
    3638  0.25000000  0.45000000 -0.45000000  0.0003
    3639  0.20000000  0.45000000 -0.45000000  0.0003
    3640  0.15000000  0.45000000 -0.45000000  0.0003
    3641  0.10000000  0.45000000 -0.45000000  0.0003
    3642  0.05000000  0.45000000 -0.45000000  0.0003
    3643  0.00000000 -0.40000000  0.45000000  0.0003
    3644  0.05000000 -0.40000000  0.45000000  0.0003
    3645  0.10000000 -0.40000000  0.45000000  0.0003
    3646  0.15000000 -0.40000000  0.45000000  0.0003
    3647  0.20000000 -0.40000000  0.45000000  0.0003
    3648  0.25000000 -0.40000000  0.45000000  0.0003
    3649  0.30000000 -0.40000000  0.45000000  0.0003
    3650  0.35000000 -0.40000000  0.45000000  0.0003
    3651  0.40000000 -0.40000000  0.45000000  0.0003
    3652  0.45000000 -0.40000000  0.45000000  0.0003
    3653  0.50000000 -0.40000000  0.45000000  0.0003
    3654  0.45000000  0.40000000 -0.45000000  0.0003
    3655  0.40000000  0.40000000 -0.45000000  0.0003
    3656  0.35000000  0.40000000 -0.45000000  0.0003
    3657  0.30000000  0.40000000 -0.45000000  0.0003
    3658  0.25000000  0.40000000 -0.45000000  0.0003
    3659  0.20000000  0.40000000 -0.45000000  0.0003
    3660  0.15000000  0.40000000 -0.45000000  0.0003
    3661  0.10000000  0.40000000 -0.45000000  0.0003
    3662 -0.05000000 -0.40000000  0.45000000  0.0003
    3663  0.00000000 -0.35000000  0.45000000  0.0003
    3664  0.05000000 -0.35000000  0.45000000  0.0003
    3665  0.10000000 -0.35000000  0.45000000  0.0003
    3666  0.15000000 -0.35000000  0.45000000  0.0003
    3667  0.20000000 -0.35000000  0.45000000  0.0003
    3668  0.25000000 -0.35000000  0.45000000  0.0003
    3669  0.30000000 -0.35000000  0.45000000  0.0003
    3670  0.35000000 -0.35000000  0.45000000  0.0003
    3671  0.40000000 -0.35000000  0.45000000  0.0003
    3672  0.45000000 -0.35000000  0.45000000  0.0003
    3673  0.50000000 -0.35000000  0.45000000  0.0003
    3674  0.45000000  0.35000000 -0.45000000  0.0003
    3675  0.40000000  0.35000000 -0.45000000  0.0003
    3676  0.35000000  0.35000000 -0.45000000  0.0003
    3677  0.30000000  0.35000000 -0.45000000  0.0003
    3678  0.25000000  0.35000000 -0.45000000  0.0003
    3679  0.20000000  0.35000000 -0.45000000  0.0003
    3680  0.15000000  0.35000000 -0.45000000  0.0003
    3681 -0.10000000 -0.35000000  0.45000000  0.0003
    3682 -0.05000000 -0.35000000  0.45000000  0.0003
    3683  0.00000000 -0.30000000  0.45000000  0.0003
    3684  0.05000000 -0.30000000  0.45000000  0.0003
    3685  0.10000000 -0.30000000  0.45000000  0.0003
    3686  0.15000000 -0.30000000  0.45000000  0.0003
    3687  0.20000000 -0.30000000  0.45000000  0.0003
    3688  0.25000000 -0.30000000  0.45000000  0.0003
    3689  0.30000000 -0.30000000  0.45000000  0.0003
    3690  0.35000000 -0.30000000  0.45000000  0.0003
    3691  0.40000000 -0.30000000  0.45000000  0.0003
    3692  0.45000000 -0.30000000  0.45000000  0.0003
    3693  0.50000000 -0.30000000  0.45000000  0.0003
    3694  0.45000000  0.30000000 -0.45000000  0.0003
    3695  0.40000000  0.30000000 -0.45000000  0.0003
    3696  0.35000000  0.30000000 -0.45000000  0.0003
    3697  0.30000000  0.30000000 -0.45000000  0.0003
    3698  0.25000000  0.30000000 -0.45000000  0.0003
    3699  0.20000000  0.30000000 -0.45000000  0.0003
    3700 -0.15000000 -0.30000000  0.45000000  0.0003
    3701 -0.10000000 -0.30000000  0.45000000  0.0003
    3702 -0.05000000 -0.30000000  0.45000000  0.0003
    3703  0.00000000 -0.25000000  0.45000000  0.0003
    3704  0.05000000 -0.25000000  0.45000000  0.0003
    3705  0.10000000 -0.25000000  0.45000000  0.0003
    3706  0.15000000 -0.25000000  0.45000000  0.0003
    3707  0.20000000 -0.25000000  0.45000000  0.0003
    3708  0.25000000 -0.25000000  0.45000000  0.0003
    3709  0.30000000 -0.25000000  0.45000000  0.0003
    3710  0.35000000 -0.25000000  0.45000000  0.0003
    3711  0.40000000 -0.25000000  0.45000000  0.0003
    3712  0.45000000 -0.25000000  0.45000000  0.0003
    3713  0.50000000 -0.25000000  0.45000000  0.0003
    3714  0.45000000  0.25000000 -0.45000000  0.0003
    3715  0.40000000  0.25000000 -0.45000000  0.0003
    3716  0.35000000  0.25000000 -0.45000000  0.0003
    3717  0.30000000  0.25000000 -0.45000000  0.0003
    3718  0.25000000  0.25000000 -0.45000000  0.0003
    3719 -0.20000000 -0.25000000  0.45000000  0.0003
    3720 -0.15000000 -0.25000000  0.45000000  0.0003
    3721 -0.10000000 -0.25000000  0.45000000  0.0003
    3722 -0.05000000 -0.25000000  0.45000000  0.0003
    3723  0.00000000 -0.20000000  0.45000000  0.0003
    3724  0.05000000 -0.20000000  0.45000000  0.0003
    3725  0.10000000 -0.20000000  0.45000000  0.0003
    3726  0.15000000 -0.20000000  0.45000000  0.0003
    3727  0.20000000 -0.20000000  0.45000000  0.0003
    3728  0.25000000 -0.20000000  0.45000000  0.0003
    3729  0.30000000 -0.20000000  0.45000000  0.0003
    3730  0.35000000 -0.20000000  0.45000000  0.0003
    3731  0.40000000 -0.20000000  0.45000000  0.0003
    3732  0.45000000 -0.20000000  0.45000000  0.0003
    3733  0.50000000 -0.20000000  0.45000000  0.0003
    3734  0.45000000  0.20000000 -0.45000000  0.0003
    3735  0.40000000  0.20000000 -0.45000000  0.0003
    3736  0.35000000  0.20000000 -0.45000000  0.0003
    3737  0.30000000  0.20000000 -0.45000000  0.0003
    3738 -0.25000000 -0.20000000  0.45000000  0.0003
    3739 -0.20000000 -0.20000000  0.45000000  0.0003
    3740 -0.15000000 -0.20000000  0.45000000  0.0003
    3741 -0.10000000 -0.20000000  0.45000000  0.0003
    3742 -0.05000000 -0.20000000  0.45000000  0.0003
    3743  0.00000000 -0.15000000  0.45000000  0.0003
    3744  0.05000000 -0.15000000  0.45000000  0.0003
    3745  0.10000000 -0.15000000  0.45000000  0.0003
    3746  0.15000000 -0.15000000  0.45000000  0.0003
    3747  0.20000000 -0.15000000  0.45000000  0.0003
    3748  0.25000000 -0.15000000  0.45000000  0.0003
    3749  0.30000000 -0.15000000  0.45000000  0.0003
    3750  0.35000000 -0.15000000  0.45000000  0.0003
    3751  0.40000000 -0.15000000  0.45000000  0.0003
    3752  0.45000000 -0.15000000  0.45000000  0.0003
    3753  0.50000000 -0.15000000  0.45000000  0.0003
    3754  0.45000000  0.15000000 -0.45000000  0.0003
    3755  0.40000000  0.15000000 -0.45000000  0.0003
    3756  0.35000000  0.15000000 -0.45000000  0.0003
    3757 -0.30000000 -0.15000000  0.45000000  0.0003
    3758 -0.25000000 -0.15000000  0.45000000  0.0003
    3759 -0.20000000 -0.15000000  0.45000000  0.0003
    3760 -0.15000000 -0.15000000  0.45000000  0.0003
    3761 -0.10000000 -0.15000000  0.45000000  0.0003
    3762 -0.05000000 -0.15000000  0.45000000  0.0003
    3763  0.00000000 -0.10000000  0.45000000  0.0003
    3764  0.05000000 -0.10000000  0.45000000  0.0003
    3765  0.10000000 -0.10000000  0.45000000  0.0003
    3766  0.15000000 -0.10000000  0.45000000  0.0003
    3767  0.20000000 -0.10000000  0.45000000  0.0003
    3768  0.25000000 -0.10000000  0.45000000  0.0003
    3769  0.30000000 -0.10000000  0.45000000  0.0003
    3770  0.35000000 -0.10000000  0.45000000  0.0003
    3771  0.40000000 -0.10000000  0.45000000  0.0003
    3772  0.45000000 -0.10000000  0.45000000  0.0003
    3773  0.50000000 -0.10000000  0.45000000  0.0003
    3774  0.45000000  0.10000000 -0.45000000  0.0003
    3775  0.40000000  0.10000000 -0.45000000  0.0003
    3776 -0.35000000 -0.10000000  0.45000000  0.0003
    3777 -0.30000000 -0.10000000  0.45000000  0.0003
    3778 -0.25000000 -0.10000000  0.45000000  0.0003
    3779 -0.20000000 -0.10000000  0.45000000  0.0003
    3780 -0.15000000 -0.10000000  0.45000000  0.0003
    3781 -0.10000000 -0.10000000  0.45000000  0.0003
    3782 -0.05000000 -0.10000000  0.45000000  0.0003
    3783  0.00000000 -0.05000000  0.45000000  0.0003
    3784  0.05000000 -0.05000000  0.45000000  0.0003
    3785  0.10000000 -0.05000000  0.45000000  0.0003
    3786  0.15000000 -0.05000000  0.45000000  0.0003
    3787  0.20000000 -0.05000000  0.45000000  0.0003
    3788  0.25000000 -0.05000000  0.45000000  0.0003
    3789  0.30000000 -0.05000000  0.45000000  0.0003
    3790  0.35000000 -0.05000000  0.45000000  0.0003
    3791  0.40000000 -0.05000000  0.45000000  0.0003
    3792  0.45000000 -0.05000000  0.45000000  0.0003
    3793  0.50000000 -0.05000000  0.45000000  0.0003
    3794  0.45000000  0.05000000 -0.45000000  0.0003
    3795 -0.40000000 -0.05000000  0.45000000  0.0003
    3796 -0.35000000 -0.05000000  0.45000000  0.0003
    3797 -0.30000000 -0.05000000  0.45000000  0.0003
    3798 -0.25000000 -0.05000000  0.45000000  0.0003
    3799 -0.20000000 -0.05000000  0.45000000  0.0003
    3800 -0.15000000 -0.05000000  0.45000000  0.0003
    3801 -0.10000000 -0.05000000  0.45000000  0.0003
    3802 -0.05000000 -0.05000000  0.45000000  0.0003
    3803  0.00000000  0.00000000  0.50000000  0.0001
    3804  0.05000000  0.00000000  0.50000000  0.0003
    3805  0.10000000  0.00000000  0.50000000  0.0003
    3806  0.15000000  0.00000000  0.50000000  0.0003
    3807  0.20000000  0.00000000  0.50000000  0.0003
    3808  0.25000000  0.00000000  0.50000000  0.0003
    3809  0.30000000  0.00000000  0.50000000  0.0003
    3810  0.35000000  0.00000000  0.50000000  0.0003
    3811  0.40000000  0.00000000  0.50000000  0.0003
    3812  0.45000000  0.00000000  0.50000000  0.0003
    3813  0.50000000  0.00000000  0.50000000  0.0001
    3814  0.00000000  0.05000000  0.50000000  0.0003
    3815  0.05000000  0.05000000  0.50000000  0.0003
    3816  0.10000000  0.05000000  0.50000000  0.0003
    3817  0.15000000  0.05000000  0.50000000  0.0003
    3818  0.20000000  0.05000000  0.50000000  0.0003
    3819  0.25000000  0.05000000  0.50000000  0.0003
    3820  0.30000000  0.05000000  0.50000000  0.0003
    3821  0.35000000  0.05000000  0.50000000  0.0003
    3822  0.40000000  0.05000000  0.50000000  0.0003
    3823  0.45000000  0.05000000  0.50000000  0.0003
    3824  0.50000000  0.05000000  0.50000000  0.0003
    3825  0.45000000 -0.05000000  0.50000000  0.0003
    3826  0.40000000 -0.05000000  0.50000000  0.0003
    3827  0.35000000 -0.05000000  0.50000000  0.0003
    3828  0.30000000 -0.05000000  0.50000000  0.0003
    3829  0.25000000 -0.05000000  0.50000000  0.0003
    3830  0.20000000 -0.05000000  0.50000000  0.0003
    3831  0.15000000 -0.05000000  0.50000000  0.0003
    3832  0.10000000 -0.05000000  0.50000000  0.0003
    3833 -0.05000000  0.05000000  0.50000000  0.0003
    3834  0.00000000  0.10000000  0.50000000  0.0003
    3835  0.05000000  0.10000000  0.50000000  0.0003
    3836  0.10000000  0.10000000  0.50000000  0.0003
    3837  0.15000000  0.10000000  0.50000000  0.0003
    3838  0.20000000  0.10000000  0.50000000  0.0003
    3839  0.25000000  0.10000000  0.50000000  0.0003
    3840  0.30000000  0.10000000  0.50000000  0.0003
    3841  0.35000000  0.10000000  0.50000000  0.0003
    3842  0.40000000  0.10000000  0.50000000  0.0003
    3843  0.45000000  0.10000000  0.50000000  0.0003
    3844  0.50000000  0.10000000  0.50000000  0.0003
    3845  0.45000000 -0.10000000  0.50000000  0.0003
    3846  0.40000000 -0.10000000  0.50000000  0.0003
    3847  0.35000000 -0.10000000  0.50000000  0.0003
    3848  0.30000000 -0.10000000  0.50000000  0.0003
    3849  0.25000000 -0.10000000  0.50000000  0.0003
    3850  0.20000000 -0.10000000  0.50000000  0.0003
    3851  0.15000000 -0.10000000  0.50000000  0.0003
    3852 -0.10000000  0.10000000  0.50000000  0.0003
    3853 -0.05000000  0.10000000  0.50000000  0.0003
    3854  0.00000000  0.15000000  0.50000000  0.0003
    3855  0.05000000  0.15000000  0.50000000  0.0003
    3856  0.10000000  0.15000000  0.50000000  0.0003
    3857  0.15000000  0.15000000  0.50000000  0.0003
    3858  0.20000000  0.15000000  0.50000000  0.0003
    3859  0.25000000  0.15000000  0.50000000  0.0003
    3860  0.30000000  0.15000000  0.50000000  0.0003
    3861  0.35000000  0.15000000  0.50000000  0.0003
    3862  0.40000000  0.15000000  0.50000000  0.0003
    3863  0.45000000  0.15000000  0.50000000  0.0003
    3864  0.50000000  0.15000000  0.50000000  0.0003
    3865  0.45000000 -0.15000000  0.50000000  0.0003
    3866  0.40000000 -0.15000000  0.50000000  0.0003
    3867  0.35000000 -0.15000000  0.50000000  0.0003
    3868  0.30000000 -0.15000000  0.50000000  0.0003
    3869  0.25000000 -0.15000000  0.50000000  0.0003
    3870  0.20000000 -0.15000000  0.50000000  0.0003
    3871 -0.15000000  0.15000000  0.50000000  0.0003
    3872 -0.10000000  0.15000000  0.50000000  0.0003
    3873 -0.05000000  0.15000000  0.50000000  0.0003
    3874  0.00000000  0.20000000  0.50000000  0.0003
    3875  0.05000000  0.20000000  0.50000000  0.0003
    3876  0.10000000  0.20000000  0.50000000  0.0003
    3877  0.15000000  0.20000000  0.50000000  0.0003
    3878  0.20000000  0.20000000  0.50000000  0.0003
    3879  0.25000000  0.20000000  0.50000000  0.0003
    3880  0.30000000  0.20000000  0.50000000  0.0003
    3881  0.35000000  0.20000000  0.50000000  0.0003
    3882  0.40000000  0.20000000  0.50000000  0.0003
    3883  0.45000000  0.20000000  0.50000000  0.0003
    3884  0.50000000  0.20000000  0.50000000  0.0003
    3885  0.45000000 -0.20000000  0.50000000  0.0003
    3886  0.40000000 -0.20000000  0.50000000  0.0003
    3887  0.35000000 -0.20000000  0.50000000  0.0003
    3888  0.30000000 -0.20000000  0.50000000  0.0003
    3889  0.25000000 -0.20000000  0.50000000  0.0003
    3890 -0.20000000  0.20000000  0.50000000  0.0003
    3891 -0.15000000  0.20000000  0.50000000  0.0003
    3892 -0.10000000  0.20000000  0.50000000  0.0003
    3893 -0.05000000  0.20000000  0.50000000  0.0003
    3894  0.00000000  0.25000000  0.50000000  0.0003
    3895  0.05000000  0.25000000  0.50000000  0.0003
    3896  0.10000000  0.25000000  0.50000000  0.0003
    3897  0.15000000  0.25000000  0.50000000  0.0003
    3898  0.20000000  0.25000000  0.50000000  0.0003
    3899  0.25000000  0.25000000  0.50000000  0.0003
    3900  0.30000000  0.25000000  0.50000000  0.0003
    3901  0.35000000  0.25000000  0.50000000  0.0003
    3902  0.40000000  0.25000000  0.50000000  0.0003
    3903  0.45000000  0.25000000  0.50000000  0.0003
    3904  0.50000000  0.25000000  0.50000000  0.0003
    3905  0.45000000 -0.25000000  0.50000000  0.0003
    3906  0.40000000 -0.25000000  0.50000000  0.0003
    3907  0.35000000 -0.25000000  0.50000000  0.0003
    3908  0.30000000 -0.25000000  0.50000000  0.0003
    3909 -0.25000000  0.25000000  0.50000000  0.0003
    3910 -0.20000000  0.25000000  0.50000000  0.0003
    3911 -0.15000000  0.25000000  0.50000000  0.0003
    3912 -0.10000000  0.25000000  0.50000000  0.0003
    3913 -0.05000000  0.25000000  0.50000000  0.0003
    3914  0.00000000  0.30000000  0.50000000  0.0003
    3915  0.05000000  0.30000000  0.50000000  0.0003
    3916  0.10000000  0.30000000  0.50000000  0.0003
    3917  0.15000000  0.30000000  0.50000000  0.0003
    3918  0.20000000  0.30000000  0.50000000  0.0003
    3919  0.25000000  0.30000000  0.50000000  0.0003
    3920  0.30000000  0.30000000  0.50000000  0.0003
    3921  0.35000000  0.30000000  0.50000000  0.0003
    3922  0.40000000  0.30000000  0.50000000  0.0003
    3923  0.45000000  0.30000000  0.50000000  0.0003
    3924  0.50000000  0.30000000  0.50000000  0.0003
    3925  0.45000000 -0.30000000  0.50000000  0.0003
    3926  0.40000000 -0.30000000  0.50000000  0.0003
    3927  0.35000000 -0.30000000  0.50000000  0.0003
    3928 -0.30000000  0.30000000  0.50000000  0.0003
    3929 -0.25000000  0.30000000  0.50000000  0.0003
    3930 -0.20000000  0.30000000  0.50000000  0.0003
    3931 -0.15000000  0.30000000  0.50000000  0.0003
    3932 -0.10000000  0.30000000  0.50000000  0.0003
    3933 -0.05000000  0.30000000  0.50000000  0.0003
    3934  0.00000000  0.35000000  0.50000000  0.0003
    3935  0.05000000  0.35000000  0.50000000  0.0003
    3936  0.10000000  0.35000000  0.50000000  0.0003
    3937  0.15000000  0.35000000  0.50000000  0.0003
    3938  0.20000000  0.35000000  0.50000000  0.0003
    3939  0.25000000  0.35000000  0.50000000  0.0003
    3940  0.30000000  0.35000000  0.50000000  0.0003
    3941  0.35000000  0.35000000  0.50000000  0.0003
    3942  0.40000000  0.35000000  0.50000000  0.0003
    3943  0.45000000  0.35000000  0.50000000  0.0003
    3944  0.50000000  0.35000000  0.50000000  0.0003
    3945  0.45000000 -0.35000000  0.50000000  0.0003
    3946  0.40000000 -0.35000000  0.50000000  0.0003
    3947 -0.35000000  0.35000000  0.50000000  0.0003
    3948 -0.30000000  0.35000000  0.50000000  0.0003
    3949 -0.25000000  0.35000000  0.50000000  0.0003
    3950 -0.20000000  0.35000000  0.50000000  0.0003
    3951 -0.15000000  0.35000000  0.50000000  0.0003
    3952 -0.10000000  0.35000000  0.50000000  0.0003
    3953 -0.05000000  0.35000000  0.50000000  0.0003
    3954  0.00000000  0.40000000  0.50000000  0.0003
    3955  0.05000000  0.40000000  0.50000000  0.0003
    3956  0.10000000  0.40000000  0.50000000  0.0003
    3957  0.15000000  0.40000000  0.50000000  0.0003
    3958  0.20000000  0.40000000  0.50000000  0.0003
    3959  0.25000000  0.40000000  0.50000000  0.0003
    3960  0.30000000  0.40000000  0.50000000  0.0003
    3961  0.35000000  0.40000000  0.50000000  0.0003
    3962  0.40000000  0.40000000  0.50000000  0.0003
    3963  0.45000000  0.40000000  0.50000000  0.0003
    3964  0.50000000  0.40000000  0.50000000  0.0003
    3965  0.45000000 -0.40000000  0.50000000  0.0003
    3966 -0.40000000  0.40000000  0.50000000  0.0003
    3967 -0.35000000  0.40000000  0.50000000  0.0003
    3968 -0.30000000  0.40000000  0.50000000  0.0003
    3969 -0.25000000  0.40000000  0.50000000  0.0003
    3970 -0.20000000  0.40000000  0.50000000  0.0003
    3971 -0.15000000  0.40000000  0.50000000  0.0003
    3972 -0.10000000  0.40000000  0.50000000  0.0003
    3973 -0.05000000  0.40000000  0.50000000  0.0003
    3974  0.00000000  0.45000000  0.50000000  0.0003
    3975  0.05000000  0.45000000  0.50000000  0.0003
    3976  0.10000000  0.45000000  0.50000000  0.0003
    3977  0.15000000  0.45000000  0.50000000  0.0003
    3978  0.20000000  0.45000000  0.50000000  0.0003
    3979  0.25000000  0.45000000  0.50000000  0.0003
    3980  0.30000000  0.45000000  0.50000000  0.0003
    3981  0.35000000  0.45000000  0.50000000  0.0003
    3982  0.40000000  0.45000000  0.50000000  0.0003
    3983  0.45000000  0.45000000  0.50000000  0.0003
    3984  0.50000000  0.45000000  0.50000000  0.0003
    3985 -0.45000000  0.45000000  0.50000000  0.0003
    3986 -0.40000000  0.45000000  0.50000000  0.0003
    3987 -0.35000000  0.45000000  0.50000000  0.0003
    3988 -0.30000000  0.45000000  0.50000000  0.0003
    3989 -0.25000000  0.45000000  0.50000000  0.0003
    3990 -0.20000000  0.45000000  0.50000000  0.0003
    3991 -0.15000000  0.45000000  0.50000000  0.0003
    3992 -0.10000000  0.45000000  0.50000000  0.0003
    3993 -0.05000000  0.45000000  0.50000000  0.0003
    3994  0.00000000  0.50000000  0.50000000  0.0001
    3995  0.05000000  0.50000000  0.50000000  0.0003
    3996  0.10000000  0.50000000  0.50000000  0.0003
    3997  0.15000000  0.50000000  0.50000000  0.0003
    3998  0.20000000  0.50000000  0.50000000  0.0003
    3999  0.25000000  0.50000000  0.50000000  0.0003
    4000  0.30000000  0.50000000  0.50000000  0.0003
    4001  0.35000000  0.50000000  0.50000000  0.0003
    4002  0.40000000  0.50000000  0.50000000  0.0003
    4003  0.45000000  0.50000000  0.50000000  0.0003
    4004  0.50000000  0.50000000  0.50000000  0.0001


       Number of k-points in this process = 4004
       Minimum distributed k-point number = 4004

 K-POINTS CARTESIAN COORDINATES
 KPOINTS CARTESIAN_X CARTESIAN_Y CARTESIAN_Z  WEIGHT
       1  0.00000000  0.00000000  0.00000000  0.0003
       2 -0.01234568  0.01234568  0.01234568  0.0005
       3 -0.02469136  0.02469136  0.02469136  0.0005
       4 -0.03703704  0.03703704  0.03703704  0.0005
       5 -0.04938272  0.04938272  0.04938272  0.0005
       6 -0.06172840  0.06172840  0.06172840  0.0005
       7 -0.07407407  0.07407407  0.07407407  0.0005
       8 -0.08641975  0.08641975  0.08641975  0.0005
       9 -0.09876543  0.09876543  0.09876543  0.0005
      10 -0.11111111  0.11111111  0.11111111  0.0005
      11 -0.12345679  0.12345679  0.12345679  0.0003
      12  0.01234568 -0.01234568  0.01234568  0.0005
      13  0.00000000  0.00000000  0.02469136  0.0005
      14 -0.01234568  0.01234568  0.03703704  0.0005
      15 -0.02469136  0.02469136  0.04938272  0.0005
      16 -0.03703704  0.03703704  0.06172840  0.0005
      17 -0.04938272  0.04938272  0.07407407  0.0005
      18 -0.06172840  0.06172840  0.08641975  0.0005
      19 -0.07407407  0.07407407  0.09876543  0.0005
      20 -0.08641975  0.08641975  0.11111111  0.0005
      21 -0.09876543  0.09876543  0.12345679  0.0005
      22 -0.11111111  0.11111111  0.13580247  0.0005
      23 -0.12345679  0.12345679  0.09876543  0.0005
      24 -0.11111111  0.11111111  0.08641975  0.0005
      25 -0.09876543  0.09876543  0.07407407  0.0005
      26 -0.08641975  0.08641975  0.06172840  0.0005
      27 -0.07407407  0.07407407  0.04938272  0.0005
      28 -0.06172840  0.06172840  0.03703704  0.0005
      29 -0.04938272  0.04938272  0.02469136  0.0005
      30 -0.03703704  0.03703704  0.01234568  0.0005
      31  0.02469136 -0.02469136  0.00000000  0.0005
      32  0.02469136 -0.02469136  0.02469136  0.0005
      33  0.01234568 -0.01234568  0.03703704  0.0005
      34  0.00000000  0.00000000  0.04938272  0.0005
      35 -0.01234568  0.01234568  0.06172840  0.0005
      36 -0.02469136  0.02469136  0.07407407  0.0005
      37 -0.03703704  0.03703704  0.08641975  0.0005
      38 -0.04938272  0.04938272  0.09876543  0.0005
      39 -0.06172840  0.06172840  0.11111111  0.0005
      40 -0.07407407  0.07407407  0.12345679  0.0005
      41 -0.08641975  0.08641975  0.13580247  0.0005
      42 -0.09876543  0.09876543  0.14814815  0.0005
      43 -0.13580247  0.13580247  0.08641975  0.0005
      44 -0.12345679  0.12345679  0.07407407  0.0005
      45 -0.11111111  0.11111111  0.06172840  0.0005
      46 -0.09876543  0.09876543  0.04938272  0.0005
      47 -0.08641975  0.08641975  0.03703704  0.0005
      48 -0.07407407  0.07407407  0.02469136  0.0005
      49 -0.06172840  0.06172840  0.01234568  0.0005
      50 -0.04938272  0.04938272  0.00000000  0.0005
      51  0.03703704 -0.03703704  0.01234568  0.0005
      52  0.03703704 -0.03703704  0.03703704  0.0005
      53  0.02469136 -0.02469136  0.04938272  0.0005
      54  0.01234568 -0.01234568  0.06172840  0.0005
      55  0.00000000  0.00000000  0.07407407  0.0005
      56 -0.01234568  0.01234568  0.08641975  0.0005
      57 -0.02469136  0.02469136  0.09876543  0.0005
      58 -0.03703704  0.03703704  0.11111111  0.0005
      59 -0.04938272  0.04938272  0.12345679  0.0005
      60 -0.06172840  0.06172840  0.13580247  0.0005
      61 -0.07407407  0.07407407  0.14814815  0.0005
      62 -0.08641975  0.08641975  0.16049383  0.0005
      63 -0.14814815  0.14814815  0.07407407  0.0005
      64 -0.13580247  0.13580247  0.06172840  0.0005
      65 -0.12345679  0.12345679  0.04938272  0.0005
      66 -0.11111111  0.11111111  0.03703704  0.0005
      67 -0.09876543  0.09876543  0.02469136  0.0005
      68 -0.08641975  0.08641975  0.01234568  0.0005
      69  0.07407407 -0.07407407  0.00000000  0.0005
      70  0.06172840 -0.06172840  0.01234568  0.0005
      71  0.04938272 -0.04938272  0.02469136  0.0005
      72  0.04938272 -0.04938272  0.04938272  0.0005
      73  0.03703704 -0.03703704  0.06172840  0.0005
      74  0.02469136 -0.02469136  0.07407407  0.0005
      75  0.01234568 -0.01234568  0.08641975  0.0005
      76  0.00000000  0.00000000  0.09876543  0.0005
      77 -0.01234568  0.01234568  0.11111111  0.0005
      78 -0.02469136  0.02469136  0.12345679  0.0005
      79 -0.03703704  0.03703704  0.13580247  0.0005
      80 -0.04938272  0.04938272  0.14814815  0.0005
      81 -0.06172840  0.06172840  0.16049383  0.0005
      82 -0.07407407  0.07407407  0.17283951  0.0005
      83 -0.16049383  0.16049383  0.06172840  0.0005
      84 -0.14814815  0.14814815  0.04938272  0.0005
      85 -0.13580247  0.13580247  0.03703704  0.0005
      86 -0.12345679  0.12345679  0.02469136  0.0005
      87 -0.11111111  0.11111111  0.01234568  0.0005
      88  0.09876543 -0.09876543  0.00000000  0.0005
      89  0.08641975 -0.08641975  0.01234568  0.0005
      90  0.07407407 -0.07407407  0.02469136  0.0005
      91  0.06172840 -0.06172840  0.03703704  0.0005
      92  0.06172840 -0.06172840  0.06172840  0.0005
      93  0.04938272 -0.04938272  0.07407407  0.0005
      94  0.03703704 -0.03703704  0.08641975  0.0005
      95  0.02469136 -0.02469136  0.09876543  0.0005
      96  0.01234568 -0.01234568  0.11111111  0.0005
      97  0.00000000  0.00000000  0.12345679  0.0005
      98 -0.01234568  0.01234568  0.13580247  0.0005
      99 -0.02469136  0.02469136  0.14814815  0.0005
     100 -0.03703704  0.03703704  0.16049383  0.0005
     101 -0.04938272  0.04938272  0.17283951  0.0005
     102 -0.06172840  0.06172840  0.18518519  0.0005
     103 -0.17283951  0.17283951  0.04938272  0.0005
     104 -0.16049383  0.16049383  0.03703704  0.0005
     105 -0.14814815  0.14814815  0.02469136  0.0005
     106 -0.13580247  0.13580247  0.01234568  0.0005
     107  0.12345679 -0.12345679  0.00000000  0.0005
     108  0.11111111 -0.11111111  0.01234568  0.0005
     109  0.09876543 -0.09876543  0.02469136  0.0005
     110  0.08641975 -0.08641975  0.03703704  0.0005
     111  0.07407407 -0.07407407  0.04938272  0.0005
     112  0.07407407 -0.07407407  0.07407407  0.0005
     113  0.06172840 -0.06172840  0.08641975  0.0005
     114  0.04938272 -0.04938272  0.09876543  0.0005
     115  0.03703704 -0.03703704  0.11111111  0.0005
     116  0.02469136 -0.02469136  0.12345679  0.0005
     117  0.01234568 -0.01234568  0.13580247  0.0005
     118  0.00000000  0.00000000  0.14814815  0.0005
     119 -0.01234568  0.01234568  0.16049383  0.0005
     120 -0.02469136  0.02469136  0.17283951  0.0005
     121 -0.03703704  0.03703704  0.18518519  0.0005
     122 -0.04938272  0.04938272  0.19753086  0.0005
     123 -0.18518519  0.18518519  0.03703704  0.0005
     124 -0.17283951  0.17283951  0.02469136  0.0005
     125 -0.16049383  0.16049383  0.01234568  0.0005
     126  0.14814815 -0.14814815  0.00000000  0.0005
     127  0.13580247 -0.13580247  0.01234568  0.0005
     128  0.12345679 -0.12345679  0.02469136  0.0005
     129  0.11111111 -0.11111111  0.03703704  0.0005
     130  0.09876543 -0.09876543  0.04938272  0.0005
     131  0.08641975 -0.08641975  0.06172840  0.0005
     132  0.08641975 -0.08641975  0.08641975  0.0005
     133  0.07407407 -0.07407407  0.09876543  0.0005
     134  0.06172840 -0.06172840  0.11111111  0.0005
     135  0.04938272 -0.04938272  0.12345679  0.0005
     136  0.03703704 -0.03703704  0.13580247  0.0005
     137  0.02469136 -0.02469136  0.14814815  0.0005
     138  0.01234568 -0.01234568  0.16049383  0.0005
     139  0.00000000  0.00000000  0.17283951  0.0005
     140 -0.01234568  0.01234568  0.18518519  0.0005
     141 -0.02469136  0.02469136  0.19753086  0.0005
     142 -0.03703704  0.03703704  0.20987654  0.0005
     143 -0.19753086  0.19753086  0.02469136  0.0005
     144 -0.18518519  0.18518519  0.01234568  0.0005
     145  0.17283951 -0.17283951  0.00000000  0.0005
     146  0.16049383 -0.16049383  0.01234568  0.0005
     147  0.14814815 -0.14814815  0.02469136  0.0005
     148  0.13580247 -0.13580247  0.03703704  0.0005
     149  0.12345679 -0.12345679  0.04938272  0.0005
     150  0.11111111 -0.11111111  0.06172840  0.0005
     151  0.09876543 -0.09876543  0.07407407  0.0005
     152  0.09876543 -0.09876543  0.09876543  0.0005
     153  0.08641975 -0.08641975  0.11111111  0.0005
     154  0.07407407 -0.07407407  0.12345679  0.0005
     155  0.06172840 -0.06172840  0.13580247  0.0005
     156  0.04938272 -0.04938272  0.14814815  0.0005
     157  0.03703704 -0.03703704  0.16049383  0.0005
     158  0.02469136 -0.02469136  0.17283951  0.0005
     159  0.01234568 -0.01234568  0.18518519  0.0005
     160  0.00000000  0.00000000  0.19753086  0.0005
     161 -0.01234568  0.01234568  0.20987654  0.0005
     162 -0.02469136  0.02469136  0.22222222  0.0005
     163 -0.20987654  0.20987654  0.01234568  0.0005
     164  0.19753086 -0.19753086  0.00000000  0.0005
     165  0.18518519 -0.18518519  0.01234568  0.0005
     166  0.17283951 -0.17283951  0.02469136  0.0005
     167  0.16049383 -0.16049383  0.03703704  0.0005
     168  0.14814815 -0.14814815  0.04938272  0.0005
     169  0.13580247 -0.13580247  0.06172840  0.0005
     170  0.12345679 -0.12345679  0.07407407  0.0005
     171  0.11111111 -0.11111111  0.08641975  0.0005
     172  0.11111111 -0.11111111  0.11111111  0.0005
     173  0.09876543 -0.09876543  0.12345679  0.0005
     174  0.08641975 -0.08641975  0.13580247  0.0005
     175  0.07407407 -0.07407407  0.14814815  0.0005
     176  0.06172840 -0.06172840  0.16049383  0.0005
     177  0.04938272 -0.04938272  0.17283951  0.0005
     178  0.03703704 -0.03703704  0.18518519  0.0005
     179  0.02469136 -0.02469136  0.19753086  0.0005
     180  0.01234568 -0.01234568  0.20987654  0.0005
     181  0.00000000  0.00000000  0.22222222  0.0005
     182 -0.01234568  0.01234568  0.23456790  0.0005
     183  0.22222222 -0.22222222  0.00000000  0.0005
     184  0.20987654 -0.20987654  0.01234568  0.0005
     185  0.19753086 -0.19753086  0.02469136  0.0005
     186  0.18518519 -0.18518519  0.03703704  0.0005
     187  0.17283951 -0.17283951  0.04938272  0.0005
     188  0.16049383 -0.16049383  0.06172840  0.0005
     189  0.14814815 -0.14814815  0.07407407  0.0005
     190  0.13580247 -0.13580247  0.08641975  0.0005
     191  0.12345679 -0.12345679  0.09876543  0.0005
     192  0.12345679 -0.12345679  0.12345679  0.0003
     193  0.11111111 -0.11111111  0.13580247  0.0005
     194  0.09876543 -0.09876543  0.14814815  0.0005
     195  0.08641975 -0.08641975  0.16049383  0.0005
     196  0.07407407 -0.07407407  0.17283951  0.0005
     197  0.06172840 -0.06172840  0.18518519  0.0005
     198  0.04938272 -0.04938272  0.19753086  0.0005
     199  0.03703704 -0.03703704  0.20987654  0.0005
     200  0.02469136 -0.02469136  0.22222222  0.0005
     201  0.01234568 -0.01234568  0.23456790  0.0005
     202  0.00000000  0.00000000  0.24691358  0.0003
     203  0.01234568  0.01234568 -0.01234568  0.0005
     204  0.00000000  0.02469136  0.00000000  0.0005
     205 -0.01234568  0.03703704  0.01234568  0.0005
     206 -0.02469136  0.04938272  0.02469136  0.0005
     207 -0.03703704  0.06172840  0.03703704  0.0005
     208 -0.04938272  0.07407407  0.04938272  0.0005
     209 -0.06172840  0.08641975  0.06172840  0.0005
     210 -0.07407407  0.09876543  0.07407407  0.0005
     211 -0.08641975  0.11111111  0.08641975  0.0005
     212 -0.09876543  0.12345679  0.09876543  0.0005
     213 -0.11111111  0.13580247  0.11111111  0.0005
     214 -0.12345679  0.09876543  0.12345679  0.0005
     215 -0.11111111  0.08641975  0.11111111  0.0005
     216 -0.09876543  0.07407407  0.09876543  0.0005
     217 -0.08641975  0.06172840  0.08641975  0.0005
     218 -0.07407407  0.04938272  0.07407407  0.0005
     219 -0.06172840  0.03703704  0.06172840  0.0005
     220 -0.04938272  0.02469136  0.04938272  0.0005
     221 -0.03703704  0.01234568  0.03703704  0.0005
     222 -0.02469136  0.00000000  0.02469136  0.0005
     223  0.02469136  0.00000000  0.00000000  0.0005
     224  0.01234568  0.01234568  0.01234568  0.0005
     225  0.00000000  0.02469136  0.02469136  0.0005
     226 -0.01234568  0.03703704  0.03703704  0.0005
     227 -0.02469136  0.04938272  0.04938272  0.0005
     228 -0.03703704  0.06172840  0.06172840  0.0005
     229 -0.04938272  0.07407407  0.07407407  0.0005
     230 -0.06172840  0.08641975  0.08641975  0.0005
     231 -0.07407407  0.09876543  0.09876543  0.0005
     232 -0.08641975  0.11111111  0.11111111  0.0005
     233 -0.09876543  0.12345679  0.12345679  0.0005
     234 -0.13580247  0.11111111  0.11111111  0.0005
     235 -0.12345679  0.09876543  0.09876543  0.0005
     236 -0.11111111  0.08641975  0.08641975  0.0005
     237 -0.09876543  0.07407407  0.07407407  0.0005
     238 -0.08641975  0.06172840  0.06172840  0.0005
     239 -0.07407407  0.04938272  0.04938272  0.0005
     240 -0.06172840  0.03703704  0.03703704  0.0005
     241  0.04938272 -0.02469136 -0.02469136  0.0005
     242  0.03703704 -0.01234568 -0.01234568  0.0005
     243  0.03703704 -0.01234568  0.01234568  0.0005
     244  0.02469136  0.00000000  0.02469136  0.0005
     245  0.01234568  0.01234568  0.03703704  0.0005
     246  0.00000000  0.02469136  0.04938272  0.0005
     247 -0.01234568  0.03703704  0.06172840  0.0005
     248 -0.02469136  0.04938272  0.07407407  0.0005
     249 -0.03703704  0.06172840  0.08641975  0.0005
     250 -0.04938272  0.07407407  0.09876543  0.0005
     251 -0.06172840  0.08641975  0.11111111  0.0005
     252 -0.07407407  0.09876543  0.12345679  0.0005
     253 -0.08641975  0.11111111  0.13580247  0.0005
     254 -0.14814815  0.12345679  0.09876543  0.0005
     255 -0.13580247  0.11111111  0.08641975  0.0005
     256 -0.12345679  0.09876543  0.07407407  0.0005
     257 -0.11111111  0.08641975  0.06172840  0.0005
     258 -0.09876543  0.07407407  0.04938272  0.0005
     259 -0.08641975  0.06172840  0.03703704  0.0005
     260  0.07407407 -0.04938272 -0.02469136  0.0005
     261  0.06172840 -0.03703704 -0.01234568  0.0005
     262  0.04938272 -0.02469136  0.00000000  0.0005
     263  0.04938272 -0.02469136  0.02469136  0.0005
     264  0.03703704 -0.01234568  0.03703704  0.0005
     265  0.02469136  0.00000000  0.04938272  0.0005
     266  0.01234568  0.01234568  0.06172840  0.0005
     267  0.00000000  0.02469136  0.07407407  0.0005
     268 -0.01234568  0.03703704  0.08641975  0.0005
     269 -0.02469136  0.04938272  0.09876543  0.0005
     270 -0.03703704  0.06172840  0.11111111  0.0005
     271 -0.04938272  0.07407407  0.12345679  0.0005
     272 -0.06172840  0.08641975  0.13580247  0.0005
     273 -0.07407407  0.09876543  0.14814815  0.0005
     274 -0.16049383  0.13580247  0.08641975  0.0005
     275 -0.14814815  0.12345679  0.07407407  0.0005
     276 -0.13580247  0.11111111  0.06172840  0.0005
     277 -0.12345679  0.09876543  0.04938272  0.0005
     278 -0.11111111  0.08641975  0.03703704  0.0005
     279  0.09876543 -0.07407407 -0.02469136  0.0005
     280  0.08641975 -0.06172840 -0.01234568  0.0005
     281  0.07407407 -0.04938272  0.00000000  0.0005
     282  0.06172840 -0.03703704  0.01234568  0.0005
     283  0.06172840 -0.03703704  0.03703704  0.0005
     284  0.04938272 -0.02469136  0.04938272  0.0005
     285  0.03703704 -0.01234568  0.06172840  0.0005
     286  0.02469136  0.00000000  0.07407407  0.0005
     287  0.01234568  0.01234568  0.08641975  0.0005
     288  0.00000000  0.02469136  0.09876543  0.0005
     289 -0.01234568  0.03703704  0.11111111  0.0005
     290 -0.02469136  0.04938272  0.12345679  0.0005
     291 -0.03703704  0.06172840  0.13580247  0.0005
     292 -0.04938272  0.07407407  0.14814815  0.0005
     293 -0.06172840  0.08641975  0.16049383  0.0005
     294 -0.17283951  0.14814815  0.07407407  0.0005
     295 -0.16049383  0.13580247  0.06172840  0.0005
     296 -0.14814815  0.12345679  0.04938272  0.0005
     297 -0.13580247  0.11111111  0.03703704  0.0005
     298 -0.12345679  0.09876543  0.02469136  0.0005
     299  0.11111111 -0.08641975 -0.01234568  0.0005
     300  0.09876543 -0.07407407  0.00000000  0.0005
     301  0.08641975 -0.06172840  0.01234568  0.0005
     302  0.07407407 -0.04938272  0.02469136  0.0005
     303  0.07407407 -0.04938272  0.04938272  0.0005
     304  0.06172840 -0.03703704  0.06172840  0.0005
     305  0.04938272 -0.02469136  0.07407407  0.0005
     306  0.03703704 -0.01234568  0.08641975  0.0005
     307  0.02469136  0.00000000  0.09876543  0.0005
     308  0.01234568  0.01234568  0.11111111  0.0005
     309  0.00000000  0.02469136  0.12345679  0.0005
     310 -0.01234568  0.03703704  0.13580247  0.0005
     311 -0.02469136  0.04938272  0.14814815  0.0005
     312 -0.03703704  0.06172840  0.16049383  0.0005
     313 -0.04938272  0.07407407  0.17283951  0.0005
     314 -0.18518519  0.16049383  0.06172840  0.0005
     315 -0.17283951  0.14814815  0.04938272  0.0005
     316 -0.16049383  0.13580247  0.03703704  0.0005
     317 -0.14814815  0.12345679  0.02469136  0.0005
     318  0.13580247 -0.11111111 -0.01234568  0.0005
     319  0.12345679 -0.09876543  0.00000000  0.0005
     320  0.11111111 -0.08641975  0.01234568  0.0005
     321  0.09876543 -0.07407407  0.02469136  0.0005
     322  0.08641975 -0.06172840  0.03703704  0.0005
     323  0.08641975 -0.06172840  0.06172840  0.0005
     324  0.07407407 -0.04938272  0.07407407  0.0005
     325  0.06172840 -0.03703704  0.08641975  0.0005
     326  0.04938272 -0.02469136  0.09876543  0.0005
     327  0.03703704 -0.01234568  0.11111111  0.0005
     328  0.02469136  0.00000000  0.12345679  0.0005
     329  0.01234568  0.01234568  0.13580247  0.0005
     330  0.00000000  0.02469136  0.14814815  0.0005
     331 -0.01234568  0.03703704  0.16049383  0.0005
     332 -0.02469136  0.04938272  0.17283951  0.0005
     333 -0.03703704  0.06172840  0.18518519  0.0005
     334 -0.19753086  0.17283951  0.04938272  0.0005
     335 -0.18518519  0.16049383  0.03703704  0.0005
     336  0.17283951 -0.14814815 -0.02469136  0.0005
     337  0.16049383 -0.13580247 -0.01234568  0.0005
     338  0.14814815 -0.12345679  0.00000000  0.0005
     339  0.13580247 -0.11111111  0.01234568  0.0005
     340  0.12345679 -0.09876543  0.02469136  0.0005
     341  0.11111111 -0.08641975  0.03703704  0.0005
     342  0.09876543 -0.07407407  0.04938272  0.0005
     343  0.09876543 -0.07407407  0.07407407  0.0005
     344  0.08641975 -0.06172840  0.08641975  0.0005
     345  0.07407407 -0.04938272  0.09876543  0.0005
     346  0.06172840 -0.03703704  0.11111111  0.0005
     347  0.04938272 -0.02469136  0.12345679  0.0005
     348  0.03703704 -0.01234568  0.13580247  0.0005
     349  0.02469136  0.00000000  0.14814815  0.0005
     350  0.01234568  0.01234568  0.16049383  0.0005
     351  0.00000000  0.02469136  0.17283951  0.0005
     352 -0.01234568  0.03703704  0.18518519  0.0005
     353 -0.02469136  0.04938272  0.19753086  0.0005
     354 -0.20987654  0.18518519  0.03703704  0.0005
     355 -0.19753086  0.17283951  0.02469136  0.0005
     356  0.18518519 -0.16049383 -0.01234568  0.0005
     357  0.17283951 -0.14814815  0.00000000  0.0005
     358  0.16049383 -0.13580247  0.01234568  0.0005
     359  0.14814815 -0.12345679  0.02469136  0.0005
     360  0.13580247 -0.11111111  0.03703704  0.0005
     361  0.12345679 -0.09876543  0.04938272  0.0005
     362  0.11111111 -0.08641975  0.06172840  0.0005
     363  0.11111111 -0.08641975  0.08641975  0.0005
     364  0.09876543 -0.07407407  0.09876543  0.0005
     365  0.08641975 -0.06172840  0.11111111  0.0005
     366  0.07407407 -0.04938272  0.12345679  0.0005
     367  0.06172840 -0.03703704  0.13580247  0.0005
     368  0.04938272 -0.02469136  0.14814815  0.0005
     369  0.03703704 -0.01234568  0.16049383  0.0005
     370  0.02469136  0.00000000  0.17283951  0.0005
     371  0.01234568  0.01234568  0.18518519  0.0005
     372  0.00000000  0.02469136  0.19753086  0.0005
     373 -0.01234568  0.03703704  0.20987654  0.0005
     374 -0.22222222  0.19753086  0.02469136  0.0005
     375  0.20987654 -0.18518519 -0.01234568  0.0005
     376  0.19753086 -0.17283951  0.00000000  0.0005
     377  0.18518519 -0.16049383  0.01234568  0.0005
     378  0.17283951 -0.14814815  0.02469136  0.0005
     379  0.16049383 -0.13580247  0.03703704  0.0005
     380  0.14814815 -0.12345679  0.04938272  0.0005
     381  0.13580247 -0.11111111  0.06172840  0.0005
     382  0.12345679 -0.09876543  0.07407407  0.0005
     383  0.12345679 -0.09876543  0.09876543  0.0005
     384  0.11111111 -0.08641975  0.11111111  0.0005
     385  0.09876543 -0.07407407  0.12345679  0.0005
     386  0.08641975 -0.06172840  0.13580247  0.0005
     387  0.07407407 -0.04938272  0.14814815  0.0005
     388  0.06172840 -0.03703704  0.16049383  0.0005
     389  0.04938272 -0.02469136  0.17283951  0.0005
     390  0.03703704 -0.01234568  0.18518519  0.0005
     391  0.02469136  0.00000000  0.19753086  0.0005
     392  0.01234568  0.01234568  0.20987654  0.0005
     393  0.00000000  0.02469136  0.22222222  0.0005
     394  0.23456790 -0.20987654 -0.01234568  0.0005
     395  0.22222222 -0.19753086  0.00000000  0.0005
     396  0.20987654 -0.18518519  0.01234568  0.0005
     397  0.19753086 -0.17283951  0.02469136  0.0005
     398  0.18518519 -0.16049383  0.03703704  0.0005
     399  0.17283951 -0.14814815  0.04938272  0.0005
     400  0.16049383 -0.13580247  0.06172840  0.0005
     401  0.14814815 -0.12345679  0.07407407  0.0005
     402  0.13580247 -0.11111111  0.08641975  0.0005
     403  0.13580247 -0.11111111  0.11111111  0.0005
     404  0.12345679 -0.09876543  0.12345679  0.0005
     405  0.11111111 -0.08641975  0.13580247  0.0005
     406  0.09876543 -0.07407407  0.14814815  0.0005
     407  0.08641975 -0.06172840  0.16049383  0.0005
     408  0.07407407 -0.04938272  0.17283951  0.0005
     409  0.06172840 -0.03703704  0.18518519  0.0005
     410  0.04938272 -0.02469136  0.19753086  0.0005
     411  0.03703704 -0.01234568  0.20987654  0.0005
     412  0.02469136  0.00000000  0.22222222  0.0005
     413  0.01234568  0.01234568  0.23456790  0.0005
     414  0.00000000 -0.02469136  0.24691358  0.0005
     415  0.01234568 -0.03703704  0.23456790  0.0005
     416  0.02469136 -0.04938272  0.22222222  0.0005
     417  0.03703704 -0.06172840  0.20987654  0.0005
     418  0.04938272 -0.07407407  0.19753086  0.0005
     419  0.06172840 -0.08641975  0.18518519  0.0005
     420  0.07407407 -0.09876543  0.17283951  0.0005
     421  0.08641975 -0.11111111  0.16049383  0.0005
     422  0.14814815 -0.12345679  0.09876543  0.0005
     423  0.09876543 -0.12345679  0.12345679  0.0005
     424  0.11111111 -0.13580247  0.11111111  0.0005
     425  0.12345679 -0.14814815  0.09876543  0.0005
     426  0.13580247 -0.16049383  0.08641975  0.0005
     427  0.14814815 -0.17283951  0.07407407  0.0005
     428  0.16049383 -0.18518519  0.06172840  0.0005
     429  0.17283951 -0.19753086  0.04938272  0.0005
     430  0.18518519 -0.20987654  0.03703704  0.0005
     431 -0.19753086  0.22222222 -0.02469136  0.0005
     432 -0.20987654  0.23456790 -0.01234568  0.0005
     433 -0.02469136  0.00000000  0.24691358  0.0005
     434 -0.01234568 -0.01234568  0.23456790  0.0005
     435  0.00000000 -0.02469136  0.22222222  0.0005
     436  0.01234568 -0.03703704  0.20987654  0.0005
     437  0.02469136 -0.04938272  0.19753086  0.0005
     438  0.03703704 -0.06172840  0.18518519  0.0005
     439  0.04938272 -0.07407407  0.17283951  0.0005
     440  0.06172840 -0.08641975  0.16049383  0.0005
     441  0.07407407 -0.09876543  0.14814815  0.0005
     442  0.08641975 -0.11111111  0.13580247  0.0005
     443  0.08641975 -0.11111111  0.11111111  0.0005
     444  0.09876543 -0.12345679  0.09876543  0.0005
     445  0.11111111 -0.13580247  0.08641975  0.0005
     446  0.12345679 -0.14814815  0.07407407  0.0005
     447  0.13580247 -0.16049383  0.06172840  0.0005
     448  0.14814815 -0.17283951  0.04938272  0.0005
     449  0.16049383 -0.18518519  0.03703704  0.0005
     450  0.17283951 -0.19753086  0.02469136  0.0005
     451 -0.18518519  0.20987654 -0.01234568  0.0005
     452 -0.19753086  0.22222222  0.00000000  0.0005
     453 -0.03703704  0.01234568  0.23456790  0.0005
     454 -0.02469136  0.00000000  0.22222222  0.0005
     455 -0.01234568 -0.01234568  0.20987654  0.0005
     456  0.00000000 -0.02469136  0.19753086  0.0005
     457  0.01234568 -0.03703704  0.18518519  0.0005
     458  0.02469136 -0.04938272  0.17283951  0.0005
     459  0.03703704 -0.06172840  0.16049383  0.0005
     460  0.04938272 -0.07407407  0.14814815  0.0005
     461  0.06172840 -0.08641975  0.13580247  0.0005
     462  0.07407407 -0.09876543  0.12345679  0.0005
     463  0.07407407 -0.09876543  0.09876543  0.0005
     464  0.08641975 -0.11111111  0.08641975  0.0005
     465  0.09876543 -0.12345679  0.07407407  0.0005
     466  0.11111111 -0.13580247  0.06172840  0.0005
     467  0.12345679 -0.14814815  0.04938272  0.0005
     468  0.13580247 -0.16049383  0.03703704  0.0005
     469 -0.14814815  0.17283951 -0.02469136  0.0005
     470 -0.16049383  0.18518519 -0.01234568  0.0005
     471 -0.17283951  0.19753086  0.00000000  0.0005
     472 -0.18518519  0.20987654  0.01234568  0.0005
     473 -0.04938272  0.02469136  0.22222222  0.0005
     474 -0.03703704  0.01234568  0.20987654  0.0005
     475 -0.02469136  0.00000000  0.19753086  0.0005
     476 -0.01234568 -0.01234568  0.18518519  0.0005
     477  0.00000000 -0.02469136  0.17283951  0.0005
     478  0.01234568 -0.03703704  0.16049383  0.0005
     479  0.02469136 -0.04938272  0.14814815  0.0005
     480  0.03703704 -0.06172840  0.13580247  0.0005
     481  0.04938272 -0.07407407  0.12345679  0.0005
     482  0.06172840 -0.08641975  0.11111111  0.0005
     483  0.06172840 -0.08641975  0.08641975  0.0005
     484  0.07407407 -0.09876543  0.07407407  0.0005
     485  0.08641975 -0.11111111  0.06172840  0.0005
     486  0.09876543 -0.12345679  0.04938272  0.0005
     487  0.11111111 -0.13580247  0.03703704  0.0005
     488  0.12345679 -0.14814815  0.02469136  0.0005
     489 -0.13580247  0.16049383 -0.01234568  0.0005
     490 -0.14814815  0.17283951  0.00000000  0.0005
     491 -0.16049383  0.18518519  0.01234568  0.0005
     492 -0.17283951  0.19753086  0.02469136  0.0005
     493 -0.06172840  0.03703704  0.20987654  0.0005
     494 -0.04938272  0.02469136  0.19753086  0.0005
     495 -0.03703704  0.01234568  0.18518519  0.0005
     496 -0.02469136  0.00000000  0.17283951  0.0005
     497 -0.01234568 -0.01234568  0.16049383  0.0005
     498  0.00000000 -0.02469136  0.14814815  0.0005
     499  0.01234568 -0.03703704  0.13580247  0.0005
     500  0.02469136 -0.04938272  0.12345679  0.0005
     501  0.03703704 -0.06172840  0.11111111  0.0005
     502  0.04938272 -0.07407407  0.09876543  0.0005
     503  0.04938272 -0.07407407  0.07407407  0.0005
     504  0.06172840 -0.08641975  0.06172840  0.0005
     505  0.07407407 -0.09876543  0.04938272  0.0005
     506  0.08641975 -0.11111111  0.03703704  0.0005
     507  0.09876543 -0.12345679  0.02469136  0.0005
     508 -0.11111111  0.13580247 -0.01234568  0.0005
     509 -0.12345679  0.14814815  0.00000000  0.0005
     510 -0.13580247  0.16049383  0.01234568  0.0005
     511 -0.14814815  0.17283951  0.02469136  0.0005
     512 -0.16049383  0.18518519  0.03703704  0.0005
     513 -0.07407407  0.04938272  0.19753086  0.0005
     514 -0.06172840  0.03703704  0.18518519  0.0005
     515 -0.04938272  0.02469136  0.17283951  0.0005
     516 -0.03703704  0.01234568  0.16049383  0.0005
     517 -0.02469136  0.00000000  0.14814815  0.0005
     518 -0.01234568 -0.01234568  0.13580247  0.0005
     519  0.00000000 -0.02469136  0.12345679  0.0005
     520  0.01234568 -0.03703704  0.11111111  0.0005
     521  0.02469136 -0.04938272  0.09876543  0.0005
     522  0.03703704 -0.06172840  0.08641975  0.0005
     523  0.03703704 -0.06172840  0.06172840  0.0005
     524  0.04938272 -0.07407407  0.04938272  0.0005
     525  0.06172840 -0.08641975  0.03703704  0.0005
     526 -0.07407407  0.09876543 -0.02469136  0.0005
     527 -0.08641975  0.11111111 -0.01234568  0.0005
     528 -0.09876543  0.12345679  0.00000000  0.0005
     529 -0.11111111  0.13580247  0.01234568  0.0005
     530 -0.12345679  0.14814815  0.02469136  0.0005
     531 -0.13580247  0.16049383  0.03703704  0.0005
     532 -0.14814815  0.17283951  0.04938272  0.0005
     533 -0.08641975  0.06172840  0.18518519  0.0005
     534 -0.07407407  0.04938272  0.17283951  0.0005
     535 -0.06172840  0.03703704  0.16049383  0.0005
     536 -0.04938272  0.02469136  0.14814815  0.0005
     537 -0.03703704  0.01234568  0.13580247  0.0005
     538 -0.02469136  0.00000000  0.12345679  0.0005
     539 -0.01234568 -0.01234568  0.11111111  0.0005
     540  0.00000000 -0.02469136  0.09876543  0.0005
     541  0.01234568 -0.03703704  0.08641975  0.0005
     542  0.02469136 -0.04938272  0.07407407  0.0005
     543  0.02469136 -0.04938272  0.04938272  0.0005
     544  0.03703704 -0.06172840  0.03703704  0.0005
     545 -0.04938272  0.07407407 -0.02469136  0.0005
     546 -0.06172840  0.08641975 -0.01234568  0.0005
     547 -0.07407407  0.09876543  0.00000000  0.0005
     548 -0.08641975  0.11111111  0.01234568  0.0005
     549 -0.09876543  0.12345679  0.02469136  0.0005
     550 -0.11111111  0.13580247  0.03703704  0.0005
     551 -0.12345679  0.14814815  0.04938272  0.0005
     552 -0.13580247  0.16049383  0.06172840  0.0005
     553 -0.09876543  0.07407407  0.17283951  0.0005
     554 -0.08641975  0.06172840  0.16049383  0.0005
     555 -0.07407407  0.04938272  0.14814815  0.0005
     556 -0.06172840  0.03703704  0.13580247  0.0005
     557 -0.04938272  0.02469136  0.12345679  0.0005
     558 -0.03703704  0.01234568  0.11111111  0.0005
     559 -0.02469136  0.00000000  0.09876543  0.0005
     560 -0.01234568 -0.01234568  0.08641975  0.0005
     561  0.00000000 -0.02469136  0.07407407  0.0005
     562  0.01234568 -0.03703704  0.06172840  0.0005
     563  0.01234568 -0.03703704  0.03703704  0.0005
     564 -0.02469136  0.04938272 -0.02469136  0.0005
     565 -0.03703704  0.06172840 -0.01234568  0.0005
     566 -0.04938272  0.07407407  0.00000000  0.0005
     567 -0.06172840  0.08641975  0.01234568  0.0005
     568 -0.07407407  0.09876543  0.02469136  0.0005
     569 -0.08641975  0.11111111  0.03703704  0.0005
     570 -0.09876543  0.12345679  0.04938272  0.0005
     571 -0.11111111  0.13580247  0.06172840  0.0005
     572 -0.12345679  0.14814815  0.07407407  0.0005
     573 -0.11111111  0.08641975  0.16049383  0.0005
     574 -0.09876543  0.07407407  0.14814815  0.0005
     575 -0.08641975  0.06172840  0.13580247  0.0005
     576 -0.07407407  0.04938272  0.12345679  0.0005
     577 -0.06172840  0.03703704  0.11111111  0.0005
     578 -0.04938272  0.02469136  0.09876543  0.0005
     579 -0.03703704  0.01234568  0.08641975  0.0005
     580 -0.02469136  0.00000000  0.07407407  0.0005
     581 -0.01234568 -0.01234568  0.06172840  0.0005
     582  0.00000000 -0.02469136  0.04938272  0.0005
     583  0.00000000 -0.02469136  0.02469136  0.0005
     584 -0.01234568  0.03703704 -0.01234568  0.0005
     585 -0.02469136  0.04938272  0.00000000  0.0005
     586 -0.03703704  0.06172840  0.01234568  0.0005
     587 -0.04938272  0.07407407  0.02469136  0.0005
     588 -0.06172840  0.08641975  0.03703704  0.0005
     589 -0.07407407  0.09876543  0.04938272  0.0005
     590 -0.08641975  0.11111111  0.06172840  0.0005
     591 -0.09876543  0.12345679  0.07407407  0.0005
     592 -0.11111111  0.13580247  0.08641975  0.0005
     593 -0.12345679  0.14814815  0.09876543  0.0005
     594 -0.11111111  0.08641975  0.13580247  0.0005
     595 -0.09876543  0.07407407  0.12345679  0.0005
     596 -0.08641975  0.06172840  0.11111111  0.0005
     597 -0.07407407  0.04938272  0.09876543  0.0005
     598 -0.06172840  0.03703704  0.08641975  0.0005
     599 -0.04938272  0.02469136  0.07407407  0.0005
     600 -0.03703704  0.01234568  0.06172840  0.0005
     601 -0.02469136  0.00000000  0.04938272  0.0005
     602 -0.01234568 -0.01234568  0.03703704  0.0005
     603  0.02469136  0.02469136 -0.02469136  0.0005
     604  0.01234568  0.03703704 -0.01234568  0.0005
     605  0.00000000  0.04938272  0.00000000  0.0005
     606 -0.01234568  0.06172840  0.01234568  0.0005
     607 -0.02469136  0.07407407  0.02469136  0.0005
     608 -0.03703704  0.08641975  0.03703704  0.0005
     609 -0.04938272  0.09876543  0.04938272  0.0005
     610 -0.06172840  0.11111111  0.06172840  0.0005
     611 -0.07407407  0.12345679  0.07407407  0.0005
     612 -0.08641975  0.13580247  0.08641975  0.0005
     613 -0.09876543  0.14814815  0.09876543  0.0005
     614 -0.13580247  0.08641975  0.13580247  0.0005
     615 -0.12345679  0.07407407  0.12345679  0.0005
     616 -0.11111111  0.06172840  0.11111111  0.0005
     617 -0.09876543  0.04938272  0.09876543  0.0005
     618 -0.08641975  0.03703704  0.08641975  0.0005
     619 -0.07407407  0.02469136  0.07407407  0.0005
     620 -0.06172840  0.01234568  0.06172840  0.0005
     621  0.04938272  0.00000000 -0.04938272  0.0005
     622  0.03703704  0.01234568 -0.03703704  0.0005
     623  0.03703704  0.01234568 -0.01234568  0.0005
     624  0.02469136  0.02469136  0.00000000  0.0005
     625  0.01234568  0.03703704  0.01234568  0.0005
     626  0.00000000  0.04938272  0.02469136  0.0005
     627 -0.01234568  0.06172840  0.03703704  0.0005
     628 -0.02469136  0.07407407  0.04938272  0.0005
     629 -0.03703704  0.08641975  0.06172840  0.0005
     630 -0.04938272  0.09876543  0.07407407  0.0005
     631 -0.06172840  0.11111111  0.08641975  0.0005
     632 -0.07407407  0.12345679  0.09876543  0.0005
     633 -0.08641975  0.13580247  0.11111111  0.0005
     634 -0.14814815  0.09876543  0.12345679  0.0005
     635 -0.13580247  0.08641975  0.11111111  0.0005
     636 -0.12345679  0.07407407  0.09876543  0.0005
     637 -0.11111111  0.06172840  0.08641975  0.0005
     638 -0.09876543  0.04938272  0.07407407  0.0005
     639 -0.08641975  0.03703704  0.06172840  0.0005
     640  0.07407407 -0.02469136 -0.04938272  0.0005
     641  0.06172840 -0.01234568 -0.03703704  0.0005
     642  0.04938272  0.00000000 -0.02469136  0.0005
     643  0.04938272  0.00000000  0.00000000  0.0005
     644  0.03703704  0.01234568  0.01234568  0.0005
     645  0.02469136  0.02469136  0.02469136  0.0005
     646  0.01234568  0.03703704  0.03703704  0.0005
     647  0.00000000  0.04938272  0.04938272  0.0005
     648 -0.01234568  0.06172840  0.06172840  0.0005
     649 -0.02469136  0.07407407  0.07407407  0.0005
     650 -0.03703704  0.08641975  0.08641975  0.0005
     651 -0.04938272  0.09876543  0.09876543  0.0005
     652 -0.06172840  0.11111111  0.11111111  0.0005
     653 -0.07407407  0.12345679  0.12345679  0.0005
     654 -0.16049383  0.11111111  0.11111111  0.0005
     655 -0.14814815  0.09876543  0.09876543  0.0005
     656 -0.13580247  0.08641975  0.08641975  0.0005
     657 -0.12345679  0.07407407  0.07407407  0.0005
     658 -0.11111111  0.06172840  0.06172840  0.0005
     659  0.09876543 -0.04938272 -0.04938272  0.0005
     660  0.08641975 -0.03703704 -0.03703704  0.0005
     661  0.07407407 -0.02469136 -0.02469136  0.0005
     662  0.06172840 -0.01234568 -0.01234568  0.0005
     663  0.06172840 -0.01234568  0.01234568  0.0005
     664  0.04938272  0.00000000  0.02469136  0.0005
     665  0.03703704  0.01234568  0.03703704  0.0005
     666  0.02469136  0.02469136  0.04938272  0.0005
     667  0.01234568  0.03703704  0.06172840  0.0005
     668  0.00000000  0.04938272  0.07407407  0.0005
     669 -0.01234568  0.06172840  0.08641975  0.0005
     670 -0.02469136  0.07407407  0.09876543  0.0005
     671 -0.03703704  0.08641975  0.11111111  0.0005
     672 -0.04938272  0.09876543  0.12345679  0.0005
     673 -0.06172840  0.11111111  0.13580247  0.0005
     674 -0.17283951  0.12345679  0.09876543  0.0005
     675 -0.16049383  0.11111111  0.08641975  0.0005
     676 -0.14814815  0.09876543  0.07407407  0.0005
     677 -0.13580247  0.08641975  0.06172840  0.0005
     678  0.12345679 -0.07407407 -0.04938272  0.0005
     679  0.11111111 -0.06172840 -0.03703704  0.0005
     680  0.09876543 -0.04938272 -0.02469136  0.0005
     681  0.08641975 -0.03703704 -0.01234568  0.0005
     682  0.07407407 -0.02469136  0.00000000  0.0005
     683  0.07407407 -0.02469136  0.02469136  0.0005
     684  0.06172840 -0.01234568  0.03703704  0.0005
     685  0.04938272  0.00000000  0.04938272  0.0005
     686  0.03703704  0.01234568  0.06172840  0.0005
     687  0.02469136  0.02469136  0.07407407  0.0005
     688  0.01234568  0.03703704  0.08641975  0.0005
     689  0.00000000  0.04938272  0.09876543  0.0005
     690 -0.01234568  0.06172840  0.11111111  0.0005
     691 -0.02469136  0.07407407  0.12345679  0.0005
     692 -0.03703704  0.08641975  0.13580247  0.0005
     693 -0.04938272  0.09876543  0.14814815  0.0005
     694 -0.18518519  0.13580247  0.08641975  0.0005
     695 -0.17283951  0.12345679  0.07407407  0.0005
     696 -0.16049383  0.11111111  0.06172840  0.0005
     697 -0.14814815  0.09876543  0.04938272  0.0005
     698  0.13580247 -0.08641975 -0.03703704  0.0005
     699  0.12345679 -0.07407407 -0.02469136  0.0005
     700  0.11111111 -0.06172840 -0.01234568  0.0005
     701  0.09876543 -0.04938272  0.00000000  0.0005
     702  0.08641975 -0.03703704  0.01234568  0.0005
     703  0.08641975 -0.03703704  0.03703704  0.0005
     704  0.07407407 -0.02469136  0.04938272  0.0005
     705  0.06172840 -0.01234568  0.06172840  0.0005
     706  0.04938272  0.00000000  0.07407407  0.0005
     707  0.03703704  0.01234568  0.08641975  0.0005
     708  0.02469136  0.02469136  0.09876543  0.0005
     709  0.01234568  0.03703704  0.11111111  0.0005
     710  0.00000000  0.04938272  0.12345679  0.0005
     711 -0.01234568  0.06172840  0.13580247  0.0005
     712 -0.02469136  0.07407407  0.14814815  0.0005
     713 -0.03703704  0.08641975  0.16049383  0.0005
     714 -0.19753086  0.14814815  0.07407407  0.0005
     715 -0.18518519  0.13580247  0.06172840  0.0005
     716  0.17283951 -0.12345679 -0.04938272  0.0005
     717  0.16049383 -0.11111111 -0.03703704  0.0005
     718  0.14814815 -0.09876543 -0.02469136  0.0005
     719  0.13580247 -0.08641975 -0.01234568  0.0005
     720  0.12345679 -0.07407407  0.00000000  0.0005
     721  0.11111111 -0.06172840  0.01234568  0.0005
     722  0.09876543 -0.04938272  0.02469136  0.0005
     723  0.09876543 -0.04938272  0.04938272  0.0005
     724  0.08641975 -0.03703704  0.06172840  0.0005
     725  0.07407407 -0.02469136  0.07407407  0.0005
     726  0.06172840 -0.01234568  0.08641975  0.0005
     727  0.04938272  0.00000000  0.09876543  0.0005
     728  0.03703704  0.01234568  0.11111111  0.0005
     729  0.02469136  0.02469136  0.12345679  0.0005
     730  0.01234568  0.03703704  0.13580247  0.0005
     731  0.00000000  0.04938272  0.14814815  0.0005
     732 -0.01234568  0.06172840  0.16049383  0.0005
     733 -0.02469136  0.07407407  0.17283951  0.0005
     734 -0.20987654  0.16049383  0.06172840  0.0005
     735  0.19753086 -0.14814815 -0.04938272  0.0005
     736  0.18518519 -0.13580247 -0.03703704  0.0005
     737  0.17283951 -0.12345679 -0.02469136  0.0005
     738  0.16049383 -0.11111111 -0.01234568  0.0005
     739  0.14814815 -0.09876543  0.00000000  0.0005
     740  0.13580247 -0.08641975  0.01234568  0.0005
     741  0.12345679 -0.07407407  0.02469136  0.0005
     742  0.11111111 -0.06172840  0.03703704  0.0005
     743  0.11111111 -0.06172840  0.06172840  0.0005
     744  0.09876543 -0.04938272  0.07407407  0.0005
     745  0.08641975 -0.03703704  0.08641975  0.0005
     746  0.07407407 -0.02469136  0.09876543  0.0005
     747  0.06172840 -0.01234568  0.11111111  0.0005
     748  0.04938272  0.00000000  0.12345679  0.0005
     749  0.03703704  0.01234568  0.13580247  0.0005
     750  0.02469136  0.02469136  0.14814815  0.0005
     751  0.01234568  0.03703704  0.16049383  0.0005
     752  0.00000000  0.04938272  0.17283951  0.0005
     753 -0.01234568  0.06172840  0.18518519  0.0005
     754  0.22222222 -0.17283951 -0.04938272  0.0005
     755  0.20987654 -0.16049383 -0.03703704  0.0005
     756  0.19753086 -0.14814815 -0.02469136  0.0005
     757  0.18518519 -0.13580247 -0.01234568  0.0005
     758  0.17283951 -0.12345679  0.00000000  0.0005
     759  0.16049383 -0.11111111  0.01234568  0.0005
     760  0.14814815 -0.09876543  0.02469136  0.0005
     761  0.13580247 -0.08641975  0.03703704  0.0005
     762  0.12345679 -0.07407407  0.04938272  0.0005
     763  0.12345679 -0.07407407  0.07407407  0.0005
     764  0.11111111 -0.06172840  0.08641975  0.0005
     765  0.09876543 -0.04938272  0.09876543  0.0005
     766  0.08641975 -0.03703704  0.11111111  0.0005
     767  0.07407407 -0.02469136  0.12345679  0.0005
     768  0.06172840 -0.01234568  0.13580247  0.0005
     769  0.04938272  0.00000000  0.14814815  0.0005
     770  0.03703704  0.01234568  0.16049383  0.0005
     771  0.02469136  0.02469136  0.17283951  0.0005
     772  0.01234568  0.03703704  0.18518519  0.0005
     773  0.00000000  0.04938272  0.19753086  0.0005
     774  0.23456790 -0.18518519 -0.03703704  0.0005
     775  0.22222222 -0.17283951 -0.02469136  0.0005
     776  0.20987654 -0.16049383 -0.01234568  0.0005
     777  0.19753086 -0.14814815  0.00000000  0.0005
     778  0.18518519 -0.13580247  0.01234568  0.0005
     779  0.17283951 -0.12345679  0.02469136  0.0005
     780  0.16049383 -0.11111111  0.03703704  0.0005
     781  0.14814815 -0.09876543  0.04938272  0.0005
     782  0.13580247 -0.08641975  0.06172840  0.0005
     783  0.13580247 -0.08641975  0.08641975  0.0005
     784  0.12345679 -0.07407407  0.09876543  0.0005
     785  0.11111111 -0.06172840  0.11111111  0.0005
     786  0.09876543 -0.04938272  0.12345679  0.0005
     787  0.08641975 -0.03703704  0.13580247  0.0005
     788  0.07407407 -0.02469136  0.14814815  0.0005
     789  0.06172840 -0.01234568  0.16049383  0.0005
     790  0.04938272  0.00000000  0.17283951  0.0005
     791  0.03703704  0.01234568  0.18518519  0.0005
     792  0.02469136  0.02469136  0.19753086  0.0005
     793  0.01234568  0.03703704  0.20987654  0.0005
     794  0.24691358 -0.19753086 -0.02469136  0.0005
     795  0.23456790 -0.18518519 -0.01234568  0.0005
     796  0.22222222 -0.17283951  0.00000000  0.0005
     797  0.20987654 -0.16049383  0.01234568  0.0005
     798  0.19753086 -0.14814815  0.02469136  0.0005
     799  0.18518519 -0.13580247  0.03703704  0.0005
     800  0.17283951 -0.12345679  0.04938272  0.0005
     801  0.16049383 -0.11111111  0.06172840  0.0005
     802  0.14814815 -0.09876543  0.07407407  0.0005
     803  0.14814815 -0.09876543  0.09876543  0.0005
     804  0.13580247 -0.08641975  0.11111111  0.0005
     805  0.12345679 -0.07407407  0.12345679  0.0005
     806  0.11111111 -0.06172840  0.13580247  0.0005
     807  0.09876543 -0.04938272  0.14814815  0.0005
     808  0.08641975 -0.03703704  0.16049383  0.0005
     809  0.07407407 -0.02469136  0.17283951  0.0005
     810  0.06172840 -0.01234568  0.18518519  0.0005
     811  0.04938272  0.00000000  0.19753086  0.0005
     812  0.03703704  0.01234568  0.20987654  0.0005
     813  0.02469136  0.02469136  0.22222222  0.0005
     814 -0.01234568 -0.03703704  0.25925926  0.0005
     815  0.00000000 -0.04938272  0.24691358  0.0005
     816  0.01234568 -0.06172840  0.23456790  0.0005
     817  0.02469136 -0.07407407  0.22222222  0.0005
     818  0.03703704 -0.08641975  0.20987654  0.0005
     819  0.04938272 -0.09876543  0.19753086  0.0005
     820  0.06172840 -0.11111111  0.18518519  0.0005
     821  0.17283951 -0.12345679  0.07407407  0.0005
     822  0.16049383 -0.11111111  0.08641975  0.0005
     823  0.08641975 -0.13580247  0.13580247  0.0005
     824  0.09876543 -0.14814815  0.12345679  0.0005
     825  0.11111111 -0.16049383  0.11111111  0.0005
     826  0.12345679 -0.17283951  0.09876543  0.0005
     827  0.13580247 -0.18518519  0.08641975  0.0005
     828  0.14814815 -0.19753086  0.07407407  0.0005
     829  0.16049383 -0.20987654  0.06172840  0.0005
     830  0.17283951 -0.22222222  0.04938272  0.0005
     831 -0.18518519  0.23456790 -0.03703704  0.0005
     832 -0.19753086  0.24691358 -0.02469136  0.0005
     833 -0.03703704 -0.01234568  0.25925926  0.0005
     834 -0.02469136 -0.02469136  0.24691358  0.0005
     835 -0.01234568 -0.03703704  0.23456790  0.0005
     836  0.00000000 -0.04938272  0.22222222  0.0005
     837  0.01234568 -0.06172840  0.20987654  0.0005
     838  0.02469136 -0.07407407  0.19753086  0.0005
     839  0.03703704 -0.08641975  0.18518519  0.0005
     840  0.04938272 -0.09876543  0.17283951  0.0005
     841  0.06172840 -0.11111111  0.16049383  0.0005
     842  0.07407407 -0.12345679  0.14814815  0.0005
     843  0.07407407 -0.12345679  0.12345679  0.0005
     844  0.08641975 -0.13580247  0.11111111  0.0005
     845  0.09876543 -0.14814815  0.09876543  0.0005
     846  0.11111111 -0.16049383  0.08641975  0.0005
     847  0.12345679 -0.17283951  0.07407407  0.0005
     848  0.13580247 -0.18518519  0.06172840  0.0005
     849 -0.14814815  0.19753086 -0.04938272  0.0005
     850 -0.16049383  0.20987654 -0.03703704  0.0005
     851 -0.17283951  0.22222222 -0.02469136  0.0005
     852 -0.18518519  0.23456790 -0.01234568  0.0005
     853 -0.04938272  0.00000000  0.24691358  0.0005
     854 -0.03703704 -0.01234568  0.23456790  0.0005
     855 -0.02469136 -0.02469136  0.22222222  0.0005
     856 -0.01234568 -0.03703704  0.20987654  0.0005
     857  0.00000000 -0.04938272  0.19753086  0.0005
     858  0.01234568 -0.06172840  0.18518519  0.0005
     859  0.02469136 -0.07407407  0.17283951  0.0005
     860  0.03703704 -0.08641975  0.16049383  0.0005
     861  0.04938272 -0.09876543  0.14814815  0.0005
     862  0.06172840 -0.11111111  0.13580247  0.0005
     863  0.06172840 -0.11111111  0.11111111  0.0005
     864  0.07407407 -0.12345679  0.09876543  0.0005
     865  0.08641975 -0.13580247  0.08641975  0.0005
     866  0.09876543 -0.14814815  0.07407407  0.0005
     867  0.11111111 -0.16049383  0.06172840  0.0005
     868  0.12345679 -0.17283951  0.04938272  0.0005
     869 -0.13580247  0.18518519 -0.03703704  0.0005
     870 -0.14814815  0.19753086 -0.02469136  0.0005
     871 -0.16049383  0.20987654 -0.01234568  0.0005
     872 -0.17283951  0.22222222  0.00000000  0.0005
     873 -0.06172840  0.01234568  0.23456790  0.0005
     874 -0.04938272  0.00000000  0.22222222  0.0005
     875 -0.03703704 -0.01234568  0.20987654  0.0005
     876 -0.02469136 -0.02469136  0.19753086  0.0005
     877 -0.01234568 -0.03703704  0.18518519  0.0005
     878  0.00000000 -0.04938272  0.17283951  0.0005
     879  0.01234568 -0.06172840  0.16049383  0.0005
     880  0.02469136 -0.07407407  0.14814815  0.0005
     881  0.03703704 -0.08641975  0.13580247  0.0005
     882  0.04938272 -0.09876543  0.12345679  0.0005
     883  0.04938272 -0.09876543  0.09876543  0.0005
     884  0.06172840 -0.11111111  0.08641975  0.0005
     885  0.07407407 -0.12345679  0.07407407  0.0005
     886  0.08641975 -0.13580247  0.06172840  0.0005
     887  0.09876543 -0.14814815  0.04938272  0.0005
     888 -0.11111111  0.16049383 -0.03703704  0.0005
     889 -0.12345679  0.17283951 -0.02469136  0.0005
     890 -0.13580247  0.18518519 -0.01234568  0.0005
     891 -0.14814815  0.19753086  0.00000000  0.0005
     892 -0.16049383  0.20987654  0.01234568  0.0005
     893 -0.07407407  0.02469136  0.22222222  0.0005
     894 -0.06172840  0.01234568  0.20987654  0.0005
     895 -0.04938272  0.00000000  0.19753086  0.0005
     896 -0.03703704 -0.01234568  0.18518519  0.0005
     897 -0.02469136 -0.02469136  0.17283951  0.0005
     898 -0.01234568 -0.03703704  0.16049383  0.0005
     899  0.00000000 -0.04938272  0.14814815  0.0005
     900  0.01234568 -0.06172840  0.13580247  0.0005
     901  0.02469136 -0.07407407  0.12345679  0.0005
     902  0.03703704 -0.08641975  0.11111111  0.0005
     903  0.03703704 -0.08641975  0.08641975  0.0005
     904  0.04938272 -0.09876543  0.07407407  0.0005
     905  0.06172840 -0.11111111  0.06172840  0.0005
     906 -0.07407407  0.12345679 -0.04938272  0.0005
     907 -0.08641975  0.13580247 -0.03703704  0.0005
     908 -0.09876543  0.14814815 -0.02469136  0.0005
     909 -0.11111111  0.16049383 -0.01234568  0.0005
     910 -0.12345679  0.17283951  0.00000000  0.0005
     911 -0.13580247  0.18518519  0.01234568  0.0005
     912 -0.14814815  0.19753086  0.02469136  0.0005
     913 -0.08641975  0.03703704  0.20987654  0.0005
     914 -0.07407407  0.02469136  0.19753086  0.0005
     915 -0.06172840  0.01234568  0.18518519  0.0005
     916 -0.04938272  0.00000000  0.17283951  0.0005
     917 -0.03703704 -0.01234568  0.16049383  0.0005
     918 -0.02469136 -0.02469136  0.14814815  0.0005
     919 -0.01234568 -0.03703704  0.13580247  0.0005
     920  0.00000000 -0.04938272  0.12345679  0.0005
     921  0.01234568 -0.06172840  0.11111111  0.0005
     922  0.02469136 -0.07407407  0.09876543  0.0005
     923  0.02469136 -0.07407407  0.07407407  0.0005
     924  0.03703704 -0.08641975  0.06172840  0.0005
     925 -0.04938272  0.09876543 -0.04938272  0.0005
     926 -0.06172840  0.11111111 -0.03703704  0.0005
     927 -0.07407407  0.12345679 -0.02469136  0.0005
     928 -0.08641975  0.13580247 -0.01234568  0.0005
     929 -0.09876543  0.14814815  0.00000000  0.0005
     930 -0.11111111  0.16049383  0.01234568  0.0005
     931 -0.12345679  0.17283951  0.02469136  0.0005
     932 -0.13580247  0.18518519  0.03703704  0.0005
     933 -0.09876543  0.04938272  0.19753086  0.0005
     934 -0.08641975  0.03703704  0.18518519  0.0005
     935 -0.07407407  0.02469136  0.17283951  0.0005
     936 -0.06172840  0.01234568  0.16049383  0.0005
     937 -0.04938272  0.00000000  0.14814815  0.0005
     938 -0.03703704 -0.01234568  0.13580247  0.0005
     939 -0.02469136 -0.02469136  0.12345679  0.0005
     940 -0.01234568 -0.03703704  0.11111111  0.0005
     941  0.00000000 -0.04938272  0.09876543  0.0005
     942  0.01234568 -0.06172840  0.08641975  0.0005
     943  0.01234568 -0.06172840  0.06172840  0.0005
     944 -0.02469136  0.07407407 -0.04938272  0.0005
     945 -0.03703704  0.08641975 -0.03703704  0.0005
     946 -0.04938272  0.09876543 -0.02469136  0.0005
     947 -0.06172840  0.11111111 -0.01234568  0.0005
     948 -0.07407407  0.12345679  0.00000000  0.0005
     949 -0.08641975  0.13580247  0.01234568  0.0005
     950 -0.09876543  0.14814815  0.02469136  0.0005
     951 -0.11111111  0.16049383  0.03703704  0.0005
     952 -0.12345679  0.17283951  0.04938272  0.0005
     953 -0.11111111  0.06172840  0.18518519  0.0005
     954 -0.09876543  0.04938272  0.17283951  0.0005
     955 -0.08641975  0.03703704  0.16049383  0.0005
     956 -0.07407407  0.02469136  0.14814815  0.0005
     957 -0.06172840  0.01234568  0.13580247  0.0005
     958 -0.04938272  0.00000000  0.12345679  0.0005
     959 -0.03703704 -0.01234568  0.11111111  0.0005
     960 -0.02469136 -0.02469136  0.09876543  0.0005
     961 -0.01234568 -0.03703704  0.08641975  0.0005
     962  0.00000000 -0.04938272  0.07407407  0.0005
     963  0.00000000  0.04938272 -0.04938272  0.0005
     964 -0.01234568  0.06172840 -0.03703704  0.0005
     965 -0.02469136  0.07407407 -0.02469136  0.0005
     966 -0.03703704  0.08641975 -0.01234568  0.0005
     967 -0.04938272  0.09876543  0.00000000  0.0005
     968 -0.06172840  0.11111111  0.01234568  0.0005
     969 -0.07407407  0.12345679  0.02469136  0.0005
     970 -0.08641975  0.13580247  0.03703704  0.0005
     971 -0.09876543  0.14814815  0.04938272  0.0005
     972 -0.11111111  0.16049383  0.06172840  0.0005
     973 -0.12345679  0.17283951  0.07407407  0.0005
     974 -0.11111111  0.06172840  0.16049383  0.0005
     975 -0.09876543  0.04938272  0.14814815  0.0005
     976 -0.08641975  0.03703704  0.13580247  0.0005
     977 -0.07407407  0.02469136  0.12345679  0.0005
     978 -0.06172840  0.01234568  0.11111111  0.0005
     979 -0.04938272  0.00000000  0.09876543  0.0005
     980 -0.03703704 -0.01234568  0.08641975  0.0005
     981 -0.02469136 -0.02469136  0.07407407  0.0005
     982 -0.01234568 -0.03703704  0.06172840  0.0005
     983  0.01234568  0.03703704 -0.03703704  0.0005
     984  0.00000000  0.04938272 -0.02469136  0.0005
     985 -0.01234568  0.06172840 -0.01234568  0.0005
     986 -0.02469136  0.07407407  0.00000000  0.0005
     987 -0.03703704  0.08641975  0.01234568  0.0005
     988 -0.04938272  0.09876543  0.02469136  0.0005
     989 -0.06172840  0.11111111  0.03703704  0.0005
     990 -0.07407407  0.12345679  0.04938272  0.0005
     991 -0.08641975  0.13580247  0.06172840  0.0005
     992 -0.09876543  0.14814815  0.07407407  0.0005
     993 -0.11111111  0.16049383  0.08641975  0.0005
     994 -0.12345679  0.07407407  0.14814815  0.0005
     995 -0.11111111  0.06172840  0.13580247  0.0005
     996 -0.09876543  0.04938272  0.12345679  0.0005
     997 -0.08641975  0.03703704  0.11111111  0.0005
     998 -0.07407407  0.02469136  0.09876543  0.0005
     999 -0.06172840  0.01234568  0.08641975  0.0005
    1000 -0.04938272  0.00000000  0.07407407  0.0005
    1001 -0.03703704 -0.01234568  0.06172840  0.0005
    1002  0.02469136  0.02469136 -0.04938272  0.0005
    1003  0.03703704  0.03703704 -0.03703704  0.0005
    1004  0.02469136  0.04938272 -0.02469136  0.0005
    1005  0.01234568  0.06172840 -0.01234568  0.0005
    1006  0.00000000  0.07407407  0.00000000  0.0005
    1007 -0.01234568  0.08641975  0.01234568  0.0005
    1008 -0.02469136  0.09876543  0.02469136  0.0005
    1009 -0.03703704  0.11111111  0.03703704  0.0005
    1010 -0.04938272  0.12345679  0.04938272  0.0005
    1011 -0.06172840  0.13580247  0.06172840  0.0005
    1012 -0.07407407  0.14814815  0.07407407  0.0005
    1013 -0.08641975  0.16049383  0.08641975  0.0005
    1014 -0.14814815  0.07407407  0.14814815  0.0005
    1015 -0.13580247  0.06172840  0.13580247  0.0005
    1016 -0.12345679  0.04938272  0.12345679  0.0005
    1017 -0.11111111  0.03703704  0.11111111  0.0005
    1018 -0.09876543  0.02469136  0.09876543  0.0005
    1019 -0.08641975  0.01234568  0.08641975  0.0005
    1020  0.07407407  0.00000000 -0.07407407  0.0005
    1021  0.06172840  0.01234568 -0.06172840  0.0005
    1022  0.04938272  0.02469136 -0.04938272  0.0005
    1023  0.04938272  0.02469136 -0.02469136  0.0005
    1024  0.03703704  0.03703704 -0.01234568  0.0005
    1025  0.02469136  0.04938272  0.00000000  0.0005
    1026  0.01234568  0.06172840  0.01234568  0.0005
    1027  0.00000000  0.07407407  0.02469136  0.0005
    1028 -0.01234568  0.08641975  0.03703704  0.0005
    1029 -0.02469136  0.09876543  0.04938272  0.0005
    1030 -0.03703704  0.11111111  0.06172840  0.0005
    1031 -0.04938272  0.12345679  0.07407407  0.0005
    1032 -0.06172840  0.13580247  0.08641975  0.0005
    1033 -0.07407407  0.14814815  0.09876543  0.0005
    1034 -0.16049383  0.08641975  0.13580247  0.0005
    1035 -0.14814815  0.07407407  0.12345679  0.0005
    1036 -0.13580247  0.06172840  0.11111111  0.0005
    1037 -0.12345679  0.04938272  0.09876543  0.0005
    1038 -0.11111111  0.03703704  0.08641975  0.0005
    1039  0.09876543 -0.02469136 -0.07407407  0.0005
    1040  0.08641975 -0.01234568 -0.06172840  0.0005
    1041  0.07407407  0.00000000 -0.04938272  0.0005
    1042  0.06172840  0.01234568 -0.03703704  0.0005
    1043  0.06172840  0.01234568 -0.01234568  0.0005
    1044  0.04938272  0.02469136  0.00000000  0.0005
    1045  0.03703704  0.03703704  0.01234568  0.0005
    1046  0.02469136  0.04938272  0.02469136  0.0005
    1047  0.01234568  0.06172840  0.03703704  0.0005
    1048  0.00000000  0.07407407  0.04938272  0.0005
    1049 -0.01234568  0.08641975  0.06172840  0.0005
    1050 -0.02469136  0.09876543  0.07407407  0.0005
    1051 -0.03703704  0.11111111  0.08641975  0.0005
    1052 -0.04938272  0.12345679  0.09876543  0.0005
    1053 -0.06172840  0.13580247  0.11111111  0.0005
    1054 -0.17283951  0.09876543  0.12345679  0.0005
    1055 -0.16049383  0.08641975  0.11111111  0.0005
    1056 -0.14814815  0.07407407  0.09876543  0.0005
    1057 -0.13580247  0.06172840  0.08641975  0.0005
    1058  0.12345679 -0.04938272 -0.07407407  0.0005
    1059  0.11111111 -0.03703704 -0.06172840  0.0005
    1060  0.09876543 -0.02469136 -0.04938272  0.0005
    1061  0.08641975 -0.01234568 -0.03703704  0.0005
    1062  0.07407407  0.00000000 -0.02469136  0.0005
    1063  0.07407407  0.00000000  0.00000000  0.0005
    1064  0.06172840  0.01234568  0.01234568  0.0005
    1065  0.04938272  0.02469136  0.02469136  0.0005
    1066  0.03703704  0.03703704  0.03703704  0.0005
    1067  0.02469136  0.04938272  0.04938272  0.0005
    1068  0.01234568  0.06172840  0.06172840  0.0005
    1069  0.00000000  0.07407407  0.07407407  0.0005
    1070 -0.01234568  0.08641975  0.08641975  0.0005
    1071 -0.02469136  0.09876543  0.09876543  0.0005
    1072 -0.03703704  0.11111111  0.11111111  0.0005
    1073 -0.04938272  0.12345679  0.12345679  0.0005
    1074 -0.18518519  0.11111111  0.11111111  0.0005
    1075 -0.17283951  0.09876543  0.09876543  0.0005
    1076 -0.16049383  0.08641975  0.08641975  0.0005
    1077 -0.14814815  0.07407407  0.07407407  0.0005
    1078  0.13580247 -0.06172840 -0.06172840  0.0005
    1079  0.12345679 -0.04938272 -0.04938272  0.0005
    1080  0.11111111 -0.03703704 -0.03703704  0.0005
    1081  0.09876543 -0.02469136 -0.02469136  0.0005
    1082  0.08641975 -0.01234568 -0.01234568  0.0005
    1083  0.08641975 -0.01234568  0.01234568  0.0005
    1084  0.07407407  0.00000000  0.02469136  0.0005
    1085  0.06172840  0.01234568  0.03703704  0.0005
    1086  0.04938272  0.02469136  0.04938272  0.0005
    1087  0.03703704  0.03703704  0.06172840  0.0005
    1088  0.02469136  0.04938272  0.07407407  0.0005
    1089  0.01234568  0.06172840  0.08641975  0.0005
    1090  0.00000000  0.07407407  0.09876543  0.0005
    1091 -0.01234568  0.08641975  0.11111111  0.0005
    1092 -0.02469136  0.09876543  0.12345679  0.0005
    1093 -0.03703704  0.11111111  0.13580247  0.0005
    1094 -0.19753086  0.12345679  0.09876543  0.0005
    1095 -0.18518519  0.11111111  0.08641975  0.0005
    1096 -0.17283951  0.09876543  0.07407407  0.0005
    1097  0.16049383 -0.08641975 -0.06172840  0.0005
    1098  0.14814815 -0.07407407 -0.04938272  0.0005
    1099  0.13580247 -0.06172840 -0.03703704  0.0005
    1100  0.12345679 -0.04938272 -0.02469136  0.0005
    1101  0.11111111 -0.03703704 -0.01234568  0.0005
    1102  0.09876543 -0.02469136  0.00000000  0.0005
    1103  0.09876543 -0.02469136  0.02469136  0.0005
    1104  0.08641975 -0.01234568  0.03703704  0.0005
    1105  0.07407407  0.00000000  0.04938272  0.0005
    1106  0.06172840  0.01234568  0.06172840  0.0005
    1107  0.04938272  0.02469136  0.07407407  0.0005
    1108  0.03703704  0.03703704  0.08641975  0.0005
    1109  0.02469136  0.04938272  0.09876543  0.0005
    1110  0.01234568  0.06172840  0.11111111  0.0005
    1111  0.00000000  0.07407407  0.12345679  0.0005
    1112 -0.01234568  0.08641975  0.13580247  0.0005
    1113 -0.02469136  0.09876543  0.14814815  0.0005
    1114 -0.20987654  0.13580247  0.08641975  0.0005
    1115 -0.19753086  0.12345679  0.07407407  0.0005
    1116  0.18518519 -0.11111111 -0.06172840  0.0005
    1117  0.17283951 -0.09876543 -0.04938272  0.0005
    1118  0.16049383 -0.08641975 -0.03703704  0.0005
    1119  0.14814815 -0.07407407 -0.02469136  0.0005
    1120  0.13580247 -0.06172840 -0.01234568  0.0005
    1121  0.12345679 -0.04938272  0.00000000  0.0005
    1122  0.11111111 -0.03703704  0.01234568  0.0005
    1123  0.11111111 -0.03703704  0.03703704  0.0005
    1124  0.09876543 -0.02469136  0.04938272  0.0005
    1125  0.08641975 -0.01234568  0.06172840  0.0005
    1126  0.07407407  0.00000000  0.07407407  0.0005
    1127  0.06172840  0.01234568  0.08641975  0.0005
    1128  0.04938272  0.02469136  0.09876543  0.0005
    1129  0.03703704  0.03703704  0.11111111  0.0005
    1130  0.02469136  0.04938272  0.12345679  0.0005
    1131  0.01234568  0.06172840  0.13580247  0.0005
    1132  0.00000000  0.07407407  0.14814815  0.0005
    1133 -0.01234568  0.08641975  0.16049383  0.0005
    1134 -0.22222222  0.14814815  0.07407407  0.0005
    1135  0.20987654 -0.13580247 -0.06172840  0.0005
    1136  0.19753086 -0.12345679 -0.04938272  0.0005
    1137  0.18518519 -0.11111111 -0.03703704  0.0005
    1138  0.17283951 -0.09876543 -0.02469136  0.0005
    1139  0.16049383 -0.08641975 -0.01234568  0.0005
    1140  0.14814815 -0.07407407  0.00000000  0.0005
    1141  0.13580247 -0.06172840  0.01234568  0.0005
    1142  0.12345679 -0.04938272  0.02469136  0.0005
    1143  0.12345679 -0.04938272  0.04938272  0.0005
    1144  0.11111111 -0.03703704  0.06172840  0.0005
    1145  0.09876543 -0.02469136  0.07407407  0.0005
    1146  0.08641975 -0.01234568  0.08641975  0.0005
    1147  0.07407407  0.00000000  0.09876543  0.0005
    1148  0.06172840  0.01234568  0.11111111  0.0005
    1149  0.04938272  0.02469136  0.12345679  0.0005
    1150  0.03703704  0.03703704  0.13580247  0.0005
    1151  0.02469136  0.04938272  0.14814815  0.0005
    1152  0.01234568  0.06172840  0.16049383  0.0005
    1153  0.00000000  0.07407407  0.17283951  0.0005
    1154  0.23456790 -0.16049383 -0.06172840  0.0005
    1155  0.22222222 -0.14814815 -0.04938272  0.0005
    1156  0.20987654 -0.13580247 -0.03703704  0.0005
    1157  0.19753086 -0.12345679 -0.02469136  0.0005
    1158  0.18518519 -0.11111111 -0.01234568  0.0005
    1159  0.17283951 -0.09876543  0.00000000  0.0005
    1160  0.16049383 -0.08641975  0.01234568  0.0005
    1161  0.14814815 -0.07407407  0.02469136  0.0005
    1162  0.13580247 -0.06172840  0.03703704  0.0005
    1163  0.13580247 -0.06172840  0.06172840  0.0005
    1164  0.12345679 -0.04938272  0.07407407  0.0005
    1165  0.11111111 -0.03703704  0.08641975  0.0005
    1166  0.09876543 -0.02469136  0.09876543  0.0005
    1167  0.08641975 -0.01234568  0.11111111  0.0005
    1168  0.07407407  0.00000000  0.12345679  0.0005
    1169  0.06172840  0.01234568  0.13580247  0.0005
    1170  0.04938272  0.02469136  0.14814815  0.0005
    1171  0.03703704  0.03703704  0.16049383  0.0005
    1172  0.02469136  0.04938272  0.17283951  0.0005
    1173  0.01234568  0.06172840  0.18518519  0.0005
    1174  0.24691358 -0.17283951 -0.04938272  0.0005
    1175  0.23456790 -0.16049383 -0.03703704  0.0005
    1176  0.22222222 -0.14814815 -0.02469136  0.0005
    1177  0.20987654 -0.13580247 -0.01234568  0.0005
    1178  0.19753086 -0.12345679  0.00000000  0.0005
    1179  0.18518519 -0.11111111  0.01234568  0.0005
    1180  0.17283951 -0.09876543  0.02469136  0.0005
    1181  0.16049383 -0.08641975  0.03703704  0.0005
    1182  0.14814815 -0.07407407  0.04938272  0.0005
    1183  0.14814815 -0.07407407  0.07407407  0.0005
    1184  0.13580247 -0.06172840  0.08641975  0.0005
    1185  0.12345679 -0.04938272  0.09876543  0.0005
    1186  0.11111111 -0.03703704  0.11111111  0.0005
    1187  0.09876543 -0.02469136  0.12345679  0.0005
    1188  0.08641975 -0.01234568  0.13580247  0.0005
    1189  0.07407407  0.00000000  0.14814815  0.0005
    1190  0.06172840  0.01234568  0.16049383  0.0005
    1191  0.04938272  0.02469136  0.17283951  0.0005
    1192  0.03703704  0.03703704  0.18518519  0.0005
    1193  0.02469136  0.04938272  0.19753086  0.0005
    1194  0.25925926 -0.18518519 -0.03703704  0.0005
    1195  0.24691358 -0.17283951 -0.02469136  0.0005
    1196  0.23456790 -0.16049383 -0.01234568  0.0005
    1197  0.22222222 -0.14814815  0.00000000  0.0005
    1198  0.20987654 -0.13580247  0.01234568  0.0005
    1199  0.19753086 -0.12345679  0.02469136  0.0005
    1200  0.18518519 -0.11111111  0.03703704  0.0005
    1201  0.17283951 -0.09876543  0.04938272  0.0005
    1202  0.16049383 -0.08641975  0.06172840  0.0005
    1203  0.16049383 -0.08641975  0.08641975  0.0005
    1204  0.14814815 -0.07407407  0.09876543  0.0005
    1205  0.13580247 -0.06172840  0.11111111  0.0005
    1206  0.12345679 -0.04938272  0.12345679  0.0005
    1207  0.11111111 -0.03703704  0.13580247  0.0005
    1208  0.09876543 -0.02469136  0.14814815  0.0005
    1209  0.08641975 -0.01234568  0.16049383  0.0005
    1210  0.07407407  0.00000000  0.17283951  0.0005
    1211  0.06172840  0.01234568  0.18518519  0.0005
    1212  0.04938272  0.02469136  0.19753086  0.0005
    1213  0.03703704  0.03703704  0.20987654  0.0005
    1214 -0.02469136 -0.04938272  0.27160494  0.0005
    1215 -0.01234568 -0.06172840  0.25925926  0.0005
    1216  0.00000000 -0.07407407  0.24691358  0.0005
    1217  0.01234568 -0.08641975  0.23456790  0.0005
    1218  0.02469136 -0.09876543  0.22222222  0.0005
    1219  0.03703704 -0.11111111  0.20987654  0.0005
    1220  0.19753086 -0.12345679  0.04938272  0.0005
    1221  0.18518519 -0.11111111  0.06172840  0.0005
    1222  0.17283951 -0.09876543  0.07407407  0.0005
    1223  0.07407407 -0.14814815  0.14814815  0.0005
    1224  0.08641975 -0.16049383  0.13580247  0.0005
    1225  0.09876543 -0.17283951  0.12345679  0.0005
    1226  0.11111111 -0.18518519  0.11111111  0.0005
    1227  0.12345679 -0.19753086  0.09876543  0.0005
    1228  0.13580247 -0.20987654  0.08641975  0.0005
    1229  0.14814815 -0.22222222  0.07407407  0.0005
    1230 -0.16049383  0.23456790 -0.06172840  0.0005
    1231 -0.17283951  0.24691358 -0.04938272  0.0005
    1232 -0.18518519  0.25925926 -0.03703704  0.0005
    1233 -0.04938272 -0.02469136  0.27160494  0.0005
    1234 -0.03703704 -0.03703704  0.25925926  0.0005
    1235 -0.02469136 -0.04938272  0.24691358  0.0005
    1236 -0.01234568 -0.06172840  0.23456790  0.0005
    1237  0.00000000 -0.07407407  0.22222222  0.0005
    1238  0.01234568 -0.08641975  0.20987654  0.0005
    1239  0.02469136 -0.09876543  0.19753086  0.0005
    1240  0.03703704 -0.11111111  0.18518519  0.0005
    1241  0.04938272 -0.12345679  0.17283951  0.0005
    1242  0.06172840 -0.13580247  0.16049383  0.0005
    1243  0.06172840 -0.13580247  0.13580247  0.0005
    1244  0.07407407 -0.14814815  0.12345679  0.0005
    1245  0.08641975 -0.16049383  0.11111111  0.0005
    1246  0.09876543 -0.17283951  0.09876543  0.0005
    1247  0.11111111 -0.18518519  0.08641975  0.0005
    1248  0.12345679 -0.19753086  0.07407407  0.0005
    1249 -0.13580247  0.20987654 -0.06172840  0.0005
    1250 -0.14814815  0.22222222 -0.04938272  0.0005
    1251 -0.16049383  0.23456790 -0.03703704  0.0005
    1252 -0.17283951  0.24691358 -0.02469136  0.0005
    1253 -0.06172840 -0.01234568  0.25925926  0.0005
    1254 -0.04938272 -0.02469136  0.24691358  0.0005
    1255 -0.03703704 -0.03703704  0.23456790  0.0005
    1256 -0.02469136 -0.04938272  0.22222222  0.0005
    1257 -0.01234568 -0.06172840  0.20987654  0.0005
    1258  0.00000000 -0.07407407  0.19753086  0.0005
    1259  0.01234568 -0.08641975  0.18518519  0.0005
    1260  0.02469136 -0.09876543  0.17283951  0.0005
    1261  0.03703704 -0.11111111  0.16049383  0.0005
    1262  0.04938272 -0.12345679  0.14814815  0.0005
    1263  0.04938272 -0.12345679  0.12345679  0.0005
    1264  0.06172840 -0.13580247  0.11111111  0.0005
    1265  0.07407407 -0.14814815  0.09876543  0.0005
    1266  0.08641975 -0.16049383  0.08641975  0.0005
    1267  0.09876543 -0.17283951  0.07407407  0.0005
    1268 -0.11111111  0.18518519 -0.06172840  0.0005
    1269 -0.12345679  0.19753086 -0.04938272  0.0005
    1270 -0.13580247  0.20987654 -0.03703704  0.0005
    1271 -0.14814815  0.22222222 -0.02469136  0.0005
    1272 -0.16049383  0.23456790 -0.01234568  0.0005
    1273 -0.07407407  0.00000000  0.24691358  0.0005
    1274 -0.06172840 -0.01234568  0.23456790  0.0005
    1275 -0.04938272 -0.02469136  0.22222222  0.0005
    1276 -0.03703704 -0.03703704  0.20987654  0.0005
    1277 -0.02469136 -0.04938272  0.19753086  0.0005
    1278 -0.01234568 -0.06172840  0.18518519  0.0005
    1279  0.00000000 -0.07407407  0.17283951  0.0005
    1280  0.01234568 -0.08641975  0.16049383  0.0005
    1281  0.02469136 -0.09876543  0.14814815  0.0005
    1282  0.03703704 -0.11111111  0.13580247  0.0005
    1283  0.03703704 -0.11111111  0.11111111  0.0005
    1284  0.04938272 -0.12345679  0.09876543  0.0005
    1285  0.06172840 -0.13580247  0.08641975  0.0005
    1286  0.07407407 -0.14814815  0.07407407  0.0005
    1287 -0.08641975  0.16049383 -0.06172840  0.0005
    1288 -0.09876543  0.17283951 -0.04938272  0.0005
    1289 -0.11111111  0.18518519 -0.03703704  0.0005
    1290 -0.12345679  0.19753086 -0.02469136  0.0005
    1291 -0.13580247  0.20987654 -0.01234568  0.0005
    1292 -0.14814815  0.22222222  0.00000000  0.0005
    1293 -0.08641975  0.01234568  0.23456790  0.0005
    1294 -0.07407407  0.00000000  0.22222222  0.0005
    1295 -0.06172840 -0.01234568  0.20987654  0.0005
    1296 -0.04938272 -0.02469136  0.19753086  0.0005
    1297 -0.03703704 -0.03703704  0.18518519  0.0005
    1298 -0.02469136 -0.04938272  0.17283951  0.0005
    1299 -0.01234568 -0.06172840  0.16049383  0.0005
    1300  0.00000000 -0.07407407  0.14814815  0.0005
    1301  0.01234568 -0.08641975  0.13580247  0.0005
    1302  0.02469136 -0.09876543  0.12345679  0.0005
    1303  0.02469136 -0.09876543  0.09876543  0.0005
    1304  0.03703704 -0.11111111  0.08641975  0.0005
    1305 -0.04938272  0.12345679 -0.07407407  0.0005
    1306 -0.06172840  0.13580247 -0.06172840  0.0005
    1307 -0.07407407  0.14814815 -0.04938272  0.0005
    1308 -0.08641975  0.16049383 -0.03703704  0.0005
    1309 -0.09876543  0.17283951 -0.02469136  0.0005
    1310 -0.11111111  0.18518519 -0.01234568  0.0005
    1311 -0.12345679  0.19753086  0.00000000  0.0005
    1312 -0.13580247  0.20987654  0.01234568  0.0005
    1313 -0.09876543  0.02469136  0.22222222  0.0005
    1314 -0.08641975  0.01234568  0.20987654  0.0005
    1315 -0.07407407  0.00000000  0.19753086  0.0005
    1316 -0.06172840 -0.01234568  0.18518519  0.0005
    1317 -0.04938272 -0.02469136  0.17283951  0.0005
    1318 -0.03703704 -0.03703704  0.16049383  0.0005
    1319 -0.02469136 -0.04938272  0.14814815  0.0005
    1320 -0.01234568 -0.06172840  0.13580247  0.0005
    1321  0.00000000 -0.07407407  0.12345679  0.0005
    1322  0.01234568 -0.08641975  0.11111111  0.0005
    1323  0.01234568 -0.08641975  0.08641975  0.0005
    1324 -0.02469136  0.09876543 -0.07407407  0.0005
    1325 -0.03703704  0.11111111 -0.06172840  0.0005
    1326 -0.04938272  0.12345679 -0.04938272  0.0005
    1327 -0.06172840  0.13580247 -0.03703704  0.0005
    1328 -0.07407407  0.14814815 -0.02469136  0.0005
    1329 -0.08641975  0.16049383 -0.01234568  0.0005
    1330 -0.09876543  0.17283951  0.00000000  0.0005
    1331 -0.11111111  0.18518519  0.01234568  0.0005
    1332 -0.12345679  0.19753086  0.02469136  0.0005
    1333 -0.11111111  0.03703704  0.20987654  0.0005
    1334 -0.09876543  0.02469136  0.19753086  0.0005
    1335 -0.08641975  0.01234568  0.18518519  0.0005
    1336 -0.07407407  0.00000000  0.17283951  0.0005
    1337 -0.06172840 -0.01234568  0.16049383  0.0005
    1338 -0.04938272 -0.02469136  0.14814815  0.0005
    1339 -0.03703704 -0.03703704  0.13580247  0.0005
    1340 -0.02469136 -0.04938272  0.12345679  0.0005
    1341 -0.01234568 -0.06172840  0.11111111  0.0005
    1342  0.00000000 -0.07407407  0.09876543  0.0005
    1343  0.00000000  0.07407407 -0.07407407  0.0005
    1344 -0.01234568  0.08641975 -0.06172840  0.0005
    1345 -0.02469136  0.09876543 -0.04938272  0.0005
    1346 -0.03703704  0.11111111 -0.03703704  0.0005
    1347 -0.04938272  0.12345679 -0.02469136  0.0005
    1348 -0.06172840  0.13580247 -0.01234568  0.0005
    1349 -0.07407407  0.14814815  0.00000000  0.0005
    1350 -0.08641975  0.16049383  0.01234568  0.0005
    1351 -0.09876543  0.17283951  0.02469136  0.0005
    1352 -0.11111111  0.18518519  0.03703704  0.0005
    1353 -0.12345679  0.19753086  0.04938272  0.0005
    1354 -0.11111111  0.03703704  0.18518519  0.0005
    1355 -0.09876543  0.02469136  0.17283951  0.0005
    1356 -0.08641975  0.01234568  0.16049383  0.0005
    1357 -0.07407407  0.00000000  0.14814815  0.0005
    1358 -0.06172840 -0.01234568  0.13580247  0.0005
    1359 -0.04938272 -0.02469136  0.12345679  0.0005
    1360 -0.03703704 -0.03703704  0.11111111  0.0005
    1361 -0.02469136 -0.04938272  0.09876543  0.0005
    1362 -0.01234568 -0.06172840  0.08641975  0.0005
    1363  0.01234568  0.06172840 -0.06172840  0.0005
    1364  0.00000000  0.07407407 -0.04938272  0.0005
    1365 -0.01234568  0.08641975 -0.03703704  0.0005
    1366 -0.02469136  0.09876543 -0.02469136  0.0005
    1367 -0.03703704  0.11111111 -0.01234568  0.0005
    1368 -0.04938272  0.12345679  0.00000000  0.0005
    1369 -0.06172840  0.13580247  0.01234568  0.0005
    1370 -0.07407407  0.14814815  0.02469136  0.0005
    1371 -0.08641975  0.16049383  0.03703704  0.0005
    1372 -0.09876543  0.17283951  0.04938272  0.0005
    1373 -0.11111111  0.18518519  0.06172840  0.0005
    1374 -0.12345679  0.04938272  0.17283951  0.0005
    1375 -0.11111111  0.03703704  0.16049383  0.0005
    1376 -0.09876543  0.02469136  0.14814815  0.0005
    1377 -0.08641975  0.01234568  0.13580247  0.0005
    1378 -0.07407407  0.00000000  0.12345679  0.0005
    1379 -0.06172840 -0.01234568  0.11111111  0.0005
    1380 -0.04938272 -0.02469136  0.09876543  0.0005
    1381 -0.03703704 -0.03703704  0.08641975  0.0005
    1382 -0.02469136 -0.04938272  0.07407407  0.0005
    1383  0.02469136  0.04938272 -0.04938272  0.0005
    1384  0.01234568  0.06172840 -0.03703704  0.0005
    1385  0.00000000  0.07407407 -0.02469136  0.0005
    1386 -0.01234568  0.08641975 -0.01234568  0.0005
    1387 -0.02469136  0.09876543  0.00000000  0.0005
    1388 -0.03703704  0.11111111  0.01234568  0.0005
    1389 -0.04938272  0.12345679  0.02469136  0.0005
    1390 -0.06172840  0.13580247  0.03703704  0.0005
    1391 -0.07407407  0.14814815  0.04938272  0.0005
    1392 -0.08641975  0.16049383  0.06172840  0.0005
    1393 -0.09876543  0.17283951  0.07407407  0.0005
    1394 -0.13580247  0.06172840  0.16049383  0.0005
    1395 -0.12345679  0.04938272  0.14814815  0.0005
    1396 -0.11111111  0.03703704  0.13580247  0.0005
    1397 -0.09876543  0.02469136  0.12345679  0.0005
    1398 -0.08641975  0.01234568  0.11111111  0.0005
    1399 -0.07407407  0.00000000  0.09876543  0.0005
    1400 -0.06172840 -0.01234568  0.08641975  0.0005
    1401 -0.04938272 -0.02469136  0.07407407  0.0005
    1402  0.03703704  0.03703704 -0.06172840  0.0005
    1403  0.04938272  0.04938272 -0.04938272  0.0005
    1404  0.03703704  0.06172840 -0.03703704  0.0005
    1405  0.02469136  0.07407407 -0.02469136  0.0005
    1406  0.01234568  0.08641975 -0.01234568  0.0005
    1407  0.00000000  0.09876543  0.00000000  0.0005
    1408 -0.01234568  0.11111111  0.01234568  0.0005
    1409 -0.02469136  0.12345679  0.02469136  0.0005
    1410 -0.03703704  0.13580247  0.03703704  0.0005
    1411 -0.04938272  0.14814815  0.04938272  0.0005
    1412 -0.06172840  0.16049383  0.06172840  0.0005
    1413 -0.07407407  0.17283951  0.07407407  0.0005
    1414 -0.16049383  0.06172840  0.16049383  0.0005
    1415 -0.14814815  0.04938272  0.14814815  0.0005
    1416 -0.13580247  0.03703704  0.13580247  0.0005
    1417 -0.12345679  0.02469136  0.12345679  0.0005
    1418 -0.11111111  0.01234568  0.11111111  0.0005
    1419  0.09876543  0.00000000 -0.09876543  0.0005
    1420  0.08641975  0.01234568 -0.08641975  0.0005
    1421  0.07407407  0.02469136 -0.07407407  0.0005
    1422  0.06172840  0.03703704 -0.06172840  0.0005
    1423  0.06172840  0.03703704 -0.03703704  0.0005
    1424  0.04938272  0.04938272 -0.02469136  0.0005
    1425  0.03703704  0.06172840 -0.01234568  0.0005
    1426  0.02469136  0.07407407  0.00000000  0.0005
    1427  0.01234568  0.08641975  0.01234568  0.0005
    1428  0.00000000  0.09876543  0.02469136  0.0005
    1429 -0.01234568  0.11111111  0.03703704  0.0005
    1430 -0.02469136  0.12345679  0.04938272  0.0005
    1431 -0.03703704  0.13580247  0.06172840  0.0005
    1432 -0.04938272  0.14814815  0.07407407  0.0005
    1433 -0.06172840  0.16049383  0.08641975  0.0005
    1434 -0.17283951  0.07407407  0.14814815  0.0005
    1435 -0.16049383  0.06172840  0.13580247  0.0005
    1436 -0.14814815  0.04938272  0.12345679  0.0005
    1437 -0.13580247  0.03703704  0.11111111  0.0005
    1438 -0.12345679  0.02469136  0.09876543  0.0005
    1439  0.11111111 -0.01234568 -0.08641975  0.0005
    1440  0.09876543  0.00000000 -0.07407407  0.0005
    1441  0.08641975  0.01234568 -0.06172840  0.0005
    1442  0.07407407  0.02469136 -0.04938272  0.0005
    1443  0.07407407  0.02469136 -0.02469136  0.0005
    1444  0.06172840  0.03703704 -0.01234568  0.0005
    1445  0.04938272  0.04938272  0.00000000  0.0005
    1446  0.03703704  0.06172840  0.01234568  0.0005
    1447  0.02469136  0.07407407  0.02469136  0.0005
    1448  0.01234568  0.08641975  0.03703704  0.0005
    1449  0.00000000  0.09876543  0.04938272  0.0005
    1450 -0.01234568  0.11111111  0.06172840  0.0005
    1451 -0.02469136  0.12345679  0.07407407  0.0005
    1452 -0.03703704  0.13580247  0.08641975  0.0005
    1453 -0.04938272  0.14814815  0.09876543  0.0005
    1454 -0.18518519  0.08641975  0.13580247  0.0005
    1455 -0.17283951  0.07407407  0.12345679  0.0005
    1456 -0.16049383  0.06172840  0.11111111  0.0005
    1457 -0.14814815  0.04938272  0.09876543  0.0005
    1458  0.13580247 -0.03703704 -0.08641975  0.0005
    1459  0.12345679 -0.02469136 -0.07407407  0.0005
    1460  0.11111111 -0.01234568 -0.06172840  0.0005
    1461  0.09876543  0.00000000 -0.04938272  0.0005
    1462  0.08641975  0.01234568 -0.03703704  0.0005
    1463  0.08641975  0.01234568 -0.01234568  0.0005
    1464  0.07407407  0.02469136  0.00000000  0.0005
    1465  0.06172840  0.03703704  0.01234568  0.0005
    1466  0.04938272  0.04938272  0.02469136  0.0005
    1467  0.03703704  0.06172840  0.03703704  0.0005
    1468  0.02469136  0.07407407  0.04938272  0.0005
    1469  0.01234568  0.08641975  0.06172840  0.0005
    1470  0.00000000  0.09876543  0.07407407  0.0005
    1471 -0.01234568  0.11111111  0.08641975  0.0005
    1472 -0.02469136  0.12345679  0.09876543  0.0005
    1473 -0.03703704  0.13580247  0.11111111  0.0005
    1474 -0.19753086  0.09876543  0.12345679  0.0005
    1475 -0.18518519  0.08641975  0.11111111  0.0005
    1476 -0.17283951  0.07407407  0.09876543  0.0005
    1477  0.16049383 -0.06172840 -0.08641975  0.0005
    1478  0.14814815 -0.04938272 -0.07407407  0.0005
    1479  0.13580247 -0.03703704 -0.06172840  0.0005
    1480  0.12345679 -0.02469136 -0.04938272  0.0005
    1481  0.11111111 -0.01234568 -0.03703704  0.0005
    1482  0.09876543  0.00000000 -0.02469136  0.0005
    1483  0.09876543  0.00000000  0.00000000  0.0005
    1484  0.08641975  0.01234568  0.01234568  0.0005
    1485  0.07407407  0.02469136  0.02469136  0.0005
    1486  0.06172840  0.03703704  0.03703704  0.0005
    1487  0.04938272  0.04938272  0.04938272  0.0005
    1488  0.03703704  0.06172840  0.06172840  0.0005
    1489  0.02469136  0.07407407  0.07407407  0.0005
    1490  0.01234568  0.08641975  0.08641975  0.0005
    1491  0.00000000  0.09876543  0.09876543  0.0005
    1492 -0.01234568  0.11111111  0.11111111  0.0005
    1493 -0.02469136  0.12345679  0.12345679  0.0005
    1494 -0.20987654  0.11111111  0.11111111  0.0005
    1495 -0.19753086  0.09876543  0.09876543  0.0005
    1496  0.18518519 -0.08641975 -0.08641975  0.0005
    1497  0.17283951 -0.07407407 -0.07407407  0.0005
    1498  0.16049383 -0.06172840 -0.06172840  0.0005
    1499  0.14814815 -0.04938272 -0.04938272  0.0005
    1500  0.13580247 -0.03703704 -0.03703704  0.0005
    1501  0.12345679 -0.02469136 -0.02469136  0.0005
    1502  0.11111111 -0.01234568 -0.01234568  0.0005
    1503  0.11111111 -0.01234568  0.01234568  0.0005
    1504  0.09876543  0.00000000  0.02469136  0.0005
    1505  0.08641975  0.01234568  0.03703704  0.0005
    1506  0.07407407  0.02469136  0.04938272  0.0005
    1507  0.06172840  0.03703704  0.06172840  0.0005
    1508  0.04938272  0.04938272  0.07407407  0.0005
    1509  0.03703704  0.06172840  0.08641975  0.0005
    1510  0.02469136  0.07407407  0.09876543  0.0005
    1511  0.01234568  0.08641975  0.11111111  0.0005
    1512  0.00000000  0.09876543  0.12345679  0.0005
    1513 -0.01234568  0.11111111  0.13580247  0.0005
    1514  0.22222222 -0.12345679 -0.09876543  0.0005
    1515  0.20987654 -0.11111111 -0.08641975  0.0005
    1516  0.19753086 -0.09876543 -0.07407407  0.0005
    1517  0.18518519 -0.08641975 -0.06172840  0.0005
    1518  0.17283951 -0.07407407 -0.04938272  0.0005
    1519  0.16049383 -0.06172840 -0.03703704  0.0005
    1520  0.14814815 -0.04938272 -0.02469136  0.0005
    1521  0.13580247 -0.03703704 -0.01234568  0.0005
    1522  0.12345679 -0.02469136  0.00000000  0.0005
    1523  0.12345679 -0.02469136  0.02469136  0.0005
    1524  0.11111111 -0.01234568  0.03703704  0.0005
    1525  0.09876543  0.00000000  0.04938272  0.0005
    1526  0.08641975  0.01234568  0.06172840  0.0005
    1527  0.07407407  0.02469136  0.07407407  0.0005
    1528  0.06172840  0.03703704  0.08641975  0.0005
    1529  0.04938272  0.04938272  0.09876543  0.0005
    1530  0.03703704  0.06172840  0.11111111  0.0005
    1531  0.02469136  0.07407407  0.12345679  0.0005
    1532  0.01234568  0.08641975  0.13580247  0.0005
    1533  0.00000000  0.09876543  0.14814815  0.0005
    1534  0.23456790 -0.13580247 -0.08641975  0.0005
    1535  0.22222222 -0.12345679 -0.07407407  0.0005
    1536  0.20987654 -0.11111111 -0.06172840  0.0005
    1537  0.19753086 -0.09876543 -0.04938272  0.0005
    1538  0.18518519 -0.08641975 -0.03703704  0.0005
    1539  0.17283951 -0.07407407 -0.02469136  0.0005
    1540  0.16049383 -0.06172840 -0.01234568  0.0005
    1541  0.14814815 -0.04938272  0.00000000  0.0005
    1542  0.13580247 -0.03703704  0.01234568  0.0005
    1543  0.13580247 -0.03703704  0.03703704  0.0005
    1544  0.12345679 -0.02469136  0.04938272  0.0005
    1545  0.11111111 -0.01234568  0.06172840  0.0005
    1546  0.09876543  0.00000000  0.07407407  0.0005
    1547  0.08641975  0.01234568  0.08641975  0.0005
    1548  0.07407407  0.02469136  0.09876543  0.0005
    1549  0.06172840  0.03703704  0.11111111  0.0005
    1550  0.04938272  0.04938272  0.12345679  0.0005
    1551  0.03703704  0.06172840  0.13580247  0.0005
    1552  0.02469136  0.07407407  0.14814815  0.0005
    1553  0.01234568  0.08641975  0.16049383  0.0005
    1554  0.24691358 -0.14814815 -0.07407407  0.0005
    1555  0.23456790 -0.13580247 -0.06172840  0.0005
    1556  0.22222222 -0.12345679 -0.04938272  0.0005
    1557  0.20987654 -0.11111111 -0.03703704  0.0005
    1558  0.19753086 -0.09876543 -0.02469136  0.0005
    1559  0.18518519 -0.08641975 -0.01234568  0.0005
    1560  0.17283951 -0.07407407  0.00000000  0.0005
    1561  0.16049383 -0.06172840  0.01234568  0.0005
    1562  0.14814815 -0.04938272  0.02469136  0.0005
    1563  0.14814815 -0.04938272  0.04938272  0.0005
    1564  0.13580247 -0.03703704  0.06172840  0.0005
    1565  0.12345679 -0.02469136  0.07407407  0.0005
    1566  0.11111111 -0.01234568  0.08641975  0.0005
    1567  0.09876543  0.00000000  0.09876543  0.0005
    1568  0.08641975  0.01234568  0.11111111  0.0005
    1569  0.07407407  0.02469136  0.12345679  0.0005
    1570  0.06172840  0.03703704  0.13580247  0.0005
    1571  0.04938272  0.04938272  0.14814815  0.0005
    1572  0.03703704  0.06172840  0.16049383  0.0005
    1573  0.02469136  0.07407407  0.17283951  0.0005
    1574  0.25925926 -0.16049383 -0.06172840  0.0005
    1575  0.24691358 -0.14814815 -0.04938272  0.0005
    1576  0.23456790 -0.13580247 -0.03703704  0.0005
    1577  0.22222222 -0.12345679 -0.02469136  0.0005
    1578  0.20987654 -0.11111111 -0.01234568  0.0005
    1579  0.19753086 -0.09876543  0.00000000  0.0005
    1580  0.18518519 -0.08641975  0.01234568  0.0005
    1581  0.17283951 -0.07407407  0.02469136  0.0005
    1582  0.16049383 -0.06172840  0.03703704  0.0005
    1583  0.16049383 -0.06172840  0.06172840  0.0005
    1584  0.14814815 -0.04938272  0.07407407  0.0005
    1585  0.13580247 -0.03703704  0.08641975  0.0005
    1586  0.12345679 -0.02469136  0.09876543  0.0005
    1587  0.11111111 -0.01234568  0.11111111  0.0005
    1588  0.09876543  0.00000000  0.12345679  0.0005
    1589  0.08641975  0.01234568  0.13580247  0.0005
    1590  0.07407407  0.02469136  0.14814815  0.0005
    1591  0.06172840  0.03703704  0.16049383  0.0005
    1592  0.04938272  0.04938272  0.17283951  0.0005
    1593  0.03703704  0.06172840  0.18518519  0.0005
    1594  0.27160494 -0.17283951 -0.04938272  0.0005
    1595  0.25925926 -0.16049383 -0.03703704  0.0005
    1596  0.24691358 -0.14814815 -0.02469136  0.0005
    1597  0.23456790 -0.13580247 -0.01234568  0.0005
    1598  0.22222222 -0.12345679  0.00000000  0.0005
    1599  0.20987654 -0.11111111  0.01234568  0.0005
    1600  0.19753086 -0.09876543  0.02469136  0.0005
    1601  0.18518519 -0.08641975  0.03703704  0.0005
    1602  0.17283951 -0.07407407  0.04938272  0.0005
    1603  0.17283951 -0.07407407  0.07407407  0.0005
    1604  0.16049383 -0.06172840  0.08641975  0.0005
    1605  0.14814815 -0.04938272  0.09876543  0.0005
    1606  0.13580247 -0.03703704  0.11111111  0.0005
    1607  0.12345679 -0.02469136  0.12345679  0.0005
    1608  0.11111111 -0.01234568  0.13580247  0.0005
    1609  0.09876543  0.00000000  0.14814815  0.0005
    1610  0.08641975  0.01234568  0.16049383  0.0005
    1611  0.07407407  0.02469136  0.17283951  0.0005
    1612  0.06172840  0.03703704  0.18518519  0.0005
    1613  0.04938272  0.04938272  0.19753086  0.0005
    1614 -0.03703704 -0.06172840  0.28395062  0.0005
    1615 -0.02469136 -0.07407407  0.27160494  0.0005
    1616 -0.01234568 -0.08641975  0.25925926  0.0005
    1617  0.00000000 -0.09876543  0.24691358  0.0005
    1618  0.01234568 -0.11111111  0.23456790  0.0005
    1619  0.22222222 -0.12345679  0.02469136  0.0005
    1620  0.20987654 -0.11111111  0.03703704  0.0005
    1621  0.19753086 -0.09876543  0.04938272  0.0005
    1622  0.18518519 -0.08641975  0.06172840  0.0005
    1623  0.06172840 -0.16049383  0.16049383  0.0005
    1624  0.07407407 -0.17283951  0.14814815  0.0005
    1625  0.08641975 -0.18518519  0.13580247  0.0005
    1626  0.09876543 -0.19753086  0.12345679  0.0005
    1627  0.11111111 -0.20987654  0.11111111  0.0005
    1628 -0.12345679  0.22222222 -0.09876543  0.0005
    1629 -0.13580247  0.23456790 -0.08641975  0.0005
    1630 -0.14814815  0.24691358 -0.07407407  0.0005
    1631 -0.16049383  0.25925926 -0.06172840  0.0005
    1632 -0.17283951  0.27160494 -0.04938272  0.0005
    1633 -0.06172840 -0.03703704  0.28395062  0.0005
    1634 -0.04938272 -0.04938272  0.27160494  0.0005
    1635 -0.03703704 -0.06172840  0.25925926  0.0005
    1636 -0.02469136 -0.07407407  0.24691358  0.0005
    1637 -0.01234568 -0.08641975  0.23456790  0.0005
    1638  0.00000000 -0.09876543  0.22222222  0.0005
    1639  0.01234568 -0.11111111  0.20987654  0.0005
    1640  0.02469136 -0.12345679  0.19753086  0.0005
    1641  0.03703704 -0.13580247  0.18518519  0.0005
    1642  0.04938272 -0.14814815  0.17283951  0.0005
    1643  0.04938272 -0.14814815  0.14814815  0.0005
    1644  0.06172840 -0.16049383  0.13580247  0.0005
    1645  0.07407407 -0.17283951  0.12345679  0.0005
    1646  0.08641975 -0.18518519  0.11111111  0.0005
    1647  0.09876543 -0.19753086  0.09876543  0.0005
    1648 -0.11111111  0.20987654 -0.08641975  0.0005
    1649 -0.12345679  0.22222222 -0.07407407  0.0005
    1650 -0.13580247  0.23456790 -0.06172840  0.0005
    1651 -0.14814815  0.24691358 -0.04938272  0.0005
    1652 -0.16049383  0.25925926 -0.03703704  0.0005
    1653 -0.07407407 -0.02469136  0.27160494  0.0005
    1654 -0.06172840 -0.03703704  0.25925926  0.0005
    1655 -0.04938272 -0.04938272  0.24691358  0.0005
    1656 -0.03703704 -0.06172840  0.23456790  0.0005
    1657 -0.02469136 -0.07407407  0.22222222  0.0005
    1658 -0.01234568 -0.08641975  0.20987654  0.0005
    1659  0.00000000 -0.09876543  0.19753086  0.0005
    1660  0.01234568 -0.11111111  0.18518519  0.0005
    1661  0.02469136 -0.12345679  0.17283951  0.0005
    1662  0.03703704 -0.13580247  0.16049383  0.0005
    1663  0.03703704 -0.13580247  0.13580247  0.0005
    1664  0.04938272 -0.14814815  0.12345679  0.0005
    1665  0.06172840 -0.16049383  0.11111111  0.0005
    1666  0.07407407 -0.17283951  0.09876543  0.0005
    1667 -0.08641975  0.18518519 -0.08641975  0.0005
    1668 -0.09876543  0.19753086 -0.07407407  0.0005
    1669 -0.11111111  0.20987654 -0.06172840  0.0005
    1670 -0.12345679  0.22222222 -0.04938272  0.0005
    1671 -0.13580247  0.23456790 -0.03703704  0.0005
    1672 -0.14814815  0.24691358 -0.02469136  0.0005
    1673 -0.08641975 -0.01234568  0.25925926  0.0005
    1674 -0.07407407 -0.02469136  0.24691358  0.0005
    1675 -0.06172840 -0.03703704  0.23456790  0.0005
    1676 -0.04938272 -0.04938272  0.22222222  0.0005
    1677 -0.03703704 -0.06172840  0.20987654  0.0005
    1678 -0.02469136 -0.07407407  0.19753086  0.0005
    1679 -0.01234568 -0.08641975  0.18518519  0.0005
    1680  0.00000000 -0.09876543  0.17283951  0.0005
    1681  0.01234568 -0.11111111  0.16049383  0.0005
    1682  0.02469136 -0.12345679  0.14814815  0.0005
    1683  0.02469136 -0.12345679  0.12345679  0.0005
    1684  0.03703704 -0.13580247  0.11111111  0.0005
    1685  0.04938272 -0.14814815  0.09876543  0.0005
    1686 -0.06172840  0.16049383 -0.08641975  0.0005
    1687 -0.07407407  0.17283951 -0.07407407  0.0005
    1688 -0.08641975  0.18518519 -0.06172840  0.0005
    1689 -0.09876543  0.19753086 -0.04938272  0.0005
    1690 -0.11111111  0.20987654 -0.03703704  0.0005
    1691 -0.12345679  0.22222222 -0.02469136  0.0005
    1692 -0.13580247  0.23456790 -0.01234568  0.0005
    1693 -0.09876543  0.00000000  0.24691358  0.0005
    1694 -0.08641975 -0.01234568  0.23456790  0.0005
    1695 -0.07407407 -0.02469136  0.22222222  0.0005
    1696 -0.06172840 -0.03703704  0.20987654  0.0005
    1697 -0.04938272 -0.04938272  0.19753086  0.0005
    1698 -0.03703704 -0.06172840  0.18518519  0.0005
    1699 -0.02469136 -0.07407407  0.17283951  0.0005
    1700 -0.01234568 -0.08641975  0.16049383  0.0005
    1701  0.00000000 -0.09876543  0.14814815  0.0005
    1702  0.01234568 -0.11111111  0.13580247  0.0005
    1703  0.01234568 -0.11111111  0.11111111  0.0005
    1704  0.02469136 -0.12345679  0.09876543  0.0005
    1705 -0.03703704  0.13580247 -0.08641975  0.0005
    1706 -0.04938272  0.14814815 -0.07407407  0.0005
    1707 -0.06172840  0.16049383 -0.06172840  0.0005
    1708 -0.07407407  0.17283951 -0.04938272  0.0005
    1709 -0.08641975  0.18518519 -0.03703704  0.0005
    1710 -0.09876543  0.19753086 -0.02469136  0.0005
    1711 -0.11111111  0.20987654 -0.01234568  0.0005
    1712 -0.12345679  0.22222222  0.00000000  0.0005
    1713 -0.11111111  0.01234568  0.23456790  0.0005
    1714 -0.09876543  0.00000000  0.22222222  0.0005
    1715 -0.08641975 -0.01234568  0.20987654  0.0005
    1716 -0.07407407 -0.02469136  0.19753086  0.0005
    1717 -0.06172840 -0.03703704  0.18518519  0.0005
    1718 -0.04938272 -0.04938272  0.17283951  0.0005
    1719 -0.03703704 -0.06172840  0.16049383  0.0005
    1720 -0.02469136 -0.07407407  0.14814815  0.0005
    1721 -0.01234568 -0.08641975  0.13580247  0.0005
    1722  0.00000000 -0.09876543  0.12345679  0.0005
    1723  0.00000000  0.09876543 -0.09876543  0.0005
    1724 -0.01234568  0.11111111 -0.08641975  0.0005
    1725 -0.02469136  0.12345679 -0.07407407  0.0005
    1726 -0.03703704  0.13580247 -0.06172840  0.0005
    1727 -0.04938272  0.14814815 -0.04938272  0.0005
    1728 -0.06172840  0.16049383 -0.03703704  0.0005
    1729 -0.07407407  0.17283951 -0.02469136  0.0005
    1730 -0.08641975  0.18518519 -0.01234568  0.0005
    1731 -0.09876543  0.19753086  0.00000000  0.0005
    1732 -0.11111111  0.20987654  0.01234568  0.0005
    1733 -0.12345679  0.22222222  0.02469136  0.0005
    1734 -0.11111111  0.01234568  0.20987654  0.0005
    1735 -0.09876543  0.00000000  0.19753086  0.0005
    1736 -0.08641975 -0.01234568  0.18518519  0.0005
    1737 -0.07407407 -0.02469136  0.17283951  0.0005
    1738 -0.06172840 -0.03703704  0.16049383  0.0005
    1739 -0.04938272 -0.04938272  0.14814815  0.0005
    1740 -0.03703704 -0.06172840  0.13580247  0.0005
    1741 -0.02469136 -0.07407407  0.12345679  0.0005
    1742 -0.01234568 -0.08641975  0.11111111  0.0005
    1743  0.01234568  0.08641975 -0.08641975  0.0005
    1744  0.00000000  0.09876543 -0.07407407  0.0005
    1745 -0.01234568  0.11111111 -0.06172840  0.0005
    1746 -0.02469136  0.12345679 -0.04938272  0.0005
    1747 -0.03703704  0.13580247 -0.03703704  0.0005
    1748 -0.04938272  0.14814815 -0.02469136  0.0005
    1749 -0.06172840  0.16049383 -0.01234568  0.0005
    1750 -0.07407407  0.17283951  0.00000000  0.0005
    1751 -0.08641975  0.18518519  0.01234568  0.0005
    1752 -0.09876543  0.19753086  0.02469136  0.0005
    1753 -0.11111111  0.20987654  0.03703704  0.0005
    1754 -0.12345679  0.02469136  0.19753086  0.0005
    1755 -0.11111111  0.01234568  0.18518519  0.0005
    1756 -0.09876543  0.00000000  0.17283951  0.0005
    1757 -0.08641975 -0.01234568  0.16049383  0.0005
    1758 -0.07407407 -0.02469136  0.14814815  0.0005
    1759 -0.06172840 -0.03703704  0.13580247  0.0005
    1760 -0.04938272 -0.04938272  0.12345679  0.0005
    1761 -0.03703704 -0.06172840  0.11111111  0.0005
    1762  0.02469136  0.07407407 -0.09876543  0.0005
    1763  0.02469136  0.07407407 -0.07407407  0.0005
    1764  0.01234568  0.08641975 -0.06172840  0.0005
    1765  0.00000000  0.09876543 -0.04938272  0.0005
    1766 -0.01234568  0.11111111 -0.03703704  0.0005
    1767 -0.02469136  0.12345679 -0.02469136  0.0005
    1768 -0.03703704  0.13580247 -0.01234568  0.0005
    1769 -0.04938272  0.14814815  0.00000000  0.0005
    1770 -0.06172840  0.16049383  0.01234568  0.0005
    1771 -0.07407407  0.17283951  0.02469136  0.0005
    1772 -0.08641975  0.18518519  0.03703704  0.0005
    1773 -0.09876543  0.19753086  0.04938272  0.0005
    1774 -0.13580247  0.03703704  0.18518519  0.0005
    1775 -0.12345679  0.02469136  0.17283951  0.0005
    1776 -0.11111111  0.01234568  0.16049383  0.0005
    1777 -0.09876543  0.00000000  0.14814815  0.0005
    1778 -0.08641975 -0.01234568  0.13580247  0.0005
    1779 -0.07407407 -0.02469136  0.12345679  0.0005
    1780 -0.06172840 -0.03703704  0.11111111  0.0005
    1781 -0.04938272 -0.04938272  0.09876543  0.0005
    1782  0.03703704  0.06172840 -0.08641975  0.0005
    1783  0.03703704  0.06172840 -0.06172840  0.0005
    1784  0.02469136  0.07407407 -0.04938272  0.0005
    1785  0.01234568  0.08641975 -0.03703704  0.0005
    1786  0.00000000  0.09876543 -0.02469136  0.0005
    1787 -0.01234568  0.11111111 -0.01234568  0.0005
    1788 -0.02469136  0.12345679  0.00000000  0.0005
    1789 -0.03703704  0.13580247  0.01234568  0.0005
    1790 -0.04938272  0.14814815  0.02469136  0.0005
    1791 -0.06172840  0.16049383  0.03703704  0.0005
    1792 -0.07407407  0.17283951  0.04938272  0.0005
    1793 -0.08641975  0.18518519  0.06172840  0.0005
    1794 -0.14814815  0.04938272  0.17283951  0.0005
    1795 -0.13580247  0.03703704  0.16049383  0.0005
    1796 -0.12345679  0.02469136  0.14814815  0.0005
    1797 -0.11111111  0.01234568  0.13580247  0.0005
    1798 -0.09876543  0.00000000  0.12345679  0.0005
    1799 -0.08641975 -0.01234568  0.11111111  0.0005
    1800  0.07407407  0.02469136 -0.09876543  0.0005
    1801  0.06172840  0.03703704 -0.08641975  0.0005
    1802  0.04938272  0.04938272 -0.07407407  0.0005
    1803  0.06172840  0.06172840 -0.06172840  0.0005
    1804  0.04938272  0.07407407 -0.04938272  0.0005
    1805  0.03703704  0.08641975 -0.03703704  0.0005
    1806  0.02469136  0.09876543 -0.02469136  0.0005
    1807  0.01234568  0.11111111 -0.01234568  0.0005
    1808  0.00000000  0.12345679  0.00000000  0.0005
    1809 -0.01234568  0.13580247  0.01234568  0.0005
    1810 -0.02469136  0.14814815  0.02469136  0.0005
    1811 -0.03703704  0.16049383  0.03703704  0.0005
    1812 -0.04938272  0.17283951  0.04938272  0.0005
    1813 -0.06172840  0.18518519  0.06172840  0.0005
    1814 -0.17283951  0.04938272  0.17283951  0.0005
    1815 -0.16049383  0.03703704  0.16049383  0.0005
    1816 -0.14814815  0.02469136  0.14814815  0.0005
    1817 -0.13580247  0.01234568  0.13580247  0.0005
    1818  0.12345679  0.00000000 -0.12345679  0.0005
    1819  0.11111111  0.01234568 -0.11111111  0.0005
    1820  0.09876543  0.02469136 -0.09876543  0.0005
    1821  0.08641975  0.03703704 -0.08641975  0.0005
    1822  0.07407407  0.04938272 -0.07407407  0.0005
    1823  0.07407407  0.04938272 -0.04938272  0.0005
    1824  0.06172840  0.06172840 -0.03703704  0.0005
    1825  0.04938272  0.07407407 -0.02469136  0.0005
    1826  0.03703704  0.08641975 -0.01234568  0.0005
    1827  0.02469136  0.09876543  0.00000000  0.0005
    1828  0.01234568  0.11111111  0.01234568  0.0005
    1829  0.00000000  0.12345679  0.02469136  0.0005
    1830 -0.01234568  0.13580247  0.03703704  0.0005
    1831 -0.02469136  0.14814815  0.04938272  0.0005
    1832 -0.03703704  0.16049383  0.06172840  0.0005
    1833 -0.04938272  0.17283951  0.07407407  0.0005
    1834 -0.18518519  0.06172840  0.16049383  0.0005
    1835 -0.17283951  0.04938272  0.14814815  0.0005
    1836 -0.16049383  0.03703704  0.13580247  0.0005
    1837  0.14814815 -0.02469136 -0.12345679  0.0005
    1838  0.13580247 -0.01234568 -0.11111111  0.0005
    1839  0.12345679  0.00000000 -0.09876543  0.0005
    1840  0.11111111  0.01234568 -0.08641975  0.0005
    1841  0.09876543  0.02469136 -0.07407407  0.0005
    1842  0.08641975  0.03703704 -0.06172840  0.0005
    1843  0.08641975  0.03703704 -0.03703704  0.0005
    1844  0.07407407  0.04938272 -0.02469136  0.0005
    1845  0.06172840  0.06172840 -0.01234568  0.0005
    1846  0.04938272  0.07407407  0.00000000  0.0005
    1847  0.03703704  0.08641975  0.01234568  0.0005
    1848  0.02469136  0.09876543  0.02469136  0.0005
    1849  0.01234568  0.11111111  0.03703704  0.0005
    1850  0.00000000  0.12345679  0.04938272  0.0005
    1851 -0.01234568  0.13580247  0.06172840  0.0005
    1852 -0.02469136  0.14814815  0.07407407  0.0005
    1853 -0.03703704  0.16049383  0.08641975  0.0005
    1854 -0.19753086  0.07407407  0.14814815  0.0005
    1855 -0.18518519  0.06172840  0.13580247  0.0005
    1856 -0.17283951  0.04938272  0.12345679  0.0005
    1857  0.16049383 -0.03703704 -0.11111111  0.0005
    1858  0.14814815 -0.02469136 -0.09876543  0.0005
    1859  0.13580247 -0.01234568 -0.08641975  0.0005
    1860  0.12345679  0.00000000 -0.07407407  0.0005
    1861  0.11111111  0.01234568 -0.06172840  0.0005
    1862  0.09876543  0.02469136 -0.04938272  0.0005
    1863  0.09876543  0.02469136 -0.02469136  0.0005
    1864  0.08641975  0.03703704 -0.01234568  0.0005
    1865  0.07407407  0.04938272  0.00000000  0.0005
    1866  0.06172840  0.06172840  0.01234568  0.0005
    1867  0.04938272  0.07407407  0.02469136  0.0005
    1868  0.03703704  0.08641975  0.03703704  0.0005
    1869  0.02469136  0.09876543  0.04938272  0.0005
    1870  0.01234568  0.11111111  0.06172840  0.0005
    1871  0.00000000  0.12345679  0.07407407  0.0005
    1872 -0.01234568  0.13580247  0.08641975  0.0005
    1873 -0.02469136  0.14814815  0.09876543  0.0005
    1874 -0.20987654  0.08641975  0.13580247  0.0005
    1875 -0.19753086  0.07407407  0.12345679  0.0005
    1876  0.18518519 -0.06172840 -0.11111111  0.0005
    1877  0.17283951 -0.04938272 -0.09876543  0.0005
    1878  0.16049383 -0.03703704 -0.08641975  0.0005
    1879  0.14814815 -0.02469136 -0.07407407  0.0005
    1880  0.13580247 -0.01234568 -0.06172840  0.0005
    1881  0.12345679  0.00000000 -0.04938272  0.0005
    1882  0.11111111  0.01234568 -0.03703704  0.0005
    1883  0.11111111  0.01234568 -0.01234568  0.0005
    1884  0.09876543  0.02469136  0.00000000  0.0005
    1885  0.08641975  0.03703704  0.01234568  0.0005
    1886  0.07407407  0.04938272  0.02469136  0.0005
    1887  0.06172840  0.06172840  0.03703704  0.0005
    1888  0.04938272  0.07407407  0.04938272  0.0005
    1889  0.03703704  0.08641975  0.06172840  0.0005
    1890  0.02469136  0.09876543  0.07407407  0.0005
    1891  0.01234568  0.11111111  0.08641975  0.0005
    1892  0.00000000  0.12345679  0.09876543  0.0005
    1893 -0.01234568  0.13580247  0.11111111  0.0005
    1894  0.22222222 -0.09876543 -0.12345679  0.0005
    1895  0.20987654 -0.08641975 -0.11111111  0.0005
    1896  0.19753086 -0.07407407 -0.09876543  0.0005
    1897  0.18518519 -0.06172840 -0.08641975  0.0005
    1898  0.17283951 -0.04938272 -0.07407407  0.0005
    1899  0.16049383 -0.03703704 -0.06172840  0.0005
    1900  0.14814815 -0.02469136 -0.04938272  0.0005
    1901  0.13580247 -0.01234568 -0.03703704  0.0005
    1902  0.12345679  0.00000000 -0.02469136  0.0005
    1903  0.12345679  0.00000000  0.00000000  0.0005
    1904  0.11111111  0.01234568  0.01234568  0.0005
    1905  0.09876543  0.02469136  0.02469136  0.0005
    1906  0.08641975  0.03703704  0.03703704  0.0005
    1907  0.07407407  0.04938272  0.04938272  0.0005
    1908  0.06172840  0.06172840  0.06172840  0.0005
    1909  0.04938272  0.07407407  0.07407407  0.0005
    1910  0.03703704  0.08641975  0.08641975  0.0005
    1911  0.02469136  0.09876543  0.09876543  0.0005
    1912  0.01234568  0.11111111  0.11111111  0.0005
    1913  0.00000000  0.12345679  0.12345679  0.0005
    1914  0.23456790 -0.11111111 -0.11111111  0.0005
    1915  0.22222222 -0.09876543 -0.09876543  0.0005
    1916  0.20987654 -0.08641975 -0.08641975  0.0005
    1917  0.19753086 -0.07407407 -0.07407407  0.0005
    1918  0.18518519 -0.06172840 -0.06172840  0.0005
    1919  0.17283951 -0.04938272 -0.04938272  0.0005
    1920  0.16049383 -0.03703704 -0.03703704  0.0005
    1921  0.14814815 -0.02469136 -0.02469136  0.0005
    1922  0.13580247 -0.01234568 -0.01234568  0.0005
    1923  0.13580247 -0.01234568  0.01234568  0.0005
    1924  0.12345679  0.00000000  0.02469136  0.0005
    1925  0.11111111  0.01234568  0.03703704  0.0005
    1926  0.09876543  0.02469136  0.04938272  0.0005
    1927  0.08641975  0.03703704  0.06172840  0.0005
    1928  0.07407407  0.04938272  0.07407407  0.0005
    1929  0.06172840  0.06172840  0.08641975  0.0005
    1930  0.04938272  0.07407407  0.09876543  0.0005
    1931  0.03703704  0.08641975  0.11111111  0.0005
    1932  0.02469136  0.09876543  0.12345679  0.0005
    1933  0.01234568  0.11111111  0.13580247  0.0005
    1934  0.24691358 -0.12345679 -0.09876543  0.0005
    1935  0.23456790 -0.11111111 -0.08641975  0.0005
    1936  0.22222222 -0.09876543 -0.07407407  0.0005
    1937  0.20987654 -0.08641975 -0.06172840  0.0005
    1938  0.19753086 -0.07407407 -0.04938272  0.0005
    1939  0.18518519 -0.06172840 -0.03703704  0.0005
    1940  0.17283951 -0.04938272 -0.02469136  0.0005
    1941  0.16049383 -0.03703704 -0.01234568  0.0005
    1942  0.14814815 -0.02469136  0.00000000  0.0005
    1943  0.14814815 -0.02469136  0.02469136  0.0005
    1944  0.13580247 -0.01234568  0.03703704  0.0005
    1945  0.12345679  0.00000000  0.04938272  0.0005
    1946  0.11111111  0.01234568  0.06172840  0.0005
    1947  0.09876543  0.02469136  0.07407407  0.0005
    1948  0.08641975  0.03703704  0.08641975  0.0005
    1949  0.07407407  0.04938272  0.09876543  0.0005
    1950  0.06172840  0.06172840  0.11111111  0.0005
    1951  0.04938272  0.07407407  0.12345679  0.0005
    1952  0.03703704  0.08641975  0.13580247  0.0005
    1953  0.02469136  0.09876543  0.14814815  0.0005
    1954  0.25925926 -0.13580247 -0.08641975  0.0005
    1955  0.24691358 -0.12345679 -0.07407407  0.0005
    1956  0.23456790 -0.11111111 -0.06172840  0.0005
    1957  0.22222222 -0.09876543 -0.04938272  0.0005
    1958  0.20987654 -0.08641975 -0.03703704  0.0005
    1959  0.19753086 -0.07407407 -0.02469136  0.0005
    1960  0.18518519 -0.06172840 -0.01234568  0.0005
    1961  0.17283951 -0.04938272  0.00000000  0.0005
    1962  0.16049383 -0.03703704  0.01234568  0.0005
    1963  0.16049383 -0.03703704  0.03703704  0.0005
    1964  0.14814815 -0.02469136  0.04938272  0.0005
    1965  0.13580247 -0.01234568  0.06172840  0.0005
    1966  0.12345679  0.00000000  0.07407407  0.0005
    1967  0.11111111  0.01234568  0.08641975  0.0005
    1968  0.09876543  0.02469136  0.09876543  0.0005
    1969  0.08641975  0.03703704  0.11111111  0.0005
    1970  0.07407407  0.04938272  0.12345679  0.0005
    1971  0.06172840  0.06172840  0.13580247  0.0005
    1972  0.04938272  0.07407407  0.14814815  0.0005
    1973  0.03703704  0.08641975  0.16049383  0.0005
    1974  0.27160494 -0.14814815 -0.07407407  0.0005
    1975  0.25925926 -0.13580247 -0.06172840  0.0005
    1976  0.24691358 -0.12345679 -0.04938272  0.0005
    1977  0.23456790 -0.11111111 -0.03703704  0.0005
    1978  0.22222222 -0.09876543 -0.02469136  0.0005
    1979  0.20987654 -0.08641975 -0.01234568  0.0005
    1980  0.19753086 -0.07407407  0.00000000  0.0005
    1981  0.18518519 -0.06172840  0.01234568  0.0005
    1982  0.17283951 -0.04938272  0.02469136  0.0005
    1983  0.17283951 -0.04938272  0.04938272  0.0005
    1984  0.16049383 -0.03703704  0.06172840  0.0005
    1985  0.14814815 -0.02469136  0.07407407  0.0005
    1986  0.13580247 -0.01234568  0.08641975  0.0005
    1987  0.12345679  0.00000000  0.09876543  0.0005
    1988  0.11111111  0.01234568  0.11111111  0.0005
    1989  0.09876543  0.02469136  0.12345679  0.0005
    1990  0.08641975  0.03703704  0.13580247  0.0005
    1991  0.07407407  0.04938272  0.14814815  0.0005
    1992  0.06172840  0.06172840  0.16049383  0.0005
    1993  0.04938272  0.07407407  0.17283951  0.0005
    1994  0.28395062 -0.16049383 -0.06172840  0.0005
    1995  0.27160494 -0.14814815 -0.04938272  0.0005
    1996  0.25925926 -0.13580247 -0.03703704  0.0005
    1997  0.24691358 -0.12345679 -0.02469136  0.0005
    1998  0.23456790 -0.11111111 -0.01234568  0.0005
    1999  0.22222222 -0.09876543  0.00000000  0.0005
    2000  0.20987654 -0.08641975  0.01234568  0.0005
    2001  0.19753086 -0.07407407  0.02469136  0.0005
    2002  0.18518519 -0.06172840  0.03703704  0.0005
    2003  0.18518519 -0.06172840  0.06172840  0.0005
    2004  0.17283951 -0.04938272  0.07407407  0.0005
    2005  0.16049383 -0.03703704  0.08641975  0.0005
    2006  0.14814815 -0.02469136  0.09876543  0.0005
    2007  0.13580247 -0.01234568  0.11111111  0.0005
    2008  0.12345679  0.00000000  0.12345679  0.0005
    2009  0.11111111  0.01234568  0.13580247  0.0005
    2010  0.09876543  0.02469136  0.14814815  0.0005
    2011  0.08641975  0.03703704  0.16049383  0.0005
    2012  0.07407407  0.04938272  0.17283951  0.0005
    2013  0.06172840  0.06172840  0.18518519  0.0005
    2014 -0.04938272 -0.07407407  0.29629630  0.0005
    2015 -0.03703704 -0.08641975  0.28395062  0.0005
    2016 -0.02469136 -0.09876543  0.27160494  0.0005
    2017 -0.01234568 -0.11111111  0.25925926  0.0005
    2018  0.24691358 -0.12345679  0.00000000  0.0005
    2019  0.23456790 -0.11111111  0.01234568  0.0005
    2020  0.22222222 -0.09876543  0.02469136  0.0005
    2021  0.20987654 -0.08641975  0.03703704  0.0005
    2022  0.19753086 -0.07407407  0.04938272  0.0005
    2023  0.04938272 -0.17283951  0.17283951  0.0005
    2024  0.06172840 -0.18518519  0.16049383  0.0005
    2025  0.07407407 -0.19753086  0.14814815  0.0005
    2026  0.08641975 -0.20987654  0.13580247  0.0005
    2027 -0.09876543  0.22222222 -0.12345679  0.0005
    2028 -0.11111111  0.23456790 -0.11111111  0.0005
    2029 -0.12345679  0.24691358 -0.09876543  0.0005
    2030 -0.13580247  0.25925926 -0.08641975  0.0005
    2031 -0.14814815  0.27160494 -0.07407407  0.0005
    2032 -0.16049383  0.28395062 -0.06172840  0.0005
    2033 -0.07407407 -0.04938272  0.29629630  0.0005
    2034 -0.06172840 -0.06172840  0.28395062  0.0005
    2035 -0.04938272 -0.07407407  0.27160494  0.0005
    2036 -0.03703704 -0.08641975  0.25925926  0.0005
    2037 -0.02469136 -0.09876543  0.24691358  0.0005
    2038 -0.01234568 -0.11111111  0.23456790  0.0005
    2039  0.00000000 -0.12345679  0.22222222  0.0005
    2040  0.01234568 -0.13580247  0.20987654  0.0005
    2041  0.02469136 -0.14814815  0.19753086  0.0005
    2042  0.03703704 -0.16049383  0.18518519  0.0005
    2043  0.03703704 -0.16049383  0.16049383  0.0005
    2044  0.04938272 -0.17283951  0.14814815  0.0005
    2045  0.06172840 -0.18518519  0.13580247  0.0005
    2046  0.07407407 -0.19753086  0.12345679  0.0005
    2047 -0.08641975  0.20987654 -0.11111111  0.0005
    2048 -0.09876543  0.22222222 -0.09876543  0.0005
    2049 -0.11111111  0.23456790 -0.08641975  0.0005
    2050 -0.12345679  0.24691358 -0.07407407  0.0005
    2051 -0.13580247  0.25925926 -0.06172840  0.0005
    2052 -0.14814815  0.27160494 -0.04938272  0.0005
    2053 -0.08641975 -0.03703704  0.28395062  0.0005
    2054 -0.07407407 -0.04938272  0.27160494  0.0005
    2055 -0.06172840 -0.06172840  0.25925926  0.0005
    2056 -0.04938272 -0.07407407  0.24691358  0.0005
    2057 -0.03703704 -0.08641975  0.23456790  0.0005
    2058 -0.02469136 -0.09876543  0.22222222  0.0005
    2059 -0.01234568 -0.11111111  0.20987654  0.0005
    2060  0.00000000 -0.12345679  0.19753086  0.0005
    2061  0.01234568 -0.13580247  0.18518519  0.0005
    2062  0.02469136 -0.14814815  0.17283951  0.0005
    2063  0.02469136 -0.14814815  0.14814815  0.0005
    2064  0.03703704 -0.16049383  0.13580247  0.0005
    2065  0.04938272 -0.17283951  0.12345679  0.0005
    2066 -0.06172840  0.18518519 -0.11111111  0.0005
    2067 -0.07407407  0.19753086 -0.09876543  0.0005
    2068 -0.08641975  0.20987654 -0.08641975  0.0005
    2069 -0.09876543  0.22222222 -0.07407407  0.0005
    2070 -0.11111111  0.23456790 -0.06172840  0.0005
    2071 -0.12345679  0.24691358 -0.04938272  0.0005
    2072 -0.13580247  0.25925926 -0.03703704  0.0005
    2073 -0.09876543 -0.02469136  0.27160494  0.0005
    2074 -0.08641975 -0.03703704  0.25925926  0.0005
    2075 -0.07407407 -0.04938272  0.24691358  0.0005
    2076 -0.06172840 -0.06172840  0.23456790  0.0005
    2077 -0.04938272 -0.07407407  0.22222222  0.0005
    2078 -0.03703704 -0.08641975  0.20987654  0.0005
    2079 -0.02469136 -0.09876543  0.19753086  0.0005
    2080 -0.01234568 -0.11111111  0.18518519  0.0005
    2081  0.00000000 -0.12345679  0.17283951  0.0005
    2082  0.01234568 -0.13580247  0.16049383  0.0005
    2083  0.01234568 -0.13580247  0.13580247  0.0005
    2084  0.02469136 -0.14814815  0.12345679  0.0005
    2085 -0.03703704  0.16049383 -0.11111111  0.0005
    2086 -0.04938272  0.17283951 -0.09876543  0.0005
    2087 -0.06172840  0.18518519 -0.08641975  0.0005
    2088 -0.07407407  0.19753086 -0.07407407  0.0005
    2089 -0.08641975  0.20987654 -0.06172840  0.0005
    2090 -0.09876543  0.22222222 -0.04938272  0.0005
    2091 -0.11111111  0.23456790 -0.03703704  0.0005
    2092 -0.12345679  0.24691358 -0.02469136  0.0005
    2093 -0.11111111 -0.01234568  0.25925926  0.0005
    2094 -0.09876543 -0.02469136  0.24691358  0.0005
    2095 -0.08641975 -0.03703704  0.23456790  0.0005
    2096 -0.07407407 -0.04938272  0.22222222  0.0005
    2097 -0.06172840 -0.06172840  0.20987654  0.0005
    2098 -0.04938272 -0.07407407  0.19753086  0.0005
    2099 -0.03703704 -0.08641975  0.18518519  0.0005
    2100 -0.02469136 -0.09876543  0.17283951  0.0005
    2101 -0.01234568 -0.11111111  0.16049383  0.0005
    2102  0.00000000 -0.12345679  0.14814815  0.0005
    2103  0.00000000  0.12345679 -0.12345679  0.0005
    2104 -0.01234568  0.13580247 -0.11111111  0.0005
    2105 -0.02469136  0.14814815 -0.09876543  0.0005
    2106 -0.03703704  0.16049383 -0.08641975  0.0005
    2107 -0.04938272  0.17283951 -0.07407407  0.0005
    2108 -0.06172840  0.18518519 -0.06172840  0.0005
    2109 -0.07407407  0.19753086 -0.04938272  0.0005
    2110 -0.08641975  0.20987654 -0.03703704  0.0005
    2111 -0.09876543  0.22222222 -0.02469136  0.0005
    2112 -0.11111111  0.23456790 -0.01234568  0.0005
    2113 -0.12345679  0.24691358  0.00000000  0.0005
    2114 -0.11111111 -0.01234568  0.23456790  0.0005
    2115 -0.09876543 -0.02469136  0.22222222  0.0005
    2116 -0.08641975 -0.03703704  0.20987654  0.0005
    2117 -0.07407407 -0.04938272  0.19753086  0.0005
    2118 -0.06172840 -0.06172840  0.18518519  0.0005
    2119 -0.04938272 -0.07407407  0.17283951  0.0005
    2120 -0.03703704 -0.08641975  0.16049383  0.0005
    2121 -0.02469136 -0.09876543  0.14814815  0.0005
    2122 -0.01234568 -0.11111111  0.13580247  0.0005
    2123  0.01234568  0.11111111 -0.11111111  0.0005
    2124  0.00000000  0.12345679 -0.09876543  0.0005
    2125 -0.01234568  0.13580247 -0.08641975  0.0005
    2126 -0.02469136  0.14814815 -0.07407407  0.0005
    2127 -0.03703704  0.16049383 -0.06172840  0.0005
    2128 -0.04938272  0.17283951 -0.04938272  0.0005
    2129 -0.06172840  0.18518519 -0.03703704  0.0005
    2130 -0.07407407  0.19753086 -0.02469136  0.0005
    2131 -0.08641975  0.20987654 -0.01234568  0.0005
    2132 -0.09876543  0.22222222  0.00000000  0.0005
    2133 -0.11111111  0.23456790  0.01234568  0.0005
    2134 -0.12345679  0.00000000  0.22222222  0.0005
    2135 -0.11111111 -0.01234568  0.20987654  0.0005
    2136 -0.09876543 -0.02469136  0.19753086  0.0005
    2137 -0.08641975 -0.03703704  0.18518519  0.0005
    2138 -0.07407407 -0.04938272  0.17283951  0.0005
    2139 -0.06172840 -0.06172840  0.16049383  0.0005
    2140 -0.04938272 -0.07407407  0.14814815  0.0005
    2141 -0.03703704 -0.08641975  0.13580247  0.0005
    2142  0.02469136  0.09876543 -0.12345679  0.0005
    2143  0.02469136  0.09876543 -0.09876543  0.0005
    2144  0.01234568  0.11111111 -0.08641975  0.0005
    2145  0.00000000  0.12345679 -0.07407407  0.0005
    2146 -0.01234568  0.13580247 -0.06172840  0.0005
    2147 -0.02469136  0.14814815 -0.04938272  0.0005
    2148 -0.03703704  0.16049383 -0.03703704  0.0005
    2149 -0.04938272  0.17283951 -0.02469136  0.0005
    2150 -0.06172840  0.18518519 -0.01234568  0.0005
    2151 -0.07407407  0.19753086  0.00000000  0.0005
    2152 -0.08641975  0.20987654  0.01234568  0.0005
    2153 -0.09876543  0.22222222  0.02469136  0.0005
    2154 -0.13580247  0.01234568  0.20987654  0.0005
    2155 -0.12345679  0.00000000  0.19753086  0.0005
    2156 -0.11111111 -0.01234568  0.18518519  0.0005
    2157 -0.09876543 -0.02469136  0.17283951  0.0005
    2158 -0.08641975 -0.03703704  0.16049383  0.0005
    2159 -0.07407407 -0.04938272  0.14814815  0.0005
    2160 -0.06172840 -0.06172840  0.13580247  0.0005
    2161  0.04938272  0.07407407 -0.12345679  0.0005
    2162  0.03703704  0.08641975 -0.11111111  0.0005
    2163  0.03703704  0.08641975 -0.08641975  0.0005
    2164  0.02469136  0.09876543 -0.07407407  0.0005
    2165  0.01234568  0.11111111 -0.06172840  0.0005
    2166  0.00000000  0.12345679 -0.04938272  0.0005
    2167 -0.01234568  0.13580247 -0.03703704  0.0005
    2168 -0.02469136  0.14814815 -0.02469136  0.0005
    2169 -0.03703704  0.16049383 -0.01234568  0.0005
    2170 -0.04938272  0.17283951  0.00000000  0.0005
    2171 -0.06172840  0.18518519  0.01234568  0.0005
    2172 -0.07407407  0.19753086  0.02469136  0.0005
    2173 -0.08641975  0.20987654  0.03703704  0.0005
    2174 -0.14814815  0.02469136  0.19753086  0.0005
    2175 -0.13580247  0.01234568  0.18518519  0.0005
    2176 -0.12345679  0.00000000  0.17283951  0.0005
    2177 -0.11111111 -0.01234568  0.16049383  0.0005
    2178 -0.09876543 -0.02469136  0.14814815  0.0005
    2179 -0.08641975 -0.03703704  0.13580247  0.0005
    2180  0.07407407  0.04938272 -0.12345679  0.0005
    2181  0.06172840  0.06172840 -0.11111111  0.0005
    2182  0.04938272  0.07407407 -0.09876543  0.0005
    2183  0.04938272  0.07407407 -0.07407407  0.0005
    2184  0.03703704  0.08641975 -0.06172840  0.0005
    2185  0.02469136  0.09876543 -0.04938272  0.0005
    2186  0.01234568  0.11111111 -0.03703704  0.0005
    2187  0.00000000  0.12345679 -0.02469136  0.0005
    2188 -0.01234568  0.13580247 -0.01234568  0.0005
    2189 -0.02469136  0.14814815  0.00000000  0.0005
    2190 -0.03703704  0.16049383  0.01234568  0.0005
    2191 -0.04938272  0.17283951  0.02469136  0.0005
    2192 -0.06172840  0.18518519  0.03703704  0.0005
    2193 -0.07407407  0.19753086  0.04938272  0.0005
    2194 -0.16049383  0.03703704  0.18518519  0.0005
    2195 -0.14814815  0.02469136  0.17283951  0.0005
    2196 -0.13580247  0.01234568  0.16049383  0.0005
    2197 -0.12345679  0.00000000  0.14814815  0.0005
    2198 -0.11111111 -0.01234568  0.13580247  0.0005
    2199  0.09876543  0.02469136 -0.12345679  0.0005
    2200  0.08641975  0.03703704 -0.11111111  0.0005
    2201  0.07407407  0.04938272 -0.09876543  0.0005
    2202  0.06172840  0.06172840 -0.08641975  0.0005
    2203  0.07407407  0.07407407 -0.07407407  0.0005
    2204  0.06172840  0.08641975 -0.06172840  0.0005
    2205  0.04938272  0.09876543 -0.04938272  0.0005
    2206  0.03703704  0.11111111 -0.03703704  0.0005
    2207  0.02469136  0.12345679 -0.02469136  0.0005
    2208  0.01234568  0.13580247 -0.01234568  0.0005
    2209  0.00000000  0.14814815  0.00000000  0.0005
    2210 -0.01234568  0.16049383  0.01234568  0.0005
    2211 -0.02469136  0.17283951  0.02469136  0.0005
    2212 -0.03703704  0.18518519  0.03703704  0.0005
    2213 -0.04938272  0.19753086  0.04938272  0.0005
    2214 -0.18518519  0.03703704  0.18518519  0.0005
    2215 -0.17283951  0.02469136  0.17283951  0.0005
    2216 -0.16049383  0.01234568  0.16049383  0.0005
    2217 -0.14814815  0.00000000  0.14814815  0.0005
    2218  0.13580247  0.01234568 -0.13580247  0.0005
    2219  0.12345679  0.02469136 -0.12345679  0.0005
    2220  0.11111111  0.03703704 -0.11111111  0.0005
    2221  0.09876543  0.04938272 -0.09876543  0.0005
    2222  0.08641975  0.06172840 -0.08641975  0.0005
    2223  0.08641975  0.06172840 -0.06172840  0.0005
    2224  0.07407407  0.07407407 -0.04938272  0.0005
    2225  0.06172840  0.08641975 -0.03703704  0.0005
    2226  0.04938272  0.09876543 -0.02469136  0.0005
    2227  0.03703704  0.11111111 -0.01234568  0.0005
    2228  0.02469136  0.12345679  0.00000000  0.0005
    2229  0.01234568  0.13580247  0.01234568  0.0005
    2230  0.00000000  0.14814815  0.02469136  0.0005
    2231 -0.01234568  0.16049383  0.03703704  0.0005
    2232 -0.02469136  0.17283951  0.04938272  0.0005
    2233 -0.03703704  0.18518519  0.06172840  0.0005
    2234 -0.19753086  0.04938272  0.17283951  0.0005
    2235 -0.18518519  0.03703704  0.16049383  0.0005
    2236  0.17283951 -0.02469136 -0.14814815  0.0005
    2237  0.16049383 -0.01234568 -0.13580247  0.0005
    2238  0.14814815  0.00000000 -0.12345679  0.0005
    2239  0.13580247  0.01234568 -0.11111111  0.0005
    2240  0.12345679  0.02469136 -0.09876543  0.0005
    2241  0.11111111  0.03703704 -0.08641975  0.0005
    2242  0.09876543  0.04938272 -0.07407407  0.0005
    2243  0.09876543  0.04938272 -0.04938272  0.0005
    2244  0.08641975  0.06172840 -0.03703704  0.0005
    2245  0.07407407  0.07407407 -0.02469136  0.0005
    2246  0.06172840  0.08641975 -0.01234568  0.0005
    2247  0.04938272  0.09876543  0.00000000  0.0005
    2248  0.03703704  0.11111111  0.01234568  0.0005
    2249  0.02469136  0.12345679  0.02469136  0.0005
    2250  0.01234568  0.13580247  0.03703704  0.0005
    2251  0.00000000  0.14814815  0.04938272  0.0005
    2252 -0.01234568  0.16049383  0.06172840  0.0005
    2253 -0.02469136  0.17283951  0.07407407  0.0005
    2254 -0.20987654  0.06172840  0.16049383  0.0005
    2255  0.19753086 -0.04938272 -0.14814815  0.0005
    2256  0.18518519 -0.03703704 -0.13580247  0.0005
    2257  0.17283951 -0.02469136 -0.12345679  0.0005
    2258  0.16049383 -0.01234568 -0.11111111  0.0005
    2259  0.14814815  0.00000000 -0.09876543  0.0005
    2260  0.13580247  0.01234568 -0.08641975  0.0005
    2261  0.12345679  0.02469136 -0.07407407  0.0005
    2262  0.11111111  0.03703704 -0.06172840  0.0005
    2263  0.11111111  0.03703704 -0.03703704  0.0005
    2264  0.09876543  0.04938272 -0.02469136  0.0005
    2265  0.08641975  0.06172840 -0.01234568  0.0005
    2266  0.07407407  0.07407407  0.00000000  0.0005
    2267  0.06172840  0.08641975  0.01234568  0.0005
    2268  0.04938272  0.09876543  0.02469136  0.0005
    2269  0.03703704  0.11111111  0.03703704  0.0005
    2270  0.02469136  0.12345679  0.04938272  0.0005
    2271  0.01234568  0.13580247  0.06172840  0.0005
    2272  0.00000000  0.14814815  0.07407407  0.0005
    2273 -0.01234568  0.16049383  0.08641975  0.0005
    2274  0.22222222 -0.07407407 -0.14814815  0.0005
    2275  0.20987654 -0.06172840 -0.13580247  0.0005
    2276  0.19753086 -0.04938272 -0.12345679  0.0005
    2277  0.18518519 -0.03703704 -0.11111111  0.0005
    2278  0.17283951 -0.02469136 -0.09876543  0.0005
    2279  0.16049383 -0.01234568 -0.08641975  0.0005
    2280  0.14814815  0.00000000 -0.07407407  0.0005
    2281  0.13580247  0.01234568 -0.06172840  0.0005
    2282  0.12345679  0.02469136 -0.04938272  0.0005
    2283  0.12345679  0.02469136 -0.02469136  0.0005
    2284  0.11111111  0.03703704 -0.01234568  0.0005
    2285  0.09876543  0.04938272  0.00000000  0.0005
    2286  0.08641975  0.06172840  0.01234568  0.0005
    2287  0.07407407  0.07407407  0.02469136  0.0005
    2288  0.06172840  0.08641975  0.03703704  0.0005
    2289  0.04938272  0.09876543  0.04938272  0.0005
    2290  0.03703704  0.11111111  0.06172840  0.0005
    2291  0.02469136  0.12345679  0.07407407  0.0005
    2292  0.01234568  0.13580247  0.08641975  0.0005
    2293  0.00000000  0.14814815  0.09876543  0.0005
    2294  0.23456790 -0.08641975 -0.13580247  0.0005
    2295  0.22222222 -0.07407407 -0.12345679  0.0005
    2296  0.20987654 -0.06172840 -0.11111111  0.0005
    2297  0.19753086 -0.04938272 -0.09876543  0.0005
    2298  0.18518519 -0.03703704 -0.08641975  0.0005
    2299  0.17283951 -0.02469136 -0.07407407  0.0005
    2300  0.16049383 -0.01234568 -0.06172840  0.0005
    2301  0.14814815  0.00000000 -0.04938272  0.0005
    2302  0.13580247  0.01234568 -0.03703704  0.0005
    2303  0.13580247  0.01234568 -0.01234568  0.0005
    2304  0.12345679  0.02469136  0.00000000  0.0005
    2305  0.11111111  0.03703704  0.01234568  0.0005
    2306  0.09876543  0.04938272  0.02469136  0.0005
    2307  0.08641975  0.06172840  0.03703704  0.0005
    2308  0.07407407  0.07407407  0.04938272  0.0005
    2309  0.06172840  0.08641975  0.06172840  0.0005
    2310  0.04938272  0.09876543  0.07407407  0.0005
    2311  0.03703704  0.11111111  0.08641975  0.0005
    2312  0.02469136  0.12345679  0.09876543  0.0005
    2313  0.01234568  0.13580247  0.11111111  0.0005
    2314  0.24691358 -0.09876543 -0.12345679  0.0005
    2315  0.23456790 -0.08641975 -0.11111111  0.0005
    2316  0.22222222 -0.07407407 -0.09876543  0.0005
    2317  0.20987654 -0.06172840 -0.08641975  0.0005
    2318  0.19753086 -0.04938272 -0.07407407  0.0005
    2319  0.18518519 -0.03703704 -0.06172840  0.0005
    2320  0.17283951 -0.02469136 -0.04938272  0.0005
    2321  0.16049383 -0.01234568 -0.03703704  0.0005
    2322  0.14814815  0.00000000 -0.02469136  0.0005
    2323  0.14814815  0.00000000  0.00000000  0.0005
    2324  0.13580247  0.01234568  0.01234568  0.0005
    2325  0.12345679  0.02469136  0.02469136  0.0005
    2326  0.11111111  0.03703704  0.03703704  0.0005
    2327  0.09876543  0.04938272  0.04938272  0.0005
    2328  0.08641975  0.06172840  0.06172840  0.0005
    2329  0.07407407  0.07407407  0.07407407  0.0005
    2330  0.06172840  0.08641975  0.08641975  0.0005
    2331  0.04938272  0.09876543  0.09876543  0.0005
    2332  0.03703704  0.11111111  0.11111111  0.0005
    2333  0.02469136  0.12345679  0.12345679  0.0005
    2334  0.25925926 -0.11111111 -0.11111111  0.0005
    2335  0.24691358 -0.09876543 -0.09876543  0.0005
    2336  0.23456790 -0.08641975 -0.08641975  0.0005
    2337  0.22222222 -0.07407407 -0.07407407  0.0005
    2338  0.20987654 -0.06172840 -0.06172840  0.0005
    2339  0.19753086 -0.04938272 -0.04938272  0.0005
    2340  0.18518519 -0.03703704 -0.03703704  0.0005
    2341  0.17283951 -0.02469136 -0.02469136  0.0005
    2342  0.16049383 -0.01234568 -0.01234568  0.0005
    2343  0.16049383 -0.01234568  0.01234568  0.0005
    2344  0.14814815  0.00000000  0.02469136  0.0005
    2345  0.13580247  0.01234568  0.03703704  0.0005
    2346  0.12345679  0.02469136  0.04938272  0.0005
    2347  0.11111111  0.03703704  0.06172840  0.0005
    2348  0.09876543  0.04938272  0.07407407  0.0005
    2349  0.08641975  0.06172840  0.08641975  0.0005
    2350  0.07407407  0.07407407  0.09876543  0.0005
    2351  0.06172840  0.08641975  0.11111111  0.0005
    2352  0.04938272  0.09876543  0.12345679  0.0005
    2353  0.03703704  0.11111111  0.13580247  0.0005
    2354  0.27160494 -0.12345679 -0.09876543  0.0005
    2355  0.25925926 -0.11111111 -0.08641975  0.0005
    2356  0.24691358 -0.09876543 -0.07407407  0.0005
    2357  0.23456790 -0.08641975 -0.06172840  0.0005
    2358  0.22222222 -0.07407407 -0.04938272  0.0005
    2359  0.20987654 -0.06172840 -0.03703704  0.0005
    2360  0.19753086 -0.04938272 -0.02469136  0.0005
    2361  0.18518519 -0.03703704 -0.01234568  0.0005
    2362  0.17283951 -0.02469136  0.00000000  0.0005
    2363  0.17283951 -0.02469136  0.02469136  0.0005
    2364  0.16049383 -0.01234568  0.03703704  0.0005
    2365  0.14814815  0.00000000  0.04938272  0.0005
    2366  0.13580247  0.01234568  0.06172840  0.0005
    2367  0.12345679  0.02469136  0.07407407  0.0005
    2368  0.11111111  0.03703704  0.08641975  0.0005
    2369  0.09876543  0.04938272  0.09876543  0.0005
    2370  0.08641975  0.06172840  0.11111111  0.0005
    2371  0.07407407  0.07407407  0.12345679  0.0005
    2372  0.06172840  0.08641975  0.13580247  0.0005
    2373  0.04938272  0.09876543  0.14814815  0.0005
    2374  0.28395062 -0.13580247 -0.08641975  0.0005
    2375  0.27160494 -0.12345679 -0.07407407  0.0005
    2376  0.25925926 -0.11111111 -0.06172840  0.0005
    2377  0.24691358 -0.09876543 -0.04938272  0.0005
    2378  0.23456790 -0.08641975 -0.03703704  0.0005
    2379  0.22222222 -0.07407407 -0.02469136  0.0005
    2380  0.20987654 -0.06172840 -0.01234568  0.0005
    2381  0.19753086 -0.04938272  0.00000000  0.0005
    2382  0.18518519 -0.03703704  0.01234568  0.0005
    2383  0.18518519 -0.03703704  0.03703704  0.0005
    2384  0.17283951 -0.02469136  0.04938272  0.0005
    2385  0.16049383 -0.01234568  0.06172840  0.0005
    2386  0.14814815  0.00000000  0.07407407  0.0005
    2387  0.13580247  0.01234568  0.08641975  0.0005
    2388  0.12345679  0.02469136  0.09876543  0.0005
    2389  0.11111111  0.03703704  0.11111111  0.0005
    2390  0.09876543  0.04938272  0.12345679  0.0005
    2391  0.08641975  0.06172840  0.13580247  0.0005
    2392  0.07407407  0.07407407  0.14814815  0.0005
    2393  0.06172840  0.08641975  0.16049383  0.0005
    2394  0.29629630 -0.14814815 -0.07407407  0.0005
    2395  0.28395062 -0.13580247 -0.06172840  0.0005
    2396  0.27160494 -0.12345679 -0.04938272  0.0005
    2397  0.25925926 -0.11111111 -0.03703704  0.0005
    2398  0.24691358 -0.09876543 -0.02469136  0.0005
    2399  0.23456790 -0.08641975 -0.01234568  0.0005
    2400  0.22222222 -0.07407407  0.00000000  0.0005
    2401  0.20987654 -0.06172840  0.01234568  0.0005
    2402  0.19753086 -0.04938272  0.02469136  0.0005
    2403  0.19753086 -0.04938272  0.04938272  0.0005
    2404  0.18518519 -0.03703704  0.06172840  0.0005
    2405  0.17283951 -0.02469136  0.07407407  0.0005
    2406  0.16049383 -0.01234568  0.08641975  0.0005
    2407  0.14814815  0.00000000  0.09876543  0.0005
    2408  0.13580247  0.01234568  0.11111111  0.0005
    2409  0.12345679  0.02469136  0.12345679  0.0005
    2410  0.11111111  0.03703704  0.13580247  0.0005
    2411  0.09876543  0.04938272  0.14814815  0.0005
    2412  0.08641975  0.06172840  0.16049383  0.0005
    2413  0.07407407  0.07407407  0.17283951  0.0005
    2414 -0.06172840 -0.08641975  0.30864198  0.0005
    2415 -0.04938272 -0.09876543  0.29629630  0.0005
    2416 -0.03703704 -0.11111111  0.28395062  0.0005
    2417  0.27160494 -0.12345679 -0.02469136  0.0005
    2418  0.25925926 -0.11111111 -0.01234568  0.0005
    2419  0.24691358 -0.09876543  0.00000000  0.0005
    2420  0.23456790 -0.08641975  0.01234568  0.0005
    2421  0.22222222 -0.07407407  0.02469136  0.0005
    2422  0.20987654 -0.06172840  0.03703704  0.0005
    2423  0.03703704 -0.18518519  0.18518519  0.0005
    2424  0.04938272 -0.19753086  0.17283951  0.0005
    2425  0.06172840 -0.20987654  0.16049383  0.0005
    2426 -0.07407407  0.22222222 -0.14814815  0.0005
    2427 -0.08641975  0.23456790 -0.13580247  0.0005
    2428 -0.09876543  0.24691358 -0.12345679  0.0005
    2429 -0.11111111  0.25925926 -0.11111111  0.0005
    2430 -0.12345679  0.27160494 -0.09876543  0.0005
    2431 -0.13580247  0.28395062 -0.08641975  0.0005
    2432 -0.14814815  0.29629630 -0.07407407  0.0005
    2433 -0.08641975 -0.06172840  0.30864198  0.0005
    2434 -0.07407407 -0.07407407  0.29629630  0.0005
    2435 -0.06172840 -0.08641975  0.28395062  0.0005
    2436 -0.04938272 -0.09876543  0.27160494  0.0005
    2437 -0.03703704 -0.11111111  0.25925926  0.0005
    2438 -0.02469136 -0.12345679  0.24691358  0.0005
    2439 -0.01234568 -0.13580247  0.23456790  0.0005
    2440  0.00000000 -0.14814815  0.22222222  0.0005
    2441  0.01234568 -0.16049383  0.20987654  0.0005
    2442  0.02469136 -0.17283951  0.19753086  0.0005
    2443  0.02469136 -0.17283951  0.17283951  0.0005
    2444  0.03703704 -0.18518519  0.16049383  0.0005
    2445 -0.04938272  0.19753086 -0.14814815  0.0005
    2446 -0.06172840  0.20987654 -0.13580247  0.0005
    2447 -0.07407407  0.22222222 -0.12345679  0.0005
    2448 -0.08641975  0.23456790 -0.11111111  0.0005
    2449 -0.09876543  0.24691358 -0.09876543  0.0005
    2450 -0.11111111  0.25925926 -0.08641975  0.0005
    2451 -0.12345679  0.27160494 -0.07407407  0.0005
    2452 -0.13580247  0.28395062 -0.06172840  0.0005
    2453 -0.09876543 -0.04938272  0.29629630  0.0005
    2454 -0.08641975 -0.06172840  0.28395062  0.0005
    2455 -0.07407407 -0.07407407  0.27160494  0.0005
    2456 -0.06172840 -0.08641975  0.25925926  0.0005
    2457 -0.04938272 -0.09876543  0.24691358  0.0005
    2458 -0.03703704 -0.11111111  0.23456790  0.0005
    2459 -0.02469136 -0.12345679  0.22222222  0.0005
    2460 -0.01234568 -0.13580247  0.20987654  0.0005
    2461  0.00000000 -0.14814815  0.19753086  0.0005
    2462  0.01234568 -0.16049383  0.18518519  0.0005
    2463  0.01234568 -0.16049383  0.16049383  0.0005
    2464 -0.02469136  0.17283951 -0.14814815  0.0005
    2465 -0.03703704  0.18518519 -0.13580247  0.0005
    2466 -0.04938272  0.19753086 -0.12345679  0.0005
    2467 -0.06172840  0.20987654 -0.11111111  0.0005
    2468 -0.07407407  0.22222222 -0.09876543  0.0005
    2469 -0.08641975  0.23456790 -0.08641975  0.0005
    2470 -0.09876543  0.24691358 -0.07407407  0.0005
    2471 -0.11111111  0.25925926 -0.06172840  0.0005
    2472 -0.12345679  0.27160494 -0.04938272  0.0005
    2473 -0.11111111 -0.03703704  0.28395062  0.0005
    2474 -0.09876543 -0.04938272  0.27160494  0.0005
    2475 -0.08641975 -0.06172840  0.25925926  0.0005
    2476 -0.07407407 -0.07407407  0.24691358  0.0005
    2477 -0.06172840 -0.08641975  0.23456790  0.0005
    2478 -0.04938272 -0.09876543  0.22222222  0.0005
    2479 -0.03703704 -0.11111111  0.20987654  0.0005
    2480 -0.02469136 -0.12345679  0.19753086  0.0005
    2481 -0.01234568 -0.13580247  0.18518519  0.0005
    2482  0.00000000 -0.14814815  0.17283951  0.0005
    2483  0.00000000 -0.14814815  0.14814815  0.0005
    2484 -0.01234568  0.16049383 -0.13580247  0.0005
    2485 -0.02469136  0.17283951 -0.12345679  0.0005
    2486 -0.03703704  0.18518519 -0.11111111  0.0005
    2487 -0.04938272  0.19753086 -0.09876543  0.0005
    2488 -0.06172840  0.20987654 -0.08641975  0.0005
    2489 -0.07407407  0.22222222 -0.07407407  0.0005
    2490 -0.08641975  0.23456790 -0.06172840  0.0005
    2491 -0.09876543  0.24691358 -0.04938272  0.0005
    2492 -0.11111111  0.25925926 -0.03703704  0.0005
    2493 -0.12345679  0.27160494 -0.02469136  0.0005
    2494 -0.11111111 -0.03703704  0.25925926  0.0005
    2495 -0.09876543 -0.04938272  0.24691358  0.0005
    2496 -0.08641975 -0.06172840  0.23456790  0.0005
    2497 -0.07407407 -0.07407407  0.22222222  0.0005
    2498 -0.06172840 -0.08641975  0.20987654  0.0005
    2499 -0.04938272 -0.09876543  0.19753086  0.0005
    2500 -0.03703704 -0.11111111  0.18518519  0.0005
    2501 -0.02469136 -0.12345679  0.17283951  0.0005
    2502 -0.01234568 -0.13580247  0.16049383  0.0005
    2503  0.01234568  0.13580247 -0.13580247  0.0005
    2504  0.00000000  0.14814815 -0.12345679  0.0005
    2505 -0.01234568  0.16049383 -0.11111111  0.0005
    2506 -0.02469136  0.17283951 -0.09876543  0.0005
    2507 -0.03703704  0.18518519 -0.08641975  0.0005
    2508 -0.04938272  0.19753086 -0.07407407  0.0005
    2509 -0.06172840  0.20987654 -0.06172840  0.0005
    2510 -0.07407407  0.22222222 -0.04938272  0.0005
    2511 -0.08641975  0.23456790 -0.03703704  0.0005
    2512 -0.09876543  0.24691358 -0.02469136  0.0005
    2513 -0.11111111  0.25925926 -0.01234568  0.0005
    2514 -0.12345679 -0.02469136  0.24691358  0.0005
    2515 -0.11111111 -0.03703704  0.23456790  0.0005
    2516 -0.09876543 -0.04938272  0.22222222  0.0005
    2517 -0.08641975 -0.06172840  0.20987654  0.0005
    2518 -0.07407407 -0.07407407  0.19753086  0.0005
    2519 -0.06172840 -0.08641975  0.18518519  0.0005
    2520 -0.04938272 -0.09876543  0.17283951  0.0005
    2521 -0.03703704 -0.11111111  0.16049383  0.0005
    2522  0.02469136  0.12345679 -0.14814815  0.0005
    2523  0.02469136  0.12345679 -0.12345679  0.0005
    2524  0.01234568  0.13580247 -0.11111111  0.0005
    2525  0.00000000  0.14814815 -0.09876543  0.0005
    2526 -0.01234568  0.16049383 -0.08641975  0.0005
    2527 -0.02469136  0.17283951 -0.07407407  0.0005
    2528 -0.03703704  0.18518519 -0.06172840  0.0005
    2529 -0.04938272  0.19753086 -0.04938272  0.0005
    2530 -0.06172840  0.20987654 -0.03703704  0.0005
    2531 -0.07407407  0.22222222 -0.02469136  0.0005
    2532 -0.08641975  0.23456790 -0.01234568  0.0005
    2533 -0.09876543  0.24691358  0.00000000  0.0005
    2534 -0.13580247 -0.01234568  0.23456790  0.0005
    2535 -0.12345679 -0.02469136  0.22222222  0.0005
    2536 -0.11111111 -0.03703704  0.20987654  0.0005
    2537 -0.09876543 -0.04938272  0.19753086  0.0005
    2538 -0.08641975 -0.06172840  0.18518519  0.0005
    2539 -0.07407407 -0.07407407  0.17283951  0.0005
    2540 -0.06172840 -0.08641975  0.16049383  0.0005
    2541  0.04938272  0.09876543 -0.14814815  0.0005
    2542  0.03703704  0.11111111 -0.13580247  0.0005
    2543  0.03703704  0.11111111 -0.11111111  0.0005
    2544  0.02469136  0.12345679 -0.09876543  0.0005
    2545  0.01234568  0.13580247 -0.08641975  0.0005
    2546  0.00000000  0.14814815 -0.07407407  0.0005
    2547 -0.01234568  0.16049383 -0.06172840  0.0005
    2548 -0.02469136  0.17283951 -0.04938272  0.0005
    2549 -0.03703704  0.18518519 -0.03703704  0.0005
    2550 -0.04938272  0.19753086 -0.02469136  0.0005
    2551 -0.06172840  0.20987654 -0.01234568  0.0005
    2552 -0.07407407  0.22222222  0.00000000  0.0005
    2553 -0.08641975  0.23456790  0.01234568  0.0005
    2554 -0.14814815  0.00000000  0.22222222  0.0005
    2555 -0.13580247 -0.01234568  0.20987654  0.0005
    2556 -0.12345679 -0.02469136  0.19753086  0.0005
    2557 -0.11111111 -0.03703704  0.18518519  0.0005
    2558 -0.09876543 -0.04938272  0.17283951  0.0005
    2559 -0.08641975 -0.06172840  0.16049383  0.0005
    2560  0.07407407  0.07407407 -0.14814815  0.0005
    2561  0.06172840  0.08641975 -0.13580247  0.0005
    2562  0.04938272  0.09876543 -0.12345679  0.0005
    2563  0.04938272  0.09876543 -0.09876543  0.0005
    2564  0.03703704  0.11111111 -0.08641975  0.0005
    2565  0.02469136  0.12345679 -0.07407407  0.0005
    2566  0.01234568  0.13580247 -0.06172840  0.0005
    2567  0.00000000  0.14814815 -0.04938272  0.0005
    2568 -0.01234568  0.16049383 -0.03703704  0.0005
    2569 -0.02469136  0.17283951 -0.02469136  0.0005
    2570 -0.03703704  0.18518519 -0.01234568  0.0005
    2571 -0.04938272  0.19753086  0.00000000  0.0005
    2572 -0.06172840  0.20987654  0.01234568  0.0005
    2573 -0.07407407  0.22222222  0.02469136  0.0005
    2574 -0.16049383  0.01234568  0.20987654  0.0005
    2575 -0.14814815  0.00000000  0.19753086  0.0005
    2576 -0.13580247 -0.01234568  0.18518519  0.0005
    2577 -0.12345679 -0.02469136  0.17283951  0.0005
    2578 -0.11111111 -0.03703704  0.16049383  0.0005
    2579  0.09876543  0.04938272 -0.14814815  0.0005
    2580  0.08641975  0.06172840 -0.13580247  0.0005
    2581  0.07407407  0.07407407 -0.12345679  0.0005
    2582  0.06172840  0.08641975 -0.11111111  0.0005
    2583  0.06172840  0.08641975 -0.08641975  0.0005
    2584  0.04938272  0.09876543 -0.07407407  0.0005
    2585  0.03703704  0.11111111 -0.06172840  0.0005
    2586  0.02469136  0.12345679 -0.04938272  0.0005
    2587  0.01234568  0.13580247 -0.03703704  0.0005
    2588  0.00000000  0.14814815 -0.02469136  0.0005
    2589 -0.01234568  0.16049383 -0.01234568  0.0005
    2590 -0.02469136  0.17283951  0.00000000  0.0005
    2591 -0.03703704  0.18518519  0.01234568  0.0005
    2592 -0.04938272  0.19753086  0.02469136  0.0005
    2593 -0.06172840  0.20987654  0.03703704  0.0005
    2594 -0.17283951  0.02469136  0.19753086  0.0005
    2595 -0.16049383  0.01234568  0.18518519  0.0005
    2596 -0.14814815  0.00000000  0.17283951  0.0005
    2597 -0.13580247 -0.01234568  0.16049383  0.0005
    2598  0.12345679  0.02469136 -0.14814815  0.0005
    2599  0.11111111  0.03703704 -0.13580247  0.0005
    2600  0.09876543  0.04938272 -0.12345679  0.0005
    2601  0.08641975  0.06172840 -0.11111111  0.0005
    2602  0.07407407  0.07407407 -0.09876543  0.0005
    2603  0.08641975  0.08641975 -0.08641975  0.0005
    2604  0.07407407  0.09876543 -0.07407407  0.0005
    2605  0.06172840  0.11111111 -0.06172840  0.0005
    2606  0.04938272  0.12345679 -0.04938272  0.0005
    2607  0.03703704  0.13580247 -0.03703704  0.0005
    2608  0.02469136  0.14814815 -0.02469136  0.0005
    2609  0.01234568  0.16049383 -0.01234568  0.0005
    2610  0.00000000  0.17283951  0.00000000  0.0005
    2611 -0.01234568  0.18518519  0.01234568  0.0005
    2612 -0.02469136  0.19753086  0.02469136  0.0005
    2613 -0.03703704  0.20987654  0.03703704  0.0005
    2614 -0.19753086  0.02469136  0.19753086  0.0005
    2615 -0.18518519  0.01234568  0.18518519  0.0005
    2616 -0.17283951  0.00000000  0.17283951  0.0005
    2617  0.16049383  0.01234568 -0.16049383  0.0005
    2618  0.14814815  0.02469136 -0.14814815  0.0005
    2619  0.13580247  0.03703704 -0.13580247  0.0005
    2620  0.12345679  0.04938272 -0.12345679  0.0005
    2621  0.11111111  0.06172840 -0.11111111  0.0005
    2622  0.09876543  0.07407407 -0.09876543  0.0005
    2623  0.09876543  0.07407407 -0.07407407  0.0005
    2624  0.08641975  0.08641975 -0.06172840  0.0005
    2625  0.07407407  0.09876543 -0.04938272  0.0005
    2626  0.06172840  0.11111111 -0.03703704  0.0005
    2627  0.04938272  0.12345679 -0.02469136  0.0005
    2628  0.03703704  0.13580247 -0.01234568  0.0005
    2629  0.02469136  0.14814815  0.00000000  0.0005
    2630  0.01234568  0.16049383  0.01234568  0.0005
    2631  0.00000000  0.17283951  0.02469136  0.0005
    2632 -0.01234568  0.18518519  0.03703704  0.0005
    2633 -0.02469136  0.19753086  0.04938272  0.0005
    2634 -0.20987654  0.03703704  0.18518519  0.0005
    2635 -0.19753086  0.02469136  0.17283951  0.0005
    2636  0.18518519 -0.01234568 -0.16049383  0.0005
    2637  0.17283951  0.00000000 -0.14814815  0.0005
    2638  0.16049383  0.01234568 -0.13580247  0.0005
    2639  0.14814815  0.02469136 -0.12345679  0.0005
    2640  0.13580247  0.03703704 -0.11111111  0.0005
    2641  0.12345679  0.04938272 -0.09876543  0.0005
    2642  0.11111111  0.06172840 -0.08641975  0.0005
    2643  0.11111111  0.06172840 -0.06172840  0.0005
    2644  0.09876543  0.07407407 -0.04938272  0.0005
    2645  0.08641975  0.08641975 -0.03703704  0.0005
    2646  0.07407407  0.09876543 -0.02469136  0.0005
    2647  0.06172840  0.11111111 -0.01234568  0.0005
    2648  0.04938272  0.12345679  0.00000000  0.0005
    2649  0.03703704  0.13580247  0.01234568  0.0005
    2650  0.02469136  0.14814815  0.02469136  0.0005
    2651  0.01234568  0.16049383  0.03703704  0.0005
    2652  0.00000000  0.17283951  0.04938272  0.0005
    2653 -0.01234568  0.18518519  0.06172840  0.0005
    2654 -0.22222222  0.04938272  0.17283951  0.0005
    2655  0.20987654 -0.03703704 -0.16049383  0.0005
    2656  0.19753086 -0.02469136 -0.14814815  0.0005
    2657  0.18518519 -0.01234568 -0.13580247  0.0005
    2658  0.17283951  0.00000000 -0.12345679  0.0005
    2659  0.16049383  0.01234568 -0.11111111  0.0005
    2660  0.14814815  0.02469136 -0.09876543  0.0005
    2661  0.13580247  0.03703704 -0.08641975  0.0005
    2662  0.12345679  0.04938272 -0.07407407  0.0005
    2663  0.12345679  0.04938272 -0.04938272  0.0005
    2664  0.11111111  0.06172840 -0.03703704  0.0005
    2665  0.09876543  0.07407407 -0.02469136  0.0005
    2666  0.08641975  0.08641975 -0.01234568  0.0005
    2667  0.07407407  0.09876543  0.00000000  0.0005
    2668  0.06172840  0.11111111  0.01234568  0.0005
    2669  0.04938272  0.12345679  0.02469136  0.0005
    2670  0.03703704  0.13580247  0.03703704  0.0005
    2671  0.02469136  0.14814815  0.04938272  0.0005
    2672  0.01234568  0.16049383  0.06172840  0.0005
    2673  0.00000000  0.17283951  0.07407407  0.0005
    2674  0.23456790 -0.06172840 -0.16049383  0.0005
    2675  0.22222222 -0.04938272 -0.14814815  0.0005
    2676  0.20987654 -0.03703704 -0.13580247  0.0005
    2677  0.19753086 -0.02469136 -0.12345679  0.0005
    2678  0.18518519 -0.01234568 -0.11111111  0.0005
    2679  0.17283951  0.00000000 -0.09876543  0.0005
    2680  0.16049383  0.01234568 -0.08641975  0.0005
    2681  0.14814815  0.02469136 -0.07407407  0.0005
    2682  0.13580247  0.03703704 -0.06172840  0.0005
    2683  0.13580247  0.03703704 -0.03703704  0.0005
    2684  0.12345679  0.04938272 -0.02469136  0.0005
    2685  0.11111111  0.06172840 -0.01234568  0.0005
    2686  0.09876543  0.07407407  0.00000000  0.0005
    2687  0.08641975  0.08641975  0.01234568  0.0005
    2688  0.07407407  0.09876543  0.02469136  0.0005
    2689  0.06172840  0.11111111  0.03703704  0.0005
    2690  0.04938272  0.12345679  0.04938272  0.0005
    2691  0.03703704  0.13580247  0.06172840  0.0005
    2692  0.02469136  0.14814815  0.07407407  0.0005
    2693  0.01234568  0.16049383  0.08641975  0.0005
    2694  0.24691358 -0.07407407 -0.14814815  0.0005
    2695  0.23456790 -0.06172840 -0.13580247  0.0005
    2696  0.22222222 -0.04938272 -0.12345679  0.0005
    2697  0.20987654 -0.03703704 -0.11111111  0.0005
    2698  0.19753086 -0.02469136 -0.09876543  0.0005
    2699  0.18518519 -0.01234568 -0.08641975  0.0005
    2700  0.17283951  0.00000000 -0.07407407  0.0005
    2701  0.16049383  0.01234568 -0.06172840  0.0005
    2702  0.14814815  0.02469136 -0.04938272  0.0005
    2703  0.14814815  0.02469136 -0.02469136  0.0005
    2704  0.13580247  0.03703704 -0.01234568  0.0005
    2705  0.12345679  0.04938272  0.00000000  0.0005
    2706  0.11111111  0.06172840  0.01234568  0.0005
    2707  0.09876543  0.07407407  0.02469136  0.0005
    2708  0.08641975  0.08641975  0.03703704  0.0005
    2709  0.07407407  0.09876543  0.04938272  0.0005
    2710  0.06172840  0.11111111  0.06172840  0.0005
    2711  0.04938272  0.12345679  0.07407407  0.0005
    2712  0.03703704  0.13580247  0.08641975  0.0005
    2713  0.02469136  0.14814815  0.09876543  0.0005
    2714  0.25925926 -0.08641975 -0.13580247  0.0005
    2715  0.24691358 -0.07407407 -0.12345679  0.0005
    2716  0.23456790 -0.06172840 -0.11111111  0.0005
    2717  0.22222222 -0.04938272 -0.09876543  0.0005
    2718  0.20987654 -0.03703704 -0.08641975  0.0005
    2719  0.19753086 -0.02469136 -0.07407407  0.0005
    2720  0.18518519 -0.01234568 -0.06172840  0.0005
    2721  0.17283951  0.00000000 -0.04938272  0.0005
    2722  0.16049383  0.01234568 -0.03703704  0.0005
    2723  0.16049383  0.01234568 -0.01234568  0.0005
    2724  0.14814815  0.02469136  0.00000000  0.0005
    2725  0.13580247  0.03703704  0.01234568  0.0005
    2726  0.12345679  0.04938272  0.02469136  0.0005
    2727  0.11111111  0.06172840  0.03703704  0.0005
    2728  0.09876543  0.07407407  0.04938272  0.0005
    2729  0.08641975  0.08641975  0.06172840  0.0005
    2730  0.07407407  0.09876543  0.07407407  0.0005
    2731  0.06172840  0.11111111  0.08641975  0.0005
    2732  0.04938272  0.12345679  0.09876543  0.0005
    2733  0.03703704  0.13580247  0.11111111  0.0005
    2734  0.27160494 -0.09876543 -0.12345679  0.0005
    2735  0.25925926 -0.08641975 -0.11111111  0.0005
    2736  0.24691358 -0.07407407 -0.09876543  0.0005
    2737  0.23456790 -0.06172840 -0.08641975  0.0005
    2738  0.22222222 -0.04938272 -0.07407407  0.0005
    2739  0.20987654 -0.03703704 -0.06172840  0.0005
    2740  0.19753086 -0.02469136 -0.04938272  0.0005
    2741  0.18518519 -0.01234568 -0.03703704  0.0005
    2742  0.17283951  0.00000000 -0.02469136  0.0005
    2743  0.17283951  0.00000000  0.00000000  0.0005
    2744  0.16049383  0.01234568  0.01234568  0.0005
    2745  0.14814815  0.02469136  0.02469136  0.0005
    2746  0.13580247  0.03703704  0.03703704  0.0005
    2747  0.12345679  0.04938272  0.04938272  0.0005
    2748  0.11111111  0.06172840  0.06172840  0.0005
    2749  0.09876543  0.07407407  0.07407407  0.0005
    2750  0.08641975  0.08641975  0.08641975  0.0005
    2751  0.07407407  0.09876543  0.09876543  0.0005
    2752  0.06172840  0.11111111  0.11111111  0.0005
    2753  0.04938272  0.12345679  0.12345679  0.0005
    2754  0.28395062 -0.11111111 -0.11111111  0.0005
    2755  0.27160494 -0.09876543 -0.09876543  0.0005
    2756  0.25925926 -0.08641975 -0.08641975  0.0005
    2757  0.24691358 -0.07407407 -0.07407407  0.0005
    2758  0.23456790 -0.06172840 -0.06172840  0.0005
    2759  0.22222222 -0.04938272 -0.04938272  0.0005
    2760  0.20987654 -0.03703704 -0.03703704  0.0005
    2761  0.19753086 -0.02469136 -0.02469136  0.0005
    2762  0.18518519 -0.01234568 -0.01234568  0.0005
    2763  0.18518519 -0.01234568  0.01234568  0.0005
    2764  0.17283951  0.00000000  0.02469136  0.0005
    2765  0.16049383  0.01234568  0.03703704  0.0005
    2766  0.14814815  0.02469136  0.04938272  0.0005
    2767  0.13580247  0.03703704  0.06172840  0.0005
    2768  0.12345679  0.04938272  0.07407407  0.0005
    2769  0.11111111  0.06172840  0.08641975  0.0005
    2770  0.09876543  0.07407407  0.09876543  0.0005
    2771  0.08641975  0.08641975  0.11111111  0.0005
    2772  0.07407407  0.09876543  0.12345679  0.0005
    2773  0.06172840  0.11111111  0.13580247  0.0005
    2774  0.29629630 -0.12345679 -0.09876543  0.0005
    2775  0.28395062 -0.11111111 -0.08641975  0.0005
    2776  0.27160494 -0.09876543 -0.07407407  0.0005
    2777  0.25925926 -0.08641975 -0.06172840  0.0005
    2778  0.24691358 -0.07407407 -0.04938272  0.0005
    2779  0.23456790 -0.06172840 -0.03703704  0.0005
    2780  0.22222222 -0.04938272 -0.02469136  0.0005
    2781  0.20987654 -0.03703704 -0.01234568  0.0005
    2782  0.19753086 -0.02469136  0.00000000  0.0005
    2783  0.19753086 -0.02469136  0.02469136  0.0005
    2784  0.18518519 -0.01234568  0.03703704  0.0005
    2785  0.17283951  0.00000000  0.04938272  0.0005
    2786  0.16049383  0.01234568  0.06172840  0.0005
    2787  0.14814815  0.02469136  0.07407407  0.0005
    2788  0.13580247  0.03703704  0.08641975  0.0005
    2789  0.12345679  0.04938272  0.09876543  0.0005
    2790  0.11111111  0.06172840  0.11111111  0.0005
    2791  0.09876543  0.07407407  0.12345679  0.0005
    2792  0.08641975  0.08641975  0.13580247  0.0005
    2793  0.07407407  0.09876543  0.14814815  0.0005
    2794  0.30864198 -0.13580247 -0.08641975  0.0005
    2795  0.29629630 -0.12345679 -0.07407407  0.0005
    2796  0.28395062 -0.11111111 -0.06172840  0.0005
    2797  0.27160494 -0.09876543 -0.04938272  0.0005
    2798  0.25925926 -0.08641975 -0.03703704  0.0005
    2799  0.24691358 -0.07407407 -0.02469136  0.0005
    2800  0.23456790 -0.06172840 -0.01234568  0.0005
    2801  0.22222222 -0.04938272  0.00000000  0.0005
    2802  0.20987654 -0.03703704  0.01234568  0.0005
    2803  0.20987654 -0.03703704  0.03703704  0.0005
    2804  0.19753086 -0.02469136  0.04938272  0.0005
    2805  0.18518519 -0.01234568  0.06172840  0.0005
    2806  0.17283951  0.00000000  0.07407407  0.0005
    2807  0.16049383  0.01234568  0.08641975  0.0005
    2808  0.14814815  0.02469136  0.09876543  0.0005
    2809  0.13580247  0.03703704  0.11111111  0.0005
    2810  0.12345679  0.04938272  0.12345679  0.0005
    2811  0.11111111  0.06172840  0.13580247  0.0005
    2812  0.09876543  0.07407407  0.14814815  0.0005
    2813  0.08641975  0.08641975  0.16049383  0.0005
    2814 -0.07407407 -0.09876543  0.32098765  0.0005
    2815 -0.06172840 -0.11111111  0.30864198  0.0005
    2816  0.29629630 -0.12345679 -0.04938272  0.0005
    2817  0.28395062 -0.11111111 -0.03703704  0.0005
    2818  0.27160494 -0.09876543 -0.02469136  0.0005
    2819  0.25925926 -0.08641975 -0.01234568  0.0005
    2820  0.24691358 -0.07407407  0.00000000  0.0005
    2821  0.23456790 -0.06172840  0.01234568  0.0005
    2822  0.22222222 -0.04938272  0.02469136  0.0005
    2823  0.02469136 -0.19753086  0.19753086  0.0005
    2824  0.03703704 -0.20987654  0.18518519  0.0005
    2825  0.04938272 -0.22222222  0.17283951  0.0005
    2826 -0.06172840  0.23456790 -0.16049383  0.0005
    2827 -0.07407407  0.24691358 -0.14814815  0.0005
    2828 -0.08641975  0.25925926 -0.13580247  0.0005
    2829 -0.09876543  0.27160494 -0.12345679  0.0005
    2830 -0.11111111  0.28395062 -0.11111111  0.0005
    2831 -0.12345679  0.29629630 -0.09876543  0.0005
    2832 -0.13580247  0.30864198 -0.08641975  0.0005
    2833 -0.09876543 -0.07407407  0.32098765  0.0005
    2834 -0.08641975 -0.08641975  0.30864198  0.0005
    2835 -0.07407407 -0.09876543  0.29629630  0.0005
    2836 -0.06172840 -0.11111111  0.28395062  0.0005
    2837 -0.04938272 -0.12345679  0.27160494  0.0005
    2838 -0.03703704 -0.13580247  0.25925926  0.0005
    2839 -0.02469136 -0.14814815  0.24691358  0.0005
    2840 -0.01234568 -0.16049383  0.23456790  0.0005
    2841  0.00000000 -0.17283951  0.22222222  0.0005
    2842  0.01234568 -0.18518519  0.20987654  0.0005
    2843  0.01234568 -0.18518519  0.18518519  0.0005
    2844  0.02469136 -0.19753086  0.17283951  0.0005
    2845 -0.03703704  0.20987654 -0.16049383  0.0005
    2846 -0.04938272  0.22222222 -0.14814815  0.0005
    2847 -0.06172840  0.23456790 -0.13580247  0.0005
    2848 -0.07407407  0.24691358 -0.12345679  0.0005
    2849 -0.08641975  0.25925926 -0.11111111  0.0005
    2850 -0.09876543  0.27160494 -0.09876543  0.0005
    2851 -0.11111111  0.28395062 -0.08641975  0.0005
    2852 -0.12345679  0.29629630 -0.07407407  0.0005
    2853 -0.11111111 -0.06172840  0.30864198  0.0005
    2854 -0.09876543 -0.07407407  0.29629630  0.0005
    2855 -0.08641975 -0.08641975  0.28395062  0.0005
    2856 -0.07407407 -0.09876543  0.27160494  0.0005
    2857 -0.06172840 -0.11111111  0.25925926  0.0005
    2858 -0.04938272 -0.12345679  0.24691358  0.0005
    2859 -0.03703704 -0.13580247  0.23456790  0.0005
    2860 -0.02469136 -0.14814815  0.22222222  0.0005
    2861 -0.01234568 -0.16049383  0.20987654  0.0005
    2862  0.00000000 -0.17283951  0.19753086  0.0005
    2863  0.00000000 -0.17283951  0.17283951  0.0005
    2864 -0.01234568  0.18518519 -0.16049383  0.0005
    2865 -0.02469136  0.19753086 -0.14814815  0.0005
    2866 -0.03703704  0.20987654 -0.13580247  0.0005
    2867 -0.04938272  0.22222222 -0.12345679  0.0005
    2868 -0.06172840  0.23456790 -0.11111111  0.0005
    2869 -0.07407407  0.24691358 -0.09876543  0.0005
    2870 -0.08641975  0.25925926 -0.08641975  0.0005
    2871 -0.09876543  0.27160494 -0.07407407  0.0005
    2872 -0.11111111  0.28395062 -0.06172840  0.0005
    2873 -0.12345679 -0.04938272  0.29629630  0.0005
    2874 -0.11111111 -0.06172840  0.28395062  0.0005
    2875 -0.09876543 -0.07407407  0.27160494  0.0005
    2876 -0.08641975 -0.08641975  0.25925926  0.0005
    2877 -0.07407407 -0.09876543  0.24691358  0.0005
    2878 -0.06172840 -0.11111111  0.23456790  0.0005
    2879 -0.04938272 -0.12345679  0.22222222  0.0005
    2880 -0.03703704 -0.13580247  0.20987654  0.0005
    2881 -0.02469136 -0.14814815  0.19753086  0.0005
    2882 -0.01234568 -0.16049383  0.18518519  0.0005
    2883  0.01234568  0.16049383 -0.16049383  0.0005
    2884  0.00000000  0.17283951 -0.14814815  0.0005
    2885 -0.01234568  0.18518519 -0.13580247  0.0005
    2886 -0.02469136  0.19753086 -0.12345679  0.0005
    2887 -0.03703704  0.20987654 -0.11111111  0.0005
    2888 -0.04938272  0.22222222 -0.09876543  0.0005
    2889 -0.06172840  0.23456790 -0.08641975  0.0005
    2890 -0.07407407  0.24691358 -0.07407407  0.0005
    2891 -0.08641975  0.25925926 -0.06172840  0.0005
    2892 -0.09876543  0.27160494 -0.04938272  0.0005
    2893 -0.11111111  0.28395062 -0.03703704  0.0005
    2894 -0.12345679 -0.04938272  0.27160494  0.0005
    2895 -0.11111111 -0.06172840  0.25925926  0.0005
    2896 -0.09876543 -0.07407407  0.24691358  0.0005
    2897 -0.08641975 -0.08641975  0.23456790  0.0005
    2898 -0.07407407 -0.09876543  0.22222222  0.0005
    2899 -0.06172840 -0.11111111  0.20987654  0.0005
    2900 -0.04938272 -0.12345679  0.19753086  0.0005
    2901 -0.03703704 -0.13580247  0.18518519  0.0005
    2902  0.02469136  0.14814815 -0.17283951  0.0005
    2903  0.02469136  0.14814815 -0.14814815  0.0005
    2904  0.01234568  0.16049383 -0.13580247  0.0005
    2905  0.00000000  0.17283951 -0.12345679  0.0005
    2906 -0.01234568  0.18518519 -0.11111111  0.0005
    2907 -0.02469136  0.19753086 -0.09876543  0.0005
    2908 -0.03703704  0.20987654 -0.08641975  0.0005
    2909 -0.04938272  0.22222222 -0.07407407  0.0005
    2910 -0.06172840  0.23456790 -0.06172840  0.0005
    2911 -0.07407407  0.24691358 -0.04938272  0.0005
    2912 -0.08641975  0.25925926 -0.03703704  0.0005
    2913 -0.09876543  0.27160494 -0.02469136  0.0005
    2914 -0.13580247 -0.03703704  0.25925926  0.0005
    2915 -0.12345679 -0.04938272  0.24691358  0.0005
    2916 -0.11111111 -0.06172840  0.23456790  0.0005
    2917 -0.09876543 -0.07407407  0.22222222  0.0005
    2918 -0.08641975 -0.08641975  0.20987654  0.0005
    2919 -0.07407407 -0.09876543  0.19753086  0.0005
    2920 -0.06172840 -0.11111111  0.18518519  0.0005
    2921  0.04938272  0.12345679 -0.17283951  0.0005
    2922  0.03703704  0.13580247 -0.16049383  0.0005
    2923  0.03703704  0.13580247 -0.13580247  0.0005
    2924  0.02469136  0.14814815 -0.12345679  0.0005
    2925  0.01234568  0.16049383 -0.11111111  0.0005
    2926  0.00000000  0.17283951 -0.09876543  0.0005
    2927 -0.01234568  0.18518519 -0.08641975  0.0005
    2928 -0.02469136  0.19753086 -0.07407407  0.0005
    2929 -0.03703704  0.20987654 -0.06172840  0.0005
    2930 -0.04938272  0.22222222 -0.04938272  0.0005
    2931 -0.06172840  0.23456790 -0.03703704  0.0005
    2932 -0.07407407  0.24691358 -0.02469136  0.0005
    2933 -0.08641975  0.25925926 -0.01234568  0.0005
    2934 -0.14814815 -0.02469136  0.24691358  0.0005
    2935 -0.13580247 -0.03703704  0.23456790  0.0005
    2936 -0.12345679 -0.04938272  0.22222222  0.0005
    2937 -0.11111111 -0.06172840  0.20987654  0.0005
    2938 -0.09876543 -0.07407407  0.19753086  0.0005
    2939 -0.08641975 -0.08641975  0.18518519  0.0005
    2940  0.07407407  0.09876543 -0.17283951  0.0005
    2941  0.06172840  0.11111111 -0.16049383  0.0005
    2942  0.04938272  0.12345679 -0.14814815  0.0005
    2943  0.04938272  0.12345679 -0.12345679  0.0005
    2944  0.03703704  0.13580247 -0.11111111  0.0005
    2945  0.02469136  0.14814815 -0.09876543  0.0005
    2946  0.01234568  0.16049383 -0.08641975  0.0005
    2947  0.00000000  0.17283951 -0.07407407  0.0005
    2948 -0.01234568  0.18518519 -0.06172840  0.0005
    2949 -0.02469136  0.19753086 -0.04938272  0.0005
    2950 -0.03703704  0.20987654 -0.03703704  0.0005
    2951 -0.04938272  0.22222222 -0.02469136  0.0005
    2952 -0.06172840  0.23456790 -0.01234568  0.0005
    2953 -0.07407407  0.24691358  0.00000000  0.0005
    2954 -0.16049383 -0.01234568  0.23456790  0.0005
    2955 -0.14814815 -0.02469136  0.22222222  0.0005
    2956 -0.13580247 -0.03703704  0.20987654  0.0005
    2957 -0.12345679 -0.04938272  0.19753086  0.0005
    2958 -0.11111111 -0.06172840  0.18518519  0.0005
    2959  0.09876543  0.07407407 -0.17283951  0.0005
    2960  0.08641975  0.08641975 -0.16049383  0.0005
    2961  0.07407407  0.09876543 -0.14814815  0.0005
    2962  0.06172840  0.11111111 -0.13580247  0.0005
    2963  0.06172840  0.11111111 -0.11111111  0.0005
    2964  0.04938272  0.12345679 -0.09876543  0.0005
    2965  0.03703704  0.13580247 -0.08641975  0.0005
    2966  0.02469136  0.14814815 -0.07407407  0.0005
    2967  0.01234568  0.16049383 -0.06172840  0.0005
    2968  0.00000000  0.17283951 -0.04938272  0.0005
    2969 -0.01234568  0.18518519 -0.03703704  0.0005
    2970 -0.02469136  0.19753086 -0.02469136  0.0005
    2971 -0.03703704  0.20987654 -0.01234568  0.0005
    2972 -0.04938272  0.22222222  0.00000000  0.0005
    2973 -0.06172840  0.23456790  0.01234568  0.0005
    2974 -0.17283951  0.00000000  0.22222222  0.0005
    2975 -0.16049383 -0.01234568  0.20987654  0.0005
    2976 -0.14814815 -0.02469136  0.19753086  0.0005
    2977 -0.13580247 -0.03703704  0.18518519  0.0005
    2978  0.12345679  0.04938272 -0.17283951  0.0005
    2979  0.11111111  0.06172840 -0.16049383  0.0005
    2980  0.09876543  0.07407407 -0.14814815  0.0005
    2981  0.08641975  0.08641975 -0.13580247  0.0005
    2982  0.07407407  0.09876543 -0.12345679  0.0005
    2983  0.07407407  0.09876543 -0.09876543  0.0005
    2984  0.06172840  0.11111111 -0.08641975  0.0005
    2985  0.04938272  0.12345679 -0.07407407  0.0005
    2986  0.03703704  0.13580247 -0.06172840  0.0005
    2987  0.02469136  0.14814815 -0.04938272  0.0005
    2988  0.01234568  0.16049383 -0.03703704  0.0005
    2989  0.00000000  0.17283951 -0.02469136  0.0005
    2990 -0.01234568  0.18518519 -0.01234568  0.0005
    2991 -0.02469136  0.19753086  0.00000000  0.0005
    2992 -0.03703704  0.20987654  0.01234568  0.0005
    2993 -0.04938272  0.22222222  0.02469136  0.0005
    2994 -0.18518519  0.01234568  0.20987654  0.0005
    2995 -0.17283951  0.00000000  0.19753086  0.0005
    2996 -0.16049383 -0.01234568  0.18518519  0.0005
    2997  0.14814815  0.02469136 -0.17283951  0.0005
    2998  0.13580247  0.03703704 -0.16049383  0.0005
    2999  0.12345679  0.04938272 -0.14814815  0.0005
    3000  0.11111111  0.06172840 -0.13580247  0.0005
    3001  0.09876543  0.07407407 -0.12345679  0.0005
    3002  0.08641975  0.08641975 -0.11111111  0.0005
    3003  0.09876543  0.09876543 -0.09876543  0.0005
    3004  0.08641975  0.11111111 -0.08641975  0.0005
    3005  0.07407407  0.12345679 -0.07407407  0.0005
    3006  0.06172840  0.13580247 -0.06172840  0.0005
    3007  0.04938272  0.14814815 -0.04938272  0.0005
    3008  0.03703704  0.16049383 -0.03703704  0.0005
    3009  0.02469136  0.17283951 -0.02469136  0.0005
    3010  0.01234568  0.18518519 -0.01234568  0.0005
    3011  0.00000000  0.19753086  0.00000000  0.0005
    3012 -0.01234568  0.20987654  0.01234568  0.0005
    3013 -0.02469136  0.22222222  0.02469136  0.0005
    3014 -0.20987654  0.01234568  0.20987654  0.0005
    3015  0.19753086  0.00000000 -0.19753086  0.0005
    3016  0.18518519  0.01234568 -0.18518519  0.0005
    3017  0.17283951  0.02469136 -0.17283951  0.0005
    3018  0.16049383  0.03703704 -0.16049383  0.0005
    3019  0.14814815  0.04938272 -0.14814815  0.0005
    3020  0.13580247  0.06172840 -0.13580247  0.0005
    3021  0.12345679  0.07407407 -0.12345679  0.0005
    3022  0.11111111  0.08641975 -0.11111111  0.0005
    3023  0.11111111  0.08641975 -0.08641975  0.0005
    3024  0.09876543  0.09876543 -0.07407407  0.0005
    3025  0.08641975  0.11111111 -0.06172840  0.0005
    3026  0.07407407  0.12345679 -0.04938272  0.0005
    3027  0.06172840  0.13580247 -0.03703704  0.0005
    3028  0.04938272  0.14814815 -0.02469136  0.0005
    3029  0.03703704  0.16049383 -0.01234568  0.0005
    3030  0.02469136  0.17283951  0.00000000  0.0005
    3031  0.01234568  0.18518519  0.01234568  0.0005
    3032  0.00000000  0.19753086  0.02469136  0.0005
    3033 -0.01234568  0.20987654  0.03703704  0.0005
    3034  0.22222222 -0.02469136 -0.19753086  0.0005
    3035  0.20987654 -0.01234568 -0.18518519  0.0005
    3036  0.19753086  0.00000000 -0.17283951  0.0005
    3037  0.18518519  0.01234568 -0.16049383  0.0005
    3038  0.17283951  0.02469136 -0.14814815  0.0005
    3039  0.16049383  0.03703704 -0.13580247  0.0005
    3040  0.14814815  0.04938272 -0.12345679  0.0005
    3041  0.13580247  0.06172840 -0.11111111  0.0005
    3042  0.12345679  0.07407407 -0.09876543  0.0005
    3043  0.12345679  0.07407407 -0.07407407  0.0005
    3044  0.11111111  0.08641975 -0.06172840  0.0005
    3045  0.09876543  0.09876543 -0.04938272  0.0005
    3046  0.08641975  0.11111111 -0.03703704  0.0005
    3047  0.07407407  0.12345679 -0.02469136  0.0005
    3048  0.06172840  0.13580247 -0.01234568  0.0005
    3049  0.04938272  0.14814815  0.00000000  0.0005
    3050  0.03703704  0.16049383  0.01234568  0.0005
    3051  0.02469136  0.17283951  0.02469136  0.0005
    3052  0.01234568  0.18518519  0.03703704  0.0005
    3053  0.00000000  0.19753086  0.04938272  0.0005
    3054  0.23456790 -0.03703704 -0.18518519  0.0005
    3055  0.22222222 -0.02469136 -0.17283951  0.0005
    3056  0.20987654 -0.01234568 -0.16049383  0.0005
    3057  0.19753086  0.00000000 -0.14814815  0.0005
    3058  0.18518519  0.01234568 -0.13580247  0.0005
    3059  0.17283951  0.02469136 -0.12345679  0.0005
    3060  0.16049383  0.03703704 -0.11111111  0.0005
    3061  0.14814815  0.04938272 -0.09876543  0.0005
    3062  0.13580247  0.06172840 -0.08641975  0.0005
    3063  0.13580247  0.06172840 -0.06172840  0.0005
    3064  0.12345679  0.07407407 -0.04938272  0.0005
    3065  0.11111111  0.08641975 -0.03703704  0.0005
    3066  0.09876543  0.09876543 -0.02469136  0.0005
    3067  0.08641975  0.11111111 -0.01234568  0.0005
    3068  0.07407407  0.12345679  0.00000000  0.0005
    3069  0.06172840  0.13580247  0.01234568  0.0005
    3070  0.04938272  0.14814815  0.02469136  0.0005
    3071  0.03703704  0.16049383  0.03703704  0.0005
    3072  0.02469136  0.17283951  0.04938272  0.0005
    3073  0.01234568  0.18518519  0.06172840  0.0005
    3074  0.24691358 -0.04938272 -0.17283951  0.0005
    3075  0.23456790 -0.03703704 -0.16049383  0.0005
    3076  0.22222222 -0.02469136 -0.14814815  0.0005
    3077  0.20987654 -0.01234568 -0.13580247  0.0005
    3078  0.19753086  0.00000000 -0.12345679  0.0005
    3079  0.18518519  0.01234568 -0.11111111  0.0005
    3080  0.17283951  0.02469136 -0.09876543  0.0005
    3081  0.16049383  0.03703704 -0.08641975  0.0005
    3082  0.14814815  0.04938272 -0.07407407  0.0005
    3083  0.14814815  0.04938272 -0.04938272  0.0005
    3084  0.13580247  0.06172840 -0.03703704  0.0005
    3085  0.12345679  0.07407407 -0.02469136  0.0005
    3086  0.11111111  0.08641975 -0.01234568  0.0005
    3087  0.09876543  0.09876543  0.00000000  0.0005
    3088  0.08641975  0.11111111  0.01234568  0.0005
    3089  0.07407407  0.12345679  0.02469136  0.0005
    3090  0.06172840  0.13580247  0.03703704  0.0005
    3091  0.04938272  0.14814815  0.04938272  0.0005
    3092  0.03703704  0.16049383  0.06172840  0.0005
    3093  0.02469136  0.17283951  0.07407407  0.0005
    3094  0.25925926 -0.06172840 -0.16049383  0.0005
    3095  0.24691358 -0.04938272 -0.14814815  0.0005
    3096  0.23456790 -0.03703704 -0.13580247  0.0005
    3097  0.22222222 -0.02469136 -0.12345679  0.0005
    3098  0.20987654 -0.01234568 -0.11111111  0.0005
    3099  0.19753086  0.00000000 -0.09876543  0.0005
    3100  0.18518519  0.01234568 -0.08641975  0.0005
    3101  0.17283951  0.02469136 -0.07407407  0.0005
    3102  0.16049383  0.03703704 -0.06172840  0.0005
    3103  0.16049383  0.03703704 -0.03703704  0.0005
    3104  0.14814815  0.04938272 -0.02469136  0.0005
    3105  0.13580247  0.06172840 -0.01234568  0.0005
    3106  0.12345679  0.07407407  0.00000000  0.0005
    3107  0.11111111  0.08641975  0.01234568  0.0005
    3108  0.09876543  0.09876543  0.02469136  0.0005
    3109  0.08641975  0.11111111  0.03703704  0.0005
    3110  0.07407407  0.12345679  0.04938272  0.0005
    3111  0.06172840  0.13580247  0.06172840  0.0005
    3112  0.04938272  0.14814815  0.07407407  0.0005
    3113  0.03703704  0.16049383  0.08641975  0.0005
    3114  0.27160494 -0.07407407 -0.14814815  0.0005
    3115  0.25925926 -0.06172840 -0.13580247  0.0005
    3116  0.24691358 -0.04938272 -0.12345679  0.0005
    3117  0.23456790 -0.03703704 -0.11111111  0.0005
    3118  0.22222222 -0.02469136 -0.09876543  0.0005
    3119  0.20987654 -0.01234568 -0.08641975  0.0005
    3120  0.19753086  0.00000000 -0.07407407  0.0005
    3121  0.18518519  0.01234568 -0.06172840  0.0005
    3122  0.17283951  0.02469136 -0.04938272  0.0005
    3123  0.17283951  0.02469136 -0.02469136  0.0005
    3124  0.16049383  0.03703704 -0.01234568  0.0005
    3125  0.14814815  0.04938272  0.00000000  0.0005
    3126  0.13580247  0.06172840  0.01234568  0.0005
    3127  0.12345679  0.07407407  0.02469136  0.0005
    3128  0.11111111  0.08641975  0.03703704  0.0005
    3129  0.09876543  0.09876543  0.04938272  0.0005
    3130  0.08641975  0.11111111  0.06172840  0.0005
    3131  0.07407407  0.12345679  0.07407407  0.0005
    3132  0.06172840  0.13580247  0.08641975  0.0005
    3133  0.04938272  0.14814815  0.09876543  0.0005
    3134  0.28395062 -0.08641975 -0.13580247  0.0005
    3135  0.27160494 -0.07407407 -0.12345679  0.0005
    3136  0.25925926 -0.06172840 -0.11111111  0.0005
    3137  0.24691358 -0.04938272 -0.09876543  0.0005
    3138  0.23456790 -0.03703704 -0.08641975  0.0005
    3139  0.22222222 -0.02469136 -0.07407407  0.0005
    3140  0.20987654 -0.01234568 -0.06172840  0.0005
    3141  0.19753086  0.00000000 -0.04938272  0.0005
    3142  0.18518519  0.01234568 -0.03703704  0.0005
    3143  0.18518519  0.01234568 -0.01234568  0.0005
    3144  0.17283951  0.02469136  0.00000000  0.0005
    3145  0.16049383  0.03703704  0.01234568  0.0005
    3146  0.14814815  0.04938272  0.02469136  0.0005
    3147  0.13580247  0.06172840  0.03703704  0.0005
    3148  0.12345679  0.07407407  0.04938272  0.0005
    3149  0.11111111  0.08641975  0.06172840  0.0005
    3150  0.09876543  0.09876543  0.07407407  0.0005
    3151  0.08641975  0.11111111  0.08641975  0.0005
    3152  0.07407407  0.12345679  0.09876543  0.0005
    3153  0.06172840  0.13580247  0.11111111  0.0005
    3154  0.29629630 -0.09876543 -0.12345679  0.0005
    3155  0.28395062 -0.08641975 -0.11111111  0.0005
    3156  0.27160494 -0.07407407 -0.09876543  0.0005
    3157  0.25925926 -0.06172840 -0.08641975  0.0005
    3158  0.24691358 -0.04938272 -0.07407407  0.0005
    3159  0.23456790 -0.03703704 -0.06172840  0.0005
    3160  0.22222222 -0.02469136 -0.04938272  0.0005
    3161  0.20987654 -0.01234568 -0.03703704  0.0005
    3162  0.19753086  0.00000000 -0.02469136  0.0005
    3163  0.19753086  0.00000000  0.00000000  0.0005
    3164  0.18518519  0.01234568  0.01234568  0.0005
    3165  0.17283951  0.02469136  0.02469136  0.0005
    3166  0.16049383  0.03703704  0.03703704  0.0005
    3167  0.14814815  0.04938272  0.04938272  0.0005
    3168  0.13580247  0.06172840  0.06172840  0.0005
    3169  0.12345679  0.07407407  0.07407407  0.0005
    3170  0.11111111  0.08641975  0.08641975  0.0005
    3171  0.09876543  0.09876543  0.09876543  0.0005
    3172  0.08641975  0.11111111  0.11111111  0.0005
    3173  0.07407407  0.12345679  0.12345679  0.0005
    3174  0.30864198 -0.11111111 -0.11111111  0.0005
    3175  0.29629630 -0.09876543 -0.09876543  0.0005
    3176  0.28395062 -0.08641975 -0.08641975  0.0005
    3177  0.27160494 -0.07407407 -0.07407407  0.0005
    3178  0.25925926 -0.06172840 -0.06172840  0.0005
    3179  0.24691358 -0.04938272 -0.04938272  0.0005
    3180  0.23456790 -0.03703704 -0.03703704  0.0005
    3181  0.22222222 -0.02469136 -0.02469136  0.0005
    3182  0.20987654 -0.01234568 -0.01234568  0.0005
    3183  0.20987654 -0.01234568  0.01234568  0.0005
    3184  0.19753086  0.00000000  0.02469136  0.0005
    3185  0.18518519  0.01234568  0.03703704  0.0005
    3186  0.17283951  0.02469136  0.04938272  0.0005
    3187  0.16049383  0.03703704  0.06172840  0.0005
    3188  0.14814815  0.04938272  0.07407407  0.0005
    3189  0.13580247  0.06172840  0.08641975  0.0005
    3190  0.12345679  0.07407407  0.09876543  0.0005
    3191  0.11111111  0.08641975  0.11111111  0.0005
    3192  0.09876543  0.09876543  0.12345679  0.0005
    3193  0.08641975  0.11111111  0.13580247  0.0005
    3194  0.32098765 -0.12345679 -0.09876543  0.0005
    3195  0.30864198 -0.11111111 -0.08641975  0.0005
    3196  0.29629630 -0.09876543 -0.07407407  0.0005
    3197  0.28395062 -0.08641975 -0.06172840  0.0005
    3198  0.27160494 -0.07407407 -0.04938272  0.0005
    3199  0.25925926 -0.06172840 -0.03703704  0.0005
    3200  0.24691358 -0.04938272 -0.02469136  0.0005
    3201  0.23456790 -0.03703704 -0.01234568  0.0005
    3202  0.22222222 -0.02469136  0.00000000  0.0005
    3203  0.22222222 -0.02469136  0.02469136  0.0005
    3204  0.20987654 -0.01234568  0.03703704  0.0005
    3205  0.19753086  0.00000000  0.04938272  0.0005
    3206  0.18518519  0.01234568  0.06172840  0.0005
    3207  0.17283951  0.02469136  0.07407407  0.0005
    3208  0.16049383  0.03703704  0.08641975  0.0005
    3209  0.14814815  0.04938272  0.09876543  0.0005
    3210  0.13580247  0.06172840  0.11111111  0.0005
    3211  0.12345679  0.07407407  0.12345679  0.0005
    3212  0.11111111  0.08641975  0.13580247  0.0005
    3213  0.09876543  0.09876543  0.14814815  0.0005
    3214 -0.08641975 -0.11111111  0.33333333  0.0005
    3215  0.32098765 -0.12345679 -0.07407407  0.0005
    3216  0.30864198 -0.11111111 -0.06172840  0.0005
    3217  0.29629630 -0.09876543 -0.04938272  0.0005
    3218  0.28395062 -0.08641975 -0.03703704  0.0005
    3219  0.27160494 -0.07407407 -0.02469136  0.0005
    3220  0.25925926 -0.06172840 -0.01234568  0.0005
    3221  0.24691358 -0.04938272  0.00000000  0.0005
    3222  0.23456790 -0.03703704  0.01234568  0.0005
    3223  0.01234568 -0.20987654  0.20987654  0.0005
    3224 -0.02469136  0.22222222 -0.19753086  0.0005
    3225 -0.03703704  0.23456790 -0.18518519  0.0005
    3226 -0.04938272  0.24691358 -0.17283951  0.0005
    3227 -0.06172840  0.25925926 -0.16049383  0.0005
    3228 -0.07407407  0.27160494 -0.14814815  0.0005
    3229 -0.08641975  0.28395062 -0.13580247  0.0005
    3230 -0.09876543  0.29629630 -0.12345679  0.0005
    3231 -0.11111111  0.30864198 -0.11111111  0.0005
    3232 -0.12345679  0.32098765 -0.09876543  0.0005
    3233 -0.11111111 -0.08641975  0.33333333  0.0005
    3234 -0.09876543 -0.09876543  0.32098765  0.0005
    3235 -0.08641975 -0.11111111  0.30864198  0.0005
    3236 -0.07407407 -0.12345679  0.29629630  0.0005
    3237 -0.06172840 -0.13580247  0.28395062  0.0005
    3238 -0.04938272 -0.14814815  0.27160494  0.0005
    3239 -0.03703704 -0.16049383  0.25925926  0.0005
    3240 -0.02469136 -0.17283951  0.24691358  0.0005
    3241 -0.01234568 -0.18518519  0.23456790  0.0005
    3242  0.00000000 -0.19753086  0.22222222  0.0005
    3243  0.00000000  0.19753086 -0.19753086  0.0005
    3244 -0.01234568  0.20987654 -0.18518519  0.0005
    3245 -0.02469136  0.22222222 -0.17283951  0.0005
    3246 -0.03703704  0.23456790 -0.16049383  0.0005
    3247 -0.04938272  0.24691358 -0.14814815  0.0005
    3248 -0.06172840  0.25925926 -0.13580247  0.0005
    3249 -0.07407407  0.27160494 -0.12345679  0.0005
    3250 -0.08641975  0.28395062 -0.11111111  0.0005
    3251 -0.09876543  0.29629630 -0.09876543  0.0005
    3252 -0.11111111  0.30864198 -0.08641975  0.0005
    3253 -0.12345679  0.32098765 -0.07407407  0.0005
    3254 -0.11111111 -0.08641975  0.30864198  0.0005
    3255 -0.09876543 -0.09876543  0.29629630  0.0005
    3256 -0.08641975 -0.11111111  0.28395062  0.0005
    3257 -0.07407407 -0.12345679  0.27160494  0.0005
    3258 -0.06172840 -0.13580247  0.25925926  0.0005
    3259 -0.04938272 -0.14814815  0.24691358  0.0005
    3260 -0.03703704 -0.16049383  0.23456790  0.0005
    3261 -0.02469136 -0.17283951  0.22222222  0.0005
    3262 -0.01234568 -0.18518519  0.20987654  0.0005
    3263  0.01234568  0.18518519 -0.18518519  0.0005
    3264  0.00000000  0.19753086 -0.17283951  0.0005
    3265 -0.01234568  0.20987654 -0.16049383  0.0005
    3266 -0.02469136  0.22222222 -0.14814815  0.0005
    3267 -0.03703704  0.23456790 -0.13580247  0.0005
    3268 -0.04938272  0.24691358 -0.12345679  0.0005
    3269 -0.06172840  0.25925926 -0.11111111  0.0005
    3270 -0.07407407  0.27160494 -0.09876543  0.0005
    3271 -0.08641975  0.28395062 -0.08641975  0.0005
    3272 -0.09876543  0.29629630 -0.07407407  0.0005
    3273 -0.11111111  0.30864198 -0.06172840  0.0005
    3274 -0.12345679 -0.07407407  0.29629630  0.0005
    3275 -0.11111111 -0.08641975  0.28395062  0.0005
    3276 -0.09876543 -0.09876543  0.27160494  0.0005
    3277 -0.08641975 -0.11111111  0.25925926  0.0005
    3278 -0.07407407 -0.12345679  0.24691358  0.0005
    3279 -0.06172840 -0.13580247  0.23456790  0.0005
    3280 -0.04938272 -0.14814815  0.22222222  0.0005
    3281 -0.03703704 -0.16049383  0.20987654  0.0005
    3282  0.02469136  0.17283951 -0.19753086  0.0005
    3283  0.02469136  0.17283951 -0.17283951  0.0005
    3284  0.01234568  0.18518519 -0.16049383  0.0005
    3285  0.00000000  0.19753086 -0.14814815  0.0005
    3286 -0.01234568  0.20987654 -0.13580247  0.0005
    3287 -0.02469136  0.22222222 -0.12345679  0.0005
    3288 -0.03703704  0.23456790 -0.11111111  0.0005
    3289 -0.04938272  0.24691358 -0.09876543  0.0005
    3290 -0.06172840  0.25925926 -0.08641975  0.0005
    3291 -0.07407407  0.27160494 -0.07407407  0.0005
    3292 -0.08641975  0.28395062 -0.06172840  0.0005
    3293 -0.09876543  0.29629630 -0.04938272  0.0005
    3294 -0.13580247 -0.06172840  0.28395062  0.0005
    3295 -0.12345679 -0.07407407  0.27160494  0.0005
    3296 -0.11111111 -0.08641975  0.25925926  0.0005
    3297 -0.09876543 -0.09876543  0.24691358  0.0005
    3298 -0.08641975 -0.11111111  0.23456790  0.0005
    3299 -0.07407407 -0.12345679  0.22222222  0.0005
    3300 -0.06172840 -0.13580247  0.20987654  0.0005
    3301  0.04938272  0.14814815 -0.19753086  0.0005
    3302  0.03703704  0.16049383 -0.18518519  0.0005
    3303  0.03703704  0.16049383 -0.16049383  0.0005
    3304  0.02469136  0.17283951 -0.14814815  0.0005
    3305  0.01234568  0.18518519 -0.13580247  0.0005
    3306  0.00000000  0.19753086 -0.12345679  0.0005
    3307 -0.01234568  0.20987654 -0.11111111  0.0005
    3308 -0.02469136  0.22222222 -0.09876543  0.0005
    3309 -0.03703704  0.23456790 -0.08641975  0.0005
    3310 -0.04938272  0.24691358 -0.07407407  0.0005
    3311 -0.06172840  0.25925926 -0.06172840  0.0005
    3312 -0.07407407  0.27160494 -0.04938272  0.0005
    3313 -0.08641975  0.28395062 -0.03703704  0.0005
    3314 -0.14814815 -0.04938272  0.27160494  0.0005
    3315 -0.13580247 -0.06172840  0.25925926  0.0005
    3316 -0.12345679 -0.07407407  0.24691358  0.0005
    3317 -0.11111111 -0.08641975  0.23456790  0.0005
    3318 -0.09876543 -0.09876543  0.22222222  0.0005
    3319 -0.08641975 -0.11111111  0.20987654  0.0005
    3320  0.07407407  0.12345679 -0.19753086  0.0005
    3321  0.06172840  0.13580247 -0.18518519  0.0005
    3322  0.04938272  0.14814815 -0.17283951  0.0005
    3323  0.04938272  0.14814815 -0.14814815  0.0005
    3324  0.03703704  0.16049383 -0.13580247  0.0005
    3325  0.02469136  0.17283951 -0.12345679  0.0005
    3326  0.01234568  0.18518519 -0.11111111  0.0005
    3327  0.00000000  0.19753086 -0.09876543  0.0005
    3328 -0.01234568  0.20987654 -0.08641975  0.0005
    3329 -0.02469136  0.22222222 -0.07407407  0.0005
    3330 -0.03703704  0.23456790 -0.06172840  0.0005
    3331 -0.04938272  0.24691358 -0.04938272  0.0005
    3332 -0.06172840  0.25925926 -0.03703704  0.0005
    3333 -0.07407407  0.27160494 -0.02469136  0.0005
    3334 -0.16049383 -0.03703704  0.25925926  0.0005
    3335 -0.14814815 -0.04938272  0.24691358  0.0005
    3336 -0.13580247 -0.06172840  0.23456790  0.0005
    3337 -0.12345679 -0.07407407  0.22222222  0.0005
    3338 -0.11111111 -0.08641975  0.20987654  0.0005
    3339  0.09876543  0.09876543 -0.19753086  0.0005
    3340  0.08641975  0.11111111 -0.18518519  0.0005
    3341  0.07407407  0.12345679 -0.17283951  0.0005
    3342  0.06172840  0.13580247 -0.16049383  0.0005
    3343  0.06172840  0.13580247 -0.13580247  0.0005
    3344  0.04938272  0.14814815 -0.12345679  0.0005
    3345  0.03703704  0.16049383 -0.11111111  0.0005
    3346  0.02469136  0.17283951 -0.09876543  0.0005
    3347  0.01234568  0.18518519 -0.08641975  0.0005
    3348  0.00000000  0.19753086 -0.07407407  0.0005
    3349 -0.01234568  0.20987654 -0.06172840  0.0005
    3350 -0.02469136  0.22222222 -0.04938272  0.0005
    3351 -0.03703704  0.23456790 -0.03703704  0.0005
    3352 -0.04938272  0.24691358 -0.02469136  0.0005
    3353 -0.06172840  0.25925926 -0.01234568  0.0005
    3354 -0.17283951 -0.02469136  0.24691358  0.0005
    3355 -0.16049383 -0.03703704  0.23456790  0.0005
    3356 -0.14814815 -0.04938272  0.22222222  0.0005
    3357 -0.13580247 -0.06172840  0.20987654  0.0005
    3358  0.12345679  0.07407407 -0.19753086  0.0005
    3359  0.11111111  0.08641975 -0.18518519  0.0005
    3360  0.09876543  0.09876543 -0.17283951  0.0005
    3361  0.08641975  0.11111111 -0.16049383  0.0005
    3362  0.07407407  0.12345679 -0.14814815  0.0005
    3363  0.07407407  0.12345679 -0.12345679  0.0005
    3364  0.06172840  0.13580247 -0.11111111  0.0005
    3365  0.04938272  0.14814815 -0.09876543  0.0005
    3366  0.03703704  0.16049383 -0.08641975  0.0005
    3367  0.02469136  0.17283951 -0.07407407  0.0005
    3368  0.01234568  0.18518519 -0.06172840  0.0005
    3369  0.00000000  0.19753086 -0.04938272  0.0005
    3370 -0.01234568  0.20987654 -0.03703704  0.0005
    3371 -0.02469136  0.22222222 -0.02469136  0.0005
    3372 -0.03703704  0.23456790 -0.01234568  0.0005
    3373 -0.04938272  0.24691358  0.00000000  0.0005
    3374 -0.18518519 -0.01234568  0.23456790  0.0005
    3375 -0.17283951 -0.02469136  0.22222222  0.0005
    3376 -0.16049383 -0.03703704  0.20987654  0.0005
    3377  0.14814815  0.04938272 -0.19753086  0.0005
    3378  0.13580247  0.06172840 -0.18518519  0.0005
    3379  0.12345679  0.07407407 -0.17283951  0.0005
    3380  0.11111111  0.08641975 -0.16049383  0.0005
    3381  0.09876543  0.09876543 -0.14814815  0.0005
    3382  0.08641975  0.11111111 -0.13580247  0.0005
    3383  0.08641975  0.11111111 -0.11111111  0.0005
    3384  0.07407407  0.12345679 -0.09876543  0.0005
    3385  0.06172840  0.13580247 -0.08641975  0.0005
    3386  0.04938272  0.14814815 -0.07407407  0.0005
    3387  0.03703704  0.16049383 -0.06172840  0.0005
    3388  0.02469136  0.17283951 -0.04938272  0.0005
    3389  0.01234568  0.18518519 -0.03703704  0.0005
    3390  0.00000000  0.19753086 -0.02469136  0.0005
    3391 -0.01234568  0.20987654 -0.01234568  0.0005
    3392 -0.02469136  0.22222222  0.00000000  0.0005
    3393 -0.03703704  0.23456790  0.01234568  0.0005
    3394 -0.19753086  0.00000000  0.22222222  0.0005
    3395 -0.18518519 -0.01234568  0.20987654  0.0005
    3396  0.17283951  0.02469136 -0.19753086  0.0005
    3397  0.16049383  0.03703704 -0.18518519  0.0005
    3398  0.14814815  0.04938272 -0.17283951  0.0005
    3399  0.13580247  0.06172840 -0.16049383  0.0005
    3400  0.12345679  0.07407407 -0.14814815  0.0005
    3401  0.11111111  0.08641975 -0.13580247  0.0005
    3402  0.09876543  0.09876543 -0.12345679  0.0005
    3403  0.11111111  0.11111111 -0.11111111  0.0005
    3404  0.09876543  0.12345679 -0.09876543  0.0005
    3405  0.08641975  0.13580247 -0.08641975  0.0005
    3406  0.07407407  0.14814815 -0.07407407  0.0005
    3407  0.06172840  0.16049383 -0.06172840  0.0005
    3408  0.04938272  0.17283951 -0.04938272  0.0005
    3409  0.03703704  0.18518519 -0.03703704  0.0005
    3410  0.02469136  0.19753086 -0.02469136  0.0005
    3411  0.01234568  0.20987654 -0.01234568  0.0005
    3412  0.00000000  0.22222222  0.00000000  0.0005
    3413 -0.01234568  0.23456790  0.01234568  0.0005
    3414  0.22222222  0.00000000 -0.22222222  0.0005
    3415  0.20987654  0.01234568 -0.20987654  0.0005
    3416  0.19753086  0.02469136 -0.19753086  0.0005
    3417  0.18518519  0.03703704 -0.18518519  0.0005
    3418  0.17283951  0.04938272 -0.17283951  0.0005
    3419  0.16049383  0.06172840 -0.16049383  0.0005
    3420  0.14814815  0.07407407 -0.14814815  0.0005
    3421  0.13580247  0.08641975 -0.13580247  0.0005
    3422  0.12345679  0.09876543 -0.12345679  0.0005
    3423  0.12345679  0.09876543 -0.09876543  0.0005
    3424  0.11111111  0.11111111 -0.08641975  0.0005
    3425  0.09876543  0.12345679 -0.07407407  0.0005
    3426  0.08641975  0.13580247 -0.06172840  0.0005
    3427  0.07407407  0.14814815 -0.04938272  0.0005
    3428  0.06172840  0.16049383 -0.03703704  0.0005
    3429  0.04938272  0.17283951 -0.02469136  0.0005
    3430  0.03703704  0.18518519 -0.01234568  0.0005
    3431  0.02469136  0.19753086  0.00000000  0.0005
    3432  0.01234568  0.20987654  0.01234568  0.0005
    3433  0.00000000  0.22222222  0.02469136  0.0005
    3434  0.23456790 -0.01234568 -0.20987654  0.0005
    3435  0.22222222  0.00000000 -0.19753086  0.0005
    3436  0.20987654  0.01234568 -0.18518519  0.0005
    3437  0.19753086  0.02469136 -0.17283951  0.0005
    3438  0.18518519  0.03703704 -0.16049383  0.0005
    3439  0.17283951  0.04938272 -0.14814815  0.0005
    3440  0.16049383  0.06172840 -0.13580247  0.0005
    3441  0.14814815  0.07407407 -0.12345679  0.0005
    3442  0.13580247  0.08641975 -0.11111111  0.0005
    3443  0.13580247  0.08641975 -0.08641975  0.0005
    3444  0.12345679  0.09876543 -0.07407407  0.0005
    3445  0.11111111  0.11111111 -0.06172840  0.0005
    3446  0.09876543  0.12345679 -0.04938272  0.0005
    3447  0.08641975  0.13580247 -0.03703704  0.0005
    3448  0.07407407  0.14814815 -0.02469136  0.0005
    3449  0.06172840  0.16049383 -0.01234568  0.0005
    3450  0.04938272  0.17283951  0.00000000  0.0005
    3451  0.03703704  0.18518519  0.01234568  0.0005
    3452  0.02469136  0.19753086  0.02469136  0.0005
    3453  0.01234568  0.20987654  0.03703704  0.0005
    3454  0.24691358 -0.02469136 -0.19753086  0.0005
    3455  0.23456790 -0.01234568 -0.18518519  0.0005
    3456  0.22222222  0.00000000 -0.17283951  0.0005
    3457  0.20987654  0.01234568 -0.16049383  0.0005
    3458  0.19753086  0.02469136 -0.14814815  0.0005
    3459  0.18518519  0.03703704 -0.13580247  0.0005
    3460  0.17283951  0.04938272 -0.12345679  0.0005
    3461  0.16049383  0.06172840 -0.11111111  0.0005
    3462  0.14814815  0.07407407 -0.09876543  0.0005
    3463  0.14814815  0.07407407 -0.07407407  0.0005
    3464  0.13580247  0.08641975 -0.06172840  0.0005
    3465  0.12345679  0.09876543 -0.04938272  0.0005
    3466  0.11111111  0.11111111 -0.03703704  0.0005
    3467  0.09876543  0.12345679 -0.02469136  0.0005
    3468  0.08641975  0.13580247 -0.01234568  0.0005
    3469  0.07407407  0.14814815  0.00000000  0.0005
    3470  0.06172840  0.16049383  0.01234568  0.0005
    3471  0.04938272  0.17283951  0.02469136  0.0005
    3472  0.03703704  0.18518519  0.03703704  0.0005
    3473  0.02469136  0.19753086  0.04938272  0.0005
    3474  0.25925926 -0.03703704 -0.18518519  0.0005
    3475  0.24691358 -0.02469136 -0.17283951  0.0005
    3476  0.23456790 -0.01234568 -0.16049383  0.0005
    3477  0.22222222  0.00000000 -0.14814815  0.0005
    3478  0.20987654  0.01234568 -0.13580247  0.0005
    3479  0.19753086  0.02469136 -0.12345679  0.0005
    3480  0.18518519  0.03703704 -0.11111111  0.0005
    3481  0.17283951  0.04938272 -0.09876543  0.0005
    3482  0.16049383  0.06172840 -0.08641975  0.0005
    3483  0.16049383  0.06172840 -0.06172840  0.0005
    3484  0.14814815  0.07407407 -0.04938272  0.0005
    3485  0.13580247  0.08641975 -0.03703704  0.0005
    3486  0.12345679  0.09876543 -0.02469136  0.0005
    3487  0.11111111  0.11111111 -0.01234568  0.0005
    3488  0.09876543  0.12345679  0.00000000  0.0005
    3489  0.08641975  0.13580247  0.01234568  0.0005
    3490  0.07407407  0.14814815  0.02469136  0.0005
    3491  0.06172840  0.16049383  0.03703704  0.0005
    3492  0.04938272  0.17283951  0.04938272  0.0005
    3493  0.03703704  0.18518519  0.06172840  0.0005
    3494  0.27160494 -0.04938272 -0.17283951  0.0005
    3495  0.25925926 -0.03703704 -0.16049383  0.0005
    3496  0.24691358 -0.02469136 -0.14814815  0.0005
    3497  0.23456790 -0.01234568 -0.13580247  0.0005
    3498  0.22222222  0.00000000 -0.12345679  0.0005
    3499  0.20987654  0.01234568 -0.11111111  0.0005
    3500  0.19753086  0.02469136 -0.09876543  0.0005
    3501  0.18518519  0.03703704 -0.08641975  0.0005
    3502  0.17283951  0.04938272 -0.07407407  0.0005
    3503  0.17283951  0.04938272 -0.04938272  0.0005
    3504  0.16049383  0.06172840 -0.03703704  0.0005
    3505  0.14814815  0.07407407 -0.02469136  0.0005
    3506  0.13580247  0.08641975 -0.01234568  0.0005
    3507  0.12345679  0.09876543  0.00000000  0.0005
    3508  0.11111111  0.11111111  0.01234568  0.0005
    3509  0.09876543  0.12345679  0.02469136  0.0005
    3510  0.08641975  0.13580247  0.03703704  0.0005
    3511  0.07407407  0.14814815  0.04938272  0.0005
    3512  0.06172840  0.16049383  0.06172840  0.0005
    3513  0.04938272  0.17283951  0.07407407  0.0005
    3514  0.28395062 -0.06172840 -0.16049383  0.0005
    3515  0.27160494 -0.04938272 -0.14814815  0.0005
    3516  0.25925926 -0.03703704 -0.13580247  0.0005
    3517  0.24691358 -0.02469136 -0.12345679  0.0005
    3518  0.23456790 -0.01234568 -0.11111111  0.0005
    3519  0.22222222  0.00000000 -0.09876543  0.0005
    3520  0.20987654  0.01234568 -0.08641975  0.0005
    3521  0.19753086  0.02469136 -0.07407407  0.0005
    3522  0.18518519  0.03703704 -0.06172840  0.0005
    3523  0.18518519  0.03703704 -0.03703704  0.0005
    3524  0.17283951  0.04938272 -0.02469136  0.0005
    3525  0.16049383  0.06172840 -0.01234568  0.0005
    3526  0.14814815  0.07407407  0.00000000  0.0005
    3527  0.13580247  0.08641975  0.01234568  0.0005
    3528  0.12345679  0.09876543  0.02469136  0.0005
    3529  0.11111111  0.11111111  0.03703704  0.0005
    3530  0.09876543  0.12345679  0.04938272  0.0005
    3531  0.08641975  0.13580247  0.06172840  0.0005
    3532  0.07407407  0.14814815  0.07407407  0.0005
    3533  0.06172840  0.16049383  0.08641975  0.0005
    3534  0.29629630 -0.07407407 -0.14814815  0.0005
    3535  0.28395062 -0.06172840 -0.13580247  0.0005
    3536  0.27160494 -0.04938272 -0.12345679  0.0005
    3537  0.25925926 -0.03703704 -0.11111111  0.0005
    3538  0.24691358 -0.02469136 -0.09876543  0.0005
    3539  0.23456790 -0.01234568 -0.08641975  0.0005
    3540  0.22222222  0.00000000 -0.07407407  0.0005
    3541  0.20987654  0.01234568 -0.06172840  0.0005
    3542  0.19753086  0.02469136 -0.04938272  0.0005
    3543  0.19753086  0.02469136 -0.02469136  0.0005
    3544  0.18518519  0.03703704 -0.01234568  0.0005
    3545  0.17283951  0.04938272  0.00000000  0.0005
    3546  0.16049383  0.06172840  0.01234568  0.0005
    3547  0.14814815  0.07407407  0.02469136  0.0005
    3548  0.13580247  0.08641975  0.03703704  0.0005
    3549  0.12345679  0.09876543  0.04938272  0.0005
    3550  0.11111111  0.11111111  0.06172840  0.0005
    3551  0.09876543  0.12345679  0.07407407  0.0005
    3552  0.08641975  0.13580247  0.08641975  0.0005
    3553  0.07407407  0.14814815  0.09876543  0.0005
    3554  0.30864198 -0.08641975 -0.13580247  0.0005
    3555  0.29629630 -0.07407407 -0.12345679  0.0005
    3556  0.28395062 -0.06172840 -0.11111111  0.0005
    3557  0.27160494 -0.04938272 -0.09876543  0.0005
    3558  0.25925926 -0.03703704 -0.08641975  0.0005
    3559  0.24691358 -0.02469136 -0.07407407  0.0005
    3560  0.23456790 -0.01234568 -0.06172840  0.0005
    3561  0.22222222  0.00000000 -0.04938272  0.0005
    3562  0.20987654  0.01234568 -0.03703704  0.0005
    3563  0.20987654  0.01234568 -0.01234568  0.0005
    3564  0.19753086  0.02469136  0.00000000  0.0005
    3565  0.18518519  0.03703704  0.01234568  0.0005
    3566  0.17283951  0.04938272  0.02469136  0.0005
    3567  0.16049383  0.06172840  0.03703704  0.0005
    3568  0.14814815  0.07407407  0.04938272  0.0005
    3569  0.13580247  0.08641975  0.06172840  0.0005
    3570  0.12345679  0.09876543  0.07407407  0.0005
    3571  0.11111111  0.11111111  0.08641975  0.0005
    3572  0.09876543  0.12345679  0.09876543  0.0005
    3573  0.08641975  0.13580247  0.11111111  0.0005
    3574  0.32098765 -0.09876543 -0.12345679  0.0005
    3575  0.30864198 -0.08641975 -0.11111111  0.0005
    3576  0.29629630 -0.07407407 -0.09876543  0.0005
    3577  0.28395062 -0.06172840 -0.08641975  0.0005
    3578  0.27160494 -0.04938272 -0.07407407  0.0005
    3579  0.25925926 -0.03703704 -0.06172840  0.0005
    3580  0.24691358 -0.02469136 -0.04938272  0.0005
    3581  0.23456790 -0.01234568 -0.03703704  0.0005
    3582  0.22222222  0.00000000 -0.02469136  0.0005
    3583  0.22222222  0.00000000  0.00000000  0.0005
    3584  0.20987654  0.01234568  0.01234568  0.0005
    3585  0.19753086  0.02469136  0.02469136  0.0005
    3586  0.18518519  0.03703704  0.03703704  0.0005
    3587  0.17283951  0.04938272  0.04938272  0.0005
    3588  0.16049383  0.06172840  0.06172840  0.0005
    3589  0.14814815  0.07407407  0.07407407  0.0005
    3590  0.13580247  0.08641975  0.08641975  0.0005
    3591  0.12345679  0.09876543  0.09876543  0.0005
    3592  0.11111111  0.11111111  0.11111111  0.0005
    3593  0.09876543  0.12345679  0.12345679  0.0005
    3594  0.33333333 -0.11111111 -0.11111111  0.0005
    3595  0.32098765 -0.09876543 -0.09876543  0.0005
    3596  0.30864198 -0.08641975 -0.08641975  0.0005
    3597  0.29629630 -0.07407407 -0.07407407  0.0005
    3598  0.28395062 -0.06172840 -0.06172840  0.0005
    3599  0.27160494 -0.04938272 -0.04938272  0.0005
    3600  0.25925926 -0.03703704 -0.03703704  0.0005
    3601  0.24691358 -0.02469136 -0.02469136  0.0005
    3602  0.23456790 -0.01234568 -0.01234568  0.0005
    3603  0.23456790 -0.01234568  0.01234568  0.0005
    3604  0.22222222  0.00000000  0.02469136  0.0005
    3605  0.20987654  0.01234568  0.03703704  0.0005
    3606  0.19753086  0.02469136  0.04938272  0.0005
    3607  0.18518519  0.03703704  0.06172840  0.0005
    3608  0.17283951  0.04938272  0.07407407  0.0005
    3609  0.16049383  0.06172840  0.08641975  0.0005
    3610  0.14814815  0.07407407  0.09876543  0.0005
    3611  0.13580247  0.08641975  0.11111111  0.0005
    3612  0.12345679  0.09876543  0.12345679  0.0005
    3613  0.11111111  0.11111111  0.13580247  0.0005
    3614  0.34567901 -0.12345679 -0.09876543  0.0005
    3615  0.33333333 -0.11111111 -0.08641975  0.0005
    3616  0.32098765 -0.09876543 -0.07407407  0.0005
    3617  0.30864198 -0.08641975 -0.06172840  0.0005
    3618  0.29629630 -0.07407407 -0.04938272  0.0005
    3619  0.28395062 -0.06172840 -0.03703704  0.0005
    3620  0.27160494 -0.04938272 -0.02469136  0.0005
    3621  0.25925926 -0.03703704 -0.01234568  0.0005
    3622  0.24691358 -0.02469136  0.00000000  0.0005
    3623  0.00000000  0.22222222 -0.22222222  0.0005
    3624 -0.01234568  0.23456790 -0.20987654  0.0005
    3625 -0.02469136  0.24691358 -0.19753086  0.0005
    3626 -0.03703704  0.25925926 -0.18518519  0.0005
    3627 -0.04938272  0.27160494 -0.17283951  0.0005
    3628 -0.06172840  0.28395062 -0.16049383  0.0005
    3629 -0.07407407  0.29629630 -0.14814815  0.0005
    3630 -0.08641975  0.30864198 -0.13580247  0.0005
    3631 -0.09876543  0.32098765 -0.12345679  0.0005
    3632 -0.11111111  0.33333333 -0.11111111  0.0005
    3633 -0.12345679  0.34567901 -0.09876543  0.0005
    3634 -0.11111111 -0.11111111  0.33333333  0.0005
    3635 -0.09876543 -0.12345679  0.32098765  0.0005
    3636 -0.08641975 -0.13580247  0.30864198  0.0005
    3637 -0.07407407 -0.14814815  0.29629630  0.0005
    3638 -0.06172840 -0.16049383  0.28395062  0.0005
    3639 -0.04938272 -0.17283951  0.27160494  0.0005
    3640 -0.03703704 -0.18518519  0.25925926  0.0005
    3641 -0.02469136 -0.19753086  0.24691358  0.0005
    3642 -0.01234568 -0.20987654  0.23456790  0.0005
    3643  0.01234568  0.20987654 -0.20987654  0.0005
    3644  0.00000000  0.22222222 -0.19753086  0.0005
    3645 -0.01234568  0.23456790 -0.18518519  0.0005
    3646 -0.02469136  0.24691358 -0.17283951  0.0005
    3647 -0.03703704  0.25925926 -0.16049383  0.0005
    3648 -0.04938272  0.27160494 -0.14814815  0.0005
    3649 -0.06172840  0.28395062 -0.13580247  0.0005
    3650 -0.07407407  0.29629630 -0.12345679  0.0005
    3651 -0.08641975  0.30864198 -0.11111111  0.0005
    3652 -0.09876543  0.32098765 -0.09876543  0.0005
    3653 -0.11111111  0.33333333 -0.08641975  0.0005
    3654 -0.12345679 -0.09876543  0.32098765  0.0005
    3655 -0.11111111 -0.11111111  0.30864198  0.0005
    3656 -0.09876543 -0.12345679  0.29629630  0.0005
    3657 -0.08641975 -0.13580247  0.28395062  0.0005
    3658 -0.07407407 -0.14814815  0.27160494  0.0005
    3659 -0.06172840 -0.16049383  0.25925926  0.0005
    3660 -0.04938272 -0.17283951  0.24691358  0.0005
    3661 -0.03703704 -0.18518519  0.23456790  0.0005
    3662  0.02469136  0.19753086 -0.22222222  0.0005
    3663  0.02469136  0.19753086 -0.19753086  0.0005
    3664  0.01234568  0.20987654 -0.18518519  0.0005
    3665  0.00000000  0.22222222 -0.17283951  0.0005
    3666 -0.01234568  0.23456790 -0.16049383  0.0005
    3667 -0.02469136  0.24691358 -0.14814815  0.0005
    3668 -0.03703704  0.25925926 -0.13580247  0.0005
    3669 -0.04938272  0.27160494 -0.12345679  0.0005
    3670 -0.06172840  0.28395062 -0.11111111  0.0005
    3671 -0.07407407  0.29629630 -0.09876543  0.0005
    3672 -0.08641975  0.30864198 -0.08641975  0.0005
    3673 -0.09876543  0.32098765 -0.07407407  0.0005
    3674 -0.13580247 -0.08641975  0.30864198  0.0005
    3675 -0.12345679 -0.09876543  0.29629630  0.0005
    3676 -0.11111111 -0.11111111  0.28395062  0.0005
    3677 -0.09876543 -0.12345679  0.27160494  0.0005
    3678 -0.08641975 -0.13580247  0.25925926  0.0005
    3679 -0.07407407 -0.14814815  0.24691358  0.0005
    3680 -0.06172840 -0.16049383  0.23456790  0.0005
    3681  0.04938272  0.17283951 -0.22222222  0.0005
    3682  0.03703704  0.18518519 -0.20987654  0.0005
    3683  0.03703704  0.18518519 -0.18518519  0.0005
    3684  0.02469136  0.19753086 -0.17283951  0.0005
    3685  0.01234568  0.20987654 -0.16049383  0.0005
    3686  0.00000000  0.22222222 -0.14814815  0.0005
    3687 -0.01234568  0.23456790 -0.13580247  0.0005
    3688 -0.02469136  0.24691358 -0.12345679  0.0005
    3689 -0.03703704  0.25925926 -0.11111111  0.0005
    3690 -0.04938272  0.27160494 -0.09876543  0.0005
    3691 -0.06172840  0.28395062 -0.08641975  0.0005
    3692 -0.07407407  0.29629630 -0.07407407  0.0005
    3693 -0.08641975  0.30864198 -0.06172840  0.0005
    3694 -0.14814815 -0.07407407  0.29629630  0.0005
    3695 -0.13580247 -0.08641975  0.28395062  0.0005
    3696 -0.12345679 -0.09876543  0.27160494  0.0005
    3697 -0.11111111 -0.11111111  0.25925926  0.0005
    3698 -0.09876543 -0.12345679  0.24691358  0.0005
    3699 -0.08641975 -0.13580247  0.23456790  0.0005
    3700  0.07407407  0.14814815 -0.22222222  0.0005
    3701  0.06172840  0.16049383 -0.20987654  0.0005
    3702  0.04938272  0.17283951 -0.19753086  0.0005
    3703  0.04938272  0.17283951 -0.17283951  0.0005
    3704  0.03703704  0.18518519 -0.16049383  0.0005
    3705  0.02469136  0.19753086 -0.14814815  0.0005
    3706  0.01234568  0.20987654 -0.13580247  0.0005
    3707  0.00000000  0.22222222 -0.12345679  0.0005
    3708 -0.01234568  0.23456790 -0.11111111  0.0005
    3709 -0.02469136  0.24691358 -0.09876543  0.0005
    3710 -0.03703704  0.25925926 -0.08641975  0.0005
    3711 -0.04938272  0.27160494 -0.07407407  0.0005
    3712 -0.06172840  0.28395062 -0.06172840  0.0005
    3713 -0.07407407  0.29629630 -0.04938272  0.0005
    3714 -0.16049383 -0.06172840  0.28395062  0.0005
    3715 -0.14814815 -0.07407407  0.27160494  0.0005
    3716 -0.13580247 -0.08641975  0.25925926  0.0005
    3717 -0.12345679 -0.09876543  0.24691358  0.0005
    3718 -0.11111111 -0.11111111  0.23456790  0.0005
    3719  0.09876543  0.12345679 -0.22222222  0.0005
    3720  0.08641975  0.13580247 -0.20987654  0.0005
    3721  0.07407407  0.14814815 -0.19753086  0.0005
    3722  0.06172840  0.16049383 -0.18518519  0.0005
    3723  0.06172840  0.16049383 -0.16049383  0.0005
    3724  0.04938272  0.17283951 -0.14814815  0.0005
    3725  0.03703704  0.18518519 -0.13580247  0.0005
    3726  0.02469136  0.19753086 -0.12345679  0.0005
    3727  0.01234568  0.20987654 -0.11111111  0.0005
    3728  0.00000000  0.22222222 -0.09876543  0.0005
    3729 -0.01234568  0.23456790 -0.08641975  0.0005
    3730 -0.02469136  0.24691358 -0.07407407  0.0005
    3731 -0.03703704  0.25925926 -0.06172840  0.0005
    3732 -0.04938272  0.27160494 -0.04938272  0.0005
    3733 -0.06172840  0.28395062 -0.03703704  0.0005
    3734 -0.17283951 -0.04938272  0.27160494  0.0005
    3735 -0.16049383 -0.06172840  0.25925926  0.0005
    3736 -0.14814815 -0.07407407  0.24691358  0.0005
    3737 -0.13580247 -0.08641975  0.23456790  0.0005
    3738  0.12345679  0.09876543 -0.22222222  0.0005
    3739  0.11111111  0.11111111 -0.20987654  0.0005
    3740  0.09876543  0.12345679 -0.19753086  0.0005
    3741  0.08641975  0.13580247 -0.18518519  0.0005
    3742  0.07407407  0.14814815 -0.17283951  0.0005
    3743  0.07407407  0.14814815 -0.14814815  0.0005
    3744  0.06172840  0.16049383 -0.13580247  0.0005
    3745  0.04938272  0.17283951 -0.12345679  0.0005
    3746  0.03703704  0.18518519 -0.11111111  0.0005
    3747  0.02469136  0.19753086 -0.09876543  0.0005
    3748  0.01234568  0.20987654 -0.08641975  0.0005
    3749  0.00000000  0.22222222 -0.07407407  0.0005
    3750 -0.01234568  0.23456790 -0.06172840  0.0005
    3751 -0.02469136  0.24691358 -0.04938272  0.0005
    3752 -0.03703704  0.25925926 -0.03703704  0.0005
    3753 -0.04938272  0.27160494 -0.02469136  0.0005
    3754 -0.18518519 -0.03703704  0.25925926  0.0005
    3755 -0.17283951 -0.04938272  0.24691358  0.0005
    3756 -0.16049383 -0.06172840  0.23456790  0.0005
    3757  0.14814815  0.07407407 -0.22222222  0.0005
    3758  0.13580247  0.08641975 -0.20987654  0.0005
    3759  0.12345679  0.09876543 -0.19753086  0.0005
    3760  0.11111111  0.11111111 -0.18518519  0.0005
    3761  0.09876543  0.12345679 -0.17283951  0.0005
    3762  0.08641975  0.13580247 -0.16049383  0.0005
    3763  0.08641975  0.13580247 -0.13580247  0.0005
    3764  0.07407407  0.14814815 -0.12345679  0.0005
    3765  0.06172840  0.16049383 -0.11111111  0.0005
    3766  0.04938272  0.17283951 -0.09876543  0.0005
    3767  0.03703704  0.18518519 -0.08641975  0.0005
    3768  0.02469136  0.19753086 -0.07407407  0.0005
    3769  0.01234568  0.20987654 -0.06172840  0.0005
    3770  0.00000000  0.22222222 -0.04938272  0.0005
    3771 -0.01234568  0.23456790 -0.03703704  0.0005
    3772 -0.02469136  0.24691358 -0.02469136  0.0005
    3773 -0.03703704  0.25925926 -0.01234568  0.0005
    3774 -0.19753086 -0.02469136  0.24691358  0.0005
    3775 -0.18518519 -0.03703704  0.23456790  0.0005
    3776  0.17283951  0.04938272 -0.22222222  0.0005
    3777  0.16049383  0.06172840 -0.20987654  0.0005
    3778  0.14814815  0.07407407 -0.19753086  0.0005
    3779  0.13580247  0.08641975 -0.18518519  0.0005
    3780  0.12345679  0.09876543 -0.17283951  0.0005
    3781  0.11111111  0.11111111 -0.16049383  0.0005
    3782  0.09876543  0.12345679 -0.14814815  0.0005
    3783  0.09876543  0.12345679 -0.12345679  0.0005
    3784  0.08641975  0.13580247 -0.11111111  0.0005
    3785  0.07407407  0.14814815 -0.09876543  0.0005
    3786  0.06172840  0.16049383 -0.08641975  0.0005
    3787  0.04938272  0.17283951 -0.07407407  0.0005
    3788  0.03703704  0.18518519 -0.06172840  0.0005
    3789  0.02469136  0.19753086 -0.04938272  0.0005
    3790  0.01234568  0.20987654 -0.03703704  0.0005
    3791  0.00000000  0.22222222 -0.02469136  0.0005
    3792 -0.01234568  0.23456790 -0.01234568  0.0005
    3793 -0.02469136  0.24691358  0.00000000  0.0005
    3794 -0.20987654 -0.01234568  0.23456790  0.0005
    3795  0.19753086  0.02469136 -0.22222222  0.0005
    3796  0.18518519  0.03703704 -0.20987654  0.0005
    3797  0.17283951  0.04938272 -0.19753086  0.0005
    3798  0.16049383  0.06172840 -0.18518519  0.0005
    3799  0.14814815  0.07407407 -0.17283951  0.0005
    3800  0.13580247  0.08641975 -0.16049383  0.0005
    3801  0.12345679  0.09876543 -0.14814815  0.0005
    3802  0.11111111  0.11111111 -0.13580247  0.0005
    3803  0.12345679  0.12345679 -0.12345679  0.0003
    3804  0.11111111  0.13580247 -0.11111111  0.0005
    3805  0.09876543  0.14814815 -0.09876543  0.0005
    3806  0.08641975  0.16049383 -0.08641975  0.0005
    3807  0.07407407  0.17283951 -0.07407407  0.0005
    3808  0.06172840  0.18518519 -0.06172840  0.0005
    3809  0.04938272  0.19753086 -0.04938272  0.0005
    3810  0.03703704  0.20987654 -0.03703704  0.0005
    3811  0.02469136  0.22222222 -0.02469136  0.0005
    3812  0.01234568  0.23456790 -0.01234568  0.0005
    3813  0.00000000  0.24691358  0.00000000  0.0003
    3814  0.13580247  0.11111111 -0.11111111  0.0005
    3815  0.12345679  0.12345679 -0.09876543  0.0005
    3816  0.11111111  0.13580247 -0.08641975  0.0005
    3817  0.09876543  0.14814815 -0.07407407  0.0005
    3818  0.08641975  0.16049383 -0.06172840  0.0005
    3819  0.07407407  0.17283951 -0.04938272  0.0005
    3820  0.06172840  0.18518519 -0.03703704  0.0005
    3821  0.04938272  0.19753086 -0.02469136  0.0005
    3822  0.03703704  0.20987654 -0.01234568  0.0005
    3823  0.02469136  0.22222222  0.00000000  0.0005
    3824  0.01234568  0.23456790  0.01234568  0.0005
    3825  0.00000000  0.24691358 -0.02469136  0.0005
    3826  0.01234568  0.23456790 -0.03703704  0.0005
    3827  0.02469136  0.22222222 -0.04938272  0.0005
    3828  0.03703704  0.20987654 -0.06172840  0.0005
    3829  0.04938272  0.19753086 -0.07407407  0.0005
    3830  0.06172840  0.18518519 -0.08641975  0.0005
    3831  0.07407407  0.17283951 -0.09876543  0.0005
    3832  0.08641975  0.16049383 -0.11111111  0.0005
    3833  0.14814815  0.09876543 -0.12345679  0.0005
    3834  0.14814815  0.09876543 -0.09876543  0.0005
    3835  0.13580247  0.11111111 -0.08641975  0.0005
    3836  0.12345679  0.12345679 -0.07407407  0.0005
    3837  0.11111111  0.13580247 -0.06172840  0.0005
    3838  0.09876543  0.14814815 -0.04938272  0.0005
    3839  0.08641975  0.16049383 -0.03703704  0.0005
    3840  0.07407407  0.17283951 -0.02469136  0.0005
    3841  0.06172840  0.18518519 -0.01234568  0.0005
    3842  0.04938272  0.19753086  0.00000000  0.0005
    3843  0.03703704  0.20987654  0.01234568  0.0005
    3844  0.02469136  0.22222222  0.02469136  0.0005
    3845 -0.01234568  0.25925926 -0.03703704  0.0005
    3846  0.00000000  0.24691358 -0.04938272  0.0005
    3847  0.01234568  0.23456790 -0.06172840  0.0005
    3848  0.02469136  0.22222222 -0.07407407  0.0005
    3849  0.03703704  0.20987654 -0.08641975  0.0005
    3850  0.04938272  0.19753086 -0.09876543  0.0005
    3851  0.06172840  0.18518519 -0.11111111  0.0005
    3852  0.17283951  0.07407407 -0.12345679  0.0005
    3853  0.16049383  0.08641975 -0.11111111  0.0005
    3854  0.16049383  0.08641975 -0.08641975  0.0005
    3855  0.14814815  0.09876543 -0.07407407  0.0005
    3856  0.13580247  0.11111111 -0.06172840  0.0005
    3857  0.12345679  0.12345679 -0.04938272  0.0005
    3858  0.11111111  0.13580247 -0.03703704  0.0005
    3859  0.09876543  0.14814815 -0.02469136  0.0005
    3860  0.08641975  0.16049383 -0.01234568  0.0005
    3861  0.07407407  0.17283951  0.00000000  0.0005
    3862  0.06172840  0.18518519  0.01234568  0.0005
    3863  0.04938272  0.19753086  0.02469136  0.0005
    3864  0.03703704  0.20987654  0.03703704  0.0005
    3865 -0.02469136  0.27160494 -0.04938272  0.0005
    3866 -0.01234568  0.25925926 -0.06172840  0.0005
    3867  0.00000000  0.24691358 -0.07407407  0.0005
    3868  0.01234568  0.23456790 -0.08641975  0.0005
    3869  0.02469136  0.22222222 -0.09876543  0.0005
    3870  0.03703704  0.20987654 -0.11111111  0.0005
    3871  0.19753086  0.04938272 -0.12345679  0.0005
    3872  0.18518519  0.06172840 -0.11111111  0.0005
    3873  0.17283951  0.07407407 -0.09876543  0.0005
    3874  0.17283951  0.07407407 -0.07407407  0.0005
    3875  0.16049383  0.08641975 -0.06172840  0.0005
    3876  0.14814815  0.09876543 -0.04938272  0.0005
    3877  0.13580247  0.11111111 -0.03703704  0.0005
    3878  0.12345679  0.12345679 -0.02469136  0.0005
    3879  0.11111111  0.13580247 -0.01234568  0.0005
    3880  0.09876543  0.14814815  0.00000000  0.0005
    3881  0.08641975  0.16049383  0.01234568  0.0005
    3882  0.07407407  0.17283951  0.02469136  0.0005
    3883  0.06172840  0.18518519  0.03703704  0.0005
    3884  0.04938272  0.19753086  0.04938272  0.0005
    3885 -0.03703704  0.28395062 -0.06172840  0.0005
    3886 -0.02469136  0.27160494 -0.07407407  0.0005
    3887 -0.01234568  0.25925926 -0.08641975  0.0005
    3888  0.00000000  0.24691358 -0.09876543  0.0005
    3889  0.01234568  0.23456790 -0.11111111  0.0005
    3890  0.22222222  0.02469136 -0.12345679  0.0005
    3891  0.20987654  0.03703704 -0.11111111  0.0005
    3892  0.19753086  0.04938272 -0.09876543  0.0005
    3893  0.18518519  0.06172840 -0.08641975  0.0005
    3894  0.18518519  0.06172840 -0.06172840  0.0005
    3895  0.17283951  0.07407407 -0.04938272  0.0005
    3896  0.16049383  0.08641975 -0.03703704  0.0005
    3897  0.14814815  0.09876543 -0.02469136  0.0005
    3898  0.13580247  0.11111111 -0.01234568  0.0005
    3899  0.12345679  0.12345679  0.00000000  0.0005
    3900  0.11111111  0.13580247  0.01234568  0.0005
    3901  0.09876543  0.14814815  0.02469136  0.0005
    3902  0.08641975  0.16049383  0.03703704  0.0005
    3903  0.07407407  0.17283951  0.04938272  0.0005
    3904  0.06172840  0.18518519  0.06172840  0.0005
    3905 -0.04938272  0.29629630 -0.07407407  0.0005
    3906 -0.03703704  0.28395062 -0.08641975  0.0005
    3907 -0.02469136  0.27160494 -0.09876543  0.0005
    3908 -0.01234568  0.25925926 -0.11111111  0.0005
    3909  0.24691358  0.00000000 -0.12345679  0.0005
    3910  0.23456790  0.01234568 -0.11111111  0.0005
    3911  0.22222222  0.02469136 -0.09876543  0.0005
    3912  0.20987654  0.03703704 -0.08641975  0.0005
    3913  0.19753086  0.04938272 -0.07407407  0.0005
    3914  0.19753086  0.04938272 -0.04938272  0.0005
    3915  0.18518519  0.06172840 -0.03703704  0.0005
    3916  0.17283951  0.07407407 -0.02469136  0.0005
    3917  0.16049383  0.08641975 -0.01234568  0.0005
    3918  0.14814815  0.09876543  0.00000000  0.0005
    3919  0.13580247  0.11111111  0.01234568  0.0005
    3920  0.12345679  0.12345679  0.02469136  0.0005
    3921  0.11111111  0.13580247  0.03703704  0.0005
    3922  0.09876543  0.14814815  0.04938272  0.0005
    3923  0.08641975  0.16049383  0.06172840  0.0005
    3924  0.07407407  0.17283951  0.07407407  0.0005
    3925 -0.06172840  0.30864198 -0.08641975  0.0005
    3926 -0.04938272  0.29629630 -0.09876543  0.0005
    3927 -0.03703704  0.28395062 -0.11111111  0.0005
    3928  0.27160494 -0.02469136 -0.12345679  0.0005
    3929  0.25925926 -0.01234568 -0.11111111  0.0005
    3930  0.24691358  0.00000000 -0.09876543  0.0005
    3931  0.23456790  0.01234568 -0.08641975  0.0005
    3932  0.22222222  0.02469136 -0.07407407  0.0005
    3933  0.20987654  0.03703704 -0.06172840  0.0005
    3934  0.20987654  0.03703704 -0.03703704  0.0005
    3935  0.19753086  0.04938272 -0.02469136  0.0005
    3936  0.18518519  0.06172840 -0.01234568  0.0005
    3937  0.17283951  0.07407407  0.00000000  0.0005
    3938  0.16049383  0.08641975  0.01234568  0.0005
    3939  0.14814815  0.09876543  0.02469136  0.0005
    3940  0.13580247  0.11111111  0.03703704  0.0005
    3941  0.12345679  0.12345679  0.04938272  0.0005
    3942  0.11111111  0.13580247  0.06172840  0.0005
    3943  0.09876543  0.14814815  0.07407407  0.0005
    3944  0.08641975  0.16049383  0.08641975  0.0005
    3945 -0.07407407  0.32098765 -0.09876543  0.0005
    3946 -0.06172840  0.30864198 -0.11111111  0.0005
    3947  0.29629630 -0.04938272 -0.12345679  0.0005
    3948  0.28395062 -0.03703704 -0.11111111  0.0005
    3949  0.27160494 -0.02469136 -0.09876543  0.0005
    3950  0.25925926 -0.01234568 -0.08641975  0.0005
    3951  0.24691358  0.00000000 -0.07407407  0.0005
    3952  0.23456790  0.01234568 -0.06172840  0.0005
    3953  0.22222222  0.02469136 -0.04938272  0.0005
    3954  0.22222222  0.02469136 -0.02469136  0.0005
    3955  0.20987654  0.03703704 -0.01234568  0.0005
    3956  0.19753086  0.04938272  0.00000000  0.0005
    3957  0.18518519  0.06172840  0.01234568  0.0005
    3958  0.17283951  0.07407407  0.02469136  0.0005
    3959  0.16049383  0.08641975  0.03703704  0.0005
    3960  0.14814815  0.09876543  0.04938272  0.0005
    3961  0.13580247  0.11111111  0.06172840  0.0005
    3962  0.12345679  0.12345679  0.07407407  0.0005
    3963  0.11111111  0.13580247  0.08641975  0.0005
    3964  0.09876543  0.14814815  0.09876543  0.0005
    3965 -0.08641975  0.33333333 -0.11111111  0.0005
    3966  0.32098765 -0.07407407 -0.12345679  0.0005
    3967  0.30864198 -0.06172840 -0.11111111  0.0005
    3968  0.29629630 -0.04938272 -0.09876543  0.0005
    3969  0.28395062 -0.03703704 -0.08641975  0.0005
    3970  0.27160494 -0.02469136 -0.07407407  0.0005
    3971  0.25925926 -0.01234568 -0.06172840  0.0005
    3972  0.24691358  0.00000000 -0.04938272  0.0005
    3973  0.23456790  0.01234568 -0.03703704  0.0005
    3974  0.23456790  0.01234568 -0.01234568  0.0005
    3975  0.22222222  0.02469136  0.00000000  0.0005
    3976  0.20987654  0.03703704  0.01234568  0.0005
    3977  0.19753086  0.04938272  0.02469136  0.0005
    3978  0.18518519  0.06172840  0.03703704  0.0005
    3979  0.17283951  0.07407407  0.04938272  0.0005
    3980  0.16049383  0.08641975  0.06172840  0.0005
    3981  0.14814815  0.09876543  0.07407407  0.0005
    3982  0.13580247  0.11111111  0.08641975  0.0005
    3983  0.12345679  0.12345679  0.09876543  0.0005
    3984  0.11111111  0.13580247  0.11111111  0.0005
    3985  0.34567901 -0.09876543 -0.12345679  0.0005
    3986  0.33333333 -0.08641975 -0.11111111  0.0005
    3987  0.32098765 -0.07407407 -0.09876543  0.0005
    3988  0.30864198 -0.06172840 -0.08641975  0.0005
    3989  0.29629630 -0.04938272 -0.07407407  0.0005
    3990  0.28395062 -0.03703704 -0.06172840  0.0005
    3991  0.27160494 -0.02469136 -0.04938272  0.0005
    3992  0.25925926 -0.01234568 -0.03703704  0.0005
    3993  0.24691358  0.00000000 -0.02469136  0.0005
    3994  0.24691358  0.00000000  0.00000000  0.0003
    3995  0.23456790  0.01234568  0.01234568  0.0005
    3996  0.22222222  0.02469136  0.02469136  0.0005
    3997  0.20987654  0.03703704  0.03703704  0.0005
    3998  0.19753086  0.04938272  0.04938272  0.0005
    3999  0.18518519  0.06172840  0.06172840  0.0005
    4000  0.17283951  0.07407407  0.07407407  0.0005
    4001  0.16049383  0.08641975  0.08641975  0.0005
    4002  0.14814815  0.09876543  0.09876543  0.0005
    4003  0.13580247  0.11111111  0.11111111  0.0005
    4004  0.12345679  0.12345679  0.12345679  0.0003


 K-POINTS DIRECT COORDINATES
 KPOINTS    DIRECT_X    DIRECT_Y    DIRECT_Z  WEIGHT
       1  0.00000000  0.00000000  0.00000000  0.0003
       2  0.05000000  0.00000000  0.00000000  0.0005
       3  0.10000000  0.00000000  0.00000000  0.0005
       4  0.15000000  0.00000000  0.00000000  0.0005
       5  0.20000000  0.00000000  0.00000000  0.0005
       6  0.25000000  0.00000000  0.00000000  0.0005
       7  0.30000000  0.00000000  0.00000000  0.0005
       8  0.35000000  0.00000000  0.00000000  0.0005
       9  0.40000000  0.00000000  0.00000000  0.0005
      10  0.45000000  0.00000000  0.00000000  0.0005
      11  0.50000000  0.00000000  0.00000000  0.0003
      12  0.00000000  0.05000000  0.00000000  0.0005
      13  0.05000000  0.05000000  0.00000000  0.0005
      14  0.10000000  0.05000000  0.00000000  0.0005
      15  0.15000000  0.05000000  0.00000000  0.0005
      16  0.20000000  0.05000000  0.00000000  0.0005
      17  0.25000000  0.05000000  0.00000000  0.0005
      18  0.30000000  0.05000000  0.00000000  0.0005
      19  0.35000000  0.05000000  0.00000000  0.0005
      20  0.40000000  0.05000000  0.00000000  0.0005
      21  0.45000000  0.05000000  0.00000000  0.0005
      22  0.50000000  0.05000000  0.00000000  0.0005
      23  0.45000000 -0.05000000  0.00000000  0.0005
      24  0.40000000 -0.05000000  0.00000000  0.0005
      25  0.35000000 -0.05000000  0.00000000  0.0005
      26  0.30000000 -0.05000000  0.00000000  0.0005
      27  0.25000000 -0.05000000  0.00000000  0.0005
      28  0.20000000 -0.05000000  0.00000000  0.0005
      29  0.15000000 -0.05000000  0.00000000  0.0005
      30  0.10000000 -0.05000000  0.00000000  0.0005
      31 -0.05000000  0.05000000  0.00000000  0.0005
      32  0.00000000  0.10000000  0.00000000  0.0005
      33  0.05000000  0.10000000  0.00000000  0.0005
      34  0.10000000  0.10000000  0.00000000  0.0005
      35  0.15000000  0.10000000  0.00000000  0.0005
      36  0.20000000  0.10000000  0.00000000  0.0005
      37  0.25000000  0.10000000  0.00000000  0.0005
      38  0.30000000  0.10000000  0.00000000  0.0005
      39  0.35000000  0.10000000  0.00000000  0.0005
      40  0.40000000  0.10000000  0.00000000  0.0005
      41  0.45000000  0.10000000  0.00000000  0.0005
      42  0.50000000  0.10000000  0.00000000  0.0005
      43  0.45000000 -0.10000000  0.00000000  0.0005
      44  0.40000000 -0.10000000  0.00000000  0.0005
      45  0.35000000 -0.10000000  0.00000000  0.0005
      46  0.30000000 -0.10000000  0.00000000  0.0005
      47  0.25000000 -0.10000000  0.00000000  0.0005
      48  0.20000000 -0.10000000  0.00000000  0.0005
      49  0.15000000 -0.10000000  0.00000000  0.0005
      50  0.10000000 -0.10000000  0.00000000  0.0005
      51 -0.05000000  0.10000000  0.00000000  0.0005
      52  0.00000000  0.15000000  0.00000000  0.0005
      53  0.05000000  0.15000000  0.00000000  0.0005
      54  0.10000000  0.15000000  0.00000000  0.0005
      55  0.15000000  0.15000000  0.00000000  0.0005
      56  0.20000000  0.15000000  0.00000000  0.0005
      57  0.25000000  0.15000000  0.00000000  0.0005
      58  0.30000000  0.15000000  0.00000000  0.0005
      59  0.35000000  0.15000000  0.00000000  0.0005
      60  0.40000000  0.15000000  0.00000000  0.0005
      61  0.45000000  0.15000000  0.00000000  0.0005
      62  0.50000000  0.15000000  0.00000000  0.0005
      63  0.45000000 -0.15000000  0.00000000  0.0005
      64  0.40000000 -0.15000000  0.00000000  0.0005
      65  0.35000000 -0.15000000  0.00000000  0.0005
      66  0.30000000 -0.15000000  0.00000000  0.0005
      67  0.25000000 -0.15000000  0.00000000  0.0005
      68  0.20000000 -0.15000000  0.00000000  0.0005
      69 -0.15000000  0.15000000  0.00000000  0.0005
      70 -0.10000000  0.15000000  0.00000000  0.0005
      71 -0.05000000  0.15000000  0.00000000  0.0005
      72  0.00000000  0.20000000  0.00000000  0.0005
      73  0.05000000  0.20000000  0.00000000  0.0005
      74  0.10000000  0.20000000  0.00000000  0.0005
      75  0.15000000  0.20000000  0.00000000  0.0005
      76  0.20000000  0.20000000  0.00000000  0.0005
      77  0.25000000  0.20000000  0.00000000  0.0005
      78  0.30000000  0.20000000  0.00000000  0.0005
      79  0.35000000  0.20000000  0.00000000  0.0005
      80  0.40000000  0.20000000  0.00000000  0.0005
      81  0.45000000  0.20000000  0.00000000  0.0005
      82  0.50000000  0.20000000  0.00000000  0.0005
      83  0.45000000 -0.20000000  0.00000000  0.0005
      84  0.40000000 -0.20000000  0.00000000  0.0005
      85  0.35000000 -0.20000000  0.00000000  0.0005
      86  0.30000000 -0.20000000  0.00000000  0.0005
      87  0.25000000 -0.20000000  0.00000000  0.0005
      88 -0.20000000  0.20000000  0.00000000  0.0005
      89 -0.15000000  0.20000000  0.00000000  0.0005
      90 -0.10000000  0.20000000  0.00000000  0.0005
      91 -0.05000000  0.20000000  0.00000000  0.0005
      92  0.00000000  0.25000000  0.00000000  0.0005
      93  0.05000000  0.25000000  0.00000000  0.0005
      94  0.10000000  0.25000000  0.00000000  0.0005
      95  0.15000000  0.25000000  0.00000000  0.0005
      96  0.20000000  0.25000000  0.00000000  0.0005
      97  0.25000000  0.25000000  0.00000000  0.0005
      98  0.30000000  0.25000000  0.00000000  0.0005
      99  0.35000000  0.25000000  0.00000000  0.0005
     100  0.40000000  0.25000000  0.00000000  0.0005
     101  0.45000000  0.25000000  0.00000000  0.0005
     102  0.50000000  0.25000000  0.00000000  0.0005
     103  0.45000000 -0.25000000  0.00000000  0.0005
     104  0.40000000 -0.25000000  0.00000000  0.0005
     105  0.35000000 -0.25000000  0.00000000  0.0005
     106  0.30000000 -0.25000000  0.00000000  0.0005
     107 -0.25000000  0.25000000  0.00000000  0.0005
     108 -0.20000000  0.25000000  0.00000000  0.0005
     109 -0.15000000  0.25000000  0.00000000  0.0005
     110 -0.10000000  0.25000000  0.00000000  0.0005
     111 -0.05000000  0.25000000  0.00000000  0.0005
     112  0.00000000  0.30000000  0.00000000  0.0005
     113  0.05000000  0.30000000  0.00000000  0.0005
     114  0.10000000  0.30000000  0.00000000  0.0005
     115  0.15000000  0.30000000  0.00000000  0.0005
     116  0.20000000  0.30000000  0.00000000  0.0005
     117  0.25000000  0.30000000  0.00000000  0.0005
     118  0.30000000  0.30000000  0.00000000  0.0005
     119  0.35000000  0.30000000  0.00000000  0.0005
     120  0.40000000  0.30000000  0.00000000  0.0005
     121  0.45000000  0.30000000  0.00000000  0.0005
     122  0.50000000  0.30000000  0.00000000  0.0005
     123  0.45000000 -0.30000000  0.00000000  0.0005
     124  0.40000000 -0.30000000  0.00000000  0.0005
     125  0.35000000 -0.30000000  0.00000000  0.0005
     126 -0.30000000  0.30000000  0.00000000  0.0005
     127 -0.25000000  0.30000000  0.00000000  0.0005
     128 -0.20000000  0.30000000  0.00000000  0.0005
     129 -0.15000000  0.30000000  0.00000000  0.0005
     130 -0.10000000  0.30000000  0.00000000  0.0005
     131 -0.05000000  0.30000000  0.00000000  0.0005
     132  0.00000000  0.35000000  0.00000000  0.0005
     133  0.05000000  0.35000000  0.00000000  0.0005
     134  0.10000000  0.35000000  0.00000000  0.0005
     135  0.15000000  0.35000000  0.00000000  0.0005
     136  0.20000000  0.35000000  0.00000000  0.0005
     137  0.25000000  0.35000000  0.00000000  0.0005
     138  0.30000000  0.35000000  0.00000000  0.0005
     139  0.35000000  0.35000000  0.00000000  0.0005
     140  0.40000000  0.35000000  0.00000000  0.0005
     141  0.45000000  0.35000000  0.00000000  0.0005
     142  0.50000000  0.35000000  0.00000000  0.0005
     143  0.45000000 -0.35000000  0.00000000  0.0005
     144  0.40000000 -0.35000000  0.00000000  0.0005
     145 -0.35000000  0.35000000  0.00000000  0.0005
     146 -0.30000000  0.35000000  0.00000000  0.0005
     147 -0.25000000  0.35000000  0.00000000  0.0005
     148 -0.20000000  0.35000000  0.00000000  0.0005
     149 -0.15000000  0.35000000  0.00000000  0.0005
     150 -0.10000000  0.35000000  0.00000000  0.0005
     151 -0.05000000  0.35000000  0.00000000  0.0005
     152  0.00000000  0.40000000  0.00000000  0.0005
     153  0.05000000  0.40000000  0.00000000  0.0005
     154  0.10000000  0.40000000  0.00000000  0.0005
     155  0.15000000  0.40000000  0.00000000  0.0005
     156  0.20000000  0.40000000  0.00000000  0.0005
     157  0.25000000  0.40000000  0.00000000  0.0005
     158  0.30000000  0.40000000  0.00000000  0.0005
     159  0.35000000  0.40000000  0.00000000  0.0005
     160  0.40000000  0.40000000  0.00000000  0.0005
     161  0.45000000  0.40000000  0.00000000  0.0005
     162  0.50000000  0.40000000  0.00000000  0.0005
     163  0.45000000 -0.40000000  0.00000000  0.0005
     164 -0.40000000  0.40000000  0.00000000  0.0005
     165 -0.35000000  0.40000000  0.00000000  0.0005
     166 -0.30000000  0.40000000  0.00000000  0.0005
     167 -0.25000000  0.40000000  0.00000000  0.0005
     168 -0.20000000  0.40000000  0.00000000  0.0005
     169 -0.15000000  0.40000000  0.00000000  0.0005
     170 -0.10000000  0.40000000  0.00000000  0.0005
     171 -0.05000000  0.40000000  0.00000000  0.0005
     172  0.00000000  0.45000000  0.00000000  0.0005
     173  0.05000000  0.45000000  0.00000000  0.0005
     174  0.10000000  0.45000000  0.00000000  0.0005
     175  0.15000000  0.45000000  0.00000000  0.0005
     176  0.20000000  0.45000000  0.00000000  0.0005
     177  0.25000000  0.45000000  0.00000000  0.0005
     178  0.30000000  0.45000000  0.00000000  0.0005
     179  0.35000000  0.45000000  0.00000000  0.0005
     180  0.40000000  0.45000000  0.00000000  0.0005
     181  0.45000000  0.45000000  0.00000000  0.0005
     182  0.50000000  0.45000000  0.00000000  0.0005
     183 -0.45000000  0.45000000  0.00000000  0.0005
     184 -0.40000000  0.45000000  0.00000000  0.0005
     185 -0.35000000  0.45000000  0.00000000  0.0005
     186 -0.30000000  0.45000000  0.00000000  0.0005
     187 -0.25000000  0.45000000  0.00000000  0.0005
     188 -0.20000000  0.45000000  0.00000000  0.0005
     189 -0.15000000  0.45000000  0.00000000  0.0005
     190 -0.10000000  0.45000000  0.00000000  0.0005
     191 -0.05000000  0.45000000  0.00000000  0.0005
     192  0.00000000  0.50000000  0.00000000  0.0003
     193  0.05000000  0.50000000  0.00000000  0.0005
     194  0.10000000  0.50000000  0.00000000  0.0005
     195  0.15000000  0.50000000  0.00000000  0.0005
     196  0.20000000  0.50000000  0.00000000  0.0005
     197  0.25000000  0.50000000  0.00000000  0.0005
     198  0.30000000  0.50000000  0.00000000  0.0005
     199  0.35000000  0.50000000  0.00000000  0.0005
     200  0.40000000  0.50000000  0.00000000  0.0005
     201  0.45000000  0.50000000  0.00000000  0.0005
     202  0.50000000  0.50000000  0.00000000  0.0003
     203  0.00000000  0.00000000  0.05000000  0.0005
     204  0.05000000  0.00000000  0.05000000  0.0005
     205  0.10000000  0.00000000  0.05000000  0.0005
     206  0.15000000  0.00000000  0.05000000  0.0005
     207  0.20000000  0.00000000  0.05000000  0.0005
     208  0.25000000  0.00000000  0.05000000  0.0005
     209  0.30000000  0.00000000  0.05000000  0.0005
     210  0.35000000  0.00000000  0.05000000  0.0005
     211  0.40000000  0.00000000  0.05000000  0.0005
     212  0.45000000  0.00000000  0.05000000  0.0005
     213  0.50000000  0.00000000  0.05000000  0.0005
     214  0.45000000  0.00000000 -0.05000000  0.0005
     215  0.40000000  0.00000000 -0.05000000  0.0005
     216  0.35000000  0.00000000 -0.05000000  0.0005
     217  0.30000000  0.00000000 -0.05000000  0.0005
     218  0.25000000  0.00000000 -0.05000000  0.0005
     219  0.20000000  0.00000000 -0.05000000  0.0005
     220  0.15000000  0.00000000 -0.05000000  0.0005
     221  0.10000000  0.00000000 -0.05000000  0.0005
     222  0.05000000  0.00000000 -0.05000000  0.0005
     223  0.00000000  0.05000000  0.05000000  0.0005
     224  0.05000000  0.05000000  0.05000000  0.0005
     225  0.10000000  0.05000000  0.05000000  0.0005
     226  0.15000000  0.05000000  0.05000000  0.0005
     227  0.20000000  0.05000000  0.05000000  0.0005
     228  0.25000000  0.05000000  0.05000000  0.0005
     229  0.30000000  0.05000000  0.05000000  0.0005
     230  0.35000000  0.05000000  0.05000000  0.0005
     231  0.40000000  0.05000000  0.05000000  0.0005
     232  0.45000000  0.05000000  0.05000000  0.0005
     233  0.50000000  0.05000000  0.05000000  0.0005
     234  0.45000000 -0.05000000 -0.05000000  0.0005
     235  0.40000000 -0.05000000 -0.05000000  0.0005
     236  0.35000000 -0.05000000 -0.05000000  0.0005
     237  0.30000000 -0.05000000 -0.05000000  0.0005
     238  0.25000000 -0.05000000 -0.05000000  0.0005
     239  0.20000000 -0.05000000 -0.05000000  0.0005
     240  0.15000000 -0.05000000 -0.05000000  0.0005
     241 -0.10000000  0.05000000  0.05000000  0.0005
     242 -0.05000000  0.05000000  0.05000000  0.0005
     243  0.00000000  0.10000000  0.05000000  0.0005
     244  0.05000000  0.10000000  0.05000000  0.0005
     245  0.10000000  0.10000000  0.05000000  0.0005
     246  0.15000000  0.10000000  0.05000000  0.0005
     247  0.20000000  0.10000000  0.05000000  0.0005
     248  0.25000000  0.10000000  0.05000000  0.0005
     249  0.30000000  0.10000000  0.05000000  0.0005
     250  0.35000000  0.10000000  0.05000000  0.0005
     251  0.40000000  0.10000000  0.05000000  0.0005
     252  0.45000000  0.10000000  0.05000000  0.0005
     253  0.50000000  0.10000000  0.05000000  0.0005
     254  0.45000000 -0.10000000 -0.05000000  0.0005
     255  0.40000000 -0.10000000 -0.05000000  0.0005
     256  0.35000000 -0.10000000 -0.05000000  0.0005
     257  0.30000000 -0.10000000 -0.05000000  0.0005
     258  0.25000000 -0.10000000 -0.05000000  0.0005
     259  0.20000000 -0.10000000 -0.05000000  0.0005
     260 -0.15000000  0.10000000  0.05000000  0.0005
     261 -0.10000000  0.10000000  0.05000000  0.0005
     262 -0.05000000  0.10000000  0.05000000  0.0005
     263  0.00000000  0.15000000  0.05000000  0.0005
     264  0.05000000  0.15000000  0.05000000  0.0005
     265  0.10000000  0.15000000  0.05000000  0.0005
     266  0.15000000  0.15000000  0.05000000  0.0005
     267  0.20000000  0.15000000  0.05000000  0.0005
     268  0.25000000  0.15000000  0.05000000  0.0005
     269  0.30000000  0.15000000  0.05000000  0.0005
     270  0.35000000  0.15000000  0.05000000  0.0005
     271  0.40000000  0.15000000  0.05000000  0.0005
     272  0.45000000  0.15000000  0.05000000  0.0005
     273  0.50000000  0.15000000  0.05000000  0.0005
     274  0.45000000 -0.15000000 -0.05000000  0.0005
     275  0.40000000 -0.15000000 -0.05000000  0.0005
     276  0.35000000 -0.15000000 -0.05000000  0.0005
     277  0.30000000 -0.15000000 -0.05000000  0.0005
     278  0.25000000 -0.15000000 -0.05000000  0.0005
     279 -0.20000000  0.15000000  0.05000000  0.0005
     280 -0.15000000  0.15000000  0.05000000  0.0005
     281 -0.10000000  0.15000000  0.05000000  0.0005
     282 -0.05000000  0.15000000  0.05000000  0.0005
     283  0.00000000  0.20000000  0.05000000  0.0005
     284  0.05000000  0.20000000  0.05000000  0.0005
     285  0.10000000  0.20000000  0.05000000  0.0005
     286  0.15000000  0.20000000  0.05000000  0.0005
     287  0.20000000  0.20000000  0.05000000  0.0005
     288  0.25000000  0.20000000  0.05000000  0.0005
     289  0.30000000  0.20000000  0.05000000  0.0005
     290  0.35000000  0.20000000  0.05000000  0.0005
     291  0.40000000  0.20000000  0.05000000  0.0005
     292  0.45000000  0.20000000  0.05000000  0.0005
     293  0.50000000  0.20000000  0.05000000  0.0005
     294  0.45000000 -0.20000000 -0.05000000  0.0005
     295  0.40000000 -0.20000000 -0.05000000  0.0005
     296  0.35000000 -0.20000000 -0.05000000  0.0005
     297  0.30000000 -0.20000000 -0.05000000  0.0005
     298  0.25000000 -0.20000000 -0.05000000  0.0005
     299 -0.20000000  0.20000000  0.05000000  0.0005
     300 -0.15000000  0.20000000  0.05000000  0.0005
     301 -0.10000000  0.20000000  0.05000000  0.0005
     302 -0.05000000  0.20000000  0.05000000  0.0005
     303  0.00000000  0.25000000  0.05000000  0.0005
     304  0.05000000  0.25000000  0.05000000  0.0005
     305  0.10000000  0.25000000  0.05000000  0.0005
     306  0.15000000  0.25000000  0.05000000  0.0005
     307  0.20000000  0.25000000  0.05000000  0.0005
     308  0.25000000  0.25000000  0.05000000  0.0005
     309  0.30000000  0.25000000  0.05000000  0.0005
     310  0.35000000  0.25000000  0.05000000  0.0005
     311  0.40000000  0.25000000  0.05000000  0.0005
     312  0.45000000  0.25000000  0.05000000  0.0005
     313  0.50000000  0.25000000  0.05000000  0.0005
     314  0.45000000 -0.25000000 -0.05000000  0.0005
     315  0.40000000 -0.25000000 -0.05000000  0.0005
     316  0.35000000 -0.25000000 -0.05000000  0.0005
     317  0.30000000 -0.25000000 -0.05000000  0.0005
     318 -0.25000000  0.25000000  0.05000000  0.0005
     319 -0.20000000  0.25000000  0.05000000  0.0005
     320 -0.15000000  0.25000000  0.05000000  0.0005
     321 -0.10000000  0.25000000  0.05000000  0.0005
     322 -0.05000000  0.25000000  0.05000000  0.0005
     323  0.00000000  0.30000000  0.05000000  0.0005
     324  0.05000000  0.30000000  0.05000000  0.0005
     325  0.10000000  0.30000000  0.05000000  0.0005
     326  0.15000000  0.30000000  0.05000000  0.0005
     327  0.20000000  0.30000000  0.05000000  0.0005
     328  0.25000000  0.30000000  0.05000000  0.0005
     329  0.30000000  0.30000000  0.05000000  0.0005
     330  0.35000000  0.30000000  0.05000000  0.0005
     331  0.40000000  0.30000000  0.05000000  0.0005
     332  0.45000000  0.30000000  0.05000000  0.0005
     333  0.50000000  0.30000000  0.05000000  0.0005
     334  0.45000000 -0.30000000 -0.05000000  0.0005
     335  0.40000000 -0.30000000 -0.05000000  0.0005
     336 -0.35000000  0.30000000  0.05000000  0.0005
     337 -0.30000000  0.30000000  0.05000000  0.0005
     338 -0.25000000  0.30000000  0.05000000  0.0005
     339 -0.20000000  0.30000000  0.05000000  0.0005
     340 -0.15000000  0.30000000  0.05000000  0.0005
     341 -0.10000000  0.30000000  0.05000000  0.0005
     342 -0.05000000  0.30000000  0.05000000  0.0005
     343  0.00000000  0.35000000  0.05000000  0.0005
     344  0.05000000  0.35000000  0.05000000  0.0005
     345  0.10000000  0.35000000  0.05000000  0.0005
     346  0.15000000  0.35000000  0.05000000  0.0005
     347  0.20000000  0.35000000  0.05000000  0.0005
     348  0.25000000  0.35000000  0.05000000  0.0005
     349  0.30000000  0.35000000  0.05000000  0.0005
     350  0.35000000  0.35000000  0.05000000  0.0005
     351  0.40000000  0.35000000  0.05000000  0.0005
     352  0.45000000  0.35000000  0.05000000  0.0005
     353  0.50000000  0.35000000  0.05000000  0.0005
     354  0.45000000 -0.35000000 -0.05000000  0.0005
     355  0.40000000 -0.35000000 -0.05000000  0.0005
     356 -0.35000000  0.35000000  0.05000000  0.0005
     357 -0.30000000  0.35000000  0.05000000  0.0005
     358 -0.25000000  0.35000000  0.05000000  0.0005
     359 -0.20000000  0.35000000  0.05000000  0.0005
     360 -0.15000000  0.35000000  0.05000000  0.0005
     361 -0.10000000  0.35000000  0.05000000  0.0005
     362 -0.05000000  0.35000000  0.05000000  0.0005
     363  0.00000000  0.40000000  0.05000000  0.0005
     364  0.05000000  0.40000000  0.05000000  0.0005
     365  0.10000000  0.40000000  0.05000000  0.0005
     366  0.15000000  0.40000000  0.05000000  0.0005
     367  0.20000000  0.40000000  0.05000000  0.0005
     368  0.25000000  0.40000000  0.05000000  0.0005
     369  0.30000000  0.40000000  0.05000000  0.0005
     370  0.35000000  0.40000000  0.05000000  0.0005
     371  0.40000000  0.40000000  0.05000000  0.0005
     372  0.45000000  0.40000000  0.05000000  0.0005
     373  0.50000000  0.40000000  0.05000000  0.0005
     374  0.45000000 -0.40000000 -0.05000000  0.0005
     375 -0.40000000  0.40000000  0.05000000  0.0005
     376 -0.35000000  0.40000000  0.05000000  0.0005
     377 -0.30000000  0.40000000  0.05000000  0.0005
     378 -0.25000000  0.40000000  0.05000000  0.0005
     379 -0.20000000  0.40000000  0.05000000  0.0005
     380 -0.15000000  0.40000000  0.05000000  0.0005
     381 -0.10000000  0.40000000  0.05000000  0.0005
     382 -0.05000000  0.40000000  0.05000000  0.0005
     383  0.00000000  0.45000000  0.05000000  0.0005
     384  0.05000000  0.45000000  0.05000000  0.0005
     385  0.10000000  0.45000000  0.05000000  0.0005
     386  0.15000000  0.45000000  0.05000000  0.0005
     387  0.20000000  0.45000000  0.05000000  0.0005
     388  0.25000000  0.45000000  0.05000000  0.0005
     389  0.30000000  0.45000000  0.05000000  0.0005
     390  0.35000000  0.45000000  0.05000000  0.0005
     391  0.40000000  0.45000000  0.05000000  0.0005
     392  0.45000000  0.45000000  0.05000000  0.0005
     393  0.50000000  0.45000000  0.05000000  0.0005
     394 -0.45000000  0.45000000  0.05000000  0.0005
     395 -0.40000000  0.45000000  0.05000000  0.0005
     396 -0.35000000  0.45000000  0.05000000  0.0005
     397 -0.30000000  0.45000000  0.05000000  0.0005
     398 -0.25000000  0.45000000  0.05000000  0.0005
     399 -0.20000000  0.45000000  0.05000000  0.0005
     400 -0.15000000  0.45000000  0.05000000  0.0005
     401 -0.10000000  0.45000000  0.05000000  0.0005
     402 -0.05000000  0.45000000  0.05000000  0.0005
     403  0.00000000  0.50000000  0.05000000  0.0005
     404  0.05000000  0.50000000  0.05000000  0.0005
     405  0.10000000  0.50000000  0.05000000  0.0005
     406  0.15000000  0.50000000  0.05000000  0.0005
     407  0.20000000  0.50000000  0.05000000  0.0005
     408  0.25000000  0.50000000  0.05000000  0.0005
     409  0.30000000  0.50000000  0.05000000  0.0005
     410  0.35000000  0.50000000  0.05000000  0.0005
     411  0.40000000  0.50000000  0.05000000  0.0005
     412  0.45000000  0.50000000  0.05000000  0.0005
     413  0.50000000  0.50000000  0.05000000  0.0005
     414  0.45000000  0.50000000 -0.05000000  0.0005
     415  0.40000000  0.50000000 -0.05000000  0.0005
     416  0.35000000  0.50000000 -0.05000000  0.0005
     417  0.30000000  0.50000000 -0.05000000  0.0005
     418  0.25000000  0.50000000 -0.05000000  0.0005
     419  0.20000000  0.50000000 -0.05000000  0.0005
     420  0.15000000  0.50000000 -0.05000000  0.0005
     421  0.10000000  0.50000000 -0.05000000  0.0005
     422 -0.05000000  0.50000000  0.05000000  0.0005
     423  0.00000000  0.45000000 -0.05000000  0.0005
     424 -0.05000000  0.45000000 -0.05000000  0.0005
     425 -0.10000000  0.45000000 -0.05000000  0.0005
     426 -0.15000000  0.45000000 -0.05000000  0.0005
     427 -0.20000000  0.45000000 -0.05000000  0.0005
     428 -0.25000000  0.45000000 -0.05000000  0.0005
     429 -0.30000000  0.45000000 -0.05000000  0.0005
     430 -0.35000000  0.45000000 -0.05000000  0.0005
     431  0.40000000 -0.45000000  0.05000000  0.0005
     432  0.45000000 -0.45000000  0.05000000  0.0005
     433  0.50000000  0.45000000 -0.05000000  0.0005
     434  0.45000000  0.45000000 -0.05000000  0.0005
     435  0.40000000  0.45000000 -0.05000000  0.0005
     436  0.35000000  0.45000000 -0.05000000  0.0005
     437  0.30000000  0.45000000 -0.05000000  0.0005
     438  0.25000000  0.45000000 -0.05000000  0.0005
     439  0.20000000  0.45000000 -0.05000000  0.0005
     440  0.15000000  0.45000000 -0.05000000  0.0005
     441  0.10000000  0.45000000 -0.05000000  0.0005
     442  0.05000000  0.45000000 -0.05000000  0.0005
     443  0.00000000  0.40000000 -0.05000000  0.0005
     444 -0.05000000  0.40000000 -0.05000000  0.0005
     445 -0.10000000  0.40000000 -0.05000000  0.0005
     446 -0.15000000  0.40000000 -0.05000000  0.0005
     447 -0.20000000  0.40000000 -0.05000000  0.0005
     448 -0.25000000  0.40000000 -0.05000000  0.0005
     449 -0.30000000  0.40000000 -0.05000000  0.0005
     450 -0.35000000  0.40000000 -0.05000000  0.0005
     451  0.40000000 -0.40000000  0.05000000  0.0005
     452  0.45000000 -0.40000000  0.05000000  0.0005
     453  0.50000000  0.40000000 -0.05000000  0.0005
     454  0.45000000  0.40000000 -0.05000000  0.0005
     455  0.40000000  0.40000000 -0.05000000  0.0005
     456  0.35000000  0.40000000 -0.05000000  0.0005
     457  0.30000000  0.40000000 -0.05000000  0.0005
     458  0.25000000  0.40000000 -0.05000000  0.0005
     459  0.20000000  0.40000000 -0.05000000  0.0005
     460  0.15000000  0.40000000 -0.05000000  0.0005
     461  0.10000000  0.40000000 -0.05000000  0.0005
     462  0.05000000  0.40000000 -0.05000000  0.0005
     463  0.00000000  0.35000000 -0.05000000  0.0005
     464 -0.05000000  0.35000000 -0.05000000  0.0005
     465 -0.10000000  0.35000000 -0.05000000  0.0005
     466 -0.15000000  0.35000000 -0.05000000  0.0005
     467 -0.20000000  0.35000000 -0.05000000  0.0005
     468 -0.25000000  0.35000000 -0.05000000  0.0005
     469  0.30000000 -0.35000000  0.05000000  0.0005
     470  0.35000000 -0.35000000  0.05000000  0.0005
     471  0.40000000 -0.35000000  0.05000000  0.0005
     472  0.45000000 -0.35000000  0.05000000  0.0005
     473  0.50000000  0.35000000 -0.05000000  0.0005
     474  0.45000000  0.35000000 -0.05000000  0.0005
     475  0.40000000  0.35000000 -0.05000000  0.0005
     476  0.35000000  0.35000000 -0.05000000  0.0005
     477  0.30000000  0.35000000 -0.05000000  0.0005
     478  0.25000000  0.35000000 -0.05000000  0.0005
     479  0.20000000  0.35000000 -0.05000000  0.0005
     480  0.15000000  0.35000000 -0.05000000  0.0005
     481  0.10000000  0.35000000 -0.05000000  0.0005
     482  0.05000000  0.35000000 -0.05000000  0.0005
     483  0.00000000  0.30000000 -0.05000000  0.0005
     484 -0.05000000  0.30000000 -0.05000000  0.0005
     485 -0.10000000  0.30000000 -0.05000000  0.0005
     486 -0.15000000  0.30000000 -0.05000000  0.0005
     487 -0.20000000  0.30000000 -0.05000000  0.0005
     488 -0.25000000  0.30000000 -0.05000000  0.0005
     489  0.30000000 -0.30000000  0.05000000  0.0005
     490  0.35000000 -0.30000000  0.05000000  0.0005
     491  0.40000000 -0.30000000  0.05000000  0.0005
     492  0.45000000 -0.30000000  0.05000000  0.0005
     493  0.50000000  0.30000000 -0.05000000  0.0005
     494  0.45000000  0.30000000 -0.05000000  0.0005
     495  0.40000000  0.30000000 -0.05000000  0.0005
     496  0.35000000  0.30000000 -0.05000000  0.0005
     497  0.30000000  0.30000000 -0.05000000  0.0005
     498  0.25000000  0.30000000 -0.05000000  0.0005
     499  0.20000000  0.30000000 -0.05000000  0.0005
     500  0.15000000  0.30000000 -0.05000000  0.0005
     501  0.10000000  0.30000000 -0.05000000  0.0005
     502  0.05000000  0.30000000 -0.05000000  0.0005
     503  0.00000000  0.25000000 -0.05000000  0.0005
     504 -0.05000000  0.25000000 -0.05000000  0.0005
     505 -0.10000000  0.25000000 -0.05000000  0.0005
     506 -0.15000000  0.25000000 -0.05000000  0.0005
     507 -0.20000000  0.25000000 -0.05000000  0.0005
     508  0.25000000 -0.25000000  0.05000000  0.0005
     509  0.30000000 -0.25000000  0.05000000  0.0005
     510  0.35000000 -0.25000000  0.05000000  0.0005
     511  0.40000000 -0.25000000  0.05000000  0.0005
     512  0.45000000 -0.25000000  0.05000000  0.0005
     513  0.50000000  0.25000000 -0.05000000  0.0005
     514  0.45000000  0.25000000 -0.05000000  0.0005
     515  0.40000000  0.25000000 -0.05000000  0.0005
     516  0.35000000  0.25000000 -0.05000000  0.0005
     517  0.30000000  0.25000000 -0.05000000  0.0005
     518  0.25000000  0.25000000 -0.05000000  0.0005
     519  0.20000000  0.25000000 -0.05000000  0.0005
     520  0.15000000  0.25000000 -0.05000000  0.0005
     521  0.10000000  0.25000000 -0.05000000  0.0005
     522  0.05000000  0.25000000 -0.05000000  0.0005
     523  0.00000000  0.20000000 -0.05000000  0.0005
     524 -0.05000000  0.20000000 -0.05000000  0.0005
     525 -0.10000000  0.20000000 -0.05000000  0.0005
     526  0.15000000 -0.20000000  0.05000000  0.0005
     527  0.20000000 -0.20000000  0.05000000  0.0005
     528  0.25000000 -0.20000000  0.05000000  0.0005
     529  0.30000000 -0.20000000  0.05000000  0.0005
     530  0.35000000 -0.20000000  0.05000000  0.0005
     531  0.40000000 -0.20000000  0.05000000  0.0005
     532  0.45000000 -0.20000000  0.05000000  0.0005
     533  0.50000000  0.20000000 -0.05000000  0.0005
     534  0.45000000  0.20000000 -0.05000000  0.0005
     535  0.40000000  0.20000000 -0.05000000  0.0005
     536  0.35000000  0.20000000 -0.05000000  0.0005
     537  0.30000000  0.20000000 -0.05000000  0.0005
     538  0.25000000  0.20000000 -0.05000000  0.0005
     539  0.20000000  0.20000000 -0.05000000  0.0005
     540  0.15000000  0.20000000 -0.05000000  0.0005
     541  0.10000000  0.20000000 -0.05000000  0.0005
     542  0.05000000  0.20000000 -0.05000000  0.0005
     543  0.00000000  0.15000000 -0.05000000  0.0005
     544 -0.05000000  0.15000000 -0.05000000  0.0005
     545  0.10000000 -0.15000000  0.05000000  0.0005
     546  0.15000000 -0.15000000  0.05000000  0.0005
     547  0.20000000 -0.15000000  0.05000000  0.0005
     548  0.25000000 -0.15000000  0.05000000  0.0005
     549  0.30000000 -0.15000000  0.05000000  0.0005
     550  0.35000000 -0.15000000  0.05000000  0.0005
     551  0.40000000 -0.15000000  0.05000000  0.0005
     552  0.45000000 -0.15000000  0.05000000  0.0005
     553  0.50000000  0.15000000 -0.05000000  0.0005
     554  0.45000000  0.15000000 -0.05000000  0.0005
     555  0.40000000  0.15000000 -0.05000000  0.0005
     556  0.35000000  0.15000000 -0.05000000  0.0005
     557  0.30000000  0.15000000 -0.05000000  0.0005
     558  0.25000000  0.15000000 -0.05000000  0.0005
     559  0.20000000  0.15000000 -0.05000000  0.0005
     560  0.15000000  0.15000000 -0.05000000  0.0005
     561  0.10000000  0.15000000 -0.05000000  0.0005
     562  0.05000000  0.15000000 -0.05000000  0.0005
     563  0.00000000  0.10000000 -0.05000000  0.0005
     564  0.05000000 -0.10000000  0.05000000  0.0005
     565  0.10000000 -0.10000000  0.05000000  0.0005
     566  0.15000000 -0.10000000  0.05000000  0.0005
     567  0.20000000 -0.10000000  0.05000000  0.0005
     568  0.25000000 -0.10000000  0.05000000  0.0005
     569  0.30000000 -0.10000000  0.05000000  0.0005
     570  0.35000000 -0.10000000  0.05000000  0.0005
     571  0.40000000 -0.10000000  0.05000000  0.0005
     572  0.45000000 -0.10000000  0.05000000  0.0005
     573  0.50000000  0.10000000 -0.05000000  0.0005
     574  0.45000000  0.10000000 -0.05000000  0.0005
     575  0.40000000  0.10000000 -0.05000000  0.0005
     576  0.35000000  0.10000000 -0.05000000  0.0005
     577  0.30000000  0.10000000 -0.05000000  0.0005
     578  0.25000000  0.10000000 -0.05000000  0.0005
     579  0.20000000  0.10000000 -0.05000000  0.0005
     580  0.15000000  0.10000000 -0.05000000  0.0005
     581  0.10000000  0.10000000 -0.05000000  0.0005
     582  0.05000000  0.10000000 -0.05000000  0.0005
     583  0.00000000  0.05000000 -0.05000000  0.0005
     584  0.05000000 -0.05000000  0.05000000  0.0005
     585  0.10000000 -0.05000000  0.05000000  0.0005
     586  0.15000000 -0.05000000  0.05000000  0.0005
     587  0.20000000 -0.05000000  0.05000000  0.0005
     588  0.25000000 -0.05000000  0.05000000  0.0005
     589  0.30000000 -0.05000000  0.05000000  0.0005
     590  0.35000000 -0.05000000  0.05000000  0.0005
     591  0.40000000 -0.05000000  0.05000000  0.0005
     592  0.45000000 -0.05000000  0.05000000  0.0005
     593  0.50000000 -0.05000000  0.05000000  0.0005
     594  0.45000000  0.05000000 -0.05000000  0.0005
     595  0.40000000  0.05000000 -0.05000000  0.0005
     596  0.35000000  0.05000000 -0.05000000  0.0005
     597  0.30000000  0.05000000 -0.05000000  0.0005
     598  0.25000000  0.05000000 -0.05000000  0.0005
     599  0.20000000  0.05000000 -0.05000000  0.0005
     600  0.15000000  0.05000000 -0.05000000  0.0005
     601  0.10000000  0.05000000 -0.05000000  0.0005
     602  0.05000000  0.05000000 -0.05000000  0.0005
     603  0.00000000  0.00000000  0.10000000  0.0005
     604  0.05000000  0.00000000  0.10000000  0.0005
     605  0.10000000  0.00000000  0.10000000  0.0005
     606  0.15000000  0.00000000  0.10000000  0.0005
     607  0.20000000  0.00000000  0.10000000  0.0005
     608  0.25000000  0.00000000  0.10000000  0.0005
     609  0.30000000  0.00000000  0.10000000  0.0005
     610  0.35000000  0.00000000  0.10000000  0.0005
     611  0.40000000  0.00000000  0.10000000  0.0005
     612  0.45000000  0.00000000  0.10000000  0.0005
     613  0.50000000  0.00000000  0.10000000  0.0005
     614  0.45000000  0.00000000 -0.10000000  0.0005
     615  0.40000000  0.00000000 -0.10000000  0.0005
     616  0.35000000  0.00000000 -0.10000000  0.0005
     617  0.30000000  0.00000000 -0.10000000  0.0005
     618  0.25000000  0.00000000 -0.10000000  0.0005
     619  0.20000000  0.00000000 -0.10000000  0.0005
     620  0.15000000  0.00000000 -0.10000000  0.0005
     621 -0.10000000  0.00000000  0.10000000  0.0005
     622 -0.05000000  0.00000000  0.10000000  0.0005
     623  0.00000000  0.05000000  0.10000000  0.0005
     624  0.05000000  0.05000000  0.10000000  0.0005
     625  0.10000000  0.05000000  0.10000000  0.0005
     626  0.15000000  0.05000000  0.10000000  0.0005
     627  0.20000000  0.05000000  0.10000000  0.0005
     628  0.25000000  0.05000000  0.10000000  0.0005
     629  0.30000000  0.05000000  0.10000000  0.0005
     630  0.35000000  0.05000000  0.10000000  0.0005
     631  0.40000000  0.05000000  0.10000000  0.0005
     632  0.45000000  0.05000000  0.10000000  0.0005
     633  0.50000000  0.05000000  0.10000000  0.0005
     634  0.45000000 -0.05000000 -0.10000000  0.0005
     635  0.40000000 -0.05000000 -0.10000000  0.0005
     636  0.35000000 -0.05000000 -0.10000000  0.0005
     637  0.30000000 -0.05000000 -0.10000000  0.0005
     638  0.25000000 -0.05000000 -0.10000000  0.0005
     639  0.20000000 -0.05000000 -0.10000000  0.0005
     640 -0.15000000  0.05000000  0.10000000  0.0005
     641 -0.10000000  0.05000000  0.10000000  0.0005
     642 -0.05000000  0.05000000  0.10000000  0.0005
     643  0.00000000  0.10000000  0.10000000  0.0005
     644  0.05000000  0.10000000  0.10000000  0.0005
     645  0.10000000  0.10000000  0.10000000  0.0005
     646  0.15000000  0.10000000  0.10000000  0.0005
     647  0.20000000  0.10000000  0.10000000  0.0005
     648  0.25000000  0.10000000  0.10000000  0.0005
     649  0.30000000  0.10000000  0.10000000  0.0005
     650  0.35000000  0.10000000  0.10000000  0.0005
     651  0.40000000  0.10000000  0.10000000  0.0005
     652  0.45000000  0.10000000  0.10000000  0.0005
     653  0.50000000  0.10000000  0.10000000  0.0005
     654  0.45000000 -0.10000000 -0.10000000  0.0005
     655  0.40000000 -0.10000000 -0.10000000  0.0005
     656  0.35000000 -0.10000000 -0.10000000  0.0005
     657  0.30000000 -0.10000000 -0.10000000  0.0005
     658  0.25000000 -0.10000000 -0.10000000  0.0005
     659 -0.20000000  0.10000000  0.10000000  0.0005
     660 -0.15000000  0.10000000  0.10000000  0.0005
     661 -0.10000000  0.10000000  0.10000000  0.0005
     662 -0.05000000  0.10000000  0.10000000  0.0005
     663  0.00000000  0.15000000  0.10000000  0.0005
     664  0.05000000  0.15000000  0.10000000  0.0005
     665  0.10000000  0.15000000  0.10000000  0.0005
     666  0.15000000  0.15000000  0.10000000  0.0005
     667  0.20000000  0.15000000  0.10000000  0.0005
     668  0.25000000  0.15000000  0.10000000  0.0005
     669  0.30000000  0.15000000  0.10000000  0.0005
     670  0.35000000  0.15000000  0.10000000  0.0005
     671  0.40000000  0.15000000  0.10000000  0.0005
     672  0.45000000  0.15000000  0.10000000  0.0005
     673  0.50000000  0.15000000  0.10000000  0.0005
     674  0.45000000 -0.15000000 -0.10000000  0.0005
     675  0.40000000 -0.15000000 -0.10000000  0.0005
     676  0.35000000 -0.15000000 -0.10000000  0.0005
     677  0.30000000 -0.15000000 -0.10000000  0.0005
     678 -0.25000000  0.15000000  0.10000000  0.0005
     679 -0.20000000  0.15000000  0.10000000  0.0005
     680 -0.15000000  0.15000000  0.10000000  0.0005
     681 -0.10000000  0.15000000  0.10000000  0.0005
     682 -0.05000000  0.15000000  0.10000000  0.0005
     683  0.00000000  0.20000000  0.10000000  0.0005
     684  0.05000000  0.20000000  0.10000000  0.0005
     685  0.10000000  0.20000000  0.10000000  0.0005
     686  0.15000000  0.20000000  0.10000000  0.0005
     687  0.20000000  0.20000000  0.10000000  0.0005
     688  0.25000000  0.20000000  0.10000000  0.0005
     689  0.30000000  0.20000000  0.10000000  0.0005
     690  0.35000000  0.20000000  0.10000000  0.0005
     691  0.40000000  0.20000000  0.10000000  0.0005
     692  0.45000000  0.20000000  0.10000000  0.0005
     693  0.50000000  0.20000000  0.10000000  0.0005
     694  0.45000000 -0.20000000 -0.10000000  0.0005
     695  0.40000000 -0.20000000 -0.10000000  0.0005
     696  0.35000000 -0.20000000 -0.10000000  0.0005
     697  0.30000000 -0.20000000 -0.10000000  0.0005
     698 -0.25000000  0.20000000  0.10000000  0.0005
     699 -0.20000000  0.20000000  0.10000000  0.0005
     700 -0.15000000  0.20000000  0.10000000  0.0005
     701 -0.10000000  0.20000000  0.10000000  0.0005
     702 -0.05000000  0.20000000  0.10000000  0.0005
     703  0.00000000  0.25000000  0.10000000  0.0005
     704  0.05000000  0.25000000  0.10000000  0.0005
     705  0.10000000  0.25000000  0.10000000  0.0005
     706  0.15000000  0.25000000  0.10000000  0.0005
     707  0.20000000  0.25000000  0.10000000  0.0005
     708  0.25000000  0.25000000  0.10000000  0.0005
     709  0.30000000  0.25000000  0.10000000  0.0005
     710  0.35000000  0.25000000  0.10000000  0.0005
     711  0.40000000  0.25000000  0.10000000  0.0005
     712  0.45000000  0.25000000  0.10000000  0.0005
     713  0.50000000  0.25000000  0.10000000  0.0005
     714  0.45000000 -0.25000000 -0.10000000  0.0005
     715  0.40000000 -0.25000000 -0.10000000  0.0005
     716 -0.35000000  0.25000000  0.10000000  0.0005
     717 -0.30000000  0.25000000  0.10000000  0.0005
     718 -0.25000000  0.25000000  0.10000000  0.0005
     719 -0.20000000  0.25000000  0.10000000  0.0005
     720 -0.15000000  0.25000000  0.10000000  0.0005
     721 -0.10000000  0.25000000  0.10000000  0.0005
     722 -0.05000000  0.25000000  0.10000000  0.0005
     723  0.00000000  0.30000000  0.10000000  0.0005
     724  0.05000000  0.30000000  0.10000000  0.0005
     725  0.10000000  0.30000000  0.10000000  0.0005
     726  0.15000000  0.30000000  0.10000000  0.0005
     727  0.20000000  0.30000000  0.10000000  0.0005
     728  0.25000000  0.30000000  0.10000000  0.0005
     729  0.30000000  0.30000000  0.10000000  0.0005
     730  0.35000000  0.30000000  0.10000000  0.0005
     731  0.40000000  0.30000000  0.10000000  0.0005
     732  0.45000000  0.30000000  0.10000000  0.0005
     733  0.50000000  0.30000000  0.10000000  0.0005
     734  0.45000000 -0.30000000 -0.10000000  0.0005
     735 -0.40000000  0.30000000  0.10000000  0.0005
     736 -0.35000000  0.30000000  0.10000000  0.0005
     737 -0.30000000  0.30000000  0.10000000  0.0005
     738 -0.25000000  0.30000000  0.10000000  0.0005
     739 -0.20000000  0.30000000  0.10000000  0.0005
     740 -0.15000000  0.30000000  0.10000000  0.0005
     741 -0.10000000  0.30000000  0.10000000  0.0005
     742 -0.05000000  0.30000000  0.10000000  0.0005
     743  0.00000000  0.35000000  0.10000000  0.0005
     744  0.05000000  0.35000000  0.10000000  0.0005
     745  0.10000000  0.35000000  0.10000000  0.0005
     746  0.15000000  0.35000000  0.10000000  0.0005
     747  0.20000000  0.35000000  0.10000000  0.0005
     748  0.25000000  0.35000000  0.10000000  0.0005
     749  0.30000000  0.35000000  0.10000000  0.0005
     750  0.35000000  0.35000000  0.10000000  0.0005
     751  0.40000000  0.35000000  0.10000000  0.0005
     752  0.45000000  0.35000000  0.10000000  0.0005
     753  0.50000000  0.35000000  0.10000000  0.0005
     754 -0.45000000  0.35000000  0.10000000  0.0005
     755 -0.40000000  0.35000000  0.10000000  0.0005
     756 -0.35000000  0.35000000  0.10000000  0.0005
     757 -0.30000000  0.35000000  0.10000000  0.0005
     758 -0.25000000  0.35000000  0.10000000  0.0005
     759 -0.20000000  0.35000000  0.10000000  0.0005
     760 -0.15000000  0.35000000  0.10000000  0.0005
     761 -0.10000000  0.35000000  0.10000000  0.0005
     762 -0.05000000  0.35000000  0.10000000  0.0005
     763  0.00000000  0.40000000  0.10000000  0.0005
     764  0.05000000  0.40000000  0.10000000  0.0005
     765  0.10000000  0.40000000  0.10000000  0.0005
     766  0.15000000  0.40000000  0.10000000  0.0005
     767  0.20000000  0.40000000  0.10000000  0.0005
     768  0.25000000  0.40000000  0.10000000  0.0005
     769  0.30000000  0.40000000  0.10000000  0.0005
     770  0.35000000  0.40000000  0.10000000  0.0005
     771  0.40000000  0.40000000  0.10000000  0.0005
     772  0.45000000  0.40000000  0.10000000  0.0005
     773  0.50000000  0.40000000  0.10000000  0.0005
     774 -0.45000000  0.40000000  0.10000000  0.0005
     775 -0.40000000  0.40000000  0.10000000  0.0005
     776 -0.35000000  0.40000000  0.10000000  0.0005
     777 -0.30000000  0.40000000  0.10000000  0.0005
     778 -0.25000000  0.40000000  0.10000000  0.0005
     779 -0.20000000  0.40000000  0.10000000  0.0005
     780 -0.15000000  0.40000000  0.10000000  0.0005
     781 -0.10000000  0.40000000  0.10000000  0.0005
     782 -0.05000000  0.40000000  0.10000000  0.0005
     783  0.00000000  0.45000000  0.10000000  0.0005
     784  0.05000000  0.45000000  0.10000000  0.0005
     785  0.10000000  0.45000000  0.10000000  0.0005
     786  0.15000000  0.45000000  0.10000000  0.0005
     787  0.20000000  0.45000000  0.10000000  0.0005
     788  0.25000000  0.45000000  0.10000000  0.0005
     789  0.30000000  0.45000000  0.10000000  0.0005
     790  0.35000000  0.45000000  0.10000000  0.0005
     791  0.40000000  0.45000000  0.10000000  0.0005
     792  0.45000000  0.45000000  0.10000000  0.0005
     793  0.50000000  0.45000000  0.10000000  0.0005
     794 -0.45000000  0.45000000  0.10000000  0.0005
     795 -0.40000000  0.45000000  0.10000000  0.0005
     796 -0.35000000  0.45000000  0.10000000  0.0005
     797 -0.30000000  0.45000000  0.10000000  0.0005
     798 -0.25000000  0.45000000  0.10000000  0.0005
     799 -0.20000000  0.45000000  0.10000000  0.0005
     800 -0.15000000  0.45000000  0.10000000  0.0005
     801 -0.10000000  0.45000000  0.10000000  0.0005
     802 -0.05000000  0.45000000  0.10000000  0.0005
     803  0.00000000  0.50000000  0.10000000  0.0005
     804  0.05000000  0.50000000  0.10000000  0.0005
     805  0.10000000  0.50000000  0.10000000  0.0005
     806  0.15000000  0.50000000  0.10000000  0.0005
     807  0.20000000  0.50000000  0.10000000  0.0005
     808  0.25000000  0.50000000  0.10000000  0.0005
     809  0.30000000  0.50000000  0.10000000  0.0005
     810  0.35000000  0.50000000  0.10000000  0.0005
     811  0.40000000  0.50000000  0.10000000  0.0005
     812  0.45000000  0.50000000  0.10000000  0.0005
     813  0.50000000  0.50000000  0.10000000  0.0005
     814  0.45000000  0.50000000 -0.10000000  0.0005
     815  0.40000000  0.50000000 -0.10000000  0.0005
     816  0.35000000  0.50000000 -0.10000000  0.0005
     817  0.30000000  0.50000000 -0.10000000  0.0005
     818  0.25000000  0.50000000 -0.10000000  0.0005
     819  0.20000000  0.50000000 -0.10000000  0.0005
     820  0.15000000  0.50000000 -0.10000000  0.0005
     821 -0.10000000  0.50000000  0.10000000  0.0005
     822 -0.05000000  0.50000000  0.10000000  0.0005
     823  0.00000000  0.45000000 -0.10000000  0.0005
     824 -0.05000000  0.45000000 -0.10000000  0.0005
     825 -0.10000000  0.45000000 -0.10000000  0.0005
     826 -0.15000000  0.45000000 -0.10000000  0.0005
     827 -0.20000000  0.45000000 -0.10000000  0.0005
     828 -0.25000000  0.45000000 -0.10000000  0.0005
     829 -0.30000000  0.45000000 -0.10000000  0.0005
     830 -0.35000000  0.45000000 -0.10000000  0.0005
     831  0.40000000 -0.45000000  0.10000000  0.0005
     832  0.45000000 -0.45000000  0.10000000  0.0005
     833  0.50000000  0.45000000 -0.10000000  0.0005
     834  0.45000000  0.45000000 -0.10000000  0.0005
     835  0.40000000  0.45000000 -0.10000000  0.0005
     836  0.35000000  0.45000000 -0.10000000  0.0005
     837  0.30000000  0.45000000 -0.10000000  0.0005
     838  0.25000000  0.45000000 -0.10000000  0.0005
     839  0.20000000  0.45000000 -0.10000000  0.0005
     840  0.15000000  0.45000000 -0.10000000  0.0005
     841  0.10000000  0.45000000 -0.10000000  0.0005
     842  0.05000000  0.45000000 -0.10000000  0.0005
     843  0.00000000  0.40000000 -0.10000000  0.0005
     844 -0.05000000  0.40000000 -0.10000000  0.0005
     845 -0.10000000  0.40000000 -0.10000000  0.0005
     846 -0.15000000  0.40000000 -0.10000000  0.0005
     847 -0.20000000  0.40000000 -0.10000000  0.0005
     848 -0.25000000  0.40000000 -0.10000000  0.0005
     849  0.30000000 -0.40000000  0.10000000  0.0005
     850  0.35000000 -0.40000000  0.10000000  0.0005
     851  0.40000000 -0.40000000  0.10000000  0.0005
     852  0.45000000 -0.40000000  0.10000000  0.0005
     853  0.50000000  0.40000000 -0.10000000  0.0005
     854  0.45000000  0.40000000 -0.10000000  0.0005
     855  0.40000000  0.40000000 -0.10000000  0.0005
     856  0.35000000  0.40000000 -0.10000000  0.0005
     857  0.30000000  0.40000000 -0.10000000  0.0005
     858  0.25000000  0.40000000 -0.10000000  0.0005
     859  0.20000000  0.40000000 -0.10000000  0.0005
     860  0.15000000  0.40000000 -0.10000000  0.0005
     861  0.10000000  0.40000000 -0.10000000  0.0005
     862  0.05000000  0.40000000 -0.10000000  0.0005
     863  0.00000000  0.35000000 -0.10000000  0.0005
     864 -0.05000000  0.35000000 -0.10000000  0.0005
     865 -0.10000000  0.35000000 -0.10000000  0.0005
     866 -0.15000000  0.35000000 -0.10000000  0.0005
     867 -0.20000000  0.35000000 -0.10000000  0.0005
     868 -0.25000000  0.35000000 -0.10000000  0.0005
     869  0.30000000 -0.35000000  0.10000000  0.0005
     870  0.35000000 -0.35000000  0.10000000  0.0005
     871  0.40000000 -0.35000000  0.10000000  0.0005
     872  0.45000000 -0.35000000  0.10000000  0.0005
     873  0.50000000  0.35000000 -0.10000000  0.0005
     874  0.45000000  0.35000000 -0.10000000  0.0005
     875  0.40000000  0.35000000 -0.10000000  0.0005
     876  0.35000000  0.35000000 -0.10000000  0.0005
     877  0.30000000  0.35000000 -0.10000000  0.0005
     878  0.25000000  0.35000000 -0.10000000  0.0005
     879  0.20000000  0.35000000 -0.10000000  0.0005
     880  0.15000000  0.35000000 -0.10000000  0.0005
     881  0.10000000  0.35000000 -0.10000000  0.0005
     882  0.05000000  0.35000000 -0.10000000  0.0005
     883  0.00000000  0.30000000 -0.10000000  0.0005
     884 -0.05000000  0.30000000 -0.10000000  0.0005
     885 -0.10000000  0.30000000 -0.10000000  0.0005
     886 -0.15000000  0.30000000 -0.10000000  0.0005
     887 -0.20000000  0.30000000 -0.10000000  0.0005
     888  0.25000000 -0.30000000  0.10000000  0.0005
     889  0.30000000 -0.30000000  0.10000000  0.0005
     890  0.35000000 -0.30000000  0.10000000  0.0005
     891  0.40000000 -0.30000000  0.10000000  0.0005
     892  0.45000000 -0.30000000  0.10000000  0.0005
     893  0.50000000  0.30000000 -0.10000000  0.0005
     894  0.45000000  0.30000000 -0.10000000  0.0005
     895  0.40000000  0.30000000 -0.10000000  0.0005
     896  0.35000000  0.30000000 -0.10000000  0.0005
     897  0.30000000  0.30000000 -0.10000000  0.0005
     898  0.25000000  0.30000000 -0.10000000  0.0005
     899  0.20000000  0.30000000 -0.10000000  0.0005
     900  0.15000000  0.30000000 -0.10000000  0.0005
     901  0.10000000  0.30000000 -0.10000000  0.0005
     902  0.05000000  0.30000000 -0.10000000  0.0005
     903  0.00000000  0.25000000 -0.10000000  0.0005
     904 -0.05000000  0.25000000 -0.10000000  0.0005
     905 -0.10000000  0.25000000 -0.10000000  0.0005
     906  0.15000000 -0.25000000  0.10000000  0.0005
     907  0.20000000 -0.25000000  0.10000000  0.0005
     908  0.25000000 -0.25000000  0.10000000  0.0005
     909  0.30000000 -0.25000000  0.10000000  0.0005
     910  0.35000000 -0.25000000  0.10000000  0.0005
     911  0.40000000 -0.25000000  0.10000000  0.0005
     912  0.45000000 -0.25000000  0.10000000  0.0005
     913  0.50000000  0.25000000 -0.10000000  0.0005
     914  0.45000000  0.25000000 -0.10000000  0.0005
     915  0.40000000  0.25000000 -0.10000000  0.0005
     916  0.35000000  0.25000000 -0.10000000  0.0005
     917  0.30000000  0.25000000 -0.10000000  0.0005
     918  0.25000000  0.25000000 -0.10000000  0.0005
     919  0.20000000  0.25000000 -0.10000000  0.0005
     920  0.15000000  0.25000000 -0.10000000  0.0005
     921  0.10000000  0.25000000 -0.10000000  0.0005
     922  0.05000000  0.25000000 -0.10000000  0.0005
     923  0.00000000  0.20000000 -0.10000000  0.0005
     924 -0.05000000  0.20000000 -0.10000000  0.0005
     925  0.10000000 -0.20000000  0.10000000  0.0005
     926  0.15000000 -0.20000000  0.10000000  0.0005
     927  0.20000000 -0.20000000  0.10000000  0.0005
     928  0.25000000 -0.20000000  0.10000000  0.0005
     929  0.30000000 -0.20000000  0.10000000  0.0005
     930  0.35000000 -0.20000000  0.10000000  0.0005
     931  0.40000000 -0.20000000  0.10000000  0.0005
     932  0.45000000 -0.20000000  0.10000000  0.0005
     933  0.50000000  0.20000000 -0.10000000  0.0005
     934  0.45000000  0.20000000 -0.10000000  0.0005
     935  0.40000000  0.20000000 -0.10000000  0.0005
     936  0.35000000  0.20000000 -0.10000000  0.0005
     937  0.30000000  0.20000000 -0.10000000  0.0005
     938  0.25000000  0.20000000 -0.10000000  0.0005
     939  0.20000000  0.20000000 -0.10000000  0.0005
     940  0.15000000  0.20000000 -0.10000000  0.0005
     941  0.10000000  0.20000000 -0.10000000  0.0005
     942  0.05000000  0.20000000 -0.10000000  0.0005
     943  0.00000000  0.15000000 -0.10000000  0.0005
     944  0.05000000 -0.15000000  0.10000000  0.0005
     945  0.10000000 -0.15000000  0.10000000  0.0005
     946  0.15000000 -0.15000000  0.10000000  0.0005
     947  0.20000000 -0.15000000  0.10000000  0.0005
     948  0.25000000 -0.15000000  0.10000000  0.0005
     949  0.30000000 -0.15000000  0.10000000  0.0005
     950  0.35000000 -0.15000000  0.10000000  0.0005
     951  0.40000000 -0.15000000  0.10000000  0.0005
     952  0.45000000 -0.15000000  0.10000000  0.0005
     953  0.50000000  0.15000000 -0.10000000  0.0005
     954  0.45000000  0.15000000 -0.10000000  0.0005
     955  0.40000000  0.15000000 -0.10000000  0.0005
     956  0.35000000  0.15000000 -0.10000000  0.0005
     957  0.30000000  0.15000000 -0.10000000  0.0005
     958  0.25000000  0.15000000 -0.10000000  0.0005
     959  0.20000000  0.15000000 -0.10000000  0.0005
     960  0.15000000  0.15000000 -0.10000000  0.0005
     961  0.10000000  0.15000000 -0.10000000  0.0005
     962  0.05000000  0.15000000 -0.10000000  0.0005
     963  0.00000000 -0.10000000  0.10000000  0.0005
     964  0.05000000 -0.10000000  0.10000000  0.0005
     965  0.10000000 -0.10000000  0.10000000  0.0005
     966  0.15000000 -0.10000000  0.10000000  0.0005
     967  0.20000000 -0.10000000  0.10000000  0.0005
     968  0.25000000 -0.10000000  0.10000000  0.0005
     969  0.30000000 -0.10000000  0.10000000  0.0005
     970  0.35000000 -0.10000000  0.10000000  0.0005
     971  0.40000000 -0.10000000  0.10000000  0.0005
     972  0.45000000 -0.10000000  0.10000000  0.0005
     973  0.50000000 -0.10000000  0.10000000  0.0005
     974  0.45000000  0.10000000 -0.10000000  0.0005
     975  0.40000000  0.10000000 -0.10000000  0.0005
     976  0.35000000  0.10000000 -0.10000000  0.0005
     977  0.30000000  0.10000000 -0.10000000  0.0005
     978  0.25000000  0.10000000 -0.10000000  0.0005
     979  0.20000000  0.10000000 -0.10000000  0.0005
     980  0.15000000  0.10000000 -0.10000000  0.0005
     981  0.10000000  0.10000000 -0.10000000  0.0005
     982  0.05000000  0.10000000 -0.10000000  0.0005
     983  0.00000000 -0.05000000  0.10000000  0.0005
     984  0.05000000 -0.05000000  0.10000000  0.0005
     985  0.10000000 -0.05000000  0.10000000  0.0005
     986  0.15000000 -0.05000000  0.10000000  0.0005
     987  0.20000000 -0.05000000  0.10000000  0.0005
     988  0.25000000 -0.05000000  0.10000000  0.0005
     989  0.30000000 -0.05000000  0.10000000  0.0005
     990  0.35000000 -0.05000000  0.10000000  0.0005
     991  0.40000000 -0.05000000  0.10000000  0.0005
     992  0.45000000 -0.05000000  0.10000000  0.0005
     993  0.50000000 -0.05000000  0.10000000  0.0005
     994  0.45000000  0.05000000 -0.10000000  0.0005
     995  0.40000000  0.05000000 -0.10000000  0.0005
     996  0.35000000  0.05000000 -0.10000000  0.0005
     997  0.30000000  0.05000000 -0.10000000  0.0005
     998  0.25000000  0.05000000 -0.10000000  0.0005
     999  0.20000000  0.05000000 -0.10000000  0.0005
    1000  0.15000000  0.05000000 -0.10000000  0.0005
    1001  0.10000000  0.05000000 -0.10000000  0.0005
    1002 -0.05000000 -0.05000000  0.10000000  0.0005
    1003  0.00000000  0.00000000  0.15000000  0.0005
    1004  0.05000000  0.00000000  0.15000000  0.0005
    1005  0.10000000  0.00000000  0.15000000  0.0005
    1006  0.15000000  0.00000000  0.15000000  0.0005
    1007  0.20000000  0.00000000  0.15000000  0.0005
    1008  0.25000000  0.00000000  0.15000000  0.0005
    1009  0.30000000  0.00000000  0.15000000  0.0005
    1010  0.35000000  0.00000000  0.15000000  0.0005
    1011  0.40000000  0.00000000  0.15000000  0.0005
    1012  0.45000000  0.00000000  0.15000000  0.0005
    1013  0.50000000  0.00000000  0.15000000  0.0005
    1014  0.45000000  0.00000000 -0.15000000  0.0005
    1015  0.40000000  0.00000000 -0.15000000  0.0005
    1016  0.35000000  0.00000000 -0.15000000  0.0005
    1017  0.30000000  0.00000000 -0.15000000  0.0005
    1018  0.25000000  0.00000000 -0.15000000  0.0005
    1019  0.20000000  0.00000000 -0.15000000  0.0005
    1020 -0.15000000  0.00000000  0.15000000  0.0005
    1021 -0.10000000  0.00000000  0.15000000  0.0005
    1022 -0.05000000  0.00000000  0.15000000  0.0005
    1023  0.00000000  0.05000000  0.15000000  0.0005
    1024  0.05000000  0.05000000  0.15000000  0.0005
    1025  0.10000000  0.05000000  0.15000000  0.0005
    1026  0.15000000  0.05000000  0.15000000  0.0005
    1027  0.20000000  0.05000000  0.15000000  0.0005
    1028  0.25000000  0.05000000  0.15000000  0.0005
    1029  0.30000000  0.05000000  0.15000000  0.0005
    1030  0.35000000  0.05000000  0.15000000  0.0005
    1031  0.40000000  0.05000000  0.15000000  0.0005
    1032  0.45000000  0.05000000  0.15000000  0.0005
    1033  0.50000000  0.05000000  0.15000000  0.0005
    1034  0.45000000 -0.05000000 -0.15000000  0.0005
    1035  0.40000000 -0.05000000 -0.15000000  0.0005
    1036  0.35000000 -0.05000000 -0.15000000  0.0005
    1037  0.30000000 -0.05000000 -0.15000000  0.0005
    1038  0.25000000 -0.05000000 -0.15000000  0.0005
    1039 -0.20000000  0.05000000  0.15000000  0.0005
    1040 -0.15000000  0.05000000  0.15000000  0.0005
    1041 -0.10000000  0.05000000  0.15000000  0.0005
    1042 -0.05000000  0.05000000  0.15000000  0.0005
    1043  0.00000000  0.10000000  0.15000000  0.0005
    1044  0.05000000  0.10000000  0.15000000  0.0005
    1045  0.10000000  0.10000000  0.15000000  0.0005
    1046  0.15000000  0.10000000  0.15000000  0.0005
    1047  0.20000000  0.10000000  0.15000000  0.0005
    1048  0.25000000  0.10000000  0.15000000  0.0005
    1049  0.30000000  0.10000000  0.15000000  0.0005
    1050  0.35000000  0.10000000  0.15000000  0.0005
    1051  0.40000000  0.10000000  0.15000000  0.0005
    1052  0.45000000  0.10000000  0.15000000  0.0005
    1053  0.50000000  0.10000000  0.15000000  0.0005
    1054  0.45000000 -0.10000000 -0.15000000  0.0005
    1055  0.40000000 -0.10000000 -0.15000000  0.0005
    1056  0.35000000 -0.10000000 -0.15000000  0.0005
    1057  0.30000000 -0.10000000 -0.15000000  0.0005
    1058 -0.25000000  0.10000000  0.15000000  0.0005
    1059 -0.20000000  0.10000000  0.15000000  0.0005
    1060 -0.15000000  0.10000000  0.15000000  0.0005
    1061 -0.10000000  0.10000000  0.15000000  0.0005
    1062 -0.05000000  0.10000000  0.15000000  0.0005
    1063  0.00000000  0.15000000  0.15000000  0.0005
    1064  0.05000000  0.15000000  0.15000000  0.0005
    1065  0.10000000  0.15000000  0.15000000  0.0005
    1066  0.15000000  0.15000000  0.15000000  0.0005
    1067  0.20000000  0.15000000  0.15000000  0.0005
    1068  0.25000000  0.15000000  0.15000000  0.0005
    1069  0.30000000  0.15000000  0.15000000  0.0005
    1070  0.35000000  0.15000000  0.15000000  0.0005
    1071  0.40000000  0.15000000  0.15000000  0.0005
    1072  0.45000000  0.15000000  0.15000000  0.0005
    1073  0.50000000  0.15000000  0.15000000  0.0005
    1074  0.45000000 -0.15000000 -0.15000000  0.0005
    1075  0.40000000 -0.15000000 -0.15000000  0.0005
    1076  0.35000000 -0.15000000 -0.15000000  0.0005
    1077  0.30000000 -0.15000000 -0.15000000  0.0005
    1078 -0.25000000  0.15000000  0.15000000  0.0005
    1079 -0.20000000  0.15000000  0.15000000  0.0005
    1080 -0.15000000  0.15000000  0.15000000  0.0005
    1081 -0.10000000  0.15000000  0.15000000  0.0005
    1082 -0.05000000  0.15000000  0.15000000  0.0005
    1083  0.00000000  0.20000000  0.15000000  0.0005
    1084  0.05000000  0.20000000  0.15000000  0.0005
    1085  0.10000000  0.20000000  0.15000000  0.0005
    1086  0.15000000  0.20000000  0.15000000  0.0005
    1087  0.20000000  0.20000000  0.15000000  0.0005
    1088  0.25000000  0.20000000  0.15000000  0.0005
    1089  0.30000000  0.20000000  0.15000000  0.0005
    1090  0.35000000  0.20000000  0.15000000  0.0005
    1091  0.40000000  0.20000000  0.15000000  0.0005
    1092  0.45000000  0.20000000  0.15000000  0.0005
    1093  0.50000000  0.20000000  0.15000000  0.0005
    1094  0.45000000 -0.20000000 -0.15000000  0.0005
    1095  0.40000000 -0.20000000 -0.15000000  0.0005
    1096  0.35000000 -0.20000000 -0.15000000  0.0005
    1097 -0.30000000  0.20000000  0.15000000  0.0005
    1098 -0.25000000  0.20000000  0.15000000  0.0005
    1099 -0.20000000  0.20000000  0.15000000  0.0005
    1100 -0.15000000  0.20000000  0.15000000  0.0005
    1101 -0.10000000  0.20000000  0.15000000  0.0005
    1102 -0.05000000  0.20000000  0.15000000  0.0005
    1103  0.00000000  0.25000000  0.15000000  0.0005
    1104  0.05000000  0.25000000  0.15000000  0.0005
    1105  0.10000000  0.25000000  0.15000000  0.0005
    1106  0.15000000  0.25000000  0.15000000  0.0005
    1107  0.20000000  0.25000000  0.15000000  0.0005
    1108  0.25000000  0.25000000  0.15000000  0.0005
    1109  0.30000000  0.25000000  0.15000000  0.0005
    1110  0.35000000  0.25000000  0.15000000  0.0005
    1111  0.40000000  0.25000000  0.15000000  0.0005
    1112  0.45000000  0.25000000  0.15000000  0.0005
    1113  0.50000000  0.25000000  0.15000000  0.0005
    1114  0.45000000 -0.25000000 -0.15000000  0.0005
    1115  0.40000000 -0.25000000 -0.15000000  0.0005
    1116 -0.35000000  0.25000000  0.15000000  0.0005
    1117 -0.30000000  0.25000000  0.15000000  0.0005
    1118 -0.25000000  0.25000000  0.15000000  0.0005
    1119 -0.20000000  0.25000000  0.15000000  0.0005
    1120 -0.15000000  0.25000000  0.15000000  0.0005
    1121 -0.10000000  0.25000000  0.15000000  0.0005
    1122 -0.05000000  0.25000000  0.15000000  0.0005
    1123  0.00000000  0.30000000  0.15000000  0.0005
    1124  0.05000000  0.30000000  0.15000000  0.0005
    1125  0.10000000  0.30000000  0.15000000  0.0005
    1126  0.15000000  0.30000000  0.15000000  0.0005
    1127  0.20000000  0.30000000  0.15000000  0.0005
    1128  0.25000000  0.30000000  0.15000000  0.0005
    1129  0.30000000  0.30000000  0.15000000  0.0005
    1130  0.35000000  0.30000000  0.15000000  0.0005
    1131  0.40000000  0.30000000  0.15000000  0.0005
    1132  0.45000000  0.30000000  0.15000000  0.0005
    1133  0.50000000  0.30000000  0.15000000  0.0005
    1134  0.45000000 -0.30000000 -0.15000000  0.0005
    1135 -0.40000000  0.30000000  0.15000000  0.0005
    1136 -0.35000000  0.30000000  0.15000000  0.0005
    1137 -0.30000000  0.30000000  0.15000000  0.0005
    1138 -0.25000000  0.30000000  0.15000000  0.0005
    1139 -0.20000000  0.30000000  0.15000000  0.0005
    1140 -0.15000000  0.30000000  0.15000000  0.0005
    1141 -0.10000000  0.30000000  0.15000000  0.0005
    1142 -0.05000000  0.30000000  0.15000000  0.0005
    1143  0.00000000  0.35000000  0.15000000  0.0005
    1144  0.05000000  0.35000000  0.15000000  0.0005
    1145  0.10000000  0.35000000  0.15000000  0.0005
    1146  0.15000000  0.35000000  0.15000000  0.0005
    1147  0.20000000  0.35000000  0.15000000  0.0005
    1148  0.25000000  0.35000000  0.15000000  0.0005
    1149  0.30000000  0.35000000  0.15000000  0.0005
    1150  0.35000000  0.35000000  0.15000000  0.0005
    1151  0.40000000  0.35000000  0.15000000  0.0005
    1152  0.45000000  0.35000000  0.15000000  0.0005
    1153  0.50000000  0.35000000  0.15000000  0.0005
    1154 -0.45000000  0.35000000  0.15000000  0.0005
    1155 -0.40000000  0.35000000  0.15000000  0.0005
    1156 -0.35000000  0.35000000  0.15000000  0.0005
    1157 -0.30000000  0.35000000  0.15000000  0.0005
    1158 -0.25000000  0.35000000  0.15000000  0.0005
    1159 -0.20000000  0.35000000  0.15000000  0.0005
    1160 -0.15000000  0.35000000  0.15000000  0.0005
    1161 -0.10000000  0.35000000  0.15000000  0.0005
    1162 -0.05000000  0.35000000  0.15000000  0.0005
    1163  0.00000000  0.40000000  0.15000000  0.0005
    1164  0.05000000  0.40000000  0.15000000  0.0005
    1165  0.10000000  0.40000000  0.15000000  0.0005
    1166  0.15000000  0.40000000  0.15000000  0.0005
    1167  0.20000000  0.40000000  0.15000000  0.0005
    1168  0.25000000  0.40000000  0.15000000  0.0005
    1169  0.30000000  0.40000000  0.15000000  0.0005
    1170  0.35000000  0.40000000  0.15000000  0.0005
    1171  0.40000000  0.40000000  0.15000000  0.0005
    1172  0.45000000  0.40000000  0.15000000  0.0005
    1173  0.50000000  0.40000000  0.15000000  0.0005
    1174 -0.45000000  0.40000000  0.15000000  0.0005
    1175 -0.40000000  0.40000000  0.15000000  0.0005
    1176 -0.35000000  0.40000000  0.15000000  0.0005
    1177 -0.30000000  0.40000000  0.15000000  0.0005
    1178 -0.25000000  0.40000000  0.15000000  0.0005
    1179 -0.20000000  0.40000000  0.15000000  0.0005
    1180 -0.15000000  0.40000000  0.15000000  0.0005
    1181 -0.10000000  0.40000000  0.15000000  0.0005
    1182 -0.05000000  0.40000000  0.15000000  0.0005
    1183  0.00000000  0.45000000  0.15000000  0.0005
    1184  0.05000000  0.45000000  0.15000000  0.0005
    1185  0.10000000  0.45000000  0.15000000  0.0005
    1186  0.15000000  0.45000000  0.15000000  0.0005
    1187  0.20000000  0.45000000  0.15000000  0.0005
    1188  0.25000000  0.45000000  0.15000000  0.0005
    1189  0.30000000  0.45000000  0.15000000  0.0005
    1190  0.35000000  0.45000000  0.15000000  0.0005
    1191  0.40000000  0.45000000  0.15000000  0.0005
    1192  0.45000000  0.45000000  0.15000000  0.0005
    1193  0.50000000  0.45000000  0.15000000  0.0005
    1194 -0.45000000  0.45000000  0.15000000  0.0005
    1195 -0.40000000  0.45000000  0.15000000  0.0005
    1196 -0.35000000  0.45000000  0.15000000  0.0005
    1197 -0.30000000  0.45000000  0.15000000  0.0005
    1198 -0.25000000  0.45000000  0.15000000  0.0005
    1199 -0.20000000  0.45000000  0.15000000  0.0005
    1200 -0.15000000  0.45000000  0.15000000  0.0005
    1201 -0.10000000  0.45000000  0.15000000  0.0005
    1202 -0.05000000  0.45000000  0.15000000  0.0005
    1203  0.00000000  0.50000000  0.15000000  0.0005
    1204  0.05000000  0.50000000  0.15000000  0.0005
    1205  0.10000000  0.50000000  0.15000000  0.0005
    1206  0.15000000  0.50000000  0.15000000  0.0005
    1207  0.20000000  0.50000000  0.15000000  0.0005
    1208  0.25000000  0.50000000  0.15000000  0.0005
    1209  0.30000000  0.50000000  0.15000000  0.0005
    1210  0.35000000  0.50000000  0.15000000  0.0005
    1211  0.40000000  0.50000000  0.15000000  0.0005
    1212  0.45000000  0.50000000  0.15000000  0.0005
    1213  0.50000000  0.50000000  0.15000000  0.0005
    1214  0.45000000  0.50000000 -0.15000000  0.0005
    1215  0.40000000  0.50000000 -0.15000000  0.0005
    1216  0.35000000  0.50000000 -0.15000000  0.0005
    1217  0.30000000  0.50000000 -0.15000000  0.0005
    1218  0.25000000  0.50000000 -0.15000000  0.0005
    1219  0.20000000  0.50000000 -0.15000000  0.0005
    1220 -0.15000000  0.50000000  0.15000000  0.0005
    1221 -0.10000000  0.50000000  0.15000000  0.0005
    1222 -0.05000000  0.50000000  0.15000000  0.0005
    1223  0.00000000  0.45000000 -0.15000000  0.0005
    1224 -0.05000000  0.45000000 -0.15000000  0.0005
    1225 -0.10000000  0.45000000 -0.15000000  0.0005
    1226 -0.15000000  0.45000000 -0.15000000  0.0005
    1227 -0.20000000  0.45000000 -0.15000000  0.0005
    1228 -0.25000000  0.45000000 -0.15000000  0.0005
    1229 -0.30000000  0.45000000 -0.15000000  0.0005
    1230  0.35000000 -0.45000000  0.15000000  0.0005
    1231  0.40000000 -0.45000000  0.15000000  0.0005
    1232  0.45000000 -0.45000000  0.15000000  0.0005
    1233  0.50000000  0.45000000 -0.15000000  0.0005
    1234  0.45000000  0.45000000 -0.15000000  0.0005
    1235  0.40000000  0.45000000 -0.15000000  0.0005
    1236  0.35000000  0.45000000 -0.15000000  0.0005
    1237  0.30000000  0.45000000 -0.15000000  0.0005
    1238  0.25000000  0.45000000 -0.15000000  0.0005
    1239  0.20000000  0.45000000 -0.15000000  0.0005
    1240  0.15000000  0.45000000 -0.15000000  0.0005
    1241  0.10000000  0.45000000 -0.15000000  0.0005
    1242  0.05000000  0.45000000 -0.15000000  0.0005
    1243  0.00000000  0.40000000 -0.15000000  0.0005
    1244 -0.05000000  0.40000000 -0.15000000  0.0005
    1245 -0.10000000  0.40000000 -0.15000000  0.0005
    1246 -0.15000000  0.40000000 -0.15000000  0.0005
    1247 -0.20000000  0.40000000 -0.15000000  0.0005
    1248 -0.25000000  0.40000000 -0.15000000  0.0005
    1249  0.30000000 -0.40000000  0.15000000  0.0005
    1250  0.35000000 -0.40000000  0.15000000  0.0005
    1251  0.40000000 -0.40000000  0.15000000  0.0005
    1252  0.45000000 -0.40000000  0.15000000  0.0005
    1253  0.50000000  0.40000000 -0.15000000  0.0005
    1254  0.45000000  0.40000000 -0.15000000  0.0005
    1255  0.40000000  0.40000000 -0.15000000  0.0005
    1256  0.35000000  0.40000000 -0.15000000  0.0005
    1257  0.30000000  0.40000000 -0.15000000  0.0005
    1258  0.25000000  0.40000000 -0.15000000  0.0005
    1259  0.20000000  0.40000000 -0.15000000  0.0005
    1260  0.15000000  0.40000000 -0.15000000  0.0005
    1261  0.10000000  0.40000000 -0.15000000  0.0005
    1262  0.05000000  0.40000000 -0.15000000  0.0005
    1263  0.00000000  0.35000000 -0.15000000  0.0005
    1264 -0.05000000  0.35000000 -0.15000000  0.0005
    1265 -0.10000000  0.35000000 -0.15000000  0.0005
    1266 -0.15000000  0.35000000 -0.15000000  0.0005
    1267 -0.20000000  0.35000000 -0.15000000  0.0005
    1268  0.25000000 -0.35000000  0.15000000  0.0005
    1269  0.30000000 -0.35000000  0.15000000  0.0005
    1270  0.35000000 -0.35000000  0.15000000  0.0005
    1271  0.40000000 -0.35000000  0.15000000  0.0005
    1272  0.45000000 -0.35000000  0.15000000  0.0005
    1273  0.50000000  0.35000000 -0.15000000  0.0005
    1274  0.45000000  0.35000000 -0.15000000  0.0005
    1275  0.40000000  0.35000000 -0.15000000  0.0005
    1276  0.35000000  0.35000000 -0.15000000  0.0005
    1277  0.30000000  0.35000000 -0.15000000  0.0005
    1278  0.25000000  0.35000000 -0.15000000  0.0005
    1279  0.20000000  0.35000000 -0.15000000  0.0005
    1280  0.15000000  0.35000000 -0.15000000  0.0005
    1281  0.10000000  0.35000000 -0.15000000  0.0005
    1282  0.05000000  0.35000000 -0.15000000  0.0005
    1283  0.00000000  0.30000000 -0.15000000  0.0005
    1284 -0.05000000  0.30000000 -0.15000000  0.0005
    1285 -0.10000000  0.30000000 -0.15000000  0.0005
    1286 -0.15000000  0.30000000 -0.15000000  0.0005
    1287  0.20000000 -0.30000000  0.15000000  0.0005
    1288  0.25000000 -0.30000000  0.15000000  0.0005
    1289  0.30000000 -0.30000000  0.15000000  0.0005
    1290  0.35000000 -0.30000000  0.15000000  0.0005
    1291  0.40000000 -0.30000000  0.15000000  0.0005
    1292  0.45000000 -0.30000000  0.15000000  0.0005
    1293  0.50000000  0.30000000 -0.15000000  0.0005
    1294  0.45000000  0.30000000 -0.15000000  0.0005
    1295  0.40000000  0.30000000 -0.15000000  0.0005
    1296  0.35000000  0.30000000 -0.15000000  0.0005
    1297  0.30000000  0.30000000 -0.15000000  0.0005
    1298  0.25000000  0.30000000 -0.15000000  0.0005
    1299  0.20000000  0.30000000 -0.15000000  0.0005
    1300  0.15000000  0.30000000 -0.15000000  0.0005
    1301  0.10000000  0.30000000 -0.15000000  0.0005
    1302  0.05000000  0.30000000 -0.15000000  0.0005
    1303  0.00000000  0.25000000 -0.15000000  0.0005
    1304 -0.05000000  0.25000000 -0.15000000  0.0005
    1305  0.10000000 -0.25000000  0.15000000  0.0005
    1306  0.15000000 -0.25000000  0.15000000  0.0005
    1307  0.20000000 -0.25000000  0.15000000  0.0005
    1308  0.25000000 -0.25000000  0.15000000  0.0005
    1309  0.30000000 -0.25000000  0.15000000  0.0005
    1310  0.35000000 -0.25000000  0.15000000  0.0005
    1311  0.40000000 -0.25000000  0.15000000  0.0005
    1312  0.45000000 -0.25000000  0.15000000  0.0005
    1313  0.50000000  0.25000000 -0.15000000  0.0005
    1314  0.45000000  0.25000000 -0.15000000  0.0005
    1315  0.40000000  0.25000000 -0.15000000  0.0005
    1316  0.35000000  0.25000000 -0.15000000  0.0005
    1317  0.30000000  0.25000000 -0.15000000  0.0005
    1318  0.25000000  0.25000000 -0.15000000  0.0005
    1319  0.20000000  0.25000000 -0.15000000  0.0005
    1320  0.15000000  0.25000000 -0.15000000  0.0005
    1321  0.10000000  0.25000000 -0.15000000  0.0005
    1322  0.05000000  0.25000000 -0.15000000  0.0005
    1323  0.00000000  0.20000000 -0.15000000  0.0005
    1324  0.05000000 -0.20000000  0.15000000  0.0005
    1325  0.10000000 -0.20000000  0.15000000  0.0005
    1326  0.15000000 -0.20000000  0.15000000  0.0005
    1327  0.20000000 -0.20000000  0.15000000  0.0005
    1328  0.25000000 -0.20000000  0.15000000  0.0005
    1329  0.30000000 -0.20000000  0.15000000  0.0005
    1330  0.35000000 -0.20000000  0.15000000  0.0005
    1331  0.40000000 -0.20000000  0.15000000  0.0005
    1332  0.45000000 -0.20000000  0.15000000  0.0005
    1333  0.50000000  0.20000000 -0.15000000  0.0005
    1334  0.45000000  0.20000000 -0.15000000  0.0005
    1335  0.40000000  0.20000000 -0.15000000  0.0005
    1336  0.35000000  0.20000000 -0.15000000  0.0005
    1337  0.30000000  0.20000000 -0.15000000  0.0005
    1338  0.25000000  0.20000000 -0.15000000  0.0005
    1339  0.20000000  0.20000000 -0.15000000  0.0005
    1340  0.15000000  0.20000000 -0.15000000  0.0005
    1341  0.10000000  0.20000000 -0.15000000  0.0005
    1342  0.05000000  0.20000000 -0.15000000  0.0005
    1343  0.00000000 -0.15000000  0.15000000  0.0005
    1344  0.05000000 -0.15000000  0.15000000  0.0005
    1345  0.10000000 -0.15000000  0.15000000  0.0005
    1346  0.15000000 -0.15000000  0.15000000  0.0005
    1347  0.20000000 -0.15000000  0.15000000  0.0005
    1348  0.25000000 -0.15000000  0.15000000  0.0005
    1349  0.30000000 -0.15000000  0.15000000  0.0005
    1350  0.35000000 -0.15000000  0.15000000  0.0005
    1351  0.40000000 -0.15000000  0.15000000  0.0005
    1352  0.45000000 -0.15000000  0.15000000  0.0005
    1353  0.50000000 -0.15000000  0.15000000  0.0005
    1354  0.45000000  0.15000000 -0.15000000  0.0005
    1355  0.40000000  0.15000000 -0.15000000  0.0005
    1356  0.35000000  0.15000000 -0.15000000  0.0005
    1357  0.30000000  0.15000000 -0.15000000  0.0005
    1358  0.25000000  0.15000000 -0.15000000  0.0005
    1359  0.20000000  0.15000000 -0.15000000  0.0005
    1360  0.15000000  0.15000000 -0.15000000  0.0005
    1361  0.10000000  0.15000000 -0.15000000  0.0005
    1362  0.05000000  0.15000000 -0.15000000  0.0005
    1363  0.00000000 -0.10000000  0.15000000  0.0005
    1364  0.05000000 -0.10000000  0.15000000  0.0005
    1365  0.10000000 -0.10000000  0.15000000  0.0005
    1366  0.15000000 -0.10000000  0.15000000  0.0005
    1367  0.20000000 -0.10000000  0.15000000  0.0005
    1368  0.25000000 -0.10000000  0.15000000  0.0005
    1369  0.30000000 -0.10000000  0.15000000  0.0005
    1370  0.35000000 -0.10000000  0.15000000  0.0005
    1371  0.40000000 -0.10000000  0.15000000  0.0005
    1372  0.45000000 -0.10000000  0.15000000  0.0005
    1373  0.50000000 -0.10000000  0.15000000  0.0005
    1374  0.45000000  0.10000000 -0.15000000  0.0005
    1375  0.40000000  0.10000000 -0.15000000  0.0005
    1376  0.35000000  0.10000000 -0.15000000  0.0005
    1377  0.30000000  0.10000000 -0.15000000  0.0005
    1378  0.25000000  0.10000000 -0.15000000  0.0005
    1379  0.20000000  0.10000000 -0.15000000  0.0005
    1380  0.15000000  0.10000000 -0.15000000  0.0005
    1381  0.10000000  0.10000000 -0.15000000  0.0005
    1382  0.05000000  0.10000000 -0.15000000  0.0005
    1383  0.00000000 -0.05000000  0.15000000  0.0005
    1384  0.05000000 -0.05000000  0.15000000  0.0005
    1385  0.10000000 -0.05000000  0.15000000  0.0005
    1386  0.15000000 -0.05000000  0.15000000  0.0005
    1387  0.20000000 -0.05000000  0.15000000  0.0005
    1388  0.25000000 -0.05000000  0.15000000  0.0005
    1389  0.30000000 -0.05000000  0.15000000  0.0005
    1390  0.35000000 -0.05000000  0.15000000  0.0005
    1391  0.40000000 -0.05000000  0.15000000  0.0005
    1392  0.45000000 -0.05000000  0.15000000  0.0005
    1393  0.50000000 -0.05000000  0.15000000  0.0005
    1394  0.45000000  0.05000000 -0.15000000  0.0005
    1395  0.40000000  0.05000000 -0.15000000  0.0005
    1396  0.35000000  0.05000000 -0.15000000  0.0005
    1397  0.30000000  0.05000000 -0.15000000  0.0005
    1398  0.25000000  0.05000000 -0.15000000  0.0005
    1399  0.20000000  0.05000000 -0.15000000  0.0005
    1400  0.15000000  0.05000000 -0.15000000  0.0005
    1401  0.10000000  0.05000000 -0.15000000  0.0005
    1402 -0.05000000 -0.05000000  0.15000000  0.0005
    1403  0.00000000  0.00000000  0.20000000  0.0005
    1404  0.05000000  0.00000000  0.20000000  0.0005
    1405  0.10000000  0.00000000  0.20000000  0.0005
    1406  0.15000000  0.00000000  0.20000000  0.0005
    1407  0.20000000  0.00000000  0.20000000  0.0005
    1408  0.25000000  0.00000000  0.20000000  0.0005
    1409  0.30000000  0.00000000  0.20000000  0.0005
    1410  0.35000000  0.00000000  0.20000000  0.0005
    1411  0.40000000  0.00000000  0.20000000  0.0005
    1412  0.45000000  0.00000000  0.20000000  0.0005
    1413  0.50000000  0.00000000  0.20000000  0.0005
    1414  0.45000000  0.00000000 -0.20000000  0.0005
    1415  0.40000000  0.00000000 -0.20000000  0.0005
    1416  0.35000000  0.00000000 -0.20000000  0.0005
    1417  0.30000000  0.00000000 -0.20000000  0.0005
    1418  0.25000000  0.00000000 -0.20000000  0.0005
    1419 -0.20000000  0.00000000  0.20000000  0.0005
    1420 -0.15000000  0.00000000  0.20000000  0.0005
    1421 -0.10000000  0.00000000  0.20000000  0.0005
    1422 -0.05000000  0.00000000  0.20000000  0.0005
    1423  0.00000000  0.05000000  0.20000000  0.0005
    1424  0.05000000  0.05000000  0.20000000  0.0005
    1425  0.10000000  0.05000000  0.20000000  0.0005
    1426  0.15000000  0.05000000  0.20000000  0.0005
    1427  0.20000000  0.05000000  0.20000000  0.0005
    1428  0.25000000  0.05000000  0.20000000  0.0005
    1429  0.30000000  0.05000000  0.20000000  0.0005
    1430  0.35000000  0.05000000  0.20000000  0.0005
    1431  0.40000000  0.05000000  0.20000000  0.0005
    1432  0.45000000  0.05000000  0.20000000  0.0005
    1433  0.50000000  0.05000000  0.20000000  0.0005
    1434  0.45000000 -0.05000000 -0.20000000  0.0005
    1435  0.40000000 -0.05000000 -0.20000000  0.0005
    1436  0.35000000 -0.05000000 -0.20000000  0.0005
    1437  0.30000000 -0.05000000 -0.20000000  0.0005
    1438  0.25000000 -0.05000000 -0.20000000  0.0005
    1439 -0.20000000  0.05000000  0.20000000  0.0005
    1440 -0.15000000  0.05000000  0.20000000  0.0005
    1441 -0.10000000  0.05000000  0.20000000  0.0005
    1442 -0.05000000  0.05000000  0.20000000  0.0005
    1443  0.00000000  0.10000000  0.20000000  0.0005
    1444  0.05000000  0.10000000  0.20000000  0.0005
    1445  0.10000000  0.10000000  0.20000000  0.0005
    1446  0.15000000  0.10000000  0.20000000  0.0005
    1447  0.20000000  0.10000000  0.20000000  0.0005
    1448  0.25000000  0.10000000  0.20000000  0.0005
    1449  0.30000000  0.10000000  0.20000000  0.0005
    1450  0.35000000  0.10000000  0.20000000  0.0005
    1451  0.40000000  0.10000000  0.20000000  0.0005
    1452  0.45000000  0.10000000  0.20000000  0.0005
    1453  0.50000000  0.10000000  0.20000000  0.0005
    1454  0.45000000 -0.10000000 -0.20000000  0.0005
    1455  0.40000000 -0.10000000 -0.20000000  0.0005
    1456  0.35000000 -0.10000000 -0.20000000  0.0005
    1457  0.30000000 -0.10000000 -0.20000000  0.0005
    1458 -0.25000000  0.10000000  0.20000000  0.0005
    1459 -0.20000000  0.10000000  0.20000000  0.0005
    1460 -0.15000000  0.10000000  0.20000000  0.0005
    1461 -0.10000000  0.10000000  0.20000000  0.0005
    1462 -0.05000000  0.10000000  0.20000000  0.0005
    1463  0.00000000  0.15000000  0.20000000  0.0005
    1464  0.05000000  0.15000000  0.20000000  0.0005
    1465  0.10000000  0.15000000  0.20000000  0.0005
    1466  0.15000000  0.15000000  0.20000000  0.0005
    1467  0.20000000  0.15000000  0.20000000  0.0005
    1468  0.25000000  0.15000000  0.20000000  0.0005
    1469  0.30000000  0.15000000  0.20000000  0.0005
    1470  0.35000000  0.15000000  0.20000000  0.0005
    1471  0.40000000  0.15000000  0.20000000  0.0005
    1472  0.45000000  0.15000000  0.20000000  0.0005
    1473  0.50000000  0.15000000  0.20000000  0.0005
    1474  0.45000000 -0.15000000 -0.20000000  0.0005
    1475  0.40000000 -0.15000000 -0.20000000  0.0005
    1476  0.35000000 -0.15000000 -0.20000000  0.0005
    1477 -0.30000000  0.15000000  0.20000000  0.0005
    1478 -0.25000000  0.15000000  0.20000000  0.0005
    1479 -0.20000000  0.15000000  0.20000000  0.0005
    1480 -0.15000000  0.15000000  0.20000000  0.0005
    1481 -0.10000000  0.15000000  0.20000000  0.0005
    1482 -0.05000000  0.15000000  0.20000000  0.0005
    1483  0.00000000  0.20000000  0.20000000  0.0005
    1484  0.05000000  0.20000000  0.20000000  0.0005
    1485  0.10000000  0.20000000  0.20000000  0.0005
    1486  0.15000000  0.20000000  0.20000000  0.0005
    1487  0.20000000  0.20000000  0.20000000  0.0005
    1488  0.25000000  0.20000000  0.20000000  0.0005
    1489  0.30000000  0.20000000  0.20000000  0.0005
    1490  0.35000000  0.20000000  0.20000000  0.0005
    1491  0.40000000  0.20000000  0.20000000  0.0005
    1492  0.45000000  0.20000000  0.20000000  0.0005
    1493  0.50000000  0.20000000  0.20000000  0.0005
    1494  0.45000000 -0.20000000 -0.20000000  0.0005
    1495  0.40000000 -0.20000000 -0.20000000  0.0005
    1496 -0.35000000  0.20000000  0.20000000  0.0005
    1497 -0.30000000  0.20000000  0.20000000  0.0005
    1498 -0.25000000  0.20000000  0.20000000  0.0005
    1499 -0.20000000  0.20000000  0.20000000  0.0005
    1500 -0.15000000  0.20000000  0.20000000  0.0005
    1501 -0.10000000  0.20000000  0.20000000  0.0005
    1502 -0.05000000  0.20000000  0.20000000  0.0005
    1503  0.00000000  0.25000000  0.20000000  0.0005
    1504  0.05000000  0.25000000  0.20000000  0.0005
    1505  0.10000000  0.25000000  0.20000000  0.0005
    1506  0.15000000  0.25000000  0.20000000  0.0005
    1507  0.20000000  0.25000000  0.20000000  0.0005
    1508  0.25000000  0.25000000  0.20000000  0.0005
    1509  0.30000000  0.25000000  0.20000000  0.0005
    1510  0.35000000  0.25000000  0.20000000  0.0005
    1511  0.40000000  0.25000000  0.20000000  0.0005
    1512  0.45000000  0.25000000  0.20000000  0.0005
    1513  0.50000000  0.25000000  0.20000000  0.0005
    1514 -0.45000000  0.25000000  0.20000000  0.0005
    1515 -0.40000000  0.25000000  0.20000000  0.0005
    1516 -0.35000000  0.25000000  0.20000000  0.0005
    1517 -0.30000000  0.25000000  0.20000000  0.0005
    1518 -0.25000000  0.25000000  0.20000000  0.0005
    1519 -0.20000000  0.25000000  0.20000000  0.0005
    1520 -0.15000000  0.25000000  0.20000000  0.0005
    1521 -0.10000000  0.25000000  0.20000000  0.0005
    1522 -0.05000000  0.25000000  0.20000000  0.0005
    1523  0.00000000  0.30000000  0.20000000  0.0005
    1524  0.05000000  0.30000000  0.20000000  0.0005
    1525  0.10000000  0.30000000  0.20000000  0.0005
    1526  0.15000000  0.30000000  0.20000000  0.0005
    1527  0.20000000  0.30000000  0.20000000  0.0005
    1528  0.25000000  0.30000000  0.20000000  0.0005
    1529  0.30000000  0.30000000  0.20000000  0.0005
    1530  0.35000000  0.30000000  0.20000000  0.0005
    1531  0.40000000  0.30000000  0.20000000  0.0005
    1532  0.45000000  0.30000000  0.20000000  0.0005
    1533  0.50000000  0.30000000  0.20000000  0.0005
    1534 -0.45000000  0.30000000  0.20000000  0.0005
    1535 -0.40000000  0.30000000  0.20000000  0.0005
    1536 -0.35000000  0.30000000  0.20000000  0.0005
    1537 -0.30000000  0.30000000  0.20000000  0.0005
    1538 -0.25000000  0.30000000  0.20000000  0.0005
    1539 -0.20000000  0.30000000  0.20000000  0.0005
    1540 -0.15000000  0.30000000  0.20000000  0.0005
    1541 -0.10000000  0.30000000  0.20000000  0.0005
    1542 -0.05000000  0.30000000  0.20000000  0.0005
    1543  0.00000000  0.35000000  0.20000000  0.0005
    1544  0.05000000  0.35000000  0.20000000  0.0005
    1545  0.10000000  0.35000000  0.20000000  0.0005
    1546  0.15000000  0.35000000  0.20000000  0.0005
    1547  0.20000000  0.35000000  0.20000000  0.0005
    1548  0.25000000  0.35000000  0.20000000  0.0005
    1549  0.30000000  0.35000000  0.20000000  0.0005
    1550  0.35000000  0.35000000  0.20000000  0.0005
    1551  0.40000000  0.35000000  0.20000000  0.0005
    1552  0.45000000  0.35000000  0.20000000  0.0005
    1553  0.50000000  0.35000000  0.20000000  0.0005
    1554 -0.45000000  0.35000000  0.20000000  0.0005
    1555 -0.40000000  0.35000000  0.20000000  0.0005
    1556 -0.35000000  0.35000000  0.20000000  0.0005
    1557 -0.30000000  0.35000000  0.20000000  0.0005
    1558 -0.25000000  0.35000000  0.20000000  0.0005
    1559 -0.20000000  0.35000000  0.20000000  0.0005
    1560 -0.15000000  0.35000000  0.20000000  0.0005
    1561 -0.10000000  0.35000000  0.20000000  0.0005
    1562 -0.05000000  0.35000000  0.20000000  0.0005
    1563  0.00000000  0.40000000  0.20000000  0.0005
    1564  0.05000000  0.40000000  0.20000000  0.0005
    1565  0.10000000  0.40000000  0.20000000  0.0005
    1566  0.15000000  0.40000000  0.20000000  0.0005
    1567  0.20000000  0.40000000  0.20000000  0.0005
    1568  0.25000000  0.40000000  0.20000000  0.0005
    1569  0.30000000  0.40000000  0.20000000  0.0005
    1570  0.35000000  0.40000000  0.20000000  0.0005
    1571  0.40000000  0.40000000  0.20000000  0.0005
    1572  0.45000000  0.40000000  0.20000000  0.0005
    1573  0.50000000  0.40000000  0.20000000  0.0005
    1574 -0.45000000  0.40000000  0.20000000  0.0005
    1575 -0.40000000  0.40000000  0.20000000  0.0005
    1576 -0.35000000  0.40000000  0.20000000  0.0005
    1577 -0.30000000  0.40000000  0.20000000  0.0005
    1578 -0.25000000  0.40000000  0.20000000  0.0005
    1579 -0.20000000  0.40000000  0.20000000  0.0005
    1580 -0.15000000  0.40000000  0.20000000  0.0005
    1581 -0.10000000  0.40000000  0.20000000  0.0005
    1582 -0.05000000  0.40000000  0.20000000  0.0005
    1583  0.00000000  0.45000000  0.20000000  0.0005
    1584  0.05000000  0.45000000  0.20000000  0.0005
    1585  0.10000000  0.45000000  0.20000000  0.0005
    1586  0.15000000  0.45000000  0.20000000  0.0005
    1587  0.20000000  0.45000000  0.20000000  0.0005
    1588  0.25000000  0.45000000  0.20000000  0.0005
    1589  0.30000000  0.45000000  0.20000000  0.0005
    1590  0.35000000  0.45000000  0.20000000  0.0005
    1591  0.40000000  0.45000000  0.20000000  0.0005
    1592  0.45000000  0.45000000  0.20000000  0.0005
    1593  0.50000000  0.45000000  0.20000000  0.0005
    1594 -0.45000000  0.45000000  0.20000000  0.0005
    1595 -0.40000000  0.45000000  0.20000000  0.0005
    1596 -0.35000000  0.45000000  0.20000000  0.0005
    1597 -0.30000000  0.45000000  0.20000000  0.0005
    1598 -0.25000000  0.45000000  0.20000000  0.0005
    1599 -0.20000000  0.45000000  0.20000000  0.0005
    1600 -0.15000000  0.45000000  0.20000000  0.0005
    1601 -0.10000000  0.45000000  0.20000000  0.0005
    1602 -0.05000000  0.45000000  0.20000000  0.0005
    1603  0.00000000  0.50000000  0.20000000  0.0005
    1604  0.05000000  0.50000000  0.20000000  0.0005
    1605  0.10000000  0.50000000  0.20000000  0.0005
    1606  0.15000000  0.50000000  0.20000000  0.0005
    1607  0.20000000  0.50000000  0.20000000  0.0005
    1608  0.25000000  0.50000000  0.20000000  0.0005
    1609  0.30000000  0.50000000  0.20000000  0.0005
    1610  0.35000000  0.50000000  0.20000000  0.0005
    1611  0.40000000  0.50000000  0.20000000  0.0005
    1612  0.45000000  0.50000000  0.20000000  0.0005
    1613  0.50000000  0.50000000  0.20000000  0.0005
    1614  0.45000000  0.50000000 -0.20000000  0.0005
    1615  0.40000000  0.50000000 -0.20000000  0.0005
    1616  0.35000000  0.50000000 -0.20000000  0.0005
    1617  0.30000000  0.50000000 -0.20000000  0.0005
    1618  0.25000000  0.50000000 -0.20000000  0.0005
    1619 -0.20000000  0.50000000  0.20000000  0.0005
    1620 -0.15000000  0.50000000  0.20000000  0.0005
    1621 -0.10000000  0.50000000  0.20000000  0.0005
    1622 -0.05000000  0.50000000  0.20000000  0.0005
    1623  0.00000000  0.45000000 -0.20000000  0.0005
    1624 -0.05000000  0.45000000 -0.20000000  0.0005
    1625 -0.10000000  0.45000000 -0.20000000  0.0005
    1626 -0.15000000  0.45000000 -0.20000000  0.0005
    1627 -0.20000000  0.45000000 -0.20000000  0.0005
    1628  0.25000000 -0.45000000  0.20000000  0.0005
    1629  0.30000000 -0.45000000  0.20000000  0.0005
    1630  0.35000000 -0.45000000  0.20000000  0.0005
    1631  0.40000000 -0.45000000  0.20000000  0.0005
    1632  0.45000000 -0.45000000  0.20000000  0.0005
    1633  0.50000000  0.45000000 -0.20000000  0.0005
    1634  0.45000000  0.45000000 -0.20000000  0.0005
    1635  0.40000000  0.45000000 -0.20000000  0.0005
    1636  0.35000000  0.45000000 -0.20000000  0.0005
    1637  0.30000000  0.45000000 -0.20000000  0.0005
    1638  0.25000000  0.45000000 -0.20000000  0.0005
    1639  0.20000000  0.45000000 -0.20000000  0.0005
    1640  0.15000000  0.45000000 -0.20000000  0.0005
    1641  0.10000000  0.45000000 -0.20000000  0.0005
    1642  0.05000000  0.45000000 -0.20000000  0.0005
    1643  0.00000000  0.40000000 -0.20000000  0.0005
    1644 -0.05000000  0.40000000 -0.20000000  0.0005
    1645 -0.10000000  0.40000000 -0.20000000  0.0005
    1646 -0.15000000  0.40000000 -0.20000000  0.0005
    1647 -0.20000000  0.40000000 -0.20000000  0.0005
    1648  0.25000000 -0.40000000  0.20000000  0.0005
    1649  0.30000000 -0.40000000  0.20000000  0.0005
    1650  0.35000000 -0.40000000  0.20000000  0.0005
    1651  0.40000000 -0.40000000  0.20000000  0.0005
    1652  0.45000000 -0.40000000  0.20000000  0.0005
    1653  0.50000000  0.40000000 -0.20000000  0.0005
    1654  0.45000000  0.40000000 -0.20000000  0.0005
    1655  0.40000000  0.40000000 -0.20000000  0.0005
    1656  0.35000000  0.40000000 -0.20000000  0.0005
    1657  0.30000000  0.40000000 -0.20000000  0.0005
    1658  0.25000000  0.40000000 -0.20000000  0.0005
    1659  0.20000000  0.40000000 -0.20000000  0.0005
    1660  0.15000000  0.40000000 -0.20000000  0.0005
    1661  0.10000000  0.40000000 -0.20000000  0.0005
    1662  0.05000000  0.40000000 -0.20000000  0.0005
    1663  0.00000000  0.35000000 -0.20000000  0.0005
    1664 -0.05000000  0.35000000 -0.20000000  0.0005
    1665 -0.10000000  0.35000000 -0.20000000  0.0005
    1666 -0.15000000  0.35000000 -0.20000000  0.0005
    1667  0.20000000 -0.35000000  0.20000000  0.0005
    1668  0.25000000 -0.35000000  0.20000000  0.0005
    1669  0.30000000 -0.35000000  0.20000000  0.0005
    1670  0.35000000 -0.35000000  0.20000000  0.0005
    1671  0.40000000 -0.35000000  0.20000000  0.0005
    1672  0.45000000 -0.35000000  0.20000000  0.0005
    1673  0.50000000  0.35000000 -0.20000000  0.0005
    1674  0.45000000  0.35000000 -0.20000000  0.0005
    1675  0.40000000  0.35000000 -0.20000000  0.0005
    1676  0.35000000  0.35000000 -0.20000000  0.0005
    1677  0.30000000  0.35000000 -0.20000000  0.0005
    1678  0.25000000  0.35000000 -0.20000000  0.0005
    1679  0.20000000  0.35000000 -0.20000000  0.0005
    1680  0.15000000  0.35000000 -0.20000000  0.0005
    1681  0.10000000  0.35000000 -0.20000000  0.0005
    1682  0.05000000  0.35000000 -0.20000000  0.0005
    1683  0.00000000  0.30000000 -0.20000000  0.0005
    1684 -0.05000000  0.30000000 -0.20000000  0.0005
    1685 -0.10000000  0.30000000 -0.20000000  0.0005
    1686  0.15000000 -0.30000000  0.20000000  0.0005
    1687  0.20000000 -0.30000000  0.20000000  0.0005
    1688  0.25000000 -0.30000000  0.20000000  0.0005
    1689  0.30000000 -0.30000000  0.20000000  0.0005
    1690  0.35000000 -0.30000000  0.20000000  0.0005
    1691  0.40000000 -0.30000000  0.20000000  0.0005
    1692  0.45000000 -0.30000000  0.20000000  0.0005
    1693  0.50000000  0.30000000 -0.20000000  0.0005
    1694  0.45000000  0.30000000 -0.20000000  0.0005
    1695  0.40000000  0.30000000 -0.20000000  0.0005
    1696  0.35000000  0.30000000 -0.20000000  0.0005
    1697  0.30000000  0.30000000 -0.20000000  0.0005
    1698  0.25000000  0.30000000 -0.20000000  0.0005
    1699  0.20000000  0.30000000 -0.20000000  0.0005
    1700  0.15000000  0.30000000 -0.20000000  0.0005
    1701  0.10000000  0.30000000 -0.20000000  0.0005
    1702  0.05000000  0.30000000 -0.20000000  0.0005
    1703  0.00000000  0.25000000 -0.20000000  0.0005
    1704 -0.05000000  0.25000000 -0.20000000  0.0005
    1705  0.10000000 -0.25000000  0.20000000  0.0005
    1706  0.15000000 -0.25000000  0.20000000  0.0005
    1707  0.20000000 -0.25000000  0.20000000  0.0005
    1708  0.25000000 -0.25000000  0.20000000  0.0005
    1709  0.30000000 -0.25000000  0.20000000  0.0005
    1710  0.35000000 -0.25000000  0.20000000  0.0005
    1711  0.40000000 -0.25000000  0.20000000  0.0005
    1712  0.45000000 -0.25000000  0.20000000  0.0005
    1713  0.50000000  0.25000000 -0.20000000  0.0005
    1714  0.45000000  0.25000000 -0.20000000  0.0005
    1715  0.40000000  0.25000000 -0.20000000  0.0005
    1716  0.35000000  0.25000000 -0.20000000  0.0005
    1717  0.30000000  0.25000000 -0.20000000  0.0005
    1718  0.25000000  0.25000000 -0.20000000  0.0005
    1719  0.20000000  0.25000000 -0.20000000  0.0005
    1720  0.15000000  0.25000000 -0.20000000  0.0005
    1721  0.10000000  0.25000000 -0.20000000  0.0005
    1722  0.05000000  0.25000000 -0.20000000  0.0005
    1723  0.00000000 -0.20000000  0.20000000  0.0005
    1724  0.05000000 -0.20000000  0.20000000  0.0005
    1725  0.10000000 -0.20000000  0.20000000  0.0005
    1726  0.15000000 -0.20000000  0.20000000  0.0005
    1727  0.20000000 -0.20000000  0.20000000  0.0005
    1728  0.25000000 -0.20000000  0.20000000  0.0005
    1729  0.30000000 -0.20000000  0.20000000  0.0005
    1730  0.35000000 -0.20000000  0.20000000  0.0005
    1731  0.40000000 -0.20000000  0.20000000  0.0005
    1732  0.45000000 -0.20000000  0.20000000  0.0005
    1733  0.50000000 -0.20000000  0.20000000  0.0005
    1734  0.45000000  0.20000000 -0.20000000  0.0005
    1735  0.40000000  0.20000000 -0.20000000  0.0005
    1736  0.35000000  0.20000000 -0.20000000  0.0005
    1737  0.30000000  0.20000000 -0.20000000  0.0005
    1738  0.25000000  0.20000000 -0.20000000  0.0005
    1739  0.20000000  0.20000000 -0.20000000  0.0005
    1740  0.15000000  0.20000000 -0.20000000  0.0005
    1741  0.10000000  0.20000000 -0.20000000  0.0005
    1742  0.05000000  0.20000000 -0.20000000  0.0005
    1743  0.00000000 -0.15000000  0.20000000  0.0005
    1744  0.05000000 -0.15000000  0.20000000  0.0005
    1745  0.10000000 -0.15000000  0.20000000  0.0005
    1746  0.15000000 -0.15000000  0.20000000  0.0005
    1747  0.20000000 -0.15000000  0.20000000  0.0005
    1748  0.25000000 -0.15000000  0.20000000  0.0005
    1749  0.30000000 -0.15000000  0.20000000  0.0005
    1750  0.35000000 -0.15000000  0.20000000  0.0005
    1751  0.40000000 -0.15000000  0.20000000  0.0005
    1752  0.45000000 -0.15000000  0.20000000  0.0005
    1753  0.50000000 -0.15000000  0.20000000  0.0005
    1754  0.45000000  0.15000000 -0.20000000  0.0005
    1755  0.40000000  0.15000000 -0.20000000  0.0005
    1756  0.35000000  0.15000000 -0.20000000  0.0005
    1757  0.30000000  0.15000000 -0.20000000  0.0005
    1758  0.25000000  0.15000000 -0.20000000  0.0005
    1759  0.20000000  0.15000000 -0.20000000  0.0005
    1760  0.15000000  0.15000000 -0.20000000  0.0005
    1761  0.10000000  0.15000000 -0.20000000  0.0005
    1762 -0.05000000 -0.15000000  0.20000000  0.0005
    1763  0.00000000 -0.10000000  0.20000000  0.0005
    1764  0.05000000 -0.10000000  0.20000000  0.0005
    1765  0.10000000 -0.10000000  0.20000000  0.0005
    1766  0.15000000 -0.10000000  0.20000000  0.0005
    1767  0.20000000 -0.10000000  0.20000000  0.0005
    1768  0.25000000 -0.10000000  0.20000000  0.0005
    1769  0.30000000 -0.10000000  0.20000000  0.0005
    1770  0.35000000 -0.10000000  0.20000000  0.0005
    1771  0.40000000 -0.10000000  0.20000000  0.0005
    1772  0.45000000 -0.10000000  0.20000000  0.0005
    1773  0.50000000 -0.10000000  0.20000000  0.0005
    1774  0.45000000  0.10000000 -0.20000000  0.0005
    1775  0.40000000  0.10000000 -0.20000000  0.0005
    1776  0.35000000  0.10000000 -0.20000000  0.0005
    1777  0.30000000  0.10000000 -0.20000000  0.0005
    1778  0.25000000  0.10000000 -0.20000000  0.0005
    1779  0.20000000  0.10000000 -0.20000000  0.0005
    1780  0.15000000  0.10000000 -0.20000000  0.0005
    1781  0.10000000  0.10000000 -0.20000000  0.0005
    1782 -0.05000000 -0.10000000  0.20000000  0.0005
    1783  0.00000000 -0.05000000  0.20000000  0.0005
    1784  0.05000000 -0.05000000  0.20000000  0.0005
    1785  0.10000000 -0.05000000  0.20000000  0.0005
    1786  0.15000000 -0.05000000  0.20000000  0.0005
    1787  0.20000000 -0.05000000  0.20000000  0.0005
    1788  0.25000000 -0.05000000  0.20000000  0.0005
    1789  0.30000000 -0.05000000  0.20000000  0.0005
    1790  0.35000000 -0.05000000  0.20000000  0.0005
    1791  0.40000000 -0.05000000  0.20000000  0.0005
    1792  0.45000000 -0.05000000  0.20000000  0.0005
    1793  0.50000000 -0.05000000  0.20000000  0.0005
    1794  0.45000000  0.05000000 -0.20000000  0.0005
    1795  0.40000000  0.05000000 -0.20000000  0.0005
    1796  0.35000000  0.05000000 -0.20000000  0.0005
    1797  0.30000000  0.05000000 -0.20000000  0.0005
    1798  0.25000000  0.05000000 -0.20000000  0.0005
    1799  0.20000000  0.05000000 -0.20000000  0.0005
    1800 -0.15000000 -0.05000000  0.20000000  0.0005
    1801 -0.10000000 -0.05000000  0.20000000  0.0005
    1802 -0.05000000 -0.05000000  0.20000000  0.0005
    1803  0.00000000  0.00000000  0.25000000  0.0005
    1804  0.05000000  0.00000000  0.25000000  0.0005
    1805  0.10000000  0.00000000  0.25000000  0.0005
    1806  0.15000000  0.00000000  0.25000000  0.0005
    1807  0.20000000  0.00000000  0.25000000  0.0005
    1808  0.25000000  0.00000000  0.25000000  0.0005
    1809  0.30000000  0.00000000  0.25000000  0.0005
    1810  0.35000000  0.00000000  0.25000000  0.0005
    1811  0.40000000  0.00000000  0.25000000  0.0005
    1812  0.45000000  0.00000000  0.25000000  0.0005
    1813  0.50000000  0.00000000  0.25000000  0.0005
    1814  0.45000000  0.00000000 -0.25000000  0.0005
    1815  0.40000000  0.00000000 -0.25000000  0.0005
    1816  0.35000000  0.00000000 -0.25000000  0.0005
    1817  0.30000000  0.00000000 -0.25000000  0.0005
    1818 -0.25000000  0.00000000  0.25000000  0.0005
    1819 -0.20000000  0.00000000  0.25000000  0.0005
    1820 -0.15000000  0.00000000  0.25000000  0.0005
    1821 -0.10000000  0.00000000  0.25000000  0.0005
    1822 -0.05000000  0.00000000  0.25000000  0.0005
    1823  0.00000000  0.05000000  0.25000000  0.0005
    1824  0.05000000  0.05000000  0.25000000  0.0005
    1825  0.10000000  0.05000000  0.25000000  0.0005
    1826  0.15000000  0.05000000  0.25000000  0.0005
    1827  0.20000000  0.05000000  0.25000000  0.0005
    1828  0.25000000  0.05000000  0.25000000  0.0005
    1829  0.30000000  0.05000000  0.25000000  0.0005
    1830  0.35000000  0.05000000  0.25000000  0.0005
    1831  0.40000000  0.05000000  0.25000000  0.0005
    1832  0.45000000  0.05000000  0.25000000  0.0005
    1833  0.50000000  0.05000000  0.25000000  0.0005
    1834  0.45000000 -0.05000000 -0.25000000  0.0005
    1835  0.40000000 -0.05000000 -0.25000000  0.0005
    1836  0.35000000 -0.05000000 -0.25000000  0.0005
    1837 -0.30000000  0.05000000  0.25000000  0.0005
    1838 -0.25000000  0.05000000  0.25000000  0.0005
    1839 -0.20000000  0.05000000  0.25000000  0.0005
    1840 -0.15000000  0.05000000  0.25000000  0.0005
    1841 -0.10000000  0.05000000  0.25000000  0.0005
    1842 -0.05000000  0.05000000  0.25000000  0.0005
    1843  0.00000000  0.10000000  0.25000000  0.0005
    1844  0.05000000  0.10000000  0.25000000  0.0005
    1845  0.10000000  0.10000000  0.25000000  0.0005
    1846  0.15000000  0.10000000  0.25000000  0.0005
    1847  0.20000000  0.10000000  0.25000000  0.0005
    1848  0.25000000  0.10000000  0.25000000  0.0005
    1849  0.30000000  0.10000000  0.25000000  0.0005
    1850  0.35000000  0.10000000  0.25000000  0.0005
    1851  0.40000000  0.10000000  0.25000000  0.0005
    1852  0.45000000  0.10000000  0.25000000  0.0005
    1853  0.50000000  0.10000000  0.25000000  0.0005
    1854  0.45000000 -0.10000000 -0.25000000  0.0005
    1855  0.40000000 -0.10000000 -0.25000000  0.0005
    1856  0.35000000 -0.10000000 -0.25000000  0.0005
    1857 -0.30000000  0.10000000  0.25000000  0.0005
    1858 -0.25000000  0.10000000  0.25000000  0.0005
    1859 -0.20000000  0.10000000  0.25000000  0.0005
    1860 -0.15000000  0.10000000  0.25000000  0.0005
    1861 -0.10000000  0.10000000  0.25000000  0.0005
    1862 -0.05000000  0.10000000  0.25000000  0.0005
    1863  0.00000000  0.15000000  0.25000000  0.0005
    1864  0.05000000  0.15000000  0.25000000  0.0005
    1865  0.10000000  0.15000000  0.25000000  0.0005
    1866  0.15000000  0.15000000  0.25000000  0.0005
    1867  0.20000000  0.15000000  0.25000000  0.0005
    1868  0.25000000  0.15000000  0.25000000  0.0005
    1869  0.30000000  0.15000000  0.25000000  0.0005
    1870  0.35000000  0.15000000  0.25000000  0.0005
    1871  0.40000000  0.15000000  0.25000000  0.0005
    1872  0.45000000  0.15000000  0.25000000  0.0005
    1873  0.50000000  0.15000000  0.25000000  0.0005
    1874  0.45000000 -0.15000000 -0.25000000  0.0005
    1875  0.40000000 -0.15000000 -0.25000000  0.0005
    1876 -0.35000000  0.15000000  0.25000000  0.0005
    1877 -0.30000000  0.15000000  0.25000000  0.0005
    1878 -0.25000000  0.15000000  0.25000000  0.0005
    1879 -0.20000000  0.15000000  0.25000000  0.0005
    1880 -0.15000000  0.15000000  0.25000000  0.0005
    1881 -0.10000000  0.15000000  0.25000000  0.0005
    1882 -0.05000000  0.15000000  0.25000000  0.0005
    1883  0.00000000  0.20000000  0.25000000  0.0005
    1884  0.05000000  0.20000000  0.25000000  0.0005
    1885  0.10000000  0.20000000  0.25000000  0.0005
    1886  0.15000000  0.20000000  0.25000000  0.0005
    1887  0.20000000  0.20000000  0.25000000  0.0005
    1888  0.25000000  0.20000000  0.25000000  0.0005
    1889  0.30000000  0.20000000  0.25000000  0.0005
    1890  0.35000000  0.20000000  0.25000000  0.0005
    1891  0.40000000  0.20000000  0.25000000  0.0005
    1892  0.45000000  0.20000000  0.25000000  0.0005
    1893  0.50000000  0.20000000  0.25000000  0.0005
    1894 -0.45000000  0.20000000  0.25000000  0.0005
    1895 -0.40000000  0.20000000  0.25000000  0.0005
    1896 -0.35000000  0.20000000  0.25000000  0.0005
    1897 -0.30000000  0.20000000  0.25000000  0.0005
    1898 -0.25000000  0.20000000  0.25000000  0.0005
    1899 -0.20000000  0.20000000  0.25000000  0.0005
    1900 -0.15000000  0.20000000  0.25000000  0.0005
    1901 -0.10000000  0.20000000  0.25000000  0.0005
    1902 -0.05000000  0.20000000  0.25000000  0.0005
    1903  0.00000000  0.25000000  0.25000000  0.0005
    1904  0.05000000  0.25000000  0.25000000  0.0005
    1905  0.10000000  0.25000000  0.25000000  0.0005
    1906  0.15000000  0.25000000  0.25000000  0.0005
    1907  0.20000000  0.25000000  0.25000000  0.0005
    1908  0.25000000  0.25000000  0.25000000  0.0005
    1909  0.30000000  0.25000000  0.25000000  0.0005
    1910  0.35000000  0.25000000  0.25000000  0.0005
    1911  0.40000000  0.25000000  0.25000000  0.0005
    1912  0.45000000  0.25000000  0.25000000  0.0005
    1913  0.50000000  0.25000000  0.25000000  0.0005
    1914 -0.45000000  0.25000000  0.25000000  0.0005
    1915 -0.40000000  0.25000000  0.25000000  0.0005
    1916 -0.35000000  0.25000000  0.25000000  0.0005
    1917 -0.30000000  0.25000000  0.25000000  0.0005
    1918 -0.25000000  0.25000000  0.25000000  0.0005
    1919 -0.20000000  0.25000000  0.25000000  0.0005
    1920 -0.15000000  0.25000000  0.25000000  0.0005
    1921 -0.10000000  0.25000000  0.25000000  0.0005
    1922 -0.05000000  0.25000000  0.25000000  0.0005
    1923  0.00000000  0.30000000  0.25000000  0.0005
    1924  0.05000000  0.30000000  0.25000000  0.0005
    1925  0.10000000  0.30000000  0.25000000  0.0005
    1926  0.15000000  0.30000000  0.25000000  0.0005
    1927  0.20000000  0.30000000  0.25000000  0.0005
    1928  0.25000000  0.30000000  0.25000000  0.0005
    1929  0.30000000  0.30000000  0.25000000  0.0005
    1930  0.35000000  0.30000000  0.25000000  0.0005
    1931  0.40000000  0.30000000  0.25000000  0.0005
    1932  0.45000000  0.30000000  0.25000000  0.0005
    1933  0.50000000  0.30000000  0.25000000  0.0005
    1934 -0.45000000  0.30000000  0.25000000  0.0005
    1935 -0.40000000  0.30000000  0.25000000  0.0005
    1936 -0.35000000  0.30000000  0.25000000  0.0005
    1937 -0.30000000  0.30000000  0.25000000  0.0005
    1938 -0.25000000  0.30000000  0.25000000  0.0005
    1939 -0.20000000  0.30000000  0.25000000  0.0005
    1940 -0.15000000  0.30000000  0.25000000  0.0005
    1941 -0.10000000  0.30000000  0.25000000  0.0005
    1942 -0.05000000  0.30000000  0.25000000  0.0005
    1943  0.00000000  0.35000000  0.25000000  0.0005
    1944  0.05000000  0.35000000  0.25000000  0.0005
    1945  0.10000000  0.35000000  0.25000000  0.0005
    1946  0.15000000  0.35000000  0.25000000  0.0005
    1947  0.20000000  0.35000000  0.25000000  0.0005
    1948  0.25000000  0.35000000  0.25000000  0.0005
    1949  0.30000000  0.35000000  0.25000000  0.0005
    1950  0.35000000  0.35000000  0.25000000  0.0005
    1951  0.40000000  0.35000000  0.25000000  0.0005
    1952  0.45000000  0.35000000  0.25000000  0.0005
    1953  0.50000000  0.35000000  0.25000000  0.0005
    1954 -0.45000000  0.35000000  0.25000000  0.0005
    1955 -0.40000000  0.35000000  0.25000000  0.0005
    1956 -0.35000000  0.35000000  0.25000000  0.0005
    1957 -0.30000000  0.35000000  0.25000000  0.0005
    1958 -0.25000000  0.35000000  0.25000000  0.0005
    1959 -0.20000000  0.35000000  0.25000000  0.0005
    1960 -0.15000000  0.35000000  0.25000000  0.0005
    1961 -0.10000000  0.35000000  0.25000000  0.0005
    1962 -0.05000000  0.35000000  0.25000000  0.0005
    1963  0.00000000  0.40000000  0.25000000  0.0005
    1964  0.05000000  0.40000000  0.25000000  0.0005
    1965  0.10000000  0.40000000  0.25000000  0.0005
    1966  0.15000000  0.40000000  0.25000000  0.0005
    1967  0.20000000  0.40000000  0.25000000  0.0005
    1968  0.25000000  0.40000000  0.25000000  0.0005
    1969  0.30000000  0.40000000  0.25000000  0.0005
    1970  0.35000000  0.40000000  0.25000000  0.0005
    1971  0.40000000  0.40000000  0.25000000  0.0005
    1972  0.45000000  0.40000000  0.25000000  0.0005
    1973  0.50000000  0.40000000  0.25000000  0.0005
    1974 -0.45000000  0.40000000  0.25000000  0.0005
    1975 -0.40000000  0.40000000  0.25000000  0.0005
    1976 -0.35000000  0.40000000  0.25000000  0.0005
    1977 -0.30000000  0.40000000  0.25000000  0.0005
    1978 -0.25000000  0.40000000  0.25000000  0.0005
    1979 -0.20000000  0.40000000  0.25000000  0.0005
    1980 -0.15000000  0.40000000  0.25000000  0.0005
    1981 -0.10000000  0.40000000  0.25000000  0.0005
    1982 -0.05000000  0.40000000  0.25000000  0.0005
    1983  0.00000000  0.45000000  0.25000000  0.0005
    1984  0.05000000  0.45000000  0.25000000  0.0005
    1985  0.10000000  0.45000000  0.25000000  0.0005
    1986  0.15000000  0.45000000  0.25000000  0.0005
    1987  0.20000000  0.45000000  0.25000000  0.0005
    1988  0.25000000  0.45000000  0.25000000  0.0005
    1989  0.30000000  0.45000000  0.25000000  0.0005
    1990  0.35000000  0.45000000  0.25000000  0.0005
    1991  0.40000000  0.45000000  0.25000000  0.0005
    1992  0.45000000  0.45000000  0.25000000  0.0005
    1993  0.50000000  0.45000000  0.25000000  0.0005
    1994 -0.45000000  0.45000000  0.25000000  0.0005
    1995 -0.40000000  0.45000000  0.25000000  0.0005
    1996 -0.35000000  0.45000000  0.25000000  0.0005
    1997 -0.30000000  0.45000000  0.25000000  0.0005
    1998 -0.25000000  0.45000000  0.25000000  0.0005
    1999 -0.20000000  0.45000000  0.25000000  0.0005
    2000 -0.15000000  0.45000000  0.25000000  0.0005
    2001 -0.10000000  0.45000000  0.25000000  0.0005
    2002 -0.05000000  0.45000000  0.25000000  0.0005
    2003  0.00000000  0.50000000  0.25000000  0.0005
    2004  0.05000000  0.50000000  0.25000000  0.0005
    2005  0.10000000  0.50000000  0.25000000  0.0005
    2006  0.15000000  0.50000000  0.25000000  0.0005
    2007  0.20000000  0.50000000  0.25000000  0.0005
    2008  0.25000000  0.50000000  0.25000000  0.0005
    2009  0.30000000  0.50000000  0.25000000  0.0005
    2010  0.35000000  0.50000000  0.25000000  0.0005
    2011  0.40000000  0.50000000  0.25000000  0.0005
    2012  0.45000000  0.50000000  0.25000000  0.0005
    2013  0.50000000  0.50000000  0.25000000  0.0005
    2014  0.45000000  0.50000000 -0.25000000  0.0005
    2015  0.40000000  0.50000000 -0.25000000  0.0005
    2016  0.35000000  0.50000000 -0.25000000  0.0005
    2017  0.30000000  0.50000000 -0.25000000  0.0005
    2018 -0.25000000  0.50000000  0.25000000  0.0005
    2019 -0.20000000  0.50000000  0.25000000  0.0005
    2020 -0.15000000  0.50000000  0.25000000  0.0005
    2021 -0.10000000  0.50000000  0.25000000  0.0005
    2022 -0.05000000  0.50000000  0.25000000  0.0005
    2023  0.00000000  0.45000000 -0.25000000  0.0005
    2024 -0.05000000  0.45000000 -0.25000000  0.0005
    2025 -0.10000000  0.45000000 -0.25000000  0.0005
    2026 -0.15000000  0.45000000 -0.25000000  0.0005
    2027  0.20000000 -0.45000000  0.25000000  0.0005
    2028  0.25000000 -0.45000000  0.25000000  0.0005
    2029  0.30000000 -0.45000000  0.25000000  0.0005
    2030  0.35000000 -0.45000000  0.25000000  0.0005
    2031  0.40000000 -0.45000000  0.25000000  0.0005
    2032  0.45000000 -0.45000000  0.25000000  0.0005
    2033  0.50000000  0.45000000 -0.25000000  0.0005
    2034  0.45000000  0.45000000 -0.25000000  0.0005
    2035  0.40000000  0.45000000 -0.25000000  0.0005
    2036  0.35000000  0.45000000 -0.25000000  0.0005
    2037  0.30000000  0.45000000 -0.25000000  0.0005
    2038  0.25000000  0.45000000 -0.25000000  0.0005
    2039  0.20000000  0.45000000 -0.25000000  0.0005
    2040  0.15000000  0.45000000 -0.25000000  0.0005
    2041  0.10000000  0.45000000 -0.25000000  0.0005
    2042  0.05000000  0.45000000 -0.25000000  0.0005
    2043  0.00000000  0.40000000 -0.25000000  0.0005
    2044 -0.05000000  0.40000000 -0.25000000  0.0005
    2045 -0.10000000  0.40000000 -0.25000000  0.0005
    2046 -0.15000000  0.40000000 -0.25000000  0.0005
    2047  0.20000000 -0.40000000  0.25000000  0.0005
    2048  0.25000000 -0.40000000  0.25000000  0.0005
    2049  0.30000000 -0.40000000  0.25000000  0.0005
    2050  0.35000000 -0.40000000  0.25000000  0.0005
    2051  0.40000000 -0.40000000  0.25000000  0.0005
    2052  0.45000000 -0.40000000  0.25000000  0.0005
    2053  0.50000000  0.40000000 -0.25000000  0.0005
    2054  0.45000000  0.40000000 -0.25000000  0.0005
    2055  0.40000000  0.40000000 -0.25000000  0.0005
    2056  0.35000000  0.40000000 -0.25000000  0.0005
    2057  0.30000000  0.40000000 -0.25000000  0.0005
    2058  0.25000000  0.40000000 -0.25000000  0.0005
    2059  0.20000000  0.40000000 -0.25000000  0.0005
    2060  0.15000000  0.40000000 -0.25000000  0.0005
    2061  0.10000000  0.40000000 -0.25000000  0.0005
    2062  0.05000000  0.40000000 -0.25000000  0.0005
    2063  0.00000000  0.35000000 -0.25000000  0.0005
    2064 -0.05000000  0.35000000 -0.25000000  0.0005
    2065 -0.10000000  0.35000000 -0.25000000  0.0005
    2066  0.15000000 -0.35000000  0.25000000  0.0005
    2067  0.20000000 -0.35000000  0.25000000  0.0005
    2068  0.25000000 -0.35000000  0.25000000  0.0005
    2069  0.30000000 -0.35000000  0.25000000  0.0005
    2070  0.35000000 -0.35000000  0.25000000  0.0005
    2071  0.40000000 -0.35000000  0.25000000  0.0005
    2072  0.45000000 -0.35000000  0.25000000  0.0005
    2073  0.50000000  0.35000000 -0.25000000  0.0005
    2074  0.45000000  0.35000000 -0.25000000  0.0005
    2075  0.40000000  0.35000000 -0.25000000  0.0005
    2076  0.35000000  0.35000000 -0.25000000  0.0005
    2077  0.30000000  0.35000000 -0.25000000  0.0005
    2078  0.25000000  0.35000000 -0.25000000  0.0005
    2079  0.20000000  0.35000000 -0.25000000  0.0005
    2080  0.15000000  0.35000000 -0.25000000  0.0005
    2081  0.10000000  0.35000000 -0.25000000  0.0005
    2082  0.05000000  0.35000000 -0.25000000  0.0005
    2083  0.00000000  0.30000000 -0.25000000  0.0005
    2084 -0.05000000  0.30000000 -0.25000000  0.0005
    2085  0.10000000 -0.30000000  0.25000000  0.0005
    2086  0.15000000 -0.30000000  0.25000000  0.0005
    2087  0.20000000 -0.30000000  0.25000000  0.0005
    2088  0.25000000 -0.30000000  0.25000000  0.0005
    2089  0.30000000 -0.30000000  0.25000000  0.0005
    2090  0.35000000 -0.30000000  0.25000000  0.0005
    2091  0.40000000 -0.30000000  0.25000000  0.0005
    2092  0.45000000 -0.30000000  0.25000000  0.0005
    2093  0.50000000  0.30000000 -0.25000000  0.0005
    2094  0.45000000  0.30000000 -0.25000000  0.0005
    2095  0.40000000  0.30000000 -0.25000000  0.0005
    2096  0.35000000  0.30000000 -0.25000000  0.0005
    2097  0.30000000  0.30000000 -0.25000000  0.0005
    2098  0.25000000  0.30000000 -0.25000000  0.0005
    2099  0.20000000  0.30000000 -0.25000000  0.0005
    2100  0.15000000  0.30000000 -0.25000000  0.0005
    2101  0.10000000  0.30000000 -0.25000000  0.0005
    2102  0.05000000  0.30000000 -0.25000000  0.0005
    2103  0.00000000 -0.25000000  0.25000000  0.0005
    2104  0.05000000 -0.25000000  0.25000000  0.0005
    2105  0.10000000 -0.25000000  0.25000000  0.0005
    2106  0.15000000 -0.25000000  0.25000000  0.0005
    2107  0.20000000 -0.25000000  0.25000000  0.0005
    2108  0.25000000 -0.25000000  0.25000000  0.0005
    2109  0.30000000 -0.25000000  0.25000000  0.0005
    2110  0.35000000 -0.25000000  0.25000000  0.0005
    2111  0.40000000 -0.25000000  0.25000000  0.0005
    2112  0.45000000 -0.25000000  0.25000000  0.0005
    2113  0.50000000 -0.25000000  0.25000000  0.0005
    2114  0.45000000  0.25000000 -0.25000000  0.0005
    2115  0.40000000  0.25000000 -0.25000000  0.0005
    2116  0.35000000  0.25000000 -0.25000000  0.0005
    2117  0.30000000  0.25000000 -0.25000000  0.0005
    2118  0.25000000  0.25000000 -0.25000000  0.0005
    2119  0.20000000  0.25000000 -0.25000000  0.0005
    2120  0.15000000  0.25000000 -0.25000000  0.0005
    2121  0.10000000  0.25000000 -0.25000000  0.0005
    2122  0.05000000  0.25000000 -0.25000000  0.0005
    2123  0.00000000 -0.20000000  0.25000000  0.0005
    2124  0.05000000 -0.20000000  0.25000000  0.0005
    2125  0.10000000 -0.20000000  0.25000000  0.0005
    2126  0.15000000 -0.20000000  0.25000000  0.0005
    2127  0.20000000 -0.20000000  0.25000000  0.0005
    2128  0.25000000 -0.20000000  0.25000000  0.0005
    2129  0.30000000 -0.20000000  0.25000000  0.0005
    2130  0.35000000 -0.20000000  0.25000000  0.0005
    2131  0.40000000 -0.20000000  0.25000000  0.0005
    2132  0.45000000 -0.20000000  0.25000000  0.0005
    2133  0.50000000 -0.20000000  0.25000000  0.0005
    2134  0.45000000  0.20000000 -0.25000000  0.0005
    2135  0.40000000  0.20000000 -0.25000000  0.0005
    2136  0.35000000  0.20000000 -0.25000000  0.0005
    2137  0.30000000  0.20000000 -0.25000000  0.0005
    2138  0.25000000  0.20000000 -0.25000000  0.0005
    2139  0.20000000  0.20000000 -0.25000000  0.0005
    2140  0.15000000  0.20000000 -0.25000000  0.0005
    2141  0.10000000  0.20000000 -0.25000000  0.0005
    2142 -0.05000000 -0.20000000  0.25000000  0.0005
    2143  0.00000000 -0.15000000  0.25000000  0.0005
    2144  0.05000000 -0.15000000  0.25000000  0.0005
    2145  0.10000000 -0.15000000  0.25000000  0.0005
    2146  0.15000000 -0.15000000  0.25000000  0.0005
    2147  0.20000000 -0.15000000  0.25000000  0.0005
    2148  0.25000000 -0.15000000  0.25000000  0.0005
    2149  0.30000000 -0.15000000  0.25000000  0.0005
    2150  0.35000000 -0.15000000  0.25000000  0.0005
    2151  0.40000000 -0.15000000  0.25000000  0.0005
    2152  0.45000000 -0.15000000  0.25000000  0.0005
    2153  0.50000000 -0.15000000  0.25000000  0.0005
    2154  0.45000000  0.15000000 -0.25000000  0.0005
    2155  0.40000000  0.15000000 -0.25000000  0.0005
    2156  0.35000000  0.15000000 -0.25000000  0.0005
    2157  0.30000000  0.15000000 -0.25000000  0.0005
    2158  0.25000000  0.15000000 -0.25000000  0.0005
    2159  0.20000000  0.15000000 -0.25000000  0.0005
    2160  0.15000000  0.15000000 -0.25000000  0.0005
    2161 -0.10000000 -0.15000000  0.25000000  0.0005
    2162 -0.05000000 -0.15000000  0.25000000  0.0005
    2163  0.00000000 -0.10000000  0.25000000  0.0005
    2164  0.05000000 -0.10000000  0.25000000  0.0005
    2165  0.10000000 -0.10000000  0.25000000  0.0005
    2166  0.15000000 -0.10000000  0.25000000  0.0005
    2167  0.20000000 -0.10000000  0.25000000  0.0005
    2168  0.25000000 -0.10000000  0.25000000  0.0005
    2169  0.30000000 -0.10000000  0.25000000  0.0005
    2170  0.35000000 -0.10000000  0.25000000  0.0005
    2171  0.40000000 -0.10000000  0.25000000  0.0005
    2172  0.45000000 -0.10000000  0.25000000  0.0005
    2173  0.50000000 -0.10000000  0.25000000  0.0005
    2174  0.45000000  0.10000000 -0.25000000  0.0005
    2175  0.40000000  0.10000000 -0.25000000  0.0005
    2176  0.35000000  0.10000000 -0.25000000  0.0005
    2177  0.30000000  0.10000000 -0.25000000  0.0005
    2178  0.25000000  0.10000000 -0.25000000  0.0005
    2179  0.20000000  0.10000000 -0.25000000  0.0005
    2180 -0.15000000 -0.10000000  0.25000000  0.0005
    2181 -0.10000000 -0.10000000  0.25000000  0.0005
    2182 -0.05000000 -0.10000000  0.25000000  0.0005
    2183  0.00000000 -0.05000000  0.25000000  0.0005
    2184  0.05000000 -0.05000000  0.25000000  0.0005
    2185  0.10000000 -0.05000000  0.25000000  0.0005
    2186  0.15000000 -0.05000000  0.25000000  0.0005
    2187  0.20000000 -0.05000000  0.25000000  0.0005
    2188  0.25000000 -0.05000000  0.25000000  0.0005
    2189  0.30000000 -0.05000000  0.25000000  0.0005
    2190  0.35000000 -0.05000000  0.25000000  0.0005
    2191  0.40000000 -0.05000000  0.25000000  0.0005
    2192  0.45000000 -0.05000000  0.25000000  0.0005
    2193  0.50000000 -0.05000000  0.25000000  0.0005
    2194  0.45000000  0.05000000 -0.25000000  0.0005
    2195  0.40000000  0.05000000 -0.25000000  0.0005
    2196  0.35000000  0.05000000 -0.25000000  0.0005
    2197  0.30000000  0.05000000 -0.25000000  0.0005
    2198  0.25000000  0.05000000 -0.25000000  0.0005
    2199 -0.20000000 -0.05000000  0.25000000  0.0005
    2200 -0.15000000 -0.05000000  0.25000000  0.0005
    2201 -0.10000000 -0.05000000  0.25000000  0.0005
    2202 -0.05000000 -0.05000000  0.25000000  0.0005
    2203  0.00000000  0.00000000  0.30000000  0.0005
    2204  0.05000000  0.00000000  0.30000000  0.0005
    2205  0.10000000  0.00000000  0.30000000  0.0005
    2206  0.15000000  0.00000000  0.30000000  0.0005
    2207  0.20000000  0.00000000  0.30000000  0.0005
    2208  0.25000000  0.00000000  0.30000000  0.0005
    2209  0.30000000  0.00000000  0.30000000  0.0005
    2210  0.35000000  0.00000000  0.30000000  0.0005
    2211  0.40000000  0.00000000  0.30000000  0.0005
    2212  0.45000000  0.00000000  0.30000000  0.0005
    2213  0.50000000  0.00000000  0.30000000  0.0005
    2214  0.45000000  0.00000000 -0.30000000  0.0005
    2215  0.40000000  0.00000000 -0.30000000  0.0005
    2216  0.35000000  0.00000000 -0.30000000  0.0005
    2217  0.30000000  0.00000000 -0.30000000  0.0005
    2218 -0.25000000  0.00000000  0.30000000  0.0005
    2219 -0.20000000  0.00000000  0.30000000  0.0005
    2220 -0.15000000  0.00000000  0.30000000  0.0005
    2221 -0.10000000  0.00000000  0.30000000  0.0005
    2222 -0.05000000  0.00000000  0.30000000  0.0005
    2223  0.00000000  0.05000000  0.30000000  0.0005
    2224  0.05000000  0.05000000  0.30000000  0.0005
    2225  0.10000000  0.05000000  0.30000000  0.0005
    2226  0.15000000  0.05000000  0.30000000  0.0005
    2227  0.20000000  0.05000000  0.30000000  0.0005
    2228  0.25000000  0.05000000  0.30000000  0.0005
    2229  0.30000000  0.05000000  0.30000000  0.0005
    2230  0.35000000  0.05000000  0.30000000  0.0005
    2231  0.40000000  0.05000000  0.30000000  0.0005
    2232  0.45000000  0.05000000  0.30000000  0.0005
    2233  0.50000000  0.05000000  0.30000000  0.0005
    2234  0.45000000 -0.05000000 -0.30000000  0.0005
    2235  0.40000000 -0.05000000 -0.30000000  0.0005
    2236 -0.35000000  0.05000000  0.30000000  0.0005
    2237 -0.30000000  0.05000000  0.30000000  0.0005
    2238 -0.25000000  0.05000000  0.30000000  0.0005
    2239 -0.20000000  0.05000000  0.30000000  0.0005
    2240 -0.15000000  0.05000000  0.30000000  0.0005
    2241 -0.10000000  0.05000000  0.30000000  0.0005
    2242 -0.05000000  0.05000000  0.30000000  0.0005
    2243  0.00000000  0.10000000  0.30000000  0.0005
    2244  0.05000000  0.10000000  0.30000000  0.0005
    2245  0.10000000  0.10000000  0.30000000  0.0005
    2246  0.15000000  0.10000000  0.30000000  0.0005
    2247  0.20000000  0.10000000  0.30000000  0.0005
    2248  0.25000000  0.10000000  0.30000000  0.0005
    2249  0.30000000  0.10000000  0.30000000  0.0005
    2250  0.35000000  0.10000000  0.30000000  0.0005
    2251  0.40000000  0.10000000  0.30000000  0.0005
    2252  0.45000000  0.10000000  0.30000000  0.0005
    2253  0.50000000  0.10000000  0.30000000  0.0005
    2254  0.45000000 -0.10000000 -0.30000000  0.0005
    2255 -0.40000000  0.10000000  0.30000000  0.0005
    2256 -0.35000000  0.10000000  0.30000000  0.0005
    2257 -0.30000000  0.10000000  0.30000000  0.0005
    2258 -0.25000000  0.10000000  0.30000000  0.0005
    2259 -0.20000000  0.10000000  0.30000000  0.0005
    2260 -0.15000000  0.10000000  0.30000000  0.0005
    2261 -0.10000000  0.10000000  0.30000000  0.0005
    2262 -0.05000000  0.10000000  0.30000000  0.0005
    2263  0.00000000  0.15000000  0.30000000  0.0005
    2264  0.05000000  0.15000000  0.30000000  0.0005
    2265  0.10000000  0.15000000  0.30000000  0.0005
    2266  0.15000000  0.15000000  0.30000000  0.0005
    2267  0.20000000  0.15000000  0.30000000  0.0005
    2268  0.25000000  0.15000000  0.30000000  0.0005
    2269  0.30000000  0.15000000  0.30000000  0.0005
    2270  0.35000000  0.15000000  0.30000000  0.0005
    2271  0.40000000  0.15000000  0.30000000  0.0005
    2272  0.45000000  0.15000000  0.30000000  0.0005
    2273  0.50000000  0.15000000  0.30000000  0.0005
    2274 -0.45000000  0.15000000  0.30000000  0.0005
    2275 -0.40000000  0.15000000  0.30000000  0.0005
    2276 -0.35000000  0.15000000  0.30000000  0.0005
    2277 -0.30000000  0.15000000  0.30000000  0.0005
    2278 -0.25000000  0.15000000  0.30000000  0.0005
    2279 -0.20000000  0.15000000  0.30000000  0.0005
    2280 -0.15000000  0.15000000  0.30000000  0.0005
    2281 -0.10000000  0.15000000  0.30000000  0.0005
    2282 -0.05000000  0.15000000  0.30000000  0.0005
    2283  0.00000000  0.20000000  0.30000000  0.0005
    2284  0.05000000  0.20000000  0.30000000  0.0005
    2285  0.10000000  0.20000000  0.30000000  0.0005
    2286  0.15000000  0.20000000  0.30000000  0.0005
    2287  0.20000000  0.20000000  0.30000000  0.0005
    2288  0.25000000  0.20000000  0.30000000  0.0005
    2289  0.30000000  0.20000000  0.30000000  0.0005
    2290  0.35000000  0.20000000  0.30000000  0.0005
    2291  0.40000000  0.20000000  0.30000000  0.0005
    2292  0.45000000  0.20000000  0.30000000  0.0005
    2293  0.50000000  0.20000000  0.30000000  0.0005
    2294 -0.45000000  0.20000000  0.30000000  0.0005
    2295 -0.40000000  0.20000000  0.30000000  0.0005
    2296 -0.35000000  0.20000000  0.30000000  0.0005
    2297 -0.30000000  0.20000000  0.30000000  0.0005
    2298 -0.25000000  0.20000000  0.30000000  0.0005
    2299 -0.20000000  0.20000000  0.30000000  0.0005
    2300 -0.15000000  0.20000000  0.30000000  0.0005
    2301 -0.10000000  0.20000000  0.30000000  0.0005
    2302 -0.05000000  0.20000000  0.30000000  0.0005
    2303  0.00000000  0.25000000  0.30000000  0.0005
    2304  0.05000000  0.25000000  0.30000000  0.0005
    2305  0.10000000  0.25000000  0.30000000  0.0005
    2306  0.15000000  0.25000000  0.30000000  0.0005
    2307  0.20000000  0.25000000  0.30000000  0.0005
    2308  0.25000000  0.25000000  0.30000000  0.0005
    2309  0.30000000  0.25000000  0.30000000  0.0005
    2310  0.35000000  0.25000000  0.30000000  0.0005
    2311  0.40000000  0.25000000  0.30000000  0.0005
    2312  0.45000000  0.25000000  0.30000000  0.0005
    2313  0.50000000  0.25000000  0.30000000  0.0005
    2314 -0.45000000  0.25000000  0.30000000  0.0005
    2315 -0.40000000  0.25000000  0.30000000  0.0005
    2316 -0.35000000  0.25000000  0.30000000  0.0005
    2317 -0.30000000  0.25000000  0.30000000  0.0005
    2318 -0.25000000  0.25000000  0.30000000  0.0005
    2319 -0.20000000  0.25000000  0.30000000  0.0005
    2320 -0.15000000  0.25000000  0.30000000  0.0005
    2321 -0.10000000  0.25000000  0.30000000  0.0005
    2322 -0.05000000  0.25000000  0.30000000  0.0005
    2323  0.00000000  0.30000000  0.30000000  0.0005
    2324  0.05000000  0.30000000  0.30000000  0.0005
    2325  0.10000000  0.30000000  0.30000000  0.0005
    2326  0.15000000  0.30000000  0.30000000  0.0005
    2327  0.20000000  0.30000000  0.30000000  0.0005
    2328  0.25000000  0.30000000  0.30000000  0.0005
    2329  0.30000000  0.30000000  0.30000000  0.0005
    2330  0.35000000  0.30000000  0.30000000  0.0005
    2331  0.40000000  0.30000000  0.30000000  0.0005
    2332  0.45000000  0.30000000  0.30000000  0.0005
    2333  0.50000000  0.30000000  0.30000000  0.0005
    2334 -0.45000000  0.30000000  0.30000000  0.0005
    2335 -0.40000000  0.30000000  0.30000000  0.0005
    2336 -0.35000000  0.30000000  0.30000000  0.0005
    2337 -0.30000000  0.30000000  0.30000000  0.0005
    2338 -0.25000000  0.30000000  0.30000000  0.0005
    2339 -0.20000000  0.30000000  0.30000000  0.0005
    2340 -0.15000000  0.30000000  0.30000000  0.0005
    2341 -0.10000000  0.30000000  0.30000000  0.0005
    2342 -0.05000000  0.30000000  0.30000000  0.0005
    2343  0.00000000  0.35000000  0.30000000  0.0005
    2344  0.05000000  0.35000000  0.30000000  0.0005
    2345  0.10000000  0.35000000  0.30000000  0.0005
    2346  0.15000000  0.35000000  0.30000000  0.0005
    2347  0.20000000  0.35000000  0.30000000  0.0005
    2348  0.25000000  0.35000000  0.30000000  0.0005
    2349  0.30000000  0.35000000  0.30000000  0.0005
    2350  0.35000000  0.35000000  0.30000000  0.0005
    2351  0.40000000  0.35000000  0.30000000  0.0005
    2352  0.45000000  0.35000000  0.30000000  0.0005
    2353  0.50000000  0.35000000  0.30000000  0.0005
    2354 -0.45000000  0.35000000  0.30000000  0.0005
    2355 -0.40000000  0.35000000  0.30000000  0.0005
    2356 -0.35000000  0.35000000  0.30000000  0.0005
    2357 -0.30000000  0.35000000  0.30000000  0.0005
    2358 -0.25000000  0.35000000  0.30000000  0.0005
    2359 -0.20000000  0.35000000  0.30000000  0.0005
    2360 -0.15000000  0.35000000  0.30000000  0.0005
    2361 -0.10000000  0.35000000  0.30000000  0.0005
    2362 -0.05000000  0.35000000  0.30000000  0.0005
    2363  0.00000000  0.40000000  0.30000000  0.0005
    2364  0.05000000  0.40000000  0.30000000  0.0005
    2365  0.10000000  0.40000000  0.30000000  0.0005
    2366  0.15000000  0.40000000  0.30000000  0.0005
    2367  0.20000000  0.40000000  0.30000000  0.0005
    2368  0.25000000  0.40000000  0.30000000  0.0005
    2369  0.30000000  0.40000000  0.30000000  0.0005
    2370  0.35000000  0.40000000  0.30000000  0.0005
    2371  0.40000000  0.40000000  0.30000000  0.0005
    2372  0.45000000  0.40000000  0.30000000  0.0005
    2373  0.50000000  0.40000000  0.30000000  0.0005
    2374 -0.45000000  0.40000000  0.30000000  0.0005
    2375 -0.40000000  0.40000000  0.30000000  0.0005
    2376 -0.35000000  0.40000000  0.30000000  0.0005
    2377 -0.30000000  0.40000000  0.30000000  0.0005
    2378 -0.25000000  0.40000000  0.30000000  0.0005
    2379 -0.20000000  0.40000000  0.30000000  0.0005
    2380 -0.15000000  0.40000000  0.30000000  0.0005
    2381 -0.10000000  0.40000000  0.30000000  0.0005
    2382 -0.05000000  0.40000000  0.30000000  0.0005
    2383  0.00000000  0.45000000  0.30000000  0.0005
    2384  0.05000000  0.45000000  0.30000000  0.0005
    2385  0.10000000  0.45000000  0.30000000  0.0005
    2386  0.15000000  0.45000000  0.30000000  0.0005
    2387  0.20000000  0.45000000  0.30000000  0.0005
    2388  0.25000000  0.45000000  0.30000000  0.0005
    2389  0.30000000  0.45000000  0.30000000  0.0005
    2390  0.35000000  0.45000000  0.30000000  0.0005
    2391  0.40000000  0.45000000  0.30000000  0.0005
    2392  0.45000000  0.45000000  0.30000000  0.0005
    2393  0.50000000  0.45000000  0.30000000  0.0005
    2394 -0.45000000  0.45000000  0.30000000  0.0005
    2395 -0.40000000  0.45000000  0.30000000  0.0005
    2396 -0.35000000  0.45000000  0.30000000  0.0005
    2397 -0.30000000  0.45000000  0.30000000  0.0005
    2398 -0.25000000  0.45000000  0.30000000  0.0005
    2399 -0.20000000  0.45000000  0.30000000  0.0005
    2400 -0.15000000  0.45000000  0.30000000  0.0005
    2401 -0.10000000  0.45000000  0.30000000  0.0005
    2402 -0.05000000  0.45000000  0.30000000  0.0005
    2403  0.00000000  0.50000000  0.30000000  0.0005
    2404  0.05000000  0.50000000  0.30000000  0.0005
    2405  0.10000000  0.50000000  0.30000000  0.0005
    2406  0.15000000  0.50000000  0.30000000  0.0005
    2407  0.20000000  0.50000000  0.30000000  0.0005
    2408  0.25000000  0.50000000  0.30000000  0.0005
    2409  0.30000000  0.50000000  0.30000000  0.0005
    2410  0.35000000  0.50000000  0.30000000  0.0005
    2411  0.40000000  0.50000000  0.30000000  0.0005
    2412  0.45000000  0.50000000  0.30000000  0.0005
    2413  0.50000000  0.50000000  0.30000000  0.0005
    2414  0.45000000  0.50000000 -0.30000000  0.0005
    2415  0.40000000  0.50000000 -0.30000000  0.0005
    2416  0.35000000  0.50000000 -0.30000000  0.0005
    2417 -0.30000000  0.50000000  0.30000000  0.0005
    2418 -0.25000000  0.50000000  0.30000000  0.0005
    2419 -0.20000000  0.50000000  0.30000000  0.0005
    2420 -0.15000000  0.50000000  0.30000000  0.0005
    2421 -0.10000000  0.50000000  0.30000000  0.0005
    2422 -0.05000000  0.50000000  0.30000000  0.0005
    2423  0.00000000  0.45000000 -0.30000000  0.0005
    2424 -0.05000000  0.45000000 -0.30000000  0.0005
    2425 -0.10000000  0.45000000 -0.30000000  0.0005
    2426  0.15000000 -0.45000000  0.30000000  0.0005
    2427  0.20000000 -0.45000000  0.30000000  0.0005
    2428  0.25000000 -0.45000000  0.30000000  0.0005
    2429  0.30000000 -0.45000000  0.30000000  0.0005
    2430  0.35000000 -0.45000000  0.30000000  0.0005
    2431  0.40000000 -0.45000000  0.30000000  0.0005
    2432  0.45000000 -0.45000000  0.30000000  0.0005
    2433  0.50000000  0.45000000 -0.30000000  0.0005
    2434  0.45000000  0.45000000 -0.30000000  0.0005
    2435  0.40000000  0.45000000 -0.30000000  0.0005
    2436  0.35000000  0.45000000 -0.30000000  0.0005
    2437  0.30000000  0.45000000 -0.30000000  0.0005
    2438  0.25000000  0.45000000 -0.30000000  0.0005
    2439  0.20000000  0.45000000 -0.30000000  0.0005
    2440  0.15000000  0.45000000 -0.30000000  0.0005
    2441  0.10000000  0.45000000 -0.30000000  0.0005
    2442  0.05000000  0.45000000 -0.30000000  0.0005
    2443  0.00000000  0.40000000 -0.30000000  0.0005
    2444 -0.05000000  0.40000000 -0.30000000  0.0005
    2445  0.10000000 -0.40000000  0.30000000  0.0005
    2446  0.15000000 -0.40000000  0.30000000  0.0005
    2447  0.20000000 -0.40000000  0.30000000  0.0005
    2448  0.25000000 -0.40000000  0.30000000  0.0005
    2449  0.30000000 -0.40000000  0.30000000  0.0005
    2450  0.35000000 -0.40000000  0.30000000  0.0005
    2451  0.40000000 -0.40000000  0.30000000  0.0005
    2452  0.45000000 -0.40000000  0.30000000  0.0005
    2453  0.50000000  0.40000000 -0.30000000  0.0005
    2454  0.45000000  0.40000000 -0.30000000  0.0005
    2455  0.40000000  0.40000000 -0.30000000  0.0005
    2456  0.35000000  0.40000000 -0.30000000  0.0005
    2457  0.30000000  0.40000000 -0.30000000  0.0005
    2458  0.25000000  0.40000000 -0.30000000  0.0005
    2459  0.20000000  0.40000000 -0.30000000  0.0005
    2460  0.15000000  0.40000000 -0.30000000  0.0005
    2461  0.10000000  0.40000000 -0.30000000  0.0005
    2462  0.05000000  0.40000000 -0.30000000  0.0005
    2463  0.00000000  0.35000000 -0.30000000  0.0005
    2464  0.05000000 -0.35000000  0.30000000  0.0005
    2465  0.10000000 -0.35000000  0.30000000  0.0005
    2466  0.15000000 -0.35000000  0.30000000  0.0005
    2467  0.20000000 -0.35000000  0.30000000  0.0005
    2468  0.25000000 -0.35000000  0.30000000  0.0005
    2469  0.30000000 -0.35000000  0.30000000  0.0005
    2470  0.35000000 -0.35000000  0.30000000  0.0005
    2471  0.40000000 -0.35000000  0.30000000  0.0005
    2472  0.45000000 -0.35000000  0.30000000  0.0005
    2473  0.50000000  0.35000000 -0.30000000  0.0005
    2474  0.45000000  0.35000000 -0.30000000  0.0005
    2475  0.40000000  0.35000000 -0.30000000  0.0005
    2476  0.35000000  0.35000000 -0.30000000  0.0005
    2477  0.30000000  0.35000000 -0.30000000  0.0005
    2478  0.25000000  0.35000000 -0.30000000  0.0005
    2479  0.20000000  0.35000000 -0.30000000  0.0005
    2480  0.15000000  0.35000000 -0.30000000  0.0005
    2481  0.10000000  0.35000000 -0.30000000  0.0005
    2482  0.05000000  0.35000000 -0.30000000  0.0005
    2483  0.00000000  0.30000000 -0.30000000  0.0005
    2484  0.05000000 -0.30000000  0.30000000  0.0005
    2485  0.10000000 -0.30000000  0.30000000  0.0005
    2486  0.15000000 -0.30000000  0.30000000  0.0005
    2487  0.20000000 -0.30000000  0.30000000  0.0005
    2488  0.25000000 -0.30000000  0.30000000  0.0005
    2489  0.30000000 -0.30000000  0.30000000  0.0005
    2490  0.35000000 -0.30000000  0.30000000  0.0005
    2491  0.40000000 -0.30000000  0.30000000  0.0005
    2492  0.45000000 -0.30000000  0.30000000  0.0005
    2493  0.50000000 -0.30000000  0.30000000  0.0005
    2494  0.45000000  0.30000000 -0.30000000  0.0005
    2495  0.40000000  0.30000000 -0.30000000  0.0005
    2496  0.35000000  0.30000000 -0.30000000  0.0005
    2497  0.30000000  0.30000000 -0.30000000  0.0005
    2498  0.25000000  0.30000000 -0.30000000  0.0005
    2499  0.20000000  0.30000000 -0.30000000  0.0005
    2500  0.15000000  0.30000000 -0.30000000  0.0005
    2501  0.10000000  0.30000000 -0.30000000  0.0005
    2502  0.05000000  0.30000000 -0.30000000  0.0005
    2503  0.00000000 -0.25000000  0.30000000  0.0005
    2504  0.05000000 -0.25000000  0.30000000  0.0005
    2505  0.10000000 -0.25000000  0.30000000  0.0005
    2506  0.15000000 -0.25000000  0.30000000  0.0005
    2507  0.20000000 -0.25000000  0.30000000  0.0005
    2508  0.25000000 -0.25000000  0.30000000  0.0005
    2509  0.30000000 -0.25000000  0.30000000  0.0005
    2510  0.35000000 -0.25000000  0.30000000  0.0005
    2511  0.40000000 -0.25000000  0.30000000  0.0005
    2512  0.45000000 -0.25000000  0.30000000  0.0005
    2513  0.50000000 -0.25000000  0.30000000  0.0005
    2514  0.45000000  0.25000000 -0.30000000  0.0005
    2515  0.40000000  0.25000000 -0.30000000  0.0005
    2516  0.35000000  0.25000000 -0.30000000  0.0005
    2517  0.30000000  0.25000000 -0.30000000  0.0005
    2518  0.25000000  0.25000000 -0.30000000  0.0005
    2519  0.20000000  0.25000000 -0.30000000  0.0005
    2520  0.15000000  0.25000000 -0.30000000  0.0005
    2521  0.10000000  0.25000000 -0.30000000  0.0005
    2522 -0.05000000 -0.25000000  0.30000000  0.0005
    2523  0.00000000 -0.20000000  0.30000000  0.0005
    2524  0.05000000 -0.20000000  0.30000000  0.0005
    2525  0.10000000 -0.20000000  0.30000000  0.0005
    2526  0.15000000 -0.20000000  0.30000000  0.0005
    2527  0.20000000 -0.20000000  0.30000000  0.0005
    2528  0.25000000 -0.20000000  0.30000000  0.0005
    2529  0.30000000 -0.20000000  0.30000000  0.0005
    2530  0.35000000 -0.20000000  0.30000000  0.0005
    2531  0.40000000 -0.20000000  0.30000000  0.0005
    2532  0.45000000 -0.20000000  0.30000000  0.0005
    2533  0.50000000 -0.20000000  0.30000000  0.0005
    2534  0.45000000  0.20000000 -0.30000000  0.0005
    2535  0.40000000  0.20000000 -0.30000000  0.0005
    2536  0.35000000  0.20000000 -0.30000000  0.0005
    2537  0.30000000  0.20000000 -0.30000000  0.0005
    2538  0.25000000  0.20000000 -0.30000000  0.0005
    2539  0.20000000  0.20000000 -0.30000000  0.0005
    2540  0.15000000  0.20000000 -0.30000000  0.0005
    2541 -0.10000000 -0.20000000  0.30000000  0.0005
    2542 -0.05000000 -0.20000000  0.30000000  0.0005
    2543  0.00000000 -0.15000000  0.30000000  0.0005
    2544  0.05000000 -0.15000000  0.30000000  0.0005
    2545  0.10000000 -0.15000000  0.30000000  0.0005
    2546  0.15000000 -0.15000000  0.30000000  0.0005
    2547  0.20000000 -0.15000000  0.30000000  0.0005
    2548  0.25000000 -0.15000000  0.30000000  0.0005
    2549  0.30000000 -0.15000000  0.30000000  0.0005
    2550  0.35000000 -0.15000000  0.30000000  0.0005
    2551  0.40000000 -0.15000000  0.30000000  0.0005
    2552  0.45000000 -0.15000000  0.30000000  0.0005
    2553  0.50000000 -0.15000000  0.30000000  0.0005
    2554  0.45000000  0.15000000 -0.30000000  0.0005
    2555  0.40000000  0.15000000 -0.30000000  0.0005
    2556  0.35000000  0.15000000 -0.30000000  0.0005
    2557  0.30000000  0.15000000 -0.30000000  0.0005
    2558  0.25000000  0.15000000 -0.30000000  0.0005
    2559  0.20000000  0.15000000 -0.30000000  0.0005
    2560 -0.15000000 -0.15000000  0.30000000  0.0005
    2561 -0.10000000 -0.15000000  0.30000000  0.0005
    2562 -0.05000000 -0.15000000  0.30000000  0.0005
    2563  0.00000000 -0.10000000  0.30000000  0.0005
    2564  0.05000000 -0.10000000  0.30000000  0.0005
    2565  0.10000000 -0.10000000  0.30000000  0.0005
    2566  0.15000000 -0.10000000  0.30000000  0.0005
    2567  0.20000000 -0.10000000  0.30000000  0.0005
    2568  0.25000000 -0.10000000  0.30000000  0.0005
    2569  0.30000000 -0.10000000  0.30000000  0.0005
    2570  0.35000000 -0.10000000  0.30000000  0.0005
    2571  0.40000000 -0.10000000  0.30000000  0.0005
    2572  0.45000000 -0.10000000  0.30000000  0.0005
    2573  0.50000000 -0.10000000  0.30000000  0.0005
    2574  0.45000000  0.10000000 -0.30000000  0.0005
    2575  0.40000000  0.10000000 -0.30000000  0.0005
    2576  0.35000000  0.10000000 -0.30000000  0.0005
    2577  0.30000000  0.10000000 -0.30000000  0.0005
    2578  0.25000000  0.10000000 -0.30000000  0.0005
    2579 -0.20000000 -0.10000000  0.30000000  0.0005
    2580 -0.15000000 -0.10000000  0.30000000  0.0005
    2581 -0.10000000 -0.10000000  0.30000000  0.0005
    2582 -0.05000000 -0.10000000  0.30000000  0.0005
    2583  0.00000000 -0.05000000  0.30000000  0.0005
    2584  0.05000000 -0.05000000  0.30000000  0.0005
    2585  0.10000000 -0.05000000  0.30000000  0.0005
    2586  0.15000000 -0.05000000  0.30000000  0.0005
    2587  0.20000000 -0.05000000  0.30000000  0.0005
    2588  0.25000000 -0.05000000  0.30000000  0.0005
    2589  0.30000000 -0.05000000  0.30000000  0.0005
    2590  0.35000000 -0.05000000  0.30000000  0.0005
    2591  0.40000000 -0.05000000  0.30000000  0.0005
    2592  0.45000000 -0.05000000  0.30000000  0.0005
    2593  0.50000000 -0.05000000  0.30000000  0.0005
    2594  0.45000000  0.05000000 -0.30000000  0.0005
    2595  0.40000000  0.05000000 -0.30000000  0.0005
    2596  0.35000000  0.05000000 -0.30000000  0.0005
    2597  0.30000000  0.05000000 -0.30000000  0.0005
    2598 -0.25000000 -0.05000000  0.30000000  0.0005
    2599 -0.20000000 -0.05000000  0.30000000  0.0005
    2600 -0.15000000 -0.05000000  0.30000000  0.0005
    2601 -0.10000000 -0.05000000  0.30000000  0.0005
    2602 -0.05000000 -0.05000000  0.30000000  0.0005
    2603  0.00000000  0.00000000  0.35000000  0.0005
    2604  0.05000000  0.00000000  0.35000000  0.0005
    2605  0.10000000  0.00000000  0.35000000  0.0005
    2606  0.15000000  0.00000000  0.35000000  0.0005
    2607  0.20000000  0.00000000  0.35000000  0.0005
    2608  0.25000000  0.00000000  0.35000000  0.0005
    2609  0.30000000  0.00000000  0.35000000  0.0005
    2610  0.35000000  0.00000000  0.35000000  0.0005
    2611  0.40000000  0.00000000  0.35000000  0.0005
    2612  0.45000000  0.00000000  0.35000000  0.0005
    2613  0.50000000  0.00000000  0.35000000  0.0005
    2614  0.45000000  0.00000000 -0.35000000  0.0005
    2615  0.40000000  0.00000000 -0.35000000  0.0005
    2616  0.35000000  0.00000000 -0.35000000  0.0005
    2617 -0.30000000  0.00000000  0.35000000  0.0005
    2618 -0.25000000  0.00000000  0.35000000  0.0005
    2619 -0.20000000  0.00000000  0.35000000  0.0005
    2620 -0.15000000  0.00000000  0.35000000  0.0005
    2621 -0.10000000  0.00000000  0.35000000  0.0005
    2622 -0.05000000  0.00000000  0.35000000  0.0005
    2623  0.00000000  0.05000000  0.35000000  0.0005
    2624  0.05000000  0.05000000  0.35000000  0.0005
    2625  0.10000000  0.05000000  0.35000000  0.0005
    2626  0.15000000  0.05000000  0.35000000  0.0005
    2627  0.20000000  0.05000000  0.35000000  0.0005
    2628  0.25000000  0.05000000  0.35000000  0.0005
    2629  0.30000000  0.05000000  0.35000000  0.0005
    2630  0.35000000  0.05000000  0.35000000  0.0005
    2631  0.40000000  0.05000000  0.35000000  0.0005
    2632  0.45000000  0.05000000  0.35000000  0.0005
    2633  0.50000000  0.05000000  0.35000000  0.0005
    2634  0.45000000 -0.05000000 -0.35000000  0.0005
    2635  0.40000000 -0.05000000 -0.35000000  0.0005
    2636 -0.35000000  0.05000000  0.35000000  0.0005
    2637 -0.30000000  0.05000000  0.35000000  0.0005
    2638 -0.25000000  0.05000000  0.35000000  0.0005
    2639 -0.20000000  0.05000000  0.35000000  0.0005
    2640 -0.15000000  0.05000000  0.35000000  0.0005
    2641 -0.10000000  0.05000000  0.35000000  0.0005
    2642 -0.05000000  0.05000000  0.35000000  0.0005
    2643  0.00000000  0.10000000  0.35000000  0.0005
    2644  0.05000000  0.10000000  0.35000000  0.0005
    2645  0.10000000  0.10000000  0.35000000  0.0005
    2646  0.15000000  0.10000000  0.35000000  0.0005
    2647  0.20000000  0.10000000  0.35000000  0.0005
    2648  0.25000000  0.10000000  0.35000000  0.0005
    2649  0.30000000  0.10000000  0.35000000  0.0005
    2650  0.35000000  0.10000000  0.35000000  0.0005
    2651  0.40000000  0.10000000  0.35000000  0.0005
    2652  0.45000000  0.10000000  0.35000000  0.0005
    2653  0.50000000  0.10000000  0.35000000  0.0005
    2654  0.45000000 -0.10000000 -0.35000000  0.0005
    2655 -0.40000000  0.10000000  0.35000000  0.0005
    2656 -0.35000000  0.10000000  0.35000000  0.0005
    2657 -0.30000000  0.10000000  0.35000000  0.0005
    2658 -0.25000000  0.10000000  0.35000000  0.0005
    2659 -0.20000000  0.10000000  0.35000000  0.0005
    2660 -0.15000000  0.10000000  0.35000000  0.0005
    2661 -0.10000000  0.10000000  0.35000000  0.0005
    2662 -0.05000000  0.10000000  0.35000000  0.0005
    2663  0.00000000  0.15000000  0.35000000  0.0005
    2664  0.05000000  0.15000000  0.35000000  0.0005
    2665  0.10000000  0.15000000  0.35000000  0.0005
    2666  0.15000000  0.15000000  0.35000000  0.0005
    2667  0.20000000  0.15000000  0.35000000  0.0005
    2668  0.25000000  0.15000000  0.35000000  0.0005
    2669  0.30000000  0.15000000  0.35000000  0.0005
    2670  0.35000000  0.15000000  0.35000000  0.0005
    2671  0.40000000  0.15000000  0.35000000  0.0005
    2672  0.45000000  0.15000000  0.35000000  0.0005
    2673  0.50000000  0.15000000  0.35000000  0.0005
    2674 -0.45000000  0.15000000  0.35000000  0.0005
    2675 -0.40000000  0.15000000  0.35000000  0.0005
    2676 -0.35000000  0.15000000  0.35000000  0.0005
    2677 -0.30000000  0.15000000  0.35000000  0.0005
    2678 -0.25000000  0.15000000  0.35000000  0.0005
    2679 -0.20000000  0.15000000  0.35000000  0.0005
    2680 -0.15000000  0.15000000  0.35000000  0.0005
    2681 -0.10000000  0.15000000  0.35000000  0.0005
    2682 -0.05000000  0.15000000  0.35000000  0.0005
    2683  0.00000000  0.20000000  0.35000000  0.0005
    2684  0.05000000  0.20000000  0.35000000  0.0005
    2685  0.10000000  0.20000000  0.35000000  0.0005
    2686  0.15000000  0.20000000  0.35000000  0.0005
    2687  0.20000000  0.20000000  0.35000000  0.0005
    2688  0.25000000  0.20000000  0.35000000  0.0005
    2689  0.30000000  0.20000000  0.35000000  0.0005
    2690  0.35000000  0.20000000  0.35000000  0.0005
    2691  0.40000000  0.20000000  0.35000000  0.0005
    2692  0.45000000  0.20000000  0.35000000  0.0005
    2693  0.50000000  0.20000000  0.35000000  0.0005
    2694 -0.45000000  0.20000000  0.35000000  0.0005
    2695 -0.40000000  0.20000000  0.35000000  0.0005
    2696 -0.35000000  0.20000000  0.35000000  0.0005
    2697 -0.30000000  0.20000000  0.35000000  0.0005
    2698 -0.25000000  0.20000000  0.35000000  0.0005
    2699 -0.20000000  0.20000000  0.35000000  0.0005
    2700 -0.15000000  0.20000000  0.35000000  0.0005
    2701 -0.10000000  0.20000000  0.35000000  0.0005
    2702 -0.05000000  0.20000000  0.35000000  0.0005
    2703  0.00000000  0.25000000  0.35000000  0.0005
    2704  0.05000000  0.25000000  0.35000000  0.0005
    2705  0.10000000  0.25000000  0.35000000  0.0005
    2706  0.15000000  0.25000000  0.35000000  0.0005
    2707  0.20000000  0.25000000  0.35000000  0.0005
    2708  0.25000000  0.25000000  0.35000000  0.0005
    2709  0.30000000  0.25000000  0.35000000  0.0005
    2710  0.35000000  0.25000000  0.35000000  0.0005
    2711  0.40000000  0.25000000  0.35000000  0.0005
    2712  0.45000000  0.25000000  0.35000000  0.0005
    2713  0.50000000  0.25000000  0.35000000  0.0005
    2714 -0.45000000  0.25000000  0.35000000  0.0005
    2715 -0.40000000  0.25000000  0.35000000  0.0005
    2716 -0.35000000  0.25000000  0.35000000  0.0005
    2717 -0.30000000  0.25000000  0.35000000  0.0005
    2718 -0.25000000  0.25000000  0.35000000  0.0005
    2719 -0.20000000  0.25000000  0.35000000  0.0005
    2720 -0.15000000  0.25000000  0.35000000  0.0005
    2721 -0.10000000  0.25000000  0.35000000  0.0005
    2722 -0.05000000  0.25000000  0.35000000  0.0005
    2723  0.00000000  0.30000000  0.35000000  0.0005
    2724  0.05000000  0.30000000  0.35000000  0.0005
    2725  0.10000000  0.30000000  0.35000000  0.0005
    2726  0.15000000  0.30000000  0.35000000  0.0005
    2727  0.20000000  0.30000000  0.35000000  0.0005
    2728  0.25000000  0.30000000  0.35000000  0.0005
    2729  0.30000000  0.30000000  0.35000000  0.0005
    2730  0.35000000  0.30000000  0.35000000  0.0005
    2731  0.40000000  0.30000000  0.35000000  0.0005
    2732  0.45000000  0.30000000  0.35000000  0.0005
    2733  0.50000000  0.30000000  0.35000000  0.0005
    2734 -0.45000000  0.30000000  0.35000000  0.0005
    2735 -0.40000000  0.30000000  0.35000000  0.0005
    2736 -0.35000000  0.30000000  0.35000000  0.0005
    2737 -0.30000000  0.30000000  0.35000000  0.0005
    2738 -0.25000000  0.30000000  0.35000000  0.0005
    2739 -0.20000000  0.30000000  0.35000000  0.0005
    2740 -0.15000000  0.30000000  0.35000000  0.0005
    2741 -0.10000000  0.30000000  0.35000000  0.0005
    2742 -0.05000000  0.30000000  0.35000000  0.0005
    2743  0.00000000  0.35000000  0.35000000  0.0005
    2744  0.05000000  0.35000000  0.35000000  0.0005
    2745  0.10000000  0.35000000  0.35000000  0.0005
    2746  0.15000000  0.35000000  0.35000000  0.0005
    2747  0.20000000  0.35000000  0.35000000  0.0005
    2748  0.25000000  0.35000000  0.35000000  0.0005
    2749  0.30000000  0.35000000  0.35000000  0.0005
    2750  0.35000000  0.35000000  0.35000000  0.0005
    2751  0.40000000  0.35000000  0.35000000  0.0005
    2752  0.45000000  0.35000000  0.35000000  0.0005
    2753  0.50000000  0.35000000  0.35000000  0.0005
    2754 -0.45000000  0.35000000  0.35000000  0.0005
    2755 -0.40000000  0.35000000  0.35000000  0.0005
    2756 -0.35000000  0.35000000  0.35000000  0.0005
    2757 -0.30000000  0.35000000  0.35000000  0.0005
    2758 -0.25000000  0.35000000  0.35000000  0.0005
    2759 -0.20000000  0.35000000  0.35000000  0.0005
    2760 -0.15000000  0.35000000  0.35000000  0.0005
    2761 -0.10000000  0.35000000  0.35000000  0.0005
    2762 -0.05000000  0.35000000  0.35000000  0.0005
    2763  0.00000000  0.40000000  0.35000000  0.0005
    2764  0.05000000  0.40000000  0.35000000  0.0005
    2765  0.10000000  0.40000000  0.35000000  0.0005
    2766  0.15000000  0.40000000  0.35000000  0.0005
    2767  0.20000000  0.40000000  0.35000000  0.0005
    2768  0.25000000  0.40000000  0.35000000  0.0005
    2769  0.30000000  0.40000000  0.35000000  0.0005
    2770  0.35000000  0.40000000  0.35000000  0.0005
    2771  0.40000000  0.40000000  0.35000000  0.0005
    2772  0.45000000  0.40000000  0.35000000  0.0005
    2773  0.50000000  0.40000000  0.35000000  0.0005
    2774 -0.45000000  0.40000000  0.35000000  0.0005
    2775 -0.40000000  0.40000000  0.35000000  0.0005
    2776 -0.35000000  0.40000000  0.35000000  0.0005
    2777 -0.30000000  0.40000000  0.35000000  0.0005
    2778 -0.25000000  0.40000000  0.35000000  0.0005
    2779 -0.20000000  0.40000000  0.35000000  0.0005
    2780 -0.15000000  0.40000000  0.35000000  0.0005
    2781 -0.10000000  0.40000000  0.35000000  0.0005
    2782 -0.05000000  0.40000000  0.35000000  0.0005
    2783  0.00000000  0.45000000  0.35000000  0.0005
    2784  0.05000000  0.45000000  0.35000000  0.0005
    2785  0.10000000  0.45000000  0.35000000  0.0005
    2786  0.15000000  0.45000000  0.35000000  0.0005
    2787  0.20000000  0.45000000  0.35000000  0.0005
    2788  0.25000000  0.45000000  0.35000000  0.0005
    2789  0.30000000  0.45000000  0.35000000  0.0005
    2790  0.35000000  0.45000000  0.35000000  0.0005
    2791  0.40000000  0.45000000  0.35000000  0.0005
    2792  0.45000000  0.45000000  0.35000000  0.0005
    2793  0.50000000  0.45000000  0.35000000  0.0005
    2794 -0.45000000  0.45000000  0.35000000  0.0005
    2795 -0.40000000  0.45000000  0.35000000  0.0005
    2796 -0.35000000  0.45000000  0.35000000  0.0005
    2797 -0.30000000  0.45000000  0.35000000  0.0005
    2798 -0.25000000  0.45000000  0.35000000  0.0005
    2799 -0.20000000  0.45000000  0.35000000  0.0005
    2800 -0.15000000  0.45000000  0.35000000  0.0005
    2801 -0.10000000  0.45000000  0.35000000  0.0005
    2802 -0.05000000  0.45000000  0.35000000  0.0005
    2803  0.00000000  0.50000000  0.35000000  0.0005
    2804  0.05000000  0.50000000  0.35000000  0.0005
    2805  0.10000000  0.50000000  0.35000000  0.0005
    2806  0.15000000  0.50000000  0.35000000  0.0005
    2807  0.20000000  0.50000000  0.35000000  0.0005
    2808  0.25000000  0.50000000  0.35000000  0.0005
    2809  0.30000000  0.50000000  0.35000000  0.0005
    2810  0.35000000  0.50000000  0.35000000  0.0005
    2811  0.40000000  0.50000000  0.35000000  0.0005
    2812  0.45000000  0.50000000  0.35000000  0.0005
    2813  0.50000000  0.50000000  0.35000000  0.0005
    2814  0.45000000  0.50000000 -0.35000000  0.0005
    2815  0.40000000  0.50000000 -0.35000000  0.0005
    2816 -0.35000000  0.50000000  0.35000000  0.0005
    2817 -0.30000000  0.50000000  0.35000000  0.0005
    2818 -0.25000000  0.50000000  0.35000000  0.0005
    2819 -0.20000000  0.50000000  0.35000000  0.0005
    2820 -0.15000000  0.50000000  0.35000000  0.0005
    2821 -0.10000000  0.50000000  0.35000000  0.0005
    2822 -0.05000000  0.50000000  0.35000000  0.0005
    2823  0.00000000  0.45000000 -0.35000000  0.0005
    2824 -0.05000000  0.45000000 -0.35000000  0.0005
    2825 -0.10000000  0.45000000 -0.35000000  0.0005
    2826  0.15000000 -0.45000000  0.35000000  0.0005
    2827  0.20000000 -0.45000000  0.35000000  0.0005
    2828  0.25000000 -0.45000000  0.35000000  0.0005
    2829  0.30000000 -0.45000000  0.35000000  0.0005
    2830  0.35000000 -0.45000000  0.35000000  0.0005
    2831  0.40000000 -0.45000000  0.35000000  0.0005
    2832  0.45000000 -0.45000000  0.35000000  0.0005
    2833  0.50000000  0.45000000 -0.35000000  0.0005
    2834  0.45000000  0.45000000 -0.35000000  0.0005
    2835  0.40000000  0.45000000 -0.35000000  0.0005
    2836  0.35000000  0.45000000 -0.35000000  0.0005
    2837  0.30000000  0.45000000 -0.35000000  0.0005
    2838  0.25000000  0.45000000 -0.35000000  0.0005
    2839  0.20000000  0.45000000 -0.35000000  0.0005
    2840  0.15000000  0.45000000 -0.35000000  0.0005
    2841  0.10000000  0.45000000 -0.35000000  0.0005
    2842  0.05000000  0.45000000 -0.35000000  0.0005
    2843  0.00000000  0.40000000 -0.35000000  0.0005
    2844 -0.05000000  0.40000000 -0.35000000  0.0005
    2845  0.10000000 -0.40000000  0.35000000  0.0005
    2846  0.15000000 -0.40000000  0.35000000  0.0005
    2847  0.20000000 -0.40000000  0.35000000  0.0005
    2848  0.25000000 -0.40000000  0.35000000  0.0005
    2849  0.30000000 -0.40000000  0.35000000  0.0005
    2850  0.35000000 -0.40000000  0.35000000  0.0005
    2851  0.40000000 -0.40000000  0.35000000  0.0005
    2852  0.45000000 -0.40000000  0.35000000  0.0005
    2853  0.50000000  0.40000000 -0.35000000  0.0005
    2854  0.45000000  0.40000000 -0.35000000  0.0005
    2855  0.40000000  0.40000000 -0.35000000  0.0005
    2856  0.35000000  0.40000000 -0.35000000  0.0005
    2857  0.30000000  0.40000000 -0.35000000  0.0005
    2858  0.25000000  0.40000000 -0.35000000  0.0005
    2859  0.20000000  0.40000000 -0.35000000  0.0005
    2860  0.15000000  0.40000000 -0.35000000  0.0005
    2861  0.10000000  0.40000000 -0.35000000  0.0005
    2862  0.05000000  0.40000000 -0.35000000  0.0005
    2863  0.00000000  0.35000000 -0.35000000  0.0005
    2864  0.05000000 -0.35000000  0.35000000  0.0005
    2865  0.10000000 -0.35000000  0.35000000  0.0005
    2866  0.15000000 -0.35000000  0.35000000  0.0005
    2867  0.20000000 -0.35000000  0.35000000  0.0005
    2868  0.25000000 -0.35000000  0.35000000  0.0005
    2869  0.30000000 -0.35000000  0.35000000  0.0005
    2870  0.35000000 -0.35000000  0.35000000  0.0005
    2871  0.40000000 -0.35000000  0.35000000  0.0005
    2872  0.45000000 -0.35000000  0.35000000  0.0005
    2873  0.50000000  0.35000000 -0.35000000  0.0005
    2874  0.45000000  0.35000000 -0.35000000  0.0005
    2875  0.40000000  0.35000000 -0.35000000  0.0005
    2876  0.35000000  0.35000000 -0.35000000  0.0005
    2877  0.30000000  0.35000000 -0.35000000  0.0005
    2878  0.25000000  0.35000000 -0.35000000  0.0005
    2879  0.20000000  0.35000000 -0.35000000  0.0005
    2880  0.15000000  0.35000000 -0.35000000  0.0005
    2881  0.10000000  0.35000000 -0.35000000  0.0005
    2882  0.05000000  0.35000000 -0.35000000  0.0005
    2883  0.00000000 -0.30000000  0.35000000  0.0005
    2884  0.05000000 -0.30000000  0.35000000  0.0005
    2885  0.10000000 -0.30000000  0.35000000  0.0005
    2886  0.15000000 -0.30000000  0.35000000  0.0005
    2887  0.20000000 -0.30000000  0.35000000  0.0005
    2888  0.25000000 -0.30000000  0.35000000  0.0005
    2889  0.30000000 -0.30000000  0.35000000  0.0005
    2890  0.35000000 -0.30000000  0.35000000  0.0005
    2891  0.40000000 -0.30000000  0.35000000  0.0005
    2892  0.45000000 -0.30000000  0.35000000  0.0005
    2893  0.50000000 -0.30000000  0.35000000  0.0005
    2894  0.45000000  0.30000000 -0.35000000  0.0005
    2895  0.40000000  0.30000000 -0.35000000  0.0005
    2896  0.35000000  0.30000000 -0.35000000  0.0005
    2897  0.30000000  0.30000000 -0.35000000  0.0005
    2898  0.25000000  0.30000000 -0.35000000  0.0005
    2899  0.20000000  0.30000000 -0.35000000  0.0005
    2900  0.15000000  0.30000000 -0.35000000  0.0005
    2901  0.10000000  0.30000000 -0.35000000  0.0005
    2902 -0.05000000 -0.30000000  0.35000000  0.0005
    2903  0.00000000 -0.25000000  0.35000000  0.0005
    2904  0.05000000 -0.25000000  0.35000000  0.0005
    2905  0.10000000 -0.25000000  0.35000000  0.0005
    2906  0.15000000 -0.25000000  0.35000000  0.0005
    2907  0.20000000 -0.25000000  0.35000000  0.0005
    2908  0.25000000 -0.25000000  0.35000000  0.0005
    2909  0.30000000 -0.25000000  0.35000000  0.0005
    2910  0.35000000 -0.25000000  0.35000000  0.0005
    2911  0.40000000 -0.25000000  0.35000000  0.0005
    2912  0.45000000 -0.25000000  0.35000000  0.0005
    2913  0.50000000 -0.25000000  0.35000000  0.0005
    2914  0.45000000  0.25000000 -0.35000000  0.0005
    2915  0.40000000  0.25000000 -0.35000000  0.0005
    2916  0.35000000  0.25000000 -0.35000000  0.0005
    2917  0.30000000  0.25000000 -0.35000000  0.0005
    2918  0.25000000  0.25000000 -0.35000000  0.0005
    2919  0.20000000  0.25000000 -0.35000000  0.0005
    2920  0.15000000  0.25000000 -0.35000000  0.0005
    2921 -0.10000000 -0.25000000  0.35000000  0.0005
    2922 -0.05000000 -0.25000000  0.35000000  0.0005
    2923  0.00000000 -0.20000000  0.35000000  0.0005
    2924  0.05000000 -0.20000000  0.35000000  0.0005
    2925  0.10000000 -0.20000000  0.35000000  0.0005
    2926  0.15000000 -0.20000000  0.35000000  0.0005
    2927  0.20000000 -0.20000000  0.35000000  0.0005
    2928  0.25000000 -0.20000000  0.35000000  0.0005
    2929  0.30000000 -0.20000000  0.35000000  0.0005
    2930  0.35000000 -0.20000000  0.35000000  0.0005
    2931  0.40000000 -0.20000000  0.35000000  0.0005
    2932  0.45000000 -0.20000000  0.35000000  0.0005
    2933  0.50000000 -0.20000000  0.35000000  0.0005
    2934  0.45000000  0.20000000 -0.35000000  0.0005
    2935  0.40000000  0.20000000 -0.35000000  0.0005
    2936  0.35000000  0.20000000 -0.35000000  0.0005
    2937  0.30000000  0.20000000 -0.35000000  0.0005
    2938  0.25000000  0.20000000 -0.35000000  0.0005
    2939  0.20000000  0.20000000 -0.35000000  0.0005
    2940 -0.15000000 -0.20000000  0.35000000  0.0005
    2941 -0.10000000 -0.20000000  0.35000000  0.0005
    2942 -0.05000000 -0.20000000  0.35000000  0.0005
    2943  0.00000000 -0.15000000  0.35000000  0.0005
    2944  0.05000000 -0.15000000  0.35000000  0.0005
    2945  0.10000000 -0.15000000  0.35000000  0.0005
    2946  0.15000000 -0.15000000  0.35000000  0.0005
    2947  0.20000000 -0.15000000  0.35000000  0.0005
    2948  0.25000000 -0.15000000  0.35000000  0.0005
    2949  0.30000000 -0.15000000  0.35000000  0.0005
    2950  0.35000000 -0.15000000  0.35000000  0.0005
    2951  0.40000000 -0.15000000  0.35000000  0.0005
    2952  0.45000000 -0.15000000  0.35000000  0.0005
    2953  0.50000000 -0.15000000  0.35000000  0.0005
    2954  0.45000000  0.15000000 -0.35000000  0.0005
    2955  0.40000000  0.15000000 -0.35000000  0.0005
    2956  0.35000000  0.15000000 -0.35000000  0.0005
    2957  0.30000000  0.15000000 -0.35000000  0.0005
    2958  0.25000000  0.15000000 -0.35000000  0.0005
    2959 -0.20000000 -0.15000000  0.35000000  0.0005
    2960 -0.15000000 -0.15000000  0.35000000  0.0005
    2961 -0.10000000 -0.15000000  0.35000000  0.0005
    2962 -0.05000000 -0.15000000  0.35000000  0.0005
    2963  0.00000000 -0.10000000  0.35000000  0.0005
    2964  0.05000000 -0.10000000  0.35000000  0.0005
    2965  0.10000000 -0.10000000  0.35000000  0.0005
    2966  0.15000000 -0.10000000  0.35000000  0.0005
    2967  0.20000000 -0.10000000  0.35000000  0.0005
    2968  0.25000000 -0.10000000  0.35000000  0.0005
    2969  0.30000000 -0.10000000  0.35000000  0.0005
    2970  0.35000000 -0.10000000  0.35000000  0.0005
    2971  0.40000000 -0.10000000  0.35000000  0.0005
    2972  0.45000000 -0.10000000  0.35000000  0.0005
    2973  0.50000000 -0.10000000  0.35000000  0.0005
    2974  0.45000000  0.10000000 -0.35000000  0.0005
    2975  0.40000000  0.10000000 -0.35000000  0.0005
    2976  0.35000000  0.10000000 -0.35000000  0.0005
    2977  0.30000000  0.10000000 -0.35000000  0.0005
    2978 -0.25000000 -0.10000000  0.35000000  0.0005
    2979 -0.20000000 -0.10000000  0.35000000  0.0005
    2980 -0.15000000 -0.10000000  0.35000000  0.0005
    2981 -0.10000000 -0.10000000  0.35000000  0.0005
    2982 -0.05000000 -0.10000000  0.35000000  0.0005
    2983  0.00000000 -0.05000000  0.35000000  0.0005
    2984  0.05000000 -0.05000000  0.35000000  0.0005
    2985  0.10000000 -0.05000000  0.35000000  0.0005
    2986  0.15000000 -0.05000000  0.35000000  0.0005
    2987  0.20000000 -0.05000000  0.35000000  0.0005
    2988  0.25000000 -0.05000000  0.35000000  0.0005
    2989  0.30000000 -0.05000000  0.35000000  0.0005
    2990  0.35000000 -0.05000000  0.35000000  0.0005
    2991  0.40000000 -0.05000000  0.35000000  0.0005
    2992  0.45000000 -0.05000000  0.35000000  0.0005
    2993  0.50000000 -0.05000000  0.35000000  0.0005
    2994  0.45000000  0.05000000 -0.35000000  0.0005
    2995  0.40000000  0.05000000 -0.35000000  0.0005
    2996  0.35000000  0.05000000 -0.35000000  0.0005
    2997 -0.30000000 -0.05000000  0.35000000  0.0005
    2998 -0.25000000 -0.05000000  0.35000000  0.0005
    2999 -0.20000000 -0.05000000  0.35000000  0.0005
    3000 -0.15000000 -0.05000000  0.35000000  0.0005
    3001 -0.10000000 -0.05000000  0.35000000  0.0005
    3002 -0.05000000 -0.05000000  0.35000000  0.0005
    3003  0.00000000  0.00000000  0.40000000  0.0005
    3004  0.05000000  0.00000000  0.40000000  0.0005
    3005  0.10000000  0.00000000  0.40000000  0.0005
    3006  0.15000000  0.00000000  0.40000000  0.0005
    3007  0.20000000  0.00000000  0.40000000  0.0005
    3008  0.25000000  0.00000000  0.40000000  0.0005
    3009  0.30000000  0.00000000  0.40000000  0.0005
    3010  0.35000000  0.00000000  0.40000000  0.0005
    3011  0.40000000  0.00000000  0.40000000  0.0005
    3012  0.45000000  0.00000000  0.40000000  0.0005
    3013  0.50000000  0.00000000  0.40000000  0.0005
    3014  0.45000000  0.00000000 -0.40000000  0.0005
    3015 -0.40000000  0.00000000  0.40000000  0.0005
    3016 -0.35000000  0.00000000  0.40000000  0.0005
    3017 -0.30000000  0.00000000  0.40000000  0.0005
    3018 -0.25000000  0.00000000  0.40000000  0.0005
    3019 -0.20000000  0.00000000  0.40000000  0.0005
    3020 -0.15000000  0.00000000  0.40000000  0.0005
    3021 -0.10000000  0.00000000  0.40000000  0.0005
    3022 -0.05000000  0.00000000  0.40000000  0.0005
    3023  0.00000000  0.05000000  0.40000000  0.0005
    3024  0.05000000  0.05000000  0.40000000  0.0005
    3025  0.10000000  0.05000000  0.40000000  0.0005
    3026  0.15000000  0.05000000  0.40000000  0.0005
    3027  0.20000000  0.05000000  0.40000000  0.0005
    3028  0.25000000  0.05000000  0.40000000  0.0005
    3029  0.30000000  0.05000000  0.40000000  0.0005
    3030  0.35000000  0.05000000  0.40000000  0.0005
    3031  0.40000000  0.05000000  0.40000000  0.0005
    3032  0.45000000  0.05000000  0.40000000  0.0005
    3033  0.50000000  0.05000000  0.40000000  0.0005
    3034 -0.45000000  0.05000000  0.40000000  0.0005
    3035 -0.40000000  0.05000000  0.40000000  0.0005
    3036 -0.35000000  0.05000000  0.40000000  0.0005
    3037 -0.30000000  0.05000000  0.40000000  0.0005
    3038 -0.25000000  0.05000000  0.40000000  0.0005
    3039 -0.20000000  0.05000000  0.40000000  0.0005
    3040 -0.15000000  0.05000000  0.40000000  0.0005
    3041 -0.10000000  0.05000000  0.40000000  0.0005
    3042 -0.05000000  0.05000000  0.40000000  0.0005
    3043  0.00000000  0.10000000  0.40000000  0.0005
    3044  0.05000000  0.10000000  0.40000000  0.0005
    3045  0.10000000  0.10000000  0.40000000  0.0005
    3046  0.15000000  0.10000000  0.40000000  0.0005
    3047  0.20000000  0.10000000  0.40000000  0.0005
    3048  0.25000000  0.10000000  0.40000000  0.0005
    3049  0.30000000  0.10000000  0.40000000  0.0005
    3050  0.35000000  0.10000000  0.40000000  0.0005
    3051  0.40000000  0.10000000  0.40000000  0.0005
    3052  0.45000000  0.10000000  0.40000000  0.0005
    3053  0.50000000  0.10000000  0.40000000  0.0005
    3054 -0.45000000  0.10000000  0.40000000  0.0005
    3055 -0.40000000  0.10000000  0.40000000  0.0005
    3056 -0.35000000  0.10000000  0.40000000  0.0005
    3057 -0.30000000  0.10000000  0.40000000  0.0005
    3058 -0.25000000  0.10000000  0.40000000  0.0005
    3059 -0.20000000  0.10000000  0.40000000  0.0005
    3060 -0.15000000  0.10000000  0.40000000  0.0005
    3061 -0.10000000  0.10000000  0.40000000  0.0005
    3062 -0.05000000  0.10000000  0.40000000  0.0005
    3063  0.00000000  0.15000000  0.40000000  0.0005
    3064  0.05000000  0.15000000  0.40000000  0.0005
    3065  0.10000000  0.15000000  0.40000000  0.0005
    3066  0.15000000  0.15000000  0.40000000  0.0005
    3067  0.20000000  0.15000000  0.40000000  0.0005
    3068  0.25000000  0.15000000  0.40000000  0.0005
    3069  0.30000000  0.15000000  0.40000000  0.0005
    3070  0.35000000  0.15000000  0.40000000  0.0005
    3071  0.40000000  0.15000000  0.40000000  0.0005
    3072  0.45000000  0.15000000  0.40000000  0.0005
    3073  0.50000000  0.15000000  0.40000000  0.0005
    3074 -0.45000000  0.15000000  0.40000000  0.0005
    3075 -0.40000000  0.15000000  0.40000000  0.0005
    3076 -0.35000000  0.15000000  0.40000000  0.0005
    3077 -0.30000000  0.15000000  0.40000000  0.0005
    3078 -0.25000000  0.15000000  0.40000000  0.0005
    3079 -0.20000000  0.15000000  0.40000000  0.0005
    3080 -0.15000000  0.15000000  0.40000000  0.0005
    3081 -0.10000000  0.15000000  0.40000000  0.0005
    3082 -0.05000000  0.15000000  0.40000000  0.0005
    3083  0.00000000  0.20000000  0.40000000  0.0005
    3084  0.05000000  0.20000000  0.40000000  0.0005
    3085  0.10000000  0.20000000  0.40000000  0.0005
    3086  0.15000000  0.20000000  0.40000000  0.0005
    3087  0.20000000  0.20000000  0.40000000  0.0005
    3088  0.25000000  0.20000000  0.40000000  0.0005
    3089  0.30000000  0.20000000  0.40000000  0.0005
    3090  0.35000000  0.20000000  0.40000000  0.0005
    3091  0.40000000  0.20000000  0.40000000  0.0005
    3092  0.45000000  0.20000000  0.40000000  0.0005
    3093  0.50000000  0.20000000  0.40000000  0.0005
    3094 -0.45000000  0.20000000  0.40000000  0.0005
    3095 -0.40000000  0.20000000  0.40000000  0.0005
    3096 -0.35000000  0.20000000  0.40000000  0.0005
    3097 -0.30000000  0.20000000  0.40000000  0.0005
    3098 -0.25000000  0.20000000  0.40000000  0.0005
    3099 -0.20000000  0.20000000  0.40000000  0.0005
    3100 -0.15000000  0.20000000  0.40000000  0.0005
    3101 -0.10000000  0.20000000  0.40000000  0.0005
    3102 -0.05000000  0.20000000  0.40000000  0.0005
    3103  0.00000000  0.25000000  0.40000000  0.0005
    3104  0.05000000  0.25000000  0.40000000  0.0005
    3105  0.10000000  0.25000000  0.40000000  0.0005
    3106  0.15000000  0.25000000  0.40000000  0.0005
    3107  0.20000000  0.25000000  0.40000000  0.0005
    3108  0.25000000  0.25000000  0.40000000  0.0005
    3109  0.30000000  0.25000000  0.40000000  0.0005
    3110  0.35000000  0.25000000  0.40000000  0.0005
    3111  0.40000000  0.25000000  0.40000000  0.0005
    3112  0.45000000  0.25000000  0.40000000  0.0005
    3113  0.50000000  0.25000000  0.40000000  0.0005
    3114 -0.45000000  0.25000000  0.40000000  0.0005
    3115 -0.40000000  0.25000000  0.40000000  0.0005
    3116 -0.35000000  0.25000000  0.40000000  0.0005
    3117 -0.30000000  0.25000000  0.40000000  0.0005
    3118 -0.25000000  0.25000000  0.40000000  0.0005
    3119 -0.20000000  0.25000000  0.40000000  0.0005
    3120 -0.15000000  0.25000000  0.40000000  0.0005
    3121 -0.10000000  0.25000000  0.40000000  0.0005
    3122 -0.05000000  0.25000000  0.40000000  0.0005
    3123  0.00000000  0.30000000  0.40000000  0.0005
    3124  0.05000000  0.30000000  0.40000000  0.0005
    3125  0.10000000  0.30000000  0.40000000  0.0005
    3126  0.15000000  0.30000000  0.40000000  0.0005
    3127  0.20000000  0.30000000  0.40000000  0.0005
    3128  0.25000000  0.30000000  0.40000000  0.0005
    3129  0.30000000  0.30000000  0.40000000  0.0005
    3130  0.35000000  0.30000000  0.40000000  0.0005
    3131  0.40000000  0.30000000  0.40000000  0.0005
    3132  0.45000000  0.30000000  0.40000000  0.0005
    3133  0.50000000  0.30000000  0.40000000  0.0005
    3134 -0.45000000  0.30000000  0.40000000  0.0005
    3135 -0.40000000  0.30000000  0.40000000  0.0005
    3136 -0.35000000  0.30000000  0.40000000  0.0005
    3137 -0.30000000  0.30000000  0.40000000  0.0005
    3138 -0.25000000  0.30000000  0.40000000  0.0005
    3139 -0.20000000  0.30000000  0.40000000  0.0005
    3140 -0.15000000  0.30000000  0.40000000  0.0005
    3141 -0.10000000  0.30000000  0.40000000  0.0005
    3142 -0.05000000  0.30000000  0.40000000  0.0005
    3143  0.00000000  0.35000000  0.40000000  0.0005
    3144  0.05000000  0.35000000  0.40000000  0.0005
    3145  0.10000000  0.35000000  0.40000000  0.0005
    3146  0.15000000  0.35000000  0.40000000  0.0005
    3147  0.20000000  0.35000000  0.40000000  0.0005
    3148  0.25000000  0.35000000  0.40000000  0.0005
    3149  0.30000000  0.35000000  0.40000000  0.0005
    3150  0.35000000  0.35000000  0.40000000  0.0005
    3151  0.40000000  0.35000000  0.40000000  0.0005
    3152  0.45000000  0.35000000  0.40000000  0.0005
    3153  0.50000000  0.35000000  0.40000000  0.0005
    3154 -0.45000000  0.35000000  0.40000000  0.0005
    3155 -0.40000000  0.35000000  0.40000000  0.0005
    3156 -0.35000000  0.35000000  0.40000000  0.0005
    3157 -0.30000000  0.35000000  0.40000000  0.0005
    3158 -0.25000000  0.35000000  0.40000000  0.0005
    3159 -0.20000000  0.35000000  0.40000000  0.0005
    3160 -0.15000000  0.35000000  0.40000000  0.0005
    3161 -0.10000000  0.35000000  0.40000000  0.0005
    3162 -0.05000000  0.35000000  0.40000000  0.0005
    3163  0.00000000  0.40000000  0.40000000  0.0005
    3164  0.05000000  0.40000000  0.40000000  0.0005
    3165  0.10000000  0.40000000  0.40000000  0.0005
    3166  0.15000000  0.40000000  0.40000000  0.0005
    3167  0.20000000  0.40000000  0.40000000  0.0005
    3168  0.25000000  0.40000000  0.40000000  0.0005
    3169  0.30000000  0.40000000  0.40000000  0.0005
    3170  0.35000000  0.40000000  0.40000000  0.0005
    3171  0.40000000  0.40000000  0.40000000  0.0005
    3172  0.45000000  0.40000000  0.40000000  0.0005
    3173  0.50000000  0.40000000  0.40000000  0.0005
    3174 -0.45000000  0.40000000  0.40000000  0.0005
    3175 -0.40000000  0.40000000  0.40000000  0.0005
    3176 -0.35000000  0.40000000  0.40000000  0.0005
    3177 -0.30000000  0.40000000  0.40000000  0.0005
    3178 -0.25000000  0.40000000  0.40000000  0.0005
    3179 -0.20000000  0.40000000  0.40000000  0.0005
    3180 -0.15000000  0.40000000  0.40000000  0.0005
    3181 -0.10000000  0.40000000  0.40000000  0.0005
    3182 -0.05000000  0.40000000  0.40000000  0.0005
    3183  0.00000000  0.45000000  0.40000000  0.0005
    3184  0.05000000  0.45000000  0.40000000  0.0005
    3185  0.10000000  0.45000000  0.40000000  0.0005
    3186  0.15000000  0.45000000  0.40000000  0.0005
    3187  0.20000000  0.45000000  0.40000000  0.0005
    3188  0.25000000  0.45000000  0.40000000  0.0005
    3189  0.30000000  0.45000000  0.40000000  0.0005
    3190  0.35000000  0.45000000  0.40000000  0.0005
    3191  0.40000000  0.45000000  0.40000000  0.0005
    3192  0.45000000  0.45000000  0.40000000  0.0005
    3193  0.50000000  0.45000000  0.40000000  0.0005
    3194 -0.45000000  0.45000000  0.40000000  0.0005
    3195 -0.40000000  0.45000000  0.40000000  0.0005
    3196 -0.35000000  0.45000000  0.40000000  0.0005
    3197 -0.30000000  0.45000000  0.40000000  0.0005
    3198 -0.25000000  0.45000000  0.40000000  0.0005
    3199 -0.20000000  0.45000000  0.40000000  0.0005
    3200 -0.15000000  0.45000000  0.40000000  0.0005
    3201 -0.10000000  0.45000000  0.40000000  0.0005
    3202 -0.05000000  0.45000000  0.40000000  0.0005
    3203  0.00000000  0.50000000  0.40000000  0.0005
    3204  0.05000000  0.50000000  0.40000000  0.0005
    3205  0.10000000  0.50000000  0.40000000  0.0005
    3206  0.15000000  0.50000000  0.40000000  0.0005
    3207  0.20000000  0.50000000  0.40000000  0.0005
    3208  0.25000000  0.50000000  0.40000000  0.0005
    3209  0.30000000  0.50000000  0.40000000  0.0005
    3210  0.35000000  0.50000000  0.40000000  0.0005
    3211  0.40000000  0.50000000  0.40000000  0.0005
    3212  0.45000000  0.50000000  0.40000000  0.0005
    3213  0.50000000  0.50000000  0.40000000  0.0005
    3214  0.45000000  0.50000000 -0.40000000  0.0005
    3215 -0.40000000  0.50000000  0.40000000  0.0005
    3216 -0.35000000  0.50000000  0.40000000  0.0005
    3217 -0.30000000  0.50000000  0.40000000  0.0005
    3218 -0.25000000  0.50000000  0.40000000  0.0005
    3219 -0.20000000  0.50000000  0.40000000  0.0005
    3220 -0.15000000  0.50000000  0.40000000  0.0005
    3221 -0.10000000  0.50000000  0.40000000  0.0005
    3222 -0.05000000  0.50000000  0.40000000  0.0005
    3223  0.00000000  0.45000000 -0.40000000  0.0005
    3224  0.05000000 -0.45000000  0.40000000  0.0005
    3225  0.10000000 -0.45000000  0.40000000  0.0005
    3226  0.15000000 -0.45000000  0.40000000  0.0005
    3227  0.20000000 -0.45000000  0.40000000  0.0005
    3228  0.25000000 -0.45000000  0.40000000  0.0005
    3229  0.30000000 -0.45000000  0.40000000  0.0005
    3230  0.35000000 -0.45000000  0.40000000  0.0005
    3231  0.40000000 -0.45000000  0.40000000  0.0005
    3232  0.45000000 -0.45000000  0.40000000  0.0005
    3233  0.50000000  0.45000000 -0.40000000  0.0005
    3234  0.45000000  0.45000000 -0.40000000  0.0005
    3235  0.40000000  0.45000000 -0.40000000  0.0005
    3236  0.35000000  0.45000000 -0.40000000  0.0005
    3237  0.30000000  0.45000000 -0.40000000  0.0005
    3238  0.25000000  0.45000000 -0.40000000  0.0005
    3239  0.20000000  0.45000000 -0.40000000  0.0005
    3240  0.15000000  0.45000000 -0.40000000  0.0005
    3241  0.10000000  0.45000000 -0.40000000  0.0005
    3242  0.05000000  0.45000000 -0.40000000  0.0005
    3243  0.00000000 -0.40000000  0.40000000  0.0005
    3244  0.05000000 -0.40000000  0.40000000  0.0005
    3245  0.10000000 -0.40000000  0.40000000  0.0005
    3246  0.15000000 -0.40000000  0.40000000  0.0005
    3247  0.20000000 -0.40000000  0.40000000  0.0005
    3248  0.25000000 -0.40000000  0.40000000  0.0005
    3249  0.30000000 -0.40000000  0.40000000  0.0005
    3250  0.35000000 -0.40000000  0.40000000  0.0005
    3251  0.40000000 -0.40000000  0.40000000  0.0005
    3252  0.45000000 -0.40000000  0.40000000  0.0005
    3253  0.50000000 -0.40000000  0.40000000  0.0005
    3254  0.45000000  0.40000000 -0.40000000  0.0005
    3255  0.40000000  0.40000000 -0.40000000  0.0005
    3256  0.35000000  0.40000000 -0.40000000  0.0005
    3257  0.30000000  0.40000000 -0.40000000  0.0005
    3258  0.25000000  0.40000000 -0.40000000  0.0005
    3259  0.20000000  0.40000000 -0.40000000  0.0005
    3260  0.15000000  0.40000000 -0.40000000  0.0005
    3261  0.10000000  0.40000000 -0.40000000  0.0005
    3262  0.05000000  0.40000000 -0.40000000  0.0005
    3263  0.00000000 -0.35000000  0.40000000  0.0005
    3264  0.05000000 -0.35000000  0.40000000  0.0005
    3265  0.10000000 -0.35000000  0.40000000  0.0005
    3266  0.15000000 -0.35000000  0.40000000  0.0005
    3267  0.20000000 -0.35000000  0.40000000  0.0005
    3268  0.25000000 -0.35000000  0.40000000  0.0005
    3269  0.30000000 -0.35000000  0.40000000  0.0005
    3270  0.35000000 -0.35000000  0.40000000  0.0005
    3271  0.40000000 -0.35000000  0.40000000  0.0005
    3272  0.45000000 -0.35000000  0.40000000  0.0005
    3273  0.50000000 -0.35000000  0.40000000  0.0005
    3274  0.45000000  0.35000000 -0.40000000  0.0005
    3275  0.40000000  0.35000000 -0.40000000  0.0005
    3276  0.35000000  0.35000000 -0.40000000  0.0005
    3277  0.30000000  0.35000000 -0.40000000  0.0005
    3278  0.25000000  0.35000000 -0.40000000  0.0005
    3279  0.20000000  0.35000000 -0.40000000  0.0005
    3280  0.15000000  0.35000000 -0.40000000  0.0005
    3281  0.10000000  0.35000000 -0.40000000  0.0005
    3282 -0.05000000 -0.35000000  0.40000000  0.0005
    3283  0.00000000 -0.30000000  0.40000000  0.0005
    3284  0.05000000 -0.30000000  0.40000000  0.0005
    3285  0.10000000 -0.30000000  0.40000000  0.0005
    3286  0.15000000 -0.30000000  0.40000000  0.0005
    3287  0.20000000 -0.30000000  0.40000000  0.0005
    3288  0.25000000 -0.30000000  0.40000000  0.0005
    3289  0.30000000 -0.30000000  0.40000000  0.0005
    3290  0.35000000 -0.30000000  0.40000000  0.0005
    3291  0.40000000 -0.30000000  0.40000000  0.0005
    3292  0.45000000 -0.30000000  0.40000000  0.0005
    3293  0.50000000 -0.30000000  0.40000000  0.0005
    3294  0.45000000  0.30000000 -0.40000000  0.0005
    3295  0.40000000  0.30000000 -0.40000000  0.0005
    3296  0.35000000  0.30000000 -0.40000000  0.0005
    3297  0.30000000  0.30000000 -0.40000000  0.0005
    3298  0.25000000  0.30000000 -0.40000000  0.0005
    3299  0.20000000  0.30000000 -0.40000000  0.0005
    3300  0.15000000  0.30000000 -0.40000000  0.0005
    3301 -0.10000000 -0.30000000  0.40000000  0.0005
    3302 -0.05000000 -0.30000000  0.40000000  0.0005
    3303  0.00000000 -0.25000000  0.40000000  0.0005
    3304  0.05000000 -0.25000000  0.40000000  0.0005
    3305  0.10000000 -0.25000000  0.40000000  0.0005
    3306  0.15000000 -0.25000000  0.40000000  0.0005
    3307  0.20000000 -0.25000000  0.40000000  0.0005
    3308  0.25000000 -0.25000000  0.40000000  0.0005
    3309  0.30000000 -0.25000000  0.40000000  0.0005
    3310  0.35000000 -0.25000000  0.40000000  0.0005
    3311  0.40000000 -0.25000000  0.40000000  0.0005
    3312  0.45000000 -0.25000000  0.40000000  0.0005
    3313  0.50000000 -0.25000000  0.40000000  0.0005
    3314  0.45000000  0.25000000 -0.40000000  0.0005
    3315  0.40000000  0.25000000 -0.40000000  0.0005
    3316  0.35000000  0.25000000 -0.40000000  0.0005
    3317  0.30000000  0.25000000 -0.40000000  0.0005
    3318  0.25000000  0.25000000 -0.40000000  0.0005
    3319  0.20000000  0.25000000 -0.40000000  0.0005
    3320 -0.15000000 -0.25000000  0.40000000  0.0005
    3321 -0.10000000 -0.25000000  0.40000000  0.0005
    3322 -0.05000000 -0.25000000  0.40000000  0.0005
    3323  0.00000000 -0.20000000  0.40000000  0.0005
    3324  0.05000000 -0.20000000  0.40000000  0.0005
    3325  0.10000000 -0.20000000  0.40000000  0.0005
    3326  0.15000000 -0.20000000  0.40000000  0.0005
    3327  0.20000000 -0.20000000  0.40000000  0.0005
    3328  0.25000000 -0.20000000  0.40000000  0.0005
    3329  0.30000000 -0.20000000  0.40000000  0.0005
    3330  0.35000000 -0.20000000  0.40000000  0.0005
    3331  0.40000000 -0.20000000  0.40000000  0.0005
    3332  0.45000000 -0.20000000  0.40000000  0.0005
    3333  0.50000000 -0.20000000  0.40000000  0.0005
    3334  0.45000000  0.20000000 -0.40000000  0.0005
    3335  0.40000000  0.20000000 -0.40000000  0.0005
    3336  0.35000000  0.20000000 -0.40000000  0.0005
    3337  0.30000000  0.20000000 -0.40000000  0.0005
    3338  0.25000000  0.20000000 -0.40000000  0.0005
    3339 -0.20000000 -0.20000000  0.40000000  0.0005
    3340 -0.15000000 -0.20000000  0.40000000  0.0005
    3341 -0.10000000 -0.20000000  0.40000000  0.0005
    3342 -0.05000000 -0.20000000  0.40000000  0.0005
    3343  0.00000000 -0.15000000  0.40000000  0.0005
    3344  0.05000000 -0.15000000  0.40000000  0.0005
    3345  0.10000000 -0.15000000  0.40000000  0.0005
    3346  0.15000000 -0.15000000  0.40000000  0.0005
    3347  0.20000000 -0.15000000  0.40000000  0.0005
    3348  0.25000000 -0.15000000  0.40000000  0.0005
    3349  0.30000000 -0.15000000  0.40000000  0.0005
    3350  0.35000000 -0.15000000  0.40000000  0.0005
    3351  0.40000000 -0.15000000  0.40000000  0.0005
    3352  0.45000000 -0.15000000  0.40000000  0.0005
    3353  0.50000000 -0.15000000  0.40000000  0.0005
    3354  0.45000000  0.15000000 -0.40000000  0.0005
    3355  0.40000000  0.15000000 -0.40000000  0.0005
    3356  0.35000000  0.15000000 -0.40000000  0.0005
    3357  0.30000000  0.15000000 -0.40000000  0.0005
    3358 -0.25000000 -0.15000000  0.40000000  0.0005
    3359 -0.20000000 -0.15000000  0.40000000  0.0005
    3360 -0.15000000 -0.15000000  0.40000000  0.0005
    3361 -0.10000000 -0.15000000  0.40000000  0.0005
    3362 -0.05000000 -0.15000000  0.40000000  0.0005
    3363  0.00000000 -0.10000000  0.40000000  0.0005
    3364  0.05000000 -0.10000000  0.40000000  0.0005
    3365  0.10000000 -0.10000000  0.40000000  0.0005
    3366  0.15000000 -0.10000000  0.40000000  0.0005
    3367  0.20000000 -0.10000000  0.40000000  0.0005
    3368  0.25000000 -0.10000000  0.40000000  0.0005
    3369  0.30000000 -0.10000000  0.40000000  0.0005
    3370  0.35000000 -0.10000000  0.40000000  0.0005
    3371  0.40000000 -0.10000000  0.40000000  0.0005
    3372  0.45000000 -0.10000000  0.40000000  0.0005
    3373  0.50000000 -0.10000000  0.40000000  0.0005
    3374  0.45000000  0.10000000 -0.40000000  0.0005
    3375  0.40000000  0.10000000 -0.40000000  0.0005
    3376  0.35000000  0.10000000 -0.40000000  0.0005
    3377 -0.30000000 -0.10000000  0.40000000  0.0005
    3378 -0.25000000 -0.10000000  0.40000000  0.0005
    3379 -0.20000000 -0.10000000  0.40000000  0.0005
    3380 -0.15000000 -0.10000000  0.40000000  0.0005
    3381 -0.10000000 -0.10000000  0.40000000  0.0005
    3382 -0.05000000 -0.10000000  0.40000000  0.0005
    3383  0.00000000 -0.05000000  0.40000000  0.0005
    3384  0.05000000 -0.05000000  0.40000000  0.0005
    3385  0.10000000 -0.05000000  0.40000000  0.0005
    3386  0.15000000 -0.05000000  0.40000000  0.0005
    3387  0.20000000 -0.05000000  0.40000000  0.0005
    3388  0.25000000 -0.05000000  0.40000000  0.0005
    3389  0.30000000 -0.05000000  0.40000000  0.0005
    3390  0.35000000 -0.05000000  0.40000000  0.0005
    3391  0.40000000 -0.05000000  0.40000000  0.0005
    3392  0.45000000 -0.05000000  0.40000000  0.0005
    3393  0.50000000 -0.05000000  0.40000000  0.0005
    3394  0.45000000  0.05000000 -0.40000000  0.0005
    3395  0.40000000  0.05000000 -0.40000000  0.0005
    3396 -0.35000000 -0.05000000  0.40000000  0.0005
    3397 -0.30000000 -0.05000000  0.40000000  0.0005
    3398 -0.25000000 -0.05000000  0.40000000  0.0005
    3399 -0.20000000 -0.05000000  0.40000000  0.0005
    3400 -0.15000000 -0.05000000  0.40000000  0.0005
    3401 -0.10000000 -0.05000000  0.40000000  0.0005
    3402 -0.05000000 -0.05000000  0.40000000  0.0005
    3403  0.00000000  0.00000000  0.45000000  0.0005
    3404  0.05000000  0.00000000  0.45000000  0.0005
    3405  0.10000000  0.00000000  0.45000000  0.0005
    3406  0.15000000  0.00000000  0.45000000  0.0005
    3407  0.20000000  0.00000000  0.45000000  0.0005
    3408  0.25000000  0.00000000  0.45000000  0.0005
    3409  0.30000000  0.00000000  0.45000000  0.0005
    3410  0.35000000  0.00000000  0.45000000  0.0005
    3411  0.40000000  0.00000000  0.45000000  0.0005
    3412  0.45000000  0.00000000  0.45000000  0.0005
    3413  0.50000000  0.00000000  0.45000000  0.0005
    3414 -0.45000000  0.00000000  0.45000000  0.0005
    3415 -0.40000000  0.00000000  0.45000000  0.0005
    3416 -0.35000000  0.00000000  0.45000000  0.0005
    3417 -0.30000000  0.00000000  0.45000000  0.0005
    3418 -0.25000000  0.00000000  0.45000000  0.0005
    3419 -0.20000000  0.00000000  0.45000000  0.0005
    3420 -0.15000000  0.00000000  0.45000000  0.0005
    3421 -0.10000000  0.00000000  0.45000000  0.0005
    3422 -0.05000000  0.00000000  0.45000000  0.0005
    3423  0.00000000  0.05000000  0.45000000  0.0005
    3424  0.05000000  0.05000000  0.45000000  0.0005
    3425  0.10000000  0.05000000  0.45000000  0.0005
    3426  0.15000000  0.05000000  0.45000000  0.0005
    3427  0.20000000  0.05000000  0.45000000  0.0005
    3428  0.25000000  0.05000000  0.45000000  0.0005
    3429  0.30000000  0.05000000  0.45000000  0.0005
    3430  0.35000000  0.05000000  0.45000000  0.0005
    3431  0.40000000  0.05000000  0.45000000  0.0005
    3432  0.45000000  0.05000000  0.45000000  0.0005
    3433  0.50000000  0.05000000  0.45000000  0.0005
    3434 -0.45000000  0.05000000  0.45000000  0.0005
    3435 -0.40000000  0.05000000  0.45000000  0.0005
    3436 -0.35000000  0.05000000  0.45000000  0.0005
    3437 -0.30000000  0.05000000  0.45000000  0.0005
    3438 -0.25000000  0.05000000  0.45000000  0.0005
    3439 -0.20000000  0.05000000  0.45000000  0.0005
    3440 -0.15000000  0.05000000  0.45000000  0.0005
    3441 -0.10000000  0.05000000  0.45000000  0.0005
    3442 -0.05000000  0.05000000  0.45000000  0.0005
    3443  0.00000000  0.10000000  0.45000000  0.0005
    3444  0.05000000  0.10000000  0.45000000  0.0005
    3445  0.10000000  0.10000000  0.45000000  0.0005
    3446  0.15000000  0.10000000  0.45000000  0.0005
    3447  0.20000000  0.10000000  0.45000000  0.0005
    3448  0.25000000  0.10000000  0.45000000  0.0005
    3449  0.30000000  0.10000000  0.45000000  0.0005
    3450  0.35000000  0.10000000  0.45000000  0.0005
    3451  0.40000000  0.10000000  0.45000000  0.0005
    3452  0.45000000  0.10000000  0.45000000  0.0005
    3453  0.50000000  0.10000000  0.45000000  0.0005
    3454 -0.45000000  0.10000000  0.45000000  0.0005
    3455 -0.40000000  0.10000000  0.45000000  0.0005
    3456 -0.35000000  0.10000000  0.45000000  0.0005
    3457 -0.30000000  0.10000000  0.45000000  0.0005
    3458 -0.25000000  0.10000000  0.45000000  0.0005
    3459 -0.20000000  0.10000000  0.45000000  0.0005
    3460 -0.15000000  0.10000000  0.45000000  0.0005
    3461 -0.10000000  0.10000000  0.45000000  0.0005
    3462 -0.05000000  0.10000000  0.45000000  0.0005
    3463  0.00000000  0.15000000  0.45000000  0.0005
    3464  0.05000000  0.15000000  0.45000000  0.0005
    3465  0.10000000  0.15000000  0.45000000  0.0005
    3466  0.15000000  0.15000000  0.45000000  0.0005
    3467  0.20000000  0.15000000  0.45000000  0.0005
    3468  0.25000000  0.15000000  0.45000000  0.0005
    3469  0.30000000  0.15000000  0.45000000  0.0005
    3470  0.35000000  0.15000000  0.45000000  0.0005
    3471  0.40000000  0.15000000  0.45000000  0.0005
    3472  0.45000000  0.15000000  0.45000000  0.0005
    3473  0.50000000  0.15000000  0.45000000  0.0005
    3474 -0.45000000  0.15000000  0.45000000  0.0005
    3475 -0.40000000  0.15000000  0.45000000  0.0005
    3476 -0.35000000  0.15000000  0.45000000  0.0005
    3477 -0.30000000  0.15000000  0.45000000  0.0005
    3478 -0.25000000  0.15000000  0.45000000  0.0005
    3479 -0.20000000  0.15000000  0.45000000  0.0005
    3480 -0.15000000  0.15000000  0.45000000  0.0005
    3481 -0.10000000  0.15000000  0.45000000  0.0005
    3482 -0.05000000  0.15000000  0.45000000  0.0005
    3483  0.00000000  0.20000000  0.45000000  0.0005
    3484  0.05000000  0.20000000  0.45000000  0.0005
    3485  0.10000000  0.20000000  0.45000000  0.0005
    3486  0.15000000  0.20000000  0.45000000  0.0005
    3487  0.20000000  0.20000000  0.45000000  0.0005
    3488  0.25000000  0.20000000  0.45000000  0.0005
    3489  0.30000000  0.20000000  0.45000000  0.0005
    3490  0.35000000  0.20000000  0.45000000  0.0005
    3491  0.40000000  0.20000000  0.45000000  0.0005
    3492  0.45000000  0.20000000  0.45000000  0.0005
    3493  0.50000000  0.20000000  0.45000000  0.0005
    3494 -0.45000000  0.20000000  0.45000000  0.0005
    3495 -0.40000000  0.20000000  0.45000000  0.0005
    3496 -0.35000000  0.20000000  0.45000000  0.0005
    3497 -0.30000000  0.20000000  0.45000000  0.0005
    3498 -0.25000000  0.20000000  0.45000000  0.0005
    3499 -0.20000000  0.20000000  0.45000000  0.0005
    3500 -0.15000000  0.20000000  0.45000000  0.0005
    3501 -0.10000000  0.20000000  0.45000000  0.0005
    3502 -0.05000000  0.20000000  0.45000000  0.0005
    3503  0.00000000  0.25000000  0.45000000  0.0005
    3504  0.05000000  0.25000000  0.45000000  0.0005
    3505  0.10000000  0.25000000  0.45000000  0.0005
    3506  0.15000000  0.25000000  0.45000000  0.0005
    3507  0.20000000  0.25000000  0.45000000  0.0005
    3508  0.25000000  0.25000000  0.45000000  0.0005
    3509  0.30000000  0.25000000  0.45000000  0.0005
    3510  0.35000000  0.25000000  0.45000000  0.0005
    3511  0.40000000  0.25000000  0.45000000  0.0005
    3512  0.45000000  0.25000000  0.45000000  0.0005
    3513  0.50000000  0.25000000  0.45000000  0.0005
    3514 -0.45000000  0.25000000  0.45000000  0.0005
    3515 -0.40000000  0.25000000  0.45000000  0.0005
    3516 -0.35000000  0.25000000  0.45000000  0.0005
    3517 -0.30000000  0.25000000  0.45000000  0.0005
    3518 -0.25000000  0.25000000  0.45000000  0.0005
    3519 -0.20000000  0.25000000  0.45000000  0.0005
    3520 -0.15000000  0.25000000  0.45000000  0.0005
    3521 -0.10000000  0.25000000  0.45000000  0.0005
    3522 -0.05000000  0.25000000  0.45000000  0.0005
    3523  0.00000000  0.30000000  0.45000000  0.0005
    3524  0.05000000  0.30000000  0.45000000  0.0005
    3525  0.10000000  0.30000000  0.45000000  0.0005
    3526  0.15000000  0.30000000  0.45000000  0.0005
    3527  0.20000000  0.30000000  0.45000000  0.0005
    3528  0.25000000  0.30000000  0.45000000  0.0005
    3529  0.30000000  0.30000000  0.45000000  0.0005
    3530  0.35000000  0.30000000  0.45000000  0.0005
    3531  0.40000000  0.30000000  0.45000000  0.0005
    3532  0.45000000  0.30000000  0.45000000  0.0005
    3533  0.50000000  0.30000000  0.45000000  0.0005
    3534 -0.45000000  0.30000000  0.45000000  0.0005
    3535 -0.40000000  0.30000000  0.45000000  0.0005
    3536 -0.35000000  0.30000000  0.45000000  0.0005
    3537 -0.30000000  0.30000000  0.45000000  0.0005
    3538 -0.25000000  0.30000000  0.45000000  0.0005
    3539 -0.20000000  0.30000000  0.45000000  0.0005
    3540 -0.15000000  0.30000000  0.45000000  0.0005
    3541 -0.10000000  0.30000000  0.45000000  0.0005
    3542 -0.05000000  0.30000000  0.45000000  0.0005
    3543  0.00000000  0.35000000  0.45000000  0.0005
    3544  0.05000000  0.35000000  0.45000000  0.0005
    3545  0.10000000  0.35000000  0.45000000  0.0005
    3546  0.15000000  0.35000000  0.45000000  0.0005
    3547  0.20000000  0.35000000  0.45000000  0.0005
    3548  0.25000000  0.35000000  0.45000000  0.0005
    3549  0.30000000  0.35000000  0.45000000  0.0005
    3550  0.35000000  0.35000000  0.45000000  0.0005
    3551  0.40000000  0.35000000  0.45000000  0.0005
    3552  0.45000000  0.35000000  0.45000000  0.0005
    3553  0.50000000  0.35000000  0.45000000  0.0005
    3554 -0.45000000  0.35000000  0.45000000  0.0005
    3555 -0.40000000  0.35000000  0.45000000  0.0005
    3556 -0.35000000  0.35000000  0.45000000  0.0005
    3557 -0.30000000  0.35000000  0.45000000  0.0005
    3558 -0.25000000  0.35000000  0.45000000  0.0005
    3559 -0.20000000  0.35000000  0.45000000  0.0005
    3560 -0.15000000  0.35000000  0.45000000  0.0005
    3561 -0.10000000  0.35000000  0.45000000  0.0005
    3562 -0.05000000  0.35000000  0.45000000  0.0005
    3563  0.00000000  0.40000000  0.45000000  0.0005
    3564  0.05000000  0.40000000  0.45000000  0.0005
    3565  0.10000000  0.40000000  0.45000000  0.0005
    3566  0.15000000  0.40000000  0.45000000  0.0005
    3567  0.20000000  0.40000000  0.45000000  0.0005
    3568  0.25000000  0.40000000  0.45000000  0.0005
    3569  0.30000000  0.40000000  0.45000000  0.0005
    3570  0.35000000  0.40000000  0.45000000  0.0005
    3571  0.40000000  0.40000000  0.45000000  0.0005
    3572  0.45000000  0.40000000  0.45000000  0.0005
    3573  0.50000000  0.40000000  0.45000000  0.0005
    3574 -0.45000000  0.40000000  0.45000000  0.0005
    3575 -0.40000000  0.40000000  0.45000000  0.0005
    3576 -0.35000000  0.40000000  0.45000000  0.0005
    3577 -0.30000000  0.40000000  0.45000000  0.0005
    3578 -0.25000000  0.40000000  0.45000000  0.0005
    3579 -0.20000000  0.40000000  0.45000000  0.0005
    3580 -0.15000000  0.40000000  0.45000000  0.0005
    3581 -0.10000000  0.40000000  0.45000000  0.0005
    3582 -0.05000000  0.40000000  0.45000000  0.0005
    3583  0.00000000  0.45000000  0.45000000  0.0005
    3584  0.05000000  0.45000000  0.45000000  0.0005
    3585  0.10000000  0.45000000  0.45000000  0.0005
    3586  0.15000000  0.45000000  0.45000000  0.0005
    3587  0.20000000  0.45000000  0.45000000  0.0005
    3588  0.25000000  0.45000000  0.45000000  0.0005
    3589  0.30000000  0.45000000  0.45000000  0.0005
    3590  0.35000000  0.45000000  0.45000000  0.0005
    3591  0.40000000  0.45000000  0.45000000  0.0005
    3592  0.45000000  0.45000000  0.45000000  0.0005
    3593  0.50000000  0.45000000  0.45000000  0.0005
    3594 -0.45000000  0.45000000  0.45000000  0.0005
    3595 -0.40000000  0.45000000  0.45000000  0.0005
    3596 -0.35000000  0.45000000  0.45000000  0.0005
    3597 -0.30000000  0.45000000  0.45000000  0.0005
    3598 -0.25000000  0.45000000  0.45000000  0.0005
    3599 -0.20000000  0.45000000  0.45000000  0.0005
    3600 -0.15000000  0.45000000  0.45000000  0.0005
    3601 -0.10000000  0.45000000  0.45000000  0.0005
    3602 -0.05000000  0.45000000  0.45000000  0.0005
    3603  0.00000000  0.50000000  0.45000000  0.0005
    3604  0.05000000  0.50000000  0.45000000  0.0005
    3605  0.10000000  0.50000000  0.45000000  0.0005
    3606  0.15000000  0.50000000  0.45000000  0.0005
    3607  0.20000000  0.50000000  0.45000000  0.0005
    3608  0.25000000  0.50000000  0.45000000  0.0005
    3609  0.30000000  0.50000000  0.45000000  0.0005
    3610  0.35000000  0.50000000  0.45000000  0.0005
    3611  0.40000000  0.50000000  0.45000000  0.0005
    3612  0.45000000  0.50000000  0.45000000  0.0005
    3613  0.50000000  0.50000000  0.45000000  0.0005
    3614 -0.45000000  0.50000000  0.45000000  0.0005
    3615 -0.40000000  0.50000000  0.45000000  0.0005
    3616 -0.35000000  0.50000000  0.45000000  0.0005
    3617 -0.30000000  0.50000000  0.45000000  0.0005
    3618 -0.25000000  0.50000000  0.45000000  0.0005
    3619 -0.20000000  0.50000000  0.45000000  0.0005
    3620 -0.15000000  0.50000000  0.45000000  0.0005
    3621 -0.10000000  0.50000000  0.45000000  0.0005
    3622 -0.05000000  0.50000000  0.45000000  0.0005
    3623  0.00000000 -0.45000000  0.45000000  0.0005
    3624  0.05000000 -0.45000000  0.45000000  0.0005
    3625  0.10000000 -0.45000000  0.45000000  0.0005
    3626  0.15000000 -0.45000000  0.45000000  0.0005
    3627  0.20000000 -0.45000000  0.45000000  0.0005
    3628  0.25000000 -0.45000000  0.45000000  0.0005
    3629  0.30000000 -0.45000000  0.45000000  0.0005
    3630  0.35000000 -0.45000000  0.45000000  0.0005
    3631  0.40000000 -0.45000000  0.45000000  0.0005
    3632  0.45000000 -0.45000000  0.45000000  0.0005
    3633  0.50000000 -0.45000000  0.45000000  0.0005
    3634  0.45000000  0.45000000 -0.45000000  0.0005
    3635  0.40000000  0.45000000 -0.45000000  0.0005
    3636  0.35000000  0.45000000 -0.45000000  0.0005
    3637  0.30000000  0.45000000 -0.45000000  0.0005
    3638  0.25000000  0.45000000 -0.45000000  0.0005
    3639  0.20000000  0.45000000 -0.45000000  0.0005
    3640  0.15000000  0.45000000 -0.45000000  0.0005
    3641  0.10000000  0.45000000 -0.45000000  0.0005
    3642  0.05000000  0.45000000 -0.45000000  0.0005
    3643  0.00000000 -0.40000000  0.45000000  0.0005
    3644  0.05000000 -0.40000000  0.45000000  0.0005
    3645  0.10000000 -0.40000000  0.45000000  0.0005
    3646  0.15000000 -0.40000000  0.45000000  0.0005
    3647  0.20000000 -0.40000000  0.45000000  0.0005
    3648  0.25000000 -0.40000000  0.45000000  0.0005
    3649  0.30000000 -0.40000000  0.45000000  0.0005
    3650  0.35000000 -0.40000000  0.45000000  0.0005
    3651  0.40000000 -0.40000000  0.45000000  0.0005
    3652  0.45000000 -0.40000000  0.45000000  0.0005
    3653  0.50000000 -0.40000000  0.45000000  0.0005
    3654  0.45000000  0.40000000 -0.45000000  0.0005
    3655  0.40000000  0.40000000 -0.45000000  0.0005
    3656  0.35000000  0.40000000 -0.45000000  0.0005
    3657  0.30000000  0.40000000 -0.45000000  0.0005
    3658  0.25000000  0.40000000 -0.45000000  0.0005
    3659  0.20000000  0.40000000 -0.45000000  0.0005
    3660  0.15000000  0.40000000 -0.45000000  0.0005
    3661  0.10000000  0.40000000 -0.45000000  0.0005
    3662 -0.05000000 -0.40000000  0.45000000  0.0005
    3663  0.00000000 -0.35000000  0.45000000  0.0005
    3664  0.05000000 -0.35000000  0.45000000  0.0005
    3665  0.10000000 -0.35000000  0.45000000  0.0005
    3666  0.15000000 -0.35000000  0.45000000  0.0005
    3667  0.20000000 -0.35000000  0.45000000  0.0005
    3668  0.25000000 -0.35000000  0.45000000  0.0005
    3669  0.30000000 -0.35000000  0.45000000  0.0005
    3670  0.35000000 -0.35000000  0.45000000  0.0005
    3671  0.40000000 -0.35000000  0.45000000  0.0005
    3672  0.45000000 -0.35000000  0.45000000  0.0005
    3673  0.50000000 -0.35000000  0.45000000  0.0005
    3674  0.45000000  0.35000000 -0.45000000  0.0005
    3675  0.40000000  0.35000000 -0.45000000  0.0005
    3676  0.35000000  0.35000000 -0.45000000  0.0005
    3677  0.30000000  0.35000000 -0.45000000  0.0005
    3678  0.25000000  0.35000000 -0.45000000  0.0005
    3679  0.20000000  0.35000000 -0.45000000  0.0005
    3680  0.15000000  0.35000000 -0.45000000  0.0005
    3681 -0.10000000 -0.35000000  0.45000000  0.0005
    3682 -0.05000000 -0.35000000  0.45000000  0.0005
    3683  0.00000000 -0.30000000  0.45000000  0.0005
    3684  0.05000000 -0.30000000  0.45000000  0.0005
    3685  0.10000000 -0.30000000  0.45000000  0.0005
    3686  0.15000000 -0.30000000  0.45000000  0.0005
    3687  0.20000000 -0.30000000  0.45000000  0.0005
    3688  0.25000000 -0.30000000  0.45000000  0.0005
    3689  0.30000000 -0.30000000  0.45000000  0.0005
    3690  0.35000000 -0.30000000  0.45000000  0.0005
    3691  0.40000000 -0.30000000  0.45000000  0.0005
    3692  0.45000000 -0.30000000  0.45000000  0.0005
    3693  0.50000000 -0.30000000  0.45000000  0.0005
    3694  0.45000000  0.30000000 -0.45000000  0.0005
    3695  0.40000000  0.30000000 -0.45000000  0.0005
    3696  0.35000000  0.30000000 -0.45000000  0.0005
    3697  0.30000000  0.30000000 -0.45000000  0.0005
    3698  0.25000000  0.30000000 -0.45000000  0.0005
    3699  0.20000000  0.30000000 -0.45000000  0.0005
    3700 -0.15000000 -0.30000000  0.45000000  0.0005
    3701 -0.10000000 -0.30000000  0.45000000  0.0005
    3702 -0.05000000 -0.30000000  0.45000000  0.0005
    3703  0.00000000 -0.25000000  0.45000000  0.0005
    3704  0.05000000 -0.25000000  0.45000000  0.0005
    3705  0.10000000 -0.25000000  0.45000000  0.0005
    3706  0.15000000 -0.25000000  0.45000000  0.0005
    3707  0.20000000 -0.25000000  0.45000000  0.0005
    3708  0.25000000 -0.25000000  0.45000000  0.0005
    3709  0.30000000 -0.25000000  0.45000000  0.0005
    3710  0.35000000 -0.25000000  0.45000000  0.0005
    3711  0.40000000 -0.25000000  0.45000000  0.0005
    3712  0.45000000 -0.25000000  0.45000000  0.0005
    3713  0.50000000 -0.25000000  0.45000000  0.0005
    3714  0.45000000  0.25000000 -0.45000000  0.0005
    3715  0.40000000  0.25000000 -0.45000000  0.0005
    3716  0.35000000  0.25000000 -0.45000000  0.0005
    3717  0.30000000  0.25000000 -0.45000000  0.0005
    3718  0.25000000  0.25000000 -0.45000000  0.0005
    3719 -0.20000000 -0.25000000  0.45000000  0.0005
    3720 -0.15000000 -0.25000000  0.45000000  0.0005
    3721 -0.10000000 -0.25000000  0.45000000  0.0005
    3722 -0.05000000 -0.25000000  0.45000000  0.0005
    3723  0.00000000 -0.20000000  0.45000000  0.0005
    3724  0.05000000 -0.20000000  0.45000000  0.0005
    3725  0.10000000 -0.20000000  0.45000000  0.0005
    3726  0.15000000 -0.20000000  0.45000000  0.0005
    3727  0.20000000 -0.20000000  0.45000000  0.0005
    3728  0.25000000 -0.20000000  0.45000000  0.0005
    3729  0.30000000 -0.20000000  0.45000000  0.0005
    3730  0.35000000 -0.20000000  0.45000000  0.0005
    3731  0.40000000 -0.20000000  0.45000000  0.0005
    3732  0.45000000 -0.20000000  0.45000000  0.0005
    3733  0.50000000 -0.20000000  0.45000000  0.0005
    3734  0.45000000  0.20000000 -0.45000000  0.0005
    3735  0.40000000  0.20000000 -0.45000000  0.0005
    3736  0.35000000  0.20000000 -0.45000000  0.0005
    3737  0.30000000  0.20000000 -0.45000000  0.0005
    3738 -0.25000000 -0.20000000  0.45000000  0.0005
    3739 -0.20000000 -0.20000000  0.45000000  0.0005
    3740 -0.15000000 -0.20000000  0.45000000  0.0005
    3741 -0.10000000 -0.20000000  0.45000000  0.0005
    3742 -0.05000000 -0.20000000  0.45000000  0.0005
    3743  0.00000000 -0.15000000  0.45000000  0.0005
    3744  0.05000000 -0.15000000  0.45000000  0.0005
    3745  0.10000000 -0.15000000  0.45000000  0.0005
    3746  0.15000000 -0.15000000  0.45000000  0.0005
    3747  0.20000000 -0.15000000  0.45000000  0.0005
    3748  0.25000000 -0.15000000  0.45000000  0.0005
    3749  0.30000000 -0.15000000  0.45000000  0.0005
    3750  0.35000000 -0.15000000  0.45000000  0.0005
    3751  0.40000000 -0.15000000  0.45000000  0.0005
    3752  0.45000000 -0.15000000  0.45000000  0.0005
    3753  0.50000000 -0.15000000  0.45000000  0.0005
    3754  0.45000000  0.15000000 -0.45000000  0.0005
    3755  0.40000000  0.15000000 -0.45000000  0.0005
    3756  0.35000000  0.15000000 -0.45000000  0.0005
    3757 -0.30000000 -0.15000000  0.45000000  0.0005
    3758 -0.25000000 -0.15000000  0.45000000  0.0005
    3759 -0.20000000 -0.15000000  0.45000000  0.0005
    3760 -0.15000000 -0.15000000  0.45000000  0.0005
    3761 -0.10000000 -0.15000000  0.45000000  0.0005
    3762 -0.05000000 -0.15000000  0.45000000  0.0005
    3763  0.00000000 -0.10000000  0.45000000  0.0005
    3764  0.05000000 -0.10000000  0.45000000  0.0005
    3765  0.10000000 -0.10000000  0.45000000  0.0005
    3766  0.15000000 -0.10000000  0.45000000  0.0005
    3767  0.20000000 -0.10000000  0.45000000  0.0005
    3768  0.25000000 -0.10000000  0.45000000  0.0005
    3769  0.30000000 -0.10000000  0.45000000  0.0005
    3770  0.35000000 -0.10000000  0.45000000  0.0005
    3771  0.40000000 -0.10000000  0.45000000  0.0005
    3772  0.45000000 -0.10000000  0.45000000  0.0005
    3773  0.50000000 -0.10000000  0.45000000  0.0005
    3774  0.45000000  0.10000000 -0.45000000  0.0005
    3775  0.40000000  0.10000000 -0.45000000  0.0005
    3776 -0.35000000 -0.10000000  0.45000000  0.0005
    3777 -0.30000000 -0.10000000  0.45000000  0.0005
    3778 -0.25000000 -0.10000000  0.45000000  0.0005
    3779 -0.20000000 -0.10000000  0.45000000  0.0005
    3780 -0.15000000 -0.10000000  0.45000000  0.0005
    3781 -0.10000000 -0.10000000  0.45000000  0.0005
    3782 -0.05000000 -0.10000000  0.45000000  0.0005
    3783  0.00000000 -0.05000000  0.45000000  0.0005
    3784  0.05000000 -0.05000000  0.45000000  0.0005
    3785  0.10000000 -0.05000000  0.45000000  0.0005
    3786  0.15000000 -0.05000000  0.45000000  0.0005
    3787  0.20000000 -0.05000000  0.45000000  0.0005
    3788  0.25000000 -0.05000000  0.45000000  0.0005
    3789  0.30000000 -0.05000000  0.45000000  0.0005
    3790  0.35000000 -0.05000000  0.45000000  0.0005
    3791  0.40000000 -0.05000000  0.45000000  0.0005
    3792  0.45000000 -0.05000000  0.45000000  0.0005
    3793  0.50000000 -0.05000000  0.45000000  0.0005
    3794  0.45000000  0.05000000 -0.45000000  0.0005
    3795 -0.40000000 -0.05000000  0.45000000  0.0005
    3796 -0.35000000 -0.05000000  0.45000000  0.0005
    3797 -0.30000000 -0.05000000  0.45000000  0.0005
    3798 -0.25000000 -0.05000000  0.45000000  0.0005
    3799 -0.20000000 -0.05000000  0.45000000  0.0005
    3800 -0.15000000 -0.05000000  0.45000000  0.0005
    3801 -0.10000000 -0.05000000  0.45000000  0.0005
    3802 -0.05000000 -0.05000000  0.45000000  0.0005
    3803  0.00000000  0.00000000  0.50000000  0.0003
    3804  0.05000000  0.00000000  0.50000000  0.0005
    3805  0.10000000  0.00000000  0.50000000  0.0005
    3806  0.15000000  0.00000000  0.50000000  0.0005
    3807  0.20000000  0.00000000  0.50000000  0.0005
    3808  0.25000000  0.00000000  0.50000000  0.0005
    3809  0.30000000  0.00000000  0.50000000  0.0005
    3810  0.35000000  0.00000000  0.50000000  0.0005
    3811  0.40000000  0.00000000  0.50000000  0.0005
    3812  0.45000000  0.00000000  0.50000000  0.0005
    3813  0.50000000  0.00000000  0.50000000  0.0003
    3814  0.00000000  0.05000000  0.50000000  0.0005
    3815  0.05000000  0.05000000  0.50000000  0.0005
    3816  0.10000000  0.05000000  0.50000000  0.0005
    3817  0.15000000  0.05000000  0.50000000  0.0005
    3818  0.20000000  0.05000000  0.50000000  0.0005
    3819  0.25000000  0.05000000  0.50000000  0.0005
    3820  0.30000000  0.05000000  0.50000000  0.0005
    3821  0.35000000  0.05000000  0.50000000  0.0005
    3822  0.40000000  0.05000000  0.50000000  0.0005
    3823  0.45000000  0.05000000  0.50000000  0.0005
    3824  0.50000000  0.05000000  0.50000000  0.0005
    3825  0.45000000 -0.05000000  0.50000000  0.0005
    3826  0.40000000 -0.05000000  0.50000000  0.0005
    3827  0.35000000 -0.05000000  0.50000000  0.0005
    3828  0.30000000 -0.05000000  0.50000000  0.0005
    3829  0.25000000 -0.05000000  0.50000000  0.0005
    3830  0.20000000 -0.05000000  0.50000000  0.0005
    3831  0.15000000 -0.05000000  0.50000000  0.0005
    3832  0.10000000 -0.05000000  0.50000000  0.0005
    3833 -0.05000000  0.05000000  0.50000000  0.0005
    3834  0.00000000  0.10000000  0.50000000  0.0005
    3835  0.05000000  0.10000000  0.50000000  0.0005
    3836  0.10000000  0.10000000  0.50000000  0.0005
    3837  0.15000000  0.10000000  0.50000000  0.0005
    3838  0.20000000  0.10000000  0.50000000  0.0005
    3839  0.25000000  0.10000000  0.50000000  0.0005
    3840  0.30000000  0.10000000  0.50000000  0.0005
    3841  0.35000000  0.10000000  0.50000000  0.0005
    3842  0.40000000  0.10000000  0.50000000  0.0005
    3843  0.45000000  0.10000000  0.50000000  0.0005
    3844  0.50000000  0.10000000  0.50000000  0.0005
    3845  0.45000000 -0.10000000  0.50000000  0.0005
    3846  0.40000000 -0.10000000  0.50000000  0.0005
    3847  0.35000000 -0.10000000  0.50000000  0.0005
    3848  0.30000000 -0.10000000  0.50000000  0.0005
    3849  0.25000000 -0.10000000  0.50000000  0.0005
    3850  0.20000000 -0.10000000  0.50000000  0.0005
    3851  0.15000000 -0.10000000  0.50000000  0.0005
    3852 -0.10000000  0.10000000  0.50000000  0.0005
    3853 -0.05000000  0.10000000  0.50000000  0.0005
    3854  0.00000000  0.15000000  0.50000000  0.0005
    3855  0.05000000  0.15000000  0.50000000  0.0005
    3856  0.10000000  0.15000000  0.50000000  0.0005
    3857  0.15000000  0.15000000  0.50000000  0.0005
    3858  0.20000000  0.15000000  0.50000000  0.0005
    3859  0.25000000  0.15000000  0.50000000  0.0005
    3860  0.30000000  0.15000000  0.50000000  0.0005
    3861  0.35000000  0.15000000  0.50000000  0.0005
    3862  0.40000000  0.15000000  0.50000000  0.0005
    3863  0.45000000  0.15000000  0.50000000  0.0005
    3864  0.50000000  0.15000000  0.50000000  0.0005
    3865  0.45000000 -0.15000000  0.50000000  0.0005
    3866  0.40000000 -0.15000000  0.50000000  0.0005
    3867  0.35000000 -0.15000000  0.50000000  0.0005
    3868  0.30000000 -0.15000000  0.50000000  0.0005
    3869  0.25000000 -0.15000000  0.50000000  0.0005
    3870  0.20000000 -0.15000000  0.50000000  0.0005
    3871 -0.15000000  0.15000000  0.50000000  0.0005
    3872 -0.10000000  0.15000000  0.50000000  0.0005
    3873 -0.05000000  0.15000000  0.50000000  0.0005
    3874  0.00000000  0.20000000  0.50000000  0.0005
    3875  0.05000000  0.20000000  0.50000000  0.0005
    3876  0.10000000  0.20000000  0.50000000  0.0005
    3877  0.15000000  0.20000000  0.50000000  0.0005
    3878  0.20000000  0.20000000  0.50000000  0.0005
    3879  0.25000000  0.20000000  0.50000000  0.0005
    3880  0.30000000  0.20000000  0.50000000  0.0005
    3881  0.35000000  0.20000000  0.50000000  0.0005
    3882  0.40000000  0.20000000  0.50000000  0.0005
    3883  0.45000000  0.20000000  0.50000000  0.0005
    3884  0.50000000  0.20000000  0.50000000  0.0005
    3885  0.45000000 -0.20000000  0.50000000  0.0005
    3886  0.40000000 -0.20000000  0.50000000  0.0005
    3887  0.35000000 -0.20000000  0.50000000  0.0005
    3888  0.30000000 -0.20000000  0.50000000  0.0005
    3889  0.25000000 -0.20000000  0.50000000  0.0005
    3890 -0.20000000  0.20000000  0.50000000  0.0005
    3891 -0.15000000  0.20000000  0.50000000  0.0005
    3892 -0.10000000  0.20000000  0.50000000  0.0005
    3893 -0.05000000  0.20000000  0.50000000  0.0005
    3894  0.00000000  0.25000000  0.50000000  0.0005
    3895  0.05000000  0.25000000  0.50000000  0.0005
    3896  0.10000000  0.25000000  0.50000000  0.0005
    3897  0.15000000  0.25000000  0.50000000  0.0005
    3898  0.20000000  0.25000000  0.50000000  0.0005
    3899  0.25000000  0.25000000  0.50000000  0.0005
    3900  0.30000000  0.25000000  0.50000000  0.0005
    3901  0.35000000  0.25000000  0.50000000  0.0005
    3902  0.40000000  0.25000000  0.50000000  0.0005
    3903  0.45000000  0.25000000  0.50000000  0.0005
    3904  0.50000000  0.25000000  0.50000000  0.0005
    3905  0.45000000 -0.25000000  0.50000000  0.0005
    3906  0.40000000 -0.25000000  0.50000000  0.0005
    3907  0.35000000 -0.25000000  0.50000000  0.0005
    3908  0.30000000 -0.25000000  0.50000000  0.0005
    3909 -0.25000000  0.25000000  0.50000000  0.0005
    3910 -0.20000000  0.25000000  0.50000000  0.0005
    3911 -0.15000000  0.25000000  0.50000000  0.0005
    3912 -0.10000000  0.25000000  0.50000000  0.0005
    3913 -0.05000000  0.25000000  0.50000000  0.0005
    3914  0.00000000  0.30000000  0.50000000  0.0005
    3915  0.05000000  0.30000000  0.50000000  0.0005
    3916  0.10000000  0.30000000  0.50000000  0.0005
    3917  0.15000000  0.30000000  0.50000000  0.0005
    3918  0.20000000  0.30000000  0.50000000  0.0005
    3919  0.25000000  0.30000000  0.50000000  0.0005
    3920  0.30000000  0.30000000  0.50000000  0.0005
    3921  0.35000000  0.30000000  0.50000000  0.0005
    3922  0.40000000  0.30000000  0.50000000  0.0005
    3923  0.45000000  0.30000000  0.50000000  0.0005
    3924  0.50000000  0.30000000  0.50000000  0.0005
    3925  0.45000000 -0.30000000  0.50000000  0.0005
    3926  0.40000000 -0.30000000  0.50000000  0.0005
    3927  0.35000000 -0.30000000  0.50000000  0.0005
    3928 -0.30000000  0.30000000  0.50000000  0.0005
    3929 -0.25000000  0.30000000  0.50000000  0.0005
    3930 -0.20000000  0.30000000  0.50000000  0.0005
    3931 -0.15000000  0.30000000  0.50000000  0.0005
    3932 -0.10000000  0.30000000  0.50000000  0.0005
    3933 -0.05000000  0.30000000  0.50000000  0.0005
    3934  0.00000000  0.35000000  0.50000000  0.0005
    3935  0.05000000  0.35000000  0.50000000  0.0005
    3936  0.10000000  0.35000000  0.50000000  0.0005
    3937  0.15000000  0.35000000  0.50000000  0.0005
    3938  0.20000000  0.35000000  0.50000000  0.0005
    3939  0.25000000  0.35000000  0.50000000  0.0005
    3940  0.30000000  0.35000000  0.50000000  0.0005
    3941  0.35000000  0.35000000  0.50000000  0.0005
    3942  0.40000000  0.35000000  0.50000000  0.0005
    3943  0.45000000  0.35000000  0.50000000  0.0005
    3944  0.50000000  0.35000000  0.50000000  0.0005
    3945  0.45000000 -0.35000000  0.50000000  0.0005
    3946  0.40000000 -0.35000000  0.50000000  0.0005
    3947 -0.35000000  0.35000000  0.50000000  0.0005
    3948 -0.30000000  0.35000000  0.50000000  0.0005
    3949 -0.25000000  0.35000000  0.50000000  0.0005
    3950 -0.20000000  0.35000000  0.50000000  0.0005
    3951 -0.15000000  0.35000000  0.50000000  0.0005
    3952 -0.10000000  0.35000000  0.50000000  0.0005
    3953 -0.05000000  0.35000000  0.50000000  0.0005
    3954  0.00000000  0.40000000  0.50000000  0.0005
    3955  0.05000000  0.40000000  0.50000000  0.0005
    3956  0.10000000  0.40000000  0.50000000  0.0005
    3957  0.15000000  0.40000000  0.50000000  0.0005
    3958  0.20000000  0.40000000  0.50000000  0.0005
    3959  0.25000000  0.40000000  0.50000000  0.0005
    3960  0.30000000  0.40000000  0.50000000  0.0005
    3961  0.35000000  0.40000000  0.50000000  0.0005
    3962  0.40000000  0.40000000  0.50000000  0.0005
    3963  0.45000000  0.40000000  0.50000000  0.0005
    3964  0.50000000  0.40000000  0.50000000  0.0005
    3965  0.45000000 -0.40000000  0.50000000  0.0005
    3966 -0.40000000  0.40000000  0.50000000  0.0005
    3967 -0.35000000  0.40000000  0.50000000  0.0005
    3968 -0.30000000  0.40000000  0.50000000  0.0005
    3969 -0.25000000  0.40000000  0.50000000  0.0005
    3970 -0.20000000  0.40000000  0.50000000  0.0005
    3971 -0.15000000  0.40000000  0.50000000  0.0005
    3972 -0.10000000  0.40000000  0.50000000  0.0005
    3973 -0.05000000  0.40000000  0.50000000  0.0005
    3974  0.00000000  0.45000000  0.50000000  0.0005
    3975  0.05000000  0.45000000  0.50000000  0.0005
    3976  0.10000000  0.45000000  0.50000000  0.0005
    3977  0.15000000  0.45000000  0.50000000  0.0005
    3978  0.20000000  0.45000000  0.50000000  0.0005
    3979  0.25000000  0.45000000  0.50000000  0.0005
    3980  0.30000000  0.45000000  0.50000000  0.0005
    3981  0.35000000  0.45000000  0.50000000  0.0005
    3982  0.40000000  0.45000000  0.50000000  0.0005
    3983  0.45000000  0.45000000  0.50000000  0.0005
    3984  0.50000000  0.45000000  0.50000000  0.0005
    3985 -0.45000000  0.45000000  0.50000000  0.0005
    3986 -0.40000000  0.45000000  0.50000000  0.0005
    3987 -0.35000000  0.45000000  0.50000000  0.0005
    3988 -0.30000000  0.45000000  0.50000000  0.0005
    3989 -0.25000000  0.45000000  0.50000000  0.0005
    3990 -0.20000000  0.45000000  0.50000000  0.0005
    3991 -0.15000000  0.45000000  0.50000000  0.0005
    3992 -0.10000000  0.45000000  0.50000000  0.0005
    3993 -0.05000000  0.45000000  0.50000000  0.0005
    3994  0.00000000  0.50000000  0.50000000  0.0003
    3995  0.05000000  0.50000000  0.50000000  0.0005
    3996  0.10000000  0.50000000  0.50000000  0.0005
    3997  0.15000000  0.50000000  0.50000000  0.0005
    3998  0.20000000  0.50000000  0.50000000  0.0005
    3999  0.25000000  0.50000000  0.50000000  0.0005
    4000  0.30000000  0.50000000  0.50000000  0.0005
    4001  0.35000000  0.50000000  0.50000000  0.0005
    4002  0.40000000  0.50000000  0.50000000  0.0005
    4003  0.45000000  0.50000000  0.50000000  0.0005
    4004  0.50000000  0.50000000  0.50000000  0.0003

 DONE : INIT K-POINTS Time : 0.171078 (SEC)

 Libxc v7.0.0
	S. Lehtola, C. Steigemann, M. J.T. Oliveira, and M. A.L. Marques.,  SoftwareX 7, 1–5 (2018)
 XC: Perdew, Burke & Ernzerhof
	J. P. Perdew, K. Burke, and M. Ernzerhof.,  Phys. Rev. Lett. 77, 3865 (1996)
	J. P. Perdew, K. Burke, and M. Ernzerhof.,  Phys. Rev. Lett. 78, 1396 (1997)
 XC: Perdew, Burke & Ernzerhof
	J. P. Perdew, K. Burke, and M. Ernzerhof.,  Phys. Rev. Lett. 77, 3865 (1996)
	J. P. Perdew, K. Burke, and M. Ernzerhof.,  Phys. Rev. Lett. 78, 1396 (1997)


 >>>>>>>>>>>>>>>>>>>>>>>>>>>>>>>>>>>>>>>>>>>>>>>>>>>>>>>>>>>>>>>>>>>>>>
 |                                                                    |
 | Setup charge mixing parameters                                     |
 |                                                                    |
 <<<<<<<<<<<<<<<<<<<<<<<<<<<<<<<<<<<<<<<<<<<<<<<<<<<<<<<<<<<<<<<<<<<<<<

                              mixing_type = broyden
                              mixing_beta = 0.4
                               mixing_gg0 = 1
                           mixing_gg0_min = 0.1
                              mixing_ndim = 8


 >>>>>>>>>>>>>>>>>>>>>>>>>>>>>>>>>>>>>>>>>>>>>>>>>>>>>>>>>>>>>>>>>>>>>>
 |                                                                    |
 |              #Setup Plane Waves of Wave Functions#                 |
 | Use the kinetic energy cutoff and the lattice vectors to generate  |
 | the dimensions of FFT grid, which is used to represent the wave    |
 | functions of electrons.                                            |
 |                                                                    |
 <<<<<<<<<<<<<<<<<<<<<<<<<<<<<<<<<<<<<<<<<<<<<<<<<<<<<<<<<<<<<<<<<<<<<

 SETUP PLANE WAVES FOR WAVE FUNCTIONS
     Energy cutoff for wavefunc (unit:Ry) = 40
              FFT grid for wave functions = [ 24, 24, 24 ]
              Number of total plane waves = 869
        Number of sticks on FFT x-y plane = 121

 PARALLEL PW FOR WAVE FUNCTIONS
     PROC   COLUMNS(POT)             PW
        1             30            218
        2             31            218
        3             30            217
        4             30            216
 --------------- sum -------------------
        4            121            869
 DONE : INIT PLANEWAVE Time : 0.202856 (SEC)

                                 init_chg = atomic
 DONE : LOCAL POTENTIAL Time : 0.207389 (SEC)


 SETUP NONLOCAL PSEUDOPOTENTIALS IN PLANE WAVE BASIS
 Al non-local projectors:
      TOTAL NUMBER OF NONLOCAL PROJECTORS = 0

 nhm = 0, not allocate some matrix.
 Init Non-Local PseudoPotential table : 
 Init Non-Local-Pseudopotential done.
 DONE : NON-LOCAL POTENTIAL Time : 0.207433 (SEC)

                                     npwx = 140

 *** Memory Allocation Warning ***  Psi_PW 102.642 MB

 Using RANDOM starting wave functions for all 12 bands

 WARNING:
 init_wfc = atomic requires atomic pseudo wavefunctions(PP_PSWFC), but none available. 
 Automatically switch to random initialization.
 Note: Random starting wavefunctions may slow down convergence.
      For faster convergence, consider using:
      1) A pseudopotential file that includes atomic wavefunctions (with PP_PSWFC), or
      2) Numerical atomic orbitals with 'init_wfc = nao' or 'nao+random' if available.

 DONE : INIT BASIS Time : 0.207467 (SEC)

 ================================================================
 SELF-CONSISTENT
 ================================================================
 DONE : INIT SCF Time : 2.64469 (SEC)


 ++++++++++++++++++++++++++++++++++++++++++++++++++++++++++++++++++++++
 --> #ION MOVE#         1  #ELEC ITER#         1
 ++++++++++++++++++++++++++++++++++++++++++++++++++++++++++++++++++++++
 Average iterative diagonalization steps for k-points is 8.06444
 current threshold of diagonalizaiton is 0.01
 Electron density deviation 0.0833722
                          Diago Threshold = 0.01
 ----------------------------------------------------------
      Energy           Rydberg                 eV          
 ----------------------------------------------------------
  E_KohnSham     -4.1703627154        -56.7406956556       
  E_Harris       -3.9945204463        -54.3482388477       
  E_Fermi        0.6116570739         8.3220214266         
  E_gap(k)       0.0001118814         0.0015222245         
 ----------------------------------------------------------


 ++++++++++++++++++++++++++++++++++++++++++++++++++++++++++++++++++++++
 --> #ION MOVE#         1  #ELEC ITER#         2
 ++++++++++++++++++++++++++++++++++++++++++++++++++++++++++++++++++++++
 Average iterative diagonalization steps for k-points is 2.00549
 current threshold of diagonalizaiton is 0.00277907
 Electron density deviation 0.0321397
                          Diago Threshold = 0.00277907
 ----------------------------------------------------------
      Energy           Rydberg                 eV          
 ----------------------------------------------------------
  E_KohnSham     -4.2024024408        -57.1766184846       
  E_Harris       -4.1229127775        -56.0951061307       
  E_Fermi        0.5915480822         8.0484245585         
  E_gap(k)       0.0016860678         0.0229401297         
 ----------------------------------------------------------


 ++++++++++++++++++++++++++++++++++++++++++++++++++++++++++++++++++++++
 --> #ION MOVE#         1  #ELEC ITER#         3
 ++++++++++++++++++++++++++++++++++++++++++++++++++++++++++++++++++++++
 Average iterative diagonalization steps for k-points is 2.01249
 current threshold of diagonalizaiton is 0.00107132
 Electron density deviation 6.13594e-05
                          Diago Threshold = 0.00107132
 ----------------------------------------------------------
      Energy           Rydberg                 eV          
 ----------------------------------------------------------
  E_KohnSham     -4.2041519090        -57.2004212205       
  E_Harris       -4.2040631130        -57.1992130885       
  E_Fermi        0.5799509867         7.8906379795         
  E_gap(k)       0.0011816005         0.0160764994         
 ----------------------------------------------------------


 ++++++++++++++++++++++++++++++++++++++++++++++++++++++++++++++++++++++
 --> #ION MOVE#         1  #ELEC ITER#         4
 ++++++++++++++++++++++++++++++++++++++++++++++++++++++++++++++++++++++
 Average iterative diagonalization steps for k-points is 4.43457
 current threshold of diagonalizaiton is 2.04531e-06
 Electron density deviation 2.50696e-05
                          Diago Threshold = 2.04531e-06
 ----------------------------------------------------------
      Energy           Rydberg                 eV          
 ----------------------------------------------------------
  E_KohnSham     -4.2041630917        -57.2005733686       
  E_Harris       -4.2048580239        -57.2100284060       
  E_Fermi        0.5798688160         7.8895199896         
  E_gap(k)       0.0012250528         0.0166676978         
 ----------------------------------------------------------


 ++++++++++++++++++++++++++++++++++++++++++++++++++++++++++++++++++++++
 --> #ION MOVE#         1  #ELEC ITER#         5
 ++++++++++++++++++++++++++++++++++++++++++++++++++++++++++++++++++++++
 Average iterative diagonalization steps for k-points is 2.248
 current threshold of diagonalizaiton is 8.35654e-07
 Electron density deviation 3.86867e-06
                          Diago Threshold = 8.35654e-07
 ----------------------------------------------------------
      Energy           Rydberg                 eV          
 ----------------------------------------------------------
  E_KohnSham     -4.2042838768        -57.2022167346       
  E_Harris       -4.2040745588        -57.1993688167       
  E_Fermi        0.5799348881         7.8904189466         
  E_gap(k)       0.0012847751         0.0174802614         
 ----------------------------------------------------------


 ++++++++++++++++++++++++++++++++++++++++++++++++++++++++++++++++++++++
 --> #ION MOVE#         1  #ELEC ITER#         6
 ++++++++++++++++++++++++++++++++++++++++++++++++++++++++++++++++++++++
 Average iterative diagonalization steps for k-points is 2.47827
 current threshold of diagonalizaiton is 1.28956e-07
 Electron density deviation 3.08599e-09
                          Diago Threshold = 1.28956e-07
 ----------------------------------------------------------
      Energy           Rydberg                 eV          
 ----------------------------------------------------------
  E_KohnSham     -4.2042866893        -57.2022549996       
  E_Harris       -4.2042943144        -57.2023587446       
  E_Fermi        0.5799215982         7.8902381294         
  E_gap(k)       0.0012908611         0.0175630664         
 ----------------------------------------------------------


 ++++++++++++++++++++++++++++++++++++++++++++++++++++++++++++++++++++++
 --> #ION MOVE#         1  #ELEC ITER#         7
 ++++++++++++++++++++++++++++++++++++++++++++++++++++++++++++++++++++++
 Average iterative diagonalization steps for k-points is 4.7997
 current threshold of diagonalizaiton is 1.02866e-10
 Electron density deviation 1.60887e-09
                          Diago Threshold = 1.02866e-10
 ----------------------------------------------------------
      Energy           Rydberg                 eV          
 ----------------------------------------------------------
  E_KohnSham     -4.2042867319        -57.2022555790       
  E_Harris       -4.2042759856        -57.2021093694       
  E_Fermi        0.5799229740         7.8902568477         
  E_gap(k)       0.0012923369         0.0175831449         
 ----------------------------------------------------------


 ++++++++++++++++++++++++++++++++++++++++++++++++++++++++++++++++++++++
 --> #ION MOVE#         1  #ELEC ITER#         8
 ++++++++++++++++++++++++++++++++++++++++++++++++++++++++++++++++++++++
 Average iterative diagonalization steps for k-points is 2.17832
 current threshold of diagonalizaiton is 5.36289e-11
 Electron density deviation 2.10255e-12
                          Diago Threshold = 5.36289e-11
 ----------------------------------------------------------
      Energy           Rydberg                 eV          
 ----------------------------------------------------------
  E_KohnSham     -4.2042867322        -57.2022555834       
  E_KS(sigma->0) -4.2038311717        -57.1960573656       
  E_Harris       -4.2042871777        -57.2022616457       
  E_band         0.7115313893         9.6808812002         
  E_one_elec     2.7830666034         37.8655637196        
  E_Hartree      0.0077985967         0.1061053513         
  E_xc           -1.6026751512        -21.8055140994       
  E_Ewald        -5.3915656602        -73.3560141193       
  E_entropy(-TS) -0.0009111209        -0.0123964355        
  E_descf        0.0000000000         0.0000000000         
  E_localpp      1.1280223306         15.3475311671        
  E_exx          0.0000000000         0.0000000000         
  E_Fermi        0.5799222319         7.8902467510         
  E_gap(k)       0.0012919278         0.0175775799         
 ----------------------------------------------------------

 #SCF IS CONVERGED#
 #TOTAL ENERGY# -57.202255583 eV
 Write eigenvalues and occupations to file: OUT.s1_al_ksdft_k020x020x020/eig_occ.txt



 #TOTAL-FORCE (eV/Angstrom)#
 -------------------------------------------------------------------------
     Atoms              Force_x              Force_y              Force_z 
 -------------------------------------------------------------------------
       Al1         0.0000000000         0.0000000000         0.0000000000 
 -------------------------------------------------------------------------

 #TOTAL-STRESS (kbar)#
 ----------------------------------------------------------------
              Stress_x             Stress_y             Stress_z 
 ----------------------------------------------------------------
         -0.9018920682        -0.0000042204         0.0000084300 
         -0.0000042204        -0.9018926902        -0.0000015669 
          0.0000084300        -0.0000015669        -0.9018919413 
 ----------------------------------------------------------------
 #TOTAL-PRESSURE# (EXCLUDE KINETIC PART OF IONS): -0.901892 kbar

 --------------------------------------------
 !FINAL_ETOT_IS -57.2022555833559423 eV
 --------------------------------------------



 TIME STATISTICS
-------------------------------------------------------------------
   CLASS_NAME           NAME         TIME/s  CALLS   AVG/s  PER/%  
-------------------------------------------------------------------
                 total               99.82  15       6.65   100.00 
 Driver          atomic_world        99.82  1        99.82  100.00 
 Relax_Driver    relax_driver        99.61  1        99.61  99.78  
 ESolver_KS      runner              99.54  1        99.54  99.71  
 ESolver_KS_PW   before_scf          2.44   1        2.44   2.44   
 PSIPrepare      initialize_psi      2.44   1        2.44   2.44   
 DiagoIterAssist diag_subspace       15.56  32032    0.00   15.59  
 Operator        hPsi                69.14  1546855  0.00   69.27  
 Operator        veff_pw             67.57  1546855  0.00   67.69  
 PW_Basis_K      recip2real          39.60  2283591  0.00   39.67  
 PW_Basis_K      gathers_copy_pack   2.32   2283591  0.00   2.33   
 PW_Basis_K      gathers_zero_mpi    2.84   2283591  0.00   2.84   
 PW_Basis_K      gathers_copy_unpack 2.28   2283591  0.00   2.28   
 PW_Basis_K      real2recip          29.58  1899207  0.00   29.63  
 PW_Basis_K      gatherp_copy_pack   1.77   1899207  0.00   1.77   
 PW_Basis_K      gatherp_copy_unpack 1.85   1899207  0.00   1.85   
 DiagoIterAssist diag_hegvd          1.15   32032    0.00   1.15   
 ESolver_KS_PW   hamilt2rho_single   97.00  8        12.13  97.17  
 HSolverPW       solve               97.00  8        12.13  97.17  
 HSolverPW       solve_psik          89.76  32032    0.00   89.92  
 DiagoCG         diag_once           75.59  32032    0.00   75.72  
 ElecStatePW     psiToRho            7.08   8        0.88   7.09   
-------------------------------------------------------------------


 NAME-------------------------|MEMORY(MB)------------------
                         total       467.2827
                        Psi_PW       398.8359
                  PW_B_K::gcar        49.8545
                   PW_B_K::gk2        16.6182
 -------------   < 1.0 MB has been ignored ----------------
 ----------------------------------------------------------

 Start  Time  : Wed Aug  5 15:00:27 2026
 Finish Time  : Wed Aug  5 15:02:07 2026
 Total  Time  : 0 h 1 mins 40 secs 
