                                                                                     
                              ABACUS v3.11.0-beta.5

               Atomic-orbital Based Ab-initio Computation at UStc                    

                     Website: http://abacus.ustc.edu.cn/                             
               Documentation: https://abacus.deepmodeling.com/                       
                  Repository: https://github.com/abacusmodeling/abacus-develop       
                              https://github.com/deepmodeling/abacus-develop         
                      Commit: unknown

    Start Time is Wed Aug  5 14:26:47 2026
                                                                                     
 ------------------------------------------------------------------------------------

 READING GENERAL INFORMATION
                           global_out_dir = OUT.s1_al_ofdft_ecut060/
                           global_in_card = INPUT
                               pseudo_dir = ./
                              orbital_dir = 
                                    DRANK = 1
                                    DSIZE = 4
                                   DCOLOR = 1
                                    GRANK = 1
                                    GSIZE = 1


 >>>>>>>>>>>>>>>>>>>>>>>>>>>>>>>>>>>>>>>>>>>>>>>>>>>>>>>>>>>>>>>>>>>>>>
 |                                                                    |
 |                        #Setup Unitcell#                            |
 | From the input file and the structure file we know the number of   |
 | different elments in this unitcell, then we list the detail        |
 | information for each element, especially the zeta and polar atomic |
 | orbital number for each element. The total atom number is counted. |
 | We calculate the nearest atom distance for each atom and show the  |
 | Cartesian and Direct coordinates for each atom. We list the file   |
 | address for atomic orbitals. The volume and the lattice vectors    |
 | in real and reciprocal space is also shown.                        |
 |                                                                    |
 <<<<<<<<<<<<<<<<<<<<<<<<<<<<<<<<<<<<<<<<<<<<<<<<<<<<<<<<<<<<<<<<<<<<<<

 READING UNITCELL INFORMATION
                       Number of elements = 1
                  Lattice constant (Bohr) = 1.88973
              Lattice constant (Angstrom) = 1

 READING ATOM TYPE 1
                               Atom label = Al
                      L=0, number of zeta = 1
                      L=1, number of zeta = 1
                      L=2, number of zeta = 1
            Number of atoms for this type = 1

                        TOTAL ATOM NUMBER = 1

 DIRECT COORDINATES
 atom                  x                  y                  z     mag
   Al     0.000000000000     0.000000000000     0.000000000000  0.0000

 ATOMIC VELOCITIES
 atom                 vx                 vy                 vz
   Al                  0                  0                  0

                     Cell volume (Bohr^3) = 112.073
                        Cell volume (A^3) = 16.6075

 Lattice vectors: (Cartesian coordinate: in unit of a_0)
                   +0              +2.025              +2.025
               +2.025                  +0              +2.025
               +2.025              +2.025                  +0
 Reciprocal vectors: (Cartesian coordinate: in unit of 2 pi/a_0)
            -0.246914           +0.246914           +0.246914
            +0.246914           -0.246914           +0.246914
            +0.246914           +0.246914           -0.246914

 #ENERGY SOLVER# ofdft
 RUNNING WITH DEVICE  : CPU / Intel(R) Xeon(R) Platinum 8368Q CPU @ 2.60GHz (x2)


 >>>>>>>>>>>>>>>>>>>>>>>>>>>>>>>>>>>>>>>>>>>>>>>>>>>>>>>>>>>>>>>>>>>>>>
 |                                                                    |
 |                 #Read Pseudopotentials Files#                      |
 | ABACUS supports norm-conserving (NC) pseudopotentials for both     |
 | plane wave basis and numerical atomic orbital basis sets.          |
 | In addition, ABACUS supports ultrasoft pseudopotentials (USPP)     |
 | for plane wave basis set.                                          |
 |                                                                    |
 <<<<<<<<<<<<<<<<<<<<<<<<<<<<<<<<<<<<<<<<<<<<<<<<<<<<<<<<<<<<<<<<<<<<<<

                PAO radial cut off (Bohr) = 16

                     Pseudopotential file = al.gga.psp
                     Pseudopotential type = 
          Exchange-correlation functional = PBE
                 Nonlocal core correction = 0
                        Valence electrons = 3
                                     Lmax = 0
                           Number of zeta = 0
                     Number of projectors = 0
                    DFT functional set to = XC_GGA_X_PBE+XC_GGA_C_PBE
         Number of pseudo atomic orbitals = 0
            Electron number of element Al = 3
      Total electron number of element Al = 3
          Autoset the number of electrons = 3
               Occupied electronic states = 2
     Number of electronic states (NBANDS) = 12


 >>>>>>>>>>>>>>>>>>>>>>>>>>>>>>>>>>>>>>>>>>>>>>>>>>>>>>>>>>>>>>>>>>>>>>
 |                                                                    |
 |           #Setup Plane Waves of Charge/Potential#                  |
 | Use the kinetic energy cutoff and the lattice vectors to generate  |
 | the dimensions of FFT grid, which is used to represent the charge  |
 | density or potential. If USPP is used, a double grid technique     |
 | is applied.                                                        |
 |                                                                    |
 <<<<<<<<<<<<<<<<<<<<<<<<<<<<<<<<<<<<<<<<<<<<<<<<<<<<<<<<<<<<<<<<<<<<<

 SETUP PLANE WAVES FOR CHARGE/POTENTIAL
  Energy cutoff for charge/potential (Ry) = 240
            FFT grid for charge/potential = [ 27, 27, 27 ]
           Number of FFT grids this proc. = 5103
                Division for big FFT grid = [ 1, 1, 1 ]
      FFT (big) grid for charge/potential = [ 27, 27, 27 ]
     Number of FFT (big) grids this proc. = 5103
                    Number of plane waves = 19683
        Number of sticks on FFT x-y plane = 729

 PARALLEL PW FOR CHARGE/POTENTIAL
     PROC   COLUMNS(POT)             PW
        1            182           4914
        2            182           4914
        3            183           4941
        4            182           4914
 --------------- SUM -------------------
        4            729          19683

                            Number of |g| = 396
                                  Max |g| = 113.336
                                  Min |g| = 0
 DONE : SETUP UNITCELL Time : 0.0416372 (SEC)


 >>>>>>>>>>>>>>>>>>>>>>>>>>>>>>>>>>>>>>>>>>>>>>>>>>>>>>>>>>>>>>>>>>>>>>
 |                                                                    |
 |                       #Setup K-points#                             |
 | We setup the k-points according to input parameters.               |
 | The reduced k-points are set according to symmetry operations.     |
 | We treat the spin as another set of k-points.                      |
 |                                                                    |
 <<<<<<<<<<<<<<<<<<<<<<<<<<<<<<<<<<<<<<<<<<<<<<<<<<<<<<<<<<<<<<<<<<<<<<


 SETUP K-POINTS
                                    nspin = 1
                   Input type of k points = Monkhorst-Pack(Gamma)
                                   nkstot = 1
           Number of irreducible k-points = 1

 K-POINTS REDUCTION ACCORDING TO SYMMETRY
     IBZ    DIRECT_X    DIRECT_Y    DIRECT_Z  WEIGHT  ibz2bz
       1  0.00000000  0.00000000  0.00000000  1.0000       0

                               nkstot now = 1
 K-POINTS DIRECT COORDINATES
 KPOINTS    DIRECT_X    DIRECT_Y    DIRECT_Z  WEIGHT
       1  0.00000000  0.00000000  0.00000000  1.0000


       Number of k-points in this process = 1
       Minimum distributed k-point number = 1

 K-POINTS CARTESIAN COORDINATES
 KPOINTS CARTESIAN_X CARTESIAN_Y CARTESIAN_Z  WEIGHT
       1  0.00000000  0.00000000  0.00000000  2.0000


 K-POINTS DIRECT COORDINATES
 KPOINTS    DIRECT_X    DIRECT_Y    DIRECT_Z  WEIGHT
       1  0.00000000  0.00000000  0.00000000  2.0000

 DONE : INIT K-POINTS Time : 0.0428157 (SEC)

 Libxc v7.0.0
	S. Lehtola, C. Steigemann, M. J.T. Oliveira, and M. A.L. Marques.,  SoftwareX 7, 1–5 (2018)
 XC: Perdew, Burke & Ernzerhof
	J. P. Perdew, K. Burke, and M. Ernzerhof.,  Phys. Rev. Lett. 77, 3865 (1996)
	J. P. Perdew, K. Burke, and M. Ernzerhof.,  Phys. Rev. Lett. 78, 1396 (1997)
 XC: Perdew, Burke & Ernzerhof
	J. P. Perdew, K. Burke, and M. Ernzerhof.,  Phys. Rev. Lett. 77, 3865 (1996)
	J. P. Perdew, K. Burke, and M. Ernzerhof.,  Phys. Rev. Lett. 78, 1396 (1997)

 DONE : SETUP UNITCELL Time : 0.0432534 (SEC)

                                 init_chg = atomic
 DONE : LOCAL POTENTIAL Time : 0.0741642 (SEC)

 DONE : INIT POTENTIAL Time : 0.0821517 (SEC)

 DONE : INIT KEDF Time : 0.0822358 (SEC)

 DONE : INIT OPTIMIZATION Time : 0.0822458 (SEC)

 DONE : INIT PHI Time : 0.0822553 (SEC)

 ================================================================
 SELF-CONSISTENT
 ================================================================

Iter0: the norm of potential is 0.210559781742
----------------------------------------------------------------
        Energy              Rydberg                 eV          
----------------------------------------------------------------
              E_Total      -4.036960317906     -54.925662923409 
              E_Fermi       0.633460899629       8.618677695155 
----------------------------------------------------------------


Iter1: the norm of potential is 0.257124610096
----------------------------------------------------------------
        Energy              Rydberg                 eV          
----------------------------------------------------------------
              E_Total      -4.053009925041     -55.144029031109 
              E_Fermi       0.627616781637       8.539164390692 
----------------------------------------------------------------


Iter2: the norm of potential is 0.074874059533
----------------------------------------------------------------
        Energy              Rydberg                 eV          
----------------------------------------------------------------
              E_Total      -4.201359092143     -57.162422997255 
              E_Fermi       0.575763814432       7.833668578495 
----------------------------------------------------------------


Iter3: the norm of potential is 0.00729413531005
----------------------------------------------------------------
        Energy              Rydberg                 eV          
----------------------------------------------------------------
              E_Total      -4.202844919728     -57.182638718658 
              E_Fermi       0.575056899244       7.824050503926 
----------------------------------------------------------------


Iter4: the norm of potential is 0.000596585480829
----------------------------------------------------------------
        Energy              Rydberg                 eV          
----------------------------------------------------------------
              E_Total      -4.202900722464     -57.183397953824 
              E_Fermi       0.574975889720       7.822948312817 
----------------------------------------------------------------


Iter5: the norm of potential is 0.000224157984331
----------------------------------------------------------------
        Energy              Rydberg                 eV          
----------------------------------------------------------------
              E_Total      -4.202900980950     -57.183401470707 
              E_Fermi       0.574971767288       7.822892224246 
----------------------------------------------------------------


Iter6: the norm of potential is 0.000103595578359
----------------------------------------------------------------
        Energy              Rydberg                 eV          
----------------------------------------------------------------
              E_Total      -4.202901003386     -57.183401775963 
              E_Fermi       0.574971151063       7.822883840081 
----------------------------------------------------------------


Iter7: the norm of potential is 9.04315246408e-06
----------------------------------------------------------------
        Energy              Rydberg                 eV          
----------------------------------------------------------------
              E_Total      -4.202901008844     -57.183401850230 
              E_Fermi       0.574970633481       7.822876798008 
----------------------------------------------------------------


Iter8: the norm of potential is 2.17830452399e-06
----------------------------------------------------------------
        Energy              Rydberg                 eV          
----------------------------------------------------------------
              E_Total      -4.202901008882     -57.183401850749 
              E_Fermi       0.574970627152       7.822876711906 
----------------------------------------------------------------


Iter9: the norm of potential is 2.02773379464e-07
----------------------------------------------------------------
        Energy              Rydberg                 eV          
----------------------------------------------------------------
              E_Total      -4.202901008885     -57.183401850785 
              E_Fermi       0.574970613856       7.822876530996 
----------------------------------------------------------------


Iter10: the norm of potential is 1.96809517851e-07
----------------------------------------------------------------
        Energy              Rydberg                 eV          
----------------------------------------------------------------
              E_Total      -4.202901008885     -57.183401850785 
              E_Fermi       0.574970613859       7.822876531043 
----------------------------------------------------------------


Iter11: the norm of potential is 1.96809517877e-07
----------------------------------------------------------------
        Energy              Rydberg                 eV          
----------------------------------------------------------------
              E_Total      -4.202901008885     -57.183401850785 
              E_Fermi       0.574970613859       7.822876531043 
----------------------------------------------------------------


Iter12: the norm of potential is 1.96809517877e-07
----------------------------------------------------------------
        Energy              Rydberg                 eV          
----------------------------------------------------------------
              E_Total      -4.202901008885     -57.183401850785 
              E_Fermi       0.574970613859       7.822876531043 
----------------------------------------------------------------


Iter13: the norm of potential is 1.96809517832e-07
----------------------------------------------------------------
        Energy              Rydberg                 eV          
----------------------------------------------------------------
              E_Total      -4.202901008885     -57.183401850785 
              E_Fermi       0.574970613859       7.822876531043 
----------------------------------------------------------------


Iter14: the norm of potential is 1.96809517595e-07
----------------------------------------------------------------
        Energy              Rydberg                 eV          
----------------------------------------------------------------
              E_Total      -4.202901008885     -57.183401850785 
              E_Fermi       0.574970613859       7.822876531043 
----------------------------------------------------------------


Iter15: the norm of potential is 1.96809516813e-07
----------------------------------------------------------------
        Energy              Rydberg                 eV          
----------------------------------------------------------------
              E_Total      -4.202901008885     -57.183401850785 
              E_Fermi       0.574970613859       7.822876531043 
----------------------------------------------------------------


Iter16: the norm of potential is 1.96809516805e-07
----------------------------------------------------------------
        Energy              Rydberg                 eV          
----------------------------------------------------------------
              E_Total      -4.202901008885     -57.183401850785 
              E_Fermi       0.574970613859       7.822876531043 
----------------------------------------------------------------


Iter17: the norm of potential is 1.96809516846e-07
----------------------------------------------------------------
        Energy              Rydberg                 eV          
----------------------------------------------------------------
              E_Total      -4.202901008885     -57.183401850785 
              E_Fermi       0.574970613859       7.822876531043 
----------------------------------------------------------------


Iter18: the norm of potential is 1.96809516818e-07
----------------------------------------------------------------
        Energy              Rydberg                 eV          
----------------------------------------------------------------
              E_Total      -4.202901008885     -57.183401850785 
              E_Fermi       0.574970613859       7.822876531043 
----------------------------------------------------------------


Iter19: the norm of potential is 1.96809516816e-07
----------------------------------------------------------------
        Energy              Rydberg                 eV          
----------------------------------------------------------------
              E_Total      -4.202901008885     -57.183401850785 
              E_Fermi       0.574970613859       7.822876531043 
----------------------------------------------------------------


Iter20: the norm of potential is 1.96809516816e-07
----------------------------------------------------------------
        Energy              Rydberg                 eV          
----------------------------------------------------------------
              E_Total      -4.202901008885     -57.183401850785 
              E_Fermi       0.574970613859       7.822876531043 
----------------------------------------------------------------


Iter21: the norm of potential is 1.96809516818e-07
----------------------------------------------------------------
        Energy              Rydberg                 eV          
----------------------------------------------------------------
              E_Total      -4.202901008885     -57.183401850785 
              E_Fermi       0.574970613859       7.822876531043 
----------------------------------------------------------------


Iter22: the norm of potential is 1.96809516818e-07
----------------------------------------------------------------
        Energy              Rydberg                 eV          
----------------------------------------------------------------
              E_Total      -4.202901008885     -57.183401850785 
              E_Fermi       0.574970613859       7.822876531043 
----------------------------------------------------------------


Iter23: the norm of potential is 1.96809516841e-07
----------------------------------------------------------------
        Energy              Rydberg                 eV          
----------------------------------------------------------------
              E_Total      -4.202901008885     -57.183401850785 
              E_Fermi       0.574970613859       7.822876531043 
----------------------------------------------------------------


Iter24: the norm of potential is 1.96809516655e-07
----------------------------------------------------------------
        Energy              Rydberg                 eV          
----------------------------------------------------------------
              E_Total      -4.202901008885     -57.183401850785 
              E_Fermi       0.574970613859       7.822876531043 
----------------------------------------------------------------


Iter25: the norm of potential is 1.96809516645e-07
----------------------------------------------------------------
        Energy              Rydberg                 eV          
----------------------------------------------------------------
              E_Total      -4.202901008885     -57.183401850785 
              E_Fermi       0.574970613859       7.822876531043 
----------------------------------------------------------------


Iter26: the norm of potential is 1.96809516648e-07
----------------------------------------------------------------
        Energy              Rydberg                 eV          
----------------------------------------------------------------
              E_Total      -4.202901008885     -57.183401850785 
              E_Fermi       0.574970613859       7.822876531043 
----------------------------------------------------------------


Iter27: the norm of potential is 1.96809516648e-07
----------------------------------------------------------------
        Energy              Rydberg                 eV          
----------------------------------------------------------------
              E_Total      -4.202901008885     -57.183401850785 
              E_Fermi       0.574970613859       7.822876531043 
----------------------------------------------------------------


Iter28: the norm of potential is 1.96809516611e-07
----------------------------------------------------------------
        Energy              Rydberg                 eV          
----------------------------------------------------------------
              E_Total      -4.202901008885     -57.183401850785 
              E_Fermi       0.574970613859       7.822876531043 
----------------------------------------------------------------


Iter29: the norm of potential is 1.96809516612e-07
----------------------------------------------------------------
        Energy              Rydberg                 eV          
----------------------------------------------------------------
              E_Total      -4.202901008885     -57.183401850785 
              E_Fermi       0.574970613859       7.822876531043 
----------------------------------------------------------------


Iter30: the norm of potential is 1.96809516613e-07
----------------------------------------------------------------
        Energy              Rydberg                 eV          
----------------------------------------------------------------
              E_Total      -4.202901008885     -57.183401850785 
              E_Fermi       0.574970613859       7.822876531043 
----------------------------------------------------------------


Iter31: the norm of potential is 1.96809516603e-07
----------------------------------------------------------------
        Energy              Rydberg                 eV          
----------------------------------------------------------------
              E_Total      -4.202901008885     -57.183401850785 
              E_Fermi       0.574970613859       7.822876531043 
----------------------------------------------------------------


Iter32: the norm of potential is 1.96809516603e-07
----------------------------------------------------------------
        Energy              Rydberg                 eV          
----------------------------------------------------------------
              E_Total      -4.202901008885     -57.183401850785 
              E_Fermi       0.574970613859       7.822876531043 
----------------------------------------------------------------


Iter33: the norm of potential is 1.96809516606e-07
----------------------------------------------------------------
        Energy              Rydberg                 eV          
----------------------------------------------------------------
              E_Total      -4.202901008885     -57.183401850785 
              E_Fermi       0.574970613859       7.822876531043 
----------------------------------------------------------------


Iter34: the norm of potential is 1.96809516606e-07
----------------------------------------------------------------
        Energy              Rydberg                 eV          
----------------------------------------------------------------
              E_Total      -4.202901008885     -57.183401850785 
              E_Fermi       0.574970613859       7.822876531043 
----------------------------------------------------------------


Iter35: the norm of potential is 1.96809516606e-07
----------------------------------------------------------------
        Energy              Rydberg                 eV          
----------------------------------------------------------------
              E_Total      -4.202901008885     -57.183401850785 
              E_Fermi       0.574970613859       7.822876531043 
----------------------------------------------------------------


Iter36: the norm of potential is 1.96809516606e-07
----------------------------------------------------------------
        Energy              Rydberg                 eV          
----------------------------------------------------------------
              E_Total      -4.202901008885     -57.183401850785 
              E_Fermi       0.574970613859       7.822876531043 
----------------------------------------------------------------


Iter37: the norm of potential is 1.96809516608e-07
----------------------------------------------------------------
        Energy              Rydberg                 eV          
----------------------------------------------------------------
              E_Total      -4.202901008885     -57.183401850785 
              E_Fermi       0.574970613859       7.822876531043 
----------------------------------------------------------------


Iter38: the norm of potential is 1.96809516609e-07
----------------------------------------------------------------
        Energy              Rydberg                 eV          
----------------------------------------------------------------
              E_Total      -4.202901008885     -57.183401850785 
              E_Fermi       0.574970613859       7.822876531043 
----------------------------------------------------------------


Iter39: the norm of potential is 1.96809516609e-07
----------------------------------------------------------------
        Energy              Rydberg                 eV          
----------------------------------------------------------------
              E_Total      -4.202901008885     -57.183401850785 
              E_Fermi       0.574970613859       7.822876531043 
----------------------------------------------------------------


Iter40: the norm of potential is 1.9680951661e-07
----------------------------------------------------------------
        Energy              Rydberg                 eV          
----------------------------------------------------------------
              E_Total      -4.202901008885     -57.183401850785 
              E_Fermi       0.574970613859       7.822876531043 
----------------------------------------------------------------


Iter41: the norm of potential is 1.96809516612e-07
----------------------------------------------------------------
        Energy              Rydberg                 eV          
----------------------------------------------------------------
              E_Total      -4.202901008885     -57.183401850785 
              E_Fermi       0.574970613859       7.822876531043 
----------------------------------------------------------------


Iter42: the norm of potential is 1.96809516613e-07
----------------------------------------------------------------
        Energy              Rydberg                 eV          
----------------------------------------------------------------
              E_Total      -4.202901008885     -57.183401850785 
              E_Fermi       0.574970613859       7.822876531043 
----------------------------------------------------------------


Iter43: the norm of potential is 1.96809516613e-07
----------------------------------------------------------------
        Energy              Rydberg                 eV          
----------------------------------------------------------------
              E_Total      -4.202901008885     -57.183401850785 
              E_Fermi       0.574970613859       7.822876531043 
----------------------------------------------------------------


Iter44: the norm of potential is 1.96809516613e-07
----------------------------------------------------------------
        Energy              Rydberg                 eV          
----------------------------------------------------------------
              E_Total      -4.202901008885     -57.183401850785 
              E_Fermi       0.574970613859       7.822876531043 
----------------------------------------------------------------


Iter45: the norm of potential is 1.96809516659e-07
----------------------------------------------------------------
        Energy              Rydberg                 eV          
----------------------------------------------------------------
              E_Total      -4.202901008885     -57.183401850785 
              E_Fermi       0.574970613859       7.822876531043 
----------------------------------------------------------------


Iter46: the norm of potential is 1.96809516654e-07
----------------------------------------------------------------
        Energy              Rydberg                 eV          
----------------------------------------------------------------
              E_Total      -4.202901008885     -57.183401850785 
              E_Fermi       0.574970613859       7.822876531043 
----------------------------------------------------------------


Iter47: the norm of potential is 1.96809516662e-07
----------------------------------------------------------------
        Energy              Rydberg                 eV          
----------------------------------------------------------------
              E_Total      -4.202901008885     -57.183401850785 
              E_Fermi       0.574970613859       7.822876531043 
----------------------------------------------------------------


Iter48: the norm of potential is 1.96809516662e-07
----------------------------------------------------------------
        Energy              Rydberg                 eV          
----------------------------------------------------------------
              E_Total      -4.202901008885     -57.183401850785 
              E_Fermi       0.574970613859       7.822876531043 
----------------------------------------------------------------


Iter49: the norm of potential is 1.96809516665e-07
----------------------------------------------------------------
        Energy              Rydberg                 eV          
----------------------------------------------------------------
              E_Total      -4.202901008885     -57.183401850785 
              E_Fermi       0.574970613859       7.822876531043 
----------------------------------------------------------------


Iter50: the norm of potential is 1.96809516667e-07
----------------------------------------------------------------
        Energy              Rydberg                 eV          
----------------------------------------------------------------
              E_Total      -4.202901008885     -57.183401850785 
              E_Fermi       0.574970613859       7.822876531043 
----------------------------------------------------------------


Iter51: the norm of potential is 1.96809516667e-07
----------------------------------------------------------------
        Energy              Rydberg                 eV          
----------------------------------------------------------------
              E_Total      -4.202901008885     -57.183401850785 
              E_Fermi       0.574970613859       7.822876531043 
----------------------------------------------------------------


Iter52: the norm of potential is 1.96809516667e-07
----------------------------------------------------------------
        Energy              Rydberg                 eV          
----------------------------------------------------------------
              E_Total      -4.202901008885     -57.183401850785 
              E_Fermi       0.574970613859       7.822876531043 
----------------------------------------------------------------


Iter53: the norm of potential is 1.96809516667e-07
----------------------------------------------------------------
        Energy              Rydberg                 eV          
----------------------------------------------------------------
              E_Total      -4.202901008885     -57.183401850785 
              E_Fermi       0.574970613859       7.822876531043 
----------------------------------------------------------------


Iter54: the norm of potential is 1.96809516667e-07
----------------------------------------------------------------
        Energy              Rydberg                 eV          
----------------------------------------------------------------
              E_Total      -4.202901008885     -57.183401850785 
              E_Fermi       0.574970613859       7.822876531043 
----------------------------------------------------------------


Iter55: the norm of potential is 1.96809516667e-07
----------------------------------------------------------------
        Energy              Rydberg                 eV          
----------------------------------------------------------------
              E_Total      -4.202901008885     -57.183401850785 
              E_Fermi       0.574970613859       7.822876531043 
----------------------------------------------------------------


Iter56: the norm of potential is 1.96809516667e-07
----------------------------------------------------------------
        Energy              Rydberg                 eV          
----------------------------------------------------------------
              E_Total      -4.202901008885     -57.183401850785 
              E_Fermi       0.574970613859       7.822876531043 
----------------------------------------------------------------


Iter57: the norm of potential is 1.96809516667e-07
----------------------------------------------------------------
        Energy              Rydberg                 eV          
----------------------------------------------------------------
              E_Total      -4.202901008885     -57.183401850785 
              E_Fermi       0.574970613859       7.822876531043 
----------------------------------------------------------------


Iter58: the norm of potential is 1.96809516667e-07
----------------------------------------------------------------
        Energy              Rydberg                 eV          
----------------------------------------------------------------
              E_Total      -4.202901008885     -57.183401850785 
              E_Fermi       0.574970613859       7.822876531043 
----------------------------------------------------------------


Iter59: the norm of potential is 1.96809516667e-07
----------------------------------------------------------------
        Energy              Rydberg                 eV          
----------------------------------------------------------------
              E_Total      -4.202901008885     -57.183401850785 
              E_Fermi       0.574970613859       7.822876531043 
----------------------------------------------------------------


Iter60: the norm of potential is 1.96809516667e-07
----------------------------------------------------------------
        Energy              Rydberg                 eV          
----------------------------------------------------------------
              E_Total      -4.202901008885     -57.183401850785 
              E_Fermi       0.574970613859       7.822876531043 
----------------------------------------------------------------


Iter61: the norm of potential is 1.96809516667e-07
----------------------------------------------------------------
        Energy              Rydberg                 eV          
----------------------------------------------------------------
              E_Total      -4.202901008885     -57.183401850785 
              E_Fermi       0.574970613859       7.822876531043 
----------------------------------------------------------------


Iter62: the norm of potential is 1.96809516667e-07
----------------------------------------------------------------
        Energy              Rydberg                 eV          
----------------------------------------------------------------
              E_Total      -4.202901008885     -57.183401850785 
              E_Fermi       0.574970613859       7.822876531043 
----------------------------------------------------------------


Iter63: the norm of potential is 1.96809516667e-07
----------------------------------------------------------------
        Energy              Rydberg                 eV          
----------------------------------------------------------------
              E_Total      -4.202901008885     -57.183401850785 
              E_Fermi       0.574970613859       7.822876531043 
----------------------------------------------------------------


Iter64: the norm of potential is 1.96809516667e-07
----------------------------------------------------------------
        Energy              Rydberg                 eV          
----------------------------------------------------------------
              E_Total      -4.202901008885     -57.183401850785 
              E_Fermi       0.574970613859       7.822876531043 
----------------------------------------------------------------


Iter65: the norm of potential is 1.96809516667e-07
----------------------------------------------------------------
        Energy              Rydberg                 eV          
----------------------------------------------------------------
              E_Total      -4.202901008885     -57.183401850785 
              E_Fermi       0.574970613859       7.822876531043 
----------------------------------------------------------------


Iter66: the norm of potential is 1.96809516667e-07
----------------------------------------------------------------
        Energy              Rydberg                 eV          
----------------------------------------------------------------
              E_Total      -4.202901008885     -57.183401850785 
              E_Fermi       0.574970613859       7.822876531043 
----------------------------------------------------------------


Iter67: the norm of potential is 1.96809516667e-07
----------------------------------------------------------------
        Energy              Rydberg                 eV          
----------------------------------------------------------------
              E_Total      -4.202901008885     -57.183401850785 
              E_Fermi       0.574970613859       7.822876531043 
----------------------------------------------------------------


Iter68: the norm of potential is 1.96809516667e-07
----------------------------------------------------------------
        Energy              Rydberg                 eV          
----------------------------------------------------------------
              E_Total      -4.202901008885     -57.183401850785 
              E_Fermi       0.574970613859       7.822876531043 
----------------------------------------------------------------


Iter69: the norm of potential is 1.96809516667e-07
----------------------------------------------------------------
        Energy              Rydberg                 eV          
----------------------------------------------------------------
              E_Total      -4.202901008885     -57.183401850785 
              E_Fermi       0.574970613859       7.822876531043 
----------------------------------------------------------------


Iter70: the norm of potential is 1.96809516667e-07
----------------------------------------------------------------
        Energy              Rydberg                 eV          
----------------------------------------------------------------
              E_Total      -4.202901008885     -57.183401850785 
              E_Fermi       0.574970613859       7.822876531043 
----------------------------------------------------------------


Iter71: the norm of potential is 1.96809516667e-07
----------------------------------------------------------------
        Energy              Rydberg                 eV          
----------------------------------------------------------------
              E_Total      -4.202901008885     -57.183401850785 
              E_Fermi       0.574970613859       7.822876531043 
----------------------------------------------------------------


Iter72: the norm of potential is 1.96809516667e-07
----------------------------------------------------------------
        Energy              Rydberg                 eV          
----------------------------------------------------------------
              E_Total      -4.202901008885     -57.183401850785 
              E_Fermi       0.574970613859       7.822876531043 
----------------------------------------------------------------


Iter73: the norm of potential is 1.96809516667e-07
----------------------------------------------------------------
        Energy              Rydberg                 eV          
----------------------------------------------------------------
              E_Total      -4.202901008885     -57.183401850785 
              E_Fermi       0.574970613859       7.822876531043 
----------------------------------------------------------------


Iter74: the norm of potential is 1.96809516667e-07
----------------------------------------------------------------
        Energy              Rydberg                 eV          
----------------------------------------------------------------
              E_Total      -4.202901008885     -57.183401850785 
              E_Fermi       0.574970613859       7.822876531043 
----------------------------------------------------------------


Iter75: the norm of potential is 1.96809516667e-07
----------------------------------------------------------------
        Energy              Rydberg                 eV          
----------------------------------------------------------------
              E_Total      -4.202901008885     -57.183401850785 
              E_Fermi       0.574970613859       7.822876531043 
----------------------------------------------------------------


Iter76: the norm of potential is 1.96809516667e-07
----------------------------------------------------------------
        Energy              Rydberg                 eV          
----------------------------------------------------------------
              E_Total      -4.202901008885     -57.183401850785 
              E_Fermi       0.574970613859       7.822876531043 
----------------------------------------------------------------


Iter77: the norm of potential is 1.96809516667e-07
----------------------------------------------------------------
        Energy              Rydberg                 eV          
----------------------------------------------------------------
              E_Total      -4.202901008885     -57.183401850785 
              E_Fermi       0.574970613859       7.822876531043 
----------------------------------------------------------------


Iter78: the norm of potential is 1.96809516667e-07
----------------------------------------------------------------
        Energy              Rydberg                 eV          
----------------------------------------------------------------
              E_Total      -4.202901008885     -57.183401850785 
              E_Fermi       0.574970613859       7.822876531043 
----------------------------------------------------------------


Iter79: the norm of potential is 1.96809516667e-07
----------------------------------------------------------------
        Energy              Rydberg                 eV          
----------------------------------------------------------------
              E_Total      -4.202901008885     -57.183401850785 
              E_Fermi       0.574970613859       7.822876531043 
----------------------------------------------------------------


Iter80: the norm of potential is 1.96809516667e-07
----------------------------------------------------------------
        Energy              Rydberg                 eV          
----------------------------------------------------------------
              E_Total      -4.202901008885     -57.183401850785 
              E_Fermi       0.574970613859       7.822876531043 
----------------------------------------------------------------


Iter81: the norm of potential is 1.96809516667e-07
----------------------------------------------------------------
        Energy              Rydberg                 eV          
----------------------------------------------------------------
              E_Total      -4.202901008885     -57.183401850785 
              E_Fermi       0.574970613859       7.822876531043 
----------------------------------------------------------------


Iter82: the norm of potential is 1.96809516667e-07
----------------------------------------------------------------
        Energy              Rydberg                 eV          
----------------------------------------------------------------
              E_Total      -4.202901008885     -57.183401850785 
              E_Fermi       0.574970613859       7.822876531043 
----------------------------------------------------------------


Iter83: the norm of potential is 1.96809516667e-07
----------------------------------------------------------------
        Energy              Rydberg                 eV          
----------------------------------------------------------------
              E_Total      -4.202901008885     -57.183401850785 
              E_Fermi       0.574970613859       7.822876531043 
----------------------------------------------------------------


Iter84: the norm of potential is 1.96809516667e-07
----------------------------------------------------------------
        Energy              Rydberg                 eV          
----------------------------------------------------------------
              E_Total      -4.202901008885     -57.183401850785 
              E_Fermi       0.574970613859       7.822876531043 
----------------------------------------------------------------


Iter85: the norm of potential is 1.96809516667e-07
----------------------------------------------------------------
        Energy              Rydberg                 eV          
----------------------------------------------------------------
              E_Total      -4.202901008885     -57.183401850785 
              E_Fermi       0.574970613859       7.822876531043 
----------------------------------------------------------------


Iter86: the norm of potential is 1.96809516667e-07
----------------------------------------------------------------
        Energy              Rydberg                 eV          
----------------------------------------------------------------
              E_Total      -4.202901008885     -57.183401850785 
              E_Fermi       0.574970613859       7.822876531043 
----------------------------------------------------------------


Iter87: the norm of potential is 1.96809516667e-07
----------------------------------------------------------------
        Energy              Rydberg                 eV          
----------------------------------------------------------------
              E_Total      -4.202901008885     -57.183401850785 
              E_Fermi       0.574970613859       7.822876531043 
----------------------------------------------------------------


Iter88: the norm of potential is 1.96809516667e-07
----------------------------------------------------------------
        Energy              Rydberg                 eV          
----------------------------------------------------------------
              E_Total      -4.202901008885     -57.183401850785 
              E_Fermi       0.574970613859       7.822876531043 
----------------------------------------------------------------


Iter89: the norm of potential is 1.96809516667e-07
----------------------------------------------------------------
        Energy              Rydberg                 eV          
----------------------------------------------------------------
              E_Total      -4.202901008885     -57.183401850785 
              E_Fermi       0.574970613859       7.822876531043 
----------------------------------------------------------------


Iter90: the norm of potential is 1.96809516667e-07
----------------------------------------------------------------
        Energy              Rydberg                 eV          
----------------------------------------------------------------
              E_Total      -4.202901008885     -57.183401850785 
              E_Fermi       0.574970613859       7.822876531043 
----------------------------------------------------------------


Iter91: the norm of potential is 1.96809516667e-07
----------------------------------------------------------------
        Energy              Rydberg                 eV          
----------------------------------------------------------------
              E_Total      -4.202901008885     -57.183401850785 
              E_Fermi       0.574970613859       7.822876531043 
----------------------------------------------------------------


Iter92: the norm of potential is 1.96809516667e-07
----------------------------------------------------------------
        Energy              Rydberg                 eV          
----------------------------------------------------------------
              E_Total      -4.202901008885     -57.183401850785 
              E_Fermi       0.574970613859       7.822876531043 
----------------------------------------------------------------


Iter93: the norm of potential is 1.96809516667e-07
----------------------------------------------------------------
        Energy              Rydberg                 eV          
----------------------------------------------------------------
              E_Total      -4.202901008885     -57.183401850785 
              E_Fermi       0.574970613859       7.822876531043 
----------------------------------------------------------------


Iter94: the norm of potential is 1.96809516667e-07
----------------------------------------------------------------
        Energy              Rydberg                 eV          
----------------------------------------------------------------
              E_Total      -4.202901008885     -57.183401850785 
              E_Fermi       0.574970613859       7.822876531043 
----------------------------------------------------------------


Iter95: the norm of potential is 1.96809516667e-07
----------------------------------------------------------------
        Energy              Rydberg                 eV          
----------------------------------------------------------------
              E_Total      -4.202901008885     -57.183401850785 
              E_Fermi       0.574970613859       7.822876531043 
----------------------------------------------------------------


Iter96: the norm of potential is 1.96809516667e-07
----------------------------------------------------------------
        Energy              Rydberg                 eV          
----------------------------------------------------------------
              E_Total      -4.202901008885     -57.183401850785 
              E_Fermi       0.574970613859       7.822876531043 
----------------------------------------------------------------


Iter97: the norm of potential is 1.96809516667e-07
----------------------------------------------------------------
        Energy              Rydberg                 eV          
----------------------------------------------------------------
              E_Total      -4.202901008885     -57.183401850785 
              E_Fermi       0.574970613859       7.822876531043 
----------------------------------------------------------------


Iter98: the norm of potential is 1.96809516667e-07
----------------------------------------------------------------
        Energy              Rydberg                 eV          
----------------------------------------------------------------
              E_Total      -4.202901008885     -57.183401850785 
              E_Fermi       0.574970613859       7.822876531043 
----------------------------------------------------------------


Iter99: the norm of potential is 1.96809516667e-07
----------------------------------------------------------------
        Energy              Rydberg                 eV          
----------------------------------------------------------------
              E_Total      -4.202901008885     -57.183401850785 
              E_Fermi       0.574970613859       7.822876531043 
----------------------------------------------------------------


Iter100: the norm of potential is 1.96809516667e-07
----------------------------------------------------------------
        Energy              Rydberg                 eV          
----------------------------------------------------------------
              E_Total      -4.202901008885     -57.183401850785 
              E_Fermi       0.574970613859       7.822876531043 
----------------------------------------------------------------


Iter101: the norm of potential is 1.96809516667e-07
----------------------------------------------------------------
        Energy              Rydberg                 eV          
----------------------------------------------------------------
              E_Total      -4.202901008885     -57.183401850785 
              E_Fermi       0.574970613859       7.822876531043 
----------------------------------------------------------------


Iter102: the norm of potential is 1.96809516667e-07
----------------------------------------------------------------
        Energy              Rydberg                 eV          
----------------------------------------------------------------
              E_Total      -4.202901008885     -57.183401850785 
              E_Fermi       0.574970613859       7.822876531043 
----------------------------------------------------------------


Iter103: the norm of potential is 1.96809516667e-07
----------------------------------------------------------------
        Energy              Rydberg                 eV          
----------------------------------------------------------------
              E_Total      -4.202901008885     -57.183401850785 
              E_Fermi       0.574970613859       7.822876531043 
----------------------------------------------------------------


Iter104: the norm of potential is 1.96809516667e-07
----------------------------------------------------------------
        Energy              Rydberg                 eV          
----------------------------------------------------------------
              E_Total      -4.202901008885     -57.183401850785 
              E_Fermi       0.574970613859       7.822876531043 
----------------------------------------------------------------


Iter105: the norm of potential is 1.96809516667e-07
----------------------------------------------------------------
        Energy              Rydberg                 eV          
----------------------------------------------------------------
              E_Total      -4.202901008885     -57.183401850785 
              E_Fermi       0.574970613859       7.822876531043 
----------------------------------------------------------------


Iter106: the norm of potential is 1.96809516667e-07
----------------------------------------------------------------
        Energy              Rydberg                 eV          
----------------------------------------------------------------
              E_Total      -4.202901008885     -57.183401850785 
              E_Fermi       0.574970613859       7.822876531043 
----------------------------------------------------------------


Iter107: the norm of potential is 1.96809516667e-07
----------------------------------------------------------------
        Energy              Rydberg                 eV          
----------------------------------------------------------------
              E_Total      -4.202901008885     -57.183401850785 
              E_Fermi       0.574970613859       7.822876531043 
----------------------------------------------------------------


Iter108: the norm of potential is 1.96809516667e-07
----------------------------------------------------------------
        Energy              Rydberg                 eV          
----------------------------------------------------------------
              E_Total      -4.202901008885     -57.183401850785 
              E_Fermi       0.574970613859       7.822876531043 
----------------------------------------------------------------


Iter109: the norm of potential is 1.96809516667e-07
----------------------------------------------------------------
        Energy              Rydberg                 eV          
----------------------------------------------------------------
              E_Total      -4.202901008885     -57.183401850785 
              E_Fermi       0.574970613859       7.822876531043 
----------------------------------------------------------------


Iter110: the norm of potential is 1.96809516667e-07
----------------------------------------------------------------
        Energy              Rydberg                 eV          
----------------------------------------------------------------
              E_Total      -4.202901008885     -57.183401850785 
              E_Fermi       0.574970613859       7.822876531043 
----------------------------------------------------------------


Iter111: the norm of potential is 1.96809516667e-07
----------------------------------------------------------------
        Energy              Rydberg                 eV          
----------------------------------------------------------------
              E_Total      -4.202901008885     -57.183401850785 
              E_Fermi       0.574970613859       7.822876531043 
----------------------------------------------------------------


Iter112: the norm of potential is 1.96809516667e-07
----------------------------------------------------------------
        Energy              Rydberg                 eV          
----------------------------------------------------------------
              E_Total      -4.202901008885     -57.183401850785 
              E_Fermi       0.574970613859       7.822876531043 
----------------------------------------------------------------


Iter113: the norm of potential is 1.96809516667e-07
----------------------------------------------------------------
        Energy              Rydberg                 eV          
----------------------------------------------------------------
              E_Total      -4.202901008885     -57.183401850785 
              E_Fermi       0.574970613859       7.822876531043 
----------------------------------------------------------------


Iter114: the norm of potential is 1.96809516667e-07
----------------------------------------------------------------
        Energy              Rydberg                 eV          
----------------------------------------------------------------
              E_Total      -4.202901008885     -57.183401850785 
              E_Fermi       0.574970613859       7.822876531043 
----------------------------------------------------------------


Iter115: the norm of potential is 1.96809516667e-07
----------------------------------------------------------------
        Energy              Rydberg                 eV          
----------------------------------------------------------------
              E_Total      -4.202901008885     -57.183401850785 
              E_Fermi       0.574970613859       7.822876531043 
----------------------------------------------------------------


Iter116: the norm of potential is 1.96809516667e-07
----------------------------------------------------------------
        Energy              Rydberg                 eV          
----------------------------------------------------------------
              E_Total      -4.202901008885     -57.183401850785 
              E_Fermi       0.574970613859       7.822876531043 
----------------------------------------------------------------


Iter117: the norm of potential is 1.96809516667e-07
----------------------------------------------------------------
        Energy              Rydberg                 eV          
----------------------------------------------------------------
              E_Total      -4.202901008885     -57.183401850785 
              E_Fermi       0.574970613859       7.822876531043 
----------------------------------------------------------------


Iter118: the norm of potential is 1.96809516667e-07
----------------------------------------------------------------
        Energy              Rydberg                 eV          
----------------------------------------------------------------
              E_Total      -4.202901008885     -57.183401850785 
              E_Fermi       0.574970613859       7.822876531043 
----------------------------------------------------------------


Iter119: the norm of potential is 1.96809516667e-07
----------------------------------------------------------------
        Energy              Rydberg                 eV          
----------------------------------------------------------------
              E_Total      -4.202901008885     -57.183401850785 
              E_Fermi       0.574970613859       7.822876531043 
----------------------------------------------------------------


Iter120: the norm of potential is 1.96809516667e-07
----------------------------------------------------------------
        Energy              Rydberg                 eV          
----------------------------------------------------------------
              E_Total      -4.202901008885     -57.183401850785 
              E_Fermi       0.574970613859       7.822876531043 
----------------------------------------------------------------


Iter121: the norm of potential is 1.96809516667e-07
----------------------------------------------------------------
        Energy              Rydberg                 eV          
----------------------------------------------------------------
              E_Total      -4.202901008885     -57.183401850785 
              E_Fermi       0.574970613859       7.822876531043 
----------------------------------------------------------------


Iter122: the norm of potential is 1.96809516667e-07
----------------------------------------------------------------
        Energy              Rydberg                 eV          
----------------------------------------------------------------
              E_Total      -4.202901008885     -57.183401850785 
              E_Fermi       0.574970613859       7.822876531043 
----------------------------------------------------------------


Iter123: the norm of potential is 1.96809516667e-07
----------------------------------------------------------------
        Energy              Rydberg                 eV          
----------------------------------------------------------------
              E_Total      -4.202901008885     -57.183401850785 
              E_Fermi       0.574970613859       7.822876531043 
----------------------------------------------------------------


Iter124: the norm of potential is 1.96809516667e-07
----------------------------------------------------------------
        Energy              Rydberg                 eV          
----------------------------------------------------------------
              E_Total      -4.202901008885     -57.183401850785 
              E_Fermi       0.574970613859       7.822876531043 
----------------------------------------------------------------


Iter125: the norm of potential is 1.96809516667e-07
----------------------------------------------------------------
        Energy              Rydberg                 eV          
----------------------------------------------------------------
              E_Total      -4.202901008885     -57.183401850785 
              E_Fermi       0.574970613859       7.822876531043 
----------------------------------------------------------------


Iter126: the norm of potential is 1.96809516667e-07
----------------------------------------------------------------
        Energy              Rydberg                 eV          
----------------------------------------------------------------
              E_Total      -4.202901008885     -57.183401850785 
              E_Fermi       0.574970613859       7.822876531043 
----------------------------------------------------------------


Iter127: the norm of potential is 1.96809516667e-07
----------------------------------------------------------------
        Energy              Rydberg                 eV          
----------------------------------------------------------------
              E_Total      -4.202901008885     -57.183401850785 
              E_Fermi       0.574970613859       7.822876531043 
----------------------------------------------------------------


Iter128: the norm of potential is 1.96809516667e-07
----------------------------------------------------------------
        Energy              Rydberg                 eV          
----------------------------------------------------------------
              E_Total      -4.202901008885     -57.183401850785 
              E_Fermi       0.574970613859       7.822876531043 
----------------------------------------------------------------


Iter129: the norm of potential is 1.96809516667e-07
----------------------------------------------------------------
        Energy              Rydberg                 eV          
----------------------------------------------------------------
              E_Total      -4.202901008885     -57.183401850785 
              E_Fermi       0.574970613859       7.822876531043 
----------------------------------------------------------------


Iter130: the norm of potential is 1.96809516667e-07
----------------------------------------------------------------
        Energy              Rydberg                 eV          
----------------------------------------------------------------
              E_Total      -4.202901008885     -57.183401850785 
              E_Fermi       0.574970613859       7.822876531043 
----------------------------------------------------------------


Iter131: the norm of potential is 1.96809516667e-07
----------------------------------------------------------------
        Energy              Rydberg                 eV          
----------------------------------------------------------------
              E_Total      -4.202901008885     -57.183401850785 
              E_Fermi       0.574970613859       7.822876531043 
----------------------------------------------------------------


Iter132: the norm of potential is 1.96809516667e-07
----------------------------------------------------------------
        Energy              Rydberg                 eV          
----------------------------------------------------------------
              E_Total      -4.202901008885     -57.183401850785 
              E_Fermi       0.574970613859       7.822876531043 
----------------------------------------------------------------


Iter133: the norm of potential is 1.96809516667e-07
----------------------------------------------------------------
        Energy              Rydberg                 eV          
----------------------------------------------------------------
              E_Total      -4.202901008885     -57.183401850785 
              E_Fermi       0.574970613859       7.822876531043 
----------------------------------------------------------------


Iter134: the norm of potential is 1.96809516667e-07
----------------------------------------------------------------
        Energy              Rydberg                 eV          
----------------------------------------------------------------
              E_Total      -4.202901008885     -57.183401850785 
              E_Fermi       0.574970613859       7.822876531043 
----------------------------------------------------------------


Iter135: the norm of potential is 1.96809516667e-07
----------------------------------------------------------------
        Energy              Rydberg                 eV          
----------------------------------------------------------------
              E_Total      -4.202901008885     -57.183401850785 
              E_Fermi       0.574970613859       7.822876531043 
----------------------------------------------------------------


Iter136: the norm of potential is 1.96809516667e-07
----------------------------------------------------------------
        Energy              Rydberg                 eV          
----------------------------------------------------------------
              E_Total      -4.202901008885     -57.183401850785 
              E_Fermi       0.574970613859       7.822876531043 
----------------------------------------------------------------


Iter137: the norm of potential is 1.96809516667e-07
----------------------------------------------------------------
        Energy              Rydberg                 eV          
----------------------------------------------------------------
              E_Total      -4.202901008885     -57.183401850785 
              E_Fermi       0.574970613859       7.822876531043 
----------------------------------------------------------------


Iter138: the norm of potential is 1.96809516667e-07
----------------------------------------------------------------
        Energy              Rydberg                 eV          
----------------------------------------------------------------
              E_Total      -4.202901008885     -57.183401850785 
              E_Fermi       0.574970613859       7.822876531043 
----------------------------------------------------------------


Iter139: the norm of potential is 1.96809516667e-07
----------------------------------------------------------------
        Energy              Rydberg                 eV          
----------------------------------------------------------------
              E_Total      -4.202901008885     -57.183401850785 
              E_Fermi       0.574970613859       7.822876531043 
----------------------------------------------------------------


Iter140: the norm of potential is 1.96809516667e-07
----------------------------------------------------------------
        Energy              Rydberg                 eV          
----------------------------------------------------------------
              E_Total      -4.202901008885     -57.183401850785 
              E_Fermi       0.574970613859       7.822876531043 
----------------------------------------------------------------


Iter141: the norm of potential is 1.96809516667e-07
----------------------------------------------------------------
        Energy              Rydberg                 eV          
----------------------------------------------------------------
              E_Total      -4.202901008885     -57.183401850785 
              E_Fermi       0.574970613859       7.822876531043 
----------------------------------------------------------------


Iter142: the norm of potential is 1.96809516667e-07
----------------------------------------------------------------
        Energy              Rydberg                 eV          
----------------------------------------------------------------
              E_Total      -4.202901008885     -57.183401850785 
              E_Fermi       0.574970613859       7.822876531043 
----------------------------------------------------------------


Iter143: the norm of potential is 1.96809516667e-07
----------------------------------------------------------------
        Energy              Rydberg                 eV          
----------------------------------------------------------------
              E_Total      -4.202901008885     -57.183401850785 
              E_Fermi       0.574970613859       7.822876531043 
----------------------------------------------------------------


Iter144: the norm of potential is 1.96809516667e-07
----------------------------------------------------------------
        Energy              Rydberg                 eV          
----------------------------------------------------------------
              E_Total      -4.202901008885     -57.183401850785 
              E_Fermi       0.574970613859       7.822876531043 
----------------------------------------------------------------


Iter145: the norm of potential is 1.96809516667e-07
----------------------------------------------------------------
        Energy              Rydberg                 eV          
----------------------------------------------------------------
              E_Total      -4.202901008885     -57.183401850785 
              E_Fermi       0.574970613859       7.822876531043 
----------------------------------------------------------------


Iter146: the norm of potential is 1.96809516667e-07
----------------------------------------------------------------
        Energy              Rydberg                 eV          
----------------------------------------------------------------
              E_Total      -4.202901008885     -57.183401850785 
              E_Fermi       0.574970613859       7.822876531043 
----------------------------------------------------------------


Iter147: the norm of potential is 1.96809516667e-07
----------------------------------------------------------------
        Energy              Rydberg                 eV          
----------------------------------------------------------------
              E_Total      -4.202901008885     -57.183401850785 
              E_Fermi       0.574970613859       7.822876531043 
----------------------------------------------------------------


Iter148: the norm of potential is 1.96809516667e-07
----------------------------------------------------------------
        Energy              Rydberg                 eV          
----------------------------------------------------------------
              E_Total      -4.202901008885     -57.183401850785 
              E_Fermi       0.574970613859       7.822876531043 
----------------------------------------------------------------


Iter149: the norm of potential is 1.96809516667e-07
----------------------------------------------------------------
        Energy              Rydberg                 eV          
----------------------------------------------------------------
              E_Total      -4.202901008885     -57.183401850785 
              E_Fermi       0.574970613859       7.822876531043 
----------------------------------------------------------------


Iter150: the norm of potential is 1.96809516667e-07
----------------------------------------------------------------
        Energy              Rydberg                 eV          
----------------------------------------------------------------
              E_Total      -4.202901008885     -57.183401850785 
              E_Fermi       0.574970613859       7.822876531043 
----------------------------------------------------------------


Iter151: the norm of potential is 1.96809516667e-07
----------------------------------------------------------------
        Energy              Rydberg                 eV          
----------------------------------------------------------------
              E_Total      -4.202901008885     -57.183401850785 
              E_Fermi       0.574970613859       7.822876531043 
----------------------------------------------------------------


Iter152: the norm of potential is 1.96809516667e-07
----------------------------------------------------------------
        Energy              Rydberg                 eV          
----------------------------------------------------------------
              E_Total      -4.202901008885     -57.183401850785 
              E_Fermi       0.574970613859       7.822876531043 
----------------------------------------------------------------


Iter153: the norm of potential is 1.96809516667e-07
----------------------------------------------------------------
        Energy              Rydberg                 eV          
----------------------------------------------------------------
              E_Total      -4.202901008885     -57.183401850785 
              E_Fermi       0.574970613859       7.822876531043 
----------------------------------------------------------------


Iter154: the norm of potential is 1.96809516667e-07
----------------------------------------------------------------
        Energy              Rydberg                 eV          
----------------------------------------------------------------
              E_Total      -4.202901008885     -57.183401850785 
              E_Fermi       0.574970613859       7.822876531043 
----------------------------------------------------------------


Iter155: the norm of potential is 1.96809516667e-07
----------------------------------------------------------------
        Energy              Rydberg                 eV          
----------------------------------------------------------------
              E_Total      -4.202901008885     -57.183401850785 
              E_Fermi       0.574970613859       7.822876531043 
----------------------------------------------------------------


Iter156: the norm of potential is 1.96809516667e-07
----------------------------------------------------------------
        Energy              Rydberg                 eV          
----------------------------------------------------------------
              E_Total      -4.202901008885     -57.183401850785 
              E_Fermi       0.574970613859       7.822876531043 
----------------------------------------------------------------


Iter157: the norm of potential is 1.96809516667e-07
----------------------------------------------------------------
        Energy              Rydberg                 eV          
----------------------------------------------------------------
              E_Total      -4.202901008885     -57.183401850785 
              E_Fermi       0.574970613859       7.822876531043 
----------------------------------------------------------------


Iter158: the norm of potential is 1.96809516667e-07
----------------------------------------------------------------
        Energy              Rydberg                 eV          
----------------------------------------------------------------
              E_Total      -4.202901008885     -57.183401850785 
              E_Fermi       0.574970613859       7.822876531043 
----------------------------------------------------------------


Iter159: the norm of potential is 1.96809516667e-07
----------------------------------------------------------------
        Energy              Rydberg                 eV          
----------------------------------------------------------------
              E_Total      -4.202901008885     -57.183401850785 
              E_Fermi       0.574970613859       7.822876531043 
----------------------------------------------------------------


Iter160: the norm of potential is 1.96809516667e-07
----------------------------------------------------------------
        Energy              Rydberg                 eV          
----------------------------------------------------------------
              E_Total      -4.202901008885     -57.183401850785 
              E_Fermi       0.574970613859       7.822876531043 
----------------------------------------------------------------


Iter161: the norm of potential is 1.96809516667e-07
----------------------------------------------------------------
        Energy              Rydberg                 eV          
----------------------------------------------------------------
              E_Total      -4.202901008885     -57.183401850785 
              E_Fermi       0.574970613859       7.822876531043 
----------------------------------------------------------------


Iter162: the norm of potential is 1.96809516667e-07
----------------------------------------------------------------
        Energy              Rydberg                 eV          
----------------------------------------------------------------
              E_Total      -4.202901008885     -57.183401850785 
              E_Fermi       0.574970613859       7.822876531043 
----------------------------------------------------------------


Iter163: the norm of potential is 1.96809516667e-07
----------------------------------------------------------------
        Energy              Rydberg                 eV          
----------------------------------------------------------------
              E_Total      -4.202901008885     -57.183401850785 
              E_Fermi       0.574970613859       7.822876531043 
----------------------------------------------------------------


Iter164: the norm of potential is 1.96809516667e-07
----------------------------------------------------------------
        Energy              Rydberg                 eV          
----------------------------------------------------------------
              E_Total      -4.202901008885     -57.183401850785 
              E_Fermi       0.574970613859       7.822876531043 
----------------------------------------------------------------


Iter165: the norm of potential is 1.96809516667e-07
----------------------------------------------------------------
        Energy              Rydberg                 eV          
----------------------------------------------------------------
              E_Total      -4.202901008885     -57.183401850785 
              E_Fermi       0.574970613859       7.822876531043 
----------------------------------------------------------------


Iter166: the norm of potential is 1.96809516667e-07
----------------------------------------------------------------
        Energy              Rydberg                 eV          
----------------------------------------------------------------
              E_Total      -4.202901008885     -57.183401850785 
              E_Fermi       0.574970613859       7.822876531043 
----------------------------------------------------------------


Iter167: the norm of potential is 1.96809516667e-07
----------------------------------------------------------------
        Energy              Rydberg                 eV          
----------------------------------------------------------------
              E_Total      -4.202901008885     -57.183401850785 
              E_Fermi       0.574970613859       7.822876531043 
----------------------------------------------------------------


Iter168: the norm of potential is 1.96809516667e-07
----------------------------------------------------------------
        Energy              Rydberg                 eV          
----------------------------------------------------------------
              E_Total      -4.202901008885     -57.183401850785 
              E_Fermi       0.574970613859       7.822876531043 
----------------------------------------------------------------


Iter169: the norm of potential is 1.96809516667e-07
----------------------------------------------------------------
        Energy              Rydberg                 eV          
----------------------------------------------------------------
              E_Total      -4.202901008885     -57.183401850785 
              E_Fermi       0.574970613859       7.822876531043 
----------------------------------------------------------------


Iter170: the norm of potential is 1.96809516667e-07
----------------------------------------------------------------
        Energy              Rydberg                 eV          
----------------------------------------------------------------
              E_Total      -4.202901008885     -57.183401850785 
              E_Fermi       0.574970613859       7.822876531043 
----------------------------------------------------------------


Iter171: the norm of potential is 1.96809516667e-07
----------------------------------------------------------------
        Energy              Rydberg                 eV          
----------------------------------------------------------------
              E_Total      -4.202901008885     -57.183401850785 
              E_Fermi       0.574970613859       7.822876531043 
----------------------------------------------------------------


Iter172: the norm of potential is 1.96809516667e-07
----------------------------------------------------------------
        Energy              Rydberg                 eV          
----------------------------------------------------------------
              E_Total      -4.202901008885     -57.183401850785 
              E_Fermi       0.574970613859       7.822876531043 
----------------------------------------------------------------


Iter173: the norm of potential is 1.96809516667e-07
----------------------------------------------------------------
        Energy              Rydberg                 eV          
----------------------------------------------------------------
              E_Total      -4.202901008885     -57.183401850785 
              E_Fermi       0.574970613859       7.822876531043 
----------------------------------------------------------------


Iter174: the norm of potential is 1.96809516667e-07
----------------------------------------------------------------
        Energy              Rydberg                 eV          
----------------------------------------------------------------
              E_Total      -4.202901008885     -57.183401850785 
              E_Fermi       0.574970613859       7.822876531043 
----------------------------------------------------------------


Iter175: the norm of potential is 1.96809516667e-07
----------------------------------------------------------------
        Energy              Rydberg                 eV          
----------------------------------------------------------------
              E_Total      -4.202901008885     -57.183401850785 
              E_Fermi       0.574970613859       7.822876531043 
----------------------------------------------------------------


Iter176: the norm of potential is 1.96809516667e-07
----------------------------------------------------------------
        Energy              Rydberg                 eV          
----------------------------------------------------------------
              E_Total      -4.202901008885     -57.183401850785 
              E_Fermi       0.574970613859       7.822876531043 
----------------------------------------------------------------


Iter177: the norm of potential is 1.96809516667e-07
----------------------------------------------------------------
        Energy              Rydberg                 eV          
----------------------------------------------------------------
              E_Total      -4.202901008885     -57.183401850785 
              E_Fermi       0.574970613859       7.822876531043 
----------------------------------------------------------------


Iter178: the norm of potential is 1.96809516667e-07
----------------------------------------------------------------
        Energy              Rydberg                 eV          
----------------------------------------------------------------
              E_Total      -4.202901008885     -57.183401850785 
              E_Fermi       0.574970613859       7.822876531043 
----------------------------------------------------------------


Iter179: the norm of potential is 1.96809516667e-07
----------------------------------------------------------------
        Energy              Rydberg                 eV          
----------------------------------------------------------------
              E_Total      -4.202901008885     -57.183401850785 
              E_Fermi       0.574970613859       7.822876531043 
----------------------------------------------------------------


Iter180: the norm of potential is 1.96809516667e-07
----------------------------------------------------------------
        Energy              Rydberg                 eV          
----------------------------------------------------------------
              E_Total      -4.202901008885     -57.183401850785 
              E_Fermi       0.574970613859       7.822876531043 
----------------------------------------------------------------


Iter181: the norm of potential is 1.96809516667e-07
----------------------------------------------------------------
        Energy              Rydberg                 eV          
----------------------------------------------------------------
              E_Total      -4.202901008885     -57.183401850785 
              E_Fermi       0.574970613859       7.822876531043 
----------------------------------------------------------------


Iter182: the norm of potential is 1.96809516667e-07
----------------------------------------------------------------
        Energy              Rydberg                 eV          
----------------------------------------------------------------
              E_Total      -4.202901008885     -57.183401850785 
              E_Fermi       0.574970613859       7.822876531043 
----------------------------------------------------------------


Iter183: the norm of potential is 1.96809516667e-07
----------------------------------------------------------------
        Energy              Rydberg                 eV          
----------------------------------------------------------------
              E_Total      -4.202901008885     -57.183401850785 
              E_Fermi       0.574970613859       7.822876531043 
----------------------------------------------------------------


Iter184: the norm of potential is 1.96809516667e-07
----------------------------------------------------------------
        Energy              Rydberg                 eV          
----------------------------------------------------------------
              E_Total      -4.202901008885     -57.183401850785 
              E_Fermi       0.574970613859       7.822876531043 
----------------------------------------------------------------


Iter185: the norm of potential is 1.96809516667e-07
----------------------------------------------------------------
        Energy              Rydberg                 eV          
----------------------------------------------------------------
              E_Total      -4.202901008885     -57.183401850785 
              E_Fermi       0.574970613859       7.822876531043 
----------------------------------------------------------------


Iter186: the norm of potential is 1.96809516667e-07
----------------------------------------------------------------
        Energy              Rydberg                 eV          
----------------------------------------------------------------
              E_Total      -4.202901008885     -57.183401850785 
              E_Fermi       0.574970613859       7.822876531043 
----------------------------------------------------------------


Iter187: the norm of potential is 1.96809516667e-07
----------------------------------------------------------------
        Energy              Rydberg                 eV          
----------------------------------------------------------------
              E_Total      -4.202901008885     -57.183401850785 
              E_Fermi       0.574970613859       7.822876531043 
----------------------------------------------------------------


Iter188: the norm of potential is 1.96809516667e-07
----------------------------------------------------------------
        Energy              Rydberg                 eV          
----------------------------------------------------------------
              E_Total      -4.202901008885     -57.183401850785 
              E_Fermi       0.574970613859       7.822876531043 
----------------------------------------------------------------


Iter189: the norm of potential is 1.96809516667e-07
----------------------------------------------------------------
        Energy              Rydberg                 eV          
----------------------------------------------------------------
              E_Total      -4.202901008885     -57.183401850785 
              E_Fermi       0.574970613859       7.822876531043 
----------------------------------------------------------------


Iter190: the norm of potential is 1.96809516667e-07
----------------------------------------------------------------
        Energy              Rydberg                 eV          
----------------------------------------------------------------
              E_Total      -4.202901008885     -57.183401850785 
              E_Fermi       0.574970613859       7.822876531043 
----------------------------------------------------------------


Iter191: the norm of potential is 1.96809516667e-07
----------------------------------------------------------------
        Energy              Rydberg                 eV          
----------------------------------------------------------------
              E_Total      -4.202901008885     -57.183401850785 
              E_Fermi       0.574970613859       7.822876531043 
----------------------------------------------------------------


Iter192: the norm of potential is 1.96809516667e-07
----------------------------------------------------------------
        Energy              Rydberg                 eV          
----------------------------------------------------------------
              E_Total      -4.202901008885     -57.183401850785 
              E_Fermi       0.574970613859       7.822876531043 
----------------------------------------------------------------


Iter193: the norm of potential is 1.96809516667e-07
----------------------------------------------------------------
        Energy              Rydberg                 eV          
----------------------------------------------------------------
              E_Total      -4.202901008885     -57.183401850785 
              E_Fermi       0.574970613859       7.822876531043 
----------------------------------------------------------------


Iter194: the norm of potential is 1.96809516667e-07
----------------------------------------------------------------
        Energy              Rydberg                 eV          
----------------------------------------------------------------
              E_Total      -4.202901008885     -57.183401850785 
              E_Fermi       0.574970613859       7.822876531043 
----------------------------------------------------------------


Iter195: the norm of potential is 1.96809516667e-07
----------------------------------------------------------------
        Energy              Rydberg                 eV          
----------------------------------------------------------------
              E_Total      -4.202901008885     -57.183401850785 
              E_Fermi       0.574970613859       7.822876531043 
----------------------------------------------------------------


Iter196: the norm of potential is 1.96809516667e-07
----------------------------------------------------------------
        Energy              Rydberg                 eV          
----------------------------------------------------------------
              E_Total      -4.202901008885     -57.183401850785 
              E_Fermi       0.574970613859       7.822876531043 
----------------------------------------------------------------


Iter197: the norm of potential is 1.96809516667e-07
----------------------------------------------------------------
        Energy              Rydberg                 eV          
----------------------------------------------------------------
              E_Total      -4.202901008885     -57.183401850785 
              E_Fermi       0.574970613859       7.822876531043 
----------------------------------------------------------------


Iter198: the norm of potential is 1.96809516667e-07
----------------------------------------------------------------
        Energy              Rydberg                 eV          
----------------------------------------------------------------
              E_Total      -4.202901008885     -57.183401850785 
              E_Fermi       0.574970613859       7.822876531043 
----------------------------------------------------------------


Iter199: the norm of potential is 1.96809516667e-07
----------------------------------------------------------------
        Energy              Rydberg                 eV          
----------------------------------------------------------------
              E_Total      -4.202901008885     -57.183401850785 
              E_Fermi       0.574970613859       7.822876531043 
----------------------------------------------------------------


Iter200: the norm of potential is 1.96809516667e-07
----------------------------------------------------------------
        Energy              Rydberg                 eV          
----------------------------------------------------------------
              E_Total      -4.202901008885     -57.183401850785 
              E_Fermi       0.574970613859       7.822876531043 
----------------------------------------------------------------

 !!SCF IS NOT CONVERGED!!



 #TOTAL-FORCE (eV/Angstrom)#
 -------------------------------------------------------------------------
     Atoms              Force_x              Force_y              Force_z 
 -------------------------------------------------------------------------
       Al1         0.0000000000         0.0000000000         0.0000000000 
 -------------------------------------------------------------------------

 #TOTAL-STRESS (kbar)#
 ----------------------------------------------------------------
              Stress_x             Stress_y             Stress_z 
 ----------------------------------------------------------------
          7.7880491815         0.0000007721         0.0000007721 
          0.0000007721         7.7880491816         0.0000007719 
          0.0000007721         0.0000007719         7.7880491817 
 ----------------------------------------------------------------
 #TOTAL-PRESSURE# (EXCLUDE KINETIC PART OF IONS): 7.788049 kbar

 --------------------------------------------
 !FINAL_ETOT_IS -57.1834018507848612 eV
 --------------------------------------------



 TIME STATISTICS
-----------------------------------------------------------------------
     CLASS_NAME             NAME         TIME/s  CALLS   AVG/s  PER/%  
-----------------------------------------------------------------------
                     total               46.10  17       2.71   100.00 
 Driver              atomic_world        46.10  1        46.10  100.00 
 PW_Basis_Sup        recip2real          7.67   101689   0.00   16.64  
 PW_Basis_Sup        recip2real_copy_g   1.00   101689   0.00   2.18   
 PW_Basis_Sup        gathers_copy_pack   0.59   101689   0.00   1.27   
 PW_Basis_Sup        gathers_copy_unpack 0.58   101689   0.00   1.26   
 Potential           cal_veff            31.61  11298    0.00   68.58  
 H_Hartree_pw        v_hartree           2.02   11298    0.00   4.39   
 PW_Basis_Sup        real2recip          8.85   124281   0.00   19.20  
 PW_Basis_Sup        real2recip_copy_r   0.55   124281   0.00   1.19   
 PW_Basis_Sup        gatherp_copy_pack   0.70   124281   0.00   1.52   
 PW_Basis_Sup        gatherp_copy_unpack 1.13   124281   0.00   2.45   
 PW_Basis_Sup        real2recip_copy_g   0.58   124281   0.00   1.25   
 PotXC               cal_veff            29.53  11298    0.00   64.06  
 XC_Functional_Libxc v_xc_libxc          29.50  11298    0.00   63.99  
 Libxc               xc_lda/gga_exc_vxc  13.78  22596    0.00   29.90  
 Relax_Driver        relax_driver        46.01  1        46.01  99.82  
 ESolver_OF          runner              45.99  1        45.99  99.77  
 KEDF_Manager        get_potential       13.57  11296    0.00   29.44  
 KEDF_TF             tf_potential        2.38   11296    0.00   5.17   
 KEDF_WT             wt_potential        9.28   11296    0.00   20.13  
 KEDF_vW             vw_potential        1.87   11296    0.00   4.06   
-----------------------------------------------------------------------


 NAME-------------------------|MEMORY(MB)------------------
                         total         2.5630
 -------------   < 1.0 MB has been ignored ----------------
 ----------------------------------------------------------

 Start  Time  : Wed Aug  5 14:26:47 2026
 Finish Time  : Wed Aug  5 14:27:33 2026
 Total  Time  : 0 h 0 mins 46 secs 
