1     # ionic step
 Electronic state energy (eV) and occupations
 Spin number 1
 spin=1 k-point=1/868 Cartesian=0.0000000 0.0000000 0.0000000 (531 plane wave)
 1 -3.677407082849373 0.001157407407407396
 2 22.70245527450475 0.000000000000000
 3 22.70245528515962 0.000000000000000
 4 22.70245532562419 0.000000000000000
 5 22.72986424186564 0.000000000000000
 6 22.72986424302113 0.000000000000000
 7 22.72986424850769 0.000000000000000
 8 24.23588705553973 0.000000000000000
 9 29.28894474022126 0.000000000000000
 10 31.24697076880397 0.000000000000000
 11 31.24697077383559 0.000000000000000
 12 32.92402086271110 0.000000000000000

 spin=1 k-point=2/868 Cartesian=-0.02057613168724194 0.02057613168724194 0.02057613168724194 (495 plane wave)
 1 -3.487958945063273 0.002314814814814792
 2 18.92598081679448 0.000000000000000
 3 21.38700331789257 0.000000000000000
 4 21.38700334256736 0.000000000000000
 5 23.30173478112318 0.000000000000000
 6 24.39363627516070 0.000000000000000
 7 24.39363629253885 0.000000000000000
 8 27.02496052893695 0.000000000000000
 9 29.16526555162336 0.000000000000000
 10 29.16526557163241 0.000000000000000
 11 29.57829604944436 0.000000000000000
 12 32.86556373852393 0.000000000000000

 spin=1 k-point=3/868 Cartesian=-0.04115226337448708 0.04115226337448708 0.04115226337448708 (489 plane wave)
 1 -2.919743604955438 0.002314814814814792
 2 15.10644808754376 0.000000000000000
 3 20.42614447821159 0.000000000000000
 4 20.42614450834305 0.000000000000000
 5 22.89613542148012 0.000000000000000
 6 25.96648984829928 0.000000000000000
 7 25.96648987035302 0.000000000000000
 8 27.28343528992172 0.000000000000000
 9 27.28343529299186 0.000000000000000
 10 28.44155969949427 0.000000000000000
 11 30.35117857954560 0.000000000000000
 12 35.35198277255871 0.000000000000000

 spin=1 k-point=4/868 Cartesian=-0.06172839506172872 0.06172839506172872 0.06172839506172872 (483 plane wave)
 1 -1.973043155558139 0.002314814814814792
 2 11.58202568646642 0.000000000000000
 3 19.83366707010152 0.000000000000000
 4 19.83366710926553 0.000000000000000
 5 22.57255239837983 0.000000000000000
 6 24.51250806609237 0.000000000000000
 7 24.51250810997317 0.000000000000000
 8 27.01153812574398 0.000000000000000
 9 29.15879968074746 0.000000000000000
 10 29.15879969718172 0.000000000000000
 11 32.79239176438033 0.000000000000000
 12 40.11330554908295 0.000000000000000

 spin=1 k-point=5/868 Cartesian=-0.08230452674897035 0.08230452674897035 0.08230452674897035 (492 plane wave)
 1 -0.6484099075780250 0.002314814814814792
 2 8.401285986345933 3.345321958342733e-06
 3 19.59884378363882 0.000000000000000
 4 19.59884383960345 0.000000000000000
 5 22.48537598629120 0.000000000000000
 6 22.89572508653078 0.000000000000000
 7 22.89572514701186 0.000000000000000
 8 25.56897146619831 0.000000000000000
 9 31.96429899779984 0.000000000000000
 10 31.96429901327646 0.000000000000000
 11 35.50736320756069 0.000000000000000
 12 45.68395568839217 0.000000000000000

 spin=1 k-point=6/868 Cartesian=-0.1028806584362155 0.1028806584362155 0.1028806584362155 (477 plane wave)
 1 1.053224689690862 0.002314814814814792
 2 5.581731631620914 0.002314814813905309
 3 19.67604999932394 0.000000000000000
 4 19.67605009149103 0.000000000000000
 5 21.69205809874240 0.000000000000000
 6 21.69205819541568 0.000000000000000
 7 22.66457833706173 0.000000000000000
 8 24.41916584789166 0.000000000000000
 9 35.16141943142896 0.000000000000000
 10 35.16141944607271 0.000000000000000
 11 38.43364426282496 0.000000000000000
 12 42.86132663223998 0.000000000000000

 spin=1 k-point=7/868 Cartesian=-0.1234567901234571 0.1234567901234571 0.1234567901234571 (476 plane wave)
 1 3.097266883864339 0.001157407407407396
 2 3.164448915307356 0.001157407407407396
 3 19.82845744713376 0.000000000000000
 4 19.82845758710454 0.000000000000000
 5 21.16292896375582 0.000000000000000
 6 21.16292910820614 0.000000000000000
 7 22.90159263067077 0.000000000000000
 8 23.85221453374059 0.000000000000000
 9 38.17575144956582 0.000000000000000
 10 38.17575146123925 0.000000000000000
 11 39.47585480955836 0.000000000000000
 12 39.47585482159691 0.000000000000000

 spin=1 k-point=8/868 Cartesian=0.02057613168724194 -0.02057613168724194 0.02057613168724194 (495 plane wave)
 1 -3.487958945057627 0.002314814814814792
 2 18.92598081739705 0.000000000000000
 3 21.38700331488506 0.000000000000000
 4 21.38700334532720 0.000000000000000
 5 23.30173478489623 0.000000000000000
 6 24.39363626956241 0.000000000000000
 7 24.39363628893053 0.000000000000000
 8 27.02496052930269 0.000000000000000
 9 29.16526555548145 0.000000000000000
 10 29.16526557815735 0.000000000000000
 11 29.57829605259506 0.000000000000000
 12 32.86556372371849 0.000000000000000

 spin=1 k-point=9/868 Cartesian=0.000000000000000 0.000000000000000 0.04115226337448389 (495 plane wave)
 1 -3.424830215376037 0.002314814814814792
 2 19.94236916015885 0.000000000000000
 3 19.94236917347847 0.000000000000000
 4 20.59086819874380 0.000000000000000
 5 21.85251556105906 0.000000000000000
 6 25.97648241138092 0.000000000000000
 7 25.97648243891756 0.000000000000000
 8 26.60066597151766 0.000000000000000
 9 26.88366626465679 0.000000000000000
 10 30.72069568305692 0.000000000000000
 11 31.50107232522308 0.000000000000000
 12 33.19730544005866 0.000000000000000

 spin=1 k-point=10/868 Cartesian=-0.02057613168724514 0.02057613168724514 0.06172839506172903 (494 plane wave)
 1 -2.982927250018284 0.002314814814814792
 2 16.47782097701051 0.000000000000000
 3 18.86565651676475 0.000000000000000
 4 20.26808153630172 0.000000000000000
 5 22.61972927958833 0.000000000000000
 6 24.22556080687402 0.000000000000000
 7 25.94262195273119 0.000000000000000
 8 27.79567503485085 0.000000000000000
 9 29.79018892585696 0.000000000000000
 10 30.09457757511476 0.000000000000000
 11 30.87603908257897 0.000000000000000
 12 34.41195488375662 0.000000000000000

 spin=1 k-point=11/868 Cartesian=-0.04115226337448678 0.04115226337448678 0.08230452674897067 (486 plane wave)
 1 -2.162484671405089 0.002314814814814792
 2 12.87382710077086 0.000000000000000
 3 18.16377985264702 0.000000000000000
 4 19.68686997280778 0.000000000000000
 5 21.86333308721208 0.000000000000000
 6 24.71754863025121 0.000000000000000
 7 25.81387623059187 0.000000000000000
 8 27.26859695569544 0.000000000000000
 9 29.31178617454902 0.000000000000000
 10 30.51187878318829 0.000000000000000
 11 33.06108163985005 0.000000000000000
 12 38.56321382779104 0.000000000000000

 spin=1 k-point=12/868 Cartesian=-0.06172839506172841 0.06172839506172841 0.1028806584362123 (484 plane wave)
 1 -0.9639918285273545 0.002314814814814792
 2 9.583720367635900 2.453677473387780e-11
 3 17.83783615792055 0.000000000000000
 4 19.33278007930532 0.000000000000000
 5 20.18241365025119 0.000000000000000
 6 25.12729396562894 0.000000000000000
 7 25.53006497313886 0.000000000000000
 8 27.00402649821672 0.000000000000000
 9 28.56843176859340 0.000000000000000
 10 33.16229475695733 0.000000000000000
 11 35.81778927694484 0.000000000000000
 12 43.88948122137696 0.000000000000000

 spin=1 k-point=13/868 Cartesian=-0.08230452674897355 0.08230452674897355 0.1234567901234574 (483 plane wave)
 1 0.6117130870766979 0.002314814814814792
 2 6.645763120267220 0.002314776811755065
 3 17.88649462284352 0.000000000000000
 4 18.54280384552476 0.000000000000000
 5 19.62259334138190 0.000000000000000
 6 24.11030707313050 0.000000000000000
 7 25.30002462750803 0.000000000000000
 8 26.10965071777478 0.000000000000000
 9 31.11296442713408 0.000000000000000
 10 36.22037466340005 0.000000000000000
 11 38.74617376187397 0.000000000000000
 12 42.41609626161797 0.000000000000000

 spin=1 k-point=14/868 Cartesian=-0.1028806584362152 0.1028806584362152 0.1440329218106990 (473 plane wave)
 1 2.562866157703827 0.002314814814814792
 2 4.073602597662187 0.002314814814814792
 3 17.53574902989096 0.000000000000000
 4 18.30526116369876 0.000000000000000
 5 20.00659026342669 0.000000000000000
 6 23.06554134060646 0.000000000000000
 7 25.12398154482751 0.000000000000000
 8 25.78109014814101 0.000000000000000
 9 34.40727881170960 0.000000000000000
 10 38.01113359318489 0.000000000000000
 11 39.96478395632341 0.000000000000000
 12 40.01494626418370 0.000000000000000

 spin=1 k-point=15/868 Cartesian=-0.1234567901234568 0.1234567901234568 0.08230452674897418 (480 plane wave)
 1 1.871246367194530 0.002314814814814792
 2 4.889194119813768 0.002314814814813898
 3 16.86185818674269 0.000000000000000
 4 19.08131381480556 0.000000000000000
 5 20.79001304481144 0.000000000000000
 6 22.41627743363517 0.000000000000000
 7 24.45558140620431 0.000000000000000
 8 26.57352522839767 0.000000000000000
 9 34.47188545565361 0.000000000000000
 10 36.00583831472915 0.000000000000000
 11 38.79214227617041 0.000000000000000
 12 41.79622801504519 0.000000000000000

 spin=1 k-point=16/868 Cartesian=-0.1028806584362117 0.1028806584362117 0.06172839506172903 (484 plane wave)
 1 0.04477845545455182 0.002314814814814792
 2 7.583676407165732 0.001938114836580273
 3 16.55586508229539 0.000000000000000
 4 20.16804215227748 0.000000000000000
 5 21.92719595769981 0.000000000000000
 6 22.20828517681824 0.000000000000000
 7 24.11773427147293 0.000000000000000
 8 27.66601122644906 0.000000000000000
 9 31.14005901261071 0.000000000000000
 10 33.11838073015941 0.000000000000000
 11 38.71906546776123 0.000000000000000
 12 42.61211742742950 0.000000000000000

 spin=1 k-point=17/868 Cartesian=-0.08230452674897004 0.08230452674897004 0.04115226337448740 (483 plane wave)
 1 -1.405370604305864 0.002314814814814792
 2 10.63903155649680 0.000000000000000
 3 16.62450569210130 0.000000000000000
 4 21.33746871352775 0.000000000000000
 5 22.65633495731941 0.000000000000000
 6 23.31300942300158 0.000000000000000
 7 24.17798787025658 0.000000000000000
 8 28.19293487855604 0.000000000000000
 9 28.70058565002374 0.000000000000000
 10 30.73594193998614 0.000000000000000
 11 35.75314698253892 0.000000000000000
 12 41.22397243837388 0.000000000000000

 spin=1 k-point=18/868 Cartesian=-0.06172839506172841 0.06172839506172841 0.02057613168724576 (489 plane wave)
 1 -2.477954524348775 0.002314814814814792
 2 14.03058581227005 0.000000000000000
 3 17.07611460813031 0.000000000000000
 4 22.20959698651505 0.000000000000000
 5 23.98771776739218 0.000000000000000
 6 24.01754148346115 0.000000000000000
 7 25.42723879626004 0.000000000000000
 8 25.79166305949487 0.000000000000000
 9 27.47617280622718 0.000000000000000
 10 31.29640906070751 0.000000000000000
 11 32.90499276940594 0.000000000000000
 12 36.64096919896793 0.000000000000000

 spin=1 k-point=19/868 Cartesian=0.04115226337448327 -0.04115226337448327 0.000000000000000 (493 plane wave)
 1 -3.172279679797327 0.002314814814814792
 2 17.46989984937198 0.000000000000000
 3 18.14437494070775 0.000000000000000
 4 23.07303402688677 0.000000000000000
 5 23.23774316393447 0.000000000000000
 6 23.95614097940976 0.000000000000000
 7 25.91743925666831 0.000000000000000
 8 26.60811439094334 0.000000000000000
 9 27.44859193296826 0.000000000000000
 10 29.70576349291092 0.000000000000000
 11 32.01516308465639 0.000000000000000
 12 33.48956099394423 0.000000000000000

 spin=1 k-point=20/868 Cartesian=0.04115226337448708 -0.04115226337448708 0.04115226337448708 (489 plane wave)
 1 -2.919743604930970 0.002314814814814792
 2 15.10644808779771 0.000000000000000
 3 20.42614447534646 0.000000000000000
 4 20.42614451256191 0.000000000000000
 5 22.89613542255000 0.000000000000000
 6 25.96648982626609 0.000000000000000
 7 25.96648984580833 0.000000000000000
 8 27.28343530502281 0.000000000000000
 9 27.28343532568722 0.000000000000000
 10 28.44155971307134 0.000000000000000
 11 30.35117856557237 0.000000000000000
 12 35.35198276518911 0.000000000000000

 spin=1 k-point=21/868 Cartesian=0.02057613168724514 -0.02057613168724514 0.06172839506172902 (494 plane wave)
 1 -2.982927250000520 0.002314814814814792
 2 16.47782097733540 0.000000000000000
 3 18.86565651774036 0.000000000000000
 4 20.26808153741988 0.000000000000000
 5 22.61972926755909 0.000000000000000
 6 24.22556081711537 0.000000000000000
 7 25.94262195460226 0.000000000000000
 8 27.79567502226704 0.000000000000000
 9 29.79018893954587 0.000000000000000
 10 30.09457757729608 0.000000000000000
 11 30.87603908468210 0.000000000000000
 12 34.41195487347926 0.000000000000000

 spin=1 k-point=22/868 Cartesian=0.000000000000000 0.000000000000000 0.08230452674897416 (488 plane wave)
 1 -2.667478240845572 0.002314814814814792
 2 17.66720817217726 0.000000000000000
 3 17.66720818246784 0.000000000000000
 4 18.34433800261716 0.000000000000000
 5 20.22579174622771 0.000000000000000
 6 21.58716506969623 0.000000000000000
 7 29.67919282969315 0.000000000000000
 8 29.67919287842768 0.000000000000000
 9 30.65648589064797 0.000000000000000
 10 32.26321226632491 0.000000000000000
 11 33.34475500836579 0.000000000000000
 12 34.04783773827816 0.000000000000000

 spin=1 k-point=23/868 Cartesian=-0.02057613168724164 0.02057613168724164 0.1028806584362158 (482 plane wave)
 1 -1.973611987846017 0.002314814814814792
 2 14.47847876878906 0.000000000000000
 3 16.84325272086849 0.000000000000000
 4 18.40204672982844 0.000000000000000
 5 19.17126763997534 0.000000000000000
 6 21.15362525037095 0.000000000000000
 7 29.81600283320881 0.000000000000000
 8 30.35834612957480 0.000000000000000
 9 32.24085479945042 0.000000000000000
 10 32.25938013912129 0.000000000000000
 11 33.99255578466219 0.000000000000000
 12 36.99777929695443 0.000000000000000

 spin=1 k-point=24/868 Cartesian=-0.04115226337448327 0.04115226337448327 0.1234567901234574 (481 plane wave)
 1 -0.9018270332261787 0.002314814814814792
 2 11.12074545443616 0.000000000000000
 3 16.39670392519060 0.000000000000000
 4 17.20927065731567 0.000000000000000
 5 18.19033245889273 0.000000000000000
 6 23.43954207702952 0.000000000000000
 7 28.59385174588160 0.000000000000000
 8 29.63149214460520 0.000000000000000
 9 30.62979201680382 0.000000000000000
 10 34.71575017487185 0.000000000000000
 11 37.00742053956967 0.000000000000000
 12 41.01042482936859 0.000000000000000

 spin=1 k-point=25/868 Cartesian=-0.06172839506172841 0.06172839506172841 0.1440329218107026 (481 plane wave)
 1 0.5469646994038538 0.002314814814814792
 2 8.077217151838482 8.254849736103850e-05
 3 15.66674390051093 0.000000000000000
 4 16.32820637446799 0.000000000000000
 5 18.15417983367079 0.000000000000000
 6 26.13061230399421 0.000000000000000
 7 27.05365569443165 0.000000000000000
 8 29.29514267065388 0.000000000000000
 9 29.72564912064177 0.000000000000000
 10 37.63225194319852 0.000000000000000
 11 39.93651642763621 0.000000000000000
 12 42.33513986883982 0.000000000000000

 spin=1 k-point=26/868 Cartesian=-0.08230452674897003 0.08230452674897003 0.1646090534979442 (478 plane wave)
 1 2.371022960519324 0.002314814814814792
 2 5.388012036122305 0.002314814814683728
 3 14.48151261892023 0.000000000000000
 4 16.63728681908925 0.000000000000000
 5 18.47802807528086 0.000000000000000
 6 25.87117141530776 0.000000000000000
 7 27.52070778278514 0.000000000000000
 8 29.53057255560705 0.000000000000000
 9 30.53103306270232 0.000000000000000
 10 37.91756342500548 0.000000000000000
 11 40.09354933237995 0.000000000000000
 12 41.22679853869742 0.000000000000000

 spin=1 k-point=27/868 Cartesian=-0.1440329218107020 0.1440329218107020 0.06172839506172903 (475 plane wave)
 1 3.064617339461202 0.002314814814814792
 2 4.568414932339502 0.002314814814814756
 3 13.67070415799391 0.000000000000000
 4 17.32228455070101 0.000000000000000
 5 19.16485221812188 0.000000000000000
 6 25.06326452467987 0.000000000000000
 7 26.91559460446834 0.000000000000000
 8 30.50256880200847 0.000000000000000
 9 33.32741079864143 0.000000000000000
 10 34.15668543427314 0.000000000000000
 11 36.94484334379775 0.000000000000000
 12 44.86856004638103 0.000000000000000

 spin=1 k-point=28/868 Cartesian=-0.1234567901234568 0.1234567901234568 0.04115226337448389 (483 plane wave)
 1 1.114931128175576 0.002314814814814792
 2 7.129633901697372 0.002310024647611964
 3 13.24120216243216 0.000000000000000
 4 18.37915974814544 0.000000000000000
 5 20.21435163487825 0.000000000000000
 6 24.63588873366649 0.000000000000000
 7 26.41344947339374 0.000000000000000
 8 30.69364989226322 0.000000000000000
 9 31.21074446393914 0.000000000000000
 10 33.22367207358816 0.000000000000000
 11 38.07232125993020 0.000000000000000
 12 43.18380683859105 0.000000000000000

 spin=1 k-point=29/868 Cartesian=-0.1028806584362152 0.1028806584362152 0.02057613168724226 (481 plane wave)
 1 -0.4598603683752341 0.002314814814814792
 2 10.03124623058667 2.794067387907520e-13
 3 13.21230703512522 0.000000000000000
 4 19.79669351101115 0.000000000000000
 5 21.62022855277892 0.000000000000000
 6 24.59213008824924 0.000000000000000
 7 26.07972233822839 0.000000000000000
 8 27.61260923931764 0.000000000000000
 9 29.77522952075995 0.000000000000000
 10 33.42206997699577 0.000000000000000
 11 38.88031521466072 0.000000000000000
 12 41.12317196006862 0.000000000000000

 spin=1 k-point=30/868 Cartesian=0.08230452674897355 -0.08230452674897355 0.000000000000000 (487 plane wave)
 1 -1.657813827160456 0.002314814814814792
 2 12.92205559336390 0.000000000000000
 3 13.91872806130534 0.000000000000000
 4 21.52220142390422 0.000000000000000
 5 23.36038425197772 0.000000000000000
 6 24.76103954588425 0.000000000000000
 7 25.14501698771196 0.000000000000000
 8 25.48776297806650 0.000000000000000
 9 28.03318090102464 0.000000000000000
 10 34.70259082615325 0.000000000000000
 11 35.11695242436569 0.000000000000000
 12 37.59201559591835 0.000000000000000

 spin=1 k-point=31/868 Cartesian=0.06172839506172841 -0.06172839506172841 0.02057613168724576 (489 plane wave)
 1 -2.477954524328823 0.002314814814814792
 2 14.03058581244655 0.000000000000000
 3 17.07611460768076 0.000000000000000
 4 22.20959700031700 0.000000000000000
 5 23.98771773669937 0.000000000000000
 6 24.01754147445194 0.000000000000000
 7 25.42723881040392 0.000000000000000
 8 25.79166307663628 0.000000000000000
 9 27.47617280065115 0.000000000000000
 10 31.29640906514035 0.000000000000000
 11 32.90499277077390 0.000000000000000
 12 36.64096917902702 0.000000000000000

 spin=1 k-point=32/868 Cartesian=0.06172839506172872 -0.06172839506172872 0.06172839506172872 (483 plane wave)
 1 -1.973043155495965 0.002314814814814792
 2 11.58202568653295 0.000000000000000
 3 19.83366706707874 0.000000000000000
 4 19.83366711516777 0.000000000000000
 5 22.57255239676274 0.000000000000000
 6 24.51250805478607 0.000000000000000
 7 24.51250810448393 0.000000000000000
 8 27.01153813507654 0.000000000000000
 9 29.15879968506419 0.000000000000000
 10 29.15879970987984 0.000000000000000
 11 32.79239175394700 0.000000000000000
 12 40.11330554571972 0.000000000000000

 spin=1 k-point=33/868 Cartesian=0.04115226337448678 -0.04115226337448678 0.08230452674897067 (486 plane wave)
 1 -2.162484671354227 0.002314814814814792
 2 12.87382710092378 0.000000000000000
 3 18.16377985438521 0.000000000000000
 4 19.68686997227827 0.000000000000000
 5 21.86333308089669 0.000000000000000
 6 24.71754863670116 0.000000000000000
 7 25.81387622937658 0.000000000000000
 8 27.26859694240876 0.000000000000000
 9 29.31178618665194 0.000000000000000
 10 30.51187879659479 0.000000000000000
 11 33.06108162811552 0.000000000000000
 12 38.56321382656260 0.000000000000000

 spin=1 k-point=34/868 Cartesian=0.02057613168724164 -0.02057613168724164 0.1028806584362158 (482 plane wave)
 1 -1.973611987815855 0.002314814814814792
 2 14.47847876910844 0.000000000000000
 3 16.84325272144658 0.000000000000000
 4 18.40204673370400 0.000000000000000
 5 19.17126763097844 0.000000000000000
 6 21.15362525446589 0.000000000000000
 7 29.81600283664810 0.000000000000000
 8 30.35834611134284 0.000000000000000
 9 32.24085482191823 0.000000000000000
 10 32.25938014550442 0.000000000000000
 11 33.99255577619051 0.000000000000000
 12 36.99777929797470 0.000000000000000

 spin=1 k-point=35/868 Cartesian=0.000000000000000 0.000000000000000 0.1234567901234574 (480 plane wave)
 1 -1.406657469092822 0.002314814814814792
 2 15.89524911515380 0.000000000000000
 3 15.89524912362459 0.000000000000000
 4 16.57679162153104 0.000000000000000
 5 16.74115897475748 0.000000000000000
 6 18.90081465639123 0.000000000000000
 7 33.53273495872636 0.000000000000000
 8 33.53977660188417 0.000000000000000
 9 33.53977670214796 0.000000000000000
 10 34.96765827368869 0.000000000000000
 11 35.75044746619880 0.000000000000000
 12 35.75044760553739 0.000000000000000

 spin=1 k-point=36/868 Cartesian=-0.02057613168724164 0.02057613168724164 0.1440329218106991 (478 plane wave)
 1 -0.4622404996881971 0.002314814814814792
 2 12.97001421608139 0.000000000000000
 3 14.69971021061089 0.000000000000000
 4 15.32445574455949 0.000000000000000
 5 16.97629954369819 0.000000000000000
 6 19.76603166717483 0.000000000000000
 7 32.01734248672667 0.000000000000000
 8 33.64994210500284 0.000000000000000
 9 34.53208871709451 0.000000000000000
 10 36.43855200984432 0.000000000000000
 11 38.29715448648190 0.000000000000000
 12 38.71806837111993 0.000000000000000

 spin=1 k-point=37/868 Cartesian=-0.04115226337448678 0.04115226337448678 0.1646090534979442 (472 plane wave)
 1 0.8583434249660794 0.002314814814814792
 2 9.863911481556046 1.489232945998634e-12
 3 13.01426679250675 0.000000000000000
 4 15.13224574669150 0.000000000000000
 5 16.97476156232698 0.000000000000000
 6 22.30421269029185 0.000000000000000
 7 30.38564736348297 0.000000000000000
 8 32.33704409179715 0.000000000000000
 9 34.34540140236921 0.000000000000000
 10 39.30623420930883 0.000000000000000
 11 41.44074631969926 0.000000000000000
 12 42.41872943633981 0.000000000000000

 spin=1 k-point=38/868 Cartesian=-0.06172839506172839 0.06172839506172839 0.1851851851851858 (477 plane wave)
 1 2.552350128928946 0.002314814814814792
 2 7.070596484250070 0.002312158036822731
 3 11.70277827434020 0.000000000000000
 4 15.31880242328982 0.000000000000000
 5 17.20590087834798 0.000000000000000
 6 25.36276880362531 0.000000000000000
 7 29.08332580093973 0.000000000000000
 8 31.10468529584200 0.000000000000000
 9 34.54229006000653 0.000000000000000
 10 38.13167742507618 0.000000000000000
 11 40.47002684018645 0.000000000000000
 12 42.84269562489159 0.000000000000000

 spin=1 k-point=39/868 Cartesian=-0.1646090534979436 0.1646090534979436 0.04115226337448739 (473 plane wave)
 1 4.596565310805248 0.002314814814814744
 2 4.648514621977637 0.002314814814814711
 3 10.77462785227919 0.000000000000000
 4 15.88353551023450 0.000000000000000
 5 17.78038935953402 0.000000000000000
 6 28.14735062114962 0.000000000000000
 7 28.53442022242868 0.000000000000000
 8 30.36756196146229 0.000000000000000
 9 34.21706106438868 0.000000000000000
 10 34.74532481225122 0.000000000000000
 11 37.31055914065227 0.000000000000000
 12 46.40651414398405 0.000000000000000

 spin=1 k-point=40/868 Cartesian=-0.1440329218106985 0.1440329218106985 0.02057613168724225 (479 plane wave)
 1 2.560737942136195 0.002314814814814792
 2 7.013155710601472 0.002313318196854385
 3 10.25580052699207 2.958078666066189e-14
 4 16.82460967640840 0.000000000000000
 5 18.71309429903855 0.000000000000000
 6 27.58562929144415 0.000000000000000
 7 29.02761869022114 0.000000000000000
 8 30.62650290809827 0.000000000000000
 9 31.91864772357156 0.000000000000000
 10 33.96371986095527 0.000000000000000
 11 36.79588921663380 0.000000000000000
 12 42.40430306094311 0.000000000000000

 spin=1 k-point=41/868 Cartesian=0.1234567901234568 -0.1234567901234568 0.000000000000000 (481 plane wave)
 1 0.8626739628542002 0.002314814814814792
 2 9.371466522977943 2.049389009006705e-10
 3 10.52121925761784 2.081184275295865e-15
 4 18.13675370070821 0.000000000000000
 5 20.00100256662479 0.000000000000000
 6 27.29852415244267 0.000000000000000
 7 27.51660573654446 0.000000000000000
 8 28.02626808407584 0.000000000000000
 9 30.51284363127780 0.000000000000000
 10 36.76523646180062 0.000000000000000
 11 37.33605192788259 0.000000000000000
 12 38.97599208738071 0.000000000000000

 spin=1 k-point=42/868 Cartesian=0.1028806584362152 -0.1028806584362152 0.02057613168724225 (481 plane wave)
 1 -0.4598603683269695 0.002314814814814792
 2 10.03124623057654 2.794067388190298e-13
 3 13.21230703498431 0.000000000000000
 4 19.79669351357727 0.000000000000000
 5 21.62022855028189 0.000000000000000
 6 24.59213007969036 0.000000000000000
 7 26.07972234433153 0.000000000000000
 8 27.61260924535749 0.000000000000000
 9 29.77522951684937 0.000000000000000
 10 33.42206997774468 0.000000000000000
 11 38.88031521859359 0.000000000000000
 12 41.12317195534982 0.000000000000000

 spin=1 k-point=43/868 Cartesian=0.08230452674897004 -0.08230452674897004 0.04115226337448739 (483 plane wave)
 1 -1.405370604242639 0.002314814814814792
 2 10.63903155651386 0.000000000000000
 3 16.62450569165352 0.000000000000000
 4 21.33746873442681 0.000000000000000
 5 22.65633492940301 0.000000000000000
 6 23.31300939887207 0.000000000000000
 7 24.17798789817193 0.000000000000000
 8 28.19293488584200 0.000000000000000
 9 28.70058564703371 0.000000000000000
 10 30.73594194242925 0.000000000000000
 11 35.75314698094272 0.000000000000000
 12 41.22397242513201 0.000000000000000

 spin=1 k-point=44/868 Cartesian=0.08230452674897035 -0.08230452674897035 0.08230452674897035 (492 plane wave)
 1 -0.6484099074393608 0.002314814814814792
 2 8.401285986251349 3.345321961502290e-06
 3 19.59884378006430 0.000000000000000
 4 19.59884384816781 0.000000000000000
 5 22.48537598142090 0.000000000000000
 6 22.89572507583637 0.000000000000000
 7 22.89572514538244 0.000000000000000
 8 25.56897147621161 0.000000000000000
 9 31.96429899961763 0.000000000000000
 10 31.96429902196511 0.000000000000000
 11 35.50736319929499 0.000000000000000
 12 45.68395568839541 0.000000000000000

 spin=1 k-point=45/868 Cartesian=0.06172839506172841 -0.06172839506172841 0.1028806584362123 (484 plane wave)
 1 -0.9639918284156564 0.002314814814814792
 2 9.583720367609388 2.453677474038320e-11
 3 17.83783616042476 0.000000000000000
 4 19.33278007757005 0.000000000000000
 5 20.18241364791643 0.000000000000000
 6 25.12729396755910 0.000000000000000
 7 25.53006496460538 0.000000000000000
 8 27.00402649689182 0.000000000000000
 9 28.56843177920871 0.000000000000000
 10 33.16229476447224 0.000000000000000
 11 35.81778926809984 0.000000000000000
 12 43.88948121836965 0.000000000000000

 spin=1 k-point=46/868 Cartesian=0.04115226337448327 -0.04115226337448327 0.1234567901234574 (481 plane wave)
 1 -0.9018270331453108 0.002314814814814792
 2 11.12074545452982 0.000000000000000
 3 16.39670392620782 0.000000000000000
 4 17.20927065723455 0.000000000000000
 5 18.19033245659403 0.000000000000000
 6 23.43954207794750 0.000000000000000
 7 28.59385173791392 0.000000000000000
 8 29.63149214646403 0.000000000000000
 9 30.62979202299976 0.000000000000000
 10 34.71575018552188 0.000000000000000
 11 37.00742052943535 0.000000000000000
 12 41.01042482513112 0.000000000000000

 spin=1 k-point=47/868 Cartesian=0.02057613168724163 -0.02057613168724163 0.1440329218106991 (478 plane wave)
 1 -0.4622404996435668 0.002314814814814792
 2 12.97001421671663 0.000000000000000
 3 14.69971020951088 0.000000000000000
 4 15.32445574491592 0.000000000000000
 5 16.97629954306269 0.000000000000000
 6 19.76603166775747 0.000000000000000
 7 32.01734247803027 0.000000000000000
 8 33.64994211724528 0.000000000000000
 9 34.53208871101659 0.000000000000000
 10 36.43855203043693 0.000000000000000
 11 38.29715447279135 0.000000000000000
 12 38.71806835910412 0.000000000000000

 spin=1 k-point=48/868 Cartesian=0.000000000000000 0.000000000000000 0.1646090534979407 (480 plane wave)
 1 0.3537399222893136 0.002314814814814792
 2 12.52120109796660 0.000000000000000
 3 14.62858718594977 0.000000000000000
 4 14.62858719330520 0.000000000000000
 5 15.31042311888370 0.000000000000000
 6 17.76528648500854 0.000000000000000
 7 35.30749753986897 0.000000000000000
 8 36.38439522782222 0.000000000000000
 9 36.38439528930492 0.000000000000000
 10 38.73871343486957 0.000000000000000
 11 39.45596650968840 0.000000000000000
 12 39.45596660242235 0.000000000000000

 spin=1 k-point=49/868 Cartesian=-0.02057613168724515 0.02057613168724515 0.1851851851851858 (469 plane wave)
 1 1.543664258121302 0.002314814814814792
 2 10.71163841447212 0.000000000000000
 3 11.96245426271419 0.000000000000000
 4 14.31121383005052 0.000000000000000
 5 15.98724936888886 0.000000000000000
 6 18.83277419717814 0.000000000000000
 7 34.07168927485379 0.000000000000000
 8 35.79861683666297 0.000000000000000
 9 39.28604345306848 0.000000000000000
 10 39.88345202161938 0.000000000000000
 11 42.14247038065595 0.000000000000000
 12 42.15497366221133 0.000000000000000

 spin=1 k-point=50/868 Cartesian=-0.04115226337448676 0.04115226337448676 0.2057613168724275 (472 plane wave)
 1 3.100702805754322 0.002314814814814792
 2 9.108515115392455 2.841892467949449e-09
 3 9.284171224724373 4.906175792386077e-10
 4 14.37291386889570 0.000000000000000
 5 16.24712659574967 0.000000000000000
 6 21.60369778393258 0.000000000000000
 7 32.67217295526283 0.000000000000000
 8 34.44992698530813 0.000000000000000
 9 38.68764542692277 0.000000000000000
 10 39.25159132191924 0.000000000000000
 11 41.33542395519562 0.000000000000000
 12 44.30788952554192 0.000000000000000

 spin=1 k-point=51/868 Cartesian=-0.1851851851851852 0.1851851851851852 0.02057613168724577 (476 plane wave)
 1 4.995532219704800 0.002314814814812204
 2 6.566665061850280 0.002314797584076972
 3 8.269674254053950 1.242542241375210e-05
 4 14.81348765850482 0.000000000000000
 5 16.72636082219490 0.000000000000000
 6 24.92968464698018 0.000000000000000
 7 31.61637260185410 0.000000000000000
 8 33.17246739997957 0.000000000000000
 9 34.65205200679575 0.000000000000000
 10 37.04943416321908 0.000000000000000
 11 40.49787894242940 0.000000000000000
 12 46.33869215818957 0.000000000000000

 spin=1 k-point=52/868 Cartesian=0.1646090534979401 -0.1646090534979401 0.000000000000000 (466 plane wave)
 1 4.379642191844261 0.002314814814814786
 2 6.832337196719625 0.002314569309584718
 3 8.062932041375017 9.470587338195097e-05
 4 15.63183033018382 0.000000000000000
 5 17.54436265866175 0.000000000000000
 6 28.56560354060831 0.000000000000000
 7 30.84715549012628 0.000000000000000
 8 31.01889804690308 0.000000000000000
 9 31.57330097850694 0.000000000000000
 10 34.56649060195635 0.000000000000000
 11 40.86265765556864 0.000000000000000
 12 41.62373009099115 0.000000000000000

 spin=1 k-point=53/868 Cartesian=0.1440329218106984 -0.1440329218106984 0.02057613168724225 (479 plane wave)
 1 2.560737942298500 0.002314814814814792
 2 7.013155710386257 0.002313318196857604
 3 10.25580052697166 2.958078666669774e-14
 4 16.82460967701858 0.000000000000000
 5 18.71309429836844 0.000000000000000
 6 27.58562928656466 0.000000000000000
 7 29.02761869334112 0.000000000000000
 8 30.62650291226047 0.000000000000000
 9 31.91864772317674 0.000000000000000
 10 33.96371985859052 0.000000000000000
 11 36.79588921765607 0.000000000000000
 12 42.40430306165296 0.000000000000000

 spin=1 k-point=54/868 Cartesian=0.1234567901234568 -0.1234567901234568 0.04115226337448388 (483 plane wave)
 1 1.114931128349662 0.002314814814814792
 2 7.129633901512416 0.002310024647620804
 3 13.24120216226040 0.000000000000000
 4 18.37915975059267 0.000000000000000
 5 20.21435163238150 0.000000000000000
 6 24.63588872667242 0.000000000000000
 7 26.41344947943880 0.000000000000000
 8 30.69364989673160 0.000000000000000
 9 31.21074446145922 0.000000000000000
 10 33.22367207348873 0.000000000000000
 11 38.07232126071931 0.000000000000000
 12 43.18380684192192 0.000000000000000

 spin=1 k-point=55/868 Cartesian=0.1028806584362117 -0.1028806584362117 0.06172839506172902 (484 plane wave)
 1 0.04477845561552359 0.002314814814814792
 2 7.583676407021463 0.001938114837035292
 3 16.55586508178298 0.000000000000000
 4 20.16804216514548 0.000000000000000
 5 21.92719594769681 0.000000000000000
 6 22.20828515906339 0.000000000000000
 7 24.11773428448198 0.000000000000000
 8 27.66601122678839 0.000000000000000
 9 31.14005901765726 0.000000000000000
 10 33.11838072979968 0.000000000000000
 11 38.71906546560997 0.000000000000000
 12 42.61211742887637 0.000000000000000

 spin=1 k-point=56/868 Cartesian=0.1028806584362155 -0.1028806584362155 0.1028806584362155 (477 plane wave)
 1 1.053224690044376 0.002314814814814792
 2 5.581731631269585 0.002314814813905309
 3 19.67604999444822 0.000000000000000
 4 19.67605010549591 0.000000000000000
 5 21.69205808364363 0.000000000000000
 6 21.69205819608922 0.000000000000000
 7 22.66457832597740 0.000000000000000
 8 24.41916586300239 0.000000000000000
 9 35.16141943238408 0.000000000000000
 10 35.16141945354499 0.000000000000000
 11 38.43364425675576 0.000000000000000
 12 42.86132662802073 0.000000000000000

 spin=1 k-point=57/868 Cartesian=0.08230452674897355 -0.08230452674897355 0.1234567901234574 (483 plane wave)
 1 0.6117130873304407 0.002314814814814792
 2 6.645763120032054 0.002314776811755154
 3 17.88649462631355 0.000000000000000
 4 18.54280384392742 0.000000000000000
 5 19.62259333901468 0.000000000000000
 6 24.11030706511636 0.000000000000000
 7 25.30002462718296 0.000000000000000
 8 26.10965072422699 0.000000000000000
 9 31.11296443066657 0.000000000000000
 10 36.22037466919503 0.000000000000000
 11 38.74617375616762 0.000000000000000
 12 42.41609626436209 0.000000000000000

 spin=1 k-point=58/868 Cartesian=0.06172839506172841 -0.06172839506172841 0.1440329218107026 (481 plane wave)
 1 0.5469646995844173 0.002314814814814792
 2 8.077217151706702 8.254849746594097e-05
 3 15.66674390000409 0.000000000000000
 4 16.32820637585274 0.000000000000000
 5 18.15417983207232 0.000000000000000
 6 26.13061230429423 0.000000000000000
 7 27.05365568821017 0.000000000000000
 8 29.29514267343489 0.000000000000000
 9 29.72564912473944 0.000000000000000
 10 37.63225195089615 0.000000000000000
 11 39.93651642101955 0.000000000000000
 12 42.33513987059845 0.000000000000000

 spin=1 k-point=59/868 Cartesian=0.04115226337448678 -0.04115226337448678 0.1646090534979442 (472 plane wave)
 1 0.8583434250852637 0.002314814814814792
 2 9.863911481604443 1.489232945277877e-12
 3 13.01426679200005 0.000000000000000
 4 15.13224574726739 0.000000000000000
 5 16.97476156167120 0.000000000000000
 6 22.30421269045435 0.000000000000000
 7 30.38564735766066 0.000000000000000
 8 32.33704409863645 0.000000000000000
 9 34.34540140104301 0.000000000000000
 10 39.30623422275157 0.000000000000000
 11 41.44074630894382 0.000000000000000
 12 42.41872942810917 0.000000000000000

 spin=1 k-point=60/868 Cartesian=0.02057613168724514 -0.02057613168724514 0.1851851851851858 (469 plane wave)
 1 1.543664258182678 0.002314814814814792
 2 10.71163841478491 0.000000000000000
 3 11.96245426207846 0.000000000000000
 4 14.31121383024091 0.000000000000000
 5 15.98724936880367 0.000000000000000
 6 18.83277419725668 0.000000000000000
 7 34.07168926893073 0.000000000000000
 8 35.79861684235790 0.000000000000000
 9 39.28604345154657 0.000000000000000
 10 39.88345203831140 0.000000000000000
 11 42.14247036418463 0.000000000000000
 12 42.15497365022188 0.000000000000000

 spin=1 k-point=61/868 Cartesian=0.000000000000000 0.000000000000000 0.2057613168724310 (464 plane wave)
 1 2.596240000160135 0.002314814814814792
 2 8.786063483565872 7.144712477365297e-08
 3 13.86827560494358 0.000000000000000
 4 13.86827561168800 0.000000000000000
 5 14.54971644673354 0.000000000000000
 6 17.07791420742561 0.000000000000000
 7 37.57684588312717 0.000000000000000
 8 38.80439557138805 0.000000000000000
 9 38.80439559676097 0.000000000000000
 10 41.04570188617260 0.000000000000000
 11 43.77057687592303 0.000000000000000
 12 44.12973550663749 0.000000000000000

 spin=1 k-point=62/868 Cartesian=-0.02057613168724162 0.02057613168724162 0.2263374485596726 (470 plane wave)
 1 3.985838709818131 0.002314814814814792
 2 7.273248800020712 0.002294807351784031
 3 11.45769358330204 0.000000000000000
 4 13.80440898465530 0.000000000000000
 5 15.49122778408281 0.000000000000000
 6 18.36178267787691 0.000000000000000
 7 36.60323894304299 0.000000000000000
 8 38.06297040658627 0.000000000000000
 9 39.55339734547535 0.000000000000000
 10 41.72563897099872 0.000000000000000
 11 42.90943546745154 0.000000000000000
 12 43.91486370323899 0.000000000000000

 spin=1 k-point=63/868 Cartesian=0.2057613168724303 -0.2057613168724303 0.000000000000000 (474 plane wave)
 1 5.308095917263849 0.002314814814755852
 2 6.579051899527788 0.002314795311931867
 3 8.856539445421125 3.531166922096013e-08
 4 14.11971053535023 0.000000000000000
 5 16.00353395039322 0.000000000000000
 6 21.36793825409436 0.000000000000000
 7 35.39876672020288 0.000000000000000
 8 35.50810797330767 0.000000000000000
 9 36.11136922746308 0.000000000000000
 10 38.72070192462655 0.000000000000000
 11 45.16945168501451 0.000000000000000
 12 45.79017049918502 0.000000000000000

 spin=1 k-point=64/868 Cartesian=0.1851851851851852 -0.1851851851851852 0.02057613168724577 (476 plane wave)
 1 4.995532220350101 0.002314814814812204
 2 6.566665060932606 0.002314797584077130
 3 8.269674254256241 1.242542238875151e-05
 4 14.81348765872678 0.000000000000000
 5 16.72636082195233 0.000000000000000
 6 24.92968464692211 0.000000000000000
 7 31.61637259767872 0.000000000000000
 8 33.17246740326971 0.000000000000000
 9 34.65205201045131 0.000000000000000
 10 37.04943416079556 0.000000000000000
 11 40.49787894285286 0.000000000000000
 12 46.33869215863157 0.000000000000000

 spin=1 k-point=65/868 Cartesian=0.1646090534979436 -0.1646090534979436 0.04115226337448739 (473 plane wave)
 1 4.596565336512176 0.002314814814814744
 2 4.648514596206783 0.002314814814814711
 3 10.77462785219617 0.000000000000000
 4 15.88353551098337 0.000000000000000
 5 17.78038935870005 0.000000000000000
 6 28.14735061640070 0.000000000000000
 7 28.53442022204245 0.000000000000000
 8 30.36756196665617 0.000000000000000
 9 34.21706106803343 0.000000000000000
 10 34.74532481005249 0.000000000000000
 11 37.31055914061387 0.000000000000000
 12 46.40651415164302 0.000000000000000

 spin=1 k-point=66/868 Cartesian=0.1440329218107020 -0.1440329218107020 0.06172839506172903 (475 plane wave)
 1 3.064617340450615 0.002314814814814792
 2 4.568414931321936 0.002314814814814756
 3 13.67070415775475 0.000000000000000
 4 17.32228455279211 0.000000000000000
 5 19.16485221593068 0.000000000000000
 6 25.06326451851018 0.000000000000000
 7 26.91559460990509 0.000000000000000
 8 30.50256880085398 0.000000000000000
 9 33.32741080021427 0.000000000000000
 10 34.15668543810315 0.000000000000000
 11 36.94484334281537 0.000000000000000
 12 44.86856005095742 0.000000000000000

 spin=1 k-point=67/868 Cartesian=0.1234567901234568 -0.1234567901234568 0.08230452674897418 (480 plane wave)
 1 1.871246367719547 0.002314814814814792
 2 4.889194119278010 0.002314814814813898
 3 16.86185818607256 0.000000000000000
 4 19.08131382220842 0.000000000000000
 5 20.79001303903478 0.000000000000000
 6 22.41627742204805 0.000000000000000
 7 24.45558141433100 0.000000000000000
 8 26.57352522958521 0.000000000000000
 9 34.47188545980833 0.000000000000000
 10 36.00583831495809 0.000000000000000
 11 38.79214227727889 0.000000000000000
 12 41.79622801423375 0.000000000000000

 spin=1 k-point=68/868 Cartesian=0.1234567901234571 -0.1234567901234571 0.1234567901234571 (476 plane wave)
 1 3.097266910065298 0.001157407407407396
 2 3.164448889100897 0.001157407407407396
 3 19.82845744052717 0.000000000000000
 4 19.82845760820543 0.000000000000000
 5 21.16292894178834 0.000000000000000
 6 21.16292911085602 0.000000000000000
 7 22.90159260826865 0.000000000000000
 8 23.85221455985656 0.000000000000000
 9 38.17575144752775 0.000000000000000
 10 38.17575147148455 0.000000000000000
 11 39.47585481466098 0.000000000000000
 12 39.47585482178044 0.000000000000000

 spin=1 k-point=69/868 Cartesian=0.1028806584362152 -0.1028806584362152 0.1440329218106991 (473 plane wave)
 1 2.562866158835491 0.002314814814814792
 2 4.073602596519944 0.002314814814814792
 3 17.53574902891489 0.000000000000000
 4 18.30526116858725 0.000000000000000
 5 20.00659025968363 0.000000000000000
 6 23.06554133163198 0.000000000000000
 7 25.12398154912032 0.000000000000000
 8 25.78109015127523 0.000000000000000
 9 34.40727881395952 0.000000000000000
 10 38.01113359728188 0.000000000000000
 11 39.96478395797744 0.000000000000000
 12 40.01494626876343 0.000000000000000

 spin=1 k-point=70/868 Cartesian=0.08230452674897003 -0.08230452674897003 0.1646090534979442 (478 plane wave)
 1 2.371022961039532 0.002314814814814792
 2 5.388012035590192 0.002314814814683728
 3 14.48151261856357 0.000000000000000
 4 16.63728682082471 0.000000000000000
 5 18.47802807343228 0.000000000000000
 6 25.87117140941686 0.000000000000000
 7 27.52070778708189 0.000000000000000
 8 29.53057255331353 0.000000000000000
 9 30.53103306713298 0.000000000000000
 10 37.91756342862583 0.000000000000000
 11 40.09354933333134 0.000000000000000
 12 41.22679854430051 0.000000000000000

 spin=1 k-point=71/868 Cartesian=0.06172839506172840 -0.06172839506172840 0.1851851851851858 (477 plane wave)
 1 2.552350129224557 0.002314814814814792
 2 7.070596483941848 0.002312158036830910
 3 11.70277827411991 0.000000000000000
 4 15.31880242400390 0.000000000000000
 5 17.20590087755872 0.000000000000000
 6 25.36276880348082 0.000000000000000
 7 29.08332579597117 0.000000000000000
 8 31.10468530138108 0.000000000000000
 9 34.54229005913717 0.000000000000000
 10 38.13167742855284 0.000000000000000
 11 40.47002684096340 0.000000000000000
 12 42.84269563398060 0.000000000000000

 spin=1 k-point=72/868 Cartesian=0.04115226337448676 -0.04115226337448676 0.2057613168724275 (472 plane wave)
 1 3.100702805920064 0.002314814814814792
 2 9.108515115235601 2.841892472407069e-09
 3 9.284171224563838 4.906175800262137e-10
 4 14.37291386915505 0.000000000000000
 5 16.24712659549150 0.000000000000000
 6 21.60369778394540 0.000000000000000
 7 32.67217295064079 0.000000000000000
 8 34.44992698973676 0.000000000000000
 9 38.68764543055840 0.000000000000000
 10 39.25159131984356 0.000000000000000
 11 41.33542395708221 0.000000000000000
 12 44.30788954874113 0.000000000000000

 spin=1 k-point=73/868 Cartesian=0.02057613168724162 -0.02057613168724162 0.2263374485596726 (470 plane wave)
 1 3.985838709888697 0.002314814814814792
 2 7.273248799957275 0.002294807351796613
 3 11.45769358325494 0.000000000000000
 4 13.80440898471259 0.000000000000000
 5 15.49122778407442 0.000000000000000
 6 18.36178267787625 0.000000000000000
 7 36.60323893847487 0.000000000000000
 8 38.06297040954187 0.000000000000000
 9 39.55339734960528 0.000000000000000
 10 41.72563897023019 0.000000000000000
 11 42.90943547490323 0.000000000000000
 12 43.91486370373050 0.000000000000000

 spin=1 k-point=74/868 Cartesian=0.000000000000000 0.000000000000000 0.2469135802469142 (468 plane wave)
 1 4.799916801409128 0.001157407407407213
 2 6.083440536472414 0.001157407338754459
 3 13.61478500824867 0.000000000000000
 4 13.61478501482956 0.000000000000000
 5 14.29603611679130 0.000000000000000
 6 16.84711252501377 0.000000000000000
 7 39.90468945892599 0.000000000000000
 8 40.91388667075932 0.000000000000000
 9 40.91388669809891 0.000000000000000
 10 40.93414223419810 0.000000000000000
 11 42.49528173037976 0.000000000000000
 12 42.55186610401586 0.000000000000000

 spin=1 k-point=75/868 Cartesian=0.02057613168724194 0.02057613168724194 -0.02057613168724194 (495 plane wave)
 1 -3.487958945027573 0.002314814814814792
 2 18.92598082247292 0.000000000000000
 3 21.38700332308980 0.000000000000000
 4 21.38700332969987 0.000000000000000
 5 23.30173481118511 0.000000000000000
 6 24.39363625083445 0.000000000000000
 7 24.39363625517834 0.000000000000000
 8 27.02496053494495 0.000000000000000
 9 29.16526558409828 0.000000000000000
 10 29.16526559683459 0.000000000000000
 11 29.57829607109674 0.000000000000000
 12 32.86556365686425 0.000000000000000

 spin=1 k-point=76/868 Cartesian=0.000000000000000 0.04115226337448389 0.000000000000000 (495 plane wave)
 1 -3.424830215377427 0.002314814814814792
 2 19.94236916201216 0.000000000000000
 3 19.94236917182408 0.000000000000000
 4 20.59086819845431 0.000000000000000
 5 21.85251556115768 0.000000000000000
 6 25.97648241751153 0.000000000000000
 7 25.97648243315828 0.000000000000000
 8 26.60066597066938 0.000000000000000
 9 26.88366626440929 0.000000000000000
 10 30.72069568523011 0.000000000000000
 11 31.50107232364100 0.000000000000000
 12 33.19730541414965 0.000000000000000

 spin=1 k-point=77/868 Cartesian=-0.02057613168724514 0.06172839506172902 0.02057613168724514 (494 plane wave)
 1 -2.982927250050350 0.002314814814814792
 2 16.47782097754371 0.000000000000000
 3 18.86565650359462 0.000000000000000
 4 20.26808155308263 0.000000000000000
 5 22.61972928628894 0.000000000000000
 6 24.22556079984593 0.000000000000000
 7 25.94262195143998 0.000000000000000
 8 27.79567502610771 0.000000000000000
 9 29.79018892709960 0.000000000000000
 10 30.09457759613286 0.000000000000000
 11 30.87603906206133 0.000000000000000
 12 34.41195486998298 0.000000000000000

 spin=1 k-point=78/868 Cartesian=-0.04115226337448678 0.08230452674897067 0.04115226337448678 (486 plane wave)
 1 -2.162484671465622 0.002314814814814792
 2 12.87382710080701 0.000000000000000
 3 18.16377983713271 0.000000000000000
 4 19.68687000598083 0.000000000000000
 5 21.86333306096826 0.000000000000000
 6 24.71754865509247 0.000000000000000
 7 25.81387621526888 0.000000000000000
 8 27.26859697533499 0.000000000000000
 9 29.31178614978764 0.000000000000000
 10 30.51187876413843 0.000000000000000
 11 33.06108166719574 0.000000000000000
 12 38.56321380445352 0.000000000000000

 spin=1 k-point=79/868 Cartesian=-0.06172839506172841 0.1028806584362123 0.06172839506172841 (484 plane wave)
 1 -0.9639918286131862 0.002314814814814792
 2 9.583720367718158 2.453677471369440e-11
 3 17.83783613916347 0.000000000000000
 4 19.33278015676015 0.000000000000000
 5 20.18241358274526 0.000000000000000
 6 25.12729397403098 0.000000000000000
 7 25.53006499561389 0.000000000000000
 8 27.00402649488265 0.000000000000000
 9 28.56843174777640 0.000000000000000
 10 33.16229474158649 0.000000000000000
 11 35.81778929679646 0.000000000000000
 12 43.88948124141589 0.000000000000000

 spin=1 k-point=80/868 Cartesian=-0.08230452674897355 0.1234567901234574 0.08230452674897355 (483 plane wave)
 1 0.6117130869704951 0.002314814814814792
 2 6.645763120406927 0.002314776811755012
 3 17.88649459932947 0.000000000000000
 4 18.54280389958542 0.000000000000000
 5 19.62259330090216 0.000000000000000
 6 24.11030710034752 0.000000000000000
 7 25.30002462447007 0.000000000000000
 8 26.10965070748010 0.000000000000000
 9 31.11296442249082 0.000000000000000
 10 36.22037465002153 0.000000000000000
 11 38.74617377365592 0.000000000000000
 12 42.41609625567823 0.000000000000000

 spin=1 k-point=81/868 Cartesian=-0.1028806584362152 0.1440329218106991 0.1028806584362152 (473 plane wave)
 1 2.562866157573420 0.002314814814814792
 2 4.073602597840400 0.002314814814814792
 3 17.53574905260439 0.000000000000000
 4 18.30526113253209 0.000000000000000
 5 20.00659025926134 0.000000000000000
 6 23.06554137550547 0.000000000000000
 7 25.12398151120957 0.000000000000000
 8 25.78109016034181 0.000000000000000
 9 34.40727881207677 0.000000000000000
 10 38.01113358383788 0.000000000000000
 11 39.96478395666864 0.000000000000000
 12 40.01494625450079 0.000000000000000

 spin=1 k-point=82/868 Cartesian=-0.1234567901234568 0.08230452674897418 0.1234567901234568 (480 plane wave)
 1 1.871246367344967 0.002314814814814792
 2 4.889194119714642 0.002314814814813898
 3 16.86185820073211 0.000000000000000
 4 19.08131376972802 0.000000000000000
 5 20.79001305727937 0.000000000000000
 6 22.41627748244849 0.000000000000000
 7 24.45558137250846 0.000000000000000
 8 26.57352523083997 0.000000000000000
 9 34.47188544751521 0.000000000000000
 10 36.00583833102241 0.000000000000000
 11 38.79214227517272 0.000000000000000
 12 41.79622800953677 0.000000000000000

 spin=1 k-point=83/868 Cartesian=-0.1028806584362117 0.06172839506172902 0.1028806584362117 (484 plane wave)
 1 0.04477845559563286 0.002314814814814792
 2 7.583676407078574 0.001938114836855168
 3 16.55586509255584 0.000000000000000
 4 20.16804207786467 0.000000000000000
 5 21.92719599011985 0.000000000000000
 6 22.20828525496472 0.000000000000000
 7 24.11773422424557 0.000000000000000
 8 27.66601122309170 0.000000000000000
 9 31.14005900414661 0.000000000000000
 10 33.11838075159541 0.000000000000000
 11 38.71906545805695 0.000000000000000
 12 42.61211742234433 0.000000000000000

 spin=1 k-point=84/868 Cartesian=-0.08230452674897004 0.04115226337448739 0.08230452674897004 (483 plane wave)
 1 -1.405370604186487 0.002314814814814792
 2 10.63903155641715 0.000000000000000
 3 16.62450570059622 0.000000000000000
 4 21.33746859882175 0.000000000000000
 5 22.65633507561124 0.000000000000000
 6 23.31300950944345 0.000000000000000
 7 24.17798777365611 0.000000000000000
 8 28.19293486966669 0.000000000000000
 9 28.70058563459639 0.000000000000000
 10 30.73594197317268 0.000000000000000
 11 35.75314696506617 0.000000000000000
 12 41.22397251515596 0.000000000000000

 spin=1 k-point=85/868 Cartesian=-0.06172839506172841 0.02057613168724576 0.06172839506172841 (489 plane wave)
 1 -2.477954524256759 0.002314814814814792
 2 14.03058581196147 0.000000000000000
 3 17.07611461619726 0.000000000000000
 4 22.20959690856072 0.000000000000000
 5 23.98771784245506 0.000000000000000
 6 24.01754152158966 0.000000000000000
 7 25.42723875588726 0.000000000000000
 8 25.79166305616593 0.000000000000000
 9 27.47617280656815 0.000000000000000
 10 31.29640907425794 0.000000000000000
 11 32.90499274318618 0.000000000000000
 12 36.64096929569509 0.000000000000000

 spin=1 k-point=86/868 Cartesian=0.04115226337448327 0.000000000000000 -0.04115226337448327 (493 plane wave)
 1 -3.172279679735727 0.002314814814814792
 2 17.46989984703770 0.000000000000000
 3 18.14437495086352 0.000000000000000
 4 23.07303397758635 0.000000000000000
 5 23.23774316406149 0.000000000000000
 6 23.95614099149352 0.000000000000000
 7 25.91743926586442 0.000000000000000
 8 26.60811443224710 0.000000000000000
 9 27.44859192290905 0.000000000000000
 10 29.70576347207079 0.000000000000000
 11 32.01516312322158 0.000000000000000
 12 33.48956100349209 0.000000000000000

 spin=1 k-point=87/868 Cartesian=0.04115226337448389 0.000000000000000 0.000000000000000 (495 plane wave)
 1 -3.424830215376880 0.002314814814814792
 2 19.94236915862230 0.000000000000000
 3 19.94236917110587 0.000000000000000
 4 20.59086820185688 0.000000000000000
 5 21.85251556353741 0.000000000000000
 6 25.97648241232080 0.000000000000000
 7 25.97648243443108 0.000000000000000
 8 26.60066597137735 0.000000000000000
 9 26.88366626655803 0.000000000000000
 10 30.72069568667433 0.000000000000000
 11 31.50107232098162 0.000000000000000
 12 33.19730540349498 0.000000000000000

 spin=1 k-point=88/868 Cartesian=0.02057613168724194 0.02057613168724194 0.02057613168724194 (495 plane wave)
 1 -3.487958945052853 0.002314814814814792
 2 18.92598081778603 0.000000000000000
 3 21.38700331777940 0.000000000000000
 4 21.38700334342596 0.000000000000000
 5 23.30173478647064 0.000000000000000
 6 24.39363626750430 0.000000000000000
 7 24.39363628267813 0.000000000000000
 8 27.02496052862780 0.000000000000000
 9 29.16526555957627 0.000000000000000
 10 29.16526558666924 0.000000000000000
 11 29.57829605673808 0.000000000000000
 12 32.86556370428583 0.000000000000000

 spin=1 k-point=89/868 Cartesian=0.000000000000000 0.04115226337448708 0.04115226337448709 (493 plane wave)
 1 -3.172279679787381 0.002314814814814792
 2 17.46989984835728 0.000000000000000
 3 18.14437494365841 0.000000000000000
 4 23.07303401731122 0.000000000000000
 5 23.23774316294183 0.000000000000000
 6 23.95614098120512 0.000000000000000
 7 25.91743925784673 0.000000000000000
 8 26.60811439959922 0.000000000000000
 9 27.44859193293442 0.000000000000000
 10 29.70576348839602 0.000000000000000
 11 32.01516309149966 0.000000000000000
 12 33.48956099656420 0.000000000000000

 spin=1 k-point=90/868 Cartesian=-0.02057613168724483 0.06172839506172872 0.06172839506172872 (489 plane wave)
 1 -2.477954524333978 0.002314814814814792
 2 14.03058581223136 0.000000000000000
 3 17.07611460995063 0.000000000000000
 4 22.20959696983187 0.000000000000000
 5 23.98771778347576 0.000000000000000
 6 24.01754149050428 0.000000000000000
 7 25.42723878947078 0.000000000000000
 8 25.79166305878119 0.000000000000000
 9 27.47617280468758 0.000000000000000
 10 31.29640906368449 0.000000000000000
 11 32.90499276508906 0.000000000000000
 12 36.64096921968562 0.000000000000000

 spin=1 k-point=91/868 Cartesian=-0.04115226337448646 0.08230452674897035 0.08230452674897036 (483 plane wave)
 1 -1.405370604286974 0.002314814814814792
 2 10.63903155650331 0.000000000000000
 3 16.62450569401485 0.000000000000000
 4 21.33746868877664 0.000000000000000
 5 22.65633498298197 0.000000000000000
 6 23.31300943888760 0.000000000000000
 7 24.17798785283206 0.000000000000000
 8 28.19293487658921 0.000000000000000
 9 28.70058564402565 0.000000000000000
 10 30.73594194863647 0.000000000000000
 11 35.75314697981627 0.000000000000000
 12 41.22397245322968 0.000000000000000

 spin=1 k-point=92/868 Cartesian=-0.06172839506173161 0.1028806584362155 0.1028806584362155 (484 plane wave)
 1 0.04477845547525523 0.002314814814814792
 2 7.583676407161666 0.001938114836593099
 3 16.55586508461505 0.000000000000000
 4 20.16804213622008 0.000000000000000
 5 21.92719596357833 0.000000000000000
 6 22.20828519387330 0.000000000000000
 7 24.11773426295642 0.000000000000000
 8 27.66601122439653 0.000000000000000
 9 31.14005901061647 0.000000000000000
 10 33.11838073525818 0.000000000000000
 11 38.71906546657132 0.000000000000000
 12 42.61211742568502 0.000000000000000

 spin=1 k-point=93/868 Cartesian=-0.08230452674897322 0.1234567901234571 0.1234567901234571 (480 plane wave)
 1 1.871246367213560 0.002314814814814792
 2 4.889194119802263 0.002314814814813898
 3 16.86185818988574 0.000000000000000
 4 19.08131380512688 0.000000000000000
 5 20.79001304685925 0.000000000000000
 6 22.41627744433328 0.000000000000000
 7 24.45558140016528 0.000000000000000
 8 26.57352522785035 0.000000000000000
 9 34.47188545343215 0.000000000000000
 10 36.00583832005024 0.000000000000000
 11 38.79214227342173 0.000000000000000
 12 41.79622801523079 0.000000000000000

 spin=1 k-point=94/868 Cartesian=-0.1440329218106981 0.1028806584362155 0.1028806584362155 (473 plane wave)
 1 2.562866157683076 0.002314814814814792
 2 4.073602597680567 0.002314814814814792
 3 17.53574903489975 0.000000000000000
 4 18.30526115705970 0.000000000000000
 5 20.00659026217528 0.000000000000000
 6 23.06554134826995 0.000000000000000
 7 25.12398153880450 0.000000000000000
 8 25.78109014960149 0.000000000000000
 9 34.40727881286672 0.000000000000000
 10 38.01113358863557 0.000000000000000
 11 39.96478395341863 0.000000000000000
 12 40.01494626501822 0.000000000000000

 spin=1 k-point=95/868 Cartesian=-0.1234567901234530 0.08230452674897036 0.08230452674897035 (483 plane wave)
 1 0.6117130870591333 0.002314814814814792
 2 6.645763120265807 0.002314776811755065
 3 17.88649461787413 0.000000000000000
 4 18.54280385704458 0.000000000000000
 5 19.62259333277671 0.000000000000000
 6 24.11030707906841 0.000000000000000
 7 25.30002462584528 0.000000000000000
 8 26.10965071670769 0.000000000000000
 9 31.11296442636278 0.000000000000000
 10 36.22037465968789 0.000000000000000
 11 38.74617376358485 0.000000000000000
 12 42.41609626145679 0.000000000000000

 spin=1 k-point=96/868 Cartesian=-0.1028806584362114 0.06172839506172872 0.06172839506172872 (484 plane wave)
 1 -0.9639918285428315 0.002314814814814792
 2 9.583720367595703 2.453677474374115e-11
 3 17.83783615398918 0.000000000000000
 4 19.33278009518092 0.000000000000000
 5 20.18241363676255 0.000000000000000
 6 25.12729396590093 0.000000000000000
 7 25.53006497794817 0.000000000000000
 8 27.00402650065593 0.000000000000000
 9 28.56843176253485 0.000000000000000
 10 33.16229475337255 0.000000000000000
 11 35.81778928052010 0.000000000000000
 12 43.88948130580565 0.000000000000000

 spin=1 k-point=97/868 Cartesian=0.08230452674897036 -0.04115226337448647 -0.04115226337448646 (486 plane wave)
 1 -2.162484671416165 0.002314814814814792
 2 12.87382710065400 0.000000000000000
 3 18.16377984942611 0.000000000000000
 4 19.68686997957336 0.000000000000000
 5 21.86333308254735 0.000000000000000
 6 24.71754863434475 0.000000000000000
 7 25.81387622881879 0.000000000000000
 8 27.26859695981502 0.000000000000000
 9 29.31178616878863 0.000000000000000
 10 30.51187877883051 0.000000000000000
 11 33.06108164493871 0.000000000000000
 12 38.56321382260544 0.000000000000000

 spin=1 k-point=98/868 Cartesian=0.06172839506172521 -0.02057613168724132 -0.02057613168724132 (494 plane wave)
 1 -2.982927250024571 0.002314814814814792
 2 16.47782097673606 0.000000000000000
 3 18.86565651404931 0.000000000000000
 4 20.26808153988760 0.000000000000000
 5 22.61972928202263 0.000000000000000
 6 24.22556080628291 0.000000000000000
 7 25.94262195123479 0.000000000000000
 8 27.79567503309914 0.000000000000000
 9 29.79018892510544 0.000000000000000
 10 30.09457757861810 0.000000000000000
 11 30.87603907962926 0.000000000000000
 12 34.41195487907759 0.000000000000000

 spin=1 k-point=99/868 Cartesian=0.06172839506172902 -0.02057613168724514 0.02057613168724514 (494 plane wave)
 1 -2.982927250037021 0.002314814814814792
 2 16.47782097777852 0.000000000000000
 3 18.86565650066967 0.000000000000000
 4 20.26808155922136 0.000000000000000
 5 22.61972927614853 0.000000000000000
 6 24.22556080990850 0.000000000000000
 7 25.94262195122045 0.000000000000000
 8 27.79567501179847 0.000000000000000
 9 29.79018893843579 0.000000000000000
 10 30.09457760210372 0.000000000000000
 11 30.87603906366897 0.000000000000000
 12 34.41195485421134 0.000000000000000

 spin=1 k-point=100/868 Cartesian=0.04115226337448708 0.000000000000000 0.04115226337448708 (493 plane wave)
 1 -3.172279679775239 0.002314814814814792
 2 17.46989984840058 0.000000000000000
 3 18.14437494419127 0.000000000000000
 4 23.07303400969489 0.000000000000000
 5 23.23774316663734 0.000000000000000
 6 23.95614098164469 0.000000000000000
 7 25.91743925607300 0.000000000000000
 8 26.60811441095592 0.000000000000000
 9 27.44859192740127 0.000000000000000
 10 29.70576348454312 0.000000000000000
 11 32.01516310005054 0.000000000000000
 12 33.48956099648454 0.000000000000000

 spin=1 k-point=101/868 Cartesian=0.02057613168724194 0.02057613168724194 0.06172839506173222 (494 plane wave)
 1 -2.982927250025695 0.002314814814814792
 2 16.47782097798387 0.000000000000000
 3 18.86565650297307 0.000000000000000
 4 20.26808155911671 0.000000000000000
 5 22.61972926486601 0.000000000000000
 6 24.22556081775911 0.000000000000000
 7 25.94262195349032 0.000000000000000
 8 27.79567499904280 0.000000000000000
 9 29.79018895971442 0.000000000000000
 10 30.09457760485206 0.000000000000000
 11 30.87603905917537 0.000000000000000
 12 34.41195483872279 0.000000000000000

 spin=1 k-point=102/868 Cartesian=0.000000000000000 0.04115226337448358 0.08230452674897386 (484 plane wave)
 1 -2.414972273781141 0.002314814814814792
 2 15.19740345026938 0.000000000000000
 3 16.01323304594620 0.000000000000000
 4 21.31206852696352 0.000000000000000
 5 21.45294903650811 0.000000000000000
 6 22.56462486395070 0.000000000000000
 7 27.39554248468179 0.000000000000000
 8 27.86953727918038 0.000000000000000
 9 28.79028455339873 0.000000000000000
 10 33.16244161700589 0.000000000000000
 11 33.87500111992087 0.000000000000000
 12 34.59560035294398 0.000000000000000

 spin=1 k-point=103/868 Cartesian=-0.02057613168724133 0.06172839506172521 0.1028806584362155 (481 plane wave)
 1 -1.468769191018894 0.002314814814814792
 2 12.03172627272139 0.000000000000000
 3 15.13548352151410 0.000000000000000
 4 19.57442655639694 0.000000000000000
 5 21.23964955838698 0.000000000000000
 6 24.16471254636779 0.000000000000000
 7 26.07178314175781 0.000000000000000
 8 27.57598262041954 0.000000000000000
 9 30.52461353443379 0.000000000000000
 10 32.51078360621257 0.000000000000000
 11 36.56732913699494 0.000000000000000
 12 38.52562622197439 0.000000000000000

 spin=1 k-point=104/868 Cartesian=-0.04115226337448647 0.08230452674897036 0.1234567901234606 (479 plane wave)
 1 -0.1449699924990589 0.002314814814814792
 2 8.884846999459786 2.660612981077160e-08
 3 14.92608267171535 0.000000000000000
 4 17.91585181963165 0.000000000000000
 5 21.06475921276665 0.000000000000000
 6 24.19734280768844 0.000000000000000
 7 26.74843988574683 0.000000000000000
 8 27.91927867001457 0.000000000000000
 9 30.51240022453729 0.000000000000000
 10 33.71423133923300 0.000000000000000
 11 39.71405687657013 0.000000000000000
 12 42.00978832264564 0.000000000000000

 spin=1 k-point=105/868 Cartesian=-0.06172839506172809 0.1028806584362120 0.1440329218107022 (475 plane wave)
 1 1.555243490112307 0.002314814814814792
 2 6.076242839313849 0.002314814687044493
 3 15.10683978736302 0.000000000000000
 4 16.61121142435739 0.000000000000000
 5 21.18257580233617 0.000000000000000
 6 23.03719640796606 0.000000000000000
 7 27.56108851136263 0.000000000000000
 8 28.98520432457543 0.000000000000000
 9 30.78218387259919 0.000000000000000
 10 36.43277116106519 0.000000000000000
 11 38.63497650282719 0.000000000000000
 12 42.73903049477104 0.000000000000000

 spin=1 k-point=106/868 Cartesian=-0.1646090534979433 0.1234567901234606 0.08230452674897035 (468 plane wave)
 1 3.599676585450964 0.002314814814814792
 2 3.660925170836758 0.002314814814814792
 3 15.60168601214917 0.000000000000000
 4 15.74124889326755 0.000000000000000
 5 21.37627485084593 0.000000000000000
 6 22.48343478715073 0.000000000000000
 7 28.08777822952235 0.000000000000000
 8 28.30255052363126 0.000000000000000
 9 33.48891211117322 0.000000000000000
 10 34.74777626491018 0.000000000000000
 11 40.30623019704301 0.000000000000000
 12 40.70588495844285 0.000000000000000

 spin=1 k-point=107/868 Cartesian=-0.1440329218106981 0.1028806584362155 0.06172839506172521 (475 plane wave)
 1 1.555243490069329 0.002314814814814792
 2 6.076242839334145 0.002314814687044493
 3 15.10683978579793 0.000000000000000
 4 16.61121142698727 0.000000000000000
 5 21.18257580052675 0.000000000000000
 6 23.03719640852951 0.000000000000000
 7 27.56108851068891 0.000000000000000
 8 28.98520433097463 0.000000000000000
 9 30.78218386734373 0.000000000000000
 10 36.43277115535574 0.000000000000000
 11 38.63497650765893 0.000000000000000
 12 42.73903049232651 0.000000000000000

 spin=1 k-point=108/868 Cartesian=-0.1234567901234565 0.08230452674897387 0.04115226337448358 (479 plane wave)
 1 -0.1449699925383993 0.002314814814814792
 2 8.884846999443962 2.660612981498179e-08
 3 14.92608267034236 0.000000000000000
 4 17.91585182359795 0.000000000000000
 5 21.06475920939021 0.000000000000000
 6 24.19734280869868 0.000000000000000
 7 26.74843988523665 0.000000000000000
 8 27.91927867504009 0.000000000000000
 9 30.51240022000661 0.000000000000000
 10 33.71423133656459 0.000000000000000
 11 39.71405687887016 0.000000000000000
 12 42.00978832459055 0.000000000000000

 spin=1 k-point=109/868 Cartesian=0.1028806584362155 -0.06172839506173161 -0.02057613168724133 (481 plane wave)
 1 -1.468769191051422 0.002314814814814792
 2 12.03172627269079 0.000000000000000
 3 15.13548352011575 0.000000000000000
 4 19.57442656371335 0.000000000000000
 5 21.23964955176229 0.000000000000000
 6 24.16471254989061 0.000000000000000
 7 26.07178313938287 0.000000000000000
 8 27.57598262237790 0.000000000000000
 9 30.52461353186025 0.000000000000000
 10 32.51078360427361 0.000000000000000
 11 36.56732914238305 0.000000000000000
 12 38.52562621037293 0.000000000000000

 spin=1 k-point=110/868 Cartesian=0.08230452674897035 -0.04115226337448646 0.000000000000000 (484 plane wave)
 1 -2.414972273803905 0.002314814814814792
 2 15.19740345104380 0.000000000000000
 3 16.01323304334522 0.000000000000000
 4 21.31206852731932 0.000000000000000
 5 21.45294904841532 0.000000000000000
 6 22.56462485502998 0.000000000000000
 7 27.39554248319267 0.000000000000000
 8 27.86953728500916 0.000000000000000
 9 28.79028454608880 0.000000000000000
 10 33.16244163002619 0.000000000000000
 11 33.87500110801518 0.000000000000000
 12 34.59560034210001 0.000000000000000

 spin=1 k-point=111/868 Cartesian=0.08230452674897067 -0.04115226337448678 0.04115226337448678 (486 plane wave)
 1 -2.162484671424179 0.002314814814814792
 2 12.87382710091041 0.000000000000000
 3 18.16377983442395 0.000000000000000
 4 19.68687001375912 0.000000000000000
 5 21.86333305064014 0.000000000000000
 6 24.71754866469215 0.000000000000000
 7 25.81387621034541 0.000000000000000
 8 27.26859696605433 0.000000000000000
 9 29.31178616046364 0.000000000000000
 10 30.51187877137510 0.000000000000000
 11 33.06108166034565 0.000000000000000
 12 38.56321379925856 0.000000000000000

 spin=1 k-point=112/868 Cartesian=0.06172839506172872 -0.02057613168724483 0.06172839506172872 (489 plane wave)
 1 -2.477954524295776 0.002314814814814792
 2 14.03058581248527 0.000000000000000
 3 17.07611460994024 0.000000000000000
 4 22.20959697212307 0.000000000000000
 5 23.98771776798928 0.000000000000000
 6 24.01754148867628 0.000000000000000
 7 25.42723879035579 0.000000000000000
 8 25.79166308000510 0.000000000000000
 9 27.47617279535100 0.000000000000000
 10 31.29640907262695 0.000000000000000
 11 32.90499276034468 0.000000000000000
 12 36.64096921757952 0.000000000000000

 spin=1 k-point=113/868 Cartesian=0.04115226337448358 0.000000000000000 0.08230452674897386 (484 plane wave)
 1 -2.414972273756876 0.002314814814814792
 2 15.19740345058137 0.000000000000000
 3 16.01323304625707 0.000000000000000
 4 21.31206852855365 0.000000000000000
 5 21.45294902563376 0.000000000000000
 6 22.56462487295066 0.000000000000000
 7 27.39554248758255 0.000000000000000
 8 27.86953727288579 0.000000000000000
 9 28.79028455698413 0.000000000000000
 10 33.16244160249250 0.000000000000000
 11 33.87500113330864 0.000000000000000
 12 34.59560036360296 0.000000000000000

 spin=1 k-point=114/868 Cartesian=0.02057613168724194 0.02057613168724195 0.1028806584362155 (482 plane wave)
 1 -1.973611987869847 0.002314814814814792
 2 14.47847876897532 0.000000000000000
 3 16.84325271036023 0.000000000000000
 4 18.40204678406628 0.000000000000000
 5 19.17126758327973 0.000000000000000
 6 21.15362526526294 0.000000000000000
 7 29.81600285367891 0.000000000000000
 8 30.35834611752326 0.000000000000000
 9 32.24085479151993 0.000000000000000
 10 32.25938009558430 0.000000000000000
 11 33.99255583272546 0.000000000000000
 12 36.99777935253002 0.000000000000000

 spin=1 k-point=115/868 Cartesian=0.000000000000000 0.04115226337448358 0.1234567901234571 (481 plane wave)
 1 -1.154233230714648 0.002314814814814792
 2 13.42408246019230 0.000000000000000
 3 14.29857372234321 0.000000000000000
 4 16.99234941304742 0.000000000000000
 5 19.55250107951547 0.000000000000000
 6 20.92375879748615 0.000000000000000
 7 29.14639026221462 0.000000000000000
 8 31.62474571433855 0.000000000000000
 9 32.82794012044887 0.000000000000000
 10 35.29501411736756 0.000000000000000
 11 35.56035495401908 0.000000000000000
 12 38.10038817201756 0.000000000000000

 spin=1 k-point=116/868 Cartesian=-0.02057613168724483 0.06172839506172872 0.1440329218107023 (477 plane wave)
 1 0.04239787775549739 0.002314814814814792
 2 10.52403502843415 2.023400232609772e-15
 3 13.64939494329968 0.000000000000000
 4 15.18847966721541 0.000000000000000
 5 19.79745232739242 0.000000000000000
 6 22.94622764841669 0.000000000000000
 7 27.46577493138969 0.000000000000000
 8 31.95702816168785 0.000000000000000
 9 33.54337866319478 0.000000000000000
 10 35.38613371074195 0.000000000000000
 11 39.37333982099972 0.000000000000000
 12 41.62663619237655 0.000000000000000

 spin=1 k-point=117/868 Cartesian=-0.04115226337448645 0.08230452674897033 0.1646090534979439 (482 plane wave)
 1 1.614802111232905 0.002314814814814792
 2 7.627548996899618 0.001778702591017778
 3 13.66612446404771 0.000000000000000
 4 13.77227730686493 0.000000000000000
 5 19.92243772130520 0.000000000000000
 6 25.40547649726114 0.000000000000000
 7 26.53102487842090 0.000000000000000
 8 32.10185595136174 0.000000000000000
 9 32.34319756900958 0.000000000000000
 10 37.45430040471950 0.000000000000000
 11 39.18830975899358 0.000000000000000
 12 43.53817229157972 0.000000000000000

 spin=1 k-point=118/868 Cartesian=-0.1851851851851849 0.1440329218107023 0.06172839506172872 (476 plane wave)
 1 3.559814641623854 0.002314814814814792
 2 5.069348479498214 0.002314814814809377
 3 12.68597440472902 0.000000000000000
 4 14.12332065861915 0.000000000000000
 5 20.36377469311635 0.000000000000000
 6 24.86117422283788 0.000000000000000
 7 29.22591742539270 0.000000000000000
 8 31.27238232758649 0.000000000000000
 9 32.48579408702190 0.000000000000000
 10 34.43404717565209 0.000000000000000
 11 40.55551327964390 0.000000000000000
 12 41.93937623343541 0.000000000000000

 spin=1 k-point=119/868 Cartesian=-0.1646090534979398 0.1234567901234571 0.04115226337448358 (476 plane wave)
 1 2.873901570681148 0.002314814814814792
 2 5.871778670404770 0.002314814798277929
 3 12.00730264245255 0.000000000000000
 4 14.93565103503618 0.000000000000000
 5 21.14565600913711 0.000000000000000
 6 24.21291411631387 0.000000000000000
 7 29.74805736762447 0.000000000000000
 8 30.70686471694959 0.000000000000000
 9 32.97098840790898 0.000000000000000
 10 33.89711990029578 0.000000000000000
 11 37.32358914711020 0.000000000000000
 12 45.51805431588388 0.000000000000000

 spin=1 k-point=120/868 Cartesian=0.1440329218106988 -0.1028806584362149 -0.02057613168724132 (479 plane wave)
 1 1.050845560955926 0.002314814814814792
 2 8.522553594264405 9.959108450696902e-07
 3 11.73316694946078 0.000000000000000
 4 16.12365922803315 0.000000000000000
 5 22.23322560970111 0.000000000000000
 6 23.89695935029083 0.000000000000000
 7 26.93236069952424 0.000000000000000
 8 30.08340070653410 0.000000000000000
 9 33.09695757494336 0.000000000000000
 10 34.85204182621490 0.000000000000000
 11 38.00374153571408 0.000000000000000
 12 40.93568910150539 0.000000000000000

 spin=1 k-point=121/868 Cartesian=0.1234567901234571 -0.08230452674897325 0.000000000000000 (480 plane wave)
 1 -0.3973286447654823 0.002314814814814792
 2 11.14720178301077 0.000000000000000
 3 12.21822731714103 0.000000000000000
 4 17.68034724257872 0.000000000000000
 5 23.33779528487326 0.000000000000000
 6 23.41201696914049 0.000000000000000
 7 25.01573997933460 0.000000000000000
 8 29.43534031292721 0.000000000000000
 9 31.05478001821096 0.000000000000000
 10 36.06355540850159 0.000000000000000
 11 36.46797060226023 0.000000000000000
 12 41.81113307656004 0.000000000000000

 spin=1 k-point=122/868 Cartesian=0.1028806584362120 -0.06172839506172810 0.02057613168724545 (481 plane wave)
 1 -1.468769191044105 0.002314814814814792
 2 12.03172627284543 0.000000000000000
 3 15.13548351974162 0.000000000000000
 4 19.57442657023794 0.000000000000000
 5 21.23964953588933 0.000000000000000
 6 24.16471256595218 0.000000000000000
 7 26.07178313956221 0.000000000000000
 8 27.57598261988863 0.000000000000000
 9 30.52461351938051 0.000000000000000
 10 32.51078360883636 0.000000000000000
 11 36.56732915205333 0.000000000000000
 12 38.52562620901789 0.000000000000000

 spin=1 k-point=123/868 Cartesian=0.1028806584362123 -0.06172839506172841 0.06172839506172841 (484 plane wave)
 1 -0.9639918285149228 0.002314814814814792
 2 9.583720367681320 2.453677472273346e-11
 3 17.83783613649476 0.000000000000000
 4 19.33278017251534 0.000000000000000
 5 20.18241356737689 0.000000000000000
 6 25.12729397612144 0.000000000000000
 7 25.53006499126400 0.000000000000000
 8 27.00402648883491 0.000000000000000
 9 28.56843176118065 0.000000000000000
 10 33.16229474400696 0.000000000000000
 11 35.81778929118774 0.000000000000000
 12 43.88948126331081 0.000000000000000

 spin=1 k-point=124/868 Cartesian=0.08230452674897035 -0.04115226337448646 0.08230452674897035 (483 plane wave)
 1 -1.405370604200535 0.002314814814814792
 2 10.63903155655946 0.000000000000000
 3 16.62450569409043 0.000000000000000
 4 21.33746869145891 0.000000000000000
 5 22.65633497920959 0.000000000000000
 6 23.31300943233856 0.000000000000000
 7 24.17798785533462 0.000000000000000
 8 28.19293488599854 0.000000000000000
 9 28.70058563770814 0.000000000000000
 10 30.73594195539357 0.000000000000000
 11 35.75314697433024 0.000000000000000
 12 41.22397245542858 0.000000000000000

 spin=1 k-point=125/868 Cartesian=0.06172839506172521 -0.02057613168724132 0.1028806584362155 (481 plane wave)
 1 -1.468769190952857 0.002314814814814792
 2 12.03172627296260 0.000000000000000
 3 15.13548352150583 0.000000000000000
 4 19.57442655467817 0.000000000000000
 5 21.23964955837263 0.000000000000000
 6 24.16471254626042 0.000000000000000
 7 26.07178314103163 0.000000000000000
 8 27.57598262330860 0.000000000000000
 9 30.52461353008817 0.000000000000000
 10 32.51078361395065 0.000000000000000
 11 36.56732913184661 0.000000000000000
 12 38.52562622461275 0.000000000000000

 spin=1 k-point=126/868 Cartesian=0.04115226337448357 0.000000000000000 0.1234567901234571 (481 plane wave)
 1 -1.154233230676863 0.002314814814814792
 2 13.42408246065785 0.000000000000000
 3 14.29857372265599 0.000000000000000
 4 16.99234941054477 0.000000000000000
 5 19.55250108074376 0.000000000000000
 6 20.92375879791141 0.000000000000000
 7 29.14639025978344 0.000000000000000
 8 31.62474571937414 0.000000000000000
 9 32.82794011910978 0.000000000000000
 10 35.29501410329951 0.000000000000000
 11 35.56035496600962 0.000000000000000
 12 38.10038817983349 0.000000000000000

 spin=1 k-point=127/868 Cartesian=0.02057613168724194 0.02057613168724195 0.1440329218106987 (478 plane wave)
 1 -0.4622404997273260 0.002314814814814792
 2 12.97001421409835 0.000000000000000
 3 14.69971022305998 0.000000000000000
 4 15.32445573601434 0.000000000000000
 5 16.97629953761308 0.000000000000000
 6 19.76603167246643 0.000000000000000
 7 32.01734249002537 0.000000000000000
 8 33.64994218064732 0.000000000000000
 9 34.53208861540156 0.000000000000000
 10 36.43855193628844 0.000000000000000
 11 38.29715458613610 0.000000000000000
 12 38.71806847564034 0.000000000000000

 spin=1 k-point=128/868 Cartesian=0.000000000000000 0.04115226337448709 0.1646090534979439 (476 plane wave)
 1 0.6060520301108784 0.002314814814814792
 2 12.15603142119318 0.000000000000000
 3 12.76316527013173 0.000000000000000
 4 13.06765068354866 0.000000000000000
 5 18.28918493898770 0.000000000000000
 6 19.79823362637104 0.000000000000000
 7 30.90890509704289 0.000000000000000
 8 35.98225704222301 0.000000000000000
 9 37.18881784523102 0.000000000000000
 10 37.58991628948154 0.000000000000000
 11 37.60264897966622 0.000000000000000
 12 42.81609792623886 0.000000000000000

 spin=1 k-point=129/868 Cartesian=-0.02057613168724482 0.06172839506172870 0.1851851851851855 (476 plane wave)
 1 2.048052937818105 0.002314814814814792
 2 9.516477920877300 4.806708425604755e-11
 3 11.20714254696925 0.000000000000000
 4 12.65436355367778 0.000000000000000
 5 18.82074247035944 0.000000000000000
 6 22.04849462971773 0.000000000000000
 7 29.42691122415419 0.000000000000000
 8 35.52684596049089 0.000000000000000
 9 36.94381529556172 0.000000000000000
 10 38.30833068133266 0.000000000000000
 11 40.64569013726135 0.000000000000000
 12 41.87222714310453 0.000000000000000

 spin=1 k-point=130/868 Cartesian=0.2057613168724272 -0.1646090534979432 -0.04115226337448646 (477 plane wave)
 1 3.856892159828581 0.002314814814814792
 2 6.871961457122298 0.002314449956396044
 3 10.02935337246707 2.847458850586150e-13
 4 12.94166710526853 0.000000000000000
 5 19.20788901863488 0.000000000000000
 6 25.17980656613621 0.000000000000000
 7 28.28760407045782 0.000000000000000
 8 33.77325453522158 0.000000000000000
 9 35.02396493718837 0.000000000000000
 10 37.41207875124542 0.000000000000000
 11 41.02492984388420 0.000000000000000
 12 43.68865324655627 0.000000000000000

 spin=1 k-point=131/868 Cartesian=0.1851851851851820 -0.1440329218106981 -0.02057613168724132 (477 plane wave)
 1 4.564513248648225 0.002314814814814757
 2 6.004741758012335 0.002314814752311255
 3 9.262644773064045 6.084589698064507e-10
 4 13.62511308999257 0.000000000000000
 5 19.90670201794284 0.000000000000000
 6 27.19545987469356 0.000000000000000
 7 28.83789660370738 0.000000000000000
 8 30.59047278481249 0.000000000000000
 9 33.74211259836790 0.000000000000000
 10 36.79534597319984 0.000000000000000
 11 38.78681919239428 0.000000000000000
 12 44.38490588456708 0.000000000000000

 spin=1 k-point=132/868 Cartesian=0.1646090534979404 -0.1234567901234565 0.000000000000000 (476 plane wave)
 1 2.621822458607065 0.002314814814814792
 2 8.102052842476812 6.490355635705114e-05
 3 9.291922371853431 4.540255567383205e-10
 4 14.68811516806860 0.000000000000000
 5 20.94662820016712 0.000000000000000
 6 26.38160076858564 0.000000000000000
 7 27.45362424071504 0.000000000000000
 8 32.47699027702885 0.000000000000000
 9 32.50327177624056 0.000000000000000
 10 34.87053892414787 0.000000000000000
 11 39.11892743997250 0.000000000000000
 12 39.99163716799019 0.000000000000000

 spin=1 k-point=133/868 Cartesian=0.1440329218106988 -0.1028806584362149 0.02057613168724194 (479 plane wave)
 1 1.050845561013166 0.002314814814814792
 2 8.522553594347539 9.959108442421074e-07
 3 11.73316694957758 0.000000000000000
 4 16.12365922746371 0.000000000000000
 5 22.23322560396403 0.000000000000000
 6 23.89695935544418 0.000000000000000
 7 26.93236070570997 0.000000000000000
 8 30.08340070565746 0.000000000000000
 9 33.09695756390417 0.000000000000000
 10 34.85204182701803 0.000000000000000
 11 38.00374154279048 0.000000000000000
 12 40.93568910145292 0.000000000000000

 spin=1 k-point=134/868 Cartesian=0.1234567901234536 -0.08230452674896972 0.04115226337448708 (479 plane wave)
 1 -0.1449699924838448 0.002314814814814792
 2 8.884846999520358 2.660612979465578e-08
 3 14.92608267086644 0.000000000000000
 4 17.91585182411692 0.000000000000000
 5 21.06475919859788 0.000000000000000
 6 24.19734281976729 0.000000000000000
 7 26.74843990950707 0.000000000000000
 8 27.91927865197728 0.000000000000000
 9 30.51240021242769 0.000000000000000
 10 33.71423133825422 0.000000000000000
 11 39.71405688405386 0.000000000000000
 12 42.00978832839759 0.000000000000000

 spin=1 k-point=135/868 Cartesian=0.1234567901234574 -0.08230452674897355 0.08230452674897355 (483 plane wave)
 1 0.6117130872060088 0.002314814814814792
 2 6.645763120183047 0.002314776811755096
 3 17.88649459657135 0.000000000000000
 4 18.54280391042345 0.000000000000000
 5 19.62259329095078 0.000000000000000
 6 24.11030709744266 0.000000000000000
 7 25.30002462252994 0.000000000000000
 8 26.10965071142706 0.000000000000000
 9 31.11296442838551 0.000000000000000
 10 36.22037465073308 0.000000000000000
 11 38.74617376904052 0.000000000000000
 12 42.41609625677351 0.000000000000000

 spin=1 k-point=136/868 Cartesian=0.1028806584362155 -0.06172839506173161 0.1028806584362155 (484 plane wave)
 1 0.04477845566358280 0.002314814814814792
 2 7.583676407027083 0.001938114837017569
 3 16.55586508491329 0.000000000000000
 4 20.16804213824915 0.000000000000000
 5 21.92719595797760 0.000000000000000
 6 22.20828519309933 0.000000000000000
 7 24.11773426270329 0.000000000000000
 8 27.66601122563448 0.000000000000000
 9 31.14005901779250 0.000000000000000
 10 33.11838073476843 0.000000000000000
 11 38.71906546245475 0.000000000000000
 12 42.61211742612509 0.000000000000000

 spin=1 k-point=137/868 Cartesian=0.08230452674897036 -0.04115226337448647 0.1234567901234606 (479 plane wave)
 1 -0.1449699923545127 0.002314814814814792
 2 8.884846999444045 2.660612981495930e-08
 3 14.92608267172673 0.000000000000000
 4 17.91585181884547 0.000000000000000
 5 21.06475921377633 0.000000000000000
 6 24.19734280222750 0.000000000000000
 7 26.74843988874082 0.000000000000000
 8 27.91927867162025 0.000000000000000
 9 30.51240022426695 0.000000000000000
 10 33.71423134355620 0.000000000000000
 11 39.71405687147366 0.000000000000000
 12 42.00978832307528 0.000000000000000

 spin=1 k-point=138/868 Cartesian=0.06172839506172872 -0.02057613168724483 0.1440329218107023 (477 plane wave)
 1 0.04239787785628639 0.002314814814814792
 2 10.52403502866066 2.023400228026488e-15
 3 13.64939494330594 0.000000000000000
 4 15.18847966612361 0.000000000000000
 5 19.79745232802250 0.000000000000000
 6 22.94622764798693 0.000000000000000
 7 27.46577493044995 0.000000000000000
 8 31.95702816415823 0.000000000000000
 9 33.54337865927675 0.000000000000000
 10 35.38613371760293 0.000000000000000
 11 39.37333981593270 0.000000000000000
 12 41.62663619346294 0.000000000000000

 spin=1 k-point=139/868 Cartesian=0.04115226337448708 0.000000000000000 0.1646090534979439 (476 plane wave)
 1 0.6060520301647290 0.002314814814814792
 2 12.15603142177933 0.000000000000000
 3 12.76316527470528 0.000000000000000
 4 13.06765067761273 0.000000000000000
 5 18.28918493997976 0.000000000000000
 6 19.79823362604704 0.000000000000000
 7 30.90890509530500 0.000000000000000
 8 35.98225705242476 0.000000000000000
 9 37.18881783674468 0.000000000000000
 10 37.58991627317657 0.000000000000000
 11 37.60264899537798 0.000000000000000
 12 42.81609792931309 0.000000000000000

 spin=1 k-point=140/868 Cartesian=0.02057613168724194 0.02057613168724194 0.1851851851851890 (469 plane wave)
 1 1.543664258068013 0.002314814814814792
 2 10.71163841318873 0.000000000000000
 3 11.96245426793442 0.000000000000000
 4 14.31121382267863 0.000000000000000
 5 15.98724937024260 0.000000000000000
 6 18.83277419992246 0.000000000000000
 7 34.07168928080809 0.000000000000000
 8 35.79861684677987 0.000000000000000
 9 39.28604341409452 0.000000000000000
 10 39.88345193918424 0.000000000000000
 11 42.14247048338294 0.000000000000000
 12 42.15497378068196 0.000000000000000

 spin=1 k-point=141/868 Cartesian=0.000000000000000 0.04115226337448356 0.2057613168724307 (471 plane wave)
 1 2.848480100484525 0.002314814814814792
 2 9.035116945006902 5.920676676541802e-09
 3 11.39482682288542 0.000000000000000
 4 12.31605287774985 0.000000000000000
 5 17.52996888102376 0.000000000000000
 6 19.10854345698697 0.000000000000000
 7 33.15146178017680 0.000000000000000
 8 38.62289781886590 0.000000000000000
 9 38.98143711074844 0.000000000000000
 10 40.22861043100103 0.000000000000000
 11 42.10996568784429 0.000000000000000
 12 42.84462577703663 0.000000000000000

 spin=1 k-point=142/868 Cartesian=0.2263374485596723 -0.1851851851851884 -0.02057613168724131 (478 plane wave)
 1 4.490764517772463 0.002314814814814775
 2 7.771388786716640 0.001019693506749056
 3 9.012150681270574 7.449245701281099e-09
 4 12.15399723141613 0.000000000000000
 5 18.32844998257876 0.000000000000000
 6 21.58713797302362 0.000000000000000
 7 31.84982741397995 0.000000000000000
 8 34.92830608521059 0.000000000000000
 9 38.14494043462240 0.000000000000000
 10 41.24641084032199 0.000000000000000
 11 42.76601986673556 0.000000000000000
 12 44.38218830740077 0.000000000000000

 spin=1 k-point=143/868 Cartesian=0.2057613168724272 -0.1646090534979433 0.000000000000000 (483 plane wave)
 1 6.070256737286717 0.002314814694468533
 2 6.619292542115080 0.002314785649952241
 3 7.321437806751684 0.002282592522793190
 4 12.69173820464633 0.000000000000000
 5 18.96685825396739 0.000000000000000
 6 24.98546814646344 0.000000000000000
 7 30.43543656115521 0.000000000000000
 8 31.57497808160299 0.000000000000000
 9 36.51524843900682 0.000000000000000
 10 38.32591984923176 0.000000000000000
 11 43.08287577731884 0.000000000000000
 12 43.73513986281480 0.000000000000000

 spin=1 k-point=144/868 Cartesian=0.1851851851851855 -0.1440329218107016 0.02057613168724545 (477 plane wave)
 1 4.564513249175958 0.002314814814814757
 2 6.004741757662930 0.002314814752311255
 3 9.262644772995854 6.084589702213691e-10
 4 13.62511308950050 0.000000000000000
 5 19.90670201773418 0.000000000000000
 6 27.19545986778391 0.000000000000000
 7 28.83789661334832 0.000000000000000
 8 30.59047279033053 0.000000000000000
 9 33.74211259215333 0.000000000000000
 10 36.79534596113240 0.000000000000000
 11 38.78681920216920 0.000000000000000
 12 44.38490588565949 0.000000000000000

 spin=1 k-point=145/868 Cartesian=0.1646090534979439 -0.1234567901234600 0.04115226337448709 (476 plane wave)
 1 2.873901571014636 0.002314814814814792
 2 5.871778670244864 0.002314814798277929
 3 12.00730264312062 0.000000000000000
 4 14.93565103327431 0.000000000000000
 5 21.14565600665384 0.000000000000000
 6 24.21291411775285 0.000000000000000
 7 29.74805739177614 0.000000000000000
 8 30.70686470809239 0.000000000000000
 9 32.97098838938005 0.000000000000000
 10 33.89711989575632 0.000000000000000
 11 37.32358915580654 0.000000000000000
 12 45.51805432033567 0.000000000000000

 spin=1 k-point=146/868 Cartesian=0.1440329218106988 -0.1028806584362149 0.06172839506173224 (475 plane wave)
 1 1.555243490300720 0.002314814814814792
 2 6.076242839224426 0.002314814687044493
 3 15.10683978997668 0.000000000000000
 4 16.61121142122298 0.000000000000000
 5 21.18257578897763 0.000000000000000
 6 23.03719642243590 0.000000000000000
 7 27.56108853013856 0.000000000000000
 8 28.98520430725502 0.000000000000000
 9 30.78218387027501 0.000000000000000
 10 36.43277115003814 0.000000000000000
 11 38.63497651094292 0.000000000000000
 12 42.73903048914330 0.000000000000000

 spin=1 k-point=147/868 Cartesian=0.1440329218106991 -0.1028806584362152 0.1028806584362152 (473 plane wave)
 1 2.562866158682213 0.002314814814814792
 2 4.073602596722183 0.002314814814814792
 3 17.53574905730590 0.000000000000000
 4 18.30526112949225 0.000000000000000
 5 20.00659025538269 0.000000000000000
 6 23.06554137327148 0.000000000000000
 7 25.12398150934668 0.000000000000000
 8 25.78109016511610 0.000000000000000
 9 34.40727881746130 0.000000000000000
 10 38.01113358230948 0.000000000000000
 11 39.96478395390820 0.000000000000000
 12 40.01494625796264 0.000000000000000

 spin=1 k-point=148/868 Cartesian=0.1234567901234571 -0.08230452674897323 0.1234567901234571 (480 plane wave)
 1 1.871246367765794 0.002314814814814792
 2 4.889194119261198 0.002314814814813898
 3 16.86185819067323 0.000000000000000
 4 19.08131380708606 0.000000000000000
 5 20.79001304085113 0.000000000000000
 6 22.41627744439121 0.000000000000000
 7 24.45558139835712 0.000000000000000
 8 26.57352523135297 0.000000000000000
 9 34.47188546002803 0.000000000000000
 10 36.00583831765348 0.000000000000000
 11 38.79214227558053 0.000000000000000
 12 41.79622801225231 0.000000000000000

 spin=1 k-point=149/868 Cartesian=0.1028806584362120 -0.06172839506172809 0.1440329218107022 (475 plane wave)
 1 1.555243490460395 0.002314814814814792
 2 6.076242839006075 0.002314814687044493
 3 15.10683978739492 0.000000000000000
 4 16.61121142408754 0.000000000000000
 5 21.18257580414133 0.000000000000000
 6 23.03719640262617 0.000000000000000
 7 27.56108851329337 0.000000000000000
 8 28.98520432391210 0.000000000000000
 9 30.78218387538445 0.000000000000000
 10 36.43277116430778 0.000000000000000
 11 38.63497650335436 0.000000000000000
 12 42.73903049405168 0.000000000000000

 spin=1 k-point=150/868 Cartesian=0.08230452674897035 -0.04115226337448646 0.1646090534979439 (482 plane wave)
 1 1.614802111462522 0.002314814814814792
 2 7.627548996772304 0.001778702591542246
 3 13.66612446541367 0.000000000000000
 4 13.77227730492830 0.000000000000000
 5 19.92243772201673 0.000000000000000
 6 25.40547649098044 0.000000000000000
 7 26.53102488321607 0.000000000000000
 8 32.10185595678005 0.000000000000000
 9 32.34319756414213 0.000000000000000
 10 37.45430040974658 0.000000000000000
 11 39.18830975857983 0.000000000000000
 12 43.53817228987869 0.000000000000000

 spin=1 k-point=151/868 Cartesian=0.06172839506172870 -0.02057613168724482 0.1851851851851855 (476 plane wave)
 1 2.048052937961035 0.002314814814814792
 2 9.516477921088551 4.806708415450513e-11
 3 11.20714254669537 0.000000000000000
 4 12.65436355311853 0.000000000000000
 5 18.82074247101682 0.000000000000000
 6 22.04849462929629 0.000000000000000
 7 29.42691122308841 0.000000000000000
 8 35.52684596216752 0.000000000000000
 9 36.94381529379107 0.000000000000000
 10 38.30833068786260 0.000000000000000
 11 40.64569013371504 0.000000000000000
 12 41.87222714313031 0.000000000000000

 spin=1 k-point=152/868 Cartesian=0.04115226337448356 0.000000000000000 0.2057613168724307 (471 plane wave)
 1 2.848480100553675 0.002314814814814792
 2 9.035116945018871 5.920676675833121e-09
 3 11.39482682356858 0.000000000000000
 4 12.31605287653629 0.000000000000000
 5 17.52996888183623 0.000000000000000
 6 19.10854345661097 0.000000000000000
 7 33.15146177867702 0.000000000000000
 8 38.62289782309338 0.000000000000000
 9 38.98143711271700 0.000000000000000
 10 40.22861043011385 0.000000000000000
 11 42.10996568115314 0.000000000000000
 12 42.84462578057451 0.000000000000000

 spin=1 k-point=153/868 Cartesian=0.02057613168724195 0.02057613168724194 0.2263374485596723 (470 plane wave)
 1 3.985838709741922 0.002314814814814792
 2 7.273248800358671 0.002294807351716998
 3 11.45769358560580 0.000000000000000
 4 13.80440897789845 0.000000000000000
 5 15.49122778682269 0.000000000000000
 6 18.36178267963546 0.000000000000000
 7 36.60323894965072 0.000000000000000
 8 38.06297041411162 0.000000000000000
 9 39.55339733625527 0.000000000000000
 10 41.72563895037578 0.000000000000000
 11 42.90943544221790 0.000000000000000
 12 43.91486369847013 0.000000000000000

 spin=1 k-point=154/868 Cartesian=0.000000000000000 -0.04115226337448295 0.2469135802469139 (472 plane wave)
 1 5.054009930137137 0.002314814814810147
 2 6.331273561337730 0.002314813177944555
 3 11.14103982961152 0.000000000000000
 4 12.06674773868540 0.000000000000000
 5 17.27674789918589 0.000000000000000
 6 18.87653481390194 0.000000000000000
 7 35.47760116775142 0.000000000000000
 8 36.31358020151205 0.000000000000000
 9 41.12443365439717 0.000000000000000
 10 41.95477500187586 0.000000000000000
 11 42.79959095509864 0.000000000000000
 12 43.19240304210658 0.000000000000000

 spin=1 k-point=155/868 Cartesian=0.02057613168724544 -0.06172839506172809 0.2263374485596688 (478 plane wave)
 1 4.490764518245001 0.002314814814814775
 2 7.771388786257661 0.001019693509367584
 3 9.012150681238907 7.449245703640040e-09
 4 12.15399723112033 0.000000000000000
 5 18.32844998277312 0.000000000000000
 6 21.58713797266471 0.000000000000000
 7 31.84982741114479 0.000000000000000
 8 34.92830609279726 0.000000000000000
 9 38.14494043559824 0.000000000000000
 10 41.24641082891566 0.000000000000000
 11 42.76601986690099 0.000000000000000
 12 44.38218831689609 0.000000000000000

 spin=1 k-point=156/868 Cartesian=0.04115226337448707 -0.08230452674896972 0.2057613168724272 (477 plane wave)
 1 3.856892160469613 0.002314814814814792
 2 6.871961456716368 0.002314449956397525
 3 10.02935337262052 2.847458846216830e-13
 4 12.94166710409583 0.000000000000000
 5 19.20788901875406 0.000000000000000
 6 25.17980656354465 0.000000000000000
 7 28.28760407296816 0.000000000000000
 8 33.77325455956323 0.000000000000000
 9 35.02396491630451 0.000000000000000
 10 37.41207874192271 0.000000000000000
 11 41.02492984687518 0.000000000000000
 12 43.68865325594761 0.000000000000000

 spin=1 k-point=157/868 Cartesian=0.06172839506172870 -0.1028806584362113 0.1851851851851855 (476 plane wave)
 1 3.559814642755004 0.002314814814814792
 2 5.069348478554891 0.002314814814809377
 3 12.68597440785503 0.000000000000000
 4 14.12332065367868 0.000000000000000
 5 20.36377469239742 0.000000000000000
 6 24.86117422122492 0.000000000000000
 7 29.22591743925954 0.000000000000000
 8 31.27238233727453 0.000000000000000
 9 32.48579406486933 0.000000000000000
 10 34.43404717470156 0.000000000000000
 11 40.55551327880764 0.000000000000000
 12 41.93937624173751 0.000000000000000

 spin=1 k-point=158/868 Cartesian=0.1646090534979404 -0.1234567901234565 0.08230452674897386 (468 plane wave)
 1 3.599676610822143 0.002314814814814792
 2 3.660925145580993 0.002314814814814792
 3 15.60168610895562 0.000000000000000
 4 15.74124879270158 0.000000000000000
 5 21.37627483694040 0.000000000000000
 6 22.48343480571958 0.000000000000000
 7 28.08777830847015 0.000000000000000
 8 28.30255044179148 0.000000000000000
 9 33.48891212048572 0.000000000000000
 10 34.74777625526319 0.000000000000000
 11 40.30623018903034 0.000000000000000
 12 40.70588497096086 0.000000000000000

 spin=1 k-point=159/868 Cartesian=0.08230452674897418 -0.1234567901234568 0.1234567901234568 (480 plane wave)
 1 1.871246367891425 0.002314814814814792
 2 4.889194119161107 0.002314814814813898
 3 16.86185820378409 0.000000000000000
 4 19.08131376618039 0.000000000000000
 5 20.79001305457150 0.000000000000000
 6 22.41627748066939 0.000000000000000
 7 24.45558137488105 0.000000000000000
 8 26.57352523210887 0.000000000000000
 9 34.47188544819542 0.000000000000000
 10 36.00583833660274 0.000000000000000
 11 38.79214227439334 0.000000000000000
 12 41.79622800946624 0.000000000000000

 spin=1 k-point=160/868 Cartesian=0.1028806584362155 -0.1440329218106981 0.1028806584362155 (473 plane wave)
 1 2.562866158795960 0.002314814814814792
 2 4.073602596568223 0.002314814814814792
 3 17.53574903697164 0.000000000000000
 4 18.30526115905263 0.000000000000000
 5 20.00659025461730 0.000000000000000
 6 23.06554134836971 0.000000000000000
 7 25.12398153348001 0.000000000000000
 8 25.78109015724164 0.000000000000000
 9 34.40727881248360 0.000000000000000
 10 38.01113359761960 0.000000000000000
 11 39.96478395390724 0.000000000000000
 12 40.01494626673986 0.000000000000000

 spin=1 k-point=161/868 Cartesian=0.1234567901234606 -0.1646090534979433 0.08230452674897035 (468 plane wave)
 1 3.599676611863663 0.002314814814814792
 2 3.660925144430270 0.002314814814814792
 3 15.60168601091371 0.000000000000000
 4 15.74124889465712 0.000000000000000
 5 21.37627485267793 0.000000000000000
 6 22.48343478178579 0.000000000000000
 7 28.08777823936898 0.000000000000000
 8 28.30255051578426 0.000000000000000
 9 33.48891210778401 0.000000000000000
 10 34.74777627247998 0.000000000000000
 11 40.30623019894504 0.000000000000000
 12 40.70588495994262 0.000000000000000

 spin=1 k-point=162/868 Cartesian=0.1440329218107023 -0.1851851851851849 0.06172839506172872 (476 plane wave)
 1 3.559814642596594 0.002314814814814792
 2 5.069348478539559 0.002314814814809377
 3 12.68597440463169 0.000000000000000
 4 14.12332065837289 0.000000000000000
 5 20.36377469406657 0.000000000000000
 6 24.86117421893641 0.000000000000000
 7 29.22591742815247 0.000000000000000
 8 31.27238232797286 0.000000000000000
 9 32.48579408506728 0.000000000000000
 10 34.43404717940586 0.000000000000000
 11 40.55551328051926 0.000000000000000
 12 41.93937623552335 0.000000000000000

 spin=1 k-point=163/868 Cartesian=-0.1646090534979433 0.2057613168724272 -0.04115226337448646 (477 plane wave)
 1 3.856892160233592 0.002314814814814792
 2 6.871961456728435 0.002314449956397480
 3 10.02935337243759 2.847458851425745e-13
 4 12.94166710490068 0.000000000000000
 5 19.20788901933190 0.000000000000000
 6 25.17980656457749 0.000000000000000
 7 28.28760407056844 0.000000000000000
 8 33.77325453599443 0.000000000000000
 9 35.02396493838784 0.000000000000000
 10 37.41207875137161 0.000000000000000
 11 41.02492984466355 0.000000000000000
 12 43.68865325046777 0.000000000000000

 spin=1 k-point=164/868 Cartesian=-0.1851851851851884 0.2263374485596723 -0.02057613168724132 (478 plane wave)
 1 4.490764517958899 0.002314814814814775
 2 7.771388786477637 0.001019693508112595
 3 9.012150681468206 7.449245686559016e-09
 4 12.15399723091243 0.000000000000000
 5 18.32844998323873 0.000000000000000
 6 21.58713797267262 0.000000000000000
 7 31.84982741289650 0.000000000000000
 8 34.92830608629173 0.000000000000000
 9 38.14494043528367 0.000000000000000
 10 41.24641083931054 0.000000000000000
 11 42.76601987373908 0.000000000000000
 12 44.38218830070518 0.000000000000000

 spin=1 k-point=165/868 Cartesian=-0.04115226337448294 0.000000000000000 0.2469135802469139 (472 plane wave)
 1 5.054009930140871 0.002314814814810147
 2 6.331273561347093 0.002314813177944555
 3 11.14103983038540 0.000000000000000
 4 12.06674773758500 0.000000000000000
 5 17.27674789983715 0.000000000000000
 6 18.87653481361377 0.000000000000000
 7 35.47760116772506 0.000000000000000
 8 36.31358020154983 0.000000000000000
 9 41.12443365238253 0.000000000000000
 10 41.95477500394974 0.000000000000000
 11 42.79959095163341 0.000000000000000
 12 43.19240304562602 0.000000000000000

 spin=1 k-point=166/868 Cartesian=-0.02057613168724132 -0.02057613168724132 0.2263374485596723 (470 plane wave)
 1 3.985838710072040 0.002314814814814792
 2 7.273248800024162 0.002294807351783346
 3 11.45769358537091 0.000000000000000
 4 13.80440897813762 0.000000000000000
 5 15.49122778677502 0.000000000000000
 6 18.36178267948051 0.000000000000000
 7 36.60323893046404 0.000000000000000
 8 38.06297042889908 0.000000000000000
 9 39.55339735457397 0.000000000000000
 10 41.72563894362029 0.000000000000000
 11 42.90943547047555 0.000000000000000
 12 43.91486369104902 0.000000000000000

 spin=1 k-point=167/868 Cartesian=0.000000000000000 -0.04115226337448646 0.2057613168724272 (471 plane wave)
 1 2.848480100857087 0.002314814814814792
 2 9.035116944890566 5.920676683429626e-09
 3 11.39482682249927 0.000000000000000
 4 12.31605287728546 0.000000000000000
 5 17.52996888171818 0.000000000000000
 6 19.10854345626711 0.000000000000000
 7 33.15146177375454 0.000000000000000
 8 38.62289783861794 0.000000000000000
 9 38.98143712986577 0.000000000000000
 10 40.22861041537598 0.000000000000000
 11 42.10996565296061 0.000000000000000
 12 42.84462580221773 0.000000000000000

 spin=1 k-point=168/868 Cartesian=0.02057613168724546 -0.06172839506172810 0.1851851851851855 (476 plane wave)
 1 2.048052938214361 0.002314814814814792
 2 9.516477920781181 4.806708430224882e-11
 3 11.20714254873052 0.000000000000000
 4 12.65436355034681 0.000000000000000
 5 18.82074247113702 0.000000000000000
 6 22.04849462857964 0.000000000000000
 7 29.42691122295905 0.000000000000000
 8 35.52684599183269 0.000000000000000
 9 36.94381526053844 0.000000000000000
 10 38.30833068754326 0.000000000000000
 11 40.64569013082249 0.000000000000000
 12 41.87222715349750 0.000000000000000

 spin=1 k-point=169/868 Cartesian=0.04115226337448709 -0.08230452674896974 0.1646090534979439 (482 plane wave)
 1 1.614802111666006 0.002314814814814792
 2 7.627548996676179 0.001778702591938229
 3 13.66612454867303 0.000000000000000
 4 13.77227721947041 0.000000000000000
 5 19.92243772207560 0.000000000000000
 6 25.40547648370398 0.000000000000000
 7 26.53102489611415 0.000000000000000
 8 32.10185601454987 0.000000000000000
 9 32.34319750051090 0.000000000000000
 10 37.45430041143123 0.000000000000000
 11 39.18830975763836 0.000000000000000
 12 43.53817228858927 0.000000000000000

 spin=1 k-point=170/868 Cartesian=0.06172839506173223 -0.1028806584362149 0.1440329218106988 (475 plane wave)
 1 1.555243490620074 0.002314814814814792
 2 6.076242838928657 0.002314814687044493
 3 15.10683979881878 0.000000000000000
 4 16.61121140650947 0.000000000000000
 5 21.18257579970380 0.000000000000000
 6 23.03719641694079 0.000000000000000
 7 27.56108852934025 0.000000000000000
 8 28.98520429781143 0.000000000000000
 9 30.78218387944512 0.000000000000000
 10 36.43277116941246 0.000000000000000
 11 38.63497650181495 0.000000000000000
 12 42.73903048963439 0.000000000000000

 spin=1 k-point=171/868 Cartesian=0.06172839506172902 -0.1028806584362117 0.1028806584362117 (484 plane wave)
 1 0.04477845577906932 0.002314814814814792
 2 7.583676406914349 0.001938114837373131
 3 16.55586509488016 0.000000000000000
 4 20.16804207336611 0.000000000000000
 5 21.92719598681971 0.000000000000000
 6 22.20828525349107 0.000000000000000
 7 24.11773422928697 0.000000000000000
 8 27.66601122297215 0.000000000000000
 9 31.14005900583866 0.000000000000000
 10 33.11838075522967 0.000000000000000
 11 38.71906545581163 0.000000000000000
 12 42.61211742348364 0.000000000000000

 spin=1 k-point=172/868 Cartesian=0.08230452674897035 -0.1234567901234530 0.08230452674897035 (483 plane wave)
 1 0.6117130872943510 0.002314814814814792
 2 6.645763120048362 0.002314776811755148
 3 17.88649461987172 0.000000000000000
 4 18.54280386437780 0.000000000000000
 5 19.62259331940746 0.000000000000000
 6 24.11030707868208 0.000000000000000
 7 25.30002462684916 0.000000000000000
 8 26.10965071905270 0.000000000000000
 9 31.11296442642890 0.000000000000000
 10 36.22037466736847 0.000000000000000
 11 38.74617375872349 0.000000000000000
 12 42.41609626493661 0.000000000000000

 spin=1 k-point=173/868 Cartesian=0.1028806584362155 -0.1440329218106981 0.06172839506172521 (475 plane wave)
 1 1.555243490371346 0.002314814814814792
 2 6.076242839044497 0.002314814687044493
 3 15.10683978565826 0.000000000000000
 4 16.61121142771538 0.000000000000000
 5 21.18257579888816 0.000000000000000
 6 23.03719640646188 0.000000000000000
 7 27.56108851438073 0.000000000000000
 8 28.98520432854054 0.000000000000000
 9 30.78218386773869 0.000000000000000
 10 36.43277116131053 0.000000000000000
 11 38.63497650654990 0.000000000000000
 12 42.73903049468888 0.000000000000000

 spin=1 k-point=174/868 Cartesian=0.1234567901234571 -0.1646090534979398 0.04115226337448357 (476 plane wave)
 1 2.873901571082471 0.002314814814814792
 2 5.871778670001444 0.002314814798277929
 3 12.00730264242472 0.000000000000000
 4 14.93565103480264 0.000000000000000
 5 21.14565601056560 0.000000000000000
 6 24.21291411284998 0.000000000000000
 7 29.74805736820198 0.000000000000000
 8 30.70686471730938 0.000000000000000
 9 32.97098840602811 0.000000000000000
 10 33.89711990582023 0.000000000000000
 11 37.32358914624223 0.000000000000000
 12 45.51805435707739 0.000000000000000

 spin=1 k-point=175/868 Cartesian=-0.1440329218106981 0.1851851851851820 -0.02057613168724131 (477 plane wave)
 1 4.564513249281527 0.002314814814814757
 2 6.004741757329229 0.002314814752311255
 3 9.262644773137788 6.084589693577465e-10
 4 13.62511308959288 0.000000000000000
 5 19.90670201891858 0.000000000000000
 6 27.19545987028012 0.000000000000000
 7 28.83789660461276 0.000000000000000
 8 30.59047278781649 0.000000000000000
 9 33.74211259987504 0.000000000000000
 10 36.79534597120493 0.000000000000000
 11 38.78681919320977 0.000000000000000
 12 44.38490588555800 0.000000000000000

 spin=1 k-point=176/868 Cartesian=-0.1646090534979432 0.2057613168724272 0.000000000000000 (483 plane wave)
 1 6.070256737294789 0.002314814694468533
 2 6.619292542182625 0.002314785649952221
 3 7.321437806782631 0.002282592522783356
 4 12.69173820418893 0.000000000000000
 5 18.96685825477853 0.000000000000000
 6 24.98546814568430 0.000000000000000
 7 30.43543656109821 0.000000000000000
 8 31.57497808223121 0.000000000000000
 9 36.51524843890845 0.000000000000000
 10 38.32591984863385 0.000000000000000
 11 43.08287577769672 0.000000000000000
 12 43.73513986314858 0.000000000000000

 spin=1 k-point=177/868 Cartesian=-0.06172839506172809 0.02057613168724544 0.2263374485596688 (478 plane wave)
 1 4.490764518073905 0.002314814814814775
 2 7.771388786535684 0.001019693507781431
 3 9.012150681416667 7.449245690398314e-09
 4 12.15399723055801 0.000000000000000
 5 18.32844998347080 0.000000000000000
 6 21.58713797236222 0.000000000000000
 7 31.84982741224146 0.000000000000000
 8 34.92830609182232 0.000000000000000
 9 38.14494043355904 0.000000000000000
 10 41.24641083023784 0.000000000000000
 11 42.76601986513806 0.000000000000000
 12 44.38218831182567 0.000000000000000

 spin=1 k-point=178/868 Cartesian=-0.04115226337448647 0.000000000000000 0.2057613168724272 (471 plane wave)
 1 2.848480100794032 0.002314814814814792
 2 9.035116944902178 5.920676682742064e-09
 3 11.39482682335812 0.000000000000000
 4 12.31605287629430 0.000000000000000
 5 17.52996888221003 0.000000000000000
 6 19.10854345607838 0.000000000000000
 7 33.15146177519453 0.000000000000000
 8 38.62289783565961 0.000000000000000
 9 38.98143712389167 0.000000000000000
 10 40.22861041957379 0.000000000000000
 11 42.10996566058957 0.000000000000000
 12 42.84462579707414 0.000000000000000

 spin=1 k-point=179/868 Cartesian=-0.02057613168724133 -0.02057613168724131 0.1851851851851820 (469 plane wave)
 1 1.543664258343269 0.002314814814814792
 2 10.71163841426741 0.000000000000000
 3 11.96245426565066 0.000000000000000
 4 14.31121382342004 0.000000000000000
 5 15.98724936985376 0.000000000000000
 6 18.83277419973184 0.000000000000000
 7 34.07168925665593 0.000000000000000
 8 35.79861687306077 0.000000000000000
 9 39.28604340759308 0.000000000000000
 10 39.88345200735945 0.000000000000000
 11 42.14247041969026 0.000000000000000
 12 42.15497372931301 0.000000000000000

 spin=1 k-point=180/868 Cartesian=0.000000000000000 -0.04115226337448295 0.1646090534979404 (476 plane wave)
 1 0.6060520303963697 0.002314814814814792
 2 12.15603142038992 0.000000000000000
 3 12.76316529244016 0.000000000000000
 4 13.06765065986789 0.000000000000000
 5 18.28918494043772 0.000000000000000
 6 19.79823362545403 0.000000000000000
 7 30.90890508971691 0.000000000000000
 8 35.98225709133986 0.000000000000000
 9 37.18881779595923 0.000000000000000
 10 37.58991622030848 0.000000000000000
 11 37.60264906180490 0.000000000000000
 12 42.81609794628418 0.000000000000000

 spin=1 k-point=181/868 Cartesian=0.02057613168724194 -0.06172839506172459 0.1440329218106988 (477 plane wave)
 1 0.04239787804507619 0.002314814814814792
 2 10.52403502827945 2.023400235739786e-15
 3 13.64939495120271 0.000000000000000
 4 15.18847965513293 0.000000000000000
 5 19.79745232996894 0.000000000000000
 6 22.94622764609356 0.000000000000000
 7 27.46577493348884 0.000000000000000
 8 31.95702817997284 0.000000000000000
 9 33.54337863242137 0.000000000000000
 10 35.38613373092205 0.000000000000000
 11 39.37333980641836 0.000000000000000
 12 41.62663621595573 0.000000000000000

 spin=1 k-point=182/868 Cartesian=0.04115226337448708 -0.08230452674896972 0.1234567901234536 (479 plane wave)
 1 -0.1449699922052748 0.002314814814814792
 2 8.884846999302678 2.660612985257146e-08
 3 14.92608267867145 0.000000000000000
 4 17.91585180182922 0.000000000000000
 5 21.06475921843973 0.000000000000000
 6 24.19734280622250 0.000000000000000
 7 26.74843992124153 0.000000000000000
 8 27.91927863862940 0.000000000000000
 9 30.51240021904968 0.000000000000000
 10 33.71423135443484 0.000000000000000
 11 39.71405686160047 0.000000000000000
 12 42.00978832378572 0.000000000000000

 spin=1 k-point=183/868 Cartesian=0.04115226337448739 -0.08230452674897004 0.08230452674897004 (483 plane wave)
 1 -1.405370604103745 0.002314814814814792
 2 10.63903155640177 0.000000000000000
 3 16.62450570252936 0.000000000000000
 4 21.33746859353863 0.000000000000000
 5 22.65633507294201 0.000000000000000
 6 23.31300950166209 0.000000000000000
 7 24.17798778495566 0.000000000000000
 8 28.19293487335867 0.000000000000000
 9 28.70058563101933 0.000000000000000
 10 30.73594197952717 0.000000000000000
 11 35.75314696182241 0.000000000000000
 12 41.22397251793630 0.000000000000000

 spin=1 k-point=184/868 Cartesian=0.06172839506172872 -0.1028806584362114 0.06172839506172872 (484 plane wave)
 1 -0.9639918284465379 0.002314814814814792
 2 9.583720367568537 2.453677475040669e-11
 3 17.83783615590025 0.000000000000000
 4 19.33278010547237 0.000000000000000
 5 20.18241361930401 0.000000000000000
 6 25.12729397183783 0.000000000000000
 7 25.53006497606552 0.000000000000000
 8 27.00402649910497 0.000000000000000
 9 28.56843176381501 0.000000000000000
 10 33.16229476189771 0.000000000000000
 11 35.81778927434527 0.000000000000000
 12 43.88948125672280 0.000000000000000

 spin=1 k-point=185/868 Cartesian=0.08230452674897387 -0.1234567901234565 0.04115226337448358 (479 plane wave)
 1 -0.1449699924380786 0.002314814814814792
 2 8.884846999399873 2.660612982671218e-08
 3 14.92608267031530 0.000000000000000
 4 17.91585182495854 0.000000000000000
 5 21.06475920525561 0.000000000000000
 6 24.19734281028089 0.000000000000000
 7 26.74843988331865 0.000000000000000
 8 27.91927867700710 0.000000000000000
 9 30.51240021953772 0.000000000000000
 10 33.71423134027904 0.000000000000000
 11 39.71405687982459 0.000000000000000
 12 42.00978832460674 0.000000000000000

 spin=1 k-point=186/868 Cartesian=-0.1028806584362149 0.1440329218106988 -0.02057613168724132 (479 plane wave)
 1 1.050845561041153 0.002314814814814792
 2 8.522553594211100 9.959108456003199e-07
 3 11.73316694947614 0.000000000000000
 4 16.12365922769719 0.000000000000000
 5 22.23322561200967 0.000000000000000
 6 23.89695934753201 0.000000000000000
 7 26.93236069750172 0.000000000000000
 8 30.08340070862755 0.000000000000000
 9 33.09695757556545 0.000000000000000
 10 34.85204182720563 0.000000000000000
 11 38.00374153618467 0.000000000000000
 12 40.93568910251290 0.000000000000000

 spin=1 k-point=187/868 Cartesian=-0.1234567901234565 0.1646090534979404 0.000000000000000 (476 plane wave)
 1 2.621822458621055 0.002314814814814792
 2 8.102052842499628 6.490355634265848e-05
 3 9.291922371911472 4.540255564748002e-10
 4 14.68811516751219 0.000000000000000
 5 20.94662820184023 0.000000000000000
 6 26.38160076843539 0.000000000000000
 7 27.45362423678765 0.000000000000000
 8 32.47699027710797 0.000000000000000
 9 32.50327178229566 0.000000000000000
 10 34.87053892105034 0.000000000000000
 11 39.11892744005005 0.000000000000000
 12 39.99163716798140 0.000000000000000

 spin=1 k-point=188/868 Cartesian=-0.1440329218107016 0.1851851851851855 0.02057613168724545 (477 plane wave)
 1 4.564513248603018 0.002314814814814757
 2 6.004741758379522 0.002314814752311254
 3 9.262644773012916 6.084589701175479e-10
 4 13.62511308891972 0.000000000000000
 5 19.90670201906291 0.000000000000000
 6 27.19545986642748 0.000000000000000
 7 28.83789661219402 0.000000000000000
 8 30.59047279325696 0.000000000000000
 9 33.74211258987035 0.000000000000000
 10 36.79534596244893 0.000000000000000
 11 38.78681920125057 0.000000000000000
 12 44.38490588497093 0.000000000000000

 spin=1 k-point=189/868 Cartesian=-0.08230452674896971 0.04115226337448707 0.2057613168724272 (477 plane wave)
 1 3.856892160083952 0.002314814814814792
 2 6.871961457244820 0.002314449956395597
 3 10.02935337273053 2.847458843084195e-13
 4 12.94166710352860 0.000000000000000
 5 19.20788901981804 0.000000000000000
 6 25.17980656258405 0.000000000000000
 7 28.28760407464119 0.000000000000000
 8 33.77325455893096 0.000000000000000
 9 35.02396491380303 0.000000000000000
 10 37.41207874268660 0.000000000000000
 11 41.02492984533522 0.000000000000000
 12 43.68865325552733 0.000000000000000

 spin=1 k-point=190/868 Cartesian=-0.06172839506172810 0.02057613168724546 0.1851851851851855 (476 plane wave)
 1 2.048052938081446 0.002314814814814792
 2 9.516477920939721 4.806708422604333e-11
 3 11.20714254906848 0.000000000000000
 4 12.65436354982226 0.000000000000000
 5 18.82074247195832 0.000000000000000
 6 22.04849462820249 0.000000000000000
 7 29.42691122427967 0.000000000000000
 8 35.52684598840389 0.000000000000000
 9 36.94381526385706 0.000000000000000
 10 38.30833068074647 0.000000000000000
 11 40.64569013831701 0.000000000000000
 12 41.87222714811772 0.000000000000000

 spin=1 k-point=191/868 Cartesian=-0.04115226337448296 0.000000000000000 0.1646090534979404 (476 plane wave)
 1 0.6060520303467547 0.002314814814814792
 2 12.15603142134164 0.000000000000000
 3 12.76316528785535 0.000000000000000
 4 13.06765066364205 0.000000000000000
 5 18.28918494075511 0.000000000000000
 6 19.79823362525875 0.000000000000000
 7 30.90890509136653 0.000000000000000
 8 35.98225708070282 0.000000000000000
 9 37.18881780680417 0.000000000000000
 10 37.58991623352605 0.000000000000000
 11 37.60264904640819 0.000000000000000
 12 42.81609793925705 0.000000000000000

 spin=1 k-point=192/868 Cartesian=-0.02057613168724132 -0.02057613168724132 0.1440329218106988 (478 plane wave)
 1 -0.4622404995269624 0.002314814814814792
 2 12.97001421696448 0.000000000000000
 3 14.69971021850805 0.000000000000000
 4 15.32445573739248 0.000000000000000
 5 16.97629953499591 0.000000000000000
 6 19.76603167378481 0.000000000000000
 7 32.01734245483076 0.000000000000000
 8 33.64994223195909 0.000000000000000
 9 34.53208859240476 0.000000000000000
 10 36.43855201877572 0.000000000000000
 11 38.29715453460965 0.000000000000000
 12 38.71806842587543 0.000000000000000

 spin=1 k-point=193/868 Cartesian=0.000000000000000 -0.04115226337448296 0.1234567901234571 (481 plane wave)
 1 -1.154233230513293 0.002314814814814792
 2 13.42408245890964 0.000000000000000
 3 14.29857372977922 0.000000000000000
 4 16.99234940002705 0.000000000000000
 5 19.55250108186861 0.000000000000000
 6 20.92375879940986 0.000000000000000
 7 29.14639025201771 0.000000000000000
 8 31.62474573523959 0.000000000000000
 9 32.82794012094401 0.000000000000000
 10 35.29501406193377 0.000000000000000
 11 35.56035500512142 0.000000000000000
 12 38.10038820535329 0.000000000000000

 spin=1 k-point=194/868 Cartesian=0.02057613168724546 -0.06172839506172810 0.1028806584362120 (481 plane wave)
 1 -1.468769190824443 0.002314814814814792
 2 12.03172627251741 0.000000000000000
 3 15.13548352751960 0.000000000000000
 4 19.57442652856076 0.000000000000000
 5 21.23964957528936 0.000000000000000
 6 24.16471253854596 0.000000000000000
 7 26.07178316639704 0.000000000000000
 8 27.57598261105258 0.000000000000000
 9 30.52461352324424 0.000000000000000
 10 32.51078362212228 0.000000000000000
 11 36.56732910784175 0.000000000000000
 12 38.52562628752709 0.000000000000000

 spin=1 k-point=195/868 Cartesian=0.02057613168724576 -0.06172839506172841 0.06172839506172841 (489 plane wave)
 1 -2.477954524221126 0.002314814814814792
 2 14.03058581199877 0.000000000000000
 3 17.07611461800672 0.000000000000000
 4 22.20959690432674 0.000000000000000
 5 23.98771782833370 0.000000000000000
 6 24.01754152022522 0.000000000000000
 7 25.42723876382868 0.000000000000000
 8 25.79166307004114 0.000000000000000
 9 27.47617280297166 0.000000000000000
 10 31.29640907884145 0.000000000000000
 11 32.90499274108226 0.000000000000000
 12 36.64096929765540 0.000000000000000

 spin=1 k-point=196/868 Cartesian=-0.04115226337448646 0.08230452674897035 -0.04115226337448646 (486 plane wave)
 1 -2.162484671377090 0.002314814814814792
 2 12.87382710078539 0.000000000000000
 3 18.16377985115094 0.000000000000000
 4 19.68686998211999 0.000000000000000
 5 21.86333306905550 0.000000000000000
 6 24.71754864743820 0.000000000000000
 7 25.81387622507587 0.000000000000000
 8 27.26859695209055 0.000000000000000
 9 29.31178617131068 0.000000000000000
 10 30.51187879292984 0.000000000000000
 11 33.06108163785503 0.000000000000000
 12 38.56321381576596 0.000000000000000

 spin=1 k-point=197/868 Cartesian=-0.06172839506173161 0.1028806584362155 -0.02057613168724133 (481 plane wave)
 1 -1.468769191021085 0.002314814814814792
 2 12.03172627281913 0.000000000000000
 3 15.13548352010816 0.000000000000000
 4 19.57442656721237 0.000000000000000
 5 21.23964954337597 0.000000000000000
 6 24.16471255893169 0.000000000000000
 7 26.07178312896368 0.000000000000000
 8 27.57598262726088 0.000000000000000
 9 30.52461353222120 0.000000000000000
 10 32.51078360696529 0.000000000000000
 11 36.56732914819147 0.000000000000000
 12 38.52562619803669 0.000000000000000

 spin=1 k-point=198/868 Cartesian=-0.08230452674897325 0.1234567901234571 0.000000000000000 (480 plane wave)
 1 -0.3973286447637361 0.002314814814814792
 2 11.14720178306258 0.000000000000000
 3 12.21822731725167 0.000000000000000
 4 17.68034724177826 0.000000000000000
 5 23.33779528464211 0.000000000000000
 6 23.41201697566249 0.000000000000000
 7 25.01573997167018 0.000000000000000
 8 29.43534031313791 0.000000000000000
 9 31.05478002045550 0.000000000000000
 10 36.06355540849340 0.000000000000000
 11 36.46797060251783 0.000000000000000
 12 41.81113307728673 0.000000000000000

 spin=1 k-point=199/868 Cartesian=-0.1028806584362149 0.1440329218106988 0.02057613168724194 (479 plane wave)
 1 1.050845560939648 0.002314814814814792
 2 8.522553594459790 9.959108431246683e-07
 3 11.73316694975362 0.000000000000000
 4 16.12365922646049 0.000000000000000
 5 22.23322560891908 0.000000000000000
 6 23.89695935301548 0.000000000000000
 7 26.93236070282287 0.000000000000000
 8 30.08340070471728 0.000000000000000
 9 33.09695756678562 0.000000000000000
 10 34.85204182774116 0.000000000000000
 11 38.00374154049182 0.000000000000000
 12 40.93568910069713 0.000000000000000

 spin=1 k-point=200/868 Cartesian=-0.1234567901234600 0.1646090534979439 0.04115226337448709 (476 plane wave)
 1 2.873901570639793 0.002314814814814792
 2 5.871778670681083 0.002314814798277929
 3 12.00730264333679 0.000000000000000
 4 14.93565103234341 0.000000000000000
 5 21.14565600968998 0.000000000000000
 6 24.21291411647973 0.000000000000000
 7 29.74805739124601 0.000000000000000
 8 30.70686470604610 0.000000000000000
 9 32.97098839060084 0.000000000000000
 10 33.89711989616242 0.000000000000000
 11 37.32358915441608 0.000000000000000
 12 45.51805432766042 0.000000000000000

 spin=1 k-point=201/868 Cartesian=-0.1028806584362113 0.06172839506172870 0.1851851851851855 (476 plane wave)
 1 3.559814641801331 0.002314814814814792
 2 5.069348479570472 0.002314814814809377
 3 12.68597440812280 0.000000000000000
 4 14.12332065288879 0.000000000000000
 5 20.36377469454147 0.000000000000000
 6 24.86117422013812 0.000000000000000
 7 29.22591744259204 0.000000000000000
 8 31.27238233238826 0.000000000000000
 9 32.48579406683866 0.000000000000000
 10 34.43404717184544 0.000000000000000
 11 40.55551327729039 0.000000000000000
 12 41.93937624312994 0.000000000000000

 spin=1 k-point=202/868 Cartesian=-0.08230452674896974 0.04115226337448709 0.1646090534979439 (482 plane wave)
 1 1.614802111448078 0.002314814814814792
 2 7.627548996930342 0.001778702590891209
 3 13.66612454615188 0.000000000000000
 4 13.77227722173486 0.000000000000000
 5 19.92243772366151 0.000000000000000
 6 25.40547648040349 0.000000000000000
 7 26.53102490042276 0.000000000000000
 8 32.10185600846570 0.000000000000000
 9 32.34319750426329 0.000000000000000
 10 37.45430040623329 0.000000000000000
 11 39.18830976114113 0.000000000000000
 12 43.53817228267763 0.000000000000000

 spin=1 k-point=203/868 Cartesian=-0.06172839506172460 0.02057613168724195 0.1440329218106988 (477 plane wave)
 1 0.04239787795090938 0.002314814814814792
 2 10.52403502840619 2.023400233175332e-15
 3 13.64939495001693 0.000000000000000
 4 15.18847965642283 0.000000000000000
 5 19.79745233113864 0.000000000000000
 6 22.94622764521487 0.000000000000000
 7 27.46577493516830 0.000000000000000
 8 31.95702817827623 0.000000000000000
 9 33.54337863059383 0.000000000000000
 10 35.38613373045710 0.000000000000000
 11 39.37333980572080 0.000000000000000
 12 41.62663621948851 0.000000000000000

 spin=1 k-point=204/868 Cartesian=-0.04115226337448296 0.000000000000000 0.1234567901234571 (481 plane wave)
 1 -1.154233230548594 0.002314814814814792
 2 13.42408245996847 0.000000000000000
 3 14.29857372720000 0.000000000000000
 4 16.99234940265934 0.000000000000000
 5 19.55250108199977 0.000000000000000
 6 20.92375879858412 0.000000000000000
 7 29.14639025425949 0.000000000000000
 8 31.62474573147634 0.000000000000000
 9 32.82794011990680 0.000000000000000
 10 35.29501407137414 0.000000000000000
 11 35.56035499754249 0.000000000000000
 12 38.10038819833455 0.000000000000000

 spin=1 k-point=205/868 Cartesian=-0.02057613168724132 -0.02057613168724132 0.1028806584362155 (482 plane wave)
 1 -1.973611987734802 0.002314814814814792
 2 14.47847877087111 0.000000000000000
 3 16.84325271265674 0.000000000000000
 4 18.40204679897442 0.000000000000000
 5 19.17126754738283 0.000000000000000
 6 21.15362527966726 0.000000000000000
 7 29.81600286822224 0.000000000000000
 8 30.35834604493354 0.000000000000000
 9 32.24085488061271 0.000000000000000
 10 32.25938012434774 0.000000000000000
 11 33.99255580175407 0.000000000000000
 12 36.99777933520691 0.000000000000000

 spin=1 k-point=206/868 Cartesian=0.000000000000000 -0.04115226337448646 0.08230452674897035 (484 plane wave)
 1 -2.414972273652870 0.002314814814814792
 2 15.19740344840055 0.000000000000000
 3 16.01323305388797 0.000000000000000
 4 21.31206853030746 0.000000000000000
 5 21.45294897973929 0.000000000000000
 6 22.56462490703131 0.000000000000000
 7 27.39554249587787 0.000000000000000
 8 27.86953725229629 0.000000000000000
 9 28.79028457999888 0.000000000000000
 10 33.16244155122546 0.000000000000000
 11 33.87500117744840 0.000000000000000
 12 34.59560040610909 0.000000000000000

 spin=1 k-point=207/868 Cartesian=0.000000000000000 0.04115226337448327 -0.04115226337448327 (493 plane wave)
 1 -3.172279679724860 0.002314814814814792
 2 17.46989984578891 0.000000000000000
 3 18.14437495424559 0.000000000000000
 4 23.07303396721485 0.000000000000000
 5 23.23774316222823 0.000000000000000
 6 23.95614099460273 0.000000000000000
 7 25.91743926961795 0.000000000000000
 8 26.60811443945508 0.000000000000000
 9 27.44859192181333 0.000000000000000
 10 29.70576346688534 0.000000000000000
 11 32.01516313018277 0.000000000000000
 12 33.48956100840935 0.000000000000000

 spin=1 k-point=208/868 Cartesian=-0.02057613168724132 0.06172839506172521 -0.02057613168724132 (494 plane wave)
 1 -2.982927250013462 0.002314814814814792
 2 16.47782097714327 0.000000000000000
 3 18.86565651542346 0.000000000000000
 4 20.26808154091306 0.000000000000000
 5 22.61972927013368 0.000000000000000
 6 24.22556081364420 0.000000000000000
 7 25.94262195475725 0.000000000000000
 8 27.79567502055639 0.000000000000000
 9 29.79018894354058 0.000000000000000
 10 30.09457758365500 0.000000000000000
 11 30.87603907344568 0.000000000000000
 12 34.41195486758802 0.000000000000000

 spin=1 k-point=209/868 Cartesian=-0.04115226337448646 0.08230452674897035 0.000000000000000 (484 plane wave)
 1 -2.414972273804851 0.002314814814814792
 2 15.19740345120179 0.000000000000000
 3 16.01323304363243 0.000000000000000
 4 21.31206852683884 0.000000000000000
 5 21.45294904717717 0.000000000000000
 6 22.56462485551794 0.000000000000000
 7 27.39554248366257 0.000000000000000
 8 27.86953728247216 0.000000000000000
 9 28.79028454962845 0.000000000000000
 10 33.16244162995909 0.000000000000000
 11 33.87500110758965 0.000000000000000
 12 34.59560034223372 0.000000000000000

 spin=1 k-point=210/868 Cartesian=-0.06172839506172810 0.1028806584362120 0.02057613168724546 (481 plane wave)
 1 -1.468769191075032 0.002314814814814792
 2 12.03172627282169 0.000000000000000
 3 15.13548352029943 0.000000000000000
 4 19.57442656465522 0.000000000000000
 5 21.23964954436396 0.000000000000000
 6 24.16471256228618 0.000000000000000
 7 26.07178314218862 0.000000000000000
 8 27.57598261613060 0.000000000000000
 9 30.52461352193392 0.000000000000000
 10 32.51078360696429 0.000000000000000
 11 36.56732914583803 0.000000000000000
 12 38.52562622198027 0.000000000000000

 spin=1 k-point=211/868 Cartesian=-0.08230452674896974 0.1234567901234536 0.04115226337448709 (479 plane wave)
 1 -0.1449699925815976 0.002314814814814792
 2 8.884846999609522 2.660612977093299e-08
 3 14.92608267146671 0.000000000000000
 4 17.91585182100349 0.000000000000000
 5 21.06475920411364 0.000000000000000
 6 24.19734281911908 0.000000000000000
 7 26.74843991052755 0.000000000000000
 8 27.91927864836318 0.000000000000000
 9 30.51240021083437 0.000000000000000
 10 33.71423133932073 0.000000000000000
 11 39.71405688308499 0.000000000000000
 12 42.00978832828273 0.000000000000000

 spin=1 k-point=212/868 Cartesian=-0.1028806584362149 0.1440329218106988 0.06172839506173224 (475 plane wave)
 1 1.555243490008382 0.002314814814814792
 2 6.076242839538642 0.002314814687044493
 3 15.10683979066475 0.000000000000000
 4 16.61121141901490 0.000000000000000
 5 21.18257579463267 0.000000000000000
 6 23.03719642048377 0.000000000000000
 7 27.56108852915943 0.000000000000000
 8 28.98520431000642 0.000000000000000
 9 30.78218386397657 0.000000000000000
 10 36.43277115288237 0.000000000000000
 11 38.63497650819890 0.000000000000000
 12 42.73903049166942 0.000000000000000

 spin=1 k-point=213/868 Cartesian=-0.1234567901234565 0.1646090534979404 0.08230452674897384 (468 plane wave)
 1 3.599676584424718 0.002314814814814792
 2 3.660925172009203 0.002314814814814792
 3 15.60168610878788 0.000000000000000
 4 15.74124879196295 0.000000000000000
 5 21.37627484416468 0.000000000000000
 6 22.48343480133200 0.000000000000000
 7 28.08777830164995 0.000000000000000
 8 28.30255044917131 0.000000000000000
 9 33.48891211371379 0.000000000000000
 10 34.74777625705258 0.000000000000000
 11 40.30623018613219 0.000000000000000
 12 40.70588497414750 0.000000000000000

 spin=1 k-point=214/868 Cartesian=-0.1028806584362149 0.06172839506173223 0.1440329218106988 (475 plane wave)
 1 1.555243490282360 0.002314814814814792
 2 6.076242839284195 0.002314814687044493
 3 15.10683979740874 0.000000000000000
 4 16.61121140755592 0.000000000000000
 5 21.18257580412560 0.000000000000000
 6 23.03719641467282 0.000000000000000
 7 27.56108852786830 0.000000000000000
 8 28.98520430347644 0.000000000000000
 9 30.78218387270517 0.000000000000000
 10 36.43277116606244 0.000000000000000
 11 38.63497650312969 0.000000000000000
 12 42.73903048843776 0.000000000000000

 spin=1 k-point=215/868 Cartesian=-0.08230452674896972 0.04115226337448708 0.1234567901234536 (479 plane wave)
 1 -0.1449699923430236 0.002314814814814792
 2 8.884846999427774 2.660612981928849e-08
 3 14.92608267739892 0.000000000000000
 4 17.91585180337813 0.000000000000000
 5 21.06475922120371 0.000000000000000
 6 24.19734280449397 0.000000000000000
 7 26.74843992263178 0.000000000000000
 8 27.91927863947765 0.000000000000000
 9 30.51240021414977 0.000000000000000
 10 33.71423135353885 0.000000000000000
 11 39.71405686181755 0.000000000000000
 12 42.00978832529697 0.000000000000000

 spin=1 k-point=216/868 Cartesian=-0.06172839506172810 0.02057613168724546 0.1028806584362120 (481 plane wave)
 1 -1.468769190886617 0.002314814814814792
 2 12.03172627259179 0.000000000000000
 3 15.13548352619734 0.000000000000000
 4 19.57442653111617 0.000000000000000
 5 21.23964957768196 0.000000000000000
 6 24.16471253494978 0.000000000000000
 7 26.07178317004935 0.000000000000000
 8 27.57598260880543 0.000000000000000
 9 30.52461352029050 0.000000000000000
 10 32.51078362161127 0.000000000000000
 11 36.56732910686093 0.000000000000000
 12 38.52562628827175 0.000000000000000

 spin=1 k-point=217/868 Cartesian=-0.04115226337448646 0.000000000000000 0.08230452674897035 (484 plane wave)
 1 -2.414972273675633 0.002314814814814792
 2 15.19740344957162 0.000000000000000
 3 16.01323305119501 0.000000000000000
 4 21.31206853022152 0.000000000000000
 5 21.45294899126257 0.000000000000000
 6 22.56462489784198 0.000000000000000
 7 27.39554249425341 0.000000000000000
 8 27.86953725781822 0.000000000000000
 9 28.79028457375854 0.000000000000000
 10 33.16244156488740 0.000000000000000
 11 33.87500116780481 0.000000000000000
 12 34.59560039242746 0.000000000000000

 spin=1 k-point=218/868 Cartesian=-0.02057613168724132 -0.02057613168724132 0.06172839506172521 (494 plane wave)
 1 -2.982927249947609 0.002314814814814792
 2 16.47782098038622 0.000000000000000
 3 18.86565650681266 0.000000000000000
 4 20.26808156218743 0.000000000000000
 5 22.61972921386169 0.000000000000000
 6 24.22556085755781 0.000000000000000
 7 25.94262196327304 0.000000000000000
 8 27.79567494905114 0.000000000000000
 9 29.79018901413034 0.000000000000000
 10 30.09457761395021 0.000000000000000
 11 30.87603907381960 0.000000000000000
 12 34.41195479694071 0.000000000000000

 spin=1 k-point=219/868 Cartesian=0.04115226337448708 0.04115226337448708 -0.04115226337448708 (489 plane wave)
 1 -2.919743604802762 0.002314814814814792
 2 15.10644809012504 0.000000000000000
 3 20.42614448997494 0.000000000000000
 4 20.42614449861496 0.000000000000000
 5 22.89613543544234 0.000000000000000
 6 25.96648971111754 0.000000000000000
 7 25.96648972049046 0.000000000000000
 8 27.28343542757967 0.000000000000000
 9 27.28343543747632 0.000000000000000
 10 28.44155978165442 0.000000000000000
 11 30.35117851285429 0.000000000000000
 12 35.35198272286619 0.000000000000000

 spin=1 k-point=220/868 Cartesian=0.02057613168724514 0.06172839506172903 -0.02057613168724514 (494 plane wave)
 1 -2.982927249940721 0.002314814814814792
 2 16.47782098055673 0.000000000000000
 3 18.86565650937789 0.000000000000000
 4 20.26808155858368 0.000000000000000
 5 22.61972921100543 0.000000000000000
 6 24.22556086011041 0.000000000000000
 7 25.94262196425214 0.000000000000000
 8 27.79567495104986 0.000000000000000
 9 29.79018900906328 0.000000000000000
 10 30.09457760836709 0.000000000000000
 11 30.87603908553294 0.000000000000000
 12 34.41195480492204 0.000000000000000

 spin=1 k-point=221/868 Cartesian=0.000000000000000 0.08230452674897416 0.000000000000000 (488 plane wave)
 1 -2.667478240851131 0.002314814814814792
 2 17.66720817310213 0.000000000000000
 3 17.66720818168346 0.000000000000000
 4 18.34433800237915 0.000000000000000
 5 20.22579174633381 0.000000000000000
 6 21.58716506952815 0.000000000000000
 7 29.67919284214608 0.000000000000000
 8 29.67919286669498 0.000000000000000
 9 30.65648589052551 0.000000000000000
 10 32.26321226455785 0.000000000000000
 11 33.34475500968482 0.000000000000000
 12 34.04783777693390 0.000000000000000

 spin=1 k-point=222/868 Cartesian=-0.02057613168724164 0.1028806584362158 0.02057613168724164 (482 plane wave)
 1 -1.973611987913181 0.002314814814814792
 2 14.47847876885231 0.000000000000000
 3 16.84325271055044 0.000000000000000
 4 18.40204676497076 0.000000000000000
 5 19.17126761217693 0.000000000000000
 6 21.15362525533065 0.000000000000000
 7 29.81600284401193 0.000000000000000
 8 30.35834614572435 0.000000000000000
 9 32.24085475881714 0.000000000000000
 10 32.25938010107210 0.000000000000000
 11 33.99255583248704 0.000000000000000
 12 36.99777934046514 0.000000000000000

 spin=1 k-point=223/868 Cartesian=-0.04115226337448327 0.1234567901234574 0.04115226337448327 (481 plane wave)
 1 -0.9018270333486017 0.002314814814814792
 2 11.12074545446710 0.000000000000000
 3 16.39670391356325 0.000000000000000
 4 17.20927068672000 0.000000000000000
 5 18.19033243736334 0.000000000000000
 6 23.43954208661635 0.000000000000000
 7 28.59385176129120 0.000000000000000
 8 29.63149214940247 0.000000000000000
 9 30.62979198454386 0.000000000000000
 10 34.71575014689581 0.000000000000000
 11 37.00742058053094 0.000000000000000
 12 41.01042486240340 0.000000000000000

 spin=1 k-point=224/868 Cartesian=-0.06172839506172841 0.1440329218107026 0.06172839506172841 (481 plane wave)
 1 0.5469646992342871 0.002314814814814792
 2 8.077217152116686 8.254849713957450e-05
 3 15.66674391165976 0.000000000000000
 4 16.32820636115149 0.000000000000000
 5 18.15417983178256 0.000000000000000
 6 26.13061232509107 0.000000000000000
 7 27.05365571130563 0.000000000000000
 8 29.29514261646233 0.000000000000000
 9 29.72564913675280 0.000000000000000
 10 37.63225192095198 0.000000000000000
 11 39.93651644991199 0.000000000000000
 12 42.33513986568632 0.000000000000000

 spin=1 k-point=225/868 Cartesian=-0.08230452674897003 0.1646090534979442 0.08230452674897003 (478 plane wave)
 1 2.371022960300408 0.002314814814814792
 2 5.388012036541865 0.002314814814683728
 3 14.48151262538494 0.000000000000000
 4 16.63728680351620 0.000000000000000
 5 18.47802807967481 0.000000000000000
 6 25.87117143446207 0.000000000000000
 7 27.52070779719811 0.000000000000000
 8 29.53057252051947 0.000000000000000
 9 30.53103306602794 0.000000000000000
 10 37.91756341603411 0.000000000000000
 11 40.09354933345034 0.000000000000000
 12 41.22679852334340 0.000000000000000

 spin=1 k-point=226/868 Cartesian=-0.1440329218107020 0.06172839506172903 0.1440329218107020 (475 plane wave)
 1 3.064617339784369 0.002314814814814792
 2 4.568414932241797 0.002314814814814756
 3 13.67070416249410 0.000000000000000
 4 17.32228453197058 0.000000000000000
 5 19.16485222627881 0.000000000000000
 6 25.06326454703084 0.000000000000000
 7 26.91559459652621 0.000000000000000
 8 30.50256879239476 0.000000000000000
 9 33.32741080109948 0.000000000000000
 10 34.15668542679040 0.000000000000000
 11 36.94484334915295 0.000000000000000
 12 44.86856003210701 0.000000000000000

 spin=1 k-point=227/868 Cartesian=-0.1234567901234568 0.04115226337448388 0.1234567901234568 (483 plane wave)
 1 1.114931128537020 0.002314814814814792
 2 7.129633901555243 0.002310024647618757
 3 13.24120216606867 0.000000000000000
 4 18.37915972481223 0.000000000000000
 5 20.21435164580241 0.000000000000000
 6 24.63588876061930 0.000000000000000
 7 26.41344946124910 0.000000000000000
 8 30.69364988480594 0.000000000000000
 9 31.21074444582086 0.000000000000000
 10 33.22367209997781 0.000000000000000
 11 38.07232125366085 0.000000000000000
 12 43.18380682409426 0.000000000000000

 spin=1 k-point=228/868 Cartesian=-0.1028806584362152 0.02057613168724225 0.1028806584362152 (481 plane wave)
 1 -0.4598603680542694 0.002314814814814792
 2 10.03124623035644 2.794067394340135e-13
 3 13.21230703868467 0.000000000000000
 4 19.79669348053363 0.000000000000000
 5 21.62022856531222 0.000000000000000
 6 24.59213012198080 0.000000000000000
 7 26.07972232883812 0.000000000000000
 8 27.61260923207649 0.000000000000000
 9 29.77522951227930 0.000000000000000
 10 33.42206998696840 0.000000000000000
 11 38.88031520084241 0.000000000000000
 12 41.12317198650400 0.000000000000000

 spin=1 k-point=229/868 Cartesian=0.08230452674897355 0.000000000000000 -0.08230452674897355 (487 plane wave)
 1 -1.657813826897910 0.002314814814814792
 2 12.92205559223279 0.000000000000000
 3 13.91872806625794 0.000000000000000
 4 21.52220138276295 0.000000000000000
 5 23.36038426007813 0.000000000000000
 6 24.76103954563436 0.000000000000000
 7 25.14501702473170 0.000000000000000
 8 25.48776299040646 0.000000000000000
 9 28.03318087959561 0.000000000000000
 10 34.70259078000441 0.000000000000000
 11 35.11695247861000 0.000000000000000
 12 37.59201562916433 0.000000000000000

 spin=1 k-point=230/868 Cartesian=0.06172839506172841 0.02057613168724576 -0.06172839506172841 (489 plane wave)
 1 -2.477954524131998 0.002314814814814792
 2 14.03058581400347 0.000000000000000
 3 17.07611461142511 0.000000000000000
 4 22.20959699095282 0.000000000000000
 5 23.98771765887918 0.000000000000000
 6 24.01754147213549 0.000000000000000
 7 25.42723883697890 0.000000000000000
 8 25.79166315875829 0.000000000000000
 9 27.47617276930372 0.000000000000000
 10 31.29640910450293 0.000000000000000
 11 32.90499275888686 0.000000000000000
 12 36.64096917587482 0.000000000000000

 spin=1 k-point=231/868 Cartesian=0.06172839506172903 0.02057613168724514 -0.02057613168724514 (494 plane wave)
 1 -2.982927249944978 0.002314814814814792
 2 16.47782098039259 0.000000000000000
 3 18.86565650563739 0.000000000000000
 4 20.26808156352429 0.000000000000000
 5 22.61972921331621 0.000000000000000
 6 24.22556085846865 0.000000000000000
 7 25.94262196488140 0.000000000000000
 8 27.79567494692746 0.000000000000000
 9 29.79018900923959 0.000000000000000
 10 30.09457761379345 0.000000000000000
 11 30.87603907938515 0.000000000000000
 12 34.41195480279760 0.000000000000000

 spin=1 k-point=232/868 Cartesian=0.04115226337448708 0.04115226337448708 0.000000000000000 (493 plane wave)
 1 -3.172279679716624 0.002314814814814792
 2 17.46989984576665 0.000000000000000
 3 18.14437495489208 0.000000000000000
 4 23.07303395979094 0.000000000000000
 5 23.23774316633617 0.000000000000000
 6 23.95614099386780 0.000000000000000
 7 25.91743926597333 0.000000000000000
 8 26.60811445389637 0.000000000000000
 9 27.44859191449623 0.000000000000000
 10 29.70576346422443 0.000000000000000
 11 32.01516314107831 0.000000000000000
 12 33.48956100929873 0.000000000000000

 spin=1 k-point=233/868 Cartesian=0.02057613168724194 0.06172839506173222 0.02057613168724195 (494 plane wave)
 1 -2.982927249999393 0.002314814814814792
 2 16.47782097747631 0.000000000000000
 3 18.86565651628143 0.000000000000000
 4 20.26808154228140 0.000000000000000
 5 22.61972925770144 0.000000000000000
 6 24.22556082478501 0.000000000000000
 7 25.94262195423252 0.000000000000000
 8 27.79567500935525 0.000000000000000
 9 29.79018895567269 0.000000000000000
 10 30.09457758369559 0.000000000000000
 11 30.87603908317775 0.000000000000000
 12 34.41195485178567 0.000000000000000

 spin=1 k-point=234/868 Cartesian=0.000000000000000 0.08230452674897386 0.04115226337448358 (484 plane wave)
 1 -2.414972273785549 0.002314814814814792
 2 15.19740345027513 0.000000000000000
 3 16.01323304596665 0.000000000000000
 4 21.31206852697352 0.000000000000000
 5 21.45294903588649 0.000000000000000
 6 22.56462486447364 0.000000000000000
 7 27.39554248471037 0.000000000000000
 8 27.86953728045904 0.000000000000000
 9 28.79028455242221 0.000000000000000
 10 33.16244161700600 0.000000000000000
 11 33.87500112005891 0.000000000000000
 12 34.59560035284529 0.000000000000000

 spin=1 k-point=235/868 Cartesian=-0.02057613168724132 0.1028806584362155 0.06172839506172522 (481 plane wave)
 1 -1.468769191051105 0.002314814814814792
 2 12.03172627269563 0.000000000000000
 3 15.13548352180641 0.000000000000000
 4 19.57442655828340 0.000000000000000
 5 21.23964954863847 0.000000000000000
 6 24.16471255835366 0.000000000000000
 7 26.07178315257917 0.000000000000000
 8 27.57598261337442 0.000000000000000
 9 30.52461351294923 0.000000000000000
 10 32.51078361364593 0.000000000000000
 11 36.56732914134534 0.000000000000000
 12 38.52562623636775 0.000000000000000

 spin=1 k-point=236/868 Cartesian=-0.04115226337448647 0.1234567901234606 0.08230452674897035 (479 plane wave)
 1 -0.1449699925558158 0.002314814814814792
 2 8.884846999578254 2.660612977925214e-08
 3 14.92608267316191 0.000000000000000
 4 17.91585181690970 0.000000000000000
 5 21.06475920512994 0.000000000000000
 6 24.19734281928356 0.000000000000000
 7 26.74843992072789 0.000000000000000
 8 27.91927864201397 0.000000000000000
 9 30.51240020393598 0.000000000000000
 10 33.71423134456218 0.000000000000000
 11 39.71405688150483 0.000000000000000
 12 42.00978832732289 0.000000000000000

 spin=1 k-point=237/868 Cartesian=-0.06172839506172808 0.1440329218107022 0.1028806584362120 (475 plane wave)
 1 1.555243490031433 0.002314814814814792
 2 6.076242839522926 0.002314814687044493
 3 15.10683979348090 0.000000000000000
 4 16.61121141476206 0.000000000000000
 5 21.18257579283300 0.000000000000000
 6 23.03719642489239 0.000000000000000
 7 27.56108853316474 0.000000000000000
 8 28.98520430502999 0.000000000000000
 9 30.78218386281110 0.000000000000000
 10 36.43277115469652 0.000000000000000
 11 38.63497650688196 0.000000000000000
 12 42.73903049113005 0.000000000000000

 spin=1 k-point=238/868 Cartesian=-0.1646090534979433 0.08230452674897035 0.1234567901234606 (468 plane wave)
 1 3.599676584147251 0.002314814814814792
 2 3.660925172287863 0.002314814814814792
 3 15.60168613374175 0.000000000000000
 4 15.74124876612490 0.000000000000000
 5 21.37627483827712 0.000000000000000
 6 22.48343480980428 0.000000000000000
 7 28.08777831878226 0.000000000000000
 8 28.30255043032478 0.000000000000000
 9 33.48891211920376 0.000000000000000
 10 34.74777624936078 0.000000000000000
 11 40.30623018535022 0.000000000000000
 12 40.70588497542876 0.000000000000000

 spin=1 k-point=239/868 Cartesian=-0.1440329218106982 0.06172839506172521 0.1028806584362155 (475 plane wave)
 1 1.555243490264140 0.002314814814814792
 2 6.076242839286605 0.002314814687044493
 3 15.10683979869921 0.000000000000000
 4 16.61121140578781 0.000000000000000
 5 21.18257580016995 0.000000000000000
 6 23.03719642121340 0.000000000000000
 7 27.56108853100298 0.000000000000000
 8 28.98520429779884 0.000000000000000
 9 30.78218387347895 0.000000000000000
 10 36.43277116189440 0.000000000000000
 11 38.63497650548275 0.000000000000000
 12 42.73903048544322 0.000000000000000

 spin=1 k-point=240/868 Cartesian=-0.1234567901234565 0.04115226337448358 0.08230452674897387 (479 plane wave)
 1 -0.1449699923556154 0.002314814814814792
 2 8.884846999377963 2.660612983254121e-08
 3 14.92608267772217 0.000000000000000
 4 17.91585180300229 0.000000000000000
 5 21.06475921859565 0.000000000000000
 6 24.19734281084064 0.000000000000000
 7 26.74843992581546 0.000000000000000
 8 27.91927863321940 0.000000000000000
 9 30.51240021267578 0.000000000000000
 10 33.71423135286028 0.000000000000000
 11 39.71405686255812 0.000000000000000
 12 42.00978832675407 0.000000000000000

 spin=1 k-point=241/868 Cartesian=0.1028806584362155 -0.02057613168724133 -0.06172839506173160 (481 plane wave)
 1 -1.468769190894435 0.002314814814814792
 2 12.03172627243313 0.000000000000000
 3 15.13548352626534 0.000000000000000
 4 19.57442653161264 0.000000000000000
 5 21.23964957517971 0.000000000000000
 6 24.16471254202249 0.000000000000000
 7 26.07178316781192 0.000000000000000
 8 27.57598260667746 0.000000000000000
 9 30.52461351830236 0.000000000000000
 10 32.51078362116371 0.000000000000000
 11 36.56732910760045 0.000000000000000
 12 38.52562629170473 0.000000000000000

 spin=1 k-point=242/868 Cartesian=0.08230452674897035 0.000000000000000 -0.04115226337448646 (484 plane wave)
 1 -2.414972273678398 0.002314814814814792
 2 15.19740344942495 0.000000000000000
 3 16.01323305084206 0.000000000000000
 4 21.31206853069197 0.000000000000000
 5 21.45294899117426 0.000000000000000
 6 22.56462489966415 0.000000000000000
 7 27.39554249387064 0.000000000000000
 8 27.86953725589745 0.000000000000000
 9 28.79028457380591 0.000000000000000
 10 33.16244156521258 0.000000000000000
 11 33.87500116783414 0.000000000000000
 12 34.59560039244100 0.000000000000000

 spin=1 k-point=243/868 Cartesian=0.08230452674897416 0.000000000000000 0.000000000000000 (488 plane wave)
 1 -2.667478240849397 0.002314814814814792
 2 17.66720817008958 0.000000000000000
 3 17.66720818056006 0.000000000000000
 4 18.34433800552901 0.000000000000000
 5 20.22579174836709 0.000000000000000
 6 21.58716507007125 0.000000000000000
 7 29.67919283397088 0.000000000000000
 8 29.67919287088714 0.000000000000000
 9 30.65648589289418 0.000000000000000
 10 32.26321226190404 0.000000000000000
 11 33.34475501216407 0.000000000000000
 12 34.04783779754085 0.000000000000000

 spin=1 k-point=244/868 Cartesian=0.06172839506173222 0.02057613168724194 0.02057613168724194 (494 plane wave)
 1 -2.982927249992847 0.002314814814814792
 2 16.47782097731472 0.000000000000000
 3 18.86565651606389 0.000000000000000
 4 20.26808154227689 0.000000000000000
 5 22.61972925793420 0.000000000000000
 6 24.22556082603833 0.000000000000000
 7 25.94262195545066 0.000000000000000
 8 27.79567500687773 0.000000000000000
 9 29.79018895395263 0.000000000000000
 10 30.09457758236421 0.000000000000000
 11 30.87603908577951 0.000000000000000
 12 34.41195485660150 0.000000000000000

 spin=1 k-point=245/868 Cartesian=0.04115226337448708 0.04115226337448708 0.04115226337448708 (489 plane wave)
 1 -2.919743604910968 0.002314814814814792
 2 15.10644808794193 0.000000000000000
 3 20.42614447879663 0.000000000000000
 4 20.42614451168878 0.000000000000000
 5 22.89613542150623 0.000000000000000
 6 25.96648980045352 0.000000000000000
 7 25.96648982418916 0.000000000000000
 8 27.28343533635331 0.000000000000000
 9 27.28343534635627 0.000000000000000
 10 28.44155972241084 0.000000000000000
 11 30.35117855517552 0.000000000000000
 12 35.35198275455803 0.000000000000000

 spin=1 k-point=246/868 Cartesian=0.02057613168724544 0.06172839506172872 0.06172839506172872 (489 plane wave)
 1 -2.477954524297111 0.002314814814814792
 2 14.03058581247523 0.000000000000000
 3 17.07611460924875 0.000000000000000
 4 22.20959699858406 0.000000000000000
 5 23.98771771932444 0.000000000000000
 6 24.01754147275100 0.000000000000000
 7 25.42723881657452 0.000000000000000
 8 25.79166309475193 0.000000000000000
 9 27.47617279405126 0.000000000000000
 10 31.29640907506214 0.000000000000000
 11 32.90499276611512 0.000000000000000
 12 36.64096917746313 0.000000000000000

 spin=1 k-point=247/868 Cartesian=0.000000000000000 0.08230452674897036 0.08230452674897035 (487 plane wave)
 1 -1.657813827118509 0.002314814814814792
 2 12.92205559259293 0.000000000000000
 3 13.91872806310244 0.000000000000000
 4 21.52220141510881 0.000000000000000
 5 23.36038425390685 0.000000000000000
 6 24.76103954480529 0.000000000000000
 7 25.14501699677056 0.000000000000000
 8 25.48776297993186 0.000000000000000
 9 28.03318089617695 0.000000000000000
 10 34.70259081764443 0.000000000000000
 11 35.11695243584066 0.000000000000000
 12 37.59201560238393 0.000000000000000

 spin=1 k-point=248/868 Cartesian=-0.02057613168724133 0.1028806584362155 0.1028806584362155 (481 plane wave)
 1 -0.4598603683261960 0.002314814814814792
 2 10.03124623047801 2.794067390943269e-13
 3 13.21230703609430 0.000000000000000
 4 19.79669350448437 0.000000000000000
 5 21.62022855529680 0.000000000000000
 6 24.59213009561635 0.000000000000000
 7 26.07972233651670 0.000000000000000
 8 27.61260923774113 0.000000000000000
 9 29.77522951751966 0.000000000000000
 10 33.42206997986580 0.000000000000000
 11 38.88031521442012 0.000000000000000
 12 41.12317196338091 0.000000000000000

 spin=1 k-point=249/868 Cartesian=-0.04115226337448295 0.1234567901234571 0.1234567901234571 (483 plane wave)
 1 1.114931128226025 0.002314814814814792
 2 7.129633901659241 0.002310024647613786
 3 13.24120216334957 0.000000000000000
 4 18.37915974318479 0.000000000000000
 5 20.21435163696954 0.000000000000000
 6 24.63588873960993 0.000000000000000
 7 26.41344947135680 0.000000000000000
 8 30.69364989049740 0.000000000000000
 9 31.21074445766044 0.000000000000000
 10 33.22367208154139 0.000000000000000
 11 38.07232125734730 0.000000000000000
 12 43.18380683934279 0.000000000000000

 spin=1 k-point=250/868 Cartesian=-0.1851851851851884 0.1028806584362155 0.1028806584362155 (475 plane wave)
 1 3.064617339492675 0.002314814814814792
 2 4.568414932318847 0.002314814814814756
 3 13.67070415908180 0.000000000000000
 4 17.32228454675569 0.000000000000000
 5 19.16485221961662 0.000000000000000
 6 25.06326452961130 0.000000000000000
 7 26.91559460354354 0.000000000000000
 8 30.50256879862874 0.000000000000000
 9 33.32741080106012 0.000000000000000
 10 34.15668543227995 0.000000000000000
 11 36.94484334265270 0.000000000000000
 12 44.86856004377591 0.000000000000000

 spin=1 k-point=251/868 Cartesian=-0.1646090534979433 0.08230452674897035 0.08230452674897036 (478 plane wave)
 1 2.371022960475383 0.002314814814814792
 2 5.388012036152939 0.002314814814683728
 3 14.48151262041671 0.000000000000000
 4 16.63728681585005 0.000000000000000
 5 18.47802807600781 0.000000000000000
 6 25.87117141949900 0.000000000000000
 7 27.52070778742316 0.000000000000000
 8 29.53057254656563 0.000000000000000
 9 30.53103306386330 0.000000000000000
 10 37.91756342118952 0.000000000000000
 11 40.09354933033486 0.000000000000000
 12 41.22679853721981 0.000000000000000

 spin=1 k-point=252/868 Cartesian=0.1440329218107023 -0.06172839506172809 -0.06172839506172810 (481 plane wave)
 1 0.5469646993700511 0.002314814814814792
 2 8.077217151798235 8.254849739307678e-05
 3 15.66674390297332 0.000000000000000
 4 16.32820637172586 0.000000000000000
 5 18.15417983313820 0.000000000000000
 6 26.13061230992529 0.000000000000000
 7 27.05365569805663 0.000000000000000
 8 29.29514265847649 0.000000000000000
 9 29.72564912359368 0.000000000000000
 10 37.63225193725464 0.000000000000000
 11 39.93651643086375 0.000000000000000
 12 42.33513986986510 0.000000000000000

 spin=1 k-point=253/868 Cartesian=0.1234567901234606 -0.04115226337448647 -0.04115226337448646 (481 plane wave)
 1 -0.9018270332513625 0.002314814814814792
 2 11.12074545424334 0.000000000000000
 3 16.39670392281497 0.000000000000000
 4 17.20927066350064 0.000000000000000
 5 18.19033245439821 0.000000000000000
 6 23.43954208020114 0.000000000000000
 7 28.59385174905818 0.000000000000000
 8 29.63149214523423 0.000000000000000
 9 30.62979200956919 0.000000000000000
 10 34.71575016845698 0.000000000000000
 11 37.00742054732620 0.000000000000000
 12 41.01042483628667 0.000000000000000

 spin=1 k-point=254/868 Cartesian=0.1028806584362155 -0.02057613168724132 -0.02057613168724132 (482 plane wave)
 1 -1.973611987861264 0.002314814814814792
 2 14.47847876826293 0.000000000000000
 3 16.84325271876948 0.000000000000000
 4 18.40204673693909 0.000000000000000
 5 19.17126763448605 0.000000000000000
 6 21.15362525292337 0.000000000000000
 7 29.81600283483829 0.000000000000000
 8 30.35834613269783 0.000000000000000
 9 32.24085478993039 0.000000000000000
 10 32.25938013101963 0.000000000000000
 11 33.99255579370219 0.000000000000000
 12 36.99777930777160 0.000000000000000

 spin=1 k-point=255/868 Cartesian=0.1028806584362158 -0.02057613168724164 0.02057613168724164 (482 plane wave)
 1 -1.973611987892119 0.002314814814814792
 2 14.47847876888878 0.000000000000000
 3 16.84325270781957 0.000000000000000
 4 18.40204677738451 0.000000000000000
 5 19.17126759813889 0.000000000000000
 6 21.15362526081926 0.000000000000000
 7 29.81600284813651 0.000000000000000
 8 30.35834613132933 0.000000000000000
 9 32.24085476960813 0.000000000000000
 10 32.25938010215889 0.000000000000000
 11 33.99255583331651 0.000000000000000
 12 36.99777934618284 0.000000000000000

 spin=1 k-point=256/868 Cartesian=0.08230452674897386 0.000000000000000 0.04115226337448358 (484 plane wave)
 1 -2.414972273760076 0.002314814814814792
 2 15.19740345042717 0.000000000000000
 3 16.01323304593369 0.000000000000000
 4 21.31206852901019 0.000000000000000
 5 21.45294902578711 0.000000000000000
 6 22.56462487415997 0.000000000000000
 7 27.39554248708500 0.000000000000000
 8 27.86953727293600 0.000000000000000
 9 28.79028455547962 0.000000000000000
 10 33.16244160275317 0.000000000000000
 11 33.87500113295254 0.000000000000000
 12 34.59560036227435 0.000000000000000

 spin=1 k-point=257/868 Cartesian=0.06172839506172872 0.02057613168724545 0.06172839506172872 (489 plane wave)
 1 -2.477954524278970 0.002314814814814792
 2 14.03058581247771 0.000000000000000
 3 17.07611461001176 0.000000000000000
 4 22.20959698440450 0.000000000000000
 5 23.98771774064037 0.000000000000000
 6 24.01754147756819 0.000000000000000
 7 25.42723880585735 0.000000000000000
 8 25.79166309530427 0.000000000000000
 9 27.47617279076118 0.000000000000000
 10 31.29640907474080 0.000000000000000
 11 32.90499276399522 0.000000000000000
 12 36.64096919814129 0.000000000000000

 spin=1 k-point=258/868 Cartesian=0.04115226337448708 0.04115226337448708 0.08230452674897035 (486 plane wave)
 1 -2.162484671387361 0.002314814814814792
 2 12.87382710092459 0.000000000000000
 3 18.16377983706096 0.000000000000000
 4 19.68687001519361 0.000000000000000
 5 21.86333303797815 0.000000000000000
 6 24.71754867702571 0.000000000000000
 7 25.81387620594634 0.000000000000000
 8 27.26859695910024 0.000000000000000
 9 29.31178616129467 0.000000000000000
 10 30.51187878747345 0.000000000000000
 11 33.06108165391198 0.000000000000000
 12 38.56321378929659 0.000000000000000

 spin=1 k-point=259/868 Cartesian=0.02057613168724545 0.06172839506172872 0.1028806584362120 (481 plane wave)
 1 -1.468769190988185 0.002314814814814792
 2 12.03172627273923 0.000000000000000
 3 15.13548352139210 0.000000000000000
 4 19.57442656793469 0.000000000000000
 5 21.23964953149916 0.000000000000000
 6 24.16471257012313 0.000000000000000
 7 26.07178313973344 0.000000000000000
 8 27.57598262120908 0.000000000000000
 9 30.52461351118662 0.000000000000000
 10 32.51078362075060 0.000000000000000
 11 36.56732914842300 0.000000000000000
 12 38.52562621599115 0.000000000000000

 spin=1 k-point=260/868 Cartesian=0.000000000000000 0.08230452674897386 0.1234567901234571 (480 plane wave)
 1 -0.3973286446943058 0.002314814814814792
 2 11.14720178234523 0.000000000000000
 3 12.21822731865048 0.000000000000000
 4 17.68034724020931 0.000000000000000
 5 23.33779528460278 0.000000000000000
 6 23.41201696863894 0.000000000000000
 7 25.01573998068863 0.000000000000000
 8 29.43534031419818 0.000000000000000
 9 31.05478001712316 0.000000000000000
 10 36.06355540245943 0.000000000000000
 11 36.46797061173970 0.000000000000000
 12 41.81113308060888 0.000000000000000

 spin=1 k-point=261/868 Cartesian=-0.02057613168724131 0.1028806584362155 0.1440329218106988 (479 plane wave)
 1 1.050845561037075 0.002314814814814792
 2 8.522553594161820 9.959108460908913e-07
 3 11.73316695017291 0.000000000000000
 4 16.12365922630510 0.000000000000000
 5 22.23322560979400 0.000000000000000
 6 23.89695935161067 0.000000000000000
 7 26.93236069770326 0.000000000000000
 8 30.08340070683871 0.000000000000000
 9 33.09695757778132 0.000000000000000
 10 34.85204182751543 0.000000000000000
 11 38.00374153043862 0.000000000000000
 12 40.93568910591591 0.000000000000000

 spin=1 k-point=262/868 Cartesian=-0.2057613168724300 0.1234567901234571 0.08230452674897386 (476 plane wave)
 1 2.873901570759300 0.002314814814814792
 2 5.871778670344445 0.002314814798277929
 3 12.00730264308896 0.000000000000000
 4 14.93565103373216 0.000000000000000
 5 21.14565600906455 0.000000000000000
 6 24.21291411754617 0.000000000000000
 7 29.74805736629962 0.000000000000000
 8 30.70686471829652 0.000000000000000
 9 32.97098840339673 0.000000000000000
 10 33.89711990707047 0.000000000000000
 11 37.32358914314248 0.000000000000000
 12 45.51805432242898 0.000000000000000

 spin=1 k-point=263/868 Cartesian=0.1851851851851855 -0.1028806584362113 -0.06172839506172809 (476 plane wave)
 1 3.559814641540255 0.002314814814814792
 2 5.069348479578415 0.002314814814809377
 3 12.68597440542402 0.000000000000000
 4 14.12332065763393 0.000000000000000
 5 20.36377469282744 0.000000000000000
 6 24.86117422382911 0.000000000000000
 7 29.22591743244756 0.000000000000000
 8 31.27238232186918 0.000000000000000
 9 32.48579408057490 0.000000000000000
 10 34.43404717952322 0.000000000000000
 11 40.55551327790963 0.000000000000000
 12 41.93937623415677 0.000000000000000

 spin=1 k-point=264/868 Cartesian=0.1646090534979439 -0.08230452674896972 -0.04115226337448646 (482 plane wave)
 1 1.614802111164523 0.002314814814814792
 2 7.627548996911702 0.001778702590967996
 3 13.66612446131736 0.000000000000000
 4 13.77227730972985 0.000000000000000
 5 19.92243772068594 0.000000000000000
 6 25.40547649907768 0.000000000000000
 7 26.53102488063915 0.000000000000000
 8 32.10185594947508 0.000000000000000
 9 32.34319756636091 0.000000000000000
 10 37.45430039720858 0.000000000000000
 11 39.18830976663011 0.000000000000000
 12 43.53817228936392 0.000000000000000

 spin=1 k-point=265/868 Cartesian=0.1440329218107023 -0.06172839506172811 -0.02057613168724483 (477 plane wave)
 1 0.04239787769980393 0.002314814814814792
 2 10.52403502835370 2.023400234237499e-15
 3 13.64939494202264 0.000000000000000
 4 15.18847966913843 0.000000000000000
 5 19.79745232631822 0.000000000000000
 6 22.94622765060981 0.000000000000000
 7 27.46577493236149 0.000000000000000
 8 31.95702816104016 0.000000000000000
 9 33.54337865981180 0.000000000000000
 10 35.38613370836424 0.000000000000000
 11 39.37333982413346 0.000000000000000
 12 41.62663619085502 0.000000000000000

 spin=1 k-point=266/868 Cartesian=0.1234567901234571 -0.04115226337448296 0.000000000000000 (481 plane wave)
 1 -1.154233230755384 0.002314814814814792
 2 13.42408246082904 0.000000000000000
 3 14.29857371971992 0.000000000000000
 4 16.99234941581194 0.000000000000000
 5 19.55250107998149 0.000000000000000
 6 20.92375879752877 0.000000000000000
 7 29.14639026429164 0.000000000000000
 8 31.62474571141627 0.000000000000000
 9 32.82794011878705 0.000000000000000
 10 35.29501412760310 0.000000000000000
 11 35.56035494245534 0.000000000000000
 12 38.10038816553209 0.000000000000000

 spin=1 k-point=267/868 Cartesian=0.1234567901234574 -0.04115226337448327 0.04115226337448327 (481 plane wave)
 1 -0.9018270332876093 0.002314814814814792
 2 11.12074545446103 0.000000000000000
 3 16.39670391096508 0.000000000000000
 4 17.20927069345285 0.000000000000000
 5 18.19033243174678 0.000000000000000
 6 23.43954208900687 0.000000000000000
 7 28.59385175603684 0.000000000000000
 8 29.63149215148734 0.000000000000000
 9 30.62979198699259 0.000000000000000
 10 34.71575014974267 0.000000000000000
 11 37.00742057764253 0.000000000000000
 12 41.01042486406652 0.000000000000000

 spin=1 k-point=268/868 Cartesian=0.1028806584362155 -0.02057613168724132 0.06172839506172521 (481 plane wave)
 1 -1.468769190989222 0.002314814814814792
 2 12.03172627283370 0.000000000000000
 3 15.13548352168656 0.000000000000000
 4 19.57442655772293 0.000000000000000
 5 21.23964954634960 0.000000000000000
 6 24.16471256256051 0.000000000000000
 7 26.07178315128161 0.000000000000000
 8 27.57598261356122 0.000000000000000
 9 30.52461350989752 0.000000000000000
 10 32.51078361840667 0.000000000000000
 11 36.56732913722946 0.000000000000000
 12 38.52562624227347 0.000000000000000

 spin=1 k-point=269/868 Cartesian=0.08230452674897035 0.000000000000000 0.08230452674897035 (487 plane wave)
 1 -1.657813827067389 0.002314814814814792
 2 12.92205559296511 0.000000000000000
 3 13.91872806294047 0.000000000000000
 4 21.52220140971123 0.000000000000000
 5 23.36038425219355 0.000000000000000
 6 24.76103954844082 0.000000000000000
 7 25.14501700667832 0.000000000000000
 8 25.48776298040735 0.000000000000000
 9 28.03318088803170 0.000000000000000
 10 34.70259080570991 0.000000000000000
 11 35.11695244766074 0.000000000000000
 12 37.59201560983039 0.000000000000000

 spin=1 k-point=270/868 Cartesian=0.06172839506172871 0.02057613168724546 0.1028806584362120 (481 plane wave)
 1 -1.468769190957688 0.002314814814814792
 2 12.03172627279191 0.000000000000000
 3 15.13548352210942 0.000000000000000
 4 19.57442656189411 0.000000000000000
 5 21.23964953647062 0.000000000000000
 6 24.16471256989351 0.000000000000000
 7 26.07178314419074 0.000000000000000
 8 27.57598261806790 0.000000000000000
 9 30.52461351033726 0.000000000000000
 10 32.51078361891693 0.000000000000000
 11 36.56732914523971 0.000000000000000
 12 38.52562623096952 0.000000000000000

 spin=1 k-point=271/868 Cartesian=0.04115226337448707 0.04115226337448709 0.1234567901234536 (481 plane wave)
 1 -0.9018270332255444 0.002314814814814792
 2 11.12074545440454 0.000000000000000
 3 16.39670391368890 0.000000000000000
 4 17.20927069892464 0.000000000000000
 5 18.19033242045487 0.000000000000000
 6 23.43954209164299 0.000000000000000
 7 28.59385175436062 0.000000000000000
 8 29.63149215475098 0.000000000000000
 9 30.62979198137008 0.000000000000000
 10 34.71575016070805 0.000000000000000
 11 37.00742057447242 0.000000000000000
 12 41.01042487163109 0.000000000000000

 spin=1 k-point=272/868 Cartesian=0.02057613168724193 0.06172839506173223 0.1440329218106988 (477 plane wave)
 1 0.04239787778998595 0.002314814814814792
 2 10.52403502832610 2.023400234795964e-15
 3 13.64939494662020 0.000000000000000
 4 15.18847966358792 0.000000000000000
 5 19.79745232103955 0.000000000000000
 6 22.94622765793205 0.000000000000000
 7 27.46577493318886 0.000000000000000
 8 31.95702818106570 0.000000000000000
 9 33.54337860967777 0.000000000000000
 10 35.38613373057502 0.000000000000000
 11 39.37333983561316 0.000000000000000
 12 41.62663620358477 0.000000000000000

 spin=1 k-point=273/868 Cartesian=0.000000000000000 0.08230452674897384 0.1646090534979404 (481 plane wave)
 1 1.362573064997080 0.002314814814814792
 2 9.878294991550627 1.289721174177335e-12
 3 10.98754221162589 0.000000000000000
 4 13.50321319895426 0.000000000000000
 5 22.08425104605877 0.000000000000000
 6 23.11279624228612 0.000000000000000
 7 25.98737514857730 0.000000000000000
 8 34.16830368694878 0.000000000000000
 9 35.33938360418636 0.000000000000000
 10 37.29794167982708 0.000000000000000
 11 37.91664873290781 0.000000000000000
 12 39.54296700552054 0.000000000000000

 spin=1 k-point=274/868 Cartesian=0.2263374485596723 -0.1440329218106981 -0.06172839506173160 (482 plane wave)
 1 3.055900504394309 0.002314814814814792
 2 7.514445783763556 0.002109624697749763
 3 10.73927477634260 0.000000000000000
 4 12.19167688453233 0.000000000000000
 5 22.66144412911688 0.000000000000000
 6 24.30646203167105 0.000000000000000
 7 26.24638550681154 0.000000000000000
 8 33.27131710485440 0.000000000000000
 9 35.20103377569885 0.000000000000000
 10 36.53880519590649 0.000000000000000
 11 38.94092542297287 0.000000000000000
 12 42.88367671355060 0.000000000000000

 spin=1 k-point=275/868 Cartesian=0.2057613168724272 -0.1234567901234530 -0.04115226337448646 (478 plane wave)
 1 5.094649273549052 0.002314814814807819
 2 5.136576660217115 0.002314814814804186
 3 11.24154693188282 0.000000000000000
 4 11.28265390461593 0.000000000000000
 5 22.88609997633841 0.000000000000000
 6 23.92111724052894 0.000000000000000
 7 28.96111301741234 0.000000000000000
 8 30.14911149724162 0.000000000000000
 9 35.72988345763007 0.000000000000000
 10 35.84247246240935 0.000000000000000
 11 41.82137072243153 0.000000000000000
 12 42.40672899170956 0.000000000000000

 spin=1 k-point=276/868 Cartesian=0.1851851851851855 -0.1028806584362113 -0.02057613168724483 (482 plane wave)
 1 3.055900504264261 0.002314814814814792
 2 7.514445783902017 0.002109624697490837
 3 10.73927477574027 0.000000000000000
 4 12.19167688528947 0.000000000000000
 5 22.66144412861970 0.000000000000000
 6 24.30646203221186 0.000000000000000
 7 26.24638550868618 0.000000000000000
 8 33.27131709723113 0.000000000000000
 9 35.20103378091864 0.000000000000000
 10 36.53880519217363 0.000000000000000
 11 38.94092542950601 0.000000000000000
 12 42.88367671029534 0.000000000000000

 spin=1 k-point=277/868 Cartesian=0.1646090534979439 -0.08230452674896972 0.000000000000000 (481 plane wave)
 1 1.362573064882255 0.002314814814814792
 2 9.878294992138805 1.289721166591473e-12
 3 10.98754221021903 0.000000000000000
 4 13.50321320017842 0.000000000000000
 5 22.08425104649216 0.000000000000000
 6 23.11279624292272 0.000000000000000
 7 25.98737514872009 0.000000000000000
 8 34.16830368417784 0.000000000000000
 9 35.33938359958070 0.000000000000000
 10 37.29794168445812 0.000000000000000
 11 37.91664873938318 0.000000000000000
 12 39.54296699731574 0.000000000000000

 spin=1 k-point=278/868 Cartesian=0.1440329218106987 -0.06172839506172458 0.02057613168724194 (477 plane wave)
 1 0.04239787769938400 0.002314814814814792
 2 10.52403502849536 2.023400231371189e-15
 3 13.64939494423999 0.000000000000000
 4 15.18847966597453 0.000000000000000
 5 19.79745232323945 0.000000000000000
 6 22.94622765665230 0.000000000000000
 7 27.46577493336538 0.000000000000000
 8 31.95702817548855 0.000000000000000
 9 33.54337862610765 0.000000000000000
 10 35.38613371478142 0.000000000000000
 11 39.37333983666887 0.000000000000000
 12 41.62663619853279 0.000000000000000

 spin=1 k-point=279/868 Cartesian=0.1440329218107026 -0.06172839506172841 0.06172839506172841 (481 plane wave)
 1 0.5469646993832562 0.002314814814814792
 2 8.077217151984538 8.254849724477037e-05
 3 15.66674391408905 0.000000000000000
 4 16.32820635853831 0.000000000000000
 5 18.15417983088583 0.000000000000000
 6 26.13061232735828 0.000000000000000
 7 27.05365570796394 0.000000000000000
 8 29.29514261216064 0.000000000000000
 9 29.72564914445994 0.000000000000000
 10 37.63225192161028 0.000000000000000
 11 39.93651644608540 0.000000000000000
 12 42.33513986693234 0.000000000000000

 spin=1 k-point=280/868 Cartesian=0.1234567901234606 -0.04115226337448647 0.08230452674897035 (479 plane wave)
 1 -0.1449699924210155 0.002314814814814792
 2 8.884846999538304 2.660612978988133e-08
 3 14.92608267332191 0.000000000000000
 4 17.91585181625183 0.000000000000000
 5 21.06475920362421 0.000000000000000
 6 24.19734281876561 0.000000000000000
 7 26.74843992685999 0.000000000000000
 8 27.91927863563881 0.000000000000000
 9 30.51240020801042 0.000000000000000
 10 33.71423134500908 0.000000000000000
 11 39.71405687718185 0.000000000000000
 12 42.00978832869551 0.000000000000000

 spin=1 k-point=281/868 Cartesian=0.1028806584362155 -0.02057613168724133 0.1028806584362155 (481 plane wave)
 1 -0.4598603682145674 0.002314814814814792
 2 10.03124623061511 2.794067387112705e-13
 3 13.21230703588715 0.000000000000000
 4 19.79669350409177 0.000000000000000
 5 21.62022855226038 0.000000000000000
 6 24.59213009598361 0.000000000000000
 7 26.07972233815266 0.000000000000000
 8 27.61260924608222 0.000000000000000
 9 29.77522950833697 0.000000000000000
 10 33.42206998322708 0.000000000000000
 11 38.88031521122792 0.000000000000000
 12 41.12317196683175 0.000000000000000

 spin=1 k-point=282/868 Cartesian=0.08230452674897386 0.000000000000000 0.1234567901234571 (480 plane wave)
 1 -0.3973286446123502 0.002314814814814792
 2 11.14720178283996 0.000000000000000
 3 12.21822731829999 0.000000000000000
 4 17.68034723869769 0.000000000000000
 5 23.33779528623244 0.000000000000000
 6 23.41201696522041 0.000000000000000
 7 25.01573998475865 0.000000000000000
 8 29.43534031710153 0.000000000000000
 9 31.05478001255866 0.000000000000000
 10 36.06355539297285 0.000000000000000
 11 36.46797062147570 0.000000000000000
 12 41.81113308477766 0.000000000000000

 spin=1 k-point=283/868 Cartesian=0.06172839506173222 0.02057613168724194 0.1440329218106988 (477 plane wave)
 1 0.04239787783561319 0.002314814814814792
 2 10.52403502841272 2.023400233043292e-15
 3 13.64939494797422 0.000000000000000
 4 15.18847966097391 0.000000000000000
 5 19.79745232202901 0.000000000000000
 6 22.94622765809157 0.000000000000000
 7 27.46577493295417 0.000000000000000
 8 31.95702818538320 0.000000000000000
 9 33.54337860514259 0.000000000000000
 10 35.38613372922533 0.000000000000000
 11 39.37333983433020 0.000000000000000
 12 41.62663621094498 0.000000000000000

 spin=1 k-point=284/868 Cartesian=0.04115226337448708 0.04115226337448708 0.1646090534979439 (472 plane wave)
 1 0.8583434249630825 0.002314814814814792
 2 9.863911481461329 1.489232947409183e-12
 3 13.01426679847821 0.000000000000000
 4 15.13224573748365 0.000000000000000
 5 16.97476156098169 0.000000000000000
 6 22.30421269788291 0.000000000000000
 7 30.38564737265102 0.000000000000000
 8 32.33704409395750 0.000000000000000
 9 34.34540137647766 0.000000000000000
 10 39.30623416647354 0.000000000000000
 11 41.44074637074531 0.000000000000000
 12 42.41872947998577 0.000000000000000

 spin=1 k-point=285/868 Cartesian=0.02057613168724546 0.06172839506172870 0.1851851851851855 (476 plane wave)
 1 2.048052937868427 0.002314814814814792
 2 9.516477920738645 4.806708432269494e-11
 3 11.20714255216803 0.000000000000000
 4 12.65436354719364 0.000000000000000
 5 18.82074246766911 0.000000000000000
 6 22.04849463517106 0.000000000000000
 7 29.42691122609424 0.000000000000000
 8 35.52684599806778 0.000000000000000
 9 36.94381523191429 0.000000000000000
 10 38.30833066362339 0.000000000000000
 11 40.64569018138132 0.000000000000000
 12 41.87222714010576 0.000000000000000

 spin=1 k-point=286/868 Cartesian=0.2469135802469174 -0.1646090534979433 -0.04115226337448645 (472 plane wave)
 1 3.604763525536124 0.002314814814814792
 2 9.116650831031990 2.619839645277840e-09
 3 9.780184876479984 3.440192541163428e-12
 4 10.24561057281535 3.275398447372626e-14
 5 21.32791929277665 0.000000000000000
 6 22.56040235708079 0.000000000000000
 7 28.07117911482966 0.000000000000000
 8 34.03134992598600 0.000000000000000
 9 38.98282270181537 0.000000000000000
 10 40.16673437222566 0.000000000000000
 11 40.63933936637900 0.000000000000000
 12 41.56353486066836 0.000000000000000

 spin=1 k-point=287/868 Cartesian=0.2263374485596723 -0.1440329218106982 -0.02057613168724131 (476 plane wave)
 1 5.499607838445838 0.002314814814414722
 2 7.009835546706950 0.002313367040623943
 3 8.764429519820899 8.870266183400501e-08
 4 10.24105608072517 3.428025560393881e-14
 5 22.25732253324285 0.000000000000000
 6 25.27599637314371 0.000000000000000
 7 27.06225701370486 0.000000000000000
 8 30.23438054906149 0.000000000000000
 9 38.99041061097426 0.000000000000000
 10 40.45880784597543 0.000000000000000
 11 42.64733611162367 0.000000000000000
 12 44.09105637563866 0.000000000000000

 spin=1 k-point=288/868 Cartesian=0.2057613168724307 -0.1234567901234565 0.000000000000000 (479 plane wave)
 1 4.863363037025532 0.002314814814814101
 2 7.340137601986910 0.002276077695561530
 3 8.550081605099077 7.563325057008105e-07
 4 11.01289310828957 0.000000000000000
 5 23.05312350753782 0.000000000000000
 6 25.63455018108860 0.000000000000000
 7 26.75466691912702 0.000000000000000
 8 29.60614309248466 0.000000000000000
 9 37.69213574024159 0.000000000000000
 10 39.26549118800227 0.000000000000000
 11 41.42640904207990 0.000000000000000
 12 42.13228467041120 0.000000000000000

 spin=1 k-point=289/868 Cartesian=0.1851851851851890 -0.1028806584362149 0.02057613168724195 (482 plane wave)
 1 3.055900504357032 0.002314814814814792
 2 7.514445784255979 0.002109624696828924
 3 10.73927477679719 0.000000000000000
 4 12.19167688311000 0.000000000000000
 5 22.66144412049647 0.000000000000000
 6 24.30646204411713 0.000000000000000
 7 26.24638550776694 0.000000000000000
 8 33.27131710879920 0.000000000000000
 9 35.20103377542137 0.000000000000000
 10 36.53880516109695 0.000000000000000
 11 38.94092545102298 0.000000000000000
 12 42.88367671118882 0.000000000000000

 spin=1 k-point=290/868 Cartesian=0.1646090534979439 -0.08230452674896972 0.04115226337448710 (482 plane wave)
 1 1.614802111235682 0.002314814814814792
 2 7.627548997172372 0.001778702589894170
 3 13.66612453249402 0.000000000000000
 4 13.77227723626736 0.000000000000000
 5 19.92243771812170 0.000000000000000
 6 25.40547651205499 0.000000000000000
 7 26.53102487902103 0.000000000000000
 8 32.10185601564547 0.000000000000000
 9 32.34319748850656 0.000000000000000
 10 37.45430038555328 0.000000000000000
 11 39.18830977703077 0.000000000000000
 12 43.53817228786239 0.000000000000000

 spin=1 k-point=291/868 Cartesian=0.1646090534979442 -0.08230452674897003 0.08230452674897003 (478 plane wave)
 1 2.371022960775478 0.002314814814814792
 2 5.388012036058851 0.002314814814683728
 3 14.48151262693542 0.000000000000000
 4 16.63728680075528 0.000000000000000
 5 18.47802807975038 0.000000000000000
 6 25.87117143190144 0.000000000000000
 7 27.52070780174893 0.000000000000000
 8 29.53057251285680 0.000000000000000
 9 30.53103307464529 0.000000000000000
 10 37.91756341522589 0.000000000000000
 11 40.09354933082861 0.000000000000000
 12 41.22679852599288 0.000000000000000

 spin=1 k-point=292/868 Cartesian=0.1440329218107023 -0.06172839506172809 0.1028806584362120 (475 plane wave)
 1 1.555243490362793 0.002314814814814792
 2 6.076242839229048 0.002314814687044493
 3 15.10683979465440 0.000000000000000
 4 16.61121141312455 0.000000000000000
 5 21.18257579053478 0.000000000000000
 6 23.03719642559867 0.000000000000000
 7 27.56108853833530 0.000000000000000
 8 28.98520429465911 0.000000000000000
 9 30.78218387264869 0.000000000000000
 10 36.43277115213824 0.000000000000000
 11 38.63497650938180 0.000000000000000
 12 42.73903048665675 0.000000000000000

 spin=1 k-point=293/868 Cartesian=0.1234567901234571 -0.04115226337448295 0.1234567901234571 (483 plane wave)
 1 1.114931128470154 0.002314814814814792
 2 7.129633901522706 0.002310024647620312
 3 13.24120216320881 0.000000000000000
 4 18.37915974410847 0.000000000000000
 5 20.21435163358781 0.000000000000000
 6 24.63588874027904 0.000000000000000
 7 26.41344947230468 0.000000000000000
 8 30.69364989722952 0.000000000000000
 9 31.21074445167325 0.000000000000000
 10 33.22367208293697 0.000000000000000
 11 38.07232125779485 0.000000000000000
 12 43.18380683458464 0.000000000000000

 spin=1 k-point=294/868 Cartesian=0.1028806584362155 -0.02057613168724132 0.1440329218106988 (479 plane wave)
 1 1.050845561214218 0.002314814814814792
 2 8.522553594254248 9.959108451707999e-07
 3 11.73316694987029 0.000000000000000
 4 16.12365922576303 0.000000000000000
 5 22.23322560927626 0.000000000000000
 6 23.89695934999244 0.000000000000000
 7 26.93236070099644 0.000000000000000
 8 30.08340070865354 0.000000000000000
 9 33.09695757283654 0.000000000000000
 10 34.85204183120315 0.000000000000000
 11 38.00374152927340 0.000000000000000
 12 40.93568910630258 0.000000000000000

 spin=1 k-point=295/868 Cartesian=0.08230452674897384 0.000000000000000 0.1646090534979404 (481 plane wave)
 1 1.362573065114860 0.002314814814814792
 2 9.878294992134286 1.289721166649761e-12
 3 10.98754221119544 0.000000000000000
 4 13.50321319807215 0.000000000000000
 5 22.08425104727819 0.000000000000000
 6 23.11279624079898 0.000000000000000
 7 25.98737514934610 0.000000000000000
 8 34.16830369208434 0.000000000000000
 9 35.33938360202822 0.000000000000000
 10 37.29794167897183 0.000000000000000
 11 37.91664872235090 0.000000000000000
 12 39.54296701467293 0.000000000000000

 spin=1 k-point=296/868 Cartesian=0.06172839506172870 0.02057613168724546 0.1851851851851855 (476 plane wave)
 1 2.048052937928377 0.002314814814814792
 2 9.516477920851917 4.806708426824845e-11
 3 11.20714255277773 0.000000000000000
 4 12.65436354589964 0.000000000000000
 5 18.82074246812774 0.000000000000000
 6 22.04849463526243 0.000000000000000
 7 29.42691122541220 0.000000000000000
 8 35.52684600650905 0.000000000000000
 9 36.94381522340748 0.000000000000000
 10 38.30833066382608 0.000000000000000
 11 40.64569017697424 0.000000000000000
 12 41.87222714408070 0.000000000000000

 spin=1 k-point=297/868 Cartesian=0.04115226337448709 0.04115226337448707 0.2057613168724272 (472 plane wave)
 1 3.100702805753395 0.002314814814814792
 2 9.108515116352901 2.841892440654607e-09
 3 9.284171226077595 4.906175725994585e-10
 4 14.37291386098661 0.000000000000000
 5 16.24712659795960 0.000000000000000
 6 21.60369778889358 0.000000000000000
 7 32.67217296435753 0.000000000000000
 8 34.44992698461338 0.000000000000000
 9 38.68764542319263 0.000000000000000
 10 39.25159128798197 0.000000000000000
 11 41.33542396238213 0.000000000000000
 12 44.30788941657917 0.000000000000000

 spin=1 k-point=298/868 Cartesian=-0.02057613168724484 -0.06172839506172809 0.2674897119341591 (478 plane wave)
 1 4.490764517795332 0.002314814814814775
 2 7.771388788417847 0.001019693497043480
 3 9.012150681155326 7.449245709866170e-09
 4 12.15399722829985 0.000000000000000
 5 18.32844998088786 0.000000000000000
 6 21.58713797703776 0.000000000000000
 7 31.84982741573226 0.000000000000000
 8 34.92830609014331 0.000000000000000
 9 38.14494043498203 0.000000000000000
 10 41.24641080773483 0.000000000000000
 11 42.76601985348579 0.000000000000000
 12 44.38218830957376 0.000000000000000

 spin=1 k-point=299/868 Cartesian=0.000000000000000 -0.08230452674897323 0.2469135802469139 (478 plane wave)
 1 5.816199990921258 0.002314814805328905
 2 7.073056433423461 0.002312091948760683
 3 8.862725136206576 3.319361287561062e-08
 4 9.997278783997560 3.924240888759306e-13
 5 21.07544319487999 0.000000000000000
 6 22.35485502819221 0.000000000000000
 7 30.19161012616390 0.000000000000000
 8 31.47384648123909 0.000000000000000
 9 41.68644853526483 0.000000000000000
 10 42.72581778305258 0.000000000000000
 11 43.53846125786523 0.000000000000000
 12 43.69745046923230 0.000000000000000

 spin=1 k-point=300/868 Cartesian=0.02057613168724193 -0.1028806584362149 0.2263374485596723 (476 plane wave)
 1 5.499607839507335 0.002314814814414722
 2 7.009835546399460 0.002313367040628392
 3 8.764429519325818 8.870266227313847e-08
 4 10.24105608000319 3.428025585143612e-14
 5 22.25732253279680 0.000000000000000
 6 25.27599636810074 0.000000000000000
 7 27.06225702118228 0.000000000000000
 8 30.23438054958567 0.000000000000000
 9 38.99041063162959 0.000000000000000
 10 40.45880780409673 0.000000000000000
 11 42.64733611671194 0.000000000000000
 12 44.09105638646816 0.000000000000000

 spin=1 k-point=301/868 Cartesian=0.2057613168724307 -0.1234567901234565 0.04115226337448357 (478 plane wave)
 1 5.094649294519701 0.002314814814807819
 2 5.136576639825756 0.002314814814804186
 3 11.24154702304370 0.000000000000000
 4 11.28265381164692 0.000000000000000
 5 22.88609996511777 0.000000000000000
 6 23.92111725149889 0.000000000000000
 7 28.96111302631031 0.000000000000000
 8 30.14911149869074 0.000000000000000
 9 35.72988352719884 0.000000000000000
 10 35.84247237440543 0.000000000000000
 11 41.82137071409823 0.000000000000000
 12 42.40672900889263 0.000000000000000

 spin=1 k-point=302/868 Cartesian=0.1851851851851855 -0.1028806584362113 0.06172839506172872 (476 plane wave)
 1 3.559814642223353 0.002314814814814792
 2 5.069348479281464 0.002314814814809377
 3 12.68597441148654 0.000000000000000
 4 14.12332064823586 0.000000000000000
 5 20.36377469002199 0.000000000000000
 6 24.86117423139472 0.000000000000000
 7 29.22591744855507 0.000000000000000
 8 31.27238232657743 0.000000000000000
 9 32.48579405166659 0.000000000000000
 10 34.43404717888472 0.000000000000000
 11 40.55551327757735 0.000000000000000
 12 41.93937623812613 0.000000000000000

 spin=1 k-point=303/868 Cartesian=0.06172839506172903 -0.1440329218107020 0.1440329218107020 (475 plane wave)
 1 3.064617340814582 0.002314814814814792
 2 4.568414931193386 0.002314814814814756
 3 13.67070416371210 0.000000000000000
 4 17.32228452890948 0.000000000000000
 5 19.16485222671162 0.000000000000000
 6 25.06326454486762 0.000000000000000
 7 26.91559460040495 0.000000000000000
 8 30.50256878923864 0.000000000000000
 9 33.32741080730976 0.000000000000000
 10 34.15668542736847 0.000000000000000
 11 36.94484334585829 0.000000000000000
 12 44.86856003322002 0.000000000000000

 spin=1 k-point=304/868 Cartesian=0.08230452674897035 -0.1646090534979433 0.1234567901234606 (468 plane wave)
 1 3.599676610285468 0.002314814814814792
 2 3.660925146164918 0.002314814814814792
 3 15.60168615796764 0.000000000000000
 4 15.74124874136716 0.000000000000000
 5 21.37627483359678 0.000000000000000
 6 22.48343481296869 0.000000000000000
 7 28.08777834564024 0.000000000000000
 8 28.30255040358695 0.000000000000000
 9 33.48891212273234 0.000000000000000
 10 34.74777624980862 0.000000000000000
 11 40.30623018285274 0.000000000000000
 12 40.70588497891269 0.000000000000000

 spin=1 k-point=305/868 Cartesian=0.1028806584362155 -0.1851851851851884 0.1028806584362155 (475 plane wave)
 1 3.064617340540954 0.002314814814814792
 2 4.568414931319437 0.002314814814814756
 3 13.67070415905343 0.000000000000000
 4 17.32228454821701 0.000000000000000
 5 19.16485221592781 0.000000000000000
 6 25.06326453024649 0.000000000000000
 7 26.91559460500882 0.000000000000000
 8 30.50256879667970 0.000000000000000
 9 33.32741079967328 0.000000000000000
 10 34.15668543852868 0.000000000000000
 11 36.94484334203876 0.000000000000000
 12 44.86856004836905 0.000000000000000

 spin=1 k-point=306/868 Cartesian=0.1234567901234571 -0.2057613168724300 0.08230452674897386 (476 plane wave)
 1 2.873901571249977 0.002314814814814792
 2 5.871778669961415 0.002314814798277929
 3 12.00730264283461 0.000000000000000
 4 14.93565103361406 0.000000000000000
 5 21.14565600809331 0.000000000000000
 6 24.21291411717899 0.000000000000000
 7 29.74805736851642 0.000000000000000
 8 30.70686471872285 0.000000000000000
 9 32.97098840085346 0.000000000000000
 10 33.89711990935436 0.000000000000000
 11 37.32358914385546 0.000000000000000
 12 45.51805431906600 0.000000000000000

 spin=1 k-point=307/868 Cartesian=-0.1440329218106982 0.2263374485596723 -0.06172839506173160 (482 plane wave)
 1 3.055900504677456 0.002314814814814792
 2 7.514445783745363 0.002109624697783783
 3 10.73927477601381 0.000000000000000
 4 12.19167688418280 0.000000000000000
 5 22.66144413139233 0.000000000000000
 6 24.30646202589945 0.000000000000000
 7 26.24638551065016 0.000000000000000
 8 33.27131710592611 0.000000000000000
 9 35.20103377850466 0.000000000000000
 10 36.53880519179333 0.000000000000000
 11 38.94092542377030 0.000000000000000
 12 42.88367671327607 0.000000000000000

 spin=1 k-point=308/868 Cartesian=-0.1646090534979433 0.2469135802469174 -0.04115226337448646 (472 plane wave)
 1 3.604763525695570 0.002314814814814792
 2 9.116650831688444 2.619839628079796e-09
 3 9.780184877051310 3.440192521508674e-12
 4 10.24561057105703 3.275398504964766e-14
 5 21.32791929372387 0.000000000000000
 6 22.56040235634820 0.000000000000000
 7 28.07117911464207 0.000000000000000
 8 34.03134992714417 0.000000000000000
 9 38.98282271265072 0.000000000000000
 10 40.16673436289491 0.000000000000000
 11 40.63933935058633 0.000000000000000
 12 41.56353487337251 0.000000000000000

 spin=1 k-point=309/868 Cartesian=-0.06172839506172809 -0.02057613168724485 0.2674897119341591 (478 plane wave)
 1 4.490764517862914 0.002314814814814775
 2 7.771388788412132 0.001019693497076090
 3 9.012150681290109 7.449245699825950e-09
 4 12.15399722781596 0.000000000000000
 5 18.32844998113982 0.000000000000000
 6 21.58713797717747 0.000000000000000
 7 31.84982741483095 0.000000000000000
 8 34.92830609176077 0.000000000000000
 9 38.14494043595850 0.000000000000000
 10 41.24641080467604 0.000000000000000
 11 42.76601985009336 0.000000000000000
 12 44.38218831614655 0.000000000000000

 spin=1 k-point=310/868 Cartesian=-0.04115226337448646 -0.04115226337448646 0.2469135802469175 (474 plane wave)
 1 5.308095917178582 0.002314814814755852
 2 6.579051901311051 0.002314795311931519
 3 8.856539445214697 3.531166929385286e-08
 4 14.11971052809606 0.000000000000000
 5 16.00353395297419 0.000000000000000
 6 21.36793825816841 0.000000000000000
 7 35.39876671544456 0.000000000000000
 8 35.50810798344109 0.000000000000000
 9 36.11136924368235 0.000000000000000
 10 38.72070189292554 0.000000000000000
 11 45.16945165019098 0.000000000000000
 12 45.79017052365134 0.000000000000000

 spin=1 k-point=311/868 Cartesian=-0.02057613168724132 -0.06172839506173160 0.2263374485596723 (478 plane wave)
 1 4.490764518668513 0.002314814814814775
 2 7.771388787197250 0.001019693504007123
 3 9.012150681238902 7.449245703640489e-09
 4 12.15399722829576 0.000000000000000
 5 18.32844998087434 0.000000000000000
 6 21.58713797660448 0.000000000000000
 7 31.84982741163875 0.000000000000000
 8 34.92830609527464 0.000000000000000
 9 38.14494044302511 0.000000000000000
 10 41.24641079761183 0.000000000000000
 11 42.76601986774726 0.000000000000000
 12 44.38218831211772 0.000000000000000

 spin=1 k-point=312/868 Cartesian=0.000000000000000 -0.08230452674897325 0.2057613168724307 (472 plane wave)
 1 3.604763526363191 0.002314814814814792
 2 9.116650830744009 2.619839652822468e-09
 3 9.780184878751202 3.440192463029149e-12
 4 10.24561056917454 3.275398566623638e-14
 5 21.32791929371378 0.000000000000000
 6 22.56040235422160 0.000000000000000
 7 28.07117911617122 0.000000000000000
 8 34.03134993119621 0.000000000000000
 9 38.98282275367263 0.000000000000000
 10 40.16673431555906 0.000000000000000
 11 40.63933929940370 0.000000000000000
 12 41.56353492833947 0.000000000000000

 spin=1 k-point=313/868 Cartesian=0.02057613168724195 -0.1028806584362149 0.1851851851851890 (482 plane wave)
 1 3.055900505191878 0.002314814814814792
 2 7.514445783529489 0.002109624698187471
 3 10.73927477938947 0.000000000000000
 4 12.19167687916553 0.000000000000000
 5 22.66144412550285 0.000000000000000
 6 24.30646202819479 0.000000000000000
 7 26.24638551735234 0.000000000000000
 8 33.27131712156984 0.000000000000000
 9 35.20103377563927 0.000000000000000
 10 36.53880516288301 0.000000000000000
 11 38.94092543156903 0.000000000000000
 12 42.88367672066305 0.000000000000000

 spin=1 k-point=314/868 Cartesian=0.04115226337448709 -0.1234567901234600 0.1646090534979439 (476 plane wave)
 1 2.873901571632898 0.002314814814814792
 2 5.871778669854198 0.002314814798277929
 3 12.00730264635566 0.000000000000000
 4 14.93565102611314 0.000000000000000
 5 21.14565600479758 0.000000000000000
 6 24.21291412587577 0.000000000000000
 7 29.74805739049763 0.000000000000000
 8 30.70686470992304 0.000000000000000
 9 32.97098838118368 0.000000000000000
 10 33.89711990612285 0.000000000000000
 11 37.32358914928326 0.000000000000000
 12 45.51805437310608 0.000000000000000

 spin=1 k-point=315/868 Cartesian=0.04115226337448388 -0.1234567901234568 0.1234567901234568 (483 plane wave)
 1 1.114931128767398 0.002314814814814792
 2 7.129633901300222 0.002310024647630948
 3 13.24120216715891 0.000000000000000
 4 18.37915972114329 0.000000000000000
 5 20.21435164643130 0.000000000000000
 6 24.63588875863382 0.000000000000000
 7 26.41344946561185 0.000000000000000
 8 30.69364988621515 0.000000000000000
 9 31.21074444158037 0.000000000000000
 10 33.22367210390514 0.000000000000000
 11 38.07232125315413 0.000000000000000
 12 43.18380682842768 0.000000000000000

 spin=1 k-point=316/868 Cartesian=0.06172839506172520 -0.1440329218106981 0.1028806584362155 (475 plane wave)
 1 1.555243490592718 0.002314814814814792
 2 6.076242838972293 0.002314814687044493
 3 15.10683980175001 0.000000000000000
 4 16.61121140207744 0.000000000000000
 5 21.18257579610503 0.000000000000000
 6 23.03719642350961 0.000000000000000
 7 27.56108853868899 0.000000000000000
 8 28.98520429171351 0.000000000000000
 9 30.78218387218758 0.000000000000000
 10 36.43277116858001 0.000000000000000
 11 38.63497650378748 0.000000000000000
 12 42.73903048788880 0.000000000000000

 spin=1 k-point=317/868 Cartesian=0.08230452674897035 -0.1646090534979433 0.08230452674897035 (478 plane wave)
 1 2.371022960969866 0.002314814814814792
 2 5.388012035694745 0.002314814814683728
 3 14.48151262065337 0.000000000000000
 4 16.63728681754593 0.000000000000000
 5 18.47802807185056 0.000000000000000
 6 25.87117141980510 0.000000000000000
 7 27.52070779393341 0.000000000000000
 8 29.53057253600132 0.000000000000000
 9 30.53103306778864 0.000000000000000
 10 37.91756342873323 0.000000000000000
 11 40.09354932985595 0.000000000000000
 12 41.22679854076969 0.000000000000000

 spin=1 k-point=318/868 Cartesian=-0.1028806584362113 0.1851851851851855 -0.06172839506172809 (476 plane wave)
 1 3.559814642462984 0.002314814814814792
 2 5.069348478712937 0.002314814814809377
 3 12.68597440518017 0.000000000000000
 4 14.12332065774806 0.000000000000000
 5 20.36377469151063 0.000000000000000
 6 24.86117422484744 0.000000000000000
 7 29.22591743154051 0.000000000000000
 8 31.27238232113974 0.000000000000000
 9 32.48579407951862 0.000000000000000
 10 34.43404718412287 0.000000000000000
 11 40.55551327926069 0.000000000000000
 12 41.93937623519115 0.000000000000000

 spin=1 k-point=319/868 Cartesian=-0.1234567901234530 0.2057613168724272 -0.04115226337448645 (478 plane wave)
 1 5.094649300987127 0.002314814814807819
 2 5.136576632868164 0.002314814814804186
 3 11.24154693368181 0.000000000000000
 4 11.28265390241540 0.000000000000000
 5 22.88609997864868 0.000000000000000
 6 23.92111723750017 0.000000000000000
 7 28.96111301420657 0.000000000000000
 8 30.14911150207470 0.000000000000000
 9 35.72988346285589 0.000000000000000
 10 35.84247245687020 0.000000000000000
 11 41.82137072467600 0.000000000000000
 12 42.40672899138545 0.000000000000000

 spin=1 k-point=320/868 Cartesian=-0.1440329218106981 0.2263374485596723 -0.02057613168724131 (476 plane wave)
 1 5.499607839017099 0.002314814814414722
 2 7.009835546252967 0.002313367040630512
 3 8.764429519960037 8.870266171059020e-08
 4 10.24105608017527 3.428025579244655e-14
 5 22.25732253479701 0.000000000000000
 6 25.27599636961849 0.000000000000000
 7 27.06225701553015 0.000000000000000
 8 30.23438054976529 0.000000000000000
 9 38.99041061155494 0.000000000000000
 10 40.45880784530167 0.000000000000000
 11 42.64733611349408 0.000000000000000
 12 44.09105637460405 0.000000000000000

 spin=1 k-point=321/868 Cartesian=-0.08230452674897323 0.000000000000000 0.2469135802469139 (478 plane wave)
 1 5.816199990934937 0.002314814805328905
 2 7.073056433464195 0.002312091948759575
 3 8.862725136929422 3.319361263567538e-08
 4 9.997278782996105 3.924240928058824e-13
 5 21.07544319559648 0.000000000000000
 6 22.35485502789785 0.000000000000000
 7 30.19161012603812 0.000000000000000
 8 31.47384648107753 0.000000000000000
 9 41.68644853416110 0.000000000000000
 10 42.72581778494011 0.000000000000000
 11 43.53846125445446 0.000000000000000
 12 43.69745047238461 0.000000000000000

 spin=1 k-point=322/868 Cartesian=-0.06172839506173161 -0.02057613168724132 0.2263374485596723 (478 plane wave)
 1 4.490764518616714 0.002314814814814775
 2 7.771388787243321 0.001019693503744281
 3 9.012150681390867 7.449245692320200e-09
 4 12.15399722801898 0.000000000000000
 5 18.32844998094522 0.000000000000000
 6 21.58713797689195 0.000000000000000
 7 31.84982741212710 0.000000000000000
 8 34.92830609331214 0.000000000000000
 9 38.14494044285192 0.000000000000000
 10 41.24641080062620 0.000000000000000
 11 42.76601986633902 0.000000000000000
 12 44.38218831544973 0.000000000000000

 spin=1 k-point=323/868 Cartesian=-0.04115226337448647 -0.04115226337448646 0.2057613168724272 (472 plane wave)
 1 3.100702806497376 0.002314814814814792
 2 9.108515115851851 2.841892454893918e-09
 3 9.284171225214825 4.906175768323595e-10
 4 14.37291386202671 0.000000000000000
 5 16.24712659683227 0.000000000000000
 6 21.60369778844501 0.000000000000000
 7 32.67217294533596 0.000000000000000
 8 34.44992700584585 0.000000000000000
 9 38.68764543889148 0.000000000000000
 10 39.25159127911643 0.000000000000000
 11 41.33542396655562 0.000000000000000
 12 44.30788950909313 0.000000000000000

 spin=1 k-point=324/868 Cartesian=-0.02057613168724484 -0.06172839506172809 0.1851851851851855 (476 plane wave)
 1 2.048052938543208 0.002314814814814792
 2 9.516477920988162 4.806708420275972e-11
 3 11.20714255122723 0.000000000000000
 4 12.65436354616761 0.000000000000000
 5 18.82074246757534 0.000000000000000
 6 22.04849463396199 0.000000000000000
 7 29.42691122214705 0.000000000000000
 8 35.52684601793002 0.000000000000000
 9 36.94381521409213 0.000000000000000
 10 38.30833068877399 0.000000000000000
 11 40.64569016205302 0.000000000000000
 12 41.87222715164478 0.000000000000000

 spin=1 k-point=325/868 Cartesian=0.000000000000000 -0.08230452674896974 0.1646090534979439 (481 plane wave)
 1 1.362573065606872 0.002314814814814792
 2 9.878294990957434 1.289721181827880e-12
 3 10.98754221468396 0.000000000000000
 4 13.50321319352495 0.000000000000000
 5 22.08425104802285 0.000000000000000
 6 23.11279623445983 0.000000000000000
 7 25.98737515537938 0.000000000000000
 8 34.16830370827043 0.000000000000000
 9 35.33938359891187 0.000000000000000
 10 37.29794167187448 0.000000000000000
 11 37.91664869520030 0.000000000000000
 12 39.54296704632662 0.000000000000000

 spin=1 k-point=326/868 Cartesian=0.02057613168724194 -0.1028806584362149 0.1440329218106988 (479 plane wave)
 1 1.050845561599342 0.002314814814814792
 2 8.522553593882378 9.959108488726985e-07
 3 11.73316695289938 0.000000000000000
 4 16.12365921805383 0.000000000000000
 5 22.23322560171773 0.000000000000000
 6 23.89695936125998 0.000000000000000
 7 26.93236070781998 0.000000000000000
 8 30.08340070751698 0.000000000000000
 9 33.09695756410113 0.000000000000000
 10 34.85204183667133 0.000000000000000
 11 38.00374152218398 0.000000000000000
 12 40.93568911808747 0.000000000000000

 spin=1 k-point=327/868 Cartesian=0.02057613168724225 -0.1028806584362152 0.1028806584362152 (481 plane wave)
 1 -0.4598603679527735 0.002314814814814792
 2 10.03124623014919 2.794067400130880e-13
 3 13.21230703986048 0.000000000000000
 4 19.79669347552530 0.000000000000000
 5 21.62022856624843 0.000000000000000
 6 24.59213011990125 0.000000000000000
 7 26.07972233411218 0.000000000000000
 8 27.61260923497869 0.000000000000000
 9 29.77522950851921 0.000000000000000
 10 33.42206998778243 0.000000000000000
 11 38.88031520381301 0.000000000000000
 12 41.12317198515765 0.000000000000000

 spin=1 k-point=328/868 Cartesian=0.04115226337448358 -0.1234567901234565 0.08230452674897386 (479 plane wave)
 1 -0.1449699922265733 0.002314814814814792
 2 8.884846999277283 2.660612985932805e-08
 3 14.92608267971525 0.000000000000000
 4 17.91585180014328 0.000000000000000
 5 21.06475921501680 0.000000000000000
 6 24.19734281186233 0.000000000000000
 7 26.74843993494078 0.000000000000000
 8 27.91927862902713 0.000000000000000
 9 30.51240020716509 0.000000000000000
 10 33.71423135884923 0.000000000000000
 11 39.71405686280377 0.000000000000000
 12 42.00978832650799 0.000000000000000

 spin=1 k-point=329/868 Cartesian=-0.06172839506172811 0.1440329218107023 -0.06172839506172810 (481 plane wave)
 1 0.5469646995247722 0.002314814814814792
 2 8.077217151704152 8.254849746797072e-05
 3 15.66674390397990 0.000000000000000
 4 16.32820637350369 0.000000000000000
 5 18.15417982793127 0.000000000000000
 6 26.13061231522205 0.000000000000000
 7 27.05365569752414 0.000000000000000
 8 29.29514264583237 0.000000000000000
 9 29.72564913180706 0.000000000000000
 10 37.63225194562650 0.000000000000000
 11 39.93651642749850 0.000000000000000
 12 42.33513987215609 0.000000000000000

 spin=1 k-point=330/868 Cartesian=-0.08230452674896974 0.1646090534979439 -0.04115226337448646 (482 plane wave)
 1 1.614802111340304 0.002314814814814792
 2 7.627548996805379 0.001778702591405995
 3 13.66612446070285 0.000000000000000
 4 13.77227731036614 0.000000000000000
 5 19.92243771898696 0.000000000000000
 6 25.40547650762567 0.000000000000000
 7 26.53102487158870 0.000000000000000
 8 32.10185595669324 0.000000000000000
 9 32.34319755889783 0.000000000000000
 10 37.45430040453139 0.000000000000000
 11 39.18830976426970 0.000000000000000
 12 43.53817229242154 0.000000000000000

 spin=1 k-point=331/868 Cartesian=-0.1028806584362114 0.1851851851851855 -0.02057613168724483 (482 plane wave)
 1 3.055900504445855 0.002314814814814792
 2 7.514445783782830 0.002109624697713719
 3 10.73927477584778 0.000000000000000
 4 12.19167688487001 0.000000000000000
 5 22.66144412825104 0.000000000000000
 6 24.30646203636601 0.000000000000000
 7 26.24638550274177 0.000000000000000
 8 33.27131710122200 0.000000000000000
 9 35.20103378137072 0.000000000000000
 10 36.53880519044681 0.000000000000000
 11 38.94092542994576 0.000000000000000
 12 42.88367671143133 0.000000000000000

 spin=1 k-point=332/868 Cartesian=-0.1234567901234565 0.2057613168724307 0.000000000000000 (479 plane wave)
 1 4.863363037106145 0.002314814814814101
 2 7.340137602018679 0.002276077695549429
 3 8.550081605189543 7.563325050168107e-07
 4 11.01289310783880 0.000000000000000
 5 23.05312351044235 0.000000000000000
 6 25.63455018093120 0.000000000000000
 7 26.75466691213342 0.000000000000000
 8 29.60614309750621 0.000000000000000
 9 37.69213574000845 0.000000000000000
 10 39.26549118717211 0.000000000000000
 11 41.42640904265499 0.000000000000000
 12 42.13228467053157 0.000000000000000

 spin=1 k-point=333/868 Cartesian=-0.1028806584362149 0.02057613168724193 0.2263374485596723 (476 plane wave)
 1 5.499607838984889 0.002314814814414722
 2 7.009835547286912 0.002313367040615552
 3 8.764429519319505 8.870266227873900e-08
 4 10.24105607947244 3.428025603337791e-14
 5 22.25732253463211 0.000000000000000
 6 25.27599636606527 0.000000000000000
 7 27.06225702130471 0.000000000000000
 8 30.23438054984861 0.000000000000000
 9 38.99041062872083 0.000000000000000
 10 40.45880780752540 0.000000000000000
 11 42.64733611232082 0.000000000000000
 12 44.09105639157397 0.000000000000000

 spin=1 k-point=334/868 Cartesian=-0.08230452674897325 0.000000000000000 0.2057613168724307 (472 plane wave)
 1 3.604763526230137 0.002314814814814792
 2 9.116650831531349 2.619839632195447e-09
 3 9.780184878282675 3.440192479147352e-12
 4 10.24561056892507 3.275398574794907e-14
 5 21.32791929422010 0.000000000000000
 6 22.56040235442253 0.000000000000000
 7 28.07117911601597 0.000000000000000
 8 34.03134992979273 0.000000000000000
 9 38.98282274237314 0.000000000000000
 10 40.16673432785439 0.000000000000000
 11 40.63933931223780 0.000000000000000
 12 41.56353491625701 0.000000000000000

 spin=1 k-point=335/868 Cartesian=-0.06172839506172810 -0.02057613168724483 0.1851851851851855 (476 plane wave)
 1 2.048052938493765 0.002314814814814792
 2 9.516477921150187 4.806708412487848e-11
 3 11.20714255068954 0.000000000000000
 4 12.65436354669785 0.000000000000000
 5 18.82074246735884 0.000000000000000
 6 22.04849463454617 0.000000000000000
 7 29.42691122210118 0.000000000000000
 8 35.52684601108265 0.000000000000000
 9 36.94381522168419 0.000000000000000
 10 38.30833068869816 0.000000000000000
 11 40.64569015983223 0.000000000000000
 12 41.87222715336361 0.000000000000000

 spin=1 k-point=336/868 Cartesian=-0.04115226337448647 -0.04115226337448646 0.1646090534979439 (472 plane wave)
 1 0.8583434254910933 0.002314814814814792
 2 9.863911481891245 1.489232941006721e-12
 3 13.01426679610508 0.000000000000000
 4 15.13224573974717 0.000000000000000
 5 16.97476155811572 0.000000000000000
 6 22.30421269739084 0.000000000000000
 7 30.38564734914311 0.000000000000000
 8 32.33704412494283 0.000000000000000
 9 34.34540137259894 0.000000000000000
 10 39.30623422035824 0.000000000000000
 11 41.44074633205129 0.000000000000000
 12 42.41872945802242 0.000000000000000

 spin=1 k-point=337/868 Cartesian=-0.02057613168724483 -0.06172839506172810 0.1440329218107023 (477 plane wave)
 1 0.04239787826619146 0.002314814814814792
 2 10.52403502880217 2.023400225163234e-15
 3 13.64939495059251 0.000000000000000
 4 15.18847965566335 0.000000000000000
 5 19.79745232066347 0.000000000000000
 6 22.94622765645815 0.000000000000000
 7 27.46577492991112 0.000000000000000
 8 31.95702819527994 0.000000000000000
 9 33.54337859930801 0.000000000000000
 10 35.38613375110840 0.000000000000000
 11 39.37333982424737 0.000000000000000
 12 41.62663621060781 0.000000000000000

 spin=1 k-point=338/868 Cartesian=0.000000000000000 -0.08230452674897325 0.1234567901234571 (480 plane wave)
 1 -0.3973286442718815 0.002314814814814792
 2 11.14720178140889 0.000000000000000
 3 12.21822732241088 0.000000000000000
 4 17.68034722976612 0.000000000000000
 5 23.33779528767376 0.000000000000000
 6 23.41201695304037 0.000000000000000
 7 25.01574000083761 0.000000000000000
 8 29.43534032541962 0.000000000000000
 9 31.05478000516394 0.000000000000000
 10 36.06355536983953 0.000000000000000
 11 36.46797065101371 0.000000000000000
 12 41.81113310185066 0.000000000000000

 spin=1 k-point=339/868 Cartesian=0.000000000000000 0.08230452674897355 -0.08230452674897355 (487 plane wave)
 1 -1.657813826852691 0.002314814814814792
 2 12.92205559124353 0.000000000000000
 3 13.91872806845505 0.000000000000000
 4 21.52220137329163 0.000000000000000
 5 23.36038426288708 0.000000000000000
 6 24.76103954372774 0.000000000000000
 7 25.14501703183685 0.000000000000000
 8 25.48776299354385 0.000000000000000
 9 28.03318087690940 0.000000000000000
 10 34.70259077286478 0.000000000000000
 11 35.11695248606047 0.000000000000000
 12 37.59201563557488 0.000000000000000

 spin=1 k-point=340/868 Cartesian=-0.02057613168724132 0.1028806584362155 -0.06172839506173160 (481 plane wave)
 1 -1.468769190838086 0.002314814814814792
 2 12.03172627236289 0.000000000000000
 3 15.13548352807723 0.000000000000000
 4 19.57442652869844 0.000000000000000
 5 21.23964957079358 0.000000000000000
 6 24.16471254578176 0.000000000000000
 7 26.07178316884797 0.000000000000000
 8 27.57598260903232 0.000000000000000
 9 30.52461351330686 0.000000000000000
 10 32.51078362614758 0.000000000000000
 11 36.56732910923847 0.000000000000000
 12 38.52562629404648 0.000000000000000

 spin=1 k-point=341/868 Cartesian=-0.04115226337448647 0.1234567901234606 -0.04115226337448646 (481 plane wave)
 1 -0.9018270331916479 0.002314814814814792
 2 11.12074545431521 0.000000000000000
 3 16.39670392452966 0.000000000000000
 4 17.20927066852311 0.000000000000000
 5 18.19033244460610 0.000000000000000
 6 23.43954208301471 0.000000000000000
 7 28.59385174628770 0.000000000000000
 8 29.63149214917627 0.000000000000000
 9 30.62979200510996 0.000000000000000
 10 34.71575017792409 0.000000000000000
 11 37.00742054379713 0.000000000000000
 12 41.01042484214310 0.000000000000000

 spin=1 k-point=342/868 Cartesian=-0.06172839506172811 0.1440329218107023 -0.02057613168724482 (477 plane wave)
 1 0.04239787775014103 0.002314814814814792
 2 10.52403502845108 2.023400232267086e-15
 3 13.64939494216358 0.000000000000000
 4 15.18847966910359 0.000000000000000
 5 19.79745232413164 0.000000000000000
 6 22.94622765339022 0.000000000000000
 7 27.46577492925672 0.000000000000000
 8 31.95702816327425 0.000000000000000
 9 33.54337865638488 0.000000000000000
 10 35.38613371356050 0.000000000000000
 11 39.37333982868730 0.000000000000000
 12 41.62663618530694 0.000000000000000

 spin=1 k-point=343/868 Cartesian=-0.08230452674896972 0.1646090534979439 0.000000000000000 (481 plane wave)
 1 1.362573064896992 0.002314814814814792
 2 9.878294992212000 1.289721165647465e-12
 3 10.98754221039059 0.000000000000000
 4 13.50321319968226 0.000000000000000
 5 22.08425104626383 0.000000000000000
 6 23.11279624592160 0.000000000000000
 7 25.98737514430982 0.000000000000000
 8 34.16830368429707 0.000000000000000
 9 35.33938360420429 0.000000000000000
 10 37.29794168335276 0.000000000000000
 11 37.91664873947374 0.000000000000000
 12 39.54296699630414 0.000000000000000

 spin=1 k-point=344/868 Cartesian=-0.1028806584362149 0.1851851851851890 0.02057613168724195 (482 plane wave)
 1 3.055900504244552 0.002314814814814792
 2 7.514445784469556 0.002109624696429530
 3 10.73927477697259 0.000000000000000
 4 12.19167688261157 0.000000000000000
 5 22.66144412433648 0.000000000000000
 6 24.30646204324880 0.000000000000000
 7 26.24638550279770 0.000000000000000
 8 33.27131711367743 0.000000000000000
 9 35.20103377248514 0.000000000000000
 10 36.53880516319191 0.000000000000000
 11 38.94092544866154 0.000000000000000
 12 42.88367671036386 0.000000000000000

 spin=1 k-point=345/868 Cartesian=-0.1234567901234565 0.2057613168724307 0.04115226337448357 (478 plane wave)
 1 5.094649267172669 0.002314814814807819
 2 5.136576667295573 0.002314814814804186
 3 11.24154702056872 0.000000000000000
 4 11.28265381387715 0.000000000000000
 5 22.88609997228934 0.000000000000000
 6 23.92111724494521 0.000000000000000
 7 28.96111302014815 0.000000000000000
 8 30.14911150512265 0.000000000000000
 9 35.72988352050568 0.000000000000000
 10 35.84247237965408 0.000000000000000
 11 41.82137071112945 0.000000000000000
 12 42.40672901294223 0.000000000000000

 spin=1 k-point=346/868 Cartesian=-0.1028806584362149 0.02057613168724195 0.1851851851851890 (482 plane wave)
 1 3.055900504939187 0.002314814814814792
 2 7.514445783971665 0.002109624697360594
 3 10.73927477859618 0.000000000000000
 4 12.19167687979099 0.000000000000000
 5 22.66144412963823 0.000000000000000
 6 24.30646202362576 0.000000000000000
 7 26.24638551827470 0.000000000000000
 8 33.27131712080536 0.000000000000000
 9 35.20103377418297 0.000000000000000
 10 36.53880516100671 0.000000000000000
 11 38.94092543704900 0.000000000000000
 12 42.88367671760689 0.000000000000000

 spin=1 k-point=347/868 Cartesian=-0.08230452674896974 0.000000000000000 0.1646090534979439 (481 plane wave)
 1 1.362573065505300 0.002314814814814792
 2 9.878294991809424 1.289721170839574e-12
 3 10.98754221306044 0.000000000000000
 4 13.50321319464285 0.000000000000000
 5 22.08425104830008 0.000000000000000
 6 23.11279623561859 0.000000000000000
 7 25.98737515409699 0.000000000000000
 8 34.16830370440999 0.000000000000000
 9 35.33938359918866 0.000000000000000
 10 37.29794167502688 0.000000000000000
 11 37.91664870076926 0.000000000000000
 12 39.54296703914944 0.000000000000000

 spin=1 k-point=348/868 Cartesian=-0.06172839506172811 -0.02057613168724482 0.1440329218107023 (477 plane wave)
 1 0.04239787822735860 0.002314814814814792
 2 10.52403502896417 2.023400221885163e-15
 3 13.64939494846561 0.000000000000000
 4 15.18847965843275 0.000000000000000
 5 19.79745231972431 0.000000000000000
 6 22.94622765776828 0.000000000000000
 7 27.46577492868992 0.000000000000000
 8 31.95702819098257 0.000000000000000
 9 33.54337860885981 0.000000000000000
 10 35.38613374384643 0.000000000000000
 11 39.37333983178044 0.000000000000000
 12 41.62663620048637 0.000000000000000

 spin=1 k-point=349/868 Cartesian=-0.04115226337448646 -0.04115226337448646 0.1234567901234606 (481 plane wave)
 1 -0.9018270328659280 0.002314814814814792
 2 11.12074545518690 0.000000000000000
 3 16.39670391767620 0.000000000000000
 4 17.20927069788165 0.000000000000000
 5 18.19033241073117 0.000000000000000
 6 23.43954209313454 0.000000000000000
 7 28.59385172241722 0.000000000000000
 8 29.63149216455716 0.000000000000000
 9 30.62979200976636 0.000000000000000
 10 34.71575020317814 0.000000000000000
 11 37.00742053730252 0.000000000000000
 12 41.01042485563767 0.000000000000000

 spin=1 k-point=350/868 Cartesian=-0.02057613168724133 -0.06172839506173160 0.1028806584362155 (481 plane wave)
 1 -1.468769190673248 0.002314814814814792
 2 12.03172627355727 0.000000000000000
 3 15.13548352486648 0.000000000000000
 4 19.57442655198582 0.000000000000000
 5 21.23964953088978 0.000000000000000
 6 24.16471257139197 0.000000000000000
 7 26.07178313937810 0.000000000000000
 8 27.57598263117185 0.000000000000000
 9 30.52461350522404 0.000000000000000
 10 32.51078364501709 0.000000000000000
 11 36.56732913563813 0.000000000000000
 12 38.52562623582123 0.000000000000000

 spin=1 k-point=351/868 Cartesian=0.02057613168724576 0.06172839506172841 -0.06172839506172841 (489 plane wave)
 1 -2.477954524116841 0.002314814814814792
 2 14.03058581393403 0.000000000000000
 3 17.07611461338272 0.000000000000000
 4 22.20959697539753 0.000000000000000
 5 23.98771766970321 0.000000000000000
 6 24.01754148200255 0.000000000000000
 7 25.42723882840300 0.000000000000000
 8 25.79166315885383 0.000000000000000
 9 27.47617277083477 0.000000000000000
 10 31.29640910912091 0.000000000000000
 11 32.90499275155379 0.000000000000000
 12 36.64096919532429 0.000000000000000

 spin=1 k-point=352/868 Cartesian=0.000000000000000 0.08230452674897035 -0.04115226337448646 (484 plane wave)
 1 -2.414972273657060 0.002314814814814792
 2 15.19740344842542 0.000000000000000
 3 16.01323305387520 0.000000000000000
 4 21.31206853029502 0.000000000000000
 5 21.45294897883897 0.000000000000000
 6 22.56462490824750 0.000000000000000
 7 27.39554249583642 0.000000000000000
 8 27.86953725138495 0.000000000000000
 9 28.79028458076640 0.000000000000000
 10 33.16244155130860 0.000000000000000
 11 33.87500117737129 0.000000000000000
 12 34.59560040543931 0.000000000000000

 spin=1 k-point=353/868 Cartesian=-0.02057613168724132 0.1028806584362155 -0.02057613168724132 (482 plane wave)
 1 -1.973611987843775 0.002314814814814792
 2 14.47847876857451 0.000000000000000
 3 16.84325272028982 0.000000000000000
 4 18.40204674484333 0.000000000000000
 5 19.17126761915164 0.000000000000000
 6 21.15362525748256 0.000000000000000
 7 29.81600284112621 0.000000000000000
 8 30.35834611885786 0.000000000000000
 9 32.24085480983057 0.000000000000000
 10 32.25938012553558 0.000000000000000
 11 33.99255579363887 0.000000000000000
 12 36.99777931424343 0.000000000000000

 spin=1 k-point=354/868 Cartesian=-0.04115226337448296 0.1234567901234571 0.000000000000000 (481 plane wave)
 1 -1.154233230755233 0.002314814814814792
 2 13.42408246103816 0.000000000000000
 3 14.29857372012041 0.000000000000000
 4 16.99234941519641 0.000000000000000
 5 19.55250107956348 0.000000000000000
 6 20.92375879749306 0.000000000000000
 7 29.14639026288626 0.000000000000000
 8 31.62474571185894 0.000000000000000
 9 32.82794012155434 0.000000000000000
 10 35.29501412770888 0.000000000000000
 11 35.56035494250567 0.000000000000000
 12 38.10038816569678 0.000000000000000

 spin=1 k-point=355/868 Cartesian=-0.06172839506172460 0.1440329218106988 0.02057613168724195 (477 plane wave)
 1 0.04239787765834273 0.002314814814814792
 2 10.52403502856543 2.023400229953253e-15
 3 13.64939494483157 0.000000000000000
 4 15.18847966490783 0.000000000000000
 5 19.79745232489603 0.000000000000000
 6 22.94622765558243 0.000000000000000
 7 27.46577493223619 0.000000000000000
 8 31.95702817491821 0.000000000000000
 9 33.54337862824502 0.000000000000000
 10 35.38613371537112 0.000000000000000
 11 39.37333983221881 0.000000000000000
 12 41.62663620445958 0.000000000000000

 spin=1 k-point=356/868 Cartesian=-0.08230452674896972 0.1646090534979439 0.04115226337448710 (482 plane wave)
 1 1.614802111087138 0.002314814814814792
 2 7.627548997360131 0.001778702589120697
 3 13.66612453299679 0.000000000000000
 4 13.77227723549027 0.000000000000000
 5 19.92243771970617 0.000000000000000
 6 25.40547651315320 0.000000000000000
 7 26.53102487570616 0.000000000000000
 8 32.10185601024602 0.000000000000000
 9 32.34319749444657 0.000000000000000
 10 37.45430038906546 0.000000000000000
 11 39.18830977269933 0.000000000000000
 12 43.53817228912734 0.000000000000000

 spin=1 k-point=357/868 Cartesian=-0.1028806584362113 0.1851851851851855 0.06172839506172870 (476 plane wave)
 1 3.559814641363172 0.002314814814814792
 2 5.069348480193484 0.002314814814809377
 3 12.68597441068974 0.000000000000000
 4 14.12332064897317 0.000000000000000
 5 20.36377469177785 0.000000000000000
 6 24.86117423069594 0.000000000000000
 7 29.22591744655330 0.000000000000000
 8 31.27238232399338 0.000000000000000
 9 32.48579405729711 0.000000000000000
 10 34.43404717563129 0.000000000000000
 11 40.55551327833012 0.000000000000000
 12 41.93937623855572 0.000000000000000

 spin=1 k-point=358/868 Cartesian=-0.1234567901234600 0.04115226337448709 0.1646090534979439 (476 plane wave)
 1 2.873901571170148 0.002314814814814792
 2 5.871778670382866 0.002314814798277929
 3 12.00730264558405 0.000000000000000
 4 14.93565102705909 0.000000000000000
 5 21.14565600712022 0.000000000000000
 6 24.21291412395342 0.000000000000000
 7 29.74805739145560 0.000000000000000
 8 30.70686470850638 0.000000000000000
 9 32.97098838427925 0.000000000000000
 10 33.89711989916856 0.000000000000000
 11 37.32358915297912 0.000000000000000
 12 45.51805435985410 0.000000000000000

 spin=1 k-point=359/868 Cartesian=-0.1028806584362149 0.02057613168724194 0.1440329218106988 (479 plane wave)
 1 1.050845561439938 0.002314814814814792
 2 8.522553594189150 9.959108458188396e-07
 3 11.73316695200188 0.000000000000000
 4 16.12365921938990 0.000000000000000
 5 22.23322560556991 0.000000000000000
 6 23.89695935722403 0.000000000000000
 7 26.93236070849779 0.000000000000000
 8 30.08340070636428 0.000000000000000
 9 33.09695756189976 0.000000000000000
 10 34.85204183821811 0.000000000000000
 11 38.00374152415443 0.000000000000000
 12 40.93568911364734 0.000000000000000

 spin=1 k-point=360/868 Cartesian=-0.08230452674897325 0.000000000000000 0.1234567901234571 (480 plane wave)
 1 -0.3973286443433721 0.002314814814814792
 2 11.14720178233247 0.000000000000000
 3 12.21822732061891 0.000000000000000
 4 17.68034723199627 0.000000000000000
 5 23.33779528774005 0.000000000000000
 6 23.41201695588121 0.000000000000000
 7 25.01573999665033 0.000000000000000
 8 29.43534032378198 0.000000000000000
 9 31.05478000680240 0.000000000000000
 10 36.06355537423433 0.000000000000000
 11 36.46797064599476 0.000000000000000
 12 41.81113309527087 0.000000000000000

 spin=1 k-point=361/868 Cartesian=-0.06172839506173160 -0.02057613168724133 0.1028806584362155 (481 plane wave)
 1 -1.468769190699839 0.002314814814814792
 2 12.03172627369860 0.000000000000000
 3 15.13548352330712 0.000000000000000
 4 19.57442655849016 0.000000000000000
 5 21.23964952576809 0.000000000000000
 6 24.16471257596342 0.000000000000000
 7 26.07178313086213 0.000000000000000
 8 27.57598263409155 0.000000000000000
 9 30.52461351022540 0.000000000000000
 10 32.51078363831702 0.000000000000000
 11 36.56732914663163 0.000000000000000
 12 38.52562621738841 0.000000000000000

 spin=1 k-point=362/868 Cartesian=-0.04115226337448646 -0.04115226337448646 0.08230452674897036 (486 plane wave)
 1 -2.162484671162860 0.002314814814814792
 2 12.87382710220968 0.000000000000000
 3 18.16377984391141 0.000000000000000
 4 19.68687001080657 0.000000000000000
 5 21.86333301178939 0.000000000000000
 6 24.71754869980897 0.000000000000000
 7 25.81387620399343 0.000000000000000
 8 27.26859690618387 0.000000000000000
 9 29.31178621300759 0.000000000000000
 10 30.51187884085369 0.000000000000000
 11 33.06108161441415 0.000000000000000
 12 38.56321377519349 0.000000000000000

 spin=1 k-point=363/868 Cartesian=0.06172839506172872 0.06172839506172872 -0.06172839506172872 (483 plane wave)
 1 -1.973043155170239 0.002314814814814792
 2 11.58202568746726 0.000000000000000
 3 19.83366708920257 0.000000000000000
 4 19.83366710137558 0.000000000000000
 5 22.57255239652039 0.000000000000000
 6 24.51250802392378 0.000000000000000
 7 24.51250804461417 0.000000000000000
 8 27.01153818700778 0.000000000000000
 9 29.15879973499311 0.000000000000000
 10 29.15879973950712 0.000000000000000
 11 32.79239171537562 0.000000000000000
 12 40.11330552428747 0.000000000000000

 spin=1 k-point=364/868 Cartesian=0.04115226337448678 0.08230452674897067 -0.04115226337448678 (486 plane wave)
 1 -2.162484671148383 0.002314814814814792
 2 12.87382710234761 0.000000000000000
 3 18.16377984745052 0.000000000000000
 4 19.68687000096539 0.000000000000000
 5 21.86333302182591 0.000000000000000
 6 24.71754869135142 0.000000000000000
 7 25.81387620900383 0.000000000000000
 8 27.26859689567382 0.000000000000000
 9 29.31178622735236 0.000000000000000
 10 30.51187884452848 0.000000000000000
 11 33.06108160574983 0.000000000000000
 12 38.56321378404890 0.000000000000000

 spin=1 k-point=365/868 Cartesian=0.02057613168724164 0.1028806584362158 -0.02057613168724164 (482 plane wave)
 1 -1.973611987723219 0.002314814814814792
 2 14.47847877138755 0.000000000000000
 3 16.84325271402644 0.000000000000000
 4 18.40204678763444 0.000000000000000
 5 19.17126755826801 0.000000000000000
 6 21.15362527791478 0.000000000000000
 7 29.81600286427250 0.000000000000000
 8 30.35834603651238 0.000000000000000
 9 32.24085489309122 0.000000000000000
 10 32.25938014452605 0.000000000000000
 11 33.99255578509801 0.000000000000000
 12 36.99777932038815 0.000000000000000

 spin=1 k-point=366/868 Cartesian=0.000000000000000 0.1234567901234574 0.000000000000000 (480 plane wave)
 1 -1.406657469105164 0.002314814814814792
 2 15.89524911555516 0.000000000000000
 3 15.89524912338070 0.000000000000000
 4 16.57679162129260 0.000000000000000
 5 16.74115897432846 0.000000000000000
 6 18.90081465708040 0.000000000000000
 7 33.53273495701352 0.000000000000000
 8 33.53977663028987 0.000000000000000
 9 33.53977667662313 0.000000000000000
 10 34.96765827127263 0.000000000000000
 11 35.75044751462144 0.000000000000000
 12 35.75044755964662 0.000000000000000

 spin=1 k-point=367/868 Cartesian=-0.02057613168724163 0.1440329218106991 0.02057613168724163 (478 plane wave)
 1 -0.4622404997941068 0.002314814814814792
 2 12.97001421420551 0.000000000000000
 3 14.69971022072689 0.000000000000000
 4 15.32445573595147 0.000000000000000
 5 16.97629954254795 0.000000000000000
 6 19.76603167018041 0.000000000000000
 7 32.01734249988936 0.000000000000000
 8 33.64994214367384 0.000000000000000
 9 34.53208865442432 0.000000000000000
 10 36.43855192603148 0.000000000000000
 11 38.29715457890914 0.000000000000000
 12 38.71806845944081 0.000000000000000

 spin=1 k-point=368/868 Cartesian=-0.04115226337448678 0.1646090534979442 0.04115226337448678 (472 plane wave)
 1 0.8583434247800267 0.002314814814814792
 2 9.863911481636491 1.489232944800619e-12
 3 13.01426679724097 0.000000000000000
 4 15.13224573729866 0.000000000000000
 5 16.97476156488039 0.000000000000000
 6 22.30421269567207 0.000000000000000
 7 30.38564737625156 0.000000000000000
 8 32.33704408530204 0.000000000000000
 9 34.34540138616882 0.000000000000000
 10 39.30623415660315 0.000000000000000
 11 41.44074637168580 0.000000000000000
 12 42.41872947618960 0.000000000000000

 spin=1 k-point=369/868 Cartesian=-0.06172839506172840 0.1851851851851858 0.06172839506172840 (477 plane wave)
 1 2.552350128665472 0.002314814814814792
 2 7.070596485005966 0.002312158036802671
 3 11.70277827675593 0.000000000000000
 4 15.31880241290433 0.000000000000000
 5 17.20590088313211 0.000000000000000
 6 25.36276881305422 0.000000000000000
 7 29.08332581466913 0.000000000000000
 8 31.10468527991431 0.000000000000000
 9 34.54229004932351 0.000000000000000
 10 38.13167741584036 0.000000000000000
 11 40.47002684298026 0.000000000000000
 12 42.84269559311205 0.000000000000000

 spin=1 k-point=370/868 Cartesian=-0.1646090534979436 0.04115226337448739 0.1646090534979436 (473 plane wave)
 1 4.596565304574952 0.002314814814814744
 2 4.648514628851325 0.002314814814814711
 3 10.77462785368522 0.000000000000000
 4 15.88353549859886 0.000000000000000
 5 17.78038936557433 0.000000000000000
 6 28.14735063619595 0.000000000000000
 7 28.53442024472875 0.000000000000000
 8 30.36756193605241 0.000000000000000
 9 34.21706105677223 0.000000000000000
 10 34.74532479272025 0.000000000000000
 11 37.31055915518260 0.000000000000000
 12 46.40651411920843 0.000000000000000

 spin=1 k-point=371/868 Cartesian=-0.1440329218106984 0.02057613168724225 0.1440329218106984 (479 plane wave)
 1 2.560737942873286 0.002314814814814792
 2 7.013155710493583 0.002313318196855999
 3 10.25580052808810 2.958078633644677e-14
 4 16.82460966315355 0.000000000000000
 5 18.71309430543998 0.000000000000000
 6 27.58562930802151 0.000000000000000
 7 29.02761869362761 0.000000000000000
 8 30.62650290095229 0.000000000000000
 9 31.91864773602689 0.000000000000000
 10 33.96371982927518 0.000000000000000
 11 36.79588922291790 0.000000000000000
 12 42.40430306927867 0.000000000000000

 spin=1 k-point=372/868 Cartesian=0.1234567901234568 0.000000000000000 -0.1234567901234568 (481 plane wave)
 1 0.8626739635331467 0.002314814814814792
 2 9.371466522519793 2.049389018396019e-10
 3 10.52121925928052 2.081184240692358e-15
 4 18.13675368537315 0.000000000000000
 5 20.00100257189127 0.000000000000000
 6 27.29852415143466 0.000000000000000
 7 27.51660574921910 0.000000000000000
 8 28.02626809662121 0.000000000000000
 9 30.51284361776858 0.000000000000000
 10 36.76523646378550 0.000000000000000
 11 37.33605189986944 0.000000000000000
 12 38.97599212153224 0.000000000000000

 spin=1 k-point=373/868 Cartesian=0.1028806584362152 0.02057613168724226 -0.1028806584362152 (481 plane wave)
 1 -0.4598603677562135 0.002314814814814792
 2 10.03124623081526 2.794067381520489e-13
 3 13.21230703690608 0.000000000000000
 4 19.79669349583413 0.000000000000000
 5 21.62022855014727 0.000000000000000
 6 24.59213007059720 0.000000000000000
 7 26.07972236659575 0.000000000000000
 8 27.61260926850984 0.000000000000000
 9 29.77522948678002 0.000000000000000
 10 33.42206999517614 0.000000000000000
 11 38.88031522130503 0.000000000000000
 12 41.12317196246234 0.000000000000000

 spin=1 k-point=374/868 Cartesian=0.08230452674897004 0.04115226337448740 -0.08230452674897004 (483 plane wave)
 1 -1.405370603793572 0.002314814814814792
 2 10.63903155709021 0.000000000000000
 3 16.62450569582067 0.000000000000000
 4 21.33746872361048 0.000000000000000
 5 22.65633490862097 0.000000000000000
 6 23.31300936789088 0.000000000000000
 7 24.17798793849443 0.000000000000000
 8 28.19293491357607 0.000000000000000
 9 28.70058561774957 0.000000000000000
 10 30.73594198644963 0.000000000000000
 11 35.75314696518703 0.000000000000000
 12 41.22397243658946 0.000000000000000

 spin=1 k-point=375/868 Cartesian=0.08230452674897067 0.04115226337448678 -0.04115226337448678 (486 plane wave)
 1 -2.162484671157234 0.002314814814814792
 2 12.87382710225603 0.000000000000000
 3 18.16377984329030 0.000000000000000
 4 19.68687000925053 0.000000000000000
 5 21.86333301622275 0.000000000000000
 6 24.71754869799542 0.000000000000000
 7 25.81387620669446 0.000000000000000
 8 27.26859689707505 0.000000000000000
 9 29.31178622056109 0.000000000000000
 10 30.51187884118382 0.000000000000000
 11 33.06108161229606 0.000000000000000
 12 38.56321377944408 0.000000000000000

 spin=1 k-point=376/868 Cartesian=0.06172839506172872 0.06172839506172872 -0.02057613168724483 (489 plane wave)
 1 -2.477954524104775 0.002314814814814792
 2 14.03058581399219 0.000000000000000
 3 17.07611461411873 0.000000000000000
 4 22.20959696101555 0.000000000000000
 5 23.98771769197374 0.000000000000000
 6 24.01754148550104 0.000000000000000
 7 25.42723881595592 0.000000000000000
 8 25.79166316251857 0.000000000000000
 9 27.47617276590601 0.000000000000000
 10 31.29640911045019 0.000000000000000
 11 32.90499275049199 0.000000000000000
 12 36.64096921718643 0.000000000000000

 spin=1 k-point=377/868 Cartesian=0.04115226337448358 0.08230452674897386 0.000000000000000 (484 plane wave)
 1 -2.414972273638776 0.002314814814814792
 2 15.19740344864633 0.000000000000000
 3 16.01323305442494 0.000000000000000
 4 21.31206853164843 0.000000000000000
 5 21.45294896795493 0.000000000000000
 6 22.56462491679879 0.000000000000000
 7 27.39554249830718 0.000000000000000
 8 27.86953724786339 0.000000000000000
 9 28.79028458184053 0.000000000000000
 10 33.16244154111112 0.000000000000000
 11 33.87500119159735 0.000000000000000
 12 34.59560041351260 0.000000000000000

 spin=1 k-point=378/868 Cartesian=0.02057613168724194 0.1028806584362155 0.02057613168724194 (482 plane wave)
 1 -1.973611987819465 0.002314814814814792
 2 14.47847876894578 0.000000000000000
 3 16.84325272080651 0.000000000000000
 4 18.40204674882164 0.000000000000000
 5 19.17126761023031 0.000000000000000
 6 21.15362526113438 0.000000000000000
 7 29.81600284289010 0.000000000000000
 8 30.35834610255745 0.000000000000000
 9 32.24085483001602 0.000000000000000
 10 32.25938013653218 0.000000000000000
 11 33.99255578455183 0.000000000000000
 12 36.99777930971342 0.000000000000000

 spin=1 k-point=379/868 Cartesian=0.000000000000000 0.1234567901234571 0.04115226337448358 (481 plane wave)
 1 -1.154233230725922 0.002314814814814792
 2 13.42408246021131 0.000000000000000
 3 14.29857372237004 0.000000000000000
 4 16.99234941270461 0.000000000000000
 5 19.55250107948269 0.000000000000000
 6 20.92375879795073 0.000000000000000
 7 29.14639026299290 0.000000000000000
 8 31.62474571433338 0.000000000000000
 9 32.82794011960816 0.000000000000000
 10 35.29501411729066 0.000000000000000
 11 35.56035495440498 0.000000000000000
 12 38.10038817185737 0.000000000000000

 spin=1 k-point=380/868 Cartesian=-0.02057613168724483 0.1440329218107023 0.06172839506172872 (477 plane wave)
 1 0.04239787769031474 0.002314814814814792
 2 10.52403502841575 2.023400232982045e-15
 3 13.64939494689987 0.000000000000000
 4 15.18847966224678 0.000000000000000
 5 19.79745232528582 0.000000000000000
 6 22.94622765447058 0.000000000000000
 7 27.46577493542951 0.000000000000000
 8 31.95702817861696 0.000000000000000
 9 33.54337861542230 0.000000000000000
 10 35.38613372302256 0.000000000000000
 11 39.37333983156063 0.000000000000000
 12 41.62663620828594 0.000000000000000

 spin=1 k-point=381/868 Cartesian=-0.04115226337448644 0.1646090534979439 0.08230452674897032 (482 plane wave)
 1 1.614802111117361 0.002314814814814792
 2 7.627548997320157 0.001778702589285373
 3 13.66612455420304 0.000000000000000
 4 13.77227721381849 0.000000000000000
 5 19.92243771969575 0.000000000000000
 6 25.40547650689186 0.000000000000000
 7 26.53102488539766 0.000000000000000
 8 32.10185602308223 0.000000000000000
 9 32.34319747713256 0.000000000000000
 10 37.45430038946304 0.000000000000000
 11 39.18830977293489 0.000000000000000
 12 43.53817229014098 0.000000000000000

 spin=1 k-point=382/868 Cartesian=-0.1851851851851849 0.06172839506172871 0.1440329218107023 (476 plane wave)
 1 3.559814641371746 0.002314814814814792
 2 5.069348480189190 0.002314814814809377
 3 12.68597441160714 0.000000000000000
 4 14.12332064771890 0.000000000000000
 5 20.36377469136164 0.000000000000000
 6 24.86117423100887 0.000000000000000
 7 29.22591745309870 0.000000000000000
 8 31.27238232292094 0.000000000000000
 9 32.48579405198203 0.000000000000000
 10 34.43404717363509 0.000000000000000
 11 40.55551327871979 0.000000000000000
 12 41.93937623970227 0.000000000000000

 spin=1 k-point=383/868 Cartesian=-0.1646090534979398 0.04115226337448358 0.1234567901234571 (476 plane wave)
 1 2.873901571146203 0.002314814814814792
 2 5.871778670395060 0.002314814798277929
 3 12.00730264584777 0.000000000000000
 4 14.93565102656904 0.000000000000000
 5 21.14565600615648 0.000000000000000
 6 24.21291412594795 0.000000000000000
 7 29.74805739516975 0.000000000000000
 8 30.70686470910176 0.000000000000000
 9 32.97098837897193 0.000000000000000
 10 33.89711989539543 0.000000000000000
 11 37.32358915602037 0.000000000000000
 12 45.51805435340442 0.000000000000000

 spin=1 k-point=384/868 Cartesian=0.1440329218106988 -0.02057613168724132 -0.1028806584362149 (479 plane wave)
 1 1.050845561427376 0.002314814814814792
 2 8.522553594140184 9.959108463062829e-07
 3 11.73316695209920 0.000000000000000
 4 16.12365921916854 0.000000000000000
 5 22.23322560355449 0.000000000000000
 6 23.89695936150413 0.000000000000000
 7 26.93236070781871 0.000000000000000
 8 30.08340070597940 0.000000000000000
 9 33.09695755976623 0.000000000000000
 10 34.85204183728975 0.000000000000000
 11 38.00374152580964 0.000000000000000
 12 40.93568911352560 0.000000000000000

 spin=1 k-point=385/868 Cartesian=0.1234567901234571 0.000000000000000 -0.08230452674897323 (480 plane wave)
 1 -0.3973286443496197 0.002314814814814792
 2 11.14720178228435 0.000000000000000
 3 12.21822732049886 0.000000000000000
 4 17.68034723192679 0.000000000000000
 5 23.33779528801240 0.000000000000000
 6 23.41201695946274 0.000000000000000
 7 25.01573999315521 0.000000000000000
 8 29.43534032345534 0.000000000000000
 9 31.05478000674235 0.000000000000000
 10 36.06355537426587 0.000000000000000
 11 36.46797064591683 0.000000000000000
 12 41.81113309669153 0.000000000000000

 spin=1 k-point=386/868 Cartesian=0.1028806584362120 0.02057613168724546 -0.06172839506172809 (481 plane wave)
 1 -1.468769190700368 0.002314814814814792
 2 12.03172627374194 0.000000000000000
 3 15.13548352265089 0.000000000000000
 4 19.57442655771239 0.000000000000000
 5 21.23964953041932 0.000000000000000
 6 24.16471257331656 0.000000000000000
 7 26.07178312761951 0.000000000000000
 8 27.57598263570656 0.000000000000000
 9 30.52461351167402 0.000000000000000
 10 32.51078363897255 0.000000000000000
 11 36.56732914650603 0.000000000000000
 12 38.52562621351755 0.000000000000000

 spin=1 k-point=387/868 Cartesian=0.1028806584362158 0.02057613168724164 -0.02057613168724164 (482 plane wave)
 1 -1.973611987731706 0.002314814814814792
 2 14.47847877102507 0.000000000000000
 3 16.84325271079820 0.000000000000000
 4 18.40204679601268 0.000000000000000
 5 19.17126755309190 0.000000000000000
 6 21.15362527999090 0.000000000000000
 7 29.81600286620070 0.000000000000000
 8 30.35834603663199 0.000000000000000
 9 32.24085488614253 0.000000000000000
 10 32.25938013494339 0.000000000000000
 11 33.99255579628936 0.000000000000000
 12 36.99777931857729 0.000000000000000

 spin=1 k-point=388/868 Cartesian=0.08230452674897386 0.04115226337448358 0.000000000000000 (484 plane wave)
 1 -2.414972273637106 0.002314814814814792
 2 15.19740344848571 0.000000000000000
 3 16.01323305402636 0.000000000000000
 4 21.31206853215799 0.000000000000000
 5 21.45294896830390 0.000000000000000
 6 22.56462491857920 0.000000000000000
 7 27.39554249768893 0.000000000000000
 8 27.86953724309766 0.000000000000000
 9 28.79028458424964 0.000000000000000
 10 33.16244154142975 0.000000000000000
 11 33.87500119098577 0.000000000000000
 12 34.59560041342211 0.000000000000000

 spin=1 k-point=389/868 Cartesian=0.06172839506172872 0.06172839506172872 0.02057613168724544 (489 plane wave)
 1 -2.477954524192727 0.002314814814814792
 2 14.03058581216358 0.000000000000000
 3 17.07611461832092 0.000000000000000
 4 22.20959690627598 0.000000000000000
 5 23.98771781395253 0.000000000000000
 6 24.01754151621446 0.000000000000000
 7 25.42723876301575 0.000000000000000
 8 25.79166309433582 0.000000000000000
 9 27.47617279274094 0.000000000000000
 10 31.29640908961364 0.000000000000000
 11 32.90499273744533 0.000000000000000
 12 36.64096929568003 0.000000000000000

 spin=1 k-point=390/868 Cartesian=0.04115226337448708 0.08230452674897036 0.04115226337448708 (486 plane wave)
 1 -2.162484671335529 0.002314814814814792
 2 12.87382710091513 0.000000000000000
 3 18.16377985269132 0.000000000000000
 4 19.68686998204312 0.000000000000000
 5 21.86333306343014 0.000000000000000
 6 24.71754865226114 0.000000000000000
 7 25.81387622109432 0.000000000000000
 8 27.26859694022966 0.000000000000000
 9 29.31178618843290 0.000000000000000
 10 30.51187880488091 0.000000000000000
 11 33.06108162630394 0.000000000000000
 12 38.56321381033909 0.000000000000000

 spin=1 k-point=391/868 Cartesian=0.02057613168724545 0.1028806584362120 0.06172839506172872 (481 plane wave)
 1 -1.468769190967627 0.002314814814814792
 2 12.03172627279012 0.000000000000000
 3 15.13548352113320 0.000000000000000
 4 19.57442656527930 0.000000000000000
 5 21.23964954153536 0.000000000000000
 6 24.16471255850641 0.000000000000000
 7 26.07178313022397 0.000000000000000
 8 27.57598262812172 0.000000000000000
 9 30.52461353184368 0.000000000000000
 10 32.51078361331319 0.000000000000000
 11 36.56732914389804 0.000000000000000
 12 38.52562620157350 0.000000000000000

 spin=1 k-point=392/868 Cartesian=0.000000000000000 0.1234567901234571 0.08230452674897384 (480 plane wave)
 1 -0.3973286447013661 0.002314814814814792
 2 11.14720178235382 0.000000000000000
 3 12.21822731867018 0.000000000000000
 4 17.68034723993051 0.000000000000000
 5 23.33779528458141 0.000000000000000
 6 23.41201696883630 0.000000000000000
 7 25.01573998147394 0.000000000000000
 8 29.43534031422489 0.000000000000000
 9 31.05478001631973 0.000000000000000
 10 36.06355540252669 0.000000000000000
 11 36.46797061163708 0.000000000000000
 12 41.81113308257965 0.000000000000000

 spin=1 k-point=393/868 Cartesian=-0.02057613168724131 0.1440329218106987 0.1028806584362155 (479 plane wave)
 1 1.050845561004909 0.002314814814814792
 2 8.522553594316065 9.959108445554205e-07
 3 11.73316695055629 0.000000000000000
 4 16.12365922485402 0.000000000000000
 5 22.23322560531372 0.000000000000000
 6 23.89695935664986 0.000000000000000
 7 26.93236070739346 0.000000000000000
 8 30.08340070445976 0.000000000000000
 9 33.09695755777777 0.000000000000000
 10 34.85204183305988 0.000000000000000
 11 38.00374153871208 0.000000000000000
 12 40.93568910447688 0.000000000000000

 spin=1 k-point=394/868 Cartesian=0.2057613168724307 -0.08230452674897323 -0.1234567901234565 (476 plane wave)
 1 2.873901570688970 0.002314814814814792
 2 5.871778670639984 0.002314814798277929
 3 12.00730264420163 0.000000000000000
 4 14.93565103075514 0.000000000000000
 5 21.14565600771546 0.000000000000000
 6 24.21291412017263 0.000000000000000
 7 29.74805739817485 0.000000000000000
 8 30.70686470522599 0.000000000000000
 9 32.97098838455263 0.000000000000000
 10 33.89711989016440 0.000000000000000
 11 37.32358915780697 0.000000000000000
 12 45.51805436315837 0.000000000000000

 spin=1 k-point=395/868 Cartesian=0.1851851851851855 -0.06172839506172809 -0.1028806584362114 (476 plane wave)
 1 3.559814641731565 0.002314814814814792
 2 5.069348479639715 0.002314814814809377
 3 12.68597440966737 0.000000000000000
 4 14.12332065076753 0.000000000000000
 5 20.36377469330080 0.000000000000000
 6 24.86117422437274 0.000000000000000
 7 29.22591744481052 0.000000000000000
 8 31.27238233430000 0.000000000000000
 9 32.48579406195827 0.000000000000000
 10 34.43404716649142 0.000000000000000
 11 40.55551327732718 0.000000000000000
 12 41.93937624408465 0.000000000000000

 spin=1 k-point=396/868 Cartesian=0.1646090534979439 -0.04115226337448646 -0.08230452674896974 (482 plane wave)
 1 1.614802111413789 0.002314814814814792
 2 7.627548996894300 0.001778702591039681
 3 13.66612456455807 0.000000000000000
 4 13.77227720294015 0.000000000000000
 5 19.92243772274228 0.000000000000000
 6 25.40547649122015 0.000000000000000
 7 26.53102489305426 0.000000000000000
 8 32.10185602395332 0.000000000000000
 9 32.34319748616907 0.000000000000000
 10 37.45430039927410 0.000000000000000
 11 39.18830976577193 0.000000000000000
 12 43.53817227988785 0.000000000000000

 spin=1 k-point=397/868 Cartesian=0.1440329218107023 -0.02057613168724483 -0.06172839506172811 (477 plane wave)
 1 0.04239787792981625 0.002314814814814792
 2 10.52403502816746 2.023400238005937e-15
 3 13.64939495077961 0.000000000000000
 4 15.18847965552760 0.000000000000000
 5 19.79745233032605 0.000000000000000
 6 22.94622764903523 0.000000000000000
 7 27.46577493361305 0.000000000000000
 8 31.95702818126027 0.000000000000000
 9 33.54337862341573 0.000000000000000
 10 35.38613372995807 0.000000000000000
 11 39.37333980800902 0.000000000000000
 12 41.62663622287840 0.000000000000000

 spin=1 k-point=398/868 Cartesian=0.1234567901234571 0.000000000000000 -0.04115226337448296 (481 plane wave)
 1 -1.154233230557751 0.002314814814814792
 2 13.42408245977628 0.000000000000000
 3 14.29857372672655 0.000000000000000
 4 16.99234940267109 0.000000000000000
 5 19.55250108238726 0.000000000000000
 6 20.92375880035027 0.000000000000000
 7 29.14639025248023 0.000000000000000
 8 31.62474573087293 0.000000000000000
 9 32.82794011988654 0.000000000000000
 10 35.29501407166538 0.000000000000000
 11 35.56035499734325 0.000000000000000
 12 38.10038819854403 0.000000000000000

 spin=1 k-point=399/868 Cartesian=0.1234567901234574 0.000000000000000 0.000000000000000 (480 plane wave)
 1 -1.406657469103351 0.002314814814814792
 2 15.89524911280061 0.000000000000000
 3 15.89524912199653 0.000000000000000
 4 16.57679162432227 0.000000000000000
 5 16.74115897483719 0.000000000000000
 6 18.90081465879603 0.000000000000000
 7 33.53273495443988 0.000000000000000
 8 33.53977661521900 0.000000000000000
 9 33.53977668798954 0.000000000000000
 10 34.96765827494205 0.000000000000000
 11 35.75044748978581 0.000000000000000
 12 35.75044757584960 0.000000000000000

 spin=1 k-point=400/868 Cartesian=0.1028806584362155 0.02057613168724194 0.02057613168724194 (482 plane wave)
 1 -1.973611987806075 0.002314814814814792
 2 14.47847876886749 0.000000000000000
 3 16.84325271997288 0.000000000000000
 4 18.40204674462228 0.000000000000000
 5 19.17126761641438 0.000000000000000
 6 21.15362526140470 0.000000000000000
 7 29.81600284098817 0.000000000000000
 8 30.35834609448755 0.000000000000000
 9 32.24085483717277 0.000000000000000
 10 32.25938014376072 0.000000000000000
 11 33.99255577800493 0.000000000000000
 12 36.99777929743627 0.000000000000000

 spin=1 k-point=401/868 Cartesian=0.08230452674897036 0.04115226337448708 0.04115226337448708 (486 plane wave)
 1 -2.162484671323330 0.002314814814814792
 2 12.87382710089106 0.000000000000000
 3 18.16377985301536 0.000000000000000
 4 19.68686997893792 0.000000000000000
 5 21.86333306889029 0.000000000000000
 6 24.71754864939313 0.000000000000000
 7 25.81387622512308 0.000000000000000
 8 27.26859693192472 0.000000000000000
 9 29.31178619227675 0.000000000000000
 10 30.51187880709005 0.000000000000000
 11 33.06108162370623 0.000000000000000
 12 38.56321381585590 0.000000000000000

 spin=1 k-point=402/868 Cartesian=0.06172839506172872 0.06172839506172872 0.06172839506172872 (483 plane wave)
 1 -1.973043155443085 0.002314814814814792
 2 11.58202568652014 0.000000000000000
 3 19.83366707083079 0.000000000000000
 4 19.83366711540880 0.000000000000000
 5 22.57255239306147 0.000000000000000
 6 24.51250804423362 0.000000000000000
 7 24.51250809950830 0.000000000000000
 8 27.01153814195009 0.000000000000000
 9 29.15879969979405 0.000000000000000
 10 29.15879971460257 0.000000000000000
 11 32.79239174471861 0.000000000000000
 12 40.11330554109249 0.000000000000000

 spin=1 k-point=403/868 Cartesian=0.04115226337448708 0.08230452674897036 0.08230452674897035 (483 plane wave)
 1 -1.405370604168499 0.002314814814814792
 2 10.63903155645890 0.000000000000000
 3 16.62450569325341 0.000000000000000
 4 21.33746873235345 0.000000000000000
 5 22.65633492459698 0.000000000000000
 6 23.31300939330677 0.000000000000000
 7 24.17798790525453 0.000000000000000
 8 28.19293489210148 0.000000000000000
 9 28.70058563723104 0.000000000000000
 10 30.73594195634536 0.000000000000000
 11 35.75314697559307 0.000000000000000
 12 41.22397242895907 0.000000000000000

 spin=1 k-point=404/868 Cartesian=0.02057613168724194 0.1028806584362155 0.1028806584362155 (481 plane wave)
 1 -0.4598603682346364 0.002314814814814792
 2 10.03124623039156 2.794067393358769e-13
 3 13.21230703588377 0.000000000000000
 4 19.79669350982688 0.000000000000000
 5 21.62022855066930 0.000000000000000
 6 24.59213007757927 0.000000000000000
 7 26.07972234768194 0.000000000000000
 8 27.61260925065305 0.000000000000000
 9 29.77522950988444 0.000000000000000
 10 33.42206998345224 0.000000000000000
 11 38.88031521712882 0.000000000000000
 12 41.12317195829412 0.000000000000000

 spin=1 k-point=405/868 Cartesian=0.000000000000000 0.1234567901234571 0.1234567901234571 (481 plane wave)
 1 0.8626739629596174 0.002314814814814792
 2 9.371466522341152 2.049389022057092e-10
 3 10.52121925868531 2.081184253079810e-15
 4 18.13675369748391 0.000000000000000
 5 20.00100256780236 0.000000000000000
 6 27.29852415119721 0.000000000000000
 7 27.51660574039115 0.000000000000000
 8 28.02626808599159 0.000000000000000
 9 30.51284362872652 0.000000000000000
 10 36.76523646093661 0.000000000000000
 11 37.33605192309042 0.000000000000000
 12 38.97599209488673 0.000000000000000

 spin=1 k-point=406/868 Cartesian=0.2263374485596723 -0.1028806584362149 -0.1028806584362149 (479 plane wave)
 1 2.560737942238758 0.002314814814814792
 2 7.013155710463457 0.002313318196856450
 3 10.25580052748231 2.958078651564461e-14
 4 16.82460967366016 0.000000000000000
 5 18.71309430031550 0.000000000000000
 6 27.58562929509797 0.000000000000000
 7 29.02761869128019 0.000000000000000
 8 30.62650290642661 0.000000000000000
 9 31.91864772888330 0.000000000000000
 10 33.96371984914140 0.000000000000000
 11 36.79588921908694 0.000000000000000
 12 42.40430306379818 0.000000000000000

 spin=1 k-point=407/868 Cartesian=0.2057613168724272 -0.08230452674896971 -0.08230452674896972 (473 plane wave)
 1 4.596565309497837 0.002314814814814744
 2 4.648514623304274 0.002314814814814711
 3 10.77462785274093 0.000000000000000
 4 15.88353550784072 0.000000000000000
 5 17.78038936067593 0.000000000000000
 6 28.14735062446480 0.000000000000000
 7 28.53442022960832 0.000000000000000
 8 30.36756195477001 0.000000000000000
 9 34.21706106232785 0.000000000000000
 10 34.74532480578341 0.000000000000000
 11 37.31055914386874 0.000000000000000
 12 46.40651413908315 0.000000000000000

 spin=1 k-point=408/868 Cartesian=0.1851851851851855 -0.06172839506172809 -0.06172839506172810 (477 plane wave)
 1 2.552350128858120 0.002314814814814792
 2 7.070596484277876 0.002312158036821992
 3 11.70277827498491 0.000000000000000
 4 15.31880242117997 0.000000000000000
 5 17.20590087920780 0.000000000000000
 6 25.36276880703743 0.000000000000000
 7 29.08332580390955 0.000000000000000
 8 31.10468529172062 0.000000000000000
 9 34.54229005706502 0.000000000000000
 10 38.13167742187096 0.000000000000000
 11 40.47002683927065 0.000000000000000
 12 42.84269561957353 0.000000000000000

 spin=1 k-point=409/868 Cartesian=0.1646090534979439 -0.04115226337448647 -0.04115226337448646 (472 plane wave)
 1 0.8583434249180051 0.002314814814814792
 2 9.863911481327211 1.489232949406503e-12
 3 13.01426679361628 0.000000000000000
 4 15.13224574479977 0.000000000000000
 5 16.97476156271338 0.000000000000000
 6 22.30421269268748 0.000000000000000
 7 30.38564736606112 0.000000000000000
 8 32.33704408964453 0.000000000000000
 9 34.34540139875453 0.000000000000000
 10 39.30623419610688 0.000000000000000
 11 41.44074632858828 0.000000000000000
 12 42.41872944696406 0.000000000000000

 spin=1 k-point=410/868 Cartesian=0.1440329218106988 -0.02057613168724132 -0.02057613168724133 (478 plane wave)
 1 -0.4622404997185287 0.002314814814814792
 2 12.97001421508127 0.000000000000000
 3 14.69971021281023 0.000000000000000
 4 15.32445574283596 0.000000000000000
 5 16.97629954329536 0.000000000000000
 6 19.76603166945448 0.000000000000000
 7 32.01734248907370 0.000000000000000
 8 33.64994211171928 0.000000000000000
 9 34.53208870441932 0.000000000000000
 10 36.43855199095213 0.000000000000000
 11 38.29715450415372 0.000000000000000
 12 38.71806839255487 0.000000000000000

 spin=1 k-point=411/868 Cartesian=0.1440329218106991 -0.02057613168724163 0.02057613168724163 (478 plane wave)
 1 -0.4622404997680319 0.002314814814814792
 2 12.97001421410473 0.000000000000000
 3 14.69971022220174 0.000000000000000
 4 15.32445573333734 0.000000000000000
 5 16.97629954277607 0.000000000000000
 6 19.76603167194186 0.000000000000000
 7 32.01734249317501 0.000000000000000
 8 33.64994216449715 0.000000000000000
 9 34.53208863508239 0.000000000000000
 10 36.43855192664977 0.000000000000000
 11 38.29715458373404 0.000000000000000
 12 38.71806846662007 0.000000000000000

 spin=1 k-point=412/868 Cartesian=0.1234567901234571 0.000000000000000 0.04115226337448357 (481 plane wave)
 1 -1.154233230686730 0.002314814814814792
 2 13.42408246046864 0.000000000000000
 3 14.29857372221721 0.000000000000000
 4 16.99234941064600 0.000000000000000
 5 19.55250108115204 0.000000000000000
 6 20.92375879924552 0.000000000000000
 7 29.14639025936764 0.000000000000000
 8 31.62474571896820 0.000000000000000
 9 32.82794011784001 0.000000000000000
 10 35.29501410339226 0.000000000000000
 11 35.56035496614464 0.000000000000000
 12 38.10038817950264 0.000000000000000

 spin=1 k-point=413/868 Cartesian=0.1028806584362120 0.02057613168724546 0.06172839506172872 (481 plane wave)
 1 -1.468769190930649 0.002314814814814792
 2 12.03172627281755 0.000000000000000
 3 15.13548352136520 0.000000000000000
 4 19.57442655911541 0.000000000000000
 5 21.23964954990432 0.000000000000000
 6 24.16471255481312 0.000000000000000
 7 26.07178313347494 0.000000000000000
 8 27.57598262705263 0.000000000000000
 9 30.52461352886632 0.000000000000000
 10 32.51078361429249 0.000000000000000
 11 36.56732914021632 0.000000000000000
 12 38.52562621279367 0.000000000000000

 spin=1 k-point=414/868 Cartesian=0.08230452674897035 0.04115226337448710 0.08230452674897035 (483 plane wave)
 1 -1.405370604144811 0.002314814814814792
 2 10.63903155645708 0.000000000000000
 3 16.62450569426275 0.000000000000000
 4 21.33746871006553 0.000000000000000
 5 22.65633495432082 0.000000000000000
 6 23.31300940532855 0.000000000000000
 7 24.17798788538173 0.000000000000000
 8 28.19293489250112 0.000000000000000
 9 28.70058563522406 0.000000000000000
 10 30.73594195655046 0.000000000000000
 11 35.75314697536184 0.000000000000000
 12 41.22397244365847 0.000000000000000

 spin=1 k-point=415/868 Cartesian=0.06172839506172872 0.06172839506172872 0.1028806584362120 (484 plane wave)
 1 -0.9639918284252453 0.002314814814814792
 2 9.583720367568439 2.453677475043039e-11
 3 17.83783613926542 0.000000000000000
 4 19.33278018202016 0.000000000000000
 5 20.18241355014759 0.000000000000000
 6 25.12729398095118 0.000000000000000
 7 25.53006499073043 0.000000000000000
 8 27.00402648493481 0.000000000000000
 9 28.56843176347563 0.000000000000000
 10 33.16229475416209 0.000000000000000
 11 35.81778928568057 0.000000000000000
 12 43.88948125017110 0.000000000000000

 spin=1 k-point=416/868 Cartesian=0.04115226337448357 0.08230452674897387 0.1234567901234571 (479 plane wave)
 1 -0.1449699923610412 0.002314814814814792
 2 8.884846999366442 2.660612983560683e-08
 3 14.92608267265082 0.000000000000000
 4 17.91585182185811 0.000000000000000
 5 21.06475919548477 0.000000000000000
 6 24.19734281990948 0.000000000000000
 7 26.74843991815867 0.000000000000000
 8 27.91927864708597 0.000000000000000
 9 30.51240020535253 0.000000000000000
 10 33.71423134975121 0.000000000000000
 11 39.71405688122523 0.000000000000000
 12 42.00978832892976 0.000000000000000

 spin=1 k-point=417/868 Cartesian=0.02057613168724196 0.1028806584362155 0.1440329218106987 (479 plane wave)
 1 1.050845561165679 0.002314814814814792
 2 8.522553594085569 9.959108468499654e-07
 3 11.73316695044650 0.000000000000000
 4 16.12365922579507 0.000000000000000
 5 22.23322560352118 0.000000000000000
 6 23.89695935406122 0.000000000000000
 7 26.93236070863218 0.000000000000000
 8 30.08340070699104 0.000000000000000
 9 33.09695755639505 0.000000000000000
 10 34.85204183604949 0.000000000000000
 11 38.00374154014992 0.000000000000000
 12 40.93568910395003 0.000000000000000

 spin=1 k-point=418/868 Cartesian=0.2469135802469139 -0.1234567901234565 -0.08230452674897323 (476 plane wave)
 1 2.621822458778021 0.002314814814814792
 2 8.102052841895208 6.490355672394937e-05
 3 9.291922372697872 4.540255529043427e-10
 4 14.68811516687526 0.000000000000000
 5 20.94662820024012 0.000000000000000
 6 26.38160076824686 0.000000000000000
 7 27.45362424055922 0.000000000000000
 8 32.47699027818724 0.000000000000000
 9 32.50327178749794 0.000000000000000
 10 34.87053890919753 0.000000000000000
 11 39.11892743534949 0.000000000000000
 12 39.99163717775139 0.000000000000000

 spin=1 k-point=419/868 Cartesian=0.2263374485596688 -0.1028806584362114 -0.06172839506172809 (477 plane wave)
 1 4.564513248780022 0.002314814814814757
 2 6.004741757892731 0.002314814752311255
 3 9.262644773396115 6.084589677859404e-10
 4 13.62511308907302 0.000000000000000
 5 19.90670201800973 0.000000000000000
 6 27.19545987547113 0.000000000000000
 7 28.83789660683172 0.000000000000000
 8 30.59047278452402 0.000000000000000
 9 33.74211259497411 0.000000000000000
 10 36.79534597173650 0.000000000000000
 11 38.78681919160226 0.000000000000000
 12 44.38490588730188 0.000000000000000

 spin=1 k-point=420/868 Cartesian=0.2057613168724272 -0.08230452674896971 -0.04115226337448647 (477 plane wave)
 1 3.856892159690663 0.002314814814814792
 2 6.871961457276294 0.002314449956395482
 3 10.02935337281319 2.847458840730406e-13
 4 12.94166710450812 0.000000000000000
 5 19.20788901859535 0.000000000000000
 6 25.17980656825412 0.000000000000000
 7 28.28760407197572 0.000000000000000
 8 33.77325453322822 0.000000000000000
 9 35.02396493099118 0.000000000000000
 10 37.41207875510173 0.000000000000000
 11 41.02492984186015 0.000000000000000
 12 43.68865324681935 0.000000000000000

 spin=1 k-point=421/868 Cartesian=0.1851851851851855 -0.06172839506172809 -0.02057613168724484 (476 plane wave)
 1 2.048052937720380 0.002314814814814792
 2 9.516477920767182 4.806708430897812e-11
 3 11.20714254755402 0.000000000000000
 4 12.65436355304095 0.000000000000000
 5 18.82074247016255 0.000000000000000
 6 22.04849463156263 0.000000000000000
 7 29.42691122532052 0.000000000000000
 8 35.52684595859069 0.000000000000000
 9 36.94381529106101 0.000000000000000
 10 38.30833067556140 0.000000000000000
 11 40.64569014993123 0.000000000000000
 12 41.87222713851508 0.000000000000000

 spin=1 k-point=422/868 Cartesian=0.1646090534979404 -0.04115226337448295 0.000000000000000 (476 plane wave)
 1 0.6060520300411188 0.002314814814814792
 2 12.15603142172125 0.000000000000000
 3 12.76316526572707 0.000000000000000
 4 13.06765068712445 0.000000000000000
 5 18.28918493959619 0.000000000000000
 6 19.79823362729392 0.000000000000000
 7 30.90890509835341 0.000000000000000
 8 35.98225703516563 0.000000000000000
 9 37.18881785886391 0.000000000000000
 10 37.58991630102142 0.000000000000000
 11 37.60264895498977 0.000000000000000
 12 42.81609792099741 0.000000000000000

 spin=1 k-point=423/868 Cartesian=0.1646090534979442 -0.04115226337448678 0.04115226337448678 (472 plane wave)
 1 0.8583434248578676 0.002314814814814792
 2 9.863911481557000 1.489232945984413e-12
 3 13.01426679817513 0.000000000000000
 4 15.13224573473564 0.000000000000000
 5 16.97476156589288 0.000000000000000
 6 22.30421269686883 0.000000000000000
 7 30.38564737244665 0.000000000000000
 8 32.33704409315851 0.000000000000000
 9 34.34540138080209 0.000000000000000
 10 39.30623415606576 0.000000000000000
 11 41.44074636954535 0.000000000000000
 12 42.41872947853720 0.000000000000000

 spin=1 k-point=424/868 Cartesian=0.1440329218107023 -0.02057613168724483 0.06172839506172872 (477 plane wave)
 1 0.04239787777873849 0.002314814814814792
 2 10.52403502848078 2.023400231666193e-15
 3 13.64939494743337 0.000000000000000
 4 15.18847966061826 0.000000000000000
 5 19.79745232543894 0.000000000000000
 6 22.94622765606637 0.000000000000000
 7 27.46577493369470 0.000000000000000
 8 31.95702818388094 0.000000000000000
 9 33.54337860908713 0.000000000000000
 10 35.38613372501737 0.000000000000000
 11 39.37333982847635 0.000000000000000
 12 41.62663621310389 0.000000000000000

 spin=1 k-point=425/868 Cartesian=0.1234567901234571 0.000000000000000 0.08230452674897384 (480 plane wave)
 1 -0.3973286446195404 0.002314814814814792
 2 11.14720178279519 0.000000000000000
 3 12.21822731819012 0.000000000000000
 4 17.68034723883133 0.000000000000000
 5 23.33779528647497 0.000000000000000
 6 23.41201696540545 0.000000000000000
 7 25.01573998536751 0.000000000000000
 8 29.43534031678903 0.000000000000000
 9 31.05478001147177 0.000000000000000
 10 36.06355539293632 0.000000000000000
 11 36.46797062136922 0.000000000000000
 12 41.81113308516898 0.000000000000000

 spin=1 k-point=426/868 Cartesian=0.1028806584362155 0.02057613168724194 0.1028806584362155 (481 plane wave)
 1 -0.4598603681704356 0.002314814814814792
 2 10.03124623046607 2.794067391277029e-13
 3 13.21230703603217 0.000000000000000
 4 19.79669350637180 0.000000000000000
 5 21.62022854952935 0.000000000000000
 6 24.59213008833550 0.000000000000000
 7 26.07972234397401 0.000000000000000
 8 27.61260925146915 0.000000000000000
 9 29.77522950525278 0.000000000000000
 10 33.42206998282079 0.000000000000000
 11 38.88031521617170 0.000000000000000
 12 41.12317196387151 0.000000000000000

 spin=1 k-point=427/868 Cartesian=0.08230452674897386 0.04115226337448358 0.1234567901234571 (479 plane wave)
 1 -0.1449699923241086 0.002314814814814792
 2 8.884846999381317 2.660612983164901e-08
 3 14.92608267378868 0.000000000000000
 4 17.91585181813443 0.000000000000000
 5 21.06475919689021 0.000000000000000
 6 24.19734282203309 0.000000000000000
 7 26.74843992516556 0.000000000000000
 8 27.91927863787735 0.000000000000000
 9 30.51240020696964 0.000000000000000
 10 33.71423134823323 0.000000000000000
 11 39.71405688142406 0.000000000000000
 12 42.00978832826560 0.000000000000000

 spin=1 k-point=428/868 Cartesian=0.06172839506172872 0.06172839506172872 0.1440329218107023 (481 plane wave)
 1 0.5469646995353642 0.002314814814814792
 2 8.077217151801063 8.254849739082580e-05
 3 15.66674391550894 0.000000000000000
 4 16.32820636128713 0.000000000000000
 5 18.15417982409074 0.000000000000000
 6 26.13061233182095 0.000000000000000
 7 27.05365570875089 0.000000000000000
 8 29.29514259910480 0.000000000000000
 9 29.72564915224757 0.000000000000000
 10 37.63225193173417 0.000000000000000
 11 39.93651644525546 0.000000000000000
 12 42.33513987148856 0.000000000000000

 spin=1 k-point=429/868 Cartesian=0.04115226337448710 0.08230452674897033 0.1646090534979439 (482 plane wave)
 1 1.614802111444492 0.002314814814814792
 2 7.627548996944166 0.001778702590834260
 3 13.66612455325033 0.000000000000000
 4 13.77227721549800 0.000000000000000
 5 19.92243771600070 0.000000000000000
 6 25.40547651224720 0.000000000000000
 7 26.53102488112489 0.000000000000000
 8 32.10185603602592 0.000000000000000
 9 32.34319746360419 0.000000000000000
 10 37.45430039763519 0.000000000000000
 11 39.18830977298784 0.000000000000000
 12 43.53817229261749 0.000000000000000

 spin=1 k-point=430/868 Cartesian=0.2674897119341590 -0.1440329218107016 -0.06172839506172809 (482 plane wave)
 1 3.055900504620766 0.002314814814814792
 2 7.514445783936524 0.002109624697426309
 3 10.73927477788534 0.000000000000000
 4 12.19167688179509 0.000000000000000
 5 22.66144411886531 0.000000000000000
 6 24.30646204401893 0.000000000000000
 7 26.24638550880048 0.000000000000000
 8 33.27131711694150 0.000000000000000
 9 35.20103377609295 0.000000000000000
 10 36.53880514566183 0.000000000000000
 11 38.94092545858445 0.000000000000000
 12 42.88367671292160 0.000000000000000

 spin=1 k-point=431/868 Cartesian=0.2469135802469140 -0.1234567901234565 -0.04115226337448295 (479 plane wave)
 1 4.863363037328188 0.002314814814814101
 2 7.340137601449352 0.002276077695766279
 3 8.550081605708208 7.563325010952690e-07
 4 11.01289310768969 0.000000000000000
 5 23.05312350734972 0.000000000000000
 6 25.63455018054005 0.000000000000000
 7 26.75466691849742 0.000000000000000
 8 29.60614309578018 0.000000000000000
 9 37.69213574280756 0.000000000000000
 10 39.26549117809896 0.000000000000000
 11 41.42640903644405 0.000000000000000
 12 42.13228468161969 0.000000000000000

 spin=1 k-point=432/868 Cartesian=0.2263374485596723 -0.1028806584362149 -0.02057613168724133 (476 plane wave)
 1 5.499607838147478 0.002314814814414722
 2 7.009835547132486 0.002313367040617786
 3 8.764429520023722 8.870266165410281e-08
 4 10.24105608026396 3.428025576204450e-14
 5 22.25732253306104 0.000000000000000
 6 25.27599637466004 0.000000000000000
 7 27.06225701452391 0.000000000000000
 8 30.23438054678135 0.000000000000000
 9 38.99041060898009 0.000000000000000
 10 40.45880784863245 0.000000000000000
 11 42.64733610764952 0.000000000000000
 12 44.09105637974962 0.000000000000000

 spin=1 k-point=433/868 Cartesian=0.2057613168724307 -0.08230452674897323 0.000000000000000 (472 plane wave)
 1 3.604763525337497 0.002314814814814792
 2 9.116650831555397 2.619839631565439e-09
 3 9.780184876165810 3.440192551971604e-12
 4 10.24561057272232 3.275398450419948e-14
 5 21.32791929338348 0.000000000000000
 6 22.56040235777598 0.000000000000000
 7 28.07117911529615 0.000000000000000
 8 34.03134992153714 0.000000000000000
 9 38.98282269444470 0.000000000000000
 10 40.16673438665470 0.000000000000000
 11 40.63933937718305 0.000000000000000
 12 41.56353484524311 0.000000000000000

 spin=1 k-point=434/868 Cartesian=0.1851851851851855 -0.06172839506172809 0.02057613168724546 (476 plane wave)
 1 2.048052937716794 0.002314814814814792
 2 9.516477920935008 4.806708422830876e-11
 3 11.20714255165866 0.000000000000000
 4 12.65436354734638 0.000000000000000
 5 18.82074246949188 0.000000000000000
 6 22.04849463468219 0.000000000000000
 7 29.42691122632128 0.000000000000000
 8 35.52684599119728 0.000000000000000
 9 36.94381524394006 0.000000000000000
 10 38.30833065585224 0.000000000000000
 11 40.64569018072466 0.000000000000000
 12 41.87222713767360 0.000000000000000

 spin=1 k-point=435/868 Cartesian=0.1851851851851858 -0.06172839506172840 0.06172839506172840 (477 plane wave)
 1 2.552350128890599 0.002314814814814792
 2 7.070596484770281 0.002312158036808926
 3 11.70277827748336 0.000000000000000
 4 15.31880241026334 0.000000000000000
 5 17.20590088444486 0.000000000000000
 6 25.36276881403391 0.000000000000000
 7 29.08332581188770 0.000000000000000
 8 31.10468528540990 0.000000000000000
 9 34.54229004635913 0.000000000000000
 10 38.13167741510308 0.000000000000000
 11 40.47002684087657 0.000000000000000
 12 42.84269559579010 0.000000000000000

 spin=1 k-point=436/868 Cartesian=0.1646090534979439 -0.04115226337448646 0.08230452674897035 (482 plane wave)
 1 1.614802111317722 0.002314814814814792
 2 7.627548997192819 0.001778702589809940
 3 13.66612457410147 0.000000000000000
 4 13.77227719304043 0.000000000000000
 5 19.92243771968002 0.000000000000000
 6 25.40547650717790 0.000000000000000
 7 26.53102488546318 0.000000000000000
 8 32.10185604612087 0.000000000000000
 9 32.34319745548856 0.000000000000000
 10 37.45430038629328 0.000000000000000
 11 39.18830977615860 0.000000000000000
 12 43.53817228479577 0.000000000000000

 spin=1 k-point=437/868 Cartesian=0.1440329218106987 -0.02057613168724131 0.1028806584362155 (479 plane wave)
 1 1.050845561174035 0.002314814814814792
 2 8.522553594381241 9.959108439065992e-07
 3 11.73316695028655 0.000000000000000
 4 16.12365922447493 0.000000000000000
 5 22.23322560166561 0.000000000000000
 6 23.89695935924505 0.000000000000000
 7 26.93236071042644 0.000000000000000
 8 30.08340070571090 0.000000000000000
 9 33.09695755411667 0.000000000000000
 10 34.85204183312717 0.000000000000000
 11 38.00374153884259 0.000000000000000
 12 40.93568910495833 0.000000000000000

 spin=1 k-point=438/868 Cartesian=0.1234567901234571 0.000000000000000 0.1234567901234571 (481 plane wave)
 1 0.8626739630933724 0.002314814814814792
 2 9.371466522877476 2.049389011065705e-10
 3 10.52121925800696 2.081184267197557e-15
 4 18.13675369734374 0.000000000000000
 5 20.00100256554935 0.000000000000000
 6 27.29852415468986 0.000000000000000
 7 27.51660574531581 0.000000000000000
 8 28.02626808651746 0.000000000000000
 9 30.51284362213828 0.000000000000000
 10 36.76523646193424 0.000000000000000
 11 37.33605191487312 0.000000000000000
 12 38.97599210275558 0.000000000000000

 spin=1 k-point=439/868 Cartesian=0.1028806584362155 0.02057613168724196 0.1440329218106987 (479 plane wave)
 1 1.050845561259876 0.002314814814814792
 2 8.522553594204249 9.959108456685287e-07
 3 11.73316695053000 0.000000000000000
 4 16.12365922462094 0.000000000000000
 5 22.23322559936039 0.000000000000000
 6 23.89695936007634 0.000000000000000
 7 26.93236070992152 0.000000000000000
 8 30.08340070673783 0.000000000000000
 9 33.09695755512039 0.000000000000000
 10 34.85204183446694 0.000000000000000
 11 38.00374153686511 0.000000000000000
 12 40.93568910821929 0.000000000000000

 spin=1 k-point=440/868 Cartesian=0.08230452674897035 0.04115226337448710 0.1646090534979439 (482 plane wave)
 1 1.614802111494307 0.002314814814814792
 2 7.627548996977362 0.001778702590697511
 3 13.66612457415639 0.000000000000000
 4 13.77227719376366 0.000000000000000
 5 19.92243771623658 0.000000000000000
 6 25.40547651360365 0.000000000000000
 7 26.53102488075847 0.000000000000000
 8 32.10185605165564 0.000000000000000
 9 32.34319744767338 0.000000000000000
 10 37.45430039794920 0.000000000000000
 11 39.18830976988448 0.000000000000000
 12 43.53817229482517 0.000000000000000

 spin=1 k-point=441/868 Cartesian=0.06172839506172872 0.06172839506172872 0.1851851851851855 (477 plane wave)
 1 2.552350129169979 0.002314814814814792
 2 7.070596484507532 0.002312158036815898
 3 11.70277827755948 0.000000000000000
 4 15.31880241293603 0.000000000000000
 5 17.20590087974984 0.000000000000000
 6 25.36276881564223 0.000000000000000
 7 29.08332581333250 0.000000000000000
 8 31.10468528317475 0.000000000000000
 9 34.54229004371302 0.000000000000000
 10 38.13167742374640 0.000000000000000
 11 40.47002684070551 0.000000000000000
 12 42.84269559998264 0.000000000000000

 spin=1 k-point=442/868 Cartesian=-0.04115226337448648 -0.08230452674896972 0.2880658436214007 (477 plane wave)
 1 3.856892160218701 0.002314814814814792
 2 6.871961457814401 0.002314449956393519
 3 10.02935337400343 2.847458806838922e-13
 4 12.94166710016057 0.000000000000000
 5 19.20788901596230 0.000000000000000
 6 25.17980657526035 0.000000000000000
 7 28.28760407289483 0.000000000000000
 8 33.77325456328109 0.000000000000000
 9 35.02396490164392 0.000000000000000
 10 37.41207873470283 0.000000000000000
 11 41.02492984728640 0.000000000000000
 12 43.68865324993264 0.000000000000000

 spin=1 k-point=443/868 Cartesian=-0.02057613168724133 -0.1028806584362149 0.2674897119341555 (476 plane wave)
 1 5.499607838834373 0.002314814814414722
 2 7.009835548471510 0.002313367040598412
 3 8.764429518984430 8.870266257594657e-08
 4 10.24105607852413 3.428025635846267e-14
 5 22.25732252763005 0.000000000000000
 6 25.27599638293063 0.000000000000000
 7 27.06225701317302 0.000000000000000
 8 30.23438054984006 0.000000000000000
 9 38.99041063857573 0.000000000000000
 10 40.45880778312755 0.000000000000000
 11 42.64733610796381 0.000000000000000
 12 44.09105640480210 0.000000000000000

 spin=1 k-point=444/868 Cartesian=0.2469135802469139 -0.1234567901234565 0.000000000000000 (488 plane wave)
 1 7.086127124567724 0.002311712254338276
 2 7.086127209310552 0.002311712251712600
 3 8.290157859419482 1.013407163035491e-05
 4 8.314017154701682 7.990392426384760e-06
 5 25.38385951690072 0.000000000000000
 6 25.38385951951994 0.000000000000000
 7 25.45446341577663 0.000000000000000
 8 27.90566195527510 0.000000000000000
 9 42.12760894138481 0.000000000000000
 10 43.98602876719490 0.000000000000000
 11 43.98602880853880 0.000000000000000
 12 43.99454848786444 0.000000000000000

 spin=1 k-point=445/868 Cartesian=0.2263374485596723 -0.1028806584362149 0.02057613168724193 (476 plane wave)
 1 5.499607838225765 0.002314814814414722
 2 7.009835548855464 0.002313367040592857
 3 8.764429519389298 8.870266221683340e-08
 4 10.24105607836808 3.428025641195717e-14
 5 22.25732252920964 0.000000000000000
 6 25.27599638261949 0.000000000000000
 7 27.06225701318260 0.000000000000000
 8 30.23438054675314 0.000000000000000
 9 38.99041063391702 0.000000000000000
 10 40.45880779779829 0.000000000000000
 11 42.64733610509617 0.000000000000000
 12 44.09105640087757 0.000000000000000

 spin=1 k-point=446/868 Cartesian=0.2057613168724272 -0.08230452674896971 0.04115226337448708 (477 plane wave)
 1 3.856892159809899 0.002314814814814792
 2 6.871961458137952 0.002314449956392339
 3 10.02935337403681 2.847458805888362e-13
 4 12.94166709999702 0.000000000000000
 5 19.20788901785426 0.000000000000000
 6 25.17980657454281 0.000000000000000
 7 28.28760407255855 0.000000000000000
 8 33.77325455562844 0.000000000000000
 9 35.02396490613909 0.000000000000000
 10 37.41207873975124 0.000000000000000
 11 41.02492984502184 0.000000000000000
 12 43.68865324601315 0.000000000000000

 spin=1 k-point=447/868 Cartesian=0.04115226337448739 -0.1646090534979436 0.1646090534979436 (473 plane wave)
 1 4.596565328959945 0.002314814814814744
 2 4.648514604427234 0.002314814814814711
 3 10.77462785435386 0.000000000000000
 4 15.88353549573289 0.000000000000000
 5 17.78038936707938 0.000000000000000
 6 28.14735063389029 0.000000000000000
 7 28.53442024505101 0.000000000000000
 8 30.36756194251987 0.000000000000000
 9 34.21706105723248 0.000000000000000
 10 34.74532478809228 0.000000000000000
 11 37.31055915450295 0.000000000000000
 12 46.40651412008429 0.000000000000000

 spin=1 k-point=448/868 Cartesian=0.06172839506172871 -0.1851851851851849 0.1440329218107023 (476 plane wave)
 1 3.559814642273373 0.002314814814814792
 2 5.069348479318983 0.002314814814809377
 3 12.68597441336972 0.000000000000000
 4 14.12332064510616 0.000000000000000
 5 20.36377469111067 0.000000000000000
 6 24.86117423034042 0.000000000000000
 7 29.22591745473673 0.000000000000000
 8 31.27238233068726 0.000000000000000
 9 32.48579404600846 0.000000000000000
 10 34.43404717172109 0.000000000000000
 11 40.55551327727333 0.000000000000000
 12 41.93937624225859 0.000000000000000

 spin=1 k-point=449/868 Cartesian=0.08230452674897386 -0.2057613168724300 0.1234567901234571 (476 plane wave)
 1 2.873901571158740 0.002314814814814792
 2 5.871778670281002 0.002314814798277929
 3 12.00730264415475 0.000000000000000
 4 14.93565103046506 0.000000000000000
 5 21.14565600507464 0.000000000000000
 6 24.21291412175760 0.000000000000000
 7 29.74805740352283 0.000000000000000
 8 30.70686470655428 0.000000000000000
 9 32.97098837562068 0.000000000000000
 10 33.89711989306874 0.000000000000000
 11 37.32358915911521 0.000000000000000
 12 45.51805432484404 0.000000000000000

 spin=1 k-point=450/868 Cartesian=-0.1028806584362149 0.2263374485596723 -0.1028806584362149 (479 plane wave)
 1 2.560737942544421 0.002314814814814792
 2 7.013155710437850 0.002313318196856832
 3 10.25580052706792 2.958078663822399e-14
 4 16.82460967459865 0.000000000000000
 5 18.71309429769767 0.000000000000000
 6 27.58562929596102 0.000000000000000
 7 29.02761869347282 0.000000000000000
 8 30.62650291283367 0.000000000000000
 9 31.91864772631981 0.000000000000000
 10 33.96371984068072 0.000000000000000
 11 36.79588922211843 0.000000000000000
 12 42.40430306390893 0.000000000000000

 spin=1 k-point=451/868 Cartesian=-0.1234567901234565 0.2469135802469140 -0.08230452674897323 (476 plane wave)
 1 2.621822458981865 0.002314814814814792
 2 8.102052842497693 6.490355634387822e-05
 3 9.291922371851859 4.540255567454533e-10
 4 14.68811516651960 0.000000000000000
 5 20.94662819870545 0.000000000000000
 6 26.38160076980315 0.000000000000000
 7 27.45362424249923 0.000000000000000
 8 32.47699028099132 0.000000000000000
 9 32.50327178980694 0.000000000000000
 10 34.87053890056565 0.000000000000000
 11 39.11892742707599 0.000000000000000
 12 39.99163718764076 0.000000000000000

 spin=1 k-point=452/868 Cartesian=-0.1440329218107016 0.2674897119341590 -0.06172839506172809 (482 plane wave)
 1 3.055900504746754 0.002314814814814792
 2 7.514445784103710 0.002109624697113668
 3 10.73927477814277 0.000000000000000
 4 12.19167688080613 0.000000000000000
 5 22.66144411630328 0.000000000000000
 6 24.30646204754538 0.000000000000000
 7 26.24638550886247 0.000000000000000
 8 33.27131712100086 0.000000000000000
 9 35.20103377530597 0.000000000000000
 10 36.53880514120095 0.000000000000000
 11 38.94092545509434 0.000000000000000
 12 42.88367671566224 0.000000000000000

 spin=1 k-point=453/868 Cartesian=-0.08230452674896972 -0.04115226337448648 0.2880658436214007 (477 plane wave)
 1 3.856892160276606 0.002314814814814792
 2 6.871961457870738 0.002314449956393313
 3 10.02935337414428 2.847458802828321e-13
 4 12.94166709956838 0.000000000000000
 5 19.20788901598948 0.000000000000000
 6 25.17980657604381 0.000000000000000
 7 28.28760407220130 0.000000000000000
 8 33.77325456911617 0.000000000000000
 9 35.02396489731801 0.000000000000000
 10 37.41207873188230 0.000000000000000
 11 41.02492984774611 0.000000000000000
 12 43.68865324910683 0.000000000000000

 spin=1 k-point=454/868 Cartesian=-0.06172839506172810 -0.06172839506172810 0.2674897119341591 (476 plane wave)
 1 4.995532220104306 0.002314814814812204
 2 6.566665064140011 0.002314797584076578
 3 8.269674252906571 1.242542255555355e-05
 4 14.81348764965128 0.000000000000000
 5 16.72636082493939 0.000000000000000
 6 24.92968465492559 0.000000000000000
 7 31.61637261281115 0.000000000000000
 8 33.17246740221950 0.000000000000000
 9 34.65205200607211 0.000000000000000
 10 37.04943413046175 0.000000000000000
 11 40.49787894798561 0.000000000000000
 12 46.33869216075821 0.000000000000000

 spin=1 k-point=455/868 Cartesian=-0.04115226337448296 -0.08230452674897323 0.2469135802469139 (483 plane wave)
 1 6.070256737108329 0.002314814694468533
 2 6.619292550383203 0.002314785649949829
 3 7.321437799817070 0.002282592524996577
 4 12.69173820098358 0.000000000000000
 5 18.96685825166575 0.000000000000000
 6 24.98546815361329 0.000000000000000
 7 30.43543656355184 0.000000000000000
 8 31.57497808447847 0.000000000000000
 9 36.51524845241772 0.000000000000000
 10 38.32591981605631 0.000000000000000
 11 43.08287574103125 0.000000000000000
 12 43.73513990157335 0.000000000000000

 spin=1 k-point=456/868 Cartesian=-0.02057613168724132 -0.1028806584362149 0.2263374485596723 (476 plane wave)
 1 5.499607841263363 0.002314814814414722
 2 7.009835545998303 0.002313367040634196
 3 8.764429518852259 8.870266269318195e-08
 4 10.24105607826176 3.428025644840099e-14
 5 22.25732252716396 0.000000000000000
 6 25.27599637733439 0.000000000000000
 7 27.06225702053199 0.000000000000000
 8 30.23438054953716 0.000000000000000
 9 38.99041065267904 0.000000000000000
 10 40.45880776458976 0.000000000000000
 11 42.64733611688877 0.000000000000000
 12 44.09105640033776 0.000000000000000

 spin=1 k-point=457/868 Cartesian=0.000000000000000 -0.1234567901234565 0.2057613168724307 (479 plane wave)
 1 4.863363038915828 0.002314814814814101
 2 7.340137601250989 0.002276077695841834
 3 8.550081605355205 7.563325037642754e-07
 4 11.01289310542476 0.000000000000000
 5 23.05312350075103 0.000000000000000
 6 25.63455018180484 0.000000000000000
 7 26.75466693033210 0.000000000000000
 8 29.60614309323916 0.000000000000000
 9 37.69213576446713 0.000000000000000
 10 39.26549114480193 0.000000000000000
 11 41.42640899920806 0.000000000000000
 12 42.13228472445653 0.000000000000000

 spin=1 k-point=458/868 Cartesian=0.02057613168724546 -0.1440329218107017 0.1851851851851855 (477 plane wave)
 1 4.564513250260903 0.002314814814814757
 2 6.004741757452349 0.002314814752311255
 3 9.262644773904755 6.084589646910763e-10
 4 13.62511308451254 0.000000000000000
 5 19.90670201669082 0.000000000000000
 6 27.19545988249253 0.000000000000000
 7 28.83789661228916 0.000000000000000
 8 30.59047278859063 0.000000000000000
 9 33.74211259041608 0.000000000000000
 10 36.79534594714413 0.000000000000000
 11 38.78681920204023 0.000000000000000
 12 44.38490589175152 0.000000000000000

 spin=1 k-point=459/868 Cartesian=0.02057613168724225 -0.1440329218106984 0.1440329218106984 (479 plane wave)
 1 2.560737943150227 0.002314814814814792
 2 7.013155710072772 0.002313318196862292
 3 10.25580052886358 2.958078610705392e-14
 4 16.82460965983755 0.000000000000000
 5 18.71309430718838 0.000000000000000
 6 27.58562930590398 0.000000000000000
 7 29.02761869685159 0.000000000000000
 8 30.62650290214903 0.000000000000000
 9 31.91864774136253 0.000000000000000
 10 33.96371982112899 0.000000000000000
 11 36.79588922330410 0.000000000000000
 12 42.40430307201146 0.000000000000000

 spin=1 k-point=460/868 Cartesian=0.04115226337448356 -0.1646090534979398 0.1234567901234571 (476 plane wave)
 1 2.873901571608234 0.002314814814814792
 2 5.871778669931948 0.002314814798277929
 3 12.00730264697009 0.000000000000000
 4 14.93565102454775 0.000000000000000
 5 21.14565600543823 0.000000000000000
 6 24.21291412567621 0.000000000000000
 7 29.74805740316559 0.000000000000000
 8 30.70686470619064 0.000000000000000
 9 32.97098837363714 0.000000000000000
 10 33.89711989743068 0.000000000000000
 11 37.32358915611824 0.000000000000000
 12 45.51805433197680 0.000000000000000

 spin=1 k-point=461/868 Cartesian=-0.06172839506172809 0.1851851851851855 -0.1028806584362114 (476 plane wave)
 1 3.559814642670218 0.002314814814814792
 2 5.069348478767347 0.002314814814809377
 3 12.68597441030516 0.000000000000000
 4 14.12332064989183 0.000000000000000
 5 20.36377469107532 0.000000000000000
 6 24.86117422528188 0.000000000000000
 7 29.22591745196204 0.000000000000000
 8 31.27238233215143 0.000000000000000
 9 32.48579405175465 0.000000000000000
 10 34.43404717426640 0.000000000000000
 11 40.55551327691369 0.000000000000000
 12 41.93937624571908 0.000000000000000

 spin=1 k-point=462/868 Cartesian=-0.08230452674896971 0.2057613168724272 -0.08230452674896972 (473 plane wave)
 1 4.596565333977799 0.002314814814814744
 2 4.648514598964463 0.002314814814814711
 3 10.77462785244071 0.000000000000000
 4 15.88353550926842 0.000000000000000
 5 17.78038935783959 0.000000000000000
 6 28.14735062513988 0.000000000000000
 7 28.53442023477522 0.000000000000000
 8 30.36756194972727 0.000000000000000
 9 34.21706106839606 0.000000000000000
 10 34.74532479998386 0.000000000000000
 11 37.31055914525225 0.000000000000000
 12 46.40651414372383 0.000000000000000

 spin=1 k-point=463/868 Cartesian=-0.1028806584362114 0.2263374485596688 -0.06172839506172809 (477 plane wave)
 1 4.564513249568401 0.002314814814814757
 2 6.004741757418881 0.002314814752311255
 3 9.262644772914925 6.084589707137857e-10
 4 13.62511308908061 0.000000000000000
 5 19.90670201678821 0.000000000000000
 6 27.19545987928526 0.000000000000000
 7 28.83789660191054 0.000000000000000
 8 30.59047278874364 0.000000000000000
 9 33.74211259697930 0.000000000000000
 10 36.79534596400953 0.000000000000000
 11 38.78681919529049 0.000000000000000
 12 44.38490588648621 0.000000000000000

 spin=1 k-point=464/868 Cartesian=-0.1234567901234565 0.2469135802469139 -0.04115226337448295 (479 plane wave)
 1 4.863363037643660 0.002314814814814101
 2 7.340137602106496 0.002276077695515981
 3 8.550081604641486 7.563325091606035e-07
 4 11.01289310750318 0.000000000000000
 5 23.05312350560034 0.000000000000000
 6 25.63455018165188 0.000000000000000
 7 26.75466692060645 0.000000000000000
 8 29.60614309549621 0.000000000000000
 9 37.69213574801925 0.000000000000000
 10 39.26549117007946 0.000000000000000
 11 41.42640902602892 0.000000000000000
 12 42.13228469198647 0.000000000000000

 spin=1 k-point=465/868 Cartesian=-0.1028806584362149 -0.02057613168724133 0.2674897119341555 (476 plane wave)
 1 5.499607838954623 0.002314814814414722
 2 7.009835548732276 0.002313367040594640
 3 8.764429518970033 8.870266258871786e-08
 4 10.24105607792551 3.428025656367097e-14
 5 22.25732252686370 0.000000000000000
 6 25.27599638470605 0.000000000000000
 7 27.06225701321179 0.000000000000000
 8 30.23438054932167 0.000000000000000
 9 38.99041064520663 0.000000000000000
 10 40.45880777149058 0.000000000000000
 11 42.64733610826540 0.000000000000000
 12 44.09105640487155 0.000000000000000

 spin=1 k-point=466/868 Cartesian=-0.08230452674897325 -0.04115226337448295 0.2469135802469139 (483 plane wave)
 1 6.070256737119591 0.002314814694468533
 2 6.619292550424525 0.002314785649949817
 3 7.321437799847241 0.002282592524986990
 4 12.69173820076738 0.000000000000000
 5 18.96685825155521 0.000000000000000
 6 24.98546815449087 0.000000000000000
 7 30.43543656338693 0.000000000000000
 8 31.57497808351901 0.000000000000000
 9 36.51524845269597 0.000000000000000
 10 38.32591981663401 0.000000000000000
 11 43.08287574045979 0.000000000000000
 12 43.73513990112836 0.000000000000000

 spin=1 k-point=467/868 Cartesian=-0.06172839506172810 -0.06172839506172809 0.2263374485596688 (476 plane wave)
 1 4.995532222798032 0.002314814814812204
 2 6.566665060604886 0.002314797584077187
 3 8.269674253411658 1.242542249313122e-05
 4 14.81348765052371 0.000000000000000
 5 16.72636082388446 0.000000000000000
 6 24.92968465425886 0.000000000000000
 7 31.61637259575622 0.000000000000000
 8 33.17246741843583 0.000000000000000
 9 34.65205202130968 0.000000000000000
 10 37.04943411748300 0.000000000000000
 11 40.49787895159378 0.000000000000000
 12 46.33869216096091 0.000000000000000

 spin=1 k-point=468/868 Cartesian=-0.04115226337448647 -0.08230452674896972 0.2057613168724272 (477 plane wave)
 1 3.856892161965119 0.002314814814814792
 2 6.871961456126148 0.002314449956399678
 3 10.02935337343324 2.847458823074885e-13
 4 12.94166710011844 0.000000000000000
 5 19.20788901529241 0.000000000000000
 6 25.17980657223123 0.000000000000000
 7 28.28760407198065 0.000000000000000
 8 33.77325457220508 0.000000000000000
 9 35.02396490513744 0.000000000000000
 10 37.41207873240614 0.000000000000000
 11 41.02492984919048 0.000000000000000
 12 43.68865326053487 0.000000000000000

 spin=1 k-point=469/868 Cartesian=-0.02057613168724483 -0.1028806584362114 0.1851851851851855 (482 plane wave)
 1 3.055900505914642 0.002314814814814792
 2 7.514445783195721 0.002109624698811623
 3 10.73927477936916 0.000000000000000
 4 12.19167687814353 0.000000000000000
 5 22.66144411555412 0.000000000000000
 6 24.30646203838345 0.000000000000000
 7 26.24638551845019 0.000000000000000
 8 33.27131712377617 0.000000000000000
 9 35.20103378502601 0.000000000000000
 10 36.53880513400964 0.000000000000000
 11 38.94092545557885 0.000000000000000
 12 42.88367671838419 0.000000000000000

 spin=1 k-point=470/868 Cartesian=0.000000000000000 -0.1234567901234565 0.1646090534979404 (476 plane wave)
 1 2.621822459818795 0.002314814814814792
 2 8.102052841479605 6.490355698612734e-05
 3 9.291922373594840 4.540255488318770e-10
 4 14.68811516165948 0.000000000000000
 5 20.94662819733592 0.000000000000000
 6 26.38160077078539 0.000000000000000
 7 27.45362424760287 0.000000000000000
 8 32.47699028923678 0.000000000000000
 9 32.50327179912020 0.000000000000000
 10 34.87053887657727 0.000000000000000
 11 39.11892740863721 0.000000000000000
 12 39.99163721653734 0.000000000000000

 spin=1 k-point=471/868 Cartesian=0.000000000000000 0.1234567901234568 -0.1234567901234568 (481 plane wave)
 1 0.8626739636479143 0.002314814814814792
 2 9.371466521684937 2.049389035505453e-10
 3 10.52121926073845 2.081184210350076e-15
 4 18.13675368109121 0.000000000000000
 5 20.00100257415754 0.000000000000000
 6 27.29852414939531 0.000000000000000
 7 27.51660575147297 0.000000000000000
 8 28.02626809975992 0.000000000000000
 9 30.51284361616986 0.000000000000000
 10 36.76523646269295 0.000000000000000
 11 37.33605189679915 0.000000000000000
 12 38.97599212716459 0.000000000000000

 spin=1 k-point=472/868 Cartesian=-0.02057613168724132 0.1440329218106988 -0.1028806584362149 (479 plane wave)
 1 1.050845561585735 0.002314814814814792
 2 8.522553593875157 9.959108489445758e-07
 3 11.73316695321186 0.000000000000000
 4 16.12365921709113 0.000000000000000
 5 22.23322560170141 0.000000000000000
 6 23.89695936205997 0.000000000000000
 7 26.93236071098348 0.000000000000000
 8 30.08340070748620 0.000000000000000
 9 33.09695755438827 0.000000000000000
 10 34.85204184014491 0.000000000000000
 11 38.00374152568189 0.000000000000000
 12 40.93568911767716 0.000000000000000

 spin=1 k-point=473/868 Cartesian=-0.04115226337448647 0.1646090534979439 -0.08230452674896974 (482 plane wave)
 1 1.614802111624681 0.002314814814814792
 2 7.627548996731845 0.001778702591708913
 3 13.66612458559096 0.000000000000000
 4 13.77227718167388 0.000000000000000
 5 19.92243772068372 0.000000000000000
 6 25.40547649129322 0.000000000000000
 7 26.53102489620632 0.000000000000000
 8 32.10185604365045 0.000000000000000
 9 32.34319746173275 0.000000000000000
 10 37.45430040697031 0.000000000000000
 11 39.18830976383498 0.000000000000000
 12 43.53817228610276 0.000000000000000

 spin=1 k-point=474/868 Cartesian=-0.06172839506172811 0.1851851851851855 -0.06172839506172810 (477 plane wave)
 1 2.552350129137650 0.002314814814814792
 2 7.070596484108086 0.002312158036826498
 3 11.70277827478593 0.000000000000000
 4 15.31880242281537 0.000000000000000
 5 17.20590087616394 0.000000000000000
 6 25.36276880892460 0.000000000000000
 7 29.08332580405559 0.000000000000000
 8 31.10468529008368 0.000000000000000
 9 34.54229005498445 0.000000000000000
 10 38.13167742849668 0.000000000000000
 11 40.47002683859108 0.000000000000000
 12 42.84269562374605 0.000000000000000

 spin=1 k-point=475/868 Cartesian=-0.08230452674896974 0.2057613168724272 -0.04115226337448646 (477 plane wave)
 1 3.856892160076037 0.002314814814814792
 2 6.871961457064518 0.002314449956396255
 3 10.02935337244993 2.847458851074086e-13
 4 12.94166710469046 0.000000000000000
 5 19.20788901739237 0.000000000000000
 6 25.17980657093758 0.000000000000000
 7 28.28760406881045 0.000000000000000
 8 33.77325453524131 0.000000000000000
 9 35.02396493302777 0.000000000000000
 10 37.41207875212893 0.000000000000000
 11 41.02492984369368 0.000000000000000
 12 43.68865324730518 0.000000000000000

 spin=1 k-point=476/868 Cartesian=-0.1028806584362149 0.2263374485596723 -0.02057613168724133 (476 plane wave)
 1 5.499607838746000 0.002314814814414722
 2 7.009835546871997 0.002313367040621555
 3 8.764429519466853 8.870266214804090e-08
 4 10.24105608031171 3.428025574567329e-14
 5 22.25732253205618 0.000000000000000
 6 25.27599637895819 0.000000000000000
 7 27.06225700896913 0.000000000000000
 8 30.23438054987611 0.000000000000000
 9 38.99041061153157 0.000000000000000
 10 40.45880784320426 0.000000000000000
 11 42.64733611062906 0.000000000000000
 12 44.09105637865387 0.000000000000000

 spin=1 k-point=477/868 Cartesian=-0.1234567901234565 0.2469135802469139 0.000000000000000 (488 plane wave)
 1 7.086127102774255 0.002311712255013526
 2 7.086127231838263 0.002311712251014601
 3 8.290157859044580 1.013407166818152e-05
 4 8.314017154201718 7.990392466195896e-06
 5 25.38385951138669 0.000000000000000
 6 25.38385952565778 0.000000000000000
 7 25.45446341565183 0.000000000000000
 8 27.90566195495122 0.000000000000000
 9 42.12760894153027 0.000000000000000
 10 43.98602876018437 0.000000000000000
 11 43.98602882242890 0.000000000000000
 12 43.99454849248773 0.000000000000000

 spin=1 k-point=478/868 Cartesian=-0.1028806584362149 -0.02057613168724132 0.2263374485596723 (476 plane wave)
 1 5.499607841194355 0.002314814814414722
 2 7.009835546064670 0.002313367040633236
 3 8.764429519001524 8.870266256078487e-08
 4 10.24105607806492 3.428025651587858e-14
 5 22.25732252633375 0.000000000000000
 6 25.27599638150100 0.000000000000000
 7 27.06225701770446 0.000000000000000
 8 30.23438054825417 0.000000000000000
 9 38.99041064819736 0.000000000000000
 10 40.45880777433018 0.000000000000000
 11 42.64733611886897 0.000000000000000
 12 44.09105639335572 0.000000000000000

 spin=1 k-point=479/868 Cartesian=-0.08230452674896974 -0.04115226337448646 0.2057613168724272 (477 plane wave)
 1 3.856892161928398 0.002314814814814792
 2 6.871961456145797 0.002314449956399606
 3 10.02935337337693 2.847458824678193e-13
 4 12.94166710027393 0.000000000000000
 5 19.20788901495560 0.000000000000000
 6 25.17980657425425 0.000000000000000
 7 28.28760407013648 0.000000000000000
 8 33.77325456630244 0.000000000000000
 9 35.02396491023362 0.000000000000000
 10 37.41207873477170 0.000000000000000
 11 41.02492984984351 0.000000000000000
 12 43.68865325661959 0.000000000000000

 spin=1 k-point=480/868 Cartesian=-0.06172839506172810 -0.06172839506172809 0.1851851851851855 (477 plane wave)
 1 2.552350130448877 0.002314814814814792
 2 7.070596483445263 0.002312158036844088
 3 11.70277827621135 0.000000000000000
 4 15.31880241574189 0.000000000000000
 5 17.20590087628529 0.000000000000000
 6 25.36276881358639 0.000000000000000
 7 29.08332579327531 0.000000000000000
 8 31.10468530948696 0.000000000000000
 9 34.54229004211864 0.000000000000000
 10 38.13167743878951 0.000000000000000
 11 40.47002683860014 0.000000000000000
 12 42.84269563644047 0.000000000000000

 spin=1 k-point=481/868 Cartesian=-0.04115226337448646 -0.08230452674896974 0.1646090534979439 (482 plane wave)
 1 1.614802112465545 0.002314814814814792
 2 7.627548996400603 0.001778702593073460
 3 13.66612458161173 0.000000000000000
 4 13.77227718498700 0.000000000000000
 5 19.92243771448898 0.000000000000000
 6 25.40547650018622 0.000000000000000
 7 26.53102488863321 0.000000000000000
 8 32.10185607688032 0.000000000000000
 9 32.34319743200444 0.000000000000000
 10 37.45430041624808 0.000000000000000
 11 39.18830976838786 0.000000000000000
 12 43.53817229417299 0.000000000000000

 spin=1 k-point=482/868 Cartesian=-0.02057613168724132 -0.1028806584362149 0.1440329218106988 (479 plane wave)
 1 1.050845561997099 0.002314814814814792
 2 8.522553593920557 9.959108484926202e-07
 3 11.73316695193627 0.000000000000000
 4 16.12365921915217 0.000000000000000
 5 22.23322559560931 0.000000000000000
 6 23.89695935847599 0.000000000000000
 7 26.93236071488851 0.000000000000000
 8 30.08340071557896 0.000000000000000
 9 33.09695754718566 0.000000000000000
 10 34.85204184565954 0.000000000000000
 11 38.00374153403979 0.000000000000000
 12 40.93568911432580 0.000000000000000

 spin=1 k-point=483/868 Cartesian=0.02057613168724226 0.1028806584362152 -0.1028806584362152 (481 plane wave)
 1 -0.4598603677038492 0.002314814814814792
 2 10.03124623068599 2.794067385132264e-13
 3 13.21230703802317 0.000000000000000
 4 19.79669348872405 0.000000000000000
 5 21.62022855414601 0.000000000000000
 6 24.59213007528787 0.000000000000000
 7 26.07972236508144 0.000000000000000
 8 27.61260926686130 0.000000000000000
 9 29.77522948632040 0.000000000000000
 10 33.42206999822527 0.000000000000000
 11 38.88031521403066 0.000000000000000
 12 41.12317197154141 0.000000000000000

 spin=1 k-point=484/868 Cartesian=0.000000000000000 0.1234567901234571 -0.08230452674897323 (480 plane wave)
 1 -0.3973286442779448 0.002314814814814792
 2 11.14720178141406 0.000000000000000
 3 12.21822732241922 0.000000000000000
 4 17.68034722925783 0.000000000000000
 5 23.33779528767824 0.000000000000000
 6 23.41201695705285 0.000000000000000
 7 25.01573999702955 0.000000000000000
 8 29.43534032543325 0.000000000000000
 9 31.05478000551453 0.000000000000000
 10 36.06355536972593 0.000000000000000
 11 36.46797065106362 0.000000000000000
 12 41.81113309937859 0.000000000000000

 spin=1 k-point=485/868 Cartesian=-0.02057613168724483 0.1440329218107023 -0.06172839506172810 (477 plane wave)
 1 0.04239787801731858 0.002314814814814792
 2 10.52403502805752 2.023400240230402e-15
 3 13.64939495326147 0.000000000000000
 4 15.18847965279801 0.000000000000000
 5 19.79745232831501 0.000000000000000
 6 22.94622765016278 0.000000000000000
 7 27.46577493419896 0.000000000000000
 8 31.95702818745996 0.000000000000000
 9 33.54337860996726 0.000000000000000
 10 35.38613373874012 0.000000000000000
 11 39.37333981120448 0.000000000000000
 12 41.62663622273621 0.000000000000000

 spin=1 k-point=486/868 Cartesian=-0.04115226337448647 0.1646090534979439 -0.04115226337448646 (472 plane wave)
 1 0.8583434250160177 0.002314814814814792
 2 9.863911481369579 1.489232948775552e-12
 3 13.01426679362001 0.000000000000000
 4 15.13224574649392 0.000000000000000
 5 16.97476155937780 0.000000000000000
 6 22.30421269379844 0.000000000000000
 7 30.38564736509760 0.000000000000000
 8 32.33704409150142 0.000000000000000
 9 34.34540139502568 0.000000000000000
 10 39.30623420523673 0.000000000000000
 11 41.44074632844222 0.000000000000000
 12 42.41872944738915 0.000000000000000

 spin=1 k-point=487/868 Cartesian=-0.06172839506172809 0.1851851851851855 -0.02057613168724483 (476 plane wave)
 1 2.048052937819930 0.002314814814814792
 2 9.516477920843966 4.806708427207042e-11
 3 11.20714254724004 0.000000000000000
 4 12.65436355330490 0.000000000000000
 5 18.82074246892459 0.000000000000000
 6 22.04849463270751 0.000000000000000
 7 29.42691122363586 0.000000000000000
 8 35.52684596058612 0.000000000000000
 9 36.94381528741641 0.000000000000000
 10 38.30833068079335 0.000000000000000
 11 40.64569015053953 0.000000000000000
 12 41.87222714067642 0.000000000000000

 spin=1 k-point=488/868 Cartesian=-0.08230452674897323 0.2057613168724307 0.000000000000000 (472 plane wave)
 1 3.604763525416033 0.002314814814814792
 2 9.116650831639225 2.619839629369262e-09
 3 9.780184875728830 3.440192567004553e-12
 4 10.24561057294484 3.275398443131335e-14
 5 21.32791929316064 0.000000000000000
 6 22.56040235850210 0.000000000000000
 7 28.07117911292205 0.000000000000000
 8 34.03134992466043 0.000000000000000
 9 38.98282269443296 0.000000000000000
 10 40.16673438653680 0.000000000000000
 11 40.63933937740688 0.000000000000000
 12 41.56353484413721 0.000000000000000

 spin=1 k-point=489/868 Cartesian=-0.1028806584362149 0.2263374485596723 0.02057613168724193 (476 plane wave)
 1 5.499607838063661 0.002314814814414722
 2 7.009835549230464 0.002313367040587431
 3 8.764429518872626 8.870266267511562e-08
 4 10.24105607866184 3.428025631125438e-14
 5 22.25732253035015 0.000000000000000
 6 25.27599638325735 0.000000000000000
 7 27.06225700849724 0.000000000000000
 8 30.23438054992473 0.000000000000000
 9 38.99041063239574 0.000000000000000
 10 40.45880779832159 0.000000000000000
 11 42.64733610660126 0.000000000000000
 12 44.09105640047014 0.000000000000000

 spin=1 k-point=490/868 Cartesian=-0.1234567901234565 0.000000000000000 0.2057613168724307 (479 plane wave)
 1 4.863363038662765 0.002314814814814101
 2 7.340137601994970 0.002276077695558460
 3 8.550081604448490 7.563325106198115e-07
 4 11.01289310592267 0.000000000000000
 5 23.05312350199667 0.000000000000000
 6 25.63455018229526 0.000000000000000
 7 26.75466692793425 0.000000000000000
 8 29.60614309310852 0.000000000000000
 9 37.69213576077005 0.000000000000000
 10 39.26549115121983 0.000000000000000
 11 41.42640900506353 0.000000000000000
 12 42.13228471848456 0.000000000000000

 spin=1 k-point=491/868 Cartesian=-0.1028806584362114 -0.02057613168724482 0.1851851851851855 (482 plane wave)
 1 3.055900505820965 0.002314814814814792
 2 7.514445783339415 0.002109624698542912
 3 10.73927477830354 0.000000000000000
 4 12.19167687939877 0.000000000000000
 5 22.66144411338414 0.000000000000000
 6 24.30646204502129 0.000000000000000
 7 26.24638551347009 0.000000000000000
 8 33.27131711889419 0.000000000000000
 9 35.20103378559166 0.000000000000000
 10 36.53880514413342 0.000000000000000
 11 38.94092544953833 0.000000000000000
 12 42.88367671996009 0.000000000000000

 spin=1 k-point=492/868 Cartesian=-0.08230452674896974 -0.04115226337448646 0.1646090534979439 (482 plane wave)
 1 1.614802112428446 0.002314814814814792
 2 7.627548996431328 0.001778702592946893
 3 13.66612456044584 0.000000000000000
 4 13.77227720670848 0.000000000000000
 5 19.92243771360442 0.000000000000000
 6 25.40547650865685 0.000000000000000
 7 26.53102487912265 0.000000000000000
 8 32.10185606250677 0.000000000000000
 9 32.34319744877073 0.000000000000000
 10 37.45430041578094 0.000000000000000
 11 39.18830976635489 0.000000000000000
 12 43.53817229983758 0.000000000000000

 spin=1 k-point=493/868 Cartesian=-0.06172839506172810 -0.06172839506172810 0.1440329218107023 (481 plane wave)
 1 0.5469647003215589 0.002314814814814792
 2 8.077217151546900 8.254849759315148e-05
 3 15.66674391265190 0.000000000000000
 4 16.32820636672376 0.000000000000000
 5 18.15417981692039 0.000000000000000
 6 26.13061232986206 0.000000000000000
 7 27.05365568378913 0.000000000000000
 8 29.29514261445723 0.000000000000000
 9 29.72564917223630 0.000000000000000
 10 37.63225196226021 0.000000000000000
 11 39.93651642190093 0.000000000000000
 12 42.33513988085191 0.000000000000000

 spin=1 k-point=494/868 Cartesian=0.04115226337448358 0.08230452674897386 -0.1234567901234565 (479 plane wave)
 1 -0.1449699917099610 0.002314814814814792
 2 8.884846999429261 2.660612981889301e-08
 3 14.92608267624714 0.000000000000000
 4 17.91585181180416 0.000000000000000
 5 21.06475919324771 0.000000000000000
 6 24.19734281202338 0.000000000000000
 7 26.74843992882306 0.000000000000000
 8 27.91927864352458 0.000000000000000
 9 30.51240021522815 0.000000000000000
 10 33.71423136487409 0.000000000000000
 11 39.71405687007820 0.000000000000000
 12 42.00978833025061 0.000000000000000

 spin=1 k-point=495/868 Cartesian=0.04115226337448740 0.08230452674897004 -0.08230452674897004 (483 plane wave)
 1 -1.405370603774748 0.002314814814814792
 2 10.63903155709593 0.000000000000000
 3 16.62450569774928 0.000000000000000
 4 21.33746870124842 0.000000000000000
 5 22.65633492858497 0.000000000000000
 6 23.31300938945253 0.000000000000000
 7 24.17798791671062 0.000000000000000
 8 28.19293491163561 0.000000000000000
 9 28.70058561592537 0.000000000000000
 10 30.73594199410356 0.000000000000000
 11 35.75314696005420 0.000000000000000
 12 41.22397245276614 0.000000000000000

 spin=1 k-point=496/868 Cartesian=0.02057613168724546 0.1028806584362120 -0.06172839506172810 (481 plane wave)
 1 -1.468769190670314 0.002314814814814792
 2 12.03172627372295 0.000000000000000
 3 15.13548352431501 0.000000000000000
 4 19.57442655045829 0.000000000000000
 5 21.23964953641859 0.000000000000000
 6 24.16471256817632 0.000000000000000
 7 26.07178313265010 0.000000000000000
 8 27.57598263333680 0.000000000000000
 9 30.52461351555450 0.000000000000000
 10 32.51078364139173 0.000000000000000
 11 36.56732913421931 0.000000000000000
 12 38.52562622934779 0.000000000000000

 spin=1 k-point=497/868 Cartesian=0.000000000000000 0.1234567901234571 -0.04115226337448296 (481 plane wave)
 1 -1.154233230523664 0.002314814814814792
 2 13.42408245893766 0.000000000000000
 3 14.29857372976769 0.000000000000000
 4 16.99234939958187 0.000000000000000
 5 19.55250108183819 0.000000000000000
 6 20.92375880035997 0.000000000000000
 7 29.14639025129589 0.000000000000000
 8 31.62474573511007 0.000000000000000
 9 32.82794012144427 0.000000000000000
 10 35.29501406202190 0.000000000000000
 11 35.56035500539280 0.000000000000000
 12 38.10038820501347 0.000000000000000

 spin=1 k-point=498/868 Cartesian=-0.02057613168724132 0.1440329218106988 -0.02057613168724132 (478 plane wave)
 1 -0.4622404996885445 0.002314814814814792
 2 12.97001421532100 0.000000000000000
 3 14.69971021333394 0.000000000000000
 4 15.32445574444034 0.000000000000000
 5 16.97629953948013 0.000000000000000
 6 19.76603167008863 0.000000000000000
 7 32.01734248478314 0.000000000000000
 8 33.64994212924104 0.000000000000000
 9 34.53208868532273 0.000000000000000
 10 36.43855200041012 0.000000000000000
 11 38.29715450830938 0.000000000000000
 12 38.71806839879841 0.000000000000000

 spin=1 k-point=499/868 Cartesian=-0.04115226337448296 0.1646090534979404 0.000000000000000 (476 plane wave)
 1 0.6060520300525355 0.002314814814814792
 2 12.15603142195164 0.000000000000000
 3 12.76316526523822 0.000000000000000
 4 13.06765068767101 0.000000000000000
 5 18.28918493919751 0.000000000000000
 6 19.79823362693990 0.000000000000000
 7 30.90890509741377 0.000000000000000
 8 35.98225703560689 0.000000000000000
 9 37.18881785775143 0.000000000000000
 10 37.58991630086642 0.000000000000000
 11 37.60264896031814 0.000000000000000
 12 42.81609792322700 0.000000000000000

 spin=1 k-point=500/868 Cartesian=-0.06172839506172809 0.1851851851851855 0.02057613168724546 (476 plane wave)
 1 2.048052937679284 0.002314814814814792
 2 9.516477921066727 4.806708416499527e-11
 3 11.20714255111480 0.000000000000000
 4 12.65436354797390 0.000000000000000
 5 18.82074246992098 0.000000000000000
 6 22.04849463388449 0.000000000000000
 7 29.42691122521927 0.000000000000000
 8 35.52684598905359 0.000000000000000
 9 36.94381525063765 0.000000000000000
 10 38.30833065760369 0.000000000000000
 11 40.64569017593738 0.000000000000000
 12 41.87222713617056 0.000000000000000

 spin=1 k-point=501/868 Cartesian=-0.08230452674896971 0.2057613168724272 0.04115226337448707 (477 plane wave)
 1 3.856892159577270 0.002314814814814792
 2 6.871961458456651 0.002314449956391176
 3 10.02935337351270 2.847458820812285e-13
 4 12.94166710071022 0.000000000000000
 5 19.20788901831037 0.000000000000000
 6 25.17980657415297 0.000000000000000
 7 28.28760407049804 0.000000000000000
 8 33.77325455685187 0.000000000000000
 9 35.02396490815453 0.000000000000000
 10 37.41207873793602 0.000000000000000
 11 41.02492984697456 0.000000000000000
 12 43.68865324580835 0.000000000000000

 spin=1 k-point=502/868 Cartesian=-0.1440329218107017 0.02057613168724546 0.1851851851851855 (477 plane wave)
 1 4.564513249532559 0.002314814814814757
 2 6.004741758352266 0.002314814752311254
 3 9.262644773279815 6.084589684935728e-10
 4 13.62511308539137 0.000000000000000
 5 19.90670201716800 0.000000000000000
 6 27.19545988337651 0.000000000000000
 7 28.83789660626311 0.000000000000000
 8 30.59047279264538 0.000000000000000
 9 33.74211258929522 0.000000000000000
 10 36.79534594720126 0.000000000000000
 11 38.78681920526743 0.000000000000000
 12 44.38490589000266 0.000000000000000

 spin=1 k-point=503/868 Cartesian=-0.1234567901234565 0.000000000000000 0.1646090534979404 (476 plane wave)
 1 2.621822459649561 0.002314814814814792
 2 8.102052842269989 6.490355648752265e-05
 3 9.291922372417277 4.540255541783118e-10
 4 14.68811516286424 0.000000000000000
 5 20.94662819776103 0.000000000000000
 6 26.38160077102409 0.000000000000000
 7 27.45362424601521 0.000000000000000
 8 32.47699028760644 0.000000000000000
 9 32.50327179611558 0.000000000000000
 10 34.87053888284430 0.000000000000000
 11 39.11892741181568 0.000000000000000
 12 39.99163721136190 0.000000000000000

 spin=1 k-point=504/868 Cartesian=-0.1028806584362149 -0.02057613168724132 0.1440329218106988 (479 plane wave)
 1 1.050845561922364 0.002314814814814792
 2 8.522553594077092 9.959108469343538e-07
 3 11.73316695100418 0.000000000000000
 4 16.12365922108751 0.000000000000000
 5 22.23322559465005 0.000000000000000
 6 23.89695936066010 0.000000000000000
 7 26.93236071076442 0.000000000000000
 8 30.08340071560708 0.000000000000000
 9 33.09695755264054 0.000000000000000
 10 34.85204184151726 0.000000000000000
 11 38.00374153373200 0.000000000000000
 12 40.93568911514875 0.000000000000000

 spin=1 k-point=505/868 Cartesian=0.08230452674897386 0.04115226337448358 -0.1234567901234565 (479 plane wave)
 1 -0.1449699917391083 0.002314814814814792
 2 8.884846999453817 2.660612981235987e-08
 3 14.92608267457913 0.000000000000000
 4 17.91585181606651 0.000000000000000
 5 21.06475919026143 0.000000000000000
 6 24.19734281568111 0.000000000000000
 7 26.74843991761121 0.000000000000000
 8 27.91927865038864 0.000000000000000
 9 30.51240021942310 0.000000000000000
 10 33.71423135979511 0.000000000000000
 11 39.71405687600919 0.000000000000000
 12 42.00978832792608 0.000000000000000

 spin=1 k-point=506/868 Cartesian=0.06172839506172872 0.06172839506172872 -0.1028806584362114 (484 plane wave)
 1 -0.9639918279344420 0.002314814814814792
 2 9.583720367890221 2.453677467147589e-11
 3 17.83783614917155 0.000000000000000
 4 19.33278017256479 0.000000000000000
 5 20.18241353920998 0.000000000000000
 6 25.12729399144974 0.000000000000000
 7 25.53006495675466 0.000000000000000
 8 27.00402647884913 0.000000000000000
 9 28.56843180901585 0.000000000000000
 10 33.16229478411537 0.000000000000000
 11 35.81778925610107 0.000000000000000
 12 43.88948135102991 0.000000000000000

 spin=1 k-point=507/868 Cartesian=0.08230452674897035 0.08230452674897035 -0.08230452674897035 (492 plane wave)
 1 -0.6484099067168654 0.002314814814814792
 2 8.401285986152210 3.345321964814034e-06
 3 19.59884381418008 0.000000000000000
 4 19.59884383307258 0.000000000000000
 5 22.48537596534040 0.000000000000000
 6 22.89572506243928 0.000000000000000
 7 22.89572509038080 0.000000000000000
 8 25.56897153212443 0.000000000000000
 9 31.96429903237631 0.000000000000000
 10 31.96429903632641 0.000000000000000
 11 35.50736317085816 0.000000000000000
 12 45.68395567715016 0.000000000000000

 spin=1 k-point=508/868 Cartesian=0.06172839506172841 0.1028806584362123 -0.06172839506172841 (484 plane wave)
 1 -0.9639918279140588 0.002314814814814792
 2 9.583720367941179 2.453677465897209e-11
 3 17.83783615407074 0.000000000000000
 4 19.33278014419401 0.000000000000000
 5 20.18241356731410 0.000000000000000
 6 25.12729398832152 0.000000000000000
 7 25.53006494449982 0.000000000000000
 8 27.00402648060803 0.000000000000000
 9 28.56843182035487 0.000000000000000
 10 33.16229478683253 0.000000000000000
 11 35.81778925055546 0.000000000000000
 12 43.88948122821969 0.000000000000000

 spin=1 k-point=509/868 Cartesian=0.04115226337448327 0.1234567901234574 -0.04115226337448327 (481 plane wave)
 1 -0.9018270328405843 0.002314814814814792
 2 11.12074545541334 0.000000000000000
 3 16.39670391957363 0.000000000000000
 4 17.20927068554622 0.000000000000000
 5 18.19033242320549 0.000000000000000
 6 23.43954208943603 0.000000000000000
 7 28.59385171326317 0.000000000000000
 8 29.63149216220252 0.000000000000000
 9 30.62979202696270 0.000000000000000
 10 34.71575021099075 0.000000000000000
 11 37.00742052397808 0.000000000000000
 12 41.01042483719725 0.000000000000000

 spin=1 k-point=510/868 Cartesian=0.02057613168724164 0.1440329218106991 -0.02057613168724164 (478 plane wave)
 1 -0.4622404995127151 0.002314814814814792
 2 12.97001421834970 0.000000000000000
 3 14.69971021400328 0.000000000000000
 4 15.32445573802573 0.000000000000000
 5 16.97629953864472 0.000000000000000
 6 19.76603167259002 0.000000000000000
 7 32.01734244677745 0.000000000000000
 8 33.64994222086685 0.000000000000000
 9 34.53208861814084 0.000000000000000
 10 36.43855205048560 0.000000000000000
 11 38.29715450072003 0.000000000000000
 12 38.71806838456017 0.000000000000000

 spin=1 k-point=511/868 Cartesian=0.000000000000000 0.1646090534979407 0.000000000000000 (480 plane wave)
 1 0.3537399222697672 0.002314814814814792
 2 12.52120109770082 0.000000000000000
 3 14.62858718600954 0.000000000000000
 4 14.62858719338646 0.000000000000000
 5 15.31042311865084 0.000000000000000
 6 17.76528648569104 0.000000000000000
 7 35.30749753821141 0.000000000000000
 8 36.38439524359502 0.000000000000000
 9 36.38439527715584 0.000000000000000
 10 38.73871343473994 0.000000000000000
 11 39.45596653369358 0.000000000000000
 12 39.45596656671910 0.000000000000000

 spin=1 k-point=512/868 Cartesian=-0.02057613168724514 0.1851851851851858 0.02057613168724514 (469 plane wave)
 1 1.543664257977303 0.002314814814814792
 2 10.71163841289839 0.000000000000000
 3 11.96245426780104 0.000000000000000
 4 14.31121382249193 0.000000000000000
 5 15.98724937222930 0.000000000000000
 6 18.83277419902900 0.000000000000000
 7 34.07168928564959 0.000000000000000
 8 35.79861683806625 0.000000000000000
 9 39.28604342916422 0.000000000000000
 10 39.88345193689279 0.000000000000000
 11 42.14247048000419 0.000000000000000
 12 42.15497375957488 0.000000000000000

 spin=1 k-point=513/868 Cartesian=-0.04115226337448676 0.2057613168724275 0.04115226337448676 (472 plane wave)
 1 3.100702805504084 0.002314814814814792
 2 9.108515116534704 2.841892435487993e-09
 3 9.284171225720165 4.906175743530691e-10
 4 14.37291386085987 0.000000000000000
 5 16.24712660027274 0.000000000000000
 6 21.60369778746661 0.000000000000000
 7 32.67217296629832 0.000000000000000
 8 34.44992698010284 0.000000000000000
 9 38.68764541586906 0.000000000000000
 10 39.25159130101056 0.000000000000000
 11 41.33542396205496 0.000000000000000
 12 44.30788941428658 0.000000000000000

 spin=1 k-point=514/868 Cartesian=-0.1851851851851852 0.02057613168724577 0.1851851851851852 (476 plane wave)
 1 4.995532219091377 0.002314814814812204
 2 6.566665064925991 0.002314797584076442
 3 8.269674252746732 1.242542257530760e-05
 4 14.81348764987696 0.000000000000000
 5 16.72636082715967 0.000000000000000
 6 24.92968465287049 0.000000000000000
 7 31.61637261347989 0.000000000000000
 8 33.17246739810177 0.000000000000000
 9 34.65205199832792 0.000000000000000
 10 37.04943414648472 0.000000000000000
 11 40.49787894643071 0.000000000000000
 12 46.33869215984976 0.000000000000000

 spin=1 k-point=515/868 Cartesian=0.1646090534979401 0.000000000000000 -0.1646090534979401 (466 plane wave)
 1 4.379642193611990 0.002314814814814786
 2 6.832337196636400 0.002314569309584923
 3 8.062932040601599 9.470587408445634e-05
 4 15.63183032081733 0.000000000000000
 5 17.54436266326877 0.000000000000000
 6 28.56560355096914 0.000000000000000
 7 30.84715548777270 0.000000000000000
 8 31.01889805396400 0.000000000000000
 9 31.57330099136520 0.000000000000000
 10 34.56649056965895 0.000000000000000
 11 40.86265763010668 0.000000000000000
 12 41.62373012657635 0.000000000000000

 spin=1 k-point=516/868 Cartesian=0.1440329218106985 0.02057613168724225 -0.1440329218106985 (479 plane wave)
 1 2.560737943848953 0.002314814814814792
 2 7.013155709506231 0.002313318196870766
 3 10.25580052748738 2.958078651414505e-14
 4 16.82460966676698 0.000000000000000
 5 18.71309430128508 0.000000000000000
 6 27.58562927843139 0.000000000000000
 7 29.02761871098164 0.000000000000000
 8 30.62650292648249 0.000000000000000
 9 31.91864773946104 0.000000000000000
 10 33.96371981065923 0.000000000000000
 11 36.79588923147919 0.000000000000000
 12 42.40430307015541 0.000000000000000

 spin=1 k-point=517/868 Cartesian=0.1234567901234568 0.04115226337448389 -0.1234567901234568 (483 plane wave)
 1 1.114931129598162 0.002314814814814792
 2 7.129633900784997 0.002310024647655577
 3 13.24120216410624 0.000000000000000
 4 18.37915973938926 0.000000000000000
 5 20.21435163041965 0.000000000000000
 6 24.63588871853578 0.000000000000000
 7 26.41344949851560 0.000000000000000
 8 30.69364991224988 0.000000000000000
 9 31.21074443105798 0.000000000000000
 10 33.22367210175152 0.000000000000000
 11 38.07232125689599 0.000000000000000
 12 43.18380684710093 0.000000000000000

 spin=1 k-point=518/868 Cartesian=0.1028806584362117 0.06172839506172903 -0.1028806584362117 (484 plane wave)
 1 0.04477845658591906 0.002314814814814792
 2 7.583676406572055 0.001938114838452718
 3 16.55586508742478 0.000000000000000
 4 20.16804215466071 0.000000000000000
 5 21.92719592955059 0.000000000000000
 6 22.20828514864844 0.000000000000000
 7 24.11773430316244 0.000000000000000
 8 27.66601122892632 0.000000000000000
 9 31.14005903488735 0.000000000000000
 10 33.11838074585661 0.000000000000000
 11 38.71906545628351 0.000000000000000
 12 42.61211743086258 0.000000000000000

 spin=1 k-point=519/868 Cartesian=0.1028806584362123 0.06172839506172841 -0.06172839506172841 (484 plane wave)
 1 -0.9639918279260978 0.002314814814814792
 2 9.583720367907494 2.453677466723723e-11
 3 17.83783614931621 0.000000000000000
 4 19.33278016115927 0.000000000000000
 5 20.18241355391623 0.000000000000000
 6 25.12729399119237 0.000000000000000
 7 25.53006494697066 0.000000000000000
 8 27.00402648194709 0.000000000000000
 9 28.56843181362466 0.000000000000000
 10 33.16229478382436 0.000000000000000
 11 35.81778925558454 0.000000000000000
 12 43.88948124606169 0.000000000000000

 spin=1 k-point=520/868 Cartesian=0.08230452674897035 0.08230452674897035 -0.04115226337448646 (483 plane wave)
 1 -1.405370603759503 0.002314814814814792
 2 10.63903155713119 0.000000000000000
 3 16.62450569878508 0.000000000000000
 4 21.33746867799358 0.000000000000000
 5 22.65633496141668 0.000000000000000
 6 23.31300939811851 0.000000000000000
 7 24.17798789754062 0.000000000000000
 8 28.19293491374705 0.000000000000000
 9 28.70058561255650 0.000000000000000
 10 30.73594199502616 0.000000000000000
 11 35.75314696038082 0.000000000000000
 12 41.22397246671580 0.000000000000000

 spin=1 k-point=521/868 Cartesian=0.06172839506172521 0.1028806584362155 -0.02057613168724132 (481 plane wave)
 1 -1.468769190647901 0.002314814814814792
 2 12.03172627379429 0.000000000000000
 3 15.13548352515664 0.000000000000000
 4 19.57442654460903 0.000000000000000
 5 21.23964954100478 0.000000000000000
 6 24.16471256407398 0.000000000000000
 7 26.07178314287131 0.000000000000000
 8 27.57598263075185 0.000000000000000
 9 30.52461350888498 0.000000000000000
 10 32.51078364381836 0.000000000000000
 11 36.56732913426384 0.000000000000000
 12 38.52562624057028 0.000000000000000

 spin=1 k-point=522/868 Cartesian=0.04115226337448358 0.1234567901234571 0.000000000000000 (481 plane wave)
 1 -1.154233230494638 0.002314814814814792
 2 13.42408245927724 0.000000000000000
 3 14.29857373037365 0.000000000000000
 4 16.99234939720402 0.000000000000000
 5 19.55250108284422 0.000000000000000
 6 20.92375880014059 0.000000000000000
 7 29.14639025076793 0.000000000000000
 8 31.62474573966098 0.000000000000000
 9 32.82794011819794 0.000000000000000
 10 35.29501405252547 0.000000000000000
 11 35.56035501702784 0.000000000000000
 12 38.10038821056659 0.000000000000000

 spin=1 k-point=523/868 Cartesian=0.02057613168724195 0.1440329218106988 0.02057613168724195 (478 plane wave)
 1 -0.4622404996534608 0.002314814814814792
 2 12.97001421600586 0.000000000000000
 3 14.69971021233311 0.000000000000000
 4 15.32445574475112 0.000000000000000
 5 16.97629953884252 0.000000000000000
 6 19.76603167029723 0.000000000000000
 7 32.01734247711364 0.000000000000000
 8 33.64994214471166 0.000000000000000
 9 34.53208867739922 0.000000000000000
 10 36.43855201884021 0.000000000000000
 11 38.29715449333085 0.000000000000000
 12 38.71806838835838 0.000000000000000

 spin=1 k-point=524/868 Cartesian=0.000000000000000 0.1646090534979439 0.04115226337448708 (476 plane wave)
 1 0.6060520300917883 0.002314814814814792
 2 12.15603142121701 0.000000000000000
 3 12.76316526988053 0.000000000000000
 4 13.06765068359193 0.000000000000000
 5 18.28918493895621 0.000000000000000
 6 19.79823362689913 0.000000000000000
 7 30.90890509762044 0.000000000000000
 8 35.98225704228822 0.000000000000000
 9 37.18881784506726 0.000000000000000
 10 37.58991628948319 0.000000000000000
 11 37.60264897842956 0.000000000000000
 12 42.81609792388556 0.000000000000000

 spin=1 k-point=525/868 Cartesian=-0.02057613168724481 0.1851851851851855 0.06172839506172869 (476 plane wave)
 1 2.048052937718364 0.002314814814814792
 2 9.516477920917723 4.806708423661784e-11
 3 11.20714255171344 0.000000000000000
 4 12.65436354736221 0.000000000000000
 5 18.82074246986481 0.000000000000000
 6 22.04849463349004 0.000000000000000
 7 29.42691122696798 0.000000000000000
 8 35.52684599308021 0.000000000000000
 9 36.94381524269973 0.000000000000000
 10 38.30833065728976 0.000000000000000
 11 40.64569017651392 0.000000000000000
 12 41.87222713915134 0.000000000000000

 spin=1 k-point=526/868 Cartesian=0.2057613168724272 -0.04115226337448646 -0.1646090534979433 (477 plane wave)
 1 3.856892159601674 0.002314814814814792
 2 6.871961458427680 0.002314449956391282
 3 10.02935337362489 2.847458817617709e-13
 4 12.94166710050763 0.000000000000000
 5 19.20788901825681 0.000000000000000
 6 25.17980657282083 0.000000000000000
 7 28.28760407389352 0.000000000000000
 8 33.77325456076163 0.000000000000000
 9 35.02396490098603 0.000000000000000
 10 37.41207873669492 0.000000000000000
 11 41.02492984768741 0.000000000000000
 12 43.68865324737028 0.000000000000000

 spin=1 k-point=527/868 Cartesian=0.1851851851851820 -0.02057613168724131 -0.1440329218106981 (477 plane wave)
 1 4.564513249489841 0.002314814814814757
 2 6.004741758385099 0.002314814752311254
 3 9.262644773295097 6.084589684005967e-10
 4 13.62511308531184 0.000000000000000
 5 19.90670201719229 0.000000000000000
 6 27.19545988085286 0.000000000000000
 7 28.83789661282433 0.000000000000000
 8 30.59047279128831 0.000000000000000
 9 33.74211258541184 0.000000000000000
 10 36.79534594598103 0.000000000000000
 11 38.78681920699125 0.000000000000000
 12 44.38490588968904 0.000000000000000

 spin=1 k-point=528/868 Cartesian=0.1646090534979404 0.000000000000000 -0.1234567901234565 (476 plane wave)
 1 2.621822459634504 0.002314814814814792
 2 8.102052842249410 6.490355650050498e-05
 3 9.291922372366013 4.540255544110662e-10
 4 14.68811516288643 0.000000000000000
 5 20.94662819825843 0.000000000000000
 6 26.38160077123366 0.000000000000000
 7 27.45362424564833 0.000000000000000
 8 32.47699028733655 0.000000000000000
 9 32.50327179593567 0.000000000000000
 10 34.87053888267505 0.000000000000000
 11 39.11892741189934 0.000000000000000
 12 39.99163721118307 0.000000000000000

 spin=1 k-point=529/868 Cartesian=0.1440329218106988 0.02057613168724194 -0.1028806584362149 (479 plane wave)
 1 1.050845561915811 0.002314814814814792
 2 8.522553594072900 9.959108469760962e-07
 3 11.73316695071568 0.000000000000000
 4 16.12365922127623 0.000000000000000
 5 22.23322559985768 0.000000000000000
 6 23.89695935471675 0.000000000000000
 7 26.93236071061258 0.000000000000000
 8 30.08340071555698 0.000000000000000
 9 33.09695755436921 0.000000000000000
 10 34.85204184249573 0.000000000000000
 11 38.00374153163210 0.000000000000000
 12 40.93568911503048 0.000000000000000

 spin=1 k-point=530/868 Cartesian=0.1234567901234536 0.04115226337448709 -0.08230452674896972 (479 plane wave)
 1 -0.1449699917382835 0.002314814814814792
 2 8.884846999458530 2.660612981110598e-08
 3 14.92608267365958 0.000000000000000
 4 17.91585181633853 0.000000000000000
 5 21.06475919584550 0.000000000000000
 6 24.19734280829661 0.000000000000000
 7 26.74843991376189 0.000000000000000
 8 27.91927865617341 0.000000000000000
 9 30.51240022092782 0.000000000000000
 10 33.71423135975780 0.000000000000000
 11 39.71405687570380 0.000000000000000
 12 42.00978832534107 0.000000000000000

 spin=1 k-point=531/868 Cartesian=0.1234567901234574 0.04115226337448327 -0.04115226337448327 (481 plane wave)
 1 -0.9018270328580763 0.002314814814814792
 2 11.12074545526667 0.000000000000000
 3 16.39670391612156 0.000000000000000
 4 17.20927069187826 0.000000000000000
 5 18.19033242014358 0.000000000000000
 6 23.43954209227995 0.000000000000000
 7 28.59385171429605 0.000000000000000
 8 29.63149216361777 0.000000000000000
 9 30.62979201911586 0.000000000000000
 10 34.71575020587859 0.000000000000000
 11 37.00742053388998 0.000000000000000
 12 41.01042484253314 0.000000000000000

 spin=1 k-point=532/868 Cartesian=0.1028806584362155 0.06172839506172521 -0.02057613168724133 (481 plane wave)
 1 -1.468769190650955 0.002314814814814792
 2 12.03172627367091 0.000000000000000
 3 15.13548352502435 0.000000000000000
 4 19.57442654506402 0.000000000000000
 5 21.23964953996374 0.000000000000000
 6 24.16471256957393 0.000000000000000
 7 26.07178313962365 0.000000000000000
 8 27.57598262932799 0.000000000000000
 9 30.52461350626243 0.000000000000000
 10 32.51078364466870 0.000000000000000
 11 36.56732913531165 0.000000000000000
 12 38.52562624367507 0.000000000000000

 spin=1 k-point=533/868 Cartesian=0.08230452674897035 0.08230452674897035 0.000000000000000 (487 plane wave)
 1 -1.657813826815864 0.002314814814814792
 2 12.92205559150806 0.000000000000000
 3 13.91872806855042 0.000000000000000
 4 21.52220136767809 0.000000000000000
 5 23.36038425882698 0.000000000000000
 6 24.76103954775171 0.000000000000000
 7 25.14501704542354 0.000000000000000
 8 25.48776299285678 0.000000000000000
 9 28.03318086796714 0.000000000000000
 10 34.70259076563422 0.000000000000000
 11 35.11695249736957 0.000000000000000
 12 37.59201564186701 0.000000000000000

 spin=1 k-point=534/868 Cartesian=0.06172839506172871 0.1028806584362120 0.02057613168724545 (481 plane wave)
 1 -1.468769190785985 0.002314814814814792
 2 12.03172627256405 0.000000000000000
 3 15.13548352830532 0.000000000000000
 4 19.57442652738851 0.000000000000000
 5 21.23964956995284 0.000000000000000
 6 24.16471254301374 0.000000000000000
 7 26.07178317182343 0.000000000000000
 8 27.57598261029803 0.000000000000000
 9 30.52461351212863 0.000000000000000
 10 32.51078363248855 0.000000000000000
 11 36.56732910586167 0.000000000000000
 12 38.52562629624123 0.000000000000000

 spin=1 k-point=535/868 Cartesian=0.04115226337448708 0.1234567901234536 0.04115226337448708 (481 plane wave)
 1 -0.9018270331257130 0.002314814814814792
 2 11.12074545441541 0.000000000000000
 3 16.39670392542931 0.000000000000000
 4 17.20927066877625 0.000000000000000
 5 18.19033244232090 0.000000000000000
 6 23.43954208256197 0.000000000000000
 7 28.59385173916231 0.000000000000000
 8 29.63149214957542 0.000000000000000
 9 30.62979201554844 0.000000000000000
 10 34.71575018740519 0.000000000000000
 11 37.00742053294832 0.000000000000000
 12 41.01042483766393 0.000000000000000

 spin=1 k-point=536/868 Cartesian=0.02057613168724194 0.1440329218106988 0.06172839506173221 (477 plane wave)
 1 0.04239787782769496 0.002314814814814792
 2 10.52403502838351 2.023400233634408e-15
 3 13.64939494306593 0.000000000000000
 4 15.18847966803886 0.000000000000000
 5 19.79745232342979 0.000000000000000
 6 22.94622765251954 0.000000000000000
 7 27.46577493028722 0.000000000000000
 8 31.95702816364077 0.000000000000000
 9 33.54337865763274 0.000000000000000
 10 35.38613371646171 0.000000000000000
 11 39.37333982533485 0.000000000000000
 12 41.62663618714404 0.000000000000000

 spin=1 k-point=537/868 Cartesian=0.000000000000000 0.1646090534979404 0.08230452674897384 (481 plane wave)
 1 1.362573064981192 0.002314814814814792
 2 9.878294991559931 1.289721174057327e-12
 3 10.98754221165671 0.000000000000000
 4 13.50321319874262 0.000000000000000
 5 22.08425104604832 0.000000000000000
 6 23.11279624279791 0.000000000000000
 7 25.98737514918030 0.000000000000000
 8 34.16830368698482 0.000000000000000
 9 35.33938360169088 0.000000000000000
 10 37.29794168038884 0.000000000000000
 11 37.91664873292051 0.000000000000000
 12 39.54296700645162 0.000000000000000

 spin=1 k-point=538/868 Cartesian=0.2263374485596723 -0.06172839506173160 -0.1440329218106981 (482 plane wave)
 1 3.055900504318293 0.002314814814814792
 2 7.514445784335336 0.002109624696680524
 3 10.73927477790180 0.000000000000000
 4 12.19167688151295 0.000000000000000
 5 22.66144412238812 0.000000000000000
 6 24.30646204158080 0.000000000000000
 7 26.24638550924545 0.000000000000000
 8 33.27131711590051 0.000000000000000
 9 35.20103377262050 0.000000000000000
 10 36.53880514966435 0.000000000000000
 11 38.94092545510582 0.000000000000000
 12 42.88367671251179 0.000000000000000

 spin=1 k-point=539/868 Cartesian=0.2057613168724272 -0.04115226337448646 -0.1234567901234530 (478 plane wave)
 1 5.094649265472833 0.002314814814807819
 2 5.136576668999787 0.002314814814804186
 3 11.24154704337064 0.000000000000000
 4 11.28265379086560 0.000000000000000
 5 22.88609996693921 0.000000000000000
 6 23.92111725111474 0.000000000000000
 7 28.96111302557064 0.000000000000000
 8 30.14911150199765 0.000000000000000
 9 35.72988353435667 0.000000000000000
 10 35.84247235857799 0.000000000000000
 11 41.82137071005135 0.000000000000000
 12 42.40672901687215 0.000000000000000

 spin=1 k-point=540/868 Cartesian=0.1851851851851855 -0.02057613168724482 -0.1028806584362114 (482 plane wave)
 1 3.055900504894973 0.002314814814814792
 2 7.514445783956076 0.002109624697389745
 3 10.73927477896130 0.000000000000000
 4 12.19167687930189 0.000000000000000
 5 22.66144412591977 0.000000000000000
 6 24.30646203276537 0.000000000000000
 7 26.24638551389758 0.000000000000000
 8 33.27131712531661 0.000000000000000
 9 35.20103376864476 0.000000000000000
 10 36.53880515451612 0.000000000000000
 11 38.94092544222503 0.000000000000000
 12 42.88367671774935 0.000000000000000

 spin=1 k-point=541/868 Cartesian=0.1646090534979439 0.000000000000000 -0.08230452674896974 (481 plane wave)
 1 1.362573065483491 0.002314814814814792
 2 9.878294991750151 1.289721171604036e-12
 3 10.98754221288868 0.000000000000000
 4 13.50321319469635 0.000000000000000
 5 22.08425104854783 0.000000000000000
 6 23.11279623841926 0.000000000000000
 7 25.98737515134282 0.000000000000000
 8 34.16830370399475 0.000000000000000
 9 35.33938359908818 0.000000000000000
 10 37.29794167484188 0.000000000000000
 11 37.91664870090050 0.000000000000000
 12 39.54296703861529 0.000000000000000

 spin=1 k-point=542/868 Cartesian=0.1440329218106988 0.02057613168724195 -0.06172839506172459 (477 plane wave)
 1 0.04239787822050379 0.002314814814814792
 2 10.52403502903537 2.023400220444612e-15
 3 13.64939494692103 0.000000000000000
 4 15.18847965940152 0.000000000000000
 5 19.79745232230606 0.000000000000000
 6 22.94622765693241 0.000000000000000
 7 27.46577492621871 0.000000000000000
 8 31.95702818741804 0.000000000000000
 9 33.54337861618046 0.000000000000000
 10 35.38613374383296 0.000000000000000
 11 39.37333982899507 0.000000000000000
 12 41.62663619723524 0.000000000000000

 spin=1 k-point=543/868 Cartesian=0.1440329218106991 0.02057613168724164 -0.02057613168724164 (478 plane wave)
 1 -0.4622404995292222 0.002314814814814792
 2 12.97001421754752 0.000000000000000
 3 14.69971021646688 0.000000000000000
 4 15.32445573512995 0.000000000000000
 5 16.97629953949041 0.000000000000000
 6 19.76603167424718 0.000000000000000
 7 32.01734244707266 0.000000000000000
 8 33.64994222637780 0.000000000000000
 9 34.53208860601811 0.000000000000000
 10 36.43855203517521 0.000000000000000
 11 38.29715452198405 0.000000000000000
 12 38.71806840029915 0.000000000000000

 spin=1 k-point=544/868 Cartesian=0.1234567901234571 0.04115226337448358 0.000000000000000 (481 plane wave)
 1 -1.154233230492300 0.002314814814814792
 2 13.42408245906411 0.000000000000000
 3 14.29857372984223 0.000000000000000
 4 16.99234939748946 0.000000000000000
 5 19.55250108328196 0.000000000000000
 6 20.92375880178687 0.000000000000000
 7 29.14639024711046 0.000000000000000
 8 31.62474573910851 0.000000000000000
 9 32.82794012002345 0.000000000000000
 10 35.29501405267950 0.000000000000000
 11 35.56035501624808 0.000000000000000
 12 38.10038821110767 0.000000000000000

 spin=1 k-point=545/868 Cartesian=0.1028806584362120 0.06172839506172872 0.02057613168724545 (481 plane wave)
 1 -1.468769190779227 0.002314814814814792
 2 12.03172627253777 0.000000000000000
 3 15.13548352779436 0.000000000000000
 4 19.57442652699352 0.000000000000000
 5 21.23964957332079 0.000000000000000
 6 24.16471254417227 0.000000000000000
 7 26.07178316429197 0.000000000000000
 8 27.57598261154660 0.000000000000000
 9 30.52461351591342 0.000000000000000
 10 32.51078363208595 0.000000000000000
 11 36.56732910542321 0.000000000000000
 12 38.52562629285806 0.000000000000000

 spin=1 k-point=546/868 Cartesian=0.08230452674897035 0.08230452674897036 0.04115226337448708 (483 plane wave)
 1 -1.405370604033916 0.002314814814814792
 2 10.63903155639716 0.000000000000000
 3 16.62450570299805 0.000000000000000
 4 21.33746859509574 0.000000000000000
 5 22.65633507237536 0.000000000000000
 6 23.31300949178201 0.000000000000000
 7 24.17798778740428 0.000000000000000
 8 28.19293488457800 0.000000000000000
 9 28.70058562314281 0.000000000000000
 10 30.73594198786348 0.000000000000000
 11 35.75314695748359 0.000000000000000
 12 41.22397252054287 0.000000000000000

 spin=1 k-point=547/868 Cartesian=0.06172839506172872 0.1028806584362120 0.06172839506172872 (484 plane wave)
 1 -0.9639918283508696 0.002314814814814792
 2 9.583720367511191 2.453677476447757e-11
 3 17.83783615812323 0.000000000000000
 4 19.33278010443280 0.000000000000000
 5 20.18241361739528 0.000000000000000
 6 25.12729397201573 0.000000000000000
 7 25.53006496845879 0.000000000000000
 8 27.00402648842445 0.000000000000000
 9 28.56843178619248 0.000000000000000
 10 33.16229476854899 0.000000000000000
 11 35.81778926530860 0.000000000000000
 12 43.88948122979810 0.000000000000000

 spin=1 k-point=548/868 Cartesian=0.04115226337448358 0.1234567901234571 0.08230452674897387 (479 plane wave)
 1 -0.1449699923190091 0.002314814814814792
 2 8.884846999269579 2.660612986137768e-08
 3 14.92608267122636 0.000000000000000
 4 17.91585182402375 0.000000000000000
 5 21.06475920349848 0.000000000000000
 6 24.19734280898887 0.000000000000000
 7 26.74843988321259 0.000000000000000
 8 27.91927867535093 0.000000000000000
 9 30.51240022635903 0.000000000000000
 10 33.71423134298437 0.000000000000000
 11 39.71405687584087 0.000000000000000
 12 42.00978832441356 0.000000000000000

 spin=1 k-point=549/868 Cartesian=0.02057613168724196 0.1440329218106987 0.1028806584362155 (479 plane wave)
 1 1.050845561181116 0.002314814814814792
 2 8.522553593947590 9.959108482235164e-07
 3 11.73316695008806 0.000000000000000
 4 16.12365922680607 0.000000000000000
 5 22.23322560836133 0.000000000000000
 6 23.89695934961276 0.000000000000000
 7 26.93236070011863 0.000000000000000
 8 30.08340070888563 0.000000000000000
 9 33.09695757464302 0.000000000000000
 10 34.85204182961249 0.000000000000000
 11 38.00374153330142 0.000000000000000
 12 40.93568910551251 0.000000000000000

 spin=1 k-point=550/868 Cartesian=0.2469135802469139 -0.08230452674897323 -0.1234567901234565 (476 plane wave)
 1 2.621822458768351 0.002314814814814792
 2 8.102052841897903 6.490355672224938e-05
 3 9.291922372712234 4.540255528391346e-10
 4 14.68811516669489 0.000000000000000
 5 20.94662820041594 0.000000000000000
 6 26.38160076824536 0.000000000000000
 7 27.45362424209063 0.000000000000000
 8 32.47699027819845 0.000000000000000
 9 32.50327178395699 0.000000000000000
 10 34.87053891109782 0.000000000000000
 11 39.11892743529028 0.000000000000000
 12 39.99163717773242 0.000000000000000

 spin=1 k-point=551/868 Cartesian=0.2263374485596688 -0.06172839506172808 -0.1028806584362114 (477 plane wave)
 1 4.564513248680417 0.002314814814814757
 2 6.004741758305101 0.002314814752311254
 3 9.262644773333005 6.084589681699402e-10
 4 13.62511308813171 0.000000000000000
 5 19.90670201825178 0.000000000000000
 6 27.19545987197132 0.000000000000000
 7 28.83789661242351 0.000000000000000
 8 30.59047279285967 0.000000000000000
 9 33.74211258835679 0.000000000000000
 10 36.79534594955907 0.000000000000000
 11 38.78681920896386 0.000000000000000
 12 44.38490588694858 0.000000000000000

 spin=1 k-point=552/868 Cartesian=0.2057613168724272 -0.04115226337448646 -0.08230452674896974 (477 plane wave)
 1 3.856892159980184 0.002314814814814792
 2 6.871961457354957 0.002314449956395195
 3 10.02935337313903 2.847458831452399e-13
 4 12.94166710267691 0.000000000000000
 5 19.20788901927449 0.000000000000000
 6 25.17980656742914 0.000000000000000
 7 28.28760407219324 0.000000000000000
 8 33.77325456542778 0.000000000000000
 9 35.02396490761314 0.000000000000000
 10 37.41207873412075 0.000000000000000
 11 41.02492984780035 0.000000000000000
 12 43.68865325562439 0.000000000000000

 spin=1 k-point=553/868 Cartesian=0.1851851851851855 -0.02057613168724483 -0.06172839506172810 (476 plane wave)
 1 2.048052938030030 0.002314814814814792
 2 9.516477920662792 4.806708435915540e-11
 3 11.20714255017191 0.000000000000000
 4 12.65436354860508 0.000000000000000
 5 18.82074247151460 0.000000000000000
 6 22.04849463094099 0.000000000000000
 7 29.42691122314200 0.000000000000000
 8 35.52684599648452 0.000000000000000
 9 36.94381525378136 0.000000000000000
 10 38.30833067122992 0.000000000000000
 11 40.64569014673374 0.000000000000000
 12 41.87222714841391 0.000000000000000

 spin=1 k-point=554/868 Cartesian=0.1646090534979404 0.000000000000000 -0.04115226337448296 (476 plane wave)
 1 0.6060520303213414 0.002314814814814792
 2 12.15603142113184 0.000000000000000
 3 12.76316528791617 0.000000000000000
 4 13.06765066313755 0.000000000000000
 5 18.28918494114382 0.000000000000000
 6 19.79823362688198 0.000000000000000
 7 30.90890508967093 0.000000000000000
 8 35.98225707999935 0.000000000000000
 9 37.18881780670158 0.000000000000000
 10 37.58991623390770 0.000000000000000
 11 37.60264904637278 0.000000000000000
 12 42.81609793954622 0.000000000000000

 spin=1 k-point=555/868 Cartesian=0.1646090534979407 0.000000000000000 0.000000000000000 (480 plane wave)
 1 0.3537399222622840 0.002314814814814792
 2 12.52120109806827 0.000000000000000
 3 14.62858718339877 0.000000000000000
 4 14.62858719183576 0.000000000000000
 5 15.31042312161104 0.000000000000000
 6 17.76528648736719 0.000000000000000
 7 35.30749753562893 0.000000000000000
 8 36.38439523517811 0.000000000000000
 9 36.38439528306472 0.000000000000000
 10 38.73871343932526 0.000000000000000
 11 39.45596651815630 0.000000000000000
 12 39.45596657928200 0.000000000000000

 spin=1 k-point=556/868 Cartesian=0.1440329218106988 0.02057613168724195 0.02057613168724193 (478 plane wave)
 1 -0.4622404996364340 0.002314814814814792
 2 12.97001421633002 0.000000000000000
 3 14.69971021059004 0.000000000000000
 4 15.32445574356039 0.000000000000000
 5 16.97629954200091 0.000000000000000
 6 19.76603167075806 0.000000000000000
 7 32.01734247040979 0.000000000000000
 8 33.64994213621861 0.000000000000000
 9 34.53208869159591 0.000000000000000
 10 36.43855203485755 0.000000000000000
 11 38.29715447868623 0.000000000000000
 12 38.71806836548215 0.000000000000000

 spin=1 k-point=557/868 Cartesian=0.1234567901234536 0.04115226337448709 0.04115226337448708 (481 plane wave)
 1 -0.9018270331020218 0.002314814814814792
 2 11.12074545438610 0.000000000000000
 3 16.39670392490311 0.000000000000000
 4 17.20927066315801 0.000000000000000
 5 18.19033245007916 0.000000000000000
 6 23.43954208213405 0.000000000000000
 7 28.59385173221207 0.000000000000000
 8 29.63149214876002 0.000000000000000
 9 30.62979202178897 0.000000000000000
 10 34.71575019123816 0.000000000000000
 11 37.00742052853494 0.000000000000000
 12 41.01042482766972 0.000000000000000

 spin=1 k-point=558/868 Cartesian=0.1028806584362120 0.06172839506172872 0.06172839506172872 (484 plane wave)
 1 -0.9639918283339999 0.002314814814814792
 2 9.583720367486611 2.453677477050858e-11
 3 17.83783615917502 0.000000000000000
 4 19.33278009184192 0.000000000000000
 5 20.18241363211273 0.000000000000000
 6 25.12729397089398 0.000000000000000
 7 25.53006496006854 0.000000000000000
 8 27.00402649514161 0.000000000000000
 9 28.56843178537911 0.000000000000000
 10 33.16229476957216 0.000000000000000
 11 35.81778926462773 0.000000000000000
 12 43.88948122251308 0.000000000000000

 spin=1 k-point=559/868 Cartesian=0.08230452674897035 0.08230452674897036 0.08230452674897035 (492 plane wave)
 1 -0.6484099073163971 0.002314814814814792
 2 8.401285986097891 3.345321966628548e-06
 3 19.59884378413298 0.000000000000000
 4 19.59884385000943 0.000000000000000
 5 22.48537597442252 0.000000000000000
 6 22.89572506705718 0.000000000000000
 7 22.89572514372119 0.000000000000000
 8 25.56897148421452 0.000000000000000
 9 31.96429901070385 0.000000000000000
 10 31.96429902366926 0.000000000000000
 11 35.50736319212229 0.000000000000000
 12 45.68395568645438 0.000000000000000

 spin=1 k-point=560/868 Cartesian=0.06172839506172521 0.1028806584362155 0.1028806584362155 (484 plane wave)
 1 0.04477845578177318 0.002314814814814792
 2 7.583676406816206 0.001938114837682671
 3 16.55586508362803 0.000000000000000
 4 20.16804216303565 0.000000000000000
 5 21.92719594521531 0.000000000000000
 6 22.20828515667929 0.000000000000000
 7 24.11773428674498 0.000000000000000
 8 27.66601122494656 0.000000000000000
 9 31.14005902165596 0.000000000000000
 10 33.11838073646729 0.000000000000000
 11 38.71906546231450 0.000000000000000
 12 42.61211742930026 0.000000000000000

 spin=1 k-point=561/868 Cartesian=0.04115226337448359 0.1234567901234571 0.1234567901234571 (483 plane wave)
 1 1.114931128561575 0.002314814814814792
 2 7.129633901237849 0.002310024647633929
 3 13.24120216304566 0.000000000000000
 4 18.37915974826689 0.000000000000000
 5 20.21435163241260 0.000000000000000
 6 24.63588872482182 0.000000000000000
 7 26.41344948225081 0.000000000000000
 8 30.69364990035962 0.000000000000000
 9 31.21074445201695 0.000000000000000
 10 33.22367208414234 0.000000000000000
 11 38.07232125894758 0.000000000000000
 12 43.18380684020758 0.000000000000000

 spin=1 k-point=562/868 Cartesian=0.2674897119341555 -0.1028806584362149 -0.1028806584362149 (479 plane wave)
 1 2.560737942554554 0.002314814814814792
 2 7.013155709992774 0.002313318196863489
 3 10.25580052747762 2.958078651703161e-14
 4 16.82460967490816 0.000000000000000
 5 18.71309429909843 0.000000000000000
 6 27.58562928463281 0.000000000000000
 7 29.02761869634213 0.000000000000000
 8 30.62650291559024 0.000000000000000
 9 31.91864772959703 0.000000000000000
 10 33.96371984406393 0.000000000000000
 11 36.79588922212586 0.000000000000000
 12 42.40430306355577 0.000000000000000

 spin=1 k-point=563/868 Cartesian=0.2469135802469104 -0.08230452674896974 -0.08230452674896972 (466 plane wave)
 1 4.379642192115463 0.002314814814814786
 2 6.832337196155289 0.002314569309586104
 3 8.062932041911424 9.470587289472662e-05
 4 15.63183032828747 0.000000000000000
 5 17.54436265959888 0.000000000000000
 6 28.56560354488726 0.000000000000000
 7 30.84715548856768 0.000000000000000
 8 31.01889804937480 0.000000000000000
 9 31.57330098046674 0.000000000000000
 10 34.56649059183316 0.000000000000000
 11 40.86265765148632 0.000000000000000
 12 41.62373009892497 0.000000000000000

 spin=1 k-point=564/868 Cartesian=0.2263374485596688 -0.06172839506172808 -0.06172839506172810 (476 plane wave)
 1 4.995532219430046 0.002314814814812204
 2 6.566665062327876 0.002314797584076890
 3 8.269674254069876 1.242542241178372e-05
 4 14.81348765678013 0.000000000000000
 5 16.72636082313025 0.000000000000000
 6 24.92968464961456 0.000000000000000
 7 31.61637260435618 0.000000000000000
 8 33.17246739902997 0.000000000000000
 9 34.65205200450703 0.000000000000000
 10 37.04943415644305 0.000000000000000
 11 40.49787894461048 0.000000000000000
 12 46.33869215923212 0.000000000000000

 spin=1 k-point=565/868 Cartesian=0.2057613168724272 -0.04115226337448646 -0.04115226337448647 (472 plane wave)
 1 3.100702805644458 0.002314814814814792
 2 9.108515115347858 2.841892469216848e-09
 3 9.284171225110278 4.906175773452860e-10
 4 14.37291386729993 0.000000000000000
 5 16.24712659653154 0.000000000000000
 6 21.60369778598504 0.000000000000000
 7 32.67217295753325 0.000000000000000
 8 34.44992698350590 0.000000000000000
 9 38.68764542328356 0.000000000000000
 10 39.25159131559612 0.000000000000000
 11 41.33542395677107 0.000000000000000
 12 44.30788950314950 0.000000000000000

 spin=1 k-point=566/868 Cartesian=0.1851851851851820 -0.02057613168724131 -0.02057613168724133 (469 plane wave)
 1 1.543664258059189 0.002314814814814792
 2 10.71163841431170 0.000000000000000
 3 11.96245426307597 0.000000000000000
 4 14.31121382856272 0.000000000000000
 5 15.98724936934533 0.000000000000000
 6 18.83277419928159 0.000000000000000
 7 34.07168927663898 0.000000000000000
 8 35.79861683563365 0.000000000000000
 9 39.28604344853191 0.000000000000000
 10 39.88345200242042 0.000000000000000
 11 42.14247039912917 0.000000000000000
 12 42.15497368343989 0.000000000000000

 spin=1 k-point=567/868 Cartesian=0.1851851851851858 -0.02057613168724514 0.02057613168724514 (469 plane wave)
 1 1.543664257990112 0.002314814814814792
 2 10.71163841330261 0.000000000000000
 3 11.96245426779949 0.000000000000000
 4 14.31121381994478 0.000000000000000
 5 15.98724937387924 0.000000000000000
 6 18.83277420017882 0.000000000000000
 7 34.07168928137514 0.000000000000000
 8 35.79861684512801 0.000000000000000
 9 39.28604342083710 0.000000000000000
 10 39.88345193324142 0.000000000000000
 11 42.14247048593309 0.000000000000000
 12 42.15497376587220 0.000000000000000

 spin=1 k-point=568/868 Cartesian=0.1646090534979439 0.000000000000000 0.04115226337448708 (476 plane wave)
 1 0.6060520301377478 0.002314814814814792
 2 12.15603142156986 0.000000000000000
 3 12.76316527482722 0.000000000000000
 4 13.06765067710924 0.000000000000000
 5 18.28918494036267 0.000000000000000
 6 19.79823362741813 0.000000000000000
 7 30.90890509472489 0.000000000000000
 8 35.98225705189686 0.000000000000000
 9 37.18881783708679 0.000000000000000
 10 37.58991627356569 0.000000000000000
 11 37.60264899307946 0.000000000000000
 12 42.81609792894430 0.000000000000000

 spin=1 k-point=569/868 Cartesian=0.1440329218106988 0.02057613168724194 0.06172839506173221 (477 plane wave)
 1 0.04239787788232802 0.002314814814814792
 2 10.52403502843809 2.023400232529935e-15
 3 13.64939494309791 0.000000000000000
 4 15.18847966672819 0.000000000000000
 5 19.79745232605211 0.000000000000000
 6 22.94622765160865 0.000000000000000
 7 27.46577492891160 0.000000000000000
 8 31.95702816455896 0.000000000000000
 9 33.54337865601611 0.000000000000000
 10 35.38613371882462 0.000000000000000
 11 39.37333982135758 0.000000000000000
 12 41.62663619049247 0.000000000000000

 spin=1 k-point=570/868 Cartesian=0.1234567901234571 0.04115226337448358 0.08230452674897387 (479 plane wave)
 1 -0.1449699922712822 0.002314814814814792
 2 8.884846999249145 2.660612986681445e-08
 3 14.92608267161282 0.000000000000000
 4 17.91585182107065 0.000000000000000
 5 21.06475920865160 0.000000000000000
 6 24.19734280472682 0.000000000000000
 7 26.74843988691579 0.000000000000000
 8 27.91927867421132 0.000000000000000
 9 30.51240022409491 0.000000000000000
 10 33.71423134405874 0.000000000000000
 11 39.71405687588363 0.000000000000000
 12 42.00978832239662 0.000000000000000

 spin=1 k-point=571/868 Cartesian=0.1028806584362155 0.06172839506172521 0.1028806584362155 (484 plane wave)
 1 0.04477845581069691 0.002314814814814792
 2 7.583676406803257 0.001938114837723510
 3 16.55586508509656 0.000000000000000
 4 20.16804214969800 0.000000000000000
 5 21.92719594706675 0.000000000000000
 6 22.20828517725948 0.000000000000000
 7 24.11773427594166 0.000000000000000
 8 27.66601122491234 0.000000000000000
 9 31.14005902230223 0.000000000000000
 10 33.11838073537383 0.000000000000000
 11 38.71906546380833 0.000000000000000
 12 42.61211742720157 0.000000000000000

 spin=1 k-point=572/868 Cartesian=0.08230452674897035 0.08230452674897035 0.1234567901234606 (483 plane wave)
 1 0.6117130874274352 0.002314814814814792
 2 6.645763119901646 0.002314776811755204
 3 17.88649459931035 0.000000000000000
 4 18.54280391840178 0.000000000000000
 5 19.62259327616281 0.000000000000000
 6 24.11030709863264 0.000000000000000
 7 25.30002462258998 0.000000000000000
 8 26.10965071178715 0.000000000000000
 9 31.11296442942703 0.000000000000000
 10 36.22037466006684 0.000000000000000
 11 38.74617376638096 0.000000000000000
 12 42.41609626125117 0.000000000000000

 spin=1 k-point=573/868 Cartesian=0.06172839506172873 0.1028806584362120 0.1440329218107023 (475 plane wave)
 1 1.555243490614138 0.002314814814814792
 2 6.076242838861051 0.002314814687044493
 3 15.10683979271103 0.000000000000000
 4 16.61121141810852 0.000000000000000
 5 21.18257578618195 0.000000000000000
 6 23.03719642297936 0.000000000000000
 7 27.56108853741595 0.000000000000000
 8 28.98520429947930 0.000000000000000
 9 30.78218387038160 0.000000000000000
 10 36.43277116158409 0.000000000000000
 11 38.63497650749656 0.000000000000000
 12 42.73903049374105 0.000000000000000

 spin=1 k-point=574/868 Cartesian=0.2880658436214007 -0.1234567901234600 -0.08230452674896972 (476 plane wave)
 1 2.873901571458627 0.002314814814814792
 2 5.871778669751028 0.002314814798277929
 3 12.00730264398870 0.000000000000000
 4 14.93565103170316 0.000000000000000
 5 21.14565600662236 0.000000000000000
 6 24.21291411606737 0.000000000000000
 7 29.74805739942776 0.000000000000000
 8 30.70686470682423 0.000000000000000
 9 32.97098838287276 0.000000000000000
 10 33.89711989734418 0.000000000000000
 11 37.32358915834806 0.000000000000000
 12 45.51805436139239 0.000000000000000

 spin=1 k-point=575/868 Cartesian=0.2674897119341556 -0.1028806584362149 -0.06172839506172458 (477 plane wave)
 1 4.564513249883928 0.002314814814814757
 2 6.004741756872194 0.002314814752311255
 3 9.262644773411994 6.084589676893242e-10
 4 13.62511308848695 0.000000000000000
 5 19.90670201788826 0.000000000000000
 6 27.19545986595884 0.000000000000000
 7 28.83789661554289 0.000000000000000
 8 30.59047279507134 0.000000000000000
 9 33.74211259223654 0.000000000000000
 10 36.79534594565364 0.000000000000000
 11 38.78681921220455 0.000000000000000
 12 44.38490588709692 0.000000000000000

 spin=1 k-point=576/868 Cartesian=0.2469135802469139 -0.08230452674897323 -0.04115226337448296 (483 plane wave)
 1 6.070256736751166 0.002314814694468533
 2 6.619292543231142 0.002314785649951915
 3 7.321437806376793 0.002282592522912306
 4 12.69173820386742 0.000000000000000
 5 18.96685825411442 0.000000000000000
 6 24.98546814847715 0.000000000000000
 7 30.43543656061545 0.000000000000000
 8 31.57497808199470 0.000000000000000
 9 36.51524843999074 0.000000000000000
 10 38.32591984261719 0.000000000000000
 11 43.08287577348109 0.000000000000000
 12 43.73513986999924 0.000000000000000

 spin=1 k-point=577/868 Cartesian=0.2263374485596723 -0.06172839506173160 -0.02057613168724132 (478 plane wave)
 1 4.490764517524946 0.002314814814814775
 2 7.771388787315429 0.001019693503332902
 3 9.012150681143689 7.449245710733056e-09
 4 12.15399723067913 0.000000000000000
 5 18.32844998267844 0.000000000000000
 6 21.58713797473151 0.000000000000000
 7 31.84982741521542 0.000000000000000
 8 34.92830608212972 0.000000000000000
 9 38.14494043229929 0.000000000000000
 10 41.24641084015912 0.000000000000000
 11 42.76601986699466 0.000000000000000
 12 44.38218829783477 0.000000000000000

 spin=1 k-point=578/868 Cartesian=0.2057613168724272 -0.04115226337448646 0.000000000000000 (471 plane wave)
 1 2.848480100348339 0.002314814814814792
 2 9.035116945177942 5.920676666415035e-09
 3 11.39482682332742 0.000000000000000
 4 12.31605287656575 0.000000000000000
 5 17.52996888176183 0.000000000000000
 6 19.10854345807317 0.000000000000000
 7 33.15146178127802 0.000000000000000
 8 38.62289781187185 0.000000000000000
 9 38.98143710826277 0.000000000000000
 10 40.22861043147947 0.000000000000000
 11 42.10996569539908 0.000000000000000
 12 42.84462577418978 0.000000000000000

 spin=1 k-point=579/868 Cartesian=0.2057613168724275 -0.04115226337448676 0.04115226337448676 (472 plane wave)
 1 3.100702805558433 0.002314814814814792
 2 9.108515116436012 2.841892438292721e-09
 3 9.284171226195120 4.906175720228569e-10
 4 14.37291385827533 0.000000000000000
 5 16.24712660207729 0.000000000000000
 6 21.60369778842085 0.000000000000000
 7 32.67217296330870 0.000000000000000
 8 34.44992698537821 0.000000000000000
 9 38.68764541509534 0.000000000000000
 10 39.25159129534650 0.000000000000000
 11 41.33542396125812 0.000000000000000
 12 44.30788941440116 0.000000000000000

 spin=1 k-point=580/868 Cartesian=0.1851851851851855 -0.02057613168724482 0.06172839506172872 (476 plane wave)
 1 2.048052937820607 0.002314814814814792
 2 9.516477920936314 4.806708422768135e-11
 3 11.20714255281065 0.000000000000000
 4 12.65436354529566 0.000000000000000
 5 18.82074247040818 0.000000000000000
 6 22.04849463446455 0.000000000000000
 7 29.42691122524148 0.000000000000000
 8 35.52684600582640 0.000000000000000
 9 36.94381523027643 0.000000000000000
 10 38.30833065331995 0.000000000000000
 11 40.64569017958327 0.000000000000000
 12 41.87222713984267 0.000000000000000

 spin=1 k-point=581/868 Cartesian=0.1646090534979404 0.000000000000000 0.08230452674897384 (481 plane wave)
 1 1.362573065090153 0.002314814814814792
 2 9.878294992067291 1.289721167513813e-12
 3 10.98754221103484 0.000000000000000
 4 13.50321319820491 0.000000000000000
 5 22.08425104751090 0.000000000000000
 6 23.11279624178708 0.000000000000000
 7 25.98737514926056 0.000000000000000
 8 34.16830369181410 0.000000000000000
 9 35.33938359946390 0.000000000000000
 10 37.29794167946154 0.000000000000000
 11 37.91664872243283 0.000000000000000
 12 39.54296701504848 0.000000000000000

 spin=1 k-point=582/868 Cartesian=0.1440329218106987 0.02057613168724196 0.1028806584362155 (479 plane wave)
 1 1.050845561277912 0.002314814814814792
 2 8.522553594027455 9.959108474284734e-07
 3 11.73316694993119 0.000000000000000
 4 16.12365922619647 0.000000000000000
 5 22.23322560669859 0.000000000000000
 6 23.89695935171112 0.000000000000000
 7 26.93236070203718 0.000000000000000
 8 30.08340070882639 0.000000000000000
 9 33.09695757175403 0.000000000000000
 10 34.85204183160791 0.000000000000000
 11 38.00374152815468 0.000000000000000
 12 40.93568910954436 0.000000000000000

 spin=1 k-point=583/868 Cartesian=0.1234567901234571 0.04115226337448359 0.1234567901234571 (483 plane wave)
 1 1.114931128634322 0.002314814814814792
 2 7.129633901244532 0.002310024647633610
 3 13.24120216336101 0.000000000000000
 4 18.37915974629191 0.000000000000000
 5 20.21435163091921 0.000000000000000
 6 24.63588873402259 0.000000000000000
 7 26.41344947753180 0.000000000000000
 8 30.69364990126342 0.000000000000000
 9 31.21074444911865 0.000000000000000
 10 33.22367208505057 0.000000000000000
 11 38.07232125610537 0.000000000000000
 12 43.18380684194292 0.000000000000000

 spin=1 k-point=584/868 Cartesian=0.1028806584362120 0.06172839506172873 0.1440329218107023 (475 plane wave)
 1 1.555243490653910 0.002314814814814792
 2 6.076242838862242 0.002314814687044493
 3 15.10683979506573 0.000000000000000
 4 16.61121141425195 0.000000000000000
 5 21.18257578432373 0.000000000000000
 6 23.03719642788116 0.000000000000000
 7 27.56108854093930 0.000000000000000
 8 28.98520429129172 0.000000000000000
 9 30.78218387426699 0.000000000000000
 10 36.43277116131902 0.000000000000000
 11 38.63497650461654 0.000000000000000
 12 42.73903049436461 0.000000000000000

 spin=1 k-point=585/868 Cartesian=0.08230452674897036 0.08230452674897035 0.1646090534979439 (478 plane wave)
 1 2.371022961258411 0.002314814814814792
 2 5.388012035534937 0.002314814814683728
 3 14.48151262754136 0.000000000000000
 4 16.63728680337913 0.000000000000000
 5 18.47802807392484 0.000000000000000
 6 25.87117143365013 0.000000000000000
 7 27.52070780588638 0.000000000000000
 8 29.53057250264740 0.000000000000000
 9 30.53103307935345 0.000000000000000
 10 37.91756342485484 0.000000000000000
 11 40.09354933199607 0.000000000000000
 12 41.22679852944003 0.000000000000000

 spin=1 k-point=586/868 Cartesian=-0.06172839506172810 -0.1028806584362113 0.3086419753086423 (476 plane wave)
 1 3.559814643144245 0.002314814814814792
 2 5.069348478356183 0.002314814814809377
 3 12.68597441241411 0.000000000000000
 4 14.12332064721458 0.000000000000000
 5 20.36377468792687 0.000000000000000
 6 24.86117423157249 0.000000000000000
 7 29.22591745428476 0.000000000000000
 8 31.27238232575891 0.000000000000000
 9 32.48579404499810 0.000000000000000
 10 34.43404718330068 0.000000000000000
 11 40.55551327891870 0.000000000000000
 12 41.93937624132026 0.000000000000000

 spin=1 k-point=587/868 Cartesian=0.2880658436213972 -0.1234567901234565 -0.04115226337448296 (478 plane wave)
 1 5.094649320040847 0.002314814814807819
 2 5.136576614344465 0.002314814814804186
 3 11.24154704775677 0.000000000000000
 4 11.28265378656094 0.000000000000000
 5 22.88609996408024 0.000000000000000
 6 23.92111725084729 0.000000000000000
 7 28.96111302710074 0.000000000000000
 8 30.14911150405926 0.000000000000000
 9 35.72988354697874 0.000000000000000
 10 35.84247234727355 0.000000000000000
 11 41.82137071547032 0.000000000000000
 12 42.40672901251055 0.000000000000000

 spin=1 k-point=588/868 Cartesian=0.2674897119341555 -0.1028806584362149 -0.02057613168724134 (476 plane wave)
 1 5.499607839802837 0.002314814814414722
 2 7.009835546258949 0.002313367040630425
 3 8.764429519559009 8.870266206630018e-08
 4 10.24105607932100 3.428025608529209e-14
 5 22.25732253276484 0.000000000000000
 6 25.27599636947791 0.000000000000000
 7 27.06225701980878 0.000000000000000
 8 30.23438055111602 0.000000000000000
 9 38.99041063776004 0.000000000000000
 10 40.45880778628524 0.000000000000000
 11 42.64733612228160 0.000000000000000
 12 44.09105638937779 0.000000000000000

 spin=1 k-point=589/868 Cartesian=0.2469135802469139 -0.08230452674897323 0.000000000000000 (478 plane wave)
 1 5.816199990412014 0.002314814805328905
 2 7.073056434055971 0.002312091948743481
 3 8.862725136675120 3.319361272008607e-08
 4 9.997278783136265 3.924240922558627e-13
 5 21.07544319566047 0.000000000000000
 6 22.35485502889503 0.000000000000000
 7 30.19161012529961 0.000000000000000
 8 31.47384648031304 0.000000000000000
 9 41.68644853489665 0.000000000000000
 10 42.72581778348111 0.000000000000000
 11 43.53846126045489 0.000000000000000
 12 43.69745046849041 0.000000000000000

 spin=1 k-point=590/868 Cartesian=0.2263374485596688 -0.06172839506172808 0.02057613168724545 (478 plane wave)
 1 4.490764517481486 0.002314814814814775
 2 7.771388788644876 0.001019693495748263
 3 9.012150681360596 7.449245694575172e-09
 4 12.15399722767201 0.000000000000000
 5 18.32844998264903 0.000000000000000
 6 21.58713797682539 0.000000000000000
 7 31.84982741609570 0.000000000000000
 8 34.92830608522853 0.000000000000000
 9 38.14494043504152 0.000000000000000
 10 41.24641081791820 0.000000000000000
 11 42.76601985004518 0.000000000000000
 12 44.38218830706766 0.000000000000000

 spin=1 k-point=591/868 Cartesian=0.02057613168724577 -0.1851851851851852 0.1851851851851852 (476 plane wave)
 1 4.995532219413326 0.002314814814812204
 2 6.566665064534304 0.002314797584076509
 3 8.269674253238362 1.242542251454825e-05
 4 14.81348764713732 0.000000000000000
 5 16.72636082909264 0.000000000000000
 6 24.92968465397730 0.000000000000000
 7 31.61637261108525 0.000000000000000
 8 33.17246740299701 0.000000000000000
 9 34.65205199860357 0.000000000000000
 10 37.04943414107513 0.000000000000000
 11 40.49787894561269 0.000000000000000
 12 46.33869216089735 0.000000000000000

 spin=1 k-point=592/868 Cartesian=-0.04115226337448646 0.2057613168724272 -0.1646090534979433 (477 plane wave)
 1 3.856892159897960 0.002314814814814792
 2 6.871961458185716 0.002314449956392165
 3 10.02935337425505 2.847458799674169e-13
 4 12.94166709901758 0.000000000000000
 5 19.20788901860282 0.000000000000000
 6 25.17980657391377 0.000000000000000
 7 28.28760407265749 0.000000000000000
 8 33.77325456842008 0.000000000000000
 9 35.02396489832922 0.000000000000000
 10 37.41207872907494 0.000000000000000
 11 41.02492984778666 0.000000000000000
 12 43.68865325047381 0.000000000000000

 spin=1 k-point=593/868 Cartesian=-0.06172839506173160 0.2263374485596723 -0.1440329218106981 (482 plane wave)
 1 3.055900504563900 0.002314814814814792
 2 7.514445784334188 0.002109624696682671
 3 10.73927477784700 0.000000000000000
 4 12.19167688093014 0.000000000000000
 5 22.66144412089774 0.000000000000000
 6 24.30646204214746 0.000000000000000
 7 26.24638551091970 0.000000000000000
 8 33.27131712208331 0.000000000000000
 9 35.20103376843534 0.000000000000000
 10 36.53880514379380 0.000000000000000
 11 38.94092545720042 0.000000000000000
 12 42.88367671287674 0.000000000000000

 spin=1 k-point=594/868 Cartesian=-0.08230452674897323 0.2469135802469139 -0.1234567901234565 (476 plane wave)
 1 2.621822458964171 0.002314814814814792
 2 8.102052842477006 6.490355635692917e-05
 3 9.291922371803247 4.540255569661639e-10
 4 14.68811516666315 0.000000000000000
 5 20.94662819851849 0.000000000000000
 6 26.38160076998820 0.000000000000000
 7 27.45362424413796 0.000000000000000
 8 32.47699028080107 0.000000000000000
 9 32.50327178641345 0.000000000000000
 10 34.87053890217975 0.000000000000000
 11 39.11892742700464 0.000000000000000
 12 39.99163718748299 0.000000000000000

 spin=1 k-point=595/868 Cartesian=-0.1028806584362149 0.2674897119341556 -0.1028806584362149 (479 plane wave)
 1 2.560737942700456 0.002314814814814792
 2 7.013155710128166 0.002313318196861464
 3 10.25580052721893 2.958078659355367e-14
 4 16.82460967513392 0.000000000000000
 5 18.71309429699277 0.000000000000000
 6 27.58562929158858 0.000000000000000
 7 29.02761869357319 0.000000000000000
 8 30.62650291658540 0.000000000000000
 9 31.91864773308567 0.000000000000000
 10 33.96371983605467 0.000000000000000
 11 36.79588921980982 0.000000000000000
 12 42.40430306624157 0.000000000000000

 spin=1 k-point=596/868 Cartesian=-0.1234567901234600 0.2880658436214007 -0.08230452674896972 (476 plane wave)
 1 2.873901571553350 0.002314814814814792
 2 5.871778669794429 0.002314814798277929
 3 12.00730264437765 0.000000000000000
 4 14.93565103059998 0.000000000000000
 5 21.14565600389637 0.000000000000000
 6 24.21291412041856 0.000000000000000
 7 29.74805740408432 0.000000000000000
 8 30.70686470558266 0.000000000000000
 9 32.97098837704183 0.000000000000000
 10 33.89711989971466 0.000000000000000
 11 37.32358915419584 0.000000000000000
 12 45.51805433300571 0.000000000000000

 spin=1 k-point=597/868 Cartesian=-0.1028806584362113 -0.06172839506172811 0.3086419753086423 (476 plane wave)
 1 3.559814643184546 0.002314814814814792
 2 5.069348478382789 0.002314814814809377
 3 12.68597441343962 0.000000000000000
 4 14.12332064563276 0.000000000000000
 5 20.36377468744231 0.000000000000000
 6 24.86117423298810 0.000000000000000
 7 29.22591745515947 0.000000000000000
 8 31.27238233030501 0.000000000000000
 9 32.48579404003479 0.000000000000000
 10 34.43404718162708 0.000000000000000
 11 40.55551327844721 0.000000000000000
 12 41.93937624014494 0.000000000000000

 spin=1 k-point=598/868 Cartesian=-0.08230452674896972 -0.08230452674896972 0.2880658436214007 (473 plane wave)
 1 4.596565353250909 0.002314814814814744
 2 4.648514580194020 0.002314814814814711
 3 10.77462785431109 0.000000000000000
 4 15.88353549814661 0.000000000000000
 5 17.78038936251788 0.000000000000000
 6 28.14735063590755 0.000000000000000
 7 28.53442024865000 0.000000000000000
 8 30.36756193871211 0.000000000000000
 9 34.21706106488508 0.000000000000000
 10 34.74532478094528 0.000000000000000
 11 37.31055915537041 0.000000000000000
 12 46.40651412574601 0.000000000000000

 spin=1 k-point=599/868 Cartesian=-0.06172839506172458 -0.1028806584362149 0.2674897119341555 (477 plane wave)
 1 4.564513250942499 0.002314814814814757
 2 6.004741756979696 0.002314814752311255
 3 9.262644773672573 6.084589661038053e-10
 4 13.62511308459964 0.000000000000000
 5 19.90670201474829 0.000000000000000
 6 27.19545988238353 0.000000000000000
 7 28.83789661362547 0.000000000000000
 8 30.59047279470183 0.000000000000000
 9 33.74211258928808 0.000000000000000
 10 36.79534593518285 0.000000000000000
 11 38.78681920879733 0.000000000000000
 12 44.38490589199647 0.000000000000000

 spin=1 k-point=600/868 Cartesian=-0.04115226337448295 -0.1234567901234565 0.2469135802469140 (479 plane wave)
 1 4.863363039117321 0.002314814814814101
 2 7.340137601708947 0.002276077695667403
 3 8.550081604561315 7.563325097667585e-07
 4 11.01289310541832 0.000000000000000
 5 23.05312349906867 0.000000000000000
 6 25.63455018289588 0.000000000000000
 7 26.75466693086062 0.000000000000000
 8 29.60614309508597 0.000000000000000
 9 37.69213576825662 0.000000000000000
 10 39.26549113490860 0.000000000000000
 11 41.42640899273841 0.000000000000000
 12 42.13228473264680 0.000000000000000

 spin=1 k-point=601/868 Cartesian=-0.02057613168724131 -0.1440329218106981 0.2263374485596723 (476 plane wave)
 1 5.499607841255060 0.002314814814414722
 2 7.009835545809547 0.002313367040636927
 3 8.764429519273051 8.870266231994164e-08
 4 10.24105607790150 3.428025657190005e-14
 5 22.25732252888099 0.000000000000000
 6 25.27599637688787 0.000000000000000
 7 27.06225701846791 0.000000000000000
 8 30.23438055010987 0.000000000000000
 9 38.99041065351543 0.000000000000000
 10 40.45880776340539 0.000000000000000
 11 42.64733612311900 0.000000000000000
 12 44.09105639369709 0.000000000000000

 spin=1 k-point=602/868 Cartesian=0.000000000000000 -0.1646090534979433 0.2057613168724272 (483 plane wave)
 1 6.070256736620982 0.002314814694468534
 2 6.619292549295182 0.002314785649950146
 3 7.321437801458427 0.002282592524475056
 4 12.69173820056371 0.000000000000000
 5 18.96685825355800 0.000000000000000
 6 24.98546815306125 0.000000000000000
 7 30.43543656219446 0.000000000000000
 8 31.57497808183808 0.000000000000000
 9 36.51524845069441 0.000000000000000
 10 38.32591982382897 0.000000000000000
 11 43.08287574504718 0.000000000000000
 12 43.73513989630817 0.000000000000000

 spin=1 k-point=603/868 Cartesian=0.000000000000000 0.1646090534979401 -0.1646090534979401 (466 plane wave)
 1 4.379642193908209 0.002314814814814786
 2 6.832337195890570 0.002314569309586753
 3 8.062932041524274 9.470587324637992e-05
 4 15.63183031773213 0.000000000000000
 5 17.54436266540979 0.000000000000000
 6 28.56560355305978 0.000000000000000
 7 30.84715548547056 0.000000000000000
 8 31.01889805509851 0.000000000000000
 9 31.57330099441338 0.000000000000000
 10 34.56649056487550 0.000000000000000
 11 40.86265762718070 0.000000000000000
 12 41.62373013019522 0.000000000000000

 spin=1 k-point=604/868 Cartesian=-0.02057613168724131 0.1851851851851820 -0.1440329218106981 (477 plane wave)
 1 4.564513250223896 0.002314814814814757
 2 6.004741757578799 0.002314814752311255
 3 9.262644773960947 6.084589643491709e-10
 4 13.62511308389221 0.000000000000000
 5 19.90670201739388 0.000000000000000
 6 27.19545987984936 0.000000000000000
 7 28.83789661498752 0.000000000000000
 8 30.59047279268047 0.000000000000000
 9 33.74211258833848 0.000000000000000
 10 36.79534593562797 0.000000000000000
 11 38.78681921063800 0.000000000000000
 12 44.38490589165193 0.000000000000000

 spin=1 k-point=605/868 Cartesian=-0.04115226337448646 0.2057613168724272 -0.1234567901234530 (478 plane wave)
 1 5.094649291203386 0.002314814814807819
 2 5.136576643376515 0.002314814814804186
 3 11.24154706830793 0.000000000000000
 4 11.28265376547894 0.000000000000000
 5 22.88609996324436 0.000000000000000
 6 23.92111725381707 0.000000000000000
 7 28.96111302901415 0.000000000000000
 8 30.14911150232676 0.000000000000000
 9 35.72988355703338 0.000000000000000
 10 35.84247233193110 0.000000000000000
 11 41.82137070753196 0.000000000000000
 12 42.40672902072055 0.000000000000000

 spin=1 k-point=606/868 Cartesian=-0.06172839506172808 0.2263374485596688 -0.1028806584362114 (477 plane wave)
 1 4.564513249429093 0.002314814814814757
 2 6.004741757875354 0.002314814752311255
 3 9.262644772836781 6.084589711892537e-10
 4 13.62511308831089 0.000000000000000
 5 19.90670201655088 0.000000000000000
 6 27.19545987215285 0.000000000000000
 7 28.83789661594018 0.000000000000000
 8 30.59047279500041 0.000000000000000
 9 33.74211258562335 0.000000000000000
 10 36.79534594525133 0.000000000000000
 11 38.78681921094206 0.000000000000000
 12 44.38490588654627 0.000000000000000

 spin=1 k-point=607/868 Cartesian=-0.08230452674896974 0.2469135802469104 -0.08230452674896972 (466 plane wave)
 1 4.379642192465892 0.002314814814814786
 2 6.832337196781594 0.002314569309584566
 3 8.062932040811171 9.470587389409982e-05
 4 15.63183032935422 0.000000000000000
 5 17.54436265725335 0.000000000000000
 6 28.56560354630679 0.000000000000000
 7 30.84715549177894 0.000000000000000
 8 31.01889805315879 0.000000000000000
 9 31.57330098105581 0.000000000000000
 10 34.56649058240254 0.000000000000000
 11 40.86265764358807 0.000000000000000
 12 41.62373010742354 0.000000000000000

 spin=1 k-point=608/868 Cartesian=-0.1028806584362149 0.2674897119341555 -0.06172839506172458 (477 plane wave)
 1 4.564513250055380 0.002314814814814757
 2 6.004741757116648 0.002314814752311255
 3 9.262644773036335 6.084589699750499e-10
 4 13.62511308822413 0.000000000000000
 5 19.90670201648711 0.000000000000000
 6 27.19545986598211 0.000000000000000
 7 28.83789662291417 0.000000000000000
 8 30.59047279317710 0.000000000000000
 9 33.74211259051908 0.000000000000000
 10 36.79534594251850 0.000000000000000
 11 38.78681920923408 0.000000000000000
 12 44.38490588905207 0.000000000000000

 spin=1 k-point=609/868 Cartesian=-0.1234567901234565 0.2880658436213972 -0.04115226337448297 (478 plane wave)
 1 5.094649318435739 0.002314814814807819
 2 5.136576616146132 0.002314814814804186
 3 11.24154707052371 0.000000000000000
 4 11.28265376331489 0.000000000000000
 5 22.88609995794215 0.000000000000000
 6 23.92111725713442 0.000000000000000
 7 28.96111303414052 0.000000000000000
 8 30.14911149903195 0.000000000000000
 9 35.72988356489923 0.000000000000000
 10 35.84247232602971 0.000000000000000
 11 41.82137071062988 0.000000000000000
 12 42.40672901598454 0.000000000000000

 spin=1 k-point=610/868 Cartesian=-0.1028806584362149 -0.06172839506172458 0.2674897119341555 (477 plane wave)
 1 4.564513250937901 0.002314814814814757
 2 6.004741757066111 0.002314814752311255
 3 9.262644773735285 6.084589657222321e-10
 4 13.62511308427345 0.000000000000000
 5 19.90670201439689 0.000000000000000
 6 27.19545988320069 0.000000000000000
 7 28.83789661627444 0.000000000000000
 8 30.59047279279639 0.000000000000000
 9 33.74211258835449 0.000000000000000
 10 36.79534593250806 0.000000000000000
 11 38.78681921143868 0.000000000000000
 12 44.38490589190503 0.000000000000000

 spin=1 k-point=611/868 Cartesian=-0.08230452674896972 -0.08230452674896972 0.2469135802469104 (466 plane wave)
 1 4.379642194191909 0.002314814814814786
 2 6.832337196357230 0.002314569309585608
 3 8.062932040781295 9.470587392123599e-05
 4 15.63183031980925 0.000000000000000
 5 17.54436266130438 0.000000000000000
 6 28.56560355500312 0.000000000000000
 7 30.84715548903489 0.000000000000000
 8 31.01889806136742 0.000000000000000
 9 31.57330099385526 0.000000000000000
 10 34.56649055296683 0.000000000000000
 11 40.86265762313748 0.000000000000000
 12 41.62373013641265 0.000000000000000

 spin=1 k-point=612/868 Cartesian=-0.06172839506172810 -0.1028806584362113 0.2263374485596688 (477 plane wave)
 1 4.564513253312132 0.002314814814814757
 2 6.004741754580917 0.002314814752311257
 3 9.262644773367301 6.084589679612677e-10
 4 13.62511308473492 0.000000000000000
 5 19.90670201403417 0.000000000000000
 6 27.19545987353638 0.000000000000000
 7 28.83789662252617 0.000000000000000
 8 30.59047279420211 0.000000000000000
 9 33.74211259792978 0.000000000000000
 10 36.79534592331079 0.000000000000000
 11 38.78681921682890 0.000000000000000
 12 44.38490589217016 0.000000000000000

 spin=1 k-point=613/868 Cartesian=-0.04115226337448646 -0.1234567901234530 0.2057613168724272 (478 plane wave)
 1 5.094649425348003 0.002314814814807819
 2 5.136576509416211 0.002314814814804186
 3 11.24154707851783 0.000000000000000
 4 11.28265375435269 0.000000000000000
 5 22.88609995481786 0.000000000000000
 6 23.92111725724902 0.000000000000000
 7 28.96111303764213 0.000000000000000
 8 30.14911149781708 0.000000000000000
 9 35.72988359040031 0.000000000000000
 10 35.84247230607304 0.000000000000000
 11 41.82137071892360 0.000000000000000
 12 42.40672901152453 0.000000000000000

 spin=1 k-point=614/868 Cartesian=-0.02057613168724132 -0.1440329218106981 0.1851851851851820 (477 plane wave)
 1 4.564513253203385 0.002314814814814757
 2 6.004741754401357 0.002314814752311257
 3 9.262644773640186 6.084589663008598e-10
 4 13.62511308459422 0.000000000000000
 5 19.90670201606275 0.000000000000000
 6 27.19545987089771 0.000000000000000
 7 28.83789662105087 0.000000000000000
 8 30.59047279290270 0.000000000000000
 9 33.74211259941497 0.000000000000000
 10 36.79534592543516 0.000000000000000
 11 38.78681922063421 0.000000000000000
 12 44.38490588993350 0.000000000000000

 spin=1 k-point=615/868 Cartesian=0.02057613168724225 0.1440329218106985 -0.1440329218106985 (479 plane wave)
 1 2.560737943961406 0.002314814814814792
 2 7.013155709351371 0.002313318196873082
 3 10.25580052815728 2.958078631598198e-14
 4 16.82460966294625 0.000000000000000
 5 18.71309430385444 0.000000000000000
 6 27.58562927999590 0.000000000000000
 7 29.02761871285530 0.000000000000000
 8 30.62650292476525 0.000000000000000
 9 31.91864773982079 0.000000000000000
 10 33.96371980682904 0.000000000000000
 11 36.79588923462678 0.000000000000000
 12 42.40430306923792 0.000000000000000

 spin=1 k-point=616/868 Cartesian=0.000000000000000 0.1646090534979404 -0.1234567901234565 (476 plane wave)
 1 2.621822459812216 0.002314814814814792
 2 8.102052841481273 6.490355698507536e-05
 3 9.291922373606054 4.540255487809621e-10
 4 14.68811516134159 0.000000000000000
 5 20.94662819828247 0.000000000000000
 6 26.38160077081520 0.000000000000000
 7 27.45362424689930 0.000000000000000
 8 32.47699028912616 0.000000000000000
 9 32.50327179912995 0.000000000000000
 10 34.87053887656327 0.000000000000000
 11 39.11892740869369 0.000000000000000
 12 39.99163721649832 0.000000000000000

 spin=1 k-point=617/868 Cartesian=-0.02057613168724483 0.1851851851851855 -0.1028806584362114 (482 plane wave)
 1 3.055900505163408 0.002314814814814792
 2 7.514445783650816 0.002109624697960589
 3 10.73927478026232 0.000000000000000
 4 12.19167687771280 0.000000000000000
 5 22.66144412311778 0.000000000000000
 6 24.30646203388494 0.000000000000000
 7 26.24638551607574 0.000000000000000
 8 33.27131712731264 0.000000000000000
 9 35.20103377450950 0.000000000000000
 10 36.53880514174097 0.000000000000000
 11 38.94092544614990 0.000000000000000
 12 42.88367672025773 0.000000000000000

 spin=1 k-point=618/868 Cartesian=-0.04115226337448647 0.2057613168724272 -0.08230452674896974 (477 plane wave)
 1 3.856892160397213 0.002314814814814792
 2 6.871961457104492 0.002314449956396109
 3 10.02935337286475 2.847458839262322e-13
 4 12.94166710287565 0.000000000000000
 5 19.20788901768522 0.000000000000000
 6 25.17980656816635 0.000000000000000
 7 28.28760407333205 0.000000000000000
 8 33.77325457031257 0.000000000000000
 9 35.02396490118566 0.000000000000000
 10 37.41207873509161 0.000000000000000
 11 41.02492984764687 0.000000000000000
 12 43.68865325722083 0.000000000000000

 spin=1 k-point=619/868 Cartesian=-0.06172839506172811 0.2263374485596688 -0.06172839506172810 (476 plane wave)
 1 4.995532220161622 0.002314814814812204
 2 6.566665062025847 0.002314797584076942
 3 8.269674253481710 1.242542248447361e-05
 4 14.81348765823060 0.000000000000000
 5 16.72636082065899 0.000000000000000
 6 24.92968465054286 0.000000000000000
 7 31.61637260490591 0.000000000000000
 8 33.17246739887604 0.000000000000000
 9 34.65205201036559 0.000000000000000
 10 37.04943414835871 0.000000000000000
 11 40.49787894629176 0.000000000000000
 12 46.33869215869903 0.000000000000000

 spin=1 k-point=620/868 Cartesian=-0.08230452674897323 0.2469135802469139 -0.04115226337448296 (483 plane wave)
 1 6.070256737412925 0.002314814694468533
 2 6.619292544460156 0.002314785649951556
 3 7.321437804384375 0.002282592523545373
 4 12.69173820395144 0.000000000000000
 5 18.96685825299107 0.000000000000000
 6 24.98546814927708 0.000000000000000
 7 30.43543656201024 0.000000000000000
 8 31.57497808283862 0.000000000000000
 9 36.51524844278408 0.000000000000000
 10 38.32591983648881 0.000000000000000
 11 43.08287576489660 0.000000000000000
 12 43.73513987757241 0.000000000000000

 spin=1 k-point=621/868 Cartesian=-0.1028806584362149 0.2674897119341555 -0.02057613168724134 (476 plane wave)
 1 5.499607839903717 0.002314814814414722
 2 7.009835546767891 0.002313367040623062
 3 8.764429518959670 8.870266259790904e-08
 4 10.24105607918005 3.428025613361048e-14
 5 22.25732253124662 0.000000000000000
 6 25.27599636801499 0.000000000000000
 7 27.06225702618439 0.000000000000000
 8 30.23438054836965 0.000000000000000
 9 38.99041064382902 0.000000000000000
 10 40.45880777666097 0.000000000000000
 11 42.64733611628883 0.000000000000000
 12 44.09105639551056 0.000000000000000

 spin=1 k-point=622/868 Cartesian=-0.1234567901234565 -0.04115226337448295 0.2469135802469140 (479 plane wave)
 1 4.863363039164377 0.002314814814814101
 2 7.340137601742613 0.002276077695654579
 3 8.550081604658699 7.563325090304498e-07
 4 11.01289310516466 0.000000000000000
 5 23.05312349697225 0.000000000000000
 6 25.63455018270794 0.000000000000000
 7 26.75466693765989 0.000000000000000
 8 29.60614309002725 0.000000000000000
 9 37.69213576884533 0.000000000000000
 10 39.26549113588199 0.000000000000000
 11 41.42640899268341 0.000000000000000
 12 42.13228473266012 0.000000000000000

 spin=1 k-point=623/868 Cartesian=-0.1028806584362114 -0.06172839506172809 0.2263374485596688 (477 plane wave)
 1 4.564513253342451 0.002314814814814757
 2 6.004741754530206 0.002314814752311257
 3 9.262644773402592 6.084589677465288e-10
 4 13.62511308476268 0.000000000000000
 5 19.90670201355207 0.000000000000000
 6 27.19545987805609 0.000000000000000
 7 28.83789662022325 0.000000000000000
 8 30.59047278929528 0.000000000000000
 9 33.74211260007969 0.000000000000000
 10 36.79534592716480 0.000000000000000
 11 38.78681921458298 0.000000000000000
 12 44.38490589206953 0.000000000000000

 spin=1 k-point=624/868 Cartesian=-0.08230452674896972 -0.08230452674896972 0.2057613168724272 (473 plane wave)
 1 4.596565453646551 0.002314814814814744
 2 4.648514479838313 0.002314814814814711
 3 10.77462785343754 0.000000000000000
 4 15.88353550108958 0.000000000000000
 5 17.78038935889651 0.000000000000000
 6 28.14735061671865 0.000000000000000
 7 28.53442024383438 0.000000000000000
 8 30.36756196582394 0.000000000000000
 9 34.21706107990219 0.000000000000000
 10 34.74532477257530 0.000000000000000
 11 37.31055915309224 0.000000000000000
 12 46.40651415465388 0.000000000000000

 spin=1 k-point=625/868 Cartesian=-0.06172839506172809 -0.1028806584362114 0.1851851851851855 (476 plane wave)
 1 3.559814647111393 0.002314814814814792
 2 5.069348474639131 0.002314814814809377
 3 12.68597441184421 0.000000000000000
 4 14.12332064670847 0.000000000000000
 5 20.36377468551407 0.000000000000000
 6 24.86117422540951 0.000000000000000
 7 29.22591745516178 0.000000000000000
 8 31.27238234218197 0.000000000000000
 9 32.48579403419357 0.000000000000000
 10 34.43404719512164 0.000000000000000
 11 40.55551327894510 0.000000000000000
 12 41.93937624684661 0.000000000000000

 spin=1 k-point=626/868 Cartesian=0.04115226337448358 0.1234567901234571 -0.1646090534979398 (476 plane wave)
 1 2.873901573554741 0.002314814814814792
 2 5.871778668150911 0.002314814798277930
 3 12.00730264545462 0.000000000000000
 4 14.93565102659216 0.000000000000000
 5 21.14565600145458 0.000000000000000
 6 24.21291411883599 0.000000000000000
 7 29.74805740614057 0.000000000000000
 8 30.70686471237091 0.000000000000000
 9 32.97098836697836 0.000000000000000
 10 33.89711991349110 0.000000000000000
 11 37.32358915791438 0.000000000000000
 12 45.51805432980701 0.000000000000000

 spin=1 k-point=627/868 Cartesian=0.04115226337448389 0.1234567901234568 -0.1234567901234568 (483 plane wave)
 1 1.114931129651817 0.002314814814814792
 2 7.129633900754291 0.002310024647657045
 3 13.24120216510358 0.000000000000000
 4 18.37915973370350 0.000000000000000
 5 20.21435163412185 0.000000000000000
 6 24.63588872205223 0.000000000000000
 7 26.41344949650236 0.000000000000000
 8 30.69364991049831 0.000000000000000
 9 31.21074442890372 0.000000000000000
 10 33.22367210615818 0.000000000000000
 11 38.07232125798878 0.000000000000000
 12 43.18380683854968 0.000000000000000

 spin=1 k-point=628/868 Cartesian=0.02057613168724195 0.1440329218106988 -0.1028806584362149 (479 plane wave)
 1 1.050845561997277 0.002314814814814792
 2 8.522553593939898 9.959108483000852e-07
 3 11.73316695163899 0.000000000000000
 4 16.12365921931281 0.000000000000000
 5 22.23322559987767 0.000000000000000
 6 23.89695935541399 0.000000000000000
 7 26.93236071024583 0.000000000000000
 8 30.08340071555507 0.000000000000000
 9 33.09695755696927 0.000000000000000
 10 34.85204184229334 0.000000000000000
 11 38.00374153063643 0.000000000000000
 12 40.93568911495885 0.000000000000000

 spin=1 k-point=629/868 Cartesian=0.000000000000000 0.1646090534979439 -0.08230452674896974 (481 plane wave)
 1 1.362573065594301 0.002314814814814792
 2 9.878294990965843 1.289721181719406e-12
 3 10.98754221470269 0.000000000000000
 4 13.50321319322346 0.000000000000000
 5 22.08425104802592 0.000000000000000
 6 23.11279623700272 0.000000000000000
 7 25.98737515300655 0.000000000000000
 8 34.16830370812236 0.000000000000000
 9 35.33938359904481 0.000000000000000
 10 37.29794167175955 0.000000000000000
 11 37.91664869522796 0.000000000000000
 12 39.54296704652162 0.000000000000000

 spin=1 k-point=630/868 Cartesian=-0.02057613168724483 0.1851851851851855 -0.06172839506172809 (476 plane wave)
 1 2.048052938174761 0.002314814814814792
 2 9.516477920542957 4.806708441675598e-11
 3 11.20714255044892 0.000000000000000
 4 12.65436354847330 0.000000000000000
 5 18.82074247001457 0.000000000000000
 6 22.04849463142131 0.000000000000000
 7 29.42691122352944 0.000000000000000
 8 35.52684600318888 0.000000000000000
 9 36.94381523990779 0.000000000000000
 10 38.30833067889790 0.000000000000000
 11 40.64569014733823 0.000000000000000
 12 41.87222715212800 0.000000000000000

 spin=1 k-point=631/868 Cartesian=-0.04115226337448646 0.2057613168724272 -0.04115226337448646 (472 plane wave)
 1 3.100702805837670 0.002314814814814792
 2 9.108515115407567 2.841892467520003e-09
 3 9.284171224758722 4.906175790700826e-10
 4 14.37291386891891 0.000000000000000
 5 16.24712659401512 0.000000000000000
 6 21.60369778648413 0.000000000000000
 7 32.67217295742860 0.000000000000000
 8 34.44992698359682 0.000000000000000
 9 38.68764542959980 0.000000000000000
 10 39.25159130949097 0.000000000000000
 11 41.33542395829316 0.000000000000000
 12 44.30788950665958 0.000000000000000

 spin=1 k-point=632/868 Cartesian=-0.06172839506173160 0.2263374485596723 -0.02057613168724132 (478 plane wave)
 1 4.490764517828045 0.002314814814814775
 2 7.771388786867059 0.001019693505890899
 3 9.012150681205252 7.449245706147051e-09
 4 12.15399723092256 0.000000000000000
 5 18.32844998169382 0.000000000000000
 6 21.58713797516737 0.000000000000000
 7 31.84982741420311 0.000000000000000
 8 34.92830608505631 0.000000000000000
 9 38.14494043371787 0.000000000000000
 10 41.24641083371068 0.000000000000000
 11 42.76601987026643 0.000000000000000
 12 44.38218829953743 0.000000000000000

 spin=1 k-point=633/868 Cartesian=-0.08230452674897323 0.2469135802469139 0.000000000000000 (478 plane wave)
 1 5.816199991105048 0.002314814805328905
 2 7.073056433081588 0.002312091948769981
 3 8.862725136763784 3.319361269065623e-08
 4 9.997278783370028 3.924240913385139e-13
 5 21.07544319543063 0.000000000000000
 6 22.35485502847151 0.000000000000000
 7 30.19161012617766 0.000000000000000
 8 31.47384648039953 0.000000000000000
 9 41.68644853614546 0.000000000000000
 10 42.72581778285945 0.000000000000000
 11 43.53846125847222 0.000000000000000
 12 43.69745046964439 0.000000000000000

 spin=1 k-point=634/868 Cartesian=-0.1440329218106981 -0.02057613168724131 0.2263374485596723 (476 plane wave)
 1 5.499607841500456 0.002314814814414722
 2 7.009835545417037 0.002313367040642606
 3 8.764429519020913 8.870266254358688e-08
 4 10.24105607839105 3.428025640408225e-14
 5 22.25732252916008 0.000000000000000
 6 25.27599637266967 0.000000000000000
 7 27.06225702456497 0.000000000000000
 8 30.23438054709897 0.000000000000000
 9 38.99041064775560 0.000000000000000
 10 40.45880777689039 0.000000000000000
 11 42.64733612397768 0.000000000000000
 12 44.09105638744008 0.000000000000000

 spin=1 k-point=635/868 Cartesian=-0.1234567901234530 -0.04115226337448645 0.2057613168724272 (478 plane wave)
 1 5.094649427067331 0.002314814814807819
 2 5.136576507646884 0.002314814814804186
 3 11.24154705567080 0.000000000000000
 4 11.28265377745196 0.000000000000000
 5 22.88609995183379 0.000000000000000
 6 23.92111726104054 0.000000000000000
 7 28.96111304016616 0.000000000000000
 8 30.14911149117297 0.000000000000000
 9 35.72988357481261 0.000000000000000
 10 35.84247232723111 0.000000000000000
 11 41.82137072557474 0.000000000000000
 12 42.40672900209280 0.000000000000000

 spin=1 k-point=636/868 Cartesian=-0.1028806584362114 -0.06172839506172809 0.1851851851851855 (476 plane wave)
 1 3.559814647094115 0.002314814814814792
 2 5.069348474631878 0.002314814814809377
 3 12.68597441101848 0.000000000000000
 4 14.12332064797102 0.000000000000000
 5 20.36377468456399 0.000000000000000
 6 24.86117422813895 0.000000000000000
 7 29.22591744825408 0.000000000000000
 8 31.27238234296917 0.000000000000000
 9 32.48579403890357 0.000000000000000
 10 34.43404719524725 0.000000000000000
 11 40.55551328131254 0.000000000000000
 12 41.93937624214910 0.000000000000000

 spin=1 k-point=637/868 Cartesian=0.08230452674897035 0.08230452674897035 -0.1646090534979433 (478 plane wave)
 1 2.371022963431683 0.002314814814814792
 2 5.388012033615686 0.002314814814683728
 3 14.48151262516807 0.000000000000000
 4 16.63728681020031 0.000000000000000
 5 18.47802806571549 0.000000000000000
 6 25.87117141004365 0.000000000000000
 7 27.52070782235652 0.000000000000000
 8 29.53057249468927 0.000000000000000
 9 30.53103310195002 0.000000000000000
 10 37.91756343981537 0.000000000000000
 11 40.09354932962678 0.000000000000000
 12 41.22679855189371 0.000000000000000

 spin=1 k-point=638/868 Cartesian=0.06172839506172521 0.1028806584362155 -0.1440329218106981 (475 plane wave)
 1 1.555243492103112 0.002314814814814792
 2 6.076242837776390 0.002314814687044494
 3 15.10683979772488 0.000000000000000
 4 16.61121140976320 0.000000000000000
 5 21.18257578087020 0.000000000000000
 6 23.03719641868586 0.000000000000000
 7 27.56108855048760 0.000000000000000
 8 28.98520428104141 0.000000000000000
 9 30.78218389271625 0.000000000000000
 10 36.43277117521859 0.000000000000000
 11 38.63497650716581 0.000000000000000
 12 42.73903049406108 0.000000000000000

 spin=1 k-point=639/868 Cartesian=0.06172839506172903 0.1028806584362117 -0.1028806584362117 (484 plane wave)
 1 0.04477845660650766 0.002314814814814792
 2 7.583676406573257 0.001938114838448926
 3 16.55586508964863 0.000000000000000
 4 20.16804213963380 0.000000000000000
 5 21.92719593865508 0.000000000000000
 6 22.20828516151607 0.000000000000000
 7 24.11773429291522 0.000000000000000
 8 27.66601122935768 0.000000000000000
 9 31.14005903301314 0.000000000000000
 10 33.11838075061110 0.000000000000000
 11 38.71906545316443 0.000000000000000
 12 42.61211743086911 0.000000000000000

 spin=1 k-point=640/868 Cartesian=0.04115226337448709 0.1234567901234536 -0.08230452674896972 (479 plane wave)
 1 -0.1449699917013932 0.002314814814814792
 2 8.884846999467840 2.660612980862872e-08
 3 14.92608267520871 0.000000000000000
 4 17.91585181242876 0.000000000000000
 5 21.06475919858066 0.000000000000000
 6 24.19734280677932 0.000000000000000
 7 26.74843991451907 0.000000000000000
 8 27.91927865248605 0.000000000000000
 9 30.51240022654305 0.000000000000000
 10 33.71423136109070 0.000000000000000
 11 39.71405686850139 0.000000000000000
 12 42.00978832711829 0.000000000000000

 spin=1 k-point=641/868 Cartesian=0.02057613168724195 0.1440329218106988 -0.06172839506172459 (477 plane wave)
 1 0.04239787826976237 0.002314814814814792
 2 10.52403502904785 2.023400220192027e-15
 3 13.64939494854349 0.000000000000000
 4 15.18847965728104 0.000000000000000
 5 19.79745232297199 0.000000000000000
 6 22.94622765459202 0.000000000000000
 7 27.46577492675540 0.000000000000000
 8 31.95702818787407 0.000000000000000
 9 33.54337862152829 0.000000000000000
 10 35.38613374418556 0.000000000000000
 11 39.37333981941908 0.000000000000000
 12 41.62663620409950 0.000000000000000

 spin=1 k-point=642/868 Cartesian=0.000000000000000 0.1646090534979404 -0.04115226337448295 (476 plane wave)
 1 0.6060520303792403 0.002314814814814792
 2 12.15603142041092 0.000000000000000
 3 12.76316529212189 0.000000000000000
 4 13.06765065990852 0.000000000000000
 5 18.28918494041809 0.000000000000000
 6 19.79823362626524 0.000000000000000
 7 30.90890508909060 0.000000000000000
 8 35.98225709128167 0.000000000000000
 9 37.18881779574820 0.000000000000000
 10 37.58991622040827 0.000000000000000
 11 37.60264906292880 0.000000000000000
 12 42.81609794361021 0.000000000000000

 spin=1 k-point=643/868 Cartesian=-0.02057613168724132 0.1851851851851820 -0.02057613168724132 (469 plane wave)
 1 1.543664258123232 0.002314814814814792
 2 10.71163841395584 0.000000000000000
 3 11.96245426347857 0.000000000000000
 4 14.31121383020519 0.000000000000000
 5 15.98724936705649 0.000000000000000
 6 18.83277419915062 0.000000000000000
 7 34.07168927505619 0.000000000000000
 8 35.79861683850100 0.000000000000000
 9 39.28604344294548 0.000000000000000
 10 39.88345200853599 0.000000000000000
 11 42.14247040089542 0.000000000000000
 12 42.15497369375419 0.000000000000000

 spin=1 k-point=644/868 Cartesian=-0.04115226337448646 0.2057613168724272 0.000000000000000 (471 plane wave)
 1 2.848480100420216 0.002314814814814792
 2 9.035116944775185 5.920676690260931e-09
 3 11.39482682356606 0.000000000000000
 4 12.31605287710620 0.000000000000000
 5 17.52996888137320 0.000000000000000
 6 19.10854345748522 0.000000000000000
 7 33.15146178050689 0.000000000000000
 8 38.62289781456784 0.000000000000000
 9 38.98143710852197 0.000000000000000
 10 40.22861043379681 0.000000000000000
 11 42.10996569430264 0.000000000000000
 12 42.84462577357728 0.000000000000000

 spin=1 k-point=645/868 Cartesian=-0.06172839506172808 0.2263374485596688 0.02057613168724543 (478 plane wave)
 1 4.490764517602268 0.002314814814814775
 2 7.771388788049126 0.001019693499147078
 3 9.012150681533146 7.449245681721424e-09
 4 12.15399722836263 0.000000000000000
 5 18.32844998263406 0.000000000000000
 6 21.58713797591707 0.000000000000000
 7 31.84982741500578 0.000000000000000
 8 34.92830608767307 0.000000000000000
 9 38.14494043449331 0.000000000000000
 10 41.24641081808477 0.000000000000000
 11 42.76601985262587 0.000000000000000
 12 44.38218830976398 0.000000000000000

 spin=1 k-point=646/868 Cartesian=-0.1646090534979433 0.000000000000000 0.2057613168724272 (483 plane wave)
 1 6.070256737340842 0.002314814694468533
 2 6.619292548187844 0.002314785649950469
 3 7.321437801483028 0.002282592524467240
 4 12.69173820140287 0.000000000000000
 5 18.96685825350146 0.000000000000000
 6 24.98546815169296 0.000000000000000
 7 30.43543656272021 0.000000000000000
 8 31.57497808170075 0.000000000000000
 9 36.51524844919587 0.000000000000000
 10 38.32591982739233 0.000000000000000
 11 43.08287574933957 0.000000000000000
 12 43.73513989358575 0.000000000000000

 spin=1 k-point=647/868 Cartesian=-0.1440329218106981 -0.02057613168724132 0.1851851851851820 (477 plane wave)
 1 4.564513253098566 0.002314814814814757
 2 6.004741754484962 0.002314814752311257
 3 9.262644773144642 6.084589693160564e-10
 4 13.62511308574291 0.000000000000000
 5 19.90670201587480 0.000000000000000
 6 27.19545986864403 0.000000000000000
 7 28.83789662449929 0.000000000000000
 8 30.59047278791726 0.000000000000000
 9 33.74211260103255 0.000000000000000
 10 36.79534593347600 0.000000000000000
 11 38.78681921437566 0.000000000000000
 12 44.38490589136436 0.000000000000000

 spin=1 k-point=648/868 Cartesian=0.1234567901234571 0.04115226337448358 -0.1646090534979398 (476 plane wave)
 1 2.873901573493739 0.002314814814814792
 2 5.871778668178783 0.002314814798277930
 3 12.00730264450885 0.000000000000000
 4 14.93565102848920 0.000000000000000
 5 21.14565600067796 0.000000000000000
 6 24.21291411945046 0.000000000000000
 7 29.74805739851825 0.000000000000000
 8 30.70686471512007 0.000000000000000
 9 32.97098837209917 0.000000000000000
 10 33.89711991608333 0.000000000000000
 11 37.32358915346910 0.000000000000000
 12 45.51805432913889 0.000000000000000

 spin=1 k-point=649/868 Cartesian=0.1028806584362155 0.06172839506172521 -0.1440329218106981 (475 plane wave)
 1 1.555243492076941 0.002314814814814792
 2 6.076242837783145 0.002314814687044494
 3 15.10683979499474 0.000000000000000
 4 16.61121141418941 0.000000000000000
 5 21.18257577841822 0.000000000000000
 6 23.03719642009340 0.000000000000000
 7 27.56108854585115 0.000000000000000
 8 28.98520428414067 0.000000000000000
 9 30.78218389472396 0.000000000000000
 10 36.43277117401379 0.000000000000000
 11 38.63497650513760 0.000000000000000
 12 42.73903049691350 0.000000000000000

 spin=1 k-point=650/868 Cartesian=0.08230452674897035 0.08230452674897035 -0.1234567901234530 (483 plane wave)
 1 0.6117130885091421 0.002314814814814792
 2 6.645763119249856 0.002314776811755451
 3 17.88649461299515 0.000000000000000
 4 18.54280391000816 0.000000000000000
 5 19.62259326418362 0.000000000000000
 6 24.11030706662975 0.000000000000000
 7 25.30002462524367 0.000000000000000
 8 26.10965074000651 0.000000000000000
 9 31.11296444320042 0.000000000000000
 10 36.22037468282998 0.000000000000000
 11 38.74617374804475 0.000000000000000
 12 42.41609627370534 0.000000000000000

 spin=1 k-point=651/868 Cartesian=0.1028806584362155 0.1028806584362155 -0.1028806584362155 (477 plane wave)
 1 1.053224691847170 0.002314814814814792
 2 5.581731629767532 0.002314814813905309
 3 19.67605005319521 0.000000000000000
 4 19.67605008670934 0.000000000000000
 5 21.69205807887723 0.000000000000000
 6 21.69205812165126 0.000000000000000
 7 22.66457827967736 0.000000000000000
 8 24.41916594390234 0.000000000000000
 9 35.16141945960417 0.000000000000000
 10 35.16141946293205 0.000000000000000
 11 38.43364424096248 0.000000000000000
 12 42.86132664453726 0.000000000000000

 spin=1 k-point=652/868 Cartesian=0.08230452674897355 0.1234567901234574 -0.08230452674897355 (483 plane wave)
 1 0.6117130885323138 0.002314814814814792
 2 6.645763119246913 0.002314776811755453
 3 17.88649461992706 0.000000000000000
 4 18.54280388802802 0.000000000000000
 5 19.62259328490243 0.000000000000000
 6 24.11030705220438 0.000000000000000
 7 25.30002462614562 0.000000000000000
 8 26.10965074633459 0.000000000000000
 9 31.11296444617622 0.000000000000000
 10 36.22037468472766 0.000000000000000
 11 38.74617374576443 0.000000000000000
 12 42.41609627243378 0.000000000000000

 spin=1 k-point=653/868 Cartesian=0.06172839506172841 0.1440329218107026 -0.06172839506172841 (481 plane wave)
 1 0.5469647003565368 0.002314814814814792
 2 8.077217151573015 8.254849757236337e-05
 3 15.66674390786568 0.000000000000000
 4 16.32820636933941 0.000000000000000
 5 18.15417982163074 0.000000000000000
 6 26.13061232158736 0.000000000000000
 7 27.05365567378794 0.000000000000000
 8 29.29514264006786 0.000000000000000
 9 29.72564916485748 0.000000000000000
 10 37.63225196761287 0.000000000000000
 11 39.93651641569586 0.000000000000000
 12 42.33513987797524 0.000000000000000

 spin=1 k-point=654/868 Cartesian=0.04115226337448678 0.1646090534979442 -0.04115226337448678 (472 plane wave)
 1 0.8583434255258749 0.002314814814814792
 2 9.863911482150998 1.489232937138413e-12
 3 13.01426679390404 0.000000000000000
 4 15.13224574071692 0.000000000000000
 5 16.97476156076560 0.000000000000000
 6 22.30421269517425 0.000000000000000
 7 30.38564734096537 0.000000000000000
 8 32.33704413160989 0.000000000000000
 9 34.34540137854899 0.000000000000000
 10 39.30623423829974 0.000000000000000
 11 41.44074631467854 0.000000000000000
 12 42.41872943812345 0.000000000000000

 spin=1 k-point=655/868 Cartesian=0.02057613168724515 0.1851851851851858 -0.02057613168724515 (469 plane wave)
 1 1.543664258362580 0.002314814814814792
 2 10.71163841462116 0.000000000000000
 3 11.96245426425701 0.000000000000000
 4 14.31121382360430 0.000000000000000
 5 15.98724937165532 0.000000000000000
 6 18.83277419894086 0.000000000000000
 7 34.07168924943888 0.000000000000000
 8 35.79861687740507 0.000000000000000
 9 39.28604341625339 0.000000000000000
 10 39.88345203920578 0.000000000000000
 11 42.14247038372587 0.000000000000000
 12 42.15497368367924 0.000000000000000

 spin=1 k-point=656/868 Cartesian=0.000000000000000 0.2057613168724310 0.000000000000000 (464 plane wave)
 1 2.596240000144423 0.002314814814814792
 2 8.786063483353184 7.144712492560889e-08
 3 13.86827560481689 0.000000000000000
 4 13.86827561194056 0.000000000000000
 5 14.54971644651341 0.000000000000000
 6 17.07791420812444 0.000000000000000
 7 37.57684588134752 0.000000000000000
 8 38.80439557594878 0.000000000000000
 9 38.80439559510510 0.000000000000000
 10 41.04570188514460 0.000000000000000
 11 43.77057686965092 0.000000000000000
 12 44.12973551240207 0.000000000000000

 spin=1 k-point=657/868 Cartesian=-0.02057613168724162 0.2263374485596726 0.02057613168724162 (470 plane wave)
 1 3.985838709681687 0.002314814814814792
 2 7.273248800122592 0.002294807351763823
 3 11.45769358559895 0.000000000000000
 4 13.80440897770450 0.000000000000000
 5 15.49122778828568 0.000000000000000
 6 18.36178267908198 0.000000000000000
 7 36.60323895245548 0.000000000000000
 8 38.06297040978550 0.000000000000000
 9 39.55339733032328 0.000000000000000
 10 41.72563896250087 0.000000000000000
 11 42.90943543648665 0.000000000000000
 12 43.91486370513439 0.000000000000000

 spin=1 k-point=658/868 Cartesian=-0.2057613168724303 0.000000000000000 0.2057613168724303 (474 plane wave)
 1 5.308095917374166 0.002314814814755852
 2 6.579051900419760 0.002314795311931692
 3 8.856539445527444 3.531166918341818e-08
 4 14.11971052814708 0.000000000000000
 5 16.00353395481177 0.000000000000000
 6 21.36793825686424 0.000000000000000
 7 35.39876671522933 0.000000000000000
 8 35.50810797743766 0.000000000000000
 9 36.11136924120861 0.000000000000000
 10 38.72070190557933 0.000000000000000
 11 45.16945165841973 0.000000000000000
 12 45.79017051950262 0.000000000000000

 spin=1 k-point=659/868 Cartesian=0.1851851851851852 0.02057613168724577 -0.1851851851851852 (476 plane wave)
 1 4.995532223034419 0.002314814814812204
 2 6.566665059556743 0.002314797584077368
 3 8.269674253704292 1.242542245696548e-05
 4 14.81348765118386 0.000000000000000
 5 16.72636082564407 0.000000000000000
 6 24.92968465182358 0.000000000000000
 7 31.61637258786079 0.000000000000000
 8 33.17246742213258 0.000000000000000
 9 34.65205202120679 0.000000000000000
 10 37.04943412771902 0.000000000000000
 11 40.49787895069613 0.000000000000000
 12 46.33869216143158 0.000000000000000

 spin=1 k-point=660/868 Cartesian=0.1646090534979436 0.04115226337448739 -0.1646090534979436 (473 plane wave)
 1 4.596565456188433 0.002314814814814744
 2 4.648514477093503 0.002314814814814711
 3 10.77462785272986 0.000000000000000
 4 15.88353550303102 0.000000000000000
 5 17.78038936036840 0.000000000000000
 6 28.14735060735508 0.000000000000000
 7 28.53442023497729 0.000000000000000
 8 30.36756197923323 0.000000000000000
 9 34.21706107945619 0.000000000000000
 10 34.74532477927814 0.000000000000000
 11 37.31055915214964 0.000000000000000
 12 46.40651416236216 0.000000000000000

 spin=1 k-point=661/868 Cartesian=0.1440329218107020 0.06172839506172903 -0.1440329218107020 (475 plane wave)
 1 3.064617345683592 0.002314814814814792
 2 4.568414926438805 0.002314814814814756
 3 13.67070416016453 0.000000000000000
 4 17.32228454441163 0.000000000000000
 5 19.16485221260044 0.000000000000000
 6 25.06326450984985 0.000000000000000
 7 26.91559462912258 0.000000000000000
 8 30.50256878716782 0.000000000000000
 9 33.32741081752989 0.000000000000000
 10 34.15668545033822 0.000000000000000
 11 36.94484333581641 0.000000000000000
 12 44.86856006137624 0.000000000000000

 spin=1 k-point=662/868 Cartesian=0.1234567901234568 0.08230452674897418 -0.1234567901234568 (480 plane wave)
 1 1.871246370511211 0.002314814814814792
 2 4.889194116762845 0.002314814814813898
 3 16.86185819469744 0.000000000000000
 4 19.08131381385591 0.000000000000000
 5 20.79001302117651 0.000000000000000
 6 22.41627741298324 0.000000000000000
 7 24.45558142275883 0.000000000000000
 8 26.57352524191785 0.000000000000000
 9 34.47188547296084 0.000000000000000
 10 36.00583833319092 0.000000000000000
 11 38.79214227499352 0.000000000000000
 12 41.79622801597763 0.000000000000000

 spin=1 k-point=663/868 Cartesian=0.1234567901234574 0.08230452674897355 -0.08230452674897355 (483 plane wave)
 1 0.6117130885174652 0.002314814814814792
 2 6.645763119245488 0.002314776811755453
 3 17.88649461428717 0.000000000000000
 4 18.54280389894997 0.000000000000000
 5 19.62259327848033 0.000000000000000
 6 24.11030705569594 0.000000000000000
 7 25.30002462649738 0.000000000000000
 8 26.10965074466290 0.000000000000000
 9 31.11296444436676 0.000000000000000
 10 36.22037468271647 0.000000000000000
 11 38.74617374921068 0.000000000000000
 12 42.41609626946020 0.000000000000000

 spin=1 k-point=664/868 Cartesian=0.1028806584362155 0.1028806584362155 -0.06172839506173160 (484 plane wave)
 1 0.04477845662311751 0.002314814814814792
 2 7.583676406586345 0.001938114838407649
 3 16.55586509122386 0.000000000000000
 4 20.16804212606935 0.000000000000000
 5 21.92719593780443 0.000000000000000
 6 22.20828518471932 0.000000000000000
 7 24.11773428223822 0.000000000000000
 8 27.66601122905005 0.000000000000000
 9 31.14005903504258 0.000000000000000
 10 33.11838074901640 0.000000000000000
 11 38.71906545429839 0.000000000000000
 12 42.61211742789752 0.000000000000000

 spin=1 k-point=665/868 Cartesian=0.08230452674897036 0.1234567901234606 -0.04115226337448646 (479 plane wave)
 1 -0.1449699916768984 0.002314814814814792
 2 8.884846999505809 2.660612979852682e-08
 3 14.92608267648573 0.000000000000000
 4 17.91585180890853 0.000000000000000
 5 21.06475919905390 0.000000000000000
 6 24.19734280703246 0.000000000000000
 7 26.74843992486898 0.000000000000000
 8 27.91927864609034 0.000000000000000
 9 30.51240022258596 0.000000000000000
 10 33.71423136209111 0.000000000000000
 11 39.71405687031287 0.000000000000000
 12 42.00978832425763 0.000000000000000

 spin=1 k-point=666/868 Cartesian=0.06172839506172872 0.1440329218107023 -0.02057613168724483 (477 plane wave)
 1 0.04239787830235368 0.002314814814814792
 2 10.52403502913559 2.023400218416617e-15
 3 13.64939495005202 0.000000000000000
 4 15.18847965477231 0.000000000000000
 5 19.79745232364216 0.000000000000000
 6 22.94622765325717 0.000000000000000
 7 27.46577492977771 0.000000000000000
 8 31.95702819218815 0.000000000000000
 9 33.54337861190033 0.000000000000000
 10 35.38613374689280 0.000000000000000
 11 39.37333982170718 0.000000000000000
 12 41.62663620545750 0.000000000000000

 spin=1 k-point=667/868 Cartesian=0.04115226337448709 0.1646090534979439 0.000000000000000 (476 plane wave)
 1 0.6060520304195595 0.002314814814814792
 2 12.15603142084779 0.000000000000000
 3 12.76316529677783 0.000000000000000
 4 13.06765065426832 0.000000000000000
 5 18.28918494120957 0.000000000000000
 6 19.79823362552751 0.000000000000000
 7 30.90890508886492 0.000000000000000
 8 35.98225710196272 0.000000000000000
 9 37.18881778523015 0.000000000000000
 10 37.58991620701677 0.000000000000000
 11 37.60264907728852 0.000000000000000
 12 42.81609794679418 0.000000000000000

 spin=1 k-point=668/868 Cartesian=0.02057613168724194 0.1851851851851890 0.02057613168724194 (469 plane wave)
 1 1.543664258168999 0.002314814814814792
 2 10.71163841431950 0.000000000000000
 3 11.96245426287726 0.000000000000000
 4 14.31121383036411 0.000000000000000
 5 15.98724936696962 0.000000000000000
 6 18.83277419900133 0.000000000000000
 7 34.07168926975868 0.000000000000000
 8 35.79861684775388 0.000000000000000
 9 39.28604343687048 0.000000000000000
 10 39.88345202297123 0.000000000000000
 11 42.14247038458350 0.000000000000000
 12 42.15497368151014 0.000000000000000

 spin=1 k-point=669/868 Cartesian=0.000000000000000 0.2057613168724307 0.04115226337448355 (471 plane wave)
 1 2.848480100467439 0.002314814814814792
 2 9.035116944806520 5.920676688405717e-09
 3 11.39482682291057 0.000000000000000
 4 12.31605287777785 0.000000000000000
 5 17.52996888100022 0.000000000000000
 6 19.10854345758197 0.000000000000000
 7 33.15146178065606 0.000000000000000
 8 38.62289781786377 0.000000000000000
 9 38.98143711093666 0.000000000000000
 10 40.22861043000817 0.000000000000000
 11 42.10996568825767 0.000000000000000
 12 42.84462577788265 0.000000000000000

 spin=1 k-point=670/868 Cartesian=0.2263374485596723 -0.02057613168724132 -0.1851851851851884 (478 plane wave)
 1 4.490764517636756 0.002314814814814775
 2 7.771388788039435 0.001019693499202370
 3 9.012150681394262 7.449245692067248e-09
 4 12.15399722853017 0.000000000000000
 5 18.32844998247888 0.000000000000000
 6 21.58713797590345 0.000000000000000
 7 31.84982741602884 0.000000000000000
 8 34.92830608810220 0.000000000000000
 9 38.14494043262086 0.000000000000000
 10 41.24641081697600 0.000000000000000
 11 42.76601985256784 0.000000000000000
 12 44.38218831035817 0.000000000000000

 spin=1 k-point=671/868 Cartesian=0.2057613168724272 0.000000000000000 -0.1646090534979433 (483 plane wave)
 1 6.070256737331525 0.002314814694468533
 2 6.619292548137985 0.002314785649950484
 3 7.321437801460654 0.002282592524474349
 4 12.69173820153098 0.000000000000000
 5 18.96685825353049 0.000000000000000
 6 24.98546815177291 0.000000000000000
 7 30.43543656290303 0.000000000000000
 8 31.57497808163638 0.000000000000000
 9 36.51524844889789 0.000000000000000
 10 38.32591982699778 0.000000000000000
 11 43.08287574915429 0.000000000000000
 12 43.73513989308938 0.000000000000000

 spin=1 k-point=672/868 Cartesian=0.1851851851851855 0.02057613168724545 -0.1440329218107017 (477 plane wave)
 1 4.564513253090947 0.002314814814814757
 2 6.004741754426165 0.002314814752311257
 3 9.262644773050154 6.084589698909714e-10
 4 13.62511308595944 0.000000000000000
 5 19.90670201629977 0.000000000000000
 6 27.19545987135857 0.000000000000000
 7 28.83789661803194 0.000000000000000
 8 30.59047278900545 0.000000000000000
 9 33.74211260431379 0.000000000000000
 10 36.79534593424355 0.000000000000000
 11 38.78681921236031 0.000000000000000
 12 44.38490589108878 0.000000000000000

 spin=1 k-point=673/868 Cartesian=0.1646090534979439 0.04115226337448708 -0.1234567901234600 (476 plane wave)
 1 2.873901573489349 0.002314814814814792
 2 5.871778668142205 0.002314814798277930
 3 12.00730264405792 0.000000000000000
 4 14.93565102904597 0.000000000000000
 5 21.14565600316265 0.000000000000000
 6 24.21291411654615 0.000000000000000
 7 29.74805739483483 0.000000000000000
 8 30.70686471436953 0.000000000000000
 9 32.97098837739179 0.000000000000000
 10 33.89711991925097 0.000000000000000
 11 37.32358914982422 0.000000000000000
 12 45.51805433195976 0.000000000000000

 spin=1 k-point=674/868 Cartesian=0.1440329218106988 0.06172839506173223 -0.1028806584362149 (475 plane wave)
 1 1.555243492078424 0.002314814814814792
 2 6.076242837763006 0.002314814687044494
 3 15.10683979310300 0.000000000000000
 4 16.61121141599662 0.000000000000000
 5 21.18257578665314 0.000000000000000
 6 23.03719640995122 0.000000000000000
 7 27.56108854242460 0.000000000000000
 8 28.98520429055491 0.000000000000000
 9 30.78218389367343 0.000000000000000
 10 36.43277117725248 0.000000000000000
 11 38.63497650166782 0.000000000000000
 12 42.73903050069670 0.000000000000000

 spin=1 k-point=675/868 Cartesian=0.1440329218107026 0.06172839506172841 -0.06172839506172841 (481 plane wave)
 1 0.5469647003307611 0.002314814814814792
 2 8.077217151547456 8.254849759270896e-05
 3 15.66674391037850 0.000000000000000
 4 16.32820636557123 0.000000000000000
 5 18.15417982266202 0.000000000000000
 6 26.13061232725936 0.000000000000000
 7 27.05365567530479 0.000000000000000
 8 29.29514262769263 0.000000000000000
 9 29.72564916857244 0.000000000000000
 10 37.63225196454841 0.000000000000000
 11 39.93651642216447 0.000000000000000
 12 42.33513987521460 0.000000000000000

 spin=1 k-point=676/868 Cartesian=0.1234567901234606 0.08230452674897036 -0.04115226337448647 (479 plane wave)
 1 -0.1449699916842184 0.002314814814814792
 2 8.884846999470239 2.660612980799050e-08
 3 14.92608267660452 0.000000000000000
 4 17.91585180839333 0.000000000000000
 5 21.06475919914375 0.000000000000000
 6 24.19734280828931 0.000000000000000
 7 26.74843993107153 0.000000000000000
 8 27.91927863967062 0.000000000000000
 9 30.51240021929739 0.000000000000000
 10 33.71423136363756 0.000000000000000
 11 39.71405687163779 0.000000000000000
 12 42.00978832545778 0.000000000000000

 spin=1 k-point=677/868 Cartesian=0.1028806584362155 0.1028806584362155 -0.02057613168724133 (481 plane wave)
 1 -0.4598603676609984 0.002314814814814792
 2 10.03124623079642 2.794067382046883e-13
 3 13.21230703827567 0.000000000000000
 4 19.79669348571185 0.000000000000000
 5 21.62022855084259 0.000000000000000
 6 24.59213008783312 0.000000000000000
 7 26.07972236071069 0.000000000000000
 8 27.61260926932480 0.000000000000000
 9 29.77522948034909 0.000000000000000
 10 33.42206999868188 0.000000000000000
 11 38.88031521687500 0.000000000000000
 12 41.12317197187524 0.000000000000000

 spin=1 k-point=678/868 Cartesian=0.08230452674897386 0.1234567901234571 0.000000000000000 (480 plane wave)
 1 -0.3973286442173481 0.002314814814814792
 2 11.14720178177568 0.000000000000000
 3 12.21822732236816 0.000000000000000
 4 17.68034722810716 0.000000000000000
 5 23.33779528904570 0.000000000000000
 6 23.41201694559381 0.000000000000000
 7 25.01574001048584 0.000000000000000
 8 29.43534032776158 0.000000000000000
 9 31.05477999969442 0.000000000000000
 10 36.06355536411473 0.000000000000000
 11 36.46797065943979 0.000000000000000
 12 41.81113310352283 0.000000000000000

 spin=1 k-point=679/868 Cartesian=0.06172839506173222 0.1440329218106988 0.02057613168724194 (477 plane wave)
 1 0.04239787809550090 0.002314814814814792
 2 10.52403502825601 2.023400236214267e-15
 3 13.64939495349363 0.000000000000000
 4 15.18847965189703 0.000000000000000
 5 19.79745232836688 0.000000000000000
 6 22.94622764831982 0.000000000000000
 7 27.46577493565430 0.000000000000000
 8 31.95702818862475 0.000000000000000
 9 33.54337861183053 0.000000000000000
 10 35.38613374087345 0.000000000000000
 11 39.37333980765800 0.000000000000000
 12 41.62663622307775 0.000000000000000

 spin=1 k-point=680/868 Cartesian=0.04115226337448708 0.1646090534979439 0.04115226337448707 (472 plane wave)
 1 0.8583434251103991 0.002314814814814792
 2 9.863911481429101 1.489232947889144e-12
 3 13.01426679326086 0.000000000000000
 4 15.13224574700542 0.000000000000000
 5 16.97476155873377 0.000000000000000
 6 22.30421269314210 0.000000000000000
 7 30.38564735987999 0.000000000000000
 8 32.33704410222663 0.000000000000000
 9 34.34540139186876 0.000000000000000
 10 39.30623421685230 0.000000000000000
 11 41.44074631604989 0.000000000000000
 12 42.41872944324248 0.000000000000000

 spin=1 k-point=681/868 Cartesian=0.02057613168724547 0.1851851851851855 0.06172839506172870 (476 plane wave)
 1 2.048052937927036 0.002314814814814792
 2 9.516477920742494 4.806708432084500e-11
 3 11.20714254701625 0.000000000000000
 4 12.65436355357340 0.000000000000000
 5 18.82074246848513 0.000000000000000
 6 22.04849463225025 0.000000000000000
 7 29.42691122423041 0.000000000000000
 8 35.52684596545662 0.000000000000000
 9 36.94381528286256 0.000000000000000
 10 38.30833068472687 0.000000000000000
 11 40.64569014502795 0.000000000000000
 12 41.87222714465643 0.000000000000000

 spin=1 k-point=682/868 Cartesian=0.2469135802469175 -0.04115226337448646 -0.1646090534979433 (472 plane wave)
 1 3.604763525520405 0.002314814814814792
 2 9.116650831041717 2.619839645022986e-09
 3 9.780184876293040 3.440192547594655e-12
 4 10.24561057285454 3.275398446089021e-14
 5 21.32791929277261 0.000000000000000
 6 22.56040235784938 0.000000000000000
 7 28.07117911533460 0.000000000000000
 8 34.03134992443524 0.000000000000000
 9 38.98282270183724 0.000000000000000
 10 40.16673437220998 0.000000000000000
 11 40.63933936632840 0.000000000000000
 12 41.56353486050492 0.000000000000000

 spin=1 k-point=683/868 Cartesian=0.2263374485596723 -0.02057613168724132 -0.1440329218106981 (476 plane wave)
 1 5.499607838097950 0.002314814814414722
 2 7.009835549170942 0.002313367040588292
 3 8.764429518810731 8.870266273001670e-08
 4 10.24105607871375 3.428025629346019e-14
 5 22.25732253017176 0.000000000000000
 6 25.27599638061902 0.000000000000000
 7 27.06225701428058 0.000000000000000
 8 30.23438054775017 0.000000000000000
 9 38.99041063413485 0.000000000000000
 10 40.45880778988550 0.000000000000000
 11 42.64733610735664 0.000000000000000
 12 44.09105640477357 0.000000000000000

 spin=1 k-point=684/868 Cartesian=0.2057613168724307 0.000000000000000 -0.1234567901234565 (479 plane wave)
 1 4.863363038597540 0.002314814814814101
 2 7.340137601963708 0.002276077695570367
 3 8.550081604375199 7.563325111739560e-07
 4 11.01289310605319 0.000000000000000
 5 23.05312350309640 0.000000000000000
 6 25.63455018248690 0.000000000000000
 7 26.75466692717066 0.000000000000000
 8 29.60614309271006 0.000000000000000
 9 37.69213576012107 0.000000000000000
 10 39.26549115081290 0.000000000000000
 11 41.42640900526158 0.000000000000000
 12 42.13228471772914 0.000000000000000

 spin=1 k-point=685/868 Cartesian=0.1851851851851890 0.02057613168724194 -0.1028806584362149 (482 plane wave)
 1 3.055900505794902 0.002314814814814792
 2 7.514445783276009 0.002109624698661482
 3 10.73927477766688 0.000000000000000
 4 12.19167688005822 0.000000000000000
 5 22.66144412028077 0.000000000000000
 6 24.30646203691621 0.000000000000000
 7 26.24638551426419 0.000000000000000
 8 33.27131711407242 0.000000000000000
 9 35.20103379021912 0.000000000000000
 10 36.53880515049835 0.000000000000000
 11 38.94092544350504 0.000000000000000
 12 42.88367671934684 0.000000000000000

 spin=1 k-point=686/868 Cartesian=0.1646090534979439 0.04115226337448709 -0.08230452674896974 (482 plane wave)
 1 1.614802112421286 0.002314814814814792
 2 7.627548996398561 0.001778702593081874
 3 13.66612454142734 0.000000000000000
 4 13.77227722546793 0.000000000000000
 5 19.92243771679695 0.000000000000000
 6 25.40547650306750 0.000000000000000
 7 26.53102487978645 0.000000000000000
 8 32.10185604634510 0.000000000000000
 9 32.34319746739266 0.000000000000000
 10 37.45430042198988 0.000000000000000
 11 39.18830975989786 0.000000000000000
 12 43.53817230434745 0.000000000000000

 spin=1 k-point=687/868 Cartesian=0.1646090534979442 0.04115226337448678 -0.04115226337448678 (472 plane wave)
 1 0.8583434254914166 0.002314814814814792
 2 9.863911481986518 1.489232939587893e-12
 3 13.01426679519082 0.000000000000000
 4 15.13224573766326 0.000000000000000
 5 16.97476156252279 0.000000000000000
 6 22.30421269698422 0.000000000000000
 7 30.38564734160256 0.000000000000000
 8 32.33704412918842 0.000000000000000
 9 34.34540137592111 0.000000000000000
 10 39.30623423038345 0.000000000000000
 11 41.44074632784303 0.000000000000000
 12 42.41872944295049 0.000000000000000

 spin=1 k-point=688/868 Cartesian=0.1440329218107023 0.06172839506172872 -0.02057613168724483 (477 plane wave)
 1 0.04239787829364695 0.002314814814814792
 2 10.52403502895610 2.023400222048617e-15
 3 13.64939495053560 0.000000000000000
 4 15.18847965402027 0.000000000000000
 5 19.79745232383380 0.000000000000000
 6 22.94622765608594 0.000000000000000
 7 27.46577492670401 0.000000000000000
 8 31.95702819599978 0.000000000000000
 9 33.54337860303619 0.000000000000000
 10 35.38613375009794 0.000000000000000
 11 39.37333982383885 0.000000000000000
 12 41.62663620982389 0.000000000000000

 spin=1 k-point=689/868 Cartesian=0.1234567901234571 0.08230452674897386 0.000000000000000 (480 plane wave)
 1 -0.3973286442158980 0.002314814814814792
 2 11.14720178172592 0.000000000000000
 3 12.21822732221831 0.000000000000000
 4 17.68034722815851 0.000000000000000
 5 23.33779528934853 0.000000000000000
 6 23.41201695166991 0.000000000000000
 7 25.01574000295305 0.000000000000000
 8 29.43534032738829 0.000000000000000
 9 31.05478000128027 0.000000000000000
 10 36.06355536417288 0.000000000000000
 11 36.46797065942872 0.000000000000000
 12 41.81113310227062 0.000000000000000

 spin=1 k-point=690/868 Cartesian=0.1028806584362155 0.1028806584362155 0.02057613168724194 (481 plane wave)
 1 -0.4598603678672076 0.002314814814814792
 2 10.03124623022137 2.794067398114139e-13
 3 13.21230703993120 0.000000000000000
 4 19.79669347554658 0.000000000000000
 5 21.62022856112907 0.000000000000000
 6 24.59213012198634 0.000000000000000
 7 26.07972233441426 0.000000000000000
 8 27.61260924509385 0.000000000000000
 9 29.77522949849115 0.000000000000000
 10 33.42206999274387 0.000000000000000
 11 38.88031520245279 0.000000000000000
 12 41.12317198759523 0.000000000000000

 spin=1 k-point=691/868 Cartesian=0.08230452674897386 0.1234567901234571 0.04115226337448358 (479 plane wave)
 1 -0.1449699921087274 0.002314814814814792
 2 8.884846999235146 2.660612987053917e-08
 3 14.92608268001006 0.000000000000000
 4 17.91585179984229 0.000000000000000
 5 21.06475921416250 0.000000000000000
 6 24.19734280716436 0.000000000000000
 7 26.74843993733753 0.000000000000000
 8 27.91927862861486 0.000000000000000
 9 30.51240021393994 0.000000000000000
 10 33.71423136002977 0.000000000000000
 11 39.71405685923610 0.000000000000000
 12 42.00978832581597 0.000000000000000

 spin=1 k-point=692/868 Cartesian=0.06172839506172872 0.1440329218107023 0.06172839506172872 (481 plane wave)
 1 0.5469646996769497 0.002314814814814792
 2 8.077217151562820 8.254849758047756e-05
 3 15.66674390381783 0.000000000000000
 4 16.32820637471992 0.000000000000000
 5 18.15417982635397 0.000000000000000
 6 26.13061231105579 0.000000000000000
 7 27.05365569194779 0.000000000000000
 8 29.29514265469249 0.000000000000000
 9 29.72564913575907 0.000000000000000
 10 37.63225195212134 0.000000000000000
 11 39.93651642042423 0.000000000000000
 12 42.33513987461198 0.000000000000000

 spin=1 k-point=693/868 Cartesian=0.04115226337448710 0.1646090534979439 0.08230452674897035 (482 plane wave)
 1 1.614802111527961 0.002314814814814792
 2 7.627548996558460 0.001778702592423171
 3 13.66612446293178 0.000000000000000
 4 13.77227730832320 0.000000000000000
 5 19.92243771807984 0.000000000000000
 6 25.40547650285397 0.000000000000000
 7 26.53102487555594 0.000000000000000
 8 32.10185596328731 0.000000000000000
 9 32.34319755573434 0.000000000000000
 10 37.45430040737828 0.000000000000000
 11 39.18830976324921 0.000000000000000
 12 43.53817229055645 0.000000000000000

 spin=1 k-point=694/868 Cartesian=0.2674897119341590 -0.06172839506172809 -0.1440329218107016 (482 plane wave)
 1 3.055900504663964 0.002314814814814792
 2 7.514445783389728 0.002109624698448826
 3 10.73927477636434 0.000000000000000
 4 12.19167688445533 0.000000000000000
 5 22.66144412605180 0.000000000000000
 6 24.30646203439725 0.000000000000000
 7 26.24638550852231 0.000000000000000
 8 33.27131710098134 0.000000000000000
 9 35.20103378044988 0.000000000000000
 10 36.53880519162351 0.000000000000000
 11 38.94092542737474 0.000000000000000
 12 42.88367671373625 0.000000000000000

 spin=1 k-point=695/868 Cartesian=0.2469135802469139 -0.04115226337448294 -0.1234567901234565 (479 plane wave)
 1 4.863363037316756 0.002314814814814101
 2 7.340137601453159 0.002276077695764829
 3 8.550081605730135 7.563325009294836e-07
 4 11.01289310752494 0.000000000000000
 5 23.05312350741950 0.000000000000000
 6 25.63455018054814 0.000000000000000
 7 26.75466692156780 0.000000000000000
 8 29.60614309251010 0.000000000000000
 9 37.69213574281198 0.000000000000000
 10 39.26549117809643 0.000000000000000
 11 41.42640903646677 0.000000000000000
 12 42.13228468126444 0.000000000000000

 spin=1 k-point=696/868 Cartesian=0.2263374485596723 -0.02057613168724132 -0.1028806584362149 (476 plane wave)
 1 5.499607838748314 0.002314814814414722
 2 7.009835547619319 0.002313367040610742
 3 8.764429519394445 8.870266221226709e-08
 4 10.24105607914919 3.428025614418837e-14
 5 22.25732253286799 0.000000000000000
 6 25.27599637362539 0.000000000000000
 7 27.06225701696551 0.000000000000000
 8 30.23438054923900 0.000000000000000
 9 38.99041063427858 0.000000000000000
 10 40.45880779072987 0.000000000000000
 11 42.64733611502738 0.000000000000000
 12 44.09105639655071 0.000000000000000

 spin=1 k-point=697/868 Cartesian=0.2057613168724307 0.000000000000000 -0.08230452674897323 (472 plane wave)
 1 3.604763526157027 0.002314814814814792
 2 9.116650831454903 2.619839634198189e-09
 3 9.780184878419421 3.440192474443023e-12
 4 10.24561056873418 3.275398581047297e-14
 5 21.32791929444943 0.000000000000000
 6 22.56040235626688 0.000000000000000
 7 28.07117911420325 0.000000000000000
 8 34.03134992953695 0.000000000000000
 9 38.98282274170411 0.000000000000000
 10 40.16673432777475 0.000000000000000
 11 40.63933931254014 0.000000000000000
 12 41.56353491494541 0.000000000000000

 spin=1 k-point=698/868 Cartesian=0.1851851851851855 0.02057613168724545 -0.06172839506172810 (476 plane wave)
 1 2.048052938464666 0.002314814814814792
 2 9.516477921235273 4.806708408398043e-11
 3 11.20714254978736 0.000000000000000
 4 12.65436354705610 0.000000000000000
 5 18.82074246939822 0.000000000000000
 6 22.04849463419558 0.000000000000000
 7 29.42691121985996 0.000000000000000
 8 35.52684600288900 0.000000000000000
 9 36.94381523155499 0.000000000000000
 10 38.30833069712957 0.000000000000000
 11 40.64569015001342 0.000000000000000
 12 41.87222715246866 0.000000000000000

 spin=1 k-point=699/868 Cartesian=0.1851851851851858 0.02057613168724515 -0.02057613168724515 (469 plane wave)
 1 1.543664258319288 0.002314814814814792
 2 10.71163841466118 0.000000000000000
 3 11.96245426485594 0.000000000000000
 4 14.31121382089241 0.000000000000000
 5 15.98724937336973 0.000000000000000
 6 18.83277420028912 0.000000000000000
 7 34.07168924945694 0.000000000000000
 8 35.79861687588978 0.000000000000000
 9 39.28604341233782 0.000000000000000
 10 39.88345202519448 0.000000000000000
 11 42.14247040704107 0.000000000000000
 12 42.15497370281228 0.000000000000000

 spin=1 k-point=700/868 Cartesian=0.1646090534979439 0.04115226337448709 0.000000000000000 (476 plane wave)
 1 0.6060520304148134 0.002314814814814792
 2 12.15603142061451 0.000000000000000
 3 12.76316529704114 0.000000000000000
 4 13.06765065371737 0.000000000000000
 5 18.28918494161932 0.000000000000000
 6 19.79823362682359 0.000000000000000
 7 30.90890508569206 0.000000000000000
 8 35.98225710113719 0.000000000000000
 9 37.18881778487050 0.000000000000000
 10 37.58991620709737 0.000000000000000
 11 37.60264908044815 0.000000000000000
 12 42.81609795359297 0.000000000000000

 spin=1 k-point=701/868 Cartesian=0.1440329218106988 0.06172839506173223 0.02057613168724194 (477 plane wave)
 1 0.04239787810601725 0.002314814814814792
 2 10.52403502821927 2.023400236957464e-15
 3 13.64939495215218 0.000000000000000
 4 15.18847965310521 0.000000000000000
 5 19.79745232992126 0.000000000000000
 6 22.94622764893523 0.000000000000000
 7 27.46577493097175 0.000000000000000
 8 31.95702818522345 0.000000000000000
 9 33.54337862015269 0.000000000000000
 10 35.38613374102275 0.000000000000000
 11 39.37333980514016 0.000000000000000
 12 41.62663622077528 0.000000000000000

 spin=1 k-point=702/868 Cartesian=0.1234567901234571 0.08230452674897387 0.04115226337448358 (479 plane wave)
 1 -0.1449699920976431 0.002314814814814792
 2 8.884846999198150 2.660612988038226e-08
 3 14.92608267925857 0.000000000000000
 4 17.91585180046232 0.000000000000000
 5 21.06475921775474 0.000000000000000
 6 24.19734280396278 0.000000000000000
 7 26.74843993004913 0.000000000000000
 8 27.91927863363878 0.000000000000000
 9 30.51240021622952 0.000000000000000
 10 33.71423136061980 0.000000000000000
 11 39.71405685906259 0.000000000000000
 12 42.00978832406415 0.000000000000000

 spin=1 k-point=703/868 Cartesian=0.1028806584362155 0.1028806584362155 0.06172839506172520 (484 plane wave)
 1 0.04477845593992930 0.002314814814814792
 2 7.583676406738208 0.001938114837928675
 3 16.55586509563675 0.000000000000000
 4 20.16804207505647 0.000000000000000
 5 21.92719597894451 0.000000000000000
 6 22.20828525536590 0.000000000000000
 7 24.11773422811130 0.000000000000000
 8 27.66601122336079 0.000000000000000
 9 31.14005901467014 0.000000000000000
 10 33.11838075573813 0.000000000000000
 11 38.71906545295521 0.000000000000000
 12 42.61211742299879 0.000000000000000

 spin=1 k-point=704/868 Cartesian=0.08230452674897035 0.1234567901234606 0.08230452674897035 (483 plane wave)
 1 0.6117130875188227 0.002314814814814792
 2 6.645763119783329 0.002314776811755249
 3 17.88649462293912 0.000000000000000
 4 18.54280386376096 0.000000000000000
 5 19.62259331705438 0.000000000000000
 6 24.11030707151321 0.000000000000000
 7 25.30002462497604 0.000000000000000
 8 26.10965072273691 0.000000000000000
 9 31.11296443537427 0.000000000000000
 10 36.22037467212684 0.000000000000000
 11 38.74617375315260 0.000000000000000
 12 42.41609626768891 0.000000000000000

 spin=1 k-point=705/868 Cartesian=0.06172839506172873 0.1440329218107023 0.1028806584362120 (475 plane wave)
 1 1.555243490677746 0.002314814814814792
 2 6.076242838670168 0.002314814687044493
 3 15.10683978660108 0.000000000000000
 4 16.61121142727810 0.000000000000000
 5 21.18257579611003 0.000000000000000
 6 23.03719640675047 0.000000000000000
 7 27.56108851467705 0.000000000000000
 8 28.98520431901034 0.000000000000000
 9 30.78218388198661 0.000000000000000
 10 36.43277116369811 0.000000000000000
 11 38.63497650608654 0.000000000000000
 12 42.73903049345840 0.000000000000000

 spin=1 k-point=706/868 Cartesian=0.2880658436214007 -0.08230452674896971 -0.1234567901234600 (476 plane wave)
 1 2.873901571509988 0.002314814814814792
 2 5.871778669469699 0.002314814798277929
 3 12.00730264289299 0.000000000000000
 4 14.93565103432219 0.000000000000000
 5 21.14565600828557 0.000000000000000
 6 24.21291411445035 0.000000000000000
 7 29.74805736750341 0.000000000000000
 8 30.70686472046874 0.000000000000000
 9 32.97098840207288 0.000000000000000
 10 33.89711991055430 0.000000000000000
 11 37.32358914520479 0.000000000000000
 12 45.51805431671291 0.000000000000000

 spin=1 k-point=707/868 Cartesian=0.2674897119341555 -0.06172839506172459 -0.1028806584362149 (477 plane wave)
 1 4.564513249965575 0.002314814814814757
 2 6.004741756469051 0.002314814752311256
 3 9.262644773491701 6.084589672043339e-10
 4 13.62511308912312 0.000000000000000
 5 19.90670201792712 0.000000000000000
 6 27.19545987258664 0.000000000000000
 7 28.83789661026769 0.000000000000000
 8 30.59047278243862 0.000000000000000
 9 33.74211259910609 0.000000000000000
 10 36.79534596814273 0.000000000000000
 11 38.78681919459110 0.000000000000000
 12 44.38490588704241 0.000000000000000

 spin=1 k-point=708/868 Cartesian=0.2469135802469139 -0.04115226337448294 -0.08230452674897325 (483 plane wave)
 1 6.070256736751274 0.002314814694468533
 2 6.619292543227734 0.002314785649951916
 3 7.321437806384227 0.002282592522909944
 4 12.69173820372860 0.000000000000000
 5 18.96685825422744 0.000000000000000
 6 24.98546814907925 0.000000000000000
 7 30.43543656063883 0.000000000000000
 8 31.57497808133208 0.000000000000000
 9 36.51524843994733 0.000000000000000
 10 38.32591984245703 0.000000000000000
 11 43.08287577294807 0.000000000000000
 12 43.73513986947616 0.000000000000000

 spin=1 k-point=709/868 Cartesian=0.2263374485596723 -0.02057613168724132 -0.06172839506173161 (478 plane wave)
 1 4.490764517875952 0.002314814814814775
 2 7.771388787090879 0.001019693504613986
 3 9.012150681121931 7.449245712353837e-09
 4 12.15399723007567 0.000000000000000
 5 18.32844998309953 0.000000000000000
 6 21.58713797468697 0.000000000000000
 7 31.84982741121976 0.000000000000000
 8 34.92830609268890 0.000000000000000
 9 38.14494043363074 0.000000000000000
 10 41.24641081759761 0.000000000000000
 11 42.76601986544242 0.000000000000000
 12 44.38218831485807 0.000000000000000

 spin=1 k-point=710/868 Cartesian=0.2057613168724272 0.000000000000000 -0.04115226337448647 (471 plane wave)
 1 2.848480100716686 0.002314814814814792
 2 9.035116945049715 5.920676674006892e-09
 3 11.39482682313911 0.000000000000000
 4 12.31605287575081 0.000000000000000
 5 17.52996888258063 0.000000000000000
 6 19.10854345760709 0.000000000000000
 7 33.15146177355422 0.000000000000000
 8 38.62289783530044 0.000000000000000
 9 38.98143712350272 0.000000000000000
 10 40.22861041897464 0.000000000000000
 11 42.10996565980980 0.000000000000000
 12 42.84462579652155 0.000000000000000

 spin=1 k-point=711/868 Cartesian=0.2057613168724310 0.000000000000000 0.000000000000000 (464 plane wave)
 1 2.596240000080228 0.002314814814814792
 2 8.786063483723066 7.144712466134692e-08
 3 13.86827560229521 0.000000000000000
 4 13.86827561030964 0.000000000000000
 5 14.54971644943836 0.000000000000000
 6 17.07791420975708 0.000000000000000
 7 37.57684587882452 0.000000000000000
 8 38.80439557230600 0.000000000000000
 9 38.80439559621804 0.000000000000000
 10 41.04570188985502 0.000000000000000
 11 43.77057687725672 0.000000000000000
 12 44.12973551023248 0.000000000000000

 spin=1 k-point=712/868 Cartesian=0.1851851851851890 0.02057613168724194 0.02057613168724194 (469 plane wave)
 1 1.543664258171769 0.002314814814814792
 2 10.71163841493316 0.000000000000000
 3 11.96245426180027 0.000000000000000
 4 14.31121382895187 0.000000000000000
 5 15.98724936915060 0.000000000000000
 6 18.83277419950754 0.000000000000000
 7 34.07168926388387 0.000000000000000
 8 35.79861684743171 0.000000000000000
 9 39.28604344404632 0.000000000000000
 10 39.88345203973286 0.000000000000000
 11 42.14247036756701 0.000000000000000
 12 42.15497365883166 0.000000000000000

 spin=1 k-point=713/868 Cartesian=0.1646090534979439 0.04115226337448708 0.04115226337448707 (472 plane wave)
 1 0.8583434251385131 0.002314814814814792
 2 9.863911481395650 1.489232948387285e-12
 3 13.01426679258512 0.000000000000000
 4 15.13224574599611 0.000000000000000
 5 16.97476156150503 0.000000000000000
 6 22.30421269302448 0.000000000000000
 7 30.38564735363793 0.000000000000000
 8 32.33704410346316 0.000000000000000
 9 34.34540139572091 0.000000000000000
 10 39.30623422718156 0.000000000000000
 11 41.44074631152421 0.000000000000000
 12 42.41872942825381 0.000000000000000

 spin=1 k-point=714/868 Cartesian=0.1440329218107023 0.06172839506172872 0.06172839506172872 (481 plane wave)
 1 0.5469646997086710 0.002314814814814792
 2 8.077217151497583 8.254849763240932e-05
 3 15.66674390185080 0.000000000000000
 4 16.32820637457500 0.000000000000000
 5 18.15417983030467 0.000000000000000
 6 26.13061231001605 0.000000000000000
 7 27.05365568488221 0.000000000000000
 8 29.29514266441041 0.000000000000000
 9 29.72564913176611 0.000000000000000
 10 37.63225195532054 0.000000000000000
 11 39.93651642126760 0.000000000000000
 12 42.33513987151643 0.000000000000000

 spin=1 k-point=715/868 Cartesian=0.1234567901234606 0.08230452674897035 0.08230452674897035 (483 plane wave)
 1 0.6117130875406408 0.002314814814814792
 2 6.645763119752098 0.002314776811755261
 3 17.88649462505703 0.000000000000000
 4 18.54280385321422 0.000000000000000
 5 19.62259332927605 0.000000000000000
 6 24.11030706220644 0.000000000000000
 7 25.30002462574013 0.000000000000000
 8 26.10965072770889 0.000000000000000
 9 31.11296443443078 0.000000000000000
 10 36.22037467314243 0.000000000000000
 11 38.74617375494572 0.000000000000000
 12 42.41609626511699 0.000000000000000

 spin=1 k-point=716/868 Cartesian=0.1028806584362155 0.1028806584362155 0.1028806584362155 (477 plane wave)
 1 1.053224690370818 0.002314814814814792
 2 5.581731630873851 0.002314814813905309
 3 19.67604999916936 0.000000000000000
 4 19.67605011039968 0.000000000000000
 5 21.69205807286182 0.000000000000000
 6 21.69205819487868 0.000000000000000
 7 22.66457831258493 0.000000000000000
 8 24.41916587644130 0.000000000000000
 9 35.16141944275323 0.000000000000000
 10 35.16141945421796 0.000000000000000
 11 38.43364425320943 0.000000000000000
 12 42.86132663902622 0.000000000000000

 spin=1 k-point=717/868 Cartesian=0.08230452674897387 0.1234567901234571 0.1234567901234571 (480 plane wave)
 1 1.871246368236063 0.002314814814814792
 2 4.889194118688720 0.002314814814813898
 3 16.86185818844652 0.000000000000000
 4 19.08131382052748 0.000000000000000
 5 20.79001303664971 0.000000000000000
 6 22.41627742001443 0.000000000000000
 7 24.45558141453729 0.000000000000000
 8 26.57352523037274 0.000000000000000
 9 34.47188546307411 0.000000000000000
 10 36.00583832230218 0.000000000000000
 11 38.79214227635892 0.000000000000000
 12 41.79622801637248 0.000000000000000

 spin=1 k-point=718/868 Cartesian=0.3086419753086458 -0.1028806584362149 -0.1028806584362149 (475 plane wave)
 1 3.064617341444789 0.002314814814814792
 2 4.568414930249654 0.002314814814814756
 3 13.67070415860085 0.000000000000000
 4 17.32228455109277 0.000000000000000
 5 19.16485221567748 0.000000000000000
 6 25.06326451654646 0.000000000000000
 7 26.91559461304460 0.000000000000000
 8 30.50256879662795 0.000000000000000
 9 33.32741080552248 0.000000000000000
 10 34.15668544109534 0.000000000000000
 11 36.94484334168481 0.000000000000000
 12 44.86856005275296 0.000000000000000

 spin=1 k-point=719/868 Cartesian=0.2880658436214007 -0.08230452674896974 -0.08230452674896972 (473 plane wave)
 1 4.596565360713910 0.002314814814814744
 2 4.648514571912634 0.002314814814814711
 3 10.77462785259352 0.000000000000000
 4 15.88353550939081 0.000000000000000
 5 17.78038935917232 0.000000000000000
 6 28.14735061426506 0.000000000000000
 7 28.53442022721532 0.000000000000000
 8 30.36756196698198 0.000000000000000
 9 34.21706107079687 0.000000000000000
 10 34.74532480078935 0.000000000000000
 11 37.31055914522921 0.000000000000000
 12 46.40651415238710 0.000000000000000

 spin=1 k-point=720/868 Cartesian=0.2674897119341590 -0.06172839506172809 -0.06172839506172810 (476 plane wave)
 1 4.995532220692394 0.002314814814812204
 2 6.566665060491705 0.002314797584077207
 3 8.269674254491456 1.242542235968198e-05
 4 14.81348765723186 0.000000000000000
 5 16.72636082269078 0.000000000000000
 6 24.92968464943027 0.000000000000000
 7 31.61637259521069 0.000000000000000
 8 33.17246740584343 0.000000000000000
 9 34.65205201295878 0.000000000000000
 10 37.04943415117229 0.000000000000000
 11 40.49787894636850 0.000000000000000
 12 46.33869215935725 0.000000000000000

 spin=1 k-point=721/868 Cartesian=0.2469135802469175 -0.04115226337448646 -0.04115226337448646 (474 plane wave)
 1 5.308095916737119 0.002314814814755852
 2 6.579051900385996 0.002314795311931699
 3 8.856539445145000 3.531166931846333e-08
 4 14.11971053394020 0.000000000000000
 5 16.00353395116921 0.000000000000000
 6 21.36793825604259 0.000000000000000
 7 35.39876671806722 0.000000000000000
 8 35.50810797458204 0.000000000000000
 9 36.11136922962525 0.000000000000000
 10 38.72070191779812 0.000000000000000
 11 45.16945168212236 0.000000000000000
 12 45.79017050330621 0.000000000000000

 spin=1 k-point=722/868 Cartesian=0.2263374485596723 -0.02057613168724132 -0.02057613168724132 (470 plane wave)
 1 3.985838709616245 0.002314814814814792
 2 7.273248800336819 0.002294807351721332
 3 11.45769358310048 0.000000000000000
 4 13.80440898329632 0.000000000000000
 5 15.49122778468777 0.000000000000000
 6 18.36178267989848 0.000000000000000
 7 36.60323894460618 0.000000000000000
 8 38.06297040612323 0.000000000000000
 9 39.55339734063757 0.000000000000000
 10 41.72563896557791 0.000000000000000
 11 42.90943546122148 0.000000000000000
 12 43.91486370779813 0.000000000000000

 spin=1 k-point=723/868 Cartesian=0.2263374485596726 -0.02057613168724162 0.02057613168724162 (470 plane wave)
 1 3.985838709522199 0.002314814814814792
 2 7.273248800623654 0.002294807351664440
 3 11.45769358554271 0.000000000000000
 4 13.80440897515216 0.000000000000000
 5 15.49122779016249 0.000000000000000
 6 18.36178268014054 0.000000000000000
 7 36.60323894929007 0.000000000000000
 8 38.06297041400972 0.000000000000000
 9 39.55339732869782 0.000000000000000
 10 41.72563895861747 0.000000000000000
 11 42.90943543669076 0.000000000000000
 12 43.91486370173492 0.000000000000000

 spin=1 k-point=724/868 Cartesian=0.2057613168724307 0.000000000000000 0.04115226337448358 (471 plane wave)
 1 2.848480100472550 0.002314814814814792
 2 9.035116945185230 5.920676665983608e-09
 3 11.39482682334905 0.000000000000000
 4 12.31605287600451 0.000000000000000
 5 17.52996888220347 0.000000000000000
 6 19.10854345802262 0.000000000000000
 7 33.15146177804116 0.000000000000000
 8 38.62289782142387 0.000000000000000
 9 38.98143711249377 0.000000000000000
 10 40.22861042880482 0.000000000000000
 11 42.10996568101741 0.000000000000000
 12 42.84462578093176 0.000000000000000

 spin=1 k-point=725/868 Cartesian=0.1851851851851855 0.02057613168724547 0.06172839506172870 (476 plane wave)
 1 2.048052937980974 0.002314814814814792
 2 9.516477920821254 4.806708428298766e-11
 3 11.20714254694914 0.000000000000000
 4 12.65436355287462 0.000000000000000
 5 18.82074247017097 0.000000000000000
 6 22.04849463183762 0.000000000000000
 7 29.42691122233767 0.000000000000000
 8 35.52684596282030 0.000000000000000
 9 36.94381528484771 0.000000000000000
 10 38.30833069420667 0.000000000000000
 11 40.64569013302554 0.000000000000000
 12 41.87222714714574 0.000000000000000

 spin=1 k-point=726/868 Cartesian=0.1646090534979439 0.04115226337448710 0.08230452674897035 (482 plane wave)
 1 1.614802111591645 0.002314814814814792
 2 7.627548996495646 0.001778702592681933
 3 13.66612446505129 0.000000000000000
 4 13.77227730559873 0.000000000000000
 5 19.92243772026546 0.000000000000000
 6 25.40547649761610 0.000000000000000
 7 26.53102487884358 0.000000000000000
 8 32.10185596090408 0.000000000000000
 9 32.34319755727359 0.000000000000000
 10 37.45430041517607 0.000000000000000
 11 39.18830975462073 0.000000000000000
 12 43.53817229930603 0.000000000000000

 spin=1 k-point=727/868 Cartesian=0.1440329218107023 0.06172839506172873 0.1028806584362120 (475 plane wave)
 1 1.555243490731011 0.002314814814814792
 2 6.076242838625372 0.002314814687044493
 3 15.10683978722604 0.000000000000000
 4 16.61121142560249 0.000000000000000
 5 21.18257579950730 0.000000000000000
 6 23.03719640416386 0.000000000000000
 7 27.56108851443922 0.000000000000000
 8 28.98520432092723 0.000000000000000
 9 30.78218387948731 0.000000000000000
 10 36.43277116845115 0.000000000000000
 11 38.63497650019609 0.000000000000000
 12 42.73903049906829 0.000000000000000

 spin=1 k-point=728/868 Cartesian=0.1234567901234571 0.08230452674897387 0.1234567901234571 (480 plane wave)
 1 1.871246368266721 0.002314814814814792
 2 4.889194118670877 0.002314814814813898
 3 16.86185819076701 0.000000000000000
 4 19.08131381366491 0.000000000000000
 5 20.79001303475968 0.000000000000000
 6 22.41627743404472 0.000000000000000
 7 24.45558140602570 0.000000000000000
 8 26.57352523116928 0.000000000000000
 9 34.47188546360108 0.000000000000000
 10 36.00583832349083 0.000000000000000
 11 38.79214227223103 0.000000000000000
 12 41.79622801680526 0.000000000000000

 spin=1 k-point=729/868 Cartesian=0.1028806584362155 0.1028806584362155 0.1440329218106987 (473 plane wave)
 1 2.562866159766132 0.002314814814814792
 2 4.073602595566022 0.002314814814814792
 3 17.53574905998311 0.000000000000000
 4 18.30526113208117 0.000000000000000
 5 20.00659024620744 0.000000000000000
 6 23.06554137518421 0.000000000000000
 7 25.12398150247400 0.000000000000000
 8 25.78109017185448 0.000000000000000
 9 34.40727881843285 0.000000000000000
 10 38.01113359417133 0.000000000000000
 11 39.96478395723347 0.000000000000000
 12 40.01494625954734 0.000000000000000

 spin=1 k-point=730/868 Cartesian=0.3292181069958874 -0.1234567901234565 -0.08230452674897323 (468 plane wave)
 1 3.599676636755652 0.002314814814814792
 2 3.660925119593455 0.002314814814814792
 3 15.60168613276352 0.000000000000000
 4 15.74124876850287 0.000000000000000
 5 21.37627483490115 0.000000000000000
 6 22.48343480569557 0.000000000000000
 7 28.08777833591391 0.000000000000000
 8 28.30255041445125 0.000000000000000
 9 33.48891212113418 0.000000000000000
 10 34.74777625991018 0.000000000000000
 11 40.30623019041624 0.000000000000000
 12 40.70588497425754 0.000000000000000

 spin=1 k-point=731/868 Cartesian=0.3086419753086423 -0.1028806584362114 -0.06172839506172810 (476 plane wave)
 1 3.559814643612369 0.002314814814814792
 2 5.069348477659460 0.002314814814809377
 3 12.68597440930695 0.000000000000000
 4 14.12332065153667 0.000000000000000
 5 20.36377469247622 0.000000000000000
 6 24.86117421934816 0.000000000000000
 7 29.22591744588314 0.000000000000000
 8 31.27238233888718 0.000000000000000
 9 32.48579405751347 0.000000000000000
 10 34.43404717574936 0.000000000000000
 11 40.55551328122809 0.000000000000000
 12 41.93937624370901 0.000000000000000

 spin=1 k-point=732/868 Cartesian=0.2880658436214007 -0.08230452674896971 -0.04115226337448648 (477 plane wave)
 1 3.856892160737770 0.002314814814814792
 2 6.871961456425772 0.002314449956398585
 3 10.02935337301144 2.847458835085351e-13
 4 12.94166710304173 0.000000000000000
 5 19.20788901893615 0.000000000000000
 6 25.17980656560211 0.000000000000000
 7 28.28760407123519 0.000000000000000
 8 33.77325456689160 0.000000000000000
 9 35.02396491201468 0.000000000000000
 10 37.41207873373362 0.000000000000000
 11 41.02492985156689 0.000000000000000
 12 43.68865325747495 0.000000000000000

 spin=1 k-point=733/868 Cartesian=0.2674897119341590 -0.06172839506172809 -0.02057613168724484 (478 plane wave)
 1 4.490764518213219 0.002314814814814775
 2 7.771388786585924 0.001019693507494804
 3 9.012150681115170 7.449245712857492e-09
 4 12.15399723029195 0.000000000000000
 5 18.32844998298762 0.000000000000000
 6 21.58713797439801 0.000000000000000
 7 31.84982740860217 0.000000000000000
 8 34.92830609543898 0.000000000000000
 9 38.14494043669646 0.000000000000000
 10 41.24641081508303 0.000000000000000
 11 42.76601987499533 0.000000000000000
 12 44.38218831461243 0.000000000000000

 spin=1 k-point=734/868 Cartesian=0.2469135802469139 -0.04115226337448294 0.000000000000000 (472 plane wave)
 1 5.054009929622962 0.002314814814810147
 2 6.331273561939604 0.002314813177944545
 3 11.14103982997705 0.000000000000000
 4 12.06674773735552 0.000000000000000
 5 17.27674790005365 0.000000000000000
 6 18.87653481501808 0.000000000000000
 7 35.47760116668824 0.000000000000000
 8 36.31358019984422 0.000000000000000
 9 41.12443365351093 0.000000000000000
 10 41.95477500199426 0.000000000000000
 11 42.79959095697313 0.000000000000000
 12 43.19240304143195 0.000000000000000

 spin=1 k-point=735/868 Cartesian=0.000000000000000 -0.2057613168724303 0.2057613168724303 (474 plane wave)
 1 5.308095916674269 0.002314814814755852
 2 6.579051901660855 0.002314795311931450
 3 8.856539445351133 3.531166924567517e-08
 4 14.11971052548675 0.000000000000000
 5 16.00353395686690 0.000000000000000
 6 21.36793825789162 0.000000000000000
 7 35.39876671245631 0.000000000000000
 8 35.50810797785609 0.000000000000000
 9 36.11136924388965 0.000000000000000
 10 38.72070190221746 0.000000000000000
 11 45.16945165339291 0.000000000000000
 12 45.79017052233512 0.000000000000000

 spin=1 k-point=736/868 Cartesian=-0.02057613168724132 0.2263374485596723 -0.1851851851851884 (478 plane wave)
 1 4.490764517593241 0.002314814814814775
 2 7.771388788606417 0.001019693495967672
 3 9.012150681383350 7.449245692880118e-09
 4 12.15399722725485 0.000000000000000
 5 18.32844998307333 0.000000000000000
 6 21.58713797680764 0.000000000000000
 7 31.84982741429145 0.000000000000000
 8 34.92830608978273 0.000000000000000
 9 38.14494043577641 0.000000000000000
 10 41.24641080663299 0.000000000000000
 11 42.76601985131895 0.000000000000000
 12 44.38218831195582 0.000000000000000

 spin=1 k-point=737/868 Cartesian=-0.04115226337448646 0.2469135802469175 -0.1646090534979433 (472 plane wave)
 1 3.604763525615675 0.002314814814814792
 2 9.116650831611988 2.619839630082851e-09
 3 9.780184877226786 3.440192515471962e-12
 4 10.24561057086906 3.275398511121364e-14
 5 21.32791929394737 0.000000000000000
 6 22.56040235757633 0.000000000000000
 7 28.07117911444235 0.000000000000000
 8 34.03134992535553 0.000000000000000
 9 38.98282271232473 0.000000000000000
 10 40.16673436250746 0.000000000000000
 11 40.63933935068550 0.000000000000000
 12 41.56353487264320 0.000000000000000

 spin=1 k-point=738/868 Cartesian=-0.06172839506172809 0.2674897119341590 -0.1440329218107017 (482 plane wave)
 1 3.055900504779653 0.002314814814814792
 2 7.514445783438815 0.002109624698357034
 3 10.73927477604776 0.000000000000000
 4 12.19167688436209 0.000000000000000
 5 22.66144412784663 0.000000000000000
 6 24.30646203094831 0.000000000000000
 7 26.24638551073208 0.000000000000000
 8 33.27131709983277 0.000000000000000
 9 35.20103378612023 0.000000000000000
 10 36.53880518869619 0.000000000000000
 11 38.94092542206308 0.000000000000000
 12 42.88367671554529 0.000000000000000

 spin=1 k-point=739/868 Cartesian=-0.08230452674896974 0.2880658436214007 -0.1234567901234600 (476 plane wave)
 1 2.873901571610143 0.002314814814814792
 2 5.871778669452099 0.002314814798277929
 3 12.00730264287592 0.000000000000000
 4 14.93565103406937 0.000000000000000
 5 21.14565600648996 0.000000000000000
 6 24.21291411721341 0.000000000000000
 7 29.74805736902069 0.000000000000000
 8 30.70686471841933 0.000000000000000
 9 32.97098840264651 0.000000000000000
 10 33.89711991231729 0.000000000000000
 11 37.32358913987399 0.000000000000000
 12 45.51805433854809 0.000000000000000

 spin=1 k-point=740/868 Cartesian=-0.1028806584362149 0.3086419753086458 -0.1028806584362149 (475 plane wave)
 1 3.064617341510612 0.002314814814814792
 2 4.568414930244437 0.002314814814814756
 3 13.67070415915711 0.000000000000000
 4 17.32228455007229 0.000000000000000
 5 19.16485221364638 0.000000000000000
 6 25.06326452472034 0.000000000000000
 7 26.91559460847845 0.000000000000000
 8 30.50256879475511 0.000000000000000
 9 33.32741080927366 0.000000000000000
 10 34.15668544185029 0.000000000000000
 11 36.94484333460552 0.000000000000000
 12 44.86856005278717 0.000000000000000

 spin=1 k-point=741/868 Cartesian=-0.1234567901234565 -0.08230452674897325 0.3292181069958875 (468 plane wave)
 1 3.599676636495574 0.002314814814814792
 2 3.660925119888617 0.002314814814814792
 3 15.60168615768319 0.000000000000000
 4 15.74124874271822 0.000000000000000
 5 21.37627482805262 0.000000000000000
 6 22.48343481486902 0.000000000000000
 7 28.08777835318351 0.000000000000000
 8 28.30255039515772 0.000000000000000
 9 33.48891212813121 0.000000000000000
 10 34.74777625291716 0.000000000000000
 11 40.30623018589856 0.000000000000000
 12 40.70588497608436 0.000000000000000

 spin=1 k-point=742/868 Cartesian=-0.1028806584362149 -0.1028806584362149 0.3086419753086458 (475 plane wave)
 1 3.064617341804539 0.002314814814814792
 2 4.568414930182270 0.002314814814814756
 3 13.67070416401594 0.000000000000000
 4 17.32228453119400 0.000000000000000
 5 19.16485222125254 0.000000000000000
 6 25.06326454704453 0.000000000000000
 7 26.91559460018991 0.000000000000000
 8 30.50256878668375 0.000000000000000
 9 33.32741080851680 0.000000000000000
 10 34.15668543529840 0.000000000000000
 11 36.94484334304956 0.000000000000000
 12 44.86856003901277 0.000000000000000

 spin=1 k-point=743/868 Cartesian=-0.08230452674896972 -0.1234567901234600 0.2880658436214007 (476 plane wave)
 1 2.873901572051797 0.002314814814814792
 2 5.871778669468582 0.002314814798277929
 3 12.00730264659968 0.000000000000000
 4 14.93565102557897 0.000000000000000
 5 21.14565600262799 0.000000000000000
 6 24.21291412623832 0.000000000000000
 7 29.74805739833515 0.000000000000000
 8 30.70686470925248 0.000000000000000
 9 32.97098837396673 0.000000000000000
 10 33.89711990785602 0.000000000000000
 11 37.32358915040577 0.000000000000000
 12 45.51805436302811 0.000000000000000

 spin=1 k-point=744/868 Cartesian=-0.06172839506172809 -0.1440329218107017 0.2674897119341591 (482 plane wave)
 1 3.055900505392991 0.002314814814814792
 2 7.514445783461182 0.002109624698315205
 3 10.73927477963223 0.000000000000000
 4 12.19167687835174 0.000000000000000
 5 22.66144412528579 0.000000000000000
 6 24.30646202706134 0.000000000000000
 7 26.24638551943020 0.000000000000000
 8 33.27131712807681 0.000000000000000
 9 35.20103377441377 0.000000000000000
 10 36.53880515129235 0.000000000000000
 11 38.94092543648195 0.000000000000000
 12 42.88367672107769 0.000000000000000

 spin=1 k-point=745/868 Cartesian=-0.04115226337448645 -0.1646090534979433 0.2469135802469174 (472 plane wave)
 1 3.604763526424799 0.002314814814814792
 2 9.116650831162209 2.619839641866282e-09
 3 9.780184879470211 3.440192438293849e-12
 4 10.24561056754879 3.275398619873368e-14
 5 21.32791929469705 0.000000000000000
 6 22.56040235494704 0.000000000000000
 7 28.07117911402015 0.000000000000000
 8 34.03134993341870 0.000000000000000
 9 38.98282276347304 0.000000000000000
 10 40.16673430315541 0.000000000000000
 11 40.63933928660699 0.000000000000000
 12 41.56353493899137 0.000000000000000

 spin=1 k-point=746/868 Cartesian=-0.02057613168724131 -0.1851851851851884 0.2263374485596723 (478 plane wave)
 1 4.490764518576110 0.002314814814814775
 2 7.771388787140618 0.001019693504330220
 3 9.012150681440014 7.449245688659144e-09
 4 12.15399722759464 0.000000000000000
 5 18.32844998273538 0.000000000000000
 6 21.58713797647029 0.000000000000000
 7 31.84982740829220 0.000000000000000
 8 34.92830609581109 0.000000000000000
 9 38.14494044427440 0.000000000000000
 10 41.24641079901852 0.000000000000000
 11 42.76601987159068 0.000000000000000
 12 44.38218831641198 0.000000000000000

 spin=1 k-point=747/868 Cartesian=0.02057613168724577 0.1851851851851852 -0.1851851851851852 (476 plane wave)
 1 4.995532222740572 0.002314814814812204
 2 6.566665060077993 0.002314797584077277
 3 8.269674253923657 1.242542242985464e-05
 4 14.81348764825542 0.000000000000000
 5 16.72636082786738 0.000000000000000
 6 24.92968465343247 0.000000000000000
 7 31.61637258838958 0.000000000000000
 8 33.17246742138791 0.000000000000000
 9 34.65205201943849 0.000000000000000
 10 37.04943412592213 0.000000000000000
 11 40.49787895233886 0.000000000000000
 12 46.33869216087378 0.000000000000000

 spin=1 k-point=748/868 Cartesian=0.000000000000000 0.2057613168724272 -0.1646090534979433 (483 plane wave)
 1 6.070256736622334 0.002314814694468534
 2 6.619292549299841 0.002314785649950145
 3 7.321437801466140 0.002282592524472605
 4 12.69173820035103 0.000000000000000
 5 18.96685825395208 0.000000000000000
 6 24.98546815316396 0.000000000000000
 7 30.43543656225307 0.000000000000000
 8 31.57497808163098 0.000000000000000
 9 36.51524845050611 0.000000000000000
 10 38.32591982339034 0.000000000000000
 11 43.08287574550600 0.000000000000000
 12 43.73513989592649 0.000000000000000

 spin=1 k-point=749/868 Cartesian=-0.02057613168724132 0.2263374485596723 -0.1440329218106981 (476 plane wave)
 1 5.499607838397610 0.002314814814414722
 2 7.009835549089495 0.002313367040589471
 3 8.764429519268061 8.870266232436850e-08
 4 10.24105607773036 3.428025663056859e-14
 5 22.25732252991766 0.000000000000000
 6 25.27599638152554 0.000000000000000
 7 27.06225701426221 0.000000000000000
 8 30.23438054800125 0.000000000000000
 9 38.99041064373211 0.000000000000000
 10 40.45880777285494 0.000000000000000
 11 42.64733610824257 0.000000000000000
 12 44.09105640816679 0.000000000000000

 spin=1 k-point=750/868 Cartesian=-0.04115226337448294 0.2469135802469139 -0.1234567901234565 (479 plane wave)
 1 4.863363037569488 0.002314814814814101
 2 7.340137602073989 0.002276077695528362
 3 8.550081604570073 7.563325097005395e-07
 4 11.01289310768651 0.000000000000000
 5 23.05312350534975 0.000000000000000
 6 25.63455018182536 0.000000000000000
 7 26.75466692356508 0.000000000000000
 8 29.60614309238371 0.000000000000000
 9 37.69213574785085 0.000000000000000
 10 39.26549117003417 0.000000000000000
 11 41.42640902605374 0.000000000000000
 12 42.13228469127420 0.000000000000000

 spin=1 k-point=751/868 Cartesian=-0.06172839506172459 0.2674897119341555 -0.1028806584362149 (477 plane wave)
 1 4.564513250134931 0.002314814814814757
 2 6.004741756634551 0.002314814752311255
 3 9.262644773037351 6.084589699688740e-10
 4 13.62511308931488 0.000000000000000
 5 19.90670201632562 0.000000000000000
 6 27.19545987630239 0.000000000000000
 7 28.83789660913944 0.000000000000000
 8 30.59047278322279 0.000000000000000
 9 33.74211260184600 0.000000000000000
 10 36.79534596133574 0.000000000000000
 11 38.78681919332858 0.000000000000000
 12 44.38490588855188 0.000000000000000

 spin=1 k-point=752/868 Cartesian=-0.08230452674896971 0.2880658436214007 -0.08230452674896972 (473 plane wave)
 1 4.596565359488588 0.002314814814814744
 2 4.648514573319749 0.002314814814814711
 3 10.77462785253748 0.000000000000000
 4 15.88353550992861 0.000000000000000
 5 17.78038935698176 0.000000000000000
 6 28.14735062086906 0.000000000000000
 7 28.53442022661229 0.000000000000000
 8 30.36756196612651 0.000000000000000
 9 34.21706107155902 0.000000000000000
 10 34.74532479732805 0.000000000000000
 11 37.31055914080591 0.000000000000000
 12 46.40651415071476 0.000000000000000

 spin=1 k-point=753/868 Cartesian=-0.1028806584362113 0.3086419753086423 -0.06172839506172811 (476 plane wave)
 1 3.559814643579832 0.002314814814814792
 2 5.069348477804827 0.002314814814809377
 3 12.68597441046999 0.000000000000000
 4 14.12332064993001 0.000000000000000
 5 20.36377469039608 0.000000000000000
 6 24.86117422218761 0.000000000000000
 7 29.22591745164076 0.000000000000000
 8 31.27238234039655 0.000000000000000
 9 32.48579404896481 0.000000000000000
 10 34.43404717588276 0.000000000000000
 11 40.55551327626399 0.000000000000000
 12 41.93937624574498 0.000000000000000

 spin=1 k-point=754/868 Cartesian=-0.1234567901234600 -0.08230452674896972 0.2880658436214007 (476 plane wave)
 1 2.873901572043507 0.002314814814814792
 2 5.871778669533656 0.002314814798277929
 3 12.00730264698471 0.000000000000000
 4 14.93565102485375 0.000000000000000
 5 21.14565600112403 0.000000000000000
 6 24.21291412810849 0.000000000000000
 7 29.74805740428094 0.000000000000000
 8 30.70686470832604 0.000000000000000
 9 32.97098836993355 0.000000000000000
 10 33.89711990286695 0.000000000000000
 11 37.32358915430485 0.000000000000000
 12 45.51805432998576 0.000000000000000

 spin=1 k-point=755/868 Cartesian=-0.1028806584362149 -0.1028806584362149 0.2674897119341555 (479 plane wave)
 1 2.560737943403880 0.002314814814814792
 2 7.013155709998284 0.002313318196863407
 3 10.25580052871378 2.958078615136683e-14
 4 16.82460966169188 0.000000000000000
 5 18.71309430275709 0.000000000000000
 6 27.58562930813452 0.000000000000000
 7 29.02761869713852 0.000000000000000
 8 30.62650291021092 0.000000000000000
 9 31.91864774190539 0.000000000000000
 10 33.96371980889998 0.000000000000000
 11 36.79588922681750 0.000000000000000
 12 42.40430307266148 0.000000000000000

 spin=1 k-point=756/868 Cartesian=-0.08230452674897323 -0.1234567901234565 0.2469135802469139 (476 plane wave)
 1 2.621822459966308 0.002314814814814792
 2 8.102052841910048 6.490355671458806e-05
 3 9.291922373031111 4.540255513913510e-10
 4 14.68811516145615 0.000000000000000
 5 20.94662819527034 0.000000000000000
 6 26.38160077232922 0.000000000000000
 7 27.45362424963434 0.000000000000000
 8 32.47699029111491 0.000000000000000
 9 32.50327180593534 0.000000000000000
 10 34.87053886321334 0.000000000000000
 11 39.11892740404499 0.000000000000000
 12 39.99163722424523 0.000000000000000

 spin=1 k-point=757/868 Cartesian=-0.06172839506173160 -0.1440329218106981 0.2263374485596723 (482 plane wave)
 1 3.055900505985212 0.002314814814814792
 2 7.514445783287973 0.002109624698639111
 3 10.73927477917607 0.000000000000000
 4 12.19167687785284 0.000000000000000
 5 22.66144411745927 0.000000000000000
 6 24.30646203667065 0.000000000000000
 7 26.24638551801667 0.000000000000000
 8 33.27131712735228 0.000000000000000
 9 35.20103378340210 0.000000000000000
 10 36.53880513724788 0.000000000000000
 11 38.94092544626020 0.000000000000000
 12 42.88367672149486 0.000000000000000

 spin=1 k-point=758/868 Cartesian=0.04115226337448710 0.1646090534979439 -0.2057613168724265 (477 plane wave)
 1 3.856892161971309 0.002314814814814792
 2 6.871961455995311 0.002314449956400155
 3 10.02935337346975 2.847458822035375e-13
 4 12.94166709971646 0.000000000000000
 5 19.20788901739089 0.000000000000000
 6 25.17980657164073 0.000000000000000
 7 28.28760406862756 0.000000000000000
 8 33.77325457239299 0.000000000000000
 9 35.02396490911953 0.000000000000000
 10 37.41207873006333 0.000000000000000
 11 41.02492985429071 0.000000000000000
 12 43.68865325747268 0.000000000000000

 spin=1 k-point=759/868 Cartesian=0.04115226337448739 0.1646090534979436 -0.1646090534979436 (473 plane wave)
 1 4.596565454864019 0.002314814814814744
 2 4.648514478464402 0.002314814814814711
 3 10.77462785333118 0.000000000000000
 4 15.88353549954245 0.000000000000000
 5 17.78038936288809 0.000000000000000
 6 28.14735060863066 0.000000000000000
 7 28.53442024144893 0.000000000000000
 8 30.36756197174302 0.000000000000000
 9 34.21706107789009 0.000000000000000
 10 34.74532477680909 0.000000000000000
 11 37.31055915659683 0.000000000000000
 12 46.40651415578230 0.000000000000000

 spin=1 k-point=760/868 Cartesian=0.02057613168724545 0.1851851851851855 -0.1440329218107017 (477 plane wave)
 1 4.564513253233058 0.002314814814814757
 2 6.004741754283650 0.002314814752311257
 3 9.262644773598399 6.084589665551188e-10
 4 13.62511308470035 0.000000000000000
 5 19.90670201659668 0.000000000000000
 6 27.19545987335305 0.000000000000000
 7 28.83789661848663 0.000000000000000
 8 30.59047278828179 0.000000000000000
 9 33.74211260108216 0.000000000000000
 10 36.79534593669431 0.000000000000000
 11 38.78681921189384 0.000000000000000
 12 44.38490589002010 0.000000000000000

 spin=1 k-point=761/868 Cartesian=0.000000000000000 0.2057613168724307 -0.1234567901234565 (479 plane wave)
 1 4.863363038914571 0.002314814814814101
 2 7.340137601252270 0.002276077695841346
 3 8.550081605375119 7.563325036137018e-07
 4 11.01289310519964 0.000000000000000
 5 23.05312350233557 0.000000000000000
 6 25.63455018182639 0.000000000000000
 7 26.75466692925728 0.000000000000000
 8 29.60614309296298 0.000000000000000
 9 37.69213576415938 0.000000000000000
 10 39.26549114437763 0.000000000000000
 11 41.42640899943896 0.000000000000000
 12 42.13228472396766 0.000000000000000

 spin=1 k-point=762/868 Cartesian=-0.02057613168724133 0.2263374485596723 -0.1028806584362149 (476 plane wave)
 1 5.499607839400129 0.002314814814414722
 2 7.009835547262059 0.002313367040615911
 3 8.764429518729784 8.870266280181574e-08
 4 10.24105607947837 3.428025603134393e-14
 5 22.25732253114697 0.000000000000000
 6 25.27599637397515 0.000000000000000
 7 27.06225701869568 0.000000000000000
 8 30.23438054987875 0.000000000000000
 9 38.99041063981419 0.000000000000000
 10 40.45880778058664 0.000000000000000
 11 42.64733611408690 0.000000000000000
 12 44.09105639920264 0.000000000000000

 spin=1 k-point=763/868 Cartesian=-0.04115226337448297 0.2469135802469140 -0.08230452674897323 (483 plane wave)
 1 6.070256737402521 0.002314814694468533
 2 6.619292544403348 0.002314785649951573
 3 7.321437804361913 0.002282592523552510
 4 12.69173820414492 0.000000000000000
 5 18.96685825277055 0.000000000000000
 6 24.98546814980382 0.000000000000000
 7 30.43543656219101 0.000000000000000
 8 31.57497808235321 0.000000000000000
 9 36.51524844259055 0.000000000000000
 10 38.32591983635093 0.000000000000000
 11 43.08287576447723 0.000000000000000
 12 43.73513987689719 0.000000000000000

 spin=1 k-point=764/868 Cartesian=-0.06172839506172809 0.2674897119341590 -0.06172839506172810 (476 plane wave)
 1 4.995532220746966 0.002314814814812204
 2 6.566665061112553 0.002314797584077100
 3 8.269674253776289 1.242542244806743e-05
 4 14.81348765842570 0.000000000000000
 5 16.72636082041280 0.000000000000000
 6 24.92968464994234 0.000000000000000
 7 31.61637260114054 0.000000000000000
 8 33.17246740500416 0.000000000000000
 9 34.65205201363570 0.000000000000000
 10 37.04943414420632 0.000000000000000
 11 40.49787894406607 0.000000000000000
 12 46.33869216072070 0.000000000000000

 spin=1 k-point=765/868 Cartesian=-0.08230452674896971 0.2880658436214007 -0.04115226337448648 (477 plane wave)
 1 3.856892160747071 0.002314814814814792
 2 6.871961456701843 0.002314449956397578
 3 10.02935337296190 2.847458836496147e-13
 4 12.94166710275379 0.000000000000000
 5 19.20788901766474 0.000000000000000
 6 25.17980656510115 0.000000000000000
 7 28.28760407620354 0.000000000000000
 8 33.77325457119020 0.000000000000000
 9 35.02396490418958 0.000000000000000
 10 37.41207873343227 0.000000000000000
 11 41.02492984662562 0.000000000000000
 12 43.68865325868801 0.000000000000000

 spin=1 k-point=766/868 Cartesian=-0.1440329218107017 -0.06172839506172809 0.2674897119341591 (482 plane wave)
 1 3.055900505396423 0.002314814814814792
 2 7.514445783590944 0.002109624698072549
 3 10.73927478018395 0.000000000000000
 4 12.19167687754568 0.000000000000000
 5 22.66144412171503 0.000000000000000
 6 24.30646202770886 0.000000000000000
 7 26.24638552512978 0.000000000000000
 8 33.27131712709146 0.000000000000000
 9 35.20103377473257 0.000000000000000
 10 36.53880514295062 0.000000000000000
 11 38.94092544332332 0.000000000000000
 12 42.88367672133145 0.000000000000000

 spin=1 k-point=767/868 Cartesian=-0.1234567901234565 -0.08230452674897323 0.2469135802469139 (476 plane wave)
 1 2.621822459969744 0.002314814814814792
 2 8.102052841931037 6.490355670134652e-05
 3 9.291922373099780 4.540255510795763e-10
 4 14.68811516134762 0.000000000000000
 5 20.94662819441070 0.000000000000000
 6 26.38160077211111 0.000000000000000
 7 27.45362425312192 0.000000000000000
 8 32.47699029141636 0.000000000000000
 9 32.50327179983196 0.000000000000000
 10 34.87053886680057 0.000000000000000
 11 39.11892740399744 0.000000000000000
 12 39.99163722442997 0.000000000000000

 spin=1 k-point=768/868 Cartesian=-0.1028806584362149 -0.1028806584362149 0.2263374485596723 (479 plane wave)
 1 2.560737944063011 0.002314814814814792
 2 7.013155709503638 0.002313318196870805
 3 10.25580052806274 2.958078634394813e-14
 4 16.82460966408760 0.000000000000000
 5 18.71309429988638 0.000000000000000
 6 27.58562928845961 0.000000000000000
 7 29.02761871022791 0.000000000000000
 8 30.62650292714660 0.000000000000000
 9 31.91864774221747 0.000000000000000
 10 33.96371979624962 0.000000000000000
 11 36.79588923393167 0.000000000000000
 12 42.40430307252763 0.000000000000000

 spin=1 k-point=769/868 Cartesian=0.08230452674897386 0.1234567901234571 -0.2057613168724300 (476 plane wave)
 1 2.873901573612144 0.002314814814814792
 2 5.871778668181122 0.002314814798277930
 3 12.00730264556445 0.000000000000000
 4 14.93565102620288 0.000000000000000
 5 21.14565599923634 0.000000000000000
 6 24.21291412210565 0.000000000000000
 7 29.74805740653162 0.000000000000000
 8 30.70686471224716 0.000000000000000
 9 32.97098836365178 0.000000000000000
 10 33.89711991990052 0.000000000000000
 11 37.32358915051113 0.000000000000000
 12 45.51805433526113 0.000000000000000

 spin=1 k-point=770/868 Cartesian=0.06172839506172872 0.1440329218107023 -0.1851851851851849 (476 plane wave)
 1 3.559814647140205 0.002314814814814792
 2 5.069348474579586 0.002314814814809377
 3 12.68597441156956 0.000000000000000
 4 14.12332064669650 0.000000000000000
 5 20.36377468798249 0.000000000000000
 6 24.86117422223915 0.000000000000000
 7 29.22591745213040 0.000000000000000
 8 31.27238234549448 0.000000000000000
 9 32.48579403765644 0.000000000000000
 10 34.43404719226321 0.000000000000000
 11 40.55551328332605 0.000000000000000
 12 41.93937624336900 0.000000000000000

 spin=1 k-point=771/868 Cartesian=0.06172839506172903 0.1440329218107020 -0.1440329218107020 (475 plane wave)
 1 3.064617345718355 0.002314814814814792
 2 4.568414926429908 0.002314814814814756
 3 13.67070416129997 0.000000000000000
 4 17.32228453961374 0.000000000000000
 5 19.16485221573249 0.000000000000000
 6 25.06326451251898 0.000000000000000
 7 26.91559462816029 0.000000000000000
 8 30.50256878622350 0.000000000000000
 9 33.32741081579614 0.000000000000000
 10 34.15668544885854 0.000000000000000
 11 36.94484334025626 0.000000000000000
 12 44.86856005668083 0.000000000000000

 spin=1 k-point=772/868 Cartesian=0.04115226337448709 0.1646090534979439 -0.1234567901234600 (476 plane wave)
 1 2.873901573567003 0.002314814814814792
 2 5.871778668084943 0.002314814798277930
 3 12.00730264485074 0.000000000000000
 4 14.93565102751175 0.000000000000000
 5 21.14565600331655 0.000000000000000
 6 24.21291411749437 0.000000000000000
 7 29.74805739343959 0.000000000000000
 8 30.70686471575708 0.000000000000000
 9 32.97098837450484 0.000000000000000
 10 33.89711992184368 0.000000000000000
 11 37.32358915112241 0.000000000000000
 12 45.51805436111319 0.000000000000000

 spin=1 k-point=773/868 Cartesian=0.02057613168724194 0.1851851851851890 -0.1028806584362149 (482 plane wave)
 1 3.055900505922099 0.002314814814814792
 2 7.514445783095887 0.002109624698998314
 3 10.73927477852401 0.000000000000000
 4 12.19167687908630 0.000000000000000
 5 22.66144412078037 0.000000000000000
 6 24.30646203454204 0.000000000000000
 7 26.24638551549844 0.000000000000000
 8 33.27131711799236 0.000000000000000
 9 35.20103378562489 0.000000000000000
 10 36.53880515525523 0.000000000000000
 11 38.94092544081372 0.000000000000000
 12 42.88367671872771 0.000000000000000

 spin=1 k-point=774/868 Cartesian=0.000000000000000 0.2057613168724307 -0.08230452674897323 (472 plane wave)
 1 3.604763526355686 0.002314814814814792
 2 9.116650830753217 2.619839652581226e-09
 3 9.780184878520783 3.440192470955947e-12
 4 10.24561056921014 3.275398565457783e-14
 5 21.32791929371802 0.000000000000000
 6 22.56040235568081 0.000000000000000
 7 28.07117911489034 0.000000000000000
 8 34.03134993127919 0.000000000000000
 9 38.98282275330347 0.000000000000000
 10 40.16673431539305 0.000000000000000
 11 40.63933929954397 0.000000000000000
 12 41.56353492774669 0.000000000000000

 spin=1 k-point=775/868 Cartesian=-0.02057613168724132 0.2263374485596723 -0.06172839506173160 (478 plane wave)
 1 4.490764518221720 0.002314814814814775
 2 7.771388786618232 0.001019693507310487
 3 9.012150681006611 7.449245720944307e-09
 4 12.15399723068964 0.000000000000000
 5 18.32844998173890 0.000000000000000
 6 21.58713797496948 0.000000000000000
 7 31.84982741156157 0.000000000000000
 8 34.92830609511844 0.000000000000000
 9 38.14494043364836 0.000000000000000
 10 41.24641081480967 0.000000000000000
 11 42.76601986475920 0.000000000000000
 12 44.38218831787150 0.000000000000000

 spin=1 k-point=776/868 Cartesian=-0.04115226337448646 0.2469135802469175 -0.04115226337448646 (474 plane wave)
 1 5.308095917408920 0.002314814814755852
 2 6.579051899660477 0.002314795311931840
 3 8.856539445151647 3.531166931611648e-08
 4 14.11971053544002 0.000000000000000
 5 16.00353394889058 0.000000000000000
 6 21.36793825626557 0.000000000000000
 7 35.39876672074717 0.000000000000000
 8 35.50810797786721 0.000000000000000
 9 36.11136923041929 0.000000000000000
 10 38.72070191083973 0.000000000000000
 11 45.16945167346744 0.000000000000000
 12 45.79017050922472 0.000000000000000

 spin=1 k-point=777/868 Cartesian=-0.06172839506172809 0.2674897119341590 -0.02057613168724484 (478 plane wave)
 1 4.490764518367004 0.002314814814814775
 2 7.771388786438635 0.001019693508335106
 3 9.012150681164909 7.449245709152318e-09
 4 12.15399723041138 0.000000000000000
 5 18.32844998202307 0.000000000000000
 6 21.58713797442184 0.000000000000000
 7 31.84982741183938 0.000000000000000
 8 34.92830609487059 0.000000000000000
 9 38.14494043726265 0.000000000000000
 10 41.24641081229926 0.000000000000000
 11 42.76601986517326 0.000000000000000
 12 44.38218831898919 0.000000000000000

 spin=1 k-point=778/868 Cartesian=-0.1646090534979433 -0.04115226337448645 0.2469135802469174 (472 plane wave)
 1 3.604763526476079 0.002314814814814792
 2 9.116650831247247 2.619839639638450e-09
 3 9.780184879176840 3.440192448386351e-12
 4 10.24561056778294 3.275398612204169e-14
 5 21.32791929445752 0.000000000000000
 6 22.56040235338167 0.000000000000000
 7 28.07117911762952 0.000000000000000
 8 34.03134993087166 0.000000000000000
 9 38.98282276443045 0.000000000000000
 10 40.16673430308636 0.000000000000000
 11 40.63933928633121 0.000000000000000
 12 41.56353494103486 0.000000000000000

 spin=1 k-point=779/868 Cartesian=-0.1440329218106981 -0.06172839506173159 0.2263374485596723 (482 plane wave)
 1 3.055900506011102 0.002314814814814792
 2 7.514445783264040 0.002109624698683866
 3 10.73927477894320 0.000000000000000
 4 12.19167687823262 0.000000000000000
 5 22.66144411662197 0.000000000000000
 6 24.30646203419472 0.000000000000000
 7 26.24638552260993 0.000000000000000
 8 33.27131711989376 0.000000000000000
 9 35.20103378650366 0.000000000000000
 10 36.53880514502796 0.000000000000000
 11 38.94092544265798 0.000000000000000
 12 42.88367672178999 0.000000000000000

 spin=1 k-point=780/868 Cartesian=0.1234567901234571 0.08230452674897386 -0.2057613168724300 (476 plane wave)
 1 2.873901573625784 0.002314814814814792
 2 5.871778668156125 0.002314814798277930
 3 12.00730264538895 0.000000000000000
 4 14.93565102670053 0.000000000000000
 5 21.14565599799868 0.000000000000000
 6 24.21291412397266 0.000000000000000
 7 29.74805740052296 0.000000000000000
 8 30.70686471457359 0.000000000000000
 9 32.97098836837683 0.000000000000000
 10 33.89711991917651 0.000000000000000
 11 37.32358915021263 0.000000000000000
 12 45.51805434743455 0.000000000000000

 spin=1 k-point=781/868 Cartesian=0.1028806584362155 0.1028806584362155 -0.1851851851851884 (475 plane wave)
 1 3.064617345748989 0.002314814814814792
 2 4.568414926457599 0.002314814814814756
 3 13.67070416202651 0.000000000000000
 4 17.32228453945643 0.000000000000000
 5 19.16485221174014 0.000000000000000
 6 25.06326452231901 0.000000000000000
 7 26.91559462355503 0.000000000000000
 8 30.50256878394695 0.000000000000000
 9 33.32741081763598 0.000000000000000
 10 34.15668545083179 0.000000000000000
 11 36.94484333356230 0.000000000000000
 12 44.86856005862332 0.000000000000000

 spin=1 k-point=782/868 Cartesian=0.08230452674897035 0.1234567901234606 -0.1646090534979433 (468 plane wave)
 1 3.599676739567125 0.002314814814814792
 2 3.660925017086633 0.002314814814814792
 3 15.60168615438569 0.000000000000000
 4 15.74124874583660 0.000000000000000
 5 21.37627482357419 0.000000000000000
 6 22.48343480579470 0.000000000000000
 7 28.08777838920382 0.000000000000000
 8 28.30255036770844 0.000000000000000
 9 33.48891213188737 0.000000000000000
 10 34.74777626624860 0.000000000000000
 11 40.30623019362802 0.000000000000000
 12 40.70588497500346 0.000000000000000

 spin=1 k-point=783/868 Cartesian=0.08230452674897418 0.1234567901234568 -0.1234567901234568 (480 plane wave)
 1 1.871246370529494 0.002314814814814792
 2 4.889194116756775 0.002314814814813898
 3 16.86185819761489 0.000000000000000
 4 19.08131380422805 0.000000000000000
 5 20.79001302581331 0.000000000000000
 6 22.41627742050993 0.000000000000000
 7 24.45558141569723 0.000000000000000
 8 26.57352524342311 0.000000000000000
 9 34.47188547148836 0.000000000000000
 10 36.00583833453435 0.000000000000000
 11 38.79214227867314 0.000000000000000
 12 41.79622801287699 0.000000000000000

 spin=1 k-point=784/868 Cartesian=0.06172839506173223 0.1440329218106988 -0.1028806584362149 (475 plane wave)
 1 1.555243492117133 0.002314814814814792
 2 6.076242837746493 0.002314814687044494
 3 15.10683979477936 0.000000000000000
 4 16.61121141337398 0.000000000000000
 5 21.18257578792162 0.000000000000000
 6 23.03719640963223 0.000000000000000
 7 27.56108854147453 0.000000000000000
 8 28.98520428748615 0.000000000000000
 9 30.78218389871147 0.000000000000000
 10 36.43277117628247 0.000000000000000
 11 38.63497650525930 0.000000000000000
 12 42.73903049581811 0.000000000000000

 spin=1 k-point=785/868 Cartesian=0.04115226337448709 0.1646090534979439 -0.08230452674896974 (482 plane wave)
 1 1.614802112481544 0.002314814814814792
 2 7.627548996371147 0.001778702593194802
 3 13.66612454432191 0.000000000000000
 4 13.77227722256925 0.000000000000000
 5 19.92243771700175 0.000000000000000
 6 25.40547649847181 0.000000000000000
 7 26.53102488209675 0.000000000000000
 8 32.10185604755387 0.000000000000000
 9 32.34319747053627 0.000000000000000
 10 37.45430042081413 0.000000000000000
 11 39.18830976229858 0.000000000000000
 12 43.53817229513223 0.000000000000000

 spin=1 k-point=786/868 Cartesian=0.02057613168724545 0.1851851851851855 -0.06172839506172809 (476 plane wave)
 1 2.048052938550280 0.002314814814814792
 2 9.516477921260069 4.806708407206113e-11
 3 11.20714254900508 0.000000000000000
 4 12.65436354809250 0.000000000000000
 5 18.82074246920091 0.000000000000000
 6 22.04849463269593 0.000000000000000
 7 29.42691121982885 0.000000000000000
 8 35.52684600643067 0.000000000000000
 9 36.94381523455266 0.000000000000000
 10 38.30833069749699 0.000000000000000
 11 40.64569014533691 0.000000000000000
 12 41.87222715295298 0.000000000000000

 spin=1 k-point=787/868 Cartesian=0.000000000000000 0.2057613168724272 -0.04115226337448646 (471 plane wave)
 1 2.848480100844435 0.002314814814814792
 2 9.035116944669157 5.920676696538463e-09
 3 11.39482682252397 0.000000000000000
 4 12.31605287730044 0.000000000000000
 5 17.52996888170072 0.000000000000000
 6 19.10854345699363 0.000000000000000
 7 33.15146177316809 0.000000000000000
 8 38.62289783856350 0.000000000000000
 9 38.98143712976313 0.000000000000000
 10 40.22861041560486 0.000000000000000
 11 42.10996565244425 0.000000000000000
 12 42.84462580306887 0.000000000000000

 spin=1 k-point=788/868 Cartesian=-0.02057613168724132 0.2263374485596723 -0.02057613168724132 (470 plane wave)
 1 3.985838709861526 0.002314814814814792
 2 7.273248799829913 0.002294807351821874
 3 11.45769358347941 0.000000000000000
 4 13.80440898492250 0.000000000000000
 5 15.49122778269064 0.000000000000000
 6 18.36178267951161 0.000000000000000
 7 36.60323894395163 0.000000000000000
 8 38.06297040704739 0.000000000000000
 9 39.55339734649814 0.000000000000000
 10 41.72563896079919 0.000000000000000
 11 42.90943546629472 0.000000000000000
 12 43.91486370640897 0.000000000000000

 spin=1 k-point=789/868 Cartesian=-0.04115226337448294 0.2469135802469139 0.000000000000000 (472 plane wave)
 1 5.054009930311211 0.002314814814810147
 2 6.331273560964649 0.002314813177944561
 3 11.14103983022078 0.000000000000000
 4 12.06674773792594 0.000000000000000
 5 17.27674789966750 0.000000000000000
 6 18.87653481421748 0.000000000000000
 7 35.47760116781778 0.000000000000000
 8 36.31358020062584 0.000000000000000
 9 41.12443365488078 0.000000000000000
 10 41.95477500169752 0.000000000000000
 11 42.79959095516023 0.000000000000000
 12 43.19240304222916 0.000000000000000

 spin=1 k-point=790/868 Cartesian=-0.1851851851851884 -0.02057613168724131 0.2263374485596723 (478 plane wave)
 1 4.490764518786564 0.002314814814814775
 2 7.771388786379252 0.001019693508673887
 3 9.012150681636450 7.449245674026183e-09
 4 12.15399722842969 0.000000000000000
 5 18.32844998251886 0.000000000000000
 6 21.58713797525622 0.000000000000000
 7 31.84982741067671 0.000000000000000
 8 34.92830609323959 0.000000000000000
 9 38.14494044417234 0.000000000000000
 10 41.24641080670889 0.000000000000000
 11 42.76601987397500 0.000000000000000
 12 44.38218831379761 0.000000000000000

 spin=1 k-point=791/868 Cartesian=0.1646090534979439 0.04115226337448709 -0.2057613168724265 (477 plane wave)
 1 3.856892162059482 0.002314814814814792
 2 6.871961455841231 0.002314449956400717
 3 10.02935337291688 2.847458837777901e-13
 4 12.94166710091385 0.000000000000000
 5 19.20788901704307 0.000000000000000
 6 25.17980656873362 0.000000000000000
 7 28.28760407202557 0.000000000000000
 8 33.77325456537538 0.000000000000000
 9 35.02396491390590 0.000000000000000
 10 37.41207873578004 0.000000000000000
 11 41.02492985244389 0.000000000000000
 12 43.68865325757140 0.000000000000000

 spin=1 k-point=792/868 Cartesian=0.1440329218107023 0.06172839506172872 -0.1851851851851849 (476 plane wave)
 1 3.559814647194883 0.002314814814814792
 2 5.069348474492854 0.002314814814809377
 3 12.68597440994987 0.000000000000000
 4 14.12332064911736 0.000000000000000
 5 20.36377468731068 0.000000000000000
 6 24.86117422185948 0.000000000000000
 7 29.22591744879420 0.000000000000000
 8 31.27238234615772 0.000000000000000
 9 32.48579404132904 0.000000000000000
 10 34.43404719336287 0.000000000000000
 11 40.55551328340844 0.000000000000000
 12 41.93937624173912 0.000000000000000

 spin=1 k-point=793/868 Cartesian=0.1234567901234606 0.08230452674897035 -0.1646090534979433 (468 plane wave)
 1 3.599676739846441 0.002314814814814792
 2 3.660925016792719 0.002314814814814792
 3 15.60168612974108 0.000000000000000
 4 15.74124877168408 0.000000000000000
 5 21.37627482128455 0.000000000000000
 6 22.48343480702308 0.000000000000000
 7 28.08777836959700 0.000000000000000
 8 28.30255038662819 0.000000000000000
 9 33.48891213475693 0.000000000000000
 10 34.74777626453814 0.000000000000000
 11 40.30623019993930 0.000000000000000
 12 40.70588496690073 0.000000000000000

 spin=1 k-point=794/868 Cartesian=0.1028806584362155 0.1028806584362155 -0.1440329218106981 (473 plane wave)
 1 2.562866164332678 0.002314814814814792
 2 4.073602591275898 0.002314814814814792
 3 17.53574905393998 0.000000000000000
 4 18.30526115137274 0.000000000000000
 5 20.00659022877091 0.000000000000000
 6 23.06554133937987 0.000000000000000
 7 25.12398152268794 0.000000000000000
 8 25.78109018854550 0.000000000000000
 9 34.40727882723611 0.000000000000000
 10 38.01113361013052 0.000000000000000
 11 39.96478395594171 0.000000000000000
 12 40.01494627700525 0.000000000000000

 spin=1 k-point=795/868 Cartesian=0.1234567901234571 0.1234567901234571 -0.1234567901234571 (476 plane wave)
 1 3.097267038305906 0.001157407407407396
 2 3.164448761056347 0.001157407407407396
 3 19.82845753159828 0.000000000000000
 4 19.82845758449281 0.000000000000000
 5 21.16292894325691 0.000000000000000
 6 21.16292900543114 0.000000000000000
 7 22.90159250689645 0.000000000000000
 8 23.85221469430169 0.000000000000000
 9 38.17575147852507 0.000000000000000
 10 38.17575148294070 0.000000000000000
 11 39.47585481978084 0.000000000000000
 12 39.47585483052549 0.000000000000000

 spin=1 k-point=796/868 Cartesian=0.1028806584362152 0.1440329218106990 -0.1028806584362152 (473 plane wave)
 1 2.562866164358962 0.002314814814814792
 2 4.073602591241318 0.002314814814814792
 3 17.53574904477452 0.000000000000000
 4 18.30526116157267 0.000000000000000
 5 20.00659023502770 0.000000000000000
 6 23.06554132162981 0.000000000000000
 7 25.12398153846821 0.000000000000000
 8 25.78109018287814 0.000000000000000
 9 34.40727882816567 0.000000000000000
 10 38.01113360985536 0.000000000000000
 11 39.96478396035372 0.000000000000000
 12 40.01494627759226 0.000000000000000

 spin=1 k-point=797/868 Cartesian=0.08230452674897003 0.1646090534979442 -0.08230452674897003 (478 plane wave)
 1 2.371022963476075 0.002314814814814792
 2 5.388012033537561 0.002314814814683728
 3 14.48151262241032 0.000000000000000
 4 16.63728681379449 0.000000000000000
 5 18.47802806799638 0.000000000000000
 6 25.87117139897130 0.000000000000000
 7 27.52070781835670 0.000000000000000
 8 29.53057251070751 0.000000000000000
 9 30.53103309947244 0.000000000000000
 10 37.91756343977539 0.000000000000000
 11 40.09354933388992 0.000000000000000
 12 41.22679855520759 0.000000000000000

 spin=1 k-point=798/868 Cartesian=0.06172839506172839 0.1851851851851858 -0.06172839506172839 (477 plane wave)
 1 2.552350130502924 0.002314814814814792
 2 7.070596483314432 0.002312158036847560
 3 11.70277827503623 0.000000000000000
 4 15.31880241712369 0.000000000000000
 5 17.20590087817614 0.000000000000000
 6 25.36276880978091 0.000000000000000
 7 29.08332578454770 0.000000000000000
 8 31.10468531944726 0.000000000000000
 9 34.54229004534767 0.000000000000000
 10 38.13167743888318 0.000000000000000
 11 40.47002684281620 0.000000000000000
 12 42.84269564552844 0.000000000000000

 spin=1 k-point=799/868 Cartesian=0.04115226337448676 0.2057613168724275 -0.04115226337448676 (472 plane wave)
 1 3.100702806554939 0.002314814814814792
 2 9.108515115716248 2.841892458747625e-09
 3 9.284171224575820 4.906175799674303e-10
 4 14.37291386242043 0.000000000000000
 5 16.24712659865200 0.000000000000000
 6 21.60369778688792 0.000000000000000
 7 32.67217293778189 0.000000000000000
 8 34.44992701159011 0.000000000000000
 9 38.68764543978484 0.000000000000000
 10 39.25159128670310 0.000000000000000
 11 41.33542396987608 0.000000000000000
 12 44.30788955242115 0.000000000000000

 spin=1 k-point=800/868 Cartesian=0.02057613168724162 0.2263374485596726 -0.02057613168724162 (470 plane wave)
 1 3.985838710139996 0.002314814814814792
 2 7.273248799676914 0.002294807351852221
 3 11.45769358512089 0.000000000000000
 4 13.80440897805824 0.000000000000000
 5 15.49122778821687 0.000000000000000
 6 18.36178267891008 0.000000000000000
 7 36.60323892367296 0.000000000000000
 8 38.06297043168763 0.000000000000000
 9 39.55339735741636 0.000000000000000
 10 41.72563895294184 0.000000000000000
 11 42.90943548006064 0.000000000000000
 12 43.91486369103754 0.000000000000000

 spin=1 k-point=801/868 Cartesian=0.000000000000000 0.2469135802469142 0.000000000000000 (468 plane wave)
 1 4.799916801581124 0.001157407407407213
 2 6.083440536090216 0.001157407338754459
 3 13.61478500807713 0.000000000000000
 4 13.61478501511937 0.000000000000000
 5 14.29603611656024 0.000000000000000
 6 16.84711252571910 0.000000000000000
 7 39.90468945665116 0.000000000000000
 8 40.91388667694135 0.000000000000000
 9 40.91388669389648 0.000000000000000
 10 40.93414223260490 0.000000000000000
 11 42.49528171773895 0.000000000000000
 12 42.55186610048682 0.000000000000000

 spin=1 k-point=802/868 Cartesian=0.1440329218106990 0.1028806584362152 -0.1028806584362152 (473 plane wave)
 1 2.562866164342234 0.002314814814814792
 2 4.073602591258732 0.002314814814814792
 3 17.53574904938502 0.000000000000000
 4 18.30526115452306 0.000000000000000
 5 20.00659023611465 0.000000000000000
 6 23.06554132660556 0.000000000000000
 7 25.12398153162421 0.000000000000000
 8 25.78109018638842 0.000000000000000
 9 34.40727882698048 0.000000000000000
 10 38.01113361133743 0.000000000000000
 11 39.96478396370190 0.000000000000000
 12 40.01494627103444 0.000000000000000

 spin=1 k-point=803/868 Cartesian=0.1234567901234571 0.1234567901234571 -0.08230452674897322 (480 plane wave)
 1 1.871246370544708 0.002314814814814792
 2 4.889194116758866 0.002314814814813898
 3 16.86185820014997 0.000000000000000
 4 19.08131379773271 0.000000000000000
 5 20.79001302151848 0.000000000000000
 6 22.41627743665929 0.000000000000000
 7 24.45558140709096 0.000000000000000
 8 26.57352524398637 0.000000000000000
 9 34.47188547328872 0.000000000000000
 10 36.00583833498499 0.000000000000000
 11 38.79214227328222 0.000000000000000
 12 41.79622801476260 0.000000000000000

 spin=1 k-point=804/868 Cartesian=0.1028806584362120 0.1440329218107022 -0.06172839506172808 (475 plane wave)
 1 1.555243492141477 0.002314814814814792
 2 6.076242837767109 0.002314814687044494
 3 15.10683979731465 0.000000000000000
 4 16.61121140971471 0.000000000000000
 5 21.18257578392345 0.000000000000000
 6 23.03719641587564 0.000000000000000
 7 27.56108854512094 0.000000000000000
 8 28.98520428291625 0.000000000000000
 9 30.78218389873902 0.000000000000000
 10 36.43277117664062 0.000000000000000
 11 38.63497650198148 0.000000000000000
 12 42.73903049718160 0.000000000000000

 spin=1 k-point=805/868 Cartesian=0.08230452674897033 0.1646090534979439 -0.04115226337448644 (482 plane wave)
 1 1.614802112515550 0.002314814814814792
 2 7.627548996419189 0.001778702592996897
 3 13.66612456535372 0.000000000000000
 4 13.77227720094250 0.000000000000000
 5 19.92243771678211 0.000000000000000
 6 25.40547649180150 0.000000000000000
 7 26.53102489228800 0.000000000000000
 8 32.10185606119637 0.000000000000000
 9 32.34319745361031 0.000000000000000
 10 37.45430042096432 0.000000000000000
 11 39.18830976002502 0.000000000000000
 12 43.53817229983672 0.000000000000000

 spin=1 k-point=806/868 Cartesian=0.06172839506172870 0.1851851851851855 -0.02057613168724481 (476 plane wave)
 1 2.048052938594219 0.002314814814814792
 2 9.516477921367150 4.806708402059148e-11
 3 11.20714254966797 0.000000000000000
 4 12.65436354695110 0.000000000000000
 5 18.82074246946813 0.000000000000000
 6 22.04849463202964 0.000000000000000
 7 29.42691122139268 0.000000000000000
 8 35.52684601199269 0.000000000000000
 9 36.94381522648527 0.000000000000000
 10 38.30833069754083 0.000000000000000
 11 40.64569014277943 0.000000000000000
 12 41.87222715730172 0.000000000000000

 spin=1 k-point=807/868 Cartesian=0.04115226337448356 0.2057613168724307 0.000000000000000 (471 plane wave)
 1 2.848480100895688 0.002314814814814792
 2 9.035116944720309 5.920676693509886e-09
 3 11.39482682303455 0.000000000000000
 4 12.31605287640366 0.000000000000000
 5 17.52996888233069 0.000000000000000
 6 19.10854345639917 0.000000000000000
 7 33.15146177295491 0.000000000000000
 8 38.62289784133613 0.000000000000000
 9 38.98143713444968 0.000000000000000
 10 40.22861041274948 0.000000000000000
 11 42.10996564532358 0.000000000000000
 12 42.84462580459791 0.000000000000000

 spin=1 k-point=808/868 Cartesian=0.02057613168724195 0.2263374485596723 0.02057613168724193 (470 plane wave)
 1 3.985838709913120 0.002314814814814792
 2 7.273248799796165 0.002294807351828568
 3 11.45769358340269 0.000000000000000
 4 13.80440898497102 0.000000000000000
 5 15.49122778268185 0.000000000000000
 6 18.36178267943626 0.000000000000000
 7 36.60323893981536 0.000000000000000
 8 38.06297041258820 0.000000000000000
 9 39.55339734999349 0.000000000000000
 10 41.72563895792929 0.000000000000000
 11 42.90943547312406 0.000000000000000
 12 43.91486369605351 0.000000000000000

 spin=1 k-point=809/868 Cartesian=0.000000000000000 0.2469135802469139 -0.04115226337448293 (472 plane wave)
 1 5.054009930308516 0.002314814814810147
 2 6.331273560958474 0.002314813177944561
 3 11.14103982963572 0.000000000000000
 4 12.06674773870685 0.000000000000000
 5 17.27674789916603 0.000000000000000
 6 18.87653481456129 0.000000000000000
 7 35.47760116800509 0.000000000000000
 8 36.31358020081101 0.000000000000000
 9 41.12443365434116 0.000000000000000
 10 41.95477500200246 0.000000000000000
 11 42.79959095455191 0.000000000000000
 12 43.19240304146119 0.000000000000000

 spin=1 k-point=810/868 Cartesian=0.02057613168724544 0.2263374485596688 -0.06172839506172808 (478 plane wave)
 1 4.490764518740940 0.002314814814814775
 2 7.771388786357652 0.001019693508797122
 3 9.012150681511830 7.449245683309346e-09
 4 12.15399722877943 0.000000000000000
 5 18.32844998232919 0.000000000000000
 6 21.58713797555724 0.000000000000000
 7 31.84982740991249 0.000000000000000
 8 34.92830609311751 0.000000000000000
 9 38.14494044496222 0.000000000000000
 10 41.24641080704955 0.000000000000000
 11 42.76601987358913 0.000000000000000
 12 44.38218831089550 0.000000000000000

 spin=1 k-point=811/868 Cartesian=0.04115226337448707 0.2057613168724272 -0.08230452674896971 (477 plane wave)
 1 3.856892162022898 0.002314814814814792
 2 6.871961455773469 0.002314449956400965
 3 10.02935337273160 2.847458843053907e-13
 4 12.94166710138245 0.000000000000000
 5 19.20788901718619 0.000000000000000
 6 25.17980657025861 0.000000000000000
 7 28.28760406859708 0.000000000000000
 8 33.77325456154257 0.000000000000000
 9 35.02396492040359 0.000000000000000
 10 37.41207873686639 0.000000000000000
 11 41.02492985058137 0.000000000000000
 12 43.68865325888207 0.000000000000000

 spin=1 k-point=812/868 Cartesian=0.06172839506172870 0.1851851851851855 -0.1028806584362113 (476 plane wave)
 1 3.559814647175866 0.002314814814814792
 2 5.069348474451266 0.002314814814809377
 3 12.68597440884826 0.000000000000000
 4 14.12332065054301 0.000000000000000
 5 20.36377468844656 0.000000000000000
 6 24.86117422123464 0.000000000000000
 7 29.22591744205603 0.000000000000000
 8 31.27238234672360 0.000000000000000
 9 32.48579404699374 0.000000000000000
 10 34.43404719490555 0.000000000000000
 11 40.55551328167803 0.000000000000000
 12 41.93937624325915 0.000000000000000

 spin=1 k-point=813/868 Cartesian=0.1646090534979404 0.08230452674897384 -0.1234567901234565 (468 plane wave)
 1 3.599676740106688 0.002314814814814792
 2 3.660925016500104 0.002314814814814792
 3 15.60168610457165 0.000000000000000
 4 15.74124879730627 0.000000000000000
 5 21.37627483267897 0.000000000000000
 6 22.48343479347029 0.000000000000000
 7 28.08777835224279 0.000000000000000
 8 28.30255040574357 0.000000000000000
 9 33.48891212977480 0.000000000000000
 10 34.74777627106209 0.000000000000000
 11 40.30623019925274 0.000000000000000
 12 40.70588496857955 0.000000000000000

 spin=1 k-point=814/868 Cartesian=0.1646090534979442 0.08230452674897003 -0.08230452674897003 (478 plane wave)
 1 2.371022963442115 0.002314814814814792
 2 5.388012033573995 0.002314814814683728
 3 14.48151262394246 0.000000000000000
 4 16.63728680959815 0.000000000000000
 5 18.47802807034188 0.000000000000000
 6 25.87117140101658 0.000000000000000
 7 27.52070782289943 0.000000000000000
 8 29.53057250297043 0.000000000000000
 9 30.53103309964141 0.000000000000000
 10 37.91756343964902 0.000000000000000
 11 40.09354933646570 0.000000000000000
 12 41.22679854919092 0.000000000000000

 spin=1 k-point=815/868 Cartesian=0.1440329218107022 0.1028806584362120 -0.06172839506172809 (475 plane wave)
 1 1.555243492129849 0.002314814814814792
 2 6.076242837775411 0.002314814687044494
 3 15.10683979839359 0.000000000000000
 4 16.61121140781571 0.000000000000000
 5 21.18257578488056 0.000000000000000
 6 23.03719641581638 0.000000000000000
 7 27.56108855058329 0.000000000000000
 8 28.98520427832484 0.000000000000000
 9 30.78218389641189 0.000000000000000
 10 36.43277117860617 0.000000000000000
 11 38.63497649971895 0.000000000000000
 12 42.73903049882995 0.000000000000000

 spin=1 k-point=816/868 Cartesian=0.1234567901234571 0.1234567901234571 -0.04115226337448295 (483 plane wave)
 1 1.114931129697099 0.002314814814814792
 2 7.129633900799981 0.002310024647654861
 3 13.24120216554216 0.000000000000000
 4 18.37915973242312 0.000000000000000
 5 20.21435163057571 0.000000000000000
 6 24.63588873297057 0.000000000000000
 7 26.41344949136148 0.000000000000000
 8 30.69364991282079 0.000000000000000
 9 31.21074442501849 0.000000000000000
 10 33.22367210716764 0.000000000000000
 11 38.07232125408689 0.000000000000000
 12 43.18380684409887 0.000000000000000

 spin=1 k-point=817/868 Cartesian=0.1028806584362155 0.1440329218106987 -0.02057613168724131 (479 plane wave)
 1 1.050845562063979 0.002314814814814792
 2 8.522553594071974 9.959108469852995e-07
 3 11.73316695187521 0.000000000000000
 4 16.12365921845841 0.000000000000000
 5 22.23322559174560 0.000000000000000
 6 23.89695936305670 0.000000000000000
 7 26.93236071559057 0.000000000000000
 8 30.08340071540667 0.000000000000000
 9 33.09695755031886 0.000000000000000
 10 34.85204184406232 0.000000000000000
 11 38.00374152762017 0.000000000000000
 12 40.93568911958737 0.000000000000000

 spin=1 k-point=818/868 Cartesian=0.08230452674897384 0.1646090534979404 0.000000000000000 (481 plane wave)
 1 1.362573065683347 0.002314814814814792
 2 9.878294991402207 1.289721176091533e-12
 3 10.98754221459227 0.000000000000000
 4 13.50321319250195 0.000000000000000
 5 22.08425104900263 0.000000000000000
 6 23.11279623143952 0.000000000000000
 7 25.98737515917799 0.000000000000000
 8 34.16830371269035 0.000000000000000
 9 35.33938359563318 0.000000000000000
 10 37.29794166927296 0.000000000000000
 11 37.91664868835913 0.000000000000000
 12 39.54296705450277 0.000000000000000

 spin=1 k-point=819/868 Cartesian=0.06172839506172870 0.1851851851851855 0.02057613168724546 (476 plane wave)
 1 2.048052938286634 0.002314814814814792
 2 9.516477920723171 4.806708433013293e-11
 3 11.20714255028663 0.000000000000000
 4 12.65436354812580 0.000000000000000
 5 18.82074247023293 0.000000000000000
 6 22.04849463029405 0.000000000000000
 7 29.42691122421421 0.000000000000000
 8 35.52684600867777 0.000000000000000
 9 36.94381523585554 0.000000000000000
 10 38.30833068299385 0.000000000000000
 11 40.64569014194842 0.000000000000000
 12 41.87222715433246 0.000000000000000

 spin=1 k-point=820/868 Cartesian=0.04115226337448708 0.2057613168724271 0.04115226337448708 (472 plane wave)
 1 3.100702805969561 0.002314814814814792
 2 9.108515115258893 2.841892471745122e-09
 3 9.284171224680833 4.906175794522204e-10
 4 14.37291386915383 0.000000000000000
 5 16.24712659375898 0.000000000000000
 6 21.60369778611766 0.000000000000000
 7 32.67217295321947 0.000000000000000
 8 34.44992699118144 0.000000000000000
 9 38.68764543256285 0.000000000000000
 10 39.25159130599861 0.000000000000000
 11 41.33542395598358 0.000000000000000
 12 44.30788952815844 0.000000000000000

 spin=1 k-point=821/868 Cartesian=-0.02057613168724485 0.2674897119341590 -0.06172839506172808 (478 plane wave)
 1 4.490764517962071 0.002314814814814775
 2 7.771388786656968 0.001019693507089493
 3 9.012150681076077 7.449245715769588e-09
 4 12.15399723124458 0.000000000000000
 5 18.32844998135300 0.000000000000000
 6 21.58713797519890 0.000000000000000
 7 31.84982741462190 0.000000000000000
 8 34.92830608498279 0.000000000000000
 9 38.14494043683584 0.000000000000000
 10 41.24641083031478 0.000000000000000
 11 42.76601986731801 0.000000000000000
 12 44.38218830432744 0.000000000000000

 spin=1 k-point=822/868 Cartesian=0.000000000000000 0.2469135802469139 -0.08230452674897322 (478 plane wave)
 1 5.816199991091973 0.002314814805328905
 2 7.073056433052540 0.002312091948770770
 3 8.862725136216280 3.319361287238967e-08
 4 9.997278784033378 3.924240887353732e-13
 5 21.07544319487568 0.000000000000000
 6 22.35485502921894 0.000000000000000
 7 30.19161012634997 0.000000000000000
 8 31.47384648018472 0.000000000000000
 9 41.68644853521354 0.000000000000000
 10 42.72581778302186 0.000000000000000
 11 43.53846125733413 0.000000000000000
 12 43.69745046773473 0.000000000000000

 spin=1 k-point=823/868 Cartesian=0.02057613168724192 0.2263374485596723 -0.1028806584362149 (476 plane wave)
 1 5.499607841429190 0.002314814814414722
 2 7.009835545162916 0.002313367040646283
 3 8.764429518973204 8.870266258590413e-08
 4 10.24105607883079 3.428025625333776e-14
 5 22.25732252994417 0.000000000000000
 6 25.27599637602170 0.000000000000000
 7 27.06225701832086 0.000000000000000
 8 30.23438054870934 0.000000000000000
 9 38.99041064418293 0.000000000000000
 10 40.45880778561082 0.000000000000000
 11 42.64733612170465 0.000000000000000
 12 44.09105638622959 0.000000000000000

 spin=1 k-point=824/868 Cartesian=0.2057613168724307 0.04115226337448356 -0.1234567901234565 (478 plane wave)
 1 5.094649428682384 0.002314814814807819
 2 5.136576505864947 0.002314814814804186
 3 11.24154703283968 0.000000000000000
 4 11.28265380050756 0.000000000000000
 5 22.88609996254219 0.000000000000000
 6 23.92111725040920 0.000000000000000
 7 28.96111303516784 0.000000000000000
 8 30.14911149330614 0.000000000000000
 9 35.72988355928306 0.000000000000000
 10 35.84247234842265 0.000000000000000
 11 41.82137072484140 0.000000000000000
 12 42.40672900106660 0.000000000000000

 spin=1 k-point=825/868 Cartesian=0.1851851851851855 0.06172839506172870 -0.1028806584362113 (476 plane wave)
 1 3.559814647100644 0.002314814814814792
 2 5.069348474534642 0.002314814814809377
 3 12.68597440968697 0.000000000000000
 4 14.12332064930769 0.000000000000000
 5 20.36377468851814 0.000000000000000
 6 24.86117422242070 0.000000000000000
 7 29.22591744595520 0.000000000000000
 8 31.27238234113895 0.000000000000000
 9 32.48579404349498 0.000000000000000
 10 34.43404719868516 0.000000000000000
 11 40.55551328309124 0.000000000000000
 12 41.93937624085932 0.000000000000000

 spin=1 k-point=826/868 Cartesian=0.1851851851851858 0.06172839506172839 -0.06172839506172839 (477 plane wave)
 1 2.552350130447104 0.002314814814814792
 2 7.070596483369832 0.002312158036846089
 3 11.70277827582283 0.000000000000000
 4 15.31880241388417 0.000000000000000
 5 17.20590088043340 0.000000000000000
 6 25.36276881246149 0.000000000000000
 7 29.08332578552252 0.000000000000000
 8 31.10468531527108 0.000000000000000
 9 34.54229004410654 0.000000000000000
 10 38.13167743807810 0.000000000000000
 11 40.47002684484926 0.000000000000000
 12 42.84269563694313 0.000000000000000

 spin=1 k-point=827/868 Cartesian=0.1646090534979439 0.08230452674897033 -0.04115226337448644 (482 plane wave)
 1 1.614802112494858 0.002314814814814792
 2 7.627548996410778 0.001778702593031545
 3 13.66612458357867 0.000000000000000
 4 13.77227718212690 0.000000000000000
 5 19.92243771727368 0.000000000000000
 6 25.40547649795591 0.000000000000000
 7 26.53102488682865 0.000000000000000
 8 32.10185607733923 0.000000000000000
 9 32.34319743489919 0.000000000000000
 10 37.45430042265662 0.000000000000000
 11 39.18830975789771 0.000000000000000
 12 43.53817230207117 0.000000000000000

 spin=1 k-point=828/868 Cartesian=0.1440329218106987 0.1028806584362155 -0.02057613168724131 (479 plane wave)
 1 1.050845562059436 0.002314814814814792
 2 8.522553594043226 9.959108472714854e-07
 3 11.73316695188770 0.000000000000000
 4 16.12365921826222 0.000000000000000
 5 22.23322559378903 0.000000000000000
 6 23.89695936146757 0.000000000000000
 7 26.93236071543998 0.000000000000000
 8 30.08340071548541 0.000000000000000
 9 33.09695754862756 0.000000000000000
 10 34.85204184517190 0.000000000000000
 11 38.00374152790478 0.000000000000000
 12 40.93568911929366 0.000000000000000

 spin=1 k-point=829/868 Cartesian=0.1234567901234571 0.1234567901234571 0.000000000000000 (481 plane wave)
 1 0.8626739637467759 0.002314814814814792
 2 9.371466522080553 2.049389027397750e-10
 3 10.52121926038290 2.081184217749725e-15
 4 18.13675368171840 0.000000000000000
 5 20.00100256996643 0.000000000000000
 6 27.29852415325074 0.000000000000000
 7 27.51660575912972 0.000000000000000
 8 28.02626809910085 0.000000000000000
 9 30.51284360916139 0.000000000000000
 10 36.76523646191898 0.000000000000000
 11 37.33605189227413 0.000000000000000
 12 38.97599213292916 0.000000000000000

 spin=1 k-point=830/868 Cartesian=0.1028806584362155 0.1440329218106987 0.02057613168724196 (479 plane wave)
 1 1.050845561727076 0.002314814814814792
 2 8.522553593921302 9.959108484852224e-07
 3 11.73316695316220 0.000000000000000
 4 16.12365921696089 0.000000000000000
 5 22.23322559580692 0.000000000000000
 6 23.89695936441674 0.000000000000000
 7 26.93236071620408 0.000000000000000
 8 30.08340070808220 0.000000000000000
 9 33.09695755276357 0.000000000000000
 10 34.85204184197850 0.000000000000000
 11 38.00374152286175 0.000000000000000
 12 40.93568911912791 0.000000000000000

 spin=1 k-point=831/868 Cartesian=0.08230452674897033 0.1646090534979439 0.04115226337448711 (482 plane wave)
 1 1.614802111815758 0.002314814814814792
 2 7.627548996590181 0.001778702592292495
 3 13.66612458740188 0.000000000000000
 4 13.77227717977141 0.000000000000000
 5 19.92243772036398 0.000000000000000
 6 25.40547648087455 0.000000000000000
 7 26.53102490579317 0.000000000000000
 8 32.10185605053191 0.000000000000000
 9 32.34319745839460 0.000000000000000
 10 37.45430040955924 0.000000000000000
 11 39.18830976257112 0.000000000000000
 12 43.53817228551139 0.000000000000000

 spin=1 k-point=832/868 Cartesian=0.06172839506172872 0.1851851851851855 0.06172839506172873 (477 plane wave)
 1 2.552350129391460 0.002314814814814792
 2 7.070596483798401 0.002312158036834717
 3 11.70277827473709 0.000000000000000
 4 15.31880242344506 0.000000000000000
 5 17.20590087537064 0.000000000000000
 6 25.36276880687507 0.000000000000000
 7 29.08332579960366 0.000000000000000
 8 31.10468530041792 0.000000000000000
 9 34.54229005299413 0.000000000000000
 10 38.13167743138465 0.000000000000000
 11 40.47002683552416 0.000000000000000
 12 42.84269563285350 0.000000000000000

 spin=1 k-point=833/868 Cartesian=-0.04115226337448647 0.2880658436214007 -0.08230452674896972 (477 plane wave)
 1 3.856892160414107 0.002314814814814792
 2 6.871961456549074 0.002314449956398135
 3 10.02935337247517 2.847458850355440e-13
 4 12.94166710496948 0.000000000000000
 5 19.20788901690114 0.000000000000000
 6 25.17980656950205 0.000000000000000
 7 28.28760407048042 0.000000000000000
 8 33.77325453611434 0.000000000000000
 9 35.02396493593548 0.000000000000000
 10 37.41207875001179 0.000000000000000
 11 41.02492984181828 0.000000000000000
 12 43.68865324910288 0.000000000000000

 spin=1 k-point=834/868 Cartesian=-0.02057613168724135 0.2674897119341555 -0.1028806584362149 (476 plane wave)
 1 5.499607839213124 0.002314814814414722
 2 7.009835546035535 0.002313367040633658
 3 8.764429519587358 8.870266204115414e-08
 4 10.24105608058197 3.428025565302775e-14
 5 22.25732253141479 0.000000000000000
 6 25.27599637681427 0.000000000000000
 7 27.06225701471112 0.000000000000000
 8 30.23438054705747 0.000000000000000
 9 38.99041061507671 0.000000000000000
 10 40.45880783863772 0.000000000000000
 11 42.64733611012579 0.000000000000000
 12 44.09105637578699 0.000000000000000

 spin=1 k-point=835/868 Cartesian=0.2469135802469139 0.000000000000000 -0.1234567901234565 (488 plane wave)
 1 7.086127079139951 0.002311712255745811
 2 7.086127254908605 0.002311712250299788
 3 8.290157859317866 1.013407164060774e-05
 4 8.314017154469759 7.990392444852245e-06
 5 25.38385951279485 0.000000000000000
 6 25.38385952381695 0.000000000000000
 7 25.45446341875606 0.000000000000000
 8 27.90566195229475 0.000000000000000
 9 42.12760894033966 0.000000000000000
 10 43.98602875132149 0.000000000000000
 11 43.98602882665369 0.000000000000000
 12 43.99454848896283 0.000000000000000

 spin=1 k-point=836/868 Cartesian=0.2263374485596723 0.02057613168724192 -0.1028806584362149 (476 plane wave)
 1 5.499607841096684 0.002314814814414722
 2 7.009835545642983 0.002313367040639338
 3 8.764429519417332 8.870266219196591e-08
 4 10.24105607808822 3.428025650789391e-14
 5 22.25732252975378 0.000000000000000
 6 25.27599637870514 0.000000000000000
 7 27.06225701658785 0.000000000000000
 8 30.23438054791795 0.000000000000000
 9 38.99041064173377 0.000000000000000
 10 40.45880778878337 0.000000000000000
 11 42.64733611913052 0.000000000000000
 12 44.09105638733228 0.000000000000000

 spin=1 k-point=837/868 Cartesian=0.2057613168724272 0.04115226337448707 -0.08230452674896972 (477 plane wave)
 1 3.856892161891360 0.002314814814814792
 2 6.871961455956479 0.002314449956400297
 3 10.02935337326071 2.847458827987527e-13
 4 12.94166710026808 0.000000000000000
 5 19.20788901749110 0.000000000000000
 6 25.17980657252232 0.000000000000000
 7 28.28760406819258 0.000000000000000
 8 33.77325455967360 0.000000000000000
 9 35.02396491598185 0.000000000000000
 10 37.41207874079383 0.000000000000000
 11 41.02492985071774 0.000000000000000
 12 43.68865325545237 0.000000000000000

 spin=1 k-point=838/868 Cartesian=0.2057613168724275 0.04115226337448676 -0.04115226337448676 (472 plane wave)
 1 3.100702806458181 0.002314814814814792
 2 9.108515115755418 2.841892457634424e-09
 3 9.284171225142652 4.906175771864547e-10
 4 14.37291385961118 0.000000000000000
 5 16.24712660075183 0.000000000000000
 6 21.60369778818572 0.000000000000000
 7 32.67217293808844 0.000000000000000
 8 34.44992700977380 0.000000000000000
 9 38.68764543854403 0.000000000000000
 10 39.25159128364247 0.000000000000000
 11 41.33542397135969 0.000000000000000
 12 44.30788952994818 0.000000000000000

 spin=1 k-point=839/868 Cartesian=0.1851851851851855 0.06172839506172870 -0.02057613168724482 (476 plane wave)
 1 2.048052938562899 0.002314814814814792
 2 9.516477921169455 4.806708411561669e-11
 3 11.20714255093553 0.000000000000000
 4 12.65436354540381 0.000000000000000
 5 18.82074246975965 0.000000000000000
 6 22.04849463379055 0.000000000000000
 7 29.42691121881434 0.000000000000000
 8 35.52684601924264 0.000000000000000
 9 36.94381521737517 0.000000000000000
 10 38.30833069500086 0.000000000000000
 11 40.64569014662764 0.000000000000000
 12 41.87222715557615 0.000000000000000

 spin=1 k-point=840/868 Cartesian=0.1646090534979404 0.08230452674897384 0.000000000000000 (481 plane wave)
 1 1.362573065679607 0.002314814814814792
 2 9.878294991325085 1.289721177086187e-12
 3 10.98754221437900 0.000000000000000
 4 13.50321319270593 0.000000000000000
 5 22.08425104926738 0.000000000000000
 6 23.11279623516845 0.000000000000000
 7 25.98737515369409 0.000000000000000
 8 34.16830371225075 0.000000000000000
 9 35.33938359998534 0.000000000000000
 10 37.29794166808587 0.000000000000000
 11 37.91664868875124 0.000000000000000
 12 39.54296705216363 0.000000000000000

 spin=1 k-point=841/868 Cartesian=0.1440329218106987 0.1028806584362155 0.02057613168724196 (479 plane wave)
 1 1.050845561731480 0.002314814814814792
 2 8.522553593877749 9.959108489187722e-07
 3 11.73316695292529 0.000000000000000
 4 16.12365921731650 0.000000000000000
 5 22.23322559933224 0.000000000000000
 6 23.89695936171998 0.000000000000000
 7 26.93236071246013 0.000000000000000
 8 30.08340070839478 0.000000000000000
 9 33.09695755716950 0.000000000000000
 10 34.85204184256708 0.000000000000000
 11 38.00374151997367 0.000000000000000
 12 40.93568911908653 0.000000000000000

 spin=1 k-point=842/868 Cartesian=0.1234567901234571 0.1234567901234571 0.04115226337448358 (483 plane wave)
 1 1.114931128972435 0.002314814814814792
 2 7.129633901132142 0.002310024647638983
 3 13.24120216731699 0.000000000000000
 4 18.37915972274713 0.000000000000000
 5 20.21435164114466 0.000000000000000
 6 24.63588876093837 0.000000000000000
 7 26.41344946511986 0.000000000000000
 8 30.69364989461354 0.000000000000000
 9 31.21074443432656 0.000000000000000
 10 33.22367210790834 0.000000000000000
 11 38.07232125140906 0.000000000000000
 12 43.18380682623316 0.000000000000000

 spin=1 k-point=843/868 Cartesian=0.1028806584362120 0.1440329218107023 0.06172839506172873 (475 plane wave)
 1 1.555243490899514 0.002314814814814792
 2 6.076242838645280 0.002314814687044493
 3 15.10683980214026 0.000000000000000
 4 16.61121140228981 0.000000000000000
 5 21.18257579397196 0.000000000000000
 6 23.03719642188132 0.000000000000000
 7 27.56108853905173 0.000000000000000
 8 28.98520428535238 0.000000000000000
 9 30.78218388496075 0.000000000000000
 10 36.43277116987486 0.000000000000000
 11 38.63497650326611 0.000000000000000
 12 42.73903048685418 0.000000000000000

 spin=1 k-point=844/868 Cartesian=0.08230452674897035 0.1646090534979439 0.08230452674897035 (478 plane wave)
 1 2.371022961444597 0.002314814814814792
 2 5.388012035149943 0.002314814814683728
 3 14.48151262064649 0.000000000000000
 4 16.63728681908341 0.000000000000000
 5 18.47802806997906 0.000000000000000
 6 25.87117141453040 0.000000000000000
 7 27.52070779166683 0.000000000000000
 8 29.53057253799688 0.000000000000000
 9 30.53103307665019 0.000000000000000
 10 37.91756343141084 0.000000000000000
 11 40.09354932694716 0.000000000000000
 12 41.22679854634665 0.000000000000000

 spin=1 k-point=845/868 Cartesian=-0.06172839506172809 0.3086419753086423 -0.1028806584362113 (476 plane wave)
 1 3.559814643363149 0.002314814814814792
 2 5.069348477693691 0.002314814814809377
 3 12.68597440516873 0.000000000000000
 4 14.12332065815154 0.000000000000000
 5 20.36377469032750 0.000000000000000
 6 24.86117422390252 0.000000000000000
 7 29.22591742775769 0.000000000000000
 8 31.27238233153618 0.000000000000000
 9 32.48579407696758 0.000000000000000
 10 34.43404718470124 0.000000000000000
 11 40.55551327752400 0.000000000000000
 12 41.93937623587175 0.000000000000000

 spin=1 k-point=846/868 Cartesian=0.2880658436213972 -0.04115226337448297 -0.1234567901234565 (478 plane wave)
 1 5.094649328140871 0.002314814814807819
 2 5.136576605535778 0.002314814814804186
 3 11.24154693602962 0.000000000000000
 4 11.28265390024710 0.000000000000000
 5 22.88609997371627 0.000000000000000
 6 23.92111724165517 0.000000000000000
 7 28.96111302484980 0.000000000000000
 8 30.14911149161892 0.000000000000000
 9 35.72988347013807 0.000000000000000
 10 35.84247245107206 0.000000000000000
 11 41.82137072528614 0.000000000000000
 12 42.40672898836803 0.000000000000000

 spin=1 k-point=847/868 Cartesian=0.2674897119341555 -0.02057613168724132 -0.1028806584362149 (476 plane wave)
 1 5.499607839216260 0.002314814814414722
 2 7.009835545806840 0.002313367040636967
 3 8.764429520211994 8.870266148710584e-08
 4 10.24105608007212 3.428025582780719e-14
 5 22.25732253302679 0.000000000000000
 6 25.27599637469914 0.000000000000000
 7 27.06225701514645 0.000000000000000
 8 30.23438054690029 0.000000000000000
 9 38.99041061203599 0.000000000000000
 10 40.45880784411734 0.000000000000000
 11 42.64733611265721 0.000000000000000
 12 44.09105637150044 0.000000000000000

 spin=1 k-point=848/868 Cartesian=0.2469135802469139 0.000000000000000 -0.08230452674897323 (478 plane wave)
 1 5.816199990413307 0.002314814805328905
 2 7.073056434067118 0.002312091948743177
 3 8.862725136850440 3.319361266189227e-08
 4 9.997278782799494 3.924240935774331e-13
 5 21.07544319582106 0.000000000000000
 6 22.35485502935086 0.000000000000000
 7 30.19161012534045 0.000000000000000
 8 31.47384647994612 0.000000000000000
 9 41.68644853363454 0.000000000000000
 10 42.72581778457320 0.000000000000000
 11 43.53846125454329 0.000000000000000
 12 43.69745047144693 0.000000000000000

 spin=1 k-point=849/868 Cartesian=0.2263374485596688 0.02057613168724545 -0.06172839506172809 (478 plane wave)
 1 4.490764518468614 0.002314814814814775
 2 7.771388787187353 0.001019693504063586
 3 9.012150681485396 7.449245685278497e-09
 4 12.15399722761217 0.000000000000000
 5 18.32844998282049 0.000000000000000
 6 21.58713797664584 0.000000000000000
 7 31.84982741016638 0.000000000000000
 8 34.92830609142651 0.000000000000000
 9 38.14494044223389 0.000000000000000
 10 41.24641081001302 0.000000000000000
 11 42.76601986945423 0.000000000000000
 12 44.38218831128666 0.000000000000000

 spin=1 k-point=850/868 Cartesian=0.2263374485596726 0.02057613168724162 -0.02057613168724162 (470 plane wave)
 1 3.985838709919869 0.002314814814814792
 2 7.273248800219224 0.002294807351744657
 3 11.45769358517314 0.000000000000000
 4 13.80440897545481 0.000000000000000
 5 15.49122779009372 0.000000000000000
 6 18.36178268005830 0.000000000000000
 7 36.60323892339070 0.000000000000000
 8 38.06297043109990 0.000000000000000
 9 39.55339735534292 0.000000000000000
 10 41.72563895058698 0.000000000000000
 11 42.90943547303121 0.000000000000000
 12 43.91486369293191 0.000000000000000

 spin=1 k-point=851/868 Cartesian=0.2057613168724307 0.04115226337448356 0.000000000000000 (471 plane wave)
 1 2.848480100838731 0.002314814814814792
 2 9.035116945053359 5.920676673791174e-09
 3 11.39482682279283 0.000000000000000
 4 12.31605287581936 0.000000000000000
 5 17.52996888272708 0.000000000000000
 6 19.10854345742553 0.000000000000000
 7 33.15146177001250 0.000000000000000
 8 38.62289784311389 0.000000000000000
 9 38.98143713388958 0.000000000000000
 10 40.22861041397075 0.000000000000000
 11 42.10996564437728 0.000000000000000
 12 42.84462580225707 0.000000000000000

 spin=1 k-point=852/868 Cartesian=0.1851851851851855 0.06172839506172870 0.02057613168724546 (476 plane wave)
 1 2.048052938284903 0.002314814814814792
 2 9.516477920678357 4.806708435167386e-11
 3 11.20714254956117 0.000000000000000
 4 12.65436354873916 0.000000000000000
 5 18.82074247134484 0.000000000000000
 6 22.04849463058209 0.000000000000000
 7 29.42691122048134 0.000000000000000
 8 35.52684600136230 0.000000000000000
 9 36.94381524788585 0.000000000000000
 10 38.30833069000276 0.000000000000000
 11 40.64569013112408 0.000000000000000
 12 41.87222715384835 0.000000000000000

 spin=1 k-point=853/868 Cartesian=0.1646090534979439 0.08230452674897033 0.04115226337448711 (482 plane wave)
 1 1.614802111831842 0.002314814814814792
 2 7.627548996489338 0.001778702592707918
 3 13.66612456856861 0.000000000000000
 4 13.77227719878864 0.000000000000000
 5 19.92243772213700 0.000000000000000
 6 25.40547648370119 0.000000000000000
 7 26.53102489753935 0.000000000000000
 8 32.10185603535021 0.000000000000000
 9 32.34319747695523 0.000000000000000
 10 37.45430041710329 0.000000000000000
 11 39.18830975494985 0.000000000000000
 12 43.53817228829103 0.000000000000000

 spin=1 k-point=854/868 Cartesian=0.1440329218107023 0.1028806584362120 0.06172839506172873 (475 plane wave)
 1 1.555243490913686 0.002314814814814792
 2 6.076242838597777 0.002314814687044493
 3 15.10683980043375 0.000000000000000
 4 16.61121140438272 0.000000000000000
 5 21.18257579901239 0.000000000000000
 6 23.03719641536028 0.000000000000000
 7 27.56108853517326 0.000000000000000
 8 28.98520429119220 0.000000000000000
 9 30.78218388304114 0.000000000000000
 10 36.43277117475449 0.000000000000000
 11 38.63497649936638 0.000000000000000
 12 42.73903049164920 0.000000000000000

 spin=1 k-point=855/868 Cartesian=0.1234567901234571 0.1234567901234571 0.08230452674897387 (480 plane wave)
 1 1.871246368402131 0.002314814814814792
 2 4.889194118591988 0.002314814814813898
 3 16.86185820509866 0.000000000000000
 4 19.08131376842427 0.000000000000000
 5 20.79001304671374 0.000000000000000
 6 22.41627748282343 0.000000000000000
 7 24.45558137178661 0.000000000000000
 8 26.57352523479979 0.000000000000000
 9 34.47188545650985 0.000000000000000
 10 36.00583833706000 0.000000000000000
 11 38.79214227382904 0.000000000000000
 12 41.79622800965168 0.000000000000000

 spin=1 k-point=856/868 Cartesian=0.1028806584362155 0.1440329218106987 0.1028806584362155 (473 plane wave)
 1 2.562866159879080 0.002314814814814792
 2 4.073602595405721 0.002314814814814792
 3 17.53574903683379 0.000000000000000
 4 18.30526116338426 0.000000000000000
 5 20.00659025082119 0.000000000000000
 6 23.06554134034585 0.000000000000000
 7 25.12398153669242 0.000000000000000
 8 25.78109015878759 0.000000000000000
 9 34.40727882013954 0.000000000000000
 10 38.01113360026861 0.000000000000000
 11 39.96478395123890 0.000000000000000
 12 40.01494627146706 0.000000000000000

 spin=1 k-point=857/868 Cartesian=0.3292181069958874 -0.08230452674897323 -0.1234567901234565 (468 plane wave)
 1 3.599676638059885 0.002314814814814792
 2 3.660925118133686 0.002314814814814792
 3 15.60168601086854 0.000000000000000
 4 15.74124889561153 0.000000000000000
 5 21.37627484773077 0.000000000000000
 6 22.48343478403827 0.000000000000000
 7 28.08777824524467 0.000000000000000
 8 28.30255050763316 0.000000000000000
 9 33.48891211899063 0.000000000000000
 10 34.74777626966522 0.000000000000000
 11 40.30623019965150 0.000000000000000
 12 40.70588495823682 0.000000000000000

 spin=1 k-point=858/868 Cartesian=0.3086419753086423 -0.06172839506172812 -0.1028806584362113 (476 plane wave)
 1 3.559814643432791 0.002314814814814792
 2 5.069348477578737 0.002314814814809377
 3 12.68597440507257 0.000000000000000
 4 14.12332065810485 0.000000000000000
 5 20.36377469225046 0.000000000000000
 6 24.86117422067455 0.000000000000000
 7 29.22591742992975 0.000000000000000
 8 31.27238232914983 0.000000000000000
 9 32.48579407620532 0.000000000000000
 10 34.43404718742185 0.000000000000000
 11 40.55551328109335 0.000000000000000
 12 41.93937623341102 0.000000000000000

 spin=1 k-point=859/868 Cartesian=0.2880658436214007 -0.04115226337448647 -0.08230452674896972 (477 plane wave)
 1 3.856892160456756 0.002314814814814792
 2 6.871961456338107 0.002314449956398905
 3 10.02935337269589 2.847458844070716e-13
 4 12.94166710459765 0.000000000000000
 5 19.20788901847469 0.000000000000000
 6 25.17980656828237 0.000000000000000
 7 28.28760406938294 0.000000000000000
 8 33.77325453479548 0.000000000000000
 9 35.02396493507374 0.000000000000000
 10 37.41207875447236 0.000000000000000
 11 41.02492984462992 0.000000000000000
 12 43.68865324880182 0.000000000000000

 spin=1 k-point=860/868 Cartesian=0.2674897119341590 -0.02057613168724485 -0.06172839506172808 (478 plane wave)
 1 4.490764517866600 0.002314814814814775
 2 7.771388786818830 0.001019693506166047
 3 9.012150681177930 7.449245708182379e-09
 4 12.15399723058952 0.000000000000000
 5 18.32844998276031 0.000000000000000
 6 21.58713797492801 0.000000000000000
 7 31.84982741253182 0.000000000000000
 8 34.92830608491601 0.000000000000000
 9 38.14494043478191 0.000000000000000
 10 41.24641083740213 0.000000000000000
 11 42.76601987213304 0.000000000000000
 12 44.38218830358651 0.000000000000000

 spin=1 k-point=861/868 Cartesian=0.2469135802469139 0.000000000000000 -0.04115226337448293 (472 plane wave)
 1 5.054009929624195 0.002314814814810147
 2 6.331273561942456 0.002314813177944545
 3 11.14103983016550 0.000000000000000
 4 12.06674773703992 0.000000000000000
 5 17.27674790020558 0.000000000000000
 6 18.87653481507600 0.000000000000000
 7 35.47760116679016 0.000000000000000
 8 36.31358020009830 0.000000000000000
 9 41.12443365237097 0.000000000000000
 10 41.95477500268615 0.000000000000000
 11 42.79959095148057 0.000000000000000
 12 43.19240304533950 0.000000000000000

 spin=1 k-point=862/868 Cartesian=0.2469135802469142 0.000000000000000 0.000000000000000 (468 plane wave)
 1 4.799916800895546 0.001157407407407213
 2 6.083440537065557 0.001157407338754458
 3 13.61478500557601 0.000000000000000
 4 13.61478501345812 0.000000000000000
 5 14.29603611949465 0.000000000000000
 6 16.84711252733799 0.000000000000000
 7 39.90468945500624 0.000000000000000
 8 40.91388667261558 0.000000000000000
 9 40.91388669611013 0.000000000000000
 10 40.93414223084167 0.000000000000000
 11 42.49528172211294 0.000000000000000
 12 42.55186609852274 0.000000000000000

 spin=1 k-point=863/868 Cartesian=0.2263374485596723 0.02057613168724194 0.02057613168724196 (470 plane wave)
 1 3.985838709749215 0.002314814814814792
 2 7.273248800215870 0.002294807351745322
 3 11.45769358292567 0.000000000000000
 4 13.80440898342329 0.000000000000000
 5 15.49122778466265 0.000000000000000
 6 18.36178267992020 0.000000000000000
 7 36.60323893420416 0.000000000000000
 8 38.06297041237703 0.000000000000000
 9 39.55339735113187 0.000000000000000
 10 41.72563896331838 0.000000000000000
 11 42.90943547681945 0.000000000000000
 12 43.91486370422435 0.000000000000000

 spin=1 k-point=864/868 Cartesian=0.2057613168724271 0.04115226337448708 0.04115226337448708 (472 plane wave)
 1 3.100702805957918 0.002314814814814792
 2 9.108515115021678 2.841892478486500e-09
 3 9.284171224798285 4.906175788759743e-10
 4 14.37291386784453 0.000000000000000
 5 16.24712659605488 0.000000000000000
 6 21.60369778601291 0.000000000000000
 7 32.67217294739751 0.000000000000000
 8 34.44992699259564 0.000000000000000
 9 38.68764543313176 0.000000000000000
 10 39.25159131031147 0.000000000000000
 11 41.33542396193247 0.000000000000000
 12 44.30788954825091 0.000000000000000

 spin=1 k-point=865/868 Cartesian=0.1851851851851855 0.06172839506172871 0.06172839506172873 (477 plane wave)
 1 2.552350129422930 0.002314814814814792
 2 7.070596483640775 0.002312158036838899
 3 11.70277827454282 0.000000000000000
 4 15.31880242264580 0.000000000000000
 5 17.20590087778598 0.000000000000000
 6 25.36276880650641 0.000000000000000
 7 29.08332579325053 0.000000000000000
 8 31.10468530313257 0.000000000000000
 9 34.54229005507516 0.000000000000000
 10 38.13167743154288 0.000000000000000
 11 40.47002684285417 0.000000000000000
 12 42.84269563479835 0.000000000000000

 spin=1 k-point=866/868 Cartesian=0.1646090534979439 0.08230452674897035 0.08230452674897035 (478 plane wave)
 1 2.371022961482361 0.002314814814814792
 2 5.388012035062212 0.002314814814683728
 3 14.48151261965110 0.000000000000000
 4 16.63728681942455 0.000000000000000
 5 18.47802807272810 0.000000000000000
 6 25.87117140702869 0.000000000000000
 7 27.52070779400501 0.000000000000000
 8 29.53057254368774 0.000000000000000
 9 30.53103307292945 0.000000000000000
 10 37.91756343206189 0.000000000000000
 11 40.09354933547307 0.000000000000000
 12 41.22679854573407 0.000000000000000

 spin=1 k-point=867/868 Cartesian=0.1440329218106987 0.1028806584362155 0.1028806584362155 (473 plane wave)
 1 2.562866159904297 0.002314814814814792
 2 4.073602595368746 0.002314814814814792
 3 17.53574903264323 0.000000000000000
 4 18.30526116718507 0.000000000000000
 5 20.00659025592431 0.000000000000000
 6 23.06554132939216 0.000000000000000
 7 25.12398154555144 0.000000000000000
 8 25.78109015627296 0.000000000000000
 9 34.40727881821988 0.000000000000000
 10 38.01113360217128 0.000000000000000
 11 39.96478396126794 0.000000000000000
 12 40.01494626769743 0.000000000000000

 spin=1 k-point=868/868 Cartesian=0.1234567901234571 0.1234567901234571 0.1234567901234571 (476 plane wave)
 1 3.097266936054419 0.001157407407407396
 2 3.164448863024579 0.001157407407407396
 3 19.82845744624201 0.000000000000000
 4 19.82845761700298 0.000000000000000
 5 21.16292892738721 0.000000000000000
 6 21.16292910898096 0.000000000000000
 7 22.90159258318931 0.000000000000000
 8 23.85221458470061 0.000000000000000
 9 38.17575146231468 0.000000000000000
 10 38.17575147295825 0.000000000000000
 11 39.47585481193523 0.000000000000000
 12 39.47585482494269 0.000000000000000

